EPI_ISL_1211|Human|H1N1|1918|NorthAmerica|seasonal,1918,-232.6,47.9710144927536,690,690,46.9565217391304,48.4782608695652
EPI_ISL_69816|Human|H1N1|1933.025|Europe|seasonal,1933.025,-220.8,47.2463768115942,690,690,44.3478260869565,48.695652173913
EPI_ISL_90462|Human|H1N1|1933.414|Europe|,1933.414,-220.8,47.3913043478261,690,690,44.3478260869565,48.9130434782609
EPI_ISL_66109|Human|H1N1|1932|Europe|seasonal,1932,-218.7,47.3913043478261,690,690,44.7826086956522,48.695652173913
EPI_ISL_66108|Human|H1N1|1932|NorthAmerica|seasonal,1932,-226.4,47.8260869565217,690,690,46.0869565217391,48.695652173913
EPI_ISL_69745|Human|H1N1|1933|Europe|seasonal,1933,-226.4,47.6811594202899,690,690,45.6521739130435,48.695652173913
EPI_ISL_69822|Human|H1N1|1933|Europe|seasonal,1933,-226.4,47.6811594202899,690,690,45.6521739130435,48.695652173913
EPI_ISL_147186|Human|H1N1|1935|NorthAmerica|,1935,-214.9,47.6811594202899,690,690,45.2173913043478,48.9130434782609
EPI_ISL_69244|Human|H1N1|1945|NorthAmerica|seasonal,1945,-217.1,47.1014492753623,690,690,45.2173913043478,48.0434782608696
EPI_ISL_84909|Human|H1N1|1948|NorthAmerica|,1948,-215.2,47.536231884058,690,690,46.0869565217391,48.2608695652174
EPI_ISL_69277|Human|H1N1|1943|NorthAmerica|seasonal,1943,-213.1,47.172619047619,672,672,45.0892857142857,48.2142857142857
EPI_ISL_69245|Human|H1N1|1943|NorthAmerica|seasonal,1943,-218.1,47.1014492753623,690,690,44.7826086956522,48.2608695652174
EPI_ISL_5169|Human|H1N1|1947|NorthAmerica|seasonal,1947,-212.6,46.4135021097046,711,711,44.3037974683544,47.4683544303797
EPI_ISL_147188|Human|H1N1|1947|NorthAmerica|,1947,-213.4,46.2728551336146,711,711,44.3037974683544,47.2573839662447
EPI_ISL_6974|Human|H1N1|1954|Asia|seasonal,1954,-219.6,46.4135021097046,711,711,44.7257383966245,47.2573839662447
EPI_ISL_66101|Human|H1N1|1954|Asia|seasonal,1954,-219.6,46.4135021097046,711,711,44.7257383966245,47.2573839662447
EPI_ISL_143167|Human|H1N1|1954|Asia|,1954,-219.6,46.4135021097046,711,711,44.7257383966245,47.2573839662447
EPI_ISL_84910|Human|H1N1|1951|Europe|,1951,-217.9,46.5541490857947,711,711,45.1476793248945,47.2573839662447
EPI_ISL_7072|Human|H1N1|1951|NorthAmerica|seasonal,1951,-216.7,46.4135021097046,711,711,44.7257383966245,47.2573839662447
EPI_ISL_7093|Human|H1N1|1951|NorthAmerica|seasonal,1951,-218.2,46.5541490857947,711,711,45.5696202531646,47.0464135021097
EPI_ISL_7084|Human|H1N1|1951|NorthAmerica|seasonal,1951,-214.9,46.2728551336146,711,711,44.7257383966245,47.0464135021097
EPI_ISL_7063|Human|H1N1|1951|NorthAmerica|seasonal,1951,-217.9,46.5541490857947,711,711,45.1476793248945,47.2573839662447
EPI_ISL_66094|Human|H1N1|1957|NorthAmerica|seasonal,1957,-217.7,46.056338028169,710,711,43.8818565400844,47.1458773784355
EPI_ISL_143164|Human|H1N1|1957|NorthAmerica|,1957,-218.3,46.1322081575246,711,711,43.8818565400844,47.2573839662447
EPI_ISL_130407|Human|H1N1|1957|Asia|,1957,-216.2,45.9915611814346,711,711,43.8818565400844,47.0464135021097
EPI_ISL_84889|Human|H1N1|1953|Europe|,1953,-218,46.4135021097046,711,711,45.1476793248945,47.0464135021097
EPI_ISL_84886|Human|H1N1|1954|Europe|,1954,-219.3,46.5541490857947,711,711,45.1476793248945,47.2573839662447
EPI_ISL_66099|Human|H1N1|1950|NorthAmerica|seasonal,1950,-216.8,46.4135021097046,711,711,45.1476793248945,47.0464135021097
EPI_ISL_147187|Human|H1N1|1950|NorthAmerica|,1950,-216.8,46.4135021097046,711,711,45.1476793248945,47.0464135021097
EPI_ISL_147189|Human|H1N1|1946|NorthAmerica|,1946,-217.8,46.5541490857947,711,711,43.8818565400844,47.8902953586498
EPI_ISL_69268|Human|H1N1|1939|NorthAmerica|seasonal,1939,-220.1,46.4135021097046,711,711,43.8818565400844,47.6793248945148
EPI_ISL_143169|Human|H1N1|1940|NorthAmerica|,1940,-220.1,46.4135021097046,711,711,43.8818565400844,47.6793248945148
EPI_ISL_66093|Human|H1N1|1946|NorthAmerica|seasonal,1946,-208.1,46.8509984639017,651,651,44.7004608294931,47.926267281106
EPI_ISL_84890|Human|H1N1|1948|Europe|,1948,-219.4,46.8115942028985,690,690,43.9130434782609,48.2608695652174
EPI_ISL_66092|Human|H1N1|1942|NorthAmerica|seasonal,1942,-210.7,47.1014492753623,690,690,45.2173913043478,48.0434782608696
EPI_ISL_143168|Human|H1N1|1942|NorthAmerica|,1942,-210.7,47.1014492753623,690,690,45.2173913043478,48.0434782608696
EPI_ISL_66102|Human|H1N1|1934|Oceania|seasonal,1934,-217.8,47.6811594202899,690,690,45.6521739130435,48.695652173913
EPI_ISL_147194|Human|H1N1|1935|Oceania|,1935,-217.8,47.6811594202899,690,690,45.6521739130435,48.695652173913
EPI_ISL_69777|Human|H1N1|1946|Oceania|seasonal,1946,-213.5,47.536231884058,690,690,45.2173913043478,48.695652173913
EPI_ISL_69288|Human|H1N1|1946|Oceania|seasonal,1946,-214.4,47.6811594202899,690,690,45.2173913043478,48.9130434782609
EPI_ISL_69300|Human|H1N1|1935|NorthAmerica|seasonal,1935,-225.1,48.1159420289855,690,690,45.6521739130435,49.3478260869565
EPI_ISL_69267|Human|H1N1|1936|NorthAmerica|seasonal,1936,-229.3,48.1159420289855,690,690,45.2173913043478,49.5652173913044
EPI_ISL_381064|Human|H1N1|1934|NorthAmerica|,1934,-231.2,47.9710144927536,690,690,44.3478260869565,49.7826086956522
EPI_ISL_73426|Human|H1N1|1934|NorthAmerica|,1934,-232.7,47.3913043478261,690,690,42.6086956521739,49.7826086956522
EPI_ISL_143160|Human|H1N1|1934|NorthAmerica|,1934,-229.5,47.8260869565217,690,690,43.4782608695652,50
EPI_ISL_147173|Human|H1N1|1934|NorthAmerica|,1934,-229.5,47.8260869565217,690,690,43.4782608695652,50
EPI_ISL_123173|Human|H1N1|1993|NorthAmerica|,1993,-212.6,46.0869565217391,690,690,44.7826086956522,46.7391304347826
EPI_ISL_5621|Human|H1N1|1995.578|NorthAmerica|seasonal,1995.578,-214,45.7971014492754,690,690,45.2173913043478,46.0869565217391
EPI_ISL_503069|Human|H1N1|1996|SouthAmerica|,1996,-219.3,46.3768115942029,690,690,45.6521739130435,46.7391304347826
EPI_ISL_147193|Human|H1N1|1991|NorthAmerica|,1991,-220.6,46.8115942028985,690,690,45.6521739130435,47.3913043478261
EPI_ISL_368441|Human|H1N1|2014.871|NorthAmerica|,2014.871,-221.2,46.9565217391304,690,690,45.6521739130435,47.6086956521739
EPI_ISL_368433|Human|H1N1|2014.83|NorthAmerica|,2014.83,-221.2,46.9565217391304,690,690,45.6521739130435,47.6086956521739
EPI_ISL_368426|Human|H1N1|2014.83|NorthAmerica|,2014.83,-221.2,46.9565217391304,690,690,45.6521739130435,47.6086956521739
EPI_ISL_368465|Human|H1N1|2014.964|NorthAmerica|,2014.964,-221.2,46.9565217391304,690,690,45.6521739130435,47.6086956521739
EPI_ISL_368464|Human|H1N1|2014.964|NorthAmerica|,2014.964,-221.2,46.9565217391304,690,690,45.6521739130435,47.6086956521739
EPI_ISL_368463|Human|H1N1|2014.964|NorthAmerica|,2014.964,-221.2,46.9565217391304,690,690,45.6521739130435,47.6086956521739
EPI_ISL_368462|Human|H1N1|2014.964|NorthAmerica|,2014.964,-221.2,46.9565217391304,690,690,45.6521739130435,47.6086956521739
EPI_ISL_368461|Human|H1N1|2014.964|NorthAmerica|,2014.964,-221.2,46.9565217391304,690,690,45.6521739130435,47.6086956521739
EPI_ISL_368460|Human|H1N1|2014.964|NorthAmerica|,2014.964,-221.2,46.9565217391304,690,690,45.6521739130435,47.6086956521739
EPI_ISL_368459|Human|H1N1|2014.964|NorthAmerica|,2014.964,-221.2,46.9565217391304,690,690,45.6521739130435,47.6086956521739
EPI_ISL_368458|Human|H1N1|2014.964|NorthAmerica|,2014.964,-221.2,46.9565217391304,690,690,45.6521739130435,47.6086956521739
EPI_ISL_368457|Human|H1N1|2014.964|NorthAmerica|,2014.964,-221.2,46.9565217391304,690,690,45.6521739130435,47.6086956521739
EPI_ISL_368456|Human|H1N1|2014.964|NorthAmerica|,2014.964,-221.2,46.9565217391304,690,690,45.6521739130435,47.6086956521739
EPI_ISL_368455|Human|H1N1|2014.926|NorthAmerica|,2014.926,-221.2,46.9565217391304,690,690,45.6521739130435,47.6086956521739
EPI_ISL_368454|Human|H1N1|2014.926|NorthAmerica|,2014.926,-221.2,46.9565217391304,690,690,45.6521739130435,47.6086956521739
EPI_ISL_368453|Human|H1N1|2014.926|NorthAmerica|,2014.926,-221.2,46.9565217391304,690,690,45.6521739130435,47.6086956521739
EPI_ISL_368452|Human|H1N1|2014.926|NorthAmerica|,2014.926,-221.2,46.9565217391304,690,690,45.6521739130435,47.6086956521739
EPI_ISL_368451|Human|H1N1|2014.926|NorthAmerica|,2014.926,-221.2,46.9565217391304,690,690,45.6521739130435,47.6086956521739
EPI_ISL_368450|Human|H1N1|2014.926|NorthAmerica|,2014.926,-221.2,46.9565217391304,690,690,45.6521739130435,47.6086956521739
EPI_ISL_368449|Human|H1N1|2014.926|NorthAmerica|,2014.926,-221.2,46.9565217391304,690,690,45.6521739130435,47.6086956521739
EPI_ISL_368448|Human|H1N1|2014.926|NorthAmerica|,2014.926,-221.2,46.9565217391304,690,690,45.6521739130435,47.6086956521739
EPI_ISL_368447|Human|H1N1|2014.926|NorthAmerica|,2014.926,-221.2,46.9565217391304,690,690,45.6521739130435,47.6086956521739
EPI_ISL_368446|Human|H1N1|2014.926|NorthAmerica|,2014.926,-221.2,46.9565217391304,690,690,45.6521739130435,47.6086956521739
EPI_ISL_368445|Human|H1N1|2014.871|NorthAmerica|,2014.871,-221.2,46.9565217391304,690,690,45.6521739130435,47.6086956521739
EPI_ISL_368444|Human|H1N1|2014.871|NorthAmerica|,2014.871,-221.2,46.9565217391304,690,690,45.6521739130435,47.6086956521739
EPI_ISL_368443|Human|H1N1|2014.871|NorthAmerica|,2014.871,-221.2,46.9565217391304,690,690,45.6521739130435,47.6086956521739
EPI_ISL_368440|Human|H1N1|2014.871|NorthAmerica|,2014.871,-221.2,46.9565217391304,690,690,45.6521739130435,47.6086956521739
EPI_ISL_368439|Human|H1N1|2014.871|NorthAmerica|,2014.871,-221.2,46.9565217391304,690,690,45.6521739130435,47.6086956521739
EPI_ISL_368438|Human|H1N1|2014.871|NorthAmerica|,2014.871,-221.2,46.9565217391304,690,690,45.6521739130435,47.6086956521739
EPI_ISL_368437|Human|H1N1|2014.871|NorthAmerica|,2014.871,-221.2,46.9565217391304,690,690,45.6521739130435,47.6086956521739
EPI_ISL_368436|Human|H1N1|2014.871|NorthAmerica|,2014.871,-221.2,46.9565217391304,690,690,45.6521739130435,47.6086956521739
EPI_ISL_368435|Human|H1N1|2014.83|NorthAmerica|,2014.83,-221.2,46.9565217391304,690,690,45.6521739130435,47.6086956521739
EPI_ISL_368434|Human|H1N1|2014.83|NorthAmerica|,2014.83,-221.2,46.9565217391304,690,690,45.6521739130435,47.6086956521739
EPI_ISL_368432|Human|H1N1|2014.83|NorthAmerica|,2014.83,-221.2,46.9565217391304,690,690,45.6521739130435,47.6086956521739
EPI_ISL_368431|Human|H1N1|2014.83|NorthAmerica|,2014.83,-221.2,46.9565217391304,690,690,45.6521739130435,47.6086956521739
EPI_ISL_368430|Human|H1N1|2014.83|NorthAmerica|,2014.83,-221.2,46.9565217391304,690,690,45.6521739130435,47.6086956521739
EPI_ISL_368429|Human|H1N1|2014.83|NorthAmerica|,2014.83,-221.2,46.9565217391304,690,690,45.6521739130435,47.6086956521739
EPI_ISL_368428|Human|H1N1|2014.83|NorthAmerica|,2014.83,-221.2,46.9565217391304,690,690,45.6521739130435,47.6086956521739
EPI_ISL_368427|Human|H1N1|2014.83|NorthAmerica|,2014.83,-221.2,46.9565217391304,690,690,45.6521739130435,47.6086956521739
EPI_ISL_368425|Human|H1N1|2014.8|NorthAmerica|,2014.8,-221.2,46.9565217391304,690,690,45.6521739130435,47.6086956521739
EPI_ISL_368424|Human|H1N1|2014.8|NorthAmerica|,2014.8,-221.2,46.9565217391304,690,690,45.6521739130435,47.6086956521739
EPI_ISL_368423|Human|H1N1|2014.8|NorthAmerica|,2014.8,-221.2,46.9565217391304,690,690,45.6521739130435,47.6086956521739
EPI_ISL_368422|Human|H1N1|2014.8|NorthAmerica|,2014.8,-221.2,46.9565217391304,690,690,45.6521739130435,47.6086956521739
EPI_ISL_368421|Human|H1N1|2014.8|NorthAmerica|,2014.8,-221.2,46.9565217391304,690,690,45.6521739130435,47.6086956521739
EPI_ISL_368420|Human|H1N1|2014.8|NorthAmerica|,2014.8,-221.2,46.9565217391304,690,690,45.6521739130435,47.6086956521739
EPI_ISL_368419|Human|H1N1|2014.8|NorthAmerica|,2014.8,-221.2,46.9565217391304,690,690,45.6521739130435,47.6086956521739
EPI_ISL_368418|Human|H1N1|2014.8|NorthAmerica|,2014.8,-221.2,46.9565217391304,690,690,45.6521739130435,47.6086956521739
EPI_ISL_368417|Human|H1N1|2014.8|NorthAmerica|,2014.8,-221.2,46.9565217391304,690,690,45.6521739130435,47.6086956521739
EPI_ISL_368416|Human|H1N1|2014.8|NorthAmerica|,2014.8,-221.2,46.9565217391304,690,690,45.6521739130435,47.6086956521739
EPI_ISL_368466|Human|H1N1|2014|NorthAmerica|,2014,-221.2,46.9565217391304,690,690,45.6521739130435,47.6086956521739
EPI_ISL_368442|Human|H1N1|2014.871|NorthAmerica|,2014.871,-221.2,46.9565217391304,690,690,45.6521739130435,47.6086956521739
EPI_ISL_10251|Human|H1N1|1986|Asia|seasonal,1986,-216.5,46.2728551336146,711,711,44.3037974683544,47.2573839662447
EPI_ISL_6837|Human|H1N1|1987|NorthAmerica|seasonal,1987,-215.4,45.9915611814346,711,711,43.8818565400844,47.0464135021097
EPI_ISL_6774|Human|H1N1|1986|NorthAmerica|seasonal,1986,-212.5,45.8509142053446,711,711,43.8818565400844,46.8354430379747
EPI_ISL_6838|Human|H1N1|1987|NorthAmerica|seasonal,1987,-215.3,46.2728551336146,711,711,43.8818565400844,47.4683544303797
EPI_ISL_7081|Human|H1N1|1987|NorthAmerica|seasonal,1987,-215.3,46.2728551336146,711,711,43.8818565400844,47.4683544303797
EPI_ISL_6914|Human|H1N1|1986|NorthAmerica|seasonal,1986,-217.5,45.9915611814346,711,711,44.3037974683544,46.8354430379747
EPI_ISL_7052|Human|H1N1|1986|NorthAmerica|seasonal,1986,-215.4,45.9915611814346,711,711,43.8818565400844,47.0464135021097
EPI_ISL_27634|Human|H1N1|1989.003|Europe|seasonal,1989.003,-222.3,46.4135021097046,711,711,44.7257383966245,47.2573839662447
EPI_ISL_68916|Human|H1N1|1987|Europe|seasonal,1987,-216.6,46.1322081575246,711,711,44.7257383966245,46.8354430379747
EPI_ISL_6905|Human|H1N1|1986|Asia|seasonal,1986,-217.8,46.5541490857947,711,711,44.3037974683544,47.6793248945148
EPI_ISL_173282|Human|H1N1|1986|Oceania|seasonal,1986,-215.9,46.1322081575246,711,711,43.8818565400844,47.2573839662447
EPI_ISL_6902|Human|H1N1|1980|Asia|seasonal,1980,-215.9,45.9915611814346,711,711,44.3037974683544,46.8354430379747
EPI_ISL_5327|Human|H1N1|1980|NorthAmerica|seasonal,1980,-215.6,45.8509142053446,711,711,43.8818565400844,46.8354430379747
EPI_ISL_6972|Human|H1N1|1981|NorthAmerica|seasonal,1981,-213.2,46.1322081575246,711,711,43.8818565400844,47.2573839662447
EPI_ISL_5569|Human|H1N1|1983|NorthAmerica|seasonal,1983,-220.2,46.1322081575246,711,711,44.3037974683544,47.0464135021097
EPI_ISL_5568|Human|H1N1|1983|NorthAmerica|seasonal,1983,-226.4,46.4135021097046,711,711,44.7257383966245,47.2573839662447
EPI_ISL_6835|Human|H1N1|1983|NorthAmerica|seasonal,1983,-218.4,45.9915611814346,711,711,43.8818565400844,47.0464135021097
EPI_ISL_5261|Human|H1N1|1982|NorthAmerica|seasonal,1982,-210.9,45.5696202531646,711,711,42.6160337552743,47.0464135021097
EPI_ISL_5170|Human|H1N1|1982|NorthAmerica|seasonal,1982,-216.9,45.9915611814346,711,711,43.8818565400844,47.0464135021097
EPI_ISL_6154|Human|H1N1|1983|NorthAmerica|seasonal,1983,-216.9,45.9915611814346,711,711,43.8818565400844,47.0464135021097
EPI_ISL_6871|Human|H1N1|1980|NorthAmerica|seasonal,1980,-211.7,45.9915611814346,711,711,44.3037974683544,46.8354430379747
EPI_ISL_6855|Human|H1N1|1978|NorthAmerica|seasonal,1978,-213.9,46.1322081575246,711,711,44.3037974683544,47.0464135021097
EPI_ISL_6870|Human|H1N1|1978|NorthAmerica|seasonal,1978,-213.9,46.1322081575246,711,711,44.3037974683544,47.0464135021097
EPI_ISL_7060|Human|H1N1|1978|NorthAmerica|seasonal,1978,-213.9,46.1322081575246,711,711,44.3037974683544,47.0464135021097
EPI_ISL_6869|Human|H1N1|1978|NorthAmerica|seasonal,1978,-213.9,46.1322081575246,711,711,44.3037974683544,47.0464135021097
EPI_ISL_5135|Human|H1N1|1977|Asia|seasonal,1977,-213.2,46.2728551336146,711,711,44.7257383966245,47.0464135021097
EPI_ISL_5324|Human|H1N1|1978|NorthAmerica|seasonal,1978,-213.9,46.1322081575246,711,711,44.3037974683544,47.0464135021097
EPI_ISL_5134|Human|H1N1|1977|Europe|seasonal,1977,-213.9,46.1322081575246,711,711,44.3037974683544,47.0464135021097
EPI_ISL_5322|Human|H1N1|1978|NorthAmerica|seasonal,1978,-213.8,46.1322081575246,711,711,44.3037974683544,47.0464135021097
EPI_ISL_5373|Human|H1N1|1978|NorthAmerica|seasonal,1978,-213.9,46.1322081575246,711,711,44.3037974683544,47.0464135021097
EPI_ISL_5325|Human|H1N1|1978|NorthAmerica|seasonal,1978,-213.2,45.9915611814346,711,711,43.8818565400844,47.0464135021097
EPI_ISL_5323|Human|H1N1|1978|NorthAmerica|seasonal,1978,-213.9,46.1322081575246,711,711,44.3037974683544,47.0464135021097
EPI_ISL_6454|Human|H1N1|1978|NorthAmerica|seasonal,1978,-213.9,46.1322081575246,711,711,44.3037974683544,47.0464135021097
EPI_ISL_66105|Human|H1N1|1977|Europe|seasonal,1977,-213.9,46.1322081575246,711,711,44.3037974683544,47.0464135021097
EPI_ISL_66104|Human|H1N1|1977|Europe|seasonal,1977,-213.9,46.1322081575246,711,711,44.3037974683544,47.0464135021097
EPI_ISL_127646|Human|H1N1|1977|Europe|,1977,-213.9,46.1322081575246,711,711,44.3037974683544,47.0464135021097
EPI_ISL_243351|Human|H1N1|1977|Europe|,1977,-213.9,46.1322081575246,711,711,44.3037974683544,47.0464135021097
EPI_ISL_5326|Human|H1N1|1978|NorthAmerica|seasonal,1978,-213.9,46.1322081575246,711,711,44.3037974683544,47.0464135021097
EPI_ISL_6915|Human|H1N1|1977|Asia|seasonal,1977,-209.9,45.8509142053446,711,711,43.4599156118143,47.0464135021097
EPI_ISL_147192|Human|H1N1|1951|NorthAmerica|,1951,-212.3,46.1322081575246,711,711,43.8818565400844,47.2573839662447
EPI_ISL_69304|Human|H1N1|1949|Europe|seasonal,1949,-215.4,46.2728551336146,711,711,44.7257383966245,47.0464135021097
EPI_ISL_147190|Human|H1N1|1949|NorthAmerica|,1949,-215.4,46.2728551336146,711,711,44.7257383966245,47.0464135021097
EPI_ISL_6853|Human|H1N1|1948|NorthAmerica|seasonal,1948,-217.9,46.5541490857947,711,711,45.1476793248945,47.2573839662447
EPI_ISL_7048|Human|H1N1|1950|NorthAmerica|seasonal,1950,-217.9,46.5541490857947,711,711,45.1476793248945,47.2573839662447
EPI_ISL_173281|Human|H1N1|1983|Oceania|seasonal,1983,-216.6,45.8509142053446,711,711,44.3037974683544,46.6244725738397
EPI_ISL_6900|Human|H1N1|1983|SouthAmerica|seasonal,1983,-219.8,46.2728551336146,711,711,44.3037974683544,47.2573839662447
EPI_ISL_125876|Human|H1N1|1983|SouthAmerica|,1983,-219.8,46.2728551336146,711,711,44.3037974683544,47.2573839662447
EPI_ISL_6772|Human|H1N1|1983|NorthAmerica|seasonal,1983,-219.8,46.2728551336146,711,711,44.3037974683544,47.2573839662447
EPI_ISL_6786|Human|H1N1|1983|NorthAmerica|seasonal,1983,-219.8,46.2728551336146,711,711,44.3037974683544,47.2573839662447
EPI_ISL_5375|Human|H1N1|1983|NorthAmerica|seasonal,1983,-219.8,46.2728551336146,711,711,44.3037974683544,47.2573839662447
EPI_ISL_6463|Human|H1N1|1983|NorthAmerica|seasonal,1983,-219.8,46.2728551336146,711,711,44.3037974683544,47.2573839662447
EPI_ISL_6516|Human|H1N1|1983|NorthAmerica|seasonal,1983,-219.8,46.2728551336146,711,711,44.3037974683544,47.2573839662447
EPI_ISL_5328|Human|H1N1|1983|NorthAmerica|seasonal,1983,-219.8,46.2728551336146,711,711,44.3037974683544,47.2573839662447
EPI_ISL_5374|Human|H1N1|1983|NorthAmerica|seasonal,1983,-219.8,46.2728551336146,711,711,44.3037974683544,47.2573839662447
EPI_ISL_6517|Human|H1N1|1983|NorthAmerica|seasonal,1983,-219.8,46.2728551336146,711,711,44.3037974683544,47.2573839662447
EPI_ISL_6773|Human|H1N1|1983|NorthAmerica|seasonal,1983,-219.8,46.2728551336146,711,711,44.3037974683544,47.2573839662447
EPI_ISL_6768|Human|H1N1|1983|NorthAmerica|seasonal,1983,-217.2,46.1322081575246,711,711,43.8818565400844,47.2573839662447
EPI_ISL_6771|Human|H1N1|1983|NorthAmerica|seasonal,1983,-217.2,46.1322081575246,711,711,43.8818565400844,47.2573839662447
EPI_ISL_6767|Human|H1N1|1983|NorthAmerica|seasonal,1983,-219.8,46.2728551336146,711,711,44.3037974683544,47.2573839662447
EPI_ISL_6878|Human|H1N1|1983|NorthAmerica|seasonal,1983,-219.8,46.2728551336146,711,711,44.3037974683544,47.2573839662447
EPI_ISL_5693|Human|H1N1|1983|NorthAmerica|seasonal,1983,-219.8,46.2728551336146,711,711,44.3037974683544,47.2573839662447
EPI_ISL_6440|Human|H1N1|1983|NorthAmerica|seasonal,1983,-220.3,46.2728551336146,711,711,44.3037974683544,47.2573839662447
EPI_ISL_6438|Human|H1N1|1983|NorthAmerica|seasonal,1983,-219.8,46.2728551336146,711,711,44.3037974683544,47.2573839662447
EPI_ISL_5336|Human|H1N1|1983|NorthAmerica|seasonal,1983,-219.8,46.2728551336146,711,711,44.3037974683544,47.2573839662447
EPI_ISL_5335|Human|H1N1|1983|NorthAmerica|seasonal,1983,-219.8,46.2728551336146,711,711,44.3037974683544,47.2573839662447
EPI_ISL_5334|Human|H1N1|1983|NorthAmerica|seasonal,1983,-219.8,46.2728551336146,711,711,44.3037974683544,47.2573839662447
EPI_ISL_5333|Human|H1N1|1983|NorthAmerica|seasonal,1983,-219.8,46.4135021097046,711,711,44.3037974683544,47.4683544303797
EPI_ISL_5332|Human|H1N1|1983|NorthAmerica|seasonal,1983,-219.8,46.2728551336146,711,711,44.3037974683544,47.2573839662447
EPI_ISL_5331|Human|H1N1|1983|NorthAmerica|seasonal,1983,-219.8,46.2728551336146,711,711,44.3037974683544,47.2573839662447
EPI_ISL_5330|Human|H1N1|1983|NorthAmerica|seasonal,1983,-219.8,46.2728551336146,711,711,44.3037974683544,47.2573839662447
EPI_ISL_5329|Human|H1N1|1983|NorthAmerica|seasonal,1983,-220.2,46.1322081575246,711,711,44.3037974683544,47.0464135021097
EPI_ISL_5513|Human|H1N1|1983|NorthAmerica|seasonal,1983,-219.8,46.2728551336146,711,711,44.3037974683544,47.2573839662447
EPI_ISL_5620|Human|H1N1|1983|NorthAmerica|seasonal,1983,-219.8,46.2728551336146,711,711,44.3037974683544,47.2573839662447
EPI_ISL_6462|Human|H1N1|1983|NorthAmerica|seasonal,1983,-219.8,46.2728551336146,711,711,44.3037974683544,47.2573839662447
EPI_ISL_6461|Human|H1N1|1983|NorthAmerica|seasonal,1983,-219.8,46.2728551336146,711,711,44.3037974683544,47.2573839662447
EPI_ISL_6437|Human|H1N1|1983|NorthAmerica|seasonal,1983,-219.8,46.2728551336146,711,711,44.3037974683544,47.2573839662447
EPI_ISL_6436|Human|H1N1|1983|NorthAmerica|seasonal,1983,-219.8,46.2728551336146,711,711,44.3037974683544,47.2573839662447
EPI_ISL_6434|Human|H1N1|1983|NorthAmerica|seasonal,1983,-219.8,46.2728551336146,711,711,44.3037974683544,47.2573839662447
EPI_ISL_6433|Human|H1N1|1983|NorthAmerica|seasonal,1983,-219.8,46.2728551336146,711,711,44.3037974683544,47.2573839662447
EPI_ISL_6836|Human|H1N1|1983|NorthAmerica|seasonal,1983,-218.3,46.2728551336146,711,711,44.7257383966245,47.0464135021097
EPI_ISL_6787|Human|H1N1|1983|NorthAmerica|seasonal,1983,-219.8,46.2728551336146,711,711,44.3037974683544,47.2573839662447
EPI_ISL_6766|Human|H1N1|1983|NorthAmerica|seasonal,1983,-220.7,46.4135021097046,711,711,44.7257383966245,47.2573839662447
EPI_ISL_6770|Human|H1N1|1983|NorthAmerica|seasonal,1983,-215.2,45.9915611814346,711,711,44.3037974683544,46.8354430379747
EPI_ISL_7929|Human|H1N1|1983|NorthAmerica|seasonal,1983,-215.2,45.9915611814346,711,711,44.3037974683544,46.8354430379747
EPI_ISL_6785|Human|H1N1|1983|NorthAmerica|seasonal,1983,-218.8,46.4135021097046,711,711,44.7257383966245,47.2573839662447
EPI_ISL_6439|Human|H1N1|1983|NorthAmerica|seasonal,1983,-221.7,46.1322081575246,711,711,44.3037974683544,47.0464135021097
EPI_ISL_6435|Human|H1N1|1983|NorthAmerica|seasonal,1983,-219.8,46.2728551336146,711,711,44.3037974683544,47.2573839662447
EPI_ISL_6769|Human|H1N1|1983|NorthAmerica|seasonal,1983,-218.4,46.1322081575246,711,711,43.8818565400844,47.2573839662447
EPI_ISL_6872|Human|H1N1|1983|Oceania|seasonal,1983,-220.2,46.1322081575246,711,711,44.3037974683544,47.0464135021097
EPI_ISL_6973|Human|H1N1|1982|Europe|seasonal,1982,-220.6,46.2728551336146,711,711,44.7257383966245,47.0464135021097
EPI_ISL_6906|Human|H1N1|1984|Oceania|seasonal,1984,-220.2,46.1322081575246,711,711,44.3037974683544,47.0464135021097
EPI_ISL_7051|Human|H1N1|1984|NorthAmerica|seasonal,1984,-220.2,46.1322081575246,711,711,44.3037974683544,47.0464135021097
EPI_ISL_27596|Human|H1N1|1989.005|Europe|seasonal,1989.005,-219.4,45.9915611814346,711,711,44.3037974683544,46.8354430379747
EPI_ISL_173276|Human|H1N1|1991.551|Oceania|seasonal,1991.551,-221.5,46.6666666666667,690,690,45.2173913043478,47.3913043478261
EPI_ISL_10111|Human|H1N1|1996|Asia|seasonal,1996,-217.1,46.231884057971,690,690,45.2173913043478,46.7391304347826
EPI_ISL_123174|Human|H1N1|1995|Asia|,1995,-216.9,46.5217391304348,690,690,45.6521739130435,46.9565217391304
EPI_ISL_27598|Human|H1N1|1995.964|Europe|seasonal,1995.964,-219.9,46.5217391304348,690,690,46.0869565217391,46.7391304347826
EPI_ISL_5371|Human|H1N1|1995.942|NorthAmerica|seasonal,1995.942,-217,46.3768115942029,690,690,45.6521739130435,46.7391304347826
EPI_ISL_6969|Human|H1N1|1996|NorthAmerica|seasonal,1996,-217,46.3768115942029,690,690,45.6521739130435,46.7391304347826
EPI_ISL_5619|Human|H1N1|1996.019|NorthAmerica|seasonal,1996.019,-218,46.3768115942029,690,690,46.0869565217391,46.5217391304348
EPI_ISL_6840|Human|H1N1|1996|NorthAmerica|seasonal,1996,-219.9,46.5217391304348,690,690,46.0869565217391,46.7391304347826
EPI_ISL_5320|Human|H1N1|1996.003|NorthAmerica|seasonal,1996.003,-219.9,46.5217391304348,690,690,46.0869565217391,46.7391304347826
EPI_ISL_6404|Human|H1N1|1995.953|NorthAmerica|seasonal,1995.953,-219.8,46.3768115942029,690,690,45.6521739130435,46.7391304347826
EPI_ISL_5317|Human|H1N1|1995.929|NorthAmerica|seasonal,1995.929,-219.9,46.5217391304348,690,690,46.0869565217391,46.7391304347826
EPI_ISL_5283|Human|H1N1|1995.874|NorthAmerica|seasonal,1995.874,-219.9,46.5217391304348,690,690,46.0869565217391,46.7391304347826
EPI_ISL_5308|Human|H1N1|1995.907|NorthAmerica|seasonal,1995.907,-214,46.6973886328725,651,651,46.5437788018433,46.7741935483871
EPI_ISL_6844|Human|H1N1|1996|NorthAmerica|seasonal,1996,-219.9,46.5217391304348,690,690,46.0869565217391,46.7391304347826
EPI_ISL_6879|Human|H1N1|1996|NorthAmerica|seasonal,1996,-219.9,46.5217391304348,690,690,46.0869565217391,46.7391304347826
EPI_ISL_6777|Human|H1N1|1996|NorthAmerica|seasonal,1996,-215.4,46.3768115942029,690,690,46.0869565217391,46.5217391304348
EPI_ISL_6841|Human|H1N1|1996|NorthAmerica|seasonal,1996,-219.9,46.5217391304348,690,690,46.0869565217391,46.7391304347826
EPI_ISL_5315|Human|H1N1|1995.948|NorthAmerica|seasonal,1995.948,-219.9,46.5217391304348,690,690,46.0869565217391,46.7391304347826
EPI_ISL_5276|Human|H1N1|1995.871|NorthAmerica|seasonal,1995.871,-219.9,46.5217391304348,690,690,46.0869565217391,46.7391304347826
EPI_ISL_6155|Human|H1N1|1995.332|NorthAmerica|seasonal,1995.332,-223,46.3768115942029,690,690,45.2173913043478,46.9565217391304
EPI_ISL_5319|Human|H1N1|1996.003|NorthAmerica|seasonal,1996.003,-222.7,46.5217391304348,690,690,45.6521739130435,46.9565217391304
EPI_ISL_5278|Human|H1N1|1995.934|NorthAmerica|seasonal,1995.934,-222.7,46.5217391304348,690,690,45.6521739130435,46.9565217391304
EPI_ISL_5370|Human|H1N1|1995.945|NorthAmerica|seasonal,1995.945,-222.7,46.5217391304348,690,690,45.6521739130435,46.9565217391304
EPI_ISL_5692|Human|H1N1|1995.962|NorthAmerica|seasonal,1995.962,-222.7,46.5217391304348,690,690,45.6521739130435,46.9565217391304
EPI_ISL_5318|Human|H1N1|1995.918|NorthAmerica|seasonal,1995.918,-222.7,46.5217391304348,690,690,45.6521739130435,46.9565217391304
EPI_ISL_5566|Human|H1N1|1995.986|NorthAmerica|seasonal,1995.986,-222.7,46.5217391304348,690,690,45.6521739130435,46.9565217391304
EPI_ISL_5565|Human|H1N1|1995.989|NorthAmerica|seasonal,1995.989,-222.7,46.5217391304348,690,690,45.6521739130435,46.9565217391304
EPI_ISL_5433|Human|H1N1|1996.104|NorthAmerica|seasonal,1996.104,-222.2,46.6666666666667,690,690,46.0869565217391,46.9565217391304
EPI_ISL_5567|Human|H1N1|1995.953|NorthAmerica|seasonal,1995.953,-221,46.3768115942029,690,690,46.0869565217391,46.5217391304348
EPI_ISL_173283|Human|H1N1|1995|Oceania|seasonal,1995,-219.2,46.3768115942029,690,690,45.2173913043478,46.9565217391304
EPI_ISL_6776|Human|H1N1|1996|NorthAmerica|seasonal,1996,-217.1,46.5217391304348,690,690,45.6521739130435,46.9565217391304
EPI_ISL_6775|Human|H1N1|1996|NorthAmerica|seasonal,1996,-217.1,46.5217391304348,690,690,45.6521739130435,46.9565217391304
EPI_ISL_6839|Human|H1N1|1996|NorthAmerica|seasonal,1996,-219.3,46.3768115942029,690,690,45.6521739130435,46.7391304347826
EPI_ISL_5434|Human|H1N1|1995.923|NorthAmerica|seasonal,1995.923,-219.9,46.5217391304348,690,690,45.6521739130435,46.9565217391304
EPI_ISL_123175|Human|H1N1|1996|Asia|,1996,-219.9,46.5217391304348,690,690,45.6521739130435,46.9565217391304
EPI_ISL_6778|Human|H1N1|1996|NorthAmerica|seasonal,1996,-222.7,46.6666666666667,690,690,45.6521739130435,47.1739130434783
EPI_ISL_5281|Human|H1N1|1995.975|NorthAmerica|seasonal,1995.975,-222.7,46.6666666666667,690,690,45.6521739130435,47.1739130434783
EPI_ISL_279682|Human|H1N1|1995|Europe|,1995,-213.2,46.231884057971,690,690,45.2173913043478,46.7391304347826
EPI_ISL_5282|Human|H1N1|1995.986|NorthAmerica|seasonal,1995.986,-217.4,46.231884057971,690,690,44.3478260869565,47.1739130434783
EPI_ISL_5618|Human|H1N1|1995.942|NorthAmerica|seasonal,1995.942,-216.6,46.231884057971,690,690,44.7826086956522,46.9565217391304
EPI_ISL_5279|Human|H1N1|1995.912|NorthAmerica|seasonal,1995.912,-218.1,45.7971014492754,690,690,43.9130434782609,46.7391304347826
EPI_ISL_5277|Human|H1N1|1995.951|NorthAmerica|seasonal,1995.951,-216.6,46.0869565217391,690,690,44.3478260869565,46.9565217391304
EPI_ISL_123178|Human|H1N1|1998|Europe|,1998,-215.7,46.3768115942029,690,690,45.2173913043478,46.9565217391304
EPI_ISL_123184|Human|H1N1|2000|SouthAmerica|,2000,-219.6,46.5217391304348,690,690,45.2173913043478,47.1739130434783
EPI_ISL_6428|Human|H1N1|2000|Oceania|seasonal,2000,-224,46.3768115942029,690,690,44.7826086956522,47.1739130434783
EPI_ISL_6375|Human|H1N1|2000|Oceania|seasonal,2000,-224,46.3768115942029,690,690,44.7826086956522,47.1739130434783
EPI_ISL_6374|Human|H1N1|2000|Oceania|seasonal,2000,-224,46.3768115942029,690,690,44.7826086956522,47.1739130434783
EPI_ISL_6511|Human|H1N1|2000|Oceania|seasonal,2000,-224,46.5217391304348,690,690,45.2173913043478,47.1739130434783
EPI_ISL_7054|Human|H1N1|2000|Oceania|seasonal,2000,-224,46.3768115942029,690,690,44.7826086956522,47.1739130434783
EPI_ISL_6426|Human|H1N1|2000|Oceania|seasonal,2000,-219.5,46.3768115942029,690,690,44.7826086956522,47.1739130434783
EPI_ISL_6753|Human|H1N1|2000|Oceania|seasonal,2000,-222.1,46.5217391304348,690,690,45.2173913043478,47.1739130434783
EPI_ISL_6456|Human|H1N1|2000|Oceania|seasonal,2000,-224,46.3768115942029,690,690,44.7826086956522,47.1739130434783
EPI_ISL_6509|Human|H1N1|2000|Oceania|seasonal,2000,-224,46.3768115942029,690,690,44.7826086956522,47.1739130434783
EPI_ISL_6367|Human|H1N1|2000|Oceania|seasonal,2000,-224,46.3768115942029,690,690,44.7826086956522,47.1739130434783
EPI_ISL_5048|Human|H1N1|2000.279|NorthAmerica|seasonal,2000.279,-224,46.3768115942029,690,690,44.7826086956522,47.1739130434783
EPI_ISL_9213|Human|H1N1|2001.022|NorthAmerica|seasonal,2001.022,-221.6,46.3768115942029,690,690,44.7826086956522,47.1739130434783
EPI_ISL_6427|Human|H1N1|2000|Oceania|seasonal,2000,-224,46.3768115942029,690,690,44.7826086956522,47.1739130434783
EPI_ISL_6411|Human|H1N1|2000|Oceania|seasonal,2000,-224,46.3768115942029,690,690,44.7826086956522,47.1739130434783
EPI_ISL_503098|Human|H1N1|2000|SouthAmerica|,2000,-229,46.6666666666667,690,690,45.2173913043478,47.3913043478261
EPI_ISL_503060|Human|H1N1|2000|SouthAmerica|,2000,-229,46.6666666666667,690,690,45.2173913043478,47.3913043478261
EPI_ISL_503064|Human|H1N1|2000|SouthAmerica|,2000,-229,46.6666666666667,690,690,45.2173913043478,47.3913043478261
EPI_ISL_503111|Human|H1N1|2000|SouthAmerica|,2000,-229,46.6666666666667,690,690,45.2173913043478,47.3913043478261
EPI_ISL_123172|Human|H1N1|1992|Oceania|,1992,-222,46.8115942028985,690,690,45.6521739130435,47.3913043478261
EPI_ISL_5265|Human|H1N1|2001.022|Oceania|seasonal,2001.022,-222.6,46.5217391304348,690,690,44.7826086956522,47.3913043478261
EPI_ISL_5254|Human|H1N1|2001.584|Oceania|seasonal,2001.584,-217.6,46.231884057971,690,690,44.3478260869565,47.1739130434783
EPI_ISL_5249|Human|H1N1|2001.518|Oceania|seasonal,2001.518,-222.6,46.5217391304348,690,690,44.7826086956522,47.3913043478261
EPI_ISL_5355|Human|H1N1|2001.353|Oceania|seasonal,2001.353,-222.6,46.3768115942029,690,690,44.3478260869565,47.3913043478261
EPI_ISL_8666|Human|H1N1|2001.058|NorthAmerica|seasonal,2001.058,-222.6,46.5217391304348,690,690,44.7826086956522,47.3913043478261
EPI_ISL_9028|Human|H1N1|2002.926|NorthAmerica|seasonal,2002.926,-217.7,46.3768115942029,690,690,44.7826086956522,47.1739130434783
EPI_ISL_106616|Human|H1N1|2003.937|Asia|,2003.937,-222.6,46.6666666666667,690,690,44.7826086956522,47.6086956521739
EPI_ISL_106600|Human|H1N1|2003.937|Asia|,2003.937,-222.6,46.6666666666667,690,690,44.7826086956522,47.6086956521739
EPI_ISL_106599|Human|H1N1|2003.811|Asia|,2003.811,-222.6,46.6666666666667,690,690,44.7826086956522,47.6086956521739
EPI_ISL_106598|Human|H1N1|2003.723|Asia|,2003.723,-222.6,46.6666666666667,690,690,44.7826086956522,47.6086956521739
EPI_ISL_106579|Human|H1N1|2003.696|Asia|,2003.696,-222.6,46.6666666666667,690,690,44.7826086956522,47.6086956521739
EPI_ISL_106578|Human|H1N1|2003.515|Asia|,2003.515,-222.6,46.6666666666667,690,690,44.7826086956522,47.6086956521739
EPI_ISL_106563|Human|H1N1|2003.068|Asia|,2003.068,-222.6,46.6666666666667,690,690,44.7826086956522,47.6086956521739
EPI_ISL_106562|Human|H1N1|2003.973|Asia|,2003.973,-222.6,46.6666666666667,690,690,44.7826086956522,47.6086956521739
EPI_ISL_106561|Human|H1N1|2003.964|Asia|,2003.964,-222.6,46.6666666666667,690,690,44.7826086956522,47.6086956521739
EPI_ISL_106519|Human|H1N1|2003.923|Asia|,2003.923,-222.6,46.6666666666667,690,690,44.7826086956522,47.6086956521739
EPI_ISL_106518|Human|H1N1|2003.819|Asia|,2003.819,-222.6,46.6666666666667,690,690,44.7826086956522,47.6086956521739
EPI_ISL_106501|Human|H1N1|2003.789|Asia|,2003.789,-222.6,46.6666666666667,690,690,44.7826086956522,47.6086956521739
EPI_ISL_106500|Human|H1N1|2003.773|Asia|,2003.773,-222.6,46.6666666666667,690,690,44.7826086956522,47.6086956521739
EPI_ISL_106499|Human|H1N1|2003.715|Asia|,2003.715,-222.6,46.6666666666667,690,690,44.7826086956522,47.6086956521739
EPI_ISL_106498|Human|H1N1|2003|Asia|,2003,-222.6,46.6666666666667,690,690,44.7826086956522,47.6086956521739
EPI_ISL_117100|Human|H1N1|2003|Asia|,2003,-222.6,46.6666666666667,690,690,44.7826086956522,47.6086956521739
EPI_ISL_117099|Human|H1N1|2003|Asia|,2003,-222.6,46.6666666666667,690,690,44.7826086956522,47.6086956521739
EPI_ISL_116067|Human|H1N1|2003|Asia|,2003,-222.6,46.6666666666667,690,690,44.7826086956522,47.6086956521739
EPI_ISL_106472|Human|H1N1|2001|Asia|,2001,-222.4,46.3768115942029,690,690,44.7826086956522,47.1739130434783
EPI_ISL_8646|Human|H1N1|2002.97|NorthAmerica|seasonal,2002.97,-218.3,46.3450292397661,684,684,44.2982456140351,47.3684210526316
EPI_ISL_8971|Human|H1N1|2003.153|NorthAmerica|seasonal,2003.153,-218,45.9420289855072,690,690,44.7826086956522,46.5217391304348
EPI_ISL_106471|Human|H1N1|2001|Asia|,2001,-222.5,46.8115942028985,690,690,45.6521739130435,47.3913043478261
EPI_ISL_124309|Human|H1N1|2000|Europe|,2000,-221.6,46.3768115942029,690,690,44.7826086956522,47.1739130434783
EPI_ISL_5408|Human|H1N1|2000.112|Oceania|seasonal,2000.112,-222.5,46.3768115942029,690,690,44.7826086956522,47.1739130434783
EPI_ISL_123183|Human|H1N1|2000|Asia|,2000,-222.5,46.5217391304348,690,690,44.7826086956522,47.3913043478261
EPI_ISL_6238|Human|H1N1|2000.68|Oceania|seasonal,2000.68,-220.6,46.5217391304348,690,690,44.7826086956522,47.3913043478261
EPI_ISL_5187|Human|H1N1|2000.587|Oceania|seasonal,2000.587,-220.3,46.3768115942029,690,690,44.7826086956522,47.1739130434783
EPI_ISL_7541|Human|H1N1|2000.828|Oceania|seasonal,2000.828,-220.3,46.3768115942029,690,690,44.7826086956522,47.1739130434783
EPI_ISL_5121|Human|H1N1|2000.623|Oceania|seasonal,2000.623,-220.3,46.3768115942029,690,690,44.7826086956522,47.1739130434783
EPI_ISL_5231|Human|H1N1|2000.68|Oceania|seasonal,2000.68,-220.3,46.3768115942029,690,690,44.7826086956522,47.1739130434783
EPI_ISL_5161|Human|H1N1|2000.669|Oceania|seasonal,2000.669,-217.3,46.231884057971,690,690,44.7826086956522,46.9565217391304
EPI_ISL_5127|Human|H1N1|2000.639|Oceania|seasonal,2000.639,-220.3,46.3768115942029,690,690,44.7826086956522,47.1739130434783
EPI_ISL_5195|Human|H1N1|2000.642|Oceania|seasonal,2000.642,-220.3,46.231884057971,690,690,44.7826086956522,46.9565217391304
EPI_ISL_5194|Human|H1N1|2000.68|Oceania|seasonal,2000.68,-220.3,46.3768115942029,690,690,44.7826086956522,47.1739130434783
EPI_ISL_5159|Human|H1N1|2000.653|Oceania|seasonal,2000.653,-220.3,46.3768115942029,690,690,44.7826086956522,47.1739130434783
EPI_ISL_5126|Human|H1N1|2000.626|Oceania|seasonal,2000.626,-220.3,46.3768115942029,690,690,44.7826086956522,47.1739130434783
EPI_ISL_5122|Human|H1N1|2000.62|Oceania|seasonal,2000.62,-220.3,46.3768115942029,690,690,44.7826086956522,47.1739130434783
EPI_ISL_5230|Human|H1N1|2000.56|Oceania|seasonal,2000.56,-220.3,46.3768115942029,690,690,44.7826086956522,47.1739130434783
EPI_ISL_7102|Human|H1N1|2000.678|Oceania|seasonal,2000.678,-220.3,46.3768115942029,690,690,44.7826086956522,47.1739130434783
EPI_ISL_5188|Human|H1N1|2000.549|Oceania|seasonal,2000.549,-220.3,46.3768115942029,690,690,44.7826086956522,47.1739130434783
EPI_ISL_5125|Human|H1N1|2000.631|Oceania|seasonal,2000.631,-220.3,46.3768115942029,690,690,44.7826086956522,47.1739130434783
EPI_ISL_5191|Human|H1N1|2000.713|Oceania|seasonal,2000.713,-220.3,46.3768115942029,690,690,44.7826086956522,47.1739130434783
EPI_ISL_5233|Human|H1N1|2000.806|Oceania|seasonal,2000.806,-216.6,46.3768115942029,690,690,44.7826086956522,47.1739130434783
EPI_ISL_5340|Human|H1N1|2000.56|Oceania|seasonal,2000.56,-222.5,46.5217391304348,690,690,44.7826086956522,47.3913043478261
EPI_ISL_5160|Human|H1N1|2000.467|Oceania|seasonal,2000.467,-220.3,46.3768115942029,690,690,44.7826086956522,47.1739130434783
EPI_ISL_5124|Human|H1N1|2000.648|Oceania|seasonal,2000.648,-223.4,46.3768115942029,690,690,44.3478260869565,47.3913043478261
EPI_ISL_7540|Human|H1N1|2000.699|Oceania|seasonal,2000.699,-220.3,46.3768115942029,690,690,44.7826086956522,47.1739130434783
EPI_ISL_7757|Human|H1N1|2000.705|Oceania|seasonal,2000.705,-220.3,46.3768115942029,690,690,44.7826086956522,47.1739130434783
EPI_ISL_7145|Human|H1N1|2000.735|Oceania|seasonal,2000.735,-220.6,46.5217391304348,690,690,44.7826086956522,47.3913043478261
EPI_ISL_5339|Human|H1N1|2000.464|Oceania|seasonal,2000.464,-222.5,46.5217391304348,690,690,44.7826086956522,47.3913043478261
EPI_ISL_6909|Human|H1N1|2000.563|Oceania|seasonal,2000.563,-222.5,46.5217391304348,690,690,44.7826086956522,47.3913043478261
EPI_ISL_5192|Human|H1N1|2000.721|Oceania|seasonal,2000.721,-220.3,46.3768115942029,690,690,44.7826086956522,47.1739130434783
EPI_ISL_5453|Human|H1N1|2000.779|Oceania|seasonal,2000.779,-220.5,46.3768115942029,690,690,44.7826086956522,47.1739130434783
EPI_ISL_5588|Human|H1N1|2000.76|Oceania|seasonal,2000.76,-220.9,46.3768115942029,690,690,44.7826086956522,47.1739130434783
EPI_ISL_7278|Human|H1N1|2000.839|Oceania|seasonal,2000.839,-220,46.231884057971,690,690,44.7826086956522,46.9565217391304
EPI_ISL_7103|Human|H1N1|2000.855|Oceania|seasonal,2000.855,-220,46.231884057971,690,690,44.7826086956522,46.9565217391304
EPI_ISL_5196|Human|H1N1|2000.68|Oceania|seasonal,2000.68,-222.5,46.5217391304348,690,690,44.7826086956522,47.3913043478261
EPI_ISL_5193|Human|H1N1|2000.735|Oceania|seasonal,2000.735,-220.6,46.5217391304348,690,690,44.7826086956522,47.3913043478261
EPI_ISL_5190|Human|H1N1|2000.658|Oceania|seasonal,2000.658,-222.5,46.5217391304348,690,690,44.7826086956522,47.3913043478261
EPI_ISL_5123|Human|H1N1|2000.639|Oceania|seasonal,2000.639,-222.5,46.5217391304348,690,690,44.7826086956522,47.3913043478261
EPI_ISL_5120|Human|H1N1|2000.658|Oceania|seasonal,2000.658,-222.5,46.5217391304348,690,690,44.7826086956522,47.3913043478261
EPI_ISL_5232|Human|H1N1|2000.658|Oceania|seasonal,2000.658,-220.3,46.3768115942029,690,690,44.7826086956522,47.1739130434783
EPI_ISL_5432|Human|H1N1|2000.568|Oceania|seasonal,2000.568,-220.3,46.3768115942029,690,690,44.7826086956522,47.1739130434783
EPI_ISL_5338|Human|H1N1|2000.464|Oceania|seasonal,2000.464,-222.5,46.5217391304348,690,690,44.7826086956522,47.3913043478261
EPI_ISL_5495|Human|H1N1|2000|Oceania|seasonal,2000,-220.3,46.3768115942029,690,690,44.7826086956522,47.1739130434783
EPI_ISL_6405|Human|H1N1|2000.743|Oceania|seasonal,2000.743,-220.3,46.3768115942029,690,690,44.7826086956522,47.1739130434783
EPI_ISL_7039|Human|H1N1|2000.508|Oceania|seasonal,2000.508,-222.5,46.5217391304348,690,690,44.7826086956522,47.3913043478261
EPI_ISL_7142|Human|H1N1|2000.719|Oceania|seasonal,2000.719,-220.3,46.3768115942029,690,690,44.7826086956522,47.1739130434783
EPI_ISL_7100|Human|H1N1|2000.661|Oceania|seasonal,2000.661,-220.6,46.5217391304348,690,690,44.7826086956522,47.3913043478261
EPI_ISL_5228|Human|H1N1|2000.664|Oceania|seasonal,2000.664,-222.5,46.5217391304348,690,690,44.7826086956522,47.3913043478261
EPI_ISL_5263|Human|H1N1|2000.544|Oceania|seasonal,2000.544,-222.5,46.5217391304348,690,690,44.7826086956522,47.3913043478261
EPI_ISL_5197|Human|H1N1|2000.675|Oceania|seasonal,2000.675,-222.5,46.5217391304348,690,690,44.7826086956522,47.3913043478261
EPI_ISL_5534|Human|H1N1|2000.675|Oceania|seasonal,2000.675,-222.5,46.5217391304348,690,690,44.7826086956522,47.3913043478261
EPI_ISL_5209|Human|H1N1|2000.541|Oceania|seasonal,2000.541,-222.5,46.5217391304348,690,690,44.7826086956522,47.3913043478261
EPI_ISL_7143|Human|H1N1|2000.716|Oceania|seasonal,2000.716,-220.6,46.5217391304348,690,690,44.7826086956522,47.3913043478261
EPI_ISL_5189|Human|H1N1|2000.623|Oceania|seasonal,2000.623,-222.5,46.5217391304348,690,690,44.7826086956522,47.3913043478261
EPI_ISL_7277|Human|H1N1|2000.751|Oceania|seasonal,2000.751,-220.6,46.5217391304348,690,690,44.7826086956522,47.3913043478261
EPI_ISL_5533|Human|H1N1|2000.642|Oceania|seasonal,2000.642,-220.6,46.5217391304348,690,690,44.7826086956522,47.3913043478261
EPI_ISL_5587|Human|H1N1|2000.683|Oceania|seasonal,2000.683,-220.3,46.3768115942029,690,690,44.7826086956522,47.1739130434783
EPI_ISL_15607|Human|H1N1|2001|Europe|seasonal,2001,-222.5,46.6666666666667,690,690,45.2173913043478,47.3913043478261
EPI_ISL_6881|Human|H1N1|2001.463|Oceania|seasonal,2001.463,-220.3,46.231884057971,690,690,43.9130434782609,47.3913043478261
EPI_ISL_30215|Human|H1N1|1999.997|Asia|seasonal,1999.997,-219.9,46.8115942028985,690,690,43.9130434782609,48.2608695652174
EPI_ISL_503095|Human|H1N1|2000|SouthAmerica|,2000,-224.8,46.4135021097046,711,711,43.4599156118143,47.8902953586498
EPI_ISL_503082|Human|H1N1|2000|SouthAmerica|,2000,-224.8,46.4135021097046,711,711,43.4599156118143,47.8902953586498
EPI_ISL_6880|Human|H1N1|2001|NorthAmerica|seasonal,2001,-220.3,46.5217391304348,690,690,44.3478260869565,47.6086956521739
EPI_ISL_7047|Human|H1N1|2000|NorthAmerica|seasonal,2000,-218.2,46.231884057971,690,690,43.4782608695652,47.6086956521739
EPI_ISL_5128|Human|H1N1|2001.019|NorthAmerica|seasonal,2001.019,-218.5,46.5217391304348,690,690,43.4782608695652,48.0434782608696
EPI_ISL_8268|Human|H1N1|2001.019|NorthAmerica|seasonal,2001.019,-218.5,46.5217391304348,690,690,43.4782608695652,48.0434782608696
EPI_ISL_8608|Human|H1N1|2001.019|NorthAmerica|seasonal,2001.019,-217.6,46.6374269005848,684,684,43.421052631579,48.2456140350877
EPI_ISL_6364|Human|H1N1|1999|Oceania|seasonal,1999,-226,46.5217391304348,690,690,44.7826086956522,47.3913043478261
EPI_ISL_22626|Human|H1N1|1999|Oceania|seasonal,1999,-223.5,46.3768115942029,690,690,44.3478260869565,47.3913043478261
EPI_ISL_147184|Human|H1N1|1999|Oceania|,1999,-223.5,46.3768115942029,690,690,44.3478260869565,47.3913043478261
EPI_ISL_6424|Human|H1N1|1999|Oceania|seasonal,1999,-225.6,46.6666666666667,690,690,44.7826086956522,47.6086956521739
EPI_ISL_123154|Human|H1N1|1999|Asia|,1999,-223.2,46.0869565217391,690,690,43.9130434782609,47.1739130434783
EPI_ISL_120422|Human|H1N1|1998.071|Asia|,1998.071,-221.8,45.7971014492754,690,690,43.0434782608696,47.1739130434783
EPI_ISL_123179|Human|H1N1|1998|Europe|,1998,-223.8,46.231884057971,690,690,43.9130434782609,47.3913043478261
EPI_ISL_120421|Human|H1N1|1997.997|Asia|,1997.997,-226.5,46.231884057971,690,690,43.4782608695652,47.6086956521739
EPI_ISL_120416|Human|H1N1|1997.041|Asia|,1997.041,-223.8,46.231884057971,690,690,43.9130434782609,47.3913043478261
EPI_ISL_120415|Human|H1N1|1997.041|Asia|,1997.041,-221.4,46.0869565217391,690,690,43.4782608695652,47.3913043478261
EPI_ISL_123176|Human|H1N1|1997|Africa|,1997,-218.4,45.7971014492754,690,690,43.4782608695652,46.9565217391304
EPI_ISL_22625|Human|H1N1|1995|Asia|seasonal,1995,-227.7,46.231884057971,690,690,44.7826086956522,46.9565217391304
EPI_ISL_6241|Human|H1N1|1996|Asia|seasonal,1996,-226.3,46.6666666666667,690,690,44.3478260869565,47.8260869565217
EPI_ISL_5690|Human|H1N1|1996|Asia|seasonal,1996,-223.8,46.3768115942029,690,690,44.3478260869565,47.3913043478261
EPI_ISL_5689|Human|H1N1|1996|Asia|seasonal,1996,-223.8,46.3768115942029,690,690,44.3478260869565,47.3913043478261
EPI_ISL_5685|Human|H1N1|1996|Asia|seasonal,1996,-223.8,46.3768115942029,690,690,44.3478260869565,47.3913043478261
EPI_ISL_6244|Human|H1N1|1996|Asia|seasonal,1996,-223.8,46.3768115942029,690,690,44.3478260869565,47.3913043478261
EPI_ISL_6243|Human|H1N1|1996|Asia|seasonal,1996,-223.8,46.3768115942029,690,690,44.3478260869565,47.3913043478261
EPI_ISL_6220|Human|H1N1|1996|Asia|seasonal,1996,-223.8,46.3768115942029,690,690,44.3478260869565,47.3913043478261
EPI_ISL_6409|Human|H1N1|1996|Asia|seasonal,1996,-222.8,46.231884057971,690,690,44.3478260869565,47.1739130434783
EPI_ISL_5688|Human|H1N1|1996|Asia|seasonal,1996,-223.8,46.3768115942029,690,690,44.3478260869565,47.3913043478261
EPI_ISL_6410|Human|H1N1|1996|Asia|seasonal,1996,-223.8,46.3768115942029,690,690,44.3478260869565,47.3913043478261
EPI_ISL_5686|Human|H1N1|1996|Asia|seasonal,1996,-223.8,46.231884057971,690,690,43.9130434782609,47.3913043478261
EPI_ISL_5687|Human|H1N1|1996|Asia|seasonal,1996,-223.8,46.3768115942029,690,690,44.3478260869565,47.3913043478261
EPI_ISL_6242|Human|H1N1|1996|Asia|seasonal,1996,-223.8,46.3768115942029,690,690,44.3478260869565,47.3913043478261
EPI_ISL_123177|Human|H1N1|1997|Asia|,1997,-223.4,45.9420289855072,690,690,43.4782608695652,47.1739130434783
EPI_ISL_120420|Human|H1N1|1997.86|Asia|,1997.86,-223,46.231884057971,690,690,44.3478260869565,47.1739130434783
EPI_ISL_120419|Human|H1N1|1997.822|Asia|,1997.822,-225,46.0869565217391,690,690,44.3478260869565,46.9565217391304
EPI_ISL_120418|Human|H1N1|1997.923|Asia|,1997.923,-224.7,46.231884057971,690,690,43.9130434782609,47.3913043478261
EPI_ISL_5264|Human|H1N1|2000.68|Oceania|seasonal,2000.68,-223.2,46.8115942028985,690,690,45.2173913043478,47.6086956521739
EPI_ISL_5229|Human|H1N1|2000.617|Oceania|seasonal,2000.617,-222.4,46.9565217391304,690,690,45.2173913043478,47.8260869565217
EPI_ISL_6354|Human|H1N1|2000|Oceania|seasonal,2000,-223.2,46.8115942028985,690,690,45.2173913043478,47.6086956521739
EPI_ISL_8181|Human|H1N1|2001.019|NorthAmerica|seasonal,2001.019,-223.2,46.8115942028985,690,690,45.2173913043478,47.6086956521739
EPI_ISL_8265|Human|H1N1|2000.962|NorthAmerica|seasonal,2000.962,-220.4,46.3768115942029,690,690,44.3478260869565,47.3913043478261
EPI_ISL_8991|Human|H1N1|2001.038|NorthAmerica|seasonal,2001.038,-226.4,46.6666666666667,690,690,44.7826086956522,47.6086956521739
EPI_ISL_8647|Human|H1N1|2001.077|NorthAmerica|seasonal,2001.077,-223.2,46.8115942028985,690,690,45.2173913043478,47.6086956521739
EPI_ISL_8656|Human|H1N1|2001.101|NorthAmerica|seasonal,2001.101,-223.2,46.8115942028985,690,690,45.2173913043478,47.6086956521739
EPI_ISL_8998|Human|H1N1|2001.063|NorthAmerica|seasonal,2001.063,-223.2,46.8115942028985,690,690,45.2173913043478,47.6086956521739
EPI_ISL_8657|Human|H1N1|2001.09|NorthAmerica|seasonal,2001.09,-227.3,46.6666666666667,690,690,45.2173913043478,47.3913043478261
EPI_ISL_8644|Human|H1N1|2001.06|NorthAmerica|seasonal,2001.06,-223.2,46.8115942028985,690,690,45.2173913043478,47.6086956521739
EPI_ISL_6845|Human|H1N1|2001|NorthAmerica|seasonal,2001,-221.1,46.6666666666667,690,690,44.7826086956522,47.6086956521739
EPI_ISL_8261|Human|H1N1|2001.156|NorthAmerica|seasonal,2001.156,-223.2,46.8115942028985,690,690,45.2173913043478,47.6086956521739
EPI_ISL_5256|Human|H1N1|2001.592|Oceania|seasonal,2001.592,-220.5,46.0869565217391,690,690,43.9130434782609,47.1739130434783
EPI_ISL_5199|Human|H1N1|2001.425|Oceania|seasonal,2001.425,-220.5,46.0869565217391,690,690,43.9130434782609,47.1739130434783
EPI_ISL_8235|Human|H1N1|2001.077|NorthAmerica|seasonal,2001.077,-222.7,46.5491923641703,681,681,44.0528634361233,47.7973568281938
EPI_ISL_8649|Human|H1N1|2001.074|NorthAmerica|seasonal,2001.074,-219.9,46.6374269005848,684,684,44.7368421052632,47.5877192982456
EPI_ISL_8648|Human|H1N1|2001.066|NorthAmerica|seasonal,2001.066,-220.8,46.5217391304348,690,690,44.7826086956522,47.3913043478261
EPI_ISL_9053|Human|H1N1|2001.058|NorthAmerica|seasonal,2001.058,-220.4,46.3768115942029,690,690,44.3478260869565,47.3913043478261
EPI_ISL_5321|Human|H1N1|2001.06|NorthAmerica|seasonal,2001.06,-225.3,46.5217391304348,690,690,44.3478260869565,47.6086956521739
EPI_ISL_6245|Human|H1N1|2000|Oceania|seasonal,2000,-223.2,46.8115942028985,690,690,45.2173913043478,47.6086956521739
EPI_ISL_2771|Human|H1N1|2000|Europe|seasonal,2000,-220.4,46.3768115942029,690,690,44.3478260869565,47.3913043478261
EPI_ISL_8264|Human|H1N1|2000.964|NorthAmerica|seasonal,2000.964,-223.8,46.6666666666667,690,690,44.7826086956522,47.6086956521739
EPI_ISL_8609|Human|H1N1|2001.06|NorthAmerica|seasonal,2001.06,-220.4,46.3768115942029,690,690,44.3478260869565,47.3913043478261
EPI_ISL_9041|Human|H1N1|2001.066|NorthAmerica|seasonal,2001.066,-220.4,46.3768115942029,690,690,44.3478260869565,47.3913043478261
EPI_ISL_5311|Human|H1N1|2001.466|Oceania|seasonal,2001.466,-223.7,46.5217391304348,690,690,44.3478260869565,47.6086956521739
EPI_ISL_5272|Human|H1N1|2001.54|Oceania|seasonal,2001.54,-220.3,46.231884057971,690,690,44.3478260869565,47.1739130434783
EPI_ISL_5234|Human|H1N1|2001.479|Oceania|seasonal,2001.479,-220.3,46.231884057971,690,690,44.3478260869565,47.1739130434783
EPI_ISL_5273|Human|H1N1|2001.54|Oceania|seasonal,2001.54,-220.3,46.231884057971,690,690,44.3478260869565,47.1739130434783
EPI_ISL_5260|Human|H1N1|2001.622|Oceania|seasonal,2001.622,-220.3,46.231884057971,690,690,44.3478260869565,47.1739130434783
EPI_ISL_5246|Human|H1N1|2001.523|Oceania|seasonal,2001.523,-220.3,46.231884057971,690,690,44.3478260869565,47.1739130434783
EPI_ISL_5238|Human|H1N1|2001.499|Oceania|seasonal,2001.499,-220.3,46.231884057971,690,690,44.3478260869565,47.1739130434783
EPI_ISL_5235|Human|H1N1|2001.479|Oceania|seasonal,2001.479,-220.3,46.231884057971,690,690,44.3478260869565,47.1739130434783
EPI_ISL_5213|Human|H1N1|2001.537|Oceania|seasonal,2001.537,-223.7,46.5217391304348,690,690,44.3478260869565,47.6086956521739
EPI_ISL_6783|Human|H1N1|2001.419|Oceania|seasonal,2001.419,-220.3,46.231884057971,690,690,44.3478260869565,47.1739130434783
EPI_ISL_7149|Human|H1N1|2001.556|Oceania|seasonal,2001.556,-220.3,46.231884057971,690,690,44.3478260869565,47.1739130434783
EPI_ISL_5253|Human|H1N1|2001.542|Oceania|seasonal,2001.542,-222.7,46.5217391304348,690,690,44.3478260869565,47.6086956521739
EPI_ISL_6338|Human|H1N1|2001.43|Oceania|seasonal,2001.43,-220,46.0869565217391,690,690,44.3478260869565,46.9565217391304
EPI_ISL_5274|Human|H1N1|2001.542|Oceania|seasonal,2001.542,-220.3,46.231884057971,690,690,44.3478260869565,47.1739130434783
EPI_ISL_5269|Human|H1N1|2001.545|Oceania|seasonal,2001.545,-220.3,46.231884057971,690,690,44.3478260869565,47.1739130434783
EPI_ISL_5248|Human|H1N1|2001.523|Oceania|seasonal,2001.523,-220.3,46.231884057971,690,690,44.3478260869565,47.1739130434783
EPI_ISL_5350|Human|H1N1|2001.622|Oceania|seasonal,2001.622,-220.3,46.231884057971,690,690,44.3478260869565,47.1739130434783
EPI_ISL_5252|Human|H1N1|2001.537|Oceania|seasonal,2001.537,-222.1,46.5217391304348,690,690,44.3478260869565,47.6086956521739
EPI_ISL_5257|Human|H1N1|2001.605|Oceania|seasonal,2001.605,-222.1,46.5217391304348,690,690,44.3478260869565,47.6086956521739
EPI_ISL_5362|Human|H1N1|2001.427|Oceania|seasonal,2001.427,-219.7,46.231884057971,690,690,43.9130434782609,47.3913043478261
EPI_ISL_5285|Human|H1N1|2001.523|Oceania|seasonal,2001.523,-223.7,46.5217391304348,690,690,44.3478260869565,47.6086956521739
EPI_ISL_5268|Human|H1N1|2001.537|Oceania|seasonal,2001.537,-221.1,46.3768115942029,690,690,43.9130434782609,47.6086956521739
EPI_ISL_5255|Human|H1N1|2001.592|Oceania|seasonal,2001.592,-223.7,46.3768115942029,690,690,44.3478260869565,47.3913043478261
EPI_ISL_5250|Human|H1N1|2001.529|Oceania|seasonal,2001.529,-222.7,46.3768115942029,690,690,44.3478260869565,47.3913043478261
EPI_ISL_5244|Human|H1N1|2001.512|Oceania|seasonal,2001.512,-220,46.3768115942029,690,690,44.3478260869565,47.3913043478261
EPI_ISL_5243|Human|H1N1|2001.521|Oceania|seasonal,2001.521,-222.7,46.3768115942029,690,690,44.3478260869565,47.3913043478261
EPI_ISL_5239|Human|H1N1|2001.499|Oceania|seasonal,2001.499,-223.7,46.5217391304348,690,690,44.3478260869565,47.6086956521739
EPI_ISL_5236|Human|H1N1|2001.499|Oceania|seasonal,2001.499,-223.7,46.5217391304348,690,690,44.3478260869565,47.6086956521739
EPI_ISL_5212|Human|H1N1|2001.504|Oceania|seasonal,2001.504,-223.7,46.5217391304348,690,690,44.3478260869565,47.6086956521739
EPI_ISL_5202|Human|H1N1|2001.521|Oceania|seasonal,2001.521,-224.3,46.6666666666667,690,690,44.3478260869565,47.8260869565217
EPI_ISL_5410|Human|H1N1|2001.293|Oceania|seasonal,2001.293,-222.7,46.3768115942029,690,690,44.3478260869565,47.3913043478261
EPI_ISL_5358|Human|H1N1|2001.405|Oceania|seasonal,2001.405,-219.7,46.231884057971,690,690,43.9130434782609,47.3913043478261
EPI_ISL_5357|Human|H1N1|2001.389|Oceania|seasonal,2001.389,-219.7,46.231884057971,690,690,43.9130434782609,47.3913043478261
EPI_ISL_5356|Human|H1N1|2001.375|Oceania|seasonal,2001.375,-222.7,46.3768115942029,690,690,44.3478260869565,47.3913043478261
EPI_ISL_5348|Human|H1N1|2001.499|Oceania|seasonal,2001.499,-222.7,46.3768115942029,690,690,44.3478260869565,47.3913043478261
EPI_ISL_5496|Human|H1N1|2001.488|Oceania|seasonal,2001.488,-220.2,46.231884057971,690,690,44.3478260869565,47.1739130434783
EPI_ISL_6899|Human|H1N1|2001.679|Oceania|seasonal,2001.679,-222.7,46.5217391304348,690,690,44.7826086956522,47.3913043478261
EPI_ISL_6882|Human|H1N1|2001.54|Oceania|seasonal,2001.54,-222.7,46.3768115942029,690,690,44.3478260869565,47.3913043478261
EPI_ISL_5363|Human|H1N1|2001.46|Oceania|seasonal,2001.46,-220.6,46.3768115942029,690,690,44.3478260869565,47.3913043478261
EPI_ISL_5200|Human|H1N1|2001.471|Oceania|seasonal,2001.471,-222.7,46.3768115942029,690,690,44.3478260869565,47.3913043478261
EPI_ISL_5361|Human|H1N1|2001.425|Oceania|seasonal,2001.425,-222.7,46.3768115942029,690,690,44.3478260869565,47.3913043478261
EPI_ISL_5237|Human|H1N1|2001.488|Oceania|seasonal,2001.488,-223.7,46.5217391304348,690,690,44.3478260869565,47.6086956521739
EPI_ISL_5365|Human|H1N1|2001.43|Oceania|seasonal,2001.43,-219.7,46.231884057971,690,690,43.9130434782609,47.3913043478261
EPI_ISL_5214|Human|H1N1|2001.616|Oceania|seasonal,2001.616,-223.7,46.5217391304348,690,690,44.3478260869565,47.6086956521739
EPI_ISL_5313|Human|H1N1|2001.521|Oceania|seasonal,2001.521,-222.7,46.3768115942029,690,690,44.3478260869565,47.3913043478261
EPI_ISL_5366|Human|H1N1|2001.575|Oceania|seasonal,2001.575,-220.1,46.3768115942029,690,690,43.9130434782609,47.6086956521739
EPI_ISL_5360|Human|H1N1|2001.414|Oceania|seasonal,2001.414,-222.7,46.3768115942029,690,690,44.3478260869565,47.3913043478261
EPI_ISL_5247|Human|H1N1|2001.523|Oceania|seasonal,2001.523,-222.7,46.3768115942029,690,690,44.3478260869565,47.3913043478261
EPI_ISL_5387|Human|H1N1|2001.49|Oceania|seasonal,2001.49,-222.7,46.3768115942029,690,690,44.3478260869565,47.3913043478261
EPI_ISL_5242|Human|H1N1|2001.504|Oceania|seasonal,2001.504,-222.7,46.3768115942029,690,690,44.3478260869565,47.3913043478261
EPI_ISL_5364|Human|H1N1|2001.433|Oceania|seasonal,2001.433,-221.1,46.231884057971,690,690,43.9130434782609,47.3913043478261
EPI_ISL_6898|Human|H1N1|2001.638|Oceania|seasonal,2001.638,-219.7,46.231884057971,690,690,43.9130434782609,47.3913043478261
EPI_ISL_6851|Human|H1N1|2001.501|Oceania|seasonal,2001.501,-216.2,46.0869565217391,690,690,43.9130434782609,47.1739130434783
EPI_ISL_5385|Human|H1N1|2001.468|Oceania|seasonal,2001.468,-219.7,46.0869565217391,690,690,43.9130434782609,47.1739130434783
EPI_ISL_30207|Human|H1N1|2002.074|Asia|seasonal,2002.074,-222.7,46.231884057971,690,690,44.3478260869565,47.1739130434783
EPI_ISL_30216|Human|H1N1|2002.005|Asia|seasonal,2002.005,-223,46.0869565217391,690,690,44.3478260869565,46.9565217391304
EPI_ISL_30217|Human|H1N1|2002.011|Asia|seasonal,2002.011,-223.2,46.5217391304348,690,690,44.3478260869565,47.6086956521739
EPI_ISL_87723|Human|H1N1|2002|Asia|,2002,-223.2,46.5217391304348,690,690,44.3478260869565,47.6086956521739
EPI_ISL_5411|Human|H1N1|2001.556|Oceania|seasonal,2001.556,-222.7,46.3768115942029,690,690,44.3478260869565,47.3913043478261
EPI_ISL_5266|Human|H1N1|2001.501|Oceania|seasonal,2001.501,-222.1,46.5217391304348,690,690,44.3478260869565,47.6086956521739
EPI_ISL_5259|Human|H1N1|2001.616|Oceania|seasonal,2001.616,-223.9,46.231884057971,690,690,43.9130434782609,47.3913043478261
EPI_ISL_7148|Human|H1N1|2001.507|Oceania|seasonal,2001.507,-223.5,46.231884057971,690,690,44.3478260869565,47.1739130434783
EPI_ISL_5349|Human|H1N1|2001.54|Oceania|seasonal,2001.54,-222.7,46.3768115942029,690,690,44.3478260869565,47.3913043478261
EPI_ISL_123185|Human|H1N1|2001|SouthAmerica|,2001,-220.8,46.5217391304348,690,690,44.7826086956522,47.3913043478261
EPI_ISL_5359|Human|H1N1|2001.405|Oceania|seasonal,2001.405,-219.7,46.231884057971,690,690,43.9130434782609,47.3913043478261
EPI_ISL_5271|Human|H1N1|2001.54|Oceania|seasonal,2001.54,-220,46.3768115942029,690,690,44.3478260869565,47.3913043478261
EPI_ISL_5267|Human|H1N1|2001.504|Oceania|seasonal,2001.504,-222.7,46.3768115942029,690,690,44.3478260869565,47.3913043478261
EPI_ISL_5201|Human|H1N1|2001.479|Oceania|seasonal,2001.479,-222.7,46.3768115942029,690,690,44.3478260869565,47.3913043478261
EPI_ISL_123187|Human|H1N1|2001|Oceania|,2001,-220.9,46.5217391304348,690,690,44.3478260869565,47.6086956521739
EPI_ISL_5258|Human|H1N1|2001.567|Oceania|seasonal,2001.567,-222.7,46.5217391304348,690,690,44.3478260869565,47.6086956521739
EPI_ISL_5251|Human|H1N1|2001.548|Oceania|seasonal,2001.548,-222.7,46.5217391304348,690,690,44.3478260869565,47.6086956521739
EPI_ISL_5270|Human|H1N1|2001.542|Oceania|seasonal,2001.542,-222.7,46.5217391304348,690,690,44.3478260869565,47.6086956521739
EPI_ISL_5275|Human|H1N1|2001.57|Oceania|seasonal,2001.57,-222.7,46.5217391304348,690,690,44.3478260869565,47.6086956521739
EPI_ISL_5245|Human|H1N1|2001.518|Oceania|seasonal,2001.518,-222.7,46.5217391304348,690,690,44.3478260869565,47.6086956521739
EPI_ISL_5241|Human|H1N1|2001.507|Oceania|seasonal,2001.507,-222.7,46.5217391304348,690,690,44.3478260869565,47.6086956521739
EPI_ISL_5240|Human|H1N1|2001.507|Oceania|seasonal,2001.507,-222.7,46.5217391304348,690,690,44.3478260869565,47.6086956521739
EPI_ISL_5211|Human|H1N1|2001.545|Oceania|seasonal,2001.545,-222.7,46.5217391304348,690,690,44.3478260869565,47.6086956521739
EPI_ISL_5312|Human|H1N1|2001.488|Oceania|seasonal,2001.488,-222.7,46.3768115942029,690,690,44.3478260869565,47.3913043478261
EPI_ISL_8593|Human|H1N1|2001.115|NorthAmerica|seasonal,2001.115,-220.4,46.3768115942029,690,690,44.3478260869565,47.3913043478261
EPI_ISL_8610|Human|H1N1|2001.049|NorthAmerica|seasonal,2001.049,-218.9,46.6374269005848,684,684,44.2982456140351,47.8070175438597
EPI_ISL_8990|Human|H1N1|2001.063|NorthAmerica|seasonal,2001.063,-220.4,46.3768115942029,690,690,44.3478260869565,47.3913043478261
EPI_ISL_8611|Human|H1N1|2001.058|NorthAmerica|seasonal,2001.058,-220.4,46.3768115942029,690,690,44.3478260869565,47.3913043478261
EPI_ISL_8711|Human|H1N1|2001.068|NorthAmerica|seasonal,2001.068,-220.4,46.3768115942029,690,690,44.3478260869565,47.3913043478261
EPI_ISL_8968|Human|H1N1|2001.159|NorthAmerica|seasonal,2001.159,-220.4,46.3768115942029,690,690,44.3478260869565,47.3913043478261
EPI_ISL_8667|Human|H1N1|2001.14|NorthAmerica|seasonal,2001.14,-222.9,46.3768115942029,690,690,44.3478260869565,47.3913043478261
EPI_ISL_8255|Human|H1N1|2001.14|NorthAmerica|seasonal,2001.14,-220.2,46.5217391304348,690,690,44.7826086956522,47.3913043478261
EPI_ISL_123188|Human|H1N1|2002|Europe|,2002,-224.3,46.231884057971,690,690,43.9130434782609,47.3913043478261
EPI_ISL_123182|Human|H1N1|2000|SouthAmerica|,2000,-223.2,46.8115942028985,690,690,45.2173913043478,47.6086956521739
EPI_ISL_6866|Human|H1N1|2001|NorthAmerica|seasonal,2001,-222.4,46.8115942028985,690,690,45.2173913043478,47.6086956521739
EPI_ISL_8271|Human|H1N1|2001.03|NorthAmerica|seasonal,2001.03,-222.4,46.6666666666667,690,690,44.7826086956522,47.6086956521739
EPI_ISL_8234|Human|H1N1|2001.025|NorthAmerica|seasonal,2001.025,-223.2,46.8115942028985,690,690,45.2173913043478,47.6086956521739
EPI_ISL_8665|Human|H1N1|2001.025|NorthAmerica|seasonal,2001.025,-223.2,46.8115942028985,690,690,45.2173913043478,47.6086956521739
EPI_ISL_123181|Human|H1N1|2000|Asia|,2000,-221.8,46.6666666666667,690,690,45.2173913043478,47.3913043478261
EPI_ISL_6867|Human|H1N1|2001|NorthAmerica|seasonal,2001,-222.3,46.8115942028985,690,690,45.2173913043478,47.6086956521739
EPI_ISL_7101|Human|H1N1|2000.68|Oceania|seasonal,2000.68,-221.5,46.5217391304348,690,690,44.7826086956522,47.3913043478261
EPI_ISL_503094|Human|H1N1|2000|SouthAmerica|,2000,-218.5,46.5217391304348,690,690,44.3478260869565,47.6086956521739
EPI_ISL_503065|Human|H1N1|2000|SouthAmerica|,2000,-218.5,46.5217391304348,690,690,44.3478260869565,47.6086956521739
EPI_ISL_123190|Human|H1N1|2002|Asia|,2002,-223,46.3768115942029,690,690,44.3478260869565,47.3913043478261
EPI_ISL_9058|Human|H1N1|2003.06|NorthAmerica|seasonal,2003.06,-220,46.3768115942029,690,690,44.7826086956522,47.1739130434783
EPI_ISL_8272|Human|H1N1|2003.159|NorthAmerica|seasonal,2003.159,-216.3,46.0869565217391,690,690,44.3478260869565,46.9565217391304
EPI_ISL_8654|Human|H1N1|2003.173|NorthAmerica|seasonal,2003.173,-216.3,46.0869565217391,690,690,44.3478260869565,46.9565217391304
EPI_ISL_5099|Human|H1N1|2003.052|NorthAmerica|seasonal,2003.052,-216.3,46.231884057971,690,690,44.7826086956522,46.9565217391304
EPI_ISL_8250|Human|H1N1|2002.984|NorthAmerica|seasonal,2002.984,-216.3,46.231884057971,690,690,44.7826086956522,46.9565217391304
EPI_ISL_9259|Human|H1N1|2003.036|NorthAmerica|seasonal,2003.036,-216.3,46.231884057971,690,690,44.7826086956522,46.9565217391304
EPI_ISL_8270|Human|H1N1|2003.038|NorthAmerica|seasonal,2003.038,-220,46.3768115942029,690,690,44.7826086956522,47.1739130434783
EPI_ISL_8693|Human|H1N1|2003.055|NorthAmerica|seasonal,2003.055,-220,46.3768115942029,690,690,44.7826086956522,47.1739130434783
EPI_ISL_8594|Human|H1N1|2003.058|NorthAmerica|seasonal,2003.058,-220,46.3768115942029,690,690,44.7826086956522,47.1739130434783
EPI_ISL_8655|Human|H1N1|2003.074|NorthAmerica|seasonal,2003.074,-220.6,46.231884057971,690,690,44.7826086956522,46.9565217391304
EPI_ISL_123191|Human|H1N1|2003|Oceania|,2003,-220.8,46.231884057971,690,690,44.7826086956522,46.9565217391304
EPI_ISL_8251|Human|H1N1|2003.227|NorthAmerica|seasonal,2003.227,-220,46.231884057971,690,690,44.7826086956522,46.9565217391304
EPI_ISL_6846|Human|H1N1|2003|NorthAmerica|seasonal,2003,-224.1,46.5217391304348,690,690,45.2173913043478,47.1739130434783
EPI_ISL_8262|Human|H1N1|2003.071|NorthAmerica|seasonal,2003.071,-220,46.5217391304348,690,690,45.2173913043478,47.1739130434783
EPI_ISL_9027|Human|H1N1|2003.115|NorthAmerica|seasonal,2003.115,-220,46.3768115942029,690,690,44.7826086956522,47.1739130434783
EPI_ISL_8606|Human|H1N1|2003.216|NorthAmerica|seasonal,2003.216,-217.2,46.6666666666667,690,690,45.2173913043478,47.3913043478261
EPI_ISL_8645|Human|H1N1|2003.036|NorthAmerica|seasonal,2003.036,-213.6,46.231884057971,690,690,44.7826086956522,46.9565217391304
EPI_ISL_8695|Human|H1N1|2003.151|NorthAmerica|seasonal,2003.151,-220,46.3768115942029,690,690,44.7826086956522,47.1739130434783
EPI_ISL_67226|Human|H1N1|2003|NorthAmerica|seasonal,2003,-220,46.3768115942029,690,690,44.7826086956522,47.1739130434783
EPI_ISL_6370|Human|H1N1|2005|Oceania|seasonal,2005,-216.2,46.0869565217391,690,690,43.4782608695652,47.3913043478261
EPI_ISL_6868|Human|H1N1|2005.603|Oceania|seasonal,2005.603,-218,46.0869565217391,690,690,43.4782608695652,47.3913043478261
EPI_ISL_5658|Human|H1N1|2005.715|Oceania|seasonal,2005.715,-217.6,46.0869565217391,690,690,43.4782608695652,47.3913043478261
EPI_ISL_5657|Human|H1N1|2005.718|Oceania|seasonal,2005.718,-211.1,45.9420289855072,690,690,43.4782608695652,47.1739130434783
EPI_ISL_5654|Human|H1N1|2005.699|Oceania|seasonal,2005.699,-211.1,45.9420289855072,690,690,43.4782608695652,47.1739130434783
EPI_ISL_5653|Human|H1N1|2005.679|Oceania|seasonal,2005.679,-211.1,45.9420289855072,690,690,43.4782608695652,47.1739130434783
EPI_ISL_5709|Human|H1N1|2005.685|Oceania|seasonal,2005.685,-211.1,45.9420289855072,690,690,43.4782608695652,47.1739130434783
EPI_ISL_7055|Human|H1N1|2005|Oceania|seasonal,2005,-218.2,46.231884057971,690,690,43.4782608695652,47.6086956521739
EPI_ISL_5655|Human|H1N1|2005.682|Oceania|seasonal,2005.682,-218.5,46.0869565217391,690,690,43.0434782608696,47.6086956521739
EPI_ISL_6161|Human|H1N1|2005.759|Oceania|seasonal,2005.759,-211.1,45.9420289855072,690,690,43.4782608695652,47.1739130434783
EPI_ISL_6368|Human|H1N1|2005|Oceania|seasonal,2005,-219.9,46.5217391304348,690,690,44.3478260869565,47.6086956521739
EPI_ISL_7154|Human|H1N1|2005.496|Oceania|seasonal,2005.496,-218.6,46.0869565217391,690,690,43.0434782608696,47.6086956521739
EPI_ISL_6455|Human|H1N1|2006.271|NorthAmerica|seasonal,2006.271,-218.2,46.231884057971,690,690,43.4782608695652,47.6086956521739
EPI_ISL_6369|Human|H1N1|2005|Oceania|seasonal,2005,-218.2,46.231884057971,690,690,43.4782608695652,47.6086956521739
EPI_ISL_7578|Human|H1N1|2007.142|NorthAmerica|seasonal,2007.142,-218.3,46.0869565217391,690,690,43.4782608695652,47.3913043478261
EPI_ISL_7788|Human|H1N1|2007.118|NorthAmerica|seasonal,2007.118,-218.3,46.0869565217391,690,690,43.4782608695652,47.3913043478261
EPI_ISL_7574|Human|H1N1|2007.137|NorthAmerica|seasonal,2007.137,-219,46.0869565217391,690,690,43.0434782608696,47.6086956521739
EPI_ISL_7802|Human|H1N1|2007.06|NorthAmerica|seasonal,2007.06,-218.7,45.9420289855072,690,690,43.0434782608696,47.3913043478261
EPI_ISL_7562|Human|H1N1|2007.06|NorthAmerica|seasonal,2007.06,-218.7,45.9420289855072,690,690,43.0434782608696,47.3913043478261
EPI_ISL_7593|Human|H1N1|2007.077|NorthAmerica|seasonal,2007.077,-216.4,45.7971014492754,690,690,42.6086956521739,47.3913043478261
EPI_ISL_7761|Human|H1N1|2007.123|NorthAmerica|seasonal,2007.123,-218.3,46.0869565217391,690,690,43.4782608695652,47.3913043478261
EPI_ISL_7903|Human|H1N1|2007.134|NorthAmerica|seasonal,2007.134,-218.3,46.0869565217391,690,690,43.4782608695652,47.3913043478261
EPI_ISL_7945|Human|H1N1|2007.082|NorthAmerica|seasonal,2007.082,-218.3,46.0869565217391,690,690,43.4782608695652,47.3913043478261
EPI_ISL_7771|Human|H1N1|2007.123|NorthAmerica|seasonal,2007.123,-216.1,45.9420289855072,690,690,43.0434782608696,47.3913043478261
EPI_ISL_7764|Human|H1N1|2007.099|NorthAmerica|seasonal,2007.099,-218.3,46.0869565217391,690,690,43.4782608695652,47.3913043478261
EPI_ISL_7648|Human|H1N1|2007.099|NorthAmerica|seasonal,2007.099,-218.3,46.0869565217391,690,690,43.4782608695652,47.3913043478261
EPI_ISL_8044|Human|H1N1|2007.153|NorthAmerica|seasonal,2007.153,-218.1,45.6521739130435,690,690,43.4782608695652,46.7391304347826
EPI_ISL_84454|Human|H1N1|2007.115|Europe|,2007.115,-219.1,45.9420289855072,690,690,43.4782608695652,47.1739130434783
EPI_ISL_7804|Human|H1N1|2007.121|NorthAmerica|seasonal,2007.121,-216.2,46.0869565217391,690,690,43.9130434782609,47.1739130434783
EPI_ISL_7907|Human|H1N1|2007.178|NorthAmerica|seasonal,2007.178,-219.1,45.9420289855072,690,690,43.4782608695652,47.1739130434783
EPI_ISL_7891|Human|H1N1|2007.173|NorthAmerica|seasonal,2007.173,-219.1,45.9420289855072,690,690,43.4782608695652,47.1739130434783
EPI_ISL_8005|Human|H1N1|2007.096|NorthAmerica|seasonal,2007.096,-219.1,45.6521739130435,690,690,43.0434782608696,46.9565217391304
EPI_ISL_7591|Human|H1N1|2007.047|NorthAmerica|seasonal,2007.047,-219.4,46.0869565217391,690,690,43.9130434782609,47.1739130434783
EPI_ISL_7889|Human|H1N1|2007.184|NorthAmerica|seasonal,2007.184,-216,45.7971014492754,690,690,43.4782608695652,46.9565217391304
EPI_ISL_7880|Human|H1N1|2007.099|NorthAmerica|seasonal,2007.099,-219.1,45.9420289855072,690,690,43.4782608695652,47.1739130434783
EPI_ISL_7921|Human|H1N1|2007.145|NorthAmerica|seasonal,2007.145,-216.8,45.6521739130435,690,690,43.4782608695652,46.7391304347826
EPI_ISL_7958|Human|H1N1|2007.079|NorthAmerica|seasonal,2007.079,-217.3,45.7971014492754,690,690,43.4782608695652,46.9565217391304
EPI_ISL_7557|Human|H1N1|2006.989|NorthAmerica|seasonal,2006.989,-219.1,45.9420289855072,690,690,43.4782608695652,47.1739130434783
EPI_ISL_7893|Human|H1N1|2007.077|NorthAmerica|seasonal,2007.077,-219.1,45.9420289855072,690,690,43.4782608695652,47.1739130434783
EPI_ISL_7766|Human|H1N1|2007.178|NorthAmerica|seasonal,2007.178,-219.7,45.7971014492754,690,690,43.4782608695652,46.9565217391304
EPI_ISL_7612|Human|H1N1|2007.181|NorthAmerica|seasonal,2007.181,-219.1,45.9420289855072,690,690,43.4782608695652,47.1739130434783
EPI_ISL_7860|Human|H1N1|2007.096|NorthAmerica|seasonal,2007.096,-219.1,45.9420289855072,690,690,43.4782608695652,47.1739130434783
EPI_ISL_8006|Human|H1N1|2007.099|NorthAmerica|seasonal,2007.099,-219.1,45.9420289855072,690,690,43.4782608695652,47.1739130434783
EPI_ISL_7947|Human|H1N1|2007.156|NorthAmerica|seasonal,2007.156,-219.1,45.9420289855072,690,690,43.4782608695652,47.1739130434783
EPI_ISL_7909|Human|H1N1|2007.153|NorthAmerica|seasonal,2007.153,-219.1,45.9420289855072,690,690,43.4782608695652,47.1739130434783
EPI_ISL_7646|Human|H1N1|2007.178|NorthAmerica|seasonal,2007.178,-219.1,45.9420289855072,690,690,43.4782608695652,47.1739130434783
EPI_ISL_7968|Human|H1N1|2007.079|NorthAmerica|seasonal,2007.079,-218.7,46.0869565217391,690,690,43.4782608695652,47.3913043478261
EPI_ISL_8084|Human|H1N1|2007.137|NorthAmerica|seasonal,2007.137,-218.7,46.0869565217391,690,690,43.4782608695652,47.3913043478261
EPI_ISL_7782|Human|H1N1|2007.107|NorthAmerica|seasonal,2007.107,-216.6,45.9420289855072,690,690,43.4782608695652,47.1739130434783
EPI_ISL_7576|Human|H1N1|2007.153|NorthAmerica|seasonal,2007.153,-218.7,46.0869565217391,690,690,43.4782608695652,47.3913043478261
EPI_ISL_7565|Human|H1N1|2007.142|NorthAmerica|seasonal,2007.142,-218.7,46.0869565217391,690,690,43.4782608695652,47.3913043478261
EPI_ISL_7915|Human|H1N1|2007.118|NorthAmerica|seasonal,2007.118,-218.7,46.0869565217391,690,690,43.4782608695652,47.3913043478261
EPI_ISL_7818|Human|H1N1|2007.118|NorthAmerica|seasonal,2007.118,-218.7,46.0869565217391,690,690,43.4782608695652,47.3913043478261
EPI_ISL_7897|Human|H1N1|2007.079|NorthAmerica|seasonal,2007.079,-220.3,46.231884057971,690,690,43.4782608695652,47.6086956521739
EPI_ISL_7859|Human|H1N1|2007.077|NorthAmerica|seasonal,2007.077,-218.7,46.0869565217391,690,690,43.4782608695652,47.3913043478261
EPI_ISL_7996|Human|H1N1|2007.077|NorthAmerica|seasonal,2007.077,-218.7,46.0869565217391,690,690,43.4782608695652,47.3913043478261
EPI_ISL_7965|Human|H1N1|2007.066|NorthAmerica|seasonal,2007.066,-216.7,45.9420289855072,690,690,43.4782608695652,47.1739130434783
EPI_ISL_7917|Human|H1N1|2007.077|NorthAmerica|seasonal,2007.077,-216.7,45.9420289855072,690,690,43.4782608695652,47.1739130434783
EPI_ISL_8039|Human|H1N1|2007.104|NorthAmerica|seasonal,2007.104,-218.7,46.0869565217391,690,690,43.4782608695652,47.3913043478261
EPI_ISL_7950|Human|H1N1|2007.082|NorthAmerica|seasonal,2007.082,-218.7,46.0869565217391,690,690,43.4782608695652,47.3913043478261
EPI_ISL_7912|Human|H1N1|2007.085|NorthAmerica|seasonal,2007.085,-218.7,46.0869565217391,690,690,43.4782608695652,47.3913043478261
EPI_ISL_7923|Human|H1N1|2007.079|NorthAmerica|seasonal,2007.079,-218.7,46.0869565217391,690,690,43.4782608695652,47.3913043478261
EPI_ISL_7874|Human|H1N1|2007.085|NorthAmerica|seasonal,2007.085,-218.7,46.0869565217391,690,690,43.4782608695652,47.3913043478261
EPI_ISL_7603|Human|H1N1|2007.153|NorthAmerica|seasonal,2007.153,-219.4,46.231884057971,690,690,43.4782608695652,47.6086956521739
EPI_ISL_8037|Human|H1N1|2007.145|NorthAmerica|seasonal,2007.145,-218.4,45.9420289855072,690,690,43.4782608695652,47.1739130434783
EPI_ISL_7602|Human|H1N1|2007.175|NorthAmerica|seasonal,2007.175,-219.6,45.7971014492754,690,690,43.0434782608696,47.1739130434783
EPI_ISL_7765|Human|H1N1|2007.03|NorthAmerica|seasonal,2007.03,-218.7,46.0869565217391,690,690,43.4782608695652,47.3913043478261
EPI_ISL_30819|Human|H1N1|2007.153|NorthAmerica|seasonal,2007.153,-221.2,46.231884057971,690,690,43.9130434782609,47.3913043478261
EPI_ISL_7584|Human|H1N1|2007.134|NorthAmerica|seasonal,2007.134,-217.5,45.9420289855072,690,690,43.0434782608696,47.3913043478261
EPI_ISL_7837|Human|H1N1|2007.162|NorthAmerica|seasonal,2007.162,-218.2,45.9420289855072,690,690,43.0434782608696,47.3913043478261
EPI_ISL_7892|Human|H1N1|2007.079|NorthAmerica|seasonal,2007.079,-218.7,46.0869565217391,690,690,43.4782608695652,47.3913043478261
EPI_ISL_7980|Human|H1N1|2007.121|NorthAmerica|seasonal,2007.121,-218.7,46.0869565217391,690,690,43.4782608695652,47.3913043478261
EPI_ISL_7951|Human|H1N1|2007.178|NorthAmerica|seasonal,2007.178,-218.7,46.0869565217391,690,690,43.4782608695652,47.3913043478261
EPI_ISL_7851|Human|H1N1|2007.118|NorthAmerica|seasonal,2007.118,-218.7,45.9420289855072,690,690,43.0434782608696,47.3913043478261
EPI_ISL_7845|Human|H1N1|2007.077|NorthAmerica|seasonal,2007.077,-217.5,45.9420289855072,690,690,43.4782608695652,47.1739130434783
EPI_ISL_7881|Human|H1N1|2006.962|NorthAmerica|seasonal,2006.962,-218.7,46.0869565217391,690,690,43.4782608695652,47.3913043478261
EPI_ISL_7960|Human|H1N1|2007.134|NorthAmerica|seasonal,2007.134,-220.2,46.8115942028985,690,690,44.7826086956522,47.8260869565217
EPI_ISL_7916|Human|H1N1|2007.115|NorthAmerica|seasonal,2007.115,-218.1,46.5217391304348,690,690,44.3478260869565,47.6086956521739
EPI_ISL_7760|Human|H1N1|2007.104|NorthAmerica|seasonal,2007.104,-218.1,46.5217391304348,690,690,44.3478260869565,47.6086956521739
EPI_ISL_7814|Human|H1N1|2007.14|NorthAmerica|seasonal,2007.14,-217.4,46.3768115942029,690,690,44.3478260869565,47.3913043478261
EPI_ISL_7946|Human|H1N1|2007.068|NorthAmerica|seasonal,2007.068,-218.1,46.5217391304348,690,690,44.3478260869565,47.6086956521739
EPI_ISL_7908|Human|H1N1|2007.077|NorthAmerica|seasonal,2007.077,-218.1,46.5217391304348,690,690,44.3478260869565,47.6086956521739
EPI_ISL_7906|Human|H1N1|2007.115|NorthAmerica|seasonal,2007.115,-218.1,46.5217391304348,690,690,44.3478260869565,47.6086956521739
EPI_ISL_19103|Human|H1N1|2007.079|NorthAmerica|seasonal,2007.079,-218.1,46.5217391304348,690,690,44.3478260869565,47.6086956521739
EPI_ISL_7944|Human|H1N1|2007.181|NorthAmerica|seasonal,2007.181,-213.6,46.3768115942029,690,690,43.9130434782609,47.6086956521739
EPI_ISL_7823|Human|H1N1|2007.041|NorthAmerica|seasonal,2007.041,-219,45.9420289855072,690,690,43.4782608695652,47.1739130434783
EPI_ISL_8031|Human|H1N1|2007.099|NorthAmerica|seasonal,2007.099,-222.9,46.3768115942029,690,690,43.9130434782609,47.6086956521739
EPI_ISL_7869|Human|H1N1|2007.088|NorthAmerica|seasonal,2007.088,-220.9,46.0869565217391,690,690,43.4782608695652,47.3913043478261
EPI_ISL_7847|Human|H1N1|2007.079|NorthAmerica|seasonal,2007.079,-220.9,46.0869565217391,690,690,43.4782608695652,47.3913043478261
EPI_ISL_7846|Human|H1N1|2007.082|NorthAmerica|seasonal,2007.082,-220.9,46.0869565217391,690,690,43.4782608695652,47.3913043478261
EPI_ISL_7993|Human|H1N1|2007.145|NorthAmerica|seasonal,2007.145,-220.9,46.0869565217391,690,690,43.4782608695652,47.3913043478261
EPI_ISL_8008|Human|H1N1|2007.118|NorthAmerica|seasonal,2007.118,-220.9,46.0869565217391,690,690,43.4782608695652,47.3913043478261
EPI_ISL_8001|Human|H1N1|2007.066|NorthAmerica|seasonal,2007.066,-216.6,46.0869565217391,690,690,43.9130434782609,47.1739130434783
EPI_ISL_7977|Human|H1N1|2007.118|NorthAmerica|seasonal,2007.118,-220.5,46.231884057971,690,690,43.9130434782609,47.3913043478261
EPI_ISL_19102|Human|H1N1|2007.077|NorthAmerica|seasonal,2007.077,-216.9,46.0869565217391,690,690,43.9130434782609,47.1739130434783
EPI_ISL_8023|Human|H1N1|2007.041|NorthAmerica|seasonal,2007.041,-220.6,46.231884057971,690,690,43.9130434782609,47.3913043478261
EPI_ISL_7964|Human|H1N1|2007.041|NorthAmerica|seasonal,2007.041,-220.6,46.231884057971,690,690,43.9130434782609,47.3913043478261
EPI_ISL_7986|Human|H1N1|2007.153|NorthAmerica|seasonal,2007.153,-220.9,46.0869565217391,690,690,43.4782608695652,47.3913043478261
EPI_ISL_7613|Human|H1N1|2007.115|NorthAmerica|seasonal,2007.115,-218.1,46.3768115942029,690,690,43.9130434782609,47.6086956521739
EPI_ISL_7594|Human|H1N1|2007.159|NorthAmerica|seasonal,2007.159,-218.1,46.5217391304348,690,690,44.3478260869565,47.6086956521739
EPI_ISL_7649|Human|H1N1|2007.085|NorthAmerica|seasonal,2007.085,-218.1,46.5217391304348,690,690,44.3478260869565,47.6086956521739
EPI_ISL_7767|Human|H1N1|2007.173|NorthAmerica|seasonal,2007.173,-217.6,46.6666666666667,690,690,44.7826086956522,47.6086956521739
EPI_ISL_7961|Human|H1N1|2007.107|NorthAmerica|seasonal,2007.107,-218.1,46.5217391304348,690,690,44.3478260869565,47.6086956521739
EPI_ISL_8030|Human|H1N1|2007.077|NorthAmerica|seasonal,2007.077,-218.1,46.5217391304348,690,690,44.3478260869565,47.6086956521739
EPI_ISL_7570|Human|H1N1|2007.14|NorthAmerica|seasonal,2007.14,-218.1,46.5217391304348,690,690,44.3478260869565,47.6086956521739
EPI_ISL_7600|Human|H1N1|2007.115|NorthAmerica|seasonal,2007.115,-218.7,46.3768115942029,690,690,43.9130434782609,47.6086956521739
EPI_ISL_7559|Human|H1N1|2007.011|NorthAmerica|seasonal,2007.011,-218.3,46.3768115942029,690,690,43.9130434782609,47.6086956521739
EPI_ISL_7560|Human|H1N1|2007.008|NorthAmerica|seasonal,2007.008,-218.7,46.3768115942029,690,690,43.9130434782609,47.6086956521739
EPI_ISL_7630|Human|H1N1|2007.058|NorthAmerica|seasonal,2007.058,-218.2,46.5217391304348,690,690,44.3478260869565,47.6086956521739
EPI_ISL_7862|Human|H1N1|2007.134|NorthAmerica|seasonal,2007.134,-218.2,46.5217391304348,690,690,44.3478260869565,47.6086956521739
EPI_ISL_7941|Human|H1N1|2007.195|NorthAmerica|seasonal,2007.195,-218.2,46.5217391304348,690,690,44.3478260869565,47.6086956521739
EPI_ISL_8035|Human|H1N1|2007.134|NorthAmerica|seasonal,2007.134,-218.2,46.5217391304348,690,690,44.3478260869565,47.6086956521739
EPI_ISL_7779|Human|H1N1|2007.175|NorthAmerica|seasonal,2007.175,-217,46.231884057971,690,690,43.4782608695652,47.6086956521739
EPI_ISL_7580|Human|H1N1|2007.101|NorthAmerica|seasonal,2007.101,-219,46.3768115942029,690,690,43.9130434782609,47.6086956521739
EPI_ISL_7898|Human|H1N1|2007.14|NorthAmerica|seasonal,2007.14,-218.2,46.5217391304348,690,690,44.3478260869565,47.6086956521739
EPI_ISL_7601|Human|H1N1|2007.088|NorthAmerica|seasonal,2007.088,-218.2,46.5217391304348,690,690,44.3478260869565,47.6086956521739
EPI_ISL_7972|Human|H1N1|2006.989|NorthAmerica|seasonal,2006.989,-218.2,46.5217391304348,690,690,44.3478260869565,47.6086956521739
EPI_ISL_8079|Human|H1N1|2007.159|NorthAmerica|seasonal,2007.159,-218.2,46.5217391304348,690,690,44.3478260869565,47.6086956521739
EPI_ISL_7777|Human|H1N1|2007.137|NorthAmerica|seasonal,2007.137,-218.2,46.5217391304348,690,690,44.3478260869565,47.6086956521739
EPI_ISL_28863|Human|H1N1|2007.153|NorthAmerica|seasonal,2007.153,-218.2,46.3768115942029,690,690,43.9130434782609,47.6086956521739
EPI_ISL_7607|Human|H1N1|2007.068|NorthAmerica|seasonal,2007.068,-218,46.3768115942029,690,690,43.9130434782609,47.6086956521739
EPI_ISL_7606|Human|H1N1|2007.085|NorthAmerica|seasonal,2007.085,-218,46.3768115942029,690,690,43.9130434782609,47.6086956521739
EPI_ISL_7598|Human|H1N1|2007.082|NorthAmerica|seasonal,2007.082,-218,46.3768115942029,690,690,43.9130434782609,47.6086956521739
EPI_ISL_7632|Human|H1N1|2007.079|NorthAmerica|seasonal,2007.079,-218.2,46.5217391304348,690,690,44.3478260869565,47.6086956521739
EPI_ISL_7571|Human|H1N1|2007.115|NorthAmerica|seasonal,2007.115,-218.2,46.5217391304348,690,690,44.3478260869565,47.6086956521739
EPI_ISL_7870|Human|H1N1|2007.088|NorthAmerica|seasonal,2007.088,-214.1,46.231884057971,690,690,43.9130434782609,47.3913043478261
EPI_ISL_7840|Human|H1N1|2007.126|NorthAmerica|seasonal,2007.126,-218.2,46.5217391304348,690,690,44.3478260869565,47.6086956521739
EPI_ISL_7835|Human|H1N1|2007.118|NorthAmerica|seasonal,2007.118,-218.2,46.5217391304348,690,690,44.3478260869565,47.6086956521739
EPI_ISL_7801|Human|H1N1|2007.068|NorthAmerica|seasonal,2007.068,-218.2,46.5217391304348,690,690,44.3478260869565,47.6086956521739
EPI_ISL_7914|Human|H1N1|2007.175|NorthAmerica|seasonal,2007.175,-218.8,46.5217391304348,690,690,44.3478260869565,47.6086956521739
EPI_ISL_7905|Human|H1N1|2007.137|NorthAmerica|seasonal,2007.137,-218.2,46.5217391304348,690,690,44.3478260869565,47.6086956521739
EPI_ISL_28891|Human|H1N1|2007.14|NorthAmerica|seasonal,2007.14,-218.2,46.5217391304348,690,690,44.3478260869565,47.6086956521739
EPI_ISL_7808|Human|H1N1|2007.145|NorthAmerica|seasonal,2007.145,-218.2,46.5217391304348,690,690,44.3478260869565,47.6086956521739
EPI_ISL_7852|Human|H1N1|2007.14|NorthAmerica|seasonal,2007.14,-218.2,46.5217391304348,690,690,44.3478260869565,47.6086956521739
EPI_ISL_7626|Human|H1N1|2007.14|NorthAmerica|seasonal,2007.14,-218.2,46.5217391304348,690,690,44.3478260869565,47.6086956521739
EPI_ISL_7596|Human|H1N1|2007.137|NorthAmerica|seasonal,2007.137,-218.2,46.5217391304348,690,690,44.3478260869565,47.6086956521739
EPI_ISL_7828|Human|H1N1|2007.153|NorthAmerica|seasonal,2007.153,-218.2,46.5217391304348,690,690,44.3478260869565,47.6086956521739
EPI_ISL_7778|Human|H1N1|2007.137|NorthAmerica|seasonal,2007.137,-218.2,46.5217391304348,690,690,44.3478260869565,47.6086956521739
EPI_ISL_28864|Human|H1N1|2007.118|NorthAmerica|seasonal,2007.118,-218.2,46.5217391304348,690,690,44.3478260869565,47.6086956521739
EPI_ISL_7615|Human|H1N1|2007.137|NorthAmerica|seasonal,2007.137,-218.2,46.5217391304348,690,690,44.3478260869565,47.6086956521739
EPI_ISL_30818|Human|H1N1|2007.126|NorthAmerica|seasonal,2007.126,-218.2,46.5217391304348,690,690,44.3478260869565,47.6086956521739
EPI_ISL_8013|Human|H1N1|2007.058|NorthAmerica|seasonal,2007.058,-217.7,46.0869565217391,690,690,43.4782608695652,47.3913043478261
EPI_ISL_7886|Human|H1N1|2007.162|NorthAmerica|seasonal,2007.162,-218.2,46.3768115942029,690,690,44.3478260869565,47.3913043478261
EPI_ISL_7995|Human|H1N1|2007.115|NorthAmerica|seasonal,2007.115,-218.2,46.5217391304348,690,690,44.3478260869565,47.6086956521739
EPI_ISL_7833|Human|H1N1|2007.126|NorthAmerica|seasonal,2007.126,-218.2,46.5217391304348,690,690,44.3478260869565,47.6086956521739
EPI_ISL_7854|Human|H1N1|2007.118|NorthAmerica|seasonal,2007.118,-218.2,46.5217391304348,690,690,44.3478260869565,47.6086956521739
EPI_ISL_16409|Human|H1N1|2007.107|NorthAmerica|seasonal,2007.107,-218.2,46.5217391304348,690,690,44.3478260869565,47.6086956521739
EPI_ISL_7987|Human|H1N1|2007.077|NorthAmerica|seasonal,2007.077,-218.2,46.5217391304348,690,690,44.3478260869565,47.6086956521739
EPI_ISL_8007|Human|H1N1|2007.137|NorthAmerica|seasonal,2007.137,-219.4,46.5217391304348,690,690,44.3478260869565,47.6086956521739
EPI_ISL_7984|Human|H1N1|2007.118|NorthAmerica|seasonal,2007.118,-218.2,46.5217391304348,690,690,44.3478260869565,47.6086956521739
EPI_ISL_7970|Human|H1N1|2007.137|NorthAmerica|seasonal,2007.137,-219.4,46.5217391304348,690,690,44.3478260869565,47.6086956521739
EPI_ISL_7943|Human|H1N1|2007.121|NorthAmerica|seasonal,2007.121,-213.4,46.3768115942029,690,690,43.9130434782609,47.6086956521739
EPI_ISL_7787|Human|H1N1|2007.195|NorthAmerica|seasonal,2007.195,-218.2,46.5217391304348,690,690,44.3478260869565,47.6086956521739
EPI_ISL_7896|Human|H1N1|2007.115|NorthAmerica|seasonal,2007.115,-216.7,46.5217391304348,690,690,44.3478260869565,47.6086956521739
EPI_ISL_8002|Human|H1N1|2007.173|NorthAmerica|seasonal,2007.173,-218.9,46.6666666666667,690,690,44.3478260869565,47.8260869565217
EPI_ISL_7785|Human|H1N1|2007.06|NorthAmerica|seasonal,2007.06,-218.9,46.6666666666667,690,690,44.3478260869565,47.8260869565217
EPI_ISL_7579|Human|H1N1|2007.101|NorthAmerica|seasonal,2007.101,-218.9,46.6666666666667,690,690,44.3478260869565,47.8260869565217
EPI_ISL_7817|Human|H1N1|2007.123|NorthAmerica|seasonal,2007.123,-218.9,46.6666666666667,690,690,44.3478260869565,47.8260869565217
EPI_ISL_7783|Human|H1N1|2007.099|NorthAmerica|seasonal,2007.099,-218.9,46.6666666666667,690,690,44.3478260869565,47.8260869565217
EPI_ISL_7781|Human|H1N1|2007.118|NorthAmerica|seasonal,2007.118,-218.9,46.6666666666667,690,690,44.3478260869565,47.8260869565217
EPI_ISL_7566|Human|H1N1|2007.14|NorthAmerica|seasonal,2007.14,-218.9,46.6666666666667,690,690,44.3478260869565,47.8260869565217
EPI_ISL_7932|Human|H1N1|2007.101|NorthAmerica|seasonal,2007.101,-218.9,46.6666666666667,690,690,44.3478260869565,47.8260869565217
EPI_ISL_7599|Human|H1N1|2007.156|NorthAmerica|seasonal,2007.156,-216.9,46.5217391304348,690,690,44.3478260869565,47.6086956521739
EPI_ISL_7885|Human|H1N1|2007.099|NorthAmerica|seasonal,2007.099,-218.9,46.5217391304348,690,690,44.3478260869565,47.6086956521739
EPI_ISL_7842|Human|H1N1|2007.085|NorthAmerica|seasonal,2007.085,-218.9,46.6666666666667,690,690,44.3478260869565,47.8260869565217
EPI_ISL_7763|Human|H1N1|2007.096|NorthAmerica|seasonal,2007.096,-221.8,46.5217391304348,690,690,44.3478260869565,47.6086956521739
EPI_ISL_7568|Human|H1N1|2007.068|NorthAmerica|seasonal,2007.068,-218.9,46.6666666666667,690,690,44.3478260869565,47.8260869565217
EPI_ISL_28890|Human|H1N1|2007.164|NorthAmerica|seasonal,2007.164,-218.4,46.6666666666667,690,690,44.7826086956522,47.6086956521739
EPI_ISL_7963|Human|H1N1|2007.041|NorthAmerica|seasonal,2007.041,-218.9,46.6666666666667,690,690,44.3478260869565,47.8260869565217
EPI_ISL_7871|Human|H1N1|2007.153|NorthAmerica|seasonal,2007.153,-218.9,46.6666666666667,690,690,44.3478260869565,47.8260869565217
EPI_ISL_7587|Human|H1N1|2007.079|NorthAmerica|seasonal,2007.079,-218.9,46.6666666666667,690,690,44.3478260869565,47.8260869565217
EPI_ISL_19107|Human|H1N1|2007.192|NorthAmerica|seasonal,2007.192,-218.9,46.6666666666667,690,690,44.3478260869565,47.8260869565217
EPI_ISL_7890|Human|H1N1|2007.03|NorthAmerica|seasonal,2007.03,-218.9,46.6666666666667,690,690,44.3478260869565,47.8260869565217
EPI_ISL_7644|Human|H1N1|2007.041|NorthAmerica|seasonal,2007.041,-219.5,46.5217391304348,690,690,44.3478260869565,47.6086956521739
EPI_ISL_7616|Human|H1N1|2007.047|NorthAmerica|seasonal,2007.047,-219.5,46.5217391304348,690,690,44.3478260869565,47.6086956521739
EPI_ISL_7830|Human|H1N1|2007.058|NorthAmerica|seasonal,2007.058,-218.9,46.6666666666667,690,690,44.3478260869565,47.8260869565217
EPI_ISL_7597|Human|H1N1|2007.178|NorthAmerica|seasonal,2007.178,-217.8,46.5217391304348,690,690,44.3478260869565,47.6086956521739
EPI_ISL_7877|Human|H1N1|2007.088|NorthAmerica|seasonal,2007.088,-218.9,46.6666666666667,690,690,44.3478260869565,47.8260869565217
EPI_ISL_7884|Human|H1N1|2007.066|NorthAmerica|seasonal,2007.066,-218.9,46.6666666666667,690,690,44.3478260869565,47.8260869565217
EPI_ISL_7844|Human|H1N1|2007.134|NorthAmerica|seasonal,2007.134,-216.8,46.5217391304348,690,690,43.9130434782609,47.8260869565217
EPI_ISL_15340|Human|H1N1|2007.115|NorthAmerica|seasonal,2007.115,-218.9,46.6666666666667,690,690,44.3478260869565,47.8260869565217
EPI_ISL_7810|Human|H1N1|2007.079|NorthAmerica|seasonal,2007.079,-218.9,46.6666666666667,690,690,44.3478260869565,47.8260869565217
EPI_ISL_7654|Human|H1N1|2007.077|NorthAmerica|seasonal,2007.077,-218.2,46.8115942028985,690,690,44.7826086956522,47.8260869565217
EPI_ISL_7918|Human|H1N1|2007.079|NorthAmerica|seasonal,2007.079,-218.9,46.6666666666667,690,690,44.3478260869565,47.8260869565217
EPI_ISL_7650|Human|H1N1|2007.126|NorthAmerica|seasonal,2007.126,-218.9,46.5217391304348,690,690,44.3478260869565,47.6086956521739
EPI_ISL_7655|Human|H1N1|2007.079|NorthAmerica|seasonal,2007.079,-218.9,46.6666666666667,690,690,44.3478260869565,47.8260869565217
EPI_ISL_7863|Human|H1N1|2007.159|NorthAmerica|seasonal,2007.159,-218.9,46.6666666666667,690,690,44.3478260869565,47.8260869565217
EPI_ISL_8003|Human|H1N1|2007.134|NorthAmerica|seasonal,2007.134,-218.9,46.6666666666667,690,690,44.3478260869565,47.8260869565217
EPI_ISL_7981|Human|H1N1|2007.195|NorthAmerica|seasonal,2007.195,-218.9,46.6666666666667,690,690,44.3478260869565,47.8260869565217
EPI_ISL_7913|Human|H1N1|2007.096|NorthAmerica|seasonal,2007.096,-221.5,46.8115942028985,690,690,44.7826086956522,47.8260869565217
EPI_ISL_7895|Human|H1N1|2007.173|NorthAmerica|seasonal,2007.173,-218.9,46.6666666666667,690,690,44.3478260869565,47.8260869565217
EPI_ISL_7643|Human|H1N1|2007.063|NorthAmerica|seasonal,2007.063,-218.9,46.6666666666667,690,690,44.3478260869565,47.8260869565217
EPI_ISL_7627|Human|H1N1|2007.038|NorthAmerica|seasonal,2007.038,-215.6,46.5217391304348,690,690,43.9130434782609,47.8260869565217
EPI_ISL_7608|Human|H1N1|2007.096|NorthAmerica|seasonal,2007.096,-218.9,46.6666666666667,690,690,44.3478260869565,47.8260869565217
EPI_ISL_7586|Human|H1N1|2007.06|NorthAmerica|seasonal,2007.06,-218.9,46.6666666666667,690,690,44.3478260869565,47.8260869565217
EPI_ISL_7558|Human|H1N1|2006.962|NorthAmerica|seasonal,2006.962,-218.9,46.6666666666667,690,690,44.3478260869565,47.8260869565217
EPI_ISL_7857|Human|H1N1|2007.077|NorthAmerica|seasonal,2007.077,-218.6,46.5217391304348,690,690,44.3478260869565,47.6086956521739
EPI_ISL_7856|Human|H1N1|2007.173|NorthAmerica|seasonal,2007.173,-218,46.5217391304348,690,690,43.9130434782609,47.8260869565217
EPI_ISL_7839|Human|H1N1|2007.063|NorthAmerica|seasonal,2007.063,-218.9,46.6666666666667,690,690,44.3478260869565,47.8260869565217
EPI_ISL_7838|Human|H1N1|2007.06|NorthAmerica|seasonal,2007.06,-218.9,46.6666666666667,690,690,44.3478260869565,47.8260869565217
EPI_ISL_7819|Human|H1N1|2007.03|NorthAmerica|seasonal,2007.03,-218.9,46.6666666666667,690,690,44.3478260869565,47.8260869565217
EPI_ISL_8012|Human|H1N1|2006.929|NorthAmerica|seasonal,2006.929,-218.9,46.6666666666667,690,690,44.3478260869565,47.8260869565217
EPI_ISL_7911|Human|H1N1|2007.107|NorthAmerica|seasonal,2007.107,-221.8,46.5217391304348,690,690,44.3478260869565,47.6086956521739
EPI_ISL_7904|Human|H1N1|2007.104|NorthAmerica|seasonal,2007.104,-217,46.8115942028985,690,690,44.7826086956522,47.8260869565217
EPI_ISL_16411|Human|H1N1|2007.099|NorthAmerica|seasonal,2007.099,-217.9,46.7836257309941,684,684,44.2982456140351,48.0263157894737
EPI_ISL_15828|Human|H1N1|2007.063|NorthAmerica|seasonal,2007.063,-218.9,46.6666666666667,690,690,44.3478260869565,47.8260869565217
EPI_ISL_7942|Human|H1N1|2007.142|NorthAmerica|seasonal,2007.142,-218.9,46.6666666666667,690,690,44.3478260869565,47.8260869565217
EPI_ISL_7957|Human|H1N1|2007.079|NorthAmerica|seasonal,2007.079,-219.6,46.231884057971,690,690,43.4782608695652,47.6086956521739
EPI_ISL_8000|Human|H1N1|2007.142|NorthAmerica|seasonal,2007.142,-218.9,46.6666666666667,690,690,44.3478260869565,47.8260869565217
EPI_ISL_7975|Human|H1N1|2007.162|NorthAmerica|seasonal,2007.162,-218.9,46.6666666666667,690,690,44.3478260869565,47.8260869565217
EPI_ISL_7829|Human|H1N1|2007.082|NorthAmerica|seasonal,2007.082,-218.9,46.5217391304348,690,690,43.9130434782609,47.8260869565217
EPI_ISL_7569|Human|H1N1|2007.115|NorthAmerica|seasonal,2007.115,-216.7,46.5217391304348,690,690,44.3478260869565,47.6086956521739
EPI_ISL_7827|Human|H1N1|2007.192|NorthAmerica|seasonal,2007.192,-218.9,46.6666666666667,690,690,44.3478260869565,47.8260869565217
EPI_ISL_7924|Human|H1N1|2007.162|NorthAmerica|seasonal,2007.162,-218.9,46.6666666666667,690,690,44.3478260869565,47.8260869565217
EPI_ISL_7629|Human|H1N1|2007.058|NorthAmerica|seasonal,2007.058,-218.9,46.6666666666667,690,690,44.3478260869565,47.8260869565217
EPI_ISL_7653|Human|H1N1|2007.077|NorthAmerica|seasonal,2007.077,-219.2,46.5217391304348,690,690,43.9130434782609,47.8260869565217
EPI_ISL_7577|Human|H1N1|2007.159|NorthAmerica|seasonal,2007.159,-218.9,46.6666666666667,690,690,44.3478260869565,47.8260869565217
EPI_ISL_7855|Human|H1N1|2007.096|NorthAmerica|seasonal,2007.096,-218.2,46.5217391304348,690,690,43.9130434782609,47.8260869565217
EPI_ISL_7979|Human|H1N1|2007.118|NorthAmerica|seasonal,2007.118,-217.6,46.6666666666667,690,690,43.9130434782609,48.0434782608696
EPI_ISL_7966|Human|H1N1|2007.066|NorthAmerica|seasonal,2007.066,-218.9,46.6666666666667,690,690,44.3478260869565,47.8260869565217
EPI_ISL_7922|Human|H1N1|2007.115|NorthAmerica|seasonal,2007.115,-218.9,46.8115942028985,690,690,44.3478260869565,48.0434782608696
EPI_ISL_7991|Human|H1N1|2007.175|NorthAmerica|seasonal,2007.175,-218.9,46.6666666666667,690,690,44.3478260869565,47.8260869565217
EPI_ISL_8083|Human|H1N1|2007.121|NorthAmerica|seasonal,2007.121,-218.9,46.6666666666667,690,690,44.3478260869565,47.8260869565217
EPI_ISL_7640|Human|H1N1|2007.178|NorthAmerica|seasonal,2007.178,-218.9,46.6666666666667,690,690,44.3478260869565,47.8260869565217
EPI_ISL_7894|Human|H1N1|2007.121|NorthAmerica|seasonal,2007.121,-218.9,46.6666666666667,690,690,44.3478260869565,47.8260869565217
EPI_ISL_28867|Human|H1N1|2007.06|NorthAmerica|seasonal,2007.06,-218.9,46.6666666666667,690,690,44.3478260869565,47.8260869565217
EPI_ISL_8038|Human|H1N1|2007.134|NorthAmerica|seasonal,2007.134,-218.9,46.6666666666667,690,690,44.3478260869565,47.8260869565217
EPI_ISL_7652|Human|H1N1|2007.115|NorthAmerica|seasonal,2007.115,-218.9,46.6666666666667,690,690,44.3478260869565,47.8260869565217
EPI_ISL_7866|Human|H1N1|2007.115|NorthAmerica|seasonal,2007.115,-218.9,46.6666666666667,690,690,44.3478260869565,47.8260869565217
EPI_ISL_7983|Human|H1N1|2007.115|NorthAmerica|seasonal,2007.115,-218.9,46.6666666666667,690,690,44.3478260869565,47.8260869565217
EPI_ISL_7575|Human|H1N1|2007.027|NorthAmerica|seasonal,2007.027,-218.9,46.6666666666667,690,690,44.3478260869565,47.8260869565217
EPI_ISL_7822|Human|H1N1|2007.137|NorthAmerica|seasonal,2007.137,-218.9,46.6666666666667,690,690,44.3478260869565,47.8260869565217
EPI_ISL_7974|Human|H1N1|2007.156|NorthAmerica|seasonal,2007.156,-218.9,46.6666666666667,690,690,44.3478260869565,47.8260869565217
EPI_ISL_8028|Human|H1N1|2007.115|NorthAmerica|seasonal,2007.115,-218.9,46.6666666666667,690,690,44.3478260869565,47.8260869565217
EPI_ISL_7563|Human|H1N1|2007.173|NorthAmerica|seasonal,2007.173,-218.9,46.6666666666667,690,690,44.3478260869565,47.8260869565217
EPI_ISL_8045|Human|H1N1|2007.181|NorthAmerica|seasonal,2007.181,-218.9,46.6666666666667,690,690,44.3478260869565,47.8260869565217
EPI_ISL_7651|Human|H1N1|2007.082|NorthAmerica|seasonal,2007.082,-218.1,46.5217391304348,690,690,44.3478260869565,47.6086956521739
EPI_ISL_7647|Human|H1N1|2007.118|NorthAmerica|seasonal,2007.118,-218.1,46.5217391304348,690,690,44.3478260869565,47.6086956521739
EPI_ISL_7583|Human|H1N1|2007.063|NorthAmerica|seasonal,2007.063,-218.3,46.3768115942029,690,690,43.9130434782609,47.6086956521739
EPI_ISL_7867|Human|H1N1|2007.079|NorthAmerica|seasonal,2007.079,-218.1,46.5217391304348,690,690,44.3478260869565,47.6086956521739
EPI_ISL_7864|Human|H1N1|2007.126|NorthAmerica|seasonal,2007.126,-218.1,46.5217391304348,690,690,44.3478260869565,47.6086956521739
EPI_ISL_7861|Human|H1N1|2007.126|NorthAmerica|seasonal,2007.126,-218.1,46.5217391304348,690,690,44.3478260869565,47.6086956521739
EPI_ISL_7824|Human|H1N1|2007.014|NorthAmerica|seasonal,2007.014,-215.9,46.3768115942029,690,690,44.3478260869565,47.3913043478261
EPI_ISL_7786|Human|H1N1|2007.156|NorthAmerica|seasonal,2007.156,-218.1,46.5217391304348,690,690,44.3478260869565,47.6086956521739
EPI_ISL_8004|Human|H1N1|2007.173|NorthAmerica|seasonal,2007.173,-217.9,46.3768115942029,690,690,44.3478260869565,47.3913043478261
EPI_ISL_7990|Human|H1N1|2007.096|NorthAmerica|seasonal,2007.096,-218.1,46.5217391304348,690,690,44.3478260869565,47.6086956521739
EPI_ISL_7989|Human|H1N1|2007.068|NorthAmerica|seasonal,2007.068,-218.1,46.5217391304348,690,690,44.3478260869565,47.6086956521739
EPI_ISL_7976|Human|H1N1|2007.162|NorthAmerica|seasonal,2007.162,-216,46.231884057971,690,690,43.4782608695652,47.6086956521739
EPI_ISL_7920|Human|H1N1|2007.099|NorthAmerica|seasonal,2007.099,-218.1,46.5217391304348,690,690,44.3478260869565,47.6086956521739
EPI_ISL_8081|Human|H1N1|2007.14|NorthAmerica|seasonal,2007.14,-218.1,46.5217391304348,690,690,44.3478260869565,47.6086956521739
EPI_ISL_8043|Human|H1N1|2007.066|NorthAmerica|seasonal,2007.066,-218.1,46.5217391304348,690,690,44.3478260869565,47.6086956521739
EPI_ISL_15341|Human|H1N1|2007.079|NorthAmerica|seasonal,2007.079,-219.1,46.3768115942029,690,690,43.9130434782609,47.6086956521739
EPI_ISL_7985|Human|H1N1|2007.115|NorthAmerica|seasonal,2007.115,-218.1,46.5217391304348,690,690,44.3478260869565,47.6086956521739
EPI_ISL_7955|Human|H1N1|2007.063|NorthAmerica|seasonal,2007.063,-217.1,46.3768115942029,690,690,43.9130434782609,47.6086956521739
EPI_ISL_7614|Human|H1N1|2007.099|NorthAmerica|seasonal,2007.099,-218.1,46.5217391304348,690,690,44.3478260869565,47.6086956521739
EPI_ISL_7595|Human|H1N1|2007.099|NorthAmerica|seasonal,2007.099,-218.1,46.5217391304348,690,690,44.3478260869565,47.6086956521739
EPI_ISL_7812|Human|H1N1|2007.123|NorthAmerica|seasonal,2007.123,-218.1,46.5217391304348,690,690,44.3478260869565,47.6086956521739
EPI_ISL_7940|Human|H1N1|2007.104|NorthAmerica|seasonal,2007.104,-218.1,46.5217391304348,690,690,44.3478260869565,47.6086956521739
EPI_ISL_27616|Human|H1N1|2007.096|NorthAmerica|seasonal,2007.096,-218.1,46.5217391304348,690,690,44.3478260869565,47.6086956521739
EPI_ISL_8032|Human|H1N1|2007.096|NorthAmerica|seasonal,2007.096,-217,46.3768115942029,690,690,44.3478260869565,47.3913043478261
EPI_ISL_22609|Human|H1N1|2007.2|NorthAmerica|seasonal,2007.2,-219.1,46.3768115942029,690,690,44.3478260869565,47.3913043478261
EPI_ISL_7610|Human|H1N1|2007.068|NorthAmerica|seasonal,2007.068,-218.2,46.5217391304348,690,690,44.3478260869565,47.6086956521739
EPI_ISL_7567|Human|H1N1|2007.058|NorthAmerica|seasonal,2007.058,-218.2,46.5217391304348,690,690,44.3478260869565,47.6086956521739
EPI_ISL_7832|Human|H1N1|2007.181|NorthAmerica|seasonal,2007.181,-218.2,46.5217391304348,690,690,44.3478260869565,47.6086956521739
EPI_ISL_7875|Human|H1N1|2007.058|NorthAmerica|seasonal,2007.058,-218.2,46.5217391304348,690,690,44.3478260869565,47.6086956521739
EPI_ISL_7806|Human|H1N1|2007.195|NorthAmerica|seasonal,2007.195,-218.2,46.5217391304348,690,690,44.3478260869565,47.6086956521739
EPI_ISL_7939|Human|H1N1|2007.156|NorthAmerica|seasonal,2007.156,-218.2,46.5217391304348,690,690,44.3478260869565,47.6086956521739
EPI_ISL_28865|Human|H1N1|2007.126|NorthAmerica|seasonal,2007.126,-218.2,46.5217391304348,690,690,44.3478260869565,47.6086956521739
EPI_ISL_7759|Human|H1N1|2007.192|NorthAmerica|seasonal,2007.192,-218.2,46.5217391304348,690,690,44.3478260869565,47.6086956521739
EPI_ISL_7624|Human|H1N1|2007.164|NorthAmerica|seasonal,2007.164,-218.2,46.5217391304348,690,690,44.3478260869565,47.6086956521739
EPI_ISL_7588|Human|H1N1|2007.192|NorthAmerica|seasonal,2007.192,-218.2,46.5217391304348,690,690,44.3478260869565,47.6086956521739
EPI_ISL_7815|Human|H1N1|2007.173|NorthAmerica|seasonal,2007.173,-218.2,46.5217391304348,690,690,44.3478260869565,47.6086956521739
EPI_ISL_7809|Human|H1N1|2007.192|NorthAmerica|seasonal,2007.192,-218.2,46.5217391304348,690,690,44.3478260869565,47.6086956521739
EPI_ISL_28866|Human|H1N1|2007.164|NorthAmerica|seasonal,2007.164,-218.2,46.5217391304348,690,690,44.3478260869565,47.6086956521739
EPI_ISL_7631|Human|H1N1|2007.189|NorthAmerica|seasonal,2007.189,-218.2,46.5217391304348,690,690,44.3478260869565,47.6086956521739
EPI_ISL_7937|Human|H1N1|2007.156|NorthAmerica|seasonal,2007.156,-215.9,46.3768115942029,690,690,43.9130434782609,47.6086956521739
EPI_ISL_7969|Human|H1N1|2007.079|NorthAmerica|seasonal,2007.079,-218.2,46.5217391304348,690,690,44.3478260869565,47.6086956521739
EPI_ISL_25707|Human|H1N1|2006.274|Europe|seasonal,2006.274,-218.2,46.231884057971,690,690,43.4782608695652,47.6086956521739
EPI_ISL_7868|Human|H1N1|2007.085|NorthAmerica|seasonal,2007.085,-220.7,46.5217391304348,690,690,43.9130434782609,47.8260869565217
EPI_ISL_7959|Human|H1N1|2007.058|NorthAmerica|seasonal,2007.058,-217.1,45.9420289855072,690,690,43.9130434782609,46.9565217391304
EPI_ISL_7919|Human|H1N1|2007.153|NorthAmerica|seasonal,2007.153,-211.9,45.6521739130435,690,690,42.6086956521739,47.1739130434783
EPI_ISL_7873|Human|H1N1|2007.107|NorthAmerica|seasonal,2007.107,-213.3,45.9420289855072,690,690,43.0434782608696,47.3913043478261
EPI_ISL_8014|Human|H1N1|2007.101|NorthAmerica|seasonal,2007.101,-213.3,45.9420289855072,690,690,43.0434782608696,47.3913043478261
EPI_ISL_7949|Human|H1N1|2007.096|NorthAmerica|seasonal,2007.096,-213.3,45.9420289855072,690,690,43.0434782608696,47.3913043478261
EPI_ISL_7978|Human|H1N1|2007.096|NorthAmerica|seasonal,2007.096,-213.3,45.9420289855072,690,690,43.0434782608696,47.3913043478261
EPI_ISL_7982|Human|H1N1|2007.096|NorthAmerica|seasonal,2007.096,-213.3,45.9420289855072,690,690,43.0434782608696,47.3913043478261
EPI_ISL_7850|Human|H1N1|2007.104|NorthAmerica|seasonal,2007.104,-213.3,45.9420289855072,690,690,43.0434782608696,47.3913043478261
EPI_ISL_8029|Human|H1N1|2007.101|NorthAmerica|seasonal,2007.101,-213.3,45.9420289855072,690,690,43.0434782608696,47.3913043478261
EPI_ISL_7556|Human|H1N1|2006.967|NorthAmerica|seasonal,2006.967,-213.3,45.9420289855072,690,690,43.0434782608696,47.3913043478261
EPI_ISL_7820|Human|H1N1|2007.173|NorthAmerica|seasonal,2007.173,-213.7,46.231884057971,690,690,43.4782608695652,47.6086956521739
EPI_ISL_7956|Human|H1N1|2007.156|NorthAmerica|seasonal,2007.156,-212.6,46.0869565217391,690,690,43.4782608695652,47.3913043478261
EPI_ISL_7910|Human|H1N1|2007.077|NorthAmerica|seasonal,2007.077,-212.6,46.0869565217391,690,690,43.4782608695652,47.3913043478261
EPI_ISL_29085|Human|H1N1|2007.077|NorthAmerica|seasonal,2007.077,-212.6,46.0869565217391,690,690,43.4782608695652,47.3913043478261
EPI_ISL_7879|Human|H1N1|2007.077|NorthAmerica|seasonal,2007.077,-213.3,45.9420289855072,690,690,43.0434782608696,47.3913043478261
EPI_ISL_7865|Human|H1N1|2007.099|NorthAmerica|seasonal,2007.099,-213.3,45.9420289855072,690,690,43.0434782608696,47.3913043478261
EPI_ISL_7998|Human|H1N1|2007.142|NorthAmerica|seasonal,2007.142,-213.3,45.9420289855072,690,690,43.0434782608696,47.3913043478261
EPI_ISL_7994|Human|H1N1|2007.153|NorthAmerica|seasonal,2007.153,-213.3,45.9420289855072,690,690,43.0434782608696,47.3913043478261
EPI_ISL_7992|Human|H1N1|2007.049|NorthAmerica|seasonal,2007.049,-213.3,45.9420289855072,690,690,43.0434782608696,47.3913043478261
EPI_ISL_7953|Human|H1N1|2007.077|NorthAmerica|seasonal,2007.077,-213.3,45.9420289855072,690,690,43.0434782608696,47.3913043478261
EPI_ISL_29084|Human|H1N1|2007.137|NorthAmerica|seasonal,2007.137,-215,46.0869565217391,690,690,43.4782608695652,47.3913043478261
EPI_ISL_7954|Human|H1N1|2007.173|NorthAmerica|seasonal,2007.173,-213.3,45.9420289855072,690,690,43.0434782608696,47.3913043478261
EPI_ISL_8034|Human|H1N1|2007.134|NorthAmerica|seasonal,2007.134,-213.3,45.9420289855072,690,690,43.0434782608696,47.3913043478261
EPI_ISL_7999|Human|H1N1|2007.173|NorthAmerica|seasonal,2007.173,-213.5,46.0869565217391,690,690,43.0434782608696,47.6086956521739
EPI_ISL_7988|Human|H1N1|2007.123|NorthAmerica|seasonal,2007.123,-201.3,45.6521739130435,690,690,42.6086956521739,47.1739130434783
EPI_ISL_7967|Human|H1N1|2007.068|NorthAmerica|seasonal,2007.068,-213.3,45.9420289855072,690,690,43.0434782608696,47.3913043478261
EPI_ISL_7849|Human|H1N1|2007.068|NorthAmerica|seasonal,2007.068,-213.3,45.7971014492754,690,690,42.6086956521739,47.3913043478261
EPI_ISL_7611|Human|H1N1|2007.123|NorthAmerica|seasonal,2007.123,-215.9,46.0869565217391,690,690,43.4782608695652,47.3913043478261
EPI_ISL_7625|Human|H1N1|2007.121|NorthAmerica|seasonal,2007.121,-213.3,45.9420289855072,690,690,43.0434782608696,47.3913043478261
EPI_ISL_7628|Human|H1N1|2007.068|NorthAmerica|seasonal,2007.068,-215.9,46.0869565217391,690,690,43.4782608695652,47.3913043478261
EPI_ISL_7902|Human|H1N1|2007.101|NorthAmerica|seasonal,2007.101,-213.3,45.9420289855072,690,690,43.0434782608696,47.3913043478261
EPI_ISL_8082|Human|H1N1|2007.099|NorthAmerica|seasonal,2007.099,-213.3,46.0869565217391,690,690,43.0434782608696,47.6086956521739
EPI_ISL_7888|Human|H1N1|2007.058|NorthAmerica|seasonal,2007.058,-217.2,45.9420289855072,690,690,43.0434782608696,47.3913043478261
EPI_ISL_7883|Human|H1N1|2007.123|NorthAmerica|seasonal,2007.123,-213.3,45.9420289855072,690,690,43.0434782608696,47.3913043478261
EPI_ISL_7858|Human|H1N1|2007.096|NorthAmerica|seasonal,2007.096,-213.3,45.9420289855072,690,690,43.0434782608696,47.3913043478261
EPI_ISL_7997|Human|H1N1|2007.068|NorthAmerica|seasonal,2007.068,-216.4,46.231884057971,690,690,43.4782608695652,47.6086956521739
EPI_ISL_8036|Human|H1N1|2007.121|NorthAmerica|seasonal,2007.121,-216.4,46.231884057971,690,690,43.4782608695652,47.6086956521739
EPI_ISL_16410|Human|H1N1|2007.115|NorthAmerica|seasonal,2007.115,-218.3,46.0869565217391,690,690,44.7826086956522,46.7391304347826
EPI_ISL_7800|Human|H1N1|2007.162|NorthAmerica|seasonal,2007.162,-212,46.3768115942029,690,690,45.2173913043478,46.9565217391304
EPI_ISL_8027|Human|H1N1|2007.027|NorthAmerica|seasonal,2007.027,-217.8,46.3768115942029,690,690,44.7826086956522,47.1739130434783
EPI_ISL_7585|Human|H1N1|2007.162|NorthAmerica|seasonal,2007.162,-212,46.3768115942029,690,690,45.2173913043478,46.9565217391304
EPI_ISL_8015|Human|H1N1|2007.153|NorthAmerica|seasonal,2007.153,-217,46.5217391304348,690,690,45.2173913043478,47.1739130434783
EPI_ISL_7973|Human|H1N1|2007.173|NorthAmerica|seasonal,2007.173,-217,46.5217391304348,690,690,45.2173913043478,47.1739130434783
EPI_ISL_7780|Human|H1N1|2007.178|NorthAmerica|seasonal,2007.178,-212,46.3768115942029,690,690,45.2173913043478,46.9565217391304
EPI_ISL_120425|Human|H1N1|2003.729|Asia|,2003.729,-219.3,46.0869565217391,690,690,44.3478260869565,46.9565217391304
EPI_ISL_106617|Human|H1N1|2005.266|Asia|,2005.266,-217.7,46.231884057971,690,690,44.3478260869565,47.1739130434783
EPI_ISL_117814|Human|H1N1|2005.449|Asia|,2005.449,-218.1,46.0869565217391,690,690,44.3478260869565,46.9565217391304
EPI_ISL_106638|Human|H1N1|2006.2|Asia|,2006.2,-223.8,46.3768115942029,690,690,44.7826086956522,47.1739130434783
EPI_ISL_116062|Human|H1N1|2006.321|Asia|,2006.321,-221.5,46.231884057971,690,690,44.7826086956522,46.9565217391304
EPI_ISL_25712|Human|H1N1|2006.271|Europe|seasonal,2006.271,-225.6,46.0869565217391,690,690,44.7826086956522,46.7391304347826
EPI_ISL_12841|Human|H1N1|2006|Asia|seasonal,2006,-223.8,46.3768115942029,690,690,44.7826086956522,47.1739130434783
EPI_ISL_15603|Human|H1N1|2005|Europe|seasonal,2005,-215.9,46.231884057971,690,690,44.3478260869565,47.1739130434783
EPI_ISL_93595|Human|H1N1|2005.033|Asia|,2005.033,-216.8,46.3768115942029,690,690,44.3478260869565,47.3913043478261
EPI_ISL_93594|Human|H1N1|2005.055|Asia|,2005.055,-216.8,46.3768115942029,690,690,44.3478260869565,47.3913043478261
EPI_ISL_120424|Human|H1N1|2003.688|Asia|,2003.688,-215.9,46.231884057971,690,690,44.3478260869565,47.1739130434783
EPI_ISL_120423|Human|H1N1|2003.589|Asia|,2003.589,-215.9,46.231884057971,690,690,44.3478260869565,47.1739130434783
EPI_ISL_6371|Human|H1N1|2005|Oceania|seasonal,2005,-215.9,46.231884057971,690,690,44.3478260869565,47.1739130434783
EPI_ISL_15604|Human|H1N1|2004|Europe|seasonal,2004,-216.2,46.0869565217391,690,690,44.3478260869565,46.9565217391304
EPI_ISL_83676|Human|H1N1|2010.112|Asia|seasonal,2010.112,-215.9,46.0869565217391,690,690,43.9130434782609,47.1739130434783
EPI_ISL_83675|Human|H1N1|2010.112|Asia|seasonal,2010.112,-215.9,46.0869565217391,690,690,43.9130434782609,47.1739130434783
EPI_ISL_6448|Human|H1N1|2005.6|Oceania|seasonal,2005.6,-218.2,45.5072463768116,690,690,42.6086956521739,46.9565217391304
EPI_ISL_5656|Human|H1N1|2005.69|Oceania|seasonal,2005.69,-218.2,45.5072463768116,690,690,42.6086956521739,46.9565217391304
EPI_ISL_6341|Human|H1N1|2005.663|Oceania|seasonal,2005.663,-218.2,45.5072463768116,690,690,42.6086956521739,46.9565217391304
EPI_ISL_6859|Human|H1N1|2005.611|Oceania|seasonal,2005.611,-218.2,45.5072463768116,690,690,42.6086956521739,46.9565217391304
EPI_ISL_8269|Human|H1N1|2003.03|NorthAmerica|seasonal,2003.03,-215.1,46.231884057971,690,690,44.7826086956522,46.9565217391304
EPI_ISL_8999|Human|H1N1|2003.17|NorthAmerica|seasonal,2003.17,-220.5,46.3768115942029,690,690,45.2173913043478,46.9565217391304
EPI_ISL_164016|Human|H1N1|2008.027|Europe|seasonal,2008.027,-217.5,46.2882096069869,687,687,43.6681222707424,47.5982532751092
EPI_ISL_164013|Human|H1N1|2008.008|Europe|seasonal,2008.008,-218.2,46.2882096069869,687,687,43.2314410480349,47.8165938864629
EPI_ISL_29779|Human|H1N1|2008.481|NorthAmerica|seasonal,2008.481,-218.3,46.0869565217391,690,690,43.4782608695652,47.3913043478261
EPI_ISL_30226|Human|H1N1|2008.44|NorthAmerica|seasonal,2008.44,-218.2,46.231884057971,690,690,43.9130434782609,47.3913043478261
EPI_ISL_30220|Human|H1N1|2008.437|NorthAmerica|seasonal,2008.437,-217.7,46.0869565217391,690,690,43.9130434782609,47.1739130434783
EPI_ISL_30218|Human|H1N1|2008.437|NorthAmerica|seasonal,2008.437,-217.7,46.0869565217391,690,690,43.9130434782609,47.1739130434783
EPI_ISL_78563|Human|H1N1|2007|SouthAmerica|seasonal,2007,-212.9,46.3768115942029,690,690,43.9130434782609,47.6086956521739
EPI_ISL_62908|Human|H1N1|2008.469|NorthAmerica|seasonal,2008.469,-218.2,46.231884057971,690,690,43.9130434782609,47.3913043478261
EPI_ISL_29778|Human|H1N1|2008.478|NorthAmerica|seasonal,2008.478,-218.2,46.231884057971,690,690,43.9130434782609,47.3913043478261
EPI_ISL_164011|Human|H1N1|2007.995|Europe|seasonal,2007.995,-218,46.2882096069869,687,687,43.6681222707424,47.5982532751092
EPI_ISL_62923|Human|H1N1|2008.122|NorthAmerica|seasonal,2008.122,-218.6,46.231884057971,690,690,43.9130434782609,47.3913043478261
EPI_ISL_30221|Human|H1N1|2008.434|NorthAmerica|seasonal,2008.434,-218.2,46.0869565217391,690,690,43.4782608695652,47.3913043478261
EPI_ISL_208729|Human|H1N1|2007.981|Asia|,2007.981,-216.8,46.0869565217391,690,690,43.4782608695652,47.3913043478261
EPI_ISL_70169|Human|H1N1|2008.036|Asia|seasonal,2008.036,-218.2,46.3768115942029,690,690,43.9130434782609,47.6086956521739
EPI_ISL_70162|Human|H1N1|2007.962|Asia|seasonal,2007.962,-218.2,46.3768115942029,690,690,43.9130434782609,47.6086956521739
EPI_ISL_70160|Human|H1N1|2007.945|Asia|seasonal,2007.945,-219.6,46.5217391304348,690,690,44.3478260869565,47.6086956521739
EPI_ISL_208713|Human|H1N1|2007.849|Asia|,2007.849,-215.2,45.9420289855072,690,690,43.4782608695652,47.1739130434783
EPI_ISL_30228|Human|H1N1|2008.016|NorthAmerica|seasonal,2008.016,-221.7,46.231884057971,690,690,43.9130434782609,47.3913043478261
EPI_ISL_29633|Human|H1N1|2008.123|NorthAmerica|seasonal,2008.123,-221.6,46.231884057971,690,690,43.9130434782609,47.3913043478261
EPI_ISL_29647|Human|H1N1|2008.484|NorthAmerica|seasonal,2008.484,-221.3,46.231884057971,690,690,44.3478260869565,47.1739130434783
EPI_ISL_33848|Human|H1N1|2008.497|NorthAmerica|seasonal,2008.497,-221.3,46.231884057971,690,690,44.3478260869565,47.1739130434783
EPI_ISL_28893|Human|H1N1|2008.12|NorthAmerica|seasonal,2008.12,-219.2,46.0869565217391,690,690,43.4782608695652,47.3913043478261
EPI_ISL_96142|Human|H1N1|2008.077|NorthAmerica|,2008.077,-216.5,45.7971014492754,690,690,43.0434782608696,47.1739130434783
EPI_ISL_96141|Human|H1N1|2008.074|NorthAmerica|,2008.074,-216.5,45.7971014492754,690,690,43.0434782608696,47.1739130434783
EPI_ISL_96137|Human|H1N1|2008.94|NorthAmerica|,2008.94,-216.5,45.6521739130435,690,690,43.0434782608696,46.9565217391304
EPI_ISL_30789|Human|H1N1|2008.123|NorthAmerica|seasonal,2008.123,-216.5,46.231884057971,690,690,43.9130434782609,47.3913043478261
EPI_ISL_62784|Human|H1N1|2008.108|NorthAmerica|seasonal,2008.108,-216.3,45.5072463768116,690,690,42.6086956521739,46.9565217391304
EPI_ISL_30230|Human|H1N1|2008.623|NorthAmerica|seasonal,2008.623,-218,45.9420289855072,690,690,43.0434782608696,47.3913043478261
EPI_ISL_33849|Human|H1N1|2008.88|NorthAmerica|seasonal,2008.88,-218,45.9420289855072,690,690,43.0434782608696,47.3913043478261
EPI_ISL_30233|Human|H1N1|2008.847|NorthAmerica|seasonal,2008.847,-218,45.9420289855072,690,690,43.0434782608696,47.3913043478261
EPI_ISL_33847|Human|H1N1|2008.861|NorthAmerica|seasonal,2008.861,-218,45.9420289855072,690,690,43.0434782608696,47.3913043478261
EPI_ISL_29676|Human|H1N1|2008.842|NorthAmerica|seasonal,2008.842,-218,45.9420289855072,690,690,43.0434782608696,47.3913043478261
EPI_ISL_29675|Human|H1N1|2008.833|NorthAmerica|seasonal,2008.833,-220.9,46.0869565217391,690,690,43.4782608695652,47.3913043478261
EPI_ISL_30227|Human|H1N1|2008.776|NorthAmerica|seasonal,2008.776,-218,45.9420289855072,690,690,43.0434782608696,47.3913043478261
EPI_ISL_33842|Human|H1N1|2008.776|NorthAmerica|seasonal,2008.776,-218,45.9420289855072,690,690,43.0434782608696,47.3913043478261
EPI_ISL_29912|Human|H1N1|2008.814|NorthAmerica|seasonal,2008.814,-220.7,46.0869565217391,690,690,43.0434782608696,47.6086956521739
EPI_ISL_30231|Human|H1N1|2008.828|NorthAmerica|seasonal,2008.828,-218,45.9420289855072,690,690,43.0434782608696,47.3913043478261
EPI_ISL_29648|Human|H1N1|2008.839|NorthAmerica|seasonal,2008.839,-218.2,45.7971014492754,690,690,42.6086956521739,47.3913043478261
EPI_ISL_62907|Human|H1N1|2008.6|NorthAmerica|seasonal,2008.6,-216.1,45.9420289855072,690,690,43.4782608695652,47.1739130434783
EPI_ISL_116007|Human|H1N1|2008.063|Asia|,2008.063,-215.9,45.9420289855072,690,690,43.4782608695652,47.1739130434783
EPI_ISL_164014|Human|H1N1|2008.016|Europe|seasonal,2008.016,-218.2,46.1426491994178,687,687,43.2314410480349,47.5982532751092
EPI_ISL_93582|Human|H1N1|2007.868|Asia|,2007.868,-215.9,45.9420289855072,690,690,43.4782608695652,47.1739130434783
EPI_ISL_30212|Human|H1N1|2008.055|Asia|seasonal,2008.055,-215.9,45.9420289855072,690,690,43.4782608695652,47.1739130434783
EPI_ISL_93586|Human|H1N1|2008.333|Asia|,2008.333,-213.7,45.9420289855072,690,690,43.4782608695652,47.1739130434783
EPI_ISL_30211|Human|H1N1|2008.041|Asia|seasonal,2008.041,-214.3,45.7971014492754,690,690,43.0434782608696,47.1739130434783
EPI_ISL_93585|Human|H1N1|2008.896|Asia|,2008.896,-220.6,46.231884057971,690,690,43.4782608695652,47.6086956521739
EPI_ISL_93589|Human|H1N1|2008.915|Asia|,2008.915,-222.6,46.3768115942029,690,690,43.9130434782609,47.6086956521739
EPI_ISL_93588|Human|H1N1|2008.825|Asia|,2008.825,-222.6,46.3768115942029,690,690,43.9130434782609,47.6086956521739
EPI_ISL_93590|Human|H1N1|2009.033|Asia|,2009.033,-218.2,45.9420289855072,690,690,43.4782608695652,47.1739130434783
EPI_ISL_164024|Human|H1N1|2007.948|Europe|seasonal,2007.948,-217.9,45.9970887918486,687,687,43.2314410480349,47.3799126637555
EPI_ISL_164029|Human|H1N1|2008.038|Europe|seasonal,2008.038,-218.2,46.2882096069869,687,687,43.6681222707424,47.5982532751092
EPI_ISL_27695|Human|H1N1|2008.117|Europe|seasonal,2008.117,-218.2,46.231884057971,690,690,43.9130434782609,47.3913043478261
EPI_ISL_164026|Human|H1N1|2007.997|Europe|seasonal,2007.997,-218.2,46.2882096069869,687,687,43.6681222707424,47.5982532751092
EPI_ISL_164030|Human|H1N1|2008.041|Europe|seasonal,2008.041,-218.2,46.2882096069869,687,687,43.6681222707424,47.5982532751092
EPI_ISL_70170|Human|H1N1|2008.137|Asia|seasonal,2008.137,-217.7,45.9420289855072,690,690,43.4782608695652,47.1739130434783
EPI_ISL_77977|Human|H1N1|2009.023|NorthAmerica|seasonal,2009.023,-212.7,46.3768115942029,690,690,43.4782608695652,47.8260869565217
EPI_ISL_89588|Human|H1N1|2009.088|NorthAmerica|,2009.088,-216.3,46.231884057971,690,690,43.9130434782609,47.3913043478261
EPI_ISL_208716|Human|H1N1|2008.112|Asia|,2008.112,-215.2,45.6521739130435,690,690,43.0434782608696,46.9565217391304
EPI_ISL_106731|Human|H1N1|2008.921|Asia|,2008.921,-213.4,45.7971014492754,690,690,43.4782608695652,46.9565217391304
EPI_ISL_106713|Human|H1N1|2008.858|Asia|,2008.858,-217.1,45.7971014492754,690,690,43.4782608695652,46.9565217391304
EPI_ISL_115807|Human|H1N1|2008.801|Asia|,2008.801,-216,46.0869565217391,690,690,43.4782608695652,47.3913043478261
EPI_ISL_116008|Human|H1N1|2008.148|Asia|,2008.148,-218.2,46.0869565217391,690,690,43.4782608695652,47.3913043478261
EPI_ISL_106751|Human|H1N1|2008.533|Asia|,2008.533,-217.2,46.231884057971,690,690,43.4782608695652,47.6086956521739
EPI_ISL_70179|Human|H1N1|2008.16|Asia|seasonal,2008.16,-218.2,46.0869565217391,690,690,43.4782608695652,47.3913043478261
EPI_ISL_116005|Human|H1N1|2008.342|Asia|,2008.342,-216.5,45.9420289855072,690,690,43.0434782608696,47.3913043478261
EPI_ISL_164028|Human|H1N1|2008.036|Europe|seasonal,2008.036,-221.2,45.9970887918486,687,687,42.7947598253275,47.5982532751092
EPI_ISL_164023|Human|H1N1|2007.863|Europe|seasonal,2007.863,-218.2,46.1426491994178,687,687,43.2314410480349,47.5982532751092
EPI_ISL_106692|Human|H1N1|2008.71|Asia|,2008.71,-218.2,46.231884057971,690,690,43.9130434782609,47.3913043478261
EPI_ISL_25711|Human|H1N1|2008.022|Europe|seasonal,2008.022,-218.2,46.231884057971,690,690,43.9130434782609,47.3913043478261
EPI_ISL_78574|Human|H1N1|2007|SouthAmerica|seasonal,2007,-216.3,46.0869565217391,690,690,43.4782608695652,47.3913043478261
EPI_ISL_29475|Human|H1N1|2008.437|NorthAmerica|seasonal,2008.437,-217.8,46.3768115942029,690,690,44.3478260869565,47.3913043478261
EPI_ISL_62909|Human|H1N1|2008.444|NorthAmerica|seasonal,2008.444,-217.8,46.3768115942029,690,690,44.3478260869565,47.3913043478261
EPI_ISL_164022|Human|H1N1|2008.984|Europe|seasonal,2008.984,-217.5,46.2882096069869,687,687,43.6681222707424,47.5982532751092
EPI_ISL_28895|Human|H1N1|2008.137|NorthAmerica|seasonal,2008.137,-221.1,46.231884057971,690,690,43.9130434782609,47.3913043478261
EPI_ISL_29307|Human|H1N1|2007|Europe|seasonal,2007,-218.2,46.0869565217391,690,690,43.4782608695652,47.3913043478261
EPI_ISL_62840|Human|H1N1|2008.085|NorthAmerica|seasonal,2008.085,-219.8,46.3768115942029,690,690,43.9130434782609,47.6086956521739
EPI_ISL_116061|Human|H1N1|2008.538|Asia|,2008.538,-218.2,46.0869565217391,690,690,43.4782608695652,47.3913043478261
EPI_ISL_115808|Human|H1N1|2008.828|Asia|,2008.828,-218.2,46.231884057971,690,690,43.9130434782609,47.3913043478261
EPI_ISL_115809|Human|H1N1|2008.839|Asia|,2008.839,-215.7,46.231884057971,690,690,43.4782608695652,47.6086956521739
EPI_ISL_116003|Human|H1N1|2008.885|Asia|,2008.885,-218.2,46.231884057971,690,690,43.9130434782609,47.3913043478261
EPI_ISL_115859|Human|H1N1|2008.866|Asia|,2008.866,-218.2,46.231884057971,690,690,43.9130434782609,47.3913043478261
EPI_ISL_116004|Human|H1N1|2008.899|Asia|,2008.899,-218.2,46.231884057971,690,690,43.9130434782609,47.3913043478261
EPI_ISL_116002|Human|H1N1|2008.885|Asia|,2008.885,-218.2,46.231884057971,690,690,43.9130434782609,47.3913043478261
EPI_ISL_116001|Human|H1N1|2008.883|Asia|,2008.883,-218.2,46.231884057971,690,690,43.9130434782609,47.3913043478261
EPI_ISL_115858|Human|H1N1|2008.861|Asia|,2008.861,-218.2,46.231884057971,690,690,43.9130434782609,47.3913043478261
EPI_ISL_115856|Human|H1N1|2008.85|Asia|,2008.85,-218.2,46.231884057971,690,690,43.9130434782609,47.3913043478261
EPI_ISL_115855|Human|H1N1|2008|Asia|,2008,-218.2,46.231884057971,690,690,43.9130434782609,47.3913043478261
EPI_ISL_115854|Human|H1N1|2008.844|Asia|,2008.844,-218.3,46.0869565217391,690,690,43.9130434782609,47.1739130434783
EPI_ISL_116009|Human|H1N1|2008.56|Asia|,2008.56,-218.2,46.0869565217391,690,690,43.4782608695652,47.3913043478261
EPI_ISL_106767|Human|H1N1|2008.563|Asia|,2008.563,-218.2,46.0869565217391,690,690,43.4782608695652,47.3913043478261
EPI_ISL_116065|Human|H1N1|2008.555|Asia|,2008.555,-219.3,46.231884057971,690,690,43.9130434782609,47.3913043478261
EPI_ISL_164027|Human|H1N1|2008.022|Europe|seasonal,2008.022,-218.2,46.1426491994178,687,687,43.2314410480349,47.5982532751092
EPI_ISL_115806|Human|H1N1|2008.71|Asia|,2008.71,-219.1,46.231884057971,690,690,43.9130434782609,47.3913043478261
EPI_ISL_164025|Human|H1N1|2007.992|Europe|seasonal,2007.992,-218.2,46.1426491994178,687,687,43.2314410480349,47.5982532751092
EPI_ISL_27694|Human|H1N1|2008|Europe|seasonal,2008,-217,46.0869565217391,690,690,43.9130434782609,47.1739130434783
EPI_ISL_70166|Human|H1N1|2009.016|Asia|seasonal,2009.016,-218.3,46.231884057971,690,690,43.4782608695652,47.6086956521739
EPI_ISL_99224|Human|H1N1|2008.989|SouthAmerica|,2008.989,-215.4,45.9420289855072,690,690,43.4782608695652,47.1739130434783
EPI_ISL_99225|Human|H1N1|2008.984|SouthAmerica|,2008.984,-216,45.7971014492754,690,690,43.0434782608696,47.1739130434783
EPI_ISL_99220|Human|H1N1|2009.14|SouthAmerica|,2009.14,-213.4,45.9420289855072,690,690,42.6086956521739,47.6086956521739
EPI_ISL_99226|Human|H1N1|2009|SouthAmerica|,2009,-217.9,45.9420289855072,690,690,43.4782608695652,47.1739130434783
EPI_ISL_99219|Human|H1N1|2009.233|SouthAmerica|,2009.233,-210.2,45.9420289855072,690,690,42.6086956521739,47.6086956521739
EPI_ISL_78565|Human|H1N1|2007|SouthAmerica|seasonal,2007,-217.5,45.9420289855072,690,690,43.0434782608696,47.3913043478261
EPI_ISL_87217|Human|H1N1|2009.118|NorthAmerica|,2009.118,-216.2,45.9420289855072,690,690,43.4782608695652,47.1739130434783
EPI_ISL_87237|Human|H1N1|2009.134|NorthAmerica|,2009.134,-218.2,46.0869565217391,690,690,43.4782608695652,47.3913043478261
EPI_ISL_80803|Human|H1N1|2009.323|NorthAmerica|,2009.323,-218.2,46.0869565217391,690,690,43.4782608695652,47.3913043478261
EPI_ISL_89594|Human|H1N1|2009.162|NorthAmerica|,2009.162,-216.2,45.9420289855072,690,690,43.4782608695652,47.1739130434783
EPI_ISL_89939|Human|H1N1|2009.121|NorthAmerica|,2009.121,-216.2,45.9420289855072,690,690,43.4782608695652,47.1739130434783
EPI_ISL_80783|Human|H1N1|2009.323|NorthAmerica|,2009.323,-218,45.6521739130435,690,690,43.4782608695652,46.7391304347826
EPI_ISL_80798|Human|H1N1|2009.323|NorthAmerica|,2009.323,-213.9,45.5072463768116,690,690,43.4782608695652,46.5217391304348
EPI_ISL_77962|Human|H1N1|2009.023|NorthAmerica|seasonal,2009.023,-218.2,46.0869565217391,690,690,43.4782608695652,47.3913043478261
EPI_ISL_78562|Human|H1N1|2007|SouthAmerica|seasonal,2007,-215.4,45.7971014492754,690,690,43.4782608695652,46.9565217391304
EPI_ISL_78572|Human|H1N1|2007|SouthAmerica|seasonal,2007,-216.7,45.6521739130435,690,690,42.1739130434783,47.3913043478261
EPI_ISL_78564|Human|H1N1|2007|SouthAmerica|seasonal,2007,-219.4,45.9420289855072,690,690,42.6086956521739,47.6086956521739
EPI_ISL_99218|Human|H1N1|2009.052|SouthAmerica|,2009.052,-215.1,45.7971014492754,690,690,43.0434782608696,47.1739130434783
EPI_ISL_99223|Human|H1N1|2009.036|SouthAmerica|,2009.036,-217.9,45.9420289855072,690,690,43.4782608695652,47.1739130434783
EPI_ISL_99229|Human|H1N1|2008.489|SouthAmerica|,2008.489,-215.6,46.0869565217391,690,690,43.9130434782609,47.1739130434783
EPI_ISL_99230|Human|H1N1|2009.085|NorthAmerica|,2009.085,-216.2,46.0869565217391,690,690,43.4782608695652,47.3913043478261
EPI_ISL_99210|Human|H1N1|2008.634|SouthAmerica|,2008.634,-213.9,45.9420289855072,690,690,42.6086956521739,47.6086956521739
EPI_ISL_99237|Human|H1N1|2009.414|NorthAmerica|,2009.414,-210.2,45.7971014492754,690,690,42.1739130434783,47.6086956521739
EPI_ISL_120443|Human|H1N1|2008.959|Asia|,2008.959,-215.7,46.0869565217391,690,690,43.4782608695652,47.3913043478261
EPI_ISL_120446|Human|H1N1|2008.191|Asia|,2008.191,-215.7,46.0869565217391,690,690,43.4782608695652,47.3913043478261
EPI_ISL_120447|Human|H1N1|2009.129|Asia|,2009.129,-213.2,45.6521739130435,690,690,43.0434782608696,46.9565217391304
EPI_ISL_120444|Human|H1N1|2009.014|Asia|,2009.014,-213.5,45.7971014492754,690,690,43.0434782608696,47.1739130434783
EPI_ISL_80389|Human|H1N1|2009.321|NorthAmerica|,2009.321,-211.1,45.5072463768116,690,690,42.6086956521739,46.9565217391304
EPI_ISL_80810|Human|H1N1|2009.326|NorthAmerica|,2009.326,-211.1,45.5072463768116,690,690,42.6086956521739,46.9565217391304
EPI_ISL_100194|Human|H1N1|2009|Asia|,2009,-215.6,45.9420289855072,690,690,43.0434782608696,47.3913043478261
EPI_ISL_62516|Human|H1N1|2009.325|NorthAmerica|seasonal,2009.325,-215.6,45.9420289855072,690,690,43.0434782608696,47.3913043478261
EPI_ISL_162004|Human|H1N1|2009.707|Africa|,2009.707,-212.8,45.6521739130435,690,690,43.0434782608696,46.9565217391304
EPI_ISL_80388|Human|H1N1|2009.321|NorthAmerica|,2009.321,-218.2,46.0869565217391,690,690,43.4782608695652,47.3913043478261
EPI_ISL_80799|Human|H1N1|2009.323|NorthAmerica|,2009.323,-218.2,46.0869565217391,690,690,43.4782608695652,47.3913043478261
EPI_ISL_80789|Human|H1N1|2009.323|NorthAmerica|,2009.323,-218.2,46.0869565217391,690,690,43.4782608695652,47.3913043478261
EPI_ISL_76117|Human|H1N1|2009.319|NorthAmerica|seasonal,2009.319,-218.2,46.0869565217391,690,690,43.4782608695652,47.3913043478261
EPI_ISL_78723|Human|H1N1|2009.319|NorthAmerica|seasonal,2009.319,-218.2,46.0087082728592,689,690,43.2314410480349,47.3913043478261
EPI_ISL_80765|Human|H1N1|2009.315|NorthAmerica|,2009.315,-213.3,45.9420289855072,690,690,43.0434782608696,47.3913043478261
EPI_ISL_80774|Human|H1N1|2009.318|NorthAmerica|,2009.318,-217.6,45.9420289855072,690,690,43.4782608695652,47.1739130434783
EPI_ISL_80813|Human|H1N1|2009.326|NorthAmerica|,2009.326,-218.2,46.0869565217391,690,690,43.4782608695652,47.3913043478261
EPI_ISL_80796|Human|H1N1|2009.323|NorthAmerica|,2009.323,-218.2,46.0869565217391,690,690,43.4782608695652,47.3913043478261
EPI_ISL_80795|Human|H1N1|2009.323|NorthAmerica|,2009.323,-218.2,46.0869565217391,690,690,43.4782608695652,47.3913043478261
EPI_ISL_80794|Human|H1N1|2009.323|NorthAmerica|,2009.323,-218.2,46.0869565217391,690,690,43.4782608695652,47.3913043478261
EPI_ISL_80769|Human|H1N1|2009.318|NorthAmerica|,2009.318,-217,45.9420289855072,690,690,43.4782608695652,47.1739130434783
EPI_ISL_80823|Human|H1N1|2009|NorthAmerica|,2009,-218.2,46.0869565217391,690,690,43.4782608695652,47.3913043478261
EPI_ISL_80776|Human|H1N1|2009.323|NorthAmerica|,2009.323,-218.2,46.0869565217391,690,690,43.4782608695652,47.3913043478261
EPI_ISL_93577|Human|H1N1|2008.934|Asia|,2008.934,-221.9,46.0869565217391,690,690,43.9130434782609,47.1739130434783
EPI_ISL_93596|Human|H1N1|2008.934|Asia|,2008.934,-221.9,46.0869565217391,690,690,43.9130434782609,47.1739130434783
EPI_ISL_62496|Human|H1N1|2009.325|NorthAmerica|seasonal,2009.325,-217.3,46.0869565217391,690,690,43.4782608695652,47.3913043478261
EPI_ISL_80835|Human|H1N1|2009.348|NorthAmerica|,2009.348,-218.5,46.231884057971,690,690,43.9130434782609,47.3913043478261
EPI_ISL_80834|Human|H1N1|2009.348|NorthAmerica|,2009.348,-218.5,46.231884057971,690,690,43.9130434782609,47.3913043478261
EPI_ISL_80832|Human|H1N1|2009.353|NorthAmerica|,2009.353,-218.5,46.231884057971,690,690,43.9130434782609,47.3913043478261
EPI_ISL_80826|Human|H1N1|2009.332|NorthAmerica|,2009.332,-218.5,46.231884057971,690,690,43.9130434782609,47.3913043478261
EPI_ISL_80777|Human|H1N1|2009.323|NorthAmerica|,2009.323,-218.5,46.231884057971,690,690,43.9130434782609,47.3913043478261
EPI_ISL_80768|Human|H1N1|2009.318|NorthAmerica|,2009.318,-218.5,46.231884057971,690,690,43.9130434782609,47.3913043478261
EPI_ISL_78724|Human|H1N1|2009.322|NorthAmerica|seasonal,2009.322,-219,46.0869565217391,690,690,43.9130434782609,47.1739130434783
EPI_ISL_80828|Human|H1N1|2009.329|NorthAmerica|,2009.329,-219,46.0869565217391,690,690,43.9130434782609,47.1739130434783
EPI_ISL_80811|Human|H1N1|2009.326|NorthAmerica|,2009.326,-219,46.0869565217391,690,690,43.9130434782609,47.1739130434783
EPI_ISL_80792|Human|H1N1|2009.323|NorthAmerica|,2009.323,-219,46.0869565217391,690,690,43.9130434782609,47.1739130434783
EPI_ISL_80833|Human|H1N1|2009.373|NorthAmerica|,2009.373,-216.8,45.9420289855072,690,690,43.4782608695652,47.1739130434783
EPI_ISL_87241|Human|H1N1|2009.205|NorthAmerica|,2009.205,-220,46.0869565217391,690,690,43.4782608695652,47.3913043478261
EPI_ISL_99238|Human|H1N1|2009|NorthAmerica|,2009,-208.5,46.5217391304348,690,690,43.9130434782609,47.8260869565217
EPI_ISL_99228|Human|H1N1|2009.162|Asia|,2009.162,-221.4,46.231884057971,690,690,43.9130434782609,47.3913043478261
EPI_ISL_80763|Human|H1N1|2009.312|NorthAmerica|,2009.312,-221.4,46.231884057971,690,690,43.9130434782609,47.3913043478261
EPI_ISL_99239|Human|H1N1|2009.162|NorthAmerica|,2009.162,-216,45.9420289855072,690,690,43.9130434782609,46.9565217391304
EPI_ISL_263187|Human|H1N1|2009.625|SouthAmerica|,2009.625,-215.4,45.9420289855072,690,690,43.0434782608696,47.3913043478261
EPI_ISL_263217|Human|H1N1|2009.575|SouthAmerica|,2009.575,-218.4,46.231884057971,690,690,43.0434782608696,47.8260869565217
EPI_ISL_33555|Human|H1N1|2008|Asia|seasonal,2008,-217.8,46.231884057971,690,690,44.3478260869565,47.1739130434783
EPI_ISL_80764|Human|H1N1|2009.315|NorthAmerica|,2009.315,-214.8,46.5217391304348,690,690,43.9130434782609,47.8260869565217
EPI_ISL_76121|Human|H1N1|2009.322|NorthAmerica|seasonal,2009.322,-218.1,46.3768115942029,690,690,43.4782608695652,47.8260869565217
EPI_ISL_80782|Human|H1N1|2009.323|NorthAmerica|,2009.323,-218.1,46.3768115942029,690,690,43.4782608695652,47.8260869565217
EPI_ISL_91037|Human|H1N1|2009.323|NorthAmerica|,2009.323,-218.1,46.3768115942029,690,690,43.4782608695652,47.8260869565217
EPI_ISL_99240|Human|H1N1|2009.162|NorthAmerica|,2009.162,-217.1,46.231884057971,690,690,43.4782608695652,47.6086956521739
EPI_ISL_99242|Human|H1N1|2009|NorthAmerica|,2009,-217.1,46.231884057971,690,690,43.4782608695652,47.6086956521739
EPI_ISL_78566|Human|H1N1|2007|SouthAmerica|seasonal,2007,-215.2,46.0869565217391,690,690,43.0434782608696,47.6086956521739
EPI_ISL_99222|Human|H1N1|2008.937|SouthAmerica|,2008.937,-214.6,46.3768115942029,690,690,42.6086956521739,48.2608695652174
EPI_ISL_78567|Human|H1N1|2007|SouthAmerica|seasonal,2007,-218.2,45.7971014492754,690,690,42.6086956521739,47.3913043478261
EPI_ISL_99217|Human|H1N1|2008.672|SouthAmerica|,2008.672,-213.5,45.9420289855072,690,690,42.1739130434783,47.8260869565217
EPI_ISL_208717|Human|H1N1|2009.112|Asia|,2009.112,-214.7,46.0869565217391,690,690,43.4782608695652,47.3913043478261
EPI_ISL_77960|Human|H1N1|2009.086|NorthAmerica|seasonal,2009.086,-217.5,46.231884057971,690,690,43.9130434782609,47.3913043478261
EPI_ISL_66172|Human|H1N1|2009.462|Asia|seasonal,2009.462,-217.5,46.0869565217391,690,690,43.9130434782609,47.1739130434783
EPI_ISL_70618|Human|H1N1|2009.473|Asia|seasonal,2009.473,-217.5,46.231884057971,690,690,43.9130434782609,47.3913043478261
EPI_ISL_80779|Human|H1N1|2009.323|NorthAmerica|,2009.323,-214.6,45.9420289855072,690,690,43.4782608695652,47.1739130434783
EPI_ISL_87227|Human|H1N1|2009.186|NorthAmerica|,2009.186,-218.1,46.0869565217391,690,690,43.9130434782609,47.1739130434783
EPI_ISL_208749|Human|H1N1|2008.842|Asia|,2008.842,-217.1,46.3450292397661,684,684,44.2982456140351,47.3684210526316
EPI_ISL_61867|Human|H1N1|2009.537|Asia|seasonal,2009.537,-217.5,46.231884057971,690,690,43.9130434782609,47.3913043478261
EPI_ISL_80836|Human|H1N1|2009.43|NorthAmerica|,2009.43,-217.5,46.231884057971,690,690,43.9130434782609,47.3913043478261
EPI_ISL_77965|Human|H1N1|2009.163|NorthAmerica|seasonal,2009.163,-216,46.5217391304348,690,690,44.3478260869565,47.6086956521739
EPI_ISL_164033|Human|H1N1|2009.041|Europe|seasonal,2009.041,-217.5,46.2882096069869,687,687,43.6681222707424,47.5982532751092
EPI_ISL_69710|Human|H1N1|2009.808|Asia|seasonal,2009.808,-216.7,45.9420289855072,690,690,43.4782608695652,47.1739130434783
EPI_ISL_70620|Human|H1N1|2009.67|Asia|seasonal,2009.67,-218.8,45.7971014492754,690,690,42.6086956521739,47.3913043478261
EPI_ISL_66173|Human|H1N1|2009.538|Asia|seasonal,2009.538,-218.6,45.7971014492754,690,690,42.6086956521739,47.3913043478261
EPI_ISL_164032|Human|H1N1|2008.975|Europe|seasonal,2008.975,-217.5,46.2882096069869,687,687,43.6681222707424,47.5982532751092
EPI_ISL_164034|Human|H1N1|2009.153|Europe|seasonal,2009.153,-217.5,46.2882096069869,687,687,43.6681222707424,47.5982532751092
EPI_ISL_80808|Human|H1N1|2009.323|NorthAmerica|,2009.323,-217.1,45.9420289855072,690,690,43.4782608695652,47.1739130434783
EPI_ISL_61399|Human|H1N1|2009.007|Asia|seasonal,2009.007,-218,46.0869565217391,690,690,44.3478260869565,46.9565217391304
EPI_ISL_66171|Human|H1N1|2009.527|Asia|seasonal,2009.527,-221.7,46.3768115942029,690,690,44.3478260869565,47.3913043478261
EPI_ISL_208750|Human|H1N1|2009.077|Asia|,2009.077,-217.5,46.231884057971,690,690,43.9130434782609,47.3913043478261
EPI_ISL_164031|Human|H1N1|2008.844|Europe|seasonal,2008.844,-217.5,46.2882096069869,687,687,43.6681222707424,47.5982532751092
EPI_ISL_70619|Human|H1N1|2009.5|Asia|seasonal,2009.5,-217.5,46.0869565217391,690,690,43.9130434782609,47.1739130434783
EPI_ISL_208751|Human|H1N1|2009.499|Asia|,2009.499,-215,45.7971014492754,690,690,43.4782608695652,46.9565217391304
EPI_ISL_66168|Human|H1N1|2009.522|Asia|seasonal,2009.522,-217.7,45.9420289855072,690,690,43.4782608695652,47.1739130434783
EPI_ISL_66167|Human|H1N1|2009.456|Asia|seasonal,2009.456,-217.5,46.3768115942029,690,690,44.3478260869565,47.3913043478261
EPI_ISL_208719|Human|H1N1|2009.573|Asia|,2009.573,-217.5,46.3768115942029,690,690,44.3478260869565,47.3913043478261
EPI_ISL_208690|Human|H1N1|2008.877|Asia|,2008.877,-217.9,46.231884057971,690,690,44.3478260869565,47.1739130434783
EPI_ISL_83678|Human|H1N1|2010.627|Asia|seasonal,2010.627,-219.7,46.231884057971,690,690,43.9130434782609,47.3913043478261
EPI_ISL_83677|Human|H1N1|2010.104|Asia|seasonal,2010.104,-219.7,46.231884057971,690,690,43.9130434782609,47.3913043478261
EPI_ISL_83674|Human|H1N1|2010.016|Asia|seasonal,2010.016,-219.7,46.231884057971,690,690,43.9130434782609,47.3913043478261
EPI_ISL_93598|Human|H1N1|2008.861|Asia|,2008.861,-219.7,46.231884057971,690,690,43.9130434782609,47.3913043478261
EPI_ISL_208731|Human|H1N1|2008.992|Asia|,2008.992,-219.7,46.231884057971,690,690,43.9130434782609,47.3913043478261
EPI_ISL_208732|Human|H1N1|2009.041|Asia|,2009.041,-219.7,46.231884057971,690,690,43.9130434782609,47.3913043478261
EPI_ISL_80827|Human|H1N1|2009.329|NorthAmerica|,2009.329,-219.7,46.231884057971,690,690,43.9130434782609,47.3913043478261
EPI_ISL_80790|Human|H1N1|2009.323|NorthAmerica|,2009.323,-219.7,46.231884057971,690,690,43.9130434782609,47.3913043478261
EPI_ISL_80788|Human|H1N1|2009.323|NorthAmerica|,2009.323,-219.7,46.231884057971,690,690,43.9130434782609,47.3913043478261
EPI_ISL_80386|Human|H1N1|2009.318|NorthAmerica|,2009.318,-220.7,46.0869565217391,690,690,43.9130434782609,47.1739130434783
EPI_ISL_80383|Human|H1N1|2009.318|NorthAmerica|,2009.318,-218.5,45.9420289855072,690,690,43.4782608695652,47.1739130434783
EPI_ISL_80831|Human|H1N1|2009.337|NorthAmerica|,2009.337,-220.7,46.0869565217391,690,690,43.9130434782609,47.1739130434783
EPI_ISL_80819|Human|H1N1|2009.326|NorthAmerica|,2009.326,-220.7,46.0869565217391,690,690,43.9130434782609,47.1739130434783
EPI_ISL_80805|Human|H1N1|2009.323|NorthAmerica|,2009.323,-220.7,46.0869565217391,690,690,43.9130434782609,47.1739130434783
EPI_ISL_80775|Human|H1N1|2009.321|NorthAmerica|,2009.321,-220.7,46.0869565217391,690,690,43.9130434782609,47.1739130434783
EPI_ISL_80780|Human|H1N1|2009.323|NorthAmerica|,2009.323,-219.7,46.231884057971,690,690,43.9130434782609,47.3913043478261
EPI_ISL_80824|Human|H1N1|2009|NorthAmerica|,2009,-218.2,45.9420289855072,690,690,43.9130434782609,46.9565217391304
EPI_ISL_93578|Human|H1N1|2008.943|Asia|,2008.943,-219.7,46.231884057971,690,690,43.9130434782609,47.3913043478261
EPI_ISL_80384|Human|H1N1|2009.318|NorthAmerica|,2009.318,-218.7,45.9420289855072,690,690,43.4782608695652,47.1739130434783
EPI_ISL_80825|Human|H1N1|2009.34|NorthAmerica|,2009.34,-218.7,45.9420289855072,690,690,43.4782608695652,47.1739130434783
EPI_ISL_80820|Human|H1N1|2009.326|NorthAmerica|,2009.326,-218.7,45.9420289855072,690,690,43.4782608695652,47.1739130434783
EPI_ISL_80807|Human|H1N1|2009.323|NorthAmerica|,2009.323,-218.7,45.9420289855072,690,690,43.4782608695652,47.1739130434783
EPI_ISL_80821|Human|H1N1|2009.326|NorthAmerica|,2009.326,-218.7,45.9420289855072,690,690,43.4782608695652,47.1739130434783
EPI_ISL_70176|Human|H1N1|2009.049|Asia|seasonal,2009.049,-217.5,46.0869565217391,690,690,43.9130434782609,47.1739130434783
EPI_ISL_70178|Human|H1N1|2008.997|Asia|seasonal,2008.997,-217.5,46.0869565217391,690,690,43.9130434782609,47.1739130434783
EPI_ISL_70161|Human|H1N1|2009.033|Asia|seasonal,2009.033,-217.5,46.0869565217391,690,690,43.9130434782609,47.1739130434783
EPI_ISL_99232|Human|H1N1|2009.085|NorthAmerica|,2009.085,-219,45.9420289855072,690,690,43.4782608695652,47.1739130434783
EPI_ISL_208730|Human|H1N1|2008.713|Asia|,2008.713,-217.5,46.231884057971,690,690,43.9130434782609,47.3913043478261
EPI_ISL_77954|Human|H1N1|2009.162|Asia|seasonal,2009.162,-217.5,46.0869565217391,690,690,43.4782608695652,47.3913043478261
EPI_ISL_208733|Human|H1N1|2009.126|Asia|,2009.126,-217.5,46.0869565217391,690,690,43.4782608695652,47.3913043478261
EPI_ISL_208759|Human|H1N1|2008.79|Asia|,2008.79,-217.5,46.0869565217391,690,690,43.4782608695652,47.3913043478261
EPI_ISL_70177|Human|H1N1|2009.068|Asia|seasonal,2009.068,-210.6,46.0869565217391,690,690,43.4782608695652,47.3913043478261
EPI_ISL_80815|Human|H1N1|2009.326|NorthAmerica|,2009.326,-221.5,46.231884057971,690,690,43.9130434782609,47.3913043478261
EPI_ISL_70175|Human|H1N1|2009.036|Asia|seasonal,2009.036,-219.8,46.3768115942029,690,690,43.9130434782609,47.6086956521739
EPI_ISL_87218|Human|H1N1|2009.118|NorthAmerica|,2009.118,-217.5,46.0869565217391,690,690,43.4782608695652,47.3913043478261
EPI_ISL_80812|Human|H1N1|2009.326|NorthAmerica|,2009.326,-217.5,46.0869565217391,690,690,43.4782608695652,47.3913043478261
EPI_ISL_89591|Human|H1N1|2009.132|NorthAmerica|,2009.132,-217.5,46.0869565217391,690,690,43.4782608695652,47.3913043478261
EPI_ISL_62518|Human|H1N1|2009.352|NorthAmerica|seasonal,2009.352,-216,46.3768115942029,690,690,43.9130434782609,47.6086956521739
EPI_ISL_76128|Human|H1N1|2009.319|NorthAmerica|seasonal,2009.319,-217.5,45.9420289855072,690,690,43.0434782608696,47.3913043478261
EPI_ISL_80830|Human|H1N1|2009.345|NorthAmerica|,2009.345,-217.5,45.9420289855072,690,690,43.0434782608696,47.3913043478261
EPI_ISL_80829|Human|H1N1|2009.332|NorthAmerica|,2009.332,-217.5,45.9420289855072,690,690,43.0434782608696,47.3913043478261
EPI_ISL_80793|Human|H1N1|2009.323|NorthAmerica|,2009.323,-217.5,45.9420289855072,690,690,43.0434782608696,47.3913043478261
EPI_ISL_80778|Human|H1N1|2009.321|NorthAmerica|,2009.321,-217.5,45.9420289855072,690,690,43.0434782608696,47.3913043478261
EPI_ISL_80770|Human|H1N1|2009.318|NorthAmerica|,2009.318,-217.5,45.9420289855072,690,690,43.0434782608696,47.3913043478261
EPI_ISL_76125|Human|H1N1|2009.314|NorthAmerica|seasonal,2009.314,-217.5,46.0869565217391,690,690,43.4782608695652,47.3913043478261
EPI_ISL_99231|Human|H1N1|2009|Asia|,2009,-217.5,46.0869565217391,690,690,43.4782608695652,47.3913043478261
EPI_ISL_95932|Human|H1N1|2008.117|NorthAmerica|,2008.117,-216.8,45.9420289855072,690,690,43.4782608695652,47.1739130434783
EPI_ISL_77943|Human|H1N1|2009.086|NorthAmerica|seasonal,2009.086,-216.8,45.7971014492754,690,690,43.0434782608696,47.1739130434783
EPI_ISL_70171|Human|H1N1|2009.025|Asia|seasonal,2009.025,-214.4,46.0869565217391,690,690,43.4782608695652,47.3913043478261
EPI_ISL_70159|Human|H1N1|2009.011|Asia|seasonal,2009.011,-216.8,45.9420289855072,690,690,43.0434782608696,47.3913043478261
EPI_ISL_80800|Human|H1N1|2009.323|NorthAmerica|,2009.323,-213.9,45.9420289855072,690,690,43.4782608695652,47.1739130434783
EPI_ISL_80797|Human|H1N1|2009.323|NorthAmerica|,2009.323,-216.8,45.9420289855072,690,690,43.0434782608696,47.3913043478261
EPI_ISL_87219|Human|H1N1|2009.121|NorthAmerica|,2009.121,-216.8,45.9420289855072,690,690,43.0434782608696,47.3913043478261
EPI_ISL_80771|Human|H1N1|2009.318|NorthAmerica|,2009.318,-215.1,46.0869565217391,690,690,43.4782608695652,47.3913043478261
EPI_ISL_80766|Human|H1N1|2009.315|NorthAmerica|,2009.315,-215.1,46.0869565217391,690,690,43.4782608695652,47.3913043478261
EPI_ISL_80385|Human|H1N1|2009.321|NorthAmerica|,2009.321,-218.7,45.9420289855072,690,690,43.4782608695652,47.1739130434783
EPI_ISL_80822|Human|H1N1|2009.326|NorthAmerica|,2009.326,-208.7,45.5072463768116,690,690,42.6086956521739,46.9565217391304
EPI_ISL_80816|Human|H1N1|2009.326|NorthAmerica|,2009.326,-211.4,45.6521739130435,690,690,42.6086956521739,47.1739130434783
EPI_ISL_76120|Human|H1N1|2009.319|NorthAmerica|seasonal,2009.319,-211.9,45.9420289855072,690,690,43.4782608695652,47.1739130434783
EPI_ISL_78722|Human|H1N1|2009.319|NorthAmerica|seasonal,2009.319,-214.1,45.9420289855072,690,690,43.4782608695652,47.1739130434783
EPI_ISL_80818|Human|H1N1|2009.326|NorthAmerica|,2009.326,-214.1,45.9420289855072,690,690,43.4782608695652,47.1739130434783
EPI_ISL_80809|Human|H1N1|2009.329|NorthAmerica|,2009.329,-216.8,45.7971014492754,690,690,43.0434782608696,47.1739130434783
EPI_ISL_80806|Human|H1N1|2009.323|NorthAmerica|,2009.323,-213.2,45.3623188405797,690,690,42.1739130434783,46.9565217391304
EPI_ISL_80787|Human|H1N1|2009.323|NorthAmerica|,2009.323,-214.1,45.9420289855072,690,690,43.4782608695652,47.1739130434783
EPI_ISL_80786|Human|H1N1|2009.323|NorthAmerica|,2009.323,-214.1,45.9420289855072,690,690,43.4782608695652,47.1739130434783
EPI_ISL_80784|Human|H1N1|2009.321|NorthAmerica|,2009.321,-216.8,45.7971014492754,690,690,43.0434782608696,47.1739130434783
EPI_ISL_80772|Human|H1N1|2009.318|NorthAmerica|,2009.318,-216.8,45.7971014492754,690,690,43.0434782608696,47.1739130434783
EPI_ISL_144595|Human|H1N1|2009.118|NorthAmerica|,2009.118,-215.1,46.0869565217391,690,690,43.4782608695652,47.3913043478261
EPI_ISL_144591|Human|H1N1|2009.167|NorthAmerica|,2009.167,-211.3,45.5072463768116,690,690,42.6086956521739,46.9565217391304
EPI_ISL_144594|Human|H1N1|2009.099|NorthAmerica|,2009.099,-211.5,45.6521739130435,690,690,42.6086956521739,47.1739130434783
EPI_ISL_87231|Human|H1N1|2009.052|NorthAmerica|,2009.052,-216.8,45.7971014492754,690,690,43.0434782608696,47.1739130434783
EPI_ISL_62507|Human|H1N1|2009.318|NorthAmerica|seasonal,2009.318,-213.7,45.7971014492754,690,690,43.0434782608696,47.1739130434783
EPI_ISL_80387|Human|H1N1|2009.323|NorthAmerica|,2009.323,-215.1,46.0869565217391,690,690,43.4782608695652,47.3913043478261
EPI_ISL_80817|Human|H1N1|2009.326|NorthAmerica|,2009.326,-214.4,45.9420289855072,690,690,43.0434782608696,47.3913043478261
EPI_ISL_80804|Human|H1N1|2009.323|NorthAmerica|,2009.323,-211.5,45.5072463768116,690,690,42.6086956521739,46.9565217391304
EPI_ISL_99241|Human|H1N1|2009|Asia|,2009,-217.5,46.0869565217391,690,690,43.4782608695652,47.3913043478261
EPI_ISL_99236|Human|H1N1|2009|Asia|,2009,-209.7,45.9420289855072,690,690,43.0434782608696,47.3913043478261
EPI_ISL_99234|Human|H1N1|2009.162|NorthAmerica|,2009.162,-213.8,46.231884057971,690,690,42.6086956521739,48.0434782608696
EPI_ISL_99233|Human|H1N1|2009.247|NorthAmerica|,2009.247,-213.3,45.6521739130435,690,690,42.1739130434783,47.3913043478261
EPI_ISL_77967|Human|H1N1|2009.163|NorthAmerica|seasonal,2009.163,-216.8,45.7971014492754,690,690,43.0434782608696,47.1739130434783
EPI_ISL_77937|Human|H1N1|2009.163|NorthAmerica|seasonal,2009.163,-216.7,46.3768115942029,690,690,43.9130434782609,47.6086956521739
EPI_ISL_77959|Human|H1N1|2009.086|NorthAmerica|seasonal,2009.086,-215.1,46.0869565217391,690,690,43.4782608695652,47.3913043478261
EPI_ISL_77941|Human|H1N1|2009.163|NorthAmerica|seasonal,2009.163,-215.1,46.0869565217391,690,690,43.4782608695652,47.3913043478261
EPI_ISL_144607|Human|H1N1|2009.137|NorthAmerica|,2009.137,-215.8,46.231884057971,690,690,43.9130434782609,47.3913043478261
EPI_ISL_144606|Human|H1N1|2009.137|NorthAmerica|,2009.137,-215.1,46.0869565217391,690,690,43.4782608695652,47.3913043478261
EPI_ISL_77970|Human|H1N1|2009.163|NorthAmerica|seasonal,2009.163,-215.1,46.0869565217391,690,690,43.4782608695652,47.3913043478261
EPI_ISL_144622|Human|H1N1|2009.137|NorthAmerica|,2009.137,-215.1,46.0869565217391,690,690,43.4782608695652,47.3913043478261
EPI_ISL_77942|Human|H1N1|2009.438|SouthAmerica|,2009.438,-216.3,45.7971014492754,690,690,42.1739130434783,47.6086956521739
EPI_ISL_99235|Human|H1N1|2009.085|Asia|,2009.085,-216.8,45.7971014492754,690,690,43.0434782608696,47.1739130434783
EPI_ISL_87207|Human|H1N1|2009.148|NorthAmerica|,2009.148,-216.8,45.7971014492754,690,690,43.0434782608696,47.1739130434783
EPI_ISL_62483|Human|H1N1|2009.319|NorthAmerica|seasonal,2009.319,-216.2,45.6521739130435,690,690,42.6086956521739,47.1739130434783
EPI_ISL_156324|Human|H1N1|2009.548|Oceania|,2009.548,-214.5,45.7971014492754,690,690,43.0434782608696,47.1739130434783
EPI_ISL_80814|Human|H1N1|2009.326|NorthAmerica|,2009.326,-213.3,45.6521739130435,690,690,43.0434782608696,46.9565217391304
EPI_ISL_80802|Human|H1N1|2009.326|NorthAmerica|,2009.326,-213.3,45.6521739130435,690,690,43.0434782608696,46.9565217391304
EPI_ISL_80781|Human|H1N1|2009.321|NorthAmerica|,2009.321,-213.3,45.6521739130435,690,690,43.0434782608696,46.9565217391304
EPI_ISL_80785|Human|H1N1|2009.323|NorthAmerica|,2009.323,-217.9,45.7971014492754,690,690,43.4782608695652,46.9565217391304
EPI_ISL_80767|Human|H1N1|2009.318|NorthAmerica|,2009.318,-213.3,45.6521739130435,690,690,43.0434782608696,46.9565217391304
EPI_ISL_91038|Human|H1N1|2009.321|NorthAmerica|,2009.321,-213.3,45.6521739130435,690,690,43.0434782608696,46.9565217391304
EPI_ISL_80773|Human|H1N1|2009.318|NorthAmerica|,2009.318,-217.4,45.9420289855072,690,690,43.4782608695652,47.1739130434783
EPI_ISL_29674|Human|H1N1|2008.653|NorthAmerica|seasonal,2008.653,-216.8,45.7971014492754,690,690,43.0434782608696,47.1739130434783
EPI_ISL_62911|Human|H1N1|2008.657|NorthAmerica|seasonal,2008.657,-208.8,45.6521739130435,690,690,43.0434782608696,46.9565217391304
EPI_ISL_62906|Human|H1N1|2008.802|NorthAmerica|seasonal,2008.802,-215.2,45.9420289855072,690,690,43.4782608695652,47.1739130434783
EPI_ISL_30232|Human|H1N1|2008.762|NorthAmerica|seasonal,2008.762,-215.2,45.9420289855072,690,690,43.4782608695652,47.1739130434783
EPI_ISL_62912|Human|H1N1|2008.6|NorthAmerica|seasonal,2008.6,-215.2,45.9420289855072,690,690,43.4782608695652,47.1739130434783
EPI_ISL_87210|Human|H1N1|2009.153|NorthAmerica|,2009.153,-210.4,45.3623188405797,690,690,43.4782608695652,46.304347826087
EPI_ISL_87186|Human|H1N1|2009.11|NorthAmerica|,2009.11,-210.4,45.3623188405797,690,690,43.4782608695652,46.304347826087
EPI_ISL_87215|Human|H1N1|2009.167|NorthAmerica|,2009.167,-210.5,45.5072463768116,690,690,43.9130434782609,46.304347826087
EPI_ISL_87205|Human|H1N1|2009.145|NorthAmerica|,2009.145,-216.2,45.9420289855072,690,690,43.0434782608696,47.3913043478261
EPI_ISL_62528|Human|H1N1|2009.399|NorthAmerica|seasonal,2009.399,-216.2,45.9420289855072,690,690,43.0434782608696,47.3913043478261
EPI_ISL_87240|Human|H1N1|2009.137|NorthAmerica|,2009.137,-214,45.7971014492754,690,690,42.6086956521739,47.3913043478261
EPI_ISL_87234|Human|H1N1|2009.112|NorthAmerica|,2009.112,-216.2,45.9420289855072,690,690,43.0434782608696,47.3913043478261
EPI_ISL_87220|Human|H1N1|2009.156|NorthAmerica|,2009.156,-216.2,45.9420289855072,690,690,43.0434782608696,47.3913043478261
EPI_ISL_87212|Human|H1N1|2009.156|NorthAmerica|,2009.156,-216.2,45.9420289855072,690,690,43.0434782608696,47.3913043478261
EPI_ISL_87209|Human|H1N1|2009.151|NorthAmerica|,2009.151,-216.2,45.9420289855072,690,690,43.0434782608696,47.3913043478261
EPI_ISL_87195|Human|H1N1|2009.137|NorthAmerica|,2009.137,-214,45.7971014492754,690,690,42.6086956521739,47.3913043478261
EPI_ISL_87192|Human|H1N1|2009.112|NorthAmerica|,2009.112,-216.2,45.9420289855072,690,690,43.0434782608696,47.3913043478261
EPI_ISL_87190|Human|H1N1|2009.107|NorthAmerica|,2009.107,-216.7,45.7971014492754,690,690,43.0434782608696,47.1739130434783
EPI_ISL_87185|Human|H1N1|2009.104|NorthAmerica|,2009.104,-216.2,45.9420289855072,690,690,43.0434782608696,47.3913043478261
EPI_ISL_89600|Human|H1N1|2009.036|NorthAmerica|,2009.036,-216.2,45.9420289855072,690,690,43.0434782608696,47.3913043478261
EPI_ISL_89596|Human|H1N1|2009.142|NorthAmerica|,2009.142,-216.2,45.9420289855072,690,690,43.0434782608696,47.3913043478261
EPI_ISL_89947|Human|H1N1|2009.137|NorthAmerica|,2009.137,-216.2,45.9420289855072,690,690,43.0434782608696,47.3913043478261
EPI_ISL_89940|Human|H1N1|2009.074|NorthAmerica|,2009.074,-216.2,45.9420289855072,690,690,43.0434782608696,47.3913043478261
EPI_ISL_93685|Human|H1N1|2009.115|NorthAmerica|,2009.115,-217.1,45.7971014492754,690,690,42.1739130434783,47.6086956521739
EPI_ISL_62519|Human|H1N1|2009.363|NorthAmerica|seasonal,2009.363,-216.2,45.9420289855072,690,690,43.0434782608696,47.3913043478261
EPI_ISL_87216|Human|H1N1|2009.118|NorthAmerica|,2009.118,-216.2,45.9420289855072,690,690,43.0434782608696,47.3913043478261
EPI_ISL_89599|Human|H1N1|2009.216|NorthAmerica|,2009.216,-216.2,45.9420289855072,690,690,43.0434782608696,47.3913043478261
EPI_ISL_89605|Human|H1N1|2009.195|NorthAmerica|,2009.195,-216.2,45.9420289855072,690,690,43.0434782608696,47.3913043478261
EPI_ISL_87226|Human|H1N1|2009.186|NorthAmerica|,2009.186,-216.2,45.9420289855072,690,690,43.0434782608696,47.3913043478261
EPI_ISL_87225|Human|H1N1|2009.184|NorthAmerica|,2009.184,-216.2,45.9420289855072,690,690,43.0434782608696,47.3913043478261
EPI_ISL_87222|Human|H1N1|2009.162|NorthAmerica|,2009.162,-216.2,45.9420289855072,690,690,43.0434782608696,47.3913043478261
EPI_ISL_89597|Human|H1N1|2009.159|NorthAmerica|,2009.159,-214,45.7971014492754,690,690,42.6086956521739,47.3913043478261
EPI_ISL_80390|Human|H1N1|2009.323|NorthAmerica|,2009.323,-216.2,45.9420289855072,690,690,43.0434782608696,47.3913043478261
EPI_ISL_80801|Human|H1N1|2009.323|NorthAmerica|,2009.323,-216.2,45.9420289855072,690,690,43.0434782608696,47.3913043478261
EPI_ISL_87211|Human|H1N1|2009.082|NorthAmerica|,2009.082,-216.2,45.7971014492754,690,690,42.6086956521739,47.3913043478261
EPI_ISL_88954|Human|H1N1|2009.077|NorthAmerica|,2009.077,-216.2,45.9420289855072,690,690,43.0434782608696,47.3913043478261
EPI_ISL_87183|Human|H1N1|2009.077|NorthAmerica|,2009.077,-216.2,45.9420289855072,690,690,43.0434782608696,47.3913043478261
EPI_ISL_80791|Human|H1N1|2009.326|NorthAmerica|,2009.326,-216.2,45.9420289855072,690,690,43.0434782608696,47.3913043478261
EPI_ISL_87223|Human|H1N1|2009.167|NorthAmerica|,2009.167,-216.2,46.0869565217391,690,690,43.0434782608696,47.6086956521739
EPI_ISL_87194|Human|H1N1|2009.132|NorthAmerica|,2009.132,-216.2,46.0869565217391,690,690,43.0434782608696,47.6086956521739
EPI_ISL_87202|Human|H1N1|2009.14|NorthAmerica|,2009.14,-214,45.7971014492754,690,690,42.6086956521739,47.3913043478261
EPI_ISL_87236|Human|H1N1|2009.118|NorthAmerica|,2009.118,-216.2,45.9420289855072,690,690,43.0434782608696,47.3913043478261
EPI_ISL_87221|Human|H1N1|2009.159|NorthAmerica|,2009.159,-216.2,45.9420289855072,690,690,43.0434782608696,47.3913043478261
EPI_ISL_89598|Human|H1N1|2009.159|NorthAmerica|,2009.159,-216.2,45.9420289855072,690,690,43.0434782608696,47.3913043478261
EPI_ISL_89593|Human|H1N1|2009.167|NorthAmerica|,2009.167,-216.2,45.9420289855072,690,690,43.0434782608696,47.3913043478261
EPI_ISL_87230|Human|H1N1|2009.225|NorthAmerica|,2009.225,-212.1,45.6521739130435,690,690,42.6086956521739,47.1739130434783
EPI_ISL_87213|Human|H1N1|2009.162|NorthAmerica|,2009.162,-212.1,45.6521739130435,690,690,42.6086956521739,47.1739130434783
EPI_ISL_89590|Human|H1N1|2009.134|NorthAmerica|,2009.134,-216.2,45.9420289855072,690,690,43.0434782608696,47.3913043478261
EPI_ISL_87224|Human|H1N1|2009.184|NorthAmerica|,2009.184,-216.2,45.9420289855072,690,690,43.0434782608696,47.3913043478261
EPI_ISL_87196|Human|H1N1|2009.137|NorthAmerica|,2009.137,-216.2,45.9420289855072,690,690,43.0434782608696,47.3913043478261
EPI_ISL_87238|Human|H1N1|2009.145|NorthAmerica|,2009.145,-216.2,45.9420289855072,690,690,43.0434782608696,47.3913043478261
EPI_ISL_87233|Human|H1N1|2009.107|NorthAmerica|,2009.107,-216.2,45.9420289855072,690,690,43.0434782608696,47.3913043478261
EPI_ISL_87228|Human|H1N1|2009.195|NorthAmerica|,2009.195,-216.2,45.9420289855072,690,690,43.0434782608696,47.3913043478261
EPI_ISL_87208|Human|H1N1|2009.148|NorthAmerica|,2009.148,-216.2,45.9420289855072,690,690,43.0434782608696,47.3913043478261
EPI_ISL_87239|Human|H1N1|2009.142|NorthAmerica|,2009.142,-216.2,45.9420289855072,690,690,43.0434782608696,47.3913043478261
EPI_ISL_87189|Human|H1N1|2009.11|NorthAmerica|,2009.11,-210.4,45.3623188405797,690,690,43.4782608695652,46.304347826087
EPI_ISL_87214|Human|H1N1|2009.162|NorthAmerica|,2009.162,-210.4,45.3623188405797,690,690,43.4782608695652,46.304347826087
EPI_ISL_87187|Human|H1N1|2009.112|NorthAmerica|,2009.112,-210.4,45.3623188405797,690,690,43.4782608695652,46.304347826087
EPI_ISL_87235|Human|H1N1|2009.115|NorthAmerica|,2009.115,-210.4,45.3623188405797,690,690,43.4782608695652,46.304347826087
EPI_ISL_87206|Human|H1N1|2009.145|NorthAmerica|,2009.145,-208.9,45.2173913043478,690,690,43.0434782608696,46.304347826087
EPI_ISL_87203|Human|H1N1|2009.134|NorthAmerica|,2009.134,-210.4,45.3623188405797,690,690,43.4782608695652,46.304347826087
EPI_ISL_87193|Human|H1N1|2009.112|NorthAmerica|,2009.112,-210.4,45.3623188405797,690,690,43.4782608695652,46.304347826087
EPI_ISL_89604|Human|H1N1|2009.093|NorthAmerica|,2009.093,-214.1,45.1476793248945,711,711,43.0379746835443,46.2025316455696
EPI_ISL_89603|Human|H1N1|2009.079|NorthAmerica|,2009.079,-210.4,45.3623188405797,690,690,43.4782608695652,46.304347826087
EPI_ISL_89602|Human|H1N1|2009.077|NorthAmerica|,2009.077,-210.4,45.3623188405797,690,690,43.4782608695652,46.304347826087
EPI_ISL_89601|Human|H1N1|2009.058|NorthAmerica|,2009.058,-210.4,45.3623188405797,690,690,43.4782608695652,46.304347826087
EPI_ISL_89595|Human|H1N1|2009.118|NorthAmerica|,2009.118,-210.4,45.3623188405797,690,690,43.4782608695652,46.304347826087
EPI_ISL_89592|Human|H1N1|2009.137|NorthAmerica|,2009.137,-210.4,45.3623188405797,690,690,43.4782608695652,46.304347826087
EPI_ISL_87229|Human|H1N1|2009.222|NorthAmerica|,2009.222,-210,45.2173913043478,690,690,43.4782608695652,46.0869565217391
EPI_ISL_89589|Human|H1N1|2009.093|NorthAmerica|,2009.093,-210.4,45.3623188405797,690,690,43.4782608695652,46.304347826087
EPI_ISL_87204|Human|H1N1|2009.137|NorthAmerica|,2009.137,-210.3,45.2173913043478,690,690,43.4782608695652,46.0869565217391
EPI_ISL_144596|Human|H1N1|2009.156|NorthAmerica|,2009.156,-215.3,45.5072463768116,690,690,43.0434782608696,46.7391304347826
EPI_ISL_62802|Human|H1N1|2008.146|NorthAmerica|seasonal,2008.146,-219.8,45.9420289855072,690,690,43.0434782608696,47.3913043478261
EPI_ISL_71839|Human|H1N1|2007|NorthAmerica|seasonal,2007,-219.8,45.9420289855072,690,690,43.0434782608696,47.3913043478261
EPI_ISL_116011|Human|H1N1|2008.486|Asia|,2008.486,-214.2,45.6521739130435,690,690,42.6086956521739,47.1739130434783
EPI_ISL_116010|Human|H1N1|2008.59|Asia|,2008.59,-214.2,45.6521739130435,690,690,42.6086956521739,47.1739130434783
EPI_ISL_106671|Human|H1N1|2008.574|Asia|,2008.574,-218.2,46.0869565217391,690,690,43.4782608695652,47.3913043478261
EPI_ISL_127615|Human|H1N1|2007|NorthAmerica|,2007,-218.2,45.9420289855072,690,690,43.0434782608696,47.3913043478261
EPI_ISL_15602|Human|H1N1|2006|Europe|seasonal,2006,-220.5,45.5072463768116,690,690,44.3478260869565,46.0869565217391
EPI_ISL_123192|Human|H1N1|2004|NorthAmerica|,2004,-219.4,45.9420289855072,690,690,44.3478260869565,46.7391304347826
EPI_ISL_145700|Human|H1N1|2007.395|Asia|,2007.395,-213.3,45.6521739130435,690,690,43.9130434782609,46.5217391304348
EPI_ISL_145699|Human|H1N1|2007.364|Asia|,2007.364,-211.2,45.3623188405797,690,690,43.4782608695652,46.304347826087
EPI_ISL_151781|Human|H1N1|2007.351|Asia|,2007.351,-211.2,45.5072463768116,690,690,43.4782608695652,46.5217391304348
EPI_ISL_151783|Human|H1N1|2007.351|Asia|,2007.351,-210.3,45.6521739130435,690,690,43.9130434782609,46.5217391304348
EPI_ISL_145698|Human|H1N1|2007.395|Asia|,2007.395,-211.2,45.5072463768116,690,690,43.4782608695652,46.5217391304348
EPI_ISL_181327|Human|H1N1|2007.375|Asia|,2007.375,-211.2,45.5072463768116,690,690,43.4782608695652,46.5217391304348
EPI_ISL_93587|Human|H1N1|2008.82|Asia|,2008.82,-210.7,45.7971014492754,690,690,43.9130434782609,46.7391304347826
EPI_ISL_93593|Human|H1N1|2008.762|Asia|,2008.762,-209.2,45.5072463768116,690,690,43.4782608695652,46.5217391304348
EPI_ISL_33558|Human|H1N1|2008|Asia|seasonal,2008,-212.8,45.6521739130435,690,690,43.4782608695652,46.7391304347826
EPI_ISL_33557|Human|H1N1|2008|Asia|seasonal,2008,-212.8,45.6521739130435,690,690,43.4782608695652,46.7391304347826
EPI_ISL_93599|Human|H1N1|2008.781|Asia|,2008.781,-211.1,45.6521739130435,690,690,43.4782608695652,46.7391304347826
EPI_ISL_63397|Human|H1N1|2007.971|Asia|seasonal,2007.971,-211.1,45.6521739130435,690,690,43.4782608695652,46.7391304347826
EPI_ISL_33559|Human|H1N1|2008|Asia|seasonal,2008,-212.6,45.7971014492754,690,690,43.9130434782609,46.7391304347826
EPI_ISL_33556|Human|H1N1|2008|Asia|seasonal,2008,-211.7,45.7971014492754,690,690,43.4782608695652,46.9565217391304
EPI_ISL_120440|Human|H1N1|2007.499|Asia|,2007.499,-215.1,45.3623188405797,690,690,43.4782608695652,46.304347826087
EPI_ISL_181326|Human|H1N1|2007.364|Asia|,2007.364,-211.2,45.5072463768116,690,690,43.4782608695652,46.5217391304348
EPI_ISL_120445|Human|H1N1|2007.556|Asia|,2007.556,-211.2,45.5072463768116,690,690,43.4782608695652,46.5217391304348
EPI_ISL_151784|Human|H1N1|2007.354|Asia|,2007.354,-211.5,45.3623188405797,690,690,43.0434782608696,46.5217391304348
EPI_ISL_181325|Human|H1N1|2007.351|Asia|,2007.351,-211.4,45.3623188405797,690,690,43.0434782608696,46.5217391304348
EPI_ISL_120438|Human|H1N1|2007.107|Asia|,2007.107,-211.2,45.5072463768116,690,690,43.4782608695652,46.5217391304348
EPI_ISL_120437|Human|H1N1|2007.088|Asia|,2007.088,-211.2,45.5072463768116,690,690,43.4782608695652,46.5217391304348
EPI_ISL_120436|Human|H1N1|2007.088|Asia|,2007.088,-211.2,45.5072463768116,690,690,43.4782608695652,46.5217391304348
EPI_ISL_181328|Human|H1N1|2007.386|Asia|,2007.386,-211.2,45.5072463768116,690,690,43.4782608695652,46.5217391304348
EPI_ISL_120439|Human|H1N1|2007.444|Asia|,2007.444,-213.4,45.5072463768116,690,690,43.4782608695652,46.5217391304348
EPI_ISL_70167|Human|H1N1|2008.016|Asia|seasonal,2008.016,-211.8,45.5072463768116,690,690,43.4782608695652,46.5217391304348
EPI_ISL_70173|Human|H1N1|2008.139|Asia|seasonal,2008.139,-218.3,45.5072463768116,690,690,43.0434782608696,46.7391304347826
EPI_ISL_70157|Human|H1N1|2008.011|Asia|seasonal,2008.011,-211.4,45.3623188405797,690,690,43.0434782608696,46.5217391304348
EPI_ISL_70174|Human|H1N1|2008.183|Asia|seasonal,2008.183,-211.4,45.5072463768116,690,690,43.9130434782609,46.304347826087
EPI_ISL_106750|Human|H1N1|2008.954|Asia|,2008.954,-210.7,45.7971014492754,690,690,44.3478260869565,46.5217391304348
EPI_ISL_106730|Human|H1N1|2008.861|Asia|,2008.861,-210.9,45.7971014492754,690,690,44.7826086956522,46.304347826087
EPI_ISL_106675|Human|H1N1|2008.5|Asia|,2008.5,-213.3,45.6521739130435,690,690,43.9130434782609,46.5217391304348
EPI_ISL_115857|Human|H1N1|2008.858|Asia|,2008.858,-210.7,45.7971014492754,690,690,44.3478260869565,46.5217391304348
EPI_ISL_106752|Human|H1N1|2008.536|Asia|,2008.536,-213.3,45.6521739130435,690,690,43.9130434782609,46.5217391304348
EPI_ISL_106712|Human|H1N1|2008.746|Asia|,2008.746,-212,45.5072463768116,690,690,43.9130434782609,46.304347826087
EPI_ISL_106711|Human|H1N1|2008.746|Asia|,2008.746,-212,45.5072463768116,690,690,43.9130434782609,46.304347826087
EPI_ISL_106691|Human|H1N1|2008.678|Asia|,2008.678,-213.3,45.6521739130435,690,690,43.9130434782609,46.5217391304348
EPI_ISL_116006|Human|H1N1|2008.648|Asia|,2008.648,-213.3,45.6521739130435,690,690,43.9130434782609,46.5217391304348
EPI_ISL_116012|Human|H1N1|2008.522|Asia|,2008.522,-213.5,45.5072463768116,690,690,43.4782608695652,46.5217391304348
EPI_ISL_70163|Human|H1N1|2008.055|Asia|seasonal,2008.055,-213.3,45.7971014492754,690,690,44.3478260869565,46.5217391304348
EPI_ISL_93581|Human|H1N1|2007.211|Asia|,2007.211,-213.4,45.5072463768116,690,690,43.9130434782609,46.304347826087
EPI_ISL_7803|Human|H1N1|2007.058|NorthAmerica|seasonal,2007.058,-211.8,45.5072463768116,690,690,43.4782608695652,46.5217391304348
EPI_ISL_93597|Human|H1N1|2006.504|Asia|,2006.504,-216.1,45.9420289855072,690,690,44.3478260869565,46.7391304347826
EPI_ISL_93580|Human|H1N1|2006.392|Asia|,2006.392,-210.5,45.2173913043478,690,690,43.4782608695652,46.0869565217391
EPI_ISL_25031|Human|H1N1|2006|Europe|seasonal,2006,-214.4,45.5072463768116,690,690,43.4782608695652,46.5217391304348
EPI_ISL_123193|Human|H1N1|2004|Asia|,2004,-219.4,45.9420289855072,690,690,44.3478260869565,46.7391304347826
EPI_ISL_12839|Human|H1N1|2006|Asia|seasonal,2006,-218.6,46.0869565217391,690,690,45.2173913043478,46.5217391304348
EPI_ISL_12838|Human|H1N1|2006|Asia|seasonal,2006,-218.6,46.0869565217391,690,690,45.2173913043478,46.5217391304348
EPI_ISL_120427|Human|H1N1|2005.573|Asia|,2005.573,-218.6,46.231884057971,690,690,45.2173913043478,46.7391304347826
EPI_ISL_120428|Human|H1N1|2005.605|Asia|,2005.605,-216,45.9420289855072,690,690,44.7826086956522,46.5217391304348
EPI_ISL_120431|Human|H1N1|2006.334|Asia|,2006.334,-221.3,46.0869565217391,690,690,44.3478260869565,46.9565217391304
EPI_ISL_93576|Human|H1N1|2005.989|Asia|,2005.989,-221.5,46.0869565217391,690,690,44.7826086956522,46.7391304347826
EPI_ISL_29642|Human|H1N1|2006.816|Asia|seasonal,2006.816,-221.5,46.0869565217391,690,690,44.7826086956522,46.7391304347826
EPI_ISL_99209|Human|H1N1|2006|Asia|,2006,-217.2,46.0869565217391,690,690,43.4782608695652,47.3913043478261
EPI_ISL_120435|Human|H1N1|2007.011|Asia|,2007.011,-216.5,45.6521739130435,690,690,43.4782608695652,46.7391304347826
EPI_ISL_120433|Human|H1N1|2006.759|Asia|,2006.759,-221.5,46.0869565217391,690,690,44.7826086956522,46.7391304347826
EPI_ISL_120432|Human|H1N1|2006.545|Asia|,2006.545,-223.6,46.231884057971,690,690,45.2173913043478,46.7391304347826
EPI_ISL_106670|Human|H1N1|2006.57|Asia|,2006.57,-221.5,46.231884057971,690,690,44.7826086956522,46.9565217391304
EPI_ISL_106669|Human|H1N1|2006.564|Asia|,2006.564,-219.2,46.0869565217391,690,690,44.3478260869565,46.9565217391304
EPI_ISL_106640|Human|H1N1|2006.584|Asia|,2006.584,-221.5,46.231884057971,690,690,44.7826086956522,46.9565217391304
EPI_ISL_116064|Human|H1N1|2006.447|Asia|,2006.447,-221.5,46.231884057971,690,690,44.7826086956522,46.9565217391304
EPI_ISL_116063|Human|H1N1|2006.384|Asia|,2006.384,-219.2,46.0869565217391,690,690,44.3478260869565,46.9565217391304
EPI_ISL_106639|Human|H1N1|2006.463|Asia|,2006.463,-221.5,46.231884057971,690,690,44.7826086956522,46.9565217391304
EPI_ISL_93591|Human|H1N1|2006.033|Asia|,2006.033,-221.5,46.0869565217391,690,690,44.7826086956522,46.7391304347826
EPI_ISL_7816|Human|H1N1|2007.101|NorthAmerica|seasonal,2007.101,-219.6,46.231884057971,690,690,45.2173913043478,46.7391304347826
EPI_ISL_7938|Human|H1N1|2007.126|NorthAmerica|seasonal,2007.126,-221.5,46.0869565217391,690,690,44.7826086956522,46.7391304347826
EPI_ISL_93584|Human|H1N1|2008.716|Asia|,2008.716,-224,45.7971014492754,690,690,44.3478260869565,46.5217391304348
EPI_ISL_93592|Human|H1N1|2006.008|Asia|,2006.008,-221.4,45.9420289855072,690,690,44.7826086956522,46.5217391304348
EPI_ISL_12836|Human|H1N1|2006|Asia|seasonal,2006,-221.5,46.0869565217391,690,690,44.7826086956522,46.7391304347826
EPI_ISL_12835|Human|H1N1|2006|Asia|seasonal,2006,-221.5,46.0869565217391,690,690,44.7826086956522,46.7391304347826
EPI_ISL_93579|Human|H1N1|2006.121|Asia|,2006.121,-221.5,46.0869565217391,690,690,44.7826086956522,46.7391304347826
EPI_ISL_93600|Human|H1N1|2006.493|Asia|,2006.493,-221.5,46.0869565217391,690,690,44.7826086956522,46.7391304347826
EPI_ISL_120426|Human|H1N1|2004.809|Asia|,2004.809,-220.2,45.9420289855072,690,690,44.7826086956522,46.5217391304348
EPI_ISL_123186|Human|H1N1|2001|Asia|,2001,-221.7,46.0869565217391,690,690,44.3478260869565,46.9565217391304
EPI_ISL_9127|Human|H1N1|2004.697|Oceania|seasonal,2004.697,-219.4,45.7971014492754,690,690,43.9130434782609,46.7391304347826
EPI_ISL_120430|Human|H1N1|2005.929|Asia|,2005.929,-221.9,45.7971014492754,690,690,44.7826086956522,46.304347826087
EPI_ISL_120429|Human|H1N1|2005.912|Asia|,2005.912,-221.9,45.7971014492754,690,690,44.7826086956522,46.304347826087
EPI_ISL_120434|Human|H1N1|2006.921|Asia|,2006.921,-220.2,45.9420289855072,690,690,44.3478260869565,46.7391304347826
EPI_ISL_25710|Human|H1N1|2006.225|Europe|seasonal,2006.225,-218.3,46.3768115942029,690,690,43.4782608695652,47.8260869565217
EPI_ISL_25708|Human|H1N1|2006.244|Europe|seasonal,2006.244,-218.3,46.3768115942029,690,690,43.4782608695652,47.8260869565217
EPI_ISL_208699|Human|H1N1|2007.789|Asia|,2007.789,-216.3,46.231884057971,690,690,43.9130434782609,47.3913043478261
EPI_ISL_208698|Human|H1N1|2007.767|Asia|,2007.767,-216.3,46.3768115942029,690,690,43.9130434782609,47.6086956521739
EPI_ISL_8026|Human|H1N1|2007.104|NorthAmerica|seasonal,2007.104,-216,46.0869565217391,690,690,43.0434782608696,47.6086956521739
EPI_ISL_7825|Human|H1N1|2007.047|NorthAmerica|seasonal,2007.047,-217.7,46.0869565217391,690,690,43.4782608695652,47.3913043478261
EPI_ISL_7784|Human|H1N1|2007.137|NorthAmerica|seasonal,2007.137,-217.7,46.0869565217391,690,690,43.4782608695652,47.3913043478261
EPI_ISL_7805|Human|H1N1|2007.14|NorthAmerica|seasonal,2007.14,-218.2,46.231884057971,690,690,43.4782608695652,47.6086956521739
EPI_ISL_8025|Human|H1N1|2007.162|NorthAmerica|seasonal,2007.162,-218.2,46.231884057971,690,690,43.4782608695652,47.6086956521739
EPI_ISL_7811|Human|H1N1|2007.162|NorthAmerica|seasonal,2007.162,-216.8,46.3768115942029,690,690,43.9130434782609,47.6086956521739
EPI_ISL_95933|Human|H1N1|2008.096|NorthAmerica|,2008.096,-218.2,46.0869565217391,690,690,43.4782608695652,47.3913043478261
EPI_ISL_208748|Human|H1N1|2007.863|Asia|,2007.863,-218.8,46.0869565217391,690,690,43.4782608695652,47.3913043478261
EPI_ISL_71838|Human|H1N1|2007|Oceania|seasonal,2007,-218.7,46.3768115942029,690,690,43.4782608695652,47.8260869565217
EPI_ISL_154509|Human|H1N1|2007|Oceania|,2007,-218.7,46.3768115942029,690,690,43.4782608695652,47.8260869565217
EPI_ISL_154508|Human|H1N1|2007|Oceania|,2007,-218.7,46.3768115942029,690,690,43.4782608695652,47.8260869565217
EPI_ISL_154506|Human|H1N1|2007|Oceania|,2007,-218.7,46.3768115942029,690,690,43.4782608695652,47.8260869565217
EPI_ISL_154507|Human|H1N1|2007|Oceania|,2007,-218.7,46.3768115942029,690,690,43.4782608695652,47.8260869565217
EPI_ISL_154505|Human|H1N1|2007|Oceania|,2007,-218.7,46.3768115942029,690,690,43.4782608695652,47.8260869565217
EPI_ISL_154504|Human|H1N1|2007|Oceania|,2007,-218.7,46.3768115942029,690,690,43.4782608695652,47.8260869565217
EPI_ISL_154503|Human|H1N1|2007|Oceania|,2007,-218.7,46.3768115942029,690,690,43.4782608695652,47.8260869565217
EPI_ISL_154502|Human|H1N1|2007|Oceania|,2007,-218.7,46.3768115942029,690,690,43.4782608695652,47.8260869565217
EPI_ISL_154501|Human|H1N1|2007|Oceania|,2007,-218.7,46.3768115942029,690,690,43.4782608695652,47.8260869565217
EPI_ISL_154500|Human|H1N1|2007|Oceania|,2007,-218.7,46.3768115942029,690,690,43.4782608695652,47.8260869565217
EPI_ISL_154498|Human|H1N1|2007|Oceania|,2007,-218.7,46.3768115942029,690,690,43.4782608695652,47.8260869565217
EPI_ISL_154497|Human|H1N1|2007|Oceania|,2007,-218.7,46.3768115942029,690,690,43.4782608695652,47.8260869565217
EPI_ISL_154496|Human|H1N1|2007|Oceania|,2007,-218.7,46.3768115942029,690,690,43.4782608695652,47.8260869565217
EPI_ISL_154495|Human|H1N1|2007|Oceania|,2007,-218.7,46.3768115942029,690,690,43.4782608695652,47.8260869565217
EPI_ISL_154494|Human|H1N1|2007|Oceania|,2007,-218.7,46.3768115942029,690,690,43.4782608695652,47.8260869565217
EPI_ISL_154493|Human|H1N1|2007|Oceania|,2007,-218.7,46.3768115942029,690,690,43.4782608695652,47.8260869565217
EPI_ISL_154492|Human|H1N1|2007|Oceania|,2007,-218.7,46.3768115942029,690,690,43.4782608695652,47.8260869565217
EPI_ISL_154491|Human|H1N1|2007|Oceania|,2007,-218.7,46.3768115942029,690,690,43.4782608695652,47.8260869565217
EPI_ISL_154490|Human|H1N1|2007|Oceania|,2007,-218.7,46.3768115942029,690,690,43.4782608695652,47.8260869565217
EPI_ISL_154489|Human|H1N1|2007|Oceania|,2007,-218.7,46.3768115942029,690,690,43.4782608695652,47.8260869565217
EPI_ISL_154486|Human|H1N1|2007|Oceania|,2007,-218.7,46.3768115942029,690,690,43.4782608695652,47.8260869565217
EPI_ISL_154485|Human|H1N1|2007|Oceania|,2007,-218.7,46.3768115942029,690,690,43.4782608695652,47.8260869565217
EPI_ISL_154484|Human|H1N1|2007|Oceania|,2007,-218.7,46.3768115942029,690,690,43.4782608695652,47.8260869565217
EPI_ISL_154483|Human|H1N1|2007|Oceania|,2007,-218.7,46.3768115942029,690,690,43.4782608695652,47.8260869565217
EPI_ISL_154482|Human|H1N1|2007|Oceania|,2007,-218.7,46.3768115942029,690,690,43.4782608695652,47.8260869565217
EPI_ISL_154481|Human|H1N1|2007|Oceania|,2007,-218.7,46.3768115942029,690,690,43.4782608695652,47.8260869565217
EPI_ISL_154480|Human|H1N1|2007|Oceania|,2007,-218.7,46.3768115942029,690,690,43.4782608695652,47.8260869565217
EPI_ISL_154478|Human|H1N1|2007|Oceania|,2007,-218.7,46.3768115942029,690,690,43.4782608695652,47.8260869565217
EPI_ISL_154477|Human|H1N1|2007|Oceania|,2007,-218.7,46.3768115942029,690,690,43.4782608695652,47.8260869565217
EPI_ISL_154487|Human|H1N1|2007|Oceania|,2007,-218.7,46.3768115942029,690,690,43.4782608695652,47.8260869565217
EPI_ISL_93583|Human|H1N1|2008.79|Asia|,2008.79,-216.8,46.0869565217391,690,690,43.4782608695652,47.3913043478261
EPI_ISL_30205|Human|H1N1|2007.658|Asia|seasonal,2007.658,-216,46.0869565217391,690,690,43.0434782608696,47.6086956521739
EPI_ISL_62798|Human|H1N1|2008.138|NorthAmerica|seasonal,2008.138,-214.7,46.0869565217391,690,690,42.6086956521739,47.8260869565217
EPI_ISL_164010|Human|H1N1|2007.959|Europe|seasonal,2007.959,-218.6,46.2882096069869,687,687,43.2314410480349,47.8165938864629
EPI_ISL_154499|Human|H1N1|2007|Oceania|,2007,-218.7,46.3768115942029,690,690,43.4782608695652,47.8260869565217
EPI_ISL_154488|Human|H1N1|2007|Oceania|,2007,-218.7,46.3768115942029,690,690,43.4782608695652,47.8260869565217
EPI_ISL_154479|Human|H1N1|2007|Oceania|,2007,-218.7,46.3768115942029,690,690,43.4782608695652,47.8260869565217
EPI_ISL_30209|Human|H1N1|2008.005|Asia|seasonal,2008.005,-218.2,46.231884057971,690,690,43.4782608695652,47.6086956521739
EPI_ISL_62785|Human|H1N1|2008.116|NorthAmerica|seasonal,2008.116,-218.2,46.0869565217391,690,690,43.0434782608696,47.6086956521739
EPI_ISL_62779|Human|H1N1|2008.092|NorthAmerica|seasonal,2008.092,-216,45.9420289855072,690,690,43.0434782608696,47.3913043478261
EPI_ISL_70165|Human|H1N1|2008.169|Asia|seasonal,2008.169,-217.7,46.231884057971,690,690,43.4782608695652,47.6086956521739
EPI_ISL_62780|Human|H1N1|2008.094|NorthAmerica|seasonal,2008.094,-218.2,46.0869565217391,690,690,43.0434782608696,47.6086956521739
EPI_ISL_70168|Human|H1N1|2008.137|Asia|seasonal,2008.137,-218.2,46.0869565217391,690,690,43.0434782608696,47.6086956521739
EPI_ISL_62839|Human|H1N1|2008.085|NorthAmerica|seasonal,2008.085,-220.7,46.231884057971,690,690,43.4782608695652,47.6086956521739
EPI_ISL_70158|Human|H1N1|2008.074|Asia|seasonal,2008.074,-218.2,46.0869565217391,690,690,43.0434782608696,47.6086956521739
EPI_ISL_63357|Human|H1N1|2007.925|NorthAmerica|seasonal,2007.925,-218.2,46.0869565217391,690,690,43.0434782608696,47.6086956521739
EPI_ISL_78568|Human|H1N1|2007|SouthAmerica|seasonal,2007,-218.2,46.0869565217391,690,690,43.0434782608696,47.6086956521739
EPI_ISL_208761|Human|H1N1|2007.718|Asia|,2007.718,-218.2,46.231884057971,690,690,43.4782608695652,47.6086956521739
EPI_ISL_164015|Human|H1N1|2008.022|Europe|seasonal,2008.022,-218.2,46.2882096069869,687,687,43.2314410480349,47.8165938864629
EPI_ISL_164012|Human|H1N1|2008.003|Europe|seasonal,2008.003,-218.2,46.2882096069869,687,687,43.2314410480349,47.8165938864629
EPI_ISL_70164|Human|H1N1|2008.074|Asia|seasonal,2008.074,-220.5,46.0869565217391,690,690,43.9130434782609,47.1739130434783
EPI_ISL_356930|Human|H1N1|2007.51|Oceania|seasonal,2007.51,-218.7,46.3768115942029,690,690,43.4782608695652,47.8260869565217
EPI_ISL_28850|Human|H1N1|2008.066|Asia|seasonal,2008.066,-218.2,46.3768115942029,690,690,43.9130434782609,47.6086956521739
EPI_ISL_70172|Human|H1N1|2008.131|Asia|seasonal,2008.131,-218.2,46.3768115942029,690,690,43.9130434782609,47.6086956521739
EPI_ISL_208747|Human|H1N1|2007.748|Asia|,2007.748,-219.2,46.231884057971,690,690,43.0434782608696,47.8260869565217
EPI_ISL_208689|Human|H1N1|2007.929|Asia|,2007.929,-219.2,46.231884057971,690,690,43.4782608695652,47.6086956521739
EPI_ISL_208764|Human|H1N1|2007.923|Asia|,2007.923,-219.2,46.231884057971,690,690,43.4782608695652,47.6086956521739
EPI_ISL_208688|Human|H1N1|2007.795|Asia|,2007.795,-219.2,46.231884057971,690,690,43.0434782608696,47.8260869565217
EPI_ISL_25713|Human|H1N1|2007.997|Europe|seasonal,2007.997,-215.5,46.231884057971,690,690,43.4782608695652,47.6086956521739
EPI_ISL_62957|Human|H1N1|2008.026|NorthAmerica|seasonal,2008.026,-215.5,46.231884057971,690,690,43.4782608695652,47.6086956521739
EPI_ISL_164017|Human|H1N1|2008.027|Europe|seasonal,2008.027,-215.5,46.2882096069869,687,687,43.2314410480349,47.8165938864629
EPI_ISL_29776|Human|H1N1|2008.563|NorthAmerica|seasonal,2008.563,-218.3,46.231884057971,690,690,43.4782608695652,47.6086956521739
EPI_ISL_30234|Human|H1N1|2008.486|NorthAmerica|seasonal,2008.486,-220.7,46.0869565217391,690,690,43.4782608695652,47.3913043478261
EPI_ISL_29672|Human|H1N1|2008.437|NorthAmerica|seasonal,2008.437,-218.3,46.231884057971,690,690,43.4782608695652,47.6086956521739
EPI_ISL_29673|Human|H1N1|2008.434|NorthAmerica|seasonal,2008.434,-218.3,46.231884057971,690,690,43.4782608695652,47.6086956521739
EPI_ISL_29777|Human|H1N1|2008.443|NorthAmerica|seasonal,2008.443,-218.3,46.231884057971,690,690,43.4782608695652,47.6086956521739
EPI_ISL_62910|Human|H1N1|2008.499|NorthAmerica|seasonal,2008.499,-218.3,46.231884057971,690,690,43.4782608695652,47.6086956521739
EPI_ISL_30790|Human|H1N1|2008.434|NorthAmerica|seasonal,2008.434,-218.3,46.231884057971,690,690,43.4782608695652,47.6086956521739
EPI_ISL_78571|Human|H1N1|2007|SouthAmerica|seasonal,2007,-220.5,46.0869565217391,690,690,43.0434782608696,47.6086956521739
EPI_ISL_78570|Human|H1N1|2007|SouthAmerica|seasonal,2007,-213.9,46.231884057971,690,690,43.4782608695652,47.6086956521739
EPI_ISL_78569|Human|H1N1|2007|SouthAmerica|seasonal,2007,-217.7,46.3768115942029,690,690,43.4782608695652,47.8260869565217
EPI_ISL_164009|Human|H1N1|2007.806|Europe|seasonal,2007.806,-218.1,46.2882096069869,687,687,43.6681222707424,47.5982532751092
EPI_ISL_120441|Human|H1N1|2007.638|Asia|,2007.638,-216.4,45.9420289855072,690,690,43.0434782608696,47.3913043478261
EPI_ISL_120442|Human|H1N1|2007.827|Asia|,2007.827,-217.9,45.7971014492754,690,690,42.6086956521739,47.3913043478261
EPI_ISL_77969|Human|H1N1|2009.023|NorthAmerica|seasonal,2009.023,-215.1,45.9420289855072,690,690,43.0434782608696,47.3913043478261
EPI_ISL_77966|Human|H1N1|2009.163|NorthAmerica|seasonal,2009.163,-222.1,46.3768115942029,690,690,43.4782608695652,47.8260869565217
