2009.611	1
2009.523	1
2009.489	1
2009.603	1
2009.719	1
2009.675	1
2009.552	1
2009.558	1
2009.59	1
2009.558	1
2009.579	1
2009.729	1
2009.712	1
2009.529	1
2009.482	1
2009.682	1
2009.47	1
2009.958	1
2009.523	1
2009.496	1
2011.005	1
2009.666	1
2010.048	1
2009.916	1
2009.79	1
2009.76	1
2009.763	1
2009.862	1
2009.955	1
2010.064	1
2009.933	1
2009.853	1
2009.989	1
2010.036	1
2010.132	1
2009.77	1
2010.534	1
2009.974	1
2009.873	1
2009	1
2009	1
2009.929	1
2009.463	1
2009.614	1
2009.575	1
2009.551	1
2009.551	1
2009.796	1
2009.889	1
2009.554	1
2009.436	1
2009.422	1
2009.745	1
2009.589	1
2009.567	1
2009.626	1
2009.526	1
2009.589	1
2009.578	1
2009.578	1
2009.826	1
2009.629	1
2009.629	1
2009.775	1
2009.605	1
2009.693	1
2009.644	1
2010.023	1
2009.974	1
2010.208	1
2009.592	1
2009.838	1
2011.178	1
2010.148	1
2010.003	1
2009.785	1
2010.2	1
2010.153	1
2010.153	1
2010.049	1
2009.845	1
2009.925	1
2010.036	1
2010.047	1
2009.568	1
2010.192	1
2010.067	1
2009.885	1
2009.842	1
2009.823	1
2010.095	1
2009	1
2010.119	1
2010.647	1
2009.896	1
2010.073	1
2010.048	1
2009.999	1
2009.726	1
2009.912	1
2009.804	1
2009.977	1
2010.17	1
2009.874	1
2009.893	1
2009.704	1
2009.84	1
2009.911	1
2009.919	1
2009.897	1
2009.855	1
2009.773	1
2009.758	1
2009.919	1
2009.915	1
2009.845	1
2009.996	1
2009.897	1
2009.884	1
2009.842	1
2010.581	1
2010.597	1
2010.595	1
2010.227	1
2010.211	1
2009.671	1
2010.036	1
2009.823	1
2009.932	1
2009.64	1
2010.617	1
2010.617	1
2009.955	1
2009.807	1
2010.03	1
2009.707	1
2010.055	1
2009.803	1
2009.925	1
2010.208	1
2010.067	1
2010.073	1
2010.051	1
2009.845	1
2009.955	1
2009.826	1
2009.952	1
2009.819	1
2009.825	1
2009.811	1
2009.904	1
2009.863	1
2009.871	1
2009.868	1
2009.799	1
2010.129	1
2009.701	1
2009.849	1
2009.807	1
2009.807	1
2009.668	1
2009.647	1
2009.523	1
2009.638	1
2010.055	1
2009.652	1
2009	1
2009	1
2009.653	1
2009.629	1
2009.607	1
2009.801	1
2009.667	1
2009.79	1
2009.689	1
2009.804	1
2009.875	1
2009.848	1
2009.779	1
2009.76	1
2009.796	1
2009.807	1
2009.785	1
2009.933	1
2009.749	1
2009.933	1
2009.864	1
2009.666	1
2009.629	1
2009.842	1
2009.974	1
2009.925	1
2009.873	1
2009.859	1
2009.778	1
2009.893	1
2009.803	1
2009.652	1
2009.592	1
2009.953	1
2010.844	1
2009.712	1
2009.745	1
2009.597	1
2009.589	1
2009.581	1
2009	1
2009	1
2010.208	1
2010.208	1
2009.964	1
2009.912	1
2010.171	1
2010.238	1
2010.189	1
2010.03	1
2010.132	1
2009.923	1
2009.804	1
2009.611	1
2009.616	1
2009.611	1
2009.617	1
2009.988	1
2010.551	1
2010.162	1
2010.518	1
2010.392	1
2010.811	1
2009.855	1
2009.97	1
2009.818	1
2009.841	1
2009.955	1
2009.985	1
2010.092	1
2010.097	1
2009.992	1
2009.833	1
2010.029	1
2010.021	1
2009.749	1
2009.944	1
2009.944	1
2009.804	1
2009.867	1
2009.936	1
2009.801	1
2009.799	1
2009.895	1
2009.853	1
2009.853	1
2009.845	1
2010.07	1
2010.062	1
2010.053	1
2010.051	1
2010.032	1
2009.996	1
2009.81	1
2009.977	1
2010.07	1
2009.9	1
2009.875	1
2009.911	1
2009.895	1
2010.014	1
2009.875	1
2010.088	1
2010.078	1
2010.073	1
2009.84	1
2010.053	1
2009.952	1
2009.952	1
2009.855	1
2009.818	1
2009.821	1
2010.101	1
2009.875	1
2009.856	1
2009.856	1
2009.801	1
2010.1	1
2009.933	1
2009.944	1
2009.936	1
2009.84	1
2009.93	1
2009.845	1
2009.866	1
2009.805	1
2009.896	1
2009.811	1
2010.095	1
2009.895	1
2009.895	1
2009.927	1
2010.162	1
2009.925	1
2010.032	1
2009.856	1
2010.09	1
2009.903	1
2009.895	1
2009.782	1
2009.99	1
2009.841	1
2009.84	1
2009.847	1
2009.829	1
2009.985	1
2009.923	1
2010.153	1
2009.941	1
2009.808	1
2009.81	1
2010.04	1
2009.855	1
2009.844	1
2009.842	1
2009.878	1
2009.878	1
2009.897	1
2009.859	1
2009.989	1
2009.845	1
2009.763	1
2009.722	1
2009.838	1
2009.855	1
2009.849	1
2009.929	1
2009.933	1
2009.938	1
2010.059	1
2010.063	1
2009.804	1
2009.919	1
2009.919	1
2009.799	1
2009.864	1
2009.877	1
2009.863	1
2009.704	1
2009.918	1
2009.901	1
2009.997	1
2009.981	1
2009.784	1
2009.778	1
2009.871	1
2010.181	1
2010.088	1
2010.088	1
2010.112	1
2010.611	1
2010.679	1
2010.608	1
2010.397	1
2010.419	1
2010.762	1
2010.608	1
2010.49	1
2010.605	1
2010.63	1
2010.57	1
2010.57	1
2010.704	1
2010.625	1
2010.647	1
2010.622	1
2010.644	1
2010.649	1
2010.71	1
2010.699	1
2010.564	1
2010.54	1
2010.663	1
2010.715	1
2010.644	1
2010.63	1
2010.564	1
2010.304	1
2010.501	1
2010.663	1
2010.529	1
2010.419	1
2010.611	1
2010.466	1
2010.512	1
2010.652	1
2010.581	1
2010.573	1
2010.564	1
2010.66	1
2010.836	1
2010.753	1
2010.403	1
2010.729	1
2010.611	1
2010.529	1
2010.723	1
2010.605	1
2010.605	1
2010.729	1
2010.362	1
2010.334	1
2010.627	1
2010.515	1
2010.214	1
2010.277	1
2010.227	1
2010.644	1
2010.833	1
2010.625	1
2010.326	1
2010.416	1
2010.468	1
2010.663	1
2010.649	1
2010	1
2011.066	1
2011	1
2011.096	1
2010.742	1
2010.66	1
2010.666	1
2010.775	1
2010.805	1
2010.764	1
2010.715	1
2010.666	1
2010.605	1
2010.718	1
2010.641	1
2010.701	1
2010.501	1
2010.575	1
2010.721	1
2010.625	1
2011	1
2010	1
2011	1
2010.192	1
2010.192	1
2010.148	1
2010.162	1
2010.586	1
2010.155	1
2010.411	1
2010.641	1
2010.171	1
2010.416	1
2010.416	1
2009.873	1
2009.878	1
2009.856	1
2009.837	1
2009.896	1
2009.923	1
2009.864	1
2009.782	1
2010.038	1
2009.982	1
2009.893	1
2010.455	1
2010.545	1
2010.285	1
2010.222	1
2010.342	1
2009.842	1
2010.053	1
2009.888	1
2009.886	1
2009.936	1
2009.781	1
2009.889	1
2009.892	1
2009.866	1
2009.771	1
2009.821	1
2009.884	1
2009.867	1
2009.785	1
2009.785	1
2009.914	1
2009	1
2009	1
2009.807	1
2009.867	1
2009.744	1
2009.788	1
2009.911	1
2009.936	1
2009.878	1
2009.958	1
2009.897	1
2009.873	1
2009.774	1
2009.771	1
2009.845	1
2009.818	1
2009.779	1
2009.936	1
2009.952	1
2009.771	1
2009.958	1
2010.238	1
2010.247	1
2010.43	1
2010.285	1
2009.951	1
2010.23	1
2009.874	1
2010.068	1
2010.058	1
2010.041	1
2009.799	1
2009.871	1
2009.788	1
2009.779	1
2009.779	1
2009.779	1
2009.799	1
2009.779	1
2009.782	1
2009.781	1
2009.785	1
2009.788	1
2009.779	1
2009.782	1
2009.779	1
2009.821	1
2009.936	1
2009.936	1
2009.863	1
2009.73	1
2009.997	1
2009.912	1
2010.096	1
2010.073	1
2009.942	1
2010.137	1
2010.066	1
2010.016	1
2010.008	1
2009.951	1
2009.94	1
2010.088	1
2010.088	1
2010.082	1
2010.315	1
2010.09	1
2010.104	1
2009.896	1
2009.847	1
2009.899	1
2009.901	1
2009.833	1
2009.91	1
2009.447	1
2009.856	1
2010.068	1
2010.208	1
2010.622	1
2010.603	1
2010.633	1
2010.471	1
2010.496	1
2010	1
2010.608	1
2010.603	1
2009.903	1
2009.903	1
2009.705	1
2009.714	1
2009.714	1
2009.714	1
2009.714	1
2009.704	1
2009.722	1
2009.871	1
2010.162	1
2010.663	1
2010.625	1
2009.8	1
2009.552	1
2009.977	1
2009.921	1
2009.895	1
2010	1
2009.903	1
2009.914	1
2009.968	1
2010.097	1
2010.064	1
2009.948	1
2009.995	1
2009.944	1
2009.984	1
2009.636	1
2010.07	1
2010.073	1
2009.996	1
2009.712	1
2009.819	1
2009.897	1
2009.962	1
2009.989	1
2009.726	1
2009.822	1
2009.822	1
2009.992	1
2009	1
2010.059	1
2009.897	1
2009.663	1
2009.853	1
2009.873	1
2009.715	1
2009.837	1
2010.09	1
2009.996	1
2010.422	1
2009.844	1
2009.806	1
2009.837	1
2009.793	1
2009.84	1
2009.956	1
2009	1
2009.629	1
2009.881	1
2009.812	1
2009.885	1
2010.751	1
2009.958	1
2010.033	1
2009.962	1
2009	1
2009.679	1
2009.788	1
2009.688	1
2009.801	1
2010.167	1
2010.214	1
2009.878	1
2009.879	1
2009.867	1
2009.412	1
2009.415	1
2009.923	1
2009.933	1
2009.893	1
2009.885	1
2010.029	1
2009.915	1
2009.874	1
2010.11	1
2009.799	1
2010.027	1
2009.955	1
2009.633	1
2010.145	1
2009.925	1
2010.093	1
2009.884	1
2009.845	1
2009.849	1
2009.779	1
2009.804	1
2009.797	1
2009.779	1
2009.873	1
2009.647	1
2009.864	1
2010.356	1
2010.173	1
2010.164	1
2010.164	1
2010.007	1
2009.842	1
2009.847	1
2009.877	1
2009.921	1
2009.97	1
2009.793	1
2010.096	1
2010.059	1
2009.999	1
2009.996	1
2009.996	1
2009.999	1
2010.086	1
2010.258	1
2010.203	1
2010.211	1
2010.203	1
2010.211	1
2010.211	1
2010.011	1
2009.996	1
2009.958	1
2009.818	1
2010.01	1
2010.01	1
2010.026	1
2010.023	1
2010.067	1
2010.07	1
2010.108	1
2010.225	1
2010.09	1
2010.164	1
2010.69	1
2010.584	1
2010.699	1
2010.701	1
2010.767	1
2010.696	1
2010.773	1
2010.773	1
2010.649	1
2010.77	1
2010.691	1
2010.663	1
2011.036	1
2010.973	1
2010.956	1
2010.934	1
2010.967	1
2010.959	1
2011.071	1
2010.942	1
2010.918	1
2011.137	1
2011.104	1
2011.077	1
2011.085	1
2011.101	1
2011.112	1
2011.052	1
2011.148	1
2011.142	1
2011.121	1
2011.121	1
2011.112	1
2011.255	1
2011.244	1
2011.474	1
2011.529	1
2011.151	1
2011.455	1
2011.638	1
2011.496	1
2011.512	1
2011.493	1
2011.512	1
2011.592	1
2011.529	1
2011.277	1
2010.956	1
2010.959	1
2011.016	1
2010.912	1
2010.893	1
2010.901	1
2010.964	1
2010.967	1
2010.967	1
2010.951	1
2011.011	1
2011.011	1
2011.132	1
2011.033	1
2010.989	1
2010.953	1
2010.912	1
2010.975	1
2010.948	1
2010.953	1
2011.156	1
2010.951	1
2010.934	1
2011.142	1
2010.934	1
2011.068	1
2010.956	1
2010.992	1
2010.707	1
2011.178	1
2011.005	1
2011.197	1
2011.142	1
2011.148	1
2010.951	1
2010.959	1
2011.181	1
2011.167	1
2011.049	1
2011.11	1
2010.868	1
2011.164	1
2010.953	1
2010.948	1
2011.151	1
2011.279	1
2011.071	1
2011.047	1
2011.151	1
2010.967	1
2010.093	1
2011.036	1
2010.956	1
2011.088	1
2011.093	1
2011.227	1
2010.959	1
2011.016	1
2011.071	1
2010.932	1
2010.896	1
2011.148	1
2010.907	1
2010.879	1
2010.874	1
2010.896	1
2011.485	1
2011.14	1
2010.904	1
2011.129	1
2010.907	1
2011.071	1
2011.016	1
2010.795	1
2010.805	1
2011.227	1
2011.197	1
2011.167	1
2011.151	1
2011.181	1
2010.786	1
2010.844	1
2011.197	1
2010.91	1
2010.778	1
2011.066	1
2010.778	1
2010.825	1
2010.795	1
2010.71	1
2010.86	1
2010.877	1
2010.899	1
2010.855	1
2010.989	1
2010.814	1
2010.871	1
2010.844	1
2011.132	1
2010.937	1
2011.181	1
2010.419	1
2010.956	1
2011.047	1
2010.956	1
2010.956	1
2010.967	1
2011.005	1
2010.94	1
2011.066	1
2013.208	1
2011.101	1
2010.967	1
2010.995	1
2010.929	1
2010.912	1
2011	1
2010.973	1
2010.951	1
2010.907	1
2010.956	1
2011.071	1
2011.132	1
2011	1
2010.948	1
2011.332	1
2011.055	1
2010.778	1
2011.033	1
2011.036	1
2010.718	1
2010.537	1
2010.701	1
2011.085	1
2010.967	1
2010.94	1
2010.918	1
2011.197	1
2011.047	1
2010.762	1
2010.759	1
2010.781	1
2011.036	1
2011.162	1
2011.14	1
2011.033	1
2010.71	1
2010.849	1
2011.129	1
2011.11	1
2011.027	1
2011.249	1
2011.129	1
2010.775	1
2010.668	1
2010.641	1
2010.652	1
2010.608	1
2010.696	1
2010.726	1
2011.011	1
2011.074	1
2010.877	1
2010.701	1
2010.682	1
2010.732	1
2010.685	1
2010.633	1
2010.649	1
2010.663	1
2010.688	1
2010.685	1
2010.644	1
2010.953	1
2011.074	1
2011.255	1
2011.236	1
2011.225	1
2010.962	1
2011.016	1
2010.992	1
2011.112	1
2011.014	1
2010.992	1
2011.208	1
2011.543	1
2011.266	1
2011.282	1
2011.227	1
2011.178	1
2011.792	1
2011.622	1
2012.178	1
2012.978	1
2012.577	1
2012.098	1
2011.107	1
2010.94	1
2011.167	1
2011.052	1
2010.608	1
2010.608	1
2010.666	1
2011.115	1
2010.841	1
2011.052	1
2011.038	1
2011.112	1
2010.036	1
2011.088	1
2011.088	1
2011.181	1
2011.088	1
2011.09	1
2011.142	1
2011.504	1
2011.466	1
2011.534	1
2011.567	1
2011.545	1
2011.688	1
2012.18	1
2012.582	1
2012.689	1
2012.631	1
2012.437	1
2012.473	1
2012.527	1
2012.47	1
2012.178	1
2012.238	1
2011.658	1
2010.707	1
2011.285	1
2011.606	1
2011.216	1
2011.775	1
2011.723	1
2011.707	1
2011.773	1
2011.562	1
2011.647	1
2011.888	1
2011.795	1
2011.803	1
2011.543	1
2011.679	1
2011.663	1
2012.06	1
2012.068	1
2012.24	1
2012.03	1
2012.224	1
2012.09	1
2012.232	1
2012.156	1
2012.183	1
2012.251	1
2012.254	1
2012.219	1
2011.945	1
2012.071	1
2012.027	1
2012.153	1
2012.044	1
2012.014	1
2012.003	1
2012.243	1
2012.18	1
2012.232	1
2012.216	1
2012.164	1
2012.317	1
2012.068	1
2012.139	1
2012.027	1
2012.238	1
2012.541	1
2012.085	1
2012.085	1
2012.085	1
2012.085	1
2012.085	1
2012.085	1
2012.085	1
2012.085	1
2012.085	1
2012.085	1
2012.085	1
2012.085	1
2012.085	1
2012.085	1
2012.085	1
2012.085	1
2012.085	1
2012.279	1
2012.071	1
2012.216	1
2012.459	1
2012.459	1
2012.459	1
2012.041	1
2012.437	1
2012.27	1
2012.057	1
2012.156	1
2012.273	1
2012.063	1
2012.301	1
2012.003	1
2012.12	1
2012.164	1
2012	1
2012	1
2012.071	1
2011.962	1
2012.139	1
2012.404	1
2012.227	1
2012.145	1
2012.057	1
2012.063	1
2012.027	1
2012.292	1
2012.126	1
2012.292	1
2012.085	1
2012.03	1
2012.161	1
2011.945	1
2011.874	1
2012.055	1
2011.164	1
2010.838	1
2010.666	1
2011.197	1
2011	1
2011.085	1
2010.967	1
2011.145	1
2011.09	1
2011.126	1
2011.085	1
2011.047	1
2011.038	1
2011.293	1
2010.995	1
2011.104	1
2011.255	1
2011.227	1
2011.066	1
2011.033	1
2011.005	1
2011.036	1
2011.197	1
2011.132	1
2011.351	1
2011.132	1
2011.581	1
2011.142	1
2011.027	1
2011.068	1
2011.085	1
2011	1
2010.666	1
2010.962	1
2011.225	1
2011.219	1
2011.115	1
2011.142	1
2011.071	1
2011.077	1
2010.937	1
2011.025	1
2011.11	1
2011.052	1
2011.025	1
2011.197	1
2011.164	1
2011.096	1
2011.085	1
2011.995	1
2011.4	1
2011.411	1
2011.123	1
2011.145	1
2011.153	1
2011.107	1
2011.112	1
2011.123	1
2011.132	1
2011.216	1
2011.008	1
2011.995	1
2011.162	1
2011.112	1
2011.093	1
2011.11	1
2011.995	1
2011.247	1
2011.627	1
2011.397	1
2011.433	1
2011.342	1
2011.699	1
2011.315	1
2011.137	1
2011.323	1
2011.359	1
2011.178	1
2011.222	1
2011.186	1
2011.995	1
2011.995	1
2009.995	1
2009.995	1
2011.17	1
2011.123	1
2011.995	1
2011.995	1
2011.249	1
2011.137	1
2011.274	1
2011.995	1
2011.085	1
2011.151	1
2011.145	1
2011.995	1
2011.266	1
2011.126	1
2011.121	1
2011.148	1
2011.241	1
2011.044	1
2012.21	1
2012.148	1
2012.18	1
2012.049	1
2012.194	1
2012.65	1
2013.189	1
2013.093	1
2013.044	1
2012.981	1
2012.975	1
2013.041	1
2012.967	1
2013.23	1
2012.566	1
2012.109	1
2012.199	1
2013.214	1
2013.118	1
2013.019	1
2013.096	1
2012.929	1
2013.142	1
2013.06	1
2013.482	1
2013.118	1
2013.195	1
2013.137	1
2013.016	1
2012.975	1
2013.082	1
2013.055	1
2013.559	1
2013.491	1
2013.304	1
2013.022	1
2012.538	1
2011.68	1
2011.449	1
2011.6	1
2011.523	1
2011.592	1
2012.014	1
2012	1
2012.09	1
2012.546	1
2012.167	1
2010.797	1
2011.077	1
2011.126	1
2010.838	1
2010.921	1
2010.74	1
2010.942	1
2012.126	1
2010.66	1
2010.704	1
2010.679	1
2010.775	1
2010.663	1
2010.663	1
2010.737	1
2011.104	1
2011.085	1
2010.781	1
2010.625	1
2010.663	1
2010.622	1
2010.627	1
2010.647	1
2010.63	1
2010.666	1
2010.66	1
2010.6	1
2010.753	1
2010.627	1
2010.627	1
2010.77	1
2010.666	1
2011	1
2010.929	1
2010.945	1
2011.019	1
2010.962	1
2010.948	1
2010.907	1
2011.049	1
2010.789	1
2011.008	1
2010.8	1
2011.082	1
2009.819	1
2010.181	1
2010.148	1
2009.826	1
2010.014	1
2009.799	1
2009.859	1
2009.555	1
2009.656	1
2009	1
2009.929	1
2009.764	1
2009.91	1
2009.762	1
2010.029	1
2009.779	1
2009.801	1
2009.804	1
2013.296	1
2009.581	1
2009.692	1
2009.705	1
2009.697	1
2009.725	1
2009.864	1
2009.862	1
2009.875	1
2009.853	1
2009.914	1
2009.938	1
2009.474	1
2009.474	1
2009.532	1
2009.532	1
2009.899	1
2009.71	1
2010.048	1
2010.115	1
2010.107	1
2009.559	1
2009.597	1
2009.592	1
2009.578	1
2009.575	1
2009.57	1
2009.578	1
2009.567	1
2009.57	1
2009.559	1
2009.597	1
2009.592	1
2009.578	1
2009.57	1
2009.57	1
2009.559	1
2009.559	1
2009.578	1
2009.586	1
2009.625	1
2009.501	1
2009.652	1
2009.652	1
2009.532	1
2009.518	1
2009.532	1
2009.518	1
2009.477	1
2009.589	1
2009.589	1
2009.582	1
2009.733	1
2009.703	1
2009.555	1
2009.703	1
2009.652	1
2009.644	1
2009.605	1
2009.022	1
2009.499	1
2009.6	1
2009.6	1
2009.644	1
2009.704	1
2009.696	1
2009.693	1
2009.578	1
2009.784	1
2009.784	1
2009.784	1
2009.784	1
2009.784	1
2009.784	1
2009.784	1
2009.784	1
2009.022	1
2009.022	1
2009.636	1
2009.589	1
2009.458	1
2009.667	1
2009.516	1
2009.4	1
2009.411	1
2009.411	1
2009.54	1
2009.478	1
2009.452	1
2009.432	1
2009.442	1
2009.897	1
2009.974	1
2009.881	1
2009.941	1
2009.949	1
2009.87	1
2009.955	1
2009.553	1
2010.104	1
2009	1
2009.477	1
2010.011	1
2009.588	1
2009.588	1
2009.515	1
2009.544	1
2009.8	1
2009.563	1
2009.555	1
2009.532	1
2009.523	1
2009.532	1
2009.523	1
2009.668	1
2009.677	1
2009.56	1
2009.59	1
2009.651	1
2009.923	1
2010	1
2009.873	1
2009.856	1
2009.877	1
2009.748	1
2009.971	1
2009.962	1
2009.966	1
2009.959	1
2009.967	1
2009.512	1
2009.56	1
2009.585	1
2009.995	1
2009.56	1
2009.703	1
2009.747	1
2009.56	1
2009.56	1
2009.552	1
2009.612	1
2009.544	1
2009.596	1
2009.541	1
2009.67	1
2009.67	1
2009.607	1
2009.596	1
2009.593	1
2009.585	1
2009.582	1
2009.571	1
2009.558	1
2009.558	1
2009.558	1
2009.555	1
2009.555	1
2009.552	1
2009.549	1
2009.549	1
2009.575	1
2009.575	1
2009.568	1
2009.566	1
2009.538	1
2009.623	1
2009.549	1
2009.321	1
2009.877	1
2009.871	1
2009.806	1
2009.633	1
2009.858	1
2009.838	1
2009.877	1
2009.847	1
2009.874	1
2009.795	1
2009.937	1
2009.704	1
2009.819	1
2009.743	1
2010.134	1
2009.863	1
2009.778	1
2009.838	1
2009.899	1
2009.912	1
2009.904	1
2009.948	1
2009.874	1
2009.847	1
2009.803	1
2009.556	1
2009.827	1
2009.806	1
2009.77	1
2009.86	1
2009.691	1
2009.803	1
2009.764	1
2009.853	1
2009.366	1
2009.516	1
2009.477	1
2009.611	1
2009.663	1
2009	1
2009.781	1
2009.778	1
2009.345	1
2009.392	1
2009.648	1
2010.608	1
2010.984	1
2012.148	1
2010.901	1
2010.948	1
2011	1
2010.975	1
2010.975	1
2010.967	1
2010.948	1
2010.937	1
2010.929	1
2010.921	1
2010.912	1
2010.94	1
2010.948	1
2010.868	1
2010.973	1
2010.874	1
2009.699	1
2010.633	1
2011.047	1
2010.934	1
2010.666	1
2011.123	1
2010.951	1
2011.093	1
2011.082	1
2012.989	1
2011.019	1
2010.942	1
2010.633	1
2010.641	1
2010.641	1
2010.652	1
2010.745	1
2010.644	1
2010.685	1
2010.74	1
2010.74	1
2010.611	1
2010.74	1
2010.663	1
2010.51	1
2010.644	1
2010.647	1
2010.907	1
2010.701	1
2010.896	1
2010.995	1
2011.28	1
2010.937	1
2010.959	1
2011.066	1
2011.101	1
2011.296	1
2011.274	1
2011.025	1
2011.225	1
2011.088	1
2010.833	1
2010.882	1
2010.951	1
2010.97	1
2010.956	1
2011.055	1
2010.655	1
2010	1
2011.049	1
2011.101	1
2011.036	1
2010.458	1
2010.458	1
2009.332	1
2009.393	1
2009.451	1
2009.468	1
2009.414	1
2009.427	1
2009.477	1
2009.512	1
2009.452	1
2009.378	1
2010.107	1
2009.944	1
2009.892	1
2009	1
2009.801	1
2009.79	1
2009.834	1
2009.908	1
2010.085	1
2010.086	1
2009	1
2009.668	1
2009.548	1
2009.589	1
2009.647	1
2009.597	1
2009.904	1
2010.986	1
2011.066	1
2009.553	1
2009.551	1
2009.518	1
2009.548	1
2009.548	1
2009.54	1
2009.548	1
2009.532	1
2009.551	1
2009.595	1
2009.381	1
2009.552	1
2009.522	1
2009.401	1
2009.692	1
2009.451	1
2009.333	1
2009.522	1
2009.479	1
2009.455	1
2009.726	1
2009.616	1
2009.421	1
2009.742	1
2009.732	1
2009.458	1
2009.637	1
2009.781	1
2009.778	1
2009.458	1
2009.495	1
2009.418	1
2009.419	1
2009.571	1
2009.536	1
2009.422	1
2009.963	1
2009.547	1
2010	1
2010	1
2014	1
2009.477	1
2009.603	1
2009.496	1
2009.386	1
2009.915	1
2009.915	1
2009.879	1
2009.879	1
2009.893	1
2009.795	1
2010.066	1
2009.871	1
2009.951	1
2009.951	1
2009.953	1
2009.526	1
2009.318	1
2009.318	1
2009.518	1
2009.323	1
2009.534	1
2009.519	1
2009.74	1
2009.634	1
2009.512	1
2009.628	1
2009.625	1
2009.586	1
2009.395	1
2009.627	1
2009.638	1
2009.641	1
2009.63	1
2009.415	1
2009.532	1
2009.652	1
2009.652	1
2009.627	1
2009.622	1
2009.596	1
2009.759	1
2009.663	1
2009.652	1
2009.512	1
2009.804	1
2009.836	1
2009.577	1
2009.784	1
2009.882	1
2009.684	1
2009.681	1
2009.684	1
2009.658	1
2009.658	1
2009.526	1
2009.51	1
2009.518	1
2009.46	1
2009.386	1
2009.403	1
2009.386	1
2009.379	1
2009.396	1
2009.441	1
2009.463	1
2009.444	1
2009.441	1
2009.441	1
2009.438	1
2009.729	1
2009.655	1
2009.553	1
2009.497	1
2009.712	1
2009.415	1
2009.416	1
2009.416	1
2009.416	1
2009.416	1
2009.416	1
2009.411	1
2009.408	1
2009.471	1
2009.512	1
2009.471	1
2009.512	1
2009.57	1
2009.471	1
2009.441	1
2009.441	1
2009	1
2009.482	1
2010.099	1
2010.099	1
2010.216	1
2009.745	1
2009.512	1
2009.625	1
2009.96	1
2009.866	1
2009.53	1
2009.533	1
2009.595	1
2009.579	1
2009.496	1
2009.615	1
2009.742	1
2009.567	1
2009.995	1
2009.918	1
2009.605	1
2009.704	1
2009.593	1
2009.644	1
2009.729	1
2009.726	1
2009.575	1
2009.575	1
2009.584	1
2009.584	1
2009.578	1
2009.578	1
2009.578	1
2009.573	1
2009.584	1
2009.584	1
2009.578	1
2009.578	1
2009.573	1
2009.704	1
2009.851	1
2009.248	1
2010	1
2010.353	1
2009.793	1
2009.595	1
2009.408	1
2009.399	1
2009.708	1
2009.31	1
2009.448	1
2009.803	1
2009	1
2009.748	1
2009.718	1
2009.77	1
2009.789	1
2009.784	1
2009	1
2009.904	1
2009.882	1
2010.03	1
2009.586	1
2009.468	1
2009.971	1
2009.481	1
2009	1
2009.974	1
2009	1
2009.422	1
2009.567	1
2010.021	1
2009.575	1
2009.575	1
2009.57	1
2009.523	1
2009.533	1
2009.445	1
2009.493	1
2009.553	1
2009.537	1
2009.532	1
2009.518	1
2009.532	1
2009.611	1
2009.821	1
2009.996	1
2010.048	1
2010.174	1
2009	1
2009.99	1
2010.073	1
2009.897	1
2009.842	1
2009.888	1
2010.141	1
2009.874	1
2009.938	1
2009.844	1
2009.921	1
2009.877	1
2009.836	1
2009.885	1
2009.448	1
2009.996	1
2009.822	1
2009.885	1
2009.867	1
2009.904	1
2009.919	1
2009.934	1
2009.985	1
2009.967	1
2010.208	1
2009.996	1
2009.925	1
2009.878	1
2009.903	1
2009.941	1
2009.914	1
2009.949	1
2009.981	1
2009.923	1
2010.056	1
2009.914	1
2009.955	1
2009.995	1
2009.897	1
2009.985	1
2009.955	1
2009.934	1
2009.897	1
2009.893	1
2010.012	1
2009.925	1
2009.899	1
2009.985	1
2009.933	1
2009.892	1
2009.867	1
2010.014	1
2009.893	1
2010.148	1
2009.975	1
2009.885	1
2009.897	1
2009.912	1
2009.915	1
2010.085	1
2009.968	1
2009.949	1
2009.912	1
2009.968	1
2009.778	1
2009.479	1
2009.466	1
2009.393	1
2009.43	1
2009.43	1
2009.436	1
2009.416	1
2009.414	1
2009.995	1
2009.707	1
2009.637	1
2009.645	1
2009.637	1
2009.634	1
2009.637	1
2009.629	1
2009.637	1
2009.515	1
2009.648	1
2009.445	1
2009.647	1
2009.933	1
2009.918	1
2009.69	1
2009.93	1
2009.685	1
2009.852	1
2009.718	1
2009.789	1
2009.789	1
2009.789	1
2009.962	1
2010.107	1
2009	1
2009	1
2009.822	1
2010.066	1
2009.499	1
2009.499	1
2009.652	1
2009.499	1
2009.974	1
2009.816	1
2009.511	1
2009.799	1
2009.627	1
2009.545	1
2009.458	1
2009.951	1
2009.882	1
2009.507	1
2009.622	1
2009.629	1
2009.611	1
2009.701	1
2009.696	1
2009.749	1
2009.692	1
2009.692	1
2009.368	1
2009.477	1
2009.371	1
2009.382	1
2009.471	1
2009.481	1
2009.46	1
2009.411	1
2009.873	1
2009.467	1
2009.542	1
2009	1
2009.944	1
2009.818	1
2009.692	1
2009.837	1
2010.86	1
2009.537	1
2009.647	1
2009	1
2009.841	1
2009.415	1
2009.827	1
2009.855	1
2009.881	1
2009.625	1
2009.751	1
2009.658	1
2009.533	1
2009.499	1
2009.685	1
2009.958	1
2009.584	1
2009.508	1
2009.837	1
2009.863	1
2009.818	1
2009.878	1
2009.873	1
2009.796	1
2009.845	1
2009.752	1
2009.79	1
2009.818	1
2009.755	1
2009.856	1
2010.132	1
2009.782	1
2009.933	1
2010.008	1
2009.933	1
2009.9	1
2009.93	1
2009.911	1
2009.686	1
2009.534	1
2009.69	1
2009.995	1
2009.608	1
2010	1
2009.448	1
2009.404	1
2009.748	1
2009.786	1
2009.789	1
2009.789	1
2009.996	1
2009.996	1
2010.047	1
2009.625	1
2009.597	1
2009.641	1
2009.729	1
2009.658	1
2009.825	1
2009.718	1
2009.786	1
2009.784	1
2009.784	1
2009.784	1
2009.781	1
2009.797	1
2009.655	1
2009.915	1
2009.807	1
2010.047	1
2009.737	1
2009.742	1
2009.689	1
2009.689	1
2009.482	1
2009.845	1
2009.955	1
2009.801	1
2009.755	1
2009.942	1
2010.014	1
2009.859	1
2009.826	1
2009.779	1
2009.87	1
2009.884	1
2009.737	1
2009.963	1
2009.763	1
2009.684	1
2009.752	1
2009.468	1
2009.484	1
2010.033	1
2009.649	1
2009.74	1
2009	1
2009.827	1
2009.548	1
2009.57	1
2009.781	1
2009.537	1
2009.627	1
2009.627	1
2009.567	1
2009.666	1
2009.559	1
2009.54	1
2009	1
2009.405	1
2009.4	1
2009.405	1
2009.397	1
2009.418	1
2009.407	1
2009.403	1
2009	1
2009.681	1
2009	1
2009	1
2009.478	1
2009	1
2009.586	1
2009.451	1
2009.41	1
2009.689	1
2009.845	1
2009.851	1
2009.903	1
2009.905	1
2009.438	1
2009.438	1
2009.847	1
2009.558	1
2009.558	1
2009.707	1
2009.558	1
2009.414	1
2009.726	1
2009.51	1
2009.641	1
2009.592	1
2009.578	1
2009.63	1
2009.806	1
2009.832	1
2009.832	1
2009.814	1
2009.553	1
2009.808	1
2009.789	1
2009.553	1
2009.551	1
2009.786	1
2009.9	1
2009.875	1
2009.484	1
2009.707	1
2009.723	1
2009.793	1
2009	1
2009.614	1
2009.504	1
2009.852	1
2009.447	1
2009.473	1
2009.647	1
2009.532	1
2009.542	1
2009.529	1
2009.515	1
2009.507	1
2009.614	1
2009.963	1
2009	1
2009.77	1
2009.955	1
2009.996	1
2009.856	1
2010.097	1
2009.919	1
2009.748	1
2009.399	1
2009.578	1
2009.578	1
2009.578	1
2009.447	1
2009.501	1
2009.61	1
2009.712	1
2009.663	1
2009.666	1
2009.845	1
2009.608	1
2009.482	1
2009.482	1
2009.884	1
2009.773	1
2009.76	1
2009.782	1
2009.914	1
2009.795	1
2009.389	1
2009.389	1
2009.548	1
2009.788	1
2009.473	1
2009.581	1
2009.671	1
2009.652	1
2010.071	1
2009.556	1
2009.685	1
2009.493	1
2009.474	1
2010	1
2010	1
2009.321	1
2009.321	1
2009.482	1
2009.63	1
2009.534	1
2009.515	1
2009.471	1
2009.71	1
2009.522	1
2009.778	1
2009.778	1
2009.315	1
2009.315	1
2009.315	1
2009	1
2009.318	1
2009	1
2009	1
2009	1
2009	1
2009.321	1
2009.321	1
2009	1
2009.312	1
2009.321	1
2009	1
2009	1
2009	1
2009.318	1
2009.318	1
2009.31	1
2009.31	1
2009.312	1
2009.312	1
2009.315	1
2009.312	1
2009.312	1
2009.31	1
2009.312	1
2009.31	1
2009.312	1
2009	1
2009.312	1
2009.312	1
2009.326	1
2009.449	1
2009.414	1
2009.332	1
2009.373	1
2009.348	1
2009	1
2009.315	1
2009.323	1
2009.436	1
2009.427	1
2009.4	1
2009.337	1
2009	1
2009.312	1
2009.315	1
2009.321	1
2009.321	1
2009.321	1
2009.318	1
2009.321	1
2009.312	1
2009	1
2009	1
2009.397	1
2009.384	1
2009.318	1
2009.318	1
2009.321	1
2009.321	1
2009.323	1
2009.321	1
2009.329	1
2009.315	1
2009.323	1
2009	1
2009.312	1
2009.321	1
2009.323	1
2009.323	1
2009.323	1
2009	1
2009	1
2009	1
2009	1
2009	1
2009	1
2009	1
2009	1
2009.326	1
2009.315	1
2009.321	1
2009.318	1
2009.332	1
2009.479	1
2009.326	1
2009.318	1
2009.386	1
2009.378	1
2009.373	1
2009.375	1
2009.373	1
2009.37	1
2009.378	1
2009.381	1
2009.37	1
2009.37	1
2009.373	1
2009.359	1
2009.359	1
2009.381	1
2009.378	1
2009	1
2009.518	1
2009.436	1
2009.441	1
2009.449	1
2009.312	1
2009.49	1
2009.464	1
2009.44	1
2009.434	1
2009.44	1
2009.426	1
2009.418	1
2009.418	1
2009.412	1
2009.418	1
2009.388	1
2009.399	1
2009.388	1
2009.377	1
2009.385	1
2009.382	1
2009.379	1
2009.382	1
2009.363	1
2009.358	1
2009.327	1
2009.344	1
2009.33	1
2009.322	1
2009.322	1
2009.319	1
2009.467	1
2009.385	1
2009.551	1
2009.444	1
2009.493	1
2009.416	1
2009.455	1
2009.511	1
2009.508	1
2009.505	1
2009.505	1
2009.505	1
2009.505	1
2009.505	1
2009.486	1
2009.486	1
2009.486	1
2009.484	1
2009.484	1
2009.484	1
2009.484	1
2009.484	1
2009.484	1
2009.484	1
2009.481	1
2009.475	1
2009.475	1
2009.475	1
2009.473	1
2009.467	1
2009.464	1
2009.533	1
2009.527	1
2009.522	1
2009.53	1
2009.416	1
2009.675	1
2009.492	1
2009.54	1
2009.519	1
2009.47	1
2009.481	1
2009	1
2009	1
2009	1
2009	1
2009	1
2009.725	1
2009	1
2009	1
2009.538	1
2009.373	1
2009	1
2009	1
2009	1
2009	1
2009	1
2009	1
2009	1
2009	1
2009	1
2009	1
2009	1
2009	1
2009.426	1
2009.434	1
2009.486	1
2009.529	1
2009.532	1
2009.504	1
2009.507	1
2009.456	1
2009.478	1
2009.401	1
2009.426	1
2009.441	1
2009.427	1
2009.556	1
2009.556	1
2009.485	1
2009.247	1
2009.414	1
2009.329	1
2009.247	1
2009.329	1
2009.247	1
2009.329	1
2009.525	1
2009.525	1
2009.462	1
2009.492	1
2009.541	1
2009.552	1
2009.877	1
2009.779	1
2009.473	1
2009.453	1
2009.568	1
2009.552	1
2009.463	1
2009.51	1
2009.796	1
2009.419	1
2009.799	1
2009.744	1
2009.414	1
2009.903	1
2009.473	1
2009.492	1
2009.492	1
2009.497	1
2009.414	1
2009.414	1
2009.329	1
2009.329	1
2009.329	1
2009.329	1
2009.329	1
2009.46	1
2009.551	1
2009.484	1
2009.519	1
2009.407	1
2009.412	1
2009.707	1
2009.567	1
2009.608	1
2009.625	1
2009.866	1
2009.63	1
2009.66	1
2009.518	1
2009.512	1
2009.51	1
2009.51	1
2009.499	1
2009.496	1
2009.496	1
2009.493	1
2009.493	1
2009.493	1
2009.479	1
2009.471	1
2009.46	1
2009.452	1
2009.452	1
2009.452	1
2009.452	1
2009.447	1
2009.403	1
2009.4	1
2009.4	1
2009.397	1
2009.395	1
2009.395	1
2009.395	1
2009.395	1
2009.395	1
2009.389	1
2009.458	1
2009.499	1
2009.477	1
2009.786	1
2009.784	1
2009.726	1
2009.422	1
2009.57	1
2009.553	1
2009.386	1
2009.405	1
2009.425	1
2009.414	1
2009.416	1
2009.411	1
2009.411	1
2009.408	1
2009.408	1
2009.397	1
2009.414	1
2009.367	1
2009.362	1
2009.362	1
2009.359	1
2009.359	1
2009.359	1
2009.356	1
2009.356	1
2009.321	1
2009.318	1
2009.31	1
2009.312	1
2009.353	1
2009.425	1
2009.425	1
2009.419	1
2009.458	1
2009.46	1
2009.474	1
2009.474	1
2009.474	1
2009.474	1
2009.529	1
2009.521	1
2009.521	1
2009.57	1
2009.69	1
2009.605	1
2009.603	1
2009.603	1
2009.597	1
2009.586	1
2009.556	1
2009.616	1
2009.592	1
2009.575	1
2009.567	1
2009.515	1
2009.515	1
2009.515	1
2009.515	1
2009.51	1
2009.51	1
2009.512	1
2009.507	1
2009.501	1
2009.499	1
2009.499	1
2009.499	1
2009.499	1
2009.499	1
2009.499	1
2009.485	1
2009.482	1
2009.482	1
2009.474	1
2009.471	1
2009.463	1
2009.816	1
2009.449	1
2009.452	1
2009.671	1
2009.63	1
2009.471	1
2009.532	1
2009.532	1
2009.518	1
2009.652	1
2009.627	1
2009.496	1
2009.578	1
2009.373	1
2009.356	1
2009.417	1
2009.595	1
2009.611	1
2009.595	1
2009.586	1
2009.586	1
2009.578	1
2009.57	1
2009.567	1
2009.567	1
2009.592	1
2009.592	1
2010	1
2009.474	1
2009.819	1
2009.466	1
2009.523	1
2009.515	1
2009.507	1
2009.477	1
2009.488	1
2009.444	1
2009.625	1
2009.605	1
2009.592	1
2009.578	1
2009.616	1
2009.562	1
2009.371	1
2009	1
2009	1
2009	1
2009.414	1
2009.414	1
2009.451	1
2009.419	1
2009.419	1
2009.641	1
2009.441	1
2009.379	1
2009.501	1
2009.985	1
2009.879	1
2009.505	1
2009.54	1
2009.396	1
2009.49	1
2009.993	1
2009.464	1
2009.392	1
2009.44	1
2009.638	1
2009.455	1
2009.46	1
2009.588	1
2009.458	1
2009.552	1
2009.462	1
2009.519	1
2009.611	1
2009.542	1
2009.574	1
2009.552	1
2009.749	1
2009.579	1
2009.59	1
2009.312	1
2009.597	1
2009.584	1
2009.567	1
2009.71	1
2009.737	1
2009.775	1
2009.548	1
2009.679	1
2009.786	1
2009.729	1
2009.479	1
2009.415	1
2009.803	1
2009.485	1
2009.596	1
2009	1
2009.452	1
2009.618	1
2009.548	1
2009.512	1
2009.707	1
2009.452	1
2009.534	1
2009	1
2009.742	1
2009.742	1
2009.722	1
2009.73	1
2009.874	1
2009.796	1
2009	1
2009.812	1
2009	1
2009.873	1
2009.579	1
2009.419	1
2009.567	1
2009.57	1
2009.564	1
2009.567	1
2009.562	1
2009.559	1
2009.559	1
2009.866	1
2009.979	1
2009.696	1
2009.69	1
2009.533	1
2009.533	1
2009.495	1
2009.478	1
2009.714	1
2009.741	1
2009.697	1
2009.666	1
2009.666	1
2009.748	1
2009.666	1
2009.666	1
2009.734	1
2009.428	1
2009.428	1
2009.496	1
2009.575	1
2009.575	1
2009.471	1
2009.411	1
2009.89	1
2009.573	1
2009.414	1
2009.868	1
2009.868	1
2009.858	1
2009.675	1
2009.736	1
2009.67	1
2009.749	1
2009.555	1
2009.548	1
2009.748	1
2009.748	1
2009.666	1
2009.838	1
2009.63	1
2009.666	1
2009.748	1
2009.729	1
2009.552	1
2009.566	1
2009.549	1
2009.416	1
2009.482	1
2009.636	1
2009.633	1
2009.577	1
2009.658	1
2009.458	1
2009.31	1
2009.597	1
2009.649	1
2009.485	1
2009.578	1
2009.578	1
2009.501	1
2009.471	1
2009.529	1
2009.318	1
2009.559	1
2009.474	1
2009.51	1
2009.318	1
2009.526	1
2009.54	1
2009.549	1
2009.458	1
2009.553	1
2009.553	1
2009.403	1
2009.4	1
2009.403	1
2009.588	1
2009.582	1
2009.549	1
2009.529	1
2009.512	1
2009.49	1
2009.48	1
2009.447	1
2009	1
2009.558	1
2009.549	1
2009.49	1
2009	1
2009.389	1
2009.31	1
2009.31	1
2009.392	1
2009.389	1
2009.392	1
2009.323	1
2009.419	1
2009.319	1
2009.338	1
2009.4	1
2009.397	1
2009.466	1
2009.568	1
2009.468	1
2009.411	1
2009.536	1
2009.247	1
2009.323	1
2009.532	1
2009.493	1
2009.9	1
2009	1
2009	1
2009.915	1
2009.408	1
2009.789	1
2009.438	1
2009.438	1
2009.433	1
2009.4	1
2009.515	1
2009.482	1
2009.397	1
2009.4	1
2009.866	1
2009.386	1
2009.386	1
2009.384	1
2009.378	1
2009.956	1
2009.414	1
2009.414	1
2009.419	1
2009.414	1
2009.414	1
2009.408	1
2009.408	1
2009.411	1
2009.414	1
2009.411	1
2009.403	1
2009.956	1
2009.403	1
2009.436	1
2009.381	1
2009.518	1
2009.436	1
2009.462	1
2009.442	1
2009.473	1
2009.501	1
2009.511	1
2009	1
2009	1
2009	1
2009	1
2009	1
2009.337	1
2009.484	1
2009.44	1
2009.385	1
2009.385	1
2009.411	1
2009.399	1
2009.416	1
2009.496	1
2009.521	1
2009.51	1
2009.515	1
2009.816	1
2009.46	1
2009.46	1
2009.756	1
2009.414	1
2009.905	1
2009.321	1
2009.448	1
2009.397	1
2009	1
2009.453	1
2009	1
2009	1
2009.836	1
2009.799	1
2009.453	1
2009.452	1
2009.667	1
2009.578	1
2009.321	1
2009.342	1
2009.359	1
2009.362	1
2009.337	1
2009.37	1
2009.364	1
2009.348	1
2009.496	1
2009.415	1
2009.415	1
2009.385	1
2009.344	1
2009.649	1
2009	1
2009	1
2009	1
2009.444	1
2009.473	1
2009.467	1
2009.462	1
2009.462	1
2009.478	1
2009.459	1
2009.484	1
2009.456	1
2009.453	1
2009.519	1
2009.497	1
2009.453	1
2009.425	1
2009.425	1
2009.425	1
2009.411	1
2009.416	1
2009	1
2009.614	1
2009.417	1
2009.614	1
2009.495	1
2009.596	1
2009.464	1
2009.464	1
2009.611	1
2009.438	1
2009.682	1
2009.956	1
2009.619	1
2009.671	1
2009.4	1
2009.438	1
2009.348	1
2009.578	1
2009.573	1
2009.458	1
2009	1
2009.475	1
2009.562	1
2009.658	1
2009.582	1
2010.622	1
2009.47	1
2009	1
2009.467	1
2009	1
2009	1
2009.427	1
2009.551	1
2009.542	1
2009.504	1
2009.501	1
2009.499	1
2009.327	1
2009.749	1
2009.655	1
2009.955	1
2009.953	1
2009.897	1
2009.953	1
2009.896	1
2009.925	1
2009.771	1
2009.944	1
2009.873	1
2009.878	1
2009.818	1
2009.81	1
2009.771	1
2009.845	1
2009.842	1
2010.126	1
2009.858	1
2009.808	1
2009.819	1
2010.096	1
2010.068	1
2010.066	1
2010.066	1
2010.214	1
2009.836	1
2009.795	1
2010.34	1
2010.052	1
2009.797	1
2011.082	1
2011.082	1
2009.797	1
2009.784	1
2009.836	1
2009.397	1
2009.397	1
2009.392	1
2009.393	1
2009.459	1
2009.414	1
2009.701	1
2009.496	1
2009.797	1
2009.433	1
2009.447	1
2009.437	1
2009.39	1
2009.285	1
2009.312	1
2009.31	1
2009.315	1
2009.285	1
2009.31	1
2009.307	1
2009.282	1
2009.282	1
2009.326	1
2009.329	1
2009.329	1
2009.326	1
2009.348	1
2009.345	1
2009.323	1
2009.318	1
2009	1
2009.323	1
2009.326	1
2009.321	1
2009	1
2009.252	1
2009.252	1
2009.252	1
2009.318	1
2009.321	1
2009.323	1
2009.363	1
2009.379	1
2009.349	1
2009.333	1
2009.338	1
2009.338	1
2009.423	1
2009.336	1
2009	1
2009.326	1
2009.323	1
2009.322	1
2009.452	1
2009.441	1
2009	1
2009.693	1
2009	1
2009.318	1
2009.352	1
2009.321	1
2009.6	1
2009.425	1
2009.46	1
2009.408	1
2009.433	1
2009.422	1
2009.422	1
2009.416	1
2009.414	1
2009.312	1
2009.416	1
2009.36	1
2009.497	1
2009	1
2009	1
2009	1
2009.321	1
2009.389	1
2009.389	1
2009.326	1
2009.326	1
2009.342	1
2009.345	1
2009.345	1
2009.348	1
2009.349	1
2009.285	1
2009.355	1
2009.329	1
2009.315	1
2009.345	1
2009	1
2009	1
2009.31	1
2009.326	1
2009.323	1
2009.323	1
2009.318	1
2009.318	1
2009.326	1
2009.326	1
2009.326	1
2009.326	1
2009.323	1
2009.537	1
2009.315	1
2009.452	1
2009.452	1
2009.452	1
2009.422	1
2009.438	1
2009.425	1
2009.405	1
2010.058	1
2009.481	1
2009.39	1
2009.39	1
2009.338	1
2009.333	1
2009.327	1
2009.307	1
2009.322	1
2009.481	1
2009.532	1
2009.727	1
2009.73	1
2009.664	1
2009.67	1
2009.804	1
2009.653	1
2009.782	1
2009.697	1
2009.667	1
2009.318	1
2009.379	1
2009.427	1
2009.427	1
2009.453	1
2009.414	1
2009.416	1
2009.511	1
2009.563	1
2009.663	1
2009.605	1
2009.551	1
2009.638	1
2009.614	1
2009.597	1
2009.663	1
2009.575	1
2009.608	1
2009.326	1
2009.326	1
2009.321	1
2009.326	1
2009.326	1
2009.321	1
2009.492	1
2009.445	1
2009.464	1
2009.385	1
2009.385	1
2009.377	1
2009.363	1
2009	1
2009.363	1
2009.363	1
2009.385	1
2009.385	1
2009.382	1
2009.382	1
2009.379	1
2009.379	1
2009.377	1
2009.377	1
2009.377	1
2009.805	1
2009.482	1
2009.312	1
2009.312	1
2009.312	1
2009.629	1
2009.629	1
2009.629	1
2009.652	1
2009.526	1
2009.633	1
2009.608	1
2009.329	1
2009.34	1
2009.51	1
2009.321	1
2009.329	1
2009.326	1
2009.332	1
2009.321	1
2009.318	1
2009.332	1
2009.315	1
2009.482	1
2009.458	1
2009.288	1
2009.56	1
2009.555	1
2009.41	1
2009.349	1
2009.352	1
2009.495	1
2009.46	1
2009.481	1
2009.473	1
2009.432	1
2009.429	1
2009.47	1
2009.467	1
2009.329	1
2009.329	1
2009.329	1
2009.329	1
2009.329	1
2009.329	1
2009.329	1
2009.329	1
2009.499	1
2009.586	1
2009.701	1
2009.4	1
2009.34	1
2009.359	1
2009.351	1
2009.34	1
2009.345	1
2009.348	1
2009.34	1
2009.345	1
2009.337	1
2009.359	1
2009.351	1
2009.34	1
2009.337	1
2009.34	1
2009.334	1
2009.34	1
2009.318	1
2009.666	1
2009.332	1
2009.332	1
2009.332	1
2009.621	1
2009.621	1
2009.608	1
2009.553	1
2009.553	1
2009.614	1
2009.608	1
2009.614	1
2009.378	1
2009.348	1
2009.515	1
2009.345	1
2009.444	1
2009.447	1
2009.337	1
2009.622	1
2009.677	1
2009.453	1
2009.56	1
2009.655	1
2009.492	1
2009.448	1
2009.481	1
2009.499	1
2009.592	1
2009.611	1
2009.685	1
2009.6	1
2009.56	1
2009.597	1
2009.621	1
2009.668	1
2009.414	1
2009.422	1
2009.422	1
2009.381	1
2009.419	1
2009.337	1
2009.33	1
2009.401	1
2009.401	1
2009.397	1
2009.393	1
2009.405	1
2009.321	1
2009.318	1
2009.478	1
2009.333	1
2009.438	1
2009.384	1
2009.51	1
2009.803	1
2009.263	1
2009.367	1
2009.348	1
2009.282	1
2009.323	1
2009.367	1
2009.321	1
2009.315	1
2009.304	1
2009.345	1
2009.321	1
2009.323	1
2009.356	1
2009.318	1
2009.405	1
2009.392	1
2009.337	1
2009.323	1
2009	1
2009.31	1
2009.325	1
2009.46	1
2009.371	1
2009.316	1
2009.351	1
2009.336	1
2009.459	1
2009.349	1
2009.408	1
2009	1
2009.345	1
2009.338	1
2009.338	1
2009.33	1
2009.33	1
2009.471	1
2009.526	1
2009.537	1
2009.329	1
2009.247	1
2009.37	1
2009.329	1
2009.414	1
2009.414	1
2009.414	1
2009.414	1
2009.414	1
2009.414	1
2009.414	1
2009.414	1
2009.329	1
2009.247	1
2009.329	1
2009.414	1
2009.419	1
2009.416	1
2009.414	1
2009.411	1
2009.414	1
2009.408	1
2009.408	1
2009.408	1
2009.405	1
2009.403	1
2009.414	1
2009.414	1
2009.414	1
2009.411	1
2009.334	1
2009.332	1
2009.332	1
2009.318	1
2009.318	1
2009.436	1
2009.425	1
2009.425	1
2009.425	1
2009.422	1
2009.425	1
2009.436	1
2009.43	1
2009.419	1
2009.425	1
2009.321	1
2009.318	1
2009.299	1
2009.282	1
2009.291	1
2009.323	1
2009.318	1
2009.307	1
2009.345	1
2009.31	1
2009	1
2009.358	1
2009.358	1
2009.344	1
2009.333	1
2009.247	1
2009.374	1
2009.318	1
2009	1
2009	1
2009.499	1
2009.499	1
2009.321	1
2009.304	1
2009.321	1
2009.414	1
2009.414	1
2009.408	1
2009.411	1
2009.46	1
2009.341	1
2009.54	1
2009.329	1
2009.536	1
2009.333	1
2009.318	1
2009.247	1
2009.326	1
2009.288	1
2009.288	1
2009.332	1
2009.332	1
2009.329	1
2009.301	1
2009.338	1
2009.323	1
2009.321	1
2009.348	1
2009.299	1
2009.397	1
2009.323	1
2009.321	1
2009.323	1
2009.353	1
2009.318	1
2009	1
2009.367	1
2009.318	1
2009	1
2009	1
2009.323	1
2009	1
2009	1
2009.464	1
2009.625	1
2009.627	1
2009.616	1
2009.247	1
2009.318	1
2009.318	1
2009.433	1
2009.838	1
2009.838	1
2009.326	1
2009.326	1
2009.285	1
2009.419	1
2009.452	1
2009.333	1
2009	1
2009	1
2009.377	1
2009.375	1
2009.375	1
2009.374	1
2009.403	1
2009	1
2009	1
2009	1
2009	1
2012.085	1
2009	1
2009	1
2009	1
2009	1
2009	1
2009	1
2009	1
2009	1
2009	1
2009	1
2009.227	1
2009.252	1
2009	1
2009.329	1
2009.47	1
2009.567	1
2009.433	1
2009.567	1
2009.415	1
2009.442	1
2009.415	1
2009.434	1
2009.426	1
2009.437	1
2009.448	1
2009.484	1
2009.466	1
2009.425	1
2009.425	1
2009.537	1
2009.619	1
2009.532	1
2009.426	1
2009.552	1
2009.456	1
2009.332	1
2009.329	1
2009.332	1
2009.348	1
2009.329	1
2009.367	1
2009.437	1
2009.437	1
2009.33	1
2009.453	1
2009.418	1
2009	1
2009.445	1
2009.415	1
2009	1
2009.453	1
2009.553	1
2009.448	1
2009.448	1
2009.448	1
2009.559	1
2009.57	1
2009.573	1
2009.537	1
2009.647	1
2009.648	1
2009.589	1
2009.592	1
2009.329	1
2009.334	1
2009.448	1
2009.495	1
2009.448	1
2009.445	1
2009.512	1
2009.315	1
2009.404	1
2009.329	1
2009.332	1
2009.353	1
2009.353	1
2009.315	1
2009.348	1
2009.323	1
2009.318	1
2009.304	1
2009.452	1
2009	1
2009.4	1
2009.4	1
2009.334	1
2009.419	1
2009	1
2014.027	1
2013.121	1
2013.041	1
2009.951	1
2013.132	1
2013.099	1
2013.159	1
2009.269	1
2009.269	1
2009.248	1
2009.269	1
2009.269	1
2009.268	1
2009.332	1
2009.268	1
2009.329	1
2009.332	1
2009.268	1
2009.269	1
2009.269	1
2009.269	1
2009.268	1
2009	1
2010.945	1
2015.34	1
2009.269	1
2009	1
2009	1
2009	1
2009	1
2009	1
2009	1
2009	1
2009	1
2009	1
2009	1
2009	1
2009	1
2009	1
2009	1
2009	1
2009	1
2009	1
2009	1
2009	1
2009	1
2009	1
2009	1
2009	1
2009	1
2009	1
2009	1
2009	1
2009	1
2009	1
2009	1
2009	1
2009	1
2009	1
2009	1
2009	1
2009	1
2009	1
2009	1
2009	1
2009	1
2009	1
2009	1
2009	1
2009	1
2009	1
2009	1
2009	1
2009	1
2009	1
2009	1
2009	1
2009	1
2009	1
2009	1
2009	1
2009	1
2009	1
2009	1
2009	1
2009	1
2009	1
2009	1
2009	1
2009	1
2009	1
2009	1
2009	1
2009	1
2009	1
2009	1
2009	1
2009	1
2009	1
2009.269	1
2009	1
2009.247	1
2009	1
2009.247	1
2009.477	1
2009.43	1
2009.43	1
2009.447	1
2009.247	1
2009.247	1
2009.247	1
2009.874	1
2009.414	1
2009.414	1
2009.414	1
2009.408	1
2009.408	1
2009.414	1
2009.414	1
2009.414	1
2009.414	1
2009.422	1
2009.414	1
2009.416	1
2009.362	1
2009.46	1
2009.347	1
2009.523	1
2009.33	1
2009.421	1
2009.423	1
2009.323	1
2009.247	1
2009.247	1
2009.323	1
2009.323	1
2009.321	1
2009.655	1
2009.352	1
2009.342	1
2009.345	1
2009.337	1
2009.404	1
2009.39	1
2009.448	1
2009.418	1
2009.418	1
2009.415	1
2009.282	1
2009.282	1
2009.338	1
2009	1
2009.327	1
2009.338	1
2009.418	1
2009.451	1
2009.404	1
2009.327	1
2009.325	1
2009.36	1
2009.467	1
2009	1
2009.415	1
2009.404	1
2009.381	1
2009.381	1
2009.381	1
2009	1
2009.414	1
2009.31	1
2009.447	1
2009.464	1
2009.296	1
2009.296	1
2009.296	1
2009.315	1
2009.315	1
2009.356	1
2009.348	1
2009.447	1
2009.373	1
2009.323	1
2009.321	1
2009.455	1
2009.338	1
2009.33	1
2009.371	1
2009.336	1
2009.347	1
2009.327	1
2009.371	1
2009.338	1
2009.355	1
2009.379	1
2009.379	1
2009.366	1
2009.473	1
2009.333	1
2009.338	1
2009.382	1
2009.338	1
2009.333	1
2009.338	1
2009.333	1
2009.327	1
2009.33	1
2009.333	1
2009.338	1
2009.349	1
2009.338	1
2009.33	1
2009.368	1
2009.366	1
2009.33	1
2009.33	1
2009.382	1
2009.338	1
2009.333	1
2009.327	1
2009.327	1
2009.322	1
2009.325	1
2009.355	1
2009.338	1
2009.336	1
2009.338	1
2009.333	1
2009.404	1
2009.336	1
2009.366	1
2009.366	1
2009.371	1
2009.333	1
2009.336	1
2009.338	1
2009.327	1
2009.379	1
2009.352	1
2009.352	1
2009.352	1
2009.349	1
2009	1
2009	1
2009	1
2009	1
2009	1
2009	1
2009	1
2009	1
2009	1
2009	1
2009.396	1
2009.495	1
2009.473	1
2009.426	1
2009.401	1
2009.368	1
2009.456	1
2009.355	1
2009.368	1
2009.453	1
2009.338	1
2009.374	1
2009.401	1
2009.379	1
2009.456	1
2009.39	1
2009.407	1
2009.415	1
2009.448	1
2009.563	1
2009	1
2009	1
2009	1
2009	1
2009	1
2009	1
2009.401	1
2009.404	1
2009.39	1
2009.192	1
2009.433	1
2009.247	1
2009.421	1
2009.482	1
2009.447	1
2009.333	1
2009.33	1
2009.327	1
2009.247	1
2009.329	1
2009.501	1
2009.373	1
2009.353	1
2009.318	1
2009.318	1
2009.312	1
2009.318	1
2009.444	1
2009.352	1
2009.382	1
2009.415	1
2009.336	1
2009.418	1
2009.479	1
2009.534	1
2009.455	1
2009.804	1
2009.437	1
2009.692	1
2009.673	1
2009.495	1
2009.5	1
2009.5	1
2009.473	1
2009.703	1
2009.689	1
2009.788	1
2009.678	1
2009.593	1
2009.599	1
2009.607	1
2009.823	1
2009.501	1
2009.367	1
2009.4	1
2010.055	1
2010.016	1
2010.016	1
2009.499	1
2009.458	1
2009.789	1
2009.589	1
2009.455	1
2009.411	1
2009.411	1
2009.411	1
2009.411	1
2009.597	1
2009.416	1
2009.592	1
2009.4	1
2009.592	1
2009.414	1
2009.414	1
2009.575	1
2009.403	1
2009.573	1
2009.408	1
2009.537	1
2009.534	1
2009.532	1
2009.458	1
2009.438	1
2009.438	1
2009.441	1
2009.438	1
2009.436	1
2009.441	1
2009.433	1
2009.433	1
2009.433	1
2009.433	1
2009.4	1
2009.973	1
2009.956	1
2009.956	1
2009.956	1
2009.956	1
2009.321	1
2009.388	1
2009.344	1
2009	1
2009.459	1
2009.423	1
2009.352	1
2009.452	1
2009	1
2009	1
2009.327	1
2009.363	1
2009.421	1
2009.434	1
2009.404	1
2009.371	1
2009.336	1
2009.352	1
2009.448	1
2009.388	1
2009.388	1
2009.321	1
2009	1
2009.318	1
2009.33	1
2009.33	1
2009.321	1
2009.291	1
2009.312	1
2009.307	1
2009.321	1
2009.318	1
2009.363	1
2009.481	1
2009.352	1
2009.482	1
2009.349	1
2009.329	1
2009.467	1
2009.327	1
2009.399	1
2009	1
2009.407	1
2009.451	1
2009.33	1
2009.386	1
2009.479	1
2009.388	1
2009.486	1
2009.404	1
2009.407	1
2009.338	1
2009.349	1
2009	1
2009.448	1
2009.434	1
2009.401	1
2009.462	1
2009	1
2009.423	1
2009.41	1
2009.404	1
2009.401	1
2009.404	1
2009	1
2009	1
2009	1
2009	1
2009	1
2009.442	1
2009.434	1
2009	1
2009.321	1
2009.401	1
2009.338	1
2009.327	1
2009.841	1
2009.918	1
2009.874	1
2009.652	1
2009.455	1
2009.455	1
2009.471	1
2009.342	1
2009.329	1
2009.352	1
2009.41	1
2009.41	1
2009.385	1
2009.385	1
2009.382	1
2009.53	1
2009.519	1
2009.497	1
2009.516	1
2009.785	1
2009.754	1
2010.858	1
2009.866	1
2009.74	1
2009.844	1
2009.806	1
2009.721	1
2009.721	1
2009.721	1
2009.721	1
2009.721	1
2009.721	1
2009.721	1
2009.721	1
2009.759	1
2009.726	1
2009.874	1
2009.855	1
2009.885	1
2009.841	1
2009.816	1
2009.725	1
2009.736	1
2009.779	1
2009.477	1
2009.51	1
2009	1
2009.836	1
2009.7	1
2009.616	1
2009.675	1
2009.605	1
2009.751	1
2009.63	1
2009.693	1
2009.69	1
2009.685	1
2009.319	1
2009.593	1
2009.644	1
2009.633	1
2009.688	1
2009.647	1
2009.622	1
2009.414	1
2009.462	1
2009.549	1
2009.863	1
2009.667	1
2010.01	1
2010.018	1
2010.016	1
2009.803	1
2009.688	1
2009.893	1
2009.644	1
2009.956	1
2009.784	1
2009.77	1
2009.837	1
2009.708	1
2009.771	1
2009.799	1
2009.834	1
2009.84	1
2009.84	1
2009.837	1
2009.842	1
2009.853	1
2009.84	1
2009.796	1
2009.796	1
2009.895	1
2010.51	1
2009.812	1
2009.84	1
2009.842	1
2009.84	1
2009.837	1
2009.842	1
2009.829	1
2009.823	1
2009.821	1
2009.821	1
2009.797	1
2009.879	1
2009.918	1
2009.686	1
2009.695	1
2009.859	1
2009.955	1
2009.803	1
2009.608	1
2009	1
2009.556	1
2009.453	1
2009.497	1
2009.5	1
2009.497	1
2009.705	1
2009.493	1
2009.496	1
2009.529	1
2009.519	1
2009.897	1
2009	1
2009	1
2009.658	1
2009.974	1
2009.444	1
2009.533	1
2009.895	1
2009.54	1
2009.799	1
2009.87	1
2009.832	1
2009.938	1
2009.496	1
2009.521	1
2009.54	1
2009.778	1
2009.807	1
2009.496	1
2009.51	1
2009.5	1
2009.441	1
2009.866	1
2009.496	1
2009.886	1
2009.751	1
2010.137	1
2009.496	1
2009.496	1
2009.493	1
2009.496	1
2009.496	1
2009.622	1
2009.589	1
2009.766	1
2009.784	1
2009.46	1
2009.471	1
2009.468	1
2009.504	1
2009.499	1
2009.751	1
2009.789	1
2009	1
2009	1
2009	1
2009.707	1
2009.707	1
2009.707	1
2009.607	1
2009.371	1
2009.905	1
2009.919	1
2009	1
2009.847	1
2009.807	1
2009.773	1
2009.745	1
2010.147	1
2009.627	1
2009.925	1
2009.896	1
2009.849	1
2009.932	1
2009.427	1
2009.605	1
2009	1
2009.745	1
2009.759	1
2009.606	1
2009.701	1
2009.853	1
2009.481	1
2009.619	1
2009.508	1
2009	1
2009.57	1
2009.499	1
2009.721	1
2009.704	1
2009.874	1
2009.836	1
2010.053	1
2009.959	1
2009.858	1
2009.858	1
2011.814	1
2011.814	1
2009.496	1
2009	1
2009	1
2009.767	1
2009.845	1
2009.897	1
2009.952	1
2009.96	1
2009.947	1
2009.477	1
2009.663	1
2009.326	1
2009.321	1
2009.593	1
2009.875	1
2009.823	1
2009.329	1
2009.359	1
2009.663	1
2009.853	1
2009.799	1
2009.905	1
2009.988	1
2010	1
2010.092	1
2009.977	1
2009	1
2009.793	1
2009.911	1
2009.853	1
2009.866	1
2009.87	1
2009.533	1
2009.536	1
2009.649	1
2009.499	1
2009.481	1
2009.481	1
2009.481	1
2009.527	1
2009.575	1
2009.482	1
2009.482	1
2009.482	1
2009.586	1
2009.54	1
2009.532	1
2009.582	1
2009.795	1
2009.582	1
2009.582	1
2009.437	1
2009.497	1
2009.519	1
2009.749	1
2009.779	1
2009.69	1
2009.497	1
2009.784	1
2009.419	1
2009.519	1
2009	1
2009	1
2009	1
2009	1
2009.782	1
2009.763	1
2009.727	1
2009.801	1
2009.882	1
2009.511	1
2009	1
2009	1
2009	1
2009	1
2009	1
2009.514	1
2009.466	1
2009.463	1
2009.884	1
2009.595	1
2009.595	1
2009.518	1
2009.833	1
2009.827	1
2010.995	1
2009.518	1
2010.142	1
2009.618	1
2009	1
2009.671	1
2010.074	1
2009.921	1
2009.964	1
2009.923	1
2010.066	1
2009.926	1
2010.995	1
2009.837	1
2009.781	1
2009.881	1
2009.712	1
2009.885	1
2009.833	1
2010.071	1
2009.793	1
2009.721	1
2010.093	1
2010.167	1
2010.181	1
2009.775	1
2009.967	1
2009.967	1
2009.967	1
2009.967	1
2009.967	1
2009.967	1
2009.967	1
2009.967	1
2009.967	1
2009.312	1
2009.675	1
2009.407	1
2009.318	1
2009.688	1
2009.573	1
2009.556	1
2009.871	1
2009.822	1
2010	1
2009.69	1
2009.899	1
2009.627	1
2009.892	1
2009.705	1
2009.995	1
2009.875	1
2009.53	1
2009.527	1
2009.473	1
2009.53	1
2009.608	1
2009.532	1
2009.518	1
2009.512	1
2009.644	1
2009.608	1
2009.532	1
2009.532	1
2009.701	1
2009.636	1
2009.649	1
2009.668	1
2009.484	1
2009.481	1
2009.77	1
2009.496	1
2010.817	1
2010.822	1
2010.806	1
2009.315	1
2009.412	1
2010.029	1
2009.51	1
2009.496	1
2009	1
2009.537	1
2009.551	1
2009.54	1
2009.537	1
2009.529	1
2009.537	1
2009.54	1
2009.493	1
2009.493	1
2009.858	1
2009.862	1
2009.589	1
2009.914	1
2009.932	1
2009.629	1
2009.838	1
2009.553	1
2009.627	1
2009.625	1
2009.797	1
2010.089	1
2009.51	1
2009.607	1
2009.716	1
2009.57	1
2009	1
2009.81	1
2009.748	1
2009.864	1
2009.818	1
2009.732	1
2009.67	1
2009.793	1
2009.934	1
2009.611	1
2009.512	1
2009.497	1
2009.785	1
2009.475	1
2009.858	1
2009.873	1
2009.926	1
2009.825	1
2009.879	1
2009.671	1
2009.712	1
2009.767	1
2009.767	1
2009.674	1
2009.923	1
2009.936	1
2009.918	1
2009.922	1
2009.925	1
2009.845	1
2009.749	1
2009.826	1
2009.793	1
2009.845	1
2009.964	1
2009.918	1
2009.397	1
2009.397	1
2009.668	1
2009.801	1
2009.89	1
2009	1
2009.497	1
2009.745	1
2009.937	1
2009.529	1
2009.515	1
2009.326	1
2009.61	1
2009.501	1
2009.414	1
2009.814	1
2009.764	1
2009.784	1
2009.74	1
2009.551	1
2009.764	1
2009.578	1
2009.573	1
2009.378	1
2009.56	1
2009.553	1
2009.486	1
2009.726	1
2009.701	1
2009.827	1
2009.723	1
2009.76	1
2009.532	1
2009.636	1
2009.378	1
2009.381	1
2009.671	1
2009.403	1
2009	1
2009.556	1
2009.418	1
2009.415	1
2009.721	1
2009	1
2009.471	1
2009.63	1
2009.463	1
2009.405	1
2009.895	1
2009.863	1
2009.816	1
2009.863	1
2009.996	1
2009.751	1
2009.689	1
2009.841	1
2009.863	1
2009.6	1
2009.6	1
2009.951	1
2009.482	1
2009.543	1
2009.534	1
2009.534	1
2009.534	1
2009.542	1
2009.534	1
2009.797	1
2009.693	1
2009.797	1
2009.669	1
2009.543	1
2009.542	1
2009.897	1
2009.775	1
2009.625	1
2009.529	1
2009.529	1
2009.414	1
2009.408	1
2009.422	1
2009.596	1
2009.323	1
2009.797	1
2009.529	1
2009.481	1
2009.445	1
2009.408	1
2009.822	1
2009.419	1
2009.963	1
2009.949	1
2009.968	1
2009.962	1
2009.967	1
2009.984	1
2009.608	1
2009.573	1
2010.037	1
2009.858	1
2009.682	1
2009.949	1
2009.971	1
2009.967	1
2010.034	1
2009.971	1
2009.949	1
2009.851	1
2009.825	1
2009.949	1
2009.786	1
2009.786	1
2009.971	1
2009.96	1
2010.081	1
2009.948	1
2009	1
2009.611	1
2009.671	1
2009.712	1
2009.704	1
2009.521	1
2009.518	1
2009.573	1
2009.438	1
2009.368	1
2009.573	1
2009.505	1
2010.011	1
2009.937	1
2009.949	1
2009.932	1
2010.068	1
2009.842	1
2009.84	1
2010.093	1
2009.956	1
2009.829	1
2009.996	1
2009.829	1
2009.94	1
2009.94	1
2009.905	1
2009.963	1
2009.955	1
2009.938	1
2010.012	1
2009.818	1
2009.941	1
2009.897	1
2009.845	1
2009.892	1
2009.958	1
2009.837	1
2009.858	1
2009.836	1
2009.918	1
2009.447	1
2009.596	1
2009	1
2009.63	1
2009.499	1
2009.608	1
2009.655	1
2009.54	1
2009.512	1
2009.54	1
2009.482	1
2009.837	1
2009.451	1
2009.516	1
2009.355	1
2009.318	1
2009	1
2009.423	1
2009.473	1
2009.459	1
2009.508	1
2009.481	1
2009.479	1
2009.471	1
2009.452	1
2009.378	1
2009.452	1
2009.532	1
2009.501	1
2009.505	1
2009.586	1
2009.529	1
2009.493	1
2009.592	1
2009.586	1
2009.529	1
2009.493	1
2009.586	1
2009.532	1
2010.567	1
2010.573	1
2010.477	1
2010.471	1
2010.46	1
2010.564	1
2010.556	1
2009.712	1
2009.595	1
2009.326	1
2009.318	1
2009.37	1
2009.427	1
2009.433	1
2009.422	1
2009.707	1
2009.448	1
2009.516	1
2009.592	1
2009.477	1
2009.414	1
2009.441	1
2009.419	1
2009.419	1
2009.634	1
2009.586	1
2009.652	1
2009.633	1
2009.742	1
2009.693	1
2009.758	1
2009.725	1
2009.821	1
2009.705	1
2009.705	1
2009.73	1
2009.708	1
2009.727	1
2009.496	1
2009.515	1
2009.674	1
2009.375	1
2009.458	1
2009.514	1
2009.718	1
2010.214	1
2011.162	1
2010.978	1
2011.025	1
2010.995	1
2011.025	1
2010.989	1
2011.033	1
2011.063	1
2011.014	1
2010.416	1
2011.795	1
2011.858	1
2011.825	1
2011.003	1
2011.003	1
2010.937	1
2011.025	1
2011.066	1
2011.038	1
2011.082	1
2010.074	1
2013.255	1
2010.997	1
2011.068	1
2011.071	1
2010.956	1
2011.025	1
2011.241	1
2011.132	1
2011.058	1
2010.833	1
2010.833	1
2010.833	1
2011.093	1
2011.159	1
2011.085	1
2011.058	1
2011.044	1
2011.132	1
2011.132	1
2011.132	1
2011.132	1
2011.219	1
2011.907	1
2010.214	1
2011.523	1
2011.225	1
2010.893	1
2011.159	1
2011.162	1
2011.148	1
2011.145	1
2011.666	1
2011.682	1
2010.948	1
2009.767	1
2011.491	1
2011.386	1
2010.948	1
2010.94	1
2011.178	1
2011.14	1
2011.293	1
2011.197	1
2011.258	1
2010.912	1
2010.778	1
2011.162	1
2011.186	1
2011.203	1
2011.159	1
2011.14	1
2011.126	1
2011.189	1
2011.189	1
2011.178	1
2011.159	1
2011.14	1
2011.123	1
2011.197	1
2010.855	1
2011.474	1
2010.444	1
2011.554	1
2010.858	1
2011.548	1
2011.491	1
2011.156	1
2010.227	1
2011.545	1
2011.532	1
2011.389	1
2011.606	1
2011.526	1
2011.507	1
2011.523	1
2011.532	1
2011.554	1
2011.551	1
2011.532	1
2011.877	1
2011.17	1
2010.91	1
2010.858	1
2011.181	1
2010.934	1
2011.649	1
2011.6	1
2010.422	1
2010.422	1
2010.227	1
2011.833	1
2011.523	1
2011.526	1
2011.515	1
2011.51	1
2011.904	1
2011.553	1
2011.573	1
2011.51	1
2011.126	1
2011.189	1
2011.896	1
2010.912	1
2011.11	1
2011.008	1
2011.219	1
2010.899	1
2011.581	1
2011.28	1
2016.112	1
2011.093	1
2013.036	1
2013.142	1
2013.096	1
2013.101	1
2013.123	1
2013.104	1
2013.189	1
2013.115	1
2013.074	1
2013.112	1
2013.148	1
2013.074	1
2013.142	1
2013.266	1
2013.11	1
2018.025	1
2019.86	1
2020.016	1
2013.099	1
2013.049	1
2013.101	1
2013.099	1
2013.096	1
2013.233	1
2013.227	1
2013.499	1
2012.989	1
2013.077	1
2013.132	1
2013.219	1
2013.047	1
2013.123	1
2013.189	1
2013.186	1
2013.041	1
2013.112	1
2013.044	1
2013.123	1
2013.115	1
2013.074	1
2013.063	1
2013.079	1
2013.058	1
2013.074	1
2013.882	1
2013.838	1
2013.115	1
2013.104	1
2013.219	1
2013.274	1
2013.518	1
2013.562	1
2013.077	1
2013.189	1
2013.43	1
2013.208	1
2013.153	1
2013.14	1
2013.803	1
2013.005	1
2012.967	1
2012.962	1
2013.118	1
2013.115	1
2013.151	1
2013.23	1
2013.195	1
2013.123	1
2013.082	1
2013.354	1
2013.734	1
2013.214	1
2013.101	1
2013.104	1
2013.033	1
2013.189	1
2013.222	1
2013.449	1
2013.008	1
2013.011	1
2013.022	1
2012.883	1
2012.883	1
2013.088	1
2012.883	1
2012.883	1
2011.142	1
2013.37	1
2013.189	1
2013.271	1
2011.142	1
2011.584	1
2013.058	1
2013.112	1
2013.126	1
2013.044	1
2013.132	1
2013.189	1
2013.115	1
2013.112	1
2013.121	1
2013.164	1
2013.17	1
2013.159	1
2013.148	1
2013.167	1
2013.17	1
2013.266	1
2013.118	1
2013.416	1
2013.222	1
2013.112	1
2013.211	1
2013.153	1
2013.118	1
2013.112	1
2013.23	1
2013.112	1
2013.189	1
2013.11	1
2012.139	1
2011.255	1
2013.082	1
2013.016	1
2013.132	1
2013.323	1
2013.189	1
2013.101	1
2013.093	1
2013.156	1
2013.134	1
2013.022	1
2013.096	1
2013.099	1
2013.756	1
2013.126	1
2013.019	1
2013.019	1
2013.019	1
2013.019	1
2013.008	1
2013.003	1
2013.003	1
2012.997	1
2012.986	1
2013.036	1
2013.189	1
2013.162	1
2013.132	1
2013.134	1
2013.047	1
2013.022	1
2013.195	1
2013.222	1
2012.975	1
2013.036	1
2013.099	1
2013.101	1
2013.104	1
2013.101	1
2013.093	1
2013.093	1
2013.079	1
2013.077	1
2013.066	1
2013.17	1
2013.164	1
2013.17	1
2013.159	1
2013.14	1
2013.137	1
2013.134	1
2013.23	1
2013	1
2013.162	1
2013.016	1
2013.123	1
2013.159	1
2013.129	1
2010.23	1
2011.142	1
2013.096	1
2013.932	1
2013.526	1
2013.329	1
2013.329	1
2013.079	1
2013.071	1
2012.929	1
2012.929	1
2012.945	1
2012.973	1
2012.973	1
2013.096	1
2014.121	1
2013.83	1
2014.173	1
2013.956	1
2014.118	1
2014.334	1
2013.841	1
2014.227	1
2013.797	1
2013.882	1
2014	1
2013.825	1
2013.995	1
2013.847	1
2014.041	1
2014.052	1
2014.11	1
2014.096	1
2014	1
2015.504	1
2015.126	1
2014.992	1
2014.992	1
2014.436	1
2014.247	1
2015.208	1
2015.208	1
2015.115	1
2015.263	1
2015.118	1
2014.921	1
2015.036	1
2014.899	1
2014.899	1
2014.973	1
2014.973	1
2014.647	1
2015.874	1
2015.962	1
2015.959	1
2015.115	1
2015.115	1
2015.184	1
2015.364	1
2015.353	1
2015.364	1
2015.345	1
2015.416	1
2015.203	1
2015.071	1
2015.071	1
2015.071	1
2015.071	1
2015.285	1
2015.107	1
2015.107	1
2015.192	1
2015.345	1
2015.34	1
2015.312	1
2015.164	1
2015.299	1
2015.175	1
2015.279	1
2015.282	1
2015.282	1
2015.159	1
2015.304	1
2015.159	1
2015.304	1
2015.282	1
2015.282	1
2015.279	1
2015.455	1
2015.203	1
2014.973	1
2014.953	1
2014.953	1
2016.115	1
2016.096	1
2016.344	1
2016.164	1
2015.901	1
2016.057	1
2015.984	1
2016.199	1
2016.087	1
2016.128	1
2016.109	1
2016.008	1
2015.94	1
2015.962	1
2016.033	1
2015.995	1
2016.107	1
2016.183	1
2016.172	1
2016.09	1
2016.077	1
2016.24	1
2016.014	1
2016.202	1
2016.011	1
2016.377	1
2016.205	1
2016.131	1
2016.18	1
2016.183	1
2016.046	1
2016.131	1
2016.057	1
2016.027	1
2016.15	1
2015.904	1
2015.953	1
2016.079	1
2016.156	1
2016.093	1
2015.94	1
2016.096	1
2016.093	1
2016.287	1
2015.956	1
2015.962	1
2016.093	1
2016.093	1
2015.959	1
2016.096	1
2016.014	1
2016.115	1
2016.055	1
2015.581	1
2016.131	1
2015.923	1
2015.778	1
2016.077	1
2016.049	1
2015.942	1
2016.049	1
2015.956	1
2015.937	1
2016.131	1
2016.15	1
2016.046	1
2016.019	1
2015.816	1
2016.038	1
2015.995	1
2016.074	1
2016.074	1
2015.923	1
2015.926	1
2015.907	1
2016.128	1
2015.912	1
2016.049	1
2016.049	1
2016.23	1
2016.23	1
2016.03	1
2016.183	1
2016.087	1
2016.257	1
2016.131	1
2016.131	1
2016.257	1
2015.989	1
2015.989	1
2016.052	1
2017.09	1
2015.521	1
2015.899	1
2015.849	1
2015.636	1
2015.816	1
2016.104	1
2016.21	1
2015.978	1
2016.096	1
2016.085	1
2016.21	1
2016.093	1
2016.161	1
2016.115	1
2016.178	1
2016.046	1
2016.077	1
2016.232	1
2015.518	1
2015.518	1
2015.926	1
2015.926	1
2017.529	1
2016.344	1
2016.049	1
2016.107	1
2016.074	1
2015.825	1
2015.929	1
2015.937	1
2015.825	1
2015.937	1
2015.929	1
2015.951	1
2016.046	1
2016.219	1
2016.415	1
2015.951	1
2016.033	1
2016.156	1
2016.027	1
2014.162	1
2014.162	1
2014.164	1
2014.164	1
2016.339	1
2016.437	1
2016.432	1
2016.085	1
2016.123	1
2016.077	1
2015.825	1
2015.825	1
2016.795	1
2016.377	1
2016.068	1
2015.94	1
2015.94	1
2016.036	1
2016.314	1
2016.306	1
2016.057	1
2016.15	1
2016.15	1
2016.191	1
2016.191	1
2016.191	1
2016.071	1
2016.071	1
2016.191	1
2016.027	1
2016.046	1
2016.074	1
2016.134	1
2016.033	1
2016.085	1
2016.085	1
2015.929	1
2015.937	1
2015.929	1
2015.921	1
2015.907	1
2016.153	1
2016.434	1
2015.937	1
2019.655	1
2015.97	1
2015.841	1
2015.841	1
2015.841	1
2015.841	1
2015.841	1
2015.921	1
2015.907	1
2018.005	1
2018.003	1
2016.101	1
2016.265	1
2016.022	1
2016.224	1
2015.97	1
2017.797	1
2017.436	1
2016.096	1
2016.191	1
2016.085	1
2016.005	1
2016.085	1
2017.641	1
2015.874	1
2016.869	1
2016.869	1
2016.167	1
2016.15	1
2016.109	1
2016.191	1
2016.191	1
2016.191	1
2015.156	1
2015.189	1
2015.66	1
2015.148	1
2014.879	1
2014.827	1
2014.868	1
2015.129	1
2014.71	1
2014.704	1
2015.129	1
2015.186	1
2015.145	1
2015.126	1
2015.049	1
2015.164	1
2015.348	1
2015.175	1
2015.184	1
2015.047	1
2015.047	1
2015.096	1
2015.03	1
2015.118	1
2014.868	1
2014.767	1
2014.693	1
2015.951	1
2015.855	1
2016.016	1
2015.567	1
2015.211	1
2015.381	1
2015.008	1
2015.008	1
2015.271	1
2015.271	1
2015.225	1
2015.203	1
2015.156	1
2015.499	1
2015.751	1
2016.284	1
2016.251	1
2015.337	1
2014.756	1
2014.493	1
2014.658	1
2014.444	1
2014.704	1
2014.811	1
2014.849	1
2014.764	1
2014.8	1
2015.189	1
2014.375	1
2014.756	1
2014.356	1
2014.329	1
2014.69	1
2015.11	1
2014.729	1
2014.723	1
2014.877	1
2014.518	1
2014.211	1
2014.263	1
2014	1
2014	1
2014.129	1
2014.195	1
2014.066	1
2014.066	1
2014.195	1
2014.619	1
2014.767	1
2014.767	1
2014.778	1
2014.778	1
2014.849	1
2014.849	1
2014.849	1
2015.099	1
2014.934	1
2015.282	1
2015.151	1
2015.285	1
2015.279	1
2015.279	1
2015.759	1
2015.756	1
2015.756	1
2015.756	1
2015.759	1
2015.759	1
2015.759	1
2015.844	1
2015.192	1
2015.203	1
2016.18	1
2015.203	1
2015.014	1
2015.014	1
2015.37	1
2015.704	1
2015.743	1
2015.704	1
2016.243	1
2016.279	1
2016.243	1
2016.552	1
2015.696	1
2015.688	1
2015.745	1
2015.745	1
2015.742	1
2015.729	1
2015.723	1
2015.745	1
2015.745	1
2015.745	1
2015.732	1
2015.301	1
2015.088	1
2015.068	1
2015.227	1
2015.244	1
2015.249	1
2015.249	1
2015.504	1
2015.307	1
2015.222	1
2015.211	1
2015.222	1
2015.614	1
2015.614	1
2015.263	1
2015.197	1
2015.197	1
2015.627	1
2015.6	1
2015.6	1
2015.279	1
2014.964	1
2015.107	1
2015.049	1
2015.326	1
2015	1
2015.099	1
2015.241	1
2015.186	1
2015.737	1
2015.737	1
2015.068	1
2015.126	1
2015.17	1
2015.307	1
2015.058	1
2015.164	1
2015.263	1
2015.263	1
2015.307	1
2015.362	1
2015.307	1
2015.118	1
2015.351	1
2015.649	1
2015.285	1
2015.323	1
2015.386	1
2015.263	1
2015.403	1
2015.285	1
2015.556	1
2015.534	1
2015.578	1
2015.348	1
2015.348	1
2015.189	1
2015.189	1
2015.189	1
2015.586	1
2015.521	1
2015.704	1
2015.551	1
2015	1
2015.101	1
2015.101	1
2015.307	1
2015.068	1
2014.822	1
2015.068	1
2015.789	1
2015.592	1
2015.592	1
2015.592	1
2015.592	1
2015.203	1
2015.203	1
2015.129	1
2015.222	1
2015.416	1
2014.822	1
2014.822	1
2014.822	1
2015.107	1
2015.819	1
2015.334	1
2015.334	1
2015.367	1
2015.145	1
2015.137	1
2015.137	1
2014.926	1
2014.953	1
2015.014	1
2015.151	1
2015.181	1
2015.074	1
2015.17	1
2015.088	1
2015.145	1
2015.088	1
2015.151	1
2014.926	1
2014.973	1
2015.222	1
2015.718	1
2015.666	1
2015.556	1
2015.556	1
2015.556	1
2015.926	1
2015.022	1
2015.022	1
2015.247	1
2015	1
2015.11	1
2015.301	1
2015	1
2015.167	1
2015.222	1
2014.956	1
2014.973	1
2015.151	1
2015.014	1
2015.23	1
2015.34	1
2015.088	1
2015.088	1
2015.088	1
2015.088	1
2015.088	1
2015.236	1
2015	1
2015.134	1
2015.342	1
2015.29	1
2015.318	1
2015.271	1
2015.29	1
2015.301	1
2015.271	1
2015.337	1
2015.044	1
2015.181	1
2015.192	1
2015.192	1
2015.871	1
2015.753	1
2015.723	1
2015.723	1
2015.732	1
2015.696	1
2015.732	1
2015.589	1
2015.038	1
2015.038	1
2014.962	1
2015.164	1
2015.107	1
2015.288	1
2015.241	1
2015.145	1
2015.145	1
2015.107	1
2015.633	1
2015.633	1
2015.559	1
2015.559	1
2015.559	1
2015.14	1
2015.145	1
2015.153	1
2015.153	1
2015.112	1
2015.463	1
2015.529	1
2015.589	1
2015.537	1
2015	1
2015.463	1
2015.427	1
2015.529	1
2015.37	1
2015.422	1
2015.627	1
2015.575	1
2015.586	1
2015.37	1
2015.592	1
2015.608	1
2015.507	1
2015.422	1
2015.515	1
2015.222	1
2015.222	1
2015.107	1
2015.184	1
2015.151	1
2015.151	1
2015.148	1
2015.033	1
2015.011	1
2015.126	1
2015.03	1
2015.164	1
2015.214	1
2015.145	1
2015.148	1
2015.148	1
2015.167	1
2015.016	1
2015.055	1
2015.115	1
2015.214	1
2015.115	1
2015.175	1
2015	1
2015.825	1
2015	1
2015.781	1
2015.816	1
2015.781	1
2015.811	1
2015.819	1
2015.816	1
2015.811	1
2015.515	1
2015.515	1
2015.784	1
2015.164	1
2015.416	1
2015.356	1
2015.595	1
2015.595	1
2015.356	1
2015.6	1
2015.337	1
2015.668	1
2015.351	1
2015.721	1
2015.288	1
2015.288	1
2016.128	1
2016.128	1
2016.199	1
2016.164	1
2016.148	1
2016.145	1
2016.164	1
2016.164	1
2016.15	1
2016.169	1
2016.142	1
2016.189	1
2016.199	1
2016.142	1
2016.18	1
2016.301	1
2016.279	1
2015.74	1
2015.786	1
2015.784	1
2016.24	1
2016.15	1
2015.022	1
2015.195	1
2015.225	1
2015.282	1
2015.055	1
2015.107	1
2015.058	1
2015.625	1
2015.625	1
2016.333	1
2015.164	1
2016.314	1
2016.279	1
2015.759	1
2015	1
2016.126	1
2015.94	1
2015.871	1
2015.995	1
2015.844	1
2015.649	1
2015.597	1
2015.616	1
2015.493	1
2016.303	1
2015.86	1
2015.786	1
2015.523	1
2015.548	1
2015.499	1
2015.167	1
2015.011	1
2015.016	1
2015.016	1
2015.016	1
2015.016	1
2014.805	1
2014.838	1
2014.786	1
2014.819	1
2014.762	1
2015.148	1
2015.186	1
2015.444	1
2015.444	1
2014.504	1
2015.096	1
2014.586	1
2015.014	1
2015.071	1
2015.712	1
2015.712	1
2015.712	1
2016.096	1
2015.181	1
2015.132	1
2015.112	1
2015.507	1
2015	1
2015.384	1
2015.381	1
2015.378	1
2015.112	1
2015.652	1
2015.937	1
2015.222	1
2015.356	1
2015.356	1
2015.384	1
2015.375	1
2015.222	1
2015.148	1
2015.877	1
2016.033	1
2015.019	1
2015.019	1
2016.019	1
2015.984	1
2015.816	1
2015.816	1
2015.816	1
2015.975	1
2015.978	1
2016.005	1
2015.959	1
2015.967	1
2016.205	1
2015.964	1
2015.441	1
2016.268	1
2016.391	1
2016.374	1
2016.352	1
2015.901	1
2015.904	1
2015.921	1
2015.951	1
2015.893	1
2015.863	1
2016.205	1
2016.303	1
2015	1
2015.959	1
2016.221	1
2015.918	1
2015.989	1
2015.918	1
2015.934	1
2015.956	1
2015.951	1
2015.984	1
2015.97	1
2015.956	1
2015.959	1
2016.074	1
2016.276	1
2016.276	1
2015.885	1
2015.899	1
2015.956	1
2016.295	1
2016.205	1
2016.279	1
2016.019	1
2015.904	1
2015.945	1
2015.94	1
2016.243	1
2015.882	1
2015.937	1
2015.932	1
2016.383	1
2016.246	1
2015.904	1
2016.219	1
2015.874	1
2016.057	1
2015.921	1
2015.775	1
2016.03	1
2016.107	1
2016.09	1
2016.126	1
2015.934	1
2015.904	1
2015.981	1
2015.523	1
2015.775	1
2015.608	1
2015.973	1
2016.148	1
2016.066	1
2015.901	1
2015.904	1
2015.904	1
2015.989	1
2015.959	1
2015.896	1
2015.879	1
2016.257	1
2016.019	1
2016.107	1
2016.079	1
2015.923	1
2015.879	1
2016.178	1
2016.153	1
2015.989	1
2016.393	1
2015.959	1
2016.014	1
2015.879	1
2015.91	1
2015.918	1
2015.858	1
2015.863	1
2016.339	1
2015.989	1
2016.423	1
2016.262	1
2016.249	1
2016.199	1
2016.172	1
2016.172	1
2015.934	1
2016.022	1
2015.742	1
2016.071	1
2016.153	1
2016.019	1
2015.978	1
2016.03	1
2016.06	1
2016.082	1
2015.992	1
2016.016	1
2015.767	1
2015.767	1
2016.107	1
2016.109	1
2016.025	1
2016.301	1
2016.128	1
2015.962	1
2016.208	1
2015.975	1
2015.923	1
2015.981	1
2015.986	1
2015.973	1
2016.079	1
2016.008	1
2016.128	1
2016.109	1
2016.109	1
2016.467	1
2016.142	1
2016.003	1
2016.049	1
2015.978	1
2015.899	1
2016.112	1
2016.21	1
2016.044	1
2015.956	1
2015.784	1
2015.781	1
2015.781	1
2016.314	1
2016.339	1
2016.295	1
2016.131	1
2015.879	1
2015.885	1
2015.751	1
2016.025	1
2015.964	1
2015.921	1
2015.742	1
2015.745	1
2015.816	1
2016.046	1
2016	1
2016.587	1
2016.587	1
2016	1
2016.011	1
2015.912	1
2015.992	1
2016.582	1
2016.582	1
2015.907	1
2015.825	1
2015.748	1
2015.751	1
2015.222	1
2015.479	1
2014.69	1
2014.808	1
2014.781	1
2014.8	1
2014.844	1
2014.942	1
2014.918	1
2015.016	1
2014.893	1
2014.918	1
2014.937	1
2015.016	1
2014.844	1
2015.016	1
2014.918	1
2015.016	1
2014.893	1
2014.942	1
2014.937	1
2014.918	1
2014.617	1
2014.378	1
2014.879	1
2014.879	1
2014.879	1
2014.151	1
2014.153	1
2014.066	1
2014.208	1
2014.195	1
2014.082	1
2014.205	1
2014.134	1
2014.175	1
2014.277	1
2014.277	1
2014.055	1
2013.814	1
2014.219	1
2014.208	1
2014.153	1
2014.066	1
2014.077	1
2014.181	1
2014.186	1
2014.082	1
2014.159	1
2014.14	1
2014.671	1
2014.671	1
2014.671	1
2014.671	1
2014.066	1
2014.077	1
2014.058	1
2014	1
2014.047	1
2014.195	1
2014.148	1
2014.189	1
2014.184	1
2014.178	1
2014.071	1
2014.137	1
2014.06	1
2014.233	1
2014.208	1
2014.195	1
2014.186	1
2014.153	1
2014.847	1
2014.033	1
2014.03	1
2014.09	1
2014.269	1
2014.26	1
2014.09	1
2014.082	1
2013.978	1
2014.148	1
2014.118	1
2014.227	1
2014.233	1
2014.233	1
2014.233	1
2014.2	1
2014.186	1
2014.074	1
2014.107	1
2014.09	1
2013.986	1
2014.515	1
2014.052	1
2014.038	1
2015.266	1
2015.745	1
2015.745	1
2015.781	1
2015.748	1
2015.488	1
2015.405	1
2015.822	1
2015.726	1
2015.822	1
2016	1
2015.874	1
2016.019	1
2016.15	1
2016.027	1
2015.822	1
2016.055	1
2016.03	1
2015.989	1
2015.992	1
2015.674	1
2016.046	1
2015.781	1
2015.803	1
2015.885	1
2015.836	1
2015.836	1
2015.94	1
2015.94	1
2016.011	1
2016.169	1
2015.981	1
2015.427	1
2015.493	1
2015.493	1
2015.425	1
2015.438	1
2015.427	1
2015.425	1
2015.644	1
2015.644	1
2015.633	1
2015.633	1
2015.022	1
2015.386	1
2015.6	1
2016.057	1
2015.94	1
2016.052	1
2016.06	1
2015.893	1
2015.896	1
2015.937	1
2014.962	1
2014.962	1
2015.063	1
2015.318	1
2015.318	1
2014.055	1
2014.101	1
2014.107	1
2013.115	1
2013.104	1
2013.101	1
2013.104	1
2013.096	1
2013.093	1
2013.082	1
2013.047	1
2013.022	1
2013.148	1
2013.134	1
2013.121	1
2013.058	1
2013.14	1
2013.156	1
2013.142	1
2013.104	1
2013.14	1
2012.205	1
2013.036	1
2013.093	1
2012.169	1
2013.104	1
2013.112	1
2012.164	1
2013.132	1
2011.581	1
2011	1
2011.033	1
2011.126	1
2011.107	1
2011.181	1
2011.162	1
2010.942	1
2010.953	1
2010.951	1
2011.134	1
2010.956	1
2011.26	1
2011.164	1
2011.148	1
2011.082	1
2011.178	1
2011.238	1
2011.071	1
2011.915	1
2011.532	1
2010	1
2011	1
2011.09	1
2010.981	1
2010.973	1
2011.786	1
2011	1
2011	1
2011	1
2011.055	1
2011.055	1
2011.033	1
2011	1
2011	1
2011	1
2011.156	1
2010.912	1
2010.923	1
2010.901	1
2010.912	1
2010.115	1
2010.937	1
2010.975	1
2010.918	1
2010.696	1
2011.011	1
2011.14	1
2010.666	1
2010.668	1
2010.652	1
2010.666	1
2011	1
2011.529	1
2011.622	1
2012.396	1
2011.611	1
2011.644	1
2011.066	1
2011.197	1
2011.197	1
2010.956	1
2011.836	1
2011.778	1
2012.216	1
2011.795	1
2011.858	1
2011.496	1
2011.071	1
2011	1
2011.14	1
2011.123	1
2011	1
2011.145	1
2011.208	1
2011.14	1
2011.036	1
2011.036	1
2011.049	1
2011.126	1
2011.23	1
2011.162	1
2011.025	1
2011.43	1
2011.436	1
2011.49	1
2011.945	1
2012.085	1
2011.14	1
2011.129	1
2011.121	1
2011.06	1
2011.11	1
2011.044	1
2011.055	1
2011.049	1
2011.055	1
2011.126	1
2010.934	1
2011.085	1
2014.825	1
2014.049	1
2016.131	1
2015.164	1
2015.164	1
2015.732	1
2015.89	1
2015.356	1
2015.863	1
2015.392	1
2015.63	1
2015.364	1
2016.792	1
2015.474	1
2015.474	1
2015.474	1
2015.923	1
2015.934	1
2015.868	1
2015.877	1
2015.97	1
2016.402	1
2016.027	1
2015.995	1
2016.03	1
2016.055	1
2016.036	1
2020.123	1
2016.281	1
2016.243	1
2016.295	1
2016.268	1
2016.262	1
2016.85	1
2016.85	1
2016.795	1
2016.639	1
2016.795	1
2016.792	1
2017.559	1
2017.562	1
2016.607	1
2016.563	1
2016.639	1
2016.814	1
2016.814	1
2016.792	1
2016.814	1
2016.795	1
2016.506	1
2016.251	1
2016.547	1
2016.525	1
2015.781	1
2015.803	1
2015.742	1
2015.781	1
2015.723	1
2015.723	1
2016.087	1
2017.904	1
2018.312	1
2017.912	1
2017.871	1
2017.874	1
2017.912	1
2017.896	1
2017.973	1
2017.929	1
2017.973	1
2017.296	1
2017.896	1
2017.896	1
2017.293	1
2017.241	1
2017.299	1
2017.299	1
2017.271	1
2017.293	1
2017.266	1
2017.929	1
2017.91	1
2017.926	1
2016.227	1
2016.254	1
2016.309	1
2015.871	1
2015.822	1
2015.899	1
2015.896	1
2015.827	1
2015.912	1
2015.827	1
2016.303	1
2015.904	1
2015.912	1
2015.912	1
2016.393	1
2016.393	1
2016.355	1
2016.306	1
2017.318	1
2017.567	1
2015.688	1
2015.688	1
2015.688	1
2015.688	1
2015.688	1
2015.86	1
2015.671	1
2015.778	1
2015.778	1
2015.608	1
2015.742	1
2015.189	1
2015.189	1
2015.836	1
2015.86	1
2016.279	1
2016.265	1
2016.301	1
2016.265	1
2016.265	1
2016.265	1
2015.8	1
2015.474	1
2015.471	1
2015.721	1
2015.608	1
2015.252	1
2015.611	1
2015.838	1
2015.882	1
2015.997	1
2015.551	1
2015.836	1
2015.586	1
2016.128	1
2015.537	1
2015.592	1
2015.63	1
2015.899	1
2015.671	1
2015.888	1
2015.088	1
2015.088	1
2015.192	1
2015.263	1
2015.764	1
2015.94	1
2015.94	1
2016.276	1
2015.838	1
2015.841	1
2015.838	1
2015.863	1
2015.8	1
2015.784	1
2015.863	1
2015.8	1
2015.797	1
2015.786	1
2015.784	1
2016.139	1
2015.156	1
2015.151	1
2015.285	1
2015.285	1
2015.855	1
2015.855	1
2015.964	1
2015.967	1
2016.661	1
2015.074	1
2015.074	1
2015.279	1
2015.279	1
2015.197	1
2015.205	1
2015.712	1
2015.548	1
2015.318	1
2015.09	1
2015.09	1
2015.118	1
2015.145	1
2015.249	1
2015.093	1
2015.266	1
2015.156	1
2015.156	1
2015.786	1
2015.54	1
2015.54	1
2015.951	1
2016.066	1
2016.407	1
2015.364	1
2015.668	1
2015.592	1
2015.627	1
2015.57	1
2015.605	1
2016.003	1
2015.841	1
2015.964	1
2015.921	1
2015.071	1
2015.071	1
2015.071	1
2015.677	1
2015.433	1
2015.299	1
2015.479	1
2015.605	1
2015.205	1
2015.074	1
2015.074	1
2015.074	1
2015.811	1
2015.811	1
2015.816	1
2015.847	1
2015.847	1
2015.816	1
2015.847	1
2015.844	1
2015.844	1
2015.844	1
2015.753	1
2015.29	1
2015.356	1
2015.373	1
2015.373	1
2015.342	1
2015.647	1
2015.647	1
2015.595	1
2015.595	1
2015.345	1
2015.359	1
2015.345	1
2015.364	1
2015.345	1
2015.345	1
2015.129	1
2015.129	1
2015.682	1
2015.608	1
2015.359	1
2015.367	1
2015.395	1
2015.411	1
2015.337	1
2015.671	1
2015.378	1
2015.378	1
2015.378	1
2015.378	1
2015.293	1
2015.34	1
2015.203	1
2015.203	1
2015.592	1
2015.592	1
2015.792	1
2015.362	1
2015.362	1
2015.356	1
2015.099	1
2015.241	1
2015.241	1
2015.074	1
2015.342	1
2015.729	1
2015.17	1
2015.17	1
2015.222	1
2015.09	1
2015.592	1
2015.362	1
2015.359	1
2015.362	1
2015.362	1
2015.389	1
2015.638	1
2015.638	1
2015.337	1
2015.337	1
2015.625	1
2015.625	1
2016	1
2015.797	1
2015.849	1
2015.756	1
2015.756	1
2015.882	1
2015.784	1
2015.6	1
2015.452	1
2015.323	1
2016.036	1
2015.288	1
2015.329	1
2016.046	1
2016.295	1
2015.633	1
2015.696	1
2015.696	1
2015.43	1
2015.43	1
2015.69	1
2015.69	1
2015.197	1
2015.216	1
2015.227	1
2015.222	1
2015.227	1
2015.036	1
2015.173	1
2015.085	1
2015.085	1
2015.085	1
2015.608	1
2015.162	1
2015.162	1
2015.701	1
2015.899	1
2016.358	1
2016.085	1
2015.688	1
2016.09	1
2015.959	1
2015.956	1
2015.885	1
2015.885	1
2015.688	1
2015.688	1
2015.715	1
2015.71	1
2015.699	1
2015.71	1
2015.699	1
2015.715	1
2015.707	1
2015.729	1
2015.688	1
2015.688	1
2015.732	1
2015.732	1
2015.732	1
2015.732	1
2016.139	1
2015.688	1
2015.652	1
2016.082	1
2016.066	1
2015.699	1
2015.699	1
2015.962	1
2015.962	1
2016.025	1
2016.161	1
2016.093	1
2016.161	1
2016.093	1
2016.161	1
2015.699	1
2015.699	1
2015.729	1
2015.729	1
2016.205	1
2017.249	1
2017.225	1
2016.221	1
2015.592	1
2015.082	1
2015.208	1
2015.17	1
2015.09	1
2016.145	1
2015.195	1
2016.145	1
2015.729	1
2016.126	1
2016.303	1
2016.008	1
2016.008	1
2016.109	1
2016.016	1
2016.495	1
2016.525	1
2016.418	1
2016.467	1
2016.12	1
2016.298	1
2016.186	1
2016.087	1
2016.219	1
2016.186	1
2017.332	1
2017.334	1
2017.337	1
2016.32	1
2016.434	1
2016.219	1
2016.153	1
2016.101	1
2016.413	1
2016.432	1
2016.205	1
2016.415	1
2016.123	1
2016.112	1
2015.937	1
2015.956	1
2015.951	1
2016.03	1
2016.068	1
2016.322	1
2016.265	1
2016.276	1
2016.208	1
2015.973	1
2015.732	1
2016.107	1
2015.885	1
2016.008	1
2015.915	1
2016.249	1
2015.849	1
2016.227	1
2016.09	1
2016.202	1
2016.052	1
2015.918	1
2015.995	1
2016.123	1
2016.066	1
2016.117	1
2016.309	1
2016.142	1
2016.134	1
2016.276	1
2015.975	1
2016.036	1
2016.071	1
2016.23	1
2016.066	1
2016.049	1
2016.109	1
2016.109	1
2016.161	1
2016.12	1
2016.172	1
2016.344	1
2016.29	1
2016.317	1
2016.189	1
2016.219	1
2016.142	1
2016.153	1
2016.164	1
2016.175	1
2016.254	1
2016.314	1
2016.301	1
2016.284	1
2016.227	1
2016.301	1
2016.049	1
2015.871	1
2016.093	1
2016.101	1
2016.15	1
2016.082	1
2016.227	1
2015.953	1
2016.022	1
2016.093	1
2016.262	1
2016.325	1
2016.391	1
2016.391	1
2016.372	1
2016.391	1
2017.044	1
2017.047	1
2016.391	1
2015	1
2015.86	1
2015	1
2016.025	1
2017.868	1
2017.721	1
2016.279	1
2016.087	1
2016.339	1
2016.47	1
2016.161	1
2016.142	1
2016.257	1
2016.257	1
2016.186	1
2016.317	1
2016.328	1
2016.019	1
2016.019	1
2016.087	1
2016.107	1
2016.268	1
2016.295	1
2016.24	1
2016.257	1
2016.363	1
2016.377	1
2016.355	1
2016.333	1
2016.199	1
2016.183	1
2016.71	1
2016.598	1
2016.694	1
2016.642	1
2016.527	1
2016.716	1
2017.132	1
2016.784	1
2016.817	1
2016.787	1
2017.003	1
2017.156	1
2017.107	1
2017.249	1
2017.132	1
2017.008	1
2017.329	1
2016.066	1
2016.046	1
2015.97	1
2016.052	1
2016.205	1
2016.142	1
2015.986	1
2015.978	1
2016.085	1
2016.049	1
2016.033	1
2016.074	1
2016.164	1
2016.052	1
2016.052	1
2016.093	1
2016.014	1
2016.06	1
2015.94	1
2015.921	1
2016.068	1
2016.131	1
2016.107	1
2016.216	1
2015.932	1
2015.94	1
2016.148	1
2016.128	1
2016.191	1
2016.066	1
2016.109	1
2017.389	1
2016.511	1
2016.257	1
2017.425	1
2016.057	1
2016.593	1
2016.593	1
2016.172	1
2017.425	1
2017.041	1
2017.082	1
2017.052	1
2017.047	1
2017.052	1
2017.011	1
2017.022	1
2017.06	1
2017.025	1
2017.126	1
2017.041	1
2017.126	1
2017.068	1
2017.063	1
2017.027	1
2016.984	1
2016.986	1
2016.986	1
2017.049	1
2017.079	1
2017.079	1
2016.973	1
2017.107	1
2017.071	1
2017.011	1
2017.123	1
2017.041	1
2017.112	1
2017.03	1
2017.038	1
2017.071	1
2017.027	1
2017.126	1
2017.038	1
2017.126	1
2017.099	1
2017.09	1
2017.082	1
2017.082	1
2017.082	1
2017.03	1
2017.156	1
2017.137	1
2017.137	1
2017.027	1
2017.241	1
2017.241	1
2017.016	1
2017.112	1
2017.079	1
2017.192	1
2017.063	1
2017.06	1
2016.989	1
2017.129	1
2016.91	1
2016.951	1
2016.929	1
2016.964	1
2016.959	1
2016.975	1
2016.984	1
2016.984	1
2016.967	1
2017.008	1
2016.967	1
2017.008	1
2017.019	1
2017.008	1
2017.044	1
2017.019	1
2016.967	1
2017.052	1
2017.077	1
2017.126	1
2017.047	1
2017.022	1
2017.123	1
2017.085	1
2017.123	1
2017.104	1
2017.079	1
2017.063	1
2017.027	1
2017.025	1
2016.986	1
2017.005	1
2017.205	1
2017.247	1
2016.91	1
2016.964	1
2016.951	1
2016.959	1
2017.156	1
2017.26	1
2017.038	1
2017.085	1
2017.011	1
2017.066	1
2017.148	1
2017.238	1
2017.238	1
2017.247	1
2017.238	1
2017.542	1
2017.332	1
2017.326	1
2017.296	1
2017.663	1
2017.693	1
2017.559	1
2017.545	1
2017.578	1
2017.658	1
2017.51	1
2017.693	1
2017.428	1
2017.644	1
2017.296	1
2017.008	1
2017.008	1
2017.178	1
2017.148	1
2017.11	1
2017.107	1
2017.085	1
2017.255	1
2017.03	1
2017.252	1
2017.159	1
2017.26	1
2017.189	1
2017.29	1
2017.241	1
2017.074	1
2017.145	1
2017.129	1
2017.129	1
2017.104	1
2017.115	1
2017.132	1
2017.107	1
2017.041	1
2016.306	1
2017.411	1
2016.238	1
2016.978	1
2016.978	1
2017.315	1
2017.315	1
2017.085	1
2017.351	1
2016.093	1
2016.055	1
2016.071	1
2016.172	1
2018.101	1
2016.62	1
2016.331	1
2016.317	1
2016.26	1
2016.074	1
2016.325	1
2016.317	1
2015.964	1
2016.18	1
2016.243	1
2016.15	1
2016.15	1
2016.158	1
2016.175	1
2016.175	1
2016.158	1
2016.161	1
2016.156	1
2016.161	1
2016.158	1
2016.161	1
2016.161	1
2016.158	1
2016.145	1
2016.158	1
2016.156	1
2016.115	1
2016.115	1
2016.145	1
2016.153	1
2016.27	1
2016.191	1
2016.191	1
2016.12	1
2016.12	1
2016.249	1
2016.249	1
2016.243	1
2016.096	1
2016.066	1
2016.754	1
2016.781	1
2016.781	1
2016.85	1
2016.79	1
2016.85	1
2016.784	1
2016.784	1
2016.784	1
2016.79	1
2016.792	1
2016.792	1
2016.954	1
2017.027	1
2016.981	1
2016.981	1
2017.047	1
2016.984	1
2016.984	1
2016.948	1
2017.132	1
2017.044	1
2016.948	1
2017.132	1
2016.735	1
2016.984	1
2016.833	1
2016.833	1
2016.467	1
2016.164	1
2016.123	1
2016.126	1
2016.123	1
2016.115	1
2016.137	1
2016.158	1
2016.735	1
2016.762	1
2016.284	1
2016.989	1
2016.221	1
2016.24	1
2016.243	1
2016.306	1
2016.186	1
2016.18	1
2016.18	1
2016.175	1
2016.071	1
2016.077	1
2016.156	1
2016.156	1
2016.131	1
2016.224	1
2016.096	1
2016.107	1
2016.077	1
2016.208	1
2016.833	1
2016.833	1
2016.191	1
2016.262	1
2016.18	1
2016.18	1
2016.473	1
2016.352	1
2016.131	1
2016.191	1
2016.186	1
2016.18	1
2016.109	1
2016.175	1
2016.314	1
2016.276	1
2016.055	1
2016.055	1
2016.052	1
2016.15	1
2016.503	1
2016.251	1
2016.281	1
2016.262	1
2016.148	1
2016.202	1
2016.344	1
2016.298	1
2016.164	1
2016.301	1
2016.322	1
2016.287	1
2016.549	1
2016.426	1
2017.008	1
2016.09	1
2016.161	1
2016.156	1
2016.134	1
2016.134	1
2016.172	1
2016.38	1
2016.191	1
2016.336	1
2016.21	1
2016.126	1
2016.09	1
2015.997	1
2016.09	1
2016.093	1
2016.153	1
2016.314	1
2016.15	1
2016.178	1
2017.036	1
2016.189	1
2016.183	1
2016.746	1
2016.746	1
2016.76	1
2016.738	1
2016.76	1
2016.76	1
2016.76	1
2016.046	1
2016.085	1
2016.085	1
2016.32	1
2015.929	1
2016.027	1
2016.145	1
2016.123	1
2016.098	1
2016.03	1
2016.066	1
2016.03	1
2016.128	1
2016.145	1
2016.15	1
2016.145	1
2016.158	1
2015.956	1
2016.123	1
2016.107	1
2016.104	1
2016.09	1
2016.09	1
2016.077	1
2016.066	1
2016.109	1
2016.175	1
2016.202	1
2016.26	1
2016.227	1
2016.328	1
2016.295	1
2016.189	1
2016.32	1
2016.475	1
2016.183	1
2016.202	1
2016.456	1
2016.484	1
2016.279	1
2016.227	1
2016.208	1
2016.21	1
2016.175	1
2016.169	1
2016.164	1
2016.057	1
2016.057	1
2016.074	1
2016.363	1
2016.333	1
2016.372	1
2016.12	1
2016.369	1
2016.281	1
2016.418	1
2016.361	1
2016.284	1
2016.336	1
2016.429	1
2016.393	1
2016.281	1
2016.44	1
2016.287	1
2016.295	1
2016.268	1
2016.164	1
2016.481	1
2016.363	1
2016.358	1
2016.464	1
2016.421	1
2016.257	1
2016.27	1
2016.262	1
2016.153	1
2016.27	1
2016.205	1
2016.221	1
2016.221	1
2016.085	1
2016.251	1
2016.202	1
2016.169	1
2016.24	1
2016.355	1
2016.306	1
2016.016	1
2015.942	1
2016.057	1
2016.148	1
2016.104	1
2016.128	1
2016.221	1
2016.251	1
2017.148	1
2017.148	1
2016.249	1
2016.284	1
2016.246	1
2016.309	1
2016.29	1
2016.336	1
2016.26	1
2016.257	1
2016.257	1
2016.128	1
2016.418	1
2016.325	1
2016.331	1
2016.087	1
2016.189	1
2016.18	1
2016.219	1
2016.658	1
2016.656	1
2016.656	1
2016.303	1
2016.339	1
2016.066	1
2016.189	1
2016.077	1
2015.951	1
2016.15	1
2015.989	1
2015.863	1
2016.071	1
2016.26	1
2016.53	1
2016.194	1
2016.194	1
2016.208	1
2016.145	1
2016.18	1
2015.959	1
2016.189	1
2016.262	1
2016.322	1
2016.268	1
2016.369	1
2016.148	1
2016.126	1
2015.951	1
2016.03	1
2016.003	1
2016.022	1
2016.085	1
2016.03	1
2016.109	1
2016.049	1
2016.008	1
2015.759	1
2016.085	1
2015.973	1
2016.112	1
2016.049	1
2015.759	1
2016.221	1
2016.208	1
2016.112	1
2016.112	1
2016.18	1
2016.126	1
2016.085	1
2016.131	1
2016.131	1
2016.117	1
2016.221	1
2016.115	1
2016.085	1
2016.104	1
2016.112	1
2016.112	1
2016.005	1
2016.049	1
2016.208	1
2016.276	1
2016.178	1
2016.033	1
2016.131	1
2015.811	1
2015.797	1
2015.833	1
2016.019	1
2016.153	1
2017.351	1
2016.019	1
2016.079	1
2016.268	1
2016.041	1
2016.107	1
2016.016	1
2015.986	1
2016.131	1
2016.251	1
2016.249	1
2016.249	1
2016.284	1
2016.158	1
2015.907	1
2015.912	1
2015.912	1
2015.978	1
2016.068	1
2016.109	1
2016.145	1
2016.21	1
2016.169	1
2016.292	1
2016.262	1
2016.251	1
2015.882	1
2016.112	1
2016.112	1
2015.893	1
2015.885	1
2015.896	1
2015.866	1
2015.871	1
2015.893	1
2016.112	1
2016.112	1
2016.112	1
2016.112	1
2016.112	1
2015.896	1
2015.989	1
2015.975	1
2016.041	1
2016.066	1
2016.145	1
2016.096	1
2016.303	1
2015.951	1
2016.186	1
2016.115	1
2016.295	1
2016.071	1
2016.178	1
2016.238	1
2015.863	1
2015.915	1
2016.295	1
2015.959	1
2016.186	1
2016.276	1
2016.224	1
2016.202	1
2015.852	1
2016.027	1
2016.027	1
2016.066	1
2016.202	1
2016.096	1
2016.052	1
2016.137	1
2016.377	1
2016.167	1
2016.53	1
2016.046	1
2016.036	1
2016.066	1
2016.079	1
2016.03	1
2016.016	1
2016.246	1
2015.97	1
2015.992	1
2016.317	1
2016.18	1
2015.74	1
2016.145	1
2016.134	1
2015.975	1
2016.158	1
2015.97	1
2015.97	1
2016.142	1
2016.016	1
2015.778	1
2015.778	1
2015.97	1
2016.068	1
2015.778	1
2015.778	1
2016.399	1
2016.399	1
2016.036	1
2016.055	1
2016.033	1
2016.437	1
2016.265	1
2016.279	1
2016.404	1
2016.475	1
2016.344	1
2016.164	1
2016.046	1
2016.066	1
2016.719	1
2016.719	1
2016.473	1
2015.997	1
2016.295	1
2016.399	1
2016.221	1
2016.098	1
2016.429	1
2016.443	1
2016.325	1
2016.008	1
2016.008	1
2017.644	1
2017.605	1
2016.134	1
2016.005	1
2016.038	1
2015.992	1
2015.992	1
2016.071	1
2016.052	1
2015.981	1
2016.934	1
2016.907	1
2016.94	1
2016.959	1
2016.959	1
2016.954	1
2016.954	1
2017.003	1
2016.929	1
2016.773	1
2016.754	1
2016.639	1
2018.548	1
2017.099	1
2017.4	1
2016.951	1
2016.951	1
2016.951	1
2016.951	1
2016.893	1
2016.858	1
2016.861	1
2016.872	1
2016.066	1
2016.205	1
2016.041	1
2016.011	1
2016.027	1
2015.849	1
2016.055	1
2016.183	1
2016.016	1
2016.115	1
2016.15	1
2016.186	1
2016.251	1
2016.011	1
2016.186	1
2015.975	1
2016.208	1
2016.066	1
2015.956	1
2017.354	1
2016.011	1
2016.011	1
2016.251	1
2016.227	1
2016.074	1
2015.981	1
2016.279	1
2016.09	1
2016.257	1
2016.183	1
2016.268	1
2016.087	1
2016.161	1
2015.852	1
2016.224	1
2015.852	1
2015.959	1
2016.019	1
2016.199	1
2016.224	1
2016.027	1
2015.995	1
2015.995	1
2016.107	1
2016.148	1
2016.221	1
2016.148	1
2016.104	1
2016.134	1
2016.134	1
2016.134	1
2016.221	1
2016.191	1
2016.175	1
2016.093	1
2016.126	1
2016.667	1
2015.8	1
2016.049	1
2015.962	1
2016.011	1
2016.082	1
2016.025	1
2016.052	1
2016.167	1
2016.363	1
2016.363	1
2016.104	1
2016.057	1
2016.09	1
2016.295	1
2016.15	1
2016.284	1
2016.295	1
2016.066	1
2016.068	1
2016.148	1
2016.325	1
2016.046	1
2016.148	1
2016.243	1
2016.164	1
2015.962	1
2016.213	1
2016.098	1
2016.142	1
2016.085	1
2016.164	1
2016.167	1
2016.068	1
2016.352	1
2016.257	1
2016.186	1
2016.246	1
2016.257	1
2016.153	1
2016.23	1
2016.26	1
2016.32	1
2016.32	1
2016.052	1
2016.161	1
2016.26	1
2016.284	1
2016.336	1
2016.265	1
2016.322	1
2016.243	1
2016.243	1
2016.057	1
2016.066	1
2016.224	1
2016.104	1
2016.077	1
2015.929	1
2016.06	1
2016.399	1
2016.546	1
2016.238	1
2016.418	1
2016.418	1
2016.257	1
2016.333	1
2016.448	1
2016.437	1
2016.374	1
2016.475	1
2016.251	1
2016.303	1
2016.306	1
2016.336	1
2016.303	1
2016.314	1
2016.153	1
2016.328	1
2016.249	1
2016.314	1
2016.273	1
2016.311	1
2016.24	1
2016.268	1
2016.325	1
2016.429	1
2016.396	1
2016.046	1
2016.432	1
2016.314	1
2016.221	1
2016.361	1
2016.339	1
2016.303	1
2016.235	1
2016.265	1
2016.257	1
2016.317	1
2016.257	1
2016.325	1
2016.268	1
2016.276	1
2016	1
2016	1
2016.333	1
2016.325	1
2016.325	1
2016.295	1
2016.29	1
2016.377	1
2016.377	1
2016.164	1
2016.333	1
2016.489	1
2017.373	1
2017.373	1
2015.989	1
2015.989	1
2016.317	1
2016.123	1
2016.128	1
2016.219	1
2016.249	1
2016.276	1
2016.145	1
2016.254	1
2016.322	1
2016.53	1
2016.421	1
2016.418	1
2016.377	1
2016.134	1
2015.855	1
2016.085	1
2016.115	1
2016.314	1
2016.164	1
2016.716	1
2016.716	1
2016.757	1
2016.743	1
2016.708	1
2016.828	1
2015.932	1
2015.937	1
2015.956	1
2016.066	1
2016.041	1
2016.066	1
2016.041	1
2016.09	1
2016.049	1
2016.142	1
2016.23	1
2016.049	1
2016.055	1
2016.142	1
2016.142	1
2016.142	1
2016.265	1
2015.893	1
2015.836	1
2015.855	1
2016.967	1
2016.224	1
2016.005	1
2016.415	1
2015.942	1
2016.314	1
2016.552	1
2016.719	1
2016.429	1
2016.639	1
2016.639	1
2016.56	1
2016.473	1
2016.473	1
2016.47	1
2016.691	1
2016.71	1
2016.691	1
2016.697	1
2016.383	1
2017.06	1
2016.664	1
2016.664	1
2016.738	1
2016.981	1
2016.981	1
2016.678	1
2017.263	1
2017.255	1
2017.041	1
2017.17	1
2016.91	1
2016.91	1
2016.76	1
2016.773	1
2016.773	1
2016.776	1
2016.776	1
2017.052	1
2017.115	1
2017.099	1
2017.052	1
2017.115	1
2017.099	1
2017.115	1
2016.907	1
2016.907	1
2016.907	1
2016.839	1
2016.858	1
2016.858	1
2016.792	1
2016.792	1
2016.77	1
2017.085	1
2016.888	1
2016.869	1
2016.817	1
2016.817	1
2016.814	1
2016.809	1
2016.855	1
2016.825	1
2016.814	1
2016.809	1
2017.027	1
2016.904	1
2017.022	1
2016.997	1
2017.044	1
2016.997	1
2016.929	1
2017.134	1
2017.096	1
2016.76	1
2016.76	1
2016.773	1
2016.77	1
2016.76	1
2016.76	1
2016.77	1
2016.773	1
2016.76	1
2016.959	1
2016.959	1
2016.959	1
2017.203	1
2017.093	1
2017.162	1
2017.162	1
2017.118	1
2017.167	1
2017.356	1
2017.175	1
2017.162	1
2017.175	1
2017.203	1
2017.164	1
2017.181	1
2017.175	1
2017.164	1
2017.274	1
2016.981	1
2017.414	1
2017.373	1
2017.06	1
2016.975	1
2017.244	1
2016.907	1
2016.907	1
2016.986	1
2017.132	1
2017.148	1
2017.258	1
2017.016	1
2016.992	1
2016.956	1
2016.932	1
2016.962	1
2016.883	1
2016.97	1
2017.137	1
2017.101	1
2017.071	1
2017.219	1
2017.008	1
2017.008	1
2017.101	1
2017.047	1
2017.047	1
2017.016	1
2017.164	1
2017.047	1
2017.071	1
2017.123	1
2017.266	1
2017.258	1
2017.214	1
2017.003	1
2017.003	1
2017.003	1
2017.003	1
2017.025	1
2017.307	1
2017.299	1
2017.299	1
2017.23	1
2017.112	1
2017.148	1
2017.197	1
2016.975	1
2017.047	1
2017.104	1
2016.888	1
2016.888	1
2017.099	1
2017.099	1
2016.986	1
2016.986	1
2017.178	1
2017.178	1
2017.17	1
2017.208	1
2017.225	1
2017.195	1
2017.222	1
2017.181	1
2017.222	1
2017.222	1
2017.214	1
2017.214	1
2017.238	1
2017.142	1
2017.178	1
2017.222	1
2017.016	1
2017.016	1
2016.631	1
2016.926	1
2016.937	1
2016.948	1
2017.027	1
2017.005	1
2017.008	1
2017.06	1
2017.041	1
2017.121	1
2017.107	1
2017.148	1
2017.107	1
2017.104	1
2017.153	1
2017.153	1
2017.153	1
2016.948	1
2016.926	1
2017.178	1
2017.236	1
2017.118	1
2017.107	1
2017.107	1
2017.304	1
2017.055	1
2016.855	1
2016.817	1
2016.817	1
2017.011	1
2017.071	1
2016.79	1
2016.757	1
2016.97	1
2017.088	1
2017.082	1
2017.14	1
2017.14	1
2016.768	1
2017.414	1
2017.079	1
2016.369	1
2016.571	1
2016.708	1
2016.708	1
2016.298	1
2017.156	1
2016.566	1
2017.016	1
2016.989	1
2017	1
2017.068	1
2017.077	1
2017.06	1
2017.088	1
2017.085	1
2017.178	1
2017.014	1
2017.219	1
2016.978	1
2016.978	1
2017.055	1
2017.041	1
2017.151	1
2017.164	1
2017.156	1
2017.211	1
2016.986	1
2017.107	1
2017.096	1
2017.082	1
2016.992	1
2016.992	1
2017.107	1
2017.096	1
2017.096	1
2017.107	1
2017.258	1
2016.992	1
2017.11	1
2017.044	1
2017.142	1
2016.344	1
2016.415	1
2016.429	1
2016.358	1
2016.577	1
2016.344	1
2016.148	1
2016.358	1
2016.505	1
2016.279	1
2016.268	1
2016.311	1
2016.415	1
2016.314	1
2016.23	1
2016.366	1
2016.413	1
2016.497	1
2016.445	1
2016.563	1
2016	1
2016	1
2016.262	1
2017.233	1
2016.23	1
2016.587	1
2016.587	1
2016.336	1
2016.631	1
2016.74	1
2016.74	1
2016.44	1
2016.639	1
2016.055	1
2016.287	1
2016.169	1
2016.18	1
2016.227	1
2016.096	1
2016.082	1
2016.303	1
2016.134	1
2016.26	1
2016.057	1
2015.951	1
2015.767	1
2016.295	1
2016.112	1
2016.112	1
2016.169	1
2016.169	1
2016.169	1
2016.169	1
2016.284	1
2016.085	1
2016.104	1
2016.221	1
2016.199	1
2016.24	1
2016.172	1
2016.167	1
2016.339	1
2016.429	1
2016.511	1
2016.546	1
2016.546	1
2016.486	1
2016.945	1
2016.945	1
2016.749	1
2017.055	1
2016.869	1
2016.869	1
2016.743	1
2017.137	1
2016.831	1
2016.869	1
2016.557	1
2016.317	1
2016.301	1
2017.384	1
2015.937	1
2015.937	1
2015	1
2016.126	1
2016.074	1
2016.074	1
2016.074	1
2016.085	1
2016.09	1
2016.087	1
2016.09	1
2016.087	1
2016.082	1
2016.18	1
2016.128	1
2016.219	1
2016.279	1
2016.279	1
2018.249	1
2016.186	1
2016.096	1
2015.973	1
2016.109	1
2016.046	1
2016.074	1
2016.074	1
2016.238	1
2015.959	1
2015.978	1
2015.978	1
2015.992	1
2016.139	1
2016.03	1
2015.932	1
2015.951	1
2016.03	1
2016.036	1
2016.057	1
2016.202	1
2016.057	1
2016.008	1
2016.036	1
2016.036	1
2016.036	1
2016.197	1
2017.877	1
2017.885	1
2016.183	1
2016.391	1
2020.033	1
2016.036	1
2016.21	1
2016.443	1
2015.986	1
2016.142	1
2016.142	1
2016.219	1
2016.066	1
2016.019	1
2015.995	1
2015.94	1
2016.036	1
2016.142	1
2016.082	1
2016.09	1
2015.992	1
2016.06	1
2016.074	1
2016.331	1
2016.115	1
2016.314	1
2016.366	1
2016.055	1
2016.071	1
2016.071	1
2016.109	1
2016.164	1
2016.164	1
2016.189	1
2016.202	1
2016.257	1
2016.708	1
2016.708	1
2016.787	1
2016.787	1
2016.683	1
2016.683	1
2016.833	1
2016.831	1
2016.831	1
2017.082	1
2017.164	1
2016.833	1
2016.929	1
2016.929	1
2016.929	1
2017.025	1
2017.274	1
2016.366	1
2016.366	1
2016.057	1
2016.563	1
2016.563	1
2016.505	1
2016.773	1
2016.372	1
2015.953	1
2015.937	1
2016.161	1
2016.527	1
2016.527	1
2016.298	1
2016.546	1
2016.514	1
2016.527	1
2016.754	1
2016.705	1
2016.257	1
2016.374	1
2016.525	1
2016.418	1
2015.97	1
2015.995	1
2016.063	1
2016.126	1
2016.126	1
2016.552	1
2016.205	1
2016.21	1
2016.224	1
2016.432	1
2017.701	1
2017.523	1
2016.238	1
2016.276	1
2016.276	1
2016.432	1
2016.227	1
2016.227	1
2016.101	1
2016.148	1
2016.085	1
2016.276	1
2016.301	1
2016.443	1
2016.626	1
2016.593	1
2016.593	1
2016.402	1
2016.536	1
2016.563	1
2016.587	1
2016.508	1
2016.525	1
2016.478	1
2016.53	1
2016.251	1
2016.251	1
2016.478	1
2016.478	1
2016.604	1
2016.604	1
2016.593	1
2016.85	1
2017.041	1
2016.508	1
2016.508	1
2016.158	1
2016.238	1
2016.563	1
2016.563	1
2016.847	1
2016.497	1
2016.544	1
2016.776	1
2016.508	1
2016.508	1
2016.536	1
2017.263	1
2017.444	1
2017.384	1
2017.471	1
2017.655	1
2017.627	1
2017.31	1
2017.545	1
2017.343	1
2017.31	1
2017.548	1
2017.537	1
2017.011	1
2017.134	1
2017.249	1
2017.022	1
2017.096	1
2017.156	1
2017.156	1
2017.622	1
2017.542	1
2017.332	1
2017.332	1
2017.31	1
2017.351	1
2017.351	1
2017.296	1
2017.299	1
2017.373	1
2017.337	1
2017.299	1
2017.299	1
2017.293	1
2017.392	1
2017.356	1
2017.348	1
2017.318	1
2017.318	1
2017.315	1
2017.348	1
2017.334	1
2017.315	1
2017.312	1
2017.452	1
2017.367	1
2017.425	1
2017.811	1
2017.332	1
2017.299	1
2017.005	1
2017.608	1
2017.348	1
2017.175	1
2017.271	1
2017.318	1
2017.34	1
2017.836	1
2017.822	1
2017.847	1
2017.945	1
2017.836	1
2017.789	1
2017.827	1
2017.808	1
2017.819	1
2018.104	1
2017.34	1
2017.403	1
2017.83	1
2017.808	1
2017.501	1
2017.433	1
2017.43	1
2017.353	1
2017.345	1
2017.597	1
2017.31	1
2017.622	1
2017.301	1
2017.271	1
2017.753	1
2017.362	1
2017.362	1
2017.332	1
2017.348	1
2017.362	1
2017.403	1
2017.362	1
2017.348	1
2017.405	1
2017.4	1
2017.348	1
2017.332	1
2017.737	1
2017.403	1
2017.622	1
2017.318	1
2017.197	1
2017.271	1
2017.249	1
2017.301	1
2017.263	1
2017.795	1
2017.416	1
2017.26	1
2017.26	1
2017.26	1
2017.548	1
2017.786	1
2017.107	1
2017.126	1
2017.227	1
2017.249	1
2017.236	1
2017.23	1
2017.205	1
2017.06	1
2017.06	1
2017.244	1
2017.252	1
2017.025	1
2017.238	1
2017.249	1
2017.085	1
2017.208	1
2017.222	1
2017.047	1
2017.255	1
2017.162	1
2017.263	1
2017.079	1
2017.49	1
2017.389	1
2016.929	1
2016.929	1
2016.929	1
2017.356	1
2017.452	1
2017.315	1
2017.162	1
2016.88	1
2017.049	1
2017.003	1
2016.183	1
2016.268	1
2016.609	1
2016.683	1
2016.604	1
2016.604	1
2016.634	1
2016.238	1
2016.402	1
2016.374	1
2016.41	1
2016.456	1
2016.413	1
2015.978	1
2016.604	1
2016.325	1
2016.459	1
2016.27	1
2016.309	1
2016.779	1
2016.776	1
2016.475	1
2016.541	1
2016.478	1
2016.142	1
2016.142	1
2016.232	1
2016.317	1
2016.18	1
2016.262	1
2016.303	1
2017.142	1
2016.437	1
2016.298	1
2016.568	1
2016.301	1
2016.227	1
2016.415	1
2016.415	1
2016.169	1
2016.26	1
2016.355	1
2016.251	1
2016.281	1
2016.189	1
2016.306	1
2016.418	1
2016.402	1
2016.484	1
2016.128	1
2016.074	1
2016.284	1
2016.199	1
2016.306	1
2016.325	1
2016.451	1
2016.557	1
2016.38	1
2016.336	1
2016.169	1
2016.284	1
2016.497	1
2016.68	1
2016.347	1
2016.344	1
2016.383	1
2016.492	1
2016.546	1
2016.549	1
2016.62	1
2017.118	1
2017.118	1
2017.411	1
2016.363	1
2016	1
2017.063	1
2016.464	1
2016.607	1
2016.607	1
2016.505	1
2016.522	1
2016.546	1
2016.251	1
2017.397	1
2017.378	1
2016.109	1
2016.134	1
2016.087	1
2016.525	1
2016.333	1
2016.257	1
2016.516	1
2016.445	1
2016.423	1
2016.429	1
2016.317	1
2016.44	1
2016.415	1
2016.227	1
2016.019	1
2015.959	1
2016.008	1
2016.085	1
2016.374	1
2016.257	1
2016.134	1
2016.276	1
2016.262	1
2016.096	1
2016.156	1
2016.104	1
2016.087	1
2016.123	1
2015.951	1
2016.03	1
2015.973	1
2016.06	1
2016.077	1
2016.107	1
2015.967	1
2016.117	1
2015.992	1
2015.942	1
2016.014	1
2015.97	1
2015.953	1
2015.975	1
2016.104	1
2016.096	1
2015.973	1
2016.145	1
2016.219	1
2016.115	1
2016.093	1
2016.314	1
2016.325	1
2016.325	1
2016.055	1
2016.03	1
2016.03	1
2016.123	1
2016.055	1
2015.97	1
2015.973	1
2016.066	1
2015.986	1
2016.107	1
2017.241	1
2017.241	1
2016.049	1
2016.191	1
2015.964	1
2015.962	1
2015.962	1
2015.97	1
2015.962	1
2015.959	1
2015.956	1
2015.959	1
2015.953	1
2015.953	1
2015.951	1
2015.992	1
2015.992	1
2015.986	1
2015.989	1
2015.989	1
2016.066	1
2016.06	1
2016.115	1
2016.046	1
2016.063	1
2016.071	1
2016.104	1
2015.975	1
2016.066	1
2016.164	1
2016.24	1
2015.975	1
2016.104	1
2016.096	1
2015.967	1
2015.964	1
2015.959	1
2015.956	1
2015.964	1
2016.03	1
2015.956	1
2016.131	1
2016.057	1
2016.284	1
2016.26	1
2016.172	1
2016.156	1
2016.09	1
2016.26	1
2016.085	1
2016.363	1
2016.27	1
2016.199	1
2015.973	1
2015.964	1
2017.6	1
2017.893	1
2017.893	1
2018.214	1
2017.425	1
2018.192	1
2017.723	1
2017.605	1
2017.504	1
2017.578	1
2017.666	1
2018.233	1
2018.115	1
2018.367	1
2018.203	1
2017.581	1
2017.551	1
2017.904	1
2017.477	1
2017.715	1
2017.636	1
2017.737	1
2017.381	1
2017.619	1
2017.255	1
2017.255	1
2016.074	1
2016.172	1
2016.495	1
2016.658	1
2016.601	1
2016.601	1
2016.019	1
2016.104	1
2016.172	1
2016.238	1
2016.262	1
2016.273	1
2015.942	1
2016.052	1
2016.046	1
2016.057	1
2016.052	1
2015.951	1
2016.161	1
2016.093	1
2016.074	1
2016.071	1
2016.055	1
2016.18	1
2016.213	1
2016.158	1
2016.189	1
2016.066	1
2016.123	1
2016.123	1
2016.049	1
2016.09	1
2016.246	1
2016.153	1
2015.956	1
2016.199	1
2016.265	1
2016.172	1
2016.202	1
2015.901	1
2016.079	1
2016.079	1
2016.186	1
2016.055	1
2015.921	1
2015.926	1
2015.921	1
2015.923	1
2015.923	1
2016.087	1
2016.142	1
2016.18	1
2015.934	1
2016.09	1
2016.09	1
2015.986	1
2015.986	1
2015.951	1
2016.281	1
2016.202	1
2016.47	1
2016.41	1
2016.12	1
2016.183	1
2016.09	1
2016.175	1
2016.06	1
2016.011	1
2016.298	1
2016.24	1
2016.041	1
2016.041	1
2016.036	1
2016.246	1
2016.025	1
2015.973	1
2016.014	1
2016.249	1
2016.268	1
2016.107	1
2016.169	1
2016.145	1
2016.18	1
2016.303	1
2016.235	1
2016.208	1
2016.243	1
2016.142	1
2016.142	1
2016.153	1
2016.057	1
2016.219	1
2016.257	1
2016.161	1
2015.973	1
2016.158	1
2016.369	1
2016.011	1
2016.093	1
2016.093	1
2016.186	1
2015.975	1
2016.066	1
2015.978	1
2015.978	1
2016.022	1
2016.057	1
2016.213	1
2016.137	1
2016.137	1
2016.342	1
2016.314	1
2016.847	1
2016.238	1
2016.456	1
2016.781	1
2016.883	1
2017.074	1
2016.352	1
2016.178	1
2016.172	1
2016.145	1
2016.142	1
2016.172	1
2016.175	1
2016.27	1
2016.246	1
2016.393	1
2016.306	1
2016.131	1
2016.131	1
2016.219	1
2016.15	1
2016.123	1
2016.221	1
2016.404	1
2016.284	1
2016.281	1
2016.104	1
2016.587	1
2016.587	1
2016.128	1
2016.238	1
2016.276	1
2016.336	1
2016.049	1
2016.049	1
2015.959	1
2016.06	1
2016.213	1
2016.112	1
2016.06	1
2016.276	1
2016.107	1
2016.134	1
2016.052	1
2016.052	1
2016.09	1
2016.109	1
2016.09	1
2016.123	1
2016.328	1
2016.183	1
2016.216	1
2016.107	1
2016.139	1
2016.063	1
2016.011	1
2016.016	1
2015.951	1
2016.068	1
2016.068	1
2016.123	1
2016.052	1
2016.109	1
2016.137	1
2016.189	1
2016.189	1
2016.148	1
2016.18	1
2016.298	1
2016.183	1
2016.281	1
2016.303	1
2016.257	1
2016.273	1
2016.322	1
2016.32	1
2016.317	1
2016.303	1
2016.251	1
2017.315	1
2016.213	1
2016.295	1
2016.227	1
2016.115	1
2016.101	1
2016.306	1
2015.94	1
2015.94	1
2016.158	1
2016.139	1
2021.858	1
2016.221	1
2017.77	1
2017.677	1
2017.674	1
2016.546	1
2016.467	1
2016.254	1
2016.817	1
2016.811	1
2016.817	1
2016.811	1
2016.276	1
2016.257	1
2016.503	1
2016.429	1
2016.443	1
2016.148	1
2016.172	1
2016.24	1
2016.093	1
2016.112	1
2016.063	1
2016.036	1
2016.202	1
2016.227	1
2016.235	1
2016.186	1
2016.221	1
2016.276	1
2016.216	1
2016.21	1
2016.068	1
2015.992	1
2016.041	1
2015.992	1
2016.003	1
2016.027	1
2016.049	1
2016.158	1
2015.967	1
2016.011	1
2016.011	1
2016.219	1
2016.019	1
2016.298	1
2016.298	1
2016.298	1
2016.287	1
2015.937	1
2016.066	1
2015.992	1
2016.019	1
2016.169	1
2016.21	1
2016.497	1
2016.15	1
2016.145	1
2016.287	1
2016.052	1
2016.191	1
2016.063	1
2016.148	1
2016.186	1
2016.26	1
2016.049	1
2016.131	1
2016.131	1
2016.156	1
2016.128	1
2016.126	1
2016.085	1
2016.432	1
2016.123	1
2016.284	1
2016.342	1
2015.918	1
2015.932	1
2015.945	1
2016.019	1
2015.956	1
2015.97	1
2015.973	1
2015.932	1
2015.984	1
2015.984	1
2016.008	1
2015.989	1
2015.945	1
2016.033	1
2016.019	1
2016.03	1
2016.016	1
2016.066	1
2016.063	1
2016.06	1
2016.011	1
2016.033	1
2016.038	1
2016.074	1
2016.036	1
2016.016	1
2016.049	1
2015.948	1
2015.948	1
2016.093	1
2016.087	1
2016.087	1
2016.085	1
2016.085	1
2016.011	1
2015.995	1
2016.016	1
2016.011	1
2016.077	1
2016.055	1
2016.06	1
2016.03	1
2016.03	1
2016.066	1
2016.079	1
2016.079	1
2016.027	1
2016.068	1
2016.066	1
2016.038	1
2016.038	1
2016.036	1
2016.104	1
2016.011	1
2016.104	1
2016.06	1
2016.033	1
2016.15	1
2016.109	1
2016.071	1
2016.085	1
2016.104	1
2016.074	1
2016.071	1
2016.011	1
2016.049	1
2016.016	1
2016.06	1
2016.019	1
2016.071	1
2016.09	1
2016.137	1
2015.973	1
2016.12	1
2016.098	1
2016.087	1
2016.008	1
2016.09	1
2016.101	1
2016.15	1
2016.123	1
2016.145	1
2016.134	1
2016.109	1
2016.09	1
2015.995	1
2016.033	1
2016.142	1
2016.008	1
2016.027	1
2016.011	1
2016.139	1
2016.107	1
2016.066	1
2016.109	1
2016.161	1
2016.178	1
2016.169	1
2016.24	1
2016.232	1
2016.232	1
2016.186	1
2016.24	1
2016.186	1
2016.191	1
2016.191	1
2016.257	1
2016.169	1
2016.454	1
2016.399	1
2016.358	1
2016.284	1
2016.546	1
2016.281	1
2016.402	1
2016.292	1
2016.32	1
2016.131	1
2016.172	1
2016.096	1
2015.953	1
2016.117	1
2016.273	1
2015.995	1
2016.134	1
2016.117	1
2016.03	1
2016.038	1
2015.997	1
2016.096	1
2015.992	1
2016.178	1
2016.137	1
2016.027	1
2016.131	1
2016.046	1
2016.107	1
2016.765	1
2016.765	1
2016.697	1
2016.746	1
2016.743	1
2016.746	1
2016.743	1
2016.344	1
2016.333	1
2016.139	1
2016.112	1
2016.186	1
2015.932	1
2016.279	1
2016.279	1
2016.175	1
2016.145	1
2016.123	1
2016.172	1
2016.172	1
2016.205	1
2016.158	1
2016.243	1
2016.128	1
2016.049	1
2016.049	1
2015.973	1
2016.361	1
2016.41	1
2016.432	1
2016.432	1
2016.432	1
2016.432	1
2016.432	1
2016.432	1
2016.186	1
2016.074	1
2016.186	1
2016.153	1
2016.153	1
2016.169	1
2016.219	1
2016.301	1
2015.975	1
2015.978	1
2015.973	1
2015.97	1
2015.978	1
2015.973	1
2015.97	1
2015.986	1
2016.208	1
2016.795	1
2016.795	1
2016.541	1
2016.85	1
2016.877	1
2016.85	1
2016.877	1
2017.022	1
2017.055	1
2017.055	1
2016.697	1
2016.607	1
2016.609	1
2017.047	1
2016.738	1
2016.738	1
2017.06	1
2017.079	1
2017.041	1
2017.079	1
2017.085	1
2017.082	1
2017.082	1
2016.205	1
2017.11	1
2017.238	1
2017.238	1
2016.489	1
2016.571	1
2016.568	1
2016.902	1
2016.932	1
2016.199	1
2016.306	1
2016.183	1
2016.172	1
2016.806	1
2016.806	1
2016.623	1
2016.623	1
2016.869	1
2015.989	1
2016.112	1
2016.842	1
2016.131	1
2016.62	1
2016.183	1
2016.719	1
2016.24	1
2016.033	1
2016.145	1
2016.145	1
2016.205	1
2016.15	1
2016.224	1
2016.123	1
2016.068	1
2016.219	1
2016.235	1
2016.049	1
2016.044	1
2016.049	1
2016.082	1
2016.123	1
2016.107	1
2016.052	1
2016.148	1
2016.139	1
2016.044	1
2016.254	1
2016.24	1
2016.104	1
2016.066	1
2016.183	1
2016.194	1
2016.085	1
2016.284	1
2016.109	1
2016.178	1
2016.194	1
2016.202	1
2016.134	1
2016.142	1
2016.148	1
2016.23	1
2016.227	1
2016.025	1
2015.997	1
2016	1
2016.492	1
2016.238	1
2016.134	1
2016.186	1
2016.191	1
2016.126	1
2016.183	1
2016.298	1
2016.142	1
2016.172	1
2016.126	1
2016.126	1
2016.126	1
2016.301	1
2016.148	1
2016.071	1
2016.071	1
2016.112	1
2016.134	1
2016.104	1
2016.025	1
2016.123	1
2016.098	1
2016.199	1
2016.268	1
2016.221	1
2016.243	1
2016.221	1
2016.281	1
2016.199	1
2016.18	1
2016.202	1
2016.336	1
2016.148	1
2016.448	1
2016.298	1
2016.205	1
2016.549	1
2016.527	1
2016.224	1
2016.066	1
2016.085	1
2016.101	1
2016.142	1
2016.131	1
2016.161	1
2016.158	1
2016.126	1
2016.189	1
2016.189	1
2016.164	1
2016.172	1
2016.164	1
2016.197	1
2016.172	1
2016.189	1
2016.167	1
2016.221	1
2016.208	1
2016.281	1
2016.284	1
2016.268	1
2016.232	1
2016.194	1
2016.164	1
2016.333	1
2016.609	1
2016.224	1
2016.191	1
2016.235	1
2016.199	1
2016.32	1
2016.361	1
2016.249	1
2016.281	1
2016.298	1
2016.189	1
2016.183	1
2016.18	1
2016.161	1
2016.276	1
2016.205	1
2016.205	1
2016.115	1
2016.09	1
2016.107	1
2016.208	1
2016.314	1
2016.199	1
2016.046	1
2016.205	1
2016.063	1
2016.189	1
2016.262	1
2016.087	1
2016.199	1
2016.295	1
2016.295	1
2016.199	1
2016.199	1
2016.314	1
2016.189	1
2016.164	1
2016.213	1
2016.309	1
2016.167	1
2016.27	1
2016.167	1
2016.295	1
2016.126	1
2016.158	1
2016.169	1
2016.169	1
2016.164	1
2016.123	1
2016.066	1
2016.123	1
2016.098	1
2016.09	1
2016.038	1
2016.063	1
2016.26	1
2016.189	1
2016.202	1
2016.172	1
2016.117	1
2016.117	1
2016.131	1
2016.087	1
2016.049	1
2016.265	1
2016.156	1
2016.279	1
2016.057	1
2016.038	1
2016.306	1
2016.18	1
2016.148	1
2016.169	1
2016.191	1
2016.049	1
2016.18	1
2016.208	1
2016.199	1
2016.208	1
2016.041	1
2016.126	1
2016.235	1
2016.131	1
2016.24	1
2016.623	1
2016.623	1
2016.568	1
2015.945	1
2016.451	1
2016.451	1
2016.158	1
2017.164	1
2017.225	1
2017.214	1
2016.167	1
2017.192	1
2017.178	1
2017.178	1
2017.066	1
2017.044	1
2017.29	1
2017.29	1
2017.047	1
2017.033	1
2017.003	1
2016.713	1
2017.074	1
2017.079	1
2017.063	1
2017.063	1
2017.049	1
2017.088	1
2017.068	1
2017.068	1
2017.14	1
2017.107	1
2017.099	1
2016.27	1
2016.339	1
2016.246	1
2016.019	1
2015.989	1
2016.107	1
2016.219	1
2016.128	1
2017.359	1
2016.085	1
2016.011	1
2016.011	1
2015.995	1
2016.085	1
2016.071	1
2016.085	1
2016.085	1
2016.074	1
2016.06	1
2016.055	1
2016.052	1
2016.104	1
2016.055	1
2016.052	1
2016.104	1
2016.071	1
2016.06	1
2016.077	1
2016.085	1
2016.077	1
2016.071	1
2016.148	1
2016.238	1
2016.205	1
2016.104	1
2016.104	1
2016.219	1
2016.227	1
2015.934	1
2015.929	1
2015.929	1
2016.202	1
2016.202	1
2015.973	1
2016.071	1
2015.973	1
2015.97	1
2015.937	1
2016.074	1
2015.981	1
2015.934	1
2016.068	1
2016.044	1
2015.94	1
2016.066	1
2016.06	1
2016.066	1
2015.932	1
2016.148	1
2016.432	1
2016.415	1
2016.246	1
2016.249	1
2016.322	1
2016.112	1
2016.284	1
2016.167	1
2016.167	1
2016.208	1
2016.208	1
2016.142	1
2016.161	1
2016.172	1
2016.202	1
2015.973	1
2015.97	1
2016.202	1
2016.475	1
2016.227	1
2016.161	1
2016.161	1
2016.18	1
2016.123	1
2016.148	1
2016.038	1
2016.038	1
2016.038	1
2016.038	1
2016.038	1
2016.208	1
2016.148	1
2016.066	1
2016.134	1
2016.128	1
2016.158	1
2016.186	1
2016.202	1
2016.199	1
2016.191	1
2016.049	1
2016.087	1
2016.216	1
2016.249	1
2016.008	1
2016.079	1
2016.014	1
2016.246	1
2016.194	1
2016.23	1
2016.363	1
2016.249	1
2016.205	1
2016.219	1
2016.303	1
2016.333	1
2016.344	1
2016.23	1
2016.279	1
2016.104	1
2016.262	1
2015.995	1
2016.071	1
2016.071	1
2016.071	1
2016.295	1
2015.759	1
2015.759	1
2016.298	1
2016.276	1
2015.981	1
2016.087	1
2016.216	1
2016.005	1
2015.989	1
2015.981	1
2015.953	1
2015.981	1
2015.978	1
2015.959	1
2016.085	1
2015.981	1
2015.97	1
2016.09	1
2016.134	1
2016.169	1
2016.104	1
2015.97	1
2015.97	1
2015.97	1
2015.97	1
2016.161	1
2015.992	1
2016.036	1
2016.057	1
2016.167	1
2016.071	1
2016.21	1
2016.145	1
2016.238	1
2016.377	1
2016.377	1
2015.94	1
2015.94	1
2016.224	1
2016.262	1
2016.251	1
2016.126	1
2016.262	1
2016.096	1
2016.18	1
2016.303	1
2016.301	1
2016.232	1
2016.21	1
2016.24	1
2016.194	1
2016.178	1
2016.041	1
2016.109	1
2016.101	1
2016.079	1
2016.093	1
2016.15	1
2016.079	1
2016.079	1
2016.085	1
2016.18	1
2016.164	1
2016.26	1
2016.333	1
2016.178	1
2016.628	1
2016.612	1
2016.148	1
2016.148	1
2016.21	1
2016.145	1
2015.918	1
2016.262	1
2016.074	1
2016.443	1
2016.022	1
2015.94	1
2015.94	1
2016.268	1
2016.199	1
2016.139	1
2016.301	1
2016.221	1
2016.09	1
2016.295	1
2016.186	1
2016.303	1
2015.951	1
2016.224	1
2016.109	1
2016.087	1
2016.158	1
2015.953	1
2016.475	1
2016.011	1
2016.096	1
2016.128	1
2016.167	1
2016.115	1
2016.639	1
2016.612	1
2016.555	1
2016.314	1
2016.88	1
2016.699	1
2016.907	1
2016.607	1
2016.598	1
2016.568	1
2016.607	1
2016.139	1
2016.202	1
2016.189	1
2016.15	1
2016.172	1
2016.197	1
2016.12	1
2016.12	1
2016.123	1
2016.123	1
2016.123	1
2016.115	1
2016.123	1
2016.09	1
2016.191	1
2016.107	1
2016.306	1
2016.142	1
2016.096	1
2016.383	1
2016.317	1
2016.12	1
2016.087	1
2016.265	1
2016.044	1
2016.027	1
2016.109	1
2016.161	1
2016.443	1
2016.443	1
2016.443	1
2016.044	1
2016.052	1
2016.15	1
2016.183	1
2016.276	1
2016.251	1
2016.208	1
2016.161	1
2016.161	1
2016.161	1
2016.104	1
2016.164	1
2016.027	1
2015.934	1
2015.934	1
2016.107	1
2016.117	1
2016.21	1
2016.057	1
2016.036	1
2016.131	1
2016.221	1
2016.199	1
2015.989	1
2016.087	1
2016.128	1
2016.131	1
2016.145	1
2016.172	1
2016.279	1
2016.189	1
2016.295	1
2016.295	1
2016.148	1
2015.858	1
2015.858	1
2015.877	1
2016.26	1
2016.18	1
2016.279	1
2016.219	1
2016.169	1
2016.169	1
2016.126	1
2016.167	1
2016.167	1
2016.077	1
2016.077	1
2016.046	1
2016.022	1
2016.082	1
2016.112	1
2016.077	1
2016.167	1
2016.169	1
2016.221	1
2016.161	1
2016.219	1
2016.199	1
2016.164	1
2016.172	1
2016.183	1
2016.202	1
2016.257	1
2016.014	1
2016.128	1
2016.172	1
2016.191	1
2016.199	1
2016.186	1
2016.246	1
2016.194	1
2016.208	1
2016.104	1
2016.085	1
2016.172	1
2016.109	1
2015.8	1
2015.849	1
2016.06	1
2016.066	1
2016.21	1
2016.765	1
2016.257	1
2015.789	1
2015.789	1
2016.224	1
2016.087	1
2016.098	1
2016.178	1
2016.186	1
2016.303	1
2015.951	1
2015.975	1
2015.973	1
2016.085	1
2016.101	1
2016.098	1
2015.77	1
2016.03	1
2015.981	1
2015.989	1
2016.107	1
2016.238	1
2015.967	1
2016.112	1
2016.104	1
2016.295	1
2016.295	1
2016.087	1
2015.959	1
2016.06	1
2016.112	1
2016.057	1
2016.142	1
2016.046	1
2016.15	1
2016.268	1
2016.186	1
2015.975	1
2016.139	1
2016.18	1
2016.016	1
2016.104	1
2016.128	1
2016.055	1
2016.107	1
2015.849	1
2015.849	1
2016.402	1
2016.178	1
2016.358	1
2016.5	1
2016.295	1
2016.15	1
2016.251	1
2016.167	1
2016.169	1
2016.377	1
2016.464	1
2016.464	1
2016.418	1
2016.415	1
2016.415	1
2016.374	1
2016.317	1
2016.418	1
2016.536	1
2016.415	1
2016.41	1
2016.415	1
2016.415	1
2016.587	1
2016.899	1
2016.41	1
2016.421	1
2016.301	1
2016.071	1
2016.071	1
2016.158	1
2016.101	1
2016.24	1
2016.593	1
2016.593	1
2016.107	1
2015.912	1
2016.18	1
2016.131	1
2016.246	1
2016.199	1
2016.191	1
2016.186	1
2016.186	1
2016.137	1
2016.085	1
2016.142	1
2016.123	1
2016.087	1
2016.066	1
2016.077	1
2016.429	1
2016.142	1
2016.09	1
2016.131	1
2016.153	1
2016.046	1
2016.205	1
2016.137	1
2016.161	1
2016.183	1
2016.18	1
2016.066	1
2016.066	1
2016.085	1
2016.191	1
2016.027	1
2015.97	1
2016.145	1
2016.199	1
2016.066	1
2016.273	1
2016.063	1
2016.046	1
2016.038	1
2016.096	1
2016.224	1
2016.074	1
2016.18	1
2016.071	1
2016.038	1
2016.161	1
2016.085	1
2016.068	1
2016.142	1
2016.18	1
2016.358	1
2016.189	1
2016.164	1
2016.09	1
2016.011	1
2016.23	1
2015.882	1
2016.074	1
2016.09	1
2016.085	1
2016.199	1
2016.533	1
2016.169	1
2016.219	1
2016.057	1
2016.145	1
2016.142	1
2016.257	1
2016.276	1
2016.153	1
2016.172	1
2016.164	1
2016.208	1
2016.216	1
2016.161	1
2016.148	1
2016.224	1
2016.199	1
2016.246	1
2016.227	1
2016.131	1
2016.071	1
2016.005	1
2016.131	1
2016.145	1
2016.191	1
2015.841	1
2016.071	1
2016.046	1
2015.847	1
2016.055	1
2016.055	1
2016.107	1
2016.18	1
2016.175	1
2015.975	1
2015.997	1
2016.044	1
2016.123	1
2016.123	1
2016.068	1
2016.082	1
2016.156	1
2015.849	1
2015.833	1
2016.454	1
2016.418	1
2016.418	1
2016.721	1
2016.664	1
2016.41	1
2016.601	1
2016.601	1
2016.355	1
2016.669	1
2016.669	1
2016.669	1
2016.033	1
2016.358	1
2016.358	1
2016.153	1
2016.257	1
2016.186	1
2016.057	1
2016.085	1
2016.109	1
2016.109	1
2016.191	1
2016.314	1
2015.912	1
2016.071	1
2016.027	1
2016.068	1
2016.107	1
2016.068	1
2016.052	1
2016.052	1
2016.052	1
2016.333	1
2016.022	1
2016.167	1
2016.219	1
2016.298	1
2016.085	1
2016.046	1
2016.221	1
2015.97	1
2015.97	1
2016.342	1
2015.863	1
2015.918	1
2016.134	1
2016.09	1
2016.049	1
2016.049	1
2015.918	1
2016.186	1
2016.098	1
2016.167	1
2016.066	1
2016.066	1
2016.142	1
2016.098	1
2016.093	1
2016.158	1
2016.189	1
2016.101	1
2016.183	1
2016.251	1
2016.071	1
2015.973	1
2015.932	1
2015.973	1
2015.945	1
2015.932	1
2016.298	1
2016.314	1
2016.104	1
2016.09	1
2016.224	1
2016.194	1
2016.123	1
2016.126	1
2016.117	1
2016.117	1
2016.085	1
2016.123	1
2016.126	1
2016.126	1
2016.243	1
2016.814	1
2016.342	1
2016.199	1
2016.235	1
2016.276	1
2016.467	1
2016.448	1
2016.38	1
2016.301	1
2016.328	1
2016.12	1
2016.093	1
2016.15	1
2016.314	1
2016.15	1
2016.15	1
2016.227	1
2016.066	1
2016.052	1
2016.052	1
2016.052	1
2016.325	1
2016.243	1
2016.298	1
2016.219	1
2016.052	1
2016.126	1
2016.238	1
2016.219	1
2016.052	1
2016.44	1
2016.246	1
2016.415	1
2016.265	1
2016.284	1
2016.358	1
2016.23	1
2016.445	1
2016.445	1
2016.041	1
2016.128	1
2016.153	1
2016.202	1
2016.049	1
2016.205	1
2016.033	1
2016.033	1
2016.085	1
2016.085	1
2016.276	1
2015.874	1
2015.874	1
2016.096	1
2016.107	1
2016.109	1
2015.852	1
2016.115	1
2016.194	1
2016.172	1
2016.139	1
2016.115	1
2015.767	1
2015.74	1
2015.8	1
2015.781	1
2015.822	1
2015.838	1
2015.838	1
2015.877	1
2015.753	1
2015.767	1
2015.951	1
2015.901	1
2015.877	1
2015.882	1
2015.888	1
2015.975	1
2015.912	1
2015.962	1
2015.97	1
2015.899	1
2015.953	1
2015.97	1
2015.899	1
2015.934	1
2015.964	1
2015.915	1
2016.03	1
2015.973	1
2015.984	1
2016.014	1
2016.038	1
2016.046	1
2016.044	1
2016.036	1
2016.049	1
2015.959	1
2015.992	1
2015.942	1
2015.797	1
2015.753	1
2016.014	1
2015.904	1
2015.77	1
2016.019	1
2016.049	1
2015.97	1
2015.86	1
2016.027	1
2016.027	1
2016.011	1
2015.781	1
2015.937	1
2016.085	1
2016.071	1
2016.033	1
2016.019	1
2015.877	1
2015.877	1
2015.97	1
2016.137	1
2016.104	1
2016.074	1
2016.123	1
2016.055	1
2016.014	1
2016.085	1
2016.077	1
2016.046	1
2016.027	1
2016.027	1
2016.087	1
2016.126	1
2016.104	1
2016.107	1
2016.06	1
2016.112	1
2015.918	1
2016.139	1
2016.139	1
2016.079	1
2016.15	1
2016.109	1
2016.082	1
2016.068	1
2016.112	1
2016.112	1
2016.158	1
2016.085	1
2016.142	1
2016.085	1
2016.128	1
2016.128	1
2016.109	1
2016.09	1
2016.057	1
2016.027	1
2016.153	1
2015.841	1
2015.822	1
2015.781	1
2015.838	1
2015.838	1
2016.087	1
2016.068	1
2016.068	1
2016.156	1
2016.077	1
2016.066	1
2016.066	1
2016.068	1
2016.085	1
2016.09	1
2015.992	1
2015.997	1
2015.751	1
2015.797	1
2015.778	1
2015.759	1
2016.139	1
2015.732	1
2015.723	1
2015.855	1
2015.852	1
2015.855	1
2015.847	1
2015.849	1
2016.142	1
2016.142	1
2016.18	1
2016.18	1
2016.189	1
2016.254	1
2016.18	1
2016.221	1
2016.238	1
2016.284	1
2016.169	1
2016.24	1
2016.301	1
2016.194	1
2016.303	1
2016.183	1
2016.18	1
2016.194	1
2016.183	1
2016.298	1
2016.224	1
2016.202	1
2016.199	1
2016.224	1
2016.205	1
2016.563	1
2016.393	1
2016.219	1
2016.202	1
2016.164	1
2016.29	1
2016.164	1
2016.189	1
2016.036	1
2016.09	1
2016.235	1
2016.096	1
2016.219	1
2016.227	1
2016.126	1
2016.038	1
2016.164	1
2016.183	1
2016.148	1
2016.172	1
2016.197	1
2016.093	1
2016.052	1
2016.036	1
2016.126	1
2015.956	1
2016.011	1
2016.087	1
2016.145	1
2016.281	1
2016.046	1
2016.153	1
2016.109	1
2016.074	1
2016.126	1
2015.929	1
2016.008	1
2016.071	1
2015.929	1
2016.126	1
2016.126	1
2016.049	1
2016.21	1
2016.03	1
2015.989	1
2016.238	1
2016.074	1
2016.292	1
2016.011	1
2015.959	1
2016.074	1
2016.18	1
2016.087	1
2016.052	1
2016.019	1
2015.995	1
2016.148	1
2015.956	1
2016.295	1
2016.199	1
2016.085	1
2016.164	1
2016.046	1
2016.041	1
2016.178	1
2016.038	1
2016.189	1
2016.112	1
2016.276	1
2016.087	1
2015.888	1
2015.888	1
2016.126	1
2016.145	1
2015.89	1
2015.89	1
2015.863	1
2015.847	1
2015.852	1
2015.847	1
2015.847	1
2015.863	1
2015.89	1
2016.104	1
2016.126	1
2016.115	1
2015.901	1
2015.904	1
2016.011	1
2015.814	1
2015.863	1
2015.858	1
2015.858	1
2015.849	1
2015.893	1
2015.899	1
2015.879	1
2016.033	1
2015.984	1
2015.995	1
2015.995	1
2016.071	1
2016.085	1
2016.139	1
2015.863	1
2016.139	1
2016.079	1
2016.235	1
2016.098	1
2016.142	1
2016.145	1
2016.074	1
2016.087	1
2015.918	1
2015.953	1
2016.066	1
2016.459	1
2015.959	1
2016.279	1
2015.841	1
2015.841	1
2016.005	1
2015.86	1
2015.86	1
2016.03	1
2016.008	1
2015.888	1
2015.879	1
2015.904	1
2015.992	1
2016.527	1
2016.202	1
2016.104	1
2016.339	1
2016.623	1
2016.243	1
2016.38	1
2016.016	1
2016.014	1
2016.011	1
2015.866	1
2015.847	1
2016.153	1
2016.276	1
2016.309	1
2016.161	1
2016.325	1
2016	1
2016	1
2015.901	1
2016.109	1
2016.189	1
2015.836	1
2015.797	1
2015.836	1
2015.877	1
2015.874	1
2015.836	1
2015.797	1
2016.107	1
2016.038	1
2016.068	1
2016.21	1
2015.995	1
2015.978	1
2016.022	1
2016.085	1
2016.068	1
2016.238	1
2016.219	1
2016.219	1
2016.183	1
2016.189	1
2016.158	1
2016.186	1
2016.21	1
2016.224	1
2016.328	1
2016.325	1
2016.344	1
2016.317	1
2016.32	1
2016.437	1
2016.027	1
2016.178	1
2016.363	1
2016.156	1
2016.197	1
2016.251	1
2015.951	1
2016.227	1
2016.126	1
2016.077	1
2016.221	1
2016.18	1
2016.046	1
2016.046	1
2016.046	1
2016.057	1
2016.046	1
2016.158	1
2016.104	1
2016.068	1
2015.855	1
2015.855	1
2016.202	1
2015.83	1
2015.907	1
2015.83	1
2015.83	1
2015.825	1
2015.825	1
2015.825	1
2016.049	1
2016.049	1
2016.049	1
2015.981	1
2016.131	1
2016.153	1
2016.161	1
2016.044	1
2016.044	1
2016.03	1
2016.005	1
2016.18	1
2016.172	1
2016.068	1
2016.038	1
2016.038	1
2016.068	1
2016.049	1
2016.085	1
2016.186	1
2016.038	1
2016.016	1
2016.123	1
2016.169	1
2016.169	1
2015.838	1
2016.325	1
2016.265	1
2016.555	1
2015.915	1
2016.361	1
2016.055	1
2016.26	1
2016.068	1
2016.161	1
2016.161	1
2016.123	1
2015.871	1
2016.246	1
2016.172	1
2016.027	1
2016.213	1
2016.183	1
2016.046	1
2016.036	1
2016.019	1
2016.243	1
2016.276	1
2016.276	1
2016.087	1
2016.219	1
2016.219	1
2016.221	1
2016.172	1
2016.161	1
2016.066	1
2016.284	1
2016.183	1
2016.246	1
2016.26	1
2016.689	1
2016.306	1
2016.169	1
2016.016	1
2016.306	1
2016.096	1
2016.008	1
2016.686	1
2015.978	1
2015	1
2016.044	1
2016.388	1
2016.355	1
2015.008	1
2016.022	1
2015.945	1
2016.352	1
2016.033	1
2016.03	1
2016.022	1
2016.005	1
2016.025	1
2016.044	1
2016.033	1
2016.26	1
2016.235	1
2016.309	1
2016.333	1
2016.134	1
2016.156	1
2016.314	1
2017.153	1
2017.088	1
2017.088	1
2017.227	1
2017.197	1
2017.126	1
2017.126	1
2017.222	1
2017.09	1
2017.589	1
2017.66	1
2017.452	1
2017.452	1
2017.449	1
2017.449	1
2017.493	1
2017.458	1
2017.249	1
2017.449	1
2017.452	1
2017.452	1
2017.603	1
2017.449	1
2017.449	1
2017.312	1
2017.447	1
2017.458	1
2017.312	1
2017.351	1
2017.444	1
2017.449	1
2017.367	1
2017.337	1
2017.277	1
2017.348	1
2017.463	1
2017.455	1
2017.658	1
2017.658	1
2017.679	1
2017.288	1
2017.288	1
2017.836	1
2017.395	1
2017.389	1
2017.389	1
2017.389	1
2017.389	1
2017.389	1
2017.389	1
2017.389	1
2017.389	1
2017.378	1
2017.378	1
2017.378	1
2017.378	1
2017.378	1
2017.378	1
2017.449	1
2017.449	1
2017.449	1
2017.449	1
2017.449	1
2017.397	1
2017.463	1
2017.397	1
2017.389	1
2017.449	1
2017.389	1
2017.389	1
2017.214	1
2017.184	1
2017.184	1
2017.096	1
2017.23	1
2017.214	1
2017.211	1
2017.211	1
2017.186	1
2017.079	1
2017.208	1
2017.216	1
2017.222	1
2017.214	1
2017.159	1
2017.2	1
2017.236	1
2017.137	1
2017.208	1
2017.323	1
2017.318	1
2017.551	1
2017.299	1
2017.784	1
2017.351	1
2017.463	1
2017.69	1
2017.69	1
2017.449	1
2018.044	1
2017.921	1
2017.921	1
2017.921	1
2018.011	1
2018.096	1
2018	1
2017.975	1
2018.825	1
2018.153	1
2017.992	1
2017.967	1
2018.027	1
2018.249	1
2018.197	1
2018.271	1
2017.781	1
2017.781	1
2017.934	1
2018.022	1
2017.814	1
2017.827	1
2017.701	1
2017.493	1
2017.488	1
2017.792	1
2017.775	1
2017.775	1
2017.838	1
2017.838	1
2018.03	1
2017.879	1
2017.879	1
2017.964	1
2018.104	1
2018.107	1
2018.066	1
2018.077	1
2018.068	1
2018.082	1
2018.156	1
2018.088	1
2018.184	1
2018.099	1
2018.085	1
2017.923	1
2017.888	1
2018.011	1
2018.827	1
2017.877	1
2017.975	1
2018.022	1
2017.425	1
2017.447	1
2017.992	1
2017.762	1
2017.781	1
2017.759	1
2017.373	1
2017.91	1
2017.8	1
2017.575	1
2017.748	1
2017.964	1
2017.773	1
2017.773	1
2017.855	1
2017.923	1
2017.929	1
2017.948	1
2017.929	1
2017.923	1
2018.068	1
2018.132	1
2018.011	1
2018.003	1
2017.852	1
2017.841	1
2017.945	1
2018.019	1
2018.03	1
2018.099	1
2017.986	1
2018.082	1
2017.992	1
2018.088	1
2018.025	1
2018.003	1
2018.041	1
2018.066	1
2018.008	1
2018.005	1
2018.005	1
2018.082	1
2018.041	1
2018.041	1
2018.041	1
2018.041	1
2018.115	1
2017.986	1
2017.984	1
2018.038	1
2018.101	1
2018.049	1
2018.025	1
2018.025	1
2018.022	1
2018.014	1
2018.066	1
2018.063	1
2018.06	1
2018.038	1
2018.038	1
2018.077	1
2017.956	1
2017.704	1
2017.545	1
2017.622	1
2017.619	1
2017.6	1
2017.556	1
2017.427	1
2017.351	1
2017.351	1
2017.477	1
2017.611	1
2017.471	1
2017.452	1
2017.452	1
2017.463	1
2017.444	1
2017.477	1
2017.444	1
2018.173	1
2017.86	1
2017.907	1
2018.014	1
2017.975	1
2017.978	1
2017.962	1
2017.942	1
2017.458	1
2020.235	1
2017.458	1
2017.471	1
2017.444	1
2017.471	1
2017.458	1
2017.762	1
2017.932	1
2017.932	1
2017.496	1
2017.482	1
2017.471	1
2017.458	1
2017.458	1
2017.444	1
2017.471	1
2017.471	1
2017.458	1
2017.444	1
2017.762	1
2017.501	1
2017.332	1
2017.337	1
2017.334	1
2017.326	1
2017.734	1
2017.674	1
2018.107	1
2018.249	1
2018.132	1
2018.132	1
2018.085	1
2018.195	1
2018.082	1
2018.068	1
2019.405	1
2018.008	1
2018.038	1
2018.693	1
2018.595	1
2018.005	1
2018.063	1
2018.011	1
2018	1
2018	1
2018.085	1
2018.085	1
2018	1
2018.159	1
2018.104	1
2018.153	1
2017.756	1
2017.756	1
2018.252	1
2018.252	1
2017.805	1
2017.882	1
2017.885	1
2017.792	1
2017.622	1
2018.088	1
2018.512	1
2018.121	1
2018.041	1
2018.271	1
2019.011	1
2018.83	1
2018.932	1
2019.071	1
2019.005	1
2019.022	1
2019.23	1
2019.132	1
2019.23	1
2019.151	1
2019.277	1
2019.016	1
2019.208	1
2018.211	1
2018.184	1
2018.195	1
2018.03	1
2018.159	1
2018.112	1
2018.123	1
2018.145	1
2018.153	1
2018.542	1
2018.885	1
2018.238	1
2018.192	1
2018.214	1
2018.134	1
2018.427	1
2018.444	1
2018.403	1
2018.441	1
2018.186	1
2018.178	1
2018.279	1
2018.562	1
2018.277	1
2018.452	1
2018.277	1
2018.479	1
2018.019	1
2018.038	1
2018.252	1
2018.162	1
2018.071	1
2018.156	1
2018.134	1
2018.23	1
2018.214	1
2018.162	1
2018.162	1
2018.238	1
2018.211	1
2018.211	1
2018.252	1
2018.175	1
2018.175	1
2018.274	1
2018.307	1
2018.058	1
2018.384	1
2018.211	1
2018.211	1
2018.559	1
2018.559	1
2018.345	1
2018.156	1
2018.173	1
2018.173	1
2018.173	1
2018.173	1
2018.195	1
2018.537	1
2018.537	1
2018.252	1
2018.501	1
2018.173	1
2018.137	1
2018.137	1
2018.214	1
2018.214	1
2018.214	1
2018.255	1
2018.255	1
2018.175	1
2018.175	1
2018.537	1
2018.28	1
2018.153	1
2018.153	1
2018.153	1
2018.063	1
2018.118	1
2018.047	1
2018.353	1
2018.17	1
2018.274	1
2018.022	1
2018.153	1
2018.047	1
2017.984	1
2017.964	1
2018.252	1
2018.058	1
2018.011	1
2018.115	1
2018.134	1
2018.058	1
2018.027	1
2018.005	1
2018.137	1
2018.123	1
2018.288	1
2017.964	1
2017.964	1
2018.162	1
2017.896	1
2018.142	1
2018.134	1
2018.038	1
2018.288	1
2018.049	1
2018.173	1
2017.953	1
2017.904	1
2017.885	1
2017.885	1
2017.962	1
2017.978	1
2017.984	1
2017.964	1
2018.005	1
2017.992	1
2018.115	1
2018	1
2018.151	1
2018.112	1
2018.326	1
2018.049	1
2018.027	1
2018.014	1
2018.06	1
2018.088	1
2017.866	1
2017.964	1
2018.14	1
2018.016	1
2018.488	1
2017.995	1
2018.03	1
2018.115	1
2018.088	1
2018.219	1
2017.989	1
2018.299	1
2018.208	1
2018.203	1
2018.17	1
2018.397	1
2018.277	1
2018.011	1
2018.019	1
2018.14	1
2018.022	1
2017.868	1
2017.962	1
2017.904	1
2017.893	1
2017.868	1
2017.904	1
2017.989	1
2017.962	1
2018.044	1
2018.093	1
2018.03	1
2018.047	1
2018.118	1
2018.123	1
2018.038	1
2018.14	1
2018.047	1
2018.093	1
2017.97	1
2018.551	1
2018.46	1
2018.173	1
2017.932	1
2018.096	1
2018.468	1
2018.025	1
2018.468	1
2018.433	1
2018.159	1
2018.005	1
2018.115	1
2018.299	1
2018.356	1
2018.214	1
2018.192	1
2017.932	1
2017.932	1
2018.041	1
2018.019	1
2018.025	1
2018.049	1
2018.077	1
2018.112	1
2018.041	1
2018.041	1
2017.984	1
2018.079	1
2018.063	1
2018.066	1
2018.123	1
2018.252	1
2018.077	1
2018.274	1
2018.088	1
2018.121	1
2018.058	1
2018.038	1
2017.975	1
2018.121	1
2017.97	1
2018.219	1
2018.066	1
2018.115	1
2018.501	1
2017.948	1
2018.085	1
2018.063	1
2018.236	1
2018.077	1
2018.038	1
2018.099	1
2018.14	1
2018.14	1
2018.121	1
2018.121	1
2018.082	1
2018.058	1
2018.214	1
2018.392	1
2018.151	1
2018.088	1
2018.079	1
2018.614	1
2018.54	1
2018.521	1
2018.282	1
2018.392	1
2018.142	1
2018.389	1
2018.425	1
2018.077	1
2018.268	1
2018.332	1
2018.408	1
2018.408	1
2018.34	1
2018.23	1
2018.422	1
2018.312	1
2018.441	1
2018.679	1
2018.893	1
2018.334	1
2018.345	1
2018.301	1
2018.271	1
2018.463	1
2018.345	1
2018.351	1
2018.367	1
2018.408	1
2018.293	1
2018.06	1
2018.142	1
2018.047	1
2018.156	1
2018.025	1
2018.038	1
2017.959	1
2018.142	1
2018.079	1
2017.986	1
2017.959	1
2018.068	1
2019.041	1
2018.759	1
2018.855	1
2018.759	1
2018.855	1
2018.767	1
2018.986	1
2018.844	1
2018.844	1
2019.09	1
2018.468	1
2018.162	1
2018.252	1
2018.192	1
2018.238	1
2018.096	1
2018.049	1
2018.068	1
2018.044	1
2018.403	1
2018.005	1
2018.31	1
2018.058	1
2018.082	1
2018.066	1
2018.134	1
2018.271	1
2018.2	1
2017.849	1
2017.849	1
2018.271	1
2018.296	1
2019.003	1
2019	1
2019.005	1
2019.17	1
2019.036	1
2018.458	1
2018.447	1
2018.447	1
2018.441	1
2018.441	1
2018.46	1
2018.444	1
2017.992	1
2018.227	1
2017.945	1
2018.151	1
2018.099	1
2018.099	1
2018.123	1
2018.373	1
2018.373	1
2018.375	1
2018.425	1
2018.378	1
2018.378	1
2018.378	1
2018.375	1
2018.362	1
2018.359	1
2018.293	1
2018.441	1
2018.345	1
2019.573	1
2018.992	1
2018.986	1
2018.493	1
2018.162	1
2018.088	1
2017.992	1
2018.164	1
2018.019	1
2018.041	1
2018.211	1
2018.408	1
2018.025	1
2018.044	1
2018.164	1
2018.181	1
2018.145	1
2018.099	1
2018.173	1
2018.186	1
2018.258	1
2018.707	1
2018.751	1
2018.707	1
2018.707	1
2018.751	1
2018.707	1
2018.542	1
2018.811	1
2017.97	1
2018.652	1
2018.734	1
2018.759	1
2018.932	1
2018.441	1
2019	1
2018.575	1
2018.69	1
2018.827	1
2018.827	1
2018.104	1
2018.156	1
2018.184	1
2018.096	1
2018.2	1
2018.088	1
2018.06	1
2018.162	1
2018.038	1
2018.038	1
2018.175	1
2017.989	1
2018.058	1
2018.115	1
2018.088	1
2018.118	1
2018.268	1
2018.268	1
2018.268	1
2018.501	1
2018.184	1
2018.184	1
2018.184	1
2018.184	1
2018.184	1
2018.46	1
2018.184	1
2018.184	1
2018.184	1
2018.184	1
2018.233	1
2018.559	1
2018.233	1
2018.255	1
2018.521	1
2018.652	1
2018.162	1
2018.162	1
2018.184	1
2018.184	1
2018.184	1
2018.162	1
2018.184	1
2018.142	1
2018.192	1
2017.942	1
2017.97	1
2018.016	1
2018.068	1
2018.063	1
2018.115	1
2018.156	1
2018.288	1
2018.129	1
2018.008	1
2018.173	1
2018.268	1
2018.173	1
2018.142	1
2018.044	1
2018.197	1
2018.041	1
2018.153	1
2018.205	1
2018.205	1
2018.219	1
2017.973	1
2018.334	1
2018.142	1
2018.334	1
2018.192	1
2018.049	1
2018.058	1
2017.811	1
2017.877	1
2018.526	1
2018.403	1
2018.236	1
2018.192	1
2018.195	1
2018.274	1
2018.252	1
2018.211	1
2018.312	1
2018.156	1
2018.211	1
2018.238	1
2018.249	1
2018.241	1
2018.29	1
2018.173	1
2017.948	1
2018.005	1
2018.093	1
2018.162	1
2017.811	1
2018.121	1
2018.047	1
2017.814	1
2018.11	1
2018.14	1
2017.888	1
2018.195	1
2017.808	1
2018.288	1
2018.277	1
2018.241	1
2018.2	1
2018.329	1
2018.329	1
2018.219	1
2018.238	1
2018.181	1
2018.09	1
2018.06	1
2018.096	1
2018.019	1
2018.195	1
2018.195	1
2018.195	1
2018.195	1
2018.093	1
2018.038	1
2018.219	1
2018.699	1
2018.904	1
2018.614	1
2019.016	1
2018.581	1
2019.077	1
2019.027	1
2018.581	1
2018.556	1
2019.036	1
2018.888	1
2018.997	1
2018.748	1
2019.063	1
2019	1
2018.556	1
2018.523	1
2018.69	1
2018.712	1
2018.652	1
2018.712	1
2018.559	1
2018.485	1
2019.214	1
2019.082	1
2019.118	1
2019.197	1
2019.178	1
2019.17	1
2019.085	1
2018.959	1
2018.997	1
2019.068	1
2019.099	1
2019.033	1
2019.101	1
2019.071	1
2018.671	1
2018.649	1
2018.907	1
2018.592	1
2018.551	1
2018.551	1
2018.485	1
2018.589	1
2018.712	1
2018.655	1
2018.652	1
2018.795	1
2018.945	1
2018.658	1
2019.016	1
2018.685	1
2019.038	1
2019.099	1
2019.112	1
2018.921	1
2019.038	1
2019.208	1
2019.096	1
2019.041	1
2019.068	1
2019.027	1
2019.085	1
2019.249	1
2019.258	1
2019.132	1
2019.192	1
2019.082	1
2019.31	1
2019.153	1
2019.063	1
2019.164	1
2019.236	1
2019.022	1
2019.121	1
2018.997	1
2019.079	1
2019.055	1
2019.134	1
2019.211	1
2018.967	1
2018.959	1
2019.011	1
2018.986	1
2019.022	1
2019.022	1
2019.005	1
2019.022	1
2019.019	1
2019.027	1
2019.082	1
2018.986	1
2019.096	1
2019.121	1
2019.063	1
2018.679	1
2019.153	1
2018.655	1
2018.595	1
2018.666	1
2018.559	1
2018.614	1
2018.581	1
2018.477	1
2018.805	1
2018.901	1
2018.953	1
2018.91	1
2018.833	1
2018.844	1
2019.112	1
2019.123	1
2018.899	1
2019.041	1
2019.019	1
2018.921	1
2018.685	1
2018.104	1
2018.685	1
2018.616	1
2018.652	1
2018.178	1
2018.778	1
2018.942	1
2018.71	1
2018.611	1
2018.671	1
2018.688	1
2018.545	1
2018.542	1
2018.589	1
2018.671	1
2018.611	1
2018.603	1
2018.597	1
2018.603	1
2018.674	1
2018.674	1
2018.729	1
2018.556	1
2018.674	1
2018.562	1
2018.477	1
2018.477	1
2018.575	1
2018.564	1
2018.474	1
2018.595	1
2018.101	1
2018.101	1
2018.441	1
2019.088	1
2019.362	1
2019.318	1
2019.096	1
2019.008	1
2019.115	1
2019.2	1
2019.101	1
2019.099	1
2019.2	1
2019.238	1
2018.978	1
2018.597	1
2019.066	1
2018.704	1
2018.679	1
2018.679	1
2018.512	1
2018.671	1
2018.559	1
2018.482	1
2018.474	1
2018.6	1
2018.49	1
2018.104	1
2018.614	1
2018.614	1
2018.989	1
2018.986	1
2018.504	1
2018.488	1
2018.477	1
2018.595	1
2018.584	1
2018.655	1
2018.493	1
2018.534	1
2018.534	1
2018.655	1
2018.726	1
2018.649	1
2018.416	1
2018.685	1
2018.603	1
2019.195	1
2020.003	1
2020.003	1
2018.696	1
2018.477	1
2018.578	1
2018.655	1
2019.074	1
2019.063	1
2019.159	1
2019.203	1
2019.153	1
2019.142	1
2019.142	1
2019.132	1
2019.118	1
2019.055	1
2018.904	1
2018.888	1
2018.973	1
2019.055	1
2019.036	1
2019.014	1
2018.948	1
2018.995	1
2018.926	1
2019.016	1
2019.016	1
2019.027	1
2019.093	1
2019.203	1
2019.142	1
2019.137	1
2019.2	1
2019.104	1
2019.104	1
2019.192	1
2019.192	1
2019.132	1
2019.126	1
2019.107	1
2019	1
2019.148	1
2019.148	1
2019.214	1
2019.186	1
2019.137	1
2018.923	1
2019.151	1
2019.121	1
2019.121	1
2018	1
2019.219	1
2019.107	1
2019.118	1
2019.112	1
2019.137	1
2019.016	1
2019.008	1
2019.211	1
2019.334	1
2019.285	1
2019.192	1
2019.036	1
2019.088	1
2018.959	1
2019.093	1
2019.247	1
2019.208	1
2019.258	1
2019.214	1
2019.132	1
2019.14	1
2019.14	1
2019.101	1
2019.175	1
2019.074	1
2019.022	1
2019.085	1
2019.142	1
2019.093	1
2019.093	1
2018.984	1
2018.984	1
2019.132	1
2019.323	1
2018.688	1
2019.767	1
2019.079	1
2019.079	1
2019.192	1
2019.175	1
2019.153	1
2018.945	1
2019.162	1
2019.06	1
2019.192	1
2019.022	1
2019.173	1
2019.17	1
2019.17	1
2019.016	1
2018.685	1
2018.685	1
2018.658	1
2019.145	1
2019.173	1
2019.068	1
2019.145	1
2018.901	1
2018.934	1
2018.778	1
2019.025	1
2019.153	1
2019.274	1
2019.279	1
2018.918	1
2019.137	1
2019.148	1
2019.06	1
2019.17	1
2019.055	1
2019.164	1
2019.079	1
2019.06	1
2019.047	1
2019.104	1
2019.044	1
2019.134	1
2018.964	1
2019.142	1
2019.238	1
2019.258	1
2019.312	1
2019.068	1
2019.238	1
2019.208	1
2019.14	1
2019.214	1
2019.137	1
2019.406	1
2018.907	1
2018.989	1
2018.992	1
2018.962	1
2018.984	1
2019.025	1
2018.962	1
2019.005	1
2019.058	1
2019.134	1
2019.093	1
2019.211	1
2019.178	1
2019.181	1
2019.17	1
2019.104	1
2019.016	1
2019.11	1
2019.099	1
2019.214	1
2019.216	1
2019.038	1
2019.118	1
2019.06	1
2018.959	1
2019.132	1
2019.118	1
2018.956	1
2019.225	1
2019.077	1
2019.077	1
2019.184	1
2019.03	1
2019.181	1
2019.112	1
2019.093	1
2019.025	1
2019.016	1
2019.148	1
2019.296	1
2018.57	1
2018.868	1
2018.674	1
2018.871	1
2018.803	1
2018.89	1
2018.879	1
2018.707	1
2019.093	1
2018.69	1
2018.671	1
2018.6	1
2018.444	1
2018.611	1
2018.559	1
2018.885	1
2018.704	1
2018.137	1
2018.173	1
2018.019	1
2018.148	1
2018.079	1
2018.099	1
2018.444	1
2017.956	1
2018.041	1
2018.156	1
2018.384	1
2018.008	1
2018.027	1
2017.907	1
2018.219	1
2018.167	1
2018.093	1
2018.216	1
2018.216	1
2017.844	1
2017.929	1
2017.926	1
2017.948	1
2017.929	1
2017.847	1
2017.929	1
2017.934	1
2017.945	1
2017.951	1
2017.91	1
2017.77	1
2017.77	1
2017.948	1
2017.951	1
2017.945	1
2017.967	1
2018.008	1
2017.984	1
2017.973	1
2017.967	1
2017.973	1
2017.945	1
2018.107	1
2018.025	1
2017.984	1
2017.77	1
2017.948	1
2017.948	1
2018.126	1
2018.334	1
2017.69	1
2017.721	1
2017.721	1
2017.707	1
2018.134	1
2017.759	1
2017.759	1
2017.726	1
2017.912	1
2018.019	1
2017.956	1
2017.844	1
2017.844	1
2017.849	1
2017.838	1
2017.838	1
2017.838	1
2017.885	1
2017.885	1
2017.825	1
2017.858	1
2017.858	1
2017.858	1
2018.005	1
2017.888	1
2017.847	1
2017.847	1
2017.888	1
2017.847	1
2017.049	1
2017.836	1
2018.09	1
2018.118	1
2018.115	1
2018.06	1
2018.2	1
2018.2	1
2018.06	1
2018.099	1
2018	1
2018.121	1
2018.216	1
2018.26	1
2018.068	1
2018.077	1
2018.134	1
2018.274	1
2018.096	1
2018.058	1
2018.293	1
2018.195	1
2019.09	1
2018.679	1
2018.734	1
2019.17	1
2018.945	1
2019.205	1
2018.986	1
2018.992	1
2018.91	1
2018.951	1
2018.852	1
2018.937	1
2018.877	1
2018.986	1
2018.937	1
2018.992	1
2018.91	1
2019.093	1
2018.715	1
2018.715	1
2018.748	1
2018.677	1
2018.696	1
2018.852	1
2018.849	1
2018.701	1
2019.049	1
2019.293	1
2019.041	1
2018.712	1
2018.036	1
2018.466	1
2018.386	1
2019.022	1
2018.756	1
2018.805	1
2018.923	1
2019.096	1
2019.112	1
2018.058	1
2018.332	1
2018.041	1
2018.268	1
2018	1
2018	1
2018.203	1
2018	1
2018.255	1
2018.288	1
2018	1
2018.986	1
2018.973	1
2018.978	1
2018.929	1
2018.981	1
2017.923	1
2017.981	1
2017.984	1
2017.962	1
2018.03	1
2018.077	1
2017.997	1
2018.003	1
2018.077	1
2018.071	1
2017.995	1
2017.964	1
2018.074	1
2018.236	1
2018.096	1
2018.274	1
2018.271	1
2018.247	1
2018.063	1
2018.186	1
2017.967	1
2018.238	1
2018.271	1
2018.115	1
2018.101	1
2018.252	1
2018.386	1
2018.118	1
2018.153	1
2018.145	1
2018.038	1
2017.789	1
2017.775	1
2017.836	1
2018.134	1
2018	1
2018.153	1
2018.173	1
2018.195	1
2018.058	1
2018.545	1
2018.192	1
2018.159	1
2018.334	1
2018.452	1
2018.49	1
2017.967	1
2017.797	1
2018.14	1
2018.041	1
2018.162	1
2018.011	1
2018.044	1
2018.118	1
2018.134	1
2018.058	1
2018.258	1
2018.162	1
2018.162	1
2018.236	1
2018.236	1
2017.838	1
2018.192	1
2018.142	1
2018.214	1
2018.156	1
2018.159	1
2018.216	1
2017.967	1
2018.011	1
2018.389	1
2017.838	1
2018.058	1
2018.219	1
2018.422	1
2018.14	1
2018.29	1
2018.159	1
2017.932	1
2018.008	1
2019.044	1
2018.197	1
2018.197	1
2018.099	1
2018.123	1
2018.003	1
2017.992	1
2018.205	1
2018.164	1
2018.211	1
2018.222	1
2018.112	1
2018.164	1
2018.252	1
2018.271	1
2018.636	1
2018.668	1
2018.707	1
2018.811	1
2018.756	1
2018.299	1
2018.559	1
2018.526	1
2018.592	1
2018.636	1
2018.636	1
2018.433	1
2018.425	1
2018.575	1
2018.353	1
2018.482	1
2018.34	1
2018.542	1
2018.37	1
2018.493	1
2018.501	1
2018.523	1
2018.315	1
2018.307	1
2019.019	1
2019.019	1
2019.047	1
2019.047	1
2019.112	1
2018.608	1
2018.849	1
2018.932	1
2018.578	1
2018.633	1
2018.636	1
2018.644	1
2018.638	1
2018.638	1
2018.633	1
2018.638	1
2018.69	1
2018.77	1
2018.767	1
2018.693	1
2018.748	1
2018.737	1
2018.795	1
2018.808	1
2018.808	1
2018.786	1
2018.641	1
2018.493	1
2018.767	1
2018.77	1
2018.748	1
2018.871	1
2018.847	1
2018.951	1
2018.808	1
2018.786	1
2018.767	1
2018.978	1
2019.129	1
2018.805	1
2018.805	1
2018.945	1
2018.679	1
2018.701	1
2018.704	1
2018.737	1
2019.003	1
2019.077	1
2018.742	1
2018.74	1
2018.742	1
2018.849	1
2018.849	1
2018.827	1
2018.827	1
2018.964	1
2018.942	1
2018.871	1
2018.951	1
2018.997	1
2018.795	1
2018.789	1
2018.789	1
2018.795	1
2018.74	1
2018.814	1
2018.814	1
2018.816	1
2018.767	1
2018	1
2018.408	1
2018.479	1
2018.479	1
2018.214	1
2018.195	1
2018.173	1
2018.058	1
2018.178	1
2017.992	1
2018.263	1
2018.159	1
2018.247	1
2018.025	1
2018.038	1
2018.038	1
2018	1
2018.208	1
2018.274	1
2018.115	1
2018.104	1
2018.214	1
2018.003	1
2017.984	1
2018.447	1
2018.452	1
2018.145	1
2018.562	1
2018.153	1
2018.038	1
2018.063	1
2018.258	1
2017.986	1
2018.044	1
2017.918	1
2017.926	1
2018.011	1
2018.008	1
2018.11	1
2018.019	1
2018.096	1
2018.268	1
2018.562	1
2018.907	1
2018.942	1
2019.153	1
2018.748	1
2018.74	1
2018.808	1
2018.022	1
2017.962	1
2017.984	1
2017.973	1
2018.318	1
2018.175	1
2018.252	1
2018.252	1
2018.296	1
2017.997	1
2018.148	1
2018.156	1
2018.003	1
2018.332	1
2018.449	1
2018.222	1
2018.71	1
2018.663	1
2018.488	1
2018.537	1
2018.34	1
2018.51	1
2018.279	1
2018.501	1
2018.723	1
2018.647	1
2018.482	1
2018.482	1
2018.786	1
2018.737	1
2019.074	1
2018.792	1
2018.962	1
2018.852	1
2018.718	1
2018.879	1
2018.879	1
2018.89	1
2018.836	1
2018.488	1
2019.036	1
2018.025	1
2018.414	1
2018.066	1
2018.422	1
2018.29	1
2018.252	1
2018.197	1
2018.427	1
2018.315	1
2018.249	1
2018.249	1
2018.252	1
2018.534	1
2018.518	1
2018.452	1
2018.46	1
2018.901	1
2018.896	1
2018.901	1
2018.893	1
2018.921	1
2019.304	1
2018.94	1
2018.874	1
2018.942	1
2018.874	1
2018.981	1
2019.025	1
2018.773	1
2018.918	1
2018.408	1
2018.942	1
2019.036	1
2019.041	1
2019.003	1
2019.06	1
2019.06	1
2019.222	1
2018.923	1
2018.923	1
2018.863	1
2018.899	1
2018.899	1
2018.863	1
2018.863	1
2019.112	1
2019.019	1
2019.164	1
2019.085	1
2019.058	1
2019.058	1
2019.058	1
2019.041	1
2019.085	1
2019.085	1
2019.036	1
2018.912	1
2019.099	1
2019.208	1
2019.099	1
2018.912	1
2018.882	1
2019.019	1
2018.841	1
2018.841	1
2019.019	1
2019.107	1
2019.107	1
2019.11	1
2019.11	1
2019.107	1
2019.129	1
2019.107	1
2019.137	1
2019.107	1
2019.049	1
2018.866	1
2018.964	1
2018.827	1
2018.847	1
2019.367	1
2019.512	1
2019.367	1
2019.699	1
2019.189	1
2019.164	1
2019.112	1
2019.192	1
2019.214	1
2019.192	1
2019.159	1
2019.23	1
2019.249	1
2019.205	1
2019.244	1
2020.09	1
2020.249	1
2020.071	1
2019.948	1
2020.057	1
2020.038	1
2020.025	1
2020.038	1
2020.027	1
2020.205	1
2020.036	1
2020.063	1
2020.131	1
2019.962	1
2019.89	1
2019.89	1
2020.21	1
2020.041	1
2019.195	1
2019.126	1
2019.121	1
2019.233	1
2019.296	1
2019.406	1
2019.285	1
2019.37	1
2019.386	1
2019.296	1
2019.29	1
2019.386	1
2019.386	1
2019.403	1
2019.43	1
2019.422	1
2019.378	1
2019.378	1
2019.132	1
2019.674	1
2019.227	1
2018.984	1
2019.233	1
2019.173	1
2019.197	1
2020.09	1
2019.096	1
2019.252	1
2019.184	1
2019.282	1
2019.293	1
2019.192	1
2019.189	1
2019.208	1
2020.038	1
2019.745	1
2019.956	1
2019.852	1
2019.852	1
2020.036	1
2019.926	1
2019.285	1
2019.205	1
2019.279	1
2019.225	1
2019.227	1
2019.238	1
2019.31	1
2019.345	1
2019.362	1
2019.362	1
2019.233	1
2019.31	1
2019.181	1
2019.499	1
2019.559	1
2019.381	1
2019.362	1
2020.014	1
2019.436	1
2019.351	1
2019.427	1
2019.904	1
2019.378	1
2019.29	1
2019.43	1
2019.247	1
2019.885	1
2019.712	1
2019.647	1
2019.301	1
2019.748	1
2019.803	1
2019.542	1
2019.734	1
2019.589	1
2020.194	1
2020.093	1
2020.202	1
2020.194	1
2020.194	1
2019.989	1
2019.767	1
2019.899	1
2019.899	1
2019.91	1
2019.91	1
2019.885	1
2020.016	1
2020.055	1
2020.057	1
2019.907	1
2019.907	1
2019.926	1
2019.89	1
2019.89	1
2020.019	1
2020.109	1
2020.074	1
2020.071	1
2020.178	1
2020.096	1
2020.036	1
2020.038	1
2019.995	1
2019.967	1
2019.967	1
2020.03	1
2019.901	1
2019.901	1
2019.849	1
2019.844	1
2019.847	1
2019.915	1
2019.915	1
2020.014	1
2020.079	1
2019.852	1
2019.863	1
2019.866	1
2019.885	1
2019.882	1
2019.89	1
2019.871	1
2019.879	1
2019.915	1
2019.907	1
2019.907	1
2019.879	1
2019.841	1
2019.882	1
2019.89	1
2019.871	1
2019.956	1
2019.923	1
2019.91	1
2019.923	1
2019.926	1
2019.91	1
2019.866	1
2019.885	1
2019.885	1
2019.956	1
2019.942	1
2019.904	1
2019.967	1
2019.967	1
2019.956	1
2019.953	1
2020.008	1
2020.019	1
2020.06	1
2019.885	1
2019.995	1
2020.057	1
2020.082	1
2019.879	1
2019.995	1
2019.94	1
2019.956	1
2019.964	1
2019.871	1
2019.871	1
2019.953	1
2019.953	1
2020.046	1
2020.036	1
2019.956	1
2019.956	1
2019.879	1
2020.09	1
2019.923	1
2019.882	1
2019.882	1
2019.984	1
2019.945	1
2019.915	1
2020.005	1
2020.005	1
2019.956	1
2019.879	1
2019.879	1
2019.929	1
2019.918	1
2019.937	1
2019.959	1
2019.945	1
2020.022	1
2020.06	1
2019.849	1
2019.937	1
2019.937	1
2019.992	1
2019.992	1
2020.109	1
2020.074	1
2019.91	1
2019.91	1
2019.882	1
2020.093	1
2020.098	1
2020.153	1
2020.074	1
2019.923	1
2020.063	1
2019.882	1
2019.882	1
2019.945	1
2020.036	1
2020.117	1
2019.989	1
2019.989	1
2020.73	1
2020.746	1
2020.73	1
2019.934	1
2019.934	1
2020.027	1
2019.923	1
2019.923	1
2019.882	1
2019.852	1
2019.882	1
2019.97	1
2019.97	1
2019.929	1
2019.978	1
2019.964	1
2020.145	1
2019.937	1
2020.014	1
2020.096	1
2020.06	1
2020.077	1
2019.986	1
2019.986	1
2020.036	1
2019.721	1
2020.005	1
2020.005	1
2020.071	1
2019.66	1
2019.838	1
2019.786	1
2019.764	1
2019.784	1
2019.63	1
2019.871	1
2020.014	1
2020.115	1
2019.649	1
2019.479	1
2019.427	1
2019.458	1
2019.54	1
2019.69	1
2019.69	1
2019.734	1
2019.458	1
2019.458	1
2019.611	1
2020.082	1
2019.507	1
2020.016	1
2019.833	1
2019.786	1
2019.91	1
2019.885	1
2019.885	1
2020.041	1
2020.041	1
2019.863	1
2019.934	1
2019.863	1
2019.937	1
2019.929	1
2019.934	1
2019.973	1
2019.921	1
2020.016	1
2020.019	1
2019.975	1
2020.005	1
2019.948	1
2019.948	1
2019.433	1
2019.499	1
2019.477	1
2019.416	1
2019.647	1
2019.638	1
2019.474	1
2019.422	1
2019.422	1
2019.438	1
2019.63	1
2019.43	1
2019.405	1
2019.395	1
2019.419	1
2019.332	1
2019.342	1
2019.395	1
2019.403	1
2019.4	1
2019.392	1
2019.37	1
2019.386	1
2019.444	1
2019.496	1
2019.458	1
2019.436	1
2019.438	1
2019.77	1
2019.767	1
2019.468	1
2019.479	1
2019.447	1
2019.422	1
2019.466	1
2019.764	1
2019.269	1
2019.512	1
2020.074	1
2019.449	1
2019.23	1
2019.23	1
2019.479	1
2019.249	1
2019.252	1
2019.515	1
2019.682	1
2019.868	1
2019.879	1
2019.86	1
2019.726	1
2019.304	1
2019.734	1
2019.51	1
2019.51	1
2019.51	1
2019.288	1
2019.342	1
2019.334	1
2019.304	1
2019.334	1
2019.334	1
2019.293	1
2019.334	1
2019.43	1
2019.436	1
2019.671	1
2019.677	1
2019.748	1
2019.723	1
2019.723	1
2019.307	1
2019.367	1
2019.405	1
2019.392	1
2019.427	1
2019.534	1
2019.438	1
2019.452	1
2019.425	1
2019.419	1
2019.463	1
2019.419	1
2019.452	1
2019.466	1
2019.438	1
2019.904	1
2019.852	1
2019.534	1
2019.633	1
2019.559	1
2019.915	1
2019.91	1
2019.888	1
2019.893	1
2019.836	1
2019.797	1
2019.77	1
2019.907	1
2019.942	1
2019.942	1
2019.704	1
2019.504	1
2019.307	1
2019.964	1
2019.649	1
2019.649	1
2019.967	1
2019.786	1
2020.022	1
2020.022	1
2019.337	1
2019.337	1
2019.312	1
2019.345	1
2019.282	1
2019.315	1
2019.315	1
2019.29	1
2019.077	1
2019.085	1
2019.436	1
2020.096	1
2020.079	1
2019.973	1
2019.973	1
2019.978	1
2019.978	1
2020.137	1
2019.666	1
2019.145	1
2019.189	1
2019.178	1
2019.137	1
2019.167	1
2019.17	1
2019.197	1
2019.252	1
2019.219	1
2019.014	1
2019.014	1
2018.964	1
2019.06	1
2019.241	1
2019.134	1
2019.134	1
2019.085	1
2019.255	1
2019.219	1
2019.173	1
2019.104	1
2019.162	1
2019.288	1
2019.192	1
2019.197	1
2019.129	1
2019.266	1
2019.247	1
2019.236	1
2019.266	1
2019.43	1
2019.573	1
2019.474	1
2019.553	1
2019.252	1
2019.247	1
2019.225	1
2019.921	1
2019.425	1
2019.523	1
2019.838	1
2019.83	1
2019.784	1
2019.989	1
2019.989	1
2019.847	1
2019.904	1
2019.904	1
2019.929	1
2019.904	1
2019.929	1
2019.901	1
2019.688	1
2019.893	1
2020.033	1
2020.033	1
2020.126	1
2020.022	1
2020.079	1
2020.074	1
2020.117	1
2020.003	1
2019.932	1
2020.074	1
2020.161	1
2020.112	1
2020.036	1
2020.019	1
2020.044	1
2019.984	1
2020.096	1
2020.117	1
2020.115	1
2020	1
2020.003	1
2020	1
2019.992	1
2019.992	1
2019.934	1
2020.096	1
2020.148	1
2020.15	1
2019.627	1
2019.627	1
2019.518	1
2019.644	1
2019.789	1
2020.096	1
2020.09	1
2020.074	1
2020.186	1
2020.148	1
2020.087	1
2020.158	1
2020.03	1
2019.841	1
2019.784	1
2020.036	1
2020.036	1
2019.984	1
2019.896	1
2019.896	1
2019.937	1
2019.975	1
2019.975	1
2019.841	1
2019.863	1
2019.844	1
2019.863	1
2019.844	1
2019.937	1
2019.838	1
2019.921	1
2019.915	1
2019.926	1
2019.937	1
2019.981	1
2019.934	1
2020.016	1
2019.915	1
2020.109	1
2019.929	1
2019.923	1
2019.942	1
2020.06	1
2019.986	1
2019.89	1
2019.89	1
2019.882	1
2019.942	1
2019.882	1
2019.967	1
2019.937	1
2019.942	1
2019.967	1
2020.019	1
2020.068	1
2019.964	1
2019.967	1
2020.005	1
2020.019	1
2020.033	1
2019.992	1
2020.005	1
2020.077	1
2020.109	1
2020.066	1
2019.975	1
2020.033	1
2020.008	1
2020.008	1
2020.112	1
2019.973	1
2019.97	1
2019.97	1
2020.057	1
2020.06	1
2020.079	1
2020.098	1
2020.036	1
2020.071	1
2019.981	1
2020.09	1
2020.085	1
2019.948	1
2019.964	1
2019.967	1
2019.964	1
2020.063	1
2019.907	1
2019.893	1
2019.871	1
2019.827	1
2019.156	1
2019.2	1
2019.364	1
2019.227	1
2019.364	1
2019.23	1
2019.995	1
2019.879	1
2019.995	1
2019.633	1
2019.359	1
2019.225	1
2019.956	1
2019.562	1
2020.019	1
2020.019	1
2020.005	1
2020.115	1
2020.15	1
2020.071	1
2020	1
2020	1
2019.849	1
2019.844	1
2019.975	1
2020.041	1
2020.057	1
2019.948	1
2019.948	1
2020.036	1
2019.989	1
2020.082	1
2020.167	1
2020.025	1
2020.022	1
2020.074	1
2020.036	1
2020.036	1
2020.142	1
2020.085	1
2020.077	1
2020.093	1
2020.096	1
2020.052	1
2019.753	1
2020.052	1
2019.77	1
2019.751	1
2019.907	1
2019.89	1
2019.89	1
2019.901	1
2019.896	1
2019.888	1
2019.866	1
2019.868	1
2019.904	1
2020.041	1
2020.008	1
2020.008	1
2019.868	1
2019.986	1
2019.844	1
2019.833	1
2019.833	1
2019.89	1
2019.89	1
2019.784	1
2019.784	1
2019.833	1
2019.833	1
2019.948	1
2020.022	1
2019.995	1
2019.967	1
2020.09	1
2020.169	1
2020.055	1
2020.019	1
2019.975	1
2019.986	1
2020.093	1
2020.071	1
2020.019	1
2019.499	1
2019.781	1
2019.499	1
2020.033	1
2019.233	1
2019.433	1
2019.43	1
2019.764	1
2019.638	1
2019.34	1
2019.34	1
2019.332	1
2019.479	1
2019.34	1
2019.34	1
2019.542	1
2019.488	1
2019.332	1
2019.332	1
2019.332	1
2019.345	1
2019.323	1
2019.323	1
2019.211	1
2019.274	1
2018.844	1
2019.003	1
2019.096	1
2018.964	1
2018.967	1
2019.063	1
2019.277	1
2018.844	1
2019.219	1
2019.077	1
2019.164	1
2019.06	1
2019.145	1
2019.192	1
2019.107	1
2019.293	1
2019.219	1
2019.219	1
2019.219	1
2019.304	1
2019.181	1
2019.099	1
2019.11	1
2019.216	1
2019.23	1
2019.244	1
2019.238	1
2019.214	1
2018.792	1
2018.811	1
2018.896	1
2018.896	1
2018.811	1
2019.008	1
2019.022	1
2019.074	1
2019.063	1
2019.055	1
2019.063	1
2019.082	1
2019.074	1
2019.068	1
2019.036	1
2019.038	1
2019.033	1
2019.058	1
2019.047	1
2019.058	1
2019.068	1
2019.082	1
2019.016	1
2019.027	1
2019.063	1
2019.096	1
2019.115	1
2019.148	1
2019.219	1
2019.17	1
2019.134	1
2019.233	1
2019.104	1
2019.123	1
2019.175	1
2019.186	1
2019.214	1
2019.192	1
2019.126	1
2019.129	1
2019.208	1
2019.233	1
2019.241	1
2019.219	1
2019.093	1
2019.093	1
2019.112	1
2019.2	1
2019.192	1
2019.178	1
2019.167	1
2019.156	1
2019.153	1
2019.142	1
2019.145	1
2019.085	1
2019.159	1
2019.222	1
2019.214	1
2019.271	1
2019.096	1
2019.096	1
2019.156	1
2019.093	1
2019.121	1
2019.233	1
2019.258	1
2019.197	1
2019.252	1
2019.211	1
2019.211	1
2019.137	1
2019.197	1
2019.175	1
2019.189	1
2019.17	1
2019.178	1
2019.164	1
2019.164	1
2019.17	1
2019.17	1
2019.156	1
2019.151	1
2019.151	1
2019.153	1
2019.14	1
2019.14	1
2019.142	1
2019.121	1
2019.121	1
2019.249	1
2019.227	1
2019.263	1
2019.247	1
2019.238	1
2019.238	1
2019.236	1
2019.233	1
2019.236	1
2019.227	1
2019.23	1
2019.233	1
2019.233	1
2019.211	1
2019.211	1
2019.268	1
2019.384	1
2019.041	1
2019.041	1
2019.151	1
2019.307	1
2019.058	1
2019.249	1
2019.118	1
2019.178	1
2019.208	1
2019.107	1
2018.995	1
2019.137	1
2019.132	1
2019.17	1
2019.392	1
2019.244	1
2019.238	1
2019.211	1
2019.205	1
2019.263	1
2019.2	1
2019.247	1
2018.932	1
2019.244	1
2019.14	1
2019.038	1
2019.096	1
2019.027	1
2019.09	1
2019.118	1
2019.14	1
2019.145	1
2019.074	1
2019.068	1
2019.044	1
2019.077	1
2019.063	1
2019.151	1
2019.121	1
2019.195	1
2019.06	1
2019.203	1
2019.249	1
2019.236	1
2019.285	1
2019.173	1
2019.247	1
2019.274	1
2019.192	1
2019.321	1
2019.271	1
2019.153	1
2019.162	1
2019.31	1
2019.14	1
2019.041	1
2019.197	1
2019.189	1
2019.208	1
2019.132	1
2019.23	1
2019.115	1
2019.178	1
2019.214	1
2019.145	1
2019.178	1
2019.219	1
2019.258	1
2019.132	1
2019.123	1
2019.225	1
2019.214	1
2019.227	1
2019.186	1
2019.186	1
2019.263	1
2019.279	1
2019.288	1
2019.236	1
2019.142	1
2019.06	1
2018.899	1
2019.071	1
2019.077	1
2018.995	1
2019.203	1
2019.173	1
2019.019	1
2019.29	1
2019.244	1
2019.244	1
2019.011	1
2018.986	1
2019.249	1
2019.082	1
2019.123	1
2019.175	1
2019.216	1
2019.236	1
2019.074	1
2019.175	1
2019.175	1
2019.214	1
2019.241	1
2019.203	1
2019.186	1
2019.112	1
2019.195	1
2019.227	1
2019.162	1
2019.268	1
2019.268	1
2019.019	1
2019.058	1
2019.041	1
2019.167	1
2019.192	1
2019.175	1
2019.293	1
2019.189	1
2019.189	1
2019.17	1
2019.288	1
2019.162	1
2019.112	1
2019.241	1
2019.142	1
2019.216	1
2019	1
2019.099	1
2019.274	1
2019.077	1
2019.058	1
2019.137	1
2019.104	1
2019.181	1
2019.137	1
2019.304	1
2019.233	1
2019.252	1
2019.208	1
2019.153	1
2019.189	1
2019.041	1
2019.162	1
2019.17	1
2019.189	1
2019.238	1
2019.233	1
2019.167	1
2019.329	1
2019.329	1
2019.236	1
2019.06	1
2019.101	1
2019.118	1
2019.214	1
2019.375	1
2019.704	1
2019.704	1
2019.704	1
2019.704	1
2019.422	1
2019.471	1
2019.767	1
2019.721	1
2019.493	1
2019.699	1
2019.723	1
2020.454	1
2019.521	1
2019.488	1
2019.479	1
2019.458	1
2019.482	1
2019.559	1
2020.036	1
2019.956	1
2020.014	1
2020.055	1
2019.858	1
2019.901	1
2019.91	1
2019.901	1
2019.868	1
2019.868	1
2019.858	1
2019.91	1
2019.91	1
2019.959	1
2019.964	1
2019.871	1
2020.038	1
2019.986	1
2019.995	1
2019.638	1
2019.668	1
2019.474	1
2019.707	1
2019.707	1
2019.688	1
2019.649	1
2019.77	1
2019.77	1
2019.668	1
2019.515	1
2019.652	1
2019.652	1
2019.726	1
2019.732	1
2019.732	1
2019.745	1
2019.726	1
2019.764	1
2019.701	1
2019.742	1
2019.485	1
2019.499	1
2019.482	1
2019.31	1
2019.301	1
2019.255	1
2019.14	1
2019.263	1
2019.326	1
2019.17	1
2019.271	1
2019.156	1
2019.112	1
2019.258	1
2019.137	1
2019.301	1
2019.255	1
2019.271	1
2019.266	1
2019.255	1
2019.2	1
2019.249	1
2019.227	1
2019.23	1
2019.236	1
2019.118	1
2019.255	1
2019.016	1
2019.112	1
2019.085	1
2019.107	1
2018.71	1
2018.827	1
2018.833	1
2019.37	1
2019.255	1
2019.29	1
2019.066	1
2019.115	1
2019.17	1
2019.178	1
2019.37	1
2019.389	1
2019.195	1
2019.334	1
2019.326	1
2019.427	1
2019.334	1
2019.359	1
2019.255	1
2019.249	1
2019.29	1
2019.11	1
2018.427	1
2018.334	1
2018.334	1
2018.441	1
2018.367	1
2018.433	1
2018.529	1
2018.534	1
2018.534	1
2018.26	1
2018.219	1
2018.088	1
2018.107	1
2018.107	1
2018.085	1
2018.093	1
2018.088	1
2018.096	1
2018.099	1
2018.101	1
2018.271	1
2018.047	1
2017.836	1
2017.836	1
2017.836	1
2017.923	1
2017.923	1
2017.926	1
2017.926	1
2018.353	1
2018.822	1
2018.252	1
2017.838	1
2018.142	1
2017.819	1
2017.83	1
2018.077	1
2018.099	1
2018.096	1
2018.868	1
2018.997	1
2018.997	1
2018.997	1
2018.573	1
2018.096	1
2017.836	1
2018.959	1
2018.959	1
2018.959	1
2018.926	1
2019.003	1
2019.003	1
2019.003	1
2018.682	1
2018.844	1
2019.082	1
2018.995	1
2018.997	1
2018.997	1
2019.192	1
2018.893	1
2019.025	1
2018.923	1
2019.085	1
2018.94	1
2018.986	1
2019.027	1
2019.159	1
2018	1
2018.912	1
2018.959	1
2018.967	1
2019.027	1
2019	1
2019	1
2018.953	1
2019.668	1
2018.995	1
2019.044	1
2019.074	1
2019.074	1
2019.162	1
2018	1
2019.142	1
2019.058	1
2018.967	1
2019.058	1
2018.981	1
2019.11	1
2019.096	1
2019.09	1
2018.978	1
2019.036	1
2019.063	1
2019.025	1
2018.967	1
2019.142	1
2018.967	1
2018.94	1
2019.096	1
2019.153	1
2019.118	1
2019.112	1
2019.132	1
2019.129	1
2019.173	1
2019.058	1
2019.101	1
2019.085	1
2019.022	1
2019.104	1
2019.082	1
2019.005	1
2018.97	1
2019.066	1
2019.06	1
2018.981	1
2019.041	1
2019.17	1
2018.981	1
2019.156	1
2018.945	1
2018.959	1
2018.997	1
2019.025	1
2019.038	1
2019.104	1
2018.989	1
2018.786	1
2018.986	1
2019.027	1
2019.016	1
2018.964	1
2018.836	1
2019.003	1
2019.101	1
2019.233	1
2019.167	1
2019.164	1
2019.077	1
2019.041	1
2019.17	1
2019.088	1
2019.101	1
2018.986	1
2019.005	1
2019.036	1
2019.068	1
2019.074	1
2019.068	1
2019.219	1
2018.737	1
2019.077	1
2019.173	1
2019.049	1
2019.036	1
2019.036	1
2019.033	1
2018.964	1
2018.696	1
2019.077	1
2019.071	1
2019.047	1
2019.077	1
2018.901	1
2019.03	1
2019.014	1
2019.082	1
2018.866	1
2019.063	1
2019.17	1
2019.189	1
2019.227	1
2019.041	1
2019.055	1
2019.036	1
2018.83	1
2018.852	1
2019.156	1
2019.008	1
2019.049	1
2019.041	1
2019.06	1
2019.123	1
2019.077	1
2019.112	1
2019.066	1
2019.033	1
2019.14	1
2019.027	1
2019.085	1
2019.058	1
2019.06	1
2019.134	1
2019.112	1
2019.192	1
2019.06	1
2019.027	1
2019.049	1
2019.049	1
2019.09	1
2018.868	1
2018.855	1
2018.997	1
2018.995	1
2019.09	1
2019.085	1
2019.022	1
2019.192	1
2019.162	1
2019.211	1
2019.14	1
2019.189	1
2019.189	1
2019.195	1
2019.058	1
2019.082	1
2019.099	1
2019.044	1
2019.036	1
2019.112	1
2018.984	1
2019.151	1
2019.195	1
2019.104	1
2019.121	1
2019.405	1
2019.499	1
2019.395	1
2019.09	1
2018.904	1
2019.058	1
2019.082	1
2019.063	1
2019.041	1
2019.164	1
2019.112	1
2019.137	1
2019.112	1
2019.096	1
2019.301	1
2019.852	1
2019.997	1
2019.17	1
2019.189	1
2019.184	1
2019.345	1
2019.405	1
2019.359	1
2019.285	1
2019.301	1
2019.381	1
2019.285	1
2019.378	1
2019.403	1
2019.288	1
2019.288	1
2019.378	1
2019.31	1
2019.403	1
2019.356	1
2019.299	1
2019.34	1
2019.279	1
2019.26	1
2019.236	1
2019.134	1
2019.178	1
2019.268	1
2019.299	1
2019.277	1
2019.255	1
2019.307	1
2019.384	1
2019.362	1
2019.351	1
2019.321	1
2019.216	1
2019.26	1
2019.808	1
2019.293	1
2019.063	1
2019.077	1
2019.044	1
2019.208	1
2019.329	1
2019.46	1
2019.786	1
2019.268	1
2019.468	1
2019.515	1
2020.134	1
2020.036	1
2020.022	1
2019.94	1
2020.093	1
2020.057	1
2020.139	1
2020.139	1
2020.148	1
2020.205	1
2020.167	1
2020.148	1
2020.205	1
2020.167	1
2019.926	1
2019.926	1
2020.077	1
2020.077	1
2020.216	1
2020.216	1
2020.216	1
2020.216	1
2020.112	1
2020.098	1
2020.082	1
2019.94	1
2019.825	1
2020.148	1
2019.855	1
2020.003	1
2019.849	1
2019.849	1
2019.915	1
2020.025	1
2020.082	1
2019.956	1
2020.025	1
2020.052	1
2019.984	1
2019.964	1
2020.022	1
2019.888	1
2019.888	1
2019.638	1
2019.312	1
2019.115	1
2019.153	1
2019.085	1
2019.175	1
2019.137	1
2018.986	1
2019.195	1
2019.17	1
2019.23	1
2019.118	1
2019.151	1
2019.203	1
2019.252	1
2019.074	1
2019.118	1
2019.118	1
2019.118	1
2019.175	1
2019.17	1
2019.153	1
2019.132	1
2019.077	1
2019.17	1
2019.156	1
2019.132	1
2019.208	1
2019.181	1
2019.227	1
2019.214	1
2019.063	1
2019.063	1
2019.118	1
2019.419	1
2019.764	1
2019.449	1
2019.551	1
2019.627	1
2019.255	1
2019.255	1
2019.375	1
2019.249	1
2019.4	1
2019.408	1
2019.403	1
2019.414	1
2019.466	1
2019.542	1
2019.625	1
2019.362	1
2019.488	1
2019.485	1
2019.282	1
2019	1
2018.995	1
2018.997	1
2018.964	1
2019.068	1
2018.948	1
2019.06	1
2019.016	1
2018.975	1
2018.997	1
2019.074	1
2019.074	1
2019.005	1
2019.068	1
2019.008	1
2019.008	1
2018.975	1
2018.995	1
2018.989	1
2018.981	1
2019.019	1
2019.074	1
2019.118	1
2019.17	1
2019.192	1
2019.09	1
2019.112	1
2019.134	1
2019.132	1
2018.973	1
2019.2	1
2019.222	1
2019.005	1
2019.038	1
2019.115	1
2019.129	1
2019.205	1
2019.145	1
2019.178	1
2019.079	1
2019.079	1
2019.079	1
2019.008	1
2019.205	1
2019.022	1
2019.044	1
2019.151	1
2019.151	1
2019.192	1
2019.236	1
2019.214	1
2019.214	1
2019.236	1
2019.227	1
2019.025	1
2019.036	1
2019.323	1
2019.016	1
2019.197	1
2018.934	1
2019.427	1
2019.14	1
2019.156	1
2019.101	1
2019.2	1
2019.134	1
2019.074	1
2019.181	1
2020.128	1
2019.671	1
2019.767	1
2019.767	1
2019.016	1
2019.041	1
2019.189	1
2019.003	1
2019.101	1
2019.055	1
2019.049	1
2019.047	1
2019	1
2018.926	1
2019.038	1
2019.038	1
2018.978	1
2018.967	1
2019.293	1
2019.189	1
2019	1
2019.216	1
2019.216	1
2019.156	1
2019.156	1
2019	1
2019.712	1
2019.063	1
2018.967	1
2018.912	1
2018.923	1
2019.074	1
2019.016	1
2019.058	1
2019.093	1
2019.093	1
2019.186	1
2019.162	1
2019.112	1
2019.786	1
2019.019	1
2019.227	1
2019.611	1
2019.066	1
2019.066	1
2019.132	1
2019.126	1
2019.112	1
2019.159	1
2019.079	1
2018.948	1
2019.23	1
2019.148	1
2019.088	1
2019.104	1
2019.058	1
2019.118	1
2019.036	1
2019.036	1
2019	1
2019.068	1
2019.104	1
2019.074	1
2019.074	1
2019.104	1
2018.825	1
2018.825	1
2018.948	1
2019.271	1
2019.137	1
2019.115	1
2019.115	1
2019.863	1
2019.504	1
2019.504	1
2019.523	1
2019.468	1
2019.315	1
2019.405	1
2019.43	1
2019.515	1
2019.564	1
2019.521	1
2019.236	1
2019.214	1
2019.17	1
2019.156	1
2019.123	1
2019.134	1
2019.216	1
2019.216	1
2019.195	1
2019.093	1
2019.142	1
2019.164	1
2019.181	1
2019.107	1
2019.186	1
2019.132	1
2019.14	1
2019.104	1
2019.093	1
2019.132	1
2019.178	1
2019.208	1
2019.104	1
2019.123	1
2019.162	1
2019	1
2019.066	1
2019.063	1
2019.181	1
2019.26	1
2019.26	1
2019.068	1
2019.17	1
2019.863	1
2019.841	1
2019.079	1
2019.036	1
2019.063	1
2018.986	1
2019.181	1
2019.014	1
2018.975	1
2019.085	1
2019.2	1
2019.101	1
2019.184	1
2019.167	1
2019.003	1
2019.389	1
2019.038	1
2019.019	1
2019.019	1
2019.019	1
2019.019	1
2019.019	1
2018.986	1
2019.022	1
2019.047	1
2019.137	1
2019.132	1
2019.129	1
2019.096	1
2019.318	1
2019.071	1
2019.132	1
2019.312	1
2018.964	1
2019.271	1
2019.211	1
2019.4	1
2019.318	1
2019.227	1
2019.49	1
2019.474	1
2019.477	1
2019.381	1
2019.384	1
2019.26	1
2019.362	1
2019.258	1
2019.373	1
2019.515	1
2019.189	1
2019.189	1
2019.211	1
2019.219	1
2019.118	1
2019.159	1
2019.208	1
2019.197	1
2019.195	1
2019.63	1
2019.575	1
2019.633	1
2019.748	1
2019.688	1
2019.63	1
2019.553	1
2019.592	1
2019.573	1
2019.748	1
2019.86	1
2020.197	1
2019.997	1
2019.997	1
2020.134	1
2020.057	1
2020.071	1
2020.077	1
2020.036	1
2020.191	1
2020.055	1
2020.038	1
2020.148	1
2020.038	1
2020.077	1
2020.134	1
2020.101	1
2020.167	1
2020.156	1
2020.096	1
2020.101	1
2020.014	1
2019.964	1
2020.098	1
2020.098	1
2020.131	1
2021.43	1
2021.43	1
2021.718	1
2021.792	1
2021.781	1
2021.699	1
2021.679	1
2021.679	1
2021.762	1
2021.795	1
2021.737	1
2021.611	1
2021.611	1
2021.699	1
2021.723	1
2021.803	1
2021.803	1
2021.97	1
2021.74	1
2021.77	1
2021.781	1
2021.775	1
2021.699	1
2021.74	1
2022.041	1
2021.83	1
2021.795	1
2021.808	1
2021.773	1
2021.805	1
2021.745	1
2021.789	1
2021.679	1
2021.679	1
2021.658	1
2021.641	1
2021.658	1
2021.712	1
2021.742	1
2021.775	1
2021.795	1
2021.932	1
2021.701	1
2021.71	1
2021.71	1
2021.71	1
2022.049	1
2021.868	1
2022.049	1
2021.871	1
2021.74	1
2021.693	1
2021.685	1
2021.685	1
2021.693	1
2021.721	1
2021.773	1
2021.874	1
2022.085	1
2021.882	1
2021.882	1
2021.734	1
2021.622	1
2021.723	1
2021.734	1
2021.745	1
2021.688	1
2021.69	1
2021.69	1
2021.688	1
2021.759	1
2021.764	1
2021.422	1
2021.422	1
2021.479	1
2021.479	1
2021.449	1
2021.449	1
2021.479	1
2021.479	1
2021.479	1
2021.471	1
2021.471	1
2021.762	1
2021.781	1
2021.74	1
2021.742	1
2021.699	1
2021.699	1
2021.677	1
2021.682	1
2021.732	1
2021.74	1
2021.701	1
2021.674	1
2021.696	1
2021.696	1
2021.471	1
2021.471	1
2021.742	1
2021.658	1
2021.688	1
2021.712	1
2021.614	1
2021.614	1
2021.803	1
2021.762	1
2021.855	1
2021.685	1
2021.756	1
2021.775	1
2021.679	1
2021.688	1
2021.808	1
2021.781	1
2021.77	1
2021.77	1
2021.784	1
2021.74	1
2021.795	1
2021.74	1
2021.715	1
2021.778	1
2022.038	1
2021.573	1
2021.573	1
2021.784	1
2021.688	1
2021.688	1
2021.715	1
2021.704	1
2020.079	1
2019.899	1
2019.901	1
2020.167	1
2020.09	1
2020.109	1
2020.172	1
2020.172	1
2020.09	1
2020.142	1
2020.025	1
2020.055	1
2020.055	1
2020.098	1
2020.074	1
2020.189	1
2020.071	1
2020.191	1
2020.087	1
2019.964	1
2020.096	1
2020.139	1
2020.191	1
2020.052	1
2020.033	1
2020.068	1
2020.044	1
2020.03	1
2020.033	1
2020	1
2020.189	1
2020.027	1
2020.156	1
2020.216	1
2020.038	1
2020.025	1
2020.082	1
2020.033	1
2020.022	1
2020.098	1
2020.079	1
2020.112	1
2020.191	1
2020.145	1
2020.074	1
2019.784	1
2020.183	1
2020.189	1
2020.12	1
2020.156	1
2020.134	1
2020.074	1
2020.052	1
2020.104	1
2020.057	1
2020.101	1
2020.194	1
2020.191	1
2020.156	1
2020.189	1
2020.074	1
2019.866	1
2019.918	1
2019.964	1
2019.964	1
2019.923	1
2020.014	1
2020.014	1
2020.03	1
2020.03	1
2019.989	1
2019.997	1
2020.014	1
2020.014	1
2020.014	1
2020.03	1
2019.995	1
2020.052	1
2020.044	1
2020.077	1
2020.055	1
2020.057	1
2020.063	1
2020.066	1
2020.074	1
2020.098	1
2020.098	1
2020.055	1
2020.055	1
2020.052	1
2020.049	1
2020.014	1
2020.117	1
2020.005	1
2019.989	1
2020.077	1
2020.014	1
2019.964	1
2020.101	1
2020.052	1
2020.156	1
2020.085	1
2020.107	1
2020.134	1
2020.156	1
2020.093	1
2020.134	1
2020.189	1
2020.109	1
2020.079	1
2020.09	1
2020.09	1
2020.071	1
2020.074	1
2020.077	1
2020.131	1
2020.156	1
2020.249	1
2020.077	1
2020.014	1
2019.964	1
2020.178	1
2020.167	1
2020.117	1
2019.89	1
2020.063	1
2020.063	1
2019.89	1
2020.074	1
2020.194	1
2020.156	1
2019.964	1
2020.052	1
2020.156	1
2020.156	1
2020.175	1
2020.158	1
2020.066	1
2020.052	1
2020.191	1
2020.09	1
2020.09	1
2020.055	1
2020.096	1
2020.172	1
2020.169	1
2020.142	1
2020.191	1
2020.172	1
2020.066	1
2020.115	1
2020.148	1
2020.098	1
2020.033	1
2020.027	1
2020.12	1
2020.09	1
2020.115	1
2020.085	1
2020.09	1
2020.085	1
2020.167	1
2020.186	1
2020.169	1
2020	1
2020.055	1
2020.148	1
2020.148	1
2020.161	1
2020.098	1
2020.033	1
2020.06	1
2020.098	1
2020.115	1
2020.079	1
2020.098	1
2020.109	1
2020.09	1
2020.101	1
2020.071	1
2020.011	1
2019.995	1
2020.057	1
2020.123	1
2020.041	1
2020.183	1
2020.112	1
2019.959	1
2019.959	1
2020.107	1
2020.131	1
2020.085	1
2020.082	1
2020.243	1
2020.189	1
2020.205	1
2020.071	1
2020.109	1
2020.098	1
2020.156	1
2020.137	1
2020.025	1
2020.15	1
2020.153	1
2020.156	1
2020.191	1
2020.074	1
2020.09	1
2020.134	1
2020.213	1
2020.175	1
2020.134	1
2020.156	1
2020.167	1
2020.101	1
2020.153	1
2020.189	1
2020.205	1
2020.09	1
2020.15	1
2020.169	1
2020.085	1
2020.189	1
2020.194	1
2020.148	1
2020.164	1
2020.175	1
2020.221	1
2020.117	1
2020.085	1
2020.134	1
2020.096	1
2020.134	1
2020.085	1
2020.063	1
2020.112	1
2020.199	1
2020.016	1
2020.189	1
2020.139	1
2020.139	1
2020.09	1
2020.003	1
2020.057	1
2020.033	1
2020.06	1
2020.071	1
2020.15	1
2020.148	1
2020.06	1
2020.101	1
2020.169	1
2020.18	1
2020.15	1
2020.167	1
2020.167	1
2020.169	1
2020.186	1
2020.169	1
2020.15	1
2020.15	1
2020.131	1
2020.169	1
2020.038	1
2020.137	1
2020.093	1
2020.12	1
2020.169	1
2020.03	1
2020.09	1
2020.077	1
2020.041	1
2020.128	1
2020.107	1
2020.101	1
2020.142	1
2020.098	1
2020.117	1
2020.071	1
2020.15	1
2020.139	1
2020.115	1
2020.063	1
2020.027	1
2020.055	1
2020.036	1
2020.148	1
2020.15	1
2020	1
2020.183	1
2020.164	1
2020.115	1
2020.077	1
2020.066	1
2020.041	1
2020.038	1
2020.169	1
2020.066	1
2020.016	1
2020.142	1
2020.191	1
2020.194	1
2020.063	1
2020.128	1
2020.096	1
2020.178	1
2020.164	1
2020.12	1
2020.063	1
2020.096	1
2020.06	1
2020.052	1
2020.038	1
2020.044	1
2020.169	1
2020.161	1
2020.191	1
2020.208	1
2020.153	1
2020.164	1
2020.019	1
2020.167	1
2020.175	1
2020.036	1
2020.15	1
2020.153	1
2020.186	1
2020.153	1
2020.079	1
2020.156	1
2020.109	1
2020.227	1
2020.074	1
2020.18	1
2020.197	1
2020.197	1
2020.169	1
2020.131	1
2020.156	1
2020.071	1
2020.082	1
2020.066	1
2020.071	1
2019.967	1
2020.216	1
2020.104	1
2020.082	1
2020.153	1
2020.148	1
2020.224	1
2020.148	1
2020.194	1
2020.014	1
2020.12	1
2020.216	1
2020.164	1
2020.093	1
2020.063	1
2020.033	1
2020.046	1
2020.191	1
2020.167	1
2020.183	1
2020.189	1
2020.175	1
2020.249	1
2020.183	1
2020.197	1
2020.153	1
2020.052	1
2020.142	1
2020.109	1
2020.164	1
2020.115	1
2020.104	1
2020.126	1
2020.115	1
2020.117	1
2020.12	1
2020.164	1
2020.164	1
2019.959	1
2020.194	1
2020.098	1
2020.191	1
2020.175	1
2020.164	1
2020.186	1
2020.199	1
2020.066	1
2020.109	1
2020.202	1
2020.202	1
2020.117	1
2020.18	1
2020.093	1
2020.079	1
2020.074	1
2020.068	1
2020.068	1
2020.068	1
2020.079	1
2020.074	1
2020.014	1
2020.079	1
2020.079	1
2020.131	1
2020.123	1
2020.063	1
2020.06	1
2020.093	1
2020.025	1
2020.074	1
2020.082	1
2020	1
2020.161	1
2020.191	1
2020.156	1
2020.137	1
2020.109	1
2020.15	1
2020.172	1
2020.098	1
2020.189	1
2020.189	1
2020.085	1
2020.175	1
2020.186	1
2020.15	1
2020.117	1
2020.153	1
2020.183	1
2020.205	1
2020.205	1
2020.063	1
2020.096	1
2020.071	1
2020.022	1
2020.077	1
2020.082	1
2020.191	1
2020.191	1
2020.06	1
2020.232	1
2020.096	1
2020.153	1
2020.153	1
2020.115	1
2020.183	1
2020.096	1
2020.172	1
2020.183	1
2020.167	1
2020.191	1
2020.085	1
2020.077	1
2020.148	1
2020.085	1
2020.145	1
2020.178	1
2020.09	1
2020.109	1
2020.145	1
2020.194	1
2020.189	1
2020.148	1
2020.131	1
2020.025	1
2020.109	1
2020.109	1
2020.205	1
2020.216	1
2020.167	1
2020.071	1
2020.033	1
2020.128	1
2020.128	1
2020.216	1
2020.128	1
2020.074	1
2020.137	1
2020.137	1
2020.23	1
2020.208	1
2020.189	1
2020.189	1
2020	1
2020.167	1
2020.178	1
2020.074	1
2020.148	1
2020.077	1
2020.071	1
2020.156	1
2019.921	1
2020.046	1
2020.049	1
2020.033	1
2020.041	1
2020.038	1
2020.112	1
2020.063	1
2019.953	1
2020.131	1
2020.046	1
2020.178	1
2020.033	1
2020.148	1
2020.082	1
2020.098	1
2020.131	1
2020.142	1
2020.169	1
2020.126	1
2020.175	1
2020.044	1
2020.074	1
2020.055	1
2020.071	1
2020.071	1
2020.139	1
2020.128	1
2020.055	1
2020.115	1
2020.036	1
2020.033	1
2020.109	1
2020.183	1
2020.085	1
2020.09	1
2020.022	1
2020.052	1
2020.079	1
2020.093	1
2020.18	1
2020.033	1
2020.112	1
2020.014	1
2020.06	1
2020.197	1
2020.074	1
2020.036	1
2020.161	1
2020.079	1
2020.082	1
2020.104	1
2020.096	1
2020.15	1
2020.09	1
2020.167	1
2020.071	1
2020.057	1
2020.005	1
2020.186	1
2019.901	1
2020.09	1
2020.03	1
2020.041	1
2020.191	1
2020.107	1
2020.104	1
2020.139	1
2020.15	1
2020.197	1
2020.082	1
2020.131	1
2020.041	1
2020.134	1
2020.169	1
2020.161	1
2020.027	1
2020.15	1
2020.148	1
2020.071	1
2019.986	1
2020.131	1
2020.167	1
2020.148	1
2020.202	1
2020.161	1
2020.178	1
2020.074	1
2020.153	1
2020.205	1
2020.071	1
2020.09	1
2020.139	1
2020.284	1
2020.055	1
2020.219	1
2020.158	1
2020.172	1
2020.197	1
2020.036	1
2020.055	1
2020.052	1
2020.057	1
2020.134	1
2020.057	1
2020.044	1
2020.077	1
2020.169	1
2020.074	1
2020.077	1
2020.104	1
2020.087	1
2020.101	1
2020.12	1
2020.038	1
2020.096	1
2020.134	1
2020.183	1
2020.205	1
2020.049	1
2020.164	1
2020.079	1
2020.194	1
2020.079	1
2020.156	1
2020.117	1
2020.128	1
2020.191	1
2020.137	1
2020.115	1
2020.137	1
2020.153	1
2020.077	1
2020.057	1
2020.033	1
2020.085	1
2020.191	1
2020.063	1
2020.033	1
2020.074	1
2020.06	1
2020.131	1
2020.205	1
2020.068	1
2020.014	1
2020.085	1
2020.087	1
2020.055	1
2020.036	1
2020.09	1
2020.041	1
2020.172	1
2020.041	1
2020.153	1
2020.087	1
2020.079	1
2020.041	1
2020.036	1
2020.071	1
2020.172	1
2020.148	1
2020.15	1
2020.101	1
2020.128	1
2020.098	1
2019.989	1
2020.046	1
2020.167	1
2020.071	1
2020.098	1
2020.134	1
2020.15	1
2020.148	1
2020.112	1
2020.038	1
2020.112	1
2020.186	1
2020.186	1
2020.172	1
2020.161	1
2020.158	1
2020.197	1
2020	1
2020.199	1
2020.191	1
2020.148	1
2020.202	1
2020.109	1
2020.044	1
2020.033	1
2020.033	1
2020.172	1
2020.057	1
2020.178	1
2020.158	1
2020.071	1
2020.131	1
2020.189	1
2020.191	1
2020.197	1
2020.199	1
2020.148	1
2020.077	1
2020.052	1
2020.057	1
2020.014	1
2020.139	1
2020.033	1
2019.995	1
2019.995	1
2020.175	1
2020.167	1
2020.074	1
2020.09	1
2020.112	1
2020.137	1
2020.186	1
2020.128	1
2020.066	1
2020.098	1
2020.145	1
2020.205	1
2020.057	1
2020.189	1
2020.183	1
2020.156	1
2020.145	1
2020.131	1
2020.191	1
2020.189	1
2020.148	1
2020.205	1
2020.09	1
2020.09	1
2020.112	1
2020.167	1
2020.249	1
2020.158	1
2020.139	1
2020.093	1
2020.156	1
2020.164	1
2020.169	1
2020.134	1
2020.115	1
2020.186	1
2020.098	1
2020.033	1
2020.104	1
2020.057	1
2020.167	1
2020.134	1
2020.142	1
2020.09	1
2020.082	1
2020.194	1
2020.158	1
2020.098	1
2020	1
2020.219	1
2020.033	1
2020.183	1
2020.082	1
2020.167	1
2020.158	1
2020.213	1
2020.148	1
2020.137	1
2020.093	1
2020.134	1
2020.175	1
2020.169	1
2020	1
2020	1
2020	1
2020.137	1
2020.137	1
2020.055	1
2020.109	1
2020.137	1
2020.016	1
2020.137	1
2020.186	1
2019.995	1
2020.117	1
2020.131	1
2020.109	1
2019.997	1
2020.148	1
2020.197	1
2020.096	1
2020.18	1
2020.175	1
2020.158	1
2020.183	1
2020.117	1
2020.098	1
2020.156	1
2020.109	1
2020.112	1
2020.109	1
2020.09	1
2020.041	1
2020.191	1
2020.205	1
2020.109	1
2020.112	1
2020	1
2020.169	1
2020.148	1
2020.038	1
2020.074	1
2020.139	1
2020.101	1
2020.077	1
2020.096	1
2020.044	1
2020.082	1
2020.126	1
2020.15	1
2020.128	1
2020.079	1
2020.109	1
2020.126	1
2020.134	1
2020.112	1
2020.208	1
2020.205	1
2020.074	1
2020.189	1
2020.169	1
2019.989	1
2020.167	1
2020.169	1
2020.156	1
2020.098	1
2020.205	1
2020.208	1
2020.199	1
2020.019	1
2020.09	1
2020.139	1
2020.008	1
2020.077	1
2020.055	1
2020.139	1
2020.161	1
2020.052	1
2020.079	1
2020.079	1
2020.09	1
2020.077	1
2020.186	1
2020.09	1
2020.169	1
2020.033	1
2020.098	1
2019.942	1
2019.942	1
2019.942	1
2019.942	1
2020.202	1
2020.109	1
2020.052	1
2020.175	1
2020.172	1
2020.112	1
2020.098	1
2020.158	1
2020.243	1
2020.153	1
2020.238	1
2020.09	1
2020.09	1
2020.23	1
2020.057	1
2020.057	1
2020.025	1
2019.973	1
2020.915	1
2020.191	1
2020.224	1
2020.019	1
2020.016	1
2019.973	1
2019.956	1
2019.956	1
2019.97	1
2019.97	1
2020.09	1
2020.005	1
2019.973	1
2020.093	1
2020.128	1
2020.025	1
2020.191	1
2020.014	1
2020.134	1
2020.074	1
2020.167	1
2020.232	1
2020.005	1
2020.055	1
2020.079	1
2020.112	1
2020.109	1
2020.063	1
2020.156	1
2020.06	1
2020.063	1
2020.063	1
2020.202	1
2020.175	1
2020.085	1
2020.101	1
2020.077	1
2020.074	1
2020.077	1
2020.175	1
2020.183	1
2020.172	1
2020.036	1
2020.019	1
2020.224	1
2020.224	1
2020.224	1
2020.126	1
2020.191	1
2020.12	1
2020.213	1
2020.137	1
2020.003	1
2019.942	1
2019.962	1
2020.057	1
2020.057	1
2020.041	1
2020.033	1
2019.951	1
2019.973	1
2019.973	1
2020.022	1
2020.025	1
2020.036	1
2020.055	1
2020.005	1
2020.046	1
2020.09	1
2020.071	1
2020.071	1
2020.03	1
2020.033	1
2019.945	1
2020.046	1
2020.093	1
2020.066	1
2020.074	1
2020.036	1
2020.09	1
2020.06	1
2020.068	1
2020.055	1
2020.038	1
2020.036	1
2020.044	1
2020.022	1
2020.022	1
2020.112	1
2020.036	1
2020.019	1
2020.074	1
2020.09	1
2020.139	1
2020.098	1
2020.15	1
2020.183	1
2020.131	1
2020.158	1
2020.074	1
2020.055	1
2020.071	1
2020.019	1
2020.057	1
2020.055	1
2020.022	1
2019.962	1
2020.09	1
2020.134	1
2020.148	1
2020.12	1
2020.205	1
2020.194	1
2020.117	1
2020.044	1
2020.033	1
2020.096	1
2020.044	1
2020.038	1
2020.014	1
2020.016	1
2020.066	1
2020.055	1
2020.074	1
2020.074	1
2020.071	1
2020.082	1
2020.145	1
2020.189	1
2020.09	1
2020.134	1
2020.109	1
2020.087	1
2020.066	1
2019.942	1
2020.194	1
2020.186	1
2020.191	1
2020.074	1
2020.158	1
2020.158	1
2020.139	1
2020.011	1
2020.06	1
2020.014	1
2020.098	1
2020.131	1
2020.041	1
2020.052	1
2020.041	1
2020.082	1
2020.066	1
2020.074	1
2020.066	1
2020.09	1
2020.101	1
2020.148	1
2020.167	1
2020.137	1
2020.134	1
2020.194	1
2020.09	1
2020.036	1
2020.036	1
2020.036	1
2020.036	1
2020.098	1
2020.098	1
2020.098	1
2020.098	1
2019.964	1
2020.003	1
2020.003	1
2020.003	1
2020.003	1
2019.912	1
2019.912	1
2020.15	1
2019.995	1
2020.137	1
2020.175	1
2020.055	1
2019.975	1
2020.027	1
2020.148	1
2020.191	1
2020.09	1
2020.169	1
2020.063	1
2020.044	1
2020.019	1
2020.178	1
2020.063	1
2019.942	1
2020.066	1
2020.131	1
2020.066	1
2020.139	1
2020.213	1
2020.137	1
2020.139	1
2020.041	1
2020.071	1
2020.153	1
2020.148	1
2020.112	1
2020.115	1
2019.951	1
2020.186	1
2020.093	1
2020.148	1
2020.117	1
2020.082	1
2020.142	1
2020.142	1
2020.096	1
2020.169	1
2020.079	1
2020.175	1
2020.189	1
2020.194	1
2020.036	1
2020.139	1
2020.186	1
2020.21	1
2020.189	1
2020.052	1
2019.975	1
2020.019	1
2020.055	1
2020.055	1
2020.063	1
2020.21	1
2020.033	1
2020.044	1
2020.025	1
2020.025	1
2020.044	1
2020.189	1
2020.098	1
2020.098	1
2020.098	1
2020.104	1
2020.104	1
2020.178	1
2020.09	1
2020.15	1
2020.044	1
2020.128	1
2020.139	1
2020.096	1
2020.082	1
2020.101	1
2020.052	1
2020.052	1
2020.079	1
2020.169	1
2020.112	1
2020.098	1
2020.137	1
2020.074	1
2020	1
2020.148	1
2020.096	1
2020.096	1
2020.112	1
2020.205	1
2020.21	1
2020.199	1
2020.052	1
2020.191	1
2020.191	1
2020.109	1
2020.055	1
2020.055	1
2020.016	1
2020.164	1
2020.205	1
2020.041	1
2020.087	1
2020.03	1
2020.038	1
2020.03	1
2020.093	1
2020.068	1
2020.074	1
2020.134	1
2020.115	1
2020.156	1
2020.101	1
2020.109	1
2020.117	1
2020.134	1
2020.063	1
2020.087	1
2020.071	1
2020.057	1
2020.057	1
2020.019	1
2020.036	1
2020.156	1
2020.038	1
2020.038	1
2020.169	1
2020.189	1
2020.186	1
2020.139	1
2020.06	1
2020.098	1
2020.128	1
2020.093	1
2020.109	1
2020.134	1
2020.098	1
2020.134	1
2020.139	1
2020.169	1
2020.019	1
2020.167	1
2020.156	1
2020.156	1
2020.134	1
2020.172	1
2020.153	1
2020.15	1
2020.189	1
2020.15	1
2020.079	1
2020.071	1
2020.194	1
2020.09	1
2020.115	1
2020.208	1
2020.15	1
2020.077	1
2020.055	1
2020.145	1
2020.09	1
2020.12	1
2020.131	1
2020.057	1
2020.15	1
2020.022	1
2020.077	1
2020.022	1
2020.033	1
2020.077	1
2020.21	1
2020.197	1
2020.079	1
2020.038	1
2020.033	1
2020.019	1
2020.164	1
2020.194	1
2020.093	1
2020.191	1
2020.112	1
2019.997	1
2020.055	1
2020.23	1
2020.137	1
2020.189	1
2020.208	1
2020.12	1
2020.172	1
2020.074	1
2020.197	1
2020.06	1
2020.06	1
2020.06	1
2019.89	1
2019.89	1
2020.077	1
2020.077	1
2020.06	1
2020.06	1
2020.109	1
2020.109	1
2020.167	1
2020.156	1
2020.134	1
2020.153	1
2020.194	1
2020.036	1
2020.074	1
2019.975	1
2020.107	1
2020.071	1
2020.131	1
2020.12	1
2020.205	1
2020.158	1
2020.055	1
2020.115	1
2020.205	1
2020.205	1
2020.208	1
2020.208	1
2020.115	1
2020.167	1
2020.178	1
2020.115	1
2020.175	1
2020.172	1
2020.205	1
2020.128	1
2020.008	1
2020.148	1
2020.044	1
2020.164	1
2020.128	1
2020.112	1
2020.027	1
2020.057	1
2020.098	1
2020.079	1
2020.041	1
2020.038	1
2020.068	1
2020.087	1
2020.071	1
2020.044	1
2020.112	1
2020.057	1
2020.049	1
2020.082	1
2020.21	1
2020.03	1
2020.03	1
2020.096	1
2020.148	1
2020.033	1
2020.057	1
2020.074	1
2020.019	1
2020.033	1
2020.126	1
2020.167	1
2019.192	1
2019.986	1
2019.307	1
2019.225	1
2019.173	1
2019.205	1
2019.296	1
2019.329	1
2019.329	1
2019.068	1
2019.247	1
2019.175	1
2019.121	1
2019.159	1
2019.159	1
2019.175	1
2019.101	1
2019.233	1
2019.293	1
2019.233	1
2018.882	1
2019.26	1
2019.14	1
2019.162	1
2019.17	1
2019.077	1
2019.077	1
2019.063	1
2019.112	1
2019.266	1
2019.211	1
2019.268	1
2019.096	1
2019.107	1
2019.115	1
2019.055	1
2019.074	1
2019.096	1
2019.055	1
2018.989	1
2018.948	1
2018.978	1
2018.964	1
2019.068	1
2018.992	1
2019.044	1
2019.274	1
2019.132	1
2019.159	1
2019.247	1
2019.205	1
2020.117	1
2019.2	1
2019.677	1
2019.079	1
2019.329	1
2019.263	1
2019.145	1
2019.216	1
2019.107	1
2018.923	1
2019.025	1
2018.871	1
2018.844	1
2018.915	1
2018.921	1
2018.926	1
2018.929	1
2018.918	1
2018.97	1
2018.951	1
2018.975	1
2018.989	1
2018.948	1
2019.022	1
2019.008	1
2018.956	1
2019.014	1
2019.06	1
2019.038	1
2019.079	1
2019.055	1
2019.025	1
2019.093	1
2019.142	1
2019.101	1
2018.986	1
2018.967	1
2018.962	1
2019.145	1
2019	1
2019.211	1
2019.255	1
2019.94	1
2019.822	1
2019.918	1
2019.162	1
2019.767	1
2019.841	1
2019.137	1
2019.118	1
2019.112	1
2019.112	1
2019.151	1
2019.137	1
2019.219	1
2019.115	1
2019.022	1
2019.195	1
2019.003	1
2018.901	1
2019.14	1
2019.236	1
2019.438	1
2019.658	1
2019.175	1
2019.455	1
2019.31	1
2019.321	1
2019.279	1
2019.288	1
2019.268	1
2019.222	1
2019.307	1
2019.411	1
2019.088	1
2019.175	1
2019.142	1
2019.175	1
2019.178	1
2019.159	1
2019.132	1
2019.153	1
2019.142	1
2019.132	1
2019.058	1
2019.255	1
2019.282	1
2019.214	1
2018.926	1
2019.101	1
2019.274	1
2019.277	1
2019.249	1
2019.299	1
2019.405	1
2019.189	1
2019.093	1
2019.184	1
2019.293	1
2019.529	1
2018.997	1
2018.885	1
2018.907	1
2019.066	1
2019.112	1
2018.877	1
2019.378	1
2019.433	1
2019.688	1
2019.633	1
2019.29	1
2018.992	1
2019.085	1
2019.107	1
2019.107	1
2019.118	1
2019.112	1
2019.238	1
2019.255	1
2019.195	1
2019.266	1
2019.271	1
2018.838	1
2018.899	1
2019.099	1
2019.151	1
2019.263	1
2019.263	1
2019.258	1
2019.236	1
2019.348	1
2019.751	1
2018.94	1
2018.989	1
2018.967	1
2019.225	1
2019.058	1
2019.137	1
2019.132	1
2019.104	1
2019.123	1
2018.951	1
2019.101	1
2019.151	1
2019.441	1
2019.479	1
2019.079	1
2018.953	1
2019.214	1
2019.589	1
2019.145	1
2019.967	1
2019.975	1
2019.975	1
2019.978	1
2019.967	1
2019.926	1
2019.967	1
2019.948	1
2019.948	1
2019.984	1
2019.995	1
2019.978	1
2020.005	1
2018.992	1
2019.962	1
2019.178	1
2019.159	1
2019.164	1
2019.153	1
2019.06	1
2019.003	1
2019.055	1
2019.118	1
2019.263	1
2019.096	1
2019.151	1
2019.096	1
2019.882	1
2019.882	1
2019.175	1
2019.17	1
2019.581	1
2019.638	1
2019.211	1
2019.29	1
2019.258	1
2019.263	1
2019.258	1
2019.285	1
2019.285	1
2019.353	1
2019.353	1
2019.742	1
2019.551	1
2019.595	1
2019.589	1
2019.099	1
2019.37	1
2019.373	1
2019.326	1
2019.326	1
2018.989	1
2018.94	1
2019.34	1
2019.521	1
2019.184	1
2019.482	1
2019.304	1
2019.285	1
2019.304	1
2019.079	1
2019.532	1
2020.077	1
2020.077	1
2019.668	1
2019.767	1
2019.534	1
2019.545	1
2019.351	1
2019.351	1
2019.479	1
2019.468	1
2019.482	1
2019.545	1
2019.589	1
2019.559	1
2019.556	1
2019.479	1
2019.485	1
2019.559	1
2019.449	1
2019.529	1
2019.529	1
2019.844	1
2019.904	1
2019.537	1
2019.488	1
2019.614	1
2019.614	1
2019.877	1
2019.877	1
2019.534	1
2019.488	1
2019.534	1
2019.69	1
2019.485	1
2019.479	1
2019.479	1
2019.266	1
2019.066	1
2019.044	1
2019.074	1
2019.296	1
2019.296	1
2019.263	1
2019.268	1
2019.296	1
2019.296	1
2019.307	1
2019.132	1
2019.104	1
2019.055	1
2019.126	1
2019.016	1
2019.016	1
2019.011	1
2019.008	1
2019.003	1
2019.156	1
2019.134	1
2019.036	1
2019.022	1
2018.885	1
2018.992	1
2018.986	1
2018.984	1
2018.981	1
2018.989	1
2018.814	1
2018.825	1
2018.822	1
2018.822	1
2018.822	1
2018.811	1
2018.945	1
2019.203	1
2019.153	1
2019.005	1
2018.997	1
2019.559	1
2019.137	1
2018.959	1
2019.003	1
2018.978	1
2019.027	1
2019.011	1
2019.099	1
2019.096	1
2019.159	1
2019.167	1
2019.041	1
2019.315	1
2019.203	1
2019.189	1
2019.159	1
2019.137	1
2019.156	1
2019.005	1
2019.058	1
2019.058	1
2019.058	1
2019.025	1
2019.115	1
2019.016	1
2019.153	1
2019.099	1
2019.123	1
2019.142	1
2019.263	1
2019.173	1
2019.159	1
2019.225	1
2019.162	1
2019	1
2019.005	1
2019.326	1
2019.085	1
2019.211	1
2019.175	1
2019.173	1
2019.197	1
2019.173	1
2018.929	1
2019.151	1
2019.189	1
2018.844	1
2018.863	1
2018.929	1
2018.929	1
2019.164	1
2019.151	1
2019.211	1
2018.699	1
2018.699	1
2018.699	1
2019.23	1
2018.929	1
2018.868	1
2019.005	1
2019.077	1
2019.115	1
2019.153	1
2019.173	1
2019.123	1
2019.06	1
2019	1
2019.216	1
2018.805	1
2019.044	1
2018.805	1
2018.912	1
2019.074	1
2019.452	1
2019.452	1
2019.452	1
2019.449	1
2019.449	1
2019.452	1
2019.137	1
2019.09	1
2018.899	1
2019.17	1
2019.016	1
2019.025	1
2019.025	1
2019.066	1
2019.058	1
2018.825	1
2018.825	1
2019.175	1
2019.112	1
2019.058	1
2019.132	1
2019.189	1
2018.962	1
2018.921	1
2019.047	1
2019.096	1
2019.019	1
2019.085	1
2019.055	1
2019.079	1
2019.068	1
2018.833	1
2018.822	1
2018.852	1
2018.907	1
2018.94	1
2018.94	1
2018.833	1
2019.044	1
2018.89	1
2019.019	1
2019.044	1
2019.362	1
2019.041	1
2018.699	1
2018.8	1
2018.885	1
2018.918	1
2018.699	1
2018.885	1
2018.885	1
2019.003	1
2019.06	1
2018.811	1
2019.088	1
2019.104	1
2019.093	1
2019.129	1
2019.153	1
2019.121	1
2019.2	1
2019.2	1
2018.907	1
2019.175	1
2019.071	1
2019.041	1
2019.203	1
2019.189	1
2019.189	1
2019.189	1
2019.123	1
2019.025	1
2019.085	1
2019.121	1
2019.063	1
2019.258	1
2019.096	1
2019.205	1
2019.175	1
2019.181	1
2019.063	1
2019.014	1
2019.014	1
2019.003	1
2019.077	1
2019.066	1
2019.063	1
2019.142	1
2019.137	1
2019.493	1
2019.458	1
2019.501	1
2019.17	1
2019.17	1
2019.096	1
2019.036	1
2019.071	1
2019.008	1
2019.2	1
2019.162	1
2019.03	1
2019.016	1
2019.011	1
2019.063	1
2019.011	1
2019.044	1
2019.112	1
2019.2	1
2019.23	1
2019.205	1
2019.255	1
2019.252	1
2019.101	1
2019.055	1
2019.14	1
2019.063	1
2019.101	1
2019.137	1
2019.019	1
2019.063	1
2019.148	1
2019.137	1
2019.016	1
2019.112	1
2019.027	1
2019.003	1
2019.074	1
2019.115	1
2019.145	1
2019.129	1
2019.068	1
2019.063	1
2019.118	1
2019.077	1
2019.753	1
2019.348	1
2019.077	1
2019.482	1
2019.397	1
2019.318	1
2019.422	1
2019.433	1
2019.4	1
2019.436	1
2019.373	1
2019.441	1
2019.378	1
2019.474	1
2019.151	1
2019.219	1
2019.079	1
2019.132	1
2019.43	1
2019.438	1
2019.507	1
2019.507	1
2019.29	1
2019.474	1
2019.118	1
2019.197	1
2019.197	1
2019.208	1
2019.038	1
2019.271	1
2019.025	1
2019.074	1
2019.205	1
2019.408	1
2019.304	1
2019.129	1
2019.192	1
2019.173	1
2019.099	1
2019.093	1
2019.255	1
2019.192	1
2019.247	1
2019.093	1
2019.252	1
2019.252	1
2019.195	1
2019.252	1
2019.216	1
2019.216	1
2019.164	1
2019.219	1
2018.992	1
2018.937	1
2018.937	1
2018.937	1
2019.025	1
2019.058	1
2018.995	1
2019.005	1
2019.025	1
2018.934	1
2019.115	1
2018.989	1
2018.951	1
2018.934	1
2019.025	1
2019.016	1
2018.951	1
2019.09	1
2019.096	1
2019.137	1
2019.099	1
2019.044	1
2018.989	1
2018.992	1
2018.986	1
2018.978	1
2019.005	1
2019.219	1
2019.03	1
2019.055	1
2018.997	1
2019.049	1
2019.249	1
2019.266	1
2019.101	1
2019.104	1
2019.17	1
2019.09	1
2019.074	1
2019.058	1
2019.444	1
2019.452	1
2019.208	1
2019.575	1
2019.863	1
2019.827	1
2019.841	1
2019.682	1
2019.682	1
2019.118	1
2019.142	1
2019.121	1
2019.279	1
2019.132	1
2019.038	1
2019.249	1
2019.132	1
2019.121	1
2019.247	1
2019.773	1
2019.444	1
2019.09	1
2019.534	1
2019.712	1
2019.186	1
2019.652	1
2019.852	1
2019.699	1
2019.279	1
2019.496	1
2019.096	1
2019.745	1
2019.707	1
2019.8	1
2019.8	1
2019.975	1
2019.578	1
2019.488	1
2019.477	1
2019.512	1
2019.521	1
2019.482	1
2019.482	1
2019.433	1
2019.414	1
2019.419	1
2019.271	1
2019.271	1
2019.208	1
2019.575	1
2019.559	1
2019.427	1
2019.441	1
2019.945	1
2019.984	1
2019.595	1
2019.715	1
2019.537	1
2019.537	1
2019.074	1
2019.055	1
2019.901	1
2019.181	1
2019.827	1
2019.901	1
2019.849	1
2019.866	1
2019.929	1
2020.036	1
2020.055	1
2020.019	1
2019.929	1
2020.186	1
2020.167	1
2019.921	1
2020.003	1
2019.984	1
2020.071	1
2020.038	1
2020.027	1
2020.158	1
2019.929	1
2020.008	1
2020.066	1
2019.786	1
2020.101	1
2020.033	1
2020.098	1
2020.014	1
2020.016	1
2020.016	1
2020.158	1
2020.251	1
2019.83	1
2020.055	1
2019.841	1
2019.959	1
2020.057	1
2020.016	1
2020.167	1
2020.156	1
2020.101	1
2020.093	1
2020.082	1
2020.12	1
2020.041	1
2020.131	1
2020.019	1
2020.038	1
2020.038	1
2020.172	1
2020.148	1
2020.169	1
2020.033	1
2020.011	1
2019.849	1
2019.995	1
2019.984	1
2020.038	1
2020.21	1
2020.197	1
2019.63	1
2019.688	1
2020.167	1
2020.44	1
2020.15	1
2020.15	1
2019.879	1
2020.12	1
2019.926	1
2019.926	1
2019.926	1
2019.926	1
2019.926	1
2020.194	1
2020.096	1
2020.055	1
2019.367	1
2020.077	1
2020.077	1
2020.12	1
2020.172	1
2020.079	1
2019.967	1
2020.052	1
2020.112	1
2020.055	1
2020.055	1
2020.117	1
2019.666	1
2019.94	1
2019.929	1
2019.942	1
2019.816	1
2019.915	1
2020.044	1
2019.975	1
2019.978	1
2019.967	1
2020.044	1
2020.036	1
2020.036	1
2019.995	1
2019.929	1
2020.12	1
2020.093	1
2020.12	1
2020.052	1
2020.139	1
2020.137	1
2020.036	1
2020.216	1
2020.12	1
2019.978	1
2019.967	1
2019.923	1
2020.197	1
2020.186	1
2020.172	1
2020.172	1
2020.112	1
2020.079	1
2020.107	1
2020.098	1
2020.057	1
2020.109	1
2020.115	1
2020.052	1
2020.115	1
2020.189	1
2020.087	1
2020.074	1
2020.055	1
2020.025	1
2020.137	1
2020.109	1
2020.156	1
2020.172	1
2020.189	1
2020.18	1
2019.899	1
2019.904	1
2019.904	1
2019.904	1
2019.945	1
2019.803	1
2020.128	1
2019.975	1
2019.942	1
2020.033	1
2020.055	1
2020.06	1
2019.956	1
2019.934	1
2019.915	1
2019.915	1
2019.967	1
2019.978	1
2019.934	1
2020.03	1
2020.197	1
2019.967	1
2019.934	1
2019.975	1
2020.158	1
2019.942	1
2020.139	1
2019.945	1
2019.945	1
2020.134	1
2019.975	1
2020.071	1
2020.109	1
2020.044	1
2019.962	1
2020	1
2020.098	1
2020.09	1
2020.025	1
2020.025	1
2020.033	1
2020.025	1
2020.033	1
2020.033	1
2020.057	1
2019.959	1
2019.978	1
2019.997	1
2019.923	1
2019.932	1
2019.967	1
2019.959	1
2020.09	1
2020.044	1
2020.052	1
2020.123	1
2020.175	1
2020.156	1
2020.112	1
2020.172	1
2020.167	1
2020.09	1
2020.09	1
2020.156	1
2020.175	1
2020.169	1
2020.112	1
2020.112	1
2020.079	1
2020.12	1
2020.158	1
2020.158	1
2020.112	1
2020.172	1
2020.172	1
2020.232	1
2020.156	1
2020.197	1
2020.175	1
2020.098	1
2020.178	1
2020.158	1
2019.992	1
2019.992	1
2020.148	1
2019.981	1
2020.117	1
2019.975	1
2019.975	1
2020.079	1
2020.055	1
2020.191	1
2020.005	1
2020.074	1
2020.055	1
2020.055	1
2020.044	1
2019.918	1
2019.885	1
2019.879	1
2019.89	1
2019.893	1
2019.871	1
2019.86	1
2019.86	1
2019.858	1
2019.937	1
2019.679	1
2019.636	1
2019.956	1
2019.951	1
2019.986	1
2019.986	1
2020.06	1
2020.098	1
2020.063	1
2020.063	1
2019.975	1
2019.975	1
2020.038	1
2020.057	1
2020.156	1
2020.022	1
2020.057	1
2020.169	1
2020.167	1
2020.172	1
2020.191	1
2020.191	1
2020.158	1
2019.959	1
2019.959	1
2019.959	1
2020.172	1
2020.189	1
2019.984	1
2019.907	1
2019.907	1
2020.027	1
2019.726	1
2019.956	1
2019.871	1
2019.83	1
2020.205	1
2020.205	1
2020.186	1
2020.186	1
2020.189	1
2019.71	1
2020.077	1
2020.186	1
2020.186	1
2020.178	1
2020.178	1
2020.158	1
2020.137	1
2019.893	1
2020.038	1
2020.06	1
2020.003	1
2020.016	1
2020.036	1
2020.016	1
2020.019	1
2020.052	1
2020.052	1
2020.041	1
2020.025	1
2020.036	1
2020.191	1
2019.951	1
2020.022	1
2020.052	1
2019.838	1
2020.191	1
2019.956	1
2019.526	1
2019.896	1
2020.049	1
2019.918	1
2019.866	1
2019.888	1
2019.849	1
2019.849	1
2019.805	1
2020.074	1
2020.044	1
2019.937	1
2020.093	1
2020.063	1
2020.21	1
2019.975	1
2019.94	1
2019.805	1
2019.94	1
2019.94	1
2019.926	1
2019.926	1
2020.03	1
2019.995	1
2020.093	1
2020.093	1
2020.09	1
2019.784	1
2019.879	1
2019.937	1
2020.156	1
2020.131	1
2020.014	1
2020.014	1
2020.175	1
2019.627	1
2019.636	1
2019.638	1
2019.625	1
2019.647	1
2019.685	1
2019.83	1
2019.685	1
2019.729	1
2019.849	1
2019.827	1
2019.849	1
2020.055	1
2020.033	1
2019.773	1
2019.973	1
2020.033	1
2020.033	1
2019.934	1
2020.139	1
2020.063	1
2020.156	1
2020.404	1
2020.145	1
2019.975	1
2019.668	1
2020.055	1
2020.191	1
2019.805	1
2019.841	1
2019.041	1
2019.184	1
2018.995	1
2019.263	1
2018.964	1
2018.882	1
2018.866	1
2018.879	1
2018.879	1
2018.899	1
2018.967	1
2018.89	1
2018.945	1
2018.978	1
2018.882	1
2019.019	1
2018.992	1
2019.038	1
2019.058	1
2019.058	1
2019.019	1
2018.967	1
2019.085	1
2019.115	1
2019.038	1
2019.123	1
2018.986	1
2018.948	1
2019.082	1
2019.088	1
2019.115	1
2019.003	1
2019.132	1
2019.068	1
2018.997	1
2018.89	1
2018.926	1
2018.921	1
2018.907	1
2018.951	1
2018.989	1
2018.97	1
2019.003	1
2019.03	1
2019.115	1
2018.978	1
2018.978	1
2019.014	1
2018.948	1
2019.022	1
2019.192	1
2019.052	1
2019.137	1
2019.06	1
2019.063	1
2019.058	1
2019.058	1
2019.06	1
2019.055	1
2019.06	1
2019.058	1
2019.055	1
2019.044	1
2019.134	1
2019.123	1
2019.14	1
2019.14	1
2019.134	1
2019.181	1
2019.178	1
2019.153	1
2019.205	1
2019.233	1
2019.233	1
2019.227	1
2019.203	1
2019.192	1
2019.181	1
2019.178	1
2019.23	1
2018.926	1
2018.926	1
2019.145	1
2018.912	1
2019.132	1
2019.134	1
2019.077	1
2019.071	1
2019.093	1
2019.219	1
2019.118	1
2019.195	1
2019.005	1
2018.948	1
2019.014	1
2018.951	1
2019.162	1
2019.266	1
2019.266	1
2019.129	1
2019.027	1
2018.959	1
2019.005	1
2018.986	1
2019.049	1
2019.151	1
2019.025	1
2019.019	1
2019.003	1
2018.97	1
2019.025	1
2019.06	1
2019.123	1
2019.17	1
2019.159	1
2019.019	1
2019.205	1
2019.463	1
2019.038	1
2019.726	1
2019.532	1
2019.477	1
2019.266	1
2019.271	1
2019.291	1
2019.195	1
2019.153	1
2019.019	1
2019.153	1
2019.118	1
2019.088	1
2019.079	1
2019.364	1
2019.093	1
2019.036	1
2019.036	1
2019.036	1
2019.764	1
2019.619	1
2019.789	1
2019.649	1
2019.619	1
2019.668	1
2019.962	1
2019.847	1
2019.833	1
2019.54	1
2019.652	1
2019.562	1
2019.66	1
2019.729	1
2019.367	1
2019.419	1
2019	1
2018.899	1
2019.085	1
2019.099	1
2019.063	1
2019.115	1
2018.833	1
2018.833	1
2019.071	1
2019.132	1
2019.611	1
2019.422	1
2019.422	1
2019.422	1
2019.422	1
2019.422	1
2019.422	1
2019.466	1
2019.515	1
2019.386	1
2019.386	1
2019.69	1
2019.403	1
2019.403	1
2019.405	1
2019.422	1
2019.477	1
2019.405	1
2019.403	1
2019.403	1
2019.422	1
2019.668	1
2019.688	1
2019.71	1
2019.718	1
2019.501	1
2019.526	1
2019.63	1
2019.151	1
2019.06	1
2019.099	1
2019.115	1
2019.164	1
2019.178	1
2019.29	1
2019.29	1
2019.214	1
2019.332	1
2019.4	1
2019.29	1
2019.364	1
2019.359	1
2019.447	1
2019.479	1
2019.452	1
2019.268	1
2019.46	1
2019.458	1
2019.025	1
2019.019	1
2019.019	1
2019.038	1
2019.036	1
2019.055	1
2019.041	1
2019.027	1
2018.997	1
2019.129	1
2019.093	1
2019.027	1
2018.814	1
2018.764	1
2018.814	1
2018.805	1
2019.055	1
2019.074	1
2019.238	1
2019.11	1
2019.247	1
2020.137	1
2019.123	1
2019.263	1
2019.605	1
2019.625	1
2019.518	1
2019.633	1
2019.104	1
2019.751	1
2019.844	1
2019.792	1
2019.775	1
2019.671	1
2019.742	1
2019.759	1
2019.803	1
2019.811	1
2019.811	1
2019.671	1
2019.742	1
2019.811	1
2019.677	1
2020	1
2019.803	1
2019.964	1
2019.871	1
2019.51	1
2019.386	1
2019.501	1
2019.482	1
2019.444	1
2019.482	1
2019.466	1
2019.496	1
2019.414	1
2019.532	1
2019.479	1
2019.468	1
2019.425	1
2019.449	1
2019.403	1
2019.416	1
2019.373	1
2019.438	1
2019.493	1
2019.474	1
2019.455	1
2019.49	1
2019.441	1
2019.438	1
2019.674	1
2019.416	1
2019.477	1
2019.471	1
2019.408	1
2019.427	1
2019.468	1
2019.378	1
2019.405	1
2019.397	1
2019.304	1
2019.384	1
2019.477	1
2019.419	1
2019.43	1
2019.46	1
2019.504	1
2019.458	1
2019.419	1
2019.422	1
2019.529	1
2019.386	1
2019.364	1
2019.482	1
2019.553	1
2019.386	1
2019.397	1
2019.474	1
2019.025	1
2019.148	1
2019.395	1
2019.381	1
2019.332	1
2019.441	1
2019.444	1
2019.425	1
2019.468	1
2019.471	1
2019.466	1
2019.471	1
2019.422	1
2019.441	1
2019.441	1
2019.427	1
2019.493	1
2019.436	1
2019.375	1
2018.945	1
2019.162	1
2019.197	1
2019.66	1
2019.597	1
2019.707	1
2018.923	1
2019.189	1
2019.211	1
2019.208	1
2019.203	1
2019.195	1
2019.195	1
2019.195	1
2019.23	1
2019.227	1
2019.219	1
2019.258	1
2019.233	1
2019.263	1
2019.282	1
2019.082	1
2019.216	1
2019.216	1
2019.151	1
2019.164	1
2019.173	1
2019.112	1
2019.249	1
2019.197	1
2019.175	1
2019.622	1
2019.17	1
2019.216	1
2019.066	1
2019.195	1
2019.299	1
2019.137	1
2019.208	1
2019.153	1
2019.236	1
2019.134	1
2019.178	1
2019.26	1
2019.186	1
2019.041	1
2019.167	1
2019.195	1
2019.211	1
2019.211	1
2019.208	1
2019.236	1
2019.121	1
2019.655	1
2019.271	1
2019.14	1
2019.263	1
2019.556	1
2019.693	1
2019.148	1
2019.211	1
2019.2	1
2019.219	1
2019.222	1
2019.167	1
2019.167	1
2019.482	1
2019.422	1
2019.493	1
2019.756	1
2019.233	1
2019.252	1
2019.236	1
2019.208	1
2019.23	1
2019.14	1
2019.189	1
2019.2	1
2019.219	1
2019.208	1
2019.189	1
2019.074	1
2019.077	1
2019.112	1
2019.132	1
2019.222	1
2019.222	1
2018.893	1
2018.989	1
2018.989	1
2019.033	1
2018.989	1
2019.044	1
2019.079	1
2019.038	1
2018.989	1
2019.027	1
2019.09	1
2019.151	1
2019.153	1
2019.227	1
2019.14	1
2019.137	1
2019.137	1
2019.134	1
2019.129	1
2019.192	1
2019.192	1
2019.189	1
2019.189	1
2019.189	1
2019.186	1
2019.181	1
2019.181	1
2019.181	1
2019.181	1
2019.178	1
2019.178	1
2019.178	1
2019.178	1
2019.175	1
2019.173	1
2019.173	1
2019.17	1
2019.167	1
2019.164	1
2019.164	1
2019.164	1
2019.164	1
2019.162	1
2019.162	1
2019.159	1
2019.159	1
2019.156	1
2019.156	1
2019.156	1
2019.153	1
2019.153	1
2019.153	1
2019.151	1
2019.151	1
2019.151	1
2019.148	1
2019.142	1
2019.142	1
2019.211	1
2019.211	1
2019.208	1
2019.208	1
2019.205	1
2019.2	1
2019.197	1
2019.197	1
2019.195	1
2019.195	1
2019.192	1
2019.192	1
2019.247	1
2019.23	1
2019.216	1
2019.216	1
2019.23	1
2019.227	1
2019.222	1
2019.222	1
2019.266	1
2019.227	1
2019.153	1
2019.074	1
2019.132	1
2019.37	1
2019.085	1
2019.293	1
2019.288	1
2019.156	1
2019.241	1
2019.674	1
2019.674	1
2019.542	1
2019.208	1
2019.203	1
2019.197	1
2019.318	1
2019.312	1
2019.559	1
2019.211	1
2019.134	1
2019.145	1
2019.192	1
2019.307	1
2019.332	1
2019.291	1
2019.074	1
2019.074	1
2019.178	1
2019.216	1
2019.159	1
2019.211	1
2019.175	1
2019.118	1
2019.112	1
2019.197	1
2018.959	1
2018.97	1
2018.951	1
2019.241	1
2019.296	1
2019.047	1
2019.099	1
2018.833	1
2018.997	1
2019.178	1
2019.118	1
2019.233	1
2019.266	1
2019.06	1
2019.597	1
2019.216	1
2019.203	1
2019.216	1
2019.416	1
2019.123	1
2019.195	1
2019.214	1
2019.211	1
2019.195	1
2019.219	1
2019.211	1
2019.2	1
2019.219	1
2019.219	1
2019.074	1
2018.995	1
2019.093	1
2019.227	1
2019.203	1
2018.97	1
2019.277	1
2019.079	1
2018.91	1
2019.005	1
2018.984	1
2018.973	1
2018.962	1
2018.959	1
2019.041	1
2019.052	1
2019.019	1
2018.967	1
2019.104	1
2019.123	1
2019.293	1
2019.162	1
2019.074	1
2018.984	1
2019.268	1
2018.888	1
2019.016	1
2019.058	1
2019.049	1
2019.129	1
2018.964	1
2019.611	1
2019.173	1
2019.523	1
2019.523	1
2019.178	1
2018.877	1
2019.208	1
2019.123	1
2019.466	1
2019.482	1
2019.482	1
2019.482	1
2019.482	1
2019.482	1
2019.482	1
2019.293	1
2019.214	1
2019.534	1
2019.537	1
2019.534	1
2019.252	1
2019.304	1
2019.31	1
2019.444	1
2019.173	1
2018.907	1
2019.145	1
2019.123	1
2019.227	1
2019.06	1
2019.211	1
2019.362	1
2019.189	1
2019.189	1
2019.186	1
2019.279	1
2019.384	1
2019.321	1
2019.436	1
2019.455	1
2019.381	1
2019.345	1
2019.515	1
2019.285	1
2019.285	1
2019.438	1
2019.447	1
2019.268	1
2019.551	1
2019.512	1
2019.586	1
2019.501	1
2019.479	1
2019.504	1
2019.466	1
2019.532	1
2019.501	1
2019.504	1
2019.395	1
2019.321	1
2019.46	1
2019.471	1
2019.266	1
2019.575	1
2019.575	1
2019.688	1
2019.688	1
2019.679	1
2020.134	1
2019.674	1
2019.616	1
2020.033	1
2020.033	1
2019.688	1
2019.636	1
2020.093	1
2020.033	1
2019.4	1
2019.499	1
2019.512	1
2019.37	1
2019.512	1
2019.504	1
2019.356	1
2019.359	1
2019.405	1
2019.573	1
2019.573	1
2019.471	1
2019.463	1
2020.087	1
2020.063	1
2019.712	1
2020.109	1
2020.112	1
2020.134	1
2020.205	1
2020.153	1
2020.137	1
2020.21	1
2020.21	1
2020.21	1
2020.115	1
2019.436	1
2019.384	1
2019.364	1
2019.378	1
2019.515	1
2019.405	1
2019.452	1
2019.592	1
2019.559	1
2019.54	1
2019.288	1
2019.271	1
2019.068	1
2019.216	1
2019.197	1
2019.474	1
2019.479	1
2019.219	1
2019.071	1
2019.049	1
2019.09	1
2019.088	1
2019.112	1
2019.192	1
2019.126	1
2019.31	1
2019.208	1
2019	1
2019.471	1
2019.348	1
2019.132	1
2018.849	1
2019.408	1
2019.208	1
2018.877	1
2018.882	1
2018.874	1
2018.89	1
2018.885	1
2018.871	1
2018.882	1
2018.899	1
2018.899	1
2019.277	1
2019.271	1
2019.255	1
2019.26	1
2018.882	1
2018.888	1
2018.885	1
2018.89	1
2018.901	1
2018.899	1
2018.893	1
2018.896	1
2018.882	1
2018.863	1
2018.871	1
2018.877	1
2018.882	1
2018.871	1
2018.868	1
2018.885	1
2018.899	1
2018.888	1
2018.896	1
2018.89	1
2018.89	1
2018.868	1
2018.827	1
2018.893	1
2018.923	1
2018.912	1
2018.918	1
2018.899	1
2018.893	1
2018.921	1
2018.899	1
2019.112	1
2019.093	1
2019.156	1
2018.888	1
2019.17	1
2018.978	1
2019.101	1
2019.055	1
2019.068	1
2019.093	1
2019.044	1
2018.71	1
2019.112	1
2019.208	1
2019.238	1
2019.06	1
2019.197	1
2019.178	1
2019.37	1
2019.145	1
2019.041	1
2019.063	1
2019.047	1
2019.153	1
2018.726	1
2018.745	1
2018.885	1
2018.888	1
2018.882	1
2018.901	1
2018.888	1
2018.885	1
2018.874	1
2018.879	1
2018.879	1
2018.879	1
2018.877	1
2018.899	1
2018.929	1
2018.97	1
2019.005	1
2018.997	1
2018.953	1
2019.036	1
2018.981	1
2019.014	1
2019.063	1
2019.008	1
2018.94	1
2018.778	1
2019.063	1
2019.074	1
2019.019	1
2019.005	1
2018.789	1
2018.923	1
2019.038	1
2019.058	1
2019.016	1
2018.97	1
2019.077	1
2019.066	1
2019.074	1
2019.077	1
2018.997	1
2019	1
2019.036	1
2019.077	1
2019.074	1
2019.079	1
2019.071	1
2019.06	1
2019.049	1
2019.063	1
2019.049	1
2018.986	1
2019.063	1
2019.06	1
2019.036	1
2018	1
2019.093	1
2019.093	1
2019.099	1
2019.093	1
2019.153	1
2019.123	1
2019.112	1
2019.132	1
2019.129	1
2019.115	1
2019.227	1
2019.233	1
2019.23	1
2019.23	1
2019.175	1
2019.159	1
2019.238	1
2019.104	1
2019.173	1
2019.115	1
2019.129	1
2019.101	1
2019.121	1
2019.129	1
2019.096	1
2019.129	1
2019.156	1
2019.142	1
2019.186	1
2019.238	1
2019.151	1
2019.14	1
2019.299	1
2019.384	1
2019.332	1
2019.416	1
2019.192	1
2019.247	1
2019.208	1
2019.411	1
2019.395	1
2019.436	1
2019.351	1
2019.581	1
2019.189	1
2019.112	1
2019.142	1
2019	1
2019.364	1
2019.268	1
2019.268	1
2019.219	1
2019.137	1
2019.118	1
2019.06	1
2019.033	1
2019.266	1
2019.266	1
2019.252	1
2018.89	1
2019.14	1
2019.427	1
2019.425	1
2019.507	1
2019.496	1
2019.595	1
2019.649	1
2019.501	1
2019.551	1
2018.86	1
2019.367	1
2019.477	1
2019.981	1
2019.753	1
2019.723	1
2019.753	1
2019.685	1
2019.693	1
2019.704	1
2019.707	1
2019.729	1
2019.748	1
2019.838	1
2019.904	1
2019.745	1
2019.362	1
2019.153	1
2019.153	1
2019.09	1
2019.088	1
2019.167	1
2019.189	1
2019.674	1
2019.77	1
2019.732	1
2019.91	1
2020.003	1
2019.951	1
2019.789	1
2019.51	1
2019.54	1
2019.074	1
2019.121	1
2019.129	1
2019.063	1
2019.137	1
2019.384	1
2019.066	1
2019.173	1
2019.288	1
2019.071	1
2019.86	1
2019.025	1
2019.479	1
2019.466	1
2019.367	1
2019.479	1
2019.751	1
2020.21	1
2019.767	1
2019.767	1
2020.052	1
2020.036	1
2019.956	1
2019.888	1
2019.929	1
2019.975	1
2020.074	1
2019.888	1
2019.888	1
2019.841	1
2019.786	1
2019.786	1
2019.688	1
2020.03	1
2020.027	1
2020.077	1
2020.052	1
2020.071	1
2019.923	1
2019.923	1
2019.912	1
2019.904	1
2019.904	1
2020.005	1
2019.937	1
2019.937	1
2019.918	1
2019.918	1
2019.882	1
2019.781	1
2019.849	1
2019.885	1
2019.882	1
2019.882	1
2019.852	1
2019.808	1
2019.877	1
2019.915	1
2019.885	1
2019.882	1
2019.882	1
2019.882	1
2019.852	1
2019.901	1
2019.877	1
2019.915	1
2019.926	1
2020.033	1
2020.003	1
2019.942	1
2019.959	1
2019.964	1
2019.918	1
2019.942	1
2019.877	1
2020.019	1
2020.019	1
2019.833	1
2019.841	1
2019.838	1
2019.833	1
2020.057	1
2019.981	1
2020.074	1
2020.041	1
2020.137	1
2020.107	1
2020.096	1
2020.063	1
2020.022	1
2019.94	1
2020.044	1
2019.989	1
2019.984	1
2019.992	1
2020.057	1
2020.068	1
2020.098	1
2020.107	1
2020.109	1
2020.098	1
2020.098	1
2020.109	1
2020.153	1
2020.128	1
2020.096	1
2019.868	1
2020.186	1
2020.172	1
2020.131	1
2020.112	1
2019.975	1
2019.975	1
2020.005	1
2020.077	1
2020.044	1
2020.044	1
2019.863	1
2020.197	1
2020.194	1
2020.189	1
2020.049	1
2019.984	1
2019.704	1
2019.805	1
2019.704	1
2019.852	1
2019.751	1
2019.882	1
2019.805	1
2019.885	1
2019.679	1
2019.819	1
2019.879	1
2019.918	1
2019.773	1
2019.726	1
2019.844	1
2019.726	1
2019.764	1
2019.844	1
2020.038	1
2019.764	1
2019.836	1
2019.756	1
2020.019	1
2020.057	1
2020.016	1
2020.128	1
2019.995	1
2019.995	1
2019.923	1
2020.005	1
2020.131	1
2019.896	1
2019.896	1
2020.09	1
2020.117	1
2019.929	1
2019.929	1
2019.956	1
2019.94	1
2020.101	1
2020.071	1
2020.022	1
2020.022	1
2020.022	1
2020.022	1
2019.814	1
2019.877	1
2019.877	1
2019.94	1
2019.959	1
2019.981	1
2019.978	1
2019.934	1
2019.959	1
2019.934	1
2020.033	1
2019.981	1
2019.978	1
2020.112	1
2020.063	1
2019.923	1
2020	1
2020.052	1
2020.052	1
2020.112	1
2019.959	1
2019.929	1
2020.06	1
2020.033	1
2020.033	1
2020.148	1
2019.995	1
2020.117	1
2020.016	1
2020.016	1
2020.016	1
2019.929	1
2020.161	1
2020.044	1
2020.016	1
2019.882	1
2019.964	1
2020.038	1
2019.929	1
2019.929	1
2019.956	1
2019.956	1
2020.046	1
2019.951	1
2019.959	1
2020.079	1
2020.101	1
2020.003	1
2020.022	1
2020.038	1
2019.942	1
2020.153	1
2020.101	1
2019.986	1
2020.093	1
2020.079	1
2020.019	1
2020.005	1
2019.907	1
2019.907	1
2019.942	1
2019.942	1
2019.975	1
2020.074	1
2019.929	1
2019.912	1
2019.929	1
2019.89	1
2019.89	1
2019.808	1
2019.918	1
2020	1
2019.668	1
2020.038	1
2019.923	1
2019.814	1
2019.918	1
2020.041	1
2019.964	1
2019.964	1
2020.008	1
2020.008	1
2019.959	1
2019.827	1
2019.797	1
2019.847	1
2019.918	1
2020.041	1
2019.956	1
2019.841	1
2019.764	1
2019.764	1
2019.808	1
2019.805	1
2020.038	1
2019.767	1
2019.671	1
2019.86	1
2019.764	1
2019.726	1
2019.866	1
2019.726	1
2019.674	1
2020.09	1
2019.975	1
2020.189	1
2019.622	1
2019.63	1
2019.718	1
2019.753	1
2019.753	1
2019.814	1
2019.923	1
2019.918	1
2019.726	1
2020.068	1
2019.751	1
2020.019	1
2020.014	1
2019.638	1
2019.712	1
2019.989	1
2019.792	1
2019.797	1
2019.789	1
2020.137	1
2019.964	1
2019.964	1
2020.063	1
2020.12	1
2020.082	1
2020.186	1
2020.011	1
2020.011	1
2020.178	1
2020.12	1
2020.019	1
2020.167	1
2020.074	1
2020.134	1
2020.167	1
2020.022	1
2020.087	1
2020.161	1
2019.929	1
2020.071	1
2020.033	1
2020.09	1
2019.962	1
2019.962	1
2019.962	1
2019.937	1
2020.014	1
2020.142	1
2020.153	1
2020.186	1
2020.134	1
2020.041	1
2020.167	1
2020.093	1
2020.101	1
2020.15	1
2020.066	1
2020.101	1
2020.03	1
2020.074	1
2019.844	1
2020.117	1
2020.117	1
2020.191	1
2019.907	1
2020.189	1
2020.041	1
2019.915	1
2020.077	1
2020.036	1
2020.112	1
2019.901	1
2020.022	1
2020.057	1
2020.087	1
2020.057	1
2020.066	1
2020.052	1
2020.005	1
2020.109	1
2020.109	1
2020.098	1
2020.109	1
2020.098	1
2020.044	1
2019.995	1
2019.918	1
2020.09	1
2020.003	1
2020.128	1
2020.074	1
2020.096	1
2020.158	1
2019.956	1
2019.956	1
2019.981	1
2019.921	1
2019.86	1
2019.86	1
2020.112	1
2020.063	1
2020.003	1
2020.003	1
2020.12	1
2020.036	1
2020.057	1
2020.169	1
2020.038	1
2020.189	1
2020.074	1
2020.093	1
2020.074	1
2020.085	1
2020.134	1
2020.06	1
2020.074	1
2020.071	1
2020.055	1
2020.09	1
2020.036	1
2019.995	1
2020.109	1
2020.055	1
2020.055	1
2020.186	1
2020.178	1
2020.079	1
2020.161	1
2020.153	1
2019.989	1
2020.014	1
2020.025	1
2020.112	1
2020.016	1
2019.995	1
2019.995	1
2020.087	1
2019.89	1
2019.888	1
2020.224	1
2019.978	1
2020.156	1
2020.033	1
2019.959	1
2019.956	1
2019.882	1
2019.882	1
2020.055	1
2020.008	1
2019.789	1
2019.789	1
2019.789	1
2020.186	1
2020.183	1
2020.148	1
2020.033	1
2020	1
2020.055	1
2020.074	1
2020.087	1
2020.06	1
2020.169	1
2020.169	1
2020.112	1
2020.115	1
2020.082	1
2020.079	1
2020.019	1
2020.055	1
2020.014	1
2020.178	1
2020.169	1
2020.057	1
2019.89	1
2020.046	1
2020.063	1
2020.005	1
2020.18	1
2020.09	1
2020.131	1
2020.148	1
2019.984	1
2019.984	1
2019.984	1
2020.041	1
2020.079	1
2020.06	1
2020.057	1
2020.063	1
2020.093	1
2020.194	1
2019.86	1
2020.082	1
2019.89	1
2020.027	1
2020.03	1
2019.978	1
2020.178	1
2020.06	1
2020.025	1
2020.079	1
2020.036	1
2020.033	1
2019.989	1
2019.899	1
2019.995	1
2019.995	1
2020.101	1
2020.085	1
2020.005	1
2019.989	1
2019.951	1
2020.093	1
2020.033	1
2020.041	1
2019.888	1
2019.948	1
2019.989	1
2020.063	1
2020.046	1
2019.901	1
2019.901	1
2019.997	1
2019.997	1
2020.191	1
2020.06	1
2020.019	1
2019.863	1
2020.172	1
2019.986	1
2020.093	1
2020.041	1
2020.142	1
2020.175	1
2020.158	1
2020.093	1
2020.077	1
2020.18	1
2020.131	1
2020.041	1
2020.027	1
2020.096	1
2020.066	1
2019.964	1
2019.964	1
2020.175	1
2020.071	1
2020.169	1
2020.082	1
2020.175	1
2020.153	1
2020.12	1
2020.139	1
2020.003	1
2020.071	1
2020.128	1
2020.019	1
2020.052	1
2020.09	1
2020.101	1
2020.033	1
2020.033	1
2020.055	1
2020.014	1
2020.068	1
2020.112	1
2020.107	1
2019.926	1
2019.923	1
2019.926	1
2019.923	1
2020.033	1
2020.022	1
2020.093	1
2020.036	1
2020.036	1
2020.011	1
2020.022	1
2020.071	1
2019.964	1
2020.153	1
2020.172	1
2020.101	1
2020.158	1
2020.142	1
2020.167	1
2020.153	1
2020.161	1
2020.052	1
2020.055	1
2020.066	1
2020.101	1
2019.942	1
2020.153	1
2020.038	1
2020.082	1
2020.202	1
2020.052	1
2020.183	1
2020.191	1
2020.189	1
2020.087	1
2020.041	1
2020.161	1
2020.109	1
2020.148	1
2020.079	1
2020.06	1
2020.068	1
2020.115	1
2020.016	1
2020.158	1
2020.049	1
2020.005	1
2020.077	1
2020.175	1
2020.071	1
2020.014	1
2020.15	1
2020.213	1
2019.921	1
2019.929	1
2019.885	1
2019.921	1
2019.929	1
2020.169	1
2019.863	1
2020.178	1
2020.139	1
2020.18	1
2020.12	1
2020.044	1
2020.003	1
2020.003	1
2020.112	1
2020.117	1
2019.956	1
2019.956	1
2020.033	1
2020.057	1
2019.981	1
2020.046	1
2020.038	1
2020.033	1
2020.038	1
2020.117	1
2020.101	1
2020.169	1
2020.167	1
2020.041	1
2020.09	1
2020.117	1
2020.186	1
2019.556	1
2019.781	1
2019.827	1
2019.827	1
2019.882	1
2019.721	1
2019.732	1
2019.732	1
2019.767	1
2019.899	1
2019.899	1
2019.91	1
2019.904	1
2019.923	1
2019.923	1
2019.94	1
2019.956	1
2019.904	1
2020.005	1
2019.899	1
2019.978	1
2019.967	1
2019.973	1
2019.986	1
2019.995	1
2019.942	1
2019.932	1
2019.827	1
2019.956	1
2020.027	1
2020.008	1
2020.022	1
2019.964	1
2020.036	1
2019.874	1
2020.046	1
2019.923	1
2019.967	1
2019.879	1
2020.011	1
2019.986	1
2019.973	1
2019.978	1
2019.981	1
2020.033	1
2020.066	1
2020.046	1
2020.046	1
2020.033	1
2020.033	1
2020.044	1
2020.055	1
2020.055	1
2020.071	1
2020.093	1
2020.077	1
2020.063	1
2020.074	1
2020.03	1
2020.019	1
2020.033	1
2020.033	1
2020.057	1
2020.087	1
2020.014	1
2020.011	1
2019.959	1
2019.951	1
2019.948	1
2020.098	1
2020.082	1
2020.117	1
2020.071	1
2020.071	1
2019.959	1
2020.096	1
2020.071	1
2020.014	1
2019.94	1
2020.085	1
2020.041	1
2019.992	1
2019.929	1
2019.951	1
2020.005	1
2020.033	1
2020.022	1
2019.986	1
2020.164	1
2020.038	1
2020.033	1
2020.085	1
2020.09	1
2020.134	1
2020.06	1
2020.156	1
2019.827	1
2019.962	1
2020.074	1
2020.074	1
2020.06	1
2020.077	1
2020.074	1
2019.803	1
2019.945	1
2019.942	1
2020.23	1
2020.117	1
2020.068	1
2020.066	1
2020.008	1
2019.956	1
2020.033	1
2020.025	1
2020.077	1
2020.112	1
2020.191	1
2020.008	1
2020.164	1
2020.033	1
2020.115	1
2020.172	1
2020.115	1
2020.098	1
2020.15	1
2020.096	1
2020.09	1
2020.172	1
2020.082	1
2020.134	1
2020.178	1
2020.098	1
2020.169	1
2020.098	1
2020.169	1
2020.197	1
2020.128	1
2020.077	1
2020.055	1
2020.131	1
2020.016	1
2020.003	1
2020.005	1
2019.934	1
2020.016	1
2019.995	1
2020.025	1
2020.153	1
2020.137	1
2020.005	1
2019.986	1
2020.101	1
2020.178	1
2020.033	1
2020.057	1
2020.046	1
2020.049	1
2020.038	1
2020.079	1
2020.079	1
2020.126	1
2020.096	1
2020.115	1
2020.041	1
2020.128	1
2020.005	1
2020.057	1
2020.063	1
2020.142	1
2020.172	1
2020.172	1
2020.044	1
2020.052	1
2019.992	1
2020.063	1
2020.093	1
2020.115	1
2019.962	1
2019.956	1
2019.989	1
2020.022	1
2019.959	1
2019.959	1
2020.011	1
2020.046	1
2020.243	1
2020.087	1
2020.085	1
2020.169	1
2020.09	1
2020.038	1
2020.117	1
2020.101	1
2020	1
2020.09	1
2019.989	1
2020.093	1
2020.128	1
2020.169	1
2020.068	1
2020.093	1
2020.027	1
2020.134	1
2020.172	1
2020.169	1
2020.131	1
2020.066	1
2020.068	1
2020.041	1
2020.087	1
2019.989	1
2020.003	1
2020.057	1
2020.057	1
2019.926	1
2020.038	1
2019.967	1
2020.09	1
2020.019	1
2020.057	1
2020.008	1
2020.06	1
2020.107	1
2020.077	1
2020.128	1
2020.134	1
2020.205	1
2020.131	1
2020.041	1
2020.197	1
2020.038	1
2020.109	1
2020.139	1
2020.06	1
2020.112	1
2019.94	1
2019.808	1
2020.148	1
2020.101	1
2020.169	1
2020.003	1
2020.123	1
2020.082	1
2020.071	1
2019.803	1
2020.077	1
2019.975	1
2019.975	1
2020.019	1
2020.005	1
2020.025	1
2020.046	1
2020.093	1
2020.112	1
2020.055	1
2020.008	1
2019.973	1
2020.027	1
2020.033	1
2020.044	1
2020.148	1
2020.093	1
2020.158	1
2020.055	1
2020.161	1
2020.066	1
2020.101	1
2020.087	1
2019.962	1
2019.962	1
2020.079	1
2020.063	1
2019.975	1
2020.109	1
2020.098	1
2020.098	1
2020	1
2020.063	1
2020.191	1
2019.959	1
2019.951	1
2019.997	1
2019.945	1
2019.984	1
2019.959	1
2019.951	1
2019.997	1
2019.945	1
2019.956	1
2019.984	1
2020.055	1
2020.033	1
2020.096	1
2020.112	1
2020.153	1
2020.093	1
2020.115	1
2020.014	1
2020.03	1
2020.019	1
2019.97	1
2020.016	1
2020.18	1
2020.153	1
2020.079	1
2020.055	1
2020.06	1
2020.025	1
2020.057	1
2020.044	1
2020.109	1
2019.907	1
2019.953	1
2020.071	1
2019.814	1
2020.085	1
2020.093	1
2020.093	1
2020.093	1
2020.093	1
2020.022	1
2020.044	1
2020.079	1
2020.046	1
2020.055	1
2020.06	1
2020.041	1
2020.057	1
2020.191	1
2020.096	1
2020.016	1
2020.169	1
2020.158	1
2019.888	1
2019.888	1
2020.21	1
2019.923	1
2020.063	1
2020.087	1
2020.055	1
2020.189	1
2020.055	1
2019.652	1
2019.688	1
2019.685	1
2020.148	1
2020.022	1
2019.784	1
2020.186	1
2021.052	1
2020.036	1
2020.033	1
2020.128	1
2019.948	1
2020.011	1
2020.148	1
2020.134	1
2020.049	1
2020.09	1
2020.156	1
2020.128	1
2020.09	1
2020.109	1
2020.205	1
2020.199	1
2020.096	1
2020.126	1
2019.893	1
2019.893	1
2019.975	1
2019.942	1
2019.992	1
2020.011	1
2019.984	1
2020.027	1
2020.038	1
2020.03	1
2019.975	1
2020.005	1
2020.093	1
2019.956	1
2020.074	1
2019.975	1
2020.079	1
2020.175	1
2020.063	1
2020.06	1
2020.189	1
2020.096	1
2020.158	1
2020.197	1
2020.197	1
2020.019	1
2020.049	1
2020.087	1
2020.074	1
2020.183	1
2020.15	1
2020.169	1
2020.077	1
2021.148	1
2021.148	1
2021.277	1
2021.277	1
2020.131	1
2020.115	1
2020.036	1
2020.128	1
2020.117	1
2020.205	1
2020.022	1
2020.019	1
2020.033	1
2019.989	1
2020.153	1
2020.036	1
2020.205	1
2020.036	1
2020.033	1
2020.027	1
2020.224	1
2020.041	1
2020.156	1
2019.962	1
2020.112	1
2020.025	1
2020.025	1
2019.964	1
2019.964	1
2019.885	1
2019.885	1
2019.942	1
2019.942	1
2019.97	1
2020.014	1
2021.318	1
2021.055	1
2021.055	1
2021.444	1
2021.449	1
2020.038	1
2020.186	1
2019.962	1
2019.962	1
2019.962	1
2019.959	1
2019.956	1
2020.066	1
2019.964	1
2019.964	1
2020.09	1
2020.107	1
2020	1
2020.101	1
2020.131	1
2020.109	1
2019.942	1
2019.942	1
2019.962	1
2020.036	1
2020.027	1
2020.025	1
2020.074	1
2020.09	1
2020.087	1
2020.153	1
2020.077	1
2020.079	1
2020.041	1
2020.033	1
2020.019	1
2020.172	1
2020.172	1
2020.18	1
2020.109	1
2020.194	1
2020.057	1
2020.169	1
2019.899	1
2019.967	1
2020.063	1
2020.071	1
2020.189	1
2020.098	1
2020.057	1
2020.005	1
2020.128	1
2020.057	1
2020.139	1
2020.085	1
2019.921	1
2020.115	1
2019.751	1
2019.756	1
2019.833	1
2019.833	1
2019.753	1
2019.847	1
2019.764	1
2019.77	1
2020.016	1
2020.12	1
2019.926	1
2019.901	1
2020.077	1
2019.97	1
2019.97	1
2019.975	1
2019.937	1
2019.937	1
2020.055	1
2020.169	1
2020.055	1
2020.055	1
2020.022	1
2019.94	1
2020.019	1
2020.098	1
2020.014	1
2020.038	1
2020.025	1
2020.093	1
2020.014	1
2020.044	1
2020.137	1
2020.016	1
2020.016	1
2020.071	1
2020.137	1
2020.156	1
2020.15	1
2020.055	1
2020.055	1
2020.096	1
2020.049	1
2020.046	1
2020.115	1
2020.016	1
2020.131	1
2019.767	1
2019.767	1
2019.767	1
2019.767	1
2019.767	1
2019.789	1
2020.074	1
2020.107	1
2020.131	1
2020.096	1
2020.096	1
2019.942	1
2019.942	1
2020.014	1
2020.014	1
2019.984	1
2019.984	1
2020.09	1
2020.219	1
2020.191	1
2020.189	1
2020.09	1
2020.191	1
2020.077	1
2020.093	1
2020.205	1
2020.12	1
2020.115	1
2020.112	1
2020.208	1
2020.175	1
2020.167	1
2020.194	1
2020.145	1
2020.153	1
2020.128	1
2020.041	1
2020.23	1
2020.23	1
2020.213	1
2020.052	1
2020.134	1
2020.044	1
2020.014	1
2019.992	1
2020.251	1
2019.995	1
2019.918	1
2019.91	1
2019.726	1
2019.597	1
2019.942	1
2019.885	1
2019.458	1
2019.458	1
2019.534	1
2019.537	1
2019.54	1
2019.458	1
2019.54	1
2019.458	1
2019.515	1
2019.521	1
2019.556	1
2019.896	1
2020.016	1
2019.929	1
2019.986	1
2019.877	1
2019.868	1
2019.874	1
2019.945	1
2019.989	1
2020.027	1
2019.964	1
2019.923	1
2019.729	1
2019.811	1
2019.63	1
2019.595	1
2020.142	1
2020.057	1
2020.014	1
2019.945	1
2019.838	1
2019.696	1
2020.044	1
2020.063	1
2020.175	1
2020.137	1
2020.139	1
2020.014	1
2019.953	1
2019.953	1
2019.838	1
2019.847	1
2019.874	1
2019.923	1
2019.899	1
2020.071	1
2020.128	1
2019.559	1
2019.603	1
2020.019	1
2020.033	1
2020.158	1
2020.041	1
2020.03	1
2020.036	1
2020.019	1
2020.052	1
2020.093	1
2020.033	1
2019.458	1
2019.688	1
2019.732	1
2020.093	1
2020.036	1
2020.036	1
2019.951	1
2020.169	1
2020.189	1
2020.09	1
2019.997	1
2019.942	1
2020.022	1
2019.962	1
2019.962	1
2019.926	1
2019.926	1
2020.112	1
2019.942	1
2019.942	1
2019.871	1
2019.904	1
2019.904	1
2019.915	1
2019.915	1
2019.964	1
2019.964	1
2019.945	1
2019.915	1
2019.981	1
2019.981	1
2019.945	1
2020.016	1
2020.041	1
2020.06	1
2019.97	1
2019.945	1
2019.995	1
2020.052	1
2020.074	1
2020.063	1
2020.158	1
2019.986	1
2020.082	1
2020.016	1
2020.096	1
2020.022	1
2020.172	1
2020.172	1
2020.036	1
2020.016	1
2020.003	1
2020.049	1
2020.041	1
2020.014	1
2019.995	1
2019.995	1
2020.158	1
2020.172	1
2020.115	1
2020.148	1
2020.025	1
2019.995	1
2020.019	1
2020.044	1
2020.191	1
2020.055	1
2020.06	1
2019.956	1
2019.929	1
2020.019	1
2020.019	1
2020.038	1
2020.063	1
2020.055	1
2019.937	1
2019.937	1
2020.172	1
2020.077	1
2019.858	1
2020.09	1
2020.145	1
2019.962	1
2019.833	1
2019.816	1
2019.918	1
2019.879	1
2019.921	1
2019.921	1
2019.942	1
2019.964	1
2019.964	1
2019.942	1
2020.005	1
2019.984	1
2019.986	1
2019.97	1
2019.97	1
2020.055	1
2020.074	1
2020.055	1
2020.052	1
2020.022	1
2020.112	1
2020.101	1
2020.033	1
2020.131	1
2020.038	1
2020.046	1
2020.014	1
2019.942	1
2020.033	1
2019.956	1
2020.033	1
2020.022	1
2020.128	1
2020.019	1
2019.789	1
2019.825	1
2019.986	1
2019.74	1
2019.827	1
2019.822	1
2019.775	1
2019.748	1
2019.816	1
2020.036	1
2019.901	1
2019.978	1
2019.948	1
2020.055	1
2019.912	1
2019.995	1
2019.948	1
2020.005	1
2020.189	1
2019.932	1
2020.06	1
2020.008	1
2020.036	1
2019.899	1
2019.899	1
2019.956	1
2020.167	1
2020.172	1
2019.975	1
2019.91	1
2019.899	1
2019.964	1
2019.945	1
2019.942	1
2020.033	1
2020.019	1
2019.995	1
2020.216	1
2020.216	1
2020.216	1
2020.216	1
2019.915	1
2019.967	1
2019.937	1
2019.956	1
2020.033	1
2020.036	1
2019.885	1
2019.715	1
2019.715	1
2019.715	1
2019.715	1
2019.715	1
2019.693	1
2019.721	1
2020.003	1
2019.682	1
2019.682	1
2020.06	1
2020.06	1
2019.773	1
2019.882	1
2020.019	1
2019.959	1
2019.833	1
2019.83	1
2019.899	1
2019.852	1
2019.847	1
2020.202	1
2019.904	1
2019.904	1
2020.057	1
2020.82	1
2020.82	1
2019.767	1
2019.515	1
2020.158	1
2020.158	1
2020.082	1
2019.975	1
2020.005	1
2020.016	1
2019.868	1
2019.945	1
2019.921	1
2020.033	1
2019.923	1
2020.014	1
2020.093	1
2020.057	1
2020.191	1
2019.003	1
2019.995	1
2020.169	1
2020.128	1
2020.003	1
2020.003	1
2019.94	1
2020.008	1
2020.128	1
2020.044	1
2019.956	1
2019.962	1
2019.962	1
2020.005	1
2020.153	1
2019.923	1
2019.89	1
2019.89	1
2019.778	1
2019.814	1
2019.803	1
2019.778	1
2019.915	1
2019.877	1
2019.915	1
2019.877	1
2019.803	1
2019.814	1
2019.778	1
2019.778	1
2019.942	1
2019.942	1
2019.986	1
2019.986	1
2020.167	1
2020.014	1
2020.148	1
2020.071	1
2019.964	1
2020.055	1
2019.956	1
2019.956	1
2020.175	1
2020.175	1
2019.959	1
2020.128	1
2020.03	1
2019.885	1
2019.992	1
2019.992	1
2020.038	1
2020.036	1
2019.915	1
2019.948	1
2019.948	1
2020.005	1
2020.098	1
2020.175	1
2019.94	1
2019.94	1
2020.014	1
2020.098	1
2019.844	1
2019.822	1
2019.923	1
2019.863	1
2019.863	1
2019.923	1
2019.923	1
2019.923	1
2019.959	1
2019.959	1
2019.929	1
2020.014	1
2019.995	1
2019.995	1
2019.975	1
2019.995	1
2019.975	1
2020.014	1
2020.005	1
2020.052	1
2019.959	1
2020.109	1
2019.997	1
2020.019	1
2019.989	1
2020.172	1
2020.107	1
2020.194	1
2020.096	1
2020.09	1
2020.057	1
2019.937	1
2019.937	1
2020.016	1
2020.09	1
2020.016	1
2020.096	1
2020.055	1
2020.052	1
2020.161	1
2020.025	1
2019.926	1
2019.995	1
2020.052	1
2020.156	1
2020.156	1
2020.033	1
2020.019	1
2020	1
2020.172	1
2020.038	1
2020.197	1
2020.12	1
2020.093	1
2020.052	1
2020.077	1
2019.921	1
2019.926	1
2020.128	1
2019.844	1
2019.959	1
2020.109	1
2020.145	1
2020.112	1
2020.093	1
2020.112	1
2020.178	1
2020.189	1
2020.189	1
2020.115	1
2020.18	1
2020.128	1
2020.09	1
2020.109	1
2020.18	1
2020.117	1
2020.158	1
2020.098	1
2020.117	1
2020.019	1
2020.036	1
2020.063	1
2020.074	1
2020.082	1
2020.057	1
2020.041	1
2020.038	1
2020.036	1
2019.973	1
2020.057	1
2020.033	1
2020.041	1
2020.098	1
2020.041	1
2020.057	1
2019.967	1
2019.97	1
2020.208	1
2020.057	1
2020.098	1
2020.052	1
2020.052	1
2019.997	1
2020.025	1
2020.101	1
2020.025	1
2020.025	1
2020.153	1
2020.038	1
2020.038	1
2020.022	1
2020.128	1
2020.12	1
2020.202	1
2019.918	1
2020.09	1
2020.169	1
2020.093	1
2020.074	1
2020.011	1
2020.137	1
2020.137	1
2020.137	1
2020.167	1
2019.805	1
2020.033	1
2020.033	1
2020.117	1
2019.937	1
2019.789	1
2020.175	1
2020.189	1
2019.885	1
2019.885	1
2020.172	1
2020.189	1
2020.128	1
2020.235	1
2020.235	1
2020.205	1
2020.128	1
2020.063	1
2020.205	1
2020.257	1
2020.257	1
2020.205	1
2019.937	1
2019.956	1
2019.838	1
2019.838	1
2019.825	1
2020.071	1
2019.91	1
2020.033	1
2020.09	1
2020.112	1
2020.126	1
2020.014	1
2020.044	1
2020.156	1
2020.016	1
2019.893	1
2019.956	1
2020.019	1
2020.079	1
2020.082	1
2020.082	1
2020.077	1
2019.904	1
2019.904	1
2020.041	1
2020.041	1
2020.044	1
2019.945	1
2019.959	1
2019.959	1
2019.901	1
2020.096	1
2019.951	1
2019.975	1
2019.967	1
2019.967	1
2019.967	1
2019.962	1
2019.964	1
2019.995	1
2019.978	1
2019.986	1
2019.888	1
2020.06	1
2019.893	1
2020.008	1
2020.055	1
2019.707	1
2019.973	1
2019.97	1
2020.019	1
2020.019	1
2019.882	1
2019.915	1
2019.945	1
2020.025	1
2020.019	1
2020.082	1
2020.074	1
2019.981	1
2019.97	1
2019.964	1
2020.016	1
2020.014	1
2020.014	1
2019.962	1
2020.016	1
2020.016	1
2020.074	1
2019.934	1
2020.172	1
2019.907	1
2019.995	1
2020.074	1
2020.148	1
2020.117	1
2019.942	1
2020.057	1
2020.033	1
2019.995	1
2019.962	1
2020.057	1
2020.011	1
2020.008	1
2019.786	1
2019.945	1
2020.033	1
2020.068	1
2019.879	1
2019.871	1
2020.09	1
2020.063	1
2020.068	1
2020.019	1
2020.03	1
2020.036	1
2020.033	1
2020.082	1
2020.066	1
2020.063	1
2020.071	1
2019.978	1
2019.978	1
2020.005	1
2019.984	1
2020.06	1
2019.956	1
2019.978	1
2019.868	1
2019.638	1
2019.921	1
2019.926	1
2019.921	1
2019.912	1
2019.877	1
2019.926	1
2019.899	1
2020.022	1
2019.986	1
2019.986	1
2020.019	1
2020.016	1
2020.016	1
2020.041	1
2019.964	1
2020.033	1
2020.016	1
2019.877	1
2020.098	1
2020.093	1
2020.186	1
2019.945	1
2019.984	1
2020.014	1
2020.085	1
2020.038	1
2020.077	1
2020.071	1
2020.046	1
2020.036	1
2020	1
2020	1
2020.005	1
2019.899	1
2020.052	1
2019.91	1
2020.011	1
2020.128	1
2019.962	1
2020.12	1
2020.15	1
2020.033	1
2020.014	1
2020.014	1
2020.014	1
2020.005	1
2020.178	1
2020.071	1
2020.191	1
2020.178	1
2020.153	1
2020.153	1
2020.131	1
2020.134	1
2020.148	1
2020.191	1
2021.219	1
2020.189	1
2020.153	1
2020.186	1
2020.093	1
2020.158	1
2019.819	1
2021.197	1
2021.249	1
2021.23	1
2021.162	1
2021.159	1
2021.167	1
2021.137	1
2021.184	1
2021.151	1
2021.178	1
2021.181	1
2021.164	1
2021.178	1
2021.148	1
2021.43	1
2021.071	1
2021.071	1
2021.071	1
2021.101	1
2021.055	1
2021.022	1
2021.852	1
2021.929	1
2021.836	1
2021.718	1
2021.937	1
2021.975	1
2022.008	1
2021.874	1
2021.822	1
2021.811	1
2021.712	1
2021.712	1
2021.759	1
2021.953	1
2021.118	1
2021.433	1
2021.332	1
2021.973	1
2021.94	1
2021.882	1
2021.874	1
2021.405	1
2021.405	1
2021.016	1
2021.496	1
2021.318	1
2021.4	1
2021.551	1
2021.545	1
2021.145	1
2021.195	1
2021.277	1
2021.332	1
2021.345	1
2021.447	1
2021.373	1
2021.501	1
2021.373	1
2021.238	1
2021.332	1
2021.405	1
2021.373	1
2021.43	1
2021.449	1
2021.447	1
2021.43	1
2021.427	1
2021.49	1
2021.238	1
2021.373	1
2021.499	1
2022.167	1
2022.153	1
2022.162	1
2022.096	1
2022.137	1
2022.047	1
2022.041	1
2022.044	1
2022.104	1
2022.142	1
2022.164	1
2022.063	1
2022.055	1
2022.104	1
2022.129	1
2022.085	1
2022.151	1
2022.099	1
2021.989	1
2022.085	1
2022.118	1
2022.118	1
2022.085	1
2022.082	1
2022.038	1
2022.137	1
2022.142	1
2021.816	1
2021.926	1
2022.145	1
2022.005	1
2022.101	1
2022.14	1
2022.159	1
2022.159	1
2022.17	1
2022.162	1
2022.123	1
2022.173	1
2022.17	1
2022.159	1
2022.153	1
2022.151	1
2022.148	1
2022.178	1
2022.123	1
2022.09	1
2020.913	1
2021.186	1
2021.132	1
2021.077	1
2021.129	1
2021.167	1
2021.178	1
2021.14	1
2021.178	1
2021.192	1
2021.195	1
2021.11	1
2021.164	1
2021.14	1
2021.115	1
2020.918	1
2021.093	1
2021.093	1
2021.518	1
2021.518	1
2021.518	1
2021.438	1
2021.46	1
2021.416	1
2021.762	1
2021.803	1
2021.912	1
2021.94	1
2021.94	1
2021.822	1
2021.97	1
2021.956	1
2021.879	1
2021.893	1
2021.49	1
2021.441	1
2021.764	1
2021.764	1
2021.764	1
2021.647	1
2021.647	1
2021.493	1
2021.471	1
2021.589	1
2021.589	1
2021.819	1
2021.841	1
2021.784	1
2021.855	1
2021.671	1
2021.699	1
2021.734	1
2021.718	1
2021.71	1
2021.756	1
2021.819	1
2021.819	1
2021.718	1
2021.784	1
2021.814	1
2021.663	1
2021.775	1
2021.797	1
2021.836	1
2021.8	1
2021.726	1
2021.742	1
2021.893	1
2021.86	1
2021.507	1
2021.468	1
2021.416	1
2021.416	1
2021.43	1
2021.055	1
2021.055	1
2021.016	1
2021.055	1
2021.093	1
2021.093	1
2021.126	1
2021.093	1
2021.093	1
2021.074	1
2020.915	1
2020.915	1
2020.044	1
2020.038	1
2019.871	1
2020.041	1
2020.057	1
2020.052	1
2020.003	1
2019.975	1
2020.005	1
2019.959	1
2019.945	1
2020.189	1
2019.923	1
2019.918	1
2019.918	1
2019.923	1
2019.973	1
2019.973	1
2019.962	1
2020.033	1
2019.879	1
2019.879	1
2019.959	1
2020.014	1
2020.071	1
2020.014	1
2019.841	1
2019.841	1
2020.016	1
2020.036	1
2020.044	1
2020.172	1
2020.022	1
2020.016	1
2020.003	1
2020.09	1
2020.074	1
2019.997	1
2019.94	1
2019.94	1
2020.019	1
2019.91	1
2020.158	1
2019.929	1
2020.153	1
2020.098	1
2019.858	1
2020.005	1
2020.093	1
2020.109	1
2020.005	1
2020.167	1
2020.025	1
2020.128	1
2020.186	1
2020.09	1
2020.123	1
2020.079	1
2020.038	1
2020.025	1
2020.126	1
2020	1
2020.06	1
2019.986	1
2019.937	1
2020.033	1
2020.806	1
2021.134	1
2021.373	1
2021.318	1
2021.195	1
2021.167	1
2021.123	1
2021.162	1
2021.195	1
2020.806	1
2021.167	1
2021.175	1
2021.405	1
2021.238	1
2021.332	1
2021.238	1
2021.26	1
2021.373	1
2020.708	1
2021.129	1
2021.184	1
2021.178	1
2021.184	1
2020.863	1
2021.066	1
2020.863	1
2021.071	1
2021.071	1
2021.14	1
2021.058	1
2021.225	1
2021.164	1
2021.123	1
2021.071	1
2021.101	1
2021.233	1
2021.123	1
2021.093	1
2021.068	1
2021.038	1
2021.173	1
2021.164	1
2021.17	1
2021.082	1
2021.126	1
2021.145	1
2021.085	1
2021.175	1
2021.123	1
2021.101	1
2021.192	1
2021.164	1
2021.058	1
2021.2	1
2021.068	1
2021.066	1
2021.096	1
2021.115	1
2021.115	1
2021.134	1
2021.115	1
2021.175	1
2021.115	1
2021.068	1
2020.88	1
2021.033	1
2021.033	1
2021.033	1
2021.074	1
2021.082	1
2020.866	1
2020.861	1
2020.863	1
2020.842	1
2020.844	1
2020.85	1
2020.809	1
2020.855	1
2020.836	1
2020.861	1
2020.869	1
2020.861	1
2020.852	1
2020.842	1
2020.844	1
2020.85	1
2020.869	1
2020.869	1
2020.842	1
2020.842	1
2020.869	1
2021.126	1
2021.126	1
2020.997	1
2021.011	1
2021.011	1
2021.011	1
2021.011	1
2020.995	1
2021.551	1
2021.51	1
2021.507	1
2021.315	1
2020.88	1
2020.762	1
2020.806	1
2020.997	1
2020.806	1
2020.809	1
2020.883	1
2021.099	1
2020.921	1
2020.183	1
2020.087	1
2020.071	1
2020.131	1
2020.167	1
2020.016	1
2019.934	1
2020.041	1
2020.079	1
2020.055	1
2020.022	1
2020.019	1
2019.986	1
2019.986	1
2019.959	1
2019.995	1
2020.019	1
2020.03	1
2020.074	1
2020	1
2020.019	1
2020.019	1
2020.014	1
2020.003	1
2020.115	1
2020.109	1
2020.014	1
2020.128	1
2020.071	1
2020.208	1
2020.167	1
2020.016	1
2020.022	1
2019.959	1
2019.964	1
2019.953	1
2020.172	1
2020.128	1
2020.178	1
2020.044	1
2020.189	1
2020.112	1
2019.995	1
2020.057	1
2020.041	1
2020.052	1
2020.063	1
2020.055	1
2020.055	1
2020.09	1
2020.055	1
2020.09	1
2020.09	1
2020.167	1
2020.167	1
2020.112	1
2020.112	1
2020.033	1
2020.074	1
2020.052	1
2020.055	1
2020.052	1
2020.074	1
2020.033	1
2019.773	1
2019.879	1
2019.879	1
2020.036	1
2019.923	1
2019.759	1
2019.759	1
2019.759	1
2019.896	1
2019.896	1
2019.759	1
2019.759	1
2019.759	1
2020.049	1
2019.967	1
2019.759	1
2019.759	1
2020.003	1
2020.003	1
2020.022	1
2019.964	1
2019.964	1
2019.795	1
2019.74	1
2019.819	1
2019.901	1
2019.907	1
2019.975	1
2020.09	1
2020.128	1
2020.191	1
2020.008	1
2020.046	1
2019.841	1
2020.038	1
2019.712	1
2020.107	1
2020.167	1
2020.167	1
2019.795	1
2020.071	1
2019.803	1
2020.167	1
2020.161	1
2020.139	1
2019.907	1
2019.888	1
2019.899	1
2020.011	1
2019.868	1
2019.868	1
2020.148	1
2020.093	1
2019.975	1
2020.036	1
2020.074	1
2020.191	1
2019.997	1
2020.022	1
2020.022	1
2019.715	1
2019.756	1
2019.756	1
2019.756	1
2019.756	1
2019.756	1
2019.756	1
2020.022	1
2020.131	1
2019.94	1
2019.926	1
2020.022	1
2020.022	1
2020.033	1
2020.243	1
2020.022	1
2020.117	1
2019.803	1
2019.923	1
2019.915	1
2019.915	1
2019.915	1
2019.915	1
2019.915	1
2019.94	1
2020.022	1
2020.011	1
2020.022	1
2019.956	1
2019.945	1
2019.945	1
2020.109	1
2020.057	1
2020.098	1
2020.15	1
2020.09	1
2019.94	1
2020.071	1
2020	1
2020.189	1
2020.063	1
2020.115	1
2019.995	1
2019.981	1
2019.962	1
2020.022	1
2020.036	1
2020.148	1
2019.956	1
2019.912	1
2019.945	1
2019.981	1
2019.978	1
2019.964	1
2019.962	1
2020.055	1
2020.003	1
2020.096	1
2020.066	1
2019.973	1
2020.055	1
2020.158	1
2019.956	1
2020.025	1
2020.003	1
2019.921	1
2020.06	1
2020.044	1
2019.863	1
2020.093	1
2020.041	1
2020.09	1
2020.044	1
2020.033	1
2020.145	1
2020.008	1
2020.098	1
2020.134	1
2020.109	1
2020.123	1
2020.071	1
2020.112	1
2019.945	1
2019.871	1
2019.871	1
2019.967	1
2019.888	1
2019.97	1
2020.074	1
2020.071	1
2019.918	1
2019.849	1
2019.849	1
2019.877	1
2019.877	1
2019.89	1
2019.89	1
2019.923	1
2019.923	1
2019.951	1
2019.989	1
2020.109	1
2019.836	1
2020.008	1
2019.984	1
2020.016	1
2019.912	1
2019.912	1
2019.896	1
2019.896	1
2020.15	1
2019.956	1
2019.956	1
2019.989	1
2020	1
2020	1
2019.808	1
2019.858	1
2019.858	1
2019.882	1
2019.701	1
2019.655	1
2019.671	1
2020	1
2020.09	1
2019.918	1
2020.016	1
2020.016	1
2020.093	1
2020.112	1
2020.208	1
2019.956	1
2019.926	1
2019.956	1
2019.956	1
2020.016	1
2020.134	1
2020.052	1
2019.975	1
2020.21	1
2020.175	1
2019.975	1
2019.805	1
2019.844	1
2019.901	1
2019.901	1
2019.764	1
2019.679	1
2019.792	1
2019.732	1
2019.775	1
2019.964	1
2019.964	1
2019.923	1
2019.992	1
2019.721	1
2019.614	1
2019.844	1
2020.191	1
2019.94	1
2019.937	1
2019.844	1
2020.014	1
2020.016	1
2019.86	1
2020.005	1
2020.016	1
2020	1
2019.822	1
2019.866	1
2019.962	1
2020.019	1
2020.191	1
2020.191	1
2020.016	1
2020.003	1
2020.096	1
2020.191	1
2019.962	1
2019.956	1
2020.019	1
2020.071	1
2019.956	1
2019.764	1
2020.134	1
2020.003	1
2020.003	1
2020.128	1
2019.97	1
2019.655	1
2019.655	1
2019.458	1
2019.458	1
2019.458	1
2019.655	1
2019.515	1
2019.258	1
2019.173	1
2019.271	1
2019.326	1
2019.285	1
2019.364	1
2019.077	1
2019.077	1
2019.118	1
2019.17	1
2019.121	1
2019.074	1
2019.088	1
2019.197	1
2019.047	1
2019.047	1
2019.093	1
2019.123	1
2019.022	1
2019.151	1
2019.159	1
2019.159	1
2019.115	1
2019.077	1
2019.112	1
2019.085	1
2019.255	1
2019.022	1
2019.227	1
2019.197	1
2019.216	1
2019.151	1
2019.249	1
2019.17	1
2019.077	1
2019.151	1
2019.463	1
2019.438	1
2019.436	1
2019.488	1
2019.395	1
2019.411	1
2019.504	1
2019.362	1
2019.37	1
2019.403	1
2019.414	1
2019.422	1
2019.337	1
2019.438	1
2019.4	1
2019.296	1
2019.334	1
2019.386	1
2019.356	1
2019.493	1
2019.468	1
2019.449	1
2019.468	1
2019.351	1
2019.433	1
2019.405	1
2019.337	1
2019.427	1
2019.474	1
2019.537	1
2019.463	1
2019.364	1
2019.488	1
2019.31	1
2019.474	1
2019.447	1
2019.671	1
2019.307	1
2019.233	1
2019.252	1
2019.466	1
2019.419	1
2019.466	1
2019.518	1
2019.214	1
2019.381	1
2019.386	1
2019.214	1
2019.162	1
2019.277	1
2019.23	1
2019.416	1
2019.375	1
2019.353	1
2019.326	1
2019.43	1
2019.364	1
2019.332	1
2019.395	1
2019.247	1
2019.068	1
2019.838	1
2019.638	1
2019.038	1
2019.499	1
2019.485	1
2019.447	1
2019.447	1
2019.46	1
2019.408	1
2019.384	1
2019.392	1
2019.553	1
2019.493	1
2019.616	1
2019.553	1
2019.726	1
2019.726	1
2019.444	1
2019.452	1
2019.181	1
2019.23	1
2019.219	1
2019.101	1
2019.447	1
2019.26	1
2019.488	1
2019.277	1
2019.129	1
2019.118	1
2019.14	1
2019.627	1
2019.778	1
2019.778	1
2019.534	1
2019.14	1
2019.975	1
2019.751	1
2019.967	1
2019.964	1
2020.137	1
2019.997	1
2019.578	1
2019.578	1
2019.523	1
2019.907	1
2019.885	1
2019.408	1
2019.403	1
2019.43	1
2019.403	1
2019.416	1
2019.416	1
2019.307	1
2019.551	1
2019.268	1
2019.414	1
2019.422	1
2019.425	1
2019.392	1
2019.414	1
2018.978	1
2019.378	1
2019.34	1
2018.945	1
2018.978	1
2018.995	1
2018.827	1
2019.888	1
2019.501	1
2019.293	1
2019.507	1
2019.06	1
2019.036	1
2019.118	1
2019.162	1
2019.214	1
2019.159	1
2018.984	1
2019.159	1
2019.233	1
2019.093	1
2019.134	1
2019.134	1
2019.162	1
2019.011	1
2019.173	1
2019.219	1
2019.173	1
2020.052	1
2019.962	1
2019.915	1
2020.055	1
2020.055	1
2020.071	1
2020	1
2019.959	1
2019.86	1
2019.849	1
2019.959	1
2020.003	1
2020.172	1
2020.128	1
2020.093	1
2019.345	1
2019.452	1
2019.518	1
2019.455	1
2019.293	1
2019.463	1
2019.548	1
2019.447	1
2019.721	1
2019.556	1
2019.71	1
2019.822	1
2019.767	1
2019.271	1
2019.364	1
2019.46	1
2019.679	1
2019.181	1
2019.014	1
2019.129	1
2019.041	1
2019.118	1
2019.167	1
2019.258	1
2019.315	1
2019.17	1
2019.178	1
2020.189	1
2019.504	1
2019.523	1
2019.219	1
2019.178	1
2018.882	1
2019.638	1
2019.293	1
2020.041	1
2019.504	1
2019.863	1
2019.77	1
2019.77	1
2019.8	1
2019.545	1
2019.827	1
2019.668	1
2019.66	1
2020.003	1
2020.046	1
2020.046	1
2020.055	1
2020.055	1
2019.57	1
2019.948	1
2019.422	1
2019.792	1
2019.784	1
2019.466	1
2019.507	1
2019.345	1
2020.077	1
2019.704	1
2019.773	1
2019.888	1
2019.677	1
2019.945	1
2019.945	1
2019.945	1
2019.918	1
2019.918	1
2019.789	1
2019.91	1
2020.052	1
2020.15	1
2020.224	1
2020.172	1
2020.23	1
2020.079	1
2020.074	1
2020.21	1
2020.205	1
2020.153	1
2020.167	1
2019.773	1
2019.986	1
2019.844	1
2019.63	1
2019.69	1
2019.605	1
2019.616	1
2019.767	1
2019.773	1
2019.074	1
2019.115	1
2019.184	1
2018.97	1
2019.296	1
2019.318	1
2019.367	1
2019.362	1
2019.362	1
2019.362	1
2019.362	1
2019.101	1
2019.022	1
2018.945	1
2019.208	1
2019.573	1
2019.342	1
2019.123	1
2019.271	1
2019.227	1
2019.082	1
2019.074	1
2018.863	1
2018.956	1
2019.038	1
2019.038	1
2019.214	1
2019.2	1
2019.2	1
2019.044	1
2019.044	1
2019.044	1
2018.882	1
2018.882	1
2018.882	1
2019.137	1
2019.121	1
2019.2	1
2019.189	1
2019.181	1
2019.233	1
2019.236	1
2019.134	1
2019.312	1
2019.307	1
2019.099	1
2019.216	1
2019.126	1
2019.123	1
2019.195	1
2019.189	1
2019.197	1
2019.214	1
2019.175	1
2019.052	1
2019.085	1
2019.044	1
2019.058	1
2019.06	1
2019.074	1
2019.118	1
2019.162	1
2019.17	1
2019.17	1
2019.151	1
2019.277	1
2019.115	1
2019.137	1
2019.142	1
2019.151	1
2019.058	1
2019.085	1
2018.874	1
2018.874	1
2018.888	1
2018.945	1
2018.904	1
2019.074	1
2018.904	1
2019.115	1
2019.058	1
2019.118	1
2018.997	1
2019.216	1
2019.049	1
2018.973	1
2019.09	1
2018.948	1
2018.981	1
2018.986	1
2018.975	1
2019.104	1
2018.981	1
2019.044	1
2019.011	1
2019.014	1
2019.06	1
2019.134	1
2019.164	1
2019.247	1
2019.074	1
2019.047	1
2019.005	1
2019.104	1
2019.236	1
2019.233	1
2019.112	1
2018.847	1
2019.219	1
2019.003	1
2019.11	1
2019.068	1
2019.31	1
2019.288	1
2019.126	1
2019.074	1
2019.055	1
2018.962	1
2019.134	1
2019.233	1
2017.866	1
2017.847	1
2017.866	1
2017.482	1
2017.814	1
2017.827	1
2017.836	1
2017.616	1
2018.027	1
2018.09	1
2017.167	1
2017.148	1
2017.208	1
2017.208	1
2017.252	1
2017.964	1
2017.91	1
2017.773	1
2017.773	1
2017.773	1
2018.044	1
2018.052	1
2018.184	1
2018.038	1
2018.156	1
2018.296	1
2018.392	1
2018.14	1
2018.162	1
2018.162	1
2018	1
2018.345	1
2018.422	1
2018.471	1
2018.471	1
2018.181	1
2018.082	1
2018.192	1
2018	1
2018.041	1
2017.953	1
2017.992	1
2017.929	1
2017.959	1
2018.619	1
2018.575	1
2018.575	1
2018.537	1
2018.441	1
2018.403	1
2018.373	1
2018.271	1
2018.575	1
2018.581	1
2018.406	1
2018.255	1
2018.482	1
2018.575	1
2018.562	1
2018.542	1
2018.542	1
2018.759	1
2018.099	1
2018.214	1
2018.556	1
2018.556	1
2018.523	1
2018.288	1
2018.485	1
2018.288	1
2018.523	1
2018.479	1
2018.479	1
2018.578	1
2018.575	1
2018.537	1
2018.537	1
2018.521	1
2018.515	1
2018.403	1
2018.501	1
2018.406	1
2018.09	1
2018.981	1
2019.082	1
2018.901	1
2018.827	1
2018.827	1
2018.693	1
2018.833	1
2018.866	1
2018.879	1
2018.833	1
2018.852	1
2018.732	1
2018.584	1
2018.696	1
2018.83	1
2018.786	1
2018.8	1
2018.825	1
2018.866	1
2018.732	1
2018.734	1
2018.674	1
2018.97	1
2018.997	1
2019.186	1
2019.186	1
2019.047	1
2018.962	1
2018.967	1
2017.992	1
2017.562	1
2017.562	1
2017.693	1
2017.932	1
2017.685	1
2017.685	1
2018.258	1
2018	1
2019.082	1
2017.814	1
2017.893	1
2017.847	1
2017.836	1
2017.847	1
2017.814	1
2017.814	1
2017.816	1
2018.003	1
2018.003	1
2017.901	1
2018.315	1
2018.003	1
2018.022	1
2018.14	1
2018.181	1
2017.879	1
2018.027	1
2018.027	1
2017.981	1
2018.047	1
2018.192	1
2018.279	1
2018.175	1
2018.192	1
2018.195	1
2018.197	1
2018.211	1
2018.23	1
2018.192	1
2017.866	1
2017.814	1
2019.184	1
2019.041	1
2019.195	1
2019.063	1
2019.266	1
2019.121	1
2019.033	1
2019.041	1
2019.058	1
2019.058	1
2019.189	1
2019.121	1
2019.142	1
2019.178	1
2019.132	1
2019.132	1
2019.123	1
2019.077	1
2019.181	1
2019.06	1
2019.178	1
2019.005	1
2019.022	1
2019.025	1
2019.162	1
2019.112	1
2019.079	1
2019.022	1
2018.962	1
2018.937	1
2018.967	1
2018.937	1
2018.951	1
2018.981	1
2018.932	1
2019.041	1
2018.978	1
2019.027	1
2019.036	1
2019.025	1
2019.036	1
2019.121	1
2019.175	1
2018.953	1
2018.992	1
2018.992	1
2019.058	1
2019.096	1
2019.2	1
2018.978	1
2019.203	1
2018.978	1
2018.992	1
2018.975	1
2019.145	1
2019.142	1
2019.175	1
2018.964	1
2018.912	1
2019.06	1
2019.323	1
2019.307	1
2019.323	1
2019.096	1
2019.096	1
2018.975	1
2018.975	1
2018.888	1
2019.123	1
2019.025	1
2019.019	1
2018.874	1
2018.986	1
2019.044	1
2019.074	1
2019.17	1
2019.173	1
2019.23	1
2019.066	1
2018.978	1
2019.016	1
2019.101	1
2019.101	1
2019.14	1
2018.981	1
2019.082	1
2019.115	1
2019.058	1
2019.027	1
2018.91	1
2018.978	1
2019.016	1
2018.981	1
2019.058	1
2019.074	1
2018.937	1
2018.951	1
2019.071	1
2018.978	1
2018.967	1
2019.077	1
2018.345	1
2018.277	1
2018.258	1
2018.258	1
2018.258	1
2018.11	1
2018.2	1
2018.153	1
2018.249	1
2018.162	1
2018.167	1
2018.189	1
2018.236	1
2018.279	1
2018.203	1
2018.23	1
2018.096	1
2018.181	1
2018.186	1
2018.855	1
2018.877	1
2019.003	1
2018.868	1
2018.863	1
2018.882	1
2018.929	1
2018.959	1
2019.003	1
2019.003	1
2018.967	1
2019.06	1
2019.047	1
2019.044	1
2019.005	1
2019.033	1
2018.934	1
2018.986	1
2018.888	1
2018.932	1
2019	1
2019.115	1
2019.041	1
2019.077	1
2019.112	1
2019.279	1
2019.279	1
2019.175	1
2018.986	1
2019.082	1
2018.986	1
2018.91	1
2019.019	1
2018.904	1
2019.025	1
2019.085	1
2019.025	1
2018.959	1
2019.019	1
2019.005	1
2019.022	1
2019.074	1
2019.085	1
2019.258	1
2019.271	1
2019.153	1
2019.181	1
2019.175	1
2019.175	1
2019.181	1
2019.014	1
2019.14	1
2019.214	1
2019.09	1
2019.137	1
2019.074	1
2019.066	1
2019.178	1
2019.077	1
2018.693	1
2019.019	1
2019.036	1
2019.219	1
2019.227	1
2019.211	1
2019.247	1
2019.096	1
2018.904	1
2018.953	1
2018.852	1
2018.885	1
2018.964	1
2018.885	1
2018.833	1
2018.833	1
2019.178	1
2019.175	1
2019.159	1
2019.17	1
2019.093	1
2019.121	1
2019.51	1
2019.189	1
2019.06	1
2019.17	1
2019.17	1
2019.197	1
2019.195	1
2019.132	1
2019.112	1
2019	1
2019.052	1
2019.134	1
2019.263	1
2019.247	1
2019.06	1
2019.219	1
2018.882	1
2018.896	1
2018.997	1
2019.025	1
2019.044	1
2018.882	1
2019.055	1
2019.055	1
2019.077	1
2019.066	1
2019.005	1
2019.066	1
2019.06	1
2019.019	1
2019.036	1
2019.058	1
2018.907	1
2019.137	1
2019.121	1
2019.148	1
2019.211	1
2019.247	1
2019.077	1
2019.156	1
2019.025	1
2019.115	1
2019.266	1
2019.082	1
2019.085	1
2019.112	1
2019.123	1
2019.208	1
2019.2	1
2019.197	1
2019.101	1
2018.967	1
2019.055	1
2019.066	1
2019.025	1
2019.189	1
2019.208	1
2019.008	1
2019.096	1
2018.984	1
2019.038	1
2019.173	1
2019.277	1
2018.882	1
2019.175	1
2019.132	1
2019.068	1
2019.123	1
2019.118	1
2019.055	1
2019.123	1
2019.123	1
2019.101	1
2018.995	1
2019.055	1
2019.121	1
2019.107	1
2018.984	1
2018.959	1
2019.019	1
2019.222	1
2019.241	1
2019.2	1
2019.079	1
2019.151	1
2019.096	1
2019.099	1
2019.104	1
2018.921	1
2018.926	1
2018.825	1
2019	1
2019.038	1
2019.068	1
2019.005	1
2019.025	1
2019.036	1
2019.025	1
2019.074	1
2019.074	1
2019.222	1
2019.14	1
2018.784	1
2018.784	1
2018.984	1
2019.104	1
2019.173	1
2019.112	1
2019.211	1
2019.134	1
2019.17	1
2019.041	1
2019.17	1
2019.036	1
2019.036	1
2019.195	1
2019.208	1
2019.203	1
2019.238	1
2019.271	1
2019.066	1
2019.156	1
2019.219	1
2019.921	1
2019.921	1
2019.929	1
2019.923	1
2019.773	1
2019.825	1
2019.814	1
2019.868	1
2019.858	1
2019.841	1
2019.814	1
2019.877	1
2019.877	1
2019.773	1
2020.025	1
2019.975	1
2019.975	1
2020.09	1
2020.101	1
2019.932	1
2019.932	1
2019.901	1
2019.767	1
2019.778	1
2019.94	1
2020.12	1
2019.808	1
2019.858	1
2019.858	1
2019.899	1
2019.899	1
2019.567	1
2019.923	1
2019.923	1
2019.926	1
2019.986	1
2019.986	1
2019.995	1
2019.986	1
2020.019	1
2019.953	1
2019.953	1
2019.959	1
2019.882	1
2019.882	1
2019.496	1
2019.649	1
2019.786	1
2019.592	1
2019.578	1
2019.649	1
2019.652	1
2019.649	1
2019.652	1
2019.54	1
2020.014	1
2020.014	1
2019.696	1
2019.973	1
2020	1
2019.685	1
2019.808	1
2019.808	1
2019.984	1
2019.808	1
2019.907	1
2019.907	1
2019.847	1
2019.438	1
2019.438	1
2019.515	1
2020.06	1
2019.918	1
2019.918	1
2019.633	1
2019.814	1
2019.71	1
2019.712	1
2019.616	1
2019.86	1
2019.562	1
2019.584	1
2019.614	1
2019.923	1
2019.923	1
2019.871	1
2019.773	1
2019.773	1
2019.636	1
2019.83	1
2019.83	1
2019.838	1
2019.562	1
2019.841	1
2020.008	1
2019.833	1
2019.814	1
2019.97	1
2019.964	1
2019.986	1
2020.011	1
2019.975	1
2019.978	1
2020.019	1
2019.995	1
2020.036	1
2019.551	1
2019.668	1
2019.668	1
2019.515	1
2020.014	1
2020.191	1
2020.191	1
2019.734	1
2019.86	1
2019.688	1
2020.117	1
2020.096	1
2019.986	1
2020.101	1
2019.795	1
2019.668	1
2019.668	1
2019.688	1
2019.712	1
2019.712	1
2019.844	1
2020.014	1
2019.885	1
2019.885	1
2020.025	1
2020.025	1
2019.696	1
2019.863	1
2019.814	1
2019.822	1
2019.822	1
2019.967	1
2020.071	1
2019.825	1
2019.942	1
2019.899	1
2020.052	1
2019.956	1
2020.093	1
2019.882	1
2020.041	1
2020.063	1
2020.038	1
2020.117	1
2019.844	1
2020.098	1
2019.707	1
2019.904	1
2019.904	1
2019.896	1
2019.964	1
2019.726	1
2019.608	1
2019.633	1
2019.808	1
2019.71	1
2019.729	1
2019.847	1
2019.951	1
2019.844	1
2019.951	1
2020.074	1
2019.655	1
2019.934	1
2019.934	1
2019.912	1
2020.044	1
2020.022	1
2019.893	1
2019.893	1
2019.937	1
2019.937	1
2020.011	1
2020.011	1
2019.899	1
2019.899	1
2019.929	1
2019.934	1
2020.06	1
2020.041	1
2019.764	1
2019.986	1
2019.775	1
2020.016	1
2020.036	1
2019.847	1
2020.008	1
2019.959	1
2019.962	1
2019.989	1
2020.128	1
2019.896	1
2019.784	1
2019.57	1
2019.619	1
2019.54	1
2019.433	1
2019.852	1
2019.975	1
2019.964	1
2019.964	1
2020.011	1
2020.011	1
2019.63	1
2019.63	1
2019.636	1
2019.636	1
2019.901	1
2019.822	1
2019.742	1
2019.674	1
2019.699	1
2019.69	1
2019.737	1
2019.674	1
2019.732	1
2019.904	1
2019.438	1
2019.578	1
2019.614	1
2019.559	1
2019.671	1
2019.433	1
2019.671	1
2019.822	1
2019.841	1
2019.438	1
2019.559	1
2019.866	1
2019.921	1
2019.866	1
2019.921	1
2019.932	1
2019.863	1
2019.827	1
2019.882	1
2019.882	1
2019.984	1
2019.904	1
2019.948	1
2019.948	1
2019.967	1
2019.838	1
2020.068	1
2020.082	1
2019.893	1
2019.91	1
2019.937	1
2020.06	1
2020.068	1
2019.89	1
2020.016	1
2020.033	1
2020.014	1
2019.984	1
2019.978	1
2020.082	1
2020.008	1
2020.008	1
2019.962	1
2019.989	1
2019.885	1
2020.016	1
2019.975	1
2019.937	1
2019.94	1
2019.986	1
2019.967	1
2019.929	1
2020.041	1
2019.986	1
2019.997	1
2020.019	1
2019.704	1
2019.704	1
2020.014	1
2020.014	1
2019.189	1
2019.17	1
2019.252	1
2019.225	1
2019.077	1
2019.134	1
2019.197	1
2019.195	1
2019.079	1
2019.063	1
2019.29	1
2019.11	1
2019.184	1
2019.222	1
2019.167	1
2019.211	1
2019.173	1
2019.282	1
2019.252	1
2019.156	1
2019.211	1
2019.159	1
2019.11	1
2019.151	1
2019.074	1
2019.096	1
2019.151	1
2019.132	1
2019.074	1
2019.096	1
2018.986	1
2019.022	1
2019.055	1
2019.063	1
2019.079	1
2019.192	1
2019.063	1
2019.211	1
2019.003	1
2019.055	1
2019.019	1
2019.17	1
2019.016	1
2019.208	1
2019.323	1
2019.255	1
2019.255	1
2019.181	1
2019.022	1
2019.014	1
2018.997	1
2019.134	1
2019.005	1
2019.118	1
2019.022	1
2019.082	1
2019.211	1
2019.2	1
2019.085	1
2019.041	1
2019.044	1
2019.068	1
2019.058	1
2019.077	1
2019.17	1
2019.063	1
2019.079	1
2019.162	1
2019.082	1
2018.918	1
2019.093	1
2019.208	1
2019.093	1
2018.989	1
2018.989	1
2019.268	1
2019.17	1
2019.132	1
2018.978	1
2018.978	1
2019.104	1
2019.192	1
2018.984	1
2018.781	1
2018.814	1
2018.885	1
2018.907	1
2018.781	1
2018.866	1
2018.981	1
2018.893	1
2019.055	1
2019.186	1
2019.151	1
2019.085	1
2019.118	1
2018.956	1
2019.041	1
2019.099	1
2019.099	1
2019.101	1
2019.058	1
2019.118	1
2019.181	1
2019.112	1
2018.899	1
2018.986	1
2019.121	1
2019.101	1
2019.208	1
2019.09	1
2019.2	1
2019.214	1
2019.175	1
2019.2	1
2018.816	1
2018.932	1
2019.055	1
2019.208	1
2018.967	1
2018.923	1
2019.115	1
2018.94	1
2018.959	1
2018.827	1
2019.205	1
2019.148	1
2019.153	1
2019.112	1
2019.112	1
2019.208	1
2019.227	1
2018.94	1
2019.06	1
2018.896	1
2018.951	1
2019.022	1
2019.038	1
2019.025	1
2018.986	1
2018.959	1
2019	1
2019.074	1
2019.252	1
2019.181	1
2018.975	1
2019.093	1
2018.874	1
2018.674	1
2018.882	1
2018.874	1
2018.882	1
2018.855	1
2019.096	1
2019.134	1
2019.14	1
2019.178	1
2019.159	1
2019.033	1
2018.721	1
2019.142	1
2019.093	1
2019.14	1
2019.197	1
2019.096	1
2019.066	1
2019.016	1
2019.038	1
2019.027	1
2019.096	1
2019.156	1
2019.101	1
2019.085	1
2018.89	1
2018.986	1
2019.047	1
2019.099	1
2019.178	1
2019.17	1
2019.14	1
2019.178	1
2019.285	1
2019.099	1
2018.899	1
2019.195	1
2018.948	1
2019.17	1
2019.156	1
2019.151	1
2019.151	1
2019.151	1
2019.142	1
2019.14	1
2019.247	1
2019.211	1
2019.192	1
2019.23	1
2019.044	1
2019.079	1
2019.079	1
2019.068	1
2019.11	1
2019.132	1
2019.132	1
2019.192	1
2019.178	1
2019.175	1
2019.17	1
2019.17	1
2019.17	1
2019.17	1
2019.156	1
2019.211	1
2019.211	1
2019.208	1
2019.197	1
2019.195	1
2019.214	1
2019.216	1
2019.214	1
2019.227	1
2019.227	1
2019.227	1
2019.255	1
2019.058	1
2019.066	1
2019.066	1
2019.063	1
2018.923	1
2018.995	1
2017.953	1
2017.953	1
2017.953	1
2018.005	1
2017.438	1
2017.449	1
2017.449	1
2017.564	1
2017.542	1
2018.052	1
2017.693	1
2017.693	1
2017.866	1
2017.948	1
2017.948	1
2017.973	1
2018.019	1
2018.077	1
2018.038	1
2018.118	1
2017.542	1
2017.589	1
2017.589	1
2017.8	1
2017.679	1
2017.542	1
2017.805	1
2017.715	1
2017.732	1
2017.805	1
2017.805	1
2017.778	1
2017.778	1
2017.97	1
2017.97	1
2017.814	1
2017.97	1
2018.019	1
2017.66	1
2017.989	1
2017.986	1
2017.986	1
2018.134	1
2017.849	1
2017.693	1
2017.353	1
2018.003	1
2017.732	1
2017.625	1
2017.658	1
2018.167	1
2017.611	1
2017.792	1
2017.778	1
2017.934	1
2017.775	1
2018.151	1
2017.515	1
2017.51	1
2017.674	1
2017.778	1
2018.005	1
2018.118	1
2017.622	1
2017.622	1
2017.622	1
2017.751	1
2017.732	1
2017.718	1
2017.742	1
2017.63	1
2017.633	1
2017.827	1
2017.797	1
2018.115	1
2018.093	1
2017.847	1
2017.866	1
2017.929	1
2018.811	1
2018.449	1
2018.595	1
2018.54	1
2018.425	1
2018.797	1
2018.542	1
2019.005	1
2019.022	1
2018.699	1
2018.633	1
2018.633	1
2018.633	1
2018.633	1
2018.597	1
2017.504	1
2017.529	1
2017.384	1
2017.384	1
2017.416	1
2017.537	1
2017.542	1
2017.537	1
2017.926	1
2017.926	1
2017.542	1
2018.107	1
2017.542	1
2017.542	1
2017.816	1
2017.811	1
2017.841	1
2017.778	1
2017.677	1
2018.068	1
2017.918	1
2017.562	1
2018.03	1
2018.115	1
2017.986	1
2017.986	1
2017.986	1
2018.06	1
2017.964	1
2017.964	1
2017.964	1
2017.74	1
2017.74	1
2017.666	1
2017.559	1
2017.956	1
2017.888	1
2017.888	1
2017.636	1
2017.668	1
2017.668	1
2017.677	1
2017.668	1
2017.677	1
2017.668	1
2017.677	1
2017.668	1
2017.677	1
2017.63	1
2017.992	1
2018.068	1
2018.058	1
2017.74	1
2017.74	1
2017.904	1
2018.219	1
2018.085	1
2017.899	1
2017.677	1
2017.932	1
2017.564	1
2017.644	1
2017.893	1
2017.937	1
2017.789	1
2017.89	1
2017.885	1
2017.811	1
2018.181	1
2018.181	1
2018.181	1
2018.181	1
2017.995	1
2018.132	1
2018.164	1
2017.964	1
2018.553	1
2018.197	1
2018.29	1
2018	1
2018.184	1
2018.192	1
2018.192	1
2018.26	1
2018.192	1
2018.354	1
2018.353	1
2018.115	1
2017.984	1
2018.019	1
2018.027	1
2018.696	1
2017.562	1
2018.044	1
2018.047	1
2018.022	1
2017.912	1
2017.912	1
2017.866	1
2017.866	1
2017.811	1
2018.025	1
2017.836	1
2017.882	1
2017.882	1
2017.836	1
2017.981	1
2018.093	1
2018.005	1
2018.005	1
2018.077	1
2017.784	1
2017.962	1
2018.03	1
2017.97	1
2017.425	1
2017.989	1
2018.09	1
2017.537	1
2018.022	1
2017.942	1
2017.986	1
2018.044	1
2018.019	1
2018.014	1
2017.962	1
2018.096	1
2018.17	1
2018.074	1
2017.414	1
2017.449	1
2017.556	1
2017.964	1
2017.553	1
2018.712	1
2017.77	1
2017.77	1
2017.827	1
2017.737	1
2017.737	1
2017.666	1
2017.827	1
2017.805	1
2017.888	1
2017.816	1
2017.827	1
2017.863	1
2017.863	1
2017.805	1
2017.805	1
2017.849	1
2017.764	1
2017.764	1
2017.866	1
2017.866	1
2017.764	1
2017.907	1
2017.951	1
2017.989	1
2017.786	1
2017.844	1
2017.992	1
2018.063	1
2018.038	1
2018.118	1
2018.219	1
2017.97	1
2018.019	1
2018.104	1
2018.104	1
2017.937	1
2018.2	1
2018.005	1
2018.03	1
2018.027	1
2017.6	1
2018.025	1
2017.644	1
2017.649	1
2017.636	1
2017.638	1
2017.636	1
2017.932	1
2017.989	1
2017.674	1
2017.707	1
2017.707	1
2017.748	1
2018.085	1
2017.69	1
2017.827	1
2017.827	1
2017.863	1
2017.863	1
2017.822	1
2017.825	1
2017.825	1
2017.822	1
2017.83	1
2017.945	1
2017.942	1
2017.847	1
2017.847	1
2017.868	1
2017.847	1
2017.847	1
2017.868	1
2017.803	1
2017.77	1
2017.781	1
2017.803	1
2017.77	1
2017.781	1
2018.077	1
2017.699	1
2018.392	1
2018.318	1
2018.055	1
2018.178	1
2018.123	1
2017.951	1
2017.951	1
2018.211	1
2018.137	1
2018.137	1
2017.836	1
2017.852	1
2017.978	1
2017.836	1
2017.852	1
2018.077	1
2018.047	1
2018.082	1
2018.058	1
2018.052	1
2018.036	1
2018.099	1
2018.058	1
2018.123	1
2018.249	1
2018.258	1
2018.137	1
2018.447	1
2018.005	1
2018.036	1
2018.175	1
2017.989	1
2017.967	1
2018.082	1
2018.153	1
2018.099	1
2018.14	1
2018.025	1
2018.068	1
2018.068	1
2018.044	1
2018.038	1
2018.038	1
2018.038	1
2018.041	1
2018.027	1
2018.038	1
2018.038	1
2017.989	1
2018.175	1
2018.175	1
2018.003	1
2017.868	1
2017.868	1
2018.142	1
2018.153	1
2018.132	1
2018.112	1
2017.852	1
2018.063	1
2018.047	1
2018.112	1
2018.079	1
2018.175	1
2018.222	1
2018.479	1
2018.184	1
2017.948	1
2018.088	1
2018.425	1
2018.249	1
2017.893	1
2017.893	1
2018.118	1
2018.121	1
2018.181	1
2018.101	1
2017.951	1
2018.485	1
2018.537	1
2018.441	1
2018.427	1
2018.449	1
2018.299	1
2018.507	1
2018.282	1
2018.271	1
2018.34	1
2018.353	1
2018.34	1
2018.058	1
2018.041	1
2018.184	1
2018.123	1
2018.449	1
2018.548	1
2018.553	1
2018.534	1
2018.534	1
2018	1
2018.392	1
2018.348	1
2018.162	1
2018.137	1
2018.082	1
2018.079	1
2018.104	1
2018.156	1
2018.195	1
2018.058	1
2017.937	1
2017.978	1
2017.981	1
2017.937	1
2018.049	1
2018.104	1
2018.104	1
2018.129	1
2018.121	1
2018.112	1
2018.227	1
2018.14	1
2018.468	1
2018.447	1
2018.29	1
2018.077	1
2018.112	1
2018.077	1
2018.082	1
2018.093	1
2018.315	1
2018.296	1
2018.386	1
2018.153	1
2018.466	1
2018.058	1
2018.471	1
2018.066	1
2018.288	1
2018.222	1
2018.096	1
2018.112	1
2018.11	1
2018.197	1
2018.192	1
2018.173	1
2017.912	1
2017.948	1
2018.181	1
2018.132	1
2018.132	1
2018.132	1
2018.132	1
2018.132	1
2018	1
2018.055	1
2017.986	1
2018.052	1
2018.137	1
2018.038	1
2018.115	1
2018.299	1
2018.027	1
2017.953	1
2018.079	1
2018.047	1
2018.279	1
2018.205	1
2018.197	1
2018.153	1
2018.123	1
2018.058	1
2018.132	1
2018.033	1
2018.096	1
2018.096	1
2018.307	1
2018.255	1
2018.134	1
2018.005	1
2018.047	1
2018.153	1
2018.118	1
2018.184	1
2018.038	1
2018.022	1
2018.022	1
2018.104	1
2018.074	1
2018.058	1
2018.049	1
2018	1
2018.099	1
2018.082	1
2018.192	1
2018.173	1
2018.293	1
2018.296	1
2018.31	1
2018.34	1
2018.381	1
2018.26	1
2018.54	1
2018.033	1
2018.192	1
2018.077	1
2018.419	1
2018.003	1
2018.077	1
2018.293	1
2018.277	1
2018.041	1
2018.079	1
2018.279	1
2018.392	1
2018.6	1
2018.367	1
2019.019	1
2019.079	1
2019.063	1
2019.178	1
2018.734	1
2018.658	1
2018.688	1
2018.189	1
2018.748	1
2018.203	1
2018.518	1
2018.682	1
2017.984	1
2018.03	1
2018.063	1
2018.088	1
2018.115	1
2018.132	1
2018.115	1
2018.121	1
2018.088	1
2018.2	1
2018.173	1
2018.219	1
2018.595	1
2018.597	1
2018.597	1
2018.115	1
2018.638	1
2018.038	1
2017.926	1
2018.197	1
2018.66	1
2018.66	1
2018	1
2018.803	1
2018.803	1
2018.164	1
2018.118	1
2017.833	1
2017.858	1
2017.942	1
2017.97	1
2017.833	1
2017.858	1
2017.997	1
2018.005	1
2018.055	1
2018.011	1
2018.077	1
2018.096	1
2018.096	1
2018.101	1
2018.099	1
2018.088	1
2018.055	1
2018.096	1
2018.058	1
2018.049	1
2018.066	1
2018.181	1
2018.093	1
2018.192	1
2018.17	1
2018.2	1
2018.227	1
2018.26	1
2018.148	1
2018.134	1
2018.099	1
2018.323	1
2018	1
2018	1
2017.964	1
2018.211	1
2018.203	1
2018.192	1
2018.093	1
2018.041	1
2018.066	1
2017.8	1
2017.8	1
2018.452	1
2018.038	1
2017.94	1
2018.175	1
2018.178	1
2017.91	1
2018.151	1
2018.145	1
2018.258	1
2017.989	1
2018.104	1
2018.025	1
2018.208	1
2017.992	1
2018.115	1
2018.041	1
2018.104	1
2018.104	1
2018.104	1
2018.104	1
2018.041	1
2018.041	1
2018.041	1
2018.041	1
2018.268	1
2017.945	1
2017.945	1
2018.096	1
2018.088	1
2018.047	1
2018.03	1
2018.005	1
2017.995	1
2017.995	1
2018.088	1
2018.082	1
2018.038	1
2018.162	1
2018.156	1
2018.156	1
2018.112	1
2018.019	1
2018.277	1
2018.277	1
2018.008	1
2018.008	1
2018.008	1
2018.159	1
2018	1
2018.099	1
2018.093	1
2018.326	1
2018.485	1
2018.51	1
2018.145	1
2018.222	1
2018.214	1
2018.079	1
2018	1
2018	1
2018.427	1
2018.479	1
2018.307	1
2018.816	1
2018.836	1
2018.816	1
2018.836	1
2018.984	1
2018.403	1
2018.414	1
2018.192	1
2018.219	1
2018.205	1
2018.693	1
2018	1
2018	1
2018.274	1
2018.274	1
2018.345	1
2018	1
2018.263	1
2018.14	1
2018.499	1
2018.499	1
2018.014	1
2018.345	1
2018.458	1
2018.047	1
2018.482	1
2018.082	1
2018.099	1
2018.195	1
2018.126	1
2018.167	1
2018.274	1
2018.2	1
2018.225	1
2018.655	1
2018.085	1
2018.208	1
2018.186	1
2018.186	1
2018.315	1
2018.46	1
2018.46	1
2018.537	1
2019.258	1
2019.348	1
2018.493	1
2018.337	1
2018.567	1
2018.145	1
2018.518	1
2018.134	1
2018.523	1
2018.463	1
2018.466	1
2018.282	1
2018.468	1
2018.216	1
2018.126	1
2018	1
2018.038	1
2018.066	1
2018.184	1
2018.077	1
2018.178	1
2018.178	1
2018.137	1
2018.025	1
2018.038	1
2018.192	1
2018.167	1
2018	1
2018.156	1
2018.047	1
2017.984	1
2018.34	1
2018.211	1
2018.11	1
2018.052	1
2018.112	1
2018.079	1
2018.09	1
2018.323	1
2018.079	1
2018.364	1
2018.405	1
2018.422	1
2018.499	1
2018.214	1
2018.184	1
2018.479	1
2018.501	1
2018.288	1
2018.425	1
2018.118	1
2018.123	1
2018.104	1
2018.181	1
2017.948	1
2017.948	1
2017.948	1
2017.948	1
2017.948	1
2017.948	1
2017.948	1
2018.255	1
2018.258	1
2017.868	1
2017.868	1
2018.027	1
2017.932	1
2017.97	1
2018.008	1
2018.025	1
2018.033	1
2018.167	1
2018.23	1
2018.216	1
2018.115	1
2018.068	1
2017.984	1
2018.079	1
2018.008	1
2018.093	1
2018.088	1
2017.984	1
2018.096	1
2018.266	1
2018.329	1
2018.411	1
2018.151	1
2018.23	1
2018.173	1
2017.997	1
2018.033	1
2018.063	1
2018.162	1
2018.17	1
2018.277	1
2018.101	1
2018.233	1
2018.214	1
2018.03	1
2018.099	1
2018.079	1
2018.126	1
2018.299	1
2018.277	1
2018.096	1
2018.096	1
2018.293	1
2018.225	1
2018.332	1
2018.307	1
2018.216	1
2018.126	1
2018.236	1
2018.389	1
2018.389	1
2018.523	1
2018.896	1
2018.605	1
2018.625	1
2018.641	1
2018.641	1
2018.367	1
2018.49	1
2018.082	1
2018.162	1
2018.277	1
2018.003	1
2018.044	1
2018.101	1
2018.093	1
2018.151	1
2018.205	1
2018.205	1
2017.967	1
2018.271	1
2018.079	1
2018.252	1
2018.216	1
2018.233	1
2018.222	1
2018.085	1
2018.279	1
2018.279	1
2018.175	1
2018.241	1
2018.274	1
2018.044	1
2018.156	1
2018.208	1
2018.268	1
2018.304	1
2018.197	1
2018.249	1
2018.318	1
2018.173	1
2018	1
2018	1
2018.132	1
2018.058	1
2018.126	1
2018.104	1
2018.153	1
2018.148	1
2018.277	1
2018.214	1
2018.279	1
2018.197	1
2018.195	1
2018.123	1
2018.173	1
2018.258	1
2018.2	1
2018.178	1
2018.299	1
2018.436	1
2018.211	1
2018.348	1
2018.156	1
2017.986	1
2017.951	1
2018.011	1
2018.027	1
2018.005	1
2018.197	1
2018.304	1
2018.236	1
2018.247	1
2018.345	1
2018.208	1
2018.156	1
2018.047	1
2018.23	1
2018.384	1
2018.658	1
2018.384	1
2018.326	1
2018.436	1
2018.499	1
2019.112	1
2018.951	1
2019.052	1
2019.022	1
2019.044	1
2019.093	1
2019.126	1
2018.964	1
2018.964	1
2018.964	1
2019.132	1
2019.159	1
2019.17	1
2019.173	1
2018.827	1
2018.827	1
2018.86	1
2018.83	1
2018.8	1
2018.863	1
2018.693	1
2018.915	1
2018.91	1
2018.901	1
2018.83	1
2018.932	1
2018.819	1
2018.921	1
2018.879	1
2018.89	1
2018.874	1
2019.008	1
2019.066	1
2018.677	1
2018.805	1
2018.734	1
2019.121	1
2019.115	1
2019.112	1
2019.134	1
2019.14	1
2019.156	1
2019.068	1
2019.06	1
2019.252	1
2018.992	1
2018.942	1
2018.948	1
2019.096	1
2019.112	1
2018.855	1
2019.036	1
2019.041	1
2019	1
2019.274	1
2018.69	1
2018.789	1
2018.888	1
2018.715	1
2018.655	1
2018.614	1
2018.805	1
2018.671	1
2018.693	1
2018.616	1
2018.249	1
2018.233	1
2018.307	1
2018.345	1
2018.364	1
2018.345	1
2018.345	1
2018.345	1
2018.345	1
2018.37	1
2018.364	1
2018.441	1
2018.46	1
2018.345	1
2018.441	1
2018.46	1
2017.655	1
2017.751	1
2017.753	1
2017.666	1
2018.195	1
2018.058	1
2018.058	1
2017.932	1
2017.452	1
2017.452	1
2017.386	1
2017.658	1
2017.466	1
2017.466	1
2017.452	1
2018.019	1
2018.022	1
2018.03	1
2017.94	1
2018.148	1
2018.153	1
2017.989	1
2018.173	1
2018.222	1
2018.222	1
2018.222	1
2018.216	1
2017.548	1
2017.395	1
2017.814	1
2018.101	1
2017.427	1
2017.419	1
2017.742	1
2017.671	1
2017.838	1
2017.858	1
2017.959	1
2018.022	1
2018.019	1
2017.775	1
2017.959	1
2017.792	1
2017.962	1
2017.874	1
2017.811	1
2017.923	1
2018.195	1
2018.052	1
2017.668	1
2017.668	1
2017.677	1
2017.677	1
2018.038	1
2017.789	1
2018.553	1
2018.173	1
2018.447	1
2018.449	1
2019.036	1
2019.959	1
2018.992	1
2020.003	1
2018.277	1
2018.291	1
2018.499	1
2018.104	1
2018.047	1
2018.058	1
2018.255	1
2018.474	1
2018.46	1
2018.737	1
2018.71	1
2018.814	1
2018.751	1
2018.77	1
2018.91	1
2019.085	1
2018.888	1
2018.83	1
2018.83	1
2018.83	1
2019.066	1
2019.047	1
2018.97	1
2018.962	1
2019.068	1
2019.068	1
2019.068	1
2019.195	1
2019.195	1
2019.255	1
2019	1
2019.153	1
2019.153	1
2018.962	1
2019.036	1
2019.151	1
2019.164	1
2019.195	1
2019.214	1
2019.203	1
2019.151	1
2019.195	1
2019.225	1
2019.085	1
2019.216	1
2019.216	1
2019.216	1
2019.216	1
2019.049	1
2019.205	1
2019.589	1
2019.085	1
2019.247	1
2019.29	1
2019.288	1
2019.274	1
2019.274	1
2019.279	1
2019.279	1
2019.279	1
2019.279	1
2019.655	1
2019.151	1
2019.151	1
2019.151	1
2019.151	1
2019.178	1
2018.745	1
2018.745	1
2019.184	1
2019.162	1
2019.036	1
2019.145	1
2019.055	1
2019.047	1
2018.94	1
2019.096	1
2018.792	1
2019.003	1
2019.003	1
2019.036	1
2018.792	1
2018.923	1
2018.923	1
2018.745	1
2018.584	1
2019.096	1
2018.849	1
2018.945	1
2018.921	1
2018.2	1
2018.203	1
2018.181	1
2018.077	1
2018.334	1
2018.332	1
2018.307	1
2018.334	1
2018.49	1
2018.526	1
2018.518	1
2018.334	1
2018.14	1
2018.31	1
2018.896	1
2019.038	1
2018.427	1
2018.332	1
2018.386	1
2018.616	1
2018.723	1
2018.723	1
2018.723	1
2018.723	1
2018.759	1
2018.753	1
2018.753	1
2018.759	1
2018.942	1
2018.959	1
2018.841	1
2018.773	1
2018.773	1
2018.773	1
2018.767	1
2018.921	1
2018.915	1
2018.942	1
2018.866	1
2018.901	1
2018.759	1
2018.69	1
2018.649	1
2018.721	1
2018.836	1
2018.986	1
2018.907	1
2018.326	1
2019.008	1
2019.003	1
2019.019	1
2019.066	1
2018.773	1
2018.773	1
2018.756	1
2019	1
2018.54	1
2018.838	1
2019.367	1
2018.778	1
2019.112	1
2019.038	1
2018.942	1
2019.033	1
2019.093	1
2019.074	1
2018.94	1
2019.074	1
2019.077	1
2019.077	1
2019.093	1
2019.115	1
2018.967	1
2019.049	1
2018.852	1
2018.868	1
2018.852	1
2018.441	1
2019.005	1
2019.044	1
2019.093	1
2019.184	1
2018.778	1
2019.23	1
2018.967	1
2019.09	1
2018.847	1
2019.074	1
2019.022	1
2019.003	1
2019.101	1
2019.288	1
2019.285	1
2019.315	1
2019.37	1
2019.386	1
2019.307	1
2019.036	1
2019.192	1
2019.2	1
2019.159	1
2019.211	1
2019.192	1
2019.192	1
2019.074	1
2019.071	1
2019.058	1
2019.123	1
2019.005	1
2018.921	1
2019.079	1
2019.055	1
2018.874	1
2018.874	1
2019.005	1
2018.978	1
2018.86	1
2018.921	1
2018.989	1
2018.849	1
2018.751	1
2019.345	1
2018.852	1
2018.852	1
2018.296	1
2018.296	1
2018.334	1
2018.318	1
2018.279	1
2018.548	1
2018.729	1
2018.595	1
2018.636	1
2018.671	1
2018.866	1
2019.055	1
2018.984	1
2019.077	1
2018.701	1
2018.866	1
2018.866	1
2018.86	1
2019.036	1
2019.044	1
2018.701	1
2018.964	1
2018.945	1
2019.101	1
2019.101	1
2018.973	1
2018.348	1
2018.326	1
2018.562	1
2018.773	1
2018.332	1
2018.337	1
2018.296	1
2018.447	1
2019.94	1
2019.17	1
2018.805	1
2018.088	1
2018.175	1
2018.466	1
2018.2	1
2018.104	1
2018.189	1
2018.318	1
2017.915	1
2017.762	1
2017.762	1
2017.995	1
2017.805	1
2017.753	1
2017.805	1
2017.896	1
2017.83	1
2017.811	1
2017.759	1
2017.855	1
2017.548	1
2017.619	1
2017.696	1
2018.463	1
2018.364	1
2018.463	1
2018.345	1
2018.003	1
2017.627	1
2017.855	1
2017.608	1
2017.671	1
2017.671	1
2017.962	1
2018.096	1
2018.096	1
2017.97	1
2018.047	1
2017.97	1
2018.049	1
2018.216	1
2017.89	1
2018.008	1
2018.008	1
2018.011	1
2018.085	1
2018.085	1
2018.022	1
2018.022	1
2018.332	1
2018.101	1
2018.077	1
2018.101	1
2018.137	1
2018.137	1
2018.137	1
2018	1
2018.038	1
2018.181	1
2018.068	1
2018.068	1
2018.192	1
2018.038	1
2018.671	1
2018.038	1
2019	1
2019.005	1
2018.945	1
2018.893	1
2018.893	1
2018.929	1
2018.945	1
2018.847	1
2018.841	1
2018.841	1
2018.986	1
2019.003	1
2018.995	1
2018.838	1
2018.841	1
2018.921	1
2018.992	1
2019.019	1
2019.011	1
2019.101	1
2019.036	1
2018.811	1
2018.989	1
2018.559	1
2018.732	1
2018.841	1
2018.882	1
2018.882	1
2019.036	1
2020.128	1
2020.167	1
2019.036	1
2019.419	1
2018.638	1
2018.677	1
2018.677	1
2019.058	1
2018.77	1
2018.529	1
2018.671	1
2018.83	1
2018.751	1
2018.332	1
2018.345	1
2018.775	1
2018.403	1
2018.759	1
2018.688	1
2018.732	1
2018.658	1
2019.003	1
2019.003	1
2019.016	1
2018.482	1
2018.46	1
2018.723	1
2018.025	1
2018.077	1
2018.082	1
2018.038	1
2018.038	1
2017.964	1
2017.94	1
2017.923	1
2018.022	1
2017.978	1
2018.008	1
2017.981	1
2018.022	1
2018.022	1
2017.953	1
2018.123	1
2018.192	1
2018.282	1
2018	1
2018.542	1
2018	1
2018.099	1
2018.581	1
2018.096	1
2018.156	1
2018.597	1
2019.589	1
2019.956	1
2018.153	1
2017.929	1
2017.718	1
2018.145	1
2017.97	1
2017.986	1
2017.951	1
2017.942	1
2017.953	1
2018.008	1
2017.934	1
2017.493	1
2017.507	1
2017.649	1
2017.685	1
2017.715	1
2017.652	1
2017.542	1
2017.847	1
2018	1
2018.121	1
2017.468	1
2017.6	1
2018.452	1
2018.518	1
2018.482	1
2018.482	1
2018.43	1
2018.153	1
2017.668	1
2017.912	1
2017.912	1
2017.737	1
2018.192	1
2017.797	1
2017.797	1
2017.803	1
2017.803	1
2018.23	1
2017.679	1
2017.679	1
2017.929	1
2018.252	1
2018.173	1
2017.962	1
2017.962	1
2017.562	1
2017.696	1
2017.564	1
2018.225	1
2018.036	1
2017.992	1
2017.879	1
2018	1
2017.942	1
2017.975	1
2017.932	1
2017.984	1
2017.921	1
2018.011	1
2018.153	1
2018.049	1
2018.101	1
2018.011	1
2018.038	1
2018.134	1
2018.186	1
2018.077	1
2018.192	1
2018.049	1
2017.901	1
2017.901	1
2018.134	1
2018.049	1
2018.181	1
2018.156	1
2017.907	1
2018.096	1
2018.019	1
2017.975	1
2017.964	1
2018.088	1
2018	1
2018.093	1
2018.195	1
2018.129	1
2018.192	1
2018.203	1
2018.082	1
2018.068	1
2019.208	1
2019.195	1
2019.06	1
2019.195	1
2017.682	1
2017.682	1
2017.751	1
2017.751	1
2018.132	1
2017.942	1
2018.271	1
2018.205	1
2018.142	1
2018.211	1
2017.989	1
2018.126	1
2018	1
2018.077	1
2018.208	1
2018.079	1
2017.953	1
2018.142	1
2018.09	1
2018.038	1
2018.353	1
2017.904	1
2017.986	1
2018.038	1
2018.025	1
2017.69	1
2017.953	1
2017.83	1
2017.904	1
2018.233	1
2018.258	1
2018.181	1
2017.97	1
2018.145	1
2018	1
2018.134	1
2018.184	1
2018.118	1
2018.362	1
2018.411	1
2018.414	1
2018.414	1
2017.852	1
2017.997	1
2017.984	1
2017.962	1
2018.101	1
2018.099	1
2018.058	1
2018.134	1
2018.151	1
2018.06	1
2018.175	1
2018.022	1
2017.792	1
2018.115	1
2018.077	1
2018.068	1
2018.019	1
2018.058	1
2018.104	1
2018.118	1
2018.156	1
2018.173	1
2018.205	1
2017.921	1
2017.942	1
2017.932	1
2017.921	1
2018.049	1
2018.014	1
2018.003	1
2017.962	1
2018.005	1
2018.022	1
2017.948	1
2018.06	1
2018.011	1
2018.044	1
2018.041	1
2018.03	1
2018.058	1
2018.162	1
2018.14	1
2017.942	1
2018.033	1
2017.91	1
2018.044	1
2017.814	1
2017.814	1
2018.107	1
2018.126	1
2018.068	1
2018.008	1
2017.989	1
2018.121	1
2018.214	1
2018.175	1
2018.175	1
2018.121	1
2018.121	1
2018.241	1
2018.241	1
2018.249	1
2018.249	1
2018.249	1
2018.249	1
2018.312	1
2018.096	1
2018.153	1
2018.252	1
2018.542	1
2018.019	1
2018.096	1
2017.973	1
2018.047	1
2018.058	1
2018.096	1
2017.929	1
2017.962	1
2018.058	1
2018.041	1
2018.088	1
2018.115	1
2018.126	1
2018.145	1
2018.104	1
2018.937	1
2018.874	1
2018.74	1
2018.759	1
2018.926	1
2019.055	1
2018.918	1
2018.811	1
2018.025	1
2018.195	1
2018.019	1
2018.115	1
2018	1
2018.09	1
2018.318	1
2018.038	1
2018.819	1
2018.663	1
2018.693	1
2018.699	1
2018.192	1
2018.197	1
2018.211	1
2017.795	1
2018.205	1
2018.225	1
2018.219	1
2017.718	1
2017.723	1
2017.718	1
2017.942	1
2018.085	1
2018.773	1
2018.904	1
2018.852	1
2018.904	1
2018.904	1
2018.759	1
2018.863	1
2018.888	1
2018.816	1
2018.759	1
2018.814	1
2018.732	1
2017.732	1
2017.737	1
2017.732	1
2017.737	1
2018.011	1
2017.962	1
2018.104	1
2017.778	1
2017.778	1
2018.447	1
2018.403	1
2018.058	1
2018.096	1
2018.118	1
2018.214	1
2017.964	1
2018.074	1
2017.907	1
2017.907	1
2018.093	1
2017.8	1
2017.8	1
2017.995	1
2018.153	1
2017.879	1
2017.879	1
2017.992	1
2018.156	1
2017.792	1
2017.767	1
2017.767	1
2018.159	1
2017.858	1
2017.888	1
2017.888	1
2018.115	1
2018.214	1
2017.89	1
2018.126	1
2017.907	1
2017.91	1
2017.852	1
2018.079	1
2018.038	1
2018.104	1
2017.929	1
2017.874	1
2018.192	1
2017.693	1
2017.666	1
2017.685	1
2017.814	1
2017.805	1
2017.759	1
2017.83	1
2017.819	1
2017.814	1
2018.156	1
2018.09	1
2017.964	1
2018.175	1
2017.879	1
2018.022	1
2018.066	1
2018.134	1
2017.86	1
2017.967	1
2018.173	1
2017.989	1
2018.041	1
2018.134	1
2017.986	1
2017.981	1
2018.022	1
2017.816	1
2018.041	1
2018.066	1
2017.907	1
2017.888	1
2017.888	1
2017.888	1
2017.868	1
2018.041	1
2018.14	1
2018	1
2018.2	1
2018.047	1
2017.948	1
2017.91	1
2017.948	1
2017.978	1
2018.115	1
2017.984	1
2018.099	1
2018.192	1
2018.003	1
2018.019	1
2018.085	1
2017.912	1
2017.967	1
2018.2	1
2018.29	1
2018.192	1
2018.288	1
2018.386	1
2017.945	1
2018.03	1
2018.014	1
2018.321	1
2018.526	1
2018.619	1
2018	1
2018.392	1
2018.205	1
2018.532	1
2018.167	1
2018.203	1
2018.414	1
2018.559	1
2018.559	1
2019.312	1
2019.274	1
2019.241	1
2019.334	1
2018.984	1
2018.959	1
2019.003	1
2018.962	1
2019.079	1
2019.09	1
2019.153	1
2019.151	1
2018.488	1
2018.501	1
2018.537	1
2018.447	1
2018.515	1
2018.479	1
2018.51	1
2018.488	1
2018.526	1
2017.989	1
2018.005	1
2017.986	1
2017.989	1
2018.025	1
2018.162	1
2019.258	1
2019.364	1
2019.468	1
2019.46	1
2019.425	1
2019.37	1
2019.312	1
2019.419	1
2019.389	1
2019.326	1
2019.29	1
2019.29	1
2018.814	1
2019	1
2019.033	1
2018.948	1
2018.855	1
2018.89	1
2018.855	1
2018.882	1
2018.814	1
2018.882	1
2018.921	1
2018.427	1
2018.501	1
2018.307	1
2018.436	1
2018.978	1
2018.959	1
2018.088	1
2017.986	1
2018.195	1
2018.049	1
2017.975	1
2018.003	1
2017.953	1
2017.953	1
2018.211	1
2018.162	1
2018.025	1
2018.433	1
2018.775	1
2017.953	1
2017.953	1
2017.953	1
2018	1
2017.951	1
2017.951	1
2018.247	1
2018.523	1
2018.482	1
2018.529	1
2018.049	1
2018.049	1
2018.096	1
2018.427	1
2018.101	1
2018.175	1
2018.175	1
2018.43	1
2018.912	1
2018.504	1
2017.948	1
2017.934	1
2018.43	1
2018.427	1
2018.778	1
2018.773	1
2018.63	1
2018.433	1
2018.425	1
2018.485	1
2018.518	1
2018.827	1
2018.542	1
2018.392	1
2018.386	1
2018.564	1
2018.564	1
2018.416	1
2018.258	1
2018.896	1
2018.441	1
2018	1
2018.863	1
2018.285	1
2018.597	1
2018.271	1
2018.282	1
2018.422	1
2018.436	1
2018.422	1
2018.211	1
2018.162	1
2017.986	1
2017.986	1
2018.616	1
2018.879	1
2019.022	1
2018.797	1
2018.403	1
2018.767	1
2018.767	1
2018.759	1
2018.814	1
2018.877	1
2018.863	1
2018.899	1
2018.896	1
2018.863	1
2019.036	1
2019.016	1
2019.036	1
2018.847	1
2018.847	1
2019.093	1
2018.929	1
2018.411	1
2019.016	1
2018.951	1
2018.756	1
2018.948	1
2018.866	1
2018.901	1
2019.033	1
2019.044	1
2019.071	1
2019.079	1
2018.907	1
2018.907	1
2018.907	1
2018.83	1
2019.003	1
2018.932	1
2018.964	1
2019.156	1
2019.041	1
2018.288	1
2018.375	1
2018.389	1
2018.288	1
2018.701	1
2018.534	1
2018.545	1
2018.534	1
2018.545	1
2018.849	1
2018.559	1
2019.099	1
2019.03	1
2018.521	1
2019.077	1
2018.945	1
2019.208	1
2018.792	1
2019.118	1
2019.063	1
2018.874	1
2019.085	1
2018.997	1
2018.521	1
2018.677	1
2018.597	1
2018.537	1
2018.537	1
2018.852	1
2018.627	1
2018.619	1
2017.838	1
2017.838	1
2018.173	1
2018.422	1
2018.425	1
2018.427	1
2018.085	1
2018.433	1
2018.529	1
2018.162	1
2018.411	1
2018.534	1
2018.441	1
2018.137	1
2017.951	1
2017.962	1
2017.951	1
2018.025	1
2018.038	1
2018.011	1
2018.011	1
2018.027	1
2018.025	1
2018.063	1
2018.129	1
2018.208	1
2017.975	1
2018.06	1
2018.318	1
2018.288	1
2018.192	1
2018.129	1
2018.296	1
2018.395	1
2018.485	1
2018.449	1
2018.192	1
2017.814	1
2017.814	1
2017.973	1
2018.89	1
2017.712	1
2017.923	1
2017.956	1
2017.759	1
2017.608	1
2017.611	1
2017.6	1
2017.6	1
2017.899	1
2018.003	1
2017.833	1
2017.515	1
2018.038	1
2018.126	1
2018.395	1
2018.679	1
2018.663	1
2018.666	1
2018.658	1
2018.767	1
2018.674	1
2018.674	1
2018.671	1
2018.677	1
2018.668	1
2018.682	1
2018.367	1
2018.304	1
2018.367	1
2018.145	1
2017.759	1
2017.77	1
2017.759	1
2017.77	1
2017.77	1
2018.148	1
2018.085	1
2017.729	1
2017.729	1
2017.729	1
2017.729	1
2017.729	1
2017.808	1
2017.808	1
2017.808	1
2017.827	1
2017.753	1
2018.063	1
2018.008	1
2017.962	1
2017.91	1
2017.847	1
2017.91	1
2017.921	1
2017.978	1
2017.984	1
2018.016	1
2018.11	1
2018.115	1
2017.984	1
2018.077	1
2018.115	1
2018.115	1
2017.753	1
2017.789	1
2017.811	1
2017.789	1
2017.811	1
2018.115	1
2017.986	1
2018.279	1
2017.94	1
2018.033	1
2017.948	1
2017.836	1
2017.888	1
2017.888	1
2017.874	1
2017.901	1
2017.86	1
2017.904	1
2017.904	1
2017.888	1
2017.874	1
2017.901	1
2017.86	1
2017.981	1
2017.964	1
2017.899	1
2018.008	1
2017.899	1
2017.871	1
2017.838	1
2017.997	1
2017.888	1
2018.115	1
2018.26	1
2018.29	1
2018.268	1
2018.249	1
2018.195	1
2018.178	1
2018.06	1
2017.849	1
2017.849	1
2018.063	1
2018.101	1
2018.603	1
2018.395	1
2018.403	1
2018.518	1
2018.537	1
2019.058	1
2019.126	1
2018.581	1
2018.584	1
2018.408	1
2018.373	1
2018.375	1
2018.378	1
2018.578	1
2018.54	1
2018.548	1
2018.548	1
2018.54	1
2018.088	1
2018.088	1
2018.249	1
2018.249	1
2018.156	1
2018.562	1
2019.132	1
2019.17	1
2018.715	1
2018.578	1
2018.499	1
2018.271	1
2018.526	1
2018	1
2018.619	1
2018.534	1
2018.54	1
2018	1
2018.614	1
2018.156	1
2018.296	1
2018.31	1
2018.216	1
2018.556	1
2018.748	1
2018.811	1
2018.833	1
2018.833	1
2019.005	1
2018.945	1
2018.529	1
2018.159	1
2019.003	1
2019.003	1
2018.353	1
2018.003	1
2018.959	1
2018.633	1
2018.822	1
2019.016	1
2019.016	1
2018.737	1
2018.789	1
2019.096	1
2018.778	1
2018.784	1
2018.964	1
2018.512	1
2018.551	1
2018.537	1
2018.959	1
2018.882	1
2018.803	1
2018.808	1
2018.803	1
2018.841	1
2018.847	1
2018.841	1
2018.937	1
2018.597	1
2018.595	1
2019.058	1
2019.008	1
2019.079	1
2019.137	1
2019.005	1
2019.153	1
2018.819	1
2018.753	1
2018.753	1
2018.819	1
2018.753	1
2018.959	1
2019.17	1
2019.022	1
2019.058	1
2019.022	1
2018.775	1
2019.011	1
2018.984	1
2019.115	1
2019.03	1
2018.921	1
2019.014	1
2019.022	1
2019.121	1
2019.142	1
2018.507	1
2018.805	1
2018.581	1
2018.805	1
2018.751	1
2018.825	1
2018.816	1
2018.526	1
2019.049	1
2019.099	1
2019.099	1
2019.09	1
2019.099	1
2019.085	1
2019.085	1
2018.967	1
2018.986	1
2018.984	1
2019.036	1
2018.989	1
2019.2	1
2019.118	1
2018.997	1
2018.997	1
2018.997	1
2018.997	1
2018.951	1
2018.819	1
2018.819	1
2018.712	1
2018.712	1
2018.978	1
2019.134	1
2018.926	1
2019.03	1
2019.252	1
2019.189	1
2018.885	1
2019.162	1
2018.712	1
2018.732	1
2018.849	1
2018.926	1
2019.038	1
2019.003	1
2018.967	1
2019.079	1
2019.058	1
2019.101	1
2019.211	1
2018.868	1
2018.868	1
2018.942	1
2018.847	1
2018.847	1
2018.948	1
2018.827	1
2018.753	1
2018.926	1
2018.942	1
2018.907	1
2018.907	1
2018.907	1
2018.978	1
2019.115	1
2019.134	1
2019.022	1
2019.022	1
2019.027	1
2019.025	1
2019.027	1
2018.986	1
2018.605	1
2018.868	1
2018.901	1
2018.805	1
2018.751	1
2019.003	1
2019.027	1
2019.066	1
2019.082	1
2019.153	1
2018.948	1
2018.962	1
2018.975	1
2018.751	1
2018.973	1
2019.027	1
2018.989	1
2018.962	1
2018.929	1
2018.915	1
2019.025	1
2018.94	1
2019.225	1
2019.008	1
2018.962	1
2018.962	1
2019.082	1
2019.025	1
2018.932	1
2019.077	1
2019.093	1
2019.137	1
2019.005	1
2019.003	1
2018.907	1
2019.074	1
2019.063	1
2019.066	1
2019.093	1
2019.093	1
2019.099	1
2019.041	1
2018.937	1
2019.115	1
2018.852	1
2018.852	1
2019.033	1
2019.036	1
2019	1
2019.074	1
2018.838	1
2018.838	1
2018.962	1
2018.962	1
2019.132	1
2019.055	1
2019.099	1
2018.882	1
2019.079	1
2019.027	1
2019.162	1
2018.849	1
2018.849	1
2018.885	1
2018.885	1
2018.937	1
2018.937	1
2018.929	1
2018.915	1
2019.074	1
2018.808	1
2018.868	1
2018.808	1
2018.962	1
2018.962	1
2019.068	1
2018.91	1
2019.033	1
2019.033	1
2019.06	1
2019.038	1
2018.959	1
2019.033	1
2019.06	1
2019.036	1
2019.016	1
2019.038	1
2018.97	1
2018.97	1
2019.104	1
2018.921	1
2019.019	1
2018.945	1
2018.882	1
2019.101	1
2019.156	1
2019.17	1
2019.156	1
2019.156	1
2019.197	1
2019.016	1
2019.068	1
2019.011	1
2019.005	1
2018.918	1
2019.036	1
2019.025	1
2019.016	1
2019.019	1
2018.986	1
2018.942	1
2018.951	1
2018.918	1
2018.945	1
2018.945	1
2019.016	1
2018.833	1
2018.833	1
2018.882	1
2018.937	1
2018.77	1
2018.77	1
2018.937	1
2019.027	1
2019.208	1
2018.764	1
2018.764	1
2018.852	1
2018.827	1
2018.827	1
2019.197	1
2019.151	1
2018.863	1
2018.863	1
2019.153	1
2019.096	1
2019.096	1
2018.962	1
2019.101	1
2018.959	1
2018.992	1
2019.025	1
2019.055	1
2018.526	1
2018.603	1
2017.855	1
2017.926	1
2017.855	1
2017.882	1
2017.995	1
2018.008	1
2017.995	1
2018.195	1
2018.09	1
2018.085	1
2018.096	1
2018.151	1
2018.118	1
2018.318	1
2018.101	1
2018.37	1
2018.058	1
2018.058	1
2018.121	1
2018.159	1
2018.178	1
2018.208	1
2018.233	1
2018.214	1
2018.252	1
2018.195	1
2018.268	1
2018.274	1
2018.29	1
2018.296	1
2018.145	1
2018.063	1
2018.06	1
2018.096	1
2017.904	1
2018.197	1
2018.238	1
2018.26	1
2018.233	1
2018.233	1
2018.266	1
2018.274	1
2018.332	1
2018.14	1
2018.159	1
2018.016	1
2018.496	1
2018.208	1
2018.025	1
2018.047	1
2018	1
2018.268	1
2018.268	1
2018.293	1
2018.268	1
2018.121	1
2018.058	1
2018.173	1
2018.222	1
2018.09	1
2018.107	1
2018.2	1
2018.285	1
2018.29	1
2018.252	1
2018.118	1
2017.962	1
2018.058	1
2018.184	1
2018.101	1
2018.025	1
2018.088	1
2018.512	1
2018.099	1
2018.578	1
2018.578	1
2018.458	1
2018.781	1
2018.751	1
2018.477	1
2018.808	1
2018.71	1
2018.847	1
2018.767	1
2018.712	1
2019.047	1
2018.816	1
2018.816	1
2018.734	1
2018.679	1
2018.679	1
2018.734	1
2018.742	1
2018.71	1
2018.756	1
2018.756	1
2018.77	1
2018.773	1
2018.847	1
2018.786	1
2018.773	1
2018.847	1
2018.852	1
2018.852	1
2018.844	1
2018.556	1
2018.408	1
2018.255	1
2018.359	1
2018.468	1
2018.468	1
2018.575	1
2018.395	1
2018.395	1
2018.378	1
2018.444	1
2018.545	1
2018.567	1
2018.573	1
2018.282	1
2018.362	1
2018.362	1
2018.797	1
2018.518	1
2018.647	1
2018.518	1
2018.671	1
2018.614	1
2018.622	1
2018.778	1
2018.852	1
2018.463	1
2018.326	1
2018.655	1
2018.751	1
2018.584	1
2018.603	1
2018.603	1
2018.663	1
2018.553	1
2018.227	1
2018.2	1
2018.2	1
2019.164	1
2018.732	1
2018.753	1
2017.932	1
2017.932	1
2018.016	1
2018.022	1
2017.97	1
2017.986	1
2018.047	1
2017.953	1
2017.97	1
2018.044	1
2018	1
2018.118	1
2018.132	1
2018.027	1
2017.866	1
2017.764	1
2018.192	1
2017.907	1
2017.907	1
2018.134	1
2017.882	1
2017.882	1
2018.003	1
2018.019	1
2018.027	1
2017.904	1
2018.214	1
2018.047	1
2017.956	1
2017.97	1
2018.027	1
2018.019	1
2018.066	1
2018.019	1
2018.082	1
2017.951	1
2017.951	1
2017.89	1
2017.89	1
2018.082	1
2018.041	1
2018.181	1
2018.205	1
2017.814	1
2017.827	1
2018.082	1
2018.063	1
2018.214	1
2018.203	1
2018.022	1
2018.249	1
2018.068	1
2018.019	1
2017.43	1
2017.512	1
2017.808	1
2017.808	1
2017.77	1
2017.77	1
2017.816	1
2017.816	1
2017.822	1
2017.986	1
2017.589	1
2018.019	1
2017.899	1
2018.148	1
2018	1
2018.033	1
2017.981	1
2017.926	1
2017.926	1
2018.016	1
2018.03	1
2018.066	1
2017.077	1
2018.005	1
2018.173	1
2018.033	1
2018.038	1
2018.036	1
2018.03	1
2017.871	1
2017.871	1
2017.995	1
2018.118	1
2017.989	1
2018.249	1
2018.132	1
2017.934	1
2018.189	1
2017.959	1
2018.044	1
2018.049	1
2017.923	1
2017.967	1
2017.89	1
2017.934	1
2017.934	1
2017.964	1
2017.951	1
2017.762	1
2017.762	1
2018	1
2018.005	1
2018.077	1
2018.175	1
2017.962	1
2018.06	1
2018.014	1
2017.97	1
2017.849	1
2017.822	1
2018.121	1
2017.962	1
2018.066	1
2017.921	1
2017.978	1
2017.962	1
2017.97	1
2017.956	1
2017.921	1
2018.058	1
2018.079	1
2018.066	1
2018.027	1
2017.879	1
2017.945	1
2017.849	1
2017.871	1
2017.808	1
2018.159	1
2017.923	1
2017.923	1
2018.005	1
2017.984	1
2017.984	1
2018.068	1
2017.942	1
2018.038	1
2017.942	1
2017.984	1
2017.986	1
2017.847	1
2017.808	1
2017.808	1
2017.937	1
2017.937	1
2018.052	1
2017.948	1
2018.038	1
2018.033	1
2018.055	1
2018.052	1
2017.962	1
2018.016	1
2018.082	1
2018.055	1
2018.036	1
2018.008	1
2018.09	1
2018	1
2018	1
2018.058	1
2017.951	1
2018.123	1
2018.195	1
2018.299	1
2018.299	1
2018.293	1
2018.23	1
2018.255	1
2018.153	1
2018.241	1
2018.375	1
2018.222	1
2017.827	1
2017.827	1
2017.929	1
2018.268	1
2017.682	1
2017.682	1
2018.71	1
2018.699	1
2018.679	1
2018.753	1
2018.351	1
2018.019	1
2018.238	1
2018.17	1
2018.134	1
2018.159	1
2018.468	1
2018.112	1
2018.203	1
2018.277	1
2018.997	1
2018.855	1
2019.003	1
2019.118	1
2018.992	1
2019.112	1
2018.962	1
2019.077	1
2018.912	1
2018.849	1
2019.082	1
2019.093	1
2019.121	1
2019.23	1
2018.992	1
2019.208	1
2018.268	1
2018.312	1
2018.022	1
2018.293	1
2018.211	1
2018.233	1
2018.318	1
2018.112	1
2018.027	1
2018.233	1
2018.23	1
2018.37	1
2018.808	1
2018.871	1
2018.956	1
2018.545	1
2018.682	1
2018.647	1
2018	1
2018.564	1
2018.745	1
2018.712	1
2018.712	1
2018.712	1
2018.51	1
2018.51	1
2018.795	1
2019.038	1
2018.907	1
2018.699	1
2018.699	1
2018.91	1
2018	1
2018.805	1
2018.499	1
2018.66	1
2018.97	1
2018.03	1
2018.885	1
2018.915	1
2018.97	1
2018.753	1
2018.797	1
2019.022	1
2019.11	1
2019.099	1
2018.956	1
2019.082	1
2019.079	1
2019.134	1
2018.992	1
2019.17	1
2019.184	1
2019.112	1
2019.156	1
2019.153	1
2019.159	1
2019.326	1
2019.003	1
2018.986	1
2018.907	1
2019.005	1
2019.077	1
2019.047	1
2019.118	1
2019.238	1
2019.247	1
2019.063	1
2019.099	1
2019.132	1
2019.036	1
2018.814	1
2019.233	1
2018.863	1
2018.893	1
2018.912	1
2018.984	1
2018.937	1
2018.814	1
2019.022	1
2019.181	1
2019.101	1
2019.148	1
2018.948	1
2018.932	1
2018.512	1
2018.482	1
2018.658	1
2018.482	1
2018.425	1
2018.425	1
2018.416	1
2018.173	1
2018.197	1
2018.236	1
2018.085	1
2018.153	1
2018.047	1
2018.027	1
2018.071	1
2018.085	1
2018.085	1
2017.899	1
2017.899	1
2017.899	1
2018	1
2017.899	1
2018.099	1
2018	1
2018.115	1
2018.03	1
2018.077	1
2018.003	1
2017.992	1
2018.156	1
2018.184	1
2018.085	1
2018.082	1
2017.589	1
2017.589	1
2017.789	1
2018.329	1
2018.189	1
2018.121	1
2018.263	1
2018.11	1
2018.364	1
2018.523	1
2018.493	1
2018.468	1
2018.189	1
2018.633	1
2018.512	1
2018.586	1
2018.099	1
2018.296	1
2018.392	1
2018.208	1
2018.058	1
2018.044	1
2018.047	1
2018.132	1
2018.153	1
2018.137	1
2018.036	1
2018.384	1
2018.296	1
2018.222	1
2018.142	1
2018.214	1
2018.337	1
2018.323	1
2018.266	1
2018.203	1
2018.132	1
2018.414	1
2018.715	1
2018.721	1
2018.315	1
2018.43	1
2018.43	1
2018.436	1
2018.693	1
2018.203	1
2018.701	1
2018.655	1
2018.542	1
2018.575	1
2018.652	1
2018.808	1
2018.819	1
2018.825	1
2018.844	1
2018.866	1
2018.825	1
2018.433	1
2018.808	1
2018.819	1
2018.43	1
2018.948	1
2018.499	1
2018.792	1
2018.521	1
2018.452	1
2018.479	1
2018.482	1
2018.858	1
2019.038	1
2018.447	1
2018.696	1
2018.351	1
2018.49	1
2018.868	1
2018.482	1
2018.537	1
2018.808	1
2018.734	1
2018.411	1
2018.403	1
2018.359	1
2018.348	1
2018.784	1
2018.805	1
2018.784	1
2018.433	1
2018.433	1
2018.441	1
2018.504	1
2018.449	1
2018.482	1
2018.485	1
2018.422	1
2018.153	1
2018.945	1
2018.463	1
2018.679	1
2018.499	1
2018.471	1
2018.586	1
2018.422	1
2018.452	1
2018.674	1
2018.633	1
2018.258	1
2018.277	1
2018.83	1
2018.605	1
2018.603	1
2018.345	1
2018.422	1
2018.444	1
2018.444	1
2018.422	1
2018.422	1
2018.69	1
2018.663	1
2018.811	1
2018.871	1
2018.871	1
2018.877	1
2018.871	1
2018.871	1
2019.019	1
2019.115	1
2019.09	1
2019.216	1
2019.019	1
2019.096	1
2019.085	1
2019.121	1
2019.016	1
2019.121	1
2019.112	1
2019.11	1
2019.112	1
2019.063	1
2019.063	1
2019.186	1
2019.06	1
2019.06	1
2019.093	1
2018.997	1
2018.652	1
2018.616	1
2018.6	1
2018.751	1
2018.751	1
2018.962	1
2018.663	1
2018.655	1
2018.447	1
2018.351	1
2018.742	1
2018.822	1
2018.814	1
2018.822	1
2018.814	1
2018.866	1
2018.866	1
2019.153	1
2019.066	1
2019.192	1
2019.227	1
2019.058	1
2019.178	1
2019.118	1
2019.019	1
2019.016	1
2019.019	1
2019.019	1
2019.019	1
2018.49	1
2018.433	1
2018.655	1
2018.786	1
2019.326	1
2019.26	1
2019.386	1
2019.132	1
2019.263	1
2019.008	1
2019.041	1
2018.753	1
2018.753	1
2018.855	1
2018.855	1
2019.019	1
2018.49	1
2018.444	1
2018.463	1
2018.466	1
2018.463	1
2019.016	1
2018.482	1
2018.6	1
2018.466	1
2018.468	1
2019.214	1
2018.811	1
2019.003	1
2018.896	1
2018.603	1
2018.66	1
2018.671	1
2018.849	1
2018.844	1
2018.827	1
2018.71	1
2018.729	1
2018.77	1
2018.679	1
2018.734	1
2018.778	1
2018.789	1
2018.921	1
2018.962	1
2018.986	1
2018.995	1
2018.929	1
2019.008	1
2019.279	1
2018.559	1
2018.597	1
2018.597	1
2018.767	1
2019.145	1
2019.173	1
2019.099	1
2019.093	1
2019.115	1
2019.126	1
2019.134	1
2019.132	1
2019.137	1
2019.153	1
2019.145	1
2019.016	1
2019.093	1
2019.2	1
2019.074	1
2018.97	1
2018.995	1
2019.252	1
2019.085	1
2018.959	1
2019.082	1
2019.112	1
2019.096	1
2019.058	1
2019.175	1
2019.175	1
2019.112	1
2019.074	1
2019.079	1
2019.184	1
2019.022	1
2019.052	1
2019.041	1
2019.189	1
2019.115	1
2019.06	1
2018.932	1
2019.173	1
2019.036	1
2018.932	1
2019.249	1
2019.282	1
2019.227	1
2019.055	1
2019.425	1
2019.216	1
2019.019	1
2019.101	1
2019.345	1
2019.148	1
2019.438	1
2019.227	1
2019.052	1
2019.003	1
2019.151	1
2019.208	1
2019.156	1
2019.162	1
2019.085	1
2019.288	1
2019.285	1
2019.112	1
2019.093	1
2019.041	1
2019.203	1
2019.066	1
2019.066	1
2019.107	1
2019.112	1
2019.11	1
2019.11	1
2018.995	1
2019.003	1
2019.216	1
2019.129	1
2019.255	1
2019.279	1
2019.29	1
2019.03	1
2018.992	1
2018.989	1
2019.192	1
2019.192	1
2019.26	1
2019.137	1
2019.181	1
2019.252	1
2019.247	1
2019.129	1
2018.978	1
2019.2	1
2019.063	1
2019.134	1
2019.074	1
2018.997	1
2018.995	1
2019.014	1
2019.079	1
2019.014	1
2019.041	1
2019.175	1
2018.984	1
2018.926	1
2019.027	1
2019.085	1
2019.115	1
2019.173	1
2019.181	1
2019.17	1
2019.025	1
2019.208	1
2019.077	1
2019.077	1
2019.038	1
2019.036	1
2019.104	1
2019.096	1
2019.123	1
2019.003	1
2019.082	1
2019.2	1
2019.038	1
2019.082	1
2019.14	1
2019.041	1
2019.022	1
2019.011	1
2018.811	1
2019.058	1
2019.016	1
2018.978	1
2019.038	1
2019.112	1
2019.247	1
2019.126	1
2019.162	1
2019.041	1
2019.038	1
2019.205	1
2019.205	1
2019.077	1
2019.088	1
2019.005	1
2019.233	1
2019.082	1
2018.959	1
2019.077	1
2018.781	1
2018.956	1
2018.962	1
2019.025	1
2019.129	1
2018.978	1
2019.093	1
2019.058	1
2018.271	1
2018.258	1
2018.956	1
2018.929	1
2018.882	1
2018.929	1
2018.929	1
2018.942	1
2018.422	1
2018.918	1
2018.964	1
2018.964	1
2018.967	1
2018.964	1
2018.948	1
2019	1
2018.948	1
2018.973	1
2018.46	1
2018.808	1
2018.808	1
2019.016	1
2019.019	1
2019.036	1
2018.929	1
2019.044	1
2019.055	1
2018.912	1
2018.997	1
2018	1
2018.942	1
2018.951	1
2018.964	1
2019.019	1
2019.025	1
2019.036	1
2019.036	1
2019.074	1
2019.019	1
2018.904	1
2019.096	1
2019.096	1
2019.129	1
2019.178	1
2019.195	1
2019.118	1
2019.159	1
2019.118	1
2019.071	1
2019.077	1
2019.085	1
2018.83	1
2018.986	1
2018.904	1
2018.964	1
2019.011	1
2019.066	1
2019.008	1
2019.121	1
2019.115	1
2018.997	1
2019.036	1
2018.962	1
2019.134	1
2019.134	1
2019.145	1
2018.94	1
2018.921	1
2019.31	1
2019.299	1
2019.293	1
2019.307	1
2019.307	1
2019.28	1
2018.997	1
2018.901	1
2019.082	1
2018.715	1
2018.474	1
2019.197	1
2019.153	1
2019.022	1
2019.058	1
2018.466	1
2018.967	1
2019.167	1
2019.038	1
2018.967	1
2019.055	1
2019.016	1
2018.907	1
2018.964	1
2019.189	1
2018.967	1
2019.008	1
2019.03	1
2019.23	1
2019.175	1
2019.197	1
2018.959	1
2018.97	1
2019.025	1
2019.019	1
2019.082	1
2019.085	1
2019.082	1
2019.222	1
2019.058	1
2018.425	1
2018.315	1
2018.351	1
2018.414	1
2018.414	1
2018.427	1
2018.701	1
2018.882	1
2018.633	1
2018.805	1
2018.849	1
2018.652	1
2018.649	1
2018.649	1
2018.786	1
2018.614	1
2018.6	1
2018.477	1
2018.674	1
2018.688	1
2018.578	1
2018.614	1
2018.877	1
2018.575	1
2018.126	1
2019.11	1
2019.019	1
2018.537	1
2018.773	1
2018.721	1
2018.827	1
2018.334	1
2018.559	1
2018.411	1
2018.619	1
2019.005	1
2019.027	1
2018.696	1
2018	1
2018.348	1
2018	1
2018.175	1
2018.23	1
2018.195	1
2018.093	1
2018.225	1
2018.307	1
2018.112	1
2018.255	1
2018.222	1
2018.222	1
2018.216	1
2018.334	1
2018.334	1
2018.548	1
2018.315	1
2018.315	1
2018.258	1
2018.291	1
2018.134	1
2018.06	1
2017.523	1
2018.43	1
2018.54	1
2018.548	1
2018.751	1
2018.17	1
2018.225	1
2018.337	1
2018.545	1
2018.737	1
2018.825	1
2018.786	1
2018.997	1
2018.877	1
2018.874	1
2018.789	1
2019.019	1
2019.123	1
2019.233	1
2019.132	1
2019.137	1
2019.2	1
2019.063	1
2019.041	1
2019.096	1
2018.904	1
2019.049	1
2019.041	1
2019.041	1
2019.093	1
2019.093	1
2019.126	1
2019.096	1
2019.186	1
2019.178	1
2019.167	1
2019.104	1
2019.068	1
2019.09	1
2019.121	1
2019.115	1
2019.134	1
2019.162	1
2019.153	1
2019.142	1
2019.134	1
2019.205	1
2019.148	1
2019.093	1
2019.096	1
2019.159	1
2018.688	1
2018.907	1
2018.984	1
2019.151	1
2019.003	1
2018.901	1
2018.753	1
2018.962	1
2019.079	1
2019.129	1
2018.989	1
2018.548	1
2018.767	1
2018.767	1
2018.912	1
2019.093	1
2019.112	1
2018.868	1
2018.923	1
2018.932	1
2019.044	1
2019.156	1
2019.036	1
2018.997	1
2018.964	1
2018.964	1
2019.074	1
2019.077	1
2019.082	1
2019.063	1
2019.071	1
2019.06	1
2019.071	1
2019.173	1
2019.145	1
2019.134	1
2019.134	1
2019.104	1
2019.096	1
2019.008	1
2019.121	1
2019.077	1
2019.066	1
2019.066	1
2019.06	1
2019.06	1
2019.06	1
2019.058	1
2019.044	1
2019.082	1
2019.186	1
2019.093	1
2019.189	1
2019.156	1
2019.115	1
2019.082	1
2019.077	1
2019.099	1
2018.942	1
2018.929	1
2019.192	1
2019.17	1
2019.208	1
2019.079	1
2019.096	1
2019.058	1
2019.077	1
2019.104	1
2018.775	1
2019.027	1
2019.027	1
2018.775	1
2018.636	1
2018.932	1
2018.959	1
2019.014	1
2019.014	1
2019.074	1
2018.556	1
2018.852	1
2018.833	1
2018.83	1
2018.83	1
2018.874	1
2018.822	1
2019.019	1
2018.934	1
2019.093	1
2019.203	1
2019.247	1
2019.233	1
2019.058	1
2019.151	1
2019.058	1
2019.079	1
2018.584	1
2018.584	1
2018.532	1
2018.559	1
2019.019	1
2018.811	1
2019.038	1
2018.677	1
2018.789	1
2018.986	1
2018.959	1
2018.833	1
2019.003	1
2019.189	1
2018.521	1
2018.808	1
2018.701	1
2018.644	1
2018.559	1
2018.551	1
2018.526	1
2018.515	1
2018.564	1
2018.907	1
2018.512	1
2018.94	1
2018.578	1
2018.926	1
2018.808	1
2018.701	1
2018.951	1
2019.003	1
2019.06	1
2019.022	1
2019.025	1
2018.997	1
2018.901	1
2018.907	1
2018.94	1
2019.11	1
2019.142	1
2018.677	1
2018.759	1
2018.805	1
2018.633	1
2018.386	1
2018.386	1
2019.093	1
2019.249	1
2019.055	1
2019.099	1
2019.099	1
2019.096	1
2019.107	1
2019.121	1
2019.137	1
2019.085	1
2019.164	1
2019.137	1
2019.153	1
2019.153	1
2019.151	1
2019.093	1
2019.153	1
2019.123	1
2019.153	1
2018.896	1
2018.896	1
2018.808	1
2018.942	1
2018.942	1
2019.088	1
2019.315	1
2019.252	1
2018.773	1
2019.027	1
2019.104	1
2019.027	1
2019.025	1
2019.025	1
2019.011	1
2019.175	1
2019.151	1
2019.008	1
2019.093	1
2018.959	1
2019.06	1
2018.907	1
2018.893	1
2018.89	1
2019	1
2019.096	1
2019.159	1
2018.562	1
2018.348	1
2018.025	1
2018.384	1
2018.874	1
2018.874	1
2018.901	1
2017.66	1
2017.91	1
2017.91	1
2017.764	1
2017.756	1
2017.764	1
2017.756	1
2017.808	1
2017.808	1
2018.186	1
2018.186	1
2018.153	1
2018.184	1
2018.326	1
2018.556	1
2018.625	1
2019.005	1
2018.734	1
2018.759	1
2018.71	1
2018.866	1
2018.827	1
2019.016	1
2018.923	1
2019.093	1
2018.959	1
2018.778	1
2018.71	1
2018.978	1
2018.844	1
2018.882	1
2018.748	1
2018.877	1
2018.863	1
2019.077	1
2018.978	1
2018.844	1
2018.904	1
2018.907	1
2019.044	1
2018.981	1
2019.044	1
2019.044	1
2019.038	1
2019.038	1
2019.038	1
2019.005	1
2018.978	1
2018.978	1
2018.978	1
2018.978	1
2018.808	1
2018.825	1
2018.923	1
2019.077	1
2019.082	1
2019.063	1
2018.751	1
2018.863	1
2019.082	1
2018.863	1
2019.063	1
2019.063	1
2019.082	1
2019.063	1
2019.104	1
2019.104	1
2019.06	1
2019.068	1
2019.068	1
2019.068	1
2019.068	1
2019.068	1
2018.923	1
2018.882	1
2018.893	1
2018.978	1
2018.882	1
2019.06	1
2019.06	1
2019.162	1
2019.093	1
2019.093	1
2019.055	1
2019.055	1
2019.005	1
2018.981	1
2018.959	1
2018.959	1
2018.923	1
2018.981	1
2018.866	1
2018.773	1
2018.805	1
2018.808	1
2018.808	1
2018.923	1
2018.904	1
2018.756	1
2019.058	1
2019.11	1
2018.825	1
2018.83	1
2018.962	1
2018.847	1
2018.885	1
2018.904	1
2018.885	1
2018.885	1
2018.847	1
2019.077	1
2018.847	1
2018.847	1
2018.923	1
2018.773	1
2018.866	1
2019.055	1
2019.055	1
2019.044	1
2018.808	1
2018.808	1
2018.77	1
2018.756	1
2018.767	1
2018.808	1
2018.847	1
2018.808	1
2018.849	1
2018.83	1
2018.808	1
2018.885	1
2018.885	1
2019.055	1
2018.83	1
2018.923	1
2018.885	1
2018.978	1
2018.885	1
2019.134	1
2018.904	1
2018.764	1
2019.093	1
2018.866	1
2018.918	1
2018.934	1
2018.951	1
2018.984	1
2019.019	1
2019.077	1
2019.093	1
2018.945	1
2018.797	1
2018.797	1
2018.888	1
2019.219	1
2019.216	1
2019.079	1
2019.071	1
2019.047	1
2019.005	1
2019.118	1
2019.022	1
2018.753	1
2018.83	1
2018.844	1
2018.671	1
2018.614	1
2019.041	1
2018.748	1
2018.677	1
2018.729	1
2018.978	1
2018.729	1
2018.69	1
2018.658	1
2018.636	1
2018.614	1
2018.71	1
2018.767	1
2018.844	1
2018.868	1
2017.847	1
2018.142	1
2018.096	1
2018.096	1
2017.679	1
2018.134	1
2018.134	1
2017.767	1
2017.767	1
2017.981	1
2017.879	1
2018.055	1
2017.841	1
2018.173	1
2018.216	1
2018.427	1
2018.427	1
2018.063	1
2018.241	1
2018.107	1
2017.94	1
2018.296	1
2018.37	1
2018.178	1
2018.145	1
2018.041	1
2018.096	1
2018.214	1
2018.11	1
2018.551	1
2018.005	1
2018.553	1
2018.405	1
2018.504	1
2018.195	1
2018.005	1
2019.479	1
2018.463	1
2018.005	1
2018.395	1
2018.326	1
2018.123	1
2018.096	1
2018.463	1
2018.326	1
2018.433	1
2018.395	1
2018.312	1
2018.479	1
2018.395	1
2018.312	1
2018.395	1
2018.433	1
2018.427	1
2018.403	1
2018.403	1
2018.395	1
2018.296	1
2018.389	1
2018.29	1
2018.403	1
2018.403	1
2018.403	1
2018.408	1
2018.326	1
2018.455	1
2018.427	1
2018.345	1
2018.334	1
2018.479	1
2018.326	1
2018.326	1
2018.91	1
2018.91	1
2018.296	1
2018.964	1
2018.545	1
2018.638	1
2018.142	1
2018.395	1
2018.408	1
2018.403	1
2018.389	1
2018.066	1
2018.025	1
2018.455	1
2018.427	1
2018.088	1
2018.238	1
2018.551	1
2020.153	1
2020.142	1
2018.208	1
2018.386	1
2018.197	1
2018.197	1
2018.197	1
2018.329	1
2018.101	1
2018.356	1
2018.019	1
2018.162	1
2018.833	1
2018.134	1
2018.236	1
2017.781	1
2017.926	1
2017.822	1
2017.893	1
2017.51	1
2017.929	1
2018.219	1
2017.904	1
2017.953	1
2017.926	1
2017.912	1
2017.751	1
2018.052	1
2018.052	1
2017.778	1
2018.786	1
2018.022	1
2018.121	1
2018.014	1
2017.964	1
2017.789	1
2017.849	1
2018.23	1
2018.258	1
2017.775	1
2018.025	1
2018.025	1
2018.101	1
2018.173	1
2017.904	1
2017.874	1
2017.874	1
2018.005	1
2017.923	1
2018	1
2018.2	1
2017.929	1
2018.063	1
2018.033	1
2017.389	1
2017.301	1
2017.712	1
2017.827	1
2017.408	1
2017.597	1
2017.378	1
2017.701	1
2017.732	1
2017.345	1
2017.537	1
2017.57	1
2017.11	1
2017.11	1
2017.299	1
2017.301	1
2017.378	1
2017.299	1
2017.436	1
2017.436	1
2017.296	1
2017.564	1
2017.616	1
2017.701	1
2017.597	1
2017.567	1
2017.567	1
2017.567	1
2017.567	1
2017.567	1
2017.444	1
2017.293	1
2017.427	1
2017.501	1
2017.436	1
2017.482	1
2017.529	1
2017.203	1
2017.118	1
2017.195	1
2017.03	1
2017.241	1
2017.066	1
2017.126	1
2017.071	1
2017.063	1
2017.063	1
2017.186	1
2017.145	1
2017.184	1
2017.156	1
2017.236	1
2017.184	1
2017.225	1
2018.005	1
2017.644	1
2018.038	1
2017.504	1
2017.967	1
2017.975	1
2017.477	1
2017.318	1
2017.436	1
2016.959	1
2017.063	1
2016.959	1
2017.134	1
2017.214	1
2017.11	1
2017.066	1
2017.14	1
2017.488	1
2017.427	1
2017.97	1
2017.455	1
2017.195	1
2017.258	1
2017.285	1
2017.468	1
2017.468	1
2017.315	1
2017.345	1
2017.315	1
2017.288	1
2017.425	1
2017.463	1
2017.334	1
2017.334	1
2017.178	1
2017.153	1
2017.91	1
2017.934	1
2017.608	1
2017.584	1
2017.564	1
2017.244	1
2017.263	1
2017.153	1
2017.277	1
2017.666	1
2017.397	1
2017.682	1
2017.682	1
2017.682	1
2017.701	1
2017.619	1
2017.792	1
2017.641	1
2017.784	1
2017.559	1
2017.532	1
2018.159	1
2018.145	1
2018.203	1
2018.214	1
2018.197	1
2018.326	1
2018.184	1
2018.137	1
2018.123	1
2018.181	1
2018.351	1
2017.838	1
2017.827	1
2017.559	1
2017.405	1
2017.2	1
2017.2	1
2017.31	1
2016.164	1
2016.126	1
2016.071	1
2016.257	1
2016.12	1
2016.096	1
2016.019	1
2016.019	1
2016.014	1
2016.055	1
2016.186	1
2016.128	1
2016.134	1
2016.107	1
2016.107	1
2016.077	1
2016.066	1
2016.415	1
2016.623	1
2017.762	1
2017.959	1
2017.529	1
2016.415	1
2016.923	1
2017.036	1
2016.954	1
2016.724	1
2016.705	1
2016.716	1
2016.817	1
2016.97	1
2017.044	1
2016.363	1
2016.779	1
2017.164	1
2016.705	1
2016.705	1
2016.727	1
2016.727	1
2016.721	1
2016.76	1
2017.099	1
2017.107	1
2016.902	1
2016.765	1
2016.831	1
2016.798	1
2016.913	1
2016.527	1
2016.926	1
2016.582	1
2016.754	1
2016.658	1
2016.773	1
2016.817	1
2017.121	1
2016.995	1
2016.831	1
2016.839	1
2016.874	1
2016.735	1
2016.697	1
2016.773	1
2016.984	1
2016.995	1
2016.754	1
2016.743	1
2016.754	1
2016.877	1
2016.844	1
2016.716	1
2016.831	1
2016.964	1
2016.781	1
2016.803	1
2016.792	1
2016.836	1
2016.836	1
2016.877	1
2016.973	1
2016.907	1
2016.893	1
2017.014	1
2017.038	1
2017.118	1
2016.945	1
2017.044	1
2016.814	1
2016.817	1
2016.839	1
2016.831	1
2016.85	1
2016.896	1
2016.721	1
2016.754	1
2016.735	1
2016.735	1
2016.732	1
2016.716	1
2016.667	1
2016.675	1
2016.743	1
2016.787	1
2016.781	1
2016.735	1
2016.896	1
2017.011	1
2017.252	1
2016.762	1
2017.156	1
2016.831	1
2016.773	1
2016.773	1
2016.948	1
2017.123	1
2017.34	1
2017.079	1
2017.529	1
2016.432	1
2017.408	1
2017.403	1
2017.408	1
2017.622	1
2017.022	1
2017.022	1
2017.532	1
2016.795	1
2016.896	1
2016.773	1
2016.934	1
2016.934	1
2016.934	1
2017.022	1
2016.937	1
2017.041	1
2017.014	1
2016.888	1
2017.063	1
2017.225	1
2016.811	1
2016.776	1
2016.833	1
2016.907	1
2016.82	1
2016.683	1
2016.683	1
2016.765	1
2016.779	1
2016.872	1
2016.301	1
2016.415	1
2016.579	1
2017.063	1
2017.041	1
2016.967	1
2016.85	1
2017.068	1
2016.926	1
2016.907	1
2016.872	1
2016.872	1
2017.137	1
2017.214	1
2017.156	1
2017.041	1
2016.992	1
2015.942	1
2016.085	1
2016.281	1
2016.243	1
2016.219	1
2016.21	1
2015.942	1
2015.951	1
2015.942	1
2015.989	1
2016.115	1
2016.205	1
2016.057	1
2016.005	1
2016.066	1
2016.148	1
2016.123	1
2016.221	1
2015.879	1
2015.959	1
2016.057	1
2015.904	1
2016.123	1
2016.096	1
2016.071	1
2016.049	1
2016.049	1
2016.213	1
2016.199	1
2016.199	1
2016.033	1
2016.011	1
2016.298	1
2016.295	1
2016.104	1
2016.041	1
2016.101	1
2016.101	1
2016.101	1
2016.101	1
2016.085	1
2016.126	1
2016.126	1
2016.057	1
2016.096	1
2016.096	1
2016.126	1
2016.014	1
2016.014	1
2015.989	1
2016.03	1
2016.268	1
2016.011	1
2016.049	1
2016.03	1
2016.049	1
2016.115	1
2016.183	1
2016.238	1
2016.238	1
2016.172	1
2016.172	1
2016.117	1
2016.117	1
2016.164	1
2016.008	1
2015.833	1
2015.989	1
2016.041	1
2016.041	1
2016.175	1
2015.863	1
2015.962	1
2016.093	1
2016.249	1
2015.989	1
2015.97	1
2016.139	1
2016.24	1
2016.216	1
2015.912	1
2015.912	1
2015.899	1
2015.899	1
2015.899	1
2016.186	1
2016.161	1
2016.18	1
2015.918	1
2015.918	1
2015.962	1
2016.093	1
2015.89	1
2015.923	1
2016.142	1
2015.775	1
2015.74	1
2015.74	1
2016.131	1
2016.131	1
2015.907	1
2016.47	1
2015.956	1
2015.805	1
2016.664	1
2016.664	1
2015.759	1
2015.759	1
2016.21	1
2015.816	1
2015.992	1
2016.025	1
2016.148	1
2016.227	1
2015.975	1
2015.975	1
2015.726	1
2015.726	1
2016.18	1
2015.901	1
2016.164	1
2016.161	1
2016.093	1
2016.38	1
2016.418	1
2016.402	1
2015.811	1
2015.619	1
2016.033	1
2016	1
2016.052	1
2015.595	1
2015.595	1
2015.595	1
2015.595	1
2015.707	1
2015.762	1
2015.997	1
2016.134	1
2016.134	1
2016.003	1
2015.915	1
2015.901	1
2016.027	1
2015.951	1
2016.038	1
2015.874	1
2016.09	1
2016.18	1
2016.09	1
2016.265	1
2015.77	1
2015.91	1
2015.871	1
2015.841	1
2016.046	1
2015.879	1
2015.882	1
2016.142	1
2016.134	1
2015	1
2016.145	1
2016.131	1
2016.036	1
2016.041	1
2016.044	1
2015.921	1
2015.932	1
2015.83	1
2015.658	1
2015.723	1
2015.951	1
2015.951	1
2015.666	1
2015.915	1
2016.011	1
2016.199	1
2016.199	1
2015.981	1
2016.221	1
2015.693	1
2015.803	1
2015.803	1
2015.803	1
2015.808	1
2015.803	1
2015.655	1
2015.89	1
2015.849	1
2016.139	1
2015	1
2015.896	1
2015.937	1
2016.426	1
2016.221	1
2015.682	1
2015.69	1
2015.688	1
2015.682	1
2015.682	1
2015.682	1
2015.682	1
2016.066	1
2015.704	1
2015.658	1
2015.658	1
2015.992	1
2015.932	1
2016.257	1
2015.953	1
2016.15	1
2015.951	1
2015.94	1
2016.109	1
2016.085	1
2016.049	1
2016.178	1
2016.12	1
2016.087	1
2016.199	1
2016.219	1
2016.079	1
2016.186	1
2016.09	1
2016.052	1
2016.27	1
2016.068	1
2016.164	1
2016.027	1
2016.183	1
2015.26	1
2014.175	1
2014.433	1
2015.06	1
2015.06	1
2015.06	1
2015.351	1
2013.962	1
2014.074	1
2014.112	1
2013.981	1
2013.405	1
2013.433	1
2013.433	1
2014.164	1
2014.014	1
2013.427	1
2014.156	1
2014.156	1
2014.159	1
2014.159	1
2014.159	1
2014.159	1
2014.159	1
2013.523	1
2013.518	1
2013.444	1
2013.449	1
2013.458	1
2013.458	1
2013.496	1
2013.482	1
2013.474	1
2013.438	1
2013.438	1
2013.43	1
2013.444	1
2013.469	1
2013.036	1
2013.526	1
2013.123	1
2013.975	1
2013.962	1
2013.534	1
2013.496	1
2013.488	1
2013.488	1
2013.337	1
2013.529	1
2014.101	1
2014.09	1
2013.964	1
2014.016	1
2014.055	1
2014.025	1
2014.058	1
2013.937	1
2014.11	1
2014.038	1
2013.923	1
2014.038	1
2013.997	1
2013.764	1
2013.778	1
2013.841	1
2013.866	1
2013.86	1
2013.803	1
2013.808	1
2013.77	1
2013.77	1
2014.036	1
2013.942	1
2013.91	1
2014.074	1
2014.071	1
2014.052	1
2014	1
2014.173	1
2014.312	1
2014.022	1
2014.175	1
2014.014	1
2014.055	1
2013.981	1
2014.049	1
2014.079	1
2014.104	1
2014.118	1
2014.118	1
2014.005	1
2013.825	1
2013.932	1
2013.866	1
2013.866	1
2013.978	1
2014.049	1
2014.096	1
2014.003	1
2014.093	1
2014.019	1
2014.301	1
2013.953	1
2014.148	1
2014.151	1
2014.178	1
2014.142	1
2014.148	1
2014.134	1
2014.016	1
2013.967	1
2013.764	1
2014.027	1
2014.014	1
2014.11	1
2014.058	1
2014.189	1
2013.879	1
2013.978	1
2014.077	1
2014.06	1
2014.093	1
2014.156	1
2014.082	1
2014.036	1
2013.984	1
2014.044	1
2014.17	1
2014.288	1
2014.285	1
2014.052	1
2014.085	1
2014.342	1
2014.342	1
2013.929	1
2013.923	1
2014.107	1
2014.074	1
2014.214	1
2014.058	1
2014.441	1
2014.345	1
2014.707	1
2014.707	1
2014.707	1
2015.088	1
2015.337	1
2015.132	1
2015.052	1
2015.605	1
2015.189	1
2014.921	1
2014.945	1
2014.945	1
2014.915	1
2014.915	1
2013.91	1
2014.055	1
2014.077	1
2014.071	1
2014.071	1
2014.005	1
2013.964	1
2013.942	1
2014.499	1
2014.463	1
2014.419	1
2014.34	1
2014.285	1
2014.156	1
2014.534	1
2014.4	1
2014.373	1
2015.553	1
2014.499	1
2014.532	1
2014.493	1
2014.553	1
2014.496	1
2014.403	1
2014.512	1
2014.321	1
2014.46	1
2014.595	1
2016.642	1
2014.551	1
2014.419	1
2014.46	1
2014.266	1
2014.438	1
2014.592	1
2014.844	1
2015.567	1
2016.008	1
2015.611	1
2014.518	1
2014.474	1
2014.014	1
2012.967	1
2014.148	1
2013.942	1
2014.074	1
2013.71	1
2013.291	1
2013.337	1
2013.86	1
2013.389	1
2013.389	1
2013.655	1
2013.564	1
2013.679	1
2013.636	1
2014.041	1
2013.921	1
2015.123	1
2014.247	1
2014.247	1
2014.126	1
2014.126	1
2014.507	1
2013.962	1
2013.995	1
2014.236	1
2014.175	1
2014.041	1
2014	1
2014	1
2013.921	1
2014.581	1
2014.428	1
2014.677	1
2014.633	1
2014.614	1
2014.537	1
2014.523	1
2014.532	1
2014.148	1
2013.929	1
2013.956	1
2014.173	1
2014.173	1
2014.008	1
2014.118	1
2014.844	1
2014.038	1
2014.03	1
2013.86	1
2013.868	1
2013.896	1
2013.899	1
2013.715	1
2013.896	1
2014.173	1
2014.148	1
2014.134	1
2014.038	1
2014.014	1
2013.973	1
2014.038	1
2014.121	1
2014.137	1
2014.06	1
2013.975	1
2014.151	1
2014.11	1
2014.071	1
2014.156	1
2014.14	1
2014.129	1
2014.11	1
2014.159	1
2013.951	1
2013.956	1
2013.868	1
2013.866	1
2013.786	1
2014.025	1
2014.099	1
2014.099	1
2014.112	1
2014.099	1
2014.148	1
2014.099	1
2014.14	1
2014.134	1
2014.26	1
2014	1
2014.132	1
2014.099	1
2014.11	1
2014.132	1
2014.093	1
2014.132	1
2014.118	1
2014.112	1
2014.112	1
2014.071	1
2014.071	1
2014.14	1
2012.967	1
2014.121	1
2014.132	1
2014.129	1
2014.071	1
2014.118	1
2012.967	1
2014.134	1
2014.129	1
2014.088	1
2014.071	1
2014.129	1
2014.099	1
2014.132	1
2014.063	1
2014.074	1
2012.945	1
2014.071	1
2014.101	1
2014.093	1
2014.096	1
2014.096	1
2014.093	1
2014.036	1
2014.088	1
2014.071	1
2014	1
2013.953	1
2013.934	1
2014.11	1
2014.101	1
2014.096	1
2014.093	1
2014.071	1
2014.071	1
2014.142	1
2014.145	1
2013.986	1
2014.033	1
2014	1
2013.46	1
2013.504	1
2013.934	1
2014.115	1
2014.307	1
2014	1
2014.805	1
2015.348	1
2015.334	1
2015.323	1
2015.34	1
2015.323	1
2015.126	1
2015.611	1
2014.186	1
2014.129	1
2014.047	1
2014.121	1
2013.855	1
2013.803	1
2013.803	1
2013.466	1
2013.945	1
2013.937	1
2013.937	1
2014.06	1
2013.97	1
2013.956	1
2013.942	1
2013.945	1
2014.126	1
2014.126	1
2014.126	1
2014.126	1
2013.962	1
2013.959	1
2013.945	1
2013.973	1
2014.11	1
2013.666	1
2014.016	1
2013.962	1
2014.033	1
2013.945	1
2013.945	1
2013.948	1
