1971	1
1971	1
1972	1
1972	1
1972	1
1972	1
1972	1
1973	1
1973	1
1973	1
1972	1
1972	1
1973	1
1972	1
1972	1
1972	1
1972	1
1972	1
1976	1
1975	1
1975	1
1974	1
1973	1
1974	1
1973	1
1973	1
1974	1
1974	1
1974	1
1974	1
1974	1
1975	1
1974	1
1974	1
1974	1
1975	1
1975	1
1975	1
1975	1
1975	1
1977	1
1977	1
1977	1
1976	1
1976	1
1976	1
1976	1
1976	1
1977	1
1977	1
1976	1
1976	1
1976	1
1976	1
1976	1
1976	1
1976	1
1976	1
1975	1
1976	1
1994.151	1
1994.014	1
1994.101	1
1994.167	1
1994.093	1
1994.107	1
1994.123	1
1994.063	1
1994.079	1
1994.107	1
1993.912	1
1994.107	1
1994.14	1
1994.044	1
1994.11	1
1993	1
1994.052	1
1994.03	1
1994.085	1
1994.082	1
1994.027	1
1994.038	1
1994.121	1
1994.047	1
1994.049	1
1994.121	1
1994.184	1
1993.852	1
1994.877	1
1993.995	1
1994.164	1
1994.014	1
1994.036	1
1994.003	1
1994.573	1
1994.101	1
1994.071	1
1994.027	1
1994.066	1
1993.918	1
1994.03	1
1994.838	1
1993.904	1
1993.915	1
1994.014	1
1993.995	1
1994.016	1
1994.025	1
1994.005	1
1994.008	1
1994.033	1
1993.951	1
1994.055	1
1994.011	1
1994.09	1
1994.956	1
1995.216	1
1995.022	1
1995.195	1
1995.137	1
1995.11	1
1995.132	1
1995.052	1
1995.027	1
1995.082	1
1995.167	1
1995.162	1
1994.945	1
1995.027	1
1995.164	1
1995.027	1
1994.934	1
1995.058	1
1995.019	1
1995.104	1
1994.967	1
1995.063	1
1995.047	1
1995.167	1
1995.06	1
1995.104	1
1995.104	1
1995.005	1
1995.088	1
1994.953	1
1995.14	1
1994.995	1
1995.044	1
1996.751	1
1994	1
1996.172	1
1994.918	1
1993.142	1
1993	1
1992.833	1
1993.123	1
1993	1
1993.014	1
1993	1
1993	1
1993	1
1993	1
1993.041	1
1993.17	1
1993.107	1
1991.964	1
1991.956	1
1992.246	1
1991.915	1
1992.038	1
1991.984	1
1991.978	1
1991.959	1
1991.956	1
1991.945	1
1991.945	1
1991.984	1
1992.022	1
1992.254	1
1992.254	1
1991.945	1
1991.937	1
1991.915	1
1992.262	1
1992.09	1
1992.254	1
1991.915	1
1991.915	1
1991.915	1
1991.915	1
1991.915	1
1991.915	1
1991.915	1
1991.915	1
1991.959	1
1991.978	1
1991.97	1
1990	1
1990	1
1991.964	1
1992.101	1
1991.923	1
1992.036	1
1991.923	1
1992	1
1991.989	1
1991	1
1991.704	1
1993	1
1993	1
1992.833	1
1992.749	1
1992.915	1
1992.12	1
1992	1
1992.541	1
1993.173	1
1993	1
1993	1
1992	1
1992.022	1
1991	1
1992	1
1991.915	1
1992.025	1
1989	1
1988	1
1987	1
1988	1
1988.096	1
1985	1
1986	1
1986	1
1985	1
1986	1
1986	1
1985	1
1985	1
1985.085	1
1985	1
1985	1
1986	1
1985	1
1986	1
1986	1
1986	1
1980	1
1982	1
1982	1
1983	1
1981	1
1980	1
1980	1
1980	1
1980	1
1980.915	1
1981	1
1979	1
1979	1
1980	1
1980	1
1982	1
1982	1
1983	1
1978	1
1977	1
1978	1
1978	1
1978	1
1978	1
1977	1
1977	1
1977	1
1977	1
1977	1
1978	1
1982.915	1
1982.247	1
1982.415	1
1982	1
1982	1
1982.415	1
1983	1
1984	1
1984	1
1985	1
1984	1
1985	1
1985	1
1983	1
1983	1
1983	1
1986	1
1985	1
1985	1
1988.164	1
1987	1
1987	1
1989	1
1988	1
1988	1
1988	1
1988	1
1988	1
1988	1
1988	1
1987	1
1988	1
1990	1
1990	1
1990	1
1989	1
1990.047	1
1990.019	1
1989.904	1
1989.948	1
1989.959	1
1991	1
1990	1
1990	1
1991	1
1989	1
1989	1
1989	1
1989	1
1989	1
1989	1
1989	1
1990	1
1991.964	1
1992	1
1993.09	1
1993	1
1994.082	1
1993.929	1
1993.145	1
1993.17	1
1993.252	1
1992	1
1993	1
1994	1
1994	1
1994	1
1994	1
1993.258	1
1993.244	1
1993.258	1
1993.167	1
1993	1
1994.044	1
1994.036	1
1993.247	1
1994.584	1
1993.214	1
1993.167	1
1993.088	1
1993.186	1
1993.184	1
1993.186	1
1993.23	1
1993.203	1
1993.085	1
1993.088	1
1993.093	1
1993.093	1
1993.093	1
1993.151	1
1993.23	1
1993.189	1
1993.132	1
1993.181	1
1993.132	1
1993.186	1
1993.164	1
1993	1
1993	1
1993	1
1993	1
1993.153	1
1993.23	1
1993.296	1
1993.296	1
1993.123	1
1993.088	1
1993.164	1
1993.145	1
1993.184	1
1993.186	1
1993.184	1
1993.203	1
1993.203	1
1993.184	1
1993.23	1
1993.189	1
1993.189	1
1993.192	1
1995.145	1
1995.121	1
1995.022	1
1995.085	1
1996.038	1
1996.164	1
1995.047	1
1995.047	1
1995.101	1
1995	1
1995.063	1
1995.099	1
1995.049	1
1995.052	1
1995.132	1
1995.501	1
1995.063	1
1995	1
1995.014	1
1995.164	1
1995	1
1995	1
1995.885	1
1996.019	1
1995.962	1
1995.986	1
1995.951	1
1996.044	1
1995.962	1
1996.025	1
1995.907	1
1995.071	1
1995.934	1
1995.962	1
1996.046	1
1996.126	1
1996.005	1
1995.992	1
1995.945	1
1995.989	1
1995.964	1
1996.025	1
1995.989	1
1996.079	1
1996.057	1
1995.666	1
1996	1
1996.948	1
1997.014	1
1996.997	1
1996.937	1
1997.058	1
1996.249	1
1995.737	1
1996	1
1996.94	1
1996.978	1
1996.88	1
1997.044	1
1997.003	1
1998.011	1
1998.192	1
1998.036	1
1996.918	1
1996.926	1
1996.945	1
1997.162	1
1996.959	1
1996.945	1
1996.975	1
1996.88	1
1996.956	1
1997.044	1
1997.014	1
1997.014	1
1997.003	1
1996.923	1
1996.817	1
1996.503	1
1996	1
1996	1
1996	1
1996	1
1996	1
1996	1
1996	1
1996.464	1
1996.213	1
1996.249	1
1996.257	1
1996.148	1
1996.918	1
1996.962	1
1997.005	1
1996.945	1
1996.547	1
1996.962	1
1996.989	1
1996.975	1
1997.014	1
1996.986	1
1996.959	1
1996.926	1
1996.937	1
1996.888	1
1996.97	1
1996.863	1
1996.978	1
1996.967	1
1996.937	1
1996.943	1
1996.945	1
1996.962	1
1996.973	1
1996.899	1
1997.014	1
1996	1
1996.547	1
1996.863	1
1997.416	1
1996.975	1
1996.975	1
1996.883	1
1996.5	1
2003.134	1
2003.197	1
2003.096	1
2003.132	1
2003	1
2003.173	1
2003	1
2001.699	1
2001.751	1
2001.732	1
2001.984	1
2001.888	1
2001.992	1
2002.088	1
2002.118	1
2002.641	1
2003.304	1
2003.304	1
2003.304	1
2002.636	1
2002.595	1
2002.036	1
2002.496	1
2002.564	1
2002	1
2002	1
2002.441	1
2002.11	1
2002.573	1
2002.277	1
2002	1
2002.099	1
2002.162	1
2002.022	1
2001.532	1
2001.644	1
2003	1
2002.079	1
2002.162	1
2002.085	1
2002.036	1
2002.115	1
2002.159	1
2002.216	1
2002.077	1
2002.03	1
2002.134	1
2002.066	1
2002.011	1
2001.699	1
2001.592	1
2001.644	1
2001.625	1
2001.608	1
2001.671	1
2001.751	1
2002.058	1
2001.644	1
2002.17	1
2002.047	1
2002.074	1
2001.619	1
2001.699	1
2001.63	1
2001.74	1
2001.655	1
2002.115	1
2002.551	1
2002.655	1
2002.027	1
2002.153	1
2002.153	1
2002.079	1
2002.085	1
2002.058	1
2002.699	1
2002.093	1
2002.534	1
2002.742	1
2002.614	1
2002.066	1
2001.986	1
2002.019	1
2001.997	1
2002.173	1
2002.096	1
2002.43	1
2002.019	1
2002.104	1
2002.06	1
2002.099	1
2002.153	1
2002.044	1
2001.992	1
2002.077	1
2002.008	1
2001.89	1
2002.134	1
2001.981	1
2001.904	1
2002.118	1
2001.975	1
2002.101	1
2002.038	1
2002.058	1
2002.121	1
2002.178	1
2001.953	1
2002.036	1
2002.189	1
2001.997	1
2002.211	1
2002.153	1
2002.134	1
2002.079	1
2002.008	1
2001.984	1
2002.077	1
2002.082	1
2002.027	1
2002.085	1
2002.047	1
2002.016	1
2001.984	1
2002.019	1
2002.093	1
2002.142	1
2002.008	1
2002.044	1
2001	1
2003.258	1
2002.041	1
2002.052	1
2002.049	1
2002.115	1
2002.06	1
2003	1
2002.153	1
2002.082	1
2002.479	1
2002.649	1
2002.515	1
2002.479	1
2002.595	1
2002.641	1
2002.625	1
2002.614	1
2002.071	1
2002.786	1
2002.611	1
2002.611	1
2002.633	1
2002.556	1
2002.43	1
2002.518	1
2002	1
2002.518	1
2002.581	1
2002	1
2002.342	1
2002.518	1
2002.501	1
2002.438	1
2002.493	1
2002	1
2002.526	1
2002.562	1
2002.277	1
2002.499	1
2002.466	1
2002.479	1
2002.501	1
2002.542	1
2002.564	1
2002.616	1
2002.581	1
2002.515	1
2002.493	1
2002.31	1
2002.274	1
2002.296	1
2002.436	1
2002.345	1
2002.296	1
2002.43	1
2002.367	1
2002.362	1
2002.367	1
2002.43	1
2002.436	1
2002.438	1
2002.447	1
2002.353	1
2002.342	1
2002.337	1
2002.279	1
2002.323	1
2002.315	1
2002.334	1
2002.496	1
2002.488	1
2002.523	1
2002.485	1
2002.46	1
2002.433	1
2002.466	1
2002.518	1
2002.332	1
2002.51	1
2002.688	1
2002.458	1
2002.496	1
2002.389	1
2002.441	1
2002.447	1
2002.499	1
2002.479	1
2002.523	1
2002.611	1
2002.51	1
2001	1
2001	1
2001	1
2002.433	1
2002.521	1
2002.649	1
2002.63	1
2002.556	1
2002	1
2002	1
2002.041	1
2002.507	1
2002.46	1
2002.611	1
2002.51	1
2002.918	1
2003.811	1
2003.093	1
2002.082	1
2002.633	1
2002.534	1
2001	1
2001	1
2001	1
2001	1
2002.047	1
2001.055	1
2001.734	1
1999.225	1
1999.112	1
1999.11	1
1999.145	1
1999.129	1
1999.038	1
1999.088	1
1999.008	1
1999.162	1
1999.033	1
1998.995	1
1999.055	1
1998.989	1
1998.989	1
1999.066	1
1999.342	1
1999.23	1
1999.23	1
1999.277	1
1999.09	1
1998.995	1
1999.074	1
1999.104	1
1999.126	1
1999.085	1
1999.088	1
1998.995	1
1999.066	1
1999.019	1
1999.008	1
1999.03	1
1999.027	1
1998.997	1
1999.167	1
1999	1
1999	1
1999	1
1999.049	1
1998.989	1
1998.989	1
1999.03	1
1999.211	1
1999.208	1
1998.945	1
1999.044	1
1999.225	1
1999.093	1
1999.066	1
1999.74	1
1999.09	1
1999.066	1
1999.268	1
1999.088	1
1999.153	1
1999.153	1
1996.669	1
1997.477	1
1999.181	1
1999.181	1
1996.699	1
1997.427	1
1997.353	1
1999	1
1999	1
1999	1
1999	1
1999	1
1999	1
2000.052	1
1999.995	1
1999.953	1
2000.098	1
2000.101	1
1999.948	1
2000.074	1
1999.967	1
1999.981	1
1999.915	1
2000	1
1999.833	1
2000.071	1
1999.959	1
2000.046	1
2000	1
2000.675	1
2000.678	1
2000.716	1
2000.06	1
1999.956	1
2000.107	1
2000.063	1
1999.986	1
2000.03	1
1999.901	1
2000.014	1
2000.615	1
2000.055	1
2000.139	1
1999.896	1
1999.932	1
2000.005	1
2000.011	1
1999.893	1
2000.046	1
2000.107	1
2000.022	1
2000.087	1
2000.046	1
1999.967	1
1999.973	1
1999.978	1
1999.937	1
1999.986	1
1999.953	1
2000.011	1
1999.923	1
1999.923	1
2000	1
2000.107	1
2000.011	1
2000.686	1
2000.727	1
2000.721	1
2000.721	1
2000	1
2000.342	1
2000.344	1
1999.926	1
2000.063	1
2000.008	1
1999.997	1
1999.91	1
2000.093	1
1999.986	1
2000.164	1
2000.131	1
2000.025	1
1999.959	1
2000.161	1
1999.956	1
2000.005	1
2000.005	1
1999.978	1
1999.967	1
2000.801	1
2000.801	1
2000.79	1
2000.585	1
2000	1
2000	1
2000	1
2000.686	1
2000.713	1
2000.538	1
1999.995	1
1999.984	1
2000.005	1
2000.005	1
2000.044	1
2000.011	1
1999	1
2012	1
2000.005	1
1999.91	1
2000.115	1
1997.485	1
1997.477	1
1997.466	1
1997.458	1
1999.855	1
1999	1
1999	1
2000.738	1
2000.68	1
2000.675	1
2000.716	1
2000.721	1
2001.367	1
2001.29	1
2001.351	1
2001.605	1
2001.614	1
2001.51	1
2001.595	1
2001.518	1
2001.526	1
2001.214	1
1998.721	1
1998.721	1
1998.603	1
2000	1
2000.014	1
1999	1
1999.148	1
1998.452	1
1999.066	1
1998.956	1
1998.395	1
1998.836	1
1999.027	1
1999.058	1
1998.463	1
1998.923	1
1998.893	1
1999.107	1
1998.159	1
1998.104	1
1998.2	1
1998.047	1
1998.019	1
1998.085	1
1997.984	1
1998.09	1
1998.123	1
1997.901	1
1998.066	1
1997.581	1
1997	1
1997.975	1
1996.795	1
1998.173	1
1998.005	1
1998.11	1
1997.992	1
1997.91	1
1998.088	1
1998.214	1
1998.129	1
1998.118	1
1997.973	1
1997.984	1
1998.134	1
1998.077	1
1998.049	1
1998.049	1
1997.959	1
1997.97	1
1997.978	1
1997.959	1
1998.137	1
1997.997	1
1997.975	1
1998.033	1
1998.088	1
1998.142	1
1998.167	1
1998	1
1997.989	1
1998.077	1
1999.036	1
1998.992	1
1999.077	1
1998.945	1
1999.014	1
1996.732	1
1999.068	1
1999.058	1
1999.052	1
1999.038	1
1999.093	1
1999.11	1
1999.068	1
1998.011	1
1997.997	1
1998.115	1
1998.068	1
1997.918	1
1998.088	1
1998.049	1
1999.019	1
1999.115	1
1998.989	1
1999.112	1
1999.06	1
1996.784	1
2000	1
2000.77	1
2000	1
2000	1
2000.686	1
2000.702	1
2000	1
2000.639	1
2000.694	1
2000	1
2000.653	1
2000.91	1
2000	1
2000.724	1
2000.828	1
2000.77	1
2000	1
2000	1
2000	1
2000.702	1
2000.754	1
2000.661	1
2000.721	1
2000.82	1
2000.724	1
2000.768	1
2000.798	1
2000.732	1
2000.721	1
2000.656	1
2000.724	1
2000.694	1
2000.678	1
2000.653	1
2000.738	1
2000.735	1
2000	1
2000	1
2000	1
2000.732	1
2000	1
2000.765	1
2000	1
2000	1
2000	1
2000.814	1
2000.814	1
2000.779	1
2000	1
2000.776	1
2000	1
2001.523	1
2001.504	1
2001.529	1
2001.523	1
2001.518	1
2001.43	1
2001.312	1
2001.501	1
2000	1
2000	1
2000.68	1
2000.77	1
2000	1
2000	1
2000	1
2000.697	1
2000.656	1
2000.719	1
2000	1
2000.697	1
2000.705	1
2000	1
2000	1
2000	1
2000.74	1
2000.719	1
2000.598	1
2000.653	1
2000.648	1
2000.689	1
2000.686	1
2000.675	1
2000.751	1
2000.705	1
2000.784	1
2000	1
2000.899	1
2000.792	1
2000.719	1
2000.831	1
2001.216	1
2000	1
1999	1
1999.814	1
2001.523	1
1999	1
1999	1
1999.748	1
1999.855	1
1999.756	1
1999.753	1
2000.022	1
1999.956	1
1999.778	1
1997.197	1
1997.208	1
1997.512	1
1997.559	1
2001	1
2000.716	1
2005.005	1
2005.085	1
2004.549	1
2005.063	1
2004.984	1
2004.986	1
2004.738	1
2004.978	1
2004.842	1
2005	1
2005.529	1
2005.523	1
2005	1
2005.485	1
2005.485	1
2004.973	1
2004.833	1
2005.008	1
2005.186	1
2004.973	1
2004.973	1
2004.973	1
2004.973	1
2004.973	1
2004.973	1
2005.077	1
2004.844	1
2004.989	1
2005.222	1
2004.88	1
2004.88	1
2005.074	1
2004.847	1
2004.891	1
2004.847	1
2004.861	1
2005.005	1
2005.016	1
2004.861	1
2005.047	1
2004.967	1
2004.88	1
2004	1
2004.986	1
2004.986	1
2004.986	1
2004.986	1
2004.986	1
2004.986	1
2004.986	1
2004.989	1
2004.986	1
2004.956	1
2005.025	1
2005.025	1
2005.025	1
2005.025	1
2005.025	1
2004.954	1
2004.934	1
2005.025	1
2005.025	1
2005.025	1
2005.025	1
2005.025	1
2004.937	1
2005.126	1
2004.915	1
2005.008	1
2004.967	1
2004.956	1
2005.181	1
2005.088	1
2005.123	1
2004.967	1
2005.011	1
2005.047	1
2005.123	1
2005.17	1
2005.126	1
2005	1
2005.016	1
2004.956	1
2005.044	1
2004.937	1
2004.989	1
2005.104	1
2004.94	1
2004.852	1
2004.932	1
2005.178	1
2005.107	1
2004.71	1
2004.719	1
2004.738	1
2004.612	1
2004.852	1
2004.71	1
2004.937	1
2004.798	1
2004.904	1
2004.642	1
2005	1
2004.697	1
2004.762	1
2004.787	1
2004.798	1
2004.781	1
2004.724	1
2004.724	1
2004.699	1
2004.915	1
2004.689	1
2004.76	1
2004.738	1
2004.719	1
2004.784	1
2004.719	1
2004.683	1
2004.765	1
2004.702	1
2005.014	1
2004.721	1
2004.672	1
2004.721	1
2004.667	1
2004.721	1
2004.751	1
2004.743	1
2004.74	1
2004.74	1
2004.716	1
2004.811	1
2004.811	1
2005.049	1
2004.792	1
2004.776	1
2004.686	1
2004.727	1
2004.721	1
2004	1
2004.727	1
2005.279	1
2004.689	1
2004.727	1
2004.721	1
2005.008	1
2004.76	1
2004.913	1
2004.992	1
2004.773	1
2004.724	1
2004.691	1
2004.765	1
2004.757	1
2004.62	1
2004.732	1
2004.765	1
2004.765	1
2005.079	1
2004.697	1
2004.691	1
2004.697	1
2004.77	1
2004.705	1
2004.683	1
2004.598	1
2004.689	1
2004.691	1
2004.609	1
2004.631	1
2004.628	1
2004.615	1
2004.596	1
2004.59	1
2004.691	1
2004.691	1
2004.691	1
2004.762	1
2004.757	1
2004.697	1
2004.73	1
2004.705	1
2004.705	1
2004.683	1
2004.795	1
2004.721	1
2004.672	1
2005.26	1
2005.175	1
2005.17	1
2005.17	1
2005.773	1
2005.66	1
2004.822	1
2004.784	1
2004.798	1
2004.77	1
2004.749	1
2004.82	1
2005.112	1
2004.672	1
2004.628	1
2004.689	1
2004.762	1
2004.74	1
2004.593	1
2004.768	1
2005	1
2004.699	1
2004.792	1
2004.757	1
2004.743	1
2004.721	1
2004.708	1
2004.626	1
2004.691	1
2004.713	1
2004.721	1
2004.68	1
2004.798	1
2004.683	1
2004.702	1
2004.59	1
2004.738	1
2004.664	1
2004.732	1
2004.705	1
2004.735	1
2004.678	1
2004.568	1
2004.566	1
2004.59	1
2004.393	1
2004.762	1
2005.871	1
2005.921	1
2005.921	1
2006.071	1
2006.082	1
2006.964	1
2006.907	1
2005.304	1
2004	1
2003.91	1
2003.907	1
2003	1
2004	1
2004.552	1
2004.541	1
2004.56	1
2004.555	1
2004.415	1
2004.464	1
2004.432	1
2004.536	1
2004.5	1
2004.669	1
2004.577	1
2004.585	1
2004.645	1
2004.568	1
2004.617	1
2004.661	1
2004.795	1
2004.604	1
2004.514	1
2004.481	1
2004.893	1
2004.727	1
2004.71	1
2004.454	1
2004.59	1
2004.533	1
2004.623	1
2004.628	1
2005.014	1
2005.332	1
2003.901	1
2004.096	1
2003.956	1
2003.748	1
2003.833	1
2003.847	1
2003.962	1
2003.732	1
2004	1
2003.863	1
2003.915	1
2003.86	1
2003.833	1
2003.852	1
2003.838	1
2003.904	1
2003.852	1
2003.937	1
2003.833	1
2003.901	1
2003.885	1
2003.885	1
2003.622	1
2003	1
2003.271	1
2003.299	1
2003.299	1
2003.282	1
2003	1
2003.118	1
2003.118	1
2003.181	1
2003.345	1
2003.052	1
2003.742	1
2003.767	1
2003.775	1
2003.775	1
2003.216	1
2003.134	1
2003.504	1
2003.093	1
2003.214	1
2003	1
2003	1
2003.211	1
2002.879	1
2003.617	1
2003.455	1
2004	1
2003.455	1
2004	1
2003.307	1
2002	1
2004.749	1
2004.702	1
2004.746	1
2004.762	1
2004.765	1
2004.77	1
2004.781	1
2003.953	1
2004.117	1
2004.014	1
2003.863	1
2003.753	1
2003.688	1
2003.688	1
2003.833	1
2003.729	1
2003.71	1
2003.71	1
2003.726	1
2003.685	1
2003.762	1
2004.079	1
2004.014	1
2003.896	1
2003.723	1
2003.956	1
2003.953	1
2003.937	1
2003.934	1
2003.874	1
2004.014	1
2003.964	1
2003.915	1
2004.052	1
2003.907	1
2003.907	1
2003.923	1
2004.022	1
2003.923	1
2003.822	1
2003.863	1
2003.847	1
2003.992	1
2003.934	1
2003.94	1
2004.033	1
2003.992	1
2003.956	1
2003.934	1
2003.94	1
2003.94	1
2003.803	1
2003.953	1
2003.934	1
2003.992	1
2003.94	1
2003.923	1
2004	1
2003.823	1
2003.83	1
2003.866	1
2003.907	1
2003.901	1
2003.885	1
2004.038	1
2004.03	1
2003.967	1
2003	1
2003.926	1
2003.915	1
2003.984	1
2003.882	1
2003.866	1
2003.975	1
2003.962	1
2003.879	1
2003.849	1
2003.923	1
2003.841	1
2003.833	1
2003.926	1
2003.888	1
2003.997	1
2003.941	1
2003.822	1
2003.833	1
2003.838	1
2003.838	1
2003.94	1
2003.962	1
2003.821	1
2003.885	1
2003.934	1
2003.918	1
2003.83	1
2003.833	1
2003.844	1
2003.882	1
2003.844	1
2003.945	1
2003	1
2004	1
2003.901	1
2003.923	1
2003.915	1
2003.893	1
2003.893	1
2004.014	1
2003.844	1
2003.877	1
2003.904	1
2003.863	1
2003.838	1
2003.847	1
2003.838	1
2003.808	1
2003.937	1
2003.817	1
2003.819	1
2003.888	1
2003.951	1
2003.888	1
2003.901	1
2003.896	1
2003.885	1
2003.942	1
2003.825	1
2003.825	1
2003.918	1
2003.811	1
2003.907	1
2003.904	1
2003.904	1
2003.877	1
2003.896	1
2003.929	1
2003.896	1
2003.882	1
2003.833	1
2003.773	1
2003.759	1
2004.197	1
2004.32	1
2004.221	1
2004.172	1
2004.134	1
2004.24	1
2004.189	1
2004.202	1
2004.246	1
2003.83	1
2003.899	1
2003.874	1
2003.874	1
2003.948	1
2003.647	1
2003.69	1
2003.704	1
2003.512	1
2003.455	1
2003.625	1
2003.625	1
2003.671	1
2003.441	1
2003.515	1
2003.523	1
2003.474	1
2003.485	1
2003.499	1
2003.515	1
2003.408	1
2003.499	1
2003.559	1
2003.597	1
2003.611	1
2003.477	1
2003.584	1
2003.638	1
2003.534	1
2003.532	1
2003.51	1
2003.805	1
2003.471	1
2003.521	1
2003.532	1
2003.493	1
2003.592	1
2003.512	1
2003.57	1
2003.696	1
2003.537	1
2003.537	1
2003.592	1
2003.532	1
2003.534	1
2003.534	1
2003.534	1
2003.51	1
2003.493	1
2003.515	1
2003.54	1
2003.542	1
2003.51	1
2003.534	1
2003.507	1
2003.534	1
2003.63	1
2003.616	1
2003.57	1
2003.537	1
2003.647	1
2003.619	1
2003.71	1
2003.69	1
2003.507	1
2003.515	1
2003.46	1
2003.408	1
2003.381	1
2003.386	1
2003.378	1
2003.537	1
2003.471	1
2003.515	1
2003.468	1
2003.501	1
2003.468	1
2003.605	1
2003.63	1
2003.567	1
2003.537	1
2003.537	1
2003.537	1
2003.534	1
2003.534	1
2003.534	1
2003.507	1
2003.507	1
2003.507	1
2003.507	1
2003.507	1
2003.507	1
2003.627	1
2003.564	1
2003.455	1
2003.534	1
2003.54	1
2003.515	1
2003.496	1
2003.496	1
2003.512	1
2003.518	1
2003.512	1
2003.499	1
2003.496	1
2003.493	1
2003.693	1
2003.488	1
2003.537	1
2003.515	1
2003.479	1
2003.625	1
2003.54	1
2003.562	1
2003.614	1
2003.477	1
2003.625	1
2003.882	1
2003.745	1
2003.918	1
2003.904	1
2003.904	1
2003	1
2003.956	1
2003.94	1
2003.937	1
2003.97	1
2004.011	1
2003.863	1
2004.022	1
2003.945	1
2003.921	1
2003.992	1
2003.934	1
2003.918	1
2003.945	1
2003.901	1
2003.942	1
2003.921	1
2003.822	1
2003.923	1
2003.915	1
2003.956	1
2003.962	1
2004.003	1
2004.377	1
2004.164	1
2004.325	1
2004.183	1
2004.336	1
2004.23	1
2004.139	1
2004.213	1
2004.07	1
2004	1
2003.764	1
2003.748	1
2003.767	1
2003.781	1
2003.753	1
2003.74	1
2004.178	1
2003.745	1
2003.77	1
2003.964	1
2003.959	1
2003.956	1
2004.29	1
2004.074	1
2004.046	1
2004.093	1
2003.732	1
2003.973	1
2004.101	1
2004.628	1
2004.612	1
2004.492	1
2004.549	1
2004.508	1
2004.093	1
2004.087	1
2005	1
2003.879	1
2004.049	1
2003.942	1
2004.309	1
2004.404	1
2004.355	1
2004.011	1
2004.096	1
2004.279	1
2004	1
2003.934	1
2004.189	1
2004.109	1
2004	1
2003.926	1
2004	1
2004	1
2004	1
2004.093	1
2004.97	1
2005.088	1
2005.178	1
2005.142	1
2005.104	1
2005.101	1
2004.986	1
2005.077	1
2004.475	1
2005.008	1
2005.066	1
2005.068	1
2004.667	1
2004.628	1
2004.694	1
2004.779	1
2004.779	1
2004.549	1
2004.989	1
2004.97	1
2005.088	1
2005.066	1
2005.159	1
2006.151	1
2007.173	-1
2005.101	1
2005.754	1
2005.381	1
2005.567	1
2005.918	1
2005.622	1
2005.279	1
2005.285	1
2005.285	1
2005.288	1
2005.285	1
2005	1
2005.57	1
2005.641	1
2005.46	1
2005.46	1
2005.663	1
2005.622	1
2005.663	1
2005.641	1
2005.6	1
2005	1
2005.641	1
2005	1
2005.688	1
2005.548	1
2005.468	1
2005.641	1
2005.586	1
2005.488	1
2005.573	1
2005.523	1
2005	1
2005	1
2005.699	1
2005.605	1
2005.603	1
2005.663	1
2005	1
2005.74	1
2005.742	1
2005	1
2005.608	1
2005.663	1
2005.496	1
2005.537	1
2005.603	1
2005.518	1
2005.603	1
2005.649	1
2005.564	1
2005.611	1
2005.542	1
2005.523	1
2005.567	1
2005.616	1
2005.668	1
2005.638	1
2005	1
2005.608	1
2005.452	1
2005.447	1
2005.447	1
2005.447	1
2005.447	1
2005.447	1
2005.447	1
2005.447	1
2005.458	1
2005.463	1
2005.627	1
2006	1
2006	1
2006	1
2005.11	1
2005.619	1
2005.663	1
2005.504	1
2005.564	1
2005.625	1
2005.584	1
2005.526	1
2004.779	1
2005	1
2005.452	1
2005.364	1
2006.041	1
2005.414	1
2005.6	1
2005.622	1
2005.449	1
2005.581	1
2005	1
2005.288	1
2005.392	1
2005.628	1
2005.411	1
2005	1
2005.693	1
2007.173	1
2005.912	1
2005.814	1
2005.449	1
2006.025	1
2005.734	1
2005.353	1
2005.356	1
2005.397	1
2005.345	1
2005.34	1
2005.811	1
2005.408	1
2005.458	1
2006.203	1
2005.975	1
2005.501	1
2006	1
2005.37	1
2005.589	1
2005.534	1
2005.326	1
2005.211	1
2005.4	1
2005.414	1
2005.441	1
2005	1
2006.123	1
2005.496	1
2005.638	1
2005.334	1
2006	1
2006.027	1
2005.995	1
2005.633	1
2005.628	1
2005.49	1
2005.581	1
2005.581	1
2005.567	1
2005.581	1
2005.559	1
2005	1
2005	1
2005.247	1
2005.389	1
2005.49	1
2005.255	1
2006.022	1
2005.381	1
2005.43	1
2005.197	1
2005.268	1
2006.06	1
2005.118	1
2005.279	1
2005.578	1
2005.537	1
2005.529	1
2005.515	1
2005.553	1
2005.526	1
2005.537	1
2005.608	1
2005.373	1
2005.403	1
2005.926	1
2005.91	1
2005.836	1
2005.628	1
2005.792	1
2005.545	1
2005.359	1
2006.14	1
2005.781	1
2005.581	1
2005	1
2005.578	1
2006.145	1
2006.145	1
2006.145	1
2006.145	1
2006.145	1
2005.274	1
2005.452	1
2005.781	1
2005.553	1
2005.964	1
2005.362	1
2005.315	1
2005.301	1
2005.37	1
2005.4	1
2006	1
2006.027	1
2005.8	1
2005.518	1
2005.337	1
2005	1
2005	1
2005	1
2005	1
2005	1
2005	1
2005	1
2005	1
2005	1
2005	1
2005	1
2005	1
2005	1
2005	1
2005	1
2005	1
2005	1
2005	1
2005	1
2005	1
2005	1
2005	1
2005	1
2005	1
2005	1
2005	1
2005	1
2005	1
2005	1
2005	1
2005	1
2005	1
2005	1
2005	1
2005	1
2005	1
2005	1
2005	1
2005	1
2005	1
2005	1
2005	1
2005	1
2005	1
2005.419	1
2005.479	1
2005.551	1
2005.507	1
2007	1
2007.501	1
2007.038	1
2007.186	1
2007.107	1
2007.09	1
2005	1
2007.003	1
2007	1
2007.077	1
2007.236	1
2007.337	1
2007	1
2005.384	1
2005.418	1
2005.337	1
2005.518	1
2006	1
2005.43	1
2005.395	1
2005.392	1
2005.468	1
2006.219	1
2006.221	1
2003	1
2005	1
2005.03	1
2005.027	1
2005.871	1
2006.258	1
2006.255	1
2005.499	1
2006.258	1
2006.26	1
2006.164	1
2006.164	1
2006.164	1
2006.164	1
2006.164	1
2006.159	1
2006.159	1
2006.159	1
2006.159	1
2006.159	1
2008.003	1
2003.17	1
2005.693	1
2006.162	1
2006.162	1
2006.162	1
2006.162	1
2006.162	1
2006	1
2006.258	1
2006.118	1
2006.26	1
2006.236	1
2009.09	1
2007.019	1
2005.586	1
2005.605	1
2007.241	1
2007.606	1
2007.096	1
2007	1
2007.14	1
2007.164	1
2007.178	1
2006	1
2007.299	1
2007.214	1
2007.088	1
2007	1
2007.195	1
2006.978	1
2007.074	1
2007.058	1
2007.164	1
2007.175	1
2007.197	1
2007.469	1
2007	1
2007.104	1
2007.066	1
2007.027	1
2007.175	1
2007.077	1
2007.03	1
2007.03	1
2007.025	1
2007	1
2006	1
2007.195	1
2007.192	1
2007.14	1
2006	1
2006	1
2006	1
2006.797	1
2006.877	1
2006.871	1
2006.896	1
2006.778	1
2007	1
2007.178	1
2007	1
2007.099	1
2007	1
2007.115	1
2007	1
2007.099	1
2015	1
2008	1
2007.658	1
2007.156	1
2007.162	1
2007.164	1
2007.173	1
2007.162	1
2007.126	1
2007.173	1
2007.153	1
2007.156	1
2007.164	1
2007.521	1
2007.6	1
2007.491	1
2007.096	1
2007.159	1
2007.562	1
2007.326	1
2007.863	1
2007.329	1
2007.134	1
2007.148	1
2007.175	1
2007.211	1
2007.178	1
2007.038	1
2007.038	1
2007.847	1
2007.184	1
2007.567	1
2007	1
2008	1
2007.197	1
2007.334	1
2007.334	1
2007.175	1
2007.044	1
2007.734	1
2007.504	1
2007.48	1
2007.471	1
2007	1
2008.154	1
2008.139	1
2008.154	1
2008.075	1
2008	1
2008.134	1
2008.15	1
2008.137	1
2008.117	1
2008.005	1
2008.915	1
2008.087	1
2008.15	1
2008.915	1
2008.077	1
2008.918	1
2008.833	1
2008.833	1
2008.833	1
2007.247	1
2007.156	1
2007.159	1
2008.157	1
2007.145	1
2007.153	1
2007.468	1
2007.485	1
2007.471	1
2007.43	1
2007.422	1
2007.43	1
2007.447	1
2007.468	1
2007.468	1
2007.449	1
2007.447	1
2007.449	1
2007.477	1
2007.477	1
2007.175	1
2007.178	1
2007.463	1
2007.474	1
2007.488	1
2007.425	1
2007.444	1
2007.46	1
2007.466	1
2007.175	1
2007.184	1
2007.162	1
2007.249	1
2007.249	1
2007.241	1
2007.312	1
2007.353	1
2008.213	1
2008.208	1
2007.69	1
2007.088	1
2007.099	1
2007.159	1
2007.104	1
2007.468	1
2007.156	1
2007.181	1
2007.164	1
2007.137	1
2007.019	1
2007.115	1
2007.433	1
2007.586	1
2007.474	1
2007.507	1
2007.468	1
2007.441	1
2007.474	1
2007.477	1
2007.441	1
2007.425	1
2007.449	1
2007.466	1
2007.466	1
2007.43	1
2007.468	1
2007.468	1
2007.115	1
2007.019	1
2007.019	1
2007.099	1
2007.118	1
2007.099	1
2007.118	1
2007.134	1
2007.118	1
2007.104	1
2007.134	1
2007.153	1
2007.162	1
2007.178	1
2007.162	1
2007.121	1
2007.192	1
2007.192	1
2007.197	1
2007.153	1
2007.137	1
2008.833	1
2007.044	1
2007.099	1
2008.153	1
2007.523	1
2007.178	1
2007.175	1
2007.197	1
2007.37	1
2007.699	1
2008.135	1
2008.178	1
2008.12	1
2008.153	1
2008.139	1
2008.018	1
2008.131	1
2008.216	1
2008.134	1
2008.137	1
2008.15	1
2008.12	1
2008.141	1
2008.139	1
2008.1	1
2008.134	1
2008.124	1
2008.119	1
2008.122	1
2008.149	1
2008.149	1
2008.141	1
2008.141	1
2008.083	1
2008.135	1
2008.138	1
2007	1
2008.152	1
2008.149	1
2008.156	1
2008.175	1
2008.12	1
2008.134	1
2008.168	1
2008.165	1
2008.149	1
2008.135	1
2008.135	1
2008.122	1
2008.102	1
2007.774	1
2009	1
2009.086	1
2007.71	1
2008.475	1
2007.134	1
2011.236	1
2007.526	1
2007.395	1
2007.364	1
2007.395	1
2007.375	1
2008.016	1
2007.962	1
2008.189	1
2007.904	1
2007.354	1
2007.37	1
2007.364	1
2007.329	1
2008.038	1
2007.805	1
2007.567	1
2008.138	1
2008.131	1
2008.12	1
2008.154	1
2008	1
2008.291	1
2009.263	1
2010.268	1
2009.512	1
2009.512	1
2008.577	1
2007.868	1
2007.97	1
2008.137	1
2008.038	1
2008.096	1
2008.15	1
2008.154	1
2008.119	1
2007.955	1
2009.319	1
2009.242	1
2009.321	1
2009.085	1
2009.086	1
2009.085	1
2009.319	1
2009.327	1
2009.327	1
2009.327	1
2009.322	1
2009.319	1
2009.248	1
2009.344	1
2009.327	1
2009.39	1
2009.389	1
2009.163	1
2009.163	1
2009.085	1
2009.001	1
2009	1
2009.333	1
2009.322	1
2009.325	1
2009.162	1
2009.327	1
2009.319	1
2009.323	1
2009.001	1
2009.319	1
2009.247	1
2009.041	1
2009.319	1
2009.347	1
2009.322	1
2009.327	1
2009.315	1
2009.327	1
2009.322	1
2009.325	1
2009	1
2009	1
2009.322	1
2009.322	1
2009.327	1
2009.316	1
2009.322	1
2009.322	1
2009.382	1
2009.316	1
2009.338	1
2009.338	1
2009.325	1
2008.137	1
2008.94	1
2008.94	1
2009.108	1
2009.086	1
2008.727	1
2007.786	1
2007.677	1
2009.019	1
2009.61	1
2009.336	1
2007.926	1
2007.559	1
2007.696	1
2007.929	1
2007.923	1
2007.912	1
2007.932	1
2008.074	1
2008.437	1
2008.008	1
2008.06	1
2008.134	1
2008.06	1
2008.134	1
2008.172	1
2008.119	1
2008.075	1
2007.564	1
2008.075	1
2008.937	1
2009.016	1
2008.574	1
2008	1
2008	1
2008.445	1
2007.792	1
2008.104	1
2008.057	1
2008.044	1
2008.066	1
2008.06	1
2008.025	1
2008.131	1
2008.115	1
2008.194	1
2008.15	1
2008.153	1
2008.15	1
2008.112	1
2008.781	1
2008.139	1
2008.169	1
2009	1
2009.33	1
2008.934	1
2008.915	1
2009.038	1
2009.327	1
2008.178	1
2008.158	1
2009.085	1
2009.085	1
2008.149	1
2008.157	1
2009.422	1
2009.575	1
2009.393	1
2009.493	1
2009.493	1
2009.482	1
2009.482	1
2009.482	1
2009.482	1
2010.359	1
2010.225	1
2010.162	1
2010.69	1
2010.704	1
2011.121	1
2011.285	1
2010.816	1
2010.814	1
2011.205	1
2010.679	1
2010.586	1
2010.586	1
2010.586	1
2010.586	1
2010.586	1
2010.586	1
2010.586	1
2011.167	1
2011.219	1
2011.123	1
2011.321	1
2010.589	1
2010.69	1
2011.282	1
2011.181	1
2011.011	1
2010.2	1
2010.625	1
2010.011	1
2009.515	1
2009.455	1
2009.327	1
2009.855	1
2010.093	1
2010.055	1
2010.227	1
2010.833	1
2009.475	1
2009.94	1
2009.825	1
2009.386	1
2009.386	1
2009.507	1
2009.507	1
2009.525	1
2009.473	1
2009.493	1
2009.493	1
2009.515	1
2009.515	1
2009.829	1
2009.482	1
2009.482	1
2009.477	1
2011.353	1
2009.319	1
2009.268	1
2009.329	1
2009.085	1
2009.338	1
2009.316	1
2009.327	1
2009.327	1
2009.322	1
2009.358	1
2009.33	1
2009.322	1
2009.322	1
2009.33	1
2009.325	1
2009.344	1
2009.322	1
2009.33	1
2009.33	1
2009.319	1
2009.33	1
2009.319	1
2009.325	1
2009.319	1
2009.322	1
2009.352	1
2009.344	1
2009.327	1
2009.338	1
2009.322	1
2009.377	1
2009.327	1
2009.173	1
2009.356	1
2009.358	1
2009.358	1
2009.325	1
2009.322	1
2009.504	1
2009.504	1
2009.244	1
2009.333	1
2009.322	1
2009.319	1
2009.374	1
2009.426	1
2009.338	1
2010.893	1
2011.203	1
2011.058	1
2011.058	1
2010.956	1
2009.393	1
2009.322	1
2009.325	1
2009.33	1
2009.325	1
2009.322	1
2009.322	1
2009.319	1
2009.319	1
2009.319	1
2009	1
2009.37	1
2009.337	1
2009.377	1
2009	1
2009.389	1
2009.425	1
2009.423	1
2009.474	1
2009.415	1
2009.363	1
2009.358	1
2009.319	1
2009.322	1
2009.322	1
2009.322	1
2009.322	1
2009.322	1
2009.382	1
2009.363	1
2009.322	1
2009.321	1
2009.433	1
2009.33	1
2009.342	1
2009.377	1
2009.341	1
2009.333	1
2009.325	1
2009.445	1
2009.397	1
2009.475	1
2005.016	1
2009.329	1
2007.011	1
2009.322	1
2009.319	1
2009.316	1
2009.552	1
2009.352	1
2009.352	1
2009.556	1
2009.521	1
2009.556	1
2009.521	1
2009.553	1
2009.548	1
2009.554	1
2009.548	1
2009.344	1
2009.86	1
2009.86	1
2009.108	1
2009.492	1
2009.573	1
2009.314	1
2009.314	1
2009.859	1
2009.512	1
2009.512	1
2009.459	1
2009.586	1
2009.578	1
2009.586	1
2009.578	1
2009.358	1
2009.327	1
2009.327	1
2009.327	1
2009.325	1
2009.322	1
2009.416	1
2009.559	1
2009.422	1
2009.573	1
2009.368	1
2009.382	1
2009.551	1
2009.379	1
2009.325	1
2009	1
2009	1
2009.538	1
2009.54	1
2009.54	1
2009.556	1
2009.573	1
2009.526	1
2009.526	1
2009.518	1
2009.586	1
2009.573	1
2009.556	1
2009.526	1
2009.526	1
2009.518	1
2009.8	1
2009.578	1
2009.578	1
2009.573	1
2009.559	1
2009.559	1
2009.597	1
2009.551	1
2011.173	1
2009.712	1
2009	1
2009.586	1
2009.575	1
2009.575	1
2009.57	1
2009.586	1
2009.575	1
2009.57	1
2009.573	1
2009.567	1
2009.567	1
2009.556	1
2009.573	1
2009.567	1
2009.567	1
2009.556	1
2009.51	1
2009.51	1
2009.551	1
2009.551	1
2009.534	1
2009.534	1
2009.521	1
2009.521	1
2009.521	1
2009.567	1
2009.553	1
2009.567	1
2009.559	1
2009.554	1
2009.559	1
2009.592	1
2009.581	1
2009.592	1
2009.669	1
2010.014	1
2009.712	1
2009.677	1
2009.677	1
2009.584	1
2009.548	1
2009.548	1
2009.553	1
2009.554	1
2009.414	1
2009.548	1
2009.548	1
2009.532	1
2009.521	1
2009.532	1
2009.521	1
2009.379	1
2009.358	1
2009.358	1
2009.381	1
2009.399	1
2009.399	1
2009.567	1
2009.399	1
2009.319	1
2009.358	1
2009.333	1
2009.319	1
2009.421	1
2009.784	1
2009.784	1
2009.784	1
2009.521	1
2009.341	1
2009.323	1
2009.322	1
2009.322	1
2008.358	1
2009.318	1
2008.992	1
2007.852	1
2008.902	1
2009	1
2009.175	1
2010.068	1
2009.085	1
2009.085	1
2009.319	1
2009.108	1
2008	1
2008.803	1
2008.557	1
2008.194	1
2009.319	1
2008.15	1
2008.198	1
2008.149	1
2008.157	1
2008.131	1
2008	1
2009.327	1
2009.318	1
2008.131	1
2008.131	1
2008.15	1
2008.139	1
2008.213	1
2008.193	1
2008.153	1
2008.852	1
2008.88	1
2008.921	1
2008.943	1
2008.803	1
2008.751	1
2008.883	1
2008.82	1
2008.937	1
2009.322	1
2009.085	1
2008.852	1
2008.79	1
2008.822	1
2008.899	1
2008.888	1
2008.852	1
2008.899	1
2009.086	1
2008.992	1
2008.997	1
2009.052	1
2008.852	1
2008.888	1
2008.782	1
2008.885	1
2008.847	1
2008.923	1
2008.904	1
2008.902	1
2009.319	1
2008.943	1
2008.123	1
2008.134	1
2008.172	1
2008.175	1
2008.915	1
2008.189	1
2008.189	1
2008.175	1
2008.175	1
2008.156	1
2008.156	1
2008.117	1
2008.131	1
2008.189	1
2008.12	1
2008.112	1
2008.12	1
2008.152	1
2008.138	1
2008.133	1
2008.171	1
2008.1	1
2008	1
2008.803	1
2008.115	1
2008.134	1
2008.209	1
2008.153	1
2008.189	1
2008.139	1
2008.112	1
2009.019	1
2009	1
2009.322	1
2008.153	1
2008.201	1
2008.995	1
2009.003	1
2009.014	1
2008.158	1
2008.194	1
2009.022	1
2009.33	1
2009.156	1
2009.322	1
2009.325	1
2009.336	1
2009.325	1
2009.325	1
2009.322	1
2009.323	1
2009.33	1
2009.344	1
2009.327	1
2009.325	1
2009.33	1
2009.327	1
2009.333	1
2009.325	1
2009.325	1
2009.322	1
2009.327	1
2009.322	1
2009.325	1
2009.322	1
2009.315	1
2009.322	1
2009.325	1
2009.325	1
2009.325	1
2009.319	1
2009.338	1
2009.322	1
2009.329	1
2009.325	1
2009.247	1
2009.115	1
2009.016	1
2008.995	1
2009.014	1
2010.674	1
2010.806	1
2011.227	1
2010.693	1
2010.666	1
2010.934	1
2010.934	1
2010.934	1
2010.973	1
2010.973	1
2010.937	1
2010.89	1
2010.89	1
2010.973	1
2010.97	1
2010.97	1
2010.973	1
2010.992	1
2010.992	1
2010.915	1
2010.915	1
2011.162	1
2011.718	1
2011.932	1
2012.027	1
2011.8	1
2011.238	1
2012	1
2012	1
2012.295	1
2012	1
2012	1
2012	1
2011.11	1
2011.055	1
2011.041	1
2011.011	1
2011.285	1
2011.195	1
2011.11	1
2011.049	1
2010.937	1
2010.995	1
2011.189	1
2011.016	1
2011.063	1
2011.54	1
2010.995	1
2010	1
2011.063	1
2011.055	1
2010.493	1
2011.074	1
2011.074	1
2011.096	1
2011.066	1
2011.178	1
2011.164	1
2010.499	1
2010.885	1
2010.885	1
2010.967	1
2010.91	1
2010.921	1
2010.921	1
2010.877	1
2010.877	1
2010.718	1
2010.781	1
2011.764	1
2010.806	1
2010.806	1
2011.841	1
2011.841	1
2011.142	1
2011.101	1
2011.781	1
2011.762	1
2011.773	1
2011.778	1
2011.838	1
2011.792	1
2011.756	1
2012.022	1
2012.167	1
2012.243	1
2012.117	1
2012.126	1
2012.298	1
2012	1
2012.079	1
2012.079	1
2012	1
2011.953	1
2011.836	1
2011.808	1
2012.077	1
2012.164	1
2011.784	1
2011.849	1
2011.811	1
2011.847	1
2012.94	-1
2012.372	-1
2011.811	1
2010.8	1
2010.967	1
2010.86	1
2010.912	1
2010.781	1
2010.781	1
2010.671	1
2010.671	1
2010.822	1
2010.871	1
2010.841	1
2010.819	1
2010.803	1
2010.819	1
2010.819	1
2010.836	1
2010.789	1
2010.822	1
2010.825	1
2010.775	1
2010.808	1
2010.803	1
2010.822	1
2010.775	1
2010.86	1
2010.806	1
2010.822	1
2010.806	1
2010.844	1
2010.745	1
2010.764	1
2010.8	1
2010.819	1
2010.822	1
2010.795	1
2010.803	1
2010.847	1
2010.819	1
2010.819	1
2010.806	1
2010.819	1
2010.836	1
2010.817	1
2010.817	1
2010.786	1
2010.921	1
2010.789	1
2012.273	1
2010.885	1
2010.797	1
2010.836	1
2010.855	1
2010.836	1
2010.871	1
2010.847	1
2010.86	1
2010.921	1
2010.901	1
2010.789	1
2010.795	1
2010.745	1
2010.855	1
2010.8	1
2011.016	1
2010.882	1
2010.89	1
2010.97	1
2010.871	1
2010.797	1
2011.093	1
2011.126	1
2011.222	1
2011.2	1
2011.219	1
2011.208	1
2011.2	1
2011.208	1
2011.2	1
2011.263	1
2011.074	1
2011.132	1
2012.328	1
2012	1
2012.557	1
2012.295	1
2012.921	1
2013.011	1
2013.011	1
2013.011	1
2013.016	1
2013.027	1
2012.352	1
2012.301	1
2012.145	1
2012.366	1
2012.142	1
2012.243	1
2012.221	1
2012.257	1
2012.183	1
2011.975	1
2011.984	1
2012.066	1
2012.175	1
2012.295	1
2012.175	1
2012.273	1
2012.178	1
2012	1
2012.486	1
2012.164	1
2012.183	1
2012	1
2010.433	1
2011.047	1
2010.814	1
2010.877	1
2010.836	1
2011.148	1
2010.992	1
2010.951	1
2011.101	1
2011.101	1
2011.101	1
2010	1
2011.038	1
2011.033	1
2011.101	1
2010.956	1
2011.567	1
2011.493	1
2012.566	1
2011.518	1
2011.438	1
2011.466	1
2011.121	1
2011.967	1
2012.989	1
2012.913	1
2013.052	1
2013.118	1
2013.027	1
2012.907	1
2012.885	1
2012.839	1
2012.91	1
2013.03	1
2012.951	1
2013.052	1
2013.036	1
2012.945	1
2012.861	1
2012.992	1
2013.011	1
2012.448	1
2012.986	1
2012.989	1
2012.989	1
2012.992	1
2013.082	1
2013.079	1
2013.079	1
2013.079	1
2012.926	1
2013.137	1
2013.137	1
2012.97	1
2012.967	1
2013.104	1
2012.934	1
2012.918	1
2013.027	1
2013	1
2012.126	1
2012.175	1
2012.186	1
2012.792	1
2012.817	1
2012.656	1
2012.661	1
2012.779	1
2012.779	1
2012.839	1
2012.847	1
2012.773	1
2012.776	1
2012.683	1
2012.749	1
2012.664	1
2012.719	1
2012.713	1
2012.708	1
2012.705	1
2012.828	1
2012.776	1
2012.787	1
2012.746	1
2012.566	1
2012.519	1
2012.495	1
2012.792	1
2012.768	1
2012.743	1
2012.738	1
2012.719	1
2012.861	1
2012.779	1
2012.828	1
2012.716	1
2012.716	1
2012.806	1
2012.801	1
2012.754	1
2012.678	1
2012.776	1
2012.929	1
2012.863	1
2012.809	1
2012.883	1
2012.626	1
2012.607	1
2012.634	1
2012.629	1
2012.538	1
2011.381	1
2011.26	1
2011.748	1
2011.748	1
2011.822	1
2011.822	1
2011.101	1
2011.186	1
2010.986	1
2010.663	1
2011.701	1
2011.701	1
2011.778	1
2011.691	1
2011.671	1
2011.699	1
2011.764	1
2011.874	1
2011.745	1
2011.723	1
2011.688	1
2011.723	1
2011.699	1
2011.707	1
2011.685	1
2011.669	1
2014.723	1
2011.455	1
2011.532	1
2011.899	1
2011.669	1
2011.649	1
2011.68	1
2011.68	1
2011.4	1
2011.718	1
2011.641	1
2011.647	1
2011.658	1
2011.718	1
2011.584	1
2011.658	1
2011.699	1
2011.696	1
2011.701	1
2011.715	1
2011.663	1
2011.696	1
2011.68	1
2011.745	1
2011.493	1
2011.699	1
2011.721	1
2011.691	1
2011.704	1
2011.704	1
2011.811	1
2011.814	1
2012.413	1
2011.759	1
2011.688	1
2011.696	1
2011.701	1
2011.682	1
2011.682	1
2011.682	1
2010.921	1
2011.649	1
2011.025	1
2010.819	1
2010.819	1
2011.137	1
2011.17	1
2011.17	1
2011.189	1
2011.142	1
2011.104	1
2011.055	1
2011.03	1
2011.071	1
2010.841	1
2010.866	1
2010.874	1
2010.858	1
2010.858	1
2010.852	1
2010.775	1
2010.775	1
2010.819	1
2011.205	1
2011.159	1
2011.132	1
2011.312	1
2011.167	1
2011.181	1
2011.156	1
2011.148	1
2011.107	1
2011.203	1
2011.003	1
2011.164	1
2010.989	1
2011.123	1
2011.68	1
2010.8	1
2010.934	1
2011.093	1
2011.817	1
2011.797	1
2010.775	1
2011.792	1
2012.079	1
2012.093	1
2010.874	1
2012.328	1
2012.257	1
2012.251	1
2012.208	1
2012.257	1
2010.814	1
2011.814	1
2011.986	1
2011.964	1
2011.912	1
2011.915	1
2012.011	1
2011.838	1
2011.756	1
2011.792	1
2011.764	1
2012.18	1
2012.18	1
2011.663	1
2011.682	1
2011.638	1
2012.29	1
2011.611	1
2011.671	1
2011.669	1
2011.666	1
2011.68	1
2011.682	1
2011.68	1
2012.09	1
2012.085	1
2011.83	1
2011.641	1
2011.641	1
2011.625	1
2012.254	1
2011.658	1
2011.718	1
2011.699	1
2011.68	1
2011.74	1
2011.808	1
2011.808	1
2011.8	1
2012.295	1
2011.63	1
2011.764	1
2011.649	1
2011.811	1
2011.817	1
2011.682	1
2010.816	1
2010.997	1
2011.14	1
2011.115	1
2011.197	1
2011.027	1
2011.005	1
2011.162	1
2011.203	1
2010.803	1
2011.408	1
2012.137	1
2012.929	1
2013.049	1
2012.975	1
2012.511	1
2012.623	1
2012.284	1
2012.268	1
2012.353	1
2010.773	1
2010.784	1
2010.301	1
2010.715	1
2010.556	1
2010.617	1
2010.381	1
2010.617	1
2010.381	1
2010.625	1
2010.427	1
2010.469	1
2010.529	1
2011.071	1
2010.852	1
2010.863	1
2010.866	1
2010.874	1
2010.803	1
2010.852	1
2010.852	1
2011.145	1
2011.184	1
2010.625	1
2011.033	1
2010.822	1
2010.817	1
2010.844	1
2010.817	1
2010.841	1
2010.841	1
2010.817	1
2010.863	1
2010.858	1
2010.882	1
2010.786	1
2010.841	1
2010.847	1
2010.817	1
2010.841	1
2010.836	1
2010.838	1
2010.852	1
2010.663	1
2010.764	1
2010.915	1
2010.795	1
2010.795	1
2010.858	1
2010.932	1
2011.132	1
2010.953	1
2010.937	1
2011.041	1
2011.449	1
2011.523	1
2011.526	1
2011.334	1
2010.838	1
2010.852	1
2010.904	1
2010.885	1
2010.904	1
2010.877	1
2010.893	1
2010.91	1
2010.71	1
2010.806	1
2010.934	1
2010.967	1
2010.962	1
2010.592	1
2010.91	1
2010.893	1
2010.567	1
2010.567	1
2010.567	1
2010.625	1
2015.975	-1
2010.874	1
2010.921	1
2010.756	1
2010.756	1
2010.825	1
2010.828	1
2010.847	1
2012.833	1
2012.934	1
2012.801	1
2012.858	1
2012.896	1
2012.91	1
2012.962	1
2012.899	1
2012.762	1
2012.858	1
2012.852	1
2015.975	1
2010.808	1
2010.91	1
2010.871	1
2010.896	1
2010.901	1
2010.699	1
2010.852	1
2010.877	1
2011	1
2010.786	1
2010.806	1
2010.806	1
2010.806	1
2010.808	1
2010.836	1
2010.729	1
2010.806	1
2010.948	1
2010.929	1
2010.896	1
2010.874	1
2010.929	1
2010.885	1
2010.866	1
2011.145	1
2010.948	1
2010.71	1
2010.885	1
2010.893	1
2011.841	1
2011.918	1
2011.852	1
2011.811	1
2010.707	1
2010.828	1
2010.806	1
2010.795	1
2010.781	1
2010.762	1
2010.795	1
2010.762	1
2010.822	1
2010.893	1
2010.828	1
2010.795	1
2011.066	1
2010.784	1
2010.838	1
2011.052	1
2010.721	1
2010.874	1
2010.797	1
2010.795	1
2010.885	1
2010.817	1
2010.841	1
2010.841	1
2010.784	1
2010.822	1
2010.778	1
2010.8	1
2010.795	1
2011.033	1
2010.784	1
2010.8	1
2010.822	1
2010.841	1
2010.726	1
2010.863	1
2010.836	1
2010.855	1
2010.691	1
2010.877	1
2010.877	1
2010.784	1
2010.817	1
2009.715	1
2010.871	1
2009.336	1
2009.525	1
2009.532	1
2009.63	1
2009.644	1
2010.456	1
2009	1
2009.377	1
2009.552	1
2009.556	1
2010.819	1
2010.814	1
2010.819	1
2010.49	1
2010.49	1
2010.49	1
2010.745	1
2010.737	1
2010.745	1
2010.743	1
2010.786	1
2010.781	1
2010.781	1
2009.57	1
2009.625	1
2009.715	1
2009.715	1
2009.416	1
2009.373	1
2009.367	1
2010.025	1
2009.532	1
2009.532	1
2009.595	1
2009.559	1
2009.551	1
2009.551	1
2009.542	1
2009.51	1
2009.559	1
2009.551	1
2009.551	1
2009.543	1
2009.51	1
2009.778	1
2009.336	1
2009.325	1
2009.448	1
2009.314	1
2009.575	1
2009.575	1
2011.953	1
2010.455	1
2010.468	1
2010.299	1
2010.299	1
2010.301	1
2011.178	1
2011.151	1
2011.085	1
2010.973	1
2011.014	1
2011.027	1
2011.055	1
2011.11	1
2011.153	1
2011.049	1
2011.222	1
2011.033	1
2011.074	1
2011.008	1
2011.195	1
2011.14	1
2011.142	1
2011.005	1
2010.978	1
2010.97	1
2010.94	1
2010.888	1
2011.123	1
2011.151	1
2011.074	1
2011.093	1
2011.005	1
2011.159	1
2011.126	1
2011.033	1
2011.151	1
2010.997	1
2011.148	1
2011.118	1
2011.038	1
2011.153	1
2011.205	1
2011.148	1
2011.068	1
2011.132	1
2011.216	1
2011.192	1
2011.027	1
2010.89	1
2010.699	1
2010.395	1
2010.068	1
2010	1
2010.359	1
2010.033	1
2010.386	1
2010.386	1
2010.397	1
2010	1
2010.208	1
2010.208	1
2011.049	1
2010.841	1
2010.403	1
2010.416	1
2010.433	1
2010.43	1
2010.432	1
2010.608	1
2010.44	1
2010.419	1
2010.427	1
2010.433	1
2010.414	1
2010.419	1
2010.427	1
2010.419	1
2011.074	1
2010.434	1
2010.429	1
2010.421	1
2010.43	1
2010.433	1
2010.43	1
2010.425	1
2010.425	1
2010.43	1
2010.425	1
2010.422	1
2010.427	1
2010.422	1
2010.433	1
2010.425	1
2010.43	1
2010.444	1
2010.427	1
2010.436	1
2010.43	1
2010.447	1
2010.433	1
2010.416	1
2010.449	1
2010.425	1
2010.422	1
2010.419	1
2010.422	1
2010.211	1
2010.414	1
2010.416	1
2010.414	1
2010.414	1
2010.408	1
2010.403	1
2010.384	1
2010.373	1
2010.416	1
2010.416	1
2011.066	1
2010.419	1
2010.441	1
2010.441	1
2010.438	1
2010.438	1
2010.436	1
2010.43	1
2010.427	1
2010.419	1
2010.416	1
2010.416	1
2010.419	1
2010.436	1
2010.416	1
2010.408	1
2010.427	1
2010.416	1
2010.427	1
2010.408	1
2010.449	1
2010.43	1
2010.427	1
2010.422	1
2010.43	1
2010.403	1
2010.433	1
2010.427	1
2010.416	1
2010.422	1
2009.877	1
2011	1
2012.265	1
2012.265	1
2012.232	1
2012.339	1
2012.298	1
2013.003	1
2012.951	1
2012.913	1
2012.954	1
2012.934	1
2012.915	1
2012.915	1
2012.907	1
2012.907	1
2012.902	1
2012.885	1
2012.885	1
2013.005	1
2012.97	1
2012.888	1
2013.019	1
2012.91	1
2012.923	1
2012.117	1
2012.538	1
2012.596	1
2012.544	1
2012.202	1
2011.608	1
2012.049	1
2012.03	1
2012.429	1
2012.541	1
2012.175	1
2012.429	1
2012.943	1
2012.445	1
2012.484	1
2012.527	1
2012.615	1
2012.522	1
2012.596	1
2012.022	1
2012.033	1
2011.123	1
2012.505	1
2012.59	1
2011.762	1
2012.355	1
2012.404	1
2012.634	1
2011	1
2011	1
2011	1
2011.025	1
2013.022	1
2013.022	1
2012.358	1
2011.803	1
2011.847	1
2012.128	1
2012.027	1
2012.025	1
2011.562	1
2011.652	1
2011.992	1
2011.904	1
2012.178	1
2012	1
2012.609	1
2012.03	1
2012.216	1
2012.202	1
2012.09	1
2012.183	1
2012.137	1
2012.216	1
2012.164	1
2011.471	1
2011.471	1
2012	1
2011.37	1
2011.359	1
2011.381	1
2011.359	1
2011.381	1
2011.299	1
2011.493	1
2011.493	1
2011.581	1
2011.512	1
2011.469	1
2011.469	1
2011.469	1
2011.46	1
2011.458	1
2011.474	1
2011.419	1
2011.512	1
2011.469	1
2011.469	1
2011.469	1
2011.46	1
2011.458	1
2011.474	1
2011.419	1
2011.504	1
2011.496	1
2011.496	1
2011.48	1
2011.48	1
2011.491	1
2011.469	1
2011.455	1
2011.491	1
2011.469	1
2011.455	1
2011.477	1
2011.477	1
2011.299	1
2012.213	1
2012.213	1
2012.175	1
2012.033	1
2012.172	1
2012.117	1
2011.879	1
2012.079	1
2012.079	1
2012.298	1
2012.158	1
2012.158	1
2012.175	1
2011.91	1
2012.366	1
2011.691	1
2011.83	1
2011.838	1
2011.871	1
2010.841	1
2011.868	1
2012	1
2012	1
2011.803	1
2011.893	1
2011.882	1
2012.161	1
2012.022	1
2012	1
2012	1
2011.649	1
2011.849	1
2011.792	1
2012.104	1
2012.104	1
2012	1
2011.91	1
2011.945	1
2012.085	1
2012	1
2011.83	1
2012.101	1
2012.251	1
2012.377	1
2010.803	1
2012.339	1
2012.333	1
2012.508	1
2012.271	1
2012.238	1
2012.385	1
2012.415	1
2012.391	1
2012.156	1
2012.156	1
2012.568	1
2012.429	1
2012.347	1
2011.586	1
2011.737	1
2012.527	1
2011.619	1
2011.696	1
2012.216	1
2012.041	1
2012.077	1
2011.378	1
2011.871	1
2012.292	1
2012.484	1
2012.508	1
2012.675	1
2012.563	1
2012.516	1
2012.366	1
2012.511	1
2012.333	1
2012.333	1
2011.647	1
2012.276	1
2012.238	1
2012.353	1
2012.347	1
2012.377	1
2012.347	1
2012.377	1
2012.385	1
2012.085	1
2012.107	1
2012.101	1
2012.232	1
2012.027	1
2011.57	1
2011.57	1
2011.611	1
2011.814	1
2011.567	1
2011.515	1
2011.644	1
2011.515	1
2011.493	1
2011.449	1
2011.567	1
2011.515	1
2011.644	1
2011.611	1
2011.562	1
2011.515	1
2011.493	1
2011.449	1
2011.589	1
2011.633	1
2011.91	1
2011.773	1
2011.797	1
2011.8	1
2011.737	1
2012.167	1
2012.12	1
2012.063	1
2012.104	1
2012.082	1
2012.096	1
2012.082	1
2012	1
2012.107	1
2011.929	1
2011.967	1
2011.89	1
2012.5	1
2012.563	1
2012.557	1
2012.577	1
2012.577	1
2012.989	1
2012	1
2012.167	1
2012.126	1
2012.538	1
2012.219	1
2013.592	1
2011.504	1
2011.638	1
2011.51	1
2011.504	1
2011.638	1
2011.51	1
2012.281	1
2012.224	1
2012.279	1
2012.194	1
2012.098	1
2011.934	1
2011.603	1
2011.699	1
2011.784	1
2011.945	1
2012.12	1
2012.175	1
2012.123	1
2012.03	1
2012	1
2012.224	1
2012.189	1
2011.929	1
2010.975	1
2012.049	1
2012.137	1
2011.811	1
2011.811	1
2011.811	1
2012.481	1
2012.462	1
2012.47	1
2012.538	1
2012.167	1
2011.926	1
2012.027	1
2011.795	1
2011.795	1
2011.444	1
2011.241	1
2011.444	1
2011.241	1
2011.408	1
2011.408	1
2011.701	1
2012.503	1
2012.213	1
2012.53	1
2012.478	1
2012.287	1
2012.287	1
2012.287	1
2012.287	1
2012.178	1
2012.158	1
2012.03	1
2012.03	1
2012.191	1
2011.756	1
2011.795	1
2011.795	1
2011.877	1
2011.806	1
2011.8	1
2011.806	1
2011.8	1
2011.638	1
2012.514	1
2011.458	1
2012.5	1
2012.658	1
2011.838	1
2011.63	1
2012.473	1
2012.691	1
2011.718	1
2012.022	1
2012.055	1
2011.543	1
2012.601	1
2012.765	1
2012.508	1
2012.478	1
2012.505	1
2012.546	1
2012.303	1
2012.303	1
2011.707	1
2011.627	1
2012.664	1
2012.79	1
2012.7	1
2012.658	1
2012.514	1
2012.503	1
2013.008	1
2012.601	1
2011.701	1
2012.415	1
2011.989	1
2011.605	1
2012.522	1
2011.71	1
2011.792	1
2011.562	1
2011.647	1
2012.342	1
2011.871	1
2012.049	1
2012.087	1
2012.194	1
2011.811	1
2012.271	1
2012.424	1
2010.852	1
2012.415	1
2012.424	1
2012.424	1
2012.205	1
2012.175	1
2012.377	1
2012.268	1
2012.617	1
2012.601	1
2012.951	1
2013.003	1
2012.183	1
2011.677	1
2012.123	1
2012.194	1
2011.57	1
2011.603	1
2012.12	1
2012.079	1
2012.063	1
2012.052	1
2012.003	1
2011.658	1
2011.647	1
2011.592	1
2011.6	1
2011.721	1
2012.178	1
2012.656	1
2011.715	1
2012.279	1
2012.41	1
2012.347	1
2012.94	1
2012.921	1
2012.697	1
2012.7	1
2012.945	1
2012.863	1
2012.904	1
2012.817	1
2012.997	1
2013.055	1
2012.918	1
2012.962	1
2012.932	1
2013.044	1
2013.085	1
2012.923	1
2012.964	1
2013.016	1
2012.891	1
2012.828	1
2013.121	1
2013.077	1
2012.519	1
2012.519	1
2012.538	1
2012.577	1
2012.014	1
2011.871	1
2012.563	1
2012.56	1
2012.145	1
2012.948	1
2012	1
2013.003	1
2013.038	1
2012.986	1
2012.932	1
2012.874	1
2012.735	1
2013.085	1
2013.09	1
2013.036	1
2012.899	1
2012.899	1
2012.899	1
2012.973	1
2012.929	1
2013	1
2012.404	1
2012.899	1
2013.148	1
2012.568	1
2012.872	1
2013.066	1
2012.995	1
2012.91	1
2012.94	1
2012.738	1
2012.847	1
2013.049	1
2012.948	1
2013.066	1
2013.027	1
2013.033	1
2013.025	1
2012.932	1
2013.022	1
2012.964	1
2013.025	1
2013.044	1
2012.776	1
2012.833	1
2012.869	1
2013.085	1
2013.088	1
2012.967	1
2013.047	1
2012.984	1
2013.041	1
2013.011	1
2013.003	1
2013.036	1
2013.016	1
2013.033	1
2013.038	1
2012.992	1
2012.964	1
2012.962	1
2012.959	1
2012.978	1
2012.918	1
2013.016	1
2013.011	1
2013.011	1
2012.989	1
2013.016	1
2012.962	1
2013.077	1
2013.079	1
2013.077	1
2013.104	1
2013.096	1
2013.093	1
2013.093	1
2013.093	1
2013.093	1
2013.093	1
2013.093	1
2013.077	1
2013.079	1
2013.077	1
2013.096	1
2013.093	1
2013.096	1
2013.093	1
2013.077	1
2013.093	1
2013.093	1
2012.97	1
2012.962	1
2013.03	1
2013.038	1
2013.038	1
2013.104	1
2013.101	1
2013.107	1
2013.096	1
2013.099	1
2013.093	1
2013.101	1
2013.107	1
2013.096	1
2013.096	1
2013.093	1
2013.093	1
2013.096	1
2013.093	1
2013.107	1
2013.101	1
2013.099	1
2013.005	1
2012.967	1
2012.951	1
2012.945	1
2012.945	1
2012.945	1
2013.036	1
2013.036	1
2012.913	1
2013.036	1
2012.967	1
2013.03	1
2013.027	1
2013.03	1
2013.03	1
2013.027	1
2013.03	1
2013.027	1
2013.03	1
2013.027	1
2013.027	1
2012.992	1
2013.016	1
2012.986	1
2013.003	1
2013.022	1
2013.044	1
2012.937	1
2013.063	1
2013.063	1
2013.041	1
2013.03	1
2013.033	1
2013.033	1
2013.03	1
2012.962	1
2012.964	1
2012.959	1
2012.951	1
2012.951	1
2012.945	1
2012.945	1
2012.962	1
2013.041	1
2013.014	1
2013.027	1
2013.033	1
2013.033	1
2012.945	1
2013.101	1
2013.101	1
2012.959	1
2013.03	1
2013.101	1
2012.964	1
2012.951	1
2012.945	1
2013.033	1
2013.027	1
2012.899	1
2012.795	1
2013.071	1
2013.493	1
2013.515	1
2013.515	1
2013.532	1
2013.507	1
2013.521	1
2013.449	1
2013.449	1
2013.507	1
2013.507	1
2013.521	1
2013.515	1
2013.499	1
2013.153	1
2013.14	1
2012.902	1
2013.008	1
2012.899	1
2012.992	1
2012.992	1
2012.995	1
2012.995	1
2013.003	1
2013.129	1
2013.112	1
2013.066	1
2012.992	1
2013.025	1
2013.025	1
2013.518	1
2012.995	1
2013.099	1
2013.096	1
2013.096	1
2013.096	1
2013.033	1
2012.945	1
2012.869	1
2013.008	1
2012.978	1
2013.066	1
2013.066	1
2013.066	1
2013.038	1
2013.036	1
2013.038	1
2013.038	1
2013.151	1
2014.923	1
2014.923	1
2014.501	1
2015.43	1
2015	1
2014.937	1
2014.915	1
2014.479	1
2014.542	1
2014.581	1
2014.685	1
2014.685	1
2014.479	1
2014.518	1
2014.477	1
2014.575	1
2014.838	1
2014.77	1
2014.77	1
2014.745	1
2014.77	1
2014.745	1
2014.666	1
2014.94	1
2014.94	1
2015.041	1
2014.997	1
2014.921	1
2014.923	1
2014.923	1
2014.921	1
2014.855	1
2014.589	1
2014.838	1
2014.841	1
2015.129	1
2015.068	1
2015.068	1
2014.762	1
2014.762	1
2014.762	1
2014.778	1
2014.762	1
2014.778	1
2014.808	1
2014.808	1
2014.921	1
2014.921	1
2014.778	1
2014.778	1
2014.778	1
2014.827	1
2014.827	1
2014.953	1
2015.395	1
2015.425	1
2015.288	1
2015.016	1
2015.016	1
2014.753	1
2014.8	1
2015.071	1
2015.071	1
2014.753	1
2014.8	1
2014.942	1
2014.959	1
2015.003	1
2014.959	1
2015.003	1
2015.189	1
2013.036	1
2013.036	1
2013.573	1
2013	1
2013.255	1
2013.129	1
2013.099	1
2013.016	1
2013.044	1
2013.156	1
2013.082	1
2012.997	1
2013.995	1
2013.956	1
2012.992	1
2013.732	1
2013.077	1
2012.986	1
2013.025	1
2013.025	1
2012.926	1
2012.964	1
2012.989	1
2013	1
2013.868	1
2014	1
2013.855	1
2014	1
2014	1
2014	1
2014	1
2014.762	1
2014.762	1
2015.282	1
2014.918	1
2015.016	1
2015.493	1
2015.633	1
2015.208	1
2015.225	1
2015.173	1
2015.077	1
2015.723	1
2015.666	1
2015.636	1
2015.51	1
2015.63	1
2015.515	1
2015.37	1
2015.37	1
2015.37	1
2015.37	1
2014.973	1
2014.973	1
2015.008	1
2015.016	1
2015.016	1
2014.907	1
2014.959	1
2015.071	1
2015.071	1
2014.959	1
2014.973	1
2015.132	1
2015.132	1
2015.019	1
2015.019	1
2015.019	1
2015.115	1
2015.115	1
2015.244	1
2015.173	1
2015.244	1
2015.173	1
2014.822	1
2014.86	1
2014.942	1
2014.907	1
2014.926	1
2014.934	1
2014.948	1
2014.959	1
2014.915	1
2014.923	1
2014.948	1
2014.942	1
2015.016	1
2015.016	1
2014.97	1
2014.899	1
2015.016	1
2014.822	1
2014.86	1
2014.899	1
2014.915	1
2014.923	1
2014.934	1
2014.926	1
2014.907	1
2015.016	1
2014.948	1
2014.959	1
2014.942	1
2014.97	1
2014.948	1
2014.86	1
2015.016	1
2014.953	1
2015.022	1
2015.022	1
2014.937	1
2014.937	1
2014.948	1
2014.948	1
2015.003	1
2015.003	1
2015.167	1
2015.167	1
2015.167	1
2015.033	1
2014.942	1
2014.942	1
2014.907	1
2014.907	1
2014.732	1
2014.732	1
2014.937	1
2014.937	1
2015.2	1
2015.2	1
2015.071	1
2015.071	1
2014.984	1
2014.984	1
2015.112	1
2014.685	1
2014.455	1
2014.455	1
2014.677	1
2014.611	1
2014.819	1
2014.753	1
2014.592	1
2014.975	1
2015.115	1
2014.959	1
2014.729	1
2014.455	1
2014.57	1
2014.86	1
2014.797	1
2014.86	1
2014.975	1
2014.54	1
2014.8	1
2014.934	1
2014.795	1
2014.973	1
2015.011	1
2015.036	1
2015.036	1
2014.34	1
2014.337	1
2015.173	1
2015.173	1
2015.151	1
2014.786	1
2014.805	1
2014.805	1
2014.805	1
2014.786	1
2014.879	1
2014.707	1
2014.899	1
2015.068	1
2014.595	1
2014.666	1
2014.789	1
2014.562	1
2015.252	1
2015.123	1
2014.6	1
2015.384	1
2015.384	1
2015.515	1
2015.589	1
2015.633	1
2015.655	1
2015.625	1
2015.386	1
2015.759	1
2015.666	1
2014.841	1
2014.841	1
2015.115	1
2014.844	1
2014.844	1
2014.973	1
2015.014	1
2015.014	1
2015.014	1
2015.014	1
2015.014	1
2015.11	1
2015.003	1
2015.003	1
2014.841	1
2015.055	1
2015.055	1
2015.011	1
2015.011	1
2014.942	1
2014.959	1
2014.942	1
2015.014	1
2015.041	1
2015.022	1
2015.156	1
2014.975	1
2014.978	1
2014.962	1
2015.132	1
2014.811	1
2014.811	1
2014.973	1
2014.956	1
2015.003	1
2014.934	1
2015.11	1
2014.915	1
2014.915	1
2014.94	1
2014.967	1
2014.923	1
2015.019	1
2014.926	1
2014.934	1
2014.803	1
2015.003	1
2015.011	1
2014.995	1
2015.126	1
2015.014	1
2015.068	1
2015.016	1
2015.014	1
2015.068	1
2015.055	1
2014.997	1
2015.088	1
2014.962	1
2015.145	1
2014.934	1
2015.137	1
2015.285	1
2015.203	1
2015.203	1
2015.282	1
2015.074	1
2014.995	1
2015.112	1
2015.148	1
2014.422	1
2014.732	1
2014.732	1
2014.732	1
2014.732	1
2015.036	1
2014.849	1
2015.022	1
2014.849	1
2015.096	1
2014.934	1
2014.934	1
2014.932	1
2014.932	1
2015.055	1
2015.055	1
2015.09	1
2015.09	1
2014.962	1
2015.077	1
2015.077	1
2015.263	1
2014.904	1
2014.904	1
2014.915	1
2014.915	1
2014.814	1
2014.814	1
2015.005	1
2015.005	1
2015.033	1
2015.008	1
2015.008	1
2015.112	1
2014.959	1
2014.959	1
2015.041	1
2014.901	1
2014.901	1
2015.022	1
2015.068	1
2015.068	1
2014.907	1
2014.907	1
2014.962	1
2014.962	1
2015.058	1
2015.058	1
2014.899	1
2014.899	1
2015.121	1
2015.121	1
2014.921	1
2015	1
2015.085	1
2015.107	1
2015.107	1
2015.058	1
2015.003	1
2015.003	1
2015.003	1
2015.003	1
2014.953	1
2014.885	1
2014.885	1
2014.975	1
2014.975	1
2015.003	1
2015.003	1
2014.959	1
2014.959	1
2014.844	1
2014.844	1
2014.844	1
2014.844	1
2014.844	1
2014.879	1
2014.879	1
2015.03	1
2014.764	1
2014.764	1
2014.764	1
2014.764	1
2014.764	1
2014.764	1
2014.844	1
2014.844	1
2014.838	1
2014.803	1
2014.8	1
2014.847	1
2014.866	1
2014.866	1
2014.877	1
2014.825	1
2014.847	1
2014.866	1
2014.899	1
2014.879	1
2014.926	1
2014.975	1
2014.945	1
2014.923	1
2014.973	1
2014.956	1
2014.822	1
2014.992	1
2015.003	1
2015.003	1
2015.016	1
2015.014	1
2014.997	1
2014.956	1
2015.049	1
2014.918	1
2015.151	1
2015.068	1
2015.03	1
2014.962	1
2014.959	1
2014.975	1
2015.068	1
2014.764	1
2014.764	1
2014.764	1
2014.825	1
2014.822	1
2014.866	1
2014.877	1
2014.866	1
2014.879	1
2014.838	1
2014.847	1
2014.844	1
2014.844	1
2014.8	1
2014.803	1
2014.918	1
2014.923	1
2014.926	1
2014.899	1
2015.014	1
2015.016	1
2014.997	1
2014.975	1
2014.992	1
2014.956	1
2015.151	1
2015.003	1
2015.003	1
2014.945	1
2014.91	1
2015.271	1
2015	1
2015	1
2015.211	1
2014.997	1
2015.271	1
2015.052	1
2015.052	1
2015.315	1
2015.315	1
2015.008	1
2015.008	1
2015.049	1
2015	1
2014.934	1
2014.934	1
2015.038	1
2014.923	1
2014.923	1
2015.036	1
2014.975	1
2015.022	1
2015.058	1
2015.058	1
2015.06	1
2015.06	1
2014.934	1
2014.934	1
2014.937	1
2014.937	1
2015.022	1
2015.605	1
2015.151	1
2015.671	1
2015.745	1
2015.592	1
2015.699	1
2015.586	1
2015.186	1
2015.222	1
2015.458	1
2015.17	1
2015.679	1
2015.499	1
2015.458	1
2015.496	1
2014.099	1
2013.515	1
2013.537	1
2013.564	1
2013.554	1
2013.554	1
2013.844	1
2013.534	1
2014.162	1
2014	1
2014	1
2013.899	1
2013.545	1
2013.545	1
2013.54	1
2013.91	1
2014.658	1
2014.723	1
2014.614	1
2014.608	1
2014.605	1
2014.819	1
2014.819	1
2014.564	1
2014.614	1
2013.91	1
2013.91	1
2013.507	1
2013.507	1
2013.507	1
2014	1
2014.512	1
2014.551	1
2014.658	1
2014.523	1
2014.51	1
2013.567	1
2013.726	1
2014.129	1
2014.649	1
2014.652	1
2014.438	1
2014.458	1
2014.923	1
2014.997	1
2014.973	1
2015.134	1
2015.134	1
2015.11	1
2015.079	1
2015.079	1
2014.616	1
2014.707	1
2015.011	1
2014.855	1
2014.855	1
2014.729	1
2014.742	1
2014.729	1
2014.8	1
2014.803	1
2014.723	1
2014.71	1
2014.71	1
2014.8	1
2014.762	1
2014.723	1
2014.71	1
2014.8	1
2014.803	1
2014.8	1
2014.742	1
2014.729	1
2014.729	1
2014.71	1
2014.666	1
2014.666	1
2014.46	1
2014.581	1
2014.477	1
2015.06	1
2015.132	1
2014.795	1
2014.795	1
2014.778	1
2014.858	1
2014.858	1
2014.474	1
2014.745	1
2014.745	1
2014.11	1
2014.058	1
2014.542	1
2014.496	1
2014.189	1
2014.085	1
2014.685	1
2014.082	1
2014.326	1
2014.164	1
2014.885	1
2014.764	1
2014.764	1
2014.764	1
2014.912	1
2013.419	1
2014.912	1
2014.551	1
2014.534	1
2014.403	1
2014.499	1
2014.633	1
2014.627	1
2014.797	1
2014.512	1
2014.027	1
2014.816	1
2015.216	1
2015.205	1
2015.205	1
2015.205	1
2013.942	1
2013.786	1
2013.786	1
2013.236	1
2014.063	1
2014.096	1
2014.238	1
2013.904	1
2013.904	1
2013.879	1
2013.923	1
2013.904	1
2013.712	1
2014.014	1
2014.189	1
2014.501	1
2014.647	1
2014.123	1
2013.775	1
2014.085	1
2014.085	1
2014.085	1
2014.085	1
2014	1
2014.14	1
2014.085	1
2014	1
2014	1
2014	1
2014	1
2014	1
2014	1
2013.712	1
2014.263	1
2013.784	1
2013.888	1
2013.888	1
2013.811	1
2014.863	1
2014.868	1
2014.863	1
2014.036	1
2013.904	1
2013.879	1
2013.923	1
2013.923	1
2013.899	1
2014.052	1
2014.052	1
2014.134	1
2014.345	1
2014.512	1
2013.458	1
2013.458	1
2013.458	1
2014.499	1
2013.97	1
2013.866	1
2014.085	1
2014	1
2013.638	1
2013.556	1
2013.501	1
2013.611	1
2014.205	1
2014.811	1
2014.773	1
2014.773	1
2014.811	1
2014.167	1
2014.43	1
2014.696	1
2014	1
2014	1
2015.033	1
2013.115	1
2013.115	1
2013.104	1
2013.115	1
2013.115	1
2013.104	1
2013.093	1
2013.093	1
2013.104	1
2013.115	1
2013.088	1
2013.088	1
2013.088	1
2013.088	1
2013.619	1
2013.175	1
2012.959	1
2013.014	1
2013.071	1
2013.866	1
2013.638	1
2013.499	1
2013.068	1
2013.038	1
2013.17	1
2012.997	1
2013.03	1
2013.03	1
2013.06	1
2013.058	1
2013.063	1
2013.06	1
2013.058	1
2013.063	1
2013.321	1
2013.058	1
2013.055	1
2012.951	1
2012.94	1
2012.923	1
2012.926	1
2013.06	1
2013.058	1
2012	1
2013.058	1
2013.06	1
2013.063	1
2013.523	1
2013.537	1
2012.899	1
2013.17	1
2013.022	1
2013.082	1
2014	1
2013.019	1
2013.019	1
2013.559	1
2013.433	1
2013.345	1
2012.776	1
2014.101	1
2013.4	1
2013.726	1
2013.718	1
2013.718	1
2013.718	1
2013.134	1
2013.562	1
2014	1
2014.397	1
2015.586	1
2016.664	1
2016.295	1
2016.448	1
2014.63	1
2014.29	1
2013.074	1
2013.074	1
2013.074	1
2013.521	1
2013.521	1
2013.521	1
2013.323	1
2014.652	1
2014.652	1
2014.422	1
2014.992	1
2015.118	1
2014.745	1
2014.745	1
2014.962	1
2013.268	1
2013.773	1
2013.704	1
2013.795	1
2013.888	1
2013.992	1
2013.652	1
2013.871	1
2013.773	1
2014.014	1
2013.786	1
2014.033	1
2014.167	1
2013.811	1
2013.888	1
2014.09	1
2014.003	1
2013.888	1
2013.871	1
2013.899	1
2014.118	1
2013.899	1
2013.888	1
2013.805	1
2013.786	1
2014.014	1
2013.871	1
2013.773	1
2013.786	1
2014.06	1
2014.162	1
2013.315	1
2013.619	1
2013.162	1
2013.063	1
2012.981	1
2013.019	1
2012.915	1
2012.932	1
2012.956	1
2012.932	1
2013	1
2012.995	1
2013.115	1
2013.115	1
2013.115	1
2013.093	1
2013.082	1
2013.082	1
2013.082	1
2013.068	1
2013.027	1
2013.005	1
2012.989	1
2012.7	1
2012.984	1
2013.022	1
2012.025	1
2012.954	1
2012.801	1
2012.801	1
2013.019	1
2012.956	1
2012.984	1
2012.978	1
2013.008	1
2013.005	1
2012.992	1
2013.101	1
2012.801	1
2013.093	1
2012.94	1
2012.904	1
2012.803	1
2013.014	1
2013.025	1
2013.058	1
2012.97	1
2012.801	1
2012.801	1
2012.921	1
2013.03	1
2013.019	1
2012.757	1
2013.011	1
2012.757	1
2016.046	1
2014.756	1
2014.847	1
2014.838	1
2015.422	1
2017.236	1
2017.918	1
2017.918	1
2017.849	1
2017.858	1
2017.858	1
2017.849	1
2017.293	1
2017.447	1
2017.444	1
2017.444	1
2017.151	1
2017.071	1
2017.178	1
2017.178	1
2018.112	1
2018	1
2017.855	1
2017.778	1
2017.759	1
2017.778	1
2017.759	1
2017.762	1
2018.252	1
2018.252	1
2018.008	1
2017.962	1
2018.915	1
2018.921	1
2018.959	1
2018.581	1
2018.581	1
2018.907	1
2018.94	1
2018.559	1
2018.559	1
2019.093	1
2019.151	1
2019.151	1
2019.134	1
2019.132	1
2019.132	1
2019.134	1
2019.093	1
2019.112	1
2019.093	1
2018.556	1
2018.54	1
2018.54	1
2019.518	1
2019.534	1
2019.534	1
2018.542	1
2018.575	1
2018.575	1
2018.581	1
2018.581	1
2018.537	1
2017.904	1
2018.044	1
2018.077	1
2018.197	1
2017.847	1
2017.866	1
2017.89	1
2017.847	1
2017.866	1
2018.079	1
2018.049	1
2018.019	1
2018.137	1
2017.967	1
2017.962	1
2018.011	1
2017.964	1
2018.003	1
2018.003	1
2017.973	1
2017.964	1
2017.964	1
2018.005	1
2018.082	1
2018.181	1
2018.181	1
2018.2	1
2018.142	1
2018.104	1
2018.115	1
2018.192	1
2018.134	1
2018.038	1
2018.145	1
2018.153	1
2018.099	1
2018.104	1
2018.096	1
2018.096	1
2018.079	1
2018.077	1
2018.099	1
2018.137	1
2018.099	1
2018.077	1
2018.047	1
2018.099	1
2018.096	1
2018.096	1
2018.14	1
2018.063	1
2018.104	1
2018.047	1
2018.197	1
2018.005	1
2018.005	1
2018.005	1
2018.14	1
2018.077	1
2018.082	1
2018.112	1
2017.493	1
2017.227	1
2017.173	1
2017.173	1
2017.214	1
2016.388	1
2017.142	1
2017.148	1
2016.385	1
2016.642	1
2016.642	1
2016.601	1
2016.658	1
2016.667	1
2016.568	1
2016.642	1
2016.653	1
2016.645	1
2016.604	1
2016.658	1
2016.653	1
2016.645	1
2016.642	1
2016.604	1
2016.601	1
2016.667	1
2016.568	1
2016.817	1
2016.817	1
2016.721	1
2016.721	1
2016.727	1
2016.727	1
2016.833	1
2016.833	1
2016.817	1
2016.82	1
2016.82	1
2017.526	1
2017.526	1
2017.23	1
2017.23	1
2017.214	1
2017.214	1
2017.414	1
2017.263	1
2017.263	1
2017.474	1
2017.474	1
2017.321	1
2016.921	1
2017.266	1
2017.041	1
2017.041	1
2017.214	1
2016.945	1
2017.181	1
2017.184	1
2017.184	1
2017.107	1
2017.17	1
2017.142	1
2017.258	1
2017.214	1
2017.214	1
2017.29	1
2017.518	1
2017.518	1
2017.247	1
2017.337	1
2017.337	1
2017.337	1
2017.178	1
2017.178	1
2017.222	1
2017.507	1
2017.164	1
2017.208	1
2017.208	1
2017.107	1
2017.208	1
2017.208	1
2017.208	1
2017.011	1
2016.984	1
2017.121	1
2017.121	1
2017.107	1
2017.107	1
2017.159	1
2017.164	1
2017.195	1
2017.162	1
2017.195	1
2017.205	1
2017.205	1
2017.249	1
2017.258	1
2017.282	1
2017.282	1
2017.156	1
2017.148	1
2017.312	1
2017.164	1
2017.137	1
2017.17	1
2017.219	1
2017.2	1
2017.186	1
2017.101	1
2017.123	1
2017.06	1
2017.074	1
2017.216	1
2017.162	1
2017.216	1
2017.216	1
2017.211	1
2017.236	1
2017.236	1
2017.222	1
2017.436	1
2017.392	1
2017.386	1
2017.436	1
2017.392	1
2017.255	1
2017.252	1
2017.137	1
2017.627	1
2017.611	1
2017.611	1
2017.586	1
2017.586	1
2017.348	1
2017.184	1
2017.378	1
2017.211	1
2017.321	1
2017.321	1
2017.123	1
2017.123	1
2017.937	1
2017.121	1
2017.118	1
2017.121	1
2017.118	1
2017.173	1
2017.156	1
2017.156	1
2017.09	1
2017.145	1
2017.079	1
2017.14	1
2017.068	1
2017.142	1
2017.099	1
2017.082	1
2017.082	1
2017.214	1
2017.315	1
2017.255	1
2017.164	1
2017.162	1
2017.123	1
2017.099	1
2017.14	1
2016.967	1
2016.964	1
2016.932	1
2016.926	1
2017.225	1
2017.285	1
2018.173	1
2018.077	1
2018.016	1
2018.104	1
2018.249	1
2018.132	1
2018.153	1
2017.907	1
2017.907	1
2018.044	1
2018.479	1
2018.274	1
2018.153	1
2018.14	1
2018	1
2018	1
2018.422	1
2018.592	1
2018.592	1
2017.789	1
2017.789	1
2018.523	1
2018.523	1
2018.559	1
2018.559	1
2018.674	1
2018.674	1
2018	1
2017.885	1
2018.31	1
2018.31	1
2018.468	1
2018.468	1
2018.31	1
2018.31	1
2018.126	1
2018.474	1
2018.518	1
2018.474	1
2018.518	1
2017.732	1
2018.115	1
2018.192	1
2018.984	1
2018.564	1
2018.674	1
2018.674	1
2018.866	1
2018.392	1
2018.392	1
2019.137	1
2018.91	1
2018.953	1
2018.948	1
2018.962	1
2019.137	1
2019.058	1
2019.058	1
2019.058	1
2019.101	1
2019.101	1
2019.118	1
2019.118	1
2018.112	1
2019.074	1
2019.164	1
2019.164	1
2018.923	1
2019.112	1
2019.074	1
2019.137	1
2019.134	1
2018.375	1
2018.375	1
2018.375	1
2018.375	1
2018.581	1
2018.581	1
2018.463	1
2018.463	1
2018.115	1
2018.912	1
2018.912	1
2019.17	1
2019.244	1
2019.244	1
2019.299	1
2019.288	1
2019.299	1
2019.244	1
2019.06	1
2019.06	1
2019.096	1
2019.277	1
2019.096	1
2019.047	1
2019.189	1
2019.189	1
2019.205	1
2019.205	1
2019.167	1
2019.197	1
2019.236	1
2019.23	1
2019.019	1
2019.019	1
2019.093	1
2019.178	1
2019.178	1
2019.058	1
2019.058	1
2019.022	1
2019.022	1
2019.022	1
2019.164	1
2019.11	1
2019.159	1
2018.942	1
2018.942	1
2019.285	1
2019.247	1
2019.247	1
2019.197	1
2019.074	1
2019.063	1
2019.216	1
2019.211	1
2019.192	1
2019.271	1
2019.151	1
2019.23	1
2019.227	1
2019.227	1
2018.921	1
2018.921	1
2019.241	1
2019.241	1
2019.09	1
2019.09	1
2019.123	1
2019.123	1
2019.173	1
2019.173	1
2019.099	1
2019.055	1
2019.055	1
2019.203	1
2019.203	1
2019.233	1
2019.233	1
2019.222	1
2019.197	1
2019.285	1
2019.197	1
2019.285	1
2019.247	1
2019.241	1
2019.241	1
2019.085	1
2019.216	1
2019.216	1
2019.208	1
2019.323	1
2019.323	1
2018.992	1
2018.992	1
2019.277	1
2019.277	1
2019.345	1
2019.345	1
2019.425	1
2019.479	1
2019.479	1
2019.592	1
2019.592	1
2019.241	1
2019.844	1
2019.099	1
2019.14	1
2019.189	1
2019.189	1
2019.184	1
2019.123	1
2019.121	1
2019.211	1
2019.148	1
2019.148	1
2019.09	1
2019.088	1
2019.132	1
2019.192	1
2019.189	1
2019.178	1
2019.227	1
2019.285	1
2019.266	1
2019.156	1
2019.156	1
2019.156	1
2019.148	1
2019.148	1
2019.148	1
2019.066	1
2019.066	1
2019.041	1
2019.118	1
2019.159	1
2019.156	1
2019.216	1
2019.425	1
2019.425	1
2019.181	1
2019.173	1
2019.192	1
2019.271	1
2019.26	1
2018.986	1
2018.986	1
2019.016	1
2019.016	1
2019.192	1
2019.255	1
2018.967	1
2019.238	1
2019.14	1
2019.134	1
2019.504	1
2019.06	1
2019.164	1
2019.164	1
2019.219	1
2019.266	1
2019.055	1
2019.132	1
2019.101	1
2019.189	1
2019.085	1
2019.178	1
2019.096	1
2019.17	1
2019.227	1
2019.104	1
2019.055	1
2019.055	1
2019.173	1
2019.173	1
2019.184	1
2019.151	1
2019.192	1
2019.189	1
2019.153	1
2019.159	1
2019.219	1
2019.137	1
2019.107	1
2019.049	1
2019.151	1
2019.156	1
2019.211	1
2019.249	1
2019.137	1
2019.173	1
2019.293	1
2019.293	1
2019.126	1
2019.085	1
2018.981	1
2018.981	1
2018.981	1
2019.236	1
2019.323	1
2019.074	1
2019.244	1
2019.112	1
2019.197	1
2019.17	1
2019.03	1
2019.03	1
2019.208	1
2019.208	1
2019.334	1
2019.334	1
2019.118	1
2019.195	1
2019.066	1
2019.159	1
2019.159	1
2019.115	1
2019.132	1
2019.137	1
2019.123	1
2019.137	1
2019.162	1
2019.225	1
2019.233	1
2019.247	1
2019.238	1
2019.299	1
2019.126	1
2019.126	1
2019.225	1
2019.208	1
2019.118	1
2019.208	1
2019.112	1
2019.104	1
2019.46	1
2019.17	1
2019.211	1
2019.145	1
2019.285	1
2019.285	1
2019.112	1
2019.11	1
2019.107	1
2019.148	1
2019.14	1
2019.14	1
2019.14	1
2019.14	1
2019.058	1
2019.058	1
2019.093	1
2019.093	1
2019.181	1
2019.181	1
2019.268	1
2019.268	1
2019.31	1
2019.074	1
2018.945	1
2018.945	1
2019.033	1
2019.033	1
2019.197	1
2018.534	1
2018.534	1
2019.008	1
2019.008	1
2019.085	1
2019.266	1
2019.153	1
2019.153	1
2018.997	1
2018.997	1
2019.271	1
2019.266	1
2019.227	1
2019.189	1
2019.189	1
2019.101	1
2019.101	1
2019.208	1
2019.247	1
2019.088	1
2019.189	1
2019.088	1
2019.189	1
2019.123	1
2019.123	1
2019.112	1
2019.151	1
2019.192	1
2019.175	1
2019.173	1
2019.208	1
2019.233	1
2019.23	1
2019.227	1
2019.219	1
2019.238	1
2018.545	1
2018.545	1
2018.537	1
2018.545	1
2018.545	1
2018.537	1
2018.923	1
2018.942	1
2018.921	1
2018.959	1
2018.962	1
2018.942	1
2019.003	1
2018.921	1
2018.923	1
2018.942	1
2019.003	1
2019.005	1
2019.06	1
2018.942	1
2019.063	1
2019.058	1
2019.058	1
2018.959	1
2018.962	1
2018.962	1
2018.893	1
2019.06	1
2019.06	1
2019.058	1
2019.005	1
2019.063	1
2019.058	1
2019.038	1
2019.06	1
2018.945	1
2019.074	1
2019.066	1
2019.063	1
2019.06	1
2019.003	1
2019.082	1
2018.904	1
2019.099	1
2019.153	1
2019.101	1
2019.101	1
2019.099	1
2019.2	1
2019.2	1
2019.26	1
2019.153	1
2019.189	1
2019.164	1
2019.386	1
2019.271	1
2019.192	1
2019.112	1
2019.096	1
2019.192	1
2019.17	1
2019.386	1
2019.2	1
2019.227	1
2019.227	1
2019.222	1
2019.214	1
2019.238	1
2019.23	1
2019.238	1
2019.258	1
2019.214	1
2019.077	1
2019.2	1
2019.14	1
2019.334	1
2019.115	1
2019.118	1
2019.099	1
2019.074	1
2019.112	1
2019.101	1
2019.145	1
2019.052	1
2019.052	1
2019.208	1
2019.208	1
2018.907	1
2018.907	1
2019.178	1
2019.277	1
2018.488	1
2019.214	1
2019.192	1
2019.192	1
2019.044	1
2019.266	1
2019.247	1
2019.247	1
2019.192	1
2018.978	1
2018.978	1
2019.085	1
2019.723	1
2019.723	1
2019.216	1
2019.082	1
2019.211	1
2019.285	1
2019.173	1
2019.189	1
2019.074	1
2019.049	1
2019.151	1
2019.145	1
2019.077	1
2019.093	1
2019.112	1
2019.093	1
2019.096	1
2019.093	1
2019.153	1
2019.216	1
2019.266	1
2019.079	1
2019.115	1
2019.151	1
2019.192	1
2019.197	1
2019.31	1
2019.31	1
2019.121	1
2019.099	1
2019.208	1
2019.047	1
2019.189	1
2019.189	1
2019.189	1
2019.189	1
2019.189	1
2019.195	1
2019.123	1
2019.074	1
2019.132	1
2019.151	1
2019.126	1
2019.096	1
2019.162	1
2019.255	1
2019.17	1
2019.151	1
2019.145	1
2019.274	1
2019.274	1
2019.266	1
2019.263	1
2019.304	1
2019.293	1
2019.288	1
2019.115	1
2019.236	1
2019.23	1
2019.104	1
2019.173	1
2019.077	1
2019.115	1
2019.159	1
2018.91	1
2018.91	1
2018.91	1
2018.91	1
2018.795	1
2018.91	1
2018.923	1
2018.921	1
2018.959	1
2018.94	1
2018.948	1
2018.934	1
2019.005	1
2019.003	1
2018.967	1
2019.019	1
2019	1
2018.948	1
2019.066	1
2018.921	1
2019.074	1
2019.079	1
2019.074	1
2018.992	1
2019.063	1
2018.934	1
2019.003	1
2019.052	1
2019.079	1
2019.079	1
2019.082	1
2018.992	1
2019.003	1
2019.003	1
2019.074	1
2018.967	1
2019.052	1
2019.074	1
2019.005	1
2019.003	1
2019.074	1
2019.049	1
2019.003	1
2019.044	1
2019.044	1
2019.074	1
2019.077	1
2019.079	1
2019.058	1
2019.005	1
2019.099	1
2019.093	1
2019.118	1
2019.112	1
2019.093	1
2019.115	1
2019.132	1
2019.134	1
2019.178	1
2019.162	1
2019.134	1
2019.153	1
2019.099	1
2019.093	1
2019.252	1
2019.236	1
2019.142	1
2019.137	1
2019.14	1
2019.178	1
2019.29	1
2019.181	1
2019.252	1
2019.236	1
2019.129	1
2019.104	1
2019.096	1
2019.115	1
2019.096	1
2019.266	1
2019.14	1
2019.184	1
2019.249	1
2019.156	1
2019.156	1
2019.118	1
2019.142	1
2019.123	1
2019.178	1
2019.312	1
2019.951	1
2019.962	1
2019.211	1
2019.11	1
2019.181	1
2019.247	1
2019.244	1
2019.17	1
2019.255	1
2019.238	1
2018.926	1
2018.926	1
2019.189	1
2019.115	1
2019.115	1
2019.038	1
2019.036	1
2019.016	1
2019.189	1
2019.025	1
2019.025	1
2019.022	1
2019.293	1
2018.836	1
2018.836	1
2018.953	1
2018.953	1
2019.189	1
2019.208	1
2019.208	1
2019.208	1
2019.197	1
2019.285	1
2019.211	1
2019.14	1
2019.156	1
2019.192	1
2019.2	1
2019.23	1
2019.236	1
2019.222	1
2019.208	1
2019.249	1
2019.247	1
2019.236	1
2019.236	1
2019.173	1
2019.173	1
2019.208	1
2019.192	1
2019.219	1
2019.214	1
2019.227	1
2019.216	1
2019.151	1
2019.123	1
2019.214	1
2019.208	1
2019.197	1
2019.192	1
2019.189	1
2019.208	1
2019.205	1
2019.192	1
2019.184	1
2019.112	1
2018.97	1
2018.97	1
2019.247	1
2019.134	1
2019.121	1
2019.115	1
2019.104	1
2019.192	1
2019.189	1
2019.159	1
2019.115	1
2019.17	1
2019.063	1
2019.104	1
2019.104	1
2019.005	1
2019.126	1
2019.252	1
2019.252	1
2019.236	1
2018.795	1
2019.132	1
2019.156	1
2019.192	1
2019.307	1
2019.238	1
2019.238	1
2019.293	1
2019.288	1
2019.395	1
2019.296	1
2020.09	1
2020.189	1
2020.09	1
2020.186	1
2019.948	1
2019.997	1
2019.94	1
2019.91	1
2019.94	1
2020.169	1
2019.907	1
2019.942	1
2019.94	1
2019.923	1
2019.921	1
2019.885	1
2019.888	1
2019.901	1
2020.022	1
2019.94	1
2019.934	1
2020	1
2019.995	1
2019.901	1
2020.09	1
2019.926	1
2019.956	1
2019.967	1
2019.967	1
2019.967	1
2019.882	1
2019.91	1
2019.885	1
2019.997	1
2019.841	1
2019.866	1
2020.202	1
2020.131	1
2019.871	1
2019.874	1
2019.923	1
2019.915	1
2020.036	1
2019.956	1
2020.109	1
2019.918	1
2019.929	1
2019.912	1
2019.915	1
2019.899	1
2019.882	1
2019.879	1
2019.877	1
2019.877	1
2019.879	1
2019.882	1
2019.91	1
2019.942	1
2019.926	1
2019.937	1
2019.942	1
2020.022	1
2019.874	1
2019.901	1
2019.915	1
2020.158	1
2019.879	1
2019.918	1
2019.948	1
2019.942	1
2019.956	1
2019.948	1
2019.964	1
2019.964	1
2019.948	1
2020.019	1
2019.978	1
2019.962	1
2020.014	1
2019.836	1
2019.937	1
2019.959	1
2019.956	1
2020.016	1
2019.959	1
2019.995	1
2020.131	1
2019.915	1
2019.879	1
2019.885	1
2019.868	1
2019.973	1
2020.038	1
2019.986	1
2020.025	1
2020.093	1
2020.087	1
2020.087	1
2020.139	1
2019.918	1
2020.055	1
2019.962	1
2019.94	1
2019.89	1
2019.86	1
2019.918	1
2019.937	1
2019.937	1
2020.167	1
2020.139	1
2020.093	1
2020.117	1
2020.044	1
2020.063	1
2020.041	1
2020.025	1
2020.063	1
2020.063	1
2019.967	1
2020.098	1
2019.923	1
2019.923	1
2020.169	1
2019.978	1
2019.962	1
2019.978	1
2019.962	1
2020.112	1
2020.112	1
2019.997	1
2020.038	1
2019.997	1
2020.014	1
2020.082	1
2020.082	1
2019.879	1
2019.942	1
2020.175	1
2019.978	1
2019.997	1
2019.792	1
2019.978	1
2020.033	1
2020.169	1
2019.975	1
2020.016	1
2019.959	1
2019.899	1
2019.899	1
2019.978	1
2019.978	1
2019.956	1
2020.003	1
2019.956	1
2019.942	1
2019.959	1
2019.942	1
2019.942	1
2019.929	1
2019.833	1
2019.923	1
2019.899	1
2019.978	1
2019.942	1
2019.978	1
2019.959	1
2019.937	1
2019.962	1
2019.953	1
2019.959	1
2019.959	1
2020.096	1
2020.145	1
2020.156	1
2020.183	1
2019.841	1
2019.91	1
2019.91	1
2019.91	1
2019.942	1
2019.937	1
2019.923	1
2019.918	1
2020.172	1
2020.096	1
2020.202	1
2020.178	1
2019.986	1
2020.131	1
2019.962	1
2019.879	1
2020.014	1
2019.956	1
2020.003	1
2020.025	1
2019.995	1
2019.912	1
2019.918	1
2019.948	1
2019.956	1
2020.03	1
2020.044	1
2020.044	1
2020.044	1
2020.044	1
2020.046	1
2020.139	1
2020.005	1
2019.956	1
2019.948	1
2019.871	1
2019.866	1
2020.016	1
2019.885	1
2019.871	1
2019.918	1
2019.918	1
2019.868	1
2019.879	1
2019.879	1
2019.879	1
2020.022	1
2020.022	1
2020.06	1
2019.975	1
2019.882	1
2019.934	1
2019.995	1
2019.997	1
2019.874	1
2019.91	1
2019.899	1
2019.871	1
2019.871	1
2019.89	1
2019.885	1
2019.918	1
2019.932	1
2019.945	1
2019.948	1
2019.937	1
2020.022	1
2019.929	1
2019.967	1
2019.959	1
2019.962	1
2019.942	1
2019.945	1
2019.929	1
2019.942	1
2019.907	1
2019.915	1
2019.896	1
2019.866	1
2019.879	1
2019.868	1
2019.921	1
2019.855	1
2019.926	1
2019.879	1
2019.937	1
2019.942	1
2020.044	1
2019.945	1
2019.956	1
2019.956	1
2019.956	1
2019.896	1
2019.951	1
2019.888	1
2020.005	1
2019.885	1
2019.975	1
2019.951	1
2019.997	1
2019.951	1
2019.879	1
2019.921	1
2019.926	1
2019.907	1
2019.893	1
2019.899	1
2019.89	1
2019.896	1
2019.882	1
2020.055	1
2020.055	1
2020.071	1
2020.071	1
2019.937	1
2019.948	1
2019.956	1
2019.951	1
2020.003	1
2019.885	1
2019.885	1
2019.896	1
2019.901	1
2019.86	1
2019.016	1
2019.934	1
2020.014	1
2019.995	1
2019.882	1
2019.921	1
2019.929	1
2019.94	1
2020.167	1
2019.942	1
2019.904	1
2019.992	1
2019.893	1
2019.055	1
2019.803	1
2019.77	1
2019.937	1
2019.918	1
2019.923	1
2019.959	1
2019.86	1
2019.86	1
2019.86	1
2019.844	1
2019.885	1
2019.899	1
2019.899	1
2019.871	1
2019.885	1
2019.882	1
2019.89	1
2019.879	1
2019.879	1
2019.879	1
2019.871	1
2019.879	1
2019.879	1
2019.89	1
2019.871	1
2019.879	1
2019.877	1
2019.871	1
2019.882	1
2019.871	1
2019.882	1
2019.882	1
2019.863	1
2019.866	1
2019.896	1
2020.033	1
2019.863	1
2019.899	1
2019.904	1
2019.904	1
2019.901	1
2019.904	1
2019.904	1
2019.888	1
2019.888	1
2019.882	1
2019.901	1
2019.899	1
2019.885	1
2019.885	1
2019.871	1
2019.882	1
2019.871	1
2019.879	1
2019.871	1
2019.926	1
2019.918	1
2019.926	1
2020.068	1
2020.112	1
2020.052	1
2019.937	1
2019.929	1
2019.89	1
2019.956	1
2019.942	1
2019.926	1
2019.951	1
2019.975	1
2019.962	1
2019.962	1
2019.956	1
2019.959	1
2020	1
2019.986	1
2019.978	1
2019.975	1
2020.036	1
2020.057	1
2019.959	1
2020.003	1
2020.036	1
2019.86	1
2020.008	1
2020.038	1
2019.956	1
2019.959	1
2020.101	1
2020.101	1
2020.005	1
2019.964	1
2020.016	1
2020.077	1
2019.942	1
2019.575	1
2019.997	1
2020.055	1
2019.91	1
2020.15	1
2020.033	1
2019.964	1
2020.077	1
2019.937	1
2019.945	1
2020.134	1
2020.12	1
2020.109	1
2020.022	1
2019.918	1
2019.942	1
2019.956	1
2019.967	1
2020.038	1
2019.912	1
2019.945	1
2019.956	1
2019.997	1
2019.91	1
2020.057	1
2019.759	1
2019.901	1
2019.953	1
2019.827	1
2020.033	1
2019.934	1
2019.899	1
2020.025	1
2019.934	1
2019.975	1
2019.871	1
2020.049	1
2020.016	1
2019.956	1
2020.126	1
2019.937	1
2019.923	1
2019.937	1
2019.679	1
2019.932	1
2020.033	1
2019.617	1
2019.803	1
2019.805	1
2019.789	1
2019.789	1
2019.784	1
2019.721	1
2019.814	1
2019.899	1
2019.893	1
2019.803	1
2019.937	1
2019.929	1
2019.926	1
2019.926	1
2019.915	1
2019.926	1
2019.94	1
2019.978	1
2019.94	1
2019.852	1
2019.849	1
2019.841	1
2019.844	1
2019.825	1
2019.83	1
2019.827	1
2019.83	1
2019.899	1
2019.882	1
2019.866	1
2019.885	1
2019.885	1
2019.888	1
2019.868	1
2019.874	1
2019.871	1
2019.879	1
2019.86	1
2019.896	1
2019.899	1
2019.849	1
2019.904	1
2019.901	1
2019.907	1
2019.907	1
2019.915	1
2019.904	1
2019.918	1
2019.907	1
2019.899	1
2019.899	1
2019.901	1
2019.901	1
2019.885	1
2019.879	1
2019.882	1
2019.879	1
2019.986	1
2019.929	1
2019.929	1
2019.923	1
2019.937	1
2019.921	1
2019.912	1
2019.907	1
2019.915	1
2019.91	1
2019.921	1
2019.912	1
2020.052	1
2020.041	1
2020.033	1
2020.09	1
2020.09	1
2019.978	1
2020	1
2019.921	1
2019.918	1
2019.94	1
2019.94	1
2019.945	1
2019.945	1
2019.948	1
2019.948	1
2019.932	1
2019.929	1
2019.94	1
2019.978	1
2019.967	1
2019.962	1
2019.956	1
2019.945	1
2020.066	1
2020.142	1
2020.139	1
2019.975	1
2019.984	1
2019.975	1
2019.981	1
2020.038	1
2020.112	1
2020.071	1
2020.172	1
2020.071	1
2020.131	1
2020	1
2019.923	1
2019.967	1
2020.014	1
2019.918	1
2020.074	1
2020.074	1
2020.074	1
2020.022	1
2019.945	1
2019.89	1
2019.964	1
2020.052	1
2019.997	1
2019.997	1
2019.816	1
2019.923	1
2019.945	1
2020.085	1
2020.038	1
2020.044	1
2020.033	1
2020.096	1
2020.008	1
2019.762	1
2019.901	1
2020.128	1
2019.918	1
2019.962	1
2020.055	1
2020.014	1
2019.964	1
2019.962	1
2019.934	1
2019.91	1
2020.077	1
2019.953	1
2019.978	1
2019.948	1
2019.904	1
2019.91	1
2019.94	1
2019.94	1
2019.956	1
2019.91	1
2020.003	1
2020.085	1
2019.863	1
2019.948	1
2020.071	1
2020.167	1
2019.888	1
2019.888	1
2019.91	1
2019.841	1
2019.827	1
2019.879	1
2020.052	1
2019.959	1
2019.841	1
2019.852	1
2019.907	1
2019.786	1
2020.074	1
2020.077	1
2019.967	1
2020.12	1
2019.964	1
2019.962	1
2019.871	1
2019.893	1
2019.918	1
2019.879	1
2019.89	1
2019.863	1
2020.071	1
2019.956	1
2019.964	1
2019.973	1
2020.06	1
2020.038	1
2020.041	1
2020.046	1
2020.033	1
2020.044	1
2020.038	1
2020.038	1
2020.038	1
2020.041	1
2020.019	1
2020.022	1
2019.948	1
2019.94	1
2019.978	1
2019.825	1
2019.948	1
2019.885	1
2019.885	1
2019.866	1
2019.923	1
2019.942	1
2019.94	1
2019.967	1
2019.962	1
2020.022	1
2019.956	1
2020.077	1
2020.18	1
2019.942	1
2019.948	1
2019.984	1
2019.992	1
2020.014	1
2019.879	1
2019.904	1
2020.052	1
2019.94	1
2019.959	1
2019.959	1
2019.94	1
2019.948	1
2019.951	1
2019.937	1
2019.948	1
2019.94	1
2019.948	1
2020.008	1
2019.975	1
2019.978	1
2019.978	1
2019.975	1
2019.921	1
2019.934	1
2019.937	1
2019.91	1
2019.945	1
2019.945	1
2019.962	1
2019.918	1
2020.044	1
2019.953	1
2019.921	1
2019.984	1
2019.962	1
2019.962	1
2019.975	1
2019.901	1
2019.899	1
2019.959	1
2019.959	1
2019.959	1
2019.94	1
2019.986	1
2019.942	1
2019.997	1
2019.915	1
2019.893	1
2019.926	1
2019.918	1
2019.923	1
2019.923	1
2019.926	1
2019.945	1
2020.022	1
2019.868	1
2019.989	1
2019.819	1
2019.956	1
2019.959	1
2019.962	1
2020.161	1
2020.134	1
2019.995	1
2020.134	1
2020.046	1
2019.937	1
2019.934	1
2019.948	1
2019.923	1
2020.036	1
2020.066	1
2019.995	1
2019.975	1
2019.948	1
2019.945	1
2020.014	1
2020.014	1
2020.014	1
2019.975	1
2019.921	1
2020.003	1
2019.981	1
2019.995	1
2019.975	1
2019.997	1
2019.937	1
2019.956	1
2019.948	1
2019.995	1
2019.94	1
2019.893	1
2019.896	1
2019.863	1
2019.863	1
2019.882	1
2019.874	1
2020.074	1
2019.973	1
2019.942	1
2019.948	1
2020.131	1
2019.945	1
2020.15	1
2019.962	1
2019.923	1
2019.904	1
2019.929	1
2019.904	1
2019.91	1
2019.942	1
2019.945	1
2019.937	1
2019.926	1
2019.923	1
2019.918	1
2019.995	1
2019.926	1
2020	1
2019.874	1
2019.879	1
2020.148	1
2020.098	1
2019.942	1
2020.077	1
2019.901	1
2020.096	1
2019.975	1
2019.986	1
2020.077	1
2019.91	1
2019.91	1
2019.907	1
2020.112	1
2019.962	1
2020.131	1
2020.158	1
2020.194	1
2020.186	1
2020.101	1
2020.082	1
2020.131	1
2020.15	1
2020.117	1
2019.948	1
2019.918	1
2019.986	1
2019.926	1
2019.879	1
2019.997	1
2019.904	1
2019.926	1
2019.986	1
2019.942	1
2019.899	1
2019.929	1
2019.973	1
2019.956	1
2020.019	1
2019.975	1
2019.871	1
2019.948	1
2019.822	1
2019.945	1
2019.825	1
2019.811	1
2019.811	1
2019.808	1
2019.8	1
2019.795	1
2019.789	1
2019.786	1
2019.77	1
2019.764	1
2019.827	1
2019.822	1
2019.945	1
2019.83	1
2019.822	1
2019.805	1
2019.888	1
2019.868	1
2019.899	1
2020.003	1
2019.907	1
2019.885	1
2019.893	1
2019.901	1
2019.89	1
2019.929	1
2019.926	1
2019.923	1
2019.912	1
2019.926	1
2019.959	1
2019.945	1
2019.948	1
2019.942	1
2019.981	1
2019.978	1
2019.97	1
2019.962	1
2019.89	1
2019.959	1
2019.879	1
2019.912	1
2019.912	1
2020.107	1
2020.107	1
2019.921	1
2019.901	1
2019.901	1
2019.915	1
2019.932	1
2019.923	1
2019.929	1
2020.101	1
2020.074	1
2020.15	1
2020.09	1
2020.074	1
2020.087	1
2020.123	1
2020.101	1
2020.066	1
2020.131	1
2019.918	1
2019.967	1
2019.956	1
2019.997	1
2019.967	1
2019.986	1
2019.978	1
2019.904	1
2019.882	1
2019.942	1
2020.096	1
2020.087	1
2020.101	1
2019.877	1
2020.03	1
2020.055	1
2020.148	1
2020.156	1
2019.937	1
2019.888	1
2019.995	1
2019.929	1
2019.8	1
2019.901	1
2019.926	1
2019.975	1
2019.789	1
2020.055	1
2019.959	1
2019.921	1
2020.005	1
2019.975	1
2019.956	1
2020.014	1
2019.942	1
2019.962	1
2019.962	1
2019.929	1
2019.964	1
2019.918	1
2019.923	1
2019.956	1
2020.189	1
2020.186	1
2019.945	1
2019.879	1
2019.912	1
2019.899	1
2019.942	1
2020.003	1
2019.962	1
2019.852	1
2019.803	1
2019.808	1
2019.926	1
2019.844	1
2019.879	1
2019.86	1
2019.899	1
2019.901	1
2019.899	1
2019.879	1
2019.879	1
2019.882	1
2019.885	1
2019.921	1
2019.915	1
2019.929	1
2019.918	1
2019.962	1
2019.937	1
2019.948	1
2019.956	1
2019.34	1
2019.288	1
2019.236	1
2019.162	1
2019.096	1
2019.195	1
2019.2	1
2019.208	1
2019.134	1
2019.096	1
2019.252	1
2019.252	1
2019.068	1
2019.096	1
2019.107	1
2019.145	1
2019.019	1
2019.164	1
2019.211	1
2019.134	1
2019.134	1
2019.145	1
2019.126	1
2019.118	1
2019.227	1
2019.11	1
2019.274	1
2019.132	1
2019.005	1
2019.005	1
2019.153	1
2019.077	1
2019.112	1
2019.159	1
2019.132	1
2019.132	1
2019.282	1
2019.227	1
2019.227	1
2019.364	1
2019.89	1
2019.773	1
2019.773	1
2019.052	1
2019.077	1
2019.077	1
2019.195	1
2019.211	1
2019.047	1
2019.112	1
2019.099	1
2019.153	1
2019.153	1
2019.197	1
2019.153	1
2019.252	1
2019.164	1
2019.2	1
2019.2	1
2019.107	1
2019.312	1
2019.159	1
2019.058	1
2019.2	1
2019.214	1
2019.2	1
2018.981	1
2018.981	1
2019.06	1
2019.244	1
2019.079	1
2019.099	1
2019.112	1
2019.112	1
2019.159	1
2019.263	1
2019.378	1
2019.044	1
2019.044	1
2019.156	1
2019.156	1
2019.263	1
2019.2	1
2019.068	1
2019.068	1
2018.942	1
2018.942	1
2019.132	1
2019.173	1
2019.132	1
2019.173	1
2019.112	1
2019.112	1
2019.233	1
2019.151	1
2019.151	1
2019.219	1
2019.219	1
2019.419	1
2018.093	1
2019.101	1
2019.29	1
2019.29	1
2019.112	1
2019.112	1
2019.101	1
2019.252	1
2019.233	1
2019.266	1
2019.156	1
2019.156	1
2019.156	1
2019.153	1
2019.274	1
2019.115	1
2019.307	1
2019.307	1
2019.315	1
2019.942	1
2019.288	1
2019.268	1
2019.288	1
2019.315	1
2019.285	1
2019.288	1
2019.285	1
2019.315	1
2019.288	1
2019.479	1
2019.479	1
2019.268	1
2019.926	1
2019.836	1
2019.712	1
2019.173	1
2019.173	1
2019.178	1
2019.178	1
2019.156	1
2019.153	1
2019.463	1
2019.364	1
2019.364	1
2019.153	1
2019.153	1
2019.485	1
2019.485	1
2019.189	1
2019.219	1
2019.156	1
2019.216	1
2019.156	1
2019.216	1
2019.205	1
2019.205	1
2019.115	1
2019.115	1
2019.219	1
2019.219	1
2019.26	1
2019.162	1
2019.132	1
2019.118	1
2019.121	1
2019.118	1
2019.121	1
2019.205	1
2019.148	1
2019.142	1
2019.178	1
2019.151	1
2019.173	1
2019.17	1
2019.101	1
2019.101	1
2019.195	1
2019.195	1
2019.093	1
2019.093	1
2019.104	1
2019.132	1
2019.175	1
2019.068	1
2019.115	1
2019.104	1
2019.195	1
2019.112	1
2019.09	1
2019.167	1
2019.195	1
2019.211	1
2019.189	1
2019.534	1
2019.526	1
2019.526	1
2019.534	1
2019.496	1
2019.496	1
2019.46	1
2019.46	1
2019.093	1
2019.233	1
2019.233	1
2019.181	1
2019.17	1
2019.197	1
2019.258	1
2019.216	1
2019.211	1
2019.247	1
2019.277	1
2019.079	1
2019.134	1
2019.134	1
2019.17	1
2019.151	1
2019.101	1
2019.189	1
2019.189	1
2019.175	1
2019.189	1
2019.197	1
2019.195	1
2019.195	1
2019.197	1
2019.2	1
2019.197	1
2019.197	1
2019.189	1
2019.189	1
2019.186	1
2019.186	1
2019.2	1
2019.211	1
2019.208	1
2019.121	1
2019.115	1
2019.189	1
2019.189	1
2019.151	1
2019.197	1
2019.197	1
2019.2	1
2019.137	1
2019.189	1
2019.189	1
2019.225	1
2019.151	1
2019.208	1
2019.205	1
2019.211	1
2019.208	1
2019.195	1
2019.249	1
2019.208	1
2019.197	1
2019.211	1
2019.285	1
2019.285	1
2019.447	1
2019.447	1
2019.162	1
2019.156	1
2019.156	1
2019.137	1
2019.038	1
2019.038	1
2019.97	1
2019.778	1
2019.433	1
2019.433	1
2019.674	1
2019.753	1
2019.871	1
2019.164	1
2019.148	1
2019.123	1
2019.159	1
2019.14	1
2019.123	1
2019.06	1
2019.189	1
2019.197	1
2019.249	1
2019.211	1
2019.211	1
2019.159	1
2019.236	1
2019.307	1
2019.307	1
2019.214	1
2019.238	1
2019.238	1
2019.189	1
2019.208	1
2019.247	1
2018.984	1
2018.984	1
2019.079	1
2019.093	1
2019.058	1
2019.058	1
2019.025	1
2019.112	1
2019.132	1
2019.247	1
2019.101	1
2019.156	1
2019.252	1
2019.211	1
2019.23	1
2019.09	1
2019.09	1
2019.219	1
2019.214	1
2019.077	1
2019.077	1
2019.148	1
2019.148	1
2019.197	1
2019.227	1
2019.203	1
2019.214	1
2019.173	1
2019.197	1
2019.192	1
2019.189	1
2019.173	1
2019.173	1
2019.17	1
2019.156	1
2019.211	1
2019.2	1
2019.233	1
2019.219	1
2019.216	1
2019.255	1
2019.134	1
2019.186	1
2019.181	1
2019.178	1
2019.17	1
2019.17	1
2019.156	1
2019.153	1
2019.249	1
2019.266	1
2019.263	1
2019.052	1
2019.052	1
2019.208	1
2019.077	1
2019.123	1
2019.123	1
2019.197	1
2019.186	1
2019.186	1
2019.181	1
2019.17	1
2019.205	1
2019.118	1
2019.238	1
2019.175	1
2019.175	1
2019.11	1
2019.11	1
2019.096	1
2019.096	1
2019.156	1
2019.093	1
2019.093	1
2019.211	1
2019.145	1
2019.101	1
2018.951	1
2019.099	1
2019.104	1
2019.085	1
2019.203	1
2019.178	1
2019.249	1
2019.211	1
2019.099	1
2019.26	1
2019.153	1
2019.211	1
2019.282	1
2019.312	1
2019.153	1
2019.104	1
2019.269	1
2019.269	1
2019.822	1
2019.526	1
2019.526	1
2019.058	1
2019.074	1
2019.06	1
2019.104	1
2019.216	1
2019.101	1
2019.093	1
2019.093	1
2019.195	1
2019.195	1
2019.197	1
2019.255	1
2019.096	1
2019.266	1
2019.266	1
2019.236	1
2019.2	1
2019.282	1
2019.282	1
2019.279	1
2019.279	1
2019.142	1
2019.268	1
2019.192	1
2019.085	1
2019.134	1
2019.118	1
2019.236	1
2019.096	1
2019.077	1
2019.214	1
2019.195	1
2019.192	1
2019.164	1
2019.266	1
2019.266	1
2019.101	1
2019.238	1
2019.17	1
2019.252	1
2019.252	1
2019.014	1
2019.458	1
2019.458	1
2019.441	1
2019.441	1
2019.649	1
2019.151	1
2019.151	1
2019.192	1
2019.022	1
2019.282	1
2019.189	1
2019.082	1
2019.082	1
2019.2	1
2019.088	1
2019.178	1
2019.189	1
2019.178	1
2019.189	1
2019.192	1
2019.036	1
2019.036	1
2019.236	1
2019.255	1
2019.255	1
2019.192	1
2019.23	1
2019.164	1
2019.164	1
2019.101	1
2019.236	1
2019.236	1
2019.101	1
2019.189	1
2019.214	1
2019.227	1
2019.236	1
2019.792	1
2019.762	1
2019.907	1
2019.016	1
2019.016	1
2019.077	1
2019.342	1
2019.104	1
2019.342	1
2019.46	1
2019.225	1
2019.225	1
2019.345	1
2019.225	1
2019.225	1
2019.345	1
2019.151	1
2019.151	1
2019.296	1
2019.279	1
2019.307	1
2019.307	1
2019.356	1
2019.356	1
2019.132	1
2019.082	1
2019.079	1
2018.989	1
2019.096	1
2019.186	1
2019.142	1
2019.233	1
2019.236	1
2018.986	1
2019.192	1
2019.038	1
2019.038	1
2019.074	1
2019.162	1
2019.162	1
2019.167	1
2019.167	1
2019.247	1
2019.258	1
2019.233	1
2019.214	1
2019.216	1
2019.216	1
2019.216	1
2019.521	1
2019.521	1
2019.162	1
2019.151	1
2019.296	1
2019.285	1
2019.285	1
2019.178	1
2019.137	1
2019.137	1
2019.137	1
2019.137	1
2019.096	1
2018.923	1
2018.923	1
2018.981	1
2018.981	1
2018.967	1
2019.074	1
2019.019	1
2019.068	1
2019.208	1
2019.208	1
2019.271	1
2019.085	1
2019.153	1
2019.096	1
2019.123	1
2019.104	1
2019.181	1
2019.178	1
2019.285	1
2019.271	1
2019.173	1
2019.285	1
2019.085	1
2019.2	1
2019.104	1
2019.085	1
2019.192	1
2019.216	1
2019.137	1
2019.159	1
2019.112	1
2019.063	1
2019.285	1
2019.255	1
2019.255	1
2019.29	1
2019.255	1
2019.255	1
2019.277	1
2019.258	1
2019.389	1
2019.249	1
2019.247	1
2019.197	1
2019.197	1
2019.192	1
2019.219	1
2019.003	1
2019.151	1
2019.156	1
2019.156	1
2019.137	1
2019.137	1
2019.54	1
2019.156	1
2019.066	1
2019.066	1
2019.203	1
2019.104	1
2019.159	1
2019.153	1
2019.214	1
2019.337	1
2019.337	1
2019.079	1
2019.079	1
2019.079	1
2019.079	1
2019.079	1
2019.195	1
2019.219	1
2019.074	1
2019.233	1
2019.233	1
2019.523	1
2019.523	1
2019.047	1
2019.263	1
2019.263	1
2019.211	1
2019.389	1
2019.389	1
2019.304	1
2019.132	1
2019.132	1
2019.277	1
2019.277	1
2019.151	1
2019.153	1
2019.189	1
2019.208	1
2019.225	1
2019.162	1
2018.997	1
2018.997	1
2018.997	1
2019.332	1
2019.332	1
2019.211	1
2019.159	1
2019.159	1
2019.203	1
2019.203	1
2019.025	1
2019.025	1
2019.137	1
2018.984	1
2018.984	1
2019.115	1
2019.115	1
2019.162	1
2019.11	1
2019.2	1
2019.2	1
2019.263	1
2019.263	1
2019.175	1
2019.181	1
2019.216	1
2019.252	1
2019.252	1
2019.099	1
2019.099	1
2019.208	1
2019.208	1
2019.208	1
2019.208	1
2019.063	1
2019.063	1
2019.216	1
2019.216	1
2019.31	1
2019.225	1
2019.225	1
2019.219	1
2019.189	1
2019.06	1
2019.203	1
2019.203	1
2019.173	1
2019.285	1
2019.285	1
2019.06	1
2019.06	1
2019.038	1
2019.079	1
2019.079	1
2019.093	1
2019.085	1
2019.115	1
2019.115	1
2019.099	1
2019.093	1
2019.074	1
2019.14	1
2019.079	1
2019.225	1
2019.312	1
2019.225	1
2019.255	1
2019.153	1
2019.153	1
2019.227	1
2019.227	1
2019.225	1
2019.208	1
2019.208	1
2019.29	1
2019.29	1
2019.195	1
2019.258	1
2019.085	1
2019.266	1
2019.225	1
2019.225	1
2019.014	1
2019.014	1
2019.186	1
2019.186	1
2019.192	1
2019.252	1
2019.236	1
2019.216	1
2019.258	1
2019.258	1
2019.151	1
2019.153	1
2019.153	1
2019.151	1
2019.195	1
2019.271	1
2019.405	1
2019.304	1
2019.304	1
2019.112	1
2019.112	1
2019.178	1
2019.178	1
2019.082	1
2019.285	1
2020.156	1
2020.096	1
2020.093	1
2020.096	1
2020.093	1
2020.093	1
2020.093	1
2019.866	1
2020.044	1
2020.044	1
2020.066	1
2020.066	1
2019.918	1
2019.195	1
2019.293	1
2019.301	1
2019.156	1
2019.178	1
2019.211	1
2019.211	1
2019.249	1
2019.197	1
2019.197	1
2019.211	1
2019.211	1
2019.247	1
2019.121	1
2019.142	1
2019.189	1
2019.123	1
2019.195	1
2019.175	1
2019.151	1
2019.164	1
2019.005	1
2019.074	1
2019.093	1
2019.112	1
2019.268	1
2019.178	1
2019.173	1
2019.06	1
2019.06	1
2019.112	1
2019.022	1
2019.022	1
2019.17	1
2019.132	1
2019.132	1
2019.277	1
2019.268	1
2019.134	1
2019.173	1
2019.181	1
2019.192	1
2019.162	1
2019.252	1
2019.011	1
2019.104	1
2019.099	1
2019.099	1
2019.134	1
2019.151	1
2019.151	1
2019.189	1
2019.29	1
2019.2	1
2019.288	1
2019.285	1
2019.266	1
2019.192	1
2019.192	1
2019.121	1
2019.219	1
2019.219	1
2019.156	1
2019.025	1
2019.025	1
2019.299	1
2019.299	1
2019.003	1
2018.986	1
2019.008	1
2019.008	1
2019.049	1
2018.986	1
2019.058	1
2019.055	1
2019.074	1
2019.058	1
2019.071	1
2019.058	1
2019.052	1
2018.989	1
2019.082	1
2019.003	1
2019.058	1
2019.055	1
2019.074	1
2019.049	1
2019.071	1
2019.058	1
2019.058	1
2019.082	1
2018.989	1
2019.052	1
2019.055	1
2019.022	1
2018.992	1
2019.066	1
2019.058	1
2019.022	1
2019.022	1
2019.06	1
2019.052	1
2019.049	1
2019.058	1
2019.06	1
2019.058	1
2019.06	1
2019.077	1
2019.077	1
2019.074	1
2019.074	1
2019.06	1
2019.074	1
2019.063	1
2019.074	1
2019.027	1
2019.033	1
2019.036	1
2019.022	1
2019.063	1
2019.058	1
2019.101	1
2019.093	1
2019.118	1
2019.145	1
2019.118	1
2019.096	1
2019.101	1
2019.156	1
2019.153	1
2019.175	1
2019.093	1
2019.118	1
2019.145	1
2019.118	1
2019.208	1
2019.159	1
2019.162	1
2019.238	1
2019.181	1
2019.153	1
2019.175	1
2019.208	1
2019.162	1
2019.268	1
2019.23	1
2019.268	1
2019.156	1
2019.096	1
2019.088	1
2019.101	1
2019.14	1
2019.14	1
2019.197	1
2019.197	1
2019.195	1
2019.192	1
2019.189	1
2019.186	1
2019.184	1
2019.184	1
2019.181	1
2019.175	1
2019.175	1
2019.173	1
2019.17	1
2019.162	1
2019.162	1
2019.159	1
2019.159	1
2019.142	1
2019.211	1
2019.208	1
2019.208	1
2019.203	1
2019.203	1
2019.2	1
2019.2	1
2019.2	1
2019.126	1
2019.121	1
2019.107	1
2019.096	1
2019.318	1
2019.238	1
2019.159	1
2019.181	1
2019.208	1
2019.208	1
2019.268	1
2019.23	1
2019.093	1
2019.112	1
2019.134	1
2019.121	1
2019.225	1
2019.26	1
2019.192	1
2019.14	1
2019.148	1
2019.2	1
2019.318	1
2019.23	1
2019.227	1
2019.227	1
2019.227	1
2019.225	1
2019.222	1
2019.214	1
2019.219	1
2019.216	1
2019.216	1
2019.23	1
2019.208	1
2019.247	1
2019.247	1
2019.247	1
2019.266	1
2019.263	1
2019.162	1
2019.142	1
2019.142	1
2019.211	1
2019.099	1
2019.216	1
2019.225	1
2019.225	1
2019.2	1
2019.345	1
2019.195	1
2019.17	1
2019.066	1
2019.066	1
2019.148	1
2019.247	1
2019.247	1
2019.227	1
2019.227	1
2019.096	1
2019.482	1
2019.482	1
2019.288	1
2019.208	1
2019.208	1
2019.164	1
2019.164	1
2019.227	1
2019.227	1
2019.83	1
2019.767	1
2019.792	1
2019.789	1
2020.057	1
2019.162	1
2019.167	1
2019.074	1
2019.09	1
2019.186	1
2019.186	1
2019.09	1
2019.236	1
2019.181	1
2019.252	1
2019.112	1
2019.112	1
2019.074	1
2019.074	1
2019.162	1
2019.181	1
2019.34	1
2019.219	1
2019.285	1
2019.186	1
2019.145	1
2019.17	1
2019.085	1
2019.134	1
2019.233	1
2019.156	1
2019.156	1
2019.156	1
2019.11	1
2019.019	1
2019.019	1
2019.233	1
2019.038	1
2019.038	1
2019.093	1
2019.093	1
2019.255	1
2019.255	1
2019.255	1
2019.255	1
2019.022	1
2019.022	1
2019.14	1
2019.14	1
2019.068	1
2019.068	1
2019.233	1
2019.134	1
2019.134	1
2019.299	1
2019.299	1
2019.09	1
2018.989	1
2018.989	1
2019.288	1
2019.219	1
2019.17	1
2019.17	1
2019.099	1
2019.099	1
2019.175	1
2019.175	1
2019.077	1
2019.058	1
2019.093	1
2019.123	1
2019.104	1
2018.989	1
2019.208	1
2019.156	1
2019.156	1
2019.23	1
2019.227	1
2019.227	1
2019.312	1
2018.97	1
2018.97	1
2019.197	1
2019.112	1
2019.112	1
2019.153	1
2019.195	1
2019.153	1
2019.195	1
2018.888	1
2018.888	1
2019.077	1
2019.195	1
2019.195	1
2019.173	1
2019.142	1
2019.216	1
2019.216	1
2019.096	1
2019.14	1
2019.252	1
2019.249	1
2019.132	1
2019.175	1
2019.214	1
2019.238	1
2019.189	1
2019.323	1
2019.323	1
2019.132	1
2019.132	1
2019.082	1
2018.989	1
2019.364	1
2019.036	1
2019.011	1
2019.036	1
2019.011	1
2019.112	1
2019.208	1
2019.192	1
2019.208	1
2019.268	1
2019.214	1
2019.227	1
2019.238	1
2019.271	1
2019.271	1
2019.277	1
2019.422	1
2019.162	1
2019.162	1
2019.189	1
2019.115	1
2019.167	1
2019.115	1
2019.167	1
2019.101	1
2019.104	1
2019.101	1
2019.06	1
2019.06	1
2019.036	1
2019.036	1
2018.981	1
2018.984	1
2018.981	1
2018.984	1
2019.236	1
2019.003	1
2019.003	1
2019.208	1
2019.195	1
2019.192	1
2019.227	1
2019.227	1
2019.238	1
2019.238	1
2019.099	1
2019.099	1
2019.315	1
2019.307	1
2019.112	1
2019.14	1
2019.266	1
2019.173	1
2019.173	1
2018.962	1
2018.981	1
2018.962	1
2018.981	1
2019.003	1
2019.003	1
2019.066	1
2019.008	1
2019.085	1
2019.148	1
2019.085	1
2019.148	1
2019.159	1
2019.17	1
2019.159	1
2019.17	1
2019.126	1
2019.173	1
2019.17	1
2019.164	1
2019.151	1
2019.137	1
2019.137	1
2019.134	1
2019.156	1
2019.14	1
2019.197	1
2019.195	1
2019.195	1
2019.208	1
2019.189	1
2019.189	1
2019.2	1
2019.195	1
2019.195	1
2019.192	1
2019.156	1
2019.205	1
2019.115	1
2019.112	1
2019.178	1
2019.219	1
2019.274	1
2019.085	1
2019.274	1
2019.236	1
2019.211	1
2019.214	1
2019.208	1
2019.208	1
2019.233	1
2019.268	1
2019.26	1
2019.542	1
2019.518	1
2019.518	1
2019.542	1
2019.219	1
2019.211	1
2019.23	1
2019.255	1
2019.312	1
2019.304	1
2019.307	1
2019.299	1
2019.288	1
2019.282	1
2019.227	1
2019.219	1
2019.153	1
2019.118	1
2019.118	1
2019.23	1
2019.23	1
2019.214	1
2019.227	1
2019.17	1
2019.2	1
2019.288	1
2019.321	1
2019.321	1
2019.241	1
2019.241	1
2019.074	1
2019.288	1
2019.288	1
2019.288	1
2019.288	1
2019.504	1
2019.137	1
2019.153	1
2019.079	1
2019.192	1
2019.192	1
2019.099	1
2019.104	1
2019.142	1
2019.173	1
2019.203	1
2019.104	1
2019.134	1
2019.282	1
2019.11	1
2019.077	1
2019.077	1
2019.43	1
2019.43	1
2019.318	1
2019.318	1
2019.249	1
2019.258	1
2019.249	1
2019.337	1
2019.258	1
2019.337	1
2019.326	1
2019.326	1
2019.238	1
2019.274	1
2019.255	1
2019.277	1
2019.189	1
2019.216	1
2019.208	1
2019.2	1
2019.268	1
2019.268	1
2019.285	1
2019.348	1
2019.411	1
2019.405	1
2019.285	1
2019.405	1
2019.348	1
2019.411	1
2019.477	1
2019.477	1
2019.123	1
2019.208	1
2019.23	1
2019.29	1
2019.156	1
2019.156	1
2019.214	1
2019.214	1
2019.156	1
2019.156	1
2019.241	1
2019.123	1
2019.178	1
2019.222	1
2019.225	1
2019.225	1
2019.126	1
2019.238	1
2019.17	1
2019.17	1
2019.216	1
2019.323	1
2019.271	1
2019.195	1
2019.195	1
2019.241	1
2019.099	1
2019.145	1
2019.17	1
2019.29	1
2018.951	1
2018.951	1
2019.247	1
2019.189	1
2019.266	1
2019.266	1
2019.559	1
2019.559	1
2019.674	1
2019.688	1
2019.63	1
2019.63	1
2019.556	1
2019.556	1
2019.592	1
2019.652	1
2019.584	1
2019.581	1
2019.633	1
2019.581	1
2019.562	1
2019.562	1
2019.655	1
2019.655	1
2019.592	1
2019.578	1
2019.14	1
2019.252	1
2019.181	1
2019.211	1
2019.211	1
2019.178	1
2019.184	1
2019.184	1
2019.123	1
2019.255	1
2019.285	1
2019.285	1
2019.31	1
2019.31	1
2019.31	1
2019.252	1
2019.211	1
2019.175	1
2019.175	1
2019.195	1
2019.195	1
2019.266	1
2019.2	1
2019.4	1
2019.4	1
2019.29	1
2019.29	1
2019.43	1
2019.403	1
2019.43	1
2019.403	1
2019.258	1
2019.258	1
2019.096	1
2019.096	1
2019.233	1
2019.233	1
2019.164	1
2019.233	1
2019.164	1
2019.175	1
2019.233	1
2019.06	1
2019.06	1
2019.132	1
2019.132	1
2019.036	1
2019.036	1
2019.129	1
2019.11	1
2019.129	1
2019.11	1
2019.101	1
2019.101	1
2019.282	1
2019.282	1
2019.093	1
2019.093	1
2019.142	1
2019.189	1
2019.156	1
2019.156	1
2019.093	1
2019.085	1
2019.09	1
2019.134	1
2019.085	1
2019.142	1
2019.134	1
2019.093	1
2019.09	1
2019.088	1
2019.17	1
2019.112	1
2019.216	1
2019.216	1
2019.236	1
2019.236	1
2019.192	1
2018.945	1
2018.945	1
2019.101	1
2019.055	1
2019.055	1
2019.074	1
2019.074	1
2019.197	1
2019.225	1
2019.222	1
2019.252	1
2019.134	1
2019.178	1
2019.238	1
2019.151	1
2018.986	1
2018.986	1
2019.197	1
2019.033	1
2019.033	1
2019.093	1
2019.093	1
2019.055	1
2019.444	1
2019.258	1
2019.449	1
2019.411	1
2019.4	1
2019.342	1
2019.455	1
2019.37	1
2019.29	1
2019.288	1
2019.288	1
2019.23	1
2019.118	1
2019.118	1
2019.312	1
2019.312	1
2019.074	1
2019.208	1
2019.258	1
2019.197	1
2019.195	1
2019.189	1
2019.181	1
2019.175	1
2019.219	1
2019.211	1
2019.258	1
2019.195	1
2019.189	1
2018.959	1
2019.011	1
2019.025	1
2018.959	1
2019.011	1
2019.025	1
2019.142	1
2019.252	1
2019.151	1
2019.142	1
2019.252	1
2019.26	1
2019.216	1
2019.233	1
2019.17	1
2019.159	1
2019.162	1
2019.151	1
2019.181	1
2019.216	1
2019.23	1
2019.112	1
2019.249	1
2019.156	1
2019.156	1
2019.11	1
2019.178	1
2019.23	1
2019.216	1
2019.216	1
2019.216	1
2019.173	1
2019.195	1
2019.268	1
2019.134	1
2019.134	1
2019.205	1
2019.205	1
2019.011	1
2019.011	1
2019.195	1
2019.249	1
2019.249	1
2019.247	1
2019.29	1
2019.29	1
2019.26	1
2019.282	1
2019.282	1
2019.2	1
2019.219	1
2019.175	1
2019.047	1
2019.044	1
2019.227	1
2019.222	1
2019.173	1
2019.099	1
2019.099	1
2018.997	1
2019.2	1
2019.2	1
2019.041	1
2019.041	1
2019.195	1
2018.929	1
2018.929	1
2019.058	1
2019.236	1
2019.156	1
2019.156	1
2019.156	1
2019.164	1
2019.181	1
2019.178	1
2019.181	1
2018.912	1
2018.981	1
2018.912	1
2018.981	1
2019.159	1
2019.159	1
2019.074	1
2019.17	1
2019.17	1
2019.052	1
2019.058	1
2019.052	1
2019.058	1
2019.162	1
2019.162	1
2019.118	1
2019.118	1
2019.178	1
2019.364	1
2019.364	1
2019.197	1
2019.195	1
2019.074	1
2018.951	1
2018.951	1
2019.227	1
2019.093	1
2018.942	1
2018.942	1
2019.027	1
2019.077	1
2019.132	1
2019.216	1
2019.189	1
2019.058	1
2019.058	1
2019.252	1
2019.195	1
2019.236	1
2018.901	1
2018.975	1
2018.901	1
2019.036	1
2019.079	1
2019.079	1
2019.036	1
2019.225	1
2019.225	1
2019.047	1
2019.488	1
2019.518	1
2019.619	1
2019.499	1
2019.441	1
2019.441	1
2019.496	1
2019.795	1
2019.386	1
2019.501	1
2019.373	1
2019.389	1
2019.575	1
2019.803	1
2019.389	1
2019.375	1
2019.386	1
2019.384	1
2019.499	1
2019.499	1
2019.444	1
2019.384	1
2019.205	1
2019.195	1
2019.121	1
2019.121	1
2019.085	1
2019.118	1
2019.099	1
2019.148	1
2019.123	1
2019.055	1
2019.093	1
2019.093	1
2019.115	1
2019.142	1
2019.162	1
2019.14	1
2019.145	1
2019.047	1
2019.085	1
2019.134	1
2019.107	1
2019.104	1
2019.156	1
2019.142	1
2019.132	1
2019.132	1
2019.107	1
2019.2	1
2019.093	1
2019.093	1
2019.022	1
2019.022	1
2019.241	1
2019.241	1
2019.038	1
2019.038	1
2019.093	1
2019.189	1
2019.189	1
2019.189	1
2019.189	1
2019.258	1
2019.247	1
2019.214	1
2019.214	1
2019.326	1
2019.326	1
2019.06	1
2019.06	1
2019.222	1
2019.022	1
2019.022	1
2019.025	1
2019.025	1
2018.989	1
2019.247	1
2019.304	1
2019.285	1
2019.282	1
2019.271	1
2019.299	1
2019.09	1
2019.247	1
2019.162	1
2019.082	1
2019.071	1
2019.282	1
2019.282	1
2019.096	1
2019.162	1
2019.088	1
2019.175	1
2019.17	1
2019.167	1
2019.436	1
2019.266	1
2019.258	1
2019.255	1
2019.247	1
2019.247	1
2019.164	1
2019.175	1
2019.427	1
2019.427	1
2019.427	1
2019.904	1
2019.521	1
2019.345	1
2019.408	1
2019.436	1
2019.438	1
2019.507	1
2019.438	1
2019.745	1
2019.816	1
2019.71	1
2019.773	1
2019.504	1
2019.545	1
2019.422	1
2019.422	1
2019.866	1
2019.353	1
2019.493	1
2019.326	1
2019.414	1
2019.414	1
2019.91	1
2019.332	1
2019.51	1
2019.51	1
2019.452	1
2019.518	1
2019.068	1
2019.068	1
2019.132	1
2019.132	1
2018.923	1
2018.923	1
2019.123	1
2019.123	1
2019.093	1
2019.093	1
2019.31	1
2019.31	1
2019.282	1
2019.282	1
2019.096	1
2019.044	1
2019.26	1
2019.26	1
2019.085	1
2019.132	1
2019.132	1
2019.137	1
2019.227	1
2019.227	1
2019.225	1
2019.101	1
2019.274	1
2019.214	1
2019.227	1
2019.227	1
2019.096	1
2019.096	1
2019.145	1
2019.181	1
2019.2	1
2019.474	1
2019.455	1
2019.455	1
2019.474	1
2019.06	1
2019.06	1
2019.274	1
2019.274	1
2019.258	1
2019.258	1
2019.197	1
2019.2	1
2019.268	1
2019.216	1
2019.167	1
2019.167	1
2019.096	1
2019.088	1
2019.271	1
2019.271	1
2019.279	1
2019.066	1
2019.266	1
2019.266	1
2019.115	1
2019.077	1
2019.173	1
2019.258	1
2019.005	1
2019.005	1
2019.178	1
2019.23	1
2019.058	1
2019.151	1
2019.159	1
2019.197	1
2019.211	1
2019.208	1
2019.211	1
2019.115	1
2019.115	1
2019.227	1
2019.178	1
2019.247	1
2019.23	1
2019.132	1
2019.167	1
2019.167	1
2019.096	1
2019.266	1
2019.293	1
2019.038	1
2019.03	1
2019.074	1
2019.063	1
2019.038	1
2019.03	1
2019.074	1
2019.107	1
2019.107	1
2019.173	1
2019.162	1
2019.156	1
2019.151	1
2019.192	1
2019.181	1
2019.189	1
2019.195	1
2019.258	1
2019.252	1
2019.252	1
2019.2	1
2019.208	1
2019.173	1
2019.227	1
2019.137	1
2019.137	1
2019.063	1
2019.063	1
2019.181	1
2019.11	1
2019.11	1
2019.173	1
2019.197	1
2019.189	1
2019.288	1
2019.118	1
2019.181	1
2019.26	1
2019.26	1
2019.186	1
2019.099	1
2019.06	1
2019.074	1
2019.247	1
2019.088	1
2019.249	1
2019.214	1
2019.23	1
2019.11	1
2019.11	1
2019.071	1
2019.107	1
2019.107	1
2019.066	1
2019.277	1
2019.266	1
2019.236	1
2019.315	1
2019.315	1
2019.096	1
2019.23	1
2019.219	1
2019.216	1
2019.23	1
2019.277	1
2019.441	1
2019.441	1
2019.449	1
2019.449	1
2019.416	1
2019.416	1
2019.411	1
2019.496	1
2019.496	1
2019.405	1
2019.4	1
2019.545	1
2019.545	1
2019.447	1
2019.488	1
2019.545	1
2019.545	1
2019.488	1
2019.449	1
2019.082	1
2019.082	1
2019.099	1
2019.159	1
2019.159	1
2019.238	1
2019.219	1
2019.219	1
2019.326	1
2019.326	1
2019.101	1
2019.134	1
2019.134	1
2019.101	1
2019.29	1
2019.29	1
2019.227	1
2019.227	1
2019.266	1
2019.266	1
2019.197	1
2019.247	1
2019.247	1
2019.129	1
2019.129	1
2019.173	1
2019.173	1
2019.173	1
2019.005	1
2018.959	1
2019.005	1
2019.14	1
2019.14	1
2019.058	1
2019.211	1
2019.079	1
2019.192	1
2019.197	1
2019.197	1
2019.178	1
2019.137	1
2019.121	1
2019.06	1
2019.058	1
2019.06	1
2019.058	1
2019.003	1
2019.003	1
2019.027	1
2019.112	1
2019.112	1
2019.312	1
2019.312	1
2018.997	1
2018.995	1
2018.995	1
2019.063	1
2019.014	1
2019.011	1
2019.011	1
2019.181	1
2019.175	1
2018.847	1
2019.107	1
2019.107	1
2019.214	1
2019.126	1
2019.195	1
2018.901	1
2018.901	1
2019.173	1
2019.173	1
2019.027	1
2019.137	1
2019.137	1
2019.096	1
2019.096	1
2019.178	1
2019.178	1
2019.195	1
2019.214	1
2019.214	1
2019.189	1
2019.178	1
2019.197	1
2019.277	1
2019.197	1
2019.192	1
2019.06	1
2018.962	1
2018.962	1
2019.005	1
2019.233	1
2019.23	1
2019	1
2019.249	1
2019.115	1
2019.115	1
2018.904	1
2018.942	1
2018.984	1
2019	1
2019.016	1
2018.942	1
2019	1
2018.904	1
2018.937	1
2018.984	1
2018.978	1
2018.945	1
2019.019	1
2019.019	1
2019.019	1
2018.844	1
2018.937	1
2018.984	1
2019.055	1
2019.036	1
2019.044	1
2019.068	1
2019.077	1
2018.945	1
2019.016	1
2019.063	1
2019	1
2019.019	1
2018.844	1
2019.019	1
2018.978	1
2018.937	1
2019.036	1
2019.019	1
2019.055	1
2019.063	1
2019.068	1
2019.077	1
2019.022	1
2019.06	1
2019.082	1
2019.066	1
2019.044	1
2019.022	1
2019.005	1
2019.044	1
2019.03	1
2019.03	1
2019.027	1
2019.058	1
2019.074	1
2019.071	1
2019.082	1
2019.077	1
2018.995	1
2018.986	1
2018.984	1
2018.984	1
2019.071	1
2019.071	1
2019.099	1
2019.093	1
2019.093	1
2019.088	1
2019.096	1
2019.173	1
2019.14	1
2019.093	1
2019.096	1
2019.099	1
2019.195	1
2019.132	1
2019.093	1
2019.151	1
2019.195	1
2019.2	1
2019.088	1
2019.208	1
2019.195	1
2019.208	1
2019.093	1
2019.121	1
2019.208	1
2019.214	1
2019.2	1
2019.258	1
2019.173	1
2019.093	1
2019.118	1
2019.107	1
2019.121	1
2019.17	1
2019.151	1
2019.162	1
2019.2	1
2019.192	1
2019.2	1
2019.318	1
2019.195	1
2019.093	1
2019.214	1
2019.151	1
2019.195	1
2019.195	1
2019.2	1
2019.121	1
2019.2	1
2019.189	1
2019.093	1
2019.096	1
2019.093	1
2019.118	1
2019.101	1
2019.099	1
2019.096	1
2019.104	1
2019.101	1
2019.101	1
2019.255	1
2019.247	1
2019.236	1
2019.238	1
2019.238	1
2019.266	1
2019.227	1
2019.266	1
2019.268	1
2019.252	1
2019.274	1
2019.252	1
2019.247	1
2019.266	1
2019.2	1
2019.318	1
2019.214	1
2019.247	1
2019.271	1
2019.208	1
2019.121	1
2019.11	1
2019.156	1
2019.252	1
2019.096	1
2019.096	1
2019.096	1
2019.096	1
2019.096	1
2019.093	1
2019.09	1
2019.09	1
2019.216	1
2019.115	1
2018.964	1
2019.025	1
2018.964	1
2019.025	1
2018.91	1
2018.91	1
2019.255	1
2019.255	1
2019.227	1
2019.227	1
2019.23	1
2018.984	1
2018.984	1
2019.074	1
2019.477	1
2019.181	1
2019.071	1
2019.162	1
2019.162	1
2019.063	1
2019.145	1
2019.189	1
2019.233	1
2019.082	1
2019.14	1
2019.195	1
2019.192	1
2019.153	1
2019.208	1
2019.005	1
2019.005	1
2019.227	1
2019.227	1
2019.167	1
2019.06	1
2019.06	1
2019.112	1
2019.132	1
2019.132	1
2019.192	1
2019.192	1
2019.255	1
2019.299	1
2019.304	1
2019.288	1
2019.288	1
2019.285	1
2019.285	1
2019.258	1
2019.299	1
2019.31	1
2019.29	1
2019.29	1
2019.2	1
2019.238	1
2019.195	1
2019.159	1
2019.159	1
2019.096	1
2019.178	1
2019.173	1
2019.17	1
2019.099	1
2019.159	1
2019.173	1
2019.153	1
2019.025	1
2019.025	1
2019.227	1
2019.214	1
2019.271	1
2019.214	1
2019.301	1
2019.26	1
2019.17	1
2019.101	1
2019.192	1
2019.162	1
2019.178	1
2019.17	1
2019.118	1
2019.074	1
2019.112	1
2019.181	1
2019.238	1
2019.129	1
2019.129	1
2019.162	1
2019.249	1
2019.249	1
2019.252	1
2019.942	1
2019.929	1
2019.929	1
2019.43	1
2019.43	1
2019.488	1
2019.488	1
2019.362	1
2019.14	1
2019.14	1
2019.142	1
2019.142	1
2019.214	1
2019.214	1
2019.142	1
2019.142	1
2019.077	1
2019.142	1
2019.173	1
2019.11	1
2019.142	1
2019.173	1
2019.277	1
2019.277	1
2019.288	1
2019.288	1
2019.233	1
2019.055	1
2019.093	1
2018.91	1
2018.91	1
2019.085	1
2019.126	1
2019.126	1
2019.134	1
2019.219	1
2019.268	1
2019.274	1
2019.085	1
2019.277	1
2019.277	1
2019.178	1
2018.984	1
2018.984	1
2019.121	1
2019.123	1
2019.085	1
2019.181	1
2019.192	1
2019.192	1
2019.29	1
2019.29	1
2019.134	1
2019.173	1
2019.126	1
2019.121	1
2019.189	1
2019.181	1
2019.233	1
2019.233	1
2019.214	1
2019.23	1
2019.227	1
2019.208	1
2019.233	1
2019.173	1
2019.145	1
2019.233	1
2019.085	1
2019.332	1
2019.332	1
2019.044	1
2018.096	1
2019.093	1
2019.093	1
2018.932	1
2018.932	1
2019.058	1
2019.082	1
2019.112	1
2019.271	1
2019.252	1
2019.247	1
2019.244	1
2019.197	1
2019.123	1
2019.266	1
2019.266	1
2019.189	1
2019.227	1
2018.967	1
2019.11	1
2018.836	1
2018.836	1
2018.989	1
2018.989	1
2018.989	1
2018.989	1
2018.989	1
2018.984	1
2019.082	1
2019.137	1
2019.195	1
2019.085	1
2019.208	1
2019.077	1
2019.058	1
2019.079	1
2019.079	1
2019.058	1
2019.203	1
2019.044	1
2018.981	1
2018.981	1
2018.981	1
2019.118	1
2019.118	1
2019.247	1
2019.247	1
2019.115	1
2019.318	1
2019.318	1
2019.175	1
2019.216	1
2019.063	1
2019.063	1
2019.101	1
2019.101	1
2019.107	1
2019.208	1
2019.17	1
2019.06	1
2019.06	1
2019.132	1
2019.132	1
2019.268	1
2019.315	1
2019.268	1
2019.31	1
2019.31	1
2019.252	1
2019.252	1
2019.315	1
2019.332	1
2019.362	1
2019.362	1
2019.077	1
2019.077	1
2019.063	1
2019.063	1
2019.249	1
2019.197	1
2019.211	1
2018.97	1
2018.97	1
2019.175	1
2019.175	1
2019.107	1
2019.211	1
2019.211	1
2019.236	1
2019.145	1
2019.145	1
2019.178	1
2019.227	1
2019.2	1
2019.164	1
2019.164	1
2019.208	1
2019.247	1
2019.137	1
2019.238	1
2019.348	1
2019.342	1
2019.348	1
2019.342	1
2019.192	1
2019.186	1
2019.241	1
2019.011	1
2019.274	1
2019.274	1
2019.181	1
2019.132	1
2019.132	1
2019.058	1
2019.082	1
2019.074	1
2019.093	1
2019.093	1
2019.134	1
2019.175	1
2019.162	1
2019.151	1
2019.093	1
2019.093	1
2019.175	1
2019.14	1
2019.104	1
2019.159	1
2019.151	1
2019.175	1
2019.17	1
2019.162	1
2019.175	1
2019.17	1
2019.175	1
2019.178	1
2019.247	1
2019.134	1
2019.241	1
2019.175	1
2019.189	1
2019.156	1
2019.099	1
2019.173	1
2019.17	1
2019.134	1
2019.189	1
2019.2	1
2019.195	1
2019.181	1
2019.247	1
2019.159	1
2019.323	1
2019.241	1
2019.14	1
2019.101	1
2019.099	1
2019.112	1
2019.112	1
2019.2	1
2019.219	1
2019.225	1
2019.323	1
2019.23	1
2019.208	1
2019.236	1
2019.227	1
2019.107	1
2019	1
2019.227	1
2019.211	1
2019.211	1
2019.203	1
2019.203	1
2019.134	1
2019.134	1
2019.192	1
2019.153	1
2019.153	1
2019.2	1
2019.104	1
2019.208	1
2019.137	1
2019.156	1
2019.392	1
2019.392	1
2019.216	1
2019.123	1
2019.214	1
2019.216	1
2019.099	1
2019.099	1
2019.137	1
2019.137	1
2019.175	1
2019.192	1
2019.159	1
2019.159	1
2019.162	1
2019.068	1
2019.068	1
2019.099	1
2019.255	1
2019.255	1
2019.079	1
2019.079	1
2018.981	1
2018.981	1
2019.134	1
2019.112	1
2018.877	1
2018.86	1
2019.074	1
2019.126	1
2019.121	1
2019.181	1
2019.134	1
2018.923	1
2018.984	1
2019.134	1
2019.129	1
2019.362	1
2019.373	1
2019.375	1
2019.367	1
2019.367	1
2019.362	1
2019.362	1
2018.929	1
2018.929	1
2019.132	1
2019.17	1
2019.003	1
2019.112	1
2019.175	1
2019.23	1
2019.055	1
2018.929	1
2018.959	1
2018.929	1
2019.115	1
2019.23	1
2019.192	1
2019.132	1
2019.107	1
2019.23	1
2019.134	1
2019.208	1
2018.959	1
2018.69	1
2018.69	1
2018.822	1
2019.123	1
2019.173	1
2019.173	1
2019.044	1
2019.044	1
2019.036	1
2019.066	1
2019.123	1
2019.14	1
2018.145	1
2018.255	1
2018.315	1
2018.315	1
2018.31	1
2018.148	1
2018.23	1
2018.071	1
2018.181	1
2018.077	1
2018.027	1
2018.063	1
2018.238	1
2018.266	1
2018.266	1
2018.241	1
2018.134	1
2018.104	1
2018.203	1
2018.14	1
2018.142	1
2018.003	1
2018.003	1
2018.096	1
2018.271	1
2018	1
2018.277	1
2018.211	1
2018.211	1
2017.951	1
2017.951	1
2018.274	1
2018.249	1
2018.003	1
2017.986	1
2018.063	1
2018.099	1
2018.132	1
2018.145	1
2018.099	1
2018.205	1
2018.189	1
2018.164	1
2018.268	1
2018.14	1
2018.367	1
2018.367	1
2018.096	1
2018.079	1
2018.225	1
2018.219	1
2018.216	1
2018.137	1
2018.06	1
2018.178	1
2018.23	1
2018.156	1
2018.123	1
2018.115	1
2018.115	1
2018.353	1
2018.249	1
2018.093	1
2018.14	1
2018.14	1
2018.153	1
2018.137	1
2018.167	1
2018.178	1
2018.345	1
2018.203	1
2018.255	1
2018.164	1
2018.268	1
2018.268	1
2018.258	1
2018.134	1
2018.17	1
2018.189	1
2018.274	1
2018.216	1
2018.178	1
2018.159	1
2018.151	1
2018.137	1
2018.23	1
2018.359	1
2018.11	1
2018.132	1
2018.236	1
2018.23	1
2018.115	1
2018.233	1
2018.195	1
2018.277	1
2018.263	1
2018.247	1
2018.123	1
2018.238	1
2018.236	1
2018.195	1
2018.222	1
2018.236	1
2018.285	1
2018.285	1
2018.096	1
2018.115	1
2018.025	1
2018.241	1
2018.241	1
2018.09	1
2018.09	1
2018.247	1
2018.216	1
2018.036	1
2018.036	1
2018.233	1
2018.184	1
2018.274	1
2018.222	1
2018.093	1
2018.252	1
2018.088	1
2018.241	1
2018.236	1
2018.104	1
2018.101	1
2018.03	1
2018.027	1
2017.986	1
2018	1
2018.271	1
2018.271	1
2018	1
2018	1
2018.288	1
2018.134	1
2018.241	1
2018.241	1
2018.058	1
2018.26	1
2017.951	1
2017.951	1
2017.951	1
2017.951	1
2018.011	1
2017.904	1
2017.992	1
2018.153	1
2018.186	1
2018.186	1
2018.299	1
2017.951	1
2017.967	1
2018.027	1
2018.019	1
2018.022	1
2018.041	1
2018.074	1
2018.107	1
2017.951	1
2018.293	1
2018.066	1
2018.066	1
2018.241	1
2018.082	1
2018.101	1
2017.951	1
2017.951	1
2018.079	1
2018.26	1
2018.153	1
2018.282	1
2018.233	1
2018.671	1
2018.529	1
2018.43	1
2018	1
2018.118	1
2018.342	1
2018.375	1
2018.156	1
2018.323	1
2018.512	1
2018.512	1
2018.751	1
2020.038	1
2019.923	1
2019.923	1
2019.992	1
2020.027	1
2019.992	1
2020.109	1
2020.109	1
2020.027	1
2020.016	1
2020.016	1
2020.093	1
2020.093	1
2020.093	1
2019.386	1
2019.386	1
2020.016	1
2020.016	1
2020.12	1
2020.057	1
2020.057	1
2021.745	1
2019.638	1
2019.499	1
2020.148	1
2019.605	1
2019.605	1
2019.54	1
2019.871	1
2019.855	1
2019.515	1
2019.863	1
2019.43	1
2019.43	1
2019.326	1
2019.482	1
2019.466	1
2019.447	1
2019.447	1
2019.364	1
2019.274	1
2019.356	1
2019.156	1
2019.252	1
2019.255	1
2019.315	1
2019.573	1
2019.521	1
2019.573	1
2019.764	1
2019.652	1
2019.784	1
2019.784	1
2019.679	1
2019.679	1
2019.688	1
2019.69	1
2019.268	1
2019.342	1
2019.268	1
2019.403	1
2019.403	1
2019.288	1
2019.192	1
2019.192	1
2019.175	1
2019.238	1
2019.227	1
2019.227	1
2019.466	1
2019.132	1
2019.132	1
2019.307	1
2019.06	1
2019.06	1
2019.041	1
2019.271	1
2019.211	1
2019.258	1
2019.153	1
2019.288	1
2019.238	1
2019.236	1
2019.189	1
2019.241	1
2019.099	1
2019.173	1
2019.189	1
2019.101	1
2019.214	1
2019.247	1
2019.216	1
2019.293	1
2019.2	1
2019.173	1
2019.249	1
2019.173	1
2019.192	1
2019.216	1
2019.205	1
2019.214	1
2019.189	1
2019.255	1
2019.2	1
2019.2	1
2019.118	1
2019.279	1
2019.279	1
2019.118	1
2019.118	1
2019.227	1
2019.233	1
2019.192	1
2019.192	1
2019.266	1
2019.266	1
2019.266	1
2019.208	1
2019.192	1
2019.173	1
2019.025	1
2019.874	1
2019.137	1
2019.137	1
2019.068	1
2019.068	1
2019.151	1
2019.005	1
2019.005	1
2021.507	1
2019.222	1
2019.222	1
2019.241	1
2019.241	1
2019.227	1
2019.208	1
2019.211	1
2019.208	1
2019.112	1
2019.104	1
2019.211	1
2019.211	1
2018.986	1
2018.986	1
2018.951	1
2018.951	1
2019.101	1
2019.101	1
2019.192	1
2019.192	1
2018.959	1
2018.959	1
2019	1
2019	1
2018.97	1
2019.022	1
2019.063	1
2019.34	1
2019.34	1
2019.288	1
2019.189	1
2019.247	1
2019.17	1
2019.17	1
2019.216	1
2019.216	1
2019.227	1
2019.227	1
2019.227	1
2019.293	1
2019.296	1
2019.093	1
2019.482	1
2019.477	1
2019.477	1
2018.997	1
2018.997	1
2019.101	1
2019.178	1
2019.241	1
2019.178	1
2019.241	1
2019.208	1
2019.321	1
2019.321	1
2020.003	1
2019.189	1
2019.838	1
2019.4	1
2019.389	1
2019.518	1
2019.162	1
2019.162	1
2019.263	1
2019.263	1
2019.233	1
2019.181	1
2019.2	1
2019.288	1
2019.244	1
2019.2	1
2019.066	1
2019.126	1
2019.126	1
2019.159	1
2019.096	1
2019.142	1
2019.162	1
2019.23	1
2019.153	1
2019.203	1
2019.159	1
2019.195	1
2019.195	1
2019.189	1
2019.189	1
2018.97	1
2018.97	1
2019.2	1
2019.175	1
2019.964	1
2019.885	1
2019.233	1
2018.94	1
2018.94	1
2019.132	1
2019.175	1
2019.132	1
2019.175	1
2019.2	1
2019.288	1
2019.288	1
2019.233	1
2019.151	1
2019.151	1
2019.247	1
2019.252	1
2019.208	1
2019.192	1
2019.123	1
2019.123	1
2019.263	1
2019.263	1
2019.192	1
2019.038	1
2019.112	1
2019.184	1
2019.184	1
2019.236	1
2019.236	1
2019.203	1
2019.247	1
2019.247	1
2019.142	1
2019.266	1
2019.266	1
2019.329	1
2019.329	1
2019.315	1
2019.315	1
2019.241	1
2019.241	1
2019.266	1
2019.085	1
2019.085	1
2019.249	1
2019.249	1
2019.263	1
2019.263	1
2019.104	1
2019.104	1
2019.227	1
2019.153	1
2019.153	1
2018.918	1
2018.956	1
2018.975	1
2018.97	1
2018.981	1
2018.995	1
2018.918	1
2018.956	1
2018.973	1
2019.027	1
2018.97	1
2018.981	1
2019.044	1
2018.975	1
2018.995	1
2019.036	1
2019.036	1
2019.003	1
2019.016	1
2019.066	1
2019.047	1
2019.06	1
2019.06	1
2019.074	1
2019.074	1
2019.049	1
2019.027	1
2019.074	1
2019.022	1
2018.973	1
2019.052	1
2019.082	1
2018.986	1
2019.044	1
2019.047	1
2019.036	1
2019.036	1
2019.058	1
2019.003	1
2019.074	1
2019.074	1
2019.06	1
2019.066	1
2019.06	1
2019.016	1
2019.074	1
2019.022	1
2019.052	1
2019.082	1
2019.049	1
2019.044	1
2019.038	1
2019.027	1
2019.068	1
2019.066	1
2019.074	1
2019.058	1
2019.058	1
2019.044	1
2019.077	1
2018.989	1
2019.093	1
2019.112	1
2019.09	1
2019.112	1
2019.11	1
2019.134	1
2019.112	1
2019.197	1
2019.09	1
2019.129	1
2019.197	1
2019.112	1
2019.11	1
2019.208	1
2019.208	1
2019.148	1
2019.205	1
2019.211	1
2019.227	1
2019.134	1
2019.216	1
2019.181	1
2019.093	1
2019.197	1
2019.227	1
2019.208	1
2019.233	1
2019.129	1
2019.249	1
2019.241	1
2019.268	1
2019.266	1
2019.178	1
2019.096	1
2019.093	1
2019.085	1
2019.085	1
2019.096	1
2019.189	1
2019.173	1
2019.173	1
2019.173	1
2019.17	1
2019.137	1
2019.137	1
2019.121	1
2019.118	1
2019.153	1
2019.153	1
2019.118	1
2019.118	1
2019.099	1
2019.101	1
2019.151	1
2019.099	1
2019.129	1
2019.189	1
2019.189	1
2019.181	1
2019.181	1
2019.189	1
2019.181	1
2019.195	1
2019.181	1
2019.2	1
2019.195	1
2019.175	1
2019.178	1
2019.175	1
2019.268	1
2019.211	1
2019.203	1
2019.227	1
2019.197	1
2019.195	1
2019.216	1
2019.181	1
2019.241	1
2019.296	1
2019.266	1
2019.205	1
2019.296	1
2019.088	1
2019.189	1
2019.189	1
2019.189	1
2019.189	1
2019.099	1
2019.104	1
2019.101	1
2019.101	1
2019.192	1
2019.266	1
2019.214	1
2019.197	1
2019.233	1
2019.255	1
2019.247	1
2019.255	1
2019.2	1
2019.189	1
2019.195	1
2019.216	1
2019.282	1
2019.189	1
2019.195	1
2019.192	1
2019.189	1
2019.186	1
2019.175	1
2019.219	1
2019.23	1
2019.233	1
2019.219	1
2019.214	1
2019.216	1
2019.216	1
2019.211	1
2019.211	1
2019.211	1
2019.268	1
2019.252	1
2019.255	1
2019.247	1
2019.247	1
2019.181	1
2019.247	1
2019.236	1
2019.236	1
2019.195	1
2019.247	1
2019.216	1
2019.211	1
2019.227	1
2019.074	1
2019.17	1
2019.17	1
2019.181	1
2019.181	1
2019.181	1
2019.156	1
2019.156	1
2019.151	1
2019.151	1
2019.192	1
2019.173	1
2018.984	1
2018.984	1
2019.214	1
2019.156	1
2019.145	1
2019.145	1
2019.164	1
2019.164	1
2019.216	1
2019.238	1
2019.227	1
2019.003	1
2019.137	1
2019.137	1
2019.058	1
2019.123	1
2019.192	1
2019.192	1
2019.271	1
2019.271	1
2019.307	1
2019.307	1
2019.263	1
2019.263	1
2019.195	1
2019.23	1
2019.134	1
2019.134	1
2019.285	1
2019.266	1
2019.189	1
2019.181	1
2019.06	1
2019.189	1
2019.208	1
2019.208	1
2019.192	1
2019.266	1
2019.225	1
2019.225	1
2019.236	1
2019.241	1
2019.178	1
2019.214	1
2019.192	1
2019.225	1
2019.208	1
2019.271	1
2019.268	1
2019.085	1
2019.134	1
2019.156	1
2019.156	1
2019.142	1
2019.189	1
2019.178	1
2019.175	1
2019.249	1
2019.241	1
2019.23	1
2019.216	1
2019.211	1
2019.301	1
2019.301	1
2019.249	1
2019.249	1
2019.175	1
2019.195	1
2019.268	1
2019.266	1
2019.236	1
2019.195	1
2019.214	1
2019.044	1
2019.115	1
2019.115	1
2019.093	1
2019.17	1
2019.17	1
2019.192	1
2019.208	1
2019.074	1
2019.151	1
2019.077	1
2019.225	1
2019.29	1
2019.29	1
2019.019	1
2019.019	1
2019.268	1
2019.249	1
2019.2	1
2019.263	1
2019.255	1
2018.918	1
2018.918	1
2019.082	1
2019.082	1
2019.153	1
2019.118	1
2019.195	1
2018.625	1
2019.151	1
2019.219	1
2018.526	1
2018.526	1
2019.373	1
2018.882	1
2018.882	1
2018.263	1
2018.268	1
2018.307	1
2018.222	1
2018.066	1
2018.066	1
2018.255	1
2018.184	1
2018.184	1
2018.318	1
2018.079	1
2018.227	1
2018.211	1
2018.211	1
2018.195	1
2018.195	1
2018.216	1
2018.164	1
2018.093	1
2018.373	1
2018.373	1
2018.085	1
2018.093	1
2018.233	1
2019.307	1
2019.307	1
2019.077	1
2019.077	1
2019.208	1
2018.233	1
2018.268	1
2018.249	1
2018.249	1
2018.129	1
2018.104	1
2018.101	1
2018.2	1
2018.123	1
2018.151	1
2018.123	1
2018.205	1
2018.205	1
2018.14	1
2018.101	1
2018.019	1
2018.216	1
2018.129	1
2018.153	1
2018.178	1
2018.17	1
2018.173	1
2018.249	1
2018.26	1
2018	1
2018.255	1
2018.137	1
2018.142	1
2018.066	1
2018.14	1
2018.241	1
2018.279	1
2018.255	1
2018.227	1
2018.175	1
2018.085	1
2018.085	1
2018.082	1
2018.071	1
2018.027	1
2018.093	1
2018.079	1
2018.871	1
2018.871	1
2018.827	1
2018.836	1
2017.195	1
2017.195	1
2017.411	1
2017.211	1
2017.34	1
2017.197	1
2017.23	1
2017.211	1
2017.197	1
2017.23	1
2017.353	1
2017.367	1
2017.189	1
2017.268	1
2017.268	1
2017.107	1
2016.986	1
2016.986	1
2016.981	1
2016.975	1
2016.973	1
2016.945	1
2016.899	1
2016.899	1
2017.326	1
2017.118	1
2017.063	1
2017.003	1
2017.063	1
2016.975	1
2017.214	1
2016.53	1
2016.53	1
2016.527	1
2016.527	1
2016.53	1
2015.268	1
2015.611	1
2015.611	1
2015.375	1
2015.551	1
2015.307	1
2015.31	1
2015.279	1
2015.425	1
2014.934	1
2014.934	1
2015.312	1
2015.022	1
2014.608	1
2016.158	1
2016.205	1
2016.036	1
2016.074	1
2016.036	1
2016.161	1
2016.153	1
2016.153	1
2016.153	1
2016.301	1
2016.301	1
2016.183	1
2016.183	1
2016.35	1
2016.391	1
2016.276	1
2016.385	1
2016.385	1
2016.374	1
2016.372	1
2016.374	1
2016.238	1
2016.148	1
2016.139	1
2016.148	1
2016.148	1
2016.227	1
2016.306	1
2016.306	1
2016.137	1
2016.142	1
2016.09	1
2016.137	1
2016.183	1
2016.276	1
2016.393	1
2016.393	1
2016.139	1
2016.142	1
2016.139	1
2016.191	1
2016.189	1
2016.473	1
2016.473	1
2016.473	1
2016.352	1
2016.519	1
2016.525	1
2016.467	1
2016.989	1
2016.893	1
2016.893	1
2016.948	1
2016.948	1
2016.798	1
2016.798	1
2016.798	1
2016.798	1
2016.087	1
2016.284	1
2016.107	1
2016.085	1
2016.085	1
2016.131	1
2016.096	1
2016.038	1
2016.131	1
2016.036	1
2016.036	1
2015.893	1
2016.016	1
2016.128	1
2015.748	1
2015.592	1
2015.592	1
2015.342	1
2015.208	1
2015.225	1
2015.781	1
2015.532	1
2015.751	1
2015.751	1
2015.551	1
2015.553	1
2015.537	1
2015.559	1
2015.542	1
2015.57	1
2015.545	1
2015.567	1
2015.542	1
2015.567	1
2015.573	1
2015.66	1
2015.589	1
2015.477	1
2015.521	1
2015.521	1
2015.537	1
2015.534	1
2015.534	1
2015.562	1
2015.573	1
2015.589	1
2015.586	1
2015.567	1
2015.575	1
2015.386	1
2015.422	1
2015.548	1
2015.567	1
2015.452	1
2015.452	1
2015.452	1
2015.452	1
2015.452	1
2015.452	1
2015.567	1
2015.567	1
2015.553	1
2015.553	1
2015.748	1
2015.748	1
2015.581	1
2015.397	1
2015.586	1
2015.608	1
2015.608	1
2015.8	1
2015.8	1
2015.567	1
2015.847	1
2015.847	1
2015.575	1
2015.556	1
2015.764	1
2015.852	1
2015.852	1
2016.008	1
2016.21	1
2016.216	1
2016.158	1
2016.107	1
2016.238	1
2016.191	1
2016.191	1
2016.041	1
2016.063	1
2016.161	1
2016.191	1
2016.199	1
2016.178	1
2016.202	1
2016.15	1
2016.24	1
2016.052	1
2016.052	1
2016.128	1
2016.24	1
2016.169	1
2016.178	1
2016.178	1
2015.805	1
2015.403	1
2015.97	1
2015.97	1
2016.005	1
2016.142	1
2016.112	1
2015.51	1
2016.15	1
2016.131	1
2016.148	1
2016.251	1
2016.295	1
2016.082	1
2016.148	1
2016.183	1
2016.183	1
2016.268	1
2016.224	1
2016.216	1
2016.205	1
2016.189	1
2016.172	1
2016.172	1
2016.189	1
2016.109	1
2016.202	1
2016.148	1
2016.148	1
2016.456	1
2016.798	1
2016.779	1
2016.609	1
2016.877	1
2016.057	1
2016.161	1
2016.123	1
2015.937	1
2016.322	1
2016.317	1
2016.153	1
2016.265	1
2016.251	1
2016.251	1
2016.052	1
2016.331	1
2016.197	1
2016.161	1
2016.238	1
2016.197	1
2016.126	1
2016.24	1
2016.24	1
2016.178	1
2016.306	1
2016.306	1
2016.254	1
2016.175	1
2016.117	1
2016.117	1
2016.238	1
2015.995	1
2016.052	1
2016.15	1
2016.052	1
2016.158	1
2016.21	1
2016.224	1
2016.24	1
2016.202	1
2016.164	1
2016.227	1
2016.191	1
2016.325	1
2016.235	1
2016.216	1
2016.369	1
2016.432	1
2016.432	1
2016.432	1
2016.432	1
2016.287	1
2016.246	1
2016.235	1
2016.123	1
2016.126	1
2016.249	1
2016.183	1
2016.249	1
2016.172	1
2016.131	1
2016.183	1
2016.243	1
2016.235	1
2016.27	1
2016.265	1
2016.265	1
2016.287	1
2016.322	1
2016.333	1
2016.336	1
2016.273	1
2016.246	1
2016.205	1
2016.527	1
2016.295	1
2016.131	1
2016.216	1
2016.265	1
2016.18	1
2016.295	1
2016.295	1
2016.44	1
2016.522	1
2016.59	1
2016.44	1
2016.451	1
2016.448	1
2016.732	1
2016.648	1
2016.749	1
2016.74	1
2016.697	1
2016.76	1
2016.702	1
2016.77	1
2016.779	1
2016.719	1
2016.858	1
2016.798	1
2016.795	1
2016.776	1
2016.53	1
2016.53	1
2016.658	1
2017.038	1
2017.121	1
2017.038	1
2017.274	1
2017.101	1
2016.951	1
2016.929	1
2016.975	1
2016.986	1
2016.945	1
2016.945	1
2016.986	1
2016.992	1
2017.005	1
2017.082	1
2016.664	1
2016.626	1
2016.697	1
2016.773	1
2016.697	1
2016.773	1
2016.801	1
2016.792	1
2016.792	1
2016.757	1
2016.732	1
2016.811	1
2016.811	1
2016.702	1
2016.702	1
2016.708	1
2016.74	1
2016.691	1
2016.686	1
2016.697	1
2016.683	1
2016.675	1
2016.781	1
2016.765	1
2016.68	1
2016.798	1
2016.97	1
2016.689	1
2016.691	1
2016.612	1
2016.495	1
2016.555	1
2016.495	1
2016.495	1
2016.495	1
2016.557	1
2016.527	1
2016.5	1
2016.527	1
2016.762	1
2016.56	1
2016.74	1
2016.751	1
2016.757	1
2016.757	1
2016.738	1
2016.719	1
2016.705	1
2016.82	1
2016.831	1
2016.719	1
2016.811	1
2016.809	1
2016.801	1
2016.724	1
2016.65	1
2016.279	1
2016.276	1
2016.486	1
2016.486	1
2016.626	1
2016.779	1
2016.68	1
2016.779	1
2016.658	1
2016.689	1
2016.582	1
2016.582	1
2016.527	1
2016.631	1
2016.648	1
2016.631	1
2016.754	1
2016.612	1
2016.699	1
2016.566	1
2016.456	1
2016.697	1
2016.615	1
2016.626	1
2016.839	1
2016.82	1
2016.781	1
2017.101	1
2016.948	1
2016.913	1
2017.118	1
2017.085	1
2017.09	1
2017.068	1
2017.068	1
2017.005	1
2017.049	1
2016.986	1
2017.06	1
2017.03	1
2017.027	1
2017.027	1
2017.014	1
2017.014	1
2017.033	1
2017.126	1
2017.115	1
2016.945	1
2016.945	1
2016.986	1
2017.025	1
2016.967	1
2016.964	1
2017.044	1
2017.049	1
2017.068	1
2016.656	1
2016.656	1
2016.631	1
2016.648	1
2016.713	1
2016.675	1
2016.675	1
2016.74	1
2016.803	1
2016.716	1
2016.716	1
2016.82	1
2016.82	1
2016.265	1
2016.265	1
2016.29	1
2016.24	1
2016.202	1
2016.079	1
2016.046	1
2016.063	1
2016.027	1
2016.096	1
2016.158	1
2016.158	1
2016.027	1
2016.164	1
2016.246	1
2016.145	1
2015.901	1
2016.096	1
2015.704	1
2016.027	1
2016.12	1
2016.087	1
2016.664	1
2016.926	1
2017.584	1
2016.855	1
2017.118	1
2016.817	1
2016.134	1
2016.139	1
2016.216	1
2016.257	1
2016.279	1
2016.216	1
2016.262	1
2016.358	1
2016.59	1
2016.689	1
2016.265	1
2016.322	1
2016.287	1
2016.306	1
2016.29	1
2016.377	1
2016.342	1
2016.303	1
2016.295	1
2016.306	1
2016.363	1
2016.32	1
2016.301	1
2016.172	1
2016.336	1
2016.287	1
2016.358	1
2016.243	1
2016.251	1
2016.325	1
2016.309	1
2016.336	1
2016.358	1
2016.268	1
2016.055	1
2016.15	1
2016.014	1
2016.32	1
2016.281	1
2016.251	1
2016.32	1
2016.295	1
2016.27	1
2016.251	1
2016.251	1
2016.32	1
2016.265	1
2016.284	1
2016.306	1
2016.167	1
2016.221	1
2016.221	1
2016.292	1
2016.292	1
2015.918	1
2016.046	1
2016.068	1
2016.052	1
2016.052	1
2016.107	1
2016.096	1
2016.109	1
2016.085	1
2016.085	1
2016.134	1
2016.131	1
2016.115	1
2016.158	1
2016.158	1
2016.107	1
2016.126	1
2016.112	1
2016.142	1
2016.134	1
2016.107	1
2016.096	1
2016.109	1
2016.126	1
2016.145	1
2016.063	1
2016.063	1
2016.123	1
2016.117	1
2016.104	1
2016.134	1
2016.128	1
2016.134	1
2016.12	1
2016.096	1
2016.112	1
2016.128	1
2016.087	1
2016.18	1
2016.172	1
2016.183	1
2016.164	1
2016.205	1
2016.164	1
2016.254	1
2016.224	1
2016.167	1
2016.238	1
2016.262	1
2016.235	1
2016.186	1
2016.183	1
2016.164	1
2016.24	1
2016.32	1
2016.219	1
2016.273	1
2016.301	1
2016.262	1
2016.232	1
2016.164	1
2016.391	1
2016.216	1
2016.096	1
2016.18	1
2016.18	1
2016.257	1
2016.112	1
2016.219	1
2016.314	1
2016.306	1
2016.298	1
2016.172	1
2016.219	1
2016.257	1
2016.339	1
2016.295	1
2016.333	1
2016.314	1
2016.35	1
2016.358	1
2016.35	1
2016.339	1
2016.339	1
2016.727	1
2016.727	1
2016.227	1
2016.216	1
2016.257	1
2016.257	1
2016.314	1
2016.26	1
2016.328	1
2016.314	1
2016.284	1
2016.284	1
2016.339	1
2016.243	1
2016.333	1
2016.257	1
2016.18	1
2016.295	1
2016.358	1
2016.358	1
2016.358	1
2016.396	1
2016.396	1
2016.396	1
2016.287	1
2016.391	1
2016.396	1
2016.396	1
2016.393	1
2016.391	1
2016.393	1
2016.292	1
2016.363	1
2016.178	1
2016.169	1
2016.929	1
2016.975	1
2017.175	1
2017.041	1
2016.973	1
2016.836	1
2016.855	1
2016.175	1
2016.301	1
2016.301	1
2016.167	1
2016.158	1
2016.311	1
2016.131	1
2016.153	1
2016.224	1
2016.281	1
2016.284	1
2016.268	1
2016.186	1
2016.292	1
2016.306	1
2016.107	1
2016.301	1
2016.743	1
2016.757	1
2016.757	1
2016.817	1
2016.746	1
2016.869	1
2016.951	1
2017.29	1
2017.378	1
2016.956	1
2015.904	1
2015.951	1
2015.164	1
2015.014	1
2015.014	1
2014.893	1
2014.907	1
2014.893	1
2014.907	1
2014.896	1
2014.923	1
2014.901	1
2014.934	1
2014.896	1
2015.129	1
2014.964	1
2014.962	1
2015.088	1
2014.773	1
2014.773	1
2014.827	1
2015.129	1
2015.129	1
2015.101	1
2014.981	1
2014.956	1
2015.419	1
2014.953	1
2015.348	1
2014.619	1
2014.638	1
2013.964	1
2013.945	1
2013.945	1
2013.948	1
2013.948	1
2013.948	1
2013.945	1
2013.942	1
2013.942	1
2014.674	1
2014.962	1
2014.956	1
2014.348	1
2014.962	1
2015.022	1
2015.115	1
2015.025	1
2015.107	1
2015.107	1
2014.858	1
2014.915	1
2015.038	1
2015.038	1
2014.978	1
2014.978	1
2014.83	1
2014.841	1
2014.674	1
2014.674	1
2014.589	1
2014.041	1
2014.652	1
2014.868	1
2013.948	1
2014.962	1
2014.962	1
2014.759	1
2014.759	1
2014.789	1
2014.786	1
2014.786	1
2014.789	1
2014.789	1
2014.786	1
2014.589	1
2014.595	1
2014.685	1
2014.649	1
2014.649	1
2014.647	1
2014.8	1
2014.888	1
2014.888	1
2014.649	1
2014.937	1
2014.937	1
2015.858	1
2015.036	1
2015.036	1
2014.879	1
2014.627	1
2014.964	1
2014.321	1
2014.712	1
2014.712	1
2015.685	1
2015.685	1
2014.775	1
2014.775	1
2015.071	1
2014.879	1
2014.537	1
2014.942	1
2014.937	1
2014	1
2014.055	1
2014.203	1
2014.203	1
2014.477	1
2014.888	1
2014.23	1
2014.23	1
2014.23	1
2014.956	1
2014.479	1
2014.589	1
2014.055	1
2014.86	1
2014.433	1
2014.49	1
2014.49	1
2014.49	1
2014.49	1
2014.515	1
2014.436	1
2014.362	1
2014.438	1
2014.795	1
2014.866	1
2014.795	1
2014.866	1
2015.323	1
2014.975	1
2014.962	1
2014.992	1
2015.019	1
2015.033	1
2015.033	1
2015.071	1
2014.91	1
2014.975	1
2014.962	1
2014.921	1
2014.348	1
2014.386	1
2014.438	1
2014.438	1
2014.795	1
2014.795	1
2014.6	1
2014.6	1
2014.386	1
2014.636	1
2014.419	1
2014.595	1
2014.542	1
2014.455	1
2014.685	1
2014.499	1
2014.532	1
2014.477	1
2014.882	1
2013.929	1
2014.082	1
2013.918	1
2014.159	1
2014.153	1
2014.134	1
2014.797	1
2014.592	1
2014.882	1
2014.868	1
2014.885	1
2014.879	1
2014.942	1
2014.942	1
2014.934	1
2014.937	1
2014.868	1
2014.896	1
2014.885	1
2014.874	1
2014.921	1
2014.915	1
2014.896	1
2014.879	1
2014.901	1
2014.896	1
2014.866	1
2014.921	1
2014.915	1
2014.896	1
2014.896	1
2014.836	1
2014.548	1
2014.548	1
2013.929	1
2014.285	1
2014.301	1
2014.279	1
2014.592	1
2017.921	1
2019.384	1
2014.868	1
2014.975	1
2015.011	1
2014.956	1
2015.167	1
2015.208	1
2014.973	1
2014.962	1
2014.899	1
2015.071	1
2015.164	1
2015.164	1
2014.937	1
2014.888	1
2014.888	1
2014.937	1
2015.052	1
2015.052	1
2015.041	1
2014.973	1
2015.052	1
2015.041	1
2015.093	1
2015.86	1
2014.945	1
2014.942	1
2014.945	1
2015.214	1
2015.214	1
2014.956	1
2014.937	1
2014.978	1
2014.964	1
2015.052	1
2015.115	1
2014.956	1
2015.011	1
2015.011	1
2015.137	1
2015.164	1
2015.164	1
2014.94	1
2015.014	1
2015.156	1
2014.953	1
2014.937	1
2014.838	1
2014.822	1
2014.436	1
2014.466	1
2015.742	1
2014.756	1
2014.756	1
2014.819	1
2014.592	1
2014.099	1
2014.099	1
2014.099	1
2014.099	1
2014.86	1
2014.751	1
2014.904	1
2014.868	1
2014.868	1
2014.808	1
2014.863	1
2014.962	1
2014.8	1
2014.819	1
2015.011	1
2015.016	1
2015.019	1
2015.011	1
2014.756	1
2014.707	1
2014.707	1
2014.838	1
2014.984	1
2014.975	1
2014.984	1
2014.956	1
2015.178	1
2015.241	1
2015.011	1
2015.107	1
2015.107	1
2014.726	1
2014.726	1
2014.726	1
2014.726	1
2014.868	1
2015.016	1
2014.882	1
2014.882	1
2014.808	1
2015	1
2014.973	1
2015.562	1
2015.54	1
2015.4	1
2015.573	1
2015.773	1
2015.537	1
2015.597	1
2015.367	1
2015.436	1
2015.332	1
2015.405	1
2015.532	1
2015.351	1
2015.452	1
2015.605	1
2015.405	1
2015.608	1
2015.614	1
2015.551	1
2015.515	1
2015.548	1
2015.51	1
2014.863	1
2014.863	1
2014.803	1
2014.959	1
2015.058	1
2015	1
2015	1
2015.951	1
2015.951	1
2015.973	1
2015.967	1
2015.912	1
2015.879	1
2015.877	1
2015.874	1
2015.893	1
2016.019	1
2015.959	1
2015.885	1
2015.877	1
2015.871	1
2015.874	1
2015.956	1
2016.085	1
2016.074	1
2016.005	1
2016.025	1
2015.921	1
2015.942	1
2014.984	1
2015.033	1
2015.019	1
2015.019	1
2015.016	1
2015.016	1
2015.011	1
2015.03	1
2015.011	1
2011	-1
2012.464	1
2012.978	1
2012.959	1
2013.189	1
2013.192	1
2013.008	1
2013.066	1
2012.885	1
2013.027	1
2012.923	1
2012.929	1
2012.932	1
2012.923	1
2012.902	1
2012.891	1
2012.937	1
2012.962	1
2013.052	1
2013.022	1
2013.038	1
2012.885	1
2012.959	1
2013.022	1
2012.918	1
2013.008	1
2013.041	1
2013.058	1
2013.019	1
2013.06	1
2012.863	1
2013.26	1
2012.989	1
2013.068	1
2013.077	1
2012.806	1
2012.964	1
2012.907	1
2013.556	1
2013.564	1
2013.556	1
2013.564	1
2013.564	1
2013.564	1
2013.008	1
2013.068	1
2012.954	1
2012.918	1
2013.005	1
2013.058	1
2012.932	1
2012.932	1
2012.967	1
2012.954	1
2013.28	1
2013.071	1
2013.022	1
2013.058	1
2012.967	1
2012.932	1
2012.921	1
2012.907	1
2012.907	1
2012.956	1
2012.869	1
2013.025	1
2013.058	1
2013.019	1
2012.967	1
2012.842	1
2012.885	1
2012.937	1
2012.94	1
2012.962	1
2013.038	1
2012.967	1
2012.992	1
2012.97	1
2013.005	1
2013.005	1
2012.929	1
2012.91	1
2012.91	1
2012.907	1
2012.896	1
2012.896	1
2012.863	1
2012.992	1
2013.011	1
2013.011	1
2013.03	1
2013.019	1
2012.945	1
2012.954	1
2012.962	1
2012.959	1
2012.956	1
2012.964	1
2012.989	1
2013.036	1
2012.948	1
2013.011	1
2012.902	1
2012.76	1
2012.76	1
2012.429	1
2012.615	1
2012.596	1
2012.76	1
2012.634	1
2012.582	1
2013	1
2013.016	1
2013.041	1
2012.995	1
2013.041	1
2013.047	1
2012.967	1
2013.044	1
2013.027	1
2012.921	1
2013.047	1
2012.973	1
2012.885	1
2012.885	1
2013.008	1
2013.022	1
2013.003	1
2013.058	1
2013.126	1
2013.123	1
2013.099	1
2013.126	1
2013.126	1
2013.123	1
2013.099	1
2013.099	1
2013.099	1
2013.099	1
2012.948	1
2012.956	1
2013.011	1
2013.019	1
2012.978	1
2012.992	1
2013.027	1
2012.962	1
2012.921	1
2013.008	1
2012.945	1
2013.175	1
2013.025	1
2013.016	1
2013.025	1
2013.041	1
2013.038	1
2013.033	1
2012.88	1
2013.096	1
2013.099	1
2013.014	1
2013.022	1
2013.079	1
2012.973	1
2013.005	1
2013.545	1
2013.458	1
2013.455	1
2013.455	1
2013.455	1
2013.674	1
2012.896	1
2013.118	1
2013.534	1
2012.945	1
2012.88	1
2012.992	1
2012.995	1
2012.962	1
2012.902	1
2012.85	1
2012.825	1
2012.962	1
2012.962	1
2012.962	1
2012.964	1
2012.962	1
2013.655	1
2013.386	1
2013.06	1
2012.962	1
2013.019	1
2013.096	1
2013.079	1
2012.997	1
2013.074	1
2013.038	1
2013.036	1
2013.518	1
2013.518	1
2013.063	1
2013.063	1
2013.063	1
2013.058	1
2013.052	1
2013.156	1
2013.052	1
2013.658	1
2013.085	1
2012.995	1
2013.06	1
2013.06	1
2013.027	1
2013.022	1
2013	1
2013.06	1
2013.058	1
2012.913	1
2013.06	1
2013.06	1
2013.058	1
2013.058	1
2013.058	1
2013.463	1
2013.942	1
2013.208	1
2013.304	1
2013.879	1
2013.019	1
2013.584	1
2013.627	1
2012.973	1
2013.074	1
2014	1
2014.093	1
2014.016	1
2013.548	1
2013.789	1
2013.463	1
2013.868	1
2013.847	1
2013.784	1
2013.101	1
2013.773	1
2013.088	1
2013.167	1
2013.134	1
2013.104	1
2013.236	1
2013.345	1
2013.345	1
2013.485	1
2013.545	1
2013.726	1
2013.422	1
2014.137	1
2014.129	1
2014.016	1
2014.115	1
2013.962	1
2013.142	1
2013.142	1
2013.112	1
2013.658	1
2014.022	1
2013.359	1
2013.734	1
2013.781	1
2013.162	1
2013.764	1
2013.554	1
2013.534	1
2013.937	1
2014.115	1
2013.937	1
2013.554	1
2013.532	1
2013.562	1
2013.537	1
2013.534	1
2013.559	1
2013.54	1
2013.523	1
2013.518	1
2014.504	1
2013.833	1
2014.69	1
2014.69	1
2013.751	1
2013.825	1
2014.058	1
2014.003	1
2014.115	1
2014.118	1
2014.071	1
2013.688	1
2014.079	1
2014.079	1
2014	1
2014.096	1
2014.129	1
2014.186	1
2014.167	1
2013.778	1
2014.326	1
2013.543	1
2013.521	1
2013.466	1
2014.691	1
2014.247	1
2015.896	1
2014.992	1
2014.06	1
2014.37	1
2014.37	1
2014.37	1
2014.099	1
2014.099	1
2014.321	1
2014.321	1
2014.137	1
2014.137	1
2014.137	1
2013.992	1
2013.992	1
2014.222	1
2014.222	1
2014.258	1
2014.258	1
2014.285	1
2014.285	1
2013.986	1
2014.279	1
2014.178	1
2014.252	1
2014.518	1
2014.455	1
2014.153	1
2014.153	1
2014.153	1
2014.205	1
2014.518	1
2014.633	1
2014.808	1
2014.808	1
2015.299	1
2014.647	1
2014.636	1
2014.263	1
2015.115	1
2015.115	1
2015.26	1
2015.066	1
2015.334	1
2016.011	1
2014.984	1
2015.216	1
2014.901	1
2014.693	1
2014.715	1
2014.792	1
2014.792	1
2014.792	1
2014.786	1
2015.414	1
2016.068	1
2016.057	1
2014.784	1
2014.762	1
2014.953	1
2015.033	1
2015.09	1
2015.058	1
2015.058	1
2015.011	1
2014.814	1
2014.814	1
2015.192	1
2015.384	1
2014.537	1
2014.107	1
2014.107	1
2014.403	1
2014.595	1
2014.647	1
2014.647	1
2014.326	1
2014	1
2014	1
2014.153	1
2014.416	1
2014.655	1
2014.756	1
2014.808	1
2014.808	1
2015.137	1
2015.425	1
2014.03	1
2014.332	1
2014.54	1
2014.504	1
2014.8	1
2014.8	1
2014.189	1
2014.189	1
2015.203	1
2014.485	1
2015.132	1
2015.244	1
2015.11	1
2014.537	1
2014.923	1
2015.288	1
2015.214	1
2015.378	1
2015.384	1
2014.647	1
2015.233	1
2014.386	1
2014.403	1
2014.885	1
2014.542	1
2014.329	1
2014.696	1
2014.827	1
2014.827	1
2014.364	1
2015.189	1
2014.068	1
2014.178	1
2014.416	1
2014.304	1
2014.866	1
2014.841	1
2015.038	1
2015.038	1
2015.09	1
2015.09	1
2015.603	1
2015.603	1
2015.603	1
2016.008	1
2016.082	1
2016.03	1
2016.049	1
2016.049	1
2016.041	1
2015.992	1
2015.992	1
2016.019	1
2016.019	1
2016.189	1
2016.189	1
2015.995	1
2016.027	1
2016.027	1
2016.071	1
2016.546	1
2016.549	1
2016.828	1
2016.219	1
2016.219	1
2016.202	1
2016.268	1
2016.205	1
2016.164	1
2016.131	1
2016.238	1
2016.238	1
2015.981	1
2015.995	1
2016.087	1
2016.123	1
2016.109	1
2016.126	1
2016.068	1
2016.082	1
2015.877	1
2015.94	1
2015.932	1
2016.09	1
2016.112	1
2016.019	1
2016.03	1
2016.123	1
2016.079	1
2015.934	1
2016.027	1
2016.071	1
2015.984	1
2015.918	1
2016.169	1
2016.15	1
2016.052	1
2016.18	1
2016.197	1
2016.134	1
2016.183	1
2016.057	1
2016.082	1
2016.082	1
2016.071	1
2016.052	1
2016.071	1
2016.087	1
2016.18	1
2016.18	1
2016.18	1
2016.189	1
2016.189	1
2016.175	1
2016.142	1
2016.492	1
2016.492	1
2016.617	1
2016.456	1
2016.464	1
2016.631	1
2016.585	1
2016.464	1
2016.451	1
2016.451	1
2016.757	1
2016.85	1
2016.907	1
2016.508	1
2016.508	1
2016.549	1
2016.549	1
2016.719	1
2016.803	1
2016.705	1
2016.631	1
2016.074	1
2016.104	1
2016.074	1
2016.153	1
2016.26	1
2016.199	1
2016.216	1
2016.066	1
2016.044	1
2016.101	1
2016.044	1
2016.145	1
2016.142	1
2016.077	1
2016.06	1
2016.03	1
2016.085	1
2016.087	1
2016.101	1
2016.158	1
2016.175	1
2016.164	1
2016.175	1
2016.221	1
2016.175	1
2016.033	1
2016.216	1
2016.309	1
2016.265	1
2016.052	1
2016.432	1
2016.443	1
2016.557	1
2016.546	1
2016.432	1
2016.751	1
2016.814	1
2016.937	1
2016.932	1
2016.945	1
2016.945	1
2016.872	1
2016.891	1
2016.872	1
2016.891	1
2017.093	1
2016.943	1
2016.891	1
2016.883	1
2016.801	1
2016.716	1
2016.746	1
2016.587	1
2016.803	1
2016.803	1
2016.702	1
2016.702	1
2016.82	1
2016.82	1
2016.732	1
2016.689	1
2016.601	1
2016.626	1
2016.68	1
2016.639	1
2016.631	1
2016.705	1
2016.689	1
2016.716	1
2016.716	1
2016.678	1
2016.645	1
2016.68	1
2016.724	1
2016.708	1
2016.683	1
2016.735	1
2016.724	1
2016.678	1
2016.68	1
2016.68	1
2016.735	1
2016.724	1
2016.817	1
2016.814	1
2016.82	1
2016.74	1
2016.735	1
2016.773	1
2016.792	1
2016.842	1
2016.836	1
2016.708	1
2016.836	1
2016.68	1
2016.705	1
2016.765	1
2016.765	1
2016.664	1
2016.664	1
2016.667	1
2016.664	1
2016.68	1
2016.656	1
2016.656	1
2016.667	1
2016.68	1
2016.831	1
2016.831	1
2016.702	1
2016.702	1
2016.68	1
2016.814	1
2016.751	1
2016.751	1
2016.738	1
2016.738	1
2016.623	1
2016.708	1
2016.664	1
2016.664	1
2016.686	1
2016.686	1
2016.454	1
2016.536	1
2016.533	1
2016.861	1
2016.574	1
2016.429	1
2016.21	1
2016.301	1
2016.377	1
2016.377	1
2016.249	1
2016.281	1
2016.276	1
2016.21	1
2016.243	1
2016.21	1
2016.216	1
2016.216	1
2016.21	1
2016.363	1
2016.221	1
2016.246	1
2016.41	1
2016.109	1
2016.227	1
2016.227	1
2016.079	1
2016.038	1
2016.055	1
2016.085	1
2016.107	1
2016.085	1
2015.992	1
2015.868	1
2016.079	1
2016.167	1
2015.989	1
2016.03	1
2016.038	1
2016.131	1
2016.161	1
2016.153	1
2016.137	1
2016.145	1
2015.819	1
2015.589	1
2015.822	1
2016.38	1
2016.303	1
2015.808	1
2015.86	1
2015.836	1
2015.836	1
2015.86	1
2016.612	1
2016.612	1
2015.674	1
2015.877	1
2015.759	1
2015.756	1
2016.068	1
2016.068	1
2015.879	1
2015.375	1
2015.63	1
2015.532	1
2015.551	1
2015.773	1
2015.605	1
2015.605	1
2015.608	1
2015.551	1
2015.375	1
2015.532	1
2015.677	1
2016.131	1
2016.158	1
2015.575	1
2016.178	1
2016.178	1
2015.811	1
2015.811	1
2015.8	1
2015.8	1
2015.745	1
2015.833	1
2015.833	1
2015.858	1
2015.907	1
2016.238	1
2016.505	1
2016.702	1
2017.427	1
2015.096	1
2015.096	1
2015.058	1
2015.058	1
2015.493	1
2015.493	1
2015.666	1
2015.666	1
2015.666	1
2015.666	1
2015.666	1
2015.663	1
2015.666	1
2015.666	1
2015.666	1
2015.671	1
2015.671	1
2015.671	1
2015.671	1
2015.671	1
2015.666	1
2015.663	1
2015.545	1
2015.636	1
2015.816	1
2015.816	1
2014.795	1
2014.795	1
2014.91	1
2014.91	1
2015.016	1
2015.016	1
2014.8	1
2015.049	1
2015.038	1
2015.197	1
2015.496	1
2015.559	1
2015.512	1
2015.545	1
2015.564	1
2015.499	1
2015.501	1
2015.74	1
2015.742	1
2015.803	1
2015.564	1
2014.8	1
2015.197	1
2015.545	1
2015.512	1
2015.564	1
2015.559	1
2015.496	1
2015.534	1
2014.934	1
2015.025	1
2015.052	1
2015.052	1
2014.934	1
2015.014	1
2015.014	1
2015.74	1
2015.729	1
2015.688	1
2015.688	1
2015.682	1
2015.584	1
2015.556	1
2015.584	1
2015.54	1
2015.756	1
2015.756	1
2015.682	1
2015.69	1
2015.69	1
2015.69	1
2015.096	1
2015.096	1
2015.455	1
2015.455	1
2014.723	1
2014.945	1
2014.945	1
2014.937	1
2014.937	1
2015.038	1
2015.343	1
2016.15	1
2016.142	1
2016.891	1
2015.762	1
2015.74	1
2015.652	1
2015.899	1
2015.745	1
2015.016	1
2014.975	1
2015.071	1
2015.707	1
2015.819	1
2015.707	1
2015.707	1
2016.694	1
2016.828	1
2016.995	1
2016.787	1
2016.842	1
2016.773	1
2016.82	1
2016.833	1
2016.833	1
2016.833	1
2016.77	1
2016.77	1
2016.451	1
2016.762	1
2016.842	1
2016.85	1
2016.852	1
2016.776	1
2016.571	1
2016.76	1
2016.762	1
2016.642	1
2016.833	1
2016.869	1
2016.852	1
2016.869	1
2016.814	1
2016.71	1
2016.73	1
2016.73	1
2016.822	1
2016.833	1
2016.869	1
2016.842	1
2016.842	1
2016.836	1
2016.831	1
2016.82	1
2016.836	1
2016.831	1
2016.82	1
2017.071	1
2017.271	1
2017.271	1
2017.247	1
2017.247	1
2017.079	1
2017.027	1
2017.082	1
2017.112	1
2017.044	1
2016.825	1
2017.827	1
2017.753	1
2017.753	1
2017.808	1
2017.808	1
2017.022	1
2017.022	1
2016.915	1
2017.175	1
2018.614	1
2018.715	1
2018.805	1
2018.805	1
2019.121	1
2018.986	1
2018.901	1
2018.901	1
2019.101	1
2019.789	1
2019.89	1
2019.63	1
2019.326	1
2019.285	1
2018.721	1
2018.721	1
2019.107	1
2019.112	1
2019.156	1
2019.17	1
2019.17	1
2019.17	1
2018.932	1
2019.482	1
2019.482	1
2019.197	1
2019.022	1
2019.121	1
2019.121	1
2019.022	1
2019.093	1
2019.093	1
2019.096	1
2019.159	1
2019.195	1
2019.208	1
2019.082	1
2019.082	1
2019.082	1
2018.986	1
2019.134	1
2019.123	1
2019.025	1
2019.099	1
2019.167	1
2018.866	1
2018.866	1
2019.17	1
2019.112	1
2019.118	1
2018.682	1
2018.682	1
2018.893	1
2018.893	1
2018.767	1
2018.767	1
2019.225	1
2019.11	1
2019.099	1
2019.107	1
2019.099	1
2019.701	1
2019.066	1
2019.055	1
2019.055	1
2019.079	1
2018.986	1
2018.986	1
2019.041	1
2018.71	1
2018.773	1
2018.71	1
2018.658	1
2018.658	1
2018.868	1
2018.751	1
2018.748	1
2018.748	1
2018.748	1
2018.926	1
2018	1
2018.732	1
2018.833	1
2019.134	1
2019.584	1
2018.584	1
2018.797	1
2018.797	1
2019.227	1
2018.753	1
2018.74	1
2018.255	1
2018.255	1
2017.468	1
2018.019	1
2017.753	1
2018.038	1
2018.142	1
2018.074	1
2018.132	1
2017.814	1
2017.803	1
2017.814	1
2018.195	1
2018.195	1
2018.195	1
2018.564	1
2017.592	1
2017.564	1
2017.603	1
2017.603	1
2017.6	1
2017.605	1
2017.904	1
2018.121	1
2018.033	1
2018.008	1
2017.762	1
2018.027	1
2017.967	1
2017.984	1
2017.986	1
2017.992	1
2017.964	1
2017.874	1
2017.951	1
2017.926	1
2017.548	1
2018.044	1
2018.041	1
2017.871	1
2017.871	1
2017.923	1
2017.693	1
2019.055	1
2019.055	1
2019.636	1
2018.838	1
2018.838	1
2018.838	1
2018.838	1
2018.984	1
2019.074	1
2019.074	1
2019.162	1
2018.907	1
2019.208	1
2019.208	1
2019.227	1
2019.101	1
2019.101	1
2018.992	1
2018.992	1
2018.989	1
2018.989	1
2018.986	1
2018.986	1
2018.97	1
2018.986	1
2018.984	1
2019.055	1
2019.055	1
2018.986	1
2019.003	1
2018.411	1
2018.507	1
2018.521	1
2018.507	1
2018.521	1
2019.074	1
2019.003	1
2019.003	1
2018.375	1
2018.411	1
2018.408	1
2018.915	1
2018.942	1
2019.142	1
2018.449	1
2018.37	1
2018.37	1
2018.408	1
2018.408	1
2018.408	1
2018.986	1
2018.948	1
2018.948	1
2019.022	1
2019.022	1
2017.852	1
2018.269	1
2018.386	1
2018.068	1
2018.085	1
2018.121	1
2018.079	1
2017.877	1
2017.967	1
2017.682	1
2017.655	1
2017.616	1
2017.644	1
2017.644	1
2017.8	1
2017.8	1
2017.666	1
2017.83	1
2017.816	1
2017.616	1
2017.682	1
2017.671	1
2017.625	1
2017.578	1
2017.548	1
2017.616	1
2017.551	1
2017.523	1
2017.542	1
2017.542	1
2017.562	1
2017.597	1
2017.575	1
2017.559	1
2017.573	1
2017.573	1
2017.63	1
2017.622	1
2017.66	1
2017.589	1
2017.866	1
2017.866	1
2017.532	1
2017.521	1
2017.521	1
2017.477	1
2017.545	1
2017.532	1
2017.537	1
2017.496	1
2017.521	1
2017.532	1
2017.605	1
2017.625	1
2017.633	1
2017.655	1
2017.68	1
2017.605	1
2017.803	1
2017.466	1
2017.597	1
2017.636	1
2017.649	1
2017.551	1
2017.63	1
2017.677	1
2017.66	1
2017.658	1
2017.658	1
2017.485	1
2017.46	1
2017.447	1
2017.592	1
2017.57	1
2017.71	1
2017.679	1
2017.674	1
2017.668	1
2017.658	1
2017.644	1
2017.679	1
2017.647	1
2017.638	1
2017.679	1
2017.816	1
2017.636	1
2017.627	1
2017.685	1
2017.619	1
2017.934	1
2017.934	1
2017.682	1
2017.723	1
2017.723	1
2017.693	1
2017.967	1
2018.044	1
2018.118	1
2018.066	1
2018.079	1
2018.112	1
2017.882	1
2017.888	1
2017.888	1
2018.121	1
2018.121	1
2017.767	1
2017.942	1
2018.019	1
2017.83	1
2017.66	1
2018	1
2018.09	1
2018.09	1
2018.036	1
2018.036	1
2018.005	1
2018.016	1
2017.718	1
2017.718	1
2018.104	1
2018.104	1
2017.973	1
2017.356	1
2017.334	1
2017.764	1
2017.942	1
2017.942	1
2017.964	1
2017.964	1
2018.003	1
2017.962	1
2017.962	1
2018.068	1
2017.729	1
2017.729	1
2017.956	1
2018.926	1
2018.926	1
2020.09	1
2018.033	1
2017.54	1
2017.866	1
2018.041	1
2018.041	1
2018.173	1
2017.951	1
2017.975	1
2017.625	1
2017.375	1
2017.66	1
2017.51	1
2017.66	1
2017.805	1
2017.885	1
2017.874	1
2018.011	1
2017.833	1
2017.627	1
2017.836	1
2017.751	1
2017.562	1
2017.718	1
2018.06	1
2018.016	1
2017.885	1
2017.907	1
2017.923	1
2017.923	1
2017.907	1
2017.962	1
2017.904	1
2017.66	1
2017.66	1
2017.671	1
2017.671	1
2017.989	1
2017.466	1
2018.06	1
2018.038	1
2018.019	1
2017.674	1
2017.411	1
2017.814	1
2017.433	1
2017.353	1
2017.353	1
2017.614	1
2017.532	1
2017.532	1
2017.668	1
2017.74	1
2017.712	1
2017.732	1
2018.085	1
2018.079	1
2017.77	1
2017.811	1
2017.811	1
2017.619	1
2017.795	1
2017.795	1
2018.066	1
2017.723	1
2017.989	1
2017.63	1
2017.545	1
2017.068	1
2016.918	1
2017.074	1
2017.121	1
2017.175	1
2017.132	1
2017.025	1
2017.025	1
2017.047	1
2017.751	1
2017.751	1
2017.107	1
2017.726	1
2017.808	1
2017.142	1
2017.142	1
2017.184	1
2017.164	1
2016.97	1
2017.107	1
2016.978	1
2016.978	1
2016.989	1
2016.907	1
2016.893	1
2016.874	1
2016.874	1
2016.899	1
2016.91	1
2016.872	1
2016.945	1
2016.945	1
2016.899	1
2016.992	1
2016.973	1
2017.066	1
2017.06	1
2017.044	1
2016.926	1
2017.03	1
2017.027	1
2017.156	1
2017.025	1
2016.986	1
2017.57	1
2016.945	1
2016.929	1
2016.899	1
2017.038	1
2016.967	1
2016.986	1
2016.986	1
2017.025	1
2016.945	1
2016.945	1
2016.995	1
2017.882	1
2017.734	1
2017.729	1
2017.734	1
2017.729	1
2017.879	1
2018.833	1
2018.833	1
2019.082	1
2019.216	1
2019.173	1
2018.962	1
2018.912	1
2018.962	1
2019.027	1
2019.027	1
2018.753	1
2018.984	1
2018.833	1
2018.852	1
2018.89	1
2019.115	1
2019.184	1
2018.866	1
2019.016	1
2018.833	1
2017.808	1
2018.847	1
2018.847	1
2017.805	1
2017.833	1
2017.77	1
2017.77	1
2017.805	1
2017.8	1
2017.8	1
2017.693	1
2017.836	1
2017.778	1
2017.759	1
2017.792	1
2017.778	1
2017.77	1
2017.756	1
2017.041	1
2016.88	1
2017.068	1
2016.932	1
2017.121	1
2017.121	1
2017.096	1
2016.989	1
2016.915	1
2016.937	1
2016.975	1
2016.975	1
2017.079	1
2017.079	1
2017.088	1
2016.956	1
2017.079	1
2017.444	1
2017.142	1
2017.142	1
2016.964	1
2016.964	1
2016.926	1
2017.09	1
2016.915	1
2016.943	1
2016.954	1
2016.926	1
2017.019	1
2016.932	1
2016.932	1
2017.156	1
2017.088	1
2016.921	1
2016.945	1
2016.97	1
2016.964	1
2016.945	1
2016.94	1
2016.986	1
2017.115	1
2017.236	1
2017.008	1
2017.101	1
2017.09	1
2017.107	1
2016.921	1
2017.375	1
2017.334	1
2017.329	1
2017.107	1
2017.049	1
2016.932	1
2017.126	1
2017.085	1
2016.973	1
2016.945	1
2017.134	1
2017.156	1
2017.014	1
2016.97	1
2017.044	1
2017.06	1
2017.099	1
2017.099	1
2017.099	1
2017.162	1
2017.184	1
2016.937	1
2016.932	1
2017.041	1
2017.027	1
2017.027	1
2017.104	1
2017.104	1
2016.954	1
2016.945	1
2017.123	1
2017.123	1
2016.959	1
2016.975	1
2016.984	1
2016.984	1
2017.027	1
2017.082	1
2017.759	1
2017.153	1
2017.219	1
2017.219	1
2016.975	1
2017.203	1
2017.142	1
2017.142	1
2017.452	1
2017.962	1
2017.088	1
2017.578	1
2017.644	1
2017.611	1
2017.611	1
2017.562	1
2017.562	1
2017.658	1
2017.49	1
2017.49	1
2017.51	1
2017.504	1
2017.49	1
2017.562	1
2017.49	1
2017.655	1
2017.616	1
2017.521	1
2017.616	1
2017.008	1
2017.529	1
2017.529	1
2017.526	1
2017.526	1
2017.408	1
2017.312	1
2017.312	1
2017.236	1
2017.501	1
2017.526	1
2017.482	1
2017.542	1
2017.482	1
2016.967	1
2016.975	1
2016.951	1
2017.008	1
2017.008	1
2017.008	1
2016.995	1
2017.027	1
2016.954	1
2016.932	1
2017.255	1
2017.578	1
2017.137	1
2017.137	1
2017.137	1
2017.088	1
2017.085	1
2017.06	1
2017.088	1
2017.049	1
2017.049	1
2017.005	1
2017.025	1
2017.025	1
2017.041	1
2017.041	1
2017.099	1
2017.082	1
2017.101	1
2017.049	1
2017.03	1
2017.03	1
2016.981	1
2016.967	1
2017.005	1
2017.066	1
2016.948	1
2016.907	1
2017.126	1
2017.112	1
2017.118	1
2017.118	1
2017.11	1
2016.929	1
2016.929	1
2017.142	1
2016.902	1
2016.995	1
2016.962	1
2017.088	1
2017.082	1
2016.915	1
2016.899	1
2016.858	1
2016.995	1
2016.945	1
2017.03	1
2016.907	1
2016.03	1
2016.915	1
2016.719	1
2016.74	1
2016.855	1
2016.855	1
2016.861	1
2016.918	1
2016.918	1
2016.945	1
2017.036	1
2017.055	1
2016.995	1
2017.052	1
2016.929	1
2017.038	1
2017.044	1
2017.104	1
2017.112	1
2017.112	1
2017.09	1
2017.156	1
2016.951	1
2017.164	1
2017.071	1
2016.964	1
2016.877	1
2016.97	1
2017.101	1
2017.101	1
2017.301	1
2017.003	1
2016.984	1
2017.019	1
2016.984	1
2016.995	1
2017.222	1
2017.123	1
2017.101	1
2017.126	1
2017.2	1
2017.027	1
2016.995	1
2016.954	1
2016.989	1
2017.068	1
2016.989	1
2017.151	1
2017.153	1
2017.216	1
2017.279	1
2017.06	1
2017.129	1
2016.97	1
2017.132	1
2017.068	1
2017.005	1
2016.997	1
2016.932	1
2017.23	1
2017.099	1
2017.099	1
2017.167	1
2016.874	1
2016.902	1
2016.943	1
2016.948	1
2016.954	1
2016.995	1
2017.025	1
2017.047	1
2016.874	1
2016.948	1
2016.995	1
2016.954	1
2016.926	1
2016.902	1
2016.902	1
2017.068	1
2017.126	1
2017.145	1
2017.145	1
2016.943	1
2017.17	1
2017.186	1
2017.186	1
2017.282	1
2017.101	1
2017.11	1
2017.079	1
2017.071	1
2017.011	1
2017.082	1
2016.989	1
2016.997	1
2017.082	1
2016.964	1
2016.954	1
2016.981	1
2017.099	1
2017.104	1
2017.027	1
2017.025	1
2017.025	1
2016.995	1
2016.978	1
2016.967	1
2016.978	1
2017.197	1
2017.532	1
2017.622	1
2017.622	1
2017.622	1
2017.616	1
2017.537	1
2017.616	1
2017.532	1
2017.567	1
2017.537	1
2017.537	1
2017.551	1
2017.537	1
2017.518	1
2017.518	1
2017.482	1
2017.482	1
2017.586	1
2017.638	1
2017.466	1
2017.466	1
2017.573	1
2016.964	1
2017.066	1
2017.118	1
2016.932	1
2017.038	1
2016.923	1
2017.044	1
2017.137	1
2017.088	1
2017.142	1
2017.14	1
2017.145	1
2017.142	1
2017.14	1
2017.142	1
2017.293	1
2017.088	1
2017.085	1
2017.008	1
2016.989	1
2016.989	1
2016.989	1
2016.989	1
2017.134	1
2017.156	1
2017.101	1
2017.101	1
2017.11	1
2016.989	1
2017.047	1
2017.025	1
2016.992	1
2017.266	1
2017.181	1
2017.104	1
2017.123	1
2017.107	1
2017.101	1
2016.915	1
2016.973	1
2017.071	1
2017.06	1
2017.118	1
2017.112	1
2017.079	1
2017.096	1
2017.085	1
2017.085	1
2017.077	1
2016.907	1
2017.082	1
2016.978	1
2016.97	1
2016.902	1
2017.145	1
2017.047	1
2017.044	1
2016.926	1
2016.934	1
2016.926	1
2016.926	1
2016.926	1
2017.329	1
2016.937	1
2017.008	1
2016.932	1
2017.159	1
2017.038	1
2016.918	1
2017.011	1
2017.036	1
2017.011	1
2017.019	1
2016.962	1
2017.085	1
2016.973	1
2016.948	1
2016.94	1
2017.044	1
2017.101	1
2017.088	1
2017.101	1
2017.085	1
2017.016	1
2017.016	1
2017.501	1
2017.627	1
2016.926	1
2016.943	1
2016.995	1
2016.973	1
2016.954	1
2016.975	1
2016.852	1
2016.954	1
2016.954	1
2017.022	1
2017.263	1
2017.214	1
2017.049	1
2017.219	1
2017.164	1
2017.164	1
2016.861	1
2016.893	1
2016.915	1
2017.03	1
2017.055	1
2017.055	1
2017.027	1
2016.97	1
2016.964	1
2016.964	1
2016.986	1
2017.118	1
2017.118	1
2016.964	1
2017.008	1
2017.008	1
2017.025	1
2017.025	1
2017.011	1
2016.926	1
2016.872	1
2016.945	1
2016.945	1
2016.79	1
2016.888	1
2016.888	1
2016.71	1
2016.71	1
2016.74	1
2016.74	1
2016.844	1
2016.82	1
2016.82	1
2016.74	1
2016.746	1
2016.746	1
2016.762	1
2016.858	1
2017.005	1
2017.159	1
2017.008	1
2017.008	1
2017.052	1
2016.918	1
2016.874	1
2016.893	1
2017.03	1
2017.088	1
2017.079	1
2016.948	1
2016.951	1
2016.948	1
2017.005	1
2017.005	1
2016.989	1
2017.052	1
2016.995	1
2016.951	1
2017.014	1
2017.005	1
2017.099	1
2018.008	1
2017.485	1
2017.485	1
2017.668	1
2017.668	1
2017.573	1
2017.66	1
2017.595	1
2017.595	1
2017.452	1
2017.452	1
2017.641	1
2017.658	1
2017.674	1
2017.762	1
2017.762	1
2018.304	1
2017.792	1
2016.989	1
2017.148	1
2017.134	1
2017.079	1
2017.082	1
2017.033	1
2018.384	1
2018.405	1
2018.405	1
2018.055	1
2018.044	1
2018.049	1
2017.636	1
2017.562	1
2017.616	1
2017.616	1
2017.767	1
2017.712	1
2017.767	1
2017.844	1
2017.868	1
2017.775	1
2017.775	1
2017.633	1
2017.641	1
2017.696	1
2017.879	1
2017.912	1
2017.121	1
2016.995	1
2016.978	1
2017.71	1
2017.715	1
2018.038	1
2018.011	1
2018.17	1
2018.148	1
2018.019	1
2017.466	1
2017.126	1
2017.041	1
2017.005	1
2017.005	1
2017.06	1
2017.058	1
2017.118	1
2017.099	1
2017.082	1
2017.2	1
2017.181	1
2017.29	1
2017.137	1
2016.989	1
2017.192	1
2017.192	1
2017.175	1
2017.14	1
2017.156	1
2017.14	1
2017.137	1
2017.104	1
2017.208	1
2017.096	1
2017.107	1
2017.203	1
2016.989	1
2017.027	1
2017.074	1
2017.044	1
2017.005	1
2017.005	1
2017.025	1
2017.54	1
2016.97	1
2017.008	1
2017.293	1
2017.252	1
2017.463	1
2017.003	1
2017.003	1
2017.022	1
2017.063	1
2016.937	1
2016.986	1
2017.022	1
2016.948	1
2016.986	1
2017.332	1
2017.044	1
2016.948	1
2017.066	1
2017.195	1
2017.041	1
2016.948	1
2016.981	1
2016.915	1
2017.044	1
2016.997	1
2016.945	1
2016.948	1
2016.945	1
2017.055	1
2016.945	1
2017.079	1
2016.984	1
2017.068	1
2017.093	1
2017.071	1
2017.088	1
2017.063	1
2017.066	1
2017.049	1
2017.005	1
2016.989	1
2016.964	1
2016.945	1
2016.945	1
2016.948	1
2016.929	1
2017.074	1
2017.271	1
2016.989	1
2017.115	1
2017.06	1
2017.088	1
2017.521	1
2017.132	1
2017.488	1
2017.121	1
2017.121	1
2016.997	1
2016.929	1
2017.293	1
2017.236	1
2017.266	1
2017.222	1
2017.567	1
2017.236	1
2017.236	1
2017.236	1
2017.307	1
2017.236	1
2017.277	1
2017.271	1
2017.236	1
2017.236	1
2017.214	1
2017.293	1
2017.236	1
2017.222	1
2017.214	1
2017.255	1
2017.225	1
2018.342	1
2017.29	1
2017.29	1
2017.104	1
2017.014	1
2016.937	1
2016.932	1
2016.932	1
2016.932	1
2017.186	1
2017.041	1
2017.627	1
2017.082	1
2017.044	1
2016.975	1
2016.948	1
2017.058	1
2017.058	1
2017.123	1
2017.123	1
2016.956	1
2016.929	1
2017.389	1
2017.079	1
2017.066	1
2016.945	1
2017.025	1
2017.019	1
2017.444	1
2017.03	1
2017.03	1
2017.444	1
2017.058	1
2016.962	1
2017.052	1
2017.052	1
2017.038	1
2017.082	1
2017.06	1
2017.041	1
2016.891	1
2017.118	1
2017.115	1
2017.027	1
2017.373	1
2016.893	1
2016.888	1
2017.027	1
2016.94	1
2016.937	1
2016.937	1
2016.893	1
2016.989	1
2016.951	1
2016.951	1
2016.948	1
2016.995	1
2016.989	1
2016.973	1
2017.06	1
2017.614	1
2017.17	1
2017.468	1
2017.167	1
2017.063	1
2017.471	1
2017.447	1
2017.696	1
2017.619	1
2017.008	1
2017.405	1
2017.545	1
2017.748	1
2016.992	1
2017.121	1
2017.118	1
2017.123	1
2017.041	1
2017.027	1
2017.082	1
2017.082	1
2016.97	1
2016.97	1
2017.088	1
2017.019	1
2017.288	1
2017.288	1
2016.918	1
2017.005	1
2017.005	1
2017.025	1
2017.09	1
2017.071	1
2017.192	1
2017.066	1
2017.047	1
2016.973	1
2017.222	1
2017.022	1
2017.214	1
2017.227	1
2017.227	1
2017.123	1
2017.099	1
2017.551	1
2016.989	1
2016.989	1
2016.97	1
2017.449	1
2017.348	1
2017.003	1
2016.995	1
2016.989	1
2017.427	1
2016.964	1
2017.529	1
2017.09	1
2016.997	1
2017.085	1
2017.427	1
2017.334	1
2017.334	1
2017.521	1
2017.058	1
2017.027	1
2017.099	1
2017.405	1
2017.485	1
2017.485	1
2017.312	1
2017.293	1
2017.312	1
2017.299	1
2017.008	1
2017.06	1
2017.732	1
2017.704	1
2017.732	1
2017.521	1
2017.521	1
2017.219	1
2017.047	1
2017.038	1
2017.036	1
2017.038	1
2017.074	1
2017.099	1
2017.255	1
2017.107	1
2017.077	1
2017.068	1
2017.044	1
2017.041	1
2017.077	1
2017.159	1
2017.063	1
2017.104	1
2017.066	1
2017.066	1
2017.06	1
2017.06	1
2017.005	1
2016.984	1
2017.06	1
2017.052	1
2017.052	1
2016.896	1
2016.989	1
2017.085	1
2016.995	1
2017.088	1
2017.123	1
2017.063	1
2017.079	1
2017.033	1
2017.115	1
2017.126	1
2016.956	1
2017.09	1
2016.984	1
2016.97	1
2017.099	1
2017.066	1
2017.09	1
2017.655	1
2017.022	1
2017.044	1
2016.992	1
2016.995	1
2017.099	1
2017.09	1
2017.082	1
2017.156	1
2017.126	1
2017.26	1
2017.227	1
2017.214	1
2017.214	1
2017.203	1
2017.211	1
2017.211	1
2017.2	1
2017.184	1
2017.115	1
2017.132	1
2017.126	1
2017.09	1
2017.145	1
2017.192	1
2017.192	1
2017.192	1
2017.164	1
2016.986	1
2017.082	1
2016.995	1
2017.019	1
2017.14	1
2017.126	1
2016.975	1
2017.107	1
2017.107	1
2017.216	1
2017.211	1
2017.184	1
2017.175	1
2017.121	1
2017.175	1
2017.101	1
2017.101	1
2016.975	1
2016.661	1
2016.989	1
2016.986	1
2017.003	1
2017.005	1
2017.118	1
2017.085	1
2017.066	1
2017.066	1
2017.071	1
2017.068	1
2016.893	1
2017.06	1
2017.049	1
2016.975	1
2017.142	1
2016.937	1
2016.937	1
2017.085	1
2017.17	1
2016.874	1
2017.06	1
2016.863	1
2016.954	1
2016.954	1
2017.022	1
2016.992	1
2016.954	1
2016.97	1
2016.97	1
2016.945	1
2016.926	1
2015.362	1
2015.364	1
2015.279	1
2015.279	1
2015.299	1
2016.142	1
2015.049	1
2015.088	1
2015.088	1
2015	1
2015	1
2015.46	1
2015.46	1
2015.247	1
2015.068	1
2015.068	1
2015.118	1
2015.17	1
2015.118	1
2015.17	1
2015.759	1
2015.759	1
2015.759	1
2015.482	1
2015.482	1
2015.729	1
2015.033	1
2016.055	1
2016.055	1
2016.036	1
2016.09	1
2016.164	1
2016.027	1
2016.131	1
2016.131	1
2016.131	1
2016.036	1
2015.953	1
2015.953	1
2016.093	1
2016.093	1
2016.071	1
2016.046	1
2016.068	1
2016.055	1
2016.792	1
2015.501	1
2015.953	1
2015.953	1
2015.962	1
2015.951	1
2016.951	1
2015.97	1
2016.071	1
2015.953	1
2015.896	1
2015.975	1
2016.052	1
2015.959	1
2015.953	1
2015.953	1
2015.937	1
2015.951	1
2015.953	1
2015.863	1
2015.953	1
2015.715	1
2015.951	1
2015.885	1
2016.115	1
2015.959	1
2015.827	1
2015.644	1
2015.953	1
2016.314	1
2016.262	1
2016.437	1
2017.058	1
2017.433	1
2015.216	1
2015.216	1
2015.282	1
2015.282	1
2015.068	1
2015.068	1
2014.942	1
2015.093	1
2015.093	1
2015.134	1
2015.134	1
2015.014	1
2015.014	1
2015.041	1
2015.079	1
2015.038	1
2015.077	1
2015.077	1
2015.003	1
2015.003	1
2015.195	1
2015.195	1
2015.025	1
2015.521	1
2016.052	1
2016.109	1
2015.611	1
2015.041	1
2015.055	1
2015.055	1
2015.112	1
2015.112	1
2016.019	1
2016.038	1
2015.797	1
2015.742	1
2015.123	1
2015.123	1
2016.093	1
2015.753	1
2015.942	1
2016.068	1
2016.074	1
2015.852	1
2015.915	1
2015.849	1
2015.975	1
2016.216	1
2015.701	1
2015.759	1
2015.874	1
2015.825	1
2015.825	1
2015.789	1
2015.614	1
2015.879	1
2015.989	1
2015.721	1
2015.641	1
2015.512	1
2015.512	1
2015.668	1
2015.647	1
2015.658	1
2015.63	1
2015.699	1
2015.759	1
2015.504	1
2015.501	1
2015.605	1
2015.512	1
2015.496	1
2015.51	1
2016.128	1
2015.444	1
2016.128	1
2015.4	1
2015.499	1
2015.567	1
2015.471	1
2015.468	1
2015.455	1
2015.455	1
2015.452	1
2015.499	1
2015.499	1
2015.422	1
2015.605	1
2015.638	1
2015.671	1
2015.688	1
2015.701	1
2015.682	1
2015.682	1
2015.597	1
2015.674	1
2015.682	1
2015.625	1
2015.614	1
2015.721	1
2015.795	1
2015.688	1
2015.427	1
2015.581	1
2015.452	1
2015.452	1
2015.471	1
2015.471	1
2015.496	1
2015.507	1
2015.69	1
2015.644	1
2015.51	1
2015.603	1
2015.34	1
2015.079	1
2015.079	1
2015.247	1
2015.247	1
2015.164	1
2015.164	1
2015.164	1
2015.164	1
2015.008	1
2015.008	1
2015.055	1
2015.055	1
2015.033	1
2015.005	1
2015.005	1
2015.236	1
2015.236	1
2015.129	1
2015.129	1
2015.025	1
2015.737	1
2014.899	1
2014.896	1
2014.899	1
2014.899	1
2014.896	1
2014.899	1
2015.526	1
2015.068	1
2015.068	1
2015.244	1
2015.304	1
2015.304	1
2015.34	1
2015.304	1
2015.304	1
2015.414	1
2015.414	1
2015.414	1
2015.414	1
2015.359	1
2015.216	1
2015.09	1
2015.025	1
2015.09	1
2015.23	1
2015.17	1
2015.17	1
2015.353	1
2015.353	1
2015.06	1
2015.06	1
2015.178	1
2015.178	1
2015.342	1
2015.342	1
2015.033	1
2015.033	1
2015.036	1
2014.877	1
2014.877	1
2014.926	1
2014.926	1
2015.06	1
2016.202	1
2015.074	1
2015.074	1
2015.847	1
2015.674	1
2015.674	1
2016.161	1
2016.123	1
2016.126	1
2014.918	1
2014.918	1
2014.953	1
2014.953	1
2015.104	1
2015.104	1
2016.041	1
2014.896	1
2014.896	1
2014.879	1
2014.932	1
2014.937	1
2014.984	1
2015.033	1
2015.036	1
2015.041	1
2015.071	1
2015.06	1
2014.975	1
2014.94	1
2015.208	1
2015.164	1
2015.444	1
2015.222	1
2015.452	1
2015.822	1
2015.822	1
2014.918	1
2015.071	1
2015.06	1
2014.879	1
2014.896	1
2014.932	1
2014.937	1
2014.94	1
2014.896	1
2014.975	1
2014.984	1
2015.208	1
2015.164	1
2015.148	1
2015.148	1
2015.093	1
2015.093	1
2015.167	1
2015.167	1
2015.036	1
2014.942	1
2014.942	1
2014.942	1
2014.942	1
2015.068	1
2015.068	1
2015.044	1
2015.063	1
2015.063	1
2015.093	1
2015.093	1
2014.838	1
2014.838	1
2015.148	1
2015.148	1
2015.126	1
2015.126	1
2015.011	1
2015.011	1
2015.26	1
2015.26	1
2015.707	1
2015.167	1
2015.167	1
2015.03	1
2015.129	1
2015.181	1
2015.181	1
2015.808	1
2015.808	1
2015.808	1
2015.797	1
2015.795	1
2015.797	1
2015.762	1
2015.723	1
2016.183	1
2016.232	1
2016.238	1
2016.038	1
2016.096	1
2016.169	1
2015.86	1
2015.86	1
2015.595	1
2015.595	1
2015.784	1
2015.811	1
2015.803	1
2015.803	1
2015.805	1
2015.805	1
2015.803	1
2015.803	1
2015.614	1
2015.614	1
2014.984	1
2014.984	1
2016.014	1
2016.131	1
2015.723	1
2015.644	1
2015.644	1
2015.721	1
2015.71	1
2015.712	1
2015.74	1
2015.567	1
2015.586	1
2015.586	1
2015.395	1
2015.682	1
2015.682	1
2015.529	1
2015.668	1
2015.592	1
2015.701	1
2015.641	1
2015.726	1
2015.682	1
2015.016	1
2015.016	1
2015.614	1
2016.049	1
2016.057	1
2015.753	1
2015.759	1
2015.77	1
2015.827	1
2016.068	1
2015.901	1
2015.855	1
2015.466	1
2015.126	1
2015.126	1
2015	1
2015	1
2015	1
2016.967	1
2016.97	1
2017.063	1
2017.003	1
2016.945	1
2017.041	1
2015.951	1
2016.352	1
2016.467	1
2016.068	1
2016.604	1
2016.199	1
2016.057	1
2016.82	1
2016.249	1
2016.434	1
2016.189	1
2016.243	1
2015.608	1
2015.611	1
2015.592	1
2015.696	1
2015.723	1
2016.109	1
2015.649	1
2015.849	1
2015.874	1
2016.249	1
2015.649	1
2015.649	1
2015.663	1
2015.921	1
2016.153	1
2016.148	1
2015.644	1
2016.497	1
2016.623	1
2015.855	1
2015.838	1
2015.893	1
2015.879	1
2015.858	1
2016.281	1
2015.723	1
2015.701	1
2015.718	1
2015.597	1
2015.671	1
2015.132	1
2015.132	1
2015.496	1
2015.479	1
2015.721	1
2015.756	1
2015.759	1
2015.652	1
2015.671	1
2016.691	1
2015.921	1
2015.921	1
2015.606	1
2015.633	1
2015.685	1
2015.682	1
2015.701	1
2015.668	1
2015.797	1
2016.03	1
2016.03	1
2015.934	1
2015.953	1
2016.019	1
2016.019	1
2016	1
2016.134	1
2016.186	1
2016.199	1
2016.219	1
2015.953	1
2016.311	1
2015.759	1
2015.551	1
2015.395	1
2015.633	1
2015.625	1
2015.567	1
2015.625	1
2015.863	1
2015.855	1
2015.69	1
2015.627	1
2015.71	1
2016.052	1
2015.86	1
2015.721	1
2015.688	1
2015.863	1
2015.778	1
2016.145	1
2016.24	1
2015.797	1
2015.825	1
2015.748	1
2016.167	1
2015.699	1
2016.47	1
2016.932	1
2016.932	1
2016.527	1
2016.434	1
2016.434	1
2016.481	1
2015.197	1
2016.014	1
2015.964	1
2015.778	1
2015.764	1
2015.885	1
2015.195	1
2015.195	1
2015.849	1
2015	1
2015.181	1
2015.181	1
2015	1
2015	1
2015.348	1
2015.77	1
2016.342	1
2016.268	1
2015.364	1
2016.53	1
2015.427	1
2016.276	1
2016.276	1
2015.767	1
2015.384	1
2015.83	1
2015.047	1
2015.797	1
2015.567	1
2015.559	1
2015.608	1
2015.608	1
2015.575	1
2015.575	1
2015.674	1
2015.877	1
2015.701	1
2015.701	1
2015.877	1
2015.685	1
2015.759	1
2015.685	1
2015.685	1
2015.666	1
2015.849	1
2015.855	1
2015.934	1
2015.89	1
2015	1
2016.145	1
2015.584	1
2015.921	1
2015.86	1
2015.132	1
2015.132	1
2015.644	1
2015.079	1
2015.079	1
2015.668	1
2014.896	1
2014.896	1
2015.005	1
2015.005	1
2015.082	1
2015.822	1
2016.038	1
2015.175	1
2015.175	1
2015.425	1
2014.907	1
2014.942	1
2014.962	1
2015.112	1
2015.444	1
2015.784	1
2014.907	1
2014.962	1
2015.112	1
2016.071	1
2015.885	1
2015.616	1
2015.282	1
2015.282	1
2015.682	1
2015.022	1
2015.044	1
2015.723	1
2015.647	1
2015.101	1
2015.101	1
2015.953	1
2014.94	1
2014.94	1
2014.934	1
2014.934	1
2015.586	1
2014.784	1
2014.784	1
2014.784	1
2015.008	1
2015.008	1
2015.011	1
2015.003	1
2014.899	1
2014.899	1
2015.167	1
2015.167	1
2015.181	1
2015.181	1
2014.959	1
2014.614	1
2015.49	1
2015.167	1
2015.638	1
2015.532	1
2015.781	1
2015.608	1
2015.608	1
2015.707	1
2015.682	1
2015.781	1
2015.071	1
2015.027	1
2015.132	1
2015.49	1
2015.049	1
2015.041	1
2015.041	1
2015.052	1
2015.052	1
2015.022	1
2014.937	1
2014.896	1
2015.247	1
2014.945	1
2014.978	1
2014.992	1
2014.003	1
2015.247	1
2015.019	1
2014.885	1
2015.003	1
2015	1
2015	1
2015.003	1
2014.953	1
2015.014	1
2015.167	1
2015.167	1
2015.036	1
2015.321	1
2015.321	1
2015.123	1
2015.123	1
2015.181	1
2015.181	1
2014.97	1
2014.885	1
2014.885	1
2014.91	1
2014.91	1
2015.008	1
2015.008	1
2014.868	1
2014.868	1
2015.033	1
2014.753	1
2014	1
2014.762	1
2014.77	1
2014.688	1
2014.885	1
2014.942	1
2014.926	1
2014.921	1
2014.921	1
2014.959	1
2014.953	1
2014.984	1
2015.088	1
2014.962	1
2014.688	1
2014.762	1
2014.77	1
2014.753	1
2014.885	1
2014.921	1
2014.926	1
2014.921	1
2014.942	1
2014.953	1
2014.959	1
2015.088	1
2015.055	1
2015.055	1
2014.86	1
2014.86	1
2015.055	1
2015.055	1
2014.858	1
2015.027	1
2015.047	1
2014.858	1
2014.844	1
2014.844	1
2015.129	1
2015.129	1
2014.934	1
2014.934	1
2014.923	1
2014.923	1
2015.17	1
2015.17	1
2014.858	1
2014.849	1
2014.849	1
2014.858	1
2014.964	1
2014.967	1
2015.019	1
2015.019	1
2015.096	1
2015.096	1
2015.178	1
2015.178	1
2014.94	1
2014.94	1
2014.989	1
2014.986	1
2014.868	1
2014.868	1
2015	1
2015	1
2015.356	1
2014.934	1
2014.934	1
2014.866	1
2014.866	1
2015.129	1
2015.129	1
2015.077	1
2015.077	1
2014.923	1
2014.923	1
2015.121	1
2015.121	1
2014.934	1
2014.934	1
2014.934	1
2014.934	1
2014.918	1
2014.918	1
2014.934	1
2014.934	1
2015.079	1
2015.079	1
2014.885	1
2015.079	1
2015.038	1
2014.888	1
2014.888	1
2014.888	1
2015.101	1
2015.014	1
2015.016	1
2015.016	1
2015.132	1
2015.016	1
2014.94	1
2014.918	1
2014.885	1
2015	1
2014.918	1
2014.953	1
2014.956	1
2014.964	1
2014.959	1
2015.126	1
2014.934	1
2014.986	1
2015.011	1
2014.989	1
2014.995	1
2014.934	1
2014.907	1
2014.901	1
2015.23	1
2014.953	1
2015.088	1
2014.956	1
2014.959	1
2014.734	1
2015.022	1
2015.112	1
2015.222	1
2015.266	1
2015.222	1
2015.17	1
2015.307	1
2015.359	1
2015.241	1
2015.09	1
2015.038	1
2014.937	1
2015.008	1
2015.008	1
2015.038	1
2014.953	1
2014.953	1
2015.167	1
2015.027	1
2014.953	1
2014.975	1
2015.137	1
2014.899	1
2014.866	1
2014.942	1
2014.937	1
2014.879	1
2014.879	1
2014.888	1
2015.022	1
2015.164	1
2014.888	1
2015.164	1
2014.934	1
2015.005	1
2015.608	1
2015.707	1
2015.685	1
2015.712	1
2015.649	1
2015.649	1
2015.726	1
2014.814	1
2014.814	1
2014.964	1
2014.964	1
2014.858	1
2014.858	1
2014.915	1
2014.915	1
2015.082	1
2014.973	1
2014.973	1
2014.962	1
2015.019	1
2015.019	1
2015.047	1
2015.071	1
2015.071	1
2014.986	1
2014.844	1
2014.899	1
2015.068	1
2015.058	1
2014.978	1
2015.068	1
2014.899	1
2014.844	1
2014.904	1
2014.904	1
2014.858	1
2014.992	1
2015.011	1
2015.011	1
2015.077	1
2015.077	1
2015.008	1
2014.94	1
2015.079	1
2014.984	1
2015.071	1
2015.011	1
2015.14	1
2014.948	1
2014.992	1
2015.14	1
2015.011	1
2015.008	1
2014.71	1
2015.871	1
2015.789	1
2015.789	1
2015.011	1
2015.011	1
2014.866	1
2014.866	1
2014.825	1
2014.838	1
2014.808	1
2014.808	1
2014.841	1
2014.808	1
2014.825	1
2014.838	1
2014.841	1
2015.09	1
2015.09	1
2014.784	1
2014.784	1
2014.784	1
2014.762	1
2015.011	1
2014.784	1
2014.784	1
2014.762	1
2015.011	1
2015.052	1
2015.016	1
2014.937	1
2014.937	1
2015.145	1
2015.145	1
2014.882	1
2014.825	1
2014.825	1
2014.882	1
2015.534	1
2015.534	1
2014.959	1
2014.973	1
2015.019	1
2015.085	1
2015.085	1
2014.921	1
2014.921	1
2015.038	1
2015.049	1
2014.995	1
2015.093	1
2015.093	1
2015.181	1
2015.181	1
2014.959	1
2014.959	1
2015.079	1
2015.079	1
2014.786	1
2014.786	1
2015.088	1
2015.088	1
2015.074	1
2015.074	1
2015.049	1
2014.899	1
2014.899	1
2014.825	1
2014.825	1
2014.97	1
2014.984	1
2014.86	1
2014.803	1
2014.803	1
2014.86	1
2014.989	1
2015.112	1
2015.112	1
2014.885	1
2014.942	1
2014.956	1
2014.932	1
2014.918	1
2015.219	1
2014.885	1
2014.885	1
2014.932	1
2014.918	1
2015.219	1
2014	1
2014.921	1
2014.921	1
2015.041	1
2014.934	1
2014.934	1
2014.97	1
2014.885	1
2014.885	1
2015.022	1
2015.025	1
2015.071	1
2015.071	1
2014.975	1
2014.975	1
2014.978	1
2015.005	1
2015	1
2015.093	1
2014.992	1
2014.984	1
2015.068	1
2015.016	1
2014.923	1
2014.888	1
2015.112	1
2014.956	1
2014.995	1
2015.022	1
2014.973	1
2014.926	1
2015.011	1
2014.929	1
2016.243	1
2016.391	1
2016.41	1
2014.959	1
2015.901	1
2014.882	1
2014.945	1
2014.926	1
2014.885	1
2015.093	1
2014.899	1
2014.926	1
2014.885	1
2015.033	1
2014.959	1
2014.942	1
2015.011	1
2015.121	1
2015.014	1
2014.992	1
2015	1
2015.011	1
2015.011	1
2016.008	1
2015.921	1
2015.605	1
2015.151	1
2015.485	1
2015.636	1
2015.759	1
2015.085	1
2015.085	1
2015.085	1
2015.219	1
2015.682	1
2015.488	1
2014.962	1
2014.992	1
2014.937	1
2015.268	1
2015.627	1
2015.759	1
2015.663	1
2015.627	1
2015.663	1
2015.721	1
2015.704	1
2015.688	1
2015.742	1
2015.74	1
2015.74	1
2015.721	1
2015.688	1
2015.318	1
2015.63	1
2015.726	1
2015.767	1
2015.726	1
2015.685	1
2015.318	1
2015.663	1
2015.474	1
2015.455	1
2015.419	1
2015.414	1
2015.378	1
2015.63	1
2015.247	1
2015.222	1
2015.222	1
2015.203	1
2015.781	1
2015.721	1
2015.682	1
2015.781	1
2015.318	1
2015.34	1
2015.282	1
2015.244	1
2015.781	1
2015.781	1
2015.721	1
2015.663	1
2015.666	1
2015.633	1
2015.304	1
2015.299	1
2015.745	1
2015.649	1
2015.649	1
2015.685	1
2015.285	1
2015.438	1
2015.742	1
2015.304	1
2014.942	1
2015.268	1
2015.652	1
2016.098	1
2015.732	1
2014.953	1
2014.923	1
2014.934	1
2014.973	1
2014.973	1
2014.959	1
2015.118	1
2015.773	1
2015.126	1
2015.468	1
2014.94	1
2015.512	1
2015.534	1
2015.359	1
2015.537	1
2015.784	1
2015.46	1
2015.504	1
2015.586	1
2014.995	1
2014.77	1
2014.77	1
2014.77	1
2014.879	1
2014.849	1
2014.879	1
2014.77	1
2014.77	1
2014.879	1
2014.849	1
2014.868	1
2014.868	1
2014.896	1
2014.838	1
2014.838	1
2014.896	1
2015.052	1
2015.052	1
2015.052	1
2015.052	1
2015.052	1
2015.003	1
2014.953	1
2015.682	1
2015.485	1
2015.433	1
2015.529	1
2014.748	1
2014.792	1
2014.792	1
2014.715	1
2014.715	1
2015.145	1
2015.058	1
2015.058	1
2014.784	1
2014.792	1
2014.792	1
2014.784	1
2014.967	1
2015.055	1
2015.055	1
2014.967	1
2014.529	1
2014.784	1
2014.784	1
2014.975	1
2015	1
2015	1
2015.112	1
2015.112	1
2015.132	1
2015.132	1
2015.156	1
2015.156	1
2014.723	1
2014.841	1
2014.888	1
2014.937	1
2014.978	1
2015.203	1
2015.501	1
2014.858	1
2014.868	1
2014.858	1
2014.868	1
2015.016	1
2015.016	1
2014.836	1
2014.836	1
2014.688	1
2014.573	1
2014.921	1
2015.077	1
2015.019	1
2015.019	1
2014.951	1
2014.951	1
2015.058	1
2015.058	1
2014.937	1
2014.937	1
2014.918	1
2014.901	1
2015.019	1
2014.918	1
2014.901	1
2015.019	1
2014.918	1
2014.918	1
2014.718	1
2014.718	1
2014.718	1
2015.11	1
2015.011	1
2014.932	1
2014.932	1
2015.014	1
2015.033	1
2015.134	1
2014.847	1
2015.014	1
2014.803	1
2014.822	1
2014.822	1
2014.803	1
2014.712	1
2014.622	1
2014.74	1
2014.734	1
2014.808	1
2014.852	1
2014.866	1
2014.838	1
2014.685	1
2014.923	1
2014.838	1
2014.934	1
2014.91	1
2014.984	1
2014.992	1
2014.973	1
2015.003	1
2015.033	1
2015.014	1
2015.038	1
2015.036	1
2015.033	1
2015.022	1
2015.011	1
2015.003	1
2014.975	1
2014.995	1
2014.942	1
2014.94	1
2014.904	1
2014.652	1
2015.055	1
2015.071	1
2014.997	1
2014.997	1
2015.145	1
2015.082	1
2015.077	1
2015.151	1
2015.121	1
2015.112	1
2015.077	1
2015.082	1
2014.685	1
2014.808	1
2014.74	1
2014.838	1
2014.866	1
2014.852	1
2014.91	1
2014.934	1
2014.923	1
2014.992	1
2014.973	1
2014.984	1
2015.145	1
2015.014	1
2015.003	1
2014.773	1
2014.652	1
2015.077	1
2015.093	1
2014.989	1
2015.03	1
2015	1
2015.005	1
2015.03	1
2015.011	1
2015.016	1
2015.008	1
2014.959	1
2015.34	1
2014.945	1
2014.945	1
2014.992	1
2015.066	1
2015.066	1
2014.986	1
2014.986	1
2014.556	1
2015.016	1
2014.978	1
2015.247	1
2015.784	1
2014.937	1
2014.992	1
2015.655	1
2015.636	1
2014.707	1
2015.096	1
2015.014	1
2015.014	1
2015.014	1
2015.014	1
2015.038	1
2014.803	1
2014.937	1
2014.937	1
2015.003	1
2015.003	1
2014.923	1
2014.929	1
2014.923	1
2014.929	1
2014.937	1
2014.937	1
2015.107	1
2015.038	1
2014.995	1
2014.973	1
2015.115	1
2014.956	1
2014.964	1
2014.962	1
2015.016	1
2014.995	1
2015.003	1
2014.956	1
2014.885	1
2015.178	1
2014.959	1
2014.97	1
2014.975	1
2014.885	1
2015.132	1
2014.992	1
2014.937	1
2014.959	1
2014.926	1
2015.058	1
2015.014	1
2014.822	1
2014.962	1
2014.956	1
2014.973	1
2014.995	1
2015.003	1
2015.033	1
2015.016	1
2014.942	1
2014.748	1
2014.748	1
2014.992	1
2015.041	1
2014.89	1
2014.89	1
2014.945	1
2014.945	1
2015.022	1
2014.803	1
2014.803	1
2015	1
2015	1
2015	1
2015.11	1
2015.241	1
2015.463	1
2014.753	1
2014.753	1
2014.773	1
2014.926	1
2014.814	1
2014.915	1
2014.915	1
2014.863	1
2014.945	1
2014.863	1
2015.025	1
2014.795	1
2014.795	1
2015.011	1
2014.885	1
2014.885	1
2015.044	1
2014.978	1
2015.044	1
2014.937	1
2014.934	1
2014.934	1
2014.937	1
2014.953	1
2014.929	1
2014.929	1
2015.499	1
2015.726	1
2015	1
2015.537	1
2016.511	1
2016.511	1
2015.553	1
2015.458	1
2015.811	1
2015.611	1
2015.877	1
2015.877	1
2015.86	1
2015.86	1
2015.86	1
2015.86	1
2015.499	1
2016.475	1
2016.475	1
2015.477	1
2015.515	1
2015.595	1
2015.529	1
2015.54	1
2015.438	1
2015.49	1
2015.052	1
2015.052	1
2015.016	1
2015.016	1
2015.016	1
2015.016	1
2015.11	1
2014.942	1
2014.921	1
2015.488	1
2015.523	1
2015.071	1
2015.296	1
2015.296	1
2015.14	1
2014.923	1
2014.923	1
2014.86	1
2014.86	1
2014.882	1
2014.882	1
2014.918	1
2015.03	1
2014.918	1
2014.986	1
2015.732	1
2015.033	1
2015.121	1
2015	1
2015.003	1
2015.107	1
2015.033	1
2015.132	1
2015.016	1
2015.033	1
2015.033	1
2015.033	1
2015.077	1
2015.033	1
2015.06	1
2015.022	1
2015.011	1
2015.014	1
2015.033	1
2015.036	1
2015.099	1
2015.145	1
2015.033	1
2015.088	1
2015.014	1
2014.795	1
2014.795	1
2014.784	1
2014.795	1
2014.805	1
2014.805	1
2014.858	1
2014.797	1
2014.816	1
2014.811	1
2015.014	1
2015.011	1
2015.014	1
2015.003	1
2014.962	1
2014.959	1
2014.805	1
2014.784	1
2014.816	1
2014.811	1
2014.797	1
2014.858	1
2015.03	1
2014.962	1
2014.962	1
2014.953	1
2015.071	1
2015.107	1
2014.945	1
2014.915	1
2014.956	1
2015.068	1
2014.901	1
2014.945	1
2015.036	1
2015.11	1
2015.11	1
2014.773	1
2014.773	1
2015.055	1
2014.975	1
2015.005	1
2015.005	1
2015.041	1
2015.033	1
2015.09	1
2014.962	1
2015.003	1
2014.578	1
2014.578	1
2014.852	1
2014.852	1
2015.09	1
2015.09	1
2014.855	1
2014.885	1
2014.712	1
2014.712	1
2014.918	1
2014.918	1
2014.981	1
2014.981	1
2015.151	1
2015	1
2015.145	1
2015.066	1
2015.033	1
2014.973	1
2014.973	1
2015.003	1
2015.003	1
2014.518	1
2015.203	1
2014.956	1
2014.756	1
2014.756	1
2014.671	1
2014.926	1
2014.671	1
2014.926	1
2014.964	1
2014.614	1
2014.578	1
2014	1
2014	1
2015.164	1
2015.395	1
2015.118	1
2015.118	1
2014.729	1
2014.729	1
2014.729	1
2015.553	1
2015.512	1
2015.03	1
2015.052	1
2014.964	1
2015.005	1
2015.164	1
2015.164	1
2014.775	1
2014.775	1
2014.879	1
2014.879	1
2014.882	1
2014.879	1
2014.882	1
2014.882	1
2014.882	1
2014.879	1
2014.882	1
2014.882	1
2014.775	1
2014.879	1
2014.882	1
2014.879	1
2014.879	1
2014.882	1
2014.803	1
2014.803	1
2014.775	1
2014.775	1
2014.896	1
2014.896	1
2014.803	1
2014.773	1
2014.803	1
2014.803	1
2014.773	1
2014.934	1
2014.934	1
2014.764	1
2014.764	1
2015.005	1
2015.005	1
2014.964	1
2014.964	1
2015.049	1
2015.049	1
2015.011	1
2015.011	1
2015.395	1
2014.748	1
2014.71	1
2014.748	1
2014.71	1
2015.129	1
2015.088	1
2015.068	1
2015.038	1
2015.052	1
2014.981	1
2014.915	1
2015.033	1
2015.019	1
2014.877	1
2015.31	1
2015.058	1
2014.945	1
2015.173	1
2015.173	1
2014.732	1
2014.732	1
2015.074	1
2014.964	1
2015.074	1
2015.074	1
2014.964	1
2015.033	1
2014.879	1
2015.167	1
2017.614	1
2017.636	1
2017.66	1
2017.707	1
2017.693	1
2017.693	1
2017.627	1
2017.729	1
2017.559	1
2017.663	1
2017.562	1
2017.636	1
2017.605	1
2017.69	1
2017.526	1
2017.595	1
2017.677	1
2017.696	1
2017.625	1
2017.625	1
2017.616	1
2017.608	1
2017.641	1
2017.647	1
2017.814	1
2017.638	1
2017.677	1
2017.682	1
2017.504	1
2017.586	1
2017.595	1
2017.592	1
2017.63	1
2017.575	1
2017.584	1
2017.649	1
2017.611	1
2017.679	1
2017.679	1
2017.466	1
2017.636	1
2017.644	1
2017.633	1
2017.636	1
2017.455	1
2017.504	1
2017.608	1
2017.586	1
2017.63	1
2017.625	1
2017.529	1
2017.529	1
2017.619	1
2017.625	1
2017.627	1
2017.66	1
2017.636	1
2017.636	1
2017.682	1
2017.847	1
2017.679	1
2017.756	1
2017.641	1
2017.636	1
2017.677	1
2017.625	1
2017.6	1
2017.647	1
2017.663	1
2017.562	1
2017.69	1
2017.616	1
2017.633	1
2017.641	1
2017.159	1
2017.121	1
2017.359	1
2017.145	1
2017.408	1
2017.312	1
2017.082	1
2017.101	1
2017.101	1
2017.162	1
2017.145	1
2017.17	1
2017.274	1
2017.225	1
2017.296	1
2017.099	1
2017.203	1
2017.203	1
2017.082	1
2017.088	1
2017.088	1
2017.345	1
2017.175	1
2017.31	1
2017.367	1
2017.332	1
2017.444	1
2017.367	1
2017.367	1
2017.367	1
2017.367	1
2017.367	1
2017.332	1
2017.2	1
2017.134	1
2017.06	1
2017.142	1
2017.181	1
2017.403	1
2017.159	1
2017.655	1
2017.636	1
2017.658	1
2017.622	1
2017.526	1
2017.164	1
2017.332	1
2017.444	1
2017.392	1
2017.37	1
2017.419	1
2017.397	1
2017.425	1
2017.756	1
2017.814	1
2017.814	1
2017.216	1
2017.321	1
2017.381	1
2017.244	1
2017.244	1
2017.159	1
2017.184	1
2017.184	1
2017.233	1
2017.233	1
2017.433	1
2017.241	1
2017.241	1
2017.296	1
2017.592	1
2017.501	1
2017.501	1
2017.616	1
2017.501	1
2017.501	1
2017.504	1
2017.507	1
2017.504	1
2017.614	1
2017.696	1
2017.501	1
2017.614	1
2017.589	1
2017.625	1
2017.562	1
2017.504	1
2017.504	1
2017.614	1
2017.614	1
2017.649	1
2017.499	1
2017.512	1
2017.638	1
2017.501	1
2017.545	1
2017.548	1
2017.6	1
2017.51	1
2017.51	1
2017.584	1
2017.63	1
2017.479	1
2017.625	1
2017.581	1
2017.518	1
2017.507	1
2017.644	1
2017.636	1
2017.488	1
2017.523	1
2017.008	1
2017.088	1
2017.326	1
2017.132	1
2017.134	1
2017.132	1
2017.104	1
2017.088	1
2017.077	1
2017.082	1
2017.107	1
2017.197	1
2017.167	1
2017.107	1
2017.175	1
2017.022	1
2017.142	1
2017.142	1
2017.126	1
2017.315	1
2017.315	1
2017.332	1
2017.219	1
2017.17	1
2017.17	1
2017.099	1
2017.121	1
2017.066	1
2017.068	1
2017.09	1
2017.241	1
2017.016	1
2017.016	1
2017.016	1
2017.616	1
2017.616	1
2017.622	1
2017.619	1
2017.51	1
2017.345	1
2017.345	1
2017.512	1
2017.562	1
2017.493	1
2017.482	1
2017.474	1
2017.444	1
2017.54	1
2017.663	1
2017.449	1
2017.57	1
2017.427	1
2017.37	1
2017.477	1
2017.477	1
2017.192	1
2017.337	1
2017.564	1
2017.441	1
2017.436	1
2017.447	1
2019.208	1
2017.471	1
2017.471	1
2018.151	1
2017.644	1
2017.633	1
2017.447	1
2017.573	1
2017.504	1
2017.441	1
2017.447	1
2017.447	1
2017.422	1
2017.419	1
2017.605	1
2017.66	1
2017.677	1
2017.57	1
2017.425	1
2017.425	1
2017.395	1
2017.663	1
2017.679	1
2017.559	1
2017.622	1
2017.605	1
2017.54	1
2017.638	1
2017.641	1
2017.622	1
2017.663	1
2017.644	1
2017.627	1
2017.636	1
2017.49	1
2017.562	1
2017.534	1
2017.529	1
2015.551	1
2015.551	1
2014.726	1
2014.726	1
2015.033	1
2014.805	1
2014.805	1
2014.767	1
2014.945	1
2014.962	1
2014.962	1
2014.855	1
2014.855	1
2014.962	1
2014.962	1
2015.403	1
2014.945	1
2014.945	1
2015.014	1
2015.014	1
2014.937	1
2014.937	1
2015.014	1
2015.014	1
2015.052	1
2015.173	1
2015.173	1
2015.375	1
2015.441	1
2015.375	1
2015.334	1
2015.334	1
2014.833	1
2014.855	1
2015.019	1
2015.019	1
2015.107	1
2015.107	1
2014.762	1
2014.699	1
2014.762	1
2014.959	1
2014.959	1
2014.918	1
2014.918	1
2014.712	1
2014.712	1
2014.888	1
2014.888	1
2014.888	1
2014.888	1
2014.937	1
2015.014	1
2015.014	1
2014.751	1
2014.918	1
2014.918	1
2015.2	1
2015.008	1
2015.008	1
2014.819	1
2014.819	1
2015.134	1
2015.134	1
2014.915	1
2014.915	1
2014.921	1
2014.921	1
2015.101	1
2015.019	1
2015.019	1
2014.918	1
2014.748	1
2014.71	1
2014.729	1
2014.759	1
2014.682	1
2014.94	1
2015.036	1
2015.038	1
2014.751	1
2014.751	1
2014.751	1
2014.751	1
2014.71	1
2014.682	1
2014.729	1
2014.748	1
2014.759	1
2014.94	1
2014.825	1
2014.83	1
2014.792	1
2014.827	1
2014.792	1
2014.827	1
2015.129	1
2015.129	1
2014.992	1
2015.088	1
2015.148	1
2015.107	1
2015.107	1
2015.038	1
2015.082	1
2015.082	1
2014.918	1
2014.918	1
2015	1
2015.055	1
2015.205	1
2015.055	1
2015	1
2015.205	1
2015.005	1
2015.005	1
2015.063	1
2015.063	1
2015.063	1
2015.063	1
2014.751	1
2015.003	1
2015.003	1
2014.959	1
2014.992	1
2014.959	1
2014.992	1
2015.137	1
2015.137	1
2015.099	1
2015.099	1
2015.192	1
2015.192	1
2015.184	1
2015.184	1
2014.934	1
2014.934	1
2014.918	1
2014.937	1
2014.937	1
2014.937	1
2014.918	1
2014.937	1
2014.937	1
2014.937	1
2015.058	1
2015.058	1
2015.099	1
2015.099	1
2014.937	1
2014.937	1
2015.008	1
2015.074	1
2015.074	1
2015.052	1
2015.052	1
2014.784	1
2014.89	1
2014.784	1
2014.89	1
2015.014	1
2015.077	1
2015.077	1
2015.014	1
2014.852	1
2014.852	1
2014.964	1
2015.011	1
2015.068	1
2015.068	1
2014.964	1
2015.011	1
2015.019	1
2015.019	1
2015.047	1
2015.014	1
2015.014	1
2015.195	1
2014.729	1
2014.888	1
2015.008	1
2015.008	1
2015.31	1
2015.033	1
2014.778	1
2014.778	1
2014.723	1
2014.723	1
2015.014	1
2015.142	1
2015.132	1
2015.068	1
2015.068	1
2015.132	1
2015.014	1
2015.142	1
2015.277	1
2015.277	1
2015.293	1
2015.293	1
2015.074	1
2015.074	1
2015.479	1
2015.184	1
2014.893	1
2014.893	1
2015.46	1
2015.293	1
2015.293	1
2015.121	1
2015.121	1
2014.816	1
2015.452	1
2014.953	1
2014.953	1
2014.94	1
2014.94	1
2015.003	1
2015.003	1
2014.915	1
2014.915	1
2015.044	1
2014.778	1
2015.003	1
2015.003	1
2015.068	1
2015.068	1
2014.959	1
2014.959	1
2014.959	1
2015.197	1
2015.197	1
2015.197	1
2014.97	1
2014.951	1
2014.962	1
2015.003	1
2015.003	1
2015.027	1
2015.249	1
2015.249	1
2015.03	1
2015.099	1
2014.756	1
2014.756	1
2014.803	1
2014.855	1
2014.756	1
2014.855	1
2014.803	1
2014.819	1
2014.932	1
2014.932	1
2015.03	1
2014.934	1
2014.934	1
2014.77	1
2014.77	1
2015.11	1
2015.184	1
2015.11	1
2015.184	1
2015.184	1
2015.038	1
2015.132	1
2015.132	1
2015.079	1
2015.126	1
2015.192	1
2015.189	1
2015.068	1
2015.197	1
2015.644	1
2015.597	1
2015.586	1
2015.605	1
2015.633	1
2015.367	1
2015.693	1
2015.926	1
2015.515	1
2015.458	1
2015.671	1
2015.647	1
2015.77	1
2015.584	1
2015.479	1
2015.729	1
2015.682	1
2015.644	1
2015.732	1
2015.704	1
2015.625	1
2015.499	1
2015.767	1
2015.71	1
2015.704	1
2016.44	1
2015.71	1
2015.625	1
2015.644	1
2015.485	1
2015.633	1
2015.712	1
2015.811	1
2015.726	1
2015.31	1
2015.496	1
2015.323	1
2015.173	1
2015.173	1
2015.26	1
2015.044	1
2015.186	1
2015.068	1
2015.299	1
2015.323	1
2015.611	1
2015.611	1
2015.764	1
2015.074	1
2015.074	1
2014.973	1
2014.973	1
2015.016	1
2015.016	1
2014.77	1
2015.027	1
2015.003	1
2015.003	1
2015.112	1
2015.112	1
2015.003	1
2015.003	1
2015.09	1
2015.09	1
2015.211	1
2015.074	1
2015.074	1
2014.858	1
2015.192	1
2015.192	1
2014.918	1
2014.918	1
2015.03	1
2014.923	1
2014.923	1
2014.699	1
2014.729	1
2014.715	1
2014.737	1
2014.699	1
2014.707	1
2014.77	1
2014.707	1
2014.94	1
2014.874	1
2014.934	1
2014.934	1
2014.956	1
2014.923	1
2014.918	1
2014.973	1
2015.055	1
2015.003	1
2015.014	1
2015.011	1
2015.079	1
2015	1
2015.025	1
2015.049	1
2015.041	1
2015.033	1
2015.033	1
2015.071	1
2015.03	1
2015.019	1
2014.956	1
2014.795	1
2015.011	1
2015.118	1
2015.09	1
2015.077	1
2015.09	1
2015.074	1
2015.049	1
2015.079	1
2015.077	1
2015.071	1
2015.055	1
2014.699	1
2014.737	1
2014.715	1
2014.77	1
2014.874	1
2014.918	1
2014.934	1
2014.934	1
2014.923	1
2014.94	1
2015.014	1
2015.003	1
2015.011	1
2014.973	1
2014.956	1
2015.118	1
2015.011	1
2015.09	1
2015.047	1
2014.773	1
2014.753	1
2014.729	1
2014.729	1
2014.784	1
2014.756	1
2014.805	1
2014.764	1
2014.762	1
2014.751	1
2014.751	1
2014.753	1
2014.784	1
2014.786	1
2014.803	1
2014.781	1
2014.753	1
2015.096	1
2015.096	1
2015.192	1
2015.192	1
2015.282	1
2015.282	1
2015.466	1
2015.153	1
2015.153	1
2014.748	1
2014.748	1
2015.049	1
2015.041	1
2015.011	1
2015.011	1
2014.934	1
2014.934	1
2015.167	1
2015.167	1
2015.216	1
2015.17	1
2015.066	1
2015.058	1
2015.058	1
2015.066	1
2014.986	1
2014.986	1
2015.038	1
2015.11	1
2014.934	1
2015.088	1
2014.94	1
2014.94	1
2014.847	1
2015.027	1
2014.882	1
2014.882	1
2014.915	1
2014.915	1
2014.918	1
2014.885	1
2014.885	1
2015.052	1
2015.052	1
2015.096	1
2015.096	1
2015.129	1
2015.129	1
2014.915	1
2014.915	1
2014.827	1
2014.827	1
2015.03	1
2015.041	1
2015.079	1
2015	1
2014.945	1
2014.981	1
2015.033	1
2015	1
2014.973	1
2014.841	1
2014.923	1
2014.959	1
2015.036	1
2015.211	1
2015.036	1
2014.786	1
2015.529	1
2015.529	1
2014.926	1
2014.926	1
2014.929	1
2015.036	1
2015.049	1
2015.022	1
2015.033	1
2015.036	1
2015.027	1
2014.932	1
2015.033	1
2014.953	1
2015.033	1
2015.025	1
2015.151	1
2015.151	1
2015.033	1
2015.033	1
2014.989	1
2015.184	1
2015.055	1
2014.847	1
2014.981	1
2015.562	1
2015.036	1
2015.107	1
2014.984	1
2014.992	1
2014.951	1
2015.011	1
2014.773	1
2014.926	1
2014.893	1
2014.964	1
2015.06	1
2015.06	1
2015.06	1
2015.06	1
2015.079	1
2015.079	1
2015.063	1
2015.063	1
2015.178	1
2015.164	1
2015.164	1
2015.301	1
2015.34	1
2015.34	1
2015.34	1
2015.184	1
2015.362	1
2015.951	1
2015.967	1
2015.951	1
2015.948	1
2015.986	1
2015.986	1
2015.967	1
2015.942	1
2014.866	1
2015.022	1
2014.866	1
2014.775	1
2014.973	1
2014.973	1
2015.063	1
2014.995	1
2015.085	1
2014.975	1
2014.975	1
2015.033	1
2014.915	1
2014.915	1
2015.052	1
2015.052	1
2014.877	1
2014.877	1
2014.644	1
2015	1
2015.071	1
2015.521	1
2015.145	1
2015.342	1
2015.118	1
2015.299	1
2015.784	1
2015.247	1
2015.247	1
2015.712	1
2015.773	1
2015.767	1
2015.77	1
2015.77	1
2015.77	1
2015.627	1
2015.715	1
2015.712	1
2015.696	1
2015.762	1
2015.666	1
2015.712	1
2015.71	1
2015.704	1
2015.773	1
2015.636	1
2015.696	1
2015.614	1
2015.614	1
2015.69	1
2015.69	1
2015.773	1
2015.625	1
2015.762	1
2015.682	1
2015.652	1
2015.732	1
2015.468	1
2015.532	1
2015.532	1
2015.877	1
2015.877	1
2015.745	1
2015.71	1
2015.723	1
2015.71	1
2015.707	1
2015.693	1
2015.636	1
2015.712	1
2015.723	1
2015.696	1
2015.701	1
2015.77	1
2015.647	1
2015.74	1
2015.74	1
2015.644	1
2015.696	1
2015.556	1
2015.795	1
2015.666	1
2015.663	1
2015.663	1
2015.663	1
2015.622	1
2015.742	1
2015.74	1
2015.685	1
2015.951	1
2015.378	1
2015.37	1
2015.208	1
2015.562	1
2015.562	1
2015.595	1
2015.595	1
2015.458	1
2015.63	1
2015.63	1
2015.468	1
2015.474	1
2015.474	1
2015.477	1
2015.474	1
2015.466	1
2015.893	1
2015.874	1
2015.734	1
2015.756	1
2015.753	1
2015.805	1
2015.77	1
2015.786	1
2015.838	1
2015.636	1
2014.91	1
2014.978	1
2015.518	1
2015.203	1
2015.764	1
2015.633	1
2015.573	1
2015.477	1
2015.51	1
2015	1
2015.688	1
2015.677	1
2015.745	1
2015.614	1
2015.6	1
2015.6	1
2015.622	1
2015.682	1
2015.471	1
2015.534	1
2015.611	1
2015.682	1
2015.701	1
2015.685	1
2015.49	1
2015.608	1
2015.559	1
2015.663	1
2015.712	1
2015.449	1
2015.449	1
2015.449	1
2015.512	1
2015.493	1
2015.474	1
2015.268	1
2015.482	1
2015.512	1
2015.707	1
2015.529	1
2015.789	1
2015.57	1
2015.578	1
2015.436	1
2015.436	1
2015.644	1
2015.71	1
2015.841	1
2015.874	1
2015.704	1
2015.605	1
2015.605	1
2015.729	1
2015.762	1
2015.71	1
2015.729	1
2015.742	1
2015.816	1
2015.704	1
2015.707	1
2015.715	1
2015.742	1
2015.63	1
2015.71	1
2015.707	1
2015.729	1
2015.904	1
2015.841	1
2015.729	1
2015.762	1
2015.493	1
2015.118	1
2015.54	1
2015.334	1
2014.8	1
2015.003	1
2015.099	1
2016.057	1
2015.942	1
2015.918	1
2015.819	1
2015.844	1
2015.86	1
2015.825	1
2015.874	1
2015.89	1
2015.877	1
2015.879	1
2015.964	1
2015.97	1
2015.97	1
2015.937	1
2015.984	1
2015.948	1
2016.005	1
2015.764	1
2015.899	1
2016.033	1
2016.161	1
2015.874	1
2015.866	1
2015.858	1
2015.893	1
2015.784	1
2015.721	1
2015.805	1
2015.805	1
2015.989	1
2016.014	1
2015.493	1
2015.463	1
2015.463	1
2015.493	1
2015.474	1
2015.482	1
2015.556	1
2015.934	1
2016.123	1
2016.117	1
2016.104	1
2014.956	1
2015.197	1
2015.523	1
2014.822	1
2014.822	1
2015.419	1
2015.419	1
2015.855	1
2015.485	1
2015.071	1
2015.581	1
2015.455	1
2015.455	1
2015.581	1
2015.427	1
2015.477	1
2015.592	1
2015.688	1
2015.636	1
2015.534	1
2015.518	1
2015.458	1
2015.458	1
2015.682	1
2015.682	1
2015.69	1
2015.751	1
2015.745	1
2015.129	1
2015.134	1
2015.189	1
2015.189	1
2015.266	1
2016.016	1
2015.529	1
2015.512	1
2015.529	1
2015.77	1
2015.77	1
2015.762	1
2015.819	1
2015.877	1
2015.877	1
2015.901	1
2015.74	1
2015.74	1
2015.745	1
2015.674	1
2015.737	1
2015.767	1
2015.263	1
2014.647	1
2014.515	1
2014.764	1
2014	1
2014.652	1
2015.216	1
2015.216	1
2014.786	1
2014.879	1
2014.786	1
2014.879	1
2014.819	1
2014.819	1
2014.729	1
2014.868	1
2014.868	1
2014.573	1
2014.819	1
2014.844	1
2014.926	1
2015.027	1
2014.819	1
2014.844	1
2014.926	1
2014.918	1
2014.918	1
2014.849	1
2014.847	1
2014.852	1
2014.849	1
2014.849	1
2014.852	1
2014.847	1
2014.956	1
2014.956	1
2014.956	1
2014.858	1
2014.858	1
2015.09	1
2015.09	1
2014.682	1
2015.011	1
2015.011	1
2015.068	1
2015.068	1
2015.156	1
2015.156	1
2014.975	1
2014.975	1
2015.148	1
2015.148	1
2015.096	1
2015.096	1
2015.049	1
2014.918	1
2014.918	1
2015.096	1
2015.096	1
2015.014	1
2015.014	1
2015.038	1
2014.608	1
2014.726	1
2014.753	1
2015.071	1
2015.082	1
2015.088	1
2016.019	1
2015.156	1
2015.156	1
2015.375	1
2015.03	1
2015.836	1
2015.836	1
2015.142	1
2014.934	1
2015.019	1
2014.934	1
2015.019	1
2015.148	1
2015.148	1
2015.589	1
2015.419	1
2015.455	1
2015.436	1
2015.359	1
2015.345	1
2015.227	1
2015.351	1
2015.222	1
2015.496	1
2015.342	1
2015.515	1
2015.86	1
2015.86	1
2015.436	1
2015.367	1
2015.079	1
2015.079	1
2015.773	1
2015.797	1
2015.797	1
2015.658	1
2015.663	1
2015.605	1
2015.658	1
2015.671	1
2015.644	1
2015.649	1
2015.701	1
2015.688	1
2015.715	1
2015.701	1
2015.732	1
2015.934	1
2015.74	1
2015.74	1
2016.295	1
2015.745	1
2015.764	1
2016.689	1
2016.675	1
2016.683	1
2016.773	1
2015.751	1
2015.685	1
2015.671	1
2015.77	1
2015.732	1
2015.723	1
2016.101	1
2016.09	1
2015.748	1
2015.778	1
2015.74	1
2015.778	1
2015.723	1
2015.751	1
2015.723	1
2015.932	1
2015.767	1
2015.688	1
2015.723	1
2016.232	1
2015.723	1
2015.721	1
2015.751	1
2015.751	1
2015.277	1
2015.277	1
2015.666	1
2015.471	1
2015.145	1
2015.145	1
2015.386	1
2015.027	1
2014.784	1
2015.236	1
2015.255	1
2014.784	1
2015.255	1
2015.236	1
2015.058	1
2015.058	1
2015.027	1
2015.027	1
2015.995	1
2015.167	1
2015.167	1
2015.041	1
2015.022	1
2015.186	1
2015.186	1
2015.627	1
2015.63	1
2015.627	1
2015.658	1
2015.627	1
2015.627	1
2015.63	1
2015.11	1
2015.11	1
2015.416	1
2015.499	1
2015.301	1
2015.301	1
2015.132	1
2015.132	1
2015.847	1
2014.932	1
2015.074	1
2015.074	1
2015.049	1
2015.405	1
2015.148	1
2015.148	1
2015.137	1
2015.137	1
2015.014	1
2015.014	1
2015.288	1
2015.079	1
2015.079	1
2015.022	1
2014.937	1
2014.937	1
2015.693	1
2015.353	1
2015.337	1
2015.721	1
2015.721	1
2016.014	1
2015.244	1
2015.244	1
2015.132	1
2015.132	1
2015.085	1
2015.241	1
2015.027	1
2015.085	1
2015.241	1
2015.055	1
2015.055	1
2015.068	1
2015.068	1
2015.208	1
2015.208	1
2015.038	1
2015.115	1
2015.115	1
2015.156	1
2015.156	1
2015.255	1
2015.255	1
2015.019	1
2015.011	1
2015.132	1
2014.973	1
2014.959	1
2016.175	1
2016.175	1
2015.863	1
2015.992	1
2014.984	1
2015.036	1
2015.375	1
2015.586	1
2015.616	1
2015.616	1
2014.959	1
2014.91	1
2015.164	1
2015.164	1
2014.962	1
2015.764	1
2015.764	1
2015.556	1
2015.677	1
2015.581	1
2015.581	1
2015.118	1
2015.118	1
2015.077	1
2015.077	1
2014.973	1
2015.682	1
2015.014	1
2015.014	1
2015.052	1
2015.052	1
2015.022	1
2015.362	1
2015.167	1
2015.707	1
2015.397	1
2015.397	1
2015.151	1
2015.233	1
2015.151	1
2015.233	1
2014.923	1
2015.074	1
2015.019	1
2015.019	1
2015.085	1
2015.085	1
2014.912	1
2014.995	1
2014.934	1
2014.937	1
2015.014	1
2015.019	1
2015.019	1
2015.027	1
2015.011	1
2015.047	1
2015.038	1
2015.038	1
2015.129	1
2015.049	1
2015.255	1
2015.2	1
2015.595	1
2015.208	1
2015.266	1
2015.244	1
2015.323	1
2015.627	1
2015.616	1
2015.09	1
2015.066	1
2015.052	1
2014.989	1
2014.992	1
2014.995	1
2014.973	1
2014.981	1
2014.97	1
2014.959	1
2014.921	1
2014.912	1
2014.934	1
2014.937	1
2015.019	1
2015.129	1
2015.014	1
2015.011	1
2015.019	1
2015.255	1
2015.2	1
2015.595	1
2016.005	1
2015.222	1
2015.222	1
2016.016	1
2016.025	1
2016.003	1
2015.838	1
2015.551	1
2015.301	1
2015.301	1
2015.11	1
2015.11	1
2015.011	1
2015.036	1
2015.589	1
2015.627	1
2015.682	1
2015.559	1
2015.559	1
2015.748	1
2015.282	1
2015.282	1
2015.54	1
2015.003	1
2015.003	1
2015.236	1
2015.595	1
2015.595	1
2015.134	1
2015.134	1
2014.992	1
2014.992	1
2015.016	1
2015.016	1
2015.482	1
2015.164	1
2015.282	1
2015.14	1
2015.181	1
2015.074	1
2015.093	1
2015.036	1
2015.282	1
2015.164	1
2015.222	1
2015.293	1
2015.293	1
2015.121	1
2015.121	1
2015.058	1
2015.337	1
2015.26	1
2015.255	1
2015.244	1
2015.222	1
2015.436	1
2015.038	1
2015.148	1
2015.148	1
2015.529	1
2015.529	1
2015.304	1
2015.195	1
2015.222	1
2015.222	1
2015.195	1
2015.222	1
2015.195	1
2015.353	1
2014.989	1
2014.989	1
2014.956	1
2014.956	1
2015.471	1
2016.303	1
2016.189	1
2015.244	1
2015.036	1
2015.625	1
2015.625	1
2014.923	1
2014.923	1
2015.058	1
2015.058	1
2015.027	1
2015.266	1
2015.266	1
2015.208	1
2015.208	1
2015.208	1
2015.586	1
2015.515	1
2015.515	1
2015.507	1
2015.518	1
2015.507	1
2015.518	1
2015.485	1
2015.485	1
2015.704	1
2015.37	1
2015.37	1
2015.71	1
2015.477	1
2015.732	1
2015.732	1
2015.921	1
2015.885	1
2015.885	1
2015.584	1
2015.584	1
2015.532	1
2015.553	1
2015.532	1
2015.584	1
2015.556	1
2015.468	1
2015.479	1
2015.586	1
2015.479	1
2015.595	1
2015.458	1
2015.468	1
2015.586	1
2015.493	1
2015.493	1
2015.542	1
2015.532	1
2016.158	1
2016.158	1
2015.762	1
2015.967	1
2016.101	1
2015.86	1
2015.833	1
2015.729	1
2015.671	1
2015.504	1
2015.504	1
2015.521	1
2015.518	1
2015.512	1
2015.51	1
2015.455	1
2015.455	1
2015.419	1
2015.458	1
2015.433	1
2015.425	1
2015.471	1
2015.468	1
2015.364	1
2015.477	1
2015.463	1
2015.46	1
2015.458	1
2015.556	1
2015.625	1
2015.608	1
2015.592	1
2015.605	1
2015.466	1
2015.463	1
2015.468	1
2015.553	1
2015.501	1
2015.499	1
2015.477	1
2015.51	1
2015.51	1
2015.501	1
2015.51	1
2015.496	1
2015.51	1
2015.649	1
2015.463	1
2015.499	1
2015.496	1
2015.496	1
2015.501	1
2015.496	1
2015.685	1
2015.685	1
2015.51	1
2015.51	1
2015.496	1
2015.477	1
2015.474	1
2015.521	1
2015.468	1
2015.496	1
2015.685	1
2015.504	1
2015.51	1
2015.504	1
2015.488	1
2015.504	1
2015.501	1
2015.501	1
2015.499	1
2015.493	1
2015.477	1
2015.477	1
2015.468	1
2015.46	1
2015.46	1
2015.46	1
2015.46	1
2015.474	1
2015.463	1
2015.608	1
2015.49	1
2015.762	1
2015.756	1
2015.759	1
2015.688	1
2015.699	1
2015.452	1
2015.51	1
2015.699	1
2015.707	1
2015.707	1
2015.696	1
2015.685	1
2015.663	1
2015.66	1
2015.66	1
2015.674	1
2015.608	1
2015.581	1
2015.715	1
2015.51	1
2015.501	1
2015.485	1
2015.504	1
2015.699	1
2015.625	1
2015.619	1
2015.63	1
2015.633	1
2015.622	1
2015.63	1
2015.66	1
2015.688	1
2015.452	1
2015.452	1
2015.69	1
2015.69	1
2015.696	1
2015.696	1
2015.586	1
2015.548	1
2015.548	1
2015.551	1
2015.551	1
2015.712	1
2015.712	1
2015.701	1
2015.701	1
2015.699	1
2015.693	1
2015.685	1
2015.682	1
2015.658	1
2015.658	1
2015.658	1
2015.537	1
2015.534	1
2015.682	1
2015.521	1
2015.677	1
2015.784	1
2015.803	1
2015.658	1
2015.507	1
2015.762	1
2015.759	1
2015.468	1
2015.458	1
2015.463	1
2015.463	1
2015.46	1
2015.471	1
2015.419	1
2015.556	1
2015.625	1
2015.468	1
2015.458	1
2015.433	1
2015.425	1
2015.605	1
2015.592	1
2015.466	1
2015.553	1
2015.477	1
2015.504	1
2015.518	1
2015.512	1
2015.542	1
2015.507	1
2015.507	1
2015.452	1
2015.542	1
2015.542	1
2015.493	1
2015.268	1
2015.682	1
2015.688	1
2015.515	1
2015.515	1
2015.482	1
2015.482	1
2015.679	1
2015.471	1
2015.562	1
2015.54	1
2015.479	1
2015.479	1
2015.756	1
2015.767	1
2015.767	1
2015.479	1
2015.458	1
2015.496	1
2015.679	1
2015.279	1
2015.447	1
2015.69	1
2015.504	1
2015.764	1
2015.781	1
2015.762	1
2015.764	1
2015.751	1
2015.786	1
2015.764	1
2015.786	1
2015.54	1
2015.468	1
2015.707	1
2015.586	1
2015.586	1
2015.586	1
2015.575	1
2015.575	1
2015.575	1
2015.575	1
2015.575	1
2015.562	1
2015.575	1
2015.575	1
2015.575	1
2015.575	1
2015.575	1
2015.575	1
2015.575	1
2015.575	1
2015.575	1
2015.575	1
2015.575	1
2015.562	1
2015.575	1
2015.575	1
2015.575	1
2015.575	1
2015.575	1
2015.575	1
2015.575	1
2015.575	1
2015.416	1
2015.395	1
2015.71	1
2015.71	1
2015.734	1
2015.816	1
2015.668	1
2015.668	1
2015.701	1
2015.712	1
2015.701	1
2015.701	1
2015.721	1
2015.77	1
2015.712	1
2015.474	1
2015.474	1
2015.759	1
2015.759	1
2015.573	1
2015.573	1
2015.649	1
2015.633	1
2015.633	1
2015.586	1
2015.6	1
2015.701	1
2015.586	1
2015.6	1
2015.677	1
2015.238	1
2015.238	1
2015.049	1
2015	1
2015	1
2014.989	1
2014.989	1
2015.279	1
2015.279	1
2015.047	1
2015.173	1
2015.173	1
2015.145	1
2015	1
2014.967	1
2015.058	1
2015.058	1
2015.173	1
2015.173	1
2015.266	1
2015.548	1
2015.622	1
2015.118	1
2015.016	1
2015.016	1
2015.592	1
2015.532	1
2015.044	1
2015.34	1
2015.071	1
2015.071	1
2015.03	1
2015	1
2015	1
2015.575	1
2015.781	1
2015.781	1
2015.666	1
2014.921	1
2014.921	1
2015	1
2015	1
2015.173	1
2015.107	1
2015.107	1
2014.945	1
2014.945	1
2015.219	1
2015.493	1
2015.493	1
2014.94	1
2014.94	1
2015.011	1
2015.014	1
2015.011	1
2015.014	1
2015.088	1
2015.529	1
2015.57	1
2015.567	1
2015.567	1
2015.647	1
2015.647	1
2015.589	1
2015.019	1
2015.189	1
2015.189	1
2015.477	1
2015.592	1
2015.611	1
2015.463	1
2014.789	1
2015.156	1
2015.181	1
2015.156	1
2015.181	1
2015.729	1
2015.729	1
2015.022	1
2015.033	1
2015.356	1
2015.893	1
2015.773	1
2015.811	1
2015.805	1
2015.797	1
2015.923	1
2015.208	1
2015.789	1
2015.803	1
2015.797	1
2015.682	1
2015.8	1
2015.8	1
2015.8	1
2015.8	1
2015.69	1
2015.8	1
2015.71	1
2015.71	1
2015.825	1
2015.778	1
2015.751	1
2015.715	1
2015.71	1
2015.701	1
2015.696	1
2015.693	1
2015.699	1
2015.712	1
2015.715	1
2015.704	1
2015.589	1
2015.63	1
2015.63	1
2015.627	1
2015.666	1
2015.627	1
2015.627	1
2015.647	1
2015.619	1
2015.666	1
2015.644	1
2015.589	1
2015.701	1
2015.671	1
2015.674	1
2015.627	1
2015.923	1
2015.521	1
2015.858	1
2015.858	1
2016.03	1
2015.986	1
2015.986	1
2016.014	1
2016.158	1
2016.126	1
2016.175	1
2016.074	1
2015.742	1
2015.874	1
2015.644	1
2015.644	1
2015.556	1
2015.953	1
2015.904	1
2015.904	1
2015.997	1
2016.022	1
2015.926	1
2015.926	1
2015.899	1
2015.953	1
2015.816	1
2016.033	1
2015.838	1
2015.964	1
2016.016	1
2016.016	1
2015.882	1
2015.882	1
2015.586	1
2015.586	1
2015.395	1
2015.51	1
2015.847	1
2016.003	1
2015.923	1
2015.923	1
2015.836	1
2015.685	1
2015.863	1
2015.863	1
2015.942	1
2015.945	1
2015.696	1
2015.723	1
2015.688	1
2015.608	1
2015.605	1
2015.605	1
2015.693	1
2015.696	1
2015.688	1
2015.66	1
2015.655	1
2015.622	1
2015.605	1
2015.688	1
2015.655	1
2016.566	1
2016.033	1
2015.989	1
2015.704	1
2015.704	1
2015.704	1
2015.704	1
2015.704	1
2015.704	1
2015.704	1
2015.704	1
2015.493	1
2015.816	1
2015.688	1
2015.822	1
2015.915	1
2015.773	1
2015.822	1
2015.573	1
2015.573	1
2015.192	1
2015.192	1
2015.416	1
2015.384	1
2015.403	1
2015.797	1
2015.797	1
2015.784	1
2015.192	1
2015.192	1
2015.016	1
2015.014	1
2015.014	1
2015.016	1
2015.482	1
2015.036	1
2015.403	1
2014.825	1
2014.882	1
2014.882	1
2014.918	1
2014.951	1
2015.123	1
2015.052	1
2015.03	1
2015.047	1
2015.016	1
2015.156	1
2015.151	1
2015.167	1
2015.455	1
2015.414	1
2015.8	1
2015.468	1
2015.088	1
2014.97	1
2014.896	1
2014.825	1
2014.882	1
2014.918	1
2014.951	1
2015.151	1
2015.016	1
2015.167	1
2015.041	1
2014.992	1
2015.151	1
2015.151	1
2015.718	1
2015.197	1
2015.285	1
2015.079	1
2015.189	1
2015.189	1
2015.063	1
2015.063	1
2015.099	1
2015.099	1
2015.923	1
2015.825	1
2016.612	1
2016.388	1
2016.514	1
2016.571	1
2016.563	1
2016.566	1
2016.549	1
2015.8	1
2016.631	1
2016.765	1
2015.625	1
2015.625	1
2015.781	1
2015.718	1
2015.718	1
2015.589	1
2015.589	1
2015.701	1
2015.644	1
2015.644	1
2015.663	1
2015.663	1
2015.252	1
2015.252	1
2015.099	1
2015.099	1
2015.036	1
2014.923	1
2014.962	1
2014.91	1
2014.611	1
2015.011	1
2015.164	1
2015.164	1
2015.17	1
2015.17	1
2015.463	1
2016.142	1
2015.682	1
2015.452	1
2016.637	1
2016.781	1
2016.781	1
2016.735	1
2016.74	1
2016.986	1
2016.052	1
2016.224	1
2016.683	1
2016.404	1
2016.243	1
2016.243	1
2016.197	1
2015.633	1
2015.63	1
2015.668	1
2015.797	1
2015.805	1
2015.879	1
2015.74	1
2015.803	1
2015.8	1
2015.764	1
2015.836	1
2015.819	1
2015.762	1
2015.762	1
2015.814	1
2015.814	1
2015.797	1
2015.797	1
2015.792	1
2015.797	1
2015.836	1
2015.805	1
2015.797	1
2015.868	1
2015.882	1
2015.778	1
2015.929	1
2015.868	1
2015.666	1
2015.74	1
2015.932	1
2015.948	1
2015.901	1
2015.778	1
2015.778	1
2015.559	1
2015.699	1
2015.855	1
2015.647	1
2015.581	1
2015.704	1
2015.493	1
2015.682	1
2015.781	1
2015.855	1
2015.553	1
2015.534	1
2016.033	1
2015.682	1
2015.682	1
2015.444	1
2015.444	1
2016.325	1
2016.317	1
2016.317	1
2015.901	1
2015.893	1
2015.838	1
2015.838	1
2015.893	1
2015.896	1
2015.458	1
2015.616	1
2016.068	1
2015.342	1
2015.258	1
2015.556	1
2015.564	1
2015.564	1
2015.433	1
2015.433	1
2015.496	1
2015.677	1
2015.685	1
2015.745	1
2015.441	1
2015.441	1
2016.126	1
2015.748	1
2015.745	1
2015.775	1
2016.164	1
2015.811	1
2015.951	1
2016.23	1
2016.098	1
2016.123	1
2016.071	1
2016.281	1
2016.281	1
2015.888	1
2015.581	1
2016.145	1
2016.145	1
2016.066	1
2016.066	1
2016.126	1
2016.126	1
2016.096	1
2015.981	1
2016.402	1
2016.402	1
2016.402	1
2016.09	1
2016.437	1
2016.478	1
2016.593	1
2016.363	1
2016.363	1
2016.257	1
2016.303	1
2016.314	1
2016.301	1
2016.505	1
2016.32	1
2016.32	1
2016.262	1
2016.232	1
2016.232	1
2016.235	1
2016.257	1
2016.257	1
2016.301	1
2016.301	1
2016.301	1
2016.189	1
2016.189	1
2015.737	1
2016.486	1
2015.707	1
2016.107	1
2016.27	1
2015.682	1
2016.648	1
2016.298	1
2016.281	1
2016.284	1
2016.301	1
2016.27	1
2016.169	1
2015.833	1
2015.825	1
2015.836	1
2015.701	1
2015.701	1
2015.866	1
2015.866	1
2016.046	1
2016.096	1
2015.685	1
2016.208	1
2016.068	1
2016.344	1
2016.254	1
2016.167	1
2016.164	1
2016.03	1
2015.932	1
2016.12	1
2016.112	1
2016.175	1
2016.027	1
2016.142	1
2016.363	1
2016.358	1
2016.148	1
2016.148	1
2015.797	1
2015.477	1
2015.668	1
2015.781	1
2015.759	1
2015.753	1
2015.764	1
2015.753	1
2015.781	1
2015.679	1
2015.597	1
2015.597	1
2015.682	1
2015.792	1
2015.942	1
2015.701	1
2015.748	1
2015.748	1
2015.671	1
2015.753	1
2015.699	1
2015.715	1
2015.69	1
2015.953	1
2015.701	1
2015.847	1
2015.819	1
2015.871	1
2015.614	1
2015.49	1
2015.532	1
2015.627	1
2015.644	1
2015.553	1
2015.764	1
2015.526	1
2015.644	1
2015.671	1
2015.474	1
2015.512	1
2015.521	1
2015.836	1
2016.131	1
2016.413	1
2016.131	1
2016.068	1
2016.098	1
2016.041	1
2016.139	1
2016.161	1
2015.893	1
2016.052	1
2016.03	1
2016.085	1
2015.926	1
2015.926	1
2015.942	1
2015.942	1
2015.978	1
2015.89	1
2015.953	1
2015.951	1
2015.942	1
2016.093	1
2015.756	1
2015.756	1
2015.827	1
2015.778	1
2015.759	1
2015.759	1
2015.671	1
2015.767	1
2015.767	1
2015.723	1
2015.704	1
2017.033	1
2017.205	1
2017.11	1
2016.986	1
2017.222	1
2017.197	1
2017.142	1
2017.142	1
2018.159	1
2017.726	1
2017.77	1
2017.8	1
2017.8	1
2017.762	1
2017.677	1
2017.677	1
2017.69	1
2017.718	1
2017.718	1
2017.685	1
2017.715	1
2017.682	1
2017.71	1
2017.718	1
2017.721	1
2017.745	1
2017.712	1
2017.712	1
2017.721	1
2017.701	1
2017.701	1
2017.616	1
2017.682	1
2017.721	1
2017.712	1
2017.712	1
2017.69	1
2017.622	1
2017.619	1
2017.712	1
2017.721	1
2017.696	1
2017.811	1
2017.811	1
2017.797	1
2017.836	1
2017.836	1
2017.767	1
2017.696	1
2017.701	1
2017.701	1
2017.699	1
2017.619	1
2017.699	1
2017.789	1
2017.751	1
2017.696	1
2017.696	1
2017.981	1
2017.712	1
2017.712	1
2017.808	1
2017.712	1
2017.693	1
2017.693	1
2017.816	1
2017.751	1
2017.792	1
2017.616	1
2017.896	1
2017.896	1
2017.77	1
2017.836	1
2017.718	1
2017.682	1
2017.712	1
2017.721	1
2017.712	1
2017.693	1
2017.625	1
2017.721	1
2017.721	1
2017.688	1
2017.699	1
2017.795	1
2017.625	1
2017.751	1
2017.751	1
2017.751	1
2017.751	1
2017.679	1
2017.679	1
2017.762	1
2017.718	1
2017.718	1
2017.685	1
2017.685	1
2017.699	1
2017.721	1
2017.688	1
2017.688	1
2017.836	1
2017.682	1
2017.701	1
2017.721	1
2017.923	1
2017.537	1
2017.989	1
2018.238	1
2018.244	1
2018.244	1
2018.238	1
2018.153	1
2018.153	1
2018.164	1
2018.044	1
2018.159	1
2018.085	1
2018.085	1
2018.236	1
2018.236	1
2017.816	1
2017.77	1
2018.077	1
2018.077	1
2018.23	1
2018.23	1
2018	1
2017.888	1
2017.734	1
2017.463	1
2017.463	1
2017.97	1
2017.97	1
2018.06	1
2017.529	1
2017.997	1
2017.775	1
2017.786	1
2017.797	1
2017.797	1
2017.589	1
2018.189	1
2018.189	1
2018.307	1
2018.285	1
2017.951	1
2017.951	1
2018.145	1
2018.274	1
2018.115	1
2018.203	1
2018.274	1
2018.2	1
2018.099	1
2018.162	1
2018.085	1
2018.085	1
2018.104	1
2018.104	1
2018.871	1
2018.871	1
2018.504	1
2018.504	1
2018.847	1
2018.885	1
2018.847	1
2019.134	1
2019.115	1
2018.962	1
2018.984	1
2018.921	1
2019.14	1
2019.121	1
2019.134	1
2018.962	1
2018.984	1
2018.668	1
2018.668	1
2018.907	1
2018.94	1
2018.94	1
2018.907	1
2019.134	1
2019.104	1
2018.907	1
2018.904	1
2018.907	1
2018.904	1
2019.085	1
2019.003	1
2019.142	1
2019.142	1
2018.781	1
2018.647	1
2018.701	1
2019.074	1
2018.523	1
2018.523	1
2018.699	1
2018.699	1
2018.997	1
2018.997	1
2018.773	1
2018.773	1
2019.016	1
2018.967	1
2018.964	1
2019.027	1
2019.06	1
2019.137	1
2019.151	1
2018.984	1
2019.121	1
2019.096	1
2019.112	1
2019.008	1
2019.126	1
2019.112	1
2019.121	1
2019.055	1
2018.219	1
2018.041	1
2017.756	1
2017.677	1
2017.992	1
2018.192	1
2018.077	1
2017.447	1
2018.044	1
2017.496	1
2017.496	1
2018.101	1
2017.929	1
2018.011	1
2018.025	1
2017.652	1
2017.427	1
2017.847	1
2018.06	1
2017.734	1
2018.271	1
2017.605	1
2018.038	1
2018.066	1
2018.825	1
2018.584	1
2018.521	1
2017.945	1
2017.463	1
2017.729	1
2017.742	1
2017.726	1
2017.66	1
2018.033	1
2018.036	1
2018.041	1
2018.142	1
2018.066	1
2018.008	1
2018.008	1
2017.97	1
2017.97	1
2018.586	1
2017.803	1
2017.685	1
2017.425	1
2018.044	1
2017.904	1
2017.904	1
2017.874	1
2017.858	1
2017.838	1
2017.863	1
2017.942	1
2017.91	1
2017.964	1
2017.962	1
2017.986	1
2017.877	1
2017.877	1
2017.877	1
2017.874	1
2017.888	1
2017.863	1
2017.97	1
2018.005	1
2017.849	1
2018.06	1
2018.115	1
2018.008	1
2017.849	1
2018.022	1
2017.43	1
2017.455	1
2017.54	1
2017.444	1
2017.455	1
2017.542	1
2017.537	1
2017.534	1
2017.548	1
2017.595	1
2017.589	1
2017.441	1
2017.441	1
2017.447	1
2017.614	1
2017.54	1
2017.537	1
2017.589	1
2017.548	1
2017.542	1
2017.54	1
2017.644	1
2017.551	1
2017.512	1
2017.493	1
2017.455	1
2017.493	1
2017.378	1
2017.427	1
2017.51	1
2017.718	1
2017.762	1
2017.759	1
2017.803	1
2017.441	1
2017.614	1
2017.797	1
2017.795	1
2017.792	1
2017.792	1
2017.789	1
2017.581	1
2017.636	1
2017.641	1
2017.803	1
2017.663	1
2017.789	1
2017.797	1
2017.644	1
2017.616	1
2017.605	1
2017.693	1
2017.575	1
2017.677	1
2017.625	1
2017.638	1
2017.732	1
2017.619	1
2017.649	1
2017.712	1
2017.652	1
2017.627	1
2017.636	1
2017.616	1
2017.636	1
2017.644	1
2017.962	1
2018.197	1
2018.268	1
2017.74	1
2017.868	1
2017.868	1
2017.756	1
2017.756	1
2018.11	1
2018.11	1
2017.359	1
2017.504	1
2017.616	1
2017.715	1
2017.715	1
2017.792	1
2017.696	1
2017.677	1
2017.658	1
2017.641	1
2017.636	1
2017.603	1
2017.567	1
2017.562	1
2017.37	1
2017.63	1
2017.474	1
2018.2	1
2018.2	1
2017.827	1
2017.948	1
2017.923	1
2017.803	1
2017.83	1
2018.085	1
2017.723	1
2017.948	1
2017.833	1
2017.874	1
2017.855	1
2017.808	1
2017.805	1
2017.915	1
2017.923	1
2017.942	1
2017.973	1
2017.425	1
2017.589	1
2017.636	1
2017.948	1
2017.91	1
2017.852	1
2017.855	1
2018.241	1
2018.241	1
2018.241	1
2018.101	1
2018.258	1
2017.978	1
2018.225	1
2018.225	1
2018.225	1
2017.751	1
2017.753	1
2017.751	1
2017.753	1
2017.655	1
2017.808	1
2017.847	1
2017.847	1
2017.751	1
2017.792	1
2017.674	1
2017.627	1
2017.671	1
2017.663	1
2017.638	1
2017.888	1
2018.252	1
2018.252	1
2019.184	1
2019.238	1
2019.23	1
2019.038	1
2019.23	1
2019.63	1
2019.463	1
2019.332	1
2019.526	1
2019.507	1
2019.485	1
2019.482	1
2019.63	1
2019.573	1
2019.466	1
2019.48	1
2019.367	1
2019.367	1
2019.367	1
2019.367	1
2019.189	1
2019.112	1
2019.153	1
2019.074	1
2019.079	1
2019.093	1
2019.118	1
2019.159	1
2019.151	1
2018.745	1
2019.104	1
2018.751	1
2018.737	1
2018.721	1
2019.647	1
2019.647	1
2019.879	1
2019.69	1
2019.595	1
2019.83	1
2020.025	1
2019.233	1
2019.153	1
2018.964	1
2018.89	1
2019.068	1
2019.038	1
2019.038	1
2019.074	1
2019.219	1
2019.027	1
2018.997	1
2018.997	1
2019.323	1
2019.216	1
2019.381	1
2019.46	1
2019.479	1
2019.019	1
2019.019	1
2019.532	1
2019.532	1
2018.767	1
2019.466	1
2018.888	1
2018	1
2018.792	1
2018.792	1
2018.792	1
2019.4	1
2018.756	1
2018.748	1
2018.784	1
2019.173	1
2018.753	1
2018.753	1
2018.701	1
2018.701	1
2019.132	1
2019.11	1
2018.849	1
2018.792	1
2018.767	1
2018.849	1
2018.899	1
2018.94	1
2018.975	1
2018.942	1
2018.753	1
2018.663	1
2018.718	1
2018.753	1
2018.718	1
2019	1
2018.663	1
2018.682	1
2018.718	1
2018.693	1
2018.69	1
2018.693	1
2018.682	1
2018.682	1
2018.975	1
2019.066	1
2019.06	1
2018.94	1
2018.748	1
2018.83	1
2018.682	1
2018.69	1
2018.693	1
2018.693	1
2018.71	1
2018.899	1
2018.929	1
2018.797	1
2019.066	1
2018.871	1
2018.83	1
2018.888	1
2018.929	1
2019.025	1
2019.06	1
2018.871	1
2018.803	1
2018.773	1
2018.975	1
2018.975	1
2018.921	1
2018.748	1
2018.849	1
2018.773	1
2019.115	1
2019.058	1
2019.159	1
2019.222	1
2019.074	1
2019.093	1
2018.888	1
2018.888	1
2019.074	1
2018.904	1
2018.904	1
2019.093	1
2019.093	1
2018.819	1
2018.844	1
2018.819	1
2018.844	1
2018.901	1
2018.901	1
2018.89	1
2018.942	1
2018.942	1
2018.942	1
2018.797	1
2018.748	1
2018.748	1
2018.715	1
2018.715	1
2019.156	1
2019.214	1
2019.211	1
2018.805	1
2019.153	1
2019.071	1
2019.096	1
2019.096	1
2019.036	1
2019.099	1
2019.038	1
2019.074	1
2019.17	1
2019.129	1
2019.137	1
2019.17	1
2019.14	1
2019.118	1
2019.101	1
2019.805	1
2019.751	1
2019.756	1
2019.756	1
2019.581	1
2019.477	1
2019.477	1
2019.581	1
2019.164	1
2019.192	1
2019.016	1
2019.121	1
2019.537	1
2019.537	1
2019.616	1
2019.797	1
2019.792	1
2019.797	1
2019.792	1
2019.805	1
2019.77	1
2019.762	1
2019.781	1
2019.86	1
2019.77	1
2019.751	1
2019.767	1
2019.86	1
2019.54	1
2019.093	1
2019.184	1
2019.132	1
2018.701	1
2018.811	1
2018.855	1
2018.855	1
2018.685	1
2018.797	1
2018.797	1
2018.797	1
2018.926	1
2018.715	1
2018.715	1
2019.104	1
2019.033	1
2019.403	1
2018.792	1
2019.575	1
2019.668	1
2019.863	1
2019.907	1
2019.888	1
2019.907	1
2019.888	1
2019.984	1
2019.953	1
2019.104	1
2019.175	1
2019.175	1
2019.151	1
2019.151	1
2018.942	1
2018.888	1
2018.904	1
2018.888	1
2018.899	1
2018.874	1
2018.904	1
2018.874	1
2018.838	1
2018.866	1
2018.975	1
2018.975	1
2018.956	1
2018.956	1
2018.792	1
2018.792	1
2019.326	1
2018.975	1
2018.975	1
2019.093	1
2019.093	1
2019.46	1
2018.855	1
2018.929	1
2018.893	1
2018.893	1
2019.479	1
2018.756	1
2018.753	1
2018.753	1
2018.715	1
2018.732	1
2018.734	1
2018.767	1
2018.734	1
2018.734	1
2018.734	1
2018.767	1
2018.822	1
2018.822	1
2019.016	1
2019.016	1
2019.079	1
2018.964	1
2018.964	1
2018.964	1
2018.94	1
2018.94	1
2018.964	1
2019.112	1
2018.849	1
2018.849	1
2018.847	1
2018.893	1
2019.005	1
2019.704	1
2019.71	1
2019.844	1
2019.425	1
2019.537	1
2019.918	1
2019.855	1
2019.855	1
2019.885	1
2019.899	1
2019.844	1
2019.937	1
2019.77	1
2019.896	1
2019.458	1
2020.011	1
2019.384	1
2019.901	1
2019.652	1
2019.638	1
2019.764	1
2020.186	1
2020.186	1
2019.759	1
2019.301	1
2019.671	1
2020.191	1
2019.052	1
2019.052	1
2018.773	1
2018.773	1
2018.773	1
2018.773	1
2019.537	1
2019.274	1
2019.266	1
2019.392	1
2019.879	1
2019.534	1
2018.932	1
2019.055	1
2019.178	1
2019.411	1
2018.729	1
2019.288	1
2019.082	1
2018.063	1
2019.063	1
2019.079	1
2019.077	1
2019.063	1
2019.288	1
2019.288	1
2019.849	1
2019.438	1
2019.438	1
2019.721	1
2019.11	1
2019.159	1
2019.216	1
2019.545	1
2019.545	1
2019.156	1
2019.151	1
2020.079	1
2019.173	1
2019.142	1
2019.238	1
2019.216	1
2019.192	1
2019.249	1
2019.151	1
2019.197	1
2019.197	1
2019.238	1
2019.238	1
2019.753	1
2019.326	1
2019.359	1
2019.395	1
2019.255	1
2019.23	1
2019.707	1
2020.194	1
2020.117	1
2020.169	1
2020.169	1
2020.167	1
2020.041	1
2020.186	1
2020.137	1
2019.151	1
2019.34	1
2019.34	1
2019.233	1
2019.249	1
2019.241	1
2019.271	1
2019.145	1
2019.447	1
2019.447	1
2019.274	1
2019.096	1
2019.162	1
2019.274	1
2019.175	1
2019.175	1
2019.159	1
2019.488	1
2019.112	1
2019.367	1
2019.63	1
2019.825	1
2020.087	1
2020.087	1
2019.164	1
2019.101	1
2019.107	1
2019.093	1
2019.679	1
2019.679	1
2019.803	1
2019.803	1
2019.805	1
2019.786	1
2019.786	1
2019.805	1
2019.775	1
2019.956	1
2019.956	1
2020.036	1
2020.036	1
2019.981	1
2019.997	1
2019.49	1
2019.532	1
2019.49	1
2019.644	1
2019.556	1
2019.644	1
2019.151	1
2019.151	1
2019.175	1
2020.025	1
2020.019	1
2020.014	1
2020.014	1
2020.019	1
2020.016	1
2020.019	1
2020.016	1
2020.014	1
2019.995	1
2019.995	1
2020.038	1
2020.038	1
2019.016	1
2019.06	1
2018	1
2019.145	1
2019.345	1
2019.085	1
2019.553	1
2019.671	1
2019.712	1
2019.704	1
2019.57	1
2019.57	1
2019.732	1
2019.956	1
2019.696	1
2020.038	1
2019.597	1
2019.751	1
2019.559	1
2019.611	1
2019.512	1
2019.493	1
2019.559	1
2019.493	1
2019.532	1
2019.611	1
2019.682	1
2019.729	1
2020.186	1
2019.526	1
2019.526	1
2019.693	1
2019.625	1
2019.625	1
2019.425	1
2019.479	1
2020.079	1
2020.036	1
2020.036	1
2020.036	1
2020.036	1
2019.712	1
2019.841	1
2019.77	1
2019.751	1
2019.805	1
2019.66	1
2019.633	1
2019.677	1
2019.71	1
2019.86	1
2019.822	1
2020.09	1
2019.841	1
2019.86	1
2019.997	1
2019.997	1
2019.841	1
2019.899	1
2019.899	1
2020.09	1
2020.052	1
2020.052	1
2019.729	1
2019.86	1
2019.956	1
2019.805	1
2019.877	1
2020.09	1
2020.016	1
2019.652	1
2019.655	1
2019.899	1
2019.622	1
2019.616	1
2020.036	1
2020.003	1
2020.003	1
2020.036	1
2019.252	1
2019.258	1
2019.323	1
2019.688	1
2019.11	1
2019.43	1
2019.055	1
2019.299	1
2019.299	1
2019.142	1
2019.334	1
2019.343	1
2019.142	1
2019.197	1
2020.014	1
2020.052	1
2019.359	1
2019.359	1
2019.367	1
2019.09	1
2019.09	1
2019.066	1
2019.197	1
2019.293	1
2019.293	1
2019.386	1
2019.148	1
2019.233	1
2019.233	1
2019.501	1
2019.23	1
2019.197	1
2019.216	1
2019.173	1
2019.195	1
2019.326	1
2019.326	1
2019.079	1
2019.197	1
2019.197	1
2019.296	1
2019.044	1
2019.408	1
2019.408	1
2019.126	1
2019.54	1
2019.54	1
2019.74	1
2019.962	1
2019.962	1
2020.112	1
2020.112	1
2020.025	1
2019.995	1
2019.995	1
2019.342	1
2019.342	1
2019.896	1
2019.252	1
2019.252	1
2019.258	1
2019.69	1
2019.69	1
2019.178	1
2019.181	1
2019.323	1
2019.732	1
2019.732	1
2019.729	1
2019.359	1
2019.389	1
2019.995	1
2019.926	1
2019.926	1
2019.915	1
2019.915	1
2020.082	1
2020.134	1
2019.882	1
2019.89	1
2019.192	1
2019.189	1
2019.348	1
2019.285	1
2019.247	1
2019.271	1
2019.2	1
2019.219	1
2019.203	1
2019.17	1
2019.178	1
2019.323	1
2019.375	1
2019.326	1
2019.301	1
2019.279	1
2019.299	1
2019.288	1
2019.279	1
2019.263	1
2019.315	1
2019.293	1
2019.107	1
2019.107	1
2019.395	1
2019.2	1
2019.359	1
2020.052	1
2019.074	1
2019.23	1
2019.285	1
2019.345	1
2019.345	1
2019.345	1
2019.26	1
2019.54	1
2019.54	1
2019.537	1
2019.529	1
2019.537	1
2019.54	1
2019.54	1
2019.386	1
2019.34	1
2019.285	1
2019.23	1
2019.189	1
2019.189	1
2019.419	1
2019.419	1
2019.444	1
2019.444	1
2019.444	1
2019.444	1
2019.556	1
2019.54	1
2019.54	1
2019.079	1
2019.079	1
2019.101	1
2019.816	1
2019.488	1
2019.488	1
2019.381	1
2019.921	1
2019.921	1
2019.866	1
2019.975	1
2019.636	1
2019.351	1
2019.37	1
2019.515	1
2019.745	1
2019.515	1
2019.515	1
2019.485	1
2019.31	1
2019.315	1
2019.362	1
2019.362	1
2019.101	1
2019.29	1
2019.332	1
2019.252	1
2019.474	1
2019.255	1
2019.356	1
2019.515	1
2019.581	1
2019.923	1
2019.923	1
2019.918	1
2019.918	1
2019.918	1
2019.918	1
2019.773	1
2019.773	1
2019.852	1
2019.852	1
2019.501	1
2019.553	1
2019.553	1
2019.696	1
2019.696	1
2019.447	1
2019.477	1
2019.499	1
2019.521	1
2019.447	1
2019.477	1
2019.499	1
2019.521	1
2019.564	1
2019.564	1
2019.54	1
2019.54	1
2019.918	1
2019.942	1
2019.942	1
2020.186	1
2019.737	1
2019.721	1
2019.984	1
2019.984	1
2020.079	1
2020.079	1
2019.901	1
2019.91	1
2019.995	1
2019.742	1
2019.737	1
2019.775	1
2019.822	1
2019.814	1
2019.871	1
2019.742	1
2019.773	1
2019.874	1
2019.775	1
2019.893	1
2019.912	1
2019.784	1
2019.784	1
2019.882	1
2019.918	1
2019.948	1
2019.847	1
2019.995	1
2019.953	1
2019.973	1
2019.973	1
2019.953	1
2019.953	1
2019.986	1
2019.986	1
2019.975	1
2019.975	1
2019.986	1
2019.986	1
2019.975	1
2019.975	1
2019.981	1
2019.981	1
2020.03	1
2020.003	1
2020.107	1
2020.169	1
2020.096	1
2019.959	1
2019.844	1
2019.852	1
2019.896	1
2019.973	1
2019.959	1
2019.967	1
2019.805	1
2019.811	1
2019.871	1
2019.871	1
2019.23	1
2019.422	1
2019.422	1
2019.422	1
2019.4	1
2019.781	1
2019.521	1
2019.329	1
2019.562	1
2019.562	1
2019.427	1
2019.515	1
2019.485	1
2019.825	1
2019.992	1
2020.025	1
2019.871	1
2019.753	1
2019.753	1
2019.764	1
2019.803	1
2019.803	1
2019.877	1
2019.866	1
2019.866	1
2020.06	1
2020.216	1
2020.216	1
2019.964	1
2020.003	1
2020.186	1
2020.186	1
2020.139	1
2020.139	1
2019.721	1
2019.721	1
2019.784	1
2019.937	1
2019.888	1
2019.888	1
2019.6	1
2019.671	1
2019.6	1
2019.784	1
2019.77	1
2019.805	1
2019.751	1
2019.792	1
2019.786	1
2019.805	1
2019.814	1
2019.83	1
2019.775	1
2019.784	1
2019.77	1
2019.838	1
2019.838	1
2019.748	1
2019.786	1
2019.748	1
2019.871	1
2019.871	1
2019.805	1
2019.805	1
2019.805	1
2019.808	1
2019.811	1
2019.849	1
2019.841	1
2019.814	1
2019.942	1
2019.942	1
2019.638	1
2019.638	1
2019.447	1
2019.466	1
2019.26	1
2019.532	1
2019.532	1
2019.699	1
2019.699	1
2019.704	1
2019.784	1
2019.534	1
2019.534	1
2019.521	1
2019.4	1
2019.26	1
2019.211	1
2019.526	1
2019.403	1
2019.715	1
2019.488	1
2019.381	1
2019.458	1
2019.567	1
2019.567	1
2019.551	1
2019.551	1
2019.323	1
2019.767	1
2019.471	1
2019.71	1
2019.408	1
2019.403	1
2019.37	1
2019.468	1
2019.778	1
2019.778	1
2020.033	1
2019.584	1
2019.584	1
2019.466	1
2019.781	1
2020.044	1
2020.044	1
2019.715	1
2019.748	1
2019.937	1
2019.937	1
2020.014	1
2019.655	1
2019.899	1
2019.899	1
2019.803	1
2019.696	1
2019.696	1
2020	1
2020.093	1
2020.153	1
2019.847	1
2020.03	1
2019.847	1
2019.838	1
2019.838	1
2019.951	1
2019.951	1
2019.918	1
2019.918	1
2019.753	1
2019.693	1
2020.003	1
2020.03	1
2019.663	1
2019.781	1
2019.781	1
2019.803	1
2019.784	1
2019.803	1
2019.784	1
2019.644	1
2019.644	1
2020.005	1
2020.003	1
2019.995	1
2019.995	1
2020.003	1
2019.69	1
2019.69	1
2019.553	1
2019.553	1
2019.553	1
2019.526	1
2019.545	1
2019.638	1
2019.663	1
2019.622	1
2019.638	1
2019.718	1
2019.679	1
2019.718	1
2019.693	1
2019.696	1
2019.71	1
2019.699	1
2019.545	1
2019.526	1
2019.638	1
2019.649	1
2019.622	1
2019.693	1
2019.74	1
2019.734	1
2019.715	1
2019.732	1
2019.83	1
2019.638	1
2019.663	1
2019.715	1
2019.732	1
2019.553	1
2019.882	1
2019.847	1
2019.847	1
2019.734	1
2019.71	1
2019.775	1
2019.912	1
2019.907	1
2019.764	1
2019.945	1
2019.945	1
2019.693	1
2019.718	1
2019.545	1
2019.901	1
2019.901	1
2019.986	1
2020.036	1
2020.12	1
2019.811	1
2019.751	1
2019.751	1
2019.882	1
2020	1
2019.937	1
2019.937	1
2019.548	1
2019.814	1
2019.814	1
2019.83	1
2019.83	1
2019.729	1
2019.729	1
2019.847	1
2019.756	1
2019.825	1
2019.699	1
2019.699	1
2019.984	1
2019.984	1
2020.074	1
2020.06	1
2020.09	1
2020.194	1
2020.131	1
2020.134	1
2020.167	1
2020.156	1
2020.167	1
2020.134	1
2020.156	1
2019.833	1
2019.868	1
2019.841	1
2019.822	1
2019.822	1
2019.647	1
2019.786	1
2019.808	1
2019.737	1
2019.696	1
2019.773	1
2019.649	1
2019.847	1
2019.847	1
2019.726	1
2019.726	1
2020.115	1
2019.784	1
2019.789	1
2019.732	1
2019.948	1
2019.948	1
2019.899	1
2019.896	1
2019.899	1
2019.896	1
2019.732	1
2019.732	1
2019.66	1
2019.732	1
2019.696	1
2019.726	1
2019.704	1
2019.729	1
2019.726	1
2019.786	1
2019.792	1
2019.8	1
2019.726	1
2019.784	1
2019.792	1
2019.732	1
2019.66	1
2019.726	1
2019.868	1
2019.868	1
2019.732	1
2020.027	1
2020.027	1
2019.805	1
2019.855	1
2019.775	1
2019.775	1
2019.805	1
2019.855	1
2020.128	1
2019.822	1
2019.767	1
2019.912	1
2019.912	1
2019.726	1
2019.726	1
2019.989	1
2019.989	1
2019.879	1
2019.879	1
2019.773	1
2019.636	1
2019.636	1
2020.033	1
2020.033	1
2019.847	1
2019.847	1
2019.882	1
2019.882	1
2019.882	1
2019.847	1
2019.244	1
2019.515	1
2019.534	1
2019.534	1
2019.477	1
2019.501	1
2019.501	1
2019.43	1
2019.205	1
2019.266	1
2019.192	1
2019.408	1
2019.468	1
2019.466	1
2019.458	1
2019.515	1
2019.408	1
2019.556	1
2019.529	1
2019.537	1
2019.488	1
2019.501	1
2019.329	1
2019.274	1
2019.252	1
2019.255	1
2019.227	1
2019.236	1
2019.326	1
2019.318	1
2019.315	1
2019.411	1
2019.463	1
2019.468	1
2019.597	1
2019.564	1
2019.466	1
2019.671	1
2019.474	1
2019.556	1
2019.537	1
2019.529	1
2019.488	1
2019.458	1
2019.597	1
2019.658	1
2019.501	1
2019.474	1
2019.485	1
2019.422	1
2019.521	1
2019.564	1
2019.329	1
2019.688	1
2019.496	1
2019.981	1
2019.981	1
2019.329	1
2019.54	1
2019.619	1
2019.71	1
2019.74	1
2019.784	1
2019.718	1
2019.77	1
2019.756	1
2019.792	1
2019.77	1
2019.74	1
2019.827	1
2019.696	1
2019.795	1
2019.756	1
2019.77	1
2019.879	1
2019.795	1
2019.77	1
2019.825	1
2019.874	1
2019.792	1
2019.874	1
2019.921	1
2019.932	1
2019.921	1
2019.921	1
2019.778	1
2019.756	1
2019.921	1
2019.959	1
2019.959	1
2019.975	1
2020.016	1
2020.016	1
2020.014	1
2020.014	1
2020.005	1
2020.005	1
2019.91	1
2019.603	1
2020.104	1
2020.104	1
2019.918	1
2019.918	1
2019.907	1
2019.918	1
2019.784	1
2019.751	1
2020.019	1
2020.101	1
2019.995	1
2019.792	1
2019.836	1
2019.836	1
2019.912	1
2019.912	1
2019.855	1
2019.855	1
2019.792	1
2019.847	1
2019.959	1
2019.981	1
2019.981	1
2019.882	1
2019.882	1
2019.849	1
2019.849	1
2019.874	1
2020.068	1
2020.068	1
2019.992	1
2019.975	1
2019.975	1
2019.975	1
2020.016	1
2020.022	1
2019.882	1
2019.953	1
2019.923	1
2019.967	1
2019.888	1
2019.942	1
2020.033	1
2020.036	1
2019.94	1
2019.929	1
2019.951	1
2020.005	1
2019.962	1
2019.904	1
2019.901	1
2019.918	1
2020.077	1
2019.948	1
2019.948	1
2020.014	1
2019.986	1
2020.019	1
2019.912	1
2019.915	1
2019.91	1
2019.811	1
2019.816	1
2019.888	1
2019.885	1
2019.874	1
2020.044	1
2019.852	1
2019.91	1
2019.901	1
2019.901	1
2019.879	1
2019.91	1
2019.921	1
2019.959	1
2019.956	1
2019.94	1
2019.937	1
2019.94	1
2019.942	1
2019.967	1
2019.959	1
2019.942	1
2020.016	1
2019.997	1
2020.005	1
2019.962	1
2020.005	1
2019.962	1
2019.986	1
2019.986	1
2019.978	1
2019.975	1
2019.975	1
2019.975	1
2020.068	1
2020.169	1
2020.167	1
2020.175	1
2020.164	1
2020.158	1
2019.975	1
2019.899	1
2019.918	1
2020.079	1
2020.033	1
2020.186	1
2019.973	1
2019.962	1
2019.986	1
2019.937	1
2019.945	1
2019.942	1
2019.942	1
2019.981	1
2020.115	1
2019.94	1
2019.964	1
2020.055	1
2020.131	1
2020.167	1
2019.989	1
2019.907	1
2020.183	1
2020.033	1
2020.071	1
2020.03	1
2019.959	1
2019.937	1
2019.94	1
2019.995	1
2019.923	1
2019.893	1
2020.044	1
2019.995	1
2020.191	1
2020.197	1
2020.169	1
2019.907	1
2019.896	1
2020.033	1
2020.036	1
2019.893	1
2019.923	1
2019.923	1
2019.945	1
2019.986	1
2019.967	1
2020.016	1
2019.997	1
2020.014	1
2019.962	1
2019.978	1
2019.945	1
2019.907	1
2019.871	1
2019.975	1
2020.003	1
2020.063	1
2020.178	1
2019.874	1
2020.022	1
2020.117	1
2020.131	1
2020.131	1
2020.117	1
2020.131	1
2020.117	1
2020.117	1
2020.131	1
2020.117	1
2019.942	1
2019.964	1
2020.003	1
2019.975	1
2020.003	1
2019.885	1
2019.885	1
2020.071	1
2020.033	1
2020.071	1
2020.036	1
2020.036	1
2019.866	1
2019.866	1
2019.915	1
2019.915	1
2019.806	1
2019.477	1
2019.504	1
2019.312	1
2019.282	1
2019.479	1
2019.668	1
2019.668	1
2019.477	1
2019.992	1
2020.003	1
2019.753	1
2019.77	1
2019.77	1
2019.784	1
2019.759	1
2019.756	1
2019.797	1
2019.756	1
2019.86	1
2019.77	1
2019.89	1
2019.786	1
2019.89	1
2019.879	1
2019.786	1
2019.784	1
2019.833	1
2019.803	1
2019.797	1
2019.797	1
2019.923	1
2020.12	1
2020.12	1
2019.227	1
2019.247	1
2019.214	1
2019.493	1
2019.293	1
2019.356	1
2019.479	1
2019.479	1
2019.712	1
2019.822	1
2019.822	1
2019.597	1
2019.86	1
2019.773	1
2019.959	1
2019.822	1
2020.033	1
2019.871	1
2020.044	1
2019.923	1
2020.016	1
2020.022	1
2020.022	1
2020.066	1
2019.622	1
2020.044	1
2020.038	1
2019.767	1
2019.767	1
2020.057	1
2019.759	1
2019.975	1
2019.611	1
2019.611	1
2019.882	1
2019.816	1
2019.879	1
2019.962	1
2020.003	1
2019.921	1
2019.515	1
2020.038	1
2019.921	1
2019.921	1
2019.921	1
2020.09	1
2020.09	1
2020.09	1
2019.608	1
2019.685	1
2019.608	1
2019.685	1
2019.748	1
2019.748	1
2019.732	1
2019.732	1
2019.912	1
2019.334	1
2019.515	1
2019.419	1
2019.888	1
2020.126	1
2020.123	1
2020.156	1
2020.161	1
2020.115	1
2020.115	1
2020.046	1
2020.109	1
2019.962	1
2020.052	1
2020.005	1
2020.153	1
2020.052	1
2020.044	1
2019.825	1
2019.581	1
2019.764	1
2020.046	1
2019.293	1
2019.277	1
2019.238	1
2019.71	1
2019.71	1
2019.679	1
2019.732	1
2019.805	1
2019.805	1
2019.753	1
2019.753	1
2019.789	1
2019.701	1
2019.701	1
2019.77	1
2019.69	1
2019.69	1
2019.488	1
2019.373	1
2019.378	1
2019.482	1
2019.477	1
2019.479	1
2019.485	1
2019.526	1
2019.066	1
2019.066	1
2019.137	1
2019.167	1
2019.23	1
2019.288	1
2019.288	1
2019.348	1
2019.301	1
2019.282	1
2019.43	1
2019.23	1
2019.803	1
2020.052	1
2020.128	1
2019.962	1
2019.603	1
2019.595	1
2019.589	1
2019.403	1
2019.403	1
2019.403	1
2019.827	1
2019.74	1
2019.904	1
2019.962	1
2019.962	1
2019.967	1
2019.471	1
2019.482	1
2019.562	1
2019.482	1
2019.841	1
2019.959	1
2020.074	1
2020.063	1
2020.071	1
2020.033	1
2020.033	1
2019.995	1
2019.49	1
2019.49	1
2019.315	1
2019.986	1
2019.989	1
2019.986	1
2019.918	1
2019.849	1
2019.255	1
2019.499	1
2019.499	1
2019.348	1
2019.359	1
2019.515	1
2019.37	1
2019.214	1
2019.271	1
2019.405	1
2019.438	1
2019.46	1
2019.279	1
2019.488	1
2019.841	1
2019.441	1
2019.184	1
2019.353	1
2019.353	1
2019.011	1
2019.277	1
2019.518	1
2019.49	1
2019.499	1
2019.479	1
2019.521	1
2019.085	1
2019.085	1
2019.375	1
2019.54	1
2019.099	1
2019.545	1
2019.545	1
2018.923	1
2019.293	1
2019.293	1
2019.178	1
2019.068	1
2019.682	1
2019.682	1
2019.674	1
2019.756	1
2019.293	1
2019.332	1
2019.764	1
2019.099	1
2019.236	1
2019.515	1
2019.496	1
2019.411	1
2019.175	1
2019.266	1
2019.266	1
2019.375	1
2019.329	1
2019.329	1
2019.074	1
2019.074	1
2019.189	1
2019.23	1
2019.082	1
2019.189	1
2019.159	1
2019.142	1
2019.121	1
2019.156	1
2019.282	1
2019.038	1
2019.03	1
2019.134	1
2019.173	1
2019.173	1
2019.173	1
2019.214	1
2019.17	1
2019.181	1
2019.181	1
2019.173	1
2019.205	1
2019.189	1
2019.14	1
2019.074	1
2019.082	1
2019.079	1
2019.077	1
2019.019	1
2019.23	1
2018.929	1
2018.932	1
2018.929	1
2018.932	1
2018.932	1
2018.929	1
2019.082	1
2019.063	1
2019.063	1
2018.929	1
2019.058	1
2018.932	1
2019.058	1
2019.016	1
2019.058	1
2019.058	1
2019.047	1
2019.016	1
2019.005	1
2019.079	1
2019.077	1
2019.074	1
2019.019	1
2019.016	1
2019.016	1
2019.077	1
2019.11	1
2019.126	1
2019.134	1
2019.134	1
2019.142	1
2019.197	1
2019.11	1
2019.175	1
2019.134	1
2019.285	1
2019.271	1
2019.274	1
2019.304	1
2019.28	1
2019.345	1
2019.112	1
2019.11	1
2019.132	1
2019.14	1
2019.137	1
2019.137	1
2019.132	1
2019.156	1
2019.307	1
2019.208	1
2019.14	1
2019.099	1
2019.14	1
2019.17	1
2019.216	1
2019.17	1
2019.247	1
2019.238	1
2019.134	1
2019.233	1
2019.403	1
2019.29	1
2019.282	1
2019.268	1
2019.096	1
2019.082	1
2019.195	1
2019.334	1
2019.31	1
2019.367	1
2019.31	1
2019.641	1
2019.825	1
2019.266	1
2019.266	1
2019.192	1
2019.173	1
2018.811	1
2018.811	1
2019.019	1
2018.967	1
2018.945	1
2018.932	1
2019.016	1
2019.041	1
2019.036	1
2019.082	1
2018.981	1
2018.984	1
2018.981	1
2018.975	1
2018.975	1
2019.055	1
2018.984	1
2019.055	1
2019.118	1
2019.173	1
2019.153	1
2019.121	1
2019.112	1
2019.112	1
2019.227	1
2019.205	1
2019.211	1
2019.178	1
2019.205	1
2019.115	1
2019.132	1
2019.227	1
2019.115	1
2019.195	1
2019.175	1
2019.238	1
2019.227	1
2019.159	1
2019.132	1
2019.178	1
2019.216	1
2019.252	1
2019.227	1
2019.216	1
2018.967	1
2019.036	1
2019.036	1
2019.252	1
2019.285	1
2019.266	1
2019.266	1
2019.197	1
2019.088	1
2019.288	1
2019.085	1
2019.101	1
2019.101	1
2019.101	1
2019.17	1
2019.112	1
2019.197	1
2019.118	1
2019.132	1
2019.34	1
2019.156	1
2019.238	1
2019.189	1
2019.134	1
2019.118	1
2019.153	1
2019.181	1
2019.181	1
2019.268	1
2019.17	1
2019.17	1
2019.255	1
2019.2	1
2019.132	1
2019.227	1
2019.107	1
2019.099	1
2019.082	1
2019.142	1
2019.211	1
2019.06	1
2019.14	1
2019.132	1
2019.175	1
2019.274	1
2019.258	1
2018.978	1
2018.978	1
2019.129	1
2019.233	1
2018.992	1
2019.159	1
2019.132	1
2019.175	1
2019.296	1
2019.074	1
2019.142	1
2019.099	1
2019.417	1
2019.175	1
2019.132	1
2019.066	1
2018.989	1
2019.121	1
2019.099	1
2019.153	1
2019.268	1
2019.036	1
2019.151	1
2019.679	1
2019.679	1
2019.699	1
2019.447	1
2019.225	1
2019.115	1
2019.112	1
2019.216	1
2019.058	1
2019.055	1
2019.071	1
2019.027	1
2019.077	1
2019.06	1
2019.063	1
2019.063	1
2019.052	1
2019.044	1
2019.038	1
2019.016	1
2019.074	1
2019.066	1
2019.162	1
2019.112	1
2019.195	1
2019.175	1
2019.173	1
2019.153	1
2019.227	1
2019.115	1
2019.112	1
2019.121	1
2019.178	1
2019.104	1
2019.085	1
2019.282	1
2019.101	1
2019.162	1
2019.118	1
2019.115	1
2019.115	1
2019.115	1
2019.11	1
2019.11	1
2019.814	1
2019.814	1
2020.005	1
2020.005	1
2019.156	1
2019.082	1
2019.066	1
2019.058	1
2019.115	1
2019.085	1
2019.099	1
2019.132	1
2019.107	1
2019.134	1
2019.863	1
2019.893	1
2019.822	1
2019.863	1
2019.893	1
2019.822	1
2019.841	1
2019.841	1
2019.827	1
2019.737	1
2019.795	1
2019.737	1
2019.767	1
2019.764	1
2019.764	1
2019.795	1
2019.86	1
2019.737	1
2019.737	1
2019.729	1
2019.718	1
2019.718	1
2019.471	1
2019.468	1
2019.477	1
2019.222	1
2019.151	1
2019.137	1
2019.482	1
2019.468	1
2019.468	1
2019.482	1
2019.468	1
2019.258	1
2020.199	1
2019.956	1
2019.956	1
2019.504	1
2019.504	1
2019.485	1
2019.501	1
2019.501	1
2019.718	1
2019.718	1
2019.74	1
2019.26	1
2019.107	1
2019.285	1
2019.162	1
2019.162	1
2019.175	1
2019.044	1
2019.181	1
2019.121	1
2019.132	1
2019.274	1
2019.126	1
2019.066	1
2019.058	1
2019.066	1
2019.063	1
2019.249	1
2019.252	1
2019.277	1
2019.077	1
2019.159	1
2019.192	1
2019.101	1
2019.132	1
2019.063	1
2019.123	1
2019.022	1
2019.173	1
2019.384	1
2019.384	1
2019.274	1
2019.271	1
2019.258	1
2019.285	1
2019.093	1
2019.151	1
2019.233	1
2019.189	1
2019.192	1
2019.175	1
2019.208	1
2019.208	1
2019.142	1
2019.225	1
2019.099	1
2019.208	1
2019.219	1
2019.184	1
2019.115	1
2019.148	1
2019.315	1
2019.315	1
2019.315	1
2019.282	1
2019.438	1
2019.438	1
2019.775	1
2019.91	1
2019.277	1
2019.436	1
2019.436	1
2019.57	1
2019.57	1
2019.636	1
2019.14	1
2019.296	1
2019.296	1
2020.18	1
2019.238	1
2019.362	1
2019.362	1
2019.723	1
2019.537	1
2020.137	1
2020.137	1
2020.134	1
2019.236	1
2020.175	1
2019.208	1
2019.019	1
2019.249	1
2019.101	1
2019.107	1
2019.14	1
2018.989	1
2018.989	1
2018.967	1
2018.975	1
2018.975	1
2018.967	1
2019.178	1
2019.315	1
2019.162	1
2019.277	1
2019	1
2019.422	1
2019.252	1
2019.195	1
2019.581	1
2019.326	1
2019.326	1
2019.466	1
2019.534	1
2019.619	1
2018.989	1
2019.126	1
2018.989	1
2019.249	1
2019.258	1
2019.258	1
2019.296	1
2019.296	1
2019.014	1
2019.014	1
2019.23	1
2019.23	1
2018.91	1
2019.274	1
2019.28	1
2019.367	1
2019.362	1
2019.153	1
2018.989	1
2019.049	1
2019.195	1
2019.153	1
2019.156	1
2019.195	1
2019.101	1
2019.162	1
2019.29	1
2019.496	1
2019.096	1
2019.288	1
2018.921	1
2020.063	1
2020.063	1
2020.074	1
2019.236	1
2019.227	1
2019.274	1
2019.227	1
2019.274	1
2019.236	1
2019.2	1
2019.107	1
2019.274	1
2019.274	1
2019.222	1
2019.277	1
2019.26	1
2019.249	1
2019.258	1
2019.997	1
2020.057	1
2020.104	1
2020.104	1
2019.219	1
2019.219	1
2019.211	1
2019.937	1
2019.937	1
2019.707	1
2019.795	1
2019.89	1
2019.89	1
2019.937	1
2019.937	1
2020.134	1
2020	1
2020.019	1
2020.019	1
2020.019	1
2020.033	1
2019.293	1
2019.293	1
2019.304	1
2019.219	1
2019.236	1
2019.115	1
2019.208	1
2019.208	1
2019.29	1
2019.318	1
2019.301	1
2019.285	1
2019.301	1
2019.4	1
2019.134	1
2019.134	1
2019.386	1
2019.367	1
2019.274	1
2019.521	1
2019.392	1
2019.392	1
2019.132	1
2019.082	1
2019.178	1
2019.268	1
2019.255	1
2019.249	1
2019.23	1
2019.23	1
2019.066	1
2019.066	1
2019.268	1
2019.173	1
2020.093	1
2020.093	1
2020.128	1
2020.128	1
2019.822	1
2019.822	1
2019.118	1
2019.208	1
2019.189	1
2019.192	1
2019.211	1
2019.288	1
2019.288	1
2018.896	1
2018.896	1
2019.025	1
2019.173	1
2019.211	1
2019.405	1
2019.405	1
2019.134	1
2019.214	1
2019.291	1
2019.258	1
2019.236	1
2019.274	1
2019.038	1
2019.652	1
2019.323	1
2018.814	1
2018.814	1
2019.066	1
2019.189	1
2019.189	1
2019.197	1
2019.181	1
2019.197	1
2019.403	1
2019.49	1
2019.362	1
2019.258	1
2019.258	1
2019.329	1
2019.307	1
2019.293	1
2019.293	1
2018.978	1
2019.033	1
2019.033	1
2019.211	1
2019.211	1
2019.551	1
2019.362	1
2019.362	1
2019.548	1
2019.548	1
2019.112	1
2019.112	1
2019.356	1
2019.258	1
2019.249	1
2019.249	1
2019.175	1
2019.077	1
2018.984	1
2019.54	1
2019.54	1
2019.077	1
2019.159	1
2019.159	1
2019.247	1
2019.247	1
2019.515	1
2019.268	1
2019.266	1
2019.219	1
2019.219	1
2019.208	1
2019.025	1
2019.211	1
2019.211	1
2019.216	1
2019.203	1
2019.074	1
2019.466	1
2019.466	1
2019.296	1
2019.296	1
2019.499	1
2019.677	1
2019.373	1
2019.277	1
2020.161	1
2020.161	1
2020.016	1
2020.016	1
2019.6	1
2019.6	1
2020.057	1
2019.055	1
2019.055	1
2019.203	1
2019.438	1
2019.438	1
2019.159	1
2019.159	1
2019.137	1
2019.096	1
2019.66	1
2019.658	1
2019.255	1
2019.233	1
2019.216	1
2019.093	1
2019.23	1
2019.208	1
2019.225	1
2019.2	1
2019.173	1
2019.093	1
2019.058	1
2019.195	1
2019.195	1
2019.036	1
2019.126	1
2019.036	1
2019.181	1
2019.233	1
2019.233	1
2019.233	1
2019.096	1
2019.214	1
2019.181	1
2019.145	1
2019.882	1
2019.945	1
2019.882	1
2019.274	1
2019.227	1
2019.099	1
2019.186	1
2019.332	1
2019.099	1
2019.274	1
2019.307	1
2019.521	1
2019.096	1
2019.099	1
2019.099	1
2019.099	1
2019.195	1
2019.208	1
2019.132	1
2019.096	1
2019.414	1
2019.088	1
2019.433	1
2019.518	1
2019.285	1
2019.296	1
2019.293	1
2019.26	1
2019.29	1
2019.274	1
2019.274	1
2019.274	1
2019.274	1
2018.995	1
2018.995	1
2019.178	1
2019.121	1
2019.104	1
2018.984	1
2019.082	1
2019.047	1
2019.074	1
2019.06	1
2019.052	1
2019.088	1
2019.23	1
2019.112	1
2019.258	1
2019.312	1
2019.142	1
2019.263	1
2019.173	1
2019.099	1
2019.104	1
2019.233	1
2019.145	1
2019.142	1
2019.096	1
2019.263	1
2019.312	1
2019.178	1
2019.247	1
2019	1
2019.038	1
2019.403	1
2019.403	1
2019.419	1
2019.419	1
2019.422	1
2019.419	1
2019.611	1
2019.893	1
2019.219	1
2019.63	1
2019.63	1
2019.899	1
2019.899	1
2019.315	1
2019.285	1
2019.795	1
2019.814	1
2019.773	1
2019.833	1
2019.822	1
2019.822	1
2019.767	1
2019.816	1
2019.816	1
2019.833	1
2019.833	1
2019.868	1
2019.868	1
2019.77	1
2019.77	1
2019.784	1
2020	1
2019.764	1
2019.764	1
2019.745	1
2019.805	1
2019.805	1
2019.923	1
2019.792	1
2019.792	1
2019.786	1
2019.775	1
2020.033	1
2020.046	1
2019.962	1
2019.266	1
2019.734	1
2019.734	1
2019.822	1
2019.323	1
2019.301	1
2019.178	1
2019.345	1
2019.581	1
2019.312	1
2019.208	1
2019.063	1
2019.115	1
2019.238	1
2019.219	1
2019.216	1
2019.219	1
2019.189	1
2019.268	1
2019.268	1
2019.266	1
2019.266	1
2019.258	1
2019.178	1
2019.197	1
2019.323	1
2019.293	1
2019.233	1
2019.597	1
2019.112	1
2019.307	1
2019.227	1
2019.17	1
2019.266	1
2019.049	1
2019.038	1
2019.2	1
2019.195	1
2019.195	1
2019.304	1
2019.096	1
2019.096	1
2019.189	1
2019.241	1
2019.019	1
2019.016	1
2019.112	1
2019.14	1
2019.036	1
2019.211	1
2019.038	1
2019.274	1
2019.258	1
2019.258	1
2019.14	1
2019.241	1
2019.241	1
2019.082	1
2018.984	1
2018.625	1
2018.625	1
2019.233	1
2019.479	1
2019.595	1
2018.712	1
2019.4	1
2019.132	1
2019.132	1
2018.926	1
2018.945	1
2018.811	1
2018.932	1
2018.811	1
2019.06	1
2019	1
2018.94	1
2018.923	1
2018.882	1
2019.027	1
2018.932	1
2018.156	1
2018.948	1
2018.921	1
2018.986	1
2018.986	1
2019.118	1
2019	1
2018.932	1
2018.932	1
2018.932	1
2019.005	1
2019.025	1
2019.008	1
2018.915	1
2019.019	1
2019.019	1
2019.384	1
2019.181	1
2019.225	1
2019.233	1
2019.197	1
2019.197	1
2019.181	1
2019.225	1
2019.266	1
2019.266	1
2019.208	1
2019.208	1
2019.671	1
2019.671	1
2019.83	1
2019.63	1
2018.888	1
2018.888	1
2019.132	1
2018.967	1
2019.112	1
2019.06	1
2019.129	1
2018.929	1
2019.707	1
2019.871	1
2018.784	1
2018.784	1
2018.773	1
2018.773	1
2019	1
2018.773	1
2018.134	1
2018.134	1
2019.033	1
2019.132	1
2018.901	1
2018.901	1
2018.756	1
2018.756	1
2018.756	1
2018.97	1
2018.97	1
2018.816	1
2018.816	1
2018.756	1
2018.838	1
2018.836	1
2018.836	1
2018.885	1
2018.885	1
2018.923	1
2018.923	1
2018.923	1
2018.986	1
2018.964	1
2018.964	1
2018.945	1
2019.022	1
2018.164	1
2018.332	1
2018.332	1
2018.197	1
2018.274	1
2018.452	1
2018.452	1
2018.384	1
2018.384	1
2018.392	1
2018.096	1
2018.178	1
2018.195	1
2018.129	1
2018	1
2018.153	1
2018.11	1
2018.137	1
2018.195	1
2018.153	1
2018.047	1
2018.14	1
2018.14	1
2018.581	1
2019.208	1
2019.192	1
2018.721	1
2018.753	1
2018.792	1
2018.773	1
2018.773	1
2018.773	1
2018.978	1
2019.214	1
2019.214	1
2019.173	1
2019.132	1
2019.082	1
2019.085	1
2019.121	1
2019.066	1
2019.112	1
2019.099	1
2019.077	1
2019.082	1
2019.016	1
2019.074	1
2018.444	1
2018.381	1
2018.359	1
2018.381	1
2018.359	1
2018.926	1
2018.97	1
2018.523	1
2019.003	1
2018.814	1
2018.773	1
2018.773	1
2018.926	1
2018.967	1
2018.967	1
2018.934	1
2018.934	1
2019.003	1
2019.003	1
2019.129	1
2018.945	1
2019.444	1
2019.03	1
2019.03	1
2019.019	1
2019.019	1
2019.005	1
2018.997	1
2018.997	1
2018.995	1
2018	1
2019.003	1
2018	1
2019.027	1
2019.386	1
2019.386	1
2019.222	1
2019.219	1
2019.334	1
2018.926	1
2018.948	1
2018.948	1
2018.912	1
2019	1
2019	1
2019	1
2019	1
2019.06	1
2019.06	1
2019.074	1
2019.074	1
2019.027	1
2019.025	1
2018.923	1
2019.041	1
2018.91	1
2018.937	1
2018.795	1
2018.986	1
2019.088	1
2018.773	1
2019.036	1
2018	1
2019.041	1
2018.882	1
2018.756	1
2018.814	1
2018.808	1
2018.879	1
2018.808	1
2018.921	1
2018.962	1
2018.921	1
2018.879	1
2018.852	1
2018.986	1
2018.992	1
2018.811	1
2018.811	1
2018.83	1
2018.523	1
2018.441	1
2018.441	1
2019.022	1
2019.219	1
2019.208	1
2019.181	1
2018.921	1
2018.858	1
2018.858	1
2019.06	1
2019.203	1
2019.203	1
2019.093	1
2019.022	1
2019.016	1
2018.844	1
2018.844	1
2018.942	1
2018.942	1
2019.058	1
2019.058	1
2018.901	1
2018.901	1
2019.14	1
2018.945	1
2018.992	1
2018.734	1
2018.734	1
2018.707	1
2018.707	1
2019.03	1
2019.03	1
2019.718	1
2019.874	1
2019.874	1
2019.874	1
2019.025	1
2019.025	1
2019.019	1
2019.019	1
2019.005	1
2018.956	1
2019.027	1
2019.027	1
2019.003	1
2019.003	1
2018.964	1
2018.729	1
2018.729	1
2018.726	1
2018.726	1
2018.737	1
2018.737	1
2019.044	1
2019.197	1
2018.742	1
2018.742	1
2019.019	1
2019.014	1
2019.014	1
2018.734	1
2018.734	1
2019.151	1
2019.022	1
2018.781	1
2018.781	1
2019.107	1
2019.107	1
2019.055	1
2019.071	1
2019.077	1
2019.077	1
2018.77	1
2018.77	1
2018.77	1
2018.77	1
2018.732	1
2018.732	1
2018.729	1
2018.729	1
2019.132	1
2019.178	1
2019.162	1
2018.652	1
2018.652	1
2018.712	1
2018.781	1
2018.923	1
2018.915	1
2018.981	1
2018.712	1
2018.781	1
2018.523	1
2018.441	1
2018.441	1
2018.94	1
2018.814	1
2018.441	1
2018.94	1
2019.027	1
2018.814	1
2018.707	1
2018.847	1
2018.847	1
2018.91	1
2019.041	1
2018.682	1
2019.11	1
2019.148	1
2019.06	1
2019.115	1
2019.085	1
2018.784	1
2018.784	1
2019.23	1
2018.677	1
2019.049	1
2018.729	1
2018.729	1
2019.312	1
2019.279	1
2019.271	1
2019.2	1
2019.211	1
2019.197	1
2018.989	1
2019.06	1
2019.225	1
2019	1
2019	1
2019.025	1
2019.016	1
2018.989	1
2019.049	1
2018.712	1
2018.712	1
2019.173	1
2019.014	1
2019.014	1
2019.019	1
2019.019	1
2019.115	1
2018.868	1
2018.863	1
2018.863	1
2018.863	1
2018.863	1
2018.814	1
2018.808	1
2018.844	1
2018.844	1
2018.729	1
2018.729	1
2018.849	1
2018.849	1
2019.027	1
2018.77	1
2018.77	1
2018.441	1
2018.523	1
2018.523	1
2018.784	1
2018.784	1
2018.773	1
2018.773	1
2019.101	1
2018.764	1
2018.764	1
2018.523	1
2018.523	1
2018.611	1
2018.748	1
2018.882	1
2018.764	1
2018.764	1
2019.071	1
2019.071	1
2019.071	1
2019.071	1
2019.044	1
2018.989	1
2018.942	1
2019.142	1
2018.773	1
2018.773	1
2019.03	1
2018.989	1
2019.101	1
2019.093	1
2018.77	1
2019.29	1
2019.29	1
2019.29	1
2019.29	1
2018.726	1
2018.745	1
2018.745	1
2019.307	1
2019.236	1
2018.641	1
2018.641	1
2018.745	1
2018.745	1
2018.827	1
2019.003	1
2019.003	1
2020.287	1
2019.627	1
2020.104	1
2020.109	1
2020.131	1
2020.131	1
2020.112	1
2020.027	1
2020.186	1
2020.167	1
2020.077	1
2020.093	1
2020.128	1
2020.093	1
2020.082	1
2019.715	1
2019.715	1
2019.638	1
2019.652	1
2019.918	1
2020	1
2020	1
2019.948	1
2019.975	1
2019.838	1
2019.86	1
2019.751	1
2019.754	1
2019.751	1
2019.803	1
2019.668	1
2019.726	1
2019.929	1
2019.929	1
2019.814	1
2019.652	1
2019.649	1
2019.879	1
2019.866	1
2019.929	1
2020.041	1
2020.071	1
2020.063	1
2020.014	1
2019.849	1
2019.811	1
2019.956	1
2020.074	1
2019.805	1
2019.811	1
2019.959	1
2019.899	1
2019.899	1
2020.074	1
2019.956	1
2020.063	1
2019.847	1
2019.978	1
2019.734	1
2019.77	1
2019.923	1
2019.923	1
2019.778	1
2019.942	1
2019.633	1
2019.734	1
2019.786	1
2019.734	1
2019.786	1
2019.899	1
2020.014	1
2019.795	1
2019.833	1
2019.833	1
2019.951	1
2019.951	1
2019.94	1
2019.937	1
2019.94	1
2019.937	1
2019.729	1
2020.003	1
2019.753	1
2019.918	1
2019.904	1
2019.616	1
2019.597	1
2019.581	1
2019.677	1
2019.753	1
2020.014	1
2019.849	1
2019.523	1
2019.523	1
2019.805	1
2019.805	1
2020.077	1
2019.956	1
2019.956	1
2019.882	1
2019.868	1
2019.882	1
2019.868	1
2019.918	1
2019.918	1
2019.989	1
2019.989	1
2019.701	1
2019.619	1
2019.641	1
2019.433	1
2019.419	1
2019.433	1
2019.419	1
2019.97	1
2019.811	1
2019.896	1
2019.896	1
2019.885	1
2019.907	1
2019.915	1
2019.964	1
2019.951	1
2019.975	1
2019.959	1
2020.016	1
2019.764	1
2019.888	1
2019.668	1
2019.668	1
2019.907	1
2019.907	1
2019.893	1
2019.893	1
2019.849	1
2020.014	1
2020.153	1
2020.153	1
2019.814	1
2019.811	1
2020.005	1
2019.896	1
2020.025	1
2020.025	1
2019.879	1
2019.896	1
2019.896	1
2019.529	1
2019.833	1
2019.901	1
2019.918	1
2019.901	1
2019.901	1
2019.915	1
2019.896	1
2019.896	1
2019.915	1
2019.882	1
2019.882	1
2019.734	1
2019.981	1
2019.981	1
2019.734	1
2019.721	1
2019.721	1
2019.849	1
2019.934	1
2019.934	1
2019.956	1
2019.962	1
2019.956	1
2019.962	1
2019.997	1
2020.016	1
2019.997	1
2020.016	1
2020.036	1
2020.033	1
2020.033	1
2020.036	1
2019.729	1
2019.904	1
2019.94	1
2019.94	1
2019.841	1
2019.841	1
2019.929	1
2019.929	1
2019.866	1
2019.901	1
2019.901	1
2019.907	1
2019.792	1
2019.767	1
2019.863	1
2019.767	1
2019.863	1
2019.792	1
2019.904	1
2019.904	1
2019.981	1
2019.888	1
2019.888	1
2019.844	1
2019.844	1
2019.751	1
2019.751	1
2020.077	1
2020.112	1
2020.112	1
2020.055	1
2020.052	1
2019.693	1
2019.581	1
2019.784	1
2020.101	1
2019.589	1
2019.463	1
2019.753	1
2019.759	1
2019.885	1
2019.901	1
2019.896	1
2019.668	1
2019.668	1
2019.734	1
2019.74	1
2019.847	1
2020.052	1
2019.797	1
2019.797	1
2019.866	1
2019.956	1
2019.956	1
2020.019	1
2020.019	1
2020.582	1
2019.904	1
2019.866	1
2020.003	1
2019.852	1
2019.945	1
2019.945	1
2019.847	1
2019.847	1
2019.748	1
2019.616	1
2019.616	1
2019.649	1
2019.797	1
2019.797	1
2019.923	1
2019.767	1
2019.805	1
2019.693	1
2019.786	1
2019.786	1
2020	1
2019.97	1
2019.649	1
2019.649	1
2019.753	1
2019.748	1
2019.745	1
2019.748	1
2019.756	1
2019.808	1
2019.732	1
2019.537	1
2019.748	1
2019.789	1
2019.537	1
2019.786	1
2019.666	1
2019.94	1
2019.94	1
2019.825	1
2019.937	1
2019.91	1
2019.915	1
2020.016	1
2020.016	1
2019.567	1
2019.742	1
2019.745	1
2019.745	1
2019.822	1
2019.868	1
2019.868	1
2019.822	1
2019.997	1
2019.975	1
2020.003	1
2019.658	1
2019.658	1
2019.885	1
2019.671	1
2019.688	1
2019.688	1
2019.671	1
2019.595	1
2019.595	1
2019.995	1
2019.995	1
2020.014	1
2020.052	1
2019.852	1
2019.501	1
2020.762	1
2020.762	1
2020.76	1
2021.307	1
2021.468	1
2021.468	1
2021.918	1
2021.775	1
2021.91	1
2021.893	1
2021.923	1
2021.921	1
2021.929	1
2021.91	1
2021.923	1
2021.959	1
2021.953	1
2022.066	1
2021.975	1
2022.005	1
2021.989	1
2021.956	1
2021.992	1
2021.704	1
2021.926	1
2021.923	1
2021.893	1
2021.899	1
2021.899	1
2022.008	1
2022.008	1
2021.915	1
2021.934	1
2022.008	1
2021.992	1
2021.975	1
2021.97	1
2021.929	1
2021.899	1
2022.016	1
2022.016	1
2022.014	1
2021.827	1
2021.827	1
2021.893	1
2021.893	1
2021.277	1
2021.277	1
2021.967	1
2021.967	1
2021.964	1
2021.964	1
2021.956	1
2021.953	1
2021.951	1
2021.948	1
2021.94	1
2021.707	1
2021.77	1
2021.803	1
2021.803	1
2021.803	1
2021.803	1
2021.775	1
2021.778	1
2021.775	1
2021.775	1
2021.608	1
2021.775	1
2021.778	1
2021.775	1
2021.781	1
2021.773	1
2021.784	1
2021.77	1
2021.781	1
2021.762	1
2021.775	1
2021.775	1
2021.778	1
2021.77	1
2021.762	1
2021.781	1
2021.767	1
2021.781	1
2021.775	1
2021.83	1
2021.718	1
2021.827	1
2021.625	1
2021.625	1
2021.625	1
2021.608	1
2021.608	1
2021.608	1
2021.608	1
2021.693	1
2021.608	1
2021.608	1
2021.608	1
2021.614	1
2021.605	1
2021.682	1
2021.605	1
2021.704	1
2021.778	1
2021.742	1
2021.778	1
2022.104	1
2022.101	1
2021.97	1
2022.022	1
2021.97	1
2021.934	1
2021.967	1
2021.89	1
2021.874	1
2021.57	1
2022.047	1
2022.047	1
2022.047	1
2022.047	1
2021.915	1
2022.036	1
2021.641	1
2021.608	1
2022.079	1
2022.123	1
2022.096	1
2021.97	1
2022.03	1
2022.033	1
2022.014	1
2022.014	1
2021.951	1
2021.901	1
2021.877	1
2021.863	1
2022.09	1
2022.126	1
2022.033	1
2022.019	1
2022.044	1
2022.033	1
2022.03	1
2022.112	1
2021.945	1
2021.893	1
2021.893	1
2021.978	1
2022.047	1
2022.047	1
2022.104	1
2021.756	1
2021.819	1
2021.819	1
2021.726	1
2021.605	1
2021.605	1
2021.627	1
2021.608	1
2021	1
2021.633	1
2021.633	1
2021.584	1
2021.584	1
2021.8	1
2021.893	1
2021.951	1
2021.97	1
2021.94	1
2021.951	1
2021.918	1
2021.967	1
2021.937	1
2021.967	1
2022.041	1
2021.89	1
2021.912	1
2021.888	1
2021.962	1
2021.962	1
2021.921	1
2022.008	1
2021.915	1
2021.932	1
2021.934	1
2021.948	1
2021.942	1
2021.94	1
2021.923	1
2021.964	1
2021.934	1
2021.921	1
2021.893	1
2021.893	1
2021.915	1
2021.915	1
2021.953	1
2021.921	1
2021.937	1
2021.959	1
2021.973	1
2021.937	1
2022.052	1
2021.888	1
2021.967	1
2021.992	1
2021.918	1
2022.005	1
2021.904	1
2021.932	1
2021.932	1
2021.937	1
2022.005	1
2021.94	1
2021.718	1
2021.956	1
2021.981	1
2022.11	1
2021.912	1
2021.934	1
2022.118	1
2021.893	1
2021.893	1
2021.932	1
2021.893	1
2021.973	1
2021.934	1
2021.973	1
2022.038	1
2021.948	1
2022.096	1
2021.934	1
2021.934	1
2022.011	1
2022.008	1
2021.967	1
2021.923	1
2022.085	1
2021.934	1
2022.085	1
2021.967	1
2022.005	1
2021.967	1
2021.907	1
2021.934	1
2021.959	1
2021.97	1
2021.918	1
2021.901	1
2021.948	1
2021.986	1
2021.934	1
2021.921	1
2021.97	1
2021.937	1
2021.975	1
2022.005	1
2022.011	1
2021.014	1
2022.027	1
2022.027	1
2022.011	1
2021.981	1
2022.016	1
2022.033	1
2022.033	1
2021.945	1
2021.907	1
2021.94	1
2021.934	1
2021.934	1
2021.948	1
2021.937	1
2021.932	1
2021.97	1
2021.948	1
2021.932	1
2021.929	1
2021.934	1
2021.962	1
2022.005	1
2021.948	1
2021.948	1
2021.91	1
2022.011	1
2021.959	1
2021.921	1
2021.973	1
2021.934	1
2021.995	1
2021.893	1
2021.932	1
2021.989	1
2022.014	1
2022.005	1
2022.005	1
2021.942	1
2022.184	1
2021.899	1
2022.005	1
2022.036	1
2021.948	1
2022.022	1
2022.027	1
2021.97	1
2021.932	1
2022.022	1
2021.986	1
2021.929	1
2021.901	1
2021.907	1
2021.986	1
2022.033	1
2021.91	1
2021.874	1
2021.874	1
2022.008	1
2021.899	1
2021.915	1
2021.929	1
2022.011	1
2021.951	1
2021.997	1
2021.964	1
2021.921	1
2021.959	1
2021.89	1
2021.926	1
2021.921	1
2021.918	1
2021.926	1
2021.926	1
2021.929	1
2021.918	1
2021.91	1
2021.874	1
2021.874	1
2021.929	1
2021.932	1
2021.929	1
2021.932	1
2021.932	1
2021.929	1
2021.929	1
2021.929	1
2021.912	1
2021.934	1
2021.934	1
2021.934	1
2021.937	1
2021.937	1
2021.934	1
2021.934	1
2021.934	1
2021.934	1
2021.934	1
2021.934	1
2021.893	1
2021.893	1
2021.893	1
2021.893	1
2021.893	1
2021.893	1
2021.918	1
2021.918	1
2021.915	1
2021.921	1
2021.921	1
2021.921	1
2021.921	1
2021.918	1
2021.899	1
2021.899	1
2021.899	1
2021.899	1
2021.899	1
2021.896	1
2021.896	1
2021.896	1
2021.948	1
2021.94	1
2021.942	1
2021.948	1
2021.942	1
2021.945	1
2021.942	1
2021.942	1
2021.948	1
2021.934	1
2021.934	1
2021.934	1
2021.934	1
2021.934	1
2021.899	1
2021.899	1
2021.899	1
2021.899	1
2021.899	1
2021.899	1
2021.89	1
2021.89	1
2021.89	1
2021.937	1
2021.937	1
2021.937	1
2021.934	1
2021.937	1
2021.937	1
2021.932	1
2021.932	1
2021.934	1
2021.915	1
2021.915	1
2021.915	1
2021.915	1
2021.915	1
2021.915	1
2021.915	1
2021.912	1
2021.912	1
2021.91	1
2021.91	1
2021.915	1
2021.915	1
2021.915	1
2021.915	1
2021.915	1
2021.915	1
2021.915	1
2021.915	1
2021.929	1
2021.91	1
2021.896	1
2021.904	1
2021.899	1
2021.94	1
2021.948	1
2021.94	1
2021.948	1
2021.94	1
2021.937	1
2021.937	1
2021.934	1
2021.912	1
2021.929	1
2021.929	1
2021.921	1
2021.956	1
2021.912	1
2021.953	1
2021.953	1
2021.948	1
2021.948	1
2021.981	1
2021.973	1
2021.97	1
2021.967	1
2021.959	1
2021.959	1
2021.964	1
2021.967	1
2021.956	1
2021.967	1
2021.959	1
2021.959	1
2021.959	1
2021.967	1
2021.959	1
2021.953	1
2021.959	1
2021.959	1
2021.953	1
2021.959	1
2021.951	1
2021.918	1
2021.918	1
2021.918	1
2021.918	1
2021.918	1
2021.918	1
2021.918	1
2021.918	1
2021.918	1
2021.918	1
2021.918	1
2021.918	1
2021.918	1
2021.912	1
2021.915	1
2021.915	1
2021.915	1
2021.91	1
2021.91	1
2021.91	1
2021.91	1
2021.91	1
2021.91	1
2021.91	1
2021.91	1
2021.91	1
2021.91	1
2021.91	1
2021.91	1
2021.91	1
2021.904	1
2021.901	1
2021.901	1
2021.901	1
2021.929	1
2021.912	1
2021.937	1
2021.937	1
2021.937	1
2021.937	1
2021.937	1
2021.91	1
2021.932	1
2021.934	1
2021.932	1
2021.932	1
2021.932	1
2021.932	1
2021.956	1
2021.953	1
2021.975	1
2021.97	1
2021.97	1
2021.967	1
2021.967	1
2021.962	1
2021.929	1
2021.932	1
2021.921	1
2021.921	1
2021.921	1
2021.921	1
2021.921	1
2021.921	1
2021.921	1
2021.995	1
2021.937	1
2021.937	1
2021.937	1
2021.937	1
2021.937	1
2021.937	1
2021.948	1
2021.945	1
2021.942	1
2021.942	1
2021.942	1
2021.94	1
2022.005	1
2022.005	1
2022.005	1
2021.989	1
2021.995	1
2021.995	1
2021.995	1
2021.992	1
2021.981	1
2021.975	1
2021.989	1
2021.981	1
2022.014	1
2022.005	1
2022.011	1
2022.008	1
2022.005	1
2022.008	1
2022.011	1
2022.008	1
2022.008	1
2022.022	1
2022.022	1
2021.967	1
2021.959	1
2021.962	1
2021.921	1
2022.008	1
2022.011	1
2022.011	1
2022.011	1
2022.011	1
2022.011	1
2022.008	1
2022.019	1
2021.926	1
2022.005	1
2021.008	1
2021.003	1
2021.97	1
2021.956	1
2021.995	1
2021.992	1
2022.003	1
2021.948	1
2021.995	1
2021.997	1
2021.973	1
2021.953	1
2021.951	1
2021.91	1
2021.874	1
2021.874	1
2022.011	1
2022.005	1
2022.088	1
2022.09	1
2021.956	1
2021.97	1
2021.973	1
2021.97	1
2021.959	1
2021.956	1
2021.934	1
2021.926	1
2022.011	1
2022.008	1
2022.027	1
2021.967	1
2021.97	1
2021.975	1
2021.973	1
2021.929	1
2021.973	1
2021.973	1
2021.973	1
2022.011	1
2022.011	1
2022.03	1
2022.082	1
2022.03	1
2022.03	1
2022.008	1
2022.126	1
2021.997	1
2021.992	1
2021.94	1
2021.975	1
2021.948	1
2021.986	1
2022.126	1
2022.019	1
2021.956	1
2021.989	1
2021.953	1
2022.011	1
2021.921	1
2022.008	1
2022.008	1
2021.932	1
2022.025	1
2021.964	1
2022.008	1
2022.014	1
2022.011	1
2021.899	1
2021.951	1
2021.981	1
2021.981	1
2022.008	1
2021.986	1
2022.019	1
2021.986	1
2022.101	1
2021.984	1
2021.981	1
2022.008	1
2021.948	1
2022.107	1
2021.964	1
2021.951	1
2021.964	1
2021.918	1
2021.981	1
2021.89	1
2021.89	1
2021.907	1
2021.929	1
2021.918	1
2021.904	1
2021.912	1
2021.929	1
2021.929	1
2021.929	1
2021.937	1
2021.937	1
2021.94	1
2021.945	1
2021.94	1
2021.94	1
2021.94	1
2021.94	1
2021.94	1
2021.932	1
2021.953	1
2021.951	1
2021.984	1
2021.986	1
2021.986	1
2021.967	1
2021.964	1
2021.959	1
2021.959	1
2021.951	1
2021.951	1
2021.956	1
2021.948	1
2022.005	1
2022.005	1
2021.995	1
2021.995	1
2021.986	1
2021.975	1
2021.981	1
2021.986	1
2021.986	1
2021.986	1
2021.912	1
2021.975	1
2021.893	1
2021.89	1
2021.986	1
2021.962	1
2021.967	1
2021.989	1
2022.033	1
2022.063	1
2022.11	1
2021.959	1
2021.929	1
2022.005	1
2021.948	1
2021.959	1
2022.008	1
2022.022	1
2022.008	1
2021.964	1
2021.948	1
2022.033	1
2021.921	1
2021.959	1
2021.934	1
2022.104	1
2021.926	1
2021.926	1
2022.008	1
2021.948	1
2021.937	1
2022.008	1
2021.948	1
2021.921	1
2021.921	1
2022.005	1
2021.921	1
2021.759	1
2021.775	1
2021.912	1
2021.959	1
2021.964	1
2021.992	1
2021.973	1
2021.959	1
2021.978	1
2021.973	1
2021.912	1
2021.912	1
2021.912	1
2021.912	1
2022.011	1
2022.003	1
2022.014	1
2022.005	1
2022	1
2021.962	1
2022.06	1
2021.874	1
2021.989	1
2021.679	1
2021.668	1
2021.682	1
2021.901	1
2021.896	1
2021.904	1
2021.901	1
2021.904	1
2021.899	1
2021.923	1
2021.901	1
2021.723	1
2021.893	1
2021.995	1
2022.025	1
2021.756	1
2021.953	1
2021.877	1
2021.967	1
2021.921	1
2021.921	1
2021.953	1
2021.8	1
2021.863	1
2021.836	1
2021.819	1
2021.795	1
2022.104	1
2022.142	1
2021.942	1
2021.973	1
2021.986	1
2021.967	1
2021.8	1
2021.786	1
2021.778	1
2021.762	1
2021.808	1
2021.8	1
2021.874	1
2022.096	1
2021.918	1
2022.047	1
2021.868	1
2021.838	1
2021.838	1
2021.852	1
2021.852	1
2021.852	1
2021.871	1
2021.871	1
2021.871	1
2021.89	1
2021.97	1
2021.926	1
2021.992	1
2021.986	1
2022.005	1
2021.808	1
2022.008	1
2021.951	1
2022.025	1
2022.066	1
2021.858	1
2021.858	1
2021.803	1
2021.803	1
2022.005	1
2022.016	1
2022.011	1
2021.948	1
2021.984	1
2021.967	1
2021.975	1
2021.94	1
2021.964	1
2021.803	1
2021.803	1
2021.921	1
2021.921	1
2021.932	1
2021.932	1
2022.003	1
2022.003	1
2021.844	1
2021.844	1
2022	1
2021.737	1
2021.737	1
2021.8	1
2021.8	1
2021.8	1
2021.816	1
2021.855	1
2021.855	1
2021.814	1
2021.8	1
2021.786	1
2021.786	1
2021.819	1
2021.863	1
2021.838	1
2021.863	1
2021.8	1
2021.816	1
2021.858	1
2021.786	1
2021.8	1
2021.819	1
2021.814	1
2021.786	1
2021.838	1
2021.858	1
2021.929	1
2021.901	1
2021.896	1
2021.896	1
2021.959	1
2021.962	1
2021.94	1
2021.937	1
2021.945	1
2021.981	1
2021.973	1
2022.008	1
2022.005	1
2021.929	1
2022.003	1
2022.003	1
2021.871	1
2021.871	1
2022.011	1
2021.951	1
2021.951	1
2021.773	1
2021.773	1
2021.973	1
2022.003	1
2021.797	1
2021.934	1
2021.893	1
2021.896	1
2021.973	1
2021.973	1
2021.973	1
2021.888	1
2021.888	1
2021.91	1
2021.981	1
2021.896	1
2022.044	1
2022.038	1
2021.951	1
2022.025	1
2022.005	1
2021.97	1
2021.899	1
2021.91	1
2021.786	1
2021.775	1
2021.805	1
2021.825	1
2021.792	1
2021.921	1
2022.049	1
2022.101	1
2022.104	1
2022.082	1
2021.778	1
2021.915	1
2021.912	1
2021.833	1
2021.795	1
2021.704	1
2021.71	1
2021.973	1
2021.803	1
2021.718	1
2021.688	1
2021.723	1
2021.781	1
2021.814	1
2021.814	1
2021.789	1
2021.833	1
2021.778	1
2021.778	1
2021.773	1
2021.77	1
2021.77	1
2021.764	1
2021.762	1
2021.759	1
2021.767	1
2021.764	1
2021.762	1
2021.762	1
2021.762	1
2021.764	1
2021.756	1
2021.753	1
2021.753	1
2021.756	1
2021.745	1
2021.751	1
2021.852	1
2021.841	1
2021.868	1
2021.868	1
2021.866	1
2021.868	1
2021.877	1
2021.885	1
2021.879	1
2021.874	1
2021.879	1
2021.879	1
2021.877	1
2021.888	1
2021.874	1
2021.767	1
2021.756	1
2021.874	1
2021.888	1
2021.874	1
2021.625	1
2021.647	1
2021.682	1
2021.849	1
2021.871	1
2021.877	1
2021.877	1
2021.877	1
2021.797	1
2021.855	1
2021.849	1
2021.847	1
2021.866	1
2021.893	1
2021.896	1
2021.899	1
2021.874	1
2021.901	1
2021.91	1
2021.904	1
2021.896	1
2021.767	1
2021.918	1
2021.918	1
2021.91	1
2021.907	1
2021.879	1
2021.899	1
2021.893	1
2021.934	1
2021.918	1
2021.918	1
2021.921	1
2021.915	1
2021.915	1
2021.926	1
2021.923	1
2021.918	1
2021.915	1
2021.915	1
2021.912	1
2021.912	1
2021.912	1
2021.91	1
2021.91	1
2021.907	1
2021.904	1
2021.836	1
2021.825	1
2021.8	1
2021.797	1
2021.819	1
2021.814	1
2021.811	1
2021.795	1
2021.797	1
2021.8	1
2021.795	1
2021.795	1
2021.795	1
2021.778	1
2021.781	1
2021.781	1
2021.742	1
2021.929	1
2021.688	1
2021.71	1
2021.688	1
2021.721	1
2021.77	1
2021.951	1
2021.94	1
2021.94	1
2021.877	1
2021.855	1
2021.989	1
2021.959	1
2021.923	1
2021.896	1
2021.879	1
2021.896	1
2021.915	1
2021.989	1
2021.899	1
2021.775	1
2021.816	1
2021.967	1
2021.962	1
2021.956	1
2021.956	1
2021.915	1
2021.888	1
2021.844	1
2021.816	1
2021.959	1
2021.934	1
2021.932	1
2021.918	1
2021.97	1
2021.956	1
2022.003	1
2021.921	1
2021.959	1
2022.126	1
2022.126	1
2022.126	1
2021.926	1
2021.874	1
2021.838	1
2021.784	1
2021.764	1
2021.767	1
2022.044	1
2022.044	1
2022.044	1
2022.082	1
2022.027	1
2022.011	1
2021.959	1
2021.953	1
2021.948	1
2021.94	1
2021.937	1
2021.973	1
2021.97	1
2021.97	1
2021.959	1
2021.956	1
2021.953	1
2021.953	1
2021.668	1
2021.959	1
2021.715	1
2021.759	1
2021.773	1
2021.984	1
2021.992	1
2021.808	1
2021.937	1
2021.932	1
2021.918	1
2021.94	1
2021.836	1
2022.038	1
2022.005	1
2021.995	1
2021.871	1
2021.8	1
2021.852	1
2021.953	1
2021.756	1
2022.025	1
2021.921	1
2021.893	1
2021.959	1
2022.005	1
2021.841	1
2021.868	1
2021.86	1
2021.775	1
2021.762	1
2021.964	1
2021.77	1
2021.992	1
2021.989	1
2022.005	1
2021.967	1
2021.94	1
2021.948	1
2022.044	1
2022.052	1
2021.86	1
2022	1
2021.948	1
2021.893	1
2021.97	1
2021.986	1
2022.016	1
2022.068	1
2022.047	1
2021.992	1
2021.989	1
2021.967	1
2021.926	1
2022.066	1
2021.929	1
2021.918	1
2022.014	1
2021.863	1
2022.008	1
2021.995	1
2021.959	1
2021.956	1
2021.956	1
2021.959	1
2021.962	1
2021.964	1
2021.959	1
2021.953	1
2021.953	1
2021.953	1
2021.956	1
2021.951	1
2021.94	1
2022.085	1
2021.877	1
2021.91	1
2021.816	1
2021.816	1
2021.932	1
2021.841	1
2021.795	1
2021.992	1
2021.975	1
2021.784	1
2022.071	1
2021.786	1
2021.603	1
2021.603	1
2021.671	1
2021.825	1
2021.784	1
2021.751	1
2021.814	1
2021.8	1
2021.795	1
2021.882	1
2021.83	1
2021.899	1
2021.86	1
2021.986	1
2021.986	1
2021.989	1
2021.795	1
2021.816	1
2021.967	1
2022.005	1
2021.929	1
2021.956	1
2021.953	1
2022.033	1
2022.063	1
2022.008	1
2022.118	1
2022.11	1
2022.178	1
2022.184	1
2022.118	1
2022.126	1
2022.112	1
2022.162	1
2021.822	1
2021.97	1
2022.044	1
2021.858	1
2021.855	1
2021.885	1
2021.882	1
2021.888	1
2021.885	1
2021.89	1
2021.888	1
2021.877	1
2021.879	1
2021.863	1
2021.921	1
2021.975	1
2021.992	1
2021.992	1
2022.003	1
2022.016	1
2022.063	1
2022.055	1
2022.049	1
2021.879	1
2021.852	1
2021.885	1
2021.277	1
2021.277	1
2021.29	1
2021.299	1
2021.137	1
2021.14	1
2021.299	1
2021.288	1
2022.014	1
2022.093	1
2022.132	1
2021.581	1
2021.647	1
2022.107	1
2021.586	1
2021.956	1
2021.641	1
2021.581	1
2021.581	1
2021.608	1
2021.608	1
2021.608	1
2021.608	1
2021.625	1
2021.625	1
2021.797	1
2021.797	1
2021.89	1
2021.871	1
2021.614	1
2021.532	1
2021.597	1
2021.597	1
2021.597	1
2021.477	1
2021.627	1
2021.627	1
2021.6	1
2021.868	1
2021.597	1
2021.532	1
2021.597	1
2021.567	1
2021.567	1
2021.548	1
2021.222	1
2021.216	1
2021.608	1
2021.608	1
2021.203	1
2021.203	1
2021.203	1
2022.164	1
2022.09	1
2022.022	1
2022.088	1
2021.885	1
2021.94	1
2021.984	1
2021.951	1
2021.948	1
2021.778	1
2021.778	1
2021.636	1
2022.008	1
2021.951	1
2022.077	1
2021.956	1
2021.816	1
2021.786	1
2021.786	1
2022.03	1
2022.047	1
2022.049	1
2022.052	1
2022.104	1
2022.085	1
2021.967	1
2021.934	1
2021.855	1
2021.89	1
2021.907	1
2021.888	1
2021.975	1
2021.992	1
2022.005	1
2022.096	1
2022.186	1
2022.159	1
2022.175	1
2022.181	1
2021.893	1
2021.885	1
2021.967	1
2021.989	1
2021.858	1
2021.789	1
2021.844	1
2021.89	1
2021.951	1
2021.956	1
2022.011	1
2022.005	1
2021.973	1
2021.953	1
2022.184	1
2022.186	1
2022.148	1
2022.129	1
2021.899	1
2021.885	1
2021.682	1
2021.721	1
2021.838	1
2021.844	1
2021.795	1
2021.855	1
2021.844	1
2021.838	1
2021.838	1
2021.833	1
2021.833	1
2021.814	1
2021.816	1
2021.814	1
2021.803	1
2021.858	1
2021.786	1
2021.805	1
2021.918	1
2021.912	1
2021.89	1
2021.879	1
2021.91	1
2021.901	1
2021.858	1
2021.868	1
2021.901	1
2021.879	1
2021.929	1
2021.888	1
2021.852	1
2021.97	1
2021.942	1
2021.989	1
2021.986	1
2021.992	1
2021.967	1
2021.97	1
2021.973	1
2021.97	1
2021.953	1
2021.956	1
2021.942	1
2022.005	1
2021.986	1
2021.893	1
2021.97	1
2021.967	1
2021.986	1
2022.008	1
2022.025	1
2022.112	1
2022.14	1
2022.142	1
2022.104	1
2022.181	1
2022.181	1
2022.159	1
2022.164	1
2022.162	1
2022.164	1
2022.162	1
2022.156	1
2022.156	1
2022.082	1
2022.181	1
2022.181	1
2022.175	1
2022.184	1
2022.178	1
2021.989	1
2021.986	1
2021.973	1
2021.934	1
2022.167	1
2022.162	1
2022.159	1
2022.159	1
2022.167	1
2022.137	1
2022.184	1
2022.178	1
2022.178	1
2022.09	1
2021.915	1
2022.096	1
2021.997	1
2021.953	1
2021.973	1
2021.827	1
2022.099	1
2021.992	1
2021.918	1
2021.89	1
2021.956	1
2021.975	1
2022.167	1
2022.181	1
2022.181	1
2022.17	1
2022.167	1
2022.167	1
2022.173	1
2021.951	1
2021.912	1
2021.866	1
2021.827	1
2022.118	1
2021.959	1
2021.956	1
2022	1
2022	1
2022.027	1
2022.055	1
2022.186	1
2022.11	1
2022.17	1
2021.97	1
2021.855	1
2021.666	1
2021.707	1
2021.893	1
2021.816	1
2021.756	1
2021.874	1
2021.682	1
2022	1
2021.523	1
2021.523	1
2021.975	1
2022.123	1
2021.701	1
2021.666	1
2021.899	1
2021.584	1
2021.584	1
2021.584	1
2021.584	1
2021.584	1
2021.978	1
2021.973	1
2022.184	1
2022.189	1
2022.181	1
2022.175	1
2021.893	1
2022.008	1
2022.047	1
2021.605	1
2022.063	1
2022.036	1
2022.112	1
2022.112	1
2021.975	1
2022.025	1
2022.082	1
2022.005	1
2021.948	1
2021.948	1
2022.099	1
2022.085	1
2022.033	1
2021.915	1
2021.858	1
2021.992	1
2021.945	1
2021.901	1
2022.079	1
2022.142	1
2021.871	1
2021.858	1
2021.71	1
2021.995	1
2021.986	1
2022.044	1
2022.016	1
2022.06	1
2022.107	1
2022.145	1
2022.121	1
2022.09	1
2022.093	1
2022.162	1
2022.159	1
2022.186	1
2022.178	1
2021.877	1
2021.877	1
2022.019	1
2022.101	1
2022.11	1
2022.099	1
2022.107	1
2022.178	1
2022.11	1
2022.014	1
2022.09	1
2022.09	1
2022.101	1
2021.97	1
2021.973	1
2022.027	1
2022.055	1
2022.022	1
2022.052	1
2022.055	1
2021.984	1
2021.973	1
2022.027	1
2022.027	1
2022.068	1
2021.995	1
2022.008	1
2022.082	1
2022.008	1
2022.11	1
2022.016	1
2022.008	1
2022.008	1
2021.997	1
2021.942	1
2022.17	1
2022.159	1
2022.173	1
2021.956	1
2021.89	1
2021.784	1
2021.855	1
2022.079	1
2022.17	1
2022.123	1
2022.123	1
2022.123	1
2022.123	1
2022.126	1
2022.121	1
2022.104	1
2022.09	1
2021.973	1
2021.948	1
2022.17	1
2022.181	1
2021.778	1
2021.942	1
2021.956	1
2021.929	1
2021.929	1
2021.91	1
2021.91	1
2021.94	1
2021.94	1
2021.989	1
2021.942	1
2021.94	1
2021.962	1
2021.975	1
2021.921	1
2021.904	1
2021.929	1
2021.921	1
2021.912	1
2021.915	1
2021.91	1
2021.836	1
2021.871	1
2021.871	1
2021.937	1
2021.937	1
2021.934	1
2021.934	1
2021.932	1
2021.929	1
2021.929	1
2021.923	1
2021.923	1
2021.923	1
2021.921	1
2021.921	1
2021.921	1
2021.918	1
2021.918	1
2021.918	1
2021.918	1
2021.918	1
2021.918	1
2021.915	1
2021.915	1
2021.915	1
2021.915	1
2021.912	1
2021.912	1
2021.912	1
2021.912	1
2021.91	1
2021.91	1
2021.91	1
2021.91	1
2021.91	1
2021.907	1
2021.907	1
2021.896	1
2021.896	1
2021.893	1
2021.893	1
2021.893	1
2021.997	1
2021.997	1
2021.997	1
2021.995	1
2021.986	1
2021.975	1
2021.973	1
2021.973	1
2021.973	1
2021.97	1
2021.959	1
2021.959	1
2021.956	1
2021.953	1
2021.951	1
2021.951	1
2021.951	1
2021.948	1
2021.948	1
2021.942	1
2021.942	1
2021.91	1
2021.948	1
2021.912	1
2021.945	1
2021.934	1
2021.992	1
2021.937	1
2021.937	1
2021.932	1
2021.921	1
2021.91	1
2021.896	1
2021.893	1
2021.948	1
2021.978	1
2021.871	1
2021.918	1
2021.904	1
2021.91	1
2021.951	1
2021.992	1
2021.915	1
2021.904	1
2021.953	1
2021.915	1
2021.923	1
2021.896	1
2021.921	1
2021.921	1
2021.901	1
2021.893	1
2021.912	1
2021.921	1
2021.959	1
2021.962	1
2021.918	1
2021.926	1
2021.937	1
2021.934	1
2021.912	1
2021.97	1
2021.956	1
2021.94	1
2021.915	1
2021.915	1
2021.858	1
2021.874	1
2021.874	1
2021.874	1
2021.874	1
2021.844	1
2021.844	1
2021.929	1
2021.929	1
2021.975	1
2021.975	1
2022.079	1
2021.97	1
2021.951	1
2021.951	1
2021.951	1
2021.784	1
2021.918	1
2021.918	1
2022.003	1
2021.707	1
2021.707	1
2022.019	1
2022.068	1
2022.068	1
2021.871	1
2022.033	1
2022.025	1
2021.86	1
2021.91	1
2021.91	1
2022.107	1
2021.871	1
2021.973	1
2021.871	1
2021.973	1
2021.956	1
2021.956	1
2022.008	1
2022.008	1
2022.005	1
2022.005	1
2022.049	1
2022.033	1
2022.033	1
2022.047	1
2022.047	1
2022.066	1
2021.975	1
2021.975	1
2021.858	1
2021.833	1
2022.06	1
2022.044	1
2022.038	1
2021.942	1
2021.942	1
2021.838	1
2021.811	1
2021.811	1
2021.871	1
2021.871	1
2022.049	1
2022.104	1
2021.877	1
2021.877	1
2022.066	1
2021.937	1
2021.937	1
2021.934	1
2021.874	1
2021.874	1
2021.874	1
2022.085	1
2021.981	1
2021.981	1
2022.082	1
2021.778	1
2021.778	1
2021.784	1
2021.915	1
2021.915	1
2021.978	1
2021.951	1
2021.986	1
2022.025	1
2022.025	1
2021.975	1
2021.975	1
2021.759	1
2021.97	1
2021.91	1
2021.91	1
2021.992	1
2021.992	1
2021.951	1
2021.951	1
2021.973	1
2021.973	1
2021.833	1
2021.89	1
2021.89	1
2021.912	1
2022.005	1
2022.005	1
2021.986	1
2021.912	1
2021.896	1
2021.896	1
2022.074	1
2022.047	1
2021.778	1
2021.795	1
2021.877	1
2022.014	1
2022.074	1
2021.858	1
2021.918	1
2021.937	1
2021.937	1
2021.967	1
2021.967	1
2022.082	1
2021.918	1
2021.918	1
2021.893	1
2021.951	1
2021.841	1
2021.901	1
2021.901	1
2021.89	1
2021.866	1
2021.866	1
2021.956	1
2021.956	1
2021.967	1
2021.967	1
2021.948	1
2021.945	1
2021.945	1
2022.003	1
2022.003	1
2021.89	1
2021.937	1
2021.937	1
2022.041	1
2022.041	1
2021.803	1
2022.082	1
2022.082	1
2022.041	1
2021.912	1
2021.912	1
2021.841	1
2021.841	1
2021.956	1
2021.934	1
2021.879	1
2021.879	1
2021.948	1
2022.008	1
2022.008	1
2021.91	1
2021.953	1
2021.973	1
2022.036	1
2022.011	1
2021.981	1
2021.981	1
2021.882	1
2021.934	1
2022.011	1
2021.912	1
2021.912	1
2021.899	1
2021.899	1
2021.918	1
2021.94	1
2021.97	1
2021.978	1
2021.918	1
2021.934	1
2022.022	1
2021.877	1
2021.973	1
2022.027	1
2022.027	1
2021.951	1
2022.047	1
2021.978	1
2021.978	1
2021.882	1
2021.882	1
2021.959	1
2021.888	1
2021.91	1
2021.912	1
2021.942	1
2021.942	1
2021.888	1
2021.989	1
2022.003	1
2021.858	1
2021.874	1
2021.866	1
2021.863	1
2021.967	1
2021.888	1
2021.888	1
2022.008	1
2021.896	1
2021.896	1
2022.066	1
2021.915	1
2021.912	1
2021.912	1
2022.047	1
2021.929	1
2022.066	1
2021.981	1
2021.981	1
2021.907	1
2021.907	1
2021.959	1
2021.959	1
2022.047	1
2021.89	1
2021.89	1
2021.882	1
2021.956	1
2021.819	1
2021.819	1
2021.827	1
2021.926	1
2022	1
2022	1
2021.951	1
2021.951	1
2022.058	1
2021.893	1
2021.893	1
2022.047	1
2021.951	1
2022.049	1
2022.049	1
2022.047	1
2022.014	1
2022	1
2021.989	1
2021.934	1
2022.066	1
2021.973	1
2021.989	1
2021.871	1
2022.016	1
2021.978	1
2021.978	1
2021.863	1
2021.962	1
2022.049	1
2021.833	1
2021.956	1
2021.74	1
2021.742	1
2021.742	1
2021.74	1
2021.74	1
2021.74	1
2021.737	1
2021.737	1
2021.737	1
2021.737	1
2021.737	1
2021.737	1
2021.737	1
2021.737	1
2021.737	1
2021.726	1
2021.726	1
2021.726	1
2021.726	1
2021.723	1
2021.721	1
2021.721	1
2021.721	1
2021.707	1
2021.707	1
2021.701	1
2021.764	1
2021.764	1
2021.764	1
2021.764	1
2021.764	1
2021.764	1
2021.764	1
2021.764	1
2021.764	1
2021.764	1
2021.764	1
2021.764	1
2021.764	1
2021.764	1
2021.764	1
2021.764	1
2021.764	1
2021.764	1
2021.764	1
2021.764	1
2021.764	1
2021.764	1
2021.764	1
2021.764	1
2021.764	1
2021.764	1
2021.764	1
2021.762	1
2021.762	1
2021.762	1
2021.762	1
2021.762	1
2021.762	1
2021.762	1
2021.762	1
2021.762	1
2021.762	1
2021.762	1
2021.762	1
2021.762	1
2021.762	1
2021.759	1
2021.759	1
2021.759	1
2021.759	1
2021.759	1
2021.759	1
2021.759	1
2021.759	1
2021.759	1
2021.759	1
2021.759	1
2021.759	1
2021.759	1
2021.759	1
2021.759	1
2021.759	1
2021.759	1
2021.759	1
2021.759	1
2021.759	1
2021.759	1
2021.759	1
2021.759	1
2021.759	1
2021.745	1
2021.759	1
2021.745	1
2021.745	1
2021.745	1
2021.745	1
2021.745	1
2021.745	1
2021.745	1
2021.745	1
2021.742	1
2021.742	1
2021.742	1
2021.74	1
2021.74	1
2021.74	1
2021.778	1
2021.778	1
2021.778	1
2021.778	1
2021.778	1
2021.778	1
2021.778	1
2021.753	1
2021.759	1
2021.759	1
2021.759	1
2021.753	1
2021.778	1
2021.759	1
2021.816	1
2021.803	1
2021.803	1
2021.816	1
2021.784	1
2021.784	1
2021.784	1
2021.784	1
2021.784	1
2021.784	1
2021.784	1
2021.784	1
2021.784	1
2021.781	1
2021.781	1
2021.781	1
2021.781	1
2021.781	1
2021.781	1
2021.778	1
2021.778	1
2021.778	1
2021.778	1
2021.781	1
2021.778	1
2021.781	1
2021.781	1
2021.781	1
2021.781	1
2021.781	1
2021.781	1
2021.781	1
2021.781	1
2021.781	1
2021.781	1
2021.781	1
2021.781	1
2021.781	1
2021.781	1
2021.778	1
2021.778	1
2021.778	1
2021.778	1
2021.778	1
2021.778	1
2021.778	1
2021.778	1
2021.778	1
2021.778	1
2021.778	1
2021.778	1
2021.778	1
2021.778	1
2021.819	1
2021.819	1
2021.762	1
2021.816	1
2021.822	1
2021.822	1
2021.762	1
2021.819	1
2021.819	1
2021.816	1
2021.803	1
2021.803	1
2021.819	1
2021.693	1
2021.742	1
2021.745	1
2021.707	1
2021.762	1
2021.764	1
2021.745	1
2021.723	1
2021.762	1
2021.858	1
2021.858	1
2021.858	1
2021.858	1
2021.858	1
2021.858	1
2021.858	1
2021.858	1
2021.858	1
2021.858	1
2021.858	1
2021.858	1
2021.858	1
2021.858	1
2021.858	1
2021.858	1
2021.858	1
2021.858	1
2021.852	1
2021.852	1
2021.852	1
2021.849	1
2021.847	1
2021.847	1
2021.847	1
2021.844	1
2021.841	1
2021.844	1
2021.844	1
2021.86	1
2021.86	1
2021.86	1
2021.86	1
2021.86	1
2021.86	1
2021.86	1
2021.86	1
2021.86	1
2021.86	1
2021.86	1
2021.86	1
2021.86	1
2021.86	1
2021.86	1
2021.86	1
2021.86	1
2021.86	1
2021.86	1
2021.86	1
2021.86	1
2021.86	1
2021.86	1
2021.86	1
2021.86	1
2021.86	1
2021.855	1
2021.852	1
2021.852	1
2021.849	1
2021.849	1
2021.847	1
2021.844	1
2021.841	1
2021.836	1
2021.836	1
2021.836	1
2021.836	1
2021.836	1
2021.836	1
2021.836	1
2021.833	1
2021.836	1
2021.825	1
2021.833	1
2021.836	1
2021.825	1
2021.833	1
2021.833	1
2021.833	1
2021.833	1
2021.833	1
2021.833	1
2021.833	1
2021.833	1
2021.833	1
2021.833	1
2021.833	1
2021.836	1
2021.836	1
2021.836	1
2021.836	1
2021.836	1
2021.836	1
2021.836	1
2021.836	1
2021.836	1
2021.836	1
2021.836	1
2021.836	1
2021.836	1
2021.836	1
2021.836	1
2021.836	1
2021.836	1
2021.874	1
2021.871	1
2021.871	1
2021.871	1
2021.871	1
2021.871	1
2021.871	1
2021.871	1
2021.871	1
2021.871	1
2021.871	1
2021.871	1
2021.871	1
2021.871	1
2021.871	1
2021.871	1
2021.871	1
2021.871	1
2021.871	1
2021.871	1
2021.871	1
2021.871	1
2021.871	1
2021.871	1
2021.871	1
2021.871	1
2021.871	1
2021.871	1
2021.871	1
2021.871	1
2021.871	1
2021.871	1
2021.871	1
2021.871	1
2021.866	1
2021.866	1
2021.866	1
2021.866	1
2021.866	1
2021.866	1
2021.866	1
2021.866	1
2021.866	1
2021.866	1
2021.866	1
2021.863	1
2021.863	1
2021.863	1
2021.863	1
2021.863	1
2021.863	1
2021.863	1
2021.863	1
2021.863	1
2021.863	1
2021.863	1
2021.863	1
2021.863	1
2021.863	1
2021.863	1
2021.877	1
2021.877	1
2021.877	1
2021.877	1
2021.877	1
2021.877	1
2021.877	1
2021.877	1
2021.877	1
2021.877	1
2021.877	1
2021.877	1
2021.877	1
2021.877	1
2021.877	1
2021.877	1
2021.877	1
2021.877	1
2021.877	1
2021.877	1
2021.877	1
2021.877	1
2021.877	1
2021.877	1
2021.877	1
2021.877	1
2021.877	1
2021.877	1
2021.874	1
2021.874	1
2021.874	1
2021.874	1
2021.874	1
2021.874	1
2021.874	1
2021.874	1
2021.874	1
2021.874	1
2021.874	1
2021.874	1
2021.874	1
2021.874	1
2021.874	1
2021.874	1
2021.874	1
2021.874	1
2021.874	1
2021.874	1
2021.874	1
2021.874	1
2021.874	1
2021.874	1
2021.874	1
2021.858	1
2021.855	1
2021.849	1
2021.819	1
2021.822	1
2021.841	1
2021.838	1
2021.833	1
2021.833	1
2021.841	1
2021.833	1
2021.847	1
2021.836	1
2021.833	1
2021.836	1
2021.838	1
2021.838	1
2021.841	1
2021.814	1
2021.858	1
2021.858	1
2021.858	1
2021.858	1
2021.858	1
2021.858	1
2021.858	1
2021.858	1
2021.858	1
2021.858	1
2021.858	1
2021.858	1
2021.858	1
2021.858	1
2021.858	1
2021.858	1
2021.858	1
2021.858	1
2021.858	1
2021.858	1
2021.877	1
2021.849	1
2021.822	1
2021.819	1
2021.841	1
2021.841	1
2021.841	1
2021.838	1
2021.863	1
2021.822	1
2021.822	1
2021.833	1
2021.879	1
2021.847	1
2021.858	1
2021.833	1
2021.866	1
2021.838	1
2021.841	1
2021.814	1
2021.819	1
2021.814	1
2021.814	1
2021.814	1
2021.814	1
2021.816	1
2021.803	1
2021.803	1
2021.803	1
2021.803	1
2021.8	1
2021.8	1
2021.8	1
2021.8	1
2021.8	1
2021.795	1
2021.795	1
2021.795	1
2021.795	1
2021.795	1
2021.797	1
2021.797	1
2021.797	1
2021.797	1
2021.797	1
2021.795	1
2021.795	1
2021.852	1
2021.877	1
2021.868	1
2021.86	1
2021.86	1
2021.858	1
2021.852	1
2021.858	1
2021.852	1
2021.863	1
2021.852	1
2021.852	1
2021.879	1
2021.879	1
2021.874	1
2021.838	1
2021.838	1
2021.932	1
2021.89	1
2021.877	1
2021.932	1
2021.929	1
2021.918	1
2021.929	1
2021.915	1
2021.91	1
2021.91	1
2021.877	1
2021.915	1
2021.912	1
2021.91	1
2021.91	1
2021.879	1
2021.877	1
2021.858	1
2021.929	1
2021.915	1
2021.896	1
2021.89	1
2021.871	1
2021.849	1
2021.888	1
2021.918	1
2021.888	1
2021.888	1
2021.849	1
2021.874	1
2021.874	1
2021.874	1
2021.874	1
2021.879	1
2021.874	1
2021.879	1
2021.874	1
2021.915	1
2021.915	1
2021.893	1
2021.877	1
2021.877	1
2021.893	1
2021.888	1
2021.901	1
2021.901	1
2021.901	1
2021.901	1
2021.888	1
2021.863	1
2021.844	1
2021.849	1
2021.863	1
2021.844	1
2021.893	1
2021.893	1
2021.893	1
2021.893	1
2021.91	1
2021.91	1
2021.877	1
2021.858	1
2021.863	1
2021.904	1
2021.912	1
2021.904	1
2021.923	1
2021.921	1
2021.896	1
2021.915	1
2021.918	1
2021.877	1
2021.91	1
2021.877	1
2021.912	1
2021.855	1
2021.874	1
2021.855	1
2021.86	1
2021.899	1
2021.915	1
2021.888	1
2021.918	1
2021.929	1
2021.912	1
2021.915	1
2021.879	1
2021.893	1
2021.89	1
2021.871	1
2021.871	1
2021.879	1
2021.89	1
2021.877	1
2021.901	1
2021.882	1
2021.91	1
2021.907	1
2021.912	1
2021.893	1
2021.893	1
2021.893	1
2021.926	1
2021.896	1
2021.893	1
2021.896	1
2021.899	1
2021.874	1
2021.885	1
2021.877	1
2021.863	1
2021.858	1
2021.912	1
2021.888	1
2021.871	1
2021.91	1
2021.929	1
2021.929	1
2021.893	1
2021.893	1
2021.871	1
2021.923	1
2021.923	1
2021.871	1
2021.871	1
2021.882	1
2021.855	1
2021.912	1
2021.899	1
2021.915	1
2021.918	1
2021.91	1
2021.901	1
2021.89	1
2021.912	1
2021.879	1
2021.879	1
2021.877	1
2021.874	1
2021.86	1
2021.91	1
2021.937	1
2021.915	1
2021.863	1
2021.926	1
2021.918	1
2021.863	1
2021.912	1
2021.929	1
2021.923	1
2021.915	1
2021.934	1
2021.915	1
2021.948	1
2021.91	1
2021.91	1
2021.912	1
2021.907	1
2021.91	1
2021.951	1
2021.912	1
2021.959	1
2021.899	1
2021.951	1
2021.956	1
2021.956	1
2021.932	1
2021.921	1
2021.882	1
2021.915	1
2021.868	1
2021.871	1
2021.871	1
2021.896	1
2021.868	1
2021.893	1
2021.893	1
2021.967	1
2021.953	1
2021.932	1
2021.912	1
2021.912	1
2021.921	1
2021.912	1
2021.912	1
2021.901	1
2021.89	1
2021.915	1
2021.915	1
2021.901	1
2021.896	1
2021.904	1
2021.948	1
2021.912	1
2021.929	1
2021.929	1
2021.932	1
2021.871	1
2021.951	1
2021.94	1
2021.942	1
2021.879	1
2021.893	1
2021.89	1
2021.753	1
2021.871	1
2021.871	1
2021.915	1
2021.948	1
2021.915	1
2021.948	1
2021.948	1
2021.879	1
2021.893	1
2021.882	1
2021.967	1
2021.877	1
2021.912	1
2021.901	1
2021.937	1
2021.91	1
2021.912	1
2021.921	1
2021.926	1
2021.97	1
2021.874	1
2021.929	1
2021.953	1
2021.929	1
2021.951	1
2021.953	1
2021.959	1
2021.959	1
2021.932	1
2021.871	1
2021.871	1
2021.871	1
2021.91	1
2021.893	1
2021.871	1
2021.855	1
2021.882	1
2021.956	1
2021.912	1
2021.899	1
2021.896	1
2021.953	1
2021.932	1
2021.951	1
2021.948	1
2021.953	1
2021.879	1
2021.877	1
2021.879	1
2021.912	1
2021.934	1
2021.934	1
2021.932	1
2021.91	1
2021.951	1
2021.951	1
2021.948	1
2021.942	1
2021.97	1
2021.959	1
2021.973	1
2021.956	1
2021.967	1
2021.975	1
2021.948	1
2021.953	1
2021.959	1
2021.984	1
2021.959	1
2021.912	1
2021.948	1
2021.959	1
2021.967	1
2021.951	1
2021.901	1
2021.973	1
2021.97	1
2021.945	1
2021.934	1
2021.921	1
2021.937	1
2021.967	1
2021.948	1
2021.975	1
2021.918	1
2021.981	1
2021.975	1
2021.989	1
2021.964	1
2021.981	1
2021.945	1
2021.91	1
2021.932	1
2021.951	1
2021.978	1
2021.986	1
2021.956	1
2021.956	1
2021.945	1
2021.956	1
2021.956	1
2021.937	1
2021.945	1
2021.937	1
2021.97	1
2021.97	1
2021.937	1
2021.942	1
2021.956	1
2021.956	1
2021.942	1
2021.989	1
2021.975	1
2021.989	1
2021.975	1
2021.951	1
2021.986	1
2022.011	1
2022.011	1
2021.959	1
2021.967	1
2021.967	1
2021.967	1
2021.964	1
2021.967	1
2021.967	1
2021.967	1
2021.962	1
2021.967	1
2021.967	1
2021.962	1
2021.934	1
2021.926	1
2021.937	1
2021.948	1
2021.964	1
2021.984	1
2021.986	1
2021.981	1
2021.951	1
2021.959	1
2021.978	1
2021.967	1
2021.959	1
2021.984	1
2021.937	1
2021.926	1
2021.934	1
2021.951	1
2021.978	1
2021.984	1
2021.986	1
2021.989	1
2021.989	1
2021.937	1
2021.97	1
2021.97	1
2021.951	1
2021.981	1
2021.951	1
2021.986	1
2021.975	1
2021.959	1
2021.967	1
2021.981	1
2021.992	1
2021.984	1
2022.005	1
2022.005	1
2021.992	1
2022.03	1
2022.011	1
2021.942	1
2021.973	1
2021.973	1
2021.967	1
2021.975	1
2021.973	1
2021.948	1
2021.986	1
2021.932	1
2021.97	1
2021.932	1
2021.97	1
2022.008	1
2021.882	1
2022.008	1
2021.981	1
2021.989	1
2021.984	1
2022.008	1
2021.992	1
2021.984	1
2022.005	1
2021.992	1
2022.03	1
2021.989	1
2021.956	1
2021.967	1
2021.967	1
2021.967	1
2021.953	1
2021.953	1
2021.951	1
2021.951	1
2021.948	1
2021.951	1
2021.948	1
2021.989	1
2021.94	1
2021.975	1
2021.967	1
2021.953	1
2021.953	1
2021.956	1
2021.973	1
2021.967	1
2021.956	1
2021.948	1
2021.934	1
2021.932	1
2021.992	1
2021.953	1
2021.951	1
2021.956	1
2021.945	1
2021.912	1
2021.899	1
2022.03	1
2022.025	1
2022.008	1
2022.027	1
2022.052	1
2022.016	1
2021.981	1
2021.989	1
2021.978	1
2021.986	1
2021.992	1
2022.008	1
2021.975	1
2021.973	1
2021.997	1
2021.912	1
2021.915	1
2021.934	1
2022.033	1
2022.025	1
2022.008	1
2021.97	1
2021.978	1
2021.986	1
2021.981	1
2022.016	1
2022.044	1
2022.052	1
2022.008	1
2022.077	1
2022.014	1
2022.027	1
2021.984	1
2021.882	1
2021.915	1
2021.934	1
2021.945	1
2022.052	1
2022.011	1
2022.005	1
2022.052	1
2021.967	1
2021.973	1
2021.948	1
2021.901	1
2021.896	1
2022.008	1
2022.027	1
2021.918	1
2021.926	1
2021.918	1
2021.91	1
2022.025	1
2022.025	1
2022.033	1
2022.033	1
2022.03	1
2022.008	1
2021.992	1
2021.975	1
2022.008	1
2021.989	1
2022.008	1
2021.975	1
2022.016	1
2022.044	1
2022.052	1
2022.077	1
2022.079	1
2022.068	1
2022.047	1
2022.047	1
2021.921	1
2022.005	1
2021.915	1
2021.904	1
2022.027	1
2022.066	1
2022.047	1
2022.008	1
2022.027	1
2022.099	1
2022.101	1
2022.049	1
2022.063	1
2022.101	1
2022.068	1
2022.066	1
2022.047	1
2022.088	1
2021.926	1
2022.047	1
2021.995	1
2022.063	1
2022.047	1
2022.071	1
2022.071	1
2022.071	1
2022.066	1
2022.049	1
2022.033	1
2022.025	1
2022.082	1
2022.082	1
2021.989	1
2022.014	1
2021.992	1
2021.975	1
2022.033	1
2021.855	1
2021.855	1
2021.858	1
2021.858	1
2021.91	1
2021.874	1
2021.874	1
2021.91	1
2022.008	1
2022.008	1
2021.877	1
2021.877	1
2021.918	1
2021.918	1
2021.929	1
2021.929	1
2021.907	1
2021.879	1
2021.879	1
2021.981	1
2022.008	1
2021.97	1
2021.97	1
2021.97	1
2021.907	1
2021.953	1
2021.948	1
2021.937	1
2021.953	1
2021.934	1
2021.937	1
2021.953	1
2021.948	1
2021.953	1
2021.926	1
2021.973	1
2021.973	1
2022.022	1
2021.8	1
2021.797	1
2021.795	1
2021.907	1
2021.907	1
2021.907	1
2021.907	1
2021.959	1
2021.956	1
2021.959	1
2022.047	1
2021.762	1
2021.762	1
2021.882	1
2021.877	1
2021.877	1
2021.882	1
2021.882	1
2021.879	1
2021.879	1
2021.879	1
2021.94	1
2022.027	1
2022.027	1
2022.016	1
2022.008	1
2022.008	1
2022.008	1
2022.008	1
2021.978	1
2021.978	1
2021.986	1
2021.986	1
2022.038	1
2022.038	1
2021.97	1
2021.89	1
2021.915	1
2021.915	1
2021.918	1
2021.89	1
2021.967	1
2021.795	1
2021.86	1
2021.86	1
2021.858	1
2021.901	1
2021.803	1
2022.03	1
2022.03	1
2021.951	1
2021.951	1
2021.951	1
2021.951	1
2021.951	1
2022.033	1
2022.022	1
2021.764	1
2021.764	1
2021.86	1
2021.948	1
2021.948	1
2022.088	1
2022.049	1
2022.049	1
2021.937	1
2021.86	1
2021.932	1
2021.932	1
2021.997	1
2021.997	1
2022.082	1
2022.082	1
2022.074	1
2022.074	1
2021.918	1
2021.858	1
2021.858	1
2021.858	1
2021.858	1
2021.858	1
2021.858	1
2021.858	1
2021.86	1
2021.86	1
2021.86	1
2021.86	1
2021.836	1
2021.833	1
2021.836	1
2021.836	1
2021.836	1
2021.836	1
2021.874	1
2021.871	1
2021.871	1
2021.871	1
2021.871	1
2021.863	1
2021.863	1
2021.863	1
2021.877	1
2021.877	1
2021.874	1
2021.874	1
2021.858	1
2021.934	1
2021.932	1
2021.934	1
2021.855	1
2022.027	1
2022.027	1
2021.932	1
2021.995	1
2021.932	1
2021.932	1
2022.047	1
2022.047	1
2021.959	1
2021.959	1
2021.86	1
2021.86	1
2021.973	1
2021.973	1
2022.005	1
2022.005	1
2022.036	1
2022.036	1
2021.992	1
2021.992	1
2021.858	1
2021.858	1
2021.858	1
2021.858	1
2021.858	1
2021.858	1
2021.858	1
2021.86	1
2021.86	1
2021.86	1
2021.86	1
2021.855	1
2021.855	1
2021.847	1
2021.871	1
2021.866	1
2021.866	1
2021.877	1
2021.874	1
2021.874	1
2021.858	1
2021.858	1
2021.858	1
2021.858	1
2022.014	1
2022.014	1
2021.879	1
2021.879	1
2021.929	1
2021.929	1
2021.981	1
2021.981	1
2022.071	1
2022.071	1
2021.795	1
2021.973	1
2021.778	1
2021.973	1
2021.855	1
2022.033	1
2022.03	1
2022.03	1
2022.068	1
2021.803	1
2021.795	1
2021.973	1
2022.074	1
2022.03	1
2022.047	1
2021.953	1
2021.948	1
2022.008	1
2021.951	1
2021.951	1
2021.874	1
2021.874	1
2021.838	1
2021.838	1
2021.838	1
2021.838	1
2021.874	1
2021.874	1
2021.866	1
2021.866	1
2021.973	1
2021.973	1
2021.978	1
2021.978	1
2022.027	1
2022.027	1
2021.967	1
2021.967	1
2022.044	1
2021.863	1
2021.863	1
2021.921	1
2021.915	1
2021.915	1
2022.068	1
2021.986	1
2021.86	1
2021.86	1
2021.86	1
2021.836	1
2021.836	1
2021.836	1
2021.871	1
2021.863	1
2021.877	1
2021.912	1
2021.912	1
2021.778	1
2021.91	1
2021.997	1
2022.003	1
2022.052	1
2021.764	1
2021.953	1
2022.005	1
2021.956	1
2021.921	1
2021.921	1
2021.973	1
2021.948	1
2022.014	1
2022.014	1
2021.937	1
2022.005	1
2021.973	1
2021.973	1
2021.726	1
2021.726	1
2021.986	1
2021.893	1
2021.893	1
2021.934	1
2021.934	1
2022.027	1
2022.025	1
2022.027	1
2022.027	1
2021.874	1
2021.874	1
2022.036	1
2022.036	1
2021.956	1
2021.956	1
2021.945	1
2021.945	1
2022.011	1
2022.011	1
2022.014	1
2022.014	1
2022.066	1
2021.915	1
2022.008	1
2021.915	1
2022.068	1
2021.877	1
2021.814	1
2021.814	1
2021.827	1
2021.827	1
2021.945	1
2021.964	1
2021.964	1
2021.945	1
2021.929	1
2021.91	1
2021.885	1
2021.929	1
2022.101	1
2022.107	1
2022.03	1
2022.033	1
2021.932	1
2022.033	1
2022.008	1
2022.008	1
2022.044	1
2022.044	1
2021.871	1
2021.871	1
2021.918	1
2021.956	1
2021.956	1
2021.956	1
2022.003	1
2021.956	1
2022.063	1
2021.877	1
2021.877	1
2022.041	1
2022.041	1
2021.992	1
2021.992	1
2021.967	1
2021.989	1
2021.989	1
2021.937	1
2021.879	1
2022.027	1
2021.962	1
2021.962	1
2022.027	1
2022.049	1
2022.049	1
2022.047	1
2022.055	1
2022.055	1
2022.063	1
2021.858	1
2021.858	1
2021.764	1
2021.858	1
2021.764	1
2022.055	1
2022.027	1
2022.027	1
2021.86	1
2021.858	1
2021.858	1
2021.986	1
2022.036	1
2021.923	1
2021.923	1
2021.981	1
2021.981	1
2021.921	1
2021.921	1
2022.011	1
2021.879	1
2021.918	1
2021.838	1
2021.893	1
2021.836	1
2021.838	1
2021.918	1
2021.94	1
2021.986	1
2021.964	1
2021.964	1
2022.005	1
2022.068	1
2021.948	1
2021.948	1
2022.038	1
2022.038	1
2021.978	1
2021.978	1
2021.929	1
2021.973	1
2022.036	1
2022.036	1
2022.027	1
2022.027	1
2022.044	1
2022.066	1
2022.066	1
2022.049	1
2022.049	1
2022.074	1
2021.874	1
2021.871	1
2021.871	1
2021.871	1
2021.871	1
2021.877	1
2021.877	1
2021.874	1
2021.874	1
2021.858	1
2021.877	1
2021.748	1
2021.803	1
2021.838	1
2021.838	1
2021.838	1
2021.948	1
2021.838	1
2021.934	1
2021.959	1
2021.934	1
2021.874	1
2021.915	1
2021.871	1
2021.912	1
2021.912	1
2021.912	1
2021.912	1
2021.923	1
2021.934	1
2021.921	1
2021.89	1
2021.912	1
2021.912	1
2021.871	1
2021.89	1
2021.597	1
2021.767	1
2021.767	1
2021.814	1
2021.756	1
2021.753	1
2021.83	1
2021.83	1
2021.921	1
2021.937	1
2021.912	1
2021.921	1
2021.94	1
2021.814	1
2021.781	1
2021.879	1
2021.871	1
2021.893	1
2021.904	1
2021.934	1
2021.704	1
2021.923	1
2021.978	1
2021.978	1
2021.871	1
2021.871	1
2021.89	1
2021.967	1
2021.89	1
2021.825	1
2021.929	1
2022.093	1
2022.055	1
2021.967	1
2022.071	1
2022.063	1
2021.986	1
2021.91	1
2021.932	1
2021.882	1
2021.934	1
2021.932	1
2021.789	1
2021.847	1
2021.929	1
2021.825	1
2021.868	1
2021.926	1
2021.932	1
2021.918	1
2021.597	1
2021.63	1
2021.63	1
2021.63	1
2021.63	1
2021.63	1
2021.63	1
2021.63	1
2021.63	1
2021.63	1
2021.6	1
2021.699	1
2021.844	1
2021.795	1
2021.808	1
2021.836	1
2021.871	1
2021.819	1
2021.921	1
2021.896	1
2021.921	1
2021.932	1
2021.912	1
2021.91	1
2021.921	1
2021.956	1
2021.882	1
2021.833	1
2021.929	1
2021.986	1
2022.175	1
2022.175	1
2022.164	1
2021.91	1
2021.91	1
2021.866	1
2021.953	1
2021.953	1
2021.918	1
2021.882	1
2021.885	1
2021.934	1
2021.967	1
2022.003	1
2021.83	1
2021.83	1
2021.833	1
2021.929	1
2021.948	1
2021.91	1
2021.893	1
2021.866	1
2021.921	1
2021.94	1
2021.868	1
2021.923	1
2021.863	1
2021.852	1
2021.852	1
2021.899	1
2021.89	1
2021.893	1
2021.885	1
2021.885	1
2021.551	1
2021.805	1
2021.882	1
2021.937	1
2021.921	1
2021.912	1
2021.896	1
2021.896	1
2021.896	1
2021.893	1
2021.899	1
2021.956	1
2021.918	1
2021.91	1
2021.91	1
2021.967	1
2021.956	1
2021.942	1
2021.937	1
2021.934	1
2021.932	1
2021.858	1
2021.973	1
2021.89	1
2021.003	1
2021.934	1
2022	1
2021.929	1
2021.841	1
2021.841	1
2021.838	1
2021.841	1
2021.838	1
2021.841	1
2021.838	1
2021.841	1
2021.841	1
2021.838	1
2021.838	1
2021.838	1
2021.822	1
2021.841	1
2021.838	1
2021.841	1
2021.841	1
2021.841	1
2021.838	1
2021.91	1
2021.959	1
2021.934	1
2021.841	1
2021.841	1
2021.89	1
2021.91	1
2021.907	1
2021.907	1
2021.674	1
2021.893	1
2021.948	1
2021.91	1
2021.847	1
2021.932	1
2021.764	1
2021.907	1
2021.915	1
2021.915	1
2021.953	1
2021.951	1
2021.877	1
2021.995	1
2021.849	1
2021.849	1
2021.877	1
2021.877	1
2021.932	1
2021.94	1
2021.833	1
2021.956	1
2021.973	1
2021.915	1
2021.932	1
2021.91	1
2021.918	1
2021.959	1
2021.973	1
2021.923	1
2021.937	1
2021.688	1
2021.775	1
2021.748	1
2021.937	1
2021.934	1
2021.879	1
2021.934	1
2021.877	1
2021.992	1
2021.896	1
2021.929	1
2021.811	1
2021.921	1
2021.912	1
2021.91	1
2021.912	1
2021.953	1
2021.94	1
2021.94	1
2021.932	1
2021.959	1
2021.91	1
2021.945	1
2021.989	1
2021.882	1
2021.989	1
2021.956	1
2021.904	1
2021.959	1
2021.953	1
2021.945	1
2021.929	1
2021.899	1
2021.978	1
2021.967	1
2021.956	1
2021.879	1
2021.945	1
2021.288	1
2021.288	1
2021	1
2021.288	1
2020.699	1
2020.76	1
2020.76	1
2020	1
2020.727	1
2020.678	1
2020.672	1
2020	1
2020.705	1
2020.76	1
2020.76	1
2020.678	1
2020.678	1
2020.623	1
2020.623	1
2020.672	1
2020.727	1
2020.727	1
2020.801	1
2020.781	1
2020.74	1
2020.765	1
2020.784	1
2020.757	1
2020.779	1
2020.732	1
2020.738	1
2020.689	1
2021.038	1
2021.038	1
2020.765	1
2021.644	1
2021.644	1
2020.678	1
2020.678	1
2020.686	1
2020.604	1
2020.672	1
2020.757	1
2020.678	1
2020.702	1
2020.708	1
2020.743	1
2020.708	1
2020.708	1
2020.74	1
2020.738	1
2020.76	1
2020.691	1
2020.738	1
2020.82	1
2020.68	1
2020.749	1
2020.68	1
2020.699	1
2020.691	1
2020.735	1
2020.73	1
2020.735	1
2020.719	1
2020.719	1
2020.697	1
2020.678	1
2020.697	1
2020.757	1
2020.773	1
2020.757	1
2020.678	1
2020.754	1
2020.73	1
2020.749	1
2020.822	1
2020.672	1
2020.705	1
2020.683	1
2020.738	1
2020.699	1
2020.672	1
2020.757	1
2020.672	1
2020.667	1
2020.697	1
2020.798	1
2020.749	1
2021.814	1
2021.814	1
2021.874	1
2021.901	1
2021.948	1
2021.964	1
2022.104	1
2022.186	1
2022.17	1
2022.175	1
2022.178	1
2022.189	1
2022.186	1
2022.178	1
2022.181	1
2022.178	1
2022.178	1
2022.178	1
2022.175	1
2022.142	1
2022.104	1
2022.107	1
2022.118	1
2022.085	1
2022.123	1
2022.134	1
2022.153	1
2021.532	1
2021.532	1
2021.715	1
2021.715	1
2021.734	1
2021.734	1
2021.967	1
2021.688	1
2020.724	1
2020.708	1
2020.686	1
2020.65	1
2020.743	1
2020.65	1
2020.65	1
2020.697	1
2020.743	1
2020.669	1
2021.025	1
2021.036	1
2021.027	1
2021.03	1
2021.036	1
2021.027	1
2021.025	1
2020.757	1
2020.716	1
2020.757	1
2020.716	1
2020.743	1
2020.699	1
2020.675	1
2021.189	1
2021.134	1
2021.833	1
2021.833	1
2022.052	1
2021.592	1
2021.589	1
2021.589	1
2021.978	1
2021.293	1
2021.836	1
2021.836	1
2021.825	1
2021.967	1
2021.937	1
2021.97	1
2021.929	1
2021.877	1
2022.068	1
2021.945	1
2021.767	1
2021.871	1
2021.786	1
2021.238	1
2021.203	1
2021.184	1
2021.019	1
2022.033	1
2022.033	1
2021.06	1
2021.06	1
2020.883	1
2020.883	1
2020.883	1
2020.883	1
2020.883	1
2020.883	1
2020.883	1
2021.238	1
2021.238	1
2021.858	1
2021.827	1
2021.827	1
2021.784	1
2021.625	1
2021.567	1
2021.605	1
2021.608	1
2021.085	1
2021.605	1
2021.605	1
2021.6	1
2021.608	1
2021.6	1
2021.085	1
2021.211	1
2021.211	1
2021.211	1
2021	1
2021.211	1
2021	1
2021.211	1
2021	1
2021.704	1
2021.904	1
2021.277	1
2021.277	1
2021.351	1
2021.351	1
2021.247	1
2021.274	1
2021.274	1
2021.247	1
2021.299	1
2021.299	1
2021.942	1
2021.981	1
2021.989	1
2021.967	1
2021.959	1
2021.893	1
2021.973	1
2021.94	1
2021.986	1
2021.871	1
2021.896	1
2021.833	1
2021.8	1
2021.934	1
2021.962	1
2021.838	1
2021.827	1
2021.836	1
2021.836	1
2021.871	1
2021.934	1
2021.937	1
2021.915	1
2021.734	1
2021.847	1
2021.833	1
2021.833	1
2021.822	1
2021.879	1
2021.833	1
2021.825	1
2021.915	1
2021.932	1
2021.951	1
2021.94	1
2021.948	1
2021.899	1
2021.89	1
2021.707	1
2021.822	1
2021.858	1
2021.816	1
2021.953	1
2021.896	1
2021.951	1
2021.948	1
2021.951	1
2021.707	1
2021.003	1
2021.956	1
2021.915	1
2021.86	1
2021.973	1
2021.934	1
2021.918	1
2022.123	1
2021.97	1
2022.003	1
2021.951	1
2021.948	1
2021.608	1
2021.603	1
2021.603	1
2021.682	1
2021.603	1
2021.603	1
2021.882	1
2022.044	1
2022.033	1
2021.614	1
2021.605	1
2021.605	1
2021.608	1
2021.603	1
2021.688	1
2021.682	1
2021.608	1
2021.605	1
2021.608	1
2021.603	1
2021.597	1
2021.584	1
2021.584	1
2021.745	1
2021.668	1
2022.025	1
2021.921	1
2021.942	1
2021.942	1
2021.945	1
2021.942	1
2021.948	1
2021.942	1
2021.942	1
2021.942	1
2021.94	1
2021.94	1
2021.934	1
2021.932	1
2021.929	1
2021.921	1
2021.91	1
2021.937	1
2021.948	1
2021.948	1
2021.918	1
2021.945	1
2021.6	1
2021.016	1
2021.803	1
2021.899	1
2021.866	1
2021.756	1
2021.756	1
2021.778	1
2021.778	1
2021.54	1
2021.54	1
2021.54	1
2021.964	1
2021.844	1
2021.951	1
2021.742	1
2021.721	1
2021.816	1
2021.89	1
2021.973	1
2021.833	1
2021.868	1
2021.915	1
2022.085	1
2021.921	1
2021.458	1
2021.419	1
2021.008	1
2021.266	1
2021.266	1
2021.266	1
2020.607	1
2020.607	1
2021.03	1
2021.101	1
2021.167	1
2021.167	1
2021.101	1
2021.06	1
2021.06	1
2021.203	1
2021.115	1
2021.167	1
2021.132	1
2021.132	1
2021.167	1
2021.071	1
2021.071	1
2021.132	1
2021.126	1
2021.077	1
2021.077	1
2021.104	1
2021.11	1
2021.11	1
2021.184	1
2021.184	1
2021.123	1
2021.137	1
2021.104	1
2021.038	1
2021.115	1
2021.038	1
2021.115	1
2021.044	1
2021.044	1
2021	1
2021	1
2020.74	1
2020.172	1
2020.254	1
2020.254	1
2020.126	1
2020.126	1
2020.126	1
2020.126	1
2020.167	1
2020.167	1
2020.235	1
2020.202	1
2021.162	1
2021.151	1
2021.079	1
2021.241	1
2021.148	1
2021.156	1
2021.156	1
2021.156	1
2021.148	1
2020.071	1
2020.126	1
2020.126	1
2020.126	1
2020.167	1
2020.216	1
2021.164	1
2021.164	1
2021.164	1
2021.164	1
2021.249	1
2020.716	1
2021.205	1
2021.205	1
2021.186	1
2021.186	1
2020.779	1
2020.779	1
2020.779	1
2019.811	1
2019.811	1
2019.696	1
2020.779	1
2020.779	1
2021.238	1
2021.238	1
2021.277	1
2021.277	1
2021.126	1
2021.148	1
2021.164	1
2021.104	1
2021.225	1
2021.225	1
2020.675	1
2020.743	1
2020.743	1
2021.219	1
2021.219	1
2021.219	1
2020.833	1
2020.721	1
2021.258	1
2021.258	1
2021.162	1
2021.126	1
2021.277	1
2021.277	1
2020.721	1
2020.705	1
2020.713	1
2020.708	1
2020.732	1
2020.735	1
2020.738	1
2020.71	1
2020.727	1
2020.73	1
2020.713	1
2020.71	1
2020.738	1
2020.716	1
2020.708	1
2020.727	1
2020.721	1
2020.735	1
2020.705	1
2020.702	1
2021.258	1
2021.222	1
2021.208	1
2020.612	1
2020.538	1
2020.538	1
2020.538	1
2021.46	1
2021.46	1
2021.477	1
2021.477	1
2021.477	1
2021.477	1
2021.46	1
2021.477	1
2021.477	1
2021.477	1
2021.477	1
2020.574	1
2020.538	1
2020.73	1
2020.699	1
2020.699	1
2020.699	1
2020.702	1
2020.538	1
2020.538	1
2020.555	1
2020.721	1
2020.721	1
2021.14	1
2020.858	1
2020.702	1
2020.702	1
2020.664	1
2020.664	1
2020.53	1
2020.497	1
2020.664	1
2020.768	1
2020.768	1
2020.768	1
2020.768	1
2020.768	1
2020.686	1
2020.825	1
2020.825	1
2020	1
2020	1
2020.784	1
2020.784	1
2020.855	1
2020.803	1
2019.888	1
2020.803	1
2019.978	1
2019.978	1
2019.888	1
2021.107	1
2021.107	1
2021.107	1
2020.77	1
2020.858	1
2020.858	1
2020.705	1
2020.705	1
2020.861	1
2020.858	1
2020.858	1
2020.861	1
2020.858	1
2020.858	1
2020.861	1
2020.861	1
2020.664	1
2020.732	1
2020.732	1
2020.732	1
2019.551	1
2020.598	1
2020.628	1
2020.664	1
2020.803	1
2020.803	1
2020.628	1
2020.664	1
2020.664	1
2020.664	1
2020.628	1
2020.628	1
2020.628	1
2020.631	1
2020.628	1
2020.628	1
2020.628	1
2020.628	1
2020.689	1
2020.664	1
2020.664	1
2020.664	1
2020.664	1
2020.664	1
2020.664	1
2020.664	1
2020.664	1
2021.222	1
2021.222	1
2021.238	1
2021.2	1
2021.184	1
2021.266	1
2021.247	1
2021.247	1
2020	1
2020	1
2020	1
2020	1
2020	1
2020	1
2020	1
2020	1
2020.806	1
2020.806	1
2021.162	1
2021.236	1
2021.216	1
2019.753	1
2019.759	1
2019.721	1
2019.641	1
2019.641	1
2019.652	1
2019.649	1
2019.696	1
2019.696	1
2019.652	1
2019.699	1
2019.732	1
2019.732	1
2019.762	1
2020.104	1
2020.079	1
2020.098	1
2020.189	1
2019.866	1
2019.866	1
2019.899	1
2020.134	1
2019.622	1
2020.109	1
2019.962	1
2019.712	1
2019.712	1
2019.729	1
2019.86	1
2019.86	1
2019.937	1
2019.937	1
2019.83	1
2019.984	1
2019.975	1
2020.005	1
2019.97	1
2019.934	1
2019.923	1
2020.077	1
2019.901	1
2020.005	1
2019.671	1
2019.671	1
2019.915	1
2019.951	1
2019.948	1
2019.951	1
2019.91	1
2019.885	1
2019.868	1
2019.997	1
2019.91	1
2020.079	1
2019.901	1
2019.729	1
2019.899	1
2019.937	1
2019.822	1
2019.825	1
2019.923	1
2019.975	1
2019.756	1
2020.022	1
2020.036	1
2019.636	1
2019.962	1
2019.923	1
2019.923	1
2019.51	1
2019.699	1
2019.699	1
2019.805	1
2019.759	1
2019.759	1
2019.789	1
2019.693	1
2019.942	1
2019.504	1
2019.647	1
2019.647	1
2019.652	1
2019.658	1
2019.658	1
2019.83	1
2019.83	1
2019.86	1
2019.573	1
2019.619	1
2019.964	1
2019.893	1
2019.893	1
2019.63	1
2019.847	1
2019.978	1
2019.94	1
2019.94	1
2019.877	1
2019.877	1
2019.844	1
2019.844	1
2019.822	1
2019.652	1
2019.852	1
2019.238	1
2019.23	1
2019.214	1
2019.151	1
2018.359	1
2018.422	1
2018.378	1
2018.422	1
2018.378	1
2018.359	1
2018.425	1
2018.425	1
2018.444	1
2018.392	1
2018.392	1
2018.405	1
2018.405	1
2018.419	1
2018.386	1
2018.405	1
2018.419	1
2018.419	1
2018.386	1
2018.359	1
2018.433	1
2018.373	1
2018.433	1
2018.373	1
2018.436	1
2018.436	1
2018.016	1
2017.556	1
2017.559	1
2017.556	1
2017.658	1
2017.66	1
2017.677	1
2017.742	1
2017.742	1
2017.707	1
2017.663	1
2017.605	1
2017.638	1
2017.622	1
2017.688	1
2017.666	1
2017.723	1
2017.638	1
2017.638	1
2017.888	1
2018.003	1
2017.792	1
2017.455	1
2017.468	1
2017.468	1
2017.584	1
2017.584	1
2017.625	1
2017.964	1
2017.964	1
2017.953	1
2018.367	1
2018.058	1
2018.153	1
2018.058	1
2018.197	1
2018.197	1
2018.11	1
2018.03	1
2018.099	1
2017.685	1
2017.625	1
2017.625	1
2017.707	1
2017.693	1
2017.677	1
2017.66	1
2017.586	1
2017.586	1
2017.586	1
2017.586	1
2017.537	1
2017.852	1
2017.732	1
2018.027	1
2018.027	1
2018.022	1
2017.962	1
2017.808	1
2017.964	1
2017.488	1
2018.658	1
2017.499	1
2017.726	1
2017.932	1
2017.696	1
2017.679	1
2017.69	1
2017.658	1
2017.652	1
2017.663	1
2017.66	1
2017.658	1
2017.66	1
2017.625	1
2017.638	1
2017.712	1
2018.293	1
2018.364	1
2018.173	1
2018.279	1
2018.159	1
2017.978	1
2017.926	1
2018.153	1
2018.025	1
2018.058	1
2018.068	1
2018.208	1
2018.085	1
2018.173	1
2018.249	1
2018.521	1
2018.06	1
2018.027	1
2017.299	1
2017.463	1
2017.677	1
2017.11	1
2017.693	1
2017.827	1
2017.674	1
2018.164	1
2017.501	1
2017.849	1
2017.732	1
2017.732	1
2018.181	1
2018.211	1
2017.589	1
2017.871	1
2018.164	1
2017.611	1
2017.86	1
2017.737	1
2017.605	1
2017.852	1
2017.852	1
2017.852	1
2017.627	1
2018.049	1
2018.049	1
2018.077	1
2018.175	1
2018.175	1
2017.896	1
2017.896	1
2017.934	1
2017.934	1
2017.923	1
2017.723	1
2017.723	1
2017.723	1
2017.989	1
2018.37	1
2018.033	1
2017.712	1
2018.4	1
2018.4	1
2018.279	1
2017.699	1
2018.096	1
2017.474	1
2017.408	1
2017.625	1
2017.66	1
2017.606	1
2017.608	1
2017.715	1
2017.668	1
2017.605	1
2017.592	1
2017.712	1
2017.625	1
2017.529	1
2017.614	1
2017.622	1
2017.542	1
2017.559	1
2017.8	1
2017.8	1
2017.8	1
2017.8	1
2017.734	1
2017.734	1
2017.71	1
2017.605	1
2017.814	1
2017.584	1
2017.932	1
2017.975	1
2018.055	1
2017.455	1
2017.405	1
2017.838	1
2017.847	1
2017.838	1
2017.973	1
2018.044	1
2017.795	1
2017.795	1
2018.063	1
2018.047	1
2018.047	1
2017.953	1
2018.068	1
2018.104	1
2018.104	1
2018.175	1
2017.986	1
2018.14	1
2018.11	1
2018.085	1
2018.085	1
2018.003	1
2018.06	1
2018.06	1
2018.945	1
2017.989	1
2018.019	1
2018.025	1
2017.496	1
2017.866	1
2017.827	1
2017.981	1
2017.816	1
2017.921	1
2017.921	1
2018.255	1
2018.433	1
2018.433	1
2018.263	1
2018.329	1
2018.329	1
2018.329	1
2018.43	1
2018.46	1
2018.345	1
2018.43	1
2018.46	1
2018.345	1
2018.373	1
2019.115	1
2018.545	1
2018.23	1
2018.351	1
2018.384	1
2018.389	1
2017.466	1
2017.671	1
2017.671	1
2017.671	1
2017.671	1
2018.266	1
2017.742	1
2017.992	1
2017.904	1
2018.019	1
2018.137	1
2017.493	1
2017.521	1
2017.386	1
2017.381	1
2017.373	1
2017.359	1
2018.192	1
2018.263	1
2018.236	1
2018.162	1
2018.162	1
2018.184	1
2018.148	1
2018.126	1
2017.789	1
2018.156	1
2018.085	1
2018.058	1
2018.885	1
2018.729	1
2018.085	1
2018.085	1
2017.808	1
2017.674	1
2017.773	1
2017.773	1
2017.2	1
2017.274	1
2017.26	1
2017.26	1
2017.214	1
2017.586	1
2017.586	1
2017.584	1
2017.562	1
2018.425	1
2018.121	1
2018.575	1
2018.575	1
2018.575	1
2018.575	1
2018.578	1
2018.578	1
2018.425	1
2018.425	1
2017.589	1
2017.586	1
2017.556	1
2017.556	1
2017.66	1
2017.564	1
2017.386	1
2017.395	1
2017.529	1
2017.605	1
2017.584	1
2017.597	1
2017.564	1
2017.564	1
2017.567	1
2017.597	1
2017.581	1
2017.529	1
2017.564	1
2017.564	1
2017.589	1
2017.567	1
2017.597	1
2017.551	1
2017.564	1
2017.597	1
2018.121	1
2018.066	1
2018.121	1
2018.159	1
2018.126	1
2018.159	1
2017.592	1
2017.523	1
2017.597	1
2017.663	1
2017.655	1
2017.658	1
2017.405	1
2017.279	1
2017.638	1
2017.523	1
2017.526	1
2017.529	1
2017.526	1
2017.455	1
2017.455	1
2017.51	1
2017.507	1
2017.638	1
2017.638	1
2017.145	1
2017.145	1
2017.145	1
2017.521	1
2017.504	1
2017.644	1
2017.493	1
2017.493	1
2017.507	1
2017.504	1
2017.493	1
2017.559	1
2017.51	1
2017.493	1
2017.54	1
2017.507	1
2017.501	1
2017.356	1
2017.367	1
2017.562	1
2017.085	1
2017.263	1
2017.542	1
2017.466	1
2017.438	1
2017.353	1
2017.367	1
2017.353	1
2017.348	1
2017.375	1
2017.474	1
2017.167	1
2017.167	1
2017.29	1
2017.332	1
2017.915	1
2017.748	1
2017.748	1
2017.616	1
2017.616	1
2017.452	1
2017.11	1
2017.173	1
2017.09	1
2017.203	1
2017.14	1
2017.071	1
2017.452	1
2017.101	1
2017.449	1
2017.493	1
2017.967	1
2017.277	1
2017.449	1
2017.389	1
2017.438	1
2017.271	1
2017.474	1
2017.578	1
2017.447	1
2017.427	1
2017.321	1
2017.378	1
2017.449	1
2017.438	1
2017.463	1
2017.504	1
2017.501	1
2017.334	1
2017.334	1
2017.463	1
2017.597	1
2017.753	1
2017.789	1
2017.142	1
2017.151	1
2017.14	1
2017.137	1
2017.655	1
2017.655	1
2017.482	1
2017.584	1
2017.619	1
2017.57	1
2017.964	1
2017.564	1
2017.564	1
2018.019	1
2018.197	1
2017.614	1
2017.477	1
2017.477	1
2018.058	1
2017.649	1
2017.734	1
2017.762	1
2017.636	1
2017.959	1
2017.586	1
2018.414	1
2018.414	1
2018.444	1
2018.444	1
2018.46	1
2018.46	1
2018.438	1
2018.438	1
2017.463	1
2017.49	1
2017.447	1
2017.447	1
2017.444	1
2017.447	1
2017.351	1
2017.447	1
2017.447	1
2017.444	1
2017.449	1
2017.449	1
2017.896	1
2017.605	1
2017.627	1
2017.942	1
2017.699	1
2017.699	1
2017.627	1
2017.559	1
2017.611	1
2018.055	1
2018.055	1
2018.027	1
2018.712	1
2018.712	1
2017.97	1
2017.97	1
2018	1
2018	1
2018	1
2018	1
2018	1
2017.836	1
2018.485	1
2018.408	1
2018.468	1
2018.468	1
2018.468	1
2018.197	1
2018.197	1
2018.255	1
2018.704	1
2018.526	1
2018.523	1
2018.318	1
2018.318	1
2018.195	1
2018.345	1
2018.271	1
2018.345	1
2018.364	1
2018.633	1
2018.633	1
2018.507	1
2018.463	1
2018.211	1
2018.953	1
2018.964	1
2018.992	1
2018.97	1
2018.953	1
2018.97	1
2018.992	1
2018.964	1
2018.222	1
2018.222	1
2018.718	1
2018.444	1
2018.444	1
2018.625	1
2018.521	1
2018.521	1
2018.542	1
2018.559	1
2018.545	1
2018.529	1
2018.586	1
2018.556	1
2018.556	1
2018.466	1
2018.351	1
2018.405	1
2018.644	1
2018.652	1
2018.627	1
2018.559	1
2018.564	1
2018.523	1
2018.501	1
2018.545	1
2018.403	1
2018.408	1
2018.46	1
2018.504	1
2018.51	1
2018.449	1
2018.307	1
2018.351	1
2018.395	1
2018.586	1
2018.622	1
2018.685	1
2018.586	1
2018.195	1
2018.542	1
2018.542	1
2018.929	1
2018.523	1
2018.997	1
2018.523	1
2018.69	1
2018.811	1
2018.811	1
2018.729	1
2018.729	1
2018.441	1
2018.751	1
2018.874	1
2018.981	1
2018.981	1
2018.97	1
2018.956	1
2018.956	1
2018.734	1
2018.91	1
2018.91	1
2018.874	1
2018.874	1
2018.523	1
2018.523	1
2019.167	1
2019.195	1
2019.148	1
2018.816	1
2018.816	1
2019.134	1
2018.696	1
2018.696	1
2018.808	1
2018.808	1
2018.786	1
2018.786	1
2018.844	1
2018.844	1
2018.751	1
2018.751	1
2018.745	1
2018.805	1
2018.838	1
2018.841	1
2018.838	1
2018.841	1
2018.189	1
2019.047	1
2019.025	1
2019.192	1
2019.307	1
2019.093	1
2019.137	1
2019.047	1
2019.323	1
2019.126	1
2019.068	1
2019.052	1
2019.17	1
2018.951	1
2018.951	1
2018.893	1
2018.959	1
2019.055	1
2019.079	1
2019.03	1
2019.022	1
2019.063	1
2019.071	1
2019.06	1
2019.214	1
2019.033	1
2019.052	1
2019.088	1
2019.044	1
2019.068	1
2019.104	1
2019.06	1
2019.121	1
2019.145	1
2019.197	1
2019.208	1
2019.082	1
2019.036	1
2019.036	1
2019.118	1
2019.027	1
2019.027	1
2019.079	1
2019.214	1
2019.148	1
2019.121	1
2019.121	1
2019.049	1
2019.055	1
2019.038	1
2019.132	1
2019.189	1
2019.068	1
2019.104	1
2019.249	1
2019.197	1
2019.068	1
2019.09	1
2019.09	1
2019.038	1
2019.197	1
2018.066	1
2019.022	1
2019.06	1
2019.159	1
2018.236	1
2018.236	1
2018.236	1
2019.156	1
2018.236	1
2018.236	1
2019.208	1
2017.701	1
2017.674	1
2018.595	1
2018.468	1
2018.468	1
2019.118	1
2018.948	1
2018.948	1
2018.795	1
2019.425	1
2019.151	1
2018.66	1
2018.66	1
2019.14	1
2017.679	1
2017.679	1
2018.959	1
2018.959	1
2018.959	1
2018.959	1
2018.959	1
2018.959	1
2018.959	1
2018.959	1
2018.959	1
2018.959	1
2018.975	1
2018.115	1
2019.153	1
2019	1
2018.967	1
2018.967	1
2019.096	1
2019.134	1
2018.723	1
2018.723	1
2019.049	1
2019.121	1
2019.121	1
2018.523	1
2018.523	1
2018.441	1
2018.441	1
2018.984	1
2018.984	1
2019.027	1
2019.005	1
2019.222	1
2018.986	1
2018.967	1
2018.923	1
2018.923	1
2019	1
2019	1
2018.921	1
2018.921	1
2019.17	1
2019.323	1
2019.419	1
2019.351	1
2019.342	1
2019.23	1
2019.342	1
2019.419	1
2019.323	1
2019.238	1
2019.707	1
2019.74	1
2019.74	1
2019.74	1
2019.699	1
2019.699	1
2019.762	1
2019.762	1
2019.764	1
2019.764	1
2019.721	1
2019.726	1
2019.704	1
2019.71	1
2019.729	1
2019.732	1
2019.748	1
2019.767	1
2019.748	1
2019.726	1
2019.71	1
2019.767	1
2019.729	1
2019.712	1
2019.485	1
2019.707	1
2019.767	1
2019.767	1
2019.745	1
2019.732	1
2019.732	1
2019.501	1
2019.501	1
2019.471	1
2019.471	1
2018.852	1
2018.852	1
2019.077	1
2019.282	1
2019.079	1
2019.156	1
2019.663	1
2019.499	1
2019.022	1
2019.022	1
2018.94	1
2019.307	1
2019.389	1
2019.43	1
2019.438	1
2019.008	1
2019.008	1
2019.449	1
2019.449	1
2019.479	1
2019.458	1
2019.458	1
2019.447	1
2019.447	1
2019.112	1
2019.479	1
2019.479	1
2019.499	1
2019.504	1
2019.504	1
2019.093	1
2019.093	1
2019.54	1
2019.789	1
2019.058	1
2019.005	1
2019.022	1
2019.047	1
2019.047	1
2019.036	1
2019.022	1
2019.005	1
2019.315	1
2019.351	1
2019.315	1
2019.479	1
2019.079	1
2019.515	1
2019.545	1
2019.395	1
2019.521	1
2019.427	1
2019.427	1
2019.526	1
2019.501	1
2019.488	1
2019.619	1
2019.619	1
2019.008	1
2019.066	1
2019.342	1
2019.342	1
2019.03	1
2018.904	1
2018.904	1
2019.268	1
2019.101	1
2019.236	1
2019.233	1
2019.219	1
2019.101	1
2019.099	1
2019.118	1
2019.285	1
2019.219	1
2019.074	1
2019.074	1
2019.074	1
2019.142	1
2019.005	1
2018.937	1
2019.066	1
2019.14	1
2019.101	1
2019.145	1
2018.907	1
2018.929	1
2018.932	1
2018.948	1
2018.948	1
2018.929	1
2018.932	1
2019.192	1
2018.948	1
2018.921	1
2018.921	1
2018.921	1
2018.921	1
2018.641	1
2018.641	1
2019.485	1
2019.058	1
2019.058	1
2018.844	1
2018.844	1
2018.951	1
2018.874	1
2018.921	1
2019.027	1
2019.093	1
2019.137	1
2019.14	1
2019.17	1
2019.173	1
2019.06	1
2019.175	1
2019.197	1
2019.085	1
2019.153	1
2019.156	1
2019.293	1
2019.293	1
2019.085	1
2019	1
2019.077	1
2019.06	1
2019.181	1
2019.085	1
2019.074	1
2018.888	1
2019.077	1
2019.06	1
2018.888	1
2019.066	1
2019.049	1
2019.038	1
2019.101	1
2019.11	1
2019.192	1
2019.156	1
2019.142	1
2019.2	1
2019.134	1
2019.137	1
2019.019	1
2019.115	1
2019.118	1
2019.096	1
2019.14	1
2019.173	1
2019.178	1
2019.156	1
2019.211	1
2019.211	1
2019.211	1
2019.17	1
2019.208	1
2019.211	1
2019.216	1
2018.942	1
2019.068	1
2019.066	1
2019.068	1
2019.066	1
2019.17	1
2019.118	1
2019.151	1
2019.066	1
2019.211	1
2019.195	1
2019.342	1
2019.342	1
2019.118	1
2019.332	1
2019.348	1
2019.337	1
2019.31	1
2019.315	1
2018.885	1
2018.885	1
2019.334	1
2019.334	1
2019.123	1
2019.134	1
2018.868	1
2018.868	1
2019.247	1
2019.208	1
2019.016	1
2018.989	1
2019.016	1
2018.907	1
2018.989	1
2019.151	1
2019.192	1
2019.156	1
2019.134	1
2019.986	1
2019.307	1
2019.307	1
2019.756	1
2019.69	1
2019.69	1
2019.904	1
2019.904	1
2019.822	1
2019.822	1
2019.803	1
2019.844	1
2019.074	1
2018.175	1
2017.616	1
2019.156	1
2019.219	1
2017.962	1
2018.123	1
2018.049	1
2018.049	1
2017.937	1
2017.937	1
2018.707	1
2018.707	1
2018	1
2018.236	1
2018.164	1
2017.679	1
2018.556	1
2018.556	1
2018.655	1
2018.655	1
2018.94	1
2019.025	1
2018.94	1
2018.929	1
2018.992	1
2018.814	1
2018.652	1
2019.104	1
2019.104	1
2018.373	1
2018.403	1
2018.31	1
2018.31	1
2018.91	1
2018.91	1
2018.915	1
2018.479	1
2018.655	1
2018.616	1
2018.877	1
2018.879	1
2018.91	1
2018.912	1
2018.879	1
2018.877	1
2018.91	1
2018.912	1
2018.827	1
2018.129	1
2018.271	1
2018	1
2018	1
2018	1
2018.123	1
2018.123	1
2017.827	1
2019.249	1
2019.249	1
2019.2	1
2018.027	1
2017.625	1
2017.682	1
2018.107	1
2019.14	1
2018.104	1
2018.159	1
2018.652	1
2018.115	1
2018.753	1
2018.153	1
2018	1
2019.132	1
2018.258	1
2018.334	1
2018.334	1
2018.216	1
2018.216	1
2018.129	1
2018.233	1
2018.433	1
2018.255	1
2018.255	1
2018.216	1
2018.041	1
2018.041	1
2018.268	1
2018.268	1
2018.173	1
2018.173	1
2018.118	1
2018.093	1
2018.09	1
2018.225	1
2018.23	1
2018.405	1
2018.551	1
2018.737	1
2018.737	1
2018.047	1
2018.203	1
2018.008	1
2018.096	1
2017.948	1
2017.945	1
2018	1
2018	1
2020.038	1
2020.038	1
2019.992	1
2019.668	1
2019.773	1
2019.504	1
2019.381	1
2019.408	1
2019.419	1
2019.885	1
2019.408	1
2019.485	1
2019.386	1
2019.449	1
2019.841	1
2019.732	1
2019.29	1
2019.507	1
2019.468	1
2019.468	1
2019.967	1
2019.677	1
2019.542	1
2019.8	1
2019.419	1
2019.479	1
2019.463	1
2019.849	1
2019.918	1
2019.918	1
2019.468	1
2019.918	1
2019.899	1
2019.671	1
2020.153	1
2019.904	1
2019.422	1
2019.89	1
2019.94	1
2020.079	1
2020.197	1
2020.191	1
2019.89	1
2019.882	1
2019.918	1
2019.942	1
2020.003	1
2019.937	1
2020.169	1
2020.003	1
2019.956	1
2020.227	1
2019.849	1
2019.764	1
2020	1
2019.381	1
2019.395	1
2019.395	1
2019.395	1
2019.458	1
2019.458	1
2019.384	1
2019.458	1
2019.858	1
2019.197	1
2019.441	1
2019.381	1
2019.389	1
2019.2	1
2019.534	1
2019.477	1
2019.496	1
2019.479	1
2019.499	1
2019.482	1
2019.534	1
2019.54	1
2019.71	1
2019.847	1
2019.767	1
2019.929	1
2019.899	1
2019.94	1
2019.463	1
2019.923	1
2019.879	1
2020.003	1
2020.15	1
2020.071	1
2019.904	1
2020.011	1
2020.194	1
2019.671	1
2019.668	1
2019.693	1
2019.967	1
2019.929	1
2020.003	1
2019.726	1
2019.808	1
2019.808	1
2020.038	1
2020.038	1
2019.921	1
2020.041	1
2019.937	1
2019.564	1
2019.923	1
2019.789	1
2019.899	1
2019.888	1
2019.879	1
2019.792	1
2019.948	1
2019.948	1
2019.767	1
2019.729	1
2019.86	1
2019.463	1
2019.529	1
2019.674	1
2019.721	1
2019.748	1
2019.918	1
2020.128	1
2019.899	1
2019.899	1
2019.918	1
2019.896	1
2019.86	1
2019.825	1
2019.937	1
2019.956	1
2019.997	1
2019.956	1
2019.923	1
2019.945	1
2019.981	1
2019.918	1
2020.148	1
2019.978	1
2019.86	1
2019.389	1
2019.468	1
2019.537	1
2019.537	1
2019.975	1
2019.521	1
2019.923	1
2019.69	1
2019.425	1
2019.712	1
2019.466	1
2019.962	1
2019.477	1
2019.504	1
2019.537	1
2020.208	1
2019.438	1
2019.477	1
2019.444	1
2019.529	1
2019.529	1
2019.438	1
2019.677	1
2020.046	1
2019.94	1
2020.096	1
2020.096	1
2020.137	1
2020.137	1
2019.921	1
2020.109	1
2019.721	1
2019.921	1
2019.921	1
2019.879	1
2019.94	1
2019.918	1
2020.014	1
2020.552	1
2019.918	1
2019.926	1
2019.921	1
2020.085	1
2019.956	1
2019.384	1
2019.918	1
2019.918	1
2019.918	1
2019.94	1
2019.392	1
2019.86	1
2019.775	1
2019.496	1
2020.055	1
2019.573	1
2019.496	1
2019.849	1
2019.866	1
2019.923	1
2019.688	1
2019.882	1
2019.918	1
2019.54	1
2019.515	1
2019.918	1
2019.975	1
2019.97	1
2019.945	1
2019.556	1
2019.69	1
2020.079	1
2019.956	1
2020.016	1
2019.868	1
2019.929	1
2020.005	1
2019.381	1
2019.323	1
2019.553	1
2020.208	1
2019.882	1
2019.384	1
2020.552	1
2020.552	1
2020.437	1
2020.552	1
2020.552	1
2020.552	1
2020.552	1
2019.425	1
2019.458	1
2019.438	1
2019.671	1
2019.419	1
2020.025	1
2020.025	1
2019.978	1
2019.956	1
2019.959	1
2019.863	1
2019.677	1
2019.682	1
2019.858	1
2019.822	1
2020.068	1
2020.057	1
2020.12	1
2020.12	1
2020.156	1
2020.205	1
2020.172	1
2019.901	1
2019.918	1
2019.907	1
2019.855	1
2019.89	1
2020.003	1
2020.096	1
2019.696	1
2019.937	1
2020.077	1
2019.923	1
2020.014	1
2020.109	1
2020.213	1
2019.879	1
2020.186	1
2019.671	1
2019.395	1
2019.54	1
2019.488	1
2019.389	1
2019.879	1
2020.052	1
2020.112	1
2020.109	1
2019.677	1
2019.679	1
2019.679	1
2019.899	1
2019.496	1
2019.496	1
2019.496	1
2019.677	1
2019.712	1
2019.882	1
2020.033	1
2020.033	1
2020.055	1
2020.055	1
2020.186	1
2020.186	1
2020.189	1
2020.189	1
2020.131	1
2020.131	1
2020.104	1
2019.929	1
2019.951	1
2019.668	1
2019.981	1
2019.978	1
2020.036	1
2020.036	1
2020.033	1
2019.967	1
2019.967	1
2020.014	1
2020.014	1
2020.071	1
2020.128	1
2019.825	1
2020.052	1
2020.115	1
2019.981	1
2020.115	1
2020	1
2020	1
2019.91	1
2019.86	1
2020.093	1
2020.093	1
2020.169	1
2020.169	1
2019.825	1
2020.115	1
2020.115	1
2019.995	1
2019.995	1
2020.09	1
2020.205	1
2020.205	1
2020.041	1
2020.041	1
2020.153	1
2020.18	1
2020.12	1
2020.109	1
2020.09	1
2020.074	1
2020.109	1
2020.216	1
2020.126	1
2020.189	1
2020.101	1
2019.91	1
2019.863	1
2019.841	1
2020.003	1
2020.003	1
2020.082	1
2021.107	1
2020.153	1
2020.003	1
2019.959	1
2019.789	1
2019.466	1
2020.055	1
2020.016	1
2019.419	1
2019.595	1
2019.46	1
2019.975	1
2019.553	1
2019.797	1
2019.534	1
2020.224	1
2020.224	1
2020.09	1
2019.94	1
2019.392	1
2019.427	1
2019.94	1
2019.841	1
2019.863	1
2019.274	1
2019.334	1
2018.97	1
2018.97	1
2019.386	1
2019.137	1
2019.005	1
2018.932	1
2019.085	1
2019.005	1
2019.005	1
2019.17	1
2019.17	1
2019.345	1
2019.085	1
2019.085	1
2019.323	1
2019.036	1
2018.899	1
2019.003	1
2019.005	1
2018.852	1
2019.115	1
2019.142	1
2019.142	1
2019.512	1
2018.923	1
2019.036	1
2019.923	1
2019.923	1
2019.112	1
2020	1
2019.819	1
2019.501	1
2019.501	1
2019.485	1
2019.507	1
2019.468	1
2019.433	1
2019.474	1
2019.523	1
2019.753	1
2019.753	1
2019.318	1
2019.444	1
2019.518	1
2019.463	1
2019.871	1
2019.871	1
2019.726	1
2019.499	1
2019.849	1
2019.849	1
2019.849	1
2019.849	1
2019.849	1
2019.748	1
2019.748	1
2019.748	1
2019.748	1
2019.784	1
2019.748	1
2019.679	1
2019.838	1
2019.841	1
2019.805	1
2019.896	1
2019.668	1
2019.775	1
2019.699	1
2019.992	1
2020.025	1
2019.926	1
2019.934	1
2019.901	1
2019.901	1
2019.885	1
2019.899	1
2020.085	1
2019.888	1
2020.025	1
2020.025	1
2019.995	1
2019.995	1
2019.814	1
2019.959	1
2019.964	1
2019.877	1
2019.797	1
2019.959	1
2019.882	1
2019.871	1
2019.877	1
2019.907	1
2019.841	1
2019.937	1
2020.087	1
2019.97	1
2019.959	1
2020.011	1
2020.011	1
2019.805	1
2019.912	1
2019.775	1
2019.847	1
2019.868	1
2019.984	1
2019.984	1
2019.997	1
2019.997	1
2019.912	1
2019.912	1
2019.764	1
2019.964	1
2019.436	1
2019.436	1
2019.534	1
2019.652	1
2019.827	1
2019.753	1
2019.753	1
2019.753	1
2019.395	1
2019.438	1
2019.455	1
2019.477	1
2019.474	1
2019.827	1
2019.805	1
2019.674	1
2019.477	1
2019.827	1
2019.879	1
2019.937	1
2019.767	1
2019.767	1
2019.767	1
2019.784	1
2019.784	1
2019.679	1
2019.827	1
2019.674	1
2019.477	1
2020.033	1
2020.038	1
2019.932	1
2019.937	1
2020.041	1
2019.937	1
2019.764	1
2019.688	1
2019.773	1
2020.161	1
2019.386	1
2019.899	1
2019.668	1
2020.033	1
2019.767	1
2019.66	1
2019.827	1
2019.803	1
2019.784	1
2019.841	1
2019.444	1
2019.942	1
2019.879	1
2019.879	1
2019.932	1
2020.038	1
2020.213	1
2019.447	1
2019.477	1
2019.477	1
2019.556	1
2019.452	1
2019.479	1
2019.636	1
2019.466	1
2019.46	1
2019.6	1
2019.605	1
2019.441	1
2019.436	1
2019.542	1
2019.447	1
2019.447	1
2019.477	1
2019.477	1
2019.471	1
2019.521	1
2019.496	1
2019.471	1
2019.532	1
2019.575	1
2019.397	1
2019.482	1
2019.6	1
2019.466	1
2019.444	1
2019.471	1
2019.51	1
2019.458	1
2019.458	1
2019.458	1
2019.499	1
2019.529	1
2019.386	1
2019.471	1
2019.466	1
2019.46	1
2019.471	1
2019.529	1
2019.542	1
2019.523	1
2019.463	1
2019.444	1
2019.477	1
2019.477	1
2019.444	1
2019.474	1
2019.463	1
2019.474	1
2019.4	1
2019.518	1
2019.97	1
2019.367	1
2019.523	1
2019.444	1
2019.471	1
2019.529	1
2019.389	1
2019.471	1
2019.414	1
2019.458	1
2019.436	1
2019.521	1
2019.562	1
2019.373	1
2019.414	1
2019.449	1
2019.91	1
2019.967	1
2019.403	1
2019.482	1
2019.529	1
2019.589	1
2019.46	1
2019.477	1
2019.523	1
2019.652	1
2019.441	1
2019.573	1
2019.46	1
2019.586	1
2019.589	1
2019.499	1
2019.556	1
2019.466	1
2019.521	1
2019.567	1
2019.567	1
2019.592	1
2019.556	1
2019.551	1
2019.518	1
2019.433	1
2019.408	1
2019.441	1
2019.825	1
2019.822	1
2019.822	1
2019.397	1
2019.54	1
2019.573	1
2019.63	1
2019.499	1
2019.441	1
2019.392	1
2019.414	1
2019.496	1
2019.463	1
2019.57	1
2019.458	1
2019.466	1
2019.501	1
2019.529	1
2019.532	1
2019.633	1
2019.46	1
2019.471	1
2019.458	1
2019.364	1
2019.458	1
2019.474	1
2019.463	1
2019.523	1
2019.433	1
2019.444	1
2019.414	1
2019.515	1
2019.496	1
2019.463	1
2019.444	1
2019.433	1
2019.463	1
2019.551	1
2019.482	1
2019.444	1
2019.471	1
2019.463	1
2019.438	1
2019.444	1
2019.649	1
2019.321	1
2019.386	1
2019.356	1
2019.384	1
2019.392	1
2019.386	1
2019.381	1
2019.334	1
2019.452	1
2019.452	1
2019.452	1
2019.441	1
2019.452	1
2019.452	1
2019.452	1
2019.438	1
2019.444	1
2019.441	1
2019.441	1
2019.447	1
2019.466	1
2019.46	1
2019.414	1
2019.455	1
2019.444	1
2019.441	1
2019.471	1
2019.482	1
2019.482	1
2019.479	1
2019.474	1
2019.474	1
2019.466	1
2019.463	1
2019.463	1
2019.463	1
2019.463	1
2019.466	1
2019.482	1
2019.512	1
2019.51	1
2019.512	1
2019.518	1
2019.523	1
2019.515	1
2019.499	1
2019.504	1
2019.501	1
2019.499	1
2019.523	1
2019.49	1
2019.499	1
2019.499	1
2019.553	1
2019.54	1
2019.537	1
2019.529	1
2019.548	1
2019.54	1
2019.586	1
2019.597	1
2019.479	1
2019.474	1
2019.479	1
2019.803	1
2019.499	1
2019.808	1
2019.718	1
2019.479	1
2019.515	1
2019.238	1
2019.381	1
2019.477	1
2019.542	1
2019.532	1
2019.592	1
2019.8	1
2019.778	1
2019.504	1
2019.592	1
2019.482	1
2019.762	1
2019.496	1
2019.627	1
2020.071	1
2020.071	1
2019.896	1
2019.789	1
2019.819	1
2019.636	1
2019.466	1
2019.54	1
2019.605	1
2019.778	1
2019.762	1
2019.797	1
2019.751	1
2019.896	1
2020.033	1
2019.797	1
2019.762	1
2020.005	1
2020.049	1
2020.077	1
2020.055	1
2020.055	1
2020.036	1
2020.036	1
2020.175	1
2020.175	1
2020.178	1
2020.098	1
2020.098	1
2020.169	1
2020.112	1
2020.112	1
2019.877	1
2020.022	1
2020.022	1
2020.074	1
2020.074	1
2020.071	1
2020.164	1
2020.164	1
2020.057	1
2020.074	1
2020.038	1
2020.074	1
2020.038	1
2020.115	1
2020.115	1
2020.117	1
2020.117	1
2020.148	1
2020.148	1
2020.071	1
2020.172	1
2020.172	1
2020.077	1
2020.077	1
2020.022	1
2020.022	1
2020.189	1
2020.03	1
2019.778	1
2019.778	1
2020.03	1
2020.03	1
2020.052	1
2020.038	1
2020.052	1
2020.038	1
2020.03	1
2020.098	1
2020.093	1
2020.098	1
2020.093	1
2020.016	1
2020.066	1
2020.044	1
2020.016	1
2020.079	1
2020.044	1
2020.066	1
2020.112	1
2020.079	1
2020.079	1
2020.142	1
2020.145	1
2020.142	1
2020.191	1
2020.142	1
2020.145	1
2020.191	1
2020.186	1
2020.186	1
2020.142	1
2020.191	1
2020.191	1
2020.131	1
2020.131	1
2020.186	1
2020.186	1
2020.019	1
2020.134	1
2020.134	1
2020.025	1
2020.128	1
2020.112	1
2020.112	1
2020.128	1
2020.148	1
2019.948	1
2019.838	1
2019.838	1
2019.838	1
2019.841	1
2019.841	1
2019.841	1
2019.841	1
2019.937	1
2019.841	1
2019.921	1
2019.937	1
2019.921	1
2020.134	1
2020.126	1
2020.134	1
2019.841	1
2020.126	1
2020.205	1
2020.197	1
2019.948	1
2019.97	1
2019.948	1
2020.087	1
2020.087	1
2020.126	1
2020.112	1
2020.126	1
2020.112	1
2020.148	1
2019.97	1
2020.186	1
2020.186	1
2020.096	1
2020.107	1
2020.107	1
2019.573	1
2019.537	1
2020.208	1
2020.208	1
2020.169	1
2020.191	1
2020.139	1
2020.12	1
2020.227	1
2020.224	1
2020.23	1
2020.172	1
2020.216	1
2020.216	1
2020.131	1
2020.115	1
2020.156	1
2020.243	1
2020.191	1
2020.191	1
2020.191	1
2020.189	1
2020.189	1
2020.243	1
2019.885	1
2019.901	1
2020.227	1
2019.901	1
2019.54	1
2020.046	1
2020.071	1
2020.005	1
2019.452	1
2019.436	1
2019.466	1
2019.455	1
2019.808	1
2019.885	1
2019.918	1
2019.901	1
2019.458	1
2019.359	1
2019.444	1
2019.4	1
2019.463	1
2019.378	1
2019.589	1
2019.408	1
2019.405	1
2019.452	1
2019.482	1
2019.482	1
2019.474	1
2019.553	1
2019.504	1
2019.586	1
2019.597	1
2019.46	1
2019.395	1
2019.542	1
2019.512	1
2019.647	1
2019.403	1
2019.619	1
2019.436	1
2019.318	1
2019.477	1
2019.997	1
2019.989	1
2019.477	1
2019.452	1
2019.46	1
2019.479	1
2019.46	1
2019.559	1
2019.655	1
2019.899	1
2020	1
2019.937	1
2020.022	1
2019.482	1
2019.477	1
2019.403	1
2019.403	1
2019.471	1
2019.403	1
2020.098	1
2019.381	1
2019.477	1
2019.63	1
2019.458	1
2019.518	1
2019.74	1
2019.436	1
2021.701	1
2021.951	1
2021.688	1
2021.668	1
2021.921	1
2021.701	1
2021.767	1
2021.767	1
2021.671	1
2021.682	1
2021.69	1
2021.69	1
2021.685	1
2021.69	1
2021.688	1
2021.671	1
2021.671	1
2019.518	1
2019.54	1
2019.438	1
2019.918	1
2019.937	1
2019.493	1
2020.361	1
2019.534	1
2019.726	1
2019.753	1
2019.507	1
2019.685	1
2019.918	1
2019.504	1
2019.499	1
2019.899	1
2019.94	1
2019.863	1
2019.918	1
2019.937	1
2019.378	1
2019.833	1
2020.074	1
2020.216	1
2020.216	1
2020.112	1
2020.09	1
2019.408	1
2019.904	1
2020.003	1
2019.784	1
2019.4	1
2019.4	1
2019.411	1
2019.912	1
2019.912	1
2019.4	1
2019.381	1
2019.386	1
2019.408	1
2019.592	1
2019.918	1
2019.688	1
2019.879	1
2019.595	1
2019.677	1
2019.732	1
2019.71	1
2019.942	1
2019.833	1
2019.005	1
2019.096	1
2020	1
2020.036	1
2020.022	1
2019.521	1
2019.693	1
2019.923	1
2019.847	1
2019.866	1
2018.945	1
2018.945	1
2018.978	1
2019.003	1
2019.003	1
2018.978	1
2018.978	1
2019.203	1
2019.31	1
2019	1
2019.008	1
2019.008	1
2019	1
2019	1
2018.121	1
2018.195	1
2019.216	1
2018.233	1
2018.233	1
2018.978	1
2018.978	1
2019.074	1
2019.074	1
2019.093	1
2019.003	1
2019.101	1
2019.022	1
2019.096	1
2018.94	1
2018.94	1
2018.808	1
2018.808	1
2018.849	1
2018.808	1
2018.808	1
2018.926	1
2018.849	1
2018.926	1
2019.101	1
2018.162	1
2019.315	1
2018.085	1
2018.085	1
2017.929	1
2018.047	1
2018.203	1
2018.115	1
2018.726	1
2018.581	1
2018.827	1
2018.723	1
2018.69	1
2018.69	1
2018.526	1
2018.526	1
2018.633	1
2018.633	1
2018	1
2018.74	1
2018.74	1
2018.734	1
2018.967	1
2019.055	1
2018.74	1
2018.167	1
2018.167	1
2018.537	1
2018.537	1
2018.734	1
2018.734	1
2018.597	1
2018.581	1
2018.655	1
2018.581	1
2018.655	1
2018.715	1
2018.674	1
2018.677	1
2018.701	1
2018.595	1
2018.721	1
2018.718	1
2018.795	1
2018.701	1
2018.101	1
2018.101	1
2018.192	1
2018.192	1
2018.745	1
2018.745	1
2018.77	1
2018.77	1
2019.022	1
2019.137	1
2018.038	1
2019.156	1
2019.063	1
2019.063	1
2018.893	1
2018.893	1
2018.912	1
2018.945	1
2018.962	1
2018.912	1
2018.893	1
2018.962	1
2019.038	1
2019.019	1
2018.844	1
2018.844	1
2018.879	1
2018.89	1
2018.901	1
2018.945	1
2018.847	1
2018.879	1
2018.89	1
2018.901	1
2019.134	1
2019.134	1
2019.192	1
2019.096	1
2019.096	1
2019.112	1
2019.268	1
2019.112	1
2019.112	1
2019.208	1
2019.036	1
2019.036	1
2019.093	1
2019.175	1
2019.151	1
2019.151	1
2019.118	1
2019.112	1
2018.921	1
2019.036	1
2018.921	1
2018.921	1
2018.89	1
2018.879	1
2019.082	1
2019.074	1
2019.129	1
2019.096	1
2018.715	1
2018.715	1
2018.715	1
2018.715	1
2018.652	1
2018.69	1
2018.69	1
2018.71	1
2018.696	1
2018.718	1
2018.655	1
2018.655	1
2018.696	1
2018.718	1
2018.71	1
2018.581	1
2018.581	1
2018.441	1
2018.101	1
2018.016	1
2018.101	1
2018.016	1
2018.723	1
2018.723	1
2018.477	1
2018.477	1
2018.71	1
2018.71	1
2018.532	1
2018.532	1
2018.523	1
2018.523	1
2018.595	1
2018.595	1
2018.027	1
2018.203	1
2018.14	1
2018.858	1
2018.858	1
2018.901	1
2018.858	1
2018.858	1
2018.901	1
2018.441	1
2018.441	1
2018.523	1
2018.523	1
2018.688	1
2018.734	1
2018.833	1
2018.833	1
2018.71	1
2018.699	1
2018.69	1
2018.704	1
2018.764	1
2018.441	1
2018.901	1
2019.014	1
2018.767	1
2018.767	1
2018.849	1
2018.753	1
2018.805	1
2018.762	1
2018.748	1
2018.737	1
2018.762	1
2018.737	1
2018.748	1
2018.784	1
2018.784	1
2018.523	1
2018.523	1
2018.901	1
2018.901	1
2018.904	1
2018.904	1
2018.847	1
2018.841	1
2018.83	1
2019.252	1
2019.222	1
2018.858	1
2018.827	1
2019.208	1
2018.907	1
2018.792	1
2018.945	1
2018.945	1
2019.123	1
2019.208	1
2018.978	1
2018.847	1
2018.847	1
2018.808	1
2018.808	1
2018.932	1
2019.041	1
2019.159	1
2019.211	1
2019.288	1
2019.263	1
2019.263	1
2019.263	1
2018.973	1
2018.973	1
2018.945	1
2018.945	1
2018.975	1
2019.038	1
2019.036	1
2019.063	1
2018.934	1
2018.984	1
2018.986	1
2018.975	1
2018.945	1
2018.945	1
2018.904	1
2018.904	1
2018.934	1
2019.005	1
2018.945	1
2018.978	1
2019.071	1
2018.984	1
2018.986	1
2018.978	1
2018.975	1
2019.148	1
2019.173	1
2019.09	1
2019.211	1
2019.219	1
2019.134	1
2019.099	1
2019.093	1
2019.118	1
2019.112	1
2019.058	1
2019.134	1
2019.093	1
2019.049	1
2018.962	1
2018.962	1
2019.055	1
2018.997	1
2019.041	1
2019.2	1
2019.2	1
2018.885	1
2018.89	1
2018.89	1
2018.962	1
2018.942	1
2018.962	1
2018.942	1
2019.263	1
2019.263	1
2019.121	1
2018.956	1
2018.956	1
2018.882	1
2018.882	1
2019.186	1
2019.162	1
2019.074	1
2018.948	1
2018.948	1
2019.09	1
2019.06	1
2019.167	1
2019.167	1
2019.044	1
2019.219	1
2019.17	1
2019.189	1
2019.153	1
2019.025	1
2019.17	1
2019.101	1
2019.192	1
2018.97	1
2018.97	1
2019.238	1
2018.912	1
2018.912	1
2019.016	1
2018.932	1
2018.932	1
2018.904	1
2018.904	1
2018.951	1
2018.951	1
2018.877	1
2018.91	1
2018.91	1
2018.882	1
2018.882	1
2019.03	1
2019.137	1
2018.901	1
2018.986	1
2019.008	1
2019.005	1
2018.775	1
2018.907	1
2019.208	1
2019.162	1
2019.151	1
2019.271	1
2018.888	1
2019.066	1
2018.274	1
2018.37	1
2018.384	1
2018.184	1
2018.523	1
2018.663	1
2019.107	1
2018.926	1
2018.926	1
2019.005	1
2019.005	1
2019.121	1
2019.208	1
2018.921	1
2019.433	1
2019.433	1
2019.342	1
2019.342	1
2019.493	1
2019.493	1
2019.033	1
2019.03	1
2019.008	1
2019.03	1
2019.008	1
2019.293	1
2018.964	1
2018.964	1
2018.921	1
2018.926	1
2018.921	1
2018.926	1
2018.918	1
2018.868	1
2019.153	1
2019.164	1
2019.093	1
2019.288	1
2019.288	1
2019.236	1
2019.299	1
2019.299	1
2019.373	1
2019.373	1
2019.4	1
2018.833	1
2018.981	1
2019.203	1
2018.893	1
2018.926	1
2019.17	1
2019.211	1
2019.211	1
2019.247	1
2019.247	1
2019.027	1
2019.027	1
2019.23	1
2019.003	1
2019.501	1
2019.501	1
2019.477	1
2019.477	1
2018.948	1
2018.948	1
2019.129	1
2019.129	1
2019.036	1
2019.047	1
2019.068	1
2019.112	1
2019.468	1
2019.468	1
2019.208	1
2019.134	1
2019.134	1
2019.219	1
2019.175	1
2019.674	1
2019.674	1
2019.693	1
2019.693	1
2019.005	1
2019.027	1
2019.005	1
2018.94	1
2018.94	1
2019.247	1
2018.97	1
2019.134	1
2018.989	1
2018.989	1
2019.186	1
2019.101	1
2019.186	1
2019.334	1
2019.277	1
2019.477	1
2019.277	1
2019.477	1
2019.468	1
2019.468	1
2019.468	1
2019.088	1
2019.104	1
2019.205	1
2019.159	1
2019.074	1
2019.214	1
2019.101	1
2018.997	1
2019.047	1
2019.047	1
2019.074	1
2019.115	1
2019.107	1
2019.104	1
2019.14	1
2019.181	1
2019.195	1
2019.077	1
2019.118	1
2019.115	1
2019.123	1
2019.334	1
2019.304	1
2018.921	1
2018.921	1
2018.984	1
2019.052	1
2019.052	1
2018.984	1
2018.967	1
2018.967	1
2018.986	1
2018.986	1
2019.674	1
2019.674	1
2019.389	1
2019.31	1
2019.31	1
2018.893	1
2018.893	1
2019.025	1
2019.008	1
2018.956	1
2018.885	1
2019.041	1
2019.025	1
2018.885	1
2019.077	1
2019.074	1
2019.036	1
2019.118	1
2019.096	1
2019.132	1
2019.189	1
2019.178	1
2019.189	1
2019.178	1
2019.342	1
2019.258	1
2019.342	1
2019.364	1
2019.499	1
2019.405	1
2019.405	1
2019.518	1
2019.518	1
2019	1
2019	1
2019.038	1
2019.025	1
2019.258	1
2019.258	1
2018.918	1
2018.995	1
2018.995	1
2018.918	1
2019.101	1
2018.923	1
2018.923	1
2019.227	1
2019.033	1
2019.049	1
2019.534	1
2019.082	1
2019.315	1
2019.315	1
2019.077	1
2019.099	1
2019.055	1
2019.255	1
2019.189	1
2019.479	1
2019.479	1
2019.34	1
2018.932	1
2018.932	1
2019.304	1
2019.83	1
2019.123	1
2018.978	1
2019.025	1
2019.09	1
2019.071	1
2019.071	1
2019.077	1
2019.318	1
2019.115	1
2019.099	1
2019.099	1
2019.195	1
2018.904	1
2018.896	1
2018.904	1
2019.252	1
2019.112	1
2019.175	1
2019.211	1
2019.025	1
2019.025	1
2018.844	1
2018.882	1
2018.868	1
2018.882	1
2018.868	1
2018.844	1
2018.858	1
2018.858	1
2019.038	1
2019.038	1
2019.038	1
2019.016	1
2019.23	1
2019.181	1
2019.195	1
2019.23	1
2019.277	1
2019.277	1
2018.986	1
2019.074	1
2019.115	1
2019.151	1
2019.112	1
2019.044	1
2019.789	1
2020.071	1
2019.885	1
2020.079	1
2019.734	1
2019.734	1
2019.868	1
2019.858	1
2019.795	1
2019.918	1
2019.899	1
2019.216	1
2018.597	1
2018.597	1
2019.211	1
2018	1
2019.214	1
2018.847	1
2018.847	1
2018.833	1
2019.019	1
2019.019	1
2019.219	1
2019.06	1
2019.052	1
2019.052	1
2019.06	1
2019.167	1
2019.208	1
2019.227	1
2019.496	1
2019.496	1
2019.288	1
2019.526	1
2019.036	1
2019.036	1
2019.107	1
2019.696	1
2019.74	1
2019.732	1
2019.847	1
2019.838	1
2019.025	1
2019.025	1
2019.041	1
2019.041	1
2019.227	1
2019.214	1
2018.781	1
2018.781	1
2019.216	1
2019.214	1
2019.208	1
2019.214	1
2019.208	1
2019.181	1
2019.151	1
2019.173	1
2019.233	1
2018.668	1
2019.679	1
2019.858	1
2020	1
2018.718	1
2018.921	1
2018.921	1
2019.093	1
2019.093	1
2019.093	1
2019.17	1
2019.2	1
2019.093	1
2019.175	1
2019.641	1
2019.822	1
2019.847	1
2019.742	1
2019.718	1
2019.742	1
2019.718	1
2019.737	1
2019.107	1
2019.23	1
2019.258	1
2019.255	1
2019.074	1
2019.025	1
2019.025	1
2019.071	1
2019.101	1
2019.041	1
2019.121	1
2019.121	1
2019.159	1
2019.485	1
2019.244	1
2019.192	1
2019.605	1
2019.134	1
2018.441	1
2018.441	1
2019.019	1
2019.063	1
2019.192	1
2019.112	1
2019.112	1
2018.942	1
2019.74	1
2019.515	1
2019.778	1
2019.778	1
2019.381	1
2019.521	1
2019.381	1
2019.778	1
2019.745	1
2019.677	1
2019.386	1
2019.679	1
2019.381	1
2019.381	1
2019.89	1
2019.121	1
2019.718	1
2019.115	1
2019.973	1
2019.973	1
2019.879	1
2019.975	1
2019.69	1
2020.085	1
2019.764	1
2020.022	1
2020.019	1
2020.022	1
2020.022	1
2020.022	1
2020.022	1
2020.019	1
2020.019	1
2020.019	1
2020.019	1
2020.019	1
2020.022	1
2020.019	1
2020.019	1
2019.997	1
2019.997	1
2019.997	1
2019.997	1
2019.997	1
2020.066	1
2020.063	1
2019.995	1
2020.074	1
2020.046	1
2020.191	1
2020.191	1
2019.94	1
2020.139	1
2020.139	1
2020.077	1
2020.077	1
2020.003	1
2019.956	1
2020.014	1
2019.896	1
2020.014	1
2019.899	1
2019.948	1
2019.948	1
2019.896	1
2020	1
2019.896	1
2020.055	1
2020.055	1
2020.014	1
2020.003	1
2019.921	1
2020.112	1
2020.098	1
2020.096	1
2020.112	1
2020.016	1
2019.83	1
2020.027	1
2019.844	1
2020.093	1
2020.033	1
2019.726	1
2020.096	1
2019.775	1
2020.019	1
2019.786	1
2019.973	1
2019.814	1
2020.066	1
2020.066	1
2020.107	1
2020.107	1
2020.167	1
2020.213	1
2020.167	1
2020.205	1
2020.068	1
2020.068	1
2020.005	1
2019.899	1
2020.025	1
2019.847	1
2020.104	1
2020.104	1
2019.956	1
2019.967	1
2019.847	1
2020.169	1
2020.036	1
2021.644	1
2021.682	1
2021.584	1
2021.745	1
2021.721	1
2021.515	1
2021.888	1
2021.315	1
2021.668	1
2021.679	1
2021.608	1
2021.871	1
2021.679	1
2021.781	1
2021.668	1
2021.877	1
2021.995	1
2021.877	1
2021.668	1
2021.742	1
2021.899	1
2021.668	1
2021.89	1
2021.649	1
2021.614	1
2021.668	1
2021.668	1
2020.071	1
2020.071	1
2020.107	1
2020.107	1
2019.827	1
2019.811	1
2020.191	1
2020.191	1
2019.896	1
2020.189	1
2019.825	1
2020.15	1
2020.15	1
2020.055	1
2020.016	1
2021.529	1
2021.364	1
2020.156	1
2020.156	1
2020.096	1
2020.096	1
2020.126	1
2020.126	1
2020.189	1
2020.096	1
2020.189	1
2020.107	1
2019.937	1
2019.995	1
2020.15	1
2020.186	1
2020.186	1
2020.186	1
2020.186	1
2020.131	1
2020.18	1
2020.18	1
2020.227	1
2020.227	1
2020.09	1
2020.137	1
2020.066	1
2020.123	1
2019.899	1
2019.748	1
2020.019	1
2019.841	1
2020.164	1
2020.145	1
2019.784	1
2019.838	1
2019.721	1
2019.721	1
2019.71	1
2019.732	1
2019.811	1
2019.838	1
2019.879	1
2019.904	1
2019.811	1
2019.732	1
2019.71	1
2019.841	1
2019.732	1
2019.737	1
2019.737	1
2020.096	1
2020.096	1
2019.844	1
2020.068	1
2019.844	1
2019.948	1
2019.808	1
2020.077	1
2020.077	1
2020.077	1
2020.077	1
2020.077	1
2019.951	1
2019.792	1
2019.899	1
2019.899	1
2020.208	1
2020.183	1
2020.068	1
2019.784	1
2019.814	1
2020.005	1
2020.167	1
2020.167	1
2019.975	1
2019.975	1
2019.975	1
2019.844	1
2020.038	1
2020.044	1
2020.063	1
2020.016	1
2020.079	1
2019.841	1
2019.899	1
2020.082	1
2020.082	1
2020.041	1
2020.06	1
2020.109	1
2020.079	1
2019.984	1
2020.09	1
2019.808	1
2019.83	1
2019.951	1
2019.959	1
2019.959	1
2019.951	1
2020.071	1
2019.962	1
2020.033	1
2020.033	1
2020.161	1
2020.109	1
2020.077	1
2020.101	1
2020.186	1
2020.052	1
2020.096	1
2020.161	1
2020.199	1
2020.175	1
2020.189	1
2020.219	1
2020.243	1
2020.202	1
2020.224	1
2020.15	1
2020.15	1
2020.115	1
2019.841	1
2019.937	1
2020.131	1
2020.131	1
2020.074	1
2020.052	1
2020.052	1
2019.901	1
2019.923	1
2020.161	1
2019.984	1
2019.967	1
2019.962	1
2020.178	1
2019.784	1
2019.847	1
2019.932	1
2020	1
2019.975	1
2019.959	1
2019.959	1
2019.934	1
2019.904	1
2019.929	1
2019.923	1
2019.923	1
2019.962	1
2019.956	1
2019.89	1
2019.885	1
2019.852	1
2019.926	1
2019.915	1
2019.937	1
2019.964	1
2020.079	1
2020.115	1
2020.071	1
2020.09	1
2020.063	1
2020.055	1
2019.833	1
2020.167	1
2020.167	1
2020.109	1
2019.959	1
2019.962	1
2019.967	1
2020.019	1
2020.156	1
2020.156	1
2020.15	1
2020.112	1
2020.109	1
2020.112	1
2020.109	1
2020.044	1
2020.068	1
2020.093	1
2020.093	1
2020.169	1
2020.169	1
2020.057	1
2020.057	1
2020.068	1
2019.784	1
2019.786	1
2019.882	1
2019.877	1
2019.847	1
2020.172	1
2020.18	1
2019.921	1
2020.164	1
2020.164	1
2020.011	1
2020.112	1
2020.112	1
2020.071	1
2020.071	1
2020.074	1
2020.164	1
2020	1
2020	1
2019.847	1
2019.899	1
2019.737	1
2019.737	1
2019.827	1
2019.896	1
2019.956	1
2019.978	1
2019.984	1
2019.737	1
2019.984	1
2019.984	1
2019.811	1
2019.811	1
2019.811	1
2019.841	1
2019.844	1
2019.844	1
2019.896	1
2019.899	1
2019.899	1
2020.041	1
2020.077	1
2020.096	1
2020.096	1
2020.06	1
2020.06	1
2020.057	1
2020.057	1
2020.057	1
2020.057	1
2019.849	1
2019.948	1
2020.049	1
2020.117	1
2020.112	1
2020.109	1
2020.117	1
2020.153	1
2020.071	1
2020.112	1
2020.137	1
2019.814	1
2020.071	1
2020.137	1
2020.167	1
2020.167	1
2020.109	1
2020.096	1
2020.153	1
2019.77	1
2019.789	1
2019.858	1
2019.838	1
2019.841	1
2019.932	1
2019.822	1
2020.06	1
2020.153	1
2019.964	1
2019.86	1
2019.852	1
2019.775	1
2019.814	1
2019.745	1
2019.792	1
2019.786	1
2019.959	1
2019.923	1
2020.12	1
2020.12	1
2019.882	1
2019.962	1
2019.852	1
2019.94	1
2019.959	1
2019.964	1
2019.83	1
2019.83	1
2020.06	1
2020.087	1
2020.087	1
2019.789	1
2020.172	1
2020.033	1
2020.033	1
2019.811	1
2020.167	1
2020.167	1
2020.954	1
2020.757	1
2020.169	1
2020.169	1
2021.956	1
2021.03	1
2021.011	1
2021.014	1
2020.954	1
2020.954	1
2021.03	1
2021.595	1
2021.797	1
2021.614	1
2021.756	1
2021.756	1
2021.737	1
2021.63	1
2021.767	1
2021.701	1
2021.69	1
2020.858	1
2020.877	1
2021.055	1
2021.049	1
2021.036	1
2021.036	1
2021.452	1
2021.145	1
2021.633	1
2021.707	1
2021.841	1
2021.707	1
2021.707	1
2021.707	1
2021.068	1
2021.068	1
2021.94	1
2021.093	1
2021.093	1
2020.94	1
2020.989	1
2021.967	1
2022.003	1
2022.068	1
2021.984	1
2021.981	1
2021.956	1
2021.973	1
2021.973	1
2021.973	1
2021.564	1
2021.515	1
2021.712	1
2021.685	1
2021.732	1
2021.737	1
2021.112	1
2021.052	1
2021.052	1
2021.088	1
2020.844	1
2020.913	1
2021.737	1
2021.666	1
2021.729	1
2021.69	1
2021.679	1
2021.729	1
2021.668	1
2021.732	1
2021.685	1
2021.729	1
2021.71	1
2021.721	1
2021.074	1
2020.861	1
2020.186	1
2020.186	1
2020.751	1
2020.91	1
2020.847	1
2020.773	1
2020.91	1
2020.795	1
2020.795	1
2020.189	1
2020.175	1
2020.175	1
2020.172	1
2020.205	1
2020.205	1
2020.175	1
2020.175	1
2020.189	1
2020.189	1
2021.512	1
2021.43	1
2021.386	1
2021.51	1
2021.507	1
2020.88	1
2020.79	1
2020.79	1
2020.803	1
2020.883	1
2020.88	1
2021.107	1
2021.115	1
2020.167	1
2020.189	1
2020.189	1
2020.189	1
2020.167	1
2020.189	1
2020.205	1
2021.167	1
2020.205	1
2020.205	1
2020.175	1
2020.153	1
2020.208	1
2020.175	1
2020.153	1
2020.208	1
2020.153	1
2019.847	1
2019.896	1
2020.18	1
2020.18	1
2019.921	1
2019.986	1
2020.191	1
2019.964	1
2020.09	1
2020.09	1
2020.202	1
2020.194	1
2020.202	1
2020.194	1
2020.189	1
2020.189	1
2020.052	1
2019.729	1
2019.858	1
2020.063	1
2020.063	1
2020.085	1
2019.485	1
2019.616	1
2019.899	1
2019.901	1
2019.896	1
2019.896	1
2019.855	1
2019.885	1
2019.863	1
2019.882	1
2019.822	1
2019.811	1
2019.811	1
2019.844	1
2019.863	1
2019.86	1
2019.83	1
2019.827	1
2019.825	1
2019.841	1
2020.172	1
2020.172	1
2019.863	1
2019.849	1
2019.849	1
2019.847	1
2019.827	1
2019.849	1
2019.844	1
2019.775	1
2021.677	1
2021.562	1
2019.849	1
2019.671	1
2019.616	1
2020.057	1
2019.849	1
2019.995	1
2019.945	1
2019.921	1
2019.981	1
2020.068	1
2019.521	1
2019.504	1
2019.499	1
2019.499	1
2019.808	1
2019.496	1
2019.518	1
2019.518	1
2019.737	1
2019.507	1
2019.252	1
2019.126	1
2018.205	1
2018.981	1
2018.981	1
2018.205	1
2019.085	1
2019.085	1
2018.942	1
2018.942	1
2018.942	1
2019.079	1
2019.079	1
2018.953	1
2018.953	1
2018.981	1
2018.981	1
2019.742	1
2019.252	1
2019.523	1
2019.214	1
2019.214	1
2019.192	1
2019.17	1
2019.655	1
2019.69	1
2019.696	1
2019.696	1
2019.638	1
2019.132	1
2019.704	1
2019.704	1
2019.06	1
2019.46	1
2019.46	1
2019.112	1
2019.107	1
2019.345	1
2019.266	1
2019.266	1
2019.107	1
2019.304	1
2019.699	1
2019.184	1
2019.156	1
2018.441	1
2018.441	1
2019.216	1
2019.216	1
2019.192	1
2019.466	1
2019.162	1
2019.496	1
2019.496	1
2019.099	1
2019.134	1
2019.093	1
2019.203	1
2019.132	1
2019.096	1
2019.096	1
2019.096	1
2019.082	1
2019.112	1
2019.156	1
2019.09	1
2019.156	1
2019.137	1
2019.271	1
2019.652	1
2019.693	1
2019.688	1
2018.674	1
2018.674	1
2019	1
2019	1
2018.633	1
2018.633	1
2019.151	1
2019.063	1
2018.74	1
2018.701	1
2019.208	1
2019.501	1
2019.501	1
2018.932	1
2018.918	1
2018.937	1
2018.94	1
2018.921	1
2019.17	1
2019.123	1
2019.115	1
2018.984	1
2019.104	1
2019.088	1
2019.238	1
2019.214	1
2019.214	1
2019.14	1
2019.104	1
2019.093	1
2018.962	1
2019.14	1
2019.027	1
2019.252	1
2018.962	1
2018.962	1
2019.005	1
2019.033	1
2018.967	1
2019.074	1
2019.104	1
2019.17	1
2019.189	1
2019.005	1
2019.233	1
2019.014	1
2019.197	1
2019.016	1
2019.175	1
2019.175	1
2019.079	1
2019.189	1
2019.277	1
2019.227	1
2018.666	1
2018.666	1
2019.137	1
2019.293	1
2019.173	1
2019.211	1
2019.211	1
2019.093	1
2019.093	1
2019.227	1
2019.06	1
2019.06	1
2019.101	1
2019.005	1
2019.005	1
2019.107	1
2018.992	1
2018.992	1
2018.992	1
2018.992	1
2019.129	1
2019.252	1
2019.252	1
2019.195	1
2019.173	1
2019.252	1
2019.252	1
2019.058	1
2019.14	1
2019.148	1
2019.107	1
2019.148	1
2019.082	1
2019.016	1
2018.948	1
2019.151	1
2019.151	1
2019.17	1
2019.104	1
2019.025	1
2019.082	1
2019.11	1
2019.112	1
2019.099	1
2019.107	1
2019.11	1
2019.107	1
2019.099	1
2019.112	1
2018.981	1
2018.981	1
2019.132	1
2019.129	1
2019.132	1
2018.945	1
2018.945	1
2019.195	1
2018.677	1
2019.115	1
2019.148	1
2019.227	1
2019.047	1
2018.682	1
2018.682	1
2019.008	1
2019.151	1
2019.145	1
2019.184	1
2018.901	1
2019.132	1
2019.159	1
2019.115	1
2019.175	1
2019.403	1
2019.123	1
2018.91	1
2019.211	1
2019.074	1
2019.173	1
2019.197	1
2018.962	1
2018.962	1
2019.266	1
2019.419	1
2019.093	1
2019.132	1
2019.077	1
2018.94	1
2019.214	1
2019.016	1
2018.838	1
2019.055	1
2019.153	1
2019.151	1
2019.112	1
2019.132	1
2019.093	1
2018.014	1
2018.014	1
2018.255	1
2019.107	1
2019.167	1
2018.447	1
2018.444	1
2018.447	1
2018.444	1
2018.121	1
2017.904	1
2018.038	1
2018.038	1
2018.003	1
2018.058	1
2018.156	1
2018.216	1
2018.2	1
2019.005	1
2018.986	1
2018.986	1
2018.43	1
2019.055	1
2019.041	1
2018.986	1
2018.668	1
2018.674	1
2018.304	1
2018.304	1
2018.304	1
2017.814	1
2017.814	1
2017.814	1
2017.638	1
2019.266	1
2018.384	1
2019.008	1
2019.008	1
2018.915	1
2018.915	1
2018.737	1
2018.737	1
2019.036	1
2018.638	1
2018.923	1
2018.923	1
2018.923	1
2018.923	1
2017.627	1
2017.562	1
2017.518	1
2017.688	1
2017.795	1
2017.625	1
2017.51	1
2017.351	1
2017.493	1
2017.427	1
2018.677	1
2018.677	1
2018.677	1
2018.677	1
2018.825	1
2018.825	1
2019.173	1
2018.679	1
2018.679	1
2018.718	1
2019.101	1
2017.622	1
2017.975	1
2017.975	1
2018.041	1
2018.123	1
2018.011	1
2018.099	1
2018.099	1
2018.008	1
2017.589	1
2017.866	1
2017.989	1
2018.175	1
2018.022	1
2018.025	1
2017.852	1
2017.923	1
2017.852	1
2017.967	1
2017.942	1
2017.981	1
2017.975	1
2017.997	1
2017.989	1
2018.005	1
2018.044	1
2018.079	1
2017.962	1
2017.858	1
2018.022	1
2018.022	1
2017.962	1
2017.995	1
2018.11	1
2017.674	1
2017.682	1
2018.049	1
2017.707	1
2017.696	1
2018.178	1
2018.107	1
2017.666	1
2017.677	1
2017.666	1
2017.655	1
2017.348	1
2017.636	1
2017.74	1
2018.06	1
2018.118	1
2018.079	1
2018.378	1
2018.378	1
2018.068	1
2018.107	1
2018.068	1
2018.077	1
2018.06	1
2018.06	1
2017.737	1
2017.737	1
2018.041	1
2017.737	1
2017.726	1
2017.726	1
2017.737	1
2017.745	1
2017.63	1
2017.644	1
2018.118	1
2018.118	1
2017.827	1
2017.827	1
2017.751	1
2018.088	1
2018.003	1
2018.173	1
2018.17	1
2018.156	1
2018.151	1
2018.173	1
2018.085	1
2017.896	1
2017.868	1
2018.06	1
2018.058	1
2017.896	1
2017.992	1
2017.973	1
2017.849	1
2017.97	1
2017.962	1
2017.918	1
2018.181	1
2018.173	1
2017.449	1
2017.564	1
2017.564	1
2018.17	1
2018.345	1
2019.236	1
2018.195	1
2018.195	1
2018.214	1
2018.112	1
2017.696	1
2017.737	1
2017.748	1
2017.847	1
2017.978	1
2017.932	1
2018.058	1
2017.94	1
2018.074	1
2018.022	1
2017.548	1
2017.397	1
2017.397	1
2017.447	1
2017.351	1
2017.351	1
2017.455	1
2017.51	1
2017.507	1
2017.099	1
2017.373	1
2017.562	1
2017.562	1
2017.564	1
2017.751	1
2017.805	1
2017.756	1
2017.805	1
2017.756	1
2017.433	1
2017.589	1
2017.397	1
2017.51	1
2017.436	1
2017.458	1
2017.77	1
2017.77	1
2017.77	1
2017.967	1
2017.978	1
2017.759	1
2017.759	1
2017.984	1
2017.984	1
2017.879	1
2017.879	1
2017.825	1
2017.825	1
2017.825	1
2017.825	1
2018.219	1
2017.929	1
2017.94	1
2017.94	1
2017.899	1
2017.899	1
2017.899	1
2017.967	1
2017.91	1
2017.849	1
2017.849	1
2017.855	1
2017.855	1
2017.825	1
2017.825	1
2017.855	1
2017.855	1
2017.855	1
2017.855	1
2018.068	1
2018.068	1
2017.899	1
2017.899	1
2017.899	1
2017.899	1
2017.825	1
2017.825	1
2018.077	1
2018.077	1
2017.542	1
2017.762	1
2018.058	1
2018.118	1
2018.118	1
2018.022	1
2018.022	1
2017.74	1
2018.088	1
2017.693	1
2017.789	1
2017.507	1
2017.655	1
2017.877	1
2017.926	1
2018.06	1
2018.118	1
2018.079	1
2017.964	1
2017.932	1
2017.641	1
2017.619	1
2017.619	1
2017.619	1
2017.677	1
2017.718	1
2017.682	1
2017.586	1
2017.586	1
2017.619	1
2017.616	1
2017.71	1
2018.085	1
2017.027	1
2016.825	1
2016.869	1
2016.869	1
2016.738	1
2016.792	1
2016.47	1
2017.071	1
2017.386	1
2017.353	1
2018.027	1
2017.847	1
2018.008	1
2018.008	1
2018.011	1
2017.433	1
2017.866	1
2017.83	1
2017.101	1
2017.008	1
2016.951	1
2017.14	1
2017.085	1
2017.26	1
2017.485	1
2017.299	1
2017.521	1
2017.504	1
2017.485	1
2017.463	1
2017.474	1
2017.449	1
2017.449	1
2017.447	1
2017.441	1
2017.433	1
2017.433	1
2017.359	1
2017.433	1
2017.214	1
2017.775	1
2017.597	1
2017.575	1
2017.54	1
2017.501	1
2017.493	1
2017.488	1
2017.488	1
2017.616	1
2017.501	1
2017.551	1
2017.649	1
2017.581	1
2017.608	1
2017.49	1
2017.605	1
2017.57	1
2017.57	1
2017.526	1
2017.482	1
2017.655	1
2017.603	1
2017.608	1
2017.6	1
2017.521	1
2017.545	1
2017.496	1
2017.496	1
2017.37	1
2017.395	1
2017.395	1
2017.373	1
2017.455	1
2017.405	1
2017.43	1
2017.43	1
2017.233	1
2017.605	1
2017.474	1
2017.047	1
2017.43	1
2017.521	1
2017.186	1
2017.463	1
2017.463	1
2017.584	1
2017.584	1
2017.447	1
2017.49	1
2017.466	1
2017.466	1
2017.548	1
2017.548	1
2016.951	1
2017.214	1
2017.036	1
2017.101	1
2017.101	1
2017.027	1
2017.145	1
2017.148	1
2017.137	1
2017.148	1
2017.137	1
2017.395	1
2017.397	1
2017.6	1
2017.6	1
2017.548	1
2017.386	1
2017.559	1
2017.29	1
2017.29	1
2017.551	1
2017.444	1
2017.148	1
2017.148	1
2017.537	1
2017.537	1
2017.43	1
2017.43	1
2017.559	1
2017.49	1
2017.49	1
2016.989	1
2016.989	1
2016.989	1
2016.989	1
2016.989	1
2017.137	1
2017.449	1
2017.488	1
2017.444	1
2017.447	1
2017.425	1
2017.444	1
2017.551	1
2017.627	1
2017.584	1
2017.608	1
2017.726	1
2017.619	1
2017.614	1
2017.608	1
2017.578	1
2017.444	1
2017.753	1
2017.427	1
2017.551	1
2017.578	1
2017.54	1
2017.441	1
2017.616	1
2017.022	1
2016.91	1
2016.896	1
2016.896	1
2016.896	1
2017.022	1
2017.022	1
2016.915	1
2016.91	1
2016.918	1
2016.915	1
2016.877	1
2016.877	1
2016.874	1
2016.874	1
2016.874	1
2016.926	1
2016.893	1
2016.91	1
2016.566	1
2016.803	1
2016.803	1
2016.541	1
2016.541	1
2016.691	1
2016.541	1
2016.664	1
2016.73	1
2016.844	1
2016.664	1
2016.751	1
2016.751	1
2016.101	1
2016.571	1
2016.648	1
2016.612	1
2016.814	1
2016.806	1
2016.844	1
2016.844	1
2016.842	1
2016.648	1
2016.814	1
2016.53	1
2016.82	1
2016.872	1
2016.705	1
2016.831	1
2016.863	1
2016.869	1
2016.822	1
2017.033	1
2016.888	1
2016.915	1
2016.784	1
2016.812	1
2016.773	1
2016.85	1
2016.798	1
2016.508	1
2016.533	1
2016.825	1
2016.754	1
2016.754	1
2016.683	1
2016.749	1
2016.683	1
2016.787	1
2016.749	1
2017.164	1
2017.211	1
2017.186	1
2016.945	1
2016.943	1
2016.926	1
2016.989	1
2016.975	1
2017.033	1
2017.044	1
2016.959	1
2016.956	1
2016.951	1
2016.945	1
2016.945	1
2016.945	1
2016.943	1
2017.063	1
2017.11	1
2017.099	1
2017.173	1
2017.063	1
2017.005	1
2017.005	1
2017.071	1
2017.49	1
2017.118	1
2017.118	1
2017.03	1
2016.986	1
2017.49	1
2017.488	1
2017.51	1
2017.51	1
2017.43	1
2017.425	1
2017.504	1
2017.504	1
2017.559	1
2017.504	1
2017.052	1
2017.351	1
2017.392	1
2017.392	1
2017.312	1
2017.364	1
2017.008	1
2016.981	1
2017.101	1
2017.044	1
2017.395	1
2017.562	1
2017.597	1
2016.869	1
2016.866	1
2016.79	1
2016.866	1
2016.866	1
2016.787	1
2016.792	1
2017.156	1
2017.118	1
2016.973	1
2017.118	1
2017.027	1
2017.156	1
2017.082	1
2017.211	1
2017.211	1
2017.211	1
2017.211	1
2016.913	1
2017.071	1
2016.822	1
2016.784	1
2016.811	1
2016.683	1
2016.683	1
2016.683	1
2016.683	1
2016.825	1
2016.85	1
2016.85	1
2016.861	1
2017.252	1
2017.252	1
2016.951	1
2016.951	1
2017.263	1
2017.384	1
2017.134	1
2017.036	1
2017.03	1
2017.088	1
2017.129	1
2017.121	1
2017.238	1
2017.301	1
2017.178	1
2017.178	1
2017.044	1
2017.049	1
2017.115	1
2017.047	1
2017.047	1
2017.052	1
2017.063	1
2017.052	1
2017.047	1
2017.022	1
2017.222	1
2017.121	1
2017.121	1
2017.118	1
2017.019	1
2017.151	1
2017.126	1
2017.195	1
2017.753	1
2017.792	1
2017.137	1
2017.082	1
2017.551	1
2017.764	1
2017.762	1
2017.762	1
2017.762	1
2017.762	1
2017.984	1
2018.195	1
2017.926	1
2018.025	1
2018.145	1
2018.025	1
2018.145	1
2018.003	1
2018.025	1
2017.915	1
2018.255	1
2018.255	1
2017.586	1
2017.586	1
2017.833	1
2018.203	1
2017.518	1
2017.923	1
2017.923	1
2017.923	1
2017.923	1
2017.923	1
2017.482	1
2017.11	1
2017.175	1
2017.17	1
2017.049	1
2017.241	1
2017.164	1
2017.148	1
2017.29	1
2017.085	1
2017.984	1
2018.162	1
2017.975	1
2017.085	1
2018.019	1
2018.121	1
2018.06	1
2018.041	1
2017.17	1
2017.515	1
2018.181	1
2017.164	1
2017.09	1
2017.09	1
2017.09	1
2017.082	1
2017.208	1
2017.063	1
2017.353	1
2016.992	1
2017.51	1
2018.258	1
2018.101	1
2017.575	1
2018.504	1
2018.529	1
2018.529	1
2018.504	1
2018.542	1
2018.444	1
2018.444	1
2017.679	1
2017.737	1
2017.773	1
2017.773	1
2017.737	1
2017.792	1
2017.162	1
2017.797	1
2017.912	1
2017.923	1
2016.986	1
2017.107	1
2017.107	1
2017.118	1
2017.545	1
2017.101	1
2017.099	1
2017.09	1
2017.827	1
2017.748	1
2017.099	1
2018.03	1
2018.044	1
2018.063	1
2017.696	1
2017.693	1
2017.693	1
2017.707	1
2017.126	1
2017.819	1
2017.529	1
2018.027	1
2017.762	1
2017.762	1
2017.959	1
2017.118	1
2017.367	1
2017.367	1
2018.09	1
2018.058	1
2017.559	1
2017.638	1
2017.638	1
2017.488	1
2017.156	1
2017.104	1
2017.099	1
2017.082	1
2017.107	1
2017.175	1
2017.052	1
2017.025	1
2017.082	1
2017.101	1
2017.085	1
2016.88	1
2016.904	1
2016.951	1
2016.934	1
2016.956	1
2017.005	1
2017.027	1
2016.964	1
2016.923	1
2017.058	1
2017.104	1
2017.071	1
2017.06	1
2016.986	1
2017.008	1
2017.126	1
2017.06	1
2017.2	1
2016.951	1
2017.2	1
2017.279	1
2017.178	1
2017.173	1
2017.362	1
2017.362	1
2017.353	1
2017.351	1
2017.085	1
2017.014	1
2017.011	1
2017.123	1
2017.121	1
2017.121	1
2017.121	1
2017.104	1
2017.104	1
2017.263	1
2017.263	1
2017.181	1
2017.17	1
2017.088	1
2017.008	1
2017.096	1
2017.093	1
2017.175	1
2017.047	1
2017.005	1
2017.589	1
2017.233	1
2017.323	1
2017.323	1
2017.367	1
2017.37	1
2017.367	1
2017.562	1
2017.562	1
2017.356	1
2017.178	1
2017.145	1
2017.11	1
2017.11	1
2017.255	1
2017.008	1
2017.066	1
2017.066	1
2017.101	1
2017.088	1
2017.238	1
2017.2	1
2017.107	1
2017.047	1
2017.29	1
2017.29	1
2017.121	1
2017.107	1
2017.107	1
2017.041	1
2017.416	1
2017.411	1
2017.063	1
2017.214	1
2017.268	1
2017.233	1
2017.142	1
2017.126	1
2017.126	1
2017.482	1
2017.282	1
2017.156	1
2017.359	1
2017.019	1
2017.121	1
2017.121	1
2017.115	1
2017.093	1
2017.11	1
2017.099	1
2017.019	1
2017.214	1
2017.022	1
2017.367	1
2017.296	1
2017.247	1
2017.233	1
2017.353	1
2017.079	1
2017.063	1
2017.079	1
2017.011	1
2017.184	1
2017.025	1
2017.025	1
2017.085	1
2017.085	1
2017.074	1
2016.954	1
2016.954	1
2017.016	1
2017.175	1
2017.175	1
2016.885	1
2016.91	1
2017.279	1
2016.609	1
2017.408	1
2017.121	1
2017.096	1
2017.77	1
2017.816	1
2017.816	1
2017	1
2017.142	1
2017.142	1
2017.375	1
2017.219	1
2017.214	1
2017.197	1
2017.159	1
2016.913	1
2017.019	1
2017.079	1
2017.244	1
2017.189	1
2017.433	1
2017.501	1
2017.274	1
2016.921	1
2016.989	1
2017.033	1
2017.101	1
2017.079	1
2017.351	1
2017.082	1
2017.241	1
2016.921	1
2017.151	1
2017.101	1
2017.027	1
2017.052	1
2016.986	1
2016.975	1
2017.121	1
2017.553	1
2017.408	1
2017.523	1
2016.91	1
2016.91	1
2017.263	1
2017.263	1
2016.929	1
2017.112	1
2017.003	1
2016.948	1
2016.956	1
2016.948	1
2017.082	1
2016.97	1
2017.121	1
2016.896	1
2017.036	1
2017.022	1
2016.915	1
2017.063	1
2016.934	1
2017.512	1
2017.474	1
2017.474	1
2017.419	1
2017.293	1
2017.441	1
2017.427	1
2016.934	1
2016.959	1
2017.09	1
2017.449	1
2017.29	1
2017.378	1
2017.099	1
2016.929	1
2016.929	1
2017.101	1
2017.101	1
2017.104	1
2017.526	1
2017.079	1
2017.079	1
2017.148	1
2017.236	1
2017.236	1
2017.252	1
2017.252	1
2017.271	1
2017.142	1
2017.186	1
2017.11	1
2017.288	1
2017.329	1
2016.954	1
2017.219	1
2017.263	1
2017.255	1
2017.107	1
2017.222	1
2017.216	1
2017.06	1
2017.156	1
2017.156	1
2017.107	1
2017.123	1
2017.082	1
2017.121	1
2017.121	1
2017.238	1
2017.241	1
2017.241	1
2017.118	1
2017.233	1
2017.233	1
2017.118	1
2017.049	1
2017.203	1
2017.203	1
2017.104	1
2017.323	1
2017.121	1
2017.222	1
2017.222	1
2017.222	1
2017.162	1
2017.162	1
2017.151	1
2016.934	1
2016.934	1
2017.233	1
2017.197	1
2017.159	1
2017.027	1
2016.934	1
2017.186	1
2017.145	1
2017.049	1
2017.022	1
2017.296	1
2016.964	1
2016.981	1
2016.959	1
2017.044	1
2017.038	1
2017.071	1
2017.104	1
2017.137	1
2017.121	1
2017.104	1
2017.101	1
2017.121	1
2017.101	1
2017.175	1
2017.049	1
2017.184	1
2017.184	1
2017.299	1
2017.389	1
2017.214	1
2017.14	1
2017.104	1
2017.195	1
2017.099	1
2017.14	1
2017.074	1
2017.06	1
2017.104	1
2017.104	1
2017.501	1
2016.918	1
2016.918	1
2017.063	1
2017.164	1
2017.082	1
2017.082	1
2017.156	1
2017.255	1
2017.058	1
2016.989	1
2017.03	1
2017.115	1
2017.148	1
2017.578	1
2017.11	1
2017.068	1
2017.06	1
2017.082	1
2017.033	1
2017.326	1
2016.913	1
2016.883	1
2016.97	1
2016.992	1
2017.022	1
2016.964	1
2017.063	1
2017.014	1
2016.992	1
2017.079	1
2017.082	1
2017.101	1
2017.027	1
2017.063	1
2017.118	1
2017.142	1
2017.052	1
2017.282	1
2017.101	1
2016.984	1
2017.211	1
2017.216	1
2017.315	1
2017.219	1
2017.219	1
2017.359	1
2017.315	1
2016.964	1
2017.282	1
2017.181	1
2017.427	1
2017.216	1
2017.123	1
2017.118	1
2017.085	1
2017.181	1
2017.118	1
2017.17	1
2017.06	1
2017.063	1
2016.945	1
2017.225	1
2017.77	1
2017.77	1
2017.164	1
2017.175	1
2017.195	1
2017.195	1
2017.238	1
2017.216	1
2017.238	1
2017.068	1
2017.06	1
2017.049	1
2017.197	1
2017.079	1
2017.197	1
2017.54	1
2017.416	1
2018.068	1
2017.044	1
2017.085	1
2017.085	1
2017.09	1
2017.09	1
2017.068	1
2017.066	1
2017.148	1
2017.104	1
2017.271	1
2017.085	1
2017.249	1
2017.175	1
2017.504	1
2017.691	1
2017.691	1
2017.477	1
2017.425	1
2017.027	1
2017.025	1
2017.159	1
2017.142	1
2016.934	1
2017.137	1
2017.137	1
2017.197	1
2017.156	1
2017.197	1
2017.252	1
2017.263	1
2017.175	1
2017.175	1
2017.005	1
2017.052	1
2017.044	1
2017.323	1
2017.137	1
2017.164	1
2017.101	1
2017.277	1
2017.277	1
2017.099	1
2017.099	1
2017.151	1
2017.025	1
2017.104	1
2017.101	1
2017.101	1
2017.099	1
2017.104	1
2017.34	1
2017.31	1
2017.34	1
2017.31	1
2016.913	1
2016.91	1
2017.077	1
2016.891	1
2016.915	1
2016.913	1
2016.899	1
2017.041	1
2017.005	1
2017.099	1
2016.907	1
2016.948	1
2016.97	1
2016.989	1
2016.989	1
2017.115	1
2016.945	1
2016.954	1
2017.027	1
2017.025	1
2017.027	1
2017.216	1
2017.079	1
2017.09	1
2016.874	1
2017.099	1
2017.14	1
2017.121	1
2017.11	1
2017.09	1
2017.214	1
2017.082	1
2017.107	1
2017.121	1
2017.26	1
2017.101	1
2017.236	1
2017.225	1
2017.118	1
2017.118	1
2017.123	1
2017.123	1
2017.521	1
2017.521	1
2017.118	1
2017.184	1
2016.94	1
2017.216	1
2017.414	1
2017.225	1
2017.17	1
2017.148	1
2017.142	1
2016.91	1
2016.885	1
2016.923	1
2016.923	1
2016.91	1
2016.885	1
2016.943	1
2016.923	1
2016.923	1
2016.943	1
2016.926	1
2016.926	1
2016.995	1
2016.91	1
2016.91	1
2017.044	1
2016.97	1
2017.044	1
2017.14	1
2017.504	1
2017.586	1
2017.392	1
2017.455	1
2017.151	1
2017.474	1
2017.121	1
2017.638	1
2017.038	1
2017.022	1
2017.088	1
2017.145	1
2017.282	1
2017.044	1
2017.044	1
2017.192	1
2017.23	1
2017.074	1
2017.085	1
2017.126	1
2017.153	1
2017.132	1
2017.11	1
2017.09	1
2017.088	1
2017.085	1
2017.167	1
2017.866	1
2017.866	1
2017.126	1
2017.104	1
2017.14	1
2017.085	1
2017.737	1
2017.118	1
2017.118	1
2017.025	1
2017.233	1
2017.216	1
2017.074	1
2017.175	1
2017.197	1
2017.195	1
2017.403	1
2017.274	1
2017.252	1
2017.236	1
2017.255	1
2017.934	1
2017.934	1
2017.751	1
2017.751	1
2017.751	1
2017.107	1
2017.063	1
2017.068	1
2017.022	1
2016.956	1
2017.51	1
2017.31	1
2017.31	1
2017.893	1
2017.896	1
2017.896	1
2017.085	1
2017.216	1
2017.238	1
2017.378	1
2017.027	1
2017.118	1
2017.118	1
2017.107	1
2017.107	1
2017.126	1
2017.932	1
2016.97	1
2016.97	1
2016.995	1
2017.047	1
2017.079	1
2017.079	1
2017.142	1
2017.099	1
2017.148	1
2016.773	1
2017.022	1
2017.044	1
2017.118	1
2017.101	1
2017.737	1
2017.948	1
2018.055	1
2018.17	1
2017.923	1
2018.027	1
2017.712	1
2017.827	1
2017.778	1
2017.871	1
2018.003	1
2018.027	1
2017.91	1
2017.841	1
2017.841	1
2017.718	1
2017.677	1
2017.696	1
2017.696	1
2017.795	1
2017.795	1
2017.882	1
2018.003	1
2018.003	1
2018.066	1
2017.734	1
2017.581	1
2017.581	1
2018.005	1
2017.94	1
2017.693	1
2017.696	1
2018	1
2017.956	1
2017.97	1
2018.025	1
2017.942	1
2018.027	1
2018.019	1
2018.027	1
2017.679	1
2017.849	1
2017.732	1
2017.885	1
2017.885	1
2017.866	1
2017.778	1
2017.789	1
2017.778	1
2017.693	1
2017.693	1
2018.011	1
2018.005	1
2018.126	1
2018.074	1
2017.688	1
2017.786	1
2017.644	1
2017.926	1
2017.926	1
2018.197	1
2017.726	1
2017.751	1
2017.751	1
2017.819	1
2017.819	1
2017.836	1
2017.808	1
2017.501	1
2017.523	1
2017.712	1
2017.712	1
2017.882	1
2017.882	1
2017.797	1
2017.797	1
2017.866	1
2017.866	1
2017.879	1
2017.855	1
2017.97	1
2017.808	1
2017.786	1
2017.51	1
2017.699	1
2017.699	1
2017.849	1
2017.855	1
2017.849	1
2017.852	1
2017.718	1
2017.718	1
2017.844	1
2017.814	1
2017.814	1
2017.693	1
2017.847	1
2017.545	1
2017.545	1
2017.852	1
2017.866	1
2017.863	1
2017.868	1
2017.852	1
2017.866	1
2017.866	1
2017.923	1
2017.688	1
2017.688	1
2017.863	1
2018.329	1
2018.277	1
2018.353	1
2018.364	1
2017.468	1
2017.537	1
2017.638	1
2017.636	1
2017.608	1
2017.537	1
2017.715	1
2017.627	1
2017.638	1
2017.468	1
2017.641	1
2017.679	1
2017.789	1
2017.814	1
2017.805	1
2017.699	1
2017.699	1
2017.679	1
2017.534	1
2017.693	1
2017.414	1
2017.655	1
2017.863	1
2017.849	1
2018	1
2017.97	1
2017.836	1
2018.808	1
2017.693	1
2017.699	1
2017.693	1
2018.06	1
2017.693	1
2017.542	1
2018.101	1
2017.77	1
2017.77	1
2017.827	1
2017.542	1
2017.622	1
2017.74	1
2017.616	1
2017.616	1
2017.559	1
2018	1
2017.463	1
2018.027	1
2017.932	1
2017.685	1
2017.732	1
2017.942	1
2018.025	1
2017.797	1
2017.723	1
2017.723	1
2017.858	1
2017.858	1
2017.797	1
2017.797	1
2017.71	1
2017.833	1
2017.192	1
2018.085	1
2018.121	1
2018.096	1
2018.066	1
2018.027	1
2017.888	1
2018.14	1
2017.956	1
2018.03	1
2018.066	1
2018.044	1
2017.885	1
2017.814	1
2018.041	1
2017.836	1
2017.816	1
2017.811	1
2018.016	1
2018	1
2018.047	1
2017.981	1
2017.981	1
2018.03	1
2018.126	1
2018.082	1
2018.082	1
2018.227	1
2018.101	1
2018.192	1
2018.096	1
2018.066	1
2018.499	1
2017.781	1
2017.655	1
2017.704	1
2017.923	1
2017.937	1
2018.027	1
2018.005	1
2017.951	1
2017.877	1
2017.734	1
2017.962	1
2017.792	1
2017.792	1
2017.775	1
2017.992	1
2018.041	1
2018.019	1
2018.038	1
2017.926	1
2017.907	1
2017.942	1
2018.03	1
2017.942	1
2017.899	1
2017.833	1
2017.929	1
2017.753	1
2017.745	1
2017.825	1
2017.753	1
2017.8	1
2017.8	1
2017.874	1
2017.753	1
2017.866	1
2017.847	1
2017.951	1
2017.907	1
2017.945	1
2017.912	1
2018.038	1
2017.97	1
2018.027	1
2017.619	1
2017.619	1
2017.737	1
2017.74	1
2017.732	1
2017.737	1
2017.775	1
2017.797	1
2018.033	1
2018.019	1
2018.019	1
2017.915	1
2017.915	1
2017.77	1
2017.77	1
2017.833	1
2017.967	1
2017.789	1
2017.808	1
2017.855	1
2017.912	1
2018.058	1
2018.162	1
2017.808	1
2017.762	1
2018.655	1
2018.655	1
2018.507	1
2018.507	1
2018.77	1
2018.652	1
2018.652	1
2018.932	1
2018.627	1
2018.636	1
2018.627	1
2018.636	1
2018.625	1
2018.625	1
2018.603	1
2018.603	1
2018.542	1
2018.542	1
2018.559	1
2018.441	1
2018.441	1
2018.559	1
2018.767	1
2018.767	1
2018.614	1
2018.655	1
2018.559	1
2018.559	1
2018.575	1
2018.441	1
2018.441	1
2018.523	1
2018.523	1
2018.688	1
2018.627	1
2018.038	1
2017.723	1
2017.762	1
2017.762	1
2017.805	1
2017.805	1
2018.104	1
2017.562	1
2017.468	1
2017.422	1
2017.499	1
2017.66	1
2017.504	1
2017.699	1
2017.699	1
2017.91	1
2017.929	1
2017.929	1
2018.06	1
2019.016	1
2017.693	1
2017.693	1
2017.77	1
2017.91	1
2017.693	1
2017.542	1
2017.789	1
2017.704	1
2018.025	1
2018.189	1
2018.06	1
2018.041	1
2018.047	1
2018	1
2018	1
2018.047	1
2018.211	1
2018.729	1
2018.696	1
2017.995	1
2018.027	1
2018.142	1
2018.197	1
2018.011	1
2018.162	1
2017.967	1
2018	1
2018.025	1
2018.038	1
2017.929	1
2018.814	1
2018.814	1
2018.721	1
2018.712	1
2018.77	1
2018.767	1
2018.189	1
2018.63	1
2018.674	1
2018.663	1
2018.63	1
2018.663	1
2018.674	1
2018.153	1
2018.134	1
2018.134	1
2018.022	1
2018.581	1
2018.718	1
2018.488	1
2018.488	1
2018.663	1
2018.663	1
2018.575	1
2018.71	1
2018.633	1
2018.633	1
2018.616	1
2018.616	1
2018.677	1
2018.682	1
2018.868	1
2018.868	1
2018.564	1
2018.589	1
2018.589	1
2018.589	1
2018.589	1
2018.589	1
2018.589	1
2018.74	1
2018.74	1
2018.948	1
2018.948	1
2018.537	1
2018.23	1
2018.537	1
2018.23	1
2018.932	1
2018.932	1
2018.578	1
2018.759	1
2018.923	1
2018.721	1
2018.721	1
2018.795	1
2018.808	1
2018.901	1
2018.907	1
2018.907	1
2018.907	1
2018.647	1
2018.647	1
2018.688	1
2018.162	1
2018.658	1
2018.584	1
2018.584	1
2018.537	1
2018.537	1
2018.699	1
2019.025	1
2018.907	1
2018.167	1
2018.167	1
2018.167	1
2018.167	1
2018.521	1
2018.542	1
2018.518	1
2018.54	1
2018.542	1
2018.542	1
2018.592	1
2018.54	1
2018.54	1
2018.69	1
2018.69	1
2018.63	1
2018.652	1
2018.658	1
2018.611	1
2018.693	1
2018.693	1
2018.608	1
2018.608	1
2018.729	1
2018.718	1
2018.729	1
2018.721	1
2018.732	1
2018.581	1
2018.581	1
2018.479	1
2018.699	1
2018.748	1
2017.964	1
2018.101	1
2018.732	1
2018.564	1
2018.43	1
2018.43	1
2018.699	1
2018.627	1
2018.627	1
2018.784	1
2018.784	1
2018.049	1
2018.03	1
2018.526	1
2018.844	1
2018.841	1
2017.896	1
2017.904	1
2017.896	1
2017.94	1
2017.877	1
2017.91	1
2017.907	1
2017.896	1
2017.94	1
2018.082	1
2018.23	1
2018.573	1
2018.066	1
2018.573	1
2018.46	1
2018.844	1
2018.808	1
2018.929	1
2018.786	1
2018.795	1
2018.693	1
2018.655	1
2018.134	1
2018.134	1
2017.885	1
2018.008	1
2018.03	1
2017.699	1
2017.658	1
2017.578	1
2017.679	1
2017.636	1
2017.608	1
2017.474	1
2017.685	1
2017.666	1
2017.619	1
2017.603	1
2017.641	1
2018.019	1
2018.173	1
2017.811	1
2017.537	1
2017.537	1
2017.586	1
2017.584	1
2017.562	1
2017.584	1
2017.586	1
2017.74	1
2017.953	1
2017.586	1
2017.877	1
2017.759	1
2017.762	1
2017.762	1
2018.085	1
2017.584	1
2018.542	1
2017.145	1
2016.822	1
2016.814	1
2016.951	1
2016.921	1
2017.145	1
2017.066	1
2017.099	1
2016.932	1
2016.899	1
2016.932	1
2017.093	1
2017.093	1
2016.956	1
2017.06	1
2016.951	1
2017.521	1
2016.907	1
2016.907	1
2017.085	1
2016.945	1
2016.945	1
2016.891	1
2016.888	1
2016.893	1
2016.91	1
2016.918	1
2016.937	1
2016.918	1
2016.926	1
2016.888	1
2016.91	1
2016.888	1
2016.888	1
2016.951	1
2016.904	1
2016.891	1
2016.891	1
2016.973	1
2016.893	1
2016.951	1
2016.686	1
2016.686	1
2016.852	1
2016.839	1
2016.814	1
2016.658	1
2016.238	1
2016.238	1
2016.904	1
2017.03	1
2016.601	1
2016.661	1
2016.339	1
2016.339	1
2016.5	1
2016.62	1
2016.191	1
2016.191	1
2016.265	1
2016.552	1
2016.642	1
2016.648	1
2016.538	1
2016.639	1
2016.579	1
2016.549	1
2017.373	1
2016.708	1
2016.727	1
2016.628	1
2017.09	1
2017.129	1
2017.096	1
2017.06	1
2017.06	1
2017.071	1
2016.945	1
2016.945	1
2017.071	1
2016.973	1
2017.047	1
2016.891	1
2016.926	1
2016.956	1
2016.951	1
2017.551	1
2017.551	1
2016.809	1
2016.809	1
2016.833	1
2016.219	1
2016.544	1
2016.191	1
2016.721	1
2016.721	1
2016.525	1
2016.489	1
2016.475	1
2016.475	1
2016.648	1
2016.451	1
2016.801	1
2016.243	1
2016.544	1
2016.169	1
2016.836	1
2016.317	1
2016.705	1
2016.402	1
2016.628	1
2016.495	1
2016.852	1
2016.852	1
2016.833	1
2016.743	1
2016.743	1
2016.792	1
2016.792	1
2016.773	1
2016.798	1
2016.686	1
2016.686	1
2016.705	1
2016.352	1
2016.399	1
2016.399	1
2016.216	1
2016.139	1
2016.09	1
2016.219	1
2016.257	1
2016.189	1
2016.219	1
2016.257	1
2016.295	1
2016.295	1
2016.691	1
2016.708	1
2016.694	1
2016.691	1
2016.708	1
2016.694	1
2016.779	1
2016.833	1
2016.82	1
2016.869	1
2016.869	1
2016.842	1
2016.844	1
2016.872	1
2016.858	1
2016.779	1
2016.869	1
2016.833	1
2016.795	1
2016.689	1
2016.689	1
2016.71	1
2016.71	1
2016.839	1
2016.828	1
2016.776	1
2016.754	1
2016.76	1
2016.76	1
2016.801	1
2016.801	1
2016.754	1
2016.765	1
2016.754	1
2016.76	1
2016.76	1
2016.814	1
2016.814	1
2016.814	1
2016.948	1
2016.945	1
2016.945	1
2016.877	1
2016.877	1
2016.918	1
2016.923	1
2016.686	1
2016.754	1
2016.754	1
2016.746	1
2016.686	1
2016.754	1
2016.751	1
2016.167	1
2016.167	1
2016.205	1
2016.161	1
2016.445	1
2016.445	1
2016.273	1
2016.262	1
2016.262	1
2016.445	1
2016.445	1
2016.445	1
2016.445	1
2016.445	1
2016.445	1
2016.139	1
2016.844	1
2016.872	1
2016.73	1
2016.73	1
2017.052	1
2016.945	1
2016.945	1
2016.948	1
2016.948	1
2016.888	1
2016.888	1
2017.137	1
2017.101	1
2017.121	1
2017.121	1
2017.027	1
2017.03	1
2017.244	1
2017.101	1
2017.222	1
2017.214	1
2017.195	1
2017.167	1
2017.216	1
2017.216	1
2017.277	1
2017.238	1
2017.216	1
2017.219	1
2017.214	1
2017.211	1
2017.184	1
2017.279	1
2017.279	1
2017.118	1
2017.216	1
2017.214	1
2017.208	1
2017.2	1
2017.197	1
2016.926	1
2016.918	1
2016.896	1
2016.719	1
2016.757	1
2016.697	1
2016.757	1
2016.836	1
2016.869	1
2016.667	1
2016.661	1
2016.639	1
2016.667	1
2016.667	1
2016.689	1
2016.702	1
2016.795	1
2016.702	1
2016.842	1
2016.7	1
2016.702	1
2016.738	1
2016.869	1
2017.022	1
2017.099	1
2017.052	1
2017.181	1
2017.085	1
2017.132	1
2017.132	1
2016.877	1
2016.923	1
2017.008	1
2017.008	1
2017.03	1
2017.088	1
2017.096	1
2017.088	1
2017.096	1
2017.132	1
2016.923	1
2017.008	1
2017.14	1
2017.268	1
2017.222	1
2017.293	1
2017.268	1
2017.293	1
2016.872	1
2017.233	1
2017.071	1
2017.047	1
2017.005	1
2017.09	1
2017.071	1
2017.052	1
2017.052	1
2017.063	1
2017.049	1
2017.079	1
2017.137	1
2017.008	1
2017.099	1
2017.033	1
2017.104	1
2017.093	1
2017.121	1
2017.09	1
2017.066	1
2017.06	1
2017.244	1
2017.082	1
2017.082	1
2016.872	1
2017.222	1
2016.992	1
2017.041	1
2017.282	1
2017.132	1
2017.132	1
2017.145	1
2017.148	1
2017.14	1
2017.118	1
2017.06	1
2017.192	1
2017.236	1
2017.156	1
2017.2	1
2017.178	1
2017.104	1
2017.008	1
2017.123	1
2017.126	1
2017.126	1
2017.159	1
2017.123	1
2017.068	1
2017.148	1
2017.118	1
2017.118	1
2017.118	1
2017.301	1
2017.301	1
2017.301	1
2017.301	1
2017.288	1
2017.288	1
2017.093	1
2017.622	1
2017.984	1
2017.962	1
2017.66	1
2017.66	1
2017.307	1
2017.145	1
2017.112	1
2017.112	1
2017.244	1
2017.214	1
2017.101	1
2017.044	1
2016.992	1
2017.159	1
2017.175	1
2017.104	1
2017.104	1
2017.236	1
2017.348	1
2017.121	1
2017.055	1
2017.384	1
2017.384	1
2016.981	1
2017.09	1
2017.052	1
2017.132	1
2017.268	1
2017.268	1
2017.137	1
2017.137	1
2017.137	1
2017.137	1
2017.137	1
2017.085	1
2017.06	1
2017.184	1
2017.104	1
2016.97	1
2016.97	1
2017.142	1
2017.184	1
2017.132	1
2017.121	1
2017.11	1
2017.145	1
2017.173	1
2017.175	1
2017.17	1
2017.09	1
2017.003	1
2017.238	1
2017.296	1
2017.26	1
2016.995	1
2016.967	1
2016.967	1
2017.099	1
2017.099	1
2017.038	1
2017.038	1
2017.195	1
2017.222	1
2017.142	1
2016.954	1
2016.962	1
2016.962	1
2017.038	1
2017	1
2017.011	1
2017.005	1
2016.956	1
2017.008	1
2017.058	1
2017.06	1
2017.082	1
2017.11	1
2017.005	1
2017.099	1
2017.09	1
2016.954	1
2017.203	1
2017.216	1
2017.279	1
2017.367	1
2017.367	1
2016.962	1
2017.041	1
2017.06	1
2017.052	1
2017.03	1
2017.11	1
2017.101	1
2017.025	1
2017.181	1
2016.962	1
2017.156	1
2017.156	1
2017.104	1
2017.227	1
2017.044	1
2017.044	1
2017.162	1
2017.093	1
2017.129	1
2017.129	1
2017.126	1
2016.962	1
2016.962	1
2017.066	1
2017.148	1
2017.31	1
2017.31	1
2017	1
2017.132	1
2017.121	1
2017.066	1
2017.104	1
2017.101	1
2017.096	1
2017.2	1
2017.181	1
2017.203	1
2017.203	1
2017.063	1
2017.063	1
2017.082	1
2016.954	1
2017.121	1
2017.101	1
2017.033	1
2017.079	1
2017.121	1
2017.121	1
2017.247	1
2017.433	1
2017.427	1
2017.241	1
2017.184	1
2017.271	1
2017.271	1
2017.126	1
2017.499	1
2017.471	1
2017.126	1
2017.044	1
2017.211	1
2017.121	1
2017.099	1
2017.11	1
2017.088	1
2017.066	1
2017.085	1
2017.148	1
2017.129	1
2017.164	1
2017.233	1
2017.14	1
2016.872	1
2016.872	1
2016.863	1
2016.858	1
2016.91	1
2016.855	1
2017.137	1
2017.066	1
2017.488	1
2017.332	1
2017.386	1
2017.162	1
2017.162	1
2017.29	1
2017.107	1
2017.025	1
2016.907	1
2016.913	1
2016.948	1
2017.008	1
2016.913	1
2016.984	1
2016.997	1
2016.948	1
2016.918	1
2016.992	1
2017.071	1
2017.071	1
2017	1
2016.904	1
2017.008	1
2017.137	1
2017.101	1
2017.047	1
2017.066	1
2017.197	1
2017.088	1
2017.014	1
2017.079	1
2017.068	1
2017.2	1
2017.005	1
2016.992	1
2017.068	1
2017.14	1
2017.066	1
2017.011	1
2017.09	1
2017.126	1
2017.079	1
2016.874	1
2017.082	1
2016.997	1
2017.148	1
2017.351	1
2017.082	1
2017.025	1
2017.082	1
2017.052	1
2017.205	1
2017.085	1
2017.099	1
2017.285	1
2017.285	1
2016.959	1
2017.074	1
2017.112	1
2017.252	1
2017.014	1
2017.014	1
2017.222	1
2016.948	1
2016.929	1
2017.005	1
2017.011	1
2017.118	1
2017.118	1
2016.951	1
2017	1
2017.047	1
2017	1
2016.964	1
2017.11	1
2016.951	1
2016.954	1
2016.97	1
2016.97	1
2017.058	1
2017.005	1
2016.997	1
2017.011	1
2017.208	1
2017.022	1
2017.049	1
2016.973	1
2017.178	1
2017.063	1
2017.052	1
2017.049	1
2017.225	1
2017.104	1
2017.044	1
2017.178	1
2017.222	1
2017.047	1
2016.937	1
2017.079	1
2017.107	1
2017.066	1
2017.11	1
2017.26	1
2017.107	1
2017.252	1
2017.181	1
2017.225	1
2017.049	1
2017.044	1
2017.09	1
2017.011	1
2016.992	1
2017.047	1
2017.06	1
2017.06	1
2017.049	1
2017.225	1
2017.022	1
2017.129	1
2017.104	1
2017.022	1
2017.044	1
2017.132	1
2017.159	1
2017.011	1
2017.071	1
2017.203	1
2017.003	1
2018	1
2016.883	1
2016.913	1
2016.877	1
2016.926	1
2016.951	1
2016.951	1
2016.934	1
2016.975	1
2016.992	1
2017.016	1
2016.967	1
2017.022	1
2017.044	1
2017.005	1
2017.005	1
2017.063	1
2017.058	1
2017.118	1
2017.063	1
2017.195	1
2016.951	1
2017.11	1
2017.071	1
2017.079	1
2017.164	1
2017.121	1
2017.025	1
2017.082	1
2017.074	1
2017.066	1
2017.068	1
2017.063	1
2017.088	1
2017.082	1
2017.041	1
2016.986	1
2016.986	1
2017.118	1
2017.049	1
2017.011	1
2017.011	1
2017.052	1
2017.063	1
2017.049	1
2016.989	1
2017.088	1
2017.052	1
2017.129	1
2017.027	1
2017.011	1
2017.011	1
2017.06	1
2017.033	1
2017.137	1
2017.016	1
2017.005	1
2017.09	1
2017.071	1
2017.079	1
2017.123	1
2017.2	1
2016.967	1
2017.005	1
2017.205	1
2017.008	1
2017.008	1
2016.945	1
2017.008	1
2017.356	1
2016.904	1
2017.101	1
2016.964	1
2016.97	1
2017.044	1
2016.956	1
2016.967	1
2017.016	1
2017.016	1
2017.068	1
2016.918	1
2017.107	1
2017.225	1
2016.929	1
2016.915	1
2016.913	1
2016.749	1
2016.817	1
2016.749	1
2016.749	1
2016.62	1
2016.514	1
2016.563	1
2016.85	1
2016.377	1
2016.24	1
2016.24	1
2016.24	1
2016.24	1
2016.623	1
2016.683	1
2016.563	1
2017.058	1
2017.03	1
2017.29	1
2016.781	1
2016.781	1
2016.915	1
2016.956	1
2016.418	1
2016.462	1
2016.516	1
2016.781	1
2016.913	1
2017.241	1
2016.429	1
2016.546	1
2016.437	1
2016.421	1
2016.508	1
2016.577	1
2016.609	1
2016.06	1
2016.06	1
2016.503	1
2016.503	1
2016.503	1
2016.915	1
2017.104	1
2016.956	1
2017.071	1
2017.063	1
2016.992	1
2017.104	1
2017.214	1
2016.995	1
2017.063	1
2017.063	1
2017.033	1
2016.956	1
2016.956	1
2016.986	1
2016.995	1
2016.945	1
2017.252	1
2016.877	1
2017.077	1
2017.101	1
2017.041	1
2016.934	1
2017.197	1
2017.038	1
2017.005	1
2016.975	1
2016.992	1
2017.079	1
2017.079	1
2017.145	1
2017.06	1
2017.214	1
2017.115	1
2017.005	1
2017.175	1
2016.762	1
2016.831	1
2016.765	1
2016.858	1
2016.817	1
2016.784	1
2016.803	1
2016.893	1
2016.986	1
2016.986	1
2016.872	1
2016.921	1
2016.967	1
2016.937	1
2016.981	1
2016.91	1
2016.981	1
2017.025	1
2017.378	1
2017.137	1
2017.137	1
2016.967	1
2017.033	1
2016.992	1
2016.967	1
2017.022	1
2016.73	1
2016.738	1
2016.858	1
2016.836	1
2016.858	1
2016.989	1
2016.893	1
2016.877	1
2016.915	1
2017.005	1
2017.008	1
2017.022	1
2016.989	1
2017.162	1
2017.208	1
2017.197	1
2017.134	1
2017.041	1
2017.071	1
2016.962	1
2017.156	1
2017.033	1
2016.932	1
2016.973	1
2017.027	1
2016.962	1
2016.899	1
2016.891	1
2016.913	1
2016.913	1
2016.967	1
2016.989	1
2016.967	1
2017.11	1
2016.986	1
2017.255	1
2016.896	1
2016.929	1
2016.932	1
2016.986	1
2017.005	1
2017.005	1
2016.937	1
2016.937	1
2016.937	1
2016.995	1
2016.984	1
2017.005	1
2017.008	1
2017.005	1
2016.959	1
2017.003	1
2016.959	1
2016.967	1
2016.883	1
2016.874	1
2017.121	1
2017.101	1
2017.175	1
2017.082	1
2017.121	1
2017.082	1
2017.104	1
2017.033	1
2016.995	1
2017.044	1
2017.044	1
2017.011	1
2016.989	1
2016.97	1
2016.883	1
2016.896	1
2016.937	1
2017.104	1
2016.984	1
2016.97	1
2016.937	1
2017.063	1
2017.071	1
2016.97	1
2017.156	1
2016.973	1
2017.129	1
2017.079	1
2017.079	1
2016.984	1
2017.088	1
2017.068	1
2017.022	1
2016.951	1
2017.09	1
2017.033	1
2017.26	1
2017.027	1
2016.948	1
2017.049	1
2017.022	1
2017.025	1
2016.986	1
2017.005	1
2017.063	1
2017.06	1
2016.926	1
2016.915	1
2016.934	1
2017.082	1
2017.186	1
2016.97	1
2016.97	1
2016.967	1
2016.967	1
2016.964	1
2017.03	1
2017.008	1
2017.099	1
2017.107	1
2017.318	1
2017.419	1
2017.419	1
2017.353	1
2017.353	1
2017.274	1
2017.274	1
2017.455	1
2017.03	1
2017.099	1
2017.137	1
2016.784	1
2016.784	1
2016.855	1
2016.828	1
2016.803	1
2016.866	1
2016.855	1
2016.833	1
2016.82	1
2016.842	1
2016.806	1
2016.839	1
2016.869	1
2016.989	1
2016.948	1
2016.948	1
2016.945	1
2016.514	1
2016.869	1
2016.852	1
2017.126	1
2017.126	1
2017.06	1
2017.079	1
2016.973	1
2016.893	1
2016.893	1
2016.964	1
2017.101	1
2016.918	1
2017.033	1
2017.093	1
2017.044	1
2017.162	1
2016.929	1
2016.989	1
2016.874	1
2016.937	1
2017.082	1
2016.91	1
2017.118	1
2017.162	1
2017.184	1
2016.989	1
2016.989	1
2017.025	1
2017.025	1
2017.189	1
2016.962	1
2016.923	1
2016.891	1
2017.005	1
2017.085	1
2016.989	1
2017.142	1
2017.447	1
2017.433	1
2017.381	1
2017.329	1
2017.359	1
2017.419	1
2017.101	1
2017.025	1
2017.044	1
2018.2	1
2017.041	1
2017.066	1
2017.274	1
2017.252	1
2016.967	1
2017.088	1
2017.151	1
2017.118	1
2016.795	1
2016.795	1
2016.806	1
2016.806	1
2016.825	1
2016.738	1
2016.669	1
2016.631	1
2016.683	1
2016.683	1
2016.724	1
2016.689	1
2016.814	1
2016.74	1
2016.762	1
2016.866	1
2016.634	1
2016.779	1
2016.932	1
2016.932	1
2016.891	1
2016.986	1
2016.945	1
2016.989	1
2016.989	1
2016.989	1
2016.945	1
2017.003	1
2016.76	1
2016.76	1
2016.492	1
2016.56	1
2016.448	1
2016.544	1
2016.544	1
2016.53	1
2016.563	1
2016.563	1
2016.563	1
2016.546	1
2016.546	1
2016.538	1
2016.544	1
2016.544	1
2016.544	1
2016.667	1
2016.669	1
2016.628	1
2016.549	1
2016.525	1
2016.62	1
2016.448	1
2016.448	1
2016.448	1
2016.205	1
2016.68	1
2016.374	1
2016.374	1
2016.792	1
2016.792	1
2016.085	1
2016.232	1
2016.232	1
2016.093	1
2016.21	1
2016.202	1
2016.276	1
2016.246	1
2017.088	1
2017.019	1
2017.126	1
2017.06	1
2017.074	1
2017.466	1
2017.466	1
2017.463	1
2017.466	1
2017.466	1
2017.436	1
2017.619	1
2017.447	1
2017.005	1
2016.959	1
2017.044	1
2017.044	1
2016.929	1
2016.97	1
2016.97	1
2016.964	1
2016.94	1
2016.97	1
2016.945	1
2016.954	1
2016.929	1
2016.97	1
2016.973	1
2017.008	1
2016.907	1
2016.907	1
2017.005	1
2017.099	1
2016.954	1
2016.948	1
2016.943	1
2017.049	1
2017.049	1
2016.967	1
2017.11	1
2016.986	1
2017.121	1
2017.184	1
2017.195	1
2017.447	1
2017.447	1
2017.37	1
2017.378	1
2017.367	1
2017.005	1
2017.005	1
2017.181	1
2017.192	1
2017.532	1
2017.485	1
2017.493	1
2017.493	1
2017.567	1
2017.485	1
2017.436	1
2017.482	1
2017.551	1
2017.644	1
2017.482	1
2017.523	1
2017.523	1
2017.589	1
2017.523	1
2017.482	1
2017.474	1
2017.474	1
2017.428	1
2017.548	1
2017.559	1
2017.526	1
2017.644	1
2017.674	1
2017.674	1
2017.627	1
2017.586	1
2017.586	1
2017.085	1
2017.099	1
2017.077	1
2017.104	1
2017.134	1
2017.044	1
2017.296	1
2017.296	1
2017.192	1
2016.989	1
2016.959	1
2016.959	1
2017.274	1
2017.085	1
2017.085	1
2017.184	1
2017.184	1
2017.044	1
2017.315	1
2016.962	1
2016.956	1
2017.052	1
2017.049	1
2017.06	1
2017.099	1
2017.156	1
2017.008	1
2017.036	1
2017.167	1
2017.148	1
2016.956	1
2016.967	1
2017.093	1
2016.981	1
2017.123	1
2017.025	1
2017	1
2016.964	1
2016.932	1
2016.91	1
2016.929	1
2016.992	1
2016.989	1
2017.005	1
2017.011	1
2017.005	1
2017.027	1
2017.181	1
2016.986	1
2017.011	1
2017.011	1
2017.219	1
2017.153	1
2017.175	1
2017.134	1
2017.093	1
2017.11	1
2017.238	1
2017.238	1
2017.148	1
2017.118	1
2017.584	1
2017.003	1
2017.162	1
2017.153	1
2017.14	1
2017.175	1
2017.184	1
2017.175	1
2016.989	1
2017	1
2017.277	1
2017.085	1
2017.195	1
2017.195	1
2017.408	1
2017.408	1
2017.027	1
2017.049	1
2017.085	1
2017.079	1
2017.148	1
2017.101	1
2017.186	1
2017.438	1
2017.06	1
2017.047	1
2017.121	1
2017.14	1
2017.14	1
2017.271	1
2017.195	1
2017.112	1
2017.132	1
2017.14	1
2017.063	1
2017.11	1
2017.036	1
2017.082	1
2017.534	1
2017.071	1
2017.071	1
2017.444	1
2017.427	1
2017.427	1
2017.392	1
2017.373	1
2017.43	1
2017.427	1
2017.43	1
2017.373	1
2017.427	1
2017.471	1
2017.145	1
2017.274	1
2017.274	1
2017.082	1
2017.159	1
2017.063	1
2017.258	1
2017.118	1
2017.038	1
2017.038	1
2017.041	1
2017.041	1
2017.003	1
2017.2	1
2017.162	1
2017.326	1
2017.386	1
2017.386	1
2017.255	1
2017.699	1
2017.677	1
2017.581	1
2017.564	1
2017.603	1
2017.603	1
2017.636	1
2017.636	1
2017.501	1
2017.433	1
2017.332	1
2017.858	1
2017.934	1
2017.934	1
2017.83	1
2017.877	1
2017.83	1
2017.83	1
2017.896	1
2017.8	1
2018.008	1
2018.11	1
2017.855	1
2017.855	1
2017.942	1
2017.945	1
2017.984	1
2017.901	1
2017.94	1
2018.022	1
2018.047	1
2017.912	1
2017.912	1
2018.096	1
2018.175	1
2018.175	1
2018.06	1
2018.085	1
2018.118	1
2018.014	1
2017.964	1
2017.967	1
2018.063	1
2018.063	1
2018	1
2018.038	1
2017.953	1
2017.838	1
2017.888	1
2017.899	1
2017.992	1
2017.836	1
2017.833	1
2017.838	1
2017.847	1
2017.899	1
2017.915	1
2017.863	1
2017.833	1
2017.986	1
2017.849	1
2018.079	1
2018	1
2018	1
2018.025	1
2017.995	1
2018	1
2017.778	1
2017.77	1
2017.827	1
2017.797	1
2017.827	1
2017.797	1
2017.901	1
2017.901	1
2017.836	1
2017.836	1
2018.03	1
2018.06	1
2017.956	1
2018.181	1
2017.989	1
2017.989	1
2018.019	1
2018.019	1
2018.129	1
2017.934	1
2017.318	1
2017.348	1
2017.356	1
2017.356	1
2017.57	1
2017.584	1
2017.26	1
2017.222	1
2017.375	1
2017.411	1
2017.452	1
2017.222	1
2017.222	1
2017.375	1
2017.452	1
2017.449	1
2018.005	1
2017.945	1
2017.825	1
2018.085	1
2017.745	1
2017.756	1
2017.756	1
2017.737	1
2017.849	1
2017.849	1
2017.94	1
2017.616	1
2017.704	1
2017.216	1
2017.216	1
2017.137	1
2016.967	1
2017.047	1
2017.038	1
2017.137	1
2017.195	1
2017.107	1
2017.107	1
2016.995	1
2017.167	1
2017.167	1
2017.258	1
2017.364	1
2017.362	1
2017.362	1
2017.373	1
2017.364	1
2017.364	1
2017.364	1
2017.37	1
2017.362	1
2017.375	1
2017.989	1
2017.959	1
2017.959	1
2017.959	1
2017.156	1
2017.57	1
2017.225	1
2017.142	1
2017.142	1
2017.071	1
2017.085	1
2017.153	1
2017.178	1
2017.178	1
2017.129	1
2017.142	1
2017.14	1
2017.137	1
2017.134	1
2017.186	1
2017.085	1
2017.184	1
2017.184	1
2017.274	1
2017.005	1
2017.159	1
2017.216	1
2017.079	1
2017.227	1
2017.227	1
2017.09	1
2017.266	1
2017.164	1
2017.164	1
2017.203	1
2017.17	1
2017.036	1
2017.31	1
2017.164	1
2017.14	1
2017.121	1
2017.088	1
2017.082	1
2017.038	1
2017.173	1
2017.175	1
2017.118	1
2017.148	1
2017.047	1
2017.348	1
2017.058	1
2017.058	1
2017.044	1
2017.036	1
2017.142	1
2017.142	1
2017.211	1
2017.211	1
2017.167	1
2017.088	1
2017.082	1
2017.359	1
2017.137	1
2017.241	1
2017.241	1
2017.564	1
2017.595	1
2017.611	1
2017.501	1
2017.655	1
2017.542	1
2017.545	1
2017.463	1
2017.482	1
2017.175	1
2017.485	1
2017.663	1
2017.315	1
2017.315	1
2016.981	1
2016.981	1
2016.975	1
2016.981	1
2016.981	1
2017.077	1
2017.142	1
2017.142	1
2017.164	1
2017.164	1
2017.14	1
2017.104	1
2017.082	1
2017.515	1
2017.307	1
2017.51	1
2017.523	1
2017.197	1
2017.197	1
2017.54	1
2017.54	1
2017.447	1
2017.425	1
2017.633	1
2017.633	1
2017.616	1
2017.521	1
2017.655	1
2017.986	1
2017.652	1
2017.164	1
2017.068	1
2017.068	1
2017.227	1
2017.068	1
2017.041	1
2017.082	1
2017.104	1
2017.079	1
2017.14	1
2017.052	1
2017.211	1
2017.022	1
2017.151	1
2017.225	1
2017.225	1
2017.479	1
2017.485	1
2017.195	1
2017.197	1
2017.195	1
2017.263	1
2017.121	1
2017.181	1
2017.181	1
2017.06	1
2017.384	1
2017.46	1
2017.452	1
2017.096	1
2017.096	1
2017.025	1
2017.033	1
2017.085	1
2017.427	1
2017.468	1
2017.11	1
2017.444	1
2017.052	1
2017.258	1
2017.153	1
2017.066	1
2017.066	1
2017.038	1
2017.312	1
2017.312	1
2017.189	1
2017.041	1
2017.041	1
2017.126	1
2017.236	1
2017.236	1
2017.195	1
2017.11	1
2017.162	1
2017.195	1
2017.214	1
2017.205	1
2017.052	1
2017.225	1
2017.079	1
2017.159	1
2017.077	1
2017.077	1
2017.153	1
2017.06	1
2017.507	1
2017.277	1
2017.49	1
2017.321	1
2017.321	1
2017.578	1
2017.622	1
2017.17	1
2017.126	1
2017.137	1
2017.132	1
2017.14	1
2017.134	1
2017.151	1
2017.142	1
2017.137	1
2017.118	1
2017.638	1
2017.729	1
2017.729	1
2017.844	1
2017.934	1
2017.877	1
2017.877	1
2016.975	1
2017.003	1
2017.09	1
2017.126	1
2017.14	1
2017.148	1
2017.123	1
2017.118	1
2017.181	1
2017.184	1
2017.162	1
2017.118	1
2017.148	1
2017.216	1
2017.14	1
2017.118	1
2017.208	1
2017.203	1
2017.23	1
2017.238	1
2017.238	1
2017.184	1
2017.211	1
2017.016	1
2017.29	1
2017.195	1
2017.195	1
2017.208	1
2016.992	1
2017.06	1
2017.052	1
2017.025	1
2017.118	1
2017.115	1
2017.112	1
2017.079	1
2017.082	1
2017.088	1
2017.088	1
2017.14	1
2017.137	1
2017.137	1
2017.137	1
2017.132	1
2017.129	1
2017.126	1
2017.175	1
2017.121	1
2017.118	1
2017.241	1
2017.151	1
2017.137	1
2016.973	1
2017.11	1
2017.173	1
2017.14	1
2017.318	1
2017.318	1
2017.479	1
2017.452	1
2017.11	1
2017.463	1
2017.241	1
2017.123	1
2017.312	1
2017.312	1
2017.101	1
2017.093	1
2017.027	1
2017.364	1
2017.534	1
2017.534	1
2017.126	1
2017.126	1
2017.121	1
2017.126	1
2017.085	1
2017.181	1
2017.175	1
2017.052	1
2017.066	1
2017.082	1
2017.079	1
2017.181	1
2017.104	1
2017.101	1
2017.214	1
2017.129	1
2017.044	1
2016.943	1
2017.181	1
2017.181	1
2017.173	1
2017.164	1
2017.167	1
2017.09	1
2017.071	1
2017.162	1
2017.162	1
2017.321	1
2017.142	1
2017.512	1
2017.537	1
2017.537	1
2017.666	1
2017.584	1
2017.655	1
2017.493	1
2017.493	1
2017.425	1
2017.425	1
2017.06	1
2017.197	1
2017.068	1
2017.03	1
2017.181	1
2017.008	1
2016.872	1
2016.937	1
2016.934	1
2017.123	1
2017.005	1
2017.027	1
2016.954	1
2017.047	1
2017.047	1
2017.005	1
2016.989	1
2016.937	1
2017.011	1
2016.489	1
2016.191	1
2016.765	1
2016.765	1
2016.765	1
2016.768	1
2016.781	1
2016.801	1
2016.801	1
2016.754	1
2016.754	1
2016.798	1
2016.784	1
2016.773	1
2016.779	1
2016.855	1
2016.773	1
2016.842	1
2016.79	1
2016.79	1
2016.82	1
2016.82	1
2016.792	1
2016.814	1
2016.831	1
2016.831	1
2016.872	1
2016.869	1
2016.869	1
2016.795	1
2016.798	1
2016.836	1
2016.795	1
2016.798	1
2016.798	1
2016.798	1
2017.008	1
2017.033	1
2017.175	1
2017.066	1
2017.022	1
2017.063	1
2016.902	1
2017.025	1
2016.926	1
2017.044	1
2017.008	1
2017.005	1
2017.044	1
2017.022	1
2016.989	1
2017.033	1
2017.052	1
2017.014	1
2017.085	1
2017.063	1
2017.129	1
2017.085	1
2017.025	1
2016.885	1
2016.88	1
2016.948	1
2016.989	1
2017.044	1
2017.025	1
2016.986	1
2017.025	1
2017.036	1
2017.079	1
2017.049	1
2016.989	1
2017.033	1
2017.049	1
2017.06	1
2017.049	1
2017.085	1
2017.049	1
2017.082	1
2017.049	1
2017.071	1
2017.329	1
2017.329	1
2016.992	1
2017.036	1
2017.047	1
2017.003	1
2016.986	1
2017.03	1
2017.101	1
2017.101	1
2017.23	1
2017.23	1
2016.992	1
2016.992	1
2017.063	1
2017.071	1
2017.175	1
2016.992	1
2017.063	1
2017.156	1
2017.041	1
2016.943	1
2016.937	1
2016.981	1
2017.022	1
2017.022	1
2016.948	1
2016.948	1
2016.91	1
2016.986	1
2017.003	1
2017.044	1
2017.085	1
2017.121	1
2017.071	1
2017.112	1
2016.943	1
2017.2	1
2016.981	1
2017.112	1
2017.2	1
2017.011	1
2017.008	1
2016.992	1
2016.995	1
2016.995	1
2016.986	1
2016.973	1
2017.033	1
2017.074	1
2017.052	1
2017.049	1
2017.022	1
2017.03	1
2017.03	1
2017.03	1
2017.03	1
2017.025	1
2017.082	1
2017.047	1
2017.033	1
2017.153	1
2017.041	1
2017.041	1
2017.022	1
2017.096	1
2017.008	1
2017.244	1
2017.241	1
2017.236	1
2017.049	1
2017.181	1
2017.09	1
2017.014	1
2016.992	1
2017.022	1
2017.104	1
2017.101	1
2017.052	1
2016.986	1
2017.101	1
2017.178	1
2017.11	1
2017.118	1
2016.995	1
2017.044	1
2017.041	1
2017.052	1
2017.09	1
2017.099	1
2017.101	1
2017.005	1
2017.145	1
2017.145	1
2017.151	1
2017.186	1
2017.192	1
2017.09	1
2017.06	1
2017.06	1
2017.06	1
2017	1
2017.104	1
2017.162	1
2017.162	1
2017.162	1
2016.902	1
2016.872	1
2017.068	1
2017.085	1
2017.071	1
2017.063	1
2017.079	1
2017.044	1
2017.047	1
2017.049	1
2017.068	1
2017.049	1
2016.986	1
2017.008	1
2017.09	1
2016.956	1
2017.033	1
2017.03	1
2017.071	1
2017.192	1
2017.063	1
2017.025	1
2016.899	1
2016.943	1
2016.948	1
2017.107	1
2016.948	1
2017.107	1
2016.992	1
2017.008	1
2016.967	1
2017.044	1
2017.049	1
2017.03	1
2017.03	1
2017.025	1
2017.014	1
2017.014	1
2017.022	1
2017.082	1
2017.068	1
2017.066	1
2017.068	1
2017.145	1
2017.044	1
2017.118	1
2017.049	1
2017.011	1
2016.986	1
2017.079	1
2017.186	1
2017.186	1
2016.964	1
2017.047	1
2017.085	1
2016.926	1
2016.926	1
2016.926	1
2017.005	1
2017.027	1
2016.926	1
2017.016	1
2017.027	1
2017.005	1
2017.033	1
2016.989	1
2017.008	1
2017.019	1
2017.008	1
2017.148	1
2017.137	1
2017.142	1
2017.145	1
2017.049	1
2017.118	1
2017.129	1
2017.164	1
2017.164	1
2017.049	1
2016.902	1
2017.066	1
2016.978	1
2017.085	1
2017.203	1
2017.129	1
2017.175	1
2017.227	1
2017.227	1
2017.025	1
2017.011	1
2017.005	1
2017.041	1
2017.044	1
2017.101	1
2017.014	1
2017.088	1
2017.17	1
2017.101	1
2017.085	1
2017.09	1
2017.033	1
2017.027	1
2017.107	1
2017.126	1
2017.115	1
2017.104	1
2017.104	1
2017.101	1
2017.156	1
2017.137	1
2017.077	1
2017.126	1
2017.107	1
2017.107	1
2017.099	1
2017.088	1
2017.082	1
2017.29	1
2016.937	1
2016.984	1
2016.986	1
2017.186	1
2017.126	1
2017.123	1
2016.954	1
2016.951	1
2016.995	1
2017.085	1
2017.085	1
2017.088	1
2017.175	1
2016.989	1
2017.214	1
2017.06	1
2017.027	1
2017.088	1
2017.197	1
2017.197	1
2017.027	1
2016.97	1
2017.044	1
2017.038	1
2017.03	1
2017.011	1
2017.085	1
2017.504	1
2017.222	1
2017.071	1
2017.071	1
2017.03	1
2017.041	1
2017.066	1
2017.164	1
2017.318	1
2017.022	1
2017.03	1
2016.986	1
2016.525	1
2016.525	1
2016.727	1
2016.73	1
2016.721	1
2016.724	1
2016.73	1
2016.743	1
2016.721	1
2016.724	1
2016.738	1
2016.986	1
2017.027	1
2017.027	1
2016.986	1
2016.986	1
2017.115	1
2016.915	1
2016.877	1
2016.915	1
2016.877	1
2017.025	1
2017.025	1
2017.118	1
2016.533	1
2016.511	1
2016.511	1
2016.511	1
2015.984	1
2015.984	1
2016.265	1
2016.836	1
2016.855	1
2016.601	1
2016.475	1
2016.328	1
2016.328	1
2016.754	1
2016.754	1
2016.287	1
2016.325	1
2016.861	1
2016.861	1
2016.954	1
2016.943	1
2016.943	1
2017.153	1
2017.153	1
2017.236	1
2017.216	1
2017.129	1
2017.107	1
2017.534	1
2017.474	1
2017.501	1
2017.31	1
2017.526	1
2017.534	1
2017.079	1
2017.079	1
2017.052	1
2016.639	1
2016.757	1
2016	1
2016.825	1
2016	1
2016.637	1
2016.604	1
2016.724	1
2016.724	1
2016.738	1
2016.738	1
2018.581	1
2016.612	1
2016.866	1
2016.861	1
2016.929	1
2016.945	1
2016.915	1
2016.915	1
2016.844	1
2016.628	1
2016.609	1
2016.691	1
2016.861	1
2016.363	1
2016.628	1
2016.287	1
2016.574	1
2016.126	1
2015.795	1
2016.719	1
2016.719	1
2016.639	1
2016.645	1
2016.631	1
2016.623	1
2016.383	1
2016.669	1
2016.486	1
2016.566	1
2016.68	1
2016.437	1
2016.929	1
2016.623	1
2016.623	1
2016.626	1
2016.62	1
2016.148	1
2015.666	1
2015.666	1
2016.593	1
2016.161	1
2016.142	1
2016.161	1
2016.574	1
2016.066	1
2016.066	1
2016.888	1
2016.997	1
2016.877	1
2016.967	1
2016.913	1
2016.915	1
2016.964	1
2016.951	1
2016.943	1
2017.014	1
2017.085	1
2017.014	1
2016.956	1
2017.052	1
2016.891	1
2017.077	1
2017.063	1
2016.899	1
2016.85	1
2016.975	1
2016.762	1
2016.801	1
2016.76	1
2016.743	1
2016.787	1
2016.781	1
2016.773	1
2016.76	1
2016.754	1
2016.768	1
2016.773	1
2016.776	1
2016.85	1
2016.852	1
2016.798	1
2016.866	1
2016.956	1
2017.159	1
2017.268	1
2016.951	1
2017.063	1
2017.025	1
2017.312	1
2017.312	1
2017.005	1
2017.014	1
2017.058	1
2017.381	1
2017.433	1
2017.047	1
2017.318	1
2017.238	1
2017.238	1
2017.219	1
2016.923	1
2017.101	1
2017.025	1
2016.934	1
2017.047	1
2016.915	1
2016.907	1
2016.948	1
2016.915	1
2016.872	1
2017.068	1
2017.011	1
2016.981	1
2016.981	1
2017.003	1
2017.06	1
2017.118	1
2017.118	1
2017.06	1
2016.91	1
2016.951	1
2016.959	1
2016.91	1
2017.162	1
2017.162	1
2016.992	1
2017.31	1
2017.238	1
2017.047	1
2017.37	1
2017.408	1
2016.877	1
2017.381	1
2017.09	1
2017.225	1
2016.956	1
2017.164	1
2017.164	1
2017.159	1
2017.049	1
2017.049	1
2017.09	1
2016.842	1
2016.874	1
2016.872	1
2016.612	1
2016.44	1
2016.44	1
2016.385	1
2016.478	1
2016.478	1
2016.869	1
2016.754	1
2016.746	1
2016.82	1
2016.388	1
2016.15	1
2016.817	1
2017.041	1
2017.041	1
2016.986	1
2017.189	1
2017.153	1
2017.03	1
2017.005	1
2016.757	1
2016.757	1
2016.481	1
2016.79	1
2016.79	1
2016.522	1
2016.648	1
2016.732	1
2016.801	1
2016.825	1
2016.53	1
2016.142	1
2016.219	1
2016.219	1
2016.781	1
2016.757	1
2016.522	1
2016.467	1
2016.486	1
2016.486	1
2016.768	1
2016.803	1
2016.814	1
2016.82	1
2016.855	1
2016.814	1
2016.806	1
2016.768	1
2016.855	1
2016.861	1
2016.869	1
2016.872	1
2016.525	1
2016.077	1
2016.09	1
2016.071	1
2016.071	1
2016.104	1
2016.689	1
2016.699	1
2016.437	1
2016.664	1
2016.484	1
2016.792	1
2016.757	1
2016.579	1
2016.432	1
2016.415	1
2016.607	1
2016.79	1
2016.784	1
2016.568	1
2016.79	1
2016.784	1
2016.781	1
2016.861	1
2016.852	1
2016.833	1
2016.53	1
2016.527	1
2016.648	1
2016.582	1
2016.762	1
2016.861	1
2016.836	1
2016.836	1
2016.836	1
2016.811	1
2016.82	1
2016.762	1
2016.801	1
2016.831	1
2016.852	1
2016.836	1
2016.568	1
2016.836	1
2016.702	1
2016.604	1
2016.648	1
2016.773	1
2016.607	1
2016.609	1
2016.467	1
2016.708	1
2016.708	1
2016.585	1
2016.582	1
2016.582	1
2016.582	1
2016.582	1
2016.82	1
2016.62	1
2016.754	1
2016.699	1
2016.615	1
2016.686	1
2016.686	1
2016.019	1
2016.842	1
2016.842	1
2016.792	1
2016.792	1
2016.716	1
2016.872	1
2016.872	1
2016.869	1
2016.609	1
2016.609	1
2016.669	1
2016.669	1
2016.803	1
2016.519	1
2016.519	1
2016.555	1
2016.738	1
2016.738	1
2016.757	1
2016.757	1
2016.795	1
2016.795	1
2016.814	1
2016.609	1
2016.609	1
2016.609	1
2016.609	1
2016.609	1
2016.609	1
2016.85	1
2016.803	1
2016.85	1
2016.792	1
2016.792	1
2016.522	1
2016.448	1
2016.601	1
2016.577	1
2016.486	1
2016.486	1
2016.366	1
2016.134	1
2016.164	1
2015.847	1
2016.107	1
2015.874	1
2016.317	1
2016.202	1
2016.093	1
2016.046	1
2016.085	1
2016.199	1
2016.085	1
2016.057	1
2015.992	1
2016.306	1
2016.295	1
2016.148	1
2016.128	1
2016.219	1
2016.18	1
2016.019	1
2016.016	1
2016.109	1
2016.077	1
2016.202	1
2015.948	1
2015.956	1
2016.183	1
2016.607	1
2016.607	1
2016.607	1
2016.607	1
2015.953	1
2015.619	1
2016.549	1
2016.549	1
2016.579	1
2015.959	1
2016.126	1
2015.764	1
2015.764	1
2015.688	1
2015.745	1
2015.786	1
2015.718	1
2015.71	1
2015.699	1
2015.688	1
2015.688	1
2015.871	1
2015.836	1
2016.781	1
2016.648	1
2016.765	1
2016.861	1
2016.73	1
2016.719	1
2016.719	1
2016.604	1
2016.604	1
2016.533	1
2016.869	1
2016.626	1
2016.582	1
2016.716	1
2016.585	1
2016.604	1
2016.825	1
2016.82	1
2016.533	1
2016.585	1
2016.582	1
2016.525	1
2016.601	1
2016.855	1
2016.855	1
2016.604	1
2016.53	1
2016.601	1
2016.62	1
2016.62	1
2016.59	1
2016.735	1
2016.735	1
2016.779	1
2016.839	1
2016.863	1
2016.863	1
2016.814	1
2016.852	1
2016.844	1
2016.689	1
2016.831	1
2016.689	1
2016.869	1
2016.869	1
2016.642	1
2016.831	1
2016.423	1
2015.874	1
2015.921	1
2015.945	1
2016.15	1
2016.153	1
2016.268	1
2016.09	1
2015.764	1
2015.764	1
2015.995	1
2015.995	1
2015.995	1
2015.688	1
2015.91	1
2016.068	1
2016.033	1
2016.724	1
2016.563	1
2016.607	1
2016.516	1
2016.705	1
2016.713	1
2016.749	1
2016.563	1
2016.549	1
2016.708	1
2016.68	1
2016.68	1
2016.697	1
2016.516	1
2016.123	1
2015.822	1
2016.011	1
2016.522	1
2016.612	1
2016.314	1
2016.183	1
2016.303	1
2016.544	1
2016.112	1
2015.858	1
2015.858	1
2016.246	1
2016.098	1
2016.093	1
2016.117	1
2016.273	1
2016.369	1
2016.273	1
2016.273	1
2016.273	1
2016.85	1
2016.467	1
2016.128	1
2016.525	1
2016.525	1
2016.281	1
2016.5	1
2016.344	1
2016.333	1
2015.918	1
2015.778	1
2015.778	1
2015.688	1
2016.158	1
2016.191	1
2015.91	1
2016.016	1
2016.049	1
2016.087	1
2016.066	1
2016.057	1
2016.12	1
2016.049	1
2016.066	1
2016.189	1
2015.868	1
2015.868	1
2015.764	1
2015.764	1
2016.456	1
2015.866	1
2016.216	1
2016.216	1
2015.805	1
2015.775	1
2015.778	1
2015.86	1
2015.863	1
2015.863	1
2016.249	1
2015.915	1
2015.715	1
2015.742	1
2016.016	1
2016.123	1
2015.94	1
2015.978	1
2015.986	1
2015.986	1
2016.03	1
2016.03	1
2016.604	1
2015.786	1
2016.71	1
2015.589	1
2015.586	1
2015.556	1
2015.559	1
2015.597	1
2015.666	1
2015.668	1
2015.647	1
2015.619	1
2015.666	1
2015.647	1
2015.701	1
2015.704	1
2015.693	1
2015.666	1
2015.748	1
2015.666	1
2015.729	1
2015.74	1
2015.773	1
2015.773	1
2015.773	1
2015.784	1
2015.764	1
2015.764	1
2015.701	1
2015.701	1
2015.707	1
2015.696	1
2015.688	1
2015.674	1
2015.825	1
2015.74	1
2015.792	1
2015.77	1
2015.855	1
2015.849	1
2015.849	1
2015.619	1
2015.74	1
2015.795	1
2015.63	1
2015.63	1
2015.625	1
2015.625	1
2015.586	1
2015.586	1
2015.729	1
2015.69	1
2015.69	1
2015.704	1
2015.704	1
2015.797	1
2015.792	1
2015.77	1
2015.773	1
2015.773	1
2015.773	1
2015.633	1
2015.74	1
2015.77	1
2015.833	1
2015.847	1
2015.901	1
2015.921	1
2015.789	1
2015.838	1
2015.808	1
2015.934	1
2015.934	1
2015.926	1
2015.923	1
2015.912	1
2015.759	1
2015.74	1
2015.921	1
2016.03	1
2015.915	1
2016.033	1
2016.033	1
2015.775	1
2016.03	1
2016.09	1
2016.049	1
2016.011	1
2015.915	1
2015.699	1
2016.117	1
2016.06	1
2016.09	1
2016.049	1
2015.723	1
2016.03	1
2016.085	1
2016.139	1
2016.109	1
2016.03	1
2015.688	1
2015.597	1
2015.556	1
2015.559	1
2015.586	1
2015.666	1
2015.573	1
2015.816	1
2016.033	1
2016.279	1
2016.279	1
2016.314	1
2016.361	1
2016.232	1
2016.525	1
2016.475	1
2016.481	1
2016.604	1
2016.525	1
2016.604	1
2016.541	1
2016.522	1
2016.522	1
2016.219	1
2016.186	1
2016.145	1
2015.989	1
2015.803	1
2015.666	1
2015.679	1
2016.53	1
2016.53	1
2016.257	1
2015.77	1
2016.161	1
2016.033	1
2015.655	1
2015.778	1
2016.366	1
2016.366	1
2016.639	1
2016.342	1
2016.09	1
2015.953	1
2015.847	1
2016.142	1
2016.219	1
2016.292	1
2016.224	1
2016.314	1
2016.224	1
2016.224	1
2016.055	1
2016.052	1
2016.052	1
2016.142	1
2015.97	1
2016.079	1
2016.087	1
2016.15	1
2016.145	1
2016.142	1
2016.186	1
2016.21	1
2016.257	1
2016.161	1
2015.756	1
2015.792	1
2016.104	1
2016.066	1
2015.762	1
2016.137	1
2016.279	1
2016.276	1
2016.279	1
2016.257	1
2016.32	1
2015.838	1
2015.951	1
2015.838	1
2016.208	1
2016.314	1
2016.216	1
2015.668	1
2015.734	1
2015.734	1
2015.764	1
2015.756	1
2015.874	1
2015.866	1
2015.882	1
2015.707	1
2015.893	1
2015.885	1
2015.871	1
2015.89	1
2015.879	1
2016.186	1
2016.295	1
2016.503	1
2016.161	1
2016.191	1
2016.279	1
2016.418	1
2016.418	1
2015.77	1
2015.77	1
2015.778	1
2015.855	1
2016.03	1
2015.888	1
2015.877	1
2016.115	1
2016.014	1
2016.036	1
2015.723	1
2015.775	1
2015.792	1
2015.729	1
2015.712	1
2015.723	1
2015.989	1
2015.989	1
2015.995	1
2015.992	1
2016.448	1
2016.443	1
2016.443	1
2015.718	1
2016.219	1
2016.762	1
2016.757	1
2016.716	1
2016.508	1
2016.527	1
2016.533	1
2016.59	1
2016.626	1
2016.527	1
2016.448	1
2016.497	1
2016.773	1
2016.863	1
2016.781	1
2016.601	1
2016.803	1
2016.566	1
2016.822	1
2016.781	1
2016.385	1
2016.516	1
2016.656	1
2016.656	1
2016.713	1
2016.76	1
2016.404	1
2016.445	1
2016.481	1
2016.445	1
2016.5	1
2016.658	1
2016.762	1
2016.828	1
2016.828	1
2016.445	1
2016.751	1
2016.574	1
2016.724	1
2016.817	1
2016.716	1
2016.716	1
2016.699	1
2016.699	1
2016.811	1
2016.828	1
2016.809	1
2016.658	1
2016.612	1
2016.699	1
2016.699	1
2016.699	1
2016.699	1
2016.699	1
2016.699	1
2016.699	1
2016.699	1
2016.699	1
2016.699	1
2016.699	1
2015.874	1
2015.973	1
2015.83	1
2016.183	1
2016.128	1
2016.15	1
2016.153	1
2016.15	1
2016.131	1
2016.107	1
2016.046	1
2016.262	1
2016.128	1
2015.992	1
2015.984	1
2015.97	1
2016.025	1
2015.992	1
2015.91	1
2016.5	1
2016.109	1
2016.555	1
2016.533	1
2016.533	1
2016.563	1
2016.563	1
2016.563	1
2016.552	1
2016.593	1
2016.434	1
2016.437	1
2016.284	1
2016.388	1
2016.388	1
2016.418	1
2016.292	1
2016.486	1
2016.418	1
2016.418	1
2016.418	1
2016.418	1
2016.186	1
2016.571	1
2016.56	1
2016.631	1
2015.893	1
2016.008	1
2015.893	1
2016.107	1
2016.085	1
2016.027	1
2016.199	1
2016.172	1
2016.172	1
2016.087	1
2016.109	1
2016.511	1
2016.227	1
2016.189	1
2016.189	1
2016.792	1
2016.792	1
2016.792	1
2016.792	1
2016.792	1
2016.792	1
2016.117	1
2016.393	1
2016.158	1
2016.246	1
2016.311	1
2016.377	1
2016.301	1
2016.303	1
2016.342	1
2016.352	1
2016.429	1
2016.429	1
2016.413	1
2016.492	1
2016.246	1
2016.295	1
2016.546	1
2016.421	1
2016.399	1
2016.418	1
2016.495	1
2016.429	1
2016.301	1
2016.309	1
2016.361	1
2016.415	1
2016.413	1
2016.413	1
2016.448	1
2016.38	1
2016.413	1
2016.26	1
2016.281	1
2016.481	1
2016.158	1
2016.26	1
2016.311	1
2016.309	1
2016.26	1
2016.309	1
2016.344	1
2016.322	1
2016.322	1
2016.399	1
2016.393	1
2016.26	1
2016.26	1
2016.309	1
2016.383	1
2015.956	1
2016.505	1
2016.126	1
2016.117	1
2016.079	1
2016.292	1
2016.342	1
2016.134	1
2015.934	1
2016.153	1
2016.189	1
2016.24	1
2016.486	1
2016.67	1
2016.582	1
2016.437	1
2016.038	1
2016.066	1
2016.066	1
2016.514	1
2016.423	1
2016.087	1
2016.074	1
2016.003	1
2016.158	1
2016.41	1
2016.41	1
2016.251	1
2016.355	1
2016.355	1
2016.451	1
2016.142	1
2016.038	1
2016.109	1
2016.314	1
2016.117	1
2016.189	1
2016.902	1
2017.118	1
2016.719	1
2017.041	1
2017.126	1
2017.104	1
2017.162	1
2016.926	1
2016.984	1
2017.408	1
2016.967	1
2016.964	1
2017.093	1
2017.063	1
2017.107	1
2017.079	1
2017.107	1
2017.099	1
2017.107	1
2017.107	1
2017.104	1
2017.025	1
2017.005	1
2017.03	1
2016.918	1
2016.981	1
2016.981	1
2017.085	1
2017.047	1
2017.178	1
2017.049	1
2017.06	1
2016.44	1
2016.451	1
2016.451	1
2016.451	1
2016.451	1
2016.451	1
2016.451	1
2016.451	1
2016.451	1
2016.451	1
2016.451	1
2016.451	1
2016.872	1
2016.951	1
2017.025	1
2017.011	1
2016.992	1
2017.148	1
2017.005	1
2016.899	1
2016.877	1
2016.877	1
2016.929	1
2016.907	1
2016.921	1
2016.973	1
2017.011	1
2016.984	1
2017.025	1
2016.97	1
2016.973	1
2016.915	1
2016.872	1
2017.06	1
2017.016	1
2016.973	1
2016.97	1
2016.915	1
2016.872	1
2017.003	1
2016.978	1
2017.255	1
2017.025	1
2017.03	1
2017.008	1
2016.97	1
2017.268	1
2017.263	1
2016.992	1
2017.036	1
2017.027	1
2016.981	1
2016.921	1
2016.921	1
2016.934	1
2016.918	1
2016.964	1
2016.97	1
2016.891	1
2017.068	1
2016.904	1
2016.904	1
2017.008	1
2017.052	1
2016.91	1
2016.954	1
2016.913	1
2016.91	1
2017.142	1
2016.918	1
2016.918	1
2017.044	1
2017.074	1
2017.082	1
2017.052	1
2017.052	1
2017.052	1
2016.997	1
2016.995	1
2016.997	1
2016.995	1
2016.981	1
2017.082	1
2017.121	1
2017.121	1
2016.951	1
2017.104	1
2016.94	1
2017.049	1
2017.049	1
2017.03	1
2017.036	1
2017.052	1
2016.948	1
2016.91	1
2017.142	1
2016.956	1
2016.929	1
2017.082	1
2016.888	1
2016.94	1
2017.005	1
2017.041	1
2017.085	1
2017.419	1
2017.556	1
2017.556	1
2017.203	1
2017.411	1
2017.104	1
2017.142	1
2017.011	1
2016.97	1
2016.964	1
2017.077	1
2017.096	1
2017.049	1
2016.926	1
2017.077	1
2017.066	1
2017.088	1
2017.003	1
2017.099	1
2017.022	1
2017.022	1
2017.066	1
2016.986	1
2017.049	1
2016.986	1
2016.97	1
2017.079	1
2017.03	1
2016.992	1
2017.06	1
2016.896	1
2017.115	1
2017.027	1
2016.913	1
2016.893	1
2017.014	1
2016.992	1
2017.014	1
2016.992	1
2017.041	1
2016.989	1
2016.929	1
2016.945	1
2017.003	1
2016.932	1
2017.068	1
2017.403	1
2017.329	1
2017.31	1
2017.123	1
2017.041	1
2017.145	1
2017.156	1
2017.156	1
2016.973	1
2016.934	1
2016.997	1
2016.997	1
2016.992	1
2017.06	1
2017.005	1
2017.101	1
2016.929	1
2017.118	1
2017.54	1
2017.392	1
2017.51	1
2016.964	1
2017.049	1
2016.964	1
2016.97	1
2017.085	1
2017.011	1
2017.011	1
2017.011	1
2016.896	1
2016.929	1
2016.951	1
2016.913	1
2016.902	1
2017.047	1
2016.926	1
2016.97	1
2016.967	1
2016.899	1
2016.913	1
2017.175	1
2016.934	1
2017.052	1
2016.913	1
2016.923	1
2016.984	1
2016.926	1
2017.022	1
2016.934	1
2016.915	1
2017.09	1
2017.118	1
2017.041	1
2016.948	1
2017.011	1
2017.027	1
2016.964	1
2016.967	1
2017.189	1
2017.189	1
2017.225	1
2017.34	1
2017.34	1
2017.351	1
2017.441	1
2017.444	1
2017.441	1
2017.353	1
2017.444	1
2017.43	1
2016.918	1
2016.989	1
2016.997	1
2017.025	1
2016.954	1
2017.005	1
2017.003	1
2016.937	1
2017.041	1
2017.005	1
2017.041	1
2016.893	1
2016.923	1
2016.989	1
2017.022	1
2017.14	1
2017.063	1
2017.068	1
2017.082	1
2016.984	1
2016.984	1
2017.984	1
2018.003	1
2017.003	1
2017.068	1
2017.082	1
2016.902	1
2017.107	1
2017.025	1
2016.934	1
2017.008	1
2017.008	1
2017.022	1
2016.981	1
2017.085	1
2016.926	1
2016.967	1
2016.97	1
2017.164	1
2017.022	1
2017.047	1
2017.195	1
2016.995	1
2017	1
2016.872	1
2016.872	1
2016.872	1
2017.071	1
2016.992	1
2016.989	1
2017.047	1
2016.929	1
2016.967	1
2016.973	1
2017.063	1
2016.959	1
2016.997	1
2016.956	1
2017.041	1
2016.995	1
2016.97	1
2016.937	1
2017.162	1
2017.162	1
2017.279	1
2017.279	1
2017.121	1
2017	1
2016.907	1
2016.932	1
2017.186	1
2016.989	1
2017.175	1
2017.005	1
2016.992	1
2017.06	1
2016.921	1
2017.159	1
2017.011	1
2017.123	1
2016.926	1
2017.008	1
2017.507	1
2017.507	1
2016.973	1
2016.975	1
2016.975	1
2017.951	1
2016.915	1
2016.945	1
2016.945	1
2016.967	1
2016.951	1
2017.003	1
2016.986	1
2016.973	1
2016.973	1
2016.959	1
2017.041	1
2017.008	1
2017.118	1
2016.973	1
2016.975	1
2016.959	1
2016.986	1
2016.986	1
2016.978	1
2016.913	1
2016.97	1
2016.967	1
2016.962	1
2017.132	1
2016.959	1
2016.959	1
2016.956	1
2016.951	1
2016.94	1
2016.934	1
2017.005	1
2017.003	1
2017.049	1
2017.011	1
2017.041	1
2016.973	1
2016.967	1
2017.049	1
2017.027	1
2017.027	1
2016.973	1
2016.967	1
2016.88	1
2017.104	1
2016.902	1
2017.063	1
2017.121	1
2016.929	1
2016.929	1
2016.948	1
2016.948	1
2017.079	1
2017.173	1
2017.173	1
2017.104	1
2017.104	1
2017.096	1
2017.082	1
2017.044	1
2016.885	1
2017.022	1
2016.831	1
2016.866	1
2016.902	1
2017.033	1
2017.041	1
2017.011	1
2017.003	1
2017.008	1
2016.907	1
2016.888	1
2016.907	1
2016.88	1
2016.899	1
2016.918	1
2016.964	1
2016.964	1
2016.995	1
2016.981	1
2016.975	1
2016.872	1
2016.872	1
2016.932	1
2016.929	1
2016.948	1
2016.863	1
2017.129	1
2016.552	1
2016.795	1
2017.022	1
2016.992	1
2017.06	1
2017.044	1
2017.03	1
2017.011	1
2016.907	1
2016.926	1
2016.989	1
2017.088	1
2017.104	1
2017.104	1
2017.008	1
2016.893	1
2017.06	1
2016.896	1
2017.052	1
2016.967	1
2017.071	1
2017.06	1
2017.011	1
2017	1
2017.115	1
2017.107	1
2016.883	1
2017.29	1
2017.118	1
2017.326	1
2016.948	1
2016.951	1
2016.951	1
2017.027	1
2017.101	1
2017.011	1
2016.984	1
2016.973	1
2016.978	1
2017.038	1
2016.954	1
2017.14	1
2016.899	1
2016.896	1
2016.932	1
2016.91	1
2016.888	1
2016.872	1
2016.926	1
2016.945	1
2016.91	1
2016.989	1
2016.899	1
2017.005	1
2017.156	1
2017.315	1
2016.995	1
2017.315	1
2017.181	1
2017.027	1
2017.041	1
2017.066	1
2016.932	1
2017.011	1
2016.964	1
2017.101	1
2016.934	1
2017.063	1
2017.104	1
2017.184	1
2017.195	1
2017.107	1
2017.107	1
2017.389	1
2017.351	1
2017.463	1
2017.258	1
2017.279	1
2016.948	1
2017.033	1
2016.934	1
2016.907	1
2016.896	1
2016.94	1
2016.956	1
2017.038	1
2016.896	1
2016.91	1
2016.992	1
2016.948	1
2016.948	1
2017.016	1
2017.162	1
2017.137	1
2017.129	1
2017.003	1
2017.014	1
2017.104	1
2017.06	1
2016.975	1
2016.934	1
2016.918	1
2016.915	1
2017.121	1
2017.156	1
2017.362	1
2016.948	1
2017.49	1
2016.945	1
2016.984	1
2017.022	1
2017.005	1
2016.751	1
2016.932	1
2016.929	1
2016.855	1
2016.784	1
2016.697	1
2016.888	1
2016.527	1
2016.678	1
2016.669	1
2016.836	1
2016.817	1
2016.817	1
2016.817	1
2016.817	1
2016.817	1
2016.817	1
2016.836	1
2016.836	1
2016.844	1
2016.833	1
2016.833	1
2017.101	1
2017.003	1
2017.238	1
2017.238	1
2017.214	1
2017.049	1
2016.885	1
2016.992	1
2016.992	1
2016.956	1
2016.956	1
2016.929	1
2016.954	1
2017.167	1
2016.932	1
2016.937	1
2016.956	1
2016.883	1
2016.926	1
2016.926	1
2016.926	1
2016.926	1
2016.945	1
2016.929	1
2016.891	1
2016.926	1
2017.03	1
2016.628	1
2016.642	1
2016.79	1
2016.929	1
2016.913	1
2017.022	1
2017.005	1
2016.94	1
2016.964	1
2016.964	1
2017.167	1
2016.981	1
2017.003	1
2017.603	1
2017.085	1
2016.948	1
2016.932	1
2016.932	1
2017.208	1
2017.162	1
2017.704	1
2016.973	1
2017.137	1
2017.54	1
2017.121	1
2017.112	1
2018.063	1
2018.142	1
2018.03	1
2017.57	1
2017.589	1
2018.011	1
2017.534	1
2017.534	1
2017.534	1
2017.622	1
2018.022	1
2018.041	1
2018.189	1
2018.022	1
2018.022	1
2018.041	1
2018.041	1
2018.079	1
2018.162	1
2018.047	1
2018.005	1
2018.019	1
2018.082	1
2018.005	1
2019.334	1
2018.252	1
2018.096	1
2018.085	1
2018.074	1
2018.085	1
2018.085	1
2018.068	1
2016.915	1
2016.872	1
2017.173	1
2017.033	1
2017.175	1
2017.721	1
2017.721	1
2017.521	1
2017.693	1
2017.504	1
2017.463	1
2017.488	1
2017.389	1
2017.721	1
2017.455	1
2017.595	1
2017.945	1
2017.586	1
2017.526	1
2017.781	1
2017.614	1
2017.945	1
2017.485	1
2017.186	1
2017.186	1
2017.148	1
2017.09	1
2016.954	1
2017.09	1
2017.104	1
2017.005	1
2017.099	1
2017.071	1
2017.003	1
2016.986	1
2017.044	1
2017.008	1
2017.022	1
2017.022	1
2017.022	1
2017.041	1
2017.181	1
2017.181	1
2016.877	1
2016.937	1
2016.934	1
2016.91	1
2016.995	1
2017.079	1
2017.03	1
2017.041	1
2017.088	1
2017.088	1
2017.088	1
2017.126	1
2017.214	1
2017.203	1
2017.195	1
2017.192	1
2017.156	1
2017.153	1
2017.142	1
2017.159	1
2017.159	1
2017.2	1
2017.126	1
2017.118	1
2017.115	1
2017.118	1
2017.11	1
2017.107	1
2017.104	1
2017.159	1
2017.156	1
2017.148	1
2017.14	1
2017.14	1
2017.137	1
2017.082	1
2017.129	1
2017.126	1
2017.123	1
2017.129	1
2017.129	1
2017.167	1
2017.164	1
2017.238	1
2017.238	1
2017.219	1
2017.214	1
2017.208	1
2017.2	1
2017.186	1
2017.184	1
2017.137	1
2017.101	1
2017.195	1
2016.872	1
2016.885	1
2016.97	1
2016.951	1
2016.951	1
2016.872	1
2016.932	1
2017.088	1
2016.956	1
2016.945	1
2016.926	1
2017.142	1
2017.195	1
2017.151	1
2017.197	1
2016.877	1
2017.011	1
2017.184	1
2016.964	1
2016.91	1
2017.123	1
2016.934	1
2017.011	1
2017.068	1
2017.06	1
2016.97	1
2016.934	1
2017.03	1
2017.03	1
2017.082	1
2017.047	1
2017.027	1
2016.986	1
2017.068	1
2016.995	1
2016.989	1
2017.104	1
2017.09	1
2017.052	1
2017.066	1
2017.216	1
2017.099	1
2017.011	1
2016.97	1
2017.159	1
2017.047	1
2016.945	1
2016.945	1
2016.992	1
2016.986	1
2017.104	1
2017.022	1
2017.005	1
2016.989	1
2017.104	1
2017.066	1
2017.063	1
2017.2	1
2017.134	1
2016.964	1
2017.044	1
2017.011	1
2017.2	1
2017.126	1
2017.121	1
2016.989	1
2017.195	1
2017.115	1
2017.115	1
2017.11	1
2017.041	1
2017.044	1
2017.203	1
2017.156	1
2017.205	1
2017.066	1
2017.148	1
2017.167	1
2017.044	1
2017.074	1
2017.071	1
2017.016	1
2017.049	1
2017.148	1
2017.126	1
2017.145	1
2016.992	1
2017.066	1
2017.153	1
2017.153	1
2017.77	1
2016.91	1
2017.003	1
2016.74	1
2016.861	1
2016.85	1
2017.066	1
2017.066	1
2017.181	1
2017.181	1
2017.181	1
2017.312	1
2017.148	1
2017.2	1
2017.184	1
2017.184	1
2016.926	1
2017.005	1
2016.964	1
2016.937	1
2017.038	1
2017.066	1
2016.992	1
2017.082	1
2017.063	1
2017.195	1
2017.31	1
2017.066	1
2017.085	1
2017.118	1
2017.008	1
2017.033	1
2017.192	1
2017.101	1
2017.159	1
2017.121	1
2017.077	1
2017.06	1
2016.934	1
2016.995	1
2016.973	1
2016.934	1
2017.044	1
2017.063	1
2016.88	1
2016.88	1
2016.904	1
2016.94	1
2016.94	1
2016.929	1
2017.101	1
2016.989	1
2017.088	1
2017.011	1
2017.205	1
2018	1
2017.142	1
2017.085	1
2017.03	1
2017.068	1
2016.88	1
2017.071	1
2017.052	1
2017.381	1
2017.181	1
2017.008	1
2016.855	1
2016.735	1
2016.831	1
2016.831	1
2016.833	1
2016.844	1
2016.836	1
2016.836	1
2016.842	1
2016.836	1
2016.869	1
2016.525	1
2016.82	1
2016.858	1
2016.82	1
2016.833	1
2016.855	1
2016.792	1
2016.825	1
2016.825	1
2016.825	1
2016.869	1
2016.869	1
2016.863	1
2016.872	1
2016.872	1
2016.574	1
2016.872	1
2016.872	1
2016.574	1
2016.208	1
2016.708	1
2016.577	1
2016.577	1
2017.608	1
2017.581	1
2016.437	1
2016.754	1
2016.781	1
2016.858	1
2016.863	1
2016.847	1
2016.847	1
2017.216	1
2017.06	1
2016.891	1
2017.896	1
2016.836	1
2017.093	1
2016.995	1
2016.918	1
2017.09	1
2017.068	1
2017.066	1
2017.058	1
2016.861	1
2016.702	1
2017.071	1
2017.118	1
2017.063	1
2016.989	1
2017.014	1
2016.959	1
2017.027	1
2017.014	1
2017.137	1
2017.074	1
2017.205	1
2017.205	1
2017.699	1
2017.195	1
2017.241	1
2017.238	1
2017.241	1
2017.203	1
2017.203	1
2017.099	1
2017.06	1
2016.964	1
2016.951	1
2016.964	1
2017.016	1
2017.016	1
2017.096	1
2017.674	1
2017.696	1
2017.71	1
2017.71	1
2017.805	1
2017.611	1
2017.8	1
2017.8	1
2017.805	1
2017.8	1
2017.803	1
2017.805	1
2017.8	1
2017.816	1
2017.8	1
2017.808	1
2017.674	1
2017.674	1
2017.852	1
2017.74	1
2017.674	1
2017.068	1
2016.907	1
2017.126	1
2017.597	1
2017.677	1
2017.677	1
2017.696	1
2017.581	1
2017.581	1
2017.712	1
2017.923	1
2018.71	1
2017.027	1
2017.715	1
2017.277	1
2017.121	1
2017.537	1
2017.049	1
2017.329	1
2017.09	1
2016.951	1
2017.082	1
2017.082	1
2017.088	1
2017.184	1
2017.205	1
2017.786	1
2017.773	1
2017.126	1
2017.129	1
2018.044	1
2018	1
2018	1
2017.066	1
2016.899	1
2016.899	1
2017.044	1
2017.236	1
2017.005	1
2017.203	1
2017.868	1
2017.197	1
2017.129	1
2017.178	1
2017.06	1
2017.06	1
2016.973	1
2017.11	1
2017.11	1
2017.628	1
2017.008	1
2017.159	1
2017.022	1
2017.022	1
2016.954	1
2016.954	1
2017.312	1
2017.181	1
2017.378	1
2016.978	1
2017.222	1
2017.205	1
2016.929	1
2016.929	1
2017.099	1
2016.992	1
2016.984	1
2017	1
2017.175	1
2016.91	1
2016.932	1
2016.91	1
2016.926	1
2016.913	1
2016.973	1
2016.932	1
2017.047	1
2016.929	1
2016.97	1
2016.872	1
2017.068	1
2017.038	1
2017.082	1
2017.101	1
2017.148	1
2017.225	1
2017.195	1
2017.184	1
2017.178	1
2017.225	1
2017.279	1
2016.872	1
2016.872	1
2017.195	1
2017.279	1
2017.022	1
2016.992	1
2016.989	1
2016.986	1
2017.068	1
2017.066	1
2017.066	1
2017.066	1
2017.066	1
2017.148	1
2017.101	1
2017.203	1
2017.014	1
2017.121	1
2017.126	1
2017.153	1
2017.126	1
2017.129	1
2017.112	1
2017.058	1
2017.088	1
2016.926	1
2017.041	1
2017.274	1
2017.274	1
2017.047	1
2017.005	1
2017.189	1
2017.189	1
2017.033	1
2017.704	1
2017.704	1
2017.077	1
2017.047	1
2017.197	1
2017.233	1
2017.025	1
2017.025	1
2017.066	1
2016.984	1
2016.951	1
2017.077	1
2016.937	1
2017.271	1
2016.973	1
2017.137	1
2017.041	1
2017.164	1
2017.167	1
2016.989	1
2017.049	1
2017.249	1
2017.249	1
2017.016	1
2017.332	1
2017.504	1
2017.504	1
2017.088	1
2016.986	1
2017.022	1
2016.992	1
2016.992	1
2016.956	1
2017.079	1
2017.049	1
2017.121	1
2017.145	1
2017.167	1
2017.123	1
2017.123	1
2017.638	1
2017.019	1
2017.019	1
2017.293	1
2016.872	1
2016.954	1
2017.005	1
2016.954	1
2016.948	1
2016.954	1
2017.104	1
2016.97	1
2017.055	1
2017.014	1
2016.989	1
2017.019	1
2016.929	1
2018	1
2017.052	1
2017.041	1
2017.041	1
2016.986	1
2016.986	1
2017.118	1
2016.956	1
2017.241	1
2017.219	1
2017.049	1
2017.175	1
2016.934	1
2016.934	1
2016.934	1
2016.934	1
2017.09	1
2017.37	1
2017.529	1
2017.564	1
2017.534	1
2017.468	1
2017.436	1
2016.997	1
2017.003	1
2017.025	1
2017.164	1
2017.145	1
2017.033	1
2017.384	1
2017.088	1
2017.093	1
2017.014	1
2016.945	1
2017.008	1
2017.027	1
2016.959	1
2017.033	1
2017.14	1
2017.044	1
2017.052	1
2016.907	1
2016.997	1
2017.153	1
2017.153	1
2017.216	1
2017.079	1
2017.14	1
2017.079	1
2017.233	1
2017.874	1
2017.811	1
2017.811	1
2017.666	1
2017.937	1
2018.096	1
2019.918	1
2017.723	1
2017.827	1
2017.699	1
2017.929	1
2017.723	1
2017.718	1
2017.723	1
2017.778	1
2017.778	1
2017.753	1
2017.751	1
2017.745	1
2017.666	1
2017.556	1
2017.718	1
2017.756	1
2017.543	1
2017.647	1
2017.732	1
2017.759	1
2017.91	1
2017.775	1
2017.967	1
2018.29	1
2017.97	1
2017.942	1
2018.058	1
2018.049	1
2018.038	1
2017.951	1
2018.164	1
2018.077	1
2018.019	1
2018.019	1
2017.97	1
2018.142	1
2017.734	1
2017.805	1
2017.803	1
2017.803	1
2017.674	1
2017.734	1
2017.729	1
2017.953	1
2017.792	1
2017.882	1
2017.882	1
2017.874	1
2018.066	1
2017.893	1
2018.162	1
2018	1
2017.523	1
2017.532	1
2018.03	1
2017.926	1
2018.249	1
2018.249	1
2017.534	1
2017.534	1
2017.762	1
2017.756	1
2017.756	1
2017.984	1
2018.041	1
2018.044	1
2017.97	1
2017.967	1
2017.633	1
2017.932	1
2017.833	1
2017.874	1
2017.77	1
2017.627	1
2017.658	1
2017.986	1
2017.923	1
2018.022	1
2017.907	1
2017.901	1
2017.942	1
2018.008	1
2018.063	1
2018.148	1
2017.17	1
2017.258	1
2017.159	1
2017.159	1
2017.584	1
2017.162	1
2017.022	1
2017.195	1
2017.016	1
2017.016	1
2016.899	1
2016.964	1
2017.005	1
2017.112	1
2016.926	1
2016.951	1
2016.967	1
2017.005	1
2016.956	1
2016.951	1
2016.948	1
2016.967	1
2017.005	1
2017.03	1
2017.011	1
2016.948	1
2016.902	1
2016.883	1
2016.902	1
2016.883	1
2017.175	1
2017.175	1
2017.003	1
2016.964	1
2017.027	1
2016.964	1
2016.945	1
2017.271	1
2017.271	1
2016.899	1
2017.101	1
2017.101	1
2017.482	1
2017.027	1
2017.033	1
2016.918	1
2017.008	1
2017.099	1
2016.899	1
2017.066	1
2017.033	1
2016.995	1
2017.082	1
2017.052	1
2016.967	1
2017.082	1
2017.137	1
2017.274	1
2017.274	1
2017.274	1
2017.025	1
2017.255	1
2017.066	1
2017.167	1
2017.151	1
2017.159	1
2017.175	1
2017.011	1
2016.932	1
2016.932	1
2017.082	1
2017.068	1
2017.005	1
2017.43	1
2017.416	1
2017.345	1
2017.279	1
2017.279	1
2017.126	1
2017.126	1
2017.211	1
2017.211	1
2017.118	1
2017.203	1
2016.929	1
2017.011	1
2017.008	1
2016.978	1
2017.047	1
2017.063	1
2017.016	1
2017.159	1
2017.052	1
2017.068	1
2017.068	1
2016.964	1
2017.216	1
2017.085	1
2017.334	1
2017.085	1
2017.085	1
2017.025	1
2017.025	1
2017.019	1
2017.386	1
2016.984	1
2017.044	1
2017.134	1
2017.008	1
2017.049	1
2017.068	1
2017.252	1
2017.252	1
2017.252	1
2017.027	1
2017.241	1
2017.249	1
2016.989	1
2017.03	1
2017.184	1
2017.26	1
2017.118	1
2017.118	1
2017.06	1
2017.033	1
2017.093	1
2017.315	1
2017.54	1
2017.175	1
2017.085	1
2017.085	1
2017.118	1
2017.118	1
2017.025	1
2017.148	1
2017.14	1
2017.178	1
2017.216	1
2017.255	1
2017.216	1
2017.304	1
2017.304	1
2017.342	1
2017.178	1
2017.047	1
2017.329	1
2017.134	1
2017.156	1
2017.247	1
2017.247	1
2017.005	1
2017.112	1
2017.14	1
2017.132	1
2017.121	1
2017.137	1
2017.214	1
2017.175	1
2017.164	1
2017.101	1
2017.129	1
2017.145	1
2017.271	1
2017.274	1
2017.274	1
2017.2	1
2017.121	1
2017.455	1
2017.455	1
2017.471	1
2017.471	1
2017.142	1
2017.142	1
2017.178	1
2017.178	1
2017.255	1
2017.088	1
2017.214	1
2017.184	1
2017.148	1
2017.241	1
2017.06	1
2017.06	1
2017.06	1
2017.175	1
2017.156	1
2017.104	1
2017.104	1
2017.151	1
2017.222	1
2017.249	1
2017.241	1
2017.238	1
2017.214	1
2017.2	1
2017.197	1
2017.2	1
2017.052	1
2016.975	1
2017.06	1
2017.09	1
2017.074	1
2017.09	1
2017.06	1
2017.123	1
2017.118	1
2017.162	1
2017.148	1
2017.142	1
2017.11	1
2017.06	1
2018.008	1
2017.901	1
2018.485	1
2018.474	1
2018.474	1
2017.31	1
2017.31	1
2017.052	1
2017.044	1
2017.104	1
2017.068	1
2018.211	1
2018.249	1
2018.249	1
2017.386	1
2017.63	1
2017.926	1
2017.899	1
2018.044	1
2018.107	1
2017.789	1
2017.827	1
2017.827	1
2017.622	1
2017.6	1
2017.789	1
2017.671	1
2017.699	1
2017.874	1
2018.222	1
2018.093	1
2018.099	1
2018.099	1
2018.192	1
2018.211	1
2017.984	1
2017.984	1
2018.23	1
2018.23	1
2018.252	1
2018.252	1
2018.274	1
2018.197	1
2017.836	1
2017.836	1
2018.063	1
2018.085	1
2018.063	1
2018	1
2018	1
2018	1
2017.721	1
2018.019	1
2018.052	1
2018.066	1
2018.058	1
2018.184	1
2018	1
2018.233	1
2019.381	1
2019.214	1
2019.205	1
2019.2	1
2018.121	1
2018.159	1
2018.2	1
2018.2	1
2018.077	1
2018.077	1
2018.068	1
2018.058	1
2018.307	1
2018.31	1
2018.31	1
2018.178	1
2018.068	1
2019.247	1
2018.142	1
2018.282	1
2018.359	1
2017.693	1
2018.197	1
2018.047	1
2018.115	1
2018	1
2018	1
2018.101	1
2018.101	1
2018.096	1
2018.077	1
2018.085	1
2018.022	1
2017.866	1
2017.868	1
2017.934	1
2017.893	1
2017.868	1
2017.97	1
2018.044	1
2018.047	1
2018.008	1
2018.044	1
2018.044	1
2018.06	1
2018.044	1
2018.104	1
2018.044	1
2018.079	1
2018.126	1
2018.126	1
2018.126	1
2018.049	1
2018.266	1
2018.101	1
2018.052	1
2018.052	1
2018.178	1
2018.274	1
2018	1
2018.274	1
2018.104	1
2018.178	1
2017.967	1
2017.97	1
2018.088	1
2018.008	1
2018.049	1
2017.742	1
2017.688	1
2017.814	1
2017.74	1
2018.145	1
2018.022	1
2018.068	1
2018.312	1
2018.312	1
2017.784	1
2018.044	1
2018.068	1
2018	1
2018	1
2018.068	1
2018.085	1
2018	1
2018	1
2018.156	1
2018	1
2018	1
2018.241	1
2018.441	1
2018.441	1
2018.441	1
2018.222	1
2018.222	1
2018.068	1
2018.068	1
2018.153	1
2018.153	1
2018.249	1
2018.159	1
2017.904	1
2017.907	1
2017.904	1
2018.016	1
2018.101	1
2018.016	1
2018.236	1
2018.101	1
2018.041	1
2018.252	1
2018.332	1
2018.178	1
2018.178	1
2018.236	1
2018.068	1
2018.167	1
2018.216	1
2018.255	1
2018.178	1
2018.17	1
2019.022	1
2019.022	1
2018.132	1
2018.115	1
2018.458	1
2017.877	1
2017.89	1
2019.005	1
2017.663	1
2017.742	1
2017.628	1
2017.625	1
2017.674	1
2017.597	1
2017.888	1
2017.668	1
2017.625	1
2017.666	1
2018.085	1
2018.088	1
2017.704	1
2017.641	1
2017.721	1
2017.888	1
2017.682	1
2017.819	1
2017.356	1
2017.633	1
2017.679	1
2017.679	1
2018.019	1
2017.948	1
2017.948	1
2018.03	1
2018.312	1
2018.559	1
2018.559	1
2018.395	1
2018.332	1
2018.332	1
2018.403	1
2018.403	1
2018.414	1
2018.414	1
2018.384	1
2018.395	1
2018.395	1
2018.441	1
2018.556	1
2018.556	1
2018.082	1
2018.085	1
2018.512	1
2018	1
2017.619	1
2017.364	1
2017.364	1
2017.614	1
2018.008	1
2018.192	1
2018.025	1
2017.932	1
2017.932	1
2018.173	1
2018.173	1
2017.885	1
2017.885	1
2017.866	1
2017.973	1
2017.863	1
2017.921	1
2017.847	1
2017.888	1
2017.904	1
2017.797	1
2017.797	1
2017.918	1
2017.918	1
2017.564	1
2017.564	1
2017.564	1
2018.142	1
2017.948	1
2018.019	1
2018.06	1
2017.447	1
2018.173	1
2018.173	1
2017.937	1
2017.866	1
2017.923	1
2018.003	1
2018.025	1
2017.877	1
2017.877	1
2018.156	1
2018.047	1
2018.06	1
2018.145	1
2018.101	1
2017.989	1
2017.871	1
2017.866	1
2017.855	1
2018.058	1
2018.096	1
2017.964	1
2017.967	1
2018.121	1
2017.836	1
2018.008	1
2017.789	1
2017.789	1
2017.784	1
2017.534	1
2017.523	1
2018.562	1
2018.51	1
2018.468	1
2018.499	1
2018.507	1
2018.54	1
2018.496	1
2018.444	1
2018.441	1
2018.011	1
2018.058	1
2018.06	1
2018.096	1
2018.145	1
2018.123	1
2018.474	1
2018.474	1
2018.548	1
2018.548	1
2018.562	1
2018.562	1
2018.016	1
2017.614	1
2017.608	1
2017.603	1
2018.268	1
2018.268	1
2018.099	1
2018.425	1
2019.504	1
2019.504	1
2018.452	1
2018.164	1
2018.277	1
2018.255	1
2018.255	1
2018.649	1
2018.422	1
2018.559	1
2018.559	1
2018.753	1
2018.655	1
2018.515	1
2018.515	1
2018.66	1
2018.636	1
2018.485	1
2018.485	1
2018.575	1
2018.595	1
2018.471	1
2018	1
2018.586	1
2018.586	1
2019.548	1
2019.548	1
2018.652	1
2018.652	1
2018.452	1
2019.29	1
2019.29	1
2019.036	1
2019.019	1
2018.926	1
2018.926	1
2019.019	1
2019.036	1
2019.036	1
2018.488	1
2018.488	1
2018.348	1
2018.537	1
2018.466	1
2018.249	1
2018.049	1
2017.871	1
2018.016	1
2018.104	1
2017.953	1
2017.937	1
2017.866	1
2017.962	1
2017.97	1
2017.989	1
2018.025	1
2017.986	1
2017.967	1
2017.94	1
2017.899	1
2017.967	1
2017.97	1
2018.003	1
2017.962	1
2017.992	1
2017.97	1
2017.989	1
2017.866	1
2018.008	1
2017.989	1
2017.978	1
2018.005	1
2018.085	1
2018.208	1
2017.97	1
2017.562	1
2018.066	1
2018.005	1
2017.811	1
2018.088	1
2018.025	1
2017.318	1
2018.296	1
2018.142	1
2018.016	1
2018.077	1
2018.142	1
2018.142	1
2018.351	1
2018.175	1
2017.882	1
2018.022	1
2018.022	1
2017.973	1
2018.047	1
2018.077	1
2017.904	1
2017.904	1
2017.841	1
2017.852	1
2017.855	1
2017.855	1
2017.951	1
2017.932	1
2017.932	1
2017.951	1
2017.932	1
2017.932	1
2018	1
2018.164	1
2018.164	1
2018.011	1
2018.079	1
2018.121	1
2017.241	1
2017.296	1
2017.329	1
2017.488	1
2017.521	1
2017.348	1
2017.521	1
2017.425	1
2017.605	1
2017.625	1
2017.504	1
2017.482	1
2017.425	1
2017.795	1
2017.778	1
2017.753	1
2017.805	1
2017.756	1
2017.778	1
2017.753	1
2017.795	1
2017.811	1
2017.811	1
2017.312	1
2017.655	1
2017.66	1
2017.553	1
2017.523	1
2017.644	1
2017.652	1
2017.627	1
2017.605	1
2017.548	1
2017.534	1
2017.603	1
2017.529	1
2017.644	1
2017.658	1
2017.608	1
2017.644	1
2017.636	1
2017.827	1
2017.729	1
2017.827	1
2017.597	1
2017.521	1
2017.693	1
2017.537	1
2017.636	1
2017.638	1
2017.603	1
2017.581	1
2018.049	1
2017.63	1
2017.633	1
2017.611	1
2017.608	1
2017.416	1
2017.904	1
2017.674	1
2017.915	1
2017.973	1
2018.142	1
2018.137	1
2017.964	1
2017.921	1
2018.066	1
2017.852	1
2017.852	1
2017.97	1
2018.099	1
2018.159	1
2018.255	1
2018.255	1
2017.879	1
2018.058	1
2017.879	1
2018.318	1
2018.293	1
2018.312	1
2018.318	1
2018.312	1
2018.293	1
2018.011	1
2017.734	1
2017.679	1
2017.866	1
2017.866	1
2018	1
2018	1
2018.03	1
2017.655	1
2017.29	1
2018.164	1
2018.041	1
2017.995	1
2017.751	1
2017.896	1
2017.981	1
2017.863	1
2017.981	1
2018.088	1
2018.145	1
2017.833	1
2017.833	1
2017.874	1
2017.907	1
2017.915	1
2017.915	1
2017.855	1
2017.995	1
2018.019	1
2017.855	1
2017.915	1
2017.778	1
2017.795	1
2017.808	1
2017.778	1
2017.808	1
2017.682	1
2017.732	1
2017.699	1
2017.666	1
2017.732	1
2018.112	1
2018.005	1
2018.375	1
2018.123	1
2018.123	1
2017.679	1
2018.118	1
2017.625	1
2017.647	1
2018.121	1
2017.923	1
2017.973	1
2017.981	1
2018.184	1
2017.43	1
2018.003	1
2018.263	1
2018.26	1
2018.521	1
2018.263	1
2018.351	1
2018.553	1
2018.022	1
2018.019	1
2018.06	1
2018.082	1
2018	1
2017.764	1
2017.764	1
2018.216	1
2018.099	1
2017.841	1
2017.844	1
2017.836	1
2017.874	1
2017.847	1
2017.885	1
2017.866	1
2017.885	1
2017.882	1
2017.885	1
2017.879	1
2017.868	1
2017.888	1
2017.877	1
2017.836	1
2017.877	1
2017.932	1
2017.912	1
2017.907	1
2017.836	1
2017.94	1
2017.868	1
2017.89	1
2017.948	1
2017.874	1
2017.844	1
2017.962	1
2017.896	1
2017.967	1
2017.992	1
2018.003	1
2017.989	1
2017.984	1
2017.986	1
2017.986	1
2018	1
2017.942	1
2017.986	1
2018.063	1
2017.896	1
2017.956	1
2018.036	1
2017.868	1
2017.934	1
2017.94	1
2017.942	1
2017.926	1
2017.877	1
2018.068	1
2018.068	1
2018.085	1
2018.025	1
2018.121	1
2018.184	1
2018.197	1
2018.203	1
2018.17	1
2018.312	1
2018.312	1
2018.173	1
2018.104	1
2017.986	1
2018.288	1
2018.288	1
2018.022	1
2018.022	1
2017.964	1
2017.992	1
2018.181	1
2018.025	1
2018.082	1
2018.041	1
2018.118	1
2018.041	1
2017.575	1
2017.655	1
2017.625	1
2017.6	1
2017.641	1
2017.638	1
2017.619	1
2017.625	1
2017.679	1
2017.66	1
2017.66	1
2017.712	1
2017.732	1
2017.737	1
2017.707	1
2017.682	1
2017.748	1
2017.732	1
2017.732	1
2017.726	1
2017.688	1
2017.756	1
2017.649	1
2017.795	1
2017.767	1
2017.781	1
2017.756	1
2017.759	1
2017.756	1
2017.795	1
2017.773	1
2017.805	1
2017.77	1
2017.784	1
2017.792	1
2017.726	1
2017.797	1
2017.756	1
2017.732	1
2017.732	1
2017.816	1
2017.808	1
2017.748	1
2017.707	1
2017.707	1
2017.756	1
2017.822	1
2017.797	1
2017.789	1
2017.805	1
2017.795	1
2017.795	1
2017.764	1
2017.773	1
2017.805	1
2017.748	1
2017.712	1
2017.83	1
2017.753	1
2017.792	1
2017.814	1
2017.737	1
2018.079	1
2018.112	1
2018.047	1
2018.099	1
2018.123	1
2018.099	1
2017.975	1
2018.022	1
2017.97	1
2018.008	1
2017.97	1
2018.118	1
2017.992	1
2018.027	1
2018.079	1
2018.027	1
2017.748	1
2017.803	1
2017.827	1
2017.934	1
2017.838	1
2018.101	1
2018.175	1
2018.175	1
2018.321	1
2018.321	1
2017.811	1
2018	1
2018.025	1
2017.699	1
2017.699	1
2017.871	1
2017.877	1
2017.912	1
2017.877	1
2017.778	1
2017.778	1
2017.778	1
2017.778	1
2017.778	1
2017.778	1
2018.025	1
2017.97	1
2018.126	1
2018.079	1
2018.129	1
2018.019	1
2018.079	1
2018.137	1
2018.137	1
2018.079	1
2017.767	1
2017.767	1
2018.025	1
2018.271	1
2017.732	1
2017.992	1
2018.003	1
2018.058	1
2018.121	1
2018.079	1
2018.068	1
2018.066	1
2018.063	1
2018.038	1
2018.099	1
2018.099	1
2018.093	1
2018.077	1
2018.082	1
2018.134	1
2018.123	1
2017.742	1
2017.811	1
2017.811	1
2018.063	1
2018.036	1
2018.036	1
2018.137	1
2018.008	1
2017.822	1
2018	1
2018.003	1
2017.932	1
2018.151	1
2018.192	1
2018.118	1
2017.625	1
2017.97	1
2017.822	1
2017.666	1
2017.666	1
2018	1
2017.756	1
2017.756	1
2018.101	1
2017.97	1
2018.093	1
2018.016	1
2017.904	1
2018.121	1
2018.003	1
2017.934	1
2018.06	1
2018.088	1
2017.964	1
2017.964	1
2017.989	1
2017.992	1
2017.989	1
2018.058	1
2018.044	1
2018.063	1
2018.063	1
2017.847	1
2017.847	1
2018.096	1
2018.096	1
2018.068	1
2018.11	1
2018.11	1
2018.123	1
2018.11	1
2018.107	1
2018.085	1
2018.049	1
2018.236	1
2018.236	1
2018.134	1
2018.096	1
2018.077	1
2017.964	1
2018	1
2018	1
2017.866	1
2017.847	1
2017.97	1
2018.003	1
2017.808	1
2017.808	1
2017.923	1
2018.077	1
2018.005	1
2017.973	1
2018.096	1
2018.121	1
2018.033	1
2017.962	1
2018.063	1
2017.921	1
2018.145	1
2018.145	1
2018.145	1
2017.592	1
2017.608	1
2017.592	1
2017.584	1
2017.575	1
2017.581	1
2017.995	1
2018.003	1
2018.005	1
2018.101	1
2017.956	1
2018.219	1
2018.219	1
2017.912	1
2018.041	1
2017.89	1
2018.014	1
2018.008	1
2018.005	1
2017.896	1
2017.786	1
2017.792	1
2017.792	1
2017.833	1
2017.679	1
2017.773	1
2017.679	1
2018.06	1
2018.063	1
2017.753	1
2017.792	1
2017.83	1
2018.077	1
2017.816	1
2018.181	1
2018.192	1
2018.203	1
2018.203	1
2018.301	1
2018.312	1
2018.26	1
2017.942	1
2018.2	1
2018.175	1
2018.137	1
2018.118	1
2018.014	1
2018.014	1
2017.964	1
2018.132	1
2018.085	1
2017.937	1
2018.132	1
2017.986	1
2017.962	1
2017.986	1
2017.986	1
2018.195	1
2018.121	1
2018.375	1
2018.126	1
2018.351	1
2018.351	1
2017.962	1
2017.956	1
2018.027	1
2018.041	1
2018.058	1
2018.104	1
2018.06	1
2018.041	1
2018.14	1
2018.011	1
2018.005	1
2018.088	1
2018.088	1
2018.088	1
2018.137	1
2018.038	1
2017.97	1
2018.178	1
2018.175	1
2018.173	1
2018.137	1
2018	1
2018.052	1
2018.058	1
2018.041	1
2018.022	1
2018.047	1
2018.044	1
2017.945	1
2017.964	1
2017.956	1
2017.956	1
2017.942	1
2017.951	1
2017.967	1
2017.97	1
2017.97	1
2017.975	1
2017.989	1
2017.964	1
2017.967	1
2017.981	1
2018.038	1
2017.997	1
2018.033	1
2018.058	1
2018.058	1
2018.058	1
2018.025	1
2018.022	1
2018.101	1
2018.036	1
2018.058	1
2018.071	1
2018.071	1
2018.047	1
2018.162	1
2018.162	1
2018.175	1
2018.088	1
2018.055	1
2018.134	1
2018.041	1
2018.038	1
2018.107	1
2017.521	1
2017.981	1
2018.214	1
2018.216	1
2018.216	1
2017.934	1
2018.153	1
2018.047	1
2018.126	1
2018.082	1
2018.153	1
2018.181	1
2018.181	1
2018.071	1
2017.956	1
2018.005	1
2018.025	1
2018.142	1
2018.137	1
2018.066	1
2018.044	1
2018.134	1
2018.085	1
2017.962	1
2018.022	1
2017.995	1
2017.986	1
2017.995	1
2017.986	1
2017.879	1
2018.079	1
2018.058	1
2017.871	1
2017.885	1
2017.871	1
2018.019	1
2017.956	1
2018.077	1
2017.989	1
2018.019	1
2017.827	1
2017.827	1
2017.827	1
2017.984	1
2017.901	1
2017.901	1
2017.959	1
2018.173	1
2018.173	1
2018.137	1
2018.137	1
2018.104	1
2018.016	1
2018.019	1
2018	1
2018.008	1
2018.005	1
2017.868	1
2017.858	1
2017.858	1
2018.008	1
2018.008	1
2018.022	1
2017.805	1
2017.795	1
2017.795	1
2017.795	1
2018.145	1
2017.764	1
2017.83	1
2017.83	1
2018.115	1
2017.723	1
2017.71	1
2017.778	1
2017.723	1
2017.778	1
2017.904	1
2018.285	1
2018.088	1
2018.118	1
2017.989	1
2017.986	1
2018.041	1
2017.91	1
2017.945	1
2018.063	1
2017.814	1
2017.83	1
2017.814	1
2017.803	1
2017.803	1
2017.995	1
2017.715	1
2017.715	1
2018.118	1
2018.066	1
2018.022	1
2018.211	1
2018	1
2017.91	1
2018.071	1
2018.049	1
2018.145	1
2018.145	1
2018.255	1
2018.192	1
2018.192	1
2017.874	1
2018.367	1
2018.107	1
2017.871	1
2018.178	1
2018.005	1
2017.896	1
2018.052	1
2017.74	1
2017.74	1
2017.904	1
2017.956	1
2017.967	1
2017.967	1
2017.814	1
2017.814	1
2018.096	1
2017.748	1
2017.753	1
2017.753	1
2018.096	1
2018.142	1
2017.419	1
2018.077	1
2018.022	1
2018.145	1
2017.871	1
2018.101	1
2017.923	1
2018.047	1
2018.063	1
2017.934	1
2017.934	1
2018.115	1
2018.178	1
2018.033	1
2018.005	1
2018.079	1
2018.079	1
2018.079	1
2018.047	1
2018.047	1
2018.03	1
2018.153	1
2018.11	1
2018.142	1
2017.967	1
2017.967	1
2018.022	1
2018.052	1
2018.14	1
2018.137	1
2017.953	1
2018.041	1
2018.063	1
2018.058	1
2017.852	1
2017.871	1
2017.871	1
2017.97	1
2018.03	1
2017.995	1
2017.995	1
2018.153	1
2018.003	1
2018.058	1
2018.118	1
2018.123	1
2017.882	1
2017.882	1
2018.107	1
2018.005	1
2018.06	1
2018.288	1
2018.288	1
2018.263	1
2018.263	1
2018.271	1
2018.285	1
2018.285	1
2019.707	1
2019.696	1
2018.2	1
2018.2	1
2018.953	1
2018.953	1
2018.986	1
2019.005	1
2018.986	1
2019.005	1
2019.104	1
2019.46	1
2019.101	1
2018.822	1
2018.921	1
2018.921	1
2018.959	1
2019.438	1
2019.266	1
2018.871	1
2018.904	1
2018.904	1
2018.877	1
2018.838	1
2018.838	1
2018.858	1
2018.858	1
2018.803	1
2018.803	1
2017.501	1
2017.786	1
2017.786	1
2017.786	1
2017.921	1
2017.918	1
2017.953	1
2017.953	1
2017.986	1
2017.992	1
2018.022	1
2018.038	1
2018.14	1
2018.14	1
2018.211	1
2018.211	1
2018.085	1
2017.836	1
2018.153	1
2018.019	1
2018.099	1
2017.973	1
2017.545	1
2017.773	1
2017.767	1
2017.767	1
2017.663	1
2017.986	1
2017.956	1
2018.126	1
2017.847	1
2017.997	1
2018.049	1
2017.816	1
2017.907	1
2017.964	1
2018.118	1
2018.112	1
2018.107	1
2018.115	1
2017.83	1
2018.079	1
2017.751	1
2017.734	1
2017.734	1
2018.236	1
2018.167	1
2018.027	1
2018.03	1
2018.049	1
2018.003	1
2017.951	1
2018.038	1
2018.077	1
2018.049	1
2018.011	1
2018.066	1
2018.052	1
2018.027	1
2017.967	1
2018.077	1
2018.151	1
2017.636	1
2017.636	1
2017.636	1
2017.636	1
2017.636	1
2017.636	1
2017.636	1
2017.636	1
2017.636	1
2017.636	1
2017.636	1
2017.97	1
2017.97	1
2018	1
2017.948	1
2018.049	1
2018.063	1
2017.923	1
2017.904	1
2017.899	1
2017.852	1
2017.912	1
2017.899	1
2018.266	1
2018.238	1
2018.266	1
2018.392	1
2018.392	1
2017.945	1
2017.882	1
2017.882	1
2018.077	1
2018.195	1
2018.195	1
2018.247	1
2018.351	1
2018.351	1
2018.14	1
2018.041	1
2018.132	1
2018.159	1
2018.288	1
2018.307	1
2018.312	1
2017.986	1
2018.307	1
2018.312	1
2018.159	1
2018.068	1
2018.31	1
2018.31	1
2018.005	1
2018	1
2018.216	1
2018.033	1
2018.362	1
2018.362	1
2018.121	1
2018.121	1
2018.107	1
2018.142	1
2018.142	1
2018.101	1
2017.781	1
2017.781	1
2017.781	1
2017.781	1
2018.047	1
2018	1
2018	1
2018.082	1
2018.099	1
2018.099	1
2017.967	1
2018	1
2018.005	1
2018.005	1
2017.959	1
2017.951	1
2017.874	1
2017.995	1
2017.685	1
2017.685	1
2017.685	1
2017.499	1
2017.529	1
2017.529	1
2018.005	1
2018.005	1
2018.044	1
2018.047	1
2018.06	1
2018.055	1
2018.047	1
2017.989	1
2018.101	1
2018.077	1
2018.214	1
2018.096	1
2018.173	1
2018.164	1
2018.164	1
2018.197	1
2017.975	1
2017.975	1
2018.137	1
2018.29	1
2018.099	1
2018.164	1
2018.216	1
2018.211	1
2018.132	1
2018.211	1
2018.164	1
2018.216	1
2018.099	1
2018.216	1
2018.258	1
2018.258	1
2018.203	1
2018.151	1
2018.151	1
2018.085	1
2018.008	1
2018	1
2018.173	1
2018.099	1
2018.099	1
2018.099	1
2018.156	1
2018.129	1
2018.203	1
2017.912	1
2018.047	1
2018.003	1
2017.786	1
2017.786	1
2018.145	1
2017.592	1
2017.674	1
2017.967	1
2018.077	1
2018.137	1
2017.51	1
2018.463	1
2018.512	1
2018.655	1
2018.447	1
2018.49	1
2018.49	1
2018.43	1
2018.43	1
2018.482	1
2018.482	1
2018.501	1
2018.581	1
2018.564	1
2018.564	1
2018.041	1
2018.025	1
2018.055	1
2018.06	1
2018.06	1
2017.468	1
2017.468	1
2017.704	1
2017.641	1
2018.033	1
2018.033	1
2018	1
2018	1
2018.175	1
2018.175	1
2018.4	1
2018.54	1
2018.088	1
2018	1
2017.773	1
2017.773	1
2018.384	1
2018.384	1
2017.545	1
2018.504	1
2018.874	1
2018.868	1
2018.866	1
2018.597	1
2018.567	1
2018.868	1
2018.868	1
2018.729	1
2018.671	1
2018.586	1
2018.899	1
2018.693	1
2018.696	1
2018.685	1
2018.633	1
2018.614	1
2018.597	1
2018.638	1
2018.499	1
2018.455	1
2018.638	1
2018.6	1
2018.795	1
2018.666	1
2018.721	1
2018.422	1
2018.732	1
2018.74	1
2018.69	1
2018.732	1
2018.43	1
2017.745	1
2017.616	1
2017.644	1
2017.693	1
2017.715	1
2017.499	1
2017.712	1
2017.468	1
2018.03	1
2017.964	1
2017.91	1
2017.877	1
2018.003	1
2018.071	1
2018.208	1
2017.962	1
2018.134	1
2017.945	1
2018.11	1
2017.855	1
2017.855	1
2018	1
2017.548	1
2017.548	1
2017.732	1
2017.567	1
2017.69	1
2017.482	1
2017.529	1
2017.496	1
2017.975	1
2017.479	1
2017.468	1
2017.978	1
2017.51	1
2017.57	1
2017.721	1
2018.153	1
2017.479	1
2017.479	1
2017.334	1
2017.995	1
2017.97	1
2018.255	1
2017.523	1
2017.523	1
2017.619	1
2017.619	1
2017.512	1
2017.466	1
2017.466	1
2017.521	1
2017.641	1
2017.762	1
2017.762	1
2017.863	1
2017.863	1
2017.852	1
2017.852	1
2017.847	1
2017.679	1
2017.729	1
2017.814	1
2017.827	1
2017.827	1
2017.753	1
2017.767	1
2017.827	1
2017.742	1
2018.014	1
2018.041	1
2017.51	1
2017.521	1
2018.375	1
2018.375	1
2017.521	1
2017.562	1
2017.529	1
2017.512	1
2018.164	1
2018.164	1
2017.923	1
2017.923	1
2017.995	1
2017.986	1
2017.986	1
2018.195	1
2018.195	1
2018.005	1
2017.932	1
2018.005	1
2018.014	1
2017.781	1
2017.416	1
2017.874	1
2017.723	1
2017.723	1
2018.395	1
2018.395	1
2017.644	1
2017.463	1
2017.463	1
2017.452	1
2017.956	1
2017.953	1
2017.951	1
2018.211	1
2018.197	1
2018.197	1
2018.197	1
2018.101	1
2018.268	1
2018.422	1
2018.2	1
2017.992	1
2018.003	1
2018	1
2017.934	1
2017.934	1
2017.934	1
2018.077	1
2018.184	1
2018.184	1
2017.595	1
2017.882	1
2017.863	1
2017.762	1
2017.762	1
2017.967	1
2018.022	1
2018.115	1
2018.151	1
2018.112	1
2018.112	1
2018.06	1
2017.49	1
2017.49	1
2017.548	1
2017.474	1
2017.721	1
2017.805	1
2018.181	1
2017.578	1
2017.367	1
2017.94	1
2017.838	1
2017.866	1
2017.858	1
2017.951	1
2017.871	1
2018.104	1
2018.121	1
2017.885	1
2017.852	1
2018.258	1
2018.258	1
2017.808	1
2017.808	1
2017.827	1
2018	1
2017.866	1
2017.858	1
2017.844	1
2017.871	1
2017.904	1
2017.926	1
2017.915	1
2017.921	1
2017.904	1
2017.921	1
2017.967	1
2017.866	1
2018.011	1
2017.97	1
2018.011	1
2018.027	1
2018.022	1
2017.759	1
2017.797	1
2017.753	1
2017.816	1
2017.797	1
2017.759	1
2017.753	1
2017.797	1
2017.797	1
2017.816	1
2017.784	1
2017.789	1
2017.868	1
2017.945	1
2017.838	1
2018.112	1
2017.978	1
2018.022	1
2018.123	1
2017.847	1
2017.915	1
2017.921	1
2017.921	1
2017.871	1
2018.014	1
2018.142	1
2018.26	1
2018.26	1
2018.025	1
2017.89	1
2018.005	1
2017.822	1
2018.153	1
2018.222	1
2018.052	1
2018.049	1
2018.082	1
2017.953	1
2017.929	1
2018.025	1
2018.115	1
2018.008	1
2018.142	1
2018.142	1
2018.014	1
2018.014	1
2017.978	1
2017.877	1
2017.849	1
2017.899	1
2017.951	1
2017.951	1
2018.041	1
2018.233	1
2018.233	1
2018.047	1
2018.019	1
2018.079	1
2018.173	1
2018.099	1
2018.003	1
2017.852	1
2018.112	1
2018.112	1
2018.068	1
2017.885	1
2018	1
2018.041	1
2018.036	1
2017.871	1
2017.836	1
2017.836	1
2017.967	1
2017.992	1
2017.962	1
2017.995	1
2018	1
2017.595	1
2017.847	1
2017.849	1
2017.751	1
2017.742	1
2017.808	1
2017.775	1
2017.753	1
2017.748	1
2017.748	1
2017.833	1
2017.833	1
2017.597	1
2018.008	1
2018.027	1
2017.458	1
2017.479	1
2017.532	1
2017.46	1
2017.551	1
2017.586	1
2017.578	1
2017.595	1
2017.595	1
2017.644	1
2017.46	1
2017.679	1
2017.666	1
2017.638	1
2017.638	1
2017.762	1
2017.814	1
2017.666	1
2017.762	1
2017.641	1
2017.638	1
2017.425	1
2017.425	1
2017.551	1
2017.685	1
2017.573	1
2017.726	1
2018.082	1
2017.77	1
2017.586	1
2017.822	1
2017.734	1
2018.011	1
2017.762	1
2017.685	1
2017.989	1
2017.989	1
2018.096	1
2017.805	1
2017.805	1
2018.173	1
2018.173	1
2018.184	1
2018.184	1
2017.989	1
2017.929	1
2017.915	1
2018.03	1
2017.937	1
2017.956	1
2018.052	1
2018.085	1
2018.167	1
2018.096	1
2017.479	1
2017.455	1
2017.737	1
2017.953	1
2018.301	1
2018.268	1
2018.268	1
2018.866	1
2018.866	1
2017.877	1
2017.871	1
2017.877	1
2017.871	1
2017.907	1
2017.852	1
2017.877	1
2018.134	1
2017.474	1
2017.411	1
2017.54	1
2017.485	1
2017.51	1
2017.411	1
2017.427	1
2017.411	1
2017.452	1
2017.551	1
2017.526	1
2017.548	1
2017.548	1
2017.507	1
2017.51	1
2017.521	1
2017.526	1
2017.545	1
2017.542	1
2017.542	1
2017.51	1
2017.493	1
2017.49	1
2017.49	1
2017.474	1
2017.501	1
2017.482	1
2017.521	1
2017.526	1
2017.518	1
2017.452	1
2017.49	1
2017.542	1
2017.51	1
2017.414	1
2017.658	1
2017.658	1
2017.636	1
2018.107	1
2018.833	1
2018.833	1
2018.392	1
2018.34	1
2018.34	1
2017.521	1
2018.14	1
2018.022	1
2018.014	1
2018.822	1
2018.822	1
2018.868	1
2018.868	1
2018.868	1
2018.827	1
2018.827	1
2018.849	1
2018.288	1
2017.986	1
2018.101	1
2018.156	1
2018.156	1
2018.101	1
2018.384	1
2018.433	1
2018.433	1
2018.255	1
2018.249	1
2017.923	1
2018.145	1
2018.121	1
2018.252	1
2018.252	1
2018.121	1
2018.29	1
2018.408	1
2017.907	1
2017.907	1
2018.074	1
2018.088	1
2018.14	1
2018.074	1
2018.047	1
2018.044	1
2017.951	1
2017.964	1
2018.079	1
2018.123	1
2018.123	1
2018	1
2018.145	1
2018.145	1
2017.559	1
2017.526	1
2017.767	1
2017.838	1
2017.838	1
2017.638	1
2017.696	1
2017.693	1
2017.696	1
2017.693	1
2018.173	1
2018.077	1
2017.866	1
2018	1
2017.945	1
2017.945	1
2018.011	1
2017.932	1
2017.858	1
2017.849	1
2017.858	1
2017.756	1
2017.756	1
2017.786	1
2017.795	1
2017.795	1
2017.825	1
2017.841	1
2017.838	1
2017.855	1
2017.86	1
2017.94	1
2018.033	1
2017.94	1
2018.049	1
2017.855	1
2018.112	1
2018.145	1
2018.049	1
2018.145	1
2017.904	1
2018.06	1
2017.775	1
2017.781	1
2017.811	1
2017.816	1
2017.775	1
2017.819	1
2017.986	1
2017.986	1
2018.014	1
2017.781	1
2018.096	1
2018.118	1
2018.159	1
2018.159	1
2018.175	1
2018.06	1
2017.97	1
2018	1
2018	1
2018.258	1
2018.041	1
2018.041	1
2017.942	1
2017.759	1
2017.773	1
2018.11	1
2018.014	1
2018	1
2017.556	1
2017.556	1
2018.093	1
2018.132	1
2018.093	1
2018.132	1
2018.019	1
2017.715	1
2018.405	1
2018.041	1
2017.94	1
2017.699	1
2017.416	1
2017.408	1
2017.416	1
2017.471	1
2017.501	1
2017.501	1
2018.121	1
2017.964	1
2018.123	1
2018.096	1
2017.945	1
2018.044	1
2017.559	1
2018.003	1
2018.2	1
2018.2	1
2017.616	1
2017.655	1
2017.685	1
2017.682	1
2017.866	1
2017.564	1
2017.666	1
2017.66	1
2017.564	1
2017.559	1
2018.011	1
2017.636	1
2017.633	1
2017.625	1
2018.041	1
2017.981	1
2017.929	1
2017.937	1
2017.907	1
2017.956	1
2017.956	1
2018.06	1
2018.085	1
2017.923	1
2018.003	1
2017.929	1
2017.789	1
2018.019	1
2017.573	1
2017.663	1
2017.992	1
2018.016	1
2018.055	1
2017.789	1
2017.693	1
2017.674	1
2017.693	1
2017.693	1
2017.636	1
2017.636	1
2017.586	1
2017.482	1
2017.679	1
2017.636	1
2017.625	1
2017.644	1
2017.638	1
2017.562	1
2017.562	1
2017.756	1
2017.627	1
2017.734	1
2017.912	1
2018.195	1
2017.471	1
2017.874	1
2017.874	1
2017.852	1
2017.532	1
2017.874	1
2017.827	1
2017.915	1
2017.915	1
2017.858	1
2017.512	1
2017.512	1
2017.953	1
2017.953	1
2018.189	1
2018.189	1
2018.03	1
2019.14	1
2019.118	1
2018.066	1
2017.732	1
2017.732	1
2018.425	1
2018.425	1
2017.937	1
2017.937	1
2017.827	1
2017.822	1
2017.822	1
2018.082	1
2017.795	1
2017.795	1
2018.085	1
2018.74	1
2017.967	1
2017.967	1
2017.8	1
2018.058	1
2018.041	1
2018.049	1
2018.118	1
2017.888	1
2018.016	1
2018.49	1
2018.879	1
2018.879	1
2018.575	1
2018.553	1
2018.553	1
2018.466	1
2018.729	1
2018.512	1
2018.46	1
2018.452	1
2018.521	1
2018.46	1
2018.408	1
2018.452	1
2018.521	1
2018.633	1
2018.559	1
2018.655	1
2018.501	1
2018.501	1
2018.26	1
2018.581	1
2018.581	1
2018.271	1
2018.005	1
2017.989	1
2018.016	1
2018.093	1
2018.022	1
2017.962	1
2017.962	1
2018.016	1
2018.197	1
2018.195	1
2018.055	1
2018.055	1
2018.005	1
2018.058	1
2018.118	1
2018.126	1
2018.129	1
2018.129	1
2018.132	1
2018.038	1
2018.085	1
2018.085	1
2018.044	1
2018.104	1
2018	1
2018.093	1
2018.082	1
2017.992	1
2017.964	1
2017.964	1
2018.118	1
2017.847	1
2017.77	1
2018.115	1
2018.186	1
2018.101	1
2017.904	1
2017.89	1
2017.89	1
2017.888	1
2018.019	1
2017.904	1
2017.932	1
2017.885	1
2018.211	1
2018.164	1
2018.164	1
2018.044	1
2018.044	1
2018.345	1
2018.09	1
2018.06	1
2018.247	1
2018.167	1
2017.904	1
2017.967	1
2018.008	1
2018.173	1
2018.06	1
2018.008	1
2018.153	1
2018.334	1
2018.162	1
2018.164	1
2018.312	1
2018.266	1
2018.184	1
2018.279	1
2018.082	1
2018.082	1
2018.038	1
2018.148	1
2018.159	1
2018.274	1
2018.181	1
2018.222	1
2018.096	1
2018.022	1
2018.005	1
2018.118	1
2018.052	1
2018.115	1
2018.041	1
2018.016	1
2018.173	1
2018.214	1
2018.14	1
2018.003	1
2017.962	1
2017.877	1
2017.868	1
2017.866	1
2017.866	1
2017.849	1
2017.899	1
2017.847	1
2017.844	1
2017.934	1
2017.921	1
2017.863	1
2017.951	1
2017.989	1
2017.844	1
2018.101	1
2017.97	1
2018.058	1
2018.022	1
2018.019	1
2018.003	1
2018.003	1
2018.066	1
2018.03	1
2018.022	1
2018.088	1
2017.773	1
2018.033	1
2018.052	1
2018.063	1
2018.06	1
2018.052	1
2018.049	1
2018.047	1
2018.041	1
2018.041	1
2018.038	1
2018.038	1
2018.038	1
2018.008	1
2018.118	1
2018.121	1
2018.121	1
2018.03	1
2017.923	1
2017.841	1
2018.022	1
2018	1
2017.948	1
2017.923	1
2018.063	1
2018.055	1
2018.137	1
2018.137	1
2018	1
2018.038	1
2018.005	1
2018.025	1
2018.047	1
2017.986	1
2018.008	1
2018.005	1
2017.964	1
2018.085	1
2018.137	1
2017.847	1
2017.989	1
2018.041	1
2018.09	1
2017.847	1
2018.019	1
2018.058	1
2018.159	1
2018.121	1
2018.159	1
2018.088	1
2017.929	1
2018.058	1
2017.956	1
2018.005	1
2018.156	1
2018.099	1
2018.058	1
2018.351	1
2018.06	1
2018.31	1
2018.31	1
2018.31	1
2018.096	1
2018.112	1
2018.066	1
2018.052	1
2018.049	1
2018.071	1
2018.027	1
2018.148	1
2018.148	1
2018.036	1
2018.066	1
2017.932	1
2018.137	1
2018.137	1
2018.137	1
2017.986	1
2018.077	1
2018.151	1
2018.14	1
2018.315	1
2018.315	1
2018.06	1
2018.038	1
2018.005	1
2018.077	1
2018.085	1
2018.238	1
2018.312	1
2018.077	1
2017.932	1
2018.348	1
2018.252	1
2018.252	1
2018.315	1
2018.096	1
2018.088	1
2018.088	1
2018.085	1
2017.959	1
2018.011	1
2018.153	1
2018.153	1
2018.195	1
2018.164	1
2018.274	1
2018.06	1
2018.033	1
2018.115	1
2018.019	1
2018.279	1
2017.981	1
2018.025	1
2018.129	1
2018.077	1
2018.041	1
2018.142	1
2018.14	1
2017.805	1
2018.003	1
2018.019	1
2017.838	1
2018	1
2018.271	1
2018.252	1
2018.252	1
2018.271	1
2018.271	1
2018.271	1
2017.759	1
2017.625	1
2017.625	1
2017.542	1
2018.008	1
2017.967	1
2018.003	1
2017.841	1
2017.841	1
2018.005	1
2018.014	1
2018.063	1
2017.759	1
2017.904	1
2017.962	1
2017.822	1
2017.934	1
2018.019	1
2017.899	1
2017.907	1
2017.901	1
2017.992	1
2017.932	1
2017.992	1
2018.052	1
2018.151	1
2017.923	1
2018.09	1
2018.06	1
2017.932	1
2017.904	1
2018.088	1
2017.962	1
2017.652	1
2017.668	1
2017.677	1
2017.638	1
2017.699	1
2017.668	1
2017.77	1
2017.677	1
2017.693	1
2017.83	1
2017.655	1
2017.885	1
2017.792	1
2017.696	1
2017.696	1
2017.792	1
2017.712	1
2018.03	1
2017.932	1
2017.934	1
2017.945	1
2017.932	1
2017.762	1
2018.104	1
2018.118	1
2017.871	1
2017.871	1
2018.088	1
2018.088	1
2018.096	1
2018.011	1
2017.962	1
2018.022	1
2017.978	1
2018.044	1
2018.11	1
2018.118	1
2018.208	1
2018.118	1
2017.822	1
2017.822	1
2018.216	1
2018.115	1
2018.003	1
2018.003	1
2018.088	1
2017.962	1
2017.995	1
2018.099	1
2017.882	1
2017.863	1
2017.8	1
2017.77	1
2017.77	1
2017.8	1
2018.019	1
2017.989	1
2017.986	1
2017.701	1
2017.701	1
2017.808	1
2017.882	1
2018.008	1
2018.06	1
2018.025	1
2018.063	1
2018.063	1
2018.044	1
2018.022	1
2018.022	1
2018.019	1
2018.03	1
2018.066	1
2018.066	1
2018.063	1
2018.06	1
2018.06	1
2018.058	1
2018.055	1
2018.044	1
2018.044	1
2018.099	1
2018.077	1
2018.088	1
2018.068	1
2018.025	1
2018.025	1
2018.019	1
2017.86	1
2018.279	1
2017.945	1
2018.047	1
2018.11	1
2018.173	1
2018.184	1
2018.173	1
2018.11	1
2018.019	1
2018.025	1
2018.068	1
2018.066	1
2017.866	1
2017.964	1
2018.077	1
2018.184	1
2018.184	1
2018.104	1
2018.104	1
2018.441	1
2018.003	1
2017.847	1
2018.025	1
2018.392	1
2018.392	1
2018.299	1
2018.038	1
2018.044	1
2018.008	1
2017.879	1
2018.011	1
2018.395	1
2018.395	1
2018.482	1
2018.482	1
2018.521	1
2018.521	1
2017.945	1
2017.967	1
2017.926	1
2017.836	1
2017.915	1
2017.896	1
2017.885	1
2017.948	1
2017.879	1
2017.852	1
2017.948	1
2018.014	1
2017.945	1
2018.085	1
2018.038	1
2018.29	1
2018.375	1
2018.293	1
2018.378	1
2018.395	1
2018.318	1
2018.332	1
2018.23	1
2018.279	1
2017.948	1
2017.964	1
2017.984	1
2018.047	1
2018.46	1
2018.71	1
2018.71	1
2018.46	1
2018.115	1
2018.079	1
2018.003	1
2018.137	1
2018.077	1
2018.249	1
2018.222	1
2018.249	1
2018.279	1
2018.022	1
2017.962	1
2017.964	1
2017.929	1
2017.97	1
2018.575	1
2018.575	1
2019.195	1
2019.195	1
2018.915	1
2019.049	1
2018.058	1
2017.948	1
2018.052	1
2017.932	1
2018.285	1
2018.285	1
2018.285	1
2018.458	1
2018.458	1
2018.181	1
2018.233	1
2018.233	1
2018.115	1
2018.005	1
2017.967	1
2017.929	1
2018.049	1
2017.923	1
2017.984	1
2017.989	1
2017.871	1
2017.926	1
2018.362	1
2018.362	1
2018.005	1
2018.099	1
2017.893	1
2018.041	1
2017.707	1
2017.986	1
2018.126	1
2018.041	1
2018.079	1
2018.079	1
2018.019	1
2017.899	1
2018.044	1
2018.096	1
2018.008	1
2017.97	1
2018.058	1
2017.822	1
2018.195	1
2018.003	1
2017.942	1
2018.184	1
2018.019	1
2017.929	1
2017.995	1
2017.964	1
2017.959	1
2017.849	1
2017.849	1
2018.121	1
2018.121	1
2018.112	1
2018.112	1
2018.252	1
2018.025	1
2018.14	1
2018.14	1
2017.888	1
2017.901	1
2017.926	1
2017.888	1
2017.792	1
2017.792	1
2017.792	1
2018	1
2017.97	1
2018	1
2017.836	1
2018.156	1
2018.173	1
2018.173	1
2018.173	1
2018.159	1
2018.156	1
2018.153	1
2018.063	1
2018.038	1
2017.964	1
2017.953	1
2017.707	1
2017.74	1
2017.8	1
2017.775	1
2017.753	1
2017.74	1
2017.8	1
2017.827	1
2017.803	1
2018.214	1
2018.23	1
2018.238	1
2018.189	1
2018.329	1
2018.011	1
2017.844	1
2017.945	1
2017.94	1
2017.934	1
2018.052	1
2018.055	1
2018.055	1
2018.123	1
2018.164	1
2018.164	1
2018.071	1
2017.882	1
2018.063	1
2017.849	1
2017.849	1
2018.14	1
2018.03	1
2018.049	1
2018.082	1
2018.096	1
2017.97	1
2017.962	1
2018.11	1
2017.953	1
2018	1
2017.951	1
2017.951	1
2018.003	1
2018.005	1
2018.107	1
2017.868	1
2018.101	1
2018.096	1
2018.115	1
2018.115	1
2017.493	1
2017.967	1
2018.068	1
2017.948	1
2018.252	1
2018.252	1
2018.115	1
2018.005	1
2017.918	1
2017.94	1
2017.94	1
2018.175	1
2017.921	1
2017.921	1
2017.948	1
2017.912	1
2018.005	1
2017.888	1
2017.984	1
2018.079	1
2018.079	1
2018.027	1
2017.97	1
2018.049	1
2017.962	1
2018.06	1
2018.288	1
2018.288	1
2018.178	1
2018.178	1
2017.962	1
2018.014	1
2018.06	1
2018.047	1
2018.099	1
2018.06	1
2018.175	1
2018.164	1
2018.162	1
2018.153	1
2018.134	1
2018.121	1
2018.088	1
2018.068	1
2018.066	1
2018.085	1
2018.173	1
2018.173	1
2018.014	1
2017.984	1
2018.03	1
2018.047	1
2017.964	1
2018.027	1
2018.025	1
2018.238	1
2018.118	1
2017.948	1
2017.918	1
2018.268	1
2018.192	1
2017.899	1
2018.005	1
2017.915	1
2018.2	1
2018.2	1
2018.126	1
2018.145	1
2018.208	1
2018.03	1
2017.97	1
2018.315	1
2018.315	1
2018.036	1
2017.899	1
2018.079	1
2017.951	1
2018.214	1
2017.953	1
2018.055	1
2018.058	1
2018.101	1
2018.115	1
2017.907	1
2018.008	1
2018.156	1
2018.29	1
2018.364	1
2018.504	1
2018.542	1
2018.66	1
2018.816	1
2018.671	1
2018.063	1
2018.392	1
2018.392	1
2018.255	1
2018.271	1
2018.271	1
2018.403	1
2018.403	1
2018.038	1
2018.107	1
2018.104	1
2018.214	1
2018.071	1
2018.079	1
2018.055	1
2018.071	1
2018.115	1
2018.115	1
2018.162	1
2018.162	1
2017.992	1
2017.989	1
2018.066	1
2018.107	1
2018.159	1
2018.038	1
2018.123	1
2018.422	1
2018.082	1
2018.189	1
2018.321	1
2018.326	1
2018.252	1
2018.403	1
2018.107	1
2017.964	1
2017.942	1
2018.118	1
2018.115	1
2018.189	1
2018.096	1
2018.268	1
2018.268	1
2018	1
2017.953	1
2018.025	1
2018.252	1
2018.123	1
2018.118	1
2018.389	1
2018.397	1
2018.022	1
2018.096	1
2018.049	1
2018.022	1
2017.942	1
2018.216	1
2018.216	1
2018.03	1
2018.041	1
2018.041	1
2018.134	1
2018.096	1
2017.932	1
2018.205	1
2018.058	1
2018.077	1
2018.06	1
2018.014	1
2018.093	1
2018.093	1
2017.97	1
2018.003	1
2018.2	1
2018.164	1
2018.027	1
2017.797	1
2017.896	1
2018.088	1
2018.049	1
2017.885	1
2017.833	1
2017.852	1
2017.86	1
2017.844	1
2017.833	1
2017.901	1
2017.89	1
2017.888	1
2017.882	1
2017.904	1
2017.915	1
2017.929	1
2017.901	1
2017.89	1
2017.904	1
2017.967	1
2017.989	1
2018.003	1
2017.951	1
2017.964	1
2018.025	1
2018.005	1
2018.025	1
2017.995	1
2017.959	1
2018.038	1
2017.995	1
2017.91	1
2017.951	1
2018.058	1
2018.079	1
2017.964	1
2018.077	1
2017.964	1
2018.068	1
2018.148	1
2018.159	1
2017.904	1
2017.967	1
2017.962	1
2018.115	1
2018.041	1
2017.962	1
2017.992	1
2018.23	1
2018.23	1
2017.948	1
2017.973	1
2018.016	1
2018.027	1
2018	1
2018.025	1
2017.962	1
2018.03	1
2017.951	1
2017.964	1
2018.175	1
2018.027	1
2018.008	1
2017.989	1
2017.97	1
2017.964	1
2017.945	1
2017.945	1
2018.041	1
2018.038	1
2018.003	1
2017.97	1
2017.97	1
2018.008	1
2018.025	1
2018.019	1
2018.06	1
2018.162	1
2018.14	1
2018.074	1
2018.104	1
2018.101	1
2018.096	1
2018.096	1
2018.079	1
2018.077	1
2018.085	1
2018.082	1
2018.175	1
2018.082	1
2018.019	1
2017.962	1
2018.003	1
2017.929	1
2017.682	1
2017.732	1
2017.784	1
2017.795	1
2017.795	1
2018.145	1
2018.025	1
2018.025	1
2017.975	1
2018.101	1
2018.145	1
2018.121	1
2018.123	1
2018.058	1
2018.063	1
2018.058	1
2018.058	1
2018.047	1
2018.104	1
2018.104	1
2018.099	1
2018.088	1
2018.093	1
2018.077	1
2018.068	1
2018.071	1
2018.115	1
2018.101	1
2018.047	1
2018.025	1
2018.022	1
2018.008	1
2018.041	1
2018.033	1
2018.063	1
2018.343	1
2018.343	1
2018.058	1
2018.063	1
2018	1
2018.227	1
2018.227	1
2018.025	1
2018.06	1
2018.184	1
2018.118	1
2018.044	1
2018.068	1
2018.271	1
2018.271	1
2018.255	1
2018.274	1
2018.101	1
2018.093	1
2018.088	1
2018.093	1
2018.088	1
2018.112	1
2018.033	1
2018.225	1
2018.225	1
2018.066	1
2018.096	1
2017.929	1
2018.134	1
2018.175	1
2018.03	1
2018.027	1
2017.951	1
2018.137	1
2018.156	1
2018.156	1
2018.156	1
2018.156	1
2017.907	1
2018.244	1
2018.022	1
2018.142	1
2018.14	1
2018.115	1
2018.605	1
2018.06	1
2018.178	1
2018.178	1
2018.099	1
2018.055	1
2018.142	1
2018.104	1
2018.104	1
2018.077	1
2017.97	1
2018.126	1
2018.038	1
2018.077	1
2017.945	1
2018.077	1
2018.099	1
2018.077	1
2018.03	1
2018.063	1
2018.063	1
2018.058	1
2018.038	1
2018.225	1
2018.184	1
2018.173	1
2018.181	1
2018.173	1
2018.178	1
2017.868	1
2017.868	1
2017.934	1
2017.97	1
2017.956	1
2017.937	1
2017.899	1
2017.849	1
2017.877	1
2018.022	1
2017.986	1
2017.989	1
2018.025	1
2018.288	1
2018.288	1
2018.134	1
2018.104	1
2018.068	1
2018.326	1
2018.326	1
2018.096	1
2018.14	1
2018.14	1
2018.082	1
2018.082	1
2018.082	1
2018.192	1
2018.118	1
2017.986	1
2018.005	1
2018.211	1
2018.211	1
2018.066	1
2018.093	1
2018.052	1
2018.271	1
2018.271	1
2018.041	1
2018.088	1
2018.041	1
2018.088	1
2018.033	1
2018.219	1
2018.208	1
2018.208	1
2018.118	1
2018.011	1
2018.077	1
2018.044	1
2018.137	1
2018.118	1
2018.118	1
2018.148	1
2018.148	1
2018.041	1
2017.852	1
2018.384	1
2018.414	1
2018.641	1
2018.704	1
2018.718	1
2018.685	1
2018.707	1
2018.69	1
2018.625	1
2018.819	1
2018.811	1
2018.819	1
2018.737	1
2018.737	1
2018.745	1
2018.756	1
2018.77	1
2018.732	1
2018.74	1
2018.718	1
2018.759	1
2019.008	1
2019.008	1
2018.321	1
2018.249	1
2018.096	1
2018.107	1
2019.044	1
2019.112	1
2018.288	1
2018.233	1
2018.121	1
2018.288	1
2018.307	1
2018.121	1
2018.285	1
2018.285	1
2018.142	1
2018.066	1
2018.066	1
2018.066	1
2018.066	1
2018.066	1
2018.066	1
2018.301	1
2018.301	1
2018.019	1
2018.512	1
2018.811	1
2018.811	1
2018.699	1
2019.055	1
2018	1
2018.91	1
2018.888	1
2018.929	1
2018.929	1
2019	1
2018.915	1
2018.915	1
2018.923	1
2018.923	1
2018.8	1
2018.8	1
2018.488	1
2018.329	1
2018.052	1
2018.118	1
2018.137	1
2018.137	1
2018.699	1
2018.699	1
2018	1
2018.521	1
2018.521	1
2018.403	1
2018.077	1
2018.077	1
2018.085	1
2018.066	1
2018.058	1
2018.11	1
2018.192	1
2018.192	1
2018	1
2018.153	1
2018.192	1
2018.192	1
2018.096	1
2018.227	1
2018.227	1
2017.995	1
2018.186	1
2018.197	1
2018.197	1
2018.049	1
2018.049	1
2018.055	1
2018.033	1
2018.027	1
2018	1
2018.005	1
2018.208	1
2018.208	1
2018.14	1
2018.112	1
2018.055	1
2018.055	1
2018.058	1
2018.142	1
2018.025	1
2017.989	1
2017.989	1
2017.899	1
2018.044	1
2018.11	1
2018.997	1
2019.112	1
2018.129	1
2018.077	1
2018.06	1
2018.003	1
2017.956	1
2018.162	1
2018.145	1
2018.145	1
2018.101	1
2018.099	1
2018.044	1
2018.079	1
2018.096	1
2018.118	1
2018.003	1
2017.951	1
2018.145	1
2018.03	1
2017.981	1
2018.101	1
2018.101	1
2018.126	1
2018.134	1
2018.06	1
2018.101	1
2018.107	1
2018.011	1
2018.011	1
2018.099	1
2018.055	1
2018.107	1
2018.104	1
2018.104	1
2018.074	1
2018.104	1
2018.014	1
2017.992	1
2017.989	1
2017.986	1
2017.986	1
2017.992	1
2018.022	1
2018.022	1
2018.011	1
2018.036	1
2018.036	1
2018.09	1
2018.005	1
2018.173	1
2018.173	1
2018.241	1
2018.044	1
2018.112	1
2018.126	1
2018.178	1
2018.178	1
2018.197	1
2018.063	1
2018.268	1
2018.268	1
2018.09	1
2018.09	1
2018.09	1
2018.09	1
2018.09	1
2018.222	1
2018.107	1
2018	1
2018.356	1
2018.351	1
2018.351	1
2018.356	1
2018.058	1
2018.104	1
2017.964	1
2017.964	1
2017.989	1
2017.964	1
2017.997	1
2018.005	1
2017.964	1
2018.058	1
2017.964	1
2018.058	1
2018.104	1
2018.134	1
2018.132	1
2018.041	1
2018.156	1
2018.178	1
2018.282	1
2018.282	1
2018.332	1
2018.132	1
2018.332	1
2018.134	1
2018.101	1
2018.036	1
2018	1
2018.156	1
2018.101	1
2018.184	1
2018.003	1
2018.003	1
2018.003	1
2018.101	1
2018.044	1
2018.074	1
2018.082	1
2018.071	1
2018.025	1
2018.025	1
2018.06	1
2018.079	1
2017.981	1
2018.107	1
2017.948	1
2018.233	1
2018.085	1
2018.214	1
2018.019	1
2018.395	1
2018.055	1
2018.038	1
2018.121	1
2018.058	1
2018.181	1
2018.184	1
2018.211	1
2018.181	1
2018.203	1
2018.195	1
2018.2	1
2018.195	1
2018.211	1
2018.058	1
2018.236	1
2018.236	1
2018	1
2018.036	1
2018.189	1
2018.189	1
2018.088	1
2018.068	1
2018.096	1
2018.104	1
2018.088	1
2018.079	1
2018.082	1
2018.058	1
2018.047	1
2018.107	1
2018.101	1
2018.101	1
2018.101	1
2018.099	1
2018.099	1
2018.096	1
2018.088	1
2018.09	1
2018.077	1
2018.088	1
2018.085	1
2018.077	1
2018.077	1
2018.137	1
2018.126	1
2018.126	1
2018.121	1
2018.115	1
2018.044	1
2018.123	1
2018.134	1
2018.129	1
2018.112	1
2018.123	1
2018.274	1
2018.066	1
2018.104	1
2018.047	1
2018.175	1
2018.271	1
2018.134	1
2018.307	1
2018.247	1
2018.255	1
2018.751	1
2018.063	1
2018.066	1
2017.926	1
2018.099	1
2017.986	1
2018.047	1
2018.271	1
2018.082	1
2018.082	1
2018.079	1
2018.049	1
2018.063	1
2018.288	1
2018.14	1
2018.14	1
2018.079	1
2018.121	1
2018.115	1
2018.238	1
2018.238	1
2018.118	1
2018.751	1
2018.764	1
2018.907	1
2018.907	1
2018.907	1
2018.962	1
2019.112	1
2018.23	1
2018.115	1
2018.827	1
2018.827	1
2018.488	1
2018.786	1
2019.137	1
2019.156	1
2019.219	1
2018.874	1
2018.959	1
2018.14	1
2018.14	1
2018.123	1
2018.123	1
2017.973	1
2018.178	1
2018.088	1
2018.216	1
2018.11	1
2018.071	1
2018.099	1
2018.145	1
2018.249	1
2018.249	1
2018.104	1
2018.137	1
2018.192	1
2018.252	1
2018.252	1
2018.192	1
2018.011	1
2018.901	1
2018.901	1
2018.822	1
2018.822	1
2018.816	1
2018.734	1
2018.734	1
2019.049	1
2019.09	1
2018.786	1
2018.786	1
2018.986	1
2018.986	1
2018.945	1
2018.934	1
2018.871	1
2018.907	1
2018.871	1
2018.907	1
2018.921	1
2018.918	1
2018.921	1
2018.918	1
2018.967	1
2018.984	1
2018.975	1
2018.984	1
2018.975	1
2019.041	1
2019.063	1
2019.063	1
2019.036	1
2019.019	1
2019.085	1
2019.085	1
2019.099	1
2018.967	1
2018.967	1
2019	1
2019.033	1
2019.033	1
2019.038	1
2019.038	1
2018.855	1
2018.855	1
2018.937	1
2018.967	1
2018.967	1
2019.03	1
2019.027	1
2019.003	1
2018.962	1
2019.085	1
2019.101	1
2018.721	1
2018.721	1
2018.775	1
2018.775	1
2018.699	1
2018.699	1
2018.74	1
2018.699	1
2018.699	1
2018.759	1
2018.805	1
2018.825	1
2018.74	1
2018.753	1
2018.753	1
2018.816	1
2018.805	1
2018.759	1
2018.825	1
2018.863	1
2018.838	1
2018.896	1
2018.816	1
2018.932	1
2018.874	1
2018.863	1
2018.838	1
2018.896	1
2018.816	1
2018.879	1
2018.836	1
2018.879	1
2018.786	1
2018.786	1
2018.077	1
2018.178	1
2018.044	1
2018.271	1
2018.104	1
2018.175	1
2018.159	1
2018.329	1
2018.085	1
2018.118	1
2018.025	1
2018.077	1
2017.959	1
2018.197	1
2018.184	1
2018.666	1
2018.655	1
2018.655	1
2018.666	1
2018.049	1
2018.197	1
2018.066	1
2018.077	1
2018.318	1
2018	1
2018.271	1
2018.271	1
2018.364	1
2018.118	1
2017.005	1
2018.175	1
2018.175	1
2018.195	1
2018.195	1
2017.981	1
2017.981	1
2017.981	1
2017.973	1
2017.973	1
2018.025	1
2018.044	1
2018.063	1
2018.137	1
2018.181	1
2018.027	1
2018.225	1
2018.225	1
2018.008	1
2018.025	1
2018.003	1
2018.049	1
2018.027	1
2018.186	1
2018.11	1
2018.096	1
2018.068	1
2018.085	1
2018.197	1
2018.049	1
2018.803	1
2018.803	1
2018.449	1
2018.649	1
2018.649	1
2018.926	1
2018.918	1
2018.392	1
2018.392	1
2019.079	1
2019.079	1
2019	1
2018	1
2019.077	1
2019.118	1
2018.496	1
2018.921	1
2018.795	1
2018.795	1
2018.43	1
2018	1
2018	1
2018	1
2018.181	1
2018.11	1
2018.173	1
2018.173	1
2018.195	1
2018.192	1
2018.156	1
2018.153	1
2018	1
2018.164	1
2018.107	1
2018.099	1
2018.099	1
2018.079	1
2018.173	1
2018.063	1
2018.085	1
2019.767	1
2017.945	1
2018.088	1
2018.101	1
2018.422	1
2018.422	1
2018.082	1
2018.271	1
2017.984	1
2017.984	1
2017.984	1
2017.984	1
2017.984	1
2018.041	1
2018.397	1
2018.301	1
2018.214	1
2018.068	1
2018.09	1
2018.104	1
2018.107	1
2018.058	1
2018.115	1
2018.244	1
2018.03	1
2018.211	1
2018.011	1
2018.03	1
2018.036	1
2018.189	1
2018.189	1
2018.005	1
2018.016	1
2018.016	1
2018.038	1
2018.184	1
2018.2	1
2018.233	1
2017.89	1
2018.085	1
2018.085	1
2018.332	1
2018.449	1
2018.118	1
2018.118	1
2018.329	1
2018.066	1
2018.096	1
2018.071	1
2018.066	1
2018.104	1
2018.101	1
2018.101	1
2018.099	1
2018.096	1
2018.088	1
2018.088	1
2018.118	1
2018.093	1
2018.384	1
2018.299	1
2017.904	1
2018.052	1
2018.063	1
2018.225	1
2018.225	1
2018.225	1
2018.233	1
2018.225	1
2018.153	1
2018	1
2017.948	1
2017.975	1
2018.118	1
2017.992	1
2018.077	1
2018	1
2018.003	1
2018.216	1
2018.085	1
2018.137	1
2018.019	1
2018.118	1
2018	1
2018	1
2018.003	1
2018.003	1
2018.003	1
2018.003	1
2018.184	1
2018	1
2018	1
2018.005	1
2018.044	1
2018.077	1
2018.005	1
2018.079	1
2018.088	1
2018.107	1
2018.378	1
2018.011	1
2018.063	1
2018.096	1
2018	1
2018	1
2018.107	1
2018.107	1
2018.068	1
2018.022	1
2018.022	1
2017.97	1
2018.288	1
2018.058	1
2018.049	1
2018.047	1
2018.044	1
2018.082	1
2018.082	1
2018.005	1
2018.077	1
2018.153	1
2018.096	1
2018.126	1
2018.06	1
2018.066	1
2018.192	1
2018.192	1
2018	1
2018.044	1
2018.255	1
2018.397	1
2018.099	1
2018.099	1
2018.093	1
2018.115	1
2017.962	1
2017.989	1
2018.008	1
2017.879	1
2018.112	1
2018.137	1
2018.137	1
2018.153	1
2018.118	1
2018.203	1
2018.164	1
2018.134	1
2018.203	1
2018.112	1
2018	1
2018.025	1
2018.14	1
2018.033	1
2018.175	1
2018.088	1
2018.153	1
2018.096	1
2018.162	1
2018.145	1
2018.115	1
2018.249	1
2018.249	1
2018.099	1
2018.329	1
2018.329	1
2018.079	1
2018.192	1
2018.192	1
2018.353	1
2018.022	1
2018.093	1
2017.997	1
2018.079	1
2018.088	1
2018.082	1
2018.23	1
2018.274	1
2018.077	1
2018.077	1
2018.2	1
2018.014	1
2018.049	1
2018.022	1
2018.014	1
2018.005	1
2018.022	1
2018.014	1
2018.085	1
2018.066	1
2018	1
2018.118	1
2018.082	1
2018.008	1
2018.096	1
2018.126	1
2017.942	1
2017.942	1
2017.934	1
2018.079	1
2018.038	1
2017.967	1
2018.041	1
2018.058	1
2018.044	1
2018.025	1
2018.06	1
2018.137	1
2018.137	1
2018.137	1
2018.06	1
2018.019	1
2018.164	1
2018.211	1
2018.268	1
2017.929	1
2018.052	1
2018.214	1
2018.285	1
2018.285	1
2018.175	1
2018.008	1
2018.211	1
2018.2	1
2018.173	1
2018.208	1
2018.214	1
2018.348	1
2018.31	1
2018.762	1
2018.762	1
2018.115	1
2018.063	1
2018.397	1
2018.397	1
2018.153	1
2018	1
2018.066	1
2018.082	1
2018.082	1
2018.134	1
2018.066	1
2018.244	1
2018.137	1
2018.137	1
2018.066	1
2018.236	1
2018.173	1
2018.101	1
2018.175	1
2018.175	1
2018.173	1
2018.153	1
2018.134	1
2018.175	1
2018.499	1
2018.2	1
2018.2	1
2018.238	1
2018.238	1
2018.312	1
2018.312	1
2018.014	1
2018.079	1
2018.025	1
2017.978	1
2018.066	1
2017.967	1
2018.022	1
2018.079	1
2018.079	1
2018.071	1
2018.03	1
2018.058	1
2018.058	1
2018	1
2018.192	1
2018.123	1
2018.153	1
2018.156	1
2018.11	1
2017.986	1
2017.962	1
2018.022	1
2018.06	1
2018.033	1
2018.027	1
2017.986	1
2018.085	1
2018.085	1
2018.077	1
2018.17	1
2017.995	1
2019.036	1
2019.036	1
2019.093	1
2018.912	1
2018.795	1
2019.134	1
2019.214	1
2018.836	1
2018.025	1
2018.195	1
2018.173	1
2018.085	1
2018.041	1
2018.033	1
2018.096	1
2018.085	1
2018.14	1
2018.058	1
2018.271	1
2018.296	1
2018.318	1
2018.304	1
2018.318	1
2018.296	1
2018.389	1
2018.296	1
2018.301	1
2018.211	1
2018.181	1
2018.378	1
2018.195	1
2018.405	1
2018.4	1
2018.367	1
2018.058	1
2018.266	1
2018.737	1
2018.74	1
2018.14	1
2017.967	1
2018.123	1
2018.115	1
2018.022	1
2018.047	1
2018.175	1
2018.195	1
2018.26	1
2017.967	1
2017.989	1
2017.973	1
2017.997	1
2017.973	1
2018.074	1
2018.052	1
2018.047	1
2018.033	1
2018.011	1
2018.008	1
2018.06	1
2018.022	1
2018.118	1
2018.118	1
2018.11	1
2018.085	1
2018.082	1
2018.082	1
2018.077	1
2018.066	1
2018.058	1
2018.049	1
2018.082	1
2018.132	1
2018.123	1
2018.118	1
2018.096	1
2018.099	1
2018.162	1
2018.14	1
2018.192	1
2018.195	1
2018.255	1
2018.175	1
2018.137	1
2018.192	1
2018.14	1
2018.181	1
2018.096	1
2018.162	1
2018.11	1
2018.014	1
2018.255	1
2018.156	1
2018.258	1
2018.332	1
2018.184	1
2018.033	1
2018.564	1
2018.033	1
2018.526	1
2018.096	1
2018.222	1
2018.222	1
2018.233	1
2018.156	1
2018.101	1
2018.411	1
2018.011	1
2018.189	1
2018.351	1
2018.189	1
2018.085	1
2018.063	1
2018.345	1
2018.107	1
2018.107	1
2018.236	1
2018.153	1
2018.115	1
2018.134	1
2018.058	1
2019.225	1
2017.995	1
2018.46	1
2018.463	1
2018.463	1
2018.693	1
2018.693	1
2018.712	1
2018.712	1
2018.499	1
2018.373	1
2017.959	1
2018.463	1
2018.145	1
2018.077	1
2018.186	1
2018.016	1
2018.068	1
2018.041	1
2018.044	1
2018.614	1
2018.044	1
2018.293	1
2018.142	1
2018	1
2018.066	1
2018.2	1
2018.268	1
2018.099	1
2018.192	1
2018.205	1
2017.904	1
2018.485	1
2018.058	1
2018.118	1
2018.222	1
2018.06	1
2018.118	1
2018.115	1
2018	1
2018.353	1
2018.507	1
2018.507	1
2018.249	1
2018.06	1
2018.066	1
2018.153	1
2018.142	1
2018.047	1
2017.997	1
2018.351	1
2018.197	1
2018.901	1
2018.926	1
2018.926	1
2018.863	1
2018.888	1
2018.959	1
2018.844	1
2018.83	1
2018.449	1
2018.449	1
2018.868	1
2018.868	1
2018.868	1
2018.868	1
2018.175	1
2018.071	1
2018.233	1
2018.603	1
2018.868	1
2018.907	1
2018.882	1
2018.268	1
2018.474	1
2018.474	1
2018.049	1
2018.249	1
2018.066	1
2018.118	1
2018.079	1
2018.096	1
2018.833	1
2018.855	1
2018.855	1
2018.2	1
2018.175	1
2018.2	1
2018.096	1
2018.255	1
2018.077	1
2018.055	1
2018.077	1
2018.449	1
2018	1
2018.721	1
2018.721	1
2018.03	1
2018.104	1
2018.471	1
2018.471	1
2018.077	1
2018.005	1
2018.005	1
2018.016	1
2017.879	1
2018.038	1
2018.049	1
2018.414	1
2018.414	1
2018.104	1
2018.096	1
2018.082	1
2018.868	1
2018.868	1
2019.107	1
2018.137	1
2018.137	1
2017.953	1
2017.945	1
2018.008	1
2018.008	1
2017.97	1
2017.929	1
2018.071	1
2018.071	1
2018.049	1
2018.205	1
2018.205	1
2017.973	1
2018.038	1
2017.91	1
2017.836	1
2018.137	1
2018.079	1
2018.14	1
2018.477	1
2018.477	1
2017.956	1
2018.066	1
2018	1
2018.011	1
2017.986	1
2018.068	1
2017.975	1
2018.392	1
2018.392	1
2019.055	1
2019.173	1
2019.112	1
2018.685	1
2018.666	1
2018.679	1
2018.06	1
2018.025	1
2018.236	1
2018.022	1
2018.082	1
2018	1
2018	1
2018.027	1
2018.211	1
2018.104	1
2017.989	1
2018.016	1
2018.036	1
2018.027	1
2017.921	1
2018.211	1
2017.97	1
2017.984	1
2018.145	1
2018.118	1
2018.271	1
2018.123	1
2017.888	1
2017.904	1
2017.89	1
2017.893	1
2017.89	1
2017.896	1
2017.888	1
2017.915	1
2017.932	1
2017.926	1
2017.852	1
2017.901	1
2017.877	1
2017.932	1
2017.934	1
2017.942	1
2017.942	1
2017.945	1
2017.932	1
2017.948	1
2017.989	1
2017.888	1
2017.97	1
2017.926	1
2017.888	1
2017.915	1
2017.89	1
2017.97	1
2017.989	1
2018.008	1
2017.959	1
2018.036	1
2017.956	1
2018.003	1
2018.003	1
2017.973	1
2017.975	1
2018.058	1
2018.019	1
2017.923	1
2018	1
2017.959	1
2018.005	1
2018.047	1
2018.005	1
2018.044	1
2017.973	1
2017.995	1
2017.997	1
2017.984	1
2017.962	1
2018.041	1
2018.022	1
2017.893	1
2017.901	1
2017.942	1
2017.94	1
2017.91	1
2017.866	1
2017.962	1
2018.068	1
2018.019	1
2018.038	1
2018.058	1
2018.041	1
2018.055	1
2017.962	1
2017.989	1
2018.088	1
2017.923	1
2018.033	1
2017.959	1
2017.989	1
2018.096	1
2018.038	1
2018.014	1
2018.044	1
2018.096	1
2018.077	1
2018.077	1
2018.055	1
2018.068	1
2018.096	1
2018.027	1
2017.989	1
2018.121	1
2017.923	1
2018.038	1
2018.019	1
2018.123	1
2018.118	1
2018.115	1
2018.005	1
2018.003	1
2018.107	1
2017.942	1
2018.003	1
2017.973	1
2018.162	1
2018.003	1
2018.038	1
2018.041	1
2018.06	1
2018.088	1
2018.173	1
2018.041	1
2018.058	1
2018.173	1
2018.164	1
2018.216	1
2018.23	1
2018.145	1
2018.211	1
2018.156	1
2018.197	1
2018.236	1
2018.236	1
2018.211	1
2018.252	1
2018.216	1
2018	1
2017.885	1
2018.195	1
2018.137	1
2018.115	1
2018.367	1
2018.082	1
2018.142	1
2018.09	1
2018.222	1
2018.003	1
2018.173	1
2018.104	1
2018.068	1
2018.195	1
2018.225	1
2018.367	1
2018.236	1
2018.077	1
2018.197	1
2018.142	1
2018.173	1
2018.082	1
2018.164	1
2018.162	1
2018.121	1
2018.211	1
2018.11	1
2018.118	1
2018	1
2018	1
2018	1
2018.063	1
2017.962	1
2018.104	1
2018.016	1
2018.027	1
2018.09	1
2018.214	1
2018.214	1
2018.063	1
2017.989	1
2018.142	1
2018.142	1
2018.118	1
2018.003	1
2017.962	1
2018.005	1
2017.923	1
2018.027	1
2018.022	1
2018.137	1
2018.06	1
2018.019	1
2018.011	1
2018.008	1
2018.005	1
2018.005	1
2018.019	1
2018.005	1
2018.011	1
2018.005	1
2018.011	1
2018.003	1
2018.005	1
2018.011	1
2017.97	1
2018.011	1
2018.008	1
2017.97	1
2018.008	1
2018.008	1
2018.005	1
2017.967	1
2018.005	1
2017.967	1
2017.964	1
2017.964	1
2018.003	1
2017.964	1
2017.953	1
2018.003	1
2017.992	1
2018.019	1
2018.011	1
2018.005	1
2018.003	1
2017.97	1
2017.992	1
2018.008	1
2018.003	1
2018.079	1
2018.082	1
2018.077	1
2018.06	1
2018.077	1
2018.058	1
2018.047	1
2018.019	1
2018.019	1
2018.033	1
2018.033	1
2018.14	1
2018.104	1
2018.123	1
2018.173	1
2018.164	1
2018.104	1
2018.077	1
2018.096	1
2018.096	1
2018.085	1
2018.063	1
2018.063	1
2018.03	1
2018.066	1
2018.077	1
2018.068	1
2018.192	1
2018.137	1
2018.129	1
2018.126	1
2018.11	1
2018.099	1
2018.099	1
2018.082	1
2018.03	1
2018.074	1
2018.079	1
2018.079	1
2018.079	1
2018.068	1
2018.066	1
2018.066	1
2018.066	1
2018.066	1
2018.063	1
2018.063	1
2018.063	1
2018.063	1
2018.06	1
2018.06	1
2018.06	1
2018.058	1
2018.055	1
2018.049	1
2018.041	1
2018.041	1
2018.044	1
2018.041	1
2018.038	1
2018.11	1
2018.107	1
2018.104	1
2018.101	1
2018.099	1
2018.096	1
2018.096	1
2018.088	1
2018.09	1
2018.09	1
2018.088	1
2018.077	1
2018.088	1
2018.077	1
2018.077	1
2018.077	1
2018.085	1
2018.077	1
2018.082	1
2018.082	1
2018.068	1
2018.082	1
2018.082	1
2018.082	1
2018.082	1
2018.068	1
2018.145	1
2018.181	1
2018.159	1
2018.156	1
2018.156	1
2018.148	1
2018.14	1
2018.137	1
2018.132	1
2018.115	1
2018.115	1
2018.025	1
2018.025	1
2018.06	1
2018.068	1
2018.03	1
2018.027	1
2018.027	1
2018.025	1
2018.025	1
2018.025	1
2018.173	1
2018.055	1
2018.008	1
2018.025	1
2018.164	1
2018.082	1
2018.008	1
2018.077	1
2018.082	1
2018	1
2018	1
2018	1
2018.096	1
2018.205	1
2018.104	1
2017.83	1
2018.162	1
2018.195	1
2018.019	1
2018.044	1
2018.055	1
2018.058	1
2017.953	1
2018.115	1
2018.121	1
2017.956	1
2018.307	1
2018.099	1
2018.112	1
2018.104	1
2017.967	1
2018.195	1
2018.167	1
2018.011	1
2018.23	1
2018.008	1
2018.348	1
2018.701	1
2018.427	1
2018.408	1
2018.364	1
2018.332	1
2018.26	1
2018.896	1
2018.89	1
2018.89	1
2018.915	1
2018.915	1
2018.688	1
2018.658	1
2018.638	1
2018.652	1
2018.652	1
2018.54	1
2018.507	1
2018.49	1
2018.49	1
2018.501	1
2018.485	1
2018.488	1
2018.468	1
2018.46	1
2018.488	1
2018.474	1
2018.458	1
2018.625	1
2018.784	1
2018.784	1
2018.444	1
2018.433	1
2018.23	1
2018.238	1
2018.425	1
2018.6	1
2018.597	1
2018.562	1
2018.562	1
2018.441	1
2018.441	1
2019.216	1
2018.427	1
2018.523	1
2018.523	1
2018.523	1
2018.638	1
2018.718	1
2018.644	1
2018.559	1
2018.408	1
2018.386	1
2018.655	1
2018.559	1
2018.518	1
2018.46	1
2018.441	1
2018.414	1
2018.447	1
2018.46	1
2018.403	1
2018.658	1
2018.441	1
2018.515	1
2018.515	1
2018.575	1
2018.636	1
2018.526	1
2018.49	1
2018.742	1
2019.192	1
2019.159	1
2018.575	1
2018.529	1
2018.534	1
2018.562	1
2018.559	1
2018.51	1
2018.595	1
2018.575	1
2018.638	1
2018.43	1
2018.471	1
2018.471	1
2018.603	1
2018.603	1
2018.575	1
2018.488	1
2018.488	1
2018.375	1
2018.559	1
2018.392	1
2018.485	1
2018.485	1
2018.389	1
2018.452	1
2018.707	1
2018.641	1
2018.633	1
2018.614	1
2018.493	1
2018.542	1
2018.677	1
2018.652	1
2018.384	1
2018.468	1
2018.46	1
2018.704	1
2018.658	1
2018.564	1
2018.562	1
2018.611	1
2018.608	1
2018.723	1
2018.46	1
2018.647	1
2018.479	1
2018.551	1
2018.551	1
2018.638	1
2018.712	1
2018.556	1
2018.46	1
2018.658	1
2018.636	1
2018.559	1
2018.173	1
2018.364	1
2018.364	1
2018.173	1
2018.663	1
2018.636	1
2018.542	1
2018.671	1
2018.696	1
2018.679	1
2018.674	1
2018.677	1
2018.745	1
2018.674	1
2018.679	1
2018.734	1
2018.855	1
2018.858	1
2018.855	1
2018.858	1
2018.674	1
2018.633	1
2018.592	1
2018.74	1
2018.605	1
2018.926	1
2018.433	1
2018.562	1
2018.493	1
2018.674	1
2018.488	1
2019.041	1
2019.041	1
2018.466	1
2018.688	1
2018.405	1
2018.386	1
2018.896	1
2018.696	1
2018.488	1
2019.033	1
2019.033	1
2018.488	1
2019.003	1
2019.153	1
2018.997	1
2019.093	1
2019.063	1
2019.038	1
2019.008	1
2019.121	1
2018.679	1
2018.482	1
2018.742	1
2018.46	1
2018.466	1
2018.964	1
2018.964	1
2018.795	1
2018.795	1
2018.841	1
2018.805	1
2018.868	1
2018.882	1
2018.841	1
2018.805	1
2018.882	1
2018.868	1
2018.915	1
2018.915	1
2018.942	1
2018.942	1
2018.622	1
2018.605	1
2018.553	1
2018.29	1
2018.29	1
2018.29	1
2018.46	1
2018.463	1
2018.805	1
2018.805	1
2018.614	1
2018.581	1
2018.803	1
2018.803	1
2018.737	1
2018.704	1
2018.901	1
2018.901	1
2018.668	1
2018.721	1
2018.674	1
2018.638	1
2018.564	1
2018.682	1
2018.71	1
2018.729	1
2018.203	1
2018.203	1
2018.145	1
2017.934	1
2018.044	1
2018.145	1
2018.044	1
2018.145	1
2018.008	1
2018.104	1
2018.085	1
2018.197	1
2018.058	1
2018.058	1
2018.085	1
2018.041	1
2018.093	1
2018.063	1
2018.068	1
2018.104	1
2018.192	1
2017.967	1
2017.964	1
2017.989	1
2018.041	1
2018	1
2018.06	1
2018.025	1
2018.164	1
2018.079	1
2018.005	1
2018.077	1
2018.085	1
2018.192	1
2018.019	1
2017.986	1
2017.984	1
2018.142	1
2018.167	1
2018	1
2018	1
2018.132	1
2018.175	1
2018.049	1
2018.096	1
2018.052	1
2018.079	1
2018.093	1
2018.153	1
2018.153	1
2018.104	1
2018	1
2018.236	1
2018.263	1
2018.263	1
2018.236	1
2018.142	1
2018.003	1
2017.948	1
2018.197	1
2018.101	1
2018	1
2018.145	1
2018.145	1
2018.118	1
2018.263	1
2018.058	1
2017.995	1
2017.951	1
2018.008	1
2018.214	1
2018.173	1
2018.164	1
2018.164	1
2017.986	1
2018.071	1
2017.932	1
2017.932	1
1969	1
1969	1
1968	1
1969	1
1969	1
1970	1
1970	1
1970	1
1970	1
1969	1
1968	1
1968	1
1968	1
1968	1
1969	1
1968	1
1968	1
1968	1
1968	1
1968	1
1968	1
1968	1
1968	1
1968	1
1968	1
1968	1
1968	1
1968	1
1968	1
1968	1
1968	1
1968	1
1968	1
1968	1
1968	1
1968	1
1968	1
1968	1
1968	1
1968	1
1968	1
1968	1
1968	1
1968	1
1968	1
1968	1
1968	1
1968	1
1968	1
1968	1
1968	1
1968	1
1968	1
1968	1
1968	1
1968	1
1968	1
1968	1
1968	1
1968	1
1968	1
1968	1
1968	1
1968	1
1968	1
1968	1
1968	1
1968	1
1968	1
1968	1
1968	1
1968	1
1968	1
1968	1
1968	1
1968	1
1968	1
1968	1
1968	1
1968	1
1968	1
1968	1
1968	1
1968	1
1968	1
1968	1
1968	1
1968	1
1968	1
1968	1
