family,GC
Anatidae,44.27942794
Anatidae,44.68536413
Anatidae,45.13643155
Anatidae,44.57623125
Anatidae,44.59363958
Anatidae,44.58843858
Anatidae,45.08034513
Anatidae,45.02317543
Anatidae,45.01256676
Anatidae,45.18535972
Anatidae,45.1775055
Anatidae,44.86062034
Anatidae,44.98114986
Anatidae,44.96306774
Anatidae,44.72981464
Anatidae,45.16458481
Anatidae,44.94187873
Anatidae,44.99685831
Anatidae,45.11236838
Anatidae,45.08956631
Anatidae,44.86877259
Anatidae,45.07816796
Anatidae,45.12530442
Anatidae,45.14887265
Anatidae,44.77447745
Anatidae,44.76661952
Anatidae,44.75090366
Anatidae,44.75090366
Anatidae,44.74304573
Anatidae,44.75442043
Anatidae,44.75090366
Anatidae,44.7953492
Anatidae,44.85819782
Anatidae,44.85819782
Anatidae,45.07861635
Anatidae,45.07816796
Anatidae,45.02827521
Anatidae,45.03181211
Anatidae,45.02042099
Anatidae,45.02827521
Anatidae,44.87904493
Anatidae,44.77963705
Anatidae,44.92478226
Anatidae,45.11467169
Anatidae,45.09896324
Anatidae,45.24314557
Anatidae,45.24314557
Anatidae,45.20612485
Anatidae,45.25100165
Anatidae,45.18029696
Anatidae,45.5023961
Anatidae,44.8397738
Anatidae,45.01885607
Anatidae,44.50467437
Anatidae,45.13038014
Anatidae,45.16179705
Anatidae,45.16179705
Anatidae,44.86745851
Anatidae,44.96032681
Anatidae,44.9717159
Anatidae,44.87390997
Anatidae,44.86605389
Anatidae,44.85034174
Anatidae,44.85034174
Anatidae,45.08325479
Anatidae,45.05969211
Anatidae,45.08325479
Anatidae,45.06754634
Anatidae,45.10173619
Anatidae,45.10959227
Anatidae,45.04398366
Anatidae,45.25604775
Anatidae,45.27961043
Anatidae,45.26390198
Anatidae,45.04674366
Anatidae,44.93949395
Anatidae,44.89122752
Anatidae,45.22463085
Anatidae,45.22463085
Anatidae,45.16965127
Anatidae,45.06754634
Anatidae,45.02827521
Anatidae,45.00471254
Anatidae,45.33459001
Anatidae,45.35029846
Anatidae,45.02042099
Anatidae,44.88689915
Anatidae,45.08879459
Anatidae,45.08093667
Anatidae,45.07307874
Anatidae,45.09665252
Anatidae,45.09665252
Anatidae,45.09665252
Anatidae,45.09665252
Anatidae,45.08879459
Anatidae,45.08879459
Anatidae,45.08879459
Anatidae,45.07307874
Anatidae,45.10451045
Anatidae,45.09665252
Anatidae,45.11236838
Anatidae,45.09665252
Anatidae,45.09665252
Anatidae,45.10451045
Anatidae,45.02593116
Anatidae,45.08093667
Anatidae,45.29531888
Anatidae,44.45579568
Anatidae,45.12022631
Anatidae,45.10019646
Anatidae,45.09665252
Anatidae,45.12808424
Anatidae,45.09665252
Anatidae,45.11236838
Anatidae,45.09665252
Anatidae,45.10805501
Anatidae,45.12022631
Anatidae,45.09665252
Anatidae,45.11236838
Anatidae,45.10651678
Anatidae,45.10451045
Anatidae,45.11236838
Anatidae,45.10451045
Anatidae,45.11236838
Anatidae,45.10451045
Anatidae,45.11945929
Anatidae,45.11236838
Anatidae,45.12808424
Anatidae,45.1237721
Anatidae,45.11591356
Anatidae,45.08879459
Anatidae,44.83579248
Anatidae,45.19321395
Anatidae,44.92377809
Anatidae,45.15165802
Anatidae,45.23248508
Anatidae,45.07996534
Anatidae,45.09572205
Anatidae,45.09572205
Anatidae,45.09572205
Anatidae,45.10360041
Anatidae,45.06245581
Anatidae,44.87904493
Anatidae,44.89234638
Anatidae,44.74304573
Anatidae,44.70375609
Anatidae,44.80050267
Anatidae,44.80050267
Anatidae,44.80050267
Anatidae,44.93675858
Anatidae,44.96306774
Anatidae,45.19827248
Anatidae,44.55445545
Anatidae,44.8711907
Anatidae,45.09896324
Anatidae,45.16737388
Anatidae,45.17523181
Anatidae,44.70375609
Anatidae,44.70375609
Anatidae,44.72981464
Anatidae,45.1151458
Anatidae,45.15394282
Anatidae,44.83462959
Anatidae,44.84248566
Anatidae,45.15951595
Anatidae,44.77447745
Anatidae,45.19374361
Anatidae,44.77776033
Anatidae,44.71678844
Anatidae,45.16306483
Anatidae,44.96178996
Anatidae,45.00746327
Anatidae,45.01417769
Anatidae,44.82406535
Anatidae,44.93914409
Anatidae,44.71858742
Anatidae,44.72813239
Anatidae,44.71237195
Anatidae,45.04164702
Anatidae,45.09665252
Anatidae,44.87663052
Anatidae,45.00471254
Anatidae,44.76744186
Anatidae,44.80320528
Anatidae,44.7953492
Anatidae,44.77529855
Anatidae,44.7639249
Anatidae,44.76661952
Anatidae,44.77529855
Anatidae,44.77963705
Anatidae,44.77178097
Anatidae,44.77963705
Anatidae,44.80320528
Anatidae,44.78749313
Anatidae,44.78749313
Anatidae,44.77963705
Anatidae,44.7639249
Anatidae,44.7639249
Anatidae,44.77963705
Anatidae,44.76744186
Anatidae,44.77881669
Anatidae,45.37953795
Anatidae,45.2352895
Anatidae,44.97603897
Anatidae,45.08325479
Anatidae,45.1967638
Anatidae,44.87663052
Anatidae,44.96544141
Anatidae,44.96544141
Anatidae,44.94187873
Anatidae,45.2403393
Anatidae,45.23248508
Anatidae,45.22463085
Anatidae,45.12530442
Anatidae,44.40254537
Anatidae,45.15672873
Anatidae,45.02042099
Anatidae,44.80590916
Anatidae,45.03612944
Anatidae,45.08879459
Anatidae,45.28242596
Anatidae,45.01256676
Anatidae,45.14101658
Anatidae,44.98625834
Anatidae,44.98625834
Anatidae,44.91831605
Anatidae,44.98389504
Anatidae,44.97603897
Anatidae,45.14887265
Anatidae,44.81106136
Anatidae,45.099733
Anatidae,45.33459001
Anatidae,45.21172127
Anatidae,45.13823437
Anatidae,45.11467169
Anatidae,45.04674366
Anatidae,45.46025762
Anatidae,45.06245581
Anatidae,44.83462959
Anatidae,45.13413579
Anatidae,45.25885773
Anatidae,45.24314557
Anatidae,45.1331605
Anatidae,44.94735188
Anatidae,44.93949395
Anatidae,45.18029696
Anatidae,45.2667138
Anatidae,45.17244088
Anatidae,45.17244088
Anatidae,45.18815304
Anatidae,45.1331605
Anatidae,45.14101658
Anatidae,45.20106817
Anatidae,45.16965127
Anatidae,45.16965127
Anatidae,45.10681747
Anatidae,45.05969211
Anatidae,44.99411072
Anatidae,45.26390198
Anatidae,45.18029696
Anatidae,45.18029696
Anatidae,45.18029696
Anatidae,45.01610243
Anatidae,45.06754634
Anatidae,45.06754634
Anatidae,45.07816796
Anatidae,44.94973296
Anatidae,45.3688428
Anatidae,45.29813811
Anatidae,44.94187873
Anatidae,45.07816796
Anatidae,45.11744835
Anatidae,45.10404397
Anatidae,44.92890251
Anatidae,44.78315525
Anatidae,45.08602404
Anatidae,45.08602404
Anatidae,44.67750805
Anatidae,45.01021531
Anatidae,45.09388012
Anatidae,44.87390997
Anatidae,45.04674366
Anatidae,45.05122143
Anatidae,44.85819782
Anatidae,44.84248566
Anatidae,44.7639249
Anatidae,44.70893236
Anatidae,44.84248566
Anatidae,44.73250059
Anatidae,44.77963705
Anatidae,44.7639249
Anatidae,45.14101658
Anatidae,44.88151659
Anatidae,45.03888758
Anatidae,45.02317543
Anatidae,45.02317543
Anatidae,45.02317543
Anatidae,45.00746327
Anatidae,45.01531935
Anatidae,45.02317543
Anatidae,45.10959227
Anatidae,45.01531935
Anatidae,45.18815304
Anatidae,45.04674366
Anatidae,44.74035667
Anatidae,44.90847135
Anatidae,44.86298665
Anatidae,44.70962609
Anatidae,44.66984885
Anatidae,44.38158102
Anatidae,44.80320528
Anatidae,44.78749313
Anatidae,44.6459825
Anatidae,44.93163602
Anatidae,44.977582
Anatidae,44.74035667
Anatidae,44.74035667
Anatidae,44.75606882
Anatidae,45.15158711
Anatidae,45.07164912
Anatidae,44.98664152
Anatidae,44.70375609
Anatidae,44.92024829
Anatidae,44.56743602
Anatidae,44.5909876
Anatidae,44.72845995
Anatidae,44.6949393
Anatidae,44.81891743
Anatidae,44.7953492
Anatidae,44.58296469
Anatidae,44.14145383
Anatidae,44.13798523
Anatidae,44.04369008
Anatidae,44.13798523
Anatidae,44.1301273
Anatidae,44.1301273
Anatidae,44.12920465
Anatidae,44.13798523
Anatidae,45.07584878
Anatidae,44.7953492
Anatidae,44.94302554
Anatidae,45.27974783
Anatidae,45.25885773
Anatidae,44.95247074
Anatidae,45.40812318
Anatidae,45.0310315
Anatidae,44.85819782
Anatidae,44.56752298
Anatidae,44.57537906
Anatidae,44.86605389
Anatidae,44.86605389
Anatidae,44.92104643
Anatidae,44.88962212
Anatidae,44.88962212
Anatidae,44.90533428
Anatidae,44.88962212
Anatidae,44.88176605
Anatidae,44.8974782
Anatidae,44.8974782
Anatidae,44.8974782
Anatidae,44.86605389
Anatidae,44.95247074
Anatidae,44.96032681
Anatidae,44.94461466
Anatidae,45.01531935
Anatidae,44.63037159
Anatidae,44.67750805
Anatidae,44.68536413
Anatidae,44.66965198
Anatidae,44.68536413
Anatidae,44.7639249
Anatidae,44.63024023
Anatidae,44.63024023
Anatidae,44.98389504
Anatidae,44.98389504
Anatidae,44.98389504
Anatidae,44.97603897
Anatidae,45.03888758
Anatidae,44.75606882
Anatidae,44.87663052
Anatidae,45.00746327
Anatidae,45.08602404
Anatidae,44.96818289
Anatidae,44.88176605
Anatidae,44.90020431
Anatidae,44.68804023
Anatidae,44.90806223
Anatidae,45.04674366
Anatidae,44.83462959
Anatidae,44.8974782
Anatidae,44.88176605
Anatidae,45.11744835
Anatidae,44.8974782
Anatidae,45.04164702
Anatidae,44.96306774
Anatidae,45.1331605
Anatidae,44.9909356
Anatidae,44.9996072
Anatidae,44.96032681
Anatidae,44.98389504
Anatidae,44.6617959
Anatidae,44.59894729
Anatidae,44.61465944
Anatidae,44.60680336
Anatidae,44.6617959
Anatidae,44.78749313
Anatidae,44.84248566
Anatidae,45.07031189
Anatidae,45.05813953
Anatidae,44.95520981
Anatidae,44.97878359
Anatidae,44.97878359
Anatidae,44.97092566
Anatidae,44.90020431
Anatidae,44.98664152
Anatidae,44.96306774
Anatidae,44.97092566
Anatidae,44.96306774
Anatidae,44.99449945
Anatidae,44.93949395
Anatidae,44.77447745
Anatidae,44.86605389
Anatidae,44.86605389
Anatidae,44.83462959
Anatidae,44.85034174
Anatidae,44.84248566
Anatidae,44.83462959
Anatidae,44.84248566
Anatidae,44.83462959
Anatidae,44.83462959
Anatidae,44.83462959
Anatidae,44.84248566
Anatidae,44.85034174
Anatidae,44.81106136
Anatidae,44.85034174
Anatidae,44.85034174
Anatidae,44.85819782
Anatidae,44.85819782
Anatidae,44.85034174
Anatidae,44.85819782
Anatidae,44.83462959
Anatidae,44.87390997
Anatidae,44.86605389
Anatidae,44.85819782
Anatidae,44.84248566
Anatidae,44.88176605
Anatidae,44.77178097
Anatidae,44.75172847
Anatidae,45.22237938
Anatidae,44.86877259
Anatidae,44.95088409
Anatidae,45.04518664
Anatidae,44.81132075
Anatidae,44.78749313
Anatidae,44.78749313
Anatidae,44.95247074
Anatidae,44.82677351
Anatidae,45.02946955
Anatidae,45.07307874
Anatidae,45.08525183
Anatidae,44.72464451
Anatidae,44.56666929
Anatidae,44.97603897
Anatidae,44.65660852
Anatidae,44.43658652
Anatidae,44.59109121
Anatidae,45.01807324
Anatidae,44.92104643
Anatidae,44.94461466
Anatidae,44.9996072
Anatidae,44.63809075
Anatidae,45.03888758
Anatidae,44.71659601
Anatidae,45.0310315
Anatidae,44.88145706
Anatidae,44.80646934
Anatidae,44.93914409
Anatidae,44.86091466
Anatidae,44.70874549
Anatidae,44.80320528
Anatidae,44.96032681
Anatidae,44.87390997
Anatidae,44.86605389
Anatidae,45.07816796
Anatidae,45.18815304
Anatidae,45.14887265
Anatidae,45.02317543
Anatidae,45.08602404
Anatidae,45.14887265
Anatidae,45.15672873
Anatidae,45.02317543
Anatidae,44.66446645
Anatidae,44.82406535
Anatidae,44.94973296
Anatidae,44.94973296
Anatidae,44.98389504
Anatidae,45.0310315
Anatidae,45.12808424
Anatidae,45.0310315
Anatidae,44.87390997
Anatidae,44.95520981
Anatidae,44.94735188
Anatidae,45.0310315
Anatidae,45.05736288
Anatidae,45.04950495
Anatidae,45.00235738
Anatidae,45.03378909
Anatidae,45.01021531
Anatidae,44.77963705
Anatidae,44.77963705
Anatidae,44.60160302
Anatidae,44.7639249
Anatidae,45.19880559
Anatidae,44.98190971
Anatidae,45.33227218
Anatidae,44.88176605
Anatidae,44.77447745
Anatidae,45.19094767
Anatidae,44.81891743
Anatidae,44.84248566
Anatidae,45.02317543
Anatidae,44.99175112
Anatidae,44.91319035
Anatidae,44.81106136
Anatidae,44.81106136
Anatidae,44.7639249
Anatidae,45.12530442
Anatidae,45.10451045
Anatidae,45.05459973
Anatidae,44.88962212
Anatidae,44.92104643
Anatidae,44.74821274
Anatidae,45.12530442
Anatidae,45.07307874
Anatidae,44.8711907
Anatidae,44.7953492
Anatidae,44.92104643
Anatidae,44.83734088
Anatidae,44.82948295
Anatidae,44.94461466
Anatidae,44.96818289
Anatidae,45.15672873
Anatidae,44.87390997
Anatidae,45.10959227
Anatidae,45.11744835
Anatidae,45.00235738
Anatidae,45.1331605
Anatidae,45.0310315
Anatidae,44.9996072
Anatidae,44.90806223
Anatidae,44.92890251
Anatidae,44.84248566
Anatidae,45.25100165
Anatidae,45.21172127
Anatidae,45.21957734
Anatidae,45.32170634
Anatidae,45.10127179
Anatidae,45.40600845
Anatidae,45.37922243
Anatidae,45.18029696
Anatidae,45.18029696
Anatidae,45.17244088
Anatidae,45.40812318
Anatidae,45.18815304
Anatidae,44.81106136
Anatidae,44.80320528
Anatidae,44.81891743
Anatidae,44.81891743
Anatidae,44.7953492
Anatidae,44.7953492
Anatidae,44.80320528
Anatidae,45.16458481
Anatidae,45.18029696
Anatidae,45.18815304
Anatidae,45.18815304
Anatidae,45.16458481
Anatidae,45.17244088
Anatidae,45.18029696
Anatidae,45.18815304
Anatidae,45.18815304
Anatidae,45.30599419
Anatidae,45.18815304
Anatidae,45.18815304
Anatidae,45.18029696
Anatidae,45.32956242
Anatidae,45.18815304
Anatidae,45.18815304
Anatidae,45.18815304
Anatidae,45.17244088
Anatidae,45.25100165
Anatidae,45.37669888
Anatidae,45.38455495
Anatidae,45.3688428
Anatidae,45.3688428
Anatidae,45.37669888
Anatidae,45.3688428
Anatidae,45.3688428
Anatidae,45.3688428
Anatidae,45.36098672
Anatidae,45.3688428
Anatidae,45.36098672
Anatidae,45.3688428
Anatidae,45.2352895
Anatidae,45.22743342
Anatidae,45.29813811
Anatidae,45.36098672
Anatidae,45.2352895
Anatidae,45.21957734
Anatidae,45.21172127
Anatidae,45.37669888
Anatidae,45.40812318
Anatidae,45.41597926
Anatidae,45.40026711
Anatidae,45.32956242
Anatidae,45.3688428
Anatidae,45.41597926
Anatidae,45.41597926
Anatidae,45.43954749
Anatidae,45.43169141
Anatidae,45.40812318
Anatidae,45.40026711
Anatidae,45.42383534
Anatidae,45.42383534
Anatidae,45.40812318
Anatidae,45.40812318
Anatidae,45.3688428
Anatidae,45.40026711
Anatidae,45.42383534
Anatidae,45.42383534
Anatidae,45.25100165
Anatidae,45.41597926
Anatidae,45.41597926
Anatidae,45.41597926
Anatidae,45.42383534
Anatidae,45.40812318
Anatidae,45.40812318
Anatidae,45.40812318
Anatidae,45.40812318
Anatidae,45.40812318
Anatidae,45.40812318
Anatidae,45.41597926
Anatidae,45.40812318
Anatidae,44.98389504
Anatidae,44.82948295
Anatidae,44.82948295
Anatidae,44.82677351
Anatidae,44.82677351
Anatidae,44.84248566
Anatidae,44.85034174
Anatidae,44.79805123
Anatidae,44.8974782
Anatidae,44.96032681
Anatidae,44.70375609
Anatidae,44.92104643
Anatidae,44.88176605
Anatidae,44.85819782
Anatidae,44.85819782
Anatidae,45.15165802
Anatidae,44.85034174
Anatidae,44.82677351
Anatidae,44.74531042
Anatidae,44.61973158
Anatidae,44.74531042
Anatidae,44.77670513
Anatidae,44.76100777
Anatidae,44.53339612
Anatidae,44.2612655
Anatidae,44.37642257
Anatidae,44.44706067
Anatidae,44.37642257
Anatidae,44.3685739
Anatidae,44.35287654
Anatidae,44.33717919
Anatidae,44.84734322
Anatidae,44.86304058
Anatidae,45.17977705
Anatidae,44.70606703
Anatidae,45.03061705
Anatidae,45.02276653
Anatidae,44.82379719
Anatidae,44.7845538
Anatidae,44.97292206
Anatidae,44.98861942
Anatidae,44.82650338
Anatidae,44.88145706
Anatidae,44.90500864
Anatidae,44.82650338
Anatidae,44.93367868
Anatidae,44.99921495
Anatidae,44.99136442
Anatidae,44.86304058
Anatidae,44.87873793
Anatidae,44.84734322
Anatidae,45.11697284
Anatidae,44.76100777
Anatidae,44.76885645
Anatidae,44.95290424
Anatidae,44.94426127
Anatidae,44.95996232
Anatidae,44.72069237
Anatidae,44.4706067
Anatidae,44.62758025
Anatidae,44.72795792
Anatidae,44.70828747
Anatidae,44.93049556
Anatidae,44.70606703
Anatidae,44.67232438
Anatidae,44.65112629
Anatidae,44.81594851
Anatidae,44.82379719
Anatidae,45.03804817
Anatidae,44.682521
Anatidae,44.682521
Anatidae,44.67467232
Anatidae,44.77154969
Anatidae,44.76369917
Anatidae,44.75936249
Anatidae,44.76287688
Anatidae,44.75420135
Anatidae,44.77072864
Anatidae,44.33629013
Anatidae,44.48370632
Anatidae,45.00431677
Anatidae,44.9964681
Anatidae,44.98861942
Anatidae,45.02786281
Anatidae,44.85790548
Anatidae,44.80667769
Anatidae,45.16129032
Anatidae,44.77447745
Anatidae,44.43921199
Anatidae,44.43136332
Anatidae,44.34502786
Anatidae,44.73746174
Anatidae,44.74531042
Anatidae,45.09896324
Anatidae,44.63627089
Anatidae,44.97566337
Anatidae,44.99921495
Anatidae,44.75068708
Anatidae,44.70089496
Anatidae,44.70089496
Anatidae,44.70874549
Anatidae,44.82731554
Anatidae,44.79240248
Anatidae,44.77670513
Anatidae,44.95722471
Anatidae,44.8551919
Anatidae,44.79240248
Anatidae,44.81594851
Anatidae,44.95722471
Anatidae,44.80025116
Anatidae,45.05140884
Anatidae,45.07495487
Anatidae,44.65112629
Anatidae,44.86304058
Anatidae,44.98077074
Anatidae,45.0985009
Anatidae,44.83949455
Anatidae,44.86304058
Anatidae,44.86304058
Anatidae,44.89443529
Anatidae,44.84734322
Anatidae,44.8551919
Anatidae,44.98861942
Anatidae,44.91558697
Anatidae,44.83949455
Anatidae,45.00431677
Anatidae,44.84734322
Anatidae,44.84734322
Anatidae,44.74014759
Anatidae,44.92583
Anatidae,44.94152735
Anatidae,44.93367868
Anatidae,44.94937603
Anatidae,44.98861942
Anatidae,44.95722471
Anatidae,44.95722471
Anatidae,44.93367868
Anatidae,44.90228397
Anatidae,44.92583
Anatidae,44.93367868
Anatidae,45.31826387
Anatidae,44.99411072
Anatidae,44.76885645
Anatidae,44.76100777
Anatidae,44.7845538
Anatidae,44.50290561
Anatidae,44.79510127
Anatidae,45.10634958
Anatidae,45.06710619
Anatidae,45.12989561
Anatidae,45.06710619
Anatidae,44.77670513
Anatidae,44.76885645
Anatidae,44.80025116
Anatidae,44.61103697
Anatidae,45.13065997
Anatidae,44.90853419
Anatidae,45.16635279
Anatidae,44.97998273
Anatidae,44.94152735
Anatidae,44.70089496
Anatidae,44.97292206
Anatidae,45.03571148
Anatidae,44.69821835
Anatidae,44.77940022
Anatidae,45.08280355
Anatidae,45.0577059
Anatidae,44.86304058
Anatidae,44.40257497
Anatidae,44.73229706
Anatidae,44.98190971
Anatidae,44.69821835
Anatidae,44.82460959
Anatidae,44.78970496
Anatidae,44.91013264
Anatidae,44.96507339
Anatidae,44.69534902
Anatidae,44.7424638
Anatidae,44.2979358
Anatidae,44.79240248
Anatidae,44.73229706
Anatidae,44.58048819
Anatidae,44.70172684
Anatidae,44.82379719
Anatidae,44.88930758
Anatidae,44.7845538
Anatidae,44.56479083
Anatidae,44.74014759
Anatidae,44.81865285
Anatidae,44.59883812
Anatidae,44.72961306
Anatidae,44.69036967
Anatidae,44.88658661
Anatidae,44.72176438
Anatidae,44.93367868
Anatidae,44.76100777
Anatidae,44.89443529
Anatidae,44.65897496
Anatidae,44.90228397
Anatidae,44.70606703
Anatidae,44.55958549
Anatidae,44.69036967
Anatidae,44.69821835
Anatidae,44.86304058
Anatidae,44.94152735
Anatidae,44.81098001
Anatidae,45.00431677
Anatidae,44.72176438
Anatidae,44.85517683
Anatidae,44.73353246
Anatidae,45.03571148
Anatidae,44.48108023
Anatidae,44.68519391
Anatidae,44.70874549
Anatidae,44.87873793
Anatidae,44.96507339
Anatidae,44.98861942
Anatidae,44.56269505
Anatidae,44.60713714
Anatidae,45.02001413
Anatidae,44.76885645
Anatidae,45.02951594
Anatidae,44.6118829
Anatidae,44.91798132
Anatidae,44.90228397
Anatidae,45.231237
Anatidae,45.19484676
Anatidae,45.21523444
Anatidae,44.71391571
Anatidae,45.03571715
Anatidae,44.9183947
Anatidae,44.83926883
Anatidae,45.13774429
Anatidae,44.33977076
Anatidae,44.5909876
Anatidae,44.66164233
Anatidae,44.6223897
Anatidae,44.63724874
Anatidae,44.87088926
Anatidae,44.89202984
Anatidae,44.87088926
Anatidae,44.93367868
Anatidae,45.05140884
Anatidae,44.86304058
Anatidae,44.73808772
Anatidae,44.78993591
Anatidae,44.70606703
Anatidae,44.88930758
Anatidae,44.86304058
Anatidae,45.04356016
Anatidae,44.85790548
Anatidae,45.169139
Anatidae,44.80809984
Anatidae,44.67467232
Anatidae,44.73746174
Anatidae,44.83164587
Anatidae,44.76369917
Anatidae,44.9964681
Anatidae,45.05925752
Anatidae,45.01216545
Anatidae,45.05140884
Anatidae,44.87088926
Anatidae,44.91798132
Anatidae,44.78725075
Anatidae,44.76369917
Anatidae,45.11419826
Anatidae,44.84734322
Anatidae,44.95564105
Anatidae,44.91798132
Anatidae,44.90228397
Anatidae,45.01216545
Anatidae,44.6537918
Anatidae,44.90500864
Anatidae,44.6389325
Anatidae,44.54738164
Anatidae,44.93720565
Anatidae,44.58048819
Anatidae,44.57263951
Anatidae,44.57263951
Anatidae,44.58833687
Anatidae,44.80998744
Anatidae,44.88658661
Anatidae,44.85115073
Anatidae,44.76885645
Anatidae,44.54909348
Anatidae,44.58048819
Anatidae,44.74531042
Anatidae,44.69821835
Anatidae,44.86575601
Anatidae,44.86575601
Anatidae,44.87088926
Anatidae,44.76100777
Anatidae,44.84734322
Anatidae,44.76369917
Anatidae,44.4104255
Anatidae,44.55694216
Anatidae,44.56479083
Anatidae,44.52033286
Anatidae,44.70874549
Anatidae,44.53082057
Anatidae,44.72961306
Anatidae,44.58833687
Anatidae,44.58048819
Anatidae,44.62758025
Anatidae,44.82650338
Anatidae,44.89443529
Anatidae,44.59883812
Anatidae,44.6537918
Anatidae,44.55958549
Anatidae,44.71659601
Anatidae,44.52554745
Anatidae,44.94152735
Anatidae,44.63024023
Anatidae,44.91798132
Anatidae,44.81594851
Anatidae,44.97292206
Anatidae,44.94426127
Anatidae,44.73229706
Anatidae,44.87873793
Anatidae,44.79510127
Anatidae,44.92070969
Anatidae,44.6223897
Anatidae,44.7845538
Anatidae,44.80025116
Anatidae,44.96781284
Anatidae,45.15622547
Anatidae,44.73746174
Anatidae,44.80025116
Anatidae,44.61635121
Anatidae,44.71225563
Anatidae,45.11419826
Anatidae,44.682521
Anatidae,44.74799812
Anatidae,44.73746174
Anatidae,44.87088926
Anatidae,44.94426127
Anatidae,44.8551919
Anatidae,44.69036967
Anatidae,45.06710619
Anatidae,45.03571148
Anatidae,44.67734338
Anatidae,44.79240248
Anatidae,45.09342126
Anatidae,44.95722471
Anatidae,45.10634958
Anatidae,45.09419152
Anatidae,45.12070457
Anatidae,45.09065223
Anatidae,45.06201916
Anatidae,45.08132007
Anatidae,44.68519391
Anatidae,44.78373499
Anatidae,44.53603391
Anatidae,45.01216545
Anatidae,44.9964681
Anatidae,44.94937603
Anatidae,44.40781728
Anatidae,44.40781728
Anatidae,44.58048819
Anatidae,44.48630406
Anatidae,44.39996861
Anatidae,45.10127179
Anatidae,44.75584864
Anatidae,44.64594128
Anatidae,44.66272189
Anatidae,44.74799812
Anatidae,44.99136442
Anatidae,44.8343539
Anatidae,44.94426127
Anatidae,44.88930758
Anatidae,44.99921495
Anatidae,44.77940022
Anatidae,44.80213568
Anatidae,44.84139447
Anatidae,44.69821835
Anatidae,44.96507339
Anatidae,44.91285916
Anatidae,44.72176438
Anatidae,44.83573623
Anatidae,44.86575601
Anatidae,44.91013264
Anatidae,44.91013264
Anatidae,44.91013264
Anatidae,44.89443529
Anatidae,44.88658661
Anatidae,44.52554745
Anatidae,44.44706067
Anatidae,44.75315909
Anatidae,44.63809075
Anatidae,44.69821835
Anatidae,44.63542893
Anatidae,44.84734322
Anatidae,44.63542893
Anatidae,44.50200141
Anatidae,44.66682364
Anatidae,44.73746174
Anatidae,44.69821835
Anatidae,44.66682364
Anatidae,44.83164587
Anatidae,44.74014759
Anatidae,44.48630406
Anatidae,44.69821835
Anatidae,44.90228397
Anatidae,44.71320517
Anatidae,44.79240248
Anatidae,44.51248234
Anatidae,44.98077074
Anatidae,44.63024023
Anatidae,44.695543
Anatidae,44.75315909
Anatidae,44.76100777
Anatidae,44.76100777
Anatidae,44.7845538
Anatidae,44.52818339
Anatidae,44.93367868
Anatidae,44.58313707
Anatidae,44.81594851
Anatidae,45.13774429
Anatidae,44.69821835
Anatidae,44.77940022
Anatidae,45.04356016
Anatidae,45.03571148
Anatidae,44.60668865
Anatidae,44.94937603
Anatidae,44.95722471
Anatidae,44.53603391
Anatidae,44.71391571
Anatidae,44.682521
Anatidae,44.52033286
Anatidae,44.76885645
Anatidae,45.03571148
Anatidae,44.65112629
Anatidae,44.71659601
Anatidae,44.80809984
Anatidae,44.63542893
Anatidae,44.63542893
Anatidae,44.81594851
Anatidae,44.75315909
Anatidae,44.91798132
Anatidae,44.94937603
Anatidae,45.01451322
Anatidae,45.4047619
Anatidae,45.40844624
Anatidae,45.29250098
Anatidae,45.31544256
Anatidae,45.15850596
Anatidae,45.49164247
Anatidae,45.38606403
Anatidae,45.03415247
Anatidae,45.16686298
Anatidae,44.90740741
Anatidae,44.92310107
Anatidae,44.92310107
Anatidae,45.03738686
Anatidae,44.71123666
Anatidae,44.71908349
Anatidae,44.86847271
Anatidae,44.89956058
Anatidae,45.07219083
Anatidae,44.9752883
Anatidae,45.07727308
Anatidae,45.08788449
Anatidae,45.16635279
Anatidae,45.1428123
Anatidae,45.12711864
Anatidae,44.92310107
Anatidae,44.9309479
Anatidae,44.97802888
Anatidae,45.05692972
Anatidae,45.12530442
Anatidae,45.0463181
Anatidae,44.94426127
Anatidae,44.92310107
Anatidae,44.93641074
Anatidae,44.23001491
Anatidae,44.61453917
Anatidae,44.87360653
Anatidae,44.73993881
Anatidae,44.41303494
Anatidae,44.44967443
Anatidae,44.44967443
Anatidae,44.44182945
Anatidae,44.45751942
Anatidae,44.44182945
Anatidae,44.43398447
Anatidae,44.44182945
Anatidae,44.44967443
Anatidae,44.44967443
Anatidae,44.4182945
Anatidae,44.53596925
Anatidae,44.64594128
Anatidae,44.48105437
Anatidae,44.3241547
Anatidae,44.24570487
Anatidae,44.49674433
Anatidae,44.5124343
Anatidae,44.49674433
Anatidae,44.49674433
Anatidae,44.40257497
Anatidae,44.61441908
Anatidae,44.5124343
Anatidae,44.41044952
Anatidae,44.48889935
Anatidae,44.70071389
Anatidae,44.53596925
Anatidae,44.79485369
Anatidae,44.64594128
Anatidae,44.6065741
Anatidae,44.66148898
Anatidae,44.58303915
Anatidae,44.59872911
Anatidae,44.63795403
Anatidae,44.59872911
Anatidae,44.6065741
Anatidae,44.59872911
Anatidae,44.72424884
Anatidae,44.72424884
Anatidae,44.19863497
Anatidae,44.3712246
Anatidae,44.61441908
Anatidae,44.22216992
Anatidae,44.22216992
Anatidae,44.20647996
Anatidae,44.48108023
Anatidae,44.57528654
Anatidae,44.68502393
Anatidae,44.61223848
Anatidae,44.52027928
Anatidae,44.68502393
Anatidae,44.67717894
Anatidae,44.59872911
Anatidae,44.54381423
Anatidae,44.6537918
Anatidae,44.07311524
Anatidae,44.30846474
Anatidae,45.05416863
Anatidae,44.63010905
Anatidae,44.63795403
Anatidae,44.53596925
Anatidae,44.59088413
Anatidae,44.59872911
Anatidae,44.59088413
Anatidae,44.57519416
Anatidae,44.56734918
Anatidae,44.56300016
Anatidae,44.71927758
Anatidae,44.63795403
Anatidae,44.74778379
Anatidae,44.84953249
Anatidae,44.70855888
Anatidae,44.81838864
Anatidae,44.72424884
Anatidae,44.47320938
Anatidae,44.7953492
Anatidae,44.76990733
Anatidae,44.30846474
Anatidae,44.71640386
Anatidae,44.45764054
Anatidae,45.18762757
Anatidae,45.1954781
Anatidae,45.21117915
Anatidae,45.14052442
Anatidae,45.08833922
Anatidae,44.77916372
Anatidae,44.58303915
Anatidae,44.47585395
Anatidae,44.29277477
Anatidae,44.5648759
Anatidae,44.44619134
Anatidae,44.63795403
Anatidae,44.58303915
Anatidae,44.26139484
Anatidae,44.26139484
Anatidae,44.2770848
Anatidae,44.70338983
Anatidae,44.7725649
Anatidae,44.64555053
Anatidae,44.74778379
Anatidae,44.67717894
Anatidae,44.47322971
Anatidae,44.67734338
Anatidae,44.69286891
Anatidae,44.76347376
Anatidae,44.73209383
Anatidae,44.67984934
Anatidae,44.47583176
Anatidae,44.48367859
Anatidae,44.60922787
Anatidae,44.97018205
Anatidae,44.44444444
Anatidae,44.98783264
Anatidae,44.40693932
Anatidae,44.44967813
Anatidae,44.44967813
Anatidae,44.682521
Anatidae,44.84734322
Anatidae,44.90228397
Anatidae,45.01612776
Anatidae,44.95722471
Anatidae,44.76616447
Anatidae,45.02001413
Anatidae,44.76885645
Anatidae,44.98077074
Anatidae,44.97292206
Anatidae,44.91798132
Anatidae,44.73746174
Anatidae,44.76100777
Anatidae,45.22762951
Anatidae,45.02001413
Anatidae,45.07495487
Anatidae,45.29592077
Anatidae,45.13267389
Anatidae,45.21623107
Anatidae,45.22407974
Anatidae,45.20838239
Anatidae,45.11419826
Anatidae,45.16129032
Anatidae,45.17698768
Anatidae,45.26008367
Anatidae,45.32611255
Anatidae,44.72176438
Anatidae,44.84734322
Anatidae,44.78305378
Anatidae,45.12989561
Anatidae,45.1543943
Anatidae,45.18676459
Anatidae,45.15287983
Anatidae,45.16129032
Anatidae,45.15344165
Anatidae,44.98861942
Anatidae,45.0985009
Anatidae,44.9964681
Anatidae,45.28612921
Anatidae,45.44384271
Anatidae,45.43599404
Anatidae,45.44384271
Anatidae,45.14761307
Anatidae,44.94937603
Anatidae,45.37320462
Anatidae,45.32611255
Anatidae,45.39174125
Anatidae,45.1918522
Anatidae,45.02786281
Anatidae,45.23978266
Anatidae,44.98779431
Anatidae,45.03571148
Anatidae,44.9964681
Anatidae,45.0507914
Anatidae,44.72961306
Anatidae,44.87873793
Anatidae,44.60193716
Anatidae,44.61768643
Anatidae,45.15344165
Anatidae,45.17698768
Anatidae,45.15344165
Anatidae,45.05925752
Anatidae,45.27117181
Anatidae,45.11419826
Anatidae,45.04356016
Anatidae,45.00431677
Anatidae,44.98077074
Anatidae,44.90228397
Anatidae,44.73746174
Anatidae,45.30256652
Anatidae,45.20279281
Anatidae,44.90228397
Anatidae,45.17698768
Anatidae,45.06201916
Anatidae,44.93367868
Anatidae,44.96507339
Anatidae,45.19268503
Anatidae,45.14559297
Anatidae,45.01216545
Anatidae,44.80809984
Anatidae,44.80809984
Anatidae,45.02510986
Anatidae,45.06279435
Anatidae,45.01216545
Anatidae,44.99372254
Anatidae,45.20838239
Anatidae,44.9964681
Anatidae,44.80809984
Anatidae,44.92070969
Anatidae,44.94901961
Anatidae,44.91764706
Anatidae,45.04865035
Anatidae,45.03295669
Anatidae,45.33751962
Anatidae,44.86353147
Anatidae,45.04934734
Anatidae,45.07042254
Anatidae,45.01472109
Anatidae,45.16180456
Anatidae,45.15795337
Anatidae,45.13267389
Anatidae,45.05103252
Anatidae,45.03571148
Anatidae,44.85458613
Anatidae,44.81324545
Anatidae,44.81324545
Anatidae,44.80539862
Anatidae,44.82893911
Anatidae,44.80539862
Anatidae,44.80539862
Anatidae,44.79755179
Anatidae,45.3567784
Anatidae,45.0463181
Anatidae,45.16129032
Anatidae,45.06710619
Anatidae,45.13774429
Anatidae,45.17698768
Anatidae,45.18483636
Anatidae,44.90228397
Anatidae,45.01216545
Anatidae,45.12989561
Anatidae,45.10634958
Anatidae,45.08280355
Anatidae,45.03571148
Anatidae,44.97292206
Anatidae,45.02786281
Anatidae,44.8551919
Anatidae,45.01138237
Anatidae,45.22407974
Anatidae,45.21623107
Anatidae,45.03571148
Anatidae,45.27472527
Anatidae,45.07495487
Anatidae,45.25547445
Anatidae,45.2433281
Anatidae,45.32611255
Anatidae,45.33396123
Anatidae,45.27902049
Anatidae,45.28686916
Anatidae,45.27117181
Anatidae,45.20838239
Anatidae,45.20053371
Anatidae,45.21623107
Anatidae,45.18483636
Anatidae,45.17698768
Anatidae,45.1897339
Anatidae,45.20838239
Anatidae,45.21623107
Anatidae,45.21623107
Anatidae,45.16129032
Anatidae,45.05925752
Anatidae,45.20053371
Anatidae,45.18483636
Anatidae,45.22407974
Anatidae,45.20053371
Anatidae,45.18483636
Anatidae,45.20838239
Anatidae,45.20838239
Anatidae,45.20838239
Anatidae,45.19268503
Anatidae,45.19268503
Anatidae,45.20838239
Anatidae,44.88065327
Anatidae,44.94073318
Anatidae,44.98217822
Anatidae,44.97991968
Anatidae,44.83678594
Anatidae,44.83678594
Anatidae,44.77424421
Anatidae,44.76616447
Anatidae,44.80539862
Anatidae,44.5229682
Anatidae,44.86032643
Anatidae,44.63977398
Anatidae,44.70089496
Anatidae,44.82921084
Anatidae,44.72424884
Anatidae,44.85878373
Anatidae,44.8246028
Anatidae,44.81944772
Anatidae,44.87451813
Anatidae,44.65897496
Anatidae,44.65112629
Anatidae,44.61973158
Anatidae,44.682521
Anatidae,44.42875078
Anatidae,44.62758025
Anatidae,44.6118829
Anatidae,44.62758025
Anatidae,44.62758025
Anatidae,44.65112629
Anatidae,44.53075957
Anatidae,44.47594299
Anatidae,44.65660852
Anatidae,44.60414703
Anatidae,44.59883812
Anatidae,44.06247547
Anatidae,44.33717919
Anatidae,44.34502786
Anatidae,44.84463277
Anatidae,44.84463277
Anatidae,44.84463277
Anatidae,44.89956058
Anatidae,44.89171375
Anatidae,45.19774011
Anatidae,45.05925752
Anatidae,45.05494505
Anatidae,45.11142498
Anatidae,45.14761307
Anatidae,45.11927181
Anatidae,45.127472
Anatidae,45.10925705
Anatidae,45.07747318
Anatidae,44.90410525
Anatidae,44.98861942
Anatidae,45.08988147
Anatidae,44.84463277
Anatidae,44.94937603
Anatidae,44.94937603
Anatidae,44.80025116
Anatidae,44.50200141
Anatidae,44.47845538
Anatidae,44.47845538
Anatidae,44.48630406
Anatidae,44.48630406
Anatidae,44.47845538
Anatidae,44.4706067
Anatidae,44.49415274
Anatidae,44.75315909
Anatidae,44.74531042
Anatidae,44.96075353
Anatidae,44.97292206
Anatidae,44.44706067
Anatidae,44.65112629
Anatidae,44.64327761
Anatidae,44.93367868
Anatidae,44.76100777
Anatidae,44.59618554
Anatidae,44.80809984
Anatidae,44.83164587
Anatidae,44.8524796
Anatidae,44.80809984
Anatidae,44.7845538
Anatidae,44.79240248
Anatidae,44.79240248
Anatidae,44.77670513
Anatidae,44.89443529
Anatidae,44.76885645
Anatidae,44.80025116
Anatidae,44.83191957
Anatidae,44.682521
Anatidae,44.73746174
Anatidae,44.75315909
Anatidae,44.96507339
Anatidae,44.91013264
Anatidae,44.92583
Anatidae,44.91013264
Anatidae,44.94152735
Anatidae,44.8551919
Anatidae,44.80809984
Anatidae,44.75315909
Anatidae,44.80025116
Anatidae,44.79591837
Anatidae,44.80025116
Anatidae,44.87088926
Anatidae,44.86304058
Anatidae,44.97292206
Anatidae,44.83949455
Anatidae,44.83164587
Anatidae,44.81594851
Anatidae,44.80025116
Anatidae,44.80809984
Anatidae,44.67200251
Anatidae,44.80539862
Anatidae,44.78185813
Anatidae,44.78970496
Anatidae,44.83678594
Anatidae,45.40175769
Anatidae,44.91013264
Anatidae,44.89443529
Anatidae,44.9815585
Anatidae,45.01216545
Anatidae,45.11419826
Anatidae,44.7973026
Anatidae,44.92310107
Anatidae,45.07495487
Anatidae,45.12989561
Anatidae,45.00901749
Anatidae,44.86817326
Anatidae,45.15344165
Anatidae,45.05140884
Anatidae,45.05140884
Anatidae,45.20936835
Anatidae,44.91013264
Anatidae,45.15850596
Anatidae,44.97018205
Anatidae,44.92310107
Anatidae,45.10634958
Anatidae,44.95448839
Anatidae,44.95448839
Anatidae,44.95448839
Anatidae,44.95448839
Anatidae,44.94664156
Anatidae,44.94664156
Anatidae,44.95448839
Anatidae,44.93879473
Anatidae,44.93879473
Anatidae,44.97018205
Anatidae,45.12989561
Anatidae,45.14231945
Anatidae,45.15065913
Anatidae,45.18204645
Anatidae,45.33396123
Anatidae,45.00431677
Anatidae,45.01726303
Anatidae,44.86032643
Anatidae,45.17698768
Anatidae,44.72176438
Anatidae,44.94937603
Anatidae,44.87873793
Anatidae,44.90228397
Anatidae,44.87088926
Anatidae,44.70606703
Anatidae,44.8551919
Anatidae,44.89443529
Anatidae,44.8551919
Anatidae,44.86304058
Anatidae,44.88658661
Anatidae,44.91013264
Anatidae,44.91798132
Anatidae,44.93367868
Anatidae,44.96507339
Anatidae,44.91798132
Anatidae,44.90228397
Anatidae,44.93367868
Anatidae,44.8551919
Anatidae,44.98861942
Anatidae,44.98861942
Anatidae,44.91013264
Anatidae,44.9964681
Anatidae,44.90228397
Anatidae,45.04433807
Anatidae,45.22912743
Anatidae,45.00156937
Anatidae,44.7845538
Anatidae,44.79240248
Anatidae,44.74531042
Anatidae,45.26442308
Anatidae,44.95848161
Anatidae,44.95088409
Anatidae,44.80025116
Anatidae,45.0985009
Anatidae,45.05944414
Anatidae,44.69036967
Anatidae,45.07495487
Anatidae,44.81594851
Anatidae,44.93367868
Anatidae,45.26332313
Anatidae,45.10204082
Anatidae,44.87873793
Anatidae,44.87088926
Anatidae,44.86304058
Anatidae,44.8551919
Anatidae,45.13774429
Anatidae,44.88658661
Anatidae,45.01216545
Anatidae,44.83949455
Anatidae,44.85276796
Anatidae,44.81594851
Anatidae,45.02001413
Anatidae,44.96507339
Anatidae,44.83949455
Anatidae,44.81594851
Anatidae,45.04985475
Anatidae,44.91718345
Anatidae,44.97055359
Anatidae,44.96507339
Anatidae,44.89010989
Anatidae,44.93720565
Anatidae,44.93367868
Anatidae,44.93914409
Anatidae,45.04356016
Anatidae,45.13774429
Anatidae,45.03571148
Anatidae,45.04356016
Anatidae,45.01216545
Anatidae,44.98077074
Anatidae,45.06124372
Anatidae,45.02552022
Anatidae,45.05925752
Anatidae,45.05925752
Anatidae,45.05140884
Anatidae,45.17698768
Anatidae,45.05925752
Anatidae,44.96507339
Anatidae,45.16129032
Anatidae,44.96507339
Anatidae,45.14559297
Anatidae,44.97292206
Anatidae,44.84572505
Anatidae,45.03571148
Anatidae,45.02786281
Anatidae,45.02001413
Anatidae,44.90228397
Anatidae,44.53339612
Anatidae,44.95722471
Anatidae,44.84734322
Anatidae,44.83949455
Anatidae,44.79240248
Anatidae,44.87088926
Anatidae,44.97292206
Anatidae,44.98861942
Anatidae,44.98861942
Anatidae,44.96507339
Anatidae,44.82379719
Anatidae,44.87873793
Anatidae,44.92856021
Anatidae,44.91798132
Anatidae,44.92583
Anatidae,44.80728472
Anatidae,44.90228397
Anatidae,44.81594851
Anatidae,44.74531042
Anatidae,44.75315909
Anatidae,44.74531042
Anatidae,44.74882261
Anatidae,44.76803517
Anatidae,44.78806907
Anatidae,44.87008399
Anatidae,44.80025116
Anatidae,44.89956058
Anatidae,44.86032643
Anatidae,44.86817326
Anatidae,44.91013264
Anatidae,44.86817326
Anatidae,44.86817326
Anatidae,44.8524796
Anatidae,45.04356016
Anatidae,44.98861942
Anatidae,44.81135838
Anatidae,44.76100777
Anatidae,44.94152735
Anatidae,44.94937603
Anatidae,44.8042228
Anatidae,45.29471784
Anatidae,44.73746174
Anatidae,44.75315909
Anatidae,44.76885645
Anatidae,44.74531042
Anatidae,44.76100777
Anatidae,44.75315909
Anatidae,44.82379719
Anatidae,44.56479083
Anatidae,44.97292206
Anatidae,44.75315909
Anatidae,45.01216545
Anatidae,45.02001413
Anatidae,44.7845538
Anatidae,44.80025116
Anatidae,44.80025116
Anatidae,44.77670513
Anatidae,44.7845538
Anatidae,44.80025116
Anatidae,44.80025116
Anatidae,44.80025116
Anatidae,44.81594851
Anatidae,44.80025116
Anatidae,44.79240248
Anatidae,44.80809984
Anatidae,44.80025116
Anatidae,44.79240248
Anatidae,44.79240248
Anatidae,44.80025116
Anatidae,44.79240248
Anatidae,44.79240248
Anatidae,44.81594851
Anatidae,44.95722471
Anatidae,44.95722471
Anatidae,44.95722471
Anatidae,44.83949455
Anatidae,44.83949455
Anatidae,44.95722471
Anatidae,44.83949455
Anatidae,44.80809984
Anatidae,44.81594851
Anatidae,44.81594851
Anatidae,44.76100777
Anatidae,44.91013264
Anatidae,44.76100777
Anatidae,44.95722471
Anatidae,44.64327761
Anatidae,44.61973158
Anatidae,44.62758025
Anatidae,44.63542893
Anatidae,44.74531042
Anatidae,44.87088926
Anatidae,45.0985009
Anatidae,44.98077074
Anatidae,45.09065223
Anatidae,45.0985009
Anatidae,44.91798132
Anatidae,44.8551919
Anatidae,44.83164587
Anatidae,44.7845538
Anatidae,45.05140884
Anatidae,44.94152735
Anatidae,45.05140884
Anatidae,45.05140884
Anatidae,45.01335009
Anatidae,45.01099937
Anatidae,45.01178319
Anatidae,45.05494505
Anatidae,44.87873793
Anatidae,44.87873793
Anatidae,45.00431677
Anatidae,44.87088926
Anatidae,44.86304058
Anatidae,44.93367868
Anatidae,44.69821835
Anatidae,45.07495487
Anatidae,45.02983668
Anatidae,44.80646934
Anatidae,45.10634958
Anatidae,44.67467232
Anatidae,44.92583
Anatidae,44.99057789
Anatidae,44.97487437
Anatidae,44.91013264
Anatidae,44.94937603
Anatidae,44.83949455
Anatidae,45.07495487
Anatidae,44.55694216
Anatidae,44.55694216
Anatidae,44.91013264
Anatidae,44.62323391
Anatidae,44.98861942
Anatidae,44.93367868
Anatidae,44.83164587
Anatidae,44.80809984
Anatidae,44.98861942
Anatidae,44.98430141
Anatidae,44.90228397
Anatidae,45.06710619
Anatidae,45.09065223
Anatidae,44.80809984
Anatidae,45.12204694
Anatidae,45.12204694
Anatidae,45.12204694
Anatidae,44.98861942
Anatidae,44.83982957
Anatidae,45.12204694
Anatidae,44.89443529
Anatidae,44.91013264
Anatidae,45.14559297
Anatidae,44.74531042
Anatidae,44.95722471
Anatidae,44.90228397
Anatidae,44.89443529
Anatidae,44.91013264
Anatidae,44.91798132
Anatidae,44.91013264
Anatidae,44.89443529
Anatidae,44.90228397
Anatidae,44.89443529
Anatidae,44.91798132
Anatidae,44.90228397
Anatidae,44.91013264
Anatidae,44.89443529
Anatidae,44.89443529
Anatidae,44.91013264
Anatidae,44.90228397
Anatidae,44.91013264
Anatidae,44.89443529
Anatidae,44.90228397
Anatidae,44.91013264
Anatidae,44.91798132
Anatidae,44.91798132
Anatidae,44.92583
Anatidae,44.91013264
Anatidae,44.89443529
Anatidae,44.91798132
Anatidae,44.90228397
Anatidae,44.89443529
Anatidae,44.91013264
Anatidae,44.92583
Anatidae,44.91013264
Anatidae,44.92583
Anatidae,44.91013264
Anatidae,44.91013264
Anatidae,44.91798132
Anatidae,44.92583
Anatidae,44.91798132
Anatidae,44.90228397
Anatidae,44.92583
Anatidae,44.93367868
Anatidae,44.92583
Anatidae,44.66682364
Anatidae,44.95088409
Anatidae,44.79943481
Anatidae,44.66682364
Anatidae,44.81946625
Anatidae,44.89010989
Anatidae,44.8551919
Anatidae,44.7845538
Anatidae,44.80809984
Anatidae,44.76100777
Anatidae,44.7845538
Anatidae,45.07422402
Anatidae,44.93367868
Anatidae,44.82379719
Anatidae,44.83949455
Anatidae,44.80809984
Anatidae,45.00784929
Anatidae,45.00431677
Anatidae,44.97292206
Anatidae,44.82379719
Anatidae,44.81594851
Anatidae,44.75315909
Anatidae,44.71391571
Anatidae,44.76100777
Anatidae,44.74531042
Anatidae,44.81594851
Anatidae,44.7845538
Anatidae,45.08280355
Anatidae,44.96507339
Anatidae,44.57263951
Anatidae,44.7845538
Anatidae,44.78970496
Anatidae,44.78185813
Anatidae,44.64327761
Anatidae,44.88734835
Anatidae,44.87947062
Anatidae,44.88734835
Anatidae,44.83164587
Anatidae,44.84734322
Anatidae,44.56121089
Anatidae,44.58568738
Anatidae,45.03612944
Anatidae,44.49681829
Anatidae,44.59109121
Anatidae,44.69821835
Anatidae,44.71678844
Anatidae,44.70893236
Anatidae,44.5282426
Anatidae,44.68536413
Anatidae,44.72464451
Anatidae,44.50467437
Anatidae,44.51253044
Anatidae,44.52038652
Anatidae,44.96032681
Anatidae,44.94461466
Anatidae,44.96818289
Anatidae,44.95247074
Anatidae,44.96818289
Anatidae,44.95247074
Anatidae,44.97603897
Anatidae,44.86605389
Anatidae,44.83462959
Anatidae,44.94187873
Anatidae,44.94973296
Anatidae,44.70893236
Anatidae,44.69322021
Anatidae,44.53959774
Anatidae,44.58843858
Anatidae,44.47325006
Anatidae,44.59109121
Anatidae,44.55181083
Anatidae,44.39211993
Anatidae,44.70893236
Anatidae,44.86605389
Anatidae,44.97603897
Anatidae,44.90533428
Anatidae,44.67750805
Anatidae,44.69322021
Anatidae,44.65393982
Anatidae,44.66477809
Anatidae,44.99175112
Anatidae,44.78749313
Anatidae,44.6617959
Anatidae,45.13051021
Anatidae,44.8974782
Anatidae,44.90533428
Anatidae,44.57273013
Anatidae,44.96032681
Anatidae,44.92890251
Anatidae,45.03888758
Anatidae,45.03888758
Anatidae,45.05459973
Anatidae,44.62602137
Anatidae,44.62251552
Anatidae,44.63037159
Anatidae,44.62686567
Anatidae,44.8974782
Anatidae,44.94461466
Anatidae,44.93675858
Anatidae,44.8974782
Anatidae,44.8974782
Anatidae,44.92890251
Anatidae,44.94461466
Anatidae,44.93675858
Anatidae,44.35540891
Anatidae,44.72815839
Anatidae,44.75606882
Anatidae,44.59109121
Anatidae,44.62251552
Anatidae,44.74760182
Anatidae,44.78493777
Anatidae,44.76648027
Anatidae,44.75739645
Anatidae,44.7809329
Anatidae,44.808313
Anatidae,45.03888758
Anatidae,45.04930966
Anatidae,45.0886821
Anatidae,45.00746327
Anatidae,44.87018096
Anatidae,44.38140268
Anatidae,44.88176605
Anatidae,44.7639249
Anatidae,44.74035667
Anatidae,45.09896324
Anatidae,45.14267647
Anatidae,45.10681747
Anatidae,45.10681747
Anatidae,44.64608375
Anatidae,44.63037159
Anatidae,44.41825752
Anatidae,44.74552309
Anatidae,44.64608375
Anatidae,44.63822767
Anatidae,44.64608375
Anatidae,45.07540057
Anatidae,44.45491675
Anatidae,44.92617028
Anatidae,44.88962212
Anatidae,44.84248566
Anatidae,44.85034174
Anatidae,44.96818289
Anatidae,44.59894729
Anatidae,44.99175112
Anatidae,44.60680336
Anatidae,44.60680336
Anatidae,44.59109121
Anatidae,44.93675858
Anatidae,44.66965198
Anatidae,44.97603897
Anatidae,45.12961508
Anatidae,44.98938929
Anatidae,44.98938929
Anatidae,44.88689915
Anatidae,44.88689915
Anatidae,44.96544141
Anatidae,44.95758718
Anatidae,44.95758718
Anatidae,44.94187873
Anatidae,44.78749313
Anatidae,44.48896221
Anatidae,44.81891743
Anatidae,44.7953492
Anatidae,44.83462959
Anatidae,44.84248566
Anatidae,44.94461466
Anatidae,44.94461466
Anatidae,44.81891743
Anatidae,45.01256676
Anatidae,44.96818289
Anatidae,44.682521
Anatidae,44.682521
Anatidae,44.85034174
Anatidae,44.93675858
Anatidae,44.96818289
Anatidae,44.95247074
Anatidae,44.94461466
Anatidae,44.78233538
Anatidae,44.7159582
Anatidae,44.95009039
Anatidae,44.84710322
Anatidae,44.94461466
Anatidae,44.90533428
Anatidae,44.74821274
Anatidae,44.87390997
Anatidae,44.99685831
Anatidae,44.96818289
Anatidae,44.8711907
Anatidae,44.74035667
Anatidae,44.70606703
Anatidae,44.41825752
Anatidae,44.7639249
Anatidae,44.8397738
Anatidae,44.79264844
Anatidae,44.85034174
Anatidae,44.88962212
Anatidae,44.86605389
Anatidae,44.85819782
Anatidae,44.93675858
Anatidae,44.93675858
Anatidae,44.92104643
Anatidae,44.86605389
Anatidae,44.84248566
Anatidae,44.81106136
Anatidae,44.81106136
Anatidae,44.82677351
Anatidae,44.81106136
Anatidae,44.7639249
Anatidae,44.81106136
Anatidae,44.87390997
Anatidae,44.8974782
Anatidae,44.91319035
Anatidae,44.93675858
Anatidae,44.85034174
Anatidae,44.86605389
Anatidae,44.92104643
Anatidae,44.86605389
Anatidae,44.88962212
Anatidae,44.87390997
Anatidae,44.84248566
Anatidae,44.87390997
Anatidae,44.82406535
Anatidae,44.82406535
Anatidae,44.79264844
Anatidae,44.81106136
Anatidae,44.51253044
Anatidae,44.49681829
Anatidae,44.48896221
Anatidae,44.51253044
Anatidae,44.48110614
Anatidae,44.68536413
Anatidae,44.77178097
Anatidae,44.78749313
Anatidae,44.82677351
Anatidae,44.71678844
Anatidae,44.71678844
Anatidae,44.71678844
Anatidae,44.74035667
Anatidae,44.92104643
Anatidae,44.92104643
Anatidae,44.91319035
Anatidae,44.91319035
Anatidae,44.92890251
Anatidae,44.91319035
Anatidae,44.92890251
Anatidae,44.92104643
Anatidae,44.92104643
Anatidae,44.92104643
Anatidae,44.92104643
Anatidae,44.92890251
Anatidae,44.92104643
Anatidae,44.92890251
Anatidae,44.91319035
Anatidae,44.92890251
Anatidae,44.91319035
Anatidae,44.52038652
Anatidae,44.5596669
Anatidae,44.79943481
Anatidae,45.01021531
Anatidae,44.90533428
Anatidae,44.96032681
Anatidae,44.90533428
Anatidae,45.07816796
Anatidae,44.77178097
Anatidae,44.59894729
Anatidae,44.59894729
Anatidae,44.92890251
Anatidae,44.64285714
Anatidae,44.58058435
Anatidae,44.50467437
Anatidae,44.9996072
Anatidae,45.0985009
Anatidae,44.91831605
Anatidae,44.91046183
Anatidae,44.9026076
Anatidae,44.89475338
Anatidae,45.02395727
Anatidae,45.02671276
Anatidae,45.05183789
Anatidae,45.03462386
Anatidae,45.02042099
Anatidae,44.9996072
Anatidae,44.42174733
Anatidae,44.61465944
Anatidae,45.10173619
Anatidae,44.98114986
Anatidae,45.20106817
Anatidae,44.70357283
Anatidae,44.62770971
Anatidae,44.58058435
Anatidae,44.74035667
Anatidae,44.73250059
Anatidae,44.72464451
Anatidae,44.71678844
Anatidae,44.70893236
Anatidae,44.70893236
Anatidae,44.72464451
Anatidae,44.71678844
Anatidae,44.77963705
Anatidae,44.92104643
Anatidae,45.20386519
Anatidae,45.05459973
Anatidae,45.07816796
Anatidae,45.06245581
Anatidae,45.06245581
Anatidae,45.06245581
Anatidae,44.54395475
Anatidae,44.55181083
Anatidae,44.55181083
Anatidae,44.65127238
Anatidae,44.67483506
Anatidae,44.39185991
Anatidae,44.54916745
Anatidae,44.62770971
Anatidae,44.62770971
Anatidae,44.63556393
Anatidae,44.61985548
Anatidae,44.8083569
Anatidae,44.96050553
Anatidae,44.96050553
Anatidae,44.96739216
Anatidae,44.96818289
Anatidae,45.06986968
Anatidae,44.86333648
Anatidae,44.86062034
Anatidae,44.94893951
Anatidae,44.93402451
Anatidae,44.94187873
Anatidae,44.93402451
Anatidae,44.87904493
Anatidae,44.70643716
Anatidae,44.70107628
Anatidae,44.64608375
Anatidae,44.64608375
Anatidae,44.98389504
Anatidae,45.04398366
Anatidae,44.86333648
Anatidae,45.02317543
Anatidae,45.05183789
Anatidae,44.9996072
Anatidae,45.05183789
Anatidae,44.9996072
Anatidae,44.8397738
Anatidae,44.77693999
Anatidae,44.85819782
Anatidae,44.94461466
Anatidae,44.74552309
Anatidae,44.8711907
Anatidae,44.92101106
Anatidae,44.98900408
Anatidae,45.00471254
Anatidae,44.42173127
Anatidae,44.37268646
Anatidae,44.37916799
Anatidae,45.08557073
Anatidae,44.92685229
Anatidae,44.87904493
Anatidae,45.02317543
Anatidae,44.81891743
Anatidae,44.75606882
Anatidae,44.48896221
Anatidae,44.88962212
Anatidae,44.61465944
Anatidae,44.84791323
Anatidae,44.83462959
Anatidae,44.69322021
Anatidae,45.00746327
Anatidae,44.74035667
Anatidae,44.92537313
Anatidae,44.92890251
Anatidae,44.71678844
Anatidae,44.65912661
Anatidae,44.67483506
Anatidae,44.64608375
Anatidae,44.40254537
Anatidae,44.40254537
Anatidae,44.40254537
Anatidae,44.40254537
Anatidae,44.39468929
Anatidae,44.40254537
Anatidae,44.40254537
Anatidae,44.40254537
Anatidae,44.39468929
Anatidae,44.38683322
Anatidae,44.40254537
Anatidae,45.09388012
Anatidae,44.47325006
Anatidae,44.48110614
Anatidae,44.5648759
Anatidae,44.91239098
Anatidae,44.82135846
Anatidae,44.47889339
Anatidae,44.81210116
Anatidae,44.69054351
Anatidae,44.22185561
Anatidae,44.92617028
Anatidae,44.9026076
Anatidae,44.92617028
Anatidae,44.91831605
Anatidae,44.91831605
Anatidae,44.91046183
Anatidae,44.61211978
Anatidae,44.66965198
Anatidae,44.72464451
Anatidae,44.59109121
Anatidae,44.57273013
Anatidae,44.57537906
Anatidae,44.88689915
Anatidae,44.76908577
Anatidae,44.67750805
Anatidae,44.61465944
Anatidae,44.47325006
Anatidae,44.69839774
Anatidae,44.52910219
Anatidae,44.57802923
Anatidae,44.62251552
Anatidae,44.62602137
Anatidae,44.533459
Anatidae,44.70190873
Anatidae,44.68268929
Anatidae,44.65912661
Anatidae,44.6617959
Anatidae,44.73766887
Anatidae,44.59883812
Anatidae,44.72444654
Anatidae,44.70874549
Anatidae,45.02317543
Anatidae,44.72981464
Anatidae,44.82135846
Anatidae,45.02317543
Anatidae,45.00746327
Anatidae,44.59894729
Anatidae,44.00502197
Anatidae,43.85152633
Anatidae,43.86377903
Anatidae,43.96578782
Anatidae,44.13657771
Anatidae,44.13912224
Anatidae,44.10425499
Anatidae,44.18531606
Anatidae,44.14350762
Anatidae,44.07564344
Anatidae,44.05210295
Anatidae,44.07564344
Anatidae,44.00502197
Anatidae,44.04425612
Anatidae,44.08349027
Anatidae,44.73580597
Anatidae,44.83949455
Anatidae,44.87873793
Anatidae,44.97802888
Anatidae,44.97018205
Anatidae,44.94664156
Anatidae,44.95448839
Anatidae,44.94664156
Anatidae,44.94664156
Anatidae,44.94664156
Anatidae,44.94664156
Anatidae,44.95448839
Anatidae,44.94664156
Anatidae,44.94664156
Anatidae,44.94664156
Anatidae,44.94664156
Anatidae,44.96233522
Anatidae,45.05925752
Anatidae,45.00156937
Anatidae,45.08788449
Anatidae,45.09573132
Anatidae,45.13496547
Anatidae,45.06434401
Anatidae,45.11142498
Anatidae,45.11927181
Anatidae,44.81324545
Anatidae,44.82893911
Anatidae,44.74262398
Anatidae,44.71908349
Anatidae,44.72693032
Anatidae,44.74262398
Anatidae,44.74262398
Anatidae,44.74262398
Anatidae,44.695543
Anatidae,45.08003766
Anatidae,45.08003766
Anatidae,44.84463277
Anatidae,44.82109228
Anatidae,44.82893911
Anatidae,44.83678594
Anatidae,45.16635279
Anatidae,45.11142498
Anatidae,45.05649718
Anatidae,45.08003766
Anatidae,44.93879473
Anatidae,45.11927181
Anatidae,45.10357815
Anatidae,44.96233522
Anatidae,44.74964684
Anatidae,44.76616447
Anatidae,45.13260408
Anatidae,45.12195122
Anatidae,45.14200299
Anatidae,45.13970878
Anatidae,45.11792453
Anatidae,45.10634958
Anatidae,45.10634958
Anatidae,45.13490128
Anatidae,45.02495572
Anatidae,45.0577059
Anatidae,45.07219083
Anatidae,45.07219083
Anatidae,45.20558694
Anatidae,45.25266792
Anatidae,45.24482109
Anatidae,45.30759573
Anatidae,44.9309479
Anatidae,45.18204645
Anatidae,45.06434401
Anatidae,45.16635279
Anatidae,45.15850596
Anatidae,45.04865035
Anatidae,44.9309479
Anatidae,45.01726303
Anatidae,45.00156937
Anatidae,45.00156937
Anatidae,45.0094162
Anatidae,44.98587571
Anatidae,45.00156937
Anatidae,45.0094162
Anatidae,45.22912743
Anatidae,45.02510986
Anatidae,45.13496547
Anatidae,45.15850596
Anatidae,45.08003766
Anatidae,45.26051475
Anatidae,45.00156937
Anatidae,44.97802888
Anatidae,45.23697426
Anatidae,45.04865035
Anatidae,45.06434401
Anatidae,44.8524796
Anatidae,45.08003766
Anatidae,45.0094162
Anatidae,45.04865035
Anatidae,45.04865035
Anatidae,44.98587571
Anatidae,45.26836158
Anatidae,44.96233522
Anatidae,44.79755179
Anatidae,44.82109228
Anatidae,44.78970496
Anatidae,44.78970496
Anatidae,44.80539862
Anatidae,44.81324545
Anatidae,44.97802888
Anatidae,44.86817326
Anatidae,45.17419962
Anatidae,44.97371106
Anatidae,45.13496547
Anatidae,45.13496547
Anatidae,44.97802888
Anatidae,45.24482109
Anatidae,45.27620841
Anatidae,45.20483441
Anatidae,45.09265075
Anatidae,45.18989328
Anatidae,45.16635279
Anatidae,45.15065913
Anatidae,45.15065913
Anatidae,45.22482932
Anatidae,44.75831764
Anatidae,45.10357815
Anatidae,45.11142498
Anatidae,44.90740741
Anatidae,45.01726303
Anatidae,44.95448839
Anatidae,44.95448839
Anatidae,44.95448839
Anatidae,45.00156937
Anatidae,45.22912743
Anatidae,45.2212806
Anatidae,45.15850596
Anatidae,45.34682988
Anatidae,44.96233522
Anatidae,44.89443529
Anatidae,44.88658661
Anatidae,44.88658661
Anatidae,44.88658661
Anatidae,44.89171375
Anatidae,44.95448839
Anatidae,44.71123666
Anatidae,44.64846202
Anatidae,44.89443529
Anatidae,44.87873793
Anatidae,45.00901749
Anatidae,45.09065223
Anatidae,45.06434401
Anatidae,44.73477715
Anatidae,45.10204082
Anatidae,45.11142498
Anatidae,45.35467671
Anatidae,44.91013264
Anatidae,44.91798132
Anatidae,45.31311695
Anatidae,45.25582513
Anatidae,45.28420721
Anatidae,45.30767403
Anatidae,45.3104152
Anatidae,45.11927181
Anatidae,45.28405524
Anatidae,44.92310107
Anatidae,44.85219164
Anatidae,45.37037037
Anatidae,44.9933349
Anatidae,45.05649718
Anatidae,45.25266792
Anatidae,45.07219083
Anatidae,44.82379719
Anatidae,45.06710619
Anatidae,44.90228397
Anatidae,45.29190207
Anatidae,45.2997489
Anatidae,45.2715168
Anatidae,44.89956058
Anatidae,44.90740741
Anatidae,44.87602009
Anatidae,44.71123666
Anatidae,45.18989328
Anatidae,45.04865035
Anatidae,44.84463277
Anatidae,44.82893911
Anatidae,44.98587571
Anatidae,45.01726303
Anatidae,44.92310107
Anatidae,45.08003766
Anatidae,45.04080352
Anatidae,45.23697426
Anatidae,44.79755179
Anatidae,44.80539862
Anatidae,45.04080352
Anatidae,45.06434401
Anatidae,45.06434401
Anatidae,45.05649718
Anatidae,45.05649718
Anatidae,45.08003766
Anatidae,45.07219083
Anatidae,45.04080352
Anatidae,45.04080352
Anatidae,45.05649718
Anatidae,45.05649718
Anatidae,45.04865035
Anatidae,45.05649718
Anatidae,45.05649718
Anatidae,45.06434401
Anatidae,45.01726303
Anatidae,45.25266792
Anatidae,45.10357815
Anatidae,45.09573132
Anatidae,45.09573132
Anatidae,45.4566855
Anatidae,44.88145706
Anatidae,45.00156937
Anatidae,45.07219083
Anatidae,44.96233522
Anatidae,44.95722471
Anatidae,44.95996232
Anatidae,44.97018205
Anatidae,45.04865035
Anatidae,45.05494505
Anatidae,44.88498076
Anatidae,44.87088926
Anatidae,44.88498076
Anatidae,44.89988221
Anatidae,44.89555521
Anatidae,44.90148363
Anatidae,44.98077074
Anatidae,44.99136442
Anatidae,45.08003766
Anatidae,45.05649718
Anatidae,45.12711864
Anatidae,44.78970496
Anatidae,44.78185813
Anatidae,44.75831764
Anatidae,44.76616447
Anatidae,44.76616447
Anatidae,44.75831764
Anatidae,44.74262398
Anatidae,44.7740113
Anatidae,44.75831764
Anatidae,44.74262398
Anatidae,44.90740741
Anatidae,44.90740741
Anatidae,45.01726303
Anatidae,45.00156937
Anatidae,44.86817326
Anatidae,44.86032643
Anatidae,45.03295669
Anatidae,45.04080352
Anatidae,45.04080352
Anatidae,45.04865035
Anatidae,45.04080352
Anatidae,45.04080352
Anatidae,45.04080352
Anatidae,45.04080352
Anatidae,45.04080352
Anatidae,45.04080352
Anatidae,45.04080352
Anatidae,45.04080352
Anatidae,45.03295669
Anatidae,45.04080352
Anatidae,45.03295669
Anatidae,45.04865035
Anatidae,44.97018205
Anatidae,44.89956058
Anatidae,44.89956058
Anatidae,44.89956058
Anatidae,44.89956058
Anatidae,44.86032643
Anatidae,44.82893911
Anatidae,44.83678594
Anatidae,44.84463277
Anatidae,44.64061519
Anatidae,44.64846202
Anatidae,44.76616447
Anatidae,44.75831764
Anatidae,44.75047081
Anatidae,44.71123666
Anatidae,44.82893911
Anatidae,44.78970496
Anatidae,44.66415568
Anatidae,44.695543
Anatidae,44.62492153
Anatidae,44.82109228
Anatidae,44.71123666
Anatidae,44.90740741
Anatidae,44.86817326
Anatidae,44.86032643
Anatidae,44.89956058
Anatidae,44.80539862
Anatidae,44.90740741
Anatidae,44.91525424
Anatidae,44.90740741
Anatidae,44.90740741
Anatidae,44.89171375
Anatidae,44.90740741
Anatidae,44.90740741
Anatidae,44.91525424
Anatidae,44.91525424
Anatidae,44.89956058
Anatidae,44.9309479
Anatidae,44.91525424
Anatidae,44.91525424
Anatidae,44.9309479
Anatidae,45.36252354
Anatidae,44.80025116
Anatidae,44.86032643
Anatidae,44.90740741
Anatidae,45.03295669
Anatidae,44.98587571
Anatidae,44.97802888
Anatidae,45.08003766
Anatidae,44.9309479
Anatidae,44.97018205
Anatidae,44.82893911
Anatidae,45.08003766
Anatidae,45.12711864
Anatidae,45.08788449
Anatidae,45.08788449
Anatidae,45.18204645
Anatidae,45.06434401
Anatidae,44.98587571
Anatidae,44.96233522
Anatidae,45.00156937
Anatidae,44.97802888
Anatidae,44.97018205
Anatidae,44.97018205
Anatidae,45.22272691
Anatidae,45.10319547
Anatidae,45.12710176
Anatidae,45.03076195
Anatidae,45.1428123
Anatidae,45.05218551
Anatidae,45.18913828
Anatidae,44.88386692
Anatidae,44.91525424
Anatidae,45.03295669
Anatidae,44.93879473
Anatidae,44.91525424
Anatidae,44.90740741
Anatidae,44.90740741
Anatidae,44.90740741
Anatidae,44.90740741
Anatidae,44.89956058
Anatidae,44.91525424
Anatidae,44.97018205
Anatidae,44.78537236
Anatidae,44.89956058
Anatidae,44.89956058
Anatidae,44.93879473
Anatidae,44.97802888
Anatidae,44.95448839
Anatidae,45.08788449
Anatidae,45.0094162
Anatidae,44.90740741
Anatidae,45.07219083
Anatidae,45.06434401
Anatidae,45.06434401
Anatidae,44.95448839
Anatidae,45.24762578
Anatidae,45.18483636
Anatidae,45.31544256
Anatidae,45.39023815
Anatidae,45.30759573
Anatidae,45.27245485
Anatidae,45.25266792
Anatidae,45.42529818
Anatidae,45.42529818
Anatidae,45.42529818
Anatidae,45.42529818
Anatidae,45.42529818
Anatidae,45.42529818
Anatidae,45.42529818
Anatidae,45.37781985
Anatidae,45.16635279
Anatidae,45.47951656
Anatidae,45.2997489
Anatidae,45.07653464
Anatidae,44.91525424
Anatidae,44.93879473
Anatidae,44.97802888
Anatidae,45.26836158
Anatidae,44.79755179
Anatidae,44.79755179
Anatidae,44.79755179
Anatidae,45.02510986
Anatidae,44.92310107
Anatidae,45.0094162
Anatidae,45.00431677
Anatidae,44.95448839
Anatidae,45.02510986
Anatidae,45.02510986
Anatidae,45.02510986
Anatidae,45.32328939
Anatidae,45.04865035
Anatidae,45.02510986
Anatidae,45.04080352
Anatidae,45.04080352
Anatidae,45.06434401
Anatidae,45.02510986
Anatidae,44.97018205
Anatidae,45.03295669
Anatidae,45.04080352
Anatidae,45.04865035
Anatidae,45.03295669
Anatidae,45.03295669
Anatidae,45.02510986
Anatidae,45.05649718
Anatidae,45.05649718
Anatidae,45.03295669
Anatidae,45.02510986
Anatidae,45.03295669
Anatidae,45.04080352
Anatidae,45.02510986
Anatidae,45.04080352
Anatidae,45.05649718
Anatidae,44.96233522
Anatidae,45.02510986
Anatidae,45.02510986
Anatidae,45.02510986
Anatidae,45.0094162
Anatidae,45.0094162
Anatidae,44.97802888
Anatidae,45.01726303
Anatidae,44.95448839
Anatidae,44.71123666
Anatidae,44.695543
Anatidae,44.89795918
Anatidae,45.07219083
Anatidae,44.83678594
Anatidae,45.35467671
Anatidae,44.9309479
Anatidae,45.02510986
Anatidae,45.11142498
Anatidae,45.04865035
Anatidae,45.13496547
Anatidae,45.07219083
Anatidae,45.06434401
Anatidae,44.97802888
Anatidae,44.97018205
Anatidae,44.93879473
Anatidae,44.88386692
Anatidae,44.97802888
Anatidae,45.11142498
Anatidae,45.17419962
Anatidae,45.17419962
Anatidae,45.17419962
Anatidae,45.12711864
Anatidae,45.1428123
Anatidae,45.12711864
Anatidae,45.13496547
Anatidae,45.13496547
Anatidae,45.13496547
Anatidae,45.11927181
Anatidae,45.12711864
Anatidae,45.13496547
Anatidae,44.94664156
Anatidae,44.95448839
Anatidae,45.37037037
Anatidae,44.94664156
Anatidae,44.94664156
Anatidae,44.93879473
Anatidae,44.92310107
Anatidae,44.93879473
Anatidae,45.0094162
Anatidae,44.89171375
Anatidae,45.12711864
Anatidae,44.93879473
Anatidae,45.19774011
Anatidae,45.15065913
Anatidae,45.1428123
Anatidae,45.00156937
Anatidae,45.01726303
Anatidae,45.04080352
Anatidae,45.03295669
Anatidae,45.13496547
Anatidae,44.92856021
Anatidae,44.96233522
Anatidae,44.91525424
Anatidae,44.91525424
Anatidae,44.91525424
Anatidae,44.91525424
Anatidae,44.92310107
Anatidae,44.91525424
Anatidae,44.90740741
Anatidae,44.94664156
Anatidae,44.94664156
Anatidae,44.9309479
Anatidae,44.92310107
Anatidae,45.29190207
Anatidae,44.92310107
Anatidae,44.90740741
Anatidae,44.91525424
Anatidae,44.91525424
Anatidae,44.92310107
Anatidae,44.89956058
Anatidae,44.91525424
Anatidae,44.9309479
Anatidae,44.92310107
Anatidae,44.95448839
Anatidae,44.94664156
Anatidae,44.94664156
Anatidae,45.1428123
Anatidae,44.98587571
Anatidae,45.08907457
Anatidae,44.97802888
Anatidae,44.98587571
Anatidae,45.02510986
Anatidae,45.08788449
Anatidae,45.08788449
Anatidae,45.05649718
Anatidae,45.12711864
Anatidae,45.05649718
Anatidae,45.08003766
Anatidae,45.08003766
Anatidae,45.08788449
Anatidae,45.08788449
Anatidae,45.03295669
Anatidae,45.13496547
Anatidae,45.0094162
Anatidae,45.10357815
Anatidae,45.10357815
Anatidae,45.24482109
Anatidae,44.96233522
Anatidae,44.96233522
Anatidae,44.95448839
Anatidae,44.78970496
Anatidae,44.95178899
Anatidae,44.99372254
Anatidae,44.86032643
Anatidae,44.95448839
Anatidae,44.91418674
Anatidae,44.84463277
Anatidae,45.00156937
Anatidae,44.86032643
Anatidae,44.86032643
Anatidae,44.82109228
Anatidae,44.8524796
Anatidae,44.94664156
Anatidae,44.90740741
Anatidae,44.90740741
Anatidae,44.80887211
Anatidae,45.00589391
Anatidae,45.09573132
Anatidae,45.38606403
Anatidae,44.84463277
Anatidae,44.78970496
Anatidae,44.98587571
Anatidae,45.01726303
Anatidae,45.40175769
Anatidae,45.41745135
Anatidae,45.39391086
Anatidae,45.23697426
Anatidae,45.40960452
Anatidae,45.06434401
Anatidae,44.91991206
Anatidae,44.99442053
Anatidae,44.90674319
Anatidae,45.01216545
Anatidae,45.00981547
Anatidae,45.00431677
Anatidae,45.00431677
Anatidae,45.00431677
Anatidae,45.00431677
Anatidae,45.00431677
Anatidae,45.00431677
Anatidae,45.02001413
Anatidae,45.00431677
Anatidae,45.00431677
Anatidae,44.9964681
Anatidae,45.00431677
Anatidae,44.9964681
Anatidae,45.03295669
Anatidae,44.97802888
Anatidae,45.21011109
Anatidae,45.11116424
Anatidae,44.97018205
Anatidae,44.89378442
Anatidae,44.78185813
Anatidae,44.80539862
Anatidae,45.07219083
Anatidae,44.82893911
Anatidae,44.82893911
Anatidae,44.79755179
Anatidae,44.86032643
Anatidae,44.94169556
Anatidae,44.90740741
Anatidae,44.92457574
Anatidae,44.93800031
Anatidae,44.5867379
Anatidae,44.71908349
Anatidae,45.09573132
Anatidae,45.17419962
Anatidae,45.03295669
Anatidae,45.04865035
Anatidae,43.63622097
Anatidae,44.89683847
Anatidae,44.53596925
Anatidae,44.86032643
Anatidae,44.72693032
Anatidae,44.72693032
Anatidae,44.73477715
Anatidae,44.72693032
Anatidae,44.72693032
Anatidae,44.71908349
Anatidae,44.71908349
Anatidae,44.72693032
Anatidae,44.72693032
Anatidae,44.72693032
Anatidae,44.74262398
Anatidae,44.72693032
Anatidae,44.71123666
Anatidae,44.72693032
Anatidae,44.50985009
Anatidae,44.4706067
Anatidae,44.50200141
Anatidae,44.50200141
Anatidae,44.53339612
Anatidae,44.50200141
Anatidae,44.47845538
Anatidae,44.50200141
Anatidae,44.55694216
Anatidae,44.50200141
Anatidae,44.48630406
Anatidae,44.51769877
Anatidae,44.49415274
Anatidae,44.95448839
Anatidae,44.84463277
Anatidae,44.83678594
Anatidae,44.78185813
Anatidae,44.8524796
Anatidae,44.82893911
Anatidae,44.84463277
Anatidae,44.81324545
Anatidae,44.59353421
Anatidae,44.55694216
Anatidae,44.60922787
Anatidae,44.86817326
Anatidae,45.04865035
Anatidae,45.04080352
Anatidae,44.95448839
Anatidae,44.95448839
Anatidae,44.97018205
Anatidae,44.75831764
Anatidae,44.96233522
Anatidae,44.96233522
Anatidae,44.93879473
Anatidae,44.97018205
Anatidae,44.97018205
Anatidae,44.92310107
Anatidae,44.72693032
Anatidae,44.82893911
Anatidae,44.78970496
Anatidae,44.86032643
Anatidae,44.86817326
Anatidae,44.88386692
Anatidae,44.86032643
Anatidae,44.86032643
Anatidae,44.8524796
Anatidae,44.80539862
Anatidae,44.81324545
Anatidae,44.86817326
Anatidae,44.87602009
Anatidae,45.07219083
Anatidae,45.06434401
Anatidae,44.8524796
Anatidae,44.86032643
Anatidae,44.8524796
Anatidae,44.8524796
Anatidae,44.84463277
Anatidae,44.86032643
Anatidae,44.86032643
Anatidae,44.86032643
Anatidae,44.60403422
Anatidae,44.48630406
Anatidae,44.65112629
Anatidae,44.76885645
Anatidae,44.60403422
Anatidae,44.71391571
Anatidae,44.76616447
Anatidae,44.8524796
Anatidae,44.70338983
Anatidae,44.9309479
Anatidae,44.99372254
Anatidae,44.95448839
Anatidae,44.98587571
Anatidae,44.99372254
Anatidae,44.83949455
Anatidae,44.79755179
Anatidae,44.9964681
Anatidae,45.03139717
Anatidae,44.98861942
Anatidae,44.8029518
Anatidae,45.10280961
Anatidae,44.95722471
Anatidae,44.95722471
Anatidae,44.87602009
Anatidae,45.0094162
Anatidae,45.01726303
Anatidae,45.0094162
Anatidae,45.0094162
Anatidae,45.03295669
Anatidae,45.01726303
Anatidae,45.04080352
Anatidae,45.05779665
Anatidae,44.98077074
Anatidae,44.92583
Anatidae,44.97018205
Anatidae,44.97802888
Anatidae,45.18989328
Anatidae,45.1428123
Anatidae,45.14052442
Anatidae,45.13496547
Anatidae,44.97292206
Anatidae,44.98077074
Anatidae,44.67467232
Anatidae,45.01726303
Anatidae,44.94937603
Anatidae,45.07219083
Anatidae,44.97802888
Anatidae,44.73477715
Anatidae,44.87602009
Anatidae,44.89956058
Anatidae,44.92310107
Anatidae,44.89171375
Anatidae,44.8524796
Anatidae,44.89171375
Anatidae,44.88386692
Anatidae,44.90740741
Anatidae,44.57263951
Anatidae,44.97018205
Anatidae,44.96233522
Anatidae,44.96233522
Anatidae,44.80539862
Anatidae,44.80539862
Anatidae,44.79755179
Anatidae,44.97802888
Anatidae,45.08003766
Anatidae,44.89171375
Anatidae,45.01726303
Anatidae,45.0094162
Anatidae,44.96507339
Anatidae,44.8524796
Anatidae,45.01726303
Anatidae,45.0674237
Anatidae,45.0887574
Anatidae,45.0887574
Anatidae,44.71123666
Anatidae,44.71123666
Anatidae,44.71123666
Anatidae,44.70338983
Anatidae,44.6118829
Anatidae,44.72176438
Anatidae,44.70606703
Anatidae,44.80809984
Anatidae,44.96233522
Anatidae,44.72176438
Anatidae,44.72961306
Anatidae,44.75315909
Anatidae,44.87873793
Anatidae,44.99372254
Anatidae,44.73766887
Anatidae,45.15850596
Anatidae,45.1428123
Anatidae,45.16635279
Anatidae,45.01726303
Anatidae,45.01726303
Anatidae,45.04865035
Anatidae,45.04865035
Anatidae,45.03295669
Anatidae,45.04080352
Anatidae,45.03295669
Anatidae,45.0094162
Anatidae,45.01726303
Anatidae,45.00156937
Anatidae,45.00156937
Anatidae,44.82893911
Anatidae,44.82893911
Anatidae,44.64327761
Anatidae,44.83949455
Anatidae,44.8551919
Anatidae,44.76885645
Anatidae,44.76885645
Anatidae,44.79240248
Anatidae,44.7845538
Anatidae,45.0094162
Anatidae,45.03295669
Anatidae,45.03295669
Anatidae,44.84734322
Anatidae,45.03295669
Anatidae,45.01726303
Anatidae,45.08003766
Anatidae,45.08788449
Anatidae,45.07219083
Anatidae,45.07219083
Anatidae,44.83678594
Anatidae,44.86032643
Anatidae,45.05649718
Anatidae,45.06434401
Anatidae,44.76616447
Anatidae,44.95722471
Anatidae,44.82109228
Anatidae,44.74531042
Anatidae,44.80025116
Anatidae,45.08788449
Anatidae,44.8524796
Anatidae,45.0094162
Anatidae,45.01726303
Anatidae,45.1428123
Anatidae,45.19774011
Anatidae,45.16635279
Anatidae,44.74531042
Anatidae,44.83949455
Anatidae,44.73746174
Anatidae,45.05140884
Anatidae,44.86304058
Anatidae,45.04356016
Anatidae,45.09573132
Anatidae,45.04356016
Anatidae,45.08280355
Anatidae,44.67467232
Anatidae,45.04356016
Anatidae,45.0647821
Anatidae,45.05140884
Anatidae,45.05925752
Anatidae,45.05140884
Anatidae,45.04356016
Anatidae,44.98587571
Anatidae,44.88658661
Anatidae,44.89443529
Anatidae,45.02510986
Anatidae,45.05649718
Anatidae,44.9309479
Anatidae,44.92310107
Anatidae,44.90740741
Anatidae,44.92310107
Anatidae,44.99372254
Anatidae,44.89443529
Anatidae,45.11142498
Anatidae,45.09573132
Anatidae,44.89443529
Anatidae,44.88386692
Anatidae,44.93879473
Anatidae,44.93879473
Anatidae,44.96233522
Anatidae,44.96233522
Anatidae,44.86817326
Anatidae,44.98696374
Anatidae,44.97802888
Anatidae,44.93879473
Anatidae,44.9309479
Anatidae,44.9309479
Anatidae,44.97018205
Anatidae,44.97018205
Anatidae,44.97018205
Anatidae,45.26836158
Anatidae,44.89171375
Anatidae,45.04865035
Anatidae,44.93879473
Anatidae,44.82109228
Anatidae,44.8535762
Anatidae,45.04080352
Anatidae,45.04433807
Anatidae,45.18989328
Anatidae,45.0094162
Anatidae,45.0094162
Anatidae,44.99372254
Anatidae,44.87602009
Anatidae,44.97802888
Anatidae,44.90740741
Anatidae,44.89171375
Anatidae,45.00431677
Anatidae,45.22912743
Anatidae,45.20558694
Anatidae,45.17774464
Anatidae,45.21343377
Anatidae,45.17419962
Anatidae,45.17419962
Anatidae,45.10280961
Anatidae,45.06434401
Anatidae,45.01216545
Anatidae,45.00431677
Anatidae,45.02786281
Anatidae,45.01216545
Anatidae,45.01216545
Anatidae,45.01216545
Anatidae,44.9964681
Anatidae,45.01726303
Anatidae,45.01216545
Anatidae,45.03295669
Anatidae,45.36252354
Anatidae,45.3782172
Anatidae,45.15546482
Anatidae,45.03300849
Anatidae,45.02432899
Anatidae,44.93288327
Anatidae,44.95722471
Anatidae,44.93993876
Anatidae,44.94664156
Anatidae,44.81080232
Anatidae,45.12635379
Anatidae,44.84734322
Anatidae,44.87602009
Anatidae,44.89171375
Anatidae,45.05649718
Anatidae,44.81324545
Anatidae,44.82893911
Anatidae,44.82893911
Anatidae,45.09573132
Anatidae,45.06434401
Anatidae,45.05649718
Anatidae,45.12711864
Anatidae,44.87873793
Anatidae,44.87602009
Anatidae,44.96233522
Anatidae,44.86817326
Anatidae,44.87602009
Anatidae,44.87602009
Anatidae,44.86817326
Anatidae,44.89171375
Anatidae,44.80025116
Anatidae,44.58568738
Anatidae,44.58568738
Anatidae,44.59353421
Anatidae,44.58568738
Anatidae,45.05649718
Anatidae,45.0094162
Anatidae,45.00156937
Anatidae,44.96897337
Anatidae,45.02510986
Anatidae,45.15065913
Anatidae,45.15065913
Anatidae,45.15065913
Anatidae,45.08003766
Anatidae,45.11927181
Anatidae,45.11142498
Anatidae,45.06434401
Anatidae,45.08788449
Anatidae,45.23697426
Anatidae,44.9309479
Anatidae,44.88386692
Anatidae,44.9309479
Anatidae,44.93879473
Anatidae,44.86032643
Anatidae,45.2212806
Anatidae,45.1428123
Anatidae,44.92310107
Anatidae,44.94152735
Anatidae,44.73746174
Anatidae,44.95448839
Anatidae,44.90740741
Anatidae,44.73746174
Anatidae,44.73477715
Anatidae,44.80539862
Anatidae,44.80539862
Anatidae,44.84734322
Anatidae,44.72176438
Anatidae,44.95448839
Anatidae,44.8551919
Anatidae,44.99372254
Anatidae,44.99372254
Anatidae,45.04865035
Anatidae,44.89956058
Anatidae,45.04080352
Anatidae,44.90740741
Anatidae,44.87602009
Anatidae,44.9752883
Anatidae,44.89956058
Anatidae,44.89956058
Anatidae,45.01726303
Anatidae,44.86032643
Anatidae,44.93879473
Anatidae,45.05649718
Anatidae,44.58048819
Anatidae,44.73477715
Anatidae,44.81594851
Anatidae,44.76885645
Anatidae,44.59618554
Anatidae,44.64327761
Anatidae,44.695543
Anatidae,44.695543
Anatidae,44.57263951
Anatidae,44.57263951
Anatidae,44.53339612
Anatidae,44.80025116
Anatidae,44.82379719
Anatidae,44.65897496
Anatidae,44.65897496
Anatidae,44.57793483
Anatidae,44.59353421
Anatidae,44.91013264
Anatidae,44.88658661
Anatidae,44.97292206
Anatidae,44.63542893
Anatidae,44.63542893
Anatidae,44.66415568
Anatidae,44.31477685
Anatidae,44.65897496
Anatidae,44.86847271
Anatidae,44.75315909
Anatidae,44.74882261
Anatidae,44.70606703
Anatidae,44.71391571
Anatidae,44.38427125
Anatidae,44.83678594
Anatidae,44.77670513
Anatidae,44.56479083
Anatidae,44.56479083
Anatidae,44.57263951
Anatidae,44.55694216
Anatidae,44.72693032
Anatidae,44.92310107
Anatidae,44.88386692
Anatidae,44.86032643
Anatidae,44.90740741
Anatidae,44.91525424
Anatidae,44.90740741
Anatidae,44.86032643
Anatidae,44.75831764
Anatidae,45.08788449
Anatidae,44.62492153
Anatidae,44.63276836
Anatidae,44.78970496
Anatidae,44.7740113
Anatidae,44.87602009
Anatidae,44.78970496
Anatidae,44.82109228
Anatidae,44.89956058
Anatidae,44.58048819
Anatidae,44.67984934
Anatidae,44.72693032
Anatidae,44.71908349
Anatidae,44.71123666
Anatidae,44.82109228
Anatidae,44.695543
Anatidae,44.7740113
Anatidae,45.02510986
Anatidae,44.73746174
Anatidae,45.03295669
Anatidae,45.00156937
Anatidae,44.82109228
Anatidae,45.05649718
Anatidae,44.77670513
Anatidae,44.80539862
Anatidae,45.13496547
Anatidae,44.97292206
Anatidae,44.97018205
Anatidae,45.10634958
Anatidae,44.695543
Anatidae,44.89091194
Anatidae,44.88306388
Anatidae,44.96939256
Anatidae,44.98587571
Anatidae,44.98940595
Anatidae,45.00078481
Anatidae,44.99725339
Anatidae,44.86304058
Anatidae,44.97802888
Anatidae,45.00156937
Anatidae,44.90740741
Anatidae,44.82379719
Anatidae,45.08003766
Anatidae,44.59618554
Anatidae,45.21343377
Anatidae,45.1939689
Anatidae,44.72527473
Anatidae,45.01726303
Anatidae,44.93879473
Anatidae,44.92310107
Anatidae,44.91525424
Anatidae,44.92310107
Anatidae,44.92310107
Anatidae,45.18204645
Anatidae,44.98587571
Anatidae,44.89956058
Anatidae,44.48630406
Anatidae,44.88386692
Anatidae,45.0985009
Anatidae,44.8913981
Anatidae,44.96233522
Anatidae,44.98549361
Anatidae,45.04716981
Anatidae,44.9933349
Anatidae,44.93060456
Anatidae,44.83164587
Anatidae,44.90228397
Anatidae,45.34007058
Anatidae,45.04080352
Anatidae,44.77670513
Anatidae,44.73477715
Anatidae,44.95448839
Anatidae,44.4601381
Anatidae,44.72176438
Anatidae,44.86817326
Anatidae,45.04080352
Anatidae,45.08280355
Anatidae,45.06710619
Anatidae,44.97018205
Anatidae,45.08003766
Anatidae,44.95722471
Anatidae,45.05925752
Anatidae,45.05925752
Anatidae,45.05649718
Anatidae,45.04356016
Anatidae,44.84463277
Anatidae,45.03295669
Anatidae,44.98783264
Anatidae,44.65897496
Anatidae,45.02510986
Anatidae,44.79755179
Anatidae,44.78970496
Anatidae,44.80539862
Anatidae,45.2212806
Anatidae,45.22912743
Anatidae,45.22912743
Anatidae,44.59353421
Anatidae,44.9309479
Anatidae,44.84734322
Anatidae,44.92583
Anatidae,45.05140884
Anatidae,45.05261505
Anatidae,44.14881093
Anatidae,44.46275803
Anatidae,44.2979358
Anatidae,45.09296305
Anatidae,45.23697426
Anatidae,44.95448839
Anatidae,44.99097827
Anatidae,44.93641074
Anatidae,45.10865302
Anatidae,45.1428123
Anatidae,44.39996861
Anatidae,44.58398744
Anatidae,44.19928826
Anatidae,43.84959573
Anatidae,44.67200251
Anatidae,44.91525424
Anatidae,45.00156937
Anatidae,44.77576336
Anatidae,44.70338983
Anatidae,44.92310107
Anatidae,45.40175769
Anatidae,45.18941195
Anatidae,45.39984165
Anatidae,44.60138104
Anatidae,44.54138175
Anatidae,44.55702168
Anatidae,44.38679245
Anatidae,44.4706252
Anatidae,44.64145614
Anatidae,44.056878
Anatidae,44.87390997
Anatidae,44.81700118
Anatidae,44.76415094
Anatidae,44.64061519
Anatidae,44.64594128
Anatidae,44.66682364
Anatidae,44.44444444
Anatidae,44.43659207
Anatidae,44.48633365
Anatidae,44.42351464
Anatidae,44.6389325
Anatidae,44.53339612
Anatidae,44.49415274
Anatidae,44.44706067
Anatidae,44.52554745
Anatidae,44.94664156
Anatidae,44.87088926
Anatidae,44.87088926
Anatidae,45.65542188
Anatidae,45.50376648
Anatidae,45.24940618
Anatidae,45.33898305
Anatidae,45.21343377
Anatidae,45.18204645
Anatidae,45.18204645
Anatidae,45.3782172
Anatidae,45.3782172
Anatidae,45.3782172
Anatidae,45.3782172
Anatidae,45.35660926
Anatidae,45.37037037
Anatidae,45.46453233
Anatidae,45.40175769
Anatidae,45.40595771
Anatidae,45.4138175
Anatidae,45.49591965
Anatidae,45.37037037
Anatidae,45.09573132
Anatidae,45.46453233
Anatidae,45.28124265
Anatidae,45.28124265
Anatidae,45.28124265
Anatidae,45.33113622
Anatidae,45.43655505
Anatidae,45.29190207
Anatidae,45.31544256
Anatidae,45.30759573
Anatidae,45.17419962
Anatidae,45.02786281
Anatidae,45.26836158
Anatidae,45.26836158
Anatidae,45.21343377
Anatidae,44.69821835
Anatidae,45.49335863
Anatidae,45.24826059
Anatidae,45.2863018
Anatidae,45.09573132
Anatidae,45.55869429
Anatidae,45.27620841
Anatidae,45.0094162
Anatidae,45.49960032
Anatidae,45.26051475
Anatidae,44.89956058
Anatidae,44.72464451
Anatidae,45.04080352
Anatidae,45.17419962
Anatidae,45.18204645
Anatidae,45.18204645
Anatidae,45.17419962
Anatidae,45.27620841
Anatidae,45.25266792
Anatidae,45.12711864
Anatidae,45.13420185
Anatidae,44.82379719
Anatidae,45.20818519
Anatidae,45.15065913
Anatidae,45.13496547
Anatidae,45.46025269
Anatidae,45.38606403
Anatidae,44.97018205
Anatidae,45.07507271
Anatidae,45.18204645
Anatidae,45.11496508
Anatidae,45.27620841
Anatidae,45.44883867
Anatidae,45.44883867
Anatidae,45.29190207
Anatidae,45.28405524
Anatidae,45.26836158
Anatidae,44.43397708
Anatidae,45.02786281
Anatidae,45.02786281
Anatidae,45.02001413
Anatidae,45.19774011
Anatidae,45.10989011
Anatidae,45.21343377
Anatidae,45.32328939
Anatidae,45.3104152
Anatidae,45.31826387
Anatidae,45.25604775
Anatidae,45.07263447
Anatidae,45.03061705
Anatidae,45.01138237
Anatidae,44.89956058
Anatidae,44.88658661
Anatidae,44.8952366
Anatidae,45.12128111
Anatidae,45.01648093
Anatidae,45.14204991
Anatidae,45.04080352
Anatidae,45.12711864
Anatidae,44.99372254
Anatidae,45.16204975
Anatidae,44.94584838
Anatidae,44.91877894
Anatidae,44.91365777
Anatidae,44.89956058
Anatidae,45.17419962
Anatidae,45.0094162
Anatidae,45.03649062
Anatidae,45.01648093
Anatidae,45.55869429
Anatidae,45.56654112
Anatidae,45.56654112
Anatidae,45.56654112
Anatidae,45.56654112
Anatidae,44.86541953
Anatidae,44.86032643
Anatidae,45.15850596
Anatidae,45.40175769
Anatidae,45.3782172
Anatidae,45.38606403
Anatidae,45.08003766
Anatidae,45.16891094
Anatidae,45.08003766
Anatidae,45.35467671
Anatidae,45.24482109
Anatidae,45.11142498
Anatidae,45.38606403
Anatidae,45.46603476
Anatidae,45.11142498
Anatidae,45.44099184
Anatidae,45.43314501
Anatidae,45.08003766
Anatidae,44.9513191
Anatidae,44.90773459
Anatidae,44.89361702
Anatidae,44.82027939
Anatidae,44.80376766
Anatidae,44.76767041
Anatidae,44.91478399
Anatidae,44.97445972
Anatidae,45.21268247
Anatidae,45.18204645
Anatidae,45.27620841
Anatidae,45.12989561
Anatidae,45.06434401
Anatidae,45.2212806
Anatidae,45.08003766
Anatidae,45.08003766
Anatidae,45.10357815
Anatidae,45.10357815
Anatidae,45.08280355
Anatidae,45.18483636
Anatidae,45.33678756
Anatidae,44.75958517
Anatidae,45.33898305
Anatidae,45.33898305
Anatidae,45.19774011
Anatidae,45.02552022
Anatidae,44.7915849
Anatidae,44.97724062
Anatidae,45.21343377
Anatidae,45.15065913
Anatidae,45.2582823
Anatidae,45.05649718
Anatidae,45.42529818
Anatidae,44.89876001
Anatidae,45.44883867
Anatidae,45.24482109
Anatidae,45.43881724
Anatidae,45.19774011
Anatidae,45.1031539
Anatidae,45.33396123
Anatidae,45.23697426
Anatidae,45.21343377
Anatidae,44.87828392
Anatidae,45.41745135
Anatidae,44.98587571
Anatidae,45.27620841
Anatidae,45.12434298
Anatidae,45.24482109
Anatidae,45.28405524
Anatidae,45.14635486
Anatidae,45.2212806
Anatidae,45.10357815
Anatidae,45.03295669
Anatidae,45.11142498
Anatidae,44.79755179
Anatidae,45.02510986
Anatidae,45.05373813
Anatidae,44.8524796
Anatidae,44.94664156
Anatidae,45.0094162
Anatidae,45.13496547
Anatidae,45.15065913
Anatidae,45.1428123
Anatidae,45.16635279
Anatidae,45.17419962
Anatidae,45.18204645
Anatidae,44.78185813
Anatidae,45.27850825
Anatidae,45.00863287
Anatidae,45.08003766
Anatidae,45.20375187
Anatidae,44.75831764
Anatidae,44.82428879
Anatidae,44.99960156
Anatidae,44.82428879
Anatidae,44.87210136
Anatidae,44.60138104
Anatidae,44.78970496
Anatidae,44.76850745
Anatidae,44.83678594
Anatidae,45.0094162
Anatidae,45.08003766
Anatidae,45.20128698
Anatidae,45.33898305
Anatidae,45.13850742
Anatidae,45.15850596
Anatidae,45.25977084
Anatidae,45.17419962
Anatidae,45.17698768
Anatidae,45.15850596
Anatidae,44.97018205
Anatidae,44.97802888
Anatidae,44.97802888
Anatidae,45.15850596
Anatidae,44.97018205
Anatidae,44.97018205
Anatidae,45.05649718
Anatidae,44.97802888
Anatidae,45.2676189
Anatidae,44.92230419
Anatidae,45.34682988
Anatidae,45.04433807
Anatidae,45.03139717
Anatidae,45.17623047
Anatidae,44.78970496
Anatidae,45.1655941
Anatidae,45.07418165
Anatidae,45.13774429
Anatidae,45.14989798
Anatidae,44.9309479
Anatidae,44.84463277
Anatidae,44.94664156
Anatidae,44.93800031
Anatidae,45.12281252
Anatidae,44.80376766
Anatidae,44.83516484
Anatidae,45.0577059
Anatidae,45.08125932
Anatidae,45.02432899
Anatidae,45.18989328
Anatidae,44.94073318
Anatidae,44.74262398
Anatidae,45.14761307
Anatidae,45.07064364
Anatidae,45.27042939
Anatidae,44.42351464
Anatidae,44.64201416
Anatidae,44.81158052
Anatidae,44.74613513
Anatidae,44.69120301
Anatidae,44.73395071
Anatidae,44.52812426
Anatidae,44.55165921
Anatidae,44.56734918
Anatidae,44.74077571
Anatidae,44.17235696
Anatidae,45.12711864
Anatidae,44.67032967
Anatidae,44.72176438
Anatidae,44.63542893
Anatidae,44.79347998
Anatidae,44.55970858
Anatidae,44.61368479
Anatidae,44.8553817
Anatidae,44.84934532
Anatidae,44.27966102
Anatidae,44.22201287
Anatidae,44.24556445
Anatidae,44.27438977
Anatidae,44.66682364
Anatidae,44.4706067
Anatidae,44.68519391
Anatidae,44.22201287
Anatidae,44.48899371
Anatidae,44.42612655
Anatidae,44.48108023
Anatidae,45.57011693
Anatidae,45.48022599
Anatidae,45.23248508
Anatidae,45.29190207
Anatidae,45.26836158
Anatidae,45.26332313
Anatidae,45.32611255
Anatidae,45.33396123
Anatidae,45.33396123
Anatidae,45.33396123
Anatidae,45.3104152
Anatidae,44.80125935
Anatidae,45.75950862
Anatidae,45.18746062
Anatidae,45.20784314
Anatidae,45.44027625
Anatidae,45.40372175
Anatidae,45.3782172
Anatidae,45.36252354
Anatidae,45.35038845
Anatidae,45.59008161
Anatidae,45.17419962
Anatidae,45.12711864
Anatidae,45.12711864
Anatidae,44.93063813
Anatidae,44.85907731
Anatidae,44.88734835
Anatidae,44.7845538
Anatidae,45.26051475
Anatidae,45.36252354
Anatidae,45.45240524
Anatidae,45.11850573
Anatidae,45.39458186
Anatidae,45.31470727
Anatidae,45.31262258
Anatidae,45.37175159
Anatidae,45.29545633
Anatidae,45.32757944
Anatidae,45.33186882
Anatidae,45.31617762
Anatidae,45.32328939
Anatidae,45.30759573
Anatidae,44.99725339
Anatidae,45.20128698
Anatidae,45.26332313
Anatidae,45.25547445
Anatidae,45.24762578
Anatidae,45.09496154
Anatidae,45.17344216
Anatidae,45.06710619
Anatidae,45.15065913
Anatidae,45.20053371
Anatidae,45.16635279
Anatidae,45.16635279
Anatidae,45.16635279
Anatidae,45.16635279
Anatidae,45.08003766
Anatidae,43.99215686
Anatidae,44.70855888
Anatidae,44.46798493
Anatidae,44.70855888
Anatidae,44.71640386
Anatidae,44.70855888
Anatidae,44.64846202
Anatidae,44.53390165
Anatidae,44.32148183
Anatidae,44.38427125
Anatidae,44.28223844
Anatidae,44.72693032
Anatidae,45.26573482
Anatidae,43.90550192
Anatidae,43.88980457
Anatidae,43.90550192
Anatidae,44.26959148
Anatidae,44.16271722
Anatidae,44.19723866
Anatidae,44.51267517
Anatidae,44.30379747
Anatidae,44.26085568
Anatidae,44.19252188
Anatidae,44.48672216
Anatidae,44.38642298
Anatidae,44.33610781
Anatidae,44.47098161
Anatidae,44.1475827
Anatidae,43.96496815
Anatidae,43.91762452
Anatidae,44.95884774
Anatidae,44.90488594
Anatidae,44.85439975
Anatidae,44.8812644
Anatidae,44.84145764
Anatidae,45.09943182
Anatidae,45.08501384
Anatidae,44.79612883
Anatidae,44.80100676
Anatidae,44.76551397
Anatidae,45.51962867
Anatidae,45.40175769
Anatidae,45.37037037
Anatidae,45.27117181
Anatidae,45.27117181
Anatidae,45.4566855
Anatidae,45.40960452
Anatidae,45.38606403
Anatidae,45.35467671
Anatidae,45.43314501
Anatidae,44.90228397
Anatidae,45.57438795
Anatidae,45.59008161
Anatidae,45.35739729
Anatidae,45.1428123
Anatidae,45.40960452
Anatidae,45.41745135
Anatidae,45.10357815
Anatidae,45.36252354
Anatidae,45.08003766
Anatidae,45.36252354
Anatidae,45.36252354
Anatidae,45.36252354
Anatidae,45.32046756
Anatidae,45.41529282
Anatidae,45.50376648
Anatidae,45.50376648
Anatidae,45.50376648
Anatidae,45.50376648
Anatidae,45.38606403
Anatidae,45.42529818
Anatidae,44.42351464
Anatidae,45.17698768
Anatidae,45.41385268
Anatidae,45.48095799
Anatidae,45.28405524
Anatidae,44.82109228
Anatidae,45.38111669
Anatidae,45.2782793
Anatidae,45.2782793
Anatidae,45.41745135
Anatidae,45.33113622
Anatidae,45.31544256
Anatidae,45.36252354
Anatidae,45.36252354
Anatidae,45.39391086
Anatidae,45.37320462
Anatidae,45.58223478
Anatidae,45.4566855
Anatidae,45.02510986
Anatidae,45.30759573
Anatidae,45.30759573
Anatidae,45.30759573
Anatidae,45.30759573
Anatidae,45.24482109
Anatidae,45.23697426
Anatidae,45.25266792
Anatidae,45.25266792
Anatidae,45.22912743
Anatidae,45.22912743
Anatidae,45.24482109
Anatidae,45.22912743
Anatidae,45.30759573
Anatidae,45.30759573
Anatidae,45.32328939
Anatidae,45.30759573
Anatidae,45.3782172
Anatidae,45.41745135
Anatidae,44.9964681
Anatidae,45.39391086
Anatidae,45.38606403
Anatidae,45.10634958
Anatidae,45.10634958
Anatidae,44.88417746
Anatidae,45.08003766
Anatidae,45.37037037
Anatidae,45.31544256
Anatidae,45.30759573
Anatidae,44.87088926
Anatidae,44.91798132
Anatidae,45.31899867
Anatidae,45.44454917
Anatidae,45.55869429
Anatidae,45.35184749
Anatidae,44.9964681
Anatidae,45.30759573
Anatidae,45.33113622
Anatidae,45.34682988
Anatidae,45.31544256
Anatidae,45.46453233
Anatidae,45.4566855
Anatidae,45.41745135
Anatidae,45.25266792
Anatidae,45.36252354
Anatidae,45.51161331
Anatidae,45.28405524
Anatidae,45.39891739
Anatidae,45.35467671
Anatidae,45.342541
Anatidae,45.34682988
Anatidae,45.66070308
Anatidae,45.66070308
Anatidae,45.18483636
Anatidae,44.72712996
Anatidae,44.88386692
Anatidae,44.88386692
Anatidae,44.88386692
Anatidae,44.44444444
Anatidae,45.27472527
Anatidae,45.25443787
Anatidae,44.17746368
Anatidae,43.42125922
Anatidae,44.32665881
Anatidae,44.1984613
Anatidae,44.2298634
Anatidae,44.38687392
Anatidae,44.20887318
Anatidae,44.22457793
Anatidae,44.21672556
Anatidae,44.07285288
Anatidae,44.07285288
Anatidae,44.35806832
Anatidae,44.98114986
Anatidae,45.11697284
Anatidae,45.21042714
Anatidae,45.33678756
Anatidae,45.14460381
Anatidae,45.0463181
Anatidae,44.81075458
Anatidae,44.78209658
Anatidae,44.8744113
Anatidae,44.62504908
Anatidae,44.30836866
Anatidae,44.61453917
Anatidae,44.64594128
Anatidae,44.62589307
Anatidae,45.33396123
Anatidae,45.27117181
Anatidae,45.34180991
Anatidae,45.33396123
Anatidae,45.32611255
Anatidae,45.20053371
Anatidae,45.21902967
Anatidae,45.21117915
Anatidae,45.14559297
Anatidae,45.1954781
Anatidae,45.18483636
Anatidae,45.18483636
Anatidae,45.19268503
Anatidae,45.09233792
Anatidae,45.06986968
Anatidae,45.06986968
Anatidae,45.07772021
Anatidae,45.22407974
Anatidae,45.21117915
Anatidae,45.21117915
Anatidae,45.20332862
Anatidae,44.97566337
Anatidae,44.97566337
Anatidae,44.97566337
Anatidae,44.96781284
Anatidae,44.9835139
Anatidae,44.95211179
Anatidae,45.10127179
Anatidae,44.95996232
Anatidae,45.2403393
Anatidae,44.82650338
Anatidae,45.014916
Anatidae,44.88145706
Anatidae,44.97566337
Anatidae,44.96781284
Anatidae,44.97566337
Anatidae,44.97566337
Anatidae,44.96781284
Anatidae,44.95996232
Anatidae,44.95996232
Anatidae,44.97566337
Anatidae,44.95996232
Anatidae,44.96781284
Anatidae,45.06201916
Anatidae,44.96781284
Anatidae,45.25043178
Anatidae,44.96781284
Anatidae,44.97566337
Anatidae,44.9835139
Anatidae,44.96781284
Anatidae,45.17977705
Anatidae,45.02276653
Anatidae,45.014916
Anatidae,45.17192652
Anatidae,45.03846758
Anatidae,45.03571148
Anatidae,45.03061705
Anatidae,45.04761905
Anatidae,44.9835139
Anatidae,45.03846758
Anatidae,45.23473073
Anatidae,45.14837494
Anatidae,45.14052442
Anatidae,45.13267389
Anatidae,45.14052442
Anatidae,45.06986968
Anatidae,45.08557073
Anatidae,45.15622547
Anatidae,45.02276653
Anatidae,45.14052442
Anatidae,45.15622547
Anatidae,45.14837494
Anatidae,45.14837494
Anatidae,45.07772021
Anatidae,45.2268802
Anatidae,45.14837494
Anatidae,45.14837494
Anatidae,45.06201916
Anatidae,45.06201916
Anatidae,45.14052442
Anatidae,45.2268802
Anatidae,45.14837494
Anatidae,45.07772021
Anatidae,44.99136442
Anatidae,45.22407974
Anatidae,45.10127179
Anatidae,45.35248862
Anatidae,44.93949395
Anatidae,45.28183388
Anatidae,45.32108651
Anatidae,45.30538546
Anatidae,44.92070969
Anatidae,45.00706547
Anatidae,45.11697284
Anatidae,45.12482336
Anatidae,45.14052442
Anatidae,45.17977705
Anatidae,45.17977705
Anatidae,45.15344165
Anatidae,45.2582823
Anatidae,45.36033914
Anatidae,45.32893704
Anatidae,45.14837494
Anatidae,45.29753493
Anatidae,45.12482336
Anatidae,45.12482336
Anatidae,45.15622547
Anatidae,45.2268802
Anatidae,45.20332862
Anatidae,45.1954781
Anatidae,45.20332862
Anatidae,45.20332862
Anatidae,45.1954781
Anatidae,45.21117915
Anatidae,45.21902967
Anatidae,45.20332862
Anatidae,45.1954781
Anatidae,45.21117915
Anatidae,45.20332862
Anatidae,45.1954781
Anatidae,45.21117915
Anatidae,45.1954781
Anatidae,45.21117915
Anatidae,45.1954781
Anatidae,45.21117915
Anatidae,45.28183388
Anatidae,45.21117915
Anatidae,45.1954781
Anatidae,45.1954781
Anatidae,45.27398336
Anatidae,45.21117915
Anatidae,45.1954781
Anatidae,45.21117915
Anatidae,45.1954781
Anatidae,45.21117915
Anatidae,45.20332862
Anatidae,45.1954781
Anatidae,45.18762757
Anatidae,45.20332862
Anatidae,45.1954781
Anatidae,45.17977705
Anatidae,45.09342126
Anatidae,45.10912231
Anatidae,45.09342126
Anatidae,45.07772021
Anatidae,45.14837494
Anatidae,45.17977705
Anatidae,44.78913061
Anatidae,44.89715811
Anatidae,45.03061705
Anatidae,45.05140884
Anatidae,45.05140884
Anatidae,45.17977705
Anatidae,45.17977705
Anatidae,45.13267389
Anatidae,45.11697284
Anatidae,45.10912231
Anatidae,45.30538546
Anatidae,45.30538546
Anatidae,45.20053371
Anatidae,45.10634958
Anatidae,45.02276653
Anatidae,45.02276653
Anatidae,45.02276653
Anatidae,45.00706547
Anatidae,45.02276653
Anatidae,45.02276653
Anatidae,45.0463181
Anatidae,45.03846758
Anatidae,45.06986968
Anatidae,45.0463181
Anatidae,45.03846758
Anatidae,44.9835139
Anatidae,45.16407599
Anatidae,45.00706547
Anatidae,45.03061705
Anatidae,45.00706547
Anatidae,45.03061705
Anatidae,45.05416863
Anatidae,45.11697284
Anatidae,45.0463181
Anatidae,45.02276653
Anatidae,44.99136442
Anatidae,45.03846758
Anatidae,45.02276653
Anatidae,45.06201916
Anatidae,45.0463181
Anatidae,45.05416863
Anatidae,45.03846758
Anatidae,45.03846758
Anatidae,45.0463181
Anatidae,45.03846758
Anatidae,45.05416863
Anatidae,45.00706547
Anatidae,45.0463181
Anatidae,45.03061705
Anatidae,45.0463181
Anatidae,45.0463181
Anatidae,45.00706547
Anatidae,45.24108685
Anatidae,45.07772021
Anatidae,45.17977705
Anatidae,45.33961523
Anatidae,45.21902967
Anatidae,45.1954781
Anatidae,45.14052442
Anatidae,45.2618356
Anatidae,45.06201916
Anatidae,45.06555704
Anatidae,45.06555704
Anatidae,45.07186052
Anatidae,45.28183388
Anatidae,44.95211179
Anatidae,45.21117915
Anatidae,45.10912231
Anatidae,45.1519196
Anatidae,45.14837494
Anatidae,45.39174125
Anatidae,45.39174125
Anatidae,45.17547303
Anatidae,45.3125
Anatidae,45.05416863
Anatidae,45.29753493
Anatidae,45.1954781
Anatidae,45.2268802
Anatidae,45.2268802
Anatidae,45.28183388
Anatidae,45.21117915
Anatidae,45.17977705
Anatidae,45.21117915
Anatidae,45.16407599
Anatidae,45.14837494
Anatidae,45.03061705
Anatidae,45.05416863
Anatidae,45.27398336
Anatidae,45.28183388
Anatidae,45.39174125
Anatidae,45.43650794
Anatidae,45.42772861
Anatidae,45.41062802
Anatidae,45.45599363
Anatidae,45.38237837
Anatidae,45.26613283
Anatidae,45.21117915
Anatidae,45.17192652
Anatidae,44.90580848
Anatidae,44.98272613
Anatidae,45.29753493
Anatidae,45.12482336
Anatidae,45.27398336
Anatidae,44.93367868
Anatidae,44.87088926
Anatidae,44.90500864
Anatidae,45.09342126
Anatidae,44.88930758
Anatidae,44.99921495
Anatidae,44.96781284
Anatidae,45.28183388
Anatidae,44.99136442
Anatidae,44.99136442
Anatidae,45.02276653
Anatidae,45.02276653
Anatidae,45.02276653
Anatidae,45.32893704
Anatidae,45.31323599
Anatidae,45.34463809
Anatidae,45.35248862
Anatidae,45.13267389
Anatidae,45.014916
Anatidae,45.02276653
Anatidae,45.05183789
Anatidae,45.014916
Anatidae,45.15087056
Anatidae,45.02276653
Anatidae,45.16407599
Anatidae,45.20332862
Anatidae,45.1954781
Anatidae,45.20332862
Anatidae,45.43099388
Anatidae,45.42314335
Anatidae,45.014916
Anatidae,45.014916
Anatidae,44.95211179
Anatidae,45.17689989
Anatidae,45.23473073
Anatidae,45.05529226
Anatidae,45.26894386
Anatidae,45.15622547
Anatidae,45.20332862
Anatidae,45.21117915
Anatidae,45.20332862
Anatidae,45.21117915
Anatidae,45.20332862
Anatidae,45.21117915
Anatidae,45.014916
Anatidae,45.03061705
Anatidae,45.06201916
Anatidae,45.08557073
Anatidae,44.9835139
Anatidae,45.00706547
Anatidae,45.00706547
Anatidae,45.31544256
Anatidae,45.10127179
Anatidae,45.10127179
Anatidae,45.18762757
Anatidae,45.12482336
Anatidae,45.29753493
Anatidae,44.77670513
Anatidae,44.76183002
Anatidae,45.35002756
Anatidae,45.17268446
Anatidae,45.14913658
Anatidae,45.18838305
Anatidae,45.18838305
Anatidae,45.169139
Anatidae,45.2433281
Anatidae,45.17268446
Anatidae,45.22762951
Anatidae,45.30330377
Anatidae,45.13065997
Anatidae,45.13267389
Anatidae,45.41529282
Anatidae,45.4095657
Anatidae,45.15698587
Anatidae,45.10989011
Anatidae,45.07064364
Anatidae,45.29328288
Anatidae,45.26687598
Anatidae,45.10634958
Anatidae,45.44669493
Anatidae,45.1939689
Anatidae,45.25043178
Anatidae,45.25043178
Anatidae,45.29042386
Anatidae,45.23248508
Anatidae,45.24893985
Anatidae,45.2433281
Anatidae,45.2433281
Anatidae,45.25398445
Anatidae,45.13267389
Anatidae,45.20838239
Anatidae,45.22518274
Anatidae,45.07772021
Anatidae,45.03259248
Anatidae,45.22257989
Anatidae,45.2268802
Anatidae,45.08557073
Anatidae,44.97566337
Anatidae,45.13343799
Anatidae,45.25043178
Anatidae,45.08557073
Anatidae,45.01413317
Anatidae,45.00431677
Anatidae,45.18762757
Anatidae,44.92856021
Anatidae,45.17977705
Anatidae,45.24538673
Anatidae,45.25043178
Anatidae,45.47024651
Anatidae,45.28183388
Anatidae,44.95211179
Anatidae,45.34463809
Anatidae,45.24258125
Anatidae,45.28183388
Anatidae,45.34536892
Anatidae,44.87360653
Anatidae,44.92856021
Anatidae,45.32182104
Anatidae,45.31397174
Anatidae,45.31397174
Anatidae,45.19623234
Anatidae,45.29827316
Anatidae,45.31643577
Anatidae,45.29042386
Anatidae,45.28257457
Anatidae,45.13343799
Anatidae,45.1177394
Anatidae,45.25902669
Anatidae,45.29042386
Anatidae,45.29827316
Anatidae,44.96781284
Anatidae,45.20913443
Anatidae,45.23640941
Anatidae,45.24837166
Anatidae,45.20913443
Anatidae,45.32739987
Anatidae,45.02552022
Anatidae,45.23473073
Anatidae,45.13267389
Anatidae,45.03846758
Anatidae,45.09342126
Anatidae,45.37604019
Anatidae,45.36818967
Anatidae,45.31323599
Anatidae,45.15622547
Anatidae,45.12482336
Anatidae,45.33678756
Anatidae,45.10912231
Anatidae,45.09342126
Anatidae,45.28968441
Anatidae,45.18762757
Anatidae,45.21117915
Anatidae,45.20332862
Anatidae,44.92377809
Anatidae,44.95758718
Anatidae,44.78257451
Anatidae,44.95484884
Anatidae,44.82433388
Anatidae,44.96818289
Anatidae,44.97840597
Anatidae,45.09896324
Anatidae,44.99175112
Anatidae,44.88689915
Anatidae,44.88689915
Anatidae,44.92343934
Anatidae,44.92617028
Anatidae,44.86062034
Anatidae,44.93129172
Anatidae,44.94699647
Anatidae,44.95484884
Anatidae,44.96270122
Anatidae,44.97840597
Anatidae,44.97840597
Anatidae,44.81106136
Anatidae,44.89202984
Anatidae,44.67734338
Anatidae,44.70089496
Anatidae,44.69304443
Anatidae,44.70874549
Anatidae,44.70874549
Anatidae,44.87632509
Anatidae,45.03846758
Anatidae,44.83571765
Anatidae,44.4915587
Anatidae,44.81865285
Anatidae,44.95405639
Anatidae,44.9835139
Anatidae,44.71927758
Anatidae,44.92856021
Anatidae,45.10404397
Anatidae,45.11974872
Anatidae,45.23753435
Anatidae,45.12482336
Anatidae,44.83706321
Anatidae,44.75068708
Anatidae,44.73498233
Anatidae,44.88058643
Anatidae,44.86847271
Anatidae,45.00196309
Anatidae,44.91558697
Anatidae,44.68786808
Anatidae,44.80646934
Anatidae,44.85790548
Anatidae,45.14052442
Anatidae,44.65645858
Anatidae,44.71142521
Anatidae,44.89779874
Anatidae,44.87824038
Anatidae,44.6537918
Anatidae,44.66164233
Anatidae,44.66949286
Anatidae,44.64594128
Anatidae,44.40257497
Anatidae,44.93129172
Anatidae,44.53603391
Anatidae,44.54388444
Anatidae,44.50463181
Anatidae,44.55958549
Anatidae,44.40257497
Anatidae,44.68786808
Anatidae,44.80565371
Anatidae,44.82406535
Anatidae,44.8974782
Anatidae,44.80320528
Anatidae,44.90020431
Anatidae,44.91046183
Anatidae,44.8974782
Anatidae,44.80320528
Anatidae,44.92104643
Anatidae,45.22968198
Anatidae,45.2367863
Anatidae,45.06710619
Anatidae,44.96781284
Anatidae,44.94699647
Anatidae,44.86847271
Anatidae,45.04122497
Anatidae,44.96270122
Anatidae,45.1590106
Anatidae,44.86062034
Anatidae,44.79780133
Anatidae,44.74283471
Anatidae,44.88417746
Anatidae,44.69572046
Anatidae,44.94699647
Anatidae,44.91558697
Anatidae,44.53867295
Anatidae,44.88930758
Anatidae,44.97840597
Anatidae,44.87632509
Anatidae,44.94699647
Anatidae,44.92343934
Anatidae,44.83706321
Anatidae,45.08833922
Anatidae,45.24482109
Anatidae,45.08833922
Anatidae,44.78209658
Anatidae,45.12482336
Anatidae,44.98625834
Anatidae,45.36818967
Anatidae,45.08557073
Anatidae,44.96781284
Anatidae,44.93641074
Anatidae,45.21978022
Anatidae,44.66011788
Anatidae,45.12482336
Anatidae,45.09342126
Anatidae,45.10127179
Anatidae,45.19268503
Anatidae,45.15622547
Anatidae,45.3104152
Anatidae,45.27902049
Anatidae,45.28686916
Anatidae,45.27902049
Anatidae,44.9835139
Anatidae,45.014916
Anatidae,45.30058592
Anatidae,45.21623107
Anatidae,45.20053371
Anatidae,45.20053371
Anatidae,45.0985009
Anatidae,45.06986968
Anatidae,44.96781284
Anatidae,44.92891748
Anatidae,45.02422365
Anatidae,44.33192024
Anatidae,44.89795918
Anatidae,45.21117915
Anatidae,44.86062034
Anatidae,45.14330585
Anatidae,45.43099388
Anatidae,45.25043178
Anatidae,44.05967805
Anatidae,44.05182568
Anatidae,44.96056091
Anatidae,45.03846758
Anatidae,44.83301827
Anatidae,44.5229682
Anatidae,44.88417746
Anatidae,44.89988221
Anatidae,44.84843725
Anatidae,44.69572046
Anatidae,44.79510127
Anatidae,44.64594128
Anatidae,45.0333726
Anatidae,44.9835139
Anatidae,44.89715811
Anatidae,44.91285916
Anatidae,44.92070969
Anatidae,44.93641074
Anatidae,44.77940022
Anatidae,44.70874549
Anatidae,45.02276653
Anatidae,44.82650338
Anatidae,44.8029518
Anatidae,44.90500864
Anatidae,44.96781284
Anatidae,44.80565371
Anatidae,44.79780133
Anatidae,45.02276653
Anatidae,44.76369917
Anatidae,44.76369917
Anatidae,45.08557073
Anatidae,44.82650338
Anatidae,44.88145706
Anatidae,44.88145706
Anatidae,44.88145706
Anatidae,44.73229706
Anatidae,44.74283471
Anatidae,45.18256773
Anatidae,45.11697284
Anatidae,45.28464861
Anatidae,44.80565371
Anatidae,44.69304443
Anatidae,44.76369917
Anatidae,44.85276796
Anatidae,44.89988221
Anatidae,45.07263447
Anatidae,44.87360653
Anatidae,44.89827979
Anatidae,44.87360653
Anatidae,45.08048685
Anatidae,44.78994896
Anatidae,45.02276653
Anatidae,44.8029518
Anatidae,44.77940022
Anatidae,44.85005495
Anatidae,44.85005495
Anatidae,44.92070969
Anatidae,45.1954781
Anatidae,44.94426127
Anatidae,45.10127179
Anatidae,44.92070969
Anatidae,45.16129032
Anatidae,45.31323599
Anatidae,45.47880691
Anatidae,45.45454545
Anatidae,45.28183388
Anatidae,45.30612245
Anatidae,45.57727023
Anatidae,45.27117181
Anatidae,44.85790548
Anatidae,45.13774429
Anatidae,45.1775055
Anatidae,44.82650338
Anatidae,44.85790548
Anatidae,45.44384271
Anatidae,45.44384271
Anatidae,44.70089496
Anatidae,44.74014759
Anatidae,44.67734338
Anatidae,44.60668865
Anatidae,44.63809075
Anatidae,44.96349219
Anatidae,44.78395799
Anatidae,44.71634275
Anatidae,45.014916
Anatidae,44.95996232
Anatidae,44.99136442
Anatidae,44.70089496
Anatidae,44.99136442
Anatidae,44.99921495
Anatidae,44.74389283
Anatidae,44.58543506
Anatidae,44.89715811
Anatidae,44.89715811
Anatidae,44.90500864
Anatidae,45.03061705
Anatidae,44.92856021
Anatidae,44.63303473
Anatidae,44.95211179
Anatidae,45.03061705
Anatidae,44.55173497
Anatidae,44.60668865
Anatidae,45.03846758
Anatidae,44.9835139
Anatidae,45.1954781
Anatidae,45.11697284
Anatidae,45.28968441
Anatidae,44.89715811
Anatidae,44.92856021
Anatidae,45.10912231
Anatidae,44.89715811
Anatidae,45.16407599
Anatidae,44.99136442
Anatidae,44.96781284
Anatidae,44.96781284
Anatidae,45.03846758
Anatidae,45.03846758
Anatidae,45.11697284
Anatidae,45.03061705
Anatidae,45.09188001
Anatidae,44.92856021
Anatidae,45.14052442
Anatidae,45.14052442
Anatidae,44.99921495
Anatidae,44.76369917
Anatidae,44.8029518
Anatidae,44.8029518
Anatidae,45.0463181
Anatidae,44.81865285
Anatidae,45.06986968
Anatidae,44.89715811
Anatidae,44.60668865
Anatidae,45.29753493
Anatidae,45.27398336
Anatidae,44.96781284
Anatidae,44.9835139
Anatidae,44.99136442
Anatidae,45.03061705
Anatidae,44.95996232
Anatidae,45.1954781
Anatidae,45.10127179
Anatidae,45.08557073
Anatidae,44.84220443
Anatidae,45.0463181
Anatidae,45.0463181
Anatidae,44.92856021
Anatidae,44.92070969
Anatidae,44.91285916
Anatidae,45.03846758
Anatidae,45.11697284
Anatidae,45.33678756
Anatidae,45.03061705
Anatidae,44.90500864
Anatidae,44.92070969
Anatidae,44.92070969
Anatidae,44.90500864
Anatidae,45.28968441
Anatidae,45.17977705
Anatidae,45.21902967
Anatidae,45.17192652
Anatidae,45.09342126
Anatidae,45.14052442
Anatidae,45.14052442
Anatidae,45.15622547
Anatidae,45.14837494
Anatidae,45.14052442
Anatidae,45.13267389
Anatidae,45.33678756
Anatidae,44.99136442
Anatidae,44.99921495
Anatidae,45.08557073
Anatidae,45.15622547
Anatidae,44.95211179
Anatidae,44.95211179
Anatidae,44.85790548
Anatidae,44.8343539
Anatidae,45.00706547
Anatidae,45.03061705
Anatidae,44.9835139
Anatidae,45.24258125
Anatidae,45.14837494
Anatidae,44.97566337
Anatidae,44.90500864
Anatidae,45.05416863
Anatidae,45.09342126
Anatidae,45.09342126
Anatidae,45.014916
Anatidae,45.0463181
Anatidae,44.82650338
Anatidae,44.95996232
Anatidae,45.01216545
Anatidae,45.00431677
Anatidae,45.03846758
Anatidae,45.43099388
Anatidae,44.9835139
Anatidae,45.16407599
Anatidae,45.14837494
Anatidae,45.06201916
Anatidae,45.07772021
Anatidae,44.93641074
Anatidae,44.92856021
Anatidae,44.93641074
Anatidae,45.03227838
Anatidae,45.0463181
Anatidae,44.97566337
Anatidae,44.98547082
Anatidae,44.97566337
Anatidae,44.98704562
Anatidae,44.88930758
Anatidae,45.17192652
Anatidae,45.14052442
Anatidae,45.07894117
Anatidae,45.06124372
Anatidae,45.07540057
Anatidae,45.07385292
Anatidae,45.09233792
Anatidae,45.08557073
Anatidae,45.02552022
Anatidae,44.99136442
Anatidae,45.01845018
Anatidae,45.02120308
Anatidae,44.96781284
Anatidae,45.16407599
Anatidae,45.17547303
Anatidae,44.99136442
Anatidae,45.14837494
Anatidae,45.00706547
Anatidae,44.99136442
Anatidae,44.9835139
Anatidae,44.97566337
Anatidae,45.17192652
Anatidae,44.93641074
Anatidae,44.95211179
Anatidae,45.14052442
Anatidae,45.014916
Anatidae,45.014916
Anatidae,44.99921495
Anatidae,44.97566337
Anatidae,44.97566337
Anatidae,44.92856021
Anatidae,45.13267389
Anatidae,45.16407599
Anatidae,45.06986968
Anatidae,45.06986968
Anatidae,45.014916
Anatidae,45.11697284
Anatidae,45.10912231
Anatidae,45.13267389
Anatidae,45.07772021
Anatidae,45.12482336
Anatidae,45.11697284
Anatidae,45.12482336
Anatidae,45.14052442
Anatidae,45.10127179
Anatidae,44.92856021
Anatidae,44.90500864
Anatidae,44.92070969
Anatidae,45.10912231
Anatidae,45.08557073
Anatidae,45.23473073
Anatidae,45.09342126
Anatidae,45.33678756
Anatidae,44.92070969
Anatidae,45.10912231
Anatidae,45.09342126
Anatidae,45.08557073
Anatidae,45.07772021
Anatidae,44.88930758
Anatidae,44.91285916
Anatidae,44.92856021
Anatidae,44.91285916
Anatidae,44.89715811
Anatidae,44.88145706
Anatidae,44.92070969
Anatidae,44.93641074
Anatidae,44.92856021
Anatidae,44.92070969
Anatidae,44.85005495
Anatidae,45.21902967
Anatidae,44.8343539
Anatidae,45.28183388
Anatidae,44.77940022
Anatidae,44.76369917
Anatidae,44.81080232
Anatidae,45.24053224
Anatidae,45.14052442
Anatidae,44.9835139
Anatidae,45.00706547
Anatidae,44.99136442
Anatidae,45.03846758
Anatidae,44.76369917
Anatidae,44.76369917
Anatidae,44.74799812
Anatidae,44.72444654
Anatidae,44.9835139
Anatidae,44.9835139
Anatidae,45.03061705
Anatidae,44.99921495
Anatidae,45.00706547
Anatidae,44.9835139
Anatidae,45.0463181
Anatidae,44.89715811
Anatidae,45.06201916
Anatidae,45.1954781
Anatidae,45.28968441
Anatidae,45.18186112
Anatidae,45.10266698
Anatidae,45.1406952
Anatidae,45.03061705
Anatidae,45.0463181
Anatidae,45.03846758
Anatidae,45.03061705
Anatidae,45.03061705
Anatidae,45.03846758
Anatidae,45.02276653
Anatidae,44.94426127
Anatidae,44.94426127
Anatidae,44.94426127
Anatidae,44.94426127
Anatidae,44.94426127
Anatidae,44.94426127
Anatidae,44.77940022
Anatidae,44.76369917
Anatidae,44.74799812
Anatidae,44.76369917
Anatidae,44.76369917
Anatidae,44.76639183
Anatidae,44.77940022
Anatidae,44.99136442
Anatidae,44.99136442
Anatidae,45.03061705
Anatidae,44.94496855
Anatidae,44.91285916
Anatidae,45.07996534
Anatidae,45.17249546
Anatidae,45.02276653
Anatidae,45.15215853
Anatidae,44.94426127
Anatidae,45.21544488
Anatidae,45.09696161
Anatidae,45.03957151
Anatidae,44.88930758
Anatidae,44.97566337
Anatidae,45.07772021
Anatidae,44.95917085
Anatidae,45.14052442
Anatidae,44.95996232
Anatidae,45.0463181
Anatidae,44.92343934
Anatidae,44.91285916
Anatidae,44.92070969
Anatidae,44.91638533
Anatidae,44.92070969
Anatidae,45.10127179
Anatidae,44.92856021
Anatidae,45.14837494
Anatidae,45.1954781
Anatidae,44.79510127
Anatidae,45.13621732
Anatidae,44.93641074
Anatidae,44.88145706
Anatidae,44.84220443
Anatidae,44.81865285
Anatidae,44.85276796
Anatidae,44.95211179
Anatidae,45.16407599
Anatidae,45.10127179
Anatidae,45.10127179
Anatidae,44.95996232
Anatidae,45.23473073
Anatidae,45.25043178
Anatidae,45.30867125
Anatidae,45.26174708
Anatidae,45.25892646
Anatidae,45.24879741
Anatidae,45.25950465
Anatidae,45.23302579
Anatidae,45.26613283
Anatidae,45.2582823
Anatidae,45.2582823
Anatidae,45.26613283
Anatidae,45.27398336
Anatidae,45.26613283
Anatidae,45.28183388
Anatidae,45.28183388
Anatidae,45.27398336
Anatidae,45.31188392
Anatidae,45.31471841
Anatidae,45.26613283
Anatidae,45.30399811
Anatidae,45.27398336
Anatidae,45.28257271
Anatidae,45.31471841
Anatidae,45.27398336
Anatidae,45.36554556
Anatidae,45.26613283
Anatidae,45.27398336
Anatidae,45.27398336
Anatidae,45.26613283
Anatidae,45.27398336
Anatidae,45.2532391
Anatidae,45.2582823
Anatidae,45.2582823
Anatidae,45.26613283
Anatidae,45.26613283
Anatidae,45.27398336
Anatidae,45.26613283
Anatidae,45.26613283
Anatidae,45.26613283
Anatidae,45.26613283
Anatidae,45.27398336
Anatidae,45.26613283
Anatidae,45.2582823
Anatidae,45.2582823
Anatidae,45.26613283
Anatidae,45.29833688
Anatidae,45.29611229
Anatidae,45.27398336
Anatidae,45.30683073
Anatidae,45.26613283
Anatidae,45.26613283
Anatidae,45.30055936
Anatidae,45.29611229
Anatidae,45.2582823
Anatidae,45.2582823
Anatidae,45.2582823
Anatidae,45.26613283
Anatidae,45.29105537
Anatidae,45.2582823
Anatidae,45.2582823
Anatidae,45.26613283
Anatidae,45.30683073
Anatidae,45.26109148
Anatidae,45.2582823
Anatidae,45.27398336
Anatidae,45.25043178
Anatidae,45.31817464
Anatidae,45.07772021
Anatidae,45.11697284
Anatidae,44.97566337
Anatidae,45.09342126
Anatidae,45.16407599
Anatidae,45.03061705
Anatidae,45.02276653
Anatidae,45.05416863
Anatidae,45.08557073
Anatidae,44.97566337
Anatidae,45.13267389
Anatidae,45.09342126
Anatidae,45.11697284
Anatidae,45.11697284
Anatidae,45.14052442
Anatidae,45.18762757
Anatidae,45.27398336
Anatidae,45.29753493
Anatidae,45.29753493
Anatidae,45.20182189
Anatidae,45.2068776
Anatidae,45.06986968
Anatidae,44.99136442
Anatidae,45.16407599
Anatidae,45.17977705
Anatidae,45.24258125
Anatidae,45.22968198
Anatidae,45.24538673
Anatidae,45.2403393
Anatidae,45.20332862
Anatidae,45.19902646
Anatidae,45.11697284
Anatidae,44.8178392
Anatidae,45.07340818
Anatidae,45.20461865
Anatidae,45.18181104
Anatidae,45.19245876
Anatidae,44.95564105
Anatidae,45.00981547
Anatidae,45.03061705
Anatidae,45.09342126
Anatidae,45.09342126
Anatidae,45.21117915
Anatidae,45.03061705
Anatidae,45.03520848
Anatidae,45.20332862
Anatidae,45.03061705
Anatidae,45.00706547
Anatidae,45.1519196
Anatidae,45.08557073
Anatidae,45.03061705
Anatidae,45.05416863
Anatidae,45.06986968
Anatidae,45.06986968
Anatidae,44.88145706
Anatidae,44.97566337
Anatidae,44.91285916
Anatidae,45.03846758
Anatidae,45.07772021
Anatidae,44.84220443
Anatidae,45.12482336
Anatidae,45.0463181
Anatidae,44.85790548
Anatidae,44.85790548
Anatidae,45.18762757
Anatidae,45.18762757
Anatidae,44.82650338
Anatidae,44.99921495
Anatidae,44.97566337
Anatidae,44.80646934
Anatidae,44.72361809
Anatidae,44.99136442
Anatidae,44.99136442
Anatidae,44.99136442
Anatidae,44.86575601
Anatidae,45.33741849
Anatidae,45.17977705
Anatidae,45.18762757
Anatidae,45.29753493
Anatidae,45.26613283
Anatidae,45.01413317
Anatidae,45.37604019
Anatidae,45.10127179
Anatidae,44.90500864
Anatidae,44.95996232
Anatidae,44.95996232
Anatidae,44.95996232
Anatidae,45.14052442
Anatidae,45.13267389
Anatidae,45.14052442
Anatidae,45.13267389
Anatidae,44.72137315
Anatidae,44.73704836
Anatidae,44.74488596
Anatidae,44.75272357
Anatidae,44.6223897
Anatidae,44.60668865
Anatidae,44.60668865
Anatidae,45.02276653
Anatidae,44.94426127
Anatidae,45.014916
Anatidae,45.02276653
Anatidae,45.014916
Anatidae,44.97566337
Anatidae,44.96781284
Anatidae,45.23473073
Anatidae,45.2582823
Anatidae,45.03846758
Anatidae,45.03061705
Anatidae,44.99136442
Anatidae,44.99136442
Anatidae,45.21902967
Anatidae,44.6537918
Anatidae,44.86575601
Anatidae,45.10127179
Anatidae,44.93641074
Anatidae,45.11697284
Anatidae,44.96781284
Anatidae,45.08557073
Anatidae,45.014916
Anatidae,45.014916
Anatidae,45.014916
Anatidae,45.10127179
Anatidae,45.09342126
Anatidae,44.95996232
Anatidae,45.10912231
Anatidae,45.09342126
Anatidae,45.05416863
Anatidae,45.06986968
Anatidae,45.05416863
Anatidae,44.6223897
Anatidae,45.15622547
Anatidae,45.13267389
Anatidae,45.02552022
Anatidae,45.04200361
Anatidae,45.1790201
Anatidae,45.18687186
Anatidae,45.08911047
Anatidae,45.21368869
Anatidae,45.09108115
Anatidae,44.77154969
Anatidae,44.77154969
Anatidae,44.74799812
Anatidae,44.70089496
Anatidae,45.14052442
Anatidae,45.17192652
Anatidae,44.85005495
Anatidae,44.85790548
Anatidae,44.87360653
Anatidae,44.87360653
Anatidae,44.88145706
Anatidae,44.88145706
Anatidae,44.88145706
Anatidae,44.88145706
Anatidae,44.88145706
Anatidae,44.87360653
Anatidae,44.87360653
Anatidae,44.88930758
Anatidae,44.87360653
Anatidae,44.88145706
Anatidae,44.87360653
Anatidae,44.88930758
Anatidae,44.88145706
Anatidae,44.88145706
Anatidae,44.89715811
Anatidae,44.90500864
Anatidae,44.90500864
Anatidae,44.87360653
Anatidae,44.90500864
Anatidae,44.87360653
Anatidae,44.86575601
Anatidae,44.91285916
Anatidae,44.89715811
Anatidae,44.88930758
Anatidae,44.85005495
Anatidae,44.86575601
Anatidae,44.91285916
Anatidae,44.91285916
Anatidae,44.85005495
Anatidae,44.88930758
Anatidae,44.92856021
Anatidae,45.12884978
Anatidae,45.15622547
Anatidae,45.17192652
Anatidae,45.14052442
Anatidae,45.12530442
Anatidae,45.17192652
Anatidae,45.33249588
Anatidae,45.2268802
Anatidae,45.18762757
Anatidae,45.24258125
Anatidae,44.86575601
Anatidae,44.81080232
Anatidae,45.29753493
Anatidae,45.12482336
Anatidae,45.27398336
Anatidae,45.07772021
Anatidae,45.07772021
Anatidae,45.12482336
Anatidae,45.07340818
Anatidae,44.99842965
Anatidae,45.12482336
Anatidae,45.07772021
Anatidae,45.09342126
Anatidae,45.09342126
Anatidae,45.03061705
Anatidae,45.2582823
Anatidae,45.07263447
Anatidae,44.96781284
Anatidae,44.99921495
Anatidae,45.27398336
Anatidae,44.87944617
Anatidae,44.79987268
Anatidae,44.80478589
Anatidae,44.80968858
Anatidae,44.80238862
Anatidae,44.75090366
Anatidae,44.70874549
Anatidae,44.71339588
Anatidae,44.66080402
Anatidae,44.82948295
Anatidae,44.6537918
Anatidae,44.86575601
Anatidae,44.68519391
Anatidae,44.72444654
Anatidae,44.67734338
Anatidae,44.73229706
Anatidae,44.92070969
Anatidae,44.93165837
Anatidae,44.75695265
Anatidae,44.83980162
Anatidae,44.84139447
Anatidae,45.28183388
Anatidae,45.26613283
Anatidae,45.28109296
Anatidae,44.93641074
Anatidae,45.13823437
Anatidae,45.02276653
Anatidae,45.26613283
Anatidae,45.26613283
Anatidae,45.26613283
Anatidae,45.26613283
Anatidae,45.26613283
Anatidae,45.26613283
Anatidae,45.26613283
Anatidae,45.26613283
Anatidae,45.26613283
Anatidae,45.26613283
Anatidae,45.26613283
Anatidae,45.26613283
Anatidae,45.26613283
Anatidae,45.26613283
Anatidae,45.26613283
Anatidae,45.26613283
Anatidae,45.26613283
Anatidae,45.26613283
Anatidae,45.26613283
Anatidae,45.26613283
Anatidae,45.26613283
Anatidae,45.26613283
Anatidae,45.2717562
Anatidae,44.88930758
Anatidae,45.03061705
Anatidae,45.02276653
Anatidae,45.00706547
Anatidae,44.93641074
Anatidae,44.92856021
Anatidae,44.96781284
Anatidae,44.95211179
Anatidae,45.07772021
Anatidae,45.00706547
Anatidae,44.93641074
Anatidae,45.35248862
Anatidae,44.65729764
Anatidae,44.61453917
Anatidae,44.94310496
Anatidae,44.99084905
Anatidae,44.77600064
Anatidae,44.76634039
Anatidae,44.82458224
Anatidae,44.8303016
Anatidae,44.75212859
Anatidae,45.29753493
Anatidae,45.30538546
Anatidae,45.34463809
Anatidae,45.36033914
Anatidae,44.8343539
Anatidae,44.81865285
Anatidae,44.82650338
Anatidae,44.87360653
Anatidae,44.88145706
Anatidae,44.84220443
Anatidae,44.8029518
Anatidae,44.81080232
Anatidae,44.77940022
Anatidae,44.84220443
Anatidae,44.8343539
Anatidae,44.8029518
Anatidae,44.8029518
Anatidae,44.8343539
Anatidae,44.84220443
Anatidae,44.8343539
Anatidae,44.78725075
Anatidae,44.8029518
Anatidae,44.79510127
Anatidae,44.78725075
Anatidae,44.82650338
Anatidae,44.78725075
Anatidae,44.78725075
Anatidae,44.77940022
Anatidae,44.81080232
Anatidae,44.81865285
Anatidae,44.77154969
Anatidae,44.84220443
Anatidae,44.81865285
Anatidae,44.84220443
Anatidae,44.82650338
Anatidae,44.82650338
Anatidae,44.81080232
Anatidae,44.97566337
Anatidae,44.91285916
Anatidae,44.8029518
Anatidae,45.16407599
Anatidae,45.39959177
Anatidae,45.12482336
Anatidae,44.99921495
Anatidae,45.2582823
Anatidae,45.11697284
Anatidae,44.96697075
Anatidae,44.96734084
Anatidae,45.08557073
Anatidae,45.06986968
Anatidae,44.91285916
Anatidae,45.24258125
Anatidae,44.88145706
Anatidae,44.93641074
Anatidae,44.93641074
Anatidae,45.03846758
Anatidae,44.92037342
Anatidae,44.93641074
Anatidae,44.93641074
Anatidae,44.91285916
Anatidae,44.88145706
Anatidae,44.87360653
Anatidae,44.81865285
Anatidae,44.66949286
Anatidae,44.69304443
Anatidae,44.57528654
Anatidae,44.53603391
Anatidae,44.63024023
Anatidae,44.64594128
Anatidae,44.64594128
Anatidae,44.54388444
Anatidae,44.87712962
Anatidae,44.94426127
Anatidae,44.79780133
Anatidae,44.90500864
Anatidae,45.08557073
Anatidae,44.67216333
Anatidae,45.04589315
Anatidae,44.90420854
Anatidae,45.0647821
Anatidae,45.01766784
Anatidae,44.95211179
Anatidae,44.54652532
Anatidae,44.5543777
Anatidae,44.90500864
Anatidae,45.14052442
Anatidae,45.14052442
Anatidae,45.14837494
Anatidae,44.91558697
Anatidae,44.60149195
Anatidae,44.99921495
Anatidae,45.02552022
Anatidae,44.92856021
Anatidae,44.92856021
Anatidae,44.90500864
Anatidae,44.89715811
Anatidae,44.90500864
Anatidae,44.90500864
Anatidae,44.90500864
Anatidae,44.90500864
Anatidae,44.92070969
Anatidae,45.10127179
Anatidae,45.05416863
Anatidae,45.17192652
Anatidae,45.47059296
Anatidae,44.86575601
Anatidae,44.76369917
Anatidae,44.9835139
Anatidae,44.87712962
Anatidae,44.88930758
Anatidae,44.85276796
Anatidae,44.90500864
Anatidae,44.98702524
Anatidae,44.61453917
Anatidae,45.09342126
Anatidae,45.09342126
Anatidae,44.76639183
Anatidae,45.12482336
Anatidae,45.14052442
Anatidae,45.14052442
Anatidae,45.13267389
Anatidae,45.10912231
Anatidae,45.09342126
Anatidae,45.13267389
Anatidae,44.86927848
Anatidae,44.78725075
Anatidae,44.88930758
Anatidae,44.92070969
Anatidae,45.08048685
Anatidae,44.82921084
Anatidae,44.82921084
Anatidae,45.26894386
Anatidae,44.97840597
Anatidae,45.09342126
Anatidae,45.16407599
Anatidae,44.82135846
Anatidae,44.93129172
Anatidae,44.72444654
Anatidae,45.23473073
Anatidae,45.21902967
Anatidae,44.81080232
Anatidae,45.02120308
Anatidae,44.43920829
Anatidae,45.03846758
Anatidae,44.88899349
Anatidae,44.70071389
Anatidae,44.72424884
Anatidae,44.72424884
Anatidae,44.70089496
Anatidae,44.89715811
Anatidae,45.14837494
Anatidae,45.15977075
Anatidae,45.11697284
Anatidae,45.28968441
Anatidae,44.82217163
Anatidae,45.24893985
Anatidae,45.24893985
Anatidae,45.23473073
Anatidae,45.23473073
Anatidae,45.21117915
Anatidae,45.2268802
Anatidae,45.2268802
Anatidae,45.2582823
Anatidae,45.23473073
Anatidae,45.23473073
Anatidae,45.24258125
Anatidae,45.23473073
Anatidae,44.85790548
Anatidae,44.88930758
Anatidae,45.18762757
Anatidae,45.32108651
Anatidae,45.21902967
Anatidae,45.28183388
Anatidae,44.70357283
Anatidae,45.04907735
Anatidae,44.95211179
Anatidae,45.06986968
Anatidae,45.06201916
Anatidae,45.05416863
Anatidae,44.91558697
Anatidae,44.93914409
Anatidae,44.80565371
Anatidae,44.81350609
Anatidae,45.08125932
Anatidae,44.75502513
Anatidae,44.77424421
Anatidae,45.02276653
Anatidae,45.13267389
Anatidae,45.14837494
Anatidae,45.13267389
Anatidae,45.15572292
Anatidae,44.87360653
Anatidae,45.21117915
Anatidae,44.95996232
Anatidae,44.84220443
Anatidae,44.84491559
Anatidae,44.85005495
Anatidae,44.97055359
Anatidae,44.71142521
Anatidae,44.99921495
Anatidae,44.99921495
Anatidae,44.99921495
Anatidae,45.10912231
Anatidae,45.03846758
Anatidae,44.72712996
Anatidae,44.4601492
Anatidae,44.64075383
Anatidae,45.11697284
Anatidae,45.14837494
Anatidae,45.10127179
Anatidae,45.10127179
Anatidae,44.65645858
Anatidae,45.02276653
Anatidae,45.05373813
Anatidae,45.02276653
Anatidae,44.86062034
Anatidae,45.03846758
Anatidae,44.78994896
Anatidae,44.79780133
Anatidae,44.96781284
Anatidae,44.98625834
Anatidae,44.93129172
Anatidae,44.86847271
Anatidae,45.06201916
Anatidae,44.51248234
Anatidae,45.08557073
Anatidae,44.85005495
Anatidae,44.88930758
Anatidae,44.88930758
Anatidae,44.90500864
Anatidae,44.97566337
Anatidae,44.90500864
Anatidae,45.1954781
Anatidae,45.1954781
Anatidae,45.1954781
Anatidae,45.1954781
Anatidae,45.1954781
Anatidae,44.99136442
Anatidae,45.09342126
Anatidae,45.08833922
Anatidae,45.27398336
Anatidae,45.21902967
Anatidae,45.18762757
Anatidae,45.16407599
Anatidae,45.13267389
Anatidae,44.70874549
Anatidae,44.70874549
Anatidae,44.70874549
Anatidae,44.70874549
Anatidae,44.70874549
Anatidae,44.70874549
Anatidae,44.70874549
Anatidae,44.85790548
Anatidae,45.15622547
Anatidae,45.16407599
Anatidae,44.84491559
Anatidae,44.71927758
Anatidae,44.96781284
Anatidae,45.03061705
Anatidae,45.10912231
Anatidae,44.8029518
Anatidae,44.84220443
Anatidae,44.70874549
Anatidae,44.91285916
Anatidae,44.8029518
Anatidae,44.8343539
Anatidae,45.10127179
Anatidae,44.78994896
Anatidae,44.97840597
Anatidae,44.93554328
Anatidae,44.75584864
Anatidae,45.09342126
Anatidae,44.95211179
Anatidae,45.17192652
Anatidae,45.02276653
Anatidae,45.14330585
Anatidae,45.11189635
Anatidae,44.95996232
Anatidae,44.77940022
Anatidae,44.97206704
Anatidae,44.74799812
Anatidae,44.99921495
Anatidae,44.88417746
Anatidae,45.10912231
Anatidae,44.72444654
Anatidae,45.10912231
Anatidae,45.10912231
Anatidae,45.07340818
Anatidae,44.67734338
Anatidae,44.82758621
Anatidae,44.78725075
Anatidae,44.96781284
Anatidae,45.03846758
Anatidae,45.11697284
Anatidae,44.93641074
Anatidae,44.93641074
Anatidae,44.97566337
Anatidae,45.20332862
Anatidae,44.95211179
Anatidae,44.96781284
Anatidae,45.05416863
Anatidae,45.03061705
Anatidae,45.02276653
Anatidae,45.014916
Anatidae,44.97566337
Anatidae,45.03846758
Anatidae,44.93641074
Anatidae,44.78725075
Anatidae,45.20461865
Anatidae,44.93641074
Anatidae,44.94426127
Anatidae,44.96781284
Anatidae,45.14052442
Anatidae,45.11697284
Anatidae,45.14837494
Anatidae,45.10912231
Anatidae,45.13267389
Anatidae,45.17192652
Anatidae,45.17192652
Anatidae,45.16407599
Anatidae,45.15622547
Anatidae,45.15622547
Anatidae,45.15622547
Anatidae,45.14837494
Anatidae,45.16407599
Anatidae,45.08557073
Anatidae,45.13267389
Anatidae,45.17977705
Anatidae,45.06201916
Anatidae,45.05416863
Anatidae,45.09342126
Anatidae,45.15622547
Anatidae,45.10912231
Anatidae,45.21902967
Anatidae,45.1954781
Anatidae,45.13267389
Anatidae,45.17192652
Anatidae,45.16407599
Anatidae,45.16407599
Anatidae,45.17192652
Anatidae,45.16407599
Anatidae,45.15622547
Anatidae,45.15622547
Anatidae,45.16407599
Anatidae,45.17192652
Anatidae,45.16407599
Anatidae,45.16407599
Anatidae,45.16407599
Anatidae,45.16407599
Anatidae,45.17192652
Anatidae,44.89715811
Anatidae,45.16407599
Anatidae,45.13267389
Anatidae,45.16407599
Anatidae,45.17192652
Anatidae,45.13267389
Anatidae,45.10835427
Anatidae,44.70874549
Anatidae,44.63809075
Anatidae,44.63037159
Anatidae,44.69572046
Anatidae,45.014916
Anatidae,44.83354271
Anatidae,44.95996232
Anatidae,45.18687186
Anatidae,44.81080232
Anatidae,45.12482336
Anatidae,44.93641074
Anatidae,44.95996232
Anatidae,45.03846758
Anatidae,44.87360653
Anatidae,44.88930758
Anatidae,44.88930758
Anatidae,45.08487959
Anatidae,44.87360653
Anatidae,44.88145706
Anatidae,44.75151134
Anatidae,45.39174125
Anatidae,45.08557073
Anatidae,45.10912231
Anatidae,45.08557073
Anatidae,45.06201916
Anatidae,45.06201916
Anatidae,45.09342126
Anatidae,45.09342126
Anatidae,45.09342126
Anatidae,45.09342126
Anatidae,45.09342126
Anatidae,45.09342126
Anatidae,45.10127179
Anatidae,45.10127179
Anatidae,45.12482336
Anatidae,44.99921495
Anatidae,44.96032681
Anatidae,45.0463181
Anatidae,44.99921495
Anatidae,44.98114986
Anatidae,44.96781284
Anatidae,44.8029518
Anatidae,44.8029518
Anatidae,44.93641074
Anatidae,45.0463181
Anatidae,44.95996232
Anatidae,44.95211179
Anatidae,44.94426127
Anatidae,44.85790548
Anatidae,44.85005495
Anatidae,44.87360653
Anatidae,44.84220443
Anatidae,44.99921495
Anatidae,44.99136442
Anatidae,44.99921495
Anatidae,44.84220443
Anatidae,44.80050267
Anatidae,44.97566337
Anatidae,44.97566337
Anatidae,45.05416863
Anatidae,44.87360653
Anatidae,45.05416863
Anatidae,44.95211179
Anatidae,45.36818967
Anatidae,44.88930758
Anatidae,44.91285916
Anatidae,44.89988221
Anatidae,44.6486062
Anatidae,44.6537918
Anatidae,45.23219567
Anatidae,44.76369917
Anatidae,44.77940022
Anatidae,44.87360653
Anatidae,44.73229706
Anatidae,44.8029518
Anatidae,44.86847271
Anatidae,44.88145706
Anatidae,44.78725075
Anatidae,44.61453917
Anatidae,44.6223897
Anatidae,44.79510127
Anatidae,44.79510127
Anatidae,44.79510127
Anatidae,44.77940022
Anatidae,43.72785259
Anatidae,43.72342101
Anatidae,43.79084967
Anatidae,44.54165681
Anatidae,44.46800157
Anatidae,44.51536643
Anatidae,44.27169219
Anatidae,44.26383981
Anatidae,44.26383981
Anatidae,44.19316843
Anatidae,44.47585395
Anatidae,44.47585395
Anatidae,44.48639295
Anatidae,44.5368171
Anatidae,44.54739843
Anatidae,44.46800157
Anatidae,44.60934433
Anatidae,44.39733019
Anatidae,44.79397781
Anatidae,44.75068708
Anatidae,44.60149195
Anatidae,44.23076923
Anatidae,44.85276796
Anatidae,44.86847271
Anatidae,44.80565371
Anatidae,44.47585395
Anatidae,44.38859656
Anatidae,44.81132075
Anatidae,44.75068708
Anatidae,44.70357283
Anatidae,44.56223007
Anatidae,44.56223007
Anatidae,44.86808237
Anatidae,44.75602028
Anatidae,44.64355891
Anatidae,44.71736734
Anatidae,44.81350609
Anatidae,44.40518257
Anatidae,44.42873969
Anatidae,44.35806832
Anatidae,44.44444444
Anatidae,44.67216333
Anatidae,44.39733019
Anatidae,44.61872587
Anatidae,44.61427077
Anatidae,44.62504908
Anatidae,44.55718106
Anatidae,44.5229682
Anatidae,44.67058161
Anatidae,44.56223007
Anatidae,44.5857872
Anatidae,44.46549818
Anatidae,44.50998899
Anatidae,44.38947782
Anatidae,44.4915587
Anatidae,44.51551765
Anatidae,44.45230793
Anatidae,44.41303494
Anatidae,44.71486519
Anatidae,44.82399166
Anatidae,44.53517588
Anatidae,44.23243031
Anatidae,44.63024023
Anatidae,44.9835139
Anatidae,44.6800157
Anatidae,45.00981547
Anatidae,45.07263447
Anatidae,45.0463181
Anatidae,45.08557073
Anatidae,44.66431095
Anatidae,44.32835821
Anatidae,44.76639183
Anatidae,44.72712996
Anatidae,44.89988221
Anatidae,44.99411072
Anatidae,44.69572046
Anatidae,44.66614297
Anatidae,44.78994896
Anatidae,44.70357283
Anatidae,44.66431095
Anatidae,44.85929885
Anatidae,44.62504908
Anatidae,44.6486062
Anatidae,44.65645858
Anatidae,44.64636929
Anatidae,44.77424421
Anatidae,44.5543777
Anatidae,44.57008245
Anatidae,44.56223007
Anatidae,44.56223007
Anatidae,44.56223007
Anatidae,44.78994896
Anatidae,44.60934433
Anatidae,44.88417746
Anatidae,44.6171967
Anatidae,44.81350609
Anatidae,45.0333726
Anatidae,44.93914409
Anatidae,44.66431095
Anatidae,45.00196309
Anatidae,44.95484884
Anatidae,44.97055359
Anatidae,44.97055359
Anatidae,44.89988221
Anatidae,44.63290145
Anatidae,44.69572046
Anatidae,44.94699647
Anatidae,44.75853946
Anatidae,44.62504908
Anatidae,44.82921084
Anatidae,44.86847271
Anatidae,44.81350609
Anatidae,44.72712996
Anatidae,44.74283471
Anatidae,44.85276796
Anatidae,44.91558697
Anatidae,44.84491559
Anatidae,44.77424421
Anatidae,44.97840597
Anatidae,44.92343934
Anatidae,44.72712996
Anatidae,44.73498233
Anatidae,45.04907735
Anatidae,45.08048685
Anatidae,45.08833922
Anatidae,44.75068708
Anatidae,45.0463181
Anatidae,44.97566337
Anatidae,44.71927758
Anatidae,45.01766784
Anatidae,44.64075383
Anatidae,44.83706321
Anatidae,44.90773459
Anatidae,45.01766784
Anatidae,44.67216333
Anatidae,44.73498233
Anatidae,44.81350609
Anatidae,44.68786808
Anatidae,44.46537918
Anatidae,44.97840597
Anatidae,44.5857872
Anatidae,44.57793483
Anatidae,44.86847271
Anatidae,44.92343934
Anatidae,44.90773459
Anatidae,44.78994896
Anatidae,44.89988221
Anatidae,45.0961916
Anatidae,45.01766784
Anatidae,45.04907735
Anatidae,45.1276011
Anatidae,45.13545347
Anatidae,44.91558697
Anatidae,45.04907735
Anatidae,44.57008245
Anatidae,44.79510127
Anatidae,44.59363958
Anatidae,44.60934433
Anatidae,44.6171967
Anatidae,44.57008245
Anatidae,44.65645858
Anatidae,44.6171967
Anatidae,44.62504908
Anatidae,44.63290145
Anatidae,44.63290145
Anatidae,44.62504908
Anatidae,44.62504908
Anatidae,44.57793483
Anatidae,44.64075383
Anatidae,44.60934433
Anatidae,44.29524931
Anatidae,44.73229706
Anatidae,44.53867295
Anatidae,44.69572046
Anatidae,44.86575601
Anatidae,44.69572046
Anatidae,44.68786808
Anatidae,44.68786808
Anatidae,44.68786808
Anatidae,44.70357283
Anatidae,44.6800157
Anatidae,44.6800157
Anatidae,44.53867295
Anatidae,44.53867295
Anatidae,44.96270122
Anatidae,44.64075383
Anatidae,44.68786808
Anatidae,44.63749803
Anatidae,44.4601492
Anatidae,44.59363958
Anatidae,44.28954001
Anatidae,44.42873969
Anatidae,44.28739694
Anatidae,44.54652532
Anatidae,44.54381423
Anatidae,44.54381423
Anatidae,44.62504908
Anatidae,44.46800157
Anatidae,44.44444444
Anatidae,44.14605418
Anatidae,44.24028269
Anatidae,44.22457793
Anatidae,44.23243031
Anatidae,44.2697689
Anatidae,44.63290145
Anatidae,44.69410281
Anatidae,44.63290145
Anatidae,44.73498233
Anatidae,44.67216333
Anatidae,44.65477967
Anatidae,44.65736141
Anatidae,44.57008245
Anatidae,44.28739694
Anatidae,44.57008245
Anatidae,44.72712996
Anatidae,44.6486062
Anatidae,44.67216333
Anatidae,44.68786808
Anatidae,44.6486062
Anatidae,44.29524931
Anatidae,44.50726345
Anatidae,44.34236356
Anatidae,44.27169219
Anatidae,44.5229682
Anatidae,44.5229682
Anatidae,44.69572046
Anatidae,44.42873969
Anatidae,44.75853946
Anatidae,44.78994896
Anatidae,44.65645858
Anatidae,44.5229682
Anatidae,44.75068708
Anatidae,44.52033286
Anatidae,44.5909876
Anatidae,44.52033286
Anatidae,44.54725188
Anatidae,44.66777016
Anatidae,44.60934433
Anatidae,44.40518257
Anatidae,44.4601492
Anatidae,44.4601492
Anatidae,44.46800157
Anatidae,44.53082057
Anatidae,44.56223007
Anatidae,44.5543777
Anatidae,44.60934433
Anatidae,44.67697186
Anatidae,44.5857872
Anatidae,44.60934433
Anatidae,44.50726345
Anatidae,44.5229682
Anatidae,44.59363958
Anatidae,44.4601492
Anatidae,44.38162544
Anatidae,44.57793483
Anatidae,44.38947782
Anatidae,44.26911603
Anatidae,44.35547182
Anatidae,44.35895423
Anatidae,44.26383981
Anatidae,44.53867295
Anatidae,44.03612093
Anatidae,44.05182568
Anatidae,44.05182568
Anatidae,44.05182568
Anatidae,44.75853946
Anatidae,44.76639183
Anatidae,44.87632509
Anatidae,44.66431095
Anatidae,44.42873969
Anatidae,44.4601492
Anatidae,44.42873969
Anatidae,44.4601492
Anatidae,44.43659207
Anatidae,44.44444444
Anatidae,44.42873969
Anatidae,44.43659207
Anatidae,44.42088732
Anatidae,44.42873969
Anatidae,44.41303494
Anatidae,44.41303494
Anatidae,44.42873969
Anatidae,44.44444444
Anatidae,44.42088732
Anatidae,44.44444444
Anatidae,44.4601492
Anatidae,44.42088732
Anatidae,44.42873969
Anatidae,44.42088732
Anatidae,44.39733019
Anatidae,44.41303494
Anatidae,44.44444444
Anatidae,44.42873969
Anatidae,44.81350609
Anatidae,44.6171967
Anatidae,44.57793483
Anatidae,44.60149195
Anatidae,44.57008245
Anatidae,44.51248234
Anatidae,44.43659207
Anatidae,44.5857872
Anatidae,44.6171967
Anatidae,44.71927758
Anatidae,44.5229682
Anatidae,44.27169219
Anatidae,44.59363958
Anatidae,44.64075383
Anatidae,44.6486062
Anatidae,44.45229682
Anatidae,44.63290145
Anatidae,44.32665881
Anatidae,44.35021594
Anatidae,44.93129172
Anatidae,44.38947782
Anatidae,44.37377307
Anatidae,44.86062034
Anatidae,44.47585395
Anatidae,44.78209658
Anatidae,44.48370632
Anatidae,44.48370632
Anatidae,44.48370632
Anatidae,44.47585395
Anatidae,44.54652532
Anatidae,44.48370632
Anatidae,44.48370632
Anatidae,44.46800157
Anatidae,44.40518257
Anatidae,44.5543777
Anatidae,44.61307407
Anatidae,44.57008245
Anatidae,44.67734338
Anatidae,44.39733019
Anatidae,44.77541371
Anatidae,44.44967813
Anatidae,44.4653644
Anatidae,44.56223007
Anatidae,44.8029518
Anatidae,44.59363958
Anatidae,44.87360653
Anatidae,44.69572046
Anatidae,44.72712996
Anatidae,44.45229682
Anatidae,44.51511582
Anatidae,44.50726345
Anatidae,44.50726345
Anatidae,44.5857872
Anatidae,44.20102081
Anatidae,44.5857872
Anatidae,44.4601492
Anatidae,44.35806832
Anatidae,44.47585395
Anatidae,44.56743602
Anatidae,44.49505262
Anatidae,44.40518257
Anatidae,44.47585395
Anatidae,45.31323599
Anatidae,45.16103692
Anatidae,43.90416339
Anatidae,43.90416339
Anatidae,43.90416339
Anatidae,43.88500511
Anatidae,43.92772977
Anatidae,43.939989
Anatidae,43.89285995
Anatidae,43.93558523
Anatidae,43.95129615
Anatidae,43.96355353
Anatidae,44.49418787
Anatidae,44.50989632
Anatidae,44.39987415
Anatidae,44.37618147
Anatidae,44.36830498
Anatidae,44.77233064
Anatidae,45.07232554
Anatidae,44.9122807
Anatidae,44.76003147
Anatidae,45.16891094
Anatidae,44.95484884
Anatidae,44.81350609
Anatidae,44.79092842
Anatidae,44.94426127
Anatidae,44.93641074
Anatidae,44.90500864
Anatidae,44.74014759
Anatidae,44.68904788
Anatidae,44.72712996
Anatidae,44.70849176
Anatidae,44.96544141
Anatidae,44.57008245
Anatidae,44.57358253
Anatidae,44.55787655
Anatidae,44.56223007
Anatidae,44.56223007
Anatidae,44.91558697
Anatidae,44.83363919
Anatidae,44.64075383
Anatidae,44.84491559
Anatidae,44.82921084
Anatidae,44.62504908
Anatidae,44.62504908
Anatidae,44.62504908
Anatidae,44.73498233
Anatidae,44.72712996
Anatidae,44.75068708
Anatidae,44.73498233
Anatidae,44.89202984
Anatidae,44.65645858
Anatidae,44.65153325
Anatidae,44.90729783
Anatidae,44.86847271
Anatidae,44.86062034
Anatidae,44.64075383
Anatidae,44.64692483
Anatidae,44.64075383
Anatidae,44.60934433
Anatidae,44.68786808
Anatidae,44.75689262
Anatidae,44.99136442
Anatidae,44.4915587
Anatidae,44.57793483
Anatidae,44.57793483
Anatidae,44.78209658
Anatidae,44.92343934
Anatidae,44.86665093
Anatidae,44.67248565
Anatidae,44.95484884
Anatidae,44.95484884
Anatidae,44.73498233
Anatidae,44.50726345
Anatidae,44.92070969
Anatidae,44.78503498
Anatidae,44.92617028
Anatidae,44.75584864
Anatidae,44.85276796
Anatidae,44.60934433
Anatidae,44.54652532
Anatidae,44.50726345
Anatidae,44.54660748
Anatidae,44.71927758
Anatidae,44.6233603
Anatidae,45.11467169
Anatidae,44.86062034
Anatidae,44.86847271
Anatidae,44.84491559
Anatidae,44.68352442
Anatidae,44.88350126
Anatidae,44.94699647
Anatidae,44.71927758
Anatidae,44.84572505
Anatidae,44.84572505
Anatidae,44.81350609
Anatidae,45.02552022
Anatidae,44.70024358
Anatidae,44.70107628
Anatidae,44.95837914
Anatidae,44.89074045
Anatidae,44.81106136
Anatidae,44.88770221
Anatidae,44.89827979
Anatidae,44.62504908
Anatidae,44.84491559
Anatidae,44.57793483
Anatidae,44.57793483
Anatidae,45.01688526
Anatidae,45.13545347
Anatidae,45.10127179
Anatidae,44.85062893
Anatidae,44.55002356
Anatidae,44.95484884
Anatidae,44.95484884
Anatidae,44.88417746
Anatidae,45.00628141
Anatidae,44.75853946
Anatidae,44.88417746
Anatidae,44.44793466
Anatidae,44.57358253
Anatidae,44.83110762
Anatidae,44.6800157
Anatidae,44.78994896
Anatidae,44.97055359
Anatidae,44.94699647
Anatidae,44.66042717
Anatidae,44.66431095
Anatidae,44.71641318
Anatidae,44.70357283
Anatidae,44.84491559
Anatidae,44.69572046
Anatidae,44.75803237
Anatidae,44.66431095
Anatidae,44.83706321
Anatidae,44.55702168
Anatidae,44.55352234
Anatidae,44.56223007
Anatidae,44.56223007
Anatidae,44.56223007
Anatidae,44.56223007
Anatidae,44.56223007
Anatidae,44.56223007
Anatidae,44.56223007
Anatidae,44.55702168
Anatidae,44.50726345
Anatidae,44.6233603
Anatidae,44.69572046
Anatidae,44.5543777
Anatidae,44.6171967
Anatidae,44.57793483
Anatidae,44.59629281
Anatidae,44.82243872
Anatidae,44.80402168
Anatidae,44.57008245
Anatidae,44.56223007
Anatidae,44.72712996
Anatidae,44.92343934
Anatidae,44.89202984
Anatidae,44.97055359
Anatidae,44.91558697
Anatidae,44.90773459
Anatidae,44.73498233
Anatidae,44.64075383
Anatidae,44.69572046
Anatidae,44.53082057
Anatidae,44.56223007
Anatidae,44.89555521
Anatidae,44.50726345
Anatidae,44.38947782
Anatidae,44.25598744
Anatidae,44.77424421
Anatidae,44.67216333
Anatidae,44.60934433
Anatidae,44.8029518
Anatidae,44.7327044
Anatidae,44.71927758
Anatidae,44.31880644
Anatidae,44.84843725
Anatidae,44.53431757
Anatidae,44.70874549
Anatidae,44.71142521
Anatidae,45.00981547
Anatidae,44.97055359
Anatidae,45.10404397
Anatidae,44.99411072
Anatidae,45.00431677
Anatidae,44.79780133
Anatidae,44.6800157
Anatidae,44.93914409
Anatidae,44.68786808
Anatidae,44.66431095
Anatidae,44.74283471
Anatidae,45.01335009
Anatidae,44.98468306
Anatidae,45.03690906
Anatidae,44.69572046
Anatidae,45.10404397
Anatidae,45.24538673
Anatidae,44.76908577
Anatidae,44.75853946
Anatidae,44.53082057
Anatidae,45.00981547
Anatidae,44.73498233
Anatidae,44.79805123
Anatidae,44.81376709
Anatidae,45.01335009
Anatidae,45.02905607
Anatidae,45.02552022
Anatidae,44.83706321
Anatidae,45.00196309
Anatidae,44.77424421
Anatidae,44.72630174
Anatidae,44.84058426
Anatidae,44.6171967
Anatidae,44.92343934
Anatidae,44.89202984
Anatidae,44.68786808
Anatidae,44.96623213
Anatidae,44.96270122
Anatidae,44.89988221
Anatidae,44.68786808
Anatidae,44.90773459
Anatidae,44.94699647
Anatidae,44.74283471
Anatidae,44.76639183
Anatidae,44.84491559
Anatidae,44.88145706
Anatidae,44.81865285
Anatidae,44.94699647
Anatidae,44.94699647
Anatidae,44.93914409
Anatidae,44.82704403
Anatidae,44.7740113
Anatidae,44.66148898
Anatidae,44.69304443
Anatidae,44.20515275
Anatidae,44.29594272
Anatidae,44.59650779
Anatidae,44.533459
Anatidae,44.65127238
Anatidae,44.42349984
Anatidae,44.75958517
Anatidae,44.70625196
Anatidae,44.65212876
Anatidae,44.43920829
Anatidae,44.45491675
Anatidae,44.49418787
Anatidae,44.38422872
Anatidae,44.43644508
Anatidae,44.72473425
Anatidae,44.69189017
Anatidae,44.37822805
Anatidae,44.58864244
Anatidae,44.67321044
Anatidae,44.71955128
Anatidae,44.68357469
Anatidae,44.57475666
Anatidae,44.60172745
Anatidae,44.68153121
Anatidae,44.51827243
Anatidae,44.61016414
Anatidae,44.57475666
Anatidae,44.61772233
Anatidae,44.58791647
Anatidae,44.52600837
Anatidae,44.4628621
Anatidae,44.48654195
Anatidae,44.47075539
Anatidae,44.47864867
Anatidae,44.47864867
Anatidae,44.52600837
Anatidae,44.52600837
Anatidae,44.57336806
Anatidae,44.54968822
Anatidae,44.61113304
Anatidae,44.77588384
Anatidae,44.34200158
Anatidae,44.36759679
Anatidae,44.37584105
Anatidae,44.37342172
Anatidae,44.46811869
Anatidae,44.32607323
Anatidae,44.3102904
Anatidae,44.33396465
Anatidae,44.34185606
Anatidae,44.33396465
Anatidae,44.34006947
Anatidae,44.29800331
Anatidae,44.30239899
Anatidae,44.28661616
Anatidae,44.27083333
Anatidae,44.29450758
Anatidae,44.30239899
Anatidae,44.32607323
Anatidae,44.33396465
Anatidae,44.39709596
Anatidae,44.32428165
Anatidae,44.29011128
Anatidae,44.2915876
Anatidae,44.2915876
Anatidae,44.2858295
Anatidae,44.27083333
Anatidae,44.28038422
Anatidae,44.35562016
Anatidae,44.36369509
Anatidae,44.37984496
Anatidae,44.43098296
Anatidae,44.46059432
Anatidae,44.33947028
Anatidae,44.33902593
Anatidae,44.33902593
Anatidae,44.34754522
Anatidae,44.33111954
Anatidae,44.33111954
Anatidae,44.26864963
Anatidae,44.26786844
Anatidae,44.27577483
Anatidae,44.26786844
Anatidae,44.28661616
Anatidae,44.25903854
Anatidae,44.43655303
Anatidae,44.31818182
Anatidae,44.35490243
Anatidae,44.34439179
Anatidae,44.40498737
Anatidae,44.21559343
Anatidae,44.23926768
Anatidae,44.27083333
Anatidae,44.34392828
Anatidae,44.31288973
Anatidae,44.24625099
Anatidae,44.22348485
Anatidae,44.16824495
Anatidae,44.18659721
Anatidae,44.14457071
Anatidae,44.32715552
Anatidae,44.3102904
Anatidae,44.34185606
Anatidae,44.29450758
Anatidae,44.39706231
Anatidae,44.45504412
Anatidae,44.39709596
Anatidae,44.41628386
Anatidae,44.41786284
Anatidae,44.39699486
Anatidae,44.68690702
Anatidae,44.76508466
Anatidae,44.42073653
Anatidae,44.38997391
Anatidae,44.44971537
Anatidae,44.40755671
Anatidae,44.40230702
Anatidae,44.37855787
Anatidae,44.40215668
Anatidae,44.41546123
Anatidae,44.33396465
Anatidae,44.39270776
Anatidae,44.4207702
Anatidae,44.13667929
Anatidae,44.13323839
Anatidae,44.26294192
Anatidae,44.33497537
Anatidae,44.28221924
Anatidae,44.23926768
Anatidae,44.32462657
Anatidae,44.32742939
Anatidae,44.15246212
Anatidae,44.04987374
Anatidae,44.18402778
Anatidae,44.24960506
Anatidae,44.13715025
Anatidae,44.04198232
Anatidae,44.15246212
Anatidae,44.27872475
Anatidae,44.26294192
Anatidae,44.25505051
Anatidae,44.28661616
Anatidae,44.52687239
Anatidae,44.71544715
Anatidae,44.7314376
Anatidae,44.72853535
Anatidae,44.33396465
Anatidae,44.34185606
Anatidae,44.62611205
Anatidae,44.62005109
Anatidae,44.66556108
Anatidae,44.67916766
Anatidae,44.66907341
Anatidae,44.73788564
Anatidae,44.37603599
Anatidae,44.76280685
Anatidae,44.46811869
Anatidae,44.33656958
Anatidae,44.31019506
Anatidae,44.28808601
Anatidae,44.2339569
Anatidae,44.26553003
Anatidae,44.24185019
Anatidae,44.24185019
Anatidae,44.38392928
Anatidae,44.26294192
Anatidae,44.27083333
Anatidae,44.30239899
Anatidae,44.26294192
Anatidae,44.44444444
Anatidae,44.31818182
Anatidae,44.3102904
Anatidae,44.32607323
Anatidae,44.31818182
Anatidae,44.32607323
Anatidae,44.31818182
Anatidae,44.46198784
Anatidae,44.43655303
Anatidae,44.4100611
Anatidae,44.34686288
Anatidae,44.46290144
Anatidae,44.3655303
Anatidae,44.38920455
Anatidae,44.23137626
Anatidae,44.22348485
Anatidae,44.25505051
Anatidae,44.24715909
Anatidae,44.23926768
Anatidae,44.59872911
Anatidae,44.56021323
Anatidae,44.53125
Anatidae,43.99905123
Anatidae,44.34185606
Anatidae,44.25505051
Anatidae,44.28661616
Anatidae,44.28661616
Anatidae,44.45521363
Anatidae,44.41482917
Anatidae,44.45521363
Anatidae,44.27872475
Anatidae,44.2813166
Anatidae,44.34185606
Anatidae,44.27872475
Anatidae,44.23486702
Anatidae,44.25854313
Anatidae,44.41482917
Anatidae,44.53598255
Anatidae,44.56829012
Anatidae,44.65468307
Anatidae,44.64511041
Anatidae,44.73352255
Anatidae,44.73352255
Anatidae,44.63891517
Anatidae,44.70198675
Anatidae,44.70198675
Anatidae,44.60737938
Anatidae,44.69410281
Anatidae,44.63103122
Anatidae,44.55219174
Anatidae,44.59161148
Anatidae,44.54430779
Anatidae,44.64679912
Anatidae,44.57584358
Anatidae,44.56795963
Anatidae,44.56795963
Anatidae,44.58372753
Anatidae,44.56795963
Anatidae,44.56795963
Anatidae,44.512772
Anatidae,44.512772
Anatidae,44.4970041
Anatidae,44.512772
Anatidae,44.50488805
Anatidae,44.60737938
Anatidae,44.56007569
Anatidae,44.71775465
Anatidae,44.62314727
Anatidae,44.65468307
Anatidae,44.56795963
Anatidae,44.58372753
Anatidae,44.64679912
Anatidae,44.54430779
Anatidae,44.56795963
Anatidae,44.56007569
Anatidae,44.65468307
Anatidae,44.59949543
Anatidae,44.67397303
Anatidae,44.67397303
Anatidae,44.65820389
Anatidae,44.68974217
Anatidae,44.63455019
Anatidae,44.71775465
Anatidae,44.64679912
Anatidae,44.65468307
Anatidae,44.64679912
Anatidae,44.7098707
Anatidae,44.7414065
Anatidae,44.63891517
Anatidae,44.59949543
Anatidae,44.65468307
Anatidae,44.68621886
Anatidae,44.66256701
Anatidae,44.59949543
Anatidae,44.68974217
Anatidae,44.69762674
Anatidae,44.71339588
Anatidae,44.72128045
Anatidae,44.72916502
Anatidae,44.63891517
Anatidae,44.52065594
Anatidae,44.60737938
Anatidae,44.64679912
Anatidae,44.60737938
Anatidae,44.57584358
Anatidae,44.59161148
Anatidae,44.44181646
Anatidae,44.47335225
Anatidae,44.63891517
Anatidae,44.71775465
Anatidae,44.70551131
Anatidae,44.68621886
Anatidae,44.7256386
Anatidae,44.63891517
Anatidae,44.66256701
Anatidae,44.65468307
Anatidae,44.80637274
Anatidae,44.59161148
Anatidae,44.66256701
Anatidae,44.73352255
Anatidae,44.73352255
Anatidae,44.7256386
Anatidae,44.67045096
Anatidae,44.57584358
Anatidae,44.57584358
Anatidae,44.58372753
Anatidae,44.58372753
Anatidae,44.56007569
Anatidae,44.55219174
Anatidae,44.54172582
Anatidae,44.50488805
Anatidae,44.61878105
Anatidae,44.66256701
Anatidae,44.57584358
Anatidae,44.61526332
Anatidae,44.69410281
Anatidae,44.62314727
Anatidae,44.59949543
Anatidae,44.37164509
Anatidae,44.33656958
Anatidae,44.32078301
Anatidae,44.43040973
Anatidae,44.27691822
Anatidae,44.33128059
Anatidae,44.32078301
Anatidae,44.18035376
Anatidae,44.24352495
Anatidae,44.20238377
Anatidae,44.25763675
Anatidae,44.26553003
Anatidae,44.22515197
Anatidae,44.24185019
Anatidae,44.3286763
Anatidae,44.33567538
Anatidae,44.16548239
Anatidae,44.20238377
Anatidae,44.38392928
Anatidae,44.15850963
Anatidae,44.26902431
Anatidae,44.412653
Anatidae,44.42332066
Anatidae,44.41550241
Anatidae,44.36375118
Anatidae,44.366364
Anatidae,44.43128897
Anatidae,44.41111462
Anatidae,44.3874329
Anatidae,44.379539
Anatidae,44.37603599
Anatidae,44.16291736
Anatidae,44.52600837
Anatidae,44.56547478
Anatidae,44.58915463
Anatidae,44.56021323
Anatidae,44.77828931
Anatidae,44.54405945
Anatidae,44.51982877
Anatidae,44.52288218
Anatidae,44.62482837
Anatidae,44.54405945
Anatidae,44.49443524
Anatidae,44.43128897
Anatidae,44.47864867
Anatidae,44.43918226
Anatidae,44.57636701
Anatidae,44.45058415
Anatidae,44.44707554
Anatidae,44.39971584
Anatidae,44.40760912
Anatidae,44.37603599
Anatidae,44.38392928
Anatidae,44.47075539
Anatidae,44.47075539
Anatidae,44.4628621
Anatidae,44.47864867
Anatidae,44.5102218
Anatidae,44.56616655
Anatidae,44.39971584
Anatidae,44.54968822
Anatidae,44.44444444
Anatidae,44.43918226
Anatidae,44.46198784
Anatidae,44.47864867
Anatidae,44.5102218
Anatidae,44.36024943
Anatidae,44.35235614
Anatidae,44.50232852
Anatidae,44.50232852
Anatidae,44.49443524
Anatidae,44.54968822
Anatidae,44.53390165
Anatidae,44.54473476
Anatidae,44.47864867
Anatidae,44.47864867
Anatidae,44.48654195
Anatidae,44.47864867
Anatidae,44.45496882
Anatidae,44.43128897
Anatidae,44.48654195
Anatidae,44.40760912
Anatidae,44.41550241
Anatidae,44.42339569
Anatidae,44.43918226
Anatidae,44.34796337
Anatidae,44.35235614
Anatidae,44.47864867
Anatidae,44.47075539
Anatidae,44.44707554
Anatidae,44.44707554
Anatidae,44.51811508
Anatidae,44.48654195
Anatidae,44.47426587
Anatidae,44.45496882
Anatidae,44.45496882
Anatidae,44.4628621
Anatidae,44.60059769
Anatidae,44.5925208
Anatidae,44.57636701
Anatidae,44.58444391
Anatidae,44.36375118
Anatidae,44.47864867
Anatidae,44.51811508
Anatidae,44.54968822
Anatidae,44.53390165
Anatidae,44.54179493
Anatidae,44.52600837
Anatidae,44.54179493
Anatidae,44.54179493
Anatidae,44.51811508
Anatidae,44.57336806
Anatidae,44.54968822
Anatidae,44.48654195
Anatidae,44.47075539
Anatidae,44.4628621
Anatidae,44.43128897
Anatidae,44.52790566
Anatidae,44.54405945
Anatidae,44.56829012
Anatidae,44.43918226
Anatidae,44.52952321
Anatidae,44.57336806
Anatidae,44.48128849
Anatidae,44.5102218
Anatidae,44.34446286
Anatidae,44.36024943
Anatidae,44.36024943
Anatidae,44.35235614
Anatidae,44.34446286
Anatidae,44.35235614
Anatidae,44.36024943
Anatidae,44.34446286
Anatidae,44.36814271
Anatidae,44.35235614
Anatidae,44.33656958
Anatidae,44.36024943
Anatidae,44.39971584
Anatidae,44.38392928
Anatidae,44.39971584
Anatidae,44.39971584
Anatidae,44.3286763
Anatidae,44.36024943
Anatidae,44.3286763
Anatidae,44.36024943
Anatidae,44.41550241
Anatidae,44.33656958
Anatidae,44.36814271
Anatidae,44.51175188
Anatidae,44.53390165
Anatidae,44.74598175
Anatidae,44.39182256
Anatidae,44.39971584
Anatidae,44.39971584
Anatidae,44.43128897
Anatidae,44.39971584
Anatidae,44.41550241
Anatidae,44.47864867
Anatidae,44.61039987
Anatidae,44.51036228
Anatidae,44.52087287
Anatidae,44.47075539
Anatidae,44.59394522
Anatidae,44.5473251
Anatidae,44.48654195
Anatidae,44.46290144
Anatidae,44.47075539
Anatidae,44.51572028
Anatidae,44.51848326
Anatidae,44.4628621
Anatidae,44.47864867
Anatidae,44.51811508
Anatidae,44.51811508
Anatidae,44.36814271
Anatidae,44.39182256
Anatidae,44.47075539
Anatidae,44.38392928
Anatidae,44.5575815
Anatidae,44.36908517
Anatidae,44.74598175
Anatidae,44.66521283
Anatidae,44.57636701
Anatidae,44.71367418
Anatidae,44.71367418
Anatidae,44.71367418
Anatidae,44.62072776
Anatidae,44.57859848
Anatidae,44.67328972
Anatidae,44.67328972
Anatidae,44.67328972
Anatidae,44.65230089
Anatidae,44.76280685
Anatidae,44.66019417
Anatidae,44.66019417
Anatidae,44.38392928
Anatidae,44.26641533
Anatidae,44.72981464
Anatidae,44.58126135
Anatidae,44.5864899
Anatidae,44.65713593
Anatidae,44.49439975
Anatidae,44.33656958
Anatidae,44.43918226
Anatidae,44.70559729
Anatidae,44.67328972
Anatidae,44.72175107
Anatidae,44.50367499
Anatidae,44.50367499
Anatidae,44.50367499
Anatidae,44.56829012
Anatidae,44.51175188
Anatidae,44.56829012
Anatidae,44.70338983
Anatidae,44.25763675
Anatidae,44.19008525
Anatidae,44.13923751
Anatidae,44.35235614
Anatidae,44.34796337
Anatidae,44.34693232
Anatidae,44.41550241
Anatidae,44.37603599
Anatidae,44.38392928
Anatidae,44.47343454
Anatidae,44.37855787
Anatidae,44.38392928
Anatidae,44.32858394
Anatidae,44.38117833
Anatidae,44.35757719
Anatidae,44.39706231
Anatidae,44.74514755
Anatidae,44.45234147
Anatidae,44.44181086
Anatidae,44.48409866
Anatidae,44.43128897
Anatidae,44.30849384
Anatidae,44.31288973
Anatidae,44.35336251
Anatidae,44.42514214
Anatidae,44.41109092
Anatidae,44.39182256
Anatidae,44.43918226
Anatidae,44.36024943
Anatidae,44.33656958
Anatidae,44.57251125
Anatidae,44.3286763
Anatidae,44.36024943
Anatidae,44.321046
Anatidae,44.41529533
Anatidae,44.47075539
Anatidae,44.39114096
Anatidae,44.37603599
Anatidae,44.2991839
Anatidae,44.38392928
Anatidae,44.3239846
Anatidae,44.30499645
Anatidae,44.36024943
Anatidae,44.35235614
Anatidae,44.34446286
Anatidae,44.31638775
Anatidae,44.36024943
Anatidae,44.38392928
Anatidae,44.39182256
Anatidae,44.36024943
Anatidae,44.33656958
Anatidae,44.39182256
Anatidae,44.39971584
Anatidae,44.39971584
Anatidae,44.41550241
Anatidae,44.41550241
Anatidae,44.41550241
Anatidae,44.40672614
Anatidae,44.39182256
Anatidae,44.41550241
Anatidae,44.40760912
Anatidae,44.43917102
Anatidae,44.42339569
Anatidae,44.31549029
Anatidae,44.34446286
Anatidae,44.32078301
Anatidae,44.32078301
Anatidae,44.2339569
Anatidae,44.28014946
Anatidae,44.21027705
Anatidae,44.22606362
Anatidae,44.22606362
Anatidae,44.31288973
Anatidae,44.30499645
Anatidae,44.31288973
Anatidae,44.30499645
Anatidae,44.31288973
Anatidae,44.00819931
Anatidae,44.04761905
Anatidae,44.11857458
Anatidae,44.32964921
Anatidae,44.3286763
Anatidae,44.3286763
Anatidae,44.32078301
Anatidae,44.30499645
Anatidae,44.42339569
Anatidae,44.19449049
Anatidae,44.19449049
Anatidae,44.19449049
Anatidae,44.19449049
Anatidae,44.18659721
Anatidae,44.31288973
Anatidae,44.35235614
Anatidae,44.39182256
Anatidae,44.30499645
Anatidae,44.37603599
Anatidae,44.3286763
Anatidae,44.39971584
Anatidae,44.35674822
Anatidae,44.37075636
Anatidae,44.35235614
Anatidae,44.35324757
Anatidae,44.35763889
Anatidae,44.35763889
Anatidae,44.36903165
Anatidae,44.37603599
Anatidae,44.37603599
Anatidae,44.3655303
Anatidae,44.3655303
Anatidae,44.37342172
Anatidae,44.36814271
Anatidae,44.36903165
Anatidae,44.3753488
Anatidae,44.31818182
Anatidae,44.33910089
Anatidae,44.32607323
Anatidae,44.33396465
Anatidae,44.21559343
Anatidae,44.25505051
Anatidae,44.24185019
Anatidae,44.19449049
Anatidae,44.30499645
Anatidae,44.17081064
Anatidae,44.09977109
Anatidae,44.31288973
Anatidae,44.31288973
Anatidae,44.36024943
Anatidae,44.42598307
Anatidae,44.39971584
Anatidae,44.36814271
Anatidae,44.20614345
Anatidae,44.12990485
Anatidae,44.34446286
Anatidae,44.33656958
Anatidae,44.50232852
Anatidae,44.3874329
Anatidae,44.3286763
Anatidae,44.36024943
Anatidae,44.41550241
Anatidae,44.35235614
Anatidae,44.30499645
Anatidae,44.40760912
Anatidae,44.40760912
Anatidae,44.38392928
Anatidae,44.42339569
Anatidae,44.36024943
Anatidae,44.36024943
Anatidae,44.36024943
Anatidae,44.38392928
Anatidae,44.33656958
Anatidae,44.39182256
Anatidae,44.39182256
Anatidae,44.37164509
Anatidae,44.45496882
Anatidae,44.36814271
Anatidae,44.36024943
Anatidae,44.32078301
Anatidae,44.37603599
Anatidae,44.37603599
Anatidae,44.3286763
Anatidae,44.38392928
Anatidae,44.38392928
Anatidae,44.32428165
Anatidae,44.39971584
Anatidae,44.38392928
Anatidae,44.3874329
Anatidae,44.33656958
Anatidae,44.4628621
Anatidae,44.33656958
Anatidae,44.3874329
Anatidae,44.379539
Anatidae,44.43918226
Anatidae,44.44707554
Anatidae,44.38392928
Anatidae,44.38392928
Anatidae,44.34446286
Anatidae,44.39182256
Anatidae,44.37603599
Anatidae,44.37603599
Anatidae,44.39182256
Anatidae,44.40672614
Anatidae,44.43479634
Anatidae,44.44444444
Anatidae,44.64440761
Anatidae,44.38392928
Anatidae,44.33261443
Anatidae,44.37770303
Anatidae,44.44975695
Anatidae,44.51896208
Anatidae,44.41533698
Anatidae,44.4524094
Anatidae,44.40484676
Anatidae,44.4100611
Anatidae,44.38367023
Anatidae,44.36024943
Anatidae,44.33364989
Anatidae,44.29887248
Anatidae,44.31971977
Anatidae,44.28616651
Anatidae,44.42339569
Anatidae,44.36814271
Anatidae,44.3099082
Anatidae,44.2453426
Anatidae,44.55643549
Anatidae,44.35235614
Anatidae,44.45233586
Anatidae,44.42339569
Anatidae,44.36814271
Anatidae,44.39971584
Anatidae,44.38392928
Anatidae,44.43108974
Anatidae,44.33610781
Anatidae,44.34410646
Anatidae,44.36814271
Anatidae,44.36814271
Anatidae,44.36814271
Anatidae,44.37603599
Anatidae,44.37603599
Anatidae,44.37603599
Anatidae,44.39971584
Anatidae,44.43918226
Anatidae,44.44707554
Anatidae,44.39182256
Anatidae,44.38131313
Anatidae,44.86541953
Anatidae,44.38292409
Anatidae,44.30849384
Anatidae,44.43918226
Anatidae,44.66586635
Anatidae,44.62954149
Anatidae,44.46029482
Anatidae,44.46295415
Anatidae,44.34446286
Anatidae,44.34446286
Anatidae,44.48429778
Anatidae,44.46555819
Anatidae,44.56109883
Anatidae,44.50232852
Anatidae,44.52065594
Anatidae,44.57550955
Anatidae,44.71544715
Anatidae,44.6049412
Anatidae,44.42339569
Anatidae,44.40760912
Anatidae,44.41550241
Anatidae,44.40760912
Anatidae,44.40760912
Anatidae,44.40322071
Anatidae,44.372502
Anatidae,44.6049412
Anatidae,44.36024943
Anatidae,44.38844892
Anatidae,44.39903846
Anatidae,44.16291736
Anatidae,44.31288973
Anatidae,44.19449049
Anatidae,44.65230089
Anatidae,44.38920455
Anatidae,44.40484676
Anatidae,44.35229068
Anatidae,44.36280319
Anatidae,44.34331337
Anatidae,44.40991314
Anatidae,44.36507937
Anatidae,44.35695538
Anatidae,44.47921682
Anatidae,44.36197094
Anatidae,44.3541318
Anatidae,44.43912176
Anatidae,44.41807105
Anatidae,44.4813672
Anatidae,44.37851096
Anatidae,44.47079282
Anatidae,44.45499881
Anatidae,44.41457823
Anatidae,44.4672779
Anatidae,44.41365112
Anatidae,44.41094804
Anatidae,44.49374109
Anatidae,44.34934221
Anatidae,44.3642993
Anatidae,44.4188814
Anatidae,44.46291459
Anatidae,44.37455211
Anatidae,44.39182256
Anatidae,44.42339569
Anatidae,44.34672371
Anatidae,44.34602187
Anatidae,44.20119272
Anatidae,44.30578448
Anatidae,44.2979358
Anatidae,44.17765223
Anatidae,44.46626345
Anatidae,44.10933082
Anatidae,44.08576814
Anatidae,44.28212378
Anatidae,44.33451119
Anatidae,44.30310169
Anatidae,44.1968871
Anatidae,44.20102081
Anatidae,44.18531606
Anatidae,44.47585395
Anatidae,44.45491675
Anatidae,44.36337962
Anatidae,44.36337962
Anatidae,44.33984467
Anatidae,44.3712246
Anatidae,44.31630972
Anatidae,44.3712246
Anatidae,44.35116899
Anatidae,44.45752865
Anatidae,44.3241547
Anatidae,44.37906959
Anatidae,44.31372549
Anatidae,44.41568627
Anatidae,44.36597615
Anatidae,44.3241547
Anatidae,44.30846474
Anatidae,44.30846474
Anatidae,44.34768965
Anatidae,44.44967443
Anatidae,44.47320938
Anatidae,44.42875078
Anatidae,44.46017142
Anatidae,44.41568627
Anatidae,44.49674433
Anatidae,44.40260453
Anatidae,44.41044952
Anatidae,44.58864244
Anatidae,44.61441908
Anatidae,44.93073048
Anatidae,44.97167139
Anatidae,44.9437318
Anatidae,44.89651373
Anatidae,44.91225309
Anatidae,44.89651373
Anatidae,44.9193231
Anatidae,44.86545854
Anatidae,44.86545854
Anatidae,44.86545854
Anatidae,44.87330352
Anatidae,44.67717894
Anatidae,44.72424884
Anatidae,44.72961306
Anatidae,44.73209383
Anatidae,44.69637533
Anatidae,44.68502393
Anatidae,44.63795403
Anatidae,44.68502393
Anatidae,44.70855888
Anatidae,44.69286891
Anatidae,44.68502393
Anatidae,44.74946905
Anatidae,44.76347376
Anatidae,44.74677572
Anatidae,44.88899349
Anatidae,44.84976857
Anatidae,44.84976857
Anatidae,44.91831605
Anatidae,44.87270434
Anatidae,44.73209383
Anatidae,44.75562878
Anatidae,44.77916372
Anatidae,44.71947195
Anatidae,44.73209383
Anatidae,44.73993881
Anatidae,44.78233538
Anatidae,44.78233538
Anatidae,44.75876159
Anatidae,44.75562878
Anatidae,44.73993881
Anatidae,44.8913981
Anatidae,44.86787423
Anatidae,44.87571552
Anatidae,44.91910417
Anatidae,44.90021298
Anatidae,44.89923939
Anatidae,44.91492198
Anatidae,44.90276035
Anatidae,44.91285916
Anatidae,44.83650906
Anatidae,44.87602009
Anatidae,44.83824929
Anatidae,44.68838527
Anatidae,44.69625433
Anatidae,44.69625433
Anatidae,44.71199245
Anatidae,44.70412339
Anatidae,44.70412339
Anatidae,44.70412339
Anatidae,44.71199245
Anatidae,44.67264715
Anatidae,44.70412339
Anatidae,44.67093308
Anatidae,44.7198615
Anatidae,44.70412339
Anatidae,44.74346868
Anatidae,44.70412339
Anatidae,44.86886666
Anatidae,44.85745787
Anatidae,44.85363551
Anatidae,44.98346196
Anatidae,45.01298906
Anatidae,44.86503502
Anatidae,44.79445582
Anatidae,44.95080677
Anatidae,44.97954045
Anatidae,44.92445703
Anatidae,44.95080677
Anatidae,44.97167139
Anatidae,44.97954045
Anatidae,44.95593327
Anatidae,44.97167139
Anatidae,45.00314762
Anatidae,44.99527856
Anatidae,44.98425197
Anatidae,44.80642115
Anatidae,44.98580889
Anatidae,44.9385052
Anatidae,44.89908546
Anatidae,44.92273731
Anatidae,44.86150456
Anatidae,44.85363551
Anatidae,44.85363551
Anatidae,44.83002833
Anatidae,44.87724268
Anatidae,44.84576645
Anatidae,44.83002833
Anatidae,44.82215927
Anatidae,44.88846851
Anatidae,44.88331757
Anatidae,44.86754967
Anatidae,44.81429021
Anatidae,44.80642115
Anatidae,44.86150456
Anatidae,44.83789739
Anatidae,44.85363551
Anatidae,44.83789739
Anatidae,44.83789739
Anatidae,44.81429021
Anatidae,44.93801653
Anatidae,44.79068303
Anatidae,44.81429021
Anatidae,44.80642115
Anatidae,44.80642115
Anatidae,44.82215927
Anatidae,44.82215927
Anatidae,44.82215927
Anatidae,44.85907731
Anatidae,44.80994727
Anatidae,44.80642115
Anatidae,44.82215927
Anatidae,44.83601388
Anatidae,44.79855209
Anatidae,44.74346868
Anatidae,44.89120151
Anatidae,44.86937362
Anatidae,44.85421592
Anatidae,44.81429021
Anatidae,44.85966572
Anatidae,44.72064394
Anatidae,44.72773056
Anatidae,44.75133774
Anatidae,44.81277355
Anatidae,44.80887593
Anatidae,44.7960951
Anatidae,44.81832543
Anatidae,44.83002833
Anatidae,44.83002833
Anatidae,44.83789739
Anatidae,44.79068303
Anatidae,44.79855209
Anatidae,44.86150456
Anatidae,44.80044084
Anatidae,44.85560991
Anatidae,44.79855209
Anatidae,44.79855209
Anatidae,44.83002833
Anatidae,44.82215927
Anatidae,44.79855209
Anatidae,44.79855209
Anatidae,44.79855209
Anatidae,44.77846856
Anatidae,44.92225462
Anatidae,44.90084986
Anatidae,44.90084986
Anatidae,44.91658798
Anatidae,44.78281398
Anatidae,44.78281398
Anatidae,44.78281398
Anatidae,44.80642115
Anatidae,44.78281398
Anatidae,44.81429021
Anatidae,44.81429021
Anatidae,44.79855209
Anatidae,44.91658798
Anatidae,44.80560365
Anatidae,44.764604
Anatidae,44.80642115
Anatidae,44.80642115
Anatidae,44.79068303
Anatidae,44.80642115
Anatidae,44.8082689
Anatidae,44.91658798
Anatidae,44.92445703
Anatidae,44.83957642
Anatidae,44.76707586
Anatidae,44.78281398
Anatidae,44.79068303
Anatidae,44.78281398
Anatidae,44.92445703
Anatidae,44.72235331
Anatidae,44.76707586
Anatidae,44.79068303
Anatidae,44.76707586
Anatidae,44.76017097
Anatidae,44.7198615
Anatidae,44.81429021
Anatidae,44.82568663
Anatidae,44.79068303
Anatidae,44.80125935
Anatidae,44.79855209
Anatidae,44.80642115
Anatidae,44.80642115
Anatidae,44.80560365
Anatidae,44.77494492
Anatidae,44.76707586
Anatidae,44.77494492
Anatidae,44.81347395
Anatidae,44.79855209
Anatidae,44.75155524
Anatidae,44.7627292
Anatidae,44.84142599
Anatidae,44.84576645
Anatidae,44.7627292
Anatidae,44.81429021
Anatidae,44.71199245
Anatidae,44.73559962
Anatidae,44.72773056
Anatidae,44.68838527
Anatidae,44.69625433
Anatidae,44.69977178
Anatidae,44.79068303
Anatidae,44.79068303
Anatidae,44.74346868
Anatidae,44.71467926
Anatidae,44.71467926
Anatidae,44.78281398
Anatidae,44.78281398
Anatidae,44.78281398
Anatidae,44.80642115
Anatidae,44.80642115
Anatidae,44.80642115
Anatidae,44.80642115
Anatidae,44.84576645
Anatidae,44.83789739
Anatidae,44.84576645
Anatidae,44.85363551
Anatidae,44.92371595
Anatidae,44.85363551
Anatidae,44.84576645
Anatidae,44.85363551
Anatidae,44.83355631
Anatidae,44.83789739
Anatidae,44.86937362
Anatidae,44.86937362
Anatidae,44.82215927
Anatidae,44.74346868
Anatidae,44.73559962
Anatidae,44.76707586
Anatidae,44.74346868
Anatidae,44.7592068
Anatidae,44.75485953
Anatidae,44.77846856
Anatidae,44.79068303
Anatidae,44.78986306
Anatidae,44.79068303
Anatidae,44.75403384
Anatidae,44.80560365
Anatidae,44.80642115
Anatidae,44.83789739
Anatidae,44.80642115
Anatidae,44.79068303
Anatidae,44.78281398
Anatidae,44.79068303
Anatidae,44.83789739
Anatidae,44.71199245
Anatidae,44.70764146
Anatidae,44.71199245
Anatidae,44.71199245
Anatidae,44.72338081
Anatidae,44.72255018
Anatidae,44.72959144
Anatidae,44.74077571
Anatidae,44.71608833
Anatidae,44.77494492
Anatidae,44.76707586
Anatidae,44.75133774
Anatidae,44.7592068
Anatidae,44.7592068
Anatidae,44.76707586
Anatidae,44.77494492
Anatidae,44.75133774
Anatidae,44.75133774
Anatidae,44.76707586
Anatidae,44.78281398
Anatidae,44.80994727
Anatidae,44.81429021
Anatidae,44.78281398
Anatidae,44.79068303
Anatidae,44.77494492
Anatidae,44.7592068
Anatidae,44.76707586
Anatidae,44.7592068
Anatidae,44.79855209
Anatidae,44.81429021
Anatidae,44.73559962
Anatidae,44.75133774
Anatidae,44.79855209
Anatidae,44.75485953
Anatidae,44.74346868
Anatidae,44.80642115
Anatidae,44.77494492
Anatidae,44.79068303
Anatidae,44.77494492
Anatidae,44.72773056
Anatidae,44.78281398
Anatidae,44.77494492
Anatidae,44.73477097
Anatidae,44.76542821
Anatidae,44.76707586
Anatidae,44.7198615
Anatidae,44.74346868
Anatidae,44.7592068
Anatidae,44.72773056
Anatidae,44.72773056
Anatidae,44.73559962
Anatidae,44.76707586
Anatidae,44.78425794
Anatidae,44.75133774
Anatidae,44.78281398
Anatidae,44.7592068
Anatidae,44.84576645
Anatidae,44.79855209
Anatidae,44.79855209
Anatidae,44.82215927
Anatidae,44.80642115
Anatidae,44.77329975
Anatidae,44.79855209
Anatidae,44.78281398
Anatidae,44.79068303
Anatidae,44.78469653
Anatidae,44.78117128
Anatidae,44.79420792
Anatidae,44.77329975
Anatidae,44.83002833
Anatidae,44.81429021
Anatidae,44.82215927
Anatidae,44.83002833
Anatidae,44.83002833
Anatidae,44.83002833
Anatidae,44.82215927
Anatidae,44.82215927
Anatidae,44.77846856
Anatidae,44.78199276
Anatidae,44.79068303
Anatidae,44.78281398
Anatidae,44.83789739
Anatidae,44.82215927
Anatidae,44.82215927
Anatidae,44.82215927
Anatidae,45.04356016
Anatidae,44.98940595
Anatidae,44.94664156
Anatidae,44.94937603
Anatidae,45.02001413
Anatidae,45.01726303
Anatidae,45.00431677
Anatidae,45.01648093
Anatidae,45.02864318
Anatidae,45.03061705
Anatidae,45.02630133
Anatidae,45.00431677
Anatidae,45.02432899
Anatidae,45.00510084
Anatidae,45.01885607
Anatidae,45
Anatidae,44.79673521
Anatidae,44.87602009
Anatidae,44.76616447
Anatidae,44.82812745
Anatidae,44.78888714
Anatidae,44.82812745
Anatidae,44.82027939
Anatidae,44.82027939
Anatidae,44.78970496
Anatidae,44.82893911
Anatidae,44.7566719
Anatidae,44.77752492
Anatidae,44.70338983
Anatidae,44.74531042
Anatidae,44.70172684
Anatidae,44.72961306
Anatidae,44.79673521
Anatidae,44.81594851
Anatidae,44.87169426
Anatidae,44.76452119
Anatidae,44.78185813
Anatidae,44.76885645
Anatidae,44.74882261
Anatidae,44.81324545
Anatidae,44.81324545
Anatidae,44.81324545
Anatidae,44.81324545
Anatidae,44.78185813
Anatidae,45.06710619
Anatidae,45.04865035
Anatidae,45.01569859
Anatidae,44.9815585
Anatidae,44.97802888
Anatidae,45.0094162
Anatidae,45.05649718
Anatidae,45.05572124
Anatidae,45.0094162
Anatidae,44.97802888
Anatidae,44.98430141
Anatidae,44.99372254
Anatidae,45.0835753
Anatidae,45.08788449
Anatidae,45.12711864
Anatidae,45.13850742
Anatidae,45.1428123
Anatidae,45.05649718
Anatidae,45.11142498
Anatidae,44.80539862
Anatidae,45.06003296
Anatidae,45.0678804
Anatidae,45.05649718
Anatidae,45.05572124
Anatidae,45.08788449
Anatidae,45.08788449
Anatidae,45.05649718
Anatidae,45.02510986
Anatidae,45.03295669
Anatidae,45.11927181
Anatidae,44.99372254
Anatidae,44.93879473
Anatidae,45.04433807
Anatidae,44.95369644
Anatidae,45.01294829
Anatidae,44.94584838
Anatidae,44.97802888
Anatidae,44.97018205
Anatidae,44.65630885
Anatidae,44.65630885
Anatidae,44.83650906
Anatidae,44.84544171
Anatidae,44.86706925
Anatidae,44.84435035
Anatidae,44.77377872
Anatidae,44.9815585
Anatidae,45.09896324
Anatidae,45.05649718
Anatidae,45.01726303
Anatidae,45.04865035
Anatidae,44.97802888
Anatidae,44.98587571
Anatidae,45.09359047
Anatidae,45.03295669
Anatidae,44.9309479
Anatidae,44.92310107
Anatidae,44.99372254
Anatidae,44.94664156
Anatidae,44.83678594
Anatidae,44.86032643
Anatidae,44.82109228
Anatidae,44.83678594
Anatidae,44.81324545
Anatidae,44.82109228
Anatidae,44.88386692
Anatidae,44.84463277
Anatidae,44.93879473
Anatidae,44.97802888
Anatidae,44.99372254
Anatidae,44.9309479
Anatidae,44.95448839
Anatidae,44.99372254
Anatidae,44.97802888
Anatidae,45.04985475
Anatidae,45.05494505
Anatidae,44.97802888
Anatidae,45.05649718
Anatidae,45.13850742
Anatidae,44.97802888
Anatidae,45.04865035
Anatidae,44.99372254
Anatidae,45.0094162
Anatidae,44.98587571
Anatidae,45.0094162
Anatidae,44.99372254
Anatidae,44.99372254
Anatidae,44.99372254
Anatidae,44.95448839
Anatidae,44.96233522
Anatidae,44.82623362
Anatidae,44.82215927
Anatidae,44.83002833
Anatidae,44.85363551
Anatidae,44.83355631
Anatidae,44.85363551
Anatidae,44.83789739
Anatidae,44.79855209
Anatidae,44.86937362
Anatidae,44.83002833
Anatidae,44.85363551
Anatidae,44.83789739
Anatidae,44.83002833
Anatidae,44.83002833
Anatidae,44.83002833
Anatidae,44.83002833
Anatidae,44.83789739
Anatidae,44.81429021
Anatidae,44.87724268
Anatidae,44.84576645
Anatidae,44.86150456
Anatidae,44.85363551
Anatidae,44.83789739
Anatidae,44.81429021
Anatidae,44.86937362
Anatidae,44.84576645
Anatidae,44.82215927
Anatidae,44.84576645
Anatidae,44.85363551
Anatidae,44.84576645
Anatidae,44.83002833
Anatidae,44.81429021
Anatidae,44.81429021
Anatidae,44.83789739
Anatidae,44.83627204
Anatidae,44.83708484
Anatidae,44.82134425
Anatidae,44.82921454
Anatidae,44.85282544
Anatidae,44.84929566
Anatidae,44.82215927
Anatidae,44.81429021
Anatidae,44.86150456
Anatidae,44.82215927
Anatidae,44.85363551
Anatidae,44.83002833
Anatidae,44.83789739
Anatidae,44.83789739
Anatidae,44.79855209
Anatidae,44.84576645
Anatidae,44.82704029
Anatidae,44.82215927
Anatidae,44.81429021
Anatidae,44.83789739
Anatidae,44.83789739
Anatidae,44.86150456
Anatidae,44.87724268
Anatidae,44.85363551
Anatidae,44.83789739
Anatidae,44.86937362
Anatidae,44.82215927
Anatidae,44.85363551
Anatidae,44.85363551
Anatidae,44.85363551
Anatidae,44.83002833
Anatidae,44.83789739
Anatidae,44.86937362
Anatidae,44.88511174
Anatidae,44.84576645
Anatidae,44.86937362
Anatidae,44.84576645
Anatidae,44.83789739
Anatidae,45.08788449
Anatidae,44.86150456
Anatidae,44.86150456
Anatidae,44.83002833
Anatidae,44.84576645
Anatidae,44.86150456
Anatidae,44.86937362
Anatidae,44.80560365
Anatidae,44.86150456
Anatidae,44.94019515
Anatidae,44.88350126
Anatidae,44.6572104
Anatidae,44.78353442
Anatidae,44.7331129
Anatidae,44.79855209
Anatidae,44.86150456
Anatidae,44.81429021
Anatidae,44.81429021
Anatidae,44.82215927
Anatidae,44.82215927
Anatidae,44.82215927
Anatidae,44.80642115
Anatidae,44.80642115
Anatidae,44.82215927
Anatidae,44.83002833
Anatidae,44.83002833
Anatidae,44.81158052
Anatidae,44.8248721
Anatidae,44.78281398
Anatidae,44.78281398
Anatidae,44.78281398
Anatidae,44.78170809
Anatidae,44.7776466
Anatidae,44.7592068
Anatidae,44.78141
Anatidae,44.92012277
Anatidae,44.85363551
Anatidae,44.78633824
Anatidae,44.84686245
Anatidae,44.84414358
Anatidae,44.80473373
Anatidae,44.83002833
Anatidae,44.93232609
Anatidae,44.8929808
Anatidae,44.90871892
Anatidae,44.94806421
Anatidae,44.90871892
Anatidae,44.94019515
Anatidae,44.86150456
Anatidae,44.90871892
Anatidae,44.83789739
Anatidae,44.85363551
Anatidae,44.96380233
Anatidae,45.00314762
Anatidae,44.87724268
Anatidae,44.87724268
Anatidae,44.88511174
Anatidae,44.8929808
Anatidae,44.83789739
Anatidae,44.85363551
Anatidae,44.87724268
Anatidae,44.88511174
Anatidae,44.86937362
Anatidae,44.88511174
Anatidae,44.8929808
Anatidae,44.87724268
Anatidae,44.90871892
Anatidae,44.91658798
Anatidae,44.91658798
Anatidae,44.90871892
Anatidae,44.93232609
Anatidae,44.86937362
Anatidae,44.87724268
Anatidae,44.84929566
Anatidae,44.86150456
Anatidae,44.86937362
Anatidae,44.86503502
Anatidae,44.82215927
Anatidae,44.85363551
Anatidae,44.86150456
Anatidae,44.87724268
Anatidae,44.85363551
Anatidae,44.86937362
Anatidae,44.87724268
Anatidae,44.86937362
Anatidae,44.82215927
Anatidae,44.87724268
Anatidae,44.8929808
Anatidae,44.85363551
Anatidae,44.83789739
Anatidae,44.86150456
Anatidae,44.8929808
Anatidae,44.88511174
Anatidae,44.88511174
Anatidae,44.91658798
Anatidae,44.91225309
Anatidae,44.92445703
Anatidae,44.90084986
Anatidae,44.8729047
Anatidae,44.90084986
Anatidae,44.91658798
Anatidae,44.91658798
Anatidae,44.90871892
Anatidae,44.90871892
Anatidae,44.90084986
Anatidae,44.86937362
Anatidae,44.90871892
Anatidae,44.8929808
Anatidae,44.91658798
Anatidae,44.91658798
Anatidae,44.91658798
Anatidae,44.86150456
Anatidae,44.87724268
Anatidae,44.86150456
Anatidae,44.90084986
Anatidae,44.90871892
Anatidae,44.82215927
Anatidae,44.86150456
Anatidae,44.88511174
Anatidae,44.90871892
Anatidae,44.88511174
Anatidae,44.87724268
Anatidae,44.88511174
Anatidae,44.87724268
Anatidae,44.87643633
Anatidae,44.83002833
Anatidae,44.87724268
Anatidae,44.87724268
Anatidae,44.85363551
Anatidae,44.84576645
Anatidae,44.94806421
Anatidae,44.81429021
Anatidae,44.79068303
Anatidae,44.83002833
Anatidae,44.83789739
Anatidae,44.8929808
Anatidae,44.84848485
Anatidae,44.84929566
Anatidae,44.84929566
Anatidae,44.85554593
Anatidae,44.85120453
Anatidae,44.86775819
Anatidae,44.8720976
Anatidae,44.86775819
Anatidae,44.86341809
Anatidae,44.8248721
Anatidae,44.83274301
Anatidae,44.87129025
Anatidae,44.85473585
Anatidae,44.82405731
Anatidae,44.8720976
Anatidae,44.86775819
Anatidae,44.86775819
Anatidae,44.88350126
Anatidae,44.88269564
Anatidae,44.87835603
Anatidae,44.9193231
Anatidae,44.84142599
Anatidae,44.80642115
Anatidae,44.82405731
Anatidae,44.78551751
Anatidae,44.83274301
Anatidae,44.83274301
Anatidae,44.83274301
Anatidae,44.85635577
Anatidae,44.85988665
Anatidae,44.81700118
Anatidae,44.82215927
Anatidae,44.82921454
Anatidae,44.83980162
Anatidae,44.81429021
Anatidae,44.79855209
Anatidae,44.80642115
Anatidae,44.81429021
Anatidae,44.78271157
Anatidae,44.78904282
Anatidae,44.79420792
Anatidae,44.78986306
Anatidae,44.78281398
Anatidae,44.808313
Anatidae,44.78551751
Anatidae,44.79338843
Anatidae,44.78469653
Anatidae,44.78551751
Anatidae,44.78551751
Anatidae,44.79855209
Anatidae,44.75133774
Anatidae,44.75485953
Anatidae,44.79068303
Anatidae,44.78551751
Anatidae,44.79338843
Anatidae,44.83789739
Anatidae,44.97404436
Anatidae,44.7532079
Anatidae,44.83789739
Anatidae,44.78011171
Anatidae,44.78011171
Anatidae,44.82215927
Anatidae,44.82215927
Anatidae,44.83002833
Anatidae,44.81429021
Anatidae,44.83002833
Anatidae,45.00399042
Anatidae,44.85775081
Anatidae,44.81673745
Anatidae,44.83165513
Anatidae,44.64369986
Anatidae,44.6515652
Anatidae,44.93765195
Anatidae,44.95412844
Anatidae,44.93844586
Anatidae,44.95686275
Anatidae,44.9525453
Anatidae,44.94981179
Anatidae,44.56190934
Anatidae,44.66477809
Anatidae,44.65690903
Anatidae,44.66477809
Anatidae,44.66477809
Anatidae,44.66477809
Anatidae,44.76707586
Anatidae,44.74698985
Anatidae,44.74698985
Anatidae,44.74391401
Anatidae,44.99527856
Anatidae,44.95579413
Anatidae,44.94806421
Anatidae,44.8929808
Anatidae,44.86937362
Anatidae,44.91658798
Anatidae,44.88511174
Anatidae,44.8729047
Anatidae,44.85363551
Anatidae,44.84495514
Anatidae,44.86503502
Anatidae,44.86937362
Anatidae,44.8729047
Anatidae,44.86150456
Anatidae,45.05992873
Anatidae,45.0356333
Anatidae,45.01133787
Anatidae,45.02753482
Anatidae,45.04373178
Anatidae,45.0356333
Anatidae,45.01943635
Anatidae,45.0356333
Anatidae,45.0356333
Anatidae,45.02753482
Anatidae,45.03118166
Anatidae,45.08422417
Anatidae,45.0708789
Anatidae,45.08422417
Anatidae,45.08422417
Anatidae,45.07977646
Anatidae,45.07532804
Anatidae,45.0878756
Anatidae,45.07612569
Anatidae,45.07453014
Anatidae,45.07532804
Anatidae,45.08422417
Anatidae,45.0878756
Anatidae,45.07977646
Anatidae,45.08422417
Anatidae,45.05547906
Anatidae,45.08342783
Anatidae,45.05102867
Anatidae,45.04737993
Anatidae,45.06722825
Anatidae,45.09597473
Anatidae,45.08422417
Anatidae,45.08342783
Anatidae,45.10042112
Anatidae,45.08628372
Anatidae,45.05183026
Anatidae,45.08422417
Anatidae,45.09232264
Anatidae,45.05992873
Anatidae,45.07167733
Anatidae,45.03482909
Anatidae,45.04373178
Anatidae,45.04373178
Anatidae,45.04373178
Anatidae,45.04373178
Anatidae,45.06802721
Anatidae,45.05102867
Anatidae,45.05183026
Anatidae,45.02308253
Anatidae,45.05992873
Anatidae,45.04373178
Anatidae,45.04373178
Anatidae,45.0356333
Anatidae,45.04737993
Anatidae,45.01862952
Anatidae,45.07612569
Anatidae,45.07612569
Anatidae,45.05992873
Anatidae,45.05547906
Anatidae,45.04373178
Anatidae,45.04292888
Anatidae,45.04737993
Anatidae,45.04373178
Anatidae,45.05183026
Anatidae,45.04737993
Anatidae,45.06802721
Anatidae,45.05183026
Anatidae,45.04292888
Anatidae,45.04373178
Anatidae,45.04373178
Anatidae,45.06722825
Anatidae,45.04373178
Anatidae,45.04373178
Anatidae,45.05992873
Anatidae,45.05992873
Anatidae,45.05183026
Anatidae,45.05183026
Anatidae,45.0356333
Anatidae,45.05183026
Anatidae,45.05183026
Anatidae,45.09597473
Anatidae,45.03118166
Anatidae,45.05547906
Anatidae,45.04212573
Anatidae,45.07167733
Anatidae,45.07532804
Anatidae,45.06802721
Anatidae,45.07532804
Anatidae,45.08422417
Anatidae,45.08707979
Anatidae,45.11138113
Anatidae,45.0878756
Anatidae,45.11661808
Anatidae,45.06722825
Anatidae,45.07167733
Anatidae,45.09597473
Anatidae,45.10089959
Anatidae,45.05992873
Anatidae,45.09152762
Anatidae,45.07612569
Anatidae,45.06802721
Anatidae,45.07612569
Anatidae,45.06802721
Anatidae,45.06802721
Anatidae,45.06802721
Anatidae,45.04132231
Anatidae,45.05992873
Anatidae,45.06802721
Anatidae,45.04051864
Anatidae,45.04373178
Anatidae,45.05547906
Anatidae,45.08422417
Anatidae,45.07167733
Anatidae,45.04657756
Anatidae,45.05992873
Anatidae,45.04373178
Anatidae,45.05547906
Anatidae,45.05992873
Anatidae,45.07167733
Anatidae,45.0708789
Anatidae,45.05102867
Anatidae,45.04373178
Anatidae,45.01133787
Anatidae,45.0356333
Anatidae,45.0878756
Anatidae,45.09232264
Anatidae,45.06802721
Anatidae,45.07612569
Anatidae,45.0635782
Anatidae,45.09232264
Anatidae,45.07897934
Anatidae,45.05992873
Anatidae,45.07612569
Anatidae,45.06802721
Anatidae,45.07532804
Anatidae,45.07612569
Anatidae,45.04373178
Anatidae,45.04373178
Anatidae,45.02753482
Anatidae,45.07167733
Anatidae,45.05467801
Anatidae,45.06802721
Anatidae,45.06802721
Anatidae,45.06802721
Anatidae,45.08422417
Anatidae,45.05547906
Anatidae,45.03482909
Anatidae,45.01782242
Anatidae,45.02753482
Anatidae,45.01133787
Anatidae,45.01943635
Anatidae,45.0708789
Anatidae,45.05547906
Anatidae,45.06802721
Anatidae,45.06037766
Anatidae,45.09232264
Anatidae,45.0149834
Anatidae,44.91225309
Anatidae,44.90871892
Anatidae,44.91658798
Anatidae,44.92479723
Anatidae,44.95137187
Anatidae,44.90791752
Anatidae,44.93232609
Anatidae,44.85363551
Anatidae,44.84495514
Anatidae,44.8791624
Anatidae,44.88857166
Anatidae,44.8929808
Anatidae,44.8929808
Anatidae,44.86150456
Anatidae,45.0356333
Anatidae,45.04373178
Anatidae,45.05183026
Anatidae,45.04373178
Anatidae,45.0356333
Anatidae,45.09962741
Anatidae,45.10407386
Anatidae,45.09152762
Anatidae,44.91658798
Anatidae,44.8929808
Anatidae,44.93232609
Anatidae,44.93232609
Anatidae,44.93232609
Anatidae,44.92445703
Anatidae,44.90084986
Anatidae,44.93232609
Anatidae,44.92445703
Anatidae,44.94019515
Anatidae,44.94806421
Anatidae,44.95593327
Anatidae,44.95593327
Anatidae,44.95593327
Anatidae,44.93232609
Anatidae,44.95593327
Anatidae,44.93232609
Anatidae,44.97167139
Anatidae,44.96380233
Anatidae,44.90871892
Anatidae,44.80642115
Anatidae,44.90084986
Anatidae,44.90084986
Anatidae,44.86422668
Anatidae,44.86775819
Anatidae,44.82568663
Anatidae,45.19955858
Anatidae,44.97167139
Anatidae,44.94806421
Anatidae,44.93232609
Anatidae,44.95593327
Anatidae,44.87724268
Anatidae,44.90871892
Anatidae,44.93187367
Anatidae,44.92445703
Anatidae,44.90871892
Anatidae,44.8929808
Anatidae,44.88511174
Anatidae,44.86937362
Anatidae,44.97167139
Anatidae,44.94806421
Anatidae,44.94019515
Anatidae,44.97167139
Anatidae,44.97167139
Anatidae,44.7592068
Anatidae,44.98740951
Anatidae,45.02742666
Anatidae,44.99527856
Anatidae,44.70071389
Anatidae,44.63361054
Anatidae,44.66148898
Anatidae,44.64579901
Anatidae,44.59872911
Anatidae,44.65364399
Anatidae,44.65364399
Anatidae,44.64930174
Anatidae,44.73209383
Anatidae,44.74778379
Anatidae,44.88214143
Anatidae,44.71640386
Anatidae,44.74778379
Anatidae,44.70855888
Anatidae,44.73209383
Anatidae,44.71640386
Anatidae,44.73993881
Anatidae,44.73993881
Anatidae,44.70855888
Anatidae,44.73993881
Anatidae,44.76347376
Anatidae,44.73209383
Anatidae,44.75562878
Anatidae,44.74778379
Anatidae,44.71640386
Anatidae,44.75562878
Anatidae,44.73993881
Anatidae,44.75562878
Anatidae,44.75562878
Anatidae,44.47583176
Anatidae,44.66933396
Anatidae,44.81054366
Anatidae,44.54381423
Anatidae,44.81054366
Anatidae,44.71640386
Anatidae,44.68502393
Anatidae,44.68502393
Anatidae,44.86545854
Anatidae,44.70855888
Anatidae,44.77916372
Anatidae,44.80269867
Anatidae,44.84976857
Anatidae,44.65309971
Anatidae,44.71640386
Anatidae,44.9282184
Anatidae,44.73209383
Anatidae,44.85761356
Anatidae,44.79485369
Anatidae,44.70071389
Anatidae,44.76698572
Anatidae,44.72775773
Anatidae,44.75480581
Anatidae,44.79943481
Anatidae,44.75047081
Anatidae,44.74262398
Anatidae,44.77776033
Anatidae,44.75047081
Anatidae,44.7574949
Anatidae,44.75068708
Anatidae,44.73663553
Anatidae,44.75831764
Anatidae,44.74964684
Anatidae,44.76616447
Anatidae,44.74531042
Anatidae,44.74677572
Anatidae,44.72712996
Anatidae,44.682521
Anatidae,44.75315909
Anatidae,44.71142521
Anatidae,44.72176438
Anatidae,44.7130858
Anatidae,44.712445
Anatidae,44.66148898
Anatidae,44.68502393
Anatidae,44.68502393
Anatidae,44.69286891
Anatidae,44.70071389
Anatidae,44.72424884
Anatidae,44.70071389
Anatidae,44.69286891
Anatidae,44.76347376
Anatidae,44.73993881
Anatidae,44.75562878
Anatidae,44.70855888
Anatidae,44.73209383
Anatidae,44.69286891
Anatidae,44.70071389
Anatidae,44.76347376
Anatidae,44.72424884
Anatidae,44.70071389
Anatidae,44.72424884
Anatidae,44.71640386
Anatidae,44.73209383
Anatidae,44.76347376
Anatidae,44.73209383
Anatidae,44.73993881
Anatidae,44.70071389
Anatidae,44.70071389
Anatidae,44.70855888
Anatidae,44.71640386
Anatidae,44.66148898
Anatidae,44.70071389
Anatidae,44.70855888
Anatidae,44.68502393
Anatidae,44.70855888
Anatidae,44.68502393
Anatidae,44.78700871
Anatidae,44.73209383
Anatidae,44.73993881
Anatidae,44.75562878
Anatidae,44.67717894
Anatidae,44.71640386
Anatidae,44.69286891
Anatidae,44.70855888
Anatidae,44.71206653
Anatidae,44.73993881
Anatidae,44.81054366
Anatidae,44.69637533
Anatidae,44.70855888
Anatidae,44.67717894
Anatidae,44.68502393
Anatidae,44.74344893
Anatidae,44.75562878
Anatidae,44.80269867
Anatidae,44.72424884
Anatidae,44.70855888
Anatidae,44.72424884
Anatidae,44.72424884
Anatidae,44.76347376
Anatidae,44.73209383
Anatidae,44.71640386
Anatidae,44.70855888
Anatidae,44.71640386
Anatidae,44.65364399
Anatidae,44.71640386
Anatidae,44.73209383
Anatidae,44.71640386
Anatidae,44.75562878
Anatidae,44.82623362
Anatidae,44.81054366
Anatidae,44.77916372
Anatidae,44.79485369
Anatidae,44.78700871
Anatidae,44.79485369
Anatidae,44.81838864
Anatidae,44.78700871
Anatidae,44.77916372
Anatidae,44.74778379
Anatidae,44.78700871
Anatidae,44.77131874
Anatidae,44.77131874
Anatidae,44.77131874
Anatidae,44.78700871
Anatidae,44.77916372
Anatidae,44.77916372
Anatidae,44.78700871
Anatidae,44.82623362
Anatidae,44.77916372
Anatidae,44.77131874
Anatidae,44.78267692
Anatidae,44.65098039
Anatidae,44.24028269
Anatidae,44.19334589
Anatidae,44.18953012
Anatidae,44.12340459
Anatidae,44.13906507
Anatidae,44.13123483
Anatidae,44.13906507
Anatidae,44.15472555
Anatidae,44.14689531
Anatidae,44.20170699
Anatidae,44.18604651
Anatidae,44.18604651
Anatidae,44.20170699
Anatidae,44.16255579
Anatidae,44.17821627
Anatidae,44.19387675
Anatidae,44.17821627
Anatidae,44.21736747
Anatidae,44.12340459
Anatidae,44.17821627
Anatidae,44.19387675
Anatidae,44.17038603
Anatidae,44.15472555
Anatidae,44.16255579
Anatidae,44.14689531
Anatidae,44.13906507
Anatidae,44.20170699
Anatidae,44.15472555
Anatidae,44.20170699
Anatidae,44.13123483
Anatidae,44.13123483
Anatidae,44.0294417
Anatidae,44.08677945
Anatidae,44.08425339
Anatidae,44.08425339
Anatidae,44.08425339
Anatidae,44.08425339
Anatidae,44.09208363
Anatidae,44.07642315
Anatidae,44.09991387
Anatidae,44.09991387
Anatidae,44.12340459
Anatidae,44.09208363
Anatidae,44.08425339
Anatidae,44.09461153
Anatidae,44.08425339
Anatidae,44.13906507
Anatidae,44.07642315
Anatidae,44.11557435
Anatidae,44.15472555
Anatidae,44.16255579
Anatidae,44.14689531
Anatidae,44.08720201
Anatidae,44.09665019
Anatidae,44.12018514
Anatidae,44.11234016
Anatidae,44.09665019
Anatidae,44.10449518
Anatidae,44.10449518
Anatidae,44.11234016
Anatidae,44.09991387
Anatidae,44.07204385
Anatidae,44.08652716
Anatidae,44.10774411
Anatidae,44.09991387
Anatidae,44.09991387
Anatidae,44.11557435
Anatidae,44.06076267
Anatidae,44.08425339
Anatidae,44.12340459
Anatidae,44.07642315
Anatidae,44.05293243
Anatidae,44.04510218
Anatidae,44.06859291
Anatidae,44.06076267
Anatidae,44.12340459
Anatidae,44.09553641
Anatidae,44.19387675
Anatidae,44.20170699
Anatidae,44.21736747
Anatidae,44.20170699
Anatidae,44.20953723
Anatidae,44.17821627
Anatidae,44.22519771
Anatidae,44.15472555
Anatidae,44.20953723
Anatidae,44.25651868
Anatidae,44.20170699
Anatidae,44.16255579
Anatidae,44.18604651
Anatidae,44.18604651
Anatidae,44.13906507
Anatidae,44.14689531
Anatidae,44.09991387
Anatidae,44.11557435
Anatidae,44.12340459
Anatidae,44.12340459
Anatidae,44.13123483
Anatidae,44.12340459
Anatidae,44.14689531
Anatidae,44.13123483
Anatidae,44.13906507
Anatidae,44.13906507
Anatidae,44.16255579
Anatidae,44.14689531
Anatidae,44.09991387
Anatidae,44.12340459
Anatidae,44.11557435
Anatidae,44.14689531
Anatidae,44.16255579
Anatidae,44.06076267
Anatidae,44.07642315
Anatidae,44.06859291
Anatidae,44.10774411
Anatidae,44.09991387
Anatidae,44.09991387
Anatidae,44.13123483
Anatidae,44.13123483
Anatidae,44.13123483
Anatidae,44.10774411
Anatidae,44.10774411
Anatidae,44.12340459
Anatidae,44.09991387
Anatidae,44.0294417
Anatidae,44.15472555
Anatidae,44.14689531
Anatidae,44.13123483
Anatidae,44.08425339
Anatidae,44.10774411
Anatidae,44.12340459
Anatidae,44.12340459
Anatidae,44.13123483
Anatidae,44.15472555
Anatidae,44.13906507
Anatidae,44.14689531
Anatidae,44.12340459
Anatidae,44.11557435
Anatidae,44.14689531
Anatidae,44.13123483
Anatidae,44.13123483
Anatidae,44.15472555
Anatidae,44.14689531
Anatidae,44.14689531
Anatidae,44.14689531
Anatidae,44.13123483
Anatidae,44.16255579
Anatidae,44.11557435
Anatidae,44.11557435
Anatidae,44.11557435
Anatidae,44.16255579
Anatidae,44.15472555
Anatidae,44.12340459
Anatidae,44.13906507
Anatidae,44.03727194
Anatidae,44.06076267
Anatidae,44.12340459
Anatidae,44.07642315
Anatidae,44.21736747
Anatidae,44.20170699
Anatidae,44.20170699
Anatidae,44.15472555
Anatidae,44.15472555
Anatidae,44.14689531
Anatidae,44.17038603
Anatidae,44.18604651
Anatidae,44.15472555
Anatidae,44.16255579
Anatidae,44.19387675
Anatidae,44.20170699
Anatidae,44.19387675
Anatidae,44.17821627
Anatidae,44.16255579
Anatidae,44.17038603
Anatidae,44.19387675
Anatidae,44.19387675
Anatidae,44.17821627
Anatidae,44.17038603
Anatidae,44.18604651
Anatidae,44.16255579
Anatidae,44.17038603
Anatidae,44.17821627
Anatidae,44.22519771
Anatidae,44.20170699
Anatidae,44.17821627
Anatidae,44.18604651
Anatidae,44.20170699
Anatidae,44.18604651
Anatidae,44.25190533
Anatidae,44.25190533
Anatidae,44.21102889
Anatidae,44.19308587
Anatidae,44.19642857
Anatidae,44.15472555
Anatidae,44.12340459
Anatidae,44.11902897
Anatidae,44.27025306
Anatidae,44.27025306
Anatidae,44.15035239
Anatidae,44.13814707
Anatidae,44.08627451
Anatidae,44.09411765
Anatidae,44.14901961
Anatidae,44.14117647
Anatidae,44.16470588
Anatidae,44.16470588
Anatidae,44.18039216
Anatidae,44.11764706
Anatidae,44.13469068
Anatidae,44.13123483
Anatidae,44.13123483
Anatidae,44.23302795
Anatidae,44.20953723
Anatidae,44.17038603
Anatidae,44.20170699
Anatidae,44.17038603
Anatidae,44.20170699
Anatidae,44.17821627
Anatidae,44.20953723
Anatidae,44.19387675
Anatidae,44.24085819
Anatidae,44.19387675
Anatidae,44.20170699
Anatidae,44.23302795
Anatidae,44.22519771
Anatidae,44.20953723
Anatidae,44.23302795
Anatidae,44.20953723
Anatidae,44.23302795
Anatidae,44.21736747
Anatidae,44.21736747
Anatidae,44.20953723
Anatidae,44.22519771
Anatidae,44.22519771
Anatidae,44.24868843
Anatidae,44.22519771
Anatidae,44.22519771
Anatidae,44.25651868
Anatidae,44.22519771
Anatidae,44.22519771
Anatidae,44.24085819
Anatidae,44.20953723
Anatidae,44.20170699
Anatidae,44.21736747
Anatidae,44.22519771
Anatidae,44.21736747
Anatidae,44.21736747
Anatidae,44.20170699
Anatidae,44.20953723
Anatidae,44.24085819
Anatidae,44.21736747
Anatidae,44.21736747
Anatidae,44.20953723
Anatidae,44.20170699
Anatidae,44.20170699
Anatidae,44.20953723
Anatidae,44.23302795
Anatidae,44.22519771
Anatidae,44.20170699
Anatidae,44.20953723
Anatidae,44.20953723
Anatidae,44.20953723
Anatidae,44.21736747
Anatidae,44.20170699
Anatidae,44.19387675
Anatidae,44.20953723
Anatidae,44.20953723
Anatidae,44.20953723
Anatidae,44.22519771
Anatidae,44.19387675
Anatidae,44.20953723
Anatidae,44.23302795
Anatidae,44.17821627
Anatidae,44.22519771
Anatidae,44.18604651
Anatidae,44.17038603
Anatidae,44.16255579
Anatidae,44.14689531
Anatidae,44.16255579
Anatidae,44.17821627
Anatidae,44.20953723
Anatidae,44.23302795
Anatidae,44.19387675
Anatidae,44.17038603
Anatidae,44.20953723
Anatidae,44.18604651
Anatidae,44.18604651
Anatidae,44.20953723
Anatidae,44.19387675
Anatidae,44.24085819
Anatidae,44.26434892
Anatidae,44.20953723
Anatidae,44.23302795
Anatidae,44.19387675
Anatidae,44.22519771
Anatidae,44.23302795
Anatidae,44.24085819
Anatidae,44.23302795
Anatidae,44.21736747
Anatidae,44.20170699
Anatidae,44.16255579
Anatidae,44.19387675
Anatidae,44.16255579
Anatidae,44.21736747
Anatidae,44.20170699
Anatidae,44.23302795
Anatidae,44.20953723
Anatidae,44.19387675
Anatidae,44.23302795
Anatidae,44.20953723
Anatidae,44.20953723
Anatidae,44.20953723
Anatidae,44.20953723
Anatidae,44.18604651
Anatidae,44.17821627
Anatidae,44.17821627
Anatidae,44.17821627
Anatidae,44.25651868
Anatidae,44.24868843
Anatidae,44.23302795
Anatidae,44.16764591
Anatidae,44.16764591
Anatidae,44.18331375
Anatidae,44.18331375
Anatidae,44.15197807
Anatidae,44.15981199
Anatidae,44.18331375
Anatidae,44.17802852
Anatidae,44.16764591
Anatidae,44.16764591
Anatidae,44.11280846
Anatidae,44.15981199
Anatidae,44.15981199
Anatidae,44.18331375
Anatidae,44.19114767
Anatidae,44.19114767
Anatidae,44.18331375
Anatidae,44.17547983
Anatidae,44.16764591
Anatidae,44.16764591
Anatidae,44.14414414
Anatidae,44.19898159
Anatidae,44.20681551
Anatidae,44.19114767
Anatidae,44.18331375
Anatidae,44.17547983
Anatidae,44.16764591
Anatidae,44.15197807
Anatidae,44.15981199
Anatidae,44.15981199
Anatidae,44.19114767
Anatidae,44.17547983
Anatidae,44.17547983
Anatidae,44.00595098
Anatidae,44.18549906
Anatidae,44.21688638
Anatidae,44.18549906
Anatidae,44.25908521
Anatidae,44.20499961
Anatidae,44.20499961
Anatidae,44.06076267
Anatidae,44.25125313
Anatidae,44.04510218
Anatidae,44.00595098
Anatidae,43.98496241
Anatidae,44.02161146
Anatidae,44.01378122
Anatidae,43.99812074
Anatidae,44.01378122
Anatidae,43.98246026
Anatidae,44.07642315
Anatidae,44.52640665
Anatidae,44.53339612
Anatidae,44.56214689
Anatidae,44.56999372
Anatidae,44.53075957
Anatidae,44.56214689
Anatidae,44.54645323
Anatidae,44.5386064
Anatidae,44.53075957
Anatidae,44.53075957
Anatidae,44.54559724
Anatidae,44.42875078
Anatidae,44.42875078
Anatidae,44.50721908
Anatidae,44.46798493
Anatidae,44.46362709
Anatidae,44.4601381
Anatidae,44.4601381
Anatidae,44.56999372
Anatidae,44.56214689
Anatidae,44.56214689
Anatidae,44.51506591
Anatidae,44.55430006
Anatidae,44.54645323
Anatidae,44.55779644
Anatidae,44.57784055
Anatidae,44.57784055
Anatidae,44.54645323
Anatidae,44.49937225
Anatidae,44.57784055
Anatidae,44.52640665
Anatidae,44.5386064
Anatidae,44.51506591
Anatidae,44.55430006
Anatidae,44.53075957
Anatidae,44.60138104
Anatidae,44.5342541
Anatidae,44.52291274
Anatidae,44.56214689
Anatidae,44.54645323
Anatidae,44.55865045
Anatidae,44.53867295
Anatidae,44.58568738
Anatidae,44.54645323
Anatidae,44.56214689
Anatidae,44.5342541
Anatidae,44.5342541
Anatidae,44.34243566
Anatidae,44.48367859
Anatidae,44.55779644
Anatidae,44.53075957
Anatidae,44.56214689
Anatidae,44.54994899
Anatidae,44.58568738
Anatidae,44.56914142
Anatidae,44.45926856
Anatidae,44.54645323
Anatidae,44.58568738
Anatidae,44.50721908
Anatidae,44.67200251
Anatidae,44.7845538
Anatidae,44.60922787
Anatidae,44.67200251
Anatidae,44.682521
Anatidae,44.44444444
Anatidae,44.46275803
Anatidae,44.4601381
Anatidae,44.44008475
Anatidae,44.45229127
Anatidae,44.45229127
Anatidae,44.49152542
Anatidae,44.54645323
Anatidae,44.38166981
Anatidae,44.35028249
Anatidae,44.50721908
Anatidae,44.50721908
Anatidae,44.54645323
Anatidae,44.53075957
Anatidae,44.50721908
Anatidae,44.54381423
Anatidae,44.38166981
Anatidae,44.5045045
Anatidae,44.41833137
Anatidae,44.12755622
Anatidae,44.17038603
Anatidae,44.53339612
Anatidae,44.53333333
Anatidae,44.36337962
Anatidae,44.41654242
Anatidae,44.33984467
Anatidae,44.41044952
Anatidae,44.51506591
Anatidae,44.48105437
Anatidae,44.52537594
Anatidae,44.52537594
Anatidae,44.52537594
Anatidae,44.52537594
Anatidae,44.55670426
Anatidae,44.52537594
Anatidae,44.52537594
Anatidae,44.52537594
Anatidae,44.52537594
Anatidae,44.52537594
Anatidae,44.52537594
Anatidae,44.53847359
Anatidae,44.5802005
Anatidae,44.5802005
Anatidae,44.59586466
Anatidae,44.15472555
Anatidae,44.17241933
Anatidae,44.09991387
Anatidae,44.09991387
Anatidae,44.09991387
Anatidae,44.10774411
Anatidae,44.10774411
Anatidae,44.10774411
Anatidae,44.09991387
Anatidae,44.09991387
Anatidae,44.09991387
Anatidae,44.09991387
Anatidae,44.09991387
Anatidae,44.10774411
Anatidae,44.10774411
Anatidae,44.10774411
Anatidae,44.09991387
Anatidae,44.11557435
Anatidae,44.11557435
Anatidae,44.12340459
Anatidae,44.12340459
Anatidae,44.12340459
Anatidae,44.11119812
Anatidae,44.12340459
Anatidae,44.10774411
Anatidae,44.21523257
Anatidae,44.10774411
Anatidae,44.10196078
Anatidae,44.10774411
Anatidae,44.16255579
Anatidae,44.20953723
Anatidae,44.2265106
Anatidae,44.33842239
Anatidae,44.04425612
Anatidae,44.05994978
Anatidae,44.18549906
Anatidae,44.0128688
Anatidae,44.0128688
Anatidae,44.07311524
Anatidae,44.07843137
Anatidae,44.86180014
Anatidae,44.64918498
Anatidae,44.63610586
Anatidae,44.34207418
Anatidae,44.30310169
Anatidae,44.31038562
Anatidae,44.0878776
Anatidae,44.50748621
Anatidae,44.36303474
Anatidae,44.25015753
Anatidae,44.70699433
Anatidae,44.70699433
Anatidae,44.69911783
Anatidae,44.63610586
Anatidae,44.64398236
Anatidae,44.59672338
Anatidae,44.61247637
Anatidae,44.62035287
Anatidae,44.58097038
Anatidae,44.58097038
Anatidae,44.65064636
Anatidae,44.32364295
Anatidae,44.21077505
Anatidae,44.22652804
Anatidae,44.21865154
Anatidae,44.21865154
Anatidae,44.21865154
Anatidae,44.21865154
Anatidae,44.21865154
Anatidae,44.21865154
Anatidae,44.21077505
Anatidae,44.20289855
Anatidae,44.60108687
Anatidae,44.67029071
Anatidae,44.65185885
Anatidae,44.67029071
Anatidae,44.67816907
Anatidae,44.66241235
Anatidae,44.65973535
Anatidae,44.58618789
Anatidae,44.60544968
Anatidae,44.61768643
Anatidae,44.51094661
Anatidae,44.64131034
Anatidae,44.53457237
Anatidae,44.53894007
Anatidae,44.20546758
Anatidae,44.25015753
Anatidae,44.21268863
Anatidae,44.29741651
Anatidae,44.37618147
Anatidae,44.28954001
Anatidae,44.32632491
Anatidae,44.15563957
Anatidae,44.13988658
Anatidae,44.18458146
Anatidae,44.36569809
Anatidae,44.35782345
Anatidae,44.35782345
Anatidae,44.33925049
Anatidae,44.40768746
Anatidae,44.35255198
Anatidae,44.35255198
Anatidae,44.35255198
Anatidae,44.321046
Anatidae,44.35255198
Anatidae,44.3853285
Anatidae,44.39193447
Anatidae,44.39193447
Anatidae,44.39193447
Anatidae,44.42869517
Anatidae,44.34481674
Anatidae,44.38932199
Anatidae,44.32875848
Anatidae,44.42344045
Anatidae,44.39193447
Anatidae,44.38405797
Anatidae,44.44706994
Anatidae,44.12413359
Anatidae,44.10838059
Anatidae,44.03749212
Anatidae,44.02961563
Anatidae,44.20289855
Anatidae,44.15563957
Anatidae,44.17926906
Anatidae,44.20289855
Anatidae,44.19484512
Anatidae,44.15911776
Anatidae,44.16311721
Anatidae,44.13988658
Anatidae,44.13988658
Anatidae,44.14776307
Anatidae,44.15563957
Anatidae,44.14776307
Anatidae,44.14776307
Anatidae,44.13988658
Anatidae,44.10838059
Anatidae,44.14776307
Anatidae,44.14776307
Anatidae,44.26591052
Anatidae,44.26591052
Anatidae,44.28166352
Anatidae,44.27378702
Anatidae,44.27378702
Anatidae,44.27378702
Anatidae,44.28166352
Anatidae,44.25803403
Anatidae,44.0847511
Anatidae,44.0926276
Anatidae,44.0847511
Anatidae,44.0847511
Anatidae,44.07687461
Anatidae,44.0847511
Anatidae,44.0847511
Anatidae,44.0847511
Anatidae,44.0847511
Anatidae,44.07687461
Anatidae,44.0847511
Anatidae,44.0847511
Anatidae,44.08034659
Anatidae,44.06899811
Anatidae,44.07687461
Anatidae,44.0847511
Anatidae,44.0926276
Anatidae,44.1005041
Anatidae,44.1005041
Anatidae,44.07687461
Anatidae,44.0926276
Anatidae,44.0926276
Anatidae,44.0926276
Anatidae,44.0926276
Anatidae,44.0926276
Anatidae,44.0847511
Anatidae,44.0847511
Anatidae,44.0926276
Anatidae,44.0926276
Anatidae,44.0926276
Anatidae,44.0926276
Anatidae,44.09610083
Anatidae,44.06899811
Anatidae,44.1005041
Anatidae,44.0926276
Anatidae,44.0926276
Anatidae,44.0926276
Anatidae,44.0926276
Anatidae,44.07687461
Anatidae,44.0926276
Anatidae,44.0847511
Anatidae,44.0926276
Anatidae,44.0926276
Anatidae,44.0926276
Anatidae,44.0926276
Anatidae,44.0926276
Anatidae,44.0926276
Anatidae,44.0926276
Anatidae,44.0926276
Anatidae,44.0926276
Anatidae,44.0847511
Anatidae,44.0926276
Anatidae,44.0926276
Anatidae,44.0926276
Anatidae,44.1005041
Anatidae,44.12413359
Anatidae,44.14776307
Anatidae,44.12760929
Anatidae,44.12760929
Anatidae,44.13988658
Anatidae,44.13201008
Anatidae,44.12413359
Anatidae,44.12320781
Anatidae,44.14776307
Anatidae,44.13896329
Anatidae,44.15031907
Anatidae,44.13988658
Anatidae,44.13988658
Anatidae,44.16351607
Anatidae,44.0847511
Anatidae,44.07687461
Anatidae,44.07687461
Anatidae,44.11625709
Anatidae,44.16351607
Anatidae,44.0926276
Anatidae,44.13201008
Anatidae,44.13548641
Anatidae,44.12413359
Anatidae,44.12413359
Anatidae,44.00850863
Anatidae,44.10838059
Anatidae,44.0847511
Anatidae,44.0926276
Anatidae,44.1005041
Anatidae,44.10838059
Anatidae,44.0926276
Anatidae,44.17395415
Anatidae,44.14776307
Anatidae,44.14776307
Anatidae,44.13988658
Anatidae,44.15563957
Anatidae,44.14776307
Anatidae,44.14776307
Anatidae,44.11185506
Anatidae,44.12760929
Anatidae,44.07687461
Anatidae,44.18714556
Anatidae,44.18714556
Anatidae,44.18714556
Anatidae,44.19502205
Anatidae,44.18714556
Anatidae,44.16351607
Anatidae,44.18714556
Anatidae,44.19502205
Anatidae,44.18714556
Anatidae,44.18714556
Anatidae,44.18714556
Anatidae,44.18714556
Anatidae,44.18714556
Anatidae,44.06899811
Anatidae,44.06899811
Anatidae,44.11625709
Anatidae,44.12413359
Anatidae,44.16255959
Anatidae,44.22138246
Anatidae,44.21077505
Anatidae,44.22652804
Anatidae,44.21077505
Anatidae,44.21077505
Anatidae,44.25015753
Anatidae,44.20289855
Anatidae,44.22652804
Anatidae,44.23365742
Anatidae,44.21077505
Anatidae,44.21077505
Anatidae,44.27378702
Anatidae,44.21077505
Anatidae,44.19502205
Anatidae,44.24228103
Anatidae,44.18714556
Anatidae,44.17139256
Anatidae,44.26849445
Anatidae,44.20033073
Anatidae,44.20820537
Anatidae,44.21608001
Anatidae,44.58884688
Anatidae,44.31048069
Anatidae,44.35103708
Anatidae,44.37618147
Anatidae,44.16686307
Anatidae,44.58182391
Anatidae,44.24757855
Anatidae,44.13733365
Anatidae,44.15308292
Anatidae,44.13733365
Anatidae,44.26332782
Anatidae,44.4942583
Anatidae,44.48639295
Anatidae,44.48639295
Anatidae,44.47852761
Anatidae,44.47852761
Anatidae,44.48639295
Anatidae,44.48639295
Anatidae,44.48639295
Anatidae,44.48639295
Anatidae,44.48639295
Anatidae,44.47066226
Anatidae,44.50480239
Anatidae,44.4942583
Anatidae,44.4942583
Anatidae,44.55718106
Anatidae,44.50998899
Anatidae,44.51531617
Anatidae,44.48381762
Anatidae,44.49169226
Anatidae,44.49169226
Anatidae,44.51531617
Anatidae,44.4995669
Anatidae,44.51531617
Anatidae,44.23182928
Anatidae,44.13820181
Anatidae,44.2770848
Anatidae,44.30061975
Anatidae,44.04958029
Anatidae,44.22442244
Anatidae,44.04649702
Anatidae,44.55702168
Anatidae,44.29783223
Anatidae,44.27426956
Anatidae,44.03986502
Anatidae,43.96328548
Anatidae,44.04958029
Anatidae,44.19590299
Anatidae,44.34502786
Anatidae,44.26294192
Anatidae,44.28481708
Anatidae,44.18020564
Anatidae,44.302701
Anatidae,44.60408937
Anatidae,44.56641921
Anatidae,44.6049412
Anatidae,44.66624082
Anatidae,44.75848303
Anatidae,44.62211615
Anatidae,44.57898069
Anatidae,44.70597559
Anatidae,44.69534902
Anatidae,44.48969813
Anatidae,44.42590385
Anatidae,44.62896109
Anatidae,44.4760775
Anatidae,44.54725188
Anatidae,44.44444444
Anatidae,44.44444444
Anatidae,44.43654742
Anatidae,44.44444444
Anatidae,44.44444444
Anatidae,44.5182199
Anatidae,44.54725188
Anatidae,44.55888224
Anatidae,44.50299401
Anatidae,44.49490121
Anatidae,44.42862792
Anatidae,44.50766556
Anatidae,44.53168372
Anatidae,44.53143535
Anatidae,44.52461119
Anatidae,44.54057518
Anatidae,44.57028112
Anatidae,44.64627151
Anatidae,44.57373545
Anatidae,44.51607768
Anatidae,44.50807285
Anatidae,44.56157163
Anatidae,44.58043357
Anatidae,44.52612442
Anatidae,44.65378806
Anatidae,44.67625899
Anatidae,44.58659086
Anatidae,44.42336574
Anatidae,44.57859848
Anatidae,44.6049412
Anatidae,44.45496882
Anatidae,44.61016414
Anatidae,44.54193344
Anatidae,44.31279621
Anatidae,44.41276629
Anatidae,44.38880941
Anatidae,44.57070707
Anatidae,44.44707367
Anatidae,44.53914141
Anatidae,44.92787893
Anatidae,44.68907828
Anatidae,44.68421469
Anatidae,44.58843858
Anatidae,44.63141026
Anatidae,44.60082697
Anatidae,44.63209642
Anatidae,44.50224639
Anatidae,44.57280385
Anatidae,44.51355662
Anatidae,44.22678771
Anatidae,44.57706692
Anatidae,44.35281181
Anatidae,44.71602595
Anatidae,44.7896596
Anatidae,44.6969697
Anatidae,44.66824645
Anatidae,44.86268939
Anatidae,44.7355959
Anatidae,44.24485937
Anatidae,44.24743893
Anatidae,44.34974747
Anatidae,44.3712246
Anatidae,44.48390152
Anatidae,44.53694894
Anatidae,44.5807771
Anatidae,44.54395475
Anatidae,44.59363958
Anatidae,44.87300836
Anatidae,44.84905809
Anatidae,44.95940727
Anatidae,44.68101885
Anatidae,44.87027837
Anatidae,44.8963506
Anatidae,44.85694017
Anatidae,44.86239256
Anatidae,44.83601388
Anatidae,44.95702232
Anatidae,44.95152518
Anatidae,44.86655446
Anatidae,44.60737938
Anatidae,44.72833373
Anatidae,44.52330258
Anatidae,44.61291617
Anatidae,44.59872911
Anatidae,44.69286891
Anatidae,44.66514878
Anatidae,44.26151277
Anatidae,44.88498076
Anatidae,44.84070376
Anatidae,44.55196287
Anatidae,44.94937603
Anatidae,44.57179242
Anatidae,44.70089496
Anatidae,44.71659601
Anatidae,44.5909876
Anatidae,44.62589307
Anatidae,44.70345703
Anatidae,44.63374421
Anatidae,44.50278441
Anatidae,44.57336806
Anatidae,44.50232852
Anatidae,44.85490196
Anatidae,44.65897496
Anatidae,44.9933349
Anatidae,44.88386692
Anatidae,44.81324545
Anatidae,44.76616447
Anatidae,44.63542893
Anatidae,44.71391571
Anatidae,44.87088926
Anatidae,44.72176438
Anatidae,44.70606703
Anatidae,44.73746174
Anatidae,44.14096225
Anatidae,44.60403422
Anatidae,44.2979358
Anatidae,44.54645323
Anatidae,44.38171411
Anatidae,44.70606703
Anatidae,44.71123666
Anatidae,44.72176438
Anatidae,44.65897496
Anatidae,44.71391571
Anatidae,44.57263951
Anatidae,44.55430006
Anatidae,44.56214689
Anatidae,44.59618554
Anatidae,44.66949286
Anatidae,44.6486062
Anatidae,44.05210295
Anatidae,44.04425612
Anatidae,44.05210295
Anatidae,44.02071563
Anatidae,44.51506591
Anatidae,44.31104834
Anatidae,44.326742
Anatidae,44.35028249
Anatidae,44.35028249
Anatidae,44.34243566
Anatidae,44.41305712
Anatidae,44.34243566
Anatidae,44.27966102
Anatidae,44.31889517
Anatidae,44.07564344
Anatidae,44.07564344
Anatidae,44.0913371
Anatidae,44.11487759
Anatidae,44.0913371
Anatidae,44.0913371
Anatidae,44.0913371
Anatidae,44.12272442
Anatidae,44.49415274
Anatidae,44.682521
Anatidae,44.6118829
Anatidae,44.60403422
Anatidae,44.53339612
Anatidae,44.67467232
Anatidae,44.56479083
Anatidae,44.41566596
Anatidae,44.43921199
Anatidae,44.48630406
Anatidae,44.44706067
Anatidae,44.45490935
Anatidae,44.4706067
Anatidae,44.48630406
Anatidae,44.46275803
Anatidae,44.46275803
Anatidae,44.42351464
Anatidae,44.49415274
Anatidae,44.60403422
Anatidae,44.61538462
Anatidae,44.44706067
Anatidae,44.13841808
Anatidae,44.11927112
Anatidae,44.09108755
Anatidae,44.29008712
Anatidae,44.54645323
Anatidae,44.57784055
Anatidae,44.39211993
Anatidae,44.39211993
Anatidae,44.39211993
Anatidae,44.39211993
Anatidae,44.40781728
Anatidae,44.36072522
Anatidae,44.38427125
Anatidae,44.57784055
Anatidae,44.67200251
Anatidae,44.51506591
Anatidae,44.54645323
Anatidae,44.55430006
Anatidae,44.55430006
Anatidae,44.3459154
Anatidae,44.34502786
Anatidae,44.56479083
Anatidae,44.59618554
Anatidae,44.56479083
Anatidae,44.72693032
Anatidae,44.67467232
Anatidae,44.20375167
Anatidae,44.57263951
Anatidae,44.87451813
Anatidae,44.82379719
Anatidae,44.63529412
Anatidae,44.75294118
Anatidae,44.51769877
Anatidae,44.79215686
Anatidae,44.76078431
Anatidae,44.87088926
Anatidae,44.7845538
Anatidae,44.76078431
Anatidae,44.7845538
Anatidae,44.84734322
Anatidae,44.70606703
Anatidae,44.80809984
Anatidae,44.90228397
Anatidae,44.42352941
Anatidae,44.82352941
Anatidae,44.68931498
Anatidae,44.61804193
Anatidae,44.62770597
Anatidae,44.79562738
Anatidae,44.63478468
Anatidae,44.78725075
Anatidae,44.67467232
Anatidae,44.66751309
Anatidae,44.70606703
Anatidae,44.57008245
Anatidae,44.87602009
Anatidae,44.74531042
Anatidae,44.58048819
Anatidae,44.76183002
Anatidae,44.61695287
Anatidae,44.60127029
Anatidae,44.60911158
Anatidae,44.56206383
Anatidae,44.60127029
Anatidae,44.63542893
Anatidae,44.67467232
Anatidae,44.69036967
Anatidae,44.67383625
Anatidae,44.75047081
Anatidae,44.73746174
Anatidae,44.48630406
Anatidae,44.56479083
Anatidae,44.56479083
Anatidae,44.67467232
Anatidae,44.69821835
Anatidae,44.58048819
Anatidae,44.682521
Anatidae,44.83949455
Anatidae,44.94152735
Anatidae,44.65630885
Anatidae,45.12989561
Anatidae,44.7845538
Anatidae,44.46275803
Anatidae,44.27438977
Anatidae,44.71576633
Anatidae,44.64327761
Anatidae,44.58833687
Anatidae,44.67299992
Anatidae,44.48199969
Anatidae,44.98783264
Anatidae,44.74179878
Anatidae,44.68189634
Anatidae,44.92646455
Anatidae,44.72093571
Anatidae,44.48367859
Anatidae,44.96507339
Anatidae,44.96507339
Anatidae,44.42351464
Anatidae,44.82109228
Anatidae,44.7845538
Anatidae,44.52554745
Anatidae,44.67467232
Anatidae,44.67467232
Anatidae,44.72961306
Anatidae,44.69821835
Anatidae,44.81594851
Anatidae,44.73746174
Anatidae,44.81594851
Anatidae,44.93879473
Anatidae,45.12989561
Anatidae,45.01176471
Anatidae,44.98823529
Anatidae,44.682521
Anatidae,44.62758025
Anatidae,44.60403422
Anatidae,44.67032967
Anatidae,44.8744113
Anatidae,44.57263951
Anatidae,44.59618554
Anatidae,44.73746174
Anatidae,44.99372254
Anatidae,45.13496547
Anatidae,45.11142498
Anatidae,44.76885645
Anatidae,44.70606703
Anatidae,44.48630406
Anatidae,44.94311495
Anatidae,44.95528009
Anatidae,44.76885645
Anatidae,44.84734322
Anatidae,44.76885645
Anatidae,44.83678594
Anatidae,44.9835139
Anatidae,44.88306388
Anatidae,45.30612245
Anatidae,44.39211993
Anatidae,44.72961306
Anatidae,44.74097331
Anatidae,44.72093571
Anatidae,44.90228397
Anatidae,45.02001413
Anatidae,45.03571148
Anatidae,45.01216545
Anatidae,44.97292206
Anatidae,44.97645212
Anatidae,44.98077074
Anatidae,45.00431677
Anatidae,45.01216545
Anatidae,44.96507339
Anatidae,44.98430141
Anatidae,44.91013264
Anatidae,44.95722471
Anatidae,44.77424421
Anatidae,44.85276796
Anatidae,44.7845538
Anatidae,44.8551919
Anatidae,44.8551919
Anatidae,44.8551919
Anatidae,44.94937603
Anatidae,44.86304058
Anatidae,45.11927181
Anatidae,44.77670513
Anatidae,44.7845538
Anatidae,44.9964681
Anatidae,44.83164587
Anatidae,44.74531042
Anatidae,44.74531042
Anatidae,44.74531042
Anatidae,44.87471526
Anatidae,44.8246028
Anatidae,44.87873793
Anatidae,44.76862745
Anatidae,44.70588235
Anatidae,44.75294118
Anatidae,44.99372254
Anatidae,44.92583
Anatidae,44.91798132
Anatidae,44.58048819
Anatidae,44.58833687
Anatidae,44.58833687
Anatidae,44.76616447
Anatidae,44.6184107
Anatidae,44.63542893
Anatidae,44.62758025
Anatidae,44.89122752
Anatidae,44.78103908
Anatidae,44.91525424
Anatidae,44.7372549
Anatidae,44.65098039
Anatidae,44.80025116
Anatidae,45.19774011
Anatidae,44.94152735
Anatidae,44.8551919
Anatidae,44.7785804
Anatidae,44.69387755
Anatidae,44.89283191
Anatidae,45.12204694
Anatidae,45.12204694
Anatidae,44.92070969
Anatidae,44.66164233
Anatidae,44.66080402
Anatidae,44.79240248
Anatidae,44.682521
Anatidae,45.00431677
Anatidae,44.54302764
Anatidae,44.70172684
Anatidae,44.71123666
Anatidae,45.13496547
Anatidae,44.80539862
Anatidae,44.65112629
Anatidae,44.75047081
Anatidae,44.82893911
Anatidae,44.79755179
Anatidae,44.99372254
Anatidae,45.15850596
Anatidae,44.7845538
Anatidae,44.97292206
Anatidae,44.5412448
Anatidae,44.64327761
Anatidae,44.7845538
Anatidae,44.46275803
Anatidae,44.68235294
Anatidae,44.79215686
Anatidae,44.40523798
Anatidae,44.42876186
Anatidae,44.33466635
Anatidae,44.56214689
Anatidae,44.66331816
Anatidae,44.64327761
Anatidae,44.66294344
Anatidae,44.79811838
Anatidae,44.682521
Anatidae,44.65112629
Anatidae,44.60403422
Anatidae,44.60403422
Anatidae,44.60403422
Anatidae,44.60403422
Anatidae,44.60403422
Anatidae,44.58048819
Anatidae,44.58048819
Anatidae,44.57263951
Anatidae,44.6118829
Anatidae,44.60403422
Anatidae,44.80498721
Anatidae,44.64327761
Anatidae,44.63542893
Anatidae,44.682521
Anatidae,44.75315909
Anatidae,44.84463277
Anatidae,44.54909348
Anatidae,44.61973158
Anatidae,44.64327761
Anatidae,44.61973158
Anatidae,44.66682364
Anatidae,44.42351464
Anatidae,44.59353421
Anatidae,44.57263951
Anatidae,44.44706067
Anatidae,44.46275803
Anatidae,44.49415274
Anatidae,44.57263951
Anatidae,44.41566596
Anatidae,44.42351464
Anatidae,44.44706067
Anatidae,44.42351464
Anatidae,44.38427125
Anatidae,44.46275803
Anatidae,44.38427125
Anatidae,44.43921199
Anatidae,44.50985009
Anatidae,44.45490935
Anatidae,44.38427125
Anatidae,44.41566596
Anatidae,44.44706067
Anatidae,44.43136332
Anatidae,44.43921199
Anatidae,44.42351464
Anatidae,44.57263951
Anatidae,44.56479083
Anatidae,44.45490935
Anatidae,44.43921199
Anatidae,44.3685739
Anatidae,44.57263951
Anatidae,44.46275803
Anatidae,44.44706067
Anatidae,44.45490935
Anatidae,44.45490935
Anatidae,44.43921199
Anatidae,44.43921199
Anatidae,44.43136332
Anatidae,44.4706067
Anatidae,44.46275803
Anatidae,44.6118829
Anatidae,44.7845538
Anatidae,44.79240248
Anatidae,44.7845538
Anatidae,44.77670513
Anatidae,44.47845538
Anatidae,44.39211993
Anatidae,44.34502786
Anatidae,44.57263951
Anatidae,44.64047675
Anatidae,44.49415274
Anatidae,44.43921199
Anatidae,44.40781728
Anatidae,44.6118829
Anatidae,44.44706067
Anatidae,44.48630406
Anatidae,44.53339612
Anatidae,44.83164587
Anatidae,44.77670513
Anatidae,44.43921199
Anatidae,44.49415274
Anatidae,44.25084373
Anatidae,44.682521
Anatidae,44.69821835
Anatidae,44.71391571
Anatidae,44.50200141
Anatidae,44.51769877
Anatidae,44.58833687
Anatidae,44.44706067
Anatidae,44.46012703
Anatidae,44.67467232
Anatidae,44.58833687
Anatidae,44.70606703
Anatidae,44.49415274
Anatidae,44.57698948
Anatidae,44.56479083
Anatidae,44.49415274
Anatidae,44.80809984
Anatidae,44.88386692
Anatidae,44.52291274
Anatidae,44.65897496
Anatidae,44.65211245
Anatidae,44.71225563
Anatidae,44.75047081
Anatidae,44.49152542
Anatidae,44.67467232
Anatidae,44.60403422
Anatidae,44.48630406
Anatidae,44.4601381
Anatidae,44.64327761
Anatidae,44.54909348
Anatidae,44.5855877
Anatidae,44.72176438
Anatidae,44.79591837
Anatidae,44.73229706
Anatidae,44.82379719
Anatidae,44.67467232
Anatidae,44.81594851
Anatidae,44.62758025
Anatidae,44.9964681
Anatidae,44.85305673
Anatidae,44.87088926
Anatidae,44.97292206
Anatidae,44.66682364
Anatidae,44.94937603
Anatidae,44.87873793
Anatidae,44.87873793
Anatidae,44.73457226
Anatidae,44.7894613
Anatidae,44.7894613
Anatidae,44.70320709
Anatidae,44.48630406
Anatidae,44.45229127
Anatidae,44.8524796
Anatidae,44.57263951
Anatidae,44.70606703
Anatidae,44.64327761
Anatidae,44.63542893
Anatidae,44.62758025
Anatidae,44.53853995
Anatidae,44.74592221
Anatidae,44.82379719
Anatidae,44.48630406
Anatidae,44.43136332
Anatidae,44.64061519
Anatidae,44.71391571
Anatidae,44.43136332
Anatidae,44.63542893
Anatidae,44.75047081
Anatidae,44.4706067
Anatidae,44.76100777
Anatidae,44.64327761
Anatidae,44.50985009
Anatidae,44.50985009
Anatidae,44.43659761
Anatidae,44.6953658
Anatidae,44.56479083
Anatidae,44.53339612
Anatidae,44.73746174
Anatidae,44.70606703
Anatidae,44.80025116
Anatidae,44.83678594
Anatidae,44.42092057
Anatidae,44.82893911
Anatidae,44.82893911
Anatidae,44.59618554
Anatidae,44.72176438
Anatidae,44.89956058
Anatidae,44.8343539
Anatidae,44.56479083
Anatidae,44.75831764
Anatidae,44.83245704
Anatidae,44.63542893
Anatidae,44.64594128
Anatidae,44.54638124
Anatidae,44.55422254
Anatidae,44.65112629
Anatidae,44.74531042
Anatidae,44.89443529
Anatidae,44.59618554
Anatidae,44.41566596
Anatidae,44.40781728
Anatidae,44.55694216
Anatidae,44.44706067
Anatidae,44.45490935
Anatidae,44.46275803
Anatidae,44.75047081
Anatidae,44.75047081
Anatidae,44.42090395
Anatidae,44.31114248
Anatidae,44.39461883
Anatidae,44.35034894
Anatidae,44.62758025
Anatidae,44.54691259
Anatidae,44.58748724
Anatidae,44.67817896
Anatidae,44.75047081
Anatidae,44.65112629
Anatidae,44.78185813
Anatidae,44.78185813
Anatidae,44.34502786
Anatidae,44.35287654
Anatidae,44.37382298
Anatidae,44.67467232
Anatidae,44.96660305
Anatidae,44.75212859
Anatidae,44.92165752
Anatidae,44.52468797
Anatidae,44.38951664
Anatidae,44.99372254
Anatidae,44.50985009
Anatidae,44.86304058
Anatidae,44.8551919
Anatidae,44.82379719
Anatidae,44.80809984
Anatidae,44.82379719
Anatidae,44.83949455
Anatidae,44.81594851
Anatidae,44.76100777
Anatidae,44.84301413
Anatidae,44.76616447
Anatidae,44.9309479
Anatidae,44.93333333
Anatidae,44.63276836
Anatidae,44.54645323
Anatidae,44.30539158
Anatidae,44.99097827
Anatidae,44.75315909
Anatidae,44.86032643
Anatidae,44.33717919
Anatidae,44.3685739
Anatidae,44.84734322
Anatidae,44.99372254
Anatidae,44.30310169
Anatidae,44.39736347
Anatidae,44.22925524
Anatidae,44.16195857
Anatidae,44.09735987
Anatidae,44.87088926
Anatidae,45.02001413
Anatidae,44.86304058
Anatidae,44.87088926
Anatidae,44.55779644
Anatidae,44.72673097
Anatidae,44.72673097
Anatidae,44.39739669
Anatidae,44.56214689
Anatidae,44.25287356
Anatidae,44.22925524
Anatidae,44.23712801
Anatidae,44.59938549
Anatidae,44.30798299
Anatidae,44.29223744
Anatidae,44.22925524
Anatidae,44.23712801
Anatidae,44.26861912
Anatidae,44.18989136
Anatidae,44.16627303
Anatidae,44.21350968
Anatidae,44.23712801
Anatidae,44.22138246
Anatidae,44.23712801
Anatidae,44.06392694
Anatidae,44.1426547
Anatidae,44.18201858
Anatidae,44.51506591
Anatidae,44.36309243
Anatidae,44.39458353
Anatidae,44.3394741
Anatidae,44.54909348
Anatidae,44.29223744
Anatidae,44.26861912
Anatidae,44.28436467
Anatidae,44.3394741
Anatidae,44.34502786
Anatidae,44.28436467
Anatidae,44.24500079
Anatidae,44.23712801
Anatidae,44.07032415
Anatidae,44.1426547
Anatidae,44.33160132
Anatidae,44.55430006
Anatidae,44.02456306
Anatidae,44.3709652
Anatidae,44.41558442
Anatidae,44.12690915
Anatidae,44.11903637
Anatidae,44.52054795
Anatidae,44.27649189
Anatidae,44.27649189
Anatidae,44.30798299
Anatidae,44.33160132
Anatidae,44.33160132
Anatidae,44.36309243
Anatidae,44.27649189
Anatidae,44.37883798
Anatidae,44.41032908
Anatidae,44.66682364
Anatidae,44.56479083
Anatidae,44.07179972
Anatidae,44.20563691
Anatidae,44.15052748
Anatidae,44.15840025
Anatidae,44.16627303
Anatidae,44.22925524
Anatidae,44.16627303
Anatidae,44.20563691
Anatidae,44.18989136
Anatidae,44.21350968
Anatidae,44.3394741
Anatidae,44.20563691
Anatidae,44.64327761
Anatidae,44.22925524
Anatidae,44.32372855
Anatidae,44.15052748
Anatidae,44.15052748
Anatidae,44.15840025
Anatidae,44.18201858
Anatidae,44.18989136
Anatidae,44.1741458
Anatidae,44.1111636
Anatidae,44.22138246
Anatidae,44.15052748
Anatidae,44.1741458
Anatidae,44.16627303
Anatidae,44.1111636
Anatidae,44.07179972
Anatidae,44.22138246
Anatidae,44.31585577
Anatidae,44.30011022
Anatidae,44.52842072
Anatidae,44.4601381
Anatidae,43.41286715
Anatidae,43.41048654
Anatidae,43.49404245
Anatidae,43.56530792
Anatidae,43.49161351
Anatidae,43.52311206
Anatidae,43.54914934
Anatidae,43.51523742
Anatidae,43.59339183
Anatidae,43.55630685
Anatidae,43.40046605
Anatidae,43.39654025
Anatidae,43.50736278
Anatidae,43.50736278
Anatidae,43.54482323
Anatidae,43.47826087
Anatidae,43.34679015
Anatidae,43.46552679
Anatidae,43.43767603
Anatidae,43.36202615
Anatidae,43.49948815
Anatidae,43.47586424
Anatidae,43.56248524
Anatidae,43.43135688
Anatidae,43.37349398
Anatidae,43.3583753
Anatidae,43.41048654
Anatidae,43.43816505
Anatidae,43.38686821
Anatidae,43.40499252
Anatidae,43.39933993
Anatidae,43.33569796
Anatidae,43.39104378
Anatidae,43.48641814
Anatidae,43.53867159
Anatidae,43.19004881
Anatidae,43.83561644
Anatidae,43.79625256
Anatidae,43.7490159
Anatidae,43.78050701
Anatidae,43.17302377
Anatidae,43.17887233
Anatidae,43.22941269
Anatidae,43.22855117
Anatidae,43.1781442
Anatidae,43.31588963
Anatidae,43.37586641
Anatidae,43.41783148
Anatidae,43.25303102
Anatidae,43.30026767
Anatidae,43.599463
Anatidae,43.54418384
Anatidae,43.42312539
Anatidae,43.44941957
Anatidae,43.49680171
Anatidae,44.01669028
Anatidae,43.83561644
Anatidae,43.83561644
Anatidae,43.95370808
Anatidae,43.95370808
Anatidae,44.30788624
Anatidae,44.30788624
Anatidae,44.01416765
Anatidae,44.01416765
Anatidae,43.94874229
Anatidae,43.82234822
Anatidae,43.82234822
Anatidae,43.82774366
Anatidae,43.82774366
Anatidae,43.81199811
Anatidae,43.81199811
Anatidae,44.69374902
Anatidae,44.08653087
Anatidae,43.81154967
Anatidae,43.94441813
Anatidae,44.02990948
Anatidae,44.02990948
Anatidae,44.10074774
Anatidae,43.69390647
Anatidae,44.38410075
Anatidae,44.38410075
Anatidae,44.06139315
Anatidae,44.29752066
Anatidae,44.29752066
Anatidae,43.77263423
Anatidae,43.77263423
Anatidae,44.12436049
Anatidae,44.12436049
Anatidae,43.90397481
Anatidae,43.90397481
Anatidae,44.42345533
Anatidae,44.42345533
Anatidae,44.15584416
Anatidae,44.14010232
Anatidae,44.16883219
Anatidae,44.15052748
Anatidae,44.15052748
Anatidae,44.26603699
Anatidae,44.15584416
Anatidae,44.10861865
Anatidae,44.15031907
Anatidae,44.21094057
Anatidae,44.52577725
Anatidae,44.58087367
Anatidae,44.23258004
Anatidae,43.73868556
Anatidae,43.87755102
Anatidae,43.72294372
Anatidae,43.77804014
Anatidae,44.28964974
Anatidae,43.78591106
Anatidae,43.77016922
Anatidae,44.22668241
Anatidae,43.83313656
Anatidae,44.28964974
Anatidae,44.89171375
Anatidae,44.08349027
Anatidae,44.02203857
Anatidae,44.02990948
Anatidae,44.05352224
Anatidae,44.0377804
Anatidae,44.0377804
Anatidae,44.0377804
Anatidae,44.02990948
Anatidae,43.91971665
Anatidae,43.91971665
Anatidae,43.88036206
Anatidae,44.47437011
Anatidae,43.94630193
Anatidae,43.88036206
Anatidae,43.86462023
Anatidae,44.02990948
Anatidae,44.32900433
Anatidae,44.09287682
Anatidae,44.32113341
Anatidae,43.8961039
Anatidae,43.83313656
Anatidae,44.24757855
Anatidae,44.20306966
Anatidae,44.32900433
Anatidae,44.32900433
Anatidae,44.33160132
Anatidae,44.25505051
Anatidae,44.26553003
Anatidae,44.25816608
Anatidae,44.28436467
Anatidae,44.27649189
Anatidae,44.25029516
Anatidae,44.26603699
Anatidae,44.26861912
Anatidae,44.25029516
Anatidae,44.26861912
Anatidae,44.26603699
Anatidae,44.06500236
Anatidae,44.06646193
Anatidae,44.0822112
Anatidae,44.05071265
Anatidae,44.05858729
Anatidae,44.02708875
Anatidae,44.10329082
Anatidae,44.05858729
Anatidae,44.06926407
Anatidae,44.04283802
Anatidae,44.197063
Anatidae,44.70606703
Anatidae,44.05776515
Anatidae,44.0850059
Anatidae,44.03609516
Anatidae,44.00629673
Anatidae,44.22229219
Anatidae,44.12690915
Anatidae,44.0659254
Anatidae,45.11792453
Anatidae,44.25029516
Anatidae,44.11648957
Anatidae,44.90637631
Anatidae,44.84146542
Anatidae,44.15584416
Anatidae,44.27649189
Anatidae,43.9955902
Anatidae,44.02708875
Anatidae,44.23137626
Anatidae,44.26711132
Anatidae,44.24485937
Anatidae,43.97129187
Anatidae,44.19998423
Anatidae,44.17670683
Anatidae,44.3019943
Anatidae,43.9433294
Anatidae,44.10861865
Anatidae,44.95448839
Anatidae,44.07967249
Anatidae,44.0850059
Anatidae,44.38228806
Anatidae,44.0850059
Anatidae,44.46193812
Anatidae,44.87088926
Anatidae,44.15584416
Anatidae,44.89956058
Anatidae,44.73746174
Anatidae,44.37883798
Anatidae,44.44269521
Anatidae,43.99842582
Anatidae,43.84887839
Anatidae,44.22138246
Anatidae,44.22138246
Anatidae,44.23712801
Anatidae,44.22138246
Anatidae,44.14010232
Anatidae,44.24500079
Anatidae,44.0850059
Anatidae,44.20495816
Anatidae,44.01669028
Anatidae,43.95907123
Anatidae,44.04565132
Anatidae,44.07713499
Anatidae,44.12436049
Anatidae,44.06139315
Anatidae,44.25084373
Anatidae,44.03243584
Anatidae,43.88036206
Anatidae,44.09387018
Anatidae,44.23425554
Anatidae,44.14797324
Anatidae,44.14797324
Anatidae,43.9433294
Anatidae,43.9433294
Anatidae,44.29752066
Anatidae,43.98519918
Anatidae,44.25029516
Anatidae,44.25029516
Anatidae,43.92361111
Anatidae,43.92361111
Anatidae,44.61973158
Anatidae,44.61973158
Anatidae,44.12690915
Anatidae,44.12690915
Anatidae,44.72693032
Anatidae,44.72693032
Anatidae,44.34474616
Anatidae,44.1322314
Anatidae,44.1322314
Anatidae,44.07713499
Anatidae,44.75047081
Anatidae,44.06139315
Anatidae,44.17945691
Anatidae,44.21881149
Anatidae,44.1111636
Anatidae,44.24242424
Anatidae,44.28177883
Anatidae,44.31889517
Anatidae,44.39736347
Anatidae,44.05605416
Anatidae,44.12690915
Anatidae,44.17945691
Anatidae,44.21881149
Anatidae,44.10861865
Anatidae,44.03243584
Anatidae,44.26603699
Anatidae,44.09541804
Anatidae,44.26603699
Anatidae,44.0850059
Anatidae,43.91971665
Anatidae,44.07713499
Anatidae,44.20770202
Anatidae,44.24715909
Anatidae,44.38131313
Anatidae,44.31585577
Anatidae,44.28661616
Anatidae,44.27083333
Anatidae,44.34474616
Anatidae,44.19776413
Anatidae,44.16035354
Anatidae,44.20770202
Anatidae,44.25816608
Anatidae,44.12690915
Anatidae,44.02456306
Anatidae,44.08754527
Anatidae,44.04818139
Anatidae,44.10861865
Anatidae,44.22925524
Anatidae,44.31818182
Anatidae,44.21350968
Anatidae,44.30539158
Anatidae,44.26294192
Anatidae,44.65438514
Anatidae,44.25287356
Anatidae,44.15584416
Anatidae,44.16824495
Anatidae,44.1426547
Anatidae,43.9458353
Anatidae,44.5992757
Anatidae,44.76977568
Anatidae,44.78551751
Anatidae,44.62289403
Anatidae,44.51769877
Anatidae,44.5412448
Anatidae,44.50480239
Anatidae,44.48905684
Anatidae,44.63863958
Anatidae,44.59140293
Anatidae,44.10511364
Anatidae,44.42338073
Anatidae,44.60392157
Anatidae,44.61271494
Anatidae,44.32900433
Anatidae,44.32900433
Anatidae,44.28964974
Anatidae,44.30539158
Anatidae,44.3132625
Anatidae,44.27390791
Anatidae,44.29752066
Anatidae,44.22668241
Anatidae,44.454939
Anatidae,44.454939
Anatidae,44.44706808
Anatidae,44.39197166
Anatidae,44.27390791
Anatidae,44.28964974
Anatidae,44.26603699
Anatidae,43.59095564
Anatidae,44.25518492
Anatidae,44.15584416
Anatidae,44.15144836
Anatidae,43.91396833
Anatidae,43.98519918
Anatidae,43.98268398
Anatidae,43.99842582
Anatidae,44.0659254
Anatidae,44.1322314
Anatidae,43.99842582
Anatidae,44.12390636
Anatidae,44.11021633
Anatidae,44.12600663
Anatidae,44.10861865
Anatidae,44.00629673
Anatidae,44.08729221
Anatidae,44.04565132
Anatidae,44.07967249
Anatidae,44.26811937
Anatidae,44.21334594
Anatidae,44.26591052
Anatidae,44.25015753
Anatidae,44.26061609
Anatidae,44.20546758
Anatidae,44.21608001
Anatidae,44.2212243
Anatidae,44.22395464
Anatidae,44.23455333
Anatidae,44.09541804
Anatidae,44.26861912
Anatidae,44.17670683
Anatidae,44.0926276
Anatidae,44.09796047
Anatidae,44.0822112
Anatidae,44.00063027
Anatidae,44.06112161
Anatidae,44.1111636
Anatidae,44.09008583
Anatidae,44.07433656
Anatidae,44.09796047
Anatidae,43.9955902
Anatidae,44.06646193
Anatidae,44.09771474
Anatidae,44.28695173
Anatidae,44.34727803
Anatidae,44.34214668
Anatidae,44.35001574
Anatidae,44.22925524
Anatidae,44.44444444
Anatidae,44.34474616
Anatidae,44.23440454
Anatidae,43.85136199
Anatidae,43.95120031
Anatidae,43.87498032
Anatidae,43.92862782
Anatidae,43.74703932
Anatidae,44.1322314
Anatidae,44.15584416
Anatidae,44.14776307
Anatidae,44.0850059
Anatidae,44.14010232
Anatidae,44.12945901
Anatidae,43.99842582
Anatidae,44.25816608
Anatidae,43.85923477
Anatidae,44.21350968
Anatidae,43.9433294
Anatidae,43.92471848
Anatidae,44.09287682
Anatidae,43.97481307
Anatidae,44.02990948
Anatidae,44.48570074
Anatidae,44.10016642
Anatidae,44.12436049
Anatidae,44.02990948
Anatidae,44.06926407
Anatidae,43.86837121
Anatidae,43.88415404
Anatidae,43.93150253
Anatidae,43.95120031
Anatidae,43.95120031
Anatidae,43.97481307
Anatidae,43.96694215
Anatidae,43.96694215
Anatidae,43.96694215
Anatidae,43.83313656
Anatidae,44.4347064
Anatidae,44.32372855
Anatidae,44.32372855
Anatidae,43.86462023
Anatidae,44.10232117
Anatidae,44.08653087
Anatidae,44.16035354
Anatidae,44.16824495
Anatidae,44.16035354
Anatidae,44.0312648
Anatidae,44.0154745
Anatidae,44.43132625
Anatidae,44.29752066
Anatidae,44.29752066
Anatidae,44.32113341
Anatidae,44.18732782
Anatidae,44.25029516
Anatidae,44.23455333
Anatidae,44.24242424
Anatidae,43.78837978
Anatidae,43.78837978
Anatidae,44.07713499
Anatidae,44.30539158
Anatidae,43.93796253
Anatidae,44.3132625
Anatidae,44.05352224
Anatidae,43.99842582
Anatidae,44.10861865
Anatidae,43.98932831
Anatidae,43.9905549
Anatidae,43.9905549
Anatidae,44.07713499
Anatidae,43.9905549
Anatidae,44.06139315
Anatidae,43.58007229
Anatidae,44.04565132
Anatidae,44.14485649
Anatidae,44.07713499
Anatidae,44.04565132
Anatidae,44.14797324
Anatidae,44.06139315
Anatidae,43.87947269
Anatidae,43.95517677
Anatidae,43.83550811
Anatidae,43.82759984
Anatidae,43.77224199
Anatidae,43.76433373
Anatidae,43.73270067
Anatidae,43.77224199
Anatidae,43.85136199
Anatidae,43.88295769
Anatidae,43.93831554
Anatidae,43.94512772
Anatidae,43.93796253
Anatidae,43.81969158
Anatidae,43.90782828
Anatidae,43.87714715
Anatidae,43.95630492
Anatidae,43.79007362
Anatidae,43.8235062
Anatidae,43.80771963
Anatidae,43.80771963
Anatidae,44.13902054
Anatidae,43.89204545
Anatidae,43.82102273
Anatidae,43.74210859
Anatidae,43.74210859
Anatidae,43.70787408
Anatidae,43.70241117
Anatidae,43.89111793
Anatidae,43.89993687
Anatidae,43.86837121
Anatidae,43.94618834
Anatidae,43.97885101
Anatidae,43.84391472
Anatidae,44.56281566
Anatidae,43.92258674
Anatidae,43.83604752
Anatidae,44.00252525
Anatidae,43.90782828
Anatidae,43.88415404
Anatidae,44.02178202
Anatidae,43.74703932
Anatidae,43.74013262
Anatidae,43.90881026
Anatidae,43.75
Anatidae,43.82847666
Anatidae,43.82102273
Anatidae,43.83139948
Anatidae,43.83139948
Anatidae,43.83800032
Anatidae,43.59217172
Anatidae,43.70265152
Anatidae,43.72632576
Anatidae,44.57263951
Anatidae,44.57263951
Anatidae,43.67897727
Anatidae,44.09722222
Anatidae,44.29450758
Anatidae,43.96306818
Anatidae,43.96306818
Anatidae,44.04198232
Anatidae,44.04198232
Anatidae,43.79596679
Anatidae,44.11300505
Anatidae,43.85132463
Anatidae,43.9462238
Anatidae,43.95413207
Anatidae,44.02456306
Anatidae,44.01416765
Anatidae,44.07713499
Anatidae,44.29752066
Anatidae,44.31104834
Anatidae,44.20306966
Anatidae,44.34474616
Anatidae,44.12436049
Anatidae,44.06926407
Anatidae,44.01416765
Anatidae,44.06139315
Anatidae,44.02990948
Anatidae,43.97481307
Anatidae,44.02990948
Anatidae,43.7175248
Anatidae,44.06139315
Anatidae,43.99842582
Anatidae,44.02203857
Anatidae,43.85923477
Anatidae,44.02990948
Anatidae,44.0377804
Anatidae,44.00629673
Anatidae,43.99842582
Anatidae,44.12436049
Anatidae,44.07713499
Anatidae,44.05352224
Anatidae,44.11648957
Anatidae,44.3132625
Anatidae,44.10074774
Anatidae,44.02990948
Anatidae,43.93796253
Anatidae,44.02203857
Anatidae,44.26603699
Anatidae,43.99842582
Anatidae,44.09287682
Anatidae,44.0377804
Anatidae,44.0850059
Anatidae,44.14797324
Anatidae,44.12436049
Anatidae,44.11648957
Anatidae,44.15584416
Anatidae,44.09287682
Anatidae,44.04565132
Anatidae,44.04565132
Anatidae,44.06139315
Anatidae,44.0377804
Anatidae,44.07713499
Anatidae,44.0377804
Anatidae,44.12436049
Anatidae,43.85923477
Anatidae,44.10861865
Anatidae,44.06926407
Anatidae,44.09287682
Anatidae,44.10861865
Anatidae,44.05352224
Anatidae,43.70965202
Anatidae,44.25505051
Anatidae,44.69286891
Anatidae,43.93939394
Anatidae,43.60730594
Anatidae,44.01416765
Anatidae,43.82511069
Anatidae,44.00948992
Anatidae,43.98576512
Anatidae,44.33396465
Anatidae,43.87504943
Anatidae,43.99367339
Anatidae,44.01739818
Anatidae,43.93831554
Anatidae,43.95413207
Anatidae,43.9462238
Anatidae,44.48398577
Anatidae,43.83550811
Anatidae,43.93040728
Anatidae,44.11648957
Anatidae,44.12436049
Anatidae,44.23455333
Anatidae,44.19519874
Anatidae,44.26861912
Anatidae,44.22925524
Anatidae,44.26074634
Anatidae,44.19981061
Anatidae,44.01669028
Anatidae,44.15246212
Anatidae,43.92221697
Anatidae,44.12690915
Anatidae,44.21559343
Anatidae,44.15840025
Anatidae,44.21350968
Anatidae,44.1741458
Anatidae,44.18201858
Anatidae,44.19776413
Anatidae,44.36309243
Anatidae,44.16627303
Anatidae,44.22668241
Anatidae,44.23137626
Anatidae,44.53339612
Anatidae,44.44707181
Anatidae,44.18089817
Anatidae,44.16115833
Anatidae,44.83678594
Anatidae,44.65112629
Anatidae,44.76616447
Anatidae,44.51769877
Anatidae,44.56214689
Anatidae,44.59353421
Anatidae,44.53075957
Anatidae,44.58833687
Anatidae,44.59618554
Anatidae,44.41307928
Anatidae,44.70606703
Anatidae,44.75315909
Anatidae,45.04865035
Anatidae,44.9752883
Anatidae,44.87088926
Anatidae,44.682521
Anatidae,44.94152735
Anatidae,44.83949455
Anatidae,45.09065223
Anatidae,44.88145706
Anatidae,44.7845538
Anatidae,44.65112629
Anatidae,44.66682364
Anatidae,44.67467232
Anatidae,44.77670513
Anatidae,44.70855888
Anatidae,44.84361459
Anatidae,44.71123666
Anatidae,45.12711864
Anatidae,44.99097827
Anatidae,45.07219083
Anatidae,44.88658661
Anatidae,44.80025116
Anatidae,44.76885645
Anatidae,44.80809984
Anatidae,44.7845538
Anatidae,44.76100777
Anatidae,44.69036967
Anatidae,44.81594851
Anatidae,44.93606339
Anatidae,45.03149606
Anatidae,44.83678594
Anatidae,44.75294118
Anatidae,44.6953658
Anatidae,45.02510986
Anatidae,45.04080352
Anatidae,45.04080352
Anatidae,45.05649718
Anatidae,45.04080352
Anatidae,45.04080352
Anatidae,45.04865035
Anatidae,45.05649718
Anatidae,45.06434401
Anatidae,45.05649718
Anatidae,44.7372549
Anatidae,44.7372549
Anatidae,44.76078431
Anatidae,45.01726303
Anatidae,45.16635279
Anatidae,45.43314501
Anatidae,44.69821835
Anatidae,44.52554745
Anatidae,44.82893911
Anatidae,44.86304058
Anatidae,44.75294118
Anatidae,45.08788449
Anatidae,44.92037342
Anatidae,44.95319015
Anatidae,45.0094162
Anatidae,45.04589315
Anatidae,45.06158312
Anatidae,45.03804817
Anatidae,45.04589315
Anatidae,44.94664156
Anatidae,44.8083569
Anatidae,44.62327416
Anatidae,44.74531042
Anatidae,44.46275803
Anatidae,44.2272977
Anatidae,44.54909348
Anatidae,44.60448642
Anatidae,44.60403422
Anatidae,44.65897496
Anatidae,44.3709652
Anatidae,44.49415274
Anatidae,44.36072522
Anatidae,44.47845538
Anatidae,44.42351464
Anatidae,44.65897496
Anatidae,44.86817326
Anatidae,44.72176438
Anatidae,44.57263951
Anatidae,44.67467232
Anatidae,44.64327761
Anatidae,44.71123666
Anatidae,44.72255018
Anatidae,44.73829201
Anatidae,44.60138104
Anatidae,44.48630406
Anatidae,44.65630885
Anatidae,44.73477715
Anatidae,44.62492153
Anatidae,44.74262398
Anatidae,44.40781728
Anatidae,44.39736347
Anatidae,44.74531042
Anatidae,44.48630406
Anatidae,44.71391571
Anatidae,44.70606703
Anatidae,44.3685739
Anatidae,44.65897496
Anatidae,44.65897496
Anatidae,44.71123666
Anatidae,44.59618554
Anatidae,44.62758025
Anatidae,44.58048819
Anatidae,44.37387281
Anatidae,44.35034894
Anatidae,44.77541371
Anatidae,44.80539862
Anatidae,45.07075472
Anatidae,44.79240248
Anatidae,44.80025116
Anatidae,44.60403422
Anatidae,44.83949455
Anatidae,44.55694216
Anatidae,45.23809524
Anatidae,45.16737388
Anatidae,45.34024831
Anatidae,45.23304252
Anatidae,45.23023731
Anatidae,44.97878359
Anatidae,45.15444471
Anatidae,45.11236838
Anatidae,45.19374361
Anatidae,45.2016034
Anatidae,45.10728602
Anatidae,45.18588383
Anatidae,44.90020431
Anatidae,44.88207547
Anatidae,44.85305673
Anatidae,44.95795017
Anatidae,44.95795017
Anatidae,44.92651104
Anatidae,45.04440777
Anatidae,45.2508256
Anatidae,45.03378909
Anatidae,45.28806099
Anatidae,45.18588383
Anatidae,45.31950012
Anatidae,45.03654798
Anatidae,45.24876208
Anatidae,45.34307946
Anatidae,45.35879903
Anatidae,45.52098067
Anatidae,45.35879903
Anatidae,44.84519881
Anatidae,44.87663052
Anatidae,44.78233538
Anatidae,44.91865126
Anatidae,45.06798711
Anatidae,45.06012733
Anatidae,45.06798711
Anatidae,45.48954895
Anatidae,45.48954895
Anatidae,45.17523181
Anatidae,45.16737388
Anatidae,45.16737388
Anatidae,45.16306483
Anatidae,45.15951595
Anatidae,45.17802405
Anatidae,45.16737388
Anatidae,45.16306483
Anatidae,45.16737388
Anatidae,45.16661427
Anatidae,45.16306483
Anatidae,45.16737388
Anatidae,45.16737388
Anatidae,45.16661427
Anatidae,45.16306483
Anatidae,45.16737388
Anatidae,45.16737388
Anatidae,45.16737388
Anatidae,45.16306483
Anatidae,45.16737388
Anatidae,45.15951595
Anatidae,45.17802405
Anatidae,45.55857875
Anatidae,45.56027914
Anatidae,45.55011636
Anatidae,45.58397683
Anatidae,45.57247603
Anatidae,45.55922377
Anatidae,45.5670766
Anatidae,45.57186643
Anatidae,45.54137571
Anatidae,45.17802405
Anatidae,45.22237938
Anatidae,45.21452145
Anatidae,45.13594217
Anatidae,44.98664152
Anatidae,45.06798711
Anatidae,45.06798711
Anatidae,45.00235738
Anatidae,45.01021531
Anatidae,45.01021531
Anatidae,44.79805123
Anatidae,44.60426
Anatidae,44.46278393
Anatidae,44.44706437
Anatidae,44.45492415
Anatidae,44.4785035
Anatidae,44.44706437
Anatidae,44.50208284
Anatidae,44.44706437
Anatidae,44.46278393
Anatidae,44.45492415
Anatidae,44.45492415
Anatidae,44.49422306
Anatidae,44.67499804
Anatidae,44.48636328
Anatidae,44.47064372
Anatidae,44.96580995
Anatidae,45.01807324
Anatidae,45.04950495
Anatidae,45.15165802
Anatidae,45.12808424
Anatidae,45.28806099
Anatidae,44.91079148
Anatidae,45.06798711
Anatidae,45.03654798
Anatidae,45.04440777
Anatidae,45.09156645
Anatidae,45.06798711
Anatidae,44.99724908
Anatidae,45.07584689
Anatidae,44.90020431
Anatidae,44.89234638
Anatidae,44.69857738
Anatidae,44.61997956
Anatidae,45.26166902
Anatidae,44.69857738
Anatidae,44.80258492
Anatidae,44.58068066
Anatidae,45.04440777
Anatidae,45.10728602
Anatidae,44.88721214
Anatidae,45.06798711
Anatidae,44.91079148
Anatidae,44.91865126
Anatidae,44.87149257
Anatidae,45.05226755
Anatidae,45.05226755
Anatidae,44.83219367
Anatidae,44.54924153
Anatidae,44.84791323
Anatidae,44.87149257
Anatidae,44.89507192
Anatidae,44.97366973
Anatidae,44.89507192
Anatidae,44.97366973
Anatidae,45.00510886
Anatidae,44.95009039
Anatidae,44.98938929
Anatidae,44.92651104
Anatidae,45.07307874
Anatidae,44.91079148
Anatidae,45.21732296
Anatidae,45.10728602
Anatidae,45.10728602
Anatidae,44.82948295
Anatidae,44.94223061
Anatidae,45.24876208
Anatidae,45.05442499
Anatidae,45.18588383
Anatidae,45.18588383
Anatidae,45.00786164
Anatidae,45.0286882
Anatidae,45.22518274
Anatidae,45.20946318
Anatidae,45.20946318
Anatidae,45.23809524
Anatidae,44.95795017
Anatidae,45.01296864
Anatidae,44.95009039
Anatidae,45.08093667
Anatidae,44.68285782
Anatidae,44.69857738
Anatidae,44.68285782
Anatidae,44.67499804
Anatidae,44.68285782
Anatidae,44.66713825
Anatidae,44.66713825
Anatidae,44.66713825
Anatidae,44.67499804
Anatidae,45.07584689
Anatidae,44.6907176
Anatidae,44.80861432
Anatidae,44.74304573
Anatidae,44.83734088
Anatidae,44.82948295
Anatidae,44.84519881
Anatidae,44.89507192
Anatidae,44.86363279
Anatidae,45.15444471
Anatidae,45.03654798
Anatidae,44.82433388
Anatidae,45.11723376
Anatidae,45.03654798
Anatidae,44.64875059
Anatidae,44.46278393
Anatidae,44.46278393
Anatidae,44.46278393
Anatidae,45.05226755
Anatidae,44.94223061
Anatidae,44.94223061
Anatidae,44.94223061
Anatidae,44.94223061
Anatidae,45.06366923
Anatidae,45.07584689
Anatidae,45.08370667
Anatidae,45.09156645
Anatidae,44.97366973
Anatidae,44.95009039
Anatidae,45.03654798
Anatidae,45.10728602
Anatidae,45.09156645
Anatidae,45.09156645
Anatidae,45.06437768
Anatidae,45.08879459
Anatidae,44.74573607
Anatidae,44.75606882
Anatidae,45.17523181
Anatidae,45.17523181
Anatidae,44.99449945
Anatidae,45.00235738
Anatidae,44.67499804
Anatidae,45.02082842
Anatidae,44.65927847
Anatidae,45.00235738
Anatidae,44.88721214
Anatidae,44.59277984
Anatidae,44.80075454
Anatidae,44.95009039
Anatidae,45.16230449
Anatidae,44.76639183
Anatidae,44.78209658
Anatidae,44.86715925
Anatidae,45.13872514
Anatidae,45.12300558
Anatidae,45.03654798
Anatidae,45.17802405
Anatidae,45.17802405
Anatidae,45.06798711
Anatidae,45.06012733
Anatidae,45.23023731
Anatidae,45.07584689
Anatidae,45.07584689
Anatidae,45.05226755
Anatidae,45.05226755
Anatidae,45.07584689
Anatidae,45.04440777
Anatidae,45.05226755
Anatidae,45.05226755
Anatidae,45.05226755
Anatidae,45.06012733
Anatidae,45.04440777
Anatidae,45.04440777
Anatidae,45.04440777
Anatidae,45.03654798
Anatidae,45.03654798
Anatidae,45.06012733
Anatidae,45.06012733
Anatidae,45.06012733
Anatidae,45.06012733
Anatidae,45.06798711
Anatidae,45.06798711
Anatidae,45.05226755
Anatidae,45.06012733
Anatidae,45.06012733
Anatidae,45.01296864
Anatidae,45.0286882
Anatidae,45.03654798
Anatidae,45.03654798
Anatidae,45.0286882
Anatidae,45.0286882
Anatidae,45.0286882
Anatidae,45.0286882
Anatidae,45.0286882
Anatidae,45.02082842
Anatidae,45.01296864
Anatidae,45.04440777
Anatidae,45.04440777
Anatidae,45.04440777
Anatidae,45.04440777
Anatidae,45.0286882
Anatidae,45.04440777
Anatidae,45.06012733
Anatidae,45.0286882
Anatidae,45.04440777
Anatidae,45.04440777
Anatidae,45.04440777
Anatidae,45.06798711
Anatidae,45.06012733
Anatidae,45.08370667
Anatidae,44.93437082
Anatidae,44.92651104
Anatidae,45.08370667
Anatidae,45.07584689
Anatidae,45.06798711
Anatidae,45.07584689
Anatidae,45.06012733
Anatidae,45.05226755
Anatidae,45.05226755
Anatidae,45.05226755
Anatidae,45.05226755
Anatidae,45.06012733
Anatidae,45.05226755
Anatidae,45.05226755
Anatidae,45.07584689
Anatidae,44.93437082
Anatidae,44.93437082
Anatidae,44.91079148
Anatidae,44.93437082
Anatidae,44.98152951
Anatidae,44.98152951
Anatidae,44.97366973
Anatidae,44.96580995
Anatidae,45.06012733
Anatidae,44.87421384
Anatidae,45.08093667
Anatidae,45.32453245
Anatidae,44.95795017
Anatidae,45.22518274
Anatidae,45.02082842
Anatidae,44.98938929
Anatidae,45.15444471
Anatidae,45.09665252
Anatidae,45.00510886
Anatidae,44.87149257
Anatidae,45.10451045
Anatidae,45.06012733
Anatidae,45.27234143
Anatidae,44.76931541
Anatidae,45.0286882
Anatidae,45.06012733
Anatidae,45.01650684
Anatidae,45.02082842
Anatidae,45.19298797
Anatidae,44.96306774
Anatidae,45.42095747
Anatidae,44.79289476
Anatidae,44.80075454
Anatidae,45.29162081
Anatidae,44.95009039
Anatidae,45.05226755
Anatidae,45.14658492
Anatidae,45.2016034
Anatidae,45.19729602
Anatidae,45.19374361
Anatidae,45.17016427
Anatidae,45.17802405
Anatidae,45.19374361
Anatidae,45.17802405
Anatidae,45.2016034
Anatidae,44.86877259
Anatidae,45.35879903
Anatidae,45.25662187
Anatidae,45.2016034
Anatidae,45.2016034
Anatidae,45.37451859
Anatidae,45.42167728
Anatidae,45.4138175
Anatidae,45.42167728
Anatidae,45.39380601
Anatidae,45.28806099
Anatidae,45.2409023
Anatidae,45.13872514
Anatidae,45.23304252
Anatidae,45.12300558
Anatidae,45.35879903
Anatidae,45.34307946
Anatidae,45.03654798
Anatidae,45.08370667
Anatidae,45.20946318
Anatidae,45.14658492
Anatidae,45.14658492
Anatidae,45.13872514
Anatidae,45.31164034
Anatidae,45.26166902
Anatidae,45.44525662
Anatidae,45.18081761
Anatidae,45.21732296
Anatidae,45.18436984
Anatidae,45.03654798
Anatidae,45.31950012
Anatidae,45.35093924
Anatidae,45.36665881
Anatidae,45.11236838
Anatidae,45.25662187
Anatidae,45.28020121
Anatidae,45.11236838
Anatidae,45.35596417
Anatidae,45.04440777
Anatidae,45.24595317
Anatidae,45.38739588
Anatidae,44.92218205
Anatidae,45.18588383
Anatidae,44.99449945
Anatidae,45.32871972
Anatidae,44.93437082
Anatidae,45.25662187
Anatidae,45.12300558
Anatidae,45.27738488
Anatidae,45.02082842
Anatidae,45.24876208
Anatidae,45.17802405
Anatidae,45.18588383
Anatidae,45.04164702
Anatidae,45.29592077
Anatidae,45.28020121
Anatidae,45.28806099
Anatidae,45.31164034
Anatidae,45.31164034
Anatidae,45.30378055
Anatidae,45.27234143
Anatidae,45.42167728
Anatidae,45.46097618
Anatidae,45.23304252
Anatidae,45.35450401
Anatidae,45.01807324
Anatidae,45.28524281
Anatidae,45.02593116
Anatidae,45.16737388
Anatidae,45.05226755
Anatidae,44.87149257
Anatidae,44.93437082
Anatidae,44.70643716
Anatidae,45.21732296
Anatidae,45.19374361
Anatidae,45.14658492
Anatidae,45.26448165
Anatidae,45.17016427
Anatidae,45.29592077
Anatidae,45.28020121
Anatidae,45.11236838
Anatidae,45.08370667
Anatidae,45.1151458
Anatidae,45.31164034
Anatidae,45.21732296
Anatidae,45.19880559
Anatidae,45.26952695
Anatidae,44.84791323
Anatidae,45.31164034
Anatidae,45.05736288
Anatidae,45.28020121
Anatidae,45.28020121
Anatidae,45.28806099
Anatidae,45.06798711
Anatidae,45.10728602
Anatidae,45.20946318
Anatidae,45.1151458
Anatidae,45.09156645
Anatidae,45.09156645
Anatidae,45.07584689
Anatidae,45.07584689
Anatidae,45.10728602
Anatidae,45.07584689
Anatidae,45.10728602
Anatidae,45.1151458
Anatidae,45.08370667
Anatidae,45.21301682
Anatidae,45.08370667
Anatidae,44.99407349
Anatidae,45.009431
Anatidae,44.97092566
Anatidae,44.86091466
Anatidae,44.77447745
Anatidae,44.92377809
Anatidae,45.17523181
Anatidae,45.06522081
Anatidae,45.17523181
Anatidae,45.17523181
Anatidae,45.01807324
Anatidae,45.20666352
Anatidae,45.07307874
Anatidae,45.06289308
Anatidae,44.82948295
Anatidae,45.22518274
Anatidae,45.06798711
Anatidae,45.06798711
Anatidae,45.30378055
Anatidae,45.01021531
Anatidae,44.97366973
Anatidae,44.97366973
Anatidae,44.94223061
Anatidae,44.86847271
Anatidae,45.04440777
Anatidae,45.04440777
Anatidae,45.10728602
Anatidae,44.46288831
Anatidae,44.41546123
Anatidae,44.44268775
Anatidae,44.3996522
Anatidae,44.40755671
Anatidae,44.44707928
Anatidae,44.58936052
Anatidae,44.5753598
Anatidae,44.60431655
Anatidae,44.59726504
Anatidae,44.57621758
Anatidae,44.67631017
Anatidae,44.5489762
Anatidae,45.32306241
Anatidae,44.72215672
Anatidae,44.36846656
Anatidae,44.5108055
Anatidae,44.57034939
Anatidae,44.77693999
Anatidae,45.31024531
Anatidae,45.18815304
Anatidae,44.91319035
Anatidae,44.77178097
Anatidae,44.7639249
Anatidae,44.74821274
Anatidae,44.77178097
Anatidae,45.41096967
Anatidae,44.95795017
Anatidae,45.21172127
Anatidae,45.12655243
Anatidae,44.88721214
Anatidae,45.03378909
Anatidae,44.93437082
Anatidae,44.95795017
Anatidae,44.95009039
Anatidae,44.91865126
Anatidae,45.40812318
Anatidae,45.50813487
Anatidae,45.30378055
Anatidae,45.1331605
Anatidae,45.02082842
Anatidae,44.76145563
Anatidae,45.36665881
Anatidae,45.29874214
Anatidae,45.09648845
Anatidae,45.08525183
Anatidae,45.03612944
Anatidae,45.26952695
Anatidae,44.77178097
Anatidae,44.75606882
Anatidae,45.25885773
Anatidae,45.21172127
Anatidae,45.34527457
Anatidae,45.12530442
Anatidae,45.14101658
Anatidae,45.25007864
Anatidae,45.39210989
Anatidae,45.46097618
Anatidae,45.44525662
Anatidae,45.1151458
Anatidae,45.17802405
Anatidae,45.1151458
Anatidae,45.13086536
Anatidae,45.14658492
Anatidae,45.10728602
Anatidae,45.1151458
Anatidae,45.12300558
Anatidae,45.16458481
Anatidae,45.26166902
Anatidae,45.21452145
Anatidae,45.18640868
Anatidae,45.30095867
Anatidae,45.0971141
Anatidae,45.28524281
Anatidae,45.06566014
Anatidae,45.27738488
Anatidae,45.25943396
Anatidae,45.29207999
Anatidae,45.16737388
Anatidae,45.22292994
Anatidae,45.15165802
Anatidae,45.28464861
Anatidae,44.98664152
Anatidae,45.22798742
Anatidae,45.25943396
Anatidae,45.15874892
Anatidae,45.28524281
Anatidae,45.03888758
Anatidae,45.20438365
Anatidae,45.23921939
Anatidae,45.22237938
Anatidae,45.25495751
Anatidae,45.23023731
Anatidae,45.23360076
Anatidae,45.18308974
Anatidae,45.17523181
Anatidae,44.9996072
Anatidae,45.0310315
Anatidae,45.10451045
Anatidae,45.14429504
Anatidae,45.38133586
Anatidae,45.16458481
Anatidae,45.16458481
Anatidae,45.1549473
Anatidae,45.1549473
Anatidae,45.20386519
Anatidae,45.17762481
Anatidae,45.15411503
Anatidae,45.18642181
Anatidae,45.31286895
Anatidae,45.17802405
Anatidae,45.05382258
Anatidae,44.44706437
Anatidae,44.44706437
Anatidae,44.42348503
Anatidae,44.42348503
Anatidae,44.39468929
Anatidae,44.44182575
Anatidae,45.11473859
Anatidae,45.31950012
Anatidae,44.90999135
Anatidae,45.31164034
Anatidae,45.08879459
Anatidae,45.08879459
Anatidae,45.10451045
Anatidae,45.09665252
Anatidae,45.10451045
Anatidae,45.10451045
Anatidae,45.10451045
Anatidae,45.24708845
Anatidae,45.10256003
Anatidae,45.18029696
Anatidae,45.18029696
Anatidae,45.30977658
Anatidae,44.94461466
Anatidae,45.33239038
Anatidae,45.06012733
Anatidae,45.20946318
Anatidae,45.14101658
Anatidae,45.2908805
Anatidae,45.45167653
Anatidae,45.15645937
Anatidae,45.186997
Anatidae,45.23584906
Anatidae,45.35596417
Anatidae,45.31385026
Anatidae,45.20321361
Anatidae,45.11006289
Anatidae,45.1151458
Anatidae,44.91792929
Anatidae,44.94373118
Anatidae,45.24944391
Anatidae,45.25005982
Anatidae,45.17104216
Anatidae,45.03588045
Anatidae,45.01296864
Anatidae,45.12530442
Anatidae,45.10173619
Anatidae,45.07816796
Anatidae,45.06245581
Anatidae,45.10173619
Anatidae,45.21732296
Anatidae,45.21732296
Anatidae,45.23304252
Anatidae,45.23304252
Anatidae,45.10959227
Anatidae,45.08879459
Anatidae,45.1572327
Anatidae,45.23565977
Anatidae,45.00878454
Anatidae,45.15165802
Anatidae,45.16458481
Anatidae,44.93437082
Anatidae,45.17244088
Anatidae,44.93237868
Anatidae,45.07031189
Anatidae,45.10173619
Anatidae,44.91319035
Anatidae,44.92104643
Anatidae,44.99371267
Anatidae,44.98152951
Anatidae,45.21172127
Anatidae,44.96818289
Anatidae,45.04398366
Anatidae,45.16230449
Anatidae,45.1846033
Anatidae,45.1331605
Anatidae,44.98900408
Anatidae,45.12808424
Anatidae,45.24314557
Anatidae,45.20386519
Anatidae,45.07031189
Anatidae,45.1549473
Anatidae,44.99724908
Anatidae,44.98152951
Anatidae,45.26448165
Anatidae,45.25662187
Anatidae,45.25662187
Anatidae,45.23304252
Anatidae,45.18588383
Anatidae,45.12300558
Anatidae,45.12300558
Anatidae,45.35093924
Anatidae,44.98389504
Anatidae,45.07540057
Anatidae,45.05580884
Anatidae,45.07584689
Anatidae,45.06522081
Anatidae,45.08447937
Anatidae,45.05580884
Anatidae,45.4859747
Anatidae,45.01296864
Anatidae,45.24582377
Anatidae,45.13163065
Anatidae,45.18957346
Anatidae,44.90533428
Anatidae,44.87390997
Anatidae,44.87390997
Anatidae,44.86877259
Anatidae,44.88176605
Anatidae,44.88176605
Anatidae,44.88176605
Anatidae,44.88962212
Anatidae,44.90533428
Anatidae,44.8974782
Anatidae,44.88962212
Anatidae,44.90533428
Anatidae,44.88962212
Anatidae,44.88962212
Anatidae,44.88962212
Anatidae,44.90533428
Anatidae,44.8974782
Anatidae,44.88962212
Anatidae,44.88176605
Anatidae,44.79264844
Anatidae,44.89475338
Anatidae,44.89475338
Anatidae,44.90871892
Anatidae,44.89475338
Anatidae,45.07816796
Anatidae,45.17244088
Anatidae,45.17244088
Anatidae,45.16458481
Anatidae,44.99685831
Anatidae,44.91046183
Anatidae,45.19880559
Anatidae,45.06363133
Anatidae,45.02410877
Anatidae,45.03295482
Anatidae,45.01531935
Anatidae,45.08879459
Anatidae,44.81726528
Anatidae,44.79019331
Anatidae,44.79019331
Anatidae,44.79019331
Anatidae,44.78233538
Anatidae,44.78233538
Anatidae,44.78233538
Anatidae,44.79019331
Anatidae,44.77447745
Anatidae,44.78233538
Anatidae,44.80157171
Anatidae,45.04525777
Anatidae,45.02317543
Anatidae,45.34810624
Anatidae,45.14734774
Anatidae,45.13948919
Anatidae,45.0748621
Anatidae,45.21452145
Anatidae,45.24595317
Anatidae,45.26952695
Anatidae,45.27738488
Anatidae,45.55369795
Anatidae,45.54810914
Anatidae,45.17274018
Anatidae,45.23021129
Anatidae,45.23922312
Anatidae,45.23527086
Anatidae,45.21608596
Anatidae,45.19374361
Anatidae,45.21100047
Anatidae,45.22292994
Anatidae,45.09665252
Anatidae,44.30300173
Anatidae,45.26166902
Anatidae,45.26952695
Anatidae,45.09665252
Anatidae,45.07739452
Anatidae,44.64875059
Anatidae,44.53088166
Anatidae,44.57802923
Anatidae,44.52302373
Anatidae,44.54481188
Anatidae,44.64089266
Anatidae,44.66446645
Anatidae,44.68804023
Anatidae,44.6801823
Anatidae,44.5648759
Anatidae,44.43920829
Anatidae,44.59523434
Anatidae,44.55445545
Anatidae,44.57367387
Anatidae,44.5701713
Anatidae,44.56231337
Anatidae,44.51866405
Anatidae,44.59990568
Anatidae,44.55983007
Anatidae,45.20235756
Anatidae,44.78749313
Anatidae,44.57517372
Anatidae,44.57727094
Anatidae,44.52394056
Anatidae,44.58588716
Anatidae,44.53088166
Anatidae,44.56581532
Anatidae,44.49159202
Anatidae,44.58588716
Anatidae,44.59990568
Anatidae,44.55445545
Anatidae,44.5020421
Anatidae,44.56931782
Anatidae,44.53088166
Anatidae,44.56931782
Anatidae,44.58588716
Anatidae,44.53873959
Anatidae,44.60946095
Anatidae,44.58257927
Anatidae,44.5668424
Anatidae,44.58153242
Anatidae,44.55009823
Anatidae,44.60946095
Anatidae,44.47603254
Anatidae,44.52560478
Anatidae,44.74304573
Anatidae,44.68804023
Anatidae,44.68268929
Anatidae,44.51511582
Anatidae,44.27954456
Anatidae,44.29524931
Anatidae,44.29524931
Anatidae,44.29524931
Anatidae,44.28739694
Anatidae,44.27954456
Anatidae,44.29524931
Anatidae,44.2951438
Anatidae,44.34727803
Anatidae,44.32139491
Anatidae,44.30310169
Anatidae,44.31095406
Anatidae,44.31095406
Anatidae,44.31880644
Anatidae,44.29524931
Anatidae,44.29524931
Anatidae,44.29524931
Anatidae,44.29524931
Anatidae,44.33679899
Anatidae,44.31095406
Anatidae,44.31095406
Anatidae,44.31095406
Anatidae,44.31880644
Anatidae,44.28739694
Anatidae,44.32665881
Anatidae,44.31880644
Anatidae,44.29524931
Anatidae,44.29524931
Anatidae,44.33241434
Anatidae,44.30310169
Anatidae,44.24028269
Anatidae,44.24028269
Anatidae,44.24028269
Anatidae,44.64875059
Anatidae,44.64089266
Anatidae,44.64089266
Anatidae,44.64875059
Anatidae,44.84519881
Anatidae,44.78503498
Anatidae,44.88176605
Anatidae,45.03562945
Anatidae,45.08734487
Anatidae,45.03353057
Anatidae,45.07053416
Anatidae,45.05850727
Anatidae,45.02133713
Anatidae,44.77564103
Anatidae,44.79684418
Anatidae,44.5823389
Anatidae,44.96735149
Anatidae,45.02102674
Anatidae,45.22338403
Anatidae,45.08393285
Anatidae,44.94461466
Anatidae,44.9281056
Anatidae,44.86524711
Anatidae,45.06522081
Anatidae,44.87935235
Anatidae,45.05736288
Anatidae,45.12530442
Anatidae,45.08602404
Anatidae,45.07816796
Anatidae,45.10173619
Anatidae,44.97366973
Anatidae,44.92205952
Anatidae,44.88433103
Anatidae,45.24204375
Anatidae,44.99488873
Anatidae,45.01101668
Anatidae,44.96501847
Anatidae,44.96934444
Anatidae,45.05736288
Anatidae,44.86715925
Anatidae,44.69339623
Anatidae,44.88721214
Anatidae,44.94143542
Anatidae,44.89908546
Anatidae,44.63569913
Anatidae,44.68536413
Anatidae,44.63822767
Anatidae,44.65927847
Anatidae,44.63037159
Anatidae,44.62167046
Anatidae,44.95795017
Anatidae,45.05736288
Anatidae,44.7362214
Anatidae,44.94877857
Anatidae,45.04164702
Anatidae,45.01337109
Anatidae,45.10362284
Anatidae,45.08921522
Anatidae,45.07197357
Anatidae,44.97404436
Anatidae,44.94461466
Anatidae,44.94461466
Anatidae,44.84848485
Anatidae,44.85199485
Anatidae,44.88906817
Anatidae,44.92651104
Anatidae,45.00510886
Anatidae,44.96306774
Anatidae,45.35806933
Anatidae,44.39383042
Anatidae,44.97878359
Anatidae,45.08925061
Anatidae,44.7740113
Anatidae,44.76616447
Anatidae,44.86817326
Anatidae,44.81676214
Anatidae,45.07529999
Anatidae,45.15065913
Anatidae,44.75831764
Anatidae,45.04907735
Anatidae,44.98587571
Anatidae,45.11142498
Anatidae,45.16635279
Anatidae,45.00156937
Anatidae,44.99372254
Anatidae,44.89956058
Anatidae,44.86817326
Anatidae,44.88899349
Anatidae,44.95175335
Anatidae,44.93606339
Anatidae,45.0223582
Anatidae,45.04080352
Anatidae,45.28405524
Anatidae,45.00666824
Anatidae,45.03020319
Anatidae,44.9309479
Anatidae,44.89683847
Anatidae,44.81838864
Anatidae,44.80269867
Anatidae,45.2212806
Anatidae,45.0094162
Anatidae,45.00156937
Anatidae,45.01726303
Anatidae,45.01726303
Anatidae,45.08788449
Anatidae,45.06434401
Anatidae,45.17419962
Anatidae,44.9282184
Anatidae,44.98313329
Anatidae,45.169139
Anatidae,44.80809984
Anatidae,44.95801617
Anatidae,44.88498076
Anatidae,45.04589315
Anatidae,44.98587571
Anatidae,44.81054366
Anatidae,44.9752883
Anatidae,45.27620841
Anatidae,45.09573132
Anatidae,45.15850596
Anatidae,44.50721908
Anatidae,44.92310107
Anatidae,44.8524796
Anatidae,45.13496547
Anatidae,44.90740741
Anatidae,44.75831764
Anatidae,45.07219083
Anatidae,45.11142498
Anatidae,44.39211993
Anatidae,45.0094162
Anatidae,45.04080352
Anatidae,44.90740741
Anatidae,45.09573132
Anatidae,44.86032643
Anatidae,44.52302373
Anatidae,44.43659761
Anatidae,44.67200251
Anatidae,44.75315909
Anatidae,44.75398258
Anatidae,44.76183002
Anatidae,44.81243133
Anatidae,44.59353421
Anatidae,44.78185813
Anatidae,44.73477715
Anatidae,44.82109228
Anatidae,44.8524796
Anatidae,44.73477715
Anatidae,45.10357815
Anatidae,45.01726303
Anatidae,45.11142498
Anatidae,45.12711864
Anatidae,44.7845538
Anatidae,44.89956058
Anatidae,44.97018205
Anatidae,44.97802888
Anatidae,45.0094162
Anatidae,44.98587571
Anatidae,44.98587571
Anatidae,44.87602009
Anatidae,44.96233522
Anatidae,44.9309479
Anatidae,45.03295669
Anatidae,45.02510986
Anatidae,45.07219083
Anatidae,44.89171375
Anatidae,44.89171375
Anatidae,44.96233522
Anatidae,44.7740113
Anatidae,44.75047081
Anatidae,44.71123666
Anatidae,44.74262398
Anatidae,44.73477715
Anatidae,44.73477715
Anatidae,45.00156937
Anatidae,45.03295669
Anatidae,45.02510986
Anatidae,45.0094162
Anatidae,44.99372254
Anatidae,45.00156937
Anatidae,45.04865035
Anatidae,44.8524796
Anatidae,44.87602009
Anatidae,45.00156937
Anatidae,45.04080352
Anatidae,44.88386692
Anatidae,44.89171375
Anatidae,44.98587571
Anatidae,45.04865035
Anatidae,45.04080352
Anatidae,45.01726303
Anatidae,44.86817326
Anatidae,44.86032643
Anatidae,44.84463277
Anatidae,44.83678594
Anatidae,44.79755179
Anatidae,45.19774011
Anatidae,45.0094162
Anatidae,45.15065913
Anatidae,45.11142498
Anatidae,45.09573132
Anatidae,44.99372254
Anatidae,44.95722471
Anatidae,44.83087184
Anatidae,45.04080352
Anatidae,44.94664156
Anatidae,45.01726303
Anatidae,45.0094162
Anatidae,45.02510986
Anatidae,45.02510986
Anatidae,45.0094162
Anatidae,45.02510986
Anatidae,44.96233522
Anatidae,44.67984934
Anatidae,44.99372254
Anatidae,45.02564103
Anatidae,44.98664152
Anatidae,44.92616284
Anatidae,44.95775093
Anatidae,44.44706437
Anatidae,44.16627303
Anatidae,44.44710197
Anatidae,44.3885175
Anatidae,44.33702743
Anatidae,44.09237802
Anatidae,44.34460471
Anatidae,43.49775785
Anatidae,44.52087666
Anatidae,44.55710131
Anatidae,44.87663052
Anatidae,44.79019331
Anatidae,44.82948295
Anatidae,44.87663052
Anatidae,44.88721214
Anatidae,44.93437082
Anatidae,44.91865126
Anatidae,44.88721214
Anatidae,44.74573607
Anatidae,44.92651104
Anatidae,44.65141869
Anatidae,44.86363279
Anatidae,44.84791323
Anatidae,44.75711366
Anatidae,44.70198675
Anatidae,44.79641566
Anatidae,44.70995127
Anatidae,44.64973661
Anatidae,44.70375609
Anatidae,44.78503498
Anatidae,44.87392301
Anatidae,44.70995127
Anatidae,44.84791323
Anatidae,44.76953908
Anatidae,44.47064372
Anatidae,44.58068066
Anatidae,44.80075454
Anatidae,44.79125717
Anatidae,44.78069486
Anatidae,44.90664146
Anatidae,44.73001651
Anatidae,44.98938929
Anatidae,44.70643716
Anatidae,44.70643716
Anatidae,44.62783935
Anatidae,44.76931541
Anatidae,44.79289476
Anatidae,44.80861432
Anatidae,44.86363279
Anatidae,45.05226755
Anatidae,44.76931541
Anatidae,44.99724908
Anatidae,44.30278246
Anatidae,44.18145957
Anatidae,44.33925049
Anatidae,44.40518257
Anatidae,44.56804734
Anatidae,44.47071806
Anatidae,44.74161736
Anatidae,44.52071006
Anatidae,44.52071006
Anatidae,44.69588693
Anatidae,44.75806452
Anatidae,44.6049412
Anatidae,44.62594697
Anatidae,44.6049412
Anatidae,44.61283448
Anatidae,44.55492424
Anatidae,44.53668564
Anatidae,44.80100676
Anatidae,44.4260355
Anatidae,44.39971584
Anatidae,44.78281398
Anatidae,44.6049412
Anatidae,44.5286594
Anatidae,44.51984534
Anatidae,44.51546717
Anatidae,44.53648915
Anatidae,44.59960552
Anatidae,44.37080868
Anatidae,44.63905325
Anatidae,44.72583826
Anatidae,44.67850099
Anatidae,44.6469428
Anatidae,44.41376045
Anatidae,44.6175876
Anatidae,44.45234708
Anatidae,44.29191321
Anatidae,44.29191321
Anatidae,44.37080868
Anatidae,44.38658777
Anatidae,44.6469428
Anatidae,44.4760101
Anatidae,44.47337278
Anatidae,44.6935725
Anatidae,44.46548323
Anatidae,44.44970414
Anatidae,43.82642998
Anatidae,44.47443633
Anatidae,44.45233586
Anatidae,44.48915187
Anatidae,44.38658777
Anatidae,44.33925049
Anatidae,44.55492424
Anatidae,44.57336806
Anatidae,44.67061144
Anatidae,44.59960552
Anatidae,44.43124208
Anatidae,44.42866162
Anatidae,44.23926768
Anatidae,44.11045365
Anatidae,44.19723866
Anatidae,44.19723866
Anatidae,44.59523434
Anatidae,44.40587029
Anatidae,44.49704142
Anatidae,44.37869822
Anatidae,44.48915187
Anatidae,44.41025641
Anatidae,44.4215694
Anatidae,44.38658777
Anatidae,44.39422772
Anatidae,44.52859961
Anatidae,44.50493097
Anatidae,44.59629412
Anatidae,44.74102586
Anatidae,44.15625746
Anatidae,44.03429388
Anatidae,44.67850099
Anatidae,44.71005917
Anatidae,44.66272189
Anatidae,44.60749507
Anatidae,44.59171598
Anatidae,44.52087287
Anatidae,44.46031746
Anatidae,44.36990896
Anatidae,44.39936356
Anatidae,44.37065149
Anatidae,44.3378119
Anatidae,44.09492274
Anatidae,44.15799432
Anatidae,44.17376222
Anatidae,44.19741406
Anatidae,44.19741406
Anatidae,44.20529801
Anatidae,44.23393027
Anatidae,44.43130764
Anatidae,44.19863497
Anatidae,44.32884055
Anatidae,44.47071806
Anatidae,44.42342555
Anatidae,44.10280669
Anatidae,44.07915484
Anatidae,44.38662882
Anatidae,44.38662882
Anatidae,44.38662882
Anatidae,44.38662882
Anatidae,44.39451277
Anatidae,44.37874488
Anatidae,44.38662882
Anatidae,44.38662882
Anatidae,44.39189722
Anatidae,44.39189722
Anatidae,44.44707181
Anatidae,44.06779661
Anatidae,44.08349027
Anatidae,44.06779661
Anatidae,44.23425554
Anatidae,44.38401513
Anatidae,44.48648223
Anatidae,44.54867954
Anatidae,44.49704142
Anatidae,44.54696002
Anatidae,44.5575815
Anatidae,44.16725504
Anatidae,44.47071806
Anatidae,44.47071806
Anatidae,44.47071806
Anatidae,44.47071806
Anatidae,44.48648223
Anatidae,44.39736347
Anatidae,44.4182945
Anatidae,44.24272987
Anatidae,44.26048565
Anatidae,44.49830788
Anatidae,44.2683696
Anatidae,44.37564499
Anatidae,44.41025641
Anatidae,44.31558185
Anatidae,44.29191321
Anatidae,44.59523434
Anatidae,44.59171598
Anatidae,44.60737938
Anatidae,44.36297698
Anatidae,44.35509303
Anatidae,44.34720908
Anatidae,44.35509303
Anatidae,44.35509303
Anatidae,44.35509303
Anatidae,44.35509303
Anatidae,44.52081852
Anatidae,44.41025641
Anatidae,44.61526332
Anatidae,44.5443787
Anatidae,44.38570189
Anatidae,44.05522682
Anatidae,44.41028067
Anatidae,44.14952097
Anatidae,44.21468035
Anatidae,44.55219174
Anatidae,44.57327654
Anatidae,44.45767826
Anatidae,44.41634395
Anatidae,44.42165062
Anatidae,44.56015779
Anatidae,44.56040481
Anatidae,44.61671651
Anatidae,44.66477809
Anatidae,44.54020716
Anatidae,44.77811933
Anatidae,44.0540753
Anatidae,43.94403836
Anatidae,43.88901989
Anatidae,43.88901989
Anatidae,43.88901989
Anatidae,43.89687967
Anatidae,43.76326338
Anatidae,43.73182426
Anatidae,43.66108622
Anatidae,44.0540753
Anatidae,44.1301273
Anatidae,43.66451816
Anatidae,44.76145563
Anatidae,44.76931541
Anatidae,44.75359585
Anatidae,44.87149257
Anatidae,44.48636328
Anatidae,44.23485027
Anatidae,44.56496109
Anatidae,44.87108728
Anatidae,44.84791323
Anatidae,44.93471763
Anatidae,44.76931541
Anatidae,44.67499804
Anatidae,44.61997956
Anatidae,44.71429694
Anatidae,44.65927847
Anatidae,44.40776546
Anatidae,44.66713825
Anatidae,44.54138175
Anatidae,44.91079148
Anatidae,44.78503498
Anatidae,44.84791323
Anatidae,44.82433388
Anatidae,44.61211978
Anatidae,44.60341168
Anatidae,44.58854044
Anatidae,44.78503498
Anatidae,45.02082842
Anatidae,45.06012733
Anatidae,44.77447745
Anatidae,44.82948295
Anatidae,44.80590916
Anatidae,44.66713825
Anatidae,44.74573607
Anatidae,44.67499804
Anatidae,44.67499804
Anatidae,44.67499804
Anatidae,44.48636328
Anatidae,44.24271005
Anatidae,44.65141869
Anatidae,44.15625246
Anatidae,44.21127093
Anatidae,44.1798318
Anatidae,44.22260651
Anatidae,44.22517494
Anatidae,44.2662894
Anatidae,44.43134481
Anatidae,44.40776546
Laridae,45.25100165
Laridae,45.06754634
Laridae,45.06754634
Laridae,45.12252592
Laridae,45.20352297
Laridae,44.90533428
Laridae,44.77424421
Laridae,45.05459973
Laridae,45.06245581
Laridae,44.73870334
Laridae,44.94461466
Laridae,44.77424421
Laridae,44.96818289
Laridae,44.93949395
Laridae,44.72815839
Laridae,44.86091466
Laridae,44.92070969
Laridae,44.92856021
Laridae,44.91285916
Laridae,44.9835139
Laridae,44.66164233
Laridae,44.6537918
Laridae,44.79240248
Laridae,44.328594
Laridae,44.8029518
Laridae,44.88145706
Laridae,44.72176438
Laridae,44.73229706
Laridae,44.55173497
Laridae,44.58313707
Laridae,44.70874549
Laridae,44.57443467
Laridae,44.76100777
Laridae,44.75047081
Laridae,45.18483636
Laridae,44.38691457
Laridae,44.99921495
Laridae,44.43397708
Laridae,43.91621558
Laridae,44.23499577
Laridae,44.16450828
Laridae,44.71391571
Laridae,44.80539862
Laridae,44.85642158
Laridae,44.87543362
Laridae,44.84361459
Laridae,44.90491284
Laridae,44.59353421
Laridae,44.08602151
Laridae,44.07032415
Laridae,44.06247547
Laridae,44.0546268
Laridae,44.20375167
Laridae,44.39996861
Laridae,44.73312402
Laridae,44.41305712
Laridae,44.25869241
Laridae,44.33717919
Laridae,44.3685739
Laridae,44.31363315
Laridae,43.99968605
Laridae,44.07817283
Laridae,44.18805431
Laridae,44.16450828
Laridae,44.06247547
Laridae,44.10171886
Laridae,44.14881093
Laridae,44.43921199
Laridae,44.4706067
Laridae,44.36072522
Laridae,44.31363315
Laridae,44.40781728
Laridae,44.42351464
Laridae,44.19863497
Laridae,44.54909348
Laridae,44.67168155
Laridae,44.58833687
Laridae,44.58833687
Laridae,44.58833687
Laridae,44.24743893
Laridae,44.46798493
Laridae,44.51843044
Laridae,44.55086929
Laridae,44.35028249
Laridae,44.3892829
Laridae,44.38166981
Laridae,44.38951664
Laridae,44.41305712
Laridae,44.42090395
Laridae,44.39736347
Laridae,44.43659761
Laridae,44.41305712
Laridae,44.38166981
Laridae,44.38951664
Laridae,44.64061519
Laridae,44.43659761
Laridae,44.43659761
Laridae,44.43659761
Laridae,44.39736347
Laridae,44.56999372
Laridae,44.26396736
Laridae,44.47583176
Laridae,44.49937225
Laridae,44.10956754
Laridae,44.10956754
Laridae,44.81324545
Laridae,44.83678594
Laridae,44.2979358
Laridae,44.28223844
Laridae,44.34502786
Laridae,44.33717919
Laridae,44.33717919
Laridae,44.32148183
Laridae,44.34502786
Laridae,44.57784055
Laridae,44.64061519
Laridae,44.67200251
Laridae,44.65630885
Laridae,44.695543
Laridae,44.65630885
Laridae,44.67200251
Laridae,44.68769617
Laridae,44.52291274
Laridae,44.14096225
Laridae,44.33717919
Laridae,44.31363315
Laridae,44.32933051
Laridae,44.64594128
Laridae,44.5039792
Laridae,44.47333176
Laridae,44.77670513
Laridae,44.56308393
Laridae,44.20978252
Laridae,44.25688938
Laridae,44.60584171
Laridae,44.58493678
Laridae,44.54738164
Laridae,44.61635121
Laridae,44.60668865
Laridae,44.60233964
Laridae,44.60668865
Laridae,44.24299506
Laridae,44.69036967
Laridae,44.52554745
Laridae,44.25341498
Laridae,44.65897496
Laridae,44.67467232
Laridae,44.69821835
Laridae,44.72176438
Laridae,44.43136332
Laridae,44.43136332
Laridae,44.43921199
Laridae,44.46275803
Laridae,44.43921199
Laridae,44.45490935
Laridae,44.43136332
Laridae,44.43921199
Laridae,44.42351464
Laridae,44.4706067
Laridae,44.4706067
Laridae,44.45490935
Laridae,44.42351464
Laridae,44.42351464
Laridae,44.43136332
Laridae,44.48362326
Laridae,44.34502786
Laridae,44.39996861
Laridae,44.43136332
Laridae,44.38427125
Laridae,44.37642257
Laridae,44.39996861
Laridae,44.40781728
Laridae,44.24299506
Laridae,44.24299506
Laridae,44.45490935
Laridae,44.10171886
Laridae,44.14096225
Laridae,44.14096225
Laridae,44.13311357
Laridae,44.14096225
Laridae,44.14096225
Laridae,44.16450828
Laridae,44.17490972
Laridae,44.18805431
Laridae,44.17235696
Laridae,44.16450828
Laridae,44.18020564
Laridae,44.16450828
Laridae,44.16450828
Laridae,44.1566596
Laridae,44.17235696
Laridae,44.18020564
Laridae,44.18805431
Laridae,44.04145078
Laridae,44.23514638
Laridae,44.43136332
Laridae,44.58833687
Laridae,44.52904239
Laridae,44.56479083
Laridae,44.41566596
Laridae,44.57263951
Laridae,44.51769877
Laridae,44.43921199
Laridae,44.48630406
Laridae,44.43921199
Laridae,44.44706067
Laridae,44.44706067
Laridae,44.44706067
Laridae,44.44706067
Laridae,44.46275803
Laridae,44.44706067
Laridae,44.45490935
Laridae,44.44706067
Laridae,44.57263951
Laridae,44.4706067
Laridae,44.44706067
Laridae,44.682521
Laridae,44.43921199
Laridae,44.42351464
Laridae,44.43136332
Laridae,44.41566596
Laridae,44.42351464
Laridae,44.42351464
Laridae,44.12780656
Laridae,44.37902339
Laridae,44.21416235
Laridae,44.30051813
Laridae,44.15920867
Laridae,44.18276024
Laridae,44.18276024
Laridae,44.19061077
Laridae,44.18276024
Laridae,44.17490972
Laridae,44.17490972
Laridae,44.13565709
Laridae,44.82379719
Laridae,44.35287654
Laridae,44.36072522
Laridae,44.33717919
Laridae,44.50200141
Laridae,44.12780656
Laridae,44.12780656
Laridae,44.12780656
Laridae,44.12780656
Laridae,44.11995604
Laridae,44.55694216
Laridae,44.80809984
Laridae,44.51769877
Laridae,44.58048819
Laridae,44.25341498
Laridae,44.25341498
Laridae,44.25341498
Laridae,44.23771393
Laridae,44.28481708
Laridae,44.29266761
Laridae,44.25341498
Laridae,44.90228397
Laridae,45.02786281
Laridae,45.02786281
Laridae,44.97645212
Laridae,44.30836866
Laridae,44.43397708
Laridae,44.44967813
Laridae,44.44967813
Laridae,44.4418276
Laridae,44.44967813
Laridae,44.45752865
Laridae,44.46537918
Laridae,44.45752865
Laridae,44.38687392
Laridae,44.45752865
Laridae,44.4418276
Laridae,44.44967813
Laridae,44.40257497
Laridae,44.80025116
Laridae,44.80025116
Laridae,44.71391571
Laridae,44.72176438
Laridae,44.73746174
Laridae,44.69036967
Laridae,44.71391571
Laridae,44.73746174
Laridae,44.71391571
Laridae,44.71908349
Laridae,44.69036967
Laridae,44.69821835
Laridae,44.77131874
Laridae,44.81865285
Laridae,44.77670513
Laridae,44.76885645
Laridae,44.77670513
Laridae,44.76100777
Laridae,44.21416235
Laridae,44.2298634
Laridae,44.25341498
Laridae,44.25341498
Laridae,44.2612655
Laridae,44.25341498
Laridae,44.25341498
Laridae,44.25341498
Laridae,44.26911603
Laridae,44.24556445
Laridae,44.21416235
Laridae,44.18276024
Laridae,44.2298634
Laridae,44.08070341
Laridae,44.16705919
Laridae,44.24556445
Laridae,44.2298634
Laridae,44.24556445
Laridae,44.23771393
Laridae,44.22201287
Laridae,44.24556445
Laridae,44.24556445
Laridae,44.2612655
Laridae,44.24556445
Laridae,44.25341498
Laridae,44.23771393
Laridae,44.25341498
Laridae,44.25341498
Laridae,44.24556445
Laridae,44.24556445
Laridae,44.24556445
Laridae,44.25341498
Laridae,44.27696656
Laridae,44.26911603
Laridae,44.27696656
Laridae,44.27696656
Laridae,44.27696656
Laridae,44.27696656
Laridae,44.26911603
Laridae,44.2612655
Laridae,44.26911603
Laridae,44.26911603
Laridae,44.27696656
Laridae,44.26911603
Laridae,44.26911603
Laridae,44.27696656
Laridae,44.27696656
Laridae,44.2612655
Laridae,44.26911603
Laridae,44.27696656
Laridae,44.27696656
Laridae,44.27696656
Laridae,44.26911603
Laridae,44.26911603
Laridae,44.27696656
Laridae,44.22201287
Laridae,44.2612655
Laridae,44.25341498
Laridae,44.24556445
Laridae,44.25341498
Laridae,44.24556445
Laridae,44.25341498
Laridae,44.25341498
Laridae,44.27696656
Laridae,44.2612655
Laridae,44.24556445
Laridae,44.24556445
Laridae,44.25341498
Laridae,44.25341498
Laridae,44.2298634
Laridae,44.2612655
Laridae,44.2298634
Laridae,44.22201287
Laridae,44.28481708
Laridae,44.26911603
Laridae,44.29266761
Laridae,44.29266761
Laridae,44.25341498
Laridae,44.29266761
Laridae,44.29266761
Laridae,44.22201287
Laridae,44.2298634
Laridae,44.23771393
Laridae,44.20631182
Laridae,44.23771393
Laridae,44.1984613
Laridae,44.21416235
Laridae,44.22201287
Laridae,44.23771393
Laridae,44.2612655
Laridae,44.2298634
Laridae,44.23771393
Laridae,44.22201287
Laridae,44.22201287
Laridae,44.23771393
Laridae,44.23771393
Laridae,44.22201287
Laridae,44.21416235
Laridae,44.2298634
Laridae,44.2298634
Laridae,44.2298634
Laridae,44.2298634
Laridae,44.2298634
Laridae,44.2298634
Laridae,44.2298634
Laridae,44.2298634
Laridae,44.25341498
Laridae,44.2298634
Laridae,44.2298634
Laridae,44.2298634
Laridae,44.2298634
Laridae,44.24556445
Laridae,44.2298634
Laridae,44.2298634
Laridae,44.2298634
Laridae,44.25341498
Laridae,44.25341498
Laridae,44.2298634
Laridae,44.25341498
Laridae,44.2612655
Laridae,44.26911603
Laridae,44.25341498
Laridae,44.2612655
Laridae,44.2612655
Laridae,44.2612655
Laridae,44.24556445
Laridae,44.2612655
Laridae,44.25341498
Laridae,44.21416235
Laridae,44.20631182
Laridae,44.21416235
Laridae,44.19061077
Laridae,44.13565709
Laridae,44.16705919
Laridae,44.14350762
Laridae,44.59971577
Laridae,44.53339612
Laridae,44.48651207
Laridae,43.83981154
Laridae,43.8373371
Laridae,43.8373371
Laridae,43.81378552
Laridae,43.97079604
Laridae,43.97864657
Laridae,44.01004867
Laridae,43.9864971
Laridae,43.97079604
Laridae,43.96294552
Laridae,43.95509499
Laridae,44.04145078
Laridae,43.90014131
Laridae,43.93939394
Laridae,44.0493013
Laridae,44.04145078
Laridae,44.03360025
Laridae,44.06500236
Laridae,44.07285288
Laridae,44.08855393
Laridae,44.08070341
Laridae,44.04145078
Laridae,44.06500236
Laridae,44.00219815
Laridae,44.27696656
Laridae,44.22201287
Laridae,44.01004867
Laridae,44.10425499
Laridae,44.2298634
Laridae,44.22201287
Laridae,43.97079604
Laridae,43.93154341
Laridae,43.93939394
Laridae,43.96294552
Laridae,43.95509499
Laridae,43.94724447
Laridae,43.95509499
Laridae,43.94724447
Laridae,43.95509499
Laridae,43.94724447
Laridae,44.01004867
Laridae,43.90799184
Laridae,44.0178992
Laridae,43.97864657
Laridae,43.97864657
Laridae,43.99434762
Laridae,43.99434762
Laridae,44.01004867
Laridae,44.01004867
Laridae,44.00219815
Laridae,44.01004867
Laridae,43.97864657
Laridae,44.01004867
Laridae,43.9864971
Laridae,44.0178992
Laridae,43.9864971
Laridae,44.01004867
Laridae,44.0178992
Laridae,44.0178992
Laridae,43.97864657
Laridae,44.0178992
Laridae,44.00219815
Laridae,44.00219815
Laridae,44.0178992
Laridae,43.97864657
Laridae,43.96294552
Laridae,44.0178992
Laridae,43.99434762
Laridae,43.96294552
Laridae,44.02574973
Laridae,43.97864657
Laridae,43.9864971
Laridae,43.9864971
Laridae,44.02574973
Laridae,44.03360025
Laridae,44.08855393
Laridae,44.44967813
Laridae,44.4418276
Laridae,44.40954774
Laridae,44.40257497
Laridae,44.37117287
Laridae,44.51248234
Laridae,44.16705919
Laridae,44.62284397
Laridae,44.70874549
Laridae,44.60668865
Laridae,44.60668865
Laridae,44.84283683
Laridae,44.61453917
Laridae,44.6223897
Laridae,44.31621919
Laridae,44.18108557
Laridae,44.23771393
Laridae,44.27696656
Laridae,44.54388444
Laridae,44.17490972
Laridae,44.15920867
Laridae,44.1984613
Laridae,44.28481708
Laridae,44.30836866
Laridae,44.30836866
Laridae,44.31621919
Laridae,44.31621919
Laridae,44.33192024
Laridae,44.31621919
Laridae,44.25341498
Laridae,44.2612655
Laridae,44.27696656
Laridae,44.27696656
Laridae,44.26911603
Laridae,44.26911603
Laridae,44.30051813
Laridae,44.29266761
Laridae,44.32406971
Laridae,44.4104255
Laridae,44.48108023
Laridae,44.47322971
Laridae,44.48108023
Laridae,44.48893076
Laridae,44.48108023
Laridae,44.47322971
Laridae,44.49678128
Laridae,44.47322971
Laridae,44.48108023
Laridae,44.44967813
Laridae,44.44967813
Laridae,44.45752865
Laridae,44.46537918
Laridae,44.4418276
Laridae,44.42612655
Laridae,44.42612655
Laridae,44.41827602
Laridae,44.48108023
Laridae,44.47322971
Laridae,44.48108023
Laridae,44.48108023
Laridae,44.46537918
Laridae,44.4418276
Laridae,44.44967813
Laridae,44.55173497
Laridae,44.48893076
Laridae,44.48893076
Laridae,44.48893076
Laridae,44.48893076
Laridae,44.48108023
Laridae,44.47322971
Laridae,44.50463181
Laridae,44.4104255
Laridae,44.49678128
Laridae,44.6223897
Laridae,44.64594128
Laridae,44.63809075
Laridae,44.40257497
Laridae,44.39472445
Laridae,44.4104255
Laridae,44.39472445
Laridae,44.40257497
Laridae,44.4104255
Laridae,44.41827602
Laridae,44.41827602
Laridae,44.41827602
Laridae,44.36332234
Laridae,44.36940474
Laridae,44.48108023
Laridae,44.39472445
Laridae,44.39472445
Laridae,44.40257497
Laridae,44.40257497
Laridae,44.40257497
Laridae,44.40257497
Laridae,44.39472445
Laridae,44.39472445
Laridae,44.40257497
Laridae,44.42612655
Laridae,44.40257497
Laridae,44.40257497
Laridae,44.40257497
Laridae,44.40257497
Laridae,44.40257497
Laridae,44.41827602
Laridae,44.4104255
Laridae,44.40257497
Laridae,44.40257497
Laridae,44.39472445
Laridae,44.40257497
Laridae,44.40257497
Laridae,44.40257497
Laridae,44.40257497
Laridae,44.40257497
Laridae,44.40257497
Laridae,44.46537918
Laridae,44.33192024
Laridae,44.34762129
Laridae,44.33192024
Laridae,44.34762129
Laridae,44.34762129
Laridae,44.33192024
Laridae,44.35547182
Laridae,44.33192024
Laridae,44.33977076
Laridae,44.33977076
Laridae,44.33977076
Laridae,44.32406971
Laridae,44.36332234
Laridae,44.34762129
Laridae,44.35547182
Laridae,44.33977076
Laridae,44.36332234
Laridae,44.66949286
Laridae,44.63809075
Laridae,44.66164233
Laridae,44.66164233
Laridae,44.24556445
Laridae,44.05715183
Laridae,44.31621919
Laridae,43.89229078
Laridae,44.74799812
Laridae,44.74014759
Laridae,44.75584864
Laridae,44.75584864
Laridae,44.75584864
Laridae,44.2298634
Laridae,44.13565709
Laridae,44.30051813
Laridae,44.37117287
Laridae,44.30549001
Laridae,44.44793466
Laridae,44.38162544
Laridae,44.06926407
Laridae,44.15135814
Laridae,44.17490972
Laridae,44.12780656
Laridae,43.97079604
Laridae,44.03360025
Laridae,43.82163605
Laridae,43.90799184
Laridae,43.94724447
Laridae,43.93939394
Laridae,43.8373371
Laridae,43.88444026
Laridae,44.04145078
Laridae,43.8373371
Laridae,43.805935
Laridae,44.46537918
Laridae,44.24903824
Laridae,44.90228397
Laridae,44.93367868
Laridae,44.93367868
Laridae,44.93367868
Laridae,44.93367868
Laridae,44.91798132
Laridae,44.98077074
Laridae,44.98077074
Laridae,44.98861942
Laridae,44.98861942
Laridae,44.88658661
Laridae,44.95448839
Laridae,45.04865035
Laridae,45.04080352
Laridae,44.87873793
Laridae,45.06986968
Laridae,44.97329563
Laridae,44.97329563
Laridae,44.98114986
Laridae,44.86333648
Laridae,44.52560478
Laridae,44.54916745
Laridae,44.50989632
Laridae,44.51775055
Laridae,44.7639249
Laridae,44.44182575
Laridae,44.4706252
Laridae,44.51775055
Laridae,44.77178097
Laridae,44.54131323
Laridae,44.77424421
Laridae,44.79510127
Laridae,44.63290145
Laridae,44.79755179
Laridae,45.13588027
Laridae,44.81324545
Laridae,44.81324545
Laridae,44.80539862
Laridae,45.01726303
Laridae,44.99882325
Laridae,44.99882325
Laridae,45.04433807
Laridae,43.71172869
Laridae,45.13267389
Laridae,44.98587571
Laridae,45.03061705
Laridae,45.05416863
Laridae,45.05416863
Laridae,45.06986968
Laridae,45.03846758
Laridae,45.06986968
Laridae,45.06201916
Laridae,45.0463181
Laridae,45.05416863
Laridae,45.06986968
Laridae,45.05416863
Laridae,45.05416863
Laridae,45.03846758
Laridae,44.79510127
Laridae,45.17116834
Laridae,45.14837494
Laridae,44.65211245
Laridae,44.97840597
Laridae,44.74283471
Laridae,44.92343934
Laridae,44.63024023
Laridae,44.64089266
Laridae,44.67216333
Laridae,44.38650549
Laridae,44.43386495
Laridae,44.39440626
Laridae,44.28294574
Laridae,44.43390259
Laridae,44.43653055
Laridae,44.47864867
Laridae,44.4628621
Laridae,44.4628621
Laridae,44.37065149
Laridae,44.19671094
Laridae,44.39182256
Laridae,44.37603599
Laridae,44.32078301
Laridae,44.78103908
Laridae,44.78700871
Laridae,44.88542405
Laridae,44.73312402
Laridae,44.98346196
Laridae,44.98343587
Laridae,44.83789739
Laridae,45.05823104
Laridae,44.98779496
Laridae,44.79855209
Laridae,44.75133774
Laridae,44.78281398
Laridae,44.83467806
Laridae,44.93232609
Laridae,44.94806421
Laridae,44.80642115
Laridae,44.93232609
Laridae,44.89273135
Laridae,44.962747
Laridae,44.75133774
Laridae,44.76707586
Laridae,44.78551751
Laridae,44.79773335
Laridae,44.79420792
Laridae,44.92310107
Laridae,44.97802888
Laridae,45.02001413
Laridae,44.75831764
Laridae,44.74179878
Laridae,44.79240248
Laridae,44.77237049
Laridae,44.77237049
Laridae,44.74882261
Laridae,45.02864318
Laridae,45.0094162
Laridae,45.05218551
Laridae,44.98861942
Laridae,44.94664156
Laridae,45.01216545
Laridae,45.04080352
Laridae,45.10357815
Laridae,44.86937362
Laridae,44.90871892
Laridae,44.86937362
Laridae,44.83789739
Laridae,44.86937362
Laridae,44.81429021
Laridae,44.99686324
Laridae,44.90660807
Laridae,45.03020319
Laridae,44.73993881
Laridae,44.72424884
Laridae,44.73209383
Laridae,44.72424884
Laridae,44.70855888
Laridae,44.71640386
Laridae,44.73209383
Laridae,44.74778379
Laridae,44.79485369
Laridae,44.78700871
Laridae,44.81054366
Laridae,44.10838059
Laridae,44.02961563
Laridae,44.06899811
Laridae,44.0847511
Laridae,44.10838059
Laridae,44.0847511
Laridae,44.1005041
Laridae,44.0926276
Laridae,44.07687461
Laridae,44.0926276
Laridae,44.1005041
Laridae,44.0926276
Laridae,44.0926276
Laridae,44.0926276
Laridae,44.52205305
Laridae,44.74531042
Laridae,44.73621579
Laridae,44.88658661
Laridae,44.56479083
Laridae,44.55694216
Laridae,44.4601381
Laridae,44.59618554
Laridae,44.49937225
Laridae,44.56999372
Laridae,44.65881237
Laridae,44.96233522
Laridae,44.52640665
Laridae,44.52291274
Laridae,44.69821835
Laridae,44.56999372
Laridae,44.91798132
Laridae,44.9964681
Laridae,44.41566596
Laridae,44.59353421
Laridae,44.5386064
Laridae,44.5386064
Laridae,44.56999372
Laridae,45.02510986
Laridae,45.10357815
Laridae,44.69036967
Laridae,45.2409023
Laridae,45.25231882
Laridae,45.26448165
Laridae,45.25662187
Laridae,45.28020121
Laridae,45.05226755
Laridae,45.05226755
Laridae,44.93437082
Laridae,44.57282088
Laridae,44.56496109
Laridae,44.42085397
Laridae,44.42871746
Laridae,44.28717465
Laridae,44.82433388
Laridae,44.75068708
Laridae,44.74283471
Laridae,44.79019331
Phasianidae,44.47585395
Phasianidae,44.63624182
Phasianidae,44.65988807
Phasianidae,44.62047765
Phasianidae,44.60822954
Phasianidae,44.5229682
Phasianidae,44.53082057
Phasianidae,45.1460886
Phasianidae,44.79264844
Phasianidae,45.13038014
Phasianidae,45.13038014
Phasianidae,45.12884978
Phasianidae,45.28242596
Phasianidae,45.25885773
Phasianidae,45.30599419
Phasianidae,45.25885773
Phasianidae,45.28242596
Phasianidae,44.76483101
Phasianidae,44.96020175
Phasianidae,44.9129167
Phasianidae,44.74907429
Phasianidae,44.71756086
Phasianidae,44.8857368
Phasianidae,44.61077844
Phasianidae,44.61077844
Phasianidae,44.71756086
Phasianidae,44.68956823
Phasianidae,44.87785658
Phasianidae,44.91725768
Phasianidae,44.93301812
Phasianidae,44.79199496
Phasianidae,44.8857368
Phasianidae,44.90005531
Phasianidae,44.9237576
Phasianidae,44.9352086
Phasianidae,44.90795607
Phasianidae,44.90005531
Phasianidae,44.90795607
Phasianidae,44.90005531
Phasianidae,44.9237576
Phasianidae,44.89215454
Phasianidae,44.90795607
Phasianidae,44.90795607
Phasianidae,44.90795607
Phasianidae,44.90795607
Phasianidae,44.90795607
Phasianidae,44.90005531
Phasianidae,44.90795607
Phasianidae,44.9237576
Phasianidae,44.91585684
Phasianidae,44.90005531
Phasianidae,44.90795607
Phasianidae,44.9237576
Phasianidae,44.9237576
Phasianidae,44.91585684
Phasianidae,44.9474599
Phasianidae,44.9237576
Phasianidae,44.9474599
Phasianidae,44.90795607
Phasianidae,44.91585684
Phasianidae,44.93955914
Phasianidae,45.01066603
Phasianidae,44.9474599
Phasianidae,44.91585684
Phasianidae,44.94399748
Phasianidae,44.89361702
Phasianidae,44.86997636
Phasianidae,44.77270937
Phasianidae,44.76483101
Phasianidae,44.78411598
Phasianidae,44.77270937
Phasianidae,45.14957771
Phasianidae,45.15747099
Phasianidae,45.18904412
Phasianidae,45.17325756
Phasianidae,45.16027656
Phasianidae,44.64341816
Phasianidae,44.64341816
Phasianidae,45.08629522
Phasianidae,45.08602404
Phasianidae,45.07816796
Phasianidae,44.78749313
Phasianidae,44.54228145
Phasianidae,44.43920829
Phasianidae,44.87390997
Phasianidae,44.67850099
Phasianidae,44.76369917
Phasianidae,44.94426127
Phasianidae,44.84734322
Phasianidae,45.30256652
Phasianidae,44.84089477
Phasianidae,44.84089477
Phasianidae,44.60753532
Phasianidae,44.72693032
Phasianidae,44.68502393
Phasianidae,44.70071389
Phasianidae,44.57784055
Phasianidae,44.55430006
Phasianidae,44.59353421
Phasianidae,44.89443529
Phasianidae,44.8551919
Phasianidae,44.83949455
Phasianidae,44.89715811
Phasianidae,44.89715811
Phasianidae,44.62251552
Phasianidae,44.68536413
Phasianidae,44.68536413
Phasianidae,44.62607597
Phasianidae,44.5313117
Phasianidae,44.58659086
Phasianidae,44.48110614
Phasianidae,44.49681829
Phasianidae,44.73250059
Phasianidae,44.68536413
Phasianidae,44.78749313
Phasianidae,44.80550285
Phasianidae,44.31612853
Phasianidae,44.37897714
Phasianidae,44.3239846
Phasianidae,44.38683322
Phasianidae,44.3239846
Phasianidae,44.39468929
Phasianidae,44.30041637
Phasianidae,44.35235614
Phasianidae,44.61295419
Phasianidae,44.84248566
Phasianidae,44.84248566
Phasianidae,44.53174104
Phasianidae,44.61465944
Phasianidae,44.54645323
Phasianidae,44.58048819
Phasianidae,44.54909348
Phasianidae,44.6170747
Phasianidae,44.89715811
Phasianidae,44.53609867
Phasianidae,44.77670513
Phasianidae,44.81594851
Phasianidae,44.93879473
Phasianidae,44.45490935
Phasianidae,44.41566596
Phasianidae,45.18204645
Phasianidae,44.21160035
Phasianidae,44.75151134
Phasianidae,44.43136332
Phasianidae,45.15747099
Phasianidae,45.17325756
Phasianidae,45.42378217
Phasianidae,45.40080397
Phasianidae,44.45493157
Phasianidae,43.88980457
Phasianidae,44.30836866
Phasianidae,44.33977076
Phasianidae,44.89215454
Phasianidae,45.07465045
Phasianidae,45.32108651
Phasianidae,45.29753493
Phasianidae,44.67734338
Phasianidae,45.09342126
Phasianidae,44.92343934
Phasianidae,44.64608375
Phasianidae,44.69572046
Phasianidae,44.64608375
Phasianidae,44.52502956
Phasianidae,44.55958549
Phasianidae,44.86686042
Phasianidae,44.93049556
Phasianidae,44.93129172
Phasianidae,43.5516808
Phasianidae,43.5516808
Phasianidae,44.24877043
Phasianidae,43.89571519
Phasianidae,43.85009862
Phasianidae,43.96976929
Phasianidae,43.92999204
Phasianidae,43.81854043
Phasianidae,43.52662722
Phasianidae,43.5266969
Phasianidae,43.48717949
Phasianidae,43.66863905
Phasianidae,43.4768891
Phasianidae,43.34862385
Phasianidae,43.20315582
Phasianidae,43.27416174
Phasianidae,43.40828402
Phasianidae,43.26627219
Phasianidae,43.46351085
Phasianidae,43.44773176
Phasianidae,43.14003945
Phasianidae,43.1321499
Phasianidae,43.11637081
Phasianidae,43.14792899
Phasianidae,43.12426036
Phasianidae,43.11637081
Phasianidae,43.1321499
Phasianidae,43.1321499
Phasianidae,43.12426036
Phasianidae,43.12426036
Phasianidae,43.1321499
Phasianidae,43.26527382
Phasianidae,43.27318772
Phasianidae,43.25735992
Phasianidae,43.27318772
Phasianidae,44.18862252
Phasianidae,44.1842126
Phasianidae,44.4418146
Phasianidae,43.8113327
Phasianidae,43.82716049
Phasianidae,43.8192466
Phasianidae,43.82716049
Phasianidae,43.82618331
Phasianidae,43.8113327
Phasianidae,43.94226219
Phasianidae,43.73666324
Phasianidae,43.70808679
Phasianidae,43.73419722
Phasianidae,43.73617694
Phasianidae,43.68441815
Phasianidae,43.64497041
Phasianidae,43.65285996
Phasianidae,43.65285996
Phasianidae,43.6360767
Phasianidae,43.56607495
Phasianidae,43.62130178
Phasianidae,43.38461538
Phasianidae,43.47928994
Phasianidae,43.44773176
Phasianidae,43.4556213
Phasianidae,43.43984221
Phasianidae,43.46351085
Phasianidae,43.31360947
Phasianidae,43.42406312
Phasianidae,43.53451677
Phasianidae,43.51084813
Phasianidae,43.66130558
Phasianidae,44.30769231
Phasianidae,44.44532113
Phasianidae,44.50545078
Phasianidae,44.4524094
Phasianidae,44.14478353
Phasianidae,44.16035354
Phasianidae,44.34623348
Phasianidae,44.32243177
Phasianidae,44.32243177
Phasianidae,44.38868977
Phasianidae,44.65127238
Phasianidae,44.79462875
Phasianidae,45.03378909
Phasianidae,44.13580247
Phasianidae,44.13580247
Phasianidae,44.13541004
Phasianidae,44.76280685
Phasianidae,44.62504908
Phasianidae,44.6486062
Phasianidae,44.53082057
Phasianidae,44.4286504
Phasianidae,44.38126826
Phasianidae,44.37337124
Phasianidae,45.04930966
Phasianidae,44.52818339
Phasianidae,44.73246136
Phasianidae,44.64075383
Phasianidae,44.44708304
Phasianidae,44.65211245
Phasianidae,44.63290145
Phasianidae,44.43917852
Phasianidae,44.38162544
Phasianidae,44.60149195
Phasianidae,44.4942583
Phasianidae,44.4942583
Phasianidae,44.46800157
Phasianidae,44.42873969
Phasianidae,44.45229682
Phasianidae,44.49941107
Phasianidae,44.42873969
Phasianidae,44.45757504
Phasianidae,44.96810207
Phasianidae,45.00473485
Phasianidae,44.93367868
Phasianidae,44.58211664
Phasianidae,44.60830955
Phasianidae,44.66431095
Phasianidae,44.77963705
Phasianidae,44.77963705
Phasianidae,44.58323513
Phasianidae,44.75337732
Phasianidae,44.88337391
Phasianidae,45.10127179
Phasianidae,45.08756774
Phasianidae,45.0846921
Phasianidae,45.10912231
Phasianidae,44.75853946
Phasianidae,44.75853946
Phasianidae,44.71659601
Phasianidae,44.71659601
Phasianidae,44.91285916
Phasianidae,44.91285916
Phasianidae,45.06675093
Phasianidae,44.98625834
Phasianidae,44.63290145
Phasianidae,44.533459
Phasianidae,44.5648759
Phasianidae,44.65618549
Phasianidae,44.83191957
Phasianidae,44.63556393
Phasianidae,44.75689262
Phasianidae,44.38422872
Phasianidae,44.59459459
Phasianidae,44.57070707
Phasianidae,44.59019
Phasianidae,44.40227704
Phasianidae,44.66587584
Phasianidae,44.66491354
Phasianidae,44.67542812
Phasianidae,44.65393795
Phasianidae,44.5982498
Phasianidae,44.60443165
Phasianidae,44.62494028
Phasianidae,44.63615305
Phasianidae,44.72442205
Phasianidae,44.72401949
Phasianidae,44.67676039
Phasianidae,44.7792125
Phasianidae,44.77897252
Phasianidae,44.50232852
Phasianidae,44.47864867
Phasianidae,44.48567143
Phasianidae,44.54968822
Phasianidae,44.47864867
Phasianidae,44.59886292
Phasianidae,44.72393609
Phasianidae,44.7522096
Phasianidae,44.63651433
Phasianidae,44.64440761
Phasianidae,44.30239899
Phasianidae,44.30239899
Phasianidae,44.34535554
Phasianidae,44.25772539
Phasianidae,44.29377579
Phasianidae,44.25670316
Phasianidae,44.26527547
Phasianidae,44.33316642
Phasianidae,44.2442917
Phasianidae,44.21301775
Phasianidae,44.31818182
Phasianidae,44.335953
Phasianidae,44.4303295
Phasianidae,44.4303295
Phasianidae,44.39059272
Phasianidae,44.09542744
Phasianidae,44.05335017
Phasianidae,44.20753376
Phasianidae,44.21610872
Phasianidae,44.39590118
Phasianidae,44.31818182
Phasianidae,44.32818074
Phasianidae,44.32818074
Phasianidae,44.30239899
Phasianidae,44.27083333
Phasianidae,44.19981061
Phasianidae,44.25505051
Phasianidae,44.24715909
Phasianidae,44.26527547
Phasianidae,44.27565472
Phasianidae,44.31818182
Phasianidae,44.36262866
Phasianidae,44.29450758
Phasianidae,44.23137626
Phasianidae,44.37342172
Phasianidae,44.27589476
Phasianidae,44.33731131
Phasianidae,44.18916785
Phasianidae,44.18255161
Phasianidae,44.21559343
Phasianidae,44.24275906
Phasianidae,43.93890415
Phasianidae,44.00286146
Phasianidae,43.92361111
Phasianidae,44.03409091
Phasianidae,43.97951836
Phasianidae,43.99178904
Phasianidae,44.0495933
Phasianidae,43.9971415
Phasianidae,44.02967406
Phasianidae,44.00252525
Phasianidae,44.00252525
Phasianidae,44.10070239
Phasianidae,44.09187781
Phasianidae,44.20634921
Phasianidae,44.27758457
Phasianidae,44.18898633
Phasianidae,44.18089817
Phasianidae,44.27083333
Phasianidae,44.28661616
Phasianidae,44.18402778
Phasianidae,44.17613636
Phasianidae,44.27317999
Phasianidae,44.25232907
Phasianidae,44.26203631
Phasianidae,44.27872475
Phasianidae,44.21301775
Phasianidae,44.23720708
Phasianidae,44.27860697
Phasianidae,44.27872475
Phasianidae,44.22348485
Phasianidae,44.18898633
Phasianidae,44.20329887
Phasianidae,44.15635902
Phasianidae,44.16528403
Phasianidae,44.22348485
Phasianidae,44.20719652
Phasianidae,44.1875148
Phasianidae,44.32607323
Phasianidae,44.35763889
Phasianidae,44.32607323
Phasianidae,44.20770202
Phasianidae,44.26294192
Phasianidae,44.29710317
Phasianidae,44.31549029
Phasianidae,44.15758724
Phasianidae,44.27848902
Phasianidae,44.23926768
Phasianidae,44.23926768
Phasianidae,44.24715909
Phasianidae,44.21817034
Phasianidae,44.21559343
Phasianidae,44.22348485
Phasianidae,44.20770202
Phasianidae,44.22348485
Phasianidae,44.30766755
Phasianidae,44.28993846
Phasianidae,44.13667929
Phasianidae,44.25505051
Phasianidae,44.27083333
Phasianidae,44.25505051
Phasianidae,44.27872475
Phasianidae,44.30589535
Phasianidae,44.30149961
Phasianidae,44.28661616
Phasianidae,44.28661616
Phasianidae,44.26176919
Phasianidae,44.3102904
Phasianidae,44.29931545
Phasianidae,44.36903165
Phasianidae,44.46307385
Phasianidae,44.27872475
Phasianidae,44.27872475
Phasianidae,44.31818182
Phasianidae,44.32607323
Phasianidae,44.30189277
Phasianidae,44.352
Phasianidae,44.35763889
Phasianidae,44.33396465
Phasianidae,44.32607323
Phasianidae,44.3628612
Phasianidae,44.39270776
Phasianidae,44.39270776
Phasianidae,44.38920455
Phasianidae,44.09722222
Phasianidae,44.25969913
Phasianidae,44.27372089
Phasianidae,44.23944889
Phasianidae,44.23685877
Phasianidae,44.24946645
Phasianidae,44.30239899
Phasianidae,44.18255161
Phasianidae,44.24715909
Phasianidae,44.21559343
Phasianidae,44.18402778
Phasianidae,44.32973189
Phasianidae,44.23926768
Phasianidae,44.16035354
Phasianidae,44.16035354
Phasianidae,44.12089646
Phasianidae,44.11300505
Phasianidae,44.08933081
Phasianidae,44.10511364
Phasianidae,44.07354798
Phasianidae,44.06324111
Phasianidae,44.18436293
Phasianidae,44.14016258
Phasianidae,44.13667929
Phasianidae,44.12089646
Phasianidae,44.09722222
Phasianidae,44.12878788
Phasianidae,44.13667929
Phasianidae,44.16035354
Phasianidae,44.16035354
Phasianidae,44.15246212
Phasianidae,44.14457071
Phasianidae,44.06565657
Phasianidae,43.98674242
Phasianidae,44.18960245
Phasianidae,44.12545235
Phasianidae,44.02830789
Phasianidae,44.140531
Phasianidae,44.00252525
Phasianidae,44.02619949
Phasianidae,44.01830808
Phasianidae,44.03409091
Phasianidae,44.1622319
Phasianidae,44.07720145
Phasianidae,44.13156839
Phasianidae,44.12048193
Phasianidae,43.9682794
Phasianidae,44.116461
Phasianidae,44.02932135
Phasianidae,44.0529676
Phasianidae,43.94728535
Phasianidae,43.92361111
Phasianidae,44.10511364
Phasianidae,44.10511364
Phasianidae,44.126684
Phasianidae,44.13456236
Phasianidae,44.126684
Phasianidae,44.15031907
Phasianidae,44.10304892
Phasianidae,44.126684
Phasianidae,44.11092728
Phasianidae,44.16607579
Phasianidae,43.77215788
Phasianidae,44.05776515
Phasianidae,44.05776515
Phasianidae,44.23137626
Phasianidae,44.20329887
Phasianidae,44.15246212
Phasianidae,44.20519316
Phasianidae,44.08143939
Phasianidae,44.12207689
Phasianidae,44.20770202
Phasianidae,44.20770202
Phasianidae,44.18402778
Phasianidae,44.26294192
Phasianidae,44.37808568
Phasianidae,44.35156437
Phasianidae,44.27083333
Phasianidae,44.25505051
Phasianidae,44.27083333
Phasianidae,44.27872475
Phasianidae,44.27872475
Phasianidae,44.27872475
Phasianidae,44.24715909
Phasianidae,44.32669323
Phasianidae,44.30749783
Phasianidae,44.30239899
Phasianidae,44.22348485
Phasianidae,44.22348485
Phasianidae,44.22348485
Phasianidae,44.30589535
Phasianidae,44.25451092
Phasianidae,44.22257301
Phasianidae,44.23882958
Phasianidae,44.21268863
Phasianidae,44.19981061
Phasianidae,44.19981061
Phasianidae,44.23912185
Phasianidae,44.31549029
Phasianidae,44.31260876
Phasianidae,44.3792146
Phasianidae,44.12811388
Phasianidae,44.30459907
Phasianidae,44.33454661
Phasianidae,44.3597682
Phasianidae,44.24003158
Phasianidae,44.30379747
Phasianidae,44.22348485
Phasianidae,44.29450758
Phasianidae,44.35763889
Phasianidae,44.32517758
Phasianidae,44.39270776
Phasianidae,44.739127
Phasianidae,44.72334044
Phasianidae,44.73123372
Phasianidae,44.739127
Phasianidae,44.74702029
Phasianidae,44.68387402
Phasianidae,44.71544715
Phasianidae,44.66019417
Phasianidae,44.58563536
Phasianidae,44.64044497
Phasianidae,44.42866162
Phasianidae,44.49968434
Phasianidae,44.48390152
Phasianidae,44.39106414
Phasianidae,44.43125148
Phasianidae,44.39958838
Phasianidae,44.43916726
Phasianidae,44.43916726
Phasianidae,44.35209372
Phasianidae,44.54703283
Phasianidae,44.54703283
Phasianidae,44.43655303
Phasianidae,44.40218683
Phasianidae,44.39692722
Phasianidae,44.66619149
Phasianidae,44.64641633
Phasianidae,44.33656958
Phasianidae,44.39971584
Phasianidae,44.30749783
Phasianidae,44.2783709
Phasianidae,44.2765604
Phasianidae,44.2813166
Phasianidae,44.33388612
Phasianidae,44.34961277
Phasianidae,44.26294192
Phasianidae,44.25505051
Phasianidae,44.27083333
Phasianidae,44.23137626
Phasianidae,44.44444444
Phasianidae,44.30849384
Phasianidae,44.3979471
Phasianidae,44.32078301
Phasianidae,44.28920988
Phasianidae,44.45329933
Phasianidae,44.45409331
Phasianidae,44.47339334
Phasianidae,44.48953609
Phasianidae,44.34299325
Phasianidae,44.67833491
Phasianidae,44.58372753
Phasianidae,44.59161148
Phasianidae,44.70198675
Phasianidae,44.52767702
Phasianidae,44.60737938
Phasianidae,44.54609985
Phasianidae,44.61526332
Phasianidae,44.68621886
Phasianidae,44.58894932
Phasianidae,44.60737938
Phasianidae,44.60737938
Phasianidae,44.60737938
Phasianidae,44.56795963
Phasianidae,44.62229932
Phasianidae,44.58372753
Phasianidae,44.64679912
Phasianidae,44.66256701
Phasianidae,44.62314727
Phasianidae,44.81072555
Phasianidae,44.79059863
Phasianidae,44.63891517
Phasianidae,44.59161148
Phasianidae,44.58372753
Phasianidae,44.43659761
Phasianidae,44.36375118
Phasianidae,44.50402145
Phasianidae,44.31459255
Phasianidae,44.44444444
Phasianidae,44.42315369
Phasianidae,44.28041367
Phasianidae,44.2813166
Phasianidae,44.33579776
Phasianidae,44.41550241
Phasianidae,44.37286248
Phasianidae,44.38318952
Phasianidae,44.41070715
Phasianidae,44.38625724
Phasianidae,44.41550241
Phasianidae,44.42602242
Phasianidae,44.42335074
Phasianidae,44.39182256
Phasianidae,44.44181086
Phasianidae,44.41519068
Phasianidae,44.30913722
Phasianidae,44.37075636
Phasianidae,44.38375683
Phasianidae,44.33014354
Phasianidae,44.34961277
Phasianidae,44.44269024
Phasianidae,44.36024943
Phasianidae,44.43479634
Phasianidae,44.36024943
Phasianidae,44.12303769
Phasianidae,44.19449049
Phasianidae,44.16291736
Phasianidae,44.23653877
Phasianidae,44.18659721
Phasianidae,43.89454574
Phasianidae,44.15204678
Phasianidae,44.21817034
Phasianidae,44.18219135
Phasianidae,44.11555766
Phasianidae,44.20736526
Phasianidae,44.13923751
Phasianidae,44.09977109
Phasianidae,44.12345094
Phasianidae,44.12345094
Phasianidae,44.10766438
Phasianidae,44.13134423
Phasianidae,44.13134423
Phasianidae,44.13134423
Phasianidae,44.09001184
Phasianidae,44.17081064
Phasianidae,44.18659721
Phasianidae,44.13923751
Phasianidae,44.10766438
Phasianidae,44.14713079
Phasianidae,44.14713079
Phasianidae,44.14713079
Phasianidae,44.13134423
Phasianidae,44.17337755
Phasianidae,44.17081064
Phasianidae,44.14414414
Phasianidae,44.23806513
Phasianidae,44.24247214
Phasianidae,44.07369337
Phasianidae,44.05401137
Phasianidae,44.11555766
Phasianidae,44.09977109
Phasianidae,44.13923751
Phasianidae,44.14713079
Phasianidae,44.11555766
Phasianidae,44.15061572
Phasianidae,44.16548239
Phasianidae,44.13134423
Phasianidae,44.16291736
Phasianidae,44.15502407
Phasianidae,44.28525947
Phasianidae,44.36288199
Phasianidae,44.42229487
Phasianidae,44.40553876
Phasianidae,44.42339569
Phasianidae,44.49749344
Phasianidae,44.45496882
Phasianidae,44.6049412
Phasianidae,44.50232852
Phasianidae,44.51811508
Phasianidae,44.48654195
Phasianidae,44.43128897
Phasianidae,44.4628621
Phasianidae,44.48654195
Phasianidae,44.5102218
Phasianidae,44.49443524
Phasianidae,44.5102218
Phasianidae,44.50584149
Phasianidae,44.50232852
Phasianidae,44.48654195
Phasianidae,44.48654195
Phasianidae,44.43918226
Phasianidae,44.45496882
Phasianidae,44.45496882
Phasianidae,44.39532681
Phasianidae,44.40760912
Phasianidae,44.4628621
Phasianidae,44.43918226
Phasianidae,44.47075539
Phasianidae,44.41550241
Phasianidae,44.51811508
Phasianidae,44.54179493
Phasianidae,44.56829012
Phasianidae,44.43479634
Phasianidae,44.39182256
Phasianidae,44.38392928
Phasianidae,44.38392928
Phasianidae,44.39182256
Phasianidae,44.43918226
Phasianidae,44.47426587
Phasianidae,44.4628621
Phasianidae,44.48654195
Phasianidae,44.48654195
Phasianidae,44.36897804
Phasianidae,44.68136661
Phasianidae,44.62862104
Phasianidae,44.49443524
Phasianidae,44.51811508
Phasianidae,44.52600837
Phasianidae,44.52612442
Phasianidae,44.53390165
Phasianidae,44.5102218
Phasianidae,44.49189403
Phasianidae,44.49443524
Phasianidae,44.45496882
Phasianidae,44.44707554
Phasianidae,44.48654195
Phasianidae,44.47075539
Phasianidae,44.49443524
Phasianidae,44.47864867
Phasianidae,44.47075539
Phasianidae,44.47864867
Phasianidae,44.5102218
Phasianidae,44.54968822
Phasianidae,44.52600837
Phasianidae,44.49450636
Phasianidae,44.44269024
Phasianidae,44.36024943
Phasianidae,44.66521283
Phasianidae,44.62482837
Phasianidae,44.68136661
Phasianidae,44.62482837
Phasianidae,44.71053056
Phasianidae,44.71053056
Phasianidae,44.62862104
Phasianidae,44.65230089
Phasianidae,44.65230089
Phasianidae,44.62862104
Phasianidae,44.59704791
Phasianidae,44.63651433
Phasianidae,44.57336806
Phasianidae,44.54968822
Phasianidae,44.56547478
Phasianidae,44.64440761
Phasianidae,44.66808746
Phasianidae,44.59704791
Phasianidae,44.58915463
Phasianidae,44.56829012
Phasianidae,44.37603599
Phasianidae,44.67328972
Phasianidae,44.83761894
Phasianidae,44.49559809
Phasianidae,44.2339569
Phasianidae,44.18953012
Phasianidae,44.21027705
Phasianidae,44.30499645
Phasianidae,44.3890866
Phasianidae,44.31638775
Phasianidae,44.40760912
Phasianidae,44.39182256
Phasianidae,44.40760912
Phasianidae,44.43128897
Phasianidae,44.40672614
Phasianidae,44.40760912
Phasianidae,44.38392928
Phasianidae,44.42690243
Phasianidae,44.42339569
Phasianidae,44.36541805
Phasianidae,44.43918226
Phasianidae,44.38392928
Phasianidae,44.39532681
Phasianidae,44.3874329
Phasianidae,44.31369452
Phasianidae,44.31288973
Phasianidae,44.32078301
Phasianidae,44.385712
Phasianidae,44.36726547
Phasianidae,44.34446286
Phasianidae,44.39093708
Phasianidae,44.2453426
Phasianidae,44.37603599
Phasianidae,44.33656958
Phasianidae,44.31109356
Phasianidae,44.33656958
Phasianidae,44.26527547
Phasianidae,44.31288973
Phasianidae,44.31288973
Phasianidae,44.31288973
Phasianidae,44.31288973
Phasianidae,44.31638775
Phasianidae,44.31638775
Phasianidae,44.32078301
Phasianidae,44.34796337
Phasianidae,44.28650399
Phasianidae,44.30849384
Phasianidae,44.379539
Phasianidae,44.27342332
Phasianidae,44.26553003
Phasianidae,44.22515197
Phasianidae,44.34006947
Phasianidae,44.33917575
Phasianidae,44.41111462
Phasianidae,44.29710317
Phasianidae,44.32428165
Phasianidae,44.30499645
Phasianidae,44.33656958
Phasianidae,44.27860697
Phasianidae,44.26553003
Phasianidae,44.29855972
Phasianidae,44.31347563
Phasianidae,44.43918226
Phasianidae,44.4295302
Phasianidae,44.4295302
Phasianidae,44.44269024
Phasianidae,44.45058415
Phasianidae,44.51385552
Phasianidae,44.41550241
Phasianidae,44.41550241
Phasianidae,44.46638755
Phasianidae,44.44619878
Phasianidae,44.43128897
Phasianidae,44.44707554
Phasianidae,44.4225152
Phasianidae,44.42339569
Phasianidae,44.43128897
Phasianidae,44.43128897
Phasianidae,44.41636392
Phasianidae,44.44269024
Phasianidae,44.36197094
Phasianidae,44.36197094
Phasianidae,44.36375118
Phasianidae,44.36814271
Phasianidae,44.39971584
Phasianidae,44.41985457
Phasianidae,44.38304255
Phasianidae,44.38304255
Phasianidae,44.39433499
Phasianidae,44.40227704
Phasianidae,44.39182256
Phasianidae,44.39182256
Phasianidae,44.41900853
Phasianidae,44.39182256
Phasianidae,44.43918226
Phasianidae,44.4628621
Phasianidae,44.43128897
Phasianidae,44.39182256
Phasianidae,44.40760912
Phasianidae,44.41550241
Phasianidae,44.38304255
Phasianidae,44.39971584
Phasianidae,44.37865151
Phasianidae,44.43561208
Phasianidae,44.39971584
Phasianidae,44.44707554
Phasianidae,44.40934934
Phasianidae,44.42690243
Phasianidae,44.43040973
Phasianidae,44.43128897
Phasianidae,44.41550241
Phasianidae,44.45847805
Phasianidae,44.44707554
Phasianidae,44.3979471
Phasianidae,44.42339569
Phasianidae,44.36024943
Phasianidae,44.37603599
Phasianidae,44.38654666
Phasianidae,44.38304255
Phasianidae,44.36814271
Phasianidae,44.35235614
Phasianidae,44.35235614
Phasianidae,44.35235614
Phasianidae,44.35235614
Phasianidae,44.38392928
Phasianidae,44.35585728
Phasianidae,44.35235614
Phasianidae,44.37514802
Phasianidae,44.42339569
Phasianidae,44.3470709
Phasianidae,44.34356991
Phasianidae,44.41951767
Phasianidae,44.42339569
Phasianidae,44.41550241
Phasianidae,44.40322071
Phasianidae,44.37603599
Phasianidae,44.38392928
Phasianidae,44.43479634
Phasianidae,44.40322071
Phasianidae,44.45058415
Phasianidae,44.37603599
Phasianidae,44.42339569
Phasianidae,44.46811869
Phasianidae,44.44707554
Phasianidae,44.45496882
Phasianidae,44.44707554
Phasianidae,44.43128897
Phasianidae,44.49722882
Phasianidae,44.42339569
Phasianidae,44.32078301
Phasianidae,44.36513601
Phasianidae,44.4365136
Phasianidae,44.41550241
Phasianidae,44.33626217
Phasianidae,44.36473777
Phasianidae,44.33656958
Phasianidae,44.36814271
Phasianidae,44.37603599
Phasianidae,44.35235614
Phasianidae,44.39182256
Phasianidae,44.25763675
Phasianidae,44.19449049
Phasianidae,44.19449049
Phasianidae,44.36502264
Phasianidae,44.35169727
Phasianidae,44.37539834
Phasianidae,44.3286763
Phasianidae,44.2532365
Phasianidae,44.39971584
Phasianidae,44.18659721
Phasianidae,44.22606362
Phasianidae,44.31288973
Phasianidae,44.36814271
Phasianidae,44.33656958
Phasianidae,44.35235614
Phasianidae,44.37603599
Phasianidae,44.27083333
Phasianidae,44.27083333
Phasianidae,44.25505051
Phasianidae,44.28661616
Phasianidae,44.28661616
Phasianidae,44.30239899
Phasianidae,44.30239899
Phasianidae,44.31818182
Phasianidae,44.30239899
Phasianidae,44.27872475
Phasianidae,44.29450758
Phasianidae,44.27083333
Phasianidae,44.27083333
Phasianidae,44.27083333
Phasianidae,44.27083333
Phasianidae,44.27342332
Phasianidae,44.27083333
Phasianidae,44.27872475
Phasianidae,44.24715909
Phasianidae,44.24715909
Phasianidae,44.30499645
Phasianidae,44.3286763
Phasianidae,44.17870392
Phasianidae,44.17081064
Phasianidae,44.09187781
Phasianidae,44.09977109
Phasianidae,44.26553003
Phasianidae,44.33656958
Phasianidae,44.33103885
Phasianidae,44.39883161
Phasianidae,44.38392928
Phasianidae,44.38392928
Phasianidae,44.36814271
Phasianidae,44.36024943
Phasianidae,44.39971584
Phasianidae,44.46900908
Phasianidae,44.64098215
Phasianidae,44.37603599
Phasianidae,44.47426587
Phasianidae,44.52952321
Phasianidae,44.48654195
Phasianidae,44.61675147
Phasianidae,44.31288973
Phasianidae,44.47864867
Phasianidae,44.32078301
Phasianidae,44.63665087
Phasianidae,44.39971584
Phasianidae,44.46039722
Phasianidae,44.3299786
Phasianidae,44.32078301
Phasianidae,44.33567538
Phasianidae,44.37603599
Phasianidae,44.36024943
Phasianidae,44.36024943
Phasianidae,44.36024943
Phasianidae,44.36814271
Phasianidae,44.47610003
Phasianidae,44.45766881
Phasianidae,44.5575815
Phasianidae,44.40742504
Phasianidae,44.54179493
Phasianidae,44.49219994
Phasianidae,44.46030613
Phasianidae,44.41550241
Phasianidae,44.59704791
Phasianidae,44.53914141
Phasianidae,44.37075636
Phasianidae,44.36113961
Phasianidae,44.44178819
Phasianidae,44.29636681
Phasianidae,44.35982865
Phasianidae,44.36513601
Phasianidae,44.33087711
Phasianidae,44.34954527
Phasianidae,44.33910089
Phasianidae,44.27232285
Phasianidae,44.29530201
Phasianidae,44.28920988
Phasianidae,44.47909171
Phasianidae,44.40224701
Phasianidae,44.39433499
Phasianidae,44.53675133
Phasianidae,44.61587151
Phasianidae,44.43389509
Phasianidae,44.61501939
Phasianidae,44.60357652
Phasianidae,44.42685244
Phasianidae,44.49544915
Phasianidae,44.5112782
Phasianidae,44.40760912
Phasianidae,44.36814271
Phasianidae,44.37311777
Phasianidae,44.3642993
Phasianidae,44.37514802
Phasianidae,44.28212378
Phasianidae,44.55742098
Phasianidae,44.79485369
Phasianidae,44.86545854
Phasianidae,44.67717894
Phasianidae,44.80371332
Phasianidae,44.86465281
Phasianidae,44.73209383
Phasianidae,44.81054366
Phasianidae,44.95175335
Phasianidae,44.67616274
Phasianidae,44.78820766
Phasianidae,44.70412339
Phasianidae,44.73559962
Phasianidae,44.70764146
Phasianidae,44.6919021
Phasianidae,44.73559962
Phasianidae,44.68838527
Phasianidae,44.67616274
Phasianidae,44.86150456
Phasianidae,44.88815375
Phasianidae,44.88461841
Phasianidae,44.86150456
Phasianidae,44.88511174
Phasianidae,44.8929808
Phasianidae,44.95593327
Phasianidae,45.0267548
Phasianidae,45.0267548
Phasianidae,45.03462386
Phasianidae,44.98580889
Phasianidae,44.97792494
Phasianidae,44.87543362
Phasianidae,44.92582071
Phasianidae,44.92582071
Phasianidae,44.92582071
Phasianidae,44.94160354
Phasianidae,44.92582071
Phasianidae,44.91003788
Phasianidae,44.89425505
Phasianidae,44.89425505
Phasianidae,44.91792929
Phasianidae,44.91792929
Phasianidae,44.91792929
Phasianidae,44.91792929
Phasianidae,44.91003788
Phasianidae,44.88990608
Phasianidae,44.91003788
Phasianidae,44.89425505
Phasianidae,44.89425505
Phasianidae,44.91792929
Phasianidae,44.91003788
Phasianidae,44.91003788
Phasianidae,44.91003788
Phasianidae,44.89779812
Phasianidae,44.91003788
Phasianidae,44.90295092
Phasianidae,44.90214646
Phasianidae,44.91003788
Phasianidae,44.91003788
Phasianidae,44.90214646
Phasianidae,44.83601388
Phasianidae,44.81429021
Phasianidae,44.81236203
Phasianidae,44.80447808
Phasianidae,44.85178177
Phasianidae,44.68051621
Phasianidae,44.75133774
Phasianidae,44.75133774
Phasianidae,44.67264715
Phasianidae,44.68838527
Phasianidae,44.68838527
Phasianidae,44.83789739
Phasianidae,44.82215927
Phasianidae,44.83980162
Phasianidae,44.8503937
Phasianidae,44.83355631
Phasianidae,44.94019515
Phasianidae,44.76707586
Phasianidae,44.7821282
Phasianidae,44.78295185
Phasianidae,44.78295185
Phasianidae,44.77505919
Phasianidae,44.79068303
Phasianidae,44.76108006
Phasianidae,44.78199276
Phasianidae,44.77846856
Phasianidae,44.7627292
Phasianidae,44.84576645
Phasianidae,44.81429021
Phasianidae,44.80642115
Phasianidae,44.83002833
Phasianidae,44.80642115
Phasianidae,44.75133774
Phasianidae,44.75133774
Phasianidae,44.82568663
Phasianidae,44.84333176
Phasianidae,44.82215927
Phasianidae,44.81265743
Phasianidae,44.85282544
Phasianidae,44.81347395
Phasianidae,44.79855209
Phasianidae,44.81429021
Phasianidae,44.80642115
Phasianidae,44.80151229
Phasianidae,44.8284005
Phasianidae,44.83708484
Phasianidae,44.80994727
Phasianidae,44.81347395
Phasianidae,44.83002833
Phasianidae,44.82215927
Phasianidae,44.82921454
Phasianidae,44.82921454
Phasianidae,44.83002833
Phasianidae,44.82568663
Phasianidae,44.82134425
Phasianidae,44.82568663
Phasianidae,44.83898906
Phasianidae,44.83274301
Phasianidae,44.8338321
Phasianidae,44.84142599
Phasianidae,44.80637274
Phasianidae,44.80913026
Phasianidae,44.84495514
Phasianidae,44.78199276
Phasianidae,44.76707586
Phasianidae,44.83002833
Phasianidae,44.74616293
Phasianidae,44.74346868
Phasianidae,44.79855209
Phasianidae,44.78633824
Phasianidae,44.81781695
Phasianidae,44.81429021
Phasianidae,44.72338081
Phasianidae,44.73912017
Phasianidae,44.73912017
Phasianidae,44.74346868
Phasianidae,44.76707586
Phasianidae,44.76707586
Phasianidae,44.77846856
Phasianidae,44.82215927
Phasianidae,44.83002833
Phasianidae,44.77059888
Phasianidae,44.83355631
Phasianidae,44.82052897
Phasianidae,44.77329975
Phasianidae,44.77846856
Phasianidae,44.76977568
Phasianidae,44.77846856
Phasianidae,44.80642115
Phasianidae,44.79068303
Phasianidae,44.79068303
Phasianidae,44.74616293
Phasianidae,44.7592068
Phasianidae,44.76625216
Phasianidae,44.74346868
Phasianidae,44.75673122
Phasianidae,44.81265743
Phasianidae,44.72773056
Phasianidae,44.764604
Phasianidae,44.74346868
Phasianidae,44.7198615
Phasianidae,44.71199245
Phasianidae,44.72773056
Phasianidae,44.76707586
Phasianidae,44.72773056
Phasianidae,44.71199245
Phasianidae,44.74346868
Phasianidae,44.7198615
Phasianidae,44.7198615
Phasianidae,44.76707586
Phasianidae,44.72773056
Phasianidae,44.73559962
Phasianidae,44.72773056
Phasianidae,44.75133774
Phasianidae,44.70412339
Phasianidae,44.72773056
Phasianidae,44.72773056
Phasianidae,44.70412339
Phasianidae,44.71199245
Phasianidae,44.70412339
Phasianidae,44.70412339
Phasianidae,44.70412339
Phasianidae,44.75133774
Phasianidae,44.71199245
Phasianidae,44.68838527
Phasianidae,44.71199245
Phasianidae,44.7198615
Phasianidae,44.65690903
Phasianidae,44.746591
Phasianidae,44.76588365
Phasianidae,44.82215927
Phasianidae,44.75755668
Phasianidae,44.72773056
Phasianidae,44.68671285
Phasianidae,44.69023065
Phasianidae,44.69625433
Phasianidae,44.7198615
Phasianidae,44.69625433
Phasianidae,44.71551114
Phasianidae,44.68838527
Phasianidae,44.68051621
Phasianidae,44.78281398
Phasianidae,44.79068303
Phasianidae,44.82215927
Phasianidae,44.80642115
Phasianidae,44.81618515
Phasianidae,44.78281398
Phasianidae,44.70412339
Phasianidae,44.72773056
Phasianidae,44.69625433
Phasianidae,44.69625433
Phasianidae,44.81429021
Phasianidae,44.79068303
Phasianidae,44.82134425
Phasianidae,44.78281398
Phasianidae,44.7592068
Phasianidae,44.76707586
Phasianidae,44.80913026
Phasianidae,44.81347395
Phasianidae,44.79855209
Phasianidae,44.78469653
Phasianidae,44.77494492
Phasianidae,44.79855209
Phasianidae,44.81429021
Phasianidae,44.78281398
Phasianidae,44.82215927
Phasianidae,44.78281398
Phasianidae,44.78672986
Phasianidae,44.72773056
Phasianidae,44.79068303
Phasianidae,44.78281398
Phasianidae,44.78281398
Phasianidae,44.83002833
Phasianidae,44.83002833
Phasianidae,44.82215927
Phasianidae,44.74346868
Phasianidae,44.76707586
Phasianidae,44.77494492
Phasianidae,44.76707586
Phasianidae,44.78281398
Phasianidae,44.78281398
Phasianidae,44.80642115
Phasianidae,44.78281398
Phasianidae,44.75133774
Phasianidae,44.75133774
Phasianidae,44.81618515
Phasianidae,44.73559962
Phasianidae,44.77494492
Phasianidae,44.80642115
Phasianidae,44.82215927
Phasianidae,44.81429021
Phasianidae,44.78281398
Phasianidae,44.81429021
Phasianidae,44.80642115
Phasianidae,44.79068303
Phasianidae,44.79068303
Phasianidae,44.79068303
Phasianidae,44.79068303
Phasianidae,44.79068303
Phasianidae,44.79068303
Phasianidae,44.81429021
Phasianidae,44.86150456
Phasianidae,44.84576645
Phasianidae,44.82215927
Phasianidae,44.83002833
Phasianidae,44.83002833
Phasianidae,44.81429021
Phasianidae,45.10544539
Phasianidae,45.09757633
Phasianidae,44.9964681
Phasianidae,45.00510084
Phasianidae,44.98587571
Phasianidae,45.04433807
Phasianidae,45.01648093
Phasianidae,45.02354788
Phasianidae,45.02510986
Phasianidae,45.03571148
Phasianidae,45.02198492
Phasianidae,45.01648093
Phasianidae,45.02786281
Phasianidae,45.02786281
Phasianidae,45.0094162
Phasianidae,45.01294829
Phasianidae,45.00510084
Phasianidae,45.04865035
Phasianidae,44.98940595
Phasianidae,45.02354788
Phasianidae,45.04709576
Phasianidae,45.03061705
Phasianidae,44.98940595
Phasianidae,44.99372254
Phasianidae,44.98940595
Phasianidae,44.99372254
Phasianidae,45.01216545
Phasianidae,45.01726303
Phasianidae,44.97724062
Phasianidae,45.00156937
Phasianidae,45.01138237
Phasianidae,45.01648093
Phasianidae,44.9964681
Phasianidae,45.02786281
Phasianidae,45.02786281
Phasianidae,45.02786281
Phasianidae,45.02001413
Phasianidae,45.01569859
Phasianidae,45.00784929
Phasianidae,45.02354788
Phasianidae,44.95801617
Phasianidae,44.7740113
Phasianidae,44.78185813
Phasianidae,44.83678594
Phasianidae,44.76616447
Phasianidae,44.78970496
Phasianidae,44.81324545
Phasianidae,44.79755179
Phasianidae,44.79755179
Phasianidae,45.0094162
Phasianidae,45.00156937
Phasianidae,44.99372254
Phasianidae,45.0094162
Phasianidae,45.06710619
Phasianidae,45.07495487
Phasianidae,45.0635693
Phasianidae,45.04433807
Phasianidae,45.00078481
Phasianidae,45.00510084
Phasianidae,45.02864318
Phasianidae,45.04787318
Phasianidae,45.02510986
Phasianidae,45.08003766
Phasianidae,44.99372254
Phasianidae,45.10481275
Phasianidae,45.11927181
Phasianidae,45.11142498
Phasianidae,45.12711864
Phasianidae,45.10357815
Phasianidae,45.09927019
Phasianidae,45.12711864
Phasianidae,45.15949849
Phasianidae,45.25368895
Phasianidae,45.09927019
Phasianidae,45.09573132
Phasianidae,45.09142274
Phasianidae,45.08711348
Phasianidae,45.09927019
Phasianidae,45.05063192
Phasianidae,45.05140884
Phasianidae,45.05925752
Phasianidae,45.05925752
Phasianidae,45.0463181
Phasianidae,45.04080352
Phasianidae,45.05339196
Phasianidae,45.01726303
Phasianidae,44.97802888
Phasianidae,45.02510986
Phasianidae,45.04080352
Phasianidae,44.82866776
Phasianidae,44.77565108
Phasianidae,44.96233522
Phasianidae,44.94664156
Phasianidae,44.95722471
Phasianidae,44.97018205
Phasianidae,44.89232468
Phasianidae,44.90021298
Phasianidae,44.92033444
Phasianidae,44.93200506
Phasianidae,44.93991145
Phasianidae,44.93991145
Phasianidae,44.80539862
Phasianidae,45.04865035
Phasianidae,45.04865035
Phasianidae,45.01726303
Phasianidae,45.02510986
Phasianidae,45.02510986
Phasianidae,45.02510986
Phasianidae,45.00156937
Phasianidae,44.83355631
Phasianidae,44.89924931
Phasianidae,44.84576645
Phasianidae,44.87724268
Phasianidae,44.83002833
Phasianidae,44.84576645
Phasianidae,44.83002833
Phasianidae,44.84576645
Phasianidae,44.83002833
Phasianidae,44.86150456
Phasianidae,44.86937362
Phasianidae,44.84576645
Phasianidae,44.86150456
Phasianidae,44.82215927
Phasianidae,44.85363551
Phasianidae,44.83002833
Phasianidae,44.85363551
Phasianidae,45.17419962
Phasianidae,45.1428123
Phasianidae,44.86150456
Phasianidae,44.86150456
Phasianidae,44.90084986
Phasianidae,44.81429021
Phasianidae,44.81429021
Phasianidae,44.81429021
Phasianidae,44.80642115
Phasianidae,44.81429021
Phasianidae,44.81429021
Phasianidae,44.81429021
Phasianidae,44.81429021
Phasianidae,44.80642115
Phasianidae,44.81429021
Phasianidae,44.85363551
Phasianidae,44.85363551
Phasianidae,44.86150456
Phasianidae,44.86150456
Phasianidae,44.72255018
Phasianidae,44.72255018
Phasianidae,44.78551751
Phasianidae,44.75133774
Phasianidae,44.86150456
Phasianidae,44.80478589
Phasianidae,44.86422668
Phasianidae,44.84061393
Phasianidae,44.76542821
Phasianidae,44.86150456
Phasianidae,44.85363551
Phasianidae,44.87562972
Phasianidae,44.85363551
Phasianidae,44.84576645
Phasianidae,44.85363551
Phasianidae,44.83002833
Phasianidae,44.81429021
Phasianidae,44.92445703
Phasianidae,44.91658798
Phasianidae,44.92445703
Phasianidae,44.92445703
Phasianidae,44.92445703
Phasianidae,44.83789739
Phasianidae,44.90084986
Phasianidae,44.88511174
Phasianidae,44.90084986
Phasianidae,44.88511174
Phasianidae,44.88511174
Phasianidae,44.88511174
Phasianidae,44.84576645
Phasianidae,44.88511174
Phasianidae,44.8929808
Phasianidae,44.8929808
Phasianidae,44.97954045
Phasianidae,44.87724268
Phasianidae,44.85554593
Phasianidae,44.88703456
Phasianidae,44.87996852
Phasianidae,44.85363551
Phasianidae,44.84767378
Phasianidae,44.83192947
Phasianidae,44.83545898
Phasianidae,44.8791624
Phasianidae,44.87562972
Phasianidae,44.83980162
Phasianidae,44.85554593
Phasianidae,44.85554593
Phasianidae,44.8913728
Phasianidae,44.86150456
Phasianidae,44.8284005
Phasianidae,44.86775819
Phasianidae,44.87129025
Phasianidae,44.85554593
Phasianidae,44.79691436
Phasianidae,44.84414358
Phasianidae,44.84061393
Phasianidae,44.84061393
Phasianidae,44.8659306
Phasianidae,44.80125935
Phasianidae,44.82568663
Phasianidae,44.85988665
Phasianidae,44.83627204
Phasianidae,44.83980162
Phasianidae,44.85635577
Phasianidae,44.81429021
Phasianidae,44.76895222
Phasianidae,44.77059888
Phasianidae,44.7198615
Phasianidae,44.79691436
Phasianidae,44.84576645
Phasianidae,44.84576645
Phasianidae,44.88077438
Phasianidae,44.7418136
Phasianidae,44.75860439
Phasianidae,44.83789739
Phasianidae,44.80642115
Phasianidae,44.81429021
Phasianidae,44.77224451
Phasianidae,44.81429021
Phasianidae,44.83246815
Phasianidae,44.67516124
Phasianidae,45.12118351
Phasianidae,44.79855209
Phasianidae,44.80642115
Phasianidae,44.79068303
Phasianidae,44.64117092
Phasianidae,44.63330186
Phasianidae,44.63330186
Phasianidae,44.63330186
Phasianidae,44.67264715
Phasianidae,44.71116008
Phasianidae,44.7198615
Phasianidae,44.69649067
Phasianidae,44.81493299
Phasianidae,44.76408757
Phasianidae,44.92445703
Phasianidae,44.96734084
Phasianidae,44.94806421
Phasianidae,44.93232609
Phasianidae,44.91259164
Phasianidae,44.78281398
Phasianidae,44.91658798
Phasianidae,44.86150456
Phasianidae,44.92445703
Phasianidae,44.88077438
Phasianidae,44.92445703
Phasianidae,44.90871892
Phasianidae,45.06802721
Phasianidae,45.09152762
Phasianidae,45.07612569
Phasianidae,45.0635782
Phasianidae,45.08422417
Phasianidae,45.07167733
Phasianidae,45.06802721
Phasianidae,45.07532804
Phasianidae,45.07897934
Phasianidae,45.1077272
Phasianidae,45.04657756
Phasianidae,45.03847712
Phasianidae,45.06802721
Phasianidae,45.02753482
Phasianidae,45.04373178
Phasianidae,45.09232264
Phasianidae,45.05992873
Phasianidae,45.05183026
Phasianidae,45.09962741
Phasianidae,45.09232264
Phasianidae,45.04292888
Phasianidae,45.0635782
Phasianidae,44.88101826
Phasianidae,44.88070785
Phasianidae,44.85352969
Phasianidae,44.92445703
Phasianidae,44.92445703
Phasianidae,44.89506075
Phasianidae,44.86937362
Phasianidae,44.90871892
Phasianidae,44.86937362
Phasianidae,45.06679543
Phasianidae,44.81429021
Phasianidae,44.82215927
Phasianidae,44.82215927
Phasianidae,44.83355631
Phasianidae,44.8929808
Phasianidae,44.88511174
Phasianidae,44.84142599
Phasianidae,44.86150456
Phasianidae,44.86937362
Phasianidae,44.86937362
Phasianidae,44.84123842
Phasianidae,44.89375198
Phasianidae,44.89225498
Phasianidae,44.93221942
Phasianidae,44.95964551
Phasianidae,44.78633824
Phasianidae,44.90084986
Phasianidae,44.8929808
Phasianidae,44.96734084
Phasianidae,44.87724268
Phasianidae,44.87724268
Phasianidae,44.95593327
Phasianidae,44.95593327
Phasianidae,44.95593327
Phasianidae,44.95947116
Phasianidae,44.94806421
Phasianidae,44.94019515
Phasianidae,44.9614234
Phasianidae,44.97167139
Phasianidae,44.97167139
Phasianidae,44.90070417
Phasianidae,44.8729047
Phasianidae,45.04072832
Phasianidae,44.98740951
Phasianidae,44.73642677
Phasianidae,44.72064394
Phasianidae,44.72064394
Phasianidae,44.72064394
Phasianidae,44.72853535
Phasianidae,44.73209383
Phasianidae,44.73746174
Phasianidae,44.77670513
Phasianidae,44.61441908
Phasianidae,44.61441908
Phasianidae,44.74778379
Phasianidae,44.76347376
Phasianidae,44.74778379
Phasianidae,44.73209383
Phasianidae,44.72424884
Phasianidae,44.73993881
Phasianidae,44.71640386
Phasianidae,44.73209383
Phasianidae,44.73993881
Phasianidae,44.74778379
Phasianidae,44.72424884
Phasianidae,44.72424884
Phasianidae,44.68418988
Phasianidae,44.59872911
Phasianidae,44.52027928
Phasianidae,44.54381423
Phasianidae,44.52027928
Phasianidae,44.67717894
Phasianidae,44.78700871
Phasianidae,44.65364399
Phasianidae,44.82623362
Phasianidae,44.82623362
Phasianidae,44.72961306
Phasianidae,44.75129452
Phasianidae,44.74344893
Phasianidae,44.72342095
Phasianidae,44.71123666
Phasianidae,44.72610265
Phasianidae,44.7225928
Phasianidae,44.70772852
Phasianidae,44.75047081
Phasianidae,44.70255847
Phasianidae,44.82187894
Phasianidae,44.74695959
Phasianidae,44.73312402
Phasianidae,44.75480581
Phasianidae,44.75129452
Phasianidae,44.72176438
Phasianidae,44.73746174
Phasianidae,44.76885645
Phasianidae,44.74531042
Phasianidae,44.76310207
Phasianidae,44.80025116
Phasianidae,44.77506477
Phasianidae,44.76100777
Phasianidae,44.79240248
Phasianidae,44.7845538
Phasianidae,44.79240248
Phasianidae,44.76885645
Phasianidae,44.67467232
Phasianidae,44.7554647
Phasianidae,44.74531042
Phasianidae,44.75315909
Phasianidae,44.79240248
Phasianidae,44.71391571
Phasianidae,44.71391571
Phasianidae,44.72961306
Phasianidae,44.71391571
Phasianidae,44.72961306
Phasianidae,44.72961306
Phasianidae,44.71391571
Phasianidae,44.77013752
Phasianidae,44.72961306
Phasianidae,44.75315909
Phasianidae,44.74531042
Phasianidae,44.72961306
Phasianidae,44.63795403
Phasianidae,44.6065741
Phasianidae,44.70855888
Phasianidae,44.70855888
Phasianidae,44.68068414
Phasianidae,44.73560333
Phasianidae,44.65196579
Phasianidae,44.77205352
Phasianidae,44.68502393
Phasianidae,44.74778379
Phasianidae,44.72424884
Phasianidae,44.20170699
Phasianidae,44.18604651
Phasianidae,44.17821627
Phasianidae,44.20170699
Phasianidae,44.18604651
Phasianidae,44.22519771
Phasianidae,44.20953723
Phasianidae,44.22519771
Phasianidae,44.19387675
Phasianidae,44.23302795
Phasianidae,44.15472555
Phasianidae,44.12340459
Phasianidae,44.17821627
Phasianidae,44.15472555
Phasianidae,44.13123483
Phasianidae,44.16255579
Phasianidae,44.13906507
Phasianidae,44.11557435
Phasianidae,44.14689531
Phasianidae,44.14689531
Phasianidae,44.13906507
Phasianidae,44.16255579
Phasianidae,44.13906507
Phasianidae,44.06859291
Phasianidae,44.08425339
Phasianidae,44.08425339
Phasianidae,44.13123483
Phasianidae,44.06859291
Phasianidae,44.12340459
Phasianidae,44.12340459
Phasianidae,44.13123483
Phasianidae,44.12340459
Phasianidae,44.06076267
Phasianidae,44.10774411
Phasianidae,44.09208363
Phasianidae,44.03727194
Phasianidae,44.17038603
Phasianidae,44.20953723
Phasianidae,44.24085819
Phasianidae,44.13123483
Phasianidae,44.13123483
Phasianidae,44.12340459
Phasianidae,44.14689531
Phasianidae,44.03727194
Phasianidae,44.09991387
Phasianidae,44.09991387
Phasianidae,44.13123483
Phasianidae,44.12340459
Phasianidae,44.10774411
Phasianidae,44.10774411
Phasianidae,44.13123483
Phasianidae,44.11557435
Phasianidae,44.10774411
Phasianidae,44.13906507
Phasianidae,44.15472555
Phasianidae,44.13906507
Phasianidae,44.15472555
Phasianidae,44.13123483
Phasianidae,44.13123483
Phasianidae,44.20170699
Phasianidae,44.14689531
Phasianidae,44.23302795
Phasianidae,44.21736747
Phasianidae,44.17821627
Phasianidae,44.17038603
Phasianidae,44.16255579
Phasianidae,44.12340459
Phasianidae,44.12340459
Phasianidae,44.17038603
Phasianidae,44.2431466
Phasianidae,44.2431466
Phasianidae,44.20170699
Phasianidae,44.25552201
Phasianidae,44.17038603
Phasianidae,44.17384495
Phasianidae,44.19387675
Phasianidae,44.20170699
Phasianidae,44.20953723
Phasianidae,44.15472555
Phasianidae,44.17821627
Phasianidae,44.16255579
Phasianidae,44.22519771
Phasianidae,44.21736747
Phasianidae,44.25651868
Phasianidae,44.22519771
Phasianidae,44.23302795
Phasianidae,44.21736747
Phasianidae,44.18604651
Phasianidae,44.22519771
Phasianidae,44.19114767
Phasianidae,44.18331375
Phasianidae,44.21464943
Phasianidae,44.19114767
Phasianidae,44.19114767
Phasianidae,44.18331375
Phasianidae,44.19114767
Phasianidae,44.16764591
Phasianidae,44.16764591
Phasianidae,44.19898159
Phasianidae,44.18331375
Phasianidae,44.21464943
Phasianidae,44.17547983
Phasianidae,44.18331375
Phasianidae,44.23031727
Phasianidae,44.18331375
Phasianidae,44.24598512
Phasianidae,44.13631022
Phasianidae,44.13631022
Phasianidae,44.19114767
Phasianidae,44.20681551
Phasianidae,44.19898159
Phasianidae,44.24598512
Phasianidae,44.16764591
Phasianidae,44.17547983
Phasianidae,44.18331375
Phasianidae,44.18331375
Phasianidae,44.19898159
Phasianidae,44.19114767
Phasianidae,44.19898159
Phasianidae,44.16764591
Phasianidae,44.21464943
Phasianidae,44.20681551
Phasianidae,44.21464943
Phasianidae,44.21464943
Phasianidae,44.21464943
Phasianidae,44.19114767
Phasianidae,44.18331375
Phasianidae,44.19114767
Phasianidae,44.18331375
Phasianidae,44.18331375
Phasianidae,44.19898159
Phasianidae,44.19898159
Phasianidae,44.18331375
Phasianidae,44.17547983
Phasianidae,44.15981199
Phasianidae,44.17547983
Phasianidae,44.16764591
Phasianidae,44.13631022
Phasianidae,44.17547983
Phasianidae,44.21464943
Phasianidae,44.22248335
Phasianidae,44.19114767
Phasianidae,44.22248335
Phasianidae,44.22248335
Phasianidae,44.21464943
Phasianidae,44.21464943
Phasianidae,44.20681551
Phasianidae,44.20681551
Phasianidae,44.21464943
Phasianidae,44.21464943
Phasianidae,44.24598512
Phasianidae,44.20681551
Phasianidae,44.21464943
Phasianidae,44.22248335
Phasianidae,44.15981199
Phasianidae,44.18331375
Phasianidae,44.16764591
Phasianidae,44.17875343
Phasianidae,44.22248335
Phasianidae,44.22248335
Phasianidae,44.23031727
Phasianidae,44.20681551
Phasianidae,44.15981199
Phasianidae,44.16764591
Phasianidae,44.16764591
Phasianidae,44.17547983
Phasianidae,44.19898159
Phasianidae,44.18331375
Phasianidae,44.22248335
Phasianidae,44.19114767
Phasianidae,44.18331375
Phasianidae,44.22248335
Phasianidae,44.21464943
Phasianidae,44.17547983
Phasianidae,44.21464943
Phasianidae,44.19898159
Phasianidae,44.21464943
Phasianidae,44.22248335
Phasianidae,44.25381904
Phasianidae,44.21464943
Phasianidae,44.17547983
Phasianidae,44.22248335
Phasianidae,44.23815119
Phasianidae,44.23031727
Phasianidae,44.23815119
Phasianidae,44.24598512
Phasianidae,44.21464943
Phasianidae,44.24598512
Phasianidae,44.23815119
Phasianidae,44.20681551
Phasianidae,44.15197807
Phasianidae,44.15981199
Phasianidae,44.18331375
Phasianidae,44.23815119
Phasianidae,44.19114767
Phasianidae,44.20681551
Phasianidae,44.19114767
Phasianidae,44.21464943
Phasianidae,44.23031727
Phasianidae,44.20681551
Phasianidae,44.23815119
Phasianidae,44.22248335
Phasianidae,44.19114767
Phasianidae,44.22248335
Phasianidae,44.20681551
Phasianidae,44.19114767
Phasianidae,44.22248335
Phasianidae,44.26165296
Phasianidae,44.20681551
Phasianidae,44.21464943
Phasianidae,44.19898159
Phasianidae,44.20681551
Phasianidae,44.19114767
Phasianidae,44.18331375
Phasianidae,44.19114767
Phasianidae,44.23031727
Phasianidae,44.21464943
Phasianidae,44.19114767
Phasianidae,44.21464943
Phasianidae,44.19114767
Phasianidae,44.20681551
Phasianidae,44.20681551
Phasianidae,44.19898159
Phasianidae,44.22248335
Phasianidae,44.20681551
Phasianidae,44.19898159
Phasianidae,44.23031727
Phasianidae,44.23031727
Phasianidae,44.21464943
Phasianidae,44.20681551
Phasianidae,44.22248335
Phasianidae,44.23815119
Phasianidae,44.19898159
Phasianidae,44.21464943
Phasianidae,44.19898159
Phasianidae,44.20681551
Phasianidae,44.21464943
Phasianidae,44.17547983
Phasianidae,44.23031727
Phasianidae,44.23031727
Phasianidae,44.18331375
Phasianidae,44.21464943
Phasianidae,44.22248335
Phasianidae,44.18331375
Phasianidae,44.23031727
Phasianidae,44.21464943
Phasianidae,44.18331375
Phasianidae,44.23258004
Phasianidae,44.17547983
Phasianidae,44.19898159
Phasianidae,44.20681551
Phasianidae,44.15981199
Phasianidae,44.18331375
Phasianidae,44.15981199
Phasianidae,44.15981199
Phasianidae,44.17547983
Phasianidae,44.14414414
Phasianidae,44.16764591
Phasianidae,44.16764591
Phasianidae,44.18331375
Phasianidae,44.18331375
Phasianidae,44.19114767
Phasianidae,44.15981199
Phasianidae,44.19114767
Phasianidae,44.18331375
Phasianidae,44.15981199
Phasianidae,44.17547983
Phasianidae,44.15197807
Phasianidae,44.17547983
Phasianidae,44.18331375
Phasianidae,44.17547983
Phasianidae,44.17547983
Phasianidae,44.17547983
Phasianidae,44.16764591
Phasianidae,44.16764591
Phasianidae,44.16764591
Phasianidae,44.18331375
Phasianidae,44.18331375
Phasianidae,44.17547983
Phasianidae,44.18331375
Phasianidae,44.17547983
Phasianidae,44.16764591
Phasianidae,44.18331375
Phasianidae,44.16764591
Phasianidae,44.18331375
Phasianidae,44.18331375
Phasianidae,44.17547983
Phasianidae,44.18331375
Phasianidae,44.18331375
Phasianidae,44.18331375
Phasianidae,44.19898159
Phasianidae,44.19898159
Phasianidae,44.17547983
Phasianidae,44.15981199
Phasianidae,44.15981199
Phasianidae,44.17547983
Phasianidae,44.17547983
Phasianidae,44.17547983
Phasianidae,44.19898159
Phasianidae,44.18331375
Phasianidae,44.20681551
Phasianidae,44.15981199
Phasianidae,44.14414414
Phasianidae,44.15981199
Phasianidae,44.19898159
Phasianidae,44.22248335
Phasianidae,44.16764591
Phasianidae,44.16764591
Phasianidae,44.19898159
Phasianidae,44.19114767
Phasianidae,44.19898159
Phasianidae,44.19114767
Phasianidae,44.20681551
Phasianidae,44.16764591
Phasianidae,44.20681551
Phasianidae,44.19114767
Phasianidae,44.18331375
Phasianidae,44.20681551
Phasianidae,44.19898159
Phasianidae,44.19898159
Phasianidae,44.15981199
Phasianidae,44.19898159
Phasianidae,44.15197807
Phasianidae,44.16673196
Phasianidae,44.24213762
Phasianidae,43.98246026
Phasianidae,44.02161146
Phasianidae,44.0294417
Phasianidae,44.55430006
Phasianidae,44.54645323
Phasianidae,44.46798493
Phasianidae,44.4601381
Phasianidae,44.49152542
Phasianidae,44.42090395
Phasianidae,44.49152542
Phasianidae,44.53075957
Phasianidae,44.59353421
Phasianidae,44.59353421
Phasianidae,44.53075957
Phasianidae,44.4601381
Phasianidae,44.51506591
Phasianidae,44.47583176
Phasianidae,44.43659761
Phasianidae,44.48367859
Phasianidae,44.50721908
Phasianidae,44.49937225
Phasianidae,44.5867379
Phasianidae,44.52291274
Phasianidae,44.5342541
Phasianidae,44.50721908
Phasianidae,44.49152542
Phasianidae,44.5386064
Phasianidae,44.55430006
Phasianidae,44.51506591
Phasianidae,44.56999372
Phasianidae,44.54645323
Phasianidae,44.59353421
Phasianidae,44.56999372
Phasianidae,44.60138104
Phasianidae,44.51855921
Phasianidae,44.54994899
Phasianidae,44.48367859
Phasianidae,44.49152542
Phasianidae,44.49152542
Phasianidae,44.57784055
Phasianidae,44.53075957
Phasianidae,44.40433213
Phasianidae,44.4052103
Phasianidae,44.53774918
Phasianidae,44.36945774
Phasianidae,44.31452562
Phasianidae,44.64846202
Phasianidae,44.37132785
Phasianidae,44.50721908
Phasianidae,44.65196579
Phasianidae,44.64846202
Phasianidae,44.57784055
Phasianidae,44.60922787
Phasianidae,44.63276836
Phasianidae,44.6170747
Phasianidae,44.56999372
Phasianidae,44.60488111
Phasianidae,44.49937225
Phasianidae,44.56564388
Phasianidae,44.56999372
Phasianidae,44.67550812
Phasianidae,44.67200251
Phasianidae,44.78970496
Phasianidae,44.64411834
Phasianidae,44.69905046
Phasianidae,44.7068979
Phasianidae,44.5342541
Phasianidae,44.58568738
Phasianidae,44.51071176
Phasianidae,44.6118829
Phasianidae,44.57784055
Phasianidae,44.56999372
Phasianidae,44.57698948
Phasianidae,44.57784055
Phasianidae,44.56214689
Phasianidae,44.59353421
Phasianidae,44.55430006
Phasianidae,44.53075957
Phasianidae,44.63010905
Phasianidae,44.56214689
Phasianidae,44.68769617
Phasianidae,44.65630885
Phasianidae,44.46798493
Phasianidae,44.44008475
Phasianidae,44.60138104
Phasianidae,44.326742
Phasianidae,44.33458883
Phasianidae,44.35376285
Phasianidae,44.38166981
Phasianidae,44.36597615
Phasianidae,44.51855921
Phasianidae,44.49937225
Phasianidae,44.620576
Phasianidae,44.57349133
Phasianidae,44.60138104
Phasianidae,44.46887022
Phasianidae,44.53075957
Phasianidae,44.56214689
Phasianidae,44.57784055
Phasianidae,44.59353421
Phasianidae,44.54210155
Phasianidae,44.60138104
Phasianidae,44.56999372
Phasianidae,44.49937225
Phasianidae,44.50721908
Phasianidae,44.52291274
Phasianidae,44.57784055
Phasianidae,44.59268561
Phasianidae,44.57784055
Phasianidae,44.57784055
Phasianidae,44.43138177
Phasianidae,44.41049745
Phasianidae,44.37906959
Phasianidae,44.38691457
Phasianidae,44.44967443
Phasianidae,44.30061975
Phasianidae,44.33199969
Phasianidae,44.36337962
Phasianidae,44.31711146
Phasianidae,44.34768965
Phasianidae,44.30846474
Phasianidae,44.3197866
Phasianidae,44.34768965
Phasianidae,44.29277477
Phasianidae,44.26139484
Phasianidae,44.3040954
Phasianidae,44.29277477
Phasianidae,44.23785989
Phasianidae,44.20647996
Phasianidae,44.24570487
Phasianidae,44.40260453
Phasianidae,44.48893076
Phasianidae,44.40260453
Phasianidae,44.40260453
Phasianidae,44.45751942
Phasianidae,44.44531618
Phasianidae,44.42613948
Phasianidae,44.48105437
Phasianidae,44.4653644
Phasianidae,44.44182945
Phasianidae,44.53596925
Phasianidae,44.5410401
Phasianidae,44.73209383
Phasianidae,44.80269867
Phasianidae,44.63502506
Phasianidae,44.57236842
Phasianidae,44.59586466
Phasianidae,44.10196078
Phasianidae,44.06859291
Phasianidae,44.09208363
Phasianidae,44.06076267
Phasianidae,44.09208363
Phasianidae,44.06859291
Phasianidae,44.20953723
Phasianidae,44.17100489
Phasianidae,44.17100489
Phasianidae,44.07564344
Phasianidae,44.1698054
Phasianidae,44.07564344
Phasianidae,44.09566517
Phasianidae,44.12272442
Phasianidae,44.46548323
Phasianidae,44.80473373
Phasianidae,43.86047608
Phasianidae,44.58097038
Phasianidae,44.66103701
Phasianidae,44.66761185
Phasianidae,44.68336484
Phasianidae,44.57309389
Phasianidae,44.55734089
Phasianidae,44.62822936
Phasianidae,44.61247637
Phasianidae,44.53038674
Phasianidae,44.54983796
Phasianidae,44.79630808
Phasianidae,44.51546717
Phasianidae,44.2568371
Phasianidae,44.25803403
Phasianidae,44.38405797
Phasianidae,44.47157033
Phasianidae,44.48113208
Phasianidae,44.56530307
Phasianidae,44.07259015
Phasianidae,44.40978887
Phasianidae,44.55128205
Phasianidae,44.54681471
Phasianidae,44.37618147
Phasianidae,44.37618147
Phasianidae,44.26591052
Phasianidae,44.26591052
Phasianidae,44.26591052
Phasianidae,44.26591052
Phasianidae,44.26591052
Phasianidae,44.26591052
Phasianidae,44.26591052
Phasianidae,44.26591052
Phasianidae,44.26591052
Phasianidae,44.26591052
Phasianidae,44.26591052
Phasianidae,44.26591052
Phasianidae,44.25803403
Phasianidae,44.25803403
Phasianidae,44.02961563
Phasianidae,44.01732966
Phasianidae,43.99023314
Phasianidae,43.99023314
Phasianidae,43.99023314
Phasianidae,43.99023314
Phasianidae,44.06112161
Phasianidae,44.06112161
Phasianidae,44.06112161
Phasianidae,44.06112161
Phasianidae,44.06112161
Phasianidae,44.06112161
Phasianidae,44.17139256
Phasianidae,44.0926276
Phasianidae,44.0926276
Phasianidae,44.09517057
Phasianidae,44.1005041
Phasianidae,44.0926276
Phasianidae,44.0926276
Phasianidae,44.0926276
Phasianidae,44.0926276
Phasianidae,44.0926276
Phasianidae,44.0926276
Phasianidae,44.0926276
Phasianidae,44.0926276
Phasianidae,44.0926276
Phasianidae,44.09169686
Phasianidae,44.19502205
Phasianidae,44.11625709
Phasianidae,44.12413359
Phasianidae,44.12413359
Phasianidae,44.11625709
Phasianidae,44.13201008
Phasianidae,44.13201008
Phasianidae,44.07246948
Phasianidae,44.0847511
Phasianidae,44.07687461
Phasianidae,44.06112161
Phasianidae,44.05324512
Phasianidae,44.05324512
Phasianidae,44.03749212
Phasianidae,44.06112161
Phasianidae,44.04536862
Phasianidae,44.05324512
Phasianidae,44.05324512
Phasianidae,44.05324512
Phasianidae,44.03749212
Phasianidae,44.05324512
Phasianidae,44.17139256
Phasianidae,44.15563957
Phasianidae,44.16351607
Phasianidae,44.17139256
Phasianidae,44.17926906
Phasianidae,44.17139256
Phasianidae,44.17139256
Phasianidae,44.17139256
Phasianidae,44.17139256
Phasianidae,44.17139256
Phasianidae,44.16351607
Phasianidae,44.17926906
Phasianidae,44.17139256
Phasianidae,44.17139256
Phasianidae,44.16351607
Phasianidae,44.24757855
Phasianidae,44.0847511
Phasianidae,44.1924561
Phasianidae,44.76881805
Phasianidae,44.71794872
Phasianidae,44.70922434
Phasianidae,44.71005917
Phasianidae,44.69428008
Phasianidae,44.64723078
Phasianidae,44.63103122
Phasianidae,44.16686307
Phasianidae,44.33330708
Phasianidae,44.33419954
Phasianidae,44.10583511
Phasianidae,44.23182928
Phasianidae,44.20820537
Phasianidae,44.59650779
Phasianidae,44.55468935
Phasianidae,44.26654109
Phasianidae,44.48654195
Phasianidae,44.46815236
Phasianidae,44.64971209
Phasianidae,44.43654742
Phasianidae,44.42075338
Phasianidae,44.48168542
Phasianidae,44.52347084
Phasianidae,44.52877925
Phasianidae,44.60397224
Phasianidae,44.61817895
Phasianidae,44.51551765
Phasianidae,44.57079681
Phasianidae,44.48918364
Phasianidae,44.3286763
Phasianidae,44.52600837
Phasianidae,44.37332069
Phasianidae,44.51566952
Phasianidae,44.65751263
Phasianidae,44.61805556
Phasianidae,44.63383838
Phasianidae,44.72736008
Phasianidae,44.47077409
Phasianidae,44.57391994
Phasianidae,44.50319627
Phasianidae,44.48918364
Phasianidae,44.48918364
Phasianidae,44.74784942
Phasianidae,44.86055147
Phasianidae,44.55492424
Phasianidae,44.60227273
Phasianidae,44.54703283
Phasianidae,44.56686627
Phasianidae,44.62237094
Phasianidae,44.60936877
Phasianidae,44.79166667
Phasianidae,44.79166667
Phasianidae,44.71191792
Phasianidae,44.68907828
Phasianidae,44.70486111
Phasianidae,44.5505485
Phasianidae,44.68907828
Phasianidae,44.60227273
Phasianidae,44.73642677
Phasianidae,44.73642677
Phasianidae,44.74431818
Phasianidae,44.92501973
Phasianidae,44.4207702
Phasianidae,44.58382643
Phasianidae,44.55226824
Phasianidae,44.54000316
Phasianidae,44.52595047
Phasianidae,44.52595047
Phasianidae,44.53383814
Phasianidae,44.35782345
Phasianidae,44.31845027
Phasianidae,44.52335859
Phasianidae,44.38144736
Phasianidae,44.14776307
Phasianidae,44.21077505
Phasianidae,44.23001182
Phasianidae,44.23001182
Phasianidae,44.3131695
Phasianidae,44.3131695
Phasianidae,44.3131695
Phasianidae,44.32364295
Phasianidae,44.321046
Phasianidae,44.13201008
Phasianidae,44.28954001
Phasianidae,44.25015753
Phasianidae,44.26553003
Phasianidae,44.24185019
Phasianidae,44.22606362
Phasianidae,44.32078301
Phasianidae,44.21027705
Phasianidae,44.19008525
Phasianidae,44.18567932
Phasianidae,44.2339569
Phasianidae,44.24974347
Phasianidae,44.26553003
Phasianidae,44.33399602
Phasianidae,44.38131313
Phasianidae,44.34446286
Phasianidae,44.32078301
Phasianidae,44.53390165
Phasianidae,44.46811869
Phasianidae,44.53125
Phasianidae,44.68118687
Phasianidae,44.59438131
Phasianidae,44.65751263
Phasianidae,44.5102218
Phasianidae,44.29800331
Phasianidae,44.43655303
Phasianidae,44.56804734
Phasianidae,44.63905325
Phasianidae,44.63383838
Phasianidae,44.35281181
Phasianidae,44.59770115
Phasianidae,44.95506858
Phasianidae,44.94183714
Phasianidae,44.80217844
Phasianidae,44.86658702
Phasianidae,44.77647621
Phasianidae,44.9655283
Phasianidae,44.79340154
Phasianidae,44.87300836
Phasianidae,44.70960095
Phasianidae,44.86209614
Phasianidae,44.65558195
Phasianidae,44.81819638
Phasianidae,44.88930758
Phasianidae,44.89171375
Phasianidae,44.56214689
Phasianidae,44.19937206
Phasianidae,44.50200141
Phasianidae,44.54645323
Phasianidae,44.20375167
Phasianidae,44.58048819
Phasianidae,45.15622547
Phasianidae,45.14483083
Phasianidae,45.19623234
Phasianidae,45.06710619
Phasianidae,45.08280355
Phasianidae,45.0985009
Phasianidae,44.95801617
Phasianidae,44.9477899
Phasianidae,44.70338983
Phasianidae,44.73477715
Phasianidae,44.75831764
Phasianidae,44.78185813
Phasianidae,44.31067044
Phasianidae,44.32640856
Phasianidae,43.82278879
Phasianidae,43.83065785
Phasianidae,43.37899543
Phasianidae,43.36324988
Phasianidae,43.27664935
Phasianidae,43.27664935
Phasianidae,43.30026767
Phasianidae,43.33175878
Phasianidae,43.323886
Phasianidae,43.36324988
Phasianidae,43.2643099
Phasianidae,43.38686821
Phasianidae,43.39563126
Phasianidae,43.53645095
Phasianidae,44.18201858
Phasianidae,44.01669028
Phasianidae,44.25287356
Phasianidae,44.18989136
Phasianidae,44.05605416
Phasianidae,43.599463
Phasianidae,43.72539758
Phasianidae,43.73175542
Phasianidae,43.70019724
Phasianidae,43.67816092
Phasianidae,43.67997475
Phasianidae,43.69177325
Phasianidae,43.67752623
Phasianidae,43.69031647
Phasianidae,44.34727803
Phasianidae,43.93796253
Phasianidae,44.24500079
Phasianidae,44.33160132
Phasianidae,44.20837268
Phasianidae,44.19776413
Phasianidae,44.26861912
Phasianidae,44.24500079
Phasianidae,44.13755115
Phasianidae,44.35001574
Phasianidae,44.16195857
Phasianidae,44.20903955
Phasianidae,44.12690915
Phasianidae,43.90147938
Phasianidae,44.04030861
Phasianidae,44.10329082
Phasianidae,44.44444444
Phasianidae,44.07609125
Phasianidae,44.82379719
Phasianidae,45.22407974
Phasianidae,43.39474099
Phasianidae,43.46814316
Phasianidae,43.52439907
Phasianidae,43.4236616
Phasianidae,43.33252368
Phasianidae,43.40589998
Phasianidae,43.41048654
Phasianidae,43.70965202
Phasianidae,43.69358763
Phasianidae,44.84734322
Phasianidae,44.06926407
Phasianidae,44.06926407
Phasianidae,43.9376034
Phasianidae,44.14797324
Phasianidae,43.9376034
Phasianidae,44.14797324
Phasianidae,44.56214689
Phasianidae,44.56214689
Phasianidae,43.9905549
Phasianidae,43.9905549
Phasianidae,44.29752066
Phasianidae,44.04565132
Phasianidae,44.14010232
Phasianidae,43.80952381
Phasianidae,43.90647142
Phasianidae,43.90647142
Phasianidae,44.12690915
Phasianidae,44.35261708
Phasianidae,43.77804014
Phasianidae,44.4077135
Phasianidae,44.43132625
Phasianidae,43.9682277
Phasianidae,43.93545848
Phasianidae,43.97481307
Phasianidae,44.03496338
Phasianidae,43.9433294
Phasianidae,44.20943411
Phasianidae,44.27366596
Phasianidae,44.24771797
Phasianidae,44.22894986
Phasianidae,43.40187505
Phasianidae,44.16607579
Phasianidae,44.21077505
Phasianidae,44.07407407
Phasianidae,43.92471848
Phasianidae,43.87498032
Phasianidae,43.8961039
Phasianidae,43.8961039
Phasianidae,43.8961039
Phasianidae,43.8961039
Phasianidae,43.90647142
Phasianidae,43.86462023
Phasianidae,43.88036206
Phasianidae,43.87249115
Phasianidae,43.96945363
Phasianidae,44.10074774
Phasianidae,44.10074774
Phasianidae,43.9143442
Phasianidae,43.9143442
Phasianidae,44.16508539
Phasianidae,44.14010232
Phasianidae,44.16461428
Phasianidae,43.91184573
Phasianidae,44.10583511
Phasianidae,44.12945901
Phasianidae,43.57581483
Phasianidae,43.92758756
Phasianidae,43.8961039
Phasianidae,43.91184573
Phasianidae,43.91971665
Phasianidae,44.06139315
Phasianidae,43.88285309
Phasianidae,44.00094473
Phasianidae,44.27851409
Phasianidae,44.04818139
Phasianidae,43.83313656
Phasianidae,44.14010232
Phasianidae,43.78003624
Phasianidae,43.76427952
Phasianidae,43.78003624
Phasianidae,44.17945691
Phasianidae,44.0850059
Phasianidae,44.20306966
Phasianidae,44.20306966
Phasianidae,44.45490935
Phasianidae,44.56479083
Phasianidae,44.38427125
Phasianidae,44.46275803
Phasianidae,44.17613636
Phasianidae,43.8052399
Phasianidae,43.72632576
Phasianidae,43.83680556
Phasianidae,43.75789141
Phasianidae,43.79734848
Phasianidae,44.64327761
Phasianidae,44.64327761
Phasianidae,44.44444444
Phasianidae,44.45232467
Phasianidae,44.46020489
Phasianidae,44.36803415
Phasianidae,44.37593866
Phasianidae,44.37593866
Phasianidae,44.48384555
Phasianidae,44.27107959
Phasianidae,44.31048069
Phasianidae,44.35776202
Phasianidae,44.27317999
Phasianidae,44.46020489
Phasianidae,44.11764706
Phasianidae,44.1842126
Phasianidae,44.16331678
Phasianidae,44.26578387
Phasianidae,44.52330258
Phasianidae,44.49436431
Phasianidae,44.20529801
Phasianidae,44.65615934
Phasianidae,44.72064394
Phasianidae,44.75987698
Phasianidae,44.95722471
Phasianidae,44.55983384
Phasianidae,44.58498024
Phasianidae,43.89877422
Phasianidae,43.88546116
Phasianidae,44.53063163
Phasianidae,44.21510478
Phasianidae,44.14393041
Phasianidae,44.17556346
Phasianidae,44.23092131
Phasianidae,44.09648082
Phasianidae,44.21510478
Phasianidae,44.15974694
Phasianidae,44.50771056
Phasianidae,44.49980229
Phasianidae,44.49189403
Phasianidae,44.84734322
Phasianidae,45.25333966
Phasianidae,45.08280355
Phasianidae,45.04080352
Phasianidae,44.99724908
Phasianidae,44.97366973
Phasianidae,45.01572327
Phasianidae,45.00629129
Phasianidae,45.01726303
Phasianidae,44.83407861
Phasianidae,44.68502393
Phasianidae,44.45751942
Phasianidae,44.45751942
Phasianidae,44.48889935
Phasianidae,44.52027928
Phasianidae,44.48889935
Phasianidae,44.52027928
Phasianidae,44.48105437
Phasianidae,44.44182945
Phasianidae,44.58303915
Phasianidae,44.48105437
Phasianidae,44.40781728
Phasianidae,44.66933396
Phasianidae,44.59872911
Phasianidae,44.59088413
Phasianidae,44.54381423
Phasianidae,44.61441908
Phasianidae,44.59872911
Phasianidae,44.59872911
Phasianidae,44.59872911
Phasianidae,45.20946318
Phasianidae,45.22518274
Phasianidae,45.22518274
Phasianidae,45.22518274
Phasianidae,45.23304252
Phasianidae,45.22518274
Phasianidae,45.2409023
Phasianidae,45.20946318
Phasianidae,45.25662187
Phasianidae,45.22518274
Phasianidae,45.19374361
Phasianidae,45.18588383
Phasianidae,45.19374361
Phasianidae,45.24876208
Phasianidae,45.23304252
Phasianidae,45.17016427
Phasianidae,45.16230449
Phasianidae,45.17016427
Phasianidae,45.23921569
Phasianidae,45.23921569
Phasianidae,45.2016034
Phasianidae,45.22518274
Phasianidae,45.24876208
Phasianidae,45.19374361
Phasianidae,45.21732296
Phasianidae,45.2016034
Phasianidae,45.17802405
Phasianidae,45.18588383
Phasianidae,45.20946318
Phasianidae,45.20946318
Phasianidae,45.2016034
Phasianidae,45.18588383
Phasianidae,45.2016034
Phasianidae,45.21732296
Phasianidae,45.24876208
Phasianidae,45.28719286
Phasianidae,45.26349056
Phasianidae,45.14380009
Phasianidae,45.15165802
Phasianidae,45.14380009
Phasianidae,45.10404397
Phasianidae,45.10404397
Phasianidae,45.08833922
Phasianidae,45.14380009
Phasianidae,45.15165802
Phasianidae,45.15165802
Phasianidae,45.12080326
Phasianidae,45.14380009
Phasianidae,45.03654798
Phasianidae,45.26017922
Phasianidae,45.25662187
Phasianidae,45.26448165
Phasianidae,45.22518274
Phasianidae,45.20946318
Phasianidae,44.82512491
Phasianidae,44.81719407
Phasianidae,45.20580538
Phasianidae,45.23809524
Phasianidae,45.19094767
Phasianidae,45.21452145
Phasianidae,45.24425625
Phasianidae,45.24425625
Phasianidae,45.24425625
Phasianidae,45.22857367
Phasianidae,45.24425625
Phasianidae,45.24425625
Phasianidae,45.24425625
Phasianidae,45.24425625
Phasianidae,45.24425625
Phasianidae,45.24425625
Phasianidae,45.21452145
Phasianidae,45.15951595
Phasianidae,45.06522081
Phasianidae,45.07584689
Phasianidae,44.92651104
Phasianidae,45.14582187
Phasianidae,45.16230449
Phasianidae,44.92205952
Phasianidae,44.54138175
Phasianidae,44.59726504
Phasianidae,44.33641609
Phasianidae,44.52612442
Phasianidae,44.49450636
Phasianidae,44.44268775
Phasianidae,44.46026097
Phasianidae,44.48660185
Phasianidae,44.47869734
Phasianidae,44.41897233
Phasianidae,44.47695106
Phasianidae,44.4549838
Phasianidae,44.4549838
Phasianidae,44.41106719
Phasianidae,44.40755671
Phasianidae,44.3996522
Phasianidae,44.3996522
Phasianidae,44.51031539
Phasianidae,44.36803415
Phasianidae,44.2810845
Phasianidae,44.23365742
Phasianidae,44.38380003
Phasianidae,44.39174769
Phasianidae,44.41457823
Phasianidae,44.42687747
Phasianidae,44.43127026
Phasianidae,44.42336574
Phasianidae,44.38384317
Phasianidae,44.40755671
Phasianidae,44.40755671
Phasianidae,44.40755671
Phasianidae,44.44268775
Phasianidae,44.44707928
Phasianidae,44.44707928
Phasianidae,44.40667246
Phasianidae,44.37593866
Phasianidae,44.62888309
Phasianidae,44.65259663
Phasianidae,44.62888309
Phasianidae,44.60079051
Phasianidae,44.5735515
Phasianidae,44.57974223
Phasianidae,44.56916996
Phasianidae,44.5735515
Phasianidae,44.60346327
Phasianidae,44.61307407
Phasianidae,44.63241107
Phasianidae,44.63241107
Phasianidae,44.66403162
Phasianidae,44.67631017
Phasianidae,44.6921192
Phasianidae,44.64469212
Phasianidae,44.69481341
Phasianidae,44.70002371
Phasianidae,44.70792823
Phasianidae,44.64384536
Phasianidae,44.65965689
Phasianidae,44.53402893
Phasianidae,44.50949367
Phasianidae,44.54983796
Phasianidae,44.54983796
Phasianidae,44.59726504
Phasianidae,44.58498024
Phasianidae,44.58936052
Phasianidae,44.58936052
Phasianidae,44.58145601
Phasianidae,44.58326744
Phasianidae,44.62718431
Phasianidae,44.66671938
Phasianidae,44.67631017
Phasianidae,44.58936052
Phasianidae,44.58498024
Phasianidae,44.55249842
Phasianidae,44.59726504
Phasianidae,44.54983796
Phasianidae,44.21844084
Phasianidae,44.54545455
Phasianidae,44.34432061
Phasianidae,44.36803415
Phasianidae,44.36803415
Phasianidae,44.43917477
Phasianidae,44.59883812
Phasianidae,44.68268929
Phasianidae,45.04907735
Phasianidae,45.08048685
Phasianidae,44.8083569
Phasianidae,44.63024023
Phasianidae,44.76734953
Phasianidae,44.96289278
Phasianidae,44.94426127
Phasianidae,44.84005345
Phasianidae,44.95247074
Phasianidae,45.0310315
Phasianidae,45.08879459
Phasianidae,45.08879459
Phasianidae,45.08879459
Phasianidae,45.11236838
Phasianidae,45.10173619
Phasianidae,45.1331605
Phasianidae,45.14887265
Phasianidae,45.16458481
Phasianidae,45.07816796
Phasianidae,45.07816796
Phasianidae,45.06245581
Phasianidae,45.07816796
Phasianidae,45.22743342
Phasianidae,45.22743342
Phasianidae,45.2667138
Phasianidae,45.12482336
Phasianidae,45.12051503
Phasianidae,45.10912231
Phasianidae,45.09188001
Phasianidae,45.10404397
Phasianidae,45.08833922
Phasianidae,45.08557073
Phasianidae,45.08602404
Phasianidae,45.10715411
Phasianidae,45.09696161
Phasianidae,45.1060487
Phasianidae,45.11189635
Phasianidae,45.12252592
Phasianidae,45.12051503
Phasianidae,45.1331605
Phasianidae,45.09156645
Phasianidae,45.11236838
Phasianidae,45.2932283
Phasianidae,45.18029696
Phasianidae,45.18815304
Phasianidae,45.1904201
Phasianidae,45.19827248
Phasianidae,45.01178319
Phasianidae,45.12530442
Phasianidae,45.10173619
Phasianidae,45.10173619
Phasianidae,45.07816796
Phasianidae,45.3088166
Phasianidae,44.600644
Phasianidae,44.6171967
Phasianidae,44.99724908
Phasianidae,45.28016555
Phasianidae,45.22680575
Phasianidae,45.1951952
Phasianidae,45.25051367
Phasianidae,45.27129312
Phasianidae,45.33045977
Phasianidae,45.31673847
Phasianidae,45.256917
Phasianidae,45.25408994
Phasianidae,45.26098355
Phasianidae,45.26215292
Phasianidae,45.20634921
Phasianidae,45.23714309
Phasianidae,45.21890311
Phasianidae,45.24618668
Phasianidae,45.28885015
Phasianidae,45.10826616
Phasianidae,45.11183119
Phasianidae,45.17439083
Phasianidae,45.09602466
Phasianidae,45.09246088
Phasianidae,45.05294768
Phasianidae,45.06085032
Phasianidae,45.12156364
Phasianidae,45.03714241
Phasianidae,45.15134751
Phasianidae,45.17411353
Phasianidae,45.17439083
Phasianidae,45.22465209
Phasianidae,45.24261103
Phasianidae,45.25051367
Phasianidae,45.27256903
Phasianidae,45.22680575
Phasianidae,45.256917
Phasianidae,45.2565727
Phasianidae,45.26631895
Phasianidae,45.26864475
Phasianidae,45.23182507
Phasianidae,45.2528626
Phasianidae,45.27193331
Phasianidae,45.24976288
Phasianidae,45.26156782
Phasianidae,45.34623381
Phasianidae,45.23753063
Phasianidae,45.2604949
Phasianidae,45.21221737
Phasianidae,45.28541899
Phasianidae,45.30179965
Phasianidae,45.20233955
Phasianidae,45.23188749
Phasianidae,45.26833916
Phasianidae,45.00981547
Phasianidae,45.02552022
Phasianidae,45.02552022
Phasianidae,45.03930818
Phasianidae,44.81106136
Phasianidae,45.10873863
Phasianidae,45.1370783
Phasianidae,45.1370783
Phasianidae,45.07710558
Phasianidae,45.07710558
Phasianidae,45.15132309
Phasianidae,45.12127676
Phasianidae,45.1370783
Phasianidae,45.18448289
Phasianidae,45.04632929
Phasianidae,45.01307138
Phasianidae,44.98574144
Phasianidae,44.98930524
Phasianidae,44.99366286
Phasianidae,45.00158428
Phasianidae,44.93479644
Phasianidae,45.01505785
Phasianidae,44.89373557
Phasianidae,44.97806143
Phasianidae,44.91169716
Phasianidae,44.91961669
Phasianidae,44.98889946
Phasianidae,44.87994912
Phasianidae,44.89747068
Phasianidae,44.87920792
Phasianidae,44.87758498
Phasianidae,45.03049022
Phasianidae,44.97455471
Phasianidae,44.95741463
Phasianidae,44.92395891
Phasianidae,45.10037293
Phasianidae,45.19774011
Phasianidae,45.16282386
Phasianidae,45.10728602
Phasianidae,45.21335223
Phasianidae,45.16868136
Phasianidae,45.1370783
Phasianidae,45.12840774
Phasianidae,45.13274336
Phasianidae,45.1370783
Phasianidae,45.15287983
Phasianidae,45.12127676
Phasianidae,45.1370783
Phasianidae,45.14497906
Phasianidae,45.16716844
Phasianidae,45.16129032
Phasianidae,45.09447387
Phasianidae,45.07722772
Phasianidae,45.06363133
Phasianidae,45.07086864
Phasianidae,45.07287706
Phasianidae,45.05494505
Phasianidae,45.05459472
Phasianidae,45.06128905
Phasianidae,45.03991779
Phasianidae,45.07644775
Phasianidae,45.06730008
Phasianidae,45.09353202
Phasianidae,45.08313539
Phasianidae,45.11170971
Phasianidae,45.0843698
Phasianidae,45.11266265
Phasianidae,45.07164912
Phasianidae,45.05572682
Phasianidae,45.1031746
Phasianidae,45.0785839
Phasianidae,45.0857911
Phasianidae,45.10719089
Phasianidae,45.10671937
Phasianidae,45.07944036
Phasianidae,45.0513834
Phasianidae,45.05572682
Phasianidae,45.06363133
Phasianidae,45.11896293
Phasianidae,45.08391387
Phasianidae,45.1257238
Phasianidae,45.06673022
Phasianidae,45.12359908
Phasianidae,45.09275408
Phasianidae,45.09041878
Phasianidae,45.06529482
Phasianidae,45.07944036
Phasianidae,45.07446046
Phasianidae,45.03122777
Phasianidae,45.10397578
Phasianidae,45.03557312
Phasianidae,45.02755811
Phasianidae,45.08216242
Phasianidae,45.05572682
Phasianidae,45.05494505
Phasianidae,45.03991779
Phasianidae,45.05572682
Phasianidae,45.07410636
Phasianidae,45.00237229
Phasianidae,45.07075658
Phasianidae,45.05928854
Phasianidae,45.11218584
Phasianidae,45.01309212
Phasianidae,45.15822032
Phasianidae,45.09368053
Phasianidae,45.1462081
Phasianidae,45.15165802
Phasianidae,45.15165802
Phasianidae,44.66797642
Phasianidae,44.44970414
Phasianidae,44.48126233
Phasianidae,44.30310169
Phasianidae,44.73684211
Phasianidae,44.87390997
Phasianidae,44.76565577
Phasianidae,44.72393609
Phasianidae,44.654534
Phasianidae,44.654534
Phasianidae,44.53609867
Phasianidae,44.53609867
Phasianidae,44.70449173
Phasianidae,44.70449173
Phasianidae,44.67850099
Phasianidae,44.65988807
Phasianidae,44.654534
Phasianidae,44.654534
Phasianidae,44.654534
Phasianidae,44.654534
Phasianidae,44.90970744
Phasianidae,44.9436431
Phasianidae,44.9436431
Phasianidae,44.76431509
Phasianidae,44.7844998
Phasianidae,44.71123666
Phasianidae,45.07219083
Phasianidae,44.83678594
Phasianidae,45.01726303
Phasianidae,45.12281252
Phasianidae,45.11927181
Phasianidae,44.98619329
Phasianidae,43.76210458
Phasianidae,44.52903539
Phasianidae,44.55904693
Phasianidae,44.59838232
Phasianidae,44.15840025
Phasianidae,44.3394741
Phasianidae,44.44181833
Phasianidae,44.41562525
Phasianidae,44.40504334
Phasianidae,44.38418612
Phasianidae,44.30045596
Phasianidae,44.43134481
Phasianidae,44.28200896
Phasianidae,44.41562525
Phasianidae,44.41562525
Phasianidae,44.38418612
Phasianidae,44.39990568
Phasianidae,44.43134481
Phasianidae,43.95050051
Phasianidae,44.10026011
Phasianidae,44.06873177
Phasianidae,43.83781614
Phasianidae,44.18769158
Phasianidae,43.59034819
Phasianidae,43.57462863
Phasianidae,43.89687967
Phasianidae,43.97765906
Phasianidae,44.0619205
Phasianidae,44.10123399
Phasianidae,44.11695355
Phasianidae,44.70755387
Phasianidae,45.08293373
Phasianidae,44.53873959
Phasianidae,44.78503498
Phasianidae,44.78503498
Phasianidae,44.2319949
Phasianidae,44.17119886
Phasianidae,44.14876563
Phasianidae,44.15779093
Phasianidae,44.08935527
Phasianidae,44.03944773
Phasianidae,44.22879684
Phasianidae,44.13412229
Phasianidae,44.19723866
Phasianidae,44.1561533
Phasianidae,44.09467456
Phasianidae,44.16568047
Phasianidae,44.17357002
Phasianidae,44.2165514
Phasianidae,44.13412229
Phasianidae,44.47071806
Phasianidae,44.22637345
Phasianidae,44.37874488
Phasianidae,44.37086093
Phasianidae,44.38662882
Phasianidae,44.43393251
Phasianidae,44.60749507
Phasianidae,44.21949064
Phasianidae,44.32658309
Phasianidae,44.38658777
Phasianidae,44.50789119
Phasianidae,44.52859961
Phasianidae,44.37869822
Phasianidae,44.38658777
Phasianidae,44.47337278
Phasianidae,44.47337278
Phasianidae,44.54351771
Phasianidae,44.52071006
Phasianidae,44.4760101
Phasianidae,44.50319627
Phasianidae,44.4418146
Phasianidae,44.46548323
Phasianidae,44.48915187
Phasianidae,44.46548323
Phasianidae,44.45759369
Phasianidae,44.49704142
Phasianidae,44.47337278
Phasianidae,44.43392505
Phasianidae,44.51282051
Phasianidae,44.51282051
Phasianidae,44.44970414
Phasianidae,44.46110147
Phasianidae,44.61890484
Phasianidae,44.59960552
Phasianidae,44.61538462
Phasianidae,44.59960552
Phasianidae,44.5443787
Phasianidae,44.6031746
Phasianidae,44.62685383
Phasianidae,44.37316861
Phasianidae,44.47086801
Phasianidae,44.38108814
Phasianidae,44.3937575
Phasianidae,44.5443787
Phasianidae,44.55226824
Phasianidae,44.54789332
Phasianidae,44.55578349
Phasianidae,44.45759369
Phasianidae,44.44707181
Phasianidae,44.63817182
Phasianidae,44.42068909
Phasianidae,44.49436431
Phasianidae,44.45759369
Phasianidae,44.29191321
Phasianidae,44.38658777
Phasianidae,44.40236686
Phasianidae,44.67983813
Phasianidae,44.38662882
Phasianidae,44.50766556
Phasianidae,44.40236686
Phasianidae,44.48915187
Phasianidae,44.34768586
Phasianidae,44.01577909
Phasianidae,44.00788955
Phasianidae,43.98454746
Phasianidae,44.01608325
Phasianidae,44.04761905
Phasianidae,43.86587771
Phasianidae,44.0546733
Phasianidae,44
Phasianidae,43.99936794
Phasianidae,44.00788955
Phasianidae,43.99211045
Phasianidae,43.92493889
Phasianidae,43.90494237
Phasianidae,43.91667982
Phasianidae,43.87376726
Phasianidae,43.84761003
Phasianidae,43.87336176
Phasianidae,43.84803342
Phasianidae,44.09780106
Phasianidae,43.96436174
Phasianidae,44.23668639
Phasianidae,44.21318196
Phasianidae,44.08678501
Phasianidae,44.08678501
Phasianidae,44.04676115
Phasianidae,44.28751775
Phasianidae,44.35502959
Phasianidae,44.52859961
Phasianidae,44.46548323
Phasianidae,44.62967373
Phasianidae,44.5443787
Phasianidae,44.50055231
Phasianidae,44.48654195
Phasianidae,44.5443787
Phasianidae,44.53648915
Phasianidae,44.57593688
Phasianidae,44.55226824
Phasianidae,44.57593688
Phasianidae,44.53648915
Phasianidae,44.54186414
Phasianidae,44.41025641
Phasianidae,44.30769231
Phasianidae,44.15338488
Phasianidae,44.15799432
Phasianidae,44.07127089
Phasianidae,44.18164617
Phasianidae,44.28154804
Phasianidae,43.95613066
Phasianidae,44.02366864
Phasianidae,44.04733728
Phasianidae,43.89877422
Phasianidae,44.03090995
Phasianidae,44.08678501
Phasianidae,44.14053289
Phasianidae,44.19741406
Phasianidae,44.24471775
Phasianidae,44.20529801
Phasianidae,44.06338694
Phasianidae,44.04761905
Phasianidae,44.03185115
Phasianidae,44.67614534
Phasianidae,44.07127089
Phasianidae,44.58382643
Phasianidae,44.70216963
Phasianidae,44.77317554
Phasianidae,44.47337278
Phasianidae,44.51282051
Phasianidae,44.41814596
Phasianidae,44.48915187
Phasianidae,44.2209073
Phasianidae,44.34714004
Phasianidae,44.34714004
Phasianidae,44.42165062
Phasianidae,44.21210447
Phasianidae,44.54789332
Phasianidae,44.4418146
Phasianidae,44.44970414
Phasianidae,44.62327416
Phasianidae,44.6469428
Phasianidae,44.61550608
Phasianidae,44.48395764
Phasianidae,44.47339334
Phasianidae,44.46549818
Phasianidae,44.47339334
Phasianidae,44.54789332
Phasianidae,44.46548323
Phasianidae,44.45759369
Phasianidae,44.4260355
Phasianidae,44.61538462
Phasianidae,44.70216963
Phasianidae,44.52859961
Phasianidae,44.42338073
Phasianidae,44.44970414
Phasianidae,44.54430779
Phasianidae,44.61526332
Phasianidae,44.5443787
Phasianidae,44.52071006
Phasianidae,44.64201043
Phasianidae,44.36291913
Phasianidae,44.4260355
Phasianidae,44.39447732
Phasianidae,44.57593688
Phasianidae,44.49704142
Phasianidae,44.46548323
Phasianidae,44.26824458
Phasianidae,44.57419765
Phasianidae,44.37598736
Phasianidae,44.49968434
Phasianidae,44.58734417
Phasianidae,44.59960552
Phasianidae,44.60749507
Phasianidae,44.60749507
Phasianidae,44.62327416
Phasianidae,44.34624793
Phasianidae,44.48915187
Phasianidae,44.43654742
Phasianidae,44.48126233
Phasianidae,44.47337278
Phasianidae,44.29180483
Phasianidae,44.45759369
Phasianidae,44.31558185
Phasianidae,44.43392505
Phasianidae,44.40236686
Phasianidae,44.33925049
Phasianidae,44.59781057
Phasianidae,44.50844248
Phasianidae,44.49704142
Phasianidae,44.43902835
Phasianidae,44.57593688
Phasianidae,44.58307012
Phasianidae,44.51282051
Phasianidae,44.28920988
Phasianidae,44.58382643
Phasianidae,44.61538462
Phasianidae,44.53648915
Phasianidae,44.45759369
Phasianidae,44.40587029
Phasianidae,44.61538462
Phasianidae,44.63905325
Phasianidae,44.57593688
Phasianidae,44.61101468
Phasianidae,44.58382643
Phasianidae,44.59960552
Phasianidae,44.56015779
Phasianidae,44.50493097
Phasianidae,44.41025641
Phasianidae,44.51195455
Phasianidae,44.62327416
Phasianidae,44.64991307
Phasianidae,44.58297167
Phasianidae,44.48915187
Phasianidae,44.63905325
Phasianidae,44.67061144
Phasianidae,44.52859961
Phasianidae,44.63116371
Phasianidae,44.65483235
Phasianidae,44.62327416
Phasianidae,44.61538462
Phasianidae,44.71794872
Phasianidae,44.71794872
Phasianidae,44.72583826
Phasianidae,44.69428008
Phasianidae,44.4418146
Phasianidae,44.43392505
Phasianidae,44.46548323
Phasianidae,44.66571835
Phasianidae,44.65483235
Phasianidae,44.59171598
Phasianidae,44.59960552
Phasianidae,44.63905325
Phasianidae,44.6049412
Phasianidae,44.38916528
Phasianidae,44.60260973
Phasianidae,44.44970414
Phasianidae,44.31818182
Phasianidae,44.55492424
Phasianidae,44.49944994
Phasianidae,44.35319945
Phasianidae,44.34974747
Phasianidae,44.46021607
Phasianidae,44.48126233
Phasianidae,44.50670876
Phasianidae,44.24457594
Phasianidae,44.2209073
Phasianidae,44.2209073
Phasianidae,44.58382643
Phasianidae,44.49704142
Phasianidae,44.49968434
Phasianidae,44.30399747
Phasianidae,44.56804734
Phasianidae,44.59438131
Phasianidae,44.57070707
Phasianidae,44.59438131
Phasianidae,44.34974747
Phasianidae,44.34714004
Phasianidae,44.41376045
Phasianidae,44.53920872
Phasianidae,44.51811508
Phasianidae,44.50757576
Phasianidae,44.54444971
Phasianidae,44.53914141
Phasianidae,44.51546717
Phasianidae,44.51282051
Phasianidae,44.22606362
Phasianidae,44.2209073
Phasianidae,44.32957146
Phasianidae,44.31558185
Phasianidae,44.47337278
Phasianidae,44.51984534
Phasianidae,44.52071006
Phasianidae,44.53648915
Phasianidae,44.49179293
Phasianidae,44.50757576
Phasianidae,44.50232852
Phasianidae,44.39447732
Phasianidae,44.37080868
Phasianidae,44.6469428
Phasianidae,44.62327416
Phasianidae,44.69428008
Phasianidae,44.52071006
Phasianidae,44.57593688
Phasianidae,44.68639053
Phasianidae,44.39447732
Phasianidae,44.34280212
Phasianidae,44.31019506
Phasianidae,44.29980276
Phasianidae,44.28402367
Phasianidae,44.31809208
Phasianidae,44.28661616
Phasianidae,44.53648915
Phasianidae,44.54931571
Phasianidae,44.53914141
Phasianidae,44.75256993
Phasianidae,44.81094763
Phasianidae,44.35763889
Phasianidae,44.51282051
Phasianidae,44.31558185
Phasianidae,44.14201183
Phasianidae,44.35515639
Phasianidae,44.30933079
Phasianidae,44.28402367
Phasianidae,44.2547811
Phasianidae,44.21720174
Phasianidae,44.16015162
Phasianidae,44.16087231
Phasianidae,44.15686893
Phasianidae,44.2810845
Phasianidae,44.08143939
Phasianidae,44.4418146
Phasianidae,44.36291913
Phasianidae,44.33925049
Phasianidae,44.39798012
Phasianidae,44.16568047
Phasianidae,44.17357002
Phasianidae,44.13412229
Phasianidae,44.28402367
Phasianidae,44.27613412
Phasianidae,44.37869822
Phasianidae,44.54968822
Phasianidae,44.61805556
Phasianidae,44.43392505
Phasianidae,44.31558185
Phasianidae,44.26824458
Phasianidae,44.29191321
Phasianidae,44.29191321
Phasianidae,44.42165062
Phasianidae,44.4260355
Phasianidae,44.33925049
Phasianidae,44.48126233
Phasianidae,44.50493097
Phasianidae,44.51282051
Phasianidae,44.53648915
Phasianidae,44.4418146
Phasianidae,44.59171598
Phasianidae,44.29980276
Phasianidae,44.33731131
Phasianidae,44.57183522
Phasianidae,44.56985004
Phasianidae,44.38451777
Phasianidae,44.5216293
Phasianidae,44.39447732
Phasianidae,44.63905325
Phasianidae,44.60249723
Phasianidae,44.55226824
Phasianidae,44.33136095
Phasianidae,44.1183432
Phasianidae,44.17357002
Phasianidae,44.37869822
Phasianidae,44.37869822
Phasianidae,44.37869822
Phasianidae,44.37869822
Phasianidae,44.40236686
Phasianidae,44.26824458
Phasianidae,44.29980276
Phasianidae,44.49704142
Phasianidae,44.23529412
Phasianidae,44.4260355
Phasianidae,44.34714004
Phasianidae,44.47337278
Phasianidae,44.46557325
Phasianidae,44.46279692
Phasianidae,44.56813517
Phasianidae,44.46548323
Phasianidae,44.60294817
Phasianidae,44.21559343
Phasianidae,44.20512821
Phasianidae,44.50844248
Phasianidae,44.59960552
Phasianidae,44.53648915
Phasianidae,44.67850099
Phasianidae,44.46548323
Phasianidae,44.46548323
Phasianidae,44.66272189
Phasianidae,44.44971162
Phasianidae,44.40236686
Phasianidae,44.41814596
Phasianidae,44.61538462
Phasianidae,44.18145957
Phasianidae,44.52859961
Phasianidae,44.58382643
Phasianidae,44.66004102
Phasianidae,44.66004102
Phasianidae,44.64257535
Phasianidae,44.3822023
Phasianidae,44.39437065
Phasianidae,44.48915187
Phasianidae,44.4418146
Phasianidae,44.32973189
Phasianidae,44.55226824
Phasianidae,44.57156383
Phasianidae,44.4560838
Phasianidae,44.50493097
Phasianidae,44.56804734
Phasianidae,44.49939197
Phasianidae,44.6820262
Phasianidae,44.61915297
Phasianidae,44.35852927
Phasianidae,44.59960552
Phasianidae,44.61101468
Phasianidae,44.58563536
Phasianidae,44.55327281
Phasianidae,44.57097667
Phasianidae,44.58382643
Phasianidae,44.5735515
Phasianidae,44.38920455
Phasianidae,44.40498737
Phasianidae,44.24701887
Phasianidae,44.46811869
Phasianidae,44.46811869
Phasianidae,44.53648915
Phasianidae,44.45759369
Phasianidae,44.49179293
Phasianidae,44.46548323
Phasianidae,44.34446286
Phasianidae,44.56804734
Phasianidae,44.57345972
Phasianidae,44.4532113
Phasianidae,44.29990539
Phasianidae,44.29990539
Phasianidae,44.23577685
Phasianidae,44.19301427
Phasianidae,44.32607323
Phasianidae,44.32607323
Phasianidae,44.2243964
Phasianidae,44.31378739
Phasianidae,44.30239899
Phasianidae,44.31199179
Phasianidae,44.40236686
Phasianidae,44.40236686
Phasianidae,44.40236686
Phasianidae,44.41287879
Phasianidae,44.56015779
Phasianidae,44.5592993
Phasianidae,44.56804734
Phasianidae,44.37070396
Phasianidae,44.3234714
Phasianidae,44.56804734
Phasianidae,44.54000316
Phasianidae,44.26824458
Phasianidae,44.25740979
Phasianidae,43.79250356
Phasianidae,44.26035503
Phasianidae,44.26035503
Phasianidae,44.43911793
Phasianidae,44.11506193
Phasianidae,44.17357002
Phasianidae,44.28402367
Phasianidae,44.22879684
Phasianidae,44.22879684
Phasianidae,44.09467456
Phasianidae,44.07889546
Phasianidae,44.23668639
Phasianidae,44.24457594
Phasianidae,44.24457594
Phasianidae,44.24457594
Phasianidae,44.26824458
Phasianidae,44.26824458
Phasianidae,44.12623274
Phasianidae,44.12623274
Phasianidae,44.07796102
Phasianidae,44.05522682
Phasianidae,44.20512821
Phasianidae,44.20512821
Phasianidae,44.56547478
Phasianidae,44.41814596
Phasianidae,44.44970414
Phasianidae,44.44970414
Phasianidae,44.50757576
Phasianidae,44.53648915
Phasianidae,44.59960552
Phasianidae,44.6469428
Phasianidae,44.56761006
Phasianidae,44.60691824
Phasianidae,44.46540881
Phasianidae,44.19723866
Phasianidae,44.21301775
Phasianidae,44.21301775
Phasianidae,44.18934911
Phasianidae,44.22894986
Phasianidae,44.41814596
Phasianidae,44.39709596
Phasianidae,44.28751775
Phasianidae,44.28819719
Phasianidae,44.21634426
Phasianidae,44.28402367
Phasianidae,44.23668639
Phasianidae,44.78098418
Phasianidae,44.70216963
Phasianidae,44.51633265
Phasianidae,44.60749507
Phasianidae,44.55226824
Phasianidae,44.60227273
Phasianidae,44.61538462
Phasianidae,44.58126135
Phasianidae,44.56727732
Phasianidae,44.59171598
Phasianidae,44.59960552
Phasianidae,44.52859961
Phasianidae,44.5443787
Phasianidae,44.66272189
Phasianidae,44.51282051
Phasianidae,44.4189542
Phasianidae,44.48915187
Phasianidae,44.47337278
Phasianidae,44.59171598
Phasianidae,44.38658777
Phasianidae,44.5443787
Phasianidae,44.52071006
Phasianidae,44.43655303
Phasianidae,44.4418146
Phasianidae,44.46548323
Phasianidae,44.44970414
Phasianidae,44.47337278
Phasianidae,44.47337278
Phasianidae,44.4260355
Phasianidae,44.2243964
Phasianidae,44.55226824
Phasianidae,44.47337278
Phasianidae,44.58059926
Phasianidae,44.45759369
Phasianidae,44.53441296
Phasianidae,44.47926712
Phasianidae,44.43304663
Phasianidae,44.37869822
Phasianidae,44.38706602
Phasianidae,44.43392505
Phasianidae,44.45759369
Phasianidae,44.33136095
Phasianidae,44.48126233
Phasianidae,44.59910913
Phasianidae,44.3234714
Phasianidae,44.5443787
Phasianidae,44.48242964
Phasianidae,44.5443787
Phasianidae,44.48915187
Phasianidae,44.63370397
Phasianidae,44.39532681
Phasianidae,44.37869822
Phasianidae,44.39447732
Phasianidae,44.46811869
Phasianidae,44.50757576
Phasianidae,44.38912597
Phasianidae,44.54013906
Phasianidae,44.60482726
Phasianidae,44.47337278
Phasianidae,44.35502959
Phasianidae,44.4418146
Phasianidae,44.44970414
Phasianidae,44.40236686
Phasianidae,44.35502959
Phasianidae,44.33925049
Phasianidae,44.45759369
Phasianidae,43.74213836
Phasianidae,43.75786164
Phasianidae,43.76572327
Phasianidae,44.47337278
Phasianidae,44.4593528
Phasianidae,44.45759369
Phasianidae,44.46548323
Phasianidae,44.48126233
Phasianidae,44.05061238
Phasianidae,44.10148675
Phasianidae,44.4076289
Phasianidae,44.29115128
Phasianidae,44.30520305
Phasianidae,44.3366982
Phasianidae,44.45759369
Phasianidae,44.43392505
Phasianidae,44.47337278
Phasianidae,44.47073671
Phasianidae,44.17769979
Phasianidae,44.19141651
Phasianidae,44.31679296
Phasianidae,44.42389006
Phasianidae,44.28493549
Phasianidae,44.25312473
Phasianidae,44.20478786
Phasianidae,44.17862839
Phasianidae,44.21951605
Phasianidae,44.20828066
Phasianidae,44.20794429
Phasianidae,44.2265106
Phasianidae,44.28368121
Phasianidae,44.22666561
Phasianidae,44.24247214
Phasianidae,44.23988622
Phasianidae,44.38155485
Phasianidae,44.23806513
Phasianidae,44.25814616
Phasianidae,44.29779499
Phasianidae,44.31800221
Phasianidae,44.31800221
Phasianidae,44.30219693
Phasianidae,44.30569825
Phasianidae,44.31710402
Phasianidae,44.16619696
Phasianidae,44.50497395
Phasianidae,44.17042131
Phasianidae,44.43653618
Phasianidae,44.32851158
Phasianidae,44.40206595
Phasianidae,44.16428798
Phasianidae,44.47337278
Phasianidae,44.50493097
Phasianidae,44.48915187
Phasianidae,44.41814596
Phasianidae,44.41025641
Phasianidae,44.53648915
Phasianidae,44.41814596
Phasianidae,44.51282051
Phasianidae,44.55226824
Phasianidae,44.56323751
Phasianidae,44.52600837
Phasianidae,44.52071006
Phasianidae,44.41814596
Phasianidae,44.48126233
Phasianidae,44.50523311
Phasianidae,44.42338073
Phasianidae,44.45496882
Phasianidae,44.44181086
Phasianidae,44.41025641
Phasianidae,44.4418146
Phasianidae,44.50493097
Phasianidae,44.41025641
Phasianidae,44.52071006
Phasianidae,44.51282051
Phasianidae,44.59171598
Phasianidae,44.40236686
Phasianidae,44.47337278
Phasianidae,44.4418146
Phasianidae,44.37869822
Phasianidae,44.39447732
Phasianidae,44.39447732
Phasianidae,44.37395924
Phasianidae,44.50757576
Phasianidae,44.5182199
Phasianidae,44.51282051
Phasianidae,44.45759369
Phasianidae,44.33969738
Phasianidae,44.22879684
Phasianidae,44.29735234
Phasianidae,44.27589476
Phasianidae,44.25263158
Phasianidae,44.4549913
Phasianidae,44.37080868
Phasianidae,44.39447732
Phasianidae,44.43392505
Phasianidae,44.48915187
Phasianidae,44.52071006
Phasianidae,44.59171598
Phasianidae,44.48126233
Phasianidae,44.63116371
Phasianidae,44.63116371
Phasianidae,44.36705273
Phasianidae,44.48126233
Phasianidae,44.49266214
Phasianidae,44.26824458
Phasianidae,44.25246548
Phasianidae,44.29540792
Phasianidae,44.31558185
Phasianidae,44.25944922
Phasianidae,44.27613412
Phasianidae,44.20770202
Phasianidae,44.18990442
Phasianidae,44.37080868
Phasianidae,44.46548323
Phasianidae,44.48126233
Phasianidae,44.52859961
Phasianidae,44.31907843
Phasianidae,44.46548323
Phasianidae,44.59171598
Phasianidae,44.59171598
Phasianidae,44.63116371
Phasianidae,44.4260355
Phasianidae,44.68625894
Phasianidae,44.53648915
Phasianidae,44.52859961
Phasianidae,44.45759369
Phasianidae,44.47337278
Phasianidae,44.44970414
Phasianidae,44.52071006
Phasianidae,44.37869822
Phasianidae,44.38658777
Phasianidae,44.45759369
Phasianidae,44.61538462
Phasianidae,44.56804734
Phasianidae,44.66272189
Phasianidae,44.52071006
Phasianidae,44.58382643
Phasianidae,44.42332066
Phasianidae,44.4260355
Phasianidae,44.30769231
Phasianidae,44.38131313
Phasianidae,44.47337278
Phasianidae,44.39359268
Phasianidae,44.46548323
Phasianidae,44.56804734
Phasianidae,44.41025641
Phasianidae,44.33046635
Phasianidae,44.38219978
Phasianidae,44.65333968
Phasianidae,44.50055231
Phasianidae,44.48477197
Phasianidae,44.38658777
Phasianidae,44.4646098
Phasianidae,44.41902658
Phasianidae,44.41814596
Phasianidae,44.46548323
Phasianidae,44.58522591
Phasianidae,44.52600837
Phasianidae,44.29363103
Phasianidae,44.55226824
Phasianidae,44.37869822
Phasianidae,44.4260355
Phasianidae,44.41814596
Phasianidae,44.19723866
Phasianidae,44.29540792
Phasianidae,44.36291913
Phasianidae,44.52859961
Phasianidae,44.52071006
Phasianidae,44.54387076
Phasianidae,44.33925049
Phasianidae,44.35951078
Phasianidae,44.40236686
Phasianidae,44.4418146
Phasianidae,44.41814596
Phasianidae,44.40236686
Phasianidae,44.39451277
Phasianidae,44.37086093
Phasianidae,44.33932513
Phasianidae,44.32355724
Phasianidae,44.30239899
Phasianidae,44.38662882
Phasianidae,44.38662882
Phasianidae,44.27613412
Phasianidae,44.28402367
Phasianidae,44.29191321
Phasianidae,44.28402367
Phasianidae,44.11857458
Phasianidae,44.19741406
Phasianidae,44.18164617
Phasianidae,44.18164617
Phasianidae,44.18164617
Phasianidae,44.2683696
Phasianidae,44.32355724
Phasianidae,44.16587827
Phasianidae,44.16587827
Phasianidae,44.22894986
Phasianidae,44.22894986
Phasianidae,44.22106591
Phasianidae,44.12645853
Phasianidae,44.23759565
Phasianidae,44.23850461
Phasianidae,44.22712934
Phasianidae,44.24729911
Phasianidae,44.24729911
Phasianidae,44.22530767
Phasianidae,44.23926768
Phasianidae,44.23228657
Phasianidae,44.22879684
Phasianidae,44.29990539
Phasianidae,44.29990539
Phasianidae,44.15799432
Phasianidae,44.17908095
Phasianidae,44.15707302
Phasianidae,44.32587401
Phasianidae,43.84263639
Phasianidae,43.88994008
Phasianidae,44.07127089
Phasianidae,44.13689772
Phasianidae,44.11045365
Phasianidae,44.10511364
Phasianidae,44.08703879
Phasianidae,44.05897658
Phasianidae,44.06311637
Phasianidae,44.03503235
Phasianidae,44.05522682
Phasianidae,44.03879514
Phasianidae,44.04761905
Phasianidae,44.12530577
Phasianidae,44.12530577
Phasianidae,44.04761905
Phasianidae,44.2841375
Phasianidae,44.07127089
Phasianidae,44.08703879
Phasianidae,44.18953012
Phasianidae,44.33144119
Phasianidae,44.34542587
Phasianidae,44.2526017
Phasianidae,44.31647866
Phasianidae,44.39451277
Phasianidae,44.29371402
Phasianidae,44.1968871
Phasianidae,44.41548183
Phasianidae,44.41816462
Phasianidae,44.41537852
Phasianidae,44.29890318
Phasianidae,44.31907843
Phasianidae,44.16055516
Phasianidae,44.20529801
Phasianidae,44.22803974
Phasianidae,44.19741406
Phasianidae,44.22894986
Phasianidae,44.2526017
Phasianidae,44.23683381
Phasianidae,44.2526017
Phasianidae,44.22894986
Phasianidae,44.21318196
Phasianidae,44.2683696
Phasianidae,44.362088
Phasianidae,44.39182256
Phasianidae,44.37874488
Phasianidae,44.2841375
Phasianidae,44.23785989
Phasianidae,44.26139484
Phasianidae,44.20647996
Phasianidae,44.20647996
Phasianidae,44.15941006
Phasianidae,44.19078999
Phasianidae,44.10449518
Phasianidae,44.28943013
Phasianidae,44.48648223
Phasianidae,44.20119272
Phasianidae,44.0006278
Phasianidae,44.00847524
Phasianidae,44.25946286
Phasianidae,43.94724447
Phasianidae,43.95604396
Phasianidae,43.90550192
Phasianidae,43.94034537
Phasianidae,43.90282255
Phasianidae,43.91870684
Phasianidae,43.87370405
Phasianidae,43.92655367
Phasianidae,44.30519429
Phasianidae,44.32794639
Phasianidae,44.29292133
Phasianidae,44.2674657
Phasianidae,44.30599369
Phasianidae,44.16679805
Phasianidae,44.0913371
Phasianidae,44.23577685
Phasianidae,44.118109
Phasianidae,44.03547324
Phasianidae,44.03108076
Phasianidae,44.0128688
Phasianidae,44.0913371
Phasianidae,44.34371305
Phasianidae,44.36825097
Phasianidae,44.36386568
Phasianidae,44.12272442
Phasianidae,43.97363465
Phasianidae,44.08044623
Phasianidae,44.06846196
Phasianidae,44.13841808
Phasianidae,44.09825773
Phasianidae,44.10956754
Phasianidae,44.11302983
Phasianidae,44.09825773
Phasianidae,43.99717514
Phasianidae,44.38658777
Phasianidae,44.3699203
Phasianidae,44.20181317
Phasianidae,44.19998423
Phasianidae,44.22637345
Phasianidae,44.38574357
Phasianidae,44.39362877
Phasianidae,44.27535089
Phasianidae,44.17510002
Phasianidae,44.16331678
Phasianidae,44.31737519
Phasianidae,44.30859036
Phasianidae,44.32607323
Phasianidae,44.30769231
Phasianidae,44.31728493
Phasianidae,44.32167943
Phasianidae,44.31907843
Phasianidae,44.29990539
Phasianidae,44.31907843
Phasianidae,44.49152542
Phasianidae,44.12367881
Phasianidae,44.18164617
Phasianidae,44.27366596
Phasianidae,44.48648223
Phasianidae,44.41554347
Phasianidae,44.47860014
Phasianidae,44.38662882
Phasianidae,44.38662882
Phasianidae,44.39189722
Phasianidae,44.47071806
Phasianidae,44.45495389
Phasianidae,44.08349027
Phasianidae,44.35553464
Phasianidae,44.18294501
Phasianidae,44.16725504
Phasianidae,44.16725504
Phasianidae,44.15941006
Phasianidae,44.41816462
Phasianidae,44.49436431
Phasianidae,44.49436431
Phasianidae,44.40501538
Phasianidae,44.42516953
Phasianidae,44.3197866
Phasianidae,44.29535468
Phasianidae,44.31015539
Phasianidae,44.28323608
Phasianidae,44.44532051
Phasianidae,44.19981061
Phasianidae,44.28943013
Phasianidae,44.52589265
Phasianidae,44.47335225
Phasianidae,44.46110147
Phasianidae,44.48648223
Phasianidae,44.43831297
Phasianidae,44.43743594
Phasianidae,44.32095846
Phasianidae,44.33380749
Phasianidae,44.31558185
Phasianidae,44.31217974
Phasianidae,44.362088
Phasianidae,44.41466299
Phasianidae,44.5382794
Phasianidae,44.512772
Phasianidae,44.62835974
Phasianidae,44.44707181
Phasianidae,44.23785989
Phasianidae,44.18294501
Phasianidae,44.46283597
Phasianidae,44.49436431
Phasianidae,44.47071806
Phasianidae,44.47071806
Phasianidae,44.47071806
Phasianidae,44.10449518
Phasianidae,44.11234016
Phasianidae,44.43130764
Phasianidae,44.44707181
Phasianidae,44.44707181
Phasianidae,44.44707181
Phasianidae,44.16725504
Phasianidae,44.3524868
Phasianidae,44.49436431
Phasianidae,44.43918972
Phasianidae,44.39475955
Phasianidae,44.33136095
Phasianidae,44.29980276
Phasianidae,44.21657096
Phasianidae,44.33144119
Phasianidae,44.2683696
Phasianidae,44.26048565
Phasianidae,44.22894986
Phasianidae,44.22894986
Phasianidae,44.23683381
Phasianidae,44.3915973
Phasianidae,44.32475039
Phasianidae,44.24471775
Phasianidae,44.26048565
Phasianidae,44.22106591
Phasianidae,44.3330624
Phasianidae,44.52071006
Phasianidae,44.5216293
Phasianidae,44.52422282
Phasianidae,44.52859961
Phasianidae,44.40236686
Phasianidae,44.39447732
Phasianidae,44.46548323
Phasianidae,44.51282051
Phasianidae,44.38131313
Phasianidae,44.39733019
Phasianidae,44.47337278
Phasianidae,44.42681476
Phasianidae,44.41814596
Phasianidae,44.62327416
Phasianidae,44.30769231
Phasianidae,44.35502959
Phasianidae,44.28402367
Phasianidae,44.37080868
Phasianidae,44.18934911
Phasianidae,44.37080868
Phasianidae,44.52071006
Phasianidae,44.48915187
Phasianidae,44.34714004
Phasianidae,44.48915187
Phasianidae,44.46899164
Phasianidae,44.4418146
Phasianidae,44.43392505
Phasianidae,44.37869822
Phasianidae,44.44970414
Phasianidae,44.31549029
Phasianidae,44.32607323
Phasianidae,44.3234714
Phasianidae,44.3234714
Phasianidae,44.33136095
Phasianidae,44.33136095
Phasianidae,44.46548323
Phasianidae,44.65934416
Phasianidae,44.3234714
Phasianidae,44.53648915
Phasianidae,44.59960552
Phasianidae,44.56015779
Phasianidae,44.56015779
Phasianidae,44.59171598
Phasianidae,44.59438131
Phasianidae,44.58382643
Phasianidae,44.52071006
Phasianidae,44.5443787
Phasianidae,44.58382643
Phasianidae,44.49704142
Phasianidae,44.6469428
Phasianidae,44.57593688
Phasianidae,44.61538462
Phasianidae,44.56015779
Phasianidae,44.57593688
Phasianidae,44.61538462
Phasianidae,44.51282051
Phasianidae,44.58734417
Phasianidae,44.57593688
Phasianidae,44.56015779
Phasianidae,44.59960552
Phasianidae,44.58382643
Phasianidae,44.59171598
Phasianidae,44.52859961
Phasianidae,44.53648915
Phasianidae,44.57593688
Phasianidae,44.56804734
Phasianidae,44.48126233
Phasianidae,44.61538462
Phasianidae,44.58382643
Phasianidae,44.55226824
Phasianidae,44.56367366
Phasianidae,44.58382643
Phasianidae,44.57593688
Phasianidae,44.56804734
Phasianidae,44.39447732
Phasianidae,44.47872172
Phasianidae,44.52071006
Phasianidae,44.46717818
Phasianidae,44.52935359
Phasianidae,44.5971564
Phasianidae,44.43128897
Phasianidae,44.44707554
Phasianidae,44.4068343
Phasianidae,44.40760912
Phasianidae,44.39182256
Phasianidae,44.40760912
Phasianidae,44.44707554
Phasianidae,44.42339569
Phasianidae,44.56804734
Phasianidae,44.54608215
Phasianidae,44.35509303
Phasianidae,44.35509303
Phasianidae,44.34720908
Phasianidae,44.42604857
Phasianidae,44.54430779
Phasianidae,44.41814596
Phasianidae,44.34714004
Phasianidae,44.36291913
Phasianidae,44.34192887
Phasianidae,44.40236686
Phasianidae,44.40239672
Phasianidae,44.33380749
Phasianidae,44.58382643
Phasianidae,44.60749507
Phasianidae,44.66272189
Phasianidae,44.5443787
Phasianidae,44.63905325
Phasianidae,44.6469428
Phasianidae,44.48915187
Phasianidae,44.62327416
Phasianidae,44.55226824
Phasianidae,44.53648915
Phasianidae,44.56804734
Phasianidae,44.37080868
Phasianidae,44.63116371
Phasianidae,44.41025641
Phasianidae,44.45763114
Phasianidae,44.29980276
Phasianidae,44.29980276
Phasianidae,44.29980276
Phasianidae,44.44970414
Phasianidae,44.46548323
Phasianidae,44.46548323
Phasianidae,44.36291913
Phasianidae,44.56804734
Phasianidae,44.39968404
Phasianidae,44.49704142
Phasianidae,44.52859961
Phasianidae,44.6469428
Phasianidae,44.59502298
Phasianidae,44.51282051
Phasianidae,44.4418146
Phasianidae,44.39798012
Phasianidae,44.62679501
Phasianidae,44.56804734
Phasianidae,44.59960552
Phasianidae,44.47337278
Phasianidae,44.56804734
Phasianidae,44.61538462
Phasianidae,44.49266214
Phasianidae,44.38658777
Phasianidae,44.37869822
Phasianidae,44.45759369
Phasianidae,44.52347084
Phasianidae,44.50493097
Phasianidae,44.52071006
Phasianidae,44.58734417
Phasianidae,44.2013476
Phasianidae,44.61538462
Phasianidae,44.23668639
Phasianidae,44.59960552
Phasianidae,44.31558185
Phasianidae,44.43393251
Phasianidae,44.24505929
Phasianidae,44.25232907
Phasianidae,44.2547811
Phasianidae,44.27613412
Phasianidae,44.43392505
Phasianidae,44.4418146
Phasianidae,44.40236686
Phasianidae,44.43743096
Phasianidae,43.82199779
Phasianidae,44.18916785
Phasianidae,44.46548323
Phasianidae,44.48126233
Phasianidae,44.35502959
Phasianidae,44.36291913
Phasianidae,44.02366864
Phasianidae,44.09467456
Phasianidae,44.22894986
Phasianidae,44.07340317
Phasianidae,44.13434248
Phasianidae,44.23683381
Phasianidae,44.09908488
Phasianidae,44.11069063
Phasianidae,44.14201183
Phasianidae,44.10280669
Phasianidae,43.88125691
Phasianidae,43.91283752
Phasianidae,44.17843748
Phasianidae,44.61223848
Phasianidae,44.58864244
Phasianidae,44.46548323
Phasianidae,44.57593688
Phasianidae,44.48915187
Phasianidae,44.67061144
Phasianidae,44.65483235
Phasianidae,44.21301775
Phasianidae,44.85178177
Phasianidae,44.4418146
Phasianidae,44.52859961
Phasianidae,44.10655351
Phasianidae,44.07486042
Phasianidae,44.14563183
Phasianidae,44.39447732
Phasianidae,44.46303378
Phasianidae,44.41025641
Phasianidae,44.50048031
Phasianidae,44.327848
Phasianidae,44.30769231
Phasianidae,44.4260355
Phasianidae,44.34714004
Phasianidae,44.31419458
Phasianidae,44.35502959
Phasianidae,44.22908192
Phasianidae,44.19928826
Phasianidae,44.62022826
Phasianidae,44.68403242
Phasianidae,44.36291913
Phasianidae,44.70216963
Phasianidae,44.02708875
Phasianidae,44.55587393
Phasianidae,44.47327044
Phasianidae,44.41718762
Phasianidae,44.29076621
Phasianidae,44.27942794
Phasianidae,44.19299073
Phasianidae,44.21565545
Phasianidae,44.20870658
Phasianidae,44.21218075
Phasianidae,44.30210626
Phasianidae,44.25585416
Phasianidae,44.24361493
Phasianidae,44.26371209
Phasianidae,44.26719057
Phasianidae,44.20870658
Phasianidae,44.25585416
Phasianidae,44.19299073
Phasianidae,44.05940594
Phasianidae,44.28728587
Phasianidae,44.25585416
Phasianidae,44.31085966
Phasianidae,44.27157001
Phasianidae,44.2951438
Phasianidae,44.31085966
Phasianidae,44.32657551
Phasianidae,44.33443344
Phasianidae,44.27942794
Phasianidae,44.47852761
Phasianidae,44.48636328
Phasianidae,44.31845027
Phasianidae,44.46793517
Phasianidae,44.10631438
Phasianidae,44.01981599
Phasianidae,44.08272391
Phasianidae,44.07967249
Phasianidae,44.1798318
Phasianidae,44.0933742
Phasianidae,43.92045901
Phasianidae,44.03835573
Phasianidae,43.92831879
Phasianidae,43.94403836
Phasianidae,43.92831879
Phasianidae,43.79470251
Phasianidae,43.7554036
Phasianidae,43.77898294
Phasianidae,43.76326338
Phasianidae,43.92831879
Phasianidae,44.0933742
Phasianidae,43.8418612
Phasianidae,43.83400141
Phasianidae,43.73182426
Phasianidae,43.7554036
Phasianidae,43.88901989
Phasianidae,43.90473945
Phasianidae,43.88901989
Phasianidae,43.80256229
Phasianidae,43.78684273
Phasianidae,44.06193508
Phasianidae,44.01477639
Phasianidae,43.77112316
Phasianidae,43.99119704
Phasianidae,43.89423077
Phasianidae,43.95189814
Phasianidae,43.95189814
Phasianidae,43.90473945
Phasianidae,44.03835573
Phasianidae,43.92045901
Phasianidae,43.92831879
Phasianidae,43.91259923
Phasianidae,44.01477639
Phasianidae,43.93617857
Phasianidae,43.85758076
Phasianidae,43.92045901
Phasianidae,43.73968404
Phasianidae,43.74754382
Phasianidae,43.92449862
Phasianidae,44.14982829
Phasianidae,43.78684273
Phasianidae,44.13434248
Phasianidae,43.95975792
Phasianidae,43.69252535
Phasianidae,43.69252535
Phasianidae,43.77112316
Phasianidae,43.94299287
Phasianidae,43.80256229
Phasianidae,44.01056254
Phasianidae,43.70038513
Phasianidae,43.95975792
Phasianidae,43.78684273
Phasianidae,43.8418612
Phasianidae,43.82614163
Phasianidae,44.00691661
Phasianidae,44.21972141
Phasianidae,44.0979776
Phasianidae,43.93367908
Phasianidae,44.11926678
Phasianidae,43.65322644
Phasianidae,44.00691661
Phasianidae,43.79470251
Phasianidae,43.86544054
Phasianidae,43.84972098
Phasianidae,43.71610469
Phasianidae,43.74754382
Phasianidae,43.76326338
Phasianidae,43.99025234
Phasianidae,43.83400141
Phasianidae,43.58248841
Phasianidae,43.65322644
Phasianidae,43.80750177
Phasianidae,43.87330032
Phasianidae,43.89687967
Phasianidae,43.81042207
Phasianidae,43.78684273
Phasianidae,43.69252535
Phasianidae,43.89687967
Phasianidae,43.81828185
Phasianidae,43.73182426
Phasianidae,43.66108622
Phasianidae,43.75
Phasianidae,43.91471953
Phasianidae,43.97893413
Phasianidae,43.99527187
Phasianidae,43.95975792
Phasianidae,44.01963112
Phasianidae,44.02263617
Phasianidae,43.90473945
Phasianidae,44.05893536
Phasianidae,44.03049595
Phasianidae,44.08058432
Phasianidae,44.03590268
Phasianidae,43.9628483
Phasianidae,44.22668241
Phasianidae,44.26046808
Phasianidae,44.06193508
Phasianidae,44.06793049
Phasianidae,44.21913071
Phasianidae,43.57704403
Phasianidae,43.64536666
Phasianidae,44.30469303
Phasianidae,44.12481333
Phasianidae,44.11695355
Phasianidae,44.11695355
Phasianidae,44.1213554
Phasianidae,44.2697689
Phasianidae,43.99119704
Phasianidae,44.49661759
Phasianidae,44.38126826
Phasianidae,44.42511466
Phasianidae,44.46476857
Phasianidae,44.40760912
Phasianidae,44.40324998
Phasianidae,44.42854872
Phasianidae,44.56496109
Phasianidae,44.53352197
Phasianidae,44.33443344
Phasianidae,44.38405797
Phasianidae,44.13798523
Phasianidae,44.8164741
Phasianidae,44.83219367
Phasianidae,44.0751218
Phasianidae,44.19299073
Phasianidae,44.10655351
Phasianidae,44.28166352
Phasianidae,44.22442244
Phasianidae,44.2401383
Phasianidae,44.27942794
Phasianidae,44.33443344
Phasianidae,44.24799623
Phasianidae,44.2951438
Phasianidae,44.27157001
Phasianidae,44.3289225
Phasianidae,44.27378702
Phasianidae,44.28728587
Phasianidae,44.34467549
Phasianidae,44.1301273
Phasianidae,44.3960396
Phasianidae,44.44444444
Phasianidae,44.2991839
Phasianidae,44.3640937
Phasianidae,44.28728587
Phasianidae,44.17197202
Phasianidae,44.16941694
Phasianidae,44.15370108
Phasianidae,44.22442244
Phasianidae,44.1798318
Phasianidae,44.19007159
Phasianidae,44.07765464
Phasianidae,44.12481333
Phasianidae,44.01477639
Phasianidae,44.10655351
Phasianidae,44.12226937
Phasianidae,44.15717092
Phasianidae,44.27157001
Phasianidae,44.14584316
Phasianidae,44.20341115
Phasianidae,44.16941694
Phasianidae,44.18474346
Phasianidae,44.12226937
Phasianidae,44.11441144
Phasianidae,44.09869558
Phasianidae,44.1301273
Phasianidae,44.09083766
Phasianidae,44.13798523
Phasianidae,44.20084866
Phasianidae,44.05940594
Phasianidae,44.33679899
Phasianidae,44.40498737
Phasianidae,44.33702743
Phasianidae,44.33702743
Phasianidae,44.36060678
Phasianidae,44.36060678
Phasianidae,44.34488721
Phasianidae,44.36846656
Phasianidae,44.33702743
Phasianidae,44.19334589
Phasianidae,44.31104834
Phasianidae,44.31104834
Phasianidae,44.10099103
Phasianidae,44.36054743
Phasianidae,44.42347019
Phasianidae,44.4077395
Phasianidae,44.41560485
Phasianidae,44.4601381
Phasianidae,44.52399685
Phasianidae,44.21897121
Phasianidae,44.27402863
Phasianidae,44.29762467
Phasianidae,44.31335536
Phasianidae,44.30549001
Phasianidae,44.30549001
Phasianidae,44.30549001
Phasianidae,44.30549001
Phasianidae,44.30549001
Phasianidae,44.30549001
Phasianidae,44.29762467
Phasianidae,44.30549001
Phasianidae,44.30549001
Phasianidae,44.30549001
Phasianidae,44.31335536
Phasianidae,44.31335536
Phasianidae,44.31335536
Phasianidae,44.31335536
Phasianidae,44.30549001
Phasianidae,43.99905683
Phasianidae,44.0933742
Phasianidae,44.16941694
Phasianidae,44.23228037
Phasianidae,44.24165139
Phasianidae,44.01225837
Phasianidae,44.25056983
Phasianidae,44.23228037
Phasianidae,44.26371209
Phasianidae,44.22442244
Phasianidae,44.2401383
Phasianidae,44.34229137
Phasianidae,44.26371209
Phasianidae,44.39211993
Phasianidae,44.16411224
Phasianidae,44.07072692
Phasianidae,44.22770701
Phasianidae,44.22831633
Phasianidae,44.28166352
Phasianidae,44.28954001
Phasianidae,44.28166352
Phasianidae,44.26591052
Phasianidae,44.3131695
Phasianidae,44.27366596
Phasianidae,44.25803403
Phasianidae,44.28728587
Phasianidae,44.25585416
Phasianidae,44.22652804
Phasianidae,44.28166352
Phasianidae,44.00378459
Phasianidae,44.0680649
Phasianidae,44.5006721
Phasianidae,44.02263617
Phasianidae,44.00691661
Phasianidae,44.00726871
Phasianidae,44.06193508
Phasianidae,43.95189814
Phasianidae,43.98454746
Phasianidae,43.88994008
Phasianidae,44.055503
Phasianidae,44.06338694
Phasianidae,44.15011038
Phasianidae,44.055503
Phasianidae,44.04761905
Phasianidae,44.09492274
Phasianidae,43.96877956
Phasianidae,43.99243141
Phasianidae,43.95301167
Phasianidae,43.95301167
Phasianidae,43.96089562
Phasianidae,44.0239672
Phasianidae,43.95301167
Phasianidae,44.00819931
Phasianidae,43.92147588
Phasianidae,43.96089562
Phasianidae,43.91359193
Phasianidae,43.91359193
Phasianidae,43.63765374
Phasianidae,43.94512772
Phasianidae,44.03185115
Phasianidae,43.88205613
Phasianidae,43.94512772
Phasianidae,43.93724377
Phasianidae,43.96877956
Phasianidae,43.97666351
Phasianidae,43.94512772
Phasianidae,43.91359193
Phasianidae,43.86628824
Phasianidae,43.80321665
Phasianidae,43.88994008
Phasianidae,43.89782403
Phasianidae,43.92147588
Phasianidae,43.93724377
Phasianidae,43.93724377
Phasianidae,44.0397351
Phasianidae,43.88205613
Phasianidae,43.87417219
Phasianidae,44.0239672
Phasianidae,44.01608325
Phasianidae,44.0239672
Phasianidae,43.96877956
Phasianidae,43.92147588
Phasianidae,43.96877956
Phasianidae,43.86544054
Phasianidae,43.76326338
Phasianidae,43.99905683
Phasianidae,43.69298522
Phasianidae,43.71064232
Phasianidae,43.69298522
Phasianidae,43.73230576
Phasianidae,43.52033992
Phasianidae,43.52718974
Phasianidae,43.57462863
Phasianidae,43.67680578
Phasianidae,43.67680578
Phasianidae,43.67436744
Phasianidae,43.59820797
Phasianidae,43.56676884
Phasianidae,43.78684273
Phasianidae,43.7573755
Phasianidae,43.76426155
Phasianidae,43.7465608
Phasianidae,43.74753763
Phasianidae,43.70218471
Phasianidae,43.7554036
Phasianidae,43.78684273
Phasianidae,43.77112316
Phasianidae,43.77898294
Phasianidae,43.78684273
Phasianidae,43.77898294
Phasianidae,43.77898294
Phasianidae,43.7554036
Phasianidae,43.78684273
Phasianidae,43.79470251
Phasianidae,43.77112316
Phasianidae,43.77898294
Phasianidae,43.72396447
Phasianidae,43.79470251
Phasianidae,43.76326338
Phasianidae,43.76326338
Phasianidae,43.78684273
Phasianidae,43.74754382
Phasianidae,43.77112316
Phasianidae,43.76326338
Phasianidae,43.77112316
Phasianidae,43.78684273
Phasianidae,43.90473945
Phasianidae,43.91318025
Phasianidae,43.94213382
Phasianidae,43.87330032
Phasianidae,43.81042207
Phasianidae,43.9273642
Phasianidae,43.90473945
Phasianidae,43.88268596
Phasianidae,43.82958654
Phasianidae,43.668946
Phasianidae,43.70038513
Phasianidae,43.7554036
Phasianidae,43.78684273
Phasianidae,43.9676177
Phasianidae,43.95189814
Phasianidae,43.94749253
Phasianidae,43.95975792
Phasianidae,43.93617857
Phasianidae,43.76229831
Phasianidae,43.9861461
Phasianidae,43.97481307
Phasianidae,43.96694215
Phasianidae,43.9433294
Phasianidae,43.95907123
Phasianidae,43.98268398
Phasianidae,43.9905549
Phasianidae,43.96694215
Phasianidae,43.96694215
Phasianidae,44.12481333
Phasianidae,44.0926276
Phasianidae,44.44003177
Phasianidae,44.64355891
Phasianidae,44.71487083
Phasianidae,44.72274732
Phasianidae,44.51780241
Phasianidae,44.57034939
Phasianidae,44.59640022
Phasianidae,44.42312305
Phasianidae,44.57179242
Phasianidae,44.58422344
Phasianidae,44.82024598
Phasianidae,44.60182562
Phasianidae,44.73353246
Phasianidae,44.64355891
Phasianidae,44.71429694
Phasianidae,44.53100409
Phasianidae,44.14400252
Phasianidae,44.17309681
Phasianidae,44.267262
Phasianidae,44.73704897
Phasianidae,44.7250413
Phasianidae,44.51561882
Phasianidae,44.85664776
Phasianidae,44.73975637
Phasianidae,44.7725649
Phasianidae,44.77458205
Phasianidae,44.62587191
Phasianidae,44.43920459
Phasianidae,44.76931541
Phasianidae,44.27414918
Phasianidae,44.85381507
Phasianidae,44.73001651
Phasianidae,44.24213762
Phasianidae,44.73787629
Phasianidae,44.73787629
Scolopacidae,45.01531935
Scolopacidae,45.02317543
Scolopacidae,45.17244088
Scolopacidae,45.08602404
Scolopacidae,45.0484519
Scolopacidae,45.08602404
Scolopacidae,45.10959227
Scolopacidae,45.09388012
Scolopacidae,45.10959227
Scolopacidae,45.06245581
Scolopacidae,45.08602404
Scolopacidae,45.10959227
Scolopacidae,45.09388012
Scolopacidae,45.07031189
Scolopacidae,45.07816796
Scolopacidae,45.07816796
Scolopacidae,45.07816796
Scolopacidae,45.05459973
Scolopacidae,45.07816796
Scolopacidae,45.08602404
Scolopacidae,45.07031189
Scolopacidae,45.07031189
Scolopacidae,45.12530442
Scolopacidae,45.11147877
Scolopacidae,45.10959227
Scolopacidae,45.10173619
Scolopacidae,45.11744835
Scolopacidae,45.09388012
Scolopacidae,45.11744835
Scolopacidae,45.11744835
Scolopacidae,45.12530442
Scolopacidae,45.1331605
Scolopacidae,45.11147877
Scolopacidae,45.10959227
Scolopacidae,45.10959227
Scolopacidae,45.10173619
Scolopacidae,45.10173619
Scolopacidae,45.09388012
Scolopacidae,45.02593116
Scolopacidae,45.10959227
Scolopacidae,45.11744835
Scolopacidae,44.60680336
Scolopacidae,44.56581532
Scolopacidae,44.59109121
Scolopacidae,45.03888758
Scolopacidae,44.77963705
Scolopacidae,44.73250059
Scolopacidae,44.59374509
Scolopacidae,44.77963705
Scolopacidae,44.74035667
Scolopacidae,44.77178097
Scolopacidae,44.78749313
Scolopacidae,44.77178097
Scolopacidae,44.7639249
Scolopacidae,44.77963705
Scolopacidae,44.72464451
Scolopacidae,44.77178097
Scolopacidae,44.74821274
Scolopacidae,44.7953492
Scolopacidae,44.77178097
Scolopacidae,44.7953492
Scolopacidae,44.83462959
Scolopacidae,44.7953492
Scolopacidae,44.97603897
Scolopacidae,44.79264844
Scolopacidae,44.78749313
Scolopacidae,44.98526316
Scolopacidae,44.63906999
Scolopacidae,44.60414703
Scolopacidae,44.60680336
Scolopacidae,44.62251552
Scolopacidae,44.96032681
Scolopacidae,44.96032681
Scolopacidae,44.96032681
Scolopacidae,44.88962212
Scolopacidae,45.07031189
Scolopacidae,45.01256676
Scolopacidae,44.93675858
Scolopacidae,44.94461466
Scolopacidae,44.93675858
Scolopacidae,44.81891743
Scolopacidae,45.0310315
Scolopacidae,45.03888758
Scolopacidae,45.01531935
Scolopacidae,45.0310315
Scolopacidae,45.02042099
Scolopacidae,45.00746327
Scolopacidae,45.03612944
Scolopacidae,45.00471254
Scolopacidae,45.02042099
Scolopacidae,45.13038014
Scolopacidae,45.05459973
Scolopacidae,45.01531935
Scolopacidae,44.94461466
Scolopacidae,44.92890251
Scolopacidae,44.95247074
Scolopacidae,44.96032681
Scolopacidae,44.96032681
Scolopacidae,44.98389504
Scolopacidae,44.99175112
Scolopacidae,44.98900408
Scolopacidae,44.97603897
Scolopacidae,44.94461466
Scolopacidae,45.03888758
Scolopacidae,44.9996072
Scolopacidae,44.99685831
Scolopacidae,45.0310315
Scolopacidae,45.0310315
Scolopacidae,45.0310315
Scolopacidae,45.03888758
Scolopacidae,45.01531935
Scolopacidae,45.02042099
Scolopacidae,45.02317543
Scolopacidae,45.21957734
Scolopacidae,44.86091466
Scolopacidae,45.00746327
Scolopacidae,45.02042099
Scolopacidae,44.97603897
Scolopacidae,44.97603897
Scolopacidae,44.99685831
Scolopacidae,45.03888758
Scolopacidae,44.83462959
Scolopacidae,44.86877259
Scolopacidae,45.00746327
Scolopacidae,44.8974782
Scolopacidae,45.14101658
Scolopacidae,44.8343539
Scolopacidae,44.73498233
Scolopacidae,44.69304443
Scolopacidae,45.10173619
Scolopacidae,44.73498233
Scolopacidae,44.8029518
Scolopacidae,44.88417746
Scolopacidae,44.93129172
Scolopacidae,44.98625834
Scolopacidae,44.82650338
Scolopacidae,44.88417746
Scolopacidae,44.94699647
Scolopacidae,44.90806223
Scolopacidae,44.84220443
Scolopacidae,44.79510127
Scolopacidae,44.8343539
Scolopacidae,44.77940022
Scolopacidae,44.79510127
Scolopacidae,44.8343539
Scolopacidae,45.08833922
Scolopacidae,45.10173619
Scolopacidae,44.84220443
Scolopacidae,44.82162502
Scolopacidae,44.81865285
Scolopacidae,44.70089496
Scolopacidae,44.8343539
Scolopacidae,44.82650338
Scolopacidae,44.82921084
Scolopacidae,44.81865285
Scolopacidae,44.8343539
Scolopacidae,44.84491559
Scolopacidae,44.96270122
Scolopacidae,44.83734088
Scolopacidae,44.81080232
Scolopacidae,44.97840597
Scolopacidae,44.81865285
Scolopacidae,44.84220443
Scolopacidae,44.87632509
Scolopacidae,44.73498233
Scolopacidae,44.84220443
Scolopacidae,44.70089496
Scolopacidae,44.85790548
Scolopacidae,44.81865285
Scolopacidae,44.82650338
Scolopacidae,44.81865285
Scolopacidae,44.81865285
Scolopacidae,44.82162502
Scolopacidae,44.86091466
Scolopacidae,44.64089266
Scolopacidae,44.97055359
Scolopacidae,44.81865285
Scolopacidae,44.95484884
Scolopacidae,44.81865285
Scolopacidae,44.84220443
Scolopacidae,44.8343539
Scolopacidae,44.86575601
Scolopacidae,44.82948295
Scolopacidae,44.70107628
Scolopacidae,44.95484884
Scolopacidae,44.89068441
Scolopacidae,44.84220443
Scolopacidae,44.81865285
Scolopacidae,44.5701713
Scolopacidae,44.56231337
Scolopacidae,44.87632509
Scolopacidae,45.11744835
Scolopacidae,44.63303473
Scolopacidae,44.81891743
Scolopacidae,44.97603897
Scolopacidae,44.99175112
Scolopacidae,44.91592016
Scolopacidae,44.91592016
Scolopacidae,44.91592016
Scolopacidae,44.91592016
Scolopacidae,44.92377809
Scolopacidae,45.06245581
Scolopacidae,44.87390997
Scolopacidae,44.91831605
Scolopacidae,44.84519881
Scolopacidae,44.86605389
Scolopacidae,44.90806223
Scolopacidae,44.90020431
Scolopacidae,44.85305673
Scolopacidae,44.90762672
Scolopacidae,44.8974782
Scolopacidae,44.82162502
Scolopacidae,44.88448845
Scolopacidae,44.86877259
Scolopacidae,45.07031189
Scolopacidae,44.90806223
Scolopacidae,44.96818289
Scolopacidae,44.95247074
Scolopacidae,44.92104643
Scolopacidae,44.85819782
Scolopacidae,44.87663052
Scolopacidae,44.94461466
Scolopacidae,44.94461466
Scolopacidae,44.96818289
Scolopacidae,44.75090366
Scolopacidae,44.9996072
Scolopacidae,44.93163602
Scolopacidae,44.97603897
Scolopacidae,45.01256676
Scolopacidae,44.99685831
Scolopacidae,45.14887265
Scolopacidae,45.10681747
Scolopacidae,44.74304573
Scolopacidae,44.87663052
Scolopacidae,44.84519881
Scolopacidae,45.11744835
Scolopacidae,44.81376709
Scolopacidae,45.09896324
Scolopacidae,45.1331605
Scolopacidae,44.91592016
Scolopacidae,45.16965127
Scolopacidae,44.96818289
Scolopacidae,44.90595611
Scolopacidae,45.09110902
Scolopacidae,45.02827521
Scolopacidae,44.85034174
Scolopacidae,45.02317543
Scolopacidae,45.11744835
Scolopacidae,45.09388012
Scolopacidae,45.12530442
Scolopacidae,45.10173619
Scolopacidae,44.81376709
Scolopacidae,45.15672873
Scolopacidae,45.18815304
Scolopacidae,44.92890251
Scolopacidae,45.1331605
Scolopacidae,45.16458481
Scolopacidae,44.92890251
Scolopacidae,45.07816796
Scolopacidae,44.75876159
Scolopacidae,44.86091466
Scolopacidae,45.08602404
Scolopacidae,44.99175112
Scolopacidae,45.04674366
Scolopacidae,44.92890251
Scolopacidae,45.04674366
Scolopacidae,44.99685831
Scolopacidae,44.92479723
Scolopacidae,44.67232438
Scolopacidae,45.06245581
Scolopacidae,45.05183789
Scolopacidae,44.91319035
Scolopacidae,44.6251768
Scolopacidae,45.22743342
Scolopacidae,45.2352895
Scolopacidae,45.22743342
Scolopacidae,44.81376709
Scolopacidae,44.92890251
Scolopacidae,45.22743342
Scolopacidae,45.21957734
Scolopacidae,45.21957734
Scolopacidae,45.21172127
Scolopacidae,45.18815304
Scolopacidae,45.21172127
Scolopacidae,45.21172127
Scolopacidae,45.00746327
Scolopacidae,45.22743342
Scolopacidae,44.97603897
Scolopacidae,44.93402451
Scolopacidae,44.92377809
Scolopacidae,45.08325479
Scolopacidae,45.02317543
Scolopacidae,44.99175112
Scolopacidae,44.86605389
Scolopacidae,44.82677351
Scolopacidae,44.90533428
Scolopacidae,44.64875059
Scolopacidae,44.71678844
Scolopacidae,44.88721214
Scolopacidae,44.88962212
Scolopacidae,44.67750805
Scolopacidae,44.80320528
Scolopacidae,44.8974782
Scolopacidae,44.93715912
Scolopacidae,45.12001272
Scolopacidae,45.0525152
Scolopacidae,45.04674366
Scolopacidae,45.02317543
Scolopacidae,45.0310315
Scolopacidae,45.01256676
Scolopacidae,44.94973296
Scolopacidae,45.04398366
Scolopacidae,45.02317543
Scolopacidae,44.9996072
Scolopacidae,45.02317543
Scolopacidae,45.02317543
Scolopacidae,44.97603897
Scolopacidae,44.68536413
Scolopacidae,45.02827521
Scolopacidae,45.03888758
Scolopacidae,45.01531935
Scolopacidae,44.77447745
Scolopacidae,44.92890251
Scolopacidae,44.92890251
Scolopacidae,44.86605389
Scolopacidae,44.93675858
Scolopacidae,44.92890251
Scolopacidae,44.97603897
Scolopacidae,44.63809075
Scolopacidae,44.98114986
Scolopacidae,45.21172127
Scolopacidae,44.85790548
Scolopacidae,44.85790548
Scolopacidae,44.84220443
Scolopacidae,44.8029518
Scolopacidae,44.80809984
Scolopacidae,44.77670513
Scolopacidae,44.76885645
Scolopacidae,45.02276653
Scolopacidae,44.85005495
Scolopacidae,44.85005495
Scolopacidae,44.98861942
Scolopacidae,45.05494505
Scolopacidae,44.682521
Scolopacidae,44.85790548
Scolopacidae,44.6223897
Scolopacidae,44.80025116
Scolopacidae,44.76100777
Scolopacidae,44.80025116
Scolopacidae,44.80025116
Scolopacidae,44.76100777
Scolopacidae,44.72176438
Scolopacidae,44.75315909
Scolopacidae,44.73746174
Scolopacidae,44.48108023
Scolopacidae,44.75315909
Scolopacidae,44.72176438
Scolopacidae,44.76885645
Scolopacidae,44.74531042
Scolopacidae,44.71391571
Scolopacidae,44.72176438
Scolopacidae,44.72176438
Scolopacidae,44.7740113
Scolopacidae,44.95722471
Scolopacidae,44.80809984
Scolopacidae,44.7845538
Scolopacidae,44.72961306
Scolopacidae,44.58313707
Scolopacidae,44.5909876
Scolopacidae,44.80809984
Scolopacidae,44.58313707
Scolopacidae,44.71391571
Scolopacidae,44.57528654
Scolopacidae,44.7845538
Scolopacidae,44.61453917
Scolopacidae,44.51769877
Scolopacidae,44.52554745
Scolopacidae,44.54909348
Scolopacidae,44.55694216
Scolopacidae,44.53339612
Scolopacidae,44.46188869
Scolopacidae,44.50985009
Scolopacidae,44.37642257
Scolopacidae,44.74531042
Scolopacidae,44.76369917
Scolopacidae,44.82650338
Scolopacidae,44.82650338
Scolopacidae,44.64594128
Scolopacidae,44.6223897
Scolopacidae,44.69304443
Scolopacidae,45.01216545
Scolopacidae,45.01216545
Scolopacidae,44.74014759
Scolopacidae,44.55958549
Scolopacidae,44.67467232
Scolopacidae,44.58833687
Scolopacidae,44.5909876
Scolopacidae,44.60403422
Scolopacidae,44.6118829
Scolopacidae,44.65112629
Scolopacidae,44.58833687
Scolopacidae,44.6118829
Scolopacidae,44.60668865
Scolopacidae,44.55958549
Scolopacidae,44.56743602
Scolopacidae,44.76885645
Scolopacidae,44.71391571
Scolopacidae,44.69821835
Scolopacidae,44.58039216
Scolopacidae,44.77940022
Scolopacidae,44.74014759
Scolopacidae,44.73229706
Scolopacidae,44.97292206
Scolopacidae,44.83949455
Scolopacidae,44.80809984
Scolopacidae,44.71659601
Scolopacidae,44.82379719
Scolopacidae,44.80809984
Scolopacidae,44.86304058
Scolopacidae,44.83949455
Scolopacidae,44.74014759
Scolopacidae,44.78725075
Scolopacidae,44.67734338
Scolopacidae,44.68519391
Scolopacidae,44.6537918
Scolopacidae,44.66164233
Scolopacidae,44.66949286
Scolopacidae,44.85005495
Scolopacidae,44.76885645
Scolopacidae,44.6537918
Scolopacidae,44.64594128
Scolopacidae,44.66164233
Scolopacidae,44.83164587
Scolopacidae,44.75584864
Scolopacidae,44.90228397
Scolopacidae,44.91798132
Scolopacidae,44.87088926
Scolopacidae,44.89443529
Scolopacidae,44.94937603
Scolopacidae,44.83949455
Scolopacidae,44.79240248
Scolopacidae,44.76885645
Scolopacidae,44.77670513
Scolopacidae,44.87088926
Scolopacidae,44.84734322
Scolopacidae,44.80784314
Scolopacidae,44.8551919
Scolopacidae,44.83164587
Scolopacidae,44.59883812
Scolopacidae,44.64594128
Scolopacidae,44.98077074
Scolopacidae,44.66949286
Scolopacidae,45.02510986
Scolopacidae,45.00156937
Scolopacidae,45.01726303
Scolopacidae,45.00156937
Scolopacidae,44.70874549
Scolopacidae,44.94937603
Scolopacidae,44.77916372
Scolopacidae,44.77131874
Scolopacidae,44.76347376
Scolopacidae,44.77916372
Scolopacidae,44.92583
Scolopacidae,44.83949455
Scolopacidae,44.8551919
Scolopacidae,44.42612655
Scolopacidae,44.42612655
Scolopacidae,43.93499254
Scolopacidae,43.93499254
Scolopacidae,44.61441908
Scolopacidae,44.62226406
Scolopacidae,44.76639183
Scolopacidae,44.81865285
Scolopacidae,44.6800157
Scolopacidae,44.93914409
Scolopacidae,44.93129172
Scolopacidae,44.4653644
Scolopacidae,44.74283471
Scolopacidae,44.72712996
Scolopacidae,44.68855815
Scolopacidae,44.49678128
Scolopacidae,44.51248234
Scolopacidae,44.46277097
Scolopacidae,44.49678128
Scolopacidae,44.49678128
Scolopacidae,44.70855888
Scolopacidae,44.49674433
Scolopacidae,44.33199969
Scolopacidae,44.31630972
Scolopacidae,44.26923982
Scolopacidae,44.33199969
Scolopacidae,44.39733019
Scolopacidae,44.3241547
Scolopacidae,44.3241547
Scolopacidae,44.3241547
Scolopacidae,44.33199969
Scolopacidae,44.35553464
Scolopacidae,44.50458932
Scolopacidae,44.38947782
Scolopacidae,44.65988807
Scolopacidae,44.52812426
Scolopacidae,44.88145706
Scolopacidae,44.71659601
Scolopacidae,44.60934433
Scolopacidae,44.57528654
Scolopacidae,44.59883812
Scolopacidae,44.66431095
Scolopacidae,44.95996232
Scolopacidae,44.96781284
Scolopacidae,44.95996232
Scolopacidae,44.9835139
Scolopacidae,45.00706547
Scolopacidae,44.99803227
Scolopacidae,44.96781284
Scolopacidae,45.00706547
Scolopacidae,45.00706547
Scolopacidae,44.9835139
Scolopacidae,44.99921495
Scolopacidae,44.95211179
Scolopacidae,44.95211179
Scolopacidae,44.92856021
Scolopacidae,44.97566337
Scolopacidae,44.97566337
Scolopacidae,44.9835139
Scolopacidae,44.97566337
Scolopacidae,45.03846758
Scolopacidae,45.03061705
Scolopacidae,45.06201916
Scolopacidae,44.95211179
Scolopacidae,44.94426127
Scolopacidae,45.02276653
Scolopacidae,45.04334121
Scolopacidae,44.93914409
Scolopacidae,44.89988221
Scolopacidae,44.83706321
Scolopacidae,44.89202984
Scolopacidae,44.89202984
Scolopacidae,44.88417746
Scolopacidae,44.89202984
Scolopacidae,44.89988221
Scolopacidae,44.88417746
Scolopacidae,44.89202984
Scolopacidae,44.86062034
Scolopacidae,44.90773459
Scolopacidae,44.90773459
Scolopacidae,44.76574228
Scolopacidae,44.76369917
Scolopacidae,44.61441908
Scolopacidae,44.62226406
Scolopacidae,44.62226406
Scolopacidae,44.62226406
Scolopacidae,44.62226406
Scolopacidae,44.6065741
Scolopacidae,44.6065741
Scolopacidae,44.66148898
Scolopacidae,44.63795403
Scolopacidae,44.59872911
Scolopacidae,44.6065741
Scolopacidae,44.59088413
Scolopacidae,44.62226406
Scolopacidae,44.61441908
Scolopacidae,44.64579901
Scolopacidae,44.62226406
Scolopacidae,44.62226406
Scolopacidae,44.63795403
Scolopacidae,44.61441908
Scolopacidae,44.61441908
Scolopacidae,44.62226406
Scolopacidae,44.63010905
Scolopacidae,44.63010905
Scolopacidae,44.63010905
Scolopacidae,44.59872911
Scolopacidae,44.57519416
Scolopacidae,44.61441908
Scolopacidae,44.55958549
Scolopacidae,44.55958549
Scolopacidae,44.6223897
Scolopacidae,44.6223897
Scolopacidae,44.74799812
Scolopacidae,44.61453917
Scolopacidae,44.33199969
Scolopacidae,44.37906959
Scolopacidae,44.3712246
Scolopacidae,44.40260453
Scolopacidae,44.4182945
Scolopacidae,44.39475955
Scolopacidae,44.33984467
Scolopacidae,44.36337962
Scolopacidae,44.3712246
Scolopacidae,44.33199969
Scolopacidae,44.40260453
Scolopacidae,44.55958549
Scolopacidae,44.55958549
Scolopacidae,44.55173497
Scolopacidae,44.57528654
Scolopacidae,44.55958549
Scolopacidae,44.4653644
Scolopacidae,44.63809075
Scolopacidae,44.6537918
Scolopacidae,44.70855888
Scolopacidae,44.66164233
Scolopacidae,44.76347376
Scolopacidae,44.77131874
Scolopacidae,44.74778379
Scolopacidae,44.73663553
Scolopacidae,44.77131874
Scolopacidae,44.75562878
Scolopacidae,44.76347376
Scolopacidae,44.74778379
Scolopacidae,44.81838864
Scolopacidae,44.75562878
Scolopacidae,44.75562878
Scolopacidae,44.78994896
Scolopacidae,44.80269867
Scolopacidae,44.76347376
Scolopacidae,44.78700871
Scolopacidae,44.64594128
Scolopacidae,44.64579901
Scolopacidae,44.76347376
Scolopacidae,44.73209383
Scolopacidae,44.8029518
Scolopacidae,44.79510127
Scolopacidae,44.78725075
Scolopacidae,44.74778379
Scolopacidae,44.76347376
Scolopacidae,44.76347376
Scolopacidae,44.76347376
Scolopacidae,44.75689262
Scolopacidae,44.75562878
Scolopacidae,45.03061705
Scolopacidae,44.6118829
Scolopacidae,44.23243031
Scolopacidae,44.44444444
Scolopacidae,44.38951664
Scolopacidae,44.36597615
Scolopacidae,44.56214689
Scolopacidae,44.42090395
Scolopacidae,44.42090395
Scolopacidae,44.64061519
Scolopacidae,44.31363315
Scolopacidae,44.29008712
Scolopacidae,44.0913371
Scolopacidae,44.11487759
Scolopacidae,44.72176438
Scolopacidae,44.73746174
Scolopacidae,44.74531042
Scolopacidae,44.682521
Scolopacidae,44.69036967
Scolopacidae,44.52033286
Scolopacidae,44.6223897
Scolopacidae,44.57528654
Scolopacidae,44.51248234
Scolopacidae,45.02510986
Scolopacidae,44.64327761
Scolopacidae,44.66682364
Scolopacidae,44.66682364
Scolopacidae,44.80539862
Scolopacidae,44.64846202
Scolopacidae,44.48367859
Scolopacidae,44.64846202
Scolopacidae,44.50985009
Scolopacidae,44.70606703
Scolopacidae,44.87873793
Scolopacidae,44.82379719
Scolopacidae,44.84734322
Scolopacidae,44.82379719
Scolopacidae,44.84734322
Scolopacidae,44.84734322
Scolopacidae,44.95448839
Scolopacidae,44.47583176
Scolopacidae,44.95448839
Scolopacidae,44.49152542
Scolopacidae,44.49937225
Scolopacidae,45.12989561
Scolopacidae,45.19268503
Scolopacidae,45.17698768
Scolopacidae,44.87602009
Scolopacidae,45.02246394
Scolopacidae,45.16129032
Scolopacidae,45.16129032
Scolopacidae,45.20838239
Scolopacidae,45.13774429
Scolopacidae,45.14559297
Scolopacidae,45.169139
Scolopacidae,45.16129032
Scolopacidae,45.169139
Scolopacidae,45.20053371
Scolopacidae,44.96196973
Scolopacidae,44.92276327
Scolopacidae,45.17802405
Scolopacidae,44.86003293
Scolopacidae,45.02786281
Scolopacidae,45.00431677
Scolopacidae,45.05925752
Scolopacidae,44.70606703
Scolopacidae,44.71391571
Scolopacidae,45.07495487
Scolopacidae,44.94152735
Scolopacidae,44.82379719
Scolopacidae,44.95722471
Scolopacidae,44.98077074
Scolopacidae,44.98077074
Scolopacidae,45.31544256
Scolopacidae,45.32831254
Scolopacidae,45.09573132
Scolopacidae,45.11927181
Scolopacidae,45.11927181
Scolopacidae,45.31544256
Scolopacidae,44.95448839
Scolopacidae,45.28405524
Scolopacidae,45.01970055
Scolopacidae,45.01726303
Scolopacidae,44.96233522
Scolopacidae,44.97018205
Scolopacidae,44.97802888
Scolopacidae,44.99372254
Scolopacidae,44.98587571
Scolopacidae,45.09573132
Scolopacidae,45.06434401
Scolopacidae,44.83678594
Scolopacidae,44.82893911
Scolopacidae,45.07219083
Scolopacidae,45.11142498
Scolopacidae,44.98587571
Scolopacidae,44.96233522
Scolopacidae,45.02510986
Scolopacidae,45.11927181
Scolopacidae,45.05649718
Scolopacidae,45.10357815
Scolopacidae,45.04865035
Scolopacidae,45.05649718
Scolopacidae,45.00156937
Scolopacidae,45.04865035
Scolopacidae,45.0094162
Scolopacidae,44.61695287
Scolopacidae,44.94664156
Scolopacidae,44.98587571
Scolopacidae,45.01216545
Scolopacidae,45.09065223
Scolopacidae,45.12204694
Scolopacidae,45.21623107
Scolopacidae,45.02001413
Scolopacidae,45.03571148
Scolopacidae,45.01216545
Scolopacidae,45.02786281
Scolopacidae,45.05140884
Scolopacidae,45.01216545
Scolopacidae,44.98861942
Scolopacidae,44.98861942
Scolopacidae,44.9477899
Scolopacidae,45.02786281
Scolopacidae,44.96507339
Scolopacidae,44.98077074
Scolopacidae,44.9717159
Scolopacidae,45.01216545
Scolopacidae,45.00431677
Scolopacidae,44.98077074
Scolopacidae,44.9964681
Scolopacidae,44.87873793
Scolopacidae,44.83164587
Scolopacidae,44.80025116
Scolopacidae,44.82379719
Scolopacidae,44.81973136
Scolopacidae,44.9964681
Scolopacidae,44.9964681
Scolopacidae,45.01216545
Scolopacidae,45.02001413
Scolopacidae,44.83033296
Scolopacidae,44.92310107
Scolopacidae,44.93402451
Scolopacidae,44.90533428
Scolopacidae,44.5282426
Scolopacidae,44.57273013
Scolopacidae,44.57273013
Scolopacidae,44.51775055
Scolopacidae,44.14074772
Scolopacidae,44.58843858
Scolopacidae,44.59629281
Scolopacidae,44.46539398
Scolopacidae,44.48896221
Scolopacidae,44.78749313
Scolopacidae,45.08277332
Scolopacidae,44.57273013
Scolopacidae,44.4261136
Scolopacidae,44.73766887
Scolopacidae,44.57537906
Scolopacidae,44.5648759
Scolopacidae,44.5648759
Scolopacidae,44.533459
Scolopacidae,44.54131323
Scolopacidae,44.51775055
Scolopacidae,44.51775055
Scolopacidae,44.96233522
Scolopacidae,44.95722471
Scolopacidae,44.81594851
Scolopacidae,44.74262398
Scolopacidae,44.96233522
Scolopacidae,44.94664156
Scolopacidae,44.9309479
Scolopacidae,44.83678594
Scolopacidae,44.97802888
Scolopacidae,44.94664156
Scolopacidae,44.94664156
Scolopacidae,44.9309479
Scolopacidae,44.86304058
Scolopacidae,44.94664156
Scolopacidae,44.89956058
Scolopacidae,45.18204645
Scolopacidae,44.97802888
Scolopacidae,44.93879473
Scolopacidae,44.80539862
Scolopacidae,44.78970496
Scolopacidae,45.04822395
Scolopacidae,44.98861942
Scolopacidae,44.90740741
Scolopacidae,44.7845538
Scolopacidae,44.76100777
Scolopacidae,44.78846608
Scolopacidae,44.8551919
Scolopacidae,44.80025116
Scolopacidae,44.7845538
Scolopacidae,44.83949455
Scolopacidae,44.80025116
Scolopacidae,44.80809984
Scolopacidae,45.00156937
Scolopacidae,45.08788449
Scolopacidae,44.80539862
Scolopacidae,44.82893911
Scolopacidae,44.82893911
Scolopacidae,44.81324545
Scolopacidae,44.79485369
Scolopacidae,44.86032643
Scolopacidae,44.98587571
Scolopacidae,44.78970496
Scolopacidae,45.10357815
Scolopacidae,44.98977505
Scolopacidae,44.84491559
Scolopacidae,45.04080352
Scolopacidae,45.07253232
Scolopacidae,45.09573132
Scolopacidae,44.99372254
Scolopacidae,45.1428123
Scolopacidae,45.08788449
Scolopacidae,44.89171375
Scolopacidae,44.80539862
Scolopacidae,44.86032643
Scolopacidae,44.78970496
Scolopacidae,44.79485369
Scolopacidae,44.72693032
Scolopacidae,44.80025116
Scolopacidae,44.82568228
Scolopacidae,44.76639183
Scolopacidae,44.80990693
Scolopacidae,44.79755179
Scolopacidae,44.80539862
Scolopacidae,45.08003766
Scolopacidae,44.86032643
Scolopacidae,44.87602009
Scolopacidae,45.02786281
Scolopacidae,44.91525424
Scolopacidae,45.04080352
Scolopacidae,44.96233522
Scolopacidae,44.92583
Scolopacidae,44.88386692
Scolopacidae,44.69036967
Scolopacidae,44.60403422
Scolopacidae,44.83949455
Scolopacidae,44.64327761
Scolopacidae,44.79240248
Scolopacidae,44.60403422
Scolopacidae,44.60403422
Scolopacidae,44.60403422
Scolopacidae,44.60403422
Scolopacidae,44.80539862
Scolopacidae,44.82109228
Scolopacidae,44.82109228
Scolopacidae,44.97018205
Scolopacidae,44.82109228
Scolopacidae,44.84145764
Scolopacidae,44.81324545
Scolopacidae,44.80539862
Scolopacidae,44.82109228
Scolopacidae,45.02510986
Scolopacidae,44.81324545
Scolopacidae,44.82109228
Scolopacidae,44.88386692
Scolopacidae,44.89171375
Scolopacidae,44.79755179
Scolopacidae,44.89171375
Scolopacidae,44.89171375
Scolopacidae,44.81324545
Scolopacidae,44.84463277
Scolopacidae,44.87602009
Scolopacidae,44.89956058
Scolopacidae,44.83678594
Scolopacidae,44.86032643
Scolopacidae,44.9309479
Scolopacidae,44.8524796
Scolopacidae,44.86032643
Scolopacidae,44.84463277
Scolopacidae,44.84463277
Scolopacidae,44.8524796
Scolopacidae,44.8524796
Scolopacidae,44.84463277
Scolopacidae,44.86817326
Scolopacidae,44.8524796
Scolopacidae,44.84463277
Scolopacidae,44.8524796
Scolopacidae,44.8524796
Scolopacidae,44.8524796
Scolopacidae,44.81324545
Scolopacidae,45.09573132
Scolopacidae,45.10357815
Scolopacidae,44.91525424
Scolopacidae,45.11142498
Scolopacidae,44.9309479
Scolopacidae,44.87602009
Scolopacidae,44.86032643
Scolopacidae,44.96507339
Scolopacidae,44.86304058
Scolopacidae,44.82379719
Scolopacidae,44.57263951
Scolopacidae,44.65897496
Scolopacidae,44.94937603
Scolopacidae,44.94937603
Scolopacidae,44.76100777
Scolopacidae,44.76100777
Scolopacidae,44.82379719
Scolopacidae,44.92583
Scolopacidae,44.94937603
Scolopacidae,44.78970496
Scolopacidae,44.95175335
Scolopacidae,45.04589315
Scolopacidae,45.35467671
Scolopacidae,45.36252354
Scolopacidae,45.36252354
Scolopacidae,45.35467671
Scolopacidae,45.33898305
Scolopacidae,45.48807282
Scolopacidae,45.0985009
Scolopacidae,44.69370147
Scolopacidae,45.41745135
Scolopacidae,45.3782172
Scolopacidae,45.3782172
Scolopacidae,45.33113622
Scolopacidae,45.33898305
Scolopacidae,45.33898305
Scolopacidae,45.25266792
Scolopacidae,45.41460736
Scolopacidae,45.50090217
Scolopacidae,45.41460736
Scolopacidae,44.20466138
Scolopacidae,44.20119272
Scolopacidae,44.19334589
Scolopacidae,44.20903955
Scolopacidae,43.90014131
Scolopacidae,43.92082941
Scolopacidae,43.89058704
Scolopacidae,43.90799184
Scolopacidae,43.91048292
Scolopacidae,43.92369289
Scolopacidae,43.92927308
Scolopacidae,45.10912231
Scolopacidae,44.85005495
Scolopacidae,44.82650338
Scolopacidae,44.81080232
Scolopacidae,44.8343539
Scolopacidae,44.79510127
Scolopacidae,44.87360653
Scolopacidae,44.93641074
Scolopacidae,45.10127179
Scolopacidae,44.92070969
Scolopacidae,44.92856021
Scolopacidae,44.93641074
Scolopacidae,44.90500864
Scolopacidae,44.92856021
Scolopacidae,44.93641074
Scolopacidae,44.93641074
Scolopacidae,44.97566337
Scolopacidae,44.93641074
Scolopacidae,44.95996232
Scolopacidae,44.92856021
Scolopacidae,44.92856021
Scolopacidae,44.85790548
Scolopacidae,44.85790548
Scolopacidae,44.85790548
Scolopacidae,44.86665093
Scolopacidae,44.85790548
Scolopacidae,45.05416863
Scolopacidae,45.03846758
Scolopacidae,45.0463181
Scolopacidae,45.00706547
Scolopacidae,45.03846758
Scolopacidae,45.03846758
Scolopacidae,45.05416863
Scolopacidae,45.18762757
Scolopacidae,44.85005495
Scolopacidae,45.09342126
Scolopacidae,45.10912231
Scolopacidae,45.10127179
Scolopacidae,45.10127179
Scolopacidae,45.06986968
Scolopacidae,45.10912231
Scolopacidae,44.95996232
Scolopacidae,45.10127179
Scolopacidae,45.07772021
Scolopacidae,45.07772021
Scolopacidae,45.08557073
Scolopacidae,44.75584864
Scolopacidae,45.05416863
Scolopacidae,45.10912231
Scolopacidae,45.10127179
Scolopacidae,45.08557073
Scolopacidae,45.08557073
Scolopacidae,45.09342126
Scolopacidae,45.06986968
Scolopacidae,45.14052442
Scolopacidae,45.13267389
Scolopacidae,45.23473073
Scolopacidae,45.06376949
Scolopacidae,45.03061705
Scolopacidae,45.03846758
Scolopacidae,45.08557073
Scolopacidae,45.03864963
Scolopacidae,44.9835139
Scolopacidae,45.10127179
Scolopacidae,45.17192652
Scolopacidae,45.19760668
Scolopacidae,43.94439208
Scolopacidae,44.5909876
Scolopacidae,44.70874549
Scolopacidae,44.70874549
Scolopacidae,44.70357283
Scolopacidae,44.59883812
Scolopacidae,44.62504908
Scolopacidae,44.6171967
Scolopacidae,44.5857872
Scolopacidae,44.60934433
Scolopacidae,44.62504908
Scolopacidae,44.63024023
Scolopacidae,44.63024023
Scolopacidae,44.42873969
Scolopacidae,44.44444444
Scolopacidae,44.42088732
Scolopacidae,44.43659207
Scolopacidae,44.57528654
Scolopacidae,44.54481188
Scolopacidae,44.75853946
Scolopacidae,44.75068708
Scolopacidae,44.78994896
Scolopacidae,44.67216333
Scolopacidae,44.89715811
Scolopacidae,44.95211179
Scolopacidae,44.4915587
Scolopacidae,44.74799812
Scolopacidae,44.74283471
Scolopacidae,44.65645858
Scolopacidae,44.90005531
Scolopacidae,44.84220443
Scolopacidae,44.75853946
Scolopacidae,44.67216333
Scolopacidae,44.6800157
Scolopacidae,44.50290561
Scolopacidae,44.63290145
Scolopacidae,44.57793483
Scolopacidae,44.67216333
Scolopacidae,44.64075383
Scolopacidae,45.02552022
Scolopacidae,44.8248721
Scolopacidae,44.78281398
Scolopacidae,44.76885645
Scolopacidae,45.014916
Scolopacidae,44.87724268
Scolopacidae,44.78011171
Scolopacidae,44.67032967
Scolopacidae,44.7068979
Scolopacidae,44.67116622
Scolopacidae,44.67984934
Scolopacidae,44.73746174
Scolopacidae,44.70255847
Scolopacidae,44.70338983
Scolopacidae,44.86545854
Scolopacidae,45.05649718
Scolopacidae,44.47331129
Scolopacidae,44.45229127
Scolopacidae,44.48367859
Scolopacidae,44.45577964
Scolopacidae,44.4601492
Scolopacidae,44.82893911
Scolopacidae,44.46798493
Scolopacidae,44.47583176
Scolopacidae,45.34180991
Scolopacidae,45.34180991
Scolopacidae,45.34965858
Scolopacidae,45.32611255
Scolopacidae,44.47578749
Scolopacidae,44.74262398
Scolopacidae,44.44706067
Scolopacidae,44.63542893
Scolopacidae,44.60753532
Scolopacidae,44.27438977
Scolopacidae,44.27181419
Scolopacidae,44.66477809
Scolopacidae,44.54645323
Scolopacidae,44.52812426
Scolopacidae,44.5386064
Scolopacidae,44.45229127
Scolopacidae,44.6907176
Scolopacidae,44.65630885
Scolopacidae,44.78970496
Scolopacidae,44.56990512
Scolopacidae,44.77670513
Scolopacidae,44.86304058
Scolopacidae,44.80809984
Scolopacidae,44.58048819
Scolopacidae,44.59607843
Scolopacidae,44.82109228
Scolopacidae,44.72176438
Scolopacidae,44.71391571
Scolopacidae,44.72961306
Scolopacidae,44.70606703
Scolopacidae,44.72961306
Scolopacidae,44.72961306
Scolopacidae,44.72961306
Scolopacidae,44.71391571
Scolopacidae,44.73746174
Scolopacidae,44.83164587
Scolopacidae,44.70606703
Scolopacidae,44.73746174
Scolopacidae,44.62758025
Scolopacidae,44.77916372
Scolopacidae,44.53339612
Scolopacidae,44.62673679
Scolopacidae,44.60584171
Scolopacidae,44.6170747
Scolopacidae,44.64327761
Scolopacidae,44.62758025
Scolopacidae,44.62855348
Scolopacidae,44.63024023
Scolopacidae,44.57263951
Scolopacidae,44.77670513
Scolopacidae,44.82623362
Scolopacidae,44.54645323
Scolopacidae,44.54138175
Scolopacidae,44.44444444
Scolopacidae,44.44444444
Scolopacidae,44.42875078
Scolopacidae,44.42875078
Scolopacidae,44.67984934
Scolopacidae,44.91798132
Scolopacidae,44.45751942
Scolopacidae,45.00431677
Scolopacidae,45.00431677
Scolopacidae,44.66682364
Scolopacidae,44.5412448
Scolopacidae,44.56999372
Scolopacidae,44.53339612
Scolopacidae,44.51506591
Scolopacidae,44.47583176
Scolopacidae,44.47583176
Scolopacidae,44.67984934
Scolopacidae,44.18020564
Scolopacidae,44.67200251
Scolopacidae,44.68769617
Scolopacidae,44.56206383
Scolopacidae,44.80025116
Scolopacidae,44.80025116
Scolopacidae,44.61973158
Scolopacidae,44.59618554
Scolopacidae,44.72176438
Scolopacidae,45.15444471
Scolopacidae,45.14582187
Scolopacidae,45.17371482
Scolopacidae,45.15444471
Scolopacidae,44.74241355
Scolopacidae,44.71429694
Scolopacidae,44.71104838
Scolopacidae,44.72215672
Scolopacidae,44.75809613
Scolopacidae,44.75809613
Scolopacidae,45.03378909
Scolopacidae,44.6907176
Scolopacidae,44.72215672
Scolopacidae,44.68285782
Scolopacidae,44.66713825
Scolopacidae,44.73457226
Scolopacidae,44.6907176
Scolopacidae,44.6907176
Scolopacidae,44.6907176
Scolopacidae,44.68469885
Scolopacidae,45.28524281
Scolopacidae,45.25662187
Scolopacidae,45.37168003
Scolopacidae,45.27738488
Scolopacidae,45.10728602
Scolopacidae,44.78503498
Scolopacidae,44.91079148
Scolopacidae,44.89860085
Scolopacidae,44.91079148
Scolopacidae,44.9029317
Scolopacidae,44.9029317
Scolopacidae,44.9029317
Scolopacidae,44.9029317
Scolopacidae,45.22237938
Scolopacidae,45.24876208
Scolopacidae,45.2409023
Scolopacidae,45.22518274
Scolopacidae,45.24876208
Scolopacidae,45.2409023
Scolopacidae,45.23304252
Scolopacidae,44.61997956
Scolopacidae,44.70643716
Scolopacidae,44.71429694
Scolopacidae,45.24876208
Scolopacidae,45.09156645
Scolopacidae,44.77447745
Scolopacidae,44.75090366
Scolopacidae,44.77447745
Scolopacidae,44.78503498
Scolopacidae,44.90020431
Scolopacidae,44.98152951
Scolopacidae,44.98938929
Scolopacidae,44.96580995
Scolopacidae,44.95795017
Scolopacidae,44.98152951
Scolopacidae,44.98152951
Scolopacidae,44.96580995
Scolopacidae,44.97366973
Scolopacidae,45.06012733
Scolopacidae,45.06012733
Scolopacidae,45.06012733
Scolopacidae,44.95795017
Scolopacidae,45.06012733
Scolopacidae,44.91865126
Scolopacidae,44.92651104
Scolopacidae,44.91865126
Scolopacidae,45.3088166
Scolopacidae,45.18308974
Scolopacidae,45.28524281
Scolopacidae,45.32453245
Scolopacidae,45.31950012
Scolopacidae,45.20946318
Scolopacidae,45.2016034
Scolopacidae,45.10360041
Scolopacidae,45.28020121
Scolopacidae,45.3273599
Scolopacidae,45.31164034
Scolopacidae,45.31950012
Scolopacidae,45.30378055
Scolopacidae,45.3273599
Scolopacidae,45.31950012
Scolopacidae,45.31164034
Scolopacidae,45.29592077
Scolopacidae,45.29592077
Scolopacidae,45.31950012
Scolopacidae,45.28806099
Scolopacidae,45.08647799
Scolopacidae,45.11869203
Scolopacidae,44.88448845
Scolopacidae,45.09665252
Scolopacidae,44.85819782
Scolopacidae,44.85034174
Scolopacidae,44.82162502
Scolopacidae,44.82162502
Scolopacidae,44.90020431
Scolopacidae,44.85577301
Scolopacidae,44.67499804
Scolopacidae,45.19094767
Scolopacidae,44.50730787
Scolopacidae,45.31950012
Scolopacidae,45.31950012
Scolopacidae,44.8164741
Scolopacidae,45.20666352
Scolopacidae,45.14380009
Scolopacidae,45.26952695
Scolopacidae,45.29310074
Scolopacidae,45.2538111
Scolopacidae,45.21301682
Scolopacidae,44.96233522
Scolopacidae,44.96233522
Scolopacidae,44.96233522
Scolopacidae,44.97802888
Scolopacidae,44.71410619
Scolopacidae,44.4601603
Scolopacidae,44.5701713
Scolopacidae,44.41562525
Scolopacidae,44.54674221
Scolopacidae,44.21913071
Scolopacidae,44.52566219
Scolopacidae,44.52566219
Scolopacidae,44.90020431
Scolopacidae,44.42872859
Scolopacidae,44.44444444
Scolopacidae,44.4601603
Scolopacidae,44.46801823
Scolopacidae,44.60946095
Scolopacidae,44.75090366
Scolopacidae,44.7351878
Scolopacidae,44.7351878
Scolopacidae,44.61200126
Scolopacidae,44.23485027
Scolopacidae,44.38947782
Scolopacidae,44.95009039
Scolopacidae,44.47064372
Scolopacidae,45.06012733
Scolopacidae,44.76145563
Scolopacidae,44.54138175
Scolopacidae,44.87904493
Scolopacidae,44.87904493
Scolopacidae,44.93163602
Scolopacidae,44.91592016
Scolopacidae,44.93163602
Scolopacidae,44.80861432
Scolopacidae,44.80861432
Scolopacidae,44.64341816
Scolopacidae,44.71410619
Scolopacidae,44.36592069
Scolopacidae,44.85548225
Scolopacidae,44.54221165
Scolopacidae,44.59894729
Scolopacidae,44.74573607
Scolopacidae,44.6801823
Scolopacidae,44.68804023
Scolopacidae,44.82162502
Scolopacidae,44.76661952
Scolopacidae,44.76661952
Scolopacidae,44.76661952
Scolopacidae,44.69572046
Scolopacidae,44.73498233
Scolopacidae,44.82162502
Scolopacidae,44.5701713
Scolopacidae,44.59374509
Scolopacidae,44.6800157
Scolopacidae,44.93437082
Scolopacidae,44.70357283
Scolopacidae,44.70357283
Scolopacidae,44.79019331
Scolopacidae,44.67499804
Scolopacidae,44.61211978
Scolopacidae,44.59640022
Scolopacidae,44.79289476
Scolopacidae,44.76931541
Scolopacidae,44.50208284
Recurvirostridae,45.08602404
Recurvirostridae,44.82379719
Recurvirostridae,44.7845538
Recurvirostridae,44.81594851
Recurvirostridae,44.82379719
Recurvirostridae,44.70606703
Recurvirostridae,44.71659601
Alcidae,45.23299198
Alcidae,44.76804329
Alcidae,44.92104643
Alcidae,44.74976243
Alcidae,44.62327416
Alcidae,44.63651433
Alcidae,44.45751942
Alcidae,44.38691457
Alcidae,44.6870566
Alcidae,44.61973158
Alcidae,44.96233522
Alcidae,44.64959145
Alcidae,44.23076923
Rallidae,44.48373409
Rallidae,44.41301273
Rallidae,44.31871759
Rallidae,44.20870658
Rallidae,45.24092096
Rallidae,44.12272442
Rallidae,44.86341809
Rallidae,44.92445703
Rallidae,44.19387675
Rallidae,44.21736747
Rallidae,44.0926276
Rallidae,44.02173913
Rallidae,44.3685739
Rallidae,44.46275803
Rallidae,44.46275803
Rallidae,44.76885645
Gruidae,44.76100777
Gruidae,45
Gruidae,44.85525488
Gruidae,44.99881955
Gruidae,44.10774411
Gruidae,44.12340459
Gruidae,44.11557435
Gruidae,44.10774411
Gruidae,44.15035239
Gruidae,44.47329085
Gruidae,44.46542365
Gruidae,44.47329085
Gruidae,44.46542365
Gruidae,44.44968925
Gruidae,44.46542365
Gruidae,44.49689246
Gruidae,44.46542365
Gruidae,44.44968925
Gruidae,44.46542365
Gruidae,44.02173913
Gruidae,44.19502205
Gruidae,44.0847511
Gruidae,44.13201008
Gruidae,44.12413359
Gruidae,44.06899811
Gruidae,44.42344045
Gruidae,44.13988658
Gruidae,44.13201008
Gruidae,44.10838059
Gruidae,44.0847511
Gruidae,44.1005041
Gruidae,44.12413359
Gruidae,44.0926276
Gruidae,45.19880559
Gruidae,44.51282051
Gruidae,44.56804734
Ciconiidae,45.12204694
Ciconiidae,44.91225309
Ciconiidae,44.7592068
Ciconiidae,44.7198615
Ciconiidae,44.92150706
Ciconiidae,44.68502393
Numididae,44.74014759
Numididae,44.74014759
Numididae,44.74035667
Numididae,44.74035667
Numididae,44.55181083
Numididae,44.49681829
Numididae,44.54395475
Numididae,44.70107628
Numididae,44.75315909
Numididae,44.22285533
Numididae,44.28739694
Numididae,44.37377307
Numididae,44.36830498
Numididae,44.44707741
Numididae,44.38162544
Numididae,44.33451119
Numididae,44.83029541
Numididae,44.82650338
Numididae,44.84734322
Numididae,44.81621112
Numididae,45.01766784
Numididae,44.33396465
Numididae,44.40753045
Numididae,44.23835833
Numididae,44.3874329
Numididae,44.45058415
Numididae,44.49939197
Numididae,44.59395656
Numididae,44.95593327
Numididae,44.82568663
Numididae,44.79420792
Numididae,45.05467801
Numididae,44.91658798
Numididae,44.5229682
Numididae,44.77670513
Numididae,44.75420135
Numididae,44.77987421
Numididae,44.71391571
Numididae,44.20681551
Numididae,44.02161146
Numididae,45.03132683
Numididae,45.29310074
Numididae,45.2538111
Numididae,44.42071965
Numididae,44.40755671
Numididae,44.42336574
Numididae,44.42336574
Numididae,44.3996522
Numididae,44.42336574
Numididae,44.43917477
Numididae,44.58145601
Numididae,44.67631017
Numididae,44.70792823
Numididae,44.71583274
Numididae,44.59726504
Numididae,44.58936052
Numididae,44.63678761
Numididae,44.65528147
Numididae,44.60516955
Numididae,44.58498024
Numididae,45.24185899
Numididae,45.3343949
Numididae,45.07866234
Numididae,45.04347826
Numididae,45.00556704
Numididae,45.08514851
Numididae,45.03321734
Numididae,44.4418146
Numididae,44.33176101
Numididae,44.32389937
Numididae,44.32389937
Struthionidae,44.98861942
Struthionidae,44.48893076
Struthionidae,44.44967813
Struthionidae,44.56743602
Struthionidae,44.82135846
Struthionidae,44.3102904
Struthionidae,44.20238377
Struthionidae,44.88899349
Struthionidae,44.88899349
Struthionidae,44.88899349
Struthionidae,44.88899349
Struthionidae,44.88899349
Struthionidae,44.75315909
Struthionidae,44.75090366
Struthionidae,44.73395071
Struthionidae,44.76885645
Struthionidae,44.17821627
Struthionidae,44.61016414
Struthionidae,44.69005664
Struthionidae,44.56479083
Struthionidae,45.05459973
Struthionidae,44.67499804
Struthionidae,44.80075454
Struthionidae,44.74573607
Struthionidae,45.06641366
Struthionidae,45.07944036
Struthionidae,45.04347826
Struthionidae,45.05060089
Struthionidae,44.39447732
Struthionidae,44.24457594
Struthionidae,44.41814596
Struthionidae,44.41814596
Struthionidae,44.44970414
Struthionidae,44.47337278
Struthionidae,44.52859961
Struthionidae,44.52071006
Struthionidae,44.39447732
Struthionidae,44.43392505
Struthionidae,44.40495933
Struthionidae,44.58382643
Struthionidae,44.61538462
Columbidae,44.78185813
Columbidae,44.94937603
Columbidae,44.94937603
Columbidae,45.06710619
Columbidae,44.72712996
Columbidae,44.64327761
Columbidae,44.77670513
Columbidae,44.31288973
Columbidae,44.06565657
Columbidae,44.08933081
Columbidae,44.20238377
Columbidae,44.51811508
Columbidae,44.12345094
Columbidae,44.26553003
Columbidae,44.40760912
Columbidae,44.49443524
Columbidae,44.39971584
Columbidae,44.50232852
Columbidae,44.57043862
Columbidae,44.54968822
Columbidae,44.65713593
Columbidae,44.36814271
Columbidae,45.06654067
Columbidae,44.88899349
Columbidae,44.88899349
Columbidae,44.88899349
Columbidae,44.75485953
Columbidae,44.81429021
Columbidae,44.84576645
Columbidae,44.77670513
Columbidae,44.77670513
Columbidae,44.73746174
Columbidae,44.30807962
Columbidae,44.52848026
Columbidae,44.27212407
Columbidae,44.1111636
Columbidae,43.99748091
Columbidae,43.91971665
Columbidae,43.78591106
Columbidae,43.9157197
Columbidae,43.86837121
Columbidae,44.27667984
Columbidae,44.24125762
Columbidae,44.47090577
Columbidae,44.49461343
Columbidae,44.44180146
Columbidae,44.44444444
Columbidae,44.46029482
Columbidae,44.04733728
Columbidae,44.47337278
Columbidae,44.36291913
Columbidae,44.4418146
Columbidae,44.33136095
Columbidae,44.48387351
Columbidae,44.25043259
Columbidae,44.13074532
Columbidae,44.39447732
Columbidae,44.66714388
Columbidae,44.06247484
Columbidae,44.47337278
Columbidae,44.62672373
Columbidae,44.52120057
Columbidae,44.63358108
Columbidae,44.55178967
Columbidae,44.28582758
Columbidae,44.29343507
Columbidae,44.27529337
Columbidae,44.20893864
Columbidae,44.20100024
Columbidae,44.23549948
Columbidae,44.23520064
Columbidae,44.08703879
Columbidae,43.90494237
Columbidae,44.34453384
Columbidae,44.21913071
Columbidae,44.18769158
Columbidae,44.65141869
Columbidae,44.67499804
Phalacrocoracidae,45.19268503
Phalacrocoracidae,45.22407974
Phalacrocoracidae,44.41812727
Phalacrocoracidae,44.3655303
Phalacrocoracidae,44.70755387
Phalacrocoracidae,44.69176731
Phalacrocoracidae,44.68387402
Phalacrocoracidae,44.70755387
Phalacrocoracidae,44.58126135
Phalacrocoracidae,44.62862104
Phalacrocoracidae,44.62862104
Phalacrocoracidae,44.87923463
Phalacrocoracidae,44.73559962
Phalacrocoracidae,44.88511174
Phalacrocoracidae,44.71640386
Phalacrocoracidae,44.69286891
Phalacrocoracidae,44.76347376
Phalacrocoracidae,44.85664776
Phalacrocoracidae,44.83817623
Phalacrocoracidae,44.77517915
Phalacrocoracidae,44.84605087
Phalacrocoracidae,45.03888758
Podicipedidae,44.93367868
Podicipedidae,45.14559297
Podicipedidae,45.13774429
Podicipedidae,44.55958549
Podicipedidae,44.55734089
Podicipedidae,44.35763889
Podicipedidae,44.31818182
Podicipedidae,44.31818182
Podicipedidae,44.23926768
Podicipedidae,44.28661616
Podicipedidae,44.47075539
Podicipedidae,44.40760912
Podicipedidae,44.3286763
Podicipedidae,44.37776374
Podicipedidae,44.33656958
Podicipedidae,44.36814271
Podicipedidae,44.37603599
Podicipedidae,44.36024943
Podicipedidae,44.36024943
Podicipedidae,44.34446286
Podicipedidae,44.36024943
Podicipedidae,44.36024943
Podicipedidae,44.38392928
Podicipedidae,44.38392928
Podicipedidae,44.33111954
Podicipedidae,44.77916372
Podicipedidae,44.78024146
Podicipedidae,44.91658798
Podicipedidae,44.87724268
Podicipedidae,44.90084986
Podicipedidae,44.85363551
Podicipedidae,44.86150456
Podicipedidae,44.64579901
Podicipedidae,44.70071389
Podicipedidae,44.58182391
Podicipedidae,44.06899811
Podicipedidae,44.0926276
Podicipedidae,44.1005041
Psittaculidae,44.98587571
Psittaculidae,45.36796537
Psittaculidae,44.4601492
Psittaculidae,44.62594697
Psittaculidae,44.4051548
Psittaculidae,44.34229137
Sturnidae,45.40302267
Sturnidae,44.3102904
Sturnidae,44.3087484
Sturnidae,44.4765343
Sturnidae,44.42339569
Sturnidae,44.39429929
Sturnidae,44.5909876
Ardeidae,44.45491675
Ardeidae,44.38900768
Ardeidae,44.23744869
Ardeidae,44.34974747
Ardeidae,44.4207702
Ardeidae,44.33396465
Ardeidae,44.3286763
Ardeidae,44.41011013
Ardeidae,44.32237307
Ardeidae,44.92628607
Ardeidae,44.76347376
Ardeidae,44.77494492
Ardeidae,44.78185813
Ardeidae,44.96586361
Ardeidae,45.13065997
Ardeidae,44.52904239
Ardeidae,44.52468797
Ardeidae,44.52818339
Ardeidae,44.86150456
Ardeidae,44.9925496
Ardeidae,44.73993881
Ardeidae,44.12340459
Ardeidae,44.14689531
Falconidae,44.05053296
Falconidae,44.28368121
Falconidae,44.28368121
Falconidae,44.30239899
Falconidae,44.35102891
Falconidae,44.28221924
Falconidae,44.38621566
Falconidae,44.5683112
Falconidae,44.45058415
Falconidae,44.47075539
Falconidae,44.34446286
Falconidae,44.34893346
Falconidae,44.62072776
Falconidae,44.61283448
Falconidae,44.90871892
Falconidae,44.93232609
Falconidae,44.77059888
Falconidae,44.75133774
Falconidae,44.87724268
Falconidae,44.80994727
Falconidae,44.71199245
Falconidae,45.02510986
Falconidae,44.83002833
Falconidae,44.84576645
Falconidae,44.82215927
Falconidae,44.82215927
Falconidae,44.82052897
Falconidae,44.86937362
Falconidae,44.85363551
Falconidae,44.82215927
Falconidae,44.78281398
Falconidae,44.70338983
Falconidae,45.00666824
Falconidae,44.97404436
Falconidae,44.21464943
Falconidae,44.1284763
Falconidae,44.0294417
Falconidae,44.0294417
Falconidae,44.00595098
Falconidae,44.01386263
Falconidae,44.13201008
Falconidae,44.15563957
Falconidae,44.52932283
Falconidae,44.53162149
Falconidae,44.34714004
Accipitridae,44.30179109
Accipitridae,44.32025367
Accipitridae,44.32321316
Accipitridae,44.32321316
Accipitridae,44.34185606
Accipitridae,44.23016124
Accipitridae,44.28938081
Accipitridae,44.52877925
Accipitridae,44.65005931
Accipitridae,44.48134092
Accipitridae,44.47084918
Accipitridae,44.4628621
Accipitridae,44.40047487
Accipitridae,44.51097804
Accipitridae,44.97167139
Accipitridae,44.94019515
Accipitridae,44.8929808
Accipitridae,44.90004722
Accipitridae,44.66477809
Accipitridae,44.66477809
Accipitridae,44.66477809
Accipitridae,44.94019515
Accipitridae,44.79068303
Accipitridae,44.72773056
Accipitridae,44.77494492
Accipitridae,44.81429021
Accipitridae,44.75133774
Accipitridae,44.80044084
Accipitridae,44.99372254
Accipitridae,45.04865035
Accipitridae,45.04080352
Accipitridae,45.08003766
Accipitridae,44.99725339
Accipitridae,44.82866776
Accipitridae,45.12711864
Accipitridae,44.94664156
Accipitridae,44.92310107
Accipitridae,44.93879473
Accipitridae,44.98587571
Accipitridae,44.904407
Accipitridae,44.93879473
Accipitridae,44.87602009
Accipitridae,45.05649718
Accipitridae,45.01845018
Accipitridae,45.04080352
Accipitridae,45.05649718
Accipitridae,44.94985391
Accipitridae,44.82215927
Accipitridae,44.86150456
Accipitridae,44.83002833
Accipitridae,44.8720976
Accipitridae,44.83789739
Accipitridae,44.88511174
Accipitridae,44.86150456
Accipitridae,44.79855209
Accipitridae,44.79068303
Accipitridae,44.80642115
Accipitridae,44.83002833
Accipitridae,44.67984934
Accipitridae,44.81673745
Accipitridae,44.70338983
Accipitridae,44.95593327
Accipitridae,44.93232609
Accipitridae,44.93232609
Accipitridae,44.88511174
Accipitridae,44.92445703
Accipitridae,44.75914012
Accipitridae,44.80723839
Accipitridae,44.25776936
Accipitridae,44.19114767
Accipitridae,44.18331375
Accipitridae,44.17547983
Accipitridae,44.01378122
Accipitridae,43.99810964
Accipitridae,44.10838059
Accipitridae,44.07687461
Accipitridae,44.13988658
Accipitridae,44.12413359
Accipitridae,44.11973218
Accipitridae,44.12413359
Accipitridae,44.11973218
Accipitridae,44.13108555
Accipitridae,45.05259828
Corvidae,44.23289619
Corvidae,44.32607323
Corvidae,44.37342172
Corvidae,44.72687086
Corvidae,44.71544715
Corvidae,44.73123372
Corvidae,44.71544715
Corvidae,44.67598074
Corvidae,44.72334044
Corvidae,44.32208124
Corvidae,44.45784101
Corvidae,44.39709596
Corvidae,44.39709596
Corvidae,44.41550241
Corvidae,44.40760912
Corvidae,44.40672614
Corvidae,44.3874329
Corvidae,44.60737938
Corvidae,44.58372753
Corvidae,44.58372753
Corvidae,44.60737938
Corvidae,44.46546831
Corvidae,44.66256701
Corvidae,44.36803415
Corvidae,44.39883161
Corvidae,44.39971584
Corvidae,44.43479634
Corvidae,44.30499645
Corvidae,44.32680152
Corvidae,44.39532681
Corvidae,44.26786844
Corvidae,44.27342332
Corvidae,44.31288973
Corvidae,44.37603599
Corvidae,44.41548183
Corvidae,44.38388626
Corvidae,44.44269024
Corvidae,44.45496882
Corvidae,44.42163443
Corvidae,44.39971584
Corvidae,44.39971584
Corvidae,44.39182256
Corvidae,44.50518976
Corvidae,44.46554316
Corvidae,44.45500634
Corvidae,44.4338725
Corvidae,44.45762176
Corvidae,44.47886876
Corvidae,44.84576645
Corvidae,44.83789739
Corvidae,44.84576645
Corvidae,44.84576645
Corvidae,44.84576645
Corvidae,44.84576645
Corvidae,44.84576645
Corvidae,44.84142599
Corvidae,44.83708484
Corvidae,44.83708484
Corvidae,44.83708484
Corvidae,44.84576645
Corvidae,44.97167139
Corvidae,44.94806421
Corvidae,44.78185813
Corvidae,45.00431677
Corvidae,44.96233522
Corvidae,44.80642115
Corvidae,44.80642115
Corvidae,44.85716534
Corvidae,44.93232609
Corvidae,44.72424884
Corvidae,44.99606609
Corvidae,44.41025641
Corvidae,44.41814596
Threskiornithidae,44.90117332
Threskiornithidae,44.91658798
Threskiornithidae,44.72176438
Threskiornithidae,44.18604651
Threskiornithidae,44.75359585
Passeridae,44.73042109
Passeridae,45.07763853
Passeridae,45.0934027
Passeridae,44.97517144
Passeridae,44.66148898
Passeridae,44.055503
ZZPersistent,44.71902781
ZZPersistent,44.07941385
ZZPersistent,44.07941385
ZZPersistent,44.07060121
ZZPersistent,44.02679275
ZZPersistent,43.99527187
ZZPersistent,43.97951143
ZZPersistent,44.00377715
ZZPersistent,43.66219292
ZZPersistent,43.86974691
ZZPersistent,43.86006289
ZZPersistent,43.82701515
ZZPersistent,43.609435
ZZPersistent,43.61143752
ZZPersistent,43.33725029
ZZPersistent,43.32941637
ZZPersistent,43.32158245
ZZPersistent,43.49631719
ZZPersistent,43.49392871
ZZPersistent,43.50959655
ZZPersistent,43.49290919
ZZPersistent,43.47826087
ZZPersistent,43.49188935
ZZPersistent,43.51982448
ZZPersistent,43.46497414
ZZPersistent,43.65772086
ZZPersistent,43.41352559
ZZPersistent,43.51743047
ZZPersistent,43.51743047
ZZPersistent,43.59034634
ZZPersistent,43.59034634
ZZPersistent,43.59034634
ZZPersistent,43.48754448
ZZPersistent,43.85563102
ZZPersistent,43.69259754
ZZPersistent,43.68573895
ZZPersistent,44.10304892
ZZPersistent,44.10304892
ZZPersistent,44.07060121
ZZPersistent,44.06365713
ZZPersistent,43.94819466
ZZPersistent,43.81475667
ZZPersistent,43.78544423
ZZPersistent,43.80119723
ZZPersistent,43.72243226
ZZPersistent,43.72243226
ZZPersistent,43.22818581
ZZPersistent,43.10263653
ZZPersistent,43.0947897
ZZPersistent,43.29880728
ZZPersistent,43.14923619
ZZPersistent,43.06306306
ZZPersistent,43.06306306
ZZPersistent,43.12573443
ZZPersistent,43.06306306
ZZPersistent,43.05860232
ZZPersistent,43.10223267
ZZPersistent,43.36858598
ZZPersistent,43.19178941
ZZPersistent,43.15261673
ZZPersistent,43.16721517
ZZPersistent,43.32941637
ZZPersistent,43.31374853
ZZPersistent,43.34508421
ZZPersistent,43.25891108
ZZPersistent,43.27457893
ZZPersistent,43.21974148
ZZPersistent,43.21190756
ZZPersistent,43.19855822
ZZPersistent,43.19623972
ZZPersistent,43.3764199
ZZPersistent,43.36075206
ZZPersistent,43.38425382
ZZPersistent,43.39992166
ZZPersistent,43.42342342
ZZPersistent,43.43909127
ZZPersistent,43.43125734
ZZPersistent,43.47042695
ZZPersistent,43.43125734
ZZPersistent,43.44692519
ZZPersistent,43.44692519
ZZPersistent,43.45475911
ZZPersistent,43.42342342
ZZPersistent,43.44692519
ZZPersistent,43.44692519
ZZPersistent,43.44692519
ZZPersistent,43.46259303
ZZPersistent,43.43125734
ZZPersistent,43.36546751
ZZPersistent,43.58490566
ZZPersistent,43.52526439
ZZPersistent,43.52526439
ZZPersistent,43.53309832
ZZPersistent,43.54876616
ZZPersistent,43.26674501
ZZPersistent,43.30147289
ZZPersistent,43.25891108
ZZPersistent,43.25891108
ZZPersistent,43.26674501
ZZPersistent,43.24324324
ZZPersistent,43.2275754
ZZPersistent,43.24324324
ZZPersistent,43.24324324
ZZPersistent,43.23540932
ZZPersistent,43.2275754
ZZPersistent,43.2275754
ZZPersistent,43.23540932
ZZPersistent,43.21974148
ZZPersistent,43.23540932
ZZPersistent,43.25107716
ZZPersistent,43.26124432
ZZPersistent,43.23540932
ZZPersistent,43.24324324
ZZPersistent,43.23540932
ZZPersistent,43.23540932
ZZPersistent,43.23879662
ZZPersistent,43.25891108
ZZPersistent,43.23540932
ZZPersistent,43.21974148
ZZPersistent,43.2275754
ZZPersistent,43.24324324
ZZPersistent,43.2275754
ZZPersistent,43.23540932
ZZPersistent,43.2275754
ZZPersistent,43.23540932
ZZPersistent,43.21974148
ZZPersistent,43.25107716
ZZPersistent,43.2275754
ZZPersistent,43.23540932
ZZPersistent,43.21974148
ZZPersistent,43.20407364
ZZPersistent,43.24324324
ZZPersistent,43.21974148
ZZPersistent,43.20407364
ZZPersistent,43.26146609
ZZPersistent,43.25107716
ZZPersistent,43.20407364
ZZPersistent,43.23540932
ZZPersistent,43.35291814
ZZPersistent,43.32158245
ZZPersistent,43.31844188
ZZPersistent,43.33725029
ZZPersistent,43.19178941
ZZPersistent,43.2629679
ZZPersistent,43.176646
ZZPersistent,43.29880728
ZZPersistent,43.22818581
ZZPersistent,43.24387947
ZZPersistent,43.20464532
ZZPersistent,43.19912095
ZZPersistent,43.2517263
ZZPersistent,43.25957313
ZZPersistent,43.23603264
ZZPersistent,43.27526679
ZZPersistent,43.27526679
ZZPersistent,43.28217237
ZZPersistent,43.27526679
ZZPersistent,43.28311362
ZZPersistent,43.26741996
ZZPersistent,43.27526679
ZZPersistent,43.23603264
ZZPersistent,43.2517263
ZZPersistent,43.30665411
ZZPersistent,43.20464532
ZZPersistent,43.24387947
ZZPersistent,43.2517263
ZZPersistent,43.22033898
ZZPersistent,43.19679849
ZZPersistent,43.21249215
ZZPersistent,43.23051566
ZZPersistent,43.20464532
ZZPersistent,43.27526679
ZZPersistent,43.24727301
ZZPersistent,43.29096045
ZZPersistent,43.29096045
ZZPersistent,43.26741996
ZZPersistent,43.29880728
ZZPersistent,43.28311362
ZZPersistent,43.27081535
ZZPersistent,43.25957313
ZZPersistent,43.21249215
ZZPersistent,43.26741996
ZZPersistent,43.23603264
ZZPersistent,43.27526679
ZZPersistent,43.22818581
ZZPersistent,43.14187068
ZZPersistent,43.24387947
ZZPersistent,43.19679849
ZZPersistent,43.20464532
ZZPersistent,43.20464532
ZZPersistent,43.176646
ZZPersistent,43.21249215
ZZPersistent,43.18110483
ZZPersistent,43.19679849
ZZPersistent,43.18895166
ZZPersistent,43.20464532
ZZPersistent,43.18895166
ZZPersistent,43.21249215
ZZPersistent,43.2148183
ZZPersistent,43.18110483
ZZPersistent,43.15756434
ZZPersistent,43.22033898
ZZPersistent,43.22033898
ZZPersistent,43.22818581
ZZPersistent,43.18895166
ZZPersistent,43.22033898
ZZPersistent,42.95581195
ZZPersistent,42.94011459
ZZPersistent,42.95581195
ZZPersistent,42.94796327
ZZPersistent,42.96366062
ZZPersistent,42.90871988
ZZPersistent,42.95581195
ZZPersistent,42.95581195
ZZPersistent,42.95581195
ZZPersistent,42.94796327
ZZPersistent,42.94796327
ZZPersistent,42.95581195
ZZPersistent,42.95581195
ZZPersistent,42.95581195
ZZPersistent,42.94796327
ZZPersistent,42.94796327
ZZPersistent,42.95581195
ZZPersistent,42.94796327
ZZPersistent,42.95581195
ZZPersistent,42.95581195
ZZPersistent,42.95581195
ZZPersistent,42.94796327
ZZPersistent,42.95581195
ZZPersistent,42.95581195
ZZPersistent,42.93226591
ZZPersistent,42.88182175
ZZPersistent,42.93905121
ZZPersistent,42.97935798
ZZPersistent,43.00290401
ZZPersistent,42.98720666
ZZPersistent,42.98720666
ZZPersistent,42.93563579
ZZPersistent,42.93226591
ZZPersistent,42.94348509
ZZPersistent,42.95581195
ZZPersistent,42.95581195
ZZPersistent,42.95133438
ZZPersistent,42.96366062
ZZPersistent,42.95581195
ZZPersistent,42.93226591
ZZPersistent,42.93678838
ZZPersistent,42.94796327
ZZPersistent,42.95581195
ZZPersistent,42.95581195
ZZPersistent,42.91656856
ZZPersistent,42.95581195
ZZPersistent,42.95807819
ZZPersistent,42.94796327
ZZPersistent,42.95581195
ZZPersistent,42.93226591
ZZPersistent,42.97040584
ZZPersistent,42.93226591
ZZPersistent,42.95581195
ZZPersistent,42.94348509
ZZPersistent,42.92441724
ZZPersistent,42.9715093
ZZPersistent,42.96366062
ZZPersistent,42.94796327
ZZPersistent,42.93226591
ZZPersistent,42.91097504
ZZPersistent,42.90871988
ZZPersistent,42.92441724
ZZPersistent,42.94796327
ZZPersistent,42.94011459
ZZPersistent,42.94011459
ZZPersistent,42.98720666
ZZPersistent,42.94011459
ZZPersistent,42.96366062
ZZPersistent,42.94796327
ZZPersistent,42.96366062
ZZPersistent,42.95581195
ZZPersistent,42.95581195
ZZPersistent,42.94796327
ZZPersistent,42.9715093
ZZPersistent,42.95581195
ZZPersistent,42.94796327
ZZPersistent,42.94796327
ZZPersistent,42.95581195
ZZPersistent,42.94796327
ZZPersistent,42.95133438
ZZPersistent,42.94796327
ZZPersistent,42.95581195
ZZPersistent,42.96366062
ZZPersistent,42.97046811
ZZPersistent,42.93004632
ZZPersistent,42.99733082
ZZPersistent,42.95581195
ZZPersistent,42.92441724
ZZPersistent,43.03400721
ZZPersistent,42.99710009
ZZPersistent,42.98720666
ZZPersistent,42.94796327
ZZPersistent,42.99505533
ZZPersistent,42.97935798
ZZPersistent,42.98845157
ZZPersistent,42.94796327
ZZPersistent,42.96366062
ZZPersistent,42.95581195
ZZPersistent,42.98273155
ZZPersistent,43.07354211
ZZPersistent,42.9715093
ZZPersistent,43.06569343
ZZPersistent,42.9715093
ZZPersistent,43.0421474
ZZPersistent,43.01860137
ZZPersistent,42.97935798
ZZPersistent,43.03429872
ZZPersistent,43.13633153
ZZPersistent,43.05784475
ZZPersistent,43.06569343
ZZPersistent,43.06569343
ZZPersistent,43.06569343
ZZPersistent,43.06569343
ZZPersistent,43.07354211
ZZPersistent,43.05784475
ZZPersistent,43.06569343
ZZPersistent,43.06569343
ZZPersistent,43.05784475
ZZPersistent,43.05784475
ZZPersistent,43.04999608
ZZPersistent,42.97935798
ZZPersistent,42.9715093
ZZPersistent,42.98720666
ZZPersistent,43.00290401
ZZPersistent,42.92441724
ZZPersistent,42.95581195
ZZPersistent,42.88517385
ZZPersistent,42.94011459
ZZPersistent,42.91882556
ZZPersistent,42.86162782
ZZPersistent,42.88069074
ZZPersistent,42.9008712
ZZPersistent,42.90763431
ZZPersistent,42.88517385
ZZPersistent,42.89302253
ZZPersistent,42.85714286
ZZPersistent,42.85265473
ZZPersistent,42.83023311
ZZPersistent,42.79098972
ZZPersistent,42.86163522
ZZPersistent,42.8347075
ZZPersistent,42.85041225
ZZPersistent,42.83023311
ZZPersistent,42.86947649
ZZPersistent,42.88517385
ZZPersistent,42.91882556
ZZPersistent,42.84593046
ZZPersistent,42.90871988
ZZPersistent,42.91774688
ZZPersistent,42.9008712
ZZPersistent,42.87732517
ZZPersistent,42.86162782
ZZPersistent,42.87732517
ZZPersistent,42.89302253
ZZPersistent,42.86947649
ZZPersistent,42.87732517
ZZPersistent,42.86947649
ZZPersistent,42.91323125
ZZPersistent,42.87732517
ZZPersistent,42.87732517
ZZPersistent,42.93226591
ZZPersistent,42.84144427
ZZPersistent,42.84593046
ZZPersistent,42.85377914
ZZPersistent,42.86162782
ZZPersistent,42.83808178
ZZPersistent,42.88517385
ZZPersistent,42.89302253
ZZPersistent,42.90312451
ZZPersistent,42.90871988
ZZPersistent,42.87732517
ZZPersistent,42.87732517
ZZPersistent,42.88517385
ZZPersistent,42.88517385
ZZPersistent,42.89302253
ZZPersistent,42.88517385
ZZPersistent,42.9008712
ZZPersistent,42.90537888
ZZPersistent,42.89302253
ZZPersistent,42.9008712
ZZPersistent,42.87732517
ZZPersistent,42.89302253
ZZPersistent,42.86947649
ZZPersistent,42.9008712
ZZPersistent,42.87732517
ZZPersistent,42.92441724
ZZPersistent,42.90871988
ZZPersistent,42.89302253
ZZPersistent,42.89302253
ZZPersistent,42.92441724
ZZPersistent,42.88517385
ZZPersistent,42.87732517
ZZPersistent,42.88069074
ZZPersistent,42.87732517
ZZPersistent,42.9008712
ZZPersistent,42.88742346
ZZPersistent,42.88517385
ZZPersistent,42.86947649
ZZPersistent,42.88517385
ZZPersistent,42.89638932
ZZPersistent,42.866117
ZZPersistent,42.87732517
ZZPersistent,42.88517385
ZZPersistent,42.86835701
ZZPersistent,42.86947649
ZZPersistent,42.92441724
ZZPersistent,42.94011459
ZZPersistent,42.89302253
ZZPersistent,42.89302253
ZZPersistent,42.87732517
ZZPersistent,42.86947649
ZZPersistent,42.86162782
ZZPersistent,42.84593046
ZZPersistent,42.88517385
ZZPersistent,42.9008712
ZZPersistent,42.88517385
ZZPersistent,42.84593046
ZZPersistent,42.90871988
ZZPersistent,42.88517385
ZZPersistent,42.91656856
ZZPersistent,42.91656856
ZZPersistent,42.94011459
ZZPersistent,42.88517385
ZZPersistent,42.91656856
ZZPersistent,42.92441724
ZZPersistent,42.928936
ZZPersistent,42.87732517
ZZPersistent,42.87732517
ZZPersistent,42.88632257
ZZPersistent,42.90871988
ZZPersistent,42.9008712
ZZPersistent,42.89302253
ZZPersistent,42.93452661
ZZPersistent,42.92441724
ZZPersistent,42.91656856
ZZPersistent,42.85377914
ZZPersistent,42.92441724
ZZPersistent,42.88517385
ZZPersistent,42.93226591
ZZPersistent,42.88742346
ZZPersistent,42.9008712
ZZPersistent,42.9715093
ZZPersistent,42.98720666
ZZPersistent,42.99505533
ZZPersistent,42.96366062
ZZPersistent,42.94011459
ZZPersistent,42.87732517
ZZPersistent,42.8133836
ZZPersistent,42.91656856
ZZPersistent,42.91656856
ZZPersistent,42.87732517
ZZPersistent,42.89302253
ZZPersistent,42.91097504
ZZPersistent,42.83023311
ZZPersistent,42.83808178
ZZPersistent,42.89302253
ZZPersistent,42.92441724
ZZPersistent,42.9008712
ZZPersistent,42.92667609
ZZPersistent,42.89302253
ZZPersistent,42.87732517
ZZPersistent,42.87732517
ZZPersistent,42.87396938
ZZPersistent,42.87957293
ZZPersistent,42.91656856
ZZPersistent,42.90871988
ZZPersistent,42.87732517
ZZPersistent,42.90871988
ZZPersistent,42.8403203
ZZPersistent,42.90763431
ZZPersistent,42.88517385
ZZPersistent,42.90871988
ZZPersistent,42.89192586
ZZPersistent,42.91656856
ZZPersistent,42.88517385
ZZPersistent,42.89302253
ZZPersistent,42.95918367
ZZPersistent,42.87732517
ZZPersistent,42.89192586
ZZPersistent,42.89302253
ZZPersistent,42.78314104
ZZPersistent,42.77529236
ZZPersistent,42.79098972
ZZPersistent,42.76744369
ZZPersistent,42.76744369
ZZPersistent,42.75959501
ZZPersistent,42.8100471
ZZPersistent,42.7282003
ZZPersistent,42.80668707
ZZPersistent,42.75959501
ZZPersistent,42.7864215
ZZPersistent,42.79098972
ZZPersistent,42.83808178
ZZPersistent,42.83808178
ZZPersistent,42.79098972
ZZPersistent,42.85377914
ZZPersistent,42.83023311
ZZPersistent,42.82238443
ZZPersistent,42.82238443
ZZPersistent,42.82238443
ZZPersistent,42.83023311
ZZPersistent,42.86162782
ZZPersistent,42.85377914
ZZPersistent,42.86947649
ZZPersistent,42.83023311
ZZPersistent,42.85377914
ZZPersistent,42.86947649
ZZPersistent,42.85377914
ZZPersistent,42.85377914
ZZPersistent,42.86162782
ZZPersistent,42.86947649
ZZPersistent,42.85377914
ZZPersistent,42.84593046
ZZPersistent,42.80552937
ZZPersistent,42.83023311
ZZPersistent,42.83808178
ZZPersistent,42.83023311
ZZPersistent,42.90871988
ZZPersistent,42.75174633
ZZPersistent,42.86162782
ZZPersistent,42.83808178
ZZPersistent,42.82238443
ZZPersistent,42.82238443
ZZPersistent,42.83808178
ZZPersistent,42.83808178
ZZPersistent,42.81453575
ZZPersistent,42.83359498
ZZPersistent,42.83808178
ZZPersistent,42.82238443
ZZPersistent,42.83023311
ZZPersistent,42.85377914
ZZPersistent,42.85377914
ZZPersistent,42.81453575
ZZPersistent,42.77080063
ZZPersistent,42.83023311
ZZPersistent,42.85377914
ZZPersistent,42.7988384
ZZPersistent,42.8133836
ZZPersistent,42.74389765
ZZPersistent,42.84593046
ZZPersistent,42.79098972
ZZPersistent,42.81453575
ZZPersistent,42.75959501
ZZPersistent,42.75174633
ZZPersistent,42.79098972
ZZPersistent,42.7988384
ZZPersistent,42.75174633
ZZPersistent,42.80668707
ZZPersistent,42.76744369
ZZPersistent,42.76744369
ZZPersistent,42.79098972
ZZPersistent,42.67325956
ZZPersistent,42.74389765
ZZPersistent,42.72035162
ZZPersistent,42.7282003
ZZPersistent,42.72035162
ZZPersistent,42.70800628
ZZPersistent,42.7282003
ZZPersistent,42.68110823
ZZPersistent,42.70465427
ZZPersistent,42.72035162
ZZPersistent,42.72035162
ZZPersistent,42.72035162
ZZPersistent,42.68895691
ZZPersistent,42.75174633
ZZPersistent,42.73604898
ZZPersistent,42.78314104
ZZPersistent,42.75959501
ZZPersistent,42.75959501
ZZPersistent,42.75959501
ZZPersistent,42.69680559
ZZPersistent,42.77529236
ZZPersistent,42.74389765
ZZPersistent,42.71250294
ZZPersistent,42.73604898
ZZPersistent,42.83808178
ZZPersistent,42.7988384
ZZPersistent,42.83808178
ZZPersistent,42.75959501
ZZPersistent,42.80668707
ZZPersistent,42.77411247
ZZPersistent,42.75959501
ZZPersistent,42.75959501
ZZPersistent,42.80106767
ZZPersistent,42.77529236
ZZPersistent,42.77411247
ZZPersistent,42.79098972
ZZPersistent,42.75959501
ZZPersistent,42.79098972
ZZPersistent,42.78314104
ZZPersistent,42.7988384
ZZPersistent,42.77529236
ZZPersistent,42.79098972
ZZPersistent,42.7988384
ZZPersistent,42.75959501
ZZPersistent,42.76744369
ZZPersistent,42.75174633
ZZPersistent,42.77529236
ZZPersistent,42.69680559
ZZPersistent,42.81453575
ZZPersistent,42.76744369
ZZPersistent,42.76744369
ZZPersistent,42.77529236
ZZPersistent,42.76744369
ZZPersistent,42.76744369
ZZPersistent,42.81453575
ZZPersistent,42.7988384
ZZPersistent,42.8021978
ZZPersistent,42.75174633
ZZPersistent,42.73604898
ZZPersistent,42.76744369
ZZPersistent,42.7988384
ZZPersistent,42.78314104
ZZPersistent,42.77529236
ZZPersistent,42.77529236
ZZPersistent,42.77974087
ZZPersistent,42.75959501
ZZPersistent,42.75959501
ZZPersistent,42.73604898
ZZPersistent,42.75959501
ZZPersistent,42.7988384
ZZPersistent,42.77411247
ZZPersistent,42.75174633
ZZPersistent,42.75174633
ZZPersistent,42.76744369
ZZPersistent,42.75959501
ZZPersistent,42.74389765
ZZPersistent,42.76744369
ZZPersistent,42.74389765
ZZPersistent,42.73604898
ZZPersistent,42.75174633
ZZPersistent,42.74161891
ZZPersistent,42.74389765
ZZPersistent,42.77529236
ZZPersistent,42.77529236
ZZPersistent,42.78314104
ZZPersistent,42.74389765
ZZPersistent,42.7988384
ZZPersistent,42.74389765
ZZPersistent,42.72035162
ZZPersistent,42.72035162
ZZPersistent,42.73604898
ZZPersistent,42.74389765
ZZPersistent,42.79098972
ZZPersistent,42.7282003
ZZPersistent,42.75174633
ZZPersistent,42.75174633
ZZPersistent,42.73604898
ZZPersistent,42.77529236
ZZPersistent,42.76744369
ZZPersistent,42.73604898
ZZPersistent,42.76744369
ZZPersistent,42.76744369
ZZPersistent,42.75174633
ZZPersistent,42.76625825
ZZPersistent,42.76744369
ZZPersistent,42.76295133
ZZPersistent,42.77529236
ZZPersistent,42.75174633
ZZPersistent,42.77529236
ZZPersistent,42.79098972
ZZPersistent,42.75174633
ZZPersistent,42.76744369
ZZPersistent,42.7282003
ZZPersistent,42.77529236
ZZPersistent,42.77529236
ZZPersistent,42.7282003
ZZPersistent,42.75174633
ZZPersistent,42.75959501
ZZPersistent,42.76744369
ZZPersistent,42.77293091
ZZPersistent,42.7741581
ZZPersistent,42.76744369
ZZPersistent,42.69680559
ZZPersistent,42.78314104
ZZPersistent,42.75174633
ZZPersistent,42.74389765
ZZPersistent,42.75174633
ZZPersistent,42.76744369
ZZPersistent,42.76744369
ZZPersistent,42.73604898
ZZPersistent,42.73604898
ZZPersistent,42.75959501
ZZPersistent,42.75959501
ZZPersistent,42.72035162
ZZPersistent,42.79098972
ZZPersistent,42.73604898
ZZPersistent,42.71250294
ZZPersistent,42.76625825
ZZPersistent,42.76744369
ZZPersistent,42.75174633
ZZPersistent,42.78982092
ZZPersistent,42.74389765
ZZPersistent,42.75959501
ZZPersistent,42.75959501
ZZPersistent,42.7282003
ZZPersistent,42.73604898
ZZPersistent,42.74389765
ZZPersistent,42.74389765
ZZPersistent,42.77529236
ZZPersistent,42.78314104
ZZPersistent,42.75959501
ZZPersistent,42.76744369
ZZPersistent,42.75959501
ZZPersistent,42.75174633
ZZPersistent,42.73604898
ZZPersistent,42.75959501
ZZPersistent,42.75174633
ZZPersistent,42.75174633
ZZPersistent,42.77974087
ZZPersistent,42.76744369
ZZPersistent,42.75959501
ZZPersistent,42.75174633
ZZPersistent,42.73604898
ZZPersistent,42.75959501
ZZPersistent,42.75174633
ZZPersistent,42.77529236
ZZPersistent,42.75174633
ZZPersistent,42.76744369
ZZPersistent,42.75959501
ZZPersistent,42.7988384
ZZPersistent,42.78314104
ZZPersistent,42.7988384
ZZPersistent,42.79098972
ZZPersistent,42.7988384
ZZPersistent,42.76744369
ZZPersistent,42.75959501
ZZPersistent,42.78314104
ZZPersistent,42.7988384
ZZPersistent,42.78314104
ZZPersistent,42.77529236
ZZPersistent,42.78314104
ZZPersistent,42.77529236
ZZPersistent,42.7988384
ZZPersistent,42.79434851
ZZPersistent,42.78314104
ZZPersistent,42.7988384
ZZPersistent,42.7988384
ZZPersistent,42.79098972
ZZPersistent,42.78314104
ZZPersistent,42.78314104
ZZPersistent,42.75174633
ZZPersistent,42.77529236
ZZPersistent,42.7988384
ZZPersistent,42.84593046
ZZPersistent,42.72035162
ZZPersistent,42.72035162
ZZPersistent,42.67325956
ZZPersistent,42.68110823
ZZPersistent,42.66541088
ZZPersistent,42.68551237
ZZPersistent,42.66875981
ZZPersistent,42.66541088
ZZPersistent,42.64971352
ZZPersistent,42.68110823
ZZPersistent,42.71250294
ZZPersistent,42.75174633
ZZPersistent,42.75959501
ZZPersistent,42.77529236
ZZPersistent,42.76744369
ZZPersistent,42.73604898
ZZPersistent,42.73604898
ZZPersistent,42.73604898
ZZPersistent,42.73604898
ZZPersistent,42.73604898
ZZPersistent,42.7282003
ZZPersistent,42.71250294
ZZPersistent,42.76744369
ZZPersistent,42.75174633
ZZPersistent,42.70465427
ZZPersistent,42.75959501
ZZPersistent,42.72035162
ZZPersistent,42.72035162
ZZPersistent,42.76744369
ZZPersistent,42.75174633
ZZPersistent,42.75174633
ZZPersistent,42.73484134
ZZPersistent,42.73604898
ZZPersistent,42.75174633
ZZPersistent,42.75959501
ZZPersistent,42.75959501
ZZPersistent,42.74389765
ZZPersistent,42.81900275
ZZPersistent,42.88517385
ZZPersistent,42.9008712
ZZPersistent,42.87732517
ZZPersistent,42.87732517
ZZPersistent,42.89302253
ZZPersistent,42.88517385
ZZPersistent,42.83023311
ZZPersistent,42.84593046
ZZPersistent,42.87732517
ZZPersistent,42.91656856
ZZPersistent,42.9715093
ZZPersistent,42.92441724
ZZPersistent,42.92441724
ZZPersistent,42.87957293
ZZPersistent,42.85377914
ZZPersistent,42.87732517
ZZPersistent,42.88517385
ZZPersistent,42.88517385
ZZPersistent,42.7988384
ZZPersistent,42.87172241
ZZPersistent,42.7282003
ZZPersistent,42.70686136
ZZPersistent,42.72035162
ZZPersistent,42.73604898
ZZPersistent,42.84593046
ZZPersistent,42.9098908
ZZPersistent,42.83798706
ZZPersistent,42.8616501
ZZPersistent,42.74389765
ZZPersistent,42.74389765
ZZPersistent,42.74389765
ZZPersistent,42.73940345
ZZPersistent,42.64186485
ZZPersistent,42.70465427
ZZPersistent,42.71250294
ZZPersistent,42.69600883
ZZPersistent,42.76744369
ZZPersistent,42.74389765
ZZPersistent,42.7282003
ZZPersistent,42.79098972
ZZPersistent,42.77080063
ZZPersistent,42.7988384
ZZPersistent,42.77529236
ZZPersistent,42.76512176
ZZPersistent,42.74389765
ZZPersistent,42.75174633
ZZPersistent,42.78314104
ZZPersistent,42.74389765
ZZPersistent,42.76744369
ZZPersistent,42.72035162
ZZPersistent,42.72035162
ZZPersistent,42.73604898
ZZPersistent,42.69680559
ZZPersistent,42.7282003
ZZPersistent,42.81453575
ZZPersistent,42.7988384
ZZPersistent,42.8133836
ZZPersistent,42.78314104
ZZPersistent,42.7988384
ZZPersistent,42.8133836
ZZPersistent,42.80668707
ZZPersistent,42.81453575
ZZPersistent,42.79098972
ZZPersistent,42.77529236
ZZPersistent,42.71250294
ZZPersistent,42.68110823
ZZPersistent,42.76699795
ZZPersistent,42.73604898
ZZPersistent,42.75845828
ZZPersistent,42.72035162
ZZPersistent,42.76744369
ZZPersistent,42.83808178
ZZPersistent,42.81453575
ZZPersistent,42.87732517
ZZPersistent,42.79098972
ZZPersistent,42.83798706
ZZPersistent,42.82221171
ZZPersistent,42.73564848
ZZPersistent,42.80643635
ZZPersistent,42.82221171
ZZPersistent,42.78314104
ZZPersistent,42.80668707
ZZPersistent,42.82238443
ZZPersistent,42.80668707
ZZPersistent,42.76744369
ZZPersistent,42.77529236
ZZPersistent,42.78314104
ZZPersistent,42.79098972
ZZPersistent,42.83023311
ZZPersistent,42.83246978
ZZPersistent,42.81453575
ZZPersistent,42.77488563
ZZPersistent,42.83798706
ZZPersistent,42.86162782
ZZPersistent,42.83808178
ZZPersistent,42.78314104
ZZPersistent,42.78314104
ZZPersistent,42.78314104
ZZPersistent,42.82221171
ZZPersistent,42.7988384
ZZPersistent,42.72382158
ZZPersistent,42.80668707
ZZPersistent,42.83808178
ZZPersistent,42.75959501
ZZPersistent,42.79098972
ZZPersistent,42.79098972
ZZPersistent,42.78314104
ZZPersistent,42.75174633
ZZPersistent,42.78314104
ZZPersistent,42.78314104
ZZPersistent,42.7988384
ZZPersistent,42.79098972
ZZPersistent,42.80668707
ZZPersistent,42.78314104
ZZPersistent,42.7988384
ZZPersistent,42.83808178
ZZPersistent,42.78314104
ZZPersistent,42.80643635
ZZPersistent,42.83023311
ZZPersistent,42.84587474
ZZPersistent,42.75927238
ZZPersistent,42.78314104
ZZPersistent,42.84369115
ZZPersistent,42.82015066
ZZPersistent,42.804457
ZZPersistent,42.804457
ZZPersistent,42.89861896
ZZPersistent,42.77529236
ZZPersistent,42.83808178
ZZPersistent,42.85377914
ZZPersistent,42.9008712
ZZPersistent,42.84593046
ZZPersistent,42.86162782
ZZPersistent,42.83695737
ZZPersistent,42.82238443
ZZPersistent,42.86947649
ZZPersistent,42.76744369
ZZPersistent,42.78314104
ZZPersistent,42.75174633
ZZPersistent,42.85153798
ZZPersistent,42.82799749
ZZPersistent,42.67106089
ZZPersistent,42.69460138
ZZPersistent,42.71029504
ZZPersistent,42.804457
ZZPersistent,42.81453575
ZZPersistent,42.83023311
ZZPersistent,42.78314104
ZZPersistent,42.77529236
ZZPersistent,42.7282003
ZZPersistent,42.73940345
ZZPersistent,42.77864992
ZZPersistent,42.803298
ZZPersistent,42.63182674
ZZPersistent,42.88517385
ZZPersistent,42.89302253
ZZPersistent,42.89302253
ZZPersistent,42.79098972
ZZPersistent,42.82574568
ZZPersistent,42.82238443
ZZPersistent,42.79434851
ZZPersistent,42.83808178
ZZPersistent,42.83808178
ZZPersistent,42.84593046
ZZPersistent,42.84593046
ZZPersistent,42.83023311
ZZPersistent,42.86947649
ZZPersistent,42.83023311
ZZPersistent,42.76744369
ZZPersistent,42.75174633
ZZPersistent,42.75959501
ZZPersistent,42.7988384
ZZPersistent,42.7988384
ZZPersistent,42.79098972
ZZPersistent,42.7988384
ZZPersistent,42.79098972
ZZPersistent,42.7988384
ZZPersistent,42.81453575
ZZPersistent,42.82238443
ZZPersistent,42.8100471
ZZPersistent,42.80668707
ZZPersistent,42.7988384
ZZPersistent,42.74389765
ZZPersistent,42.82799749
ZZPersistent,42.804457
ZZPersistent,42.77293091
ZZPersistent,42.76522285
ZZPersistent,42.82105928
ZZPersistent,42.82238443
ZZPersistent,42.76848142
ZZPersistent,42.85377914
ZZPersistent,42.80668707
ZZPersistent,42.79098972
ZZPersistent,42.80668707
ZZPersistent,42.78091651
ZZPersistent,42.76744369
ZZPersistent,42.80668707
ZZPersistent,42.76522285
ZZPersistent,42.7988384
ZZPersistent,42.83584432
ZZPersistent,42.80668707
ZZPersistent,42.80668707
ZZPersistent,42.75959501
ZZPersistent,42.76744369
ZZPersistent,42.85377914
ZZPersistent,42.75174633
ZZPersistent,42.77974087
ZZPersistent,42.89332067
ZZPersistent,42.81453575
ZZPersistent,42.84593046
ZZPersistent,42.78277331
ZZPersistent,42.83565548
ZZPersistent,42.73604898
ZZPersistent,42.7282003
ZZPersistent,42.76699795
ZZPersistent,42.75911027
ZZPersistent,42.69680559
ZZPersistent,42.77529236
ZZPersistent,42.73940345
ZZPersistent,42.7988384
ZZPersistent,42.78277331
ZZPersistent,42.78314104
ZZPersistent,42.75959501
ZZPersistent,42.74389765
ZZPersistent,42.77529236
ZZPersistent,42.81453575
ZZPersistent,42.7988384
ZZPersistent,42.7988384
ZZPersistent,42.80668707
ZZPersistent,42.82238443
ZZPersistent,42.84593046
ZZPersistent,42.84593046
ZZPersistent,42.9008712
ZZPersistent,42.83023311
ZZPersistent,42.81453575
ZZPersistent,42.82238443
ZZPersistent,42.82238443
ZZPersistent,42.81453575
ZZPersistent,42.81453575
ZZPersistent,42.88517385
ZZPersistent,42.83023311
ZZPersistent,42.83023311
ZZPersistent,42.79098972
ZZPersistent,42.78314104
ZZPersistent,42.77529236
ZZPersistent,42.77529236
ZZPersistent,42.76744369
ZZPersistent,42.73604898
ZZPersistent,42.76744369
ZZPersistent,42.81222982
ZZPersistent,42.77306968
ZZPersistent,42.81453575
ZZPersistent,42.77529236
ZZPersistent,42.77529236
ZZPersistent,42.80668707
ZZPersistent,42.79434851
ZZPersistent,42.80668707
ZZPersistent,42.77529236
ZZPersistent,42.83023311
ZZPersistent,42.83808178
ZZPersistent,42.7988384
ZZPersistent,42.85377914
ZZPersistent,42.78091651
ZZPersistent,42.7988384
ZZPersistent,42.7988384
ZZPersistent,42.79098972
ZZPersistent,42.78314104
ZZPersistent,42.80668707
ZZPersistent,42.82238443
ZZPersistent,42.78091651
ZZPersistent,42.76744369
ZZPersistent,42.76744369
ZZPersistent,42.79434851
ZZPersistent,42.78649922
ZZPersistent,42.79098972
ZZPersistent,42.78314104
ZZPersistent,42.78314104
ZZPersistent,42.82238443
ZZPersistent,42.82238443
ZZPersistent,42.83808178
ZZPersistent,42.80668707
ZZPersistent,42.80668707
ZZPersistent,42.81453575
ZZPersistent,42.85377914
ZZPersistent,42.85377914
ZZPersistent,42.81453575
ZZPersistent,42.82238443
ZZPersistent,42.85377914
ZZPersistent,42.85377914
ZZPersistent,42.81453575
ZZPersistent,42.81453575
ZZPersistent,42.83808178
ZZPersistent,42.79098972
ZZPersistent,42.80668707
ZZPersistent,42.82238443
ZZPersistent,42.79098972
ZZPersistent,42.81789639
ZZPersistent,42.82238443
ZZPersistent,42.85377914
ZZPersistent,42.83584432
ZZPersistent,42.83584432
ZZPersistent,42.804457
ZZPersistent,42.78876334
ZZPersistent,42.80320906
ZZPersistent,42.83808178
ZZPersistent,42.80668707
ZZPersistent,42.82238443
ZZPersistent,42.83023311
ZZPersistent,42.82238443
ZZPersistent,42.7988384
ZZPersistent,42.81453575
ZZPersistent,42.7282003
ZZPersistent,42.78876334
ZZPersistent,42.77529236
ZZPersistent,42.78314104
ZZPersistent,42.77529236
ZZPersistent,42.70465427
ZZPersistent,42.69680559
ZZPersistent,42.69680559
ZZPersistent,42.71250294
ZZPersistent,42.70465427
ZZPersistent,42.68110823
ZZPersistent,42.73604898
ZZPersistent,42.76744369
ZZPersistent,42.75174633
ZZPersistent,42.76744369
ZZPersistent,42.77529236
ZZPersistent,42.7988384
ZZPersistent,42.75959501
ZZPersistent,42.76744369
ZZPersistent,42.77529236
ZZPersistent,42.76744369
ZZPersistent,42.77974087
ZZPersistent,42.76744369
ZZPersistent,42.80668707
ZZPersistent,42.80668707
ZZPersistent,42.80668707
ZZPersistent,42.75959501
ZZPersistent,42.7988384
ZZPersistent,42.75174633
ZZPersistent,42.78314104
ZZPersistent,42.76744369
ZZPersistent,42.77529236
ZZPersistent,42.75959501
ZZPersistent,42.76744369
ZZPersistent,42.79098972
ZZPersistent,42.78314104
ZZPersistent,42.75840402
ZZPersistent,42.79098972
ZZPersistent,42.79098972
ZZPersistent,42.7282003
ZZPersistent,42.75174633
ZZPersistent,42.75174633
ZZPersistent,42.80668707
ZZPersistent,42.77080063
ZZPersistent,42.75959501
ZZPersistent,42.75959501
ZZPersistent,42.7988384
ZZPersistent,42.79098972
ZZPersistent,42.78314104
ZZPersistent,42.74389765
ZZPersistent,42.7988384
ZZPersistent,42.78314104
ZZPersistent,42.76744369
ZZPersistent,42.75959501
ZZPersistent,42.75174633
ZZPersistent,42.75174633
ZZPersistent,42.75174633
ZZPersistent,42.78314104
ZZPersistent,42.75174633
ZZPersistent,42.75959501
ZZPersistent,42.76744369
ZZPersistent,42.75959501
ZZPersistent,42.75959501
ZZPersistent,42.76744369
ZZPersistent,42.75174633
ZZPersistent,42.76744369
ZZPersistent,42.75174633
ZZPersistent,42.78314104
ZZPersistent,42.72035162
ZZPersistent,42.77529236
ZZPersistent,42.74389765
ZZPersistent,42.75174633
ZZPersistent,42.73604898
ZZPersistent,42.80668707
ZZPersistent,42.72841247
ZZPersistent,42.74389765
ZZPersistent,42.74389765
ZZPersistent,42.74389765
ZZPersistent,42.7282003
ZZPersistent,42.73604898
ZZPersistent,42.74389765
ZZPersistent,42.74389765
ZZPersistent,42.75959501
ZZPersistent,42.82238443
ZZPersistent,42.8133836
ZZPersistent,42.79098972
ZZPersistent,42.74389765
ZZPersistent,42.74389765
ZZPersistent,42.75959501
ZZPersistent,42.78314104
ZZPersistent,42.84817083
ZZPersistent,42.90871988
ZZPersistent,42.57907543
ZZPersistent,42.5869241
ZZPersistent,42.59477278
ZZPersistent,42.62616749
ZZPersistent,42.62616749
ZZPersistent,42.62616749
ZZPersistent,42.64971352
ZZPersistent,42.61831881
ZZPersistent,42.6764105
ZZPersistent,42.6764105
ZZPersistent,42.71250294
ZZPersistent,42.6575622
ZZPersistent,42.73927393
ZZPersistent,42.69212636
ZZPersistent,42.64186485
ZZPersistent,42.61047014
ZZPersistent,42.57907543
ZZPersistent,42.61047014
ZZPersistent,42.61047014
ZZPersistent,42.60262146
ZZPersistent,42.60262146
ZZPersistent,42.60262146
ZZPersistent,42.62616749
ZZPersistent,42.60262146
ZZPersistent,42.47704262
ZZPersistent,42.52413468
ZZPersistent,42.47704262
ZZPersistent,42.46919394
ZZPersistent,42.42995055
ZZPersistent,42.46919394
ZZPersistent,42.50058865
ZZPersistent,42.43779923
ZZPersistent,42.51628601
ZZPersistent,42.46919394
ZZPersistent,42.46134526
ZZPersistent,42.4848913
ZZPersistent,42.49273997
ZZPersistent,42.46134526
ZZPersistent,42.50058865
ZZPersistent,42.53198336
ZZPersistent,42.53983204
ZZPersistent,42.61831881
ZZPersistent,42.7282003
ZZPersistent,42.64971352
ZZPersistent,42.86947649
ZZPersistent,42.83023311
ZZPersistent,42.83808178
ZZPersistent,42.85377914
ZZPersistent,42.7988384
ZZPersistent,42.90871988
ZZPersistent,42.86947649
ZZPersistent,42.86387188
ZZPersistent,43.0398619
ZZPersistent,42.83023311
ZZPersistent,42.90871988
ZZPersistent,42.90871988
ZZPersistent,42.87732517
ZZPersistent,42.87732517
ZZPersistent,42.87732517
ZZPersistent,42.87732517
ZZPersistent,42.83808178
ZZPersistent,42.87732517
ZZPersistent,42.84593046
ZZPersistent,42.86947649
ZZPersistent,42.85377914
ZZPersistent,42.85377914
ZZPersistent,42.89302253
ZZPersistent,42.9008712
ZZPersistent,42.9715093
ZZPersistent,42.96366062
ZZPersistent,42.87732517
ZZPersistent,42.92441724
ZZPersistent,42.91656856
ZZPersistent,42.85377914
ZZPersistent,42.83808178
ZZPersistent,42.83023311
ZZPersistent,42.80668707
ZZPersistent,42.73604898
ZZPersistent,42.7282003
ZZPersistent,42.77529236
ZZPersistent,42.78314104
ZZPersistent,42.77529236
ZZPersistent,42.83023311
ZZPersistent,42.86162782
ZZPersistent,42.81453575
ZZPersistent,42.83023311
ZZPersistent,42.81453575
ZZPersistent,42.77529236
ZZPersistent,42.79098972
ZZPersistent,42.83808178
ZZPersistent,42.84593046
ZZPersistent,42.84593046
ZZPersistent,42.83023311
ZZPersistent,42.83808178
ZZPersistent,42.83808178
ZZPersistent,42.83808178
ZZPersistent,42.83023311
ZZPersistent,42.81453575
ZZPersistent,42.83808178
ZZPersistent,42.83808178
ZZPersistent,42.83808178
ZZPersistent,42.83808178
ZZPersistent,42.83808178
ZZPersistent,42.83808178
ZZPersistent,42.83808178
ZZPersistent,42.83808178
ZZPersistent,42.83023311
ZZPersistent,42.83808178
ZZPersistent,42.83808178
ZZPersistent,42.85377914
ZZPersistent,42.83023311
ZZPersistent,42.84593046
ZZPersistent,42.83808178
ZZPersistent,42.83808178
ZZPersistent,42.83808178
ZZPersistent,42.83808178
ZZPersistent,42.83808178
ZZPersistent,42.84593046
ZZPersistent,42.83808178
ZZPersistent,42.82238443
ZZPersistent,42.83023311
ZZPersistent,42.79434851
ZZPersistent,42.80668707
ZZPersistent,42.86953778
ZZPersistent,42.84593046
ZZPersistent,42.84593046
ZZPersistent,42.84593046
ZZPersistent,42.86050895
ZZPersistent,42.83359498
ZZPersistent,42.83023311
ZZPersistent,42.85377914
ZZPersistent,42.83023311
ZZPersistent,42.79770783
ZZPersistent,42.84593046
ZZPersistent,42.79770783
ZZPersistent,42.85377914
ZZPersistent,42.83808178
ZZPersistent,42.88517385
ZZPersistent,42.79854867
ZZPersistent,42.79854867
ZZPersistent,42.81789639
ZZPersistent,42.85368608
ZZPersistent,42.7763375
ZZPersistent,42.75510204
ZZPersistent,42.82238443
ZZPersistent,42.83023311
ZZPersistent,42.83023311
ZZPersistent,42.83023311
ZZPersistent,42.7988384
ZZPersistent,42.83694628
ZZPersistent,42.80643635
ZZPersistent,42.86947649
ZZPersistent,42.86162782
ZZPersistent,42.84929356
ZZPersistent,42.85377914
ZZPersistent,42.84255987
ZZPersistent,42.866117
ZZPersistent,42.8605071
ZZPersistent,42.75174633
ZZPersistent,42.7988384
ZZPersistent,42.79098972
ZZPersistent,42.77488563
ZZPersistent,42.7282003
ZZPersistent,42.75174633
ZZPersistent,42.83808178
ZZPersistent,42.79098972
ZZPersistent,43.84313725
ZZPersistent,43.84313725
ZZPersistent,43.85882353
ZZPersistent,43.85882353
ZZPersistent,43.91086001
ZZPersistent,43.85098039
ZZPersistent,43.92156863
ZZPersistent,43.70196078
ZZPersistent,43.80392157
ZZPersistent,43.7254902
ZZPersistent,43.80392157
ZZPersistent,43.81176471
ZZPersistent,43.75686275
ZZPersistent,43.77254902
ZZPersistent,43.78823529
ZZPersistent,43.78039216
ZZPersistent,43.78039216
ZZPersistent,43.84313725
ZZPersistent,43.80392157
ZZPersistent,43.80392157
ZZPersistent,43.8308887
ZZPersistent,43.82745098
ZZPersistent,43.96078431
ZZPersistent,43.81176471
ZZPersistent,43.78823529
ZZPersistent,43.82745098
ZZPersistent,43.83873245
ZZPersistent,43.96260508
ZZPersistent,43.91372549
ZZPersistent,43.90896921
ZZPersistent,43.91684385
ZZPersistent,43.91684385
ZZPersistent,43.91242715
ZZPersistent,43.85882353
ZZPersistent,43.85882353
ZZPersistent,43.83529412
ZZPersistent,43.84313725
ZZPersistent,43.85882353
ZZPersistent,43.85098039
ZZPersistent,43.95294118
ZZPersistent,43.89612427
ZZPersistent,43.920615
ZZPersistent,43.95294118
ZZPersistent,43.88235294
ZZPersistent,43.91372549
ZZPersistent,43.89803922
ZZPersistent,43.89019608
ZZPersistent,43.8745098
ZZPersistent,43.90588235
ZZPersistent,43.89803922
ZZPersistent,43.84313725
ZZPersistent,43.84554768
ZZPersistent,43.96862745
ZZPersistent,44.09411765
ZZPersistent,44.04705882
ZZPersistent,43.89019608
ZZPersistent,43.89019608
ZZPersistent,43.92156863
ZZPersistent,43.89019608
ZZPersistent,43.77254902
ZZPersistent,43.91716997
ZZPersistent,43.92156863
ZZPersistent,43.91372549
ZZPersistent,43.89019608
ZZPersistent,43.92941176
ZZPersistent,43.89019608
ZZPersistent,43.92941176
ZZPersistent,42.46467818
ZZPersistent,42.50726117
ZZPersistent,42.53198336
ZZPersistent,42.48822606
ZZPersistent,42.48135061
ZZPersistent,42.50726117
ZZPersistent,42.42543171
ZZPersistent,42.42210188
ZZPersistent,42.45349659
ZZPersistent,42.45682889
ZZPersistent,42.36263736
ZZPersistent,42.35931246
ZZPersistent,42.31222039
ZZPersistent,42.29652304
ZZPersistent,42.42995055
ZZPersistent,42.47134558
ZZPersistent,42.4411303
ZZPersistent,42.21803626
ZZPersistent,41.91193784
ZZPersistent,42.1709442
ZZPersistent,42.31222039
ZZPersistent,42.32791775
ZZPersistent,42.40640452
ZZPersistent,42.39855584
ZZPersistent,42.43810125
ZZPersistent,42.46855346
ZZPersistent,42.45349659
ZZPersistent,42.35478807
ZZPersistent,42.3436151
ZZPersistent,42.44897959
ZZPersistent,42.4411303
ZZPersistent,42.53198336
ZZPersistent,42.36716113
ZZPersistent,42.36263736
ZZPersistent,42.32671324
ZZPersistent,42.41996234
ZZPersistent,42.46801162
ZZPersistent,42.37500981
ZZPersistent,42.37500981
ZZPersistent,42.433281
ZZPersistent,42.40640452
ZZPersistent,42.36263736
ZZPersistent,44.4706067
ZZPersistent,44.40781728
ZZPersistent,44.41130298
ZZPersistent,44.53339612
ZZPersistent,44.24917621
ZZPersistent,44.12803012
ZZPersistent,43.9565628
ZZPersistent,43.8613007
ZZPersistent,43.91870684
ZZPersistent,43.69655605
ZZPersistent,43.8142308
ZZPersistent,43.79854083
ZZPersistent,43.82207578
ZZPersistent,43.82207578
ZZPersistent,43.70440104
ZZPersistent,43.79854083
ZZPersistent,43.79069585
ZZPersistent,43.73578097
ZZPersistent,43.64948615
ZZPersistent,43.55534636
ZZPersistent,43.55534636
ZZPersistent,43.83776575
ZZPersistent,43.85345572
ZZPersistent,44.16725504
ZZPersistent,44.01820036
ZZPersistent,43.98682043
ZZPersistent,44.23785989
ZZPersistent,44.27438977
ZZPersistent,44.17510002
ZZPersistent,44.10449518
ZZPersistent,44.22216992
ZZPersistent,44.18294501
ZZPersistent,44.26396736
ZZPersistent,44.20375167
ZZPersistent,44.28492979
ZZPersistent,44.24570487
ZZPersistent,44.24570487
ZZPersistent,44.24570487
ZZPersistent,44.25354985
ZZPersistent,44.30578448
ZZPersistent,44.0546268
ZZPersistent,44.08602151
ZZPersistent,44.07032415
ZZPersistent,44.07817283
ZZPersistent,44.07032415
ZZPersistent,43.89765325
ZZPersistent,44.20375167
ZZPersistent,44.08602151
ZZPersistent,44.01538341
ZZPersistent,44.01820036
ZZPersistent,43.81916647
ZZPersistent,43.79562044
ZZPersistent,43.79562044
ZZPersistent,43.75637705
ZZPersistent,43.74852837
ZZPersistent,43.72498234
ZZPersistent,43.69358763
ZZPersistent,43.70143631
ZZPersistent,43.72498234
ZZPersistent,43.72498234
ZZPersistent,43.80346912
ZZPersistent,43.75637705
ZZPersistent,43.81131779
ZZPersistent,43.79562044
ZZPersistent,43.79562044
ZZPersistent,43.81131779
ZZPersistent,43.81131779
ZZPersistent,43.79023395
ZZPersistent,43.77992308
ZZPersistent,43.83486383
ZZPersistent,43.80346912
ZZPersistent,43.77207441
ZZPersistent,43.77992308
ZZPersistent,43.77992308
ZZPersistent,43.67789028
ZZPersistent,43.68573895
ZZPersistent,43.63864689
ZZPersistent,43.65434424
ZZPersistent,43.73283102
ZZPersistent,43.64649557
ZZPersistent,43.69358763
ZZPersistent,43.63864689
ZZPersistent,43.69358763
ZZPersistent,43.70143631
ZZPersistent,43.73283102
ZZPersistent,43.72498234
ZZPersistent,43.73283102
ZZPersistent,43.72498234
ZZPersistent,43.78777176
ZZPersistent,43.78777176
ZZPersistent,43.79562044
ZZPersistent,43.81131779
ZZPersistent,43.78777176
ZZPersistent,43.66219292
ZZPersistent,43.68573895
ZZPersistent,43.68131868
ZZPersistent,43.68573895
ZZPersistent,43.74852837
ZZPersistent,43.72498234
ZZPersistent,43.76422573
ZZPersistent,43.7406797
ZZPersistent,43.73283102
ZZPersistent,43.72498234
ZZPersistent,43.7406797
ZZPersistent,43.72498234
ZZPersistent,43.71713366
ZZPersistent,43.72498234
ZZPersistent,43.73283102
ZZPersistent,43.7406797
ZZPersistent,43.73283102
ZZPersistent,43.73327035
ZZPersistent,43.77263423
ZZPersistent,43.63092426
ZZPersistent,43.67028814
ZZPersistent,43.62876518
ZZPersistent,43.70147362
ZZPersistent,43.67028814
ZZPersistent,43.65210547
ZZPersistent,43.63092426
ZZPersistent,43.59156038
ZZPersistent,43.72539758
ZZPersistent,43.72539758
ZZPersistent,43.72539758
ZZPersistent,43.7175248
ZZPersistent,43.70177925
ZZPersistent,43.70965202
ZZPersistent,43.70965202
ZZPersistent,43.7175248
ZZPersistent,43.70965202
ZZPersistent,43.70965202
ZZPersistent,43.75688868
ZZPersistent,43.7490159
ZZPersistent,43.78050701
ZZPersistent,43.78050701
ZZPersistent,43.78050701
ZZPersistent,43.78050701
ZZPersistent,43.78050701
ZZPersistent,43.77263423
ZZPersistent,43.77263423
ZZPersistent,43.77263423
ZZPersistent,43.76476145
ZZPersistent,43.7490159
ZZPersistent,43.7490159
ZZPersistent,43.7490159
ZZPersistent,43.62305149
ZZPersistent,43.59156038
ZZPersistent,43.61517871
ZZPersistent,43.59943316
ZZPersistent,43.59943316
ZZPersistent,43.7175248
ZZPersistent,43.72539758
ZZPersistent,43.7175248
ZZPersistent,43.72539758
ZZPersistent,43.72539758
ZZPersistent,43.76476145
ZZPersistent,43.70965202
ZZPersistent,43.72539758
ZZPersistent,43.74360186
ZZPersistent,43.73572722
ZZPersistent,43.99968605
ZZPersistent,44.07817283
ZZPersistent,44.17235696
ZZPersistent,44.17235696
ZZPersistent,44.30578448
ZZPersistent,44.95722471
ZZPersistent,44.91013264
ZZPersistent,44.46275803
ZZPersistent,44.42351464
ZZPersistent,44.04283802
ZZPersistent,44.10329082
ZZPersistent,44.11741622
ZZPersistent,44.07032415
ZZPersistent,44.00753473
ZZPersistent,44.02323209
ZZPersistent,43.88980457
ZZPersistent,44.01538341
ZZPersistent,43.99183738
ZZPersistent,43.97174254
ZZPersistent,43.97614002
ZZPersistent,44.02323209
ZZPersistent,43.89765325
ZZPersistent,43.92904796
ZZPersistent,43.93689663
ZZPersistent,43.78777176
ZZPersistent,43.79562044
ZZPersistent,43.51306805
ZZPersistent,43.47382466
ZZPersistent,43.19912095
ZZPersistent,43.12848285
ZZPersistent,43.1127855
ZZPersistent,43.2148183
ZZPersistent,43.2854564
ZZPersistent,43.2967033
ZZPersistent,43.2854564
ZZPersistent,43.22266698
ZZPersistent,43.16772624
ZZPersistent,43.19127227
ZZPersistent,43.2148183
ZZPersistent,43.19038643
ZZPersistent,42.79194208
ZZPersistent,42.57511405
ZZPersistent,42.47620546
ZZPersistent,42.31555765
ZZPersistent,42.40775781
ZZPersistent,42.22903885
ZZPersistent,42.37314969
ZZPersistent,42.59990523
ZZPersistent,42.58297939
ZZPersistent,42.52964427
ZZPersistent,42.45514189
ZZPersistent,42.47286456
ZZPersistent,42.54365267
ZZPersistent,42.36274972
ZZPersistent,42.44926852
ZZPersistent,42.45713387
ZZPersistent,42.4683395
ZZPersistent,42.45713387
ZZPersistent,42.46499921
ZZPersistent,42.45594714
ZZPersistent,42.45283019
ZZPersistent,42.4447416
ZZPersistent,42.46931067
ZZPersistent,42.46931067
ZZPersistent,42.46931067
ZZPersistent,42.46931067
ZZPersistent,42.45713387
ZZPersistent,42.47286456
ZZPersistent,42.41780714
ZZPersistent,42.62501972
ZZPersistent,42.60657543
ZZPersistent,42.56289308
ZZPersistent,42.66603714
ZZPersistent,42.55587032
ZZPersistent,42.63456091
ZZPersistent,42.5974026
ZZPersistent,42.67275303
ZZPersistent,42.63456091
ZZPersistent,42.63456091
ZZPersistent,42.5401322
ZZPersistent,42.59521561
ZZPersistent,42.61095373
ZZPersistent,42.40213384
ZZPersistent,42.74472773
ZZPersistent,42.79194208
ZZPersistent,42.74578428
ZZPersistent,42.73604898
ZZPersistent,42.70538244
ZZPersistent,42.68964432
ZZPersistent,42.68812115
ZZPersistent,42.7221172
ZZPersistent,42.72112055
ZZPersistent,42.7132515
ZZPersistent,42.65816808
ZZPersistent,42.61430707
ZZPersistent,42.64242997
ZZPersistent,42.68964432
ZZPersistent,42.65816808
ZZPersistent,42.62669185
ZZPersistent,42.65029902
ZZPersistent,42.53226314
ZZPersistent,42.51987094
ZZPersistent,42.51200126
ZZPersistent,42.50964339
ZZPersistent,42.55503827
ZZPersistent,42.49389908
ZZPersistent,42.52439408
ZZPersistent,42.4421351
ZZPersistent,42.39848914
ZZPersistent,42.39062008
ZZPersistent,42.43783444
ZZPersistent,42.40800567
ZZPersistent,42.4063582
ZZPersistent,42.39062008
ZZPersistent,42.39062008
ZZPersistent,42.4063582
ZZPersistent,42.4063582
ZZPersistent,42.4063582
ZZPersistent,42.4063582
ZZPersistent,42.4063582
ZZPersistent,42.44570349
ZZPersistent,42.44570349
ZZPersistent,42.44570349
ZZPersistent,42.44570349
ZZPersistent,42.44570349
ZZPersistent,42.44570349
ZZPersistent,42.60704992
ZZPersistent,42.72112055
ZZPersistent,42.8076802
ZZPersistent,42.79414081
ZZPersistent,42.81778827
ZZPersistent,42.81441839
ZZPersistent,42.80878533
ZZPersistent,42.78853724
ZZPersistent,42.8470255
ZZPersistent,42.93226591
ZZPersistent,42.88517385
ZZPersistent,42.91656856
ZZPersistent,42.95581195
ZZPersistent,43.03767661
ZZPersistent,43.17557492
ZZPersistent,43.13633153
ZZPersistent,43.34824582
ZZPersistent,43.40318656
ZZPersistent,43.38748921
ZZPersistent,43.4267326
ZZPersistent,43.45027863
ZZPersistent,43.54446276
ZZPersistent,43.53661408
ZZPersistent,43.60725218
ZZPersistent,43.61510086
ZZPersistent,43.67789028
ZZPersistent,43.63422292
ZZPersistent,43.85056118
ZZPersistent,43.85056118
ZZPersistent,43.88195589
ZZPersistent,43.85840986
ZZPersistent,43.85056118
ZZPersistent,43.74852837
ZZPersistent,43.74411303
ZZPersistent,43.74852837
ZZPersistent,43.74852837
ZZPersistent,44.32148183
ZZPersistent,42.89423985
ZZPersistent,42.76833491
ZZPersistent,42.66036993
ZZPersistent,42.55386565
ZZPersistent,42.54800126
ZZPersistent,43.03140002
ZZPersistent,43.02801385
ZZPersistent,43.02801385
ZZPersistent,42.9807995
ZZPersistent,42.86276361
ZZPersistent,43.09883538
ZZPersistent,43.23051566
ZZPersistent,43.29330508
ZZPersistent,42.87850173
ZZPersistent,42.83128738
ZZPersistent,42.89423985
ZZPersistent,42.79981114
ZZPersistent,42.91784703
ZZPersistent,42.90997797
ZZPersistent,42.8470255
ZZPersistent,42.8470255
ZZPersistent,42.86276361
ZZPersistent,42.8470255
ZZPersistent,42.83015898
ZZPersistent,42.83915644
ZZPersistent,42.87063267
ZZPersistent,42.85489455
ZZPersistent,42.8526349
ZZPersistent,42.86276361
ZZPersistent,42.83684584
ZZPersistent,42.84700315
ZZPersistent,42.8470255
ZZPersistent,42.88637079
ZZPersistent,42.8470255
ZZPersistent,42.9807995
ZZPersistent,42.89552711
ZZPersistent,42.8616501
ZZPersistent,42.89882501
ZZPersistent,42.86953778
ZZPersistent,42.87066246
ZZPersistent,42.85489455
ZZPersistent,42.85489455
ZZPersistent,42.85039742
ZZPersistent,42.86276361
ZZPersistent,42.81868567
ZZPersistent,42.82434893
ZZPersistent,42.8076802
ZZPersistent,42.77170064
ZZPersistent,42.81554926
ZZPersistent,42.83915644
ZZPersistent,42.8076802
ZZPersistent,42.88075561
ZZPersistent,42.83128738
ZZPersistent,42.85489455
ZZPersistent,43.00220403
ZZPersistent,43.03030303
ZZPersistent,43.04865547
ZZPersistent,42.92122452
ZZPersistent,42.92571608
ZZPersistent,42.76046585
ZZPersistent,42.86387188
ZZPersistent,42.98418195
ZZPersistent,43.02472052
ZZPersistent,43.02472052
ZZPersistent,42.8076802
ZZPersistent,42.8076802
ZZPersistent,42.87850173
ZZPersistent,42.86276361
ZZPersistent,42.82341832
ZZPersistent,42.83128738
ZZPersistent,42.83915644
ZZPersistent,42.91784703
ZZPersistent,42.97293044
ZZPersistent,42.97293044
ZZPersistent,42.9807995
ZZPersistent,42.76046585
ZZPersistent,42.82341832
ZZPersistent,42.83128738
ZZPersistent,42.82341832
ZZPersistent,42.85489455
ZZPersistent,42.8470255
ZZPersistent,42.90210891
ZZPersistent,42.86276361
ZZPersistent,42.86276361
ZZPersistent,42.86276361
ZZPersistent,42.86276361
ZZPersistent,42.87850173
ZZPersistent,42.86276361
ZZPersistent,42.86276361
ZZPersistent,42.85489455
ZZPersistent,42.85489455
ZZPersistent,42.83915644
ZZPersistent,42.92571608
ZZPersistent,42.56373938
ZZPersistent,42.57160844
ZZPersistent,42.72112055
ZZPersistent,42.88864388
ZZPersistent,42.85489455
ZZPersistent,42.89423985
ZZPersistent,42.96506138
ZZPersistent,42.98720666
ZZPersistent,42.96057291
ZZPersistent,42.87172241
ZZPersistent,42.88517385
ZZPersistent,42.87732517
ZZPersistent,42.9008712
ZZPersistent,42.9008712
ZZPersistent,42.92011019
ZZPersistent,42.9008712
ZZPersistent,42.93718434
ZZPersistent,42.88517385
ZZPersistent,42.92441724
ZZPersistent,42.89638932
ZZPersistent,42.91208791
ZZPersistent,42.99653761
ZZPersistent,42.94932326
ZZPersistent,42.93358514
ZZPersistent,42.9414542
ZZPersistent,42.95719232
ZZPersistent,42.90436836
ZZPersistent,42.90548517
ZZPersistent,42.91784703
ZZPersistent,42.90997797
ZZPersistent,42.83128738
ZZPersistent,42.68177526
ZZPersistent,42.64578579
ZZPersistent,42.72898961
ZZPersistent,42.72898961
ZZPersistent,42.72112055
ZZPersistent,42.72898961
ZZPersistent,42.7132515
ZZPersistent,42.82341832
ZZPersistent,42.82341832
ZZPersistent,42.75596128
ZZPersistent,42.79194208
ZZPersistent,42.73685867
ZZPersistent,42.87850173
ZZPersistent,42.76833491
ZZPersistent,42.81554926
ZZPersistent,42.78407302
ZZPersistent,42.78407302
ZZPersistent,42.82565919
ZZPersistent,42.79194208
ZZPersistent,42.95719232
ZZPersistent,42.93358514
ZZPersistent,42.9414542
ZZPersistent,42.93358514
ZZPersistent,44.03705739
ZZPersistent,44.05369338
ZZPersistent,44.04677812
ZZPersistent,44.23514638
ZZPersistent,44.1566596
ZZPersistent,44.17235696
ZZPersistent,44.44793466
ZZPersistent,44.43136332
ZZPersistent,44.44968925
ZZPersistent,44.39211993
ZZPersistent,44.37642257
ZZPersistent,44.39211993
ZZPersistent,44.39211993
ZZPersistent,44.38427125
ZZPersistent,44.45490935
ZZPersistent,44.41566596
ZZPersistent,44.01538341
ZZPersistent,44.23409269
ZZPersistent,44.17235696
ZZPersistent,44.16450828
ZZPersistent,43.48406343
ZZPersistent,44.10956754
ZZPersistent,43.95854597
ZZPersistent,43.96389325
ZZPersistent,43.94784385
ZZPersistent,43.99529042
ZZPersistent,43.97580899
ZZPersistent,43.76570352
ZZPersistent,44.02293434
ZZPersistent,43.84615385
ZZPersistent,43.86047608
ZZPersistent,43.80346912
ZZPersistent,43.49737069
ZZPersistent,43.50521937
ZZPersistent,43.97268875
ZZPersistent,43.82454488
ZZPersistent,43.99183738
ZZPersistent,43.73969699
ZZPersistent,43.68474763
ZZPersistent,43.86625854
ZZPersistent,43.59296482
ZZPersistent,43.75295043
ZZPersistent,43.78238342
ZZPersistent,43.81034618
ZZPersistent,43.86529555
ZZPersistent,43.84174582
ZZPersistent,43.91393121
ZZPersistent,43.87122104
ZZPersistent,44.02323209
ZZPersistent,43.77109663
ZZPersistent,43.59839862
ZZPersistent,43.6169377
ZZPersistent,43.4257006
ZZPersistent,43.26975905
ZZPersistent,43.46597598
ZZPersistent,43.9133506
ZZPersistent,43.99937166
ZZPersistent,44.06093787
ZZPersistent,44.08483896
ZZPersistent,43.95224631
ZZPersistent,43.88195589
ZZPersistent,43.96010053
ZZPersistent,43.97614002
ZZPersistent,44.49418787
ZZPersistent,43.97926322
ZZPersistent,43.87410721
ZZPersistent,43.98555276
ZZPersistent,43.81378552
ZZPersistent,44.17471915
ZZPersistent,44.08855393
ZZPersistent,44.18787308
ZZPersistent,43.75539681
ZZPersistent,43.55534636
ZZPersistent,43.2854564
ZZPersistent,42.99278092
ZZPersistent,43.23836434
ZZPersistent,43.16772624
ZZPersistent,43.26090379
ZZPersistent,43.36734694
ZZPersistent,42.85377914
ZZPersistent,43.07354211
ZZPersistent,43.09708814
ZZPersistent,43.00290401
ZZPersistent,43.12063417
ZZPersistent,43.10493682
ZZPersistent,43.07354211
ZZPersistent,43.08139079
ZZPersistent,43.04999608
ZZPersistent,43.07354211
ZZPersistent,42.88517385
ZZPersistent,43.05784475
ZZPersistent,43.08139079
ZZPersistent,42.90871988
ZZPersistent,42.94718366
ZZPersistent,43.01075269
ZZPersistent,42.99505533
ZZPersistent,43.03429872
ZZPersistent,42.97935798
ZZPersistent,43.02645004
ZZPersistent,43.03429872
ZZPersistent,42.94011459
ZZPersistent,42.75174633
ZZPersistent,42.9008712
ZZPersistent,42.98720666
ZZPersistent,42.96366062
ZZPersistent,42.94796327
ZZPersistent,42.94011459
ZZPersistent,42.93226591
ZZPersistent,42.98720666
ZZPersistent,43.03429872
ZZPersistent,43.02645004
ZZPersistent,43.02873293
ZZPersistent,43.06569343
ZZPersistent,42.86947649
ZZPersistent,42.90871988
ZZPersistent,42.77529236
ZZPersistent,42.69680559
ZZPersistent,42.9008712
ZZPersistent,42.91656856
ZZPersistent,42.95581195
ZZPersistent,42.90871988
ZZPersistent,42.94796327
ZZPersistent,42.97935798
ZZPersistent,42.89302253
ZZPersistent,42.98390263
ZZPersistent,43.06569343
ZZPersistent,43.06569343
ZZPersistent,43.0421474
ZZPersistent,43.06569343
ZZPersistent,43.21375304
ZZPersistent,42.83577389
ZZPersistent,42.95581195
ZZPersistent,43.05960161
ZZPersistent,43.03259329
ZZPersistent,43.05511811
ZZPersistent,43.4267326
ZZPersistent,43.07692308
ZZPersistent,43.46153846
ZZPersistent,43.15987756
ZZPersistent,43.2854564
ZZPersistent,43.26975905
ZZPersistent,43.39533789
ZZPersistent,42.78736311
ZZPersistent,43.51283262
ZZPersistent,43.70143631
ZZPersistent,43.56016011
ZZPersistent,43.56016011
ZZPersistent,43.55231144
ZZPersistent,43.6700416
ZZPersistent,43.60725218
ZZPersistent,43.73015873
ZZPersistent,43.63864689
ZZPersistent,43.45812731
ZZPersistent,43.53661408
ZZPersistent,43.65322644
ZZPersistent,43.54661217
ZZPersistent,43.61852433
ZZPersistent,43.48064997
ZZPersistent,43.45027863
ZZPersistent,43.45812731
ZZPersistent,43.40215088
ZZPersistent,43.52433281
ZZPersistent,43.34039714
ZZPersistent,43.34039714
ZZPersistent,43.32469979
ZZPersistent,43.32469979
ZZPersistent,43.31685111
ZZPersistent,43.2148183
ZZPersistent,43.2148183
ZZPersistent,43.25406169
ZZPersistent,43.30900243
ZZPersistent,43.35164835
ZZPersistent,43.24960754
ZZPersistent,43.34824582
ZZPersistent,43.3560945
ZZPersistent,43.3560945
ZZPersistent,43.37964053
ZZPersistent,43.34824582
ZZPersistent,43.36394318
ZZPersistent,43.2854564
ZZPersistent,43.37964053
ZZPersistent,43.32469979
ZZPersistent,43.28100471
ZZPersistent,43.24621301
ZZPersistent,43.30318521
ZZPersistent,43.26975905
ZZPersistent,43.41774143
ZZPersistent,43.26492097
ZZPersistent,43.33254847
ZZPersistent,43.40318656
ZZPersistent,43.32469979
ZZPersistent,43.4267326
ZZPersistent,43.4267326
ZZPersistent,43.39533789
ZZPersistent,43.40318656
ZZPersistent,43.40318656
ZZPersistent,43.34039714
ZZPersistent,43.34039714
ZZPersistent,43.47382466
ZZPersistent,43.46597598
ZZPersistent,43.46597598
ZZPersistent,43.46597598
ZZPersistent,43.46597598
ZZPersistent,43.45812731
ZZPersistent,43.45812731
ZZPersistent,43.49737069
ZZPersistent,43.49737069
ZZPersistent,43.30026767
ZZPersistent,43.30026767
ZZPersistent,43.37964053
ZZPersistent,43.37964053
ZZPersistent,43.28452212
ZZPersistent,43.28452212
ZZPersistent,43.43458127
ZZPersistent,43.45812731
ZZPersistent,43.43458127
ZZPersistent,43.45812731
ZZPersistent,43.46597598
ZZPersistent,43.46597598
ZZPersistent,43.56800879
ZZPersistent,43.29330508
ZZPersistent,43.56016011
ZZPersistent,43.56016011
ZZPersistent,43.62294953
ZZPersistent,43.58370615
ZZPersistent,43.58370615
ZZPersistent,43.59155482
ZZPersistent,43.59155482
ZZPersistent,43.5287654
ZZPersistent,43.48167334
ZZPersistent,43.59155482
ZZPersistent,43.57585747
ZZPersistent,43.56016011
ZZPersistent,43.56016011
ZZPersistent,43.46595377
ZZPersistent,43.41103524
ZZPersistent,43.41103524
ZZPersistent,43.36394318
ZZPersistent,43.36394318
ZZPersistent,43.51306805
ZZPersistent,43.52091673
ZZPersistent,43.50562505
ZZPersistent,43.53661408
ZZPersistent,43.49737069
ZZPersistent,43.52091673
ZZPersistent,43.49737069
ZZPersistent,43.5041997
ZZPersistent,43.5041997
ZZPersistent,43.52433281
ZZPersistent,43.52433281
ZZPersistent,43.53661408
ZZPersistent,43.61510086
ZZPersistent,43.56016011
ZZPersistent,43.48952202
ZZPersistent,43.48952202
ZZPersistent,43.53661408
ZZPersistent,43.53661408
ZZPersistent,43.56800879
ZZPersistent,43.58370615
ZZPersistent,43.58370615
ZZPersistent,43.5994035
ZZPersistent,43.5994035
ZZPersistent,43.5994035
ZZPersistent,43.5994035
ZZPersistent,43.66219292
ZZPersistent,43.56800879
ZZPersistent,43.5287654
ZZPersistent,43.57462863
ZZPersistent,43.4267326
ZZPersistent,43.60282575
ZZPersistent,43.5287654
ZZPersistent,43.51306805
ZZPersistent,43.52091673
ZZPersistent,43.5287654
ZZPersistent,43.50521937
ZZPersistent,43.48952202
ZZPersistent,43.48952202
ZZPersistent,43.52774943
ZZPersistent,43.52091673
ZZPersistent,43.50695263
ZZPersistent,43.47621291
ZZPersistent,43.48952202
ZZPersistent,43.48952202
ZZPersistent,43.47382466
ZZPersistent,43.49737069
ZZPersistent,43.43458127
ZZPersistent,43.42229199
ZZPersistent,43.63864689
ZZPersistent,43.64649557
ZZPersistent,43.62294953
ZZPersistent,43.63079821
ZZPersistent,43.37964053
ZZPersistent,43.51306805
ZZPersistent,43.5287654
ZZPersistent,43.44101234
ZZPersistent,43.48167334
ZZPersistent,43.48167334
ZZPersistent,43.41650973
ZZPersistent,43.41650973
ZZPersistent,43.24621301
ZZPersistent,43.24621301
ZZPersistent,43.28990739
ZZPersistent,43.28990739
ZZPersistent,43.30900243
ZZPersistent,43.30900243
ZZPersistent,43.30115376
ZZPersistent,43.30115376
ZZPersistent,43.4833844
ZZPersistent,43.51648352
ZZPersistent,43.46495015
ZZPersistent,43.37964053
ZZPersistent,43.52091673
ZZPersistent,43.57585747
ZZPersistent,43.49737069
ZZPersistent,43.52091673
ZZPersistent,43.50863422
ZZPersistent,43.44925033
ZZPersistent,43.40017718
ZZPersistent,43.48747743
ZZPersistent,43.46495015
ZZPersistent,43.43592965
ZZPersistent,43.42529278
ZZPersistent,43.46153846
ZZPersistent,43.39089482
ZZPersistent,43.43799058
ZZPersistent,43.40659341
ZZPersistent,43.42084578
ZZPersistent,43.64649557
ZZPersistent,43.60182132
ZZPersistent,43.65023197
ZZPersistent,43.64107395
ZZPersistent,43.43458127
ZZPersistent,42.94237714
ZZPersistent,43.31920239
ZZPersistent,43.01649647
ZZPersistent,43.72056515
ZZPersistent,43.46051185
ZZPersistent,43.28440657
ZZPersistent,43.2967033
ZZPersistent,43.30795196
ZZPersistent,43.25745683
ZZPersistent,43.05784475
ZZPersistent,43.30115376
ZZPersistent,43.19127227
ZZPersistent,43.22266698
ZZPersistent,43.27209923
ZZPersistent,43.19912095
ZZPersistent,43.31685111
ZZPersistent,43.13633153
ZZPersistent,43.2967033
ZZPersistent,43.18485348
ZZPersistent,43.17557492
ZZPersistent,43.3560945
ZZPersistent,43.34743771
ZZPersistent,43.36310923
ZZPersistent,43.27760772
ZZPersistent,43.15202888
ZZPersistent,43.12063417
ZZPersistent,43.19912095
ZZPersistent,43.19127227
ZZPersistent,43.31200126
ZZPersistent,43.03429872
ZZPersistent,43.02645004
ZZPersistent,43.58712716
ZZPersistent,43.32469979
ZZPersistent,43.35164835
ZZPersistent,43.36734694
ZZPersistent,43.12509935
ZZPersistent,42.91656856
ZZPersistent,43.1127855
ZZPersistent,43.12848285
ZZPersistent,43.31005258
ZZPersistent,43.25957313
ZZPersistent,43.12063417
ZZPersistent,43.19127227
ZZPersistent,43.08923946
ZZPersistent,43.12063417
ZZPersistent,43.16772624
ZZPersistent,43.16772624
ZZPersistent,43.08706917
ZZPersistent,43.06569343
ZZPersistent,42.82461925
ZZPersistent,43.15987756
ZZPersistent,43.26191037
ZZPersistent,43.01860137
ZZPersistent,43.17557492
ZZPersistent,43.15202888
ZZPersistent,43.22266698
ZZPersistent,43.20696963
ZZPersistent,43.17557492
ZZPersistent,43.2148183
ZZPersistent,43.2148183
ZZPersistent,43.34824582
ZZPersistent,43.06569343
ZZPersistent,42.9008712
ZZPersistent,42.85377914
ZZPersistent,42.75174633
ZZPersistent,42.50471402
ZZPersistent,43.30900243
ZZPersistent,43.27760772
ZZPersistent,43.44242995
ZZPersistent,43.27655232
ZZPersistent,43.46359071
ZZPersistent,43.26090379
ZZPersistent,43.34379906
ZZPersistent,43.26975905
ZZPersistent,42.71768225
ZZPersistent,43.30814045
ZZPersistent,43.2519685
ZZPersistent,43.20057125
ZZPersistent,42.93256539
ZZPersistent,42.99505533
ZZPersistent,43.13493938
ZZPersistent,42.65844792
ZZPersistent,42.867265
ZZPersistent,43.26763239
ZZPersistent,42.87181919
ZZPersistent,42.80069543
ZZPersistent,43.06080655
ZZPersistent,43.08139079
ZZPersistent,42.92441724
ZZPersistent,42.73604898
ZZPersistent,42.53208409
ZZPersistent,43.31920239
ZZPersistent,43.43458127
ZZPersistent,43.41888392
ZZPersistent,43.32469979
ZZPersistent,43.26764544
ZZPersistent,43.1127855
ZZPersistent,43.09708814
ZZPersistent,43.09708814
ZZPersistent,43.10493682
ZZPersistent,43.08770272
ZZPersistent,43.17430326
ZZPersistent,43.19004881
ZZPersistent,43.22941269
ZZPersistent,43.23051566
ZZPersistent,43.00110219
ZZPersistent,43.00897496
ZZPersistent,42.88301055
ZZPersistent,42.97748386
ZZPersistent,43.00110219
ZZPersistent,43.00110219
ZZPersistent,42.867265
ZZPersistent,42.87064011
ZZPersistent,42.46575342
ZZPersistent,42.45788065
ZZPersistent,42.74130058
ZZPersistent,42.78066446
ZZPersistent,42.71768225
ZZPersistent,42.77279169
ZZPersistent,42.78853724
ZZPersistent,42.58384506
ZZPersistent,42.79641001
ZZPersistent,42.72555503
ZZPersistent,42.74917336
ZZPersistent,42.52873563
ZZPersistent,42.77952756
ZZPersistent,42.67831838
ZZPersistent,42.81215557
ZZPersistent,42.72315396
ZZPersistent,42.87513777
ZZPersistent,42.8987561
ZZPersistent,42.8987561
ZZPersistent,42.83551164
ZZPersistent,42.82002834
ZZPersistent,43.25303102
ZZPersistent,43.24621301
ZZPersistent,43.0955755
ZZPersistent,43.0640844
ZZPersistent,43.0955755
ZZPersistent,43.0640844
ZZPersistent,43.01684774
ZZPersistent,43.00110219
ZZPersistent,42.96961108
ZZPersistent,43.13493938
ZZPersistent,43.08770272
ZZPersistent,42.90662888
ZZPersistent,43.08891864
ZZPersistent,43.16643048
ZZPersistent,43.17430326
ZZPersistent,43.18217604
ZZPersistent,43.14281216
ZZPersistent,43.08770272
ZZPersistent,43.13493938
ZZPersistent,43.19792159
ZZPersistent,43.0955755
ZZPersistent,42.6704456
ZZPersistent,42.37128011
ZZPersistent,43.15068493
ZZPersistent,43.05621162
ZZPersistent,43.05621162
ZZPersistent,43.06299213
ZZPersistent,43.08891864
ZZPersistent,43.26975905
ZZPersistent,43.00110219
ZZPersistent,42.93700787
ZZPersistent,42.80428279
ZZPersistent,42.80428279
ZZPersistent,42.82790112
ZZPersistent,42.82790112
ZZPersistent,42.54768072
ZZPersistent,42.50843733
ZZPersistent,42.55552939
ZZPersistent,42.54768072
ZZPersistent,42.52747253
ZZPersistent,42.71250294
ZZPersistent,42.68780909
ZZPersistent,42.62616749
ZZPersistent,42.62616749
ZZPersistent,42.70465427
ZZPersistent,42.9008712
ZZPersistent,42.90760656
ZZPersistent,42.83808178
ZZPersistent,42.793182
ZZPersistent,42.566719
ZZPersistent,42.63401617
ZZPersistent,42.59477278
ZZPersistent,42.71250294
ZZPersistent,42.75174633
ZZPersistent,42.79098972
ZZPersistent,42.78649922
ZZPersistent,42.55552939
ZZPersistent,42.94796327
ZZPersistent,42.93226591
ZZPersistent,42.94796327
ZZPersistent,42.91656856
ZZPersistent,42.83808178
ZZPersistent,42.9008712
ZZPersistent,42.82238443
ZZPersistent,42.88517385
ZZPersistent,42.88517385
ZZPersistent,42.93456916
ZZPersistent,42.67325956
ZZPersistent,42.96173831
ZZPersistent,42.77529236
ZZPersistent,42.87513777
ZZPersistent,42.68895691
ZZPersistent,42.78853724
ZZPersistent,42.77279169
ZZPersistent,42.70980948
ZZPersistent,42.62320894
ZZPersistent,42.71768225
ZZPersistent,42.76491891
ZZPersistent,42.81215557
ZZPersistent,42.84364667
ZZPersistent,42.78066446
ZZPersistent,42.64682727
ZZPersistent,42.85489332
ZZPersistent,43.01075269
ZZPersistent,42.93226591
ZZPersistent,42.92441724
ZZPersistent,42.9715093
ZZPersistent,42.93226591
ZZPersistent,42.97935798
ZZPersistent,42.89088333
ZZPersistent,42.67325956
ZZPersistent,42.84364667
ZZPersistent,42.89088333
ZZPersistent,42.76491891
ZZPersistent,42.93811998
ZZPersistent,42.79641001
ZZPersistent,42.86052382
ZZPersistent,42.82002834
ZZPersistent,43.02472052
ZZPersistent,43.1270666
ZZPersistent,43.08661417
ZZPersistent,43.13046217
ZZPersistent,43.07982995
ZZPersistent,43.0640844
ZZPersistent,42.867265
ZZPersistent,42.81552634
ZZPersistent,43.11716965
ZZPersistent,43.09109519
ZZPersistent,43.05511811
ZZPersistent,43.23728547
ZZPersistent,42.93024721
ZZPersistent,42.96961108
ZZPersistent,42.8515349
ZZPersistent,42.89302253
ZZPersistent,42.88517385
ZZPersistent,42.87732517
ZZPersistent,42.89302253
ZZPersistent,42.84593046
ZZPersistent,42.73604898
ZZPersistent,42.82238443
ZZPersistent,42.46134526
ZZPersistent,42.57122675
ZZPersistent,42.59477278
ZZPersistent,42.50058865
ZZPersistent,42.50274768
ZZPersistent,42.70465427
ZZPersistent,42.71250294
ZZPersistent,42.61831881
ZZPersistent,42.57907543
ZZPersistent,42.59811617
ZZPersistent,42.61831881
ZZPersistent,42.45349659
ZZPersistent,42.69680559
ZZPersistent,42.72035162
ZZPersistent,42.59477278
ZZPersistent,42.53532182
ZZPersistent,42.83359498
ZZPersistent,42.78853724
ZZPersistent,42.76491891
ZZPersistent,42.89302253
ZZPersistent,42.55552939
ZZPersistent,43.07982995
ZZPersistent,43.02023463
ZZPersistent,43.11132105
ZZPersistent,43.25406169
ZZPersistent,43.24960754
ZZPersistent,43.07354211
ZZPersistent,42.94011459
ZZPersistent,42.71250294
ZZPersistent,42.86947649
ZZPersistent,42.96703297
ZZPersistent,43.00497353
ZZPersistent,42.90423862
ZZPersistent,42.73155416
ZZPersistent,42.80668707
ZZPersistent,43.00921513
ZZPersistent,43.06122449
ZZPersistent,43.10493682
ZZPersistent,42.9715093
ZZPersistent,42.80668707
ZZPersistent,42.89190674
ZZPersistent,43.0007066
ZZPersistent,42.9715093
ZZPersistent,42.97935798
ZZPersistent,42.89302253
ZZPersistent,42.54317111
ZZPersistent,42.71250294
ZZPersistent,42.62616749
ZZPersistent,42.50058865
ZZPersistent,42.50843733
ZZPersistent,42.52413468
ZZPersistent,42.61831881
ZZPersistent,42.81340765
ZZPersistent,42.73342781
ZZPersistent,42.75959501
ZZPersistent,42.94348509
ZZPersistent,42.98720666
ZZPersistent,42.91656856
ZZPersistent,42.94011459
ZZPersistent,42.86947649
ZZPersistent,42.74389765
ZZPersistent,42.79098972
ZZPersistent,42.62166405
ZZPersistent,43.02645004
ZZPersistent,42.75959501
ZZPersistent,42.75174633
ZZPersistent,42.95470602
ZZPersistent,43.0455259
ZZPersistent,43.01860137
ZZPersistent,43.01860137
ZZPersistent,43.06569343
ZZPersistent,43.05784475
ZZPersistent,42.91440698
ZZPersistent,43.09262166
ZZPersistent,43.18342359
ZZPersistent,43.10493682
ZZPersistent,43.09708814
ZZPersistent,43.21821036
ZZPersistent,43.13633153
ZZPersistent,43.01075269
ZZPersistent,42.87732517
ZZPersistent,42.93678838
ZZPersistent,43.15202888
ZZPersistent,42.91459664
ZZPersistent,42.8021978
ZZPersistent,42.89302253
ZZPersistent,42.80668707
ZZPersistent,43.10832025
ZZPersistent,43.12063417
ZZPersistent,43.11616954
ZZPersistent,43.15202888
ZZPersistent,43.09708814
ZZPersistent,43.07354211
ZZPersistent,43.15202888
ZZPersistent,43.14418021
ZZPersistent,42.97708726
ZZPersistent,42.64682727
ZZPersistent,43.24621301
ZZPersistent,43.0421474
ZZPersistent,42.86947649
ZZPersistent,42.94796327
ZZPersistent,42.76630819
ZZPersistent,43.15855771
ZZPersistent,43.20289172
ZZPersistent,43.34824582
ZZPersistent,43.30455259
ZZPersistent,43.15987756
ZZPersistent,43.18342359
ZZPersistent,42.68895691
ZZPersistent,43.15202888
ZZPersistent,42.23832401
ZZPersistent,42.86391655
ZZPersistent,42.90662888
ZZPersistent,43.01860137
ZZPersistent,42.97935798
ZZPersistent,42.98720666
ZZPersistent,42.95386553
ZZPersistent,42.90649289
ZZPersistent,42.85345939
ZZPersistent,42.72035162
ZZPersistent,42.6575622
ZZPersistent,42.68895691
ZZPersistent,42.48253121
ZZPersistent,42.35931246
ZZPersistent,42.53983204
ZZPersistent,42.52747253
ZZPersistent,42.57907543
ZZPersistent,42.59026688
ZZPersistent,42.86947649
ZZPersistent,42.95581195
ZZPersistent,42.83023311
ZZPersistent,42.89302253
ZZPersistent,42.73940345
ZZPersistent,42.86162782
ZZPersistent,42.81787481
ZZPersistent,42.73604898
ZZPersistent,42.42995055
ZZPersistent,43.17334391
ZZPersistent,43.11079545
ZZPersistent,43.34039714
ZZPersistent,43.38748921
ZZPersistent,43.40318656
ZZPersistent,43.40318656
ZZPersistent,43.80548354
ZZPersistent,43.81199811
ZZPersistent,43.22266698
ZZPersistent,43.25406169
ZZPersistent,44.16450828
ZZPersistent,44.07072692
ZZPersistent,44.4278646
ZZPersistent,44.24361493
ZZPersistent,44.39211993
ZZPersistent,44.49245757
ZZPersistent,44.43394741
ZZPersistent,44.35287654
ZZPersistent,44.21160035
ZZPersistent,44.25431711
ZZPersistent,43.64723468
ZZPersistent,43.67870349
ZZPersistent,43.7731099
ZZPersistent,43.7337739
ZZPersistent,43.7416411
ZZPersistent,43.7416411
ZZPersistent,43.7416411
ZZPersistent,43.7495083
ZZPersistent,43.7495083
ZZPersistent,43.7495083
ZZPersistent,43.7495083
ZZPersistent,43.7416411
ZZPersistent,43.7495083
ZZPersistent,43.7495083
ZZPersistent,43.71803949
ZZPersistent,43.71803949
ZZPersistent,43.72590669
ZZPersistent,43.72590669
ZZPersistent,43.71803949
ZZPersistent,43.71803949
ZZPersistent,43.71803949
ZZPersistent,43.71803949
ZZPersistent,43.71803949
ZZPersistent,43.72590669
ZZPersistent,43.72590669
ZZPersistent,43.71803949
ZZPersistent,43.72590669
ZZPersistent,43.72590669
ZZPersistent,43.7337739
ZZPersistent,43.7416411
ZZPersistent,43.7416411
ZZPersistent,43.7416411
ZZPersistent,43.72590669
ZZPersistent,43.7337739
ZZPersistent,43.72590669
ZZPersistent,43.7337739
ZZPersistent,43.7495083
ZZPersistent,43.72590669
ZZPersistent,43.7495083
ZZPersistent,43.7416411
ZZPersistent,43.7337739
ZZPersistent,43.7337739
ZZPersistent,43.7416411
ZZPersistent,43.7416411
ZZPersistent,43.7416411
ZZPersistent,43.7416411
ZZPersistent,43.7416411
ZZPersistent,43.7337739
ZZPersistent,43.7337739
ZZPersistent,43.7337739
ZZPersistent,43.7416411
ZZPersistent,43.7416411
ZZPersistent,43.7337739
ZZPersistent,43.71803949
ZZPersistent,43.7495083
ZZPersistent,43.72590669
ZZPersistent,43.7416411
ZZPersistent,43.72590669
ZZPersistent,43.7337739
ZZPersistent,43.7337739
ZZPersistent,43.7337739
ZZPersistent,43.7416411
ZZPersistent,43.71803949
ZZPersistent,43.7416411
ZZPersistent,43.7495083
ZZPersistent,43.7495083
ZZPersistent,43.7337739
ZZPersistent,43.7416411
ZZPersistent,43.7416411
ZZPersistent,43.72590669
ZZPersistent,43.72147915
ZZPersistent,43.72590669
ZZPersistent,43.72590669
ZZPersistent,43.7337739
ZZPersistent,43.72590669
ZZPersistent,43.72590669
ZZPersistent,43.7337739
ZZPersistent,44.10607491
ZZPersistent,43.94035032
ZZPersistent,44.1847655
ZZPersistent,44.10607491
ZZPersistent,43.9565628
ZZPersistent,43.99590809
ZZPersistent,44.00377715
ZZPersistent,44.00377715
ZZPersistent,43.97230091
ZZPersistent,43.96443185
ZZPersistent,43.94869374
ZZPersistent,43.94082468
ZZPersistent,43.92904796
ZZPersistent,43.93295562
ZZPersistent,43.93295562
ZZPersistent,43.94082468
ZZPersistent,43.94869374
ZZPersistent,43.96829134
ZZPersistent,43.93295562
ZZPersistent,43.94869374
ZZPersistent,43.94869374
ZZPersistent,43.98016997
ZZPersistent,43.87000315
ZZPersistent,43.83852691
ZZPersistent,43.94082468
ZZPersistent,43.94869374
ZZPersistent,43.9565628
ZZPersistent,43.94869374
ZZPersistent,43.79918162
ZZPersistent,43.9172175
ZZPersistent,43.79131256
ZZPersistent,43.74409821
ZZPersistent,43.7337739
ZZPersistent,43.86268798
ZZPersistent,43.90147938
ZZPersistent,43.79131256
ZZPersistent,43.57884797
ZZPersistent,43.57097891
ZZPersistent,43.61819326
ZZPersistent,43.79131256
ZZPersistent,43.69688385
ZZPersistent,43.94869374
ZZPersistent,43.90934844
ZZPersistent,43.86213409
ZZPersistent,43.89475343
ZZPersistent,43.9172175
ZZPersistent,43.88574127
ZZPersistent,43.92508656
ZZPersistent,43.94082468
ZZPersistent,43.97230091
ZZPersistent,43.98803903
ZZPersistent,43.9565628
ZZPersistent,43.74409821
ZZPersistent,43.74409821
ZZPersistent,43.87787221
ZZPersistent,43.9172175
ZZPersistent,43.97230091
ZZPersistent,43.94082468
ZZPersistent,43.94869374
ZZPersistent,43.93295562
ZZPersistent,43.9565628
ZZPersistent,43.98016997
ZZPersistent,43.96443185
ZZPersistent,43.9565628
ZZPersistent,43.92508656
ZZPersistent,43.9565628
ZZPersistent,43.72836009
ZZPersistent,43.85056118
ZZPersistent,43.85840986
ZZPersistent,43.81131779
ZZPersistent,43.83486383
ZZPersistent,43.68573895
ZZPersistent,43.80346912
ZZPersistent,43.78777176
ZZPersistent,43.77992308
ZZPersistent,43.82701515
ZZPersistent,43.86625854
ZZPersistent,43.83486383
ZZPersistent,43.7406797
ZZPersistent,43.76422573
ZZPersistent,43.97614002
ZZPersistent,43.89361032
ZZPersistent,43.94869374
ZZPersistent,43.96443185
ZZPersistent,43.97230091
ZZPersistent,43.92508656
ZZPersistent,43.93295562
ZZPersistent,43.96443185
ZZPersistent,43.92508656
ZZPersistent,44.00377715
ZZPersistent,44.00377715
ZZPersistent,43.99590809
ZZPersistent,43.96443185
ZZPersistent,43.96443185
ZZPersistent,43.92508656
ZZPersistent,43.89361032
ZZPersistent,43.87787221
ZZPersistent,43.97230091
ZZPersistent,43.83852691
ZZPersistent,43.83852691
ZZPersistent,43.90147938
ZZPersistent,43.90934844
ZZPersistent,43.80705068
ZZPersistent,43.75983632
ZZPersistent,43.79918162
ZZPersistent,43.79918162
ZZPersistent,44.04312244
ZZPersistent,44.03871882
ZZPersistent,44.01951527
ZZPersistent,44.01951527
ZZPersistent,44.02738432
ZZPersistent,43.9565628
ZZPersistent,44.10607491
ZZPersistent,44.10607491
ZZPersistent,44.08246774
ZZPersistent,44.12968209
ZZPersistent,44.11394397
ZZPersistent,44.0903368
ZZPersistent,44.06672962
ZZPersistent,44.12968209
ZZPersistent,44.07459868
ZZPersistent,44.11394397
ZZPersistent,44.05886056
ZZPersistent,44.03525338
ZZPersistent,44.25558703
ZZPersistent,44.38149197
ZZPersistent,43.96443185
ZZPersistent,44.05886056
ZZPersistent,44.07459868
ZZPersistent,44.07459868
ZZPersistent,44.0903368
ZZPersistent,44.07459868
ZZPersistent,44.06672962
ZZPersistent,44.06672962
ZZPersistent,44.07459868
ZZPersistent,44.07459868
ZZPersistent,44.08246774
ZZPersistent,44.05886056
ZZPersistent,44.06672962
ZZPersistent,44.05886056
ZZPersistent,44.07459868
ZZPersistent,44.06672962
ZZPersistent,44.07459868
ZZPersistent,44.07459868
ZZPersistent,44.05886056
ZZPersistent,44.07459868
ZZPersistent,44.06672962
ZZPersistent,44.04658849
ZZPersistent,44.06672962
ZZPersistent,44.06672962
ZZPersistent,44.05886056
ZZPersistent,44.03525338
ZZPersistent,44.06672962
ZZPersistent,44.07459868
ZZPersistent,44.05886056
ZZPersistent,44.04312244
ZZPersistent,44.06672962
ZZPersistent,44.02738432
ZZPersistent,44.08246774
ZZPersistent,44.06672962
ZZPersistent,44.06672962
ZZPersistent,44.06672962
ZZPersistent,44.01951527
ZZPersistent,44.06672962
ZZPersistent,44.06672962
ZZPersistent,44.07459868
ZZPersistent,44.06672962
ZZPersistent,44.07459868
ZZPersistent,44.05886056
ZZPersistent,44.08246774
ZZPersistent,44.06672962
ZZPersistent,44.05886056
ZZPersistent,44.0509915
ZZPersistent,44.01951527
ZZPersistent,44.01951527
ZZPersistent,43.7834435
ZZPersistent,44.06672962
ZZPersistent,44.10607491
ZZPersistent,44.05886056
ZZPersistent,44.09101646
ZZPersistent,44.13755115
ZZPersistent,43.98803903
ZZPersistent,44.10607491
ZZPersistent,44.16115833
ZZPersistent,43.8655859
ZZPersistent,44.00377715
ZZPersistent,44.05886056
ZZPersistent,44.06672962
ZZPersistent,44.0509915
ZZPersistent,44.16115833
ZZPersistent,44.20837268
ZZPersistent,43.94869374
ZZPersistent,44.13755115
ZZPersistent,44.10607491
ZZPersistent,44.30280138
ZZPersistent,44.14542021
ZZPersistent,43.80705068
ZZPersistent,44.12181303
ZZPersistent,44.01164621
ZZPersistent,43.71262197
ZZPersistent,43.63393138
ZZPersistent,43.6496695
ZZPersistent,43.62606232
ZZPersistent,44.14542021
ZZPersistent,44.21624174
ZZPersistent,44.27919421
ZZPersistent,44.28706327
ZZPersistent,44.20398206
ZZPersistent,44.20050362
ZZPersistent,44.12968209
ZZPersistent,44.14449866
ZZPersistent,44.12968209
ZZPersistent,44.16115833
ZZPersistent,44.17250334
ZZPersistent,44.28706327
ZZPersistent,44.29493233
ZZPersistent,44.12181303
ZZPersistent,44.17689644
ZZPersistent,44.14542021
ZZPersistent,44.14542021
ZZPersistent,44.25558703
ZZPersistent,44.20837268
ZZPersistent,44.23984891
ZZPersistent,44.23197986
ZZPersistent,43.90934844
ZZPersistent,43.90934844
ZZPersistent,43.96945363
ZZPersistent,43.99307196
ZZPersistent,43.99307196
ZZPersistent,43.99307196
ZZPersistent,43.99307196
ZZPersistent,43.99307196
ZZPersistent,44.00094473
ZZPersistent,43.97732641
ZZPersistent,43.99307196
ZZPersistent,43.99307196
ZZPersistent,43.99307196
ZZPersistent,43.99307196
ZZPersistent,43.99307196
ZZPersistent,43.99307196
ZZPersistent,43.99307196
ZZPersistent,43.99307196
ZZPersistent,43.98519918
ZZPersistent,43.99307196
ZZPersistent,43.99307196
ZZPersistent,43.99307196
ZZPersistent,43.99307196
ZZPersistent,44.00094473
ZZPersistent,43.99307196
ZZPersistent,43.99307196
ZZPersistent,43.99307196
ZZPersistent,43.99307196
ZZPersistent,44.00094473
ZZPersistent,43.98519918
ZZPersistent,43.99307196
ZZPersistent,43.99307196
ZZPersistent,43.99307196
ZZPersistent,43.95370808
ZZPersistent,43.96158085
ZZPersistent,43.96945363
ZZPersistent,43.96158085
ZZPersistent,43.97732641
ZZPersistent,43.96158085
ZZPersistent,43.96158085
ZZPersistent,43.96158085
ZZPersistent,43.96158085
ZZPersistent,43.95370808
ZZPersistent,43.9143442
ZZPersistent,43.9143442
ZZPersistent,43.92221697
ZZPersistent,43.90647142
ZZPersistent,43.90647142
ZZPersistent,43.9143442
ZZPersistent,43.90647142
ZZPersistent,43.89859865
ZZPersistent,43.89859865
ZZPersistent,43.90647142
ZZPersistent,43.92221697
ZZPersistent,43.89072587
ZZPersistent,43.89859865
ZZPersistent,43.93796253
ZZPersistent,43.93008975
ZZPersistent,43.9143442
ZZPersistent,43.92221697
ZZPersistent,43.9458353
ZZPersistent,43.93796253
ZZPersistent,43.92221697
ZZPersistent,43.9143442
ZZPersistent,43.9143442
ZZPersistent,43.93796253
ZZPersistent,43.9143442
ZZPersistent,43.90647142
ZZPersistent,43.9143442
ZZPersistent,43.9143442
ZZPersistent,43.9143442
ZZPersistent,43.9458353
ZZPersistent,43.90647142
ZZPersistent,43.93008975
ZZPersistent,43.9458353
ZZPersistent,43.95370808
ZZPersistent,43.96158085
ZZPersistent,43.96158085
ZZPersistent,43.96158085
ZZPersistent,43.96158085
ZZPersistent,43.96158085
ZZPersistent,43.96158085
ZZPersistent,43.97732641
ZZPersistent,43.95370808
ZZPersistent,43.96945363
ZZPersistent,43.95370808
ZZPersistent,43.9458353
ZZPersistent,43.96158085
ZZPersistent,43.93796253
ZZPersistent,43.96158085
ZZPersistent,43.96945363
ZZPersistent,43.95370808
ZZPersistent,43.96945363
ZZPersistent,43.96945363
ZZPersistent,43.92221697
ZZPersistent,43.93008975
ZZPersistent,43.93796253
ZZPersistent,43.93008975
ZZPersistent,44.01669028
ZZPersistent,44.03243584
ZZPersistent,44.00094473
ZZPersistent,43.82623751
ZZPersistent,43.83410719
ZZPersistent,43.81836783
ZZPersistent,43.84639597
ZZPersistent,44.04312244
ZZPersistent,43.94869374
ZZPersistent,43.98803903
ZZPersistent,43.98016997
ZZPersistent,43.98016997
ZZPersistent,43.94869374
ZZPersistent,43.9565628
ZZPersistent,43.94869374
ZZPersistent,44.00377715
ZZPersistent,43.93295562
ZZPersistent,43.9565628
ZZPersistent,43.96443185
ZZPersistent,43.98803903
ZZPersistent,43.83065785
ZZPersistent,43.84639597
ZZPersistent,43.74409821
ZZPersistent,43.74409821
ZZPersistent,43.75196726
ZZPersistent,43.70475291
ZZPersistent,43.71262197
ZZPersistent,43.72049103
ZZPersistent,43.72049103
ZZPersistent,43.72049103
ZZPersistent,43.71262197
ZZPersistent,43.72049103
ZZPersistent,43.72049103
ZZPersistent,43.71262197
ZZPersistent,43.70928499
ZZPersistent,43.74409821
ZZPersistent,43.73622915
ZZPersistent,43.72049103
ZZPersistent,43.72836009
ZZPersistent,43.72049103
ZZPersistent,43.73622915
ZZPersistent,43.72836009
ZZPersistent,43.72049103
ZZPersistent,43.68114573
ZZPersistent,43.68901479
ZZPersistent,43.75196726
ZZPersistent,43.74409821
ZZPersistent,43.73622915
ZZPersistent,43.73622915
ZZPersistent,43.72836009
ZZPersistent,43.75983632
ZZPersistent,43.75983632
ZZPersistent,43.72836009
ZZPersistent,43.75983632
ZZPersistent,43.77557444
ZZPersistent,43.75983632
ZZPersistent,43.76770538
ZZPersistent,43.75196726
ZZPersistent,43.75983632
ZZPersistent,43.76770538
ZZPersistent,43.74409821
ZZPersistent,43.75196726
ZZPersistent,43.75983632
ZZPersistent,43.75983632
ZZPersistent,43.75196726
ZZPersistent,43.75196726
ZZPersistent,43.76770538
ZZPersistent,43.73967105
ZZPersistent,43.79131256
ZZPersistent,43.75196726
ZZPersistent,43.7834435
ZZPersistent,43.7834435
ZZPersistent,43.76770538
ZZPersistent,43.76770538
ZZPersistent,43.75983632
ZZPersistent,43.77557444
ZZPersistent,43.76770538
ZZPersistent,43.75196726
ZZPersistent,43.75983632
ZZPersistent,43.75196726
ZZPersistent,43.71262197
ZZPersistent,43.75983632
ZZPersistent,43.77557444
ZZPersistent,43.79131256
ZZPersistent,43.75983632
ZZPersistent,43.75983632
ZZPersistent,43.64180044
ZZPersistent,43.72836009
ZZPersistent,43.71262197
ZZPersistent,43.57097891
ZZPersistent,43.59458609
ZZPersistent,43.59458609
ZZPersistent,43.57097891
ZZPersistent,43.58671703
ZZPersistent,43.57097891
ZZPersistent,43.57884797
ZZPersistent,43.57884797
ZZPersistent,43.57884797
ZZPersistent,43.58671703
ZZPersistent,43.57884797
ZZPersistent,43.57884797
ZZPersistent,43.56310985
ZZPersistent,43.56310985
ZZPersistent,43.58671703
ZZPersistent,43.58671703
ZZPersistent,43.59458609
ZZPersistent,43.57884797
ZZPersistent,43.57884797
ZZPersistent,43.57884797
ZZPersistent,43.58671703
ZZPersistent,43.59458609
ZZPersistent,43.57097891
ZZPersistent,43.57884797
ZZPersistent,43.58671703
ZZPersistent,43.57097891
ZZPersistent,43.59458609
ZZPersistent,43.59458609
ZZPersistent,43.59458609
ZZPersistent,43.59458609
ZZPersistent,43.59458609
ZZPersistent,43.59458609
ZZPersistent,43.58671703
ZZPersistent,43.57884797
ZZPersistent,43.59458609
ZZPersistent,43.59458609
ZZPersistent,43.57097891
ZZPersistent,43.57097891
ZZPersistent,43.57884797
ZZPersistent,43.60245515
ZZPersistent,43.60245515
ZZPersistent,43.59458609
ZZPersistent,43.61819326
ZZPersistent,43.60245515
ZZPersistent,43.61032421
ZZPersistent,43.61032421
ZZPersistent,43.4765502
ZZPersistent,43.48441926
ZZPersistent,43.55524079
ZZPersistent,43.72836009
ZZPersistent,43.58126722
ZZPersistent,43.57884797
ZZPersistent,43.45294303
ZZPersistent,43.42384888
ZZPersistent,43.50015738
ZZPersistent,43.49228832
ZZPersistent,43.42488392
ZZPersistent,43.48441926
ZZPersistent,43.45294303
ZZPersistent,43.40231332
ZZPersistent,43.46868115
ZZPersistent,43.47210199
ZZPersistent,43.52376456
ZZPersistent,43.60588652
ZZPersistent,43.63393138
ZZPersistent,43.71262197
ZZPersistent,43.61032421
ZZPersistent,43.62606232
ZZPersistent,43.62405542
ZZPersistent,43.66540762
ZZPersistent,43.68702771
ZZPersistent,43.68114573
ZZPersistent,43.70475291
ZZPersistent,43.67327668
ZZPersistent,43.6496695
ZZPersistent,43.70475291
ZZPersistent,43.66540762
ZZPersistent,43.67327668
ZZPersistent,43.62606232
ZZPersistent,43.62606232
ZZPersistent,43.50015738
ZZPersistent,43.6137562
ZZPersistent,43.56209665
ZZPersistent,43.57097891
ZZPersistent,43.57035987
ZZPersistent,43.56209665
ZZPersistent,43.57440781
ZZPersistent,43.58671703
ZZPersistent,43.51042896
ZZPersistent,43.53163362
ZZPersistent,43.55524079
ZZPersistent,43.57097891
ZZPersistent,43.52718974
ZZPersistent,43.52376456
ZZPersistent,43.53163362
ZZPersistent,43.50802644
ZZPersistent,43.51829988
ZZPersistent,43.52376456
ZZPersistent,43.53163362
ZZPersistent,43.56310985
ZZPersistent,43.55524079
ZZPersistent,43.52376456
ZZPersistent,43.44746163
ZZPersistent,43.62949555
ZZPersistent,43.63393138
ZZPersistent,43.72049103
ZZPersistent,43.67327668
ZZPersistent,43.74311349
ZZPersistent,43.57097891
ZZPersistent,43.62606232
ZZPersistent,43.66884394
ZZPersistent,43.66540762
ZZPersistent,43.63292932
ZZPersistent,43.60931843
ZZPersistent,43.71262197
ZZPersistent,43.99461258
ZZPersistent,43.99842582
ZZPersistent,44.01416765
ZZPersistent,44.1322314
ZZPersistent,44.10074774
ZZPersistent,44.11648957
ZZPersistent,43.95120031
ZZPersistent,43.9565628
ZZPersistent,43.936413
ZZPersistent,43.9433294
ZZPersistent,43.96694215
ZZPersistent,43.81739473
ZZPersistent,43.93104534
ZZPersistent,44.10074774
ZZPersistent,44.00535307
ZZPersistent,43.99748091
ZZPersistent,44.00976071
ZZPersistent,43.89955919
ZZPersistent,43.8961039
ZZPersistent,43.91184573
ZZPersistent,44.06672962
ZZPersistent,44.03525338
ZZPersistent,44.01951527
ZZPersistent,44.0509915
ZZPersistent,44.06486146
ZZPersistent,44.06139315
ZZPersistent,44.06926407
ZZPersistent,44.10074774
ZZPersistent,44.11370974
ZZPersistent,44.15584416
ZZPersistent,44.03337531
ZZPersistent,44.10539805
ZZPersistent,44.17433719
ZZPersistent,44.1322314
ZZPersistent,44.11648957
ZZPersistent,44.16371507
ZZPersistent,44.11648957
ZZPersistent,44.12436049
ZZPersistent,44.1322314
ZZPersistent,44.15584416
ZZPersistent,44.14797324
ZZPersistent,44.14797324
ZZPersistent,44.16271722
ZZPersistent,44.17376222
ZZPersistent,44.12713398
ZZPersistent,44.14797324
ZZPersistent,44.1322314
ZZPersistent,44.14010232
ZZPersistent,44.1322314
ZZPersistent,44.14010232
ZZPersistent,44.05605416
ZZPersistent,44.12343541
ZZPersistent,44.08407463
ZZPersistent,44.16371507
ZZPersistent,44.16371507
ZZPersistent,44.05418176
ZZPersistent,44.00629673
ZZPersistent,43.90743073
ZZPersistent,44.06299213
ZZPersistent,43.96694215
ZZPersistent,44.10861865
ZZPersistent,44.11209068
ZZPersistent,44.04565132
ZZPersistent,44.05352224
ZZPersistent,44.07246948
ZZPersistent,44.06139315
ZZPersistent,44.06139315
ZZPersistent,44.0377804
ZZPersistent,44.06926407
ZZPersistent,44.05352224
ZZPersistent,44.01416765
ZZPersistent,44.02203857
ZZPersistent,44.02203857
ZZPersistent,44.02203857
ZZPersistent,44.02203857
ZZPersistent,44.02990948
ZZPersistent,44.01416765
ZZPersistent,44.0377804
ZZPersistent,44.01416765
ZZPersistent,44.0377804
ZZPersistent,44.0377804
ZZPersistent,44.04565132
ZZPersistent,44.07340317
ZZPersistent,44.07713499
ZZPersistent,44.06926407
ZZPersistent,44.0850059
ZZPersistent,44.0850059
ZZPersistent,44.07713499
ZZPersistent,44.09287682
ZZPersistent,44.0850059
ZZPersistent,44.07713499
ZZPersistent,44.08314306
ZZPersistent,44.0850059
ZZPersistent,44.0850059
ZZPersistent,44.07713499
ZZPersistent,44.09287682
ZZPersistent,44.0850059
ZZPersistent,44.07713499
ZZPersistent,44.0850059
ZZPersistent,44.0850059
ZZPersistent,44.09287682
ZZPersistent,44.0850059
ZZPersistent,44.07713499
ZZPersistent,44.07713499
ZZPersistent,44.0850059
ZZPersistent,44.0850059
ZZPersistent,44.0850059
ZZPersistent,44.0850059
ZZPersistent,43.87249115
ZZPersistent,43.8961039
ZZPersistent,43.8961039
ZZPersistent,44.072733
ZZPersistent,44.10861865
ZZPersistent,44.14797324
ZZPersistent,43.96694215
ZZPersistent,44.02550378
ZZPersistent,44.04977554
ZZPersistent,44.09287682
ZZPersistent,44.10074774
ZZPersistent,44.19519874
ZZPersistent,44.22486418
ZZPersistent,44.12436049
ZZPersistent,44.11648957
ZZPersistent,44.00188917
ZZPersistent,44.0377804
ZZPersistent,44.06833032
ZZPersistent,43.98960875
ZZPersistent,43.9433294
ZZPersistent,43.91530227
ZZPersistent,43.82871537
ZZPersistent,44.0850059
ZZPersistent,43.93891688
ZZPersistent,44.10861865
ZZPersistent,44.10074774
ZZPersistent,44.10861865
ZZPersistent,44.10861865
ZZPersistent,44.10861865
ZZPersistent,44.10861865
ZZPersistent,44.04911839
ZZPersistent,44.10861865
ZZPersistent,44.14010232
ZZPersistent,44.13570529
ZZPersistent,44.02990948
ZZPersistent,44.02896953
ZZPersistent,44.052586
ZZPersistent,44.02990948
ZZPersistent,44.02990948
ZZPersistent,44.10861865
ZZPersistent,44.10074774
ZZPersistent,44.06139315
ZZPersistent,43.99842582
ZZPersistent,44.09287682
ZZPersistent,44.14797324
ZZPersistent,44.11996222
ZZPersistent,44.09287682
ZZPersistent,44.15492403
ZZPersistent,44.16371507
ZZPersistent,44.14357683
ZZPersistent,44.15584416
ZZPersistent,44.12436049
ZZPersistent,44.14797324
ZZPersistent,44.24242424
ZZPersistent,44.16371507
ZZPersistent,44.27739295
ZZPersistent,44.37185139
ZZPersistent,44.16719144
ZZPersistent,44.16719144
ZZPersistent,44.17158599
ZZPersistent,44.05698992
ZZPersistent,44.11648957
ZZPersistent,44.17158599
ZZPersistent,44.0850059
ZZPersistent,44.05715183
ZZPersistent,44.04145078
ZZPersistent,44.02574973
ZZPersistent,44.02574973
ZZPersistent,44.27390791
ZZPersistent,44.17506297
ZZPersistent,44.04124685
ZZPersistent,44.16371507
ZZPersistent,44.06139315
ZZPersistent,44.14797324
ZZPersistent,44.1322314
ZZPersistent,44.16371507
ZZPersistent,44.10861865
ZZPersistent,44.14797324
ZZPersistent,44.12436049
ZZPersistent,44.25029516
ZZPersistent,44.26952141
ZZPersistent,44.26603699
ZZPersistent,44.10074774
ZZPersistent,44.25816608
ZZPersistent,44.16371507
ZZPersistent,44.17870392
ZZPersistent,44.30539158
ZZPersistent,44.14010232
ZZPersistent,44.14797324
ZZPersistent,44.26513422
ZZPersistent,44.16719144
ZZPersistent,44.21094057
ZZPersistent,44.21094057
ZZPersistent,44.17158599
ZZPersistent,44.09287682
ZZPersistent,44.04565132
ZZPersistent,44.17158599
ZZPersistent,44.19519874
ZZPersistent,44.21094057
ZZPersistent,44.20306966
ZZPersistent,44.19519874
ZZPersistent,44.20306966
ZZPersistent,44.10861865
ZZPersistent,44.21094057
ZZPersistent,44.01951527
ZZPersistent,44.02738432
ZZPersistent,43.97230091
ZZPersistent,43.99590809
ZZPersistent,44.00283331
ZZPersistent,44.10514717
ZZPersistent,44.11394397
ZZPersistent,43.85674931
ZZPersistent,43.88823298
ZZPersistent,43.82526564
ZZPersistent,43.93104534
ZZPersistent,43.86462023
ZZPersistent,43.9433294
ZZPersistent,43.95024797
ZZPersistent,43.64423455
ZZPersistent,43.71507281
ZZPersistent,43.67571822
ZZPersistent,43.62849272
ZZPersistent,43.69146006
ZZPersistent,43.53404172
ZZPersistent,43.61174526
ZZPersistent,43.93545848
ZZPersistent,43.61786052
ZZPersistent,43.59700905
ZZPersistent,43.66208314
ZZPersistent,43.58913813
ZZPersistent,43.58126722
ZZPersistent,43.65210547
ZZPersistent,43.69489924
ZZPersistent,43.69146006
ZZPersistent,43.65997639
ZZPersistent,43.6678473
ZZPersistent,43.67571822
ZZPersistent,43.67571822
ZZPersistent,43.67571822
ZZPersistent,43.68358914
ZZPersistent,43.53404172
ZZPersistent,43.68358914
ZZPersistent,43.62849272
ZZPersistent,43.60487997
ZZPersistent,43.65997639
ZZPersistent,43.65210547
ZZPersistent,43.70720189
ZZPersistent,43.70277078
ZZPersistent,43.75442739
ZZPersistent,43.84887839
ZZPersistent,43.85674931
ZZPersistent,43.83313656
ZZPersistent,43.85674931
ZZPersistent,43.75
ZZPersistent,43.87249115
ZZPersistent,43.92758756
ZZPersistent,43.84887839
ZZPersistent,43.90397481
ZZPersistent,43.71262197
ZZPersistent,43.73868556
ZZPersistent,43.69146006
ZZPersistent,43.72294372
ZZPersistent,43.74212846
ZZPersistent,43.71851385
ZZPersistent,43.76229831
ZZPersistent,43.72294372
ZZPersistent,43.87249115
ZZPersistent,43.88036206
ZZPersistent,43.84445844
ZZPersistent,43.74655647
ZZPersistent,43.91971665
ZZPersistent,43.8961039
ZZPersistent,43.88036206
ZZPersistent,43.88823298
ZZPersistent,43.87249115
ZZPersistent,43.90397481
ZZPersistent,43.88823298
ZZPersistent,43.90397481
ZZPersistent,43.88823298
ZZPersistent,43.90397481
ZZPersistent,43.8961039
ZZPersistent,43.91184573
ZZPersistent,43.88823298
ZZPersistent,43.90397481
ZZPersistent,43.90397481
ZZPersistent,43.90397481
ZZPersistent,43.8961039
ZZPersistent,43.90397481
ZZPersistent,43.8961039
ZZPersistent,43.8961039
ZZPersistent,43.90397481
ZZPersistent,43.95120031
ZZPersistent,43.95120031
ZZPersistent,43.93545848
ZZPersistent,43.93545848
ZZPersistent,43.90397481
ZZPersistent,43.88823298
ZZPersistent,43.90397481
ZZPersistent,43.91184573
ZZPersistent,43.91971665
ZZPersistent,43.88036206
ZZPersistent,43.95120031
ZZPersistent,43.92758756
ZZPersistent,43.93545848
ZZPersistent,43.89168766
ZZPersistent,43.83852691
ZZPersistent,43.6678473
ZZPersistent,43.90397481
ZZPersistent,43.88823298
ZZPersistent,43.90397481
ZZPersistent,43.8961039
ZZPersistent,43.8961039
ZZPersistent,43.88823298
ZZPersistent,43.92758756
ZZPersistent,43.93104534
ZZPersistent,43.82526564
ZZPersistent,43.89514288
ZZPersistent,43.92758756
ZZPersistent,43.77804014
ZZPersistent,43.90205496
ZZPersistent,44.00629673
ZZPersistent,43.91184573
ZZPersistent,44.0850059
ZZPersistent,43.97481307
ZZPersistent,43.97481307
ZZPersistent,43.97481307
ZZPersistent,43.97448015
ZZPersistent,43.96694215
ZZPersistent,43.97481307
ZZPersistent,43.96694215
ZZPersistent,43.97481307
ZZPersistent,43.96694215
ZZPersistent,43.97481307
ZZPersistent,43.97481307
ZZPersistent,43.96694215
ZZPersistent,43.96694215
ZZPersistent,43.96694215
ZZPersistent,43.93545848
ZZPersistent,43.96694215
ZZPersistent,43.95120031
ZZPersistent,43.96694215
ZZPersistent,43.96694215
ZZPersistent,43.9433294
ZZPersistent,43.95907123
ZZPersistent,43.95120031
ZZPersistent,43.95907123
ZZPersistent,43.95907123
ZZPersistent,44.02990948
ZZPersistent,44.02990948
ZZPersistent,44.02990948
ZZPersistent,44.04565132
ZZPersistent,44.11648957
ZZPersistent,44.052586
ZZPersistent,44.09981894
ZZPersistent,44.06926407
ZZPersistent,44.01322522
ZZPersistent,44.03337531
ZZPersistent,44.05698992
ZZPersistent,44.06833032
ZZPersistent,44.06045816
ZZPersistent,43.79131256
ZZPersistent,43.79131256
ZZPersistent,43.75196726
ZZPersistent,43.7834435
ZZPersistent,43.80165289
ZZPersistent,43.80952381
ZZPersistent,43.77557444
ZZPersistent,43.78688912
ZZPersistent,43.77557444
ZZPersistent,43.77557444
ZZPersistent,43.7834435
ZZPersistent,43.87000315
ZZPersistent,43.8816568
ZZPersistent,43.87787221
ZZPersistent,43.87000315
ZZPersistent,43.89361032
ZZPersistent,43.88574127
ZZPersistent,43.88574127
ZZPersistent,43.87787221
ZZPersistent,43.87787221
ZZPersistent,43.87000315
ZZPersistent,43.89361032
ZZPersistent,43.89361032
ZZPersistent,43.79131256
ZZPersistent,43.79918162
ZZPersistent,43.79918162
ZZPersistent,43.75983632
ZZPersistent,43.75983632
ZZPersistent,43.72836009
ZZPersistent,43.87690855
ZZPersistent,43.84542736
ZZPersistent,43.84542736
ZZPersistent,43.87000315
ZZPersistent,43.81491974
ZZPersistent,43.83852691
ZZPersistent,43.83852691
ZZPersistent,43.80705068
ZZPersistent,43.82278879
ZZPersistent,43.79918162
ZZPersistent,43.86213409
ZZPersistent,43.79378198
ZZPersistent,43.81491974
ZZPersistent,43.79918162
ZZPersistent,43.88455169
ZZPersistent,43.82278879
ZZPersistent,43.80705068
ZZPersistent,43.76770538
ZZPersistent,43.79131256
ZZPersistent,43.80705068
ZZPersistent,43.84639597
ZZPersistent,43.82627992
ZZPersistent,43.79918162
ZZPersistent,43.89361032
ZZPersistent,43.83065785
ZZPersistent,43.80705068
ZZPersistent,43.87666588
ZZPersistent,43.83065785
ZZPersistent,43.79918162
ZZPersistent,43.79131256
ZZPersistent,43.84639597
ZZPersistent,43.81491974
ZZPersistent,43.87000315
ZZPersistent,43.83065785
ZZPersistent,43.81491974
ZZPersistent,43.83852691
ZZPersistent,43.84100748
ZZPersistent,43.80705068
ZZPersistent,43.81491974
ZZPersistent,43.84984654
ZZPersistent,43.85426503
ZZPersistent,43.7834435
ZZPersistent,43.85426503
ZZPersistent,43.79918162
ZZPersistent,43.85798066
ZZPersistent,43.81491974
ZZPersistent,43.82278879
ZZPersistent,43.85426503
ZZPersistent,43.81491974
ZZPersistent,43.80705068
ZZPersistent,43.7834435
ZZPersistent,43.83065785
ZZPersistent,43.81491974
ZZPersistent,43.87000315
ZZPersistent,43.7834435
ZZPersistent,43.81491974
ZZPersistent,43.82968676
ZZPersistent,43.83065785
ZZPersistent,43.79918162
ZZPersistent,43.79918162
ZZPersistent,43.81491974
ZZPersistent,43.80705068
ZZPersistent,43.83852691
ZZPersistent,43.829351
ZZPersistent,43.79918162
ZZPersistent,43.79918162
ZZPersistent,43.87000315
ZZPersistent,43.80705068
ZZPersistent,43.80705068
ZZPersistent,43.81491974
ZZPersistent,43.84100748
ZZPersistent,43.79918162
ZZPersistent,43.82146518
ZZPersistent,43.80705068
ZZPersistent,43.8924375
ZZPersistent,43.83065785
ZZPersistent,43.87000315
ZZPersistent,43.80705068
ZZPersistent,43.90934844
ZZPersistent,43.83723681
ZZPersistent,43.81286923
ZZPersistent,43.82146518
ZZPersistent,43.87787221
ZZPersistent,43.87787221
ZZPersistent,43.86213409
ZZPersistent,43.80165289
ZZPersistent,43.82181646
ZZPersistent,43.79131256
ZZPersistent,43.84639597
ZZPersistent,43.79918162
ZZPersistent,43.79918162
ZZPersistent,43.79475879
ZZPersistent,43.77557444
ZZPersistent,43.79475879
ZZPersistent,43.79918162
ZZPersistent,43.86213409
ZZPersistent,43.7834435
ZZPersistent,43.88574127
ZZPersistent,43.81491974
ZZPersistent,43.75983632
ZZPersistent,43.83723681
ZZPersistent,43.81357937
ZZPersistent,43.79918162
ZZPersistent,43.79918162
ZZPersistent,43.81049815
ZZPersistent,43.84639597
ZZPersistent,43.83065785
ZZPersistent,43.82278879
ZZPersistent,43.79131256
ZZPersistent,43.81491974
ZZPersistent,43.75196726
ZZPersistent,43.75296912
ZZPersistent,43.79918162
ZZPersistent,43.80119723
ZZPersistent,43.77557444
ZZPersistent,43.83065785
ZZPersistent,43.85426503
ZZPersistent,43.7834435
ZZPersistent,43.79131256
ZZPersistent,43.80705068
ZZPersistent,43.79918162
ZZPersistent,43.87345558
ZZPersistent,43.79918162
ZZPersistent,43.76770538
ZZPersistent,43.75983632
ZZPersistent,43.84840573
ZZPersistent,43.79131256
ZZPersistent,43.79918162
ZZPersistent,43.76574307
ZZPersistent,43.83345184
ZZPersistent,43.79918162
ZZPersistent,43.80705068
ZZPersistent,43.84992876
ZZPersistent,43.79332073
ZZPersistent,43.85271808
ZZPersistent,43.80705068
ZZPersistent,43.7834435
ZZPersistent,43.83065785
ZZPersistent,43.77016922
ZZPersistent,43.75983632
ZZPersistent,43.77557444
ZZPersistent,43.77557444
ZZPersistent,43.79131256
ZZPersistent,43.86462023
ZZPersistent,43.76770538
ZZPersistent,43.83626469
ZZPersistent,43.7834435
ZZPersistent,43.80771963
ZZPersistent,43.83065785
ZZPersistent,43.7834435
ZZPersistent,43.79131256
ZZPersistent,43.80705068
ZZPersistent,43.7834435
ZZPersistent,43.80914826
ZZPersistent,43.91525964
ZZPersistent,43.81244591
ZZPersistent,43.85426503
ZZPersistent,43.8316056
ZZPersistent,43.75196726
ZZPersistent,43.83193808
ZZPersistent,43.83065785
ZZPersistent,43.79131256
ZZPersistent,43.77557444
ZZPersistent,43.81491974
ZZPersistent,43.79131256
ZZPersistent,43.77557444
ZZPersistent,43.79918162
ZZPersistent,43.75983632
ZZPersistent,43.80569356
ZZPersistent,43.80705068
ZZPersistent,43.81244591
ZZPersistent,43.83065785
ZZPersistent,43.7834435
ZZPersistent,43.75983632
ZZPersistent,43.79918162
ZZPersistent,43.80705068
ZZPersistent,43.7834435
ZZPersistent,43.79918162
ZZPersistent,43.75983632
ZZPersistent,43.8113327
ZZPersistent,43.79131256
ZZPersistent,43.79918162
ZZPersistent,43.73622915
ZZPersistent,43.74409821
ZZPersistent,43.76770538
ZZPersistent,43.76770538
ZZPersistent,43.7834435
ZZPersistent,43.79918162
ZZPersistent,43.87787221
ZZPersistent,43.81491974
ZZPersistent,43.79918162
ZZPersistent,43.81491974
ZZPersistent,43.7834435
ZZPersistent,43.77557444
ZZPersistent,43.81199811
ZZPersistent,43.79918162
ZZPersistent,43.75983632
ZZPersistent,43.75983632
ZZPersistent,43.80705068
ZZPersistent,43.82278879
ZZPersistent,43.81491974
ZZPersistent,43.77557444
ZZPersistent,43.79918162
ZZPersistent,43.75983632
ZZPersistent,43.85426503
ZZPersistent,43.81491974
ZZPersistent,43.81836783
ZZPersistent,43.7834435
ZZPersistent,43.86213409
ZZPersistent,43.80705068
ZZPersistent,43.81491974
ZZPersistent,43.83065785
ZZPersistent,43.83270321
ZZPersistent,43.77557444
ZZPersistent,43.83561644
ZZPersistent,43.77557444
ZZPersistent,43.79131256
ZZPersistent,43.70317798
ZZPersistent,43.79918162
ZZPersistent,43.80028396
ZZPersistent,43.78837978
ZZPersistent,43.85426503
ZZPersistent,43.77557444
ZZPersistent,43.82278879
ZZPersistent,43.74409821
ZZPersistent,43.81244591
ZZPersistent,43.85426503
ZZPersistent,43.76770538
ZZPersistent,43.74409821
ZZPersistent,43.78591106
ZZPersistent,43.77557444
ZZPersistent,43.75983632
ZZPersistent,43.79475879
ZZPersistent,43.78992193
ZZPersistent,43.79918162
ZZPersistent,43.79918162
ZZPersistent,43.74409821
ZZPersistent,43.77557444
ZZPersistent,43.78050701
ZZPersistent,43.80705068
ZZPersistent,43.72049103
ZZPersistent,43.80705068
ZZPersistent,43.79918162
ZZPersistent,43.70475291
ZZPersistent,43.75196726
ZZPersistent,43.79475879
ZZPersistent,43.72836009
ZZPersistent,43.79918162
ZZPersistent,43.77557444
ZZPersistent,43.80705068
ZZPersistent,43.68578058
ZZPersistent,43.76770538
ZZPersistent,43.78759101
ZZPersistent,43.7834435
ZZPersistent,43.75983632
ZZPersistent,43.8170347
ZZPersistent,43.81357937
ZZPersistent,43.79131256
ZZPersistent,43.83723681
ZZPersistent,43.80262847
ZZPersistent,43.77557444
ZZPersistent,43.86672998
ZZPersistent,43.75983632
ZZPersistent,43.79033527
ZZPersistent,43.76770538
ZZPersistent,43.81491974
ZZPersistent,43.73622915
ZZPersistent,43.74409821
ZZPersistent,43.83065785
ZZPersistent,43.80119723
ZZPersistent,43.80705068
ZZPersistent,43.77557444
ZZPersistent,43.75983632
ZZPersistent,43.79131256
ZZPersistent,43.87787221
ZZPersistent,43.77901944
ZZPersistent,43.75196726
ZZPersistent,43.75983632
ZZPersistent,43.83313656
ZZPersistent,43.76770538
ZZPersistent,43.80705068
ZZPersistent,43.75344407
ZZPersistent,43.75196726
ZZPersistent,43.78688912
ZZPersistent,43.72836009
ZZPersistent,43.77557444
ZZPersistent,43.72836009
ZZPersistent,43.80165289
ZZPersistent,43.77557444
ZZPersistent,43.74409821
ZZPersistent,43.81491974
ZZPersistent,43.79131256
ZZPersistent,43.79820557
ZZPersistent,43.79918162
ZZPersistent,43.7834435
ZZPersistent,43.74409821
ZZPersistent,43.70475291
ZZPersistent,43.80705068
ZZPersistent,43.82278879
ZZPersistent,43.79918162
ZZPersistent,43.79918162
ZZPersistent,43.76328008
ZZPersistent,43.75196726
ZZPersistent,43.79131256
ZZPersistent,43.79918162
ZZPersistent,43.73622915
ZZPersistent,43.81491974
ZZPersistent,43.71262197
ZZPersistent,43.73622915
ZZPersistent,43.76770538
ZZPersistent,43.7554104
ZZPersistent,43.82234822
ZZPersistent,43.80705068
ZZPersistent,43.73622915
ZZPersistent,43.78894235
ZZPersistent,43.75196726
ZZPersistent,43.79918162
ZZPersistent,43.76770538
ZZPersistent,43.80262847
ZZPersistent,43.7834435
ZZPersistent,43.81491974
ZZPersistent,43.7834435
ZZPersistent,43.81491974
ZZPersistent,43.80705068
ZZPersistent,43.79918162
ZZPersistent,43.87000315
ZZPersistent,43.83723681
ZZPersistent,43.76770538
ZZPersistent,43.76770538
ZZPersistent,43.79475879
ZZPersistent,43.82278879
ZZPersistent,43.74409821
ZZPersistent,43.77114976
ZZPersistent,43.7834435
ZZPersistent,43.81491974
ZZPersistent,43.79475879
ZZPersistent,43.79131256
ZZPersistent,43.76770538
ZZPersistent,43.72049103
ZZPersistent,43.80705068
ZZPersistent,43.76770538
ZZPersistent,43.82278879
ZZPersistent,43.76770538
ZZPersistent,43.75196726
ZZPersistent,43.72290961
ZZPersistent,43.77557444
ZZPersistent,43.83723681
ZZPersistent,43.80705068
ZZPersistent,43.79918162
ZZPersistent,43.85426503
ZZPersistent,43.75196726
ZZPersistent,43.7834435
ZZPersistent,43.75983632
ZZPersistent,43.83852691
ZZPersistent,43.75983632
ZZPersistent,43.7834435
ZZPersistent,43.76770538
ZZPersistent,43.79918162
ZZPersistent,43.69688385
ZZPersistent,43.79475879
ZZPersistent,43.85329765
ZZPersistent,43.72836009
ZZPersistent,43.83065785
ZZPersistent,43.72049103
ZZPersistent,43.68901479
ZZPersistent,43.76770538
ZZPersistent,43.74409821
ZZPersistent,43.73622915
ZZPersistent,43.76328008
ZZPersistent,43.74409821
ZZPersistent,43.72049103
ZZPersistent,43.71262197
ZZPersistent,43.72049103
ZZPersistent,43.7116323
ZZPersistent,43.68901479
ZZPersistent,43.7834435
ZZPersistent,43.64180044
ZZPersistent,43.66540762
ZZPersistent,43.62606232
ZZPersistent,43.77557444
ZZPersistent,43.74409821
ZZPersistent,43.72836009
ZZPersistent,43.74754073
ZZPersistent,43.69688385
ZZPersistent,43.74409821
ZZPersistent,43.72049103
ZZPersistent,43.69688385
ZZPersistent,43.71606201
ZZPersistent,43.64180044
ZZPersistent,43.73622915
ZZPersistent,43.69688385
ZZPersistent,43.6845833
ZZPersistent,43.71507281
ZZPersistent,43.69688385
ZZPersistent,43.69688385
ZZPersistent,43.68114573
ZZPersistent,43.71262197
ZZPersistent,43.64523491
ZZPersistent,43.62606232
ZZPersistent,43.71262197
ZZPersistent,43.75196726
ZZPersistent,43.65753856
ZZPersistent,43.73622915
ZZPersistent,43.75885408
ZZPersistent,43.61032421
ZZPersistent,43.6845833
ZZPersistent,43.62606232
ZZPersistent,43.69688385
ZZPersistent,43.69688385
ZZPersistent,43.61032421
ZZPersistent,43.65753856
ZZPersistent,43.66540762
ZZPersistent,43.8113327
ZZPersistent,43.65753856
ZZPersistent,43.92508656
ZZPersistent,43.67327668
ZZPersistent,43.70053814
ZZPersistent,43.57884797
ZZPersistent,43.7667878
ZZPersistent,43.61819326
ZZPersistent,43.63393138
ZZPersistent,43.73622915
ZZPersistent,43.68114573
ZZPersistent,43.56310985
ZZPersistent,43.68901479
ZZPersistent,43.65753856
ZZPersistent,43.77557444
ZZPersistent,43.68114573
ZZPersistent,43.58227748
ZZPersistent,43.77114976
ZZPersistent,43.68015111
ZZPersistent,43.77557444
ZZPersistent,43.62606232
ZZPersistent,43.64180044
ZZPersistent,43.66441051
ZZPersistent,43.77557444
ZZPersistent,43.65753856
ZZPersistent,43.68015111
ZZPersistent,43.63393138
ZZPersistent,43.64180044
ZZPersistent,43.72836009
ZZPersistent,43.68114573
ZZPersistent,43.55702583
ZZPersistent,43.68901479
ZZPersistent,43.71262197
ZZPersistent,43.65154379
ZZPersistent,43.72393169
ZZPersistent,43.69688385
ZZPersistent,43.58126722
ZZPersistent,43.57884797
ZZPersistent,43.59458609
ZZPersistent,43.58671703
ZZPersistent,43.5158955
ZZPersistent,43.54737173
ZZPersistent,43.58227748
ZZPersistent,43.59600094
ZZPersistent,43.61032421
ZZPersistent,43.57884797
ZZPersistent,43.54737173
ZZPersistent,43.49913427
ZZPersistent,43.56310985
ZZPersistent,43.45294303
ZZPersistent,43.43720491
ZZPersistent,43.50802644
ZZPersistent,43.47552337
ZZPersistent,43.5158955
ZZPersistent,43.3427762
ZZPersistent,43.54737173
ZZPersistent,43.48441926
ZZPersistent,43.32703809
ZZPersistent,43.4765502
ZZPersistent,43.45294303
ZZPersistent,43.50802644
ZZPersistent,43.52718974
ZZPersistent,43.38999056
ZZPersistent,43.37425244
ZZPersistent,43.50015738
ZZPersistent,43.55524079
ZZPersistent,43.49228832
ZZPersistent,43.50802644
ZZPersistent,43.45294303
ZZPersistent,43.48441926
ZZPersistent,43.50015738
ZZPersistent,43.50802644
ZZPersistent,43.51829988
ZZPersistent,43.4765502
ZZPersistent,43.60245515
ZZPersistent,43.49228832
ZZPersistent,43.41359773
ZZPersistent,43.53163362
ZZPersistent,43.57783724
ZZPersistent,43.54737173
ZZPersistent,43.57097891
ZZPersistent,43.63393138
ZZPersistent,43.5558701
ZZPersistent,43.58671703
ZZPersistent,43.50802644
ZZPersistent,43.52376456
ZZPersistent,43.55079877
ZZPersistent,43.50802644
ZZPersistent,43.54737173
ZZPersistent,43.55321159
ZZPersistent,43.56310985
ZZPersistent,43.4327536
ZZPersistent,43.52515154
ZZPersistent,43.58671703
ZZPersistent,43.57884797
ZZPersistent,43.4765502
ZZPersistent,43.57884797
ZZPersistent,43.43720491
ZZPersistent,43.53163362
ZZPersistent,43.46868115
ZZPersistent,43.56310985
ZZPersistent,43.45812731
ZZPersistent,43.57884797
ZZPersistent,43.55524079
ZZPersistent,43.4765502
ZZPersistent,43.42933585
ZZPersistent,43.45294303
ZZPersistent,43.61819326
ZZPersistent,43.42146679
ZZPersistent,43.4765502
ZZPersistent,43.58671703
ZZPersistent,43.60245515
ZZPersistent,43.55866845
ZZPersistent,43.4765502
ZZPersistent,43.63393138
ZZPersistent,43.53505942
ZZPersistent,43.53950268
ZZPersistent,43.56310985
ZZPersistent,43.42933585
ZZPersistent,43.59458609
ZZPersistent,43.57334597
ZZPersistent,43.56653813
ZZPersistent,43.57440781
ZZPersistent,43.61275089
ZZPersistent,43.53950268
ZZPersistent,43.55422635
ZZPersistent,43.60245515
ZZPersistent,43.58671703
ZZPersistent,43.6137562
ZZPersistent,43.64523491
ZZPersistent,43.42043129
ZZPersistent,43.62606232
ZZPersistent,43.58126722
ZZPersistent,43.55765447
ZZPersistent,43.55524079
ZZPersistent,43.57097891
ZZPersistent,43.39785962
ZZPersistent,43.46662469
ZZPersistent,43.61275089
ZZPersistent,43.54737173
ZZPersistent,43.59256927
ZZPersistent,43.54737173
ZZPersistent,43.56310985
ZZPersistent,43.60245515
ZZPersistent,43.56310985
ZZPersistent,43.61032421
ZZPersistent,43.50153507
ZZPersistent,43.6496695
ZZPersistent,43.59801684
ZZPersistent,43.63393138
ZZPersistent,43.58227748
ZZPersistent,43.3968204
ZZPersistent,43.63536173
ZZPersistent,43.46868115
ZZPersistent,43.57440781
ZZPersistent,43.58671703
ZZPersistent,43.57884797
ZZPersistent,43.56209665
ZZPersistent,43.57440781
ZZPersistent,43.62606232
ZZPersistent,43.38999056
ZZPersistent,43.53163362
ZZPersistent,43.56310985
ZZPersistent,43.6206218
ZZPersistent,43.60487997
ZZPersistent,43.37766585
ZZPersistent,43.57440781
ZZPersistent,43.62505903
ZZPersistent,43.35565183
ZZPersistent,43.44507397
ZZPersistent,43.43720491
ZZPersistent,43.57884797
ZZPersistent,43.62606232
ZZPersistent,43.45294303
ZZPersistent,43.57884797
ZZPersistent,43.57097891
ZZPersistent,43.58671703
ZZPersistent,43.6137562
ZZPersistent,43.46081209
ZZPersistent,43.41359773
ZZPersistent,43.39236521
ZZPersistent,43.49228832
ZZPersistent,43.55524079
ZZPersistent,43.47380051
ZZPersistent,43.45636263
ZZPersistent,43.40914457
ZZPersistent,43.40914457
ZZPersistent,43.39578086
ZZPersistent,43.46868115
ZZPersistent,43.49228832
ZZPersistent,43.42933585
ZZPersistent,43.48441926
ZZPersistent,43.45294303
ZZPersistent,43.59458609
ZZPersistent,43.53950268
ZZPersistent,43.41359773
ZZPersistent,43.50802644
ZZPersistent,43.42146679
ZZPersistent,43.59801684
ZZPersistent,43.60245515
ZZPersistent,43.36638338
ZZPersistent,43.5158955
ZZPersistent,43.57097891
ZZPersistent,43.53950268
ZZPersistent,43.3810798
ZZPersistent,43.35746891
ZZPersistent,43.46662469
ZZPersistent,43.41359773
ZZPersistent,43.42933585
ZZPersistent,43.44507397
ZZPersistent,43.49126397
ZZPersistent,43.39785962
ZZPersistent,43.42830159
ZZPersistent,43.39340521
ZZPersistent,43.40572867
ZZPersistent,43.39785962
ZZPersistent,43.49228832
ZZPersistent,43.39785962
ZZPersistent,43.57568534
ZZPersistent,43.40127489
ZZPersistent,43.36638338
ZZPersistent,43.47997167
ZZPersistent,43.61032421
ZZPersistent,43.40572867
ZZPersistent,43.44507397
ZZPersistent,43.45294303
ZZPersistent,43.46423231
ZZPersistent,43.40127489
ZZPersistent,43.39785962
ZZPersistent,43.57884797
ZZPersistent,43.3821215
ZZPersistent,43.3821215
ZZPersistent,43.3821215
ZZPersistent,43.39785962
ZZPersistent,43.41359773
ZZPersistent,43.39785962
ZZPersistent,43.52718974
ZZPersistent,43.43014129
ZZPersistent,43.61032421
ZZPersistent,43.48476498
ZZPersistent,43.36638338
ZZPersistent,43.56209665
ZZPersistent,43.40572867
ZZPersistent,43.40127489
ZZPersistent,43.39785962
ZZPersistent,43.58671703
ZZPersistent,43.40127489
ZZPersistent,43.36638338
ZZPersistent,43.3427762
ZZPersistent,43.45978278
ZZPersistent,43.35851432
ZZPersistent,43.45430213
ZZPersistent,43.40127489
ZZPersistent,43.4327536
ZZPersistent,43.61819326
ZZPersistent,43.6137562
ZZPersistent,43.40572867
ZZPersistent,43.41359773
ZZPersistent,43.3821215
ZZPersistent,43.37425244
ZZPersistent,43.37425244
ZZPersistent,43.63393138
ZZPersistent,43.40914457
ZZPersistent,43.6496695
ZZPersistent,43.41359773
ZZPersistent,43.40572867
ZZPersistent,43.40127489
ZZPersistent,43.35064526
ZZPersistent,43.44746163
ZZPersistent,43.43720491
ZZPersistent,43.37320951
ZZPersistent,43.38999056
ZZPersistent,43.43720491
ZZPersistent,43.45294303
ZZPersistent,43.35851432
ZZPersistent,43.39785962
ZZPersistent,43.34409195
ZZPersistent,43.33490715
ZZPersistent,43.38345273
ZZPersistent,43.51145038
ZZPersistent,43.3821215
ZZPersistent,43.39340521
ZZPersistent,43.42830159
ZZPersistent,43.35851432
ZZPersistent,43.42933585
ZZPersistent,43.39785962
ZZPersistent,43.40572867
ZZPersistent,43.41256099
ZZPersistent,43.53163362
ZZPersistent,43.34618714
ZZPersistent,43.45636263
ZZPersistent,43.38999056
ZZPersistent,43.39785962
ZZPersistent,43.62505903
ZZPersistent,43.38999056
ZZPersistent,43.39340521
ZZPersistent,43.47997167
ZZPersistent,43.38999056
ZZPersistent,43.48441926
ZZPersistent,43.41256099
ZZPersistent,43.33490715
ZZPersistent,43.41359773
ZZPersistent,43.3810798
ZZPersistent,43.40914457
ZZPersistent,43.60588652
ZZPersistent,43.36088154
ZZPersistent,43.43720491
ZZPersistent,43.3427762
ZZPersistent,43.3619265
ZZPersistent,43.45978278
ZZPersistent,43.38999056
ZZPersistent,43.38999056
ZZPersistent,43.42146679
ZZPersistent,43.39578086
ZZPersistent,43.40572867
ZZPersistent,43.40572867
ZZPersistent,43.35746891
ZZPersistent,43.42933585
ZZPersistent,43.37766585
ZZPersistent,43.48441926
ZZPersistent,43.39340521
ZZPersistent,43.41152393
ZZPersistent,43.59801684
ZZPersistent,43.39785962
ZZPersistent,43.34618714
ZZPersistent,43.5158955
ZZPersistent,43.3821215
ZZPersistent,43.38449429
ZZPersistent,43.38999056
ZZPersistent,43.42146679
ZZPersistent,43.35405682
ZZPersistent,43.38999056
ZZPersistent,43.41359773
ZZPersistent,43.55524079
ZZPersistent,43.35064526
ZZPersistent,43.40572867
ZZPersistent,43.39785962
ZZPersistent,43.5158955
ZZPersistent,43.42146679
ZZPersistent,43.41359773
ZZPersistent,43.46765308
ZZPersistent,43.41359773
ZZPersistent,43.4765502
ZZPersistent,43.38553553
ZZPersistent,43.45636263
ZZPersistent,43.54191263
ZZPersistent,43.29556185
ZZPersistent,43.37766585
ZZPersistent,43.41597796
ZZPersistent,43.37425244
ZZPersistent,43.42146679
ZZPersistent,43.3821215
ZZPersistent,43.36638338
ZZPersistent,43.36638338
ZZPersistent,43.61819326
ZZPersistent,43.43720491
ZZPersistent,43.36533921
ZZPersistent,43.40572867
ZZPersistent,43.47552337
ZZPersistent,43.40572867
ZZPersistent,43.39785962
ZZPersistent,43.54534005
ZZPersistent,43.39785962
ZZPersistent,43.42043129
ZZPersistent,43.3427762
ZZPersistent,43.38999056
ZZPersistent,43.57097891
ZZPersistent,43.4765502
ZZPersistent,43.40572867
ZZPersistent,43.35064526
ZZPersistent,43.64180044
ZZPersistent,43.40572867
ZZPersistent,43.43720491
ZZPersistent,43.44062328
ZZPersistent,43.41359773
ZZPersistent,43.37320951
ZZPersistent,43.35642317
ZZPersistent,43.3821215
ZZPersistent,43.34172832
ZZPersistent,43.38999056
ZZPersistent,43.35851432
ZZPersistent,43.36638338
ZZPersistent,43.3810798
ZZPersistent,43.39236521
ZZPersistent,43.39340521
ZZPersistent,43.47210199
ZZPersistent,43.40914457
ZZPersistent,43.35851432
ZZPersistent,43.61032421
ZZPersistent,43.38999056
ZZPersistent,43.38999056
ZZPersistent,43.36638338
ZZPersistent,43.61032421
ZZPersistent,43.42146679
ZZPersistent,43.37425244
ZZPersistent,43.53950268
ZZPersistent,43.38999056
ZZPersistent,43.46081209
ZZPersistent,43.59458609
ZZPersistent,43.4327536
ZZPersistent,43.42146679
ZZPersistent,43.35064526
ZZPersistent,43.42146679
ZZPersistent,43.34618714
ZZPersistent,43.3821215
ZZPersistent,43.37425244
ZZPersistent,43.36638338
ZZPersistent,43.38449429
ZZPersistent,43.41000078
ZZPersistent,43.43720491
ZZPersistent,43.37766585
ZZPersistent,43.39785962
ZZPersistent,43.37766585
ZZPersistent,43.33490715
ZZPersistent,43.3889501
ZZPersistent,43.38553553
ZZPersistent,43.38449429
ZZPersistent,43.39785962
ZZPersistent,43.42146679
ZZPersistent,43.38999056
ZZPersistent,43.40914457
ZZPersistent,43.42146679
ZZPersistent,43.3619265
ZZPersistent,43.35851432
ZZPersistent,43.42933585
ZZPersistent,43.33490715
ZZPersistent,43.37425244
ZZPersistent,43.42146679
ZZPersistent,43.36979618
ZZPersistent,43.42146679
ZZPersistent,43.39785962
ZZPersistent,43.40127489
ZZPersistent,43.41359773
ZZPersistent,43.39785962
ZZPersistent,43.37425244
ZZPersistent,43.35064526
ZZPersistent,43.36979618
ZZPersistent,43.38999056
ZZPersistent,43.38999056
ZZPersistent,43.40041198
ZZPersistent,43.38999056
ZZPersistent,43.36979618
ZZPersistent,43.3889501
ZZPersistent,43.38345273
ZZPersistent,43.39785962
ZZPersistent,43.3821215
ZZPersistent,43.3821215
ZZPersistent,43.39785962
ZZPersistent,43.34959861
ZZPersistent,43.3427762
ZZPersistent,43.42933585
ZZPersistent,43.33044778
ZZPersistent,43.40127489
ZZPersistent,43.39785962
ZZPersistent,43.42043129
ZZPersistent,43.41359773
ZZPersistent,43.52274516
ZZPersistent,43.38553553
ZZPersistent,43.40572867
ZZPersistent,43.31129997
ZZPersistent,43.38999056
ZZPersistent,43.37425244
ZZPersistent,43.42933585
ZZPersistent,43.40572867
ZZPersistent,43.27536004
ZZPersistent,43.3821215
ZZPersistent,43.37425244
ZZPersistent,43.56185973
ZZPersistent,43.37425244
ZZPersistent,43.39340521
ZZPersistent,43.37766585
ZZPersistent,43.39785962
ZZPersistent,43.37320951
ZZPersistent,43.42146679
ZZPersistent,43.41359773
ZZPersistent,43.42933585
ZZPersistent,43.37766585
ZZPersistent,43.3427762
ZZPersistent,43.63736523
ZZPersistent,43.38999056
ZZPersistent,43.3821215
ZZPersistent,43.41359773
ZZPersistent,43.38999056
ZZPersistent,43.35851432
ZZPersistent,43.36638338
ZZPersistent,43.37425244
ZZPersistent,43.33831746
ZZPersistent,43.39578086
ZZPersistent,43.37766585
ZZPersistent,43.40572867
ZZPersistent,43.57097891
ZZPersistent,43.42933585
ZZPersistent,43.60588652
ZZPersistent,43.38999056
ZZPersistent,43.4046907
ZZPersistent,43.32098668
ZZPersistent,43.35851432
ZZPersistent,43.38553553
ZZPersistent,43.41701424
ZZPersistent,43.3889501
ZZPersistent,43.46868115
ZZPersistent,43.3821215
ZZPersistent,43.42146679
ZZPersistent,43.39785962
ZZPersistent,43.61718873
ZZPersistent,43.44507397
ZZPersistent,43.47004645
ZZPersistent,43.38553553
ZZPersistent,43.35851432
ZZPersistent,43.36533921
ZZPersistent,43.43720491
ZZPersistent,43.32703809
ZZPersistent,43.36638338
ZZPersistent,43.39785962
ZZPersistent,43.3427762
ZZPersistent,43.38999056
ZZPersistent,43.36638338
ZZPersistent,43.35064526
ZZPersistent,43.34618714
ZZPersistent,43.37425244
ZZPersistent,43.58671703
ZZPersistent,43.44507397
ZZPersistent,43.41359773
ZZPersistent,43.35851432
ZZPersistent,43.35405682
ZZPersistent,43.39785962
ZZPersistent,43.35851432
ZZPersistent,43.39785962
ZZPersistent,43.37425244
ZZPersistent,43.3619265
ZZPersistent,43.33490715
ZZPersistent,43.34618714
ZZPersistent,43.39340521
ZZPersistent,43.3821215
ZZPersistent,43.40572867
ZZPersistent,43.35746891
ZZPersistent,43.3427762
ZZPersistent,43.36638338
ZZPersistent,43.31916903
ZZPersistent,43.39087255
ZZPersistent,43.36638338
ZZPersistent,43.39340521
ZZPersistent,43.32703809
ZZPersistent,43.61819326
ZZPersistent,43.38553553
ZZPersistent,43.38999056
ZZPersistent,43.3821215
ZZPersistent,43.49468713
ZZPersistent,43.41359773
ZZPersistent,43.40572867
ZZPersistent,43.43617189
ZZPersistent,43.51932006
ZZPersistent,43.40572867
ZZPersistent,43.49366291
ZZPersistent,43.56552538
ZZPersistent,43.3821215
ZZPersistent,43.37766585
ZZPersistent,43.31916903
ZZPersistent,43.37425244
ZZPersistent,43.3427762
ZZPersistent,43.3821215
ZZPersistent,43.36638338
ZZPersistent,43.42933585
ZZPersistent,43.42146679
ZZPersistent,43.41256099
ZZPersistent,43.35851432
ZZPersistent,43.30343091
ZZPersistent,43.3821215
ZZPersistent,43.37425244
ZZPersistent,43.3821215
ZZPersistent,43.37425244
ZZPersistent,43.29109939
ZZPersistent,43.3728278
ZZPersistent,43.50015738
ZZPersistent,43.38924325
ZZPersistent,43.39785962
ZZPersistent,43.45294303
ZZPersistent,43.29474762
ZZPersistent,43.3821215
ZZPersistent,43.35146213
ZZPersistent,43.40127489
ZZPersistent,43.31129997
ZZPersistent,43.30343091
ZZPersistent,43.36638338
ZZPersistent,43.44507397
ZZPersistent,43.43617189
ZZPersistent,43.39785962
ZZPersistent,43.41359773
ZZPersistent,43.36770842
ZZPersistent,43.3427762
ZZPersistent,43.37320951
ZZPersistent,43.38449429
ZZPersistent,43.46081209
ZZPersistent,43.44301008
ZZPersistent,43.23601165
ZZPersistent,43.40914457
ZZPersistent,43.33831746
ZZPersistent,43.39340521
ZZPersistent,43.2483475
ZZPersistent,43.42933585
ZZPersistent,43.36533921
ZZPersistent,43.3889501
ZZPersistent,43.35064526
ZZPersistent,43.37899543
ZZPersistent,43.36638338
ZZPersistent,43.44062328
ZZPersistent,43.33490715
ZZPersistent,43.37320951
ZZPersistent,43.35851432
ZZPersistent,43.48441926
ZZPersistent,43.41256099
ZZPersistent,43.36638338
ZZPersistent,43.42933585
ZZPersistent,43.51487486
ZZPersistent,43.27982373
ZZPersistent,43.38999056
ZZPersistent,43.29556185
ZZPersistent,43.31916903
ZZPersistent,43.38999056
ZZPersistent,43.52718974
ZZPersistent,43.40572867
ZZPersistent,43.46868115
ZZPersistent,43.34618714
ZZPersistent,43.38999056
ZZPersistent,43.48441926
ZZPersistent,43.42146679
ZZPersistent,43.31916903
ZZPersistent,43.38999056
ZZPersistent,43.42933585
ZZPersistent,43.46081209
ZZPersistent,43.44507397
ZZPersistent,43.30343091
ZZPersistent,43.35064526
ZZPersistent,43.3427762
ZZPersistent,43.33490715
ZZPersistent,43.42146679
ZZPersistent,43.35851432
ZZPersistent,43.43720491
ZZPersistent,43.41359773
ZZPersistent,43.35064526
ZZPersistent,43.45294303
ZZPersistent,43.32703809
ZZPersistent,43.35405682
ZZPersistent,43.32047548
ZZPersistent,43.36638338
ZZPersistent,43.49228832
ZZPersistent,43.38999056
ZZPersistent,43.3821215
ZZPersistent,43.42146679
ZZPersistent,43.40572867
ZZPersistent,43.35746891
ZZPersistent,43.33831746
ZZPersistent,43.44507397
ZZPersistent,43.32703809
ZZPersistent,43.38999056
ZZPersistent,43.4765502
ZZPersistent,43.50015738
ZZPersistent,43.5035807
ZZPersistent,43.4765502
ZZPersistent,43.27982373
ZZPersistent,43.31470843
ZZPersistent,43.35851432
ZZPersistent,43.46868115
ZZPersistent,43.37425244
ZZPersistent,43.37425244
ZZPersistent,43.44507397
ZZPersistent,43.35405682
ZZPersistent,43.35851432
ZZPersistent,43.3889501
ZZPersistent,43.37662338
ZZPersistent,43.38999056
ZZPersistent,43.3821215
ZZPersistent,43.36638338
ZZPersistent,43.38790932
ZZPersistent,43.39785962
ZZPersistent,43.37425244
ZZPersistent,43.40572867
ZZPersistent,43.39340521
ZZPersistent,43.40023613
ZZPersistent,43.50015738
ZZPersistent,43.39785962
ZZPersistent,43.3519641
ZZPersistent,43.32073094
ZZPersistent,43.40572867
ZZPersistent,43.39785962
ZZPersistent,43.41701424
ZZPersistent,43.43720491
ZZPersistent,43.36045501
ZZPersistent,43.40572867
ZZPersistent,43.30578512
ZZPersistent,43.33385802
ZZPersistent,43.3278028
ZZPersistent,43.35405682
ZZPersistent,43.34360433
ZZPersistent,43.36638338
ZZPersistent,43.39340521
ZZPersistent,43.36638338
ZZPersistent,43.27195467
ZZPersistent,43.32598772
ZZPersistent,43.31129997
ZZPersistent,43.38999056
ZZPersistent,43.40572867
ZZPersistent,43.32703809
ZZPersistent,43.39785962
ZZPersistent,43.36638338
ZZPersistent,43.38999056
ZZPersistent,43.30132242
ZZPersistent,43.42146679
ZZPersistent,43.38999056
ZZPersistent,43.27536004
ZZPersistent,43.28663623
ZZPersistent,43.36875246
ZZPersistent,43.31129997
ZZPersistent,43.33831746
ZZPersistent,43.30919395
ZZPersistent,43.251751
ZZPersistent,43.40572867
ZZPersistent,43.31916903
ZZPersistent,43.27876594
ZZPersistent,43.27536004
ZZPersistent,43.27195467
ZZPersistent,43.29556185
ZZPersistent,43.36638338
ZZPersistent,43.34618714
ZZPersistent,43.29556185
ZZPersistent,43.23260938
ZZPersistent,43.28769279
ZZPersistent,43.29896907
ZZPersistent,43.32703809
ZZPersistent,43.34618714
ZZPersistent,43.29556185
ZZPersistent,43.31129997
ZZPersistent,43.31129997
ZZPersistent,43.33044778
ZZPersistent,43.30343091
ZZPersistent,43.32598772
ZZPersistent,43.29556185
ZZPersistent,43.31129997
ZZPersistent,43.29556185
ZZPersistent,43.35851432
ZZPersistent,43.3821215
ZZPersistent,43.29450653
ZZPersistent,43.35064526
ZZPersistent,43.24047844
ZZPersistent,43.30343091
ZZPersistent,43.34618714
ZZPersistent,43.30343091
ZZPersistent,43.29556185
ZZPersistent,43.34618714
ZZPersistent,43.34513971
ZZPersistent,43.31260332
ZZPersistent,43.35064526
ZZPersistent,43.34618714
ZZPersistent,43.30683875
ZZPersistent,43.28769279
ZZPersistent,43.3619265
ZZPersistent,43.30343091
ZZPersistent,43.2483475
ZZPersistent,43.30343091
ZZPersistent,43.32703809
ZZPersistent,43.33490715
ZZPersistent,43.41359773
ZZPersistent,43.32939787
ZZPersistent,43.30343091
ZZPersistent,43.29556185
ZZPersistent,43.32598772
ZZPersistent,43.33490715
ZZPersistent,43.35405682
ZZPersistent,43.31916903
ZZPersistent,43.31916903
ZZPersistent,43.25621656
ZZPersistent,43.30814045
ZZPersistent,43.3821215
ZZPersistent,43.27430146
ZZPersistent,43.30343091
ZZPersistent,43.32703809
ZZPersistent,43.37216625
ZZPersistent,43.37320951
ZZPersistent,43.33044778
ZZPersistent,43.2483475
ZZPersistent,43.35064526
ZZPersistent,43.26408562
ZZPersistent,43.26749036
ZZPersistent,43.29896907
ZZPersistent,43.40681046
ZZPersistent,43.28322972
ZZPersistent,43.29556185
ZZPersistent,43.23260938
ZZPersistent,43.25068871
ZZPersistent,43.34172832
ZZPersistent,43.33831746
ZZPersistent,43.28769279
ZZPersistent,43.4327536
ZZPersistent,43.34672654
ZZPersistent,43.33044778
ZZPersistent,43.27536004
ZZPersistent,43.33831746
ZZPersistent,43.23494687
ZZPersistent,43.27982373
ZZPersistent,43.26408562
ZZPersistent,43.23260938
ZZPersistent,43.29556185
ZZPersistent,43.28322972
ZZPersistent,43.24388133
ZZPersistent,43.31260332
ZZPersistent,43.36533921
ZZPersistent,43.33831746
ZZPersistent,43.38999056
ZZPersistent,43.3427762
ZZPersistent,43.26408562
ZZPersistent,43.31129997
ZZPersistent,43.33490715
ZZPersistent,43.29556185
ZZPersistent,43.23601165
ZZPersistent,43.18539503
ZZPersistent,43.31129997
ZZPersistent,43.32257811
ZZPersistent,43.23281631
ZZPersistent,43.28557935
ZZPersistent,43.40754777
ZZPersistent,43.32598772
ZZPersistent,43.27982373
ZZPersistent,43.33490715
ZZPersistent,43.31702698
ZZPersistent,43.31129997
ZZPersistent,43.31470843
ZZPersistent,43.3427762
ZZPersistent,43.21687126
ZZPersistent,43.22474032
ZZPersistent,43.3427762
ZZPersistent,43.30343091
ZZPersistent,43.29556185
ZZPersistent,43.28769279
ZZPersistent,43.24047844
ZZPersistent,43.25515504
ZZPersistent,43.27982373
ZZPersistent,43.31916903
ZZPersistent,43.27195467
ZZPersistent,43.31129997
ZZPersistent,43.29556185
ZZPersistent,43.31129997
ZZPersistent,43.36646159
ZZPersistent,43.23601165
ZZPersistent,43.35851432
ZZPersistent,43.38553553
ZZPersistent,43.35064526
ZZPersistent,43.30343091
ZZPersistent,43.32703809
ZZPersistent,43.2090022
ZZPersistent,43.29791421
ZZPersistent,43.27195467
ZZPersistent,43.31470843
ZZPersistent,43.30343091
ZZPersistent,43.32703809
ZZPersistent,43.32703809
ZZPersistent,43.27195467
ZZPersistent,43.32860744
ZZPersistent,43.29556185
ZZPersistent,43.28322972
ZZPersistent,43.30343091
ZZPersistent,43.32257811
ZZPersistent,43.30237683
ZZPersistent,43.31024713
ZZPersistent,43.27982373
ZZPersistent,43.3427762
ZZPersistent,43.31129997
ZZPersistent,43.29556185
ZZPersistent,43.21687126
ZZPersistent,43.35064526
ZZPersistent,43.36088154
ZZPersistent,43.34513971
ZZPersistent,43.35064526
ZZPersistent,43.2483475
ZZPersistent,43.24047844
ZZPersistent,43.3810798
ZZPersistent,43.25962068
ZZPersistent,43.3427762
ZZPersistent,43.34618714
ZZPersistent,43.42043129
ZZPersistent,43.3427762
ZZPersistent,43.32703809
ZZPersistent,43.27536004
ZZPersistent,43.32703809
ZZPersistent,43.32703809
ZZPersistent,43.38999056
ZZPersistent,43.3821215
ZZPersistent,43.29450653
ZZPersistent,43.28322972
ZZPersistent,43.31916903
ZZPersistent,43.32703809
ZZPersistent,43.29896907
ZZPersistent,43.33490715
ZZPersistent,43.29896907
ZZPersistent,43.24047844
ZZPersistent,43.30237683
ZZPersistent,43.27982373
ZZPersistent,43.23260938
ZZPersistent,43.35405682
ZZPersistent,43.23260938
ZZPersistent,43.31916903
ZZPersistent,43.20453293
ZZPersistent,43.31916903
ZZPersistent,43.27195467
ZZPersistent,43.33490715
ZZPersistent,43.25962068
ZZPersistent,43.2090022
ZZPersistent,43.37766585
ZZPersistent,43.41701424
ZZPersistent,43.31365604
ZZPersistent,43.2483475
ZZPersistent,43.30237683
ZZPersistent,43.35064526
ZZPersistent,43.33490715
ZZPersistent,43.31916903
ZZPersistent,43.24388133
ZZPersistent,43.31811742
ZZPersistent,43.29556185
ZZPersistent,43.25962068
ZZPersistent,43.27982373
ZZPersistent,43.33726879
ZZPersistent,43.30343091
ZZPersistent,43.33044778
ZZPersistent,43.35851432
ZZPersistent,43.24047844
ZZPersistent,43.34618714
ZZPersistent,43.32703809
ZZPersistent,43.31129997
ZZPersistent,43.25515504
ZZPersistent,43.33385802
ZZPersistent,43.29556185
ZZPersistent,43.28769279
ZZPersistent,43.27982373
ZZPersistent,43.30343091
ZZPersistent,43.33490715
ZZPersistent,43.27876594
ZZPersistent,43.32703809
ZZPersistent,43.27430146
ZZPersistent,43.3427762
ZZPersistent,43.35851432
ZZPersistent,43.32703809
ZZPersistent,43.34172832
ZZPersistent,43.25621656
ZZPersistent,43.26408562
ZZPersistent,43.33490715
ZZPersistent,43.35405682
ZZPersistent,43.33831746
ZZPersistent,43.33490715
ZZPersistent,43.3427762
ZZPersistent,43.31129997
ZZPersistent,43.23154415
ZZPersistent,43.36638338
ZZPersistent,43.23260938
ZZPersistent,43.29556185
ZZPersistent,43.35851432
ZZPersistent,43.37766585
ZZPersistent,43.26983627
ZZPersistent,43.2483475
ZZPersistent,43.21687126
ZZPersistent,43.26302534
ZZPersistent,43.30343091
ZZPersistent,43.28769279
ZZPersistent,43.31470843
ZZPersistent,43.36638338
ZZPersistent,43.22474032
ZZPersistent,43.30683875
ZZPersistent,43.30343091
ZZPersistent,43.3427762
ZZPersistent,43.35851432
ZZPersistent,43.28769279
ZZPersistent,43.37216625
ZZPersistent,43.27982373
ZZPersistent,43.23260938
ZZPersistent,43.33490715
ZZPersistent,43.35851432
ZZPersistent,43.31916903
ZZPersistent,43.40914457
ZZPersistent,43.33490715
ZZPersistent,43.33490715
ZZPersistent,43.28769279
ZZPersistent,43.31916903
ZZPersistent,43.31706549
ZZPersistent,43.34513971
ZZPersistent,43.37425244
ZZPersistent,43.42488392
ZZPersistent,43.32703809
ZZPersistent,43.35064526
ZZPersistent,43.31129997
ZZPersistent,43.23941445
ZZPersistent,43.29109939
ZZPersistent,43.25621656
ZZPersistent,43.35405682
ZZPersistent,43.31129997
ZZPersistent,43.30343091
ZZPersistent,43.23601165
ZZPersistent,43.36979618
ZZPersistent,43.2483475
ZZPersistent,43.36638338
ZZPersistent,43.28452212
ZZPersistent,43.35405682
ZZPersistent,43.25621656
ZZPersistent,43.31916903
ZZPersistent,43.3427762
ZZPersistent,43.2774762
ZZPersistent,43.29896907
ZZPersistent,43.28769279
ZZPersistent,43.31470843
ZZPersistent,43.33044778
ZZPersistent,43.30683875
ZZPersistent,43.31470843
ZZPersistent,43.27195467
ZZPersistent,43.38999056
ZZPersistent,43.25621656
ZZPersistent,43.28769279
ZZPersistent,43.25962068
ZZPersistent,43.31916903
ZZPersistent,43.20113314
ZZPersistent,43.31470843
ZZPersistent,43.32703809
ZZPersistent,43.33831746
ZZPersistent,43.22707595
ZZPersistent,43.29109939
ZZPersistent,43.28769279
ZZPersistent,43.29556185
ZZPersistent,43.31470843
ZZPersistent,43.31916903
ZZPersistent,43.30343091
ZZPersistent,43.29896907
ZZPersistent,43.31129997
ZZPersistent,43.31470843
ZZPersistent,43.31129997
ZZPersistent,43.34959861
ZZPersistent,43.27982373
ZZPersistent,43.33490715
ZZPersistent,43.31916903
ZZPersistent,43.35064526
ZZPersistent,43.32703809
ZZPersistent,43.33490715
ZZPersistent,43.32152696
ZZPersistent,43.33490715
ZZPersistent,43.29109939
ZZPersistent,43.3427762
ZZPersistent,43.33280856
ZZPersistent,43.31470843
ZZPersistent,43.41939547
ZZPersistent,43.33490715
ZZPersistent,43.23260938
ZZPersistent,43.39785962
ZZPersistent,43.33490715
ZZPersistent,43.27876594
ZZPersistent,43.22367385
ZZPersistent,43.33831746
ZZPersistent,43.31365604
ZZPersistent,43.31129997
ZZPersistent,43.37662338
ZZPersistent,43.35064526
ZZPersistent,43.33831746
ZZPersistent,43.41359773
ZZPersistent,43.33831746
ZZPersistent,43.30343091
ZZPersistent,43.30343091
ZZPersistent,43.31129997
ZZPersistent,43.31916903
ZZPersistent,43.33490715
ZZPersistent,43.27982373
ZZPersistent,43.28769279
ZZPersistent,43.35851432
ZZPersistent,43.40127489
ZZPersistent,43.27982373
ZZPersistent,43.38999056
ZZPersistent,43.31916903
ZZPersistent,43.30343091
ZZPersistent,43.32257811
ZZPersistent,43.29556185
ZZPersistent,43.36979618
ZZPersistent,43.38999056
ZZPersistent,43.34618714
ZZPersistent,43.31706549
ZZPersistent,43.29109939
ZZPersistent,43.30683875
ZZPersistent,43.34618714
ZZPersistent,43.34172832
ZZPersistent,43.27982373
ZZPersistent,43.35851432
ZZPersistent,43.25621656
ZZPersistent,43.32257811
ZZPersistent,43.32703809
ZZPersistent,43.31129997
ZZPersistent,43.29109939
ZZPersistent,43.35064526
ZZPersistent,43.31916903
ZZPersistent,43.33726879
ZZPersistent,43.27536004
ZZPersistent,43.29004329
ZZPersistent,43.24047844
ZZPersistent,43.28769279
ZZPersistent,43.28769279
ZZPersistent,43.29004329
ZZPersistent,43.28322972
ZZPersistent,43.23260938
ZZPersistent,43.33044778
ZZPersistent,43.31470843
ZZPersistent,43.28769279
ZZPersistent,43.26643054
ZZPersistent,43.23388176
ZZPersistent,43.3427762
ZZPersistent,43.27876594
ZZPersistent,43.32703809
ZZPersistent,43.31916903
ZZPersistent,43.27982373
ZZPersistent,43.29109939
ZZPersistent,43.32257811
ZZPersistent,43.27982373
ZZPersistent,43.31916903
ZZPersistent,43.27089564
ZZPersistent,43.30578512
ZZPersistent,43.36979618
ZZPersistent,43.37320951
ZZPersistent,43.30237683
ZZPersistent,43.32703809
ZZPersistent,43.33726879
ZZPersistent,43.23260938
ZZPersistent,43.28322972
ZZPersistent,43.30343091
ZZPersistent,43.25621656
ZZPersistent,43.31916903
ZZPersistent,43.269609
ZZPersistent,43.32257811
ZZPersistent,43.32025118
ZZPersistent,43.20113314
ZZPersistent,43.26302534
ZZPersistent,43.30343091
ZZPersistent,43.29896907
ZZPersistent,43.31916903
ZZPersistent,43.32703809
ZZPersistent,43.25621656
ZZPersistent,43.25515504
ZZPersistent,43.34618714
ZZPersistent,43.31916903
ZZPersistent,43.13853166
ZZPersistent,43.24047844
ZZPersistent,43.28769279
ZZPersistent,43.21687126
ZZPersistent,43.21687126
ZZPersistent,43.28769279
ZZPersistent,43.29450653
ZZPersistent,43.36533921
ZZPersistent,43.37425244
ZZPersistent,43.28769279
ZZPersistent,43.18847463
ZZPersistent,43.22474032
ZZPersistent,43.24047844
ZZPersistent,43.23573752
ZZPersistent,43.30343091
ZZPersistent,43.29556185
ZZPersistent,43.16965691
ZZPersistent,43.31129997
ZZPersistent,43.32703809
ZZPersistent,43.18055885
ZZPersistent,43.31470843
ZZPersistent,43.2434582
ZZPersistent,43.25621656
ZZPersistent,43.21687126
ZZPersistent,43.18539503
ZZPersistent,43.27982373
ZZPersistent,43.37425244
ZZPersistent,43.31129997
ZZPersistent,43.29556185
ZZPersistent,43.31129997
ZZPersistent,43.34959861
ZZPersistent,43.38999056
ZZPersistent,43.23260938
ZZPersistent,43.2483475
ZZPersistent,43.20113314
ZZPersistent,43.25621656
ZZPersistent,43.2090022
ZZPersistent,43.29556185
ZZPersistent,43.30343091
ZZPersistent,43.20113314
ZZPersistent,43.24047844
ZZPersistent,43.15731487
ZZPersistent,43.28769279
ZZPersistent,43.27982373
ZZPersistent,43.2483475
ZZPersistent,43.2483475
ZZPersistent,43.26408562
ZZPersistent,43.3619265
ZZPersistent,43.27536004
ZZPersistent,43.27089564
ZZPersistent,43.21687126
ZZPersistent,43.27982373
ZZPersistent,43.31470843
ZZPersistent,43.35405682
ZZPersistent,43.35064526
ZZPersistent,43.25621656
ZZPersistent,43.27195467
ZZPersistent,43.35064526
ZZPersistent,43.21240261
ZZPersistent,43.30683875
ZZPersistent,43.22027229
ZZPersistent,43.19666326
ZZPersistent,43.27982373
ZZPersistent,43.21687126
ZZPersistent,43.31129997
ZZPersistent,43.31916903
ZZPersistent,43.18539503
ZZPersistent,43.30115376
ZZPersistent,43.35064526
ZZPersistent,43.35064526
ZZPersistent,43.20113314
ZZPersistent,43.33490715
ZZPersistent,43.35064526
ZZPersistent,43.20113314
ZZPersistent,43.30343091
ZZPersistent,43.23260938
ZZPersistent,43.29896907
ZZPersistent,43.2090022
ZZPersistent,43.2483475
ZZPersistent,43.22474032
ZZPersistent,43.20113314
ZZPersistent,43.37425244
ZZPersistent,43.17752597
ZZPersistent,43.29896907
ZZPersistent,43.39785962
ZZPersistent,43.20113314
ZZPersistent,43.27982373
ZZPersistent,43.20113314
ZZPersistent,43.24047844
ZZPersistent,43.19326409
ZZPersistent,43.28769279
ZZPersistent,43.29556185
ZZPersistent,43.33490715
ZZPersistent,43.21687126
ZZPersistent,43.35851432
ZZPersistent,43.25962068
ZZPersistent,43.27982373
ZZPersistent,43.23154415
ZZPersistent,43.19703774
ZZPersistent,43.22474032
ZZPersistent,43.28769279
ZZPersistent,43.35064526
ZZPersistent,43.20113314
ZZPersistent,43.26408562
ZZPersistent,43.27982373
ZZPersistent,43.17770254
ZZPersistent,43.2483475
ZZPersistent,43.17752597
ZZPersistent,43.21240261
ZZPersistent,43.35746891
ZZPersistent,43.25621656
ZZPersistent,43.20113314
ZZPersistent,43.31916903
ZZPersistent,43.23154415
ZZPersistent,43.31129997
ZZPersistent,43.19326409
ZZPersistent,43.29556185
ZZPersistent,43.30115376
ZZPersistent,43.24047844
ZZPersistent,43.36638338
ZZPersistent,43.27982373
ZZPersistent,43.22367385
ZZPersistent,43.15881744
ZZPersistent,43.22474032
ZZPersistent,43.30343091
ZZPersistent,43.33490715
ZZPersistent,43.27982373
ZZPersistent,43.27195467
ZZPersistent,43.23260938
ZZPersistent,43.25962068
ZZPersistent,43.37425244
ZZPersistent,43.27536004
ZZPersistent,43.17752597
ZZPersistent,43.37425244
ZZPersistent,43.251751
ZZPersistent,43.26302534
ZZPersistent,43.2483475
ZZPersistent,43.3821215
ZZPersistent,43.29556185
ZZPersistent,43.18879358
ZZPersistent,43.3821215
ZZPersistent,43.23941445
ZZPersistent,43.19326409
ZZPersistent,43.19326409
ZZPersistent,43.31916903
ZZPersistent,43.30343091
ZZPersistent,43.28769279
ZZPersistent,43.38485929
ZZPersistent,43.22904227
ZZPersistent,43.1809239
ZZPersistent,43.3821215
ZZPersistent,43.23601165
ZZPersistent,43.2967033
ZZPersistent,43.17305422
ZZPersistent,43.29556185
ZZPersistent,43.33490715
ZZPersistent,43.29556185
ZZPersistent,43.19326409
ZZPersistent,43.30237683
ZZPersistent,43.21687126
ZZPersistent,43.22474032
ZZPersistent,43.26408562
ZZPersistent,43.2090022
ZZPersistent,43.35064526
ZZPersistent,43.3821215
ZZPersistent,43.22474032
ZZPersistent,43.16965691
ZZPersistent,43.21687126
ZZPersistent,43.28322972
ZZPersistent,43.27982373
ZZPersistent,43.13031161
ZZPersistent,43.13031161
ZZPersistent,43.20113314
ZZPersistent,43.27195467
ZZPersistent,43.34618714
ZZPersistent,43.30237683
ZZPersistent,43.26408562
ZZPersistent,43.28769279
ZZPersistent,43.21133412
ZZPersistent,43.33490715
ZZPersistent,43.20113314
ZZPersistent,43.2854564
ZZPersistent,43.16965691
ZZPersistent,43.2483475
ZZPersistent,43.39785962
ZZPersistent,43.28322972
ZZPersistent,43.20113314
ZZPersistent,43.14604973
ZZPersistent,43.31129997
ZZPersistent,43.35405682
ZZPersistent,43.21687126
ZZPersistent,43.2483475
ZZPersistent,43.26983627
ZZPersistent,43.29556185
ZZPersistent,43.22474032
ZZPersistent,43.33044778
ZZPersistent,43.2090022
ZZPersistent,43.25621656
ZZPersistent,43.19666326
ZZPersistent,43.23260938
ZZPersistent,43.33831746
ZZPersistent,43.32703809
ZZPersistent,43.30455259
ZZPersistent,43.19326409
ZZPersistent,43.1809239
ZZPersistent,43.32703809
ZZPersistent,43.32703809
ZZPersistent,43.25515504
ZZPersistent,43.18539503
ZZPersistent,43.14604973
ZZPersistent,43.31365604
ZZPersistent,43.31470843
ZZPersistent,43.29109939
ZZPersistent,43.3427762
ZZPersistent,43.34172832
ZZPersistent,43.27982373
ZZPersistent,43.28100471
ZZPersistent,43.1809239
ZZPersistent,43.31811742
ZZPersistent,43.26408562
ZZPersistent,43.16965691
ZZPersistent,43.27195467
ZZPersistent,43.26408562
ZZPersistent,43.2483475
ZZPersistent,43.27982373
ZZPersistent,43.16965691
ZZPersistent,43.19326409
ZZPersistent,43.35851432
ZZPersistent,43.3427762
ZZPersistent,43.27195467
ZZPersistent,43.26408562
ZZPersistent,43.20113314
ZZPersistent,43.20113314
ZZPersistent,43.31811742
ZZPersistent,43.29556185
ZZPersistent,43.27195467
ZZPersistent,43.18539503
ZZPersistent,43.21133412
ZZPersistent,43.24047844
ZZPersistent,43.35064526
ZZPersistent,43.24047844
ZZPersistent,43.36429471
ZZPersistent,43.1809239
ZZPersistent,43.32810047
ZZPersistent,43.17752597
ZZPersistent,43.32703809
ZZPersistent,43.32257811
ZZPersistent,43.19326409
ZZPersistent,43.28322972
ZZPersistent,43.24047844
ZZPersistent,43.23260938
ZZPersistent,43.24047844
ZZPersistent,43.2540932
ZZPersistent,43.23260938
ZZPersistent,43.28769279
ZZPersistent,43.22474032
ZZPersistent,43.29330508
ZZPersistent,43.2483475
ZZPersistent,43.19326409
ZZPersistent,43.27760772
ZZPersistent,43.32703809
ZZPersistent,43.19326409
ZZPersistent,43.24047844
ZZPersistent,43.22027229
ZZPersistent,43.35064526
ZZPersistent,43.33385802
ZZPersistent,43.2090022
ZZPersistent,43.29556185
ZZPersistent,43.20453293
ZZPersistent,43.14157551
ZZPersistent,43.16178785
ZZPersistent,43.27195467
ZZPersistent,43.21240261
ZZPersistent,43.22266698
ZZPersistent,43.18539503
ZZPersistent,43.3427762
ZZPersistent,43.37425244
ZZPersistent,43.21240261
ZZPersistent,43.17752597
ZZPersistent,43.29556185
ZZPersistent,43.27195467
ZZPersistent,43.2967033
ZZPersistent,43.18879358
ZZPersistent,43.30683875
ZZPersistent,43.33044778
ZZPersistent,43.33490715
ZZPersistent,43.21687126
ZZPersistent,43.24047844
ZZPersistent,43.29556185
ZZPersistent,43.41359773
ZZPersistent,43.21580356
ZZPersistent,43.19666326
ZZPersistent,43.251751
ZZPersistent,43.30900243
ZZPersistent,43.13031161
ZZPersistent,43.21687126
ZZPersistent,43.20113314
ZZPersistent,43.28663623
ZZPersistent,43.2090022
ZZPersistent,43.28769279
ZZPersistent,43.251751
ZZPersistent,43.18879358
ZZPersistent,43.2483475
ZZPersistent,43.23260938
ZZPersistent,43.39785962
ZZPersistent,43.22814197
ZZPersistent,43.17752597
ZZPersistent,43.17752597
ZZPersistent,43.31470843
ZZPersistent,43.29330508
ZZPersistent,43.21240261
ZZPersistent,43.29896907
ZZPersistent,43.32703809
ZZPersistent,43.17645207
ZZPersistent,43.1809239
ZZPersistent,43.32703809
ZZPersistent,43.23836434
ZZPersistent,43.26408562
ZZPersistent,43.31470843
ZZPersistent,43.27430146
ZZPersistent,43.21687126
ZZPersistent,43.26408562
ZZPersistent,43.1809239
ZZPersistent,43.34513971
ZZPersistent,43.2854564
ZZPersistent,43.14604973
ZZPersistent,43.26408562
ZZPersistent,43.27195467
ZZPersistent,43.24047844
ZZPersistent,43.30343091
ZZPersistent,43.15391879
ZZPersistent,43.21240261
ZZPersistent,43.29556185
ZZPersistent,43.27549658
ZZPersistent,43.18879358
ZZPersistent,43.16178785
ZZPersistent,43.34618714
ZZPersistent,43.27760772
ZZPersistent,43.26749036
ZZPersistent,43.20113314
ZZPersistent,43.2483475
ZZPersistent,43.288854
ZZPersistent,43.18879358
ZZPersistent,43.26408562
ZZPersistent,43.14049587
ZZPersistent,43.36429471
ZZPersistent,43.19326409
ZZPersistent,43.36088154
ZZPersistent,43.14604973
ZZPersistent,43.16518454
ZZPersistent,43.28769279
ZZPersistent,43.28452212
ZZPersistent,43.31685111
ZZPersistent,43.17752597
ZZPersistent,43.19666326
ZZPersistent,43.37425244
ZZPersistent,43.27195467
ZZPersistent,43.15391879
ZZPersistent,43.19666326
ZZPersistent,43.29556185
ZZPersistent,43.27760772
ZZPersistent,43.19326409
ZZPersistent,43.27536004
ZZPersistent,43.31685111
ZZPersistent,43.27982373
ZZPersistent,43.26408562
ZZPersistent,43.32703809
ZZPersistent,43.2034632
ZZPersistent,43.26191037
ZZPersistent,43.27982373
ZZPersistent,43.31916903
ZZPersistent,43.22027229
ZZPersistent,43.21687126
ZZPersistent,43.26408562
ZZPersistent,43.19219266
ZZPersistent,43.2854564
ZZPersistent,43.21833648
ZZPersistent,43.16965691
ZZPersistent,43.24281779
ZZPersistent,43.30115376
ZZPersistent,43.18539503
ZZPersistent,43.14944519
ZZPersistent,43.27549658
ZZPersistent,43.2090022
ZZPersistent,43.21687126
ZZPersistent,43.32703809
ZZPersistent,43.27760772
ZZPersistent,43.2090022
ZZPersistent,43.16178785
ZZPersistent,43.18432237
ZZPersistent,43.13818067
ZZPersistent,43.32703809
ZZPersistent,43.16178785
ZZPersistent,43.22474032
ZZPersistent,43.2483475
ZZPersistent,43.17752597
ZZPersistent,43.31129997
ZZPersistent,43.35064526
ZZPersistent,43.22474032
ZZPersistent,43.2090022
ZZPersistent,43.30115376
ZZPersistent,43.22027229
ZZPersistent,43.28663623
ZZPersistent,43.22814197
ZZPersistent,43.24281779
ZZPersistent,43.27760772
ZZPersistent,43.15391879
ZZPersistent,43.3427762
ZZPersistent,43.2854564
ZZPersistent,43.33385802
ZZPersistent,43.19326409
ZZPersistent,43.35851432
ZZPersistent,43.13818067
ZZPersistent,43.24047844
ZZPersistent,43.27315542
ZZPersistent,43.23260938
ZZPersistent,43.21687126
ZZPersistent,43.22474032
ZZPersistent,43.27760772
ZZPersistent,43.20006296
ZZPersistent,43.14604973
ZZPersistent,43.15391879
ZZPersistent,43.21193367
ZZPersistent,43.25962068
ZZPersistent,43.23260938
ZZPersistent,43.20113314
ZZPersistent,43.2483475
ZZPersistent,43.31470843
ZZPersistent,43.17305422
ZZPersistent,43.32703809
ZZPersistent,43.21687126
ZZPersistent,43.23154415
ZZPersistent,43.27536004
ZZPersistent,43.25621656
ZZPersistent,43.27195467
ZZPersistent,43.13031161
ZZPersistent,43.251751
ZZPersistent,43.25855962
ZZPersistent,43.21687126
ZZPersistent,43.29330508
ZZPersistent,43.29556185
ZZPersistent,43.14157551
ZZPersistent,43.16518454
ZZPersistent,43.31129997
ZZPersistent,43.21687126
ZZPersistent,43.16518454
ZZPersistent,43.3427762
ZZPersistent,43.20113314
ZZPersistent,43.29556185
ZZPersistent,43.25962068
ZZPersistent,43.19666326
ZZPersistent,43.19666326
ZZPersistent,43.1809239
ZZPersistent,43.25621656
ZZPersistent,43.31916903
ZZPersistent,43.2483475
ZZPersistent,43.09096632
ZZPersistent,43.13818067
ZZPersistent,43.21687126
ZZPersistent,43.19666326
ZZPersistent,43.19666326
ZZPersistent,43.18539503
ZZPersistent,43.1145735
ZZPersistent,43.38999056
ZZPersistent,43.2090022
ZZPersistent,43.16178785
ZZPersistent,43.23260938
ZZPersistent,43.21133412
ZZPersistent,43.19004881
ZZPersistent,43.29896907
ZZPersistent,43.16965691
ZZPersistent,43.18539503
ZZPersistent,43.37425244
ZZPersistent,43.38999056
ZZPersistent,43.20113314
ZZPersistent,43.27982373
ZZPersistent,43.31024713
ZZPersistent,43.3619265
ZZPersistent,43.24047844
ZZPersistent,43.24047844
ZZPersistent,43.20113314
ZZPersistent,43.17305422
ZZPersistent,43.28769279
ZZPersistent,43.09883538
ZZPersistent,43.20113314
ZZPersistent,43.17752597
ZZPersistent,43.30343091
ZZPersistent,43.323886
ZZPersistent,43.25878091
ZZPersistent,43.21687126
ZZPersistent,43.34172832
ZZPersistent,43.16178785
ZZPersistent,43.24728475
ZZPersistent,43.35064526
ZZPersistent,43.31225681
ZZPersistent,43.19326409
ZZPersistent,43.18539503
ZZPersistent,43.20113314
ZZPersistent,43.20113314
ZZPersistent,43.31129997
ZZPersistent,43.1562377
ZZPersistent,43.12475403
ZZPersistent,43.18539503
ZZPersistent,43.15731487
ZZPersistent,43.31916903
ZZPersistent,43.21240261
ZZPersistent,43.08309726
ZZPersistent,43.22814197
ZZPersistent,43.19326409
ZZPersistent,43.16965691
ZZPersistent,43.18879358
ZZPersistent,43.22367385
ZZPersistent,43.21687126
ZZPersistent,43.2090022
ZZPersistent,43.16178785
ZZPersistent,43.18879358
ZZPersistent,43.23260938
ZZPersistent,43.23260938
ZZPersistent,43.05960161
ZZPersistent,43.32257811
ZZPersistent,43.26408562
ZZPersistent,43.19326409
ZZPersistent,43.34618714
ZZPersistent,43.14944519
ZZPersistent,43.31916903
ZZPersistent,43.19326409
ZZPersistent,43.10561939
ZZPersistent,43.00440667
ZZPersistent,43.13818067
ZZPersistent,43.12923028
ZZPersistent,43.19666326
ZZPersistent,43.21687126
ZZPersistent,43.20453293
ZZPersistent,43.09096632
ZZPersistent,43.12923028
ZZPersistent,43.20113314
ZZPersistent,43.09883538
ZZPersistent,43.18539503
ZZPersistent,43.11796648
ZZPersistent,43.19666326
ZZPersistent,43.10222712
ZZPersistent,43.25621656
ZZPersistent,43.2090022
ZZPersistent,43.03926969
ZZPersistent,43.12583615
ZZPersistent,43.11796648
ZZPersistent,43.39785962
ZZPersistent,43.10222712
ZZPersistent,43.0752282
ZZPersistent,43.16858177
ZZPersistent,43.16965691
ZZPersistent,43.32703809
ZZPersistent,43.14049587
ZZPersistent,43.15391879
ZZPersistent,43.27089564
ZZPersistent,43.25621656
ZZPersistent,43.16178785
ZZPersistent,43.16071147
ZZPersistent,43.17645207
ZZPersistent,43.12244256
ZZPersistent,43.31129997
ZZPersistent,43.12244256
ZZPersistent,43.14604973
ZZPersistent,43.33490715
ZZPersistent,43.03817395
ZZPersistent,43.2090022
ZZPersistent,43.22474032
ZZPersistent,43.13031161
ZZPersistent,43.14497088
ZZPersistent,43.21687126
ZZPersistent,43.32257811
ZZPersistent,43.15176322
ZZPersistent,43.38999056
ZZPersistent,43.38553553
ZZPersistent,43.14944519
ZZPersistent,43.1145735
ZZPersistent,43.16178785
ZZPersistent,43.2090022
ZZPersistent,43.34959861
ZZPersistent,43.11688312
ZZPersistent,43.38999056
ZZPersistent,43.20113314
ZZPersistent,43.33831746
ZZPersistent,43.15731487
ZZPersistent,43.23260938
ZZPersistent,43.12244256
ZZPersistent,43.38553553
ZZPersistent,43.09883538
ZZPersistent,43.42146679
ZZPersistent,43.12583615
ZZPersistent,43.10222712
ZZPersistent,43.35064526
ZZPersistent,43.1809239
ZZPersistent,43.31916903
ZZPersistent,43.15391879
ZZPersistent,43.38999056
ZZPersistent,43.23260938
ZZPersistent,43.12923028
ZZPersistent,43.17752597
ZZPersistent,43.20453293
ZZPersistent,43.3821215
ZZPersistent,43.08648776
ZZPersistent,43.29450653
ZZPersistent,43.17305422
ZZPersistent,43.13031161
ZZPersistent,43.16178785
ZZPersistent,43.13031161
ZZPersistent,43.3821215
ZZPersistent,43.09096632
ZZPersistent,43.3889501
ZZPersistent,43.18879358
ZZPersistent,43.2090022
ZZPersistent,43.41359773
ZZPersistent,43.12244256
ZZPersistent,43.12244256
ZZPersistent,43.15391879
ZZPersistent,43.16965691
ZZPersistent,43.37425244
ZZPersistent,43.14604973
ZZPersistent,43.27982373
ZZPersistent,43.16965691
ZZPersistent,43.13031161
ZZPersistent,43.15391879
ZZPersistent,43.35064526
ZZPersistent,43.1809239
ZZPersistent,43.14157551
ZZPersistent,43.12135999
ZZPersistent,43.16071147
ZZPersistent,43.09435744
ZZPersistent,43.25621656
ZZPersistent,43.45294303
ZZPersistent,43.02014479
ZZPersistent,43.42146679
ZZPersistent,43.09883538
ZZPersistent,43.13818067
ZZPersistent,43.17752597
ZZPersistent,43.16178785
ZZPersistent,43.09096632
ZZPersistent,43.16071147
ZZPersistent,43.16178785
ZZPersistent,43.16178785
ZZPersistent,43.10222712
ZZPersistent,43.35064526
ZZPersistent,43.03378751
ZZPersistent,43.09096632
ZZPersistent,43.34855164
ZZPersistent,43.12244256
ZZPersistent,43.19326409
ZZPersistent,43.16518454
ZZPersistent,43.12244256
ZZPersistent,43.37320951
ZZPersistent,43.11796648
ZZPersistent,43.14604973
ZZPersistent,43.11796648
ZZPersistent,43.16965691
ZZPersistent,43.31811742
ZZPersistent,43.1145735
ZZPersistent,43.13370583
ZZPersistent,43.14604973
ZZPersistent,43.25749823
ZZPersistent,43.14604973
ZZPersistent,43.09883538
ZZPersistent,43.09883538
ZZPersistent,43.15284118
ZZPersistent,43.2090022
ZZPersistent,43.14604973
ZZPersistent,43.07861808
ZZPersistent,43.08309726
ZZPersistent,43.39340521
ZZPersistent,43.16071147
ZZPersistent,43.09096632
ZZPersistent,43.3619265
ZZPersistent,43.20113314
ZZPersistent,43.10344828
ZZPersistent,43.21687126
ZZPersistent,43.30343091
ZZPersistent,43.17305422
ZZPersistent,43.14604973
ZZPersistent,43.15391879
ZZPersistent,43.1145735
ZZPersistent,43.30343091
ZZPersistent,43.08309726
ZZPersistent,43.13602015
ZZPersistent,43.0752282
ZZPersistent,43.2090022
ZZPersistent,43.13031161
ZZPersistent,43.09435744
ZZPersistent,43.36638338
ZZPersistent,43.13818067
ZZPersistent,43.13818067
ZZPersistent,43.31916903
ZZPersistent,43.16178785
ZZPersistent,43.12923028
ZZPersistent,43.22474032
ZZPersistent,43.15731487
ZZPersistent,43.22814197
ZZPersistent,43.04375197
ZZPersistent,43.13818067
ZZPersistent,43.15391879
ZZPersistent,43.34618714
ZZPersistent,43.17752597
ZZPersistent,43.21687126
ZZPersistent,43.23260938
ZZPersistent,43.14604973
ZZPersistent,43.12244256
ZZPersistent,43.24047844
ZZPersistent,43.0752282
ZZPersistent,43.1100968
ZZPersistent,43.05391578
ZZPersistent,43.3821215
ZZPersistent,43.16965691
ZZPersistent,43.1145735
ZZPersistent,43.02133354
ZZPersistent,43.13818067
ZZPersistent,43.10670444
ZZPersistent,43.08648776
ZZPersistent,43.15391879
ZZPersistent,43.08309726
ZZPersistent,43.38553553
ZZPersistent,43.22474032
ZZPersistent,43.2090022
ZZPersistent,43.15391879
ZZPersistent,43.08309726
ZZPersistent,43.0662679
ZZPersistent,43.31916903
ZZPersistent,43.29556185
ZZPersistent,43.15391879
ZZPersistent,43.14604973
ZZPersistent,43.12135999
ZZPersistent,43.13818067
ZZPersistent,43.11796648
ZZPersistent,43.15391879
ZZPersistent,43.2090022
ZZPersistent,43.2090022
ZZPersistent,43.12244256
ZZPersistent,43.11796648
ZZPersistent,43.09883538
ZZPersistent,43.08309726
ZZPersistent,43.15391879
ZZPersistent,43.23941445
ZZPersistent,43.15391879
ZZPersistent,43.1809239
ZZPersistent,43.11796648
ZZPersistent,43.28769279
ZZPersistent,43.23260938
ZZPersistent,43.14604973
ZZPersistent,43.13818067
ZZPersistent,43.29896907
ZZPersistent,43.14604973
ZZPersistent,43.12244256
ZZPersistent,43.20113314
ZZPersistent,43.15391879
ZZPersistent,43.16178785
ZZPersistent,43.21580356
ZZPersistent,43.22474032
ZZPersistent,43.22474032
ZZPersistent,43.21687126
ZZPersistent,43.16178785
ZZPersistent,43.14604973
ZZPersistent,43.12244256
ZZPersistent,43.16178785
ZZPersistent,43.13818067
ZZPersistent,43.40127489
ZZPersistent,43.20113314
ZZPersistent,43.21687126
ZZPersistent,43.20113314
ZZPersistent,43.12244256
ZZPersistent,43.15391879
ZZPersistent,43.19326409
ZZPersistent,43.16178785
ZZPersistent,43.24047844
ZZPersistent,43.16965691
ZZPersistent,43.03588291
ZZPersistent,43.10222712
ZZPersistent,43.16518454
ZZPersistent,43.25621656
ZZPersistent,43.2090022
ZZPersistent,43.09435744
ZZPersistent,43.13818067
ZZPersistent,43.14604973
ZZPersistent,43.10670444
ZZPersistent,43.23260938
ZZPersistent,43.21240261
ZZPersistent,43.11348969
ZZPersistent,43.12583615
ZZPersistent,43.18539503
ZZPersistent,43.05162103
ZZPersistent,43.16965691
ZZPersistent,43.24047844
ZZPersistent,43.19326409
ZZPersistent,43.24047844
ZZPersistent,43.20113314
ZZPersistent,43.1145735
ZZPersistent,43.12244256
ZZPersistent,43.14836678
ZZPersistent,43.19326409
ZZPersistent,43.21687126
ZZPersistent,43.2483475
ZZPersistent,43.19326409
ZZPersistent,43.13031161
ZZPersistent,43.1145735
ZZPersistent,43.13031161
ZZPersistent,43.15391879
ZZPersistent,43.24047844
ZZPersistent,43.21687126
ZZPersistent,43.24047844
ZZPersistent,43.20239314
ZZPersistent,43.06735914
ZZPersistent,43.15391879
ZZPersistent,43.1145735
ZZPersistent,43.15391879
ZZPersistent,43.24047844
ZZPersistent,43.23260938
ZZPersistent,43.18539503
ZZPersistent,43.15391879
ZZPersistent,43.3427762
ZZPersistent,43.22474032
ZZPersistent,43.20113314
ZZPersistent,43.0752282
ZZPersistent,43.14604973
ZZPersistent,43.09883538
ZZPersistent,43.19326409
ZZPersistent,43.23047859
ZZPersistent,43.10670444
ZZPersistent,43.21687126
ZZPersistent,43.12244256
ZZPersistent,43.21687126
ZZPersistent,43.17752597
ZZPersistent,43.21687126
ZZPersistent,43.09096632
ZZPersistent,43.11796648
ZZPersistent,43.10670444
ZZPersistent,43.27982373
ZZPersistent,43.2483475
ZZPersistent,43.20113314
ZZPersistent,43.2090022
ZZPersistent,43.20006296
ZZPersistent,43.09435744
ZZPersistent,43.14604973
ZZPersistent,43.10670444
ZZPersistent,43.17752597
ZZPersistent,43.25621656
ZZPersistent,43.18432237
ZZPersistent,43.26408562
ZZPersistent,43.1145735
ZZPersistent,43.17752597
ZZPersistent,43.12244256
ZZPersistent,43.2483475
ZZPersistent,43.18539503
ZZPersistent,43.16410862
ZZPersistent,43.16178785
ZZPersistent,43.17752597
ZZPersistent,43.18539503
ZZPersistent,43.12244256
ZZPersistent,43.1100968
ZZPersistent,43.22474032
ZZPersistent,43.21687126
ZZPersistent,43.13818067
ZZPersistent,43.2090022
ZZPersistent,43.13031161
ZZPersistent,43.2460074
ZZPersistent,43.18879358
ZZPersistent,43.2483475
ZZPersistent,43.19326409
ZZPersistent,43.18539503
ZZPersistent,43.08309726
ZZPersistent,43.12244256
ZZPersistent,43.08309726
ZZPersistent,43.13818067
ZZPersistent,43.24388133
ZZPersistent,43.16965691
ZZPersistent,43.10561939
ZZPersistent,43.09883538
ZZPersistent,43.01227573
ZZPersistent,43.17197954
ZZPersistent,43.24047844
ZZPersistent,43.24047844
ZZPersistent,43.12244256
ZZPersistent,43.13818067
ZZPersistent,43.03030303
ZZPersistent,43.21240261
ZZPersistent,43.24047844
ZZPersistent,43.22474032
ZZPersistent,43.15391879
ZZPersistent,43.13818067
ZZPersistent,43.15731487
ZZPersistent,43.24047844
ZZPersistent,43.22474032
ZZPersistent,43.15731487
ZZPersistent,43.12244256
ZZPersistent,43.25855962
ZZPersistent,43.16965691
ZZPersistent,43.39785962
ZZPersistent,43.22474032
ZZPersistent,43.23047859
ZZPersistent,43.13031161
ZZPersistent,43.20113314
ZZPersistent,43.12258877
ZZPersistent,43.22814197
ZZPersistent,43.19219266
ZZPersistent,43.21687126
ZZPersistent,43.12244256
ZZPersistent,43.13031161
ZZPersistent,43.10561939
ZZPersistent,43.18539503
ZZPersistent,43.2483475
ZZPersistent,43.1145735
ZZPersistent,43.20113314
ZZPersistent,43.22814197
ZZPersistent,43.09435744
ZZPersistent,43.17197954
ZZPersistent,43.23601165
ZZPersistent,43.18539503
ZZPersistent,43.08309726
ZZPersistent,43.12135999
ZZPersistent,43.12583615
ZZPersistent,43.21687126
ZZPersistent,43.17752597
ZZPersistent,43.13031161
ZZPersistent,43.19326409
ZZPersistent,43.23154415
ZZPersistent,43.22027229
ZZPersistent,43.20113314
ZZPersistent,43.12244256
ZZPersistent,43.03588291
ZZPersistent,43.26408562
ZZPersistent,43.18539503
ZZPersistent,43.16178785
ZZPersistent,43.17752597
ZZPersistent,43.24047844
ZZPersistent,43.2090022
ZZPersistent,43.1100968
ZZPersistent,43.16178785
ZZPersistent,43.25621656
ZZPersistent,43.23260938
ZZPersistent,43.13818067
ZZPersistent,43.17752597
ZZPersistent,43.23260938
ZZPersistent,43.27536004
ZZPersistent,43.20113314
ZZPersistent,43.21453859
ZZPersistent,43.21687126
ZZPersistent,43.07074841
ZZPersistent,43.15391879
ZZPersistent,43.23260938
ZZPersistent,43.25621656
ZZPersistent,43.13818067
ZZPersistent,43.2483475
ZZPersistent,43.24047844
ZZPersistent,43.09883538
ZZPersistent,43.10670444
ZZPersistent,43.21687126
ZZPersistent,43.2483475
ZZPersistent,43.22474032
ZZPersistent,43.14157551
ZZPersistent,43.07304786
ZZPersistent,43.25749823
ZZPersistent,43.13941589
ZZPersistent,43.12135999
ZZPersistent,43.10670444
ZZPersistent,43.21687126
ZZPersistent,43.24047844
ZZPersistent,43.18432237
ZZPersistent,43.24047844
ZZPersistent,43.2483475
ZZPersistent,43.25621656
ZZPersistent,43.13031161
ZZPersistent,43.0752282
ZZPersistent,43.27195467
ZZPersistent,43.16858177
ZZPersistent,43.18539503
ZZPersistent,43.09883538
ZZPersistent,43.12244256
ZZPersistent,43.21687126
ZZPersistent,43.24047844
ZZPersistent,43.12244256
ZZPersistent,43.15391879
ZZPersistent,43.14604973
ZZPersistent,43.22027229
ZZPersistent,43.24388133
ZZPersistent,43.13031161
ZZPersistent,43.21687126
ZZPersistent,43.14604973
ZZPersistent,43.20113314
ZZPersistent,43.1809239
ZZPersistent,43.2483475
ZZPersistent,43.24047844
ZZPersistent,43.2090022
ZZPersistent,43.20113314
ZZPersistent,43.13818067
ZZPersistent,43.27982373
ZZPersistent,43.2090022
ZZPersistent,43.16965691
ZZPersistent,43.16518454
ZZPersistent,43.10222712
ZZPersistent,43.25406169
ZZPersistent,43.27195467
ZZPersistent,43.19326409
ZZPersistent,43.2090022
ZZPersistent,43.13818067
ZZPersistent,43.15391879
ZZPersistent,43.24047844
ZZPersistent,43.23260938
ZZPersistent,43.11688312
ZZPersistent,43.19326409
ZZPersistent,43.13818067
ZZPersistent,43.09096632
ZZPersistent,43.15391879
ZZPersistent,43.22027229
ZZPersistent,43.23260938
ZZPersistent,43.08309726
ZZPersistent,43.18539503
ZZPersistent,43.19326409
ZZPersistent,43.07861808
ZZPersistent,43.1090122
ZZPersistent,43.0752282
ZZPersistent,43.15391879
ZZPersistent,43.16965691
ZZPersistent,43.2090022
ZZPersistent,43.16965691
ZZPersistent,43.1809239
ZZPersistent,43.20793326
ZZPersistent,43.19219266
ZZPersistent,43.2090022
ZZPersistent,43.19326409
ZZPersistent,43.12583615
ZZPersistent,43.25855962
ZZPersistent,43.28663623
ZZPersistent,43.22474032
ZZPersistent,43.16965691
ZZPersistent,43.18879358
ZZPersistent,43.2090022
ZZPersistent,43.26408562
ZZPersistent,43.251751
ZZPersistent,43.27195467
ZZPersistent,43.14604973
ZZPersistent,43.19326409
ZZPersistent,43.22027229
ZZPersistent,43.30343091
ZZPersistent,43.24728475
ZZPersistent,43.26408562
ZZPersistent,43.17985045
ZZPersistent,43.15391879
ZZPersistent,43.24281779
ZZPersistent,43.13031161
ZZPersistent,43.23260938
ZZPersistent,43.15731487
ZZPersistent,43.16178785
ZZPersistent,43.09096632
ZZPersistent,43.14604973
ZZPersistent,43.35727851
ZZPersistent,43.11796648
ZZPersistent,43.16178785
ZZPersistent,43.19326409
ZZPersistent,43.12583615
ZZPersistent,43.16965691
ZZPersistent,43.33490715
ZZPersistent,43.28769279
ZZPersistent,43.27195467
ZZPersistent,43.18539503
ZZPersistent,43.15284118
ZZPersistent,43.20113314
ZZPersistent,43.29000745
ZZPersistent,43.21687126
ZZPersistent,43.2090022
ZZPersistent,43.13031161
ZZPersistent,43.17752597
ZZPersistent,43.96207194
ZZPersistent,43.95862717
ZZPersistent,43.94010662
ZZPersistent,43.99498275
ZZPersistent,43.98997022
ZZPersistent,43.93511989
ZZPersistent,44.06832785
ZZPersistent,43.94295565
ZZPersistent,43.87243379
ZZPersistent,43.93511989
ZZPersistent,43.68194281
ZZPersistent,43.64519668
ZZPersistent,43.6608682
ZZPersistent,43.74706159
ZZPersistent,43.63807729
ZZPersistent,43.63294413
ZZPersistent,43.68573895
ZZPersistent,43.52091673
ZZPersistent,43.48952202
ZZPersistent,43.55231144
ZZPersistent,43.51306805
ZZPersistent,43.52091673
ZZPersistent,43.51306805
ZZPersistent,43.54446276
ZZPersistent,43.58370615
ZZPersistent,43.5994035
ZZPersistent,43.45027863
ZZPersistent,43.48167334
ZZPersistent,43.48849988
ZZPersistent,43.52091673
ZZPersistent,43.57585747
ZZPersistent,43.48167334
ZZPersistent,43.44242995
ZZPersistent,43.62294953
ZZPersistent,43.52331606
ZZPersistent,43.49497803
ZZPersistent,43.36394318
ZZPersistent,43.5287654
ZZPersistent,43.44242995
ZZPersistent,43.44242995
ZZPersistent,43.44242995
ZZPersistent,43.58370615
ZZPersistent,43.48167334
ZZPersistent,43.39533789
ZZPersistent,43.41888392
ZZPersistent,43.48952202
ZZPersistent,43.4267326
ZZPersistent,43.43799058
ZZPersistent,43.45027863
ZZPersistent,43.41267971
ZZPersistent,43.30115376
ZZPersistent,43.46528432
ZZPersistent,43.41888392
ZZPersistent,43.39459629
ZZPersistent,43.44410401
ZZPersistent,43.39874411
ZZPersistent,43.51306805
ZZPersistent,43.51306805
ZZPersistent,43.39533789
ZZPersistent,43.47382466
ZZPersistent,43.52091673
ZZPersistent,43.37964053
ZZPersistent,43.4448108
ZZPersistent,43.41103524
ZZPersistent,43.48167334
ZZPersistent,43.4267326
ZZPersistent,43.49737069
ZZPersistent,43.43458127
ZZPersistent,43.48952202
ZZPersistent,43.48848143
ZZPersistent,43.45776031
ZZPersistent,43.41103524
ZZPersistent,43.45812731
ZZPersistent,43.48848143
ZZPersistent,43.41888392
ZZPersistent,43.41888392
ZZPersistent,43.40318656
ZZPersistent,43.4267326
ZZPersistent,43.4267326
ZZPersistent,43.4267326
ZZPersistent,43.48167334
ZZPersistent,43.3560945
ZZPersistent,43.30115376
ZZPersistent,43.3695995
ZZPersistent,43.36554325
ZZPersistent,43.30115376
ZZPersistent,43.36394318
ZZPersistent,43.32469979
ZZPersistent,43.34824582
ZZPersistent,43.32469979
ZZPersistent,43.37179185
ZZPersistent,43.26191037
ZZPersistent,43.37179185
ZZPersistent,43.23836434
ZZPersistent,43.37179185
ZZPersistent,43.4267326
ZZPersistent,43.39533789
ZZPersistent,43.36394318
ZZPersistent,43.37179185
ZZPersistent,43.45812731
ZZPersistent,43.38200659
ZZPersistent,43.34824582
ZZPersistent,43.39533789
ZZPersistent,43.34824582
ZZPersistent,43.31685111
ZZPersistent,43.40318656
ZZPersistent,43.25639818
ZZPersistent,43.25406169
ZZPersistent,43.37179185
ZZPersistent,43.27760772
ZZPersistent,43.4267326
ZZPersistent,43.20696963
ZZPersistent,43.2148183
ZZPersistent,43.23051566
ZZPersistent,43.22266698
ZZPersistent,43.17557492
ZZPersistent,43.18342359
ZZPersistent,43.16772624
ZZPersistent,43.44242995
ZZPersistent,43.12848285
ZZPersistent,43.2148183
ZZPersistent,43.19591676
ZZPersistent,43.20929502
ZZPersistent,43.20696963
ZZPersistent,43.23836434
ZZPersistent,43.16772624
ZZPersistent,43.32365178
ZZPersistent,43.26191037
ZZPersistent,43.26191037
ZZPersistent,43.24621301
ZZPersistent,43.27889447
ZZPersistent,43.23113208
ZZPersistent,43.19912095
ZZPersistent,43.15987756
ZZPersistent,43.2148183
ZZPersistent,43.3560945
ZZPersistent,43.29330508
ZZPersistent,43.14418021
ZZPersistent,43.19127227
ZZPersistent,43.31685111
ZZPersistent,43.25406169
ZZPersistent,43.24621301
ZZPersistent,43.15202888
ZZPersistent,43.2854564
ZZPersistent,43.17557492
ZZPersistent,43.19127227
ZZPersistent,43.24665091
ZZPersistent,43.27760772
ZZPersistent,43.29330508
ZZPersistent,43.30819981
ZZPersistent,43.03259329
ZZPersistent,43.30900243
ZZPersistent,43.37964053
ZZPersistent,43.37964053
ZZPersistent,43.3560945
ZZPersistent,43.34039714
ZZPersistent,43.12848285
ZZPersistent,43.37179185
ZZPersistent,43.36394318
ZZPersistent,43.36394318
ZZPersistent,43.36394318
ZZPersistent,43.38748921
ZZPersistent,43.38674207
ZZPersistent,43.36394318
ZZPersistent,43.29330508
ZZPersistent,43.38748921
ZZPersistent,43.33254847
ZZPersistent,43.30115376
ZZPersistent,43.30900243
ZZPersistent,43.31685111
ZZPersistent,43.36394318
ZZPersistent,43.29330508
ZZPersistent,43.29249136
ZZPersistent,43.34824582
ZZPersistent,43.38748921
ZZPersistent,43.29330508
ZZPersistent,43.3546049
ZZPersistent,43.31720473
ZZPersistent,43.30900243
ZZPersistent,43.24621301
ZZPersistent,43.38061466
ZZPersistent,43.39533789
ZZPersistent,43.34039714
ZZPersistent,43.24621301
ZZPersistent,43.2854564
ZZPersistent,43.31685111
ZZPersistent,43.32390826
ZZPersistent,43.26975905
ZZPersistent,43.2854564
ZZPersistent,43.31685111
ZZPersistent,43.26975905
ZZPersistent,43.27760772
ZZPersistent,43.43791775
ZZPersistent,43.26191037
ZZPersistent,43.31240188
ZZPersistent,43.32025118
ZZPersistent,43.25745683
ZZPersistent,43.2854564
ZZPersistent,43.25406169
ZZPersistent,43.30115376
ZZPersistent,43.2854564
ZZPersistent,43.30900243
ZZPersistent,43.2854564
ZZPersistent,43.34039714
ZZPersistent,43.31685111
ZZPersistent,43.31685111
ZZPersistent,43.30900243
ZZPersistent,43.2854564
ZZPersistent,43.38748921
ZZPersistent,43.08139079
ZZPersistent,43.2854564
ZZPersistent,43.30900243
ZZPersistent,43.30115376
ZZPersistent,43.30115376
ZZPersistent,43.30900243
ZZPersistent,43.34824582
ZZPersistent,43.33961671
ZZPersistent,43.25453113
ZZPersistent,43.33254847
ZZPersistent,43.34824582
ZZPersistent,43.37964053
ZZPersistent,43.17557492
ZZPersistent,43.3560945
ZZPersistent,43.3560945
ZZPersistent,43.20696963
ZZPersistent,43.1823534
ZZPersistent,43.37179185
ZZPersistent,43.19912095
ZZPersistent,43.16772624
ZZPersistent,43.15987756
ZZPersistent,43.30115376
ZZPersistent,43.18342359
ZZPersistent,43.33254847
ZZPersistent,43.2148183
ZZPersistent,43.37964053
ZZPersistent,43.23836434
ZZPersistent,43.20696963
ZZPersistent,43.34824582
ZZPersistent,43.33254847
ZZPersistent,43.2967033
ZZPersistent,43.30115376
ZZPersistent,43.12848285
ZZPersistent,43.33254847
ZZPersistent,43.32469979
ZZPersistent,43.14418021
ZZPersistent,43.27760772
ZZPersistent,43.19912095
ZZPersistent,43.26530612
ZZPersistent,43.19912095
ZZPersistent,43.24621301
ZZPersistent,43.12848285
ZZPersistent,43.3560945
ZZPersistent,43.32469979
ZZPersistent,43.33150169
ZZPersistent,43.32810047
ZZPersistent,43.24621301
ZZPersistent,43.1127855
ZZPersistent,43.18342359
ZZPersistent,43.23051566
ZZPersistent,43.29330508
ZZPersistent,43.09153713
ZZPersistent,43.32469979
ZZPersistent,43.12848285
ZZPersistent,43.1127855
ZZPersistent,43.27655232
ZZPersistent,43.21268745
ZZPersistent,43.15665489
ZZPersistent,43.22266698
ZZPersistent,43.34039714
ZZPersistent,43.33071485
ZZPersistent,43.26870241
ZZPersistent,43.22266698
ZZPersistent,43.36394318
ZZPersistent,43.22266698
ZZPersistent,43.26975905
ZZPersistent,43.19912095
ZZPersistent,43.25406169
ZZPersistent,43.12848285
ZZPersistent,43.21036107
ZZPersistent,43.27760772
ZZPersistent,43.32469979
ZZPersistent,43.34039714
ZZPersistent,43.2854564
ZZPersistent,43.30115376
ZZPersistent,43.32810047
ZZPersistent,43.2148183
ZZPersistent,43.33254847
ZZPersistent,43.4267326
ZZPersistent,43.26191037
ZZPersistent,43.19127227
ZZPersistent,43.15987756
ZZPersistent,43.32469979
ZZPersistent,43.12848285
ZZPersistent,43.26191037
ZZPersistent,43.27760772
ZZPersistent,43.2854564
ZZPersistent,43.29330508
ZZPersistent,43.19127227
ZZPersistent,43.32469979
ZZPersistent,43.27760772
ZZPersistent,43.3560945
ZZPersistent,43.34824582
ZZPersistent,43.26191037
ZZPersistent,43.26975905
ZZPersistent,43.34039714
ZZPersistent,43.33254847
ZZPersistent,43.34039714
ZZPersistent,43.2148183
ZZPersistent,43.27415227
ZZPersistent,43.30900243
ZZPersistent,43.26191037
ZZPersistent,43.34039714
ZZPersistent,43.32469979
ZZPersistent,43.23836434
ZZPersistent,43.39533789
ZZPersistent,43.30900243
ZZPersistent,43.30900243
ZZPersistent,43.3560945
ZZPersistent,43.25406169
ZZPersistent,43.3183361
ZZPersistent,43.23836434
ZZPersistent,43.27760772
ZZPersistent,43.26191037
ZZPersistent,43.40318656
ZZPersistent,43.24621301
ZZPersistent,43.19912095
ZZPersistent,43.37179185
ZZPersistent,43.3560945
ZZPersistent,43.26191037
ZZPersistent,43.3560945
ZZPersistent,43.36394318
ZZPersistent,43.24621301
ZZPersistent,43.2967033
ZZPersistent,43.34039714
ZZPersistent,43.29330508
ZZPersistent,43.34824582
ZZPersistent,43.29330508
ZZPersistent,43.30115376
ZZPersistent,43.27760772
ZZPersistent,43.34824582
ZZPersistent,43.33254847
ZZPersistent,43.34039714
ZZPersistent,43.26191037
ZZPersistent,43.2148183
ZZPersistent,43.13571316
ZZPersistent,43.19912095
ZZPersistent,43.26530612
ZZPersistent,43.24621301
ZZPersistent,43.21375304
ZZPersistent,43.26530612
ZZPersistent,43.27760772
ZZPersistent,43.27209923
ZZPersistent,43.20696963
ZZPersistent,43.27760772
ZZPersistent,43.28440223
ZZPersistent,43.30115376
ZZPersistent,43.18342359
ZZPersistent,43.26975905
ZZPersistent,43.20696963
ZZPersistent,43.26191037
ZZPersistent,43.22160295
ZZPersistent,43.24175824
ZZPersistent,43.19127227
ZZPersistent,43.288854
ZZPersistent,43.26975905
ZZPersistent,43.24175824
ZZPersistent,43.21714555
ZZPersistent,43.18342359
ZZPersistent,43.17557492
ZZPersistent,43.23051566
ZZPersistent,43.24621301
ZZPersistent,43.19698516
ZZPersistent,43.16326531
ZZPersistent,43.19912095
ZZPersistent,43.30900243
ZZPersistent,43.24621301
ZZPersistent,43.25406169
ZZPersistent,43.25406169
ZZPersistent,43.24621301
ZZPersistent,43.23051566
ZZPersistent,43.24621301
ZZPersistent,43.24621301
ZZPersistent,43.27104271
ZZPersistent,43.21268745
ZZPersistent,43.20251177
ZZPersistent,43.21714555
ZZPersistent,43.20251177
ZZPersistent,43.2854564
ZZPersistent,43.15987756
ZZPersistent,43.23730277
ZZPersistent,43.2967033
ZZPersistent,43.22160295
ZZPersistent,43.20958461
ZZPersistent,43.22605965
ZZPersistent,43.34379906
ZZPersistent,43.23836434
ZZPersistent,43.24621301
ZZPersistent,43.26191037
ZZPersistent,43.288854
ZZPersistent,43.20696963
ZZPersistent,43.29459799
ZZPersistent,43.23051566
ZZPersistent,43.26191037
ZZPersistent,43.22605965
ZZPersistent,43.25406169
ZZPersistent,43.17343173
ZZPersistent,43.27760772
ZZPersistent,43.20696963
ZZPersistent,43.22605965
ZZPersistent,43.26530612
ZZPersistent,43.22499607
ZZPersistent,43.30115376
ZZPersistent,43.26530612
ZZPersistent,43.22266698
ZZPersistent,43.21821036
ZZPersistent,43.24960754
ZZPersistent,43.23836434
ZZPersistent,43.31685111
ZZPersistent,43.38645106
ZZPersistent,43.24642689
ZZPersistent,43.24175824
ZZPersistent,43.23051566
ZZPersistent,43.16558059
ZZPersistent,43.22605965
ZZPersistent,43.30900243
ZZPersistent,43.22605965
ZZPersistent,43.25406169
ZZPersistent,43.25745683
ZZPersistent,43.23624087
ZZPersistent,43.19127227
ZZPersistent,43.22266698
ZZPersistent,43.2148183
ZZPersistent,43.24175824
ZZPersistent,43.29565081
ZZPersistent,43.18681319
ZZPersistent,43.20696963
ZZPersistent,43.22266698
ZZPersistent,43.25406169
ZZPersistent,43.20590313
ZZPersistent,43.18342359
ZZPersistent,43.22160295
ZZPersistent,43.19466248
ZZPersistent,43.19912095
ZZPersistent,43.23051566
ZZPersistent,43.31685111
ZZPersistent,43.16772624
ZZPersistent,43.30115376
ZZPersistent,43.20251177
ZZPersistent,43.25745683
ZZPersistent,43.16326531
ZZPersistent,43.23051566
ZZPersistent,43.21821036
ZZPersistent,43.23051566
ZZPersistent,43.23051566
ZZPersistent,43.24621301
ZZPersistent,43.30455259
ZZPersistent,43.22499607
ZZPersistent,43.21036107
ZZPersistent,43.19912095
ZZPersistent,43.24748744
ZZPersistent,43.34039714
ZZPersistent,43.27760772
ZZPersistent,43.23051566
ZZPersistent,43.33176249
ZZPersistent,43.18128288
ZZPersistent,43.26975905
ZZPersistent,43.20590313
ZZPersistent,43.26975905
ZZPersistent,43.23836434
ZZPersistent,43.22266698
ZZPersistent,43.19466248
ZZPersistent,43.29225214
ZZPersistent,43.25406169
ZZPersistent,43.21821036
ZZPersistent,43.25300259
ZZPersistent,43.26975905
ZZPersistent,43.13633153
ZZPersistent,43.2148183
ZZPersistent,43.20696963
ZZPersistent,43.20696963
ZZPersistent,43.18342359
ZZPersistent,43.26191037
ZZPersistent,43.26191037
ZZPersistent,43.19127227
ZZPersistent,43.2148183
ZZPersistent,43.21036107
ZZPersistent,43.14418021
ZZPersistent,43.26870241
ZZPersistent,43.19359397
ZZPersistent,43.20696963
ZZPersistent,43.26530612
ZZPersistent,43.12063417
ZZPersistent,43.24621301
ZZPersistent,43.19466248
ZZPersistent,43.21821036
ZZPersistent,43.23051566
ZZPersistent,43.19020331
ZZPersistent,43.17557492
ZZPersistent,43.27760772
ZZPersistent,43.24175824
ZZPersistent,43.16772624
ZZPersistent,43.17789292
ZZPersistent,43.20251177
ZZPersistent,43.27655232
ZZPersistent,43.2854564
ZZPersistent,43.19127227
ZZPersistent,43.24854765
ZZPersistent,43.24515268
ZZPersistent,43.19912095
ZZPersistent,43.32469979
ZZPersistent,43.19127227
ZZPersistent,43.16326531
ZZPersistent,43.21036107
ZZPersistent,43.15202888
ZZPersistent,43.18681319
ZZPersistent,43.20251177
ZZPersistent,43.25406169
ZZPersistent,43.19127227
ZZPersistent,43.16665358
ZZPersistent,43.18913402
ZZPersistent,43.2642487
ZZPersistent,43.26975905
ZZPersistent,43.23051566
ZZPersistent,43.19359397
ZZPersistent,43.20696963
ZZPersistent,43.23836434
ZZPersistent,43.24175824
ZZPersistent,43.26975905
ZZPersistent,43.17004239
ZZPersistent,43.18342359
ZZPersistent,43.27994976
ZZPersistent,43.19127227
ZZPersistent,43.22266698
ZZPersistent,43.24621301
ZZPersistent,43.21036107
ZZPersistent,43.20696963
ZZPersistent,43.24621301
ZZPersistent,43.29167649
ZZPersistent,43.23051566
ZZPersistent,43.23051566
ZZPersistent,43.19020331
ZZPersistent,43.32025118
ZZPersistent,43.17896389
ZZPersistent,43.22605965
ZZPersistent,43.23390895
ZZPersistent,43.25406169
ZZPersistent,43.26530612
ZZPersistent,43.17557492
ZZPersistent,43.30010205
ZZPersistent,43.17557492
ZZPersistent,43.15987756
ZZPersistent,43.26530612
ZZPersistent,43.24642689
ZZPersistent,43.23836434
ZZPersistent,43.25406169
ZZPersistent,43.26191037
ZZPersistent,43.21036107
ZZPersistent,43.26191037
ZZPersistent,43.19912095
ZZPersistent,43.18342359
ZZPersistent,43.24175824
ZZPersistent,43.23836434
ZZPersistent,43.21036107
ZZPersistent,43.30455259
ZZPersistent,43.24621301
ZZPersistent,43.1711146
ZZPersistent,43.2854564
ZZPersistent,43.18342359
ZZPersistent,43.24621301
ZZPersistent,43.23051566
ZZPersistent,43.36185915
ZZPersistent,43.23051566
ZZPersistent,43.19912095
ZZPersistent,43.13633153
ZZPersistent,43.24621301
ZZPersistent,43.16772624
ZZPersistent,43.15202888
ZZPersistent,43.15202888
ZZPersistent,43.13633153
ZZPersistent,43.13971743
ZZPersistent,43.14418021
ZZPersistent,43.2148183
ZZPersistent,43.22160295
ZZPersistent,43.17557492
ZZPersistent,43.24621301
ZZPersistent,43.17557492
ZZPersistent,43.16326531
ZZPersistent,43.15202888
ZZPersistent,43.12848285
ZZPersistent,43.34824582
ZZPersistent,43.19127227
ZZPersistent,43.18342359
ZZPersistent,43.3393516
ZZPersistent,43.17896389
ZZPersistent,43.23836434
ZZPersistent,43.24621301
ZZPersistent,43.19912095
ZZPersistent,43.20251177
ZZPersistent,43.25406169
ZZPersistent,43.15202888
ZZPersistent,43.17557492
ZZPersistent,43.34039714
ZZPersistent,43.15987756
ZZPersistent,43.23051566
ZZPersistent,43.16772624
ZZPersistent,43.25745683
ZZPersistent,43.20696963
ZZPersistent,43.33254847
ZZPersistent,43.28100471
ZZPersistent,43.21821036
ZZPersistent,43.1711146
ZZPersistent,43.16665358
ZZPersistent,43.23051566
ZZPersistent,43.22605965
ZZPersistent,43.13971743
ZZPersistent,43.21821036
ZZPersistent,43.20590313
ZZPersistent,43.23836434
ZZPersistent,43.22160295
ZZPersistent,43.2148183
ZZPersistent,43.20251177
ZZPersistent,43.15202888
ZZPersistent,43.23178392
ZZPersistent,43.23051566
ZZPersistent,43.22266698
ZZPersistent,43.16772624
ZZPersistent,43.22266698
ZZPersistent,43.22605965
ZZPersistent,43.19127227
ZZPersistent,43.22266698
ZZPersistent,43.18128288
ZZPersistent,43.17896389
ZZPersistent,43.15987756
ZZPersistent,43.25406169
ZZPersistent,43.12401884
ZZPersistent,43.17557492
ZZPersistent,43.25406169
ZZPersistent,43.20251177
ZZPersistent,43.1127855
ZZPersistent,43.12740403
ZZPersistent,43.15202888
ZZPersistent,43.29330508
ZZPersistent,43.12740403
ZZPersistent,43.26191037
ZZPersistent,43.19127227
ZZPersistent,43.1127855
ZZPersistent,43.17557492
ZZPersistent,43.19127227
ZZPersistent,43.36394318
ZZPersistent,43.18342359
ZZPersistent,43.13971743
ZZPersistent,43.24621301
ZZPersistent,43.10493682
ZZPersistent,43.20696963
ZZPersistent,43.19912095
ZZPersistent,43.22266698
ZZPersistent,43.13633153
ZZPersistent,43.13971743
ZZPersistent,43.19466248
ZZPersistent,43.12848285
ZZPersistent,43.16326531
ZZPersistent,43.26975905
ZZPersistent,43.19912095
ZZPersistent,43.25745683
ZZPersistent,43.2967033
ZZPersistent,43.23051566
ZZPersistent,43.20696963
ZZPersistent,43.18681319
ZZPersistent,43.2148183
ZZPersistent,43.25406169
ZZPersistent,43.21036107
ZZPersistent,43.23051566
ZZPersistent,43.24621301
ZZPersistent,43.21821036
ZZPersistent,43.23051566
ZZPersistent,43.15880367
ZZPersistent,43.12848285
ZZPersistent,43.17557492
ZZPersistent,43.26191037
ZZPersistent,43.20696963
ZZPersistent,43.24621301
ZZPersistent,43.27315542
ZZPersistent,43.20590313
ZZPersistent,43.19912095
ZZPersistent,43.19466248
ZZPersistent,43.28100471
ZZPersistent,43.19912095
ZZPersistent,43.19912095
ZZPersistent,43.19466248
ZZPersistent,43.15202888
ZZPersistent,43.2014445
ZZPersistent,43.13971743
ZZPersistent,43.12848285
ZZPersistent,43.23390895
ZZPersistent,43.25406169
ZZPersistent,43.15987756
ZZPersistent,43.1823534
ZZPersistent,43.19127227
ZZPersistent,43.22266698
ZZPersistent,43.31685111
ZZPersistent,43.1711146
ZZPersistent,43.19805322
ZZPersistent,43.16772624
ZZPersistent,43.19127227
ZZPersistent,43.17557492
ZZPersistent,43.18342359
ZZPersistent,43.10277145
ZZPersistent,43.19912095
ZZPersistent,43.33254847
ZZPersistent,43.20696963
ZZPersistent,43.23051566
ZZPersistent,43.1127855
ZZPersistent,43.19912095
ZZPersistent,43.15987756
ZZPersistent,43.17557492
ZZPersistent,43.42125922
ZZPersistent,43.40659341
ZZPersistent,43.37179185
ZZPersistent,43.17557492
ZZPersistent,43.16772624
ZZPersistent,43.39874411
ZZPersistent,43.16326531
ZZPersistent,43.18681319
ZZPersistent,43.14418021
ZZPersistent,43.23730277
ZZPersistent,43.22266698
ZZPersistent,43.22266698
ZZPersistent,43.39533789
ZZPersistent,43.41888392
ZZPersistent,43.31685111
ZZPersistent,43.37964053
ZZPersistent,43.34824582
ZZPersistent,43.35164835
ZZPersistent,43.17896389
ZZPersistent,43.13417602
ZZPersistent,43.17557492
ZZPersistent,43.1711146
ZZPersistent,43.1711146
ZZPersistent,43.10047096
ZZPersistent,43.16772624
ZZPersistent,43.19466248
ZZPersistent,43.43458127
ZZPersistent,43.17557492
ZZPersistent,43.2148183
ZZPersistent,43.3560945
ZZPersistent,43.18861098
ZZPersistent,43.20716193
ZZPersistent,43.37964053
ZZPersistent,43.40659341
ZZPersistent,43.16772624
ZZPersistent,43.23051566
ZZPersistent,43.37179185
ZZPersistent,43.22605965
ZZPersistent,43.22266698
ZZPersistent,43.22266698
ZZPersistent,43.41103524
ZZPersistent,43.37519623
ZZPersistent,43.40659341
ZZPersistent,43.15987756
ZZPersistent,43.2148183
ZZPersistent,43.34275396
ZZPersistent,43.17450349
ZZPersistent,43.2148183
ZZPersistent,43.20251177
ZZPersistent,43.178954
ZZPersistent,43.20696963
ZZPersistent,43.4267326
ZZPersistent,43.16326531
ZZPersistent,43.19805322
ZZPersistent,43.1711146
ZZPersistent,43.44242995
ZZPersistent,43.45027863
ZZPersistent,43.15987756
ZZPersistent,43.08139079
ZZPersistent,43.19805322
ZZPersistent,43.16111809
ZZPersistent,43.39874411
ZZPersistent,43.26123128
ZZPersistent,43.17557492
ZZPersistent,43.12063417
ZZPersistent,43.18342359
ZZPersistent,43.13957152
ZZPersistent,43.08139079
ZZPersistent,43.23178392
ZZPersistent,43.15987756
ZZPersistent,43.23390895
ZZPersistent,43.10263653
ZZPersistent,43.19912095
ZZPersistent,43.21036107
ZZPersistent,43.12848285
ZZPersistent,43.22266698
ZZPersistent,43.2014445
ZZPersistent,43.14234064
ZZPersistent,43.10493682
ZZPersistent,43.20590313
ZZPersistent,43.1825322
ZZPersistent,43.1127855
ZZPersistent,43.22266698
ZZPersistent,43.19127227
ZZPersistent,43.39533789
ZZPersistent,43.14418021
ZZPersistent,43.18342359
ZZPersistent,43.13633153
ZZPersistent,43.17557492
ZZPersistent,43.18342359
ZZPersistent,43.09383589
ZZPersistent,43.13186813
ZZPersistent,43.12063417
ZZPersistent,43.18342359
ZZPersistent,43.20696963
ZZPersistent,43.19127227
ZZPersistent,43.19912095
ZZPersistent,43.13633153
ZZPersistent,43.4144427
ZZPersistent,43.12063417
ZZPersistent,43.17450349
ZZPersistent,43.2148183
ZZPersistent,43.17450349
ZZPersistent,43.27760772
ZZPersistent,43.2148183
ZZPersistent,43.23390895
ZZPersistent,43.14756672
ZZPersistent,43.19127227
ZZPersistent,43.37179185
ZZPersistent,43.40318656
ZZPersistent,43.16772624
ZZPersistent,43.14756672
ZZPersistent,43.12063417
ZZPersistent,43.37179185
ZZPersistent,43.43014129
ZZPersistent,43.14418021
ZZPersistent,43.19127227
ZZPersistent,43.18342359
ZZPersistent,43.14418021
ZZPersistent,43.23390895
ZZPersistent,43.13971743
ZZPersistent,43.23836434
ZZPersistent,43.13633153
ZZPersistent,43.19912095
ZZPersistent,43.15095376
ZZPersistent,43.12848285
ZZPersistent,43.15202888
ZZPersistent,43.05784475
ZZPersistent,43.15202888
ZZPersistent,43.13633153
ZZPersistent,43.1127855
ZZPersistent,43.16326531
ZZPersistent,43.19127227
ZZPersistent,43.17557492
ZZPersistent,43.15202888
ZZPersistent,43.12063417
ZZPersistent,43.16772624
ZZPersistent,43.22266698
ZZPersistent,43.14418021
ZZPersistent,43.17557492
ZZPersistent,43.15987756
ZZPersistent,43.12063417
ZZPersistent,43.12848285
ZZPersistent,43.19145594
ZZPersistent,43.18342359
ZZPersistent,43.18342359
ZZPersistent,43.12848285
ZZPersistent,43.13633153
ZZPersistent,43.19466248
ZZPersistent,43.15987756
ZZPersistent,43.16772624
ZZPersistent,43.20696963
ZZPersistent,43.19912095
ZZPersistent,43.20251177
ZZPersistent,43.08923946
ZZPersistent,43.14756672
ZZPersistent,43.23940327
ZZPersistent,43.14418021
ZZPersistent,43.15987756
ZZPersistent,43.15202888
ZZPersistent,43.10832025
ZZPersistent,43.17557492
ZZPersistent,43.20037688
ZZPersistent,43.23051566
ZZPersistent,43.04999608
ZZPersistent,43.12848285
ZZPersistent,43.12063417
ZZPersistent,43.17557492
ZZPersistent,43.43458127
ZZPersistent,43.07245467
ZZPersistent,43.20696963
ZZPersistent,43.10493682
ZZPersistent,43.41103524
ZZPersistent,43.20251177
ZZPersistent,43.12848285
ZZPersistent,43.1711146
ZZPersistent,43.22160295
ZZPersistent,43.18342359
ZZPersistent,43.19127227
ZZPersistent,43.19127227
ZZPersistent,43.21714555
ZZPersistent,43.2148183
ZZPersistent,43.20696963
ZZPersistent,43.14310385
ZZPersistent,43.08923946
ZZPersistent,43.0947897
ZZPersistent,43.15202888
ZZPersistent,43.19127227
ZZPersistent,43.14418021
ZZPersistent,43.12848285
ZZPersistent,43.24621301
ZZPersistent,43.15202888
ZZPersistent,43.12848285
ZZPersistent,43.16772624
ZZPersistent,43.20696963
ZZPersistent,43.14418021
ZZPersistent,43.18342359
ZZPersistent,43.11236483
ZZPersistent,43.13864029
ZZPersistent,43.18681319
ZZPersistent,43.13633153
ZZPersistent,43.14418021
ZZPersistent,43.17896389
ZZPersistent,43.12848285
ZZPersistent,43.12848285
ZZPersistent,43.15987756
ZZPersistent,43.15202888
ZZPersistent,43.10493682
ZZPersistent,43.15987756
ZZPersistent,43.14418021
ZZPersistent,43.17557492
ZZPersistent,43.10832025
ZZPersistent,43.16772624
ZZPersistent,43.23836434
ZZPersistent,43.1127855
ZZPersistent,43.16772624
ZZPersistent,43.12063417
ZZPersistent,43.07354211
ZZPersistent,43.08139079
ZZPersistent,43.15202888
ZZPersistent,43.16772624
ZZPersistent,43.39089482
ZZPersistent,43.15202888
ZZPersistent,43.13633153
ZZPersistent,43.10493682
ZZPersistent,43.19127227
ZZPersistent,43.16772624
ZZPersistent,43.10601899
ZZPersistent,43.10615578
ZZPersistent,43.1823534
ZZPersistent,43.19912095
ZZPersistent,43.14418021
ZZPersistent,43.14418021
ZZPersistent,43.16772624
ZZPersistent,43.12063417
ZZPersistent,43.12401884
ZZPersistent,43.12848285
ZZPersistent,43.12063417
ZZPersistent,43.09708814
ZZPersistent,43.24621301
ZZPersistent,43.15202888
ZZPersistent,43.13633153
ZZPersistent,43.10047096
ZZPersistent,43.15541601
ZZPersistent,43.16772624
ZZPersistent,43.14418021
ZZPersistent,43.12848285
ZZPersistent,43.13186813
ZZPersistent,43.10493682
ZZPersistent,43.15987756
ZZPersistent,43.10493682
ZZPersistent,43.13633153
ZZPersistent,43.17557492
ZZPersistent,43.27655232
ZZPersistent,43.14418021
ZZPersistent,43.09262166
ZZPersistent,43.12063417
ZZPersistent,43.17557492
ZZPersistent,43.1127855
ZZPersistent,43.06569343
ZZPersistent,43.21036107
ZZPersistent,43.24621301
ZZPersistent,43.09262166
ZZPersistent,43.14418021
ZZPersistent,43.10493682
ZZPersistent,43.10832025
ZZPersistent,43.18342359
ZZPersistent,43.2148183
ZZPersistent,43.1270666
ZZPersistent,43.19127227
ZZPersistent,43.16772624
ZZPersistent,43.18913402
ZZPersistent,43.19127227
ZZPersistent,43.25745683
ZZPersistent,43.1127855
ZZPersistent,43.13971743
ZZPersistent,43.11616954
ZZPersistent,43.15202888
ZZPersistent,43.07354211
ZZPersistent,43.1127855
ZZPersistent,43.08923946
ZZPersistent,43.22605965
ZZPersistent,43.16643048
ZZPersistent,43.15541601
ZZPersistent,43.00965539
ZZPersistent,43.1127855
ZZPersistent,43.12401884
ZZPersistent,43.13633153
ZZPersistent,43.2148183
ZZPersistent,43.15068493
ZZPersistent,43.24069713
ZZPersistent,43.1127855
ZZPersistent,43.14512954
ZZPersistent,43.15202888
ZZPersistent,43.13525394
ZZPersistent,43.10493682
ZZPersistent,43.15202888
ZZPersistent,43.10493682
ZZPersistent,43.09262166
ZZPersistent,43.20696963
ZZPersistent,43.08139079
ZZPersistent,43.19127227
ZZPersistent,43.11170422
ZZPersistent,43.2148183
ZZPersistent,43.09938766
ZZPersistent,43.15202888
ZZPersistent,43.37179185
ZZPersistent,43.19127227
ZZPersistent,43.12063417
ZZPersistent,43.21036107
ZZPersistent,43.15541601
ZZPersistent,43.12063417
ZZPersistent,43.15202888
ZZPersistent,43.03149606
ZZPersistent,43.39533789
ZZPersistent,43.19912095
ZZPersistent,43.14756672
ZZPersistent,43.13633153
ZZPersistent,43.15202888
ZZPersistent,43.12848285
ZZPersistent,43.11616954
ZZPersistent,43.25745683
ZZPersistent,43.12848285
ZZPersistent,43.14281216
ZZPersistent,43.11616954
ZZPersistent,43.19912095
ZZPersistent,43.12848285
ZZPersistent,43.10493682
ZZPersistent,43.18217604
ZZPersistent,43.22266698
ZZPersistent,43.12063417
ZZPersistent,43.15202888
ZZPersistent,43.10493682
ZZPersistent,43.08923946
ZZPersistent,43.19127227
ZZPersistent,43.12740403
ZZPersistent,43.14418021
ZZPersistent,43.1127855
ZZPersistent,43.11616954
ZZPersistent,43.10493682
ZZPersistent,43.12848285
ZZPersistent,43.15202888
ZZPersistent,43.19466248
ZZPersistent,43.13186813
ZZPersistent,43.13633153
ZZPersistent,43.14418021
ZZPersistent,43.41888392
ZZPersistent,43.2148183
ZZPersistent,43.2148183
ZZPersistent,43.12848285
ZZPersistent,43.18342359
ZZPersistent,43.10385431
ZZPersistent,43.12956133
ZZPersistent,43.12063417
ZZPersistent,43.07354211
ZZPersistent,43.23051566
ZZPersistent,43.1127855
ZZPersistent,43.14418021
ZZPersistent,43.10493682
ZZPersistent,43.1127855
ZZPersistent,43.15541601
ZZPersistent,43.12848285
ZZPersistent,43.1127855
ZZPersistent,43.17770254
ZZPersistent,43.17557492
ZZPersistent,43.13633153
ZZPersistent,43.09708814
ZZPersistent,43.13633153
ZZPersistent,43.16772624
ZZPersistent,43.14620896
ZZPersistent,43.2148183
ZZPersistent,43.14281216
ZZPersistent,43.27760772
ZZPersistent,43.14418021
ZZPersistent,43.22266698
ZZPersistent,43.12063417
ZZPersistent,43.14418021
ZZPersistent,43.2148183
ZZPersistent,43.14418021
ZZPersistent,43.10832025
ZZPersistent,43.22605965
ZZPersistent,43.12848285
ZZPersistent,43.28500119
ZZPersistent,43.18342359
ZZPersistent,43.17557492
ZZPersistent,43.22266698
ZZPersistent,43.16772624
ZZPersistent,43.18342359
ZZPersistent,43.36394318
ZZPersistent,43.2148183
ZZPersistent,43.12848285
ZZPersistent,43.18342359
ZZPersistent,43.15640258
ZZPersistent,43.09708814
ZZPersistent,43.1127855
ZZPersistent,43.22605965
ZZPersistent,43.13864029
ZZPersistent,43.19127227
ZZPersistent,43.15202888
ZZPersistent,43.16665358
ZZPersistent,43.22945286
ZZPersistent,43.15987756
ZZPersistent,43.27760772
ZZPersistent,43.09708814
ZZPersistent,43.2967033
ZZPersistent,43.08923946
ZZPersistent,43.1106226
ZZPersistent,43.10493682
ZZPersistent,43.15541601
ZZPersistent,43.10723818
ZZPersistent,43.15068493
ZZPersistent,43.19127227
ZZPersistent,43.12063417
ZZPersistent,43.18342359
ZZPersistent,43.12848285
ZZPersistent,43.18342359
ZZPersistent,43.15202888
ZZPersistent,43.15408236
ZZPersistent,43.09708814
ZZPersistent,43.16772624
ZZPersistent,43.19912095
ZZPersistent,43.13186813
ZZPersistent,43.12848285
ZZPersistent,43.16326531
ZZPersistent,43.08477237
ZZPersistent,43.20251177
ZZPersistent,43.16772624
ZZPersistent,43.16772624
ZZPersistent,43.06569343
ZZPersistent,43.34039714
ZZPersistent,43.2148183
ZZPersistent,43.18342359
ZZPersistent,43.15855771
ZZPersistent,43.14281216
ZZPersistent,43.23836434
ZZPersistent,43.19912095
ZZPersistent,43.15202888
ZZPersistent,43.08923946
ZZPersistent,43.07692308
ZZPersistent,43.16982915
ZZPersistent,43.17557492
ZZPersistent,43.10385431
ZZPersistent,43.10493682
ZZPersistent,43.19912095
ZZPersistent,43.09938766
ZZPersistent,43.13633153
ZZPersistent,43.17430326
ZZPersistent,43.25873577
ZZPersistent,43.18681319
ZZPersistent,43.12848285
ZZPersistent,43.12063417
ZZPersistent,43.19466248
ZZPersistent,43.14418021
ZZPersistent,43.12063417
ZZPersistent,43.09262166
ZZPersistent,43.07354211
ZZPersistent,43.17340266
ZZPersistent,43.22266698
ZZPersistent,43.23051566
ZZPersistent,43.05784475
ZZPersistent,43.26658814
ZZPersistent,43.17557492
ZZPersistent,43.03159222
ZZPersistent,43.19912095
ZZPersistent,43.14418021
ZZPersistent,43.22266698
ZZPersistent,43.15541601
ZZPersistent,43.28100471
ZZPersistent,43.08923946
ZZPersistent,43.15541601
ZZPersistent,43.23665802
ZZPersistent,43.09708814
ZZPersistent,43.14418021
ZZPersistent,43.1711146
ZZPersistent,43.04999608
ZZPersistent,43.18342359
ZZPersistent,43.12401884
ZZPersistent,43.10493682
ZZPersistent,43.13633153
ZZPersistent,43.09708814
ZZPersistent,43.02645004
ZZPersistent,43.10832025
ZZPersistent,43.18342359
ZZPersistent,43.2148183
ZZPersistent,43.26975905
ZZPersistent,43.32469979
ZZPersistent,43.2148183
ZZPersistent,43.14418021
ZZPersistent,43.22266698
ZZPersistent,43.19127227
ZZPersistent,43.23836434
ZZPersistent,43.20696963
ZZPersistent,43.1127855
ZZPersistent,43.11955413
ZZPersistent,43.1127855
ZZPersistent,43.27760772
ZZPersistent,43.11955413
ZZPersistent,43.15202888
ZZPersistent,43.20696963
ZZPersistent,43.21036107
ZZPersistent,43.24621301
ZZPersistent,43.15541601
ZZPersistent,43.16326531
ZZPersistent,43.21806411
ZZPersistent,43.19466248
ZZPersistent,43.15987756
ZZPersistent,43.30115376
ZZPersistent,43.26191037
ZZPersistent,43.25745683
ZZPersistent,43.22855117
ZZPersistent,43.09708814
ZZPersistent,43.04932735
ZZPersistent,43.12063417
ZZPersistent,43.12063417
ZZPersistent,43.2854564
ZZPersistent,43.22266698
ZZPersistent,43.21279445
ZZPersistent,43.09708814
ZZPersistent,43.22855117
ZZPersistent,43.22266698
ZZPersistent,43.0421474
ZZPersistent,43.12740403
ZZPersistent,43.06569343
ZZPersistent,43.29330508
ZZPersistent,43.08139079
ZZPersistent,43.2148183
ZZPersistent,43.04999608
ZZPersistent,43.24621301
ZZPersistent,43.19912095
ZZPersistent,43.31685111
ZZPersistent,43.08139079
ZZPersistent,43.26975905
ZZPersistent,43.20696963
ZZPersistent,43.30115376
ZZPersistent,43.34824582
ZZPersistent,43.01860137
ZZPersistent,43.08139079
ZZPersistent,43.22266698
ZZPersistent,43.08923946
ZZPersistent,43.2148183
ZZPersistent,43.23051566
ZZPersistent,43.31685111
ZZPersistent,43.1127855
ZZPersistent,43.24621301
ZZPersistent,43.27760772
ZZPersistent,43.09708814
ZZPersistent,43.06569343
ZZPersistent,43.10493682
ZZPersistent,43.03429872
ZZPersistent,43.22266698
ZZPersistent,43.01075269
ZZPersistent,43.23390895
ZZPersistent,43.03429872
ZZPersistent,43.19127227
ZZPersistent,43.10493682
ZZPersistent,43.07354211
ZZPersistent,43.08923946
ZZPersistent,43.22266698
ZZPersistent,43.23051566
ZZPersistent,43.08923946
ZZPersistent,43.24960754
ZZPersistent,43.03429872
ZZPersistent,43.19912095
ZZPersistent,43.24621301
ZZPersistent,43.15756434
ZZPersistent,43.06569343
ZZPersistent,43.28100471
ZZPersistent,43.26191037
ZZPersistent,43.26530612
ZZPersistent,43.2854564
ZZPersistent,43.20696963
ZZPersistent,43.27655232
ZZPersistent,43.04999608
ZZPersistent,43.10493682
ZZPersistent,43.24960754
ZZPersistent,43.19805322
ZZPersistent,43.26530612
ZZPersistent,43.25406169
ZZPersistent,43.2148183
ZZPersistent,43.30115376
ZZPersistent,43.05675485
ZZPersistent,43.09708814
ZZPersistent,43.26975905
ZZPersistent,43.06907378
ZZPersistent,43.08139079
ZZPersistent,43.30115376
ZZPersistent,43.06122449
ZZPersistent,43.0455259
ZZPersistent,43.1711146
ZZPersistent,43.0421474
ZZPersistent,43.08139079
ZZPersistent,43.22605965
ZZPersistent,43.03767661
ZZPersistent,43.02645004
ZZPersistent,43.22266698
ZZPersistent,43.05784475
ZZPersistent,43.19805322
ZZPersistent,43.20696963
ZZPersistent,43.03658345
ZZPersistent,43.19912095
ZZPersistent,43.02535521
ZZPersistent,43.15987756
ZZPersistent,43.05675485
ZZPersistent,43.16772624
ZZPersistent,43.04105503
ZZPersistent,43.08030458
ZZPersistent,43.09708814
ZZPersistent,43.22605965
ZZPersistent,43.22605965
ZZPersistent,43.19466248
ZZPersistent,43.24960754
ZZPersistent,43.30900243
ZZPersistent,43.0455259
ZZPersistent,43.0421474
ZZPersistent,43.06569343
ZZPersistent,43.27315542
ZZPersistent,43.0455259
ZZPersistent,43.08139079
ZZPersistent,43.06907378
ZZPersistent,43.18342359
ZZPersistent,43.06122449
ZZPersistent,43.10832025
ZZPersistent,43.22266698
ZZPersistent,43.06460476
ZZPersistent,43.19127227
ZZPersistent,43.17896389
ZZPersistent,43.07692308
ZZPersistent,43.06569343
ZZPersistent,43.15987756
ZZPersistent,43.08139079
ZZPersistent,43.04999608
ZZPersistent,43.07354211
ZZPersistent,43.02645004
ZZPersistent,43.12063417
ZZPersistent,43.07692308
ZZPersistent,43.03429872
ZZPersistent,43.0421474
ZZPersistent,43.06569343
ZZPersistent,43.05784475
ZZPersistent,43.09708814
ZZPersistent,43.08139079
ZZPersistent,43.08139079
ZZPersistent,43.19466248
ZZPersistent,43.23836434
ZZPersistent,43.06569343
ZZPersistent,43.05784475
ZZPersistent,43.06569343
ZZPersistent,43.0208824
ZZPersistent,43.08139079
ZZPersistent,43.10047096
ZZPersistent,43.0455259
ZZPersistent,43.09708814
ZZPersistent,43.08477237
ZZPersistent,43.06569343
ZZPersistent,43.2328466
ZZPersistent,43.02535521
ZZPersistent,43.17450349
ZZPersistent,43.24621301
ZZPersistent,43.08923946
ZZPersistent,43.07354211
ZZPersistent,43.04999608
ZZPersistent,43.0421474
ZZPersistent,43.05784475
ZZPersistent,43.24515268
ZZPersistent,43.07354211
ZZPersistent,43.05784475
ZZPersistent,43.05784475
ZZPersistent,43.06122449
ZZPersistent,43.20696963
ZZPersistent,43.04890494
ZZPersistent,43.0522845
ZZPersistent,43.04999608
ZZPersistent,43.23051566
ZZPersistent,43.05784475
ZZPersistent,43.09708814
ZZPersistent,43.1127855
ZZPersistent,43.06569343
ZZPersistent,43.08923946
ZZPersistent,43.0455259
ZZPersistent,43.1127855
ZZPersistent,43.08139079
ZZPersistent,43.04999608
ZZPersistent,43.05675485
ZZPersistent,43.05784475
ZZPersistent,43.14418021
ZZPersistent,43.05675485
ZZPersistent,43.2148183
ZZPersistent,43.05784475
ZZPersistent,43.04999608
ZZPersistent,43.03429872
ZZPersistent,43.05784475
ZZPersistent,43.15987756
ZZPersistent,43.08139079
ZZPersistent,43.08477237
ZZPersistent,43.25431204
ZZPersistent,43.03211117
ZZPersistent,43.06569343
ZZPersistent,43.1127855
ZZPersistent,43.06907378
ZZPersistent,43.06569343
ZZPersistent,43.04999608
ZZPersistent,43.05784475
ZZPersistent,43.08477237
ZZPersistent,43.05784475
ZZPersistent,43.05784475
ZZPersistent,43.02645004
ZZPersistent,43.19968553
ZZPersistent,43.19127227
ZZPersistent,43.05784475
ZZPersistent,43.0533752
ZZPersistent,43.08139079
ZZPersistent,43.0421474
ZZPersistent,42.99505533
ZZPersistent,43.00290401
ZZPersistent,43.08815449
ZZPersistent,43.0421474
ZZPersistent,43.23051566
ZZPersistent,43.06013503
ZZPersistent,43.03767661
ZZPersistent,43.03767661
ZZPersistent,43.09708814
ZZPersistent,43.06122449
ZZPersistent,43.08477237
ZZPersistent,43.08923946
ZZPersistent,43.0455259
ZZPersistent,43.24621301
ZZPersistent,43.03429872
ZZPersistent,43.06122449
ZZPersistent,43.02197802
ZZPersistent,43.08923946
ZZPersistent,43.03429872
ZZPersistent,43.01860137
ZZPersistent,43.07354211
ZZPersistent,43.03767661
ZZPersistent,43.02197802
ZZPersistent,43.08139079
ZZPersistent,43.04999608
ZZPersistent,43.0455259
ZZPersistent,43.04999608
ZZPersistent,43.1127855
ZZPersistent,43.08139079
ZZPersistent,43.12848285
ZZPersistent,43.0455259
ZZPersistent,43.02645004
ZZPersistent,43.09262166
ZZPersistent,43.10493682
ZZPersistent,43.0455259
ZZPersistent,43.02645004
ZZPersistent,43.25406169
ZZPersistent,43.07354211
ZZPersistent,43.02982732
ZZPersistent,43.22605965
ZZPersistent,43.07354211
ZZPersistent,43.00290401
ZZPersistent,43.0421474
ZZPersistent,43.05784475
ZZPersistent,43.0421474
ZZPersistent,43.0455259
ZZPersistent,43.07354211
ZZPersistent,43.0421474
ZZPersistent,43.19912095
ZZPersistent,43.0522845
ZZPersistent,43.15541601
ZZPersistent,43.0522845
ZZPersistent,43.15202888
ZZPersistent,43.08923946
ZZPersistent,43.03767661
ZZPersistent,43.04999608
ZZPersistent,43.20696963
ZZPersistent,43.02982732
ZZPersistent,43.03429872
ZZPersistent,43.14418021
ZZPersistent,43.09708814
ZZPersistent,43.0421474
ZZPersistent,43.04890494
ZZPersistent,43.15202888
ZZPersistent,43.05784475
ZZPersistent,43.20037688
ZZPersistent,43.08815449
ZZPersistent,43.10398995
ZZPersistent,43.03429872
ZZPersistent,43.02535521
ZZPersistent,43.17557492
ZZPersistent,43.08923946
ZZPersistent,43.08923946
ZZPersistent,43.04999608
ZZPersistent,43.0533752
ZZPersistent,43.0421474
ZZPersistent,43.0208824
ZZPersistent,43.05784475
ZZPersistent,43.04999608
ZZPersistent,43.2148183
ZZPersistent,43.08139079
ZZPersistent,43.02982732
ZZPersistent,43.02645004
ZZPersistent,43.15202888
ZZPersistent,43.02982732
ZZPersistent,43.01860137
ZZPersistent,43.12063417
ZZPersistent,43.07354211
ZZPersistent,43.17557492
ZZPersistent,43.05784475
ZZPersistent,43.1127855
ZZPersistent,43.0533752
ZZPersistent,43.02645004
ZZPersistent,43.0455259
ZZPersistent,43.04334171
ZZPersistent,43.05784475
ZZPersistent,43.06569343
ZZPersistent,43.05784475
ZZPersistent,43.12401884
ZZPersistent,43.0455259
ZZPersistent,43.0421474
ZZPersistent,43.05784475
ZZPersistent,43.27760772
ZZPersistent,43.00627943
ZZPersistent,43.10047096
ZZPersistent,43.02982732
ZZPersistent,43.06569343
ZZPersistent,43.07354211
ZZPersistent,43.05784475
ZZPersistent,43.15987756
ZZPersistent,43.0533752
ZZPersistent,43.06460476
ZZPersistent,43.16772624
ZZPersistent,43.04999608
ZZPersistent,43.07354211
ZZPersistent,43.00290401
ZZPersistent,43.05784475
ZZPersistent,43.19912095
ZZPersistent,43.06907378
ZZPersistent,42.97935798
ZZPersistent,43.03429872
ZZPersistent,43.22266698
ZZPersistent,43.09708814
ZZPersistent,43.03429872
ZZPersistent,43.16772624
ZZPersistent,43.08477237
ZZPersistent,42.97935798
ZZPersistent,43.01412873
ZZPersistent,43.02535521
ZZPersistent,43.0421474
ZZPersistent,43.27315542
ZZPersistent,43.03429872
ZZPersistent,43.08477237
ZZPersistent,43.02645004
ZZPersistent,43.04999608
ZZPersistent,43.06569343
ZZPersistent,43.04999608
ZZPersistent,43.15202888
ZZPersistent,43.07354211
ZZPersistent,43.07692308
ZZPersistent,43.04999608
ZZPersistent,43.23836434
ZZPersistent,43.08923946
ZZPersistent,43.0455259
ZZPersistent,43.06013503
ZZPersistent,43.02645004
ZZPersistent,43.06122449
ZZPersistent,43.24621301
ZZPersistent,43.27209923
ZZPersistent,43.14418021
ZZPersistent,43.06122449
ZZPersistent,43.12063417
ZZPersistent,43.02645004
ZZPersistent,43.00290401
ZZPersistent,43.02535521
ZZPersistent,43.16054432
ZZPersistent,43.07354211
ZZPersistent,43.05784475
ZZPersistent,43.12848285
ZZPersistent,43.08706917
ZZPersistent,43.0533752
ZZPersistent,43.0421474
ZZPersistent,43.07354211
ZZPersistent,43.30115376
ZZPersistent,43.28440223
ZZPersistent,43.15987756
ZZPersistent,43.03429872
ZZPersistent,43.08477237
ZZPersistent,43.03429872
ZZPersistent,43.14310385
ZZPersistent,43.13633153
ZZPersistent,43.01860137
ZZPersistent,43.03548995
ZZPersistent,43.03429872
ZZPersistent,43.20696963
ZZPersistent,43.30115376
ZZPersistent,43.12401884
ZZPersistent,43.07354211
ZZPersistent,43.01860137
ZZPersistent,43.27315542
ZZPersistent,43.11616954
ZZPersistent,43.0175053
ZZPersistent,43.04105503
ZZPersistent,43.05784475
ZZPersistent,43.0421474
ZZPersistent,43.01075269
ZZPersistent,43.04999608
ZZPersistent,43.19912095
ZZPersistent,43.18342359
ZZPersistent,43.03429872
ZZPersistent,43.0533752
ZZPersistent,43.23051566
ZZPersistent,43.05784475
ZZPersistent,43.2148183
ZZPersistent,43.0421474
ZZPersistent,43.07354211
ZZPersistent,43.0421474
ZZPersistent,43.10493682
ZZPersistent,43.02645004
ZZPersistent,43.22499607
ZZPersistent,43.0421474
ZZPersistent,43.06569343
ZZPersistent,43.19912095
ZZPersistent,43.03767661
ZZPersistent,43.08139079
ZZPersistent,43.15202888
ZZPersistent,43.07354211
ZZPersistent,43.06569343
ZZPersistent,43.20696963
ZZPersistent,43.27209923
ZZPersistent,43.04999608
ZZPersistent,43.17343173
ZZPersistent,43.24621301
ZZPersistent,43.08139079
ZZPersistent,43.09708814
ZZPersistent,43.24175824
ZZPersistent,43.02426003
ZZPersistent,43.23836434
ZZPersistent,42.99843014
ZZPersistent,43.19127227
ZZPersistent,43.05784475
ZZPersistent,43.26191037
ZZPersistent,43.02982732
ZZPersistent,43.12063417
ZZPersistent,43.1127855
ZZPersistent,43.02197802
ZZPersistent,43.08923946
ZZPersistent,43.0421474
ZZPersistent,43.04999608
ZZPersistent,43.12063417
ZZPersistent,43.22266698
ZZPersistent,43.20251177
ZZPersistent,43.12401884
ZZPersistent,43.14418021
ZZPersistent,43.07474874
ZZPersistent,43.18414222
ZZPersistent,43.02982732
ZZPersistent,43.03886926
ZZPersistent,43.04999608
ZZPersistent,43.10493682
ZZPersistent,43.02197802
ZZPersistent,43.20696963
ZZPersistent,43.07354211
ZZPersistent,43.06351574
ZZPersistent,43.19912095
ZZPersistent,43.13525394
ZZPersistent,43.26975905
ZZPersistent,43.19912095
ZZPersistent,43.01075269
ZZPersistent,43.19912095
ZZPersistent,43.07354211
ZZPersistent,43.02654311
ZZPersistent,43.19912095
ZZPersistent,43.29330508
ZZPersistent,42.98720666
ZZPersistent,43.13633153
ZZPersistent,43.0421474
ZZPersistent,43.05784475
ZZPersistent,43.0455259
ZZPersistent,43.02645004
ZZPersistent,43.02197802
ZZPersistent,43.19020331
ZZPersistent,43.06122449
ZZPersistent,43.03429872
ZZPersistent,43.25406169
ZZPersistent,43.01860137
ZZPersistent,43.08030458
ZZPersistent,43.23051566
ZZPersistent,43.27655232
ZZPersistent,43.26191037
ZZPersistent,43.22266698
ZZPersistent,43.25406169
ZZPersistent,43.24621301
ZZPersistent,43.00290401
ZZPersistent,43.15987756
ZZPersistent,43.03429872
ZZPersistent,43.19912095
ZZPersistent,43.21259843
ZZPersistent,43.15450475
ZZPersistent,43.0421474
ZZPersistent,43.21714555
ZZPersistent,42.99843014
ZZPersistent,43.00290401
ZZPersistent,43.21036107
ZZPersistent,43.19466248
ZZPersistent,43.08923946
ZZPersistent,43.02645004
ZZPersistent,43.0421474
ZZPersistent,43.05675485
ZZPersistent,43.02982732
ZZPersistent,42.97935798
ZZPersistent,43.18342359
ZZPersistent,43.32025118
ZZPersistent,43.22266698
ZZPersistent,43.16054432
ZZPersistent,42.9715093
ZZPersistent,43.18414222
ZZPersistent,43.06569343
ZZPersistent,43.04890494
ZZPersistent,43.1711146
ZZPersistent,43.28440223
ZZPersistent,43.19127227
ZZPersistent,43.24175824
ZZPersistent,43.27760772
ZZPersistent,43.04105503
ZZPersistent,43.21821036
ZZPersistent,43.05784475
ZZPersistent,43.0455259
ZZPersistent,43.00290401
ZZPersistent,43.17557492
ZZPersistent,43.17557492
ZZPersistent,43.18342359
ZZPersistent,43.12401884
ZZPersistent,43.12848285
ZZPersistent,43.10995753
ZZPersistent,43.16326531
ZZPersistent,43.18342359
ZZPersistent,43.12063417
ZZPersistent,43.2148183
ZZPersistent,43.23899371
ZZPersistent,43.01860137
ZZPersistent,43.06907378
ZZPersistent,43.19127227
ZZPersistent,43.18074563
ZZPersistent,43.1127855
ZZPersistent,43.21560607
ZZPersistent,43.04999608
ZZPersistent,43.09708814
ZZPersistent,43.19912095
ZZPersistent,43.22605965
ZZPersistent,43.1823534
ZZPersistent,43.17896389
ZZPersistent,43.18861098
ZZPersistent,43.20434167
ZZPersistent,43.21821036
ZZPersistent,43.2148183
ZZPersistent,43.26191037
ZZPersistent,42.96366062
ZZPersistent,43.23836434
ZZPersistent,43.26191037
ZZPersistent,43.19466248
ZZPersistent,43.1711146
ZZPersistent,43.22007236
ZZPersistent,43.14418021
ZZPersistent,43.16841029
ZZPersistent,43.25745683
ZZPersistent,42.99395557
ZZPersistent,43.21375304
ZZPersistent,43.25406169
ZZPersistent,43.23051566
ZZPersistent,43.22266698
ZZPersistent,43.20251177
ZZPersistent,43.01412873
ZZPersistent,43.17896389
ZZPersistent,43.29330508
ZZPersistent,43.2854564
ZZPersistent,43.22266698
ZZPersistent,43.25745683
ZZPersistent,43.23390895
ZZPersistent,43.23836434
ZZPersistent,43.20929502
ZZPersistent,43.17288029
ZZPersistent,43.08923946
ZZPersistent,43.12401884
ZZPersistent,43.18342359
ZZPersistent,43.2148183
ZZPersistent,43.18342359
ZZPersistent,43.19093698
ZZPersistent,43.22266698
ZZPersistent,43.26975905
ZZPersistent,43.21036107
ZZPersistent,43.21821036
ZZPersistent,43.18342359
ZZPersistent,43.16665358
ZZPersistent,43.17450349
ZZPersistent,43.12848285
ZZPersistent,43.23836434
ZZPersistent,43.22605965
ZZPersistent,43.18342359
ZZPersistent,43.24621301
ZZPersistent,43.20774011
ZZPersistent,42.99505533
ZZPersistent,43.24621301
ZZPersistent,43.19127227
ZZPersistent,43.29225214
ZZPersistent,43.19127227
ZZPersistent,43.23051566
ZZPersistent,43.23051566
ZZPersistent,43.02982732
ZZPersistent,43.22945286
ZZPersistent,43.19912095
ZZPersistent,43.14373377
ZZPersistent,43.00518135
ZZPersistent,43.19912095
ZZPersistent,43.23390895
ZZPersistent,43.18128288
ZZPersistent,43.15880367
ZZPersistent,43.23836434
ZZPersistent,43.19127227
ZZPersistent,43.24621301
ZZPersistent,43.20696963
ZZPersistent,43.05031447
ZZPersistent,43.23051566
ZZPersistent,43.2148183
ZZPersistent,43.17557492
ZZPersistent,43.22327044
ZZPersistent,43.18342359
ZZPersistent,43.22007236
ZZPersistent,43.1823534
ZZPersistent,43.20696963
ZZPersistent,43.22266698
ZZPersistent,43.19698516
ZZPersistent,43.20251177
ZZPersistent,43.26975905
ZZPersistent,43.16326531
ZZPersistent,43.15202888
ZZPersistent,43.22605965
ZZPersistent,43.17288029
ZZPersistent,43.1127855
ZZPersistent,43.15987756
ZZPersistent,43.23051566
ZZPersistent,43.16772624
ZZPersistent,43.1571496
ZZPersistent,43.29330508
ZZPersistent,43.2148183
ZZPersistent,43.18753933
ZZPersistent,43.02645004
ZZPersistent,43.27760772
ZZPersistent,43.22266698
ZZPersistent,43.22266698
ZZPersistent,43.15987756
ZZPersistent,43.20754717
ZZPersistent,43.19127227
ZZPersistent,43.13633153
ZZPersistent,43.16772624
ZZPersistent,43.19647633
ZZPersistent,42.9008712
ZZPersistent,43.19234089
ZZPersistent,43.15541601
ZZPersistent,43.1823534
ZZPersistent,43.2148183
ZZPersistent,43.20251177
ZZPersistent,43.19912095
ZZPersistent,43.16772624
ZZPersistent,43.15987756
ZZPersistent,43.2148183
ZZPersistent,43.15987756
ZZPersistent,43.21821036
ZZPersistent,43.18342359
ZZPersistent,43.21813745
ZZPersistent,43.26975905
ZZPersistent,43.24621301
ZZPersistent,43.20696963
ZZPersistent,43.15987756
ZZPersistent,43.13971743
ZZPersistent,43.17557492
ZZPersistent,43.2148183
ZZPersistent,43.23390895
ZZPersistent,43.24303102
ZZPersistent,43.22266698
ZZPersistent,43.20251177
ZZPersistent,43.16326531
ZZPersistent,43.12063417
ZZPersistent,43.26975905
ZZPersistent,43.19912095
ZZPersistent,43.12848285
ZZPersistent,43.19466248
ZZPersistent,43.23051566
ZZPersistent,43.22327044
ZZPersistent,43.18681319
ZZPersistent,43.15987756
ZZPersistent,43.1571496
ZZPersistent,43.23836434
ZZPersistent,43.16665358
ZZPersistent,43.19912095
ZZPersistent,43.16326531
ZZPersistent,43.13971743
ZZPersistent,43.18342359
ZZPersistent,43.18681319
ZZPersistent,43.19912095
ZZPersistent,43.17288029
ZZPersistent,43.24175824
ZZPersistent,43.24621301
ZZPersistent,43.18342359
ZZPersistent,43.19127227
ZZPersistent,43.20434167
ZZPersistent,43.22266698
ZZPersistent,43.19912095
ZZPersistent,43.15987756
ZZPersistent,43.16772624
ZZPersistent,43.12893082
ZZPersistent,43.26530612
ZZPersistent,43.1711146
ZZPersistent,43.13186813
ZZPersistent,43.19912095
ZZPersistent,43.13633153
ZZPersistent,43.03429872
ZZPersistent,43.22266698
ZZPersistent,43.16772624
ZZPersistent,43.30115376
ZZPersistent,43.19127227
ZZPersistent,43.17288029
ZZPersistent,42.98610566
ZZPersistent,43.23836434
ZZPersistent,43.156073
ZZPersistent,43.19127227
ZZPersistent,43.2148183
ZZPersistent,43.18342359
ZZPersistent,43.16501494
ZZPersistent,43.23580305
ZZPersistent,43.34039714
ZZPersistent,43.19912095
ZZPersistent,43.17557492
ZZPersistent,43.17288029
ZZPersistent,43.14418021
ZZPersistent,43.22266698
ZZPersistent,43.20696963
ZZPersistent,43.23836434
ZZPersistent,43.18342359
ZZPersistent,43.2148183
ZZPersistent,43.12063417
ZZPersistent,43.16643048
ZZPersistent,43.18342359
ZZPersistent,43.1711146
ZZPersistent,43.31685111
ZZPersistent,43.16772624
ZZPersistent,43.20696963
ZZPersistent,43.14418021
ZZPersistent,43.19127227
ZZPersistent,43.17557492
ZZPersistent,43.15541601
ZZPersistent,43.15284118
ZZPersistent,43.288854
ZZPersistent,43.20696963
ZZPersistent,43.1823534
ZZPersistent,43.19912095
ZZPersistent,43.14928425
ZZPersistent,43.22266698
ZZPersistent,43.19805322
ZZPersistent,43.20696963
ZZPersistent,43.21113908
ZZPersistent,43.18342359
ZZPersistent,43.20696963
ZZPersistent,43.19912095
ZZPersistent,43.24515268
ZZPersistent,43.20696963
ZZPersistent,43.18342359
ZZPersistent,43.13355356
ZZPersistent,43.16772624
ZZPersistent,43.22266698
ZZPersistent,43.22266698
ZZPersistent,43.22266698
ZZPersistent,43.17557492
ZZPersistent,43.17896389
ZZPersistent,43.16772624
ZZPersistent,43.16772624
ZZPersistent,43.24960754
ZZPersistent,43.20696963
ZZPersistent,43.14756672
ZZPersistent,43.17288029
ZZPersistent,43.22266698
ZZPersistent,43.19466248
ZZPersistent,43.22266698
ZZPersistent,43.13971743
ZZPersistent,43.20434167
ZZPersistent,43.18342359
ZZPersistent,43.22266698
ZZPersistent,43.15987756
ZZPersistent,43.16393958
ZZPersistent,43.22945286
ZZPersistent,43.15541601
ZZPersistent,43.23836434
ZZPersistent,43.24960754
ZZPersistent,43.19912095
ZZPersistent,43.2148183
ZZPersistent,43.19127227
ZZPersistent,43.18574344
ZZPersistent,43.16326531
ZZPersistent,43.11170422
ZZPersistent,43.15251572
ZZPersistent,43.25406169
ZZPersistent,43.1711146
ZZPersistent,43.19466248
ZZPersistent,43.19466248
ZZPersistent,43.25406169
ZZPersistent,43.18861098
ZZPersistent,43.23836434
ZZPersistent,43.18342359
ZZPersistent,43.14418021
ZZPersistent,43.17288029
ZZPersistent,43.24621301
ZZPersistent,43.17557492
ZZPersistent,43.19127227
ZZPersistent,43.15987756
ZZPersistent,43.16501494
ZZPersistent,43.17896389
ZZPersistent,43.15202888
ZZPersistent,43.24960754
ZZPersistent,43.20434167
ZZPersistent,43.22160295
ZZPersistent,43.19127227
ZZPersistent,43.21821036
ZZPersistent,43.2148183
ZZPersistent,43.16772624
ZZPersistent,43.20696963
ZZPersistent,43.23836434
ZZPersistent,43.23051566
ZZPersistent,43.19127227
ZZPersistent,43.10493682
ZZPersistent,43.23051566
ZZPersistent,43.1127855
ZZPersistent,43.19912095
ZZPersistent,43.18342359
ZZPersistent,43.17557492
ZZPersistent,43.20696963
ZZPersistent,43.19912095
ZZPersistent,43.1711146
ZZPersistent,43.21540881
ZZPersistent,43.22266698
ZZPersistent,43.13633153
ZZPersistent,43.15202888
ZZPersistent,43.19912095
ZZPersistent,43.18342359
ZZPersistent,43.12848285
ZZPersistent,43.20754717
ZZPersistent,43.12848285
ZZPersistent,43.19912095
ZZPersistent,43.21821036
ZZPersistent,43.16772624
ZZPersistent,43.14418021
ZZPersistent,43.22499607
ZZPersistent,43.22266698
ZZPersistent,43.32025118
ZZPersistent,43.16665358
ZZPersistent,43.16772624
ZZPersistent,43.17557492
ZZPersistent,43.20696963
ZZPersistent,43.16772624
ZZPersistent,43.23836434
ZZPersistent,43.18074563
ZZPersistent,43.23836434
ZZPersistent,43.24621301
ZZPersistent,43.1711146
ZZPersistent,43.17557492
ZZPersistent,43.23051566
ZZPersistent,43.21540881
ZZPersistent,43.21036107
ZZPersistent,43.19127227
ZZPersistent,43.15202888
ZZPersistent,43.18342359
ZZPersistent,43.23051566
ZZPersistent,43.24960754
ZZPersistent,43.18681319
ZZPersistent,43.19127227
ZZPersistent,43.19127227
ZZPersistent,43.17288029
ZZPersistent,43.19127227
ZZPersistent,43.23836434
ZZPersistent,43.16501494
ZZPersistent,43.3202203
ZZPersistent,43.22266698
ZZPersistent,43.20251177
ZZPersistent,43.17896389
ZZPersistent,43.21036107
ZZPersistent,43.1711146
ZZPersistent,43.2148183
ZZPersistent,43.15202888
ZZPersistent,43.12063417
ZZPersistent,43.3393516
ZZPersistent,43.22266698
ZZPersistent,43.17557492
ZZPersistent,43.17288029
ZZPersistent,43.25745683
ZZPersistent,43.24621301
ZZPersistent,43.18342359
ZZPersistent,43.20434167
ZZPersistent,43.24621301
ZZPersistent,43.21821036
ZZPersistent,43.18342359
ZZPersistent,43.23836434
ZZPersistent,43.17557492
ZZPersistent,43.14418021
ZZPersistent,43.2148183
ZZPersistent,43.12740403
ZZPersistent,43.14141891
ZZPersistent,43.24175824
ZZPersistent,43.20251177
ZZPersistent,43.20696963
ZZPersistent,43.29330508
ZZPersistent,43.20590313
ZZPersistent,43.15541601
ZZPersistent,43.1571496
ZZPersistent,43.21821036
ZZPersistent,43.19127227
ZZPersistent,43.22007236
ZZPersistent,43.27760772
ZZPersistent,43.22266698
ZZPersistent,43.17557492
ZZPersistent,43.20696963
ZZPersistent,43.22605965
ZZPersistent,43.16501494
ZZPersistent,43.20696963
ZZPersistent,43.24069713
ZZPersistent,43.19912095
ZZPersistent,43.30115376
ZZPersistent,43.2148183
ZZPersistent,43.19127227
ZZPersistent,43.18074563
ZZPersistent,43.20696963
ZZPersistent,43.19127227
ZZPersistent,43.17288029
ZZPersistent,43.17896389
ZZPersistent,43.22793771
ZZPersistent,43.15987756
ZZPersistent,43.22327044
ZZPersistent,43.19912095
ZZPersistent,43.16772624
ZZPersistent,43.27760772
ZZPersistent,43.15202888
ZZPersistent,43.22007236
ZZPersistent,43.20696963
ZZPersistent,43.26975905
ZZPersistent,43.16501494
ZZPersistent,43.18342359
ZZPersistent,43.15202888
ZZPersistent,43.23051566
ZZPersistent,43.18681319
ZZPersistent,43.24175824
ZZPersistent,43.18342359
ZZPersistent,43.14141891
ZZPersistent,43.14141891
ZZPersistent,43.19912095
ZZPersistent,43.14928425
ZZPersistent,43.21036107
ZZPersistent,43.2854564
ZZPersistent,43.15202888
ZZPersistent,43.18342359
ZZPersistent,43.19127227
ZZPersistent,43.1571496
ZZPersistent,43.22007236
ZZPersistent,43.2148183
ZZPersistent,43.26191037
ZZPersistent,43.22793771
ZZPersistent,43.15202888
ZZPersistent,43.16772624
ZZPersistent,43.14418021
ZZPersistent,43.23390895
ZZPersistent,43.24621301
ZZPersistent,43.17288029
ZZPersistent,43.20667139
ZZPersistent,43.19647633
ZZPersistent,43.25300259
ZZPersistent,43.19647633
ZZPersistent,43.18861098
ZZPersistent,43.33254847
ZZPersistent,43.23836434
ZZPersistent,43.2553392
ZZPersistent,43.28100471
ZZPersistent,43.17896389
ZZPersistent,43.22793771
ZZPersistent,43.22793771
ZZPersistent,43.26191037
ZZPersistent,43.20251177
ZZPersistent,43.19912095
ZZPersistent,43.14928425
ZZPersistent,43.20434167
ZZPersistent,43.24409202
ZZPersistent,43.22793771
ZZPersistent,43.22160295
ZZPersistent,43.09422684
ZZPersistent,43.13971743
ZZPersistent,43.14418021
ZZPersistent,43.29330508
ZZPersistent,43.14928425
ZZPersistent,43.18681319
ZZPersistent,43.23836434
ZZPersistent,43.24515268
ZZPersistent,43.25639818
ZZPersistent,43.23113208
ZZPersistent,43.27655232
ZZPersistent,43.23390895
ZZPersistent,43.20434167
ZZPersistent,43.16393958
ZZPersistent,43.17557492
ZZPersistent,43.24621301
ZZPersistent,43.24621301
ZZPersistent,43.23836434
ZZPersistent,43.22793771
ZZPersistent,43.1711146
ZZPersistent,43.10832025
ZZPersistent,43.23580305
ZZPersistent,43.08636149
ZZPersistent,43.18861098
ZZPersistent,43.19987414
ZZPersistent,43.26975905
ZZPersistent,43.29225214
ZZPersistent,43.19987414
ZZPersistent,43.23051566
ZZPersistent,43.23390895
ZZPersistent,43.14418021
ZZPersistent,43.22347204
ZZPersistent,43.12848285
ZZPersistent,43.17557492
ZZPersistent,43.29330508
ZZPersistent,43.23836434
ZZPersistent,43.14928425
ZZPersistent,43.156073
ZZPersistent,43.21560607
ZZPersistent,43.17627625
ZZPersistent,43.18861098
ZZPersistent,43.27760772
ZZPersistent,43.08139079
ZZPersistent,43.07692308
ZZPersistent,43.22266698
ZZPersistent,43.16326531
ZZPersistent,43.19647633
ZZPersistent,43.29330508
ZZPersistent,43.10344828
ZZPersistent,43.25406169
ZZPersistent,43.19200818
ZZPersistent,43.20434167
ZZPersistent,43.15772945
ZZPersistent,43.21220702
ZZPersistent,43.12401884
ZZPersistent,43.24960754
ZZPersistent,43.1711146
ZZPersistent,43.1711146
ZZPersistent,43.13186813
ZZPersistent,43.13633153
ZZPersistent,43.15095376
ZZPersistent,43.14141891
ZZPersistent,43.26530612
ZZPersistent,43.16772624
ZZPersistent,43.19647633
ZZPersistent,43.23836434
ZZPersistent,43.23390895
ZZPersistent,43.17288029
ZZPersistent,43.02982732
ZZPersistent,43.1571496
ZZPersistent,43.05784475
ZZPersistent,43.26975905
ZZPersistent,43.19912095
ZZPersistent,43.16841029
ZZPersistent,43.20774011
ZZPersistent,43.22347204
ZZPersistent,43.14928425
ZZPersistent,43.17896389
ZZPersistent,43.22266698
ZZPersistent,43.26530612
ZZPersistent,43.22605965
ZZPersistent,43.15987756
ZZPersistent,43.20696963
ZZPersistent,43.21560607
ZZPersistent,43.17557492
ZZPersistent,43.22793771
ZZPersistent,43.17557492
ZZPersistent,43.14033984
ZZPersistent,43.18539503
ZZPersistent,43.26530612
ZZPersistent,43.20434167
ZZPersistent,43.21220702
ZZPersistent,43.18074563
ZZPersistent,43.30900243
ZZPersistent,43.27512978
ZZPersistent,43.26090379
ZZPersistent,43.22793771
ZZPersistent,43.08139079
ZZPersistent,43.08923946
ZZPersistent,43.24960754
ZZPersistent,43.23580305
ZZPersistent,43.16772624
ZZPersistent,43.18288669
ZZPersistent,43.2436684
ZZPersistent,43.25406169
ZZPersistent,43.18342359
ZZPersistent,43.22266698
ZZPersistent,43.17557492
ZZPersistent,43.24621301
ZZPersistent,43.10995753
ZZPersistent,43.26191037
ZZPersistent,43.20696963
ZZPersistent,43.288854
ZZPersistent,43.1711146
ZZPersistent,43.14418021
ZZPersistent,43.1127855
ZZPersistent,43.13355356
ZZPersistent,43.20696963
ZZPersistent,43.16326531
ZZPersistent,43.23051566
ZZPersistent,43.19647633
ZZPersistent,43.2854564
ZZPersistent,43.22266698
ZZPersistent,43.15202888
ZZPersistent,43.20434167
ZZPersistent,43.18681319
ZZPersistent,43.13633153
ZZPersistent,43.2148183
ZZPersistent,43.1711146
ZZPersistent,43.15202888
ZZPersistent,43.19127227
ZZPersistent,43.17557492
ZZPersistent,43.24940991
ZZPersistent,43.17557492
ZZPersistent,43.23580305
ZZPersistent,43.1711146
ZZPersistent,43.16772624
ZZPersistent,43.231338
ZZPersistent,43.16665358
ZZPersistent,43.18342359
ZZPersistent,43.18342359
ZZPersistent,43.15987756
ZZPersistent,43.13186813
ZZPersistent,43.24621301
ZZPersistent,43.22007236
ZZPersistent,43.15541601
ZZPersistent,43.30455259
ZZPersistent,43.17557492
ZZPersistent,43.21220702
ZZPersistent,43.26191037
ZZPersistent,43.17557492
ZZPersistent,43.25153374
ZZPersistent,43.12063417
ZZPersistent,43.25745683
ZZPersistent,43.14756672
ZZPersistent,43.2436684
ZZPersistent,43.24175824
ZZPersistent,43.16772624
ZZPersistent,43.17965779
ZZPersistent,43.22240579
ZZPersistent,43.13633153
ZZPersistent,43.22347204
ZZPersistent,43.18288669
ZZPersistent,43.30900243
ZZPersistent,43.22007236
ZZPersistent,43.17557492
ZZPersistent,43.18681319
ZZPersistent,43.22347204
ZZPersistent,43.15880367
ZZPersistent,43.29556185
ZZPersistent,43.17627625
ZZPersistent,43.21821036
ZZPersistent,43.18342359
ZZPersistent,43.231338
ZZPersistent,43.03201507
ZZPersistent,43.14310385
ZZPersistent,43.15987756
ZZPersistent,43.16772624
ZZPersistent,43.15987756
ZZPersistent,43.31685111
ZZPersistent,43.2148183
ZZPersistent,43.14418021
ZZPersistent,43.20434167
ZZPersistent,43.17557492
ZZPersistent,43.20696963
ZZPersistent,43.15987756
ZZPersistent,43.0960044
ZZPersistent,43.18342359
ZZPersistent,43.12848285
ZZPersistent,43.22793771
ZZPersistent,43.19805322
ZZPersistent,43.1711146
ZZPersistent,43.17557492
ZZPersistent,43.15987756
ZZPersistent,43.17557492
ZZPersistent,43.18342359
ZZPersistent,43.11847374
ZZPersistent,43.14756672
ZZPersistent,43.15202888
ZZPersistent,43.18021201
ZZPersistent,43.23836434
ZZPersistent,43.15987756
ZZPersistent,43.22007236
ZZPersistent,43.23836434
ZZPersistent,43.16772624
ZZPersistent,43.20774011
ZZPersistent,43.16772624
ZZPersistent,43.17557492
ZZPersistent,43.1711146
ZZPersistent,43.18074563
ZZPersistent,43.27315542
ZZPersistent,43.12848285
ZZPersistent,43.16772624
ZZPersistent,43.22007236
ZZPersistent,43.26975905
ZZPersistent,43.18342359
ZZPersistent,43.26191037
ZZPersistent,43.14649081
ZZPersistent,43.27760772
ZZPersistent,43.23580305
ZZPersistent,43.21220702
ZZPersistent,43.15987756
ZZPersistent,43.18861098
ZZPersistent,43.22266698
ZZPersistent,43.14418021
ZZPersistent,43.30115376
ZZPersistent,43.17627625
ZZPersistent,43.0960044
ZZPersistent,43.17557492
ZZPersistent,43.20434167
ZZPersistent,43.24175824
ZZPersistent,43.12848285
ZZPersistent,43.24175824
ZZPersistent,43.18074563
ZZPersistent,43.2148183
ZZPersistent,43.22007236
ZZPersistent,43.29330508
ZZPersistent,43.08636149
ZZPersistent,43.17557492
ZZPersistent,43.31685111
ZZPersistent,43.18360295
ZZPersistent,43.22605965
ZZPersistent,43.17789292
ZZPersistent,43.20774011
ZZPersistent,43.30115376
ZZPersistent,43.16501494
ZZPersistent,43.16789697
ZZPersistent,43.10995753
ZZPersistent,43.2148183
ZZPersistent,43.13633153
ZZPersistent,43.30115376
ZZPersistent,43.16772624
ZZPersistent,43.34379906
ZZPersistent,43.18342359
ZZPersistent,43.22793771
ZZPersistent,43.23473883
ZZPersistent,43.23051566
ZZPersistent,43.2854564
ZZPersistent,43.1711146
ZZPersistent,43.33254847
ZZPersistent,43.12848285
ZZPersistent,43.18342359
ZZPersistent,43.15987756
ZZPersistent,43.22793771
ZZPersistent,43.16772624
ZZPersistent,43.1381844
ZZPersistent,43.11170422
ZZPersistent,43.25406169
ZZPersistent,43.24621301
ZZPersistent,43.19647633
ZZPersistent,43.29330508
ZZPersistent,43.12848285
ZZPersistent,43.14418021
ZZPersistent,43.15202888
ZZPersistent,43.14418021
ZZPersistent,43.26975905
ZZPersistent,43.15202888
ZZPersistent,43.18753933
ZZPersistent,43.25406169
ZZPersistent,43.23836434
ZZPersistent,43.30115376
ZZPersistent,43.20251177
ZZPersistent,43.19200818
ZZPersistent,43.23836434
ZZPersistent,43.20541051
ZZPersistent,43.15003928
ZZPersistent,43.26975905
ZZPersistent,43.25745683
ZZPersistent,43.29330508
ZZPersistent,43.12632488
ZZPersistent,43.14418021
ZZPersistent,43.29330508
ZZPersistent,43.15987756
ZZPersistent,43.24621301
ZZPersistent,43.17627625
ZZPersistent,43.31580187
ZZPersistent,43.26191037
ZZPersistent,43.28440223
ZZPersistent,43.25406169
ZZPersistent,43.15880367
ZZPersistent,43.13633153
ZZPersistent,43.24621301
ZZPersistent,43.30115376
ZZPersistent,43.10493682
ZZPersistent,43.08139079
ZZPersistent,43.15202888
ZZPersistent,43.09708814
ZZPersistent,43.14756672
ZZPersistent,43.15202888
ZZPersistent,43.08139079
ZZPersistent,43.10047096
ZZPersistent,43.15665489
ZZPersistent,43.09708814
ZZPersistent,43.10493682
ZZPersistent,43.13971743
ZZPersistent,43.05784475
ZZPersistent,43.23730277
ZZPersistent,43.12063417
ZZPersistent,43.14987831
ZZPersistent,43.25406169
ZZPersistent,43.12063417
ZZPersistent,43.16326531
ZZPersistent,43.07354211
ZZPersistent,43.25745683
ZZPersistent,43.10047096
ZZPersistent,43.09708814
ZZPersistent,43.00180548
ZZPersistent,43.12063417
ZZPersistent,43.10385431
ZZPersistent,43.08923946
ZZPersistent,43.13633153
ZZPersistent,43.15987756
ZZPersistent,43.07692308
ZZPersistent,43.12848285
ZZPersistent,43.10832025
ZZPersistent,43.18681319
ZZPersistent,43.30115376
ZZPersistent,43.1127855
ZZPersistent,43.14971751
ZZPersistent,43.11955413
ZZPersistent,43.18110483
ZZPersistent,43.15202888
ZZPersistent,43.19127227
ZZPersistent,43.30795196
ZZPersistent,43.29330508
ZZPersistent,43.23836434
ZZPersistent,43.10493682
ZZPersistent,43.16541117
ZZPersistent,43.07583608
ZZPersistent,43.28100471
ZZPersistent,43.15987756
ZZPersistent,43.15987756
ZZPersistent,43.14418021
ZZPersistent,43.15987756
ZZPersistent,43.21588323
ZZPersistent,43.15987756
ZZPersistent,43.14418021
ZZPersistent,43.15987756
ZZPersistent,43.16772624
ZZPersistent,43.14418021
ZZPersistent,43.14418021
ZZPersistent,43.13633153
ZZPersistent,43.16326531
ZZPersistent,43.1127855
ZZPersistent,43.15202888
ZZPersistent,43.15202888
ZZPersistent,43.15987756
ZZPersistent,43.14418021
ZZPersistent,43.15202888
ZZPersistent,43.15202888
ZZPersistent,43.08923946
ZZPersistent,43.13633153
ZZPersistent,43.16326531
ZZPersistent,43.16095111
ZZPersistent,43.14418021
ZZPersistent,43.18342359
ZZPersistent,43.16772624
ZZPersistent,43.15987756
ZZPersistent,43.12956133
ZZPersistent,43.15756434
ZZPersistent,43.14418021
ZZPersistent,43.15202888
ZZPersistent,43.18110483
ZZPersistent,43.17557492
ZZPersistent,43.14756672
ZZPersistent,43.14971751
ZZPersistent,43.17557492
ZZPersistent,43.19127227
ZZPersistent,43.16541117
ZZPersistent,43.12848285
ZZPersistent,43.1127855
ZZPersistent,43.17557492
ZZPersistent,43.10493682
ZZPersistent,43.17896389
ZZPersistent,43.14971751
ZZPersistent,43.13402385
ZZPersistent,43.1630972
ZZPersistent,43.17450349
ZZPersistent,43.16772624
ZZPersistent,43.20696963
ZZPersistent,43.19912095
ZZPersistent,43.16772624
ZZPersistent,43.19127227
ZZPersistent,43.20696963
ZZPersistent,43.18342359
ZZPersistent,43.17557492
ZZPersistent,43.19912095
ZZPersistent,43.09817155
ZZPersistent,43.16772624
ZZPersistent,43.19912095
ZZPersistent,43.18342359
ZZPersistent,43.06798556
ZZPersistent,43.16541117
ZZPersistent,43.19912095
ZZPersistent,43.16772624
ZZPersistent,43.16965691
ZZPersistent,43.15987756
ZZPersistent,43.16772624
ZZPersistent,43.19912095
ZZPersistent,43.19127227
ZZPersistent,43.17557492
ZZPersistent,43.17557492
ZZPersistent,43.16772624
ZZPersistent,43.16772624
ZZPersistent,43.18342359
ZZPersistent,43.16965691
ZZPersistent,43.16772624
ZZPersistent,43.17004239
ZZPersistent,43.15987756
ZZPersistent,43.14418021
ZZPersistent,43.15202888
ZZPersistent,43.14664991
ZZPersistent,43.19912095
ZZPersistent,43.18342359
ZZPersistent,43.16772624
ZZPersistent,43.20696963
ZZPersistent,43.19127227
ZZPersistent,43.12848285
ZZPersistent,43.18895166
ZZPersistent,43.18895166
ZZPersistent,43.173258
ZZPersistent,43.16772624
ZZPersistent,43.19127227
ZZPersistent,43.22007236
ZZPersistent,43.06569343
ZZPersistent,43.19912095
ZZPersistent,43.15202888
ZZPersistent,43.2148183
ZZPersistent,43.18074563
ZZPersistent,43.3560945
ZZPersistent,43.1823534
ZZPersistent,43.18342359
ZZPersistent,43.22266698
ZZPersistent,43.18342359
ZZPersistent,43.20434167
ZZPersistent,43.16772624
ZZPersistent,43.15202888
ZZPersistent,43.13633153
ZZPersistent,43.19127227
ZZPersistent,43.21220702
ZZPersistent,43.15202888
ZZPersistent,43.19127227
ZZPersistent,43.12848285
ZZPersistent,43.2148183
ZZPersistent,43.20696963
ZZPersistent,43.18074563
ZZPersistent,43.16665358
ZZPersistent,43.17557492
ZZPersistent,43.16772624
ZZPersistent,43.22266698
ZZPersistent,43.16219187
ZZPersistent,43.15541601
ZZPersistent,43.1711146
ZZPersistent,43.20696963
ZZPersistent,43.19912095
ZZPersistent,43.21220702
ZZPersistent,43.16665358
ZZPersistent,43.32940715
ZZPersistent,43.20696963
ZZPersistent,43.20696963
ZZPersistent,43.13633153
ZZPersistent,43.2148183
ZZPersistent,43.19880419
ZZPersistent,43.17896389
ZZPersistent,43.15202888
ZZPersistent,43.19912095
ZZPersistent,43.21220702
ZZPersistent,43.13186813
ZZPersistent,43.12063417
ZZPersistent,43.19912095
ZZPersistent,43.18342359
ZZPersistent,43.22007236
ZZPersistent,43.16772624
ZZPersistent,43.16772624
ZZPersistent,43.20696963
ZZPersistent,43.19127227
ZZPersistent,43.17557492
ZZPersistent,43.16772624
ZZPersistent,43.2148183
ZZPersistent,43.12617702
ZZPersistent,43.15987756
ZZPersistent,43.19127227
ZZPersistent,43.18681319
ZZPersistent,43.19127227
ZZPersistent,43.13971743
ZZPersistent,43.20696963
ZZPersistent,43.15987756
ZZPersistent,43.23580305
ZZPersistent,43.20696963
ZZPersistent,43.09708814
ZZPersistent,43.15987756
ZZPersistent,43.22007236
ZZPersistent,43.18342359
ZZPersistent,43.18342359
ZZPersistent,43.01860137
ZZPersistent,43.16541117
ZZPersistent,43.16326531
ZZPersistent,43.15202888
ZZPersistent,43.18342359
ZZPersistent,43.15541601
ZZPersistent,43.20251177
ZZPersistent,43.18342359
ZZPersistent,43.22764292
ZZPersistent,43.19127227
ZZPersistent,43.18895166
ZZPersistent,43.15987756
ZZPersistent,43.12848285
ZZPersistent,43.19912095
ZZPersistent,43.13956225
ZZPersistent,43.14418021
ZZPersistent,43.2148183
ZZPersistent,43.16772624
ZZPersistent,43.16772624
ZZPersistent,43.16772624
ZZPersistent,43.2148183
ZZPersistent,43.15202888
ZZPersistent,43.18574344
ZZPersistent,43.20696963
ZZPersistent,43.11833019
ZZPersistent,43.12848285
ZZPersistent,43.17557492
ZZPersistent,43.13633153
ZZPersistent,43.16541117
ZZPersistent,43.15202888
ZZPersistent,43.25153374
ZZPersistent,43.14310385
ZZPersistent,43.2148183
ZZPersistent,43.19127227
ZZPersistent,43.12848285
ZZPersistent,43.18342359
ZZPersistent,43.12063417
ZZPersistent,43.14418021
ZZPersistent,43.15541601
ZZPersistent,43.15202888
ZZPersistent,43.22266698
ZZPersistent,43.16772624
ZZPersistent,43.16772624
ZZPersistent,43.18342359
ZZPersistent,43.18342359
ZZPersistent,43.15756434
ZZPersistent,43.07354211
ZZPersistent,43.22266698
ZZPersistent,43.14756672
ZZPersistent,43.19912095
ZZPersistent,43.22266698
ZZPersistent,43.12848285
ZZPersistent,43.16772624
ZZPersistent,43.16772624
ZZPersistent,43.19912095
ZZPersistent,43.15987756
ZZPersistent,43.20018834
ZZPersistent,43.15202888
ZZPersistent,43.19912095
ZZPersistent,43.13740877
ZZPersistent,43.18342359
ZZPersistent,43.20696963
ZZPersistent,43.14202716
ZZPersistent,43.15202888
ZZPersistent,43.15987756
ZZPersistent,43.19127227
ZZPersistent,43.15987756
ZZPersistent,43.19127227
ZZPersistent,43.12617702
ZZPersistent,43.17557492
ZZPersistent,43.17557492
ZZPersistent,43.16326531
ZZPersistent,43.24643617
ZZPersistent,43.18342359
ZZPersistent,43.15202888
ZZPersistent,43.2148183
ZZPersistent,43.1711146
ZZPersistent,43.18342359
ZZPersistent,43.13633153
ZZPersistent,43.0903241
ZZPersistent,43.37964053
ZZPersistent,43.16772624
ZZPersistent,43.15202888
ZZPersistent,43.08923946
ZZPersistent,43.19912095
ZZPersistent,43.12848285
ZZPersistent,43.12063417
ZZPersistent,43.16772624
ZZPersistent,43.15202888
