EPI_ISL_1211|Human|H1N1|1918|NorthAmerica|seasonal,1918,-586,43.8081936685289,2148,2148,47.3463687150838,42.0391061452514
EPI_ISL_69816|Human|H1N1|1933.025|Europe|seasonal,1933.025,-570.4,43.0633147113594,2148,2148,45.6703910614525,41.7597765363128
EPI_ISL_90462|Human|H1N1|1933.414|Europe|,1933.414,-570.4,43.0633147113594,2148,2148,45.6703910614525,41.7597765363128
EPI_ISL_66109|Human|H1N1|1932|Europe|seasonal,1932,-577,43.0167597765363,2148,2148,45.2513966480447,41.8994413407821
EPI_ISL_66108|Human|H1N1|1932|NorthAmerica|seasonal,1932,-570.3,42.8305400372439,2148,2148,44.5530726256983,41.9692737430168
EPI_ISL_69745|Human|H1N1|1933|Europe|seasonal,1933,-570.6,42.9236499068901,2148,2148,44.8324022346369,41.9692737430168
EPI_ISL_69822|Human|H1N1|1933|Europe|seasonal,1933,-570.6,42.9236499068901,2148,2148,44.8324022346369,41.9692737430168
EPI_ISL_147186|Human|H1N1|1935|NorthAmerica|,1935,-578.9,43.1564245810056,2148,2148,45.6703910614525,41.8994413407821
EPI_ISL_69244|Human|H1N1|1945|NorthAmerica|seasonal,1945,-564.3,42.5512104283054,2148,2148,44.6927374301676,41.4804469273743
EPI_ISL_84909|Human|H1N1|1948|NorthAmerica|,1948,-558.4,42.8970656730321,2147,2148,45.5307262569832,41.5793151642208
EPI_ISL_69277|Human|H1N1|1943|NorthAmerica|seasonal,1943,-564.1,42.9236499068901,2148,2148,45.391061452514,41.6899441340782
EPI_ISL_69245|Human|H1N1|1943|NorthAmerica|seasonal,1943,-565,42.9236499068901,2148,2148,45.5307262569832,41.6201117318436
EPI_ISL_5169|Human|H1N1|1947|NorthAmerica|seasonal,1947,-577.4,42.5977653631285,2148,2148,44.8324022346369,41.4804469273743
EPI_ISL_147188|Human|H1N1|1947|NorthAmerica|,1947,-576.2,42.5977653631285,2148,2148,44.6927374301676,41.5502793296089
EPI_ISL_6974|Human|H1N1|1954|Asia|seasonal,1954,-558.9,42.2718808193668,2148,2148,43.7150837988827,41.5502793296089
EPI_ISL_66101|Human|H1N1|1954|Asia|seasonal,1954,-558.9,42.2718808193668,2148,2148,43.7150837988827,41.5502793296089
EPI_ISL_143167|Human|H1N1|1954|Asia|,1954,-558.9,42.2718808193668,2148,2148,43.7150837988827,41.5502793296089
EPI_ISL_84910|Human|H1N1|1951|Europe|,1951,-563.1,42.6908752327747,2148,2148,44.6927374301676,41.6899441340782
EPI_ISL_7072|Human|H1N1|1951|NorthAmerica|seasonal,1951,-563.1,42.7839851024209,2148,2148,44.9720670391061,41.6899441340782
EPI_ISL_7093|Human|H1N1|1951|NorthAmerica|seasonal,1951,-563.1,42.6908752327747,2148,2148,44.6927374301676,41.6899441340782
EPI_ISL_7084|Human|H1N1|1951|NorthAmerica|seasonal,1951,-564.1,42.6908752327747,2148,2148,44.6927374301676,41.6899441340782
EPI_ISL_7063|Human|H1N1|1951|NorthAmerica|seasonal,1951,-563.1,42.6908752327747,2148,2148,44.6927374301676,41.6899441340782
EPI_ISL_66094|Human|H1N1|1957|NorthAmerica|seasonal,1957,-564.8,42.5977653631285,2148,2148,44.4134078212291,41.6899441340782
EPI_ISL_143164|Human|H1N1|1957|NorthAmerica|,1957,-564.8,42.5977653631285,2148,2148,44.4134078212291,41.6899441340782
EPI_ISL_130407|Human|H1N1|1957|Asia|,1957,-555.8,42.5512104283054,2148,2148,44.5530726256983,41.5502793296089
EPI_ISL_84889|Human|H1N1|1953|Europe|,1953,-561.1,42.5046554934823,2148,2148,44.2737430167598,41.6201117318436
EPI_ISL_84886|Human|H1N1|1954|Europe|,1954,-569.9,42.4581005586592,2148,2148,43.9944134078212,41.6899441340782
EPI_ISL_66099|Human|H1N1|1950|NorthAmerica|seasonal,1950,-571.3,42.9236499068901,2148,2148,45.2513966480447,41.7597765363128
EPI_ISL_147187|Human|H1N1|1950|NorthAmerica|,1950,-571.3,42.9236499068901,2148,2148,45.2513966480447,41.7597765363128
EPI_ISL_147189|Human|H1N1|1946|NorthAmerica|,1946,-574.7,42.6443202979516,2148,2148,44.9720670391061,41.4804469273743
EPI_ISL_69268|Human|H1N1|1939|NorthAmerica|seasonal,1939,-574.2,42.7374301675978,2148,2148,44.8324022346369,41.6899441340782
EPI_ISL_143169|Human|H1N1|1940|NorthAmerica|,1940,-574.2,42.7374301675978,2148,2148,44.8324022346369,41.6899441340782
EPI_ISL_66093|Human|H1N1|1946|NorthAmerica|seasonal,1946,-570.5,42.5977653631285,2148,2148,44.2737430167598,41.7597765363128
EPI_ISL_84890|Human|H1N1|1948|Europe|,1948,-558.8,42.7573358174197,2147,2148,45.2513966480447,41.5094339622642
EPI_ISL_66092|Human|H1N1|1942|NorthAmerica|seasonal,1942,-559.8,42.5512104283054,2148,2148,44.2737430167598,41.6899441340782
EPI_ISL_143168|Human|H1N1|1942|NorthAmerica|,1942,-559.8,42.5512104283054,2148,2148,44.2737430167598,41.6899441340782
EPI_ISL_66102|Human|H1N1|1934|Oceania|seasonal,1934,-571,42.9702048417132,2148,2148,45.391061452514,41.7597765363128
EPI_ISL_147194|Human|H1N1|1935|Oceania|,1935,-571,42.9702048417132,2148,2148,45.391061452514,41.7597765363128
EPI_ISL_69777|Human|H1N1|1946|Oceania|seasonal,1946,-561.1,42.7374301675978,2148,2148,45.1117318435754,41.5502793296089
EPI_ISL_69288|Human|H1N1|1946|Oceania|seasonal,1946,-561.1,42.7374301675978,2148,2148,45.1117318435754,41.5502793296089
EPI_ISL_69300|Human|H1N1|1935|NorthAmerica|seasonal,1935,-567.7,42.5512104283054,2148,2148,44.1340782122905,41.7597765363128
EPI_ISL_69267|Human|H1N1|1936|NorthAmerica|seasonal,1936,-557.8,42.2449930135072,2147,2148,43.9944134078212,41.3696715583508
EPI_ISL_381064|Human|H1N1|1934|NorthAmerica|,1934,-557.5,42.3184357541899,2148,2148,43.854748603352,41.5502793296089
EPI_ISL_73426|Human|H1N1|1934|NorthAmerica|,1934,-561.7,42.0391061452514,2148,2148,43.1564245810056,41.4804469273743
EPI_ISL_143160|Human|H1N1|1934|NorthAmerica|,1934,-562.1,42.1322160148976,2148,2148,43.4357541899441,41.4804469273743
EPI_ISL_147173|Human|H1N1|1934|NorthAmerica|,1934,-562.1,42.1322160148976,2148,2148,43.4357541899441,41.4804469273743
EPI_ISL_123173|Human|H1N1|1993|NorthAmerica|,1993,-563.8,42.0856610800745,2148,2148,42.7374301675978,41.7597765363128
EPI_ISL_5621|Human|H1N1|1995.578|NorthAmerica|seasonal,1995.578,-569.1,42.0856610800745,2148,2148,42.7374301675978,41.7597765363128
EPI_ISL_503069|Human|H1N1|1996|SouthAmerica|,1996,-571.2,41.8063314711359,2148,2148,42.0391061452514,41.6899441340782
EPI_ISL_147193|Human|H1N1|1991|NorthAmerica|,1991,-573.8,42.364990689013,2148,2148,43.7150837988827,41.6899441340782
EPI_ISL_368441|Human|H1N1|2014.871|NorthAmerica|,2014.871,-572.6,42.364990689013,2148,2148,43.7150837988827,41.6899441340782
EPI_ISL_368433|Human|H1N1|2014.83|NorthAmerica|,2014.83,-573.3,42.3184357541899,2148,2148,43.7150837988827,41.6201117318436
EPI_ISL_368426|Human|H1N1|2014.83|NorthAmerica|,2014.83,-573.3,42.3184357541899,2148,2148,43.7150837988827,41.6201117318436
EPI_ISL_368465|Human|H1N1|2014.964|NorthAmerica|,2014.964,-572.6,42.364990689013,2148,2148,43.7150837988827,41.6899441340782
EPI_ISL_368464|Human|H1N1|2014.964|NorthAmerica|,2014.964,-573.3,42.3184357541899,2148,2148,43.7150837988827,41.6201117318436
EPI_ISL_368463|Human|H1N1|2014.964|NorthAmerica|,2014.964,-572.6,42.364990689013,2148,2148,43.7150837988827,41.6899441340782
EPI_ISL_368462|Human|H1N1|2014.964|NorthAmerica|,2014.964,-572.6,42.364990689013,2148,2148,43.7150837988827,41.6899441340782
EPI_ISL_368461|Human|H1N1|2014.964|NorthAmerica|,2014.964,-572.6,42.364990689013,2148,2148,43.7150837988827,41.6899441340782
EPI_ISL_368460|Human|H1N1|2014.964|NorthAmerica|,2014.964,-573.3,42.3184357541899,2148,2148,43.7150837988827,41.6201117318436
EPI_ISL_368459|Human|H1N1|2014.964|NorthAmerica|,2014.964,-573.3,42.3184357541899,2148,2148,43.7150837988827,41.6201117318436
EPI_ISL_368458|Human|H1N1|2014.964|NorthAmerica|,2014.964,-571.8,42.2718808193668,2148,2148,43.7150837988827,41.5502793296089
EPI_ISL_368457|Human|H1N1|2014.964|NorthAmerica|,2014.964,-572.4,42.3184357541899,2148,2148,43.7150837988827,41.6201117318436
EPI_ISL_368456|Human|H1N1|2014.964|NorthAmerica|,2014.964,-573.3,42.3184357541899,2148,2148,43.7150837988827,41.6201117318436
EPI_ISL_368455|Human|H1N1|2014.926|NorthAmerica|,2014.926,-572.6,42.364990689013,2148,2148,43.7150837988827,41.6899441340782
EPI_ISL_368454|Human|H1N1|2014.926|NorthAmerica|,2014.926,-572.6,42.364990689013,2148,2148,43.7150837988827,41.6899441340782
EPI_ISL_368453|Human|H1N1|2014.926|NorthAmerica|,2014.926,-572.6,42.364990689013,2148,2148,43.7150837988827,41.6899441340782
EPI_ISL_368452|Human|H1N1|2014.926|NorthAmerica|,2014.926,-572.6,42.364990689013,2148,2148,43.7150837988827,41.6899441340782
EPI_ISL_368451|Human|H1N1|2014.926|NorthAmerica|,2014.926,-572.6,42.364990689013,2148,2148,43.7150837988827,41.6899441340782
EPI_ISL_368450|Human|H1N1|2014.926|NorthAmerica|,2014.926,-574.9,42.3184357541899,2148,2148,43.7150837988827,41.6201117318436
EPI_ISL_368449|Human|H1N1|2014.926|NorthAmerica|,2014.926,-573.3,42.3184357541899,2148,2148,43.7150837988827,41.6201117318436
EPI_ISL_368448|Human|H1N1|2014.926|NorthAmerica|,2014.926,-573.3,42.3184357541899,2148,2148,43.7150837988827,41.6201117318436
EPI_ISL_368447|Human|H1N1|2014.926|NorthAmerica|,2014.926,-573.3,42.3184357541899,2148,2148,43.7150837988827,41.6201117318436
EPI_ISL_368446|Human|H1N1|2014.926|NorthAmerica|,2014.926,-573.3,42.3184357541899,2148,2148,43.7150837988827,41.6201117318436
EPI_ISL_368445|Human|H1N1|2014.871|NorthAmerica|,2014.871,-572.6,42.364990689013,2148,2148,43.7150837988827,41.6899441340782
EPI_ISL_368444|Human|H1N1|2014.871|NorthAmerica|,2014.871,-573.3,42.3184357541899,2148,2148,43.7150837988827,41.6201117318436
EPI_ISL_368443|Human|H1N1|2014.871|NorthAmerica|,2014.871,-573.3,42.3184357541899,2148,2148,43.7150837988827,41.6201117318436
EPI_ISL_368440|Human|H1N1|2014.871|NorthAmerica|,2014.871,-573.3,42.3184357541899,2148,2148,43.7150837988827,41.6201117318436
EPI_ISL_368439|Human|H1N1|2014.871|NorthAmerica|,2014.871,-573.3,42.3184357541899,2148,2148,43.7150837988827,41.6201117318436
EPI_ISL_368438|Human|H1N1|2014.871|NorthAmerica|,2014.871,-573.3,42.3184357541899,2148,2148,43.7150837988827,41.6201117318436
EPI_ISL_368437|Human|H1N1|2014.871|NorthAmerica|,2014.871,-573.3,42.3184357541899,2148,2148,43.7150837988827,41.6201117318436
EPI_ISL_368436|Human|H1N1|2014.871|NorthAmerica|,2014.871,-573.3,42.3184357541899,2148,2148,43.7150837988827,41.6201117318436
EPI_ISL_368435|Human|H1N1|2014.83|NorthAmerica|,2014.83,-573.3,42.3184357541899,2148,2148,43.7150837988827,41.6201117318436
EPI_ISL_368434|Human|H1N1|2014.83|NorthAmerica|,2014.83,-573.3,42.3184357541899,2148,2148,43.7150837988827,41.6201117318436
EPI_ISL_368432|Human|H1N1|2014.83|NorthAmerica|,2014.83,-573.3,42.3184357541899,2148,2148,43.7150837988827,41.6201117318436
EPI_ISL_368431|Human|H1N1|2014.83|NorthAmerica|,2014.83,-573.3,42.3184357541899,2148,2148,43.7150837988827,41.6201117318436
EPI_ISL_368430|Human|H1N1|2014.83|NorthAmerica|,2014.83,-573.3,42.3184357541899,2148,2148,43.7150837988827,41.6201117318436
EPI_ISL_368429|Human|H1N1|2014.83|NorthAmerica|,2014.83,-573.3,42.3184357541899,2148,2148,43.7150837988827,41.6201117318436
EPI_ISL_368428|Human|H1N1|2014.83|NorthAmerica|,2014.83,-573.3,42.3184357541899,2148,2148,43.7150837988827,41.6201117318436
EPI_ISL_368427|Human|H1N1|2014.83|NorthAmerica|,2014.83,-572.6,42.364990689013,2148,2148,43.7150837988827,41.6899441340782
EPI_ISL_368425|Human|H1N1|2014.8|NorthAmerica|,2014.8,-573.3,42.3184357541899,2148,2148,43.7150837988827,41.6201117318436
EPI_ISL_368424|Human|H1N1|2014.8|NorthAmerica|,2014.8,-573.3,42.3184357541899,2148,2148,43.7150837988827,41.6201117318436
EPI_ISL_368423|Human|H1N1|2014.8|NorthAmerica|,2014.8,-573.3,42.3184357541899,2148,2148,43.7150837988827,41.6201117318436
EPI_ISL_368422|Human|H1N1|2014.8|NorthAmerica|,2014.8,-573.3,42.3184357541899,2148,2148,43.7150837988827,41.6201117318436
EPI_ISL_368421|Human|H1N1|2014.8|NorthAmerica|,2014.8,-573.3,42.3184357541899,2148,2148,43.7150837988827,41.6201117318436
EPI_ISL_368420|Human|H1N1|2014.8|NorthAmerica|,2014.8,-573.3,42.3184357541899,2148,2148,43.7150837988827,41.6201117318436
EPI_ISL_368419|Human|H1N1|2014.8|NorthAmerica|,2014.8,-573.3,42.3184357541899,2148,2148,43.7150837988827,41.6201117318436
EPI_ISL_368418|Human|H1N1|2014.8|NorthAmerica|,2014.8,-573.3,42.3184357541899,2148,2148,43.7150837988827,41.6201117318436
EPI_ISL_368417|Human|H1N1|2014.8|NorthAmerica|,2014.8,-573.3,42.3184357541899,2148,2148,43.7150837988827,41.6201117318436
EPI_ISL_368416|Human|H1N1|2014.8|NorthAmerica|,2014.8,-573.3,42.3184357541899,2148,2148,43.7150837988827,41.6201117318436
EPI_ISL_368466|Human|H1N1|2014|NorthAmerica|,2014,-573.3,42.3184357541899,2148,2148,43.7150837988827,41.6201117318436
EPI_ISL_368442|Human|H1N1|2014.871|NorthAmerica|,2014.871,-573.3,42.3184357541899,2148,2148,43.7150837988827,41.6201117318436
EPI_ISL_10251|Human|H1N1|1986|Asia|seasonal,1986,-561.2,42.0391061452514,2148,2148,42.4581005586592,41.8296089385475
EPI_ISL_6837|Human|H1N1|1987|NorthAmerica|seasonal,1987,-555.3,42.0391061452514,2148,2148,42.4581005586592,41.8296089385475
EPI_ISL_6774|Human|H1N1|1986|NorthAmerica|seasonal,1986,-567.9,42.1787709497207,2148,2148,42.5977653631285,41.9692737430168
EPI_ISL_6838|Human|H1N1|1987|NorthAmerica|seasonal,1987,-558.2,41.9459962756052,2148,2148,42.3184357541899,41.7597765363128
EPI_ISL_7081|Human|H1N1|1987|NorthAmerica|seasonal,1987,-552.9,41.852886405959,2148,2148,42.0391061452514,41.7597765363128
EPI_ISL_6914|Human|H1N1|1986|NorthAmerica|seasonal,1986,-556.6,42.0121099208197,2147,2148,42.3776223776224,41.8296089385475
EPI_ISL_7052|Human|H1N1|1986|NorthAmerica|seasonal,1986,-563.6,42.1322160148976,2148,2148,42.7374301675978,41.8296089385475
EPI_ISL_27634|Human|H1N1|1989.003|Europe|seasonal,1989.003,-553.1,42.0856610800745,2148,2148,42.877094972067,41.6899441340782
EPI_ISL_68916|Human|H1N1|1987|Europe|seasonal,1987,-562.9,42.0856610800745,2148,2148,42.4581005586592,41.8994413407821
EPI_ISL_6905|Human|H1N1|1986|Asia|seasonal,1986,-561,42.0121099208197,2147,2148,42.4581005586592,41.7889587700908
EPI_ISL_173282|Human|H1N1|1986|Oceania|seasonal,1986,-561.2,42.0391061452514,2148,2148,42.4581005586592,41.8296089385475
EPI_ISL_6902|Human|H1N1|1980|Asia|seasonal,1980,-560.8,42.364990689013,2148,2148,43.5754189944134,41.7597765363128
EPI_ISL_5327|Human|H1N1|1980|NorthAmerica|seasonal,1980,-558.9,42.4115456238361,2148,2148,43.5754189944134,41.8296089385475
EPI_ISL_6972|Human|H1N1|1981|NorthAmerica|seasonal,1981,-562,42.3184357541899,2148,2148,43.5754189944134,41.6899441340782
EPI_ISL_5569|Human|H1N1|1983|NorthAmerica|seasonal,1983,-554.8,42.0391061452514,2148,2148,42.7374301675978,41.6899441340782
EPI_ISL_5568|Human|H1N1|1983|NorthAmerica|seasonal,1983,-558,42.3184357541899,2148,2148,43.5754189944134,41.6899441340782
EPI_ISL_6835|Human|H1N1|1983|NorthAmerica|seasonal,1983,-554.3,42.2253258845438,2148,2148,42.7374301675978,41.9692737430168
EPI_ISL_5261|Human|H1N1|1982|NorthAmerica|seasonal,1982,-552.1,42.1322160148976,2148,2148,42.5977653631285,41.8994413407821
EPI_ISL_5170|Human|H1N1|1982|NorthAmerica|seasonal,1982,-550.9,42.0391061452514,2148,2148,42.4581005586592,41.8296089385475
EPI_ISL_6154|Human|H1N1|1983|NorthAmerica|seasonal,1983,-554.5,42.1322160148976,2148,2148,42.7374301675978,41.8296089385475
EPI_ISL_6871|Human|H1N1|1980|NorthAmerica|seasonal,1980,-561.7,42.5512104283054,2148,2148,43.9944134078212,41.8296089385475
EPI_ISL_6855|Human|H1N1|1978|NorthAmerica|seasonal,1978,-553.7,42.3184357541899,2148,2148,43.9944134078212,41.4804469273743
EPI_ISL_6870|Human|H1N1|1978|NorthAmerica|seasonal,1978,-555.3,42.364990689013,2148,2148,43.854748603352,41.6201117318436
EPI_ISL_7060|Human|H1N1|1978|NorthAmerica|seasonal,1978,-553.5,42.364990689013,2148,2148,43.854748603352,41.6201117318436
EPI_ISL_6869|Human|H1N1|1978|NorthAmerica|seasonal,1978,-559.1,42.5046554934823,2148,2148,44.1340782122905,41.6899441340782
EPI_ISL_5135|Human|H1N1|1977|Asia|seasonal,1977,-555.3,42.4115456238361,2148,2148,43.9944134078212,41.6201117318436
EPI_ISL_5324|Human|H1N1|1978|NorthAmerica|seasonal,1978,-549.2,42.2253258845438,2148,2148,43.5754189944134,41.5502793296089
EPI_ISL_5134|Human|H1N1|1977|Europe|seasonal,1977,-552,42.4581005586592,2148,2148,44.1340782122905,41.6201117318436
EPI_ISL_5322|Human|H1N1|1978|NorthAmerica|seasonal,1978,-553,42.4115456238361,2148,2148,43.9944134078212,41.6201117318436
EPI_ISL_5373|Human|H1N1|1978|NorthAmerica|seasonal,1978,-551.3,42.364990689013,2148,2148,43.854748603352,41.6201117318436
EPI_ISL_5325|Human|H1N1|1978|NorthAmerica|seasonal,1978,-551.3,42.4115456238361,2148,2148,43.9944134078212,41.6201117318436
EPI_ISL_5323|Human|H1N1|1978|NorthAmerica|seasonal,1978,-553.2,42.4115456238361,2148,2148,43.9944134078212,41.6201117318436
EPI_ISL_6454|Human|H1N1|1978|NorthAmerica|seasonal,1978,-548.9,42.3184357541899,2148,2148,43.7150837988827,41.6201117318436
EPI_ISL_66105|Human|H1N1|1977|Europe|seasonal,1977,-551.3,42.4115456238361,2148,2148,43.9944134078212,41.6201117318436
EPI_ISL_66104|Human|H1N1|1977|Europe|seasonal,1977,-550.7,42.364990689013,2148,2148,43.854748603352,41.6201117318436
EPI_ISL_127646|Human|H1N1|1977|Europe|,1977,-551.3,42.4115456238361,2148,2148,43.9944134078212,41.6201117318436
EPI_ISL_243351|Human|H1N1|1977|Europe|,1977,-553.5,42.4115456238361,2148,2148,43.9944134078212,41.6201117318436
EPI_ISL_5326|Human|H1N1|1978|NorthAmerica|seasonal,1978,-551.4,42.364990689013,2148,2148,43.854748603352,41.6201117318436
EPI_ISL_6915|Human|H1N1|1977|Asia|seasonal,1977,-546.9,42.2253258845438,2148,2148,43.2960893854749,41.6899441340782
EPI_ISL_147192|Human|H1N1|1951|NorthAmerica|,1951,-556.8,42.4581005586592,2148,2148,43.9944134078212,41.6899441340782
EPI_ISL_69304|Human|H1N1|1949|Europe|seasonal,1949,-557.8,42.2718808193668,2148,2148,43.4357541899441,41.6899441340782
EPI_ISL_147190|Human|H1N1|1949|NorthAmerica|,1949,-559.6,42.3184357541899,2148,2148,43.5754189944134,41.6899441340782
EPI_ISL_6853|Human|H1N1|1948|NorthAmerica|seasonal,1948,-562.6,42.4581005586592,2148,2148,43.9944134078212,41.6899441340782
EPI_ISL_7048|Human|H1N1|1950|NorthAmerica|seasonal,1950,-566.2,42.4115456238361,2148,2148,43.9944134078212,41.6201117318436
EPI_ISL_173281|Human|H1N1|1983|Oceania|seasonal,1983,-564.6,42.2718808193668,2148,2148,43.2960893854749,41.7597765363128
EPI_ISL_6900|Human|H1N1|1983|SouthAmerica|seasonal,1983,-568,42.364990689013,2148,2148,43.5754189944134,41.7597765363128
EPI_ISL_125876|Human|H1N1|1983|SouthAmerica|,1983,-568,42.364990689013,2148,2148,43.5754189944134,41.7597765363128
EPI_ISL_6772|Human|H1N1|1983|NorthAmerica|seasonal,1983,-564.7,42.3184357541899,2148,2148,43.4357541899441,41.7597765363128
EPI_ISL_6786|Human|H1N1|1983|NorthAmerica|seasonal,1983,-564.7,42.3184357541899,2148,2148,43.4357541899441,41.7597765363128
EPI_ISL_5375|Human|H1N1|1983|NorthAmerica|seasonal,1983,-565.1,42.364990689013,2148,2148,43.5754189944134,41.7597765363128
EPI_ISL_6463|Human|H1N1|1983|NorthAmerica|seasonal,1983,-565.1,42.364990689013,2148,2148,43.5754189944134,41.7597765363128
EPI_ISL_6516|Human|H1N1|1983|NorthAmerica|seasonal,1983,-565.1,42.364990689013,2148,2148,43.5754189944134,41.7597765363128
EPI_ISL_5328|Human|H1N1|1983|NorthAmerica|seasonal,1983,-565.1,42.4115456238361,2148,2148,43.7150837988827,41.7597765363128
EPI_ISL_5374|Human|H1N1|1983|NorthAmerica|seasonal,1983,-565.1,42.4115456238361,2148,2148,43.7150837988827,41.7597765363128
EPI_ISL_6517|Human|H1N1|1983|NorthAmerica|seasonal,1983,-565.1,42.364990689013,2148,2148,43.5754189944134,41.7597765363128
EPI_ISL_6773|Human|H1N1|1983|NorthAmerica|seasonal,1983,-564.9,42.3184357541899,2148,2148,43.5754189944134,41.6899441340782
EPI_ISL_6768|Human|H1N1|1983|NorthAmerica|seasonal,1983,-565.5,42.4115456238361,2148,2148,43.5754189944134,41.8296089385475
EPI_ISL_6771|Human|H1N1|1983|NorthAmerica|seasonal,1983,-565.1,42.364990689013,2148,2148,43.5754189944134,41.7597765363128
EPI_ISL_6767|Human|H1N1|1983|NorthAmerica|seasonal,1983,-565.1,42.364990689013,2148,2148,43.5754189944134,41.7597765363128
EPI_ISL_6878|Human|H1N1|1983|NorthAmerica|seasonal,1983,-565.1,42.364990689013,2148,2148,43.5754189944134,41.7597765363128
EPI_ISL_5693|Human|H1N1|1983|NorthAmerica|seasonal,1983,-565.1,42.364990689013,2148,2148,43.5754189944134,41.7597765363128
EPI_ISL_6440|Human|H1N1|1983|NorthAmerica|seasonal,1983,-562.1,42.2718808193668,2148,2148,43.4357541899441,41.6899441340782
EPI_ISL_6438|Human|H1N1|1983|NorthAmerica|seasonal,1983,-565.1,42.364990689013,2148,2148,43.5754189944134,41.7597765363128
EPI_ISL_5336|Human|H1N1|1983|NorthAmerica|seasonal,1983,-565.1,42.364990689013,2148,2148,43.5754189944134,41.7597765363128
EPI_ISL_5335|Human|H1N1|1983|NorthAmerica|seasonal,1983,-565.1,42.364990689013,2148,2148,43.5754189944134,41.7597765363128
EPI_ISL_5334|Human|H1N1|1983|NorthAmerica|seasonal,1983,-565.1,42.364990689013,2148,2148,43.5754189944134,41.7597765363128
EPI_ISL_5333|Human|H1N1|1983|NorthAmerica|seasonal,1983,-563.4,42.4115456238361,2148,2148,43.5754189944134,41.8296089385475
EPI_ISL_5332|Human|H1N1|1983|NorthAmerica|seasonal,1983,-565.1,42.364990689013,2148,2148,43.5754189944134,41.7597765363128
EPI_ISL_5331|Human|H1N1|1983|NorthAmerica|seasonal,1983,-565.6,42.3184357541899,2148,2148,43.4357541899441,41.7597765363128
EPI_ISL_5330|Human|H1N1|1983|NorthAmerica|seasonal,1983,-565.6,42.3184357541899,2148,2148,43.4357541899441,41.7597765363128
EPI_ISL_5329|Human|H1N1|1983|NorthAmerica|seasonal,1983,-565.1,42.4115456238361,2148,2148,43.7150837988827,41.7597765363128
EPI_ISL_5513|Human|H1N1|1983|NorthAmerica|seasonal,1983,-565.1,42.3184357541899,2148,2148,43.4357541899441,41.7597765363128
EPI_ISL_5620|Human|H1N1|1983|NorthAmerica|seasonal,1983,-565.1,42.364990689013,2148,2148,43.5754189944134,41.7597765363128
EPI_ISL_6462|Human|H1N1|1983|NorthAmerica|seasonal,1983,-563.6,42.3184357541899,2148,2148,43.5754189944134,41.6899441340782
EPI_ISL_6461|Human|H1N1|1983|NorthAmerica|seasonal,1983,-565.1,42.364990689013,2148,2148,43.5754189944134,41.7597765363128
EPI_ISL_6437|Human|H1N1|1983|NorthAmerica|seasonal,1983,-563.6,42.3184357541899,2148,2148,43.5754189944134,41.6899441340782
EPI_ISL_6436|Human|H1N1|1983|NorthAmerica|seasonal,1983,-565.1,42.364990689013,2148,2148,43.5754189944134,41.7597765363128
EPI_ISL_6434|Human|H1N1|1983|NorthAmerica|seasonal,1983,-563.6,42.3184357541899,2148,2148,43.5754189944134,41.6899441340782
EPI_ISL_6433|Human|H1N1|1983|NorthAmerica|seasonal,1983,-565.1,42.364990689013,2148,2148,43.5754189944134,41.7597765363128
EPI_ISL_6836|Human|H1N1|1983|NorthAmerica|seasonal,1983,-562.6,42.3184357541899,2148,2148,43.5754189944134,41.6899441340782
EPI_ISL_6787|Human|H1N1|1983|NorthAmerica|seasonal,1983,-565.1,42.364990689013,2148,2148,43.5754189944134,41.7597765363128
EPI_ISL_6766|Human|H1N1|1983|NorthAmerica|seasonal,1983,-565.1,42.364990689013,2148,2148,43.5754189944134,41.7597765363128
EPI_ISL_6770|Human|H1N1|1983|NorthAmerica|seasonal,1983,-564.9,42.364990689013,2148,2148,43.5754189944134,41.7597765363128
EPI_ISL_7929|Human|H1N1|1983|NorthAmerica|seasonal,1983,-564.9,42.364990689013,2148,2148,43.5754189944134,41.7597765363128
EPI_ISL_6785|Human|H1N1|1983|NorthAmerica|seasonal,1983,-563.9,42.3184357541899,2148,2148,43.4357541899441,41.7597765363128
EPI_ISL_6439|Human|H1N1|1983|NorthAmerica|seasonal,1983,-565.1,42.364990689013,2148,2148,43.5754189944134,41.7597765363128
EPI_ISL_6435|Human|H1N1|1983|NorthAmerica|seasonal,1983,-565.1,42.364990689013,2148,2148,43.5754189944134,41.7597765363128
EPI_ISL_6769|Human|H1N1|1983|NorthAmerica|seasonal,1983,-565.1,42.364990689013,2148,2148,43.5754189944134,41.7597765363128
EPI_ISL_6872|Human|H1N1|1983|Oceania|seasonal,1983,-564.9,42.3184357541899,2148,2148,43.4357541899441,41.7597765363128
EPI_ISL_6973|Human|H1N1|1982|Europe|seasonal,1982,-564.9,42.3184357541899,2148,2148,43.4357541899441,41.7597765363128
EPI_ISL_6906|Human|H1N1|1984|Oceania|seasonal,1984,-560.9,42.2253258845438,2148,2148,43.1564245810056,41.7597765363128
EPI_ISL_7051|Human|H1N1|1984|NorthAmerica|seasonal,1984,-559.8,42.0856610800745,2148,2148,42.877094972067,41.6899441340782
EPI_ISL_27596|Human|H1N1|1989.005|Europe|seasonal,1989.005,-566.5,41.852886405959,2148,2148,42.0391061452514,41.7597765363128
EPI_ISL_173276|Human|H1N1|1991.551|Oceania|seasonal,1991.551,-573.1,42.1787709497207,2148,2148,43.1564245810056,41.6899441340782
EPI_ISL_10111|Human|H1N1|1996|Asia|seasonal,1996,-575.4,42.0856610800745,2148,2148,42.877094972067,41.6899441340782
EPI_ISL_123174|Human|H1N1|1995|Asia|,1995,-577.4,42.4115456238361,2148,2148,43.854748603352,41.6899441340782
EPI_ISL_27598|Human|H1N1|1995.964|Europe|seasonal,1995.964,-580.7,42.4115456238361,2148,2148,43.5754189944134,41.8296089385475
EPI_ISL_5371|Human|H1N1|1995.942|NorthAmerica|seasonal,1995.942,-578.7,42.364990689013,2148,2148,43.7150837988827,41.6899441340782
EPI_ISL_6969|Human|H1N1|1996|NorthAmerica|seasonal,1996,-579.4,42.3184357541899,2148,2148,43.7150837988827,41.6201117318436
EPI_ISL_5619|Human|H1N1|1996.019|NorthAmerica|seasonal,1996.019,-574.5,42.0856610800745,2148,2148,43.1564245810056,41.5502793296089
EPI_ISL_6840|Human|H1N1|1996|NorthAmerica|seasonal,1996,-584.1,42.364990689013,2148,2148,43.7150837988827,41.6899441340782
EPI_ISL_5320|Human|H1N1|1996.003|NorthAmerica|seasonal,1996.003,-576.1,42.3184357541899,2148,2148,43.7150837988827,41.6201117318436
EPI_ISL_6404|Human|H1N1|1995.953|NorthAmerica|seasonal,1995.953,-579.8,42.4115456238361,2148,2148,43.854748603352,41.6899441340782
EPI_ISL_5317|Human|H1N1|1995.929|NorthAmerica|seasonal,1995.929,-578.9,42.4115456238361,2148,2148,43.7150837988827,41.7597765363128
EPI_ISL_5283|Human|H1N1|1995.874|NorthAmerica|seasonal,1995.874,-578.3,42.4115456238361,2148,2148,43.854748603352,41.6899441340782
EPI_ISL_5308|Human|H1N1|1995.907|NorthAmerica|seasonal,1995.907,-578.6,42.4581005586592,2148,2148,43.9944134078212,41.6899441340782
EPI_ISL_6844|Human|H1N1|1996|NorthAmerica|seasonal,1996,-578.7,42.364990689013,2148,2148,43.7150837988827,41.6899441340782
EPI_ISL_6879|Human|H1N1|1996|NorthAmerica|seasonal,1996,-575.8,42.364990689013,2148,2148,43.7150837988827,41.6899441340782
EPI_ISL_6777|Human|H1N1|1996|NorthAmerica|seasonal,1996,-578.7,42.364990689013,2148,2148,43.7150837988827,41.6899441340782
EPI_ISL_6841|Human|H1N1|1996|NorthAmerica|seasonal,1996,-578.7,42.364990689013,2148,2148,43.7150837988827,41.6899441340782
EPI_ISL_5315|Human|H1N1|1995.948|NorthAmerica|seasonal,1995.948,-578.7,42.364990689013,2148,2148,43.7150837988827,41.6899441340782
EPI_ISL_5276|Human|H1N1|1995.871|NorthAmerica|seasonal,1995.871,-578.7,42.364990689013,2148,2148,43.7150837988827,41.6899441340782
EPI_ISL_6155|Human|H1N1|1995.332|NorthAmerica|seasonal,1995.332,-577.3,42.4115456238361,2148,2148,43.4357541899441,41.8994413407821
EPI_ISL_5319|Human|H1N1|1996.003|NorthAmerica|seasonal,1996.003,-576.7,42.1787709497207,2148,2148,43.0167597765363,41.7597765363128
EPI_ISL_5278|Human|H1N1|1995.934|NorthAmerica|seasonal,1995.934,-576.7,42.2253258845438,2148,2148,43.1564245810056,41.7597765363128
EPI_ISL_5370|Human|H1N1|1995.945|NorthAmerica|seasonal,1995.945,-576.7,42.2253258845438,2148,2148,43.1564245810056,41.7597765363128
EPI_ISL_5692|Human|H1N1|1995.962|NorthAmerica|seasonal,1995.962,-576.4,42.2718808193668,2148,2148,43.2960893854749,41.7597765363128
EPI_ISL_5318|Human|H1N1|1995.918|NorthAmerica|seasonal,1995.918,-572.8,42.1787709497207,2148,2148,43.0167597765363,41.7597765363128
EPI_ISL_5566|Human|H1N1|1995.986|NorthAmerica|seasonal,1995.986,-576.7,42.1787709497207,2148,2148,43.0167597765363,41.7597765363128
EPI_ISL_5565|Human|H1N1|1995.989|NorthAmerica|seasonal,1995.989,-576.7,42.2253258845438,2148,2148,43.1564245810056,41.7597765363128
EPI_ISL_5433|Human|H1N1|1996.104|NorthAmerica|seasonal,1996.104,-575.2,42.1787709497207,2148,2148,43.0167597765363,41.7597765363128
EPI_ISL_5567|Human|H1N1|1995.953|NorthAmerica|seasonal,1995.953,-576.1,42.2718808193668,2148,2148,43.1564245810056,41.8296089385475
EPI_ISL_173283|Human|H1N1|1995|Oceania|seasonal,1995,-575.4,42.364990689013,2148,2148,43.5754189944134,41.7597765363128
EPI_ISL_6776|Human|H1N1|1996|NorthAmerica|seasonal,1996,-576.9,42.364990689013,2148,2148,43.4357541899441,41.8296089385475
EPI_ISL_6775|Human|H1N1|1996|NorthAmerica|seasonal,1996,-576.9,42.364990689013,2148,2148,43.4357541899441,41.8296089385475
EPI_ISL_6839|Human|H1N1|1996|NorthAmerica|seasonal,1996,-578.7,42.2253258845438,2148,2148,43.1564245810056,41.7597765363128
EPI_ISL_5434|Human|H1N1|1995.923|NorthAmerica|seasonal,1995.923,-578.4,42.364990689013,2148,2148,43.5754189944134,41.7597765363128
EPI_ISL_123175|Human|H1N1|1996|Asia|,1996,-579.5,42.3184357541899,2148,2148,43.4357541899441,41.7597765363128
EPI_ISL_6778|Human|H1N1|1996|NorthAmerica|seasonal,1996,-581.7,42.3184357541899,2148,2148,43.5754189944134,41.6899441340782
EPI_ISL_5281|Human|H1N1|1995.975|NorthAmerica|seasonal,1995.975,-576.5,42.2718808193668,2148,2148,43.2960893854749,41.7597765363128
EPI_ISL_279682|Human|H1N1|1995|Europe|,1995,-571.3,42.2253258845438,2148,2148,43.2960893854749,41.6899441340782
EPI_ISL_5282|Human|H1N1|1995.986|NorthAmerica|seasonal,1995.986,-579.3,42.3184357541899,2148,2148,43.5754189944134,41.6899441340782
EPI_ISL_5618|Human|H1N1|1995.942|NorthAmerica|seasonal,1995.942,-582,42.364990689013,2148,2148,43.7150837988827,41.6899441340782
EPI_ISL_5279|Human|H1N1|1995.912|NorthAmerica|seasonal,1995.912,-587,42.4115456238361,2148,2148,43.5754189944134,41.8296089385475
EPI_ISL_5277|Human|H1N1|1995.951|NorthAmerica|seasonal,1995.951,-581.5,42.1787709497207,2148,2148,43.1564245810056,41.6899441340782
EPI_ISL_123178|Human|H1N1|1998|Europe|,1998,-588.7,42.4115456238361,2148,2148,43.5754189944134,41.8296089385475
EPI_ISL_123184|Human|H1N1|2000|SouthAmerica|,2000,-588.9,42.4581005586592,2148,2148,43.9944134078212,41.6899441340782
EPI_ISL_6428|Human|H1N1|2000|Oceania|seasonal,2000,-584.5,42.4581005586592,2148,2148,44.2737430167598,41.5502793296089
EPI_ISL_6375|Human|H1N1|2000|Oceania|seasonal,2000,-583.5,42.4581005586592,2148,2148,44.2737430167598,41.5502793296089
EPI_ISL_6374|Human|H1N1|2000|Oceania|seasonal,2000,-583.5,42.4581005586592,2148,2148,44.2737430167598,41.5502793296089
EPI_ISL_6511|Human|H1N1|2000|Oceania|seasonal,2000,-579.5,42.4115456238361,2148,2148,44.1340782122905,41.5502793296089
EPI_ISL_7054|Human|H1N1|2000|Oceania|seasonal,2000,-583.5,42.5046554934823,2148,2148,44.2737430167598,41.6201117318436
EPI_ISL_6426|Human|H1N1|2000|Oceania|seasonal,2000,-582.8,42.4115456238361,2148,2148,44.1340782122905,41.5502793296089
EPI_ISL_6753|Human|H1N1|2000|Oceania|seasonal,2000,-577.3,42.5046554934823,2148,2148,44.2737430167598,41.6201117318436
EPI_ISL_6456|Human|H1N1|2000|Oceania|seasonal,2000,-584.5,42.4581005586592,2148,2148,44.2737430167598,41.5502793296089
EPI_ISL_6509|Human|H1N1|2000|Oceania|seasonal,2000,-583.5,42.5046554934823,2148,2148,44.2737430167598,41.6201117318436
EPI_ISL_6367|Human|H1N1|2000|Oceania|seasonal,2000,-584.5,42.4581005586592,2148,2148,44.2737430167598,41.5502793296089
EPI_ISL_5048|Human|H1N1|2000.279|NorthAmerica|seasonal,2000.279,-591,42.6443202979516,2148,2148,44.4134078212291,41.7597765363128
EPI_ISL_9213|Human|H1N1|2001.022|NorthAmerica|seasonal,2001.022,-587.2,42.5512104283054,2148,2148,44.1340782122905,41.7597765363128
EPI_ISL_6427|Human|H1N1|2000|Oceania|seasonal,2000,-585.2,42.4581005586592,2148,2148,44.1340782122905,41.6201117318436
EPI_ISL_6411|Human|H1N1|2000|Oceania|seasonal,2000,-583.5,42.5046554934823,2148,2148,44.2737430167598,41.6201117318436
EPI_ISL_503098|Human|H1N1|2000|SouthAmerica|,2000,-584.7,42.4115456238361,2148,2148,43.9944134078212,41.6201117318436
EPI_ISL_503060|Human|H1N1|2000|SouthAmerica|,2000,-584.7,42.364990689013,2148,2148,43.854748603352,41.6201117318436
EPI_ISL_503064|Human|H1N1|2000|SouthAmerica|,2000,-584.9,42.364990689013,2148,2148,43.854748603352,41.6201117318436
EPI_ISL_503111|Human|H1N1|2000|SouthAmerica|,2000,-584.9,42.364990689013,2148,2148,43.854748603352,41.6201117318436
EPI_ISL_123172|Human|H1N1|1992|Oceania|,1992,-567.6,42.1787709497207,2148,2148,43.4357541899441,41.5502793296089
EPI_ISL_5265|Human|H1N1|2001.022|Oceania|seasonal,2001.022,-565.5,42.0856610800745,2148,2148,43.4357541899441,41.4106145251397
EPI_ISL_5254|Human|H1N1|2001.584|Oceania|seasonal,2001.584,-568.5,42.1322160148976,2148,2148,43.5754189944134,41.4106145251397
EPI_ISL_5249|Human|H1N1|2001.518|Oceania|seasonal,2001.518,-568.5,42.1322160148976,2148,2148,43.5754189944134,41.4106145251397
EPI_ISL_5355|Human|H1N1|2001.353|Oceania|seasonal,2001.353,-567.3,42.0391061452514,2148,2148,43.2960893854749,41.4106145251397
EPI_ISL_8666|Human|H1N1|2001.058|NorthAmerica|seasonal,2001.058,-565.5,42.0856610800745,2148,2148,43.4357541899441,41.4106145251397
EPI_ISL_9028|Human|H1N1|2002.926|NorthAmerica|seasonal,2002.926,-570,42.1787709497207,2148,2148,43.7150837988827,41.4106145251397
EPI_ISL_106616|Human|H1N1|2003.937|Asia|,2003.937,-568.6,42.1322160148976,2148,2148,43.4357541899441,41.4804469273743
EPI_ISL_106600|Human|H1N1|2003.937|Asia|,2003.937,-568.6,42.1322160148976,2148,2148,43.4357541899441,41.4804469273743
EPI_ISL_106599|Human|H1N1|2003.811|Asia|,2003.811,-568.6,42.1322160148976,2148,2148,43.4357541899441,41.4804469273743
EPI_ISL_106598|Human|H1N1|2003.723|Asia|,2003.723,-568.6,42.1322160148976,2148,2148,43.4357541899441,41.4804469273743
EPI_ISL_106579|Human|H1N1|2003.696|Asia|,2003.696,-568.6,42.1322160148976,2148,2148,43.4357541899441,41.4804469273743
EPI_ISL_106578|Human|H1N1|2003.515|Asia|,2003.515,-568.6,42.1322160148976,2148,2148,43.4357541899441,41.4804469273743
EPI_ISL_106563|Human|H1N1|2003.068|Asia|,2003.068,-568.6,42.1322160148976,2148,2148,43.4357541899441,41.4804469273743
EPI_ISL_106562|Human|H1N1|2003.973|Asia|,2003.973,-568.6,42.1322160148976,2148,2148,43.4357541899441,41.4804469273743
EPI_ISL_106561|Human|H1N1|2003.964|Asia|,2003.964,-568.6,42.1322160148976,2148,2148,43.4357541899441,41.4804469273743
EPI_ISL_106519|Human|H1N1|2003.923|Asia|,2003.923,-568.6,42.1322160148976,2148,2148,43.4357541899441,41.4804469273743
EPI_ISL_106518|Human|H1N1|2003.819|Asia|,2003.819,-568.6,42.1322160148976,2148,2148,43.4357541899441,41.4804469273743
EPI_ISL_106501|Human|H1N1|2003.789|Asia|,2003.789,-568.6,42.1322160148976,2148,2148,43.4357541899441,41.4804469273743
EPI_ISL_106500|Human|H1N1|2003.773|Asia|,2003.773,-568.6,42.1322160148976,2148,2148,43.4357541899441,41.4804469273743
EPI_ISL_106499|Human|H1N1|2003.715|Asia|,2003.715,-568.6,42.1322160148976,2148,2148,43.4357541899441,41.4804469273743
EPI_ISL_106498|Human|H1N1|2003|Asia|,2003,-568.6,42.1322160148976,2148,2148,43.4357541899441,41.4804469273743
EPI_ISL_117100|Human|H1N1|2003|Asia|,2003,-568.6,42.1322160148976,2148,2148,43.4357541899441,41.4804469273743
EPI_ISL_117099|Human|H1N1|2003|Asia|,2003,-568.6,42.1322160148976,2148,2148,43.4357541899441,41.4804469273743
EPI_ISL_116067|Human|H1N1|2003|Asia|,2003,-568.6,42.1322160148976,2148,2148,43.4357541899441,41.4804469273743
EPI_ISL_106472|Human|H1N1|2001|Asia|,2001,-567.8,42.1787709497207,2148,2148,43.5754189944134,41.4804469273743
EPI_ISL_8646|Human|H1N1|2002.97|NorthAmerica|seasonal,2002.97,-563.8,41.9925512104283,2148,2148,43.0167597765363,41.4804469273743
EPI_ISL_8971|Human|H1N1|2003.153|NorthAmerica|seasonal,2003.153,-565.9,42.0856610800745,2148,2148,43.4357541899441,41.4106145251397
EPI_ISL_106471|Human|H1N1|2001|Asia|,2001,-568.5,42.1322160148976,2148,2148,43.7150837988827,41.340782122905
EPI_ISL_124309|Human|H1N1|2000|Europe|,2000,-574.1,42.2718808193668,2148,2148,43.7150837988827,41.5502793296089
EPI_ISL_5408|Human|H1N1|2000.112|Oceania|seasonal,2000.112,-577.3,42.1787709497207,2148,2148,43.4357541899441,41.5502793296089
EPI_ISL_123183|Human|H1N1|2000|Asia|,2000,-574.9,41.9925512104283,2148,2148,42.877094972067,41.5502793296089
EPI_ISL_6238|Human|H1N1|2000.68|Oceania|seasonal,2000.68,-578.9,42.0856610800745,2148,2148,43.1564245810056,41.5502793296089
EPI_ISL_5187|Human|H1N1|2000.587|Oceania|seasonal,2000.587,-576,42.0391061452514,2148,2148,43.0167597765363,41.5502793296089
EPI_ISL_7541|Human|H1N1|2000.828|Oceania|seasonal,2000.828,-578.9,42.0856610800745,2148,2148,43.1564245810056,41.5502793296089
EPI_ISL_5121|Human|H1N1|2000.623|Oceania|seasonal,2000.623,-579.9,42.1322160148976,2148,2148,43.2960893854749,41.5502793296089
EPI_ISL_5231|Human|H1N1|2000.68|Oceania|seasonal,2000.68,-577.2,42.1322160148976,2148,2148,43.1564245810056,41.6201117318436
EPI_ISL_5161|Human|H1N1|2000.669|Oceania|seasonal,2000.669,-579.3,42.0391061452514,2148,2148,43.0167597765363,41.5502793296089
EPI_ISL_5127|Human|H1N1|2000.639|Oceania|seasonal,2000.639,-579.3,42.0391061452514,2148,2148,43.0167597765363,41.5502793296089
EPI_ISL_5195|Human|H1N1|2000.642|Oceania|seasonal,2000.642,-579.3,42.0391061452514,2148,2148,43.0167597765363,41.5502793296089
EPI_ISL_5194|Human|H1N1|2000.68|Oceania|seasonal,2000.68,-578.9,42.0856610800745,2148,2148,43.1564245810056,41.5502793296089
EPI_ISL_5159|Human|H1N1|2000.653|Oceania|seasonal,2000.653,-578.9,42.0856610800745,2148,2148,43.1564245810056,41.5502793296089
EPI_ISL_5126|Human|H1N1|2000.626|Oceania|seasonal,2000.626,-579.3,42.0391061452514,2148,2148,43.0167597765363,41.5502793296089
EPI_ISL_5122|Human|H1N1|2000.62|Oceania|seasonal,2000.62,-578.9,42.0856610800745,2148,2148,43.1564245810056,41.5502793296089
EPI_ISL_5230|Human|H1N1|2000.56|Oceania|seasonal,2000.56,-576,42.0391061452514,2148,2148,43.0167597765363,41.5502793296089
EPI_ISL_7102|Human|H1N1|2000.678|Oceania|seasonal,2000.678,-577.5,42.0391061452514,2148,2148,43.0167597765363,41.5502793296089
EPI_ISL_5188|Human|H1N1|2000.549|Oceania|seasonal,2000.549,-578.9,42.0856610800745,2148,2148,43.1564245810056,41.5502793296089
EPI_ISL_5125|Human|H1N1|2000.631|Oceania|seasonal,2000.631,-579.3,42.0391061452514,2148,2148,43.0167597765363,41.5502793296089
EPI_ISL_5191|Human|H1N1|2000.713|Oceania|seasonal,2000.713,-578.9,42.0856610800745,2148,2148,43.1564245810056,41.5502793296089
EPI_ISL_5233|Human|H1N1|2000.806|Oceania|seasonal,2000.806,-578.9,42.0391061452514,2148,2148,43.0167597765363,41.5502793296089
EPI_ISL_5340|Human|H1N1|2000.56|Oceania|seasonal,2000.56,-577.4,41.9925512104283,2148,2148,42.877094972067,41.5502793296089
EPI_ISL_5160|Human|H1N1|2000.467|Oceania|seasonal,2000.467,-578.9,42.1052631578947,2147,2148,43.2167832167832,41.5502793296089
EPI_ISL_5124|Human|H1N1|2000.648|Oceania|seasonal,2000.648,-575.3,41.9925512104283,2148,2148,43.0167597765363,41.4804469273743
EPI_ISL_7540|Human|H1N1|2000.699|Oceania|seasonal,2000.699,-578.9,42.0856610800745,2148,2148,43.1564245810056,41.5502793296089
EPI_ISL_7757|Human|H1N1|2000.705|Oceania|seasonal,2000.705,-578.9,42.0856610800745,2148,2148,43.1564245810056,41.5502793296089
EPI_ISL_7145|Human|H1N1|2000.735|Oceania|seasonal,2000.735,-576.7,42.0391061452514,2148,2148,43.0167597765363,41.5502793296089
EPI_ISL_5339|Human|H1N1|2000.464|Oceania|seasonal,2000.464,-576.7,42.0856610800745,2148,2148,43.1564245810056,41.5502793296089
EPI_ISL_6909|Human|H1N1|2000.563|Oceania|seasonal,2000.563,-575.4,42.0391061452514,2148,2148,42.877094972067,41.6201117318436
EPI_ISL_5192|Human|H1N1|2000.721|Oceania|seasonal,2000.721,-578.9,42.0856610800745,2148,2148,43.1564245810056,41.5502793296089
EPI_ISL_5453|Human|H1N1|2000.779|Oceania|seasonal,2000.779,-578.9,42.1322160148976,2148,2148,43.1564245810056,41.6201117318436
EPI_ISL_5588|Human|H1N1|2000.76|Oceania|seasonal,2000.76,-578.9,42.1322160148976,2148,2148,43.1564245810056,41.6201117318436
EPI_ISL_7278|Human|H1N1|2000.839|Oceania|seasonal,2000.839,-578.9,42.0391061452514,2148,2148,43.0167597765363,41.5502793296089
EPI_ISL_7103|Human|H1N1|2000.855|Oceania|seasonal,2000.855,-578.9,42.0856610800745,2148,2148,43.1564245810056,41.5502793296089
EPI_ISL_5196|Human|H1N1|2000.68|Oceania|seasonal,2000.68,-575.4,41.9925512104283,2148,2148,42.7374301675978,41.6201117318436
EPI_ISL_5193|Human|H1N1|2000.735|Oceania|seasonal,2000.735,-578.9,42.0391061452514,2148,2148,43.0167597765363,41.5502793296089
EPI_ISL_5190|Human|H1N1|2000.658|Oceania|seasonal,2000.658,-577.4,42.0391061452514,2148,2148,43.0167597765363,41.5502793296089
EPI_ISL_5123|Human|H1N1|2000.639|Oceania|seasonal,2000.639,-575.4,41.9925512104283,2148,2148,42.7374301675978,41.6201117318436
EPI_ISL_5120|Human|H1N1|2000.658|Oceania|seasonal,2000.658,-577.4,42.0391061452514,2148,2148,43.0167597765363,41.5502793296089
EPI_ISL_5232|Human|H1N1|2000.658|Oceania|seasonal,2000.658,-578.9,42.0856610800745,2148,2148,43.1564245810056,41.5502793296089
EPI_ISL_5432|Human|H1N1|2000.568|Oceania|seasonal,2000.568,-576.1,42.0391061452514,2148,2148,43.0167597765363,41.5502793296089
EPI_ISL_5338|Human|H1N1|2000.464|Oceania|seasonal,2000.464,-576.7,42.0856610800745,2148,2148,43.1564245810056,41.5502793296089
EPI_ISL_5495|Human|H1N1|2000|Oceania|seasonal,2000,-578.9,42.0856610800745,2148,2148,43.1564245810056,41.5502793296089
EPI_ISL_6405|Human|H1N1|2000.743|Oceania|seasonal,2000.743,-579.7,42.1322160148976,2148,2148,43.2960893854749,41.5502793296089
EPI_ISL_7039|Human|H1N1|2000.508|Oceania|seasonal,2000.508,-576.7,42.0856610800745,2148,2148,43.1564245810056,41.5502793296089
EPI_ISL_7142|Human|H1N1|2000.719|Oceania|seasonal,2000.719,-578.9,42.0856610800745,2148,2148,43.1564245810056,41.5502793296089
EPI_ISL_7100|Human|H1N1|2000.661|Oceania|seasonal,2000.661,-578.9,42.0391061452514,2148,2148,43.0167597765363,41.5502793296089
EPI_ISL_5228|Human|H1N1|2000.664|Oceania|seasonal,2000.664,-577.7,41.9925512104283,2148,2148,43.0167597765363,41.4804469273743
EPI_ISL_5263|Human|H1N1|2000.544|Oceania|seasonal,2000.544,-577.7,41.9925512104283,2148,2148,43.0167597765363,41.4804469273743
EPI_ISL_5197|Human|H1N1|2000.675|Oceania|seasonal,2000.675,-577.7,41.9925512104283,2148,2148,43.0167597765363,41.4804469273743
EPI_ISL_5534|Human|H1N1|2000.675|Oceania|seasonal,2000.675,-577.7,41.9925512104283,2148,2148,43.0167597765363,41.4804469273743
EPI_ISL_5209|Human|H1N1|2000.541|Oceania|seasonal,2000.541,-577.7,41.9925512104283,2148,2148,43.0167597765363,41.4804469273743
EPI_ISL_7143|Human|H1N1|2000.716|Oceania|seasonal,2000.716,-578.9,42.0391061452514,2148,2148,43.0167597765363,41.5502793296089
EPI_ISL_5189|Human|H1N1|2000.623|Oceania|seasonal,2000.623,-577.4,42.0391061452514,2148,2148,43.0167597765363,41.5502793296089
EPI_ISL_7277|Human|H1N1|2000.751|Oceania|seasonal,2000.751,-579.8,42.0856610800745,2148,2148,43.1564245810056,41.5502793296089
EPI_ISL_5533|Human|H1N1|2000.642|Oceania|seasonal,2000.642,-578.9,42.0856610800745,2148,2148,43.1564245810056,41.5502793296089
EPI_ISL_5587|Human|H1N1|2000.683|Oceania|seasonal,2000.683,-578.9,42.0856610800745,2148,2148,43.1564245810056,41.5502793296089
EPI_ISL_15607|Human|H1N1|2001|Europe|seasonal,2001,-581.7,42.0856610800745,2148,2148,43.2960893854749,41.4804469273743
EPI_ISL_6881|Human|H1N1|2001.463|Oceania|seasonal,2001.463,-574.7,42.1322160148976,2148,2148,43.2960893854749,41.5502793296089
EPI_ISL_30215|Human|H1N1|1999.997|Asia|seasonal,1999.997,-568.8,41.9459962756052,2148,2148,42.7374301675978,41.5502793296089
EPI_ISL_503095|Human|H1N1|2000|SouthAmerica|,2000,-571.7,42.0856610800745,2148,2148,43.0167597765363,41.6201117318436
EPI_ISL_503082|Human|H1N1|2000|SouthAmerica|,2000,-570.1,42.004662004662,2145,2145,42.7972027972028,41.6083916083916
EPI_ISL_6880|Human|H1N1|2001|NorthAmerica|seasonal,2001,-568.7,41.852886405959,2148,2148,42.877094972067,41.340782122905
EPI_ISL_7047|Human|H1N1|2000|NorthAmerica|seasonal,2000,-573.1,42.0391061452514,2148,2148,43.2960893854749,41.4106145251397
EPI_ISL_5128|Human|H1N1|2001.019|NorthAmerica|seasonal,2001.019,-578,42.0856610800745,2148,2148,43.4357541899441,41.4106145251397
EPI_ISL_8268|Human|H1N1|2001.019|NorthAmerica|seasonal,2001.019,-578.1,42.0391061452514,2148,2148,43.2960893854749,41.4106145251397
EPI_ISL_8608|Human|H1N1|2001.019|NorthAmerica|seasonal,2001.019,-578.1,42.0512820512821,2145,2145,43.2167832167832,41.4685314685315
EPI_ISL_6364|Human|H1N1|1999|Oceania|seasonal,1999,-572.7,41.9925512104283,2148,2148,42.877094972067,41.5502793296089
EPI_ISL_22626|Human|H1N1|1999|Oceania|seasonal,1999,-574.9,42.0856610800745,2148,2148,43.1564245810056,41.5502793296089
EPI_ISL_147184|Human|H1N1|1999|Oceania|,1999,-574.9,42.0856610800745,2148,2148,43.1564245810056,41.5502793296089
EPI_ISL_6424|Human|H1N1|1999|Oceania|seasonal,1999,-574.2,41.9925512104283,2148,2148,42.877094972067,41.5502793296089
EPI_ISL_123154|Human|H1N1|1999|Asia|,1999,-571.7,42.4115456238361,2148,2148,43.7150837988827,41.7597765363128
EPI_ISL_120422|Human|H1N1|1998.071|Asia|,1998.071,-573.3,42.1787709497207,2148,2148,42.877094972067,41.8296089385475
EPI_ISL_123179|Human|H1N1|1998|Europe|,1998,-571.1,42.5512104283054,2148,2148,44.1340782122905,41.7597765363128
EPI_ISL_120421|Human|H1N1|1997.997|Asia|,1997.997,-572.3,42.2253258845438,2148,2148,43.2960893854749,41.6899441340782
EPI_ISL_120416|Human|H1N1|1997.041|Asia|,1997.041,-570.3,42.3184357541899,2148,2148,43.4357541899441,41.7597765363128
EPI_ISL_120415|Human|H1N1|1997.041|Asia|,1997.041,-573.3,42.4115456238361,2148,2148,43.7150837988827,41.7597765363128
EPI_ISL_123176|Human|H1N1|1997|Africa|,1997,-576.4,42.3184357541899,2148,2148,43.2960893854749,41.8296089385475
EPI_ISL_22625|Human|H1N1|1995|Asia|seasonal,1995,-584.5,42.5046554934823,2148,2148,43.9944134078212,41.7597765363128
EPI_ISL_6241|Human|H1N1|1996|Asia|seasonal,1996,-565.4,42.2718808193668,2148,2148,43.4357541899441,41.6899441340782
EPI_ISL_5690|Human|H1N1|1996|Asia|seasonal,1996,-575.6,42.6443202979516,2148,2148,44.4134078212291,41.7597765363128
EPI_ISL_5689|Human|H1N1|1996|Asia|seasonal,1996,-575.6,42.6443202979516,2148,2148,44.4134078212291,41.7597765363128
EPI_ISL_5685|Human|H1N1|1996|Asia|seasonal,1996,-575.6,42.6443202979516,2148,2148,44.4134078212291,41.7597765363128
EPI_ISL_6244|Human|H1N1|1996|Asia|seasonal,1996,-575.6,42.6443202979516,2148,2148,44.4134078212291,41.7597765363128
EPI_ISL_6243|Human|H1N1|1996|Asia|seasonal,1996,-575.6,42.6443202979516,2148,2148,44.4134078212291,41.7597765363128
EPI_ISL_6220|Human|H1N1|1996|Asia|seasonal,1996,-577.2,42.6443202979516,2148,2148,44.5530726256983,41.6899441340782
EPI_ISL_6409|Human|H1N1|1996|Asia|seasonal,1996,-575.6,42.6443202979516,2148,2148,44.4134078212291,41.7597765363128
EPI_ISL_5688|Human|H1N1|1996|Asia|seasonal,1996,-575.6,42.6443202979516,2148,2148,44.4134078212291,41.7597765363128
EPI_ISL_6410|Human|H1N1|1996|Asia|seasonal,1996,-577.7,42.6908752327747,2148,2148,44.4134078212291,41.8296089385475
EPI_ISL_5686|Human|H1N1|1996|Asia|seasonal,1996,-575.6,42.6443202979516,2148,2148,44.4134078212291,41.7597765363128
EPI_ISL_5687|Human|H1N1|1996|Asia|seasonal,1996,-575.6,42.6443202979516,2148,2148,44.4134078212291,41.7597765363128
EPI_ISL_6242|Human|H1N1|1996|Asia|seasonal,1996,-575.6,42.6443202979516,2148,2148,44.4134078212291,41.7597765363128
EPI_ISL_123177|Human|H1N1|1997|Asia|,1997,-569.3,41.9925512104283,2148,2148,42.4581005586592,41.7597765363128
EPI_ISL_120420|Human|H1N1|1997.86|Asia|,1997.86,-577.5,42.1787709497207,2148,2148,43.4357541899441,41.5502793296089
EPI_ISL_120419|Human|H1N1|1997.822|Asia|,1997.822,-576.4,42.0856610800745,2148,2148,43.1564245810056,41.5502793296089
EPI_ISL_120418|Human|H1N1|1997.923|Asia|,1997.923,-576.5,42.1322160148976,2148,2148,43.2960893854749,41.5502793296089
EPI_ISL_5264|Human|H1N1|2000.68|Oceania|seasonal,2000.68,-572.2,41.9459962756052,2148,2148,42.7374301675978,41.5502793296089
EPI_ISL_5229|Human|H1N1|2000.617|Oceania|seasonal,2000.617,-572.2,41.9459962756052,2148,2148,42.7374301675978,41.5502793296089
EPI_ISL_6354|Human|H1N1|2000|Oceania|seasonal,2000,-574.7,41.8994413407821,2148,2148,42.4581005586592,41.6201117318436
EPI_ISL_8181|Human|H1N1|2001.019|NorthAmerica|seasonal,2001.019,-572.4,41.8994413407821,2148,2148,42.877094972067,41.4106145251397
EPI_ISL_8265|Human|H1N1|2000.962|NorthAmerica|seasonal,2000.962,-579.4,41.8994413407821,2148,2148,42.877094972067,41.4106145251397
EPI_ISL_8991|Human|H1N1|2001.038|NorthAmerica|seasonal,2001.038,-571.8,41.6666666666667,2148,2148,42.1787709497207,41.4106145251397
EPI_ISL_8647|Human|H1N1|2001.077|NorthAmerica|seasonal,2001.077,-578.6,41.7132216014898,2148,2148,42.3184357541899,41.4106145251397
EPI_ISL_8656|Human|H1N1|2001.101|NorthAmerica|seasonal,2001.101,-573,41.7132216014898,2148,2148,42.1787709497207,41.4804469273743
EPI_ISL_8998|Human|H1N1|2001.063|NorthAmerica|seasonal,2001.063,-576.9,41.7597765363128,2148,2148,42.3184357541899,41.4804469273743
EPI_ISL_8657|Human|H1N1|2001.09|NorthAmerica|seasonal,2001.09,-578.2,41.6666666666667,2148,2148,42.1787709497207,41.4106145251397
EPI_ISL_8644|Human|H1N1|2001.06|NorthAmerica|seasonal,2001.06,-574.9,41.7132216014898,2148,2148,42.3184357541899,41.4106145251397
EPI_ISL_6845|Human|H1N1|2001|NorthAmerica|seasonal,2001,-572.7,41.6394969725198,2147,2148,42.0979020979021,41.4106145251397
EPI_ISL_8261|Human|H1N1|2001.156|NorthAmerica|seasonal,2001.156,-567.1,41.6201117318436,2148,2148,42.0391061452514,41.4106145251397
EPI_ISL_5256|Human|H1N1|2001.592|Oceania|seasonal,2001.592,-573.9,41.6666666666667,2148,2148,42.3184357541899,41.340782122905
EPI_ISL_5199|Human|H1N1|2001.425|Oceania|seasonal,2001.425,-577.5,41.7132216014898,2148,2148,42.4581005586592,41.340782122905
EPI_ISL_8235|Human|H1N1|2001.077|NorthAmerica|seasonal,2001.077,-576.6,41.9114219114219,2145,2145,42.7972027972028,41.4685314685315
EPI_ISL_8649|Human|H1N1|2001.074|NorthAmerica|seasonal,2001.074,-573.5,41.7597765363128,2148,2148,42.4581005586592,41.4106145251397
EPI_ISL_8648|Human|H1N1|2001.066|NorthAmerica|seasonal,2001.066,-575,41.8063314711359,2148,2148,42.5977653631285,41.4106145251397
EPI_ISL_9053|Human|H1N1|2001.058|NorthAmerica|seasonal,2001.058,-573.5,41.7597765363128,2148,2148,42.4581005586592,41.4106145251397
EPI_ISL_5321|Human|H1N1|2001.06|NorthAmerica|seasonal,2001.06,-569.9,41.7132216014898,2148,2148,42.5977653631285,41.2709497206704
EPI_ISL_6245|Human|H1N1|2000|Oceania|seasonal,2000,-572.6,41.9459962756052,2148,2148,42.877094972067,41.4804469273743
EPI_ISL_2771|Human|H1N1|2000|Europe|seasonal,2000,-570.9,41.8063314711359,2148,2148,42.5977653631285,41.4106145251397
EPI_ISL_8264|Human|H1N1|2000.964|NorthAmerica|seasonal,2000.964,-574.1,41.7597765363128,2148,2148,42.4581005586592,41.4106145251397
EPI_ISL_8609|Human|H1N1|2001.06|NorthAmerica|seasonal,2001.06,-572.2,41.9459962756052,2148,2148,43.0167597765363,41.4106145251397
EPI_ISL_9041|Human|H1N1|2001.066|NorthAmerica|seasonal,2001.066,-572.2,41.958041958042,2145,2145,42.9370629370629,41.4685314685315
EPI_ISL_5311|Human|H1N1|2001.466|Oceania|seasonal,2001.466,-579,41.852886405959,2148,2148,42.7374301675978,41.4106145251397
EPI_ISL_5272|Human|H1N1|2001.54|Oceania|seasonal,2001.54,-578,41.852886405959,2148,2148,42.7374301675978,41.4106145251397
EPI_ISL_5234|Human|H1N1|2001.479|Oceania|seasonal,2001.479,-579,41.8063314711359,2148,2148,42.5977653631285,41.4106145251397
EPI_ISL_5273|Human|H1N1|2001.54|Oceania|seasonal,2001.54,-579,41.8063314711359,2148,2148,42.5977653631285,41.4106145251397
EPI_ISL_5260|Human|H1N1|2001.622|Oceania|seasonal,2001.622,-579,41.8063314711359,2148,2148,42.5977653631285,41.4106145251397
EPI_ISL_5246|Human|H1N1|2001.523|Oceania|seasonal,2001.523,-579,41.8063314711359,2148,2148,42.5977653631285,41.4106145251397
EPI_ISL_5238|Human|H1N1|2001.499|Oceania|seasonal,2001.499,-579,41.8063314711359,2148,2148,42.5977653631285,41.4106145251397
EPI_ISL_5235|Human|H1N1|2001.479|Oceania|seasonal,2001.479,-579,41.8063314711359,2148,2148,42.5977653631285,41.4106145251397
EPI_ISL_5213|Human|H1N1|2001.537|Oceania|seasonal,2001.537,-575.4,41.852886405959,2148,2148,42.5977653631285,41.4804469273743
EPI_ISL_6783|Human|H1N1|2001.419|Oceania|seasonal,2001.419,-579,41.8063314711359,2148,2148,42.5977653631285,41.4106145251397
EPI_ISL_7149|Human|H1N1|2001.556|Oceania|seasonal,2001.556,-579,41.8063314711359,2148,2148,42.5977653631285,41.4106145251397
EPI_ISL_5253|Human|H1N1|2001.542|Oceania|seasonal,2001.542,-579,41.7597765363128,2148,2148,42.4581005586592,41.4106145251397
EPI_ISL_6338|Human|H1N1|2001.43|Oceania|seasonal,2001.43,-578,41.7792268281323,2147,2148,42.5174825174825,41.4106145251397
EPI_ISL_5274|Human|H1N1|2001.542|Oceania|seasonal,2001.542,-579,41.8063314711359,2148,2148,42.5977653631285,41.4106145251397
EPI_ISL_5269|Human|H1N1|2001.545|Oceania|seasonal,2001.545,-579,41.7597765363128,2148,2148,42.4581005586592,41.4106145251397
EPI_ISL_5248|Human|H1N1|2001.523|Oceania|seasonal,2001.523,-579,41.8063314711359,2148,2148,42.5977653631285,41.4106145251397
EPI_ISL_5350|Human|H1N1|2001.622|Oceania|seasonal,2001.622,-573,41.7597765363128,2148,2148,42.4581005586592,41.4106145251397
EPI_ISL_5252|Human|H1N1|2001.537|Oceania|seasonal,2001.537,-579.7,41.7597765363128,2148,2148,42.4581005586592,41.4106145251397
EPI_ISL_5257|Human|H1N1|2001.605|Oceania|seasonal,2001.605,-579.7,41.7597765363128,2148,2148,42.4581005586592,41.4106145251397
EPI_ISL_5362|Human|H1N1|2001.427|Oceania|seasonal,2001.427,-579,41.8063314711359,2148,2148,42.5977653631285,41.4106145251397
EPI_ISL_5285|Human|H1N1|2001.523|Oceania|seasonal,2001.523,-579,41.852886405959,2148,2148,42.7374301675978,41.4106145251397
EPI_ISL_5268|Human|H1N1|2001.537|Oceania|seasonal,2001.537,-579,41.852886405959,2148,2148,42.7374301675978,41.4106145251397
EPI_ISL_5255|Human|H1N1|2001.592|Oceania|seasonal,2001.592,-580.2,41.852886405959,2148,2148,42.7374301675978,41.4106145251397
EPI_ISL_5250|Human|H1N1|2001.529|Oceania|seasonal,2001.529,-578.2,41.7597765363128,2148,2148,42.4581005586592,41.4106145251397
EPI_ISL_5244|Human|H1N1|2001.512|Oceania|seasonal,2001.512,-577.1,41.8063314711359,2148,2148,42.5977653631285,41.4106145251397
EPI_ISL_5243|Human|H1N1|2001.521|Oceania|seasonal,2001.521,-580.7,41.852886405959,2148,2148,42.7374301675978,41.4106145251397
EPI_ISL_5239|Human|H1N1|2001.499|Oceania|seasonal,2001.499,-579,41.852886405959,2148,2148,42.7374301675978,41.4106145251397
EPI_ISL_5236|Human|H1N1|2001.499|Oceania|seasonal,2001.499,-579,41.852886405959,2148,2148,42.7374301675978,41.4106145251397
EPI_ISL_5212|Human|H1N1|2001.504|Oceania|seasonal,2001.504,-579,41.852886405959,2148,2148,42.7374301675978,41.4106145251397
EPI_ISL_5202|Human|H1N1|2001.521|Oceania|seasonal,2001.521,-579,41.852886405959,2148,2148,42.7374301675978,41.4106145251397
EPI_ISL_5410|Human|H1N1|2001.293|Oceania|seasonal,2001.293,-579,41.8063314711359,2148,2148,42.5977653631285,41.4106145251397
EPI_ISL_5358|Human|H1N1|2001.405|Oceania|seasonal,2001.405,-579,41.8063314711359,2148,2148,42.5977653631285,41.4106145251397
EPI_ISL_5357|Human|H1N1|2001.389|Oceania|seasonal,2001.389,-579,41.8063314711359,2148,2148,42.5977653631285,41.4106145251397
EPI_ISL_5356|Human|H1N1|2001.375|Oceania|seasonal,2001.375,-573.4,41.7597765363128,2148,2148,42.4581005586592,41.4106145251397
EPI_ISL_5348|Human|H1N1|2001.499|Oceania|seasonal,2001.499,-579,41.8063314711359,2148,2148,42.5977653631285,41.4106145251397
EPI_ISL_5496|Human|H1N1|2001.488|Oceania|seasonal,2001.488,-579,41.8063314711359,2148,2148,42.5977653631285,41.4106145251397
EPI_ISL_6899|Human|H1N1|2001.679|Oceania|seasonal,2001.679,-573,41.8994413407821,2148,2148,42.7374301675978,41.4804469273743
EPI_ISL_6882|Human|H1N1|2001.54|Oceania|seasonal,2001.54,-579,41.8063314711359,2148,2148,42.5977653631285,41.4106145251397
EPI_ISL_5363|Human|H1N1|2001.46|Oceania|seasonal,2001.46,-579,41.7597765363128,2148,2148,42.4581005586592,41.4106145251397
EPI_ISL_5200|Human|H1N1|2001.471|Oceania|seasonal,2001.471,-582.7,41.7597765363128,2148,2148,42.4581005586592,41.4106145251397
EPI_ISL_5361|Human|H1N1|2001.425|Oceania|seasonal,2001.425,-579.1,41.852886405959,2148,2148,42.7374301675978,41.4106145251397
EPI_ISL_5237|Human|H1N1|2001.488|Oceania|seasonal,2001.488,-579,41.852886405959,2148,2148,42.7374301675978,41.4106145251397
EPI_ISL_5365|Human|H1N1|2001.43|Oceania|seasonal,2001.43,-579,41.8063314711359,2148,2148,42.5977653631285,41.4106145251397
EPI_ISL_5214|Human|H1N1|2001.616|Oceania|seasonal,2001.616,-579,41.8258034466698,2147,2148,42.7374301675978,41.3696715583508
EPI_ISL_5313|Human|H1N1|2001.521|Oceania|seasonal,2001.521,-579,41.852886405959,2148,2148,42.7374301675978,41.4106145251397
EPI_ISL_5366|Human|H1N1|2001.575|Oceania|seasonal,2001.575,-578.2,41.852886405959,2148,2148,42.7374301675978,41.4106145251397
EPI_ISL_5360|Human|H1N1|2001.414|Oceania|seasonal,2001.414,-579,41.8063314711359,2148,2148,42.5977653631285,41.4106145251397
EPI_ISL_5247|Human|H1N1|2001.523|Oceania|seasonal,2001.523,-579,41.8063314711359,2148,2148,42.5977653631285,41.4106145251397
EPI_ISL_5387|Human|H1N1|2001.49|Oceania|seasonal,2001.49,-581.7,41.852886405959,2148,2148,42.7374301675978,41.4106145251397
EPI_ISL_5242|Human|H1N1|2001.504|Oceania|seasonal,2001.504,-579,41.8063314711359,2148,2148,42.5977653631285,41.4106145251397
EPI_ISL_5364|Human|H1N1|2001.433|Oceania|seasonal,2001.433,-579,41.852886405959,2148,2148,42.7374301675978,41.4106145251397
EPI_ISL_6898|Human|H1N1|2001.638|Oceania|seasonal,2001.638,-582.7,41.7597765363128,2148,2148,42.4581005586592,41.4106145251397
EPI_ISL_6851|Human|H1N1|2001.501|Oceania|seasonal,2001.501,-579,41.8063314711359,2148,2148,42.5977653631285,41.4106145251397
EPI_ISL_5385|Human|H1N1|2001.468|Oceania|seasonal,2001.468,-579.2,41.7597765363128,2148,2148,42.4581005586592,41.4106145251397
EPI_ISL_30207|Human|H1N1|2002.074|Asia|seasonal,2002.074,-580,41.852886405959,2148,2148,42.7374301675978,41.4106145251397
EPI_ISL_30216|Human|H1N1|2002.005|Asia|seasonal,2002.005,-579,41.8063314711359,2148,2148,42.5977653631285,41.4106145251397
EPI_ISL_30217|Human|H1N1|2002.011|Asia|seasonal,2002.011,-575.6,41.8063314711359,2148,2148,42.5977653631285,41.4106145251397
EPI_ISL_87723|Human|H1N1|2002|Asia|,2002,-575.6,41.8063314711359,2148,2148,42.5977653631285,41.4106145251397
EPI_ISL_5411|Human|H1N1|2001.556|Oceania|seasonal,2001.556,-580.1,41.8994413407821,2148,2148,42.877094972067,41.4106145251397
EPI_ISL_5266|Human|H1N1|2001.501|Oceania|seasonal,2001.501,-579,41.8063314711359,2148,2148,42.5977653631285,41.4106145251397
EPI_ISL_5259|Human|H1N1|2001.616|Oceania|seasonal,2001.616,-579,41.852886405959,2148,2148,42.7374301675978,41.4106145251397
EPI_ISL_7148|Human|H1N1|2001.507|Oceania|seasonal,2001.507,-579,41.8063314711359,2148,2148,42.5977653631285,41.4106145251397
EPI_ISL_5349|Human|H1N1|2001.54|Oceania|seasonal,2001.54,-579.7,41.7597765363128,2148,2148,42.4581005586592,41.4106145251397
EPI_ISL_123185|Human|H1N1|2001|SouthAmerica|,2001,-575.9,41.5735567970205,2148,2148,41.8994413407821,41.4106145251397
EPI_ISL_5359|Human|H1N1|2001.405|Oceania|seasonal,2001.405,-579,41.8063314711359,2148,2148,42.5977653631285,41.4106145251397
EPI_ISL_5271|Human|H1N1|2001.54|Oceania|seasonal,2001.54,-577.1,41.8063314711359,2148,2148,42.5977653631285,41.4106145251397
EPI_ISL_5267|Human|H1N1|2001.504|Oceania|seasonal,2001.504,-579,41.8063314711359,2148,2148,42.5977653631285,41.4106145251397
EPI_ISL_5201|Human|H1N1|2001.479|Oceania|seasonal,2001.479,-579,41.8063314711359,2148,2148,42.5977653631285,41.4106145251397
EPI_ISL_123187|Human|H1N1|2001|Oceania|,2001,-579,41.7597765363128,2148,2148,42.4581005586592,41.4106145251397
EPI_ISL_5258|Human|H1N1|2001.567|Oceania|seasonal,2001.567,-579,41.7597765363128,2148,2148,42.4581005586592,41.4106145251397
EPI_ISL_5251|Human|H1N1|2001.548|Oceania|seasonal,2001.548,-579,41.7597765363128,2148,2148,42.4581005586592,41.4106145251397
EPI_ISL_5270|Human|H1N1|2001.542|Oceania|seasonal,2001.542,-579,41.7597765363128,2148,2148,42.4581005586592,41.4106145251397
EPI_ISL_5275|Human|H1N1|2001.57|Oceania|seasonal,2001.57,-579,41.7597765363128,2148,2148,42.4581005586592,41.4106145251397
EPI_ISL_5245|Human|H1N1|2001.518|Oceania|seasonal,2001.518,-579,41.7597765363128,2148,2148,42.4581005586592,41.4106145251397
EPI_ISL_5241|Human|H1N1|2001.507|Oceania|seasonal,2001.507,-579,41.7597765363128,2148,2148,42.4581005586592,41.4106145251397
EPI_ISL_5240|Human|H1N1|2001.507|Oceania|seasonal,2001.507,-581.7,41.8063314711359,2148,2148,42.5977653631285,41.4106145251397
EPI_ISL_5211|Human|H1N1|2001.545|Oceania|seasonal,2001.545,-579,41.7597765363128,2148,2148,42.4581005586592,41.4106145251397
EPI_ISL_5312|Human|H1N1|2001.488|Oceania|seasonal,2001.488,-579,41.8063314711359,2148,2148,42.5977653631285,41.4106145251397
EPI_ISL_8593|Human|H1N1|2001.115|NorthAmerica|seasonal,2001.115,-574.4,41.852886405959,2148,2148,42.877094972067,41.340782122905
EPI_ISL_8610|Human|H1N1|2001.049|NorthAmerica|seasonal,2001.049,-573.2,41.852886405959,2148,2148,42.7374301675978,41.4106145251397
EPI_ISL_8990|Human|H1N1|2001.063|NorthAmerica|seasonal,2001.063,-573.4,41.8994413407821,2148,2148,42.877094972067,41.4106145251397
EPI_ISL_8611|Human|H1N1|2001.058|NorthAmerica|seasonal,2001.058,-574.1,41.8994413407821,2148,2148,42.877094972067,41.4106145251397
EPI_ISL_8711|Human|H1N1|2001.068|NorthAmerica|seasonal,2001.068,-574.1,41.8994413407821,2148,2148,42.877094972067,41.4106145251397
EPI_ISL_8968|Human|H1N1|2001.159|NorthAmerica|seasonal,2001.159,-574.1,41.8994413407821,2148,2148,42.877094972067,41.4106145251397
EPI_ISL_8667|Human|H1N1|2001.14|NorthAmerica|seasonal,2001.14,-574.1,41.8994413407821,2148,2148,42.877094972067,41.4106145251397
EPI_ISL_8255|Human|H1N1|2001.14|NorthAmerica|seasonal,2001.14,-574.4,41.852886405959,2148,2148,42.7374301675978,41.4106145251397
EPI_ISL_123188|Human|H1N1|2002|Europe|,2002,-573.5,41.7597765363128,2148,2148,42.4581005586592,41.4106145251397
EPI_ISL_123182|Human|H1N1|2000|SouthAmerica|,2000,-572,41.9925512104283,2148,2148,42.877094972067,41.5502793296089
EPI_ISL_6866|Human|H1N1|2001|NorthAmerica|seasonal,2001,-568.7,41.7132216014898,2148,2148,42.3184357541899,41.4106145251397
EPI_ISL_8271|Human|H1N1|2001.03|NorthAmerica|seasonal,2001.03,-571.2,41.852886405959,2148,2148,42.5977653631285,41.4804469273743
EPI_ISL_8234|Human|H1N1|2001.025|NorthAmerica|seasonal,2001.025,-575.8,41.958041958042,2145,2145,42.6573426573427,41.6083916083916
EPI_ISL_8665|Human|H1N1|2001.025|NorthAmerica|seasonal,2001.025,-577.3,41.9925512104283,2148,2148,42.877094972067,41.5502793296089
EPI_ISL_123181|Human|H1N1|2000|Asia|,2000,-572,41.9925512104283,2148,2148,43.0167597765363,41.4804469273743
EPI_ISL_6867|Human|H1N1|2001|NorthAmerica|seasonal,2001,-568.5,41.852886405959,2148,2148,42.5977653631285,41.4804469273743
EPI_ISL_7101|Human|H1N1|2000.68|Oceania|seasonal,2000.68,-569.3,41.9925512104283,2148,2148,42.877094972067,41.5502793296089
EPI_ISL_503094|Human|H1N1|2000|SouthAmerica|,2000,-572,42.1787709497207,2148,2148,43.4357541899441,41.5502793296089
EPI_ISL_503065|Human|H1N1|2000|SouthAmerica|,2000,-569.4,42.1322160148976,2148,2148,43.4357541899441,41.4804469273743
EPI_ISL_123190|Human|H1N1|2002|Asia|,2002,-565,41.8994413407821,2148,2148,43.0167597765363,41.340782122905
EPI_ISL_9058|Human|H1N1|2003.06|NorthAmerica|seasonal,2003.06,-566.5,41.7597765363128,2148,2148,42.5977653631285,41.340782122905
EPI_ISL_8272|Human|H1N1|2003.159|NorthAmerica|seasonal,2003.159,-562,41.9925512104283,2148,2148,43.1564245810056,41.4106145251397
EPI_ISL_8654|Human|H1N1|2003.173|NorthAmerica|seasonal,2003.173,-562,41.9925512104283,2148,2148,43.1564245810056,41.4106145251397
EPI_ISL_5099|Human|H1N1|2003.052|NorthAmerica|seasonal,2003.052,-563.8,41.852886405959,2148,2148,42.7374301675978,41.4106145251397
EPI_ISL_8250|Human|H1N1|2002.984|NorthAmerica|seasonal,2002.984,-567.2,41.9459962756052,2148,2148,43.0167597765363,41.4106145251397
EPI_ISL_9259|Human|H1N1|2003.036|NorthAmerica|seasonal,2003.036,-563.7,41.852886405959,2148,2148,42.7374301675978,41.4106145251397
EPI_ISL_8270|Human|H1N1|2003.038|NorthAmerica|seasonal,2003.038,-565.1,41.7597765363128,2148,2148,42.5977653631285,41.340782122905
EPI_ISL_8693|Human|H1N1|2003.055|NorthAmerica|seasonal,2003.055,-563.9,41.8063314711359,2148,2148,42.877094972067,41.2709497206704
EPI_ISL_8594|Human|H1N1|2003.058|NorthAmerica|seasonal,2003.058,-565.5,41.8063314711359,2148,2148,42.7374301675978,41.340782122905
EPI_ISL_8655|Human|H1N1|2003.074|NorthAmerica|seasonal,2003.074,-566.5,41.8063314711359,2148,2148,42.877094972067,41.2709497206704
EPI_ISL_123191|Human|H1N1|2003|Oceania|,2003,-569.8,41.9459962756052,2148,2148,43.1564245810056,41.340782122905
EPI_ISL_8251|Human|H1N1|2003.227|NorthAmerica|seasonal,2003.227,-569.2,42.0391061452514,2148,2148,43.4357541899441,41.340782122905
EPI_ISL_6846|Human|H1N1|2003|NorthAmerica|seasonal,2003,-565.8,41.7597765363128,2148,2148,42.5977653631285,41.340782122905
EPI_ISL_8262|Human|H1N1|2003.071|NorthAmerica|seasonal,2003.071,-565.7,41.8994413407821,2148,2148,43.0167597765363,41.340782122905
EPI_ISL_9027|Human|H1N1|2003.115|NorthAmerica|seasonal,2003.115,-566.5,41.852886405959,2148,2148,42.877094972067,41.340782122905
EPI_ISL_8606|Human|H1N1|2003.216|NorthAmerica|seasonal,2003.216,-566.3,41.8063314711359,2148,2148,42.7374301675978,41.340782122905
EPI_ISL_8645|Human|H1N1|2003.036|NorthAmerica|seasonal,2003.036,-565.4,41.8063314711359,2148,2148,42.7374301675978,41.340782122905
EPI_ISL_8695|Human|H1N1|2003.151|NorthAmerica|seasonal,2003.151,-569.3,41.7597765363128,2148,2148,42.7374301675978,41.2709497206704
EPI_ISL_67226|Human|H1N1|2003|NorthAmerica|seasonal,2003,-573.7,41.8063314711359,2148,2148,42.7374301675978,41.340782122905
EPI_ISL_6370|Human|H1N1|2005|Oceania|seasonal,2005,-568.8,41.8994413407821,2148,2148,42.7374301675978,41.4804469273743
EPI_ISL_6868|Human|H1N1|2005.603|Oceania|seasonal,2005.603,-568.8,41.9459962756052,2148,2148,42.7374301675978,41.5502793296089
EPI_ISL_5658|Human|H1N1|2005.715|Oceania|seasonal,2005.715,-567.5,41.8994413407821,2148,2148,42.5977653631285,41.5502793296089
EPI_ISL_5657|Human|H1N1|2005.718|Oceania|seasonal,2005.718,-573.8,42.0856610800745,2148,2148,43.0167597765363,41.6201117318436
EPI_ISL_5654|Human|H1N1|2005.699|Oceania|seasonal,2005.699,-571.1,42.0391061452514,2148,2148,43.0167597765363,41.5502793296089
EPI_ISL_5653|Human|H1N1|2005.679|Oceania|seasonal,2005.679,-571,42.0391061452514,2148,2148,43.0167597765363,41.5502793296089
EPI_ISL_5709|Human|H1N1|2005.685|Oceania|seasonal,2005.685,-571,42.0391061452514,2148,2148,43.0167597765363,41.5502793296089
EPI_ISL_7055|Human|H1N1|2005|Oceania|seasonal,2005,-572.4,41.9925512104283,2148,2148,42.877094972067,41.5502793296089
EPI_ISL_5655|Human|H1N1|2005.682|Oceania|seasonal,2005.682,-569.2,41.9459962756052,2148,2148,42.877094972067,41.4804469273743
EPI_ISL_6161|Human|H1N1|2005.759|Oceania|seasonal,2005.759,-573.7,41.9925512104283,2148,2148,42.877094972067,41.5502793296089
EPI_ISL_6368|Human|H1N1|2005|Oceania|seasonal,2005,-571.5,41.9925512104283,2148,2148,43.0167597765363,41.4804469273743
EPI_ISL_7154|Human|H1N1|2005.496|Oceania|seasonal,2005.496,-569.2,41.9459962756052,2148,2148,42.877094972067,41.4804469273743
EPI_ISL_6455|Human|H1N1|2006.271|NorthAmerica|seasonal,2006.271,-568.3,41.8063314711359,2148,2148,42.5977653631285,41.4106145251397
EPI_ISL_6369|Human|H1N1|2005|Oceania|seasonal,2005,-569.2,41.9459962756052,2148,2148,42.877094972067,41.4804469273743
EPI_ISL_7578|Human|H1N1|2007.142|NorthAmerica|seasonal,2007.142,-571.6,41.8063314711359,2148,2148,42.1787709497207,41.6201117318436
EPI_ISL_7788|Human|H1N1|2007.118|NorthAmerica|seasonal,2007.118,-571.6,41.852886405959,2148,2148,42.3184357541899,41.6201117318436
EPI_ISL_7574|Human|H1N1|2007.137|NorthAmerica|seasonal,2007.137,-571.6,41.852886405959,2148,2148,42.3184357541899,41.6201117318436
EPI_ISL_7802|Human|H1N1|2007.06|NorthAmerica|seasonal,2007.06,-567,41.9925512104283,2148,2148,42.5977653631285,41.6899441340782
EPI_ISL_7562|Human|H1N1|2007.06|NorthAmerica|seasonal,2007.06,-571.2,41.852886405959,2148,2148,42.3184357541899,41.6201117318436
EPI_ISL_7593|Human|H1N1|2007.077|NorthAmerica|seasonal,2007.077,-572,41.8994413407821,2148,2148,42.4581005586592,41.6201117318436
EPI_ISL_7761|Human|H1N1|2007.123|NorthAmerica|seasonal,2007.123,-571.6,41.852886405959,2148,2148,42.3184357541899,41.6201117318436
EPI_ISL_7903|Human|H1N1|2007.134|NorthAmerica|seasonal,2007.134,-570,41.7597765363128,2148,2148,42.0391061452514,41.6201117318436
EPI_ISL_7945|Human|H1N1|2007.082|NorthAmerica|seasonal,2007.082,-571.6,41.8994413407821,2148,2148,42.4581005586592,41.6201117318436
EPI_ISL_7771|Human|H1N1|2007.123|NorthAmerica|seasonal,2007.123,-571.6,41.852886405959,2148,2148,42.3184357541899,41.6201117318436
EPI_ISL_7764|Human|H1N1|2007.099|NorthAmerica|seasonal,2007.099,-570.4,41.8994413407821,2148,2148,42.4581005586592,41.6201117318436
EPI_ISL_7648|Human|H1N1|2007.099|NorthAmerica|seasonal,2007.099,-570.4,41.8994413407821,2148,2148,42.4581005586592,41.6201117318436
EPI_ISL_8044|Human|H1N1|2007.153|NorthAmerica|seasonal,2007.153,-569.1,41.7597765363128,2148,2148,42.4581005586592,41.4106145251397
EPI_ISL_84454|Human|H1N1|2007.115|Europe|,2007.115,-566.3,41.6666666666667,2148,2148,42.1787709497207,41.4106145251397
EPI_ISL_7804|Human|H1N1|2007.121|NorthAmerica|seasonal,2007.121,-566.4,41.6201117318436,2148,2148,42.0391061452514,41.4106145251397
EPI_ISL_7907|Human|H1N1|2007.178|NorthAmerica|seasonal,2007.178,-564.7,41.5735567970205,2148,2148,41.8994413407821,41.4106145251397
EPI_ISL_7891|Human|H1N1|2007.173|NorthAmerica|seasonal,2007.173,-563.7,41.6201117318436,2148,2148,42.1787709497207,41.340782122905
EPI_ISL_8005|Human|H1N1|2007.096|NorthAmerica|seasonal,2007.096,-569.4,41.7132216014898,2148,2148,42.1787709497207,41.4804469273743
EPI_ISL_7591|Human|H1N1|2007.047|NorthAmerica|seasonal,2007.047,-567.7,41.6201117318436,2148,2148,42.0391061452514,41.4106145251397
EPI_ISL_7889|Human|H1N1|2007.184|NorthAmerica|seasonal,2007.184,-563.8,41.6201117318436,2148,2148,42.0391061452514,41.4106145251397
EPI_ISL_7880|Human|H1N1|2007.099|NorthAmerica|seasonal,2007.099,-568,41.6666666666667,2148,2148,42.1787709497207,41.4106145251397
EPI_ISL_7921|Human|H1N1|2007.145|NorthAmerica|seasonal,2007.145,-568.6,41.7597765363128,2148,2148,42.4581005586592,41.4106145251397
EPI_ISL_7958|Human|H1N1|2007.079|NorthAmerica|seasonal,2007.079,-567.9,41.7597765363128,2148,2148,42.5977653631285,41.340782122905
EPI_ISL_7557|Human|H1N1|2006.989|NorthAmerica|seasonal,2006.989,-560.3,41.5735567970205,2148,2148,42.1787709497207,41.2709497206704
EPI_ISL_7893|Human|H1N1|2007.077|NorthAmerica|seasonal,2007.077,-571.5,41.6666666666667,2148,2148,42.1787709497207,41.4106145251397
EPI_ISL_7766|Human|H1N1|2007.178|NorthAmerica|seasonal,2007.178,-570.4,41.7132216014898,2148,2148,42.3184357541899,41.4106145251397
EPI_ISL_7612|Human|H1N1|2007.181|NorthAmerica|seasonal,2007.181,-570.4,41.7132216014898,2148,2148,42.3184357541899,41.4106145251397
EPI_ISL_7860|Human|H1N1|2007.096|NorthAmerica|seasonal,2007.096,-570.4,41.7132216014898,2148,2148,42.3184357541899,41.4106145251397
EPI_ISL_8006|Human|H1N1|2007.099|NorthAmerica|seasonal,2007.099,-570.4,41.7132216014898,2148,2148,42.3184357541899,41.4106145251397
EPI_ISL_7947|Human|H1N1|2007.156|NorthAmerica|seasonal,2007.156,-570.4,41.7132216014898,2148,2148,42.3184357541899,41.4106145251397
EPI_ISL_7909|Human|H1N1|2007.153|NorthAmerica|seasonal,2007.153,-570.4,41.7132216014898,2148,2148,42.3184357541899,41.4106145251397
EPI_ISL_7646|Human|H1N1|2007.178|NorthAmerica|seasonal,2007.178,-570.4,41.7132216014898,2148,2148,42.3184357541899,41.4106145251397
EPI_ISL_7968|Human|H1N1|2007.079|NorthAmerica|seasonal,2007.079,-566.5,41.6666666666667,2148,2148,42.0391061452514,41.4804469273743
EPI_ISL_8084|Human|H1N1|2007.137|NorthAmerica|seasonal,2007.137,-565.9,41.6666666666667,2148,2148,42.1787709497207,41.4106145251397
EPI_ISL_7782|Human|H1N1|2007.107|NorthAmerica|seasonal,2007.107,-563.8,41.6201117318436,2148,2148,42.0391061452514,41.4106145251397
EPI_ISL_7576|Human|H1N1|2007.153|NorthAmerica|seasonal,2007.153,-566.1,41.6201117318436,2148,2148,42.1787709497207,41.340782122905
EPI_ISL_7565|Human|H1N1|2007.142|NorthAmerica|seasonal,2007.142,-564.7,41.6201117318436,2148,2148,42.1787709497207,41.340782122905
EPI_ISL_7915|Human|H1N1|2007.118|NorthAmerica|seasonal,2007.118,-568.2,41.8063314711359,2148,2148,42.4581005586592,41.4804469273743
EPI_ISL_7818|Human|H1N1|2007.118|NorthAmerica|seasonal,2007.118,-568,41.7132216014898,2148,2148,42.3184357541899,41.4106145251397
EPI_ISL_7897|Human|H1N1|2007.079|NorthAmerica|seasonal,2007.079,-566.8,41.7132216014898,2148,2148,42.3184357541899,41.4106145251397
EPI_ISL_7859|Human|H1N1|2007.077|NorthAmerica|seasonal,2007.077,-566.8,41.7597765363128,2148,2148,42.3184357541899,41.4804469273743
EPI_ISL_7996|Human|H1N1|2007.077|NorthAmerica|seasonal,2007.077,-566.8,41.7132216014898,2148,2148,42.3184357541899,41.4106145251397
EPI_ISL_7965|Human|H1N1|2007.066|NorthAmerica|seasonal,2007.066,-566.8,41.7132216014898,2148,2148,42.3184357541899,41.4106145251397
EPI_ISL_7917|Human|H1N1|2007.077|NorthAmerica|seasonal,2007.077,-566.8,41.7132216014898,2148,2148,42.3184357541899,41.4106145251397
EPI_ISL_8039|Human|H1N1|2007.104|NorthAmerica|seasonal,2007.104,-569.1,41.7597765363128,2148,2148,42.4581005586592,41.4106145251397
EPI_ISL_7950|Human|H1N1|2007.082|NorthAmerica|seasonal,2007.082,-566.8,41.7132216014898,2148,2148,42.3184357541899,41.4106145251397
EPI_ISL_7912|Human|H1N1|2007.085|NorthAmerica|seasonal,2007.085,-566.8,41.7132216014898,2148,2148,42.3184357541899,41.4106145251397
EPI_ISL_7923|Human|H1N1|2007.079|NorthAmerica|seasonal,2007.079,-566,41.7597765363128,2148,2148,42.3184357541899,41.4804469273743
EPI_ISL_7874|Human|H1N1|2007.085|NorthAmerica|seasonal,2007.085,-566.8,41.7132216014898,2148,2148,42.3184357541899,41.4106145251397
EPI_ISL_7603|Human|H1N1|2007.153|NorthAmerica|seasonal,2007.153,-562.9,41.6201117318436,2148,2148,42.0391061452514,41.4106145251397
EPI_ISL_8037|Human|H1N1|2007.145|NorthAmerica|seasonal,2007.145,-567.2,41.6666666666667,2148,2148,42.3184357541899,41.340782122905
EPI_ISL_7602|Human|H1N1|2007.175|NorthAmerica|seasonal,2007.175,-570,41.7597765363128,2148,2148,42.4581005586592,41.4106145251397
EPI_ISL_7765|Human|H1N1|2007.03|NorthAmerica|seasonal,2007.03,-566.7,41.6666666666667,2148,2148,42.1787709497207,41.4106145251397
EPI_ISL_30819|Human|H1N1|2007.153|NorthAmerica|seasonal,2007.153,-570.2,41.7132216014898,2148,2148,42.1787709497207,41.4804469273743
EPI_ISL_7584|Human|H1N1|2007.134|NorthAmerica|seasonal,2007.134,-566.9,41.5735567970205,2148,2148,41.8994413407821,41.4106145251397
EPI_ISL_7837|Human|H1N1|2007.162|NorthAmerica|seasonal,2007.162,-569.4,41.7132216014898,2148,2148,42.3184357541899,41.4106145251397
EPI_ISL_7892|Human|H1N1|2007.079|NorthAmerica|seasonal,2007.079,-566.7,41.6666666666667,2148,2148,42.1787709497207,41.4106145251397
EPI_ISL_7980|Human|H1N1|2007.121|NorthAmerica|seasonal,2007.121,-566.7,41.6666666666667,2148,2148,42.1787709497207,41.4106145251397
EPI_ISL_7951|Human|H1N1|2007.178|NorthAmerica|seasonal,2007.178,-567,41.6201117318436,2148,2148,42.0391061452514,41.4106145251397
EPI_ISL_7851|Human|H1N1|2007.118|NorthAmerica|seasonal,2007.118,-566.7,41.6666666666667,2148,2148,42.1787709497207,41.4106145251397
EPI_ISL_7845|Human|H1N1|2007.077|NorthAmerica|seasonal,2007.077,-564.9,41.5735567970205,2148,2148,41.8994413407821,41.4106145251397
EPI_ISL_7881|Human|H1N1|2006.962|NorthAmerica|seasonal,2006.962,-566.7,41.6666666666667,2148,2148,42.1787709497207,41.4106145251397
EPI_ISL_7960|Human|H1N1|2007.134|NorthAmerica|seasonal,2007.134,-562.9,41.7132216014898,2148,2148,42.0391061452514,41.5502793296089
EPI_ISL_7916|Human|H1N1|2007.115|NorthAmerica|seasonal,2007.115,-565.7,41.6666666666667,2148,2148,41.8994413407821,41.5502793296089
EPI_ISL_7760|Human|H1N1|2007.104|NorthAmerica|seasonal,2007.104,-561.3,41.7132216014898,2148,2148,42.0391061452514,41.5502793296089
EPI_ISL_7814|Human|H1N1|2007.14|NorthAmerica|seasonal,2007.14,-564.7,41.7597765363128,2148,2148,42.0391061452514,41.6201117318436
EPI_ISL_7946|Human|H1N1|2007.068|NorthAmerica|seasonal,2007.068,-565.5,41.6201117318436,2148,2148,41.8994413407821,41.4804469273743
EPI_ISL_7908|Human|H1N1|2007.077|NorthAmerica|seasonal,2007.077,-570.5,41.8063314711359,2148,2148,42.0391061452514,41.6899441340782
EPI_ISL_7906|Human|H1N1|2007.115|NorthAmerica|seasonal,2007.115,-565.5,41.8063314711359,2148,2148,42.3184357541899,41.5502793296089
EPI_ISL_19103|Human|H1N1|2007.079|NorthAmerica|seasonal,2007.079,-568.2,41.7132216014898,2148,2148,42.0391061452514,41.5502793296089
EPI_ISL_7944|Human|H1N1|2007.181|NorthAmerica|seasonal,2007.181,-564.6,41.6201117318436,2148,2148,41.7597765363128,41.5502793296089
EPI_ISL_7823|Human|H1N1|2007.041|NorthAmerica|seasonal,2007.041,-565.3,41.5735567970205,2148,2148,41.7597765363128,41.4804469273743
EPI_ISL_8031|Human|H1N1|2007.099|NorthAmerica|seasonal,2007.099,-560.9,41.5735567970205,2148,2148,41.8994413407821,41.4106145251397
EPI_ISL_7869|Human|H1N1|2007.088|NorthAmerica|seasonal,2007.088,-561.1,41.6666666666667,2148,2148,42.0391061452514,41.4804469273743
EPI_ISL_7847|Human|H1N1|2007.079|NorthAmerica|seasonal,2007.079,-561.1,41.6666666666667,2148,2148,42.0391061452514,41.4804469273743
EPI_ISL_7846|Human|H1N1|2007.082|NorthAmerica|seasonal,2007.082,-561.1,41.6666666666667,2148,2148,42.0391061452514,41.4804469273743
EPI_ISL_7993|Human|H1N1|2007.145|NorthAmerica|seasonal,2007.145,-561.1,41.6666666666667,2148,2148,42.0391061452514,41.4804469273743
EPI_ISL_8008|Human|H1N1|2007.118|NorthAmerica|seasonal,2007.118,-558.7,41.7132216014898,2148,2148,42.0391061452514,41.5502793296089
EPI_ISL_8001|Human|H1N1|2007.066|NorthAmerica|seasonal,2007.066,-559.1,41.5735567970205,2148,2148,41.8994413407821,41.4106145251397
EPI_ISL_7977|Human|H1N1|2007.118|NorthAmerica|seasonal,2007.118,-558.3,41.5270018621974,2148,2148,41.7597765363128,41.4106145251397
EPI_ISL_19102|Human|H1N1|2007.077|NorthAmerica|seasonal,2007.077,-562.8,41.6666666666667,2148,2148,42.0391061452514,41.4804469273743
EPI_ISL_8023|Human|H1N1|2007.041|NorthAmerica|seasonal,2007.041,-560.9,41.6201117318436,2148,2148,41.8994413407821,41.4804469273743
EPI_ISL_7964|Human|H1N1|2007.041|NorthAmerica|seasonal,2007.041,-560.9,41.6201117318436,2148,2148,41.8994413407821,41.4804469273743
EPI_ISL_7986|Human|H1N1|2007.153|NorthAmerica|seasonal,2007.153,-560.7,41.5735567970205,2148,2148,41.7597765363128,41.4804469273743
EPI_ISL_7613|Human|H1N1|2007.115|NorthAmerica|seasonal,2007.115,-562.9,41.6666666666667,2148,2148,41.8994413407821,41.5502793296089
EPI_ISL_7594|Human|H1N1|2007.159|NorthAmerica|seasonal,2007.159,-564,41.6201117318436,2148,2148,41.8994413407821,41.4804469273743
EPI_ISL_7649|Human|H1N1|2007.085|NorthAmerica|seasonal,2007.085,-565.8,41.7597765363128,2148,2148,42.0391061452514,41.6201117318436
EPI_ISL_7767|Human|H1N1|2007.173|NorthAmerica|seasonal,2007.173,-565.8,41.6666666666667,2148,2148,41.7597765363128,41.6201117318436
EPI_ISL_7961|Human|H1N1|2007.107|NorthAmerica|seasonal,2007.107,-565.1,41.7132216014898,2148,2148,42.0391061452514,41.5502793296089
EPI_ISL_8030|Human|H1N1|2007.077|NorthAmerica|seasonal,2007.077,-565.1,41.7132216014898,2148,2148,42.0391061452514,41.5502793296089
EPI_ISL_7570|Human|H1N1|2007.14|NorthAmerica|seasonal,2007.14,-564.8,41.6666666666667,2148,2148,42.0391061452514,41.4804469273743
EPI_ISL_7600|Human|H1N1|2007.115|NorthAmerica|seasonal,2007.115,-564.8,41.6666666666667,2148,2148,42.0391061452514,41.4804469273743
EPI_ISL_7559|Human|H1N1|2007.011|NorthAmerica|seasonal,2007.011,-563.9,41.6201117318436,2148,2148,41.8994413407821,41.4804469273743
EPI_ISL_7560|Human|H1N1|2007.008|NorthAmerica|seasonal,2007.008,-564.8,41.6666666666667,2148,2148,42.0391061452514,41.4804469273743
EPI_ISL_7630|Human|H1N1|2007.058|NorthAmerica|seasonal,2007.058,-564.8,41.6201117318436,2148,2148,42.0391061452514,41.4106145251397
EPI_ISL_7862|Human|H1N1|2007.134|NorthAmerica|seasonal,2007.134,-566.6,41.8063314711359,2148,2148,42.3184357541899,41.5502793296089
EPI_ISL_7941|Human|H1N1|2007.195|NorthAmerica|seasonal,2007.195,-566.7,41.8063314711359,2148,2148,42.3184357541899,41.5502793296089
EPI_ISL_8035|Human|H1N1|2007.134|NorthAmerica|seasonal,2007.134,-566.6,41.8063314711359,2148,2148,42.3184357541899,41.5502793296089
EPI_ISL_7779|Human|H1N1|2007.175|NorthAmerica|seasonal,2007.175,-563.4,41.8063314711359,2148,2148,42.4581005586592,41.4804469273743
EPI_ISL_7580|Human|H1N1|2007.101|NorthAmerica|seasonal,2007.101,-562.1,41.7132216014898,2148,2148,42.1787709497207,41.4804469273743
EPI_ISL_7898|Human|H1N1|2007.14|NorthAmerica|seasonal,2007.14,-565.8,41.7132216014898,2148,2148,42.1787709497207,41.4804469273743
EPI_ISL_7601|Human|H1N1|2007.088|NorthAmerica|seasonal,2007.088,-565.8,41.7132216014898,2148,2148,42.1787709497207,41.4804469273743
EPI_ISL_7972|Human|H1N1|2006.989|NorthAmerica|seasonal,2006.989,-565.8,41.7132216014898,2148,2148,42.1787709497207,41.4804469273743
EPI_ISL_8079|Human|H1N1|2007.159|NorthAmerica|seasonal,2007.159,-566.9,41.8063314711359,2148,2148,42.4581005586592,41.4804469273743
EPI_ISL_7777|Human|H1N1|2007.137|NorthAmerica|seasonal,2007.137,-563.7,41.7132216014898,2148,2148,42.3184357541899,41.4106145251397
EPI_ISL_28863|Human|H1N1|2007.153|NorthAmerica|seasonal,2007.153,-560.9,41.5270018621974,2148,2148,41.7597765363128,41.4106145251397
EPI_ISL_7607|Human|H1N1|2007.068|NorthAmerica|seasonal,2007.068,-564.6,41.7132216014898,2148,2148,42.1787709497207,41.4804469273743
EPI_ISL_7606|Human|H1N1|2007.085|NorthAmerica|seasonal,2007.085,-564.6,41.6201117318436,2148,2148,42.0391061452514,41.4106145251397
EPI_ISL_7598|Human|H1N1|2007.082|NorthAmerica|seasonal,2007.082,-564.6,41.7132216014898,2148,2148,42.1787709497207,41.4804469273743
EPI_ISL_7632|Human|H1N1|2007.079|NorthAmerica|seasonal,2007.079,-565.8,41.7132216014898,2148,2148,42.1787709497207,41.4804469273743
EPI_ISL_7571|Human|H1N1|2007.115|NorthAmerica|seasonal,2007.115,-565.8,41.7132216014898,2148,2148,42.1787709497207,41.4804469273743
EPI_ISL_7870|Human|H1N1|2007.088|NorthAmerica|seasonal,2007.088,-565.8,41.7132216014898,2148,2148,42.1787709497207,41.4804469273743
EPI_ISL_7840|Human|H1N1|2007.126|NorthAmerica|seasonal,2007.126,-565.8,41.7132216014898,2148,2148,42.1787709497207,41.4804469273743
EPI_ISL_7835|Human|H1N1|2007.118|NorthAmerica|seasonal,2007.118,-565.2,41.6666666666667,2148,2148,42.0391061452514,41.4804469273743
EPI_ISL_7801|Human|H1N1|2007.068|NorthAmerica|seasonal,2007.068,-563.8,41.6201117318436,2148,2148,42.1787709497207,41.340782122905
EPI_ISL_7914|Human|H1N1|2007.175|NorthAmerica|seasonal,2007.175,-566.6,41.6201117318436,2148,2148,41.8994413407821,41.4804469273743
EPI_ISL_7905|Human|H1N1|2007.137|NorthAmerica|seasonal,2007.137,-565.9,41.6666666666667,2148,2148,42.0391061452514,41.4804469273743
EPI_ISL_28891|Human|H1N1|2007.14|NorthAmerica|seasonal,2007.14,-564.8,41.7597765363128,2148,2148,42.3184357541899,41.4804469273743
EPI_ISL_7808|Human|H1N1|2007.145|NorthAmerica|seasonal,2007.145,-564.3,41.6666666666667,2148,2148,42.1787709497207,41.4106145251397
EPI_ISL_7852|Human|H1N1|2007.14|NorthAmerica|seasonal,2007.14,-560.8,41.6666666666667,2148,2148,42.0391061452514,41.4804469273743
EPI_ISL_7626|Human|H1N1|2007.14|NorthAmerica|seasonal,2007.14,-565.8,41.6666666666667,2148,2148,42.0391061452514,41.4804469273743
EPI_ISL_7596|Human|H1N1|2007.137|NorthAmerica|seasonal,2007.137,-565.8,41.6666666666667,2148,2148,42.0391061452514,41.4804469273743
EPI_ISL_7828|Human|H1N1|2007.153|NorthAmerica|seasonal,2007.153,-565.1,41.7132216014898,2148,2148,42.1787709497207,41.4804469273743
EPI_ISL_7778|Human|H1N1|2007.137|NorthAmerica|seasonal,2007.137,-565.8,41.6666666666667,2148,2148,42.0391061452514,41.4804469273743
EPI_ISL_28864|Human|H1N1|2007.118|NorthAmerica|seasonal,2007.118,-565.8,41.6666666666667,2148,2148,42.0391061452514,41.4804469273743
EPI_ISL_7615|Human|H1N1|2007.137|NorthAmerica|seasonal,2007.137,-567.7,41.8063314711359,2148,2148,42.3184357541899,41.5502793296089
EPI_ISL_30818|Human|H1N1|2007.126|NorthAmerica|seasonal,2007.126,-567.7,41.8063314711359,2148,2148,42.3184357541899,41.5502793296089
EPI_ISL_8013|Human|H1N1|2007.058|NorthAmerica|seasonal,2007.058,-561.8,41.6201117318436,2148,2148,42.0391061452514,41.4106145251397
EPI_ISL_7886|Human|H1N1|2007.162|NorthAmerica|seasonal,2007.162,-563.4,41.6666666666667,2148,2148,42.1787709497207,41.4106145251397
EPI_ISL_7995|Human|H1N1|2007.115|NorthAmerica|seasonal,2007.115,-562.5,41.5735567970205,2148,2148,41.8994413407821,41.4106145251397
EPI_ISL_7833|Human|H1N1|2007.126|NorthAmerica|seasonal,2007.126,-566.8,41.8063314711359,2148,2148,42.4581005586592,41.4804469273743
EPI_ISL_7854|Human|H1N1|2007.118|NorthAmerica|seasonal,2007.118,-567.5,41.7597765363128,2148,2148,42.3184357541899,41.4804469273743
EPI_ISL_16409|Human|H1N1|2007.107|NorthAmerica|seasonal,2007.107,-567.5,41.7597765363128,2148,2148,42.3184357541899,41.4804469273743
EPI_ISL_7987|Human|H1N1|2007.077|NorthAmerica|seasonal,2007.077,-567.5,41.7597765363128,2148,2148,42.3184357541899,41.4804469273743
EPI_ISL_8007|Human|H1N1|2007.137|NorthAmerica|seasonal,2007.137,-566.9,41.7597765363128,2148,2148,42.1787709497207,41.5502793296089
EPI_ISL_7984|Human|H1N1|2007.118|NorthAmerica|seasonal,2007.118,-567.5,41.7132216014898,2148,2148,42.1787709497207,41.4804469273743
EPI_ISL_7970|Human|H1N1|2007.137|NorthAmerica|seasonal,2007.137,-567.1,41.6666666666667,2148,2148,42.1787709497207,41.4106145251397
EPI_ISL_7943|Human|H1N1|2007.121|NorthAmerica|seasonal,2007.121,-569.8,41.7132216014898,2148,2148,42.1787709497207,41.4804469273743
EPI_ISL_7787|Human|H1N1|2007.195|NorthAmerica|seasonal,2007.195,-567.5,41.7132216014898,2148,2148,42.1787709497207,41.4804469273743
EPI_ISL_7896|Human|H1N1|2007.115|NorthAmerica|seasonal,2007.115,-566.2,41.6666666666667,2148,2148,42.0391061452514,41.4804469273743
EPI_ISL_8002|Human|H1N1|2007.173|NorthAmerica|seasonal,2007.173,-567.8,41.7132216014898,2148,2148,42.0391061452514,41.5502793296089
EPI_ISL_7785|Human|H1N1|2007.06|NorthAmerica|seasonal,2007.06,-567.8,41.7132216014898,2148,2148,42.0391061452514,41.5502793296089
EPI_ISL_7579|Human|H1N1|2007.101|NorthAmerica|seasonal,2007.101,-568.3,41.7132216014898,2148,2148,42.1787709497207,41.4804469273743
EPI_ISL_7817|Human|H1N1|2007.123|NorthAmerica|seasonal,2007.123,-570.9,41.7597765363128,2148,2148,42.1787709497207,41.5502793296089
EPI_ISL_7783|Human|H1N1|2007.099|NorthAmerica|seasonal,2007.099,-570.9,41.7597765363128,2148,2148,42.1787709497207,41.5502793296089
EPI_ISL_7781|Human|H1N1|2007.118|NorthAmerica|seasonal,2007.118,-570.9,41.7597765363128,2148,2148,42.1787709497207,41.5502793296089
EPI_ISL_7566|Human|H1N1|2007.14|NorthAmerica|seasonal,2007.14,-570.9,41.7597765363128,2148,2148,42.1787709497207,41.5502793296089
EPI_ISL_7932|Human|H1N1|2007.101|NorthAmerica|seasonal,2007.101,-568.3,41.7132216014898,2148,2148,42.1787709497207,41.4804469273743
EPI_ISL_7599|Human|H1N1|2007.156|NorthAmerica|seasonal,2007.156,-570.9,41.8063314711359,2148,2148,42.3184357541899,41.5502793296089
EPI_ISL_7885|Human|H1N1|2007.099|NorthAmerica|seasonal,2007.099,-570.9,41.7597765363128,2148,2148,42.1787709497207,41.5502793296089
EPI_ISL_7842|Human|H1N1|2007.085|NorthAmerica|seasonal,2007.085,-565.4,41.6201117318436,2148,2148,41.7597765363128,41.5502793296089
EPI_ISL_7763|Human|H1N1|2007.096|NorthAmerica|seasonal,2007.096,-565.9,41.6860735910573,2147,2148,42.0979020979021,41.4804469273743
EPI_ISL_7568|Human|H1N1|2007.068|NorthAmerica|seasonal,2007.068,-567.8,41.7132216014898,2148,2148,42.0391061452514,41.5502793296089
EPI_ISL_28890|Human|H1N1|2007.164|NorthAmerica|seasonal,2007.164,-567.8,41.7132216014898,2148,2148,42.0391061452514,41.5502793296089
EPI_ISL_7963|Human|H1N1|2007.041|NorthAmerica|seasonal,2007.041,-567.8,41.7132216014898,2148,2148,42.0391061452514,41.5502793296089
EPI_ISL_7871|Human|H1N1|2007.153|NorthAmerica|seasonal,2007.153,-567.4,41.6666666666667,2148,2148,41.8994413407821,41.5502793296089
EPI_ISL_7587|Human|H1N1|2007.079|NorthAmerica|seasonal,2007.079,-568.9,41.7132216014898,2148,2148,41.8994413407821,41.6201117318436
EPI_ISL_19107|Human|H1N1|2007.192|NorthAmerica|seasonal,2007.192,-567.8,41.7597765363128,2148,2148,42.1787709497207,41.5502793296089
EPI_ISL_7890|Human|H1N1|2007.03|NorthAmerica|seasonal,2007.03,-567.8,41.7132216014898,2148,2148,42.0391061452514,41.5502793296089
EPI_ISL_7644|Human|H1N1|2007.041|NorthAmerica|seasonal,2007.041,-566.9,41.6666666666667,2148,2148,41.8994413407821,41.5502793296089
EPI_ISL_7616|Human|H1N1|2007.047|NorthAmerica|seasonal,2007.047,-566.9,41.6201117318436,2148,2148,41.7597765363128,41.5502793296089
EPI_ISL_7830|Human|H1N1|2007.058|NorthAmerica|seasonal,2007.058,-567.8,41.6666666666667,2148,2148,42.0391061452514,41.4804469273743
EPI_ISL_7597|Human|H1N1|2007.178|NorthAmerica|seasonal,2007.178,-567.2,41.7132216014898,2148,2148,42.1787709497207,41.4804469273743
EPI_ISL_7877|Human|H1N1|2007.088|NorthAmerica|seasonal,2007.088,-569.4,41.7597765363128,2148,2148,42.0391061452514,41.6201117318436
EPI_ISL_7884|Human|H1N1|2007.066|NorthAmerica|seasonal,2007.066,-567.5,41.6666666666667,2148,2148,42.0391061452514,41.4804469273743
EPI_ISL_7844|Human|H1N1|2007.134|NorthAmerica|seasonal,2007.134,-566.5,41.6666666666667,2148,2148,42.0391061452514,41.4804469273743
EPI_ISL_15340|Human|H1N1|2007.115|NorthAmerica|seasonal,2007.115,-570.1,41.7597765363128,2148,2148,42.1787709497207,41.5502793296089
EPI_ISL_7810|Human|H1N1|2007.079|NorthAmerica|seasonal,2007.079,-565.9,41.6201117318436,2148,2148,41.8994413407821,41.4804469273743
EPI_ISL_7654|Human|H1N1|2007.077|NorthAmerica|seasonal,2007.077,-567.6,41.6201117318436,2148,2148,42.0391061452514,41.4106145251397
EPI_ISL_7918|Human|H1N1|2007.079|NorthAmerica|seasonal,2007.079,-567.8,41.7132216014898,2148,2148,42.0391061452514,41.5502793296089
EPI_ISL_7650|Human|H1N1|2007.126|NorthAmerica|seasonal,2007.126,-569.7,41.6666666666667,2148,2148,41.8994413407821,41.5502793296089
EPI_ISL_7655|Human|H1N1|2007.079|NorthAmerica|seasonal,2007.079,-567.8,41.7132216014898,2148,2148,42.0391061452514,41.5502793296089
EPI_ISL_7863|Human|H1N1|2007.159|NorthAmerica|seasonal,2007.159,-567.9,41.7597765363128,2148,2148,42.1787709497207,41.5502793296089
EPI_ISL_8003|Human|H1N1|2007.134|NorthAmerica|seasonal,2007.134,-567.8,41.7132216014898,2148,2148,42.0391061452514,41.5502793296089
EPI_ISL_7981|Human|H1N1|2007.195|NorthAmerica|seasonal,2007.195,-567.8,41.7132216014898,2148,2148,42.0391061452514,41.5502793296089
EPI_ISL_7913|Human|H1N1|2007.096|NorthAmerica|seasonal,2007.096,-567.8,41.7132216014898,2148,2148,42.0391061452514,41.5502793296089
EPI_ISL_7895|Human|H1N1|2007.173|NorthAmerica|seasonal,2007.173,-567.8,41.7132216014898,2148,2148,42.0391061452514,41.5502793296089
EPI_ISL_7643|Human|H1N1|2007.063|NorthAmerica|seasonal,2007.063,-567.8,41.7132216014898,2148,2148,42.0391061452514,41.5502793296089
EPI_ISL_7627|Human|H1N1|2007.038|NorthAmerica|seasonal,2007.038,-563.9,41.7132216014898,2148,2148,42.0391061452514,41.5502793296089
EPI_ISL_7608|Human|H1N1|2007.096|NorthAmerica|seasonal,2007.096,-561.8,41.6201117318436,2148,2148,41.7597765363128,41.5502793296089
EPI_ISL_7586|Human|H1N1|2007.06|NorthAmerica|seasonal,2007.06,-567.8,41.7132216014898,2148,2148,42.0391061452514,41.5502793296089
EPI_ISL_7558|Human|H1N1|2006.962|NorthAmerica|seasonal,2006.962,-567.8,41.7132216014898,2148,2148,42.0391061452514,41.5502793296089
EPI_ISL_7857|Human|H1N1|2007.077|NorthAmerica|seasonal,2007.077,-572.1,41.7597765363128,2148,2148,41.8994413407821,41.6899441340782
EPI_ISL_7856|Human|H1N1|2007.173|NorthAmerica|seasonal,2007.173,-564.6,41.6666666666667,2148,2148,41.8994413407821,41.5502793296089
EPI_ISL_7839|Human|H1N1|2007.063|NorthAmerica|seasonal,2007.063,-567.8,41.7132216014898,2148,2148,42.0391061452514,41.5502793296089
EPI_ISL_7838|Human|H1N1|2007.06|NorthAmerica|seasonal,2007.06,-567.8,41.7132216014898,2148,2148,42.0391061452514,41.5502793296089
EPI_ISL_7819|Human|H1N1|2007.03|NorthAmerica|seasonal,2007.03,-570.5,41.6201117318436,2148,2148,41.8994413407821,41.4804469273743
EPI_ISL_8012|Human|H1N1|2006.929|NorthAmerica|seasonal,2006.929,-567.8,41.7132216014898,2148,2148,42.0391061452514,41.5502793296089
EPI_ISL_7911|Human|H1N1|2007.107|NorthAmerica|seasonal,2007.107,-567.8,41.7132216014898,2148,2148,42.0391061452514,41.5502793296089
EPI_ISL_7904|Human|H1N1|2007.104|NorthAmerica|seasonal,2007.104,-567.8,41.7132216014898,2148,2148,42.0391061452514,41.5502793296089
EPI_ISL_16411|Human|H1N1|2007.099|NorthAmerica|seasonal,2007.099,-567.2,41.7249417249417,2145,2145,42.0979020979021,41.5384615384615
EPI_ISL_15828|Human|H1N1|2007.063|NorthAmerica|seasonal,2007.063,-567.8,41.7132216014898,2148,2148,42.0391061452514,41.5502793296089
EPI_ISL_7942|Human|H1N1|2007.142|NorthAmerica|seasonal,2007.142,-568.4,41.6666666666667,2148,2148,42.0391061452514,41.4804469273743
EPI_ISL_7957|Human|H1N1|2007.079|NorthAmerica|seasonal,2007.079,-565.3,41.6201117318436,2148,2148,41.7597765363128,41.5502793296089
EPI_ISL_8000|Human|H1N1|2007.142|NorthAmerica|seasonal,2007.142,-565.9,41.7132216014898,2148,2148,41.8994413407821,41.6201117318436
EPI_ISL_7975|Human|H1N1|2007.162|NorthAmerica|seasonal,2007.162,-568.1,41.8063314711359,2148,2148,42.1787709497207,41.6201117318436
EPI_ISL_7829|Human|H1N1|2007.082|NorthAmerica|seasonal,2007.082,-568,41.8063314711359,2148,2148,42.1787709497207,41.6201117318436
EPI_ISL_7569|Human|H1N1|2007.115|NorthAmerica|seasonal,2007.115,-564.8,41.7132216014898,2148,2148,42.0391061452514,41.5502793296089
EPI_ISL_7827|Human|H1N1|2007.192|NorthAmerica|seasonal,2007.192,-567.8,41.7132216014898,2148,2148,42.0391061452514,41.5502793296089
EPI_ISL_7924|Human|H1N1|2007.162|NorthAmerica|seasonal,2007.162,-567.8,41.7132216014898,2148,2148,42.0391061452514,41.5502793296089
EPI_ISL_7629|Human|H1N1|2007.058|NorthAmerica|seasonal,2007.058,-567.9,41.7597765363128,2148,2148,42.1787709497207,41.5502793296089
EPI_ISL_7653|Human|H1N1|2007.077|NorthAmerica|seasonal,2007.077,-567,41.7597765363128,2148,2148,42.1787709497207,41.5502793296089
EPI_ISL_7577|Human|H1N1|2007.159|NorthAmerica|seasonal,2007.159,-567.8,41.7132216014898,2148,2148,42.0391061452514,41.5502793296089
EPI_ISL_7855|Human|H1N1|2007.096|NorthAmerica|seasonal,2007.096,-566.9,41.7132216014898,2148,2148,42.0391061452514,41.5502793296089
EPI_ISL_7979|Human|H1N1|2007.118|NorthAmerica|seasonal,2007.118,-566.2,41.6201117318436,2148,2148,41.8994413407821,41.4804469273743
EPI_ISL_7966|Human|H1N1|2007.066|NorthAmerica|seasonal,2007.066,-566.9,41.6666666666667,2148,2148,41.8994413407821,41.5502793296089
EPI_ISL_7922|Human|H1N1|2007.115|NorthAmerica|seasonal,2007.115,-567.1,41.6666666666667,2148,2148,41.8994413407821,41.5502793296089
EPI_ISL_7991|Human|H1N1|2007.175|NorthAmerica|seasonal,2007.175,-566.4,41.6666666666667,2148,2148,41.7597765363128,41.6201117318436
EPI_ISL_8083|Human|H1N1|2007.121|NorthAmerica|seasonal,2007.121,-565,41.8063314711359,2148,2148,42.1787709497207,41.6201117318436
EPI_ISL_7640|Human|H1N1|2007.178|NorthAmerica|seasonal,2007.178,-567.3,41.7597765363128,2148,2148,42.1787709497207,41.5502793296089
EPI_ISL_7894|Human|H1N1|2007.121|NorthAmerica|seasonal,2007.121,-567.8,41.7132216014898,2148,2148,42.0391061452514,41.5502793296089
EPI_ISL_28867|Human|H1N1|2007.06|NorthAmerica|seasonal,2007.06,-566.9,41.7132216014898,2148,2148,42.0391061452514,41.5502793296089
EPI_ISL_8038|Human|H1N1|2007.134|NorthAmerica|seasonal,2007.134,-569,41.852886405959,2148,2148,42.3184357541899,41.6201117318436
EPI_ISL_7652|Human|H1N1|2007.115|NorthAmerica|seasonal,2007.115,-569,41.852886405959,2148,2148,42.3184357541899,41.6201117318436
EPI_ISL_7866|Human|H1N1|2007.115|NorthAmerica|seasonal,2007.115,-569,41.852886405959,2148,2148,42.3184357541899,41.6201117318436
EPI_ISL_7983|Human|H1N1|2007.115|NorthAmerica|seasonal,2007.115,-566.8,41.5735567970205,2148,2148,41.7597765363128,41.4804469273743
EPI_ISL_7575|Human|H1N1|2007.027|NorthAmerica|seasonal,2007.027,-573.9,41.6201117318436,2148,2148,41.8994413407821,41.4804469273743
EPI_ISL_7822|Human|H1N1|2007.137|NorthAmerica|seasonal,2007.137,-571.1,41.6666666666667,2148,2148,42.0391061452514,41.4804469273743
EPI_ISL_7974|Human|H1N1|2007.156|NorthAmerica|seasonal,2007.156,-567,41.6201117318436,2148,2148,41.7597765363128,41.5502793296089
EPI_ISL_8028|Human|H1N1|2007.115|NorthAmerica|seasonal,2007.115,-572.6,41.7132216014898,2148,2148,41.8994413407821,41.6201117318436
EPI_ISL_7563|Human|H1N1|2007.173|NorthAmerica|seasonal,2007.173,-570.8,41.6666666666667,2148,2148,41.8994413407821,41.5502793296089
EPI_ISL_8045|Human|H1N1|2007.181|NorthAmerica|seasonal,2007.181,-570.8,41.6666666666667,2148,2148,41.8994413407821,41.5502793296089
EPI_ISL_7651|Human|H1N1|2007.082|NorthAmerica|seasonal,2007.082,-560.5,41.6666666666667,2148,2148,42.0391061452514,41.4804469273743
EPI_ISL_7647|Human|H1N1|2007.118|NorthAmerica|seasonal,2007.118,-560.5,41.6666666666667,2148,2148,42.0391061452514,41.4804469273743
EPI_ISL_7583|Human|H1N1|2007.063|NorthAmerica|seasonal,2007.063,-564.3,41.5735567970205,2148,2148,41.7597765363128,41.4804469273743
EPI_ISL_7867|Human|H1N1|2007.079|NorthAmerica|seasonal,2007.079,-558.1,41.6201117318436,2148,2148,41.7597765363128,41.5502793296089
EPI_ISL_7864|Human|H1N1|2007.126|NorthAmerica|seasonal,2007.126,-560.5,41.6666666666667,2148,2148,42.0391061452514,41.4804469273743
EPI_ISL_7861|Human|H1N1|2007.126|NorthAmerica|seasonal,2007.126,-560.5,41.6666666666667,2148,2148,42.0391061452514,41.4804469273743
EPI_ISL_7824|Human|H1N1|2007.014|NorthAmerica|seasonal,2007.014,-562.9,41.6201117318436,2148,2148,41.8994413407821,41.4804469273743
EPI_ISL_7786|Human|H1N1|2007.156|NorthAmerica|seasonal,2007.156,-565.7,41.7132216014898,2148,2148,42.0391061452514,41.5502793296089
EPI_ISL_8004|Human|H1N1|2007.173|NorthAmerica|seasonal,2007.173,-565.8,41.7597765363128,2148,2148,42.1787709497207,41.5502793296089
EPI_ISL_7990|Human|H1N1|2007.096|NorthAmerica|seasonal,2007.096,-559.4,41.6201117318436,2148,2148,41.8994413407821,41.4804469273743
EPI_ISL_7989|Human|H1N1|2007.068|NorthAmerica|seasonal,2007.068,-565.1,41.7132216014898,2148,2148,42.0391061452514,41.5502793296089
EPI_ISL_7976|Human|H1N1|2007.162|NorthAmerica|seasonal,2007.162,-563.9,41.6201117318436,2148,2148,41.8994413407821,41.4804469273743
EPI_ISL_7920|Human|H1N1|2007.099|NorthAmerica|seasonal,2007.099,-560.5,41.6666666666667,2148,2148,42.0391061452514,41.4804469273743
EPI_ISL_8081|Human|H1N1|2007.14|NorthAmerica|seasonal,2007.14,-564.2,41.6666666666667,2148,2148,41.8994413407821,41.5502793296089
EPI_ISL_8043|Human|H1N1|2007.066|NorthAmerica|seasonal,2007.066,-565.1,41.7132216014898,2148,2148,42.0391061452514,41.5502793296089
EPI_ISL_15341|Human|H1N1|2007.079|NorthAmerica|seasonal,2007.079,-564.7,41.6666666666667,2148,2148,41.8994413407821,41.5502793296089
EPI_ISL_7985|Human|H1N1|2007.115|NorthAmerica|seasonal,2007.115,-566.8,41.852886405959,2148,2148,42.4581005586592,41.5502793296089
EPI_ISL_7955|Human|H1N1|2007.063|NorthAmerica|seasonal,2007.063,-565.4,41.6666666666667,2148,2148,41.8994413407821,41.5502793296089
EPI_ISL_7614|Human|H1N1|2007.099|NorthAmerica|seasonal,2007.099,-563.1,41.7132216014898,2148,2148,42.1787709497207,41.4804469273743
EPI_ISL_7595|Human|H1N1|2007.099|NorthAmerica|seasonal,2007.099,-565.6,41.7132216014898,2148,2148,42.0391061452514,41.5502793296089
EPI_ISL_7812|Human|H1N1|2007.123|NorthAmerica|seasonal,2007.123,-563.8,41.7132216014898,2148,2148,42.0391061452514,41.5502793296089
EPI_ISL_7940|Human|H1N1|2007.104|NorthAmerica|seasonal,2007.104,-563.1,41.6666666666667,2148,2148,42.0391061452514,41.4804469273743
EPI_ISL_27616|Human|H1N1|2007.096|NorthAmerica|seasonal,2007.096,-563.1,41.7132216014898,2148,2148,42.1787709497207,41.4804469273743
EPI_ISL_8032|Human|H1N1|2007.096|NorthAmerica|seasonal,2007.096,-567.1,41.7597765363128,2148,2148,42.1787709497207,41.5502793296089
EPI_ISL_22609|Human|H1N1|2007.2|NorthAmerica|seasonal,2007.2,-569.8,41.8063314711359,2148,2148,42.3184357541899,41.5502793296089
EPI_ISL_7610|Human|H1N1|2007.068|NorthAmerica|seasonal,2007.068,-571,41.6666666666667,2148,2148,41.8994413407821,41.5502793296089
EPI_ISL_7567|Human|H1N1|2007.058|NorthAmerica|seasonal,2007.058,-571.2,41.7597765363128,2148,2148,42.1787709497207,41.5502793296089
EPI_ISL_7832|Human|H1N1|2007.181|NorthAmerica|seasonal,2007.181,-570.5,41.7132216014898,2148,2148,42.0391061452514,41.5502793296089
EPI_ISL_7875|Human|H1N1|2007.058|NorthAmerica|seasonal,2007.058,-570.5,41.7132216014898,2148,2148,42.0391061452514,41.5502793296089
EPI_ISL_7806|Human|H1N1|2007.195|NorthAmerica|seasonal,2007.195,-570.5,41.7132216014898,2148,2148,42.0391061452514,41.5502793296089
EPI_ISL_7939|Human|H1N1|2007.156|NorthAmerica|seasonal,2007.156,-570.5,41.7132216014898,2148,2148,42.0391061452514,41.5502793296089
EPI_ISL_28865|Human|H1N1|2007.126|NorthAmerica|seasonal,2007.126,-570.5,41.7132216014898,2148,2148,42.0391061452514,41.5502793296089
EPI_ISL_7759|Human|H1N1|2007.192|NorthAmerica|seasonal,2007.192,-569.5,41.7597765363128,2148,2148,42.1787709497207,41.5502793296089
EPI_ISL_7624|Human|H1N1|2007.164|NorthAmerica|seasonal,2007.164,-569.5,41.7597765363128,2148,2148,42.1787709497207,41.5502793296089
EPI_ISL_7588|Human|H1N1|2007.192|NorthAmerica|seasonal,2007.192,-569.5,41.7597765363128,2148,2148,42.1787709497207,41.5502793296089
EPI_ISL_7815|Human|H1N1|2007.173|NorthAmerica|seasonal,2007.173,-569.5,41.7597765363128,2148,2148,42.1787709497207,41.5502793296089
EPI_ISL_7809|Human|H1N1|2007.192|NorthAmerica|seasonal,2007.192,-565,41.7132216014898,2148,2148,42.1787709497207,41.4804469273743
EPI_ISL_28866|Human|H1N1|2007.164|NorthAmerica|seasonal,2007.164,-569.5,41.7597765363128,2148,2148,42.1787709497207,41.5502793296089
EPI_ISL_7631|Human|H1N1|2007.189|NorthAmerica|seasonal,2007.189,-569.5,41.7597765363128,2148,2148,42.1787709497207,41.5502793296089
EPI_ISL_7937|Human|H1N1|2007.156|NorthAmerica|seasonal,2007.156,-570.9,41.6201117318436,2148,2148,41.7597765363128,41.5502793296089
EPI_ISL_7969|Human|H1N1|2007.079|NorthAmerica|seasonal,2007.079,-575.8,41.7132216014898,2148,2148,42.1787709497207,41.4804469273743
EPI_ISL_25707|Human|H1N1|2006.274|Europe|seasonal,2006.274,-564.8,41.6666666666667,2148,2148,42.4581005586592,41.2709497206704
EPI_ISL_7868|Human|H1N1|2007.085|NorthAmerica|seasonal,2007.085,-570.4,41.7597765363128,2148,2148,42.4581005586592,41.4106145251397
EPI_ISL_7959|Human|H1N1|2007.058|NorthAmerica|seasonal,2007.058,-563.8,41.4804469273743,2148,2148,41.7597765363128,41.340782122905
EPI_ISL_7919|Human|H1N1|2007.153|NorthAmerica|seasonal,2007.153,-564.5,41.6201117318436,2148,2148,42.3184357541899,41.2709497206704
EPI_ISL_7873|Human|H1N1|2007.107|NorthAmerica|seasonal,2007.107,-566.5,41.5270018621974,2148,2148,41.8994413407821,41.340782122905
EPI_ISL_8014|Human|H1N1|2007.101|NorthAmerica|seasonal,2007.101,-566.5,41.5270018621974,2148,2148,41.8994413407821,41.340782122905
EPI_ISL_7949|Human|H1N1|2007.096|NorthAmerica|seasonal,2007.096,-566.5,41.5270018621974,2148,2148,41.8994413407821,41.340782122905
EPI_ISL_7978|Human|H1N1|2007.096|NorthAmerica|seasonal,2007.096,-566.5,41.5270018621974,2148,2148,41.8994413407821,41.340782122905
EPI_ISL_7982|Human|H1N1|2007.096|NorthAmerica|seasonal,2007.096,-566.5,41.5270018621974,2148,2148,41.8994413407821,41.340782122905
EPI_ISL_7850|Human|H1N1|2007.104|NorthAmerica|seasonal,2007.104,-566.5,41.5270018621974,2148,2148,41.8994413407821,41.340782122905
EPI_ISL_8029|Human|H1N1|2007.101|NorthAmerica|seasonal,2007.101,-566.5,41.5270018621974,2148,2148,41.8994413407821,41.340782122905
EPI_ISL_7556|Human|H1N1|2006.967|NorthAmerica|seasonal,2006.967,-565.4,41.4804469273743,2148,2148,41.8994413407821,41.2709497206704
EPI_ISL_7820|Human|H1N1|2007.173|NorthAmerica|seasonal,2007.173,-566.5,41.5735567970205,2148,2148,42.0391061452514,41.340782122905
EPI_ISL_7956|Human|H1N1|2007.156|NorthAmerica|seasonal,2007.156,-564.6,41.5735567970205,2148,2148,42.1787709497207,41.2709497206704
EPI_ISL_7910|Human|H1N1|2007.077|NorthAmerica|seasonal,2007.077,-561.5,41.5270018621974,2148,2148,42.0391061452514,41.2709497206704
EPI_ISL_29085|Human|H1N1|2007.077|NorthAmerica|seasonal,2007.077,-564.6,41.5270018621974,2148,2148,42.0391061452514,41.2709497206704
EPI_ISL_7879|Human|H1N1|2007.077|NorthAmerica|seasonal,2007.077,-562.2,41.5735567970205,2148,2148,42.1787709497207,41.2709497206704
EPI_ISL_7865|Human|H1N1|2007.099|NorthAmerica|seasonal,2007.099,-564.6,41.5735567970205,2148,2148,42.1787709497207,41.2709497206704
EPI_ISL_7998|Human|H1N1|2007.142|NorthAmerica|seasonal,2007.142,-564.6,41.5735567970205,2148,2148,42.1787709497207,41.2709497206704
EPI_ISL_7994|Human|H1N1|2007.153|NorthAmerica|seasonal,2007.153,-564.6,41.5735567970205,2148,2148,42.1787709497207,41.2709497206704
EPI_ISL_7992|Human|H1N1|2007.049|NorthAmerica|seasonal,2007.049,-564.6,41.5735567970205,2148,2148,42.1787709497207,41.2709497206704
EPI_ISL_7953|Human|H1N1|2007.077|NorthAmerica|seasonal,2007.077,-564.6,41.5270018621974,2148,2148,42.0391061452514,41.2709497206704
EPI_ISL_29084|Human|H1N1|2007.137|NorthAmerica|seasonal,2007.137,-564.2,41.5270018621974,2148,2148,42.1787709497207,41.2011173184358
EPI_ISL_7954|Human|H1N1|2007.173|NorthAmerica|seasonal,2007.173,-564.8,41.4804469273743,2148,2148,42.0391061452514,41.2011173184358
EPI_ISL_8034|Human|H1N1|2007.134|NorthAmerica|seasonal,2007.134,-566.8,41.6201117318436,2148,2148,42.3184357541899,41.2709497206704
EPI_ISL_7999|Human|H1N1|2007.173|NorthAmerica|seasonal,2007.173,-564.2,41.5270018621974,2148,2148,42.1787709497207,41.2011173184358
EPI_ISL_7988|Human|H1N1|2007.123|NorthAmerica|seasonal,2007.123,-564.7,41.4338919925512,2148,2148,41.7597765363128,41.2709497206704
EPI_ISL_7967|Human|H1N1|2007.068|NorthAmerica|seasonal,2007.068,-566,41.5735567970205,2148,2148,42.1787709497207,41.2709497206704
EPI_ISL_7849|Human|H1N1|2007.068|NorthAmerica|seasonal,2007.068,-565,41.5270018621974,2148,2148,42.0391061452514,41.2709497206704
EPI_ISL_7611|Human|H1N1|2007.123|NorthAmerica|seasonal,2007.123,-570.6,41.6666666666667,2148,2148,42.3184357541899,41.340782122905
EPI_ISL_7625|Human|H1N1|2007.121|NorthAmerica|seasonal,2007.121,-570.6,41.6666666666667,2148,2148,42.3184357541899,41.340782122905
EPI_ISL_7628|Human|H1N1|2007.068|NorthAmerica|seasonal,2007.068,-570.6,41.6666666666667,2148,2148,42.3184357541899,41.340782122905
EPI_ISL_7902|Human|H1N1|2007.101|NorthAmerica|seasonal,2007.101,-571.6,41.7132216014898,2148,2148,42.4581005586592,41.340782122905
EPI_ISL_8082|Human|H1N1|2007.099|NorthAmerica|seasonal,2007.099,-564.9,41.5735567970205,2148,2148,42.1787709497207,41.2709497206704
EPI_ISL_7888|Human|H1N1|2007.058|NorthAmerica|seasonal,2007.058,-560.6,41.5270018621974,2148,2148,42.1787709497207,41.2011173184358
EPI_ISL_7883|Human|H1N1|2007.123|NorthAmerica|seasonal,2007.123,-561.2,41.5735567970205,2148,2148,42.0391061452514,41.340782122905
EPI_ISL_7858|Human|H1N1|2007.096|NorthAmerica|seasonal,2007.096,-565.7,41.6666666666667,2148,2148,42.3184357541899,41.340782122905
EPI_ISL_7997|Human|H1N1|2007.068|NorthAmerica|seasonal,2007.068,-564.3,41.7132216014898,2148,2148,42.3184357541899,41.4106145251397
EPI_ISL_8036|Human|H1N1|2007.121|NorthAmerica|seasonal,2007.121,-564.3,41.7132216014898,2148,2148,42.3184357541899,41.4106145251397
EPI_ISL_16410|Human|H1N1|2007.115|NorthAmerica|seasonal,2007.115,-564.9,41.8994413407821,2148,2148,43.0167597765363,41.340782122905
EPI_ISL_7800|Human|H1N1|2007.162|NorthAmerica|seasonal,2007.162,-565.6,41.9459962756052,2148,2148,43.5754189944134,41.1312849162011
EPI_ISL_8027|Human|H1N1|2007.027|NorthAmerica|seasonal,2007.027,-564.1,41.9459962756052,2148,2148,43.5754189944134,41.1312849162011
EPI_ISL_7585|Human|H1N1|2007.162|NorthAmerica|seasonal,2007.162,-565.6,41.9459962756052,2148,2148,43.5754189944134,41.1312849162011
EPI_ISL_8015|Human|H1N1|2007.153|NorthAmerica|seasonal,2007.153,-565.6,41.9459962756052,2148,2148,43.5754189944134,41.1312849162011
EPI_ISL_7973|Human|H1N1|2007.173|NorthAmerica|seasonal,2007.173,-566.7,42.0391061452514,2148,2148,43.5754189944134,41.2709497206704
EPI_ISL_7780|Human|H1N1|2007.178|NorthAmerica|seasonal,2007.178,-565.6,41.9459962756052,2148,2148,43.5754189944134,41.1312849162011
EPI_ISL_120425|Human|H1N1|2003.729|Asia|,2003.729,-565.8,41.8063314711359,2148,2148,42.7374301675978,41.340782122905
EPI_ISL_106617|Human|H1N1|2005.266|Asia|,2005.266,-562.2,41.9459962756052,2148,2148,43.0167597765363,41.4106145251397
EPI_ISL_117814|Human|H1N1|2005.449|Asia|,2005.449,-574.1,42.2253258845438,2148,2148,43.7150837988827,41.4804469273743
EPI_ISL_106638|Human|H1N1|2006.2|Asia|,2006.2,-555.1,42.1787709497207,2148,2148,43.7150837988827,41.4106145251397
EPI_ISL_116062|Human|H1N1|2006.321|Asia|,2006.321,-562.8,42.1787709497207,2148,2148,43.5754189944134,41.4804469273743
EPI_ISL_25712|Human|H1N1|2006.271|Europe|seasonal,2006.271,-558.3,42.1787709497207,2148,2148,43.7150837988827,41.4106145251397
EPI_ISL_12841|Human|H1N1|2006|Asia|seasonal,2006,-559.1,42.2253258845438,2148,2148,43.854748603352,41.4106145251397
EPI_ISL_15603|Human|H1N1|2005|Europe|seasonal,2005,-561.1,42.0856610800745,2148,2148,43.4357541899441,41.4106145251397
EPI_ISL_93595|Human|H1N1|2005.033|Asia|,2005.033,-558.5,41.9459962756052,2148,2148,43.0167597765363,41.4106145251397
EPI_ISL_93594|Human|H1N1|2005.055|Asia|,2005.055,-558.5,41.852886405959,2148,2148,42.877094972067,41.340782122905
EPI_ISL_120424|Human|H1N1|2003.688|Asia|,2003.688,-561.4,41.852886405959,2148,2148,43.0167597765363,41.2709497206704
EPI_ISL_120423|Human|H1N1|2003.589|Asia|,2003.589,-561.4,41.852886405959,2148,2148,43.0167597765363,41.2709497206704
EPI_ISL_6371|Human|H1N1|2005|Oceania|seasonal,2005,-559.1,42.1322160148976,2148,2148,43.4357541899441,41.4804469273743
EPI_ISL_15604|Human|H1N1|2004|Europe|seasonal,2004,-562.8,42.1787709497207,2148,2148,43.5754189944134,41.4804469273743
EPI_ISL_83676|Human|H1N1|2010.112|Asia|seasonal,2010.112,-563.8,42.0391061452514,2148,2148,43.2960893854749,41.4106145251397
EPI_ISL_83675|Human|H1N1|2010.112|Asia|seasonal,2010.112,-563.8,42.0391061452514,2148,2148,43.2960893854749,41.4106145251397
EPI_ISL_6448|Human|H1N1|2005.6|Oceania|seasonal,2005.6,-556.9,41.8994413407821,2148,2148,42.877094972067,41.4106145251397
EPI_ISL_5656|Human|H1N1|2005.69|Oceania|seasonal,2005.69,-556.9,41.8994413407821,2148,2148,42.877094972067,41.4106145251397
EPI_ISL_6341|Human|H1N1|2005.663|Oceania|seasonal,2005.663,-556.9,41.852886405959,2148,2148,42.7374301675978,41.4106145251397
EPI_ISL_6859|Human|H1N1|2005.611|Oceania|seasonal,2005.611,-556.9,41.8994413407821,2148,2148,42.877094972067,41.4106145251397
EPI_ISL_8269|Human|H1N1|2003.03|NorthAmerica|seasonal,2003.03,-564.6,41.7597765363128,2148,2148,42.7374301675978,41.2709497206704
EPI_ISL_8999|Human|H1N1|2003.17|NorthAmerica|seasonal,2003.17,-566.4,41.8994413407821,2148,2148,42.877094972067,41.4106145251397
EPI_ISL_164016|Human|H1N1|2008.027|Europe|seasonal,2008.027,-563.2,41.6900093370682,2142,2142,42.7170868347339,41.1764705882353
EPI_ISL_164013|Human|H1N1|2008.008|Europe|seasonal,2008.008,-564.6,41.9234360410831,2142,2142,43.4173669467787,41.1764705882353
EPI_ISL_29779|Human|H1N1|2008.481|NorthAmerica|seasonal,2008.481,-565.3,41.8994413407821,2148,2148,43.2960893854749,41.2011173184358
EPI_ISL_30226|Human|H1N1|2008.44|NorthAmerica|seasonal,2008.44,-568.6,41.852886405959,2148,2148,43.2960893854749,41.1312849162011
EPI_ISL_30220|Human|H1N1|2008.437|NorthAmerica|seasonal,2008.437,-565.6,41.8063314711359,2148,2148,43.1564245810056,41.1312849162011
EPI_ISL_30218|Human|H1N1|2008.437|NorthAmerica|seasonal,2008.437,-565.6,41.8063314711359,2148,2148,43.1564245810056,41.1312849162011
EPI_ISL_78563|Human|H1N1|2007|SouthAmerica|seasonal,2007,-569.6,41.6201117318436,2148,2148,42.5977653631285,41.1312849162011
EPI_ISL_62908|Human|H1N1|2008.469|NorthAmerica|seasonal,2008.469,-566,41.7597765363128,2148,2148,43.1564245810056,41.0614525139665
EPI_ISL_29778|Human|H1N1|2008.478|NorthAmerica|seasonal,2008.478,-567.8,41.7597765363128,2148,2148,43.1564245810056,41.0614525139665
EPI_ISL_164011|Human|H1N1|2007.995|Europe|seasonal,2007.995,-567.5,41.8767507002801,2142,2142,43.2773109243698,41.1764705882353
EPI_ISL_62923|Human|H1N1|2008.122|NorthAmerica|seasonal,2008.122,-566.3,41.8994413407821,2148,2148,43.2960893854749,41.2011173184358
EPI_ISL_30221|Human|H1N1|2008.434|NorthAmerica|seasonal,2008.434,-565.9,41.8994413407821,2148,2148,43.2960893854749,41.2011173184358
EPI_ISL_208729|Human|H1N1|2007.981|Asia|,2007.981,-562.2,41.6201117318436,2148,2148,42.5977653631285,41.1312849162011
EPI_ISL_70169|Human|H1N1|2008.036|Asia|seasonal,2008.036,-569.6,41.9459962756052,2148,2148,43.2960893854749,41.2709497206704
EPI_ISL_70162|Human|H1N1|2007.962|Asia|seasonal,2007.962,-568.3,41.852886405959,2148,2148,43.1564245810056,41.2011173184358
EPI_ISL_70160|Human|H1N1|2007.945|Asia|seasonal,2007.945,-569.2,41.9459962756052,2148,2148,43.2960893854749,41.2709497206704
EPI_ISL_208713|Human|H1N1|2007.849|Asia|,2007.849,-568.1,41.8994413407821,2148,2148,43.2960893854749,41.2011173184358
EPI_ISL_30228|Human|H1N1|2008.016|NorthAmerica|seasonal,2008.016,-567.7,42.0586865393572,2147,2148,43.5754189944134,41.2997903563941
EPI_ISL_29633|Human|H1N1|2008.123|NorthAmerica|seasonal,2008.123,-565.3,41.852886405959,2148,2148,43.2960893854749,41.1312849162011
EPI_ISL_29647|Human|H1N1|2008.484|NorthAmerica|seasonal,2008.484,-564.3,41.9925512104283,2148,2148,43.7150837988827,41.1312849162011
EPI_ISL_33848|Human|H1N1|2008.497|NorthAmerica|seasonal,2008.497,-564.3,42.0391061452514,2148,2148,43.854748603352,41.1312849162011
EPI_ISL_28893|Human|H1N1|2008.12|NorthAmerica|seasonal,2008.12,-564.2,41.8063314711359,2148,2148,43.0167597765363,41.2011173184358
EPI_ISL_96142|Human|H1N1|2008.077|NorthAmerica|,2008.077,-568.1,41.8994413407821,2148,2148,43.2960893854749,41.2011173184358
EPI_ISL_96141|Human|H1N1|2008.074|NorthAmerica|,2008.074,-567,41.852886405959,2148,2148,43.2960893854749,41.1312849162011
EPI_ISL_96137|Human|H1N1|2008.94|NorthAmerica|,2008.94,-568.1,41.8994413407821,2148,2148,43.2960893854749,41.2011173184358
EPI_ISL_30789|Human|H1N1|2008.123|NorthAmerica|seasonal,2008.123,-569.3,41.7132216014898,2148,2148,42.7374301675978,41.2011173184358
EPI_ISL_62784|Human|H1N1|2008.108|NorthAmerica|seasonal,2008.108,-567,41.8063314711359,2148,2148,43.1564245810056,41.1312849162011
EPI_ISL_30230|Human|H1N1|2008.623|NorthAmerica|seasonal,2008.623,-569.4,41.5735567970205,2148,2148,42.5977653631285,41.0614525139665
EPI_ISL_33849|Human|H1N1|2008.88|NorthAmerica|seasonal,2008.88,-568.3,41.9459962756052,2148,2148,43.2960893854749,41.2709497206704
EPI_ISL_30233|Human|H1N1|2008.847|NorthAmerica|seasonal,2008.847,-570.9,41.9925512104283,2148,2148,43.4357541899441,41.2709497206704
EPI_ISL_33847|Human|H1N1|2008.861|NorthAmerica|seasonal,2008.861,-572.9,41.9925512104283,2148,2148,43.2960893854749,41.340782122905
EPI_ISL_29676|Human|H1N1|2008.842|NorthAmerica|seasonal,2008.842,-572.6,41.8994413407821,2148,2148,43.1564245810056,41.2709497206704
EPI_ISL_29675|Human|H1N1|2008.833|NorthAmerica|seasonal,2008.833,-572.6,41.9459962756052,2148,2148,43.2960893854749,41.2709497206704
EPI_ISL_30227|Human|H1N1|2008.776|NorthAmerica|seasonal,2008.776,-574,41.9925512104283,2148,2148,43.2960893854749,41.340782122905
EPI_ISL_33842|Human|H1N1|2008.776|NorthAmerica|seasonal,2008.776,-572.1,41.9459962756052,2148,2148,43.2960893854749,41.2709497206704
EPI_ISL_29912|Human|H1N1|2008.814|NorthAmerica|seasonal,2008.814,-572.1,41.9459962756052,2148,2148,43.2960893854749,41.2709497206704
EPI_ISL_30231|Human|H1N1|2008.828|NorthAmerica|seasonal,2008.828,-572.1,41.9459962756052,2148,2148,43.2960893854749,41.2709497206704
EPI_ISL_29648|Human|H1N1|2008.839|NorthAmerica|seasonal,2008.839,-572.1,41.9459962756052,2148,2148,43.2960893854749,41.2709497206704
EPI_ISL_62907|Human|H1N1|2008.6|NorthAmerica|seasonal,2008.6,-568,41.9459962756052,2148,2148,43.7150837988827,41.0614525139665
EPI_ISL_116007|Human|H1N1|2008.063|Asia|,2008.063,-568.5,41.6666666666667,2148,2148,42.7374301675978,41.1312849162011
EPI_ISL_164014|Human|H1N1|2008.016|Europe|seasonal,2008.016,-566.2,41.9234360410831,2142,2142,43.1372549019608,41.3165266106443
EPI_ISL_93582|Human|H1N1|2007.868|Asia|,2007.868,-568.7,41.852886405959,2148,2148,43.1564245810056,41.2011173184358
EPI_ISL_30212|Human|H1N1|2008.055|Asia|seasonal,2008.055,-563.9,42.0391061452514,2148,2148,43.5754189944134,41.2709497206704
EPI_ISL_93586|Human|H1N1|2008.333|Asia|,2008.333,-564.6,41.8994413407821,2148,2148,43.2960893854749,41.2011173184358
EPI_ISL_30211|Human|H1N1|2008.041|Asia|seasonal,2008.041,-566.3,41.852886405959,2148,2148,43.2960893854749,41.1312849162011
EPI_ISL_93585|Human|H1N1|2008.896|Asia|,2008.896,-566.5,42.0391061452514,2148,2148,43.7150837988827,41.2011173184358
EPI_ISL_93589|Human|H1N1|2008.915|Asia|,2008.915,-569.1,42.0856610800745,2148,2148,43.5754189944134,41.340782122905
EPI_ISL_93588|Human|H1N1|2008.825|Asia|,2008.825,-574.4,42.1322160148976,2148,2148,43.7150837988827,41.340782122905
EPI_ISL_93590|Human|H1N1|2009.033|Asia|,2009.033,-565.1,41.8994413407821,2148,2148,43.1564245810056,41.2709497206704
EPI_ISL_164024|Human|H1N1|2007.948|Europe|seasonal,2007.948,-565.5,41.9701213818861,2142,2142,43.4173669467787,41.2464985994398
EPI_ISL_164029|Human|H1N1|2008.038|Europe|seasonal,2008.038,-566.2,41.8767507002801,2142,2142,43.2773109243698,41.1764705882353
EPI_ISL_27695|Human|H1N1|2008.117|Europe|seasonal,2008.117,-567.4,41.852886405959,2148,2148,43.1564245810056,41.2011173184358
EPI_ISL_164026|Human|H1N1|2007.997|Europe|seasonal,2007.997,-566.2,41.9234360410831,2142,2142,43.2773109243698,41.2464985994398
EPI_ISL_164030|Human|H1N1|2008.041|Europe|seasonal,2008.041,-564.4,41.8767507002801,2142,2142,43.2773109243698,41.1764705882353
EPI_ISL_70170|Human|H1N1|2008.137|Asia|seasonal,2008.137,-566.8,41.852886405959,2148,2148,43.2960893854749,41.1312849162011
EPI_ISL_77977|Human|H1N1|2009.023|NorthAmerica|seasonal,2009.023,-572.4,41.9925512104283,2148,2148,43.4357541899441,41.2709497206704
EPI_ISL_89588|Human|H1N1|2009.088|NorthAmerica|,2009.088,-572.1,42.0391061452514,2148,2148,43.7150837988827,41.2011173184358
EPI_ISL_208716|Human|H1N1|2008.112|Asia|,2008.112,-568.5,41.9459962756052,2148,2148,43.4357541899441,41.2011173184358
EPI_ISL_106731|Human|H1N1|2008.921|Asia|,2008.921,-564.3,41.8063314711359,2148,2148,43.0167597765363,41.2011173184358
EPI_ISL_106713|Human|H1N1|2008.858|Asia|,2008.858,-564.3,41.8063314711359,2148,2148,43.0167597765363,41.2011173184358
EPI_ISL_115807|Human|H1N1|2008.801|Asia|,2008.801,-576.5,42.0856610800745,2148,2148,43.7150837988827,41.2709497206704
EPI_ISL_116008|Human|H1N1|2008.148|Asia|,2008.148,-569.5,41.9459962756052,2148,2148,43.2960893854749,41.2709497206704
EPI_ISL_106751|Human|H1N1|2008.533|Asia|,2008.533,-570.3,42.0391061452514,2148,2148,43.7150837988827,41.2011173184358
EPI_ISL_70179|Human|H1N1|2008.16|Asia|seasonal,2008.16,-569.4,42.0979020979021,2145,2148,43.7150837988827,41.2876137158852
EPI_ISL_116005|Human|H1N1|2008.342|Asia|,2008.342,-568.6,41.9459962756052,2148,2148,43.5754189944134,41.1312849162011
EPI_ISL_164028|Human|H1N1|2008.036|Europe|seasonal,2008.036,-565.5,41.9701213818861,2142,2142,43.4173669467787,41.2464985994398
EPI_ISL_164023|Human|H1N1|2007.863|Europe|seasonal,2007.863,-565.5,41.9701213818861,2142,2142,43.4173669467787,41.2464985994398
EPI_ISL_106692|Human|H1N1|2008.71|Asia|,2008.71,-564.8,41.9925512104283,2148,2148,43.4357541899441,41.2709497206704
EPI_ISL_25711|Human|H1N1|2008.022|Europe|seasonal,2008.022,-566.6,41.8994413407821,2148,2148,43.2960893854749,41.2011173184358
EPI_ISL_78574|Human|H1N1|2007|SouthAmerica|seasonal,2007,-563.9,41.7597765363128,2148,2148,43.1564245810056,41.0614525139665
EPI_ISL_29475|Human|H1N1|2008.437|NorthAmerica|seasonal,2008.437,-564.6,41.7597765363128,2148,2148,43.0167597765363,41.1312849162011
EPI_ISL_62909|Human|H1N1|2008.444|NorthAmerica|seasonal,2008.444,-564.6,41.7597765363128,2148,2148,43.0167597765363,41.1312849162011
EPI_ISL_164022|Human|H1N1|2008.984|Europe|seasonal,2008.984,-563.5,41.7833800186741,2142,2142,42.9971988795518,41.1764705882353
EPI_ISL_28895|Human|H1N1|2008.137|NorthAmerica|seasonal,2008.137,-564,41.6666666666667,2148,2148,42.877094972067,41.0614525139665
EPI_ISL_29307|Human|H1N1|2007|Europe|seasonal,2007,-564.6,41.7597765363128,2148,2148,43.0167597765363,41.1312849162011
EPI_ISL_62840|Human|H1N1|2008.085|NorthAmerica|seasonal,2008.085,-566.2,41.8063314711359,2148,2148,43.0167597765363,41.2011173184358
EPI_ISL_116061|Human|H1N1|2008.538|Asia|,2008.538,-573.1,42.1787709497207,2148,2148,44.1340782122905,41.2011173184358
EPI_ISL_115808|Human|H1N1|2008.828|Asia|,2008.828,-562.1,41.9459962756052,2148,2148,43.4357541899441,41.2011173184358
EPI_ISL_115809|Human|H1N1|2008.839|Asia|,2008.839,-562.6,41.9459962756052,2148,2148,43.4357541899441,41.2011173184358
EPI_ISL_116003|Human|H1N1|2008.885|Asia|,2008.885,-567.2,41.9925512104283,2148,2148,43.7150837988827,41.1312849162011
EPI_ISL_115859|Human|H1N1|2008.866|Asia|,2008.866,-565.2,41.9459962756052,2148,2148,43.5754189944134,41.1312849162011
EPI_ISL_116004|Human|H1N1|2008.899|Asia|,2008.899,-567.4,42.0391061452514,2148,2148,43.7150837988827,41.2011173184358
EPI_ISL_116002|Human|H1N1|2008.885|Asia|,2008.885,-564.7,41.9925512104283,2148,2148,43.5754189944134,41.2011173184358
EPI_ISL_116001|Human|H1N1|2008.883|Asia|,2008.883,-564.7,41.9925512104283,2148,2148,43.5754189944134,41.2011173184358
EPI_ISL_115858|Human|H1N1|2008.861|Asia|,2008.861,-564.7,41.9925512104283,2148,2148,43.5754189944134,41.2011173184358
EPI_ISL_115856|Human|H1N1|2008.85|Asia|,2008.85,-564.7,41.9925512104283,2148,2148,43.5754189944134,41.2011173184358
EPI_ISL_115855|Human|H1N1|2008|Asia|,2008,-564.7,41.9925512104283,2148,2148,43.5754189944134,41.2011173184358
EPI_ISL_115854|Human|H1N1|2008.844|Asia|,2008.844,-564.7,41.9925512104283,2148,2148,43.5754189944134,41.2011173184358
EPI_ISL_116009|Human|H1N1|2008.56|Asia|,2008.56,-568.6,42.0391061452514,2148,2148,43.7150837988827,41.2011173184358
EPI_ISL_106767|Human|H1N1|2008.563|Asia|,2008.563,-572.6,42.0391061452514,2148,2148,43.5754189944134,41.2709497206704
EPI_ISL_116065|Human|H1N1|2008.555|Asia|,2008.555,-567.2,41.9459962756052,2148,2148,43.4357541899441,41.2011173184358
EPI_ISL_164027|Human|H1N1|2008.022|Europe|seasonal,2008.022,-565.5,41.9701213818861,2142,2142,43.4173669467787,41.2464985994398
EPI_ISL_115806|Human|H1N1|2008.71|Asia|,2008.71,-570.8,41.9459962756052,2148,2148,43.2960893854749,41.2709497206704
EPI_ISL_164025|Human|H1N1|2007.992|Europe|seasonal,2007.992,-565.5,41.9701213818861,2142,2142,43.4173669467787,41.2464985994398
EPI_ISL_27694|Human|H1N1|2008|Europe|seasonal,2008,-567.4,41.9925512104283,2148,2148,43.5754189944134,41.2011173184358
EPI_ISL_70166|Human|H1N1|2009.016|Asia|seasonal,2009.016,-564.6,42.0856610800745,2148,2148,43.7150837988827,41.2709497206704
EPI_ISL_99224|Human|H1N1|2008.989|SouthAmerica|,2008.989,-571.9,41.9925512104283,2148,2148,43.5754189944134,41.2011173184358
EPI_ISL_99225|Human|H1N1|2008.984|SouthAmerica|,2008.984,-573.1,42.0391061452514,2148,2148,43.7150837988827,41.2011173184358
EPI_ISL_99220|Human|H1N1|2009.14|SouthAmerica|,2009.14,-566.8,41.9459962756052,2148,2148,43.4357541899441,41.2011173184358
EPI_ISL_99226|Human|H1N1|2009|SouthAmerica|,2009,-570.8,41.9925512104283,2148,2148,43.7150837988827,41.1312849162011
EPI_ISL_99219|Human|H1N1|2009.233|SouthAmerica|,2009.233,-569.4,41.9925512104283,2148,2148,43.5754189944134,41.2011173184358
EPI_ISL_78565|Human|H1N1|2007|SouthAmerica|seasonal,2007,-569.4,41.9925512104283,2148,2148,43.5754189944134,41.2011173184358
EPI_ISL_87217|Human|H1N1|2009.118|NorthAmerica|,2009.118,-575,42.0391061452514,2148,2148,43.7150837988827,41.2011173184358
EPI_ISL_87237|Human|H1N1|2009.134|NorthAmerica|,2009.134,-575.3,41.9925512104283,2148,2148,43.5754189944134,41.2011173184358
EPI_ISL_80803|Human|H1N1|2009.323|NorthAmerica|,2009.323,-574.4,41.9925512104283,2148,2148,43.5754189944134,41.2011173184358
EPI_ISL_89594|Human|H1N1|2009.162|NorthAmerica|,2009.162,-574.3,41.9925512104283,2148,2148,43.5754189944134,41.2011173184358
EPI_ISL_89939|Human|H1N1|2009.121|NorthAmerica|,2009.121,-577.7,42.1322160148976,2148,2148,43.9944134078212,41.2011173184358
EPI_ISL_80783|Human|H1N1|2009.323|NorthAmerica|,2009.323,-574,42.1052631578947,2147,2148,43.7762237762238,41.2709497206704
EPI_ISL_80798|Human|H1N1|2009.323|NorthAmerica|,2009.323,-574.6,41.9925512104283,2148,2148,43.7150837988827,41.1312849162011
EPI_ISL_77962|Human|H1N1|2009.023|NorthAmerica|seasonal,2009.023,-575,42.0391061452514,2148,2148,43.7150837988827,41.2011173184358
EPI_ISL_78562|Human|H1N1|2007|SouthAmerica|seasonal,2007,-564.7,41.852886405959,2148,2148,43.2960893854749,41.1312849162011
EPI_ISL_78572|Human|H1N1|2007|SouthAmerica|seasonal,2007,-569.9,42.0391061452514,2148,2148,43.7150837988827,41.2011173184358
EPI_ISL_78564|Human|H1N1|2007|SouthAmerica|seasonal,2007,-569.9,42.0391061452514,2148,2148,43.7150837988827,41.2011173184358
EPI_ISL_99218|Human|H1N1|2009.052|SouthAmerica|,2009.052,-568.7,41.9925512104283,2148,2148,43.854748603352,41.0614525139665
EPI_ISL_99223|Human|H1N1|2009.036|SouthAmerica|,2009.036,-570.9,42.0391061452514,2148,2148,43.7150837988827,41.2011173184358
EPI_ISL_99229|Human|H1N1|2008.489|SouthAmerica|,2008.489,-565.6,42.0856610800745,2148,2148,43.7150837988827,41.2709497206704
EPI_ISL_99230|Human|H1N1|2009.085|NorthAmerica|,2009.085,-569.5,42.1322160148976,2148,2148,43.9944134078212,41.2011173184358
EPI_ISL_99210|Human|H1N1|2008.634|SouthAmerica|,2008.634,-581.3,42.0391061452514,2148,2148,43.4357541899441,41.340782122905
EPI_ISL_99237|Human|H1N1|2009.414|NorthAmerica|,2009.414,-562.2,41.7132216014898,2148,2148,42.7374301675978,41.2011173184358
EPI_ISL_120443|Human|H1N1|2008.959|Asia|,2008.959,-559.7,41.852886405959,2148,2148,43.1564245810056,41.2011173184358
EPI_ISL_120446|Human|H1N1|2008.191|Asia|,2008.191,-557.6,41.7597765363128,2148,2148,43.0167597765363,41.1312849162011
EPI_ISL_120447|Human|H1N1|2009.129|Asia|,2009.129,-556.8,41.852886405959,2148,2148,43.4357541899441,41.0614525139665
EPI_ISL_120444|Human|H1N1|2009.014|Asia|,2009.014,-556.8,41.8063314711359,2148,2148,43.2960893854749,41.0614525139665
EPI_ISL_80389|Human|H1N1|2009.321|NorthAmerica|,2009.321,-550,41.5270018621974,2148,2148,42.5977653631285,40.9916201117318
EPI_ISL_80810|Human|H1N1|2009.326|NorthAmerica|,2009.326,-550,41.5270018621974,2148,2148,42.5977653631285,40.9916201117318
EPI_ISL_100194|Human|H1N1|2009|Asia|,2009,-556.1,41.7597765363128,2148,2148,43.0167597765363,41.1312849162011
EPI_ISL_62516|Human|H1N1|2009.325|NorthAmerica|seasonal,2009.325,-560.9,41.8300653594771,2142,2142,42.9971988795518,41.2464985994398
EPI_ISL_162004|Human|H1N1|2009.707|Africa|,2009.707,-558.7,41.6666666666667,2148,2148,42.5977653631285,41.2011173184358
EPI_ISL_80388|Human|H1N1|2009.321|NorthAmerica|,2009.321,-563.2,41.7597765363128,2148,2148,43.0167597765363,41.1312849162011
EPI_ISL_80799|Human|H1N1|2009.323|NorthAmerica|,2009.323,-563.2,41.7597765363128,2148,2148,43.0167597765363,41.1312849162011
EPI_ISL_80789|Human|H1N1|2009.323|NorthAmerica|,2009.323,-563.2,41.7597765363128,2148,2148,43.0167597765363,41.1312849162011
EPI_ISL_76117|Human|H1N1|2009.319|NorthAmerica|seasonal,2009.319,-557.2,41.6201117318436,2148,2148,42.5977653631285,41.1312849162011
EPI_ISL_78723|Human|H1N1|2009.319|NorthAmerica|seasonal,2009.319,-562.2,41.7597765363128,2148,2148,43.0167597765363,41.1312849162011
EPI_ISL_80765|Human|H1N1|2009.315|NorthAmerica|,2009.315,-564.5,41.7597765363128,2148,2148,43.1564245810056,41.0614525139665
EPI_ISL_80774|Human|H1N1|2009.318|NorthAmerica|,2009.318,-560.5,41.7132216014898,2148,2148,42.877094972067,41.1312849162011
EPI_ISL_80813|Human|H1N1|2009.326|NorthAmerica|,2009.326,-562.2,41.7597765363128,2148,2148,43.0167597765363,41.1312849162011
EPI_ISL_80796|Human|H1N1|2009.323|NorthAmerica|,2009.323,-562.3,41.8063314711359,2148,2148,43.1564245810056,41.1312849162011
EPI_ISL_80795|Human|H1N1|2009.323|NorthAmerica|,2009.323,-562.3,41.8063314711359,2148,2148,43.1564245810056,41.1312849162011
EPI_ISL_80794|Human|H1N1|2009.323|NorthAmerica|,2009.323,-562.3,41.8063314711359,2148,2148,43.1564245810056,41.1312849162011
EPI_ISL_80769|Human|H1N1|2009.318|NorthAmerica|,2009.318,-562.3,41.8063314711359,2148,2148,43.1564245810056,41.1312849162011
EPI_ISL_80823|Human|H1N1|2009|NorthAmerica|,2009,-558.8,41.7597765363128,2148,2148,43.0167597765363,41.1312849162011
EPI_ISL_80776|Human|H1N1|2009.323|NorthAmerica|,2009.323,-562.6,41.7132216014898,2148,2148,42.877094972067,41.1312849162011
EPI_ISL_93577|Human|H1N1|2008.934|Asia|,2008.934,-567.8,41.9925512104283,2148,2148,43.5754189944134,41.2011173184358
EPI_ISL_93596|Human|H1N1|2008.934|Asia|,2008.934,-566.7,41.9925512104283,2148,2148,43.5754189944134,41.2011173184358
EPI_ISL_62496|Human|H1N1|2009.325|NorthAmerica|seasonal,2009.325,-554,41.6201117318436,2148,2148,42.5977653631285,41.1312849162011
EPI_ISL_80835|Human|H1N1|2009.348|NorthAmerica|,2009.348,-555.6,41.6666666666667,2148,2148,42.7374301675978,41.1312849162011
EPI_ISL_80834|Human|H1N1|2009.348|NorthAmerica|,2009.348,-555.6,41.6666666666667,2148,2148,42.7374301675978,41.1312849162011
EPI_ISL_80832|Human|H1N1|2009.353|NorthAmerica|,2009.353,-555.6,41.6666666666667,2148,2148,42.7374301675978,41.1312849162011
EPI_ISL_80826|Human|H1N1|2009.332|NorthAmerica|,2009.332,-555.6,41.6666666666667,2148,2148,42.7374301675978,41.1312849162011
EPI_ISL_80777|Human|H1N1|2009.323|NorthAmerica|,2009.323,-555.6,41.6666666666667,2148,2148,42.7374301675978,41.1312849162011
EPI_ISL_80768|Human|H1N1|2009.318|NorthAmerica|,2009.318,-555.6,41.6666666666667,2148,2148,42.7374301675978,41.1312849162011
EPI_ISL_78724|Human|H1N1|2009.322|NorthAmerica|seasonal,2009.322,-555.6,41.6201117318436,2148,2148,42.5977653631285,41.1312849162011
EPI_ISL_80828|Human|H1N1|2009.329|NorthAmerica|,2009.329,-555.6,41.6201117318436,2148,2148,42.5977653631285,41.1312849162011
EPI_ISL_80811|Human|H1N1|2009.326|NorthAmerica|,2009.326,-555.6,41.6201117318436,2148,2148,42.5977653631285,41.1312849162011
EPI_ISL_80792|Human|H1N1|2009.323|NorthAmerica|,2009.323,-555.6,41.6201117318436,2148,2148,42.5977653631285,41.1312849162011
EPI_ISL_80833|Human|H1N1|2009.373|NorthAmerica|,2009.373,-555.6,41.6201117318436,2148,2148,42.5977653631285,41.1312849162011
EPI_ISL_87241|Human|H1N1|2009.205|NorthAmerica|,2009.205,-556.3,41.6666666666667,2148,2148,42.7374301675978,41.1312849162011
EPI_ISL_99238|Human|H1N1|2009|NorthAmerica|,2009,-557.3,41.7132216014898,2148,2148,42.7374301675978,41.2011173184358
EPI_ISL_99228|Human|H1N1|2009.162|Asia|,2009.162,-564.8,42.1787709497207,2148,2148,44.1340782122905,41.2011173184358
EPI_ISL_80763|Human|H1N1|2009.312|NorthAmerica|,2009.312,-558.1,41.9822346891071,2139,2139,43.4782608695652,41.234221598878
EPI_ISL_99239|Human|H1N1|2009.162|NorthAmerica|,2009.162,-557.7,41.852886405959,2148,2148,43.2960893854749,41.1312849162011
EPI_ISL_263187|Human|H1N1|2009.625|SouthAmerica|,2009.625,-568.1,41.852886405959,2148,2148,43.0167597765363,41.2709497206704
EPI_ISL_263217|Human|H1N1|2009.575|SouthAmerica|,2009.575,-565.6,41.9459962756052,2148,2148,43.5754189944134,41.1312849162011
EPI_ISL_33555|Human|H1N1|2008|Asia|seasonal,2008,-560,41.8063314711359,2148,2148,43.1564245810056,41.1312849162011
EPI_ISL_80764|Human|H1N1|2009.315|NorthAmerica|,2009.315,-563.4,41.8994413407821,2148,2148,43.2960893854749,41.2011173184358
EPI_ISL_76121|Human|H1N1|2009.322|NorthAmerica|seasonal,2009.322,-556.9,41.852886405959,2148,2148,43.1564245810056,41.2011173184358
EPI_ISL_80782|Human|H1N1|2009.323|NorthAmerica|,2009.323,-556.9,41.852886405959,2148,2148,43.1564245810056,41.2011173184358
EPI_ISL_91037|Human|H1N1|2009.323|NorthAmerica|,2009.323,-556.9,41.852886405959,2148,2148,43.1564245810056,41.2011173184358
EPI_ISL_99240|Human|H1N1|2009.162|NorthAmerica|,2009.162,-560.9,41.8994413407821,2148,2148,43.1564245810056,41.2709497206704
EPI_ISL_99242|Human|H1N1|2009|NorthAmerica|,2009,-563.4,41.8063314711359,2148,2148,43.0167597765363,41.2011173184358
EPI_ISL_78566|Human|H1N1|2007|SouthAmerica|seasonal,2007,-563.4,41.8994413407821,2148,2148,43.2960893854749,41.2011173184358
EPI_ISL_99222|Human|H1N1|2008.937|SouthAmerica|,2008.937,-562.1,41.852886405959,2148,2148,43.2960893854749,41.1312849162011
EPI_ISL_78567|Human|H1N1|2007|SouthAmerica|seasonal,2007,-565.6,41.7597765363128,2148,2148,42.877094972067,41.2011173184358
EPI_ISL_99217|Human|H1N1|2008.672|SouthAmerica|,2008.672,-571.7,42.2253258845438,2148,2148,43.9944134078212,41.340782122905
EPI_ISL_208717|Human|H1N1|2009.112|Asia|,2009.112,-576.1,42.0391061452514,2148,2148,43.7150837988827,41.2011173184358
EPI_ISL_77960|Human|H1N1|2009.086|NorthAmerica|seasonal,2009.086,-575.2,41.9925512104283,2148,2148,43.7150837988827,41.1312849162011
EPI_ISL_66172|Human|H1N1|2009.462|Asia|seasonal,2009.462,-570.5,41.9925512104283,2148,2148,43.5754189944134,41.2011173184358
EPI_ISL_70618|Human|H1N1|2009.473|Asia|seasonal,2009.473,-570.2,42.0391061452514,2148,2148,43.7150837988827,41.2011173184358
EPI_ISL_80779|Human|H1N1|2009.323|NorthAmerica|,2009.323,-573,42.1322160148976,2148,2148,43.854748603352,41.2709497206704
EPI_ISL_87227|Human|H1N1|2009.186|NorthAmerica|,2009.186,-567.2,41.852886405959,2148,2148,43.1564245810056,41.2011173184358
EPI_ISL_208749|Human|H1N1|2008.842|Asia|,2008.842,-571.7,41.8063314711359,2148,2148,42.877094972067,41.2709497206704
EPI_ISL_61867|Human|H1N1|2009.537|Asia|seasonal,2009.537,-534,42.0460107684777,2043,2043,43.6123348017621,41.2628487518355
EPI_ISL_80836|Human|H1N1|2009.43|NorthAmerica|,2009.43,-567,41.9459962756052,2148,2148,43.4357541899441,41.2011173184358
EPI_ISL_77965|Human|H1N1|2009.163|NorthAmerica|seasonal,2009.163,-564.6,41.7597765363128,2148,2148,43.0167597765363,41.1312849162011
EPI_ISL_164033|Human|H1N1|2009.041|Europe|seasonal,2009.041,-564.7,41.7366946778711,2142,2142,42.8571428571429,41.1764705882353
EPI_ISL_69710|Human|H1N1|2009.808|Asia|seasonal,2009.808,-534.5,42.0098039215686,2040,2040,43.5294117647059,41.25
EPI_ISL_70620|Human|H1N1|2009.67|Asia|seasonal,2009.67,-567.7,41.8063314711359,2148,2148,43.0167597765363,41.2011173184358
EPI_ISL_66173|Human|H1N1|2009.538|Asia|seasonal,2009.538,-567.5,41.7132216014898,2148,2148,43.0167597765363,41.0614525139665
EPI_ISL_164032|Human|H1N1|2008.975|Europe|seasonal,2008.975,-563.2,41.6900093370682,2142,2142,42.7170868347339,41.1764705882353
EPI_ISL_164034|Human|H1N1|2009.153|Europe|seasonal,2009.153,-563.2,41.6900093370682,2142,2142,42.7170868347339,41.1764705882353
EPI_ISL_80808|Human|H1N1|2009.323|NorthAmerica|,2009.323,-567.2,41.852886405959,2148,2148,43.0167597765363,41.2709497206704
EPI_ISL_61399|Human|H1N1|2009.007|Asia|seasonal,2009.007,-566.2,41.8994413407821,2148,2148,43.2960893854749,41.2011173184358
EPI_ISL_66171|Human|H1N1|2009.527|Asia|seasonal,2009.527,-562.3,41.5929203539823,2147,2148,42.5174825174825,41.1312849162011
EPI_ISL_208750|Human|H1N1|2009.077|Asia|,2009.077,-567.9,41.852886405959,2148,2148,43.1564245810056,41.2011173184358
EPI_ISL_164031|Human|H1N1|2008.844|Europe|seasonal,2008.844,-562.6,41.8767507002801,2142,2142,42.9971988795518,41.3165266106443
EPI_ISL_70619|Human|H1N1|2009.5|Asia|seasonal,2009.5,-561.6,41.7597765363128,2148,2148,43.0167597765363,41.1312849162011
EPI_ISL_208751|Human|H1N1|2009.499|Asia|,2009.499,-563,41.852886405959,2148,2148,43.1564245810056,41.2011173184358
EPI_ISL_66168|Human|H1N1|2009.522|Asia|seasonal,2009.522,-562.7,41.8063314711359,2148,2148,43.2960893854749,41.0614525139665
EPI_ISL_66167|Human|H1N1|2009.456|Asia|seasonal,2009.456,-573.5,41.8994413407821,2148,2148,43.1564245810056,41.2709497206704
EPI_ISL_208719|Human|H1N1|2009.573|Asia|,2009.573,-572,41.852886405959,2148,2148,43.0167597765363,41.2709497206704
EPI_ISL_208690|Human|H1N1|2008.877|Asia|,2008.877,-570.9,41.8994413407821,2148,2148,43.4357541899441,41.1312849162011
EPI_ISL_83678|Human|H1N1|2010.627|Asia|seasonal,2010.627,-571.5,41.8994413407821,2148,2148,43.4357541899441,41.1312849162011
EPI_ISL_83677|Human|H1N1|2010.104|Asia|seasonal,2010.104,-571.5,41.8994413407821,2148,2148,43.4357541899441,41.1312849162011
EPI_ISL_83674|Human|H1N1|2010.016|Asia|seasonal,2010.016,-571.5,41.8994413407821,2148,2148,43.4357541899441,41.1312849162011
EPI_ISL_93598|Human|H1N1|2008.861|Asia|,2008.861,-575.7,41.8994413407821,2148,2148,43.4357541899441,41.1312849162011
EPI_ISL_208731|Human|H1N1|2008.992|Asia|,2008.992,-573,41.8063314711359,2148,2148,43.0167597765363,41.2011173184358
EPI_ISL_208732|Human|H1N1|2009.041|Asia|,2009.041,-575.3,41.9459962756052,2148,2148,43.4357541899441,41.2011173184358
EPI_ISL_80827|Human|H1N1|2009.329|NorthAmerica|,2009.329,-573.7,41.8994413407821,2148,2148,43.4357541899441,41.1312849162011
EPI_ISL_80790|Human|H1N1|2009.323|NorthAmerica|,2009.323,-576.6,41.9459962756052,2148,2148,43.5754189944134,41.1312849162011
EPI_ISL_80788|Human|H1N1|2009.323|NorthAmerica|,2009.323,-571.4,41.9925512104283,2148,2148,43.7150837988827,41.1312849162011
EPI_ISL_80386|Human|H1N1|2009.318|NorthAmerica|,2009.318,-573.7,41.8994413407821,2148,2148,43.4357541899441,41.1312849162011
EPI_ISL_80383|Human|H1N1|2009.318|NorthAmerica|,2009.318,-573.7,41.8994413407821,2148,2148,43.4357541899441,41.1312849162011
EPI_ISL_80831|Human|H1N1|2009.337|NorthAmerica|,2009.337,-575.2,41.852886405959,2148,2148,43.2960893854749,41.1312849162011
EPI_ISL_80819|Human|H1N1|2009.326|NorthAmerica|,2009.326,-575.2,41.852886405959,2148,2148,43.2960893854749,41.1312849162011
EPI_ISL_80805|Human|H1N1|2009.323|NorthAmerica|,2009.323,-575.2,41.852886405959,2148,2148,43.2960893854749,41.1312849162011
EPI_ISL_80775|Human|H1N1|2009.321|NorthAmerica|,2009.321,-575.2,41.852886405959,2148,2148,43.2960893854749,41.1312849162011
EPI_ISL_80780|Human|H1N1|2009.323|NorthAmerica|,2009.323,-573.7,41.8994413407821,2148,2148,43.4357541899441,41.1312849162011
EPI_ISL_80824|Human|H1N1|2009|NorthAmerica|,2009,-572.2,42.0391061452514,2148,2148,43.7150837988827,41.2011173184358
EPI_ISL_93578|Human|H1N1|2008.943|Asia|,2008.943,-575.6,41.8994413407821,2148,2148,43.2960893854749,41.2011173184358
EPI_ISL_80384|Human|H1N1|2009.318|NorthAmerica|,2009.318,-576.1,41.9459962756052,2148,2148,43.4357541899441,41.2011173184358
EPI_ISL_80825|Human|H1N1|2009.34|NorthAmerica|,2009.34,-575.8,41.9925512104283,2148,2148,43.5754189944134,41.2011173184358
EPI_ISL_80820|Human|H1N1|2009.326|NorthAmerica|,2009.326,-576.1,41.9459962756052,2148,2148,43.4357541899441,41.2011173184358
EPI_ISL_80807|Human|H1N1|2009.323|NorthAmerica|,2009.323,-576.1,41.9459962756052,2148,2148,43.4357541899441,41.2011173184358
EPI_ISL_80821|Human|H1N1|2009.326|NorthAmerica|,2009.326,-576.1,41.9459962756052,2148,2148,43.4357541899441,41.2011173184358
EPI_ISL_70176|Human|H1N1|2009.049|Asia|seasonal,2009.049,-575.4,41.8994413407821,2148,2148,43.4357541899441,41.1312849162011
EPI_ISL_70178|Human|H1N1|2008.997|Asia|seasonal,2008.997,-574,41.8994413407821,2148,2148,43.2960893854749,41.2011173184358
EPI_ISL_70161|Human|H1N1|2009.033|Asia|seasonal,2009.033,-576.4,41.9925512104283,2148,2148,43.4357541899441,41.2709497206704
EPI_ISL_99232|Human|H1N1|2009.085|NorthAmerica|,2009.085,-575.3,41.9459962756052,2148,2148,43.4357541899441,41.2011173184358
EPI_ISL_208730|Human|H1N1|2008.713|Asia|,2008.713,-575.3,41.9459962756052,2148,2148,43.4357541899441,41.2011173184358
EPI_ISL_77954|Human|H1N1|2009.162|Asia|seasonal,2009.162,-571.7,41.8994413407821,2148,2148,43.1564245810056,41.2709497206704
EPI_ISL_208733|Human|H1N1|2009.126|Asia|,2009.126,-578,42.0391061452514,2148,2148,43.5754189944134,41.2709497206704
EPI_ISL_208759|Human|H1N1|2008.79|Asia|,2008.79,-571.7,41.8994413407821,2148,2148,43.2960893854749,41.2011173184358
EPI_ISL_70177|Human|H1N1|2009.068|Asia|seasonal,2009.068,-571.7,41.8994413407821,2148,2148,43.2960893854749,41.2011173184358
EPI_ISL_80815|Human|H1N1|2009.326|NorthAmerica|,2009.326,-575.7,42.0391061452514,2148,2148,43.5754189944134,41.2709497206704
EPI_ISL_70175|Human|H1N1|2009.036|Asia|seasonal,2009.036,-572.9,41.9925512104283,2148,2148,43.5754189944134,41.2011173184358
EPI_ISL_87218|Human|H1N1|2009.118|NorthAmerica|,2009.118,-572.3,41.9459962756052,2148,2148,43.4357541899441,41.2011173184358
EPI_ISL_80812|Human|H1N1|2009.326|NorthAmerica|,2009.326,-570.5,41.9459962756052,2148,2148,43.2960893854749,41.2709497206704
EPI_ISL_89591|Human|H1N1|2009.132|NorthAmerica|,2009.132,-566.9,41.8063314711359,2148,2148,43.1564245810056,41.1312849162011
EPI_ISL_62518|Human|H1N1|2009.352|NorthAmerica|seasonal,2009.352,-567.5,41.852886405959,2148,2148,43.1564245810056,41.2011173184358
EPI_ISL_76128|Human|H1N1|2009.319|NorthAmerica|seasonal,2009.319,-571.7,41.9459962756052,2148,2148,43.4357541899441,41.2011173184358
EPI_ISL_80830|Human|H1N1|2009.345|NorthAmerica|,2009.345,-570.7,41.852886405959,2148,2148,43.1564245810056,41.2011173184358
EPI_ISL_80829|Human|H1N1|2009.332|NorthAmerica|,2009.332,-570.7,41.852886405959,2148,2148,43.1564245810056,41.2011173184358
EPI_ISL_80793|Human|H1N1|2009.323|NorthAmerica|,2009.323,-570.7,41.852886405959,2148,2148,43.1564245810056,41.2011173184358
EPI_ISL_80778|Human|H1N1|2009.321|NorthAmerica|,2009.321,-570.7,41.852886405959,2148,2148,43.1564245810056,41.2011173184358
EPI_ISL_80770|Human|H1N1|2009.318|NorthAmerica|,2009.318,-572.8,41.8994413407821,2148,2148,43.2960893854749,41.2011173184358
EPI_ISL_76125|Human|H1N1|2009.314|NorthAmerica|seasonal,2009.314,-569.8,41.852886405959,2148,2148,43.1564245810056,41.2011173184358
EPI_ISL_99231|Human|H1N1|2009|Asia|,2009,-574.9,41.8994413407821,2148,2148,43.5754189944134,41.0614525139665
EPI_ISL_95932|Human|H1N1|2008.117|NorthAmerica|,2008.117,-570.9,41.9459962756052,2148,2148,43.4357541899441,41.2011173184358
EPI_ISL_77943|Human|H1N1|2009.086|NorthAmerica|seasonal,2009.086,-569.9,41.8994413407821,2148,2148,43.2960893854749,41.2011173184358
EPI_ISL_70171|Human|H1N1|2009.025|Asia|seasonal,2009.025,-573.4,41.9925512104283,2148,2148,43.5754189944134,41.2011173184358
EPI_ISL_70159|Human|H1N1|2009.011|Asia|seasonal,2009.011,-572.1,41.9459962756052,2148,2148,43.5754189944134,41.1312849162011
EPI_ISL_80800|Human|H1N1|2009.323|NorthAmerica|,2009.323,-571.2,41.8994413407821,2148,2148,43.2960893854749,41.2011173184358
EPI_ISL_80797|Human|H1N1|2009.323|NorthAmerica|,2009.323,-572.5,41.9925512104283,2148,2148,43.4357541899441,41.2709497206704
EPI_ISL_87219|Human|H1N1|2009.121|NorthAmerica|,2009.121,-575.7,41.9925512104283,2148,2148,43.5754189944134,41.2011173184358
EPI_ISL_80771|Human|H1N1|2009.318|NorthAmerica|,2009.318,-569.3,41.9459962756052,2148,2148,43.4357541899441,41.2011173184358
EPI_ISL_80766|Human|H1N1|2009.315|NorthAmerica|,2009.315,-569.3,41.9459962756052,2148,2148,43.4357541899441,41.2011173184358
EPI_ISL_80385|Human|H1N1|2009.321|NorthAmerica|,2009.321,-573.8,42.0391061452514,2148,2148,43.7150837988827,41.2011173184358
EPI_ISL_80822|Human|H1N1|2009.326|NorthAmerica|,2009.326,-573.8,42.0391061452514,2148,2148,43.7150837988827,41.2011173184358
EPI_ISL_80816|Human|H1N1|2009.326|NorthAmerica|,2009.326,-573.8,42.0391061452514,2148,2148,43.7150837988827,41.2011173184358
EPI_ISL_76120|Human|H1N1|2009.319|NorthAmerica|seasonal,2009.319,-570.6,41.9459962756052,2148,2148,43.4357541899441,41.2011173184358
EPI_ISL_78722|Human|H1N1|2009.319|NorthAmerica|seasonal,2009.319,-570.1,42.0391061452514,2148,2148,43.7150837988827,41.2011173184358
EPI_ISL_80818|Human|H1N1|2009.326|NorthAmerica|,2009.326,-570.1,42.0391061452514,2148,2148,43.7150837988827,41.2011173184358
EPI_ISL_80809|Human|H1N1|2009.329|NorthAmerica|,2009.329,-570.8,42.0856610800745,2148,2148,43.854748603352,41.2011173184358
EPI_ISL_80806|Human|H1N1|2009.323|NorthAmerica|,2009.323,-567.5,41.9925512104283,2148,2148,43.5754189944134,41.2011173184358
EPI_ISL_80787|Human|H1N1|2009.323|NorthAmerica|,2009.323,-570.1,42.0391061452514,2148,2148,43.7150837988827,41.2011173184358
EPI_ISL_80786|Human|H1N1|2009.323|NorthAmerica|,2009.323,-570.1,42.0391061452514,2148,2148,43.7150837988827,41.2011173184358
EPI_ISL_80784|Human|H1N1|2009.321|NorthAmerica|,2009.321,-570.8,42.0856610800745,2148,2148,43.854748603352,41.2011173184358
EPI_ISL_80772|Human|H1N1|2009.318|NorthAmerica|,2009.318,-570.8,42.0856610800745,2148,2148,43.854748603352,41.2011173184358
EPI_ISL_144595|Human|H1N1|2009.118|NorthAmerica|,2009.118,-569,41.9925512104283,2148,2148,43.4357541899441,41.2709497206704
EPI_ISL_144591|Human|H1N1|2009.167|NorthAmerica|,2009.167,-569.2,41.852886405959,2148,2148,43.2960893854749,41.1312849162011
EPI_ISL_144594|Human|H1N1|2009.099|NorthAmerica|,2009.099,-570.6,41.9925512104283,2148,2148,43.5754189944134,41.2011173184358
EPI_ISL_87231|Human|H1N1|2009.052|NorthAmerica|,2009.052,-570.6,41.9925512104283,2148,2148,43.5754189944134,41.2011173184358
EPI_ISL_62507|Human|H1N1|2009.318|NorthAmerica|seasonal,2009.318,-570.8,41.8994413407821,2148,2148,43.4357541899441,41.1312849162011
EPI_ISL_80387|Human|H1N1|2009.323|NorthAmerica|,2009.323,-569.4,41.8994413407821,2148,2148,43.1564245810056,41.2709497206704
EPI_ISL_80817|Human|H1N1|2009.326|NorthAmerica|,2009.326,-570.7,41.9459962756052,2148,2148,43.2960893854749,41.2709497206704
EPI_ISL_80804|Human|H1N1|2009.323|NorthAmerica|,2009.323,-570.4,42.1322160148976,2148,2148,43.854748603352,41.2709497206704
EPI_ISL_99241|Human|H1N1|2009|Asia|,2009,-568.9,41.9459962756052,2148,2148,43.4357541899441,41.2011173184358
EPI_ISL_99236|Human|H1N1|2009|Asia|,2009,-570.4,42.0391061452514,2148,2148,43.7150837988827,41.2011173184358
EPI_ISL_99234|Human|H1N1|2009.162|NorthAmerica|,2009.162,-565.5,41.9459962756052,2148,2148,43.5754189944134,41.1312849162011
EPI_ISL_99233|Human|H1N1|2009.247|NorthAmerica|,2009.247,-573.4,42.0391061452514,2148,2148,43.7150837988827,41.2011173184358
EPI_ISL_77967|Human|H1N1|2009.163|NorthAmerica|seasonal,2009.163,-560.2,41.9141914191419,2121,2121,42.998585572843,41.3719943422914
EPI_ISL_77937|Human|H1N1|2009.163|NorthAmerica|seasonal,2009.163,-564.8,41.9459962756052,2148,2148,43.4357541899441,41.2011173184358
EPI_ISL_77959|Human|H1N1|2009.086|NorthAmerica|seasonal,2009.086,-570.6,41.9925512104283,2148,2148,43.5754189944134,41.2011173184358
EPI_ISL_77941|Human|H1N1|2009.163|NorthAmerica|seasonal,2009.163,-568.8,42.0391061452514,2148,2148,43.5754189944134,41.2709497206704
EPI_ISL_144607|Human|H1N1|2009.137|NorthAmerica|,2009.137,-567.5,41.8994413407821,2148,2148,43.2960893854749,41.2011173184358
EPI_ISL_144606|Human|H1N1|2009.137|NorthAmerica|,2009.137,-567.5,41.8994413407821,2148,2148,43.2960893854749,41.2011173184358
EPI_ISL_77970|Human|H1N1|2009.163|NorthAmerica|seasonal,2009.163,-570.9,41.9459962756052,2148,2148,43.4357541899441,41.2011173184358
EPI_ISL_144622|Human|H1N1|2009.137|NorthAmerica|,2009.137,-567.5,41.8994413407821,2148,2148,43.2960893854749,41.2011173184358
EPI_ISL_77942|Human|H1N1|2009.438|SouthAmerica|,2009.438,-568.4,41.9459962756052,2148,2148,43.4357541899441,41.2011173184358
EPI_ISL_99235|Human|H1N1|2009.085|Asia|,2009.085,-570.3,42.0856610800745,2148,2148,43.7150837988827,41.2709497206704
EPI_ISL_87207|Human|H1N1|2009.148|NorthAmerica|,2009.148,-571,42.0391061452514,2148,2148,43.7150837988827,41.2011173184358
EPI_ISL_62483|Human|H1N1|2009.319|NorthAmerica|seasonal,2009.319,-572.5,41.8994413407821,2148,2148,43.2960893854749,41.2011173184358
EPI_ISL_156324|Human|H1N1|2009.548|Oceania|,2009.548,-573.6,41.9459962756052,2148,2148,43.4357541899441,41.2011173184358
EPI_ISL_80814|Human|H1N1|2009.326|NorthAmerica|,2009.326,-566.4,41.7597765363128,2148,2148,42.877094972067,41.2011173184358
EPI_ISL_80802|Human|H1N1|2009.326|NorthAmerica|,2009.326,-566.4,41.7597765363128,2148,2148,42.877094972067,41.2011173184358
EPI_ISL_80781|Human|H1N1|2009.321|NorthAmerica|,2009.321,-566.4,41.7597765363128,2148,2148,42.877094972067,41.2011173184358
EPI_ISL_80785|Human|H1N1|2009.323|NorthAmerica|,2009.323,-566.4,41.7597765363128,2148,2148,42.877094972067,41.2011173184358
EPI_ISL_80767|Human|H1N1|2009.318|NorthAmerica|,2009.318,-566.4,41.7597765363128,2148,2148,42.877094972067,41.2011173184358
EPI_ISL_91038|Human|H1N1|2009.321|NorthAmerica|,2009.321,-562.5,41.7132216014898,2148,2148,42.7374301675978,41.2011173184358
EPI_ISL_80773|Human|H1N1|2009.318|NorthAmerica|,2009.318,-569,41.8063314711359,2148,2148,43.0167597765363,41.2011173184358
EPI_ISL_29674|Human|H1N1|2008.653|NorthAmerica|seasonal,2008.653,-574,41.8994413407821,2148,2148,43.4357541899441,41.1312849162011
EPI_ISL_62911|Human|H1N1|2008.657|NorthAmerica|seasonal,2008.657,-572.6,41.852886405959,2148,2148,43.2960893854749,41.1312849162011
EPI_ISL_62906|Human|H1N1|2008.802|NorthAmerica|seasonal,2008.802,-574,41.8994413407821,2148,2148,43.4357541899441,41.1312849162011
EPI_ISL_30232|Human|H1N1|2008.762|NorthAmerica|seasonal,2008.762,-574,41.8994413407821,2148,2148,43.4357541899441,41.1312849162011
EPI_ISL_62912|Human|H1N1|2008.6|NorthAmerica|seasonal,2008.6,-574,41.8994413407821,2148,2148,43.4357541899441,41.1312849162011
EPI_ISL_87210|Human|H1N1|2009.153|NorthAmerica|,2009.153,-573.4,42.1322160148976,2148,2148,43.854748603352,41.2709497206704
EPI_ISL_87186|Human|H1N1|2009.11|NorthAmerica|,2009.11,-578.7,42.1787709497207,2148,2148,43.854748603352,41.340782122905
EPI_ISL_87215|Human|H1N1|2009.167|NorthAmerica|,2009.167,-569.5,42.0391061452514,2148,2148,43.5754189944134,41.2709497206704
EPI_ISL_87205|Human|H1N1|2009.145|NorthAmerica|,2009.145,-569,41.9459962756052,2148,2148,43.4357541899441,41.2011173184358
EPI_ISL_62528|Human|H1N1|2009.399|NorthAmerica|seasonal,2009.399,-570.2,42.0391061452514,2148,2148,43.7150837988827,41.2011173184358
EPI_ISL_87240|Human|H1N1|2009.137|NorthAmerica|,2009.137,-567.9,41.852886405959,2148,2148,43.1564245810056,41.2011173184358
EPI_ISL_87234|Human|H1N1|2009.112|NorthAmerica|,2009.112,-567.3,42.1322160148976,2148,2148,43.854748603352,41.2709497206704
EPI_ISL_87220|Human|H1N1|2009.156|NorthAmerica|,2009.156,-566.9,41.9459962756052,2148,2148,43.4357541899441,41.2011173184358
EPI_ISL_87212|Human|H1N1|2009.156|NorthAmerica|,2009.156,-568.3,41.9925512104283,2148,2148,43.5754189944134,41.2011173184358
EPI_ISL_87209|Human|H1N1|2009.151|NorthAmerica|,2009.151,-569,41.9459962756052,2148,2148,43.4357541899441,41.2011173184358
EPI_ISL_87195|Human|H1N1|2009.137|NorthAmerica|,2009.137,-569,41.9459962756052,2148,2148,43.4357541899441,41.2011173184358
EPI_ISL_87192|Human|H1N1|2009.112|NorthAmerica|,2009.112,-569.1,41.8994413407821,2148,2148,43.2960893854749,41.2011173184358
EPI_ISL_87190|Human|H1N1|2009.107|NorthAmerica|,2009.107,-569,41.9459962756052,2148,2148,43.4357541899441,41.2011173184358
EPI_ISL_87185|Human|H1N1|2009.104|NorthAmerica|,2009.104,-567.6,41.8994413407821,2148,2148,43.2960893854749,41.2011173184358
EPI_ISL_89600|Human|H1N1|2009.036|NorthAmerica|,2009.036,-569,41.9459962756052,2148,2148,43.4357541899441,41.2011173184358
EPI_ISL_89596|Human|H1N1|2009.142|NorthAmerica|,2009.142,-569,41.9925512104283,2148,2148,43.5754189944134,41.2011173184358
EPI_ISL_89947|Human|H1N1|2009.137|NorthAmerica|,2009.137,-568.1,41.8994413407821,2148,2148,43.4357541899441,41.1312849162011
EPI_ISL_89940|Human|H1N1|2009.074|NorthAmerica|,2009.074,-568.3,41.9925512104283,2148,2148,43.5754189944134,41.2011173184358
EPI_ISL_93685|Human|H1N1|2009.115|NorthAmerica|,2009.115,-571.6,41.9459962756052,2148,2148,43.4357541899441,41.2011173184358
EPI_ISL_62519|Human|H1N1|2009.363|NorthAmerica|seasonal,2009.363,-569,41.852886405959,2148,2148,43.4357541899441,41.0614525139665
EPI_ISL_87216|Human|H1N1|2009.118|NorthAmerica|,2009.118,-569,41.9459962756052,2148,2148,43.4357541899441,41.2011173184358
EPI_ISL_89599|Human|H1N1|2009.216|NorthAmerica|,2009.216,-564,41.8994413407821,2148,2148,43.2960893854749,41.2011173184358
EPI_ISL_89605|Human|H1N1|2009.195|NorthAmerica|,2009.195,-569,41.9459962756052,2148,2148,43.4357541899441,41.2011173184358
EPI_ISL_87226|Human|H1N1|2009.186|NorthAmerica|,2009.186,-567,41.9459962756052,2148,2148,43.4357541899441,41.2011173184358
EPI_ISL_87225|Human|H1N1|2009.184|NorthAmerica|,2009.184,-567,41.9459962756052,2148,2148,43.4357541899441,41.2011173184358
EPI_ISL_87222|Human|H1N1|2009.162|NorthAmerica|,2009.162,-572.9,41.9925512104283,2148,2148,43.7150837988827,41.1312849162011
EPI_ISL_89597|Human|H1N1|2009.159|NorthAmerica|,2009.159,-566,41.852886405959,2148,2148,43.1564245810056,41.2011173184358
EPI_ISL_80390|Human|H1N1|2009.323|NorthAmerica|,2009.323,-569,41.9925512104283,2148,2148,43.5754189944134,41.2011173184358
EPI_ISL_80801|Human|H1N1|2009.323|NorthAmerica|,2009.323,-569,41.9925512104283,2148,2148,43.5754189944134,41.2011173184358
EPI_ISL_87211|Human|H1N1|2009.082|NorthAmerica|,2009.082,-569.3,41.9459962756052,2148,2148,43.2960893854749,41.2709497206704
EPI_ISL_88954|Human|H1N1|2009.077|NorthAmerica|,2009.077,-569,41.9459962756052,2148,2148,43.4357541899441,41.2011173184358
EPI_ISL_87183|Human|H1N1|2009.077|NorthAmerica|,2009.077,-569,41.9459962756052,2148,2148,43.4357541899441,41.2011173184358
EPI_ISL_80791|Human|H1N1|2009.326|NorthAmerica|,2009.326,-570.1,41.8994413407821,2148,2148,43.2960893854749,41.2011173184358
EPI_ISL_87223|Human|H1N1|2009.167|NorthAmerica|,2009.167,-571.6,41.9459962756052,2148,2148,43.4357541899441,41.2011173184358
EPI_ISL_87194|Human|H1N1|2009.132|NorthAmerica|,2009.132,-571.6,41.9459962756052,2148,2148,43.4357541899441,41.2011173184358
EPI_ISL_87202|Human|H1N1|2009.14|NorthAmerica|,2009.14,-567.5,41.8994413407821,2148,2148,43.2960893854749,41.2011173184358
EPI_ISL_87236|Human|H1N1|2009.118|NorthAmerica|,2009.118,-565.1,41.8994413407821,2148,2148,43.2960893854749,41.2011173184358
EPI_ISL_87221|Human|H1N1|2009.159|NorthAmerica|,2009.159,-566.6,41.8063314711359,2148,2148,43.0167597765363,41.2011173184358
EPI_ISL_89598|Human|H1N1|2009.159|NorthAmerica|,2009.159,-567.2,41.852886405959,2148,2148,43.1564245810056,41.2011173184358
EPI_ISL_89593|Human|H1N1|2009.167|NorthAmerica|,2009.167,-567.5,41.9459962756052,2148,2148,43.4357541899441,41.2011173184358
EPI_ISL_87230|Human|H1N1|2009.225|NorthAmerica|,2009.225,-566.4,42.0856610800745,2148,2148,43.4357541899441,41.4106145251397
EPI_ISL_87213|Human|H1N1|2009.162|NorthAmerica|,2009.162,-569,41.9459962756052,2148,2148,43.4357541899441,41.2011173184358
EPI_ISL_89590|Human|H1N1|2009.134|NorthAmerica|,2009.134,-566.3,41.9459962756052,2148,2148,43.4357541899441,41.2011173184358
EPI_ISL_87224|Human|H1N1|2009.184|NorthAmerica|,2009.184,-569,41.9459962756052,2148,2148,43.4357541899441,41.2011173184358
EPI_ISL_87196|Human|H1N1|2009.137|NorthAmerica|,2009.137,-569,41.9925512104283,2148,2148,43.4357541899441,41.2709497206704
EPI_ISL_87238|Human|H1N1|2009.145|NorthAmerica|,2009.145,-569,41.9925512104283,2148,2148,43.5754189944134,41.2011173184358
EPI_ISL_87233|Human|H1N1|2009.107|NorthAmerica|,2009.107,-569,41.9459962756052,2148,2148,43.4357541899441,41.2011173184358
EPI_ISL_87228|Human|H1N1|2009.195|NorthAmerica|,2009.195,-569,41.9925512104283,2148,2148,43.5754189944134,41.2011173184358
EPI_ISL_87208|Human|H1N1|2009.148|NorthAmerica|,2009.148,-569,41.9925512104283,2148,2148,43.5754189944134,41.2011173184358
EPI_ISL_87239|Human|H1N1|2009.142|NorthAmerica|,2009.142,-569,41.9925512104283,2148,2148,43.5754189944134,41.2011173184358
EPI_ISL_87189|Human|H1N1|2009.11|NorthAmerica|,2009.11,-569.5,42.0391061452514,2148,2148,43.5754189944134,41.2709497206704
EPI_ISL_87214|Human|H1N1|2009.162|NorthAmerica|,2009.162,-568.4,41.9459962756052,2148,2148,43.2960893854749,41.2709497206704
EPI_ISL_87187|Human|H1N1|2009.112|NorthAmerica|,2009.112,-568.1,41.9925512104283,2148,2148,43.4357541899441,41.2709497206704
EPI_ISL_87235|Human|H1N1|2009.115|NorthAmerica|,2009.115,-569,41.9925512104283,2148,2148,43.4357541899441,41.2709497206704
EPI_ISL_87206|Human|H1N1|2009.145|NorthAmerica|,2009.145,-569,41.9459962756052,2148,2148,43.2960893854749,41.2709497206704
EPI_ISL_87203|Human|H1N1|2009.134|NorthAmerica|,2009.134,-569,41.9925512104283,2148,2148,43.4357541899441,41.2709497206704
EPI_ISL_87193|Human|H1N1|2009.112|NorthAmerica|,2009.112,-576.2,42.1322160148976,2148,2148,43.854748603352,41.2709497206704
EPI_ISL_89604|Human|H1N1|2009.093|NorthAmerica|,2009.093,-569,41.9459962756052,2148,2148,43.2960893854749,41.2709497206704
EPI_ISL_89603|Human|H1N1|2009.079|NorthAmerica|,2009.079,-569,41.9925512104283,2148,2148,43.4357541899441,41.2709497206704
EPI_ISL_89602|Human|H1N1|2009.077|NorthAmerica|,2009.077,-569,41.9925512104283,2148,2148,43.4357541899441,41.2709497206704
EPI_ISL_89601|Human|H1N1|2009.058|NorthAmerica|,2009.058,-569,41.9459962756052,2148,2148,43.2960893854749,41.2709497206704
EPI_ISL_89595|Human|H1N1|2009.118|NorthAmerica|,2009.118,-569,41.8994413407821,2148,2148,43.1564245810056,41.2709497206704
EPI_ISL_89592|Human|H1N1|2009.137|NorthAmerica|,2009.137,-570,41.8994413407821,2148,2148,43.1564245810056,41.2709497206704
EPI_ISL_87229|Human|H1N1|2009.222|NorthAmerica|,2009.222,-569,41.9459962756052,2148,2148,43.2960893854749,41.2709497206704
EPI_ISL_89589|Human|H1N1|2009.093|NorthAmerica|,2009.093,-568.1,41.9459962756052,2148,2148,43.2960893854749,41.2709497206704
EPI_ISL_87204|Human|H1N1|2009.137|NorthAmerica|,2009.137,-569.5,42.0391061452514,2148,2148,43.5754189944134,41.2709497206704
EPI_ISL_144596|Human|H1N1|2009.156|NorthAmerica|,2009.156,-564.4,42.1787709497207,2148,2148,43.9944134078212,41.2709497206704
EPI_ISL_62802|Human|H1N1|2008.146|NorthAmerica|seasonal,2008.146,-568.5,41.9459962756052,2148,2148,43.4357541899441,41.2011173184358
EPI_ISL_71839|Human|H1N1|2007|NorthAmerica|seasonal,2007,-569.1,42.0391061452514,2148,2148,43.7150837988827,41.2011173184358
EPI_ISL_116011|Human|H1N1|2008.486|Asia|,2008.486,-565.1,41.9925512104283,2148,2148,43.5754189944134,41.2011173184358
EPI_ISL_116010|Human|H1N1|2008.59|Asia|,2008.59,-565.1,41.9925512104283,2148,2148,43.5754189944134,41.2011173184358
EPI_ISL_106671|Human|H1N1|2008.574|Asia|,2008.574,-560.7,41.9459962756052,2148,2148,43.4357541899441,41.2011173184358
EPI_ISL_127615|Human|H1N1|2007|NorthAmerica|,2007,-568.1,41.8994413407821,2148,2148,43.2960893854749,41.2011173184358
EPI_ISL_15602|Human|H1N1|2006|Europe|seasonal,2006,-568.3,41.9925512104283,2148,2148,43.4357541899441,41.2709497206704
EPI_ISL_123192|Human|H1N1|2004|NorthAmerica|,2004,-564.3,42.3184357541899,2148,2148,43.9944134078212,41.4804469273743
EPI_ISL_145700|Human|H1N1|2007.395|Asia|,2007.395,-556.5,41.7597765363128,2148,2148,42.877094972067,41.2011173184358
EPI_ISL_145699|Human|H1N1|2007.364|Asia|,2007.364,-556.8,41.9459962756052,2148,2148,43.2960893854749,41.2709497206704
EPI_ISL_151781|Human|H1N1|2007.351|Asia|,2007.351,-557.4,41.8994413407821,2148,2148,43.1564245810056,41.2709497206704
EPI_ISL_151783|Human|H1N1|2007.351|Asia|,2007.351,-559,41.9459962756052,2148,2148,43.2960893854749,41.2709497206704
EPI_ISL_145698|Human|H1N1|2007.395|Asia|,2007.395,-555.4,41.9459962756052,2148,2148,43.2960893854749,41.2709497206704
EPI_ISL_181327|Human|H1N1|2007.375|Asia|,2007.375,-557,41.9459962756052,2148,2148,43.2960893854749,41.2709497206704
EPI_ISL_93587|Human|H1N1|2008.82|Asia|,2008.82,-554.9,41.8994413407821,2148,2148,43.0167597765363,41.340782122905
EPI_ISL_93593|Human|H1N1|2008.762|Asia|,2008.762,-554.7,41.8994413407821,2148,2148,43.1564245810056,41.2709497206704
EPI_ISL_33558|Human|H1N1|2008|Asia|seasonal,2008,-554.4,41.8994413407821,2148,2148,43.1564245810056,41.2709497206704
EPI_ISL_33557|Human|H1N1|2008|Asia|seasonal,2008,-554.4,41.8994413407821,2148,2148,43.1564245810056,41.2709497206704
EPI_ISL_93599|Human|H1N1|2008.781|Asia|,2008.781,-555.5,41.9925512104283,2148,2148,43.4357541899441,41.2709497206704
EPI_ISL_63397|Human|H1N1|2007.971|Asia|seasonal,2007.971,-549.2,41.9925512104283,2148,2148,43.2960893854749,41.340782122905
EPI_ISL_33559|Human|H1N1|2008|Asia|seasonal,2008,-553.6,41.9925512104283,2148,2148,43.4357541899441,41.2709497206704
EPI_ISL_33556|Human|H1N1|2008|Asia|seasonal,2008,-553.6,41.9459962756052,2148,2148,43.4357541899441,41.2011173184358
EPI_ISL_120440|Human|H1N1|2007.499|Asia|,2007.499,-559.3,41.9459962756052,2148,2148,43.4357541899441,41.2011173184358
EPI_ISL_181326|Human|H1N1|2007.364|Asia|,2007.364,-558.6,41.8063314711359,2148,2148,43.0167597765363,41.2011173184358
EPI_ISL_120445|Human|H1N1|2007.556|Asia|,2007.556,-556.3,41.9459962756052,2148,2148,43.2960893854749,41.2709497206704
EPI_ISL_151784|Human|H1N1|2007.354|Asia|,2007.354,-559.1,41.9459962756052,2148,2148,43.2960893854749,41.2709497206704
EPI_ISL_181325|Human|H1N1|2007.351|Asia|,2007.351,-557,41.9459962756052,2148,2148,43.2960893854749,41.2709497206704
EPI_ISL_120438|Human|H1N1|2007.107|Asia|,2007.107,-557,41.852886405959,2148,2148,43.0167597765363,41.2709497206704
EPI_ISL_120437|Human|H1N1|2007.088|Asia|,2007.088,-557,41.852886405959,2148,2148,43.0167597765363,41.2709497206704
EPI_ISL_120436|Human|H1N1|2007.088|Asia|,2007.088,-557,41.852886405959,2148,2148,43.0167597765363,41.2709497206704
EPI_ISL_181328|Human|H1N1|2007.386|Asia|,2007.386,-556.8,41.9459962756052,2148,2148,43.2960893854749,41.2709497206704
EPI_ISL_120439|Human|H1N1|2007.444|Asia|,2007.444,-555.6,41.8063314711359,2148,2148,42.877094972067,41.2709497206704
EPI_ISL_70167|Human|H1N1|2008.016|Asia|seasonal,2008.016,-566.6,41.7597765363128,2148,2148,42.5977653631285,41.340782122905
EPI_ISL_70173|Human|H1N1|2008.139|Asia|seasonal,2008.139,-565.3,41.8063314711359,2148,2148,42.7374301675978,41.340782122905
EPI_ISL_70157|Human|H1N1|2008.011|Asia|seasonal,2008.011,-568.2,41.852886405959,2148,2148,42.877094972067,41.340782122905
EPI_ISL_70174|Human|H1N1|2008.183|Asia|seasonal,2008.183,-563.7,41.7132216014898,2148,2148,42.4581005586592,41.340782122905
EPI_ISL_106750|Human|H1N1|2008.954|Asia|,2008.954,-569.8,41.4804469273743,2148,2148,42.0391061452514,41.2011173184358
EPI_ISL_106730|Human|H1N1|2008.861|Asia|,2008.861,-567.4,41.5735567970205,2148,2148,42.1787709497207,41.2709497206704
EPI_ISL_106675|Human|H1N1|2008.5|Asia|,2008.5,-569,41.7597765363128,2148,2148,42.4581005586592,41.4106145251397
EPI_ISL_115857|Human|H1N1|2008.858|Asia|,2008.858,-567.4,41.5735567970205,2148,2148,42.1787709497207,41.2709497206704
EPI_ISL_106752|Human|H1N1|2008.536|Asia|,2008.536,-561.6,41.5270018621974,2148,2148,42.0391061452514,41.2709497206704
EPI_ISL_106712|Human|H1N1|2008.746|Asia|,2008.746,-569.7,41.6201117318436,2148,2148,42.3184357541899,41.2709497206704
EPI_ISL_106711|Human|H1N1|2008.746|Asia|,2008.746,-569.7,41.6201117318436,2148,2148,42.3184357541899,41.2709497206704
EPI_ISL_106691|Human|H1N1|2008.678|Asia|,2008.678,-568.2,41.6201117318436,2148,2148,42.1787709497207,41.340782122905
EPI_ISL_116006|Human|H1N1|2008.648|Asia|,2008.648,-569.7,41.8063314711359,2148,2148,42.7374301675978,41.340782122905
EPI_ISL_116012|Human|H1N1|2008.522|Asia|,2008.522,-566,41.6666666666667,2148,2148,42.3184357541899,41.340782122905
EPI_ISL_70163|Human|H1N1|2008.055|Asia|seasonal,2008.055,-564.5,41.7132216014898,2148,2148,42.4581005586592,41.340782122905
EPI_ISL_93581|Human|H1N1|2007.211|Asia|,2007.211,-554.1,41.6666666666667,2148,2148,42.3184357541899,41.340782122905
EPI_ISL_7803|Human|H1N1|2007.058|NorthAmerica|seasonal,2007.058,-559.2,41.7597765363128,2148,2148,42.7374301675978,41.2709497206704
EPI_ISL_93597|Human|H1N1|2006.504|Asia|,2006.504,-560.1,41.8994413407821,2148,2148,43.0167597765363,41.340782122905
EPI_ISL_93580|Human|H1N1|2006.392|Asia|,2006.392,-572.3,42.1322160148976,2148,2148,43.5754189944134,41.4106145251397
EPI_ISL_25031|Human|H1N1|2006|Europe|seasonal,2006,-561,41.852886405959,2148,2148,42.877094972067,41.340782122905
EPI_ISL_123193|Human|H1N1|2004|Asia|,2004,-561.2,42.1787709497207,2148,2148,43.7150837988827,41.4106145251397
EPI_ISL_12839|Human|H1N1|2006|Asia|seasonal,2006,-556.1,41.9459962756052,2148,2148,43.0167597765363,41.4106145251397
EPI_ISL_12838|Human|H1N1|2006|Asia|seasonal,2006,-553,41.9459962756052,2148,2148,43.1564245810056,41.340782122905
EPI_ISL_120427|Human|H1N1|2005.573|Asia|,2005.573,-558.1,41.9459962756052,2148,2148,43.0167597765363,41.4106145251397
EPI_ISL_120428|Human|H1N1|2005.605|Asia|,2005.605,-558.8,41.9459962756052,2148,2148,43.0167597765363,41.4106145251397
EPI_ISL_120431|Human|H1N1|2006.334|Asia|,2006.334,-561.6,41.9459962756052,2148,2148,43.1564245810056,41.340782122905
EPI_ISL_93576|Human|H1N1|2005.989|Asia|,2005.989,-558,41.9925512104283,2148,2148,43.2960893854749,41.340782122905
EPI_ISL_29642|Human|H1N1|2006.816|Asia|seasonal,2006.816,-547.4,42.004662004662,2145,2145,43.0769230769231,41.4685314685315
EPI_ISL_99209|Human|H1N1|2006|Asia|,2006,-547.6,42.4115456238361,2148,2148,44.1340782122905,41.5502793296089
EPI_ISL_120435|Human|H1N1|2007.011|Asia|,2007.011,-543.7,41.9925512104283,2148,2148,43.2960893854749,41.340782122905
EPI_ISL_120433|Human|H1N1|2006.759|Asia|,2006.759,-545.3,41.9459962756052,2148,2148,43.1564245810056,41.340782122905
EPI_ISL_120432|Human|H1N1|2006.545|Asia|,2006.545,-554.5,42.1322160148976,2148,2148,43.7150837988827,41.340782122905
EPI_ISL_106670|Human|H1N1|2006.57|Asia|,2006.57,-549.2,42.0391061452514,2148,2148,43.5754189944134,41.2709497206704
EPI_ISL_106669|Human|H1N1|2006.564|Asia|,2006.564,-553.3,42.1322160148976,2148,2148,43.7150837988827,41.340782122905
EPI_ISL_106640|Human|H1N1|2006.584|Asia|,2006.584,-552.6,42.0856610800745,2148,2148,43.5754189944134,41.340782122905
EPI_ISL_116064|Human|H1N1|2006.447|Asia|,2006.447,-551.1,42.1322160148976,2148,2148,43.7150837988827,41.340782122905
EPI_ISL_116063|Human|H1N1|2006.384|Asia|,2006.384,-553.5,41.9925512104283,2148,2148,43.2960893854749,41.340782122905
EPI_ISL_106639|Human|H1N1|2006.463|Asia|,2006.463,-550.5,42.1322160148976,2148,2148,43.7150837988827,41.340782122905
EPI_ISL_93591|Human|H1N1|2006.033|Asia|,2006.033,-549.5,41.9925512104283,2148,2148,43.4357541899441,41.2709497206704
EPI_ISL_7816|Human|H1N1|2007.101|NorthAmerica|seasonal,2007.101,-550.1,42.0856610800745,2148,2148,43.4357541899441,41.4106145251397
EPI_ISL_7938|Human|H1N1|2007.126|NorthAmerica|seasonal,2007.126,-554,42.0856610800745,2148,2148,43.4357541899441,41.4106145251397
EPI_ISL_93584|Human|H1N1|2008.716|Asia|,2008.716,-556.5,42.0391061452514,2148,2148,43.4357541899441,41.340782122905
EPI_ISL_93592|Human|H1N1|2006.008|Asia|,2006.008,-552.5,42.0856610800745,2148,2148,43.5754189944134,41.340782122905
EPI_ISL_12836|Human|H1N1|2006|Asia|seasonal,2006,-556.5,42.0856610800745,2148,2148,43.5754189944134,41.340782122905
EPI_ISL_12835|Human|H1N1|2006|Asia|seasonal,2006,-557.7,42.0856610800745,2148,2148,43.5754189944134,41.340782122905
EPI_ISL_93579|Human|H1N1|2006.121|Asia|,2006.121,-560.1,42.0856610800745,2148,2148,43.5754189944134,41.340782122905
EPI_ISL_93600|Human|H1N1|2006.493|Asia|,2006.493,-566.5,42.0856610800745,2148,2148,43.7150837988827,41.2709497206704
EPI_ISL_120426|Human|H1N1|2004.809|Asia|,2004.809,-561.5,41.8994413407821,2148,2148,43.1564245810056,41.2709497206704
EPI_ISL_123186|Human|H1N1|2001|Asia|,2001,-567.6,42.2253258845438,2148,2148,43.7150837988827,41.4804469273743
EPI_ISL_9127|Human|H1N1|2004.697|Oceania|seasonal,2004.697,-565,42.2253258845438,2148,2148,43.854748603352,41.4106145251397
EPI_ISL_120430|Human|H1N1|2005.929|Asia|,2005.929,-572.2,42.0856610800745,2148,2148,43.854748603352,41.2011173184358
EPI_ISL_120429|Human|H1N1|2005.912|Asia|,2005.912,-572.2,42.0856610800745,2148,2148,43.854748603352,41.2011173184358
EPI_ISL_120434|Human|H1N1|2006.921|Asia|,2006.921,-561.6,41.852886405959,2148,2148,43.1564245810056,41.2011173184358
EPI_ISL_25710|Human|H1N1|2006.225|Europe|seasonal,2006.225,-570.7,41.9459962756052,2148,2148,42.7374301675978,41.5502793296089
EPI_ISL_25708|Human|H1N1|2006.244|Europe|seasonal,2006.244,-570.7,41.9459962756052,2148,2148,42.7374301675978,41.5502793296089
EPI_ISL_208699|Human|H1N1|2007.789|Asia|,2007.789,-568.9,41.9925512104283,2148,2148,43.5754189944134,41.2011173184358
EPI_ISL_208698|Human|H1N1|2007.767|Asia|,2007.767,-568.9,41.9925512104283,2148,2148,43.5754189944134,41.2011173184358
EPI_ISL_8026|Human|H1N1|2007.104|NorthAmerica|seasonal,2007.104,-570.3,41.9459962756052,2148,2148,43.2960893854749,41.2709497206704
EPI_ISL_7825|Human|H1N1|2007.047|NorthAmerica|seasonal,2007.047,-570.2,41.8994413407821,2148,2148,43.2960893854749,41.2011173184358
EPI_ISL_7784|Human|H1N1|2007.137|NorthAmerica|seasonal,2007.137,-571.1,41.8994413407821,2148,2148,43.2960893854749,41.2011173184358
EPI_ISL_7805|Human|H1N1|2007.14|NorthAmerica|seasonal,2007.14,-571.8,41.7597765363128,2148,2148,42.877094972067,41.2011173184358
EPI_ISL_8025|Human|H1N1|2007.162|NorthAmerica|seasonal,2007.162,-572.5,41.7597765363128,2148,2148,43.0167597765363,41.1312849162011
EPI_ISL_7811|Human|H1N1|2007.162|NorthAmerica|seasonal,2007.162,-569,41.8994413407821,2148,2148,43.2960893854749,41.2011173184358
EPI_ISL_95933|Human|H1N1|2008.096|NorthAmerica|,2008.096,-564.4,41.8063314711359,2148,2148,43.0167597765363,41.2011173184358
EPI_ISL_208748|Human|H1N1|2007.863|Asia|,2007.863,-571.6,41.8063314711359,2148,2148,42.877094972067,41.2709497206704
EPI_ISL_71838|Human|H1N1|2007|Oceania|seasonal,2007,-573.2,41.9925512104283,2148,2148,43.4357541899441,41.2709497206704
EPI_ISL_154509|Human|H1N1|2007|Oceania|,2007,-573.2,41.9925512104283,2148,2148,43.4357541899441,41.2709497206704
EPI_ISL_154508|Human|H1N1|2007|Oceania|,2007,-573.2,41.9925512104283,2148,2148,43.4357541899441,41.2709497206704
EPI_ISL_154506|Human|H1N1|2007|Oceania|,2007,-573.2,41.9925512104283,2148,2148,43.4357541899441,41.2709497206704
EPI_ISL_154507|Human|H1N1|2007|Oceania|,2007,-573.2,41.9925512104283,2148,2148,43.4357541899441,41.2709497206704
EPI_ISL_154505|Human|H1N1|2007|Oceania|,2007,-573.2,41.9925512104283,2148,2148,43.4357541899441,41.2709497206704
EPI_ISL_154504|Human|H1N1|2007|Oceania|,2007,-573.2,41.9925512104283,2148,2148,43.4357541899441,41.2709497206704
EPI_ISL_154503|Human|H1N1|2007|Oceania|,2007,-573.2,41.9925512104283,2148,2148,43.4357541899441,41.2709497206704
EPI_ISL_154502|Human|H1N1|2007|Oceania|,2007,-572.3,41.8994413407821,2148,2148,43.4357541899441,41.1312849162011
EPI_ISL_154501|Human|H1N1|2007|Oceania|,2007,-573.2,41.9925512104283,2148,2148,43.4357541899441,41.2709497206704
EPI_ISL_154500|Human|H1N1|2007|Oceania|,2007,-573.2,41.9925512104283,2148,2148,43.4357541899441,41.2709497206704
EPI_ISL_154498|Human|H1N1|2007|Oceania|,2007,-573.2,41.9925512104283,2148,2148,43.4357541899441,41.2709497206704
EPI_ISL_154497|Human|H1N1|2007|Oceania|,2007,-573.2,41.9925512104283,2148,2148,43.4357541899441,41.2709497206704
EPI_ISL_154496|Human|H1N1|2007|Oceania|,2007,-573.2,41.9925512104283,2148,2148,43.4357541899441,41.2709497206704
EPI_ISL_154495|Human|H1N1|2007|Oceania|,2007,-573.2,41.9925512104283,2148,2148,43.4357541899441,41.2709497206704
EPI_ISL_154494|Human|H1N1|2007|Oceania|,2007,-573.2,41.9925512104283,2148,2148,43.4357541899441,41.2709497206704
EPI_ISL_154493|Human|H1N1|2007|Oceania|,2007,-573.2,41.9925512104283,2148,2148,43.4357541899441,41.2709497206704
EPI_ISL_154492|Human|H1N1|2007|Oceania|,2007,-573.2,41.9925512104283,2148,2148,43.4357541899441,41.2709497206704
EPI_ISL_154491|Human|H1N1|2007|Oceania|,2007,-573.2,41.9925512104283,2148,2148,43.4357541899441,41.2709497206704
EPI_ISL_154490|Human|H1N1|2007|Oceania|,2007,-573.2,41.9925512104283,2148,2148,43.4357541899441,41.2709497206704
EPI_ISL_154489|Human|H1N1|2007|Oceania|,2007,-573.2,41.9925512104283,2148,2148,43.4357541899441,41.2709497206704
EPI_ISL_154486|Human|H1N1|2007|Oceania|,2007,-573.2,41.9925512104283,2148,2148,43.4357541899441,41.2709497206704
EPI_ISL_154485|Human|H1N1|2007|Oceania|,2007,-573.2,41.9925512104283,2148,2148,43.4357541899441,41.2709497206704
EPI_ISL_154484|Human|H1N1|2007|Oceania|,2007,-573.2,41.9925512104283,2148,2148,43.4357541899441,41.2709497206704
EPI_ISL_154483|Human|H1N1|2007|Oceania|,2007,-573.2,41.9925512104283,2148,2148,43.4357541899441,41.2709497206704
EPI_ISL_154482|Human|H1N1|2007|Oceania|,2007,-573.2,41.9925512104283,2148,2148,43.4357541899441,41.2709497206704
EPI_ISL_154481|Human|H1N1|2007|Oceania|,2007,-573.2,41.9925512104283,2148,2148,43.4357541899441,41.2709497206704
EPI_ISL_154480|Human|H1N1|2007|Oceania|,2007,-573.2,41.9925512104283,2148,2148,43.4357541899441,41.2709497206704
EPI_ISL_154478|Human|H1N1|2007|Oceania|,2007,-573.2,41.9925512104283,2148,2148,43.4357541899441,41.2709497206704
EPI_ISL_154477|Human|H1N1|2007|Oceania|,2007,-573.2,41.9925512104283,2148,2148,43.4357541899441,41.2709497206704
EPI_ISL_154487|Human|H1N1|2007|Oceania|,2007,-573.2,41.9925512104283,2148,2148,43.4357541899441,41.2709497206704
EPI_ISL_93583|Human|H1N1|2008.79|Asia|,2008.79,-570.9,41.9459962756052,2148,2148,43.2960893854749,41.2709497206704
EPI_ISL_30205|Human|H1N1|2007.658|Asia|seasonal,2007.658,-568.7,41.9655333022823,2147,2148,43.5754189944134,41.1600279524808
EPI_ISL_62798|Human|H1N1|2008.138|NorthAmerica|seasonal,2008.138,-567.9,42.0391061452514,2148,2148,43.5754189944134,41.2709497206704
EPI_ISL_164010|Human|H1N1|2007.959|Europe|seasonal,2007.959,-562,41.9701213818861,2142,2142,43.5574229691877,41.1764705882353
EPI_ISL_154499|Human|H1N1|2007|Oceania|,2007,-573.2,41.9925512104283,2148,2148,43.4357541899441,41.2709497206704
EPI_ISL_154488|Human|H1N1|2007|Oceania|,2007,-573.2,41.9925512104283,2148,2148,43.4357541899441,41.2709497206704
EPI_ISL_154479|Human|H1N1|2007|Oceania|,2007,-573.2,41.9925512104283,2148,2148,43.4357541899441,41.2709497206704
EPI_ISL_30209|Human|H1N1|2008.005|Asia|seasonal,2008.005,-570.9,41.8994413407821,2148,2148,43.2960893854749,41.2011173184358
EPI_ISL_62785|Human|H1N1|2008.116|NorthAmerica|seasonal,2008.116,-571.1,41.9925512104283,2148,2148,43.5754189944134,41.2011173184358
EPI_ISL_62779|Human|H1N1|2008.092|NorthAmerica|seasonal,2008.092,-566.6,41.8994413407821,2148,2148,43.4357541899441,41.1312849162011
EPI_ISL_70165|Human|H1N1|2008.169|Asia|seasonal,2008.169,-573,41.9459962756052,2148,2148,43.4357541899441,41.2011173184358
EPI_ISL_62780|Human|H1N1|2008.094|NorthAmerica|seasonal,2008.094,-571.1,41.9459962756052,2148,2148,43.4357541899441,41.2011173184358
EPI_ISL_70168|Human|H1N1|2008.137|Asia|seasonal,2008.137,-571.4,41.9925512104283,2148,2148,43.5754189944134,41.2011173184358
EPI_ISL_62839|Human|H1N1|2008.085|NorthAmerica|seasonal,2008.085,-571,41.9925512104283,2148,2148,43.5754189944134,41.2011173184358
EPI_ISL_70158|Human|H1N1|2008.074|Asia|seasonal,2008.074,-572.2,41.8994413407821,2148,2148,43.2960893854749,41.2011173184358
EPI_ISL_63357|Human|H1N1|2007.925|NorthAmerica|seasonal,2007.925,-571.1,41.9925512104283,2148,2148,43.5754189944134,41.2011173184358
EPI_ISL_78568|Human|H1N1|2007|SouthAmerica|seasonal,2007,-566.6,41.8063314711359,2148,2148,43.1564245810056,41.1312849162011
EPI_ISL_208761|Human|H1N1|2007.718|Asia|,2007.718,-570.8,41.8063314711359,2148,2148,43.0167597765363,41.2011173184358
EPI_ISL_164015|Human|H1N1|2008.022|Europe|seasonal,2008.022,-564.6,41.9234360410831,2142,2142,43.4173669467787,41.1764705882353
EPI_ISL_164012|Human|H1N1|2008.003|Europe|seasonal,2008.003,-563.9,41.9701213818861,2142,2142,43.4173669467787,41.2464985994398
EPI_ISL_70164|Human|H1N1|2008.074|Asia|seasonal,2008.074,-571.9,41.9459962756052,2148,2148,43.4357541899441,41.2011173184358
EPI_ISL_356930|Human|H1N1|2007.51|Oceania|seasonal,2007.51,-543.6,41.969917515769,2061,2061,43.5225618631732,41.193595342067
EPI_ISL_28850|Human|H1N1|2008.066|Asia|seasonal,2008.066,-569,41.9925512104283,2148,2148,43.5754189944134,41.2011173184358
EPI_ISL_70172|Human|H1N1|2008.131|Asia|seasonal,2008.131,-569,41.9925512104283,2148,2148,43.5754189944134,41.2011173184358
EPI_ISL_208747|Human|H1N1|2007.748|Asia|,2007.748,-566.6,41.8994413407821,2148,2148,43.1564245810056,41.2709497206704
EPI_ISL_208689|Human|H1N1|2007.929|Asia|,2007.929,-562.2,41.6666666666667,2148,2148,42.7374301675978,41.1312849162011
EPI_ISL_208764|Human|H1N1|2007.923|Asia|,2007.923,-562.2,41.6666666666667,2148,2148,42.7374301675978,41.1312849162011
EPI_ISL_208688|Human|H1N1|2007.795|Asia|,2007.795,-565.9,41.852886405959,2148,2148,43.1564245810056,41.2011173184358
EPI_ISL_25713|Human|H1N1|2007.997|Europe|seasonal,2007.997,-569.6,41.9925512104283,2148,2148,43.854748603352,41.0614525139665
EPI_ISL_62957|Human|H1N1|2008.026|NorthAmerica|seasonal,2008.026,-569.9,41.8994413407821,2148,2148,43.7150837988827,40.9916201117318
EPI_ISL_164017|Human|H1N1|2008.027|Europe|seasonal,2008.027,-567.7,41.9234360410831,2142,2142,43.6974789915966,41.0364145658263
EPI_ISL_29776|Human|H1N1|2008.563|NorthAmerica|seasonal,2008.563,-568.5,41.8994413407821,2148,2148,43.5754189944134,41.0614525139665
EPI_ISL_30234|Human|H1N1|2008.486|NorthAmerica|seasonal,2008.486,-567.6,41.9459962756052,2148,2148,43.7150837988827,41.0614525139665
EPI_ISL_29672|Human|H1N1|2008.437|NorthAmerica|seasonal,2008.437,-567,41.852886405959,2148,2148,43.5754189944134,40.9916201117318
EPI_ISL_29673|Human|H1N1|2008.434|NorthAmerica|seasonal,2008.434,-568.5,41.8994413407821,2148,2148,43.5754189944134,41.0614525139665
EPI_ISL_29777|Human|H1N1|2008.443|NorthAmerica|seasonal,2008.443,-567,41.852886405959,2148,2148,43.5754189944134,40.9916201117318
EPI_ISL_62910|Human|H1N1|2008.499|NorthAmerica|seasonal,2008.499,-568.5,41.8994413407821,2148,2148,43.5754189944134,41.0614525139665
EPI_ISL_30790|Human|H1N1|2008.434|NorthAmerica|seasonal,2008.434,-568.5,41.8994413407821,2148,2148,43.5754189944134,41.0614525139665
EPI_ISL_78571|Human|H1N1|2007|SouthAmerica|seasonal,2007,-567.9,41.852886405959,2148,2148,43.4357541899441,41.0614525139665
EPI_ISL_78570|Human|H1N1|2007|SouthAmerica|seasonal,2007,-567.6,41.8994413407821,2148,2148,43.5754189944134,41.0614525139665
EPI_ISL_78569|Human|H1N1|2007|SouthAmerica|seasonal,2007,-566.8,41.7597765363128,2148,2148,43.1564245810056,41.0614525139665
EPI_ISL_164009|Human|H1N1|2007.806|Europe|seasonal,2007.806,-556.6,41.8300653594771,2142,2142,43.1372549019608,41.1764705882353
EPI_ISL_120441|Human|H1N1|2007.638|Asia|,2007.638,-565.9,41.7597765363128,2148,2148,42.877094972067,41.2011173184358
EPI_ISL_120442|Human|H1N1|2007.827|Asia|,2007.827,-566.8,41.8063314711359,2148,2148,43.0167597765363,41.2011173184358
EPI_ISL_77969|Human|H1N1|2009.023|NorthAmerica|seasonal,2009.023,-572,41.9459962756052,2148,2148,43.4357541899441,41.2011173184358
EPI_ISL_77966|Human|H1N1|2009.163|NorthAmerica|seasonal,2009.163,-558.5,41.5735567970205,2148,2148,42.5977653631285,41.0614525139665
