EPI_ISL_1111|Human|H5N1|1997|Asia|,1997,-438.7,41.9685990338164,1656,1656,43.8405797101449,41.0326086956522
EPI_ISL_1193|Human|H5N1|1997|Asia|,1997,-430.3,41.9082125603865,1656,1656,43.8405797101449,40.9420289855072
EPI_ISL_1195|Human|H5N1|1997|Asia|,1997,-435.7,42.2705314009662,1656,1656,44.9275362318841,40.9420289855072
EPI_ISL_1189|Human|H5N1|1998|Asia|,1998,-427.6,41.8478260869565,1656,1656,43.2971014492754,41.1231884057971
EPI_ISL_1190|Human|H5N1|1997|Asia|,1997,-431.7,41.9082125603865,1656,1656,43.4782608695652,41.1231884057971
EPI_ISL_1112|Human|H5N1|1997|Asia|,1997,-429.9,41.8478260869565,1656,1656,43.6594202898551,40.9420289855072
EPI_ISL_964|Human|H5N1|1997|Asia|,1997,-439.2,42.042042042042,1665,1665,43.7837837837838,41.1711711711712
EPI_ISL_963|Human|H5N1|1997|Asia|,1997,-446,42.1021021021021,1665,1665,44.1441441441441,41.0810810810811
EPI_ISL_965|Human|H5N1|1997|Asia|,1997,-443.4,41.6666666666667,1704,1704,43.1338028169014,40.9330985915493
EPI_ISL_954|Human|H5N1|1997|Asia|,1997,-453.8,41.9600938967136,1704,1704,43.8380281690141,41.0211267605634
EPI_ISL_268|Human|H5N1|2003|Asia|,2003,-452.2,41.4319248826291,1704,1704,43.6619718309859,40.3169014084507
EPI_ISL_3842|Human|H5N1|2003|Asia|,2003,-432.2,41.5003024803388,1653,1653,43.557168784029,40.4718693284936
EPI_ISL_3837|Human|H5N1|2004|Asia|,2004,-451.4,41.3145539906103,1704,1704,43.4859154929577,40.2288732394366
EPI_ISL_3836|Human|H5N1|2004|Asia|,2004,-450.9,41.2558685446009,1704,1704,43.3098591549296,40.2288732394366
EPI_ISL_4158|Human|H5N1|2004|Asia|,2004,-444.2,41.4141414141414,1683,1683,43.3155080213904,40.4634581105169
EPI_ISL_4156|Human|H5N1|2004|Asia|,2004,-453.8,41.4749262536873,1695,1695,43.716814159292,40.353982300885
EPI_ISL_4155|Human|H5N1|2004|Asia|,2004,-452.5,41.4749262536873,1695,1695,43.716814159292,40.353982300885
EPI_ISL_4138|Swine|H5N1|2003|Asia|,2003,-459.4,42.1361502347418,1704,1704,43.6619718309859,41.3732394366197
EPI_ISL_4046|Human|H5N1|2004|Asia|,2004,-454.4,41.2558685446009,1704,1704,43.1338028169014,40.3169014084507
EPI_ISL_4632|Feline|H5N1|2004|Asia|,2004,-442.6,41.3479052823315,1647,1647,43.1693989071038,40.4371584699454
EPI_ISL_4580|Swine|H5N1|2001|Asia|,2001,-449.5,41.8427230046948,1704,1704,43.4859154929577,41.0211267605634
EPI_ISL_4579|Swine|H5N1|2003|Asia|,2003,-448,41.7840375586854,1704,1704,43.1338028169014,41.1091549295775
EPI_ISL_5778|Human|H5N1|2006|Asia|,2006,-421,40.4580152671756,1703,1704,40.4929577464789,40.4405286343612
EPI_ISL_5777|Human|H5N1|2006.597|Asia|,2006.597,-415.3,41.0024154589372,1656,1656,41.8478260869565,40.5797101449275
EPI_ISL_5776|Human|H5N1|2006.592|Asia|,2006.592,-427.4,40.6103286384976,1704,1704,40.4929577464789,40.669014084507
EPI_ISL_5775|Human|H5N1|2006.408|Asia|,2006.408,-413.8,40.9063444108761,1655,1656,41.4855072463768,40.6165004533092
EPI_ISL_5774|Human|H5N1|2006.405|Asia|,2006.405,-413.8,40.9420289855072,1656,1656,41.4855072463768,40.6702898550725
EPI_ISL_5773|Human|H5N1|2006.51|Asia|,2006.51,-432.3,40.7863849765258,1704,1704,41.1971830985916,40.580985915493
EPI_ISL_5772|Human|H5N1|2006.447|Asia|,2006.447,-429.5,40.6103286384976,1704,1704,40.669014084507,40.580985915493
EPI_ISL_5771|Human|H5N1|2006.447|Asia|,2006.447,-424.2,40.5754550792719,1703,1704,40.5643738977072,40.580985915493
EPI_ISL_5770|Human|H5N1|2006.359|Asia|,2006.359,-423.2,41.0628019323672,1656,1656,41.6666666666667,40.7608695652174
EPI_ISL_5769|Human|H5N1|2006.386|Asia|,2006.386,-441.1,40.962441314554,1704,1704,41.1971830985916,40.8450704225352
EPI_ISL_5768|Human|H5N1|2006.389|Asia|,2006.389,-416.7,41.0024154589372,1656,1656,41.8478260869565,40.5797101449275
EPI_ISL_5767|Human|H5N1|2006.389|Asia|,2006.389,-416.7,41.0628019323672,1656,1656,41.8478260869565,40.6702898550725
EPI_ISL_5766|Human|H5N1|2006.389|Asia|,2006.389,-416.7,41.0024154589372,1656,1656,41.8478260869565,40.5797101449275
EPI_ISL_5765|Human|H5N1|2006.384|Asia|,2006.384,-428.5,41.1231884057971,1656,1656,41.6666666666667,40.8514492753623
EPI_ISL_5764|Human|H5N1|2006.378|Asia|,2006.378,-423.5,41.1835748792271,1656,1656,42.3913043478261,40.5797101449275
EPI_ISL_5763|Human|H5N1|2006.378|Asia|,2006.378,-421.9,41.2084592145015,1655,1656,42.4682395644283,40.5797101449275
EPI_ISL_5762|Human|H5N1|2006.378|Asia|,2006.378,-413.2,41.4251207729469,1656,1656,42.7536231884058,40.7608695652174
EPI_ISL_5761|Human|H5N1|2006.375|Asia|,2006.375,-413.2,41.4251207729469,1656,1656,42.7536231884058,40.7608695652174
EPI_ISL_5760|Human|H5N1|2006.356|Asia|,2006.356,-417,40.8816425120773,1656,1656,41.4855072463768,40.5797101449275
EPI_ISL_5759|Human|H5N1|2006.315|Asia|,2006.315,-420.4,40.9420289855072,1656,1656,41.6666666666667,40.5797101449275
EPI_ISL_5758|Human|H5N1|2006.222|Asia|,2006.222,-414.5,40.8816425120773,1656,1656,41.6666666666667,40.4891304347826
EPI_ISL_5757|Human|H5N1|2006.222|Asia|,2006.222,-414.5,40.8816425120773,1656,1656,41.6666666666667,40.4891304347826
EPI_ISL_5756|Human|H5N1|2006.222|Asia|,2006.222,-428.1,40.6928948913682,1703,1704,41.2698412698413,40.4049295774648
EPI_ISL_5755|Human|H5N1|2006.356|Asia|,2006.356,-423.2,41.0628019323672,1656,1656,41.6666666666667,40.7608695652174
EPI_ISL_5754|Human|H5N1|2006.353|Asia|,2006.353,-435.8,40.9037558685446,1704,1704,41.1971830985916,40.7570422535211
EPI_ISL_5753|Human|H5N1|2006.353|Asia|,2006.353,-435.8,40.9037558685446,1704,1704,41.1971830985916,40.7570422535211
EPI_ISL_5752|Human|H5N1|2006.351|Asia|,2006.351,-431.9,40.962441314554,1704,1704,41.1971830985916,40.8450704225352
EPI_ISL_5751|Human|H5N1|2006.351|Asia|,2006.351,-435.8,40.9037558685446,1704,1704,41.1971830985916,40.7570422535211
EPI_ISL_5750|Human|H5N1|2006.137|Asia|,2006.137,-421.2,41.0024154589372,1656,1656,42.0289855072464,40.4891304347826
EPI_ISL_5747|Human|H5N1|2006.11|Asia|,2006.11,-414.6,41.0628019323672,1656,1656,42.0289855072464,40.5797101449275
EPI_ISL_5746|Human|H5N1|2006.11|Asia|,2006.11,-414.6,41.0628019323672,1656,1656,42.0289855072464,40.5797101449275
EPI_ISL_5745|Feline|H5N1|2006.058|Asia|,2006.058,-412.8,40.8816425120773,1656,1656,41.4855072463768,40.5797101449275
EPI_ISL_5744|Human|H5N1|2006.079|Asia|,2006.079,-414.8,41.0628019323672,1656,1656,42.0289855072464,40.5797101449275
EPI_ISL_5743|Human|H5N1|2006.036|Asia|,2006.036,-412.7,41.0024154589372,1656,1656,41.8478260869565,40.5797101449275
EPI_ISL_5742|Human|H5N1|2006.041|Asia|,2006.041,-412.5,41.0024154589372,1656,1656,42.0289855072464,40.4891304347826
EPI_ISL_5741|Human|H5N1|2006.038|Asia|,2006.038,-412.5,41.0024154589372,1656,1656,42.0289855072464,40.4891304347826
EPI_ISL_5739|Human|H5N1|2006.044|Asia|,2006.044,-412.9,40.9063444108761,1655,1656,41.7422867513612,40.4891304347826
EPI_ISL_5738|Human|H5N1|2005.953|Asia|,2005.953,-414.6,41.0628019323672,1656,1656,42.2101449275362,40.4891304347826
EPI_ISL_5735|Human|H5N1|2005.948|Asia|,2005.948,-410.9,41.0024154589372,1656,1656,42.2101449275362,40.3985507246377
EPI_ISL_5734|Human|H5N1|2005.852|Asia|,2005.852,-422.6,41.1231884057971,1656,1656,42.2101449275362,40.5797101449275
EPI_ISL_5731|Human|H5N1|2005.742|Asia|,2005.742,-415,40.9420289855072,1656,1656,42.0289855072464,40.3985507246377
EPI_ISL_6493|Human|H5N1|2006.784|Asia|,2006.784,-426.7,40.5516431924883,1704,1704,41.1971830985916,40.2288732394366
EPI_ISL_6492|Human|H5N1|2006.729|Asia|,2006.729,-427,40.6103286384976,1704,1704,40.8450704225352,40.4929577464789
EPI_ISL_6491|Human|H5N1|2006.729|Asia|,2006.729,-427,40.6103286384976,1704,1704,40.8450704225352,40.4929577464789
EPI_ISL_6490|Human|H5N1|2006.723|Asia|,2006.723,-438.6,40.7863849765258,1704,1704,41.3732394366197,40.4929577464789
EPI_ISL_6489|Human|H5N1|2006.863|Asia|,2006.863,-430.5,40.7276995305164,1704,1704,40.8450704225352,40.669014084507
EPI_ISL_6488|Human|H5N1|2006.858|Asia|,2006.858,-423.4,40.5516431924883,1704,1704,41.1971830985916,40.2288732394366
EPI_ISL_6487|Human|H5N1|2006.858|Asia|,2006.858,-423.4,40.5516431924883,1704,1704,41.1971830985916,40.2288732394366
EPI_ISL_6801|Human|H5N1|2007.03|Asia|,2007.03,-430.3,40.5516431924883,1704,1704,41.5492957746479,40.0528169014084
EPI_ISL_6799|Human|H5N1|2007.027|Asia|,2007.027,-429.5,40.4929577464789,1704,1704,41.3732394366197,40.0528169014084
EPI_ISL_6798|Human|H5N1|2007.016|Asia|,2007.016,-413.7,41.0024154589372,1656,1656,42.3913043478261,40.3079710144928
EPI_ISL_6797|Human|H5N1|2007.016|Asia|,2007.016,-413.7,41.0628019323672,1656,1656,42.3913043478261,40.3985507246377
EPI_ISL_6796|Human|H5N1|2007.014|Asia|,2007.014,-413.7,41.0024154589372,1656,1656,42.3913043478261,40.3079710144928
EPI_ISL_6795|Human|H5N1|2007.011|Asia|,2007.011,-427.8,40.669014084507,1704,1704,41.5492957746479,40.2288732394366
EPI_ISL_6794|Human|H5N1|2007.014|Asia|,2007.014,-412.9,40.9420289855072,1656,1656,42.0289855072464,40.3985507246377
EPI_ISL_6793|Human|H5N1|2007.011|Asia|,2007.011,-412.9,40.9420289855072,1656,1656,42.0289855072464,40.3985507246377
EPI_ISL_6792|Human|H5N1|2007.011|Asia|,2007.011,-412.9,40.9420289855072,1656,1656,42.0289855072464,40.3985507246377
EPI_ISL_9807|Feline|H5N1|2004|Asia|,2004,-454.5,41.2558685446009,1704,1704,43.1338028169014,40.3169014084507
EPI_ISL_10061|Human|H5N1|2005|Asia|,2005,-445.8,41.0974897840047,1713,1713,42.2066549912434,40.5429071803853
EPI_ISL_10059|Human|H5N1|2005|Asia|,2005,-448.5,41.5637860082305,1701,1701,43.0335097001764,40.8289241622575
EPI_ISL_10058|Human|H5N1|2005.852|Asia|,2005.852,-446.1,41.2698412698413,1701,1701,42.3280423280423,40.7407407407407
EPI_ISL_10049|Human|H5N1|2005|Asia|,2005,-442.6,41.0798122065728,1704,1704,42.4295774647887,40.4049295774648
EPI_ISL_10391|Human|H5N1|2006|Asia|,2006,-441,41.0934744268078,1701,1701,42.3280423280423,40.4761904761905
EPI_ISL_10333|Feline|H5N1|2006|Europe|,2006,-446.6,41.4906103286385,1704,1704,42.7816901408451,40.8450704225352
EPI_ISL_10305|Canine|H5N1|2004|Asia|,2004,-462.2,41.4319248826291,1704,1704,43.3098591549296,40.4929577464789
EPI_ISL_9831|Human|H5N1|2005|Asia|,2005,-450.7,41.5339233038348,1695,1695,44.070796460177,40.2654867256637
EPI_ISL_9829|Human|H5N1|2005|Asia|,2005,-449.9,41.4446417998816,1689,1689,43.8721136767318,40.2309058614565
EPI_ISL_9826|Human|H5N1|2004|Asia|,2004,-450.1,41.4159292035398,1695,1695,43.716814159292,40.2654867256637
EPI_ISL_9825|Human|H5N1|2004|Asia|,2004,-448,41.3569321533923,1695,1695,43.5398230088496,40.2654867256637
EPI_ISL_11263|Human|H5N1|2006|Asia|,2006,-420.1,41.194393662401,1641,1641,42.5959780621572,40.4936014625229
EPI_ISL_12588|Human|H5N1|2006|Asia|,2006,-423.6,41.1231884057971,1656,1656,41.4855072463768,40.9420289855072
EPI_ISL_12587|Human|H5N1|2006|Asia|,2006,-427.6,41.3647342995169,1656,1656,42.0289855072464,41.0326086956522
EPI_ISL_12585|Human|H5N1|2006|Asia|,2006,-422.9,41.1231884057971,1656,1656,41.6666666666667,40.8514492753623
EPI_ISL_12401|Human|H5N1|2003|Asia|,2003,-460.6,41.6666666666667,1704,1704,43.1338028169014,40.9330985915493
EPI_ISL_5729|Human|H5N1|2005|Asia|,2005,-431.2,40.9037558685446,1704,1704,41.7253521126761,40.4929577464789
EPI_ISL_13895|Human|H5N1|2006|Asia|,2006,-440.7,41.2698412698413,1701,1701,42.6807760141093,40.5643738977072
EPI_ISL_13503|Human|H5N1|2006|Asia|,2006,-426.1,41.304347826087,1656,1656,41.8478260869565,41.0326086956522
EPI_ISL_13501|Human|H5N1|2006|Africa|,2006,-437.2,41.304347826087,1656,1656,42.2101449275362,40.8514492753623
EPI_ISL_13500|Human|H5N1|2006|Africa|,2006,-437.2,41.304347826087,1656,1656,42.3913043478261,40.7608695652174
EPI_ISL_13496|Human|H5N1|2006.51|Asia|,2006.51,-423.9,40.8333333333333,1680,1680,41.25,40.625
EPI_ISL_13498|Human|H5N1|2006.447|Asia|,2006.447,-411,40.6666666666667,1650,1650,40.7272727272727,40.6363636363636
EPI_ISL_13497|Human|H5N1|2006.414|Asia|,2006.414,-422.4,40.922890103218,1647,1647,41.8943533697632,40.4371584699454
EPI_ISL_13489|Human|H5N1|2006.405|Asia|,2006.405,-430.4,40.8983451536643,1692,1692,40.9574468085106,40.8687943262411
EPI_ISL_13495|Human|H5N1|2006.373|Asia|,2006.373,-435.8,40.9037558685446,1704,1704,41.1971830985916,40.7570422535211
EPI_ISL_13494|Human|H5N1|2006.381|Asia|,2006.381,-432.7,40.9845788849348,1686,1686,41.2811387900356,40.8362989323843
EPI_ISL_13493|Human|H5N1|2006.353|Asia|,2006.353,-432.6,40.7276995305164,1704,1704,41.0211267605634,40.580985915493
EPI_ISL_13490|Human|H5N1|2006.353|Asia|,2006.353,-433.9,40.9758965314521,1701,1701,41.2698412698413,40.8289241622575
EPI_ISL_13481|Human|H5N1|2006.351|Asia|,2006.351,-435.8,40.9037558685446,1704,1704,41.1971830985916,40.7570422535211
EPI_ISL_13488|Human|H5N1|2006.351|Asia|,2006.351,-423.8,40.960960960961,1665,1665,41.4414414414414,40.7207207207207
EPI_ISL_13487|Human|H5N1|2006.14|Asia|,2006.14,-438.2,41.0619469026549,1695,1695,41.7699115044248,40.7079646017699
EPI_ISL_13485|Human|H5N1|2006|Asia|,2006,-425.2,40.7669616519174,1695,1695,41.2389380530973,40.5309734513274
EPI_ISL_13484|Human|H5N1|2006.079|Asia|,2006.079,-431.9,40.7732864674868,1707,1707,41.3005272407733,40.5096660808436
EPI_ISL_13483|Human|H5N1|2006.09|Asia|,2006.09,-433.9,40.7210401891253,1692,1692,41.1347517730496,40.5141843971631
EPI_ISL_13479|Human|H5N1|2005|Asia|,2005,-414.1,41.1373260738052,1653,1653,42.1052631578947,40.6533575317604
EPI_ISL_13478|Human|H5N1|2005|Asia|,2005,-408.9,41.1050394656952,1647,1647,42.2586520947177,40.528233151184
EPI_ISL_13475|Human|H5N1|2005.86|Asia|,2005.86,-434.6,41.0076157000586,1707,1707,42.1792618629174,40.4217926186292
EPI_ISL_13474|Human|H5N1|2005|Asia|,2005,-430.7,40.6103286384976,1704,1704,41.3732394366197,40.2288732394366
EPI_ISL_13472|Human|H5N1|2005|Asia|,2005,-430.3,41.2529550827423,1692,1692,41.8439716312057,40.9574468085106
EPI_ISL_16357|Human|H5N1|2007|Asia|,2007,-457.4,41.5637860082305,1701,1701,43.0335097001764,40.8289241622575
EPI_ISL_16356|Human|H5N1|2007|Asia|,2007,-457.4,41.5637860082305,1701,1701,43.0335097001764,40.8289241622575
EPI_ISL_16254|Feline|H5N1|2005|Asia|,2005,-446.3,41.8427230046948,1704,1704,42.9577464788732,41.2852112676056
EPI_ISL_11485|Human|H5N1|2004|Asia|,2004,-451.8,41.2558685446009,1704,1704,43.4859154929577,40.1408450704225
EPI_ISL_24602|Human|H5N1|2008.35|Asia|,2008.35,-421.4,40.4929577464789,1704,1704,41.7253521126761,39.8767605633803
EPI_ISL_23815|Human|H5N1|2008.041|Asia|,2008.041,-421.4,40.4342723004695,1704,1704,41.1971830985916,40.0528169014084
EPI_ISL_24609|Human|H5N1|2005.94|Asia|,2005.94,-444.5,41.1522633744856,1701,1701,42.5044091710758,40.4761904761905
EPI_ISL_24608|Human|H5N1|2005.91|Asia|,2005.91,-444.8,41.4462081128748,1701,1701,42.8571428571429,40.7407407407407
EPI_ISL_24607|Human|H5N1|2005.945|Asia|,2005.945,-442.5,41.0346854791299,1701,1701,41.9753086419753,40.5643738977072
EPI_ISL_24606|Human|H5N1|2005.877|Asia|,2005.877,-448.5,41.5637860082305,1701,1701,43.0335097001764,40.8289241622575
EPI_ISL_24605|Human|H5N1|2006.044|Asia|,2006.044,-447.3,41.2698412698413,1701,1701,42.5044091710758,40.652557319224
EPI_ISL_24604|Human|H5N1|2006.027|Asia|,2006.027,-450.1,41.2698412698413,1701,1701,42.3280423280423,40.7407407407407
EPI_ISL_24603|Human|H5N1|2005.852|Asia|,2005.852,-446.1,41.2698412698413,1701,1701,42.3280423280423,40.7407407407407
EPI_ISL_24753|Human|H5N1|2008|Asia|,2008,-419,40.4004711425206,1698,1698,40.9893992932862,40.1060070671378
EPI_ISL_24752|Human|H5N1|2008|Asia|,2008,-432.2,40.3755868544601,1704,1704,40.1408450704225,40.4929577464789
EPI_ISL_13243|Ferret|H5N1|2006.216|Europe|,2006.216,-432,42.0795107033639,1635,1635,43.8532110091743,41.1926605504587
EPI_ISL_62768|Human|H5N1|2008.086|Asia|,2008.086,-438.1,40.962441314554,1704,1704,41.7253521126761,40.580985915493
EPI_ISL_64676|Human|H5N1|2005.853|Asia|,2005.853,-436.5,40.7732864674868,1707,1707,41.6520210896309,40.3339191564148
EPI_ISL_64276|Human|H5N1|2006.606|Asia|,2006.606,-469,41.5492957746479,1704,1704,43.4859154929577,40.580985915493
EPI_ISL_64227|Human|H5N1|2006|Asia|,2006,-440.9,41.2698412698413,1701,1701,42.5044091710758,40.652557319224
EPI_ISL_65327|Swine|H5N1|2004|Asia|,2004,-453.3,41.7253521126761,1704,1704,42.9577464788732,41.1091549295775
EPI_ISL_65326|Swine|H5N1|2004|Asia|,2004,-451.9,41.6666666666667,1704,1704,42.7816901408451,41.1091549295775
EPI_ISL_65197|Feline|H5N1|2004|Asia|,2004,-456.5,41.3145539906103,1704,1704,43.1338028169014,40.4049295774648
EPI_ISL_65196|Feline|H5N1|2004|Asia|,2004,-454.8,41.2558685446009,1704,1704,43.1338028169014,40.3169014084507
EPI_ISL_64915|Canine|H5N1|2005|Asia|,2005,-445.9,41.6666666666667,1704,1704,43.1338028169014,40.9330985915493
EPI_ISL_64914|Canine|H5N1|2005|Asia|,2005,-446.2,41.6079812206573,1704,1704,42.9577464788732,40.9330985915493
EPI_ISL_67419|Swine|H5N1|2003|Asia|,2003,-449.8,41.7840375586854,1704,1704,43.3098591549296,41.0211267605634
EPI_ISL_68652|Human|H5N1|1997|Asia|,1997,-451.7,41.8427230046948,1704,1704,43.4859154929577,41.0211267605634
EPI_ISL_68082|Swine|H5N1|2001|Asia|,2001,-450.4,41.8427230046948,1704,1704,43.4859154929577,41.0211267605634
EPI_ISL_70397|Human|H5N1|2005.485|Asia|,2005.485,-442.9,41.2110523221634,1701,1701,43.0335097001764,40.299823633157
EPI_ISL_76976|Swine|H5N1|2007|Asia|,2007,-434.4,41.0798122065728,1704,1704,41.9014084507042,40.669014084507
EPI_ISL_76975|Swine|H5N1|2006|Asia|,2006,-433.8,41.1626541397534,1703,1704,42.0774647887324,40.704845814978
EPI_ISL_76974|Swine|H5N1|2007|Asia|,2007,-434.5,41.1384976525822,1704,1704,42.0774647887324,40.669014084507
EPI_ISL_76973|Swine|H5N1|2007|Asia|,2007,-430.5,41.0798122065728,1704,1704,41.9014084507042,40.669014084507
EPI_ISL_76972|Swine|H5N1|2007|Asia|,2007,-433.5,41.0798122065728,1704,1704,41.9014084507042,40.669014084507
EPI_ISL_76971|Swine|H5N1|2006|Asia|,2006,-430.5,41.0211267605634,1704,1704,41.7253521126761,40.669014084507
EPI_ISL_76970|Swine|H5N1|2006|Asia|,2006,-430.5,41.0211267605634,1704,1704,41.7253521126761,40.669014084507
EPI_ISL_76969|Swine|H5N1|2006|Asia|,2006,-433.5,41.0798122065728,1704,1704,41.9014084507042,40.669014084507
EPI_ISL_76968|Swine|H5N1|2006|Asia|,2006,-430.5,41.0211267605634,1704,1704,41.7253521126761,40.669014084507
EPI_ISL_76967|Swine|H5N1|2005|Asia|,2005,-445.3,41.0211267605634,1704,1704,42.0774647887324,40.4929577464789
EPI_ISL_76966|Swine|H5N1|2005|Asia|,2005,-446.9,41.0211267605634,1704,1704,42.0774647887324,40.4929577464789
EPI_ISL_76965|Swine|H5N1|2005|Asia|,2005,-445.3,40.962441314554,1704,1704,42.0774647887324,40.4049295774648
EPI_ISL_76964|Swine|H5N1|2005|Asia|,2005,-445.2,40.962441314554,1704,1704,41.9014084507042,40.4929577464789
EPI_ISL_76684|Human|H5N1|2008.141|Asia|,2008.141,-445.9,41.2698412698413,1701,1701,42.3280423280423,40.7407407407407
EPI_ISL_76683|Human|H5N1|2008.119|Asia|,2008.119,-449.6,41.0346854791299,1701,1701,42.1516754850088,40.4761904761905
EPI_ISL_76682|Human|H5N1|2008.108|Asia|,2008.108,-435.7,41,1700,1701,42.5044091710758,40.2471315092674
EPI_ISL_76681|Human|H5N1|2008.045|Asia|,2008.045,-444.3,41.3874191651969,1701,1701,43.2098765432099,40.4761904761905
EPI_ISL_76680|Human|H5N1|2007.952|Asia|,2007.952,-454.6,41.4462081128748,1701,1701,43.2098765432099,40.5643738977072
EPI_ISL_76679|Human|H5N1|2007.566|Asia|,2007.566,-438.6,41.1522633744856,1701,1701,42.5044091710758,40.4761904761905
EPI_ISL_76678|Human|H5N1|2007.464|Asia|,2007.464,-444.4,41.3286302175191,1701,1701,42.8571428571429,40.5643738977072
EPI_ISL_76677|Human|H5N1|2007.437|Asia|,2007.437,-447,41.3286302175191,1701,1701,42.8571428571429,40.5643738977072
EPI_ISL_76676|Human|H5N1|2007|Asia|,2007,-444.2,41.2698412698413,1701,1701,42.6807760141093,40.5643738977072
EPI_ISL_76675|Human|H5N1|2007.379|Asia|,2007.379,-444.5,41.3286302175191,1701,1701,43.0335097001764,40.4761904761905
EPI_ISL_76674|Human|H5N1|2005.823|Asia|,2005.823,-444.2,41.3286302175191,1701,1701,42.6807760141093,40.652557319224
EPI_ISL_76673|Human|H5N1|2005.158|Asia|,2005.158,-438.6,41.0346854791299,1701,1701,42.8571428571429,40.1234567901235
EPI_ISL_76672|Human|H5N1|2004.592|Asia|,2004.592,-447.7,41.3631022326675,1702,1704,43.2098765432099,40.4405286343612
EPI_ISL_76671|Human|H5N1|2004.57|Asia|,2004.57,-441.3,41.0934744268078,1701,1701,42.8571428571429,40.2116402116402
EPI_ISL_76670|Human|H5N1|2004.042|Asia|,2004.042,-449.3,41.2558685446009,1704,1704,43.1338028169014,40.3169014084507
EPI_ISL_76669|Human|H5N1|2004.053|Asia|,2004.053,-447.5,41.1522633744856,1701,1704,42.756183745583,40.352422907489
EPI_ISL_76668|Human|H5N1|2004.018|Asia|,2004.018,-458.1,41.3732394366197,1704,1704,43.6619718309859,40.2288732394366
EPI_ISL_76667|Human|H5N1|2004.015|Asia|,2004.015,-458.1,41.3388138578978,1703,1704,43.5626102292769,40.2288732394366
EPI_ISL_76666|Human|H5N1|2003.999|Asia|,2003.999,-452.2,41.2558685446009,1704,1704,42.9577464788732,40.4049295774648
EPI_ISL_76665|Human|H5N1|2003.993|Asia|,2003.993,-456,41.4319248826291,1704,1704,43.6619718309859,40.3169014084507
EPI_ISL_76664|Human|H5N1|2003.993|Asia|,2003.993,-453.5,41.2698412698413,1701,1704,43.4859154929577,40.1588702559576
EPI_ISL_76663|Human|H5N1|2003.99|Asia|,2003.99,-454,41.3388138578978,1703,1704,43.5626102292769,40.2288732394366
EPI_ISL_79685|Human|H5N1|2008.923|Asia|,2008.923,-452.3,41.0934744268078,1701,1701,42.5044091710758,40.3880070546737
EPI_ISL_79684|Human|H5N1|2007.921|Asia|,2007.921,-457.4,41.5637860082305,1701,1701,43.0335097001764,40.8289241622575
EPI_ISL_79683|Human|H5N1|2007.896|Asia|,2007.896,-457.4,41.5637860082305,1701,1701,43.0335097001764,40.8289241622575
EPI_ISL_79682|Human|H5N1|2007.132|Asia|,2007.132,-449,41.2698412698413,1701,1701,42.5044091710758,40.652557319224
EPI_ISL_79681|Human|H5N1|2006.463|Asia|,2006.463,-443.8,41.4906103286385,1704,1704,42.7816901408451,40.8450704225352
EPI_ISL_79680|Human|H5N1|2006.247|Asia|,2006.247,-446.9,40.9758965314521,1701,1701,41.7989417989418,40.5643738977072
EPI_ISL_79679|Human|H5N1|2006.195|Asia|,2006.195,-441.8,41.2110523221634,1701,1701,42.3280423280423,40.652557319224
EPI_ISL_79678|Human|H5N1|2006.142|Asia|,2006.142,-440.4,41.3286302175191,1701,1701,42.5044091710758,40.7407407407407
EPI_ISL_79677|Human|H5N1|2006.071|Asia|,2006.071,-439.1,41.3286302175191,1701,1701,42.5044091710758,40.7407407407407
EPI_ISL_73306|Human|H5N1|2008.126|Asia|,2008.126,-465.8,41.6813639035861,1701,1701,43.3862433862434,40.8289241622575
EPI_ISL_73305|Human|H5N1|2008.115|Asia|,2008.115,-437.2,41.3874191651969,1701,1701,43.2098765432099,40.4761904761905
EPI_ISL_73303|Human|H5N1|2008.041|Asia|,2008.041,-450.4,40.7995296884186,1701,1701,41.9753086419753,40.2116402116402
EPI_ISL_73302|Human|H5N1|2007.205|Asia|,2007.205,-453.8,41.0934744268078,1701,1701,42.3280423280423,40.4761904761905
EPI_ISL_73320|Human|H5N1|2006.94|Asia|,2006.94,-445.2,41.2110523221634,1701,1701,42.3280423280423,40.652557319224
EPI_ISL_73299|Human|H5N1|2006.419|Asia|,2006.419,-440.7,41.2698412698413,1701,1701,42.6807760141093,40.5643738977072
EPI_ISL_73298|Human|H5N1|2006.288|Asia|,2006.288,-438.6,41.3772807533843,1699,1701,42.756183745583,40.6884377758164
EPI_ISL_73294|Human|H5N1|2006.11|Asia|,2006.11,-448.1,41.5049970605526,1701,1701,43.2098765432099,40.652557319224
EPI_ISL_77975|Human|H5N1|2004|Asia|,2004,-452.7,41.3145539906103,1704,1704,43.4859154929577,40.2288732394366
EPI_ISL_77974|Human|H5N1|2004|Asia|,2004,-452.7,41.3145539906103,1704,1704,43.4859154929577,40.2288732394366
EPI_ISL_77973|Human|H5N1|2004|Asia|,2004,-455.3,41.3732394366197,1704,1704,43.4859154929577,40.3169014084507
EPI_ISL_77972|Human|H5N1|2004|Asia|,2004,-455.3,41.3732394366197,1704,1704,43.4859154929577,40.3169014084507
EPI_ISL_77971|Human|H5N1|2004|Asia|,2004,-446,40.9037558685446,1704,1704,42.2535211267606,40.2288732394366
EPI_ISL_10060|Human|H5N1|2005|Asia|,2005,-442.3,41.3286302175191,1701,1701,42.8571428571429,40.5643738977072
EPI_ISL_80494|Human|H5N1|2008.943|Asia|,2008.943,-447.1,41.5492957746479,1704,1704,43.3098591549296,40.669014084507
EPI_ISL_80471|Human|H5N1|2005.219|Asia|,2005.219,-451.1,41.2078152753108,1689,1689,42.2735346358792,40.6749555950266
EPI_ISL_84853|Human|H5N1|2005.263|Asia|,2005.263,-455.2,41.8439716312057,1692,1692,44.5035460992908,40.5141843971631
EPI_ISL_90136|Human|H5N1|2005|Asia|,2005,-455.9,41.6666666666667,1704,1704,44.1901408450704,40.4049295774648
EPI_ISL_73304|Human|H5N1|2005.893|Asia|,2005.893,-444.8,41.4462081128748,1701,1701,42.8571428571429,40.7407407407407
EPI_ISL_110187|Human|H5N1|2004|Asia|,2004,-455.3,41.3732394366197,1704,1704,43.3098591549296,40.4049295774648
EPI_ISL_109928|Human|H5N1|2004|Asia|,2004,-458.1,41.3732394366197,1704,1704,43.6619718309859,40.2288732394366
EPI_ISL_120244|Human|H5N1|2008|Africa|,2008,-451.4,41.3732394366197,1704,1704,42.0774647887324,41.0211267605634
EPI_ISL_124114|Human|H5N1|2005|Asia|,2005,-430.3,40.5516431924883,1704,1704,41.1971830985916,40.2288732394366
EPI_ISL_121541|Human|H5N1|2005|Asia|,2005,-427.1,40.8450704225352,1704,1704,41.5492957746479,40.4929577464789
EPI_ISL_120232|Human|H5N1|2007.195|Africa|,2007.195,-449.8,40.8450704225352,1704,1704,41.7253521126761,40.4049295774648
EPI_ISL_143547|Human|H5N1|2008.016|Asia|,2008.016,-437.9,41.0346854791299,1701,1701,42.5044091710758,40.299823633157
EPI_ISL_143546|Human|H5N1|2008.016|Asia|,2008.016,-448.2,41.0934744268078,1701,1701,42.3280423280423,40.4761904761905
EPI_ISL_143545|Human|H5N1|2007.512|Asia|,2007.512,-439,41.0346854791299,1701,1701,42.1516754850088,40.4761904761905
EPI_ISL_143490|Human|H5N1|2008.265|Asia|,2008.265,-438.9,41.2698412698413,1701,1701,42.8571428571429,40.4761904761905
EPI_ISL_144531|Swine|H5N1|2008.915|Asia|,2008.915,-436.6,40.4929577464789,1704,1704,41.9014084507042,39.7887323943662
EPI_ISL_150052|Human|H5N1|2008.309|Asia|,2008.309,-414.5,40.4929577464789,1704,1704,40.8450704225352,40.3169014084507
EPI_ISL_188694|Human|H5N1|2006.605|Asia|,2006.605,-462.2,41.3732394366197,1704,1704,43.1338028169014,40.4929577464789
EPI_ISL_343407|Human|H5N1|2008.123|Asia|,2008.123,-425.5,40.3755868544601,1704,1704,41.0211267605634,40.0528169014084
EPI_ISL_343406|Human|H5N1|2008.085|Asia|,2008.085,-416,40.4342723004695,1704,1704,40.4929577464789,40.4049295774648
EPI_ISL_343385|Human|H5N1|2008.951|Asia|,2008.951,-412.5,40.8348457350272,1653,1653,42.1052631578947,40.1996370235935
EPI_ISL_343384|Human|H5N1|2008.309|Asia|,2008.309,-416,40.4342723004695,1704,1704,40.4929577464789,40.4049295774648
EPI_ISL_343383|Human|H5N1|2008.238|Asia|,2008.238,-422.5,40.4342723004695,1704,1704,41.1971830985916,40.0528169014084
EPI_ISL_343382|Human|H5N1|2008.23|Asia|,2008.23,-423.3,40.9037558685446,1704,1704,41.0211267605634,40.8450704225352
EPI_ISL_76081|Human|H5N1|2010.414|Asia|,2010.414,-438.2,41.2110523221634,1701,1701,43.7389770723104,39.9470899470899
EPI_ISL_79687|Human|H5N1|2009.06|Asia|,2009.06,-436.5,41.3874191651969,1701,1701,43.0335097001764,40.5643738977072
EPI_ISL_79686|Human|H5N1|2009.019|Asia|,2009.019,-424.2,41.4117647058824,1700,1701,43.2098765432099,40.5119152691968
EPI_ISL_73308|Human|H5N1|2009.049|Asia|,2009.049,-430.2,40.9277745155608,1703,1704,42.4295774647887,40.1762114537445
EPI_ISL_73309|Human|H5N1|2009.038|Asia|,2009.038,-438.5,41.3286302175191,1701,1701,42.6807760141093,40.652557319224
EPI_ISL_73313|Human|H5N1|2009.025|Asia|,2009.025,-453.8,40.7407407407407,1701,1701,40.3880070546737,40.9171075837742
EPI_ISL_73312|Human|H5N1|2009.011|Asia|,2009.011,-449.9,41.3874191651969,1701,1701,42.8571428571429,40.652557319224
EPI_ISL_89366|Human|H5N1|2011.184|Asia|,2011.184,-432.4,40.4929577464789,1704,1704,40.4929577464789,40.4929577464789
EPI_ISL_96896|Human|H5N1|2010.384|Asia|,2010.384,-438.2,41.2110523221634,1701,1701,43.7389770723104,39.9470899470899
EPI_ISL_98855|Human|H5N1|2011.764|Asia|,2011.764,-419.3,40.669014084507,1704,1704,41.5492957746479,40.2288732394366
EPI_ISL_98854|Human|H5N1|2011.764|Asia|,2011.764,-419.3,40.669014084507,1704,1704,41.5492957746479,40.2288732394366
EPI_ISL_98741|Human|H5N1|2010.293|Asia|,2010.293,-445.4,41.6666666666667,1704,1704,43.8380281690141,40.580985915493
EPI_ISL_98740|Human|H5N1|2011.09|Asia|,2011.09,-438.9,41.1971830985916,1704,1704,42.7816901408451,40.4049295774648
EPI_ISL_100272|Human|H5N1|2011.989|Asia|,2011.989,-417.4,41.030303030303,1650,1650,41.6363636363636,40.7272727272727
EPI_ISL_110159|Human|H5N1|2012.025|Asia|,2012.025,-436.5,40.962441314554,1704,1704,42.0774647887324,40.4049295774648
EPI_ISL_120290|Human|H5N1|2011.828|Africa|,2011.828,-443.1,40.8583186360964,1701,1701,41.6225749559083,40.4761904761905
EPI_ISL_120289|Human|H5N1|2011.97|Africa|,2011.97,-431.9,40.8583186360964,1701,1701,41.2698412698413,40.652557319224
EPI_ISL_120288|Human|H5N1|2011.953|Africa|,2011.953,-431.9,40.8583186360964,1701,1701,41.2698412698413,40.652557319224
EPI_ISL_120286|Human|H5N1|2011.915|Africa|,2011.915,-432.2,40.7995296884186,1701,1701,41.2698412698413,40.5643738977072
EPI_ISL_120285|Human|H5N1|2011.721|Africa|,2011.721,-438.5,40.7995296884186,1701,1701,41.4462081128748,40.4761904761905
EPI_ISL_120284|Human|H5N1|2011|Africa|,2011,-437.1,40.7647058823529,1700,1701,41.5194346289753,40.3880070546737
EPI_ISL_120283|Human|H5N1|2011|Africa|,2011,-439,40.9411764705882,1700,1701,41.8727915194346,40.4761904761905
EPI_ISL_120282|Human|H5N1|2011|Africa|,2011,-438.6,40.9171075837742,1701,1701,41.6225749559083,40.5643738977072
EPI_ISL_120281|Human|H5N1|2011|Africa|,2011,-444.6,41.0934744268078,1701,1701,41.6225749559083,40.8289241622575
EPI_ISL_120280|Human|H5N1|2011|Africa|,2011,-443.3,40.7407407407407,1701,1701,41.0934744268078,40.5643738977072
EPI_ISL_120279|Human|H5N1|2011|Africa|,2011,-436.8,40.9758965314521,1701,1701,41.7989417989418,40.5643738977072
EPI_ISL_120278|Human|H5N1|2011|Africa|,2011,-442.4,40.7407407407407,1701,1701,41.0934744268078,40.5643738977072
EPI_ISL_120277|Human|H5N1|2011|Africa|,2011,-438.1,40.7995296884186,1701,1701,41.7989417989418,40.299823633157
EPI_ISL_120276|Human|H5N1|2011|Africa|,2011,-438.8,40.9758965314521,1701,1701,42.1516754850088,40.3880070546737
EPI_ISL_120275|Human|H5N1|2011|Africa|,2011,-441,40.9171075837742,1701,1701,41.7989417989418,40.4761904761905
EPI_ISL_120259|Human|H5N1|2009.362|Africa|,2009.362,-445.7,41.0346854791299,1701,1701,41.7989417989418,40.652557319224
EPI_ISL_120253|Human|H5N1|2009.375|Africa|,2009.375,-447.3,40.8583186360964,1701,1701,41.6225749559083,40.4761904761905
EPI_ISL_121190|Human|H5N1|2012.404|Asia|,2012.404,-435.2,40.962441314554,1704,1704,41.7253521126761,40.580985915493
EPI_ISL_121547|Ferret|H5N1|2012|Asia|,2012,-430.6,40.8450704225352,1704,1704,41.7253521126761,40.4049295774648
EPI_ISL_121546|Ferret|H5N1|2012|Asia|,2012,-430.6,40.8450704225352,1704,1704,41.7253521126761,40.4049295774648
EPI_ISL_121545|Ferret|H5N1|2012|Asia|,2012,-430.6,40.8450704225352,1704,1704,41.7253521126761,40.4049295774648
EPI_ISL_121544|Ferret|H5N1|2012|Asia|,2012,-430.6,40.8450704225352,1704,1704,41.7253521126761,40.4049295774648
EPI_ISL_121543|Ferret|H5N1|2012|Asia|,2012,-430.6,40.8450704225352,1704,1704,41.7253521126761,40.4049295774648
EPI_ISL_121542|Ferret|H5N1|2012|Asia|,2012,-432.4,40.7276995305164,1704,1704,41.5492957746479,40.3169014084507
EPI_ISL_135216|Human|H5N1|2013.104|Asia|,2013.104,-454.4,41.1764705882353,1700,1701,41.9753086419753,40.7766990291262
EPI_ISL_139509|Human|H5N1|2012.492|Asia|,2012.492,-419.9,40.4342723004695,1704,1704,41.3732394366197,39.9647887323944
EPI_ISL_139508|Human|H5N1|2012.161|Asia|,2012.161,-417.3,40.1995305164319,1704,1704,41.1971830985916,39.7007042253521
EPI_ISL_141267|Human|H5N1|2011.178|Asia|,2011.178,-430.8,40.6928948913682,1703,1704,40.8450704225352,40.6167400881057
EPI_ISL_143548|Human|H5N1|2009.115|Asia|,2009.115,-434.6,41.2110523221634,1701,1701,43.2098765432099,40.2116402116402
EPI_ISL_143544|Human|H5N1|2010.186|Asia|,2010.186,-441.7,41.1384976525822,1704,1704,42.0774647887324,40.669014084507
EPI_ISL_143543|Human|H5N1|2009.088|Asia|,2009.088,-441.3,41.0346854791299,1701,1701,41.7989417989418,40.652557319224
EPI_ISL_143542|Human|H5N1|2010.252|Asia|,2010.252,-438.8,41.5049970605526,1701,1701,43.2098765432099,40.652557319224
EPI_ISL_143489|Human|H5N1|2009.192|Asia|,2009.192,-457.3,41.4319248826291,1704,1704,43.3098591549296,40.4929577464789
EPI_ISL_143488|Human|H5N1|2012.036|Asia|,2012.036,-445.4,41.2558685446009,1704,1704,42.4295774647887,40.669014084507
EPI_ISL_143494|Human|H5N1|2012.194|Africa|,2012.194,-440.8,40.7995296884186,1701,1701,41.2698412698413,40.5643738977072
EPI_ISL_144532|Swine|H5N1|2009|Asia|,2009,-464.9,41.6813639035861,1701,1701,43.3862433862434,40.8289241622575
EPI_ISL_150197|Human|H5N1|2009.156|Asia|,2009.156,-420.6,40.1995305164319,1704,1704,40.669014084507,39.9647887323944
EPI_ISL_150014|Human|H5N1|2013.066|Asia|,2013.066,-438,41.3732394366197,1704,1704,42.2535211267606,40.9330985915493
EPI_ISL_151057|Human|H5N1|2011.266|Asia|,2011.266,-423.8,40.5516431924883,1704,1704,40.4929577464789,40.580985915493
EPI_ISL_150577|Human|H5N1|2011.09|Asia|,2011.09,-422.5,40.5516431924883,1704,1704,41.1971830985916,40.2288732394366
EPI_ISL_150573|Human|H5N1|2010.414|Asia|,2010.414,-418.4,40.1408450704225,1704,1704,40.669014084507,39.8767605633803
EPI_ISL_150551|Human|H5N1|2010.707|Asia|,2010.707,-416,40.3169014084507,1704,1704,41.0211267605634,39.9647887323944
EPI_ISL_150550|Human|H5N1|2010.312|Asia|,2010.312,-418.9,40.4929577464789,1704,1704,41.3732394366197,40.0528169014084
EPI_ISL_150548|Human|H5N1|2010.888|Asia|,2010.888,-414.7,40.3169014084507,1704,1704,40.669014084507,40.1408450704225
EPI_ISL_151134|Feline|H5N1|2013.052|Asia|,2013.052,-434.4,41.0934744268078,1701,1701,43.0335097001764,40.1234567901235
EPI_ISL_162425|Human|H5N1|2013.159|Asia|,2013.159,-440.1,41.1384976525822,1704,1704,42.4295774647887,40.4929577464789
EPI_ISL_165438|Human|H5N1|2011.797|Asia|,2011.797,-427.5,40.8583186360964,1701,1701,42.8571428571429,39.8589065255732
EPI_ISL_166661|Human|H5N1|2012.396|Asia|,2012.396,-443.9,41.5492957746479,1704,1704,43.4859154929577,40.580985915493
EPI_ISL_166660|Human|H5N1|2012.24|Asia|,2012.24,-434.1,41.0211267605634,1704,1704,42.2535211267606,40.4049295774648
EPI_ISL_166640|Human|H5N1|2013.132|Asia|,2013.132,-440.1,41.1384976525822,1704,1704,42.4295774647887,40.4929577464789
EPI_ISL_166638|Human|H5N1|2013.099|Asia|,2013.099,-445.4,41.3145539906103,1704,1704,42.7816901408451,40.580985915493
EPI_ISL_166637|Human|H5N1|2013.06|Asia|,2013.06,-446,41.3145539906103,1704,1704,42.6056338028169,40.669014084507
EPI_ISL_166636|Human|H5N1|2013.022|Asia|,2013.022,-446.3,41.0211267605634,1704,1704,41.9014084507042,40.580985915493
EPI_ISL_166659|Feline|H5N1|2013.195|Asia|,2013.195,-448.8,41.3145539906103,1704,1704,42.6056338028169,40.669014084507
EPI_ISL_191956|Human|H5N1|2013.255|Asia|,2013.255,-443.9,41.2558685446009,1704,1704,42.6056338028169,40.580985915493
EPI_ISL_195244|Human|H5N1|2012.145|Asia|,2012.145,-457.2,41.8427230046948,1704,1704,44.5422535211268,40.4929577464789
EPI_ISL_343391|Human|H5N1|2010.414|Asia|,2010.414,-412.4,40.6400966183575,1656,1656,41.6666666666667,40.1268115942029
EPI_ISL_343397|Human|H5N1|2011.597|Asia|,2011.597,-419.3,40.669014084507,1704,1704,41.5492957746479,40.2288732394366
EPI_ISL_343396|Human|H5N1|2011.266|Asia|,2011.266,-429.9,40.5516431924883,1704,1704,40.669014084507,40.4929577464789
EPI_ISL_343395|Human|H5N1|2011.088|Asia|,2011.088,-415.8,40.4929577464789,1704,1704,41.5492957746479,39.9647887323944
EPI_ISL_343394|Human|H5N1|2011.09|Asia|,2011.09,-429.7,40.669014084507,1704,1704,41.3732394366197,40.3169014084507
EPI_ISL_343393|Human|H5N1|2010.888|Asia|,2010.888,-416.3,40.2582159624413,1704,1704,40.669014084507,40.0528169014084
EPI_ISL_343392|Human|H5N1|2010.512|Asia|,2010.512,-420.1,40.4929577464789,1704,1704,41.0211267605634,40.2288732394366
EPI_ISL_343390|Human|H5N1|2010.312|Asia|,2010.312,-424.6,40.4381290704559,1689,1689,40.1420959147425,40.5861456483126
EPI_ISL_343389|Human|H5N1|2009.408|Asia|,2009.408,-422,40.4342723004695,1704,1704,41.1971830985916,40.0528169014084
EPI_ISL_343388|Human|H5N1|2009.386|Asia|,2009.386,-419.2,40.2582159624413,1704,1704,40.8450704225352,39.9647887323944
EPI_ISL_343387|Human|H5N1|2009.156|Asia|,2009.156,-418.6,40.2582159624413,1704,1704,40.8450704225352,39.9647887323944
EPI_ISL_343386|Human|H5N1|2009.058|Asia|,2009.058,-419.6,40.3169014084507,1704,1704,41.0211267605634,39.9647887323944
EPI_ISL_343405|Human|H5N1|2009.071|Asia|,2009.071,-408.1,40.1995305164319,1704,1704,40.669014084507,39.9647887323944
EPI_ISL_343411|Human|H5N1|2009.06|Asia|,2009.06,-420.9,40.5516431924883,1704,1704,40.8450704225352,40.4049295774648
EPI_ISL_343410|Human|H5N1|2011.17|Asia|,2011.17,-424.6,40.5516431924883,1704,1704,41.5492957746479,40.0528169014084
EPI_ISL_343408|Human|H5N1|2010.647|Asia|,2010.647,-417.1,40.1995305164319,1704,1704,40.8450704225352,39.8767605633803
EPI_ISL_343400|Human|H5N1|2012.582|Asia|,2012.582,-413.3,40.1408450704225,1704,1704,40.3169014084507,40.0528169014084
EPI_ISL_343399|Human|H5N1|2012.142|Asia|,2012.142,-413.4,40.1408450704225,1704,1704,40.669014084507,39.8767605633803
EPI_ISL_343398|Human|H5N1|2012.115|Asia|,2012.115,-413.4,40.1408450704225,1704,1704,40.669014084507,39.8767605633803
EPI_ISL_378627|Meerkat|H5N1|2012.331|Asia|,2012.331,-440.4,41.3286302175191,1701,1701,43.7389770723104,40.1234567901235
EPI_ISL_891209|Human|H5N1|2011|Asia|,2011,-431.1,40.962441314554,1704,1704,41.7253521126761,40.580985915493
EPI_ISL_502207|Ferret|H5N1|2018.526|Asia|,2018.526,-438,40.75382803298,1698,1698,40.4593639575972,40.9010600706714
EPI_ISL_8799552|Human|H5N1|2021.984|Europe|,2021.984,-429.8,41.9753086419753,1701,1701,43.9153439153439,41.005291005291
EPI_ISL_144507|Human|H5N1|2013.46|Asia|,2013.46,-419.1,40.669014084507,1704,1704,41.5492957746479,40.2288732394366
EPI_ISL_154130|Human|H5N1|2014.005|NorthAmerica|,2014.005,-432.4,40.9758965314521,1701,1701,42.8571428571429,40.0352733686067
EPI_ISL_150015|Human|H5N1|2013.603|Asia|,2013.603,-440.1,41.0798122065728,1704,1704,42.6056338028169,40.3169014084507
EPI_ISL_162667|Human|H5N1|2014.296|Asia|,2014.296,-415.2,40.1995305164319,1704,1704,40.8450704225352,39.8767605633803
EPI_ISL_162429|Human|H5N1|2013.805|Asia|,2013.805,-437.6,41.3732394366197,1704,1704,42.7816901408451,40.669014084507
EPI_ISL_162428|Human|H5N1|2013.707|Asia|,2013.707,-438.3,41.1971830985916,1704,1704,42.4295774647887,40.580985915493
EPI_ISL_162427|Human|H5N1|2013.699|Asia|,2013.699,-443.1,41.1971830985916,1704,1704,42.2535211267606,40.669014084507
EPI_ISL_162424|Human|H5N1|2013.622|Asia|,2013.622,-438.5,41.3145539906103,1704,1704,42.9577464788732,40.4929577464789
EPI_ISL_162420|Human|H5N1|2013.515|Asia|,2013.515,-441.3,41.2558685446009,1704,1704,42.7816901408451,40.4929577464789
EPI_ISL_162419|Human|H5N1|2013.488|Asia|,2013.488,-442.6,41.2558685446009,1704,1704,42.6056338028169,40.580985915493
EPI_ISL_167907|Human|H5N1|2014.428|Asia|,2014.428,-408.7,40.1408450704225,1704,1704,40.3169014084507,40.0528169014084
EPI_ISL_174852|Human|H5N1|2014.907|Africa|,2014.907,-442.84,40.8583186360964,1701,1701,41.2698412698413,40.652557319224
EPI_ISL_174851|Human|H5N1|2014.901|Africa|,2014.901,-444.9,41.0934744268078,1701,1701,41.6225749559083,40.8289241622575
EPI_ISL_191955|Human|H5N1|2014.074|Asia|,2014.074,-437.5,40.962441314554,1704,1704,41.9014084507042,40.4929577464789
EPI_ISL_191954|Human|H5N1|2014.047|Asia|,2014.047,-439.8,41.2941176470588,1700,1701,43.8162544169611,40.0352733686067
EPI_ISL_195659|Human|H5N1|2015.038|Africa|,2015.038,-442.5,40.7407407407407,1701,1701,41.0934744268078,40.5643738977072
EPI_ISL_195245|Human|H5N1|2013.871|Asia|,2013.871,-443.9,41.3145539906103,1704,1704,42.6056338028169,40.669014084507
EPI_ISL_221726|Feline|H5N1|2014.953|Asia|,2014.953,-422.5,41.1384976525822,1704,1704,42.2535211267606,40.580985915493
EPI_ISL_221723|Feline|H5N1|2014.266|Asia|,2014.266,-453.1,41.4462081128748,1701,1701,42.5044091710758,40.9171075837742
EPI_ISL_221722|Feline|H5N1|2015.611|Asia|,2015.611,-422.8,40.8583186360964,1701,1701,43.2098765432099,39.6825396825397
EPI_ISL_226074|Swine|H5N1|2014.838|Asia|,2014.838,-444.3,41.1384976525822,1704,1704,41.9014084507042,40.7570422535211
EPI_ISL_226073|Swine|H5N1|2014.784|Asia|,2014.784,-446.2,41.8427230046948,1704,1704,43.3098591549296,41.1091549295775
EPI_ISL_243348|Ferret|H5N1|2015.493|Asia|,2015.493,-431.8,40.9758965314521,1701,1701,43.5626102292769,39.6825396825397
EPI_ISL_243347|Ferret|H5N1|2015.512|Asia|,2015.512,-427.1,41.1384976525822,1704,1704,42.4295774647887,40.4929577464789
EPI_ISL_255387|Human|H5N1|2014.175|Asia|,2014.175,-419.3,41.4179104477612,1608,1608,41.9776119402985,41.1380597014925
EPI_ISL_255386|Human|H5N1|2014.173|Asia|,2014.173,-418.2,41.5896487985213,1623,1623,42.3290203327172,41.2199630314233
EPI_ISL_255593|Human|H5N1|2014.175|Asia|,2014.175,-433.5,41.3145539906103,1704,1704,42.7816901408451,40.580985915493
EPI_ISL_262572|Human|H5N1|2014.863|Africa|,2014.863,-443.44,40.8583186360964,1701,1701,41.2698412698413,40.652557319224
EPI_ISL_343404|Human|H5N1|2015.227|Asia|,2015.227,-403.5,39.906103286385,1704,1704,40.1408450704225,39.7887323943662
EPI_ISL_343403|Human|H5N1|2015.225|Asia|,2015.225,-404.3,39.8474178403756,1704,1704,40.1408450704225,39.7007042253521
EPI_ISL_343402|Human|H5N1|2013.86|Asia|,2013.86,-415.1,40.0821596244131,1704,1704,40.1408450704225,40.0528169014084
EPI_ISL_343401|Human|H5N1|2013.737|Asia|,2013.737,-411.7,40.0234741784038,1704,1704,40.3169014084507,39.8767605633803
EPI_ISL_379574|Human|H5N1|2015.055|Asia|,2015.055,-419.4,40.9758965314521,1701,1701,43.0335097001764,39.9470899470899
EPI_ISL_393329|Swine|H5N1|2015|Asia|,2015,-440.4,41.0346854791299,1701,1701,43.0335097001764,40.0352733686067
EPI_ISL_244744|Feline|H5N1|2016.279|Asia|,2016.279,-429.4,40.6819517930629,1701,1701,43.0335097001764,39.5061728395062
EPI_ISL_376124|Ferret|H5N1|2017.43|Asia|,2017.43,-429.1,40.6231628453851,1701,1701,42.6807760141093,39.5943562610229
EPI_ISL_354656|Human|H5N1|2019.227|Asia|,2019.227,-421.5,40.6360424028269,1698,1701,41.7699115044248,40.0706090026478
EPI_ISL_354655|Human|H5N1|2019.227|Asia|,2019.227,-425.6,40.6470588235294,1700,1701,41.7989417989418,40.0706090026478
EPI_ISL_358020|Human|H5N1|2019.227|Asia|,2019.227,-425.4,40.5882352941176,1700,1701,41.696113074205,40.0352733686067
EPI_ISL_877035|Human|H5N1|2020.79|Asia|,2020.79,-436.8,41.3184226015303,1699,1701,43.5626102292769,40.1943462897527
EPI_ISL_3547|Human|H7N7|2003|Europe|,2003,-442.9,43.9501779359431,1686,1686,42.8825622775801,44.4839857651246
EPI_ISL_29945|Equine|H7N7|1966|NorthAmerica|,1966,-391.4,38.187134502924,1710,1710,32.4561403508772,41.0526315789474
EPI_ISL_89157|Equine|H7N7|1956.443|Europe|,1956.443,-387.4,37.953216374269,1710,1710,31.5789473684211,41.140350877193
EPI_ISL_132868|Equine|H7N7|1956|Europe|,1956,-385.8,37.8362573099415,1710,1710,31.5789473684211,40.9649122807018
EPI_ISL_171318|Human|H7N7|2013.682|Europe|,2013.682,-437.5,43.2208407341622,1689,1689,40.8525754884547,44.404973357016
EPI_ISL_5226|Human|H1N2|2003.31|NorthAmerica|seasonal,2003.31,-432,41.7699115044248,1695,1695,42.6548672566372,41.3274336283186
EPI_ISL_6423|Human|H1N2|2003|NorthAmerica|seasonal,2003,-431.1,41.7109144542773,1695,1695,42.6548672566372,41.2389380530973
EPI_ISL_8267|Human|H1N2|2003.266|NorthAmerica|seasonal,2003.266,-434.3,41.7699115044248,1695,1695,42.8318584070797,41.2389380530973
EPI_ISL_8266|Human|H1N2|2003.079|NorthAmerica|seasonal,2003.079,-432,41.8289085545723,1695,1695,42.6548672566372,41.4159292035398
EPI_ISL_8263|Human|H1N2|2003.167|NorthAmerica|seasonal,2003.167,-432.1,41.8879056047198,1695,1695,42.6548672566372,41.5044247787611
EPI_ISL_8230|Human|H1N2|2003.041|NorthAmerica|seasonal,2003.041,-432.4,41.8289085545723,1695,1695,42.8318584070797,41.3274336283186
EPI_ISL_8229|Human|H1N2|2003.112|NorthAmerica|seasonal,2003.112,-431.1,41.7699115044248,1695,1695,42.6548672566372,41.3274336283186
EPI_ISL_8205|Human|H1N2|2003.107|NorthAmerica|seasonal,2003.107,-431,41.8879056047198,1695,1695,42.4778761061947,41.5929203539823
EPI_ISL_8702|Human|H1N2|2003.173|NorthAmerica|seasonal,2003.173,-432,41.7699115044248,1695,1695,42.6548672566372,41.3274336283186
EPI_ISL_8691|Human|H1N2|2003.033|NorthAmerica|seasonal,2003.033,-429.8,41.7109144542773,1695,1695,42.6548672566372,41.2389380530973
EPI_ISL_8653|Human|H1N2|2002.956|NorthAmerica|seasonal,2002.956,-431.7,41.8879056047198,1695,1695,42.6548672566372,41.5044247787611
EPI_ISL_8607|Human|H1N2|2003.099|NorthAmerica|seasonal,2003.099,-432,41.8289085545723,1695,1695,42.6548672566372,41.4159292035398
EPI_ISL_8997|Human|H1N2|2003.11|NorthAmerica|seasonal,2003.11,-429.5,41.7109144542773,1695,1695,42.4778761061947,41.3274336283186
EPI_ISL_8996|Human|H1N2|2003.071|NorthAmerica|seasonal,2003.071,-431.5,41.7699115044248,1695,1695,42.6548672566372,41.3274336283186
EPI_ISL_8970|Human|H1N2|2003.088|NorthAmerica|seasonal,2003.088,-429,41.6666666666667,1692,1692,42.3758865248227,41.3120567375887
EPI_ISL_8960|Human|H1N2|2003.326|NorthAmerica|seasonal,2003.326,-428.7,41.7109144542773,1695,1695,42.8318584070797,41.1504424778761
EPI_ISL_9052|Human|H1N2|2003|NorthAmerica|seasonal,2003,-429.1,41.7109144542773,1695,1695,42.4778761061947,41.3274336283186
EPI_ISL_9037|Human|H1N2|2003.077|NorthAmerica|seasonal,2003.077,-430.1,41.7699115044248,1695,1695,42.4778761061947,41.4159292035398
EPI_ISL_9881|Swine|H1N2|2003|NorthAmerica|,2003,-435.8,41.7699115044248,1695,1695,42.1238938053097,41.5929203539823
EPI_ISL_9538|Swine|H1N2|2004|Asia|,2004,-405.2,39.811542991755,1698,1698,36.7491166077738,41.3427561837456
EPI_ISL_13920|Swine|H1N2|2005|Asia|,2005,-401.3,39.5170789163722,1698,1698,34.6289752650177,41.9611307420495
EPI_ISL_15606|Human|H1N2|2003|Europe|seasonal,2003,-432,41.8289085545723,1695,1695,42.6548672566372,41.4159292035398
EPI_ISL_28433|Swine|H1N2|1980|Asia|,1980,-414.6,39.9882214369847,1698,1698,36.7491166077738,41.6077738515901
EPI_ISL_30055|Human|H1N2|2007.63|NorthAmerica|,2007.63,-426.6,41.1170528817588,1683,1683,40.6417112299465,41.3547237076649
EPI_ISL_29769|Swine|H1N2|2003.31|Asia|,2003.31,-414.3,39.8230088495575,1695,1698,36.7673179396092,41.3427561837456
EPI_ISL_88949|Swine|H1N2|1999.97|Asia|,1999.97,-401.7,39.5403653506187,1697,1698,36.6371681415929,40.9893992932862
EPI_ISL_88371|Swine|H1N2|2006.025|Asia|,2006.025,-432.1,41.283863368669,1698,1698,41.3427561837456,41.2544169611307
EPI_ISL_88362|Swine|H1N2|2004.784|Asia|,2004.784,-419.1,39.9645808736718,1694,1698,36.5896980461812,41.6445623342175
EPI_ISL_88357|Swine|H1N2|2004.21|Asia|,2004.21,-411.8,39.7050147492625,1695,1698,36.056838365897,41.5194346289753
EPI_ISL_88356|Swine|H1N2|2004.145|Asia|,2004.145,-404.3,39.9291199054932,1693,1698,36.9449378330373,41.4159292035398
EPI_ISL_88354|Swine|H1N2|2003.953|Asia|,2003.953,-412.8,39.9055489964581,1694,1698,36.6548042704626,41.5194346289753
EPI_ISL_88352|Swine|H1N2|2003.789|Asia|,2003.789,-413.8,39.882005899705,1695,1698,36.5896980461812,41.5194346289753
EPI_ISL_88350|Swine|H1N2|2003.616|Asia|,2003.616,-420.6,40.625,1696,1698,38.5840707964602,41.6445623342175
EPI_ISL_88349|Swine|H1N2|2003.521|Asia|,2003.521,-420.6,40.5070754716981,1696,1698,38.2300884955752,41.6445623342175
EPI_ISL_88343|Swine|H1N2|2002.688|Asia|,2002.688,-415.8,40.1533018867925,1696,1698,37.2340425531915,41.6077738515901
EPI_ISL_88342|Swine|H1N2|2002.614|Asia|,2002.614,-419.4,40.4004711425206,1698,1698,38.1625441696113,41.5194346289753
EPI_ISL_88338|Swine|H1N2|2002.055|Asia|,2002.055,-420,40.2826855123675,1698,1698,37.6325088339223,41.6077738515901
EPI_ISL_88330|Swine|H1N2|2001.389|Asia|,2001.389,-396.8,39.6582203889216,1697,1698,36.4601769911504,41.2544169611307
EPI_ISL_103792|Swine|H1N2|2007.915|Asia|,2007.915,-427.8,40.0471142520612,1698,1698,37.1024734982332,41.5194346289753
EPI_ISL_126261|Human|H1N2|2007.63|NorthAmerica|,2007.63,-422.6,40.8741878322504,1693,1695,40.4255319148936,41.0983170947741
EPI_ISL_96979|Swine|H1N2|2010.156|Asia|,2010.156,-413.54,40.1060070671378,1698,1698,37.6325088339223,41.3427561837456
EPI_ISL_96978|Swine|H1N2|2010.156|Asia|,2010.156,-413.54,40.1060070671378,1698,1698,37.6325088339223,41.3427561837456
EPI_ISL_96977|Swine|H1N2|2010.156|Asia|,2010.156,-413.54,40.1060070671378,1698,1698,37.6325088339223,41.3427561837456
EPI_ISL_96976|Swine|H1N2|2010.156|Asia|,2010.156,-413.54,40.1060070671378,1698,1698,37.6325088339223,41.3427561837456
EPI_ISL_96975|Swine|H1N2|2010.156|Asia|,2010.156,-413.84,40.1648998822144,1698,1698,37.6325088339223,41.4310954063604
EPI_ISL_99810|Human|H1N2|2011.841|NorthAmerica|,2011.841,-440.3,42.5368731563422,1695,1695,44.2477876106195,41.6814159292035
EPI_ISL_119366|Swine|H1N2|2011.071|NorthAmerica|,2011.071,-445.3,41.1660777385159,1698,1698,39.5759717314488,41.9611307420495
EPI_ISL_126260|Human|H1N2|2011.841|NorthAmerica|,2011.841,-440.3,42.5368731563422,1695,1695,44.2477876106195,41.6814159292035
EPI_ISL_129684|Human|H1N2|2012.653|NorthAmerica|,2012.653,-432.8,42.2418879056047,1695,1695,43.716814159292,41.5044247787611
EPI_ISL_181100|Swine|H1N2|2012.087|Asia|,2012.087,-425.6,40.9893992932862,1698,1698,42.0494699646643,40.4593639575972
EPI_ISL_181099|Swine|H1N2|2012.087|Asia|,2012.087,-425.5,41.0482921083628,1698,1698,42.0494699646643,40.547703180212
EPI_ISL_181098|Swine|H1N2|2012.087|Asia|,2012.087,-425.5,41.0482921083628,1698,1698,42.0494699646643,40.547703180212
EPI_ISL_181097|Swine|H1N2|2012.087|Asia|,2012.087,-425.5,41.1071849234393,1698,1698,42.226148409894,40.547703180212
EPI_ISL_281918|Swine|H1N2|2013.277|NorthAmerica|,2013.277,-419.4,40.4593639575972,1698,1698,37.6325088339223,41.8727915194346
EPI_ISL_505233|Swine|H1N2|2011.992|Europe|,2011.992,-437.7,40.75382803298,1698,1698,40.1060070671378,41.0777385159011
EPI_ISL_320690|Human|H1N2|2018.578|NorthAmerica|,2018.578,-422.7,40.353982300885,1695,1695,39.4690265486726,40.7964601769912
EPI_ISL_320687|Human|H1N2|2018.578|NorthAmerica|,2018.578,-422.7,40.353982300885,1695,1695,39.4690265486726,40.7964601769912
EPI_ISL_320686|Human|H1N2|2018.57|NorthAmerica|,2018.57,-422.7,40.353982300885,1695,1695,39.4690265486726,40.7964601769912
EPI_ISL_320688|Human|H1N2|2018.597|NorthAmerica|,2018.597,-420.9,40.353982300885,1695,1695,39.4690265486726,40.7964601769912
EPI_ISL_320689|Human|H1N2|2018.578|NorthAmerica|,2018.578,-419.5,40.353982300885,1695,1695,39.4690265486726,40.7964601769912
EPI_ISL_329970|Human|H1N2|2018.633|NorthAmerica|,2018.633,-422,40.4129793510324,1695,1695,39.646017699115,40.7964601769912
EPI_ISL_329967|Human|H1N2|2018.603|NorthAmerica|,2018.603,-420.9,40.353982300885,1695,1695,39.4690265486726,40.7964601769912
EPI_ISL_329969|Human|H1N2|2018.597|NorthAmerica|,2018.597,-421.4,40.4129793510324,1695,1695,39.646017699115,40.7964601769912
EPI_ISL_329968|Human|H1N2|2018.595|NorthAmerica|,2018.595,-421.4,40.4129793510324,1695,1695,39.646017699115,40.7964601769912
EPI_ISL_1897643|Human|H1N2|2021|NorthAmerica|,2021,-444.6,40.4255319148936,1692,1692,38.4751773049645,41.4007092198582
EPI_ISL_4106156|Human|H1N2|2021.627|Europe|,2021.627,-417.34,39.7868561278863,1689,1689,39.6092362344583,39.8756660746004
EPI_ISL_7334895|Human|H1N2|2021.721|NorthAmerica|,2021.721,-430.9,40.2949852507375,1695,1695,39.646017699115,40.6194690265487
EPI_ISL_10877204|Human|H1N2|2021.986|NorthAmerica|,2021.986,-446.6,41.016548463357,1692,1692,39.3617021276596,41.8439716312057
EPI_ISL_10864794|Human|H1N2|2021.986|NorthAmerica|,2021.986,-446.6,41.016548463357,1692,1692,39.3617021276596,41.8439716312057
EPI_ISL_223342|Human|H1N2|2015.904|SouthAmerica|,2015.904,-416.1,40.353982300885,1695,1695,40.1769911504425,40.4424778761062
EPI_ISL_700766|Swine|H1N2|2015.247|SouthAmerica|,2015.247,-406.25,40.2826855123675,1698,1698,38.5159010600707,41.1660777385159
EPI_ISL_700759|Swine|H1N2|2015.085|SouthAmerica|,2015.085,-408.4,40.2237926972909,1698,1698,38.339222614841,41.1660777385159
EPI_ISL_221825|Human|H1N2|2016.24|NorthAmerica|,2016.24,-441,40.48463356974,1692,1692,38.2978723404255,41.5780141843972
EPI_ISL_230639|Human|H1N2|2016.437|NorthAmerica|,2016.437,-445.2,42.0058997050147,1695,1695,42.6548672566372,41.6814159292035
EPI_ISL_230638|Human|H1N2|2016.265|NorthAmerica|,2016.265,-433.9,42.0058997050147,1695,1695,43.1858407079646,41.4159292035398
EPI_ISL_277244|Human|H1N2|2017.625|NorthAmerica|,2017.625,-438.5,40.23598820059,1695,1695,38.2300884955752,41.2389380530973
EPI_ISL_277243|Human|H1N2|2017.562|NorthAmerica|,2017.562,-436.4,40.48463356974,1692,1692,38.8297872340425,41.3120567375887
EPI_ISL_330080|Human|H1N2|2017.797|NorthAmerica|,2017.797,-435.9,41.8289085545723,1695,1695,43.1858407079646,41.1504424778761
EPI_ISL_6781349|Swine|H1N2|2020.454|Europe|,2020.454,-425.4,40.8127208480565,1698,1698,41.8727915194346,40.2826855123675
EPI_ISL_6781340|Swine|H1N2|2020.454|Europe|,2020.454,-427.7,40.8716136631331,1698,1698,42.0494699646643,40.2826855123675
EPI_ISL_1767|Swine|H4N6|1999|NorthAmerica|,1999,-460,43.7352245862884,1692,1692,45.2127659574468,42.9964539007092
EPI_ISL_163594|Seal|H4N6|2002.548|Europe|,2002.548,-461.1,43.4988179669031,1692,1692,44.6808510638298,42.9078014184397
EPI_ISL_163595|Seal|H4N6|2012.754|Europe|,2012.754,-464.5,43.5579196217494,1692,1692,44.6808510638298,42.9964539007092
EPI_ISL_213836|Swine|H4N6|2015.956|NorthAmerica|,2015.956,-462.4,43.2033096926714,1692,1692,44.6808510638298,42.4645390070922
EPI_ISL_4040|Swine|H3N3|2001|NorthAmerica|,2001,-459.8,42.9328621908127,1698,1698,42.9328621908127,42.9328621908127
EPI_ISL_4039|Swine|H3N3|2001|NorthAmerica|,2001,-459.8,42.9328621908127,1698,1698,42.9328621908127,42.9328621908127
EPI_ISL_12597|Human|H9N2|2000|Asia|,2000,-443.2,41.7857142857143,1680,1680,40.3571428571429,42.5
EPI_ISL_12580|Swine|H9N2|2005|Asia|,2005,-436.4,41.6666666666667,1680,1680,39.8214285714286,42.5892857142857
EPI_ISL_13020|Swine|H9N2|2005|Asia|,2005,-429.2,41.5476190476191,1680,1680,40,42.3214285714286
EPI_ISL_13023|Swine|H9N2|2005|Asia|,2005,-436.4,41.9047619047619,1680,1680,40.1785714285714,42.7678571428571
EPI_ISL_13022|Swine|H9N2|2005|Asia|,2005,-439.8,41.8452380952381,1680,1680,40,42.7678571428571
EPI_ISL_15584|Swine|H9N2|2004|Asia|,2004,-429.5,41.3095238095238,1680,1680,38.0357142857143,42.9464285714286
EPI_ISL_15583|Swine|H9N2|2004|Asia|,2004,-429.5,41.25,1680,1680,38.0357142857143,42.8571428571429
EPI_ISL_65625|Swine|H9N2|2004|Asia|,2004,-427.6,41.3095238095238,1680,1680,38.2142857142857,42.8571428571429
EPI_ISL_66541|Ferret|H9N2|2008|NorthAmerica|,2008,-452.4,42.5595238095238,1680,1680,39.6428571428571,44.0178571428571
EPI_ISL_67424|Swine|H9N2|2003|Asia|,2003,-442.6,42.1428571428571,1680,1680,40,43.2142857142857
EPI_ISL_81609|Swine|H9N2|2007.085|Asia|,2007.085,-438.9,41.7261904761905,1680,1680,39.6428571428571,42.7678571428571
EPI_ISL_81608|Swine|H9N2|2007.085|Asia|,2007.085,-437.2,41.7261904761905,1680,1680,39.6428571428571,42.7678571428571
EPI_ISL_81611|Swine|H9N2|2007.085|Asia|,2007.085,-439.7,41.7261904761905,1680,1680,39.6428571428571,42.7678571428571
EPI_ISL_81610|Swine|H9N2|2007.085|Asia|,2007.085,-432,41.6666666666667,1680,1680,39.6428571428571,42.6785714285714
EPI_ISL_84440|Swine|H9N2|2008.833|Asia|,2008.833,-395.6,41.130604288499,1539,1539,38.9863547758285,42.2027290448343
EPI_ISL_84439|Swine|H9N2|2008.749|Asia|,2008.749,-390.3,41.4554905782976,1539,1539,38.9863547758285,42.6900584795322
EPI_ISL_243355|Swine|H9N2|1998|Asia|,1998,-427.8,41.7575757575758,1650,1650,39.4545454545455,42.9090909090909
EPI_ISL_235799|Human|H9N2|2004.467|Asia|,2004.467,-451,41.7261904761905,1680,1680,39.4642857142857,42.8571428571429
EPI_ISL_235795|Swine|H9N2|2008.751|Asia|,2008.751,-447.3,41.6071428571429,1680,1680,39.6428571428571,42.5892857142857
EPI_ISL_235759|Ferret|H9N2|2008|NorthAmerica|,2008,-450.2,42.6190476190476,1680,1680,39.6428571428571,44.1071428571429
EPI_ISL_235751|Ferret|H9N2|2008|NorthAmerica|,2008,-452.1,42.6190476190476,1680,1680,39.6428571428571,44.1071428571429
EPI_ISL_379214|Swine|H9N2|1998|Asia|,1998,-436.1,41.6071428571429,1680,1680,39.2857142857143,42.7678571428571
EPI_ISL_93624|Canine|H9N2|2011|Asia|,2011,-419.8,40.5357142857143,1680,1680,37.8571428571429,41.875
EPI_ISL_103210|Equine|H9N2|2011.208|Asia|,2011.208,-422.2,40.6547619047619,1680,1680,38.0357142857143,41.9642857142857
EPI_ISL_140388|Human|H9N2|2011.153|Asia|,2011.153,-439.9,41.5476190476191,1680,1680,38.75,42.9464285714286
EPI_ISL_139173|Swine|H9N2|2009.781|Asia|,2009.781,-427.7,41.1904761904762,1680,1680,39.2857142857143,42.1428571428571
EPI_ISL_139172|Swine|H9N2|2009.499|Asia|,2009.499,-453.4,41.4880952380952,1680,1680,40.1785714285714,42.1428571428571
EPI_ISL_179451|Swine|H9N2|2010.079|Asia|,2010.079,-447,41.5476190476191,1680,1680,39.8214285714286,42.4107142857143
EPI_ISL_229212|Swine|H9N2|2012.721|Asia|,2012.721,-447.1,42.3809523809524,1680,1680,41.7857142857143,42.6785714285714
EPI_ISL_235736|Ferret|H9N2|2012|NorthAmerica|,2012,-459.1,41.9047619047619,1680,1680,40.1785714285714,42.7678571428571
EPI_ISL_330737|Human|H9N2|2018.003|Asia|,2018.003,-438.4,41.9642857142857,1680,1680,40.7142857142857,42.5892857142857
EPI_ISL_337277|Human|H9N2|2018.06|Asia|,2018.06,-434.1,40.7142857142857,1680,1680,38.3928571428571,41.875
EPI_ISL_337279|Human|H9N2|2017.904|Asia|,2017.904,-451.4,41.6666666666667,1680,1680,39.2857142857143,42.8571428571429
EPI_ISL_345234|Human|H9N2|2018.797|Asia|,2018.797,-432.1,41.5476190476191,1680,1680,40.1785714285714,42.2321428571429
EPI_ISL_345235|Human|H9N2|2018.775|Asia|,2018.775,-432.6,41.25,1680,1680,39.4642857142857,42.1428571428571
EPI_ISL_345236|Human|H9N2|2018.907|Asia|,2018.907,-445.4,42.1428571428571,1680,1680,40.1785714285714,43.125
EPI_ISL_3246989|Human|H9N2|2021.419|Asia|,2021.419,-433.3,41.3095238095238,1680,1680,39.1071428571429,42.4107142857143
EPI_ISL_2991499|Human|H9N2|2021.416|Asia|,2021.416,-433.3,41.3095238095238,1680,1680,39.1071428571429,42.4107142857143
EPI_ISL_3247000|Human|H9N2|2021.088|Asia|,2021.088,-412.6,39.8809523809524,1680,1680,36.25,41.6964285714286
EPI_ISL_3246991|Human|H9N2|2021.304|Asia|,2021.304,-422.5,40.8333333333333,1680,1680,38.5714285714286,41.9642857142857
EPI_ISL_3246998|Human|H9N2|2021.11|Asia|,2021.11,-421.7,40.7142857142857,1680,1680,37.8571428571429,42.1428571428571
EPI_ISL_3247002|Human|H9N2|2021.008|Asia|,2021.008,-438.3,41.0714285714286,1680,1680,39.1071428571429,42.0535714285714
EPI_ISL_3247004|Human|H9N2|2021.071|Asia|,2021.071,-419.5,41.1309523809524,1680,1680,38.9285714285714,42.2321428571429
EPI_ISL_3247005|Human|H9N2|2021.047|Asia|,2021.047,-429.1,40.8333333333333,1680,1680,38.3928571428571,42.0535714285714
EPI_ISL_3246990|Human|H9N2|2021.321|Asia|,2021.321,-443.8,41.5476190476191,1680,1680,38.9285714285714,42.8571428571429
EPI_ISL_153064|Human|H9N2|2013.989|Asia|,2013.989,-450.4,41.4880952380952,1680,1680,40.3571428571429,42.0535714285714
EPI_ISL_174274|Ferret|H9N2|2013.677|Asia|,2013.677,-449,41.7261904761905,1680,1680,40.3571428571429,42.4107142857143
EPI_ISL_203644|Human|H9N2|2015.668|Asia|,2015.668,-442.4,41.6666666666667,1680,1680,40.1785714285714,42.4107142857143
EPI_ISL_206451|Human|H9N2|2015.101|Asia|,2015.101,-441,41.5476190476191,1680,1680,39.8214285714286,42.4107142857143
EPI_ISL_234468|Human|H9N2|2015.912|Asia|,2015.912,-442.4,41.6666666666667,1680,1680,40.1785714285714,42.4107142857143
EPI_ISL_282910|Ferret|H9N2|2014.967|Asia|,2014.967,-432.4,41.0714285714286,1680,1680,39.4642857142857,41.875
EPI_ISL_282909|Ferret|H9N2|2014.967|Asia|,2014.967,-438,41.3095238095238,1680,1680,40.3571428571429,41.7857142857143
EPI_ISL_378687|Ferret|H9N2|2015.526|Asia|,2015.526,-448.3,41.5476190476191,1680,1680,40.3571428571429,42.1428571428571
EPI_ISL_378686|Ferret|H9N2|2015.471|Asia|,2015.471,-450.6,41.6666666666667,1680,1680,40.7142857142857,42.1428571428571
EPI_ISL_378685|Ferret|H9N2|2015.452|Asia|,2015.452,-441.2,41.4285714285714,1680,1680,40.1785714285714,42.0535714285714
EPI_ISL_378684|Ferret|H9N2|2015.427|Asia|,2015.427,-442.1,41.4880952380952,1680,1680,40.1785714285714,42.1428571428571
EPI_ISL_378683|Ferret|H9N2|2015.375|Asia|,2015.375,-448.9,41.7857142857143,1680,1680,40.7142857142857,42.3214285714286
EPI_ISL_378682|Ferret|H9N2|2015.353|Asia|,2015.353,-448.9,41.7857142857143,1680,1680,40.7142857142857,42.3214285714286
EPI_ISL_381335|Swine|H9N2|2015.375|Asia|,2015.375,-449.5,41.4880952380952,1680,1680,40.5357142857143,41.9642857142857
EPI_ISL_379943|Ferret|H9N2|2014.967|Asia|,2014.967,-432.4,41.0119047619048,1680,1680,39.2857142857143,41.875
EPI_ISL_253028|Human|H9N2|2016.454|Asia|,2016.454,-436.1,41.4880952380952,1680,1680,39.4642857142857,42.5
EPI_ISL_285482|Human|H9N2|2017.321|Asia|,2017.321,-446.2,41.5476190476191,1680,1680,40.7142857142857,41.9642857142857
EPI_ISL_285481|Human|H9N2|2016.945|Asia|,2016.945,-446.3,41.4285714285714,1680,1680,40.5357142857143,41.875
EPI_ISL_337281|Human|H9N2|2017.712|Asia|,2017.712,-449.9,41.6319237641453,1679,1680,39.1771019677996,42.8571428571429
EPI_ISL_353983|Human|H9N2|2019.216|Asia|,2019.216,-436.1,41.870160810006,1679,1680,38.0357142857143,43.7890974084004
EPI_ISL_395069|Human|H9N2|2019.214|Asia|,2019.214,-465.5,42.5,1680,1680,42.6785714285714,42.4107142857143
EPI_ISL_407978|Human|H9N2|2019.844|Asia|,2019.844,-440.6,41.9642857142857,1680,1680,40.3571428571429,42.7678571428571
EPI_ISL_410990|Human|H9N2|2019.096|Asia|,2019.096,-423.2,40.9523809523809,1680,1680,38.5714285714286,42.1428571428571
EPI_ISL_447901|Human|H9N2|2020.232|Asia|,2020.232,-459.2,42.1428571428571,1680,1680,40,43.2142857142857
EPI_ISL_504875|Human|H9N2|2019.088|Asia|,2019.088,-438.4,41.3095238095238,1680,1680,38.75,42.5892857142857
EPI_ISL_503942|Swine|H9N2|2019.247|Asia|,2019.247,-450.7,41.9047619047619,1680,1680,41.25,42.2321428571429
EPI_ISL_548683|Human|H9N2|2020.224|Asia|,2020.224,-459.2,42.1428571428571,1680,1680,40,43.2142857142857
EPI_ISL_548680|Human|H9N2|2020.342|Asia|,2020.342,-426.6,41.0119047619048,1680,1680,38.5714285714286,42.2321428571429
EPI_ISL_548682|Human|H9N2|2020.303|Asia|,2020.303,-449.1,42.1428571428571,1680,1680,40.3571428571429,43.0357142857143
EPI_ISL_696559|Human|H9N2|2019.162|Asia|,2019.162,-465.5,42.5,1680,1680,42.6785714285714,42.4107142857143
EPI_ISL_5873|Human|H7N3|2004.358|NorthAmerica|,2004.358,-466.7,43.6213991769547,1701,1701,41.2698412698413,44.7971781305115
EPI_ISL_128317|Human|H7N3|2012.519|NorthAmerica|,2012.519,-458.6,43.4859154929577,1704,1704,39.9647887323944,45.2464788732394
EPI_ISL_9542|Swine|H3N1|2004|NorthAmerica|,2004,-431.4,42.3099587507366,1697,1698,43.6395759717314,41.6445623342175
EPI_ISL_10547|Swine|H3N1|2006|Asia|,2006,-439.5,42.4617196702002,1698,1698,43.4628975265018,41.9611307420495
EPI_ISL_10546|Swine|H3N1|2006|Asia|,2006,-439.5,42.4617196702002,1698,1698,43.4628975265018,41.9611307420495
EPI_ISL_150871|Swine|H3N1|2007.814|NorthAmerica|,2007.814,-432.5,42.4617196702002,1698,1698,43.6395759717314,41.8727915194346
EPI_ISL_90108|Canine|H3N1|2010.096|Asia|,2010.096,-458.7,42.756183745583,1698,1698,43.8162544169611,42.226148409894
EPI_ISL_142698|Swine|H3N1|2012.101|Asia|,2012.101,-426.5,42.2850412249706,1698,1698,43.6395759717314,41.6077738515901
EPI_ISL_167145|Canine|H3N1|2012.197|Asia|,2012.197,-458,42.756183745583,1698,1698,43.9929328621908,42.1378091872792
EPI_ISL_181096|Swine|H3N1|2012.087|Asia|,2012.087,-447.5,42.756183745583,1698,1698,43.9929328621908,42.1378091872792
EPI_ISL_303866|Swine|H3N1|2018.019|NorthAmerica|,2018.019,-443,41.7796110783736,1697,1698,43.0088495575221,41.1660777385159
EPI_ISL_4082025|Swine|H3N1|2021.115|NorthAmerica|,2021.115,-426.7,41.5439010017678,1697,1698,42.0494699646643,41.2908930150309
EPI_ISL_167983|Swine|H3N1|2014.707|NorthAmerica|,2014.707,-426.8,41.9316843345112,1698,1698,42.9328621908127,41.4310954063604
EPI_ISL_245576|Swine|H3N1|2016.822|NorthAmerica|,2016.822,-437.5,41.7550058892815,1698,1698,42.5795053003534,41.3427561837456
EPI_ISL_252810|Swine|H3N1|2016.907|NorthAmerica|,2016.907,-439.8,41.7550058892815,1698,1698,42.756183745583,41.2544169611307
EPI_ISL_252696|Swine|H3N1|2016.91|NorthAmerica|,2016.91,-436,41.5783274440518,1698,1698,42.4028268551237,41.1660777385159
EPI_ISL_501277|Swine|H3N1|2020.057|NorthAmerica|,2020.057,-445.6,41.8138987043581,1698,1698,42.4028268551237,41.5194346289753
EPI_ISL_503900|Swine|H3N1|2020.134|NorthAmerica|,2020.134,-414,41.6028285209193,1697,1698,42.1238938053097,41.3427561837456
EPI_ISL_707020|Swine|H3N1|2020.533|NorthAmerica|,2020.533,-435.3,41.8727915194346,1698,1698,42.4028268551237,41.6077738515901
EPI_ISL_697745|Swine|H3N1|2020.77|NorthAmerica|,2020.77,-441.7,41.9316843345112,1698,1698,43.1095406360424,41.3427561837456
EPI_ISL_16424|Human|H7N2|2003|NorthAmerica|,2003,-447.3,42.5724637681159,1656,1656,39.4927536231884,44.1123188405797
EPI_ISL_85566|Swine|H7N2|2001|Asia|,2001,-449.1,43.5714285714286,1680,1680,42.1428571428571,44.2857142857143
EPI_ISL_253575|Human|H7N2|2016.964|NorthAmerica|,2016.964,-444.1,41.1231884057971,1656,1656,36.7753623188406,43.2971014492754
EPI_ISL_260817|Feline|H7N2|2016.929|NorthAmerica|,2016.929,-444.1,41.1231884057971,1656,1656,36.7753623188406,43.2971014492754
EPI_ISL_283470|Feline|H7N2|2016|NorthAmerica|,2016,-445,41.4251207729469,1656,1656,37.1376811594203,43.5688405797101
EPI_ISL_283469|Feline|H7N2|2016|NorthAmerica|,2016,-445,41.4251207729469,1656,1656,37.1376811594203,43.5688405797101
EPI_ISL_283468|Feline|H7N2|2016|NorthAmerica|,2016,-444.2,41.3647342995169,1656,1656,37.1376811594203,43.4782608695652
EPI_ISL_283467|Feline|H7N2|2016|NorthAmerica|,2016,-441.7,41.4251207729469,1656,1656,37.1376811594203,43.5688405797101
EPI_ISL_283466|Feline|H7N2|2016|NorthAmerica|,2016,-445,41.4251207729469,1656,1656,37.1376811594203,43.5688405797101
EPI_ISL_26266|Ferret|H10N4|1984.749|Europe|,1984.749,-432.5,42.7213309566251,1683,1683,40.6417112299465,43.7611408199644
EPI_ISL_28757|Swine|H5N2|2008|Asia|,2008,-441.8,41.8439716312057,1692,1692,43.6170212765958,40.9574468085106
EPI_ISL_28756|Swine|H5N2|2008|Asia|,2008,-437.9,41.8439716312057,1692,1692,43.6170212765958,40.9574468085106
EPI_ISL_234382|Swine|H5N2|2014.792|NorthAmerica|,2014.792,-424.3,41.3120567375887,1692,1692,42.5531914893617,40.6914893617021
EPI_ISL_378722|Swine|H5N2|2015.745|NorthAmerica|,2015.745,-424.3,41.3120567375887,1692,1692,42.5531914893617,40.6914893617021
EPI_ISL_80217|Swine|H11N6|2001|Asia|,2001,-437.7,40.5309734513274,1695,1695,38.2300884955752,41.6814159292035
EPI_ISL_129071|Swine|H10N5|2008.328|Asia|,2008.328,-448.7,43.3155080213904,1683,1683,42.602495543672,43.6720142602496
EPI_ISL_170528|Swine|H3N6|1985|Asia|,1985,-476.6,44.4640753828033,1698,1698,47.3498233215548,43.0212014134276
EPI_ISL_89164|Swine|H6N6|2010.044|Asia|,2010.044,-429.5,40.75382803298,1698,1698,37.2791519434629,42.4911660777385
EPI_ISL_139117|Swine|H6N6|2009|Asia|,2009,-423.7,41.3427561837456,1698,1698,37.8091872791519,43.1095406360424
EPI_ISL_127501|Swine|H4N8|2011.803|Asia|,2011.803,-472.3,44.0307328605201,1692,1692,46.0992907801418,42.9964539007092
EPI_ISL_138977|Human|H7N9|2013.225|Asia|,2013.225,-434.1,42.0238095238095,1680,1680,36.6071428571429,44.7321428571429
EPI_ISL_138739|Human|H7N9|2013.214|Asia|,2013.214,-438.9,42.0238095238095,1680,1680,36.4285714285714,44.8214285714286
EPI_ISL_138738|Human|H7N9|2013.173|Asia|,2013.173,-438.9,41.9642857142857,1680,1680,36.25,44.8214285714286
EPI_ISL_138737|Human|H7N9|2013.153|Asia|,2013.153,-438.8,42.0833333333333,1680,1680,36.6071428571429,44.8214285714286
EPI_ISL_139904|Human|H7N9|2013.274|Asia|,2013.274,-439.9,42.1428571428571,1680,1680,36.7857142857143,44.8214285714286
EPI_ISL_139903|Human|H7N9|2013.274|Asia|,2013.274,-438.9,41.9642857142857,1680,1680,36.4285714285714,44.7321428571429
EPI_ISL_139499|Human|H7N9|2013.249|Asia|,2013.249,-442.4,42.0238095238095,1680,1680,36.6071428571429,44.7321428571429
EPI_ISL_139498|Human|H7N9|2013.227|Asia|,2013.227,-435.9,42.0238095238095,1680,1680,36.4285714285714,44.8214285714286
EPI_ISL_139653|Human|H7N9|2013.252|Asia|,2013.252,-438.9,42.0238095238095,1680,1680,36.4285714285714,44.8214285714286
EPI_ISL_139652|Human|H7N9|2013.225|Asia|,2013.225,-434.1,42.0238095238095,1680,1680,36.6071428571429,44.7321428571429
EPI_ISL_140356|Human|H7N9|2013.31|Asia|,2013.31,-439.7,42.2023809523809,1680,1680,36.9642857142857,44.8214285714286
EPI_ISL_139364|Human|H7N9|2013.252|Asia|,2013.252,-438.9,42.0238095238095,1680,1680,36.4285714285714,44.8214285714286
EPI_ISL_139651|Human|H7N9|2013.227|Asia|,2013.227,-434.1,42.0238095238095,1680,1680,36.6071428571429,44.7321428571429
EPI_ISL_139650|Human|H7N9|2013.184|Asia|,2013.184,-440.2,42.0833333333333,1680,1680,36.6071428571429,44.8214285714286
EPI_ISL_139649|Human|H7N9|2013.156|Asia|,2013.156,-440.7,42.0833333333333,1680,1680,36.4285714285714,44.9107142857143
EPI_ISL_140924|Human|H7N9|2013.173|Asia|,2013.173,-442.6,42.0238095238095,1680,1680,36.0714285714286,45
EPI_ISL_141191|Human|H7N9|2013.301|Asia|,2013.301,-438.9,42.0238095238095,1680,1680,36.4285714285714,44.8214285714286
EPI_ISL_141190|Human|H7N9|2013.282|Asia|,2013.282,-438.9,41.9642857142857,1680,1680,36.4285714285714,44.7321428571429
EPI_ISL_141188|Human|H7N9|2013.269|Asia|,2013.269,-438.9,42.0238095238095,1680,1680,36.4285714285714,44.8214285714286
EPI_ISL_141187|Human|H7N9|2013.274|Asia|,2013.274,-438.9,41.9642857142857,1680,1680,36.4285714285714,44.7321428571429
EPI_ISL_141186|Human|H7N9|2013.252|Asia|,2013.252,-439.1,42.0833333333333,1680,1680,36.4285714285714,44.9107142857143
EPI_ISL_141185|Human|H7N9|2013.271|Asia|,2013.271,-440.8,42.0833333333333,1680,1680,36.6071428571429,44.8214285714286
EPI_ISL_141184|Human|H7N9|2013.266|Asia|,2013.266,-438.8,42.0488385944014,1679,1680,36.6071428571429,44.7721179624665
EPI_ISL_141183|Human|H7N9|2013.312|Asia|,2013.312,-436.1,41.9047619047619,1680,1680,36.0714285714286,44.8214285714286
EPI_ISL_141182|Human|H7N9|2013.31|Asia|,2013.31,-439.7,41.9047619047619,1680,1680,36.0714285714286,44.8214285714286
EPI_ISL_141181|Human|H7N9|2013.31|Asia|,2013.31,-438,41.9642857142857,1680,1680,36.25,44.8214285714286
EPI_ISL_141180|Human|H7N9|2013.307|Asia|,2013.307,-438.9,42.0238095238095,1680,1680,36.4285714285714,44.8214285714286
EPI_ISL_141179|Human|H7N9|2013.301|Asia|,2013.301,-438,41.9642857142857,1680,1680,36.25,44.8214285714286
EPI_ISL_141178|Human|H7N9|2013.288|Asia|,2013.288,-438.5,41.9642857142857,1680,1680,36.25,44.8214285714286
EPI_ISL_141177|Human|H7N9|2013.271|Asia|,2013.271,-440.3,41.9047619047619,1680,1680,36.25,44.7321428571429
EPI_ISL_141176|Human|H7N9|2013.269|Asia|,2013.269,-441.3,42.0238095238095,1680,1680,36.4285714285714,44.8214285714286
EPI_ISL_141175|Human|H7N9|2013.252|Asia|,2013.252,-438.9,42.0238095238095,1680,1680,36.4285714285714,44.8214285714286
EPI_ISL_141174|Human|H7N9|2013.266|Asia|,2013.266,-437.8,42.0833333333333,1680,1680,36.6071428571429,44.8214285714286
EPI_ISL_141173|Human|H7N9|2013.263|Asia|,2013.263,-439.9,42.1428571428571,1680,1680,36.7857142857143,44.8214285714286
EPI_ISL_141172|Human|H7N9|2013.252|Asia|,2013.252,-438.4,42.0833333333333,1680,1680,36.6071428571429,44.8214285714286
EPI_ISL_141171|Human|H7N9|2013.271|Asia|,2013.271,-437.1,42.0833333333333,1680,1680,36.6071428571429,44.8214285714286
EPI_ISL_141170|Human|H7N9|2013.271|Asia|,2013.271,-434.1,42.0238095238095,1680,1680,36.6071428571429,44.7321428571429
EPI_ISL_141169|Human|H7N9|2013.271|Asia|,2013.271,-438.9,42.0238095238095,1680,1680,36.4285714285714,44.8214285714286
EPI_ISL_141168|Human|H7N9|2013.271|Asia|,2013.271,-438.9,41.9892793329363,1679,1680,36.4285714285714,44.7721179624665
EPI_ISL_141167|Human|H7N9|2013.269|Asia|,2013.269,-439.7,41.9642857142857,1680,1680,36.25,44.8214285714286
EPI_ISL_141166|Human|H7N9|2013.271|Asia|,2013.271,-438.4,42.0833333333333,1680,1680,36.6071428571429,44.8214285714286
EPI_ISL_141165|Human|H7N9|2013.277|Asia|,2013.277,-436.4,42.1428571428571,1680,1680,36.6071428571429,44.9107142857143
EPI_ISL_141164|Human|H7N9|2013.258|Asia|,2013.258,-438.9,41.9642857142857,1680,1680,36.4285714285714,44.7321428571429
EPI_ISL_141163|Human|H7N9|2013.26|Asia|,2013.26,-440.4,42.0238095238095,1680,1680,36.6071428571429,44.7321428571429
EPI_ISL_141162|Human|H7N9|2013.244|Asia|,2013.244,-438,41.9642857142857,1680,1680,36.4285714285714,44.7321428571429
EPI_ISL_141160|Human|H7N9|2013.208|Asia|,2013.208,-438,41.9642857142857,1680,1680,36.25,44.8214285714286
EPI_ISL_141159|Human|H7N9|2013.249|Asia|,2013.249,-440.2,42.1428571428571,1680,1680,36.25,45.0892857142857
EPI_ISL_141158|Human|H7N9|2013.241|Asia|,2013.241,-441.3,41.9642857142857,1680,1680,36.4285714285714,44.7321428571429
EPI_ISL_141776|Human|H7N9|2013.296|Asia|,2013.296,-438.9,42.0238095238095,1680,1680,36.4285714285714,44.8214285714286
EPI_ISL_141775|Human|H7N9|2013.291|Asia|,2013.291,-438.9,42.0238095238095,1680,1680,36.4285714285714,44.8214285714286
EPI_ISL_141601|Human|H7N9|2013.315|Asia|,2013.315,-437.6,42.0238095238095,1680,1680,36.25,44.9107142857143
EPI_ISL_141856|Human|H7N9|2013.173|Asia|,2013.173,-442.6,41.9892793329363,1679,1680,35.9570661896243,45
EPI_ISL_141437|Human|H7N9|2013.173|Asia|,2013.173,-438.9,41.9642857142857,1680,1680,36.25,44.8214285714286
EPI_ISL_142073|Human|H7N9|2013.329|Asia|,2013.329,-147.23,41.0404624277457,692,1680,39.3939393939394,41.8655097613883
EPI_ISL_142188|Human|H7N9|2013.304|Asia|,2013.304,-437.7,42.451690821256,1656,1656,36.9565217391304,45.1992753623188
EPI_ISL_142187|Human|H7N9|2013.304|Asia|,2013.304,-432.3,42.3800850030358,1647,1647,36.7941712204007,45.1730418943534
EPI_ISL_142305|Human|H7N9|2013.236|Asia|,2013.236,-441.3,41.9642857142857,1680,1680,36.4285714285714,44.7321428571429
EPI_ISL_142231|Human|H7N9|2013.247|Asia|,2013.247,-442.4,42.0238095238095,1680,1680,36.6071428571429,44.7321428571429
EPI_ISL_142859|Human|H7N9|2013.247|Asia|,2013.247,-436.6,41.9642857142857,1680,1680,36.4285714285714,44.7321428571429
EPI_ISL_142858|Human|H7N9|2013.321|Asia|,2013.321,-438,41.9642857142857,1680,1680,36.25,44.8214285714286
EPI_ISL_143663|Human|H7N9|2013.296|Asia|,2013.296,-436.7,41.7857142857143,1680,1680,36.0714285714286,44.6428571428571
EPI_ISL_143658|Human|H7N9|2013.269|Asia|,2013.269,-437.6,42.0238095238095,1680,1680,36.25,44.9107142857143
EPI_ISL_143664|Human|H7N9|2013.312|Asia|,2013.312,-437.7,42.0238095238095,1680,1680,36.4285714285714,44.8214285714286
EPI_ISL_143556|Human|H7N9|2013.31|Asia|,2013.31,-438,41.9642857142857,1680,1680,36.25,44.8214285714286
EPI_ISL_146161|Human|H7N9|2013.299|Asia|,2013.299,-441.3,41.9642857142857,1680,1680,36.4285714285714,44.7321428571429
EPI_ISL_145654|Human|H7N9|2013.249|Asia|,2013.249,-440.4,42.0833333333333,1680,1680,36.6071428571429,44.8214285714286
EPI_ISL_145652|Human|H7N9|2013.244|Asia|,2013.244,-435,41.9642857142857,1680,1680,36.25,44.8214285714286
EPI_ISL_145651|Human|H7N9|2013.244|Asia|,2013.244,-438,41.9642857142857,1680,1680,36.4285714285714,44.7321428571429
EPI_ISL_146437|Human|H7N9|2013.299|Asia|,2013.299,-441.3,41.9642857142857,1680,1680,36.4285714285714,44.7321428571429
EPI_ISL_146436|Human|H7N9|2013.299|Asia|,2013.299,-435.5,42.1052631578947,1672,1680,36.6247755834829,44.8430493273543
EPI_ISL_148697|Human|H7N9|2013.323|Asia|,2013.323,-436.1,41.9047619047619,1680,1680,36.0714285714286,44.8214285714286
EPI_ISL_148696|Human|H7N9|2013.219|Asia|,2013.219,-438,41.9642857142857,1680,1680,36.25,44.8214285714286
EPI_ISL_153078|Human|H7N9|2013.312|Asia|,2013.312,-441.3,41.9642857142857,1680,1680,36.0714285714286,44.9107142857143
EPI_ISL_153013|Human|H7N9|2013.28|Asia|,2013.28,-439.8,42.0238095238095,1680,1680,36.6071428571429,44.7321428571429
EPI_ISL_153012|Human|H7N9|2013.277|Asia|,2013.277,-437.6,42.0238095238095,1680,1680,36.25,44.9107142857143
EPI_ISL_153011|Human|H7N9|2013.274|Asia|,2013.274,-437.1,41.9642857142857,1680,1680,36.4285714285714,44.7321428571429
EPI_ISL_153010|Human|H7N9|2013.269|Asia|,2013.269,-440.8,42.0833333333333,1680,1680,36.6071428571429,44.8214285714286
EPI_ISL_153009|Human|H7N9|2013.263|Asia|,2013.263,-438.1,41.9642857142857,1680,1680,36.4285714285714,44.7321428571429
EPI_ISL_153008|Human|H7N9|2013.263|Asia|,2013.263,-438.1,42.0238095238095,1680,1680,36.4285714285714,44.8214285714286
EPI_ISL_153007|Human|H7N9|2013.263|Asia|,2013.263,-438.9,42.0238095238095,1680,1680,36.6071428571429,44.7321428571429
EPI_ISL_153004|Human|H7N9|2013.263|Asia|,2013.263,-438.9,42.1428571428571,1680,1680,36.7857142857143,44.8214285714286
EPI_ISL_153003|Human|H7N9|2013.258|Asia|,2013.258,-437.4,41.9642857142857,1680,1680,36.4285714285714,44.7321428571429
EPI_ISL_155653|Human|H7N9|2013.329|Asia|,2013.329,-444.8,42.2023809523809,1680,1680,36.9642857142857,44.8214285714286
EPI_ISL_157292|Human|H7N9|2013.318|Asia|,2013.318,-439.6,42.0833333333333,1680,1680,36.4285714285714,44.9107142857143
EPI_ISL_157290|Human|H7N9|2013.332|Asia|,2013.332,-436.5,42.0238095238095,1680,1680,36.0714285714286,45
EPI_ISL_157289|Human|H7N9|2013.323|Asia|,2013.323,-436.5,42.0238095238095,1680,1680,36.0714285714286,45
EPI_ISL_157288|Human|H7N9|2013.318|Asia|,2013.318,-438.9,42.0238095238095,1680,1680,36.4285714285714,44.8214285714286
EPI_ISL_157287|Human|H7N9|2013.247|Asia|,2013.247,-438,41.9642857142857,1680,1680,36.25,44.8214285714286
EPI_ISL_157286|Human|H7N9|2013.4|Asia|,2013.4,-439.7,42.2619047619048,1680,1680,36.9642857142857,44.9107142857143
EPI_ISL_157285|Human|H7N9|2013.323|Asia|,2013.323,-436.6,41.9642857142857,1680,1680,36.4285714285714,44.7321428571429
EPI_ISL_157284|Human|H7N9|2013.307|Asia|,2013.307,-437.8,41.9642857142857,1680,1680,36.25,44.8214285714286
EPI_ISL_163709|Human|H7N9|2013.288|Asia|,2013.288,-438.9,42.0238095238095,1680,1680,36.4285714285714,44.8214285714286
EPI_ISL_163708|Human|H7N9|2013.31|Asia|,2013.31,-438.5,42.0238095238095,1680,1680,36.6071428571429,44.7321428571429
EPI_ISL_163707|Human|H7N9|2013.288|Asia|,2013.288,-438.9,42.0238095238095,1680,1680,36.4285714285714,44.8214285714286
EPI_ISL_163705|Human|H7N9|2013.247|Asia|,2013.247,-440.2,41.9642857142857,1680,1680,36.4285714285714,44.7321428571429
EPI_ISL_163704|Human|H7N9|2013.266|Asia|,2013.266,-438.9,41.9642857142857,1680,1680,36.4285714285714,44.7321428571429
EPI_ISL_163703|Human|H7N9|2013.222|Asia|,2013.222,-440.6,42.0833333333333,1680,1680,36.4285714285714,44.9107142857143
EPI_ISL_163702|Human|H7N9|2013.274|Asia|,2013.274,-439.9,42.1428571428571,1680,1680,36.7857142857143,44.8214285714286
EPI_ISL_163701|Human|H7N9|2013.26|Asia|,2013.26,-438.9,42.0833333333333,1680,1680,36.6071428571429,44.8214285714286
EPI_ISL_163700|Human|H7N9|2013.274|Asia|,2013.274,-440.6,42.0238095238095,1680,1680,36.4285714285714,44.8214285714286
EPI_ISL_163699|Human|H7N9|2013.26|Asia|,2013.26,-442.4,42.0238095238095,1680,1680,36.6071428571429,44.7321428571429
EPI_ISL_163698|Human|H7N9|2013.249|Asia|,2013.249,-442.4,42.0238095238095,1680,1680,36.6071428571429,44.7321428571429
EPI_ISL_163697|Human|H7N9|2013.277|Asia|,2013.277,-440.1,42.0238095238095,1680,1680,36.25,44.9107142857143
EPI_ISL_163696|Human|H7N9|2013.26|Asia|,2013.26,-438.6,42.2619047619048,1680,1680,37.1428571428571,44.8214285714286
EPI_ISL_163695|Human|H7N9|2013.28|Asia|,2013.28,-438.9,42.0238095238095,1680,1680,36.4285714285714,44.8214285714286
EPI_ISL_163694|Human|H7N9|2013.277|Asia|,2013.277,-438.9,42.0238095238095,1680,1680,36.4285714285714,44.8214285714286
EPI_ISL_163693|Human|H7N9|2013.252|Asia|,2013.252,-438.9,42.0833333333333,1680,1680,36.6071428571429,44.8214285714286
EPI_ISL_163692|Human|H7N9|2013.277|Asia|,2013.277,-440.1,41.9642857142857,1680,1680,36.4285714285714,44.7321428571429
EPI_ISL_166490|Human|H7N9|2013.291|Asia|,2013.291,-440.2,42.0833333333333,1680,1680,36.6071428571429,44.8214285714286
EPI_ISL_173625|Human|H7N9|2013.173|Asia|,2013.173,-438.9,41.9642857142857,1680,1680,36.25,44.8214285714286
EPI_ISL_177875|Human|H7N9|2013.255|Asia|,2013.255,-438.4,42.0833333333333,1680,1680,36.6071428571429,44.8214285714286
EPI_ISL_220945|Human|H7N9|2013.315|Asia|,2013.315,-435.2,41.7857142857143,1680,1680,36.25,44.5535714285714
EPI_ISL_252548|Human|H7N9|2013.156|Asia|,2013.156,-438.6,41.9642857142857,1680,1680,36.25,44.8214285714286
EPI_ISL_379594|Human|H7N9|2013.249|Asia|,2013.249,-440,41.9642857142857,1680,1680,36.4285714285714,44.7321428571429
EPI_ISL_325939|Human|H7N9|2018.025|Asia|,2018.025,-439.4,42.4404761904762,1680,1680,38.2142857142857,44.5535714285714
EPI_ISL_337278|Human|H7N9|2017.91|Asia|,2017.91,-441.7,42.25768321513,1692,1692,37.0567375886525,44.8581560283688
EPI_ISL_372783|Human|H7N9|2018.315|Asia|,2018.315,-444.8,42.3327412670219,1689,1689,37.1225577264654,44.9378330373002
EPI_ISL_154134|Human|H7N9|2014.06|Asia|,2014.06,-434.8,41.9047619047619,1680,1680,36.25,44.7321428571429
EPI_ISL_154133|Human|H7N9|2014.06|Asia|,2014.06,-434.8,41.9047619047619,1680,1680,36.25,44.7321428571429
EPI_ISL_154132|Human|H7N9|2014.06|Asia|,2014.06,-434.8,41.9047619047619,1680,1680,36.25,44.7321428571429
EPI_ISL_154131|Human|H7N9|2014.052|Asia|,2014.052,-434.8,41.9047619047619,1680,1680,36.25,44.7321428571429
EPI_ISL_148728|Human|H7N9|2013.784|Asia|,2013.784,-433.1,41.9047619047619,1680,1680,36.0714285714286,44.8214285714286
EPI_ISL_154553|Human|H7N9|2014.074|Asia|,2014.074,-432.9,41.8452380952381,1680,1680,36.0714285714286,44.7321428571429
EPI_ISL_153338|Human|H7N9|2014.016|Asia|,2014.016,-440.4,41.9047619047619,1680,1680,36.0714285714286,44.8214285714286
EPI_ISL_151417|Human|H7N9|2013.912|Asia|,2013.912,-438.5,41.9642857142857,1680,1680,35.8928571428571,45
EPI_ISL_148744|Human|H7N9|2013.784|Asia|,2013.784,-425.5,41.9550698239223,1647,1647,35.7012750455373,45.0819672131148
EPI_ISL_148417|Human|H7N9|2013.605|Asia|,2013.605,-440.4,42.0238095238095,1680,1680,36.25,44.9107142857143
EPI_ISL_156304|Human|H7N9|2013.959|Asia|,2013.959,-437.9,42.0238095238095,1680,1680,36.4285714285714,44.8214285714286
EPI_ISL_154827|Human|H7N9|2013.6|Asia|,2013.6,-440.4,42.0238095238095,1680,1680,36.25,44.9107142857143
EPI_ISL_159073|Human|H7N9|2013.915|Asia|,2013.915,-437.9,42.0238095238095,1680,1680,36.4285714285714,44.8214285714286
EPI_ISL_159072|Human|H7N9|2013.915|Asia|,2013.915,-437.2,41.9047619047619,1680,1680,36.0714285714286,44.8214285714286
EPI_ISL_159071|Human|H7N9|2013.915|Asia|,2013.915,-439.1,41.8452380952381,1680,1680,35.8928571428571,44.8214285714286
EPI_ISL_159070|Human|H7N9|2013.833|Asia|,2013.833,-438.6,41.9642857142857,1680,1680,36.25,44.8214285714286
EPI_ISL_160436|Human|H7N9|2014.31|Asia|,2014.31,-442.4,42.1428571428571,1680,1680,36.7857142857143,44.8214285714286
EPI_ISL_160435|Human|H7N9|2014.301|Asia|,2014.301,-444.2,42.2023809523809,1680,1680,36.9642857142857,44.8214285714286
EPI_ISL_160290|Human|H7N9|2014.266|Asia|,2014.266,-439.6,42.1428571428571,1680,1680,37.3214285714286,44.5535714285714
EPI_ISL_159478|Human|H7N9|2014.28|Asia|,2014.28,-443.4,42.0833333333333,1680,1680,37.1428571428571,44.5535714285714
EPI_ISL_159477|Human|H7N9|2014.252|Asia|,2014.252,-432.3,41.9047619047619,1680,1680,36.9642857142857,44.375
EPI_ISL_157703|Human|H7N9|2014.205|Asia|,2014.205,-438.3,41.9047619047619,1680,1680,36.25,44.7321428571429
EPI_ISL_157702|Human|H7N9|2014.162|Asia|,2014.162,-437.3,42.0238095238095,1680,1680,36.9642857142857,44.5535714285714
EPI_ISL_156471|Human|H7N9|2014.115|Asia|,2014.115,-431.5,41.7857142857143,1680,1680,35.8928571428571,44.7321428571429
EPI_ISL_157487|Human|H7N9|2013.912|Asia|,2013.912,-438.5,41.9642857142857,1680,1680,35.8928571428571,45
EPI_ISL_157771|Human|H7N9|2014.019|Asia|,2014.019,-436.1,41.8452380952381,1680,1680,36.0714285714286,44.7321428571429
EPI_ISL_157296|Human|H7N9|2014.071|Asia|,2014.071,-439.9,41.8452380952381,1680,1680,36.25,44.6428571428571
EPI_ISL_157295|Human|H7N9|2014.096|Asia|,2014.096,-438.3,41.9047619047619,1680,1680,36.25,44.7321428571429
EPI_ISL_157294|Human|H7N9|2014.09|Asia|,2014.09,-439.4,41.9047619047619,1680,1680,36.25,44.7321428571429
EPI_ISL_157293|Human|H7N9|2013.545|Asia|,2013.545,-434.3,41.9642857142857,1680,1680,36.4285714285714,44.7321428571429
EPI_ISL_161665|Human|H7N9|2014.134|Asia|,2014.134,-433,41.7857142857143,1680,1680,35.8928571428571,44.7321428571429
EPI_ISL_164007|Human|H7N9|2014.11|Asia|,2014.11,-429.4,41.7857142857143,1680,1680,35.8928571428571,44.7321428571429
EPI_ISL_164006|Human|H7N9|2014.107|Asia|,2014.107,-433,41.8452380952381,1680,1680,36.0714285714286,44.7321428571429
EPI_ISL_164005|Human|H7N9|2014.09|Asia|,2014.09,-433,41.8452380952381,1680,1680,36.0714285714286,44.7321428571429
EPI_ISL_164004|Human|H7N9|2014.077|Asia|,2014.077,-430.3,41.7759237187128,1678,1680,36.0215053763441,44.6428571428571
EPI_ISL_164003|Human|H7N9|2014.063|Asia|,2014.063,-433,41.8452380952381,1680,1680,36.0714285714286,44.7321428571429
EPI_ISL_164002|Human|H7N9|2014.06|Asia|,2014.06,-434.8,41.9047619047619,1680,1680,36.25,44.7321428571429
EPI_ISL_164001|Human|H7N9|2014.06|Asia|,2014.06,-433,41.7857142857143,1680,1680,36.0714285714286,44.6428571428571
EPI_ISL_164000|Human|H7N9|2014.06|Asia|,2014.06,-434.8,41.9047619047619,1680,1680,36.25,44.7321428571429
EPI_ISL_163999|Human|H7N9|2014.052|Asia|,2014.052,-434.8,41.9047619047619,1680,1680,36.25,44.7321428571429
EPI_ISL_163998|Human|H7N9|2014.047|Asia|,2014.047,-436.9,41.9642857142857,1680,1680,36.6071428571429,44.6428571428571
EPI_ISL_163997|Human|H7N9|2014.047|Asia|,2014.047,-433,41.8452380952381,1680,1680,36.0714285714286,44.7321428571429
EPI_ISL_163730|Human|H7N9|2014.055|Asia|,2014.055,-434.8,41.7510422870756,1679,1680,35.8928571428571,44.6827524575514
EPI_ISL_163728|Human|H7N9|2014.06|Asia|,2014.06,-428.7,41.8106015485408,1679,1680,36.0714285714286,44.6827524575514
EPI_ISL_163727|Human|H7N9|2014.052|Asia|,2014.052,-433.1,41.9297200714711,1679,1680,36.25,44.7721179624665
EPI_ISL_163726|Human|H7N9|2014.06|Asia|,2014.06,-429.8,41.7759237187128,1678,1680,36.1359570661896,44.5933869526363
EPI_ISL_163725|Human|H7N9|2014.06|Asia|,2014.06,-434.8,41.9047619047619,1680,1680,36.25,44.7321428571429
EPI_ISL_163724|Human|H7N9|2014.156|Asia|,2014.156,-431.5,41.7510422870756,1679,1680,35.9570661896243,44.6428571428571
EPI_ISL_163722|Human|H7N9|2014.06|Asia|,2014.06,-434.8,41.9047619047619,1680,1680,36.25,44.7321428571429
EPI_ISL_163721|Human|H7N9|2014.058|Asia|,2014.058,-434.8,41.9047619047619,1680,1680,36.25,44.7321428571429
EPI_ISL_163720|Human|H7N9|2014.047|Asia|,2014.047,-434.8,41.9047619047619,1680,1680,36.25,44.7321428571429
EPI_ISL_163718|Human|H7N9|2014|Asia|,2014,-436.7,41.9642857142857,1680,1680,36.4285714285714,44.7321428571429
EPI_ISL_163717|Human|H7N9|2014.005|Asia|,2014.005,-435.1,41.8452380952381,1680,1680,36.25,44.6428571428571
EPI_ISL_163716|Human|H7N9|2014.003|Asia|,2014.003,-437.7,42.0833333333333,1680,1680,36.7857142857143,44.7321428571429
EPI_ISL_163715|Human|H7N9|2014.022|Asia|,2014.022,-430.8,41.8452380952381,1680,1680,36.25,44.6428571428571
EPI_ISL_163714|Human|H7N9|2014.003|Asia|,2014.003,-436.7,41.9642857142857,1680,1680,36.4285714285714,44.7321428571429
EPI_ISL_163713|Human|H7N9|2013.803|Asia|,2013.803,-431.5,41.7510422870756,1679,1680,35.9570661896243,44.6428571428571
EPI_ISL_163712|Human|H7N9|2013.827|Asia|,2013.827,-430.8,41.8106015485408,1679,1680,36.25,44.5933869526363
EPI_ISL_163321|Human|H7N9|2014.156|Asia|,2014.156,-430.7,41.8452380952381,1680,1680,36.4285714285714,44.5535714285714
EPI_ISL_163320|Human|H7N9|2014.148|Asia|,2014.148,-430.7,41.8452380952381,1680,1680,36.4285714285714,44.5535714285714
EPI_ISL_162621|Human|H7N9|2014.296|Asia|,2014.296,-445.9,42.5253126861227,1679,1680,38.0357142857143,44.7721179624665
EPI_ISL_162620|Human|H7N9|2014.274|Asia|,2014.274,-444.4,42.5253126861227,1679,1680,37.8571428571429,44.8614834673816
EPI_ISL_162619|Human|H7N9|2014.222|Asia|,2014.222,-445.5,42.5,1680,1680,37.8571428571429,44.8214285714286
EPI_ISL_162618|Human|H7N9|2014.186|Asia|,2014.186,-440.4,42.2870756402621,1679,1680,36.9642857142857,44.9508489722967
EPI_ISL_162470|Human|H7N9|2014.005|Asia|,2014.005,-437.1,41.9047619047619,1680,1680,36.25,44.7321428571429
EPI_ISL_166324|Human|H7N9|2013.986|Asia|,2013.986,-436.5,41.9047619047619,1680,1680,36.4285714285714,44.6428571428571
EPI_ISL_169131|Human|H7N9|2014.899|Asia|,2014.899,-437.6,42.0238095238095,1680,1680,36.9642857142857,44.5535714285714
EPI_ISL_169442|Human|H7N9|2014.981|Asia|,2014.981,-435.2,42.0833333333333,1680,1680,36.6071428571429,44.8214285714286
EPI_ISL_170152|Human|H7N9|2014.288|Asia|,2014.288,-442.4,42.1428571428571,1680,1680,36.7857142857143,44.8214285714286
EPI_ISL_170151|Human|H7N9|2014.296|Asia|,2014.296,-435.6,41.9642857142857,1680,1680,36.7857142857143,44.5535714285714
EPI_ISL_170080|Human|H7N9|2014.011|Asia|,2014.011,-437.1,41.9047619047619,1680,1680,36.25,44.7321428571429
EPI_ISL_170981|Human|H7N9|2015.06|Asia|,2015.06,-434.6,41.7857142857143,1680,1680,36.25,44.5535714285714
EPI_ISL_171342|Human|H7N9|2015.041|NorthAmerica|,2015.041,-445.2,42.1428571428571,1680,1680,36.6071428571429,44.9107142857143
EPI_ISL_170237|Human|H7N9|2014.888|Asia|,2014.888,-434.7,41.7261904761905,1680,1680,36.0714285714286,44.5535714285714
EPI_ISL_172822|Human|H7N9|2015.022|Asia|,2015.022,-439.1,42.0238095238095,1680,1680,36.9642857142857,44.5535714285714
EPI_ISL_172821|Human|H7N9|2014.986|Asia|,2014.986,-435.7,42.0238095238095,1680,1680,36.7857142857143,44.6428571428571
EPI_ISL_172820|Human|H7N9|2015.019|Asia|,2015.019,-436.1,42.1428571428571,1680,1680,36.9642857142857,44.7321428571429
EPI_ISL_172819|Human|H7N9|2014.907|Asia|,2014.907,-444,42.2023809523809,1680,1680,37.1428571428571,44.7321428571429
EPI_ISL_172818|Human|H7N9|2014.981|Asia|,2014.981,-438.4,42.1679571173317,1679,1680,37.0304114490161,44.7321428571429
EPI_ISL_172817|Human|H7N9|2015.014|Asia|,2015.014,-435.6,42.2023809523809,1680,1680,37.1428571428571,44.7321428571429
EPI_ISL_172816|Human|H7N9|2015.03|Asia|,2015.03,-435.2,41.7857142857143,1680,1680,36.25,44.5535714285714
EPI_ISL_173033|Human|H7N9|2015.142|Asia|,2015.142,-435.3,41.7261904761905,1680,1680,36.4285714285714,44.375
EPI_ISL_172827|Human|H7N9|2014.877|Asia|,2014.877,-434.7,41.7261904761905,1680,1680,36.0714285714286,44.5535714285714
EPI_ISL_172826|Human|H7N9|2014.899|Asia|,2014.899,-444,42.2023809523809,1680,1680,37.1428571428571,44.7321428571429
EPI_ISL_172825|Human|H7N9|2014.885|Asia|,2014.885,-440.7,42.0238095238095,1680,1680,36.7857142857143,44.6428571428571
EPI_ISL_172824|Human|H7N9|2014.814|Asia|,2014.814,-440.8,42.1428571428571,1680,1680,36.7857142857143,44.8214285714286
EPI_ISL_172823|Human|H7N9|2014.904|Asia|,2014.904,-434,41.6666666666667,1680,1680,36.0714285714286,44.4642857142857
EPI_ISL_175597|Human|H7N9|2014.044|Asia|,2014.044,-433.8,41.8452380952381,1680,1680,36.4285714285714,44.5535714285714
EPI_ISL_175596|Human|H7N9|2014.044|Asia|,2014.044,-434.7,41.8452380952381,1680,1680,36.4285714285714,44.5535714285714
EPI_ISL_176436|Human|H7N9|2014.066|Asia|,2014.066,-438.2,42.0833333333333,1680,1680,36.4285714285714,44.9107142857143
EPI_ISL_176442|Human|H7N9|2014.208|Asia|,2014.208,-437.7,41.9642857142857,1680,1680,36.4285714285714,44.7321428571429
EPI_ISL_176441|Human|H7N9|2014.2|Asia|,2014.2,-438.2,41.8452380952381,1680,1680,36.0714285714286,44.7321428571429
EPI_ISL_176440|Human|H7N9|2014.192|Asia|,2014.192,-438.3,41.7857142857143,1680,1680,35.8928571428571,44.7321428571429
EPI_ISL_176439|Human|H7N9|2014.096|Asia|,2014.096,-430,41.6666666666667,1680,1680,35.8928571428571,44.5535714285714
EPI_ISL_176438|Human|H7N9|2014.123|Asia|,2014.123,-435.1,41.7857142857143,1680,1680,35.8928571428571,44.7321428571429
EPI_ISL_176437|Human|H7N9|2014.079|Asia|,2014.079,-438.5,41.9047619047619,1680,1680,36.0714285714286,44.8214285714286
EPI_ISL_175838|Human|H7N9|2014.066|Asia|,2014.066,-438.2,41.9047619047619,1680,1680,36.0714285714286,44.8214285714286
EPI_ISL_175837|Human|H7N9|2014.06|Asia|,2014.06,-427.4,41.7857142857143,1680,1680,35.8928571428571,44.7321428571429
EPI_ISL_175835|Human|H7N9|2014.06|Asia|,2014.06,-440,42.0238095238095,1680,1680,36.25,44.9107142857143
EPI_ISL_175836|Human|H7N9|2014.058|Asia|,2014.058,-439.8,42.0238095238095,1680,1680,36.0714285714286,45
EPI_ISL_175834|Human|H7N9|2014.047|Asia|,2014.047,-445.8,42.1428571428571,1680,1680,36.6071428571429,44.9107142857143
EPI_ISL_175833|Human|H7N9|2014.036|Asia|,2014.036,-437.4,41.8452380952381,1680,1680,36.0714285714286,44.7321428571429
EPI_ISL_175832|Human|H7N9|2014.052|Asia|,2014.052,-440.2,41.9047619047619,1680,1680,36.25,44.7321428571429
EPI_ISL_175831|Human|H7N9|2014.052|Asia|,2014.052,-438.4,41.8452380952381,1680,1680,35.8928571428571,44.8214285714286
EPI_ISL_175829|Human|H7N9|2014.027|Asia|,2014.027,-440,41.8452380952381,1680,1680,36.0714285714286,44.7321428571429
EPI_ISL_179906|Human|H7N9|2014.249|Asia|,2014.249,-432.1,42.1428571428571,1680,1680,37.3214285714286,44.5535714285714
EPI_ISL_179907|Human|H7N9|2014.222|Asia|,2014.222,-437.3,42.0238095238095,1680,1680,36.9642857142857,44.5535714285714
EPI_ISL_190692|Human|H7N9|2015.307|Asia|,2015.307,-439,42.1428571428571,1680,1680,37.1428571428571,44.6428571428571
EPI_ISL_190691|Human|H7N9|2015.312|Asia|,2015.312,-437.6,42.1428571428571,1680,1680,37.1428571428571,44.6428571428571
EPI_ISL_192400|Human|H7N9|2014.079|Asia|,2014.079,-435.9,42.0238095238095,1680,1680,36.4285714285714,44.8214285714286
EPI_ISL_192398|Human|H7N9|2014.082|Asia|,2014.082,-439.3,41.9047619047619,1680,1680,36.0714285714286,44.8214285714286
EPI_ISL_192397|Human|H7N9|2014.079|Asia|,2014.079,-437.6,42.0833333333333,1680,1680,36.4285714285714,44.9107142857143
EPI_ISL_192395|Human|H7N9|2014.079|Asia|,2014.079,-436.3,41.8452380952381,1680,1680,36.0714285714286,44.7321428571429
EPI_ISL_192394|Human|H7N9|2014.077|Asia|,2014.077,-437.6,41.9297200714711,1679,1680,36.25,44.7721179624665
EPI_ISL_192393|Human|H7N9|2014.044|Asia|,2014.044,-443.6,42.0238095238095,1680,1680,36.6071428571429,44.7321428571429
EPI_ISL_192392|Human|H7N9|2014.153|Asia|,2014.153,-430.6,41.8452380952381,1680,1680,36.25,44.6428571428571
EPI_ISL_192391|Human|H7N9|2014.562|Asia|,2014.562,-438.5,42.1428571428571,1680,1680,36.9642857142857,44.7321428571429
EPI_ISL_192384|Human|H7N9|2014.17|Asia|,2014.17,-431.9,41.870160810006,1679,1680,36.6071428571429,44.5040214477212
EPI_ISL_192383|Human|H7N9|2014.296|Asia|,2014.296,-429.8,41.9642857142857,1680,1680,36.6071428571429,44.6428571428571
EPI_ISL_192382|Human|H7N9|2014.296|Asia|,2014.296,-429.8,41.9642857142857,1680,1680,36.6071428571429,44.6428571428571
EPI_ISL_192381|Human|H7N9|2014.301|Asia|,2014.301,-434.1,41.8452380952381,1680,1680,35.8928571428571,44.8214285714286
EPI_ISL_192380|Human|H7N9|2014.619|Asia|,2014.619,-438.6,41.9642857142857,1680,1680,36.7857142857143,44.5535714285714
EPI_ISL_192377|Human|H7N9|2014.386|Asia|,2014.386,-423.6,41.9642857142857,1680,1680,36.4285714285714,44.7321428571429
EPI_ISL_192376|Human|H7N9|2014.112|Asia|,2014.112,-435.8,41.9047619047619,1680,1680,36.4285714285714,44.6428571428571
EPI_ISL_192375|Human|H7N9|2014.041|Asia|,2014.041,-436.2,41.9297200714711,1679,1680,36.4285714285714,44.6827524575514
EPI_ISL_192373|Human|H7N9|2014.077|Asia|,2014.077,-437.6,41.9047619047619,1680,1680,36.25,44.7321428571429
EPI_ISL_192372|Human|H7N9|2014.088|Asia|,2014.088,-437,41.9642857142857,1680,1680,36.4285714285714,44.7321428571429
EPI_ISL_192371|Human|H7N9|2014.096|Asia|,2014.096,-432.5,42.0047732696897,1676,1680,36.9642857142857,44.5340501792115
EPI_ISL_192370|Human|H7N9|2014.101|Asia|,2014.101,-438.8,41.9047619047619,1680,1680,36.4285714285714,44.6428571428571
EPI_ISL_192369|Human|H7N9|2014.005|Asia|,2014.005,-439.5,41.870160810006,1679,1680,36.25,44.6827524575514
EPI_ISL_192368|Human|H7N9|2014.11|Asia|,2014.11,-447.1,41.9047619047619,1680,1680,36.0714285714286,44.8214285714286
EPI_ISL_192367|Human|H7N9|2014.025|Asia|,2014.025,-438.3,41.9047619047619,1680,1680,36.25,44.7321428571429
EPI_ISL_192366|Human|H7N9|2014.14|Asia|,2014.14,-438.2,42.0833333333333,1680,1680,37.1428571428571,44.5535714285714
EPI_ISL_192365|Human|H7N9|2014.14|Asia|,2014.14,-439.1,41.9642857142857,1680,1680,36.6071428571429,44.6428571428571
EPI_ISL_192364|Human|H7N9|2014.14|Asia|,2014.14,-437.6,41.8452380952381,1680,1680,36.4285714285714,44.5535714285714
EPI_ISL_192363|Human|H7N9|2014.225|Asia|,2014.225,-432.3,41.6914830256105,1679,1680,35.5992844364937,44.7321428571429
EPI_ISL_192362|Human|H7N9|2014.271|Asia|,2014.271,-432.3,41.9642857142857,1680,1680,36.7857142857143,44.5535714285714
EPI_ISL_192361|Human|H7N9|2014.096|Asia|,2014.096,-433.1,41.7261904761905,1680,1680,36.25,44.4642857142857
EPI_ISL_192360|Human|H7N9|2014.038|Asia|,2014.038,-438.3,41.9047619047619,1680,1680,36.25,44.7321428571429
EPI_ISL_192359|Human|H7N9|2014.11|Asia|,2014.11,-435.8,41.9642857142857,1680,1680,36.7857142857143,44.5535714285714
EPI_ISL_192358|Human|H7N9|2014.126|Asia|,2014.126,-435.8,41.9047619047619,1680,1680,36.4285714285714,44.6428571428571
EPI_ISL_192357|Human|H7N9|2014.134|Asia|,2014.134,-437.3,42.0833333333333,1680,1680,36.9642857142857,44.6428571428571
EPI_ISL_192356|Human|H7N9|2014.148|Asia|,2014.148,-437.7,41.8452380952381,1680,1680,36.4285714285714,44.5535714285714
EPI_ISL_192355|Human|H7N9|2014.244|Asia|,2014.244,-439.8,41.8452380952381,1680,1680,36.7857142857143,44.375
EPI_ISL_192354|Human|H7N9|2014.255|Asia|,2014.255,-432.3,41.9642857142857,1680,1680,36.7857142857143,44.5535714285714
EPI_ISL_192351|Human|H7N9|2014.09|Asia|,2014.09,-433.6,41.9047619047619,1680,1680,36.25,44.7321428571429
EPI_ISL_192350|Human|H7N9|2014.071|Asia|,2014.071,-436.9,41.9642857142857,1680,1680,36.6071428571429,44.6428571428571
EPI_ISL_192349|Human|H7N9|2014.066|Asia|,2014.066,-433,41.8452380952381,1680,1680,36.0714285714286,44.7321428571429
EPI_ISL_192348|Human|H7N9|2014.09|Asia|,2014.09,-431.5,41.7857142857143,1680,1680,36.0714285714286,44.6428571428571
EPI_ISL_192347|Human|H7N9|2014.06|Asia|,2014.06,-433.3,42.0238095238095,1680,1680,36.0714285714286,45
EPI_ISL_192346|Human|H7N9|2014.036|Asia|,2014.036,-431,41.7759237187128,1678,1680,35.8928571428571,44.7227191413238
EPI_ISL_192345|Human|H7N9|2014.11|Asia|,2014.11,-430.2,41.6666666666667,1680,1680,35.8928571428571,44.5535714285714
EPI_ISL_192344|Human|H7N9|2014.104|Asia|,2014.104,-428.1,41.7857142857143,1680,1680,36.0714285714286,44.6428571428571
EPI_ISL_192343|Human|H7N9|2014.107|Asia|,2014.107,-433,41.8452380952381,1680,1680,36.0714285714286,44.7321428571429
EPI_ISL_192342|Human|H7N9|2014.063|Asia|,2014.063,-433,41.8452380952381,1680,1680,36.0714285714286,44.7321428571429
EPI_ISL_192341|Human|H7N9|2014.236|Asia|,2014.236,-442.9,42.2619047619048,1680,1680,36.9642857142857,44.9107142857143
EPI_ISL_192339|Human|H7N9|2014.91|Asia|,2014.91,-434.4,42.0238095238095,1680,1680,36.9642857142857,44.5535714285714
EPI_ISL_192338|Human|H7N9|2014.975|Asia|,2014.975,-437.5,42.2619047619048,1680,1680,37.5,44.6428571428571
EPI_ISL_192337|Human|H7N9|2014.97|Asia|,2014.97,-432.8,41.9297200714711,1679,1680,36.9642857142857,44.4146559428061
EPI_ISL_192336|Human|H7N9|2014.918|Asia|,2014.918,-441.2,41.8452380952381,1680,1680,36.9642857142857,44.2857142857143
EPI_ISL_192335|Human|H7N9|2015|Asia|,2015,-436.4,42.0238095238095,1680,1680,37.1428571428571,44.4642857142857
EPI_ISL_192334|Human|H7N9|2015.005|Asia|,2015.005,-439.1,42.0833333333333,1680,1680,36.9642857142857,44.6428571428571
EPI_ISL_192333|Human|H7N9|2015.008|Asia|,2015.008,-438.3,41.9547079856973,1678,1680,36.8515205724508,44.5040214477212
EPI_ISL_192332|Human|H7N9|2014.249|Asia|,2014.249,-433.4,41.9047619047619,1680,1680,36.0714285714286,44.8214285714286
EPI_ISL_192331|Human|H7N9|2014.381|Asia|,2014.381,-440.2,42.0833333333333,1680,1680,36.7857142857143,44.7321428571429
EPI_ISL_192330|Human|H7N9|2014.315|Asia|,2014.315,-431.6,41.7261904761905,1680,1680,35.8928571428571,44.6428571428571
EPI_ISL_192329|Human|H7N9|2014.315|Asia|,2014.315,-426.2,41.7261904761905,1680,1680,36.0714285714286,44.5535714285714
EPI_ISL_192328|Human|H7N9|2014.279|Asia|,2014.279,-430.1,41.8355184743743,1678,1680,35.9570661896243,44.7721179624665
EPI_ISL_192327|Human|H7N9|2014.249|Asia|,2014.249,-433.4,41.9047619047619,1680,1680,36.0714285714286,44.8214285714286
EPI_ISL_192326|Human|H7N9|2014.186|Asia|,2014.186,-435.6,42.2023809523809,1680,1680,36.7857142857143,44.9107142857143
EPI_ISL_192325|Human|H7N9|2014.134|Asia|,2014.134,-432.2,41.8452380952381,1680,1680,36.0714285714286,44.7321428571429
EPI_ISL_192324|Human|H7N9|2014.921|Asia|,2014.921,-439.1,42.0833333333333,1680,1680,36.9642857142857,44.6428571428571
EPI_ISL_192323|Human|H7N9|2014.992|Asia|,2014.992,-449.6,42.2619047619048,1680,1680,37.1428571428571,44.8214285714286
EPI_ISL_192322|Human|H7N9|2014.992|Asia|,2014.992,-444.5,42.1428571428571,1680,1680,36.6071428571429,44.9107142857143
EPI_ISL_192321|Human|H7N9|2015.016|Asia|,2015.016,-445.3,42.2023809523809,1680,1680,36.7857142857143,44.9107142857143
EPI_ISL_192318|Human|H7N9|2015.011|Asia|,2015.011,-432.7,41.7857142857143,1680,1680,36.9642857142857,44.1964285714286
EPI_ISL_192317|Human|H7N9|2014.981|Asia|,2014.981,-438.5,42.2619047619048,1680,1680,37.3214285714286,44.7321428571429
EPI_ISL_192316|Human|H7N9|2015.019|Asia|,2015.019,-436.1,42.1428571428571,1680,1680,36.9642857142857,44.7321428571429
EPI_ISL_192315|Human|H7N9|2015.03|Asia|,2015.03,-435.7,42.0238095238095,1680,1680,36.7857142857143,44.6428571428571
EPI_ISL_192314|Human|H7N9|2015.038|Asia|,2015.038,-439.1,42.0833333333333,1680,1680,36.9642857142857,44.6428571428571
EPI_ISL_192313|Human|H7N9|2015.041|Asia|,2015.041,-439.1,42.1428571428571,1680,1680,36.9642857142857,44.7321428571429
EPI_ISL_192312|Human|H7N9|2015.041|Asia|,2015.041,-440.3,42.0833333333333,1680,1680,37.1428571428571,44.5535714285714
EPI_ISL_192311|Human|H7N9|2015.033|Asia|,2015.033,-434.9,42.0833333333333,1680,1680,36.9642857142857,44.6428571428571
EPI_ISL_192310|Human|H7N9|2015.008|Asia|,2015.008,-434.7,42.0833333333333,1680,1680,36.7857142857143,44.7321428571429
EPI_ISL_192309|Human|H7N9|2015.044|Asia|,2015.044,-439.1,42.0833333333333,1680,1680,36.9642857142857,44.6428571428571
EPI_ISL_192308|Human|H7N9|2015.03|Asia|,2015.03,-438.8,42.0238095238095,1680,1680,36.9642857142857,44.5535714285714
EPI_ISL_192307|Human|H7N9|2015.027|Asia|,2015.027,-445.8,42.2619047619048,1680,1680,37.3214285714286,44.7321428571429
EPI_ISL_192306|Human|H7N9|2015.044|Asia|,2015.044,-438.8,41.9047619047619,1680,1680,36.7857142857143,44.4642857142857
EPI_ISL_192305|Human|H7N9|2015.049|Asia|,2015.049,-439.5,42.0238095238095,1680,1680,36.7857142857143,44.6428571428571
EPI_ISL_192304|Human|H7N9|2015.047|Asia|,2015.047,-435,41.9642857142857,1680,1680,36.7857142857143,44.5535714285714
EPI_ISL_192303|Human|H7N9|2015.058|Asia|,2015.058,-441,42.2023809523809,1680,1680,37.1428571428571,44.7321428571429
EPI_ISL_192302|Human|H7N9|2015.011|Asia|,2015.011,-431.7,41.9892793329363,1679,1680,36.9642857142857,44.5040214477212
EPI_ISL_192301|Human|H7N9|2015.038|Asia|,2015.038,-435.6,42.2023809523809,1680,1680,37.1428571428571,44.7321428571429
EPI_ISL_192300|Human|H7N9|2015.033|Asia|,2015.033,-439.7,42.0238095238095,1680,1680,36.7857142857143,44.6428571428571
EPI_ISL_192299|Human|H7N9|2014.904|Asia|,2014.904,-437.6,42.0833333333333,1680,1680,36.9642857142857,44.6428571428571
EPI_ISL_192298|Human|H7N9|2015.068|Asia|,2015.068,-433.6,42.0238095238095,1680,1680,36.7857142857143,44.6428571428571
EPI_ISL_192297|Human|H7N9|2015.06|Asia|,2015.06,-439.5,42.2619047619048,1680,1680,37.5,44.6428571428571
EPI_ISL_192296|Human|H7N9|2015.049|Asia|,2015.049,-435.1,42.0238095238095,1680,1680,36.9642857142857,44.5535714285714
EPI_ISL_192295|Human|H7N9|2014.981|Asia|,2014.981,-436.8,41.8452380952381,1680,1680,36.4285714285714,44.5535714285714
EPI_ISL_192294|Human|H7N9|2014.984|Asia|,2014.984,-437.6,42.0238095238095,1680,1680,36.7857142857143,44.6428571428571
EPI_ISL_192293|Human|H7N9|2015.033|Asia|,2015.033,-438.3,42.2023809523809,1680,1680,36.9642857142857,44.8214285714286
EPI_ISL_192292|Human|H7N9|2014.989|Asia|,2014.989,-438.8,42.0238095238095,1680,1680,36.7857142857143,44.6428571428571
EPI_ISL_192291|Human|H7N9|2015.058|Asia|,2015.058,-437.7,41.870160810006,1679,1680,36.3148479427549,44.6428571428571
EPI_ISL_192290|Human|H7N9|2015.06|Asia|,2015.06,-441.2,42.1428571428571,1680,1680,37.1428571428571,44.6428571428571
EPI_ISL_192289|Human|H7N9|2015.038|Asia|,2015.038,-435,41.9642857142857,1680,1680,36.7857142857143,44.5535714285714
EPI_ISL_192288|Human|H7N9|2015.06|Asia|,2015.06,-441.3,42.2619047619048,1680,1680,37.5,44.6428571428571
EPI_ISL_192287|Human|H7N9|2015.11|Asia|,2015.11,-440,42.1428571428571,1680,1680,37.1428571428571,44.6428571428571
EPI_ISL_192286|Human|H7N9|2015.11|Asia|,2015.11,-440,42.1428571428571,1680,1680,37.1428571428571,44.6428571428571
EPI_ISL_192285|Human|H7N9|2015.074|Asia|,2015.074,-437.8,42.0238095238095,1680,1680,36.7857142857143,44.6428571428571
EPI_ISL_192284|Human|H7N9|2015.093|Asia|,2015.093,-434.9,41.8452380952381,1680,1680,36.25,44.6428571428571
EPI_ISL_192283|Human|H7N9|2015.082|Asia|,2015.082,-429.9,41.9642857142857,1680,1680,36.7857142857143,44.5535714285714
EPI_ISL_192282|Human|H7N9|2015.11|Asia|,2015.11,-434.6,41.9642857142857,1680,1680,36.7857142857143,44.5535714285714
EPI_ISL_192281|Human|H7N9|2015.025|Asia|,2015.025,-439.5,42.0238095238095,1680,1680,36.7857142857143,44.6428571428571
EPI_ISL_192280|Human|H7N9|2015.074|Asia|,2015.074,-420.2,41.7261904761905,1680,1680,36.25,44.4642857142857
EPI_ISL_192279|Human|H7N9|2015.055|Asia|,2015.055,-440.2,41.9047619047619,1680,1680,36.4285714285714,44.6428571428571
EPI_ISL_192278|Human|H7N9|2014.997|Asia|,2014.997,-437.1,42.0238095238095,1680,1680,37.1428571428571,44.4642857142857
EPI_ISL_192277|Human|H7N9|2015.06|Asia|,2015.06,-440.4,42.2023809523809,1680,1680,37.3214285714286,44.6428571428571
EPI_ISL_192276|Human|H7N9|2015.11|Asia|,2015.11,-438.4,42.2023809523809,1680,1680,37.1428571428571,44.7321428571429
EPI_ISL_192275|Human|H7N9|2015.099|Asia|,2015.099,-432.9,41.9642857142857,1680,1680,36.9642857142857,44.4642857142857
EPI_ISL_192274|Human|H7N9|2015.041|Asia|,2015.041,-438.6,42.0238095238095,1680,1680,36.9642857142857,44.5535714285714
EPI_ISL_192505|Human|H7N9|2015.151|Asia|,2015.151,-437.3,42.1428571428571,1680,1680,36.9642857142857,44.7321428571429
EPI_ISL_192504|Human|H7N9|2015.115|Asia|,2015.115,-440.4,42.2619047619048,1680,1680,37.3214285714286,44.7321428571429
EPI_ISL_192503|Human|H7N9|2015.167|Asia|,2015.167,-435.7,42.0833333333333,1680,1680,37.1428571428571,44.5535714285714
EPI_ISL_192502|Human|H7N9|2015.088|Asia|,2015.088,-443.4,42.2023809523809,1680,1680,37.1428571428571,44.7321428571429
EPI_ISL_192501|Human|H7N9|2015.2|Asia|,2015.2,-429.4,41.9047619047619,1680,1680,36.4285714285714,44.6428571428571
EPI_ISL_192499|Human|H7N9|2015.178|Asia|,2015.178,-436.9,42.0833333333333,1680,1680,37.1428571428571,44.5535714285714
EPI_ISL_192498|Human|H7N9|2015.093|Asia|,2015.093,-440.4,42.2619047619048,1680,1680,37.3214285714286,44.7321428571429
EPI_ISL_192497|Human|H7N9|2015.088|Asia|,2015.088,-437.5,42.1428571428571,1680,1680,37.1428571428571,44.6428571428571
EPI_ISL_192495|Human|H7N9|2015.153|Asia|,2015.153,-440.3,42.1428571428571,1680,1680,37.3214285714286,44.5535714285714
EPI_ISL_192494|Human|H7N9|2015.173|Asia|,2015.173,-441.7,42.2619047619048,1680,1680,37.5,44.6428571428571
EPI_ISL_192493|Human|H7N9|2015.164|Asia|,2015.164,-435.2,42.0238095238095,1680,1680,36.7857142857143,44.6428571428571
EPI_ISL_192492|Human|H7N9|2015.266|Asia|,2015.266,-439.2,41.9642857142857,1680,1680,36.6071428571429,44.6428571428571
EPI_ISL_192488|Human|H7N9|2015.066|Asia|,2015.066,-438.1,42.1428571428571,1680,1680,36.9642857142857,44.7321428571429
EPI_ISL_192487|Human|H7N9|2015.058|Asia|,2015.058,-435.3,41.7412045319022,1677,1680,36.1359570661896,44.5438282647585
EPI_ISL_192484|Human|H7N9|2015.145|Asia|,2015.145,-437.1,42.0238095238095,1680,1680,36.7857142857143,44.6428571428571
EPI_ISL_192478|Human|H7N9|2015.304|Asia|,2015.304,-440,42.1428571428571,1680,1680,37.1428571428571,44.6428571428571
EPI_ISL_192472|Human|H7N9|2015.389|Asia|,2015.389,-443.2,42.2023809523809,1680,1680,37.5,44.5535714285714
EPI_ISL_192471|Human|H7N9|2015.389|Asia|,2015.389,-445.6,42.0833333333333,1680,1680,36.9642857142857,44.6428571428571
EPI_ISL_192469|Human|H7N9|2015.397|Asia|,2015.397,-449.2,42.2023809523809,1680,1680,37.1428571428571,44.7321428571429
EPI_ISL_192466|Human|H7N9|2013.912|Asia|,2013.912,-438.5,41.9642857142857,1680,1680,36.25,44.8214285714286
EPI_ISL_192465|Human|H7N9|2013.956|Asia|,2013.956,-437.2,41.9047619047619,1680,1680,36.0714285714286,44.8214285714286
EPI_ISL_192464|Human|H7N9|2014.019|Asia|,2014.019,-441.3,41.9047619047619,1680,1680,36.0714285714286,44.8214285714286
EPI_ISL_192463|Human|H7N9|2014.008|Asia|,2014.008,-434.9,41.870160810006,1679,1680,36.6071428571429,44.5040214477212
EPI_ISL_192462|Human|H7N9|2014.019|Asia|,2014.019,-438.3,41.9047619047619,1680,1680,36.25,44.7321428571429
EPI_ISL_192461|Human|H7N9|2014.033|Asia|,2014.033,-442.8,41.9642857142857,1680,1680,36.0714285714286,44.9107142857143
EPI_ISL_192460|Human|H7N9|2014.033|Asia|,2014.033,-437.4,41.8452380952381,1680,1680,36.0714285714286,44.7321428571429
EPI_ISL_192459|Human|H7N9|2014.033|Asia|,2014.033,-442.8,41.9642857142857,1680,1680,36.0714285714286,44.9107142857143
EPI_ISL_192458|Human|H7N9|2014.033|Asia|,2014.033,-442.8,41.9642857142857,1680,1680,36.0714285714286,44.9107142857143
EPI_ISL_192455|Human|H7N9|2014.005|Asia|,2014.005,-437.1,41.9047619047619,1680,1680,36.25,44.7321428571429
EPI_ISL_192454|Human|H7N9|2014.036|Asia|,2014.036,-439.3,41.9047619047619,1680,1680,36.0714285714286,44.8214285714286
EPI_ISL_192451|Human|H7N9|2014.036|Asia|,2014.036,-441.6,42.0833333333333,1680,1680,36.6071428571429,44.8214285714286
EPI_ISL_192450|Human|H7N9|2014.038|Asia|,2014.038,-440.3,42.2619047619048,1680,1680,36.7857142857143,45
EPI_ISL_192449|Human|H7N9|2014.005|Asia|,2014.005,-436.7,41.9642857142857,1680,1680,36.4285714285714,44.7321428571429
EPI_ISL_192448|Human|H7N9|2014.022|Asia|,2014.022,-430.8,41.8452380952381,1680,1680,36.25,44.6428571428571
EPI_ISL_192447|Human|H7N9|2014.022|Asia|,2014.022,-437.7,42.0833333333333,1680,1680,36.7857142857143,44.7321428571429
EPI_ISL_192446|Human|H7N9|2014.027|Asia|,2014.027,-434.7,41.870160810006,1679,1680,36.25,44.6827524575514
EPI_ISL_192445|Human|H7N9|2014.019|Asia|,2014.019,-432.5,41.8951132300358,1678,1680,36.3148479427549,44.6827524575514
EPI_ISL_192444|Human|H7N9|2014.038|Asia|,2014.038,-433,41.8452380952381,1680,1680,36.0714285714286,44.7321428571429
EPI_ISL_192443|Human|H7N9|2014.06|Asia|,2014.06,-434.8,41.9047619047619,1680,1680,36.25,44.7321428571429
EPI_ISL_192442|Human|H7N9|2014.06|Asia|,2014.06,-429.8,41.7759237187128,1678,1680,36.1359570661896,44.5933869526363
EPI_ISL_192441|Human|H7N9|2014.052|Asia|,2014.052,-433.1,41.9297200714711,1679,1680,36.25,44.7721179624665
EPI_ISL_192440|Human|H7N9|2014.06|Asia|,2014.06,-428.7,41.8106015485408,1679,1680,36.0714285714286,44.6827524575514
EPI_ISL_192439|Human|H7N9|2014.049|Asia|,2014.049,-433,41.8452380952381,1680,1680,36.0714285714286,44.7321428571429
EPI_ISL_192438|Human|H7N9|2014.088|Asia|,2014.088,-431.6,41.7857142857143,1680,1680,36.0714285714286,44.6428571428571
EPI_ISL_192436|Human|H7N9|2014.071|Asia|,2014.071,-430.5,41.9047619047619,1680,1680,36.6071428571429,44.5535714285714
EPI_ISL_192435|Human|H7N9|2014.041|Asia|,2014.041,-439.1,42.0833333333333,1680,1680,36.4285714285714,44.9107142857143
EPI_ISL_192432|Human|H7N9|2014.052|Asia|,2014.052,-437.1,41.9047619047619,1680,1680,36.25,44.7321428571429
EPI_ISL_192431|Human|H7N9|2014.068|Asia|,2014.068,-433.8,41.7261904761905,1680,1680,35.8928571428571,44.6428571428571
EPI_ISL_192430|Human|H7N9|2014.096|Asia|,2014.096,-431.4,41.7857142857143,1680,1680,36.0714285714286,44.6428571428571
EPI_ISL_192429|Human|H7N9|2014.068|Asia|,2014.068,-443.4,42.2619047619048,1680,1680,36.9642857142857,44.9107142857143
EPI_ISL_192428|Human|H7N9|2014.071|Asia|,2014.071,-436.3,41.9642857142857,1680,1680,36.4285714285714,44.7321428571429
EPI_ISL_192427|Human|H7N9|2014.09|Asia|,2014.09,-442.2,42.0833333333333,1680,1680,36.4285714285714,44.9107142857143
EPI_ISL_192426|Human|H7N9|2014.033|Asia|,2014.033,-439.1,42.0833333333333,1680,1680,36.4285714285714,44.9107142857143
EPI_ISL_192425|Human|H7N9|2014.016|Asia|,2014.016,-437.1,41.9047619047619,1680,1680,36.25,44.7321428571429
EPI_ISL_192424|Human|H7N9|2014.096|Asia|,2014.096,-433.6,41.7857142857143,1680,1680,36.25,44.5535714285714
EPI_ISL_192423|Human|H7N9|2014.068|Asia|,2014.068,-436.3,41.9642857142857,1680,1680,36.4285714285714,44.7321428571429
EPI_ISL_192422|Human|H7N9|2014.082|Asia|,2014.082,-436.3,41.9642857142857,1680,1680,36.4285714285714,44.7321428571429
EPI_ISL_192421|Human|H7N9|2014.088|Asia|,2014.088,-441.9,42.0238095238095,1680,1680,36.4285714285714,44.8214285714286
EPI_ISL_192420|Human|H7N9|2014.096|Asia|,2014.096,-439.1,42.0833333333333,1680,1680,36.4285714285714,44.9107142857143
EPI_ISL_192419|Human|H7N9|2014.129|Asia|,2014.129,-433,41.8452380952381,1680,1680,36.0714285714286,44.7321428571429
EPI_ISL_192418|Human|H7N9|2014.126|Asia|,2014.126,-438.3,41.8452380952381,1680,1680,36.0714285714286,44.7321428571429
EPI_ISL_192417|Human|H7N9|2014.03|Asia|,2014.03,-438.5,41.8452380952381,1680,1680,36.25,44.6428571428571
EPI_ISL_192416|Human|H7N9|2014.022|Asia|,2014.022,-442,42.0238095238095,1680,1680,36.4285714285714,44.8214285714286
EPI_ISL_192415|Human|H7N9|2014.027|Asia|,2014.027,-440,41.8452380952381,1680,1680,36.0714285714286,44.7321428571429
EPI_ISL_192414|Human|H7N9|2014.019|Asia|,2014.019,-441.3,41.9047619047619,1680,1680,36.0714285714286,44.8214285714286
EPI_ISL_192413|Human|H7N9|2014.008|Asia|,2014.008,-439.2,41.9047619047619,1680,1680,36.6071428571429,44.5535714285714
EPI_ISL_192412|Human|H7N9|2014.099|Asia|,2014.099,-436.6,41.9642857142857,1680,1680,36.4285714285714,44.7321428571429
EPI_ISL_192411|Human|H7N9|2014.063|Asia|,2014.063,-438.1,41.7261904761905,1680,1680,35.7142857142857,44.7321428571429
EPI_ISL_192410|Human|H7N9|2014.101|Asia|,2014.101,-431.4,41.7857142857143,1680,1680,36.25,44.5535714285714
EPI_ISL_192409|Human|H7N9|2014.112|Asia|,2014.112,-433,41.8452380952381,1680,1680,36.0714285714286,44.7321428571429
EPI_ISL_192408|Human|H7N9|2014.101|Asia|,2014.101,-447.3,42.2619047619048,1680,1680,37.3214285714286,44.7321428571429
EPI_ISL_192407|Human|H7N9|2014.118|Asia|,2014.118,-434.4,41.9047619047619,1680,1680,36.25,44.7321428571429
EPI_ISL_192406|Human|H7N9|2014.123|Asia|,2014.123,-434.4,41.9047619047619,1680,1680,36.25,44.7321428571429
EPI_ISL_192405|Human|H7N9|2014.101|Asia|,2014.101,-436.3,42.0238095238095,1680,1680,36.6071428571429,44.7321428571429
EPI_ISL_192403|Human|H7N9|2014.079|Asia|,2014.079,-430.8,41.7857142857143,1680,1680,35.8928571428571,44.7321428571429
EPI_ISL_192402|Human|H7N9|2014.052|Asia|,2014.052,-438.4,41.8452380952381,1680,1680,35.8928571428571,44.8214285714286
EPI_ISL_192401|Human|H7N9|2014.077|Asia|,2014.077,-437.6,41.9642857142857,1680,1680,36.25,44.8214285714286
EPI_ISL_192913|Human|H7N9|2015|Asia|,2015,-435.6,42.2023809523809,1680,1680,37.1428571428571,44.7321428571429
EPI_ISL_192912|Human|H7N9|2015|Asia|,2015,-435.6,42.2023809523809,1680,1680,37.1428571428571,44.7321428571429
EPI_ISL_192911|Human|H7N9|2015|Asia|,2015,-435.6,42.1428571428571,1680,1680,36.9642857142857,44.7321428571429
EPI_ISL_192910|Human|H7N9|2015|Asia|,2015,-436,42.0238095238095,1680,1680,37.1428571428571,44.4642857142857
EPI_ISL_192909|Human|H7N9|2014.915|Asia|,2014.915,-433.8,42.0238095238095,1680,1680,36.6071428571429,44.7321428571429
EPI_ISL_192908|Human|H7N9|2014|Asia|,2014,-437.4,41.8452380952381,1680,1680,36.0714285714286,44.7321428571429
EPI_ISL_192907|Human|H7N9|2014|Asia|,2014,-440,41.8452380952381,1680,1680,36.0714285714286,44.7321428571429
EPI_ISL_192906|Human|H7N9|2014|Asia|,2014,-438.1,41.7857142857143,1680,1680,35.7142857142857,44.8214285714286
EPI_ISL_192905|Human|H7N9|2014|Asia|,2014,-438.5,41.9642857142857,1680,1680,36.25,44.8214285714286
EPI_ISL_192904|Human|H7N9|2014|Asia|,2014,-443.8,42.1428571428571,1680,1680,36.4285714285714,45
EPI_ISL_192903|Human|H7N9|2014|Asia|,2014,-438.2,42.0833333333333,1680,1680,36.4285714285714,44.9107142857143
EPI_ISL_192902|Human|H7N9|2014|Asia|,2014,-439,41.8452380952381,1680,1680,35.8928571428571,44.8214285714286
EPI_ISL_192901|Human|H7N9|2014|Asia|,2014,-438.4,41.8452380952381,1680,1680,35.8928571428571,44.8214285714286
EPI_ISL_192900|Human|H7N9|2014|Asia|,2014,-445.8,42.1428571428571,1680,1680,36.6071428571429,44.9107142857143
EPI_ISL_192899|Human|H7N9|2014|Asia|,2014,-440.2,41.9047619047619,1680,1680,36.25,44.7321428571429
EPI_ISL_192898|Human|H7N9|2013.915|Asia|,2013.915,-443,42.1428571428571,1680,1680,36.6071428571429,44.9107142857143
EPI_ISL_194320|Human|H7N9|2015.652|Asia|,2015.652,-441.3,42.0833333333333,1680,1680,36.4285714285714,44.9107142857143
EPI_ISL_198689|Human|H7N9|2014.079|Asia|,2014.079,-429.4,41.8632788868724,1653,1653,35.934664246824,44.8275862068966
EPI_ISL_198688|Human|H7N9|2014.077|Asia|,2014.077,-430.4,41.9842710223835,1653,1653,36.1161524500907,44.9183303085299
EPI_ISL_198687|Human|H7N9|2014.077|Asia|,2014.077,-430.4,41.9842710223835,1653,1653,36.1161524500907,44.9183303085299
EPI_ISL_198686|Human|H7N9|2014.071|Asia|,2014.071,-428.8,42.0316301703163,1644,1644,35.5839416058394,45.2554744525547
EPI_ISL_198685|Human|H7N9|2014.049|Asia|,2014.049,-431,41.8632788868724,1653,1653,35.7531760435572,44.9183303085299
EPI_ISL_198684|Human|H7N9|2014.041|Asia|,2014.041,-436.2,42.0447670901391,1653,1653,36.4791288566243,44.8275862068966
EPI_ISL_198683|Human|H7N9|2014.038|Asia|,2014.038,-431.4,41.923774954628,1653,1653,36.1161524500907,44.8275862068966
EPI_ISL_198682|Human|H7N9|2014.03|Asia|,2014.03,-430.2,41.8632788868724,1653,1653,35.934664246824,44.8275862068966
EPI_ISL_198681|Human|H7N9|2014.03|Asia|,2014.03,-435.4,41.9842710223835,1653,1653,35.934664246824,45.0090744101633
EPI_ISL_198680|Human|H7N9|2014.03|Asia|,2014.03,-435.4,41.9842710223835,1653,1653,35.934664246824,45.0090744101633
EPI_ISL_198679|Human|H7N9|2014.03|Asia|,2014.03,-435.4,41.9842710223835,1653,1653,35.934664246824,45.0090744101633
EPI_ISL_198678|Human|H7N9|2014.027|Asia|,2014.027,-431.6,41.8632788868724,1653,1653,36.1161524500907,44.7368421052632
EPI_ISL_198677|Human|H7N9|2014.027|Asia|,2014.027,-435.1,42.0447670901391,1653,1653,36.2976406533575,44.9183303085299
EPI_ISL_198676|Human|H7N9|2014.025|Asia|,2014.025,-432.2,41.8632788868724,1653,1653,35.934664246824,44.8275862068966
EPI_ISL_198675|Human|H7N9|2014.025|Asia|,2014.025,-431.6,41.8632788868724,1653,1653,36.1161524500907,44.7368421052632
EPI_ISL_198674|Human|H7N9|2014.016|Asia|,2014.016,-433.9,41.8886198547215,1652,1653,35.934664246824,44.8683015440509
EPI_ISL_198673|Human|H7N9|2014.016|Asia|,2014.016,-431.4,41.923774954628,1653,1653,36.1161524500907,44.8275862068966
EPI_ISL_198672|Human|H7N9|2014.005|Asia|,2014.005,-431.8,41.923774954628,1653,1653,36.4791288566243,44.6460980036298
EPI_ISL_198750|Human|H7N9|2015.186|Asia|,2015.186,-433.5,41.9842710223835,1653,1653,37.0235934664247,44.464609800363
EPI_ISL_198749|Human|H7N9|2015.173|Asia|,2015.173,-420.6,41.9842710223835,1653,1653,36.4791288566243,44.7368421052632
EPI_ISL_198748|Human|H7N9|2015.153|Asia|,2015.153,-431.1,42.1052631578947,1653,1653,36.8421052631579,44.7368421052632
EPI_ISL_198747|Human|H7N9|2015.153|Asia|,2015.153,-437.3,42.3472474289171,1653,1653,37.5680580762251,44.7368421052632
EPI_ISL_198746|Human|H7N9|2015.153|Asia|,2015.153,-434.1,41.923774954628,1653,1653,36.4791288566243,44.6460980036298
EPI_ISL_198745|Human|H7N9|2015.11|Asia|,2015.11,-431.2,41.923774954628,1653,1653,36.6606170598911,44.5553539019964
EPI_ISL_198744|Human|H7N9|2015.11|Asia|,2015.11,-428.1,41.9842710223835,1653,1653,36.6606170598911,44.6460980036298
EPI_ISL_198742|Human|H7N9|2015.104|Asia|,2015.104,-421.9,41.9842710223835,1653,1653,36.6606170598911,44.6460980036298
EPI_ISL_198741|Human|H7N9|2015.101|Asia|,2015.101,-435.9,41.923774954628,1653,1653,36.4791288566243,44.6460980036298
EPI_ISL_198740|Human|H7N9|2015.093|Asia|,2015.093,-430.7,41.7422867513612,1653,1653,35.934664246824,44.6460980036298
EPI_ISL_198739|Human|H7N9|2015.09|Asia|,2015.09,-433.8,42.2867513611615,1653,1653,37.2050816696915,44.8275862068966
EPI_ISL_198738|Human|H7N9|2015.09|Asia|,2015.09,-427.7,41.8632788868724,1653,1653,36.1161524500907,44.7368421052632
EPI_ISL_198737|Human|H7N9|2015.079|Asia|,2015.079,-421.9,41.9842710223835,1653,1653,36.6606170598911,44.6460980036298
EPI_ISL_198736|Human|H7N9|2015.071|Asia|,2015.071,-432.4,42.0447670901391,1653,1653,36.6606170598911,44.7368421052632
EPI_ISL_198735|Human|H7N9|2015.071|Asia|,2015.071,-434,42.0447670901391,1653,1653,36.2976406533575,44.9183303085299
EPI_ISL_198733|Human|H7N9|2015.068|Asia|,2015.068,-426.9,41.9842710223835,1653,1653,36.4791288566243,44.7368421052632
EPI_ISL_198732|Human|H7N9|2015.066|Asia|,2015.066,-429.3,41.8632788868724,1653,1653,36.1161524500907,44.7368421052632
EPI_ISL_198731|Human|H7N9|2015.058|Asia|,2015.058,-430.6,41.8632788868724,1653,1653,36.1161524500907,44.7368421052632
EPI_ISL_198730|Human|H7N9|2015.058|Asia|,2015.058,-434.7,42.1657592256503,1653,1653,37.0235934664247,44.7368421052632
EPI_ISL_198729|Human|H7N9|2015.055|Asia|,2015.055,-432.6,41.923774954628,1653,1653,36.2976406533575,44.7368421052632
EPI_ISL_198728|Human|H7N9|2015.049|Asia|,2015.049,-423.7,41.9842710223835,1653,1653,36.6606170598911,44.6460980036298
EPI_ISL_198727|Human|H7N9|2015.041|Asia|,2015.041,-433,42.1052631578947,1653,1653,36.8421052631579,44.7368421052632
EPI_ISL_198726|Human|H7N9|2015.038|Asia|,2015.038,-433.2,42.0447670901391,1653,1653,36.6606170598911,44.7368421052632
EPI_ISL_198725|Human|H7N9|2015.027|Asia|,2015.027,-428.2,42.2262552934059,1653,1653,37.0235934664247,44.8275862068966
EPI_ISL_198724|Human|H7N9|2015.027|Asia|,2015.027,-427.6,41.8027828191168,1653,1653,36.1161524500907,44.6460980036298
EPI_ISL_198723|Human|H7N9|2015.014|Asia|,2015.014,-421.5,41.9842710223835,1653,1653,36.6606170598911,44.6460980036298
EPI_ISL_198722|Human|H7N9|2015.014|Asia|,2015.014,-423.7,42.0447670901391,1653,1653,36.8421052631579,44.6460980036298
EPI_ISL_198721|Human|H7N9|2015.005|Asia|,2015.005,-427.5,42.1052631578947,1653,1653,36.6606170598911,44.8275862068966
EPI_ISL_198718|Human|H7N9|2014.403|Asia|,2014.403,-423.9,42.1052631578947,1653,1653,37.0235934664247,44.6460980036298
EPI_ISL_198711|Human|H7N9|2014.184|Asia|,2014.184,-435.1,42.2262552934059,1653,1653,36.6606170598911,45.0090744101633
EPI_ISL_198710|Human|H7N9|2014.175|Asia|,2014.175,-434.9,42.2867513611615,1653,1653,36.8421052631579,45.0090744101633
EPI_ISL_198708|Human|H7N9|2014.142|Asia|,2014.142,-429,42.0447670901391,1653,1653,36.8421052631579,44.6460980036298
EPI_ISL_198706|Human|H7N9|2014.134|Asia|,2014.134,-430.6,41.923774954628,1653,1653,36.2976406533575,44.7368421052632
EPI_ISL_198705|Human|H7N9|2014.134|Asia|,2014.134,-432.2,41.9842710223835,1653,1653,36.4791288566243,44.7368421052632
EPI_ISL_198704|Human|H7N9|2014.134|Asia|,2014.134,-430.8,42.1052631578947,1653,1653,37.0235934664247,44.6460980036298
EPI_ISL_198703|Human|H7N9|2014.132|Asia|,2014.132,-424.6,41.8027828191168,1653,1653,35.7531760435572,44.8275862068966
EPI_ISL_198702|Human|H7N9|2014.132|Asia|,2014.132,-427.2,41.923774954628,1653,1653,36.2976406533575,44.7368421052632
EPI_ISL_198699|Human|H7N9|2014.112|Asia|,2014.112,-428.9,41.923774954628,1653,1653,36.2976406533575,44.7368421052632
EPI_ISL_198698|Human|H7N9|2014.112|Asia|,2014.112,-440.2,41.923774954628,1653,1653,35.934664246824,44.9183303085299
EPI_ISL_198697|Human|H7N9|2014.11|Asia|,2014.11,-429.9,42.0447670901391,1653,1653,36.8421052631579,44.6460980036298
EPI_ISL_198696|Human|H7N9|2014.101|Asia|,2014.101,-431.6,41.8027828191168,1653,1653,35.7531760435572,44.8275862068966
EPI_ISL_198695|Human|H7N9|2014.099|Asia|,2014.099,-432.4,41.923774954628,1653,1653,35.934664246824,44.9183303085299
EPI_ISL_198694|Human|H7N9|2014.088|Asia|,2014.088,-432.9,41.8632788868724,1653,1653,36.1161524500907,44.7368421052632
EPI_ISL_198693|Human|H7N9|2014.082|Asia|,2014.082,-430.7,42.1052631578947,1653,1653,36.2976406533575,45.0090744101633
EPI_ISL_198692|Human|H7N9|2014.082|Asia|,2014.082,-423.6,41.8027828191168,1653,1653,35.7531760435572,44.8275862068966
EPI_ISL_198691|Human|H7N9|2014.079|Asia|,2014.079,-429,42.0447670901391,1653,1653,36.2976406533575,44.9183303085299
EPI_ISL_198690|Human|H7N9|2014.079|Asia|,2014.079,-432.4,41.923774954628,1653,1653,35.934664246824,44.9183303085299
EPI_ISL_212471|Human|H7N9|2016.115|Asia|,2016.115,-440.1,42.1428571428571,1680,1680,37.6785714285714,44.375
EPI_ISL_215534|Human|H7N9|2014.31|Asia|,2014.31,-442.4,42.1428571428571,1680,1680,36.7857142857143,44.8214285714286
EPI_ISL_215533|Human|H7N9|2014.31|Asia|,2014.31,-442.4,42.1428571428571,1680,1680,36.7857142857143,44.8214285714286
EPI_ISL_221674|Human|H7N9|2015|Asia|,2015,-439.3,42.2619047619048,1680,1680,37.3214285714286,44.7321428571429
EPI_ISL_221672|Human|H7N9|2015|Asia|,2015,-438,42.1428571428571,1680,1680,37.3214285714286,44.5535714285714
EPI_ISL_221671|Human|H7N9|2015|Asia|,2015,-438,42.1428571428571,1680,1680,37.3214285714286,44.5535714285714
EPI_ISL_221667|Human|H7N9|2015|Asia|,2015,-440.7,42.0238095238095,1680,1680,36.9642857142857,44.5535714285714
EPI_ISL_223670|Human|H7N9|2015.036|Asia|,2015.036,-439,42.1428571428571,1680,1680,37.1428571428571,44.6428571428571
EPI_ISL_223680|Human|H7N9|2015.044|Asia|,2015.044,-445.3,42.2023809523809,1680,1680,36.7857142857143,44.9107142857143
EPI_ISL_223673|Human|H7N9|2015.038|Asia|,2015.038,-444.5,42.1428571428571,1680,1680,36.7857142857143,44.8214285714286
EPI_ISL_223672|Human|H7N9|2015.038|Asia|,2015.038,-439,42.1428571428571,1680,1680,37.1428571428571,44.6428571428571
EPI_ISL_233629|Human|H7N9|2016.038|Asia|,2016.038,-439.8,42.0833333333333,1680,1680,37.3214285714286,44.4642857142857
EPI_ISL_233628|Human|H7N9|2016.033|Asia|,2016.033,-431.8,41.9047619047619,1680,1680,36.6071428571429,44.5535714285714
EPI_ISL_239333|Human|H7N9|2016.123|Asia|,2016.123,-436.4,42.1334922526818,1678,1680,37.1428571428571,44.6332737030411
EPI_ISL_239332|Human|H7N9|2016.096|Asia|,2016.096,-434,42.0738974970203,1678,1680,36.7857142857143,44.7227191413238
EPI_ISL_239331|Human|H7N9|2016.03|Asia|,2016.03,-409,42.1052631578947,1634,1653,36.6666666666667,44.7897623400366
EPI_ISL_239330|Human|H7N9|2015.89|Asia|,2015.89,-433.7,42.1083978558666,1679,1680,37.3214285714286,44.5040214477212
EPI_ISL_239329|Human|H7N9|2016.112|Asia|,2016.112,-436.9,42.2262552934059,1653,1653,37.5680580762251,44.5553539019964
EPI_ISL_248792|Human|H7N9|2014.323|Asia|,2014.323,-437.6,42.0833333333333,1680,1680,36.4285714285714,44.9107142857143
EPI_ISL_252549|Human|H7N9|2015.06|Asia|,2015.06,-438.3,41.9547079856973,1678,1680,36.8515205724508,44.5040214477212
EPI_ISL_256214|Human|H7N9|2016.068|Asia|,2016.068,-439.8,42.1679571173317,1679,1680,37.6785714285714,44.4146559428061
EPI_ISL_277448|Human|H7N9|2015.055|Asia|,2015.055,-440.8,42.1428571428571,1680,1680,36.9642857142857,44.7321428571429
EPI_ISL_277447|Human|H7N9|2015.888|Asia|,2015.888,-434.8,41.9642857142857,1680,1680,36.6071428571429,44.6428571428571
EPI_ISL_285559|Human|H7N9|2016.098|Asia|,2016.098,-436.5,42.3636363636364,1650,1650,37.4545454545455,44.8181818181818
EPI_ISL_285558|Human|H7N9|2016.03|Asia|,2016.03,-438.8,41.7857142857143,1680,1680,36.4285714285714,44.4642857142857
EPI_ISL_285557|Human|H7N9|2016.052|Asia|,2016.052,-439.9,41.7857142857143,1680,1680,36.6071428571429,44.375
EPI_ISL_285416|Human|H7N9|2016.148|Asia|,2016.148,-444.9,41.981981981982,1665,1665,36.3963963963964,44.7747747747748
EPI_ISL_285412|Human|H7N9|2016.068|Asia|,2016.068,-439.7,42.2023809523809,1680,1680,37.6785714285714,44.4642857142857
EPI_ISL_285226|Human|H7N9|2015.085|Asia|,2015.085,-444,42.0833333333333,1680,1680,36.6071428571429,44.8214285714286
EPI_ISL_285120|Human|H7N9|2016.03|Asia|,2016.03,-438.1,42.0833333333333,1680,1680,37.3214285714286,44.4642857142857
EPI_ISL_285119|Human|H7N9|2015.973|Asia|,2015.973,-438.6,42.2822822822823,1665,1665,37.4774774774775,44.6846846846847
EPI_ISL_285118|Human|H7N9|2015.093|Asia|,2015.093,-441.2,42.2619047619048,1680,1680,37.3214285714286,44.7321428571429
EPI_ISL_284991|Human|H7N9|2015.477|Asia|,2015.477,-430.5,41.8951132300358,1678,1680,36.6071428571429,44.5438282647585
EPI_ISL_284982|Human|H7N9|2016.161|Asia|,2016.161,-448.3,42.2222222222222,1665,1665,36.7567567567568,44.954954954955
EPI_ISL_285113|Human|H7N9|2016.142|Asia|,2016.142,-438.8,42.2023809523809,1680,1680,37.6785714285714,44.4642857142857
EPI_ISL_285110|Human|H7N9|2016.153|Asia|,2016.153,-440.5,42.2619047619048,1680,1680,37.6785714285714,44.5535714285714
EPI_ISL_285108|Human|H7N9|2016.038|Asia|,2016.038,-431.2,41.981981981982,1665,1665,36.3963963963964,44.7747747747748
EPI_ISL_285184|Human|H7N9|2016.128|Asia|,2016.128,-436.4,42.4024024024024,1665,1665,37.2972972972973,44.954954954955
EPI_ISL_285183|Human|H7N9|2016.09|Asia|,2016.09,-441.2,42.2619047619048,1680,1680,37.5,44.6428571428571
EPI_ISL_285182|Human|H7N9|2016.003|Asia|,2016.003,-440.5,42.2023809523809,1680,1680,37.5,44.5535714285714
EPI_ISL_285181|Human|H7N9|2016|Asia|,2016,-440.5,42.2023809523809,1680,1680,37.5,44.5535714285714
EPI_ISL_285256|Human|H7N9|2016.128|Asia|,2016.128,-441,42.0238095238095,1680,1680,37.3214285714286,44.375
EPI_ISL_364317|Human|H7N9|2015.025|Asia|,2015.025,-432.5,42.1083978558666,1679,1680,36.6071428571429,44.8614834673816
EPI_ISL_379593|Human|H7N9|2016.134|Asia|,2016.134,-444,41.9547079856973,1678,1680,36.6726296958855,44.5933869526363
EPI_ISL_379592|Human|H7N9|2014.068|Asia|,2014.068,-438.6,42.0238095238095,1680,1680,36.9642857142857,44.5535714285714
EPI_ISL_379591|Human|H7N9|2014.307|Asia|,2014.307,-432.6,41.9892793329363,1679,1680,36.8515205724508,44.5535714285714
EPI_ISL_379590|Human|H7N9|2014.268|Asia|,2014.268,-435.7,41.9047619047619,1680,1680,36.7857142857143,44.4642857142857
EPI_ISL_379589|Human|H7N9|2014.205|Asia|,2014.205,-435.2,41.7857142857143,1680,1680,36.25,44.5535714285714
EPI_ISL_379588|Human|H7N9|2015.342|Asia|,2015.342,-439,42.0833333333333,1680,1680,37.1428571428571,44.5535714285714
EPI_ISL_379587|Human|H7N9|2014.271|Asia|,2014.271,-438.3,42.0738974970203,1678,1680,36.8515205724508,44.6827524575514
EPI_ISL_379586|Human|H7N9|2016.033|Asia|,2016.033,-443.8,42.0238095238095,1680,1680,36.9642857142857,44.5535714285714
EPI_ISL_399682|Human|H7N9|2014.134|Asia|,2014.134,-432.2,41.8452380952381,1680,1680,36.0714285714286,44.7321428571429
EPI_ISL_426185|Human|H7N9|2015.175|Asia|,2015.175,-440.3,42.2023809523809,1680,1680,37.1428571428571,44.7321428571429
EPI_ISL_426184|Human|H7N9|2014.942|Asia|,2014.942,-438.3,42.0833333333333,1680,1680,37.1428571428571,44.5535714285714
EPI_ISL_4071297|Rodent|H7N9|2015.953|Asia|,2015.953,-433.2,41.9642857142857,1680,1680,36.7857142857143,44.5535714285714
EPI_ISL_217947|Human|H7N9|2016.298|Asia|,2016.298,-441.6,42.2023809523809,1680,1680,37.5,44.5535714285714
EPI_ISL_215688|Human|H7N9|2016.227|Asia|,2016.227,-432.6,42.0238095238095,1680,1680,36.6071428571429,44.7321428571429
EPI_ISL_239994|Human|H7N9|2016.964|Asia|,2016.964,-440.2,42.0833333333333,1680,1680,37.3214285714286,44.4642857142857
EPI_ISL_240520|Human|H7N9|2016.989|Asia|,2016.989,-434.9,41.8452380952381,1680,1680,36.4285714285714,44.5535714285714
EPI_ISL_240829|Human|H7N9|2017.011|Asia|,2017.011,-440.2,42.1428571428571,1680,1680,37.5,44.4642857142857
EPI_ISL_242275|Human|H7N9|2017.022|Asia|,2017.022,-429.9,41.9047619047619,1680,1680,36.25,44.7321428571429
EPI_ISL_242867|Human|H7N9|2017|Asia|,2017,-442.5,42.2619047619048,1680,1680,38.0357142857143,44.375
EPI_ISL_242866|Human|H7N9|2016.765|Asia|,2016.765,-442.6,42.2275163787969,1679,1680,37.5,44.5933869526363
EPI_ISL_242865|Human|H7N9|2016.943|Asia|,2016.943,-438.8,42.3214285714286,1680,1680,38.0357142857143,44.4642857142857
EPI_ISL_242864|Human|H7N9|2016.945|Asia|,2016.945,-436.5,42.1083978558666,1679,1680,37.567084078712,44.375
EPI_ISL_242863|Human|H7N9|2016.962|Asia|,2016.962,-439.2,42.2619047619048,1680,1680,37.6785714285714,44.5535714285714
EPI_ISL_242862|Human|H7N9|2016.97|Asia|,2016.97,-439.2,42.2023809523809,1680,1680,37.8571428571429,44.375
EPI_ISL_242861|Human|H7N9|2016.981|Asia|,2016.981,-436.4,41.8452380952381,1680,1680,36.6071428571429,44.4642857142857
EPI_ISL_242860|Human|H7N9|2016.978|Asia|,2016.978,-439.2,42.2619047619048,1680,1680,38.0357142857143,44.375
EPI_ISL_242859|Human|H7N9|2016.975|Asia|,2016.975,-439.2,42.2023809523809,1680,1680,37.8571428571429,44.375
EPI_ISL_242858|Human|H7N9|2016.97|Asia|,2016.97,-441.7,41.9892793329363,1679,1680,36.6071428571429,44.6827524575514
EPI_ISL_242857|Human|H7N9|2016.97|Asia|,2016.97,-436.8,42.2275163787969,1679,1680,37.6785714285714,44.5040214477212
EPI_ISL_242856|Human|H7N9|2017.016|Asia|,2017.016,-439.5,42.2619047619048,1680,1680,37.8571428571429,44.4642857142857
EPI_ISL_242855|Human|H7N9|2017.008|Asia|,2017.008,-439.2,42.2023809523809,1680,1680,37.8571428571429,44.375
EPI_ISL_242854|Human|H7N9|2016.926|Asia|,2016.926,-431.9,42.0833333333333,1680,1680,37.5,44.375
EPI_ISL_242853|Human|H7N9|2016.997|Asia|,2016.997,-439.1,42.2023809523809,1680,1680,37.8571428571429,44.375
EPI_ISL_242852|Human|H7N9|2016.986|Asia|,2016.986,-433.4,41.9047619047619,1680,1680,36.7857142857143,44.4642857142857
EPI_ISL_242851|Human|H7N9|2017.011|Asia|,2017.011,-434.5,42.2023809523809,1680,1680,37.8571428571429,44.375
EPI_ISL_242850|Human|H7N9|2016.989|Asia|,2016.989,-442.5,42.2023809523809,1680,1680,38.0357142857143,44.2857142857143
EPI_ISL_242849|Human|H7N9|2016.995|Asia|,2016.995,-429.3,41.6666666666667,1680,1680,36.0714285714286,44.4642857142857
EPI_ISL_242848|Human|H7N9|2017.003|Asia|,2017.003,-431.8,41.8452380952381,1680,1680,36.6071428571429,44.4642857142857
EPI_ISL_242847|Human|H7N9|2017.011|Asia|,2017.011,-435,41.9047619047619,1680,1680,36.7857142857143,44.4642857142857
EPI_ISL_242888|Human|H7N9|2016.948|Asia|,2016.948,-434.7,42.0238095238095,1680,1680,36.7857142857143,44.6428571428571
EPI_ISL_242871|Human|H7N9|2016.937|Asia|,2016.937,-432.2,41.9047619047619,1680,1680,36.25,44.7321428571429
EPI_ISL_242870|Human|H7N9|2016.989|Asia|,2016.989,-436.3,42.0833333333333,1680,1680,36.9642857142857,44.6428571428571
EPI_ISL_242897|Human|H7N9|2016.964|Asia|,2016.964,-436.5,42.2023809523809,1680,1680,37.8571428571429,44.375
EPI_ISL_242896|Human|H7N9|2016.964|Asia|,2016.964,-435.9,42.2619047619048,1680,1680,38.0357142857143,44.375
EPI_ISL_242895|Human|H7N9|2016.948|Asia|,2016.948,-435.2,42.2023809523809,1680,1680,37.8571428571429,44.375
EPI_ISL_242890|Human|H7N9|2016.973|Asia|,2016.973,-439.2,42.2526817640048,1678,1680,37.8571428571429,44.4543828264759
EPI_ISL_242872|Human|H7N9|2016.885|Asia|,2016.885,-437.4,42.1930870083433,1678,1680,37.7459749552773,44.4146559428061
EPI_ISL_242843|Human|H7N9|2017.014|Asia|,2017.014,-435.3,42.0833333333333,1680,1680,37.6785714285714,44.2857142857143
EPI_ISL_242842|Human|H7N9|2017|Asia|,2017,-442.5,42.2619047619048,1680,1680,37.6785714285714,44.5535714285714
EPI_ISL_242901|Human|H7N9|2016.874|Asia|,2016.874,-439.4,42.2023809523809,1680,1680,37.6785714285714,44.4642857142857
EPI_ISL_242900|Human|H7N9|2016.97|Asia|,2016.97,-436.7,42.3214285714286,1680,1680,38.0357142857143,44.4642857142857
EPI_ISL_242899|Human|H7N9|2016.964|Asia|,2016.964,-438.8,42.2023809523809,1680,1680,37.8571428571429,44.375
EPI_ISL_242898|Human|H7N9|2016.964|Asia|,2016.964,-435.2,42.1679571173317,1679,1680,37.8571428571429,44.325290437891
EPI_ISL_242894|Human|H7N9|2016.964|Asia|,2016.964,-435.3,42.3214285714286,1680,1680,38.0357142857143,44.4642857142857
EPI_ISL_242893|Human|H7N9|2016.954|Asia|,2016.954,-434.4,42.2275163787969,1679,1680,37.8571428571429,44.4146559428061
EPI_ISL_242892|Human|H7N9|2016.954|Asia|,2016.954,-436.8,42.2619047619048,1680,1680,37.8571428571429,44.4642857142857
EPI_ISL_242891|Human|H7N9|2016.97|Asia|,2016.97,-436.7,42.3214285714286,1680,1680,38.0357142857143,44.4642857142857
EPI_ISL_242889|Human|H7N9|2016.962|Asia|,2016.962,-441.7,42.4061941631924,1679,1680,38.0357142857143,44.5933869526363
EPI_ISL_242887|Human|H7N9|2016.956|Asia|,2016.956,-439.2,42.2023809523809,1680,1680,37.8571428571429,44.375
EPI_ISL_242886|Human|H7N9|2016.964|Asia|,2016.964,-435.4,42.2870756402621,1679,1680,38.0357142857143,44.4146559428061
EPI_ISL_242885|Human|H7N9|2016.964|Asia|,2016.964,-437.6,42.2619047619048,1680,1680,37.8571428571429,44.4642857142857
EPI_ISL_242884|Human|H7N9|2016.956|Asia|,2016.956,-444.4,42.3214285714286,1680,1680,37.8571428571429,44.5535714285714
EPI_ISL_242883|Human|H7N9|2016.899|Asia|,2016.899,-445.9,42.0833333333333,1680,1680,37.5,44.375
EPI_ISL_242882|Human|H7N9|2016.918|Asia|,2016.918,-443.3,42.0238095238095,1680,1680,37.3214285714286,44.375
EPI_ISL_242881|Human|H7N9|2016.929|Asia|,2016.929,-441.4,42.2619047619048,1680,1680,38.0357142857143,44.375
EPI_ISL_242880|Human|H7N9|2016.94|Asia|,2016.94,-439.2,42.1428571428571,1680,1680,37.8571428571429,44.2857142857143
EPI_ISL_242879|Human|H7N9|2016.945|Asia|,2016.945,-439.7,42.1428571428571,1680,1680,37.6785714285714,44.375
EPI_ISL_242878|Human|H7N9|2016.948|Asia|,2016.948,-444,42.1428571428571,1680,1680,37.5,44.4642857142857
EPI_ISL_242877|Human|H7N9|2016.967|Asia|,2016.967,-437.3,42.2023809523809,1680,1680,37.6785714285714,44.4642857142857
EPI_ISL_242876|Human|H7N9|2016.956|Asia|,2016.956,-438.5,42.1428571428571,1680,1680,37.5,44.4642857142857
EPI_ISL_242875|Human|H7N9|2016.872|Asia|,2016.872,-441.2,42.3809523809524,1680,1680,38.2142857142857,44.4642857142857
EPI_ISL_242874|Human|H7N9|2016.937|Asia|,2016.937,-434.9,42.0833333333333,1680,1680,37.5,44.375
EPI_ISL_242873|Human|H7N9|2016.817|Asia|,2016.817,-441.2,42.3809523809524,1680,1680,38.2142857142857,44.4642857142857
EPI_ISL_242869|Human|H7N9|2016.888|Asia|,2016.888,-437.9,42.2619047619048,1680,1680,38.0357142857143,44.375
EPI_ISL_242868|Human|H7N9|2016.986|Asia|,2016.986,-438.1,42.2870756402621,1679,1680,38.1037567084079,44.375
EPI_ISL_242846|Human|H7N9|2017.019|Asia|,2017.019,-435.9,42.1428571428571,1680,1680,37.8571428571429,44.2857142857143
EPI_ISL_242845|Human|H7N9|2017.027|Asia|,2017.027,-439.6,42.3214285714286,1680,1680,37.6785714285714,44.6428571428571
EPI_ISL_242844|Human|H7N9|2017.014|Asia|,2017.014,-430.9,41.9047619047619,1680,1680,36.7857142857143,44.4642857142857
EPI_ISL_248314|Human|H7N9|2016.948|Asia|,2016.948,-444,42.1428571428571,1680,1680,37.5,44.4642857142857
EPI_ISL_248778|Human|H7N9|2017.09|Asia|,2017.09,-438.3,42.3758865248227,1692,1692,37.5886524822695,44.7695035460993
EPI_ISL_248313|Human|H7N9|2016.918|Asia|,2016.918,-443.3,42.0238095238095,1680,1680,37.3214285714286,44.375
EPI_ISL_249102|Human|H7N9|2017.036|Asia|,2017.036,-438,42.3167848699764,1692,1692,37.2340425531915,44.8581560283688
EPI_ISL_249621|Human|H7N9|2016.967|Asia|,2016.967,-444.7,42.2023809523809,1680,1680,37.8571428571429,44.375
EPI_ISL_249668|Human|H7N9|2016.986|Asia|,2016.986,-439,42.2023809523809,1680,1680,37.8571428571429,44.375
EPI_ISL_249652|Human|H7N9|2016.984|Asia|,2016.984,-442.3,42.0238095238095,1680,1680,37.1428571428571,44.4642857142857
EPI_ISL_249638|Human|H7N9|2016.964|Asia|,2016.964,-439.2,42.2023809523809,1680,1680,37.8571428571429,44.375
EPI_ISL_249600|Human|H7N9|2016.956|Asia|,2016.956,-443,42.0833333333333,1680,1680,37.5,44.375
EPI_ISL_249309|Human|H7N9|2017.005|Asia|,2017.005,-435.2,42.1985815602837,1692,1692,37.4113475177305,44.5921985815603
EPI_ISL_249308|Human|H7N9|2017.03|Asia|,2017.03,-438,42.3167848699764,1692,1692,37.2340425531915,44.8581560283688
EPI_ISL_250425|Human|H7N9|2016.995|Asia|,2016.995,-440.5,42.3214285714286,1680,1680,37.6785714285714,44.6428571428571
EPI_ISL_250424|Human|H7N9|2016.997|Asia|,2016.997,-437.6,42.0238095238095,1680,1680,36.7857142857143,44.6428571428571
EPI_ISL_250317|Human|H7N9|2017.107|Asia|,2017.107,-434.9,41.9642857142857,1680,1680,36.7857142857143,44.5535714285714
EPI_ISL_250316|Human|H7N9|2017.101|Asia|,2017.101,-432.9,41.9642857142857,1680,1680,37.1428571428571,44.375
EPI_ISL_250315|Human|H7N9|2017.101|Asia|,2017.101,-436.2,42.1428571428571,1680,1680,37.3214285714286,44.5535714285714
EPI_ISL_250314|Human|H7N9|2017.052|Asia|,2017.052,-440.5,41.9047619047619,1680,1680,36.6071428571429,44.5535714285714
EPI_ISL_250313|Human|H7N9|2017.041|Asia|,2017.041,-434.5,42.0238095238095,1680,1680,37.1428571428571,44.4642857142857
EPI_ISL_250312|Human|H7N9|2017.085|Asia|,2017.085,-439.7,42.25768321513,1692,1692,37.2340425531915,44.7695035460993
EPI_ISL_250311|Human|H7N9|2017.008|Asia|,2017.008,-435.3,42.1394799054374,1692,1692,37.2340425531915,44.5921985815603
EPI_ISL_253626|Human|H7N9|2017.175|Asia|,2017.175,-430.3,41.8452380952381,1680,1680,36.6071428571429,44.4642857142857
EPI_ISL_256109|Human|H7N9|2017.008|Asia|,2017.008,-435.7,42.0212765957447,1692,1692,37.2340425531915,44.4148936170213
EPI_ISL_256108|Human|H7N9|2017.008|Asia|,2017.008,-435.2,42.1985815602837,1692,1692,37.4113475177305,44.5921985815603
EPI_ISL_257022|Human|H7N9|2017.036|Asia|,2017.036,-438,42.3167848699764,1692,1692,37.2340425531915,44.8581560283688
EPI_ISL_258034|Human|H7N9|2017.09|Asia|,2017.09,-437.8,42.2619047619048,1680,1680,37.8571428571429,44.4642857142857
EPI_ISL_258006|Human|H7N9|2017.09|Asia|,2017.09,-429.5,41.8008348240906,1677,1680,36.6071428571429,44.4046553267681
EPI_ISL_258005|Human|H7N9|2017.06|Asia|,2017.06,-447.4,42.0238095238095,1680,1680,36.6071428571429,44.7321428571429
EPI_ISL_258004|Human|H7N9|2017.077|Asia|,2017.077,-443.2,42.2619047619048,1680,1680,38.0357142857143,44.375
EPI_ISL_258002|Human|H7N9|2017.033|Asia|,2017.033,-437.9,42.1930870083433,1678,1680,37.8571428571429,44.3649373881932
EPI_ISL_258001|Human|H7N9|2017.101|Asia|,2017.101,-438.4,42.2023809523809,1680,1680,37.6785714285714,44.4642857142857
EPI_ISL_258000|Human|H7N9|2017.085|Asia|,2017.085,-437.6,42.2526817640048,1678,1680,37.7459749552773,44.5040214477212
EPI_ISL_257999|Human|H7N9|2017.09|Asia|,2017.09,-443.5,42.2619047619048,1680,1680,38.2142857142857,44.2857142857143
EPI_ISL_257998|Human|H7N9|2017.077|Asia|,2017.077,-439.2,42.2619047619048,1680,1680,37.6785714285714,44.5535714285714
EPI_ISL_257997|Human|H7N9|2017.09|Asia|,2017.09,-438.7,42.2870756402621,1679,1680,37.7459749552773,44.5535714285714
EPI_ISL_257996|Human|H7N9|2017.09|Asia|,2017.09,-440.7,42.4404761904762,1680,1680,38.2142857142857,44.5535714285714
EPI_ISL_257995|Human|H7N9|2017.101|Asia|,2017.101,-438.7,42.3214285714286,1680,1680,37.8571428571429,44.5535714285714
EPI_ISL_257993|Human|H7N9|2017.099|Asia|,2017.099,-439.6,42.3214285714286,1680,1680,37.6785714285714,44.6428571428571
EPI_ISL_257992|Human|H7N9|2017.09|Asia|,2017.09,-438.7,42.3466349017272,1679,1680,37.8571428571429,44.5933869526363
EPI_ISL_257991|Human|H7N9|2017.082|Asia|,2017.082,-439.2,42.2619047619048,1680,1680,37.6785714285714,44.5535714285714
EPI_ISL_258029|Human|H7N9|2017.096|Asia|,2017.096,-445.5,42.0833333333333,1680,1680,36.9642857142857,44.6428571428571
EPI_ISL_258028|Human|H7N9|2017.071|Asia|,2017.071,-444.5,42.0238095238095,1680,1680,36.7857142857143,44.6428571428571
EPI_ISL_258027|Human|H7N9|2017.052|Asia|,2017.052,-439.6,42.0989862850328,1677,1680,36.9175627240143,44.6827524575514
EPI_ISL_258026|Human|H7N9|2017.137|Asia|,2017.137,-432.1,42.1428571428571,1680,1680,37.5,44.4642857142857
EPI_ISL_258025|Human|H7N9|2017.033|Asia|,2017.033,-435,42.2275163787969,1679,1680,37.7459749552773,44.4642857142857
EPI_ISL_258024|Human|H7N9|2017.033|Asia|,2017.033,-436.8,42.2619047619048,1680,1680,37.8571428571429,44.4642857142857
EPI_ISL_258023|Human|H7N9|2017.014|Asia|,2017.014,-435.2,42.2023809523809,1680,1680,37.8571428571429,44.375
EPI_ISL_258022|Human|H7N9|2016.997|Asia|,2016.997,-433.2,42.3031026252983,1676,1680,38.0357142857143,44.4444444444444
EPI_ISL_258021|Human|H7N9|2017.082|Asia|,2017.082,-433.1,42.2526817640048,1678,1680,37.9248658318426,44.4146559428061
EPI_ISL_258020|Human|H7N9|2017.044|Asia|,2017.044,-434.8,42.2023809523809,1680,1680,37.6785714285714,44.4642857142857
EPI_ISL_258019|Human|H7N9|2017.044|Asia|,2017.044,-434.8,42.2023809523809,1680,1680,37.6785714285714,44.4642857142857
EPI_ISL_258018|Human|H7N9|2017.033|Asia|,2017.033,-436.8,42.3214285714286,1680,1680,38.0357142857143,44.4642857142857
EPI_ISL_258017|Human|H7N9|2017.123|Asia|,2017.123,-437.3,42.3214285714286,1680,1680,38.0357142857143,44.4642857142857
EPI_ISL_258016|Human|H7N9|2017.121|Asia|,2017.121,-437.3,42.3214285714286,1680,1680,38.0357142857143,44.4642857142857
EPI_ISL_258015|Human|H7N9|2017.121|Asia|,2017.121,-437.3,42.3214285714286,1680,1680,38.0357142857143,44.4642857142857
EPI_ISL_258014|Human|H7N9|2017.121|Asia|,2017.121,-435.9,42.1679571173317,1679,1680,37.8571428571429,44.325290437891
EPI_ISL_258013|Human|H7N9|2017.121|Asia|,2017.121,-436.2,42.2023809523809,1680,1680,37.8571428571429,44.375
EPI_ISL_258012|Human|H7N9|2017.033|Asia|,2017.033,-437,42.1679571173317,1679,1680,36.8515205724508,44.8214285714286
EPI_ISL_258011|Human|H7N9|2017.052|Asia|,2017.052,-434.9,42.2023809523809,1680,1680,37.8571428571429,44.375
EPI_ISL_257990|Human|H7N9|2017.137|Asia|,2017.137,-439.2,42.2023809523809,1680,1680,37.8571428571429,44.375
EPI_ISL_257989|Human|H7N9|2017.137|Asia|,2017.137,-439.2,42.2023809523809,1680,1680,37.8571428571429,44.375
EPI_ISL_257988|Human|H7N9|2017.137|Asia|,2017.137,-439,42.3214285714286,1680,1680,38.0357142857143,44.4642857142857
EPI_ISL_258033|Human|H7N9|2017.126|Asia|,2017.126,-432.7,41.9047619047619,1680,1680,36.7857142857143,44.4642857142857
EPI_ISL_257985|Human|H7N9|2017.06|Asia|,2017.06,-434.6,42.0238095238095,1680,1680,36.7857142857143,44.6428571428571
EPI_ISL_257984|Human|H7N9|2017.09|Asia|,2017.09,-440.6,41.9642857142857,1680,1680,37.3214285714286,44.2857142857143
EPI_ISL_257983|Human|H7N9|2017.093|Asia|,2017.093,-433.3,41.8452380952381,1680,1680,36.6071428571429,44.4642857142857
EPI_ISL_257982|Human|H7N9|2017.063|Asia|,2017.063,-439.3,42.0238095238095,1680,1680,37.1428571428571,44.4642857142857
EPI_ISL_257981|Human|H7N9|2017.126|Asia|,2017.126,-432.7,41.9047619047619,1680,1680,36.7857142857143,44.4642857142857
EPI_ISL_258036|Human|H7N9|2017.17|Asia|,2017.17,-444.7,42.2619047619048,1680,1680,37.3214285714286,44.7321428571429
EPI_ISL_258035|Human|H7N9|2017.17|Asia|,2017.17,-444.4,42.2023809523809,1680,1680,37.3214285714286,44.6428571428571
EPI_ISL_258032|Human|H7N9|2017.107|Asia|,2017.107,-435,41.9047619047619,1680,1680,36.7857142857143,44.4642857142857
EPI_ISL_258031|Human|H7N9|2017.14|Asia|,2017.14,-436,42.2023809523809,1680,1680,37.6785714285714,44.4642857142857
EPI_ISL_258030|Human|H7N9|2017.14|Asia|,2017.14,-436,42.2023809523809,1680,1680,37.6785714285714,44.4642857142857
EPI_ISL_258010|Human|H7N9|2017.071|Asia|,2017.071,-438.2,42.3809523809524,1680,1680,37.8571428571429,44.6428571428571
EPI_ISL_258009|Human|H7N9|2017.101|Asia|,2017.101,-441.4,42.3718712753278,1678,1680,37.5,44.8121645796064
EPI_ISL_258008|Human|H7N9|2017.104|Asia|,2017.104,-434.3,42.1428571428571,1680,1680,37.5,44.4642857142857
EPI_ISL_258007|Human|H7N9|2017.055|Asia|,2017.055,-439.2,42.2023809523809,1680,1680,37.8571428571429,44.375
EPI_ISL_258003|Human|H7N9|2017.093|Asia|,2017.093,-434.6,42.1428571428571,1680,1680,37.6785714285714,44.375
EPI_ISL_257994|Human|H7N9|2017.036|Asia|,2017.036,-435,41.9642857142857,1680,1680,36.7857142857143,44.5535714285714
EPI_ISL_257987|Human|H7N9|2017.134|Asia|,2017.134,-436.2,42.0833333333333,1680,1680,37.3214285714286,44.4642857142857
EPI_ISL_257986|Human|H7N9|2017.134|Asia|,2017.134,-437.2,42.1428571428571,1680,1680,37.6785714285714,44.375
EPI_ISL_258409|Human|H7N9|2017.132|Asia|,2017.132,-439.5,42.1985815602837,1692,1692,37.0567375886525,44.7695035460993
EPI_ISL_259269|Human|H7N9|2017.011|Asia|,2017.011,-440.2,42.1428571428571,1680,1680,37.5,44.4642857142857
EPI_ISL_259757|Human|H7N9|2017.192|Asia|,2017.192,-434.3,41.9621749408983,1692,1692,36.7021276595745,44.5921985815603
EPI_ISL_261072|Human|H7N9|2017.107|Asia|,2017.107,-435,41.9047619047619,1680,1680,36.7857142857143,44.4642857142857
EPI_ISL_263365|Human|H7N9|2017.008|Asia|,2017.008,-432.2,42.0212765957447,1692,1692,37.4113475177305,44.3262411347518
EPI_ISL_266936|Human|H7N9|2017.318|Asia|,2017.318,-439.5,42.080378250591,1692,1692,37.0567375886525,44.5921985815603
EPI_ISL_266935|Human|H7N9|2017.318|Asia|,2017.318,-439.5,42.080378250591,1692,1692,37.0567375886525,44.5921985815603
EPI_ISL_267764|Human|H7N9|2017.192|Asia|,2017.192,-433.3,41.9869899467771,1691,1692,36.7021276595745,44.6317657497782
EPI_ISL_267763|Human|H7N9|2017.189|Asia|,2017.189,-435.9,42.2235363690124,1691,1692,37.2340425531915,44.7204968944099
EPI_ISL_267762|Human|H7N9|2017.175|Asia|,2017.175,-437,42.1985815602837,1692,1692,37.0567375886525,44.7695035460993
EPI_ISL_267761|Human|H7N9|2017.123|Asia|,2017.123,-434.5,42.4940898345154,1692,1692,37.5886524822695,44.9468085106383
EPI_ISL_267760|Human|H7N9|2017.107|Asia|,2017.107,-439.5,42.25768321513,1692,1692,37.2340425531915,44.7695035460993
EPI_ISL_267759|Human|H7N9|2017.142|Asia|,2017.142,-441.7,42.4009461856889,1691,1692,37.4113475177305,44.8979591836735
EPI_ISL_267758|Human|H7N9|2017.06|Asia|,2017.06,-435.2,42.25768321513,1692,1692,37.4113475177305,44.6808510638298
EPI_ISL_268509|Human|H7N9|2017.208|Asia|,2017.208,-439.5,42.1985815602837,1692,1692,37.0567375886525,44.7695035460993
EPI_ISL_268508|Human|H7N9|2017.208|Asia|,2017.208,-436,42.1985815602837,1692,1692,36.8794326241135,44.8581560283688
EPI_ISL_268507|Human|H7N9|2017.203|Asia|,2017.203,-439.5,42.1985815602837,1692,1692,37.0567375886525,44.7695035460993
EPI_ISL_268506|Human|H7N9|2017.197|Asia|,2017.197,-439.1,42.1394799054374,1692,1692,37.0567375886525,44.6808510638298
EPI_ISL_268505|Human|H7N9|2017.192|Asia|,2017.192,-441.89,42.2485207100592,1690,1692,36.8794326241135,44.9378330373002
EPI_ISL_268504|Human|H7N9|2017.17|Asia|,2017.17,-439.5,42.1985815602837,1692,1692,37.0567375886525,44.7695035460993
EPI_ISL_268503|Human|H7N9|2017.167|Asia|,2017.167,-439.5,42.1394799054374,1692,1692,36.8794326241135,44.7695035460993
EPI_ISL_268502|Human|H7N9|2017.156|Asia|,2017.156,-443.6,42.434988179669,1692,1692,37.4113475177305,44.9468085106383
EPI_ISL_268501|Human|H7N9|2017.156|Asia|,2017.156,-440.6,42.1985815602837,1692,1692,37.0567375886525,44.7695035460993
EPI_ISL_268500|Human|H7N9|2017.159|Asia|,2017.159,-440.9,42.1394799054374,1692,1692,36.8794326241135,44.7695035460993
EPI_ISL_268499|Human|H7N9|2017.132|Asia|,2017.132,-437.7,42.2485207100592,1690,1692,37.1225577264654,44.8092280390417
EPI_ISL_268498|Human|H7N9|2017.145|Asia|,2017.145,-439.5,42.25768321513,1692,1692,37.0567375886525,44.8581560283688
EPI_ISL_268526|Human|H7N9|2017.17|Asia|,2017.17,-439.5,42.1985815602837,1692,1692,37.0567375886525,44.7695035460993
EPI_ISL_268525|Human|H7N9|2017.167|Asia|,2017.167,-440.7,42.5253126861227,1679,1680,38.4615384615385,44.5535714285714
EPI_ISL_268524|Human|H7N9|2017.156|Asia|,2017.156,-440.6,42.1985815602837,1692,1692,37.0567375886525,44.7695035460993
EPI_ISL_268523|Human|H7N9|2017.159|Asia|,2017.159,-440.9,42.1394799054374,1692,1692,36.8794326241135,44.7695035460993
EPI_ISL_268512|Human|H7N9|2017.142|Asia|,2017.142,-439.5,42.25768321513,1692,1692,37.0567375886525,44.8581560283688
EPI_ISL_269518|Human|H7N9|2017.34|Asia|,2017.34,-439.1,42.25768321513,1692,1692,37.0567375886525,44.8581560283688
EPI_ISL_269517|Human|H7N9|2017.274|Asia|,2017.274,-438.7,42.3167848699764,1692,1692,37.0567375886525,44.9468085106383
EPI_ISL_269516|Human|H7N9|2017.362|Asia|,2017.362,-436.9,42.1985815602837,1692,1692,37.2340425531915,44.6808510638298
EPI_ISL_269513|Human|H7N9|2017.159|Asia|,2017.159,-440.4,42.3758865248227,1692,1692,37.2340425531915,44.9468085106383
EPI_ISL_269512|Human|H7N9|2017.175|Asia|,2017.175,-439.9,42.1394799054374,1692,1692,37.0567375886525,44.6808510638298
EPI_ISL_269511|Human|H7N9|2017.112|Asia|,2017.112,-437.5,42.3167848699764,1692,1692,37.0567375886525,44.9468085106383
EPI_ISL_273350|Human|H7N9|2017.093|Asia|,2017.093,-442.8,42.3466349017272,1679,1680,37.9248658318426,44.5535714285714
EPI_ISL_276787|Human|H7N9|2017.367|Asia|,2017.367,-435,41.9047619047619,1680,1680,36.7857142857143,44.4642857142857
EPI_ISL_276782|Human|H7N9|2017.367|Asia|,2017.367,-435,41.9642857142857,1680,1680,36.7857142857143,44.5535714285714
EPI_ISL_276781|Human|H7N9|2017.367|Asia|,2017.367,-433.5,41.7857142857143,1680,1680,36.6071428571429,44.375
EPI_ISL_280902|Human|H7N9|2017.005|Asia|,2017.005,-436.2,42.1394799054374,1692,1692,37.2340425531915,44.5921985815603
EPI_ISL_280901|Human|H7N9|2017.005|Asia|,2017.005,-436.2,42.1394799054374,1692,1692,37.2340425531915,44.5921985815603
EPI_ISL_280900|Human|H7N9|2017.09|Asia|,2017.09,-439.9,42.434988179669,1692,1692,37.5886524822695,44.8581560283688
EPI_ISL_280894|Human|H7N9|2017.09|Asia|,2017.09,-439.9,42.434988179669,1692,1692,37.5886524822695,44.8581560283688
EPI_ISL_282151|Human|H7N9|2017.101|Asia|,2017.101,-441.7,42.2023809523809,1680,1680,38.0357142857143,44.2857142857143
EPI_ISL_282150|Human|H7N9|2017.082|Asia|,2017.082,-439.2,42.2275163787969,1679,1680,37.8571428571429,44.4146559428061
EPI_ISL_282158|Human|H7N9|2017.093|Asia|,2017.093,-436.4,42.1334922526818,1678,1680,37.8571428571429,44.2754919499106
EPI_ISL_282157|Human|H7N9|2017.068|Asia|,2017.068,-439.2,42.2619047619048,1680,1680,37.8571428571429,44.4642857142857
EPI_ISL_282156|Human|H7N9|2017.099|Asia|,2017.099,-439.2,42.2023809523809,1680,1680,37.8571428571429,44.375
EPI_ISL_282155|Human|H7N9|2017.099|Asia|,2017.099,-439.2,42.2023809523809,1680,1680,37.8571428571429,44.375
EPI_ISL_282154|Human|H7N9|2017.093|Asia|,2017.093,-439,42.3214285714286,1680,1680,38.0357142857143,44.4642857142857
EPI_ISL_282153|Human|H7N9|2017.093|Asia|,2017.093,-439.7,42.1428571428571,1680,1680,37.6785714285714,44.375
EPI_ISL_282152|Human|H7N9|2017.09|Asia|,2017.09,-443,42.2619047619048,1680,1680,38.0357142857143,44.375
EPI_ISL_282170|Human|H7N9|2017.063|Asia|,2017.063,-441.1,42.1679571173317,1679,1680,37.6785714285714,44.4146559428061
EPI_ISL_282169|Human|H7N9|2016.197|Asia|,2016.197,-439.6,42.2023809523809,1680,1680,37.3214285714286,44.6428571428571
EPI_ISL_285024|Human|H7N9|2017.219|Asia|,2017.219,-433.6,42.2023809523809,1680,1680,37.8571428571429,44.375
EPI_ISL_285023|Human|H7N9|2017.195|Asia|,2017.195,-433.2,42.0989862850328,1677,1680,37.8136200716846,44.2359249329759
EPI_ISL_285022|Human|H7N9|2017.427|Asia|,2017.427,-438,42.1428571428571,1680,1680,37.8571428571429,44.2857142857143
EPI_ISL_285021|Human|H7N9|2017.367|Asia|,2017.367,-432.7,42.1930870083433,1678,1680,38.0357142857143,44.2754919499106
EPI_ISL_285020|Human|H7N9|2017.419|Asia|,2017.419,-436.1,42.2619047619048,1680,1680,38.0357142857143,44.375
EPI_ISL_285019|Human|H7N9|2017.312|Asia|,2017.312,-434.3,42.1679571173317,1679,1680,37.8571428571429,44.325290437891
EPI_ISL_285018|Human|H7N9|2017.17|Asia|,2017.17,-432.5,42.0393559928444,1677,1680,37.8571428571429,44.136078782453
EPI_ISL_285017|Human|H7N9|2017.329|Asia|,2017.329,-436.7,42.2023809523809,1680,1680,37.8571428571429,44.375
EPI_ISL_284992|Human|H7N9|2016.437|Asia|,2016.437,-438.8,42.1428571428571,1680,1680,37.5,44.4642857142857
EPI_ISL_284990|Human|H7N9|2017.044|Asia|,2017.044,-438.8,42.2023809523809,1680,1680,37.5,44.5535714285714
EPI_ISL_284989|Human|H7N9|2017.025|Asia|,2017.025,-440.4,42.2023809523809,1680,1680,37.5,44.5535714285714
EPI_ISL_284988|Human|H7N9|2017.397|Asia|,2017.397,-438.9,42.1428571428571,1680,1680,37.8571428571429,44.2857142857143
EPI_ISL_284987|Human|H7N9|2017.411|Asia|,2017.411,-443.3,42.0833333333333,1680,1680,36.9642857142857,44.6428571428571
EPI_ISL_284986|Human|H7N9|2017.164|Asia|,2017.164,-431.6,42.1428571428571,1680,1680,37.6785714285714,44.375
EPI_ISL_284985|Human|H7N9|2017.159|Asia|,2017.159,-431.6,42.1428571428571,1680,1680,37.6785714285714,44.375
EPI_ISL_284984|Human|H7N9|2017.159|Asia|,2017.159,-439.4,42.3122765196663,1678,1680,37.8571428571429,44.5438282647585
EPI_ISL_284983|Human|H7N9|2016.175|Asia|,2016.175,-446.2,42.1679571173317,1679,1680,36.7857142857143,44.8614834673816
EPI_ISL_284981|Human|H7N9|2016.23|Asia|,2016.23,-439.6,42.2023809523809,1680,1680,37.5,44.5535714285714
EPI_ISL_284979|Human|H7N9|2017.137|Asia|,2017.137,-436.6,42.1679571173317,1679,1680,36.9642857142857,44.7721179624665
EPI_ISL_284978|Human|H7N9|2017.036|Asia|,2017.036,-439.6,42.2023809523809,1680,1680,36.9642857142857,44.8214285714286
EPI_ISL_285016|Human|H7N9|2016.566|Asia|,2016.566,-435.6,42.1428571428571,1680,1680,37.6785714285714,44.375
EPI_ISL_285015|Human|H7N9|2016.454|Asia|,2016.454,-436.6,41.9642857142857,1680,1680,37.1428571428571,44.375
EPI_ISL_285014|Human|H7N9|2016.399|Asia|,2016.399,-436.6,41.9642857142857,1680,1680,37.1428571428571,44.375
EPI_ISL_285013|Human|H7N9|2017.455|Asia|,2017.455,-434,42.0833333333333,1680,1680,37.8571428571429,44.1964285714286
EPI_ISL_285012|Human|H7N9|2017.353|Asia|,2017.353,-434.2,42.1428571428571,1680,1680,38.0357142857143,44.1964285714286
EPI_ISL_285011|Human|H7N9|2017.43|Asia|,2017.43,-440.5,42.2870756402621,1679,1680,37.6785714285714,44.5933869526363
EPI_ISL_285010|Human|H7N9|2017.43|Asia|,2017.43,-437.6,42.1428571428571,1680,1680,37.6785714285714,44.375
EPI_ISL_285009|Human|H7N9|2017.425|Asia|,2017.425,-439.2,42.2023809523809,1680,1680,37.6785714285714,44.4642857142857
EPI_ISL_285008|Human|H7N9|2017.403|Asia|,2017.403,-438.8,42.1428571428571,1680,1680,37.1428571428571,44.6428571428571
EPI_ISL_285007|Human|H7N9|2017.403|Asia|,2017.403,-438.8,42.1428571428571,1680,1680,37.1428571428571,44.6428571428571
EPI_ISL_285006|Human|H7N9|2017.375|Asia|,2017.375,-440.5,42.2619047619048,1680,1680,37.6785714285714,44.5535714285714
EPI_ISL_285005|Human|H7N9|2017.351|Asia|,2017.351,-440.5,42.2619047619048,1680,1680,37.6785714285714,44.5535714285714
EPI_ISL_285004|Human|H7N9|2017.34|Asia|,2017.34,-440.7,42.3214285714286,1680,1680,37.6785714285714,44.6428571428571
EPI_ISL_285003|Human|H7N9|2017.307|Asia|,2017.307,-441.8,42.2023809523809,1680,1680,37.5,44.5535714285714
EPI_ISL_285002|Human|H7N9|2017.307|Asia|,2017.307,-440.5,42.2619047619048,1680,1680,37.6785714285714,44.5535714285714
EPI_ISL_285001|Human|H7N9|2017.29|Asia|,2017.29,-438,42.3466349017272,1679,1680,37.8571428571429,44.5933869526363
EPI_ISL_285000|Human|H7N9|2017.296|Asia|,2017.296,-441.8,42.2023809523809,1680,1680,37.5,44.5535714285714
EPI_ISL_284999|Human|H7N9|2017.279|Asia|,2017.279,-439.2,42.2023809523809,1680,1680,37.6785714285714,44.4642857142857
EPI_ISL_284998|Human|H7N9|2017.282|Asia|,2017.282,-436.9,42.2275163787969,1679,1680,37.9248658318426,44.375
EPI_ISL_284997|Human|H7N9|2017.285|Asia|,2017.285,-439.2,42.2023809523809,1680,1680,37.8571428571429,44.375
EPI_ISL_284996|Human|H7N9|2017.26|Asia|,2017.26,-440.5,42.3214285714286,1680,1680,37.6785714285714,44.6428571428571
EPI_ISL_284995|Human|H7N9|2017.258|Asia|,2017.258,-436.8,42.0833333333333,1680,1680,37.6785714285714,44.2857142857143
EPI_ISL_284994|Human|H7N9|2017.244|Asia|,2017.244,-443.4,42.1679571173317,1679,1680,37.1428571428571,44.6827524575514
EPI_ISL_284993|Human|H7N9|2017.121|Asia|,2017.121,-436,42.0238095238095,1680,1680,37.3214285714286,44.375
EPI_ISL_285136|Human|H7N9|2017.049|Asia|,2017.049,-440,42.0238095238095,1680,1680,37.1428571428571,44.4642857142857
EPI_ISL_285135|Human|H7N9|2017.033|Asia|,2017.033,-442.1,42.1428571428571,1680,1680,37.5,44.4642857142857
EPI_ISL_285134|Human|H7N9|2017.162|Asia|,2017.162,-424.1,41.5476190476191,1680,1680,36.25,44.1964285714286
EPI_ISL_285133|Human|H7N9|2017.151|Asia|,2017.151,-428.7,41.9297200714711,1679,1680,36.25,44.7721179624665
EPI_ISL_285132|Human|H7N9|2017.107|Asia|,2017.107,-434.5,41.870160810006,1679,1680,36.4285714285714,44.5933869526363
EPI_ISL_285131|Human|H7N9|2017.101|Asia|,2017.101,-425.1,41.5476190476191,1680,1680,36.25,44.1964285714286
EPI_ISL_285130|Human|H7N9|2016.995|Asia|,2016.995,-439.1,42.0238095238095,1680,1680,37.5,44.2857142857143
EPI_ISL_285129|Human|H7N9|2017.101|Asia|,2017.101,-436.7,41.9047619047619,1680,1680,37.3214285714286,44.1964285714286
EPI_ISL_285128|Human|H7N9|2017.06|Asia|,2017.06,-441.4,41.9297200714711,1679,1680,36.7857142857143,44.5040214477212
EPI_ISL_285127|Human|H7N9|2017.058|Asia|,2017.058,-439.3,42.1083978558666,1679,1680,37.5,44.4146559428061
EPI_ISL_285126|Human|H7N9|2017.03|Asia|,2017.03,-425,41.5476190476191,1680,1680,36.0714285714286,44.2857142857143
EPI_ISL_285125|Human|H7N9|2017.041|Asia|,2017.041,-437.9,42.1930870083433,1678,1680,37.6785714285714,44.4543828264759
EPI_ISL_285124|Human|H7N9|2017.014|Asia|,2017.014,-432.6,41.9047619047619,1680,1680,36.9642857142857,44.375
EPI_ISL_285123|Human|H7N9|2016.989|Asia|,2016.989,-438.4,42.2275163787969,1679,1680,37.6785714285714,44.5040214477212
EPI_ISL_285122|Human|H7N9|2016.995|Asia|,2016.995,-440,42.4404761904762,1680,1680,38.9285714285714,44.1964285714286
EPI_ISL_285121|Human|H7N9|2016.995|Asia|,2016.995,-436.3,42.0833333333333,1680,1680,36.9642857142857,44.6428571428571
EPI_ISL_285180|Human|H7N9|2016.199|Asia|,2016.199,-440.5,42.0238095238095,1680,1680,37.3214285714286,44.375
EPI_ISL_285115|Human|H7N9|2017.055|Asia|,2017.055,-437.5,42.2870756402621,1679,1680,38.2142857142857,44.325290437891
EPI_ISL_285114|Human|H7N9|2016.495|Asia|,2016.495,-438.3,42.1679571173317,1679,1680,37.567084078712,44.4642857142857
EPI_ISL_285112|Human|H7N9|2016.202|Asia|,2016.202,-441.4,42.2619047619048,1680,1680,37.8571428571429,44.4642857142857
EPI_ISL_285111|Human|H7N9|2017.356|Asia|,2017.356,-421.1,41.9642857142857,1680,1680,37.5,44.1964285714286
EPI_ISL_285109|Human|H7N9|2017.096|Asia|,2017.096,-435,41.9642857142857,1680,1680,36.7857142857143,44.5535714285714
EPI_ISL_285107|Human|H7N9|2016.986|Asia|,2016.986,-436.2,42.0238095238095,1680,1680,37.5,44.2857142857143
EPI_ISL_285140|Human|H7N9|2017.197|Asia|,2017.197,-440.6,42.2619047619048,1680,1680,38.0357142857143,44.375
EPI_ISL_285139|Human|H7N9|2017.192|Asia|,2017.192,-439,42.1428571428571,1680,1680,37.8571428571429,44.2857142857143
EPI_ISL_285138|Human|H7N9|2017.192|Asia|,2017.192,-439,42.1679571173317,1679,1680,37.8571428571429,44.325290437891
EPI_ISL_285137|Human|H7N9|2017.175|Asia|,2017.175,-447.5,42.6190476190476,1680,1680,38.5714285714286,44.6428571428571
EPI_ISL_285189|Human|H7N9|2017.022|Asia|,2017.022,-435.7,42.1428571428571,1680,1680,37.6785714285714,44.375
EPI_ISL_285188|Human|H7N9|2017.041|Asia|,2017.041,-436.6,42.1428571428571,1680,1680,37.6785714285714,44.375
EPI_ISL_285187|Human|H7N9|2017.038|Asia|,2017.038,-436.2,42.0833333333333,1680,1680,37.8571428571429,44.1964285714286
EPI_ISL_285186|Human|H7N9|2017.033|Asia|,2017.033,-430.9,41.8355184743743,1678,1680,36.4285714285714,44.5438282647585
EPI_ISL_285185|Human|H7N9|2017.033|Asia|,2017.033,-430.9,41.8355184743743,1678,1680,36.4285714285714,44.5438282647585
EPI_ISL_285179|Human|H7N9|2017.427|Asia|,2017.427,-441.6,42.0738974970203,1678,1680,36.9175627240143,44.6428571428571
EPI_ISL_285178|Human|H7N9|2017.425|Asia|,2017.425,-436,42.1643997634536,1691,1692,37.1225577264654,44.6808510638298
EPI_ISL_285177|Human|H7N9|2017.353|Asia|,2017.353,-436.1,42.0238095238095,1680,1680,37.8571428571429,44.1071428571429
EPI_ISL_285176|Human|H7N9|2017.332|Asia|,2017.332,-440,42.2023809523809,1680,1680,37.8571428571429,44.375
EPI_ISL_285175|Human|H7N9|2017.274|Asia|,2017.274,-439.2,42.1428571428571,1680,1680,37.8571428571429,44.2857142857143
EPI_ISL_285174|Human|H7N9|2017.266|Asia|,2017.266,-436.9,42.1679571173317,1679,1680,37.7459749552773,44.375
EPI_ISL_285173|Human|H7N9|2017.208|Asia|,2017.208,-435,42.1428571428571,1680,1680,37.8571428571429,44.2857142857143
EPI_ISL_285172|Human|H7N9|2017.186|Asia|,2017.186,-437,42.0833333333333,1680,1680,37.8571428571429,44.1964285714286
EPI_ISL_285171|Human|H7N9|2017.195|Asia|,2017.195,-437.5,42.2619047619048,1680,1680,37.6785714285714,44.5535714285714
EPI_ISL_285170|Human|H7N9|2017.178|Asia|,2017.178,-436.7,42.2526817640048,1678,1680,37.6785714285714,44.5438282647585
EPI_ISL_285169|Human|H7N9|2017.162|Asia|,2017.162,-443.5,42.2023809523809,1680,1680,37.3214285714286,44.6428571428571
EPI_ISL_285168|Human|H7N9|2016.571|Asia|,2016.571,-435.3,42.1679571173317,1679,1680,37.6785714285714,44.4146559428061
EPI_ISL_285167|Human|H7N9|2016.568|Asia|,2016.568,-435.6,42.1428571428571,1680,1680,37.6785714285714,44.375
EPI_ISL_285166|Human|H7N9|2016.372|Asia|,2016.372,-434.6,41.9642857142857,1680,1680,37.1428571428571,44.375
EPI_ISL_285165|Human|H7N9|2017.4|Asia|,2017.4,-438.7,42.2023809523809,1680,1680,37.6785714285714,44.4642857142857
EPI_ISL_285164|Human|H7N9|2017.392|Asia|,2017.392,-436.4,42.2870756402621,1679,1680,37.8571428571429,44.5040214477212
EPI_ISL_285163|Human|H7N9|2017.367|Asia|,2017.367,-446.2,42.1428571428571,1680,1680,37.5,44.4642857142857
EPI_ISL_285162|Human|H7N9|2017.348|Asia|,2017.348,-437.4,42.2619047619048,1680,1680,38.0357142857143,44.375
EPI_ISL_285161|Human|H7N9|2017.345|Asia|,2017.345,-440.9,42.1428571428571,1680,1680,37.6785714285714,44.375
EPI_ISL_285160|Human|H7N9|2017.342|Asia|,2017.342,-436.6,42.1679571173317,1679,1680,37.7459749552773,44.375
EPI_ISL_285159|Human|H7N9|2017.337|Asia|,2017.337,-438.4,42.1428571428571,1680,1680,37.6785714285714,44.375
EPI_ISL_285158|Human|H7N9|2017.34|Asia|,2017.34,-439.2,42.2023809523809,1680,1680,37.8571428571429,44.375
EPI_ISL_285157|Human|H7N9|2017.323|Asia|,2017.323,-443,42.3214285714286,1680,1680,37.6785714285714,44.6428571428571
EPI_ISL_285156|Human|H7N9|2017.326|Asia|,2017.326,-439.2,42.2619047619048,1680,1680,37.8571428571429,44.4642857142857
EPI_ISL_285155|Human|H7N9|2017.323|Asia|,2017.323,-441.7,42.0833333333333,1680,1680,37.1428571428571,44.5535714285714
EPI_ISL_285154|Human|H7N9|2017.318|Asia|,2017.318,-440.7,42.3214285714286,1680,1680,37.6785714285714,44.6428571428571
EPI_ISL_285153|Human|H7N9|2017.304|Asia|,2017.304,-440.5,42.2619047619048,1680,1680,37.6785714285714,44.5535714285714
EPI_ISL_285152|Human|H7N9|2017.279|Asia|,2017.279,-431.9,42.0833333333333,1680,1680,37.5,44.375
EPI_ISL_285151|Human|H7N9|2017.282|Asia|,2017.282,-439.2,42.1428571428571,1680,1680,37.8571428571429,44.2857142857143
EPI_ISL_285150|Human|H7N9|2017.285|Asia|,2017.285,-440.5,42.2870756402621,1679,1680,37.7459749552773,44.5535714285714
EPI_ISL_285149|Human|H7N9|2017.162|Asia|,2017.162,-437.2,42.1679571173317,1679,1680,37.9248658318426,44.2857142857143
EPI_ISL_285148|Human|H7N9|2017.142|Asia|,2017.142,-431.5,41.870160810006,1679,1680,36.7857142857143,44.4146559428061
EPI_ISL_285147|Human|H7N9|2017.186|Asia|,2017.186,-440.6,42.2619047619048,1680,1680,38.0357142857143,44.375
EPI_ISL_285146|Human|H7N9|2017.216|Asia|,2017.216,-435.9,42.2526817640048,1678,1680,38.0357142857143,44.3649373881932
EPI_ISL_285145|Human|H7N9|2017.227|Asia|,2017.227,-437,42.2526817640048,1678,1680,38.0357142857143,44.3649373881932
EPI_ISL_285144|Human|H7N9|2017.227|Asia|,2017.227,-440.6,42.2619047619048,1680,1680,38.0357142857143,44.375
EPI_ISL_285143|Human|H7N9|2017.178|Asia|,2017.178,-439.2,42.1428571428571,1680,1680,37.8571428571429,44.2857142857143
EPI_ISL_285142|Human|H7N9|2017.016|Asia|,2017.016,-432.3,41.9047619047619,1680,1680,36.7857142857143,44.4642857142857
EPI_ISL_285141|Human|H7N9|2017.025|Asia|,2017.025,-431.5,41.8452380952381,1680,1680,36.7857142857143,44.375
EPI_ISL_285117|Human|H7N9|2017.301|Asia|,2017.301,-437.1,42.3214285714286,1680,1680,37.8571428571429,44.5535714285714
EPI_ISL_285116|Human|H7N9|2017.252|Asia|,2017.252,-439.2,42.1428571428571,1680,1680,37.8571428571429,44.2857142857143
EPI_ISL_285376|Human|H7N9|2016.992|Asia|,2016.992,-440,42.3214285714286,1680,1680,37.8571428571429,44.5535714285714
EPI_ISL_285230|Human|H7N9|2016.992|Asia|,2016.992,-437.6,42.2619047619048,1680,1680,37.8571428571429,44.4642857142857
EPI_ISL_285229|Human|H7N9|2016.978|Asia|,2016.978,-445,42.4404761904762,1680,1680,38.2142857142857,44.5535714285714
EPI_ISL_285228|Human|H7N9|2016.954|Asia|,2016.954,-431.2,42.4477611940299,1675,1680,38.4892086330935,44.4146559428061
EPI_ISL_285227|Human|H7N9|2016.956|Asia|,2016.956,-438.8,42.2526817640048,1678,1680,37.8571428571429,44.4543828264759
EPI_ISL_285225|Human|H7N9|2017.11|Asia|,2017.11,-444,42.4404761904762,1680,1680,38.3928571428571,44.4642857142857
EPI_ISL_285224|Human|H7N9|2017.047|Asia|,2017.047,-440,42.1428571428571,1680,1680,37.6785714285714,44.375
EPI_ISL_285223|Human|H7N9|2017.26|Asia|,2017.26,-439.7,42.1428571428571,1680,1680,37.6785714285714,44.375
EPI_ISL_285222|Human|H7N9|2017.082|Asia|,2017.082,-439.2,42.2619047619048,1680,1680,37.6785714285714,44.5535714285714
EPI_ISL_285221|Human|H7N9|2017.219|Asia|,2017.219,-439.2,42.2023809523809,1680,1680,37.8571428571429,44.375
EPI_ISL_285220|Human|H7N9|2017.153|Asia|,2017.153,-438.5,42.2619047619048,1680,1680,37.6785714285714,44.5535714285714
EPI_ISL_285326|Human|H7N9|2017.011|Asia|,2017.011,-434.7,41.870160810006,1679,1680,36.7857142857143,44.4146559428061
EPI_ISL_285325|Human|H7N9|2017.063|Asia|,2017.063,-438.5,41.9047619047619,1680,1680,36.7857142857143,44.4642857142857
EPI_ISL_285324|Human|H7N9|2017.093|Asia|,2017.093,-433.3,41.8452380952381,1680,1680,36.7857142857143,44.375
EPI_ISL_285323|Human|H7N9|2017.093|Asia|,2017.093,-430.3,41.7261904761905,1680,1680,36.4285714285714,44.375
EPI_ISL_285322|Human|H7N9|2017.099|Asia|,2017.099,-435.9,42.2023809523809,1680,1680,37.6785714285714,44.4642857142857
EPI_ISL_285321|Human|H7N9|2017.099|Asia|,2017.099,-437,41.9047619047619,1680,1680,36.7857142857143,44.4642857142857
EPI_ISL_285320|Human|H7N9|2017.099|Asia|,2017.099,-434.9,41.9047619047619,1680,1680,36.7857142857143,44.4642857142857
EPI_ISL_285319|Human|H7N9|2017.041|Asia|,2017.041,-435,41.9047619047619,1680,1680,36.7857142857143,44.4642857142857
EPI_ISL_285318|Human|H7N9|2017.019|Asia|,2017.019,-434.2,42.0143027413588,1678,1680,36.7857142857143,44.6332737030411
EPI_ISL_285317|Human|H7N9|2017.033|Asia|,2017.033,-437.9,42.2023809523809,1680,1680,37.8571428571429,44.375
EPI_ISL_285316|Human|H7N9|2017.033|Asia|,2017.033,-440.1,42.1428571428571,1680,1680,37.6785714285714,44.375
EPI_ISL_285315|Human|H7N9|2017.047|Asia|,2017.047,-436.4,41.8452380952381,1680,1680,36.6071428571429,44.4642857142857
EPI_ISL_285314|Human|H7N9|2017.019|Asia|,2017.019,-432.3,41.9297200714711,1679,1680,36.8515205724508,44.4642857142857
EPI_ISL_285313|Human|H7N9|2017.011|Asia|,2017.011,-442.6,42.2023809523809,1680,1680,37.6785714285714,44.4642857142857
EPI_ISL_285312|Human|H7N9|2017.033|Asia|,2017.033,-431.5,41.8452380952381,1680,1680,36.7857142857143,44.375
EPI_ISL_285311|Human|H7N9|2017.019|Asia|,2017.019,-435,41.9047619047619,1680,1680,36.7857142857143,44.4642857142857
EPI_ISL_285310|Human|H7N9|2017.008|Asia|,2017.008,-439.2,42.2619047619048,1680,1680,37.8571428571429,44.4642857142857
EPI_ISL_285309|Human|H7N9|2016.18|Asia|,2016.18,-422.9,41.8452380952381,1680,1680,36.25,44.6428571428571
EPI_ISL_285308|Human|H7N9|2017.488|Asia|,2017.488,-446.3,42.6190476190476,1680,1680,38.5714285714286,44.6428571428571
EPI_ISL_285307|Human|H7N9|2017.479|Asia|,2017.479,-444.3,42.6190476190476,1680,1680,38.5714285714286,44.6428571428571
EPI_ISL_285306|Human|H7N9|2017.447|Asia|,2017.447,-443,42.644431209053,1679,1680,38.6404293381038,44.6428571428571
EPI_ISL_285305|Human|H7N9|2017.101|Asia|,2017.101,-435,41.9047619047619,1680,1680,36.7857142857143,44.4642857142857
EPI_ISL_285304|Human|H7N9|2016.445|Asia|,2016.445,-442.5,42.2619047619048,1680,1680,37.6785714285714,44.5535714285714
EPI_ISL_285303|Human|H7N9|2017.466|Asia|,2017.466,-439.2,42.2023809523809,1680,1680,37.8571428571429,44.375
EPI_ISL_285302|Human|H7N9|2017.279|Asia|,2017.279,-440.2,42.2619047619048,1680,1680,37.5,44.6428571428571
EPI_ISL_285301|Human|H7N9|2017.279|Asia|,2017.279,-440.2,42.2619047619048,1680,1680,37.5,44.6428571428571
EPI_ISL_285300|Human|H7N9|2017.411|Asia|,2017.411,-438.4,42.2619047619048,1680,1680,38.0357142857143,44.375
EPI_ISL_285299|Human|H7N9|2017.458|Asia|,2017.458,-439.6,42.2023809523809,1680,1680,37.8571428571429,44.375
EPI_ISL_285298|Human|H7N9|2017.455|Asia|,2017.455,-439.6,42.2023809523809,1680,1680,37.8571428571429,44.375
EPI_ISL_285297|Human|H7N9|2017.386|Asia|,2017.386,-437.4,42.2619047619048,1680,1680,38.0357142857143,44.375
EPI_ISL_285296|Human|H7N9|2017.392|Asia|,2017.392,-438,42.2619047619048,1680,1680,38.2142857142857,44.2857142857143
EPI_ISL_285295|Human|H7N9|2017.367|Asia|,2017.367,-443.6,42.1083978558666,1679,1680,37.5,44.4146559428061
EPI_ISL_285294|Human|H7N9|2017.378|Asia|,2017.378,-436.7,42.1679571173317,1679,1680,37.8571428571429,44.325290437891
EPI_ISL_285293|Human|H7N9|2017.345|Asia|,2017.345,-440.3,42.1428571428571,1680,1680,37.5,44.4642857142857
EPI_ISL_285292|Human|H7N9|2017.342|Asia|,2017.342,-440.3,42.1428571428571,1680,1680,37.5,44.4642857142857
EPI_ISL_285291|Human|H7N9|2017.337|Asia|,2017.337,-440.3,42.1679571173317,1679,1680,37.5,44.5040214477212
EPI_ISL_285290|Human|H7N9|2017.326|Asia|,2017.326,-438,42.0833333333333,1680,1680,37.3214285714286,44.4642857142857
EPI_ISL_285289|Human|H7N9|2017.304|Asia|,2017.304,-437.7,42.1083978558666,1679,1680,37.5,44.4146559428061
EPI_ISL_285288|Human|H7N9|2017.263|Asia|,2017.263,-437.3,42.0833333333333,1680,1680,37.5,44.375
EPI_ISL_285287|Human|H7N9|2017.296|Asia|,2017.296,-440.3,42.1428571428571,1680,1680,37.5,44.4642857142857
EPI_ISL_285286|Human|H7N9|2017.329|Asia|,2017.329,-436.8,42.0833333333333,1680,1680,37.1428571428571,44.5535714285714
EPI_ISL_285285|Human|H7N9|2017.326|Asia|,2017.326,-440.3,42.1428571428571,1680,1680,37.5,44.4642857142857
EPI_ISL_285284|Human|H7N9|2017.315|Asia|,2017.315,-440.3,42.1679571173317,1679,1680,37.5,44.5040214477212
EPI_ISL_285283|Human|H7N9|2017.301|Asia|,2017.301,-436.4,42.0738974970203,1678,1680,37.2759856630824,44.4642857142857
EPI_ISL_285282|Human|H7N9|2017.296|Asia|,2017.296,-437.8,42.0833333333333,1680,1680,37.5,44.375
EPI_ISL_285281|Human|H7N9|2017.279|Asia|,2017.279,-438.9,42.1428571428571,1680,1680,37.6785714285714,44.375
EPI_ISL_285280|Human|H7N9|2017.318|Asia|,2017.318,-438.7,42.0833333333333,1680,1680,37.3214285714286,44.4642857142857
EPI_ISL_285279|Human|H7N9|2017.263|Asia|,2017.263,-439,42.2023809523809,1680,1680,37.8571428571429,44.375
EPI_ISL_285278|Human|H7N9|2017.175|Asia|,2017.175,-435.3,42.1083978558666,1679,1680,37.3881932021467,44.4642857142857
EPI_ISL_285277|Human|H7N9|2017.112|Asia|,2017.112,-439.7,42.2023809523809,1680,1680,38.0357142857143,44.2857142857143
EPI_ISL_285276|Human|H7N9|2017.107|Asia|,2017.107,-436.6,42.0833333333333,1680,1680,37.6785714285714,44.2857142857143
EPI_ISL_285275|Human|H7N9|2017.101|Asia|,2017.101,-436.7,42.1428571428571,1680,1680,37.8571428571429,44.2857142857143
EPI_ISL_285274|Human|H7N9|2017.066|Asia|,2017.066,-436.5,42.0238095238095,1680,1680,37.6785714285714,44.1964285714286
EPI_ISL_285273|Human|H7N9|2017.09|Asia|,2017.09,-439.7,42.2619047619048,1680,1680,37.8571428571429,44.4642857142857
EPI_ISL_285272|Human|H7N9|2017.063|Asia|,2017.063,-435.1,42.2619047619048,1680,1680,38.2142857142857,44.2857142857143
EPI_ISL_285271|Human|H7N9|2017.364|Asia|,2017.364,-439,42.3809523809524,1680,1680,38.0357142857143,44.5535714285714
EPI_ISL_285270|Human|H7N9|2017.364|Asia|,2017.364,-440,42.4404761904762,1680,1680,38.2142857142857,44.5535714285714
EPI_ISL_285269|Human|H7N9|2017.364|Asia|,2017.364,-439,42.3809523809524,1680,1680,38.0357142857143,44.5535714285714
EPI_ISL_285264|Human|H7N9|2017.016|Asia|,2017.016,-439.2,42.3809523809524,1680,1680,38.0357142857143,44.5535714285714
EPI_ISL_285263|Human|H7N9|2017.148|Asia|,2017.148,-436.8,42.0833333333333,1680,1680,37.6785714285714,44.2857142857143
EPI_ISL_285262|Human|H7N9|2017.427|Asia|,2017.427,-439.5,42.1985815602837,1692,1692,37.0567375886525,44.7695035460993
EPI_ISL_285261|Human|H7N9|2017.362|Asia|,2017.362,-443.3,42.2275163787969,1679,1680,37.2093023255814,44.7321428571429
EPI_ISL_285260|Human|H7N9|2017.34|Asia|,2017.34,-432.6,42.0833333333333,1680,1680,37.3214285714286,44.4642857142857
EPI_ISL_285259|Human|H7N9|2017.332|Asia|,2017.332,-439,42.2023809523809,1680,1680,37.8571428571429,44.375
EPI_ISL_285255|Human|H7N9|2016.448|Asia|,2016.448,-444.1,42.2023809523809,1680,1680,37.6785714285714,44.4642857142857
EPI_ISL_285254|Human|H7N9|2017.296|Asia|,2017.296,-441,42.0833333333333,1680,1680,37.6785714285714,44.2857142857143
EPI_ISL_285253|Human|H7N9|2017.071|Asia|,2017.071,-437.8,42.2619047619048,1680,1680,37.8571428571429,44.4642857142857
EPI_ISL_285252|Human|H7N9|2017.071|Asia|,2017.071,-438.2,42.3809523809524,1680,1680,37.8571428571429,44.6428571428571
EPI_ISL_285251|Human|H7N9|2017.071|Asia|,2017.071,-434.8,42.2870756402621,1679,1680,37.8571428571429,44.5040214477212
EPI_ISL_285250|Human|H7N9|2017.299|Asia|,2017.299,-441.8,42.2023809523809,1680,1680,37.5,44.5535714285714
EPI_ISL_285249|Human|H7N9|2017.093|Asia|,2017.093,-430.4,41.7261904761905,1680,1680,36.6071428571429,44.2857142857143
EPI_ISL_285248|Human|H7N9|2017.088|Asia|,2017.088,-438.6,42.2619047619048,1680,1680,37.8571428571429,44.4642857142857
EPI_ISL_285247|Human|H7N9|2017.085|Asia|,2017.085,-435.8,41.9047619047619,1680,1680,36.7857142857143,44.4642857142857
EPI_ISL_285246|Human|H7N9|2017.071|Asia|,2017.071,-430.6,41.9642857142857,1680,1680,36.9642857142857,44.4642857142857
EPI_ISL_285245|Human|H7N9|2017.063|Asia|,2017.063,-441.1,42.0833333333333,1680,1680,37.5,44.375
EPI_ISL_285244|Human|H7N9|2017.063|Asia|,2017.063,-435.1,41.9047619047619,1680,1680,36.7857142857143,44.4642857142857
EPI_ISL_285243|Human|H7N9|2017.06|Asia|,2017.06,-429.6,42.2023809523809,1680,1680,37.6785714285714,44.4642857142857
EPI_ISL_285242|Human|H7N9|2017.058|Asia|,2017.058,-435.3,41.8452380952381,1680,1680,36.6071428571429,44.4642857142857
EPI_ISL_285241|Human|H7N9|2017.052|Asia|,2017.052,-436.2,42.2619047619048,1680,1680,38.0357142857143,44.375
EPI_ISL_285240|Human|H7N9|2017.049|Asia|,2017.049,-435.2,41.8452380952381,1680,1680,36.6071428571429,44.4642857142857
EPI_ISL_285239|Human|H7N9|2017.036|Asia|,2017.036,-436.7,42.3214285714286,1680,1680,38.0357142857143,44.4642857142857
EPI_ISL_285238|Human|H7N9|2017.025|Asia|,2017.025,-431.5,41.8452380952381,1680,1680,36.6071428571429,44.4642857142857
EPI_ISL_285237|Human|H7N9|2017.016|Asia|,2017.016,-429,42.0238095238095,1680,1680,37.1428571428571,44.4642857142857
EPI_ISL_285236|Human|H7N9|2017.025|Asia|,2017.025,-435,41.8452380952381,1680,1680,36.6071428571429,44.4642857142857
EPI_ISL_285235|Human|H7N9|2017.025|Asia|,2017.025,-435.5,42.2619047619048,1680,1680,37.8571428571429,44.4642857142857
EPI_ISL_285234|Human|H7N9|2017.016|Asia|,2017.016,-435.9,42.2023809523809,1680,1680,37.6785714285714,44.4642857142857
EPI_ISL_285233|Human|H7N9|2017.011|Asia|,2017.011,-436.7,42.3214285714286,1680,1680,38.0357142857143,44.4642857142857
EPI_ISL_285232|Human|H7N9|2017.014|Asia|,2017.014,-435.9,42.2023809523809,1680,1680,37.6785714285714,44.4642857142857
EPI_ISL_285231|Human|H7N9|2017.005|Asia|,2017.005,-436.7,42.3214285714286,1680,1680,38.0357142857143,44.4642857142857
EPI_ISL_285219|Human|H7N9|2017.279|Asia|,2017.279,-431.9,42.0833333333333,1680,1680,37.5,44.375
EPI_ISL_285218|Human|H7N9|2017.17|Asia|,2017.17,-434.2,42.1334922526818,1678,1680,37.567084078712,44.4146559428061
EPI_ISL_285217|Human|H7N9|2017.216|Asia|,2017.216,-440.3,42.2023809523809,1680,1680,37.6785714285714,44.4642857142857
EPI_ISL_285216|Human|H7N9|2017.192|Asia|,2017.192,-439.2,42.2023809523809,1680,1680,37.8571428571429,44.375
EPI_ISL_285215|Human|H7N9|2017.205|Asia|,2017.205,-437.8,42.0738974970203,1678,1680,37.6344086021505,44.2857142857143
EPI_ISL_285214|Human|H7N9|2017.11|Asia|,2017.11,-434.4,42.1679571173317,1679,1680,37.6785714285714,44.4146559428061
EPI_ISL_285213|Human|H7N9|2017.06|Asia|,2017.06,-433.5,41.9642857142857,1680,1680,37.1428571428571,44.375
EPI_ISL_285211|Human|H7N9|2017.066|Asia|,2017.066,-436.6,42.0833333333333,1680,1680,37.6785714285714,44.2857142857143
EPI_ISL_285208|Human|H7N9|2017.082|Asia|,2017.082,-439.3,42.1083978558666,1679,1680,37.8571428571429,44.2359249329759
EPI_ISL_285205|Human|H7N9|2017.093|Asia|,2017.093,-442.8,42.3466349017272,1679,1680,37.9248658318426,44.5535714285714
EPI_ISL_285203|Human|H7N9|2017.099|Asia|,2017.099,-439.3,42.1428571428571,1680,1680,37.8571428571429,44.2857142857143
EPI_ISL_285199|Human|H7N9|2017.047|Asia|,2017.047,-436.6,42.1428571428571,1680,1680,37.6785714285714,44.375
EPI_ISL_285197|Human|H7N9|2017.058|Asia|,2017.058,-435.6,42.4314660309893,1678,1680,38.2142857142857,44.5438282647585
EPI_ISL_285194|Human|H7N9|2017.047|Asia|,2017.047,-440.7,42.0833333333333,1680,1680,37.5,44.375
EPI_ISL_285191|Human|H7N9|2017.041|Asia|,2017.041,-428.8,41.7510422870756,1679,1680,36.6071428571429,44.325290437891
EPI_ISL_285268|Human|H7N9|2017.126|Asia|,2017.126,-429.8,41.870160810006,1679,1680,36.7857142857143,44.4146559428061
EPI_ISL_285267|Human|H7N9|2017.003|Asia|,2017.003,-439.2,42.2023809523809,1680,1680,37.8571428571429,44.375
EPI_ISL_285266|Human|H7N9|2017.063|Asia|,2017.063,-442,42.3214285714286,1680,1680,37.8571428571429,44.5535714285714
EPI_ISL_285265|Human|H7N9|2017.014|Asia|,2017.014,-439.2,42.3809523809524,1680,1680,38.0357142857143,44.5535714285714
EPI_ISL_285258|Human|H7N9|2017.34|Asia|,2017.34,-436.6,42.0833333333333,1680,1680,37.8571428571429,44.1964285714286
EPI_ISL_285257|Human|H7N9|2016.323|Asia|,2016.323,-437,42.1679571173317,1679,1680,37.6785714285714,44.4146559428061
EPI_ISL_285563|Human|H7N9|2017|Asia|,2017,-437.9,42.2275163787969,1679,1680,37.8571428571429,44.4146559428061
EPI_ISL_285562|Human|H7N9|2017.022|Asia|,2017.022,-439.2,42.2619047619048,1680,1680,37.6785714285714,44.5535714285714
EPI_ISL_285561|Human|H7N9|2016.948|Asia|,2016.948,-440.1,42.3809523809524,1680,1680,38.2142857142857,44.4642857142857
EPI_ISL_285560|Human|H7N9|2017.014|Asia|,2017.014,-438.1,42.3214285714286,1680,1680,37.8571428571429,44.5535714285714
EPI_ISL_285555|Human|H7N9|2016.989|Asia|,2016.989,-436.4,41.9047619047619,1680,1680,36.9642857142857,44.375
EPI_ISL_285554|Human|H7N9|2016.984|Asia|,2016.984,-437.2,41.9642857142857,1680,1680,37.1428571428571,44.375
EPI_ISL_285553|Human|H7N9|2016.986|Asia|,2016.986,-439,42.2023809523809,1680,1680,37.8571428571429,44.375
EPI_ISL_285552|Human|H7N9|2016.984|Asia|,2016.984,-442.3,42.0238095238095,1680,1680,37.1428571428571,44.4642857142857
EPI_ISL_285551|Human|H7N9|2016.964|Asia|,2016.964,-439.2,42.2023809523809,1680,1680,37.8571428571429,44.375
EPI_ISL_285550|Human|H7N9|2016.967|Asia|,2016.967,-444.7,42.2023809523809,1680,1680,37.8571428571429,44.375
EPI_ISL_285549|Human|H7N9|2016.956|Asia|,2016.956,-443,42.0833333333333,1680,1680,37.5,44.375
EPI_ISL_285548|Human|H7N9|2017.03|Asia|,2017.03,-438.5,42.3809523809524,1680,1680,38.2142857142857,44.4642857142857
EPI_ISL_285547|Human|H7N9|2017.016|Asia|,2017.016,-439.2,42.3214285714286,1680,1680,37.6785714285714,44.6428571428571
EPI_ISL_285414|Human|H7N9|2016.175|Asia|,2016.175,-436,42.2475961538462,1664,1665,37.3646209386282,44.6846846846847
EPI_ISL_285410|Human|H7N9|2017.027|Asia|,2017.027,-437.8,42.2619047619048,1680,1680,37.8571428571429,44.4642857142857
EPI_ISL_285407|Human|H7N9|2016.995|Asia|,2016.995,-441.2,42.0833333333333,1680,1680,37.6785714285714,44.2857142857143
EPI_ISL_285406|Human|H7N9|2017.011|Asia|,2017.011,-435.6,42.4314660309893,1678,1680,38.2142857142857,44.5438282647585
EPI_ISL_285405|Human|H7N9|2016.975|Asia|,2016.975,-438.5,42.2023809523809,1680,1680,37.6785714285714,44.4642857142857
EPI_ISL_285404|Human|H7N9|2016.989|Asia|,2016.989,-438.3,42.2275163787969,1679,1680,37.567084078712,44.5535714285714
EPI_ISL_285403|Human|H7N9|2016.964|Asia|,2016.964,-441.4,42.2023809523809,1680,1680,37.8571428571429,44.375
EPI_ISL_285402|Human|H7N9|2017.036|Asia|,2017.036,-439.2,42.2023809523809,1680,1680,37.8571428571429,44.375
EPI_ISL_285398|Human|H7N9|2016.978|Asia|,2016.978,-440.9,42.2023809523809,1680,1680,37.8571428571429,44.375
EPI_ISL_285394|Human|H7N9|2017.022|Asia|,2017.022,-436.5,42.2023809523809,1680,1680,38.0357142857143,44.2857142857143
EPI_ISL_285390|Human|H7N9|2017.014|Asia|,2017.014,-437.7,42.0833333333333,1680,1680,37.6785714285714,44.2857142857143
EPI_ISL_285386|Human|H7N9|2017.014|Asia|,2017.014,-439.2,42.2023809523809,1680,1680,37.8571428571429,44.375
EPI_ISL_285384|Human|H7N9|2017.008|Asia|,2017.008,-439.2,42.2619047619048,1680,1680,37.6785714285714,44.5535714285714
EPI_ISL_285383|Human|H7N9|2017.008|Asia|,2017.008,-444.8,42.1428571428571,1680,1680,37.6785714285714,44.375
EPI_ISL_285382|Human|H7N9|2017.005|Asia|,2017.005,-435.9,42.2023809523809,1680,1680,37.6785714285714,44.4642857142857
EPI_ISL_285379|Human|H7N9|2016.997|Asia|,2016.997,-436.6,42.2275163787969,1679,1680,37.6785714285714,44.5040214477212
EPI_ISL_285378|Human|H7N9|2016.997|Asia|,2016.997,-438.6,42.2023809523809,1680,1680,37.6785714285714,44.4642857142857
EPI_ISL_285377|Human|H7N9|2016.995|Asia|,2016.995,-438.9,42.2023809523809,1680,1680,38.0357142857143,44.2857142857143
EPI_ISL_285591|Human|H7N9|2017.093|Asia|,2017.093,-436.4,42.1334922526818,1678,1680,37.8571428571429,44.2754919499106
EPI_ISL_285590|Human|H7N9|2017.068|Asia|,2017.068,-439.2,42.2619047619048,1680,1680,37.8571428571429,44.4642857142857
EPI_ISL_285589|Human|H7N9|2017.099|Asia|,2017.099,-439.2,42.2023809523809,1680,1680,37.8571428571429,44.375
EPI_ISL_285588|Human|H7N9|2017.099|Asia|,2017.099,-439.2,42.2023809523809,1680,1680,37.8571428571429,44.375
EPI_ISL_285587|Human|H7N9|2017.093|Asia|,2017.093,-439,42.3214285714286,1680,1680,38.0357142857143,44.4642857142857
EPI_ISL_285586|Human|H7N9|2017.093|Asia|,2017.093,-439.7,42.1428571428571,1680,1680,37.6785714285714,44.375
EPI_ISL_285585|Human|H7N9|2017.09|Asia|,2017.09,-443,42.2619047619048,1680,1680,38.0357142857143,44.375
EPI_ISL_285584|Human|H7N9|2017.101|Asia|,2017.101,-441.7,42.2023809523809,1680,1680,38.0357142857143,44.2857142857143
EPI_ISL_285583|Human|H7N9|2017.082|Asia|,2017.082,-439.2,42.2275163787969,1679,1680,37.8571428571429,44.4146559428061
EPI_ISL_285574|Human|H7N9|2017.159|Asia|,2017.159,-421.1,41.9642857142857,1680,1680,37.5,44.1964285714286
EPI_ISL_285573|Human|H7N9|2017.216|Asia|,2017.216,-438.4,42.0833333333333,1680,1680,37.6785714285714,44.2857142857143
EPI_ISL_285572|Human|H7N9|2017.211|Asia|,2017.211,-431.9,42.0833333333333,1680,1680,37.5,44.375
EPI_ISL_285571|Human|H7N9|2017.203|Asia|,2017.203,-431.9,42.0833333333333,1680,1680,37.5,44.375
EPI_ISL_285570|Human|H7N9|2017.197|Asia|,2017.197,-443.6,42.2619047619048,1680,1680,37.6785714285714,44.5535714285714
EPI_ISL_285569|Human|H7N9|2017.093|Asia|,2017.093,-446.6,42.3809523809524,1680,1680,38.0357142857143,44.5535714285714
EPI_ISL_285568|Human|H7N9|2017.225|Asia|,2017.225,-443.6,42.2619047619048,1680,1680,37.6785714285714,44.5535714285714
EPI_ISL_285567|Human|H7N9|2017.222|Asia|,2017.222,-440.3,42.2023809523809,1680,1680,37.1428571428571,44.7321428571429
EPI_ISL_285566|Human|H7N9|2017.238|Asia|,2017.238,-431.9,42.0833333333333,1680,1680,37.5,44.375
EPI_ISL_285565|Human|H7N9|2017.197|Asia|,2017.197,-436.5,42.1428571428571,1680,1680,38.0357142857143,44.1964285714286
EPI_ISL_285564|Human|H7N9|2017.238|Asia|,2017.238,-439.6,42.0833333333333,1680,1680,37.6785714285714,44.2857142857143
EPI_ISL_285556|Human|H7N9|2017.449|Asia|,2017.449,-438.8,42.2023809523809,1680,1680,37.8571428571429,44.375
EPI_ISL_292347|Human|H7N9|2017.397|Asia|,2017.397,-439.1,42.25768321513,1692,1692,37.0567375886525,44.8581560283688
EPI_ISL_294203|Human|H7N9|2017.164|Asia|,2017.164,-436,42.1428571428571,1680,1680,37.3214285714286,44.5535714285714
EPI_ISL_295549|Human|H7N9|2017.449|Asia|,2017.449,-438.8,42.2023809523809,1680,1680,37.8571428571429,44.375
EPI_ISL_314056|Human|H7N9|2017.581|Asia|,2017.581,-438.6,42.1394799054374,1692,1692,37.0567375886525,44.6808510638298
EPI_ISL_327778|Human|H7N9|2017.162|Asia|,2017.162,-437,42.1985815602837,1692,1692,37.0567375886525,44.7695035460993
EPI_ISL_327792|Human|H7N9|2017|Asia|,2017,-432.2,42.0212765957447,1692,1692,37.4113475177305,44.3262411347518
EPI_ISL_333972|Human|H7N9|2016.989|Asia|,2016.989,-434.9,41.8452380952381,1680,1680,36.4285714285714,44.5535714285714
EPI_ISL_333971|Human|H7N9|2016.964|Asia|,2016.964,-440.2,42.0833333333333,1680,1680,37.3214285714286,44.4642857142857
EPI_ISL_338377|Human|H7N9|2017.641|Asia|,2017.641,-443.5,42.3214285714286,1680,1680,38.0357142857143,44.4642857142857
EPI_ISL_339477|Human|H7N9|2017.663|Asia|,2017.663,-442.6,42.6698450536353,1678,1680,38.7096774193548,44.6428571428571
EPI_ISL_338379|Human|H7N9|2017.628|Asia|,2017.628,-437.1,42.4404761904762,1680,1680,38.2142857142857,44.5535714285714
EPI_ISL_338378|Human|H7N9|2017.625|Asia|,2017.625,-437.5,42.4404761904762,1680,1680,38.3928571428571,44.4642857142857
EPI_ISL_378704|Human|H7N9|2017.118|Asia|,2017.118,-441.2,42.3809523809524,1680,1680,38.0357142857143,44.5535714285714
EPI_ISL_505060|Swine|H7N9|2017.597|Asia|,2017.597,-431.9,42.1428571428571,1680,1680,37.8571428571429,44.2857142857143
EPI_ISL_505059|Swine|H7N9|2017.633|Asia|,2017.633,-434.1,42.2023809523809,1680,1680,37.8571428571429,44.375
EPI_ISL_353999|Human|H7N9|2019.252|Asia|,2019.252,-436.4,41.9869899467771,1691,1692,36.8794326241135,44.5430346051464
EPI_ISL_353998|Human|H7N9|2019.252|Asia|,2019.252,-436.4,41.9869899467771,1691,1692,36.8794326241135,44.5430346051464
EPI_ISL_353997|Human|H7N9|2019.247|Asia|,2019.247,-436.6,41.9621749408983,1692,1692,36.8794326241135,44.5035460992908
EPI_ISL_353994|Human|H7N9|2019.255|Asia|,2019.255,-436.9,42.0212765957447,1692,1692,36.8794326241135,44.5921985815603
EPI_ISL_353993|Human|H7N9|2019.252|Asia|,2019.252,-436.9,42.0212765957447,1692,1692,36.8794326241135,44.5921985815603
EPI_ISL_353992|Human|H7N9|2019.252|Asia|,2019.252,-436.9,42.0212765957447,1692,1692,36.8794326241135,44.5921985815603
EPI_ISL_353991|Human|H7N9|2019.247|Asia|,2019.247,-437.4,42.0212765957447,1692,1692,36.8794326241135,44.5921985815603
EPI_ISL_353990|Human|H7N9|2019.255|Asia|,2019.255,-434.2,41.9869899467771,1691,1692,36.9449378330373,44.5035460992908
EPI_ISL_143275|Human|H6N1|2013.345|Asia|,2013.345,-425.1,40.4467960023516,1701,1701,37.3897707231041,41.9753086419753
EPI_ISL_291111|Human|H7N4|2018.014|Asia|,2018.014,-452.6,44.4047619047619,1680,1680,43.0357142857143,45.0892857142857
EPI_ISL_376123|Human|H7N4|2018.014|Asia|,2018.014,-452.6,44.4047619047619,1680,1680,43.0357142857143,45.0892857142857
EPI_ISL_304404|Human|H5N6|2017.981|Asia|,2017.981,-447.4,41.8577307466196,1701,1701,44.0917107583774,40.7407407407407
EPI_ISL_332402|Human|H5N6|2018.847|Asia|,2018.847,-437.6,40.9305064782097,1698,1698,41.1660777385159,40.8127208480565
EPI_ISL_332400|Human|H5N6|2018.847|Asia|,2018.847,-435.6,40.8716136631331,1698,1698,41.1660777385159,40.7243816254417
EPI_ISL_337275|Human|H5N6|2018.847|Asia|,2018.847,-434.7,40.8956982911019,1697,1698,41.1660777385159,40.7603890362511
EPI_ISL_337274|Human|H5N6|2018.742|Asia|,2018.742,-432.5,41.4605418138987,1698,1698,42.226148409894,41.0777385159011
EPI_ISL_337280|Human|H5N6|2017.877|Asia|,2017.877,-441.3,41.1660777385159,1698,1698,41.3427561837456,41.0777385159011
EPI_ISL_337276|Human|H5N6|2018.814|Asia|,2018.814,-435.9,41.5783274440518,1698,1698,42.756183745583,40.9893992932862
EPI_ISL_337273|Human|H5N6|2018.619|Asia|,2018.619,-426.4,41.1314083677077,1697,1698,41.5194346289753,40.9372236958444
EPI_ISL_368368|Human|H5N6|2018.847|Asia|,2018.847,-437.6,40.9305064782097,1698,1698,41.1660777385159,40.8127208480565
EPI_ISL_502208|Ferret|H5N6|2018.447|Asia|,2018.447,-440.9,40.9893992932862,1698,1698,41.3427561837456,40.8127208480565
EPI_ISL_502206|Ferret|H5N6|2018.644|Asia|,2018.644,-432.7,40.8716136631331,1698,1698,40.9893992932862,40.8127208480565
EPI_ISL_502205|Ferret|H5N6|2018.427|Asia|,2018.427,-439.8,41.0482921083628,1698,1698,40.4593639575972,41.3427561837456
EPI_ISL_502204|Ferret|H5N6|2018.142|Asia|,2018.142,-437.5,40.9893992932862,1698,1698,40.2826855123675,41.3427561837456
EPI_ISL_502203|Ferret|H5N6|2018.068|Asia|,2018.068,-445.4,41.3874191651969,1701,1701,43.5626102292769,40.299823633157
EPI_ISL_502202|Ferret|H5N6|2018.025|Asia|,2018.025,-441.2,40.8127208480565,1698,1698,40.4593639575972,40.9893992932862
EPI_ISL_502201|Ferret|H5N6|2018.005|Asia|,2018.005,-437.5,40.9893992932862,1698,1698,40.4593639575972,41.2544169611307
EPI_ISL_1081369|Human|H5N6|2021.003|Asia|,2021.003,-437.7,41.3427561837456,1698,1698,42.226148409894,40.9010600706714
EPI_ISL_3090099|Human|H5N6|2021.501|Asia|,2021.501,-438.3,42.3280423280423,1701,1701,44.7971781305115,41.0934744268078
EPI_ISL_3770740|Human|H5N6|2021.532|Asia|,2021.532,-449.3,42.1516754850088,1701,1701,44.4444444444444,41.005291005291
EPI_ISL_3770721|Human|H5N6|2021.156|Asia|,2021.156,-431.7,41.283863368669,1698,1698,41.5194346289753,41.1660777385159
EPI_ISL_7983813|Human|H5N6|2021.973|Asia|,2021.973,-448.9,41.9165196942975,1701,1701,44.0917107583774,40.8289241622575
EPI_ISL_163493|Human|H5N6|2014.301|Asia|,2014.301,-433.2,40.9758965314521,1701,1701,41.9753086419753,40.4761904761905
EPI_ISL_176841|Feline|H5N6|2015.008|Asia|,2015.008,-440.1,41.3286302175191,1701,1701,41.7989417989418,41.0934744268078
EPI_ISL_176840|Feline|H5N6|2015.008|Asia|,2015.008,-440.1,41.4462081128748,1701,1701,42.1516754850088,41.0934744268078
EPI_ISL_178262|Human|H5N6|2015.096|Asia|,2015.096,-449,41.4016489988221,1698,1698,41.8727915194346,41.1660777385159
EPI_ISL_178261|Human|H5N6|2015.099|Asia|,2015.099,-446.8,41.3427561837456,1698,1698,41.8727915194346,41.0777385159011
EPI_ISL_177761|Feline|H5N6|2014.332|Asia|,2014.332,-433.2,40.9758965314521,1701,1701,41.9753086419753,40.4761904761905
EPI_ISL_175335|Human|H5N6|2014.942|Asia|,2014.942,-449.1,41.2698412698413,1701,1701,41.6225749559083,41.0934744268078
EPI_ISL_195294|Human|H5N6|2015.099|Asia|,2015.099,-448.6,41.3427561837456,1698,1698,41.8727915194346,41.0777385159011
EPI_ISL_196100|Swine|H5N6|2014.46|Asia|,2014.46,-457.5,41.3286302175191,1701,1701,41.9753086419753,41.005291005291
EPI_ISL_196101|Swine|H5N6|2014.46|Asia|,2014.46,-457.4,41.2698412698413,1701,1701,41.7989417989418,41.005291005291
EPI_ISL_200838|Human|H5N6|2015.521|Asia|,2015.521,-440.2,41.2249705535925,1698,1698,41.8727915194346,40.9010600706714
EPI_ISL_200837|Human|H5N6|2015.11|Asia|,2015.11,-449,41.4016489988221,1698,1698,41.8727915194346,41.1660777385159
EPI_ISL_205503|Human|H5N6|2015.992|Asia|,2015.992,-449.8,41.1071849234393,1698,1698,40.6360424028269,41.3427561837456
EPI_ISL_205313|Human|H5N6|2015.989|Asia|,2015.989,-449.8,41.1071849234393,1698,1698,40.6360424028269,41.3427561837456
EPI_ISL_206036|Human|H5N6|2016.016|Asia|,2016.016,-440.5,40.9893992932862,1698,1698,40.4593639575972,41.2544169611307
EPI_ISL_206569|Human|H5N6|2015.997|Asia|,2015.997,-444.1,41.5637860082305,1701,1701,42.3280423280423,41.1816578483245
EPI_ISL_206568|Human|H5N6|2015.989|Asia|,2015.989,-445.3,41.1347517730496,1692,1698,40.6028368794326,41.4007092198582
EPI_ISL_207051|Human|H5N6|2016.014|Asia|,2016.014,-440.5,40.9893992932862,1698,1698,40.4593639575972,41.2544169611307
EPI_ISL_207048|Human|H5N6|2016.038|Asia|,2016.038,-437.3,40.9893992932862,1698,1698,40.9893992932862,40.9893992932862
EPI_ISL_217025|Human|H5N6|2014.145|Asia|,2014.145,-454.5,41.5783274440518,1698,1698,42.0494699646643,41.3427561837456
EPI_ISL_219828|Human|H5N6|2014.959|Asia|,2014.959,-447.2,41.2595644496763,1699,1701,41.6225749559083,41.0777385159011
EPI_ISL_221721|Feline|H5N6|2015.033|Asia|,2015.033,-440.1,41.3286302175191,1701,1701,41.7989417989418,41.0934744268078
EPI_ISL_221720|Feline|H5N6|2015.033|Asia|,2015.033,-440.1,41.4462081128748,1701,1701,42.1516754850088,41.0934744268078
EPI_ISL_266596|Swine|H5N6|2015.23|Asia|,2015.23,-437.4,40.8583186360964,1701,1701,41.6225749559083,40.4761904761905
EPI_ISL_278205|Feline|H5N6|2016.03|Asia|,2016.03,-451.1,41.1660777385159,1698,1698,40.8127208480565,41.3427561837456
EPI_ISL_278204|Feline|H5N6|2016.03|Asia|,2016.03,-439.7,41.1660777385159,1698,1698,41.696113074205,40.9010600706714
EPI_ISL_240704|Human|H5N6|2016.896|Asia|,2016.896,-455.8,41.9753086419753,1701,1701,43.7389770723104,41.0934744268078
EPI_ISL_240703|Human|H5N6|2016.88|Asia|,2016.88,-455.4,42.1516754850088,1701,1701,44.0917107583774,41.1816578483245
EPI_ISL_256213|Human|H5N6|2016.287|Asia|,2016.287,-452.7,41.1660777385159,1698,1698,41.3427561837456,41.0777385159011
EPI_ISL_284651|Human|H5N6|2016.325|Asia|,2016.325,-450.4,40.8583186360964,1701,1701,40.7407407407407,40.9171075837742
EPI_ISL_284650|Human|H5N6|2016.323|Asia|,2016.323,-450.4,40.8583186360964,1701,1701,40.7407407407407,40.9171075837742
EPI_ISL_340796|Human|H5N6|2017.745|Asia|,2017.745,-428.1,41.6071428571429,1680,1680,42.3214285714286,41.25
EPI_ISL_718225|Human|H5N6|2020.899|Asia|,2020.899,-438.6,41.0482921083628,1698,1698,41.696113074205,40.7243816254417
EPI_ISL_718266|Human|H5N6|2020.907|Asia|,2020.907,-438.6,41.0482921083628,1698,1698,41.696113074205,40.7243816254417
EPI_ISL_1081370|Human|H5N6|2020.973|Asia|,2020.973,-433.1,41.4016489988221,1698,1698,42.4028268551237,40.9010600706714
EPI_ISL_2379892|Human|H10N3|2021.321|Asia|,2021.321,-436.7,42.4242424242424,1683,1683,41.5329768270945,42.8698752228164
EPI_ISL_2380100|Human|H10N3|2021.321|Asia|,2021.321,-436.6,42.4494649227111,1682,1683,41.5329768270945,42.9081177520071
EPI_ISL_4804850|Seal|H5N8|2021.619|Europe|,2021.619,-431.2,42.2692533803645,1701,1701,44.6208112874779,41.0934744268078
EPI_ISL_4805936|Seal|H5N8|2021.63|Europe|,2021.63,-437.9,42.3868312757202,1701,1701,44.7971781305115,41.1816578483245
EPI_ISL_4805852|Seal|H5N8|2021.627|Europe|,2021.627,-450.1,42.1516754850088,1701,1701,44.4444444444444,41.005291005291
EPI_ISL_322984|Seal|H5N8|2016.904|Europe|,2016.904,-444.4,42.0340975896531,1701,1701,44.6208112874779,40.7407407407407
EPI_ISL_1038924|Human|H5N8|2020.945|Europe|,2020.945,-439.5,42.2692533803645,1701,1701,44.6208112874779,41.0934744268078
EPI_ISL_2081528|Seal|H5N8|2020.934|Europe|,2020.934,-436,42.092886537331,1701,1701,44.2680776014109,41.005291005291
EPI_ISL_2081527|Canine|H5N8|2020.934|Europe|,2020.934,-434.2,42.0212765957447,1692,1692,43.7943262411348,41.1347517730496
EPI_ISL_152846|Human|H10N8|2013.923|Asia|,2013.923,-468.4,43.3749257278669,1683,1683,41.8894830659537,44.1176470588235
EPI_ISL_162062|Human|H10N8|2014.019|Asia|,2014.019,-467.5,43.49376114082,1683,1683,41.7112299465241,44.3850267379679
EPI_ISL_162076|Human|H10N8|2013.929|Asia|,2013.929,-468.4,43.3749257278669,1683,1683,41.8894830659537,44.1176470588235
EPI_ISL_162075|Human|H10N8|2013.923|Asia|,2013.923,-468.4,43.3749257278669,1683,1683,41.8894830659537,44.1176470588235
EPI_ISL_166971|Seal|H10N7|2014.764|Europe|,2014.764,-449.3,43.5523114355231,1644,1644,42.3357664233577,44.1605839416058
EPI_ISL_167226|Seal|H10N7|2014.288|Europe|,2014.288,-462.5,43.2738095238095,1680,1680,42.1428571428571,43.8392857142857
EPI_ISL_170566|Seal|H10N7|2014.764|Europe|,2014.764,-449.3,43.5523114355231,1644,1644,42.3357664233577,44.1605839416058
