EPI_ISL_1211|Human|H1N1|1918|NorthAmerica|seasonal,1918,-314.7,43.9244663382594,1218,1218,40.64039408867,45.5665024630542
EPI_ISL_69816|Human|H1N1|1933.025|Europe|seasonal,1933.025,-418.2,41.8727915194346,1698,1698,42.226148409894,41.696113074205
EPI_ISL_90462|Human|H1N1|1933.414|Europe|,1933.414,-418.2,41.8727915194346,1698,1698,42.226148409894,41.696113074205
EPI_ISL_66109|Human|H1N1|1932|Europe|seasonal,1932,-416.9,41.7452830188679,1696,1698,42.1238938053097,41.5561450044209
EPI_ISL_66108|Human|H1N1|1932|NorthAmerica|seasonal,1932,-424.7,41.4159292035398,1695,1695,42.4778761061947,40.8849557522124
EPI_ISL_69745|Human|H1N1|1933|Europe|seasonal,1933,-428.4,41.2979351032448,1695,1695,42.4778761061947,40.7079646017699
EPI_ISL_69822|Human|H1N1|1933|Europe|seasonal,1933,-427.3,41.2389380530973,1695,1695,42.4778761061947,40.6194690265487
EPI_ISL_147186|Human|H1N1|1935|NorthAmerica|,1935,-419.6,41.9316843345112,1698,1698,42.756183745583,41.5194346289753
EPI_ISL_69244|Human|H1N1|1945|NorthAmerica|seasonal,1945,-423.8,42.1672555948174,1698,1698,43.6395759717314,41.4310954063604
EPI_ISL_84909|Human|H1N1|1948|NorthAmerica|,1948,-426.9,42.2367638310529,1681,1683,43.6720142602496,41.5178571428571
EPI_ISL_69277|Human|H1N1|1943|NorthAmerica|seasonal,1943,-422,41.9469026548673,1695,1695,42.8318584070797,41.5044247787611
EPI_ISL_69245|Human|H1N1|1943|NorthAmerica|seasonal,1943,-423.1,41.8727915194346,1698,1698,43.1095406360424,41.2544169611307
EPI_ISL_5169|Human|H1N1|1947|NorthAmerica|seasonal,1947,-417.5,41.4605418138987,1698,1698,42.4028268551237,40.9893992932862
EPI_ISL_147188|Human|H1N1|1947|NorthAmerica|,1947,-417.9,41.5194346289753,1698,1698,42.4028268551237,41.0777385159011
EPI_ISL_6974|Human|H1N1|1954|Asia|seasonal,1954,-439.9,42.4617196702002,1698,1698,44.1696113074205,41.6077738515901
EPI_ISL_66101|Human|H1N1|1954|Asia|seasonal,1954,-438.8,42.4028268551237,1698,1698,43.9929328621908,41.6077738515901
EPI_ISL_143167|Human|H1N1|1954|Asia|,1954,-438.8,42.4028268551237,1698,1698,43.9929328621908,41.6077738515901
EPI_ISL_84910|Human|H1N1|1951|Europe|,1951,-426.5,41.8727915194346,1698,1698,43.1095406360424,41.2544169611307
EPI_ISL_7072|Human|H1N1|1951|NorthAmerica|seasonal,1951,-430.8,41.8727915194346,1698,1698,42.9328621908127,41.3427561837456
EPI_ISL_7093|Human|H1N1|1951|NorthAmerica|seasonal,1951,-428.3,41.8727915194346,1698,1698,43.1095406360424,41.2544169611307
EPI_ISL_7084|Human|H1N1|1951|NorthAmerica|seasonal,1951,-432.7,41.9316843345112,1698,1698,43.1095406360424,41.3427561837456
EPI_ISL_7063|Human|H1N1|1951|NorthAmerica|seasonal,1951,-433.1,41.8727915194346,1698,1698,42.9328621908127,41.3427561837456
EPI_ISL_66094|Human|H1N1|1957|NorthAmerica|seasonal,1957,-436.5,42.4778761061947,1695,1695,43.0088495575221,42.212389380531
EPI_ISL_143164|Human|H1N1|1957|NorthAmerica|,1957,-436.5,42.4778761061947,1695,1695,43.0088495575221,42.212389380531
EPI_ISL_130407|Human|H1N1|1957|Asia|,1957,-437.9,42.5958702064897,1695,1695,43.5398230088496,42.1238938053097
EPI_ISL_84889|Human|H1N1|1953|Europe|,1953,-422,41.9316843345112,1698,1698,42.0494699646643,41.8727915194346
EPI_ISL_84886|Human|H1N1|1954|Europe|,1954,-423.3,41.8974661166765,1697,1698,41.696113074205,41.9982316534041
EPI_ISL_66099|Human|H1N1|1950|NorthAmerica|seasonal,1950,-426.1,42.1672555948174,1698,1698,42.4028268551237,42.0494699646643
EPI_ISL_147187|Human|H1N1|1950|NorthAmerica|,1950,-426.1,42.1672555948174,1698,1698,42.4028268551237,42.0494699646643
EPI_ISL_147189|Human|H1N1|1946|NorthAmerica|,1946,-423,41.4016489988221,1698,1698,42.4028268551237,40.9010600706714
EPI_ISL_69268|Human|H1N1|1939|NorthAmerica|seasonal,1939,-419.3,41.4605418138987,1698,1698,42.5795053003534,40.9010600706714
EPI_ISL_143169|Human|H1N1|1940|NorthAmerica|,1940,-419.3,41.4605418138987,1698,1698,42.5795053003534,40.9010600706714
EPI_ISL_66093|Human|H1N1|1946|NorthAmerica|seasonal,1946,-427.1,41.1660777385159,1698,1698,41.5194346289753,40.9893992932862
EPI_ISL_84890|Human|H1N1|1948|Europe|,1948,-424.2,42.1462829736211,1668,1668,43.705035971223,41.3669064748201
EPI_ISL_66092|Human|H1N1|1942|NorthAmerica|seasonal,1942,-424.2,41.7550058892815,1698,1698,42.9328621908127,41.1660777385159
EPI_ISL_143168|Human|H1N1|1942|NorthAmerica|,1942,-424.2,41.7550058892815,1698,1698,42.9328621908127,41.1660777385159
EPI_ISL_66102|Human|H1N1|1934|Oceania|seasonal,1934,-437.4,41.9905771495878,1698,1698,43.6395759717314,41.1660777385159
EPI_ISL_147194|Human|H1N1|1935|Oceania|,1935,-437.4,41.9905771495878,1698,1698,43.6395759717314,41.1660777385159
EPI_ISL_69777|Human|H1N1|1946|Oceania|seasonal,1946,-429.1,41.8727915194346,1698,1698,43.2862190812721,41.1660777385159
EPI_ISL_69288|Human|H1N1|1946|Oceania|seasonal,1946,-428.2,41.8138987043581,1698,1698,43.2862190812721,41.0777385159011
EPI_ISL_69300|Human|H1N1|1935|NorthAmerica|seasonal,1935,-419.4,42.226148409894,1698,1698,43.2862190812721,41.696113074205
EPI_ISL_69267|Human|H1N1|1936|NorthAmerica|seasonal,1936,-427.5,42.4028268551237,1698,1698,43.6395759717314,41.7844522968198
EPI_ISL_381064|Human|H1N1|1934|NorthAmerica|,1934,-408.3,41.7550058892815,1698,1698,42.756183745583,41.2544169611307
EPI_ISL_73426|Human|H1N1|1934|NorthAmerica|,1934,-411.8,42.0494699646643,1698,1698,43.6395759717314,41.2544169611307
EPI_ISL_143160|Human|H1N1|1934|NorthAmerica|,1934,-405.81,41.9316843345112,1698,1698,43.2862190812721,41.2544169611307
EPI_ISL_147173|Human|H1N1|1934|NorthAmerica|,1934,-405.81,41.9316843345112,1698,1698,43.2862190812721,41.2544169611307
EPI_ISL_123173|Human|H1N1|1993|NorthAmerica|,1993,-423.8,41.5194346289753,1698,1698,41.3427561837456,41.6077738515901
EPI_ISL_5621|Human|H1N1|1995.578|NorthAmerica|seasonal,1995.578,-424.2,41.1071849234393,1698,1698,40.8127208480565,41.2544169611307
EPI_ISL_503069|Human|H1N1|1996|SouthAmerica|,1996,-421.1,41.2249705535925,1698,1698,40.9893992932862,41.3427561837456
EPI_ISL_147193|Human|H1N1|1991|NorthAmerica|,1991,-423.7,41.4605418138987,1698,1698,41.5194346289753,41.4310954063604
EPI_ISL_368441|Human|H1N1|2014.871|NorthAmerica|,2014.871,-422.8,41.4605418138987,1698,1698,41.3427561837456,41.5194346289753
EPI_ISL_368433|Human|H1N1|2014.83|NorthAmerica|,2014.83,-422.8,41.4605418138987,1698,1698,41.3427561837456,41.5194346289753
EPI_ISL_368426|Human|H1N1|2014.83|NorthAmerica|,2014.83,-422.8,41.4605418138987,1698,1698,41.3427561837456,41.5194346289753
EPI_ISL_368465|Human|H1N1|2014.964|NorthAmerica|,2014.964,-422.8,41.4605418138987,1698,1698,41.3427561837456,41.5194346289753
EPI_ISL_368464|Human|H1N1|2014.964|NorthAmerica|,2014.964,-422.8,41.4605418138987,1698,1698,41.3427561837456,41.5194346289753
EPI_ISL_368463|Human|H1N1|2014.964|NorthAmerica|,2014.964,-422.8,41.4605418138987,1698,1698,41.3427561837456,41.5194346289753
EPI_ISL_368462|Human|H1N1|2014.964|NorthAmerica|,2014.964,-422.8,41.4605418138987,1698,1698,41.3427561837456,41.5194346289753
EPI_ISL_368461|Human|H1N1|2014.964|NorthAmerica|,2014.964,-422.8,41.4605418138987,1698,1698,41.3427561837456,41.5194346289753
EPI_ISL_368460|Human|H1N1|2014.964|NorthAmerica|,2014.964,-422.8,41.4605418138987,1698,1698,41.3427561837456,41.5194346289753
EPI_ISL_368459|Human|H1N1|2014.964|NorthAmerica|,2014.964,-422.8,41.4605418138987,1698,1698,41.3427561837456,41.5194346289753
EPI_ISL_368458|Human|H1N1|2014.964|NorthAmerica|,2014.964,-422.8,41.4605418138987,1698,1698,41.3427561837456,41.5194346289753
EPI_ISL_368457|Human|H1N1|2014.964|NorthAmerica|,2014.964,-422.8,41.4605418138987,1698,1698,41.3427561837456,41.5194346289753
EPI_ISL_368456|Human|H1N1|2014.964|NorthAmerica|,2014.964,-422.8,41.4605418138987,1698,1698,41.3427561837456,41.5194346289753
EPI_ISL_368455|Human|H1N1|2014.926|NorthAmerica|,2014.926,-422.8,41.4605418138987,1698,1698,41.3427561837456,41.5194346289753
EPI_ISL_368454|Human|H1N1|2014.926|NorthAmerica|,2014.926,-422.8,41.4605418138987,1698,1698,41.3427561837456,41.5194346289753
EPI_ISL_368453|Human|H1N1|2014.926|NorthAmerica|,2014.926,-422.8,41.4605418138987,1698,1698,41.3427561837456,41.5194346289753
EPI_ISL_368452|Human|H1N1|2014.926|NorthAmerica|,2014.926,-422.8,41.4605418138987,1698,1698,41.3427561837456,41.5194346289753
EPI_ISL_368451|Human|H1N1|2014.926|NorthAmerica|,2014.926,-422.8,41.4605418138987,1698,1698,41.3427561837456,41.5194346289753
EPI_ISL_368450|Human|H1N1|2014.926|NorthAmerica|,2014.926,-422.8,41.4605418138987,1698,1698,41.3427561837456,41.5194346289753
EPI_ISL_368449|Human|H1N1|2014.926|NorthAmerica|,2014.926,-422.8,41.4605418138987,1698,1698,41.3427561837456,41.5194346289753
EPI_ISL_368448|Human|H1N1|2014.926|NorthAmerica|,2014.926,-422.8,41.4605418138987,1698,1698,41.3427561837456,41.5194346289753
EPI_ISL_368447|Human|H1N1|2014.926|NorthAmerica|,2014.926,-422.8,41.4605418138987,1698,1698,41.3427561837456,41.5194346289753
EPI_ISL_368446|Human|H1N1|2014.926|NorthAmerica|,2014.926,-422.8,41.4605418138987,1698,1698,41.3427561837456,41.5194346289753
EPI_ISL_368445|Human|H1N1|2014.871|NorthAmerica|,2014.871,-422.8,41.4605418138987,1698,1698,41.3427561837456,41.5194346289753
EPI_ISL_368444|Human|H1N1|2014.871|NorthAmerica|,2014.871,-422.8,41.4605418138987,1698,1698,41.3427561837456,41.5194346289753
EPI_ISL_368443|Human|H1N1|2014.871|NorthAmerica|,2014.871,-422.8,41.4605418138987,1698,1698,41.3427561837456,41.5194346289753
EPI_ISL_368440|Human|H1N1|2014.871|NorthAmerica|,2014.871,-425.2,41.5194346289753,1698,1698,41.3427561837456,41.6077738515901
EPI_ISL_368439|Human|H1N1|2014.871|NorthAmerica|,2014.871,-425.2,41.5194346289753,1698,1698,41.3427561837456,41.6077738515901
EPI_ISL_368438|Human|H1N1|2014.871|NorthAmerica|,2014.871,-425.2,41.5194346289753,1698,1698,41.3427561837456,41.6077738515901
EPI_ISL_368437|Human|H1N1|2014.871|NorthAmerica|,2014.871,-425.2,41.5194346289753,1698,1698,41.3427561837456,41.6077738515901
EPI_ISL_368436|Human|H1N1|2014.871|NorthAmerica|,2014.871,-425.2,41.5194346289753,1698,1698,41.3427561837456,41.6077738515901
EPI_ISL_368435|Human|H1N1|2014.83|NorthAmerica|,2014.83,-425.2,41.5194346289753,1698,1698,41.3427561837456,41.6077738515901
EPI_ISL_368434|Human|H1N1|2014.83|NorthAmerica|,2014.83,-425.2,41.5194346289753,1698,1698,41.3427561837456,41.6077738515901
EPI_ISL_368432|Human|H1N1|2014.83|NorthAmerica|,2014.83,-425.2,41.5194346289753,1698,1698,41.3427561837456,41.6077738515901
EPI_ISL_368431|Human|H1N1|2014.83|NorthAmerica|,2014.83,-425.2,41.5194346289753,1698,1698,41.3427561837456,41.6077738515901
EPI_ISL_368430|Human|H1N1|2014.83|NorthAmerica|,2014.83,-425.2,41.5194346289753,1698,1698,41.3427561837456,41.6077738515901
EPI_ISL_368429|Human|H1N1|2014.83|NorthAmerica|,2014.83,-425.2,41.5194346289753,1698,1698,41.3427561837456,41.6077738515901
EPI_ISL_368428|Human|H1N1|2014.83|NorthAmerica|,2014.83,-425.2,41.5194346289753,1698,1698,41.3427561837456,41.6077738515901
EPI_ISL_368427|Human|H1N1|2014.83|NorthAmerica|,2014.83,-425.2,41.5194346289753,1698,1698,41.3427561837456,41.6077738515901
EPI_ISL_368425|Human|H1N1|2014.8|NorthAmerica|,2014.8,-425.2,41.5194346289753,1698,1698,41.3427561837456,41.6077738515901
EPI_ISL_368424|Human|H1N1|2014.8|NorthAmerica|,2014.8,-425.2,41.5194346289753,1698,1698,41.3427561837456,41.6077738515901
EPI_ISL_368423|Human|H1N1|2014.8|NorthAmerica|,2014.8,-425.2,41.5194346289753,1698,1698,41.3427561837456,41.6077738515901
EPI_ISL_368422|Human|H1N1|2014.8|NorthAmerica|,2014.8,-425.2,41.5194346289753,1698,1698,41.3427561837456,41.6077738515901
EPI_ISL_368421|Human|H1N1|2014.8|NorthAmerica|,2014.8,-425.2,41.5194346289753,1698,1698,41.3427561837456,41.6077738515901
EPI_ISL_368420|Human|H1N1|2014.8|NorthAmerica|,2014.8,-425.2,41.5194346289753,1698,1698,41.3427561837456,41.6077738515901
EPI_ISL_368419|Human|H1N1|2014.8|NorthAmerica|,2014.8,-425.2,41.5194346289753,1698,1698,41.3427561837456,41.6077738515901
EPI_ISL_368418|Human|H1N1|2014.8|NorthAmerica|,2014.8,-425.2,41.5194346289753,1698,1698,41.3427561837456,41.6077738515901
EPI_ISL_368417|Human|H1N1|2014.8|NorthAmerica|,2014.8,-425.2,41.5194346289753,1698,1698,41.3427561837456,41.6077738515901
EPI_ISL_368416|Human|H1N1|2014.8|NorthAmerica|,2014.8,-425.2,41.5194346289753,1698,1698,41.3427561837456,41.6077738515901
EPI_ISL_368466|Human|H1N1|2014|NorthAmerica|,2014,-425.2,41.5194346289753,1698,1698,41.3427561837456,41.6077738515901
EPI_ISL_368442|Human|H1N1|2014.871|NorthAmerica|,2014.871,-425.2,41.5194346289753,1698,1698,41.3427561837456,41.6077738515901
EPI_ISL_10251|Human|H1N1|1986|Asia|seasonal,1986,-415,41.5194346289753,1698,1698,41.696113074205,41.4310954063604
EPI_ISL_6837|Human|H1N1|1987|NorthAmerica|seasonal,1987,-414.7,41.3427561837456,1698,1698,41.5194346289753,41.2544169611307
EPI_ISL_6774|Human|H1N1|1986|NorthAmerica|seasonal,1986,-414.1,41.4016489988221,1698,1698,41.696113074205,41.2544169611307
EPI_ISL_6838|Human|H1N1|1987|NorthAmerica|seasonal,1987,-411.6,41.2249705535925,1698,1698,41.5194346289753,41.0777385159011
EPI_ISL_7081|Human|H1N1|1987|NorthAmerica|seasonal,1987,-410.4,41.2249705535925,1698,1698,41.3427561837456,41.1660777385159
EPI_ISL_6914|Human|H1N1|1986|NorthAmerica|seasonal,1986,-410.8,41.3427561837456,1698,1698,41.696113074205,41.1660777385159
EPI_ISL_7052|Human|H1N1|1986|NorthAmerica|seasonal,1986,-410.4,41.2249705535925,1698,1698,41.5194346289753,41.0777385159011
EPI_ISL_27634|Human|H1N1|1989.003|Europe|seasonal,1989.003,-424.2,41.6372202591284,1698,1698,42.0494699646643,41.4310954063604
EPI_ISL_68916|Human|H1N1|1987|Europe|seasonal,1987,-415,41.1903358868592,1697,1698,41.1660777385159,41.2024756852343
EPI_ISL_6905|Human|H1N1|1986|Asia|seasonal,1986,-417.5,41.4605418138987,1698,1698,41.8727915194346,41.2544169611307
EPI_ISL_173282|Human|H1N1|1986|Oceania|seasonal,1986,-414,41.3915094339623,1696,1698,41.5194346289753,41.3274336283186
EPI_ISL_6902|Human|H1N1|1980|Asia|seasonal,1980,-408.9,41.4016489988221,1698,1698,42.4028268551237,40.9010600706714
EPI_ISL_5327|Human|H1N1|1980|NorthAmerica|seasonal,1980,-412.3,41.5783274440518,1698,1698,42.9328621908127,40.9010600706714
EPI_ISL_6972|Human|H1N1|1981|NorthAmerica|seasonal,1981,-412.2,41.283863368669,1698,1698,41.8727915194346,40.9893992932862
EPI_ISL_5569|Human|H1N1|1983|NorthAmerica|seasonal,1983,-414.2,41.1660777385159,1698,1698,41.696113074205,40.9010600706714
EPI_ISL_5568|Human|H1N1|1983|NorthAmerica|seasonal,1983,-415,41.2249705535925,1698,1698,41.5194346289753,41.0777385159011
EPI_ISL_6835|Human|H1N1|1983|NorthAmerica|seasonal,1983,-423.3,41.6372202591284,1698,1698,42.756183745583,41.0777385159011
EPI_ISL_5261|Human|H1N1|1982|NorthAmerica|seasonal,1982,-424.1,41.4016489988221,1698,1698,42.0494699646643,41.0777385159011
EPI_ISL_5170|Human|H1N1|1982|NorthAmerica|seasonal,1982,-426.1,41.5194346289753,1698,1698,42.226148409894,41.1660777385159
EPI_ISL_6154|Human|H1N1|1983|NorthAmerica|seasonal,1983,-422.3,41.4016489988221,1698,1698,42.4028268551237,40.9010600706714
EPI_ISL_6871|Human|H1N1|1980|NorthAmerica|seasonal,1980,-417.5,41.2249705535925,1698,1698,42.4028268551237,40.6360424028269
EPI_ISL_6855|Human|H1N1|1978|NorthAmerica|seasonal,1978,-413.9,41.3427561837456,1698,1698,42.4028268551237,40.8127208480565
EPI_ISL_6870|Human|H1N1|1978|NorthAmerica|seasonal,1978,-412.8,41.3427561837456,1698,1698,42.4028268551237,40.8127208480565
EPI_ISL_7060|Human|H1N1|1978|NorthAmerica|seasonal,1978,-411.9,41.4016489988221,1698,1698,42.4028268551237,40.9010600706714
EPI_ISL_6869|Human|H1N1|1978|NorthAmerica|seasonal,1978,-412.9,41.4605418138987,1698,1698,42.5795053003534,40.9010600706714
EPI_ISL_5135|Human|H1N1|1977|Asia|seasonal,1977,-413,41.5194346289753,1698,1698,42.4028268551237,41.0777385159011
EPI_ISL_5324|Human|H1N1|1978|NorthAmerica|seasonal,1978,-415.6,41.4605418138987,1698,1698,42.5795053003534,40.9010600706714
EPI_ISL_5134|Human|H1N1|1977|Europe|seasonal,1977,-415.9,41.696113074205,1698,1698,43.1095406360424,40.9893992932862
EPI_ISL_5322|Human|H1N1|1978|NorthAmerica|seasonal,1978,-413.7,41.5194346289753,1698,1698,42.9328621908127,40.8127208480565
EPI_ISL_5373|Human|H1N1|1978|NorthAmerica|seasonal,1978,-412.8,41.5783274440518,1698,1698,43.1095406360424,40.8127208480565
EPI_ISL_5325|Human|H1N1|1978|NorthAmerica|seasonal,1978,-412.8,41.5783274440518,1698,1698,43.1095406360424,40.8127208480565
EPI_ISL_5323|Human|H1N1|1978|NorthAmerica|seasonal,1978,-412.8,41.5783274440518,1698,1698,43.1095406360424,40.8127208480565
EPI_ISL_6454|Human|H1N1|1978|NorthAmerica|seasonal,1978,-412.8,41.5783274440518,1698,1698,43.1095406360424,40.8127208480565
EPI_ISL_66105|Human|H1N1|1977|Europe|seasonal,1977,-412.8,41.5783274440518,1698,1698,43.1095406360424,40.8127208480565
EPI_ISL_66104|Human|H1N1|1977|Europe|seasonal,1977,-412.8,41.5783274440518,1698,1698,43.1095406360424,40.8127208480565
EPI_ISL_127646|Human|H1N1|1977|Europe|,1977,-412.8,41.5783274440518,1698,1698,43.1095406360424,40.8127208480565
EPI_ISL_243351|Human|H1N1|1977|Europe|,1977,-414.4,41.696113074205,1698,1698,43.1095406360424,40.9893992932862
EPI_ISL_5326|Human|H1N1|1978|NorthAmerica|seasonal,1978,-414.6,41.5194346289753,1698,1698,43.1095406360424,40.7243816254417
EPI_ISL_6915|Human|H1N1|1977|Asia|seasonal,1977,-422.4,41.6372202591284,1698,1698,42.756183745583,41.0777385159011
EPI_ISL_147192|Human|H1N1|1951|NorthAmerica|,1951,-425.9,41.8727915194346,1698,1698,43.2862190812721,41.1660777385159
EPI_ISL_69304|Human|H1N1|1949|Europe|seasonal,1949,-418.4,41.8138987043581,1698,1698,42.9328621908127,41.2544169611307
EPI_ISL_147190|Human|H1N1|1949|NorthAmerica|,1949,-418.4,41.8138987043581,1698,1698,42.9328621908127,41.2544169611307
EPI_ISL_6853|Human|H1N1|1948|NorthAmerica|seasonal,1948,-416.4,41.7550058892815,1698,1698,43.1095406360424,41.0777385159011
EPI_ISL_7048|Human|H1N1|1950|NorthAmerica|seasonal,1950,-412.6,41.6372202591284,1698,1698,42.9328621908127,40.9893992932862
EPI_ISL_173281|Human|H1N1|1983|Oceania|seasonal,1983,-413.9,41.3427561837456,1698,1698,42.9328621908127,40.547703180212
EPI_ISL_6900|Human|H1N1|1983|SouthAmerica|seasonal,1983,-417,41.283863368669,1698,1698,42.756183745583,40.547703180212
EPI_ISL_125876|Human|H1N1|1983|SouthAmerica|,1983,-417,41.283863368669,1698,1698,42.756183745583,40.547703180212
EPI_ISL_6772|Human|H1N1|1983|NorthAmerica|seasonal,1983,-416.7,41.283863368669,1698,1698,42.9328621908127,40.4593639575972
EPI_ISL_6786|Human|H1N1|1983|NorthAmerica|seasonal,1983,-418.6,41.3427561837456,1698,1698,43.1095406360424,40.4593639575972
EPI_ISL_5375|Human|H1N1|1983|NorthAmerica|seasonal,1983,-416.9,41.2249705535925,1698,1698,42.756183745583,40.4593639575972
EPI_ISL_6463|Human|H1N1|1983|NorthAmerica|seasonal,1983,-416.9,41.2249705535925,1698,1698,42.756183745583,40.4593639575972
EPI_ISL_6516|Human|H1N1|1983|NorthAmerica|seasonal,1983,-416.9,41.2249705535925,1698,1698,42.756183745583,40.4593639575972
EPI_ISL_5328|Human|H1N1|1983|NorthAmerica|seasonal,1983,-413.2,41.1071849234393,1698,1698,42.5795053003534,40.3710247349823
EPI_ISL_5374|Human|H1N1|1983|NorthAmerica|seasonal,1983,-412.3,41.0482921083628,1698,1698,42.5795053003534,40.2826855123675
EPI_ISL_6517|Human|H1N1|1983|NorthAmerica|seasonal,1983,-412,41.1071849234393,1698,1698,42.5795053003534,40.3710247349823
EPI_ISL_6773|Human|H1N1|1983|NorthAmerica|seasonal,1983,-414.5,41.1660777385159,1698,1698,42.5795053003534,40.4593639575972
EPI_ISL_6768|Human|H1N1|1983|NorthAmerica|seasonal,1983,-416.1,41.283863368669,1698,1698,42.9328621908127,40.4593639575972
EPI_ISL_6771|Human|H1N1|1983|NorthAmerica|seasonal,1983,-415.7,41.2249705535925,1698,1698,42.756183745583,40.4593639575972
EPI_ISL_6767|Human|H1N1|1983|NorthAmerica|seasonal,1983,-415.9,41.1660777385159,1698,1698,42.5795053003534,40.4593639575972
EPI_ISL_6878|Human|H1N1|1983|NorthAmerica|seasonal,1983,-416.2,41.283863368669,1698,1698,42.9328621908127,40.4593639575972
EPI_ISL_5693|Human|H1N1|1983|NorthAmerica|seasonal,1983,-415.7,41.283863368669,1698,1698,42.9328621908127,40.4593639575972
EPI_ISL_6440|Human|H1N1|1983|NorthAmerica|seasonal,1983,-413.5,41.1660777385159,1698,1698,42.5795053003534,40.4593639575972
EPI_ISL_6438|Human|H1N1|1983|NorthAmerica|seasonal,1983,-414.1,41.2249705535925,1698,1698,42.756183745583,40.4593639575972
EPI_ISL_5336|Human|H1N1|1983|NorthAmerica|seasonal,1983,-413.7,41.1660777385159,1698,1698,42.5795053003534,40.4593639575972
EPI_ISL_5335|Human|H1N1|1983|NorthAmerica|seasonal,1983,-413.7,41.1660777385159,1698,1698,42.5795053003534,40.4593639575972
EPI_ISL_5334|Human|H1N1|1983|NorthAmerica|seasonal,1983,-413.7,41.1660777385159,1698,1698,42.5795053003534,40.4593639575972
EPI_ISL_5333|Human|H1N1|1983|NorthAmerica|seasonal,1983,-413.7,41.1660777385159,1698,1698,42.5795053003534,40.4593639575972
EPI_ISL_5332|Human|H1N1|1983|NorthAmerica|seasonal,1983,-413.7,41.1660777385159,1698,1698,42.5795053003534,40.4593639575972
EPI_ISL_5331|Human|H1N1|1983|NorthAmerica|seasonal,1983,-413.7,41.1660777385159,1698,1698,42.5795053003534,40.4593639575972
EPI_ISL_5330|Human|H1N1|1983|NorthAmerica|seasonal,1983,-413.7,41.1660777385159,1698,1698,42.5795053003534,40.4593639575972
EPI_ISL_5329|Human|H1N1|1983|NorthAmerica|seasonal,1983,-413.7,41.1660777385159,1698,1698,42.5795053003534,40.4593639575972
EPI_ISL_5513|Human|H1N1|1983|NorthAmerica|seasonal,1983,-413.7,41.1660777385159,1698,1698,42.5795053003534,40.4593639575972
EPI_ISL_5620|Human|H1N1|1983|NorthAmerica|seasonal,1983,-413.7,41.1660777385159,1698,1698,42.5795053003534,40.4593639575972
EPI_ISL_6462|Human|H1N1|1983|NorthAmerica|seasonal,1983,-413.7,41.1660777385159,1698,1698,42.5795053003534,40.4593639575972
EPI_ISL_6461|Human|H1N1|1983|NorthAmerica|seasonal,1983,-413.7,41.1660777385159,1698,1698,42.5795053003534,40.4593639575972
EPI_ISL_6437|Human|H1N1|1983|NorthAmerica|seasonal,1983,-413.7,41.1660777385159,1698,1698,42.5795053003534,40.4593639575972
EPI_ISL_6436|Human|H1N1|1983|NorthAmerica|seasonal,1983,-413.7,41.1660777385159,1698,1698,42.5795053003534,40.4593639575972
EPI_ISL_6434|Human|H1N1|1983|NorthAmerica|seasonal,1983,-413.7,41.1660777385159,1698,1698,42.5795053003534,40.4593639575972
EPI_ISL_6433|Human|H1N1|1983|NorthAmerica|seasonal,1983,-413.7,41.1660777385159,1698,1698,42.5795053003534,40.4593639575972
EPI_ISL_6836|Human|H1N1|1983|NorthAmerica|seasonal,1983,-413.7,41.1660777385159,1698,1698,42.5795053003534,40.4593639575972
EPI_ISL_6787|Human|H1N1|1983|NorthAmerica|seasonal,1983,-413.7,41.1660777385159,1698,1698,42.5795053003534,40.4593639575972
EPI_ISL_6766|Human|H1N1|1983|NorthAmerica|seasonal,1983,-413.7,41.1660777385159,1698,1698,42.5795053003534,40.4593639575972
EPI_ISL_6770|Human|H1N1|1983|NorthAmerica|seasonal,1983,-414.3,41.0482921083628,1698,1698,42.226148409894,40.4593639575972
EPI_ISL_7929|Human|H1N1|1983|NorthAmerica|seasonal,1983,-415,40.9893992932862,1698,1698,42.0494699646643,40.4593639575972
EPI_ISL_6785|Human|H1N1|1983|NorthAmerica|seasonal,1983,-415.8,41.2249705535925,1698,1698,42.756183745583,40.4593639575972
EPI_ISL_6439|Human|H1N1|1983|NorthAmerica|seasonal,1983,-414.6,41.1660777385159,1698,1698,42.756183745583,40.3710247349823
EPI_ISL_6435|Human|H1N1|1983|NorthAmerica|seasonal,1983,-412.4,41.1071849234393,1698,1698,42.4028268551237,40.4593639575972
EPI_ISL_6769|Human|H1N1|1983|NorthAmerica|seasonal,1983,-411.5,41.2249705535925,1698,1698,42.5795053003534,40.547703180212
EPI_ISL_6872|Human|H1N1|1983|Oceania|seasonal,1983,-410.5,41.4016489988221,1698,1698,42.756183745583,40.7243816254417
EPI_ISL_6973|Human|H1N1|1982|Europe|seasonal,1982,-412.3,41.3427561837456,1698,1698,42.5795053003534,40.7243816254417
EPI_ISL_6906|Human|H1N1|1984|Oceania|seasonal,1984,-409.4,41.3427561837456,1698,1698,42.5795053003534,40.7243816254417
EPI_ISL_7051|Human|H1N1|1984|NorthAmerica|seasonal,1984,-409.6,41.2249705535925,1698,1698,42.4028268551237,40.6360424028269
EPI_ISL_27596|Human|H1N1|1989.005|Europe|seasonal,1989.005,-421.1,41.5194346289753,1698,1698,41.3427561837456,41.6077738515901
EPI_ISL_173276|Human|H1N1|1991.551|Oceania|seasonal,1991.551,-417.4,41.283863368669,1698,1698,41.1660777385159,41.3427561837456
EPI_ISL_10111|Human|H1N1|1996|Asia|seasonal,1996,-435.8,41.8138987043581,1698,1698,41.5194346289753,41.9611307420495
EPI_ISL_123174|Human|H1N1|1995|Asia|,1995,-435.5,41.9316843345112,1698,1698,42.226148409894,41.7844522968198
EPI_ISL_27598|Human|H1N1|1995.964|Europe|seasonal,1995.964,-429.9,41.5194346289753,1698,1698,42.0494699646643,41.2544169611307
EPI_ISL_5371|Human|H1N1|1995.942|NorthAmerica|seasonal,1995.942,-435.3,41.5194346289753,1698,1698,42.0494699646643,41.2544169611307
EPI_ISL_6969|Human|H1N1|1996|NorthAmerica|seasonal,1996,-435.8,41.5194346289753,1698,1698,41.8727915194346,41.3427561837456
EPI_ISL_5619|Human|H1N1|1996.019|NorthAmerica|seasonal,1996.019,-431.4,41.5783274440518,1698,1698,42.0494699646643,41.3427561837456
EPI_ISL_6840|Human|H1N1|1996|NorthAmerica|seasonal,1996,-430.3,41.5194346289753,1698,1698,41.8727915194346,41.3427561837456
EPI_ISL_5320|Human|H1N1|1996.003|NorthAmerica|seasonal,1996.003,-432.3,41.6372202591284,1698,1698,42.226148409894,41.3427561837456
EPI_ISL_6404|Human|H1N1|1995.953|NorthAmerica|seasonal,1995.953,-431.6,41.5783274440518,1698,1698,42.0494699646643,41.3427561837456
EPI_ISL_5317|Human|H1N1|1995.929|NorthAmerica|seasonal,1995.929,-431.1,41.6372202591284,1698,1698,42.226148409894,41.3427561837456
EPI_ISL_5283|Human|H1N1|1995.874|NorthAmerica|seasonal,1995.874,-431.1,41.6372202591284,1698,1698,42.226148409894,41.3427561837456
EPI_ISL_5308|Human|H1N1|1995.907|NorthAmerica|seasonal,1995.907,-431.7,41.696113074205,1698,1698,42.226148409894,41.4310954063604
EPI_ISL_6844|Human|H1N1|1996|NorthAmerica|seasonal,1996,-431.5,41.5194346289753,1698,1698,42.0494699646643,41.2544169611307
EPI_ISL_6879|Human|H1N1|1996|NorthAmerica|seasonal,1996,-431,41.6372202591284,1698,1698,42.0494699646643,41.4310954063604
EPI_ISL_6777|Human|H1N1|1996|NorthAmerica|seasonal,1996,-439,41.696113074205,1698,1698,42.226148409894,41.4310954063604
EPI_ISL_6841|Human|H1N1|1996|NorthAmerica|seasonal,1996,-431.1,41.696113074205,1698,1698,42.4028268551237,41.3427561837456
EPI_ISL_5315|Human|H1N1|1995.948|NorthAmerica|seasonal,1995.948,-428.5,41.5194346289753,1698,1698,41.8727915194346,41.3427561837456
EPI_ISL_5276|Human|H1N1|1995.871|NorthAmerica|seasonal,1995.871,-428.5,41.5194346289753,1698,1698,41.8727915194346,41.3427561837456
EPI_ISL_6155|Human|H1N1|1995.332|NorthAmerica|seasonal,1995.332,-432.5,41.5783274440518,1698,1698,42.0494699646643,41.3427561837456
EPI_ISL_5319|Human|H1N1|1996.003|NorthAmerica|seasonal,1996.003,-440.1,41.7550058892815,1698,1698,42.226148409894,41.5194346289753
EPI_ISL_5278|Human|H1N1|1995.934|NorthAmerica|seasonal,1995.934,-441.9,41.9316843345112,1698,1698,42.756183745583,41.5194346289753
EPI_ISL_5370|Human|H1N1|1995.945|NorthAmerica|seasonal,1995.945,-441.9,41.9316843345112,1698,1698,42.756183745583,41.5194346289753
EPI_ISL_5692|Human|H1N1|1995.962|NorthAmerica|seasonal,1995.962,-442.3,41.7550058892815,1698,1698,42.226148409894,41.5194346289753
EPI_ISL_5318|Human|H1N1|1995.918|NorthAmerica|seasonal,1995.918,-441.7,41.8138987043581,1698,1698,42.4028268551237,41.5194346289753
EPI_ISL_5566|Human|H1N1|1995.986|NorthAmerica|seasonal,1995.986,-441.7,41.8138987043581,1698,1698,42.4028268551237,41.5194346289753
EPI_ISL_5565|Human|H1N1|1995.989|NorthAmerica|seasonal,1995.989,-444.2,41.9905771495878,1698,1698,42.5795053003534,41.696113074205
EPI_ISL_5433|Human|H1N1|1996.104|NorthAmerica|seasonal,1996.104,-441.7,41.7550058892815,1698,1698,42.4028268551237,41.4310954063604
EPI_ISL_5567|Human|H1N1|1995.953|NorthAmerica|seasonal,1995.953,-438.7,41.7550058892815,1698,1698,42.226148409894,41.5194346289753
EPI_ISL_173283|Human|H1N1|1995|Oceania|seasonal,1995,-434.1,41.7550058892815,1698,1698,42.226148409894,41.5194346289753
EPI_ISL_6776|Human|H1N1|1996|NorthAmerica|seasonal,1996,-436.1,41.7550058892815,1698,1698,42.4028268551237,41.4310954063604
EPI_ISL_6775|Human|H1N1|1996|NorthAmerica|seasonal,1996,-436.1,41.7550058892815,1698,1698,42.4028268551237,41.4310954063604
EPI_ISL_6839|Human|H1N1|1996|NorthAmerica|seasonal,1996,-434.6,41.8138987043581,1698,1698,42.5795053003534,41.4310954063604
EPI_ISL_5434|Human|H1N1|1995.923|NorthAmerica|seasonal,1995.923,-432.2,41.696113074205,1698,1698,42.4028268551237,41.3427561837456
EPI_ISL_123175|Human|H1N1|1996|Asia|,1996,-435.7,41.696113074205,1698,1698,42.0494699646643,41.5194346289753
EPI_ISL_6778|Human|H1N1|1996|NorthAmerica|seasonal,1996,-434.1,41.6372202591284,1698,1698,42.0494699646643,41.4310954063604
EPI_ISL_5281|Human|H1N1|1995.975|NorthAmerica|seasonal,1995.975,-434.3,41.6372202591284,1698,1698,42.0494699646643,41.4310954063604
EPI_ISL_279682|Human|H1N1|1995|Europe|,1995,-432.2,41.5783274440518,1698,1698,41.5194346289753,41.6077738515901
EPI_ISL_5282|Human|H1N1|1995.986|NorthAmerica|seasonal,1995.986,-433.8,41.7550058892815,1698,1698,42.0494699646643,41.6077738515901
EPI_ISL_5618|Human|H1N1|1995.942|NorthAmerica|seasonal,1995.942,-430.7,41.6372202591284,1698,1698,41.8727915194346,41.5194346289753
EPI_ISL_5279|Human|H1N1|1995.912|NorthAmerica|seasonal,1995.912,-430.7,41.8727915194346,1698,1698,42.756183745583,41.4310954063604
EPI_ISL_5277|Human|H1N1|1995.951|NorthAmerica|seasonal,1995.951,-430.1,41.7550058892815,1698,1698,42.226148409894,41.5194346289753
EPI_ISL_123178|Human|H1N1|1998|Europe|,1998,-418,40.8127208480565,1698,1698,40.8127208480565,40.8127208480565
EPI_ISL_123184|Human|H1N1|2000|SouthAmerica|,2000,-430.1,41.3427561837456,1698,1698,41.8727915194346,41.0777385159011
EPI_ISL_6428|Human|H1N1|2000|Oceania|seasonal,2000,-425.5,41.3427561837456,1698,1698,41.696113074205,41.1660777385159
EPI_ISL_6375|Human|H1N1|2000|Oceania|seasonal,2000,-425.5,41.3427561837456,1698,1698,41.696113074205,41.1660777385159
EPI_ISL_6374|Human|H1N1|2000|Oceania|seasonal,2000,-425.5,41.3427561837456,1698,1698,41.696113074205,41.1660777385159
EPI_ISL_6511|Human|H1N1|2000|Oceania|seasonal,2000,-425.5,41.3427561837456,1698,1698,41.696113074205,41.1660777385159
EPI_ISL_7054|Human|H1N1|2000|Oceania|seasonal,2000,-425.5,41.3427561837456,1698,1698,41.696113074205,41.1660777385159
EPI_ISL_6426|Human|H1N1|2000|Oceania|seasonal,2000,-426.7,41.3427561837456,1698,1698,41.696113074205,41.1660777385159
EPI_ISL_6753|Human|H1N1|2000|Oceania|seasonal,2000,-423.9,41.283863368669,1698,1698,41.696113074205,41.0777385159011
EPI_ISL_6456|Human|H1N1|2000|Oceania|seasonal,2000,-426.4,41.283863368669,1698,1698,41.696113074205,41.0777385159011
EPI_ISL_6509|Human|H1N1|2000|Oceania|seasonal,2000,-426.4,41.283863368669,1698,1698,41.696113074205,41.0777385159011
EPI_ISL_6367|Human|H1N1|2000|Oceania|seasonal,2000,-427.8,41.3427561837456,1698,1698,41.8727915194346,41.0777385159011
EPI_ISL_5048|Human|H1N1|2000.279|NorthAmerica|seasonal,2000.279,-423.2,41.1660777385159,1698,1698,41.696113074205,40.9010600706714
EPI_ISL_9213|Human|H1N1|2001.022|NorthAmerica|seasonal,2001.022,-423.3,41.4159292035398,1695,1695,41.4159292035398,41.4159292035398
EPI_ISL_6427|Human|H1N1|2000|Oceania|seasonal,2000,-428.9,41.4016489988221,1698,1698,41.8727915194346,41.1660777385159
EPI_ISL_6411|Human|H1N1|2000|Oceania|seasonal,2000,-428.4,41.4016489988221,1698,1698,41.8727915194346,41.1660777385159
EPI_ISL_503098|Human|H1N1|2000|SouthAmerica|,2000,-422.6,41.1660777385159,1698,1698,41.5194346289753,40.9893992932862
EPI_ISL_503060|Human|H1N1|2000|SouthAmerica|,2000,-427.2,41.2249705535925,1698,1698,41.696113074205,40.9893992932862
EPI_ISL_503064|Human|H1N1|2000|SouthAmerica|,2000,-427.2,41.283863368669,1698,1698,41.696113074205,41.0777385159011
EPI_ISL_503111|Human|H1N1|2000|SouthAmerica|,2000,-427.5,41.1071849234393,1698,1698,41.5194346289753,40.9010600706714
EPI_ISL_123172|Human|H1N1|1992|Oceania|,1992,-419.6,41.4016489988221,1698,1698,41.5194346289753,41.3427561837456
EPI_ISL_5265|Human|H1N1|2001.022|Oceania|seasonal,2001.022,-435.4,41.6519174041298,1695,1695,41.2389380530973,41.858407079646
EPI_ISL_5254|Human|H1N1|2001.584|Oceania|seasonal,2001.584,-438.1,41.7699115044248,1695,1695,41.5929203539823,41.858407079646
EPI_ISL_5249|Human|H1N1|2001.518|Oceania|seasonal,2001.518,-434,41.5929203539823,1695,1695,41.2389380530973,41.7699115044248
EPI_ISL_5355|Human|H1N1|2001.353|Oceania|seasonal,2001.353,-434,41.5929203539823,1695,1695,41.2389380530973,41.7699115044248
EPI_ISL_8666|Human|H1N1|2001.058|NorthAmerica|seasonal,2001.058,-437.7,41.6519174041298,1695,1695,41.2389380530973,41.858407079646
EPI_ISL_9028|Human|H1N1|2002.926|NorthAmerica|seasonal,2002.926,-433.3,41.6519174041298,1695,1695,41.7699115044248,41.5929203539823
EPI_ISL_106616|Human|H1N1|2003.937|Asia|,2003.937,-442.6,41.5929203539823,1695,1695,41.4159292035398,41.6814159292035
EPI_ISL_106600|Human|H1N1|2003.937|Asia|,2003.937,-442.6,41.5929203539823,1695,1695,41.4159292035398,41.6814159292035
EPI_ISL_106599|Human|H1N1|2003.811|Asia|,2003.811,-442.6,41.5929203539823,1695,1695,41.4159292035398,41.6814159292035
EPI_ISL_106598|Human|H1N1|2003.723|Asia|,2003.723,-442.6,41.5929203539823,1695,1695,41.4159292035398,41.6814159292035
EPI_ISL_106579|Human|H1N1|2003.696|Asia|,2003.696,-442.6,41.5929203539823,1695,1695,41.4159292035398,41.6814159292035
EPI_ISL_106578|Human|H1N1|2003.515|Asia|,2003.515,-442.6,41.5929203539823,1695,1695,41.4159292035398,41.6814159292035
EPI_ISL_106563|Human|H1N1|2003.068|Asia|,2003.068,-442.6,41.5929203539823,1695,1695,41.4159292035398,41.6814159292035
EPI_ISL_106562|Human|H1N1|2003.973|Asia|,2003.973,-442.6,41.5929203539823,1695,1695,41.4159292035398,41.6814159292035
EPI_ISL_106561|Human|H1N1|2003.964|Asia|,2003.964,-442.6,41.5929203539823,1695,1695,41.4159292035398,41.6814159292035
EPI_ISL_106519|Human|H1N1|2003.923|Asia|,2003.923,-442.6,41.5929203539823,1695,1695,41.4159292035398,41.6814159292035
EPI_ISL_106518|Human|H1N1|2003.819|Asia|,2003.819,-442.6,41.5929203539823,1695,1695,41.4159292035398,41.6814159292035
EPI_ISL_106501|Human|H1N1|2003.789|Asia|,2003.789,-442.6,41.5929203539823,1695,1695,41.4159292035398,41.6814159292035
EPI_ISL_106500|Human|H1N1|2003.773|Asia|,2003.773,-442.6,41.5929203539823,1695,1695,41.4159292035398,41.6814159292035
EPI_ISL_106499|Human|H1N1|2003.715|Asia|,2003.715,-442.6,41.5929203539823,1695,1695,41.4159292035398,41.6814159292035
EPI_ISL_106498|Human|H1N1|2003|Asia|,2003,-442.6,41.5929203539823,1695,1695,41.4159292035398,41.6814159292035
EPI_ISL_117100|Human|H1N1|2003|Asia|,2003,-442.6,41.5929203539823,1695,1695,41.4159292035398,41.6814159292035
EPI_ISL_117099|Human|H1N1|2003|Asia|,2003,-442.6,41.5929203539823,1695,1695,41.4159292035398,41.6814159292035
EPI_ISL_116067|Human|H1N1|2003|Asia|,2003,-442.6,41.5929203539823,1695,1695,41.4159292035398,41.6814159292035
EPI_ISL_106472|Human|H1N1|2001|Asia|,2001,-439.6,41.2979351032448,1695,1695,40.1769911504425,41.858407079646
EPI_ISL_8646|Human|H1N1|2002.97|NorthAmerica|seasonal,2002.97,-431.6,41.6519174041298,1695,1695,41.5929203539823,41.6814159292035
EPI_ISL_8971|Human|H1N1|2003.153|NorthAmerica|seasonal,2003.153,-435.3,41.7109144542773,1695,1695,41.5929203539823,41.7699115044248
EPI_ISL_106471|Human|H1N1|2001|Asia|,2001,-439.2,41.5929203539823,1695,1695,41.2389380530973,41.7699115044248
EPI_ISL_124309|Human|H1N1|2000|Europe|,2000,-434.4,41.7699115044248,1695,1695,41.4159292035398,41.9469026548673
EPI_ISL_5408|Human|H1N1|2000.112|Oceania|seasonal,2000.112,-427.3,41.5339233038348,1695,1695,41.4159292035398,41.5929203539823
EPI_ISL_123183|Human|H1N1|2000|Asia|,2000,-423.8,41.5929203539823,1695,1695,41.4159292035398,41.6814159292035
EPI_ISL_6238|Human|H1N1|2000.68|Oceania|seasonal,2000.68,-428.5,41.5929203539823,1695,1695,41.4159292035398,41.6814159292035
EPI_ISL_5187|Human|H1N1|2000.587|Oceania|seasonal,2000.587,-427.7,41.5929203539823,1695,1695,41.5929203539823,41.5929203539823
EPI_ISL_7541|Human|H1N1|2000.828|Oceania|seasonal,2000.828,-428.2,41.6174734356553,1694,1695,41.4159292035398,41.718334809566
EPI_ISL_5121|Human|H1N1|2000.623|Oceania|seasonal,2000.623,-431.1,41.5929203539823,1695,1695,41.4159292035398,41.6814159292035
EPI_ISL_5231|Human|H1N1|2000.68|Oceania|seasonal,2000.68,-430.3,41.6519174041298,1695,1695,41.5929203539823,41.6814159292035
EPI_ISL_5161|Human|H1N1|2000.669|Oceania|seasonal,2000.669,-433.2,41.7109144542773,1695,1695,41.7699115044248,41.6814159292035
EPI_ISL_5127|Human|H1N1|2000.639|Oceania|seasonal,2000.639,-431.3,41.7109144542773,1695,1695,41.5929203539823,41.7699115044248
EPI_ISL_5195|Human|H1N1|2000.642|Oceania|seasonal,2000.642,-431.4,41.6519174041298,1695,1695,41.5929203539823,41.6814159292035
EPI_ISL_5194|Human|H1N1|2000.68|Oceania|seasonal,2000.68,-431.4,41.6519174041298,1695,1695,41.5929203539823,41.6814159292035
EPI_ISL_5159|Human|H1N1|2000.653|Oceania|seasonal,2000.653,-431.4,41.6519174041298,1695,1695,41.5929203539823,41.6814159292035
EPI_ISL_5126|Human|H1N1|2000.626|Oceania|seasonal,2000.626,-431.4,41.6519174041298,1695,1695,41.5929203539823,41.6814159292035
EPI_ISL_5122|Human|H1N1|2000.62|Oceania|seasonal,2000.62,-431.4,41.6519174041298,1695,1695,41.5929203539823,41.6814159292035
EPI_ISL_5230|Human|H1N1|2000.56|Oceania|seasonal,2000.56,-431.4,41.6519174041298,1695,1695,41.5929203539823,41.6814159292035
EPI_ISL_7102|Human|H1N1|2000.678|Oceania|seasonal,2000.678,-431.4,41.6519174041298,1695,1695,41.5929203539823,41.6814159292035
EPI_ISL_5188|Human|H1N1|2000.549|Oceania|seasonal,2000.549,-431.4,41.5929203539823,1695,1695,41.5929203539823,41.5929203539823
EPI_ISL_5125|Human|H1N1|2000.631|Oceania|seasonal,2000.631,-431.4,41.6666666666667,1692,1692,41.4893617021277,41.7553191489362
EPI_ISL_5191|Human|H1N1|2000.713|Oceania|seasonal,2000.713,-431.3,41.7109144542773,1695,1695,41.7699115044248,41.6814159292035
EPI_ISL_5233|Human|H1N1|2000.806|Oceania|seasonal,2000.806,-435.4,41.5339233038348,1695,1695,41.2389380530973,41.6814159292035
EPI_ISL_5340|Human|H1N1|2000.56|Oceania|seasonal,2000.56,-428.1,41.5929203539823,1695,1695,41.4159292035398,41.6814159292035
EPI_ISL_5160|Human|H1N1|2000.467|Oceania|seasonal,2000.467,-429.1,41.6519174041298,1695,1695,41.5929203539823,41.6814159292035
EPI_ISL_5124|Human|H1N1|2000.648|Oceania|seasonal,2000.648,-429.1,41.6519174041298,1695,1695,41.5929203539823,41.6814159292035
EPI_ISL_7540|Human|H1N1|2000.699|Oceania|seasonal,2000.699,-430.4,41.7109144542773,1695,1695,41.5929203539823,41.7699115044248
EPI_ISL_7757|Human|H1N1|2000.705|Oceania|seasonal,2000.705,-426.4,41.7355371900826,1694,1695,41.5929203539823,41.806908768822
EPI_ISL_7145|Human|H1N1|2000.735|Oceania|seasonal,2000.735,-431.8,41.6519174041298,1695,1695,41.4159292035398,41.7699115044248
EPI_ISL_5339|Human|H1N1|2000.464|Oceania|seasonal,2000.464,-432,41.7699115044248,1695,1695,41.7699115044248,41.7699115044248
EPI_ISL_6909|Human|H1N1|2000.563|Oceania|seasonal,2000.563,-431.1,41.6519174041298,1695,1695,41.5929203539823,41.6814159292035
EPI_ISL_5192|Human|H1N1|2000.721|Oceania|seasonal,2000.721,-431.3,41.6519174041298,1695,1695,41.4159292035398,41.7699115044248
EPI_ISL_5453|Human|H1N1|2000.779|Oceania|seasonal,2000.779,-430.3,41.5929203539823,1695,1695,41.4159292035398,41.6814159292035
EPI_ISL_5588|Human|H1N1|2000.76|Oceania|seasonal,2000.76,-430.3,41.5929203539823,1695,1695,41.4159292035398,41.6814159292035
EPI_ISL_7278|Human|H1N1|2000.839|Oceania|seasonal,2000.839,-433.9,41.5339233038348,1695,1695,41.4159292035398,41.5929203539823
EPI_ISL_7103|Human|H1N1|2000.855|Oceania|seasonal,2000.855,-433.9,41.5929203539823,1695,1695,41.4159292035398,41.6814159292035
EPI_ISL_5196|Human|H1N1|2000.68|Oceania|seasonal,2000.68,-431.3,41.7109144542773,1695,1695,41.5929203539823,41.7699115044248
EPI_ISL_5193|Human|H1N1|2000.735|Oceania|seasonal,2000.735,-431.3,41.7109144542773,1695,1695,41.5929203539823,41.7699115044248
EPI_ISL_5190|Human|H1N1|2000.658|Oceania|seasonal,2000.658,-431.3,41.7109144542773,1695,1695,41.5929203539823,41.7699115044248
EPI_ISL_5123|Human|H1N1|2000.639|Oceania|seasonal,2000.639,-431.3,41.7109144542773,1695,1695,41.5929203539823,41.7699115044248
EPI_ISL_5120|Human|H1N1|2000.658|Oceania|seasonal,2000.658,-431.3,41.7109144542773,1695,1695,41.5929203539823,41.7699115044248
EPI_ISL_5232|Human|H1N1|2000.658|Oceania|seasonal,2000.658,-431.3,41.7109144542773,1695,1695,41.5929203539823,41.7699115044248
EPI_ISL_5432|Human|H1N1|2000.568|Oceania|seasonal,2000.568,-431.3,41.7109144542773,1695,1695,41.5929203539823,41.7699115044248
EPI_ISL_5338|Human|H1N1|2000.464|Oceania|seasonal,2000.464,-431.3,41.7109144542773,1695,1695,41.5929203539823,41.7699115044248
EPI_ISL_5495|Human|H1N1|2000|Oceania|seasonal,2000,-431.3,41.7109144542773,1695,1695,41.5929203539823,41.7699115044248
EPI_ISL_6405|Human|H1N1|2000.743|Oceania|seasonal,2000.743,-431.3,41.7109144542773,1695,1695,41.5929203539823,41.7699115044248
EPI_ISL_7039|Human|H1N1|2000.508|Oceania|seasonal,2000.508,-431.3,41.7109144542773,1695,1695,41.5929203539823,41.7699115044248
EPI_ISL_7142|Human|H1N1|2000.719|Oceania|seasonal,2000.719,-431.3,41.7109144542773,1695,1695,41.5929203539823,41.7699115044248
EPI_ISL_7100|Human|H1N1|2000.661|Oceania|seasonal,2000.661,-431.3,41.7109144542773,1695,1695,41.5929203539823,41.7699115044248
EPI_ISL_5228|Human|H1N1|2000.664|Oceania|seasonal,2000.664,-432.3,41.8289085545723,1695,1695,41.9469026548673,41.7699115044248
EPI_ISL_5263|Human|H1N1|2000.544|Oceania|seasonal,2000.544,-432.6,41.7699115044248,1695,1695,41.7699115044248,41.7699115044248
EPI_ISL_5197|Human|H1N1|2000.675|Oceania|seasonal,2000.675,-432.6,41.7699115044248,1695,1695,41.7699115044248,41.7699115044248
EPI_ISL_5534|Human|H1N1|2000.675|Oceania|seasonal,2000.675,-439.8,41.8289085545723,1695,1695,41.7699115044248,41.858407079646
EPI_ISL_5209|Human|H1N1|2000.541|Oceania|seasonal,2000.541,-431.3,41.7945690672963,1694,1695,41.7699115044248,41.806908768822
EPI_ISL_7143|Human|H1N1|2000.716|Oceania|seasonal,2000.716,-431.2,41.6519174041298,1695,1695,41.5929203539823,41.6814159292035
EPI_ISL_5189|Human|H1N1|2000.623|Oceania|seasonal,2000.623,-434.2,41.7699115044248,1695,1695,41.7699115044248,41.7699115044248
EPI_ISL_7277|Human|H1N1|2000.751|Oceania|seasonal,2000.751,-428.1,41.7109144542773,1695,1695,41.9469026548673,41.5929203539823
EPI_ISL_5533|Human|H1N1|2000.642|Oceania|seasonal,2000.642,-431.2,41.6519174041298,1695,1695,41.5929203539823,41.6814159292035
EPI_ISL_5587|Human|H1N1|2000.683|Oceania|seasonal,2000.683,-425.6,41.6174734356553,1694,1695,41.4159292035398,41.718334809566
EPI_ISL_15607|Human|H1N1|2001|Europe|seasonal,2001,-427.8,41.4159292035398,1695,1695,41.2389380530973,41.5044247787611
EPI_ISL_6881|Human|H1N1|2001.463|Oceania|seasonal,2001.463,-440.8,41.6519174041298,1695,1695,41.7699115044248,41.5929203539823
EPI_ISL_30215|Human|H1N1|1999.997|Asia|seasonal,1999.997,-435.4,41.8289085545723,1695,1695,41.7699115044248,41.858407079646
EPI_ISL_503095|Human|H1N1|2000|SouthAmerica|,2000,-438.9,41.7699115044248,1695,1695,41.5929203539823,41.858407079646
EPI_ISL_503082|Human|H1N1|2000|SouthAmerica|,2000,-438.9,41.7699115044248,1695,1695,41.5929203539823,41.858407079646
EPI_ISL_6880|Human|H1N1|2001|NorthAmerica|seasonal,2001,-435.4,41.7699115044248,1695,1695,41.5929203539823,41.858407079646
EPI_ISL_7047|Human|H1N1|2000|NorthAmerica|seasonal,2000,-434.8,41.6519174041298,1695,1695,41.4159292035398,41.7699115044248
EPI_ISL_5128|Human|H1N1|2001.019|NorthAmerica|seasonal,2001.019,-429.9,41.6519174041298,1695,1695,41.4159292035398,41.7699115044248
EPI_ISL_8268|Human|H1N1|2001.019|NorthAmerica|seasonal,2001.019,-429.9,41.6519174041298,1695,1695,41.4159292035398,41.7699115044248
EPI_ISL_8608|Human|H1N1|2001.019|NorthAmerica|seasonal,2001.019,-428.9,41.6666666666667,1692,1692,41.3120567375887,41.8439716312057
EPI_ISL_6364|Human|H1N1|1999|Oceania|seasonal,1999,-431.6,41.3569321533923,1695,1695,40.8849557522124,41.5929203539823
EPI_ISL_22626|Human|H1N1|1999|Oceania|seasonal,1999,-434.7,41.2979351032448,1695,1695,40.7079646017699,41.5929203539823
EPI_ISL_147184|Human|H1N1|1999|Oceania|,1999,-434.7,41.2979351032448,1695,1695,40.7079646017699,41.5929203539823
EPI_ISL_6424|Human|H1N1|1999|Oceania|seasonal,1999,-435.1,41.4159292035398,1695,1695,40.8849557522124,41.6814159292035
EPI_ISL_123154|Human|H1N1|1999|Asia|,1999,-426,41.0029498525074,1695,1695,40.353982300885,41.3274336283186
EPI_ISL_120422|Human|H1N1|1998.071|Asia|,1998.071,-417.3,40.6489675516224,1695,1695,40,40.9734513274336
EPI_ISL_123179|Human|H1N1|1998|Europe|,1998,-420.7,41.0029498525074,1695,1695,40.7079646017699,41.1504424778761
EPI_ISL_120421|Human|H1N1|1997.997|Asia|,1997.997,-419.5,41.1209439528024,1695,1695,40.8849557522124,41.2389380530973
EPI_ISL_120416|Human|H1N1|1997.041|Asia|,1997.041,-421.7,41.0619469026549,1695,1695,40.5309734513274,41.3274336283186
EPI_ISL_120415|Human|H1N1|1997.041|Asia|,1997.041,-421.7,41.0619469026549,1695,1695,40.5309734513274,41.3274336283186
EPI_ISL_123176|Human|H1N1|1997|Africa|,1997,-427.5,41.1799410029499,1695,1695,40.8849557522124,41.3274336283186
EPI_ISL_22625|Human|H1N1|1995|Asia|seasonal,1995,-421.7,41.0029498525074,1695,1695,40.5309734513274,41.2389380530973
EPI_ISL_6241|Human|H1N1|1996|Asia|seasonal,1996,-426.3,41.1799410029499,1695,1695,40.5309734513274,41.5044247787611
EPI_ISL_5690|Human|H1N1|1996|Asia|seasonal,1996,-427.8,41.0029498525074,1695,1695,40.353982300885,41.3274336283186
EPI_ISL_5689|Human|H1N1|1996|Asia|seasonal,1996,-434.4,41.0619469026549,1695,1695,40.5309734513274,41.3274336283186
EPI_ISL_5685|Human|H1N1|1996|Asia|seasonal,1996,-434.4,41.0619469026549,1695,1695,40.5309734513274,41.3274336283186
EPI_ISL_6244|Human|H1N1|1996|Asia|seasonal,1996,-434.4,41.0619469026549,1695,1695,40.5309734513274,41.3274336283186
EPI_ISL_6243|Human|H1N1|1996|Asia|seasonal,1996,-434.4,41.0619469026549,1695,1695,40.5309734513274,41.3274336283186
EPI_ISL_6220|Human|H1N1|1996|Asia|seasonal,1996,-434.4,41.0619469026549,1695,1695,40.5309734513274,41.3274336283186
EPI_ISL_6409|Human|H1N1|1996|Asia|seasonal,1996,-434.4,41.0619469026549,1695,1695,40.5309734513274,41.3274336283186
EPI_ISL_5688|Human|H1N1|1996|Asia|seasonal,1996,-434.6,41.0619469026549,1695,1695,40.5309734513274,41.3274336283186
EPI_ISL_6410|Human|H1N1|1996|Asia|seasonal,1996,-433.2,41.0029498525074,1695,1695,40.5309734513274,41.2389380530973
EPI_ISL_5686|Human|H1N1|1996|Asia|seasonal,1996,-432.8,41.0619469026549,1695,1695,40.5309734513274,41.3274336283186
EPI_ISL_5687|Human|H1N1|1996|Asia|seasonal,1996,-433.2,41.0029498525074,1695,1695,40.5309734513274,41.2389380530973
EPI_ISL_6242|Human|H1N1|1996|Asia|seasonal,1996,-433.2,41.0029498525074,1695,1695,40.5309734513274,41.2389380530973
EPI_ISL_123177|Human|H1N1|1997|Asia|,1997,-431.9,41.2389380530973,1695,1695,41.0619469026549,41.3274336283186
EPI_ISL_120420|Human|H1N1|1997.86|Asia|,1997.86,-436.5,41.4159292035398,1695,1695,40.8849557522124,41.6814159292035
EPI_ISL_120419|Human|H1N1|1997.822|Asia|,1997.822,-436.8,41.4159292035398,1695,1695,40.8849557522124,41.6814159292035
EPI_ISL_120418|Human|H1N1|1997.923|Asia|,1997.923,-436.8,41.4159292035398,1695,1695,40.8849557522124,41.6814159292035
EPI_ISL_5264|Human|H1N1|2000.68|Oceania|seasonal,2000.68,-436.4,41.3569321533923,1695,1695,40.7079646017699,41.6814159292035
EPI_ISL_5229|Human|H1N1|2000.617|Oceania|seasonal,2000.617,-438.2,41.4159292035398,1695,1695,40.8849557522124,41.6814159292035
EPI_ISL_6354|Human|H1N1|2000|Oceania|seasonal,2000,-432.2,41.2979351032448,1695,1695,40.7079646017699,41.5929203539823
EPI_ISL_8181|Human|H1N1|2001.019|NorthAmerica|seasonal,2001.019,-427.5,41.3569321533923,1695,1695,40.353982300885,41.858407079646
EPI_ISL_8265|Human|H1N1|2000.962|NorthAmerica|seasonal,2000.962,-436.5,41.6075650118203,1692,1692,40.9574468085106,41.9326241134752
EPI_ISL_8991|Human|H1N1|2001.038|NorthAmerica|seasonal,2001.038,-437.1,41.4159292035398,1695,1695,40.8849557522124,41.6814159292035
EPI_ISL_8647|Human|H1N1|2001.077|NorthAmerica|seasonal,2001.077,-438.2,41.4749262536873,1695,1695,40.7079646017699,41.858407079646
EPI_ISL_8656|Human|H1N1|2001.101|NorthAmerica|seasonal,2001.101,-439,41.5339233038348,1695,1695,40.8849557522124,41.858407079646
EPI_ISL_8998|Human|H1N1|2001.063|NorthAmerica|seasonal,2001.063,-439,41.5339233038348,1695,1695,40.8849557522124,41.858407079646
EPI_ISL_8657|Human|H1N1|2001.09|NorthAmerica|seasonal,2001.09,-438.4,41.6519174041298,1695,1695,41.0619469026549,41.9469026548673
EPI_ISL_8644|Human|H1N1|2001.06|NorthAmerica|seasonal,2001.06,-439.5,41.5929203539823,1695,1695,40.8849557522124,41.9469026548673
EPI_ISL_6845|Human|H1N1|2001|NorthAmerica|seasonal,2001,-438.5,41.5929203539823,1695,1695,41.2389380530973,41.7699115044248
EPI_ISL_8261|Human|H1N1|2001.156|NorthAmerica|seasonal,2001.156,-437.4,41.5339233038348,1695,1695,41.0619469026549,41.7699115044248
EPI_ISL_5256|Human|H1N1|2001.592|Oceania|seasonal,2001.592,-431.9,41.4749262536873,1695,1695,40.8849557522124,41.7699115044248
EPI_ISL_5199|Human|H1N1|2001.425|Oceania|seasonal,2001.425,-431.9,41.4749262536873,1695,1695,40.8849557522124,41.7699115044248
EPI_ISL_8235|Human|H1N1|2001.077|NorthAmerica|seasonal,2001.077,-433.3,41.548463356974,1692,1692,40.9574468085106,41.8439716312057
EPI_ISL_8649|Human|H1N1|2001.074|NorthAmerica|seasonal,2001.074,-433.5,41.5929203539823,1695,1695,41.4159292035398,41.6814159292035
EPI_ISL_8648|Human|H1N1|2001.066|NorthAmerica|seasonal,2001.066,-437,41.5929203539823,1695,1695,41.2389380530973,41.7699115044248
EPI_ISL_9053|Human|H1N1|2001.058|NorthAmerica|seasonal,2001.058,-437,41.5929203539823,1695,1695,41.2389380530973,41.7699115044248
EPI_ISL_5321|Human|H1N1|2001.06|NorthAmerica|seasonal,2001.06,-433.9,41.5339233038348,1695,1695,41.0619469026549,41.7699115044248
EPI_ISL_6245|Human|H1N1|2000|Oceania|seasonal,2000,-434.1,41.5339233038348,1695,1695,41.0619469026549,41.7699115044248
EPI_ISL_2771|Human|H1N1|2000|Europe|seasonal,2000,-433.9,41.5339233038348,1695,1695,41.0619469026549,41.7699115044248
EPI_ISL_8264|Human|H1N1|2000.964|NorthAmerica|seasonal,2000.964,-432.8,41.4159292035398,1695,1695,40.7079646017699,41.7699115044248
EPI_ISL_8609|Human|H1N1|2001.06|NorthAmerica|seasonal,2001.06,-440.7,41.6519174041298,1695,1695,41.2389380530973,41.858407079646
EPI_ISL_9041|Human|H1N1|2001.066|NorthAmerica|seasonal,2001.066,-440.7,41.6666666666667,1692,1692,41.1347517730496,41.9326241134752
EPI_ISL_5311|Human|H1N1|2001.466|Oceania|seasonal,2001.466,-432.5,41.5929203539823,1695,1695,41.0619469026549,41.858407079646
EPI_ISL_5272|Human|H1N1|2001.54|Oceania|seasonal,2001.54,-441.2,41.6519174041298,1695,1695,41.0619469026549,41.9469026548673
EPI_ISL_5234|Human|H1N1|2001.479|Oceania|seasonal,2001.479,-439,41.6519174041298,1695,1695,41.0619469026549,41.9469026548673
EPI_ISL_5273|Human|H1N1|2001.54|Oceania|seasonal,2001.54,-439.6,41.7109144542773,1695,1695,41.2389380530973,41.9469026548673
EPI_ISL_5260|Human|H1N1|2001.622|Oceania|seasonal,2001.622,-439.6,41.7109144542773,1695,1695,41.2389380530973,41.9469026548673
EPI_ISL_5246|Human|H1N1|2001.523|Oceania|seasonal,2001.523,-439.6,41.7109144542773,1695,1695,41.2389380530973,41.9469026548673
EPI_ISL_5238|Human|H1N1|2001.499|Oceania|seasonal,2001.499,-439.6,41.7109144542773,1695,1695,41.2389380530973,41.9469026548673
EPI_ISL_5235|Human|H1N1|2001.479|Oceania|seasonal,2001.479,-439.6,41.7109144542773,1695,1695,41.2389380530973,41.9469026548673
EPI_ISL_5213|Human|H1N1|2001.537|Oceania|seasonal,2001.537,-439.6,41.7109144542773,1695,1695,41.2389380530973,41.9469026548673
EPI_ISL_6783|Human|H1N1|2001.419|Oceania|seasonal,2001.419,-439.6,41.7109144542773,1695,1695,41.2389380530973,41.9469026548673
EPI_ISL_7149|Human|H1N1|2001.556|Oceania|seasonal,2001.556,-439.6,41.7109144542773,1695,1695,41.2389380530973,41.9469026548673
EPI_ISL_5253|Human|H1N1|2001.542|Oceania|seasonal,2001.542,-440.5,41.7699115044248,1695,1695,41.4159292035398,41.9469026548673
EPI_ISL_6338|Human|H1N1|2001.43|Oceania|seasonal,2001.43,-439.7,41.6519174041298,1695,1695,41.2389380530973,41.858407079646
EPI_ISL_5274|Human|H1N1|2001.542|Oceania|seasonal,2001.542,-440.3,41.6519174041298,1695,1695,41.0619469026549,41.9469026548673
EPI_ISL_5269|Human|H1N1|2001.545|Oceania|seasonal,2001.545,-440.3,41.6519174041298,1695,1695,41.0619469026549,41.9469026548673
EPI_ISL_5248|Human|H1N1|2001.523|Oceania|seasonal,2001.523,-440.3,41.6519174041298,1695,1695,41.0619469026549,41.9469026548673
EPI_ISL_5350|Human|H1N1|2001.622|Oceania|seasonal,2001.622,-440.3,41.5929203539823,1695,1695,40.8849557522124,41.9469026548673
EPI_ISL_5252|Human|H1N1|2001.537|Oceania|seasonal,2001.537,-439.9,41.7109144542773,1695,1695,41.4159292035398,41.858407079646
EPI_ISL_5257|Human|H1N1|2001.605|Oceania|seasonal,2001.605,-441.3,41.7699115044248,1695,1695,41.5929203539823,41.858407079646
EPI_ISL_5362|Human|H1N1|2001.427|Oceania|seasonal,2001.427,-436.9,41.7109144542773,1695,1695,41.4159292035398,41.858407079646
EPI_ISL_5285|Human|H1N1|2001.523|Oceania|seasonal,2001.523,-436.9,41.6519174041298,1695,1695,41.2389380530973,41.858407079646
EPI_ISL_5268|Human|H1N1|2001.537|Oceania|seasonal,2001.537,-436.9,41.6519174041298,1695,1695,41.2389380530973,41.858407079646
EPI_ISL_5255|Human|H1N1|2001.592|Oceania|seasonal,2001.592,-436.9,41.6519174041298,1695,1695,41.2389380530973,41.858407079646
EPI_ISL_5250|Human|H1N1|2001.529|Oceania|seasonal,2001.529,-436.9,41.6519174041298,1695,1695,41.2389380530973,41.858407079646
EPI_ISL_5244|Human|H1N1|2001.512|Oceania|seasonal,2001.512,-436.9,41.6519174041298,1695,1695,41.2389380530973,41.858407079646
EPI_ISL_5243|Human|H1N1|2001.521|Oceania|seasonal,2001.521,-436.9,41.6519174041298,1695,1695,41.2389380530973,41.858407079646
EPI_ISL_5239|Human|H1N1|2001.499|Oceania|seasonal,2001.499,-436.9,41.6519174041298,1695,1695,41.2389380530973,41.858407079646
EPI_ISL_5236|Human|H1N1|2001.499|Oceania|seasonal,2001.499,-436.9,41.6519174041298,1695,1695,41.2389380530973,41.858407079646
EPI_ISL_5212|Human|H1N1|2001.504|Oceania|seasonal,2001.504,-436.9,41.6519174041298,1695,1695,41.2389380530973,41.858407079646
EPI_ISL_5202|Human|H1N1|2001.521|Oceania|seasonal,2001.521,-436.9,41.6519174041298,1695,1695,41.2389380530973,41.858407079646
EPI_ISL_5410|Human|H1N1|2001.293|Oceania|seasonal,2001.293,-436.9,41.6519174041298,1695,1695,41.2389380530973,41.858407079646
EPI_ISL_5358|Human|H1N1|2001.405|Oceania|seasonal,2001.405,-436.9,41.6519174041298,1695,1695,41.2389380530973,41.858407079646
EPI_ISL_5357|Human|H1N1|2001.389|Oceania|seasonal,2001.389,-436.9,41.6519174041298,1695,1695,41.2389380530973,41.858407079646
EPI_ISL_5356|Human|H1N1|2001.375|Oceania|seasonal,2001.375,-436.9,41.6519174041298,1695,1695,41.2389380530973,41.858407079646
EPI_ISL_5348|Human|H1N1|2001.499|Oceania|seasonal,2001.499,-436.9,41.6519174041298,1695,1695,41.2389380530973,41.858407079646
EPI_ISL_5496|Human|H1N1|2001.488|Oceania|seasonal,2001.488,-436.9,41.6519174041298,1695,1695,41.2389380530973,41.858407079646
EPI_ISL_6899|Human|H1N1|2001.679|Oceania|seasonal,2001.679,-436.9,41.6519174041298,1695,1695,41.2389380530973,41.858407079646
EPI_ISL_6882|Human|H1N1|2001.54|Oceania|seasonal,2001.54,-437.4,41.7109144542773,1695,1695,41.4159292035398,41.858407079646
EPI_ISL_5363|Human|H1N1|2001.46|Oceania|seasonal,2001.46,-432.8,41.7109144542773,1695,1695,41.4159292035398,41.858407079646
EPI_ISL_5200|Human|H1N1|2001.471|Oceania|seasonal,2001.471,-439.3,41.7109144542773,1695,1695,41.2389380530973,41.9469026548673
EPI_ISL_5361|Human|H1N1|2001.425|Oceania|seasonal,2001.425,-436.5,41.7109144542773,1695,1695,41.4159292035398,41.858407079646
EPI_ISL_5237|Human|H1N1|2001.488|Oceania|seasonal,2001.488,-436,41.5929203539823,1695,1695,41.2389380530973,41.7699115044248
EPI_ISL_5365|Human|H1N1|2001.43|Oceania|seasonal,2001.43,-436,41.5929203539823,1695,1695,41.2389380530973,41.7699115044248
EPI_ISL_5214|Human|H1N1|2001.616|Oceania|seasonal,2001.616,-436.5,41.5339233038348,1695,1695,41.0619469026549,41.7699115044248
EPI_ISL_5313|Human|H1N1|2001.521|Oceania|seasonal,2001.521,-440.4,41.7109144542773,1695,1695,41.4159292035398,41.858407079646
EPI_ISL_5366|Human|H1N1|2001.575|Oceania|seasonal,2001.575,-436.2,41.7109144542773,1695,1695,41.4159292035398,41.858407079646
EPI_ISL_5360|Human|H1N1|2001.414|Oceania|seasonal,2001.414,-438.1,41.6519174041298,1695,1695,41.2389380530973,41.858407079646
EPI_ISL_5247|Human|H1N1|2001.523|Oceania|seasonal,2001.523,-437.9,41.7699115044248,1695,1695,41.4159292035398,41.9469026548673
EPI_ISL_5387|Human|H1N1|2001.49|Oceania|seasonal,2001.49,-437.6,41.7109144542773,1695,1695,41.4159292035398,41.858407079646
EPI_ISL_5242|Human|H1N1|2001.504|Oceania|seasonal,2001.504,-431.6,41.8289085545723,1695,1695,41.5929203539823,41.9469026548673
EPI_ISL_5364|Human|H1N1|2001.433|Oceania|seasonal,2001.433,-435.7,41.6174734356553,1694,1695,41.2389380530973,41.806908768822
EPI_ISL_6898|Human|H1N1|2001.638|Oceania|seasonal,2001.638,-432.8,41.5339233038348,1695,1695,41.0619469026549,41.7699115044248
EPI_ISL_6851|Human|H1N1|2001.501|Oceania|seasonal,2001.501,-433,41.6519174041298,1695,1695,41.2389380530973,41.858407079646
EPI_ISL_5385|Human|H1N1|2001.468|Oceania|seasonal,2001.468,-436.9,41.6519174041298,1695,1695,41.2389380530973,41.858407079646
EPI_ISL_30207|Human|H1N1|2002.074|Asia|seasonal,2002.074,-434.3,41.4159292035398,1695,1695,40.7079646017699,41.7699115044248
EPI_ISL_30216|Human|H1N1|2002.005|Asia|seasonal,2002.005,-434.3,41.4749262536873,1695,1695,40.8849557522124,41.7699115044248
EPI_ISL_30217|Human|H1N1|2002.011|Asia|seasonal,2002.011,-434.8,41.3569321533923,1695,1695,40.7079646017699,41.6814159292035
EPI_ISL_87723|Human|H1N1|2002|Asia|,2002,-434.3,41.3569321533923,1695,1695,40.7079646017699,41.6814159292035
EPI_ISL_5411|Human|H1N1|2001.556|Oceania|seasonal,2001.556,-437.9,41.6519174041298,1695,1695,41.4159292035398,41.7699115044248
EPI_ISL_5266|Human|H1N1|2001.501|Oceania|seasonal,2001.501,-436.6,41.5929203539823,1695,1695,41.2389380530973,41.7699115044248
EPI_ISL_5259|Human|H1N1|2001.616|Oceania|seasonal,2001.616,-436.6,41.5929203539823,1695,1695,41.2389380530973,41.7699115044248
EPI_ISL_7148|Human|H1N1|2001.507|Oceania|seasonal,2001.507,-436.6,41.5929203539823,1695,1695,41.2389380530973,41.7699115044248
EPI_ISL_5349|Human|H1N1|2001.54|Oceania|seasonal,2001.54,-439.9,41.6519174041298,1695,1695,41.0619469026549,41.9469026548673
EPI_ISL_123185|Human|H1N1|2001|SouthAmerica|,2001,-439.5,41.1799410029499,1695,1695,40,41.7699115044248
EPI_ISL_5359|Human|H1N1|2001.405|Oceania|seasonal,2001.405,-438.4,41.5929203539823,1695,1695,41.2389380530973,41.7699115044248
EPI_ISL_5271|Human|H1N1|2001.54|Oceania|seasonal,2001.54,-436.7,41.7109144542773,1695,1695,41.2389380530973,41.9469026548673
EPI_ISL_5267|Human|H1N1|2001.504|Oceania|seasonal,2001.504,-438.2,41.5929203539823,1695,1695,41.4159292035398,41.6814159292035
EPI_ISL_5201|Human|H1N1|2001.479|Oceania|seasonal,2001.479,-434.9,41.5929203539823,1695,1695,41.2389380530973,41.7699115044248
EPI_ISL_123187|Human|H1N1|2001|Oceania|,2001,-434,41.6519174041298,1695,1695,41.4159292035398,41.7699115044248
EPI_ISL_5258|Human|H1N1|2001.567|Oceania|seasonal,2001.567,-437.6,41.6519174041298,1695,1695,41.4159292035398,41.7699115044248
EPI_ISL_5251|Human|H1N1|2001.548|Oceania|seasonal,2001.548,-438.5,41.7109144542773,1695,1695,41.5929203539823,41.7699115044248
EPI_ISL_5270|Human|H1N1|2001.542|Oceania|seasonal,2001.542,-433.5,41.5929203539823,1695,1695,41.2389380530973,41.7699115044248
EPI_ISL_5275|Human|H1N1|2001.57|Oceania|seasonal,2001.57,-436.1,41.6519174041298,1695,1695,41.4159292035398,41.7699115044248
EPI_ISL_5245|Human|H1N1|2001.518|Oceania|seasonal,2001.518,-436.1,41.6519174041298,1695,1695,41.4159292035398,41.7699115044248
EPI_ISL_5241|Human|H1N1|2001.507|Oceania|seasonal,2001.507,-436.1,41.6519174041298,1695,1695,41.4159292035398,41.7699115044248
EPI_ISL_5240|Human|H1N1|2001.507|Oceania|seasonal,2001.507,-436.1,41.6519174041298,1695,1695,41.4159292035398,41.7699115044248
EPI_ISL_5211|Human|H1N1|2001.545|Oceania|seasonal,2001.545,-437.5,41.7109144542773,1695,1695,41.4159292035398,41.858407079646
EPI_ISL_5312|Human|H1N1|2001.488|Oceania|seasonal,2001.488,-437.8,41.5929203539823,1695,1695,41.0619469026549,41.858407079646
EPI_ISL_8593|Human|H1N1|2001.115|NorthAmerica|seasonal,2001.115,-440,41.4749262536873,1695,1695,41.0619469026549,41.6814159292035
EPI_ISL_8610|Human|H1N1|2001.049|NorthAmerica|seasonal,2001.049,-440.7,41.5929203539823,1695,1695,41.0619469026549,41.858407079646
EPI_ISL_8990|Human|H1N1|2001.063|NorthAmerica|seasonal,2001.063,-442.3,41.7109144542773,1695,1695,41.4159292035398,41.858407079646
EPI_ISL_8611|Human|H1N1|2001.058|NorthAmerica|seasonal,2001.058,-440.8,41.6519174041298,1695,1695,41.4159292035398,41.7699115044248
EPI_ISL_8711|Human|H1N1|2001.068|NorthAmerica|seasonal,2001.068,-439.7,41.5929203539823,1695,1695,41.2389380530973,41.7699115044248
EPI_ISL_8968|Human|H1N1|2001.159|NorthAmerica|seasonal,2001.159,-439.7,41.5929203539823,1695,1695,41.2389380530973,41.7699115044248
EPI_ISL_8667|Human|H1N1|2001.14|NorthAmerica|seasonal,2001.14,-439.5,41.6519174041298,1695,1695,41.2389380530973,41.858407079646
EPI_ISL_8255|Human|H1N1|2001.14|NorthAmerica|seasonal,2001.14,-431.1,41.4749262536873,1695,1695,40.8849557522124,41.7699115044248
EPI_ISL_123188|Human|H1N1|2002|Europe|,2002,-433.6,41.4749262536873,1695,1695,41.0619469026549,41.6814159292035
EPI_ISL_123182|Human|H1N1|2000|SouthAmerica|,2000,-433.6,41.4159292035398,1695,1695,40.8849557522124,41.6814159292035
EPI_ISL_6866|Human|H1N1|2001|NorthAmerica|seasonal,2001,-439.3,41.5339233038348,1695,1695,40.8849557522124,41.858407079646
EPI_ISL_8271|Human|H1N1|2001.03|NorthAmerica|seasonal,2001.03,-432.8,41.3569321533923,1695,1695,40.7079646017699,41.6814159292035
EPI_ISL_8234|Human|H1N1|2001.025|NorthAmerica|seasonal,2001.025,-430.3,41.4159292035398,1695,1695,40.8849557522124,41.6814159292035
EPI_ISL_8665|Human|H1N1|2001.025|NorthAmerica|seasonal,2001.025,-429.9,41.4749262536873,1695,1695,40.8849557522124,41.7699115044248
EPI_ISL_123181|Human|H1N1|2000|Asia|,2000,-435.9,41.2979351032448,1695,1695,40.7079646017699,41.5929203539823
EPI_ISL_6867|Human|H1N1|2001|NorthAmerica|seasonal,2001,-432.1,41.3569321533923,1695,1695,40.7079646017699,41.6814159292035
EPI_ISL_7101|Human|H1N1|2000.68|Oceania|seasonal,2000.68,-435.6,41.5339233038348,1695,1695,41.0619469026549,41.7699115044248
EPI_ISL_503094|Human|H1N1|2000|SouthAmerica|,2000,-429.8,41.4749262536873,1695,1695,41.0619469026549,41.6814159292035
EPI_ISL_503065|Human|H1N1|2000|SouthAmerica|,2000,-429.8,41.4749262536873,1695,1695,41.0619469026549,41.6814159292035
EPI_ISL_123190|Human|H1N1|2002|Asia|,2002,-432.1,41.3569321533923,1695,1695,41.0619469026549,41.5044247787611
EPI_ISL_9058|Human|H1N1|2003.06|NorthAmerica|seasonal,2003.06,-437.5,41.5929203539823,1695,1695,41.2389380530973,41.7699115044248
EPI_ISL_8272|Human|H1N1|2003.159|NorthAmerica|seasonal,2003.159,-436.6,41.7109144542773,1695,1695,41.5929203539823,41.7699115044248
EPI_ISL_8654|Human|H1N1|2003.173|NorthAmerica|seasonal,2003.173,-436.6,41.7109144542773,1695,1695,41.5929203539823,41.7699115044248
EPI_ISL_5099|Human|H1N1|2003.052|NorthAmerica|seasonal,2003.052,-437.8,41.7699115044248,1695,1695,41.7699115044248,41.7699115044248
EPI_ISL_8250|Human|H1N1|2002.984|NorthAmerica|seasonal,2002.984,-437.8,41.7699115044248,1695,1695,41.7699115044248,41.7699115044248
EPI_ISL_9259|Human|H1N1|2003.036|NorthAmerica|seasonal,2003.036,-437.8,41.7848699763593,1692,1692,41.6666666666667,41.8439716312057
EPI_ISL_8270|Human|H1N1|2003.038|NorthAmerica|seasonal,2003.038,-434.4,41.7109144542773,1695,1695,41.5929203539823,41.7699115044248
EPI_ISL_8693|Human|H1N1|2003.055|NorthAmerica|seasonal,2003.055,-431.6,41.7109144542773,1695,1695,41.7699115044248,41.6814159292035
EPI_ISL_8594|Human|H1N1|2003.058|NorthAmerica|seasonal,2003.058,-434.2,41.7109144542773,1695,1695,41.5929203539823,41.7699115044248
EPI_ISL_8655|Human|H1N1|2003.074|NorthAmerica|seasonal,2003.074,-440.9,41.8289085545723,1695,1695,41.9469026548673,41.7699115044248
EPI_ISL_123191|Human|H1N1|2003|Oceania|,2003,-432.8,41.8289085545723,1695,1695,42.1238938053097,41.6814159292035
EPI_ISL_8251|Human|H1N1|2003.227|NorthAmerica|seasonal,2003.227,-434,41.8439716312057,1692,1692,41.8439716312057,41.8439716312057
EPI_ISL_6846|Human|H1N1|2003|NorthAmerica|seasonal,2003,-439.5,41.7699115044248,1695,1695,41.7699115044248,41.7699115044248
EPI_ISL_8262|Human|H1N1|2003.071|NorthAmerica|seasonal,2003.071,-439.7,41.8289085545723,1695,1695,42.1238938053097,41.6814159292035
EPI_ISL_9027|Human|H1N1|2003.115|NorthAmerica|seasonal,2003.115,-441.3,41.8879056047198,1695,1695,42.1238938053097,41.7699115044248
EPI_ISL_8606|Human|H1N1|2003.216|NorthAmerica|seasonal,2003.216,-437.6,41.7699115044248,1695,1695,42.1238938053097,41.5929203539823
EPI_ISL_8645|Human|H1N1|2003.036|NorthAmerica|seasonal,2003.036,-437.2,41.9621749408983,1692,1692,42.1985815602837,41.8439716312057
EPI_ISL_8695|Human|H1N1|2003.151|NorthAmerica|seasonal,2003.151,-435.5,42.0058997050147,1695,1695,42.4778761061947,41.7699115044248
EPI_ISL_67226|Human|H1N1|2003|NorthAmerica|seasonal,2003,-435.5,41.9469026548673,1695,1695,42.3008849557522,41.7699115044248
EPI_ISL_6370|Human|H1N1|2005|Oceania|seasonal,2005,-440.4,42.1828908554572,1695,1695,42.8318584070797,41.858407079646
EPI_ISL_6868|Human|H1N1|2005.603|Oceania|seasonal,2005.603,-440.4,42.1828908554572,1695,1695,42.8318584070797,41.858407079646
EPI_ISL_5658|Human|H1N1|2005.715|Oceania|seasonal,2005.715,-441.7,42.3167848699764,1692,1692,43.0851063829787,41.9326241134752
EPI_ISL_5657|Human|H1N1|2005.718|Oceania|seasonal,2005.718,-441.4,42.1828908554572,1695,1695,43.0088495575221,41.7699115044248
EPI_ISL_5654|Human|H1N1|2005.699|Oceania|seasonal,2005.699,-441.4,42.3008849557522,1695,1695,43.1858407079646,41.858407079646
EPI_ISL_5653|Human|H1N1|2005.679|Oceania|seasonal,2005.679,-441.4,42.2418879056047,1695,1695,43.0088495575221,41.858407079646
EPI_ISL_5709|Human|H1N1|2005.685|Oceania|seasonal,2005.685,-441.4,42.2418879056047,1695,1695,43.0088495575221,41.858407079646
EPI_ISL_7055|Human|H1N1|2005|Oceania|seasonal,2005,-441.5,42.1828908554572,1695,1695,43.0088495575221,41.7699115044248
EPI_ISL_5655|Human|H1N1|2005.682|Oceania|seasonal,2005.682,-440.3,42.1238938053097,1695,1695,42.6548672566372,41.858407079646
EPI_ISL_6161|Human|H1N1|2005.759|Oceania|seasonal,2005.759,-443.3,42.3008849557522,1695,1695,43.1858407079646,41.858407079646
EPI_ISL_6368|Human|H1N1|2005|Oceania|seasonal,2005,-437.4,42.3258559622196,1694,1695,43.1858407079646,41.8954827280779
EPI_ISL_7154|Human|H1N1|2005.496|Oceania|seasonal,2005.496,-443,42.1238938053097,1695,1695,42.6548672566372,41.858407079646
EPI_ISL_6455|Human|H1N1|2006.271|NorthAmerica|seasonal,2006.271,-434.8,42.0648967551622,1695,1695,42.4778761061947,41.858407079646
EPI_ISL_6369|Human|H1N1|2005|Oceania|seasonal,2005,-443.8,42.3008849557522,1695,1695,43.0088495575221,41.9469026548673
EPI_ISL_7578|Human|H1N1|2007.142|NorthAmerica|seasonal,2007.142,-435.3,41.7109144542773,1695,1695,42.1238938053097,41.5044247787611
EPI_ISL_7788|Human|H1N1|2007.118|NorthAmerica|seasonal,2007.118,-435.3,41.8289085545723,1695,1695,42.4778761061947,41.5044247787611
EPI_ISL_7574|Human|H1N1|2007.137|NorthAmerica|seasonal,2007.137,-435.7,41.7109144542773,1695,1695,41.9469026548673,41.5929203539823
EPI_ISL_7802|Human|H1N1|2007.06|NorthAmerica|seasonal,2007.06,-435.5,41.5929203539823,1695,1695,41.7699115044248,41.5044247787611
EPI_ISL_7562|Human|H1N1|2007.06|NorthAmerica|seasonal,2007.06,-435.5,41.6519174041298,1695,1695,41.9469026548673,41.5044247787611
EPI_ISL_7593|Human|H1N1|2007.077|NorthAmerica|seasonal,2007.077,-435.1,41.7109144542773,1695,1695,42.1238938053097,41.5044247787611
EPI_ISL_7761|Human|H1N1|2007.123|NorthAmerica|seasonal,2007.123,-433.9,41.8289085545723,1695,1695,42.4778761061947,41.5044247787611
EPI_ISL_7903|Human|H1N1|2007.134|NorthAmerica|seasonal,2007.134,-432.3,41.6519174041298,1695,1695,41.9469026548673,41.5044247787611
EPI_ISL_7945|Human|H1N1|2007.082|NorthAmerica|seasonal,2007.082,-434.1,41.7699115044248,1695,1695,42.3008849557522,41.5044247787611
EPI_ISL_7771|Human|H1N1|2007.123|NorthAmerica|seasonal,2007.123,-435.5,41.7699115044248,1695,1695,42.4778761061947,41.4159292035398
EPI_ISL_7764|Human|H1N1|2007.099|NorthAmerica|seasonal,2007.099,-434.4,41.8879056047198,1695,1695,42.6548672566372,41.5044247787611
EPI_ISL_7648|Human|H1N1|2007.099|NorthAmerica|seasonal,2007.099,-434.4,41.8879056047198,1695,1695,42.6548672566372,41.5044247787611
EPI_ISL_8044|Human|H1N1|2007.153|NorthAmerica|seasonal,2007.153,-447.5,42.0648967551622,1695,1695,42.4778761061947,41.858407079646
EPI_ISL_84454|Human|H1N1|2007.115|Europe|,2007.115,-457.7,42.1238938053097,1695,1695,42.4778761061947,41.9469026548673
EPI_ISL_7804|Human|H1N1|2007.121|NorthAmerica|seasonal,2007.121,-449.6,42.0058997050147,1695,1695,42.3008849557522,41.858407079646
EPI_ISL_7907|Human|H1N1|2007.178|NorthAmerica|seasonal,2007.178,-442.4,41.9469026548673,1695,1695,42.1238938053097,41.858407079646
EPI_ISL_7891|Human|H1N1|2007.173|NorthAmerica|seasonal,2007.173,-445.2,41.9469026548673,1695,1695,42.3008849557522,41.7699115044248
EPI_ISL_8005|Human|H1N1|2007.096|NorthAmerica|seasonal,2007.096,-446.9,42.0058997050147,1695,1695,42.3008849557522,41.858407079646
EPI_ISL_7591|Human|H1N1|2007.047|NorthAmerica|seasonal,2007.047,-445.5,41.9469026548673,1695,1695,42.1238938053097,41.858407079646
EPI_ISL_7889|Human|H1N1|2007.184|NorthAmerica|seasonal,2007.184,-445.9,42.0058997050147,1695,1695,42.3008849557522,41.858407079646
EPI_ISL_7880|Human|H1N1|2007.099|NorthAmerica|seasonal,2007.099,-445.9,42.0058997050147,1695,1695,42.3008849557522,41.858407079646
EPI_ISL_7921|Human|H1N1|2007.145|NorthAmerica|seasonal,2007.145,-454.7,42.0648967551622,1695,1695,42.6548672566372,41.7699115044248
EPI_ISL_7958|Human|H1N1|2007.079|NorthAmerica|seasonal,2007.079,-448.7,42.0648967551622,1695,1695,42.4778761061947,41.858407079646
EPI_ISL_7557|Human|H1N1|2006.989|NorthAmerica|seasonal,2006.989,-449.3,42.1238938053097,1695,1695,42.4778761061947,41.9469026548673
EPI_ISL_7893|Human|H1N1|2007.077|NorthAmerica|seasonal,2007.077,-447.1,42.1238938053097,1695,1695,42.3008849557522,42.0353982300885
EPI_ISL_7766|Human|H1N1|2007.178|NorthAmerica|seasonal,2007.178,-447,42.1828908554572,1695,1695,42.4778761061947,42.0353982300885
EPI_ISL_7612|Human|H1N1|2007.181|NorthAmerica|seasonal,2007.181,-447,42.1828908554572,1695,1695,42.4778761061947,42.0353982300885
EPI_ISL_7860|Human|H1N1|2007.096|NorthAmerica|seasonal,2007.096,-447,42.1828908554572,1695,1695,42.4778761061947,42.0353982300885
EPI_ISL_8006|Human|H1N1|2007.099|NorthAmerica|seasonal,2007.099,-447,42.1828908554572,1695,1695,42.4778761061947,42.0353982300885
EPI_ISL_7947|Human|H1N1|2007.156|NorthAmerica|seasonal,2007.156,-447,42.1828908554572,1695,1695,42.4778761061947,42.0353982300885
EPI_ISL_7909|Human|H1N1|2007.153|NorthAmerica|seasonal,2007.153,-447,42.1828908554572,1695,1695,42.4778761061947,42.0353982300885
EPI_ISL_7646|Human|H1N1|2007.178|NorthAmerica|seasonal,2007.178,-447.1,42.1238938053097,1695,1695,42.4778761061947,41.9469026548673
EPI_ISL_7968|Human|H1N1|2007.079|NorthAmerica|seasonal,2007.079,-445.1,42.0648967551622,1695,1695,42.3008849557522,41.9469026548673
EPI_ISL_8084|Human|H1N1|2007.137|NorthAmerica|seasonal,2007.137,-452.8,41.9469026548673,1695,1695,41.9469026548673,41.9469026548673
EPI_ISL_7782|Human|H1N1|2007.107|NorthAmerica|seasonal,2007.107,-451.2,42.0648967551622,1695,1695,42.3008849557522,41.9469026548673
EPI_ISL_7576|Human|H1N1|2007.153|NorthAmerica|seasonal,2007.153,-446.8,41.9469026548673,1695,1695,42.1238938053097,41.858407079646
EPI_ISL_7565|Human|H1N1|2007.142|NorthAmerica|seasonal,2007.142,-447.9,42.0648967551622,1695,1695,42.1238938053097,42.0353982300885
EPI_ISL_7915|Human|H1N1|2007.118|NorthAmerica|seasonal,2007.118,-450.2,42.1828908554572,1695,1695,42.8318584070797,41.858407079646
EPI_ISL_7818|Human|H1N1|2007.118|NorthAmerica|seasonal,2007.118,-448,41.8289085545723,1695,1695,41.7699115044248,41.858407079646
EPI_ISL_7897|Human|H1N1|2007.079|NorthAmerica|seasonal,2007.079,-446.4,42.1238938053097,1695,1695,42.6548672566372,41.858407079646
EPI_ISL_7859|Human|H1N1|2007.077|NorthAmerica|seasonal,2007.077,-446.4,42.1238938053097,1695,1695,42.6548672566372,41.858407079646
EPI_ISL_7996|Human|H1N1|2007.077|NorthAmerica|seasonal,2007.077,-446.4,42.1238938053097,1695,1695,42.6548672566372,41.858407079646
EPI_ISL_7965|Human|H1N1|2007.066|NorthAmerica|seasonal,2007.066,-446.4,42.1238938053097,1695,1695,42.6548672566372,41.858407079646
EPI_ISL_7917|Human|H1N1|2007.077|NorthAmerica|seasonal,2007.077,-446.4,42.1238938053097,1695,1695,42.6548672566372,41.858407079646
EPI_ISL_8039|Human|H1N1|2007.104|NorthAmerica|seasonal,2007.104,-446.4,42.1238938053097,1695,1695,42.6548672566372,41.858407079646
EPI_ISL_7950|Human|H1N1|2007.082|NorthAmerica|seasonal,2007.082,-446.5,42.0648967551622,1695,1695,42.6548672566372,41.7699115044248
EPI_ISL_7912|Human|H1N1|2007.085|NorthAmerica|seasonal,2007.085,-444.8,42.1487603305785,1694,1695,42.7304964539007,41.858407079646
EPI_ISL_7923|Human|H1N1|2007.079|NorthAmerica|seasonal,2007.079,-448.4,42.1238938053097,1695,1695,42.8318584070797,41.7699115044248
EPI_ISL_7874|Human|H1N1|2007.085|NorthAmerica|seasonal,2007.085,-444.7,42.0648967551622,1695,1695,42.4778761061947,41.858407079646
EPI_ISL_7603|Human|H1N1|2007.153|NorthAmerica|seasonal,2007.153,-450.2,42.1828908554572,1695,1695,42.6548672566372,41.9469026548673
EPI_ISL_8037|Human|H1N1|2007.145|NorthAmerica|seasonal,2007.145,-449.3,42.0648967551622,1695,1695,42.6548672566372,41.7699115044248
EPI_ISL_7602|Human|H1N1|2007.175|NorthAmerica|seasonal,2007.175,-442.6,42.0648967551622,1695,1695,42.6548672566372,41.7699115044248
EPI_ISL_7765|Human|H1N1|2007.03|NorthAmerica|seasonal,2007.03,-443.5,42.0058997050147,1695,1695,42.4778761061947,41.7699115044248
EPI_ISL_30819|Human|H1N1|2007.153|NorthAmerica|seasonal,2007.153,-450.6,41.9469026548673,1695,1695,42.3008849557522,41.7699115044248
EPI_ISL_7584|Human|H1N1|2007.134|NorthAmerica|seasonal,2007.134,-446.9,42.0648967551622,1695,1695,42.4778761061947,41.858407079646
EPI_ISL_7837|Human|H1N1|2007.162|NorthAmerica|seasonal,2007.162,-451.5,42.1238938053097,1695,1695,42.6548672566372,41.858407079646
EPI_ISL_7892|Human|H1N1|2007.079|NorthAmerica|seasonal,2007.079,-447.1,41.9469026548673,1695,1695,42.3008849557522,41.7699115044248
EPI_ISL_7980|Human|H1N1|2007.121|NorthAmerica|seasonal,2007.121,-444,41.8879056047198,1695,1695,42.1238938053097,41.7699115044248
EPI_ISL_7951|Human|H1N1|2007.178|NorthAmerica|seasonal,2007.178,-446.5,41.8879056047198,1695,1695,42.1238938053097,41.7699115044248
EPI_ISL_7851|Human|H1N1|2007.118|NorthAmerica|seasonal,2007.118,-449.4,42.0058997050147,1695,1695,42.4778761061947,41.7699115044248
EPI_ISL_7845|Human|H1N1|2007.077|NorthAmerica|seasonal,2007.077,-446.8,42.0058997050147,1695,1695,42.4778761061947,41.7699115044248
EPI_ISL_7881|Human|H1N1|2006.962|NorthAmerica|seasonal,2006.962,-448.8,42.0648967551622,1695,1695,42.6548672566372,41.7699115044248
EPI_ISL_7960|Human|H1N1|2007.134|NorthAmerica|seasonal,2007.134,-440.8,41.8879056047198,1695,1695,42.3008849557522,41.6814159292035
EPI_ISL_7916|Human|H1N1|2007.115|NorthAmerica|seasonal,2007.115,-439.9,41.8879056047198,1695,1695,42.4778761061947,41.5929203539823
EPI_ISL_7760|Human|H1N1|2007.104|NorthAmerica|seasonal,2007.104,-443.4,41.9469026548673,1695,1695,42.6548672566372,41.5929203539823
EPI_ISL_7814|Human|H1N1|2007.14|NorthAmerica|seasonal,2007.14,-443.4,41.9469026548673,1695,1695,42.6548672566372,41.5929203539823
EPI_ISL_7946|Human|H1N1|2007.068|NorthAmerica|seasonal,2007.068,-443.4,41.9469026548673,1695,1695,42.6548672566372,41.5929203539823
EPI_ISL_7908|Human|H1N1|2007.077|NorthAmerica|seasonal,2007.077,-443.4,41.9469026548673,1695,1695,42.6548672566372,41.5929203539823
EPI_ISL_7906|Human|H1N1|2007.115|NorthAmerica|seasonal,2007.115,-443.4,41.9469026548673,1695,1695,42.6548672566372,41.5929203539823
EPI_ISL_19103|Human|H1N1|2007.079|NorthAmerica|seasonal,2007.079,-443.4,41.9469026548673,1695,1695,42.6548672566372,41.5929203539823
EPI_ISL_7944|Human|H1N1|2007.181|NorthAmerica|seasonal,2007.181,-448.6,42.0058997050147,1695,1695,42.8318584070797,41.5929203539823
EPI_ISL_7823|Human|H1N1|2007.041|NorthAmerica|seasonal,2007.041,-444.6,41.6519174041298,1695,1695,42.1238938053097,41.4159292035398
EPI_ISL_8031|Human|H1N1|2007.099|NorthAmerica|seasonal,2007.099,-444.2,41.9469026548673,1695,1695,42.4778761061947,41.6814159292035
EPI_ISL_7869|Human|H1N1|2007.088|NorthAmerica|seasonal,2007.088,-439.3,41.8289085545723,1695,1695,42.1238938053097,41.6814159292035
EPI_ISL_7847|Human|H1N1|2007.079|NorthAmerica|seasonal,2007.079,-439.3,41.8289085545723,1695,1695,42.1238938053097,41.6814159292035
EPI_ISL_7846|Human|H1N1|2007.082|NorthAmerica|seasonal,2007.082,-439.3,41.8289085545723,1695,1695,42.1238938053097,41.6814159292035
EPI_ISL_7993|Human|H1N1|2007.145|NorthAmerica|seasonal,2007.145,-439.3,41.8289085545723,1695,1695,42.1238938053097,41.6814159292035
EPI_ISL_8008|Human|H1N1|2007.118|NorthAmerica|seasonal,2007.118,-439.3,41.8879056047198,1695,1695,42.1238938053097,41.7699115044248
EPI_ISL_8001|Human|H1N1|2007.066|NorthAmerica|seasonal,2007.066,-441.2,41.8289085545723,1695,1695,42.3008849557522,41.5929203539823
EPI_ISL_7977|Human|H1N1|2007.118|NorthAmerica|seasonal,2007.118,-440.4,41.8879056047198,1695,1695,42.3008849557522,41.6814159292035
EPI_ISL_19102|Human|H1N1|2007.077|NorthAmerica|seasonal,2007.077,-440.4,41.8879056047198,1695,1695,42.3008849557522,41.6814159292035
EPI_ISL_8023|Human|H1N1|2007.041|NorthAmerica|seasonal,2007.041,-440.4,41.8289085545723,1695,1695,42.1238938053097,41.6814159292035
EPI_ISL_7964|Human|H1N1|2007.041|NorthAmerica|seasonal,2007.041,-440.4,41.8289085545723,1695,1695,42.1238938053097,41.6814159292035
EPI_ISL_7986|Human|H1N1|2007.153|NorthAmerica|seasonal,2007.153,-441.1,41.7699115044248,1695,1695,41.9469026548673,41.6814159292035
EPI_ISL_7613|Human|H1N1|2007.115|NorthAmerica|seasonal,2007.115,-439.8,41.8879056047198,1695,1695,42.3008849557522,41.6814159292035
EPI_ISL_7594|Human|H1N1|2007.159|NorthAmerica|seasonal,2007.159,-441.7,41.8289085545723,1695,1695,42.3008849557522,41.5929203539823
EPI_ISL_7649|Human|H1N1|2007.085|NorthAmerica|seasonal,2007.085,-441.8,41.8289085545723,1695,1695,42.3008849557522,41.5929203539823
EPI_ISL_7767|Human|H1N1|2007.173|NorthAmerica|seasonal,2007.173,-444.3,41.8879056047198,1695,1695,42.4778761061947,41.5929203539823
EPI_ISL_7961|Human|H1N1|2007.107|NorthAmerica|seasonal,2007.107,-441.8,41.8289085545723,1695,1695,42.3008849557522,41.5929203539823
EPI_ISL_8030|Human|H1N1|2007.077|NorthAmerica|seasonal,2007.077,-441.8,41.8289085545723,1695,1695,42.3008849557522,41.5929203539823
EPI_ISL_7570|Human|H1N1|2007.14|NorthAmerica|seasonal,2007.14,-439.2,41.7699115044248,1695,1695,42.3008849557522,41.5044247787611
EPI_ISL_7600|Human|H1N1|2007.115|NorthAmerica|seasonal,2007.115,-440.4,41.9469026548673,1695,1695,42.6548672566372,41.5929203539823
EPI_ISL_7559|Human|H1N1|2007.011|NorthAmerica|seasonal,2007.011,-444.3,41.8289085545723,1695,1695,42.4778761061947,41.5044247787611
EPI_ISL_7560|Human|H1N1|2007.008|NorthAmerica|seasonal,2007.008,-438.7,41.8879056047198,1695,1695,42.6548672566372,41.5044247787611
EPI_ISL_7630|Human|H1N1|2007.058|NorthAmerica|seasonal,2007.058,-441.4,41.8879056047198,1695,1695,42.4778761061947,41.5929203539823
EPI_ISL_7862|Human|H1N1|2007.134|NorthAmerica|seasonal,2007.134,-441.4,41.8879056047198,1695,1695,42.4778761061947,41.5929203539823
EPI_ISL_7941|Human|H1N1|2007.195|NorthAmerica|seasonal,2007.195,-441.4,41.8879056047198,1695,1695,42.4778761061947,41.5929203539823
EPI_ISL_8035|Human|H1N1|2007.134|NorthAmerica|seasonal,2007.134,-441.4,41.8879056047198,1695,1695,42.4778761061947,41.5929203539823
EPI_ISL_7779|Human|H1N1|2007.175|NorthAmerica|seasonal,2007.175,-441.7,41.8879056047198,1695,1695,42.4778761061947,41.5929203539823
EPI_ISL_7580|Human|H1N1|2007.101|NorthAmerica|seasonal,2007.101,-446.7,42.0648967551622,1695,1695,43.0088495575221,41.5929203539823
EPI_ISL_7898|Human|H1N1|2007.14|NorthAmerica|seasonal,2007.14,-441.7,41.8879056047198,1695,1695,42.4778761061947,41.5929203539823
EPI_ISL_7601|Human|H1N1|2007.088|NorthAmerica|seasonal,2007.088,-443.6,41.8289085545723,1695,1695,42.3008849557522,41.5929203539823
EPI_ISL_7972|Human|H1N1|2006.989|NorthAmerica|seasonal,2006.989,-443.6,41.8289085545723,1695,1695,42.3008849557522,41.5929203539823
EPI_ISL_8079|Human|H1N1|2007.159|NorthAmerica|seasonal,2007.159,-446,41.903073286052,1692,1692,42.5531914893617,41.5780141843972
EPI_ISL_7777|Human|H1N1|2007.137|NorthAmerica|seasonal,2007.137,-443.5,42.0058997050147,1695,1695,42.8318584070797,41.5929203539823
EPI_ISL_28863|Human|H1N1|2007.153|NorthAmerica|seasonal,2007.153,-441.3,41.9469026548673,1695,1695,42.4778761061947,41.6814159292035
EPI_ISL_7607|Human|H1N1|2007.068|NorthAmerica|seasonal,2007.068,-445.4,42.0058997050147,1695,1695,42.8318584070797,41.5929203539823
EPI_ISL_7606|Human|H1N1|2007.085|NorthAmerica|seasonal,2007.085,-445.4,42.0058997050147,1695,1695,42.8318584070797,41.5929203539823
EPI_ISL_7598|Human|H1N1|2007.082|NorthAmerica|seasonal,2007.082,-445.4,42.0058997050147,1695,1695,42.8318584070797,41.5929203539823
EPI_ISL_7632|Human|H1N1|2007.079|NorthAmerica|seasonal,2007.079,-444,41.9469026548673,1695,1695,42.6548672566372,41.5929203539823
EPI_ISL_7571|Human|H1N1|2007.115|NorthAmerica|seasonal,2007.115,-444,41.9469026548673,1695,1695,42.6548672566372,41.5929203539823
EPI_ISL_7870|Human|H1N1|2007.088|NorthAmerica|seasonal,2007.088,-444,41.9469026548673,1695,1695,42.6548672566372,41.5929203539823
EPI_ISL_7840|Human|H1N1|2007.126|NorthAmerica|seasonal,2007.126,-444,41.9469026548673,1695,1695,42.6548672566372,41.5929203539823
EPI_ISL_7835|Human|H1N1|2007.118|NorthAmerica|seasonal,2007.118,-444,41.9469026548673,1695,1695,42.6548672566372,41.5929203539823
EPI_ISL_7801|Human|H1N1|2007.068|NorthAmerica|seasonal,2007.068,-444,41.9469026548673,1695,1695,42.6548672566372,41.5929203539823
EPI_ISL_7914|Human|H1N1|2007.175|NorthAmerica|seasonal,2007.175,-444,41.9469026548673,1695,1695,42.6548672566372,41.5929203539823
EPI_ISL_7905|Human|H1N1|2007.137|NorthAmerica|seasonal,2007.137,-444,41.9469026548673,1695,1695,42.6548672566372,41.5929203539823
EPI_ISL_28891|Human|H1N1|2007.14|NorthAmerica|seasonal,2007.14,-444,41.9469026548673,1695,1695,42.6548672566372,41.5929203539823
EPI_ISL_7808|Human|H1N1|2007.145|NorthAmerica|seasonal,2007.145,-446.2,41.8289085545723,1695,1695,42.4778761061947,41.5044247787611
EPI_ISL_7852|Human|H1N1|2007.14|NorthAmerica|seasonal,2007.14,-443.4,41.9469026548673,1695,1695,42.6548672566372,41.5929203539823
EPI_ISL_7626|Human|H1N1|2007.14|NorthAmerica|seasonal,2007.14,-442.1,41.9469026548673,1695,1695,42.6548672566372,41.5929203539823
EPI_ISL_7596|Human|H1N1|2007.137|NorthAmerica|seasonal,2007.137,-442.1,41.9469026548673,1695,1695,42.6548672566372,41.5929203539823
EPI_ISL_7828|Human|H1N1|2007.153|NorthAmerica|seasonal,2007.153,-442.1,41.9469026548673,1695,1695,42.6548672566372,41.5929203539823
EPI_ISL_7778|Human|H1N1|2007.137|NorthAmerica|seasonal,2007.137,-442.1,41.9469026548673,1695,1695,42.6548672566372,41.5929203539823
EPI_ISL_28864|Human|H1N1|2007.118|NorthAmerica|seasonal,2007.118,-443,41.8879056047198,1695,1695,42.6548672566372,41.5044247787611
EPI_ISL_7615|Human|H1N1|2007.137|NorthAmerica|seasonal,2007.137,-443,41.9469026548673,1695,1695,42.6548672566372,41.5929203539823
EPI_ISL_30818|Human|H1N1|2007.126|NorthAmerica|seasonal,2007.126,-443,41.9469026548673,1695,1695,42.6548672566372,41.5929203539823
EPI_ISL_8013|Human|H1N1|2007.058|NorthAmerica|seasonal,2007.058,-438.2,41.7355371900826,1694,1695,42.0212765957447,41.5929203539823
EPI_ISL_7886|Human|H1N1|2007.162|NorthAmerica|seasonal,2007.162,-441.5,41.7699115044248,1695,1695,42.1238938053097,41.5929203539823
EPI_ISL_7995|Human|H1N1|2007.115|NorthAmerica|seasonal,2007.115,-440.9,41.8289085545723,1695,1695,42.3008849557522,41.5929203539823
EPI_ISL_7833|Human|H1N1|2007.126|NorthAmerica|seasonal,2007.126,-441,41.8879056047198,1695,1695,42.6548672566372,41.5044247787611
EPI_ISL_7854|Human|H1N1|2007.118|NorthAmerica|seasonal,2007.118,-440.3,41.8289085545723,1695,1695,42.3008849557522,41.5929203539823
EPI_ISL_16409|Human|H1N1|2007.107|NorthAmerica|seasonal,2007.107,-440.3,41.8289085545723,1695,1695,42.3008849557522,41.5929203539823
EPI_ISL_7987|Human|H1N1|2007.077|NorthAmerica|seasonal,2007.077,-440.9,41.7699115044248,1695,1695,42.3008849557522,41.5044247787611
EPI_ISL_8007|Human|H1N1|2007.137|NorthAmerica|seasonal,2007.137,-441.4,41.8289085545723,1695,1695,42.3008849557522,41.5929203539823
EPI_ISL_7984|Human|H1N1|2007.118|NorthAmerica|seasonal,2007.118,-441.4,41.8289085545723,1695,1695,42.3008849557522,41.5929203539823
EPI_ISL_7970|Human|H1N1|2007.137|NorthAmerica|seasonal,2007.137,-441.4,41.8289085545723,1695,1695,42.3008849557522,41.5929203539823
EPI_ISL_7943|Human|H1N1|2007.121|NorthAmerica|seasonal,2007.121,-441.4,41.8289085545723,1695,1695,42.3008849557522,41.5929203539823
EPI_ISL_7787|Human|H1N1|2007.195|NorthAmerica|seasonal,2007.195,-441.7,41.8289085545723,1695,1695,42.4778761061947,41.5044247787611
EPI_ISL_7896|Human|H1N1|2007.115|NorthAmerica|seasonal,2007.115,-441.1,41.8289085545723,1695,1695,42.4778761061947,41.5044247787611
EPI_ISL_8002|Human|H1N1|2007.173|NorthAmerica|seasonal,2007.173,-440.1,41.9469026548673,1695,1695,42.6548672566372,41.5929203539823
EPI_ISL_7785|Human|H1N1|2007.06|NorthAmerica|seasonal,2007.06,-442.5,41.7109144542773,1695,1695,42.1238938053097,41.5044247787611
EPI_ISL_7579|Human|H1N1|2007.101|NorthAmerica|seasonal,2007.101,-437.6,41.8289085545723,1695,1695,42.4778761061947,41.5044247787611
EPI_ISL_7817|Human|H1N1|2007.123|NorthAmerica|seasonal,2007.123,-437.6,41.8289085545723,1695,1695,42.4778761061947,41.5044247787611
EPI_ISL_7783|Human|H1N1|2007.099|NorthAmerica|seasonal,2007.099,-437.6,41.8289085545723,1695,1695,42.4778761061947,41.5044247787611
EPI_ISL_7781|Human|H1N1|2007.118|NorthAmerica|seasonal,2007.118,-437.6,41.8289085545723,1695,1695,42.4778761061947,41.5044247787611
EPI_ISL_7566|Human|H1N1|2007.14|NorthAmerica|seasonal,2007.14,-436.8,41.7699115044248,1695,1695,42.3008849557522,41.5044247787611
EPI_ISL_7932|Human|H1N1|2007.101|NorthAmerica|seasonal,2007.101,-437.8,41.8289085545723,1695,1695,42.3008849557522,41.5929203539823
EPI_ISL_7599|Human|H1N1|2007.156|NorthAmerica|seasonal,2007.156,-436.6,41.7699115044248,1695,1695,42.3008849557522,41.5044247787611
EPI_ISL_7885|Human|H1N1|2007.099|NorthAmerica|seasonal,2007.099,-436.6,41.7699115044248,1695,1695,42.3008849557522,41.5044247787611
EPI_ISL_7842|Human|H1N1|2007.085|NorthAmerica|seasonal,2007.085,-437.9,41.7109144542773,1695,1695,42.3008849557522,41.4159292035398
EPI_ISL_7763|Human|H1N1|2007.096|NorthAmerica|seasonal,2007.096,-440,41.8439716312057,1692,1692,42.5531914893617,41.4893617021277
EPI_ISL_7568|Human|H1N1|2007.068|NorthAmerica|seasonal,2007.068,-436.8,41.7109144542773,1695,1695,42.1238938053097,41.5044247787611
EPI_ISL_28890|Human|H1N1|2007.164|NorthAmerica|seasonal,2007.164,-441.4,41.7699115044248,1695,1695,42.4778761061947,41.4159292035398
EPI_ISL_7963|Human|H1N1|2007.041|NorthAmerica|seasonal,2007.041,-441.8,41.8879056047198,1695,1695,42.6548672566372,41.5044247787611
EPI_ISL_7871|Human|H1N1|2007.153|NorthAmerica|seasonal,2007.153,-438.8,41.8879056047198,1695,1695,42.6548672566372,41.5044247787611
EPI_ISL_7587|Human|H1N1|2007.079|NorthAmerica|seasonal,2007.079,-436.7,41.7699115044248,1695,1695,42.4778761061947,41.4159292035398
EPI_ISL_19107|Human|H1N1|2007.192|NorthAmerica|seasonal,2007.192,-441.3,41.8879056047198,1695,1695,42.4778761061947,41.5929203539823
EPI_ISL_7890|Human|H1N1|2007.03|NorthAmerica|seasonal,2007.03,-437.8,41.7109144542773,1695,1695,42.4778761061947,41.3274336283186
EPI_ISL_7644|Human|H1N1|2007.041|NorthAmerica|seasonal,2007.041,-437.5,41.7699115044248,1695,1695,42.4778761061947,41.4159292035398
EPI_ISL_7616|Human|H1N1|2007.047|NorthAmerica|seasonal,2007.047,-437.5,41.7699115044248,1695,1695,42.4778761061947,41.4159292035398
EPI_ISL_7830|Human|H1N1|2007.058|NorthAmerica|seasonal,2007.058,-439.8,41.7699115044248,1695,1695,42.3008849557522,41.5044247787611
EPI_ISL_7597|Human|H1N1|2007.178|NorthAmerica|seasonal,2007.178,-438.7,41.7109144542773,1695,1695,42.1238938053097,41.5044247787611
EPI_ISL_7877|Human|H1N1|2007.088|NorthAmerica|seasonal,2007.088,-439.8,41.8289085545723,1695,1695,42.4778761061947,41.5044247787611
EPI_ISL_7884|Human|H1N1|2007.066|NorthAmerica|seasonal,2007.066,-438.9,41.7699115044248,1695,1695,42.4778761061947,41.4159292035398
EPI_ISL_7844|Human|H1N1|2007.134|NorthAmerica|seasonal,2007.134,-438.9,41.7699115044248,1695,1695,42.4778761061947,41.4159292035398
EPI_ISL_15340|Human|H1N1|2007.115|NorthAmerica|seasonal,2007.115,-438.5,41.7109144542773,1695,1695,42.4778761061947,41.3274336283186
EPI_ISL_7810|Human|H1N1|2007.079|NorthAmerica|seasonal,2007.079,-441.3,41.7109144542773,1695,1695,42.1238938053097,41.5044247787611
EPI_ISL_7654|Human|H1N1|2007.077|NorthAmerica|seasonal,2007.077,-437.5,41.7699115044248,1695,1695,42.4778761061947,41.4159292035398
EPI_ISL_7918|Human|H1N1|2007.079|NorthAmerica|seasonal,2007.079,-436.8,41.8289085545723,1695,1695,42.4778761061947,41.5044247787611
EPI_ISL_7650|Human|H1N1|2007.126|NorthAmerica|seasonal,2007.126,-434,41.7109144542773,1695,1695,42.3008849557522,41.4159292035398
EPI_ISL_7655|Human|H1N1|2007.079|NorthAmerica|seasonal,2007.079,-434,41.7699115044248,1695,1695,42.3008849557522,41.5044247787611
EPI_ISL_7863|Human|H1N1|2007.159|NorthAmerica|seasonal,2007.159,-434,41.7699115044248,1695,1695,42.3008849557522,41.5044247787611
EPI_ISL_8003|Human|H1N1|2007.134|NorthAmerica|seasonal,2007.134,-434,41.7699115044248,1695,1695,42.3008849557522,41.5044247787611
EPI_ISL_7981|Human|H1N1|2007.195|NorthAmerica|seasonal,2007.195,-434,41.7699115044248,1695,1695,42.3008849557522,41.5044247787611
EPI_ISL_7913|Human|H1N1|2007.096|NorthAmerica|seasonal,2007.096,-434,41.7699115044248,1695,1695,42.3008849557522,41.5044247787611
EPI_ISL_7895|Human|H1N1|2007.173|NorthAmerica|seasonal,2007.173,-434,41.7355371900826,1694,1695,42.3008849557522,41.4526129317981
EPI_ISL_7643|Human|H1N1|2007.063|NorthAmerica|seasonal,2007.063,-439.3,41.8289085545723,1695,1695,42.4778761061947,41.5044247787611
EPI_ISL_7627|Human|H1N1|2007.038|NorthAmerica|seasonal,2007.038,-439.3,41.8289085545723,1695,1695,42.4778761061947,41.5044247787611
EPI_ISL_7608|Human|H1N1|2007.096|NorthAmerica|seasonal,2007.096,-439.3,41.8289085545723,1695,1695,42.4778761061947,41.5044247787611
EPI_ISL_7586|Human|H1N1|2007.06|NorthAmerica|seasonal,2007.06,-439.3,41.8289085545723,1695,1695,42.4778761061947,41.5044247787611
EPI_ISL_7558|Human|H1N1|2006.962|NorthAmerica|seasonal,2006.962,-439.3,41.8289085545723,1695,1695,42.4778761061947,41.5044247787611
EPI_ISL_7857|Human|H1N1|2007.077|NorthAmerica|seasonal,2007.077,-439.3,41.8289085545723,1695,1695,42.4778761061947,41.5044247787611
EPI_ISL_7856|Human|H1N1|2007.173|NorthAmerica|seasonal,2007.173,-439.3,41.8289085545723,1695,1695,42.4778761061947,41.5044247787611
EPI_ISL_7839|Human|H1N1|2007.063|NorthAmerica|seasonal,2007.063,-439.3,41.8289085545723,1695,1695,42.4778761061947,41.5044247787611
EPI_ISL_7838|Human|H1N1|2007.06|NorthAmerica|seasonal,2007.06,-439.3,41.8289085545723,1695,1695,42.4778761061947,41.5044247787611
EPI_ISL_7819|Human|H1N1|2007.03|NorthAmerica|seasonal,2007.03,-439.3,41.8289085545723,1695,1695,42.4778761061947,41.5044247787611
EPI_ISL_8012|Human|H1N1|2006.929|NorthAmerica|seasonal,2006.929,-439.3,41.8289085545723,1695,1695,42.4778761061947,41.5044247787611
EPI_ISL_7911|Human|H1N1|2007.107|NorthAmerica|seasonal,2007.107,-439.3,41.8289085545723,1695,1695,42.4778761061947,41.5044247787611
EPI_ISL_7904|Human|H1N1|2007.104|NorthAmerica|seasonal,2007.104,-439.3,41.8289085545723,1695,1695,42.4778761061947,41.5044247787611
EPI_ISL_16411|Human|H1N1|2007.099|NorthAmerica|seasonal,2007.099,-439.3,41.8289085545723,1695,1695,42.4778761061947,41.5044247787611
EPI_ISL_15828|Human|H1N1|2007.063|NorthAmerica|seasonal,2007.063,-439.3,41.8289085545723,1695,1695,42.4778761061947,41.5044247787611
EPI_ISL_7942|Human|H1N1|2007.142|NorthAmerica|seasonal,2007.142,-439.9,41.7699115044248,1695,1695,42.1238938053097,41.5929203539823
EPI_ISL_7957|Human|H1N1|2007.079|NorthAmerica|seasonal,2007.079,-437.8,41.7109144542773,1695,1695,42.3008849557522,41.4159292035398
EPI_ISL_8000|Human|H1N1|2007.142|NorthAmerica|seasonal,2007.142,-437.7,41.7699115044248,1695,1695,42.3008849557522,41.5044247787611
EPI_ISL_7975|Human|H1N1|2007.162|NorthAmerica|seasonal,2007.162,-439.2,41.7109144542773,1695,1695,42.3008849557522,41.4159292035398
EPI_ISL_7829|Human|H1N1|2007.082|NorthAmerica|seasonal,2007.082,-435.6,41.7109144542773,1695,1695,42.4778761061947,41.3274336283186
EPI_ISL_7569|Human|H1N1|2007.115|NorthAmerica|seasonal,2007.115,-441.6,41.8879056047198,1695,1695,42.4778761061947,41.5929203539823
EPI_ISL_7827|Human|H1N1|2007.192|NorthAmerica|seasonal,2007.192,-442.2,41.7699115044248,1695,1695,42.4778761061947,41.4159292035398
EPI_ISL_7924|Human|H1N1|2007.162|NorthAmerica|seasonal,2007.162,-438.4,41.7109144542773,1695,1695,42.1238938053097,41.5044247787611
EPI_ISL_7629|Human|H1N1|2007.058|NorthAmerica|seasonal,2007.058,-438.3,41.7109144542773,1695,1695,42.3008849557522,41.4159292035398
EPI_ISL_7653|Human|H1N1|2007.077|NorthAmerica|seasonal,2007.077,-439.3,41.7699115044248,1695,1695,42.3008849557522,41.5044247787611
EPI_ISL_7577|Human|H1N1|2007.159|NorthAmerica|seasonal,2007.159,-439.3,41.7699115044248,1695,1695,42.3008849557522,41.5044247787611
EPI_ISL_7855|Human|H1N1|2007.096|NorthAmerica|seasonal,2007.096,-439.3,41.7699115044248,1695,1695,42.3008849557522,41.5044247787611
EPI_ISL_7979|Human|H1N1|2007.118|NorthAmerica|seasonal,2007.118,-439.3,41.7699115044248,1695,1695,42.3008849557522,41.5044247787611
EPI_ISL_7966|Human|H1N1|2007.066|NorthAmerica|seasonal,2007.066,-439.3,41.7699115044248,1695,1695,42.3008849557522,41.5044247787611
EPI_ISL_7922|Human|H1N1|2007.115|NorthAmerica|seasonal,2007.115,-439.3,41.7699115044248,1695,1695,42.3008849557522,41.5044247787611
EPI_ISL_7991|Human|H1N1|2007.175|NorthAmerica|seasonal,2007.175,-438.5,41.7109144542773,1695,1695,42.3008849557522,41.4159292035398
EPI_ISL_8083|Human|H1N1|2007.121|NorthAmerica|seasonal,2007.121,-438.9,41.7556346381969,1686,1686,42.3487544483986,41.4590747330961
EPI_ISL_7640|Human|H1N1|2007.178|NorthAmerica|seasonal,2007.178,-439.1,41.8289085545723,1695,1695,42.3008849557522,41.5929203539823
EPI_ISL_7894|Human|H1N1|2007.121|NorthAmerica|seasonal,2007.121,-435,41.7109144542773,1695,1695,41.9469026548673,41.5929203539823
EPI_ISL_28867|Human|H1N1|2007.06|NorthAmerica|seasonal,2007.06,-438.7,41.8742586002372,1686,1686,42.3487544483986,41.6370106761566
EPI_ISL_8038|Human|H1N1|2007.134|NorthAmerica|seasonal,2007.134,-439.3,41.5929203539823,1695,1695,41.7699115044248,41.5044247787611
EPI_ISL_7652|Human|H1N1|2007.115|NorthAmerica|seasonal,2007.115,-438.6,41.7109144542773,1695,1695,42.1238938053097,41.5044247787611
EPI_ISL_7866|Human|H1N1|2007.115|NorthAmerica|seasonal,2007.115,-438.6,41.7109144542773,1695,1695,42.1238938053097,41.5044247787611
EPI_ISL_7983|Human|H1N1|2007.115|NorthAmerica|seasonal,2007.115,-445.6,41.8879056047198,1695,1695,42.4778761061947,41.5929203539823
EPI_ISL_7575|Human|H1N1|2007.027|NorthAmerica|seasonal,2007.027,-439.3,41.8289085545723,1695,1695,42.4778761061947,41.5044247787611
EPI_ISL_7822|Human|H1N1|2007.137|NorthAmerica|seasonal,2007.137,-439.3,41.8289085545723,1695,1695,42.4778761061947,41.5044247787611
EPI_ISL_7974|Human|H1N1|2007.156|NorthAmerica|seasonal,2007.156,-445.2,41.8879056047198,1695,1695,42.6548672566372,41.5044247787611
EPI_ISL_8028|Human|H1N1|2007.115|NorthAmerica|seasonal,2007.115,-441.5,41.9469026548673,1695,1695,42.6548672566372,41.5929203539823
EPI_ISL_7563|Human|H1N1|2007.173|NorthAmerica|seasonal,2007.173,-440,41.8289085545723,1695,1695,42.3008849557522,41.5929203539823
EPI_ISL_8045|Human|H1N1|2007.181|NorthAmerica|seasonal,2007.181,-442.7,41.8879056047198,1695,1695,42.6548672566372,41.5044247787611
EPI_ISL_7651|Human|H1N1|2007.082|NorthAmerica|seasonal,2007.082,-441.8,41.8879056047198,1695,1695,42.4778761061947,41.5929203539823
EPI_ISL_7647|Human|H1N1|2007.118|NorthAmerica|seasonal,2007.118,-441.8,41.8879056047198,1695,1695,42.4778761061947,41.5929203539823
EPI_ISL_7583|Human|H1N1|2007.063|NorthAmerica|seasonal,2007.063,-441.8,41.8879056047198,1695,1695,42.4778761061947,41.5929203539823
EPI_ISL_7867|Human|H1N1|2007.079|NorthAmerica|seasonal,2007.079,-441.8,41.8879056047198,1695,1695,42.4778761061947,41.5929203539823
EPI_ISL_7864|Human|H1N1|2007.126|NorthAmerica|seasonal,2007.126,-441.8,41.8879056047198,1695,1695,42.4778761061947,41.5929203539823
EPI_ISL_7861|Human|H1N1|2007.126|NorthAmerica|seasonal,2007.126,-441.8,41.8879056047198,1695,1695,42.4778761061947,41.5929203539823
EPI_ISL_7824|Human|H1N1|2007.014|NorthAmerica|seasonal,2007.014,-441.8,41.8879056047198,1695,1695,42.4778761061947,41.5929203539823
EPI_ISL_7786|Human|H1N1|2007.156|NorthAmerica|seasonal,2007.156,-441.8,41.8879056047198,1695,1695,42.4778761061947,41.5929203539823
EPI_ISL_8004|Human|H1N1|2007.173|NorthAmerica|seasonal,2007.173,-441.8,41.8879056047198,1695,1695,42.4778761061947,41.5929203539823
EPI_ISL_7990|Human|H1N1|2007.096|NorthAmerica|seasonal,2007.096,-441.8,41.8879056047198,1695,1695,42.4778761061947,41.5929203539823
EPI_ISL_7989|Human|H1N1|2007.068|NorthAmerica|seasonal,2007.068,-441.8,41.8879056047198,1695,1695,42.4778761061947,41.5929203539823
EPI_ISL_7976|Human|H1N1|2007.162|NorthAmerica|seasonal,2007.162,-441.8,41.8879056047198,1695,1695,42.4778761061947,41.5929203539823
EPI_ISL_7920|Human|H1N1|2007.099|NorthAmerica|seasonal,2007.099,-441.8,41.8879056047198,1695,1695,42.4778761061947,41.5929203539823
EPI_ISL_8081|Human|H1N1|2007.14|NorthAmerica|seasonal,2007.14,-441.8,41.8879056047198,1695,1695,42.4778761061947,41.5929203539823
EPI_ISL_8043|Human|H1N1|2007.066|NorthAmerica|seasonal,2007.066,-441.8,41.8879056047198,1695,1695,42.4778761061947,41.5929203539823
EPI_ISL_15341|Human|H1N1|2007.079|NorthAmerica|seasonal,2007.079,-441.8,41.8879056047198,1695,1695,42.4778761061947,41.5929203539823
EPI_ISL_7985|Human|H1N1|2007.115|NorthAmerica|seasonal,2007.115,-440.6,41.8289085545723,1695,1695,42.3008849557522,41.5929203539823
EPI_ISL_7955|Human|H1N1|2007.063|NorthAmerica|seasonal,2007.063,-442.9,41.9469026548673,1695,1695,42.4778761061947,41.6814159292035
EPI_ISL_7614|Human|H1N1|2007.099|NorthAmerica|seasonal,2007.099,-443,41.8879056047198,1695,1695,42.4778761061947,41.5929203539823
EPI_ISL_7595|Human|H1N1|2007.099|NorthAmerica|seasonal,2007.099,-443,41.8879056047198,1695,1695,42.4778761061947,41.5929203539823
EPI_ISL_7812|Human|H1N1|2007.123|NorthAmerica|seasonal,2007.123,-443,41.8879056047198,1695,1695,42.4778761061947,41.5929203539823
EPI_ISL_7940|Human|H1N1|2007.104|NorthAmerica|seasonal,2007.104,-443,41.8879056047198,1695,1695,42.4778761061947,41.5929203539823
EPI_ISL_27616|Human|H1N1|2007.096|NorthAmerica|seasonal,2007.096,-443,41.8879056047198,1695,1695,42.4778761061947,41.5929203539823
EPI_ISL_8032|Human|H1N1|2007.096|NorthAmerica|seasonal,2007.096,-442.6,41.9469026548673,1695,1695,42.6548672566372,41.5929203539823
EPI_ISL_22609|Human|H1N1|2007.2|NorthAmerica|seasonal,2007.2,-442.6,41.9469026548673,1695,1695,42.6548672566372,41.5929203539823
EPI_ISL_7610|Human|H1N1|2007.068|NorthAmerica|seasonal,2007.068,-444,42.0058997050147,1695,1695,42.6548672566372,41.6814159292035
EPI_ISL_7567|Human|H1N1|2007.058|NorthAmerica|seasonal,2007.058,-444,42.0058997050147,1695,1695,42.6548672566372,41.6814159292035
EPI_ISL_7832|Human|H1N1|2007.181|NorthAmerica|seasonal,2007.181,-444,42.0058997050147,1695,1695,42.6548672566372,41.6814159292035
EPI_ISL_7875|Human|H1N1|2007.058|NorthAmerica|seasonal,2007.058,-440,41.9469026548673,1695,1695,42.4778761061947,41.6814159292035
EPI_ISL_7806|Human|H1N1|2007.195|NorthAmerica|seasonal,2007.195,-440,41.9469026548673,1695,1695,42.4778761061947,41.6814159292035
EPI_ISL_7939|Human|H1N1|2007.156|NorthAmerica|seasonal,2007.156,-440,41.9469026548673,1695,1695,42.4778761061947,41.6814159292035
EPI_ISL_28865|Human|H1N1|2007.126|NorthAmerica|seasonal,2007.126,-443.1,42.0648967551622,1695,1695,42.8318584070797,41.6814159292035
EPI_ISL_7759|Human|H1N1|2007.192|NorthAmerica|seasonal,2007.192,-441.3,41.9469026548673,1695,1695,42.4778761061947,41.6814159292035
EPI_ISL_7624|Human|H1N1|2007.164|NorthAmerica|seasonal,2007.164,-441.3,41.9469026548673,1695,1695,42.4778761061947,41.6814159292035
EPI_ISL_7588|Human|H1N1|2007.192|NorthAmerica|seasonal,2007.192,-441.3,41.9469026548673,1695,1695,42.4778761061947,41.6814159292035
EPI_ISL_7815|Human|H1N1|2007.173|NorthAmerica|seasonal,2007.173,-441.3,41.9469026548673,1695,1695,42.4778761061947,41.6814159292035
EPI_ISL_7809|Human|H1N1|2007.192|NorthAmerica|seasonal,2007.192,-441.3,41.9469026548673,1695,1695,42.4778761061947,41.6814159292035
EPI_ISL_28866|Human|H1N1|2007.164|NorthAmerica|seasonal,2007.164,-441.3,41.9469026548673,1695,1695,42.4778761061947,41.6814159292035
EPI_ISL_7631|Human|H1N1|2007.189|NorthAmerica|seasonal,2007.189,-440.1,41.8879056047198,1695,1695,42.4778761061947,41.5929203539823
EPI_ISL_7937|Human|H1N1|2007.156|NorthAmerica|seasonal,2007.156,-444.5,42.0058997050147,1695,1695,42.6548672566372,41.6814159292035
EPI_ISL_7969|Human|H1N1|2007.079|NorthAmerica|seasonal,2007.079,-443.1,41.8289085545723,1695,1695,42.1238938053097,41.6814159292035
EPI_ISL_25707|Human|H1N1|2006.274|Europe|seasonal,2006.274,-440.1,42.2418879056047,1695,1695,43.1858407079646,41.7699115044248
EPI_ISL_7868|Human|H1N1|2007.085|NorthAmerica|seasonal,2007.085,-433.8,42.3008849557522,1695,1695,43.0088495575221,41.9469026548673
EPI_ISL_7959|Human|H1N1|2007.058|NorthAmerica|seasonal,2007.058,-436.3,42.2418879056047,1695,1695,42.8318584070797,41.9469026548673
EPI_ISL_7919|Human|H1N1|2007.153|NorthAmerica|seasonal,2007.153,-437.4,42.3008849557522,1695,1695,43.0088495575221,41.9469026548673
EPI_ISL_7873|Human|H1N1|2007.107|NorthAmerica|seasonal,2007.107,-434.2,42.1238938053097,1695,1695,42.4778761061947,41.9469026548673
EPI_ISL_8014|Human|H1N1|2007.101|NorthAmerica|seasonal,2007.101,-434.2,42.1238938053097,1695,1695,42.4778761061947,41.9469026548673
EPI_ISL_7949|Human|H1N1|2007.096|NorthAmerica|seasonal,2007.096,-434.2,42.1238938053097,1695,1695,42.4778761061947,41.9469026548673
EPI_ISL_7978|Human|H1N1|2007.096|NorthAmerica|seasonal,2007.096,-434.2,42.2143280047365,1689,1689,42.4511545293073,42.0959147424512
EPI_ISL_7982|Human|H1N1|2007.096|NorthAmerica|seasonal,2007.096,-434.2,42.0897284533648,1694,1695,42.3758865248227,41.9469026548673
EPI_ISL_7850|Human|H1N1|2007.104|NorthAmerica|seasonal,2007.104,-435.2,42.1238938053097,1695,1695,42.4778761061947,41.9469026548673
EPI_ISL_8029|Human|H1N1|2007.101|NorthAmerica|seasonal,2007.101,-436.1,42.2418879056047,1695,1695,42.8318584070797,41.9469026548673
EPI_ISL_7556|Human|H1N1|2006.967|NorthAmerica|seasonal,2006.967,-433.8,42.2418879056047,1695,1695,42.8318584070797,41.9469026548673
EPI_ISL_7820|Human|H1N1|2007.173|NorthAmerica|seasonal,2007.173,-433.8,42.2418879056047,1695,1695,42.8318584070797,41.9469026548673
EPI_ISL_7956|Human|H1N1|2007.156|NorthAmerica|seasonal,2007.156,-436.3,42.3008849557522,1695,1695,42.8318584070797,42.0353982300885
EPI_ISL_7910|Human|H1N1|2007.077|NorthAmerica|seasonal,2007.077,-436.3,42.3008849557522,1695,1695,42.8318584070797,42.0353982300885
EPI_ISL_29085|Human|H1N1|2007.077|NorthAmerica|seasonal,2007.077,-436.3,42.3008849557522,1695,1695,42.8318584070797,42.0353982300885
EPI_ISL_7879|Human|H1N1|2007.077|NorthAmerica|seasonal,2007.077,-434.4,42.2418879056047,1695,1695,42.8318584070797,41.9469026548673
EPI_ISL_7865|Human|H1N1|2007.099|NorthAmerica|seasonal,2007.099,-434.4,42.2418879056047,1695,1695,42.8318584070797,41.9469026548673
EPI_ISL_7998|Human|H1N1|2007.142|NorthAmerica|seasonal,2007.142,-434.4,42.2418879056047,1695,1695,42.8318584070797,41.9469026548673
EPI_ISL_7994|Human|H1N1|2007.153|NorthAmerica|seasonal,2007.153,-434.4,42.2418879056047,1695,1695,42.8318584070797,41.9469026548673
EPI_ISL_7992|Human|H1N1|2007.049|NorthAmerica|seasonal,2007.049,-434.4,42.2418879056047,1695,1695,42.8318584070797,41.9469026548673
EPI_ISL_7953|Human|H1N1|2007.077|NorthAmerica|seasonal,2007.077,-434.4,42.2418879056047,1695,1695,42.8318584070797,41.9469026548673
EPI_ISL_29084|Human|H1N1|2007.137|NorthAmerica|seasonal,2007.137,-434.4,42.2418879056047,1695,1695,42.8318584070797,41.9469026548673
EPI_ISL_7954|Human|H1N1|2007.173|NorthAmerica|seasonal,2007.173,-436.9,42.1238938053097,1695,1695,42.4778761061947,41.9469026548673
EPI_ISL_8034|Human|H1N1|2007.134|NorthAmerica|seasonal,2007.134,-440.6,42.0648967551622,1695,1695,42.4778761061947,41.858407079646
EPI_ISL_7999|Human|H1N1|2007.173|NorthAmerica|seasonal,2007.173,-438.8,42.2418879056047,1695,1695,42.6548672566372,42.0353982300885
EPI_ISL_7988|Human|H1N1|2007.123|NorthAmerica|seasonal,2007.123,-429.2,42.1238938053097,1695,1695,42.6548672566372,41.858407079646
EPI_ISL_7967|Human|H1N1|2007.068|NorthAmerica|seasonal,2007.068,-433.7,42.2418879056047,1695,1695,42.8318584070797,41.9469026548673
EPI_ISL_7849|Human|H1N1|2007.068|NorthAmerica|seasonal,2007.068,-435.7,42.3008849557522,1695,1695,43.0088495575221,41.9469026548673
EPI_ISL_7611|Human|H1N1|2007.123|NorthAmerica|seasonal,2007.123,-434.4,42.1238938053097,1695,1695,42.6548672566372,41.858407079646
EPI_ISL_7625|Human|H1N1|2007.121|NorthAmerica|seasonal,2007.121,-434.8,42.2418879056047,1695,1695,42.8318584070797,41.9469026548673
EPI_ISL_7628|Human|H1N1|2007.068|NorthAmerica|seasonal,2007.068,-434.4,42.1828908554572,1695,1695,42.6548672566372,41.9469026548673
EPI_ISL_7902|Human|H1N1|2007.101|NorthAmerica|seasonal,2007.101,-434.4,42.1828908554572,1695,1695,42.6548672566372,41.9469026548673
EPI_ISL_8082|Human|H1N1|2007.099|NorthAmerica|seasonal,2007.099,-436.5,42.1828908554572,1695,1695,42.8318584070797,41.858407079646
EPI_ISL_7888|Human|H1N1|2007.058|NorthAmerica|seasonal,2007.058,-433.2,42.1828908554572,1695,1695,42.4778761061947,42.0353982300885
EPI_ISL_7883|Human|H1N1|2007.123|NorthAmerica|seasonal,2007.123,-434,42.2418879056047,1695,1695,42.8318584070797,41.9469026548673
EPI_ISL_7858|Human|H1N1|2007.096|NorthAmerica|seasonal,2007.096,-432.4,42.3008849557522,1695,1695,43.0088495575221,41.9469026548673
EPI_ISL_7997|Human|H1N1|2007.068|NorthAmerica|seasonal,2007.068,-429,42.0648967551622,1695,1695,42.8318584070797,41.6814159292035
EPI_ISL_8036|Human|H1N1|2007.121|NorthAmerica|seasonal,2007.121,-429,42.0648967551622,1695,1695,42.8318584070797,41.6814159292035
EPI_ISL_16410|Human|H1N1|2007.115|NorthAmerica|seasonal,2007.115,-437.1,41.9469026548673,1695,1695,42.6548672566372,41.5929203539823
EPI_ISL_7800|Human|H1N1|2007.162|NorthAmerica|seasonal,2007.162,-438.5,42.0058997050147,1695,1695,42.6548672566372,41.6814159292035
EPI_ISL_8027|Human|H1N1|2007.027|NorthAmerica|seasonal,2007.027,-439.1,42.1238938053097,1695,1695,43.0088495575221,41.6814159292035
EPI_ISL_7585|Human|H1N1|2007.162|NorthAmerica|seasonal,2007.162,-439.8,42.0058997050147,1695,1695,42.6548672566372,41.6814159292035
EPI_ISL_8015|Human|H1N1|2007.153|NorthAmerica|seasonal,2007.153,-439.8,42.0058997050147,1695,1695,42.6548672566372,41.6814159292035
EPI_ISL_7973|Human|H1N1|2007.173|NorthAmerica|seasonal,2007.173,-439.8,42.0058997050147,1695,1695,42.6548672566372,41.6814159292035
EPI_ISL_7780|Human|H1N1|2007.178|NorthAmerica|seasonal,2007.178,-443.6,42.0648967551622,1695,1695,42.6548672566372,41.7699115044248
EPI_ISL_120425|Human|H1N1|2003.729|Asia|,2003.729,-433.3,41.8289085545723,1695,1695,41.9469026548673,41.7699115044248
EPI_ISL_106617|Human|H1N1|2005.266|Asia|,2005.266,-436.7,41.5929203539823,1695,1695,41.5929203539823,41.5929203539823
EPI_ISL_117814|Human|H1N1|2005.449|Asia|,2005.449,-441.9,41.6519174041298,1695,1695,41.5929203539823,41.6814159292035
EPI_ISL_106638|Human|H1N1|2006.2|Asia|,2006.2,-445.8,42.1828908554572,1695,1695,42.6548672566372,41.9469026548673
EPI_ISL_116062|Human|H1N1|2006.321|Asia|,2006.321,-443.7,42.3008849557522,1695,1695,42.8318584070797,42.0353982300885
EPI_ISL_25712|Human|H1N1|2006.271|Europe|seasonal,2006.271,-440,42.2418879056047,1695,1695,42.8318584070797,41.9469026548673
EPI_ISL_12841|Human|H1N1|2006|Asia|seasonal,2006,-438,42.1828908554572,1695,1695,42.8318584070797,41.858407079646
EPI_ISL_15603|Human|H1N1|2005|Europe|seasonal,2005,-437.5,42.0648967551622,1695,1695,42.3008849557522,41.9469026548673
EPI_ISL_93595|Human|H1N1|2005.033|Asia|,2005.033,-435.7,42.0058997050147,1695,1695,42.1238938053097,41.9469026548673
EPI_ISL_93594|Human|H1N1|2005.055|Asia|,2005.055,-434,42.0058997050147,1695,1695,42.1238938053097,41.9469026548673
EPI_ISL_120424|Human|H1N1|2003.688|Asia|,2003.688,-438.7,42.0058997050147,1695,1695,42.1238938053097,41.9469026548673
EPI_ISL_120423|Human|H1N1|2003.589|Asia|,2003.589,-438.7,42.0058997050147,1695,1695,42.1238938053097,41.9469026548673
EPI_ISL_6371|Human|H1N1|2005|Oceania|seasonal,2005,-441.2,41.8879056047198,1695,1695,41.9469026548673,41.858407079646
EPI_ISL_15604|Human|H1N1|2004|Europe|seasonal,2004,-439.3,41.8879056047198,1695,1695,41.9469026548673,41.858407079646
EPI_ISL_83676|Human|H1N1|2010.112|Asia|seasonal,2010.112,-440.3,41.7699115044248,1695,1695,41.5929203539823,41.858407079646
EPI_ISL_83675|Human|H1N1|2010.112|Asia|seasonal,2010.112,-440.3,41.7699115044248,1695,1695,41.5929203539823,41.858407079646
EPI_ISL_6448|Human|H1N1|2005.6|Oceania|seasonal,2005.6,-438,41.6519174041298,1695,1695,41.4159292035398,41.7699115044248
EPI_ISL_5656|Human|H1N1|2005.69|Oceania|seasonal,2005.69,-439,41.6519174041298,1695,1695,41.2389380530973,41.858407079646
EPI_ISL_6341|Human|H1N1|2005.663|Oceania|seasonal,2005.663,-444.9,41.7109144542773,1695,1695,41.4159292035398,41.858407079646
EPI_ISL_6859|Human|H1N1|2005.611|Oceania|seasonal,2005.611,-440.7,41.7699115044248,1695,1695,41.4159292035398,41.9469026548673
EPI_ISL_8269|Human|H1N1|2003.03|NorthAmerica|seasonal,2003.03,-435.7,41.7699115044248,1695,1695,41.7699115044248,41.7699115044248
EPI_ISL_8999|Human|H1N1|2003.17|NorthAmerica|seasonal,2003.17,-435.7,41.725768321513,1692,1692,41.4893617021277,41.8439716312057
EPI_ISL_164016|Human|H1N1|2008.027|Europe|seasonal,2008.027,-427.1,41.4159292035398,1695,1695,41.0619469026549,41.5929203539823
EPI_ISL_164013|Human|H1N1|2008.008|Europe|seasonal,2008.008,-428.3,41.5339233038348,1695,1695,41.4159292035398,41.5929203539823
EPI_ISL_29779|Human|H1N1|2008.481|NorthAmerica|seasonal,2008.481,-418.5,41.0619469026549,1695,1695,40.5309734513274,41.3274336283186
EPI_ISL_30226|Human|H1N1|2008.44|NorthAmerica|seasonal,2008.44,-418.2,41.0619469026549,1695,1695,40.353982300885,41.4159292035398
EPI_ISL_30220|Human|H1N1|2008.437|NorthAmerica|seasonal,2008.437,-418.2,41.0029498525074,1695,1695,40.1769911504425,41.4159292035398
EPI_ISL_30218|Human|H1N1|2008.437|NorthAmerica|seasonal,2008.437,-417.4,41.0271546635183,1694,1695,40.1769911504425,41.4526129317981
EPI_ISL_78563|Human|H1N1|2007|SouthAmerica|seasonal,2007,-417.4,40.9439528023599,1695,1695,40.353982300885,41.2389380530973
EPI_ISL_62908|Human|H1N1|2008.469|NorthAmerica|seasonal,2008.469,-415.5,41.0029498525074,1695,1695,40.1769911504425,41.4159292035398
EPI_ISL_29778|Human|H1N1|2008.478|NorthAmerica|seasonal,2008.478,-415.5,40.9439528023599,1695,1695,40,41.4159292035398
EPI_ISL_164011|Human|H1N1|2007.995|Europe|seasonal,2007.995,-417.6,41.0029498525074,1695,1695,40.353982300885,41.3274336283186
EPI_ISL_62923|Human|H1N1|2008.122|NorthAmerica|seasonal,2008.122,-415.3,41.0619469026549,1695,1695,40.5309734513274,41.3274336283186
EPI_ISL_30221|Human|H1N1|2008.434|NorthAmerica|seasonal,2008.434,-415.4,41.0619469026549,1695,1695,40.353982300885,41.4159292035398
EPI_ISL_208729|Human|H1N1|2007.981|Asia|,2007.981,-417.7,40.9439528023599,1695,1695,40.353982300885,41.2389380530973
EPI_ISL_70169|Human|H1N1|2008.036|Asia|seasonal,2008.036,-413.3,41.0029498525074,1695,1695,40.5309734513274,41.2389380530973
EPI_ISL_70162|Human|H1N1|2007.962|Asia|seasonal,2007.962,-415.4,41.0029498525074,1695,1695,40.1769911504425,41.4159292035398
EPI_ISL_70160|Human|H1N1|2007.945|Asia|seasonal,2007.945,-408.8,40.8849557522124,1695,1695,40.353982300885,41.1504424778761
EPI_ISL_208713|Human|H1N1|2007.849|Asia|,2007.849,-418.6,41.0029498525074,1695,1695,40.5309734513274,41.2389380530973
EPI_ISL_30228|Human|H1N1|2008.016|NorthAmerica|seasonal,2008.016,-416.5,41.0271546635183,1694,1695,40.5309734513274,41.2754650132861
EPI_ISL_29633|Human|H1N1|2008.123|NorthAmerica|seasonal,2008.123,-414.8,41.1799410029499,1695,1695,40.8849557522124,41.3274336283186
EPI_ISL_29647|Human|H1N1|2008.484|NorthAmerica|seasonal,2008.484,-421.3,41.1209439528024,1695,1695,40.7079646017699,41.3274336283186
EPI_ISL_33848|Human|H1N1|2008.497|NorthAmerica|seasonal,2008.497,-430.8,41.4159292035398,1695,1695,41.4159292035398,41.4159292035398
EPI_ISL_28893|Human|H1N1|2008.12|NorthAmerica|seasonal,2008.12,-414.5,41.1209439528024,1695,1695,40.7079646017699,41.3274336283186
EPI_ISL_96142|Human|H1N1|2008.077|NorthAmerica|,2008.077,-414.5,41.2979351032448,1695,1695,40.5309734513274,41.6814159292035
EPI_ISL_96141|Human|H1N1|2008.074|NorthAmerica|,2008.074,-411.4,41.1209439528024,1695,1695,40.7079646017699,41.3274336283186
EPI_ISL_96137|Human|H1N1|2008.94|NorthAmerica|,2008.94,-417.5,41.1209439528024,1695,1695,40.353982300885,41.5044247787611
EPI_ISL_30789|Human|H1N1|2008.123|NorthAmerica|seasonal,2008.123,-411.7,41.0029498525074,1695,1695,40.5309734513274,41.2389380530973
EPI_ISL_62784|Human|H1N1|2008.108|NorthAmerica|seasonal,2008.108,-423,41.2979351032448,1695,1695,41.2389380530973,41.3274336283186
EPI_ISL_30230|Human|H1N1|2008.623|NorthAmerica|seasonal,2008.623,-418.8,41.1799410029499,1695,1695,40.7079646017699,41.4159292035398
EPI_ISL_33849|Human|H1N1|2008.88|NorthAmerica|seasonal,2008.88,-418.5,41.1799410029499,1695,1695,40.7079646017699,41.4159292035398
EPI_ISL_30233|Human|H1N1|2008.847|NorthAmerica|seasonal,2008.847,-417,41.1209439528024,1695,1695,40.5309734513274,41.4159292035398
EPI_ISL_33847|Human|H1N1|2008.861|NorthAmerica|seasonal,2008.861,-418,41.0029498525074,1695,1695,40.5309734513274,41.2389380530973
EPI_ISL_29676|Human|H1N1|2008.842|NorthAmerica|seasonal,2008.842,-416.5,41.0029498525074,1695,1695,40.5309734513274,41.2389380530973
EPI_ISL_29675|Human|H1N1|2008.833|NorthAmerica|seasonal,2008.833,-418.4,41.0619469026549,1695,1695,40.5309734513274,41.3274336283186
EPI_ISL_30227|Human|H1N1|2008.776|NorthAmerica|seasonal,2008.776,-418.4,41.0619469026549,1695,1695,40.5309734513274,41.3274336283186
EPI_ISL_33842|Human|H1N1|2008.776|NorthAmerica|seasonal,2008.776,-418.4,41.0619469026549,1695,1695,40.5309734513274,41.3274336283186
EPI_ISL_29912|Human|H1N1|2008.814|NorthAmerica|seasonal,2008.814,-424.5,41.1209439528024,1695,1695,40.5309734513274,41.4159292035398
EPI_ISL_30231|Human|H1N1|2008.828|NorthAmerica|seasonal,2008.828,-418.2,41.0029498525074,1695,1695,40.353982300885,41.3274336283186
EPI_ISL_29648|Human|H1N1|2008.839|NorthAmerica|seasonal,2008.839,-417.8,41.0029498525074,1695,1695,40.5309734513274,41.2389380530973
EPI_ISL_62907|Human|H1N1|2008.6|NorthAmerica|seasonal,2008.6,-420.1,41.1799410029499,1695,1695,40.7079646017699,41.4159292035398
EPI_ISL_116007|Human|H1N1|2008.063|Asia|,2008.063,-415.1,41.0619469026549,1695,1695,40.7079646017699,41.2389380530973
EPI_ISL_164014|Human|H1N1|2008.016|Europe|seasonal,2008.016,-420.5,41.0619469026549,1695,1695,40.7079646017699,41.2389380530973
EPI_ISL_93582|Human|H1N1|2007.868|Asia|,2007.868,-418.8,41.1209439528024,1695,1695,40.5309734513274,41.4159292035398
EPI_ISL_30212|Human|H1N1|2008.055|Asia|seasonal,2008.055,-415.7,40.9923213230951,1693,1695,40.5309734513274,41.2234042553192
EPI_ISL_93586|Human|H1N1|2008.333|Asia|,2008.333,-416.1,41.1799410029499,1695,1695,40.7079646017699,41.4159292035398
EPI_ISL_30211|Human|H1N1|2008.041|Asia|seasonal,2008.041,-415.6,41.1209439528024,1695,1695,40.7079646017699,41.3274336283186
EPI_ISL_93585|Human|H1N1|2008.896|Asia|,2008.896,-417.7,41.2979351032448,1695,1695,40.8849557522124,41.5044247787611
EPI_ISL_93589|Human|H1N1|2008.915|Asia|,2008.915,-420.7,41.1209439528024,1695,1695,40.5309734513274,41.4159292035398
EPI_ISL_93588|Human|H1N1|2008.825|Asia|,2008.825,-418.3,41.2389380530973,1695,1695,40.5309734513274,41.5929203539823
EPI_ISL_93590|Human|H1N1|2009.033|Asia|,2009.033,-420.5,41.2979351032448,1695,1695,41.0619469026549,41.4159292035398
EPI_ISL_164024|Human|H1N1|2007.948|Europe|seasonal,2007.948,-419.9,41.1799410029499,1695,1695,40.8849557522124,41.3274336283186
EPI_ISL_164029|Human|H1N1|2008.038|Europe|seasonal,2008.038,-423.2,41.1799410029499,1695,1695,40.8849557522124,41.3274336283186
EPI_ISL_27695|Human|H1N1|2008.117|Europe|seasonal,2008.117,-421.3,41.0619469026549,1695,1695,40.5309734513274,41.3274336283186
EPI_ISL_164026|Human|H1N1|2007.997|Europe|seasonal,2007.997,-422.5,41.1209439528024,1695,1695,40.5309734513274,41.4159292035398
EPI_ISL_164030|Human|H1N1|2008.041|Europe|seasonal,2008.041,-421.1,41.0619469026549,1695,1695,40.5309734513274,41.3274336283186
EPI_ISL_70170|Human|H1N1|2008.137|Asia|seasonal,2008.137,-419,41.2389380530973,1695,1695,41.0619469026549,41.3274336283186
EPI_ISL_77977|Human|H1N1|2009.023|NorthAmerica|seasonal,2009.023,-415.4,41.0619469026549,1695,1695,40.8849557522124,41.1504424778761
EPI_ISL_89588|Human|H1N1|2009.088|NorthAmerica|,2009.088,-411.7,41.0029498525074,1695,1695,40.7079646017699,41.1504424778761
EPI_ISL_208716|Human|H1N1|2008.112|Asia|,2008.112,-418.4,41.2979351032448,1695,1695,41.2389380530973,41.3274336283186
EPI_ISL_106731|Human|H1N1|2008.921|Asia|,2008.921,-420.6,41.2389380530973,1695,1695,40.8849557522124,41.4159292035398
EPI_ISL_106713|Human|H1N1|2008.858|Asia|,2008.858,-416.4,41.3569321533923,1695,1695,41.0619469026549,41.5044247787611
EPI_ISL_115807|Human|H1N1|2008.801|Asia|,2008.801,-415.7,41.0619469026549,1695,1695,40.5309734513274,41.3274336283186
EPI_ISL_116008|Human|H1N1|2008.148|Asia|,2008.148,-416.2,41.1209439528024,1695,1695,40.7079646017699,41.3274336283186
EPI_ISL_106751|Human|H1N1|2008.533|Asia|,2008.533,-420.6,41.1799410029499,1695,1695,40.8849557522124,41.3274336283186
EPI_ISL_70179|Human|H1N1|2008.16|Asia|seasonal,2008.16,-417.9,41.1799410029499,1695,1695,40.8849557522124,41.3274336283186
EPI_ISL_116005|Human|H1N1|2008.342|Asia|,2008.342,-417.9,41.1799410029499,1695,1695,40.8849557522124,41.3274336283186
EPI_ISL_164028|Human|H1N1|2008.036|Europe|seasonal,2008.036,-417.9,41.1799410029499,1695,1695,40.8849557522124,41.3274336283186
EPI_ISL_164023|Human|H1N1|2007.863|Europe|seasonal,2007.863,-417.9,41.1799410029499,1695,1695,40.8849557522124,41.3274336283186
EPI_ISL_106692|Human|H1N1|2008.71|Asia|,2008.71,-415.6,41.1799410029499,1695,1695,40.7079646017699,41.4159292035398
EPI_ISL_25711|Human|H1N1|2008.022|Europe|seasonal,2008.022,-418.7,41.2979351032448,1695,1695,41.0619469026549,41.4159292035398
EPI_ISL_78574|Human|H1N1|2007|SouthAmerica|seasonal,2007,-423.9,41.1799410029499,1695,1695,40.5309734513274,41.5044247787611
EPI_ISL_29475|Human|H1N1|2008.437|NorthAmerica|seasonal,2008.437,-416.3,41.0619469026549,1695,1695,40.7079646017699,41.2389380530973
EPI_ISL_62909|Human|H1N1|2008.444|NorthAmerica|seasonal,2008.444,-416.3,41.0619469026549,1695,1695,40.7079646017699,41.2389380530973
EPI_ISL_164022|Human|H1N1|2008.984|Europe|seasonal,2008.984,-418.3,41.2389380530973,1695,1695,41.0619469026549,41.3274336283186
EPI_ISL_28895|Human|H1N1|2008.137|NorthAmerica|seasonal,2008.137,-417.7,41.2389380530973,1695,1695,41.0619469026549,41.3274336283186
EPI_ISL_29307|Human|H1N1|2007|Europe|seasonal,2007,-414.9,41.086186540732,1694,1695,40.8849557522124,41.1868910540301
EPI_ISL_62840|Human|H1N1|2008.085|NorthAmerica|seasonal,2008.085,-421.3,41.1799410029499,1695,1695,40.8849557522124,41.3274336283186
EPI_ISL_116061|Human|H1N1|2008.538|Asia|,2008.538,-422.6,41.3569321533923,1695,1695,41.2389380530973,41.4159292035398
EPI_ISL_115808|Human|H1N1|2008.828|Asia|,2008.828,-415.7,41.1799410029499,1695,1695,40.7079646017699,41.4159292035398
EPI_ISL_115809|Human|H1N1|2008.839|Asia|,2008.839,-419.9,41.3569321533923,1695,1695,41.2389380530973,41.4159292035398
EPI_ISL_116003|Human|H1N1|2008.885|Asia|,2008.885,-421.1,41.1799410029499,1695,1695,41.0619469026549,41.2389380530973
EPI_ISL_115859|Human|H1N1|2008.866|Asia|,2008.866,-421.1,41.1799410029499,1695,1695,41.0619469026549,41.2389380530973
EPI_ISL_116004|Human|H1N1|2008.899|Asia|,2008.899,-418.7,41.0619469026549,1695,1695,40.5309734513274,41.3274336283186
EPI_ISL_116002|Human|H1N1|2008.885|Asia|,2008.885,-419.4,41.1799410029499,1695,1695,40.8849557522124,41.3274336283186
EPI_ISL_116001|Human|H1N1|2008.883|Asia|,2008.883,-419.4,41.1799410029499,1695,1695,40.8849557522124,41.3274336283186
EPI_ISL_115858|Human|H1N1|2008.861|Asia|,2008.861,-419.4,41.1799410029499,1695,1695,40.8849557522124,41.3274336283186
EPI_ISL_115856|Human|H1N1|2008.85|Asia|,2008.85,-419.4,41.1799410029499,1695,1695,40.8849557522124,41.3274336283186
EPI_ISL_115855|Human|H1N1|2008|Asia|,2008,-419.4,41.1799410029499,1695,1695,40.8849557522124,41.3274336283186
EPI_ISL_115854|Human|H1N1|2008.844|Asia|,2008.844,-419.4,41.1799410029499,1695,1695,40.8849557522124,41.3274336283186
EPI_ISL_116009|Human|H1N1|2008.56|Asia|,2008.56,-423.3,41.1209439528024,1695,1695,40.5309734513274,41.4159292035398
EPI_ISL_106767|Human|H1N1|2008.563|Asia|,2008.563,-418.1,41.2979351032448,1695,1695,40.8849557522124,41.5044247787611
EPI_ISL_116065|Human|H1N1|2008.555|Asia|,2008.555,-417.9,41.1209439528024,1695,1695,40.8849557522124,41.2389380530973
EPI_ISL_164027|Human|H1N1|2008.022|Europe|seasonal,2008.022,-418.1,41.0619469026549,1695,1695,40.5309734513274,41.3274336283186
EPI_ISL_115806|Human|H1N1|2008.71|Asia|,2008.71,-418.9,41.3569321533923,1695,1695,41.0619469026549,41.5044247787611
EPI_ISL_164025|Human|H1N1|2007.992|Europe|seasonal,2007.992,-419.2,41.3569321533923,1695,1695,41.5929203539823,41.2389380530973
EPI_ISL_27694|Human|H1N1|2008|Europe|seasonal,2008,-417.2,41.1209439528024,1695,1695,40.8849557522124,41.2389380530973
EPI_ISL_70166|Human|H1N1|2009.016|Asia|seasonal,2009.016,-409.6,40.8849557522124,1695,1695,40.8849557522124,40.8849557522124
EPI_ISL_99224|Human|H1N1|2008.989|SouthAmerica|,2008.989,-425.4,41.283863368669,1698,1698,41.5194346289753,41.1660777385159
EPI_ISL_99225|Human|H1N1|2008.984|SouthAmerica|,2008.984,-425.4,41.283863368669,1698,1698,41.5194346289753,41.1660777385159
EPI_ISL_99220|Human|H1N1|2009.14|SouthAmerica|,2009.14,-424.4,41.283863368669,1698,1698,41.5194346289753,41.1660777385159
EPI_ISL_99226|Human|H1N1|2009|SouthAmerica|,2009,-424.7,41.283863368669,1698,1698,41.5194346289753,41.1660777385159
EPI_ISL_99219|Human|H1N1|2009.233|SouthAmerica|,2009.233,-427.8,41.3427561837456,1698,1698,41.3427561837456,41.3427561837456
EPI_ISL_78565|Human|H1N1|2007|SouthAmerica|seasonal,2007,-421.1,41.1799410029499,1695,1695,41.0619469026549,41.2389380530973
EPI_ISL_87217|Human|H1N1|2009.118|NorthAmerica|,2009.118,-424.2,40.9439528023599,1695,1695,40.353982300885,41.2389380530973
EPI_ISL_87237|Human|H1N1|2009.134|NorthAmerica|,2009.134,-429,41.1209439528024,1695,1695,40.7079646017699,41.3274336283186
EPI_ISL_80803|Human|H1N1|2009.323|NorthAmerica|,2009.323,-427.9,41.2389380530973,1695,1695,41.2389380530973,41.2389380530973
EPI_ISL_89594|Human|H1N1|2009.162|NorthAmerica|,2009.162,-428.7,41.1209439528024,1695,1695,40.7079646017699,41.3274336283186
EPI_ISL_89939|Human|H1N1|2009.121|NorthAmerica|,2009.121,-428.7,41.1209439528024,1695,1695,40.7079646017699,41.3274336283186
EPI_ISL_80783|Human|H1N1|2009.323|NorthAmerica|,2009.323,-430.8,41.1799410029499,1695,1695,40.8849557522124,41.3274336283186
EPI_ISL_80798|Human|H1N1|2009.323|NorthAmerica|,2009.323,-430.8,41.0619469026549,1695,1695,40.5309734513274,41.3274336283186
EPI_ISL_77962|Human|H1N1|2009.023|NorthAmerica|seasonal,2009.023,-429.7,41.1209439528024,1695,1695,40.8849557522124,41.2389380530973
EPI_ISL_78562|Human|H1N1|2007|SouthAmerica|seasonal,2007,-422.9,41.1799410029499,1695,1695,41.0619469026549,41.2389380530973
EPI_ISL_78572|Human|H1N1|2007|SouthAmerica|seasonal,2007,-430.3,41.5339233038348,1695,1695,41.9469026548673,41.3274336283186
EPI_ISL_78564|Human|H1N1|2007|SouthAmerica|seasonal,2007,-429.2,41.3569321533923,1695,1695,41.5929203539823,41.2389380530973
EPI_ISL_99218|Human|H1N1|2009.052|SouthAmerica|,2009.052,-422.4,41.4605418138987,1698,1698,41.5194346289753,41.4310954063604
EPI_ISL_99223|Human|H1N1|2009.036|SouthAmerica|,2009.036,-426.5,41.283863368669,1698,1698,41.3427561837456,41.2544169611307
EPI_ISL_99229|Human|H1N1|2008.489|SouthAmerica|,2008.489,-420.8,41.0482921083628,1698,1698,40.8127208480565,41.1660777385159
EPI_ISL_99230|Human|H1N1|2009.085|NorthAmerica|,2009.085,-422.3,41.1071849234393,1698,1698,40.9893992932862,41.1660777385159
EPI_ISL_99210|Human|H1N1|2008.634|SouthAmerica|,2008.634,-421,41.1660777385159,1698,1698,41.1660777385159,41.1660777385159
EPI_ISL_99237|Human|H1N1|2009.414|NorthAmerica|,2009.414,-425,41.1071849234393,1698,1698,40.9893992932862,41.1660777385159
EPI_ISL_120443|Human|H1N1|2008.959|Asia|,2008.959,-421.4,41.2979351032448,1695,1695,41.5929203539823,41.1504424778761
EPI_ISL_120446|Human|H1N1|2008.191|Asia|,2008.191,-421.1,41.2389380530973,1695,1695,41.4159292035398,41.1504424778761
EPI_ISL_120447|Human|H1N1|2009.129|Asia|,2009.129,-422.5,41.1799410029499,1695,1695,41.2389380530973,41.1504424778761
EPI_ISL_120444|Human|H1N1|2009.014|Asia|,2009.014,-424.9,41.2389380530973,1695,1695,41.0619469026549,41.3274336283186
EPI_ISL_80389|Human|H1N1|2009.321|NorthAmerica|,2009.321,-419.1,41.2389380530973,1695,1695,41.2389380530973,41.2389380530973
EPI_ISL_80810|Human|H1N1|2009.326|NorthAmerica|,2009.326,-419.1,41.2389380530973,1695,1695,41.2389380530973,41.2389380530973
EPI_ISL_100194|Human|H1N1|2009|Asia|,2009,-420.2,41.2389380530973,1695,1695,41.4159292035398,41.1504424778761
EPI_ISL_62516|Human|H1N1|2009.325|NorthAmerica|seasonal,2009.325,-421.8,41.2389380530973,1695,1695,40.8849557522124,41.4159292035398
EPI_ISL_162004|Human|H1N1|2009.707|Africa|,2009.707,-418.3,41.0029498525074,1695,1695,40.5309734513274,41.2389380530973
EPI_ISL_80388|Human|H1N1|2009.321|NorthAmerica|,2009.321,-415.5,41.2389380530973,1695,1695,41.5929203539823,41.0619469026549
EPI_ISL_80799|Human|H1N1|2009.323|NorthAmerica|,2009.323,-415.5,41.2389380530973,1695,1695,41.5929203539823,41.0619469026549
EPI_ISL_80789|Human|H1N1|2009.323|NorthAmerica|,2009.323,-415.5,41.2389380530973,1695,1695,41.5929203539823,41.0619469026549
EPI_ISL_76117|Human|H1N1|2009.319|NorthAmerica|seasonal,2009.319,-413,41.0029498525074,1695,1695,41.4159292035398,40.7964601769912
EPI_ISL_78723|Human|H1N1|2009.319|NorthAmerica|seasonal,2009.319,-412.6,41.0619469026549,1695,1695,41.2389380530973,40.9734513274336
EPI_ISL_80765|Human|H1N1|2009.315|NorthAmerica|,2009.315,-412.6,41.0619469026549,1695,1695,41.2389380530973,40.9734513274336
EPI_ISL_80774|Human|H1N1|2009.318|NorthAmerica|,2009.318,-409.7,41.0271546635183,1694,1695,41.2389380530973,40.9211691762622
EPI_ISL_80813|Human|H1N1|2009.326|NorthAmerica|,2009.326,-413.3,41.0029498525074,1695,1695,41.0619469026549,40.9734513274336
EPI_ISL_80796|Human|H1N1|2009.323|NorthAmerica|,2009.323,-413.7,41.0619469026549,1695,1695,41.2389380530973,40.9734513274336
EPI_ISL_80795|Human|H1N1|2009.323|NorthAmerica|,2009.323,-413.7,41.0619469026549,1695,1695,41.2389380530973,40.9734513274336
EPI_ISL_80794|Human|H1N1|2009.323|NorthAmerica|,2009.323,-413.7,41.0619469026549,1695,1695,41.2389380530973,40.9734513274336
EPI_ISL_80769|Human|H1N1|2009.318|NorthAmerica|,2009.318,-413.7,41.0619469026549,1695,1695,41.2389380530973,40.9734513274336
EPI_ISL_80823|Human|H1N1|2009|NorthAmerica|,2009,-417.6,41.1799410029499,1695,1695,41.7699115044248,40.8849557522124
EPI_ISL_80776|Human|H1N1|2009.323|NorthAmerica|,2009.323,-410.2,41.0029498525074,1695,1695,41.2389380530973,40.8849557522124
EPI_ISL_93577|Human|H1N1|2008.934|Asia|,2008.934,-418.5,41.1799410029499,1695,1695,40.8849557522124,41.3274336283186
EPI_ISL_93596|Human|H1N1|2008.934|Asia|,2008.934,-416.5,41.0619469026549,1695,1695,40.7079646017699,41.2389380530973
EPI_ISL_62496|Human|H1N1|2009.325|NorthAmerica|seasonal,2009.325,-414.8,41.0029498525074,1695,1695,40.5309734513274,41.2389380530973
EPI_ISL_80835|Human|H1N1|2009.348|NorthAmerica|,2009.348,-417,41.0029498525074,1695,1695,40.5309734513274,41.2389380530973
EPI_ISL_80834|Human|H1N1|2009.348|NorthAmerica|,2009.348,-417,41.0029498525074,1695,1695,40.5309734513274,41.2389380530973
EPI_ISL_80832|Human|H1N1|2009.353|NorthAmerica|,2009.353,-417,41.0029498525074,1695,1695,40.5309734513274,41.2389380530973
EPI_ISL_80826|Human|H1N1|2009.332|NorthAmerica|,2009.332,-417,41.0029498525074,1695,1695,40.5309734513274,41.2389380530973
EPI_ISL_80777|Human|H1N1|2009.323|NorthAmerica|,2009.323,-417,41.0029498525074,1695,1695,40.5309734513274,41.2389380530973
EPI_ISL_80768|Human|H1N1|2009.318|NorthAmerica|,2009.318,-417,41.0029498525074,1695,1695,40.5309734513274,41.2389380530973
EPI_ISL_78724|Human|H1N1|2009.322|NorthAmerica|seasonal,2009.322,-417.7,41.0619469026549,1695,1695,40.8849557522124,41.1504424778761
EPI_ISL_80828|Human|H1N1|2009.329|NorthAmerica|,2009.329,-417.7,41.0619469026549,1695,1695,40.8849557522124,41.1504424778761
EPI_ISL_80811|Human|H1N1|2009.326|NorthAmerica|,2009.326,-417.7,41.0619469026549,1695,1695,40.8849557522124,41.1504424778761
EPI_ISL_80792|Human|H1N1|2009.323|NorthAmerica|,2009.323,-417.7,41.0619469026549,1695,1695,40.8849557522124,41.1504424778761
EPI_ISL_80833|Human|H1N1|2009.373|NorthAmerica|,2009.373,-418.1,41.1209439528024,1695,1695,41.0619469026549,41.1504424778761
EPI_ISL_87241|Human|H1N1|2009.205|NorthAmerica|,2009.205,-417.2,41.1209439528024,1695,1695,40.8849557522124,41.2389380530973
EPI_ISL_99238|Human|H1N1|2009|NorthAmerica|,2009,-423.2,41.1660777385159,1698,1698,41.1660777385159,41.1660777385159
EPI_ISL_99228|Human|H1N1|2009.162|Asia|,2009.162,-418.9,41.0482921083628,1698,1698,40.9893992932862,41.0777385159011
EPI_ISL_80763|Human|H1N1|2009.312|NorthAmerica|,2009.312,-419.1,41.0619469026549,1695,1695,41.0619469026549,41.0619469026549
EPI_ISL_99239|Human|H1N1|2009.162|NorthAmerica|,2009.162,-415.7,41.283863368669,1698,1698,41.3427561837456,41.2544169611307
EPI_ISL_263187|Human|H1N1|2009.625|SouthAmerica|,2009.625,-423.7,41.2389380530973,1695,1695,40.7079646017699,41.5044247787611
EPI_ISL_263217|Human|H1N1|2009.575|SouthAmerica|,2009.575,-420.2,41.1799410029499,1695,1695,40.8849557522124,41.3274336283186
EPI_ISL_33555|Human|H1N1|2008|Asia|seasonal,2008,-417.8,41.2953060011884,1683,1683,40.8199643493761,41.5329768270945
EPI_ISL_80764|Human|H1N1|2009.315|NorthAmerica|,2009.315,-415.3,41.1799410029499,1695,1695,40.8849557522124,41.3274336283186
EPI_ISL_76121|Human|H1N1|2009.322|NorthAmerica|seasonal,2009.322,-420.1,41.1799410029499,1695,1695,41.2389380530973,41.1504424778761
EPI_ISL_80782|Human|H1N1|2009.323|NorthAmerica|,2009.323,-420.1,41.1799410029499,1695,1695,41.2389380530973,41.1504424778761
EPI_ISL_91037|Human|H1N1|2009.323|NorthAmerica|,2009.323,-420.1,41.1799410029499,1695,1695,41.2389380530973,41.1504424778761
EPI_ISL_99240|Human|H1N1|2009.162|NorthAmerica|,2009.162,-414.5,41.1660777385159,1698,1698,40.9893992932862,41.2544169611307
EPI_ISL_99242|Human|H1N1|2009|NorthAmerica|,2009,-417.4,41.0619469026549,1695,1695,40.5309734513274,41.3274336283186
EPI_ISL_78566|Human|H1N1|2007|SouthAmerica|seasonal,2007,-417.3,41.2389380530973,1695,1695,41.2389380530973,41.2389380530973
EPI_ISL_99222|Human|H1N1|2008.937|SouthAmerica|,2008.937,-424.4,41.0482921083628,1698,1698,40.6360424028269,41.2544169611307
EPI_ISL_78567|Human|H1N1|2007|SouthAmerica|seasonal,2007,-430.9,41.4749262536873,1695,1695,41.9469026548673,41.2389380530973
EPI_ISL_99217|Human|H1N1|2008.672|SouthAmerica|,2008.672,-425.8,41.5194346289753,1698,1698,42.226148409894,41.1660777385159
EPI_ISL_208717|Human|H1N1|2009.112|Asia|,2009.112,-414.37,40.9439528023599,1695,1695,40.353982300885,41.2389380530973
EPI_ISL_77960|Human|H1N1|2009.086|NorthAmerica|seasonal,2009.086,-417.7,41.0619469026549,1695,1695,40.5309734513274,41.3274336283186
EPI_ISL_66172|Human|H1N1|2009.462|Asia|seasonal,2009.462,-413.8,40.8849557522124,1695,1695,40.5309734513274,41.0619469026549
EPI_ISL_70618|Human|H1N1|2009.473|Asia|seasonal,2009.473,-413.9,40.8259587020649,1695,1695,40.353982300885,41.0619469026549
EPI_ISL_80779|Human|H1N1|2009.323|NorthAmerica|,2009.323,-417.9,41.1209439528024,1695,1695,40.7079646017699,41.3274336283186
EPI_ISL_87227|Human|H1N1|2009.186|NorthAmerica|,2009.186,-414,41.0029498525074,1695,1695,40.5309734513274,41.2389380530973
EPI_ISL_208749|Human|H1N1|2008.842|Asia|,2008.842,-413.1,41.0029498525074,1695,1695,40.5309734513274,41.2389380530973
EPI_ISL_61867|Human|H1N1|2009.537|Asia|seasonal,2009.537,-419.5,41.1209439528024,1695,1695,40.8849557522124,41.2389380530973
EPI_ISL_80836|Human|H1N1|2009.43|NorthAmerica|,2009.43,-415.2,41.0619469026549,1695,1695,40.7079646017699,41.2389380530973
EPI_ISL_77965|Human|H1N1|2009.163|NorthAmerica|seasonal,2009.163,-414.7,41.1209439528024,1695,1695,41.0619469026549,41.1504424778761
EPI_ISL_164033|Human|H1N1|2009.041|Europe|seasonal,2009.041,-414,41.1209439528024,1695,1695,40.8849557522124,41.2389380530973
EPI_ISL_69710|Human|H1N1|2009.808|Asia|seasonal,2009.808,-410.6,40.9439528023599,1695,1695,40.5309734513274,41.1504424778761
EPI_ISL_70620|Human|H1N1|2009.67|Asia|seasonal,2009.67,-411.4,40.8849557522124,1695,1695,40.353982300885,41.1504424778761
EPI_ISL_66173|Human|H1N1|2009.538|Asia|seasonal,2009.538,-412.1,40.9439528023599,1695,1695,40.7079646017699,41.0619469026549
EPI_ISL_164032|Human|H1N1|2008.975|Europe|seasonal,2008.975,-417.8,40.8849557522124,1695,1695,40.353982300885,41.1504424778761
EPI_ISL_164034|Human|H1N1|2009.153|Europe|seasonal,2009.153,-414.6,40.8259587020649,1695,1695,40.1769911504425,41.1504424778761
EPI_ISL_80808|Human|H1N1|2009.323|NorthAmerica|,2009.323,-416.2,41.1799410029499,1695,1695,41.0619469026549,41.2389380530973
EPI_ISL_61399|Human|H1N1|2009.007|Asia|seasonal,2009.007,-415.9,40.9439528023599,1695,1695,40.5309734513274,41.1504424778761
EPI_ISL_66171|Human|H1N1|2009.527|Asia|seasonal,2009.527,-419.1,41.0029498525074,1695,1695,40.5309734513274,41.2389380530973
EPI_ISL_208750|Human|H1N1|2009.077|Asia|,2009.077,-413.9,40.9439528023599,1695,1695,40.5309734513274,41.1504424778761
EPI_ISL_164031|Human|H1N1|2008.844|Europe|seasonal,2008.844,-413.2,40.8259587020649,1695,1695,40.1769911504425,41.1504424778761
EPI_ISL_70619|Human|H1N1|2009.5|Asia|seasonal,2009.5,-418.3,41.2389380530973,1695,1695,41.0619469026549,41.3274336283186
EPI_ISL_208751|Human|H1N1|2009.499|Asia|,2009.499,-415.37,40.9439528023599,1695,1695,40.5309734513274,41.1504424778761
EPI_ISL_66168|Human|H1N1|2009.522|Asia|seasonal,2009.522,-413.5,41.0029498525074,1695,1695,40.8849557522124,41.0619469026549
EPI_ISL_66167|Human|H1N1|2009.456|Asia|seasonal,2009.456,-416.8,40.8849557522124,1695,1695,40.5309734513274,41.0619469026549
EPI_ISL_208719|Human|H1N1|2009.573|Asia|,2009.573,-418.4,41.0029498525074,1695,1695,40.7079646017699,41.1504424778761
EPI_ISL_208690|Human|H1N1|2008.877|Asia|,2008.877,-412.2,40.9439528023599,1695,1695,40.7079646017699,41.0619469026549
EPI_ISL_83678|Human|H1N1|2010.627|Asia|seasonal,2010.627,-412.5,40.8500590318772,1694,1695,40.5309734513274,41.0097431355182
EPI_ISL_83677|Human|H1N1|2010.104|Asia|seasonal,2010.104,-412.5,40.8500590318772,1694,1695,40.5309734513274,41.0097431355182
EPI_ISL_83674|Human|H1N1|2010.016|Asia|seasonal,2010.016,-412.5,40.8500590318772,1694,1695,40.5309734513274,41.0097431355182
EPI_ISL_93598|Human|H1N1|2008.861|Asia|,2008.861,-415.4,40.8849557522124,1695,1695,40.7079646017699,40.9734513274336
EPI_ISL_208731|Human|H1N1|2008.992|Asia|,2008.992,-415,41.0029498525074,1695,1695,40.7079646017699,41.1504424778761
EPI_ISL_208732|Human|H1N1|2009.041|Asia|,2009.041,-416.5,41.0029498525074,1695,1695,40.7079646017699,41.1504424778761
EPI_ISL_80827|Human|H1N1|2009.329|NorthAmerica|,2009.329,-418.5,41.0619469026549,1695,1695,40.8849557522124,41.1504424778761
EPI_ISL_80790|Human|H1N1|2009.323|NorthAmerica|,2009.323,-418.1,41.1209439528024,1695,1695,40.8849557522124,41.2389380530973
EPI_ISL_80788|Human|H1N1|2009.323|NorthAmerica|,2009.323,-418.1,41.1209439528024,1695,1695,40.8849557522124,41.2389380530973
EPI_ISL_80386|Human|H1N1|2009.318|NorthAmerica|,2009.318,-418.1,41.0619469026549,1695,1695,40.7079646017699,41.2389380530973
EPI_ISL_80383|Human|H1N1|2009.318|NorthAmerica|,2009.318,-418.1,41.0619469026549,1695,1695,40.7079646017699,41.2389380530973
EPI_ISL_80831|Human|H1N1|2009.337|NorthAmerica|,2009.337,-418.1,41.0619469026549,1695,1695,40.7079646017699,41.2389380530973
EPI_ISL_80819|Human|H1N1|2009.326|NorthAmerica|,2009.326,-418.1,41.0619469026549,1695,1695,40.7079646017699,41.2389380530973
EPI_ISL_80805|Human|H1N1|2009.323|NorthAmerica|,2009.323,-418.1,41.0619469026549,1695,1695,40.7079646017699,41.2389380530973
EPI_ISL_80775|Human|H1N1|2009.321|NorthAmerica|,2009.321,-418.1,41.0619469026549,1695,1695,40.7079646017699,41.2389380530973
EPI_ISL_80780|Human|H1N1|2009.323|NorthAmerica|,2009.323,-422.6,41.2389380530973,1695,1695,41.0619469026549,41.3274336283186
EPI_ISL_80824|Human|H1N1|2009|NorthAmerica|,2009,-414.3,41.0029498525074,1695,1695,40.8849557522124,41.0619469026549
EPI_ISL_93578|Human|H1N1|2008.943|Asia|,2008.943,-418.9,40.9439528023599,1695,1695,40.7079646017699,41.0619469026549
EPI_ISL_80384|Human|H1N1|2009.318|NorthAmerica|,2009.318,-416.1,41.0029498525074,1695,1695,40.5309734513274,41.2389380530973
EPI_ISL_80825|Human|H1N1|2009.34|NorthAmerica|,2009.34,-413.9,40.9439528023599,1695,1695,40.353982300885,41.2389380530973
EPI_ISL_80820|Human|H1N1|2009.326|NorthAmerica|,2009.326,-413.9,40.9439528023599,1695,1695,40.353982300885,41.2389380530973
EPI_ISL_80807|Human|H1N1|2009.323|NorthAmerica|,2009.323,-413.9,40.9439528023599,1695,1695,40.353982300885,41.2389380530973
EPI_ISL_80821|Human|H1N1|2009.326|NorthAmerica|,2009.326,-415.6,40.8849557522124,1695,1695,40.1769911504425,41.2389380530973
EPI_ISL_70176|Human|H1N1|2009.049|Asia|seasonal,2009.049,-418.2,40.9439528023599,1695,1695,40.5309734513274,41.1504424778761
EPI_ISL_70178|Human|H1N1|2008.997|Asia|seasonal,2008.997,-419.2,41.0029498525074,1695,1695,40.7079646017699,41.1504424778761
EPI_ISL_70161|Human|H1N1|2009.033|Asia|seasonal,2009.033,-420,41.2641621943948,1677,1677,41.1449016100179,41.3237924865832
EPI_ISL_99232|Human|H1N1|2009.085|NorthAmerica|,2009.085,-420,41.0482921083628,1698,1698,40.8127208480565,41.1660777385159
EPI_ISL_208730|Human|H1N1|2008.713|Asia|,2008.713,-416.6,40.9439528023599,1695,1695,40.5309734513274,41.1504424778761
EPI_ISL_77954|Human|H1N1|2009.162|Asia|seasonal,2009.162,-416.1,41.0619469026549,1695,1695,40.8849557522124,41.1504424778761
EPI_ISL_208733|Human|H1N1|2009.126|Asia|,2009.126,-414.2,40.8849557522124,1695,1695,40.5309734513274,41.0619469026549
EPI_ISL_208759|Human|H1N1|2008.79|Asia|,2008.79,-411.3,41.0029498525074,1695,1695,40.5309734513274,41.2389380530973
EPI_ISL_70177|Human|H1N1|2009.068|Asia|seasonal,2009.068,-413.2,41.0029498525074,1695,1695,40.7079646017699,41.1504424778761
EPI_ISL_80815|Human|H1N1|2009.326|NorthAmerica|,2009.326,-411.2,40.8849557522124,1695,1695,40.353982300885,41.1504424778761
EPI_ISL_70175|Human|H1N1|2009.036|Asia|seasonal,2009.036,-412.4,40.7669616519174,1695,1695,40.1769911504425,41.0619469026549
EPI_ISL_87218|Human|H1N1|2009.118|NorthAmerica|,2009.118,-416.1,41.0029498525074,1695,1695,40.7079646017699,41.1504424778761
EPI_ISL_80812|Human|H1N1|2009.326|NorthAmerica|,2009.326,-415.2,41.0029498525074,1695,1695,40.7079646017699,41.1504424778761
EPI_ISL_89591|Human|H1N1|2009.132|NorthAmerica|,2009.132,-415.2,41.0029498525074,1695,1695,40.7079646017699,41.1504424778761
EPI_ISL_62518|Human|H1N1|2009.352|NorthAmerica|seasonal,2009.352,-415.9,41.0619469026549,1695,1695,40.8849557522124,41.1504424778761
EPI_ISL_76128|Human|H1N1|2009.319|NorthAmerica|seasonal,2009.319,-412.2,40.8849557522124,1695,1695,40.7079646017699,40.9734513274336
EPI_ISL_80830|Human|H1N1|2009.345|NorthAmerica|,2009.345,-417.5,41.0619469026549,1695,1695,40.8849557522124,41.1504424778761
EPI_ISL_80829|Human|H1N1|2009.332|NorthAmerica|,2009.332,-415.3,41.0029498525074,1695,1695,40.7079646017699,41.1504424778761
EPI_ISL_80793|Human|H1N1|2009.323|NorthAmerica|,2009.323,-415.3,41.0029498525074,1695,1695,40.7079646017699,41.1504424778761
EPI_ISL_80778|Human|H1N1|2009.321|NorthAmerica|,2009.321,-415.3,41.0029498525074,1695,1695,40.7079646017699,41.1504424778761
EPI_ISL_80770|Human|H1N1|2009.318|NorthAmerica|,2009.318,-415.3,41.0029498525074,1695,1695,40.7079646017699,41.1504424778761
EPI_ISL_76125|Human|H1N1|2009.314|NorthAmerica|seasonal,2009.314,-415.2,41.0619469026549,1695,1695,40.7079646017699,41.2389380530973
EPI_ISL_99231|Human|H1N1|2009|Asia|,2009,-411.7,40.9893992932862,1698,1698,40.8127208480565,41.0777385159011
EPI_ISL_95932|Human|H1N1|2008.117|NorthAmerica|,2008.117,-415.7,41.0029498525074,1695,1695,40.8849557522124,41.0619469026549
EPI_ISL_77943|Human|H1N1|2009.086|NorthAmerica|seasonal,2009.086,-413.5,40.9439528023599,1695,1695,40.1769911504425,41.3274336283186
EPI_ISL_70171|Human|H1N1|2009.025|Asia|seasonal,2009.025,-414.2,40.9439528023599,1695,1695,40.5309734513274,41.1504424778761
EPI_ISL_70159|Human|H1N1|2009.011|Asia|seasonal,2009.011,-414.5,41.0029498525074,1695,1695,40.5309734513274,41.2389380530973
EPI_ISL_80800|Human|H1N1|2009.323|NorthAmerica|,2009.323,-414.5,41.0029498525074,1695,1695,40.5309734513274,41.2389380530973
EPI_ISL_80797|Human|H1N1|2009.323|NorthAmerica|,2009.323,-414.5,41.0029498525074,1695,1695,40.5309734513274,41.2389380530973
EPI_ISL_87219|Human|H1N1|2009.121|NorthAmerica|,2009.121,-416.4,41.0619469026549,1695,1695,40.7079646017699,41.2389380530973
EPI_ISL_80771|Human|H1N1|2009.318|NorthAmerica|,2009.318,-419.2,41.2389380530973,1695,1695,41.0619469026549,41.3274336283186
EPI_ISL_80766|Human|H1N1|2009.315|NorthAmerica|,2009.315,-419.2,41.2389380530973,1695,1695,41.0619469026549,41.3274336283186
EPI_ISL_80385|Human|H1N1|2009.321|NorthAmerica|,2009.321,-414.5,40.9439528023599,1695,1695,40.1769911504425,41.3274336283186
EPI_ISL_80822|Human|H1N1|2009.326|NorthAmerica|,2009.326,-414.5,40.9439528023599,1695,1695,40.1769911504425,41.3274336283186
EPI_ISL_80816|Human|H1N1|2009.326|NorthAmerica|,2009.326,-413.2,40.8849557522124,1695,1695,40,41.3274336283186
EPI_ISL_76120|Human|H1N1|2009.319|NorthAmerica|seasonal,2009.319,-420.7,41.2979351032448,1695,1695,41.0619469026549,41.4159292035398
EPI_ISL_78722|Human|H1N1|2009.319|NorthAmerica|seasonal,2009.319,-418.9,41.1799410029499,1695,1695,40.8849557522124,41.3274336283186
EPI_ISL_80818|Human|H1N1|2009.326|NorthAmerica|,2009.326,-418.9,41.1799410029499,1695,1695,40.8849557522124,41.3274336283186
EPI_ISL_80809|Human|H1N1|2009.329|NorthAmerica|,2009.329,-418.9,41.1799410029499,1695,1695,40.8849557522124,41.3274336283186
EPI_ISL_80806|Human|H1N1|2009.323|NorthAmerica|,2009.323,-418.9,41.1799410029499,1695,1695,40.8849557522124,41.3274336283186
EPI_ISL_80787|Human|H1N1|2009.323|NorthAmerica|,2009.323,-418.9,41.1799410029499,1695,1695,40.8849557522124,41.3274336283186
EPI_ISL_80786|Human|H1N1|2009.323|NorthAmerica|,2009.323,-418.9,41.1799410029499,1695,1695,40.8849557522124,41.3274336283186
EPI_ISL_80784|Human|H1N1|2009.321|NorthAmerica|,2009.321,-418.9,41.1799410029499,1695,1695,40.8849557522124,41.3274336283186
EPI_ISL_80772|Human|H1N1|2009.318|NorthAmerica|,2009.318,-418.9,41.1799410029499,1695,1695,40.8849557522124,41.3274336283186
EPI_ISL_144595|Human|H1N1|2009.118|NorthAmerica|,2009.118,-418.9,41.1799410029499,1695,1695,40.8849557522124,41.3274336283186
EPI_ISL_144591|Human|H1N1|2009.167|NorthAmerica|,2009.167,-418.9,41.1799410029499,1695,1695,40.8849557522124,41.3274336283186
EPI_ISL_144594|Human|H1N1|2009.099|NorthAmerica|,2009.099,-419.7,41.1209439528024,1695,1695,40.8849557522124,41.2389380530973
EPI_ISL_87231|Human|H1N1|2009.052|NorthAmerica|,2009.052,-419.1,41.2979351032448,1695,1695,41.0619469026549,41.4159292035398
EPI_ISL_62507|Human|H1N1|2009.318|NorthAmerica|seasonal,2009.318,-418.5,41.1209439528024,1695,1695,40.7079646017699,41.3274336283186
EPI_ISL_80387|Human|H1N1|2009.323|NorthAmerica|,2009.323,-422.5,41.1799410029499,1695,1695,40.7079646017699,41.4159292035398
EPI_ISL_80817|Human|H1N1|2009.326|NorthAmerica|,2009.326,-416.5,41.1209439528024,1695,1695,40.8849557522124,41.2389380530973
EPI_ISL_80804|Human|H1N1|2009.323|NorthAmerica|,2009.323,-413.7,41.0619469026549,1695,1695,40.8849557522124,41.1504424778761
EPI_ISL_99241|Human|H1N1|2009|Asia|,2009,-423.6,41.2249705535925,1698,1698,41.1660777385159,41.2544169611307
EPI_ISL_99236|Human|H1N1|2009|Asia|,2009,-422.4,41.4016489988221,1698,1698,41.1660777385159,41.5194346289753
EPI_ISL_99234|Human|H1N1|2009.162|NorthAmerica|,2009.162,-420.3,41.1071849234393,1698,1698,41.1660777385159,41.0777385159011
EPI_ISL_99233|Human|H1N1|2009.247|NorthAmerica|,2009.247,-420.3,41.1071849234393,1698,1698,40.8127208480565,41.2544169611307
EPI_ISL_77967|Human|H1N1|2009.163|NorthAmerica|seasonal,2009.163,-417.7,41.2389380530973,1695,1695,41.4159292035398,41.1504424778761
EPI_ISL_77937|Human|H1N1|2009.163|NorthAmerica|seasonal,2009.163,-419,41.1209439528024,1695,1695,40.8849557522124,41.2389380530973
EPI_ISL_77959|Human|H1N1|2009.086|NorthAmerica|seasonal,2009.086,-421.9,41.1209439528024,1695,1695,40.5309734513274,41.4159292035398
EPI_ISL_77941|Human|H1N1|2009.163|NorthAmerica|seasonal,2009.163,-421.9,41.1799410029499,1695,1695,40.8849557522124,41.3274336283186
EPI_ISL_144607|Human|H1N1|2009.137|NorthAmerica|,2009.137,-418.9,41.1209439528024,1695,1695,40.8849557522124,41.2389380530973
EPI_ISL_144606|Human|H1N1|2009.137|NorthAmerica|,2009.137,-418.9,41.1209439528024,1695,1695,40.8849557522124,41.2389380530973
EPI_ISL_77970|Human|H1N1|2009.163|NorthAmerica|seasonal,2009.163,-421.9,41.0029498525074,1695,1695,40.7079646017699,41.1504424778761
EPI_ISL_144622|Human|H1N1|2009.137|NorthAmerica|,2009.137,-421.9,41.0619469026549,1695,1695,40.7079646017699,41.2389380530973
EPI_ISL_77942|Human|H1N1|2009.438|SouthAmerica|,2009.438,-419.4,40.8849557522124,1695,1695,40.353982300885,41.1504424778761
EPI_ISL_99235|Human|H1N1|2009.085|Asia|,2009.085,-419.6,41.1660777385159,1698,1698,41.1660777385159,41.1660777385159
EPI_ISL_87207|Human|H1N1|2009.148|NorthAmerica|,2009.148,-418.4,41.0029498525074,1695,1695,40.7079646017699,41.1504424778761
EPI_ISL_62483|Human|H1N1|2009.319|NorthAmerica|seasonal,2009.319,-416.6,41.1209439528024,1695,1695,40.8849557522124,41.2389380530973
EPI_ISL_156324|Human|H1N1|2009.548|Oceania|,2009.548,-416.5,41.0619469026549,1695,1695,41.0619469026549,41.0619469026549
EPI_ISL_80814|Human|H1N1|2009.326|NorthAmerica|,2009.326,-421.8,41.1209439528024,1695,1695,40.8849557522124,41.2389380530973
EPI_ISL_80802|Human|H1N1|2009.326|NorthAmerica|,2009.326,-421.8,41.1209439528024,1695,1695,40.8849557522124,41.2389380530973
EPI_ISL_80781|Human|H1N1|2009.321|NorthAmerica|,2009.321,-421.8,41.1209439528024,1695,1695,40.8849557522124,41.2389380530973
EPI_ISL_80785|Human|H1N1|2009.323|NorthAmerica|,2009.323,-421.2,41.1799410029499,1695,1695,40.8849557522124,41.3274336283186
EPI_ISL_80767|Human|H1N1|2009.318|NorthAmerica|,2009.318,-421.2,41.1799410029499,1695,1695,40.8849557522124,41.3274336283186
EPI_ISL_91038|Human|H1N1|2009.321|NorthAmerica|,2009.321,-421.2,41.1799410029499,1695,1695,40.8849557522124,41.3274336283186
EPI_ISL_80773|Human|H1N1|2009.318|NorthAmerica|,2009.318,-420.6,41.1209439528024,1695,1695,40.8849557522124,41.2389380530973
EPI_ISL_29674|Human|H1N1|2008.653|NorthAmerica|seasonal,2008.653,-414.7,41.0029498525074,1695,1695,40.7079646017699,41.1504424778761
EPI_ISL_62911|Human|H1N1|2008.657|NorthAmerica|seasonal,2008.657,-414.7,41.0029498525074,1695,1695,40.7079646017699,41.1504424778761
EPI_ISL_62906|Human|H1N1|2008.802|NorthAmerica|seasonal,2008.802,-414.7,41.0029498525074,1695,1695,40.7079646017699,41.1504424778761
EPI_ISL_30232|Human|H1N1|2008.762|NorthAmerica|seasonal,2008.762,-416.1,41.0619469026549,1695,1695,40.7079646017699,41.2389380530973
EPI_ISL_62912|Human|H1N1|2008.6|NorthAmerica|seasonal,2008.6,-417.5,41.1209439528024,1695,1695,40.8849557522124,41.2389380530973
EPI_ISL_87210|Human|H1N1|2009.153|NorthAmerica|,2009.153,-414.7,40.9439528023599,1695,1695,40.7079646017699,41.0619469026549
EPI_ISL_87186|Human|H1N1|2009.11|NorthAmerica|,2009.11,-414.7,40.9439528023599,1695,1695,40.7079646017699,41.0619469026549
EPI_ISL_87215|Human|H1N1|2009.167|NorthAmerica|,2009.167,-414.8,41.0029498525074,1695,1695,40.8849557522124,41.0619469026549
EPI_ISL_87205|Human|H1N1|2009.145|NorthAmerica|,2009.145,-417.1,41.0619469026549,1695,1695,41.0619469026549,41.0619469026549
EPI_ISL_62528|Human|H1N1|2009.399|NorthAmerica|seasonal,2009.399,-418.1,41.1209439528024,1695,1695,41.2389380530973,41.0619469026549
EPI_ISL_87240|Human|H1N1|2009.137|NorthAmerica|,2009.137,-418.1,41.1209439528024,1695,1695,41.2389380530973,41.0619469026549
EPI_ISL_87234|Human|H1N1|2009.112|NorthAmerica|,2009.112,-418.1,41.1209439528024,1695,1695,41.2389380530973,41.0619469026549
EPI_ISL_87220|Human|H1N1|2009.156|NorthAmerica|,2009.156,-418.1,41.1209439528024,1695,1695,41.2389380530973,41.0619469026549
EPI_ISL_87212|Human|H1N1|2009.156|NorthAmerica|,2009.156,-418.1,41.1209439528024,1695,1695,41.2389380530973,41.0619469026549
EPI_ISL_87209|Human|H1N1|2009.151|NorthAmerica|,2009.151,-418.1,41.1209439528024,1695,1695,41.2389380530973,41.0619469026549
EPI_ISL_87195|Human|H1N1|2009.137|NorthAmerica|,2009.137,-418.1,41.1209439528024,1695,1695,41.2389380530973,41.0619469026549
EPI_ISL_87192|Human|H1N1|2009.112|NorthAmerica|,2009.112,-418.1,41.1209439528024,1695,1695,41.2389380530973,41.0619469026549
EPI_ISL_87190|Human|H1N1|2009.107|NorthAmerica|,2009.107,-418.1,41.1209439528024,1695,1695,41.2389380530973,41.0619469026549
EPI_ISL_87185|Human|H1N1|2009.104|NorthAmerica|,2009.104,-418.1,41.1209439528024,1695,1695,41.2389380530973,41.0619469026549
EPI_ISL_89600|Human|H1N1|2009.036|NorthAmerica|,2009.036,-418.1,41.1209439528024,1695,1695,41.2389380530973,41.0619469026549
EPI_ISL_89596|Human|H1N1|2009.142|NorthAmerica|,2009.142,-418.1,41.1209439528024,1695,1695,41.2389380530973,41.0619469026549
EPI_ISL_89947|Human|H1N1|2009.137|NorthAmerica|,2009.137,-418.1,41.1209439528024,1695,1695,41.2389380530973,41.0619469026549
EPI_ISL_89940|Human|H1N1|2009.074|NorthAmerica|,2009.074,-418.1,41.1209439528024,1695,1695,41.2389380530973,41.0619469026549
EPI_ISL_93685|Human|H1N1|2009.115|NorthAmerica|,2009.115,-418.1,41.1209439528024,1695,1695,41.2389380530973,41.0619469026549
EPI_ISL_62519|Human|H1N1|2009.363|NorthAmerica|seasonal,2009.363,-416.9,41.1799410029499,1695,1695,41.4159292035398,41.0619469026549
EPI_ISL_87216|Human|H1N1|2009.118|NorthAmerica|,2009.118,-418.1,41.0619469026549,1695,1695,41.0619469026549,41.0619469026549
EPI_ISL_89599|Human|H1N1|2009.216|NorthAmerica|,2009.216,-415.6,41.1799410029499,1695,1695,41.2389380530973,41.1504424778761
EPI_ISL_89605|Human|H1N1|2009.195|NorthAmerica|,2009.195,-416.7,41.0619469026549,1695,1695,41.2389380530973,40.9734513274336
EPI_ISL_87226|Human|H1N1|2009.186|NorthAmerica|,2009.186,-418.5,40.9439528023599,1695,1695,41.2389380530973,40.7964601769912
EPI_ISL_87225|Human|H1N1|2009.184|NorthAmerica|,2009.184,-418.5,40.9439528023599,1695,1695,41.2389380530973,40.7964601769912
EPI_ISL_87222|Human|H1N1|2009.162|NorthAmerica|,2009.162,-417.7,41.2389380530973,1695,1695,41.4159292035398,41.1504424778761
EPI_ISL_89597|Human|H1N1|2009.159|NorthAmerica|,2009.159,-416.4,41.1209439528024,1695,1695,41.2389380530973,41.0619469026549
EPI_ISL_80390|Human|H1N1|2009.323|NorthAmerica|,2009.323,-415.7,41.0619469026549,1695,1695,41.2389380530973,40.9734513274336
EPI_ISL_80801|Human|H1N1|2009.323|NorthAmerica|,2009.323,-415.7,41.0619469026549,1695,1695,41.2389380530973,40.9734513274336
EPI_ISL_87211|Human|H1N1|2009.082|NorthAmerica|,2009.082,-417.8,41.2389380530973,1695,1695,41.4159292035398,41.1504424778761
EPI_ISL_88954|Human|H1N1|2009.077|NorthAmerica|,2009.077,-418,41.1799410029499,1695,1695,41.2389380530973,41.1504424778761
EPI_ISL_87183|Human|H1N1|2009.077|NorthAmerica|,2009.077,-418.3,41.1209439528024,1695,1695,41.0619469026549,41.1504424778761
EPI_ISL_80791|Human|H1N1|2009.326|NorthAmerica|,2009.326,-417.7,41.0619469026549,1695,1695,41.2389380530973,40.9734513274336
EPI_ISL_87223|Human|H1N1|2009.167|NorthAmerica|,2009.167,-418.1,41.1799410029499,1695,1695,41.2389380530973,41.1504424778761
EPI_ISL_87194|Human|H1N1|2009.132|NorthAmerica|,2009.132,-417.4,41.0619469026549,1695,1695,41.2389380530973,40.9734513274336
EPI_ISL_87202|Human|H1N1|2009.14|NorthAmerica|,2009.14,-420.8,41.1799410029499,1695,1695,41.2389380530973,41.1504424778761
EPI_ISL_87236|Human|H1N1|2009.118|NorthAmerica|,2009.118,-419,41.1209439528024,1695,1695,41.0619469026549,41.1504424778761
EPI_ISL_87221|Human|H1N1|2009.159|NorthAmerica|,2009.159,-416.4,41.0619469026549,1695,1695,41.0619469026549,41.0619469026549
EPI_ISL_89598|Human|H1N1|2009.159|NorthAmerica|,2009.159,-416.4,41.0619469026549,1695,1695,41.0619469026549,41.0619469026549
EPI_ISL_89593|Human|H1N1|2009.167|NorthAmerica|,2009.167,-417.7,41.0619469026549,1695,1695,41.0619469026549,41.0619469026549
EPI_ISL_87230|Human|H1N1|2009.225|NorthAmerica|,2009.225,-416.8,41.1209439528024,1695,1695,41.4159292035398,40.9734513274336
EPI_ISL_87213|Human|H1N1|2009.162|NorthAmerica|,2009.162,-416.6,41.1209439528024,1695,1695,41.2389380530973,41.0619469026549
EPI_ISL_89590|Human|H1N1|2009.134|NorthAmerica|,2009.134,-416.3,41.0619469026549,1695,1695,41.2389380530973,40.9734513274336
EPI_ISL_87224|Human|H1N1|2009.184|NorthAmerica|,2009.184,-415.4,40.9439528023599,1695,1695,41.0619469026549,40.8849557522124
EPI_ISL_87196|Human|H1N1|2009.137|NorthAmerica|,2009.137,-416.1,40.8849557522124,1695,1695,40.8849557522124,40.8849557522124
EPI_ISL_87238|Human|H1N1|2009.145|NorthAmerica|,2009.145,-413.5,40.9439528023599,1695,1695,41.0619469026549,40.8849557522124
EPI_ISL_87233|Human|H1N1|2009.107|NorthAmerica|,2009.107,-413.5,40.9439528023599,1695,1695,41.0619469026549,40.8849557522124
EPI_ISL_87228|Human|H1N1|2009.195|NorthAmerica|,2009.195,-413.5,40.9439528023599,1695,1695,41.0619469026549,40.8849557522124
EPI_ISL_87208|Human|H1N1|2009.148|NorthAmerica|,2009.148,-413.5,40.9439528023599,1695,1695,41.0619469026549,40.8849557522124
EPI_ISL_87239|Human|H1N1|2009.142|NorthAmerica|,2009.142,-411.2,41.0029498525074,1695,1695,41.2389380530973,40.8849557522124
EPI_ISL_87189|Human|H1N1|2009.11|NorthAmerica|,2009.11,-414.5,41.1209439528024,1695,1695,41.0619469026549,41.1504424778761
EPI_ISL_87214|Human|H1N1|2009.162|NorthAmerica|,2009.162,-415.5,41.0029498525074,1695,1695,40.8849557522124,41.0619469026549
EPI_ISL_87187|Human|H1N1|2009.112|NorthAmerica|,2009.112,-415.4,41.1209439528024,1695,1695,40.8849557522124,41.2389380530973
EPI_ISL_87235|Human|H1N1|2009.115|NorthAmerica|,2009.115,-414.8,41.0619469026549,1695,1695,40.8849557522124,41.1504424778761
EPI_ISL_87206|Human|H1N1|2009.145|NorthAmerica|,2009.145,-414.8,41.0619469026549,1695,1695,40.8849557522124,41.1504424778761
EPI_ISL_87203|Human|H1N1|2009.134|NorthAmerica|,2009.134,-414.8,41.0619469026549,1695,1695,40.8849557522124,41.1504424778761
EPI_ISL_87193|Human|H1N1|2009.112|NorthAmerica|,2009.112,-414.8,41.0619469026549,1695,1695,40.8849557522124,41.1504424778761
EPI_ISL_89604|Human|H1N1|2009.093|NorthAmerica|,2009.093,-414.8,41.0619469026549,1695,1695,40.8849557522124,41.1504424778761
EPI_ISL_89603|Human|H1N1|2009.079|NorthAmerica|,2009.079,-414.8,41.0619469026549,1695,1695,40.8849557522124,41.1504424778761
EPI_ISL_89602|Human|H1N1|2009.077|NorthAmerica|,2009.077,-414.8,41.0619469026549,1695,1695,40.8849557522124,41.1504424778761
EPI_ISL_89601|Human|H1N1|2009.058|NorthAmerica|,2009.058,-414.8,41.0619469026549,1695,1695,40.8849557522124,41.1504424778761
EPI_ISL_89595|Human|H1N1|2009.118|NorthAmerica|,2009.118,-414.8,41.0619469026549,1695,1695,40.8849557522124,41.1504424778761
EPI_ISL_89592|Human|H1N1|2009.137|NorthAmerica|,2009.137,-414.8,41.0619469026549,1695,1695,40.8849557522124,41.1504424778761
EPI_ISL_87229|Human|H1N1|2009.222|NorthAmerica|,2009.222,-415,41.1209439528024,1695,1695,40.8849557522124,41.2389380530973
EPI_ISL_89589|Human|H1N1|2009.093|NorthAmerica|,2009.093,-412.4,40.9439528023599,1695,1695,40.7079646017699,41.0619469026549
EPI_ISL_87204|Human|H1N1|2009.137|NorthAmerica|,2009.137,-416.2,41.1209439528024,1695,1695,40.8849557522124,41.2389380530973
EPI_ISL_144596|Human|H1N1|2009.156|NorthAmerica|,2009.156,-413.3,41.0029498525074,1695,1695,41.0619469026549,40.9734513274336
EPI_ISL_62802|Human|H1N1|2008.146|NorthAmerica|seasonal,2008.146,-417.2,41.0619469026549,1695,1695,40.8849557522124,41.1504424778761
EPI_ISL_71839|Human|H1N1|2007|NorthAmerica|seasonal,2007,-419.8,40.9439528023599,1695,1695,40.7079646017699,41.0619469026549
EPI_ISL_116011|Human|H1N1|2008.486|Asia|,2008.486,-418.9,41.1209439528024,1695,1695,40.8849557522124,41.2389380530973
EPI_ISL_116010|Human|H1N1|2008.59|Asia|,2008.59,-418.9,41.1209439528024,1695,1695,40.8849557522124,41.2389380530973
EPI_ISL_106671|Human|H1N1|2008.574|Asia|,2008.574,-421.4,41.2389380530973,1695,1695,41.0619469026549,41.3274336283186
EPI_ISL_127615|Human|H1N1|2007|NorthAmerica|,2007,-418.2,41.2389380530973,1695,1695,40.8849557522124,41.4159292035398
EPI_ISL_15602|Human|H1N1|2006|Europe|seasonal,2006,-417.7,41.1799410029499,1695,1695,40.7079646017699,41.4159292035398
EPI_ISL_123192|Human|H1N1|2004|NorthAmerica|,2004,-422.5,41.0619469026549,1695,1695,40.353982300885,41.4159292035398
EPI_ISL_145700|Human|H1N1|2007.395|Asia|,2007.395,-411.5,40.8849557522124,1695,1695,41.0619469026549,40.7964601769912
EPI_ISL_145699|Human|H1N1|2007.364|Asia|,2007.364,-418.7,41.3569321533923,1695,1695,41.5929203539823,41.2389380530973
EPI_ISL_151781|Human|H1N1|2007.351|Asia|,2007.351,-419.7,41.2979351032448,1695,1695,41.4159292035398,41.2389380530973
EPI_ISL_151783|Human|H1N1|2007.351|Asia|,2007.351,-420.2,41.2979351032448,1695,1695,41.5929203539823,41.1504424778761
EPI_ISL_145698|Human|H1N1|2007.395|Asia|,2007.395,-420.1,41.3569321533923,1695,1695,41.5929203539823,41.2389380530973
EPI_ISL_181327|Human|H1N1|2007.375|Asia|,2007.375,-420.1,41.3569321533923,1695,1695,41.5929203539823,41.2389380530973
EPI_ISL_93587|Human|H1N1|2008.82|Asia|,2008.82,-420.2,41.2979351032448,1695,1695,41.4159292035398,41.2389380530973
EPI_ISL_93593|Human|H1N1|2008.762|Asia|,2008.762,-422.7,41.1799410029499,1695,1695,41.0619469026549,41.2389380530973
EPI_ISL_33558|Human|H1N1|2008|Asia|seasonal,2008,-426.9,41.4880952380952,1680,1680,41.4285714285714,41.5178571428571
EPI_ISL_33557|Human|H1N1|2008|Asia|seasonal,2008,-426.9,41.4880952380952,1680,1680,41.4285714285714,41.5178571428571
EPI_ISL_93599|Human|H1N1|2008.781|Asia|,2008.781,-426.8,41.4159292035398,1695,1695,41.9469026548673,41.1504424778761
EPI_ISL_63397|Human|H1N1|2007.971|Asia|seasonal,2007.971,-419.5,41.2389380530973,1695,1695,41.2389380530973,41.2389380530973
EPI_ISL_33559|Human|H1N1|2008|Asia|seasonal,2008,-420.6,41.6071428571429,1680,1680,41.9642857142857,41.4285714285714
EPI_ISL_33556|Human|H1N1|2008|Asia|seasonal,2008,-421.9,41.4880952380952,1680,1680,41.6071428571429,41.4285714285714
EPI_ISL_120440|Human|H1N1|2007.499|Asia|,2007.499,-420.3,41.2979351032448,1695,1695,41.5929203539823,41.1504424778761
EPI_ISL_181326|Human|H1N1|2007.364|Asia|,2007.364,-419.6,41.2389380530973,1695,1695,41.4159292035398,41.1504424778761
EPI_ISL_120445|Human|H1N1|2007.556|Asia|,2007.556,-418.9,41.1799410029499,1695,1695,41.4159292035398,41.0619469026549
EPI_ISL_151784|Human|H1N1|2007.354|Asia|,2007.354,-419.1,41.1799410029499,1695,1695,41.4159292035398,41.0619469026549
EPI_ISL_181325|Human|H1N1|2007.351|Asia|,2007.351,-420.9,41.2389380530973,1695,1695,41.4159292035398,41.1504424778761
EPI_ISL_120438|Human|H1N1|2007.107|Asia|,2007.107,-420.9,41.2979351032448,1695,1695,41.5929203539823,41.1504424778761
EPI_ISL_120437|Human|H1N1|2007.088|Asia|,2007.088,-420.9,41.2979351032448,1695,1695,41.5929203539823,41.1504424778761
EPI_ISL_120436|Human|H1N1|2007.088|Asia|,2007.088,-420.9,41.2979351032448,1695,1695,41.5929203539823,41.1504424778761
EPI_ISL_181328|Human|H1N1|2007.386|Asia|,2007.386,-420.9,41.2979351032448,1695,1695,41.5929203539823,41.1504424778761
EPI_ISL_120439|Human|H1N1|2007.444|Asia|,2007.444,-421.1,41.4159292035398,1695,1695,41.7699115044248,41.2389380530973
EPI_ISL_70167|Human|H1N1|2008.016|Asia|seasonal,2008.016,-425.8,41.1209439528024,1695,1695,40.8849557522124,41.2389380530973
EPI_ISL_70173|Human|H1N1|2008.139|Asia|seasonal,2008.139,-424.4,41.1209439528024,1695,1695,41.0619469026549,41.1504424778761
EPI_ISL_70157|Human|H1N1|2008.011|Asia|seasonal,2008.011,-423.2,41.1209439528024,1695,1695,41.0619469026549,41.1504424778761
EPI_ISL_70174|Human|H1N1|2008.183|Asia|seasonal,2008.183,-425.4,41.1799410029499,1695,1695,41.4159292035398,41.0619469026549
EPI_ISL_106750|Human|H1N1|2008.954|Asia|,2008.954,-424.7,41.4159292035398,1695,1695,41.9469026548673,41.1504424778761
EPI_ISL_106730|Human|H1N1|2008.861|Asia|,2008.861,-424.7,41.4159292035398,1695,1695,41.9469026548673,41.1504424778761
EPI_ISL_106675|Human|H1N1|2008.5|Asia|,2008.5,-424.7,41.4159292035398,1695,1695,41.9469026548673,41.1504424778761
EPI_ISL_115857|Human|H1N1|2008.858|Asia|,2008.858,-424.7,41.4159292035398,1695,1695,41.9469026548673,41.1504424778761
EPI_ISL_106752|Human|H1N1|2008.536|Asia|,2008.536,-425.9,41.5929203539823,1695,1695,42.1238938053097,41.3274336283186
EPI_ISL_106712|Human|H1N1|2008.746|Asia|,2008.746,-420.1,41.1799410029499,1695,1695,41.5929203539823,40.9734513274336
EPI_ISL_106711|Human|H1N1|2008.746|Asia|,2008.746,-420.1,41.1799410029499,1695,1695,41.5929203539823,40.9734513274336
EPI_ISL_106691|Human|H1N1|2008.678|Asia|,2008.678,-430,41.4159292035398,1695,1695,41.7699115044248,41.2389380530973
EPI_ISL_116006|Human|H1N1|2008.648|Asia|,2008.648,-423.8,41.2389380530973,1695,1695,41.5929203539823,41.0619469026549
EPI_ISL_116012|Human|H1N1|2008.522|Asia|,2008.522,-424.6,41.3569321533923,1695,1695,41.9469026548673,41.0619469026549
EPI_ISL_70163|Human|H1N1|2008.055|Asia|seasonal,2008.055,-423.4,41.2979351032448,1695,1695,41.4159292035398,41.2389380530973
EPI_ISL_93581|Human|H1N1|2007.211|Asia|,2007.211,-417,41.2389380530973,1695,1695,41.4159292035398,41.1504424778761
EPI_ISL_7803|Human|H1N1|2007.058|NorthAmerica|seasonal,2007.058,-414.3,41.0619469026549,1695,1695,41.0619469026549,41.0619469026549
EPI_ISL_93597|Human|H1N1|2006.504|Asia|,2006.504,-413.4,41.0029498525074,1695,1695,41.0619469026549,40.9734513274336
EPI_ISL_93580|Human|H1N1|2006.392|Asia|,2006.392,-415.4,41.1209439528024,1695,1695,40.7079646017699,41.3274336283186
EPI_ISL_25031|Human|H1N1|2006|Europe|seasonal,2006,-411.8,40.9439528023599,1695,1695,40.1769911504425,41.3274336283186
EPI_ISL_123193|Human|H1N1|2004|Asia|,2004,-421.2,41.0619469026549,1695,1695,40.353982300885,41.4159292035398
EPI_ISL_12839|Human|H1N1|2006|Asia|seasonal,2006,-426.7,41.0029498525074,1695,1695,40.1769911504425,41.4159292035398
EPI_ISL_12838|Human|H1N1|2006|Asia|seasonal,2006,-428.2,40.9439528023599,1695,1695,40.1769911504425,41.3274336283186
EPI_ISL_120427|Human|H1N1|2005.573|Asia|,2005.573,-427.5,41.0619469026549,1695,1695,40.353982300885,41.4159292035398
EPI_ISL_120428|Human|H1N1|2005.605|Asia|,2005.605,-421.1,40.7669616519174,1695,1695,40.1769911504425,41.0619469026549
EPI_ISL_120431|Human|H1N1|2006.334|Asia|,2006.334,-419.8,40.8849557522124,1695,1695,40.1769911504425,41.2389380530973
EPI_ISL_93576|Human|H1N1|2005.989|Asia|,2005.989,-427.9,40.9439528023599,1695,1695,40.1769911504425,41.3274336283186
EPI_ISL_29642|Human|H1N1|2006.816|Asia|seasonal,2006.816,-423.6,40.8849557522124,1695,1695,39.8230088495575,41.4159292035398
EPI_ISL_99209|Human|H1N1|2006|Asia|,2006,-426.7,40.9893992932862,1698,1698,39.9293286219081,41.5194346289753
EPI_ISL_120435|Human|H1N1|2007.011|Asia|,2007.011,-422.6,40.8259587020649,1695,1695,39.646017699115,41.4159292035398
EPI_ISL_120433|Human|H1N1|2006.759|Asia|,2006.759,-426.4,40.9439528023599,1695,1695,39.8230088495575,41.5044247787611
EPI_ISL_120432|Human|H1N1|2006.545|Asia|,2006.545,-419.1,40.7669616519174,1695,1695,39.4690265486726,41.4159292035398
EPI_ISL_106670|Human|H1N1|2006.57|Asia|,2006.57,-418.5,40.9439528023599,1695,1695,39.8230088495575,41.5044247787611
EPI_ISL_106669|Human|H1N1|2006.564|Asia|,2006.564,-422.2,40.8849557522124,1695,1695,39.8230088495575,41.4159292035398
EPI_ISL_106640|Human|H1N1|2006.584|Asia|,2006.584,-420,40.7669616519174,1695,1695,39.646017699115,41.3274336283186
EPI_ISL_116064|Human|H1N1|2006.447|Asia|,2006.447,-422.1,40.7669616519174,1695,1695,39.646017699115,41.3274336283186
EPI_ISL_116063|Human|H1N1|2006.384|Asia|,2006.384,-422.1,40.7669616519174,1695,1695,39.646017699115,41.3274336283186
EPI_ISL_106639|Human|H1N1|2006.463|Asia|,2006.463,-421.8,40.8259587020649,1695,1695,39.4690265486726,41.5044247787611
EPI_ISL_93591|Human|H1N1|2006.033|Asia|,2006.033,-413.6,40.7079646017699,1695,1695,39.646017699115,41.2389380530973
EPI_ISL_7816|Human|H1N1|2007.101|NorthAmerica|seasonal,2007.101,-423.3,40.8849557522124,1695,1695,39.8230088495575,41.4159292035398
EPI_ISL_7938|Human|H1N1|2007.126|NorthAmerica|seasonal,2007.126,-423.3,40.8849557522124,1695,1695,39.8230088495575,41.4159292035398
EPI_ISL_93584|Human|H1N1|2008.716|Asia|,2008.716,-425.2,40.7669616519174,1695,1695,39.8230088495575,41.2389380530973
EPI_ISL_93592|Human|H1N1|2006.008|Asia|,2006.008,-425.3,40.8849557522124,1695,1695,40,41.3274336283186
EPI_ISL_12836|Human|H1N1|2006|Asia|seasonal,2006,-424,41.0029498525074,1695,1695,39.8230088495575,41.5929203539823
EPI_ISL_12835|Human|H1N1|2006|Asia|seasonal,2006,-425.2,41.1799410029499,1695,1695,40.353982300885,41.5929203539823
EPI_ISL_93579|Human|H1N1|2006.121|Asia|,2006.121,-430.2,41.1799410029499,1695,1695,40,41.7699115044248
EPI_ISL_93600|Human|H1N1|2006.493|Asia|,2006.493,-428.3,41.0029498525074,1695,1695,40,41.5044247787611
EPI_ISL_120426|Human|H1N1|2004.809|Asia|,2004.809,-427.8,41.1799410029499,1695,1695,40.7079646017699,41.4159292035398
EPI_ISL_123186|Human|H1N1|2001|Asia|,2001,-426,41.0619469026549,1695,1695,40.5309734513274,41.3274336283186
EPI_ISL_9127|Human|H1N1|2004.697|Oceania|seasonal,2004.697,-419.2,40.9439528023599,1695,1695,40.1769911504425,41.3274336283186
EPI_ISL_120430|Human|H1N1|2005.929|Asia|,2005.929,-421.1,41.1209439528024,1695,1695,40.7079646017699,41.3274336283186
EPI_ISL_120429|Human|H1N1|2005.912|Asia|,2005.912,-419.3,41.0619469026549,1695,1695,40.7079646017699,41.2389380530973
EPI_ISL_120434|Human|H1N1|2006.921|Asia|,2006.921,-417.6,40.9439528023599,1695,1695,40.1769911504425,41.3274336283186
EPI_ISL_25710|Human|H1N1|2006.225|Europe|seasonal,2006.225,-413.8,41.0619469026549,1695,1695,40.7079646017699,41.2389380530973
EPI_ISL_25708|Human|H1N1|2006.244|Europe|seasonal,2006.244,-413.8,41.0619469026549,1695,1695,40.7079646017699,41.2389380530973
EPI_ISL_208699|Human|H1N1|2007.789|Asia|,2007.789,-416.1,41.1209439528024,1695,1695,40.5309734513274,41.4159292035398
EPI_ISL_208698|Human|H1N1|2007.767|Asia|,2007.767,-416.1,41.1209439528024,1695,1695,40.5309734513274,41.4159292035398
EPI_ISL_8026|Human|H1N1|2007.104|NorthAmerica|seasonal,2007.104,-419.6,41.0619469026549,1695,1695,40.7079646017699,41.2389380530973
EPI_ISL_7825|Human|H1N1|2007.047|NorthAmerica|seasonal,2007.047,-421.9,41.0619469026549,1695,1695,40.8849557522124,41.1504424778761
EPI_ISL_7784|Human|H1N1|2007.137|NorthAmerica|seasonal,2007.137,-428.2,41.1799410029499,1695,1695,41.2389380530973,41.1504424778761
EPI_ISL_7805|Human|H1N1|2007.14|NorthAmerica|seasonal,2007.14,-421.5,41.1209439528024,1695,1695,40.5309734513274,41.4159292035398
EPI_ISL_8025|Human|H1N1|2007.162|NorthAmerica|seasonal,2007.162,-421.1,41.3569321533923,1695,1695,41.0619469026549,41.5044247787611
EPI_ISL_7811|Human|H1N1|2007.162|NorthAmerica|seasonal,2007.162,-419.7,41.2389380530973,1695,1695,40.8849557522124,41.4159292035398
EPI_ISL_95933|Human|H1N1|2008.096|NorthAmerica|,2008.096,-414.7,41.1209439528024,1695,1695,40.7079646017699,41.3274336283186
EPI_ISL_208748|Human|H1N1|2007.863|Asia|,2007.863,-417.8,41.1209439528024,1695,1695,40.7079646017699,41.3274336283186
EPI_ISL_71838|Human|H1N1|2007|Oceania|seasonal,2007,-416.4,41.0029498525074,1695,1695,40.5309734513274,41.2389380530973
EPI_ISL_154509|Human|H1N1|2007|Oceania|,2007,-416.4,41.0029498525074,1695,1695,40.5309734513274,41.2389380530973
EPI_ISL_154508|Human|H1N1|2007|Oceania|,2007,-416.4,41.0029498525074,1695,1695,40.5309734513274,41.2389380530973
EPI_ISL_154506|Human|H1N1|2007|Oceania|,2007,-416.4,41.0029498525074,1695,1695,40.5309734513274,41.2389380530973
EPI_ISL_154507|Human|H1N1|2007|Oceania|,2007,-416.4,41.0029498525074,1695,1695,40.5309734513274,41.2389380530973
EPI_ISL_154505|Human|H1N1|2007|Oceania|,2007,-416.4,41.0029498525074,1695,1695,40.5309734513274,41.2389380530973
EPI_ISL_154504|Human|H1N1|2007|Oceania|,2007,-416.4,41.0029498525074,1695,1695,40.5309734513274,41.2389380530973
EPI_ISL_154503|Human|H1N1|2007|Oceania|,2007,-416.4,41.0029498525074,1695,1695,40.5309734513274,41.2389380530973
EPI_ISL_154502|Human|H1N1|2007|Oceania|,2007,-416.4,41.0029498525074,1695,1695,40.5309734513274,41.2389380530973
EPI_ISL_154501|Human|H1N1|2007|Oceania|,2007,-416.4,41.0029498525074,1695,1695,40.5309734513274,41.2389380530973
EPI_ISL_154500|Human|H1N1|2007|Oceania|,2007,-416.4,41.0029498525074,1695,1695,40.5309734513274,41.2389380530973
EPI_ISL_154498|Human|H1N1|2007|Oceania|,2007,-416.4,41.0029498525074,1695,1695,40.5309734513274,41.2389380530973
EPI_ISL_154497|Human|H1N1|2007|Oceania|,2007,-416.4,41.0029498525074,1695,1695,40.5309734513274,41.2389380530973
EPI_ISL_154496|Human|H1N1|2007|Oceania|,2007,-416.4,41.0029498525074,1695,1695,40.5309734513274,41.2389380530973
EPI_ISL_154495|Human|H1N1|2007|Oceania|,2007,-416.4,41.0029498525074,1695,1695,40.5309734513274,41.2389380530973
EPI_ISL_154494|Human|H1N1|2007|Oceania|,2007,-416.4,41.0029498525074,1695,1695,40.5309734513274,41.2389380530973
EPI_ISL_154493|Human|H1N1|2007|Oceania|,2007,-416.4,41.0029498525074,1695,1695,40.5309734513274,41.2389380530973
EPI_ISL_154492|Human|H1N1|2007|Oceania|,2007,-416.4,41.0029498525074,1695,1695,40.5309734513274,41.2389380530973
EPI_ISL_154491|Human|H1N1|2007|Oceania|,2007,-416.4,41.0029498525074,1695,1695,40.5309734513274,41.2389380530973
EPI_ISL_154490|Human|H1N1|2007|Oceania|,2007,-416.4,41.0029498525074,1695,1695,40.5309734513274,41.2389380530973
EPI_ISL_154489|Human|H1N1|2007|Oceania|,2007,-416.4,41.0029498525074,1695,1695,40.5309734513274,41.2389380530973
EPI_ISL_154486|Human|H1N1|2007|Oceania|,2007,-416.4,41.0029498525074,1695,1695,40.5309734513274,41.2389380530973
EPI_ISL_154485|Human|H1N1|2007|Oceania|,2007,-416.4,41.0029498525074,1695,1695,40.5309734513274,41.2389380530973
EPI_ISL_154484|Human|H1N1|2007|Oceania|,2007,-416.4,41.0029498525074,1695,1695,40.5309734513274,41.2389380530973
EPI_ISL_154483|Human|H1N1|2007|Oceania|,2007,-416.4,41.0029498525074,1695,1695,40.5309734513274,41.2389380530973
EPI_ISL_154482|Human|H1N1|2007|Oceania|,2007,-416.4,41.0029498525074,1695,1695,40.5309734513274,41.2389380530973
EPI_ISL_154481|Human|H1N1|2007|Oceania|,2007,-416.4,41.0029498525074,1695,1695,40.5309734513274,41.2389380530973
EPI_ISL_154480|Human|H1N1|2007|Oceania|,2007,-416.4,41.0029498525074,1695,1695,40.5309734513274,41.2389380530973
EPI_ISL_154478|Human|H1N1|2007|Oceania|,2007,-416.4,41.0029498525074,1695,1695,40.5309734513274,41.2389380530973
EPI_ISL_154477|Human|H1N1|2007|Oceania|,2007,-416.4,41.0029498525074,1695,1695,40.5309734513274,41.2389380530973
EPI_ISL_154487|Human|H1N1|2007|Oceania|,2007,-416.3,40.9439528023599,1695,1695,40.353982300885,41.2389380530973
EPI_ISL_93583|Human|H1N1|2008.79|Asia|,2008.79,-419,41.1799410029499,1695,1695,40.8849557522124,41.3274336283186
EPI_ISL_30205|Human|H1N1|2007.658|Asia|seasonal,2007.658,-418.1,40.9439528023599,1695,1695,40.5309734513274,41.1504424778761
EPI_ISL_62798|Human|H1N1|2008.138|NorthAmerica|seasonal,2008.138,-418.3,40.9439528023599,1695,1695,40.353982300885,41.2389380530973
EPI_ISL_164010|Human|H1N1|2007.959|Europe|seasonal,2007.959,-420.5,41.2979351032448,1695,1695,41.4159292035398,41.2389380530973
EPI_ISL_154499|Human|H1N1|2007|Oceania|,2007,-416.9,41.0619469026549,1695,1695,40.5309734513274,41.3274336283186
EPI_ISL_154488|Human|H1N1|2007|Oceania|,2007,-416.9,41.0619469026549,1695,1695,40.5309734513274,41.3274336283186
EPI_ISL_154479|Human|H1N1|2007|Oceania|,2007,-416.9,41.0619469026549,1695,1695,40.5309734513274,41.3274336283186
EPI_ISL_30209|Human|H1N1|2008.005|Asia|seasonal,2008.005,-420.4,41.2389380530973,1695,1695,41.0619469026549,41.3274336283186
EPI_ISL_62785|Human|H1N1|2008.116|NorthAmerica|seasonal,2008.116,-419.7,41.2389380530973,1695,1695,40.8849557522124,41.4159292035398
EPI_ISL_62779|Human|H1N1|2008.092|NorthAmerica|seasonal,2008.092,-419.7,41.2389380530973,1695,1695,40.8849557522124,41.4159292035398
EPI_ISL_70165|Human|H1N1|2008.169|Asia|seasonal,2008.169,-419.7,41.2389380530973,1695,1695,40.8849557522124,41.4159292035398
EPI_ISL_62780|Human|H1N1|2008.094|NorthAmerica|seasonal,2008.094,-419.4,41.1799410029499,1695,1695,40.8849557522124,41.3274336283186
EPI_ISL_70168|Human|H1N1|2008.137|Asia|seasonal,2008.137,-421.7,41.2979351032448,1695,1695,41.0619469026549,41.4159292035398
EPI_ISL_62839|Human|H1N1|2008.085|NorthAmerica|seasonal,2008.085,-420.2,41.2979351032448,1695,1695,41.0619469026549,41.4159292035398
EPI_ISL_70158|Human|H1N1|2008.074|Asia|seasonal,2008.074,-424,41.1799410029499,1695,1695,40.7079646017699,41.4159292035398
EPI_ISL_63357|Human|H1N1|2007.925|NorthAmerica|seasonal,2007.925,-419.8,41.2979351032448,1695,1695,41.0619469026549,41.4159292035398
EPI_ISL_78568|Human|H1N1|2007|SouthAmerica|seasonal,2007,-422.2,41.2389380530973,1695,1695,40.8849557522124,41.4159292035398
EPI_ISL_208761|Human|H1N1|2007.718|Asia|,2007.718,-417.1,41.1799410029499,1695,1695,40.7079646017699,41.4159292035398
EPI_ISL_164015|Human|H1N1|2008.022|Europe|seasonal,2008.022,-421.6,41.0029498525074,1695,1695,40.5309734513274,41.2389380530973
EPI_ISL_164012|Human|H1N1|2008.003|Europe|seasonal,2008.003,-419.2,41.1799410029499,1695,1695,40.8849557522124,41.3274336283186
EPI_ISL_70164|Human|H1N1|2008.074|Asia|seasonal,2008.074,-416.6,40.8849557522124,1695,1695,40.1769911504425,41.2389380530973
EPI_ISL_356930|Human|H1N1|2007.51|Oceania|seasonal,2007.51,-411.3,41.25,1680,1680,40.8928571428571,41.4285714285714
EPI_ISL_28850|Human|H1N1|2008.066|Asia|seasonal,2008.066,-415.6,41.2389380530973,1695,1695,40.8849557522124,41.4159292035398
EPI_ISL_70172|Human|H1N1|2008.131|Asia|seasonal,2008.131,-416.9,41.1799410029499,1695,1695,40.7079646017699,41.4159292035398
EPI_ISL_208747|Human|H1N1|2007.748|Asia|,2007.748,-416.5,41.1799410029499,1695,1695,40.8849557522124,41.3274336283186
EPI_ISL_208689|Human|H1N1|2007.929|Asia|,2007.929,-418.4,41.2979351032448,1695,1695,41.0619469026549,41.4159292035398
EPI_ISL_208764|Human|H1N1|2007.923|Asia|,2007.923,-418.8,41.2979351032448,1695,1695,41.0619469026549,41.4159292035398
EPI_ISL_208688|Human|H1N1|2007.795|Asia|,2007.795,-416.7,41.2389380530973,1695,1695,41.0619469026549,41.3274336283186
EPI_ISL_25713|Human|H1N1|2007.997|Europe|seasonal,2007.997,-420.2,41.4159292035398,1695,1695,41.4159292035398,41.4159292035398
EPI_ISL_62957|Human|H1N1|2008.026|NorthAmerica|seasonal,2008.026,-420.2,41.3569321533923,1695,1695,41.4159292035398,41.3274336283186
EPI_ISL_164017|Human|H1N1|2008.027|Europe|seasonal,2008.027,-420.2,41.3569321533923,1695,1695,41.4159292035398,41.3274336283186
EPI_ISL_29776|Human|H1N1|2008.563|NorthAmerica|seasonal,2008.563,-421,41.4159292035398,1695,1695,41.4159292035398,41.4159292035398
EPI_ISL_30234|Human|H1N1|2008.486|NorthAmerica|seasonal,2008.486,-421.7,41.3569321533923,1695,1695,41.2389380530973,41.4159292035398
EPI_ISL_29672|Human|H1N1|2008.437|NorthAmerica|seasonal,2008.437,-418.6,41.3223140495868,1694,1695,41.0619469026549,41.4526129317981
EPI_ISL_29673|Human|H1N1|2008.434|NorthAmerica|seasonal,2008.434,-419.2,41.2979351032448,1695,1695,41.0619469026549,41.4159292035398
EPI_ISL_29777|Human|H1N1|2008.443|NorthAmerica|seasonal,2008.443,-419.2,41.2979351032448,1695,1695,41.0619469026549,41.4159292035398
EPI_ISL_62910|Human|H1N1|2008.499|NorthAmerica|seasonal,2008.499,-419.2,41.2979351032448,1695,1695,41.0619469026549,41.4159292035398
EPI_ISL_30790|Human|H1N1|2008.434|NorthAmerica|seasonal,2008.434,-421.7,41.3223140495868,1694,1695,41.2389380530973,41.3640389725421
EPI_ISL_78571|Human|H1N1|2007|SouthAmerica|seasonal,2007,-418.6,41.0619469026549,1695,1695,40.7079646017699,41.2389380530973
EPI_ISL_78570|Human|H1N1|2007|SouthAmerica|seasonal,2007,-418.2,41.2979351032448,1695,1695,41.4159292035398,41.2389380530973
EPI_ISL_78569|Human|H1N1|2007|SouthAmerica|seasonal,2007,-418.6,41.0619469026549,1695,1695,40.7079646017699,41.2389380530973
EPI_ISL_164009|Human|H1N1|2007.806|Europe|seasonal,2007.806,-418.3,41.1799410029499,1695,1695,40.7079646017699,41.4159292035398
EPI_ISL_120441|Human|H1N1|2007.638|Asia|,2007.638,-412.6,41.1209439528024,1695,1695,40.8849557522124,41.2389380530973
EPI_ISL_120442|Human|H1N1|2007.827|Asia|,2007.827,-417,41.2389380530973,1695,1695,40.8849557522124,41.4159292035398
EPI_ISL_77969|Human|H1N1|2009.023|NorthAmerica|seasonal,2009.023,-425.6,41.2389380530973,1695,1695,40.8849557522124,41.4159292035398
EPI_ISL_77966|Human|H1N1|2009.163|NorthAmerica|seasonal,2009.163,-426.3,41.2979351032448,1695,1695,40.8849557522124,41.5044247787611
