EPI_ISL_1111|Human|H5N1|1997|Asia|,1997,-241.5,50.3968253968254,756,756,51.984126984127,49.6031746031746
EPI_ISL_1193|Human|H5N1|1997|Asia|,1997,-243.4,50.5291005291005,756,756,52.3809523809524,49.6031746031746
EPI_ISL_1195|Human|H5N1|1997|Asia|,1997,-241.2,50.2645502645503,756,756,51.984126984127,49.4047619047619
EPI_ISL_1189|Human|H5N1|1998|Asia|,1998,-236,50.1322751322751,756,756,51.1904761904762,49.6031746031746
EPI_ISL_1190|Human|H5N1|1997|Asia|,1997,-236,50.1322751322751,756,756,51.1904761904762,49.6031746031746
EPI_ISL_1112|Human|H5N1|1997|Asia|,1997,-236.1,50.1322751322751,756,756,51.1904761904762,49.6031746031746
EPI_ISL_964|Human|H5N1|1997|Asia|,1997,-241.3,50.3968253968254,756,756,52.3809523809524,49.4047619047619
EPI_ISL_963|Human|H5N1|1997|Asia|,1997,-243.8,50.3968253968254,756,756,52.3809523809524,49.4047619047619
EPI_ISL_965|Human|H5N1|1997|Asia|,1997,-236.1,50.1322751322751,756,756,51.1904761904762,49.6031746031746
EPI_ISL_954|Human|H5N1|1997|Asia|,1997,-241.4,50.1322751322751,756,756,51.5873015873016,49.4047619047619
EPI_ISL_268|Human|H5N1|2003|Asia|,2003,-234.8,49.6031746031746,756,756,52.3809523809524,48.2142857142857
EPI_ISL_3842|Human|H5N1|2003|Asia|,2003,-234.8,49.6031746031746,756,756,52.3809523809524,48.2142857142857
EPI_ISL_3837|Human|H5N1|2004|Asia|,2004,-223.7,49.0740740740741,756,756,51.1904761904762,48.015873015873
EPI_ISL_3836|Human|H5N1|2004|Asia|,2004,-224.3,49.3386243386243,756,756,51.5873015873016,48.2142857142857
EPI_ISL_4158|Human|H5N1|2004|Asia|,2004,-229.9,49.4708994708995,756,756,52.3809523809524,48.015873015873
EPI_ISL_4156|Human|H5N1|2004|Asia|,2004,-226.4,49.2063492063492,756,756,51.5873015873016,48.015873015873
EPI_ISL_4155|Human|H5N1|2004|Asia|,2004,-230.2,49.4708994708995,756,756,52.3809523809524,48.015873015873
EPI_ISL_4138|Swine|H5N1|2003|Asia|,2003,-245.6,50,756,756,51.1904761904762,49.4047619047619
EPI_ISL_4046|Human|H5N1|2004|Asia|,2004,-230,49.6031746031746,756,756,52.7777777777778,48.015873015873
EPI_ISL_4632|Feline|H5N1|2004|Asia|,2004,-222.9,49.4708994708995,756,756,51.984126984127,48.2142857142857
EPI_ISL_4580|Swine|H5N1|2001|Asia|,2001,-228.3,49.6031746031746,756,756,51.5873015873016,48.6111111111111
EPI_ISL_4579|Swine|H5N1|2003|Asia|,2003,-230.9,49.2063492063492,756,756,50.7936507936508,48.4126984126984
EPI_ISL_5778|Human|H5N1|2006|Asia|,2006,-226.1,49.2063492063492,756,756,50.7936507936508,48.4126984126984
EPI_ISL_5777|Human|H5N1|2006.597|Asia|,2006.597,-216.1,49.3617021276596,705,705,50.2127659574468,48.936170212766
EPI_ISL_5776|Human|H5N1|2006.592|Asia|,2006.592,-226.1,49.2063492063492,756,756,50.7936507936508,48.4126984126984
EPI_ISL_5775|Human|H5N1|2006.408|Asia|,2006.408,-227,49.3386243386243,756,756,51.1904761904762,48.4126984126984
EPI_ISL_5774|Human|H5N1|2006.405|Asia|,2006.405,-227,49.3386243386243,756,756,51.1904761904762,48.4126984126984
EPI_ISL_5773|Human|H5N1|2006.51|Asia|,2006.51,-229,49.4708994708995,756,756,51.1904761904762,48.6111111111111
EPI_ISL_5772|Human|H5N1|2006.447|Asia|,2006.447,-231.3,49.3386243386243,756,756,50.7936507936508,48.6111111111111
EPI_ISL_5771|Human|H5N1|2006.447|Asia|,2006.447,-231.3,49.3386243386243,756,756,50.7936507936508,48.6111111111111
EPI_ISL_5770|Human|H5N1|2006.359|Asia|,2006.359,-228.4,49.2063492063492,756,756,51.1904761904762,48.2142857142857
EPI_ISL_5769|Human|H5N1|2006.386|Asia|,2006.386,-228.4,49.2063492063492,756,756,51.1904761904762,48.2142857142857
EPI_ISL_5768|Human|H5N1|2006.389|Asia|,2006.389,-227,49.4708994708995,756,756,51.5873015873016,48.4126984126984
EPI_ISL_5767|Human|H5N1|2006.389|Asia|,2006.389,-227,49.4708994708995,756,756,51.5873015873016,48.4126984126984
EPI_ISL_5766|Human|H5N1|2006.389|Asia|,2006.389,-227,49.4708994708995,756,756,51.5873015873016,48.4126984126984
EPI_ISL_5765|Human|H5N1|2006.384|Asia|,2006.384,-228.4,49.2063492063492,756,756,51.1904761904762,48.2142857142857
EPI_ISL_5764|Human|H5N1|2006.378|Asia|,2006.378,-233,49.0740740740741,756,756,51.1904761904762,48.015873015873
EPI_ISL_5763|Human|H5N1|2006.378|Asia|,2006.378,-233,49.0740740740741,756,756,51.1904761904762,48.015873015873
EPI_ISL_5762|Human|H5N1|2006.378|Asia|,2006.378,-227,49.3386243386243,756,756,52.3809523809524,47.8174603174603
EPI_ISL_5761|Human|H5N1|2006.375|Asia|,2006.375,-227,49.3386243386243,756,756,52.3809523809524,47.8174603174603
EPI_ISL_5760|Human|H5N1|2006.356|Asia|,2006.356,-226.1,49.2063492063492,756,756,50.7936507936508,48.4126984126984
EPI_ISL_5759|Human|H5N1|2006.315|Asia|,2006.315,-227,49.3386243386243,756,756,51.1904761904762,48.4126984126984
EPI_ISL_5758|Human|H5N1|2006.222|Asia|,2006.222,-225.6,49.5934959349593,738,738,51.6260162601626,48.5772357723577
EPI_ISL_5757|Human|H5N1|2006.222|Asia|,2006.222,-227.4,49.4708994708995,756,756,51.5873015873016,48.4126984126984
EPI_ISL_5756|Human|H5N1|2006.222|Asia|,2006.222,-227.4,49.4708994708995,756,756,51.5873015873016,48.4126984126984
EPI_ISL_5755|Human|H5N1|2006.356|Asia|,2006.356,-228.4,49.2063492063492,756,756,51.1904761904762,48.2142857142857
EPI_ISL_5754|Human|H5N1|2006.353|Asia|,2006.353,-228.4,49.2063492063492,756,756,51.1904761904762,48.2142857142857
EPI_ISL_5753|Human|H5N1|2006.353|Asia|,2006.353,-228.4,49.2063492063492,756,756,51.1904761904762,48.2142857142857
EPI_ISL_5752|Human|H5N1|2006.351|Asia|,2006.351,-228.4,49.2063492063492,756,756,51.1904761904762,48.2142857142857
EPI_ISL_5751|Human|H5N1|2006.351|Asia|,2006.351,-228.4,49.2063492063492,756,756,51.1904761904762,48.2142857142857
EPI_ISL_5750|Human|H5N1|2006.137|Asia|,2006.137,-228.7,49.2063492063492,756,756,51.5873015873016,48.015873015873
EPI_ISL_5747|Human|H5N1|2006.11|Asia|,2006.11,-228.7,49.3386243386243,756,756,51.984126984127,48.015873015873
EPI_ISL_5746|Human|H5N1|2006.11|Asia|,2006.11,-228.7,49.3386243386243,756,756,51.984126984127,48.015873015873
EPI_ISL_5745|Feline|H5N1|2006.058|Asia|,2006.058,-226.9,49.4708994708995,756,756,51.5873015873016,48.4126984126984
EPI_ISL_5744|Human|H5N1|2006.079|Asia|,2006.079,-227,49.4708994708995,756,756,51.5873015873016,48.4126984126984
EPI_ISL_5743|Human|H5N1|2006.036|Asia|,2006.036,-227.8,49.2063492063492,756,756,51.1904761904762,48.2142857142857
EPI_ISL_5742|Human|H5N1|2006.041|Asia|,2006.041,-227,49.3386243386243,756,756,51.1904761904762,48.4126984126984
EPI_ISL_5741|Human|H5N1|2006.038|Asia|,2006.038,-227,49.3386243386243,756,756,51.1904761904762,48.4126984126984
EPI_ISL_5739|Human|H5N1|2006.044|Asia|,2006.044,-227,49.3386243386243,756,756,51.1904761904762,48.4126984126984
EPI_ISL_5738|Human|H5N1|2005.953|Asia|,2005.953,-227,49.3386243386243,756,756,51.1904761904762,48.4126984126984
EPI_ISL_5735|Human|H5N1|2005.948|Asia|,2005.948,-229.3,49.2063492063492,756,756,50.7936507936508,48.4126984126984
EPI_ISL_5734|Human|H5N1|2005.852|Asia|,2005.852,-226.5,49.3386243386243,756,756,51.984126984127,48.015873015873
EPI_ISL_5731|Human|H5N1|2005.742|Asia|,2005.742,-226.5,49.3386243386243,756,756,51.984126984127,48.015873015873
EPI_ISL_6493|Human|H5N1|2006.784|Asia|,2006.784,-230.5,49.3386243386243,756,756,51.1904761904762,48.4126984126984
EPI_ISL_6492|Human|H5N1|2006.729|Asia|,2006.729,-226.1,49.2063492063492,756,756,50.7936507936508,48.4126984126984
EPI_ISL_6491|Human|H5N1|2006.729|Asia|,2006.729,-226.1,49.2063492063492,756,756,50.7936507936508,48.4126984126984
EPI_ISL_6490|Human|H5N1|2006.723|Asia|,2006.723,-224.4,49.0740740740741,756,756,50.3968253968254,48.4126984126984
EPI_ISL_6489|Human|H5N1|2006.863|Asia|,2006.863,-226.1,49.3386243386243,756,756,51.1904761904762,48.4126984126984
EPI_ISL_6488|Human|H5N1|2006.858|Asia|,2006.858,-230.5,49.3386243386243,756,756,51.1904761904762,48.4126984126984
EPI_ISL_6487|Human|H5N1|2006.858|Asia|,2006.858,-230.5,49.3386243386243,756,756,51.1904761904762,48.4126984126984
EPI_ISL_6801|Human|H5N1|2007.03|Asia|,2007.03,-231.1,49.6031746031746,756,756,51.984126984127,48.4126984126984
EPI_ISL_6799|Human|H5N1|2007.027|Asia|,2007.027,-231.1,49.6031746031746,756,756,51.984126984127,48.4126984126984
EPI_ISL_6798|Human|H5N1|2007.016|Asia|,2007.016,-230.6,49.6031746031746,756,756,51.984126984127,48.4126984126984
EPI_ISL_6797|Human|H5N1|2007.016|Asia|,2007.016,-230.6,49.6031746031746,756,756,51.984126984127,48.4126984126984
EPI_ISL_6796|Human|H5N1|2007.014|Asia|,2007.014,-230.6,49.6031746031746,756,756,51.984126984127,48.4126984126984
EPI_ISL_6795|Human|H5N1|2007.011|Asia|,2007.011,-227.6,49.3386243386243,756,756,50.7936507936508,48.6111111111111
EPI_ISL_6794|Human|H5N1|2007.014|Asia|,2007.014,-227.6,49.3386243386243,756,756,50.7936507936508,48.6111111111111
EPI_ISL_6793|Human|H5N1|2007.011|Asia|,2007.011,-227.6,49.3386243386243,756,756,50.7936507936508,48.6111111111111
EPI_ISL_6792|Human|H5N1|2007.011|Asia|,2007.011,-227.6,49.3386243386243,756,756,50.7936507936508,48.6111111111111
EPI_ISL_9807|Feline|H5N1|2004|Asia|,2004,-224.4,49.3386243386243,756,756,51.5873015873016,48.2142857142857
EPI_ISL_10061|Human|H5N1|2005|Asia|,2005,-228.6,49.2063492063492,756,756,51.5873015873016,48.015873015873
EPI_ISL_10059|Human|H5N1|2005|Asia|,2005,-230.8,49.8677248677249,756,756,53.1746031746032,48.2142857142857
EPI_ISL_10058|Human|H5N1|2005.852|Asia|,2005.852,-227.8,49.7354497354497,756,756,52.7777777777778,48.2142857142857
EPI_ISL_10049|Human|H5N1|2005|Asia|,2005,-228.6,49.2063492063492,756,756,51.5873015873016,48.015873015873
EPI_ISL_10391|Human|H5N1|2006|Asia|,2006,-229.9,49.7354497354497,756,756,52.7777777777778,48.2142857142857
EPI_ISL_10333|Feline|H5N1|2006|Europe|,2006,-232.1,49.6031746031746,756,756,52.3809523809524,48.2142857142857
EPI_ISL_10305|Canine|H5N1|2004|Asia|,2004,-222.9,49.4708994708995,756,756,51.984126984127,48.2142857142857
EPI_ISL_9831|Human|H5N1|2005|Asia|,2005,-218.8,49.7175141242938,708,708,51.6949152542373,48.728813559322
EPI_ISL_9829|Human|H5N1|2005|Asia|,2005,-229.8,49.6031746031746,756,756,52.7777777777778,48.015873015873
EPI_ISL_9826|Human|H5N1|2004|Asia|,2004,-228.4,49.3386243386243,756,756,51.984126984127,48.015873015873
EPI_ISL_9825|Human|H5N1|2004|Asia|,2004,-228.2,49.4708994708995,756,756,52.3809523809524,48.015873015873
EPI_ISL_11263|Human|H5N1|2006|Asia|,2006,-229.8,49.8677248677249,756,756,53.1746031746032,48.2142857142857
EPI_ISL_12588|Human|H5N1|2006|Asia|,2006,-227.1,50,738,738,53.2520325203252,48.3739837398374
EPI_ISL_12587|Human|H5N1|2006|Asia|,2006,-227.1,50,738,738,53.2520325203252,48.3739837398374
EPI_ISL_12585|Human|H5N1|2006|Asia|,2006,-227.1,50,738,738,53.2520325203252,48.3739837398374
EPI_ISL_12401|Human|H5N1|2003|Asia|,2003,-233.9,49.8677248677249,756,756,53.5714285714286,48.015873015873
EPI_ISL_5729|Human|H5N1|2005|Asia|,2005,-228.8,49.2063492063492,756,756,51.5873015873016,48.015873015873
EPI_ISL_13895|Human|H5N1|2006|Asia|,2006,-229.8,49.8677248677249,756,756,53.1746031746032,48.2142857142857
EPI_ISL_13503|Human|H5N1|2006|Asia|,2006,-227.9,49.9325236167341,741,741,53.0364372469636,48.3805668016194
EPI_ISL_13501|Human|H5N1|2006|Africa|,2006,-225,49.8644986449864,738,738,52.8455284552846,48.3739837398374
EPI_ISL_13500|Human|H5N1|2006|Africa|,2006,-225,49.8644986449864,738,738,52.8455284552846,48.3739837398374
EPI_ISL_13496|Human|H5N1|2006.51|Asia|,2006.51,-229,49.4708994708995,756,756,51.1904761904762,48.6111111111111
EPI_ISL_13498|Human|H5N1|2006.447|Asia|,2006.447,-231.3,49.3386243386243,756,756,50.7936507936508,48.6111111111111
EPI_ISL_13497|Human|H5N1|2006.414|Asia|,2006.414,-233,49.0740740740741,756,756,51.1904761904762,48.015873015873
EPI_ISL_13489|Human|H5N1|2006.405|Asia|,2006.405,-227,49.3386243386243,756,756,51.1904761904762,48.4126984126984
EPI_ISL_13495|Human|H5N1|2006.373|Asia|,2006.373,-223.4,49.2455418381344,729,729,51.0288065843621,48.3539094650206
EPI_ISL_13494|Human|H5N1|2006.381|Asia|,2006.381,-226.3,49.0740740740741,756,756,50.7936507936508,48.2142857142857
EPI_ISL_13493|Human|H5N1|2006.353|Asia|,2006.353,-226.1,49.2063492063492,756,756,50.7936507936508,48.4126984126984
EPI_ISL_13490|Human|H5N1|2006.353|Asia|,2006.353,-228.4,49.2063492063492,756,756,51.1904761904762,48.2142857142857
EPI_ISL_13481|Human|H5N1|2006.351|Asia|,2006.351,-228.4,49.2063492063492,756,756,51.1904761904762,48.2142857142857
EPI_ISL_13488|Human|H5N1|2006.351|Asia|,2006.351,-228.4,49.2063492063492,756,756,51.1904761904762,48.2142857142857
EPI_ISL_13487|Human|H5N1|2006.14|Asia|,2006.14,-228.7,49.2063492063492,756,756,51.5873015873016,48.015873015873
EPI_ISL_13485|Human|H5N1|2006|Asia|,2006,-227,49.3386243386243,756,756,51.1904761904762,48.4126984126984
EPI_ISL_13484|Human|H5N1|2006.079|Asia|,2006.079,-227,49.4708994708995,756,756,51.5873015873016,48.4126984126984
EPI_ISL_13483|Human|H5N1|2006.09|Asia|,2006.09,-228.7,49.2063492063492,756,756,51.5873015873016,48.015873015873
EPI_ISL_13479|Human|H5N1|2005|Asia|,2005,-227,49.3386243386243,756,756,51.1904761904762,48.4126984126984
EPI_ISL_13478|Human|H5N1|2005|Asia|,2005,-229.3,49.2063492063492,756,756,50.7936507936508,48.4126984126984
EPI_ISL_13475|Human|H5N1|2005.86|Asia|,2005.86,-228.7,49.4708994708995,756,756,52.3809523809524,48.015873015873
EPI_ISL_13474|Human|H5N1|2005|Asia|,2005,-223.4,49.519890260631,729,729,52.2633744855967,48.1481481481481
EPI_ISL_13472|Human|H5N1|2005|Asia|,2005,-227,49.3386243386243,756,756,51.1904761904762,48.4126984126984
EPI_ISL_16357|Human|H5N1|2007|Asia|,2007,-229.7,49.8677248677249,756,756,53.5714285714286,48.015873015873
EPI_ISL_16356|Human|H5N1|2007|Asia|,2007,-229.7,49.8677248677249,756,756,53.5714285714286,48.015873015873
EPI_ISL_16254|Feline|H5N1|2005|Asia|,2005,-229.7,50,756,756,52.3809523809524,48.8095238095238
EPI_ISL_11485|Human|H5N1|2004|Asia|,2004,-223.7,49.0740740740741,756,756,51.1904761904762,48.015873015873
EPI_ISL_24602|Human|H5N1|2008.35|Asia|,2008.35,-230.5,49.3386243386243,756,756,51.5873015873016,48.2142857142857
EPI_ISL_23815|Human|H5N1|2008.041|Asia|,2008.041,-231.9,49.3386243386243,756,756,51.1904761904762,48.4126984126984
EPI_ISL_24609|Human|H5N1|2005.94|Asia|,2005.94,-230.8,49.8677248677249,756,756,53.1746031746032,48.2142857142857
EPI_ISL_24608|Human|H5N1|2005.91|Asia|,2005.91,-229.4,49.8677248677249,756,756,53.1746031746032,48.2142857142857
EPI_ISL_24607|Human|H5N1|2005.945|Asia|,2005.945,-224.2,49.2063492063492,756,756,51.1904761904762,48.2142857142857
EPI_ISL_24606|Human|H5N1|2005.877|Asia|,2005.877,-230.8,49.8677248677249,756,756,53.1746031746032,48.2142857142857
EPI_ISL_24605|Human|H5N1|2006.044|Asia|,2006.044,-230.9,50,756,756,53.5714285714286,48.2142857142857
EPI_ISL_24604|Human|H5N1|2006.027|Asia|,2006.027,-230.9,50,756,756,53.5714285714286,48.2142857142857
EPI_ISL_24603|Human|H5N1|2005.852|Asia|,2005.852,-230.8,49.8677248677249,756,756,53.1746031746032,48.2142857142857
EPI_ISL_24753|Human|H5N1|2008|Asia|,2008,-232.8,49.6031746031746,756,756,51.984126984127,48.4126984126984
EPI_ISL_24752|Human|H5N1|2008|Asia|,2008,-234.2,49.6031746031746,756,756,51.984126984127,48.4126984126984
EPI_ISL_13243|Ferret|H5N1|2006.216|Europe|,2006.216,-232.1,49.4708994708995,756,756,51.984126984127,48.2142857142857
EPI_ISL_62768|Human|H5N1|2008.086|Asia|,2008.086,-232,49.0740740740741,756,756,50.7936507936508,48.2142857142857
EPI_ISL_64676|Human|H5N1|2005.853|Asia|,2005.853,-224.8,49.402390438247,753,753,51.792828685259,48.207171314741
EPI_ISL_64276|Human|H5N1|2006.606|Asia|,2006.606,-222.9,49.4708994708995,756,756,51.984126984127,48.2142857142857
EPI_ISL_64227|Human|H5N1|2006|Asia|,2006,-229.9,49.7354497354497,756,756,52.7777777777778,48.2142857142857
EPI_ISL_65327|Swine|H5N1|2004|Asia|,2004,-241.1,50,756,756,53.5714285714286,48.2142857142857
EPI_ISL_65326|Swine|H5N1|2004|Asia|,2004,-230.5,49.6031746031746,756,756,52.3809523809524,48.2142857142857
EPI_ISL_65197|Feline|H5N1|2004|Asia|,2004,-227.1,49.3386243386243,756,756,51.984126984127,48.015873015873
EPI_ISL_65196|Feline|H5N1|2004|Asia|,2004,-227.1,49.3386243386243,756,756,51.984126984127,48.015873015873
EPI_ISL_64915|Canine|H5N1|2005|Asia|,2005,-231.1,49.4708994708995,756,756,52.3809523809524,48.015873015873
EPI_ISL_64914|Canine|H5N1|2005|Asia|,2005,-232.1,49.6031746031746,756,756,52.7777777777778,48.015873015873
EPI_ISL_67419|Swine|H5N1|2003|Asia|,2003,-229.6,48.9417989417989,756,756,50.3968253968254,48.2142857142857
EPI_ISL_68652|Human|H5N1|1997|Asia|,1997,-224.9,50.4964539007092,705,705,50.2127659574468,50.6382978723404
EPI_ISL_68082|Swine|H5N1|2001|Asia|,2001,-227.4,49.6031746031746,756,756,51.984126984127,48.4126984126984
EPI_ISL_70397|Human|H5N1|2005.485|Asia|,2005.485,-229.7,49.4708994708995,756,756,52.3809523809524,48.015873015873
EPI_ISL_76976|Swine|H5N1|2007|Asia|,2007,-230.8,49.3386243386243,756,756,51.1904761904762,48.4126984126984
EPI_ISL_76975|Swine|H5N1|2006|Asia|,2006,-230.8,49.3386243386243,756,756,51.1904761904762,48.4126984126984
EPI_ISL_76974|Swine|H5N1|2007|Asia|,2007,-230.8,49.3386243386243,756,756,51.1904761904762,48.4126984126984
EPI_ISL_76973|Swine|H5N1|2007|Asia|,2007,-229.9,49.2063492063492,756,756,51.984126984127,47.8174603174603
EPI_ISL_76972|Swine|H5N1|2007|Asia|,2007,-230.8,49.3386243386243,756,756,51.1904761904762,48.4126984126984
EPI_ISL_76971|Swine|H5N1|2006|Asia|,2006,-229.9,49.2063492063492,756,756,51.984126984127,47.8174603174603
EPI_ISL_76970|Swine|H5N1|2006|Asia|,2006,-229.9,49.2063492063492,756,756,51.984126984127,47.8174603174603
EPI_ISL_76969|Swine|H5N1|2006|Asia|,2006,-230.8,49.3386243386243,756,756,51.1904761904762,48.4126984126984
EPI_ISL_76968|Swine|H5N1|2006|Asia|,2006,-229.9,49.2063492063492,756,756,51.984126984127,47.8174603174603
EPI_ISL_76967|Swine|H5N1|2005|Asia|,2005,-233.3,49.4708994708995,756,756,51.5873015873016,48.4126984126984
EPI_ISL_76966|Swine|H5N1|2005|Asia|,2005,-233.3,49.4708994708995,756,756,51.5873015873016,48.4126984126984
EPI_ISL_76965|Swine|H5N1|2005|Asia|,2005,-233.3,49.4708994708995,756,756,51.5873015873016,48.4126984126984
EPI_ISL_76964|Swine|H5N1|2005|Asia|,2005,-233.3,49.4708994708995,756,756,51.5873015873016,48.4126984126984
EPI_ISL_76684|Human|H5N1|2008.141|Asia|,2008.141,-232.1,50.2645502645503,756,756,54.3650793650794,48.2142857142857
EPI_ISL_76683|Human|H5N1|2008.119|Asia|,2008.119,-227.3,49.6031746031746,756,756,52.7777777777778,48.015873015873
EPI_ISL_76682|Human|H5N1|2008.108|Asia|,2008.108,-225.1,49.7354497354497,756,756,52.7777777777778,48.2142857142857
EPI_ISL_76681|Human|H5N1|2008.045|Asia|,2008.045,-229.8,49.3386243386243,756,756,51.1904761904762,48.4126984126984
EPI_ISL_76680|Human|H5N1|2007.952|Asia|,2007.952,-227.5,49.6031746031746,756,756,52.3809523809524,48.2142857142857
EPI_ISL_76679|Human|H5N1|2007.566|Asia|,2007.566,-228.3,49.4708994708995,756,756,51.984126984127,48.2142857142857
EPI_ISL_76678|Human|H5N1|2007.464|Asia|,2007.464,-227.6,49.7354497354497,756,756,52.7777777777778,48.2142857142857
EPI_ISL_76677|Human|H5N1|2007.437|Asia|,2007.437,-227.6,49.7354497354497,756,756,52.7777777777778,48.2142857142857
EPI_ISL_76676|Human|H5N1|2007|Asia|,2007,-227.6,49.7354497354497,756,756,52.7777777777778,48.2142857142857
EPI_ISL_76675|Human|H5N1|2007.379|Asia|,2007.379,-228.9,49.8677248677249,756,756,52.7777777777778,48.4126984126984
EPI_ISL_76674|Human|H5N1|2005.823|Asia|,2005.823,-229.4,50.1322751322751,756,756,53.968253968254,48.2142857142857
EPI_ISL_76673|Human|H5N1|2005.158|Asia|,2005.158,-229.7,49.4708994708995,756,756,52.3809523809524,48.015873015873
EPI_ISL_76672|Human|H5N1|2004.592|Asia|,2004.592,-222.4,49.2715231788079,755,756,51.792828685259,48.015873015873
EPI_ISL_76671|Human|H5N1|2004.57|Asia|,2004.57,-229.7,49.4708994708995,756,756,52.3809523809524,48.015873015873
EPI_ISL_76670|Human|H5N1|2004.042|Asia|,2004.042,-229.9,49.4708994708995,756,756,52.3809523809524,48.015873015873
EPI_ISL_76669|Human|H5N1|2004.053|Asia|,2004.053,-226.8,49.3386243386243,756,756,51.984126984127,48.015873015873
EPI_ISL_76668|Human|H5N1|2004.018|Asia|,2004.018,-223.8,49.0740740740741,756,756,51.1904761904762,48.015873015873
EPI_ISL_76667|Human|H5N1|2004.015|Asia|,2004.015,-222.7,49.1390728476821,755,756,51.394422310757,48.015873015873
EPI_ISL_76666|Human|H5N1|2003.999|Asia|,2003.999,-231.6,49.4708994708995,756,756,52.3809523809524,48.015873015873
EPI_ISL_76665|Human|H5N1|2003.993|Asia|,2003.993,-230.1,49.4708994708995,756,756,52.3809523809524,48.015873015873
EPI_ISL_76664|Human|H5N1|2003.993|Asia|,2003.993,-229.7,49.5364238410596,755,756,52.3809523809524,48.1113320079523
EPI_ISL_76663|Human|H5N1|2003.99|Asia|,2003.99,-230.2,49.4708994708995,756,756,52.3809523809524,48.015873015873
EPI_ISL_79685|Human|H5N1|2008.923|Asia|,2008.923,-230.2,50,756,756,53.968253968254,48.015873015873
EPI_ISL_79684|Human|H5N1|2007.921|Asia|,2007.921,-229.7,49.8677248677249,756,756,53.5714285714286,48.015873015873
EPI_ISL_79683|Human|H5N1|2007.896|Asia|,2007.896,-229.7,49.8677248677249,756,756,53.5714285714286,48.015873015873
EPI_ISL_79682|Human|H5N1|2007.132|Asia|,2007.132,-230.4,50.1322751322751,756,756,53.968253968254,48.2142857142857
EPI_ISL_79681|Human|H5N1|2006.463|Asia|,2006.463,-234.6,49.7354497354497,756,756,52.7777777777778,48.2142857142857
EPI_ISL_79680|Human|H5N1|2006.247|Asia|,2006.247,-231.2,49.5364238410596,755,756,52.191235059761,48.2142857142857
EPI_ISL_79679|Human|H5N1|2006.195|Asia|,2006.195,-229.9,49.7354497354497,756,756,52.7777777777778,48.2142857142857
EPI_ISL_79678|Human|H5N1|2006.142|Asia|,2006.142,-229.9,49.7354497354497,756,756,52.7777777777778,48.2142857142857
EPI_ISL_79677|Human|H5N1|2006.071|Asia|,2006.071,-228,49.8677248677249,756,756,53.1746031746032,48.2142857142857
EPI_ISL_73306|Human|H5N1|2008.126|Asia|,2008.126,-228.8,49.6031746031746,756,756,52.7777777777778,48.015873015873
EPI_ISL_73305|Human|H5N1|2008.115|Asia|,2008.115,-229.8,49.3386243386243,756,756,51.1904761904762,48.4126984126984
EPI_ISL_73303|Human|H5N1|2008.041|Asia|,2008.041,-234.4,49.8677248677249,756,756,53.5714285714286,48.015873015873
EPI_ISL_73302|Human|H5N1|2007.205|Asia|,2007.205,-230.8,49.7354497354497,756,756,52.7777777777778,48.2142857142857
EPI_ISL_73320|Human|H5N1|2006.94|Asia|,2006.94,-229.9,49.7354497354497,756,756,52.7777777777778,48.2142857142857
EPI_ISL_73299|Human|H5N1|2006.419|Asia|,2006.419,-229.8,49.8677248677249,756,756,53.1746031746032,48.2142857142857
EPI_ISL_73298|Human|H5N1|2006.288|Asia|,2006.288,-230.8,49.8677248677249,756,756,53.1746031746032,48.2142857142857
EPI_ISL_73294|Human|H5N1|2006.11|Asia|,2006.11,-230.8,49.8677248677249,756,756,53.1746031746032,48.2142857142857
EPI_ISL_77975|Human|H5N1|2004|Asia|,2004,-226.5,49.2063492063492,756,756,51.5873015873016,48.015873015873
EPI_ISL_77974|Human|H5N1|2004|Asia|,2004,-226.5,49.2063492063492,756,756,51.5873015873016,48.015873015873
EPI_ISL_77973|Human|H5N1|2004|Asia|,2004,-226.5,49.2063492063492,756,756,51.5873015873016,48.015873015873
EPI_ISL_77972|Human|H5N1|2004|Asia|,2004,-226.5,49.2063492063492,756,756,51.5873015873016,48.015873015873
EPI_ISL_77971|Human|H5N1|2004|Asia|,2004,-229.4,49.3386243386243,756,756,51.984126984127,48.015873015873
EPI_ISL_10060|Human|H5N1|2005|Asia|,2005,-229.4,50.1322751322751,756,756,53.968253968254,48.2142857142857
EPI_ISL_80494|Human|H5N1|2008.943|Asia|,2008.943,-225.6,49.0740740740741,756,756,51.984126984127,47.6190476190476
EPI_ISL_80471|Human|H5N1|2005.219|Asia|,2005.219,-224.9,49.527665317139,741,741,52.2267206477733,48.1781376518219
EPI_ISL_84853|Human|H5N1|2005.263|Asia|,2005.263,-219.6,49.5159059474412,723,723,51.8672199170125,48.3402489626556
EPI_ISL_90136|Human|H5N1|2005|Asia|,2005,-227.5,49.3386243386243,756,756,51.984126984127,48.015873015873
EPI_ISL_73304|Human|H5N1|2005.893|Asia|,2005.893,-216.5,49.8575498575499,702,702,52.5641025641026,48.5042735042735
EPI_ISL_110187|Human|H5N1|2004|Asia|,2004,-224.3,49.3386243386243,756,756,51.5873015873016,48.2142857142857
EPI_ISL_109928|Human|H5N1|2004|Asia|,2004,-224.3,49.0740740740741,756,756,51.1904761904762,48.015873015873
EPI_ISL_120244|Human|H5N1|2008|Africa|,2008,-227.2,49.3386243386243,756,756,51.5873015873016,48.2142857142857
EPI_ISL_124114|Human|H5N1|2005|Asia|,2005,-226.5,49.3386243386243,756,756,51.984126984127,48.015873015873
EPI_ISL_121541|Human|H5N1|2005|Asia|,2005,-228.8,49.2063492063492,756,756,51.5873015873016,48.015873015873
EPI_ISL_120232|Human|H5N1|2007.195|Africa|,2007.195,-227.8,49.4708994708995,756,756,51.984126984127,48.2142857142857
EPI_ISL_143547|Human|H5N1|2008.016|Asia|,2008.016,-227.3,49.6031746031746,756,756,52.7777777777778,48.015873015873
EPI_ISL_143546|Human|H5N1|2008.016|Asia|,2008.016,-225.1,49.7354497354497,756,756,52.7777777777778,48.2142857142857
EPI_ISL_143545|Human|H5N1|2007.512|Asia|,2007.512,-227.6,49.7354497354497,756,756,52.7777777777778,48.2142857142857
EPI_ISL_143490|Human|H5N1|2008.265|Asia|,2008.265,-229.8,49.3386243386243,756,756,51.1904761904762,48.4126984126984
EPI_ISL_144531|Swine|H5N1|2008.915|Asia|,2008.915,-234.1,49.6031746031746,756,756,52.3809523809524,48.2142857142857
EPI_ISL_150052|Human|H5N1|2008.309|Asia|,2008.309,-233.1,49.3386243386243,756,756,51.1904761904762,48.4126984126984
EPI_ISL_188694|Human|H5N1|2006.605|Asia|,2006.605,-222.9,49.4708994708995,756,756,51.984126984127,48.2142857142857
EPI_ISL_343407|Human|H5N1|2008.123|Asia|,2008.123,-231.5,49.2063492063492,756,756,50.7936507936508,48.4126984126984
EPI_ISL_343406|Human|H5N1|2008.085|Asia|,2008.085,-230.4,49.7354497354497,756,756,52.3809523809524,48.4126984126984
EPI_ISL_343385|Human|H5N1|2008.951|Asia|,2008.951,-233.6,49.6031746031746,756,756,52.7777777777778,48.015873015873
EPI_ISL_343384|Human|H5N1|2008.309|Asia|,2008.309,-230.4,49.7354497354497,756,756,52.3809523809524,48.4126984126984
EPI_ISL_343383|Human|H5N1|2008.238|Asia|,2008.238,-232.8,49.6031746031746,756,756,51.984126984127,48.4126984126984
EPI_ISL_343382|Human|H5N1|2008.23|Asia|,2008.23,-228.7,49.0740740740741,756,756,50.7936507936508,48.2142857142857
EPI_ISL_76081|Human|H5N1|2010.414|Asia|,2010.414,-239.5,49.4708994708995,756,756,52.7777777777778,47.8174603174603
EPI_ISL_79687|Human|H5N1|2009.06|Asia|,2009.06,-224.7,49.4708994708995,756,756,52.3809523809524,48.015873015873
EPI_ISL_79686|Human|H5N1|2009.019|Asia|,2009.019,-226.7,49.7354497354497,756,756,52.7777777777778,48.2142857142857
EPI_ISL_73308|Human|H5N1|2009.049|Asia|,2009.049,-231.6,49.5364238410596,755,756,51.984126984127,48.3101391650099
EPI_ISL_73309|Human|H5N1|2009.038|Asia|,2009.038,-225.7,49.6031746031746,756,756,52.3809523809524,48.2142857142857
EPI_ISL_73313|Human|H5N1|2009.025|Asia|,2009.025,-229,49.8677248677249,756,756,53.1746031746032,48.2142857142857
EPI_ISL_73312|Human|H5N1|2009.011|Asia|,2009.011,-227.6,49.2063492063492,756,756,51.5873015873016,48.015873015873
EPI_ISL_89366|Human|H5N1|2011.184|Asia|,2011.184,-233.9,49.2063492063492,756,756,51.1904761904762,48.2142857142857
EPI_ISL_96896|Human|H5N1|2010.384|Asia|,2010.384,-239.5,49.4708994708995,756,756,52.7777777777778,47.8174603174603
EPI_ISL_98855|Human|H5N1|2011.764|Asia|,2011.764,-238.2,49.7354497354497,756,756,53.5714285714286,47.8174603174603
EPI_ISL_98854|Human|H5N1|2011.764|Asia|,2011.764,-232.6,49.6031746031746,756,756,53.1746031746032,47.8174603174603
EPI_ISL_98741|Human|H5N1|2010.293|Asia|,2010.293,-229.3,49.2063492063492,756,756,51.5873015873016,48.015873015873
EPI_ISL_98740|Human|H5N1|2011.09|Asia|,2011.09,-223.2,49.1083676268861,729,729,51.0288065843621,48.1481481481481
EPI_ISL_100272|Human|H5N1|2011.989|Asia|,2011.989,-230.8,49.2577597840756,741,741,51.0121457489879,48.3805668016194
EPI_ISL_110159|Human|H5N1|2012.025|Asia|,2012.025,-228.8,48.8095238095238,756,756,50.3968253968254,48.015873015873
EPI_ISL_120290|Human|H5N1|2011.828|Africa|,2011.828,-221.7,49.3386243386243,756,756,51.1904761904762,48.4126984126984
EPI_ISL_120289|Human|H5N1|2011.97|Africa|,2011.97,-228.2,49.3386243386243,756,756,51.1904761904762,48.4126984126984
EPI_ISL_120288|Human|H5N1|2011.953|Africa|,2011.953,-228.2,49.3386243386243,756,756,51.1904761904762,48.4126984126984
EPI_ISL_120286|Human|H5N1|2011.915|Africa|,2011.915,-227.8,49.2063492063492,756,756,51.1904761904762,48.2142857142857
EPI_ISL_120285|Human|H5N1|2011.721|Africa|,2011.721,-227.5,49.2063492063492,756,756,50.7936507936508,48.4126984126984
EPI_ISL_120284|Human|H5N1|2011|Africa|,2011,-225.7,49.3386243386243,756,756,50.7936507936508,48.6111111111111
EPI_ISL_120283|Human|H5N1|2011|Africa|,2011,-228,49.2063492063492,756,756,50.7936507936508,48.4126984126984
EPI_ISL_120282|Human|H5N1|2011|Africa|,2011,-226.9,49.6031746031746,756,756,51.984126984127,48.4126984126984
EPI_ISL_120281|Human|H5N1|2011|Africa|,2011,-213.4,48.6772486772487,756,756,49.2063492063492,48.4126984126984
EPI_ISL_120280|Human|H5N1|2011|Africa|,2011,-225.9,49.4708994708995,756,756,51.5873015873016,48.4126984126984
EPI_ISL_120279|Human|H5N1|2011|Africa|,2011,-226.3,49.2063492063492,756,756,50.7936507936508,48.4126984126984
EPI_ISL_120278|Human|H5N1|2011|Africa|,2011,-223.8,49.2063492063492,756,756,50.7936507936508,48.4126984126984
EPI_ISL_120277|Human|H5N1|2011|Africa|,2011,-226.3,49.2063492063492,756,756,50.7936507936508,48.4126984126984
EPI_ISL_120276|Human|H5N1|2011|Africa|,2011,-228.1,49.3386243386243,756,756,51.1904761904762,48.4126984126984
EPI_ISL_120275|Human|H5N1|2011|Africa|,2011,-226.3,49.2063492063492,756,756,50.7936507936508,48.4126984126984
EPI_ISL_120259|Human|H5N1|2009.362|Africa|,2009.362,-229.2,49.2063492063492,756,756,50.7936507936508,48.4126984126984
EPI_ISL_120253|Human|H5N1|2009.375|Africa|,2009.375,-227.5,49.4708994708995,756,756,51.5873015873016,48.4126984126984
EPI_ISL_121190|Human|H5N1|2012.404|Asia|,2012.404,-235.3,49.2063492063492,756,756,51.1904761904762,48.2142857142857
EPI_ISL_121547|Ferret|H5N1|2012|Asia|,2012,-228.8,49.2063492063492,756,756,51.5873015873016,48.015873015873
EPI_ISL_121546|Ferret|H5N1|2012|Asia|,2012,-228.8,49.2063492063492,756,756,51.5873015873016,48.015873015873
EPI_ISL_121545|Ferret|H5N1|2012|Asia|,2012,-228.8,49.2063492063492,756,756,51.5873015873016,48.015873015873
EPI_ISL_121544|Ferret|H5N1|2012|Asia|,2012,-228.8,49.2063492063492,756,756,51.5873015873016,48.015873015873
EPI_ISL_121543|Ferret|H5N1|2012|Asia|,2012,-228.8,49.2063492063492,756,756,51.5873015873016,48.015873015873
EPI_ISL_121542|Ferret|H5N1|2012|Asia|,2012,-228.8,49.2063492063492,756,756,51.5873015873016,48.015873015873
EPI_ISL_135216|Human|H5N1|2013.104|Asia|,2013.104,-232.6,49.6031746031746,756,756,53.1746031746032,47.8174603174603
EPI_ISL_139509|Human|H5N1|2012.492|Asia|,2012.492,-237.4,49.4708994708995,756,756,53.1746031746032,47.6190476190476
EPI_ISL_139508|Human|H5N1|2012.161|Asia|,2012.161,-235.4,49.3386243386243,756,756,51.984126984127,48.015873015873
EPI_ISL_141267|Human|H5N1|2011.178|Asia|,2011.178,-234.6,49.0740740740741,756,756,50.7936507936508,48.2142857142857
EPI_ISL_143548|Human|H5N1|2009.115|Asia|,2009.115,-229.1,49.6031746031746,756,756,52.3809523809524,48.2142857142857
EPI_ISL_143544|Human|H5N1|2010.186|Asia|,2010.186,-231.1,50.3968253968254,756,756,54.3650793650794,48.4126984126984
EPI_ISL_143543|Human|H5N1|2009.088|Asia|,2009.088,-231.1,50.2645502645503,756,756,54.3650793650794,48.2142857142857
EPI_ISL_143542|Human|H5N1|2010.252|Asia|,2010.252,-223.3,49.3386243386243,756,756,51.5873015873016,48.2142857142857
EPI_ISL_143489|Human|H5N1|2009.192|Asia|,2009.192,-228.1,49.6031746031746,756,756,52.7777777777778,48.015873015873
EPI_ISL_143488|Human|H5N1|2012.036|Asia|,2012.036,-232.1,49.3386243386243,756,756,51.984126984127,48.015873015873
EPI_ISL_143494|Human|H5N1|2012.194|Africa|,2012.194,-228.4,49.6031746031746,756,756,51.984126984127,48.4126984126984
EPI_ISL_144532|Swine|H5N1|2009|Asia|,2009,-235.1,49.6031746031746,756,756,52.3809523809524,48.2142857142857
EPI_ISL_150197|Human|H5N1|2009.156|Asia|,2009.156,-235.9,49.4708994708995,756,756,52.3809523809524,48.015873015873
EPI_ISL_150014|Human|H5N1|2013.066|Asia|,2013.066,-229.5,48.8095238095238,756,756,51.5873015873016,47.4206349206349
EPI_ISL_151057|Human|H5N1|2011.266|Asia|,2011.266,-228.6,49.3386243386243,756,756,51.1904761904762,48.4126984126984
EPI_ISL_150577|Human|H5N1|2011.09|Asia|,2011.09,-228.5,49.0740740740741,756,756,50.7936507936508,48.2142857142857
EPI_ISL_150573|Human|H5N1|2010.414|Asia|,2010.414,-231.9,49.3386243386243,756,756,51.984126984127,48.015873015873
EPI_ISL_150551|Human|H5N1|2010.707|Asia|,2010.707,-235.1,49.2063492063492,756,756,51.5873015873016,48.015873015873
EPI_ISL_150550|Human|H5N1|2010.312|Asia|,2010.312,-232.2,49.0740740740741,756,756,50.3968253968254,48.4126984126984
EPI_ISL_150548|Human|H5N1|2010.888|Asia|,2010.888,-229.1,48.6772486772487,756,756,50,48.015873015873
EPI_ISL_151134|Feline|H5N1|2013.052|Asia|,2013.052,-227.8,49.2063492063492,756,756,51.1904761904762,48.2142857142857
EPI_ISL_162425|Human|H5N1|2013.159|Asia|,2013.159,-228,48.5449735449735,756,756,50.7936507936508,47.4206349206349
EPI_ISL_165438|Human|H5N1|2011.797|Asia|,2011.797,-227.4,48.6772486772487,756,756,49.6031746031746,48.2142857142857
EPI_ISL_166661|Human|H5N1|2012.396|Asia|,2012.396,-232.1,49.3386243386243,756,756,51.984126984127,48.015873015873
EPI_ISL_166660|Human|H5N1|2012.24|Asia|,2012.24,-234,49.0740740740741,756,756,51.1904761904762,48.015873015873
EPI_ISL_166640|Human|H5N1|2013.132|Asia|,2013.132,-228.9,48.9417989417989,756,756,51.984126984127,47.4206349206349
EPI_ISL_166638|Human|H5N1|2013.099|Asia|,2013.099,-232,48.9417989417989,756,756,51.984126984127,47.4206349206349
EPI_ISL_166637|Human|H5N1|2013.06|Asia|,2013.06,-229.5,48.8095238095238,756,756,51.5873015873016,47.4206349206349
EPI_ISL_166636|Human|H5N1|2013.022|Asia|,2013.022,-235.5,48.6772486772487,756,756,50.7936507936508,47.6190476190476
EPI_ISL_166659|Feline|H5N1|2013.195|Asia|,2013.195,-233.2,48.8095238095238,756,756,51.5873015873016,47.4206349206349
EPI_ISL_191956|Human|H5N1|2013.255|Asia|,2013.255,-228.5,48.5449735449735,756,756,50.7936507936508,47.4206349206349
EPI_ISL_195244|Human|H5N1|2012.145|Asia|,2012.145,-229,49.3386243386243,756,756,51.984126984127,48.015873015873
EPI_ISL_343391|Human|H5N1|2010.414|Asia|,2010.414,-228.8,49.3386243386243,756,756,51.984126984127,48.015873015873
EPI_ISL_343397|Human|H5N1|2011.597|Asia|,2011.597,-238.2,49.7354497354497,756,756,53.5714285714286,47.8174603174603
EPI_ISL_343396|Human|H5N1|2011.266|Asia|,2011.266,-229.5,49.3386243386243,756,756,51.1904761904762,48.4126984126984
EPI_ISL_343395|Human|H5N1|2011.088|Asia|,2011.088,-231.4,49.4708994708995,756,756,52.3809523809524,48.015873015873
EPI_ISL_343394|Human|H5N1|2011.09|Asia|,2011.09,-228.3,48.9417989417989,756,756,50.7936507936508,48.015873015873
EPI_ISL_343393|Human|H5N1|2010.888|Asia|,2010.888,-229.1,48.6772486772487,756,756,50,48.015873015873
EPI_ISL_343392|Human|H5N1|2010.512|Asia|,2010.512,-227.4,48.9417989417989,756,756,50.7936507936508,48.015873015873
EPI_ISL_343390|Human|H5N1|2010.312|Asia|,2010.312,-232.2,49.0740740740741,756,756,50.3968253968254,48.4126984126984
EPI_ISL_343389|Human|H5N1|2009.408|Asia|,2009.408,-231.9,49.4708994708995,756,756,51.5873015873016,48.4126984126984
EPI_ISL_343388|Human|H5N1|2009.386|Asia|,2009.386,-232,49.3386243386243,756,756,51.984126984127,48.015873015873
EPI_ISL_343387|Human|H5N1|2009.156|Asia|,2009.156,-232.5,49.4708994708995,756,756,52.3809523809524,48.015873015873
EPI_ISL_343386|Human|H5N1|2009.058|Asia|,2009.058,-232.5,49.4708994708995,756,756,52.3809523809524,48.015873015873
EPI_ISL_343405|Human|H5N1|2009.071|Asia|,2009.071,-232.5,49.7354497354497,756,756,53.1746031746032,48.015873015873
EPI_ISL_343411|Human|H5N1|2009.06|Asia|,2009.06,-228.5,49.6031746031746,756,756,51.984126984127,48.4126984126984
EPI_ISL_343410|Human|H5N1|2011.17|Asia|,2011.17,-228.8,49.3386243386243,756,756,51.984126984127,48.015873015873
EPI_ISL_343408|Human|H5N1|2010.647|Asia|,2010.647,-229.9,49.2063492063492,756,756,51.5873015873016,48.015873015873
EPI_ISL_343400|Human|H5N1|2012.582|Asia|,2012.582,-235,49.4708994708995,756,756,52.3809523809524,48.015873015873
EPI_ISL_343399|Human|H5N1|2012.142|Asia|,2012.142,-237.5,49.4708994708995,756,756,52.7777777777778,47.8174603174603
EPI_ISL_343398|Human|H5N1|2012.115|Asia|,2012.115,-237.5,49.4708994708995,756,756,52.7777777777778,47.8174603174603
EPI_ISL_378627|Meerkat|H5N1|2012.331|Asia|,2012.331,-235.8,49.4708994708995,756,756,51.984126984127,48.2142857142857
EPI_ISL_891209|Human|H5N1|2011|Asia|,2011,-234.7,49.0740740740741,756,756,50.7936507936508,48.2142857142857
EPI_ISL_502207|Ferret|H5N1|2018.526|Asia|,2018.526,-229.9,48.4126984126984,756,756,47.6190476190476,48.8095238095238
EPI_ISL_8799552|Human|H5N1|2021.984|Europe|,2021.984,-272.6,51.3227513227513,756,756,54.7619047619048,49.6031746031746
EPI_ISL_144507|Human|H5N1|2013.46|Asia|,2013.46,-233.4,49.3386243386243,756,756,52.3809523809524,47.8174603174603
EPI_ISL_154130|Human|H5N1|2014.005|NorthAmerica|,2014.005,-226.2,48.8095238095238,756,756,50,48.2142857142857
EPI_ISL_150015|Human|H5N1|2013.603|Asia|,2013.603,-227.9,48.9417989417989,756,756,51.984126984127,47.4206349206349
EPI_ISL_162667|Human|H5N1|2014.296|Asia|,2014.296,-233.5,48.9417989417989,756,756,51.1904761904762,47.8174603174603
EPI_ISL_162429|Human|H5N1|2013.805|Asia|,2013.805,-230.4,48.8095238095238,756,756,51.5873015873016,47.4206349206349
EPI_ISL_162428|Human|H5N1|2013.707|Asia|,2013.707,-223.4,49.0437158469945,732,732,52.0491803278688,47.5409836065574
EPI_ISL_162427|Human|H5N1|2013.699|Asia|,2013.699,-221.5,48.9626556016597,723,723,51.4522821576763,47.7178423236515
EPI_ISL_162424|Human|H5N1|2013.622|Asia|,2013.622,-225.1,48.6772486772487,756,756,51.1904761904762,47.4206349206349
EPI_ISL_162420|Human|H5N1|2013.515|Asia|,2013.515,-230.3,48.9417989417989,756,756,51.984126984127,47.4206349206349
EPI_ISL_162419|Human|H5N1|2013.488|Asia|,2013.488,-229.5,48.8095238095238,756,756,51.5873015873016,47.4206349206349
EPI_ISL_167907|Human|H5N1|2014.428|Asia|,2014.428,-232.6,49.0740740740741,756,756,51.5873015873016,47.8174603174603
EPI_ISL_174852|Human|H5N1|2014.907|Africa|,2014.907,-230.5,49.6031746031746,756,756,51.5873015873016,48.6111111111111
EPI_ISL_174851|Human|H5N1|2014.901|Africa|,2014.901,-228.5,49.4708994708995,756,756,51.1904761904762,48.6111111111111
EPI_ISL_191955|Human|H5N1|2014.074|Asia|,2014.074,-229.1,48.9417989417989,756,756,51.984126984127,47.4206349206349
EPI_ISL_191954|Human|H5N1|2014.047|Asia|,2014.047,-227.7,48.8095238095238,756,756,51.5873015873016,47.4206349206349
EPI_ISL_195659|Human|H5N1|2015.038|Africa|,2015.038,-226,49.5364238410596,755,756,51.394422310757,48.6111111111111
EPI_ISL_195245|Human|H5N1|2013.871|Asia|,2013.871,-228.5,48.5449735449735,756,756,50.7936507936508,47.4206349206349
EPI_ISL_221726|Feline|H5N1|2014.953|Asia|,2014.953,-230.8,48.5449735449735,756,756,49.6031746031746,48.015873015873
EPI_ISL_221723|Feline|H5N1|2014.266|Asia|,2014.266,-224.5,48.5449735449735,756,756,49.6031746031746,48.015873015873
EPI_ISL_221722|Feline|H5N1|2015.611|Asia|,2015.611,-229.5,49.7354497354497,756,756,50.3968253968254,49.4047619047619
EPI_ISL_226074|Swine|H5N1|2014.838|Asia|,2014.838,-230.5,49.6031746031746,756,756,52.3809523809524,48.2142857142857
EPI_ISL_226073|Swine|H5N1|2014.784|Asia|,2014.784,-231,49.4708994708995,756,756,51.5873015873016,48.4126984126984
EPI_ISL_243348|Ferret|H5N1|2015.493|Asia|,2015.493,-232,49.8677248677249,756,756,50.7936507936508,49.4047619047619
EPI_ISL_243347|Ferret|H5N1|2015.512|Asia|,2015.512,-222.6,48.4126984126984,756,756,48.8095238095238,48.2142857142857
EPI_ISL_255387|Human|H5N1|2014.175|Asia|,2014.175,-226.6,48.5449735449735,756,756,50.7936507936508,47.4206349206349
EPI_ISL_255386|Human|H5N1|2014.173|Asia|,2014.173,-226.6,48.5449735449735,756,756,50.7936507936508,47.4206349206349
EPI_ISL_255593|Human|H5N1|2014.175|Asia|,2014.175,-220.3,48.2804232804233,756,756,50.3968253968254,47.2222222222222
EPI_ISL_262572|Human|H5N1|2014.863|Africa|,2014.863,-226.1,49.2063492063492,756,756,50.7936507936508,48.4126984126984
EPI_ISL_343404|Human|H5N1|2015.227|Asia|,2015.227,-229.1,49.0740740740741,756,756,51.5873015873016,47.8174603174603
EPI_ISL_343403|Human|H5N1|2015.225|Asia|,2015.225,-229.1,49.0740740740741,756,756,51.5873015873016,47.8174603174603
EPI_ISL_343402|Human|H5N1|2013.86|Asia|,2013.86,-233.4,49.2063492063492,756,756,51.984126984127,47.8174603174603
EPI_ISL_343401|Human|H5N1|2013.737|Asia|,2013.737,-235.8,49.3386243386243,756,756,52.3809523809524,47.8174603174603
EPI_ISL_379574|Human|H5N1|2015.055|Asia|,2015.055,-230.2,49.6031746031746,756,756,50.3968253968254,49.2063492063492
EPI_ISL_393329|Swine|H5N1|2015|Asia|,2015,-236,48.9417989417989,756,756,50.3968253968254,48.2142857142857
EPI_ISL_244744|Feline|H5N1|2016.279|Asia|,2016.279,-231.5,50,756,756,51.1904761904762,49.4047619047619
EPI_ISL_376124|Ferret|H5N1|2017.43|Asia|,2017.43,-228.3,49.7354497354497,756,756,50.3968253968254,49.4047619047619
EPI_ISL_354656|Human|H5N1|2019.227|Asia|,2019.227,-227.4,48.2804232804233,756,756,48.4126984126984,48.2142857142857
EPI_ISL_354655|Human|H5N1|2019.227|Asia|,2019.227,-227.4,48.2804232804233,756,756,48.4126984126984,48.2142857142857
EPI_ISL_358020|Human|H5N1|2019.227|Asia|,2019.227,-227.4,48.2804232804233,756,756,48.4126984126984,48.2142857142857
EPI_ISL_877035|Human|H5N1|2020.79|Asia|,2020.79,-229.6,48.6772486772487,756,756,51.1904761904762,47.4206349206349
EPI_ISL_3547|Human|H7N7|2003|Europe|,2003,-255.1,50.3968253968254,756,756,52.7777777777778,49.2063492063492
EPI_ISL_29945|Equine|H7N7|1966|NorthAmerica|,1966,-216.4,46.2962962962963,756,756,43.6507936507937,47.6190476190476
EPI_ISL_89157|Equine|H7N7|1956.443|Europe|,1956.443,-216,45.8994708994709,756,756,42.8571428571429,47.4206349206349
EPI_ISL_132868|Equine|H7N7|1956|Europe|,1956,-219.3,45.7671957671958,756,756,42.4603174603175,47.4206349206349
EPI_ISL_171318|Human|H7N7|2013.682|Europe|,2013.682,-265.2,51.0582010582011,756,756,55.1587301587302,49.0079365079365
EPI_ISL_5226|Human|H1N2|2003.31|NorthAmerica|seasonal,2003.31,-238.7,47.4867724867725,756,756,45.6349206349206,48.4126984126984
EPI_ISL_6423|Human|H1N2|2003|NorthAmerica|seasonal,2003,-238.7,47.4867724867725,756,756,45.6349206349206,48.4126984126984
EPI_ISL_8267|Human|H1N2|2003.266|NorthAmerica|seasonal,2003.266,-238.7,47.3544973544974,756,756,45.2380952380952,48.4126984126984
EPI_ISL_8266|Human|H1N2|2003.079|NorthAmerica|seasonal,2003.079,-237,47.3544973544974,756,756,45.2380952380952,48.4126984126984
EPI_ISL_8263|Human|H1N2|2003.167|NorthAmerica|seasonal,2003.167,-238.7,47.4867724867725,756,756,45.6349206349206,48.4126984126984
EPI_ISL_8230|Human|H1N2|2003.041|NorthAmerica|seasonal,2003.041,-238.7,47.4867724867725,756,756,45.6349206349206,48.4126984126984
EPI_ISL_8229|Human|H1N2|2003.112|NorthAmerica|seasonal,2003.112,-238.7,47.4867724867725,756,756,45.6349206349206,48.4126984126984
EPI_ISL_8205|Human|H1N2|2003.107|NorthAmerica|seasonal,2003.107,-238.7,47.4867724867725,756,756,45.6349206349206,48.4126984126984
EPI_ISL_8702|Human|H1N2|2003.173|NorthAmerica|seasonal,2003.173,-238.7,47.4867724867725,756,756,45.6349206349206,48.4126984126984
EPI_ISL_8691|Human|H1N2|2003.033|NorthAmerica|seasonal,2003.033,-238.7,47.4867724867725,756,756,45.6349206349206,48.4126984126984
EPI_ISL_8653|Human|H1N2|2002.956|NorthAmerica|seasonal,2002.956,-239,47.3544973544974,756,756,45.2380952380952,48.4126984126984
EPI_ISL_8607|Human|H1N2|2003.099|NorthAmerica|seasonal,2003.099,-239.7,47.4867724867725,756,756,45.6349206349206,48.4126984126984
EPI_ISL_8997|Human|H1N2|2003.11|NorthAmerica|seasonal,2003.11,-238.7,47.4867724867725,756,756,45.6349206349206,48.4126984126984
EPI_ISL_8996|Human|H1N2|2003.071|NorthAmerica|seasonal,2003.071,-238.7,47.4867724867725,756,756,45.6349206349206,48.4126984126984
EPI_ISL_8970|Human|H1N2|2003.088|NorthAmerica|seasonal,2003.088,-238.7,47.4867724867725,756,756,45.6349206349206,48.4126984126984
EPI_ISL_8960|Human|H1N2|2003.326|NorthAmerica|seasonal,2003.326,-236.5,47.2222222222222,756,756,44.8412698412698,48.4126984126984
EPI_ISL_9052|Human|H1N2|2003|NorthAmerica|seasonal,2003,-238.7,47.4867724867725,756,756,45.6349206349206,48.4126984126984
EPI_ISL_9037|Human|H1N2|2003.077|NorthAmerica|seasonal,2003.077,-238.7,47.4867724867725,756,756,45.6349206349206,48.4126984126984
EPI_ISL_9881|Swine|H1N2|2003|NorthAmerica|,2003,-241.5,47.7513227513228,756,756,46.4285714285714,48.4126984126984
EPI_ISL_9538|Swine|H1N2|2004|Asia|,2004,-227.9,48.015873015873,756,756,46.031746031746,49.0079365079365
EPI_ISL_13920|Swine|H1N2|2005|Asia|,2005,-246.2,48.8095238095238,756,756,49.6031746031746,48.4126984126984
EPI_ISL_15606|Human|H1N2|2003|Europe|seasonal,2003,-238.7,47.4867724867725,756,756,45.6349206349206,48.4126984126984
EPI_ISL_28433|Swine|H1N2|1980|Asia|,1980,-235.9,48.015873015873,756,756,46.8253968253968,48.6111111111111
EPI_ISL_30055|Human|H1N2|2007.63|NorthAmerica|,2007.63,-233.4,48.8095238095238,756,756,48.4126984126984,49.0079365079365
EPI_ISL_29769|Swine|H1N2|2003.31|Asia|,2003.31,-227,48.2804232804233,756,756,46.8253968253968,49.0079365079365
EPI_ISL_88949|Swine|H1N2|1999.97|Asia|,1999.97,-225.3,48.1481481481481,756,756,45.6349206349206,49.4047619047619
EPI_ISL_88371|Swine|H1N2|2006.025|Asia|,2006.025,-230.3,49.0740740740741,756,756,50.3968253968254,48.4126984126984
EPI_ISL_88362|Swine|H1N2|2004.784|Asia|,2004.784,-227,48.2804232804233,756,756,46.8253968253968,49.0079365079365
EPI_ISL_88357|Swine|H1N2|2004.21|Asia|,2004.21,-223.2,48.015873015873,756,756,46.4285714285714,48.8095238095238
EPI_ISL_88356|Swine|H1N2|2004.145|Asia|,2004.145,-225.5,48.015873015873,756,756,46.031746031746,49.0079365079365
EPI_ISL_88354|Swine|H1N2|2003.953|Asia|,2003.953,-228,48.015873015873,756,756,46.031746031746,49.0079365079365
EPI_ISL_88352|Swine|H1N2|2003.789|Asia|,2003.789,-227.8,47.8835978835979,756,756,45.6349206349206,49.0079365079365
EPI_ISL_88350|Swine|H1N2|2003.616|Asia|,2003.616,-218.8,48.2804232804233,756,756,46.8253968253968,49.0079365079365
EPI_ISL_88349|Swine|H1N2|2003.521|Asia|,2003.521,-218.8,48.2804232804233,756,756,46.8253968253968,49.0079365079365
EPI_ISL_88343|Swine|H1N2|2002.688|Asia|,2002.688,-227.1,47.2222222222222,756,756,44.4444444444444,48.6111111111111
EPI_ISL_88342|Swine|H1N2|2002.614|Asia|,2002.614,-215.4,48.015873015873,756,756,46.4285714285714,48.8095238095238
EPI_ISL_88338|Swine|H1N2|2002.055|Asia|,2002.055,-227.9,48.2804232804233,756,756,46.8253968253968,49.0079365079365
EPI_ISL_88330|Swine|H1N2|2001.389|Asia|,2001.389,-220.5,47.8835978835979,756,756,46.031746031746,48.8095238095238
EPI_ISL_103792|Swine|H1N2|2007.915|Asia|,2007.915,-228.3,49.4708994708995,756,756,51.1904761904762,48.6111111111111
EPI_ISL_126261|Human|H1N2|2007.63|NorthAmerica|,2007.63,-233.4,48.8095238095238,756,756,48.4126984126984,49.0079365079365
EPI_ISL_96979|Swine|H1N2|2010.156|Asia|,2010.156,-234.4,48.9417989417989,756,756,49.6031746031746,48.6111111111111
EPI_ISL_96978|Swine|H1N2|2010.156|Asia|,2010.156,-234.4,48.9417989417989,756,756,49.6031746031746,48.6111111111111
EPI_ISL_96977|Swine|H1N2|2010.156|Asia|,2010.156,-233.9,49.0740740740741,756,756,50,48.6111111111111
EPI_ISL_96976|Swine|H1N2|2010.156|Asia|,2010.156,-233.9,49.0740740740741,756,756,50,48.6111111111111
EPI_ISL_96975|Swine|H1N2|2010.156|Asia|,2010.156,-233.9,49.0740740740741,756,756,50,48.6111111111111
EPI_ISL_99810|Human|H1N2|2011.841|NorthAmerica|,2011.841,-227,48.8529014844804,741,741,47.7732793522267,49.3927125506073
EPI_ISL_119366|Swine|H1N2|2011.071|NorthAmerica|,2011.071,-220.6,48.5449735449735,756,756,48.4126984126984,48.6111111111111
EPI_ISL_126260|Human|H1N2|2011.841|NorthAmerica|,2011.841,-227.2,48.6772486772487,756,756,47.6190476190476,49.2063492063492
EPI_ISL_129684|Human|H1N2|2012.653|NorthAmerica|,2012.653,-239.4,48.5449735449735,756,756,49.6031746031746,48.015873015873
EPI_ISL_181100|Swine|H1N2|2012.087|Asia|,2012.087,-247.5,48.9417989417989,756,756,50,48.4126984126984
EPI_ISL_181099|Swine|H1N2|2012.087|Asia|,2012.087,-234.7,48.5449735449735,756,756,49.2063492063492,48.2142857142857
EPI_ISL_181098|Swine|H1N2|2012.087|Asia|,2012.087,-234.7,48.5449735449735,756,756,49.2063492063492,48.2142857142857
EPI_ISL_181097|Swine|H1N2|2012.087|Asia|,2012.087,-249.8,48.8095238095238,756,756,50,48.2142857142857
EPI_ISL_281918|Swine|H1N2|2013.277|NorthAmerica|,2013.277,-223.3,48.2804232804233,756,756,47.2222222222222,48.8095238095238
EPI_ISL_505233|Swine|H1N2|2011.992|Europe|,2011.992,-233.9,48.5449735449735,756,756,48.8095238095238,48.4126984126984
EPI_ISL_320690|Human|H1N2|2018.578|NorthAmerica|,2018.578,-249.5,48.6772486772487,756,756,50,48.015873015873
EPI_ISL_320687|Human|H1N2|2018.578|NorthAmerica|,2018.578,-249.5,48.6772486772487,756,756,50,48.015873015873
EPI_ISL_320686|Human|H1N2|2018.57|NorthAmerica|,2018.57,-249.5,48.6772486772487,756,756,50,48.015873015873
EPI_ISL_320688|Human|H1N2|2018.597|NorthAmerica|,2018.597,-249.5,48.6772486772487,756,756,50,48.015873015873
EPI_ISL_320689|Human|H1N2|2018.578|NorthAmerica|,2018.578,-238.3,47.7513227513228,756,756,47.6190476190476,47.8174603174603
EPI_ISL_329970|Human|H1N2|2018.633|NorthAmerica|,2018.633,-245,48.8529014844804,741,741,50.2024291497976,48.1781376518219
EPI_ISL_329967|Human|H1N2|2018.603|NorthAmerica|,2018.603,-248.6,48.5449735449735,756,756,49.6031746031746,48.015873015873
EPI_ISL_329969|Human|H1N2|2018.597|NorthAmerica|,2018.597,-247.6,48.6772486772487,756,756,50,48.015873015873
EPI_ISL_329968|Human|H1N2|2018.595|NorthAmerica|,2018.595,-249.5,48.6772486772487,756,756,50,48.015873015873
EPI_ISL_1897643|Human|H1N2|2021|NorthAmerica|,2021,-243.7,47.8145695364238,755,756,47.4103585657371,48.015873015873
EPI_ISL_4106156|Human|H1N2|2021.627|Europe|,2021.627,-233.8,48.8095238095238,756,756,49.6031746031746,48.4126984126984
EPI_ISL_7334895|Human|H1N2|2021.721|NorthAmerica|,2021.721,-226.7,47.6190476190476,756,756,46.031746031746,48.4126984126984
EPI_ISL_10877204|Human|H1N2|2021.986|NorthAmerica|,2021.986,-245.2,47.8835978835979,756,756,48.4126984126984,47.6190476190476
EPI_ISL_10864794|Human|H1N2|2021.986|NorthAmerica|,2021.986,-245.2,47.8835978835979,756,756,48.4126984126984,47.6190476190476
EPI_ISL_223342|Human|H1N2|2015.904|SouthAmerica|,2015.904,-241.3,48.2804232804233,756,756,48.8095238095238,48.015873015873
EPI_ISL_700766|Swine|H1N2|2015.247|SouthAmerica|,2015.247,-242.7,48.4126984126984,756,756,48.8095238095238,48.2142857142857
EPI_ISL_700759|Swine|H1N2|2015.085|SouthAmerica|,2015.085,-248.2,48.9417989417989,756,756,50,48.4126984126984
EPI_ISL_221825|Human|H1N2|2016.24|NorthAmerica|,2016.24,-231.5,48.015873015873,756,756,48.015873015873,48.015873015873
EPI_ISL_230639|Human|H1N2|2016.437|NorthAmerica|,2016.437,-242.8,48.1481481481481,756,756,48.4126984126984,48.015873015873
EPI_ISL_230638|Human|H1N2|2016.265|NorthAmerica|,2016.265,-245.7,47.8835978835979,756,756,47.6190476190476,48.015873015873
EPI_ISL_277244|Human|H1N2|2017.625|NorthAmerica|,2017.625,-233.7,47.7513227513228,756,756,47.2222222222222,48.015873015873
EPI_ISL_277243|Human|H1N2|2017.562|NorthAmerica|,2017.562,-242.1,48.5449735449735,756,756,49.2063492063492,48.2142857142857
EPI_ISL_330080|Human|H1N2|2017.797|NorthAmerica|,2017.797,-229,48.2804232804233,756,756,48.015873015873,48.4126984126984
EPI_ISL_6781349|Swine|H1N2|2020.454|Europe|,2020.454,-243.4,48.1481481481481,756,756,48.4126984126984,48.015873015873
EPI_ISL_6781340|Swine|H1N2|2020.454|Europe|,2020.454,-243.6,48.2804232804233,756,756,48.8095238095238,48.015873015873
EPI_ISL_1767|Swine|H4N6|1999|NorthAmerica|,1999,-255.4,50.9259259259259,756,756,54.3650793650794,49.2063492063492
EPI_ISL_163594|Seal|H4N6|2002.548|Europe|,2002.548,-261.3,51.3227513227513,756,756,55.952380952381,49.0079365079365
EPI_ISL_163595|Seal|H4N6|2012.754|Europe|,2012.754,-261.3,51.3227513227513,756,756,55.952380952381,49.0079365079365
EPI_ISL_213836|Swine|H4N6|2015.956|NorthAmerica|,2015.956,-255.3,50.6613756613757,756,756,53.5714285714286,49.2063492063492
EPI_ISL_4040|Swine|H3N3|2001|NorthAmerica|,2001,-261.4,51.0582010582011,756,756,54.7619047619048,49.2063492063492
EPI_ISL_4039|Swine|H3N3|2001|NorthAmerica|,2001,-259.6,51.3227513227513,756,756,55.5555555555556,49.2063492063492
EPI_ISL_12597|Human|H9N2|2000|Asia|,2000,-248.7,49.6031746031746,756,756,51.5873015873016,48.6111111111111
EPI_ISL_12580|Swine|H9N2|2005|Asia|,2005,-242.7,50.3968253968254,756,756,53.5714285714286,48.8095238095238
EPI_ISL_13020|Swine|H9N2|2005|Asia|,2005,-238.5,50.5291005291005,756,756,53.5714285714286,49.0079365079365
EPI_ISL_13023|Swine|H9N2|2005|Asia|,2005,-238.7,49.8677248677249,756,756,52.3809523809524,48.6111111111111
EPI_ISL_13022|Swine|H9N2|2005|Asia|,2005,-242.7,50.3968253968254,756,756,53.5714285714286,48.8095238095238
EPI_ISL_15584|Swine|H9N2|2004|Asia|,2004,-243.4,50.5291005291005,756,756,53.5714285714286,49.0079365079365
EPI_ISL_15583|Swine|H9N2|2004|Asia|,2004,-241.3,50.3968253968254,756,756,53.1746031746032,49.0079365079365
EPI_ISL_65625|Swine|H9N2|2004|Asia|,2004,-259.6,50.7936507936508,756,756,54.7619047619048,48.8095238095238
EPI_ISL_66541|Ferret|H9N2|2008|NorthAmerica|,2008,-243.4,48.2804232804233,756,756,47.6190476190476,48.6111111111111
EPI_ISL_67424|Swine|H9N2|2003|Asia|,2003,-245.8,50.3968253968254,756,756,53.1746031746032,49.0079365079365
EPI_ISL_81609|Swine|H9N2|2007.085|Asia|,2007.085,-245.6,50.1322751322751,756,756,53.1746031746032,48.6111111111111
EPI_ISL_81608|Swine|H9N2|2007.085|Asia|,2007.085,-247.7,50.2645502645503,756,756,53.1746031746032,48.8095238095238
EPI_ISL_81611|Swine|H9N2|2007.085|Asia|,2007.085,-252.3,50.2645502645503,756,756,53.1746031746032,48.8095238095238
EPI_ISL_81610|Swine|H9N2|2007.085|Asia|,2007.085,-247.7,50.2645502645503,756,756,53.1746031746032,48.8095238095238
EPI_ISL_84440|Swine|H9N2|2008.833|Asia|,2008.833,-231.7,49.8677248677249,756,756,50.3968253968254,49.6031746031746
EPI_ISL_84439|Swine|H9N2|2008.749|Asia|,2008.749,-226.8,49.7354497354497,756,756,51.1904761904762,49.0079365079365
EPI_ISL_243355|Swine|H9N2|1998|Asia|,1998,-236.4,49.6031746031746,756,756,50.7936507936508,49.0079365079365
EPI_ISL_235799|Human|H9N2|2004.467|Asia|,2004.467,-230.9,49.8677248677249,756,756,50.7936507936508,49.4047619047619
EPI_ISL_235795|Swine|H9N2|2008.751|Asia|,2008.751,-241.7,49.8677248677249,756,756,52.3809523809524,48.6111111111111
EPI_ISL_235759|Ferret|H9N2|2008|NorthAmerica|,2008,-240.7,49.8677248677249,756,756,51.1904761904762,49.2063492063492
EPI_ISL_235751|Ferret|H9N2|2008|NorthAmerica|,2008,-240.7,49.8677248677249,756,756,51.1904761904762,49.2063492063492
EPI_ISL_379214|Swine|H9N2|1998|Asia|,1998,-236.2,49.7354497354497,756,756,51.1904761904762,49.0079365079365
EPI_ISL_93624|Canine|H9N2|2011|Asia|,2011,-229.6,50,756,756,51.1904761904762,49.4047619047619
EPI_ISL_103210|Equine|H9N2|2011.208|Asia|,2011.208,-229.6,50,756,756,51.1904761904762,49.4047619047619
EPI_ISL_140388|Human|H9N2|2011.153|Asia|,2011.153,-251.6,49.0740740740741,756,756,48.4126984126984,49.4047619047619
EPI_ISL_139173|Swine|H9N2|2009.781|Asia|,2009.781,-224.9,49.6031746031746,756,756,50.7936507936508,49.0079365079365
EPI_ISL_139172|Swine|H9N2|2009.499|Asia|,2009.499,-226.9,49.8677248677249,756,756,51.5873015873016,49.0079365079365
EPI_ISL_179451|Swine|H9N2|2010.079|Asia|,2010.079,-241.7,49.8677248677249,756,756,52.3809523809524,48.6111111111111
EPI_ISL_229212|Swine|H9N2|2012.721|Asia|,2012.721,-270.8,50.3968253968254,756,756,52.7777777777778,49.2063492063492
EPI_ISL_235736|Ferret|H9N2|2012|NorthAmerica|,2012,-245.4,50,756,756,51.5873015873016,49.2063492063492
EPI_ISL_330737|Human|H9N2|2018.003|Asia|,2018.003,-232.1,50,756,756,51.5873015873016,49.2063492063492
EPI_ISL_337277|Human|H9N2|2018.06|Asia|,2018.06,-222.8,49.7354497354497,756,756,50.7936507936508,49.2063492063492
EPI_ISL_337279|Human|H9N2|2017.904|Asia|,2017.904,-224.7,48.9417989417989,756,756,48.4126984126984,49.2063492063492
EPI_ISL_345234|Human|H9N2|2018.797|Asia|,2018.797,-224.9,49.7354497354497,756,756,50.7936507936508,49.2063492063492
EPI_ISL_345235|Human|H9N2|2018.775|Asia|,2018.775,-229.2,49.8677248677249,756,756,51.984126984127,48.8095238095238
EPI_ISL_345236|Human|H9N2|2018.907|Asia|,2018.907,-223.4,49.6031746031746,756,756,50.7936507936508,49.0079365079365
EPI_ISL_3246989|Human|H9N2|2021.419|Asia|,2021.419,-233.8,49.4708994708995,756,756,50.7936507936508,48.8095238095238
EPI_ISL_2991499|Human|H9N2|2021.416|Asia|,2021.416,-233.8,49.4708994708995,756,756,50.7936507936508,48.8095238095238
EPI_ISL_3247000|Human|H9N2|2021.088|Asia|,2021.088,-236,50,756,756,51.5873015873016,49.2063492063492
EPI_ISL_3246991|Human|H9N2|2021.304|Asia|,2021.304,-231.1,49.2063492063492,756,756,49.6031746031746,49.0079365079365
EPI_ISL_3246998|Human|H9N2|2021.11|Asia|,2021.11,-243.5,49.8677248677249,756,756,51.1904761904762,49.2063492063492
EPI_ISL_3247002|Human|H9N2|2021.008|Asia|,2021.008,-242.6,50,756,756,51.984126984127,49.0079365079365
EPI_ISL_3247004|Human|H9N2|2021.071|Asia|,2021.071,-245.1,49.6031746031746,756,756,50.7936507936508,49.0079365079365
EPI_ISL_3247005|Human|H9N2|2021.047|Asia|,2021.047,-226.6,49.4708994708995,756,756,50.7936507936508,48.8095238095238
EPI_ISL_3246990|Human|H9N2|2021.321|Asia|,2021.321,-230,49.2063492063492,756,756,48.8095238095238,49.4047619047619
EPI_ISL_153064|Human|H9N2|2013.989|Asia|,2013.989,-225.3,49.7354497354497,756,756,50.7936507936508,49.2063492063492
EPI_ISL_174274|Ferret|H9N2|2013.677|Asia|,2013.677,-228.5,50,756,756,51.1904761904762,49.4047619047619
EPI_ISL_203644|Human|H9N2|2015.668|Asia|,2015.668,-226.3,49.8677248677249,756,756,51.5873015873016,49.0079365079365
EPI_ISL_206451|Human|H9N2|2015.101|Asia|,2015.101,-229.4,49.6031746031746,756,756,50.7936507936508,49.0079365079365
EPI_ISL_234468|Human|H9N2|2015.912|Asia|,2015.912,-226.3,49.8677248677249,756,756,51.5873015873016,49.0079365079365
EPI_ISL_282910|Ferret|H9N2|2014.967|Asia|,2014.967,-227.1,49.8677248677249,756,756,51.1904761904762,49.2063492063492
EPI_ISL_282909|Ferret|H9N2|2014.967|Asia|,2014.967,-234.5,49.4708994708995,756,756,50.3968253968254,49.0079365079365
EPI_ISL_378687|Ferret|H9N2|2015.526|Asia|,2015.526,-229.5,49.8677248677249,756,756,51.1904761904762,49.2063492063492
EPI_ISL_378686|Ferret|H9N2|2015.471|Asia|,2015.471,-229.5,49.8677248677249,756,756,51.1904761904762,49.2063492063492
EPI_ISL_378685|Ferret|H9N2|2015.452|Asia|,2015.452,-229.5,49.8677248677249,756,756,51.1904761904762,49.2063492063492
EPI_ISL_378684|Ferret|H9N2|2015.427|Asia|,2015.427,-232.1,50,756,756,51.1904761904762,49.4047619047619
EPI_ISL_378683|Ferret|H9N2|2015.375|Asia|,2015.375,-229.5,49.8677248677249,756,756,51.1904761904762,49.2063492063492
EPI_ISL_378682|Ferret|H9N2|2015.353|Asia|,2015.353,-229.5,49.8677248677249,756,756,51.1904761904762,49.2063492063492
EPI_ISL_381335|Swine|H9N2|2015.375|Asia|,2015.375,-231.7,50.1322751322751,756,756,51.5873015873016,49.4047619047619
EPI_ISL_379943|Ferret|H9N2|2014.967|Asia|,2014.967,-227.1,49.8677248677249,756,756,51.1904761904762,49.2063492063492
EPI_ISL_253028|Human|H9N2|2016.454|Asia|,2016.454,-226.6,49.7354497354497,756,756,51.1904761904762,49.0079365079365
EPI_ISL_285482|Human|H9N2|2017.321|Asia|,2017.321,-227.3,49.8677248677249,756,756,51.5873015873016,49.0079365079365
EPI_ISL_285481|Human|H9N2|2016.945|Asia|,2016.945,-225.1,49.2063492063492,756,756,48.8095238095238,49.4047619047619
EPI_ISL_337281|Human|H9N2|2017.712|Asia|,2017.712,-227.2,49.4708994708995,756,756,50,49.2063492063492
EPI_ISL_353983|Human|H9N2|2019.216|Asia|,2019.216,-236.1,49.6031746031746,756,756,50.3968253968254,49.2063492063492
EPI_ISL_395069|Human|H9N2|2019.214|Asia|,2019.214,-227.5,50.2645502645503,756,756,51.984126984127,49.4047619047619
EPI_ISL_407978|Human|H9N2|2019.844|Asia|,2019.844,-229.1,49.4708994708995,756,756,50.3968253968254,49.0079365079365
EPI_ISL_410990|Human|H9N2|2019.096|Asia|,2019.096,-242.5,49.7354497354497,756,756,50.7936507936508,49.2063492063492
EPI_ISL_447901|Human|H9N2|2020.232|Asia|,2020.232,-227.7,48.9417989417989,756,756,48.8095238095238,49.0079365079365
EPI_ISL_504875|Human|H9N2|2019.088|Asia|,2019.088,-240.9,48.8095238095238,756,756,48.8095238095238,48.8095238095238
EPI_ISL_503942|Swine|H9N2|2019.247|Asia|,2019.247,-227,49.8677248677249,756,756,51.5873015873016,49.0079365079365
EPI_ISL_548683|Human|H9N2|2020.224|Asia|,2020.224,-227.7,48.9417989417989,756,756,48.8095238095238,49.0079365079365
EPI_ISL_548680|Human|H9N2|2020.342|Asia|,2020.342,-242.6,50,756,756,51.984126984127,49.0079365079365
EPI_ISL_548682|Human|H9N2|2020.303|Asia|,2020.303,-225.9,49.8677248677249,756,756,51.5873015873016,49.0079365079365
EPI_ISL_696559|Human|H9N2|2019.162|Asia|,2019.162,-227.5,50.2645502645503,756,756,51.984126984127,49.4047619047619
EPI_ISL_5873|Human|H7N3|2004.358|NorthAmerica|,2004.358,-268,50.6613756613757,756,756,53.5714285714286,49.2063492063492
EPI_ISL_128317|Human|H7N3|2012.519|NorthAmerica|,2012.519,-254.8,50.1322751322751,756,756,51.984126984127,49.2063492063492
EPI_ISL_9542|Swine|H3N1|2004|NorthAmerica|,2004,-234,48.9417989417989,756,756,48.8095238095238,49.0079365079365
EPI_ISL_10547|Swine|H3N1|2006|Asia|,2006,-219,47.8835978835979,756,756,46.031746031746,48.8095238095238
EPI_ISL_10546|Swine|H3N1|2006|Asia|,2006,-219,47.8835978835979,756,756,46.031746031746,48.8095238095238
EPI_ISL_150871|Swine|H3N1|2007.814|NorthAmerica|,2007.814,-231.6,48.8095238095238,756,756,48.8095238095238,48.8095238095238
EPI_ISL_90108|Canine|H3N1|2010.096|Asia|,2010.096,-242.7,48.6772486772487,756,756,49.2063492063492,48.4126984126984
EPI_ISL_142698|Swine|H3N1|2012.101|Asia|,2012.101,-240.2,48.4126984126984,756,756,48.8095238095238,48.2142857142857
EPI_ISL_167145|Canine|H3N1|2012.197|Asia|,2012.197,-242.7,48.6772486772487,756,756,49.2063492063492,48.4126984126984
EPI_ISL_181096|Swine|H3N1|2012.087|Asia|,2012.087,-249.8,48.8095238095238,756,756,50,48.2142857142857
EPI_ISL_303866|Swine|H3N1|2018.019|NorthAmerica|,2018.019,-241.5,48.8095238095238,756,756,50,48.2142857142857
EPI_ISL_4082025|Swine|H3N1|2021.115|NorthAmerica|,2021.115,-250.2,48.4126984126984,756,756,48.8095238095238,48.2142857142857
EPI_ISL_167983|Swine|H3N1|2014.707|NorthAmerica|,2014.707,-243.4,48.6772486772487,756,756,49.6031746031746,48.2142857142857
EPI_ISL_245576|Swine|H3N1|2016.822|NorthAmerica|,2016.822,-229.8,47.8835978835979,756,756,46.8253968253968,48.4126984126984
EPI_ISL_252810|Swine|H3N1|2016.907|NorthAmerica|,2016.907,-227.5,48.1481481481481,756,756,47.6190476190476,48.4126984126984
EPI_ISL_252696|Swine|H3N1|2016.91|NorthAmerica|,2016.91,-229.1,48.015873015873,756,756,47.2222222222222,48.4126984126984
EPI_ISL_501277|Swine|H3N1|2020.057|NorthAmerica|,2020.057,-250.8,48.6772486772487,756,756,50,48.015873015873
EPI_ISL_503900|Swine|H3N1|2020.134|NorthAmerica|,2020.134,-241.9,48.6772486772487,756,756,49.6031746031746,48.2142857142857
EPI_ISL_707020|Swine|H3N1|2020.533|NorthAmerica|,2020.533,-248,48.1481481481481,756,756,48.4126984126984,48.015873015873
EPI_ISL_697745|Swine|H3N1|2020.77|NorthAmerica|,2020.77,-244,48.5449735449735,756,756,49.2063492063492,48.2142857142857
EPI_ISL_16424|Human|H7N2|2003|NorthAmerica|,2003,-237,49.2063492063492,756,756,49.6031746031746,49.0079365079365
EPI_ISL_85566|Swine|H7N2|2001|Asia|,2001,-255,50.9259259259259,756,756,54.7619047619048,49.0079365079365
EPI_ISL_253575|Human|H7N2|2016.964|NorthAmerica|,2016.964,-227.7,48.6772486772487,756,756,48.4126984126984,48.8095238095238
EPI_ISL_260817|Feline|H7N2|2016.929|NorthAmerica|,2016.929,-227.7,48.6772486772487,756,756,48.4126984126984,48.8095238095238
EPI_ISL_283470|Feline|H7N2|2016|NorthAmerica|,2016,-227.7,48.6772486772487,756,756,48.4126984126984,48.8095238095238
EPI_ISL_283469|Feline|H7N2|2016|NorthAmerica|,2016,-227.7,48.6772486772487,756,756,48.4126984126984,48.8095238095238
EPI_ISL_283468|Feline|H7N2|2016|NorthAmerica|,2016,-227.7,48.6772486772487,756,756,48.4126984126984,48.8095238095238
EPI_ISL_283467|Feline|H7N2|2016|NorthAmerica|,2016,-227.7,48.6772486772487,756,756,48.4126984126984,48.8095238095238
EPI_ISL_283466|Feline|H7N2|2016|NorthAmerica|,2016,-227.7,48.6772486772487,756,756,48.4126984126984,48.8095238095238
EPI_ISL_26266|Ferret|H10N4|1984.749|Europe|,1984.749,-259,50.7936507936508,756,756,53.968253968254,49.2063492063492
EPI_ISL_28757|Swine|H5N2|2008|Asia|,2008,-219,47.8835978835979,756,756,46.031746031746,48.8095238095238
EPI_ISL_28756|Swine|H5N2|2008|Asia|,2008,-262.8,51.3227513227513,756,756,55.952380952381,49.0079365079365
EPI_ISL_234382|Swine|H5N2|2014.792|NorthAmerica|,2014.792,-246.3,50.1322751322751,756,756,51.1904761904762,49.6031746031746
EPI_ISL_378722|Swine|H5N2|2015.745|NorthAmerica|,2015.745,-244.2,50.0662251655629,755,756,51.1904761904762,49.5029821073559
EPI_ISL_80217|Swine|H11N6|2001|Asia|,2001,-261.4,51.1904761904762,756,756,54.3650793650794,49.6031746031746
EPI_ISL_129071|Swine|H10N5|2008.328|Asia|,2008.328,-255.7,51.3227513227513,756,756,55.5555555555556,49.2063492063492
EPI_ISL_170528|Swine|H3N6|1985|Asia|,1985,-264.5,51.1904761904762,756,756,55.1587301587302,49.2063492063492
EPI_ISL_89164|Swine|H6N6|2010.044|Asia|,2010.044,-251.9,50.5291005291005,756,756,54.7619047619048,48.4126984126984
EPI_ISL_139117|Swine|H6N6|2009|Asia|,2009,-266.5,51.1904761904762,756,756,54.3650793650794,49.6031746031746
EPI_ISL_127501|Swine|H4N8|2011.803|Asia|,2011.803,-260.7,50.7936507936508,756,756,53.968253968254,49.2063492063492
EPI_ISL_138977|Human|H7N9|2013.225|Asia|,2013.225,-227.6,49.6031746031746,756,756,50.3968253968254,49.2063492063492
EPI_ISL_138739|Human|H7N9|2013.214|Asia|,2013.214,-227.6,49.6031746031746,756,756,50.3968253968254,49.2063492063492
EPI_ISL_138738|Human|H7N9|2013.173|Asia|,2013.173,-227.6,49.6031746031746,756,756,50.3968253968254,49.2063492063492
EPI_ISL_138737|Human|H7N9|2013.153|Asia|,2013.153,-227.6,49.6031746031746,756,756,50.3968253968254,49.2063492063492
EPI_ISL_139904|Human|H7N9|2013.274|Asia|,2013.274,-231.3,49.7354497354497,756,756,51.1904761904762,49.0079365079365
EPI_ISL_139903|Human|H7N9|2013.274|Asia|,2013.274,-226.8,50,756,756,51.5873015873016,49.2063492063492
EPI_ISL_139499|Human|H7N9|2013.249|Asia|,2013.249,-227.1,49.7354497354497,756,756,51.1904761904762,49.0079365079365
EPI_ISL_139498|Human|H7N9|2013.227|Asia|,2013.227,-227.6,49.6031746031746,756,756,50.3968253968254,49.2063492063492
EPI_ISL_139653|Human|H7N9|2013.252|Asia|,2013.252,-227.7,49.4708994708995,756,756,50.3968253968254,49.0079365079365
EPI_ISL_139652|Human|H7N9|2013.225|Asia|,2013.225,-227.6,49.6031746031746,756,756,50.3968253968254,49.2063492063492
EPI_ISL_140356|Human|H7N9|2013.31|Asia|,2013.31,-228.5,49.6031746031746,756,756,50.7936507936508,49.0079365079365
EPI_ISL_139364|Human|H7N9|2013.252|Asia|,2013.252,-227.7,49.4708994708995,756,756,50.3968253968254,49.0079365079365
EPI_ISL_139651|Human|H7N9|2013.227|Asia|,2013.227,-227.6,49.6031746031746,756,756,50.3968253968254,49.2063492063492
EPI_ISL_139650|Human|H7N9|2013.184|Asia|,2013.184,-227.6,49.6031746031746,756,756,50.3968253968254,49.2063492063492
EPI_ISL_139649|Human|H7N9|2013.156|Asia|,2013.156,-227.6,49.6031746031746,756,756,50.3968253968254,49.2063492063492
EPI_ISL_140924|Human|H7N9|2013.173|Asia|,2013.173,-228.5,49.6031746031746,756,756,50.3968253968254,49.2063492063492
EPI_ISL_141191|Human|H7N9|2013.301|Asia|,2013.301,-227.9,49.4708994708995,756,756,50,49.2063492063492
EPI_ISL_141190|Human|H7N9|2013.282|Asia|,2013.282,-227.6,49.6031746031746,756,756,50.3968253968254,49.2063492063492
EPI_ISL_141188|Human|H7N9|2013.269|Asia|,2013.269,-227.6,49.6031746031746,756,756,50.3968253968254,49.2063492063492
EPI_ISL_141187|Human|H7N9|2013.274|Asia|,2013.274,-229.5,49.7354497354497,756,756,50.7936507936508,49.2063492063492
EPI_ISL_141186|Human|H7N9|2013.252|Asia|,2013.252,-227.6,49.6031746031746,756,756,50.3968253968254,49.2063492063492
EPI_ISL_141185|Human|H7N9|2013.271|Asia|,2013.271,-227.6,49.6031746031746,756,756,50.3968253968254,49.2063492063492
EPI_ISL_141184|Human|H7N9|2013.266|Asia|,2013.266,-227.6,49.6031746031746,756,756,50.3968253968254,49.2063492063492
EPI_ISL_141183|Human|H7N9|2013.312|Asia|,2013.312,-228.9,49.7354497354497,756,756,50.3968253968254,49.4047619047619
EPI_ISL_141182|Human|H7N9|2013.31|Asia|,2013.31,-227.6,49.4708994708995,756,756,50.3968253968254,49.0079365079365
EPI_ISL_141181|Human|H7N9|2013.31|Asia|,2013.31,-228.9,49.7354497354497,756,756,50.3968253968254,49.4047619047619
EPI_ISL_141180|Human|H7N9|2013.307|Asia|,2013.307,-227.6,49.6031746031746,756,756,50.3968253968254,49.2063492063492
EPI_ISL_141179|Human|H7N9|2013.301|Asia|,2013.301,-228.9,49.6031746031746,756,756,50,49.4047619047619
EPI_ISL_141178|Human|H7N9|2013.288|Asia|,2013.288,-230.9,49.8677248677249,756,756,50.7936507936508,49.4047619047619
EPI_ISL_141177|Human|H7N9|2013.271|Asia|,2013.271,-225.4,49.2063492063492,756,756,50,48.8095238095238
EPI_ISL_141176|Human|H7N9|2013.269|Asia|,2013.269,-227.6,49.6031746031746,756,756,50.3968253968254,49.2063492063492
EPI_ISL_141175|Human|H7N9|2013.252|Asia|,2013.252,-227.7,49.4708994708995,756,756,50.3968253968254,49.0079365079365
EPI_ISL_141174|Human|H7N9|2013.266|Asia|,2013.266,-227.6,49.6031746031746,756,756,50.3968253968254,49.2063492063492
EPI_ISL_141173|Human|H7N9|2013.263|Asia|,2013.263,-228.5,49.6031746031746,756,756,50.7936507936508,49.0079365079365
EPI_ISL_141172|Human|H7N9|2013.252|Asia|,2013.252,-227.6,49.6031746031746,756,756,50.3968253968254,49.2063492063492
EPI_ISL_141171|Human|H7N9|2013.271|Asia|,2013.271,-228.5,49.6031746031746,756,756,50.7936507936508,49.0079365079365
EPI_ISL_141170|Human|H7N9|2013.271|Asia|,2013.271,-227.6,49.6031746031746,756,756,50.3968253968254,49.2063492063492
EPI_ISL_141169|Human|H7N9|2013.271|Asia|,2013.271,-227.6,49.6031746031746,756,756,50.3968253968254,49.2063492063492
EPI_ISL_141168|Human|H7N9|2013.271|Asia|,2013.271,-227.6,49.6031746031746,756,756,50.3968253968254,49.2063492063492
EPI_ISL_141167|Human|H7N9|2013.269|Asia|,2013.269,-225.4,49.2063492063492,756,756,50,48.8095238095238
EPI_ISL_141166|Human|H7N9|2013.271|Asia|,2013.271,-227.6,49.6031746031746,756,756,50.3968253968254,49.2063492063492
EPI_ISL_141165|Human|H7N9|2013.277|Asia|,2013.277,-227.6,49.6031746031746,756,756,50.3968253968254,49.2063492063492
EPI_ISL_141164|Human|H7N9|2013.258|Asia|,2013.258,-227.1,49.7354497354497,756,756,51.1904761904762,49.0079365079365
EPI_ISL_141163|Human|H7N9|2013.26|Asia|,2013.26,-227.1,49.7354497354497,756,756,51.1904761904762,49.0079365079365
EPI_ISL_141162|Human|H7N9|2013.244|Asia|,2013.244,-227.6,49.6031746031746,756,756,50.3968253968254,49.2063492063492
EPI_ISL_141160|Human|H7N9|2013.208|Asia|,2013.208,-228.9,49.7354497354497,756,756,50.3968253968254,49.4047619047619
EPI_ISL_141159|Human|H7N9|2013.249|Asia|,2013.249,-224.2,49.8677248677249,756,756,51.1904761904762,49.2063492063492
EPI_ISL_141158|Human|H7N9|2013.241|Asia|,2013.241,-227.1,49.7354497354497,756,756,51.1904761904762,49.0079365079365
EPI_ISL_141776|Human|H7N9|2013.296|Asia|,2013.296,-227.6,49.6031746031746,756,756,50.3968253968254,49.2063492063492
EPI_ISL_141775|Human|H7N9|2013.291|Asia|,2013.291,-227.6,49.6031746031746,756,756,50.3968253968254,49.2063492063492
EPI_ISL_141601|Human|H7N9|2013.315|Asia|,2013.315,-227.6,49.6031746031746,756,756,50.3968253968254,49.2063492063492
EPI_ISL_141856|Human|H7N9|2013.173|Asia|,2013.173,-228.5,49.6031746031746,756,756,50.3968253968254,49.2063492063492
EPI_ISL_141437|Human|H7N9|2013.173|Asia|,2013.173,-227.6,49.6031746031746,756,756,50.3968253968254,49.2063492063492
EPI_ISL_142073|Human|H7N9|2013.329|Asia|,2013.329,-228.5,49.6031746031746,756,756,50.7936507936508,49.0079365079365
EPI_ISL_142188|Human|H7N9|2013.304|Asia|,2013.304,-224.7,49.6570644718793,729,729,50.6172839506173,49.1769547325103
EPI_ISL_142187|Human|H7N9|2013.304|Asia|,2013.304,-227.9,49.4708994708995,756,756,50.7936507936508,48.8095238095238
EPI_ISL_142305|Human|H7N9|2013.236|Asia|,2013.236,-227.1,49.7354497354497,756,756,51.1904761904762,49.0079365079365
EPI_ISL_142231|Human|H7N9|2013.247|Asia|,2013.247,-226.4,49.6031746031746,756,756,51.1904761904762,48.8095238095238
EPI_ISL_142859|Human|H7N9|2013.247|Asia|,2013.247,-227.6,49.6031746031746,756,756,50.3968253968254,49.2063492063492
EPI_ISL_142858|Human|H7N9|2013.321|Asia|,2013.321,-228.9,49.6031746031746,756,756,50,49.4047619047619
EPI_ISL_143663|Human|H7N9|2013.296|Asia|,2013.296,-227.1,49.7354497354497,756,756,51.1904761904762,49.0079365079365
EPI_ISL_143658|Human|H7N9|2013.269|Asia|,2013.269,-227.6,49.6031746031746,756,756,50.3968253968254,49.2063492063492
EPI_ISL_143664|Human|H7N9|2013.312|Asia|,2013.312,-227.6,49.6031746031746,756,756,50.3968253968254,49.2063492063492
EPI_ISL_143556|Human|H7N9|2013.31|Asia|,2013.31,-228.9,49.7354497354497,756,756,50.3968253968254,49.4047619047619
EPI_ISL_146161|Human|H7N9|2013.299|Asia|,2013.299,-227.1,49.7354497354497,756,756,51.1904761904762,49.0079365079365
EPI_ISL_145654|Human|H7N9|2013.249|Asia|,2013.249,-227.1,49.7354497354497,756,756,51.1904761904762,49.0079365079365
EPI_ISL_145652|Human|H7N9|2013.244|Asia|,2013.244,-227.6,49.6031746031746,756,756,50.3968253968254,49.2063492063492
EPI_ISL_145651|Human|H7N9|2013.244|Asia|,2013.244,-227.6,49.6031746031746,756,756,50.3968253968254,49.2063492063492
EPI_ISL_146437|Human|H7N9|2013.299|Asia|,2013.299,-227.1,49.7354497354497,756,756,51.1904761904762,49.0079365079365
EPI_ISL_146436|Human|H7N9|2013.299|Asia|,2013.299,-223.7,49.8659517426273,746,756,51.4056224899598,49.0945674044266
EPI_ISL_148697|Human|H7N9|2013.323|Asia|,2013.323,-228.9,49.7354497354497,756,756,50.3968253968254,49.4047619047619
EPI_ISL_148696|Human|H7N9|2013.219|Asia|,2013.219,-228.9,49.7354497354497,756,756,50.3968253968254,49.4047619047619
EPI_ISL_153078|Human|H7N9|2013.312|Asia|,2013.312,-227.6,49.6031746031746,756,756,50.3968253968254,49.2063492063492
EPI_ISL_153013|Human|H7N9|2013.28|Asia|,2013.28,-227.6,49.6031746031746,756,756,50.3968253968254,49.2063492063492
EPI_ISL_153012|Human|H7N9|2013.277|Asia|,2013.277,-227.6,49.6031746031746,756,756,50.3968253968254,49.2063492063492
EPI_ISL_153011|Human|H7N9|2013.274|Asia|,2013.274,-227.6,49.6031746031746,756,756,50.3968253968254,49.2063492063492
EPI_ISL_153010|Human|H7N9|2013.269|Asia|,2013.269,-227.6,49.6031746031746,756,756,50.3968253968254,49.2063492063492
EPI_ISL_153009|Human|H7N9|2013.263|Asia|,2013.263,-227.1,49.7354497354497,756,756,51.1904761904762,49.0079365079365
EPI_ISL_153008|Human|H7N9|2013.263|Asia|,2013.263,-227.6,49.6031746031746,756,756,50.3968253968254,49.2063492063492
EPI_ISL_153007|Human|H7N9|2013.263|Asia|,2013.263,-227.1,49.7354497354497,756,756,51.1904761904762,49.0079365079365
EPI_ISL_153004|Human|H7N9|2013.263|Asia|,2013.263,-227.6,49.6031746031746,756,756,50.3968253968254,49.2063492063492
EPI_ISL_153003|Human|H7N9|2013.258|Asia|,2013.258,-227.1,49.7354497354497,756,756,51.1904761904762,49.0079365079365
EPI_ISL_155653|Human|H7N9|2013.329|Asia|,2013.329,-228.5,49.6031746031746,756,756,50.7936507936508,49.0079365079365
EPI_ISL_157292|Human|H7N9|2013.318|Asia|,2013.318,-227.6,49.6031746031746,756,756,50.3968253968254,49.2063492063492
EPI_ISL_157290|Human|H7N9|2013.332|Asia|,2013.332,-227.6,49.6031746031746,756,756,50.3968253968254,49.2063492063492
EPI_ISL_157289|Human|H7N9|2013.323|Asia|,2013.323,-227.6,49.6031746031746,756,756,50.3968253968254,49.2063492063492
EPI_ISL_157288|Human|H7N9|2013.318|Asia|,2013.318,-227.6,49.6031746031746,756,756,50.3968253968254,49.2063492063492
EPI_ISL_157287|Human|H7N9|2013.247|Asia|,2013.247,-228.9,49.7354497354497,756,756,50.3968253968254,49.4047619047619
EPI_ISL_157286|Human|H7N9|2013.4|Asia|,2013.4,-228.5,49.6031746031746,756,756,50.7936507936508,49.0079365079365
EPI_ISL_157285|Human|H7N9|2013.323|Asia|,2013.323,-227.6,49.6031746031746,756,756,50.3968253968254,49.2063492063492
EPI_ISL_157284|Human|H7N9|2013.307|Asia|,2013.307,-231.7,50,756,756,51.1904761904762,49.4047619047619
EPI_ISL_163709|Human|H7N9|2013.288|Asia|,2013.288,-223.4,49.2063492063492,756,756,50,48.8095238095238
EPI_ISL_163708|Human|H7N9|2013.31|Asia|,2013.31,-229.7,49.7354497354497,756,756,50.7936507936508,49.2063492063492
EPI_ISL_163707|Human|H7N9|2013.288|Asia|,2013.288,-224.9,49.3386243386243,756,756,50,49.0079365079365
EPI_ISL_163705|Human|H7N9|2013.247|Asia|,2013.247,-227.1,49.7354497354497,756,756,51.1904761904762,49.0079365079365
EPI_ISL_163704|Human|H7N9|2013.266|Asia|,2013.266,-225.5,49.7354497354497,756,756,50.7936507936508,49.2063492063492
EPI_ISL_163703|Human|H7N9|2013.222|Asia|,2013.222,-227.3,49.7354497354497,756,756,50.7936507936508,49.2063492063492
EPI_ISL_163702|Human|H7N9|2013.274|Asia|,2013.274,-231.3,49.7354497354497,756,756,51.1904761904762,49.0079365079365
EPI_ISL_163701|Human|H7N9|2013.26|Asia|,2013.26,-227.6,49.6031746031746,756,756,50.3968253968254,49.2063492063492
EPI_ISL_163700|Human|H7N9|2013.274|Asia|,2013.274,-227.6,49.6031746031746,756,756,50.3968253968254,49.2063492063492
EPI_ISL_163699|Human|H7N9|2013.26|Asia|,2013.26,-227.1,49.7354497354497,756,756,51.1904761904762,49.0079365079365
EPI_ISL_163698|Human|H7N9|2013.249|Asia|,2013.249,-226.4,49.6031746031746,756,756,51.1904761904762,48.8095238095238
EPI_ISL_163697|Human|H7N9|2013.277|Asia|,2013.277,-227.6,49.6031746031746,756,756,50.3968253968254,49.2063492063492
EPI_ISL_163696|Human|H7N9|2013.26|Asia|,2013.26,-227.6,49.6031746031746,756,756,50.3968253968254,49.2063492063492
EPI_ISL_163695|Human|H7N9|2013.28|Asia|,2013.28,-227.6,49.6031746031746,756,756,50.3968253968254,49.2063492063492
EPI_ISL_163694|Human|H7N9|2013.277|Asia|,2013.277,-227.6,49.6031746031746,756,756,50.3968253968254,49.2063492063492
EPI_ISL_163693|Human|H7N9|2013.252|Asia|,2013.252,-227.6,49.6031746031746,756,756,50.3968253968254,49.2063492063492
EPI_ISL_163692|Human|H7N9|2013.277|Asia|,2013.277,-229.5,49.7354497354497,756,756,50.7936507936508,49.2063492063492
EPI_ISL_166490|Human|H7N9|2013.291|Asia|,2013.291,-227.6,49.6031746031746,756,756,50.3968253968254,49.2063492063492
EPI_ISL_173625|Human|H7N9|2013.173|Asia|,2013.173,-227.6,49.6031746031746,756,756,50.3968253968254,49.2063492063492
EPI_ISL_177875|Human|H7N9|2013.255|Asia|,2013.255,-227.6,49.6031746031746,756,756,50.3968253968254,49.2063492063492
EPI_ISL_220945|Human|H7N9|2013.315|Asia|,2013.315,-234,50,756,756,51.984126984127,49.0079365079365
EPI_ISL_252548|Human|H7N9|2013.156|Asia|,2013.156,-230.5,49.7354497354497,756,756,50.7936507936508,49.2063492063492
EPI_ISL_379594|Human|H7N9|2013.249|Asia|,2013.249,-227.4,49.4708994708995,756,756,50,49.2063492063492
EPI_ISL_325939|Human|H7N9|2018.025|Asia|,2018.025,-229.1,50,756,756,52.7777777777778,48.6111111111111
EPI_ISL_337278|Human|H7N9|2017.91|Asia|,2017.91,-231.7,49.8677248677249,756,756,51.1904761904762,49.2063492063492
EPI_ISL_372783|Human|H7N9|2018.315|Asia|,2018.315,-231.7,49.8677248677249,756,756,51.1904761904762,49.2063492063492
EPI_ISL_154134|Human|H7N9|2014.06|Asia|,2014.06,-232.7,49.6031746031746,756,756,50.7936507936508,49.0079365079365
EPI_ISL_154133|Human|H7N9|2014.06|Asia|,2014.06,-232.7,49.6031746031746,756,756,50.7936507936508,49.0079365079365
EPI_ISL_154132|Human|H7N9|2014.06|Asia|,2014.06,-232.7,49.6031746031746,756,756,50.7936507936508,49.0079365079365
EPI_ISL_154131|Human|H7N9|2014.052|Asia|,2014.052,-232.7,49.6031746031746,756,756,50.7936507936508,49.0079365079365
EPI_ISL_148728|Human|H7N9|2013.784|Asia|,2013.784,-229.6,49.4708994708995,756,756,50,49.2063492063492
EPI_ISL_154553|Human|H7N9|2014.074|Asia|,2014.074,-226,49.6031746031746,756,756,50.3968253968254,49.2063492063492
EPI_ISL_153338|Human|H7N9|2014.016|Asia|,2014.016,-231.7,49.7354497354497,756,756,50.7936507936508,49.2063492063492
EPI_ISL_151417|Human|H7N9|2013.912|Asia|,2013.912,-227.6,49.6031746031746,756,756,50.3968253968254,49.2063492063492
EPI_ISL_148744|Human|H7N9|2013.784|Asia|,2013.784,-229.6,49.4708994708995,756,756,50,49.2063492063492
EPI_ISL_148417|Human|H7N9|2013.605|Asia|,2013.605,-227.6,49.6031746031746,756,756,50.3968253968254,49.2063492063492
EPI_ISL_156304|Human|H7N9|2013.959|Asia|,2013.959,-227.9,49.4708994708995,756,756,50,49.2063492063492
EPI_ISL_154827|Human|H7N9|2013.6|Asia|,2013.6,-227.6,49.6031746031746,756,756,50.3968253968254,49.2063492063492
EPI_ISL_159073|Human|H7N9|2013.915|Asia|,2013.915,-227.9,49.4708994708995,756,756,50,49.2063492063492
EPI_ISL_159072|Human|H7N9|2013.915|Asia|,2013.915,-227.6,49.6031746031746,756,756,50.3968253968254,49.2063492063492
EPI_ISL_159071|Human|H7N9|2013.915|Asia|,2013.915,-235.3,50,756,756,51.5873015873016,49.2063492063492
EPI_ISL_159070|Human|H7N9|2013.833|Asia|,2013.833,-225.2,49.4708994708995,756,756,50,49.2063492063492
EPI_ISL_160436|Human|H7N9|2014.31|Asia|,2014.31,-229.3,49.7354497354497,756,756,51.5873015873016,48.8095238095238
EPI_ISL_160435|Human|H7N9|2014.301|Asia|,2014.301,-228.4,49.7354497354497,756,756,50.7936507936508,49.2063492063492
EPI_ISL_160290|Human|H7N9|2014.266|Asia|,2014.266,-228,49.4708994708995,756,756,50,49.2063492063492
EPI_ISL_159478|Human|H7N9|2014.28|Asia|,2014.28,-238.4,50,756,756,51.5873015873016,49.2063492063492
EPI_ISL_159477|Human|H7N9|2014.252|Asia|,2014.252,-228,49.4708994708995,756,756,50,49.2063492063492
EPI_ISL_157703|Human|H7N9|2014.205|Asia|,2014.205,-224.8,49.3386243386243,756,756,50.3968253968254,48.8095238095238
EPI_ISL_157702|Human|H7N9|2014.162|Asia|,2014.162,-225,49.7354497354497,756,756,50.7936507936508,49.2063492063492
EPI_ISL_156471|Human|H7N9|2014.115|Asia|,2014.115,-226,49.6031746031746,756,756,50.3968253968254,49.2063492063492
EPI_ISL_157487|Human|H7N9|2013.912|Asia|,2013.912,-227.6,49.6031746031746,756,756,50.3968253968254,49.2063492063492
EPI_ISL_157771|Human|H7N9|2014.019|Asia|,2014.019,-228.9,49.4708994708995,756,756,50.3968253968254,49.0079365079365
EPI_ISL_157296|Human|H7N9|2014.071|Asia|,2014.071,-227.6,49.4708994708995,756,756,50,49.2063492063492
EPI_ISL_157295|Human|H7N9|2014.096|Asia|,2014.096,-227.6,49.6031746031746,756,756,50.3968253968254,49.2063492063492
EPI_ISL_157294|Human|H7N9|2014.09|Asia|,2014.09,-227.6,49.6031746031746,756,756,50.3968253968254,49.2063492063492
EPI_ISL_157293|Human|H7N9|2013.545|Asia|,2013.545,-227.1,49.7354497354497,756,756,51.1904761904762,49.0079365079365
EPI_ISL_161665|Human|H7N9|2014.134|Asia|,2014.134,-232.7,49.6031746031746,756,756,50.7936507936508,49.0079365079365
EPI_ISL_164007|Human|H7N9|2014.11|Asia|,2014.11,-232.1,49.4708994708995,756,756,50.7936507936508,48.8095238095238
EPI_ISL_164006|Human|H7N9|2014.107|Asia|,2014.107,-232.7,49.7354497354497,756,756,51.1904761904762,49.0079365079365
EPI_ISL_164005|Human|H7N9|2014.09|Asia|,2014.09,-231.2,49.6031746031746,756,756,50.7936507936508,49.0079365079365
EPI_ISL_164004|Human|H7N9|2014.077|Asia|,2014.077,-232.7,49.6031746031746,756,756,50.7936507936508,49.0079365079365
EPI_ISL_164003|Human|H7N9|2014.063|Asia|,2014.063,-231.3,49.7354497354497,756,756,51.1904761904762,49.0079365079365
EPI_ISL_164002|Human|H7N9|2014.06|Asia|,2014.06,-232.7,49.6031746031746,756,756,50.7936507936508,49.0079365079365
EPI_ISL_164001|Human|H7N9|2014.06|Asia|,2014.06,-232.7,49.6031746031746,756,756,50.7936507936508,49.0079365079365
EPI_ISL_164000|Human|H7N9|2014.06|Asia|,2014.06,-232.7,49.6031746031746,756,756,50.7936507936508,49.0079365079365
EPI_ISL_163999|Human|H7N9|2014.052|Asia|,2014.052,-232.7,49.6031746031746,756,756,50.7936507936508,49.0079365079365
EPI_ISL_163998|Human|H7N9|2014.047|Asia|,2014.047,-226.6,49.6031746031746,756,756,50.7936507936508,49.0079365079365
EPI_ISL_163997|Human|H7N9|2014.047|Asia|,2014.047,-234,49.7354497354497,756,756,51.1904761904762,49.0079365079365
EPI_ISL_163730|Human|H7N9|2014.055|Asia|,2014.055,-232.7,49.6031746031746,756,756,50.7936507936508,49.0079365079365
EPI_ISL_163728|Human|H7N9|2014.06|Asia|,2014.06,-232.7,49.6031746031746,756,756,50.7936507936508,49.0079365079365
EPI_ISL_163727|Human|H7N9|2014.052|Asia|,2014.052,-232.7,49.6031746031746,756,756,50.7936507936508,49.0079365079365
EPI_ISL_163726|Human|H7N9|2014.06|Asia|,2014.06,-232.7,49.6031746031746,756,756,50.7936507936508,49.0079365079365
EPI_ISL_163725|Human|H7N9|2014.06|Asia|,2014.06,-232.7,49.6031746031746,756,756,50.7936507936508,49.0079365079365
EPI_ISL_163724|Human|H7N9|2014.156|Asia|,2014.156,-232.7,49.6031746031746,756,756,50.7936507936508,49.0079365079365
EPI_ISL_163722|Human|H7N9|2014.06|Asia|,2014.06,-232.7,49.6031746031746,756,756,50.7936507936508,49.0079365079365
EPI_ISL_163721|Human|H7N9|2014.058|Asia|,2014.058,-232.7,49.6031746031746,756,756,50.7936507936508,49.0079365079365
EPI_ISL_163720|Human|H7N9|2014.047|Asia|,2014.047,-232.7,49.6031746031746,756,756,50.7936507936508,49.0079365079365
EPI_ISL_163718|Human|H7N9|2014|Asia|,2014,-229.2,49.8677248677249,756,756,51.1904761904762,49.2063492063492
EPI_ISL_163717|Human|H7N9|2014.005|Asia|,2014.005,-230.3,49.2063492063492,756,756,49.6031746031746,49.0079365079365
EPI_ISL_163716|Human|H7N9|2014.003|Asia|,2014.003,-226,49.6031746031746,756,756,50.7936507936508,49.0079365079365
EPI_ISL_163715|Human|H7N9|2014.022|Asia|,2014.022,-230.2,49.4708994708995,756,756,50.7936507936508,48.8095238095238
EPI_ISL_163714|Human|H7N9|2014.003|Asia|,2014.003,-228.4,49.7354497354497,756,756,50.7936507936508,49.2063492063492
EPI_ISL_163713|Human|H7N9|2013.803|Asia|,2013.803,-232.7,49.6031746031746,756,756,50.7936507936508,49.0079365079365
EPI_ISL_163712|Human|H7N9|2013.827|Asia|,2013.827,-230,49.5364238410596,755,756,50.597609561753,49.0079365079365
EPI_ISL_163321|Human|H7N9|2014.156|Asia|,2014.156,-225.6,50,754,756,52,49.0079365079365
EPI_ISL_163320|Human|H7N9|2014.148|Asia|,2014.148,-221.6,49.9334221038615,751,756,51.8072289156626,49.003984063745
EPI_ISL_162621|Human|H7N9|2014.296|Asia|,2014.296,-228.9,49.4708994708995,756,756,50,49.2063492063492
EPI_ISL_162620|Human|H7N9|2014.274|Asia|,2014.274,-228.9,49.4708994708995,756,756,50,49.2063492063492
EPI_ISL_162619|Human|H7N9|2014.222|Asia|,2014.222,-228.9,49.3386243386243,756,756,50,49.0079365079365
EPI_ISL_162618|Human|H7N9|2014.186|Asia|,2014.186,-231.4,49.7354497354497,756,756,50.7936507936508,49.2063492063492
EPI_ISL_162470|Human|H7N9|2014.005|Asia|,2014.005,-228.4,49.7354497354497,756,756,50.7936507936508,49.2063492063492
EPI_ISL_166324|Human|H7N9|2013.986|Asia|,2013.986,-226.2,49.6031746031746,756,756,50.3968253968254,49.2063492063492
EPI_ISL_169131|Human|H7N9|2014.899|Asia|,2014.899,-227.1,49.7354497354497,756,756,51.1904761904762,49.0079365079365
EPI_ISL_169442|Human|H7N9|2014.981|Asia|,2014.981,-227.2,49.3386243386243,756,756,50.3968253968254,48.8095238095238
EPI_ISL_170152|Human|H7N9|2014.288|Asia|,2014.288,-229.3,49.7354497354497,756,756,51.5873015873016,48.8095238095238
EPI_ISL_170151|Human|H7N9|2014.296|Asia|,2014.296,-231.7,49.6031746031746,756,756,50.7936507936508,49.0079365079365
EPI_ISL_170080|Human|H7N9|2014.011|Asia|,2014.011,-228.4,49.7354497354497,756,756,50.7936507936508,49.2063492063492
EPI_ISL_170981|Human|H7N9|2015.06|Asia|,2015.06,-231.6,49.8677248677249,756,756,52.3809523809524,48.6111111111111
EPI_ISL_171342|Human|H7N9|2015.041|NorthAmerica|,2015.041,-226.8,49.8677248677249,756,756,51.5873015873016,49.0079365079365
EPI_ISL_170237|Human|H7N9|2014.888|Asia|,2014.888,-227.3,49.7354497354497,756,756,51.1904761904762,49.0079365079365
EPI_ISL_172822|Human|H7N9|2015.022|Asia|,2015.022,-228.1,49.8677248677249,756,756,51.5873015873016,49.0079365079365
EPI_ISL_172821|Human|H7N9|2014.986|Asia|,2014.986,-229.6,50,756,756,51.984126984127,49.0079365079365
EPI_ISL_172820|Human|H7N9|2015.019|Asia|,2015.019,-224.4,49.6031746031746,756,756,50.7936507936508,49.0079365079365
EPI_ISL_172819|Human|H7N9|2014.907|Asia|,2014.907,-224.4,49.6031746031746,756,756,50.7936507936508,49.0079365079365
EPI_ISL_172818|Human|H7N9|2014.981|Asia|,2014.981,-226.4,49.7354497354497,756,756,51.1904761904762,49.0079365079365
EPI_ISL_172817|Human|H7N9|2015.014|Asia|,2015.014,-230.7,50.2645502645503,756,756,52.7777777777778,49.0079365079365
EPI_ISL_172816|Human|H7N9|2015.03|Asia|,2015.03,-230.5,49.8677248677249,756,756,52.3809523809524,48.6111111111111
EPI_ISL_173033|Human|H7N9|2015.142|Asia|,2015.142,-232,50,756,756,52.7777777777778,48.6111111111111
EPI_ISL_172827|Human|H7N9|2014.877|Asia|,2014.877,-232.8,49.6031746031746,756,756,50.7936507936508,49.0079365079365
EPI_ISL_172826|Human|H7N9|2014.899|Asia|,2014.899,-223.9,49.6688741721854,755,756,50.7936507936508,49.1053677932406
EPI_ISL_172825|Human|H7N9|2014.885|Asia|,2014.885,-223.5,49.4708994708995,756,756,50.7936507936508,48.8095238095238
EPI_ISL_172824|Human|H7N9|2014.814|Asia|,2014.814,-233.2,50.1322751322751,756,756,51.984126984127,49.2063492063492
EPI_ISL_172823|Human|H7N9|2014.904|Asia|,2014.904,-232,50,756,756,52.7777777777778,48.6111111111111
EPI_ISL_175597|Human|H7N9|2014.044|Asia|,2014.044,-213.9,49.3959731543624,745,756,49.7942386831276,49.203187250996
EPI_ISL_175596|Human|H7N9|2014.044|Asia|,2014.044,-228.5,49.2063492063492,756,756,49.6031746031746,49.0079365079365
EPI_ISL_176436|Human|H7N9|2014.066|Asia|,2014.066,-230.2,49.4708994708995,756,756,50.3968253968254,49.0079365079365
EPI_ISL_176442|Human|H7N9|2014.208|Asia|,2014.208,-228,49.8677248677249,756,756,51.1904761904762,49.2063492063492
EPI_ISL_176441|Human|H7N9|2014.2|Asia|,2014.2,-224.6,49.2063492063492,756,756,50,48.8095238095238
EPI_ISL_176440|Human|H7N9|2014.192|Asia|,2014.192,-226.5,49.3386243386243,756,756,50.3968253968254,48.8095238095238
EPI_ISL_176439|Human|H7N9|2014.096|Asia|,2014.096,-226,49.4708994708995,756,756,50,49.2063492063492
EPI_ISL_176438|Human|H7N9|2014.123|Asia|,2014.123,-226,49.6031746031746,756,756,50.3968253968254,49.2063492063492
EPI_ISL_176437|Human|H7N9|2014.079|Asia|,2014.079,-229.2,49.4708994708995,756,756,50.7936507936508,48.8095238095238
EPI_ISL_175838|Human|H7N9|2014.066|Asia|,2014.066,-231.7,49.7354497354497,756,756,50.7936507936508,49.2063492063492
EPI_ISL_175837|Human|H7N9|2014.06|Asia|,2014.06,-226,49.6031746031746,756,756,50.3968253968254,49.2063492063492
EPI_ISL_175835|Human|H7N9|2014.06|Asia|,2014.06,-228.3,49.8677248677249,756,756,51.984126984127,48.8095238095238
EPI_ISL_175836|Human|H7N9|2014.058|Asia|,2014.058,-229.8,49.6031746031746,756,756,50.7936507936508,49.0079365079365
EPI_ISL_175834|Human|H7N9|2014.047|Asia|,2014.047,-232.6,49.6031746031746,756,756,50.3968253968254,49.2063492063492
EPI_ISL_175833|Human|H7N9|2014.036|Asia|,2014.036,-227.6,49.6031746031746,756,756,50.3968253968254,49.2063492063492
EPI_ISL_175832|Human|H7N9|2014.052|Asia|,2014.052,-231.7,49.6031746031746,756,756,50.3968253968254,49.2063492063492
EPI_ISL_175831|Human|H7N9|2014.052|Asia|,2014.052,-228.1,50,756,756,51.5873015873016,49.2063492063492
EPI_ISL_175829|Human|H7N9|2014.027|Asia|,2014.027,-231.7,49.6031746031746,756,756,50.3968253968254,49.2063492063492
EPI_ISL_179906|Human|H7N9|2014.249|Asia|,2014.249,-228,49.4708994708995,756,756,50,49.2063492063492
EPI_ISL_179907|Human|H7N9|2014.222|Asia|,2014.222,-225.8,49.3386243386243,756,756,49.6031746031746,49.2063492063492
EPI_ISL_190692|Human|H7N9|2015.307|Asia|,2015.307,-232.4,50,756,756,51.984126984127,49.0079365079365
EPI_ISL_190691|Human|H7N9|2015.312|Asia|,2015.312,-232.4,50,756,756,51.984126984127,49.0079365079365
EPI_ISL_192400|Human|H7N9|2014.079|Asia|,2014.079,-227.4,49.7354497354497,756,756,50.7936507936508,49.2063492063492
EPI_ISL_192398|Human|H7N9|2014.082|Asia|,2014.082,-227.6,49.6031746031746,756,756,50.3968253968254,49.2063492063492
EPI_ISL_192397|Human|H7N9|2014.079|Asia|,2014.079,-230,49.6031746031746,756,756,50.3968253968254,49.2063492063492
EPI_ISL_192395|Human|H7N9|2014.079|Asia|,2014.079,-227.6,49.6031746031746,756,756,50.3968253968254,49.2063492063492
EPI_ISL_192394|Human|H7N9|2014.077|Asia|,2014.077,-225.1,49.4708994708995,756,756,50,49.2063492063492
EPI_ISL_192393|Human|H7N9|2014.044|Asia|,2014.044,-231.7,49.7354497354497,756,756,50.7936507936508,49.2063492063492
EPI_ISL_192392|Human|H7N9|2014.153|Asia|,2014.153,-228.7,49.7354497354497,756,756,51.1904761904762,49.0079365079365
EPI_ISL_192391|Human|H7N9|2014.562|Asia|,2014.562,-226,49.6031746031746,756,756,50.7936507936508,49.0079365079365
EPI_ISL_192384|Human|H7N9|2014.17|Asia|,2014.17,-231.7,49.7354497354497,756,756,51.1904761904762,49.0079365079365
EPI_ISL_192383|Human|H7N9|2014.296|Asia|,2014.296,-228,49.4708994708995,756,756,50,49.2063492063492
EPI_ISL_192382|Human|H7N9|2014.296|Asia|,2014.296,-228,49.4708994708995,756,756,50,49.2063492063492
EPI_ISL_192381|Human|H7N9|2014.301|Asia|,2014.301,-232.7,49.6031746031746,756,756,50.7936507936508,49.0079365079365
EPI_ISL_192380|Human|H7N9|2014.619|Asia|,2014.619,-226,49.6031746031746,756,756,50.7936507936508,49.0079365079365
EPI_ISL_192377|Human|H7N9|2014.386|Asia|,2014.386,-231.4,49.8677248677249,756,756,51.5873015873016,49.0079365079365
EPI_ISL_192376|Human|H7N9|2014.112|Asia|,2014.112,-227.6,49.6031746031746,756,756,50.3968253968254,49.2063492063492
EPI_ISL_192375|Human|H7N9|2014.041|Asia|,2014.041,-227.6,49.6031746031746,756,756,50.3968253968254,49.2063492063492
EPI_ISL_192373|Human|H7N9|2014.077|Asia|,2014.077,-225.1,49.4708994708995,756,756,50,49.2063492063492
EPI_ISL_192372|Human|H7N9|2014.088|Asia|,2014.088,-227.6,49.6031746031746,756,756,50.3968253968254,49.2063492063492
EPI_ISL_192371|Human|H7N9|2014.096|Asia|,2014.096,-228,49.4708994708995,756,756,50,49.2063492063492
EPI_ISL_192370|Human|H7N9|2014.101|Asia|,2014.101,-227.6,49.3386243386243,756,756,49.6031746031746,49.2063492063492
EPI_ISL_192369|Human|H7N9|2014.005|Asia|,2014.005,-227.6,49.6031746031746,756,756,50.3968253968254,49.2063492063492
EPI_ISL_192368|Human|H7N9|2014.11|Asia|,2014.11,-227.6,49.4708994708995,756,756,50,49.2063492063492
EPI_ISL_192367|Human|H7N9|2014.025|Asia|,2014.025,-227.6,49.6031746031746,756,756,50.3968253968254,49.2063492063492
EPI_ISL_192366|Human|H7N9|2014.14|Asia|,2014.14,-228.1,49.3386243386243,756,756,49.6031746031746,49.2063492063492
EPI_ISL_192365|Human|H7N9|2014.14|Asia|,2014.14,-224.8,49.8677248677249,756,756,51.1904761904762,49.2063492063492
EPI_ISL_192364|Human|H7N9|2014.14|Asia|,2014.14,-223.5,49.7354497354497,756,756,50.7936507936508,49.2063492063492
EPI_ISL_192363|Human|H7N9|2014.225|Asia|,2014.225,-226,49.6031746031746,756,756,50.3968253968254,49.2063492063492
EPI_ISL_192362|Human|H7N9|2014.271|Asia|,2014.271,-227.9,49.6031746031746,756,756,50.3968253968254,49.2063492063492
EPI_ISL_192361|Human|H7N9|2014.096|Asia|,2014.096,-228,49.4708994708995,756,756,50,49.2063492063492
EPI_ISL_192360|Human|H7N9|2014.038|Asia|,2014.038,-227.6,49.6031746031746,756,756,50.3968253968254,49.2063492063492
EPI_ISL_192359|Human|H7N9|2014.11|Asia|,2014.11,-228.9,50.3968253968254,756,756,52.3809523809524,49.4047619047619
EPI_ISL_192358|Human|H7N9|2014.126|Asia|,2014.126,-227.6,49.4708994708995,756,756,50,49.2063492063492
EPI_ISL_192357|Human|H7N9|2014.134|Asia|,2014.134,-229.3,49.6031746031746,756,756,50.3968253968254,49.2063492063492
EPI_ISL_192356|Human|H7N9|2014.148|Asia|,2014.148,-223.5,49.7354497354497,756,756,50.7936507936508,49.2063492063492
EPI_ISL_192355|Human|H7N9|2014.244|Asia|,2014.244,-228,49.4708994708995,756,756,50,49.2063492063492
EPI_ISL_192354|Human|H7N9|2014.255|Asia|,2014.255,-228,49.4708994708995,756,756,50,49.2063492063492
EPI_ISL_192351|Human|H7N9|2014.09|Asia|,2014.09,-231.3,49.7354497354497,756,756,51.1904761904762,49.0079365079365
EPI_ISL_192350|Human|H7N9|2014.071|Asia|,2014.071,-228.4,49.7354497354497,756,756,50.7936507936508,49.2063492063492
EPI_ISL_192349|Human|H7N9|2014.066|Asia|,2014.066,-231.3,49.7354497354497,756,756,51.1904761904762,49.0079365079365
EPI_ISL_192348|Human|H7N9|2014.09|Asia|,2014.09,-231.2,49.6031746031746,756,756,50.7936507936508,49.0079365079365
EPI_ISL_192347|Human|H7N9|2014.06|Asia|,2014.06,-232.7,49.6031746031746,756,756,50.7936507936508,49.0079365079365
EPI_ISL_192346|Human|H7N9|2014.036|Asia|,2014.036,-232.7,49.6031746031746,756,756,50.7936507936508,49.0079365079365
EPI_ISL_192345|Human|H7N9|2014.11|Asia|,2014.11,-232.7,49.4708994708995,756,756,50.3968253968254,49.0079365079365
EPI_ISL_192344|Human|H7N9|2014.104|Asia|,2014.104,-232.7,49.6031746031746,756,756,50.7936507936508,49.0079365079365
EPI_ISL_192343|Human|H7N9|2014.107|Asia|,2014.107,-232.7,49.7354497354497,756,756,51.1904761904762,49.0079365079365
EPI_ISL_192342|Human|H7N9|2014.063|Asia|,2014.063,-232.7,49.6031746031746,756,756,50.7936507936508,49.0079365079365
EPI_ISL_192341|Human|H7N9|2014.236|Asia|,2014.236,-228,49.3386243386243,756,756,49.6031746031746,49.2063492063492
EPI_ISL_192339|Human|H7N9|2014.91|Asia|,2014.91,-224.4,49.6031746031746,756,756,50.7936507936508,49.0079365079365
EPI_ISL_192338|Human|H7N9|2014.975|Asia|,2014.975,-230,50,756,756,51.984126984127,49.0079365079365
EPI_ISL_192337|Human|H7N9|2014.97|Asia|,2014.97,-230.7,50.2645502645503,756,756,52.7777777777778,49.0079365079365
EPI_ISL_192336|Human|H7N9|2014.918|Asia|,2014.918,-230.7,50.2645502645503,756,756,52.7777777777778,49.0079365079365
EPI_ISL_192335|Human|H7N9|2015|Asia|,2015,-230.7,50.2645502645503,756,756,52.7777777777778,49.0079365079365
EPI_ISL_192334|Human|H7N9|2015.005|Asia|,2015.005,-227.8,49.8677248677249,756,756,51.5873015873016,49.0079365079365
EPI_ISL_192333|Human|H7N9|2015.008|Asia|,2015.008,-227.6,49.6031746031746,756,756,50.7936507936508,49.0079365079365
EPI_ISL_192332|Human|H7N9|2014.249|Asia|,2014.249,-232.6,49.3386243386243,756,756,50.7936507936508,48.6111111111111
EPI_ISL_192331|Human|H7N9|2014.381|Asia|,2014.381,-226,49.6031746031746,756,756,50.7936507936508,49.0079365079365
EPI_ISL_192330|Human|H7N9|2014.315|Asia|,2014.315,-227.1,49.7354497354497,756,756,51.1904761904762,49.0079365079365
EPI_ISL_192329|Human|H7N9|2014.315|Asia|,2014.315,-227.1,49.7354497354497,756,756,51.1904761904762,49.0079365079365
EPI_ISL_192328|Human|H7N9|2014.279|Asia|,2014.279,-232.6,49.3386243386243,756,756,50.7936507936508,48.6111111111111
EPI_ISL_192327|Human|H7N9|2014.249|Asia|,2014.249,-232.6,49.3386243386243,756,756,50.7936507936508,48.6111111111111
EPI_ISL_192326|Human|H7N9|2014.186|Asia|,2014.186,-227.1,49.7354497354497,756,756,51.1904761904762,49.0079365079365
EPI_ISL_192325|Human|H7N9|2014.134|Asia|,2014.134,-232.7,49.6031746031746,756,756,50.7936507936508,49.0079365079365
EPI_ISL_192324|Human|H7N9|2014.921|Asia|,2014.921,-228,49.7354497354497,756,756,51.1904761904762,49.0079365079365
EPI_ISL_192323|Human|H7N9|2014.992|Asia|,2014.992,-232.1,49.7354497354497,756,756,50.7936507936508,49.2063492063492
EPI_ISL_192322|Human|H7N9|2014.992|Asia|,2014.992,-226.8,49.7354497354497,756,756,51.1904761904762,49.0079365079365
EPI_ISL_192321|Human|H7N9|2015.016|Asia|,2015.016,-226.8,49.8677248677249,756,756,51.5873015873016,49.0079365079365
EPI_ISL_192318|Human|H7N9|2015.011|Asia|,2015.011,-227.5,49.4708994708995,756,756,50.3968253968254,49.0079365079365
EPI_ISL_192317|Human|H7N9|2014.981|Asia|,2014.981,-226.4,49.7354497354497,756,756,51.1904761904762,49.0079365079365
EPI_ISL_192316|Human|H7N9|2015.019|Asia|,2015.019,-224.4,49.6031746031746,756,756,50.7936507936508,49.0079365079365
EPI_ISL_192315|Human|H7N9|2015.03|Asia|,2015.03,-227.3,49.7354497354497,756,756,51.1904761904762,49.0079365079365
EPI_ISL_192314|Human|H7N9|2015.038|Asia|,2015.038,-224.2,49.6031746031746,756,756,50.7936507936508,49.0079365079365
EPI_ISL_192313|Human|H7N9|2015.041|Asia|,2015.041,-227.3,49.7354497354497,756,756,51.1904761904762,49.0079365079365
EPI_ISL_192312|Human|H7N9|2015.041|Asia|,2015.041,-227.6,49.6031746031746,756,756,50.7936507936508,49.0079365079365
EPI_ISL_192311|Human|H7N9|2015.033|Asia|,2015.033,-230.7,50.2645502645503,756,756,52.7777777777778,49.0079365079365
EPI_ISL_192310|Human|H7N9|2015.008|Asia|,2015.008,-226.3,49.4708994708995,756,756,50.7936507936508,48.8095238095238
EPI_ISL_192309|Human|H7N9|2015.044|Asia|,2015.044,-227.3,49.7354497354497,756,756,51.1904761904762,49.0079365079365
EPI_ISL_192308|Human|H7N9|2015.03|Asia|,2015.03,-227.3,49.7354497354497,756,756,51.1904761904762,49.0079365079365
EPI_ISL_192307|Human|H7N9|2015.027|Asia|,2015.027,-230.6,49.4708994708995,756,756,50,49.2063492063492
EPI_ISL_192306|Human|H7N9|2015.044|Asia|,2015.044,-227.6,49.4708994708995,756,756,50.7936507936508,48.8095238095238
EPI_ISL_192305|Human|H7N9|2015.049|Asia|,2015.049,-228,49.7354497354497,756,756,51.1904761904762,49.0079365079365
EPI_ISL_192304|Human|H7N9|2015.047|Asia|,2015.047,-224.8,49.8677248677249,756,756,51.5873015873016,49.0079365079365
EPI_ISL_192303|Human|H7N9|2015.058|Asia|,2015.058,-227.3,49.7354497354497,756,756,51.1904761904762,49.0079365079365
EPI_ISL_192302|Human|H7N9|2015.011|Asia|,2015.011,-223.7,49.6688741721854,755,756,50.597609561753,49.2063492063492
EPI_ISL_192301|Human|H7N9|2015.038|Asia|,2015.038,-228.3,50,756,756,51.984126984127,49.0079365079365
EPI_ISL_192300|Human|H7N9|2015.033|Asia|,2015.033,-229.1,49.8677248677249,756,756,51.1904761904762,49.2063492063492
EPI_ISL_192299|Human|H7N9|2014.904|Asia|,2014.904,-227.1,49.7354497354497,756,756,51.1904761904762,49.0079365079365
EPI_ISL_192298|Human|H7N9|2015.068|Asia|,2015.068,-226.9,49.6031746031746,756,756,50.7936507936508,49.0079365079365
EPI_ISL_192297|Human|H7N9|2015.06|Asia|,2015.06,-223.7,49.4708994708995,756,756,50.3968253968254,49.0079365079365
EPI_ISL_192296|Human|H7N9|2015.049|Asia|,2015.049,-227.1,49.7354497354497,756,756,51.1904761904762,49.0079365079365
EPI_ISL_192295|Human|H7N9|2014.981|Asia|,2014.981,-229.1,50,756,756,51.984126984127,49.0079365079365
EPI_ISL_192294|Human|H7N9|2014.984|Asia|,2014.984,-229.1,50,756,756,51.984126984127,49.0079365079365
EPI_ISL_192293|Human|H7N9|2015.033|Asia|,2015.033,-229.6,50,756,756,51.984126984127,49.0079365079365
EPI_ISL_192292|Human|H7N9|2014.989|Asia|,2014.989,-226.8,49.6031746031746,756,756,50.7936507936508,49.0079365079365
EPI_ISL_192291|Human|H7N9|2015.058|Asia|,2015.058,-228,49.7354497354497,756,756,51.1904761904762,49.0079365079365
EPI_ISL_192290|Human|H7N9|2015.06|Asia|,2015.06,-227.3,49.7354497354497,756,756,51.1904761904762,49.0079365079365
EPI_ISL_192289|Human|H7N9|2015.038|Asia|,2015.038,-224.8,49.8677248677249,756,756,51.5873015873016,49.0079365079365
EPI_ISL_192288|Human|H7N9|2015.06|Asia|,2015.06,-223.7,49.4708994708995,756,756,50.3968253968254,49.0079365079365
EPI_ISL_192287|Human|H7N9|2015.11|Asia|,2015.11,-224.6,49.6031746031746,756,756,50.7936507936508,49.0079365079365
EPI_ISL_192286|Human|H7N9|2015.11|Asia|,2015.11,-224.6,49.6031746031746,756,756,50.7936507936508,49.0079365079365
EPI_ISL_192285|Human|H7N9|2015.074|Asia|,2015.074,-228,49.7354497354497,756,756,51.1904761904762,49.0079365079365
EPI_ISL_192284|Human|H7N9|2015.093|Asia|,2015.093,-229.4,49.4708994708995,756,756,50.7936507936508,48.8095238095238
EPI_ISL_192283|Human|H7N9|2015.082|Asia|,2015.082,-226.1,49.7354497354497,756,756,51.1904761904762,49.0079365079365
EPI_ISL_192282|Human|H7N9|2015.11|Asia|,2015.11,-227.3,49.7354497354497,756,756,51.1904761904762,49.0079365079365
EPI_ISL_192281|Human|H7N9|2015.025|Asia|,2015.025,-224.4,50,756,756,51.984126984127,49.0079365079365
EPI_ISL_192280|Human|H7N9|2015.074|Asia|,2015.074,-225.2,49.7354497354497,756,756,51.984126984127,48.6111111111111
EPI_ISL_192279|Human|H7N9|2015.055|Asia|,2015.055,-238.5,50.3968253968254,756,756,52.7777777777778,49.2063492063492
EPI_ISL_192278|Human|H7N9|2014.997|Asia|,2014.997,-227.3,49.8677248677249,756,756,51.5873015873016,49.0079365079365
EPI_ISL_192277|Human|H7N9|2015.06|Asia|,2015.06,-223.7,49.4708994708995,756,756,50.3968253968254,49.0079365079365
EPI_ISL_192276|Human|H7N9|2015.11|Asia|,2015.11,-226,49.4708994708995,756,756,50.3968253968254,49.0079365079365
EPI_ISL_192275|Human|H7N9|2015.099|Asia|,2015.099,-228.1,49.8677248677249,756,756,51.5873015873016,49.0079365079365
EPI_ISL_192274|Human|H7N9|2015.041|Asia|,2015.041,-226.5,49.4708994708995,756,756,50.3968253968254,49.0079365079365
EPI_ISL_192505|Human|H7N9|2015.151|Asia|,2015.151,-229.1,49.7354497354497,756,756,51.1904761904762,49.0079365079365
EPI_ISL_192504|Human|H7N9|2015.115|Asia|,2015.115,-223.5,49.3386243386243,756,756,50,49.0079365079365
EPI_ISL_192503|Human|H7N9|2015.167|Asia|,2015.167,-225.2,49.8677248677249,756,756,51.5873015873016,49.0079365079365
EPI_ISL_192502|Human|H7N9|2015.088|Asia|,2015.088,-230.7,50.2645502645503,756,756,52.7777777777778,49.0079365079365
EPI_ISL_192501|Human|H7N9|2015.2|Asia|,2015.2,-228.8,49.6031746031746,756,756,50.7936507936508,49.0079365079365
EPI_ISL_192499|Human|H7N9|2015.178|Asia|,2015.178,-226.1,49.7354497354497,756,756,51.1904761904762,49.0079365079365
EPI_ISL_192498|Human|H7N9|2015.093|Asia|,2015.093,-223.5,49.3386243386243,756,756,50,49.0079365079365
EPI_ISL_192497|Human|H7N9|2015.088|Asia|,2015.088,-225.3,49.4708994708995,756,756,50.3968253968254,49.0079365079365
EPI_ISL_192495|Human|H7N9|2015.153|Asia|,2015.153,-227.4,50,756,756,51.5873015873016,49.2063492063492
EPI_ISL_192494|Human|H7N9|2015.173|Asia|,2015.173,-223.7,49.4708994708995,756,756,50.3968253968254,49.0079365079365
EPI_ISL_192493|Human|H7N9|2015.164|Asia|,2015.164,-228,49.7354497354497,756,756,51.1904761904762,49.0079365079365
EPI_ISL_192492|Human|H7N9|2015.266|Asia|,2015.266,-228,49.7354497354497,756,756,51.1904761904762,49.0079365079365
EPI_ISL_192488|Human|H7N9|2015.066|Asia|,2015.066,-228,49.7354497354497,756,756,51.1904761904762,49.0079365079365
EPI_ISL_192487|Human|H7N9|2015.058|Asia|,2015.058,-226.6,49.6688741721854,755,756,50.996015936255,49.0079365079365
EPI_ISL_192484|Human|H7N9|2015.145|Asia|,2015.145,-228,49.7354497354497,756,756,51.1904761904762,49.0079365079365
EPI_ISL_192478|Human|H7N9|2015.304|Asia|,2015.304,-219.9,49.2063492063492,756,756,49.6031746031746,49.0079365079365
EPI_ISL_192472|Human|H7N9|2015.389|Asia|,2015.389,-226.1,49.7354497354497,756,756,51.1904761904762,49.0079365079365
EPI_ISL_192471|Human|H7N9|2015.389|Asia|,2015.389,-227.8,50.1322751322751,756,756,52.3809523809524,49.0079365079365
EPI_ISL_192469|Human|H7N9|2015.397|Asia|,2015.397,-224.1,49.8677248677249,756,756,51.5873015873016,49.0079365079365
EPI_ISL_192466|Human|H7N9|2013.912|Asia|,2013.912,-235.3,50,756,756,51.5873015873016,49.2063492063492
EPI_ISL_192465|Human|H7N9|2013.956|Asia|,2013.956,-227.6,49.6031746031746,756,756,50.3968253968254,49.2063492063492
EPI_ISL_192464|Human|H7N9|2014.019|Asia|,2014.019,-230,49.4708994708995,756,756,50.3968253968254,49.0079365079365
EPI_ISL_192463|Human|H7N9|2014.008|Asia|,2014.008,-226,49.6031746031746,756,756,50.3968253968254,49.2063492063492
EPI_ISL_192462|Human|H7N9|2014.019|Asia|,2014.019,-227.5,49.5364238410596,755,756,50.199203187251,49.2063492063492
EPI_ISL_192461|Human|H7N9|2014.033|Asia|,2014.033,-230,49.4708994708995,756,756,50.3968253968254,49.0079365079365
EPI_ISL_192460|Human|H7N9|2014.033|Asia|,2014.033,-227.6,49.6031746031746,756,756,50.3968253968254,49.2063492063492
EPI_ISL_192459|Human|H7N9|2014.033|Asia|,2014.033,-230,49.4708994708995,756,756,50.3968253968254,49.0079365079365
EPI_ISL_192458|Human|H7N9|2014.033|Asia|,2014.033,-230,49.4708994708995,756,756,50.3968253968254,49.0079365079365
EPI_ISL_192455|Human|H7N9|2014.005|Asia|,2014.005,-228.4,49.7354497354497,756,756,50.7936507936508,49.2063492063492
EPI_ISL_192454|Human|H7N9|2014.036|Asia|,2014.036,-227.6,49.6031746031746,756,756,50.3968253968254,49.2063492063492
EPI_ISL_192451|Human|H7N9|2014.036|Asia|,2014.036,-231.8,49.7354497354497,756,756,50.7936507936508,49.2063492063492
EPI_ISL_192450|Human|H7N9|2014.038|Asia|,2014.038,-227.4,50,756,756,51.5873015873016,49.2063492063492
EPI_ISL_192449|Human|H7N9|2014.005|Asia|,2014.005,-228.4,49.7354497354497,756,756,50.7936507936508,49.2063492063492
EPI_ISL_192448|Human|H7N9|2014.022|Asia|,2014.022,-230.2,49.4708994708995,756,756,50.7936507936508,48.8095238095238
EPI_ISL_192447|Human|H7N9|2014.022|Asia|,2014.022,-226,49.6031746031746,756,756,50.7936507936508,49.0079365079365
EPI_ISL_192446|Human|H7N9|2014.027|Asia|,2014.027,-230.3,49.2063492063492,756,756,49.6031746031746,49.0079365079365
EPI_ISL_192445|Human|H7N9|2014.019|Asia|,2014.019,-229.2,49.8677248677249,756,756,51.1904761904762,49.2063492063492
EPI_ISL_192444|Human|H7N9|2014.038|Asia|,2014.038,-232.7,49.6031746031746,756,756,50.7936507936508,49.0079365079365
EPI_ISL_192443|Human|H7N9|2014.06|Asia|,2014.06,-232.7,49.6031746031746,756,756,50.7936507936508,49.0079365079365
EPI_ISL_192442|Human|H7N9|2014.06|Asia|,2014.06,-232.7,49.6031746031746,756,756,50.7936507936508,49.0079365079365
EPI_ISL_192441|Human|H7N9|2014.052|Asia|,2014.052,-232.7,49.6031746031746,756,756,50.7936507936508,49.0079365079365
EPI_ISL_192440|Human|H7N9|2014.06|Asia|,2014.06,-232.7,49.6031746031746,756,756,50.7936507936508,49.0079365079365
EPI_ISL_192439|Human|H7N9|2014.049|Asia|,2014.049,-232.7,49.6031746031746,756,756,50.7936507936508,49.0079365079365
EPI_ISL_192438|Human|H7N9|2014.088|Asia|,2014.088,-232.7,49.4708994708995,756,756,50.7936507936508,48.8095238095238
EPI_ISL_192436|Human|H7N9|2014.071|Asia|,2014.071,-228.4,49.7354497354497,756,756,50.7936507936508,49.2063492063492
EPI_ISL_192435|Human|H7N9|2014.041|Asia|,2014.041,-227.4,50,756,756,51.5873015873016,49.2063492063492
EPI_ISL_192432|Human|H7N9|2014.052|Asia|,2014.052,-228.4,49.7354497354497,756,756,50.7936507936508,49.2063492063492
EPI_ISL_192431|Human|H7N9|2014.068|Asia|,2014.068,-232.7,49.6031746031746,756,756,50.7936507936508,49.0079365079365
EPI_ISL_192430|Human|H7N9|2014.096|Asia|,2014.096,-228,49.8677248677249,756,756,51.5873015873016,49.0079365079365
EPI_ISL_192429|Human|H7N9|2014.068|Asia|,2014.068,-231.5,49.6031746031746,756,756,50.3968253968254,49.2063492063492
EPI_ISL_192428|Human|H7N9|2014.071|Asia|,2014.071,-226,49.6031746031746,756,756,50.7936507936508,49.0079365079365
EPI_ISL_192427|Human|H7N9|2014.09|Asia|,2014.09,-230.6,49.7354497354497,756,756,50.7936507936508,49.2063492063492
EPI_ISL_192426|Human|H7N9|2014.033|Asia|,2014.033,-227.4,50,756,756,51.5873015873016,49.2063492063492
EPI_ISL_192425|Human|H7N9|2014.016|Asia|,2014.016,-228.4,49.7354497354497,756,756,50.7936507936508,49.2063492063492
EPI_ISL_192424|Human|H7N9|2014.096|Asia|,2014.096,-228.4,49.7354497354497,756,756,50.7936507936508,49.2063492063492
EPI_ISL_192423|Human|H7N9|2014.068|Asia|,2014.068,-226,49.6031746031746,756,756,50.7936507936508,49.0079365079365
EPI_ISL_192422|Human|H7N9|2014.082|Asia|,2014.082,-226,49.6031746031746,756,756,50.7936507936508,49.0079365079365
EPI_ISL_192421|Human|H7N9|2014.088|Asia|,2014.088,-230.6,49.7354497354497,756,756,50.7936507936508,49.2063492063492
EPI_ISL_192420|Human|H7N9|2014.096|Asia|,2014.096,-227.4,50,756,756,51.5873015873016,49.2063492063492
EPI_ISL_192419|Human|H7N9|2014.129|Asia|,2014.129,-232.7,49.6031746031746,756,756,50.7936507936508,49.0079365079365
EPI_ISL_192418|Human|H7N9|2014.126|Asia|,2014.126,-223,49.6031746031746,756,756,50.3968253968254,49.2063492063492
EPI_ISL_192417|Human|H7N9|2014.03|Asia|,2014.03,-227.6,49.6031746031746,756,756,50.3968253968254,49.2063492063492
EPI_ISL_192416|Human|H7N9|2014.022|Asia|,2014.022,-228.2,49.4708994708995,756,756,50,49.2063492063492
EPI_ISL_192415|Human|H7N9|2014.027|Asia|,2014.027,-233.3,49.7354497354497,756,756,50.3968253968254,49.4047619047619
EPI_ISL_192414|Human|H7N9|2014.019|Asia|,2014.019,-230,49.4708994708995,756,756,50.3968253968254,49.0079365079365
EPI_ISL_192413|Human|H7N9|2014.008|Asia|,2014.008,-226,49.6031746031746,756,756,50.3968253968254,49.2063492063492
EPI_ISL_192412|Human|H7N9|2014.099|Asia|,2014.099,-228.4,49.8677248677249,756,756,51.1904761904762,49.2063492063492
EPI_ISL_192411|Human|H7N9|2014.063|Asia|,2014.063,-224.4,49.4708994708995,756,756,50.3968253968254,49.0079365079365
EPI_ISL_192410|Human|H7N9|2014.101|Asia|,2014.101,-227.9,49.3386243386243,756,756,49.6031746031746,49.2063492063492
EPI_ISL_192409|Human|H7N9|2014.112|Asia|,2014.112,-232.7,49.6031746031746,756,756,50.7936507936508,49.0079365079365
EPI_ISL_192408|Human|H7N9|2014.101|Asia|,2014.101,-231.6,49.8677248677249,756,756,51.5873015873016,49.0079365079365
EPI_ISL_192407|Human|H7N9|2014.118|Asia|,2014.118,-232.7,49.6031746031746,756,756,50.7936507936508,49.0079365079365
EPI_ISL_192406|Human|H7N9|2014.123|Asia|,2014.123,-232.7,49.6031746031746,756,756,50.7936507936508,49.0079365079365
EPI_ISL_192405|Human|H7N9|2014.101|Asia|,2014.101,-226.7,49.6031746031746,756,756,50.7936507936508,49.0079365079365
EPI_ISL_192403|Human|H7N9|2014.079|Asia|,2014.079,-226,49.6031746031746,756,756,50.3968253968254,49.2063492063492
EPI_ISL_192402|Human|H7N9|2014.052|Asia|,2014.052,-228.1,50,756,756,51.5873015873016,49.2063492063492
EPI_ISL_192401|Human|H7N9|2014.077|Asia|,2014.077,-225.1,49.4708994708995,756,756,50,49.2063492063492
EPI_ISL_192913|Human|H7N9|2015|Asia|,2015,-228.3,50,756,756,51.984126984127,49.0079365079365
EPI_ISL_192912|Human|H7N9|2015|Asia|,2015,-228.3,50,756,756,51.984126984127,49.0079365079365
EPI_ISL_192911|Human|H7N9|2015|Asia|,2015,-225,49.7354497354497,756,756,50.7936507936508,49.2063492063492
EPI_ISL_192910|Human|H7N9|2015|Asia|,2015,-227,49.8677248677249,756,756,51.1904761904762,49.2063492063492
EPI_ISL_192909|Human|H7N9|2014.915|Asia|,2014.915,-227.2,49.3386243386243,756,756,50.3968253968254,48.8095238095238
EPI_ISL_192908|Human|H7N9|2014|Asia|,2014,-227.6,49.6031746031746,756,756,50.3968253968254,49.2063492063492
EPI_ISL_192907|Human|H7N9|2014|Asia|,2014,-231.7,49.6031746031746,756,756,50.3968253968254,49.2063492063492
EPI_ISL_192906|Human|H7N9|2014|Asia|,2014,-231.7,49.7354497354497,756,756,50.7936507936508,49.2063492063492
EPI_ISL_192905|Human|H7N9|2014|Asia|,2014,-229.8,49.6031746031746,756,756,50.7936507936508,49.0079365079365
EPI_ISL_192904|Human|H7N9|2014|Asia|,2014,-231.7,49.7354497354497,756,756,50.7936507936508,49.2063492063492
EPI_ISL_192903|Human|H7N9|2014|Asia|,2014,-230.2,49.4708994708995,756,756,50.3968253968254,49.0079365079365
EPI_ISL_192902|Human|H7N9|2014|Asia|,2014,-231.7,49.7354497354497,756,756,50.7936507936508,49.2063492063492
EPI_ISL_192901|Human|H7N9|2014|Asia|,2014,-228.8,50,756,756,51.5873015873016,49.2063492063492
EPI_ISL_192900|Human|H7N9|2014|Asia|,2014,-231.7,49.7354497354497,756,756,50.7936507936508,49.2063492063492
EPI_ISL_192899|Human|H7N9|2014|Asia|,2014,-231.7,49.6031746031746,756,756,50.3968253968254,49.2063492063492
EPI_ISL_192898|Human|H7N9|2013.915|Asia|,2013.915,-231.7,49.7354497354497,756,756,50.7936507936508,49.2063492063492
EPI_ISL_194320|Human|H7N9|2015.652|Asia|,2015.652,-227.6,49.6031746031746,756,756,50.3968253968254,49.2063492063492
EPI_ISL_198689|Human|H7N9|2014.079|Asia|,2014.079,-227.6,49.6031746031746,756,756,50.3968253968254,49.2063492063492
EPI_ISL_198688|Human|H7N9|2014.077|Asia|,2014.077,-252.4,50.5291005291005,756,756,53.5714285714286,49.0079365079365
EPI_ISL_198687|Human|H7N9|2014.077|Asia|,2014.077,-228,49.7354497354497,756,756,51.1904761904762,49.0079365079365
EPI_ISL_198686|Human|H7N9|2014.071|Asia|,2014.071,-227.6,49.6031746031746,756,756,50.3968253968254,49.2063492063492
EPI_ISL_198685|Human|H7N9|2014.049|Asia|,2014.049,-230,49.4708994708995,756,756,50.3968253968254,49.0079365079365
EPI_ISL_198684|Human|H7N9|2014.041|Asia|,2014.041,-226.8,50.2645502645503,756,756,52.3809523809524,49.2063492063492
EPI_ISL_198683|Human|H7N9|2014.038|Asia|,2014.038,-230,49.4708994708995,756,756,50.3968253968254,49.0079365079365
EPI_ISL_198682|Human|H7N9|2014.03|Asia|,2014.03,-227.9,49.4708994708995,756,756,50,49.2063492063492
EPI_ISL_198681|Human|H7N9|2014.03|Asia|,2014.03,-230,49.4708994708995,756,756,50.3968253968254,49.0079365079365
EPI_ISL_198680|Human|H7N9|2014.03|Asia|,2014.03,-227.6,49.6031746031746,756,756,50.3968253968254,49.2063492063492
EPI_ISL_198679|Human|H7N9|2014.03|Asia|,2014.03,-227.6,49.6031746031746,756,756,50.3968253968254,49.2063492063492
EPI_ISL_198678|Human|H7N9|2014.027|Asia|,2014.027,-227.6,49.6031746031746,756,756,50.3968253968254,49.2063492063492
EPI_ISL_198677|Human|H7N9|2014.027|Asia|,2014.027,-227.6,49.0740740740741,756,756,49.6031746031746,48.8095238095238
EPI_ISL_198676|Human|H7N9|2014.025|Asia|,2014.025,-223.7,49.6688741721854,755,756,50.597609561753,49.2063492063492
EPI_ISL_198675|Human|H7N9|2014.025|Asia|,2014.025,-226,49.6031746031746,756,756,50.3968253968254,49.2063492063492
EPI_ISL_198674|Human|H7N9|2014.016|Asia|,2014.016,-226,49.6031746031746,756,756,50.3968253968254,49.2063492063492
EPI_ISL_198673|Human|H7N9|2014.016|Asia|,2014.016,-226,49.6031746031746,756,756,50.3968253968254,49.2063492063492
EPI_ISL_198672|Human|H7N9|2014.005|Asia|,2014.005,-227.6,49.6031746031746,756,756,50.3968253968254,49.2063492063492
EPI_ISL_198750|Human|H7N9|2015.186|Asia|,2015.186,-229.4,49.4708994708995,756,756,50.7936507936508,48.8095238095238
EPI_ISL_198749|Human|H7N9|2015.173|Asia|,2015.173,-224.8,49.8677248677249,756,756,51.1904761904762,49.2063492063492
EPI_ISL_198748|Human|H7N9|2015.153|Asia|,2015.153,-228,49.7354497354497,756,756,51.1904761904762,49.0079365079365
EPI_ISL_198747|Human|H7N9|2015.153|Asia|,2015.153,-228,49.8677248677249,756,756,51.5873015873016,49.0079365079365
EPI_ISL_198746|Human|H7N9|2015.153|Asia|,2015.153,-230.5,49.8677248677249,756,756,52.3809523809524,48.6111111111111
EPI_ISL_198745|Human|H7N9|2015.11|Asia|,2015.11,-226.1,49.7354497354497,756,756,51.1904761904762,49.0079365079365
EPI_ISL_198744|Human|H7N9|2015.11|Asia|,2015.11,-228,49.4708994708995,756,756,50,49.2063492063492
EPI_ISL_198742|Human|H7N9|2015.104|Asia|,2015.104,-225.8,49.4708994708995,756,756,50.3968253968254,49.0079365079365
EPI_ISL_198741|Human|H7N9|2015.101|Asia|,2015.101,-231.7,49.7354497354497,756,756,50.7936507936508,49.2063492063492
EPI_ISL_198740|Human|H7N9|2015.093|Asia|,2015.093,-228,49.7354497354497,756,756,51.1904761904762,49.0079365079365
EPI_ISL_198739|Human|H7N9|2015.09|Asia|,2015.09,-233.3,49.7354497354497,756,756,50.3968253968254,49.4047619047619
EPI_ISL_198738|Human|H7N9|2015.09|Asia|,2015.09,-228,49.8677248677249,756,756,51.5873015873016,49.0079365079365
EPI_ISL_198737|Human|H7N9|2015.079|Asia|,2015.079,-227.3,49.7354497354497,756,756,51.1904761904762,49.0079365079365
EPI_ISL_198736|Human|H7N9|2015.071|Asia|,2015.071,-228,49.7354497354497,756,756,51.1904761904762,49.0079365079365
EPI_ISL_198735|Human|H7N9|2015.071|Asia|,2015.071,-226,49.4708994708995,756,756,50.3968253968254,49.0079365079365
EPI_ISL_198733|Human|H7N9|2015.068|Asia|,2015.068,-227.3,49.7354497354497,756,756,51.1904761904762,49.0079365079365
EPI_ISL_198732|Human|H7N9|2015.066|Asia|,2015.066,-226,49.6031746031746,756,756,50.7936507936508,49.0079365079365
EPI_ISL_198731|Human|H7N9|2015.058|Asia|,2015.058,-228,49.7354497354497,756,756,51.1904761904762,49.0079365079365
EPI_ISL_198730|Human|H7N9|2015.058|Asia|,2015.058,-232,49.7354497354497,756,756,50,49.6031746031746
EPI_ISL_198729|Human|H7N9|2015.055|Asia|,2015.055,-228.4,49.7354497354497,756,756,50.7936507936508,49.2063492063492
EPI_ISL_198728|Human|H7N9|2015.049|Asia|,2015.049,-225.1,49.4708994708995,756,756,50,49.2063492063492
EPI_ISL_198727|Human|H7N9|2015.041|Asia|,2015.041,-226,49.3386243386243,756,756,50.3968253968254,48.8095238095238
EPI_ISL_198726|Human|H7N9|2015.038|Asia|,2015.038,-227.3,49.7354497354497,756,756,51.1904761904762,49.0079365079365
EPI_ISL_198725|Human|H7N9|2015.027|Asia|,2015.027,-232,50,756,756,52.7777777777778,48.6111111111111
EPI_ISL_198724|Human|H7N9|2015.027|Asia|,2015.027,-228,49.4708994708995,756,756,50,49.2063492063492
EPI_ISL_198723|Human|H7N9|2015.014|Asia|,2015.014,-228.4,49.7354497354497,756,756,50.7936507936508,49.2063492063492
EPI_ISL_198722|Human|H7N9|2015.014|Asia|,2015.014,-225.1,49.4708994708995,756,756,50,49.2063492063492
EPI_ISL_198721|Human|H7N9|2015.005|Asia|,2015.005,-227.6,49.4708994708995,756,756,50,49.2063492063492
EPI_ISL_198718|Human|H7N9|2014.403|Asia|,2014.403,-228.1,49.3386243386243,756,756,49.6031746031746,49.2063492063492
EPI_ISL_198711|Human|H7N9|2014.184|Asia|,2014.184,-226.1,49.7354497354497,756,756,51.1904761904762,49.0079365079365
EPI_ISL_198710|Human|H7N9|2014.175|Asia|,2014.175,-224.8,49.3386243386243,756,756,50.3968253968254,48.8095238095238
EPI_ISL_198708|Human|H7N9|2014.142|Asia|,2014.142,-227.4,50.2645502645503,756,756,51.984126984127,49.4047619047619
EPI_ISL_198706|Human|H7N9|2014.134|Asia|,2014.134,-228.2,49.4708994708995,756,756,50,49.2063492063492
EPI_ISL_198705|Human|H7N9|2014.134|Asia|,2014.134,-226.3,49.4708994708995,756,756,50.7936507936508,48.8095238095238
EPI_ISL_198704|Human|H7N9|2014.134|Asia|,2014.134,-228.2,49.7354497354497,756,756,50.7936507936508,49.2063492063492
EPI_ISL_198703|Human|H7N9|2014.132|Asia|,2014.132,-226,49.6031746031746,756,756,50.3968253968254,49.2063492063492
EPI_ISL_198702|Human|H7N9|2014.132|Asia|,2014.132,-227.6,49.6031746031746,756,756,50.3968253968254,49.2063492063492
EPI_ISL_198699|Human|H7N9|2014.112|Asia|,2014.112,-227.6,49.6031746031746,756,756,50.3968253968254,49.2063492063492
EPI_ISL_198698|Human|H7N9|2014.112|Asia|,2014.112,-227.7,49.8677248677249,756,756,51.1904761904762,49.2063492063492
EPI_ISL_198697|Human|H7N9|2014.11|Asia|,2014.11,-228.4,49.4708994708995,756,756,50.3968253968254,49.0079365079365
EPI_ISL_198696|Human|H7N9|2014.101|Asia|,2014.101,-226,49.6031746031746,756,756,50.3968253968254,49.2063492063492
EPI_ISL_198695|Human|H7N9|2014.099|Asia|,2014.099,-228,49.4708994708995,756,756,50,49.2063492063492
EPI_ISL_198694|Human|H7N9|2014.088|Asia|,2014.088,-227.6,49.4708994708995,756,756,50,49.2063492063492
EPI_ISL_198693|Human|H7N9|2014.082|Asia|,2014.082,-227.6,49.6031746031746,756,756,50.3968253968254,49.2063492063492
EPI_ISL_198692|Human|H7N9|2014.082|Asia|,2014.082,-227.4,49.7354497354497,756,756,50.7936507936508,49.2063492063492
EPI_ISL_198691|Human|H7N9|2014.079|Asia|,2014.079,-227.4,49.7354497354497,756,756,50.7936507936508,49.2063492063492
EPI_ISL_198690|Human|H7N9|2014.079|Asia|,2014.079,-230,49.6031746031746,756,756,50.3968253968254,49.2063492063492
EPI_ISL_212471|Human|H7N9|2016.115|Asia|,2016.115,-227,50,756,756,51.984126984127,49.0079365079365
EPI_ISL_215534|Human|H7N9|2014.31|Asia|,2014.31,-229.3,49.7354497354497,756,756,51.5873015873016,48.8095238095238
EPI_ISL_215533|Human|H7N9|2014.31|Asia|,2014.31,-229.3,49.7354497354497,756,756,51.5873015873016,48.8095238095238
EPI_ISL_221674|Human|H7N9|2015|Asia|,2015,-226.2,49.7354497354497,756,756,51.1904761904762,49.0079365079365
EPI_ISL_221672|Human|H7N9|2015|Asia|,2015,-226.2,49.7354497354497,756,756,51.1904761904762,49.0079365079365
EPI_ISL_221671|Human|H7N9|2015|Asia|,2015,-226.2,49.7354497354497,756,756,51.1904761904762,49.0079365079365
EPI_ISL_221667|Human|H7N9|2015|Asia|,2015,-223.7,49.4708994708995,756,756,50.3968253968254,49.0079365079365
EPI_ISL_223670|Human|H7N9|2015.036|Asia|,2015.036,-227.3,49.7354497354497,756,756,51.1904761904762,49.0079365079365
EPI_ISL_223680|Human|H7N9|2015.044|Asia|,2015.044,-226.8,49.8677248677249,756,756,51.5873015873016,49.0079365079365
EPI_ISL_223673|Human|H7N9|2015.038|Asia|,2015.038,-226.8,49.8677248677249,756,756,51.5873015873016,49.0079365079365
EPI_ISL_223672|Human|H7N9|2015.038|Asia|,2015.038,-227.3,49.7354497354497,756,756,51.1904761904762,49.0079365079365
EPI_ISL_233629|Human|H7N9|2016.038|Asia|,2016.038,-230.8,50.1322751322751,756,756,52.3809523809524,49.0079365079365
EPI_ISL_233628|Human|H7N9|2016.033|Asia|,2016.033,-223.7,49.4708994708995,756,756,50.3968253968254,49.0079365079365
EPI_ISL_239333|Human|H7N9|2016.123|Asia|,2016.123,-224.8,49.4039735099338,755,756,49.800796812749,49.2063492063492
EPI_ISL_239332|Human|H7N9|2016.096|Asia|,2016.096,-224.1,49.867374005305,754,756,51.394422310757,49.1053677932406
EPI_ISL_239331|Human|H7N9|2016.03|Asia|,2016.03,-230.8,50.1322751322751,756,756,52.3809523809524,49.0079365079365
EPI_ISL_239330|Human|H7N9|2015.89|Asia|,2015.89,-230.8,50.1322751322751,756,756,52.3809523809524,49.0079365079365
EPI_ISL_239329|Human|H7N9|2016.112|Asia|,2016.112,-230.8,50.1322751322751,756,756,52.3809523809524,49.0079365079365
EPI_ISL_248792|Human|H7N9|2014.323|Asia|,2014.323,-230,49.6031746031746,756,756,50.3968253968254,49.2063492063492
EPI_ISL_252549|Human|H7N9|2015.06|Asia|,2015.06,-227.6,49.6031746031746,756,756,50.7936507936508,49.0079365079365
EPI_ISL_256214|Human|H7N9|2016.068|Asia|,2016.068,-230.8,50.1322751322751,756,756,52.3809523809524,49.0079365079365
EPI_ISL_277448|Human|H7N9|2015.055|Asia|,2015.055,-227.3,49.7354497354497,756,756,51.1904761904762,49.0079365079365
EPI_ISL_277447|Human|H7N9|2015.888|Asia|,2015.888,-226.8,49.4708994708995,756,756,50.3968253968254,49.0079365079365
EPI_ISL_285559|Human|H7N9|2016.098|Asia|,2016.098,-230.8,50.1322751322751,756,756,52.3809523809524,49.0079365079365
EPI_ISL_285558|Human|H7N9|2016.03|Asia|,2016.03,-227,50,756,756,51.984126984127,49.0079365079365
EPI_ISL_285557|Human|H7N9|2016.052|Asia|,2016.052,-229.2,49.7354497354497,756,756,51.1904761904762,49.0079365079365
EPI_ISL_285416|Human|H7N9|2016.148|Asia|,2016.148,-227,50,756,756,51.984126984127,49.0079365079365
EPI_ISL_285412|Human|H7N9|2016.068|Asia|,2016.068,-228.9,50.2645502645503,756,756,52.3809523809524,49.2063492063492
EPI_ISL_285226|Human|H7N9|2015.085|Asia|,2015.085,-227.6,49.0740740740741,756,756,49.2063492063492,49.0079365079365
EPI_ISL_285120|Human|H7N9|2016.03|Asia|,2016.03,-230.8,50.1322751322751,756,756,52.3809523809524,49.0079365079365
EPI_ISL_285119|Human|H7N9|2015.973|Asia|,2015.973,-230.8,50.1322751322751,756,756,52.3809523809524,49.0079365079365
EPI_ISL_285118|Human|H7N9|2015.093|Asia|,2015.093,-227.6,49.0740740740741,756,756,49.6031746031746,48.8095238095238
EPI_ISL_284991|Human|H7N9|2015.477|Asia|,2015.477,-228.2,49.7354497354497,756,756,51.1904761904762,49.0079365079365
EPI_ISL_284982|Human|H7N9|2016.161|Asia|,2016.161,-230.3,49.8677248677249,756,756,51.5873015873016,49.0079365079365
EPI_ISL_285113|Human|H7N9|2016.142|Asia|,2016.142,-227.5,49.6031746031746,756,756,50.7936507936508,49.0079365079365
EPI_ISL_285110|Human|H7N9|2016.153|Asia|,2016.153,-230.8,50.1322751322751,756,756,52.3809523809524,49.0079365079365
EPI_ISL_285108|Human|H7N9|2016.038|Asia|,2016.038,-223.7,49.4708994708995,756,756,50.3968253968254,49.0079365079365
EPI_ISL_285184|Human|H7N9|2016.128|Asia|,2016.128,-231.9,49.6031746031746,756,756,50.7936507936508,49.0079365079365
EPI_ISL_285183|Human|H7N9|2016.09|Asia|,2016.09,-227,50,756,756,51.984126984127,49.0079365079365
EPI_ISL_285182|Human|H7N9|2016.003|Asia|,2016.003,-227,50,756,756,51.984126984127,49.0079365079365
EPI_ISL_285181|Human|H7N9|2016|Asia|,2016,-227,50,756,756,51.984126984127,49.0079365079365
EPI_ISL_285256|Human|H7N9|2016.128|Asia|,2016.128,-231.9,49.7354497354497,756,756,50.7936507936508,49.2063492063492
EPI_ISL_364317|Human|H7N9|2015.025|Asia|,2015.025,-227.2,49.3386243386243,756,756,50.3968253968254,48.8095238095238
EPI_ISL_379593|Human|H7N9|2016.134|Asia|,2016.134,-227,50,756,756,51.984126984127,49.0079365079365
EPI_ISL_379592|Human|H7N9|2014.068|Asia|,2014.068,-229.4,49.8013245033113,755,756,51.394422310757,49.0079365079365
EPI_ISL_379591|Human|H7N9|2014.307|Asia|,2014.307,-229.4,49.7354497354497,756,756,51.1904761904762,49.0079365079365
EPI_ISL_379590|Human|H7N9|2014.268|Asia|,2014.268,-231.7,49.6031746031746,756,756,50.7936507936508,49.0079365079365
EPI_ISL_379589|Human|H7N9|2014.205|Asia|,2014.205,-234,50,756,756,51.984126984127,49.0079365079365
EPI_ISL_379588|Human|H7N9|2015.342|Asia|,2015.342,-226.9,49.6031746031746,756,756,51.5873015873016,48.6111111111111
EPI_ISL_379587|Human|H7N9|2014.271|Asia|,2014.271,-226,49.6031746031746,756,756,50.7936507936508,49.0079365079365
EPI_ISL_379586|Human|H7N9|2016.033|Asia|,2016.033,-227,50,756,756,51.984126984127,49.0079365079365
EPI_ISL_399682|Human|H7N9|2014.134|Asia|,2014.134,-232.7,49.6031746031746,756,756,50.7936507936508,49.0079365079365
EPI_ISL_426185|Human|H7N9|2015.175|Asia|,2015.175,-223.7,49.4708994708995,756,756,50.3968253968254,49.0079365079365
EPI_ISL_426184|Human|H7N9|2014.942|Asia|,2014.942,-226.4,49.6031746031746,756,756,50.7936507936508,49.0079365079365
EPI_ISL_4071297|Rodent|H7N9|2015.953|Asia|,2015.953,-228,49.8677248677249,756,756,51.5873015873016,49.0079365079365
EPI_ISL_217947|Human|H7N9|2016.298|Asia|,2016.298,-229.3,49.6031746031746,756,756,51.1904761904762,48.8095238095238
EPI_ISL_215688|Human|H7N9|2016.227|Asia|,2016.227,-229.2,49.8677248677249,756,756,51.1904761904762,49.2063492063492
EPI_ISL_239994|Human|H7N9|2016.964|Asia|,2016.964,-227.2,49.6031746031746,756,756,50.7936507936508,49.0079365079365
EPI_ISL_240520|Human|H7N9|2016.989|Asia|,2016.989,-233.4,49.3386243386243,756,756,50,49.0079365079365
EPI_ISL_240829|Human|H7N9|2017.011|Asia|,2017.011,-229.4,49.4708994708995,756,756,50.3968253968254,49.0079365079365
EPI_ISL_242275|Human|H7N9|2017.022|Asia|,2017.022,-229,50,756,756,51.5873015873016,49.2063492063492
EPI_ISL_242867|Human|H7N9|2017|Asia|,2017,-228.1,49.6031746031746,756,756,51.5873015873016,48.6111111111111
EPI_ISL_242866|Human|H7N9|2016.765|Asia|,2016.765,-225.4,49.8677248677249,756,756,51.5873015873016,49.0079365079365
EPI_ISL_242865|Human|H7N9|2016.943|Asia|,2016.943,-227.4,49.8677248677249,756,756,51.5873015873016,49.0079365079365
EPI_ISL_242864|Human|H7N9|2016.945|Asia|,2016.945,-226.4,49.8677248677249,756,756,51.5873015873016,49.0079365079365
EPI_ISL_242863|Human|H7N9|2016.962|Asia|,2016.962,-227.8,49.8677248677249,756,756,51.5873015873016,49.0079365079365
EPI_ISL_242862|Human|H7N9|2016.97|Asia|,2016.97,-227,50,756,756,51.984126984127,49.0079365079365
EPI_ISL_242861|Human|H7N9|2016.981|Asia|,2016.981,-229.5,50,756,756,52.3809523809524,48.8095238095238
EPI_ISL_242860|Human|H7N9|2016.978|Asia|,2016.978,-227,50,756,756,51.984126984127,49.0079365079365
EPI_ISL_242859|Human|H7N9|2016.975|Asia|,2016.975,-227,50,756,756,51.984126984127,49.0079365079365
EPI_ISL_242858|Human|H7N9|2016.97|Asia|,2016.97,-225.9,49.8677248677249,756,756,51.5873015873016,49.0079365079365
EPI_ISL_242857|Human|H7N9|2016.97|Asia|,2016.97,-227.8,49.8677248677249,756,756,51.5873015873016,49.0079365079365
EPI_ISL_242856|Human|H7N9|2017.016|Asia|,2017.016,-227,50,756,756,51.984126984127,49.0079365079365
EPI_ISL_242855|Human|H7N9|2017.008|Asia|,2017.008,-227,50,756,756,51.984126984127,49.0079365079365
EPI_ISL_242854|Human|H7N9|2016.926|Asia|,2016.926,-232,50.1322751322751,756,756,52.3809523809524,49.0079365079365
EPI_ISL_242853|Human|H7N9|2016.997|Asia|,2016.997,-227,50,756,756,51.984126984127,49.0079365079365
EPI_ISL_242852|Human|H7N9|2016.986|Asia|,2016.986,-227.7,50.1322751322751,756,756,52.7777777777778,48.8095238095238
EPI_ISL_242851|Human|H7N9|2017.011|Asia|,2017.011,-228.8,50,756,756,51.984126984127,49.0079365079365
EPI_ISL_242850|Human|H7N9|2016.989|Asia|,2016.989,-228.1,49.6021220159151,754,756,51.394422310757,48.7077534791253
EPI_ISL_242849|Human|H7N9|2016.995|Asia|,2016.995,-235.6,50.1322751322751,756,756,52.3809523809524,49.0079365079365
EPI_ISL_242848|Human|H7N9|2017.003|Asia|,2017.003,-227.7,50.1322751322751,756,756,52.7777777777778,48.8095238095238
EPI_ISL_242847|Human|H7N9|2017.011|Asia|,2017.011,-227.7,50.1322751322751,756,756,52.7777777777778,48.8095238095238
EPI_ISL_242888|Human|H7N9|2016.948|Asia|,2016.948,-228.3,49.7354497354497,756,756,51.1904761904762,49.0079365079365
EPI_ISL_242871|Human|H7N9|2016.937|Asia|,2016.937,-232.6,49.7354497354497,756,756,51.1904761904762,49.0079365079365
EPI_ISL_242870|Human|H7N9|2016.989|Asia|,2016.989,-228.8,49.7354497354497,756,756,50.3968253968254,49.4047619047619
EPI_ISL_242897|Human|H7N9|2016.964|Asia|,2016.964,-232,50,756,756,51.984126984127,49.0079365079365
EPI_ISL_242896|Human|H7N9|2016.964|Asia|,2016.964,-232,50,756,756,51.984126984127,49.0079365079365
EPI_ISL_242895|Human|H7N9|2016.948|Asia|,2016.948,-232,50,756,756,51.984126984127,49.0079365079365
EPI_ISL_242890|Human|H7N9|2016.973|Asia|,2016.973,-227,50,756,756,51.984126984127,49.0079365079365
EPI_ISL_242872|Human|H7N9|2016.885|Asia|,2016.885,-224.7,49.7347480106101,754,756,51.2,49.0079365079365
EPI_ISL_242843|Human|H7N9|2017.014|Asia|,2017.014,-227,50,756,756,51.984126984127,49.0079365079365
EPI_ISL_242842|Human|H7N9|2017|Asia|,2017,-225.3,49.6031746031746,756,756,50.7936507936508,49.0079365079365
EPI_ISL_242901|Human|H7N9|2016.874|Asia|,2016.874,-225.8,49.8677248677249,756,756,51.5873015873016,49.0079365079365
EPI_ISL_242900|Human|H7N9|2016.97|Asia|,2016.97,-232.1,50.1322751322751,756,756,52.3809523809524,49.0079365079365
EPI_ISL_242899|Human|H7N9|2016.964|Asia|,2016.964,-227,50,756,756,51.984126984127,49.0079365079365
EPI_ISL_242898|Human|H7N9|2016.964|Asia|,2016.964,-232,50,756,756,51.984126984127,49.0079365079365
EPI_ISL_242894|Human|H7N9|2016.964|Asia|,2016.964,-232.1,50.1322751322751,756,756,52.3809523809524,49.0079365079365
EPI_ISL_242893|Human|H7N9|2016.954|Asia|,2016.954,-232,50,756,756,51.984126984127,49.0079365079365
EPI_ISL_242892|Human|H7N9|2016.954|Asia|,2016.954,-232,50,756,756,51.984126984127,49.0079365079365
EPI_ISL_242891|Human|H7N9|2016.97|Asia|,2016.97,-232.1,50.1322751322751,756,756,52.3809523809524,49.0079365079365
EPI_ISL_242889|Human|H7N9|2016.962|Asia|,2016.962,-232.2,50.1322751322751,756,756,51.984126984127,49.2063492063492
EPI_ISL_242887|Human|H7N9|2016.956|Asia|,2016.956,-227,50,756,756,51.984126984127,49.0079365079365
EPI_ISL_242886|Human|H7N9|2016.964|Asia|,2016.964,-232,50.1322751322751,756,756,52.3809523809524,49.0079365079365
EPI_ISL_242885|Human|H7N9|2016.964|Asia|,2016.964,-227,50,756,756,51.984126984127,49.0079365079365
EPI_ISL_242884|Human|H7N9|2016.956|Asia|,2016.956,-227,50,756,756,51.984126984127,49.0079365079365
EPI_ISL_242883|Human|H7N9|2016.899|Asia|,2016.899,-226,49.8677248677249,756,756,51.5873015873016,49.0079365079365
EPI_ISL_242882|Human|H7N9|2016.918|Asia|,2016.918,-226,50,756,756,51.984126984127,49.0079365079365
EPI_ISL_242881|Human|H7N9|2016.929|Asia|,2016.929,-227,50,756,756,51.984126984127,49.0079365079365
EPI_ISL_242880|Human|H7N9|2016.94|Asia|,2016.94,-227,50,756,756,51.984126984127,49.0079365079365
EPI_ISL_242879|Human|H7N9|2016.945|Asia|,2016.945,-227,50,756,756,51.984126984127,49.0079365079365
EPI_ISL_242878|Human|H7N9|2016.948|Asia|,2016.948,-226,50,756,756,51.984126984127,49.0079365079365
EPI_ISL_242877|Human|H7N9|2016.967|Asia|,2016.967,-232,50.1322751322751,756,756,52.3809523809524,49.0079365079365
EPI_ISL_242876|Human|H7N9|2016.956|Asia|,2016.956,-232,50.1322751322751,756,756,52.3809523809524,49.0079365079365
EPI_ISL_242875|Human|H7N9|2016.872|Asia|,2016.872,-227.7,49.6031746031746,756,756,50.7936507936508,49.0079365079365
EPI_ISL_242874|Human|H7N9|2016.937|Asia|,2016.937,-232,50.1322751322751,756,756,52.3809523809524,49.0079365079365
EPI_ISL_242873|Human|H7N9|2016.817|Asia|,2016.817,-227.7,49.6031746031746,756,756,50.7936507936508,49.0079365079365
EPI_ISL_242869|Human|H7N9|2016.888|Asia|,2016.888,-227.7,49.6031746031746,756,756,50.7936507936508,49.0079365079365
EPI_ISL_242868|Human|H7N9|2016.986|Asia|,2016.986,-226.7,50.0662251655629,755,756,52.191235059761,49.0079365079365
EPI_ISL_242846|Human|H7N9|2017.019|Asia|,2017.019,-226.2,49.8677248677249,756,756,51.5873015873016,49.0079365079365
EPI_ISL_242845|Human|H7N9|2017.027|Asia|,2017.027,-235.8,49.7354497354497,756,756,51.1904761904762,49.0079365079365
EPI_ISL_242844|Human|H7N9|2017.014|Asia|,2017.014,-227.7,50.1322751322751,756,756,52.7777777777778,48.8095238095238
EPI_ISL_248314|Human|H7N9|2016.948|Asia|,2016.948,-226,50,756,756,51.984126984127,49.0079365079365
EPI_ISL_248778|Human|H7N9|2017.09|Asia|,2017.09,-231,50.2645502645503,756,756,52.7777777777778,49.0079365079365
EPI_ISL_248313|Human|H7N9|2016.918|Asia|,2016.918,-226,50,756,756,51.984126984127,49.0079365079365
EPI_ISL_249102|Human|H7N9|2017.036|Asia|,2017.036,-231,50.2645502645503,756,756,52.7777777777778,49.0079365079365
EPI_ISL_249621|Human|H7N9|2016.967|Asia|,2016.967,-232.7,50.1322751322751,756,756,52.3809523809524,49.0079365079365
EPI_ISL_249668|Human|H7N9|2016.986|Asia|,2016.986,-227.7,49.6031746031746,756,756,50.7936507936508,49.0079365079365
EPI_ISL_249652|Human|H7N9|2016.984|Asia|,2016.984,-226,50.1322751322751,756,756,52.3809523809524,49.0079365079365
EPI_ISL_249638|Human|H7N9|2016.964|Asia|,2016.964,-227,50,756,756,51.984126984127,49.0079365079365
EPI_ISL_249600|Human|H7N9|2016.956|Asia|,2016.956,-232.1,50,756,756,51.984126984127,49.0079365079365
EPI_ISL_249309|Human|H7N9|2017.005|Asia|,2017.005,-227.1,50,756,756,52.3809523809524,48.8095238095238
EPI_ISL_249308|Human|H7N9|2017.03|Asia|,2017.03,-231,50.2645502645503,756,756,52.7777777777778,49.0079365079365
EPI_ISL_250425|Human|H7N9|2016.995|Asia|,2016.995,-230.6,50,756,756,51.984126984127,49.0079365079365
EPI_ISL_250424|Human|H7N9|2016.997|Asia|,2016.997,-228.8,49.6031746031746,756,756,50,49.4047619047619
EPI_ISL_250317|Human|H7N9|2017.107|Asia|,2017.107,-227.7,50.1322751322751,756,756,52.7777777777778,48.8095238095238
EPI_ISL_250316|Human|H7N9|2017.101|Asia|,2017.101,-227.7,50.1322751322751,756,756,52.7777777777778,48.8095238095238
EPI_ISL_250315|Human|H7N9|2017.101|Asia|,2017.101,-229.4,49.4708994708995,756,756,50.3968253968254,49.0079365079365
EPI_ISL_250314|Human|H7N9|2017.052|Asia|,2017.052,-229.4,49.3386243386243,756,756,50.3968253968254,48.8095238095238
EPI_ISL_250313|Human|H7N9|2017.041|Asia|,2017.041,-229.6,49.4708994708995,756,756,50.3968253968254,49.0079365079365
EPI_ISL_250312|Human|H7N9|2017.085|Asia|,2017.085,-227.9,49.7354497354497,756,756,51.1904761904762,49.0079365079365
EPI_ISL_250311|Human|H7N9|2017.008|Asia|,2017.008,-227.1,50,756,756,52.3809523809524,48.8095238095238
EPI_ISL_253626|Human|H7N9|2017.175|Asia|,2017.175,-227.1,50,756,756,52.3809523809524,48.8095238095238
EPI_ISL_256109|Human|H7N9|2017.008|Asia|,2017.008,-227.1,50,756,756,52.3809523809524,48.8095238095238
EPI_ISL_256108|Human|H7N9|2017.008|Asia|,2017.008,-227.1,50,756,756,52.3809523809524,48.8095238095238
EPI_ISL_257022|Human|H7N9|2017.036|Asia|,2017.036,-231,50.2645502645503,756,756,52.7777777777778,49.0079365079365
EPI_ISL_258034|Human|H7N9|2017.09|Asia|,2017.09,-228.7,49.2063492063492,756,756,49.6031746031746,49.0079365079365
EPI_ISL_258006|Human|H7N9|2017.09|Asia|,2017.09,-226.1,49.8677248677249,756,756,51.5873015873016,49.0079365079365
EPI_ISL_258005|Human|H7N9|2017.06|Asia|,2017.06,-227.3,49.2063492063492,756,756,49.2063492063492,49.2063492063492
EPI_ISL_258004|Human|H7N9|2017.077|Asia|,2017.077,-227,50,756,756,51.984126984127,49.0079365079365
EPI_ISL_258002|Human|H7N9|2017.033|Asia|,2017.033,-227.8,49.8677248677249,756,756,51.5873015873016,49.0079365079365
EPI_ISL_258001|Human|H7N9|2017.101|Asia|,2017.101,-229.4,48.9417989417989,756,756,48.8095238095238,49.0079365079365
EPI_ISL_258000|Human|H7N9|2017.085|Asia|,2017.085,-229.4,48.9417989417989,756,756,48.8095238095238,49.0079365079365
EPI_ISL_257999|Human|H7N9|2017.09|Asia|,2017.09,-227,49.8677248677249,756,756,51.5873015873016,49.0079365079365
EPI_ISL_257998|Human|H7N9|2017.077|Asia|,2017.077,-227.8,49.8677248677249,756,756,51.5873015873016,49.0079365079365
EPI_ISL_257997|Human|H7N9|2017.09|Asia|,2017.09,-227.8,49.8677248677249,756,756,51.5873015873016,49.0079365079365
EPI_ISL_257996|Human|H7N9|2017.09|Asia|,2017.09,-227.8,49.8677248677249,756,756,51.5873015873016,49.0079365079365
EPI_ISL_257995|Human|H7N9|2017.101|Asia|,2017.101,-227.8,49.8677248677249,756,756,51.5873015873016,49.0079365079365
EPI_ISL_257993|Human|H7N9|2017.099|Asia|,2017.099,-227.8,49.8677248677249,756,756,51.5873015873016,49.0079365079365
EPI_ISL_257992|Human|H7N9|2017.09|Asia|,2017.09,-227.8,49.8677248677249,756,756,51.5873015873016,49.0079365079365
EPI_ISL_257991|Human|H7N9|2017.082|Asia|,2017.082,-229.2,49.8677248677249,756,756,51.5873015873016,49.0079365079365
EPI_ISL_258029|Human|H7N9|2017.096|Asia|,2017.096,-226.1,49.0740740740741,756,756,49.6031746031746,48.8095238095238
EPI_ISL_258028|Human|H7N9|2017.071|Asia|,2017.071,-226.1,49.0740740740741,756,756,49.6031746031746,48.8095238095238
EPI_ISL_258027|Human|H7N9|2017.052|Asia|,2017.052,-226,49.1390728476821,755,756,49.800796812749,48.8095238095238
EPI_ISL_258026|Human|H7N9|2017.137|Asia|,2017.137,-232.1,50.1322751322751,756,756,52.3809523809524,49.0079365079365
EPI_ISL_258025|Human|H7N9|2017.033|Asia|,2017.033,-227.3,49.8677248677249,756,756,51.5873015873016,49.0079365079365
EPI_ISL_258024|Human|H7N9|2017.033|Asia|,2017.033,-227.3,49.8677248677249,756,756,51.5873015873016,49.0079365079365
EPI_ISL_258023|Human|H7N9|2017.014|Asia|,2017.014,-232,50,756,756,51.984126984127,49.0079365079365
EPI_ISL_258022|Human|H7N9|2016.997|Asia|,2016.997,-233,50,756,756,51.984126984127,49.0079365079365
EPI_ISL_258021|Human|H7N9|2017.082|Asia|,2017.082,-232.1,50.1322751322751,756,756,52.3809523809524,49.0079365079365
EPI_ISL_258020|Human|H7N9|2017.044|Asia|,2017.044,-232,50,756,756,51.984126984127,49.0079365079365
EPI_ISL_258019|Human|H7N9|2017.044|Asia|,2017.044,-232,50,756,756,51.984126984127,49.0079365079365
EPI_ISL_258018|Human|H7N9|2017.033|Asia|,2017.033,-227.3,49.8677248677249,756,756,51.5873015873016,49.0079365079365
EPI_ISL_258017|Human|H7N9|2017.123|Asia|,2017.123,-232.1,50.1322751322751,756,756,52.3809523809524,49.0079365079365
EPI_ISL_258016|Human|H7N9|2017.121|Asia|,2017.121,-232.1,50.1322751322751,756,756,52.3809523809524,49.0079365079365
EPI_ISL_258015|Human|H7N9|2017.121|Asia|,2017.121,-232.1,50.1322751322751,756,756,52.3809523809524,49.0079365079365
EPI_ISL_258014|Human|H7N9|2017.121|Asia|,2017.121,-228.1,50.1322751322751,756,756,51.984126984127,49.2063492063492
EPI_ISL_258013|Human|H7N9|2017.121|Asia|,2017.121,-228.1,50.1986754966887,755,756,51.984126984127,49.3041749502982
EPI_ISL_258012|Human|H7N9|2017.033|Asia|,2017.033,-226.4,49.2063492063492,756,756,50,48.8095238095238
EPI_ISL_258011|Human|H7N9|2017.052|Asia|,2017.052,-229.7,49.0740740740741,756,756,49.6031746031746,48.8095238095238
EPI_ISL_257990|Human|H7N9|2017.137|Asia|,2017.137,-227,50.1322751322751,756,756,52.3809523809524,49.0079365079365
EPI_ISL_257989|Human|H7N9|2017.137|Asia|,2017.137,-227,50.1322751322751,756,756,52.3809523809524,49.0079365079365
EPI_ISL_257988|Human|H7N9|2017.137|Asia|,2017.137,-227,50.1322751322751,756,756,52.3809523809524,49.0079365079365
EPI_ISL_258033|Human|H7N9|2017.126|Asia|,2017.126,-227.7,50.1322751322751,756,756,52.7777777777778,48.8095238095238
EPI_ISL_257985|Human|H7N9|2017.06|Asia|,2017.06,-227.7,50.1322751322751,756,756,52.7777777777778,48.8095238095238
EPI_ISL_257984|Human|H7N9|2017.09|Asia|,2017.09,-225.3,49.6031746031746,756,756,50.7936507936508,49.0079365079365
EPI_ISL_257983|Human|H7N9|2017.093|Asia|,2017.093,-229.4,50.2645502645503,756,756,53.1746031746032,48.8095238095238
EPI_ISL_257982|Human|H7N9|2017.063|Asia|,2017.063,-227.2,49.7354497354497,756,756,51.1904761904762,49.0079365079365
EPI_ISL_257981|Human|H7N9|2017.126|Asia|,2017.126,-227.7,50.1322751322751,756,756,52.7777777777778,48.8095238095238
EPI_ISL_258036|Human|H7N9|2017.17|Asia|,2017.17,-227,49.7354497354497,756,756,51.1904761904762,49.0079365079365
EPI_ISL_258035|Human|H7N9|2017.17|Asia|,2017.17,-226.1,49.0740740740741,756,756,49.6031746031746,48.8095238095238
EPI_ISL_258032|Human|H7N9|2017.107|Asia|,2017.107,-227.7,50.1322751322751,756,756,52.7777777777778,48.8095238095238
EPI_ISL_258031|Human|H7N9|2017.14|Asia|,2017.14,-232,49.8677248677249,756,756,51.984126984127,48.8095238095238
EPI_ISL_258030|Human|H7N9|2017.14|Asia|,2017.14,-232,49.8677248677249,756,756,51.984126984127,48.8095238095238
EPI_ISL_258010|Human|H7N9|2017.071|Asia|,2017.071,-227.8,49.8677248677249,756,756,51.5873015873016,49.0079365079365
EPI_ISL_258009|Human|H7N9|2017.101|Asia|,2017.101,-224.1,48.9417989417989,756,756,48.4126984126984,49.2063492063492
EPI_ISL_258008|Human|H7N9|2017.104|Asia|,2017.104,-232,49.8677248677249,756,756,51.984126984127,48.8095238095238
EPI_ISL_258007|Human|H7N9|2017.055|Asia|,2017.055,-227,50.1322751322751,756,756,52.3809523809524,49.0079365079365
EPI_ISL_258003|Human|H7N9|2017.093|Asia|,2017.093,-231.8,49.9337748344371,755,756,51.984126984127,48.9065606361829
EPI_ISL_257994|Human|H7N9|2017.036|Asia|,2017.036,-228.4,50,756,756,52.3809523809524,48.8095238095238
EPI_ISL_257987|Human|H7N9|2017.134|Asia|,2017.134,-227,50.1322751322751,756,756,52.3809523809524,49.0079365079365
EPI_ISL_257986|Human|H7N9|2017.134|Asia|,2017.134,-227,50.1322751322751,756,756,52.3809523809524,49.0079365079365
EPI_ISL_258409|Human|H7N9|2017.132|Asia|,2017.132,-231.5,49.6031746031746,756,756,50.7936507936508,49.0079365079365
EPI_ISL_259269|Human|H7N9|2017.011|Asia|,2017.011,-229.4,49.4708994708995,756,756,50.3968253968254,49.0079365079365
EPI_ISL_259757|Human|H7N9|2017.192|Asia|,2017.192,-226.9,50.2645502645503,756,756,52.3809523809524,49.2063492063492
EPI_ISL_261072|Human|H7N9|2017.107|Asia|,2017.107,-227.6,50,756,756,52.3809523809524,48.8095238095238
EPI_ISL_263365|Human|H7N9|2017.008|Asia|,2017.008,-227.1,50,756,756,52.3809523809524,48.8095238095238
EPI_ISL_266936|Human|H7N9|2017.318|Asia|,2017.318,-225.4,50,756,756,51.5873015873016,49.2063492063492
EPI_ISL_266935|Human|H7N9|2017.318|Asia|,2017.318,-225.4,50,756,756,51.5873015873016,49.2063492063492
EPI_ISL_267764|Human|H7N9|2017.192|Asia|,2017.192,-226.8,50.2645502645503,756,756,52.3809523809524,49.2063492063492
EPI_ISL_267763|Human|H7N9|2017.189|Asia|,2017.189,-231,50.3968253968254,756,756,52.7777777777778,49.2063492063492
EPI_ISL_267762|Human|H7N9|2017.175|Asia|,2017.175,-234.2,49.7354497354497,756,756,51.5873015873016,48.8095238095238
EPI_ISL_267761|Human|H7N9|2017.123|Asia|,2017.123,-232.4,49.8677248677249,756,756,51.5873015873016,49.0079365079365
EPI_ISL_267760|Human|H7N9|2017.107|Asia|,2017.107,-234.2,49.8677248677249,756,756,51.984126984127,48.8095238095238
EPI_ISL_267759|Human|H7N9|2017.142|Asia|,2017.142,-227.5,49.7354497354497,756,756,50.7936507936508,49.2063492063492
EPI_ISL_267758|Human|H7N9|2017.06|Asia|,2017.06,-227.1,50,756,756,52.3809523809524,48.8095238095238
EPI_ISL_268509|Human|H7N9|2017.208|Asia|,2017.208,-231.7,49.8677248677249,756,756,51.1904761904762,49.2063492063492
EPI_ISL_268508|Human|H7N9|2017.208|Asia|,2017.208,-232,49.7354497354497,756,756,51.1904761904762,49.0079365079365
EPI_ISL_268507|Human|H7N9|2017.203|Asia|,2017.203,-228.8,49.8677248677249,756,756,50.7936507936508,49.4047619047619
EPI_ISL_268506|Human|H7N9|2017.197|Asia|,2017.197,-225.9,49.6031746031746,756,756,50.3968253968254,49.2063492063492
EPI_ISL_268505|Human|H7N9|2017.192|Asia|,2017.192,-227.5,49.7354497354497,756,756,50.7936507936508,49.2063492063492
EPI_ISL_268504|Human|H7N9|2017.17|Asia|,2017.17,-227.5,49.7354497354497,756,756,50.7936507936508,49.2063492063492
EPI_ISL_268503|Human|H7N9|2017.167|Asia|,2017.167,-227.5,49.7354497354497,756,756,50.7936507936508,49.2063492063492
EPI_ISL_268502|Human|H7N9|2017.156|Asia|,2017.156,-224.4,49.6031746031746,756,756,50.7936507936508,49.0079365079365
EPI_ISL_268501|Human|H7N9|2017.156|Asia|,2017.156,-227.5,49.7354497354497,756,756,50.7936507936508,49.2063492063492
EPI_ISL_268500|Human|H7N9|2017.159|Asia|,2017.159,-227.5,49.7354497354497,756,756,50.7936507936508,49.2063492063492
EPI_ISL_268499|Human|H7N9|2017.132|Asia|,2017.132,-231.5,49.6031746031746,756,756,50.7936507936508,49.0079365079365
EPI_ISL_268498|Human|H7N9|2017.145|Asia|,2017.145,-227.5,49.7354497354497,756,756,50.7936507936508,49.2063492063492
EPI_ISL_268526|Human|H7N9|2017.17|Asia|,2017.17,-227.5,49.7354497354497,756,756,50.7936507936508,49.2063492063492
EPI_ISL_268525|Human|H7N9|2017.167|Asia|,2017.167,-230.3,49.6031746031746,756,756,50,49.4047619047619
EPI_ISL_268524|Human|H7N9|2017.156|Asia|,2017.156,-225.2,49.535192563081,753,756,50.4,49.1053677932406
EPI_ISL_268523|Human|H7N9|2017.159|Asia|,2017.159,-227.5,49.7354497354497,756,756,50.7936507936508,49.2063492063492
EPI_ISL_268512|Human|H7N9|2017.142|Asia|,2017.142,-227.5,49.7354497354497,756,756,50.7936507936508,49.2063492063492
EPI_ISL_269518|Human|H7N9|2017.34|Asia|,2017.34,-228.7,49.8677248677249,756,756,50.7936507936508,49.4047619047619
EPI_ISL_269517|Human|H7N9|2017.274|Asia|,2017.274,-230.2,49.7354497354497,756,756,51.5873015873016,48.8095238095238
EPI_ISL_269516|Human|H7N9|2017.362|Asia|,2017.362,-227.5,49.7354497354497,756,756,50.7936507936508,49.2063492063492
EPI_ISL_269513|Human|H7N9|2017.159|Asia|,2017.159,-226.9,49.7354497354497,756,756,51.5873015873016,48.8095238095238
EPI_ISL_269512|Human|H7N9|2017.175|Asia|,2017.175,-227.5,49.6031746031746,756,756,50.3968253968254,49.2063492063492
EPI_ISL_269511|Human|H7N9|2017.112|Asia|,2017.112,-237.3,50,756,756,52.3809523809524,48.8095238095238
EPI_ISL_273350|Human|H7N9|2017.093|Asia|,2017.093,-227.9,49.6688741721854,755,756,51.1904761904762,48.9065606361829
EPI_ISL_276787|Human|H7N9|2017.367|Asia|,2017.367,-227.7,50.1322751322751,756,756,52.7777777777778,48.8095238095238
EPI_ISL_276782|Human|H7N9|2017.367|Asia|,2017.367,-227.7,50.1322751322751,756,756,52.7777777777778,48.8095238095238
EPI_ISL_276781|Human|H7N9|2017.367|Asia|,2017.367,-227.7,50.1322751322751,756,756,52.7777777777778,48.8095238095238
EPI_ISL_280902|Human|H7N9|2017.005|Asia|,2017.005,-226,50.0662251655629,755,756,52.5896414342629,48.8095238095238
EPI_ISL_280901|Human|H7N9|2017.005|Asia|,2017.005,-227.1,50,756,756,52.3809523809524,48.8095238095238
EPI_ISL_280900|Human|H7N9|2017.09|Asia|,2017.09,-231,50.2645502645503,756,756,52.7777777777778,49.0079365079365
EPI_ISL_280894|Human|H7N9|2017.09|Asia|,2017.09,-231,50.2645502645503,756,756,52.7777777777778,49.0079365079365
EPI_ISL_282151|Human|H7N9|2017.101|Asia|,2017.101,-227,50.1322751322751,756,756,52.3809523809524,49.0079365079365
EPI_ISL_282150|Human|H7N9|2017.082|Asia|,2017.082,-227,50.1322751322751,756,756,52.3809523809524,49.0079365079365
EPI_ISL_282158|Human|H7N9|2017.093|Asia|,2017.093,-227,50.1322751322751,756,756,52.3809523809524,49.0079365079365
EPI_ISL_282157|Human|H7N9|2017.068|Asia|,2017.068,-227,50.1322751322751,756,756,52.3809523809524,49.0079365079365
EPI_ISL_282156|Human|H7N9|2017.099|Asia|,2017.099,-227,50.1322751322751,756,756,52.3809523809524,49.0079365079365
EPI_ISL_282155|Human|H7N9|2017.099|Asia|,2017.099,-227,50.1322751322751,756,756,52.3809523809524,49.0079365079365
EPI_ISL_282154|Human|H7N9|2017.093|Asia|,2017.093,-227,50.1322751322751,756,756,52.3809523809524,49.0079365079365
EPI_ISL_282153|Human|H7N9|2017.093|Asia|,2017.093,-227,50.1322751322751,756,756,52.3809523809524,49.0079365079365
EPI_ISL_282152|Human|H7N9|2017.09|Asia|,2017.09,-227,50.1322751322751,756,756,52.3809523809524,49.0079365079365
EPI_ISL_282170|Human|H7N9|2017.063|Asia|,2017.063,-227,50.1322751322751,756,756,52.3809523809524,49.0079365079365
EPI_ISL_282169|Human|H7N9|2016.197|Asia|,2016.197,-230,50.1322751322751,756,756,51.984126984127,49.2063492063492
EPI_ISL_285024|Human|H7N9|2017.219|Asia|,2017.219,-231.6,50,756,756,51.984126984127,49.0079365079365
EPI_ISL_285023|Human|H7N9|2017.195|Asia|,2017.195,-227,50.1322751322751,756,756,52.3809523809524,49.0079365079365
EPI_ISL_285022|Human|H7N9|2017.427|Asia|,2017.427,-229.2,50,756,756,51.984126984127,49.0079365079365
EPI_ISL_285021|Human|H7N9|2017.367|Asia|,2017.367,-226.3,49.4708994708995,756,756,50.3968253968254,49.0079365079365
EPI_ISL_285020|Human|H7N9|2017.419|Asia|,2017.419,-231,49.7354497354497,756,756,51.1904761904762,49.0079365079365
EPI_ISL_285019|Human|H7N9|2017.312|Asia|,2017.312,-230.9,49.6031746031746,756,756,51.1904761904762,48.8095238095238
EPI_ISL_285018|Human|H7N9|2017.17|Asia|,2017.17,-227,50.1322751322751,756,756,52.3809523809524,49.0079365079365
EPI_ISL_285017|Human|H7N9|2017.329|Asia|,2017.329,-227.3,49.6021220159151,754,756,50.8,49.0079365079365
EPI_ISL_284992|Human|H7N9|2016.437|Asia|,2016.437,-231,50.2645502645503,756,756,52.7777777777778,49.0079365079365
EPI_ISL_284990|Human|H7N9|2017.044|Asia|,2017.044,-229.8,49.8677248677249,756,756,51.1904761904762,49.2063492063492
EPI_ISL_284989|Human|H7N9|2017.025|Asia|,2017.025,-231.1,50.1322751322751,756,756,51.984126984127,49.2063492063492
EPI_ISL_284988|Human|H7N9|2017.397|Asia|,2017.397,-228.8,49.4039735099338,755,756,50.3968253968254,48.9065606361829
EPI_ISL_284987|Human|H7N9|2017.411|Asia|,2017.411,-226,48.9417989417989,756,756,49.2063492063492,48.8095238095238
EPI_ISL_284986|Human|H7N9|2017.164|Asia|,2017.164,-232.1,50.1322751322751,756,756,52.3809523809524,49.0079365079365
EPI_ISL_284985|Human|H7N9|2017.159|Asia|,2017.159,-232.1,50.1322751322751,756,756,52.3809523809524,49.0079365079365
EPI_ISL_284984|Human|H7N9|2017.159|Asia|,2017.159,-232.5,49.3386243386243,756,756,50,49.0079365079365
EPI_ISL_284983|Human|H7N9|2016.175|Asia|,2016.175,-230.3,49.7354497354497,756,756,51.1904761904762,49.0079365079365
EPI_ISL_284981|Human|H7N9|2016.23|Asia|,2016.23,-232,50,756,756,51.984126984127,49.0079365079365
EPI_ISL_284979|Human|H7N9|2017.137|Asia|,2017.137,-226.4,49.2063492063492,756,756,50,48.8095238095238
EPI_ISL_284978|Human|H7N9|2017.036|Asia|,2017.036,-226.4,49.2063492063492,756,756,50,48.8095238095238
EPI_ISL_285016|Human|H7N9|2016.566|Asia|,2016.566,-226.7,50,756,756,51.984126984127,49.0079365079365
EPI_ISL_285015|Human|H7N9|2016.454|Asia|,2016.454,-230.8,50,756,756,51.984126984127,49.0079365079365
EPI_ISL_285014|Human|H7N9|2016.399|Asia|,2016.399,-226.7,49.2063492063492,756,756,50,48.8095238095238
EPI_ISL_285013|Human|H7N9|2017.455|Asia|,2017.455,-228.8,49.4708994708995,756,756,50.3968253968254,49.0079365079365
EPI_ISL_285012|Human|H7N9|2017.353|Asia|,2017.353,-226,49.2063492063492,756,756,49.6031746031746,49.0079365079365
EPI_ISL_285011|Human|H7N9|2017.43|Asia|,2017.43,-228.1,49.7354497354497,756,756,51.1904761904762,49.0079365079365
EPI_ISL_285010|Human|H7N9|2017.43|Asia|,2017.43,-236.7,50,756,756,51.984126984127,49.0079365079365
EPI_ISL_285009|Human|H7N9|2017.425|Asia|,2017.425,-226.2,49.3386243386243,756,756,50,49.0079365079365
EPI_ISL_285008|Human|H7N9|2017.403|Asia|,2017.403,-226.9,49.0740740740741,756,756,49.6031746031746,48.8095238095238
EPI_ISL_285007|Human|H7N9|2017.403|Asia|,2017.403,-226.9,49.0740740740741,756,756,49.6031746031746,48.8095238095238
EPI_ISL_285006|Human|H7N9|2017.375|Asia|,2017.375,-228.1,49.7354497354497,756,756,51.1904761904762,49.0079365079365
EPI_ISL_285005|Human|H7N9|2017.351|Asia|,2017.351,-228.1,49.7354497354497,756,756,51.1904761904762,49.0079365079365
EPI_ISL_285004|Human|H7N9|2017.34|Asia|,2017.34,-227.4,49.8677248677249,756,756,51.5873015873016,49.0079365079365
EPI_ISL_285003|Human|H7N9|2017.307|Asia|,2017.307,-229.2,49.8677248677249,756,756,51.5873015873016,49.0079365079365
EPI_ISL_285002|Human|H7N9|2017.307|Asia|,2017.307,-227.4,49.8677248677249,756,756,51.5873015873016,49.0079365079365
EPI_ISL_285001|Human|H7N9|2017.29|Asia|,2017.29,-228.8,49.4708994708995,756,756,50.3968253968254,49.0079365079365
EPI_ISL_285000|Human|H7N9|2017.296|Asia|,2017.296,-229.2,49.8677248677249,756,756,51.5873015873016,49.0079365079365
EPI_ISL_284999|Human|H7N9|2017.279|Asia|,2017.279,-228.8,49.4708994708995,756,756,50.3968253968254,49.0079365079365
EPI_ISL_284998|Human|H7N9|2017.282|Asia|,2017.282,-228.8,49.4708994708995,756,756,50.3968253968254,49.0079365079365
EPI_ISL_284997|Human|H7N9|2017.285|Asia|,2017.285,-228.8,49.4708994708995,756,756,50.3968253968254,49.0079365079365
EPI_ISL_284996|Human|H7N9|2017.26|Asia|,2017.26,-227.4,49.8677248677249,756,756,51.5873015873016,49.0079365079365
EPI_ISL_284995|Human|H7N9|2017.258|Asia|,2017.258,-227,50,756,756,51.984126984127,49.0079365079365
EPI_ISL_284994|Human|H7N9|2017.244|Asia|,2017.244,-226.1,49.0740740740741,756,756,49.6031746031746,48.8095238095238
EPI_ISL_284993|Human|H7N9|2017.121|Asia|,2017.121,-228.9,49.8677248677249,756,756,51.5873015873016,49.0079365079365
EPI_ISL_285136|Human|H7N9|2017.049|Asia|,2017.049,-229.8,49.4708994708995,756,756,50.3968253968254,49.0079365079365
EPI_ISL_285135|Human|H7N9|2017.033|Asia|,2017.033,-227.2,49.6031746031746,756,756,50.7936507936508,49.0079365079365
EPI_ISL_285134|Human|H7N9|2017.162|Asia|,2017.162,-228.5,48.9417989417989,756,756,49.2063492063492,48.8095238095238
EPI_ISL_285133|Human|H7N9|2017.151|Asia|,2017.151,-229,50,756,756,51.5873015873016,49.2063492063492
EPI_ISL_285132|Human|H7N9|2017.107|Asia|,2017.107,-228.4,49.6031746031746,756,756,50.3968253968254,49.2063492063492
EPI_ISL_285131|Human|H7N9|2017.101|Asia|,2017.101,-232.9,49.7354497354497,756,756,50.7936507936508,49.2063492063492
EPI_ISL_285130|Human|H7N9|2016.995|Asia|,2016.995,-231.8,49.6031746031746,756,756,50.3968253968254,49.2063492063492
EPI_ISL_285129|Human|H7N9|2017.101|Asia|,2017.101,-226.6,49.4708994708995,756,756,50.3968253968254,49.0079365079365
EPI_ISL_285128|Human|H7N9|2017.06|Asia|,2017.06,-225.6,49.6031746031746,756,756,50.3968253968254,49.2063492063492
EPI_ISL_285127|Human|H7N9|2017.058|Asia|,2017.058,-227.6,49.7354497354497,756,756,50.7936507936508,49.2063492063492
EPI_ISL_285126|Human|H7N9|2017.03|Asia|,2017.03,-232.2,49.0740740740741,756,756,49.6031746031746,48.8095238095238
EPI_ISL_285125|Human|H7N9|2017.041|Asia|,2017.041,-227.3,49.8677248677249,756,756,51.5873015873016,49.0079365079365
EPI_ISL_285124|Human|H7N9|2017.014|Asia|,2017.014,-238.5,50.3968253968254,756,756,53.1746031746032,49.0079365079365
EPI_ISL_285123|Human|H7N9|2016.989|Asia|,2016.989,-229.6,49.7354497354497,756,756,50.7936507936508,49.2063492063492
EPI_ISL_285122|Human|H7N9|2016.995|Asia|,2016.995,-226,49.3386243386243,756,756,49.6031746031746,49.2063492063492
EPI_ISL_285121|Human|H7N9|2016.995|Asia|,2016.995,-228.8,49.7354497354497,756,756,50.3968253968254,49.4047619047619
EPI_ISL_285180|Human|H7N9|2016.199|Asia|,2016.199,-230,50.1322751322751,756,756,51.984126984127,49.2063492063492
EPI_ISL_285115|Human|H7N9|2017.055|Asia|,2017.055,-225,50,756,756,51.984126984127,49.0079365079365
EPI_ISL_285114|Human|H7N9|2016.495|Asia|,2016.495,-228.6,50,756,756,51.984126984127,49.0079365079365
EPI_ISL_285112|Human|H7N9|2016.202|Asia|,2016.202,-230.3,49.8677248677249,756,756,51.5873015873016,49.0079365079365
EPI_ISL_285111|Human|H7N9|2017.356|Asia|,2017.356,-235.9,49.7354497354497,756,756,50.7936507936508,49.2063492063492
EPI_ISL_285109|Human|H7N9|2017.096|Asia|,2017.096,-229.4,50.2645502645503,756,756,53.1746031746032,48.8095238095238
EPI_ISL_285107|Human|H7N9|2016.986|Asia|,2016.986,-225.2,49.7354497354497,756,756,51.5873015873016,48.8095238095238
EPI_ISL_285140|Human|H7N9|2017.197|Asia|,2017.197,-227,50.1322751322751,756,756,52.3809523809524,49.0079365079365
EPI_ISL_285139|Human|H7N9|2017.192|Asia|,2017.192,-227,50.1322751322751,756,756,52.3809523809524,49.0079365079365
EPI_ISL_285138|Human|H7N9|2017.192|Asia|,2017.192,-227,50.1322751322751,756,756,52.3809523809524,49.0079365079365
EPI_ISL_285137|Human|H7N9|2017.175|Asia|,2017.175,-230.3,49.6031746031746,756,756,50,49.4047619047619
EPI_ISL_285189|Human|H7N9|2017.022|Asia|,2017.022,-227,50,756,756,51.984126984127,49.0079365079365
EPI_ISL_285188|Human|H7N9|2017.041|Asia|,2017.041,-227,50,756,756,51.984126984127,49.0079365079365
EPI_ISL_285187|Human|H7N9|2017.038|Asia|,2017.038,-226.2,49.8677248677249,756,756,51.5873015873016,49.0079365079365
EPI_ISL_285186|Human|H7N9|2017.033|Asia|,2017.033,-231.5,50.2645502645503,756,756,52.7777777777778,49.0079365079365
EPI_ISL_285185|Human|H7N9|2017.033|Asia|,2017.033,-231.5,50.2645502645503,756,756,52.7777777777778,49.0079365079365
EPI_ISL_285179|Human|H7N9|2017.427|Asia|,2017.427,-225.9,49.2715231788079,755,756,50.199203187251,48.8095238095238
EPI_ISL_285178|Human|H7N9|2017.425|Asia|,2017.425,-227.5,49.7354497354497,756,756,50.7936507936508,49.2063492063492
EPI_ISL_285177|Human|H7N9|2017.353|Asia|,2017.353,-227,50.1322751322751,756,756,52.3809523809524,49.0079365079365
EPI_ISL_285176|Human|H7N9|2017.332|Asia|,2017.332,-227,50.1322751322751,756,756,52.3809523809524,49.0079365079365
EPI_ISL_285175|Human|H7N9|2017.274|Asia|,2017.274,-226.9,49.6031746031746,756,756,50.7936507936508,49.0079365079365
EPI_ISL_285174|Human|H7N9|2017.266|Asia|,2017.266,-227,50.1322751322751,756,756,52.3809523809524,49.0079365079365
EPI_ISL_285173|Human|H7N9|2017.208|Asia|,2017.208,-232,50,756,756,51.984126984127,49.0079365079365
EPI_ISL_285172|Human|H7N9|2017.186|Asia|,2017.186,-227,50.1322751322751,756,756,52.3809523809524,49.0079365079365
EPI_ISL_285171|Human|H7N9|2017.195|Asia|,2017.195,-231.7,50.1322751322751,756,756,52.3809523809524,49.0079365079365
EPI_ISL_285170|Human|H7N9|2017.178|Asia|,2017.178,-232,50,756,756,51.984126984127,49.0079365079365
EPI_ISL_285169|Human|H7N9|2017.162|Asia|,2017.162,-224.7,49.4708994708995,756,756,50.7936507936508,48.8095238095238
EPI_ISL_285168|Human|H7N9|2016.571|Asia|,2016.571,-226.7,50,756,756,51.984126984127,49.0079365079365
EPI_ISL_285167|Human|H7N9|2016.568|Asia|,2016.568,-226.7,50,756,756,51.984126984127,49.0079365079365
EPI_ISL_285166|Human|H7N9|2016.372|Asia|,2016.372,-230.8,50.1322751322751,756,756,52.3809523809524,49.0079365079365
EPI_ISL_285165|Human|H7N9|2017.4|Asia|,2017.4,-236.7,50,756,756,51.984126984127,49.0079365079365
EPI_ISL_285164|Human|H7N9|2017.392|Asia|,2017.392,-226.2,49.3386243386243,756,756,50,49.0079365079365
EPI_ISL_285163|Human|H7N9|2017.367|Asia|,2017.367,-228.8,49.3386243386243,756,756,50,49.0079365079365
EPI_ISL_285162|Human|H7N9|2017.348|Asia|,2017.348,-226.2,49.3386243386243,756,756,50,49.0079365079365
EPI_ISL_285161|Human|H7N9|2017.345|Asia|,2017.345,-228.8,49.4708994708995,756,756,50.3968253968254,49.0079365079365
EPI_ISL_285160|Human|H7N9|2017.342|Asia|,2017.342,-228.9,49.3386243386243,756,756,50,49.0079365079365
EPI_ISL_285159|Human|H7N9|2017.337|Asia|,2017.337,-228.8,49.4708994708995,756,756,50.3968253968254,49.0079365079365
EPI_ISL_285158|Human|H7N9|2017.34|Asia|,2017.34,-226.2,49.3386243386243,756,756,50,49.0079365079365
EPI_ISL_285157|Human|H7N9|2017.323|Asia|,2017.323,-226.7,49.8013245033113,755,756,51.394422310757,49.0079365079365
EPI_ISL_285156|Human|H7N9|2017.326|Asia|,2017.326,-228.8,49.4708994708995,756,756,50.3968253968254,49.0079365079365
EPI_ISL_285155|Human|H7N9|2017.323|Asia|,2017.323,-229.2,49.8677248677249,756,756,51.5873015873016,49.0079365079365
EPI_ISL_285154|Human|H7N9|2017.318|Asia|,2017.318,-227.4,49.8677248677249,756,756,51.5873015873016,49.0079365079365
EPI_ISL_285153|Human|H7N9|2017.304|Asia|,2017.304,-227.4,49.8677248677249,756,756,51.5873015873016,49.0079365079365
EPI_ISL_285152|Human|H7N9|2017.279|Asia|,2017.279,-232,49.8677248677249,756,756,51.984126984127,48.8095238095238
EPI_ISL_285151|Human|H7N9|2017.282|Asia|,2017.282,-227,50.1322751322751,756,756,52.3809523809524,49.0079365079365
EPI_ISL_285150|Human|H7N9|2017.285|Asia|,2017.285,-227.4,49.8677248677249,756,756,51.5873015873016,49.0079365079365
EPI_ISL_285149|Human|H7N9|2017.162|Asia|,2017.162,-227,50.1322751322751,756,756,52.3809523809524,49.0079365079365
EPI_ISL_285148|Human|H7N9|2017.142|Asia|,2017.142,-229.7,49.1390728476821,755,756,49.6031746031746,48.9065606361829
EPI_ISL_285147|Human|H7N9|2017.186|Asia|,2017.186,-227,50.1322751322751,756,756,52.3809523809524,49.0079365079365
EPI_ISL_285146|Human|H7N9|2017.216|Asia|,2017.216,-227,50.1322751322751,756,756,52.3809523809524,49.0079365079365
EPI_ISL_285145|Human|H7N9|2017.227|Asia|,2017.227,-227,50.1322751322751,756,756,52.3809523809524,49.0079365079365
EPI_ISL_285144|Human|H7N9|2017.227|Asia|,2017.227,-227,50.1322751322751,756,756,52.3809523809524,49.0079365079365
EPI_ISL_285143|Human|H7N9|2017.178|Asia|,2017.178,-227,50.1322751322751,756,756,52.3809523809524,49.0079365079365
EPI_ISL_285142|Human|H7N9|2017.016|Asia|,2017.016,-227.7,50.1322751322751,756,756,52.7777777777778,48.8095238095238
EPI_ISL_285141|Human|H7N9|2017.025|Asia|,2017.025,-227.7,50.1322751322751,756,756,52.7777777777778,48.8095238095238
EPI_ISL_285117|Human|H7N9|2017.301|Asia|,2017.301,-229.6,50,756,756,51.984126984127,49.0079365079365
EPI_ISL_285116|Human|H7N9|2017.252|Asia|,2017.252,-227,50.1322751322751,756,756,52.3809523809524,49.0079365079365
EPI_ISL_285376|Human|H7N9|2016.992|Asia|,2016.992,-227.8,49.8677248677249,756,756,51.5873015873016,49.0079365079365
EPI_ISL_285230|Human|H7N9|2016.992|Asia|,2016.992,-227,50,756,756,51.984126984127,49.0079365079365
EPI_ISL_285229|Human|H7N9|2016.978|Asia|,2016.978,-227.8,49.7354497354497,756,756,51.1904761904762,49.0079365079365
EPI_ISL_285228|Human|H7N9|2016.954|Asia|,2016.954,-227.1,50.1322751322751,756,756,52.3809523809524,49.0079365079365
EPI_ISL_285227|Human|H7N9|2016.956|Asia|,2016.956,-225.2,49.8677248677249,756,756,51.5873015873016,49.0079365079365
EPI_ISL_285225|Human|H7N9|2017.11|Asia|,2017.11,-225.8,50,756,756,52.3809523809524,48.8095238095238
EPI_ISL_285224|Human|H7N9|2017.047|Asia|,2017.047,-226.7,50.3968253968254,756,756,53.1746031746032,49.0079365079365
EPI_ISL_285223|Human|H7N9|2017.26|Asia|,2017.26,-226.2,49.3386243386243,756,756,50,49.0079365079365
EPI_ISL_285222|Human|H7N9|2017.082|Asia|,2017.082,-227.8,49.8677248677249,756,756,51.5873015873016,49.0079365079365
EPI_ISL_285221|Human|H7N9|2017.219|Asia|,2017.219,-226.2,49.3386243386243,756,756,50,49.0079365079365
EPI_ISL_285220|Human|H7N9|2017.153|Asia|,2017.153,-231.4,49.8677248677249,756,756,51.1904761904762,49.2063492063492
EPI_ISL_285326|Human|H7N9|2017.011|Asia|,2017.011,-227.7,50.1322751322751,756,756,52.7777777777778,48.8095238095238
EPI_ISL_285325|Human|H7N9|2017.063|Asia|,2017.063,-226.9,49.8677248677249,756,756,51.984126984127,48.8095238095238
EPI_ISL_285324|Human|H7N9|2017.093|Asia|,2017.093,-227.7,50.1322751322751,756,756,52.7777777777778,48.8095238095238
EPI_ISL_285323|Human|H7N9|2017.093|Asia|,2017.093,-229.1,50.2645502645503,756,756,53.1746031746032,48.8095238095238
EPI_ISL_285322|Human|H7N9|2017.099|Asia|,2017.099,-230.8,49.7354497354497,756,756,51.5873015873016,48.8095238095238
EPI_ISL_285321|Human|H7N9|2017.099|Asia|,2017.099,-228.7,50,756,756,52.3809523809524,48.8095238095238
EPI_ISL_285320|Human|H7N9|2017.099|Asia|,2017.099,-227.7,50.1322751322751,756,756,52.7777777777778,48.8095238095238
EPI_ISL_285319|Human|H7N9|2017.041|Asia|,2017.041,-227.7,50.1322751322751,756,756,52.7777777777778,48.8095238095238
EPI_ISL_285318|Human|H7N9|2017.019|Asia|,2017.019,-227.7,50.1322751322751,756,756,52.7777777777778,48.8095238095238
EPI_ISL_285317|Human|H7N9|2017.033|Asia|,2017.033,-227,50,756,756,51.984126984127,49.0079365079365
EPI_ISL_285316|Human|H7N9|2017.033|Asia|,2017.033,-227,49.8677248677249,756,756,51.5873015873016,49.0079365079365
EPI_ISL_285315|Human|H7N9|2017.047|Asia|,2017.047,-229.3,49.8677248677249,756,756,51.984126984127,48.8095238095238
EPI_ISL_285314|Human|H7N9|2017.019|Asia|,2017.019,-226.4,49.6031746031746,756,756,51.5873015873016,48.6111111111111
EPI_ISL_285313|Human|H7N9|2017.011|Asia|,2017.011,-227,50,756,756,51.984126984127,49.0079365079365
EPI_ISL_285312|Human|H7N9|2017.033|Asia|,2017.033,-227.7,50.1322751322751,756,756,52.7777777777778,48.8095238095238
EPI_ISL_285311|Human|H7N9|2017.019|Asia|,2017.019,-226.4,49.6031746031746,756,756,51.5873015873016,48.6111111111111
EPI_ISL_285310|Human|H7N9|2017.008|Asia|,2017.008,-227,50,756,756,51.984126984127,49.0079365079365
EPI_ISL_285309|Human|H7N9|2016.18|Asia|,2016.18,-225.1,49.6031746031746,756,756,50.7936507936508,49.0079365079365
EPI_ISL_285308|Human|H7N9|2017.488|Asia|,2017.488,-225.1,49.7354497354497,756,756,50.7936507936508,49.2063492063492
EPI_ISL_285307|Human|H7N9|2017.479|Asia|,2017.479,-225.2,49.8677248677249,756,756,50.7936507936508,49.4047619047619
EPI_ISL_285306|Human|H7N9|2017.447|Asia|,2017.447,-225.1,49.7354497354497,756,756,50.7936507936508,49.2063492063492
EPI_ISL_285305|Human|H7N9|2017.101|Asia|,2017.101,-227.7,50.1322751322751,756,756,52.7777777777778,48.8095238095238
EPI_ISL_285304|Human|H7N9|2016.445|Asia|,2016.445,-230.8,50.1322751322751,756,756,52.3809523809524,49.0079365079365
EPI_ISL_285303|Human|H7N9|2017.466|Asia|,2017.466,-228.8,49.4708994708995,756,756,50.3968253968254,49.0079365079365
EPI_ISL_285302|Human|H7N9|2017.279|Asia|,2017.279,-234.3,49.8677248677249,756,756,51.984126984127,48.8095238095238
EPI_ISL_285301|Human|H7N9|2017.279|Asia|,2017.279,-234.3,49.8677248677249,756,756,51.984126984127,48.8095238095238
EPI_ISL_285300|Human|H7N9|2017.411|Asia|,2017.411,-229.3,49.6031746031746,756,756,50.7936507936508,49.0079365079365
EPI_ISL_285299|Human|H7N9|2017.458|Asia|,2017.458,-232.4,49.6031746031746,756,756,50.7936507936508,49.0079365079365
EPI_ISL_285298|Human|H7N9|2017.455|Asia|,2017.455,-232.4,49.4708994708995,756,756,50.7936507936508,48.8095238095238
EPI_ISL_285297|Human|H7N9|2017.386|Asia|,2017.386,-226.2,49.3386243386243,756,756,50,49.0079365079365
EPI_ISL_285296|Human|H7N9|2017.392|Asia|,2017.392,-232.6,49.6031746031746,756,756,50.3968253968254,49.2063492063492
EPI_ISL_285295|Human|H7N9|2017.367|Asia|,2017.367,-233.6,49.8677248677249,756,756,51.5873015873016,49.0079365079365
EPI_ISL_285294|Human|H7N9|2017.378|Asia|,2017.378,-226.3,49.4708994708995,756,756,50.3968253968254,49.0079365079365
EPI_ISL_285293|Human|H7N9|2017.345|Asia|,2017.345,-227,50,756,756,51.984126984127,49.0079365079365
EPI_ISL_285292|Human|H7N9|2017.342|Asia|,2017.342,-227,50,756,756,51.984126984127,49.0079365079365
EPI_ISL_285291|Human|H7N9|2017.337|Asia|,2017.337,-227,50,756,756,51.984126984127,49.0079365079365
EPI_ISL_285290|Human|H7N9|2017.326|Asia|,2017.326,-229.7,50.2645502645503,756,756,52.7777777777778,49.0079365079365
EPI_ISL_285289|Human|H7N9|2017.304|Asia|,2017.304,-227,50,756,756,51.984126984127,49.0079365079365
EPI_ISL_285288|Human|H7N9|2017.263|Asia|,2017.263,-226.9,49.8677248677249,756,756,51.5873015873016,49.0079365079365
EPI_ISL_285287|Human|H7N9|2017.296|Asia|,2017.296,-227,50,756,756,51.984126984127,49.0079365079365
EPI_ISL_285286|Human|H7N9|2017.329|Asia|,2017.329,-229.7,50.2645502645503,756,756,52.7777777777778,49.0079365079365
EPI_ISL_285285|Human|H7N9|2017.326|Asia|,2017.326,-227,50,756,756,51.984126984127,49.0079365079365
EPI_ISL_285284|Human|H7N9|2017.315|Asia|,2017.315,-228,50.1322751322751,756,756,52.3809523809524,49.0079365079365
EPI_ISL_285283|Human|H7N9|2017.301|Asia|,2017.301,-227,49.8677248677249,756,756,51.5873015873016,49.0079365079365
EPI_ISL_285282|Human|H7N9|2017.296|Asia|,2017.296,-229,49.7354497354497,756,756,51.1904761904762,49.0079365079365
EPI_ISL_285281|Human|H7N9|2017.279|Asia|,2017.279,-227.3,49.8677248677249,756,756,51.5873015873016,49.0079365079365
EPI_ISL_285280|Human|H7N9|2017.318|Asia|,2017.318,-227,50,756,756,51.984126984127,49.0079365079365
EPI_ISL_285279|Human|H7N9|2017.263|Asia|,2017.263,-227.3,49.8677248677249,756,756,51.5873015873016,49.0079365079365
EPI_ISL_285278|Human|H7N9|2017.175|Asia|,2017.175,-225.9,50,756,756,51.984126984127,49.0079365079365
EPI_ISL_285277|Human|H7N9|2017.112|Asia|,2017.112,-227,50.1322751322751,756,756,52.3809523809524,49.0079365079365
EPI_ISL_285276|Human|H7N9|2017.107|Asia|,2017.107,-227,50.1322751322751,756,756,52.3809523809524,49.0079365079365
EPI_ISL_285275|Human|H7N9|2017.101|Asia|,2017.101,-227,50.1322751322751,756,756,52.3809523809524,49.0079365079365
EPI_ISL_285274|Human|H7N9|2017.066|Asia|,2017.066,-227,50.1322751322751,756,756,52.3809523809524,49.0079365079365
EPI_ISL_285273|Human|H7N9|2017.09|Asia|,2017.09,-227.3,49.8677248677249,756,756,51.5873015873016,49.0079365079365
EPI_ISL_285272|Human|H7N9|2017.063|Asia|,2017.063,-227,49.8677248677249,756,756,51.5873015873016,49.0079365079365
EPI_ISL_285271|Human|H7N9|2017.364|Asia|,2017.364,-229.6,50,756,756,51.984126984127,49.0079365079365
EPI_ISL_285270|Human|H7N9|2017.364|Asia|,2017.364,-229.6,50,756,756,51.984126984127,49.0079365079365
EPI_ISL_285269|Human|H7N9|2017.364|Asia|,2017.364,-229.6,50,756,756,51.984126984127,49.0079365079365
EPI_ISL_285264|Human|H7N9|2017.016|Asia|,2017.016,-227,50,756,756,51.984126984127,49.0079365079365
EPI_ISL_285263|Human|H7N9|2017.148|Asia|,2017.148,-227,50,756,756,51.984126984127,49.0079365079365
EPI_ISL_285262|Human|H7N9|2017.427|Asia|,2017.427,-228.7,49.8677248677249,756,756,50.7936507936508,49.4047619047619
EPI_ISL_285261|Human|H7N9|2017.362|Asia|,2017.362,-226.1,49.0740740740741,756,756,49.6031746031746,48.8095238095238
EPI_ISL_285260|Human|H7N9|2017.34|Asia|,2017.34,-226.9,49.2063492063492,756,756,50,48.8095238095238
EPI_ISL_285259|Human|H7N9|2017.332|Asia|,2017.332,-223.2,49.0740740740741,756,756,48.8095238095238,49.2063492063492
EPI_ISL_285255|Human|H7N9|2016.448|Asia|,2016.448,-230.3,50,756,756,51.984126984127,49.0079365079365
EPI_ISL_285254|Human|H7N9|2017.296|Asia|,2017.296,-228.8,49.4708994708995,756,756,50.3968253968254,49.0079365079365
EPI_ISL_285253|Human|H7N9|2017.071|Asia|,2017.071,-229.1,49.2063492063492,756,756,49.6031746031746,49.0079365079365
EPI_ISL_285252|Human|H7N9|2017.071|Asia|,2017.071,-227.8,49.8677248677249,756,756,51.5873015873016,49.0079365079365
EPI_ISL_285251|Human|H7N9|2017.071|Asia|,2017.071,-229.1,49.2063492063492,756,756,49.6031746031746,49.0079365079365
EPI_ISL_285250|Human|H7N9|2017.299|Asia|,2017.299,-229.2,49.8677248677249,756,756,51.5873015873016,49.0079365079365
EPI_ISL_285249|Human|H7N9|2017.093|Asia|,2017.093,-227.7,50.1322751322751,756,756,52.7777777777778,48.8095238095238
EPI_ISL_285248|Human|H7N9|2017.088|Asia|,2017.088,-228.1,49.8677248677249,756,756,51.984126984127,48.8095238095238
EPI_ISL_285247|Human|H7N9|2017.085|Asia|,2017.085,-226.9,49.8677248677249,756,756,51.984126984127,48.8095238095238
EPI_ISL_285246|Human|H7N9|2017.071|Asia|,2017.071,-234.2,50.1322751322751,756,756,51.5873015873016,49.4047619047619
EPI_ISL_285245|Human|H7N9|2017.063|Asia|,2017.063,-227,50,756,756,51.984126984127,49.0079365079365
EPI_ISL_285244|Human|H7N9|2017.063|Asia|,2017.063,-227.7,50.1322751322751,756,756,52.7777777777778,48.8095238095238
EPI_ISL_285243|Human|H7N9|2017.06|Asia|,2017.06,-227.3,49.7354497354497,756,756,51.1904761904762,49.0079365079365
EPI_ISL_285242|Human|H7N9|2017.058|Asia|,2017.058,-224.9,50,756,756,51.984126984127,49.0079365079365
EPI_ISL_285241|Human|H7N9|2017.052|Asia|,2017.052,-227.7,50.1322751322751,756,756,52.7777777777778,48.8095238095238
EPI_ISL_285240|Human|H7N9|2017.049|Asia|,2017.049,-227.7,50.1322751322751,756,756,52.7777777777778,48.8095238095238
EPI_ISL_285239|Human|H7N9|2017.036|Asia|,2017.036,-232.1,50.1322751322751,756,756,52.3809523809524,49.0079365079365
EPI_ISL_285238|Human|H7N9|2017.025|Asia|,2017.025,-223,49.3386243386243,756,756,50.3968253968254,48.8095238095238
EPI_ISL_285237|Human|H7N9|2017.016|Asia|,2017.016,-226.9,49.8677248677249,756,756,51.1904761904762,49.2063492063492
EPI_ISL_285236|Human|H7N9|2017.025|Asia|,2017.025,-227.9,50.2645502645503,756,756,53.1746031746032,48.8095238095238
EPI_ISL_285235|Human|H7N9|2017.025|Asia|,2017.025,-228.1,49.8677248677249,756,756,51.984126984127,48.8095238095238
EPI_ISL_285234|Human|H7N9|2017.016|Asia|,2017.016,-227,49.8677248677249,756,756,51.5873015873016,49.0079365079365
EPI_ISL_285233|Human|H7N9|2017.011|Asia|,2017.011,-232.1,50.1322751322751,756,756,52.3809523809524,49.0079365079365
EPI_ISL_285232|Human|H7N9|2017.014|Asia|,2017.014,-227,49.8677248677249,756,756,51.5873015873016,49.0079365079365
EPI_ISL_285231|Human|H7N9|2017.005|Asia|,2017.005,-232.1,50.1322751322751,756,756,52.3809523809524,49.0079365079365
EPI_ISL_285219|Human|H7N9|2017.279|Asia|,2017.279,-232,49.8677248677249,756,756,51.984126984127,48.8095238095238
EPI_ISL_285218|Human|H7N9|2017.17|Asia|,2017.17,-226.2,49.8677248677249,756,756,51.5873015873016,49.0079365079365
EPI_ISL_285217|Human|H7N9|2017.216|Asia|,2017.216,-226.2,49.8677248677249,756,756,51.5873015873016,49.0079365079365
EPI_ISL_285216|Human|H7N9|2017.192|Asia|,2017.192,-227,50.1322751322751,756,756,52.3809523809524,49.0079365079365
EPI_ISL_285215|Human|H7N9|2017.205|Asia|,2017.205,-227,50.1322751322751,756,756,52.3809523809524,49.0079365079365
EPI_ISL_285214|Human|H7N9|2017.11|Asia|,2017.11,-227,50,756,756,51.984126984127,49.0079365079365
EPI_ISL_285213|Human|H7N9|2017.06|Asia|,2017.06,-227.7,50.1322751322751,756,756,52.7777777777778,48.8095238095238
EPI_ISL_285211|Human|H7N9|2017.066|Asia|,2017.066,-227,50,756,756,51.984126984127,49.0079365079365
EPI_ISL_285208|Human|H7N9|2017.082|Asia|,2017.082,-231.7,50.1322751322751,756,756,52.3809523809524,49.0079365079365
EPI_ISL_285205|Human|H7N9|2017.093|Asia|,2017.093,-227.9,49.6688741721854,755,756,51.1904761904762,48.9065606361829
EPI_ISL_285203|Human|H7N9|2017.099|Asia|,2017.099,-231.7,50.1322751322751,756,756,52.3809523809524,49.0079365079365
EPI_ISL_285199|Human|H7N9|2017.047|Asia|,2017.047,-227.9,49.4708994708995,756,756,50.3968253968254,49.0079365079365
EPI_ISL_285197|Human|H7N9|2017.058|Asia|,2017.058,-231,49.8677248677249,756,756,51.5873015873016,49.0079365079365
EPI_ISL_285194|Human|H7N9|2017.047|Asia|,2017.047,-227,50,756,756,51.984126984127,49.0079365079365
EPI_ISL_285191|Human|H7N9|2017.041|Asia|,2017.041,-227.7,50,756,756,52.3809523809524,48.8095238095238
EPI_ISL_285268|Human|H7N9|2017.126|Asia|,2017.126,-227.7,50.1322751322751,756,756,52.7777777777778,48.8095238095238
EPI_ISL_285267|Human|H7N9|2017.003|Asia|,2017.003,-228.1,49.7354497354497,756,756,51.1904761904762,49.0079365079365
EPI_ISL_285266|Human|H7N9|2017.063|Asia|,2017.063,-228,49.7354497354497,756,756,51.1904761904762,49.0079365079365
EPI_ISL_285265|Human|H7N9|2017.014|Asia|,2017.014,-227,50,756,756,51.984126984127,49.0079365079365
EPI_ISL_285258|Human|H7N9|2017.34|Asia|,2017.34,-227,50.1322751322751,756,756,52.3809523809524,49.0079365079365
EPI_ISL_285257|Human|H7N9|2016.323|Asia|,2016.323,-230.1,50.1986754966887,755,756,52.191235059761,49.2063492063492
EPI_ISL_285563|Human|H7N9|2017|Asia|,2017,-226.4,49.8677248677249,756,756,51.5873015873016,49.0079365079365
EPI_ISL_285562|Human|H7N9|2017.022|Asia|,2017.022,-227.8,49.8677248677249,756,756,51.5873015873016,49.0079365079365
EPI_ISL_285561|Human|H7N9|2016.948|Asia|,2016.948,-227,50,756,756,51.984126984127,49.0079365079365
EPI_ISL_285560|Human|H7N9|2017.014|Asia|,2017.014,-229.4,49.0740740740741,756,756,49.2063492063492,49.0079365079365
EPI_ISL_285555|Human|H7N9|2016.989|Asia|,2016.989,-223.9,50,756,756,51.984126984127,49.0079365079365
EPI_ISL_285554|Human|H7N9|2016.984|Asia|,2016.984,-234.3,49.8677248677249,756,756,51.5873015873016,49.0079365079365
EPI_ISL_285553|Human|H7N9|2016.986|Asia|,2016.986,-227.7,49.6031746031746,756,756,50.7936507936508,49.0079365079365
EPI_ISL_285552|Human|H7N9|2016.984|Asia|,2016.984,-226,50.1322751322751,756,756,52.3809523809524,49.0079365079365
EPI_ISL_285551|Human|H7N9|2016.964|Asia|,2016.964,-227,50,756,756,51.984126984127,49.0079365079365
EPI_ISL_285550|Human|H7N9|2016.967|Asia|,2016.967,-232.7,50.1322751322751,756,756,52.3809523809524,49.0079365079365
EPI_ISL_285549|Human|H7N9|2016.956|Asia|,2016.956,-232.1,50,756,756,51.984126984127,49.0079365079365
EPI_ISL_285548|Human|H7N9|2017.03|Asia|,2017.03,-227,50,756,756,51.984126984127,49.0079365079365
EPI_ISL_285547|Human|H7N9|2017.016|Asia|,2017.016,-227.8,49.8677248677249,756,756,51.5873015873016,49.0079365079365
EPI_ISL_285414|Human|H7N9|2016.175|Asia|,2016.175,-230.8,50.1322751322751,756,756,52.3809523809524,49.0079365079365
EPI_ISL_285410|Human|H7N9|2017.027|Asia|,2017.027,-228.7,49.2063492063492,756,756,49.6031746031746,49.0079365079365
EPI_ISL_285407|Human|H7N9|2016.995|Asia|,2016.995,-231.3,50,756,756,51.984126984127,49.0079365079365
EPI_ISL_285406|Human|H7N9|2017.011|Asia|,2017.011,-231,49.8677248677249,756,756,51.5873015873016,49.0079365079365
EPI_ISL_285405|Human|H7N9|2016.975|Asia|,2016.975,-233.9,50,756,756,51.984126984127,49.0079365079365
EPI_ISL_285404|Human|H7N9|2016.989|Asia|,2016.989,-232,50.1322751322751,756,756,52.3809523809524,49.0079365079365
EPI_ISL_285403|Human|H7N9|2016.964|Asia|,2016.964,-227,50,756,756,51.984126984127,49.0079365079365
EPI_ISL_285402|Human|H7N9|2017.036|Asia|,2017.036,-225.6,49.8677248677249,756,756,51.5873015873016,49.0079365079365
EPI_ISL_285398|Human|H7N9|2016.978|Asia|,2016.978,-232,50.1322751322751,756,756,52.3809523809524,49.0079365079365
EPI_ISL_285394|Human|H7N9|2017.022|Asia|,2017.022,-227,50,756,756,51.984126984127,49.0079365079365
EPI_ISL_285390|Human|H7N9|2017.014|Asia|,2017.014,-228.2,49.8677248677249,756,756,51.5873015873016,49.0079365079365
EPI_ISL_285386|Human|H7N9|2017.014|Asia|,2017.014,-227,50,756,756,51.984126984127,49.0079365079365
EPI_ISL_285384|Human|H7N9|2017.008|Asia|,2017.008,-227.8,49.8677248677249,756,756,51.5873015873016,49.0079365079365
EPI_ISL_285383|Human|H7N9|2017.008|Asia|,2017.008,-226,50,756,756,51.984126984127,49.0079365079365
EPI_ISL_285382|Human|H7N9|2017.005|Asia|,2017.005,-227,49.8677248677249,756,756,51.5873015873016,49.0079365079365
EPI_ISL_285379|Human|H7N9|2016.997|Asia|,2016.997,-227.8,49.8677248677249,756,756,51.5873015873016,49.0079365079365
EPI_ISL_285378|Human|H7N9|2016.997|Asia|,2016.997,-227,50,756,756,51.984126984127,49.0079365079365
EPI_ISL_285377|Human|H7N9|2016.995|Asia|,2016.995,-227.7,49.8677248677249,756,756,51.5873015873016,49.0079365079365
EPI_ISL_285591|Human|H7N9|2017.093|Asia|,2017.093,-227,50.1322751322751,756,756,52.3809523809524,49.0079365079365
EPI_ISL_285590|Human|H7N9|2017.068|Asia|,2017.068,-227,50.1322751322751,756,756,52.3809523809524,49.0079365079365
EPI_ISL_285589|Human|H7N9|2017.099|Asia|,2017.099,-227,50.1322751322751,756,756,52.3809523809524,49.0079365079365
EPI_ISL_285588|Human|H7N9|2017.099|Asia|,2017.099,-227,50.1322751322751,756,756,52.3809523809524,49.0079365079365
EPI_ISL_285587|Human|H7N9|2017.093|Asia|,2017.093,-227,50.1322751322751,756,756,52.3809523809524,49.0079365079365
EPI_ISL_285586|Human|H7N9|2017.093|Asia|,2017.093,-227,50.1322751322751,756,756,52.3809523809524,49.0079365079365
EPI_ISL_285585|Human|H7N9|2017.09|Asia|,2017.09,-227,50.1322751322751,756,756,52.3809523809524,49.0079365079365
EPI_ISL_285584|Human|H7N9|2017.101|Asia|,2017.101,-227,50.1322751322751,756,756,52.3809523809524,49.0079365079365
EPI_ISL_285583|Human|H7N9|2017.082|Asia|,2017.082,-227,50.1322751322751,756,756,52.3809523809524,49.0079365079365
EPI_ISL_285574|Human|H7N9|2017.159|Asia|,2017.159,-235.9,49.7354497354497,756,756,50.7936507936508,49.2063492063492
EPI_ISL_285573|Human|H7N9|2017.216|Asia|,2017.216,-227,50.1322751322751,756,756,52.3809523809524,49.0079365079365
EPI_ISL_285572|Human|H7N9|2017.211|Asia|,2017.211,-232,49.8677248677249,756,756,51.984126984127,48.8095238095238
EPI_ISL_285571|Human|H7N9|2017.203|Asia|,2017.203,-232,49.8677248677249,756,756,51.984126984127,48.8095238095238
EPI_ISL_285570|Human|H7N9|2017.197|Asia|,2017.197,-228.4,49.8677248677249,756,756,51.5873015873016,49.0079365079365
EPI_ISL_285569|Human|H7N9|2017.093|Asia|,2017.093,-228.2,49.8677248677249,756,756,51.5873015873016,49.0079365079365
EPI_ISL_285568|Human|H7N9|2017.225|Asia|,2017.225,-228.4,49.8677248677249,756,756,51.5873015873016,49.0079365079365
EPI_ISL_285567|Human|H7N9|2017.222|Asia|,2017.222,-222.5,49.0740740740741,756,756,48.8095238095238,49.2063492063492
EPI_ISL_285566|Human|H7N9|2017.238|Asia|,2017.238,-232,49.8677248677249,756,756,51.984126984127,48.8095238095238
EPI_ISL_285565|Human|H7N9|2017.197|Asia|,2017.197,-227,50,756,756,51.984126984127,49.0079365079365
EPI_ISL_285564|Human|H7N9|2017.238|Asia|,2017.238,-231.7,50.1322751322751,756,756,52.3809523809524,49.0079365079365
EPI_ISL_285556|Human|H7N9|2017.449|Asia|,2017.449,-224.4,49.2063492063492,756,756,50,48.8095238095238
EPI_ISL_292347|Human|H7N9|2017.397|Asia|,2017.397,-228.7,49.8677248677249,756,756,50.7936507936508,49.4047619047619
EPI_ISL_294203|Human|H7N9|2017.164|Asia|,2017.164,-227.7,50.1322751322751,756,756,52.7777777777778,48.8095238095238
EPI_ISL_295549|Human|H7N9|2017.449|Asia|,2017.449,-224.4,49.2063492063492,756,756,50,48.8095238095238
EPI_ISL_314056|Human|H7N9|2017.581|Asia|,2017.581,-220,49.4708994708995,756,756,50.7936507936508,48.8095238095238
EPI_ISL_327778|Human|H7N9|2017.162|Asia|,2017.162,-234.2,49.7354497354497,756,756,51.5873015873016,48.8095238095238
EPI_ISL_327792|Human|H7N9|2017|Asia|,2017,-227.1,50,756,756,52.3809523809524,48.8095238095238
EPI_ISL_333972|Human|H7N9|2016.989|Asia|,2016.989,-233.4,49.3386243386243,756,756,50,49.0079365079365
EPI_ISL_333971|Human|H7N9|2016.964|Asia|,2016.964,-227.2,49.6031746031746,756,756,50.7936507936508,49.0079365079365
EPI_ISL_338377|Human|H7N9|2017.641|Asia|,2017.641,-227,50.1986754966887,755,756,52.5896414342629,49.0079365079365
EPI_ISL_339477|Human|H7N9|2017.663|Asia|,2017.663,-225.1,49.7354497354497,756,756,50.7936507936508,49.2063492063492
EPI_ISL_338379|Human|H7N9|2017.628|Asia|,2017.628,-229.4,50.1322751322751,756,756,52.3809523809524,49.0079365079365
EPI_ISL_338378|Human|H7N9|2017.625|Asia|,2017.625,-229.4,50.1322751322751,756,756,52.3809523809524,49.0079365079365
EPI_ISL_378704|Human|H7N9|2017.118|Asia|,2017.118,-236.1,49.8677248677249,756,756,51.984126984127,48.8095238095238
EPI_ISL_505060|Swine|H7N9|2017.597|Asia|,2017.597,-225.9,49.8677248677249,756,756,51.5873015873016,49.0079365079365
EPI_ISL_505059|Swine|H7N9|2017.633|Asia|,2017.633,-225.9,49.8677248677249,756,756,51.5873015873016,49.0079365079365
EPI_ISL_353999|Human|H7N9|2019.252|Asia|,2019.252,-225.4,49.7354497354497,756,756,50.7936507936508,49.2063492063492
EPI_ISL_353998|Human|H7N9|2019.252|Asia|,2019.252,-225.4,49.7354497354497,756,756,50.7936507936508,49.2063492063492
EPI_ISL_353997|Human|H7N9|2019.247|Asia|,2019.247,-225.4,49.7354497354497,756,756,50.7936507936508,49.2063492063492
EPI_ISL_353994|Human|H7N9|2019.255|Asia|,2019.255,-225.4,49.7354497354497,756,756,50.7936507936508,49.2063492063492
EPI_ISL_353993|Human|H7N9|2019.252|Asia|,2019.252,-225.4,49.7354497354497,756,756,50.7936507936508,49.2063492063492
EPI_ISL_353992|Human|H7N9|2019.252|Asia|,2019.252,-225.4,49.7354497354497,756,756,50.7936507936508,49.2063492063492
EPI_ISL_353991|Human|H7N9|2019.247|Asia|,2019.247,-225.4,49.7354497354497,756,756,50.7936507936508,49.2063492063492
EPI_ISL_353990|Human|H7N9|2019.255|Asia|,2019.255,-225.4,49.7354497354497,756,756,50.7936507936508,49.2063492063492
EPI_ISL_143275|Human|H6N1|2013.345|Asia|,2013.345,-246.1,48.9417989417989,756,756,48.4126984126984,49.2063492063492
EPI_ISL_291111|Human|H7N4|2018.014|Asia|,2018.014,-256.1,50.3968253968254,756,756,53.1746031746032,49.0079365079365
EPI_ISL_376123|Human|H7N4|2018.014|Asia|,2018.014,-256.1,50.3968253968254,756,756,53.1746031746032,49.0079365079365
EPI_ISL_304404|Human|H5N6|2017.981|Asia|,2017.981,-262.3,50.9259259259259,756,756,53.968253968254,49.4047619047619
EPI_ISL_332402|Human|H5N6|2018.847|Asia|,2018.847,-227.7,48.4126984126984,756,756,48.4126984126984,48.4126984126984
EPI_ISL_332400|Human|H5N6|2018.847|Asia|,2018.847,-227.6,48.5449735449735,756,756,48.8095238095238,48.4126984126984
EPI_ISL_337275|Human|H5N6|2018.847|Asia|,2018.847,-228.7,48.6772486772487,756,756,48.8095238095238,48.6111111111111
EPI_ISL_337274|Human|H5N6|2018.742|Asia|,2018.742,-227,48.4126984126984,756,756,49.2063492063492,48.015873015873
EPI_ISL_337280|Human|H5N6|2017.877|Asia|,2017.877,-233.2,48.8095238095238,756,756,49.6031746031746,48.4126984126984
EPI_ISL_337276|Human|H5N6|2018.814|Asia|,2018.814,-223.3,48.2804232804233,756,756,48.4126984126984,48.2142857142857
EPI_ISL_337273|Human|H5N6|2018.619|Asia|,2018.619,-229.7,49.0066225165563,755,756,50.597609561753,48.2142857142857
EPI_ISL_368368|Human|H5N6|2018.847|Asia|,2018.847,-228.7,48.6772486772487,756,756,48.8095238095238,48.6111111111111
EPI_ISL_502208|Ferret|H5N6|2018.447|Asia|,2018.447,-229.6,48.4126984126984,756,756,48.8095238095238,48.2142857142857
EPI_ISL_502206|Ferret|H5N6|2018.644|Asia|,2018.644,-229.9,48.4126984126984,756,756,48.8095238095238,48.2142857142857
EPI_ISL_502205|Ferret|H5N6|2018.427|Asia|,2018.427,-262.3,50.9259259259259,756,756,53.968253968254,49.4047619047619
EPI_ISL_502204|Ferret|H5N6|2018.142|Asia|,2018.142,-235.7,48.8095238095238,756,756,50.3968253968254,48.015873015873
EPI_ISL_502203|Ferret|H5N6|2018.068|Asia|,2018.068,-267,50.9259259259259,756,756,53.5714285714286,49.6031746031746
EPI_ISL_502202|Ferret|H5N6|2018.025|Asia|,2018.025,-230.8,48.5449735449735,756,756,49.2063492063492,48.2142857142857
EPI_ISL_502201|Ferret|H5N6|2018.005|Asia|,2018.005,-262.3,50.9259259259259,756,756,53.968253968254,49.4047619047619
EPI_ISL_1081369|Human|H5N6|2021.003|Asia|,2021.003,-231.7,48.4126984126984,756,756,48.8095238095238,48.2142857142857
EPI_ISL_3090099|Human|H5N6|2021.501|Asia|,2021.501,-260.3,50.9259259259259,756,756,53.1746031746032,49.8015873015873
EPI_ISL_3770740|Human|H5N6|2021.532|Asia|,2021.532,-259.5,51.0582010582011,756,756,53.5714285714286,49.8015873015873
EPI_ISL_3770721|Human|H5N6|2021.156|Asia|,2021.156,-240.6,49.3386243386243,756,756,50,49.0079365079365
EPI_ISL_7983813|Human|H5N6|2021.973|Asia|,2021.973,-255.8,50.7936507936508,756,756,52.7777777777778,49.8015873015873
EPI_ISL_163493|Human|H5N6|2014.301|Asia|,2014.301,-227.8,48.8095238095238,756,756,50.7936507936508,47.8174603174603
EPI_ISL_176841|Feline|H5N6|2015.008|Asia|,2015.008,-232.5,49.0740740740741,756,756,50.7936507936508,48.2142857142857
EPI_ISL_176840|Feline|H5N6|2015.008|Asia|,2015.008,-232.5,49.0740740740741,756,756,50.7936507936508,48.2142857142857
EPI_ISL_178262|Human|H5N6|2015.096|Asia|,2015.096,-237.5,49.7354497354497,756,756,50.7936507936508,49.2063492063492
EPI_ISL_178261|Human|H5N6|2015.099|Asia|,2015.099,-237.5,49.7354497354497,756,756,50.7936507936508,49.2063492063492
EPI_ISL_177761|Feline|H5N6|2014.332|Asia|,2014.332,-227.8,48.8095238095238,756,756,50.7936507936508,47.8174603174603
EPI_ISL_175335|Human|H5N6|2014.942|Asia|,2014.942,-230,49.0740740740741,756,756,50.3968253968254,48.4126984126984
EPI_ISL_195294|Human|H5N6|2015.099|Asia|,2015.099,-235.7,49.8677248677249,756,756,51.1904761904762,49.2063492063492
EPI_ISL_196100|Swine|H5N6|2014.46|Asia|,2014.46,-231,49.3386243386243,756,756,51.1904761904762,48.4126984126984
EPI_ISL_196101|Swine|H5N6|2014.46|Asia|,2014.46,-230,49.2063492063492,756,756,50.7936507936508,48.4126984126984
EPI_ISL_200838|Human|H5N6|2015.521|Asia|,2015.521,-237.5,49.6031746031746,756,756,50.3968253968254,49.2063492063492
EPI_ISL_200837|Human|H5N6|2015.11|Asia|,2015.11,-237.5,49.7354497354497,756,756,50.7936507936508,49.2063492063492
EPI_ISL_205503|Human|H5N6|2015.992|Asia|,2015.992,-228.6,49.4708994708995,756,756,50,49.2063492063492
EPI_ISL_205313|Human|H5N6|2015.989|Asia|,2015.989,-228.6,49.4708994708995,756,756,50,49.2063492063492
EPI_ISL_206036|Human|H5N6|2016.016|Asia|,2016.016,-227.7,49.2063492063492,756,756,49.6031746031746,49.0079365079365
EPI_ISL_206569|Human|H5N6|2015.997|Asia|,2015.997,-233.4,48.8095238095238,756,756,50.3968253968254,48.015873015873
EPI_ISL_206568|Human|H5N6|2015.989|Asia|,2015.989,-228.6,49.4708994708995,756,756,50,49.2063492063492
EPI_ISL_207051|Human|H5N6|2016.014|Asia|,2016.014,-227.7,49.2063492063492,756,756,49.6031746031746,49.0079365079365
EPI_ISL_207048|Human|H5N6|2016.038|Asia|,2016.038,-223.8,49.2063492063492,756,756,49.6031746031746,49.0079365079365
EPI_ISL_217025|Human|H5N6|2014.145|Asia|,2014.145,-231.6,49.2063492063492,756,756,50.7936507936508,48.4126984126984
EPI_ISL_219828|Human|H5N6|2014.959|Asia|,2014.959,-230,49.0740740740741,756,756,50.3968253968254,48.4126984126984
EPI_ISL_221721|Feline|H5N6|2015.033|Asia|,2015.033,-232.5,49.0740740740741,756,756,50.7936507936508,48.2142857142857
EPI_ISL_221720|Feline|H5N6|2015.033|Asia|,2015.033,-232.5,49.0740740740741,756,756,50.7936507936508,48.2142857142857
EPI_ISL_266596|Swine|H5N6|2015.23|Asia|,2015.23,-231.9,49.3386243386243,756,756,50.7936507936508,48.6111111111111
EPI_ISL_278205|Feline|H5N6|2016.03|Asia|,2016.03,-228.5,49.2063492063492,756,756,50,48.8095238095238
EPI_ISL_278204|Feline|H5N6|2016.03|Asia|,2016.03,-228.2,49.6031746031746,756,756,50.3968253968254,49.2063492063492
EPI_ISL_240704|Human|H5N6|2016.896|Asia|,2016.896,-229.2,48.9417989417989,756,756,50.3968253968254,48.2142857142857
EPI_ISL_240703|Human|H5N6|2016.88|Asia|,2016.88,-231.1,49.4708994708995,756,756,51.5873015873016,48.4126984126984
EPI_ISL_256213|Human|H5N6|2016.287|Asia|,2016.287,-230.1,49.4708994708995,756,756,50.3968253968254,49.0079365079365
EPI_ISL_284651|Human|H5N6|2016.325|Asia|,2016.325,-229.6,49.3386243386243,756,756,49.6031746031746,49.2063492063492
EPI_ISL_284650|Human|H5N6|2016.323|Asia|,2016.323,-229.6,49.3386243386243,756,756,49.6031746031746,49.2063492063492
EPI_ISL_340796|Human|H5N6|2017.745|Asia|,2017.745,-227,48.4126984126984,756,756,49.2063492063492,48.015873015873
EPI_ISL_718225|Human|H5N6|2020.899|Asia|,2020.899,-231.6,48.8095238095238,756,756,49.6031746031746,48.4126984126984
EPI_ISL_718266|Human|H5N6|2020.907|Asia|,2020.907,-231.6,48.8095238095238,756,756,49.6031746031746,48.4126984126984
EPI_ISL_1081370|Human|H5N6|2020.973|Asia|,2020.973,-231.7,48.4126984126984,756,756,48.8095238095238,48.2142857142857
EPI_ISL_2379892|Human|H10N3|2021.321|Asia|,2021.321,-234.1,49.7354497354497,756,756,51.1904761904762,49.0079365079365
EPI_ISL_2380100|Human|H10N3|2021.321|Asia|,2021.321,-234.1,49.7354497354497,756,756,51.1904761904762,49.0079365079365
EPI_ISL_4804850|Seal|H5N8|2021.619|Europe|,2021.619,-258.3,50.7936507936508,756,756,53.1746031746032,49.6031746031746
EPI_ISL_4805936|Seal|H5N8|2021.63|Europe|,2021.63,-258.3,50.7936507936508,756,756,53.1746031746032,49.6031746031746
EPI_ISL_4805852|Seal|H5N8|2021.627|Europe|,2021.627,-260.1,50.6613756613757,756,756,52.7777777777778,49.6031746031746
EPI_ISL_322984|Seal|H5N8|2016.904|Europe|,2016.904,-258,50.9259259259259,756,756,54.7619047619048,49.0079365079365
EPI_ISL_1038924|Human|H5N8|2020.945|Europe|,2020.945,-258.7,50.9259259259259,756,756,53.5714285714286,49.6031746031746
EPI_ISL_2081528|Seal|H5N8|2020.934|Europe|,2020.934,-260.9,50.7936507936508,756,756,53.1746031746032,49.6031746031746
EPI_ISL_2081527|Canine|H5N8|2020.934|Europe|,2020.934,-258.2,50.9333333333333,750,750,53.2,49.8
EPI_ISL_152846|Human|H10N8|2013.923|Asia|,2013.923,-231.8,49.8677248677249,756,756,51.5873015873016,49.0079365079365
EPI_ISL_162062|Human|H10N8|2014.019|Asia|,2014.019,-236.1,49.8677248677249,756,756,51.1904761904762,49.2063492063492
EPI_ISL_162076|Human|H10N8|2013.929|Asia|,2013.929,-231.8,49.8677248677249,756,756,51.5873015873016,49.0079365079365
EPI_ISL_162075|Human|H10N8|2013.923|Asia|,2013.923,-231.8,49.8677248677249,756,756,51.5873015873016,49.0079365079365
EPI_ISL_166971|Seal|H10N7|2014.764|Europe|,2014.764,-265,51.3227513227513,756,756,55.952380952381,49.0079365079365
EPI_ISL_167226|Seal|H10N7|2014.288|Europe|,2014.288,-260.2,51.1904761904762,756,756,55.952380952381,48.8095238095238
EPI_ISL_170566|Seal|H10N7|2014.764|Europe|,2014.764,-265,51.3227513227513,756,756,55.952380952381,49.0079365079365
