EPI_ISL_1211|Human|H1N1|1918|NorthAmerica|seasonal,0.7235200742895506,1918
EPI_ISL_69816|Human|H1N1|1933.025|Europe|seasonal,0.7184172953783239,1933.025
EPI_ISL_90462|Human|H1N1|1933.414|Europe|,0.7184172953783239,1933.414
EPI_ISL_66109|Human|H1N1|1932|Europe|seasonal,0.7185399096429613,1932
EPI_ISL_66108|Human|H1N1|1932|NorthAmerica|seasonal,0.7192567930504983,1932
EPI_ISL_69745|Human|H1N1|1933|Europe|seasonal,0.719919970209898,1933
EPI_ISL_69822|Human|H1N1|1933|Europe|seasonal,0.7197049859311502,1933
EPI_ISL_147186|Human|H1N1|1935|NorthAmerica|,0.7187716431168768,1935
EPI_ISL_69244|Human|H1N1|1945|NorthAmerica|seasonal,0.7180088178082896,1945
EPI_ISL_84909|Human|H1N1|1948|NorthAmerica|,0.7200470043363878,1948
EPI_ISL_69277|Human|H1N1|1943|NorthAmerica|seasonal,0.7193831185190559,1943
EPI_ISL_69245|Human|H1N1|1943|NorthAmerica|seasonal,0.7194362590950762,1943
EPI_ISL_5169|Human|H1N1|1947|NorthAmerica|seasonal,0.7196797231756494,1947
EPI_ISL_147188|Human|H1N1|1947|NorthAmerica|,0.7190861732544619,1947
EPI_ISL_6974|Human|H1N1|1954|Asia|seasonal,0.7167998034475803,1954
EPI_ISL_66101|Human|H1N1|1954|Asia|seasonal,0.7164956700535806,1954
EPI_ISL_143167|Human|H1N1|1954|Asia|,0.7163732330659167,1954
EPI_ISL_84910|Human|H1N1|1951|Europe|,0.716225927404465,1951
EPI_ISL_7072|Human|H1N1|1951|NorthAmerica|seasonal,0.7163758639377817,1951
EPI_ISL_7093|Human|H1N1|1951|NorthAmerica|seasonal,0.7158932061039033,1951
EPI_ISL_7084|Human|H1N1|1951|NorthAmerica|seasonal,0.7162809735414172,1951
EPI_ISL_7063|Human|H1N1|1951|NorthAmerica|seasonal,0.7160560000515145,1951
EPI_ISL_66094|Human|H1N1|1957|NorthAmerica|seasonal,0.7156398195137211,1957
EPI_ISL_143164|Human|H1N1|1957|NorthAmerica|,0.7158628801172499,1957
EPI_ISL_130407|Human|H1N1|1957|Asia|,0.7170059155721756,1957
EPI_ISL_84889|Human|H1N1|1953|Europe|,0.7172467844213131,1953
EPI_ISL_84886|Human|H1N1|1954|Europe|,0.7167363219561509,1954
EPI_ISL_66099|Human|H1N1|1950|NorthAmerica|seasonal,0.7168428494439669,1950
EPI_ISL_147187|Human|H1N1|1950|NorthAmerica|,0.7168428494439669,1950
EPI_ISL_147189|Human|H1N1|1946|NorthAmerica|,0.720391508206509,1946
EPI_ISL_69268|Human|H1N1|1939|NorthAmerica|seasonal,0.7190473451078429,1939
EPI_ISL_143169|Human|H1N1|1940|NorthAmerica|,0.7190473451078429,1940
EPI_ISL_66093|Human|H1N1|1946|NorthAmerica|seasonal,0.7187397925851888,1946
EPI_ISL_84890|Human|H1N1|1948|Europe|,0.7193933998370806,1948
EPI_ISL_66092|Human|H1N1|1942|NorthAmerica|seasonal,0.7190508462036628,1942
EPI_ISL_143168|Human|H1N1|1942|NorthAmerica|,0.7195621157504332,1942
EPI_ISL_66102|Human|H1N1|1934|Oceania|seasonal,0.7185290313612619,1934
EPI_ISL_147194|Human|H1N1|1935|Oceania|,0.7185290313612619,1935
EPI_ISL_69777|Human|H1N1|1946|Oceania|seasonal,0.7186262792717946,1946
EPI_ISL_69288|Human|H1N1|1946|Oceania|seasonal,0.7183595889937981,1946
EPI_ISL_69300|Human|H1N1|1935|NorthAmerica|seasonal,0.7181326749431687,1935
EPI_ISL_69267|Human|H1N1|1936|NorthAmerica|seasonal,0.7181951158689914,1936
EPI_ISL_381064|Human|H1N1|1934|NorthAmerica|,0.7160594233114803,1934
EPI_ISL_73426|Human|H1N1|1934|NorthAmerica|,0.7169402176611324,1934
EPI_ISL_143160|Human|H1N1|1934|NorthAmerica|,0.7155980740774206,1934
EPI_ISL_147173|Human|H1N1|1934|NorthAmerica|,0.7155980740774206,1934
EPI_ISL_123173|Human|H1N1|1993|NorthAmerica|,0.7140361717466416,1993
EPI_ISL_5621|Human|H1N1|1995.578|NorthAmerica|seasonal,0.7131547261140231,1995.578
EPI_ISL_503069|Human|H1N1|1996|SouthAmerica|,0.713407033826794,1996
EPI_ISL_147193|Human|H1N1|1991|NorthAmerica|,0.7131520622757949,1991
EPI_ISL_368441|Human|H1N1|2014.871|NorthAmerica|,0.7124146599910447,2014.871
EPI_ISL_368433|Human|H1N1|2014.83|NorthAmerica|,0.7126053216526456,2014.83
EPI_ISL_368426|Human|H1N1|2014.83|NorthAmerica|,0.7126216247647849,2014.83
EPI_ISL_368465|Human|H1N1|2014.964|NorthAmerica|,0.7124146599910447,2014.964
EPI_ISL_368464|Human|H1N1|2014.964|NorthAmerica|,0.7122116835572488,2014.964
EPI_ISL_368463|Human|H1N1|2014.964|NorthAmerica|,0.7124146599910447,2014.964
EPI_ISL_368462|Human|H1N1|2014.964|NorthAmerica|,0.7124146599910447,2014.964
EPI_ISL_368461|Human|H1N1|2014.964|NorthAmerica|,0.7124146599910447,2014.964
EPI_ISL_368460|Human|H1N1|2014.964|NorthAmerica|,0.7128903913986708,2014.964
EPI_ISL_368459|Human|H1N1|2014.964|NorthAmerica|,0.7125657792150033,2014.964
EPI_ISL_368458|Human|H1N1|2014.964|NorthAmerica|,0.7128903913986708,2014.964
EPI_ISL_368457|Human|H1N1|2014.964|NorthAmerica|,0.7129379230662716,2014.964
EPI_ISL_368456|Human|H1N1|2014.964|NorthAmerica|,0.7128472402892033,2014.964
EPI_ISL_368455|Human|H1N1|2014.926|NorthAmerica|,0.7124146599910447,2014.926
EPI_ISL_368454|Human|H1N1|2014.926|NorthAmerica|,0.7124146599910447,2014.926
EPI_ISL_368453|Human|H1N1|2014.926|NorthAmerica|,0.7124146599910447,2014.926
EPI_ISL_368452|Human|H1N1|2014.926|NorthAmerica|,0.7124146599910447,2014.926
EPI_ISL_368451|Human|H1N1|2014.926|NorthAmerica|,0.7124146599910447,2014.926
EPI_ISL_368450|Human|H1N1|2014.926|NorthAmerica|,0.7128718254518804,2014.926
EPI_ISL_368449|Human|H1N1|2014.926|NorthAmerica|,0.7131495991642239,2014.926
EPI_ISL_368448|Human|H1N1|2014.926|NorthAmerica|,0.7126216247647849,2014.926
EPI_ISL_368447|Human|H1N1|2014.926|NorthAmerica|,0.7126216247647849,2014.926
EPI_ISL_368446|Human|H1N1|2014.926|NorthAmerica|,0.7128679435252565,2014.926
EPI_ISL_368445|Human|H1N1|2014.871|NorthAmerica|,0.7124146599910447,2014.871
EPI_ISL_368444|Human|H1N1|2014.871|NorthAmerica|,0.712216018974967,2014.871
EPI_ISL_368443|Human|H1N1|2014.871|NorthAmerica|,0.7123822000424113,2014.871
EPI_ISL_368440|Human|H1N1|2014.871|NorthAmerica|,0.7129057466638202,2014.871
EPI_ISL_368439|Human|H1N1|2014.871|NorthAmerica|,0.7126242479438679,2014.871
EPI_ISL_368438|Human|H1N1|2014.871|NorthAmerica|,0.7126242479438679,2014.871
EPI_ISL_368437|Human|H1N1|2014.871|NorthAmerica|,0.7131522249398115,2014.871
EPI_ISL_368436|Human|H1N1|2014.871|NorthAmerica|,0.7126242479438679,2014.871
EPI_ISL_368435|Human|H1N1|2014.83|NorthAmerica|,0.7126242479438679,2014.83
EPI_ISL_368434|Human|H1N1|2014.83|NorthAmerica|,0.7126242479438679,2014.83
EPI_ISL_368432|Human|H1N1|2014.83|NorthAmerica|,0.7126242479438679,2014.83
EPI_ISL_368431|Human|H1N1|2014.83|NorthAmerica|,0.7126242479438679,2014.83
EPI_ISL_368430|Human|H1N1|2014.83|NorthAmerica|,0.7131046789846759,2014.83
EPI_ISL_368429|Human|H1N1|2014.83|NorthAmerica|,0.7129057466638202,2014.83
EPI_ISL_368428|Human|H1N1|2014.83|NorthAmerica|,0.7126242479438679,2014.83
EPI_ISL_368427|Human|H1N1|2014.83|NorthAmerica|,0.7125792211221735,2014.83
EPI_ISL_368425|Human|H1N1|2014.8|NorthAmerica|,0.7129057466638202,2014.8
EPI_ISL_368424|Human|H1N1|2014.8|NorthAmerica|,0.7126242479438679,2014.8
EPI_ISL_368423|Human|H1N1|2014.8|NorthAmerica|,0.7126242479438679,2014.8
EPI_ISL_368422|Human|H1N1|2014.8|NorthAmerica|,0.7129057466638202,2014.8
EPI_ISL_368421|Human|H1N1|2014.8|NorthAmerica|,0.7126242479438679,2014.8
EPI_ISL_368420|Human|H1N1|2014.8|NorthAmerica|,0.7129057466638202,2014.8
EPI_ISL_368419|Human|H1N1|2014.8|NorthAmerica|,0.7129057466638202,2014.8
EPI_ISL_368418|Human|H1N1|2014.8|NorthAmerica|,0.7129057466638202,2014.8
EPI_ISL_368417|Human|H1N1|2014.8|NorthAmerica|,0.7126034911765989,2014.8
EPI_ISL_368416|Human|H1N1|2014.8|NorthAmerica|,0.7129057466638202,2014.8
EPI_ISL_368466|Human|H1N1|2014|NorthAmerica|,0.7129057466638202,2014
EPI_ISL_368442|Human|H1N1|2014.871|NorthAmerica|,0.7126242479438679,2014.871
EPI_ISL_10251|Human|H1N1|1986|Asia|seasonal,0.7125955503586976,1986
EPI_ISL_6837|Human|H1N1|1987|NorthAmerica|seasonal,0.7117288941024276,1987
EPI_ISL_6774|Human|H1N1|1986|NorthAmerica|seasonal,0.7117942274696126,1986
EPI_ISL_6838|Human|H1N1|1987|NorthAmerica|seasonal,0.7121689120406595,1987
EPI_ISL_7081|Human|H1N1|1987|NorthAmerica|seasonal,0.7116596864441869,1987
EPI_ISL_6914|Human|H1N1|1986|NorthAmerica|seasonal,0.7126248323918926,1986
EPI_ISL_7052|Human|H1N1|1986|NorthAmerica|seasonal,0.7127605901451269,1986
EPI_ISL_27634|Human|H1N1|1989.003|Europe|seasonal,0.7129538993338009,1989.003
EPI_ISL_68916|Human|H1N1|1987|Europe|seasonal,0.7118540343301963,1987
EPI_ISL_6905|Human|H1N1|1986|Asia|seasonal,0.714119809364426,1986
EPI_ISL_173282|Human|H1N1|1986|Oceania|seasonal,0.7144330649770544,1986
EPI_ISL_6902|Human|H1N1|1980|Asia|seasonal,0.7153852319801661,1980
EPI_ISL_5327|Human|H1N1|1980|NorthAmerica|seasonal,0.7157221577108721,1980
EPI_ISL_6972|Human|H1N1|1981|NorthAmerica|seasonal,0.7141884965886197,1981
EPI_ISL_5569|Human|H1N1|1983|NorthAmerica|seasonal,0.7128932888249789,1983
EPI_ISL_5568|Human|H1N1|1983|NorthAmerica|seasonal,0.7137679868975764,1983
EPI_ISL_6835|Human|H1N1|1983|NorthAmerica|seasonal,0.7127612642115697,1983
EPI_ISL_5261|Human|H1N1|1982|NorthAmerica|seasonal,0.7135845651839087,1982
EPI_ISL_5170|Human|H1N1|1982|NorthAmerica|seasonal,0.7138009743106836,1982
EPI_ISL_6154|Human|H1N1|1983|NorthAmerica|seasonal,0.7142054089939285,1983
EPI_ISL_6871|Human|H1N1|1980|NorthAmerica|seasonal,0.7148571089152004,1980
EPI_ISL_6855|Human|H1N1|1978|NorthAmerica|seasonal,0.7158112871850114,1978
EPI_ISL_6870|Human|H1N1|1978|NorthAmerica|seasonal,0.7159291635234114,1978
EPI_ISL_7060|Human|H1N1|1978|NorthAmerica|seasonal,0.7160856908977774,1978
EPI_ISL_6869|Human|H1N1|1978|NorthAmerica|seasonal,0.716182828486249,1978
EPI_ISL_5135|Human|H1N1|1977|Asia|seasonal,0.7159531175606872,1977
EPI_ISL_5324|Human|H1N1|1978|NorthAmerica|seasonal,0.7155746972163042,1978
EPI_ISL_5134|Human|H1N1|1977|Europe|seasonal,0.7152416693329534,1977
EPI_ISL_5322|Human|H1N1|1978|NorthAmerica|seasonal,0.7153761164393251,1978
EPI_ISL_5373|Human|H1N1|1978|NorthAmerica|seasonal,0.7153031422192389,1978
EPI_ISL_5325|Human|H1N1|1978|NorthAmerica|seasonal,0.7149890645490273,1978
EPI_ISL_5323|Human|H1N1|1978|NorthAmerica|seasonal,0.7157698895683318,1978
EPI_ISL_6454|Human|H1N1|1978|NorthAmerica|seasonal,0.7152503200240556,1978
EPI_ISL_66105|Human|H1N1|1977|Europe|seasonal,0.7154848332596001,1977
EPI_ISL_66104|Human|H1N1|1977|Europe|seasonal,0.7154032609541631,1977
EPI_ISL_127646|Human|H1N1|1977|Europe|,0.7154890264748953,1977
EPI_ISL_243351|Human|H1N1|1977|Europe|,0.7154324431824933,1977
EPI_ISL_5326|Human|H1N1|1978|NorthAmerica|seasonal,0.7153484902930994,1978
EPI_ISL_6915|Human|H1N1|1977|Asia|seasonal,0.715374284813176,1977
EPI_ISL_147192|Human|H1N1|1951|NorthAmerica|,0.7175719874309165,1951
EPI_ISL_69304|Human|H1N1|1949|Europe|seasonal,0.7173121721625767,1949
EPI_ISL_147190|Human|H1N1|1949|NorthAmerica|,0.7175439091735939,1949
EPI_ISL_6853|Human|H1N1|1948|NorthAmerica|seasonal,0.7172288435318992,1948
EPI_ISL_7048|Human|H1N1|1950|NorthAmerica|seasonal,0.7174663455358439,1950
EPI_ISL_173281|Human|H1N1|1983|Oceania|seasonal,0.7156905258359868,1983
EPI_ISL_6900|Human|H1N1|1983|SouthAmerica|seasonal,0.7161528885698325,1983
EPI_ISL_125876|Human|H1N1|1983|SouthAmerica|,0.7163200978447695,1983
EPI_ISL_6772|Human|H1N1|1983|NorthAmerica|seasonal,0.7165377083337009,1983
EPI_ISL_6786|Human|H1N1|1983|NorthAmerica|seasonal,0.7166227726493415,1983
EPI_ISL_5375|Human|H1N1|1983|NorthAmerica|seasonal,0.7165940704020524,1983
EPI_ISL_6463|Human|H1N1|1983|NorthAmerica|seasonal,0.71634741090295,1983
EPI_ISL_6516|Human|H1N1|1983|NorthAmerica|seasonal,0.7165940704020524,1983
EPI_ISL_5328|Human|H1N1|1983|NorthAmerica|seasonal,0.716174476907138,1983
EPI_ISL_5374|Human|H1N1|1983|NorthAmerica|seasonal,0.7161267294580556,1983
EPI_ISL_6517|Human|H1N1|1983|NorthAmerica|seasonal,0.7164788895936097,1983
EPI_ISL_6773|Human|H1N1|1983|NorthAmerica|seasonal,0.7164511076715767,1983
EPI_ISL_6768|Human|H1N1|1983|NorthAmerica|seasonal,0.7165681451476473,1983
EPI_ISL_6771|Human|H1N1|1983|NorthAmerica|seasonal,0.716326494186233,1983
EPI_ISL_6767|Human|H1N1|1983|NorthAmerica|seasonal,0.7162321209049053,1983
EPI_ISL_6878|Human|H1N1|1983|NorthAmerica|seasonal,0.7163568713428198,1983
EPI_ISL_5693|Human|H1N1|1983|NorthAmerica|seasonal,0.7162047180783573,1983
EPI_ISL_6440|Human|H1N1|1983|NorthAmerica|seasonal,0.716296142682316,1983
EPI_ISL_6438|Human|H1N1|1983|NorthAmerica|seasonal,0.7163795023064966,1983
EPI_ISL_5336|Human|H1N1|1983|NorthAmerica|seasonal,0.7163085428760861,1983
EPI_ISL_5335|Human|H1N1|1983|NorthAmerica|seasonal,0.7163085428760861,1983
EPI_ISL_5334|Human|H1N1|1983|NorthAmerica|seasonal,0.7162490797440999,1983
EPI_ISL_5333|Human|H1N1|1983|NorthAmerica|seasonal,0.7161876234715987,1983
EPI_ISL_5332|Human|H1N1|1983|NorthAmerica|seasonal,0.7166379745360821,1983
EPI_ISL_5331|Human|H1N1|1983|NorthAmerica|seasonal,0.7163278794266935,1983
EPI_ISL_5330|Human|H1N1|1983|NorthAmerica|seasonal,0.7164771706569425,1983
EPI_ISL_5329|Human|H1N1|1983|NorthAmerica|seasonal,0.716240254987586,1983
EPI_ISL_5513|Human|H1N1|1983|NorthAmerica|seasonal,0.7162607864888075,1983
EPI_ISL_5620|Human|H1N1|1983|NorthAmerica|seasonal,0.7165878410397157,1983
EPI_ISL_6462|Human|H1N1|1983|NorthAmerica|seasonal,0.7163678015063021,1983
EPI_ISL_6461|Human|H1N1|1983|NorthAmerica|seasonal,0.7163085428760861,1983
EPI_ISL_6437|Human|H1N1|1983|NorthAmerica|seasonal,0.7163200411682427,1983
EPI_ISL_6436|Human|H1N1|1983|NorthAmerica|seasonal,0.7163760226912137,1983
EPI_ISL_6434|Human|H1N1|1983|NorthAmerica|seasonal,0.7163678015063021,1983
EPI_ISL_6433|Human|H1N1|1983|NorthAmerica|seasonal,0.7163085428760861,1983
EPI_ISL_6836|Human|H1N1|1983|NorthAmerica|seasonal,0.7164194396742786,1983
EPI_ISL_6787|Human|H1N1|1983|NorthAmerica|seasonal,0.7165952976824081,1983
EPI_ISL_6766|Human|H1N1|1983|NorthAmerica|seasonal,0.716418149117009,1983
EPI_ISL_6770|Human|H1N1|1983|NorthAmerica|seasonal,0.7159964342482896,1983
EPI_ISL_7929|Human|H1N1|1983|NorthAmerica|seasonal,0.7159279551593414,1983
EPI_ISL_6785|Human|H1N1|1983|NorthAmerica|seasonal,0.7166731937544899,1983
EPI_ISL_6439|Human|H1N1|1983|NorthAmerica|seasonal,0.7166709401672441,1983
EPI_ISL_6435|Human|H1N1|1983|NorthAmerica|seasonal,0.7162355660560431,1983
EPI_ISL_6769|Human|H1N1|1983|NorthAmerica|seasonal,0.7163889088161667,1983
EPI_ISL_6872|Human|H1N1|1983|Oceania|seasonal,0.7162488863795182,1983
EPI_ISL_6973|Human|H1N1|1982|Europe|seasonal,0.7150651209154936,1982
EPI_ISL_6906|Human|H1N1|1984|Oceania|seasonal,0.7148893987911544,1984
EPI_ISL_7051|Human|H1N1|1984|NorthAmerica|seasonal,0.7150537004080976,1984
EPI_ISL_27596|Human|H1N1|1989.005|Europe|seasonal,0.7119623093680932,1989.005
EPI_ISL_173276|Human|H1N1|1991.551|Oceania|seasonal,0.7123559232384314,1991.551
EPI_ISL_10111|Human|H1N1|1996|Asia|seasonal,0.7132142308067686,1996
EPI_ISL_123174|Human|H1N1|1995|Asia|,0.7138934217674571,1995
EPI_ISL_27598|Human|H1N1|1995.964|Europe|seasonal,0.7144583098508098,1995.964
EPI_ISL_5371|Human|H1N1|1995.942|NorthAmerica|seasonal,0.7145600385272756,1995.942
EPI_ISL_6969|Human|H1N1|1996|NorthAmerica|seasonal,0.7136975917678814,1996
EPI_ISL_5619|Human|H1N1|1996.019|NorthAmerica|seasonal,0.7129560057894091,1996.019
EPI_ISL_6840|Human|H1N1|1996|NorthAmerica|seasonal,0.7135610372306169,1996
EPI_ISL_5320|Human|H1N1|1996.003|NorthAmerica|seasonal,0.7135201672446345,1996.003
EPI_ISL_6404|Human|H1N1|1995.953|NorthAmerica|seasonal,0.7132288265003489,1995.953
EPI_ISL_5317|Human|H1N1|1995.929|NorthAmerica|seasonal,0.7137551581466649,1995.929
EPI_ISL_5283|Human|H1N1|1995.874|NorthAmerica|seasonal,0.714471895776377,1995.874
EPI_ISL_5308|Human|H1N1|1995.907|NorthAmerica|seasonal,0.713756932835145,1995.907
EPI_ISL_6844|Human|H1N1|1996|NorthAmerica|seasonal,0.7133435391968721,1996
EPI_ISL_6879|Human|H1N1|1996|NorthAmerica|seasonal,0.7130877290847938,1996
EPI_ISL_6777|Human|H1N1|1996|NorthAmerica|seasonal,0.7138788826860042,1996
EPI_ISL_6841|Human|H1N1|1996|NorthAmerica|seasonal,0.7135022741786892,1996
EPI_ISL_5315|Human|H1N1|1995.948|NorthAmerica|seasonal,0.7133622654089387,1995.948
EPI_ISL_5276|Human|H1N1|1995.871|NorthAmerica|seasonal,0.7134705513444506,1995.871
EPI_ISL_6155|Human|H1N1|1995.332|NorthAmerica|seasonal,0.7136763392890831,1995.332
EPI_ISL_5319|Human|H1N1|1996.003|NorthAmerica|seasonal,0.7133613658140036,1996.003
EPI_ISL_5278|Human|H1N1|1995.934|NorthAmerica|seasonal,0.7143364294282214,1995.934
EPI_ISL_5370|Human|H1N1|1995.945|NorthAmerica|seasonal,0.7141666343247156,1995.945
EPI_ISL_5692|Human|H1N1|1995.962|NorthAmerica|seasonal,0.7134953191265075,1995.962
EPI_ISL_5318|Human|H1N1|1995.918|NorthAmerica|seasonal,0.7138156239216307,1995.918
EPI_ISL_5566|Human|H1N1|1995.986|NorthAmerica|seasonal,0.7134391650471961,1995.986
EPI_ISL_5565|Human|H1N1|1995.989|NorthAmerica|seasonal,0.7136782561631483,1995.989
EPI_ISL_5433|Human|H1N1|1996.104|NorthAmerica|seasonal,0.7135105197467103,1996.104
EPI_ISL_5567|Human|H1N1|1995.953|NorthAmerica|seasonal,0.713665770179405,1995.953
EPI_ISL_173283|Human|H1N1|1995|Oceania|seasonal,0.7138002889477979,1995
EPI_ISL_6776|Human|H1N1|1996|NorthAmerica|seasonal,0.712695652031814,1996
EPI_ISL_6775|Human|H1N1|1996|NorthAmerica|seasonal,0.712695652031814,1996
EPI_ISL_6839|Human|H1N1|1996|NorthAmerica|seasonal,0.7133158900234785,1996
EPI_ISL_5434|Human|H1N1|1995.923|NorthAmerica|seasonal,0.7129671318876472,1995.923
EPI_ISL_123175|Human|H1N1|1996|Asia|,0.7127294105440324,1996
EPI_ISL_6778|Human|H1N1|1996|NorthAmerica|seasonal,0.7136257156707214,1996
EPI_ISL_5281|Human|H1N1|1995.975|NorthAmerica|seasonal,0.7132562600417053,1995.975
EPI_ISL_279682|Human|H1N1|1995|Europe|,0.7127658152834246,1995
EPI_ISL_5282|Human|H1N1|1995.986|NorthAmerica|seasonal,0.7118536404253142,1995.986
EPI_ISL_5618|Human|H1N1|1995.942|NorthAmerica|seasonal,0.7120853778031997,1995.942
EPI_ISL_5279|Human|H1N1|1995.912|NorthAmerica|seasonal,0.7122769901362487,1995.912
EPI_ISL_5277|Human|H1N1|1995.951|NorthAmerica|seasonal,0.7121525466137788,1995.951
EPI_ISL_123178|Human|H1N1|1998|Europe|,0.7144709281041991,1998
EPI_ISL_123184|Human|H1N1|2000|SouthAmerica|,0.7141251233704993,2000
EPI_ISL_6428|Human|H1N1|2000|Oceania|seasonal,0.7138974145546145,2000
EPI_ISL_6375|Human|H1N1|2000|Oceania|seasonal,0.7140725319848805,2000
EPI_ISL_6374|Human|H1N1|2000|Oceania|seasonal,0.7140725319848805,2000
EPI_ISL_6511|Human|H1N1|2000|Oceania|seasonal,0.7135926150390541,2000
EPI_ISL_7054|Human|H1N1|2000|Oceania|seasonal,0.7138128168322218,2000
EPI_ISL_6426|Human|H1N1|2000|Oceania|seasonal,0.7135995981092949,2000
EPI_ISL_6753|Human|H1N1|2000|Oceania|seasonal,0.7138650157534032,2000
EPI_ISL_6456|Human|H1N1|2000|Oceania|seasonal,0.7136160671500437,2000
EPI_ISL_6509|Human|H1N1|2000|Oceania|seasonal,0.7139232020895742,2000
EPI_ISL_6367|Human|H1N1|2000|Oceania|seasonal,0.713942008665371,2000
EPI_ISL_5048|Human|H1N1|2000.279|NorthAmerica|seasonal,0.7136489352443716,2000.279
EPI_ISL_9213|Human|H1N1|2001.022|NorthAmerica|seasonal,0.7142837313735493,2001.022
EPI_ISL_6427|Human|H1N1|2000|Oceania|seasonal,0.7135200145590247,2000
EPI_ISL_6411|Human|H1N1|2000|Oceania|seasonal,0.7131792619915552,2000
EPI_ISL_503098|Human|H1N1|2000|SouthAmerica|,0.7134320384384372,2000
EPI_ISL_503060|Human|H1N1|2000|SouthAmerica|,0.713289376423013,2000
EPI_ISL_503064|Human|H1N1|2000|SouthAmerica|,0.7145609693323084,2000
EPI_ISL_503111|Human|H1N1|2000|SouthAmerica|,0.7132060070995807,2000
EPI_ISL_123172|Human|H1N1|1992|Oceania|,0.712417612656515,1992
EPI_ISL_5265|Human|H1N1|2001.022|Oceania|seasonal,0.7121253088979516,2001.022
EPI_ISL_5254|Human|H1N1|2001.584|Oceania|seasonal,0.7121088436536777,2001.584
EPI_ISL_5249|Human|H1N1|2001.518|Oceania|seasonal,0.7119800761120424,2001.518
EPI_ISL_5355|Human|H1N1|2001.353|Oceania|seasonal,0.7118489060795204,2001.353
EPI_ISL_8666|Human|H1N1|2001.058|NorthAmerica|seasonal,0.7121990048717908,2001.058
EPI_ISL_9028|Human|H1N1|2002.926|NorthAmerica|seasonal,0.7130115513606253,2002.926
EPI_ISL_106616|Human|H1N1|2003.937|Asia|,0.7117933079130302,2003.937
EPI_ISL_106600|Human|H1N1|2003.937|Asia|,0.7117933079130302,2003.937
EPI_ISL_106599|Human|H1N1|2003.811|Asia|,0.7117933079130302,2003.811
EPI_ISL_106598|Human|H1N1|2003.723|Asia|,0.7119128663181923,2003.723
EPI_ISL_106579|Human|H1N1|2003.696|Asia|,0.7119128663181923,2003.696
EPI_ISL_106578|Human|H1N1|2003.515|Asia|,0.7117933079130302,2003.515
EPI_ISL_106563|Human|H1N1|2003.068|Asia|,0.7117933079130302,2003.068
EPI_ISL_106562|Human|H1N1|2003.973|Asia|,0.7117933079130302,2003.973
EPI_ISL_106561|Human|H1N1|2003.964|Asia|,0.7119128663181923,2003.964
EPI_ISL_106519|Human|H1N1|2003.923|Asia|,0.7119128663181923,2003.923
EPI_ISL_106518|Human|H1N1|2003.819|Asia|,0.7117933079130302,2003.819
EPI_ISL_106501|Human|H1N1|2003.789|Asia|,0.7119128663181923,2003.789
EPI_ISL_106500|Human|H1N1|2003.773|Asia|,0.7117933079130302,2003.773
EPI_ISL_106499|Human|H1N1|2003.715|Asia|,0.7117933079130302,2003.715
EPI_ISL_106498|Human|H1N1|2003|Asia|,0.7117933079130302,2003
EPI_ISL_117100|Human|H1N1|2003|Asia|,0.7119128663181923,2003
EPI_ISL_117099|Human|H1N1|2003|Asia|,0.7117933079130302,2003
EPI_ISL_116067|Human|H1N1|2003|Asia|,0.7117933079130302,2003
EPI_ISL_106472|Human|H1N1|2001|Asia|,0.7112627053374804,2001
EPI_ISL_8646|Human|H1N1|2002.97|NorthAmerica|seasonal,0.7118140491717546,2002.97
EPI_ISL_8971|Human|H1N1|2003.153|NorthAmerica|seasonal,0.7128074931239173,2003.153
EPI_ISL_106471|Human|H1N1|2001|Asia|,0.7127468200209504,2001
EPI_ISL_124309|Human|H1N1|2000|Europe|,0.7124010867957585,2000
EPI_ISL_5408|Human|H1N1|2000.112|Oceania|seasonal,0.7120862356942494,2000.112
EPI_ISL_123183|Human|H1N1|2000|Asia|,0.7122201628252091,2000
EPI_ISL_6238|Human|H1N1|2000.68|Oceania|seasonal,0.7124958004057751,2000.68
EPI_ISL_5187|Human|H1N1|2000.587|Oceania|seasonal,0.7128130426113857,2000.587
EPI_ISL_7541|Human|H1N1|2000.828|Oceania|seasonal,0.7125706946582984,2000.828
EPI_ISL_5121|Human|H1N1|2000.623|Oceania|seasonal,0.7128675679252883,2000.623
EPI_ISL_5231|Human|H1N1|2000.68|Oceania|seasonal,0.7131816355750852,2000.68
EPI_ISL_5161|Human|H1N1|2000.669|Oceania|seasonal,0.7131492351934056,2000.669
EPI_ISL_5127|Human|H1N1|2000.639|Oceania|seasonal,0.7130653142703556,2000.639
EPI_ISL_5195|Human|H1N1|2000.642|Oceania|seasonal,0.7129441256703555,2000.642
EPI_ISL_5194|Human|H1N1|2000.68|Oceania|seasonal,0.7126676355014028,2000.68
EPI_ISL_5159|Human|H1N1|2000.653|Oceania|seasonal,0.7127277193442169,2000.653
EPI_ISL_5126|Human|H1N1|2000.626|Oceania|seasonal,0.7129470482419275,2000.626
EPI_ISL_5122|Human|H1N1|2000.62|Oceania|seasonal,0.712775679733893,2000.62
EPI_ISL_5230|Human|H1N1|2000.56|Oceania|seasonal,0.7126933330309224,2000.56
EPI_ISL_7102|Human|H1N1|2000.678|Oceania|seasonal,0.7125399594669891,2000.678
EPI_ISL_5188|Human|H1N1|2000.549|Oceania|seasonal,0.7128878890470365,2000.549
EPI_ISL_5125|Human|H1N1|2000.631|Oceania|seasonal,0.7128831067394276,2000.631
EPI_ISL_5191|Human|H1N1|2000.713|Oceania|seasonal,0.7128980588010698,2000.713
EPI_ISL_5233|Human|H1N1|2000.806|Oceania|seasonal,0.7129067054497353,2000.806
EPI_ISL_5340|Human|H1N1|2000.56|Oceania|seasonal,0.7130194294676631,2000.56
EPI_ISL_5160|Human|H1N1|2000.467|Oceania|seasonal,0.7126699968323155,2000.467
EPI_ISL_5124|Human|H1N1|2000.648|Oceania|seasonal,0.7130142220480459,2000.648
EPI_ISL_7540|Human|H1N1|2000.699|Oceania|seasonal,0.7126824726644777,2000.699
EPI_ISL_7757|Human|H1N1|2000.705|Oceania|seasonal,0.7124649200455988,2000.705
EPI_ISL_7145|Human|H1N1|2000.735|Oceania|seasonal,0.7126397403258475,2000.735
EPI_ISL_5339|Human|H1N1|2000.464|Oceania|seasonal,0.712633915609953,2000.464
EPI_ISL_6909|Human|H1N1|2000.563|Oceania|seasonal,0.7126856324649232,2000.563
EPI_ISL_5192|Human|H1N1|2000.721|Oceania|seasonal,0.7127105815221076,2000.721
EPI_ISL_5453|Human|H1N1|2000.779|Oceania|seasonal,0.712399722888636,2000.779
EPI_ISL_5588|Human|H1N1|2000.76|Oceania|seasonal,0.7123230193067482,2000.76
EPI_ISL_7278|Human|H1N1|2000.839|Oceania|seasonal,0.712294874471096,2000.839
EPI_ISL_7103|Human|H1N1|2000.855|Oceania|seasonal,0.7124024327736226,2000.855
EPI_ISL_5196|Human|H1N1|2000.68|Oceania|seasonal,0.7128956458627852,2000.68
EPI_ISL_5193|Human|H1N1|2000.735|Oceania|seasonal,0.7123984209892901,2000.735
EPI_ISL_5190|Human|H1N1|2000.658|Oceania|seasonal,0.7128707071292527,2000.658
EPI_ISL_5123|Human|H1N1|2000.639|Oceania|seasonal,0.7125072479860459,2000.639
EPI_ISL_5120|Human|H1N1|2000.658|Oceania|seasonal,0.7128707071292527,2000.658
EPI_ISL_5232|Human|H1N1|2000.658|Oceania|seasonal,0.7125120162567782,2000.658
EPI_ISL_5432|Human|H1N1|2000.568|Oceania|seasonal,0.7126428703504435,2000.568
EPI_ISL_5338|Human|H1N1|2000.464|Oceania|seasonal,0.712636844343264,2000.464
EPI_ISL_5495|Human|H1N1|2000|Oceania|seasonal,0.7127317091206751,2000
EPI_ISL_6405|Human|H1N1|2000.743|Oceania|seasonal,0.7128548396318466,2000.743
EPI_ISL_7039|Human|H1N1|2000.508|Oceania|seasonal,0.7123185393463063,2000.508
EPI_ISL_7142|Human|H1N1|2000.719|Oceania|seasonal,0.7126927447575812,2000.719
EPI_ISL_7100|Human|H1N1|2000.661|Oceania|seasonal,0.7124183905486009,2000.661
EPI_ISL_5228|Human|H1N1|2000.664|Oceania|seasonal,0.7128295528635936,2000.664
EPI_ISL_5263|Human|H1N1|2000.544|Oceania|seasonal,0.7129418472573482,2000.544
EPI_ISL_5197|Human|H1N1|2000.675|Oceania|seasonal,0.71304859017027,2000.675
EPI_ISL_5534|Human|H1N1|2000.675|Oceania|seasonal,0.7127868334245769,2000.675
EPI_ISL_5209|Human|H1N1|2000.541|Oceania|seasonal,0.7128818578042379,2000.541
EPI_ISL_7143|Human|H1N1|2000.716|Oceania|seasonal,0.71221974849234,2000.716
EPI_ISL_5189|Human|H1N1|2000.623|Oceania|seasonal,0.7132642143121729,2000.623
EPI_ISL_7277|Human|H1N1|2000.751|Oceania|seasonal,0.7121945254766198,2000.751
EPI_ISL_5533|Human|H1N1|2000.642|Oceania|seasonal,0.7127280893369523,2000.642
EPI_ISL_5587|Human|H1N1|2000.683|Oceania|seasonal,0.7131268377051226,2000.683
EPI_ISL_15607|Human|H1N1|2001|Europe|seasonal,0.7127970386608758,2001
EPI_ISL_6881|Human|H1N1|2001.463|Oceania|seasonal,0.7125408965722435,2001.463
EPI_ISL_30215|Human|H1N1|1999.997|Asia|seasonal,0.7136970008012797,1999.997
EPI_ISL_503095|Human|H1N1|2000|SouthAmerica|,0.7133815773498838,2000
EPI_ISL_503082|Human|H1N1|2000|SouthAmerica|,0.7135566552769059,2000
EPI_ISL_6880|Human|H1N1|2001|NorthAmerica|seasonal,0.7124652394401895,2001
EPI_ISL_7047|Human|H1N1|2000|NorthAmerica|seasonal,0.7136936140101071,2000
EPI_ISL_5128|Human|H1N1|2001.019|NorthAmerica|seasonal,0.7131617922743746,2001.019
EPI_ISL_8268|Human|H1N1|2001.019|NorthAmerica|seasonal,0.7130766645390085,2001.019
EPI_ISL_8608|Human|H1N1|2001.019|NorthAmerica|seasonal,0.712817481894386,2001.019
EPI_ISL_6364|Human|H1N1|1999|Oceania|seasonal,0.7131484383096252,1999
EPI_ISL_22626|Human|H1N1|1999|Oceania|seasonal,0.7132082839611485,1999
EPI_ISL_147184|Human|H1N1|1999|Oceania|,0.7132609175010168,1999
EPI_ISL_6424|Human|H1N1|1999|Oceania|seasonal,0.7131918589930465,1999
EPI_ISL_123154|Human|H1N1|1999|Asia|,0.7119298967765727,1999
EPI_ISL_120422|Human|H1N1|1998.071|Asia|,0.7098671546531223,1998.071
EPI_ISL_123179|Human|H1N1|1998|Europe|,0.712113539887642,1998
EPI_ISL_120421|Human|H1N1|1997.997|Asia|,0.7125062037661115,1997.997
EPI_ISL_120416|Human|H1N1|1997.041|Asia|,0.7123750653248079,1997.041
EPI_ISL_120415|Human|H1N1|1997.041|Asia|,0.7119122399237104,1997.041
EPI_ISL_123176|Human|H1N1|1997|Africa|,0.7110057517590155,1997
EPI_ISL_22625|Human|H1N1|1995|Asia|seasonal,0.7128487227798739,1995
EPI_ISL_6241|Human|H1N1|1996|Asia|seasonal,0.7124108868774068,1996
EPI_ISL_5690|Human|H1N1|1996|Asia|seasonal,0.7120080808882123,1996
EPI_ISL_5689|Human|H1N1|1996|Asia|seasonal,0.7120555537281302,1996
EPI_ISL_5685|Human|H1N1|1996|Asia|seasonal,0.7120555537281302,1996
EPI_ISL_6244|Human|H1N1|1996|Asia|seasonal,0.7120555537281302,1996
EPI_ISL_6243|Human|H1N1|1996|Asia|seasonal,0.7120555537281302,1996
EPI_ISL_6220|Human|H1N1|1996|Asia|seasonal,0.7121614773399021,1996
EPI_ISL_6409|Human|H1N1|1996|Asia|seasonal,0.7120555537281302,1996
EPI_ISL_5688|Human|H1N1|1996|Asia|seasonal,0.7121538853623626,1996
EPI_ISL_6410|Human|H1N1|1996|Asia|seasonal,0.7122057054355564,1996
EPI_ISL_5686|Human|H1N1|1996|Asia|seasonal,0.7121736534385955,1996
EPI_ISL_5687|Human|H1N1|1996|Asia|seasonal,0.7121582225850039,1996
EPI_ISL_6242|Human|H1N1|1996|Asia|seasonal,0.7121611508194564,1996
EPI_ISL_123177|Human|H1N1|1997|Asia|,0.7116890797052996,1997
EPI_ISL_120420|Human|H1N1|1997.86|Asia|,0.7130861190100035,1997.86
EPI_ISL_120419|Human|H1N1|1997.822|Asia|,0.7125746613309261,1997.822
EPI_ISL_120418|Human|H1N1|1997.923|Asia|,0.7131334203445512,1997.923
EPI_ISL_5264|Human|H1N1|2000.68|Oceania|seasonal,0.7117534441377237,2000.68
EPI_ISL_5229|Human|H1N1|2000.617|Oceania|seasonal,0.7118709656156472,2000.617
EPI_ISL_6354|Human|H1N1|2000|Oceania|seasonal,0.7113183020846752,2000
EPI_ISL_8181|Human|H1N1|2001.019|NorthAmerica|seasonal,0.7132985614349824,2001.019
EPI_ISL_8265|Human|H1N1|2000.962|NorthAmerica|seasonal,0.7129473281684094,2000.962
EPI_ISL_8991|Human|H1N1|2001.038|NorthAmerica|seasonal,0.7122968636133744,2001.038
EPI_ISL_8647|Human|H1N1|2001.077|NorthAmerica|seasonal,0.7130154780591972,2001.077
EPI_ISL_8656|Human|H1N1|2001.101|NorthAmerica|seasonal,0.7126895759610535,2001.101
EPI_ISL_8998|Human|H1N1|2001.063|NorthAmerica|seasonal,0.7122773072687066,2001.063
EPI_ISL_8657|Human|H1N1|2001.09|NorthAmerica|seasonal,0.7132002357881337,2001.09
EPI_ISL_8644|Human|H1N1|2001.06|NorthAmerica|seasonal,0.7133227992463173,2001.06
EPI_ISL_6845|Human|H1N1|2001|NorthAmerica|seasonal,0.7122117255403779,2001
EPI_ISL_8261|Human|H1N1|2001.156|NorthAmerica|seasonal,0.7123790624810636,2001.156
EPI_ISL_5256|Human|H1N1|2001.592|Oceania|seasonal,0.7122140494244182,2001.592
EPI_ISL_5199|Human|H1N1|2001.425|Oceania|seasonal,0.7124355102442547,2001.425
EPI_ISL_8235|Human|H1N1|2001.077|NorthAmerica|seasonal,0.7131779221695748,2001.077
EPI_ISL_8649|Human|H1N1|2001.074|NorthAmerica|seasonal,0.7121361164688647,2001.074
EPI_ISL_8648|Human|H1N1|2001.066|NorthAmerica|seasonal,0.7125995502644106,2001.066
EPI_ISL_9053|Human|H1N1|2001.058|NorthAmerica|seasonal,0.7124876022760396,2001.058
EPI_ISL_5321|Human|H1N1|2001.06|NorthAmerica|seasonal,0.7128976355879265,2001.06
EPI_ISL_6245|Human|H1N1|2000|Oceania|seasonal,0.7128461615955649,2000
EPI_ISL_2771|Human|H1N1|2000|Europe|seasonal,0.7127081115901511,2000
EPI_ISL_8264|Human|H1N1|2000.964|NorthAmerica|seasonal,0.7122838342148649,2000.964
EPI_ISL_8609|Human|H1N1|2001.06|NorthAmerica|seasonal,0.7128103069409247,2001.06
EPI_ISL_9041|Human|H1N1|2001.066|NorthAmerica|seasonal,0.7128055158614707,2001.066
EPI_ISL_5311|Human|H1N1|2001.466|Oceania|seasonal,0.7131162184573767,2001.466
EPI_ISL_5272|Human|H1N1|2001.54|Oceania|seasonal,0.7129862489960672,2001.54
EPI_ISL_5234|Human|H1N1|2001.479|Oceania|seasonal,0.7135509056326591,2001.479
EPI_ISL_5273|Human|H1N1|2001.54|Oceania|seasonal,0.713518250758203,2001.54
EPI_ISL_5260|Human|H1N1|2001.622|Oceania|seasonal,0.7134088319062873,2001.622
EPI_ISL_5246|Human|H1N1|2001.523|Oceania|seasonal,0.7136773276385205,2001.523
EPI_ISL_5238|Human|H1N1|2001.499|Oceania|seasonal,0.7134412104845907,2001.499
EPI_ISL_5235|Human|H1N1|2001.479|Oceania|seasonal,0.7134688597723599,2001.479
EPI_ISL_5213|Human|H1N1|2001.537|Oceania|seasonal,0.7124272599973183,2001.537
EPI_ISL_6783|Human|H1N1|2001.419|Oceania|seasonal,0.7135164300090967,2001.419
EPI_ISL_7149|Human|H1N1|2001.556|Oceania|seasonal,0.713302708370201,2001.556
EPI_ISL_5253|Human|H1N1|2001.542|Oceania|seasonal,0.7131960202598854,2001.542
EPI_ISL_6338|Human|H1N1|2001.43|Oceania|seasonal,0.7131825332311895,2001.43
EPI_ISL_5274|Human|H1N1|2001.542|Oceania|seasonal,0.7134104579967309,2001.542
EPI_ISL_5269|Human|H1N1|2001.545|Oceania|seasonal,0.7134000038055106,2001.545
EPI_ISL_5248|Human|H1N1|2001.523|Oceania|seasonal,0.7136396843725998,2001.523
EPI_ISL_5350|Human|H1N1|2001.622|Oceania|seasonal,0.7127602866207362,2001.622
EPI_ISL_5252|Human|H1N1|2001.537|Oceania|seasonal,0.7131084102906484,2001.537
EPI_ISL_5257|Human|H1N1|2001.605|Oceania|seasonal,0.7130792917034815,2001.605
EPI_ISL_5362|Human|H1N1|2001.427|Oceania|seasonal,0.7127661102567344,2001.427
EPI_ISL_5285|Human|H1N1|2001.523|Oceania|seasonal,0.7125659146602982,2001.523
EPI_ISL_5268|Human|H1N1|2001.537|Oceania|seasonal,0.7125727653008024,2001.537
EPI_ISL_5255|Human|H1N1|2001.592|Oceania|seasonal,0.7125473813728501,2001.592
EPI_ISL_5250|Human|H1N1|2001.529|Oceania|seasonal,0.7129808333564386,2001.529
EPI_ISL_5244|Human|H1N1|2001.512|Oceania|seasonal,0.7128049354117364,2001.512
EPI_ISL_5243|Human|H1N1|2001.521|Oceania|seasonal,0.7131546777839256,2001.521
EPI_ISL_5239|Human|H1N1|2001.499|Oceania|seasonal,0.7126915064932078,2001.499
EPI_ISL_5236|Human|H1N1|2001.499|Oceania|seasonal,0.7128117614697984,2001.499
EPI_ISL_5212|Human|H1N1|2001.504|Oceania|seasonal,0.7126596450549799,2001.504
EPI_ISL_5202|Human|H1N1|2001.521|Oceania|seasonal,0.7125717279884867,2001.521
EPI_ISL_5410|Human|H1N1|2001.293|Oceania|seasonal,0.7130654564258962,2001.293
EPI_ISL_5358|Human|H1N1|2001.405|Oceania|seasonal,0.7128308348096859,2001.405
EPI_ISL_5357|Human|H1N1|2001.389|Oceania|seasonal,0.7129004978159686,2001.389
EPI_ISL_5356|Human|H1N1|2001.375|Oceania|seasonal,0.7127169513846888,2001.375
EPI_ISL_5348|Human|H1N1|2001.499|Oceania|seasonal,0.7132722671928634,2001.499
EPI_ISL_5496|Human|H1N1|2001.488|Oceania|seasonal,0.7130785449224851,2001.488
EPI_ISL_6899|Human|H1N1|2001.679|Oceania|seasonal,0.712683433513517,2001.679
EPI_ISL_6882|Human|H1N1|2001.54|Oceania|seasonal,0.7130640835875783,2001.54
EPI_ISL_5363|Human|H1N1|2001.46|Oceania|seasonal,0.7130037404603572,2001.46
EPI_ISL_5200|Human|H1N1|2001.471|Oceania|seasonal,0.7131606067745004,2001.471
EPI_ISL_5361|Human|H1N1|2001.425|Oceania|seasonal,0.7130461742545583,2001.425
EPI_ISL_5237|Human|H1N1|2001.488|Oceania|seasonal,0.712822327858178,2001.488
EPI_ISL_5365|Human|H1N1|2001.43|Oceania|seasonal,0.7127916353491823,2001.43
EPI_ISL_5214|Human|H1N1|2001.616|Oceania|seasonal,0.7130655468462516,2001.616
EPI_ISL_5313|Human|H1N1|2001.521|Oceania|seasonal,0.7132681205558077,2001.521
EPI_ISL_5366|Human|H1N1|2001.575|Oceania|seasonal,0.7129826756647221,2001.575
EPI_ISL_5360|Human|H1N1|2001.414|Oceania|seasonal,0.7129203262909276,2001.414
EPI_ISL_5247|Human|H1N1|2001.523|Oceania|seasonal,0.7131154478490258,2001.523
EPI_ISL_5387|Human|H1N1|2001.49|Oceania|seasonal,0.713076961975115,2001.49
EPI_ISL_5242|Human|H1N1|2001.504|Oceania|seasonal,0.7130161059588134,2001.504
EPI_ISL_5364|Human|H1N1|2001.433|Oceania|seasonal,0.7130122584888371,2001.433
EPI_ISL_6898|Human|H1N1|2001.638|Oceania|seasonal,0.7124871851608668,2001.638
EPI_ISL_6851|Human|H1N1|2001.501|Oceania|seasonal,0.7126046242197424,2001.501
EPI_ISL_5385|Human|H1N1|2001.468|Oceania|seasonal,0.7127894068919841,2001.468
EPI_ISL_30207|Human|H1N1|2002.074|Asia|seasonal,0.7126326267766634,2002.074
EPI_ISL_30216|Human|H1N1|2002.005|Asia|seasonal,0.7133672772923291,2002.005
EPI_ISL_30217|Human|H1N1|2002.011|Asia|seasonal,0.7129015717145408,2002.011
EPI_ISL_87723|Human|H1N1|2002|Asia|,0.7129676375215729,2002
EPI_ISL_5411|Human|H1N1|2001.556|Oceania|seasonal,0.7133603605731349,2001.556
EPI_ISL_5266|Human|H1N1|2001.501|Oceania|seasonal,0.7131200954840651,2001.501
EPI_ISL_5259|Human|H1N1|2001.616|Oceania|seasonal,0.71302274205028,2001.616
EPI_ISL_7148|Human|H1N1|2001.507|Oceania|seasonal,0.7129248911806955,2001.507
EPI_ISL_5349|Human|H1N1|2001.54|Oceania|seasonal,0.7127963116219018,2001.54
EPI_ISL_123185|Human|H1N1|2001|SouthAmerica|,0.7126338208121483,2001
EPI_ISL_5359|Human|H1N1|2001.405|Oceania|seasonal,0.7129176774927745,2001.405
EPI_ISL_5271|Human|H1N1|2001.54|Oceania|seasonal,0.7127324235187615,2001.54
EPI_ISL_5267|Human|H1N1|2001.504|Oceania|seasonal,0.7131748126775108,2001.504
EPI_ISL_5201|Human|H1N1|2001.479|Oceania|seasonal,0.712780510170485,2001.479
EPI_ISL_123187|Human|H1N1|2001|Oceania|,0.7129837920940576,2001
EPI_ISL_5258|Human|H1N1|2001.567|Oceania|seasonal,0.7132089389309075,2001.567
EPI_ISL_5251|Human|H1N1|2001.548|Oceania|seasonal,0.7134469550813846,2001.548
EPI_ISL_5270|Human|H1N1|2001.542|Oceania|seasonal,0.7135732298419741,2001.542
EPI_ISL_5275|Human|H1N1|2001.57|Oceania|seasonal,0.7136063050169752,2001.57
EPI_ISL_5245|Human|H1N1|2001.518|Oceania|seasonal,0.7128280542143826,2001.518
EPI_ISL_5241|Human|H1N1|2001.507|Oceania|seasonal,0.7132662655763098,2001.507
EPI_ISL_5240|Human|H1N1|2001.507|Oceania|seasonal,0.7132633313380756,2001.507
EPI_ISL_5211|Human|H1N1|2001.545|Oceania|seasonal,0.7129687438036294,2001.545
EPI_ISL_5312|Human|H1N1|2001.488|Oceania|seasonal,0.7130670629885508,2001.488
EPI_ISL_8593|Human|H1N1|2001.115|NorthAmerica|seasonal,0.713457533450237,2001.115
EPI_ISL_8610|Human|H1N1|2001.049|NorthAmerica|seasonal,0.7124882346124608,2001.049
EPI_ISL_8990|Human|H1N1|2001.063|NorthAmerica|seasonal,0.7127655338670206,2001.063
EPI_ISL_8611|Human|H1N1|2001.058|NorthAmerica|seasonal,0.7128074251512155,2001.058
EPI_ISL_8711|Human|H1N1|2001.068|NorthAmerica|seasonal,0.7127999180416292,2001.068
EPI_ISL_8968|Human|H1N1|2001.159|NorthAmerica|seasonal,0.7126198757628376,2001.159
EPI_ISL_8667|Human|H1N1|2001.14|NorthAmerica|seasonal,0.7130078891079569,2001.14
EPI_ISL_8255|Human|H1N1|2001.14|NorthAmerica|seasonal,0.7123947691135526,2001.14
EPI_ISL_123188|Human|H1N1|2002|Europe|,0.7133178875277986,2002
EPI_ISL_123182|Human|H1N1|2000|SouthAmerica|,0.7126036728060245,2000
EPI_ISL_6866|Human|H1N1|2001|NorthAmerica|seasonal,0.7120899866649307,2001
EPI_ISL_8271|Human|H1N1|2001.03|NorthAmerica|seasonal,0.7121648904323304,2001.03
EPI_ISL_8234|Human|H1N1|2001.025|NorthAmerica|seasonal,0.7113458886509445,2001.025
EPI_ISL_8665|Human|H1N1|2001.025|NorthAmerica|seasonal,0.7113665256308671,2001.025
EPI_ISL_123181|Human|H1N1|2000|Asia|,0.7126791158500831,2000
EPI_ISL_6867|Human|H1N1|2001|NorthAmerica|seasonal,0.7122041372876473,2001
EPI_ISL_7101|Human|H1N1|2000.68|Oceania|seasonal,0.7124705236851839,2000.68
EPI_ISL_503094|Human|H1N1|2000|SouthAmerica|,0.7123611338604261,2000
EPI_ISL_503065|Human|H1N1|2000|SouthAmerica|,0.7122982442000708,2000
EPI_ISL_123190|Human|H1N1|2002|Asia|,0.7110646804727587,2002
EPI_ISL_9058|Human|H1N1|2003.06|NorthAmerica|seasonal,0.7114645943695606,2003.06
EPI_ISL_8272|Human|H1N1|2003.159|NorthAmerica|seasonal,0.7127838413729221,2003.159
EPI_ISL_8654|Human|H1N1|2003.173|NorthAmerica|seasonal,0.7127838413729221,2003.173
EPI_ISL_5099|Human|H1N1|2003.052|NorthAmerica|seasonal,0.7122576887226814,2003.052
EPI_ISL_8250|Human|H1N1|2002.984|NorthAmerica|seasonal,0.7125965069632927,2002.984
EPI_ISL_9259|Human|H1N1|2003.036|NorthAmerica|seasonal,0.7121810067069032,2003.036
EPI_ISL_8270|Human|H1N1|2003.038|NorthAmerica|seasonal,0.711986312866525,2003.038
EPI_ISL_8693|Human|H1N1|2003.055|NorthAmerica|seasonal,0.7118658617020026,2003.055
EPI_ISL_8594|Human|H1N1|2003.058|NorthAmerica|seasonal,0.7128922638116245,2003.058
EPI_ISL_8655|Human|H1N1|2003.074|NorthAmerica|seasonal,0.7126900050597861,2003.074
EPI_ISL_123191|Human|H1N1|2003|Oceania|,0.7126928277309249,2003
EPI_ISL_8251|Human|H1N1|2003.227|NorthAmerica|seasonal,0.7129092640183647,2003.227
EPI_ISL_6846|Human|H1N1|2003|NorthAmerica|seasonal,0.712760264791347,2003
EPI_ISL_8262|Human|H1N1|2003.071|NorthAmerica|seasonal,0.7123025532452204,2003.071
EPI_ISL_9027|Human|H1N1|2003.115|NorthAmerica|seasonal,0.7122836822290285,2003.115
EPI_ISL_8606|Human|H1N1|2003.216|NorthAmerica|seasonal,0.7114937207650268,2003.216
EPI_ISL_8645|Human|H1N1|2003.036|NorthAmerica|seasonal,0.7118879280935471,2003.036
EPI_ISL_8695|Human|H1N1|2003.151|NorthAmerica|seasonal,0.7131781290081419,2003.151
EPI_ISL_67226|Human|H1N1|2003|NorthAmerica|seasonal,0.712390253717438,2003
EPI_ISL_6370|Human|H1N1|2005|Oceania|seasonal,0.712023465009086,2005
EPI_ISL_6868|Human|H1N1|2005.603|Oceania|seasonal,0.7117139950137282,2005.603
EPI_ISL_5658|Human|H1N1|2005.715|Oceania|seasonal,0.7114237643047794,2005.715
EPI_ISL_5657|Human|H1N1|2005.718|Oceania|seasonal,0.712532163836429,2005.718
EPI_ISL_5654|Human|H1N1|2005.699|Oceania|seasonal,0.7120644526131041,2005.699
EPI_ISL_5653|Human|H1N1|2005.679|Oceania|seasonal,0.7126992112918433,2005.679
EPI_ISL_5709|Human|H1N1|2005.685|Oceania|seasonal,0.7120424274328339,2005.685
EPI_ISL_7055|Human|H1N1|2005|Oceania|seasonal,0.7116570880925759,2005
EPI_ISL_5655|Human|H1N1|2005.682|Oceania|seasonal,0.7114299297397166,2005.682
EPI_ISL_6161|Human|H1N1|2005.759|Oceania|seasonal,0.7118434009135874,2005.759
EPI_ISL_6368|Human|H1N1|2005|Oceania|seasonal,0.712038374491929,2005
EPI_ISL_7154|Human|H1N1|2005.496|Oceania|seasonal,0.7119327873270838,2005.496
EPI_ISL_6455|Human|H1N1|2006.271|NorthAmerica|seasonal,0.711106246026757,2006.271
EPI_ISL_6369|Human|H1N1|2005|Oceania|seasonal,0.712089614893849,2005
EPI_ISL_7578|Human|H1N1|2007.142|NorthAmerica|seasonal,0.7119245443814741,2007.142
EPI_ISL_7788|Human|H1N1|2007.118|NorthAmerica|seasonal,0.7114420747838737,2007.118
EPI_ISL_7574|Human|H1N1|2007.137|NorthAmerica|seasonal,0.7115131559909376,2007.137
EPI_ISL_7802|Human|H1N1|2007.06|NorthAmerica|seasonal,0.7120844740624586,2007.06
EPI_ISL_7562|Human|H1N1|2007.06|NorthAmerica|seasonal,0.7114358213604143,2007.06
EPI_ISL_7593|Human|H1N1|2007.077|NorthAmerica|seasonal,0.7114251825817105,2007.077
EPI_ISL_7761|Human|H1N1|2007.123|NorthAmerica|seasonal,0.711869652057402,2007.123
EPI_ISL_7903|Human|H1N1|2007.134|NorthAmerica|seasonal,0.7112610730656429,2007.134
EPI_ISL_7945|Human|H1N1|2007.082|NorthAmerica|seasonal,0.7115524791228495,2007.082
EPI_ISL_7771|Human|H1N1|2007.123|NorthAmerica|seasonal,0.7109874320276117,2007.123
EPI_ISL_7764|Human|H1N1|2007.099|NorthAmerica|seasonal,0.7111360033684867,2007.099
EPI_ISL_7648|Human|H1N1|2007.099|NorthAmerica|seasonal,0.7111874801359923,2007.099
EPI_ISL_8044|Human|H1N1|2007.153|NorthAmerica|seasonal,0.7108950229271597,2007.153
EPI_ISL_84454|Human|H1N1|2007.115|Europe|,0.7104765150473926,2007.115
EPI_ISL_7804|Human|H1N1|2007.121|NorthAmerica|seasonal,0.7106745174395958,2007.121
EPI_ISL_7907|Human|H1N1|2007.178|NorthAmerica|seasonal,0.7103894120554253,2007.178
EPI_ISL_7891|Human|H1N1|2007.173|NorthAmerica|seasonal,0.7107418669644058,2007.173
EPI_ISL_8005|Human|H1N1|2007.096|NorthAmerica|seasonal,0.7104990006398009,2007.096
EPI_ISL_7591|Human|H1N1|2007.047|NorthAmerica|seasonal,0.7102566527780695,2007.047
EPI_ISL_7889|Human|H1N1|2007.184|NorthAmerica|seasonal,0.7104845569049434,2007.184
EPI_ISL_7880|Human|H1N1|2007.099|NorthAmerica|seasonal,0.7104579449947614,2007.099
EPI_ISL_7921|Human|H1N1|2007.145|NorthAmerica|seasonal,0.7106743003051275,2007.145
EPI_ISL_7958|Human|H1N1|2007.079|NorthAmerica|seasonal,0.7110492239087481,2007.079
EPI_ISL_7557|Human|H1N1|2006.989|NorthAmerica|seasonal,0.710518847009669,2006.989
EPI_ISL_7893|Human|H1N1|2007.077|NorthAmerica|seasonal,0.7102561546293717,2007.077
EPI_ISL_7766|Human|H1N1|2007.178|NorthAmerica|seasonal,0.7108553864130849,2007.178
EPI_ISL_7612|Human|H1N1|2007.181|NorthAmerica|seasonal,0.7108585578240951,2007.181
EPI_ISL_7860|Human|H1N1|2007.096|NorthAmerica|seasonal,0.7107464385681553,2007.096
EPI_ISL_8006|Human|H1N1|2007.099|NorthAmerica|seasonal,0.7107464385681553,2007.099
EPI_ISL_7947|Human|H1N1|2007.156|NorthAmerica|seasonal,0.7105662870202578,2007.156
EPI_ISL_7909|Human|H1N1|2007.153|NorthAmerica|seasonal,0.7108574819281337,2007.153
EPI_ISL_7646|Human|H1N1|2007.178|NorthAmerica|seasonal,0.7105775161812969,2007.178
EPI_ISL_7968|Human|H1N1|2007.079|NorthAmerica|seasonal,0.7105257063474592,2007.079
EPI_ISL_8084|Human|H1N1|2007.137|NorthAmerica|seasonal,0.7106025398910423,2007.137
EPI_ISL_7782|Human|H1N1|2007.107|NorthAmerica|seasonal,0.7106199936577454,2007.107
EPI_ISL_7576|Human|H1N1|2007.153|NorthAmerica|seasonal,0.7107695955390562,2007.153
EPI_ISL_7565|Human|H1N1|2007.142|NorthAmerica|seasonal,0.7108593015984156,2007.142
EPI_ISL_7915|Human|H1N1|2007.118|NorthAmerica|seasonal,0.711076865700463,2007.118
EPI_ISL_7818|Human|H1N1|2007.118|NorthAmerica|seasonal,0.7093560693557542,2007.118
EPI_ISL_7897|Human|H1N1|2007.079|NorthAmerica|seasonal,0.7100037692323784,2007.079
EPI_ISL_7859|Human|H1N1|2007.077|NorthAmerica|seasonal,0.7099629032679089,2007.077
EPI_ISL_7996|Human|H1N1|2007.077|NorthAmerica|seasonal,0.7097697887853475,2007.077
EPI_ISL_7965|Human|H1N1|2007.066|NorthAmerica|seasonal,0.7101261678249227,2007.066
EPI_ISL_7917|Human|H1N1|2007.077|NorthAmerica|seasonal,0.7101724809755794,2007.077
EPI_ISL_8039|Human|H1N1|2007.104|NorthAmerica|seasonal,0.7102187971466966,2007.104
EPI_ISL_7950|Human|H1N1|2007.082|NorthAmerica|seasonal,0.7099356345273998,2007.082
EPI_ISL_7912|Human|H1N1|2007.085|NorthAmerica|seasonal,0.7099370585920318,2007.085
EPI_ISL_7923|Human|H1N1|2007.079|NorthAmerica|seasonal,0.7101705727825884,2007.079
EPI_ISL_7874|Human|H1N1|2007.085|NorthAmerica|seasonal,0.7101625305417135,2007.085
EPI_ISL_7603|Human|H1N1|2007.153|NorthAmerica|seasonal,0.7099719929192576,2007.153
EPI_ISL_8037|Human|H1N1|2007.145|NorthAmerica|seasonal,0.7105766199287734,2007.145
EPI_ISL_7602|Human|H1N1|2007.175|NorthAmerica|seasonal,0.7103027362351809,2007.175
EPI_ISL_7765|Human|H1N1|2007.03|NorthAmerica|seasonal,0.7100251703304952,2007.03
EPI_ISL_30819|Human|H1N1|2007.153|NorthAmerica|seasonal,0.7095697196522974,2007.153
EPI_ISL_7584|Human|H1N1|2007.134|NorthAmerica|seasonal,0.7097722136542357,2007.134
EPI_ISL_7837|Human|H1N1|2007.162|NorthAmerica|seasonal,0.7102982797134728,2007.162
EPI_ISL_7892|Human|H1N1|2007.079|NorthAmerica|seasonal,0.7104076244126216,2007.079
EPI_ISL_7980|Human|H1N1|2007.121|NorthAmerica|seasonal,0.7102587312391466,2007.121
EPI_ISL_7951|Human|H1N1|2007.178|NorthAmerica|seasonal,0.7104638823964479,2007.178
EPI_ISL_7851|Human|H1N1|2007.118|NorthAmerica|seasonal,0.7100911264031624,2007.118
EPI_ISL_7845|Human|H1N1|2007.077|NorthAmerica|seasonal,0.7104483338187485,2007.077
EPI_ISL_7881|Human|H1N1|2006.962|NorthAmerica|seasonal,0.7101910550564883,2006.962
EPI_ISL_7960|Human|H1N1|2007.134|NorthAmerica|seasonal,0.7112315186227349,2007.134
EPI_ISL_7916|Human|H1N1|2007.115|NorthAmerica|seasonal,0.7114801210367154,2007.115
EPI_ISL_7760|Human|H1N1|2007.104|NorthAmerica|seasonal,0.7117601430955339,2007.104
EPI_ISL_7814|Human|H1N1|2007.14|NorthAmerica|seasonal,0.7120633862211587,2007.14
EPI_ISL_7946|Human|H1N1|2007.068|NorthAmerica|seasonal,0.7115860906354469,2007.068
EPI_ISL_7908|Human|H1N1|2007.077|NorthAmerica|seasonal,0.71148579461139,2007.077
EPI_ISL_7906|Human|H1N1|2007.115|NorthAmerica|seasonal,0.711029764530864,2007.115
EPI_ISL_19103|Human|H1N1|2007.079|NorthAmerica|seasonal,0.7114175363857403,2007.079
EPI_ISL_7944|Human|H1N1|2007.181|NorthAmerica|seasonal,0.7111000817903643,2007.181
EPI_ISL_7823|Human|H1N1|2007.041|NorthAmerica|seasonal,0.7114182014609833,2007.041
EPI_ISL_8031|Human|H1N1|2007.099|NorthAmerica|seasonal,0.711261488000211,2007.099
EPI_ISL_7869|Human|H1N1|2007.088|NorthAmerica|seasonal,0.7108747201995792,2007.088
EPI_ISL_7847|Human|H1N1|2007.079|NorthAmerica|seasonal,0.7106140999064026,2007.079
EPI_ISL_7846|Human|H1N1|2007.082|NorthAmerica|seasonal,0.7108747201995792,2007.082
EPI_ISL_7993|Human|H1N1|2007.145|NorthAmerica|seasonal,0.7108173133704673,2007.145
EPI_ISL_8008|Human|H1N1|2007.118|NorthAmerica|seasonal,0.710560056630511,2007.118
EPI_ISL_8001|Human|H1N1|2007.066|NorthAmerica|seasonal,0.711202004433704,2007.066
EPI_ISL_7977|Human|H1N1|2007.118|NorthAmerica|seasonal,0.7110583465988384,2007.118
EPI_ISL_19102|Human|H1N1|2007.077|NorthAmerica|seasonal,0.7114068983196111,2007.077
EPI_ISL_8023|Human|H1N1|2007.041|NorthAmerica|seasonal,0.7109430428709402,2007.041
EPI_ISL_7964|Human|H1N1|2007.041|NorthAmerica|seasonal,0.7109430428709402,2007.041
EPI_ISL_7986|Human|H1N1|2007.153|NorthAmerica|seasonal,0.7112511507453861,2007.153
EPI_ISL_7613|Human|H1N1|2007.115|NorthAmerica|seasonal,0.7109692688938168,2007.115
EPI_ISL_7594|Human|H1N1|2007.159|NorthAmerica|seasonal,0.7112728531978093,2007.159
EPI_ISL_7649|Human|H1N1|2007.085|NorthAmerica|seasonal,0.711535336872258,2007.085
EPI_ISL_7767|Human|H1N1|2007.173|NorthAmerica|seasonal,0.7110236182257881,2007.173
EPI_ISL_7961|Human|H1N1|2007.107|NorthAmerica|seasonal,0.7112470956480935,2007.107
EPI_ISL_8030|Human|H1N1|2007.077|NorthAmerica|seasonal,0.7112350124401984,2007.077
EPI_ISL_7570|Human|H1N1|2007.14|NorthAmerica|seasonal,0.7117701553781551,2007.14
EPI_ISL_7600|Human|H1N1|2007.115|NorthAmerica|seasonal,0.7118805867859042,2007.115
EPI_ISL_7559|Human|H1N1|2007.011|NorthAmerica|seasonal,0.7116289860645637,2007.011
EPI_ISL_7560|Human|H1N1|2007.008|NorthAmerica|seasonal,0.7110370297660347,2007.008
EPI_ISL_7630|Human|H1N1|2007.058|NorthAmerica|seasonal,0.7114872930529959,2007.058
EPI_ISL_7862|Human|H1N1|2007.134|NorthAmerica|seasonal,0.7120350513091394,2007.134
EPI_ISL_7941|Human|H1N1|2007.195|NorthAmerica|seasonal,0.7117043709769738,2007.195
EPI_ISL_8035|Human|H1N1|2007.134|NorthAmerica|seasonal,0.7120350513091394,2007.134
EPI_ISL_7779|Human|H1N1|2007.175|NorthAmerica|seasonal,0.7116368492509098,2007.175
EPI_ISL_7580|Human|H1N1|2007.101|NorthAmerica|seasonal,0.7111294455293499,2007.101
EPI_ISL_7898|Human|H1N1|2007.14|NorthAmerica|seasonal,0.7114374819870154,2007.14
EPI_ISL_7601|Human|H1N1|2007.088|NorthAmerica|seasonal,0.7112550286436276,2007.088
EPI_ISL_7972|Human|H1N1|2006.989|NorthAmerica|seasonal,0.7112830282653233,2006.989
EPI_ISL_8079|Human|H1N1|2007.159|NorthAmerica|seasonal,0.7116585059657797,2007.159
EPI_ISL_7777|Human|H1N1|2007.137|NorthAmerica|seasonal,0.7116949264393088,2007.137
EPI_ISL_28863|Human|H1N1|2007.153|NorthAmerica|seasonal,0.71108725801742,2007.153
EPI_ISL_7607|Human|H1N1|2007.068|NorthAmerica|seasonal,0.7118467740031892,2007.068
EPI_ISL_7606|Human|H1N1|2007.085|NorthAmerica|seasonal,0.7116786185685648,2007.085
EPI_ISL_7598|Human|H1N1|2007.082|NorthAmerica|seasonal,0.7118467740031892,2007.082
EPI_ISL_7632|Human|H1N1|2007.079|NorthAmerica|seasonal,0.7116306983234802,2007.079
EPI_ISL_7571|Human|H1N1|2007.115|NorthAmerica|seasonal,0.7114347143384856,2007.115
EPI_ISL_7870|Human|H1N1|2007.088|NorthAmerica|seasonal,0.7112979638721068,2007.088
EPI_ISL_7840|Human|H1N1|2007.126|NorthAmerica|seasonal,0.711655944942112,2007.126
EPI_ISL_7835|Human|H1N1|2007.118|NorthAmerica|seasonal,0.7113796243522422,2007.118
EPI_ISL_7801|Human|H1N1|2007.068|NorthAmerica|seasonal,0.7117571987169747,2007.068
EPI_ISL_7914|Human|H1N1|2007.175|NorthAmerica|seasonal,0.7113091576648571,2007.175
EPI_ISL_7905|Human|H1N1|2007.137|NorthAmerica|seasonal,0.7114834139819607,2007.137
EPI_ISL_28891|Human|H1N1|2007.14|NorthAmerica|seasonal,0.7118060399884201,2007.14
EPI_ISL_7808|Human|H1N1|2007.145|NorthAmerica|seasonal,0.7112782852988755,2007.145
EPI_ISL_7852|Human|H1N1|2007.14|NorthAmerica|seasonal,0.7118157564730352,2007.14
EPI_ISL_7626|Human|H1N1|2007.14|NorthAmerica|seasonal,0.7114129395029685,2007.14
EPI_ISL_7596|Human|H1N1|2007.137|NorthAmerica|seasonal,0.7113549284525345,2007.137
EPI_ISL_7828|Human|H1N1|2007.153|NorthAmerica|seasonal,0.7113427968506608,2007.153
EPI_ISL_7778|Human|H1N1|2007.137|NorthAmerica|seasonal,0.7113549284525345,2007.137
EPI_ISL_28864|Human|H1N1|2007.118|NorthAmerica|seasonal,0.711211704932593,2007.118
EPI_ISL_7615|Human|H1N1|2007.137|NorthAmerica|seasonal,0.7119947862692735,2007.137
EPI_ISL_30818|Human|H1N1|2007.126|NorthAmerica|seasonal,0.7120652559817949,2007.126
EPI_ISL_8013|Human|H1N1|2007.058|NorthAmerica|seasonal,0.7105013594548869,2007.058
EPI_ISL_7886|Human|H1N1|2007.162|NorthAmerica|seasonal,0.7114841707870155,2007.162
EPI_ISL_7995|Human|H1N1|2007.115|NorthAmerica|seasonal,0.7111429552912375,2007.115
EPI_ISL_7833|Human|H1N1|2007.126|NorthAmerica|seasonal,0.7108384611356952,2007.126
EPI_ISL_7854|Human|H1N1|2007.118|NorthAmerica|seasonal,0.7110133294344934,2007.118
EPI_ISL_16409|Human|H1N1|2007.107|NorthAmerica|seasonal,0.7112497481298283,2007.107
EPI_ISL_7987|Human|H1N1|2007.077|NorthAmerica|seasonal,0.7110661092056562,2007.077
EPI_ISL_8007|Human|H1N1|2007.137|NorthAmerica|seasonal,0.7114082580665435,2007.137
EPI_ISL_7984|Human|H1N1|2007.118|NorthAmerica|seasonal,0.7114717705770968,2007.118
EPI_ISL_7970|Human|H1N1|2007.137|NorthAmerica|seasonal,0.7112956265102742,2007.137
EPI_ISL_7943|Human|H1N1|2007.121|NorthAmerica|seasonal,0.7113791074994051,2007.121
EPI_ISL_7787|Human|H1N1|2007.195|NorthAmerica|seasonal,0.7112107338785154,2007.195
EPI_ISL_7896|Human|H1N1|2007.115|NorthAmerica|seasonal,0.7115086075104239,2007.115
EPI_ISL_8002|Human|H1N1|2007.173|NorthAmerica|seasonal,0.7116600444057134,2007.173
EPI_ISL_7785|Human|H1N1|2007.06|NorthAmerica|seasonal,0.7110570274751397,2007.06
EPI_ISL_7579|Human|H1N1|2007.101|NorthAmerica|seasonal,0.7110137183264102,2007.101
EPI_ISL_7817|Human|H1N1|2007.123|NorthAmerica|seasonal,0.7110611012932205,2007.123
EPI_ISL_7783|Human|H1N1|2007.099|NorthAmerica|seasonal,0.7111523335236999,2007.099
EPI_ISL_7781|Human|H1N1|2007.118|NorthAmerica|seasonal,0.7109978802824402,2007.118
EPI_ISL_7566|Human|H1N1|2007.14|NorthAmerica|seasonal,0.7109216709152392,2007.14
EPI_ISL_7932|Human|H1N1|2007.101|NorthAmerica|seasonal,0.7106587859943342,2007.101
EPI_ISL_7599|Human|H1N1|2007.156|NorthAmerica|seasonal,0.7111290487854048,2007.156
EPI_ISL_7885|Human|H1N1|2007.099|NorthAmerica|seasonal,0.7111226621063621,2007.099
EPI_ISL_7842|Human|H1N1|2007.085|NorthAmerica|seasonal,0.711297851080135,2007.085
EPI_ISL_7763|Human|H1N1|2007.096|NorthAmerica|seasonal,0.7109949571319996,2007.096
EPI_ISL_7568|Human|H1N1|2007.068|NorthAmerica|seasonal,0.7112248133391275,2007.068
EPI_ISL_28890|Human|H1N1|2007.164|NorthAmerica|seasonal,0.7113607771821281,2007.164
EPI_ISL_7963|Human|H1N1|2007.041|NorthAmerica|seasonal,0.7115349785220961,2007.041
EPI_ISL_7871|Human|H1N1|2007.153|NorthAmerica|seasonal,0.7112091343130886,2007.153
EPI_ISL_7587|Human|H1N1|2007.079|NorthAmerica|seasonal,0.7111018838829939,2007.079
EPI_ISL_19107|Human|H1N1|2007.192|NorthAmerica|seasonal,0.7114230910878105,2007.192
EPI_ISL_7890|Human|H1N1|2007.03|NorthAmerica|seasonal,0.7114622367546335,2007.03
EPI_ISL_7644|Human|H1N1|2007.041|NorthAmerica|seasonal,0.7114768430005572,2007.041
EPI_ISL_7616|Human|H1N1|2007.047|NorthAmerica|seasonal,0.711418826739213,2007.047
EPI_ISL_7830|Human|H1N1|2007.058|NorthAmerica|seasonal,0.7111533790430377,2007.058
EPI_ISL_7597|Human|H1N1|2007.178|NorthAmerica|seasonal,0.7112879564401583,2007.178
EPI_ISL_7877|Human|H1N1|2007.088|NorthAmerica|seasonal,0.7111379733711249,2007.088
EPI_ISL_7884|Human|H1N1|2007.066|NorthAmerica|seasonal,0.7115761163333583,2007.066
EPI_ISL_7844|Human|H1N1|2007.134|NorthAmerica|seasonal,0.7113922744329918,2007.134
EPI_ISL_15340|Human|H1N1|2007.115|NorthAmerica|seasonal,0.7113906921115438,2007.115
EPI_ISL_7810|Human|H1N1|2007.079|NorthAmerica|seasonal,0.711744339121941,2007.079
EPI_ISL_7654|Human|H1N1|2007.077|NorthAmerica|seasonal,0.7110106763987271,2007.077
EPI_ISL_7918|Human|H1N1|2007.079|NorthAmerica|seasonal,0.7112779279473032,2007.079
EPI_ISL_7650|Human|H1N1|2007.126|NorthAmerica|seasonal,0.7114686984444969,2007.126
EPI_ISL_7655|Human|H1N1|2007.079|NorthAmerica|seasonal,0.7112388237371734,2007.079
EPI_ISL_7863|Human|H1N1|2007.159|NorthAmerica|seasonal,0.7109017333519125,2007.159
EPI_ISL_8003|Human|H1N1|2007.134|NorthAmerica|seasonal,0.7112103012848373,2007.134
EPI_ISL_7981|Human|H1N1|2007.195|NorthAmerica|seasonal,0.710909059547691,2007.195
EPI_ISL_7913|Human|H1N1|2007.096|NorthAmerica|seasonal,0.7115196749705452,2007.096
EPI_ISL_7895|Human|H1N1|2007.173|NorthAmerica|seasonal,0.7109681672054705,2007.173
EPI_ISL_7643|Human|H1N1|2007.063|NorthAmerica|seasonal,0.7111718930106979,2007.063
EPI_ISL_7627|Human|H1N1|2007.038|NorthAmerica|seasonal,0.7107976772161675,2007.038
EPI_ISL_7608|Human|H1N1|2007.096|NorthAmerica|seasonal,0.7113777225122856,2007.096
EPI_ISL_7586|Human|H1N1|2007.06|NorthAmerica|seasonal,0.7111463968459939,2007.06
EPI_ISL_7558|Human|H1N1|2006.962|NorthAmerica|seasonal,0.7112218911354128,2006.962
EPI_ISL_7857|Human|H1N1|2007.077|NorthAmerica|seasonal,0.7110898859540403,2007.077
EPI_ISL_7856|Human|H1N1|2007.173|NorthAmerica|seasonal,0.7107244372268229,2007.173
EPI_ISL_7839|Human|H1N1|2007.063|NorthAmerica|seasonal,0.7111718930106979,2007.063
EPI_ISL_7838|Human|H1N1|2007.06|NorthAmerica|seasonal,0.7112924863282849,2007.06
EPI_ISL_7819|Human|H1N1|2007.03|NorthAmerica|seasonal,0.7109689325195435,2007.03
EPI_ISL_8012|Human|H1N1|2006.929|NorthAmerica|seasonal,0.7110411104357554,2006.929
EPI_ISL_7911|Human|H1N1|2007.107|NorthAmerica|seasonal,0.7108003001139426,2007.107
EPI_ISL_7904|Human|H1N1|2007.104|NorthAmerica|seasonal,0.711289869353085,2007.104
EPI_ISL_16411|Human|H1N1|2007.099|NorthAmerica|seasonal,0.7112083948370047,2007.099
EPI_ISL_15828|Human|H1N1|2007.063|NorthAmerica|seasonal,0.7115843899488309,2007.063
EPI_ISL_7942|Human|H1N1|2007.142|NorthAmerica|seasonal,0.7114956706083735,2007.142
EPI_ISL_7957|Human|H1N1|2007.079|NorthAmerica|seasonal,0.7105100761244063,2007.079
EPI_ISL_8000|Human|H1N1|2007.142|NorthAmerica|seasonal,0.7108849911195705,2007.142
EPI_ISL_7975|Human|H1N1|2007.162|NorthAmerica|seasonal,0.710686677416251,2007.162
EPI_ISL_7829|Human|H1N1|2007.082|NorthAmerica|seasonal,0.7114824698822171,2007.082
EPI_ISL_7569|Human|H1N1|2007.115|NorthAmerica|seasonal,0.7111713997317872,2007.115
EPI_ISL_7827|Human|H1N1|2007.192|NorthAmerica|seasonal,0.7113230426337849,2007.192
EPI_ISL_7924|Human|H1N1|2007.162|NorthAmerica|seasonal,0.7110406414934707,2007.162
EPI_ISL_7629|Human|H1N1|2007.058|NorthAmerica|seasonal,0.7104868646398306,2007.058
EPI_ISL_7653|Human|H1N1|2007.077|NorthAmerica|seasonal,0.7109115933338118,2007.077
EPI_ISL_7577|Human|H1N1|2007.159|NorthAmerica|seasonal,0.7110437796435549,2007.159
EPI_ISL_7855|Human|H1N1|2007.096|NorthAmerica|seasonal,0.7110124802954464,2007.096
EPI_ISL_7979|Human|H1N1|2007.118|NorthAmerica|seasonal,0.7112186850277576,2007.118
EPI_ISL_7966|Human|H1N1|2007.066|NorthAmerica|seasonal,0.7113843486508562,2007.066
EPI_ISL_7922|Human|H1N1|2007.115|NorthAmerica|seasonal,0.711309097829496,2007.115
EPI_ISL_7991|Human|H1N1|2007.175|NorthAmerica|seasonal,0.7105770804669537,2007.175
EPI_ISL_8083|Human|H1N1|2007.121|NorthAmerica|seasonal,0.7108005514618851,2007.121
EPI_ISL_7640|Human|H1N1|2007.178|NorthAmerica|seasonal,0.7109782857762427,2007.178
EPI_ISL_7894|Human|H1N1|2007.121|NorthAmerica|seasonal,0.7110758134671777,2007.121
EPI_ISL_28867|Human|H1N1|2007.06|NorthAmerica|seasonal,0.7111556821468127,2007.06
EPI_ISL_8038|Human|H1N1|2007.134|NorthAmerica|seasonal,0.7103462725259451,2007.134
EPI_ISL_7652|Human|H1N1|2007.115|NorthAmerica|seasonal,0.7105577931790589,2007.115
EPI_ISL_7866|Human|H1N1|2007.115|NorthAmerica|seasonal,0.7105577931790589,2007.115
EPI_ISL_7983|Human|H1N1|2007.115|NorthAmerica|seasonal,0.7111373105076965,2007.115
EPI_ISL_7575|Human|H1N1|2007.027|NorthAmerica|seasonal,0.7114150304060736,2007.027
EPI_ISL_7822|Human|H1N1|2007.137|NorthAmerica|seasonal,0.711472686359811,2007.137
EPI_ISL_7974|Human|H1N1|2007.156|NorthAmerica|seasonal,0.711026470474455,2007.156
EPI_ISL_8028|Human|H1N1|2007.115|NorthAmerica|seasonal,0.7109701695179046,2007.115
EPI_ISL_7563|Human|H1N1|2007.173|NorthAmerica|seasonal,0.7108703631670852,2007.173
EPI_ISL_8045|Human|H1N1|2007.181|NorthAmerica|seasonal,0.7110586596637255,2007.181
EPI_ISL_7651|Human|H1N1|2007.082|NorthAmerica|seasonal,0.7112306987990504,2007.082
EPI_ISL_7647|Human|H1N1|2007.118|NorthAmerica|seasonal,0.711071082724499,2007.118
EPI_ISL_7583|Human|H1N1|2007.063|NorthAmerica|seasonal,0.7118279995522253,2007.063
EPI_ISL_7867|Human|H1N1|2007.079|NorthAmerica|seasonal,0.7113763313180816,2007.079
EPI_ISL_7864|Human|H1N1|2007.126|NorthAmerica|seasonal,0.7110316810647933,2007.126
EPI_ISL_7861|Human|H1N1|2007.126|NorthAmerica|seasonal,0.7110361442041668,2007.126
EPI_ISL_7824|Human|H1N1|2007.014|NorthAmerica|seasonal,0.711162146443958,2007.014
EPI_ISL_7786|Human|H1N1|2007.156|NorthAmerica|seasonal,0.7119529839565378,2007.156
EPI_ISL_8004|Human|H1N1|2007.173|NorthAmerica|seasonal,0.7112104700318563,2007.173
EPI_ISL_7990|Human|H1N1|2007.096|NorthAmerica|seasonal,0.7111167829653952,2007.096
EPI_ISL_7989|Human|H1N1|2007.068|NorthAmerica|seasonal,0.7116789406821601,2007.068
EPI_ISL_7976|Human|H1N1|2007.162|NorthAmerica|seasonal,0.7115194083768418,2007.162
EPI_ISL_7920|Human|H1N1|2007.099|NorthAmerica|seasonal,0.7109874728332647,2007.099
EPI_ISL_8081|Human|H1N1|2007.14|NorthAmerica|seasonal,0.7113834605086357,2007.14
EPI_ISL_8043|Human|H1N1|2007.066|NorthAmerica|seasonal,0.7115616783791174,2007.066
EPI_ISL_15341|Human|H1N1|2007.079|NorthAmerica|seasonal,0.7113599604539648,2007.079
EPI_ISL_7985|Human|H1N1|2007.115|NorthAmerica|seasonal,0.7119207696569542,2007.115
EPI_ISL_7955|Human|H1N1|2007.063|NorthAmerica|seasonal,0.7113616862972764,2007.063
EPI_ISL_7614|Human|H1N1|2007.099|NorthAmerica|seasonal,0.7114653372513468,2007.099
EPI_ISL_7595|Human|H1N1|2007.099|NorthAmerica|seasonal,0.7114750391168572,2007.099
EPI_ISL_7812|Human|H1N1|2007.123|NorthAmerica|seasonal,0.7115935491225952,2007.123
EPI_ISL_7940|Human|H1N1|2007.104|NorthAmerica|seasonal,0.711417939131793,2007.104
EPI_ISL_27616|Human|H1N1|2007.096|NorthAmerica|seasonal,0.7114653372513468,2007.096
EPI_ISL_8032|Human|H1N1|2007.096|NorthAmerica|seasonal,0.7115119513468212,2007.096
EPI_ISL_22609|Human|H1N1|2007.2|NorthAmerica|seasonal,0.7114959621414385,2007.2
EPI_ISL_7610|Human|H1N1|2007.068|NorthAmerica|seasonal,0.7114238738869352,2007.068
EPI_ISL_7567|Human|H1N1|2007.058|NorthAmerica|seasonal,0.7110990794346608,2007.058
EPI_ISL_7832|Human|H1N1|2007.181|NorthAmerica|seasonal,0.7113787513744908,2007.181
EPI_ISL_7875|Human|H1N1|2007.058|NorthAmerica|seasonal,0.7108179352658076,2007.058
EPI_ISL_7806|Human|H1N1|2007.195|NorthAmerica|seasonal,0.7109367461834459,2007.195
EPI_ISL_7939|Human|H1N1|2007.156|NorthAmerica|seasonal,0.7109367461834459,2007.156
EPI_ISL_28865|Human|H1N1|2007.126|NorthAmerica|seasonal,0.7112593123623401,2007.126
EPI_ISL_7759|Human|H1N1|2007.192|NorthAmerica|seasonal,0.7107652592481754,2007.192
EPI_ISL_7624|Human|H1N1|2007.164|NorthAmerica|seasonal,0.7110446563696846,2007.164
EPI_ISL_7588|Human|H1N1|2007.192|NorthAmerica|seasonal,0.7111290056225694,2007.192
EPI_ISL_7815|Human|H1N1|2007.173|NorthAmerica|seasonal,0.7111290056225694,2007.173
EPI_ISL_7809|Human|H1N1|2007.192|NorthAmerica|seasonal,0.7112484227528157,2007.192
EPI_ISL_28866|Human|H1N1|2007.164|NorthAmerica|seasonal,0.7110819515731921,2007.164
EPI_ISL_7631|Human|H1N1|2007.189|NorthAmerica|seasonal,0.7109487184827997,2007.189
EPI_ISL_7937|Human|H1N1|2007.156|NorthAmerica|seasonal,0.7119208190669813,2007.156
EPI_ISL_7969|Human|H1N1|2007.079|NorthAmerica|seasonal,0.7113300331505883,2007.079
EPI_ISL_25707|Human|H1N1|2006.274|Europe|seasonal,0.7120565062725235,2006.274
EPI_ISL_7868|Human|H1N1|2007.085|NorthAmerica|seasonal,0.7127225142379626,2007.085
EPI_ISL_7959|Human|H1N1|2007.058|NorthAmerica|seasonal,0.7119954727721307,2007.058
EPI_ISL_7919|Human|H1N1|2007.153|NorthAmerica|seasonal,0.7123122891858822,2007.153
EPI_ISL_7873|Human|H1N1|2007.107|NorthAmerica|seasonal,0.7115944948029758,2007.107
EPI_ISL_8014|Human|H1N1|2007.101|NorthAmerica|seasonal,0.711762125779452,2007.101
EPI_ISL_7949|Human|H1N1|2007.096|NorthAmerica|seasonal,0.7115668601013712,2007.096
EPI_ISL_7978|Human|H1N1|2007.096|NorthAmerica|seasonal,0.711551159063831,2007.096
EPI_ISL_7982|Human|H1N1|2007.096|NorthAmerica|seasonal,0.711534328873878,2007.096
EPI_ISL_7850|Human|H1N1|2007.104|NorthAmerica|seasonal,0.711402877059468,2007.104
EPI_ISL_8029|Human|H1N1|2007.101|NorthAmerica|seasonal,0.7121943880024297,2007.101
EPI_ISL_7556|Human|H1N1|2006.967|NorthAmerica|seasonal,0.71252343258314,2006.967
EPI_ISL_7820|Human|H1N1|2007.173|NorthAmerica|seasonal,0.7123680138982704,2007.173
EPI_ISL_7956|Human|H1N1|2007.156|NorthAmerica|seasonal,0.7122969633742128,2007.156
EPI_ISL_7910|Human|H1N1|2007.077|NorthAmerica|seasonal,0.7119947620216424,2007.077
EPI_ISL_29085|Human|H1N1|2007.077|NorthAmerica|seasonal,0.7120634214232339,2007.077
EPI_ISL_7879|Human|H1N1|2007.077|NorthAmerica|seasonal,0.7124716511881057,2007.077
EPI_ISL_7865|Human|H1N1|2007.099|NorthAmerica|seasonal,0.712409365692198,2007.099
EPI_ISL_7998|Human|H1N1|2007.142|NorthAmerica|seasonal,0.7121965069745364,2007.142
EPI_ISL_7994|Human|H1N1|2007.153|NorthAmerica|seasonal,0.7121965069745364,2007.153
EPI_ISL_7992|Human|H1N1|2007.049|NorthAmerica|seasonal,0.7121965069745364,2007.049
EPI_ISL_7953|Human|H1N1|2007.077|NorthAmerica|seasonal,0.7123525564746065,2007.077
EPI_ISL_29084|Human|H1N1|2007.137|NorthAmerica|seasonal,0.7121415893039094,2007.137
EPI_ISL_7954|Human|H1N1|2007.173|NorthAmerica|seasonal,0.711962277261141,2007.173
EPI_ISL_8034|Human|H1N1|2007.134|NorthAmerica|seasonal,0.7121855215433284,2007.134
EPI_ISL_7999|Human|H1N1|2007.173|NorthAmerica|seasonal,0.7116221130219165,2007.173
EPI_ISL_7988|Human|H1N1|2007.123|NorthAmerica|seasonal,0.7124967173618638,2007.123
EPI_ISL_7967|Human|H1N1|2007.068|NorthAmerica|seasonal,0.7123467553881817,2007.068
EPI_ISL_7849|Human|H1N1|2007.068|NorthAmerica|seasonal,0.7120504391646866,2007.068
EPI_ISL_7611|Human|H1N1|2007.123|NorthAmerica|seasonal,0.7127080095792409,2007.123
EPI_ISL_7625|Human|H1N1|2007.121|NorthAmerica|seasonal,0.7122726289733798,2007.121
EPI_ISL_7628|Human|H1N1|2007.068|NorthAmerica|seasonal,0.7126007086104454,2007.068
EPI_ISL_7902|Human|H1N1|2007.101|NorthAmerica|seasonal,0.7117056633779697,2007.101
EPI_ISL_8082|Human|H1N1|2007.099|NorthAmerica|seasonal,0.7121546725806887,2007.099
EPI_ISL_7888|Human|H1N1|2007.058|NorthAmerica|seasonal,0.7127403089771328,2007.058
EPI_ISL_7883|Human|H1N1|2007.123|NorthAmerica|seasonal,0.7126092506410734,2007.123
EPI_ISL_7858|Human|H1N1|2007.096|NorthAmerica|seasonal,0.7124682170553385,2007.096
EPI_ISL_7997|Human|H1N1|2007.068|NorthAmerica|seasonal,0.7113523023990653,2007.068
EPI_ISL_8036|Human|H1N1|2007.121|NorthAmerica|seasonal,0.7114245839520567,2007.121
EPI_ISL_16410|Human|H1N1|2007.115|NorthAmerica|seasonal,0.7122538737372169,2007.115
EPI_ISL_7800|Human|H1N1|2007.162|NorthAmerica|seasonal,0.7128041216924291,2007.162
EPI_ISL_8027|Human|H1N1|2007.027|NorthAmerica|seasonal,0.712981272205524,2007.027
EPI_ISL_7585|Human|H1N1|2007.162|NorthAmerica|seasonal,0.7126824751984965,2007.162
EPI_ISL_8015|Human|H1N1|2007.153|NorthAmerica|seasonal,0.7128328246266408,2007.153
EPI_ISL_7973|Human|H1N1|2007.173|NorthAmerica|seasonal,0.713153235562602,2007.173
EPI_ISL_7780|Human|H1N1|2007.178|NorthAmerica|seasonal,0.7126824751984965,2007.178
EPI_ISL_120425|Human|H1N1|2003.729|Asia|,0.7120375008525123,2003.729
EPI_ISL_106617|Human|H1N1|2005.266|Asia|,0.7115397622868963,2005.266
EPI_ISL_117814|Human|H1N1|2005.449|Asia|,0.7121912252359939,2005.449
EPI_ISL_106638|Human|H1N1|2006.2|Asia|,0.7134145887423923,2006.2
EPI_ISL_116062|Human|H1N1|2006.321|Asia|,0.713572954689073,2006.321
EPI_ISL_25712|Human|H1N1|2006.271|Europe|seasonal,0.7134650666169811,2006.271
EPI_ISL_12841|Human|H1N1|2006|Asia|seasonal,0.7129154147305291,2006
EPI_ISL_15603|Human|H1N1|2005|Europe|seasonal,0.7126803358368555,2005
EPI_ISL_93595|Human|H1N1|2005.033|Asia|,0.7123178439276197,2005.033
EPI_ISL_93594|Human|H1N1|2005.055|Asia|,0.7122506069314942,2005.055
EPI_ISL_120424|Human|H1N1|2003.688|Asia|,0.7126615930821472,2003.688
EPI_ISL_120423|Human|H1N1|2003.589|Asia|,0.7126615930821472,2003.589
EPI_ISL_6371|Human|H1N1|2005|Oceania|seasonal,0.7122424673866335,2005
EPI_ISL_15604|Human|H1N1|2004|Europe|seasonal,0.711603537929017,2004
EPI_ISL_83676|Human|H1N1|2010.112|Asia|seasonal,0.7117597788783253,2010.112
EPI_ISL_83675|Human|H1N1|2010.112|Asia|seasonal,0.7117802170841552,2010.112
EPI_ISL_6448|Human|H1N1|2005.6|Oceania|seasonal,0.7118136723960229,2005.6
EPI_ISL_5656|Human|H1N1|2005.69|Oceania|seasonal,0.7121183522348881,2005.69
EPI_ISL_6341|Human|H1N1|2005.663|Oceania|seasonal,0.7117894426499125,2005.663
EPI_ISL_6859|Human|H1N1|2005.611|Oceania|seasonal,0.7119959359336552,2005.611
EPI_ISL_8269|Human|H1N1|2003.03|NorthAmerica|seasonal,0.7115939878749431,2003.03
EPI_ISL_8999|Human|H1N1|2003.17|NorthAmerica|seasonal,0.7116946724903479,2003.17
EPI_ISL_164016|Human|H1N1|2008.027|Europe|seasonal,0.7096204508728825,2008.027
EPI_ISL_164013|Human|H1N1|2008.008|Europe|seasonal,0.7095618375350367,2008.008
EPI_ISL_29779|Human|H1N1|2008.481|NorthAmerica|seasonal,0.7091888868194106,2008.481
EPI_ISL_30226|Human|H1N1|2008.44|NorthAmerica|seasonal,0.7089144284365233,2008.44
EPI_ISL_30220|Human|H1N1|2008.437|NorthAmerica|seasonal,0.7084937372262023,2008.437
EPI_ISL_30218|Human|H1N1|2008.437|NorthAmerica|seasonal,0.70844205646386,2008.437
EPI_ISL_78563|Human|H1N1|2007|SouthAmerica|seasonal,0.7087982363342089,2007
EPI_ISL_62908|Human|H1N1|2008.469|NorthAmerica|seasonal,0.7085825017869045,2008.469
EPI_ISL_29778|Human|H1N1|2008.478|NorthAmerica|seasonal,0.7088685842324866,2008.478
EPI_ISL_164011|Human|H1N1|2007.995|Europe|seasonal,0.7082662157217846,2007.995
EPI_ISL_62923|Human|H1N1|2008.122|NorthAmerica|seasonal,0.7103061582410259,2008.122
EPI_ISL_30221|Human|H1N1|2008.434|NorthAmerica|seasonal,0.709895788236238,2008.434
EPI_ISL_208729|Human|H1N1|2007.981|Asia|,0.7100458659211776,2007.981
EPI_ISL_70169|Human|H1N1|2008.036|Asia|seasonal,0.7103734336582145,2008.036
EPI_ISL_70162|Human|H1N1|2007.962|Asia|seasonal,0.7104711625624204,2007.962
EPI_ISL_70160|Human|H1N1|2007.945|Asia|seasonal,0.7107192620359724,2007.945
EPI_ISL_208713|Human|H1N1|2007.849|Asia|,0.7106637502242575,2007.849
EPI_ISL_30228|Human|H1N1|2008.016|NorthAmerica|seasonal,0.7100000223619808,2008.016
EPI_ISL_29633|Human|H1N1|2008.123|NorthAmerica|seasonal,0.7095351400176075,2008.123
EPI_ISL_29647|Human|H1N1|2008.484|NorthAmerica|seasonal,0.7102622123425973,2008.484
EPI_ISL_33848|Human|H1N1|2008.497|NorthAmerica|seasonal,0.7108286225097443,2008.497
EPI_ISL_28893|Human|H1N1|2008.12|NorthAmerica|seasonal,0.7094451917022143,2008.12
EPI_ISL_96142|Human|H1N1|2008.077|NorthAmerica|,0.7094136060924388,2008.077
EPI_ISL_96141|Human|H1N1|2008.074|NorthAmerica|,0.7099012436111237,2008.074
EPI_ISL_96137|Human|H1N1|2008.94|NorthAmerica|,0.7095567751340985,2008.94
EPI_ISL_30789|Human|H1N1|2008.123|NorthAmerica|seasonal,0.7098600610419428,2008.123
EPI_ISL_62784|Human|H1N1|2008.108|NorthAmerica|seasonal,0.709439208945621,2008.108
EPI_ISL_30230|Human|H1N1|2008.623|NorthAmerica|seasonal,0.7089059068393555,2008.623
EPI_ISL_33849|Human|H1N1|2008.88|NorthAmerica|seasonal,0.7106089492531327,2008.88
EPI_ISL_30233|Human|H1N1|2008.847|NorthAmerica|seasonal,0.7109654887913129,2008.847
EPI_ISL_33847|Human|H1N1|2008.861|NorthAmerica|seasonal,0.7102680220450879,2008.861
EPI_ISL_29676|Human|H1N1|2008.842|NorthAmerica|seasonal,0.7106631497651296,2008.842
EPI_ISL_29675|Human|H1N1|2008.833|NorthAmerica|seasonal,0.7108933635012621,2008.833
EPI_ISL_30227|Human|H1N1|2008.776|NorthAmerica|seasonal,0.7103354547419793,2008.776
EPI_ISL_33842|Human|H1N1|2008.776|NorthAmerica|seasonal,0.7104807156184423,2008.776
EPI_ISL_29912|Human|H1N1|2008.814|NorthAmerica|seasonal,0.7103590891467397,2008.814
EPI_ISL_30231|Human|H1N1|2008.828|NorthAmerica|seasonal,0.7103911030340809,2008.828
EPI_ISL_29648|Human|H1N1|2008.839|NorthAmerica|seasonal,0.7107435466575799,2008.839
EPI_ISL_62907|Human|H1N1|2008.6|NorthAmerica|seasonal,0.7104907386644363,2008.6
EPI_ISL_116007|Human|H1N1|2008.063|Asia|,0.7102120282326883,2008.063
EPI_ISL_164014|Human|H1N1|2008.016|Europe|seasonal,0.7099090379368043,2008.016
EPI_ISL_93582|Human|H1N1|2007.868|Asia|,0.7091364351888444,2007.868
EPI_ISL_30212|Human|H1N1|2008.055|Asia|seasonal,0.709783408669491,2008.055
EPI_ISL_93586|Human|H1N1|2008.333|Asia|,0.7092792886823479,2008.333
EPI_ISL_30211|Human|H1N1|2008.041|Asia|seasonal,0.7093857185517881,2008.041
EPI_ISL_93585|Human|H1N1|2008.896|Asia|,0.7098978454373917,2008.896
EPI_ISL_93589|Human|H1N1|2008.915|Asia|,0.7094361147973428,2008.915
EPI_ISL_93588|Human|H1N1|2008.825|Asia|,0.7094871684805912,2008.825
EPI_ISL_93590|Human|H1N1|2009.033|Asia|,0.7089325126598655,2009.033
EPI_ISL_164024|Human|H1N1|2007.948|Europe|seasonal,0.7094790165911953,2007.948
EPI_ISL_164029|Human|H1N1|2008.038|Europe|seasonal,0.7089231418190504,2008.038
EPI_ISL_27695|Human|H1N1|2008.117|Europe|seasonal,0.7091851338230997,2008.117
EPI_ISL_164026|Human|H1N1|2007.997|Europe|seasonal,0.7095637227193986,2007.997
EPI_ISL_164030|Human|H1N1|2008.041|Europe|seasonal,0.7091956181659456,2008.041
EPI_ISL_70170|Human|H1N1|2008.137|Asia|seasonal,0.7100234891217835,2008.137
EPI_ISL_77977|Human|H1N1|2009.023|NorthAmerica|seasonal,0.7093103532674414,2009.023
EPI_ISL_89588|Human|H1N1|2009.088|NorthAmerica|,0.709100867339659,2009.088
EPI_ISL_208716|Human|H1N1|2008.112|Asia|,0.7095044123702198,2008.112
EPI_ISL_106731|Human|H1N1|2008.921|Asia|,0.7093581443416666,2008.921
EPI_ISL_106713|Human|H1N1|2008.858|Asia|,0.7091279530166784,2008.858
EPI_ISL_115807|Human|H1N1|2008.801|Asia|,0.7090099783032732,2008.801
EPI_ISL_116008|Human|H1N1|2008.148|Asia|,0.7095584110867164,2008.148
EPI_ISL_106751|Human|H1N1|2008.533|Asia|,0.7096250788970269,2008.533
EPI_ISL_70179|Human|H1N1|2008.16|Asia|seasonal,0.709979623293902,2008.16
EPI_ISL_116005|Human|H1N1|2008.342|Asia|,0.7096117883075943,2008.342
EPI_ISL_164028|Human|H1N1|2008.036|Europe|seasonal,0.7093690513522372,2008.036
EPI_ISL_164023|Human|H1N1|2007.863|Europe|seasonal,0.7092595124586583,2007.863
EPI_ISL_106692|Human|H1N1|2008.71|Asia|,0.7099215876536916,2008.71
EPI_ISL_25711|Human|H1N1|2008.022|Europe|seasonal,0.7099298084433244,2008.022
EPI_ISL_78574|Human|H1N1|2007|SouthAmerica|seasonal,0.7107738976440973,2007
EPI_ISL_29475|Human|H1N1|2008.437|NorthAmerica|seasonal,0.7104850555068472,2008.437
EPI_ISL_62909|Human|H1N1|2008.444|NorthAmerica|seasonal,0.7104850555068472,2008.444
EPI_ISL_164022|Human|H1N1|2008.984|Europe|seasonal,0.7095911296274315,2008.984
EPI_ISL_28895|Human|H1N1|2008.137|NorthAmerica|seasonal,0.7099858883781749,2008.137
EPI_ISL_29307|Human|H1N1|2007|Europe|seasonal,0.710748382717577,2007
EPI_ISL_62840|Human|H1N1|2008.085|NorthAmerica|seasonal,0.7107555484372227,2008.085
EPI_ISL_116061|Human|H1N1|2008.538|Asia|,0.7096413857840239,2008.538
EPI_ISL_115808|Human|H1N1|2008.828|Asia|,0.7090215564833233,2008.828
EPI_ISL_115809|Human|H1N1|2008.839|Asia|,0.7090898158080079,2008.839
EPI_ISL_116003|Human|H1N1|2008.885|Asia|,0.7096428437082938,2008.885
EPI_ISL_115859|Human|H1N1|2008.866|Asia|,0.7095437684463717,2008.866
EPI_ISL_116004|Human|H1N1|2008.899|Asia|,0.7090618816333607,2008.899
EPI_ISL_116002|Human|H1N1|2008.885|Asia|,0.7095145339882015,2008.885
EPI_ISL_116001|Human|H1N1|2008.883|Asia|,0.7093089770874413,2008.883
EPI_ISL_115858|Human|H1N1|2008.861|Asia|,0.7095910652135347,2008.861
EPI_ISL_115856|Human|H1N1|2008.85|Asia|,0.7095068565194612,2008.85
EPI_ISL_115855|Human|H1N1|2008|Asia|,0.7096383651334055,2008
EPI_ISL_115854|Human|H1N1|2008.844|Asia|,0.7095111765462964,2008.844
EPI_ISL_116009|Human|H1N1|2008.56|Asia|,0.7101476819905945,2008.56
EPI_ISL_106767|Human|H1N1|2008.563|Asia|,0.7098194604955771,2008.563
EPI_ISL_116065|Human|H1N1|2008.555|Asia|,0.7093360230041862,2008.555
EPI_ISL_164027|Human|H1N1|2008.022|Europe|seasonal,0.709142348922477,2008.022
EPI_ISL_115806|Human|H1N1|2008.71|Asia|,0.7097521061356139,2008.71
EPI_ISL_164025|Human|H1N1|2007.992|Europe|seasonal,0.7098782278051262,2007.992
EPI_ISL_27694|Human|H1N1|2008|Europe|seasonal,0.7100678627517233,2008
EPI_ISL_70166|Human|H1N1|2009.016|Asia|seasonal,0.7102199787669148,2009.016
EPI_ISL_99224|Human|H1N1|2008.989|SouthAmerica|,0.7098719243348427,2008.989
EPI_ISL_99225|Human|H1N1|2008.984|SouthAmerica|,0.7098721003024461,2008.984
EPI_ISL_99220|Human|H1N1|2009.14|SouthAmerica|,0.708787149284958,2009.14
EPI_ISL_99226|Human|H1N1|2009|SouthAmerica|,0.7093912077665053,2009
EPI_ISL_99219|Human|H1N1|2009.233|SouthAmerica|,0.7096223618268521,2009.233
EPI_ISL_78565|Human|H1N1|2007|SouthAmerica|seasonal,0.7096572348493615,2007
EPI_ISL_87217|Human|H1N1|2009.118|NorthAmerica|,0.7093145573626403,2009.118
EPI_ISL_87237|Human|H1N1|2009.134|NorthAmerica|,0.7096554451484008,2009.134
EPI_ISL_80803|Human|H1N1|2009.323|NorthAmerica|,0.7094586979652129,2009.323
EPI_ISL_89594|Human|H1N1|2009.162|NorthAmerica|,0.7102023379861815,2009.162
EPI_ISL_89939|Human|H1N1|2009.121|NorthAmerica|,0.7096887030571079,2009.121
EPI_ISL_80783|Human|H1N1|2009.323|NorthAmerica|,0.7094344710874847,2009.323
EPI_ISL_80798|Human|H1N1|2009.323|NorthAmerica|,0.7095445903034109,2009.323
EPI_ISL_77962|Human|H1N1|2009.023|NorthAmerica|seasonal,0.7100563550728003,2009.023
EPI_ISL_78562|Human|H1N1|2007|SouthAmerica|seasonal,0.7100204926191299,2007
EPI_ISL_78572|Human|H1N1|2007|SouthAmerica|seasonal,0.7099985897806705,2007
EPI_ISL_78564|Human|H1N1|2007|SouthAmerica|seasonal,0.7096769615369917,2007
EPI_ISL_99218|Human|H1N1|2009.052|SouthAmerica|,0.7092867423551159,2009.052
EPI_ISL_99223|Human|H1N1|2009.036|SouthAmerica|,0.7095405527874875,2009.036
EPI_ISL_99229|Human|H1N1|2008.489|SouthAmerica|,0.7081247232682935,2008.489
EPI_ISL_99230|Human|H1N1|2009.085|NorthAmerica|,0.7082735688415593,2009.085
EPI_ISL_99210|Human|H1N1|2008.634|SouthAmerica|,0.7078429111674175,2008.634
EPI_ISL_99237|Human|H1N1|2009.414|NorthAmerica|,0.7088584439225863,2009.414
EPI_ISL_120443|Human|H1N1|2008.959|Asia|,0.7097463796141857,2008.959
EPI_ISL_120446|Human|H1N1|2008.191|Asia|,0.7096673071075501,2008.191
EPI_ISL_120447|Human|H1N1|2009.129|Asia|,0.71050079677531,2009.129
EPI_ISL_120444|Human|H1N1|2009.014|Asia|,0.7094234401122762,2009.014
EPI_ISL_80389|Human|H1N1|2009.321|NorthAmerica|,0.7101704486597392,2009.321
EPI_ISL_80810|Human|H1N1|2009.326|NorthAmerica|,0.7102314806094527,2009.326
EPI_ISL_100194|Human|H1N1|2009|Asia|,0.7086903525998772,2009
EPI_ISL_62516|Human|H1N1|2009.325|NorthAmerica|seasonal,0.7111451125280881,2009.325
EPI_ISL_162004|Human|H1N1|2009.707|Africa|,0.7097501334268955,2009.707
EPI_ISL_80388|Human|H1N1|2009.321|NorthAmerica|,0.7095912055367135,2009.321
EPI_ISL_80799|Human|H1N1|2009.323|NorthAmerica|,0.7098338934946128,2009.323
EPI_ISL_80789|Human|H1N1|2009.323|NorthAmerica|,0.7098338934946128,2009.323
EPI_ISL_76117|Human|H1N1|2009.319|NorthAmerica|seasonal,0.7097096073029683,2009.319
EPI_ISL_78723|Human|H1N1|2009.319|NorthAmerica|seasonal,0.7094317259468121,2009.319
EPI_ISL_80765|Human|H1N1|2009.315|NorthAmerica|,0.7088850493712027,2009.315
EPI_ISL_80774|Human|H1N1|2009.318|NorthAmerica|,0.7096540510213296,2009.318
EPI_ISL_80813|Human|H1N1|2009.326|NorthAmerica|,0.7093269210620786,2009.326
EPI_ISL_80796|Human|H1N1|2009.323|NorthAmerica|,0.7097256196873555,2009.323
EPI_ISL_80795|Human|H1N1|2009.323|NorthAmerica|,0.7097461681541337,2009.323
EPI_ISL_80794|Human|H1N1|2009.323|NorthAmerica|,0.7099060513044599,2009.323
EPI_ISL_80769|Human|H1N1|2009.318|NorthAmerica|,0.7097779701731125,2009.318
EPI_ISL_80823|Human|H1N1|2009|NorthAmerica|,0.7101181758855463,2009
EPI_ISL_80776|Human|H1N1|2009.323|NorthAmerica|,0.7097929763450228,2009.323
EPI_ISL_93577|Human|H1N1|2008.934|Asia|,0.7100855893321217,2008.934
EPI_ISL_93596|Human|H1N1|2008.934|Asia|,0.7102809489598562,2008.934
EPI_ISL_62496|Human|H1N1|2009.325|NorthAmerica|seasonal,0.7098551625258163,2009.325
EPI_ISL_80835|Human|H1N1|2009.348|NorthAmerica|,0.7102066132749417,2009.348
EPI_ISL_80834|Human|H1N1|2009.348|NorthAmerica|,0.7102066132749417,2009.348
EPI_ISL_80832|Human|H1N1|2009.353|NorthAmerica|,0.7100375591777419,2009.353
EPI_ISL_80826|Human|H1N1|2009.332|NorthAmerica|,0.7101068956158559,2009.332
EPI_ISL_80777|Human|H1N1|2009.323|NorthAmerica|,0.7100595762344336,2009.323
EPI_ISL_80768|Human|H1N1|2009.318|NorthAmerica|,0.7101068956158559,2009.318
EPI_ISL_78724|Human|H1N1|2009.322|NorthAmerica|seasonal,0.7107690326877354,2009.322
EPI_ISL_80828|Human|H1N1|2009.329|NorthAmerica|,0.7108240890750538,2009.329
EPI_ISL_80811|Human|H1N1|2009.326|NorthAmerica|,0.710708686566097,2009.326
EPI_ISL_80792|Human|H1N1|2009.323|NorthAmerica|,0.7107719537568803,2009.323
EPI_ISL_80833|Human|H1N1|2009.373|NorthAmerica|,0.7103311703929872,2009.373
EPI_ISL_87241|Human|H1N1|2009.205|NorthAmerica|,0.7094046994284535,2009.205
EPI_ISL_99238|Human|H1N1|2009|NorthAmerica|,0.7095227339907858,2009
EPI_ISL_99228|Human|H1N1|2009.162|Asia|,0.7101821883017347,2009.162
EPI_ISL_80763|Human|H1N1|2009.312|NorthAmerica|,0.7103378125586935,2009.312
EPI_ISL_99239|Human|H1N1|2009.162|NorthAmerica|,0.710214422968794,2009.162
EPI_ISL_263187|Human|H1N1|2009.625|SouthAmerica|,0.709424707503198,2009.625
EPI_ISL_263217|Human|H1N1|2009.575|SouthAmerica|,0.709245499173381,2009.575
EPI_ISL_33555|Human|H1N1|2008|Asia|seasonal,0.7102947702566343,2008
EPI_ISL_80764|Human|H1N1|2009.315|NorthAmerica|,0.7097890780999219,2009.315
EPI_ISL_76121|Human|H1N1|2009.322|NorthAmerica|seasonal,0.7099315745226127,2009.322
EPI_ISL_80782|Human|H1N1|2009.323|NorthAmerica|,0.7098034569429647,2009.323
EPI_ISL_91037|Human|H1N1|2009.323|NorthAmerica|,0.7099315745226127,2009.323
EPI_ISL_99240|Human|H1N1|2009.162|NorthAmerica|,0.7093240175967014,2009.162
EPI_ISL_99242|Human|H1N1|2009|NorthAmerica|,0.7089445595656287,2009
EPI_ISL_78566|Human|H1N1|2007|SouthAmerica|seasonal,0.709545045860742,2007
EPI_ISL_99222|Human|H1N1|2008.937|SouthAmerica|,0.708081857933572,2008.937
EPI_ISL_78567|Human|H1N1|2007|SouthAmerica|seasonal,0.7098519075256658,2007
EPI_ISL_99217|Human|H1N1|2008.672|SouthAmerica|,0.7072324049210262,2008.672
EPI_ISL_208717|Human|H1N1|2009.112|Asia|,0.7100310819755986,2009.112
EPI_ISL_77960|Human|H1N1|2009.086|NorthAmerica|seasonal,0.7096138900023453,2009.086
EPI_ISL_66172|Human|H1N1|2009.462|Asia|seasonal,0.7098873036841513,2009.462
EPI_ISL_70618|Human|H1N1|2009.473|Asia|seasonal,0.7095819926474003,2009.473
EPI_ISL_80779|Human|H1N1|2009.323|NorthAmerica|,0.7096119911626457,2009.323
EPI_ISL_87227|Human|H1N1|2009.186|NorthAmerica|,0.7089766558253474,2009.186
EPI_ISL_208749|Human|H1N1|2008.842|Asia|,0.7100921871045238,2008.842
EPI_ISL_61867|Human|H1N1|2009.537|Asia|seasonal,0.7105828849856894,2009.537
EPI_ISL_80836|Human|H1N1|2009.43|NorthAmerica|,0.7086221480185726,2009.43
EPI_ISL_77965|Human|H1N1|2009.163|NorthAmerica|seasonal,0.7097370704378319,2009.163
EPI_ISL_164033|Human|H1N1|2009.041|Europe|seasonal,0.7080769518729836,2009.041
EPI_ISL_69710|Human|H1N1|2009.808|Asia|seasonal,0.7093306858868467,2009.808
EPI_ISL_70620|Human|H1N1|2009.67|Asia|seasonal,0.7086265168520226,2009.67
EPI_ISL_66173|Human|H1N1|2009.538|Asia|seasonal,0.7092112963510524,2009.538
EPI_ISL_164032|Human|H1N1|2008.975|Europe|seasonal,0.7084650559837711,2008.975
EPI_ISL_164034|Human|H1N1|2009.153|Europe|seasonal,0.7086261626755211,2009.153
EPI_ISL_80808|Human|H1N1|2009.323|NorthAmerica|,0.7094235544266654,2009.323
EPI_ISL_61399|Human|H1N1|2009.007|Asia|seasonal,0.7099265200110402,2009.007
EPI_ISL_66171|Human|H1N1|2009.527|Asia|seasonal,0.708646001100474,2009.527
EPI_ISL_208750|Human|H1N1|2009.077|Asia|,0.7093096490078777,2009.077
EPI_ISL_164031|Human|H1N1|2008.844|Europe|seasonal,0.7084443042778249,2008.844
EPI_ISL_70619|Human|H1N1|2009.5|Asia|seasonal,0.7092722035686223,2009.5
EPI_ISL_208751|Human|H1N1|2009.499|Asia|,0.7093653311049011,2009.499
EPI_ISL_66168|Human|H1N1|2009.522|Asia|seasonal,0.7090403986552166,2009.522
EPI_ISL_66167|Human|H1N1|2009.456|Asia|seasonal,0.7103865148747891,2009.456
EPI_ISL_208719|Human|H1N1|2009.573|Asia|,0.7095723063425503,2009.573
EPI_ISL_208690|Human|H1N1|2008.877|Asia|,0.7102324346918979,2008.877
EPI_ISL_83678|Human|H1N1|2010.627|Asia|seasonal,0.7094459816931472,2010.627
EPI_ISL_83677|Human|H1N1|2010.104|Asia|seasonal,0.7094459816931472,2010.104
EPI_ISL_83674|Human|H1N1|2010.016|Asia|seasonal,0.7094459816931472,2010.016
EPI_ISL_93598|Human|H1N1|2008.861|Asia|,0.7102915225960288,2008.861
EPI_ISL_208731|Human|H1N1|2008.992|Asia|,0.709924111746936,2008.992
EPI_ISL_208732|Human|H1N1|2009.041|Asia|,0.7099909744016315,2009.041
EPI_ISL_80827|Human|H1N1|2009.329|NorthAmerica|,0.7101803530351883,2009.329
EPI_ISL_80790|Human|H1N1|2009.323|NorthAmerica|,0.7101028390187408,2009.323
EPI_ISL_80788|Human|H1N1|2009.323|NorthAmerica|,0.7108354747941806,2009.323
EPI_ISL_80386|Human|H1N1|2009.318|NorthAmerica|,0.710004391266752,2009.318
EPI_ISL_80383|Human|H1N1|2009.318|NorthAmerica|,0.7098720021017108,2009.318
EPI_ISL_80831|Human|H1N1|2009.337|NorthAmerica|,0.7095632831560479,2009.337
EPI_ISL_80819|Human|H1N1|2009.326|NorthAmerica|,0.7095632831560479,2009.326
EPI_ISL_80805|Human|H1N1|2009.323|NorthAmerica|,0.70952333969996,2009.323
EPI_ISL_80775|Human|H1N1|2009.321|NorthAmerica|,0.70952333969996,2009.321
EPI_ISL_80780|Human|H1N1|2009.323|NorthAmerica|,0.7102373170300357,2009.323
EPI_ISL_80824|Human|H1N1|2009|NorthAmerica|,0.7099487364314622,2009
EPI_ISL_93578|Human|H1N1|2008.943|Asia|,0.7101788055688806,2008.943
EPI_ISL_80384|Human|H1N1|2009.318|NorthAmerica|,0.7101251878127112,2009.318
EPI_ISL_80825|Human|H1N1|2009.34|NorthAmerica|,0.7098398519412412,2009.34
EPI_ISL_80820|Human|H1N1|2009.326|NorthAmerica|,0.7099979672636072,2009.326
EPI_ISL_80807|Human|H1N1|2009.323|NorthAmerica|,0.7099979672636072,2009.323
EPI_ISL_80821|Human|H1N1|2009.326|NorthAmerica|,0.7098040572757981,2009.326
EPI_ISL_70176|Human|H1N1|2009.049|Asia|seasonal,0.7090930003602133,2009.049
EPI_ISL_70178|Human|H1N1|2008.997|Asia|seasonal,0.7095196958269369,2008.997
EPI_ISL_70161|Human|H1N1|2009.033|Asia|seasonal,0.7102417548552038,2009.033
EPI_ISL_99232|Human|H1N1|2009.085|NorthAmerica|,0.7094568346335595,2009.085
EPI_ISL_208730|Human|H1N1|2008.713|Asia|,0.7099676506268524,2008.713
EPI_ISL_77954|Human|H1N1|2009.162|Asia|seasonal,0.7097041070987924,2009.162
EPI_ISL_208733|Human|H1N1|2009.126|Asia|,0.7091534038937651,2009.126
EPI_ISL_208759|Human|H1N1|2008.79|Asia|,0.7096790045515916,2008.79
EPI_ISL_70177|Human|H1N1|2009.068|Asia|seasonal,0.7095816650024409,2009.068
EPI_ISL_80815|Human|H1N1|2009.326|NorthAmerica|,0.7094813507523439,2009.326
EPI_ISL_70175|Human|H1N1|2009.036|Asia|seasonal,0.7099796057522167,2009.036
EPI_ISL_87218|Human|H1N1|2009.118|NorthAmerica|,0.7104815475138667,2009.118
EPI_ISL_80812|Human|H1N1|2009.326|NorthAmerica|,0.7099923139551718,2009.326
EPI_ISL_89591|Human|H1N1|2009.132|NorthAmerica|,0.7095556946047252,2009.132
EPI_ISL_62518|Human|H1N1|2009.352|NorthAmerica|seasonal,0.7095288179528917,2009.352
EPI_ISL_76128|Human|H1N1|2009.319|NorthAmerica|seasonal,0.7094026146768349,2009.319
EPI_ISL_80830|Human|H1N1|2009.345|NorthAmerica|,0.7099015830402131,2009.345
EPI_ISL_80829|Human|H1N1|2009.332|NorthAmerica|,0.7096712221990924,2009.332
EPI_ISL_80793|Human|H1N1|2009.323|NorthAmerica|,0.7096006760852361,2009.323
EPI_ISL_80778|Human|H1N1|2009.321|NorthAmerica|,0.7095233858850764,2009.321
EPI_ISL_80770|Human|H1N1|2009.318|NorthAmerica|,0.7097175287006456,2009.318
EPI_ISL_76125|Human|H1N1|2009.314|NorthAmerica|seasonal,0.7096417929550761,2009.314
EPI_ISL_99231|Human|H1N1|2009|Asia|,0.7089188103366219,2009
EPI_ISL_95932|Human|H1N1|2008.117|NorthAmerica|,0.709445159713121,2008.117
EPI_ISL_77943|Human|H1N1|2009.086|NorthAmerica|seasonal,0.7087941499864647,2009.086
EPI_ISL_70171|Human|H1N1|2009.025|Asia|seasonal,0.7094503664837722,2009.025
EPI_ISL_70159|Human|H1N1|2009.011|Asia|seasonal,0.7091491601408647,2009.011
EPI_ISL_80800|Human|H1N1|2009.323|NorthAmerica|,0.7089677994069586,2009.323
EPI_ISL_80797|Human|H1N1|2009.323|NorthAmerica|,0.7091015335216174,2009.323
EPI_ISL_87219|Human|H1N1|2009.121|NorthAmerica|,0.7092391105473089,2009.121
EPI_ISL_80771|Human|H1N1|2009.318|NorthAmerica|,0.7092790526386721,2009.318
EPI_ISL_80766|Human|H1N1|2009.315|NorthAmerica|,0.7092790526386721,2009.315
EPI_ISL_80385|Human|H1N1|2009.321|NorthAmerica|,0.7094720513355065,2009.321
EPI_ISL_80822|Human|H1N1|2009.326|NorthAmerica|,0.7091461289889718,2009.326
EPI_ISL_80816|Human|H1N1|2009.326|NorthAmerica|,0.7092059374684281,2009.326
EPI_ISL_76120|Human|H1N1|2009.319|NorthAmerica|seasonal,0.7091520420976736,2009.319
EPI_ISL_78722|Human|H1N1|2009.319|NorthAmerica|seasonal,0.7094991386487982,2009.319
EPI_ISL_80818|Human|H1N1|2009.326|NorthAmerica|,0.7094991386487982,2009.326
EPI_ISL_80809|Human|H1N1|2009.329|NorthAmerica|,0.709008097500418,2009.329
EPI_ISL_80806|Human|H1N1|2009.323|NorthAmerica|,0.7093659051729797,2009.323
EPI_ISL_80787|Human|H1N1|2009.323|NorthAmerica|,0.7094991386487982,2009.323
EPI_ISL_80786|Human|H1N1|2009.323|NorthAmerica|,0.7094991386487982,2009.323
EPI_ISL_80784|Human|H1N1|2009.321|NorthAmerica|,0.709008097500418,2009.321
EPI_ISL_80772|Human|H1N1|2009.318|NorthAmerica|,0.709008097500418,2009.318
EPI_ISL_144595|Human|H1N1|2009.118|NorthAmerica|,0.7087660051798952,2009.118
EPI_ISL_144591|Human|H1N1|2009.167|NorthAmerica|,0.7086781184825373,2009.167
EPI_ISL_144594|Human|H1N1|2009.099|NorthAmerica|,0.7089869072623939,2009.099
EPI_ISL_87231|Human|H1N1|2009.052|NorthAmerica|,0.7090938851199569,2009.052
EPI_ISL_62507|Human|H1N1|2009.318|NorthAmerica|seasonal,0.7084864234838631,2009.318
EPI_ISL_80387|Human|H1N1|2009.323|NorthAmerica|,0.7090419791310087,2009.323
EPI_ISL_80817|Human|H1N1|2009.326|NorthAmerica|,0.7094374078738068,2009.326
EPI_ISL_80804|Human|H1N1|2009.323|NorthAmerica|,0.7091580828337386,2009.323
EPI_ISL_99241|Human|H1N1|2009|Asia|,0.7087639156695213,2009
EPI_ISL_99236|Human|H1N1|2009|Asia|,0.7091344706393998,2009
EPI_ISL_99234|Human|H1N1|2009.162|NorthAmerica|,0.7079765522905583,2009.162
EPI_ISL_99233|Human|H1N1|2009.247|NorthAmerica|,0.7090785178338243,2009.247
EPI_ISL_77967|Human|H1N1|2009.163|NorthAmerica|seasonal,0.7086550584646756,2009.163
EPI_ISL_77937|Human|H1N1|2009.163|NorthAmerica|seasonal,0.7093370615090959,2009.163
EPI_ISL_77959|Human|H1N1|2009.086|NorthAmerica|seasonal,0.7093104446354235,2009.086
EPI_ISL_77941|Human|H1N1|2009.163|NorthAmerica|seasonal,0.708587747820923,2009.163
EPI_ISL_144607|Human|H1N1|2009.137|NorthAmerica|,0.7090046446058177,2009.137
EPI_ISL_144606|Human|H1N1|2009.137|NorthAmerica|,0.7089794857907562,2009.137
EPI_ISL_77970|Human|H1N1|2009.163|NorthAmerica|seasonal,0.7085198349004216,2009.163
EPI_ISL_144622|Human|H1N1|2009.137|NorthAmerica|,0.7089490185168811,2009.137
EPI_ISL_77942|Human|H1N1|2009.438|SouthAmerica|,0.7084184427988671,2009.438
EPI_ISL_99235|Human|H1N1|2009.085|Asia|,0.7084883560179053,2009.085
EPI_ISL_87207|Human|H1N1|2009.148|NorthAmerica|,0.7089727462648816,2009.148
EPI_ISL_62483|Human|H1N1|2009.319|NorthAmerica|seasonal,0.7089242021804495,2009.319
EPI_ISL_156324|Human|H1N1|2009.548|Oceania|,0.709227720034641,2009.548
EPI_ISL_80814|Human|H1N1|2009.326|NorthAmerica|,0.707944273130705,2009.326
EPI_ISL_80802|Human|H1N1|2009.326|NorthAmerica|,0.7079965181956632,2009.326
EPI_ISL_80781|Human|H1N1|2009.321|NorthAmerica|,0.7079965181956632,2009.321
EPI_ISL_80785|Human|H1N1|2009.323|NorthAmerica|,0.70798929702239,2009.323
EPI_ISL_80767|Human|H1N1|2009.318|NorthAmerica|,0.7079922073911843,2009.318
EPI_ISL_91038|Human|H1N1|2009.321|NorthAmerica|,0.7079789321282766,2009.321
EPI_ISL_80773|Human|H1N1|2009.318|NorthAmerica|,0.7087480728149899,2009.318
EPI_ISL_29674|Human|H1N1|2008.653|NorthAmerica|seasonal,0.709287069269699,2008.653
EPI_ISL_62911|Human|H1N1|2008.657|NorthAmerica|seasonal,0.7097793724515036,2008.657
EPI_ISL_62906|Human|H1N1|2008.802|NorthAmerica|seasonal,0.7088767133871762,2008.802
EPI_ISL_30232|Human|H1N1|2008.762|NorthAmerica|seasonal,0.7097113686699582,2008.762
EPI_ISL_62912|Human|H1N1|2008.6|NorthAmerica|seasonal,0.7099450127914518,2008.6
EPI_ISL_87210|Human|H1N1|2009.153|NorthAmerica|,0.7082293283220409,2009.153
EPI_ISL_87186|Human|H1N1|2009.11|NorthAmerica|,0.708406985028128,2009.11
EPI_ISL_87215|Human|H1N1|2009.167|NorthAmerica|,0.7085138878040403,2009.167
EPI_ISL_87205|Human|H1N1|2009.145|NorthAmerica|,0.7089826949829947,2009.145
EPI_ISL_62528|Human|H1N1|2009.399|NorthAmerica|seasonal,0.7089678915845617,2009.399
EPI_ISL_87240|Human|H1N1|2009.137|NorthAmerica|,0.7085517230645554,2009.137
EPI_ISL_87234|Human|H1N1|2009.112|NorthAmerica|,0.7094444304150607,2009.112
EPI_ISL_87220|Human|H1N1|2009.156|NorthAmerica|,0.7090160688582406,2009.156
EPI_ISL_87212|Human|H1N1|2009.156|NorthAmerica|,0.7085210812932571,2009.156
EPI_ISL_87209|Human|H1N1|2009.151|NorthAmerica|,0.7089829996501946,2009.151
EPI_ISL_87195|Human|H1N1|2009.137|NorthAmerica|,0.7089069533389195,2009.137
EPI_ISL_87192|Human|H1N1|2009.112|NorthAmerica|,0.7087899632260085,2009.112
EPI_ISL_87190|Human|H1N1|2009.107|NorthAmerica|,0.7094879839048808,2009.107
EPI_ISL_87185|Human|H1N1|2009.104|NorthAmerica|,0.7091637942105187,2009.104
EPI_ISL_89600|Human|H1N1|2009.036|NorthAmerica|,0.7089856094354022,2009.036
EPI_ISL_89596|Human|H1N1|2009.142|NorthAmerica|,0.7089599275545956,2009.142
EPI_ISL_89947|Human|H1N1|2009.137|NorthAmerica|,0.708927767563366,2009.137
EPI_ISL_89940|Human|H1N1|2009.074|NorthAmerica|,0.7091242197960728,2009.074
EPI_ISL_93685|Human|H1N1|2009.115|NorthAmerica|,0.7087685145679038,2009.115
EPI_ISL_62519|Human|H1N1|2009.363|NorthAmerica|seasonal,0.709226310966639,2009.363
EPI_ISL_87216|Human|H1N1|2009.118|NorthAmerica|,0.709003162896841,2009.118
EPI_ISL_89599|Human|H1N1|2009.216|NorthAmerica|,0.7091225796443498,2009.216
EPI_ISL_89605|Human|H1N1|2009.195|NorthAmerica|,0.7089925346119852,2009.195
EPI_ISL_87226|Human|H1N1|2009.186|NorthAmerica|,0.7088598764445017,2009.186
EPI_ISL_87225|Human|H1N1|2009.184|NorthAmerica|,0.7088598764445017,2009.184
EPI_ISL_87222|Human|H1N1|2009.162|NorthAmerica|,0.7093802574077307,2009.162
EPI_ISL_89597|Human|H1N1|2009.159|NorthAmerica|,0.7088125856136711,2009.159
EPI_ISL_80390|Human|H1N1|2009.323|NorthAmerica|,0.7090713157772883,2009.323
EPI_ISL_80801|Human|H1N1|2009.323|NorthAmerica|,0.7090713157772883,2009.323
EPI_ISL_87211|Human|H1N1|2009.082|NorthAmerica|,0.7088595289521364,2009.082
EPI_ISL_88954|Human|H1N1|2009.077|NorthAmerica|,0.7091251428608767,2009.077
EPI_ISL_87183|Human|H1N1|2009.077|NorthAmerica|,0.7090764257541974,2009.077
EPI_ISL_80791|Human|H1N1|2009.326|NorthAmerica|,0.7089546698049104,2009.326
EPI_ISL_87223|Human|H1N1|2009.167|NorthAmerica|,0.7090074917445239,2009.167
EPI_ISL_87194|Human|H1N1|2009.132|NorthAmerica|,0.7089363546437557,2009.132
EPI_ISL_87202|Human|H1N1|2009.14|NorthAmerica|,0.7086889900841833,2009.14
EPI_ISL_87236|Human|H1N1|2009.118|NorthAmerica|,0.708931057436182,2009.118
EPI_ISL_87221|Human|H1N1|2009.159|NorthAmerica|,0.7088325324704672,2009.159
EPI_ISL_89598|Human|H1N1|2009.159|NorthAmerica|,0.7088504559905181,2009.159
EPI_ISL_89593|Human|H1N1|2009.167|NorthAmerica|,0.7089201499047528,2009.167
EPI_ISL_87230|Human|H1N1|2009.225|NorthAmerica|,0.7085642945934657,2009.225
EPI_ISL_87213|Human|H1N1|2009.162|NorthAmerica|,0.7084596713981245,2009.162
EPI_ISL_89590|Human|H1N1|2009.134|NorthAmerica|,0.7088112669804696,2009.134
EPI_ISL_87224|Human|H1N1|2009.184|NorthAmerica|,0.7090919128905435,2009.184
EPI_ISL_87196|Human|H1N1|2009.137|NorthAmerica|,0.708984395883202,2009.137
EPI_ISL_87238|Human|H1N1|2009.145|NorthAmerica|,0.7090474769468362,2009.145
EPI_ISL_87233|Human|H1N1|2009.107|NorthAmerica|,0.7090948277919188,2009.107
EPI_ISL_87228|Human|H1N1|2009.195|NorthAmerica|,0.708982843947979,2009.195
EPI_ISL_87208|Human|H1N1|2009.148|NorthAmerica|,0.7091289884123035,2009.148
EPI_ISL_87239|Human|H1N1|2009.142|NorthAmerica|,0.7090133202530745,2009.142
EPI_ISL_87189|Human|H1N1|2009.11|NorthAmerica|,0.7088895892310451,2009.11
EPI_ISL_87214|Human|H1N1|2009.162|NorthAmerica|,0.7086028804304182,2009.162
EPI_ISL_87187|Human|H1N1|2009.112|NorthAmerica|,0.709465950232718,2009.112
EPI_ISL_87235|Human|H1N1|2009.115|NorthAmerica|,0.7087417491385454,2009.115
EPI_ISL_87206|Human|H1N1|2009.145|NorthAmerica|,0.7089863066690295,2009.145
EPI_ISL_87203|Human|H1N1|2009.134|NorthAmerica|,0.708789871534504,2009.134
EPI_ISL_87193|Human|H1N1|2009.112|NorthAmerica|,0.7087213796918774,2009.112
EPI_ISL_89604|Human|H1N1|2009.093|NorthAmerica|,0.7085516302965834,2009.093
EPI_ISL_89603|Human|H1N1|2009.079|NorthAmerica|,0.7087446618761013,2009.079
EPI_ISL_89602|Human|H1N1|2009.077|NorthAmerica|,0.7087446618761013,2009.077
EPI_ISL_89601|Human|H1N1|2009.058|NorthAmerica|,0.7087125335838081,2009.058
EPI_ISL_89595|Human|H1N1|2009.118|NorthAmerica|,0.7084872755421273,2009.118
EPI_ISL_89592|Human|H1N1|2009.137|NorthAmerica|,0.7083570773874618,2009.137
EPI_ISL_87229|Human|H1N1|2009.222|NorthAmerica|,0.7089602568757998,2009.222
EPI_ISL_89589|Human|H1N1|2009.093|NorthAmerica|,0.7084835105856676,2009.093
EPI_ISL_87204|Human|H1N1|2009.137|NorthAmerica|,0.7086193673344632,2009.137
EPI_ISL_144596|Human|H1N1|2009.156|NorthAmerica|,0.7091703255056472,2009.156
EPI_ISL_62802|Human|H1N1|2008.146|NorthAmerica|seasonal,0.7095801208936305,2008.146
EPI_ISL_71839|Human|H1N1|2007|NorthAmerica|seasonal,0.7094223459869585,2007
EPI_ISL_116011|Human|H1N1|2008.486|Asia|,0.7094320541547371,2008.486
EPI_ISL_116010|Human|H1N1|2008.59|Asia|,0.7094320541547371,2008.59
EPI_ISL_106671|Human|H1N1|2008.574|Asia|,0.7089685137788336,2008.574
EPI_ISL_127615|Human|H1N1|2007|NorthAmerica|,0.7097553334238623,2007
EPI_ISL_15602|Human|H1N1|2006|Europe|seasonal,0.7113637944897243,2006
EPI_ISL_123192|Human|H1N1|2004|NorthAmerica|,0.7115056513542877,2004
EPI_ISL_145700|Human|H1N1|2007.395|Asia|,0.7098643033468576,2007.395
EPI_ISL_145699|Human|H1N1|2007.364|Asia|,0.7095397474328015,2007.364
EPI_ISL_151781|Human|H1N1|2007.351|Asia|,0.7094150575905988,2007.351
EPI_ISL_151783|Human|H1N1|2007.351|Asia|,0.7094584858067635,2007.351
EPI_ISL_145698|Human|H1N1|2007.395|Asia|,0.7096354130273481,2007.395
EPI_ISL_181327|Human|H1N1|2007.375|Asia|,0.7091066362239717,2007.375
EPI_ISL_93587|Human|H1N1|2008.82|Asia|,0.7088943571329237,2008.82
EPI_ISL_93593|Human|H1N1|2008.762|Asia|,0.7094196178623742,2008.762
EPI_ISL_33558|Human|H1N1|2008|Asia|seasonal,0.7099047030663149,2008
EPI_ISL_33557|Human|H1N1|2008|Asia|seasonal,0.7099047030663149,2008
EPI_ISL_93599|Human|H1N1|2008.781|Asia|,0.7096514302762387,2008.781
EPI_ISL_63397|Human|H1N1|2007.971|Asia|seasonal,0.7087658647954306,2007.971
EPI_ISL_33559|Human|H1N1|2008|Asia|seasonal,0.7100147380602977,2008
EPI_ISL_33556|Human|H1N1|2008|Asia|seasonal,0.7102829280863342,2008
EPI_ISL_120440|Human|H1N1|2007.499|Asia|,0.7105058309712864,2007.499
EPI_ISL_181326|Human|H1N1|2007.364|Asia|,0.70920372904336,2007.364
EPI_ISL_120445|Human|H1N1|2007.556|Asia|,0.7089780393494464,2007.556
EPI_ISL_151784|Human|H1N1|2007.354|Asia|,0.7098497172412642,2007.354
EPI_ISL_181325|Human|H1N1|2007.351|Asia|,0.7094137257190166,2007.351
EPI_ISL_120438|Human|H1N1|2007.107|Asia|,0.71014863431999,2007.107
EPI_ISL_120437|Human|H1N1|2007.088|Asia|,0.7099436569627345,2007.088
EPI_ISL_120436|Human|H1N1|2007.088|Asia|,0.7099436569627345,2007.088
EPI_ISL_181328|Human|H1N1|2007.386|Asia|,0.7094390350239602,2007.386
EPI_ISL_120439|Human|H1N1|2007.444|Asia|,0.7089829296056825,2007.444
EPI_ISL_70167|Human|H1N1|2008.016|Asia|seasonal,0.7083724193152802,2008.016
EPI_ISL_70173|Human|H1N1|2008.139|Asia|seasonal,0.7081995289034836,2008.139
EPI_ISL_70157|Human|H1N1|2008.011|Asia|seasonal,0.7082291907440438,2008.011
EPI_ISL_70174|Human|H1N1|2008.183|Asia|seasonal,0.7089362026263899,2008.183
EPI_ISL_106750|Human|H1N1|2008.954|Asia|,0.7086786992653082,2008.954
EPI_ISL_106730|Human|H1N1|2008.861|Asia|,0.7094619805451227,2008.861
EPI_ISL_106675|Human|H1N1|2008.5|Asia|,0.7090376852095877,2008.5
EPI_ISL_115857|Human|H1N1|2008.858|Asia|,0.7092270973859595,2008.858
EPI_ISL_106752|Human|H1N1|2008.536|Asia|,0.7086289675946087,2008.536
EPI_ISL_106712|Human|H1N1|2008.746|Asia|,0.7099195796435724,2008.746
EPI_ISL_106711|Human|H1N1|2008.746|Asia|,0.7099195796435724,2008.746
EPI_ISL_106691|Human|H1N1|2008.678|Asia|,0.7097367590500249,2008.678
EPI_ISL_116006|Human|H1N1|2008.648|Asia|,0.7098842542916418,2008.648
EPI_ISL_116012|Human|H1N1|2008.522|Asia|,0.7090961300535099,2008.522
EPI_ISL_70163|Human|H1N1|2008.055|Asia|seasonal,0.7090027455401454,2008.055
EPI_ISL_93581|Human|H1N1|2007.211|Asia|,0.7102349405319159,2007.211
EPI_ISL_7803|Human|H1N1|2007.058|NorthAmerica|seasonal,0.7092651942923018,2007.058
EPI_ISL_93597|Human|H1N1|2006.504|Asia|,0.7098688384768004,2006.504
EPI_ISL_93580|Human|H1N1|2006.392|Asia|,0.710129441622676,2006.392
EPI_ISL_25031|Human|H1N1|2006|Europe|seasonal,0.7100399159699748,2006
EPI_ISL_123193|Human|H1N1|2004|Asia|,0.7118113272000172,2004
EPI_ISL_12839|Human|H1N1|2006|Asia|seasonal,0.7100090571195511,2006
EPI_ISL_12838|Human|H1N1|2006|Asia|seasonal,0.7100760195811571,2006
EPI_ISL_120427|Human|H1N1|2005.573|Asia|,0.7103757908415094,2005.573
EPI_ISL_120428|Human|H1N1|2005.605|Asia|,0.7112213714680486,2005.605
EPI_ISL_120431|Human|H1N1|2006.334|Asia|,0.7110433352990706,2006.334
EPI_ISL_93576|Human|H1N1|2005.989|Asia|,0.7112291967231713,2005.989
EPI_ISL_29642|Human|H1N1|2006.816|Asia|seasonal,0.7108102931290877,2006.816
EPI_ISL_99209|Human|H1N1|2006|Asia|,0.7100482417176857,2006
EPI_ISL_120435|Human|H1N1|2007.011|Asia|,0.7108373094675433,2007.011
EPI_ISL_120433|Human|H1N1|2006.759|Asia|,0.7112629672660106,2006.759
EPI_ISL_120432|Human|H1N1|2006.545|Asia|,0.7109156116826124,2006.545
EPI_ISL_106670|Human|H1N1|2006.57|Asia|,0.7115862572143523,2006.57
EPI_ISL_106669|Human|H1N1|2006.564|Asia|,0.711651272274177,2006.564
EPI_ISL_106640|Human|H1N1|2006.584|Asia|,0.7114613877769443,2006.584
EPI_ISL_116064|Human|H1N1|2006.447|Asia|,0.7115073968601151,2006.447
EPI_ISL_116063|Human|H1N1|2006.384|Asia|,0.7113080661017632,2006.384
EPI_ISL_106639|Human|H1N1|2006.463|Asia|,0.7112956351905803,2006.463
EPI_ISL_93591|Human|H1N1|2006.033|Asia|,0.7108739246466327,2006.033
EPI_ISL_7816|Human|H1N1|2007.101|NorthAmerica|seasonal,0.7122301430411593,2007.101
EPI_ISL_7938|Human|H1N1|2007.126|NorthAmerica|seasonal,0.7116488766679951,2007.126
EPI_ISL_93584|Human|H1N1|2008.716|Asia|,0.7106731258675929,2008.716
EPI_ISL_93592|Human|H1N1|2006.008|Asia|,0.7108380633234462,2006.008
EPI_ISL_12836|Human|H1N1|2006|Asia|seasonal,0.7114698374716524,2006
EPI_ISL_12835|Human|H1N1|2006|Asia|seasonal,0.7115274021924527,2006
EPI_ISL_93579|Human|H1N1|2006.121|Asia|,0.7113334172984469,2006.121
EPI_ISL_93600|Human|H1N1|2006.493|Asia|,0.7104135006141261,2006.493
EPI_ISL_120426|Human|H1N1|2004.809|Asia|,0.7114331693769226,2004.809
EPI_ISL_123186|Human|H1N1|2001|Asia|,0.7109063219391678,2001
EPI_ISL_9127|Human|H1N1|2004.697|Oceania|seasonal,0.7121515450404418,2004.697
EPI_ISL_120430|Human|H1N1|2005.929|Asia|,0.7112821888731119,2005.929
EPI_ISL_120429|Human|H1N1|2005.912|Asia|,0.7112821888731119,2005.912
EPI_ISL_120434|Human|H1N1|2006.921|Asia|,0.7118341175125477,2006.921
EPI_ISL_25710|Human|H1N1|2006.225|Europe|seasonal,0.710638501581331,2006.225
EPI_ISL_25708|Human|H1N1|2006.244|Europe|seasonal,0.7106560805324978,2006.244
EPI_ISL_208699|Human|H1N1|2007.789|Asia|,0.7106715495127738,2007.789
EPI_ISL_208698|Human|H1N1|2007.767|Asia|,0.7106715495127738,2007.767
EPI_ISL_8026|Human|H1N1|2007.104|NorthAmerica|seasonal,0.7099678110859028,2007.104
EPI_ISL_7825|Human|H1N1|2007.047|NorthAmerica|seasonal,0.7094730895880818,2007.047
EPI_ISL_7784|Human|H1N1|2007.137|NorthAmerica|seasonal,0.7099092917707465,2007.137
EPI_ISL_7805|Human|H1N1|2007.14|NorthAmerica|seasonal,0.7105649167648072,2007.14
EPI_ISL_8025|Human|H1N1|2007.162|NorthAmerica|seasonal,0.7105942843398169,2007.162
EPI_ISL_7811|Human|H1N1|2007.162|NorthAmerica|seasonal,0.7096234220556689,2007.162
EPI_ISL_95933|Human|H1N1|2008.096|NorthAmerica|,0.710441110428355,2008.096
EPI_ISL_208748|Human|H1N1|2007.863|Asia|,0.7103082050057269,2007.863
EPI_ISL_71838|Human|H1N1|2007|Oceania|seasonal,0.7102188363342721,2007
EPI_ISL_154509|Human|H1N1|2007|Oceania|,0.7100940639863825,2007
EPI_ISL_154508|Human|H1N1|2007|Oceania|,0.7100940639863825,2007
EPI_ISL_154506|Human|H1N1|2007|Oceania|,0.7102393683725774,2007
EPI_ISL_154507|Human|H1N1|2007|Oceania|,0.7101963991060886,2007
EPI_ISL_154505|Human|H1N1|2007|Oceania|,0.7101963991060886,2007
EPI_ISL_154504|Human|H1N1|2007|Oceania|,0.7101963991060886,2007
EPI_ISL_154503|Human|H1N1|2007|Oceania|,0.7100158488196012,2007
EPI_ISL_154502|Human|H1N1|2007|Oceania|,0.7099031217811288,2007
EPI_ISL_154501|Human|H1N1|2007|Oceania|,0.7101963991060886,2007
EPI_ISL_154500|Human|H1N1|2007|Oceania|,0.7101963991060886,2007
EPI_ISL_154498|Human|H1N1|2007|Oceania|,0.7101963991060886,2007
EPI_ISL_154497|Human|H1N1|2007|Oceania|,0.7101963991060886,2007
EPI_ISL_154496|Human|H1N1|2007|Oceania|,0.7101963991060886,2007
EPI_ISL_154495|Human|H1N1|2007|Oceania|,0.7101963991060886,2007
EPI_ISL_154494|Human|H1N1|2007|Oceania|,0.7101963991060886,2007
EPI_ISL_154493|Human|H1N1|2007|Oceania|,0.7101963991060886,2007
EPI_ISL_154492|Human|H1N1|2007|Oceania|,0.7102007222562462,2007
EPI_ISL_154491|Human|H1N1|2007|Oceania|,0.7101963991060886,2007
EPI_ISL_154490|Human|H1N1|2007|Oceania|,0.7101963991060886,2007
EPI_ISL_154489|Human|H1N1|2007|Oceania|,0.7102741791741761,2007
EPI_ISL_154486|Human|H1N1|2007|Oceania|,0.7100158488196012,2007
EPI_ISL_154485|Human|H1N1|2007|Oceania|,0.7102955408386511,2007
EPI_ISL_154484|Human|H1N1|2007|Oceania|,0.7101963991060886,2007
EPI_ISL_154483|Human|H1N1|2007|Oceania|,0.7101963991060886,2007
EPI_ISL_154482|Human|H1N1|2007|Oceania|,0.7101963991060886,2007
EPI_ISL_154481|Human|H1N1|2007|Oceania|,0.7101963991060886,2007
EPI_ISL_154480|Human|H1N1|2007|Oceania|,0.7101963991060886,2007
EPI_ISL_154478|Human|H1N1|2007|Oceania|,0.7102955408386511,2007
EPI_ISL_154477|Human|H1N1|2007|Oceania|,0.7101963991060886,2007
EPI_ISL_154487|Human|H1N1|2007|Oceania|,0.7100303602916682,2007
EPI_ISL_93583|Human|H1N1|2008.79|Asia|,0.7097971268892161,2008.79
EPI_ISL_30205|Human|H1N1|2007.658|Asia|seasonal,0.7098547482236457,2007.658
EPI_ISL_62798|Human|H1N1|2008.138|NorthAmerica|seasonal,0.7091413406305379,2008.138
EPI_ISL_164010|Human|H1N1|2007.959|Europe|seasonal,0.7093111102953226,2007.959
EPI_ISL_154499|Human|H1N1|2007|Oceania|,0.7100795810667604,2007
EPI_ISL_154488|Human|H1N1|2007|Oceania|,0.7100795810667604,2007
EPI_ISL_154479|Human|H1N1|2007|Oceania|,0.7100795810667604,2007
EPI_ISL_30209|Human|H1N1|2008.005|Asia|seasonal,0.7097041060873146,2008.005
EPI_ISL_62785|Human|H1N1|2008.116|NorthAmerica|seasonal,0.7102016666739325,2008.116
EPI_ISL_62779|Human|H1N1|2008.092|NorthAmerica|seasonal,0.7103044839818302,2008.092
EPI_ISL_70165|Human|H1N1|2008.169|Asia|seasonal,0.7103188829533927,2008.169
EPI_ISL_62780|Human|H1N1|2008.094|NorthAmerica|seasonal,0.7100154325759221,2008.094
EPI_ISL_70168|Human|H1N1|2008.137|Asia|seasonal,0.7102189725624226,2008.137
EPI_ISL_62839|Human|H1N1|2008.085|NorthAmerica|seasonal,0.709873922336379,2008.085
EPI_ISL_70158|Human|H1N1|2008.074|Asia|seasonal,0.7096971507325831,2008.074
EPI_ISL_63357|Human|H1N1|2007.925|NorthAmerica|seasonal,0.7101111126532761,2007.925
EPI_ISL_78568|Human|H1N1|2007|SouthAmerica|seasonal,0.7099279704959228,2007
EPI_ISL_208761|Human|H1N1|2007.718|Asia|,0.710764322783571,2007.718
EPI_ISL_164015|Human|H1N1|2008.022|Europe|seasonal,0.708582246622811,2008.022
EPI_ISL_164012|Human|H1N1|2008.003|Europe|seasonal,0.7085918847067179,2008.003
EPI_ISL_70164|Human|H1N1|2008.074|Asia|seasonal,0.7093654125296435,2008.074
EPI_ISL_356930|Human|H1N1|2007.51|Oceania|seasonal,0.7102650936305288,2007.51
EPI_ISL_28850|Human|H1N1|2008.066|Asia|seasonal,0.7095885280899596,2008.066
EPI_ISL_70172|Human|H1N1|2008.131|Asia|seasonal,0.7098861758823242,2008.131
EPI_ISL_208747|Human|H1N1|2007.748|Asia|,0.7081875088806017,2007.748
EPI_ISL_208689|Human|H1N1|2007.929|Asia|,0.7086872223579979,2007.929
EPI_ISL_208764|Human|H1N1|2007.923|Asia|,0.7088038113348114,2007.923
EPI_ISL_208688|Human|H1N1|2007.795|Asia|,0.7086202652273589,2007.795
EPI_ISL_25713|Human|H1N1|2007.997|Europe|seasonal,0.709651820043469,2007.997
EPI_ISL_62957|Human|H1N1|2008.026|NorthAmerica|seasonal,0.7096700796096113,2008.026
EPI_ISL_164017|Human|H1N1|2008.027|Europe|seasonal,0.7087879744953128,2008.027
EPI_ISL_29776|Human|H1N1|2008.563|NorthAmerica|seasonal,0.7098303769128677,2008.563
EPI_ISL_30234|Human|H1N1|2008.486|NorthAmerica|seasonal,0.7096110508792456,2008.486
EPI_ISL_29672|Human|H1N1|2008.437|NorthAmerica|seasonal,0.7095773023539483,2008.437
EPI_ISL_29673|Human|H1N1|2008.434|NorthAmerica|seasonal,0.7096378485632061,2008.434
EPI_ISL_29777|Human|H1N1|2008.443|NorthAmerica|seasonal,0.7096055382164304,2008.443
EPI_ISL_62910|Human|H1N1|2008.499|NorthAmerica|seasonal,0.7098128363168312,2008.499
EPI_ISL_30790|Human|H1N1|2008.434|NorthAmerica|seasonal,0.7100026224298567,2008.434
EPI_ISL_78571|Human|H1N1|2007|SouthAmerica|seasonal,0.7092593516002211,2007
EPI_ISL_78570|Human|H1N1|2007|SouthAmerica|seasonal,0.7098065157588133,2007
EPI_ISL_78569|Human|H1N1|2007|SouthAmerica|seasonal,0.7093956728025292,2007
EPI_ISL_164009|Human|H1N1|2007.806|Europe|seasonal,0.710575577630286,2007.806
EPI_ISL_120441|Human|H1N1|2007.638|Asia|,0.7098842188394917,2007.638
EPI_ISL_120442|Human|H1N1|2007.827|Asia|,0.7097247294935658,2007.827
EPI_ISL_77969|Human|H1N1|2009.023|NorthAmerica|seasonal,0.70953319043357,2009.023
EPI_ISL_77966|Human|H1N1|2009.163|NorthAmerica|seasonal,0.7097104427419049,2009.163
