isolate_id,genotype,collection_time,zoe_genotype,location,profile_lab,PB2,PB1,PA,HA,NP,NA,MP,NS,genotypenew
EPI_ISL_13285539,A1,2022.249,G3,NorthAmerica,A1,ea1,ea1,ea1,ea1,ea1,ea1,ea1,ea1,G8
EPI_ISL_13432612,A1,2022.255,G3,NorthAmerica,A1,ea1,ea1,ea1,ea1,ea1,ea1,ea1,ea1,G8
EPI_ISL_15004373,A1,2022.255,G3,NorthAmerica,A1,ea1,ea1,ea1,ea1,ea1,ea1,ea1,ea1,G8
EPI_ISL_13285246,A1,2022.247,G3,NorthAmerica,A1,ea1,ea1,ea1,ea1,ea1,ea1,ea1,ea1,G8
EPI_ISL_15004372,A1,2022.255,G3,NorthAmerica,A1,ea1,ea1,ea1,ea1,ea1,ea1,ea1,ea1,G8
EPI_ISL_13431308,A1,2022.255,G3,NorthAmerica,A1,ea1,ea1,ea1,ea1,ea1,ea1,ea1,ea1,G8
EPI_ISL_13432611,A1,2022.255,G3,NorthAmerica,A1,ea1,ea1,ea1,ea1,ea1,ea1,ea1,ea1,G8
EPI_ISL_16171324,A1,2022.296,G3,NorthAmerica,A1,ea1,ea1,ea1,ea1,ea1,ea1,ea1,ea1,G8
EPI_ISL_16171247,A1,2022.296,G3,NorthAmerica,A1,ea1,ea1,ea1,ea1,ea1,ea1,ea1,ea1,G8
EPI_ISL_16171248,A1,2022.296,G3,NorthAmerica,A1,ea1,ea1,ea1,ea1,ea1,ea1,ea1,ea1,G8
EPI_ISL_13434430,A1,2022.26,G3,NorthAmerica,A1,ea1,ea1,ea1,ea1,ea1,ea1,ea1,ea1,G8
EPI_ISL_13433340,A1,2022.255,G3,NorthAmerica,A1,ea1,ea1,ea1,ea1,ea1,ea1,ea1,ea1,G8
EPI_ISL_16189979,A1,2022.318,G3,NorthAmerica,A1,ea1,ea1,ea1,ea1,ea1,ea1,ea1,ea1,G8
EPI_ISL_16240404,A1,2022.345,G3,NorthAmerica,A1,ea1,ea1,ea1,ea1,ea1,ea1,ea1,ea1,G8
EPI_ISL_13285540,A1,2022.249,G3,NorthAmerica,A1,ea1,ea1,ea1,ea1,ea1,ea1,ea1,ea1,G8
EPI_ISL_13434442,A1,2022.26,G3,NorthAmerica,A1,ea1,ea1,ea1,ea1,ea1,ea1,ea1,ea1,G8
EPI_ISL_16240434,A1,2022.348,G3,NorthAmerica,A1,ea1,ea1,ea1,ea1,ea1,ea1,ea1,ea1,G8
EPI_ISL_13432838,A1,2022.255,G3,NorthAmerica,A1,ea1,ea1,ea1,ea1,ea1,ea1,ea1,ea1,G8
EPI_ISL_13432849,A1,2022.255,G3,NorthAmerica,A1,ea1,ea1,ea1,ea1,ea1,ea1,ea1,ea1,G8
EPI_ISL_16240423,A1,2022.337,G3,NorthAmerica,A1,ea1,ea1,ea1,ea1,ea1,ea1,ea1,ea1,G8
EPI_ISL_16171418,A1,2022.315,G3,NorthAmerica,A1,ea1,ea1,ea1,ea1,ea1,ea1,ea1,ea1,G8
EPI_ISL_16244028,A1,2022.381,G3,NorthAmerica,A1,ea1,ea1,ea1,ea1,ea1,ea1,ea1,ea1,G8
EPI_ISL_16632506,A1,2022.332,G3,NorthAmerica,A1,ea1,ea1,ea1,ea1,ea1,ea1,ea1,ea1,G8
EPI_ISL_13052432,A1,2022.247,G3,NorthAmerica,A1,ea1,ea1,ea1,ea1,ea1,ea1,ea1,ea1,G8
EPI_ISL_16171495,A1,2022.332,G3,NorthAmerica,A1,ea1,ea1,ea1,ea1,ea1,ea1,ea1,ea1,G8
EPI_ISL_15004380,A1,2022.274,G3,NorthAmerica,A1,ea1,ea1,ea1,ea1,ea1,ea1,ea1,ea1,G8
EPI_ISL_16240445,A1,2022.348,G3,NorthAmerica,A1,ea1,ea1,ea1,ea1,ea1,ea1,ea1,ea1,G8
EPI_ISL_16632507,A1,2022.332,G3,NorthAmerica,A1,ea1,ea1,ea1,ea1,ea1,ea1,ea1,ea1,G8
EPI_ISL_16641798,A1,2022.271,G3,NorthAmerica,A1,ea1,ea1,ea1,ea1,ea1,ea1,ea1,ea1,G8
EPI_ISL_16243598,A1,2022.364,G3,NorthAmerica,A1,ea1,ea1,ea1,ea1,ea1,ea1,ea1,ea1,G8
EPI_ISL_16243610,A1,2022.364,G3,NorthAmerica,A1,ea1,ea1,ea1,ea1,ea1,ea1,ea1,ea1,G8
EPI_ISL_16243231,A1,2022.362,G3,NorthAmerica,A1,ea1,ea1,ea1,ea1,ea1,ea1,ea1,ea1,G8
EPI_ISL_13432861,A1,2022.255,G3,NorthAmerica,A1,ea1,ea1,ea1,ea1,ea1,ea1,ea1,ea1,G8
EPI_ISL_16244009,A1,2022.37,G3,NorthAmerica,A1,ea1,ea1,ea1,ea1,ea1,ea1,ea1,ea1,G8
EPI_ISL_16102279,A1,2022.293,G3,NorthAmerica,A1,ea1,ea1,ea1,ea1,ea1,ea1,ea1,ea1,G8
EPI_ISL_16102280,A1,2022.293,G3,NorthAmerica,A1,ea1,ea1,ea1,ea1,ea1,ea1,ea1,ea1,G8
EPI_ISL_16243958,A1,2022.37,G3,NorthAmerica,A1,ea1,ea1,ea1,ea1,ea1,ea1,ea1,ea1,G8
EPI_ISL_16240414,A1,2022.337,G3,NorthAmerica,A1,ea1,ea1,ea1,ea1,ea1,ea1,ea1,ea1,G8
EPI_ISL_16171415,A1,2022.312,G3,NorthAmerica,A1,ea1,ea1,ea1,ea1,ea1,ea1,ea1,ea1,G8
EPI_ISL_16171417,A1,2022.315,G3,NorthAmerica,A1,ea1,ea1,ea1,ea1,ea1,ea1,ea1,ea1,G8
EPI_ISL_13052433,A1,2022.247,G3,NorthAmerica,A1,ea1,ea1,ea1,ea1,ea1,ea1,ea1,ea1,G8
EPI_ISL_16243241,A1,2022.362,G3,NorthAmerica,A1,ea1,ea1,ea1,ea1,ea1,ea1,ea1,ea1,G8
EPI_ISL_16102166,A1,2022.288,G3,NorthAmerica,A1,ea1,ea1,ea1,ea1,ea1,ea1,ea1,ea1,G8
EPI_ISL_16102164,A1,2022.282,G3,NorthAmerica,A1,ea1,ea1,ea1,ea1,ea1,ea1,ea1,ea1,G8
EPI_ISL_16171249,A1,2022.296,G3,NorthAmerica,A1,ea1,ea1,ea1,ea1,ea1,ea1,ea1,ea1,G8
EPI_ISL_16171480,A1,2022.321,G3,NorthAmerica,A1,ea1,ea1,ea1,ea1,ea1,ea1,ea1,ea1,G8
EPI_ISL_16171402,A1,2022.301,G3,NorthAmerica,A1,ea1,ea1,ea1,ea1,ea1,ea1,ea1,ea1,G8
EPI_ISL_15077373,A1,2022.296,G3,NorthAmerica,A1,ea1,ea1,ea1,ea1,ea1,ea1,ea1,ea1,G8
EPI_ISL_15078261,A1,2022.296,G3,NorthAmerica,A1,ea1,ea1,ea1,ea1,ea1,ea1,ea1,ea1,G8
EPI_ISL_16171467,A1,2022.321,G3,NorthAmerica,A1,ea1,ea1,ea1,ea1,ea1,ea1,ea1,ea1,G8
EPI_ISL_16102163,A1,2022.282,G3,NorthAmerica,A1,ea1,ea1,ea1,ea1,ea1,ea1,ea1,ea1,G8
EPI_ISL_16171481,A1,2022.321,G3,NorthAmerica,A1,ea1,ea1,ea1,ea1,ea1,ea1,ea1,ea1,G8
EPI_ISL_16171325,A1,2022.296,G3,NorthAmerica,A1,ea1,ea1,ea1,ea1,ea1,ea1,ea1,ea1,G8
EPI_ISL_15004381,A1,2022.274,G3,NorthAmerica,A1,ea1,ea1,ea1,ea1,ea1,ea1,ea1,ea1,G8
EPI_ISL_16243948,A1,2022.37,G3,NorthAmerica,A1,ea1,ea1,ea1,ea1,ea1,ea1,ea1,ea1,G8
EPI_ISL_14098924,A2,2022.49,G3,NorthAmerica,A2,ea1,ea2,ea1,ea2,ea1,ea2,ea1,ea1,G7
EPI_ISL_15214835,A2,2022.474,G3,NorthAmerica,A2,ea1,ea2,ea1,ea2,ea1,ea2,ea1,ea1,G7
EPI_ISL_14098922,A2,2022.49,G3,NorthAmerica,A2,ea1,ea2,ea1,ea2,ea1,ea2,ea1,ea1,G7
EPI_ISL_14098923,A2,2022.49,G3,NorthAmerica,A2,ea1,ea2,ea1,ea2,ea1,ea2,ea1,ea1,G7
EPI_ISL_16632510,A2,2022.515,G3,NorthAmerica,A2,ea1,ea2,ea1,ea2,ea1,ea2,ea1,ea1,G7
EPI_ISL_16632502,A2,2022.274,G3,NorthAmerica,A2,ea1,ea2,ea1,ea2,ea1,ea2,ea1,ea1,G7
EPI_ISL_16632512,A2,2022.512,G3,NorthAmerica,A2,ea1,ea2,ea1,ea2,ea1,ea2,ea1,ea1,G7
EPI_ISL_16641799,A2,2022.353,G3,NorthAmerica,A2.2,ea1,ea2,ea1,ea2,ea1,ea1,ea1,ea1,G7
EPI_ISL_16632522,A2,2022.532,G3,NorthAmerica,A2,ea1,ea2,ea1,ea2,ea1,ea2,ea1,ea1,G7
EPI_ISL_16632511,A2,2022.49,G3,NorthAmerica,A2,ea1,ea2,ea1,ea2,ea1,ea2,ea1,ea1,G7
EPI_ISL_16632520,A2,2022.526,G3,NorthAmerica,A2,ea1,ea2,ea1,ea2,ea1,ea2,ea1,ea1,G7
EPI_ISL_13432800,A2,2022.255,G3,NorthAmerica,A2,ea1,ea2,ea1,ea2,ea1,ea2,ea1,ea1,G7
EPI_ISL_16632513,A2,2022.515,G3,NorthAmerica,A2,ea1,ea2,ea1,ea2,ea1,ea2,ea1,ea1,G7
EPI_ISL_16632501,A2,2022.247,G3,NorthAmerica,A2,ea1,ea2,ea1,ea2,ea1,ea2,ea1,ea1,G7
EPI_ISL_13432788,A2,2022.255,G3,NorthAmerica,A2,ea1,ea2,ea1,ea2,ea1,ea2,ea1,ea1,G7
EPI_ISL_16021854,A2,2022.488,G3,NorthAmerica,A2.2,ea1,ea2,ea1,ea2,ea1,ea1,ea1,ea1,G7
EPI_ISL_16244526,A2,2022.392,G3,NorthAmerica,A2.2,ea1,ea2,ea1,ea2,ea1,ea1,ea1,ea1,G7
EPI_ISL_16632523,A2,2022.551,G3,NorthAmerica,A2,ea1,ea2,ea1,ea2,ea1,ea2,ea1,ea1,G7
EPI_ISL_16020774,A2,2022.392,G3,NorthAmerica,A2.2,ea1,ea2,ea1,ea2,ea1,ea1,ea1,ea1,G7
EPI_ISL_14098920,A2,2022.49,G3,NorthAmerica,A2,ea1,ea2,ea1,ea2,ea1,ea2,ea1,ea1,G7
EPI_ISL_14098921,A2,2022.49,G3,NorthAmerica,A2,ea1,ea2,ea1,ea2,ea1,ea2,ea1,ea1,G7
EPI_ISL_16641785,A2,2022.449,G3,NorthAmerica,A2,ea1,ea2,ea1,ea2,ea1,ea2,ea1,ea1,G7
EPI_ISL_16632519,A2,2022.493,G3,NorthAmerica,A2,ea1,ea2,ea1,ea2,ea1,ea2,ea1,ea1,G7
EPI_ISL_16641787,A2,2022.468,G3,NorthAmerica,A2,ea1,ea2,ea1,ea2,ea1,ea2,ea1,ea1,G7
EPI_ISL_16641788,A2,2022.468,G3,NorthAmerica,A2,ea1,ea2,ea1,ea2,ea1,ea2,ea1,ea1,G7
EPI_ISL_15214838,A2,2022.444,G3,NorthAmerica,A2,ea1,ea2,ea1,ea2,ea1,ea2,ea1,ea1,G7
EPI_ISL_16641786,A2,2022.449,G3,NorthAmerica,A2,ea1,ea2,ea1,ea2,ea1,ea2,ea1,ea1,G7
EPI_ISL_16641791,A2,2022.455,G3,NorthAmerica,A2,ea1,ea2,ea1,ea2,ea1,ea2,ea1,ea1,G7
EPI_ISL_16641792,A2,2022.471,G3,NorthAmerica,A2,ea1,ea2,ea1,ea2,ea1,ea2,ea1,ea1,G7
EPI_ISL_16020773,A2,2022.378,G3,NorthAmerica,A2,ea1,ea2,ea1,ea2,ea1,ea2,ea1,ea1,G7
EPI_ISL_16021587,A2,2022.392,G3,NorthAmerica,A2,ea1,ea2,ea1,ea2,ea1,ea2,ea1,ea1,G7
EPI_ISL_14098919,A2,2022.485,G3,NorthAmerica,A2,ea1,ea2,ea1,ea2,ea1,ea2,ea1,ea1,G7
EPI_ISL_16641781,A2,2022.458,G3,NorthAmerica,A2,ea1,ea2,ea1,ea2,ea1,ea2,ea1,ea1,G7
EPI_ISL_16641782,A2,2022.463,G3,NorthAmerica,A2,ea1,ea2,ea1,ea2,ea1,ea2,ea1,ea1,G7
EPI_ISL_16632508,A2,2022.359,G3,NorthAmerica,A2,ea1,ea2,ea1,ea2,ea1,ea2,ea1,ea1,G7
EPI_ISL_16641784,A2,2022.444,G3,NorthAmerica,A2,ea1,ea2,ea1,ea2,ea1,ea2,ea1,ea1,G7
EPI_ISL_16632509,A2,2022.49,G3,NorthAmerica,A2,ea1,ea2,ea1,ea2,ea1,ea2,ea1,ea1,G7
EPI_ISL_16632537,A2,2022.501,G3,NorthAmerica,A2,ea1,ea2,ea1,ea2,ea1,ea2,ea1,ea1,G7
EPI_ISL_16632538,A2,2022.488,G3,NorthAmerica,A2,ea1,ea2,ea1,ea2,ea1,ea2,ea1,ea1,G7
EPI_ISL_16020772,A2,2022.392,G3,NorthAmerica,A2.2,ea1,ea2,ea1,ea2,ea1,ea1,ea1,ea1,G7
EPI_ISL_16632514,A2,2022.512,G3,NorthAmerica,A2,ea1,ea2,ea1,ea2,ea1,ea2,ea1,ea1,G7
EPI_ISL_16632515,A2,2022.49,G3,NorthAmerica,A2,ea1,ea2,ea1,ea2,ea1,ea2,ea1,ea1,G7
EPI_ISL_16632516,A2,2022.515,G3,NorthAmerica,A2,ea1,ea2,ea1,ea2,ea1,ea2,ea1,ea1,G7
EPI_ISL_16632517,A2,2022.515,G3,NorthAmerica,A2,ea1,ea2,ea1,ea2,ea1,ea2,ea1,ea1,G7
EPI_ISL_16632500,A2,2022.255,G3,NorthAmerica,A2,ea1,ea2,ea1,ea2,ea1,ea2,ea1,ea1,G7
EPI_ISL_16641780,A2,2022.447,G3,NorthAmerica,A2,ea1,ea2,ea1,ea2,ea1,ea2,ea1,ea1,G7
EPI_ISL_14098917,A2,2022.471,G3,NorthAmerica,A2,ea1,ea2,ea1,ea2,ea1,ea2,ea1,ea1,G7
EPI_ISL_16632521,A2,2022.548,G3,NorthAmerica,A2,ea1,ea2,ea1,ea2,ea1,ea2,ea1,ea1,G7
EPI_ISL_16641789,A2,2022.452,G3,NorthAmerica,A2,ea1,ea2,ea1,ea2,ea1,ea2,ea1,ea1,G7
EPI_ISL_14098916,A2,2022.477,G3,NorthAmerica,A2,ea1,ea2,ea1,ea2,ea1,ea2,ea1,ea1,G7
EPI_ISL_16641790,A2,2022.479,G3,NorthAmerica,A2,ea1,ea2,ea1,ea2,ea1,ea2,ea1,ea1,G7
EPI_ISL_14098918,A2,2022.482,G3,NorthAmerica,A2,ea1,ea2,ea1,ea2,ea1,ea2,ea1,ea1,G7
EPI_ISL_16641779,A2,2022.444,G3,NorthAmerica,A2,ea1,ea2,ea1,ea2,ea1,ea2,ea1,ea1,G7
EPI_ISL_16632518,A2,2022.512,G3,NorthAmerica,A2,ea1,ea2,ea1,ea2,ea1,ea2,ea1,ea1,G7
EPI_ISL_16632539,A2,2022.515,G3,NorthAmerica,A2,ea1,ea2,ea1,ea2,ea1,ea2,ea1,ea1,G7
EPI_ISL_15214841,A2,2022.474,G3,NorthAmerica,A2,ea1,ea2,ea1,ea2,ea1,ea2,ea1,ea1,G7
EPI_ISL_16641783,A2,2022.479,G3,NorthAmerica,A2,ea1,ea2,ea1,ea2,ea1,ea2,ea1,ea1,G7
EPI_ISL_16632542,A2,2022.534,G3,NorthAmerica,A2,ea1,ea2,ea1,ea2,ea1,ea2,ea1,ea1,G7
EPI_ISL_14098915,A2,2022.477,G3,NorthAmerica,A2,ea1,ea2,ea1,ea2,ea1,ea2,ea1,ea1,G7
EPI_ISL_15215193,A2,2022.444,G3,NorthAmerica,A2,ea1,ea2,ea1,ea2,ea1,ea2,ea1,ea1,G7
EPI_ISL_16632541,A2,2022.518,G3,NorthAmerica,A2,ea1,ea2,ea1,ea2,ea1,ea2,ea1,ea1,G7
EPI_ISL_16632540,A2,2022.518,G3,NorthAmerica,A2,ea1,ea2,ea1,ea2,ea1,ea2,ea1,ea1,G7
EPI_ISL_17964937,A3,2023.263,G3,NorthAmerica,A3,ea3,ea3,ea3,ea3,ea3,ea3,ea3,ea5,G11
EPI_ISL_17964940,A3,2023.279,G3,NorthAmerica,A3,ea3,ea3,ea3,ea3,ea3,ea3,ea3,ea5,G11
EPI_ISL_17964943,A3,2023.274,G3,NorthAmerica,A3,ea3,ea3,ea3,ea3,ea3,ea3,ea3,ea5,G11
EPI_ISL_17964979,A3,2023.392,G3,NorthAmerica,A3,ea3,ea3,ea3,ea3,ea3,ea3,ea3,ea5,G11
EPI_ISL_18007229,A3,2023.29,G3,Asia,A3,ea3,ea3,ea3,ea3,ea3,ea3,ea3,ea5,G11
EPI_ISL_15614803,A3,2022.458,G3,Africa,A3.2,ea3,ea3,ea3,1,1,1,1,ea5,G11
EPI_ISL_15072539,A3,2022.288,G3,Asia,A3,ea3,ea3,ea3,ea3,ea3,ea3,ea3,ea5,G11
EPI_ISL_15072540,A3,2022.375,G3,Asia,A3,ea3,ea3,ea3,ea3,ea3,ea3,ea3,ea5,G11
EPI_ISL_15853935,A3,2022.712,G3,Africa,A3.2,ea3,ea3,ea3,1,1,1,1,ea5,G11
EPI_ISL_16676447,A3,2022.458,G3,Africa,A3.2,ea3,ea3,ea3,1,1,1,1,ea5,G11
EPI_ISL_15837655,A3,2022.773,G3,Africa,A3.3,ea3,ea3,ea1,ea3,1,1,1,ea5,G11
EPI_ISL_15853920,A3,2022.353,G3,Africa,A3.2,ea3,ea3,ea3,1,1,1,1,ea5,G11
EPI_ISL_14064890,A3,2022.247,G3,Asia,A3,ea3,ea3,ea3,ea3,ea3,ea3,ea3,ea5,G11
EPI_ISL_14070455,A3,2022.247,G3,Asia,A3,ea3,ea3,ea3,ea3,ea3,ea3,ea3,ea5,G11
EPI_ISL_15072538,A3,2022.288,G3,Asia,A3,ea3,ea3,ea3,ea3,ea3,ea3,ea3,ea5,G11
EPI_ISL_16297073,A3,2022.83,G3,NorthAmerica,A3,ea3,ea3,ea3,ea3,ea3,ea3,ea3,ea5,G11
EPI_ISL_16297074,A3,2022.83,G3,NorthAmerica,A3,ea3,ea3,ea3,ea3,ea3,ea3,ea3,ea5,G11
EPI_ISL_15576616,A3,2022.756,G3,Asia,A3,ea3,ea3,ea3,ea3,ea3,ea3,ea3,ea5,G11
EPI_ISL_16698477,A3,2023.027,G3,Asia,A3,ea3,ea3,ea3,ea3,ea3,ea3,ea3,ea5,G11
EPI_ISL_16698546,A3,2022.803,G3,Asia,A3,ea3,ea3,ea3,ea3,ea3,ea3,ea3,ea5,G11
EPI_ISL_16698576,A3,2022.885,G3,Asia,A3,ea3,ea3,ea3,ea3,ea3,ea3,ea3,ea5,G11
EPI_ISL_16698579,A3,2022.847,G3,Asia,A3,ea3,ea3,ea3,ea3,ea3,ea3,ea3,ea5,G11
EPI_ISL_16955748,A3,2022.896,G3,Asia,A3,ea3,ea3,ea3,ea3,ea3,ea3,ea3,ea5,G11
EPI_ISL_16955765,A3,2022.926,G3,Asia,A3,ea3,ea3,ea3,ea3,ea3,ea3,ea3,ea5,G11
EPI_ISL_16955798,A3,2022.874,G3,Asia,A3,ea3,ea3,ea3,ea3,ea3,ea3,ea3,ea5,G11
EPI_ISL_16955829,A3,2022.893,G3,Asia,A3,ea3,ea3,ea3,ea3,ea3,ea3,ea3,ea5,G11
EPI_ISL_17950253,A3,2023.241,G3,Asia,A3,ea3,ea3,ea3,ea3,ea3,ea3,ea3,ea5,G11
EPI_ISL_17964921,A3,2023.216,G3,NorthAmerica,A3,ea3,ea3,ea3,ea3,ea3,ea3,ea3,ea5,G11
EPI_ISL_17964930,A3,2023.241,G3,NorthAmerica,A3,ea3,ea3,ea3,ea3,ea3,ea3,ea3,ea5,G11
EPI_ISL_17964931,A3,2023.241,G3,NorthAmerica,A3,ea3,ea3,ea3,ea3,ea3,ea3,ea3,ea5,G11
EPI_ISL_17964935,A3,2023.263,G3,NorthAmerica,A3,ea3,ea3,ea3,ea3,ea3,ea3,ea3,ea5,G11
EPI_ISL_17964936,A3,2023.263,G3,NorthAmerica,A3,ea3,ea3,ea3,ea3,ea3,ea3,ea3,ea5,G11
EPI_ISL_13432826,B1,2022.255,G7,NorthAmerica,B1.1,am1.1,am1.1,ea1,ea1,am1.2,ea1,ea1,ea1,G5
EPI_ISL_15063839,B1,2022.285,G7,NorthAmerica,B1.1,am1.1,am1.1,ea1,ea1,am1.2,ea1,ea1,ea1,G5
EPI_ISL_15063841,B1,2022.293,G7,NorthAmerica,B1.1,am1.1,am1.1,ea1,ea1,am1.2,ea1,ea1,ea1,G5
EPI_ISL_16240221,B1,2022.351,G7,NorthAmerica,B1.1,am1.1,am1.1,ea1,ea1,am1.2,ea1,ea1,ea1,G5
EPI_ISL_13432814,B1,2022.255,G7,NorthAmerica,B1.1,am1.1,am1.1,ea1,ea1,am1.2,ea1,ea1,ea1,G5
EPI_ISL_16173542,B1,2022.255,G7,NorthAmerica,B1.1,am1.1,am1.1,ea1,ea1,am1.2,ea1,ea1,ea1,G5
EPI_ISL_13433423,B1,2022.258,G7,NorthAmerica,B1.1,am1.1,am1.1,ea1,ea1,am1.2,ea1,ea1,ea1,G5
EPI_ISL_16173549,B1,2022.263,G7,NorthAmerica,B1.1,am1.1,am1.1,ea1,ea1,am1.2,ea1,ea1,ea1,G5
EPI_ISL_16171450,B1,2022.312,G5,NorthAmerica,B1.2,am1.1,am1.1,am1,ea1,am1.2,ea1,ea1,ea1,G5
EPI_ISL_16171451,B1,2022.312,G5,NorthAmerica,B1.2,am1.1,am1.1,am1,ea1,am1.2,ea1,ea1,ea1,G5
EPI_ISL_16171452,B1,2022.312,G5,NorthAmerica,B1.2,am1.1,am1.1,am1,ea1,am1.2,ea1,ea1,ea1,G5
EPI_ISL_15077376,B1,2022.285,G7,NorthAmerica,B1.1,am1.1,am1.1,ea1,ea1,am1.2,ea1,ea1,ea1,G5
EPI_ISL_14553997,B1,2022.359,G5,NorthAmerica,B1.2,am1.1,am1.1,am1,ea1,am1.2,ea1,ea1,ea1,G5
EPI_ISL_16171497,B1,2022.326,G7,NorthAmerica,B1.1,am1.1,am1.1,ea1,ea1,am1.2,ea1,ea1,ea1,G5
EPI_ISL_15004054,B1,2022.263,G5,NorthAmerica,B1.2,am1.1,am1.1,am1,ea1,am1.2,ea1,ea1,ea1,G5
EPI_ISL_15078244,B1,2022.337,G5,NorthAmerica,B1.2,am1.1,am1.1,am1,ea1,am1.2,ea1,ea1,ea1,G5
EPI_ISL_15078245,B1,2022.304,G5,NorthAmerica,B1.2,am1.1,am1.1,am1,ea1,am1.2,ea1,ea1,ea1,G5
EPI_ISL_15078250,B1,2022.395,G5,NorthAmerica,B1.2,am1.1,am1.1,am1,ea1,am1.2,ea1,ea1,ea1,G5
EPI_ISL_14533193,B1,2022.255,G7,NorthAmerica,B1.1,am1.1,am1.1,ea1,ea1,am1.2,ea1,ea1,ea1,G5
EPI_ISL_16003275,B1,2022.318,G5,NorthAmerica,B1.2,am1.1,am1.1,am1,ea1,am1.2,ea1,ea1,ea1,G5
EPI_ISL_16003281,B1,2022.34,G5,NorthAmerica,B1.2,am1.1,am1.1,am1,ea1,am1.2,ea1,ea1,ea1,G5
EPI_ISL_16102155,B1,2022.279,G7,NorthAmerica,B1.1,am1.1,am1.1,ea1,ea1,am1.2,ea1,ea1,ea1,G5
EPI_ISL_15004053,B1,2022.263,G5,NorthAmerica,B1.2,am1.1,am1.1,am1,ea1,am1.2,ea1,ea1,ea1,G5
EPI_ISL_16014368,B1,2022.304,G5,NorthAmerica,B1.2,am1.1,am1.1,am1,ea1,am1.2,ea1,ea1,ea1,G5
EPI_ISL_13433400,B1,2022.255,G5,NorthAmerica,B1.2,am1.1,am1.1,am1,ea1,am1.2,ea1,ea1,ea1,G5
EPI_ISL_16173545,B1,2022.255,G7,NorthAmerica,B1.1,am1.1,am1.1,ea1,ea1,am1.2,ea1,ea1,ea1,G5
EPI_ISL_16014527,B1,2022.304,G5,NorthAmerica,B1.2,am1.1,am1.1,am1,ea1,am1.2,ea1,ea1,ea1,G5
EPI_ISL_16014529,B1,2022.304,G5,NorthAmerica,B1.2,am1.1,am1.1,am1,ea1,am1.2,ea1,ea1,ea1,G5
EPI_ISL_16014445,B1,2022.279,G5,NorthAmerica,B1.2,am1.1,am1.1,am1,ea1,am1.2,ea1,ea1,ea1,G5
EPI_ISL_16102156,B1,2022.279,G5,NorthAmerica,B1.2,am1.1,am1.1,am1,ea1,am1.2,ea1,ea1,ea1,G5
EPI_ISL_16013982,B1,2022.378,G5,NorthAmerica,B1.2,am1.1,am1.1,am1,ea1,am1.2,ea1,ea1,ea1,G5
EPI_ISL_15077377,B1,2022.288,G7,NorthAmerica,B1.1,am1.1,am1.1,ea1,ea1,am1.2,ea1,ea1,ea1,G5
EPI_ISL_16101526,B1,2022.277,G5,NorthAmerica,B1.2,am1.1,am1.1,am1,ea1,am1.2,ea1,ea1,ea1,G5
EPI_ISL_16102154,B1,2022.279,G7,NorthAmerica,B1.1,am1.1,am1.1,ea1,ea1,am1.2,ea1,ea1,ea1,G5
EPI_ISL_16102161,B1,2022.282,G5,NorthAmerica,B1.2,am1.1,am1.1,am1,ea1,am1.2,ea1,ea1,ea1,G5
EPI_ISL_16171496,B1,2022.326,G7,NorthAmerica,B1.1,am1.1,am1.1,ea1,ea1,am1.2,ea1,ea1,ea1,G5
EPI_ISL_16102162,B1,2022.282,G5,NorthAmerica,B1.2,am1.1,am1.1,am1,ea1,am1.2,ea1,ea1,ea1,G5
EPI_ISL_16102281,B1,2022.29,G5,NorthAmerica,B1.2,am1.1,am1.1,am1,ea1,am1.2,ea1,ea1,ea1,G5
EPI_ISL_16102282,B1,2022.29,G5,NorthAmerica,B1.2,am1.1,am1.1,am1,ea1,am1.2,ea1,ea1,ea1,G5
EPI_ISL_16171449,B1,2022.312,G5,NorthAmerica,B1.2,am1.1,am1.1,am1,ea1,am1.2,ea1,ea1,ea1,G5
EPI_ISL_16271865,B1,2022.874,G5,NorthAmerica,B1.3,am1.3,am1.3,am1.2,ea1,am1.2,ea1,ea1,ea1,G5
EPI_ISL_16297061,B1,2022.737,G5,NorthAmerica,B1.3,am1.3,am1.3,am1.2,ea1,am1.2,ea1,ea1,ea1,G5
EPI_ISL_16297065,B1,2022.827,G5,NorthAmerica,B1.3,am1.3,am1.3,am1.2,ea1,am1.2,ea1,ea1,ea1,G5
EPI_ISL_16171453,B1,2022.312,G5,NorthAmerica,B1.2,am1.1,am1.1,am1,ea1,am1.2,ea1,ea1,ea1,G5
EPI_ISL_16171461,B1,2022.315,G5,NorthAmerica,B1.2,am1.1,am1.1,am1,ea1,am1.2,ea1,ea1,ea1,G5
EPI_ISL_15078239,B1,2022.301,G7,NorthAmerica,B1.1,am1.1,am1.1,ea1,ea1,am1.2,ea1,ea1,ea1,G5
EPI_ISL_16297077,B1,2022.833,G5,NorthAmerica,B1.3,am1.3,am1.3,am1.2,ea1,am1.2,ea1,ea1,ea1,G5
EPI_ISL_16297082,B1,2022.838,G5,NorthAmerica,B1.3,am1.3,am1.3,am1.2,ea1,am1.2,ea1,ea1,ea1,G5
EPI_ISL_16297083,B1,2022.838,G5,NorthAmerica,B1.3,am1.3,am1.3,am1.2,ea1,am1.2,ea1,ea1,ea1,G5
EPI_ISL_16297084,B1,2022.847,G5,NorthAmerica,B1.3,am1.3,am1.3,am1.2,ea1,am1.2,ea1,ea1,ea1,G5
EPI_ISL_16297086,B1,2022.822,G5,NorthAmerica,B1.3,am1.3,am1.3,am1.2,ea1,am1.2,ea1,ea1,ea1,G5
EPI_ISL_16297119,B1,2022.852,G5,NorthAmerica,B1.3,am1.3,am1.3,am1.2,ea1,am1.2,ea1,ea1,ea1,G5
EPI_ISL_16297120,B1,2022.855,G5,NorthAmerica,B1.3,am1.3,am1.3,am1.2,ea1,am1.2,ea1,ea1,ea1,G5
EPI_ISL_13433412,B1,2022.258,G7,NorthAmerica,B1.1,am1.1,am1.1,ea1,ea1,am1.2,ea1,ea1,ea1,G5
EPI_ISL_16003270,B1,2022.34,G5,NorthAmerica,B1.2,am1.1,am1.1,am1,ea1,am1.2,ea1,ea1,ea1,G5
EPI_ISL_16297127,B1,2022.819,G5,NorthAmerica,B1.3,am1.3,am1.3,am1.2,ea1,am1.2,ea1,ea1,ea1,G5
EPI_ISL_16297138,B1,2022.803,G5,NorthAmerica,B1.3,am1.3,am1.3,am1.2,ea1,am1.2,ea1,ea1,ea1,G5
EPI_ISL_16297327,B1,2022.833,G5,NorthAmerica,B1.3,am1.3,am1.3,am1.2,ea1,am1.2,ea1,ea1,ea1,G5
EPI_ISL_16297069,B1,2022.833,G5,NorthAmerica,B1.3,am1.3,am1.3,am1.2,ea1,am1.2,ea1,ea1,ea1,G5
EPI_ISL_16297339,B1,2022.797,G5,NorthAmerica,B1.3,am1.3,am1.3,am1.2,ea1,am1.2,ea1,ea1,ea1,G5
EPI_ISL_16297345,B1,2022.784,G5,NorthAmerica,B1.3,am1.3,am1.3,am1.2,ea1,am1.2,ea1,ea1,ea1,G5
EPI_ISL_16297346,B1,2022.792,G5,NorthAmerica,B1.3,am1.3,am1.3,am1.2,ea1,am1.2,ea1,ea1,ea1,G5
EPI_ISL_16297347,B1,2022.784,G5,NorthAmerica,B1.3,am1.3,am1.3,am1.2,ea1,am1.2,ea1,ea1,ea1,G5
EPI_ISL_16297348,B1,2022.784,G5,NorthAmerica,B1.3,am1.3,am1.3,am1.2,ea1,am1.2,ea1,ea1,ea1,G5
EPI_ISL_16297349,B1,2022.784,G5,NorthAmerica,B1.3,am1.3,am1.3,am1.2,ea1,am1.2,ea1,ea1,ea1,G5
EPI_ISL_16297352,B1,2022.781,G5,NorthAmerica,B1.3,am1.3,am1.3,am1.2,ea1,am1.2,ea1,ea1,ea1,G5
EPI_ISL_16297357,B1,2022.778,G5,NorthAmerica,B1.3,am1.3,am1.3,am1.2,ea1,am1.2,ea1,ea1,ea1,G5
EPI_ISL_16297371,B1,2022.773,G5,NorthAmerica,B1.3,am1.3,am1.3,am1.2,ea1,am1.2,ea1,ea1,ea1,G5
EPI_ISL_16297376,B1,2022.762,G5,NorthAmerica,B1.3,am1.3,am1.3,am1.2,ea1,am1.2,ea1,ea1,ea1,G5
EPI_ISL_17964917,B1,2023.222,G5,NorthAmerica,B1.3,am1.3,am1.3,am1.2,ea1,am1.2,ea1,ea1,ea1,G5
EPI_ISL_16102157,B1,2022.279,G5,NorthAmerica,B1.2,am1.1,am1.1,am1,ea1,am1.2,ea1,ea1,ea1,G5
EPI_ISL_16297338,B1,2022.795,G5,NorthAmerica,B1.3,am1.3,am1.3,am1.2,ea1,am1.2,ea1,ea1,ea1,G5
EPI_ISL_16102159,B1,2022.279,G5,NorthAmerica,B1.2,am1.1,am1.1,am1,ea1,am1.2,ea1,ea1,ea1,G5
EPI_ISL_16102160,B1,2022.282,G5,NorthAmerica,B1.2,am1.1,am1.1,am1,ea1,am1.2,ea1,ea1,ea1,G5
EPI_ISL_17964957,B1,2023.318,G5,NorthAmerica,B1.3,am1.3,am1.3,am1.2,ea1,am1.2,ea1,ea1,ea1,G5
EPI_ISL_17964969,B1,2023.195,G5,NorthAmerica,B1.3,am1.3,am1.3,am1.2,ea1,am1.2,ea1,ea1,ea1,G5
EPI_ISL_17964976,B1,2023.252,G5,NorthAmerica,B1.3,am1.3,am1.3,am1.2,ea1,am1.2,ea1,ea1,ea1,G5
EPI_ISL_16297076,B1,2022.822,G7,NorthAmerica,B1.1,am1.1,am1.1,ea1,ea1,am1.2,ea1,ea1,ea1,G5
EPI_ISL_16297139,B1,2022.803,G7,NorthAmerica,B1.1,am1.1,am1.1,ea1,ea1,am1.2,ea1,ea1,ea1,G5
EPI_ISL_16297142,B1,2022.797,G7,NorthAmerica,B1.1,am1.1,am1.1,ea1,ea1,am1.2,ea1,ea1,ea1,G5
EPI_ISL_16297326,B1,2022.797,G7,NorthAmerica,B1.1,am1.1,am1.1,ea1,ea1,am1.2,ea1,ea1,ea1,G5
EPI_ISL_16297363,B1,2022.775,G7,NorthAmerica,B1.1,am1.1,am1.1,ea1,ea1,am1.2,ea1,ea1,ea1,G5
EPI_ISL_16555203,B1,2022.389,G7,NorthAmerica,B1.1,am1.1,am1.1,ea1,ea1,am1.2,ea1,ea1,ea1,G5
EPI_ISL_16297066,B1,2022.803,G5,NorthAmerica,B1.3,am1.3,am1.3,am1.2,ea1,am1.2,ea1,ea1,ea1,G5
EPI_ISL_16297068,B1,2022.83,G5,NorthAmerica,B1.3,am1.3,am1.3,am1.2,ea1,am1.2,ea1,ea1,ea1,G5
EPI_ISL_17964970,B1,2023.26,G7,NorthAmerica,B1.1,am1.1,am1.1,ea1,ea1,am1.2,ea1,ea1,ea1,G5
EPI_ISL_17964977,B1,2023.205,G7,NorthAmerica,B1.1,am1.1,am1.1,ea1,ea1,am1.2,ea1,ea1,ea1,G5
EPI_ISL_13433376,B1,2022.255,G5,NorthAmerica,B1.2,am1.1,am1.1,am1,ea1,am1.2,ea1,ea1,ea1,G5
EPI_ISL_13433388,B1,2022.255,G5,NorthAmerica,B1.2,am1.1,am1.1,am1,ea1,am1.2,ea1,ea1,ea1,G5
EPI_ISL_16171494,B1,2022.323,G5,NorthAmerica,B1.2,am1.1,am1.1,am1,ea1,am1.2,ea1,ea1,ea1,G5
EPI_ISL_16171504,B1,2022.318,G5,NorthAmerica,B1.2,am1.1,am1.1,am1,ea1,am1.2,ea1,ea1,ea1,G5
EPI_ISL_16173528,B1,2022.255,G5,NorthAmerica,B1.2,am1.1,am1.1,am1,ea1,am1.2,ea1,ea1,ea1,G5
EPI_ISL_16174374,B1,2022.249,G5,NorthAmerica,B1.2,am1.1,am1.1,am1,ea1,am1.2,ea1,ea1,ea1,G5
EPI_ISL_16240634,B1,2022.304,G5,NorthAmerica,B1.2,am1.1,am1.1,am1,ea1,am1.2,ea1,ea1,ea1,G5
EPI_ISL_16297125,B1,2022.838,G5,NorthAmerica,B1.3,am1.3,am1.3,am1.2,ea1,am1.2,ea1,ea1,ea1,G5
EPI_ISL_16240635,B1,2022.304,G5,NorthAmerica,B1.2,am1.1,am1.1,am1,ea1,am1.2,ea1,ea1,ea1,G5
EPI_ISL_16240636,B1,2022.304,G5,NorthAmerica,B1.2,am1.1,am1.1,am1,ea1,am1.2,ea1,ea1,ea1,G5
EPI_ISL_16240637,B1,2022.304,G5,NorthAmerica,B1.2,am1.1,am1.1,am1,ea1,am1.2,ea1,ea1,ea1,G5
EPI_ISL_16243970,B1,2022.356,G5,NorthAmerica,B1.2,am1.1,am1.1,am1,ea1,am1.2,ea1,ea1,ea1,G5
EPI_ISL_16244010,B1,2022.359,G5,NorthAmerica,B1.2,am1.1,am1.1,am1,ea1,am1.2,ea1,ea1,ea1,G5
EPI_ISL_16013986,B1,2022.378,G5,NorthAmerica,B1.2,am1.1,am1.1,am1,ea1,am1.2,ea1,ea1,ea1,G5
EPI_ISL_16013987,B1,2022.356,G5,NorthAmerica,B1.2,am1.1,am1.1,am1,ea1,am1.2,ea1,ea1,ea1,G5
EPI_ISL_16013990,B1,2022.411,G5,NorthAmerica,B1.2,am1.1,am1.1,am1,ea1,am1.2,ea1,ea1,ea1,G5
EPI_ISL_16013993,B1,2022.252,G5,NorthAmerica,B1.2,am1.1,am1.1,am1,ea1,am1.2,ea1,ea1,ea1,G5
EPI_ISL_16014112,B1,2022.277,G5,NorthAmerica,B1.2,am1.1,am1.1,am1,ea1,am1.2,ea1,ea1,ea1,G5
EPI_ISL_16297366,B1,2022.778,G5,NorthAmerica,B1.2,am1.1,am1.1,am1,ea1,am1.2,ea1,ea1,ea1,G5
EPI_ISL_16297375,B1,2022.756,G5,NorthAmerica,B1.2,am1.1,am1.1,am1,ea1,am1.2,ea1,ea1,ea1,G5
EPI_ISL_16014448,B1,2022.288,G5,NorthAmerica,B1.2,am1.1,am1.1,am1,ea1,am1.2,ea1,ea1,ea1,G5
EPI_ISL_16632524,B1,2022.556,G5,NorthAmerica,B1.2,am1.1,am1.1,am1,ea1,am1.2,ea1,ea1,ea1,G5
EPI_ISL_17964903,B1,2023.175,G5,NorthAmerica,B1.2,am1.1,am1.1,am1,ea1,am1.2,ea1,ea1,ea1,G5
EPI_ISL_16271820,B1,2022.874,G5,NorthAmerica,B1.3,am1.3,am1.3,am1.2,ea1,am1.2,ea1,ea1,ea1,G5
EPI_ISL_16102158,B1,2022.279,G5,NorthAmerica,B1.2,am1.1,am1.1,am1,ea1,am1.2,ea1,ea1,ea1,G5
EPI_ISL_16271836,B1,2022.89,G5,NorthAmerica,B1.3,am1.3,am1.3,am1.2,ea1,am1.2,ea1,ea1,ea1,G5
EPI_ISL_16271837,B1,2022.888,G5,NorthAmerica,B1.3,am1.3,am1.3,am1.2,ea1,am1.2,ea1,ea1,ea1,G5
EPI_ISL_16271838,B1,2022.885,G5,NorthAmerica,B1.3,am1.3,am1.3,am1.2,ea1,am1.2,ea1,ea1,ea1,G5
EPI_ISL_16271842,B1,2022.838,G5,NorthAmerica,B1.3,am1.3,am1.3,am1.2,ea1,am1.2,ea1,ea1,ea1,G5
EPI_ISL_16271843,B1,2022.838,G5,NorthAmerica,B1.3,am1.3,am1.3,am1.2,ea1,am1.2,ea1,ea1,ea1,G5
EPI_ISL_16271844,B1,2022.838,G5,NorthAmerica,B1.3,am1.3,am1.3,am1.2,ea1,am1.2,ea1,ea1,ea1,G5
EPI_ISL_16271849,B1,2022.874,G5,NorthAmerica,B1.3,am1.3,am1.3,am1.2,ea1,am1.2,ea1,ea1,ea1,G5
EPI_ISL_16271850,B1,2022.874,G5,NorthAmerica,B1.3,am1.3,am1.3,am1.2,ea1,am1.2,ea1,ea1,ea1,G5
EPI_ISL_16271853,B1,2022.852,G5,NorthAmerica,B1.3,am1.3,am1.3,am1.2,ea1,am1.2,ea1,ea1,ea1,G5
EPI_ISL_16271857,B1,2022.849,G5,NorthAmerica,B1.3,am1.3,am1.3,am1.2,ea1,am1.2,ea1,ea1,ea1,G5
EPI_ISL_16243872,B1,2022.37,G7,NorthAmerica,B1.1,am1.1,am1.1,ea1,ea1,am1.2,ea1,ea1,ea1,G5
EPI_ISL_16171482,B1,2022.321,G5,NorthAmerica,B1.2,am1.1,am1.1,am1,ea1,am1.2,ea1,ea1,ea1,G5
EPI_ISL_17964968,B1,2023.26,G7,NorthAmerica,B1.1,am1.1,am1.1,ea1,ea1,am1.2,ea1,ea1,ea1,G5
EPI_ISL_16243253,B1,2022.285,G7,NorthAmerica,B1.1,am1.1,am1.1,ea1,ea1,am1.2,ea1,ea1,ea1,G5
EPI_ISL_16271863,B1,2022.841,G5,NorthAmerica,B1.2,am1.1,am1.1,am1,ea1,am1.2,ea1,ea1,ea1,G5
EPI_ISL_16271864,B1,2022.841,G5,NorthAmerica,B1.2,am1.1,am1.1,am1,ea1,am1.2,ea1,ea1,ea1,G5
EPI_ISL_16171483,B1,2022.321,G5,NorthAmerica,B1.2,am1.1,am1.1,am1,ea1,am1.2,ea1,ea1,ea1,G5
EPI_ISL_16271862,B1,2022.841,G5,NorthAmerica,B1.2,am1.1,am1.1,am1,ea1,am1.2,ea1,ea1,ea1,G5
EPI_ISL_16297122,B1,2022.871,G5,NorthAmerica,B1.3,am1.3,am1.3,am1.2,ea1,am1.2,ea1,ea1,ea1,G5
EPI_ISL_16271860,B1,2022.852,G7,NorthAmerica,B1.1,am1.1,am1.1,ea1,ea1,am1.2,ea1,ea1,ea1,G5
EPI_ISL_16248229,B1,2022.285,G5,NorthAmerica,B1.2,am1.1,am1.1,am1,ea1,am1.2,ea1,ea1,ea1,G5
EPI_ISL_16271847,B1,2022.841,G5,NorthAmerica,B1.2,am1.1,am1.1,am1,ea1,am1.2,ea1,ea1,ea1,G5
EPI_ISL_16271858,B1,2022.86,G7,NorthAmerica,B1.1,am1.1,am1.1,ea1,ea1,am1.2,ea1,ea1,ea1,G5
EPI_ISL_16297381,B1,2022.773,G5,NorthAmerica,B1.2,am1.1,am1.1,am1,ea1,am1.2,ea1,ea1,ea1,G5
EPI_ISL_16297075,B1,2022.822,G7,NorthAmerica,B1.1,am1.1,am1.1,ea1,ea1,am1.2,ea1,ea1,ea1,G5
EPI_ISL_17964952,B1,2023.301,G5,NorthAmerica,B1.3,am1.3,am1.3,am1.2,ea1,am1.2,ea1,ea1,ea1,G5
EPI_ISL_17964955,B1,2023.321,G5,NorthAmerica,B1.3,am1.3,am1.3,am1.2,ea1,am1.2,ea1,ea1,ea1,G5
EPI_ISL_17964951,B1,2023.301,G5,NorthAmerica,B1.3,am1.3,am1.3,am1.2,ea1,am1.2,ea1,ea1,ea1,G5
EPI_ISL_16243883,B1,2022.37,G7,NorthAmerica,B1.1,am1.1,am1.1,ea1,ea1,am1.2,ea1,ea1,ea1,G5
EPI_ISL_16271828,B1,2022.89,G7,NorthAmerica,B1.1,am1.1,am1.1,ea1,ea1,am1.2,ea1,ea1,ea1,G5
EPI_ISL_16271832,B1,2022.874,G5,NorthAmerica,B1.3,am1.3,am1.3,am1.2,ea1,am1.2,ea1,ea1,ea1,G5
EPI_ISL_17964918,B1,2023.222,G5,NorthAmerica,B1.3,am1.3,am1.3,am1.2,ea1,am1.2,ea1,ea1,ea1,G5
EPI_ISL_13434489,B2,2022.258,G2,NorthAmerica,B2.1,am1.2,ea1,ea1,ea1,am1.1,ea1,ea1,ea1,G4
EPI_ISL_13285552,B2,2022.249,G2,NorthAmerica,B2.1,am1.2,ea1,ea1,ea1,am1.1,ea1,ea1,ea1,G4
EPI_ISL_15004056,B2,2022.258,G2,NorthAmerica,B2.1,am1.2,ea1,ea1,ea1,am1.1,ea1,ea1,ea1,G4
EPI_ISL_13434551,B2,2022.258,G2,NorthAmerica,B2.1,am1.2,ea1,ea1,ea1,am1.1,ea1,ea1,ea1,G4
EPI_ISL_13285551,B2,2022.249,G2,NorthAmerica,B2.1,am1.2,ea1,ea1,ea1,am1.1,ea1,ea1,ea1,G4
EPI_ISL_13285558,B2,2022.252,G2,NorthAmerica,B2.1,am1.2,ea1,ea1,ea1,am1.1,ea1,ea1,ea1,G4
EPI_ISL_13431311,B2,2022.255,G2,NorthAmerica,B2.1,am1.2,ea1,ea1,ea1,am1.1,ea1,ea1,ea1,G4
EPI_ISL_13285554,B2,2022.249,G2,NorthAmerica,B2.1,am1.2,ea1,ea1,ea1,am1.1,ea1,ea1,ea1,G4
EPI_ISL_13285557,B2,2022.252,G2,NorthAmerica,B2.1,am1.2,ea1,ea1,ea1,am1.1,ea1,ea1,ea1,G4
EPI_ISL_13431310,B2,2022.255,G2,NorthAmerica,B2.1,am1.2,ea1,ea1,ea1,am1.1,ea1,ea1,ea1,G4
EPI_ISL_13431690,B2,2022.255,G2,NorthAmerica,B2.1,am1.2,ea1,ea1,ea1,am1.1,ea1,ea1,ea1,G4
EPI_ISL_15004057,B2,2022.26,G2,NorthAmerica,B2.1,am1.2,ea1,ea1,ea1,am1.1,ea1,ea1,ea1,G4
EPI_ISL_13431688,B2,2022.255,G2,NorthAmerica,B2.1,am1.2,ea1,ea1,ea1,am1.1,ea1,ea1,ea1,G4
EPI_ISL_13431689,B2,2022.255,G2,NorthAmerica,B2.1,am1.2,ea1,ea1,ea1,am1.1,ea1,ea1,ea1,G4
EPI_ISL_13432606,B2,2022.255,G2,NorthAmerica,B2.1,am1.2,ea1,ea1,ea1,am1.1,ea1,ea1,ea1,G4
EPI_ISL_13285559,B2,2022.249,G2,NorthAmerica,B2.1,am1.2,ea1,ea1,ea1,am1.1,ea1,ea1,ea1,G4
EPI_ISL_13285560,B2,2022.249,G2,NorthAmerica,B2.1,am1.2,ea1,ea1,ea1,am1.1,ea1,ea1,ea1,G4
EPI_ISL_13434477,B2,2022.258,G2,NorthAmerica,B2.1,am1.2,ea1,ea1,ea1,am1.1,ea1,ea1,ea1,G4
EPI_ISL_15063668,B2,2022.266,G2,NorthAmerica,B2.1,am1.2,ea1,ea1,ea1,am1.1,ea1,ea1,ea1,G4
EPI_ISL_13433435,B2,2022.255,G2,NorthAmerica,B2.1,am1.2,ea1,ea1,ea1,am1.1,ea1,ea1,ea1,G4
EPI_ISL_13433447,B2,2022.255,G2,NorthAmerica,B2.1,am1.2,ea1,ea1,ea1,am1.1,ea1,ea1,ea1,G4
EPI_ISL_15078237,B2,2022.279,G2,NorthAmerica,B2.1,am1.2,ea1,ea1,ea1,am1.1,ea1,ea1,ea1,G4
EPI_ISL_15078238,B2,2022.299,G2,NorthAmerica,B2.1,am1.2,ea1,ea1,ea1,am1.1,ea1,ea1,ea1,G4
EPI_ISL_15077371,B2,2022.282,G2,NorthAmerica,B2.1,am1.2,ea1,ea1,ea1,am1.1,ea1,ea1,ea1,G4
EPI_ISL_15004055,B2,2022.258,G2,NorthAmerica,B2.1,am1.2,ea1,ea1,ea1,am1.1,ea1,ea1,ea1,G4
EPI_ISL_13285543,B2,2022.252,G2,NorthAmerica,B2.1,am1.2,ea1,ea1,ea1,am1.1,ea1,ea1,ea1,G4
EPI_ISL_13285548,B2,2022.249,G2,NorthAmerica,B2.1,am1.2,ea1,ea1,ea1,am1.1,ea1,ea1,ea1,G4
EPI_ISL_16003266,B2,2022.351,G2,NorthAmerica,B2.1,am1.2,ea1,ea1,ea1,am1.1,ea1,ea1,ea1,G4
EPI_ISL_16003267,B2,2022.351,G2,NorthAmerica,B2.1,am1.2,ea1,ea1,ea1,am1.1,ea1,ea1,ea1,G4
EPI_ISL_16101522,B2,2022.277,G2,NorthAmerica,B2.1,am1.2,ea1,ea1,ea1,am1.1,ea1,ea1,ea1,G4
EPI_ISL_13285553,B2,2022.249,G2,NorthAmerica,B2.1,am1.2,ea1,ea1,ea1,am1.1,ea1,ea1,ea1,G4
EPI_ISL_16101523,B2,2022.277,G2,NorthAmerica,B2.1,am1.2,ea1,ea1,ea1,am1.1,ea1,ea1,ea1,G4
EPI_ISL_16101527,B2,2022.282,G2,NorthAmerica,B2.1,am1.2,ea1,ea1,ea1,am1.1,ea1,ea1,ea1,G4
EPI_ISL_16101528,B2,2022.282,G2,NorthAmerica,B2.1,am1.2,ea1,ea1,ea1,am1.1,ea1,ea1,ea1,G4
EPI_ISL_16101529,B2,2022.282,G2,NorthAmerica,B2.1,am1.2,ea1,ea1,ea1,am1.1,ea1,ea1,ea1,G4
EPI_ISL_16102165,B2,2022.279,G2,NorthAmerica,B2.1,am1.2,ea1,ea1,ea1,am1.1,ea1,ea1,ea1,G4
EPI_ISL_15078240,B2,2022.315,G2,NorthAmerica,B2.1,am1.2,ea1,ea1,ea1,am1.1,ea1,ea1,ea1,G4
EPI_ISL_13285542,B2,2022.249,G2,NorthAmerica,B2.1,am1.2,ea1,ea1,ea1,am1.1,ea1,ea1,ea1,G4
EPI_ISL_15214843,B2,2022.266,G2,NorthAmerica,B2.1,am1.2,ea1,ea1,ea1,am1.1,ea1,ea1,ea1,G4
EPI_ISL_16003265,B2,2022.351,G2,NorthAmerica,B2.1,am1.2,ea1,ea1,ea1,am1.1,ea1,ea1,ea1,G4
EPI_ISL_16102171,B2,2022.285,G2,NorthAmerica,B2.1,am1.2,ea1,ea1,ea1,am1.1,ea1,ea1,ea1,G4
EPI_ISL_16102172,B2,2022.29,G2,NorthAmerica,B2.1,am1.2,ea1,ea1,ea1,am1.1,ea1,ea1,ea1,G4
EPI_ISL_16102173,B2,2022.29,G2,NorthAmerica,B2.1,am1.2,ea1,ea1,ea1,am1.1,ea1,ea1,ea1,G4
EPI_ISL_16102227,B2,2022.285,G2,NorthAmerica,B2.1,am1.2,ea1,ea1,ea1,am1.1,ea1,ea1,ea1,G4
EPI_ISL_16102228,B2,2022.285,G2,NorthAmerica,B2.1,am1.2,ea1,ea1,ea1,am1.1,ea1,ea1,ea1,G4
EPI_ISL_16102261,B2,2022.285,G2,NorthAmerica,B2.1,am1.2,ea1,ea1,ea1,am1.1,ea1,ea1,ea1,G4
EPI_ISL_16102262,B2,2022.285,G2,NorthAmerica,B2.1,am1.2,ea1,ea1,ea1,am1.1,ea1,ea1,ea1,G4
EPI_ISL_13431691,B2,2022.255,G2,NorthAmerica,B2.1,am1.2,ea1,ea1,ea1,am1.1,ea1,ea1,ea1,G4
EPI_ISL_13431692,B2,2022.255,G2,NorthAmerica,B2.1,am1.2,ea1,ea1,ea1,am1.1,ea1,ea1,ea1,G4
EPI_ISL_16102167,B2,2022.293,G2,NorthAmerica,B2.1,am1.2,ea1,ea1,ea1,am1.1,ea1,ea1,ea1,G4
EPI_ISL_15078252,B2,2022.433,G2,NorthAmerica,B2.1,am1.2,ea1,ea1,ea1,am1.1,ea1,ea1,ea1,G4
EPI_ISL_16102169,B2,2022.293,G2,NorthAmerica,B2.1,am1.2,ea1,ea1,ea1,am1.1,ea1,ea1,ea1,G4
EPI_ISL_16102170,B2,2022.285,G2,NorthAmerica,B2.1,am1.2,ea1,ea1,ea1,am1.1,ea1,ea1,ea1,G4
EPI_ISL_13431697,B2,2022.255,G2,NorthAmerica,B2.1,am1.2,ea1,ea1,ea1,am1.1,ea1,ea1,ea1,G4
EPI_ISL_13052717,B2,2022.329,G2,NorthAmerica,B2.1,am1.2,ea1,ea1,ea1,am1.1,ea1,ea1,ea1,G4
EPI_ISL_13052718,B2,2022.329,G2,NorthAmerica,B2.1,am1.2,ea1,ea1,ea1,am1.1,ea1,ea1,ea1,G4
EPI_ISL_13052719,B2,2022.329,G2,NorthAmerica,B2.1,am1.2,ea1,ea1,ea1,am1.1,ea1,ea1,ea1,G4
EPI_ISL_13052722,B2,2022.353,G2,NorthAmerica,B2.1,am1.2,ea1,ea1,ea1,am1.1,ea1,ea1,ea1,G4
EPI_ISL_13052723,B2,2022.353,G2,NorthAmerica,B2.1,am1.2,ea1,ea1,ea1,am1.1,ea1,ea1,ea1,G4
EPI_ISL_13052724,B2,2022.351,G2,NorthAmerica,B2.1,am1.2,ea1,ea1,ea1,am1.1,ea1,ea1,ea1,G4
EPI_ISL_15077375,B2,2022.293,G2,NorthAmerica,B2.1,am1.2,ea1,ea1,ea1,am1.1,ea1,ea1,ea1,G4
EPI_ISL_13117299,B2,2022.375,G2,NorthAmerica,B2.1,am1.2,ea1,ea1,ea1,am1.1,ea1,ea1,ea1,G4
EPI_ISL_13285536,B2,2022.249,G2,NorthAmerica,B2.1,am1.2,ea1,ea1,ea1,am1.1,ea1,ea1,ea1,G4
EPI_ISL_16102168,B2,2022.293,G2,NorthAmerica,B2.1,am1.2,ea1,ea1,ea1,am1.1,ea1,ea1,ea1,G4
EPI_ISL_13285538,B2,2022.247,G2,NorthAmerica,B2.1,am1.2,ea1,ea1,ea1,am1.1,ea1,ea1,ea1,G4
EPI_ISL_13285541,B2,2022.249,G2,NorthAmerica,B2.1,am1.2,ea1,ea1,ea1,am1.1,ea1,ea1,ea1,G4
EPI_ISL_16171408,B2,2022.312,G2,NorthAmerica,B2.1,am1.2,ea1,ea1,ea1,am1.1,ea1,ea1,ea1,G4
EPI_ISL_16171412,B2,2022.304,G2,NorthAmerica,B2.1,am1.2,ea1,ea1,ea1,am1.1,ea1,ea1,ea1,G4
EPI_ISL_16171413,B2,2022.304,G2,NorthAmerica,B2.1,am1.2,ea1,ea1,ea1,am1.1,ea1,ea1,ea1,G4
EPI_ISL_16171416,B2,2022.315,G2,NorthAmerica,B2.1,am1.2,ea1,ea1,ea1,am1.1,ea1,ea1,ea1,G4
EPI_ISL_16171419,B2,2022.315,G2,NorthAmerica,B2.1,am1.2,ea1,ea1,ea1,am1.1,ea1,ea1,ea1,G4
EPI_ISL_16171454,B2,2022.315,G2,NorthAmerica,B2.1,am1.2,ea1,ea1,ea1,am1.1,ea1,ea1,ea1,G4
EPI_ISL_16171455,B2,2022.315,G2,NorthAmerica,B2.1,am1.2,ea1,ea1,ea1,am1.1,ea1,ea1,ea1,G4
EPI_ISL_16171457,B2,2022.315,G2,NorthAmerica,B2.1,am1.2,ea1,ea1,ea1,am1.1,ea1,ea1,ea1,G4
EPI_ISL_16171468,B2,2022.321,G2,NorthAmerica,B2.1,am1.2,ea1,ea1,ea1,am1.1,ea1,ea1,ea1,G4
EPI_ISL_16171469,B2,2022.321,G2,NorthAmerica,B2.1,am1.2,ea1,ea1,ea1,am1.1,ea1,ea1,ea1,G4
EPI_ISL_13285537,B2,2022.249,G2,NorthAmerica,B2.1,am1.2,ea1,ea1,ea1,am1.1,ea1,ea1,ea1,G4
EPI_ISL_13286627,B2,2022.247,G2,NorthAmerica,B2.1,am1.2,ea1,ea1,ea1,am1.1,ea1,ea1,ea1,G4
EPI_ISL_13431305,B2,2022.255,G2,NorthAmerica,B2.1,am1.2,ea1,ea1,ea1,am1.1,ea1,ea1,ea1,G4
EPI_ISL_13431306,B2,2022.255,G2,NorthAmerica,B2.1,am1.2,ea1,ea1,ea1,am1.1,ea1,ea1,ea1,G4
EPI_ISL_13431307,B2,2022.255,G2,NorthAmerica,B2.1,am1.2,ea1,ea1,ea1,am1.1,ea1,ea1,ea1,G4
EPI_ISL_13431309,B2,2022.255,G2,NorthAmerica,B2.1,am1.2,ea1,ea1,ea1,am1.1,ea1,ea1,ea1,G4
EPI_ISL_16171500,B2,2022.326,G2,NorthAmerica,B2.1,am1.2,ea1,ea1,ea1,am1.1,ea1,ea1,ea1,G4
EPI_ISL_16171501,B2,2022.326,G2,NorthAmerica,B2.1,am1.2,ea1,ea1,ea1,am1.1,ea1,ea1,ea1,G4
EPI_ISL_13431312,B2,2022.255,G2,NorthAmerica,B2.1,am1.2,ea1,ea1,ea1,am1.1,ea1,ea1,ea1,G4
EPI_ISL_16171503,B2,2022.326,G2,NorthAmerica,B2.1,am1.2,ea1,ea1,ea1,am1.1,ea1,ea1,ea1,G4
EPI_ISL_16171510,B2,2022.326,G2,NorthAmerica,B2.1,am1.2,ea1,ea1,ea1,am1.1,ea1,ea1,ea1,G4
EPI_ISL_16171511,B2,2022.326,G2,NorthAmerica,B2.1,am1.2,ea1,ea1,ea1,am1.1,ea1,ea1,ea1,G4
EPI_ISL_16171512,B2,2022.332,G2,NorthAmerica,B2.1,am1.2,ea1,ea1,ea1,am1.1,ea1,ea1,ea1,G4
EPI_ISL_16171470,B2,2022.321,G2,NorthAmerica,B2.1,am1.2,ea1,ea1,ea1,am1.1,ea1,ea1,ea1,G4
EPI_ISL_13431694,B2,2022.255,G2,NorthAmerica,B2.1,am1.2,ea1,ea1,ea1,am1.1,ea1,ea1,ea1,G4
EPI_ISL_13431695,B2,2022.255,G2,NorthAmerica,B2.1,am1.2,ea1,ea1,ea1,am1.1,ea1,ea1,ea1,G4
EPI_ISL_13431696,B2,2022.255,G2,NorthAmerica,B2.1,am1.2,ea1,ea1,ea1,am1.1,ea1,ea1,ea1,G4
EPI_ISL_16171528,B2,2022.364,G2,NorthAmerica,B2.1,am1.2,ea1,ea1,ea1,am1.1,ea1,ea1,ea1,G4
EPI_ISL_16171530,B2,2022.247,G2,NorthAmerica,B2.1,am1.2,ea1,ea1,ea1,am1.1,ea1,ea1,ea1,G4
EPI_ISL_16172175,B2,2022.249,G2,NorthAmerica,B2.1,am1.2,ea1,ea1,ea1,am1.1,ea1,ea1,ea1,G4
EPI_ISL_16173525,B2,2022.255,G2,NorthAmerica,B2.1,am1.2,ea1,ea1,ea1,am1.1,ea1,ea1,ea1,G4
EPI_ISL_16189980,B2,2022.321,G2,NorthAmerica,B2.1,am1.2,ea1,ea1,ea1,am1.1,ea1,ea1,ea1,G4
EPI_ISL_16240165,B2,2022.326,G2,NorthAmerica,B2.1,am1.2,ea1,ea1,ea1,am1.1,ea1,ea1,ea1,G4
EPI_ISL_16240166,B2,2022.326,G2,NorthAmerica,B2.1,am1.2,ea1,ea1,ea1,am1.1,ea1,ea1,ea1,G4
EPI_ISL_16240167,B2,2022.334,G2,NorthAmerica,B2.1,am1.2,ea1,ea1,ea1,am1.1,ea1,ea1,ea1,G4
EPI_ISL_16240168,B2,2022.334,G2,NorthAmerica,B2.1,am1.2,ea1,ea1,ea1,am1.1,ea1,ea1,ea1,G4
EPI_ISL_16240169,B2,2022.342,G2,NorthAmerica,B2.1,am1.2,ea1,ea1,ea1,am1.1,ea1,ea1,ea1,G4
EPI_ISL_16240220,B2,2022.342,G2,NorthAmerica,B2.1,am1.2,ea1,ea1,ea1,am1.1,ea1,ea1,ea1,G4
EPI_ISL_15004058,B2,2022.26,G2,NorthAmerica,B2.1,am1.2,ea1,ea1,ea1,am1.1,ea1,ea1,ea1,G4
EPI_ISL_15004059,B2,2022.255,G2,NorthAmerica,B2.1,am1.2,ea1,ea1,ea1,am1.1,ea1,ea1,ea1,G4
EPI_ISL_15004063,B2,2022.26,G2,NorthAmerica,B2.1,am1.2,ea1,ea1,ea1,am1.1,ea1,ea1,ea1,G4
EPI_ISL_15004064,B2,2022.263,G2,NorthAmerica,B2.1,am1.2,ea1,ea1,ea1,am1.1,ea1,ea1,ea1,G4
EPI_ISL_15004065,B2,2022.263,G2,NorthAmerica,B2.1,am1.2,ea1,ea1,ea1,am1.1,ea1,ea1,ea1,G4
EPI_ISL_15004066,B2,2022.26,G2,NorthAmerica,B2.1,am1.2,ea1,ea1,ea1,am1.1,ea1,ea1,ea1,G4
EPI_ISL_15004067,B2,2022.26,G2,NorthAmerica,B2.1,am1.2,ea1,ea1,ea1,am1.1,ea1,ea1,ea1,G4
EPI_ISL_15004069,B2,2022.263,G2,NorthAmerica,B2.1,am1.2,ea1,ea1,ea1,am1.1,ea1,ea1,ea1,G4
EPI_ISL_15004070,B2,2022.263,G2,NorthAmerica,B2.1,am1.2,ea1,ea1,ea1,am1.1,ea1,ea1,ea1,G4
EPI_ISL_15004071,B2,2022.263,G2,NorthAmerica,B2.1,am1.2,ea1,ea1,ea1,am1.1,ea1,ea1,ea1,G4
EPI_ISL_15004072,B2,2022.263,G2,NorthAmerica,B2.1,am1.2,ea1,ea1,ea1,am1.1,ea1,ea1,ea1,G4
EPI_ISL_15004374,B2,2022.274,G2,NorthAmerica,B2.1,am1.2,ea1,ea1,ea1,am1.1,ea1,ea1,ea1,G4
EPI_ISL_15004383,B2,2022.271,G2,NorthAmerica,B2.1,am1.2,ea1,ea1,ea1,am1.1,ea1,ea1,ea1,G4
EPI_ISL_15004384,B2,2022.271,G2,NorthAmerica,B2.1,am1.2,ea1,ea1,ea1,am1.1,ea1,ea1,ea1,G4
EPI_ISL_15004385,B2,2022.271,G2,NorthAmerica,B2.1,am1.2,ea1,ea1,ea1,am1.1,ea1,ea1,ea1,G4
EPI_ISL_15004386,B2,2022.268,G2,NorthAmerica,B2.1,am1.2,ea1,ea1,ea1,am1.1,ea1,ea1,ea1,G4
EPI_ISL_15004387,B2,2022.268,G2,NorthAmerica,B2.1,am1.2,ea1,ea1,ea1,am1.1,ea1,ea1,ea1,G4
EPI_ISL_15004388,B2,2022.268,G2,NorthAmerica,B2.1,am1.2,ea1,ea1,ea1,am1.1,ea1,ea1,ea1,G4
EPI_ISL_15004389,B2,2022.268,G2,NorthAmerica,B2.1,am1.2,ea1,ea1,ea1,am1.1,ea1,ea1,ea1,G4
EPI_ISL_15004392,B2,2022.271,G2,NorthAmerica,B2.1,am1.2,ea1,ea1,ea1,am1.1,ea1,ea1,ea1,G4
EPI_ISL_15004393,B2,2022.268,G2,NorthAmerica,B2.1,am1.2,ea1,ea1,ea1,am1.1,ea1,ea1,ea1,G4
EPI_ISL_15004394,B2,2022.268,G2,NorthAmerica,B2.1,am1.2,ea1,ea1,ea1,am1.1,ea1,ea1,ea1,G4
EPI_ISL_15004395,B2,2022.277,G2,NorthAmerica,B2.1,am1.2,ea1,ea1,ea1,am1.1,ea1,ea1,ea1,G4
EPI_ISL_15004396,B2,2022.274,G2,NorthAmerica,B2.1,am1.2,ea1,ea1,ea1,am1.1,ea1,ea1,ea1,G4
EPI_ISL_15004398,B2,2022.274,G2,NorthAmerica,B2.1,am1.2,ea1,ea1,ea1,am1.1,ea1,ea1,ea1,G4
EPI_ISL_13431693,B2,2022.255,G2,NorthAmerica,B2.1,am1.2,ea1,ea1,ea1,am1.1,ea1,ea1,ea1,G4
EPI_ISL_16171514,B2,2022.332,G2,NorthAmerica,B2.1,am1.2,ea1,ea1,ea1,am1.1,ea1,ea1,ea1,G4
EPI_ISL_16171516,B2,2022.332,G2,NorthAmerica,B2.1,am1.2,ea1,ea1,ea1,am1.1,ea1,ea1,ea1,G4
EPI_ISL_16171521,B2,2022.334,G2,NorthAmerica,B2.1,am1.2,ea1,ea1,ea1,am1.1,ea1,ea1,ea1,G4
EPI_ISL_15004409,B2,2022.274,G2,NorthAmerica,B2.1,am1.2,ea1,ea1,ea1,am1.1,ea1,ea1,ea1,G4
EPI_ISL_15004410,B2,2022.277,G2,NorthAmerica,B2.1,am1.2,ea1,ea1,ea1,am1.1,ea1,ea1,ea1,G4
EPI_ISL_15004411,B2,2022.279,G2,NorthAmerica,B2.1,am1.2,ea1,ea1,ea1,am1.1,ea1,ea1,ea1,G4
EPI_ISL_15004412,B2,2022.279,G2,NorthAmerica,B2.1,am1.2,ea1,ea1,ea1,am1.1,ea1,ea1,ea1,G4
EPI_ISL_15004413,B2,2022.271,G2,NorthAmerica,B2.1,am1.2,ea1,ea1,ea1,am1.1,ea1,ea1,ea1,G4
EPI_ISL_15063648,B2,2022.266,G2,NorthAmerica,B2.1,am1.2,ea1,ea1,ea1,am1.1,ea1,ea1,ea1,G4
EPI_ISL_16271816,B2,2022.915,G8,NorthAmerica,B2.2,am1.2,ea1,ea1,ea1,am1.1,ea1,ea1,am1.2,G4
EPI_ISL_16271819,B2,2022.877,G8,NorthAmerica,B2.2,am1.2,ea1,ea1,ea1,am1.1,ea1,ea1,am1.2,G4
EPI_ISL_16271821,B2,2022.874,G8,NorthAmerica,B2.2,am1.2,ea1,ea1,ea1,am1.1,ea1,ea1,am1.2,G4
EPI_ISL_16271822,B2,2022.874,G8,NorthAmerica,B2.2,am1.2,ea1,ea1,ea1,am1.1,ea1,ea1,am1.2,G4
EPI_ISL_16271827,B2,2022.868,G8,NorthAmerica,B2.2,am1.2,ea1,ea1,ea1,am1.1,ea1,ea1,am1.2,G4
EPI_ISL_16271833,B2,2022.893,G8,NorthAmerica,B2.2,am1.2,ea1,ea1,ea1,am1.1,ea1,ea1,am1.2,G4
EPI_ISL_16271845,B2,2022.838,G8,NorthAmerica,B2.2,am1.2,ea1,ea1,ea1,am1.1,ea1,ea1,am1.2,G4
EPI_ISL_16271846,B2,2022.838,G8,NorthAmerica,B2.2,am1.2,ea1,ea1,ea1,am1.1,ea1,ea1,am1.2,G4
EPI_ISL_16271851,B2,2022.868,G8,NorthAmerica,B2.2,am1.2,ea1,ea1,ea1,am1.1,ea1,ea1,am1.2,G4
EPI_ISL_16271852,B2,2022.871,G8,NorthAmerica,B2.2,am1.2,ea1,ea1,ea1,am1.1,ea1,ea1,am1.2,G4
EPI_ISL_16271854,B2,2022.852,G8,NorthAmerica,B2.2,am1.2,ea1,ea1,ea1,am1.1,ea1,ea1,am1.2,G4
EPI_ISL_16297130,B2,2022.811,G8,NorthAmerica,B2.2,am1.2,ea1,ea1,ea1,am1.1,ea1,ea1,am1.2,G4
EPI_ISL_16297134,B2,2022.8,G8,NorthAmerica,B2.2,am1.2,ea1,ea1,ea1,am1.1,ea1,ea1,am1.2,G4
EPI_ISL_16297141,B2,2022.795,G8,NorthAmerica,B2.2,am1.2,ea1,ea1,ea1,am1.1,ea1,ea1,am1.2,G4
EPI_ISL_16297331,B2,2022.795,G8,NorthAmerica,B2.2,am1.2,ea1,ea1,ea1,am1.1,ea1,ea1,am1.2,G4
EPI_ISL_16297341,B2,2022.784,G8,NorthAmerica,B2.2,am1.2,ea1,ea1,ea1,am1.1,ea1,ea1,am1.2,G4
EPI_ISL_16297343,B2,2022.784,G8,NorthAmerica,B2.2,am1.2,ea1,ea1,ea1,am1.1,ea1,ea1,am1.2,G4
EPI_ISL_16297350,B2,2022.775,G8,NorthAmerica,B2.2,am1.2,ea1,ea1,ea1,am1.1,ea1,ea1,am1.2,G4
EPI_ISL_16297362,B2,2022.775,G8,NorthAmerica,B2.2,am1.2,ea1,ea1,ea1,am1.1,ea1,ea1,am1.2,G4
EPI_ISL_16297367,B2,2022.764,G8,NorthAmerica,B2.2,am1.2,ea1,ea1,ea1,am1.1,ea1,ea1,am1.2,G4
EPI_ISL_16297369,B2,2022.762,G8,NorthAmerica,B2.2,am1.2,ea1,ea1,ea1,am1.1,ea1,ea1,am1.2,G4
EPI_ISL_16297372,B2,2022.764,G8,NorthAmerica,B2.2,am1.2,ea1,ea1,ea1,am1.1,ea1,ea1,am1.2,G4
EPI_ISL_16297373,B2,2022.764,G8,NorthAmerica,B2.2,am1.2,ea1,ea1,ea1,am1.1,ea1,ea1,am1.2,G4
EPI_ISL_16297374,B2,2022.764,G8,NorthAmerica,B2.2,am1.2,ea1,ea1,ea1,am1.1,ea1,ea1,am1.2,G4
EPI_ISL_17036173,B2,2022.885,G8,NorthAmerica,B2.2,am1.2,ea1,ea1,ea1,am1.1,ea1,ea1,am1.2,G4
EPI_ISL_17964895,B2,2023.167,G8,NorthAmerica,B2.2,am1.2,ea1,ea1,ea1,am1.1,ea1,ea1,am1.2,G4
EPI_ISL_17964925,B2,2023.222,G8,NorthAmerica,B2.2,am1.2,ea1,ea1,ea1,am1.1,ea1,ea1,am1.2,G4
EPI_ISL_17964948,B2,2023.299,G8,NorthAmerica,B2.2,am1.2,ea1,ea1,ea1,am1.1,ea1,ea1,am1.2,G4
EPI_ISL_16244022,B2,2022.373,G2,NorthAmerica,B2.1,am1.2,ea1,ea1,ea1,am1.1,ea1,ea1,ea1,G4
EPI_ISL_16102263,B2,2022.288,G2,NorthAmerica,B2.1,am1.2,ea1,ea1,ea1,am1.1,ea1,ea1,ea1,G4
EPI_ISL_16171513,B2,2022.323,G2,NorthAmerica,B2.1,am1.2,ea1,ea1,ea1,am1.1,ea1,ea1,ea1,G4
EPI_ISL_15004400,B2,2022.274,G2,NorthAmerica,B2.1,am1.2,ea1,ea1,ea1,am1.1,ea1,ea1,ea1,G4
EPI_ISL_15004401,B2,2022.274,G2,NorthAmerica,B2.1,am1.2,ea1,ea1,ea1,am1.1,ea1,ea1,ea1,G4
EPI_ISL_15004408,B2,2022.274,G2,NorthAmerica,B2.1,am1.2,ea1,ea1,ea1,am1.1,ea1,ea1,ea1,G4
EPI_ISL_16102277,B2,2022.285,G2,NorthAmerica,B2.1,am1.2,ea1,ea1,ea1,am1.1,ea1,ea1,ea1,G4
EPI_ISL_16102278,B2,2022.285,G2,NorthAmerica,B2.1,am1.2,ea1,ea1,ea1,am1.1,ea1,ea1,ea1,G4
EPI_ISL_16171328,B2,2022.299,G2,NorthAmerica,B2.1,am1.2,ea1,ea1,ea1,am1.1,ea1,ea1,ea1,G4
EPI_ISL_16171329,B2,2022.299,G2,NorthAmerica,B2.1,am1.2,ea1,ea1,ea1,am1.1,ea1,ea1,ea1,G4
EPI_ISL_16171330,B2,2022.299,G2,NorthAmerica,B2.1,am1.2,ea1,ea1,ea1,am1.1,ea1,ea1,ea1,G4
EPI_ISL_16171331,B2,2022.296,G2,NorthAmerica,B2.1,am1.2,ea1,ea1,ea1,am1.1,ea1,ea1,ea1,G4
EPI_ISL_16171332,B2,2022.296,G2,NorthAmerica,B2.1,am1.2,ea1,ea1,ea1,am1.1,ea1,ea1,ea1,G4
EPI_ISL_16171399,B2,2022.301,G2,NorthAmerica,B2.1,am1.2,ea1,ea1,ea1,am1.1,ea1,ea1,ea1,G4
EPI_ISL_13117290,B2,2022.364,G2,NorthAmerica,B2.1,am1.2,ea1,ea1,ea1,am1.1,ea1,ea1,ea1,G4
EPI_ISL_16171400,B2,2022.301,G2,NorthAmerica,B2.1,am1.2,ea1,ea1,ea1,am1.1,ea1,ea1,ea1,G4
EPI_ISL_16171401,B2,2022.304,G2,NorthAmerica,B2.1,am1.2,ea1,ea1,ea1,am1.1,ea1,ea1,ea1,G4
EPI_ISL_16171403,B2,2022.301,G2,NorthAmerica,B2.1,am1.2,ea1,ea1,ea1,am1.1,ea1,ea1,ea1,G4
EPI_ISL_16171404,B2,2022.301,G2,NorthAmerica,B2.1,am1.2,ea1,ea1,ea1,am1.1,ea1,ea1,ea1,G4
EPI_ISL_16171405,B2,2022.301,G2,NorthAmerica,B2.1,am1.2,ea1,ea1,ea1,am1.1,ea1,ea1,ea1,G4
EPI_ISL_16240638,B2,2022.353,G2,NorthAmerica,B2.1,am1.2,ea1,ea1,ea1,am1.1,ea1,ea1,ea1,G4
EPI_ISL_16240639,B2,2022.353,G2,NorthAmerica,B2.1,am1.2,ea1,ea1,ea1,am1.1,ea1,ea1,ea1,G4
EPI_ISL_16240640,B2,2022.353,G2,NorthAmerica,B2.1,am1.2,ea1,ea1,ea1,am1.1,ea1,ea1,ea1,G4
EPI_ISL_16240641,B2,2022.353,G2,NorthAmerica,B2.1,am1.2,ea1,ea1,ea1,am1.1,ea1,ea1,ea1,G4
EPI_ISL_16240644,B2,2022.353,G2,NorthAmerica,B2.1,am1.2,ea1,ea1,ea1,am1.1,ea1,ea1,ea1,G4
EPI_ISL_16240880,B2,2022.353,G2,NorthAmerica,B2.1,am1.2,ea1,ea1,ea1,am1.1,ea1,ea1,ea1,G4
EPI_ISL_16240885,B2,2022.356,G2,NorthAmerica,B2.1,am1.2,ea1,ea1,ea1,am1.1,ea1,ea1,ea1,G4
EPI_ISL_16240886,B2,2022.353,G2,NorthAmerica,B2.1,am1.2,ea1,ea1,ea1,am1.1,ea1,ea1,ea1,G4
EPI_ISL_16240887,B2,2022.353,G2,NorthAmerica,B2.1,am1.2,ea1,ea1,ea1,am1.1,ea1,ea1,ea1,G4
EPI_ISL_16240985,B2,2022.353,G2,NorthAmerica,B2.1,am1.2,ea1,ea1,ea1,am1.1,ea1,ea1,ea1,G4
EPI_ISL_16243294,B2,2022.362,G2,NorthAmerica,B2.1,am1.2,ea1,ea1,ea1,am1.1,ea1,ea1,ea1,G4
EPI_ISL_16171488,B2,2022.321,G2,NorthAmerica,B2.1,am1.2,ea1,ea1,ea1,am1.1,ea1,ea1,ea1,G4
EPI_ISL_16171490,B2,2022.321,G2,NorthAmerica,B2.1,am1.2,ea1,ea1,ea1,am1.1,ea1,ea1,ea1,G4
EPI_ISL_16171491,B2,2022.321,G2,NorthAmerica,B2.1,am1.2,ea1,ea1,ea1,am1.1,ea1,ea1,ea1,G4
EPI_ISL_16171498,B2,2022.332,G2,NorthAmerica,B2.1,am1.2,ea1,ea1,ea1,am1.1,ea1,ea1,ea1,G4
EPI_ISL_16171499,B2,2022.332,G2,NorthAmerica,B2.1,am1.2,ea1,ea1,ea1,am1.1,ea1,ea1,ea1,G4
EPI_ISL_16244013,B2,2022.373,G2,NorthAmerica,B2.1,am1.2,ea1,ea1,ea1,am1.1,ea1,ea1,ea1,G4
EPI_ISL_16244015,B2,2022.373,G2,NorthAmerica,B2.1,am1.2,ea1,ea1,ea1,am1.1,ea1,ea1,ea1,G4
EPI_ISL_16171502,B2,2022.326,G2,NorthAmerica,B2.1,am1.2,ea1,ea1,ea1,am1.1,ea1,ea1,ea1,G4
EPI_ISL_16244017,B2,2022.375,G2,NorthAmerica,B2.1,am1.2,ea1,ea1,ea1,am1.1,ea1,ea1,ea1,G4
EPI_ISL_16297123,B2,2022.847,G2,NorthAmerica,B2.1,am1.2,ea1,ea1,ea1,am1.1,ea1,ea1,ea1,G4
EPI_ISL_16244023,B2,2022.373,G2,NorthAmerica,B2.1,am1.2,ea1,ea1,ea1,am1.1,ea1,ea1,ea1,G4
EPI_ISL_16244026,B2,2022.378,G2,NorthAmerica,B2.1,am1.2,ea1,ea1,ea1,am1.1,ea1,ea1,ea1,G4
EPI_ISL_15004399,B2,2022.274,G2,NorthAmerica,B2.1,am1.2,ea1,ea1,ea1,am1.1,ea1,ea1,ea1,G4
EPI_ISL_15004062,B2,2022.263,G8,NorthAmerica,B2.2,am1.2,ea1,ea1,ea1,am1.1,ea1,ea1,am1.2,G4
EPI_ISL_16297124,B2,2022.841,G2,NorthAmerica,B2.1,am1.2,ea1,ea1,ea1,am1.1,ea1,ea1,ea1,G4
EPI_ISL_16297126,B2,2022.827,G2,NorthAmerica,B2.1,am1.2,ea1,ea1,ea1,am1.1,ea1,ea1,ea1,G4
EPI_ISL_16555202,B2,2022.255,G2,NorthAmerica,B2.1,am1.2,ea1,ea1,ea1,am1.1,ea1,ea1,ea1,G4
EPI_ISL_16271815,B2,2022.915,G8,NorthAmerica,B2.2,am1.2,ea1,ea1,ea1,am1.1,ea1,ea1,am1.2,G4
EPI_ISL_16013752,B2,2022.899,G8,SouthAmerica,B2.2,am1.2,ea1,ea1,ea1,am1.1,ea1,ea1,am1.2,G4
EPI_ISL_16171456,B2,2022.307,G8,NorthAmerica,B2.2,am1.2,ea1,ea1,ea1,am1.1,ea1,ea1,am1.2,G4
EPI_ISL_16271814,B2,2022.915,G8,NorthAmerica,B2.2,am1.2,ea1,ea1,ea1,am1.1,ea1,ea1,am1.2,G4
EPI_ISL_16243588,B2,2022.367,G2,NorthAmerica,B2.1,am1.2,ea1,ea1,ea1,am1.1,ea1,ea1,ea1,G4
EPI_ISL_16102264,B2,2022.288,G2,NorthAmerica,B2.1,am1.2,ea1,ea1,ea1,am1.1,ea1,ea1,ea1,G4
EPI_ISL_16240519,B2,2022.351,G2,NorthAmerica,B2.1,am1.2,ea1,ea1,ea1,am1.1,ea1,ea1,ea1,G4
EPI_ISL_16240529,B2,2022.351,G2,NorthAmerica,B2.1,am1.2,ea1,ea1,ea1,am1.1,ea1,ea1,ea1,G4
EPI_ISL_16243326,B2,2022.367,G2,NorthAmerica,B2.1,am1.2,ea1,ea1,ea1,am1.1,ea1,ea1,ea1,G4
EPI_ISL_16244004,B2,2022.37,G2,NorthAmerica,B2.1,am1.2,ea1,ea1,ea1,am1.1,ea1,ea1,ea1,G4
EPI_ISL_16244011,B2,2022.362,G2,NorthAmerica,B2.1,am1.2,ea1,ea1,ea1,am1.1,ea1,ea1,ea1,G4
EPI_ISL_16243306,B2,2022.362,G2,NorthAmerica,B2.1,am1.2,ea1,ea1,ea1,am1.1,ea1,ea1,ea1,G4
EPI_ISL_16102265,B2,2022.282,G2,NorthAmerica,B2.1,am1.2,ea1,ea1,ea1,am1.1,ea1,ea1,ea1,G4
EPI_ISL_16244016,B2,2022.373,G2,NorthAmerica,B2.1,am1.2,ea1,ea1,ea1,am1.1,ea1,ea1,ea1,G4
EPI_ISL_16271825,B2,2022.833,G2,NorthAmerica,B2.1,am1.2,ea1,ea1,ea1,am1.1,ea1,ea1,ea1,G4
EPI_ISL_16102276,B2,2022.285,G2,NorthAmerica,B2.1,am1.2,ea1,ea1,ea1,am1.1,ea1,ea1,ea1,G4
EPI_ISL_16102275,B2,2022.285,G2,NorthAmerica,B2.1,am1.2,ea1,ea1,ea1,am1.1,ea1,ea1,ea1,G4
EPI_ISL_15078254,B3,2022.43,G4,NorthAmerica,B3.2,am2.1,am1.2,ea1,ea1,am1.4.1,ea1,ea1,am1.1,G3
EPI_ISL_13052430,B3,2022.247,G2,NorthAmerica,B3.1,am2.1,ea1,ea1,ea1,am1.4.1,ea1,ea1,ea1,G3
EPI_ISL_15078253,B3,2022.433,G4,NorthAmerica,B3.2,am2.1,am1.2,ea1,ea1,am1.4.1,ea1,ea1,am1.1,G3
EPI_ISL_16171492,B3,2022.323,G2,NorthAmerica,B3.1,am2.1,ea1,ea1,ea1,am1.4.1,ea1,ea1,ea1,G3
EPI_ISL_15214845,B3,2022.266,G4,NorthAmerica,B3.2,am2.1,am1.2,ea1,ea1,am1.4.1,ea1,ea1,am1.1,G3
EPI_ISL_16240456,B3,2022.342,G2,NorthAmerica,B3.1,am2.1,ea1,ea1,ea1,am1.4.1,ea1,ea1,ea1,G3
EPI_ISL_16240642,B3,2022.353,G2,NorthAmerica,B3.1,am2.1,ea1,ea1,ea1,am1.4.1,ea1,ea1,ea1,G3
EPI_ISL_16171493,B3,2022.323,G2,NorthAmerica,B3.1,am2.1,ea1,ea1,ea1,am1.4.1,ea1,ea1,ea1,G3
EPI_ISL_15078249,B3,2022.362,G4,NorthAmerica,B3.2,am2.1,am1.2,ea1,ea1,am1.4.1,ea1,ea1,am1.1,G3
EPI_ISL_15647835,B3,2022.797,G4,Asia,B3.2,am2.1,am1.2,ea1,ea1,am1.4.1,ea1,ea1,am1.1,G3
EPI_ISL_16171472,B3,2022.318,G2,NorthAmerica,B3.1,am2.1,ea1,ea1,ea1,am1.4.1,ea1,ea1,ea1,G3
EPI_ISL_16240643,B3,2022.353,G2,NorthAmerica,B3.1,am2.1,ea1,ea1,ea1,am1.4.1,ea1,ea1,ea1,G3
EPI_ISL_16243210,B3,2022.356,G2,NorthAmerica,B3.1,am2.1,ea1,ea1,ea1,am1.4.1,ea1,ea1,ea1,G3
EPI_ISL_16171471,B3,2022.318,G2,NorthAmerica,B3.1,am2.1,ea1,ea1,ea1,am1.4.1,ea1,ea1,ea1,G3
EPI_ISL_13285556,B3,2022.252,G4,NorthAmerica,B3.2,am2.1,am1.2,ea1,ea1,am1.4.1,ea1,ea1,am1.1,G3
EPI_ISL_13052720,B3,2022.304,G4,NorthAmerica,B3.2,am2.1,am1.2,ea1,ea1,am1.4.1,ea1,ea1,am1.1,G3
EPI_ISL_13052721,B3,2022.342,G4,NorthAmerica,B3.2,am2.1,am1.2,ea1,ea1,am1.4.1,ea1,ea1,am1.1,G3
EPI_ISL_16190673,B3,2022.408,G2,NorthAmerica,B3.1,am2.1,ea1,ea1,ea1,am1.4.1,ea1,ea1,ea1,G3
EPI_ISL_16243316,B3,2022.362,G2,NorthAmerica,B3.1,am2.1,ea1,ea1,ea1,am1.4.1,ea1,ea1,ea1,G3
EPI_ISL_13433352,B3,2022.255,G4,NorthAmerica,B3.2,am2.1,am1.2,ea1,ea1,am1.4.1,ea1,ea1,am1.1,G3
EPI_ISL_13433365,B3,2022.255,G4,NorthAmerica,B3.2,am2.1,am1.2,ea1,ea1,am1.4.1,ea1,ea1,am1.1,G3
EPI_ISL_15004376,B3,2022.274,G4,NorthAmerica,B3.2,am2.1,am1.2,ea1,ea1,am1.4.1,ea1,ea1,am1.1,G3
EPI_ISL_15004391,B3,2022.271,G4,NorthAmerica,B3.2,am2.1,am1.2,ea1,ea1,am1.4.1,ea1,ea1,am1.1,G3
EPI_ISL_15004404,B3,2022.274,G4,NorthAmerica,B3.2,am2.1,am1.2,ea1,ea1,am1.4.1,ea1,ea1,am1.1,G3
EPI_ISL_15004405,B3,2022.274,G4,NorthAmerica,B3.2,am2.1,am1.2,ea1,ea1,am1.4.1,ea1,ea1,am1.1,G3
EPI_ISL_16171465,B3,2022.318,G2,NorthAmerica,B3.1,am2.1,ea1,ea1,ea1,am1.4.1,ea1,ea1,ea1,G3
EPI_ISL_15004407,B3,2022.274,G4,NorthAmerica,B3.2,am2.1,am1.2,ea1,ea1,am1.4.1,ea1,ea1,am1.1,G3
EPI_ISL_15078248,B3,2022.392,G4,NorthAmerica,B3.2,am2.1,am1.2,ea1,ea1,am1.4.1,ea1,ea1,am1.1,G3
EPI_ISL_16171485,B3,2022.321,G4,NorthAmerica,B3.2,am2.1,am1.2,ea1,ea1,am1.4.1,ea1,ea1,am1.1,G3
EPI_ISL_15004406,B3,2022.274,G4,NorthAmerica,B3.2,am2.1,am1.2,ea1,ea1,am1.4.1,ea1,ea1,am1.1,G3
EPI_ISL_16171487,B3,2022.321,G4,NorthAmerica,B3.2,am2.1,am1.2,ea1,ea1,am1.4.1,ea1,ea1,am1.1,G3
EPI_ISL_16171506,B3,2022.326,G4,NorthAmerica,B3.2,am2.1,am1.2,ea1,ea1,am1.4.1,ea1,ea1,am1.1,G3
EPI_ISL_16171507,B3,2022.326,G4,NorthAmerica,B3.2,am2.1,am1.2,ea1,ea1,am1.4.1,ea1,ea1,am1.1,G3
EPI_ISL_16171486,B3,2022.321,G4,NorthAmerica,B3.2,am2.1,am1.2,ea1,ea1,am1.4.1,ea1,ea1,am1.1,G3
EPI_ISL_16171509,B3,2022.329,G4,NorthAmerica,B3.2,am2.1,am1.2,ea1,ea1,am1.4.1,ea1,ea1,am1.1,G3
EPI_ISL_16171517,B3,2022.332,G4,NorthAmerica,B3.2,am2.1,am1.2,ea1,ea1,am1.4.1,ea1,ea1,am1.1,G3
EPI_ISL_16171518,B3,2022.334,G4,NorthAmerica,B3.2,am2.1,am1.2,ea1,ea1,am1.4.1,ea1,ea1,am1.1,G3
EPI_ISL_16183504,B3,2022.37,G4,NorthAmerica,B3.2,am2.1,am1.2,ea1,ea1,am1.4.1,ea1,ea1,am1.1,G3
EPI_ISL_16183595,B3,2022.37,G4,NorthAmerica,B3.2,am2.1,am1.2,ea1,ea1,am1.4.1,ea1,ea1,am1.1,G3
EPI_ISL_16183656,B3,2022.318,G4,NorthAmerica,B3.2,am2.1,am1.2,ea1,ea1,am1.4.1,ea1,ea1,am1.1,G3
EPI_ISL_16189912,B3,2022.321,G4,NorthAmerica,B3.2,am2.1,am1.2,ea1,ea1,am1.4.1,ea1,ea1,am1.1,G3
EPI_ISL_16189977,B3,2022.321,G4,NorthAmerica,B3.2,am2.1,am1.2,ea1,ea1,am1.4.1,ea1,ea1,am1.1,G3
EPI_ISL_16189981,B3,2022.321,G4,NorthAmerica,B3.2,am2.1,am1.2,ea1,ea1,am1.4.1,ea1,ea1,am1.1,G3
EPI_ISL_16240162,B3,2022.337,G4,NorthAmerica,B3.2,am2.1,am1.2,ea1,ea1,am1.4.1,ea1,ea1,am1.1,G3
EPI_ISL_16240163,B3,2022.34,G4,NorthAmerica,B3.2,am2.1,am1.2,ea1,ea1,am1.4.1,ea1,ea1,am1.1,G3
EPI_ISL_16240164,B3,2022.34,G4,NorthAmerica,B3.2,am2.1,am1.2,ea1,ea1,am1.4.1,ea1,ea1,am1.1,G3
EPI_ISL_16171508,B3,2022.329,G4,NorthAmerica,B3.2,am2.1,am1.2,ea1,ea1,am1.4.1,ea1,ea1,am1.1,G3
EPI_ISL_16240224,B3,2022.351,G4,NorthAmerica,B3.2,am2.1,am1.2,ea1,ea1,am1.4.1,ea1,ea1,am1.1,G3
EPI_ISL_16240225,B3,2022.351,G4,NorthAmerica,B3.2,am2.1,am1.2,ea1,ea1,am1.4.1,ea1,ea1,am1.1,G3
EPI_ISL_16240227,B3,2022.348,G4,NorthAmerica,B3.2,am2.1,am1.2,ea1,ea1,am1.4.1,ea1,ea1,am1.1,G3
EPI_ISL_16240228,B3,2022.348,G4,NorthAmerica,B3.2,am2.1,am1.2,ea1,ea1,am1.4.1,ea1,ea1,am1.1,G3
EPI_ISL_16240229,B3,2022.348,G4,NorthAmerica,B3.2,am2.1,am1.2,ea1,ea1,am1.4.1,ea1,ea1,am1.1,G3
EPI_ISL_16240239,B3,2022.348,G4,NorthAmerica,B3.2,am2.1,am1.2,ea1,ea1,am1.4.1,ea1,ea1,am1.1,G3
EPI_ISL_16240351,B3,2022.345,G4,NorthAmerica,B3.2,am2.1,am1.2,ea1,ea1,am1.4.1,ea1,ea1,am1.1,G3
EPI_ISL_16240352,B3,2022.345,G4,NorthAmerica,B3.2,am2.1,am1.2,ea1,ea1,am1.4.1,ea1,ea1,am1.1,G3
EPI_ISL_16240353,B3,2022.345,G4,NorthAmerica,B3.2,am2.1,am1.2,ea1,ea1,am1.4.1,ea1,ea1,am1.1,G3
EPI_ISL_16240497,B3,2022.351,G4,NorthAmerica,B3.2,am2.1,am1.2,ea1,ea1,am1.4.1,ea1,ea1,am1.1,G3
EPI_ISL_16240508,B3,2022.351,G4,NorthAmerica,B3.2,am2.1,am1.2,ea1,ea1,am1.4.1,ea1,ea1,am1.1,G3
EPI_ISL_15004377,B3,2022.274,G4,NorthAmerica,B3.2,am2.1,am1.2,ea1,ea1,am1.4.1,ea1,ea1,am1.1,G3
EPI_ISL_16240223,B3,2022.351,G4,NorthAmerica,B3.2,am2.1,am1.2,ea1,ea1,am1.4.1,ea1,ea1,am1.1,G3
EPI_ISL_15004379,B3,2022.274,G4,NorthAmerica,B3.2,am2.1,am1.2,ea1,ea1,am1.4.1,ea1,ea1,am1.1,G3
EPI_ISL_15004390,B3,2022.271,G4,NorthAmerica,B3.2,am2.1,am1.2,ea1,ea1,am1.4.1,ea1,ea1,am1.1,G3
EPI_ISL_16243641,B3,2022.364,G4,NorthAmerica,B3.2,am2.1,am1.2,ea1,ea1,am1.4.1,ea1,ea1,am1.1,G3
EPI_ISL_16243651,B3,2022.364,G4,NorthAmerica,B3.2,am2.1,am1.2,ea1,ea1,am1.4.1,ea1,ea1,am1.1,G3
EPI_ISL_16243660,B3,2022.362,G4,NorthAmerica,B3.2,am2.1,am1.2,ea1,ea1,am1.4.1,ea1,ea1,am1.1,G3
EPI_ISL_16243667,B3,2022.362,G4,NorthAmerica,B3.2,am2.1,am1.2,ea1,ea1,am1.4.1,ea1,ea1,am1.1,G3
EPI_ISL_16243915,B3,2022.37,G4,NorthAmerica,B3.2,am2.1,am1.2,ea1,ea1,am1.4.1,ea1,ea1,am1.1,G3
EPI_ISL_16243926,B3,2022.37,G4,NorthAmerica,B3.2,am2.1,am1.2,ea1,ea1,am1.4.1,ea1,ea1,am1.1,G3
EPI_ISL_16243981,B3,2022.362,G4,NorthAmerica,B3.2,am2.1,am1.2,ea1,ea1,am1.4.1,ea1,ea1,am1.1,G3
EPI_ISL_16243992,B3,2022.362,G4,NorthAmerica,B3.2,am2.1,am1.2,ea1,ea1,am1.4.1,ea1,ea1,am1.1,G3
EPI_ISL_16244002,B3,2022.373,G4,NorthAmerica,B3.2,am2.1,am1.2,ea1,ea1,am1.4.1,ea1,ea1,am1.1,G3
EPI_ISL_16244003,B3,2022.373,G4,NorthAmerica,B3.2,am2.1,am1.2,ea1,ea1,am1.4.1,ea1,ea1,am1.1,G3
EPI_ISL_16244005,B3,2022.373,G4,NorthAmerica,B3.2,am2.1,am1.2,ea1,ea1,am1.4.1,ea1,ea1,am1.1,G3
EPI_ISL_16244006,B3,2022.37,G4,NorthAmerica,B3.2,am2.1,am1.2,ea1,ea1,am1.4.1,ea1,ea1,am1.1,G3
EPI_ISL_16244012,B3,2022.373,G4,NorthAmerica,B3.2,am2.1,am1.2,ea1,ea1,am1.4.1,ea1,ea1,am1.1,G3
EPI_ISL_16244014,B3,2022.373,G4,NorthAmerica,B3.2,am2.1,am1.2,ea1,ea1,am1.4.1,ea1,ea1,am1.1,G3
EPI_ISL_16244018,B3,2022.378,G4,NorthAmerica,B3.2,am2.1,am1.2,ea1,ea1,am1.4.1,ea1,ea1,am1.1,G3
EPI_ISL_16244019,B3,2022.375,G4,NorthAmerica,B3.2,am2.1,am1.2,ea1,ea1,am1.4.1,ea1,ea1,am1.1,G3
EPI_ISL_16244020,B3,2022.375,G4,NorthAmerica,B3.2,am2.1,am1.2,ea1,ea1,am1.4.1,ea1,ea1,am1.1,G3
EPI_ISL_16244021,B3,2022.375,G4,NorthAmerica,B3.2,am2.1,am1.2,ea1,ea1,am1.4.1,ea1,ea1,am1.1,G3
EPI_ISL_16244024,B3,2022.378,G4,NorthAmerica,B3.2,am2.1,am1.2,ea1,ea1,am1.4.1,ea1,ea1,am1.1,G3
EPI_ISL_16244025,B3,2022.378,G4,NorthAmerica,B3.2,am2.1,am1.2,ea1,ea1,am1.4.1,ea1,ea1,am1.1,G3
EPI_ISL_16271817,B3,2022.882,G4,NorthAmerica,B3.2,am2.1,am1.2,ea1,ea1,am1.4.1,ea1,ea1,am1.1,G3
EPI_ISL_16271818,B3,2022.882,G4,NorthAmerica,B3.2,am2.1,am1.2,ea1,ea1,am1.4.1,ea1,ea1,am1.1,G3
EPI_ISL_16271823,B3,2022.899,G4,NorthAmerica,B3.2,am2.1,am1.2,ea1,ea1,am1.4.1,ea1,ea1,am1.1,G3
EPI_ISL_16271824,B3,2022.896,G4,NorthAmerica,B3.2,am2.1,am1.2,ea1,ea1,am1.4.1,ea1,ea1,am1.1,G3
EPI_ISL_16271826,B3,2022.896,G4,NorthAmerica,B3.2,am2.1,am1.2,ea1,ea1,am1.4.1,ea1,ea1,am1.1,G3
EPI_ISL_16271829,B3,2022.893,G4,NorthAmerica,B3.2,am2.1,am1.2,ea1,ea1,am1.4.1,ea1,ea1,am1.1,G3
EPI_ISL_16271830,B3,2022.888,G4,NorthAmerica,B3.2,am2.1,am1.2,ea1,ea1,am1.4.1,ea1,ea1,am1.1,G3
EPI_ISL_16271831,B3,2022.89,G4,NorthAmerica,B3.2,am2.1,am1.2,ea1,ea1,am1.4.1,ea1,ea1,am1.1,G3
EPI_ISL_16271834,B3,2022.89,G4,NorthAmerica,B3.2,am2.1,am1.2,ea1,ea1,am1.4.1,ea1,ea1,am1.1,G3
EPI_ISL_16271835,B3,2022.841,G4,NorthAmerica,B3.2,am2.1,am1.2,ea1,ea1,am1.4.1,ea1,ea1,am1.1,G3
EPI_ISL_16271840,B3,2022.888,G4,NorthAmerica,B3.2,am2.1,am1.2,ea1,ea1,am1.4.1,ea1,ea1,am1.1,G3
EPI_ISL_16271841,B3,2022.888,G4,NorthAmerica,B3.2,am2.1,am1.2,ea1,ea1,am1.4.1,ea1,ea1,am1.1,G3
EPI_ISL_16271855,B3,2022.855,G4,NorthAmerica,B3.2,am2.1,am1.2,ea1,ea1,am1.4.1,ea1,ea1,am1.1,G3
EPI_ISL_16271859,B3,2022.866,G4,NorthAmerica,B3.2,am2.1,am1.2,ea1,ea1,am1.4.1,ea1,ea1,am1.1,G3
EPI_ISL_16271861,B3,2022.868,G4,NorthAmerica,B3.2,am2.1,am1.2,ea1,ea1,am1.4.1,ea1,ea1,am1.1,G3
EPI_ISL_16297062,B3,2022.819,G4,NorthAmerica,B3.2,am2.1,am1.2,ea1,ea1,am1.4.1,ea1,ea1,am1.1,G3
EPI_ISL_16297067,B3,2022.789,G4,NorthAmerica,B3.2,am2.1,am1.2,ea1,ea1,am1.4.1,ea1,ea1,am1.1,G3
EPI_ISL_15004378,B3,2022.274,G4,NorthAmerica,B3.2,am2.1,am1.2,ea1,ea1,am1.4.1,ea1,ea1,am1.1,G3
EPI_ISL_16297071,B3,2022.833,G4,NorthAmerica,B3.2,am2.1,am1.2,ea1,ea1,am1.4.1,ea1,ea1,am1.1,G3
EPI_ISL_16297072,B3,2022.833,G4,NorthAmerica,B3.2,am2.1,am1.2,ea1,ea1,am1.4.1,ea1,ea1,am1.1,G3
EPI_ISL_16297078,B3,2022.833,G4,NorthAmerica,B3.2,am2.1,am1.2,ea1,ea1,am1.4.1,ea1,ea1,am1.1,G3
EPI_ISL_16297081,B3,2022.836,G4,NorthAmerica,B3.2,am2.1,am1.2,ea1,ea1,am1.4.1,ea1,ea1,am1.1,G3
EPI_ISL_16297085,B3,2022.83,G4,NorthAmerica,B3.2,am2.1,am1.2,ea1,ea1,am1.4.1,ea1,ea1,am1.1,G3
EPI_ISL_16297117,B3,2022.83,G4,NorthAmerica,B3.2,am2.1,am1.2,ea1,ea1,am1.4.1,ea1,ea1,am1.1,G3
EPI_ISL_16297118,B3,2022.836,G4,NorthAmerica,B3.2,am2.1,am1.2,ea1,ea1,am1.4.1,ea1,ea1,am1.1,G3
EPI_ISL_16297121,B3,2022.896,G4,NorthAmerica,B3.2,am2.1,am1.2,ea1,ea1,am1.4.1,ea1,ea1,am1.1,G3
EPI_ISL_16297128,B3,2022.805,G4,NorthAmerica,B3.2,am2.1,am1.2,ea1,ea1,am1.4.1,ea1,ea1,am1.1,G3
EPI_ISL_16297129,B3,2022.814,G4,NorthAmerica,B3.2,am2.1,am1.2,ea1,ea1,am1.4.1,ea1,ea1,am1.1,G3
EPI_ISL_16297133,B3,2022.8,G4,NorthAmerica,B3.2,am2.1,am1.2,ea1,ea1,am1.4.1,ea1,ea1,am1.1,G3
EPI_ISL_16297135,B3,2022.808,G4,NorthAmerica,B3.2,am2.1,am1.2,ea1,ea1,am1.4.1,ea1,ea1,am1.1,G3
EPI_ISL_16297136,B3,2022.8,G4,NorthAmerica,B3.2,am2.1,am1.2,ea1,ea1,am1.4.1,ea1,ea1,am1.1,G3
EPI_ISL_16297137,B3,2022.803,G4,NorthAmerica,B3.2,am2.1,am1.2,ea1,ea1,am1.4.1,ea1,ea1,am1.1,G3
EPI_ISL_16297140,B3,2022.8,G4,NorthAmerica,B3.2,am2.1,am1.2,ea1,ea1,am1.4.1,ea1,ea1,am1.1,G3
EPI_ISL_16297328,B3,2022.795,G4,NorthAmerica,B3.2,am2.1,am1.2,ea1,ea1,am1.4.1,ea1,ea1,am1.1,G3
EPI_ISL_16297330,B3,2022.795,G4,NorthAmerica,B3.2,am2.1,am1.2,ea1,ea1,am1.4.1,ea1,ea1,am1.1,G3
EPI_ISL_16297332,B3,2022.784,G4,NorthAmerica,B3.2,am2.1,am1.2,ea1,ea1,am1.4.1,ea1,ea1,am1.1,G3
EPI_ISL_16297333,B3,2022.792,G4,NorthAmerica,B3.2,am2.1,am1.2,ea1,ea1,am1.4.1,ea1,ea1,am1.1,G3
EPI_ISL_16297334,B3,2022.795,G4,NorthAmerica,B3.2,am2.1,am1.2,ea1,ea1,am1.4.1,ea1,ea1,am1.1,G3
EPI_ISL_16297335,B3,2022.795,G4,NorthAmerica,B3.2,am2.1,am1.2,ea1,ea1,am1.4.1,ea1,ea1,am1.1,G3
EPI_ISL_16297337,B3,2022.795,G4,NorthAmerica,B3.2,am2.1,am1.2,ea1,ea1,am1.4.1,ea1,ea1,am1.1,G3
EPI_ISL_16297340,B3,2022.795,G4,NorthAmerica,B3.2,am2.1,am1.2,ea1,ea1,am1.4.1,ea1,ea1,am1.1,G3
EPI_ISL_16297342,B3,2022.792,G4,NorthAmerica,B3.2,am2.1,am1.2,ea1,ea1,am1.4.1,ea1,ea1,am1.1,G3
EPI_ISL_16297344,B3,2022.775,G4,NorthAmerica,B3.2,am2.1,am1.2,ea1,ea1,am1.4.1,ea1,ea1,am1.1,G3
EPI_ISL_16297351,B3,2022.786,G4,NorthAmerica,B3.2,am2.1,am1.2,ea1,ea1,am1.4.1,ea1,ea1,am1.1,G3
EPI_ISL_16297353,B3,2022.784,G4,NorthAmerica,B3.2,am2.1,am1.2,ea1,ea1,am1.4.1,ea1,ea1,am1.1,G3
EPI_ISL_16297354,B3,2022.775,G4,NorthAmerica,B3.2,am2.1,am1.2,ea1,ea1,am1.4.1,ea1,ea1,am1.1,G3
EPI_ISL_16297355,B3,2022.778,G4,NorthAmerica,B3.2,am2.1,am1.2,ea1,ea1,am1.4.1,ea1,ea1,am1.1,G3
EPI_ISL_16297356,B3,2022.778,G4,NorthAmerica,B3.2,am2.1,am1.2,ea1,ea1,am1.4.1,ea1,ea1,am1.1,G3
EPI_ISL_16297358,B3,2022.773,G4,NorthAmerica,B3.2,am2.1,am1.2,ea1,ea1,am1.4.1,ea1,ea1,am1.1,G3
EPI_ISL_16297359,B3,2022.781,G4,NorthAmerica,B3.2,am2.1,am1.2,ea1,ea1,am1.4.1,ea1,ea1,am1.1,G3
EPI_ISL_16297360,B3,2022.781,G4,NorthAmerica,B3.2,am2.1,am1.2,ea1,ea1,am1.4.1,ea1,ea1,am1.1,G3
EPI_ISL_16297361,B3,2022.775,G4,NorthAmerica,B3.2,am2.1,am1.2,ea1,ea1,am1.4.1,ea1,ea1,am1.1,G3
EPI_ISL_16297364,B3,2022.775,G4,NorthAmerica,B3.2,am2.1,am1.2,ea1,ea1,am1.4.1,ea1,ea1,am1.1,G3
EPI_ISL_16297365,B3,2022.773,G4,NorthAmerica,B3.2,am2.1,am1.2,ea1,ea1,am1.4.1,ea1,ea1,am1.1,G3
EPI_ISL_16297368,B3,2022.773,G4,NorthAmerica,B3.2,am2.1,am1.2,ea1,ea1,am1.4.1,ea1,ea1,am1.1,G3
EPI_ISL_16297377,B3,2022.759,G4,NorthAmerica,B3.2,am2.1,am1.2,ea1,ea1,am1.4.1,ea1,ea1,am1.1,G3
EPI_ISL_16297378,B3,2022.762,G4,NorthAmerica,B3.2,am2.1,am1.2,ea1,ea1,am1.4.1,ea1,ea1,am1.1,G3
EPI_ISL_16297070,B3,2022.833,G4,NorthAmerica,B3.2,am2.1,am1.2,ea1,ea1,am1.4.1,ea1,ea1,am1.1,G3
EPI_ISL_16297380,B3,2022.795,G4,NorthAmerica,B3.2,am2.1,am1.2,ea1,ea1,am1.4.1,ea1,ea1,am1.1,G3
EPI_ISL_16297382,B3,2022.759,G4,NorthAmerica,B3.2,am2.1,am1.2,ea1,ea1,am1.4.1,ea1,ea1,am1.1,G3
EPI_ISL_16367899,B3,2022.34,G4,NorthAmerica,B3.2,am2.1,am1.2,ea1,ea1,am1.4.1,ea1,ea1,am1.1,G3
EPI_ISL_16367971,B3,2022.408,G4,NorthAmerica,B3.2,am2.1,am1.2,ea1,ea1,am1.4.1,ea1,ea1,am1.1,G3
EPI_ISL_16891402,B3,2022.918,G4,SouthAmerica,B3.2,am2.1,am1.2,ea1,ea1,am1.4.1,ea1,ea1,am1.1,G3
EPI_ISL_16958548,B3,2023.068,G4,NorthAmerica,B3.2,am2.1,am1.2,ea1,ea1,am1.4.1,ea1,ea1,am1.1,G3
EPI_ISL_17011958,B3,2022.932,G4,SouthAmerica,B3.2,am2.1,am1.2,ea1,ea1,am1.4.1,ea1,ea1,am1.1,G3
EPI_ISL_17011964,B3,2022.932,G4,SouthAmerica,B3.2,am2.1,am1.2,ea1,ea1,am1.4.1,ea1,ea1,am1.1,G3
EPI_ISL_17036172,B3,2022.885,G4,NorthAmerica,B3.2,am2.1,am1.2,ea1,ea1,am1.4.1,ea1,ea1,am1.1,G3
EPI_ISL_17468386,B3,2023.225,G4,SouthAmerica,B3.2,am2.1,am1.2,ea1,ea1,am1.4.1,ea1,ea1,am1.1,G3
EPI_ISL_17777525,B3,2023.252,G4,SouthAmerica,B3.2,am2.1,am1.2,ea1,ea1,am1.4.1,ea1,ea1,am1.1,G3
EPI_ISL_17777527,B3,2023.203,G4,SouthAmerica,B3.2,am2.1,am1.2,ea1,ea1,am1.4.1,ea1,ea1,am1.1,G3
EPI_ISL_17777528,B3,2023.205,G4,SouthAmerica,B3.2,am2.1,am1.2,ea1,ea1,am1.4.1,ea1,ea1,am1.1,G3
EPI_ISL_17777529,B3,2023.205,G4,SouthAmerica,B3.2,am2.1,am1.2,ea1,ea1,am1.4.1,ea1,ea1,am1.1,G3
EPI_ISL_17777530,B3,2023.205,G4,SouthAmerica,B3.2,am2.1,am1.2,ea1,ea1,am1.4.1,ea1,ea1,am1.1,G3
EPI_ISL_17777532,B3,2023.178,G4,SouthAmerica,B3.2,am2.1,am1.2,ea1,ea1,am1.4.1,ea1,ea1,am1.1,G3
EPI_ISL_17821770,B3,2023.241,G4,NorthAmerica,B3.2,am2.1,am1.2,ea1,ea1,am1.4.1,ea1,ea1,am1.1,G3
EPI_ISL_17885849,B3,2023.175,G4,SouthAmerica,B3.2,am2.1,am1.2,ea1,ea1,am1.4.1,ea1,ea1,am1.1,G3
EPI_ISL_17885870,B3,2023.192,G4,SouthAmerica,B3.2,am2.1,am1.2,ea1,ea1,am1.4.1,ea1,ea1,am1.1,G3
EPI_ISL_17885871,B3,2023.192,G4,SouthAmerica,B3.2,am2.1,am1.2,ea1,ea1,am1.4.1,ea1,ea1,am1.1,G3
EPI_ISL_17885872,B3,2023.192,G4,SouthAmerica,B3.2,am2.1,am1.2,ea1,ea1,am1.4.1,ea1,ea1,am1.1,G3
EPI_ISL_17885873,B3,2023.186,G4,SouthAmerica,B3.2,am2.1,am1.2,ea1,ea1,am1.4.1,ea1,ea1,am1.1,G3
EPI_ISL_17885874,B3,2023.186,G4,SouthAmerica,B3.2,am2.1,am1.2,ea1,ea1,am1.4.1,ea1,ea1,am1.1,G3
EPI_ISL_17885876,B3,2023.181,G4,SouthAmerica,B3.2,am2.1,am1.2,ea1,ea1,am1.4.1,ea1,ea1,am1.1,G3
EPI_ISL_17885877,B3,2023.175,G4,SouthAmerica,B3.2,am2.1,am1.2,ea1,ea1,am1.4.1,ea1,ea1,am1.1,G3
EPI_ISL_17885945,B3,2023.197,G4,SouthAmerica,B3.2,am2.1,am1.2,ea1,ea1,am1.4.1,ea1,ea1,am1.1,G3
EPI_ISL_17885946,B3,2023.197,G4,SouthAmerica,B3.2,am2.1,am1.2,ea1,ea1,am1.4.1,ea1,ea1,am1.1,G3
EPI_ISL_17885949,B3,2023.178,G4,SouthAmerica,B3.2,am2.1,am1.2,ea1,ea1,am1.4.1,ea1,ea1,am1.1,G3
EPI_ISL_17885950,B3,2023.178,G4,SouthAmerica,B3.2,am2.1,am1.2,ea1,ea1,am1.4.1,ea1,ea1,am1.1,G3
EPI_ISL_17885952,B3,2023.164,G4,SouthAmerica,B3.2,am2.1,am1.2,ea1,ea1,am1.4.1,ea1,ea1,am1.1,G3
EPI_ISL_17885954,B3,2023.164,G4,SouthAmerica,B3.2,am2.1,am1.2,ea1,ea1,am1.4.1,ea1,ea1,am1.1,G3
EPI_ISL_17885962,B3,2023.186,G4,SouthAmerica,B3.2,am2.1,am1.2,ea1,ea1,am1.4.1,ea1,ea1,am1.1,G3
EPI_ISL_17885964,B3,2023.178,G4,SouthAmerica,B3.2,am2.1,am1.2,ea1,ea1,am1.4.1,ea1,ea1,am1.1,G3
EPI_ISL_17885965,B3,2023.184,G4,SouthAmerica,B3.2,am2.1,am1.2,ea1,ea1,am1.4.1,ea1,ea1,am1.1,G3
EPI_ISL_17885966,B3,2023.197,G4,SouthAmerica,B3.2,am2.1,am1.2,ea1,ea1,am1.4.1,ea1,ea1,am1.1,G3
EPI_ISL_17885967,B3,2023.175,G4,SouthAmerica,B3.2,am2.1,am1.2,ea1,ea1,am1.4.1,ea1,ea1,am1.1,G3
EPI_ISL_17885972,B3,2023.162,G4,SouthAmerica,B3.2,am2.1,am1.2,ea1,ea1,am1.4.1,ea1,ea1,am1.1,G3
EPI_ISL_17885976,B3,2023.162,G4,SouthAmerica,B3.2,am2.1,am1.2,ea1,ea1,am1.4.1,ea1,ea1,am1.1,G3
EPI_ISL_17885978,B3,2023.167,G4,SouthAmerica,B3.2,am2.1,am1.2,ea1,ea1,am1.4.1,ea1,ea1,am1.1,G3
EPI_ISL_17964890,B3,2023.164,G4,NorthAmerica,B3.2,am2.1,am1.2,ea1,ea1,am1.4.1,ea1,ea1,am1.1,G3
EPI_ISL_17964893,B3,2023.173,G4,NorthAmerica,B3.2,am2.1,am1.2,ea1,ea1,am1.4.1,ea1,ea1,am1.1,G3
EPI_ISL_16243202,B3,2022.356,G4,NorthAmerica,B3.2,am2.1,am1.2,ea1,ea1,am1.4.1,ea1,ea1,am1.1,G3
EPI_ISL_16243221,B3,2022.356,G4,NorthAmerica,B3.2,am2.1,am1.2,ea1,ea1,am1.4.1,ea1,ea1,am1.1,G3
EPI_ISL_17964901,B3,2023.17,G4,NorthAmerica,B3.2,am2.1,am1.2,ea1,ea1,am1.4.1,ea1,ea1,am1.1,G3
EPI_ISL_17964902,B3,2023.17,G4,NorthAmerica,B3.2,am2.1,am1.2,ea1,ea1,am1.4.1,ea1,ea1,am1.1,G3
EPI_ISL_17964906,B3,2023.2,G4,NorthAmerica,B3.2,am2.1,am1.2,ea1,ea1,am1.4.1,ea1,ea1,am1.1,G3
EPI_ISL_17964907,B3,2023.167,G4,NorthAmerica,B3.2,am2.1,am1.2,ea1,ea1,am1.4.1,ea1,ea1,am1.1,G3
EPI_ISL_17964913,B3,2023.2,G4,NorthAmerica,B3.2,am2.1,am1.2,ea1,ea1,am1.4.1,ea1,ea1,am1.1,G3
EPI_ISL_17964919,B3,2023.23,G4,NorthAmerica,B3.2,am2.1,am1.2,ea1,ea1,am1.4.1,ea1,ea1,am1.1,G3
EPI_ISL_17964920,B3,2023.222,G4,NorthAmerica,B3.2,am2.1,am1.2,ea1,ea1,am1.4.1,ea1,ea1,am1.1,G3
EPI_ISL_17964923,B3,2023.255,G4,NorthAmerica,B3.2,am2.1,am1.2,ea1,ea1,am1.4.1,ea1,ea1,am1.1,G3
EPI_ISL_17964926,B3,2023.236,G4,NorthAmerica,B3.2,am2.1,am1.2,ea1,ea1,am1.4.1,ea1,ea1,am1.1,G3
EPI_ISL_17964927,B3,2023.236,G4,NorthAmerica,B3.2,am2.1,am1.2,ea1,ea1,am1.4.1,ea1,ea1,am1.1,G3
EPI_ISL_17964928,B3,2023.271,G4,NorthAmerica,B3.2,am2.1,am1.2,ea1,ea1,am1.4.1,ea1,ea1,am1.1,G3
EPI_ISL_17964929,B3,2023.252,G4,NorthAmerica,B3.2,am2.1,am1.2,ea1,ea1,am1.4.1,ea1,ea1,am1.1,G3
EPI_ISL_17964933,B3,2023.241,G4,NorthAmerica,B3.2,am2.1,am1.2,ea1,ea1,am1.4.1,ea1,ea1,am1.1,G3
EPI_ISL_17964934,B3,2023.271,G4,NorthAmerica,B3.2,am2.1,am1.2,ea1,ea1,am1.4.1,ea1,ea1,am1.1,G3
EPI_ISL_17964939,B3,2023.277,G4,NorthAmerica,B3.2,am2.1,am1.2,ea1,ea1,am1.4.1,ea1,ea1,am1.1,G3
EPI_ISL_17964941,B3,2023.279,G4,NorthAmerica,B3.2,am2.1,am1.2,ea1,ea1,am1.4.1,ea1,ea1,am1.1,G3
EPI_ISL_17964942,B3,2023.274,G4,NorthAmerica,B3.2,am2.1,am1.2,ea1,ea1,am1.4.1,ea1,ea1,am1.1,G3
EPI_ISL_17964944,B3,2023.244,G4,NorthAmerica,B3.2,am2.1,am1.2,ea1,ea1,am1.4.1,ea1,ea1,am1.1,G3
EPI_ISL_17964945,B3,2023.279,G4,NorthAmerica,B3.2,am2.1,am1.2,ea1,ea1,am1.4.1,ea1,ea1,am1.1,G3
EPI_ISL_17964946,B3,2023.296,G4,NorthAmerica,B3.2,am2.1,am1.2,ea1,ea1,am1.4.1,ea1,ea1,am1.1,G3
EPI_ISL_17964947,B3,2023.296,G4,NorthAmerica,B3.2,am2.1,am1.2,ea1,ea1,am1.4.1,ea1,ea1,am1.1,G3
EPI_ISL_17964950,B3,2023.293,G4,NorthAmerica,B3.2,am2.1,am1.2,ea1,ea1,am1.4.1,ea1,ea1,am1.1,G3
EPI_ISL_17964953,B3,2023.296,G4,NorthAmerica,B3.2,am2.1,am1.2,ea1,ea1,am1.4.1,ea1,ea1,am1.1,G3
EPI_ISL_17964959,B3,2023.332,G4,NorthAmerica,B3.2,am2.1,am1.2,ea1,ea1,am1.4.1,ea1,ea1,am1.1,G3
EPI_ISL_17964960,B3,2023.321,G4,NorthAmerica,B3.2,am2.1,am1.2,ea1,ea1,am1.4.1,ea1,ea1,am1.1,G3
EPI_ISL_17964961,B3,2023.321,G4,NorthAmerica,B3.2,am2.1,am1.2,ea1,ea1,am1.4.1,ea1,ea1,am1.1,G3
EPI_ISL_17964974,B3,2023.288,G4,NorthAmerica,B3.2,am2.1,am1.2,ea1,ea1,am1.4.1,ea1,ea1,am1.1,G3
EPI_ISL_17964980,B3,2023.389,G4,NorthAmerica,B3.2,am2.1,am1.2,ea1,ea1,am1.4.1,ea1,ea1,am1.1,G3
EPI_ISL_17964981,B3,2023.381,G4,NorthAmerica,B3.2,am2.1,am1.2,ea1,ea1,am1.4.1,ea1,ea1,am1.1,G3
EPI_ISL_17964924,B3,2023.26,G4,NorthAmerica,B3.3,am2.2,am1.4,ea1,ea1,am1.4.1,ea1,ea1,am1.1,G3
EPI_ISL_17964888,B3,2023.167,G4,NorthAmerica,B3.4,am4,am1.2,ea1,ea1,am1.4.1,ea1,ea1,am1.1,G3
EPI_ISL_17964898,B3,2023.205,G4,NorthAmerica,B3.5,am3.2,am1.2,ea1,ea1,am1.4.1,ea1,ea1,am1.1,G3
EPI_ISL_17964899,B3,2023.203,G4,NorthAmerica,B3.5,am3.2,am1.2,ea1,ea1,am1.4.1,ea1,ea1,am1.1,G3
EPI_ISL_17964900,B3,2023.2,G4,NorthAmerica,B3.5,am3.2,am1.2,ea1,ea1,am1.4.1,ea1,ea1,am1.1,G3
EPI_ISL_17964938,B3,2023.238,G4,NorthAmerica,B3.5,am3.2,am1.2,ea1,ea1,am1.4.1,ea1,ea1,am1.1,G3
EPI_ISL_17964954,B3,2023.323,G4,NorthAmerica,B3.5,am3.2,am1.2,ea1,ea1,am1.4.1,ea1,ea1,am1.1,G3
EPI_ISL_17964956,B3,2023.318,G4,NorthAmerica,B3.5,am3.2,am1.2,ea1,ea1,am1.4.1,ea1,ea1,am1.1,G3
EPI_ISL_17964958,B3,2023.334,G4,NorthAmerica,B3.5,am3.2,am1.2,ea1,ea1,am1.4.1,ea1,ea1,am1.1,G3
EPI_ISL_17964962,B3,2023.329,G4,NorthAmerica,B3.5,am3.2,am1.2,ea1,ea1,am1.4.1,ea1,ea1,am1.1,G3
EPI_ISL_17964963,B3,2023.279,G4,NorthAmerica,B3.5,am3.2,am1.2,ea1,ea1,am1.4.1,ea1,ea1,am1.1,G3
EPI_ISL_17964964,B3,2023.252,G4,NorthAmerica,B3.5,am3.2,am1.2,ea1,ea1,am1.4.1,ea1,ea1,am1.1,G3
EPI_ISL_17964965,B3,2023.214,G4,NorthAmerica,B3.5,am3.2,am1.2,ea1,ea1,am1.4.1,ea1,ea1,am1.1,G3
EPI_ISL_17964967,B3,2023.197,G4,NorthAmerica,B3.5,am3.2,am1.2,ea1,ea1,am1.4.1,ea1,ea1,am1.1,G3
EPI_ISL_17964971,B3,2023.351,G4,NorthAmerica,B3.5,am3.2,am1.2,ea1,ea1,am1.4.1,ea1,ea1,am1.1,G3
EPI_ISL_17964972,B3,2023.334,G4,NorthAmerica,B3.5,am3.2,am1.2,ea1,ea1,am1.4.1,ea1,ea1,am1.1,G3
EPI_ISL_17964975,B3,2023.375,G4,NorthAmerica,B3.5,am3.2,am1.2,ea1,ea1,am1.4.1,ea1,ea1,am1.1,G3
EPI_ISL_17964905,B3,2023.173,G4,NorthAmerica,B3.6,am5,am4,ea1,ea1,am1.4.1,ea1,ea1,am1.1,G3
EPI_ISL_16171479,B3,2022.315,G4,NorthAmerica,B3.2,am2.1,am1.2,ea1,ea1,am1.4.1,ea1,ea1,am1.1,G3
EPI_ISL_15078251,B3,2022.419,G2,NorthAmerica,B3.1,am2.1,ea1,ea1,ea1,am1.4.1,ea1,ea1,ea1,G3
EPI_ISL_16023452,B3,2022.304,G2,NorthAmerica,B3.1,am2.1,ea1,ea1,ea1,am1.4.1,ea1,ea1,ea1,G3
EPI_ISL_16101524,B3,2022.277,G2,NorthAmerica,B3.1,am2.1,ea1,ea1,ea1,am1.4.1,ea1,ea1,ea1,G3
EPI_ISL_16101525,B3,2022.277,G2,NorthAmerica,B3.1,am2.1,ea1,ea1,ea1,am1.4.1,ea1,ea1,ea1,G3
EPI_ISL_16171252,B3,2022.296,G2,NorthAmerica,B3.1,am2.1,ea1,ea1,ea1,am1.4.1,ea1,ea1,ea1,G3
EPI_ISL_16003253,B3,2022.263,G4,NorthAmerica,B3.2,am2.1,am1.2,ea1,ea1,am1.4.1,ea1,ea1,am1.1,G3
EPI_ISL_16022233,B3,2022.378,G4,NorthAmerica,B3.2,am2.1,am1.2,ea1,ea1,am1.4.1,ea1,ea1,am1.1,G3
EPI_ISL_16023345,B3,2022.34,G4,NorthAmerica,B3.2,am2.1,am1.2,ea1,ea1,am1.4.1,ea1,ea1,am1.1,G3
EPI_ISL_16023371,B3,2022.438,G4,NorthAmerica,B3.2,am2.1,am1.2,ea1,ea1,am1.4.1,ea1,ea1,am1.1,G3
EPI_ISL_16023372,B3,2022.488,G4,NorthAmerica,B3.2,am2.1,am1.2,ea1,ea1,am1.4.1,ea1,ea1,am1.1,G3
EPI_ISL_16023374,B3,2022.545,G4,NorthAmerica,B3.2,am2.1,am1.2,ea1,ea1,am1.4.1,ea1,ea1,am1.1,G3
EPI_ISL_16023375,B3,2022.545,G4,NorthAmerica,B3.2,am2.1,am1.2,ea1,ea1,am1.4.1,ea1,ea1,am1.1,G3
EPI_ISL_16023376,B3,2022.411,G4,NorthAmerica,B3.2,am2.1,am1.2,ea1,ea1,am1.4.1,ea1,ea1,am1.1,G3
EPI_ISL_16102174,B3,2022.285,G4,NorthAmerica,B3.2,am2.1,am1.2,ea1,ea1,am1.4.1,ea1,ea1,am1.1,G3
EPI_ISL_16102229,B3,2022.285,G4,NorthAmerica,B3.2,am2.1,am1.2,ea1,ea1,am1.4.1,ea1,ea1,am1.1,G3
EPI_ISL_16102230,B3,2022.285,G4,NorthAmerica,B3.2,am2.1,am1.2,ea1,ea1,am1.4.1,ea1,ea1,am1.1,G3
EPI_ISL_16102266,B3,2022.29,G4,NorthAmerica,B3.2,am2.1,am1.2,ea1,ea1,am1.4.1,ea1,ea1,am1.1,G3
EPI_ISL_16102267,B3,2022.29,G4,NorthAmerica,B3.2,am2.1,am1.2,ea1,ea1,am1.4.1,ea1,ea1,am1.1,G3
EPI_ISL_16102283,B3,2022.29,G4,NorthAmerica,B3.2,am2.1,am1.2,ea1,ea1,am1.4.1,ea1,ea1,am1.1,G3
EPI_ISL_16102926,B3,2022.293,G4,NorthAmerica,B3.2,am2.1,am1.2,ea1,ea1,am1.4.1,ea1,ea1,am1.1,G3
EPI_ISL_16102927,B3,2022.293,G4,NorthAmerica,B3.2,am2.1,am1.2,ea1,ea1,am1.4.1,ea1,ea1,am1.1,G3
EPI_ISL_16171250,B3,2022.296,G4,NorthAmerica,B3.2,am2.1,am1.2,ea1,ea1,am1.4.1,ea1,ea1,am1.1,G3
EPI_ISL_16171251,B3,2022.296,G4,NorthAmerica,B3.2,am2.1,am1.2,ea1,ea1,am1.4.1,ea1,ea1,am1.1,G3
EPI_ISL_16171254,B3,2022.296,G4,NorthAmerica,B3.2,am2.1,am1.2,ea1,ea1,am1.4.1,ea1,ea1,am1.1,G3
EPI_ISL_16171255,B3,2022.296,G4,NorthAmerica,B3.2,am2.1,am1.2,ea1,ea1,am1.4.1,ea1,ea1,am1.1,G3
EPI_ISL_16171256,B3,2022.296,G4,NorthAmerica,B3.2,am2.1,am1.2,ea1,ea1,am1.4.1,ea1,ea1,am1.1,G3
EPI_ISL_16171322,B3,2022.296,G4,NorthAmerica,B3.2,am2.1,am1.2,ea1,ea1,am1.4.1,ea1,ea1,am1.1,G3
EPI_ISL_16171323,B3,2022.296,G4,NorthAmerica,B3.2,am2.1,am1.2,ea1,ea1,am1.4.1,ea1,ea1,am1.1,G3
EPI_ISL_16171326,B3,2022.299,G4,NorthAmerica,B3.2,am2.1,am1.2,ea1,ea1,am1.4.1,ea1,ea1,am1.1,G3
EPI_ISL_16297379,B3,2022.762,G4,NorthAmerica,B3.2,am2.1,am1.2,ea1,ea1,am1.4.1,ea1,ea1,am1.1,G3
EPI_ISL_16171327,B3,2022.299,G4,NorthAmerica,B3.2,am2.1,am1.2,ea1,ea1,am1.4.1,ea1,ea1,am1.1,G3
EPI_ISL_16171406,B3,2022.304,G4,NorthAmerica,B3.2,am2.1,am1.2,ea1,ea1,am1.4.1,ea1,ea1,am1.1,G3
EPI_ISL_16171407,B3,2022.304,G4,NorthAmerica,B3.2,am2.1,am1.2,ea1,ea1,am1.4.1,ea1,ea1,am1.1,G3
EPI_ISL_16171458,B3,2022.312,G4,NorthAmerica,B3.2,am2.1,am1.2,ea1,ea1,am1.4.1,ea1,ea1,am1.1,G3
EPI_ISL_16171459,B3,2022.315,G4,NorthAmerica,B3.2,am2.1,am1.2,ea1,ea1,am1.4.1,ea1,ea1,am1.1,G3
EPI_ISL_16171460,B3,2022.315,G4,NorthAmerica,B3.2,am2.1,am1.2,ea1,ea1,am1.4.1,ea1,ea1,am1.1,G3
EPI_ISL_16171476,B3,2022.315,G4,NorthAmerica,B3.2,am2.1,am1.2,ea1,ea1,am1.4.1,ea1,ea1,am1.1,G3
EPI_ISL_16171477,B3,2022.315,G4,NorthAmerica,B3.2,am2.1,am1.2,ea1,ea1,am1.4.1,ea1,ea1,am1.1,G3
EPI_ISL_16171478,B3,2022.315,G4,NorthAmerica,B3.2,am2.1,am1.2,ea1,ea1,am1.4.1,ea1,ea1,am1.1,G3
EPI_ISL_15078247,B3,2022.342,G2,NorthAmerica,B3.1,am2.1,ea1,ea1,ea1,am1.4.1,ea1,ea1,ea1,G3
EPI_ISL_13285555,B3,2022.252,G4,NorthAmerica,B3.2,am2.1,am1.2,ea1,ea1,am1.4.1,ea1,ea1,am1.1,G3
EPI_ISL_16171409,B3,2022.312,G2,NorthAmerica,B3.1,am2.1,ea1,ea1,ea1,am1.4.1,ea1,ea1,ea1,G3
EPI_ISL_16171411,B3,2022.312,G2,NorthAmerica,B3.1,am2.1,ea1,ea1,ea1,am1.4.1,ea1,ea1,ea1,G3
EPI_ISL_13052431,B3,2022.247,G2,NorthAmerica,B3.1,am2.1,ea1,ea1,ea1,am1.4.1,ea1,ea1,ea1,G3
EPI_ISL_13052727,B3,2022.342,G2,NorthAmerica,B3.1,am2.1,ea1,ea1,ea1,am1.4.1,ea1,ea1,ea1,G3
EPI_ISL_16297336,B3,2022.797,G2,NorthAmerica,B3.1,am2.1,ea1,ea1,ea1,am1.4.1,ea1,ea1,ea1,G3
EPI_ISL_16555204,B3,2022.455,G2,NorthAmerica,B3.1,am2.1,ea1,ea1,ea1,am1.4.1,ea1,ea1,ea1,G3
EPI_ISL_16171464,B3,2022.318,G2,NorthAmerica,B3.1,am2.1,ea1,ea1,ea1,am1.4.1,ea1,ea1,ea1,G3
EPI_ISL_16244008,B3,2022.37,G2,NorthAmerica,B3.1,am2.1,ea1,ea1,ea1,am1.4.1,ea1,ea1,ea1,G3
EPI_ISL_13431313,B3,2022.255,G2,NorthAmerica,B3.1,am2.1,ea1,ea1,ea1,am1.4.1,ea1,ea1,ea1,G3
EPI_ISL_17964896,B3,2023.167,G4,NorthAmerica,B3.2,am2.1,am1.2,ea1,ea1,am1.4.1,ea1,ea1,am1.1,G3
EPI_ISL_15004068,B3,2022.263,G2,NorthAmerica,B3.1,am2.1,ea1,ea1,ea1,am1.4.1,ea1,ea1,ea1,G3
EPI_ISL_15004403,B3,2022.274,G2,NorthAmerica,B3.1,am2.1,ea1,ea1,ea1,am1.4.1,ea1,ea1,ea1,G3
EPI_ISL_13052728,B3,2022.342,G2,NorthAmerica,B3.1,am2.1,ea1,ea1,ea1,am1.4.1,ea1,ea1,ea1,G3
EPI_ISL_13431314,B3,2022.255,G2,NorthAmerica,B3.1,am2.1,ea1,ea1,ea1,am1.4.1,ea1,ea1,ea1,G3
EPI_ISL_16243894,B3,2022.37,G2,NorthAmerica,B3.1,am2.1,ea1,ea1,ea1,am1.4.1,ea1,ea1,ea1,G3
EPI_ISL_16244007,B3,2022.37,G2,NorthAmerica,B3.1,am2.1,ea1,ea1,ea1,am1.4.1,ea1,ea1,ea1,G3
EPI_ISL_13432605,B3,2022.255,G2,NorthAmerica,B3.1,am2.1,ea1,ea1,ea1,am1.4.1,ea1,ea1,ea1,G3
EPI_ISL_17964897,B3,2023.178,G4,NorthAmerica,B3.2,am2.1,am1.2,ea1,ea1,am1.4.1,ea1,ea1,am1.1,G3
EPI_ISL_13117168,B4,2022.34,G2,NorthAmerica,B4.1,am2.2,ea1,ea1,ea1,am1.3,ea1,ea1,ea1,G6
EPI_ISL_13117288,B4,2022.359,G2,NorthAmerica,B4.1,am2.2,ea1,ea1,ea1,am1.3,ea1,ea1,ea1,G6
EPI_ISL_13116131,B4,2022.323,G2,NorthAmerica,B4.1,am2.2,ea1,ea1,ea1,am1.3,ea1,ea1,ea1,G6
EPI_ISL_16240888,B4,2022.342,G2,NorthAmerica,B4.1,am2.2,ea1,ea1,ea1,am1.3,ea1,ea1,ea1,G6
EPI_ISL_16240889,B4,2022.342,G2,NorthAmerica,B4.1,am2.2,ea1,ea1,ea1,am1.3,ea1,ea1,ea1,G6
EPI_ISL_13434407,B4,2022.258,G2,NorthAmerica,B4.1,am2.2,ea1,ea1,ea1,am1.3,ea1,ea1,ea1,G6
EPI_ISL_13434418,B4,2022.258,G2,NorthAmerica,B4.1,am2.2,ea1,ea1,ea1,am1.3,ea1,ea1,ea1,G6
EPI_ISL_16240884,B4,2022.353,G2,NorthAmerica,B4.1,am2.2,ea1,ea1,ea1,am1.3,ea1,ea1,ea1,G6
EPI_ISL_17964911,B4,2023.203,G2,NorthAmerica,B4.1,am2.2,ea1,ea1,ea1,am1.3,ea1,ea1,ea1,G6
EPI_ISL_16240882,B4,2022.353,G2,NorthAmerica,B4.1,am2.2,ea1,ea1,ea1,am1.3,ea1,ea1,ea1,G6
EPI_ISL_16240883,B4,2022.353,G2,NorthAmerica,B4.1,am2.2,ea1,ea1,ea1,am1.3,ea1,ea1,ea1,G6
EPI_ISL_16243630,B4,2022.37,G2,NorthAmerica,B4.1,am2.2,ea1,ea1,ea1,am1.3,ea1,ea1,ea1,G6
EPI_ISL_16244029,B4,2022.386,G2,NorthAmerica,B4.1,am2.2,ea1,ea1,ea1,am1.3,ea1,ea1,ea1,G6
EPI_ISL_17964978,B4,2023.274,G2,NorthAmerica,B4.1,am2.2,ea1,ea1,ea1,am1.3,ea1,ea1,ea1,G6
EPI_ISL_16243619,B4,2022.37,G2,NorthAmerica,B4.1,am2.2,ea1,ea1,ea1,am1.3,ea1,ea1,ea1,G6
EPI_ISL_16240476,B4,2022.353,G2,NorthAmerica,B4.1,am2.2,ea1,ea1,ea1,am1.3,ea1,ea1,ea1,G6
EPI_ISL_16240486,B4,2022.353,G2,NorthAmerica,B4.1,am2.2,ea1,ea1,ea1,am1.3,ea1,ea1,ea1,G6
EPI_ISL_16240881,B4,2022.356,G2,NorthAmerica,B4.1,am2.2,ea1,ea1,ea1,am1.3,ea1,ea1,ea1,G6
EPI_ISL_16555205,B4,2022.507,G2,NorthAmerica,B4.1,am2.2,ea1,ea1,ea1,am1.3,ea1,ea1,ea1,G6
EPI_ISL_17964909,B4,2023.181,G2,NorthAmerica,B4.1,am2.2,ea1,ea1,ea1,am1.3,ea1,ea1,ea1,G6
EPI_ISL_13114176,B4,2022.277,G2,NorthAmerica,B4.1,am2.2,ea1,ea1,ea1,am1.3,ea1,ea1,ea1,G6
EPI_ISL_16190578,B4,2022.342,G2,NorthAmerica,B4.1,am2.2,ea1,ea1,ea1,am1.3,ea1,ea1,ea1,G6
EPI_ISL_16190761,B4,2022.408,G2,NorthAmerica,B4.1,am2.2,ea1,ea1,ea1,am1.3,ea1,ea1,ea1,G6
EPI_ISL_16240161,B4,2022.334,G2,NorthAmerica,B4.1,am2.2,ea1,ea1,ea1,am1.3,ea1,ea1,ea1,G6
EPI_ISL_16240361,B4,2022.351,G2,NorthAmerica,B4.1,am2.2,ea1,ea1,ea1,am1.3,ea1,ea1,ea1,G6
EPI_ISL_16240372,B4,2022.345,G2,NorthAmerica,B4.1,am2.2,ea1,ea1,ea1,am1.3,ea1,ea1,ea1,G6
EPI_ISL_16240382,B4,2022.345,G2,NorthAmerica,B4.1,am2.2,ea1,ea1,ea1,am1.3,ea1,ea1,ea1,G6
EPI_ISL_16240392,B4,2022.345,G2,NorthAmerica,B4.1,am2.2,ea1,ea1,ea1,am1.3,ea1,ea1,ea1,G6
EPI_ISL_16240466,B4,2022.353,G2,NorthAmerica,B4.1,am2.2,ea1,ea1,ea1,am1.3,ea1,ea1,ea1,G6
EPI_ISL_15004375,B4,2022.268,G2,NorthAmerica,B4.1,am2.2,ea1,ea1,ea1,am1.3,ea1,ea1,ea1,G6
EPI_ISL_15004402,B4,2022.268,G2,NorthAmerica,B4.1,am2.2,ea1,ea1,ea1,am1.3,ea1,ea1,ea1,G6
EPI_ISL_15078241,B4,2022.304,G2,NorthAmerica,B4.1,am2.2,ea1,ea1,ea1,am1.3,ea1,ea1,ea1,G6
EPI_ISL_15844573,B4,2022.277,G2,NorthAmerica,B4.1,am2.2,ea1,ea1,ea1,am1.3,ea1,ea1,ea1,G6
EPI_ISL_16003268,B4,2022.375,G2,NorthAmerica,B4.1,am2.2,ea1,ea1,ea1,am1.3,ea1,ea1,ea1,G6
EPI_ISL_16023370,B4,2022.34,G2,NorthAmerica,B4.1,am2.2,ea1,ea1,ea1,am1.3,ea1,ea1,ea1,G6
EPI_ISL_16023377,B4,2022.337,G2,NorthAmerica,B4.1,am2.2,ea1,ea1,ea1,am1.3,ea1,ea1,ea1,G6
EPI_ISL_16023449,B4,2022.337,G2,NorthAmerica,B4.1,am2.2,ea1,ea1,ea1,am1.3,ea1,ea1,ea1,G6
EPI_ISL_16023450,B4,2022.411,G2,NorthAmerica,B4.1,am2.2,ea1,ea1,ea1,am1.3,ea1,ea1,ea1,G6
EPI_ISL_16023451,B4,2022.304,G2,NorthAmerica,B4.1,am2.2,ea1,ea1,ea1,am1.3,ea1,ea1,ea1,G6
EPI_ISL_16023453,B4,2022.315,G2,NorthAmerica,B4.1,am2.2,ea1,ea1,ea1,am1.3,ea1,ea1,ea1,G6
EPI_ISL_16244030,B4,2022.386,G2,NorthAmerica,B4.1,am2.2,ea1,ea1,ea1,am1.3,ea1,ea1,ea1,G6
EPI_ISL_16297060,B4,2022.74,G2,NorthAmerica,B4.1,am2.2,ea1,ea1,ea1,am1.3,ea1,ea1,ea1,G6
EPI_ISL_16297064,B4,2022.822,G2,NorthAmerica,B4.1,am2.2,ea1,ea1,ea1,am1.3,ea1,ea1,ea1,G6
EPI_ISL_16297329,B4,2022.792,G2,NorthAmerica,B4.1,am2.2,ea1,ea1,ea1,am1.3,ea1,ea1,ea1,G6
EPI_ISL_16297370,B4,2022.773,G2,NorthAmerica,B4.1,am2.2,ea1,ea1,ea1,am1.3,ea1,ea1,ea1,G6
EPI_ISL_16102932,B4,2022.293,G2,NorthAmerica,B4.1,am2.2,ea1,ea1,ea1,am1.3,ea1,ea1,ea1,G6
EPI_ISL_16102933,B4,2022.293,G2,NorthAmerica,B4.1,am2.2,ea1,ea1,ea1,am1.3,ea1,ea1,ea1,G6
EPI_ISL_17964910,B4,2023.203,G2,NorthAmerica,B4.1,am2.2,ea1,ea1,ea1,am1.3,ea1,ea1,ea1,G6
EPI_ISL_16171463,B4,2022.321,G2,NorthAmerica,B4.1,am2.2,ea1,ea1,ea1,am1.3,ea1,ea1,ea1,G6
EPI_ISL_16171466,B4,2022.321,G2,NorthAmerica,B4.1,am2.2,ea1,ea1,ea1,am1.3,ea1,ea1,ea1,G6
EPI_ISL_16171474,B4,2022.321,G2,NorthAmerica,B4.1,am2.2,ea1,ea1,ea1,am1.3,ea1,ea1,ea1,G6
EPI_ISL_16171475,B4,2022.321,G2,NorthAmerica,B4.1,am2.2,ea1,ea1,ea1,am1.3,ea1,ea1,ea1,G6
EPI_ISL_16171519,B4,2022.334,G2,NorthAmerica,B4.1,am2.2,ea1,ea1,ea1,am1.3,ea1,ea1,ea1,G6
EPI_ISL_16171520,B4,2022.334,G2,NorthAmerica,B4.1,am2.2,ea1,ea1,ea1,am1.3,ea1,ea1,ea1,G6
EPI_ISL_16171522,B4,2022.332,G2,NorthAmerica,B4.1,am2.2,ea1,ea1,ea1,am1.3,ea1,ea1,ea1,G6
EPI_ISL_16171523,B4,2022.332,G2,NorthAmerica,B4.1,am2.2,ea1,ea1,ea1,am1.3,ea1,ea1,ea1,G6
EPI_ISL_16171524,B4,2022.332,G2,NorthAmerica,B4.1,am2.2,ea1,ea1,ea1,am1.3,ea1,ea1,ea1,G6
EPI_ISL_16183625,B4,2022.299,G2,NorthAmerica,B4.1,am2.2,ea1,ea1,ea1,am1.3,ea1,ea1,ea1,G6
EPI_ISL_16189978,B4,2022.323,G2,NorthAmerica,B4.1,am2.2,ea1,ea1,ea1,am1.3,ea1,ea1,ea1,G6
EPI_ISL_16189983,B4,2022.332,G2,NorthAmerica,B4.1,am2.2,ea1,ea1,ea1,am1.3,ea1,ea1,ea1,G6
EPI_ISL_16190394,B4,2022.34,G2,NorthAmerica,B4.1,am2.2,ea1,ea1,ea1,am1.3,ea1,ea1,ea1,G6
EPI_ISL_16190395,B4,2022.342,G2,NorthAmerica,B4.1,am2.2,ea1,ea1,ea1,am1.3,ea1,ea1,ea1,G6
EPI_ISL_16102930,B4,2022.293,G2,NorthAmerica,B4.1,am2.2,ea1,ea1,ea1,am1.3,ea1,ea1,ea1,G6
EPI_ISL_13434454,B4,2022.26,G2,NorthAmerica,B4.1,am2.2,ea1,ea1,ea1,am1.3,ea1,ea1,ea1,G6
EPI_ISL_13434466,B4,2022.26,G2,NorthAmerica,B4.1,am2.2,ea1,ea1,ea1,am1.3,ea1,ea1,ea1,G6
EPI_ISL_16102929,B4,2022.296,G2,NorthAmerica,B4.1,am2.2,ea1,ea1,ea1,am1.3,ea1,ea1,ea1,G6
EPI_ISL_16171462,B4,2022.321,G2,NorthAmerica,B4.1,am2.2,ea1,ea1,ea1,am1.3,ea1,ea1,ea1,G6
EPI_ISL_16102931,B4,2022.293,G2,NorthAmerica,B4.1,am2.2,ea1,ea1,ea1,am1.3,ea1,ea1,ea1,G6
EPI_ISL_16101521,B4,2022.279,G2,NorthAmerica,B4.1,am2.2,ea1,ea1,ea1,am1.3,ea1,ea1,ea1,G6
EPI_ISL_16102928,B4,2022.296,G2,NorthAmerica,B4.1,am2.2,ea1,ea1,ea1,am1.3,ea1,ea1,ea1,G6
EPI_ISL_15267027,H5N1/2020/R2,2022.468,G3,Europe,H5N1/2020/R2,1,1,1,1,1,1,1,1,G10
EPI_ISL_13453569,H5N1/2020/R2,2022.315,G3,Europe,H5N1/2020/R2,1,1,1,1,1,1,1,1,G10
EPI_ISL_16810105,H5N1/2020/R2,2022.682,G3,Europe,H5N1/2020/R2,1,1,1,1,1,1,1,1,G10
EPI_ISL_16122154,H5N1/2020/R2,2022.515,G3,Europe,H5N1/2020/R2,1,1,1,1,1,1,1,1,G10
EPI_ISL_14810369,H5N1/2020/R2,2022.49,G3,Europe,H5N1/2020/R2,1,1,1,1,1,1,1,1,G10
EPI_ISL_15038820,H5N1/2020/R2,2022.677,G3,Europe,H5N1/2020/R2,1,1,1,1,1,1,1,1,G10
EPI_ISL_14811929,H5N1/2020/R2,2022.452,G3,Europe,H5N1/2020/R2,1,1,1,1,1,1,1,1,G10
EPI_ISL_14573001,H5N1/2020/R2,2022.455,G3,Europe,H5N1/2020/R2,1,1,1,1,1,1,1,1,G10
EPI_ISL_16810069,H5N1/2020/R2,2022.69,G3,Europe,H5N1/2020/R2,1,1,1,1,1,1,1,1,G10
EPI_ISL_13969425,H5N1/2020/R2,2022.43,G3,Europe,H5N1/2020/R2,1,1,1,1,1,1,1,1,G10
EPI_ISL_13969426,H5N1/2020/R2,2022.46,G3,Europe,H5N1/2020/R2,1,1,1,1,1,1,1,1,G10
EPI_ISL_13969424,H5N1/2020/R2,2022.427,G3,Europe,H5N1/2020/R2,1,1,1,1,1,1,1,1,G10
EPI_ISL_16507100,H5N1/2020/R2,2022.737,G3,Europe,H5N1/2020/R2,1,1,1,1,1,1,1,1,G10
EPI_ISL_15267026,H5N1/2020/R2,2022.482,G3,Europe,H5N1/2020/R2,1,1,1,1,1,1,1,1,G10
EPI_ISL_15115556,H5N1/2020/R2,2022.649,G3,Europe,H5N1/2020/R2,1,1,1,1,1,1,1,1,G10
EPI_ISL_13453570,H5N1/2020/R2,2022.323,G3,Europe,H5N1/2020/R2,1,1,1,1,1,1,1,1,G10
EPI_ISL_13969428,H5N1/2020/R2,2022.282,G3,Europe,H5N1/2020/R2,1,1,1,1,1,1,1,1,G10
EPI_ISL_14573031,H5N1/2020/R2,2022.452,G3,Europe,H5N1/2020/R2,1,1,1,1,1,1,1,1,G10
EPI_ISL_14811896,H5N1/2020/R2,2022.466,G3,Europe,H5N1/2020/R2,1,1,1,1,1,1,1,1,G10
EPI_ISL_13338081,H5N1/2020/R2,2022.395,G3,Europe,H5N1/2020/R2,1,1,1,1,1,1,1,1,G10
EPI_ISL_15878548,H5N1/2020/R2,2022.704,G3,Europe,H5N1/2020/R2,1,1,1,1,1,1,1,1,G10
EPI_ISL_13969430,H5N1/2020/R2,2022.271,G3,Europe,H5N1/2020/R2,1,1,1,1,1,1,1,1,G10
EPI_ISL_13246267,H5N1/2020/R2,2022.282,G3,Europe,H5N1/2020/R2,1,1,1,1,1,1,1,1,G10
EPI_ISL_14493135,H5N1/2020/R2,2022.419,G1,Europe,H5N1/2020/R2,1,1,1,1,1,1,1,1,G10
EPI_ISL_13453559,H5N1/2020/R2,2022.375,G3,Europe,H5N1/2020/R2,1,1,1,1,1,1,1,1,G10
EPI_ISL_13453571,H5N1/2020/R2,2022.353,G3,Europe,H5N1/2020/R2,1,1,1,1,1,1,1,1,G10
EPI_ISL_13246657,H5N1/2020/R2,2022.282,G3,Europe,H5N1/2020/R2,1,1,1,1,1,1,1,1,G10
EPI_ISL_13370922,H5N1/2020/R2,2022.26,G3,Europe,H5N1/2020/R2,1,1,1,1,1,1,1,1,G10
EPI_ISL_16507094,H5N1/2020/R2,2022.636,G3,Europe,H5N1/2020/R2,1,1,1,1,1,1,1,1,G10
EPI_ISL_15585890,H5N1/2020/R2,2022.674,G3,Europe,H5N1/2020/R2,1,1,1,1,1,1,1,1,G10
EPI_ISL_14497837,H5N1/2020/R2,2022.564,G3,Europe,H5N1/2020/R2,1,1,1,1,1,1,1,1,G10
EPI_ISL_13370920,H5N1/2020/R2,2022.255,G3,Europe,H5N1/2020/R2,1,1,1,1,1,1,1,1,G10
EPI_ISL_15579544,H5N1/2020/R2,2022.77,G3,Europe,H5N1/2020/R2,1,1,1,1,1,1,1,1,G10
EPI_ISL_15585888,H5N1/2020/R2,2022.66,G3,Europe,H5N1/2020/R2,1,1,1,1,1,1,1,1,G10
EPI_ISL_13370924,H5N1/2020/R2,2022.301,G3,Europe,H5N1/2020/R2,1,1,1,1,1,1,1,1,G10
EPI_ISL_16904554,H5N1/2020/R2,2022.562,G3,Europe,H5N1/2020/R2,1,1,1,1,1,1,1,1,G10
EPI_ISL_16524596,H5N1/2020/R2,2022.66,G3,Europe,H5N1/2020/R2,1,1,1,1,1,1,1,1,G10
EPI_ISL_16507107,H5N1/2020/R2,2022.732,G3,Europe,H5N1/2020/R2,1,1,1,1,1,1,1,1,G10
EPI_ISL_14702899,H5N1/2020/R2,2022.529,G3,Europe,H5N1/2020/R2,1,1,1,1,1,1,1,1,G10
EPI_ISL_13453560,H5N1/2020/R2,2022.405,G3,Europe,H5N1/2020/R2,1,1,1,1,1,1,1,1,G10
EPI_ISL_12474794,H5N1/2021/R2,2022.274,G1,Europe,H5N1/2021/R2,1,1,2,1,1,1,1,1,G2
EPI_ISL_13429292,H5N1/2021/R2,2022.427,G1,Europe,H5N1/2021/R2,1,1,2,1,1,1,1,1,G2
EPI_ISL_13300324,H5N1/2021/R2,2022.4,G1,Europe,H5N1/2021/R2,1,1,2,1,1,1,1,1,G2
EPI_ISL_15957865,H5N1/2021/R2,2022.838,G1,Europe,H5N1/2021/R2,1,1,2,1,1,1,1,1,G2
EPI_ISL_13429291,H5N1/2021/R2,2022.427,G1,Europe,H5N1/2021/R2,1,1,2,1,1,1,1,1,G2
EPI_ISL_16113366,H5N1/2021/R2,2022.441,G1,Europe,H5N1/2021/R2,1,1,2,1,1,1,1,1,G2
EPI_ISL_13429294,H5N1/2021/R2,2022.419,G1,Europe,H5N1/2021/R2,1,1,2,1,1,1,1,1,G2
EPI_ISL_17716832,H5N1/2021/R2,2023.359,G1,Europe,H5N1/2021/R2,1,1,2,1,1,1,1,1,G2
EPI_ISL_15957690,H5N1/2021/R2,2022.805,G1,Europe,H5N1/2021/R2,1,1,2,1,1,1,1,1,G2
EPI_ISL_13453568,H5N1/2021/R2,2022.425,G1,Europe,H5N1/2021/R2,1,1,2,1,1,1,1,1,G2
EPI_ISL_15957872,H5N1/2021/R2,2022.841,G1,Europe,H5N1/2021/R2,1,1,2,1,1,1,1,1,G2
EPI_ISL_13514375,H5N1/2021/R2,2022.466,G1,Europe,H5N1/2021/R2,1,1,2,1,1,1,1,1,G2
EPI_ISL_13300319,H5N1/2021/R2,2022.397,G1,Europe,H5N1/2021/R2,1,1,2,1,1,1,1,1,G2
EPI_ISL_16384127,H5N1/2021/R2,2022.822,G1,Europe,H5N1/2021/R2,1,1,2,1,1,1,1,1,G2
EPI_ISL_15957666,H5N1/2021/R2,2022.8,G1,Europe,H5N1/2021/R2,1,1,2,1,1,1,1,1,G2
EPI_ISL_16122075,H5N1/2021/R2,2022.562,G1,Europe,H5N1/2021/R2,1,1,2,1,1,1,1,1,G2
EPI_ISL_12514573,H5N1/2021/R2,2022.279,G1,Europe,H5N1/2021/R2,1,1,2,1,1,1,1,1,G2
EPI_ISL_13201050,H5N1/2021/R2,2022.323,G1,Europe,H5N1/2021/R2,1,1,2,1,1,1,1,1,G2
EPI_ISL_13990715,H5N1/2021/R2,2022.315,G1,Europe,H5N1/2021/R2,1,1,2,1,1,1,1,1,G2
EPI_ISL_13969427,H5N1/2021/R2,2022.425,G1,Europe,H5N1/2021/R2,1,1,2,1,1,1,1,1,G2
EPI_ISL_14233925,H5N1/2021/R2,2022.553,G1,Europe,H5N1/2021/R2,1,1,2,1,1,1,1,1,G2
EPI_ISL_13429293,H5N1/2021/R2,2022.419,G1,Europe,H5N1/2021/R2,1,1,2,1,1,1,1,1,G2
EPI_ISL_14064983,H5N1/2021/R2,2022.504,G1,Europe,H5N1/2021/R2,1,1,2,1,1,1,1,1,G2
EPI_ISL_13370923,H5N1/2021/R2,2022.277,G1,Europe,H5N1/2021/R2,1,1,2,1,1,1,1,1,G2
EPI_ISL_13990716,H5N1/2021/R2,2022.4,G1,Europe,H5N1/2021/R2,1,1,2,1,1,1,1,1,G2
EPI_ISL_13990717,H5N1/2021/R2,2022.356,G1,Europe,H5N1/2021/R2,1,1,2,1,1,1,1,1,G2
EPI_ISL_14233930,H5N1/2021/R2,2022.532,G1,Europe,H5N1/2021/R2,1,1,2,1,1,1,1,1,G2
EPI_ISL_14233924,H5N1/2021/R2,2022.553,G1,Europe,H5N1/2021/R2,1,1,2,1,1,1,1,1,G2
EPI_ISL_12514532,H5N1/2021/R2,2022.274,G1,Europe,H5N1/2021/R2,1,1,2,1,1,1,1,1,G2
EPI_ISL_14233920,H5N1/2021/R2,2022.534,G1,Europe,H5N1/2021/R2,1,1,2,1,1,1,1,1,G2
EPI_ISL_14469690,H5N1/2021/R2,2022.573,G1,Europe,H5N1/2021/R2,1,1,2,1,1,1,1,1,G2
EPI_ISL_14163713,H5N1/2021/R2,2022.515,G1,Europe,H5N1/2021/R2,1,1,2,1,1,1,1,1,G2
EPI_ISL_14469692,H5N1/2021/R2,2022.573,G1,Europe,H5N1/2021/R2,1,1,2,1,1,1,1,1,G2
EPI_ISL_14469693,H5N1/2021/R2,2022.575,G1,Europe,H5N1/2021/R2,1,1,2,1,1,1,1,1,G2
EPI_ISL_16384161,H5N1/2021/R2,2022.929,G1,Europe,H5N1/2021/R2,1,1,2,1,1,1,1,1,G2
EPI_ISL_13453567,H5N1/2021/R2,2022.411,G1,Europe,H5N1/2021/R2,1,1,2,1,1,1,1,1,G2
EPI_ISL_13514370,H5N1/2021/R2,2022.422,G1,Europe,H5N1/2021/R2,1,1,2,1,1,1,1,1,G2
EPI_ISL_13370918,H5N1/2021/R2,2022.255,G1,Europe,H5N1/2021/R2,1,1,2,1,1,1,1,1,G2
EPI_ISL_13370919,H5N1/2021/R2,2022.255,G1,Europe,H5N1/2021/R2,1,1,2,1,1,1,1,1,G2
EPI_ISL_14493899,H5N1/2021/R2,2022.288,G1,Europe,H5N1/2021/R2,1,1,2,1,1,1,1,1,G2
EPI_ISL_12514425,H5N1/2021/R2,2022.282,G1,Europe,H5N1/2021/R2,1,1,2,1,1,1,1,1,G2
EPI_ISL_13990719,H5N1/2021/R2,2022.408,G1,Europe,H5N1/2021/R2,1,1,2,1,1,1,1,1,G2
EPI_ISL_14469689,H5N1/2021/R2,2022.573,G1,Europe,H5N1/2021/R2,1,1,2,1,1,1,1,1,G2
EPI_ISL_14497885,H5N1/2021/R2,2022.603,G1,Europe,H5N1/2021/R2,1,1,2,1,1,1,1,1,G2
EPI_ISL_12514622,H5N1/2021/R2,2022.282,G1,Europe,H5N1/2021/R2,1,1,2,1,1,1,1,1,G2
EPI_ISL_14571432,H5N1/2021/R2,2022.43,G1,Europe,H5N1/2021/R2,1,1,2,1,1,1,1,1,G2
EPI_ISL_14571434,H5N1/2021/R2,2022.455,G1,Europe,H5N1/2021/R2,1,1,2,1,1,1,1,1,G2
EPI_ISL_15957672,H5N1/2021/R2,2022.803,G1,Europe,H5N1/2021/R2,1,1,2,1,1,1,1,1,G2
EPI_ISL_14163711,H5N1/2021/R2,2022.512,G1,Europe,H5N1/2021/R2,1,1,2,1,1,1,1,1,G2
EPI_ISL_14571448,H5N1/2021/R2,2022.334,G1,Europe,H5N1/2021/R2,1,1,2,1,1,1,1,1,G2
EPI_ISL_15585841,H5N1/2021/R2,2022.773,G1,Europe,H5N1/2021/R2,1,1,2,1,1,1,1,1,G2
EPI_ISL_15585842,H5N1/2021/R2,2022.773,G1,Europe,H5N1/2021/R2,1,1,2,1,1,1,1,1,G2
EPI_ISL_12514442,H5N1/2021/R2,2022.282,G1,Europe,H5N1/2021/R2,1,1,2,1,1,1,1,1,G2
EPI_ISL_14573037,H5N1/2021/R2,2022.411,G1,Europe,H5N1/2021/R2,1,1,2,1,1,1,1,1,G2
EPI_ISL_14171741,H5N1/2021/R2,2022.523,G1,Europe,H5N1/2021/R2,1,1,2,1,1,1,1,1,G2
EPI_ISL_12514483,H5N1/2021/R2,2022.282,G1,Europe,H5N1/2021/R2,1,1,2,1,1,1,1,1,G2
EPI_ISL_14573045,H5N1/2021/R2,2022.43,G1,Europe,H5N1/2021/R2,1,1,2,1,1,1,1,1,G2
EPI_ISL_15957731,H5N1/2021/R2,2022.825,G1,Europe,H5N1/2021/R2,1,1,2,1,1,1,1,1,G2
EPI_ISL_13429290,H5N1/2021/R2,2022.419,G1,Europe,H5N1/2021/R2,1,1,2,1,1,1,1,1,G2
EPI_ISL_15585892,H5N1/2021/R2,2022.721,G1,Europe,H5N1/2021/R2,1,1,2,1,1,1,1,1,G2
EPI_ISL_14722960,H5N1/2021/R2,2022.351,G1,Europe,H5N1/2021/R2,1,1,2,1,1,1,1,1,G2
EPI_ISL_14233927,H5N1/2021/R2,2022.532,G1,Europe,H5N1/2021/R2,1,1,2,1,1,1,1,1,G2
EPI_ISL_16384195,H5N1/2021/R2,2022.912,G1,Europe,H5N1/2021/R2,1,1,2,1,1,1,1,1,G2
EPI_ISL_14571449,H5N1/2021/R2,2022.342,G1,Europe,H5N1/2021/R2,1,1,2,1,1,1,1,1,G2
EPI_ISL_16384178,H5N1/2021/R2,2022.912,G1,Europe,H5N1/2021/R2,1,1,2,1,1,1,1,1,G2
EPI_ISL_12512879,H5N1/2021/R2,2022.26,G1,Europe,H5N1/2021/R2,1,1,2,1,1,1,1,1,G2
EPI_ISL_13429298,H5N1/2021/R2,2022.419,G1,Europe,H5N1/2021/R2,1,1,2,1,1,1,1,1,G2
EPI_ISL_14864650,H5N1/2021/R2,2022.649,G1,Europe,H5N1/2021/R2,1,1,2,1,1,1,1,1,G2
EPI_ISL_14573044,H5N1/2021/R2,2022.416,G1,Europe,H5N1/2021/R2,1,1,2,1,1,1,1,1,G2
EPI_ISL_14917979,H5N1/2021/R2,2022.408,G1,Europe,H5N1/2021/R2,1,1,2,1,1,1,1,1,G2
EPI_ISL_14917999,H5N1/2021/R2,2022.408,G1,Europe,H5N1/2021/R2,1,1,2,1,1,1,1,1,G2
EPI_ISL_14469691,H5N1/2021/R2,2022.573,G1,Europe,H5N1/2021/R2,1,1,2,1,1,1,1,1,G2
EPI_ISL_15038818,H5N1/2021/R2,2022.677,G1,Europe,H5N1/2021/R2,1,1,2,1,1,1,1,1,G2
EPI_ISL_15038819,H5N1/2021/R2,2022.677,G1,Europe,H5N1/2021/R2,1,1,2,1,1,1,1,1,G2
EPI_ISL_15585920,H5N1/2021/R2,2022.795,G1,Europe,H5N1/2021/R2,1,1,2,1,1,1,1,1,G2
EPI_ISL_15038822,H5N1/2021/R2,2022.668,G1,Europe,H5N1/2021/R2,1,1,2,1,1,1,1,1,G2
EPI_ISL_15586108,H5N1/2021/R2,2022.764,G1,Europe,H5N1/2021/R2,1,1,2,1,1,1,1,1,G2
EPI_ISL_15069399,H5N1/2021/R2,2022.605,G1,Europe,H5N1/2021/R2,1,1,2,1,1,1,1,1,G2
EPI_ISL_16384179,H5N1/2021/R2,2022.926,G1,Europe,H5N1/2021/R2,1,1,2,1,1,1,1,1,G2
EPI_ISL_16507102,H5N1/2021/R2,2022.742,G1,Europe,H5N1/2021/R2,1,1,2,1,1,1,1,1,G2
EPI_ISL_15088295,H5N1/2021/R2,2022.625,G1,Europe,H5N1/2021/R2,1,1,2,1,1,1,1,1,G2
EPI_ISL_14497855,H5N1/2021/R2,2022.592,G1,Europe,H5N1/2021/R2,1,1,2,1,1,1,1,1,G2
EPI_ISL_15586114,H5N1/2021/R2,2022.795,G1,Europe,H5N1/2021/R2,1,1,2,1,1,1,1,1,G2
EPI_ISL_15088298,H5N1/2021/R2,2022.641,G1,Europe,H5N1/2021/R2,1,1,2,1,1,1,1,1,G2
EPI_ISL_14571430,H5N1/2021/R2,2022.43,G1,Europe,H5N1/2021/R2,1,1,2,1,1,1,1,1,G2
EPI_ISL_15088300,H5N1/2021/R2,2022.649,G1,Europe,H5N1/2021/R2,1,1,2,1,1,1,1,1,G2
EPI_ISL_15088302,H5N1/2021/R2,2022.652,G1,Europe,H5N1/2021/R2,1,1,2,1,1,1,1,1,G2
EPI_ISL_14571436,H5N1/2021/R2,2022.449,G1,Europe,H5N1/2021/R2,1,1,2,1,1,1,1,1,G2
EPI_ISL_14571438,H5N1/2021/R2,2022.449,G1,Europe,H5N1/2021/R2,1,1,2,1,1,1,1,1,G2
EPI_ISL_15088305,H5N1/2021/R2,2022.658,G1,Europe,H5N1/2021/R2,1,1,2,1,1,1,1,1,G2
EPI_ISL_15088306,H5N1/2021/R2,2022.627,G1,Europe,H5N1/2021/R2,1,1,2,1,1,1,1,1,G2
EPI_ISL_15069400,H5N1/2021/R2,2022.605,G1,Europe,H5N1/2021/R2,1,1,2,1,1,1,1,1,G2
EPI_ISL_16524593,H5N1/2021/R2,2022.795,G1,Europe,H5N1/2021/R2,1,1,2,1,1,1,1,1,G2
EPI_ISL_15234355,H5N1/2021/R2,2022.49,G1,Europe,H5N1/2021/R2,1,1,2,1,1,1,1,1,G2
EPI_ISL_15957708,H5N1/2021/R2,2022.811,G1,Europe,H5N1/2021/R2,1,1,2,1,1,1,1,1,G2
EPI_ISL_15234357,H5N1/2021/R2,2022.586,G1,Europe,H5N1/2021/R2,1,1,2,1,1,1,1,1,G2
EPI_ISL_15234358,H5N1/2021/R2,2022.605,G1,Europe,H5N1/2021/R2,1,1,2,1,1,1,1,1,G2
EPI_ISL_14573052,H5N1/2021/R2,2022.43,G1,Europe,H5N1/2021/R2,1,1,2,1,1,1,1,1,G2
EPI_ISL_14573054,H5N1/2021/R2,2022.436,G1,Europe,H5N1/2021/R2,1,1,2,1,1,1,1,1,G2
EPI_ISL_15234362,H5N1/2021/R2,2022.658,G1,Europe,H5N1/2021/R2,1,1,2,1,1,1,1,1,G2
EPI_ISL_15234363,H5N1/2021/R2,2022.589,G1,Europe,H5N1/2021/R2,1,1,2,1,1,1,1,1,G2
EPI_ISL_16384194,H5N1/2021/R2,2022.899,G1,Europe,H5N1/2021/R2,1,1,2,1,1,1,1,1,G2
EPI_ISL_15234365,H5N1/2021/R2,2022.622,G1,Europe,H5N1/2021/R2,1,1,2,1,1,1,1,1,G2
EPI_ISL_16384196,H5N1/2021/R2,2022.912,G1,Europe,H5N1/2021/R2,1,1,2,1,1,1,1,1,G2
EPI_ISL_15088309,H5N1/2021/R2,2022.644,G1,Europe,H5N1/2021/R2,1,1,2,1,1,1,1,1,G2
EPI_ISL_13429297,H5N1/2021/R2,2022.419,G1,Europe,H5N1/2021/R2,1,1,2,1,1,1,1,1,G2
EPI_ISL_14864646,H5N1/2021/R2,2022.564,G1,Europe,H5N1/2021/R2,1,1,2,1,1,1,1,1,G2
EPI_ISL_15267014,H5N1/2021/R2,2022.455,G1,Europe,H5N1/2021/R2,1,1,2,1,1,1,1,1,G2
EPI_ISL_13429299,H5N1/2021/R2,2022.427,G1,Europe,H5N1/2021/R2,1,1,2,1,1,1,1,1,G2
EPI_ISL_15267017,H5N1/2021/R2,2022.663,G1,Europe,H5N1/2021/R2,1,1,2,1,1,1,1,1,G2
EPI_ISL_15267018,H5N1/2021/R2,2022.663,G1,Europe,H5N1/2021/R2,1,1,2,1,1,1,1,1,G2
EPI_ISL_15267019,H5N1/2021/R2,2022.668,G1,Europe,H5N1/2021/R2,1,1,2,1,1,1,1,1,G2
EPI_ISL_15267020,H5N1/2021/R2,2022.668,G1,Europe,H5N1/2021/R2,1,1,2,1,1,1,1,1,G2
EPI_ISL_15267021,H5N1/2021/R2,2022.668,G1,Europe,H5N1/2021/R2,1,1,2,1,1,1,1,1,G2
EPI_ISL_15267022,H5N1/2021/R2,2022.671,G1,Europe,H5N1/2021/R2,1,1,2,1,1,1,1,1,G2
EPI_ISL_16574544,H5N1/2021/R2,2022.97,G1,Europe,H5N1/2021/R2,1,1,2,1,1,1,1,1,G2
EPI_ISL_16574556,H5N1/2021/R2,2022.989,G1,Europe,H5N1/2021/R2,1,1,2,1,1,1,1,1,G2
EPI_ISL_15857836,H5N1/2021/R2,2022.816,G1,Europe,H5N1/2021/R2,1,1,2,1,1,1,1,1,G2
EPI_ISL_16574586,H5N1/2021/R2,2022.945,G1,Europe,H5N1/2021/R2,1,1,2,1,1,1,1,1,G2
EPI_ISL_15364790,H5N1/2021/R2,2022.707,G1,Europe,H5N1/2021/R2,1,1,2,1,1,1,1,1,G2
EPI_ISL_15364792,H5N1/2021/R2,2022.701,G1,Europe,H5N1/2021/R2,1,1,2,1,1,1,1,1,G2
EPI_ISL_13990718,H5N1/2021/R2,2022.4,G1,Europe,H5N1/2021/R2,1,1,2,1,1,1,1,1,G2
EPI_ISL_15364795,H5N1/2021/R2,2022.685,G1,Europe,H5N1/2021/R2,1,1,2,1,1,1,1,1,G2
EPI_ISL_13990720,H5N1/2021/R2,2022.416,G1,Europe,H5N1/2021/R2,1,1,2,1,1,1,1,1,G2
EPI_ISL_13990740,H5N1/2021/R2,2022.375,G1,Europe,H5N1/2021/R2,1,1,2,1,1,1,1,1,G2
EPI_ISL_13990741,H5N1/2021/R2,2022.4,G1,Europe,H5N1/2021/R2,1,1,2,1,1,1,1,1,G2
EPI_ISL_15542438,H5N1/2021/R2,2022.726,G11,Europe,H5N1/2021/R2,1,1,2,1,1,1,1,1,G2
EPI_ISL_14064984,H5N1/2021/R2,2022.51,G1,Europe,H5N1/2021/R2,1,1,2,1,1,1,1,1,G2
EPI_ISL_15586122,H5N1/2021/R2,2022.688,G1,Europe,H5N1/2021/R2,1,1,2,1,1,1,1,1,G2
EPI_ISL_15579538,H5N1/2021/R2,2022.74,G1,Europe,H5N1/2021/R2,1,1,2,1,1,1,1,1,G2
EPI_ISL_15857864,H5N1/2021/R2,2022.841,G1,Europe,H5N1/2021/R2,1,1,2,1,1,1,1,1,G2
EPI_ISL_15579540,H5N1/2021/R2,2022.721,G1,Europe,H5N1/2021/R2,1,1,2,1,1,1,1,1,G2
EPI_ISL_15857954,H5N1/2021/R2,2022.814,G1,Europe,H5N1/2021/R2,1,1,2,1,1,1,1,1,G2
EPI_ISL_14163715,H5N1/2021/R2,2022.526,G1,Europe,H5N1/2021/R2,1,1,2,1,1,1,1,1,G2
EPI_ISL_15234356,H5N1/2021/R2,2022.49,G1,Europe,H5N1/2021/R2,1,1,2,1,1,1,1,1,G2
EPI_ISL_16638643,H5N1/2021/R2,2022.934,G1,Europe,H5N1/2021/R2,1,1,2,1,1,1,1,1,G2
EPI_ISL_15579545,H5N1/2021/R2,2022.77,G1,Europe,H5N1/2021/R2,1,1,2,1,1,1,1,1,G2
EPI_ISL_15581789,H5N1/2021/R2,2022.778,G16,Europe,H5N1/2021/R2,1,1,2,1,1,1,1,1,G2
EPI_ISL_15234361,H5N1/2021/R2,2022.658,G1,Europe,H5N1/2021/R2,1,1,2,1,1,1,1,1,G2
EPI_ISL_14233922,H5N1/2021/R2,2022.545,G1,Europe,H5N1/2021/R2,1,1,2,1,1,1,1,1,G2
EPI_ISL_15585749,H5N1/2021/R2,2022.762,G1,Europe,H5N1/2021/R2,1,1,2,1,1,1,1,1,G2
EPI_ISL_15585750,H5N1/2021/R2,2022.762,G1,Europe,H5N1/2021/R2,1,1,2,1,1,1,1,1,G2
EPI_ISL_15585751,H5N1/2021/R2,2022.764,G1,Europe,H5N1/2021/R2,1,1,2,1,1,1,1,1,G2
EPI_ISL_15585752,H5N1/2021/R2,2022.767,G1,Europe,H5N1/2021/R2,1,1,2,1,1,1,1,1,G2
EPI_ISL_13429295,H5N1/2021/R2,2022.422,G1,Europe,H5N1/2021/R2,1,1,2,1,1,1,1,1,G2
EPI_ISL_13429296,H5N1/2021/R2,2022.419,G1,Europe,H5N1/2021/R2,1,1,2,1,1,1,1,1,G2
EPI_ISL_15267013,H5N1/2021/R2,2022.455,G1,Europe,H5N1/2021/R2,1,1,2,1,1,1,1,1,G2
EPI_ISL_14393097,H5N1/2021/R2,2022.249,G1,Europe,H5N1/2021/R2,1,1,2,1,1,1,1,1,G2
EPI_ISL_14393465,H5N1/2021/R2,2022.263,G1,Europe,H5N1/2021/R2,1,1,2,1,1,1,1,1,G2
EPI_ISL_14393671,H5N1/2021/R2,2022.279,G1,Europe,H5N1/2021/R2,1,1,2,1,1,1,1,1,G2
EPI_ISL_15585760,H5N1/2021/R2,2022.759,G1,Europe,H5N1/2021/R2,1,1,2,1,1,1,1,1,G2
EPI_ISL_15585761,H5N1/2021/R2,2022.775,G1,Europe,H5N1/2021/R2,1,1,2,1,1,1,1,1,G2
EPI_ISL_15585762,H5N1/2021/R2,2022.762,G1,Europe,H5N1/2021/R2,1,1,2,1,1,1,1,1,G2
EPI_ISL_15585763,H5N1/2021/R2,2022.762,G1,Europe,H5N1/2021/R2,1,1,2,1,1,1,1,1,G2
EPI_ISL_15585764,H5N1/2021/R2,2022.764,G1,Europe,H5N1/2021/R2,1,1,2,1,1,1,1,1,G2
EPI_ISL_16748957,H5N1/2021/R2,2022.773,G1,Europe,H5N1/2021/R2,1,1,2,1,1,1,1,1,G2
EPI_ISL_15585839,H5N1/2021/R2,2022.77,G1,Europe,H5N1/2021/R2,1,1,2,1,1,1,1,1,G2
EPI_ISL_16384163,H5N1/2021/R2,2022.951,G1,Europe,H5N1/2021/R2,1,1,2,1,1,1,1,1,G2
EPI_ISL_12177629,H5N1/2021/R2,2022.258,G1,Europe,H5N1/2021/R2,1,1,2,1,1,1,1,1,G2
EPI_ISL_12474793,H5N1/2021/R2,2022.29,G1,Europe,H5N1/2021/R2,1,1,2,1,1,1,1,1,G2
EPI_ISL_16809999,H5N1/2021/R2,2022.836,G1,Europe,H5N1/2021/R2,1,1,2,1,1,1,1,1,G2
EPI_ISL_15942297,H5N1/2021/R2,2022.871,G1,Europe,H5N1/2021/R2,1,1,2,1,1,1,1,1,G2
EPI_ISL_15585856,H5N1/2021/R2,2022.71,G1,Europe,H5N1/2021/R2,1,1,2,1,1,1,1,1,G2
EPI_ISL_14497870,H5N1/2021/R2,2022.597,G1,Europe,H5N1/2021/R2,1,1,2,1,1,1,1,1,G2
EPI_ISL_15585858,H5N1/2021/R2,2022.715,G1,Europe,H5N1/2021/R2,1,1,2,1,1,1,1,1,G2
EPI_ISL_15585861,H5N1/2021/R2,2022.726,G1,Europe,H5N1/2021/R2,1,1,2,1,1,1,1,1,G2
EPI_ISL_15585862,H5N1/2021/R2,2022.726,G1,Europe,H5N1/2021/R2,1,1,2,1,1,1,1,1,G2
EPI_ISL_15585863,H5N1/2021/R2,2022.737,G1,Europe,H5N1/2021/R2,1,1,2,1,1,1,1,1,G2
EPI_ISL_15579537,H5N1/2021/R2,2022.734,G1,Europe,H5N1/2021/R2,1,1,2,1,1,1,1,1,G2
EPI_ISL_15585865,H5N1/2021/R2,2022.745,G1,Europe,H5N1/2021/R2,1,1,2,1,1,1,1,1,G2
EPI_ISL_15585880,H5N1/2021/R2,2022.753,G1,Europe,H5N1/2021/R2,1,1,2,1,1,1,1,1,G2
EPI_ISL_15585881,H5N1/2021/R2,2022.756,G1,Europe,H5N1/2021/R2,1,1,2,1,1,1,1,1,G2
EPI_ISL_16811201,H5N1/2021/R2,2022.995,G1,Europe,H5N1/2021/R2,1,1,2,1,1,1,1,1,G2
EPI_ISL_15585883,H5N1/2021/R2,2022.781,G1,Europe,H5N1/2021/R2,1,1,2,1,1,1,1,1,G2
EPI_ISL_15957696,H5N1/2021/R2,2022.808,G1,Europe,H5N1/2021/R2,1,1,2,1,1,1,1,1,G2
EPI_ISL_14573043,H5N1/2021/R2,2022.416,G1,Europe,H5N1/2021/R2,1,1,2,1,1,1,1,1,G2
EPI_ISL_15585886,H5N1/2021/R2,2022.789,G1,Europe,H5N1/2021/R2,1,1,2,1,1,1,1,1,G2
EPI_ISL_16904551,H5N1/2021/R2,2022.959,G1,Europe,H5N1/2021/R2,1,1,2,1,1,1,1,1,G2
EPI_ISL_15957728,H5N1/2021/R2,2022.822,G1,Europe,H5N1/2021/R2,1,1,2,1,1,1,1,1,G2
EPI_ISL_15585891,H5N1/2021/R2,2022.792,G1,Europe,H5N1/2021/R2,1,1,2,1,1,1,1,1,G2
EPI_ISL_17564815,H5N1/2021/R2,2023.236,G1,Europe,H5N1/2021/R2,1,1,2,1,1,1,1,1,G2
EPI_ISL_15585893,H5N1/2021/R2,2022.753,G1,Europe,H5N1/2021/R2,1,1,2,1,1,1,1,1,G2
EPI_ISL_15957766,H5N1/2021/R2,2022.825,G1,Europe,H5N1/2021/R2,1,1,2,1,1,1,1,1,G2
EPI_ISL_15585895,H5N1/2021/R2,2022.784,G1,Europe,H5N1/2021/R2,1,1,2,1,1,1,1,1,G2
EPI_ISL_15585896,H5N1/2021/R2,2022.696,G1,Europe,H5N1/2021/R2,1,1,2,1,1,1,1,1,G2
EPI_ISL_15267012,H5N1/2021/R2,2022.674,G1,Europe,H5N1/2021/R2,1,1,2,1,1,1,1,1,G2
EPI_ISL_14233944,H5N1/2021/R2,2022.534,G1,Europe,H5N1/2021/R2,1,1,2,1,1,1,1,1,G2
EPI_ISL_15585899,H5N1/2021/R2,2022.734,G1,Europe,H5N1/2021/R2,1,1,2,1,1,1,1,1,G2
EPI_ISL_15585904,H5N1/2021/R2,2022.677,G1,Europe,H5N1/2021/R2,1,1,2,1,1,1,1,1,G2
EPI_ISL_14917968,H5N1/2021/R2,2022.529,G1,Europe,H5N1/2021/R2,1,1,2,1,1,1,1,1,G2
EPI_ISL_15585906,H5N1/2021/R2,2022.649,G1,Europe,H5N1/2021/R2,1,1,2,1,1,1,1,1,G2
EPI_ISL_13429300,H5N1/2021/R2,2022.427,G1,Europe,H5N1/2021/R2,1,1,2,1,1,1,1,1,G2
EPI_ISL_15957837,H5N1/2021/R2,2022.836,G1,Europe,H5N1/2021/R2,1,1,2,1,1,1,1,1,G2
EPI_ISL_15585910,H5N1/2021/R2,2022.786,G1,Europe,H5N1/2021/R2,1,1,2,1,1,1,1,1,G2
EPI_ISL_15585911,H5N1/2021/R2,2022.786,G1,Europe,H5N1/2021/R2,1,1,2,1,1,1,1,1,G2
EPI_ISL_15957850,H5N1/2021/R2,2022.836,G1,Europe,H5N1/2021/R2,1,1,2,1,1,1,1,1,G2
EPI_ISL_15586107,H5N1/2021/R2,2022.773,G1,Europe,H5N1/2021/R2,1,1,2,1,1,1,1,1,G2
EPI_ISL_15814043,H5N1/2021/R2,2022.811,G1,Europe,H5N1/2021/R2,1,1,2,1,1,1,1,1,G2
EPI_ISL_16956028,H5N1/2021/R2,2023.063,G1,Europe,H5N1/2021/R2,1,1,2,1,1,1,1,1,G2
EPI_ISL_15586110,H5N1/2021/R2,2022.767,G1,Europe,H5N1/2021/R2,1,1,2,1,1,1,1,1,G2
EPI_ISL_15586111,H5N1/2021/R2,2022.767,G1,Europe,H5N1/2021/R2,1,1,2,1,1,1,1,1,G2
EPI_ISL_15586112,H5N1/2021/R2,2022.77,G1,Europe,H5N1/2021/R2,1,1,2,1,1,1,1,1,G2
EPI_ISL_15586113,H5N1/2021/R2,2022.77,G1,Europe,H5N1/2021/R2,1,1,2,1,1,1,1,1,G2
EPI_ISL_13613220,H5N1/2021/R2,2022.427,G1,Europe,H5N1/2021/R2,1,1,2,1,1,1,1,1,G2
EPI_ISL_16979810,H5N1/2021/R2,2022.904,G1,Europe,H5N1/2021/R2,1,1,2,1,1,1,1,1,G2
EPI_ISL_15088299,H5N1/2021/R2,2022.649,G1,Europe,H5N1/2021/R2,1,1,2,1,1,1,1,1,G2
EPI_ISL_15586117,H5N1/2021/R2,2022.764,G1,Europe,H5N1/2021/R2,1,1,2,1,1,1,1,1,G2
EPI_ISL_15586119,H5N1/2021/R2,2022.721,G1,Europe,H5N1/2021/R2,1,1,2,1,1,1,1,1,G2
EPI_ISL_15585864,H5N1/2021/R2,2022.74,G1,Europe,H5N1/2021/R2,1,1,2,1,1,1,1,1,G2
EPI_ISL_13613226,H5N1/2021/R2,2022.438,G1,Europe,H5N1/2021/R2,1,1,2,1,1,1,1,1,G2
EPI_ISL_15586124,H5N1/2021/R2,2022.718,G1,Europe,H5N1/2021/R2,1,1,2,1,1,1,1,1,G2
EPI_ISL_13613229,H5N1/2021/R2,2022.444,G1,Europe,H5N1/2021/R2,1,1,2,1,1,1,1,1,G2
EPI_ISL_15586126,H5N1/2021/R2,2022.778,G1,Europe,H5N1/2021/R2,1,1,2,1,1,1,1,1,G2
EPI_ISL_15586127,H5N1/2021/R2,2022.778,G1,Europe,H5N1/2021/R2,1,1,2,1,1,1,1,1,G2
EPI_ISL_15586128,H5N1/2021/R2,2022.781,G1,Europe,H5N1/2021/R2,1,1,2,1,1,1,1,1,G2
EPI_ISL_15586130,H5N1/2021/R2,2022.795,G1,Europe,H5N1/2021/R2,1,1,2,1,1,1,1,1,G2
EPI_ISL_15586132,H5N1/2021/R2,2022.668,G1,Europe,H5N1/2021/R2,1,1,2,1,1,1,1,1,G2
EPI_ISL_15586133,H5N1/2021/R2,2022.712,G1,Europe,H5N1/2021/R2,1,1,2,1,1,1,1,1,G2
EPI_ISL_15234360,H5N1/2021/R2,2022.589,G1,Europe,H5N1/2021/R2,1,1,2,1,1,1,1,1,G2
EPI_ISL_15586135,H5N1/2021/R2,2022.737,G1,Europe,H5N1/2021/R2,1,1,2,1,1,1,1,1,G2
EPI_ISL_15586136,H5N1/2021/R2,2022.753,G1,Europe,H5N1/2021/R2,1,1,2,1,1,1,1,1,G2
EPI_ISL_15697406,H5N1/2021/R2,2022.712,G1,Europe,H5N1/2021/R2,1,1,2,1,1,1,1,1,G2
EPI_ISL_15234364,H5N1/2021/R2,2022.622,G1,Europe,H5N1/2021/R2,1,1,2,1,1,1,1,1,G2
EPI_ISL_15698209,H5N1/2021/R2,2022.734,G1,Europe,H5N1/2021/R2,1,1,2,1,1,1,1,1,G2
EPI_ISL_15234366,H5N1/2021/R2,2022.438,G1,Europe,H5N1/2021/R2,1,1,2,1,1,1,1,1,G2
EPI_ISL_15585897,H5N1/2021/R2,2022.753,G1,Europe,H5N1/2021/R2,1,1,2,1,1,1,1,1,G2
EPI_ISL_15585898,H5N1/2021/R2,2022.753,G1,Europe,H5N1/2021/R2,1,1,2,1,1,1,1,1,G2
EPI_ISL_15699799,H5N1/2021/R2,2022.748,G1,Europe,H5N1/2021/R2,1,1,2,1,1,1,1,1,G2
EPI_ISL_15699929,H5N1/2021/R2,2022.773,G1,Europe,H5N1/2021/R2,1,1,2,1,1,1,1,1,G2
EPI_ISL_15759950,H5N1/2021/R2,2022.83,G1,Europe,H5N1/2021/R2,1,1,2,1,1,1,1,1,G2
EPI_ISL_15759951,H5N1/2021/R2,2022.795,G16,Europe,H5N1/2021/R2,1,1,2,1,1,1,1,1,G2
EPI_ISL_15759953,H5N1/2021/R2,2022.814,G1,Europe,H5N1/2021/R2,1,1,2,1,1,1,1,1,G2
EPI_ISL_15812579,H5N1/2021/R2,2022.707,G1,Europe,H5N1/2021/R2,1,1,2,1,1,1,1,1,G2
EPI_ISL_15812678,H5N1/2021/R2,2022.756,G1,Europe,H5N1/2021/R2,1,1,2,1,1,1,1,1,G2
EPI_ISL_15812864,H5N1/2021/R2,2022.811,G1,Europe,H5N1/2021/R2,1,1,2,1,1,1,1,1,G2
EPI_ISL_15813174,H5N1/2021/R2,2022.811,G1,Europe,H5N1/2021/R2,1,1,2,1,1,1,1,1,G2
EPI_ISL_15813940,H5N1/2021/R2,2022.811,G1,Europe,H5N1/2021/R2,1,1,2,1,1,1,1,1,G2
EPI_ISL_13617700,H5N1/2021/R2,2022.455,G1,Europe,H5N1/2021/R2,1,1,2,1,1,1,1,1,G2
EPI_ISL_17015364,H5N1/2021/R2,2023.126,G1,Europe,H5N1/2021/R2,1,1,2,1,1,1,1,1,G2
EPI_ISL_15857837,H5N1/2021/R2,2022.816,G1,Europe,H5N1/2021/R2,1,1,2,1,1,1,1,1,G2
EPI_ISL_15857839,H5N1/2021/R2,2022.871,G1,Europe,H5N1/2021/R2,1,1,2,1,1,1,1,1,G2
EPI_ISL_15857840,H5N1/2021/R2,2022.868,G1,Europe,H5N1/2021/R2,1,1,2,1,1,1,1,1,G2
EPI_ISL_15364794,H5N1/2021/R2,2022.734,G1,Europe,H5N1/2021/R2,1,1,2,1,1,1,1,1,G2
EPI_ISL_15857842,H5N1/2021/R2,2022.855,G1,Europe,H5N1/2021/R2,1,1,2,1,1,1,1,1,G2
EPI_ISL_15364796,H5N1/2021/R2,2022.693,G1,Europe,H5N1/2021/R2,1,1,2,1,1,1,1,1,G2
EPI_ISL_15364797,H5N1/2021/R2,2022.715,G1,Europe,H5N1/2021/R2,1,1,2,1,1,1,1,1,G2
EPI_ISL_15535272,H5N1/2021/R2,2022.718,G1,Europe,H5N1/2021/R2,1,1,2,1,1,1,1,1,G2
EPI_ISL_15857846,H5N1/2021/R2,2022.836,G1,Europe,H5N1/2021/R2,1,1,2,1,1,1,1,1,G2
EPI_ISL_15857847,H5N1/2021/R2,2022.836,G1,Europe,H5N1/2021/R2,1,1,2,1,1,1,1,1,G2
EPI_ISL_15857848,H5N1/2021/R2,2022.841,G1,Europe,H5N1/2021/R2,1,1,2,1,1,1,1,1,G2
EPI_ISL_15857849,H5N1/2021/R2,2022.841,G1,Europe,H5N1/2021/R2,1,1,2,1,1,1,1,1,G2
EPI_ISL_16384125,H5N1/2021/R2,2022.83,G1,Europe,H5N1/2021/R2,1,1,2,1,1,1,1,1,G2
EPI_ISL_15857953,H5N1/2021/R2,2022.847,G1,Europe,H5N1/2021/R2,1,1,2,1,1,1,1,1,G2
EPI_ISL_16613716,H5N1/2021/R2,2023.008,G1,Europe,H5N1/2021/R2,1,1,2,1,1,1,1,1,G2
EPI_ISL_15857955,H5N1/2021/R2,2022.83,G1,Europe,H5N1/2021/R2,1,1,2,1,1,1,1,1,G2
EPI_ISL_15857956,H5N1/2021/R2,2022.797,G1,Europe,H5N1/2021/R2,1,1,2,1,1,1,1,1,G2
EPI_ISL_15857957,H5N1/2021/R2,2022.797,G1,Europe,H5N1/2021/R2,1,1,2,1,1,1,1,1,G2
EPI_ISL_15857958,H5N1/2021/R2,2022.803,G1,Europe,H5N1/2021/R2,1,1,2,1,1,1,1,1,G2
EPI_ISL_15857959,H5N1/2021/R2,2022.803,G1,Europe,H5N1/2021/R2,1,1,2,1,1,1,1,1,G2
EPI_ISL_15857961,H5N1/2021/R2,2022.77,G1,Europe,H5N1/2021/R2,1,1,2,1,1,1,1,1,G2
EPI_ISL_15857990,H5N1/2021/R2,2022.792,G1,Europe,H5N1/2021/R2,1,1,2,1,1,1,1,1,G2
EPI_ISL_15857991,H5N1/2021/R2,2022.726,G1,Europe,H5N1/2021/R2,1,1,2,1,1,1,1,1,G2
EPI_ISL_16384144,H5N1/2021/R2,2022.882,G1,Europe,H5N1/2021/R2,1,1,2,1,1,1,1,1,G2
EPI_ISL_16384145,H5N1/2021/R2,2022.882,G1,Europe,H5N1/2021/R2,1,1,2,1,1,1,1,1,G2
EPI_ISL_16384146,H5N1/2021/R2,2022.885,G1,Europe,H5N1/2021/R2,1,1,2,1,1,1,1,1,G2
EPI_ISL_15585753,H5N1/2021/R2,2022.773,G1,Europe,H5N1/2021/R2,1,1,2,1,1,1,1,1,G2
EPI_ISL_15699790,H5N1/2021/R2,2022.742,G1,Europe,H5N1/2021/R2,1,1,2,1,1,1,1,1,G2
EPI_ISL_16740905,H5N1/2021/R2,2022.915,G1,Europe,H5N1/2021/R2,1,1,2,1,1,1,1,1,G2
EPI_ISL_15585757,H5N1/2021/R2,2022.795,G1,Europe,H5N1/2021/R2,1,1,2,1,1,1,1,1,G2
EPI_ISL_15878545,H5N1/2021/R2,2022.715,G11,Europe,H5N1/2021/R2,1,1,2,1,1,1,1,1,G2
EPI_ISL_15878546,H5N1/2021/R2,2022.715,G11,Europe,H5N1/2021/R2,1,1,2,1,1,1,1,1,G2
EPI_ISL_17470103,H5N1/2021/R2,2023.164,G1,Europe,H5N1/2021/R2,1,1,2,1,1,1,1,1,G2
EPI_ISL_15878549,H5N1/2021/R2,2022.647,G1,Europe,H5N1/2021/R2,1,1,2,1,1,1,1,1,G2
EPI_ISL_13617696,H5N1/2021/R2,2022.433,G1,Europe,H5N1/2021/R2,1,1,2,1,1,1,1,1,G2
EPI_ISL_15925875,H5N1/2021/R2,2022.825,G1,Europe,H5N1/2021/R2,1,1,2,1,1,1,1,1,G2
EPI_ISL_15925876,H5N1/2021/R2,2022.825,G1,Europe,H5N1/2021/R2,1,1,2,1,1,1,1,1,G2
EPI_ISL_15925878,H5N1/2021/R2,2022.833,G1,Europe,H5N1/2021/R2,1,1,2,1,1,1,1,1,G2
EPI_ISL_17015362,H5N1/2021/R2,2023.126,G1,Europe,H5N1/2021/R2,1,1,2,1,1,1,1,1,G2
EPI_ISL_16384162,H5N1/2021/R2,2022.951,G1,Europe,H5N1/2021/R2,1,1,2,1,1,1,1,1,G2
EPI_ISL_16809296,H5N1/2021/R2,2023.063,G1,Europe,H5N1/2021/R2,1,1,2,1,1,1,1,1,G2
EPI_ISL_16809297,H5N1/2021/R2,2023.049,G1,Europe,H5N1/2021/R2,1,1,2,1,1,1,1,1,G2
EPI_ISL_15957885,H5N1/2021/R2,2022.844,G1,Europe,H5N1/2021/R2,1,1,2,1,1,1,1,1,G2
EPI_ISL_14497321,H5N1/2021/R2,2022.605,G1,Europe,H5N1/2021/R2,1,1,2,1,1,1,1,1,G2
EPI_ISL_15957618,H5N1/2021/R2,2022.797,G1,Europe,H5N1/2021/R2,1,1,2,1,1,1,1,1,G2
EPI_ISL_16384168,H5N1/2021/R2,2022.912,G1,Europe,H5N1/2021/R2,1,1,2,1,1,1,1,1,G2
EPI_ISL_16384169,H5N1/2021/R2,2022.921,G1,Europe,H5N1/2021/R2,1,1,2,1,1,1,1,1,G2
EPI_ISL_15957641,H5N1/2021/R2,2022.8,G1,Europe,H5N1/2021/R2,1,1,2,1,1,1,1,1,G2
EPI_ISL_16384171,H5N1/2021/R2,2022.896,G1,Europe,H5N1/2021/R2,1,1,2,1,1,1,1,1,G2
EPI_ISL_15957654,H5N1/2021/R2,2022.8,G1,Europe,H5N1/2021/R2,1,1,2,1,1,1,1,1,G2
EPI_ISL_16384173,H5N1/2021/R2,2022.915,G1,Europe,H5N1/2021/R2,1,1,2,1,1,1,1,1,G2
EPI_ISL_16384174,H5N1/2021/R2,2022.915,G1,Europe,H5N1/2021/R2,1,1,2,1,1,1,1,1,G2
EPI_ISL_16384175,H5N1/2021/R2,2022.915,G1,Europe,H5N1/2021/R2,1,1,2,1,1,1,1,1,G2
EPI_ISL_15957678,H5N1/2021/R2,2022.803,G1,Europe,H5N1/2021/R2,1,1,2,1,1,1,1,1,G2
EPI_ISL_15957684,H5N1/2021/R2,2022.805,G1,Europe,H5N1/2021/R2,1,1,2,1,1,1,1,1,G2
EPI_ISL_17716809,H5N1/2021/R2,2023.359,G1,Europe,H5N1/2021/R2,1,1,2,1,1,1,1,1,G2
EPI_ISL_16833158,H5N1/2021/R2,2023.066,G1,Europe,H5N1/2021/R2,1,1,2,1,1,1,1,1,G2
EPI_ISL_16384180,H5N1/2021/R2,2022.929,G1,Europe,H5N1/2021/R2,1,1,2,1,1,1,1,1,G2
EPI_ISL_17564740,H5N1/2021/R2,2023.274,G1,Europe,H5N1/2021/R2,1,1,2,1,1,1,1,1,G2
EPI_ISL_13370921,H5N1/2021/R2,2022.26,G1,Europe,H5N1/2021/R2,1,1,2,1,1,1,1,1,G2
EPI_ISL_16384184,H5N1/2021/R2,2022.929,G1,Europe,H5N1/2021/R2,1,1,2,1,1,1,1,1,G2
EPI_ISL_15957730,H5N1/2021/R2,2022.825,G1,Europe,H5N1/2021/R2,1,1,2,1,1,1,1,1,G2
EPI_ISL_16384189,H5N1/2021/R2,2022.915,G1,Europe,H5N1/2021/R2,1,1,2,1,1,1,1,1,G2
EPI_ISL_15957744,H5N1/2021/R2,2022.827,G1,Europe,H5N1/2021/R2,1,1,2,1,1,1,1,1,G2
EPI_ISL_16384192,H5N1/2021/R2,2022.926,G1,Europe,H5N1/2021/R2,1,1,2,1,1,1,1,1,G2
EPI_ISL_15957774,H5N1/2021/R2,2022.825,G1,Europe,H5N1/2021/R2,1,1,2,1,1,1,1,1,G2
EPI_ISL_15957779,H5N1/2021/R2,2022.825,G1,Europe,H5N1/2021/R2,1,1,2,1,1,1,1,1,G2
EPI_ISL_15585754,H5N1/2021/R2,2022.773,G1,Europe,H5N1/2021/R2,1,1,2,1,1,1,1,1,G2
EPI_ISL_15957792,H5N1/2021/R2,2022.83,G1,Europe,H5N1/2021/R2,1,1,2,1,1,1,1,1,G2
EPI_ISL_15957798,H5N1/2021/R2,2022.833,G1,Europe,H5N1/2021/R2,1,1,2,1,1,1,1,1,G2
EPI_ISL_15957804,H5N1/2021/R2,2022.833,G1,Europe,H5N1/2021/R2,1,1,2,1,1,1,1,1,G2
EPI_ISL_15957810,H5N1/2021/R2,2022.833,G1,Europe,H5N1/2021/R2,1,1,2,1,1,1,1,1,G2
EPI_ISL_15957817,H5N1/2021/R2,2022.836,G1,Europe,H5N1/2021/R2,1,1,2,1,1,1,1,1,G2
EPI_ISL_16398195,H5N1/2021/R2,2022.756,G1,Europe,H5N1/2021/R2,1,1,2,1,1,1,1,1,G2
EPI_ISL_16398196,H5N1/2021/R2,2022.77,G1,Europe,H5N1/2021/R2,1,1,2,1,1,1,1,1,G2
EPI_ISL_16443924,H5N1/2021/R2,2022.945,G1,Europe,H5N1/2021/R2,1,1,2,1,1,1,1,1,G2
EPI_ISL_15957844,H5N1/2021/R2,2022.838,G1,Europe,H5N1/2021/R2,1,1,2,1,1,1,1,1,G2
EPI_ISL_17716831,H5N1/2021/R2,2023.359,G1,Europe,H5N1/2021/R2,1,1,2,1,1,1,1,1,G2
EPI_ISL_16384160,H5N1/2021/R2,2022.929,G1,Europe,H5N1/2021/R2,1,1,2,1,1,1,1,1,G2
EPI_ISL_16115054,H5N1/2021/R2,2022.66,G17,Europe,H5N1/2021/R2,1,1,2,1,1,1,1,1,G2
EPI_ISL_16956027,H5N1/2021/R2,2023.063,G1,Europe,H5N1/2021/R2,1,1,2,1,1,1,1,1,G2
EPI_ISL_15957878,H5N1/2021/R2,2022.844,G1,Europe,H5N1/2021/R2,1,1,2,1,1,1,1,1,G2
EPI_ISL_16196676,H5N1/2021/R2,2022.899,G1,Europe,H5N1/2021/R2,1,1,2,1,1,1,1,1,G2
EPI_ISL_15957899,H5N1/2021/R2,2022.847,G1,Europe,H5N1/2021/R2,1,1,2,1,1,1,1,1,G2
EPI_ISL_13613219,H5N1/2021/R2,2022.427,G1,Europe,H5N1/2021/R2,1,1,2,1,1,1,1,1,G2
EPI_ISL_16507106,H5N1/2021/R2,2022.715,G1,Europe,H5N1/2021/R2,1,1,2,1,1,1,1,1,G2
EPI_ISL_13613221,H5N1/2021/R2,2022.427,G1,Europe,H5N1/2021/R2,1,1,2,1,1,1,1,1,G2
EPI_ISL_15586116,H5N1/2021/R2,2022.773,G1,Europe,H5N1/2021/R2,1,1,2,1,1,1,1,1,G2
EPI_ISL_13613223,H5N1/2021/R2,2022.427,G1,Europe,H5N1/2021/R2,1,1,2,1,1,1,1,1,G2
EPI_ISL_13613224,H5N1/2021/R2,2022.438,G1,Europe,H5N1/2021/R2,1,1,2,1,1,1,1,1,G2
EPI_ISL_15586120,H5N1/2021/R2,2022.74,G1,Europe,H5N1/2021/R2,1,1,2,1,1,1,1,1,G2
EPI_ISL_15088303,H5N1/2021/R2,2022.658,G1,Europe,H5N1/2021/R2,1,1,2,1,1,1,1,1,G2
EPI_ISL_13613227,H5N1/2021/R2,2022.438,G1,Europe,H5N1/2021/R2,1,1,2,1,1,1,1,1,G2
EPI_ISL_15957960,H5N1/2021/R2,2022.86,G1,Europe,H5N1/2021/R2,1,1,2,1,1,1,1,1,G2
EPI_ISL_13613230,H5N1/2021/R2,2022.447,G1,Europe,H5N1/2021/R2,1,1,2,1,1,1,1,1,G2
EPI_ISL_13778462,H5N1/2021/R2,2022.458,G1,Europe,H5N1/2021/R2,1,1,2,1,1,1,1,1,G2
EPI_ISL_13778464,H5N1/2021/R2,2022.463,G1,Europe,H5N1/2021/R2,1,1,2,1,1,1,1,1,G2
EPI_ISL_13778467,H5N1/2021/R2,2022.463,G1,Europe,H5N1/2021/R2,1,1,2,1,1,1,1,1,G2
EPI_ISL_15958004,H5N1/2021/R2,2022.871,G1,Europe,H5N1/2021/R2,1,1,2,1,1,1,1,1,G2
EPI_ISL_15958011,H5N1/2021/R2,2022.838,G1,Europe,H5N1/2021/R2,1,1,2,1,1,1,1,1,G2
EPI_ISL_16547552,H5N1/2021/R2,2022.934,G1,Europe,H5N1/2021/R2,1,1,2,1,1,1,1,1,G2
EPI_ISL_13778475,H5N1/2021/R2,2022.43,G1,Europe,H5N1/2021/R2,1,1,2,1,1,1,1,1,G2
EPI_ISL_13778476,H5N1/2021/R2,2022.43,G1,Europe,H5N1/2021/R2,1,1,2,1,1,1,1,1,G2
EPI_ISL_13778477,H5N1/2021/R2,2022.455,G1,Europe,H5N1/2021/R2,1,1,2,1,1,1,1,1,G2
EPI_ISL_13778478,H5N1/2021/R2,2022.477,G1,Europe,H5N1/2021/R2,1,1,2,1,1,1,1,1,G2
EPI_ISL_13778479,H5N1/2021/R2,2022.477,G1,Europe,H5N1/2021/R2,1,1,2,1,1,1,1,1,G2
EPI_ISL_13778522,H5N1/2021/R2,2022.477,G1,Europe,H5N1/2021/R2,1,1,2,1,1,1,1,1,G2
EPI_ISL_15957785,H5N1/2021/R2,2022.83,G1,Europe,H5N1/2021/R2,1,1,2,1,1,1,1,1,G2
EPI_ISL_13778524,H5N1/2021/R2,2022.466,G1,Europe,H5N1/2021/R2,1,1,2,1,1,1,1,1,G2
EPI_ISL_13778525,H5N1/2021/R2,2022.466,G1,Europe,H5N1/2021/R2,1,1,2,1,1,1,1,1,G2
EPI_ISL_13778526,H5N1/2021/R2,2022.466,G1,Europe,H5N1/2021/R2,1,1,2,1,1,1,1,1,G2
EPI_ISL_16113089,H5N1/2021/R2,2022.299,G1,Europe,H5N1/2021/R2,1,1,2,1,1,1,1,1,G2
EPI_ISL_16113090,H5N1/2021/R2,2022.54,G1,Europe,H5N1/2021/R2,1,1,2,1,1,1,1,1,G2
EPI_ISL_16113225,H5N1/2021/R2,2022.449,G1,Europe,H5N1/2021/R2,1,1,2,1,1,1,1,1,G2
EPI_ISL_16113229,H5N1/2021/R2,2022.458,G1,Europe,H5N1/2021/R2,1,1,2,1,1,1,1,1,G2
EPI_ISL_13969423,H5N1/2021/R2,2022.323,G1,Europe,H5N1/2021/R2,1,1,2,1,1,1,1,1,G2
EPI_ISL_16113231,H5N1/2021/R2,2022.433,G1,Europe,H5N1/2021/R2,1,1,2,1,1,1,1,1,G2
EPI_ISL_16113242,H5N1/2021/R2,2022.433,G1,Europe,H5N1/2021/R2,1,1,2,1,1,1,1,1,G2
EPI_ISL_16937307,H5N1/2021/R2,2023.047,G1,Europe,H5N1/2021/R2,1,1,2,1,1,1,1,1,G2
EPI_ISL_17710051,H5N1/2021/R2,2023.293,G1,Europe,H5N1/2021/R2,1,1,2,1,1,1,1,1,G2
EPI_ISL_17015363,H5N1/2021/R2,2023.126,G1,Europe,H5N1/2021/R2,1,1,2,1,1,1,1,1,G2
EPI_ISL_16574569,H5N1/2021/R2,2022.992,G1,Europe,H5N1/2021/R2,1,1,2,1,1,1,1,1,G2
EPI_ISL_17514134,H5N1/2021/R2,2023.197,G1,Europe,H5N1/2021/R2,1,1,2,1,1,1,1,1,G2
EPI_ISL_16196756,H5N1/2021/R2,2022.899,G1,Europe,H5N1/2021/R2,1,1,2,1,1,1,1,1,G2
EPI_ISL_16196757,H5N1/2021/R2,2022.907,G1,Europe,H5N1/2021/R2,1,1,2,1,1,1,1,1,G2
EPI_ISL_16196758,H5N1/2021/R2,2022.899,G1,Europe,H5N1/2021/R2,1,1,2,1,1,1,1,1,G2
EPI_ISL_16196759,H5N1/2021/R2,2022.899,G1,Europe,H5N1/2021/R2,1,1,2,1,1,1,1,1,G2
EPI_ISL_16196760,H5N1/2021/R2,2022.899,G1,Europe,H5N1/2021/R2,1,1,2,1,1,1,1,1,G2
EPI_ISL_16196761,H5N1/2021/R2,2022.899,G1,Europe,H5N1/2021/R2,1,1,2,1,1,1,1,1,G2
EPI_ISL_16199040,H5N1/2021/R2,2022.852,G1,Europe,H5N1/2021/R2,1,1,2,1,1,1,1,1,G2
EPI_ISL_16199509,H5N1/2021/R2,2022.852,G1,Europe,H5N1/2021/R2,1,1,2,1,1,1,1,1,G2
EPI_ISL_16206845,H5N1/2021/R2,2022.942,G1,Europe,H5N1/2021/R2,1,1,2,1,1,1,1,1,G2
EPI_ISL_14064985,H5N1/2021/R2,2022.51,G1,Europe,H5N1/2021/R2,1,1,2,1,1,1,1,1,G2
EPI_ISL_15957953,H5N1/2021/R2,2022.855,G1,Europe,H5N1/2021/R2,1,1,2,1,1,1,1,1,G2
EPI_ISL_16384176,H5N1/2021/R2,2022.912,G1,Europe,H5N1/2021/R2,1,1,2,1,1,1,1,1,G2
EPI_ISL_16384177,H5N1/2021/R2,2022.915,G1,Europe,H5N1/2021/R2,1,1,2,1,1,1,1,1,G2
EPI_ISL_17716808,H5N1/2021/R2,2023.359,G1,Europe,H5N1/2021/R2,1,1,2,1,1,1,1,1,G2
EPI_ISL_18075704,H5N1/2021/R2,2023.203,G1,Europe,H5N1/2021/R2,1,1,2,1,1,1,1,1,G2
EPI_ISL_14171729,H5N1/2021/R2,2022.523,G1,Europe,H5N1/2021/R2,1,1,2,1,1,1,1,1,G2
EPI_ISL_16384139,H5N1/2021/R2,2022.723,G1,Europe,H5N1/2021/R2,1,1,2,1,1,1,1,1,G2
EPI_ISL_14233919,H5N1/2021/R2,2022.559,G1,Europe,H5N1/2021/R2,1,1,2,1,1,1,1,1,G2
EPI_ISL_16384141,H5N1/2021/R2,2022.874,G1,Europe,H5N1/2021/R2,1,1,2,1,1,1,1,1,G2
EPI_ISL_14233921,H5N1/2021/R2,2022.534,G1,Europe,H5N1/2021/R2,1,1,2,1,1,1,1,1,G2
EPI_ISL_16384143,H5N1/2021/R2,2022.882,G1,Europe,H5N1/2021/R2,1,1,2,1,1,1,1,1,G2
EPI_ISL_16676471,H5N1/2021/R2,2023.025,G1,Europe,H5N1/2021/R2,1,1,2,1,1,1,1,1,G2
EPI_ISL_16676474,H5N1/2021/R2,2022.967,G1,Europe,H5N1/2021/R2,1,1,2,1,1,1,1,1,G2
EPI_ISL_16676487,H5N1/2021/R2,2022.707,G1,Europe,H5N1/2021/R2,1,1,2,1,1,1,1,1,G2
EPI_ISL_16384147,H5N1/2021/R2,2022.885,G1,Europe,H5N1/2021/R2,1,1,2,1,1,1,1,1,G2
EPI_ISL_14233931,H5N1/2021/R2,2022.532,G1,Europe,H5N1/2021/R2,1,1,2,1,1,1,1,1,G2
EPI_ISL_14233932,H5N1/2021/R2,2022.532,G1,Europe,H5N1/2021/R2,1,1,2,1,1,1,1,1,G2
EPI_ISL_16384152,H5N1/2021/R2,2022.877,G1,Europe,H5N1/2021/R2,1,1,2,1,1,1,1,1,G2
EPI_ISL_16384153,H5N1/2021/R2,2022.899,G1,Europe,H5N1/2021/R2,1,1,2,1,1,1,1,1,G2
EPI_ISL_16384154,H5N1/2021/R2,2022.901,G1,Europe,H5N1/2021/R2,1,1,2,1,1,1,1,1,G2
EPI_ISL_16384155,H5N1/2021/R2,2022.901,G1,Europe,H5N1/2021/R2,1,1,2,1,1,1,1,1,G2
EPI_ISL_16384156,H5N1/2021/R2,2022.907,G1,Europe,H5N1/2021/R2,1,1,2,1,1,1,1,1,G2
EPI_ISL_16384157,H5N1/2021/R2,2022.91,G1,Europe,H5N1/2021/R2,1,1,2,1,1,1,1,1,G2
EPI_ISL_16384158,H5N1/2021/R2,2022.91,G1,Europe,H5N1/2021/R2,1,1,2,1,1,1,1,1,G2
EPI_ISL_16741402,H5N1/2021/R2,2022.94,G1,Europe,H5N1/2021/R2,1,1,2,1,1,1,1,1,G2
EPI_ISL_16574516,H5N1/2021/R2,2022.975,G1,Europe,H5N1/2021/R2,1,1,2,1,1,1,1,1,G2
EPI_ISL_16748778,H5N1/2021/R2,2022.627,G1,Europe,H5N1/2021/R2,1,1,2,1,1,1,1,1,G2
EPI_ISL_13617699,H5N1/2021/R2,2022.455,G1,Europe,H5N1/2021/R2,1,1,2,1,1,1,1,1,G2
EPI_ISL_16548600,H5N1/2021/R2,2022.89,G1,Europe,H5N1/2021/R2,1,1,2,1,1,1,1,1,G2
EPI_ISL_16507098,H5N1/2021/R2,2022.658,G1,Europe,H5N1/2021/R2,1,1,2,1,1,1,1,1,G2
EPI_ISL_16956029,H5N1/2021/R2,2023.055,G1,Europe,H5N1/2021/R2,1,1,2,1,1,1,1,1,G2
EPI_ISL_17774061,H5N1/2021/R2,2023.2,G1,Europe,H5N1/2021/R2,1,1,2,1,1,1,1,1,G2
EPI_ISL_16384167,H5N1/2021/R2,2022.923,G1,Europe,H5N1/2021/R2,1,1,2,1,1,1,1,1,G2
EPI_ISL_16810562,H5N1/2021/R2,2022.66,G1,Europe,H5N1/2021/R2,1,1,2,1,1,1,1,1,G2
EPI_ISL_16810698,H5N1/2021/R2,2022.542,G1,Europe,H5N1/2021/R2,1,1,2,1,1,1,1,1,G2
EPI_ISL_16384170,H5N1/2021/R2,2022.893,G1,Europe,H5N1/2021/R2,1,1,2,1,1,1,1,1,G2
EPI_ISL_16811183,H5N1/2021/R2,2023.019,G1,Europe,H5N1/2021/R2,1,1,2,1,1,1,1,1,G2
EPI_ISL_16384172,H5N1/2021/R2,2022.893,G1,Europe,H5N1/2021/R2,1,1,2,1,1,1,1,1,G2
EPI_ISL_16979814,H5N1/2021/R2,2022.942,G1,Europe,H5N1/2021/R2,1,1,2,1,1,1,1,1,G2
EPI_ISL_16811191,H5N1/2021/R2,2023.027,G1,Europe,H5N1/2021/R2,1,1,2,1,1,1,1,1,G2
EPI_ISL_13613225,H5N1/2021/R2,2022.438,G1,Europe,H5N1/2021/R2,1,1,2,1,1,1,1,1,G2
EPI_ISL_13617698,H5N1/2021/R2,2022.447,G1,Europe,H5N1/2021/R2,1,1,2,1,1,1,1,1,G2
EPI_ISL_15957966,H5N1/2021/R2,2022.866,G1,Europe,H5N1/2021/R2,1,1,2,1,1,1,1,1,G2
EPI_ISL_16524591,H5N1/2021/R2,2022.795,G1,Europe,H5N1/2021/R2,1,1,2,1,1,1,1,1,G2
EPI_ISL_15957978,H5N1/2021/R2,2022.866,G1,Europe,H5N1/2021/R2,1,1,2,1,1,1,1,1,G2
EPI_ISL_16524594,H5N1/2021/R2,2022.852,G1,Europe,H5N1/2021/R2,1,1,2,1,1,1,1,1,G2
EPI_ISL_16384181,H5N1/2021/R2,2022.929,G1,Europe,H5N1/2021/R2,1,1,2,1,1,1,1,1,G2
EPI_ISL_16904550,H5N1/2021/R2,2022.86,G1,Europe,H5N1/2021/R2,1,1,2,1,1,1,1,1,G2
EPI_ISL_15957722,H5N1/2021/R2,2022.816,G1,Europe,H5N1/2021/R2,1,1,2,1,1,1,1,1,G2
EPI_ISL_16384185,H5N1/2021/R2,2022.929,G1,Europe,H5N1/2021/R2,1,1,2,1,1,1,1,1,G2
EPI_ISL_16547851,H5N1/2021/R2,2022.934,G1,Europe,H5N1/2021/R2,1,1,2,1,1,1,1,1,G2
EPI_ISL_16548347,H5N1/2021/R2,2022.852,G1,Europe,H5N1/2021/R2,1,1,2,1,1,1,1,1,G2
EPI_ISL_16548356,H5N1/2021/R2,2022.858,G1,Europe,H5N1/2021/R2,1,1,2,1,1,1,1,1,G2
EPI_ISL_17584809,H5N1/2021/R2,2023.255,G1,Europe,H5N1/2021/R2,1,1,2,1,1,1,1,1,G2
EPI_ISL_16548429,H5N1/2021/R2,2022.855,G1,Europe,H5N1/2021/R2,1,1,2,1,1,1,1,1,G2
EPI_ISL_16548638,H5N1/2021/R2,2022.748,G1,Europe,H5N1/2021/R2,1,1,2,1,1,1,1,1,G2
EPI_ISL_16384198,H5N1/2021/R2,2022.945,G1,Europe,H5N1/2021/R2,1,1,2,1,1,1,1,1,G2
EPI_ISL_14864637,H5N1/2021/R2,2022.455,G1,Europe,H5N1/2021/R2,1,1,2,1,1,1,1,1,G2
EPI_ISL_16395206,H5N1/2021/R2,2022.978,G1,Europe,H5N1/2021/R2,1,1,2,1,1,1,1,1,G2
EPI_ISL_16937301,H5N1/2021/R2,2022.94,G1,Europe,H5N1/2021/R2,1,1,2,1,1,1,1,1,G2
EPI_ISL_16398194,H5N1/2021/R2,2022.775,G1,Europe,H5N1/2021/R2,1,1,2,1,1,1,1,1,G2
EPI_ISL_16937303,H5N1/2021/R2,2022.937,G1,Europe,H5N1/2021/R2,1,1,2,1,1,1,1,1,G2
EPI_ISL_16937304,H5N1/2021/R2,2022.937,G1,Europe,H5N1/2021/R2,1,1,2,1,1,1,1,1,G2
EPI_ISL_16574500,H5N1/2021/R2,2022.97,G1,Europe,H5N1/2021/R2,1,1,2,1,1,1,1,1,G2
EPI_ISL_16444163,H5N1/2021/R2,2022.94,G1,Europe,H5N1/2021/R2,1,1,2,1,1,1,1,1,G2
EPI_ISL_13617697,H5N1/2021/R2,2022.447,G1,Europe,H5N1/2021/R2,1,1,2,1,1,1,1,1,G2
EPI_ISL_17716830,H5N1/2021/R2,2023.359,G1,Europe,H5N1/2021/R2,1,1,2,1,1,1,1,1,G2
EPI_ISL_17015360,H5N1/2021/R2,2023.126,G1,Europe,H5N1/2021/R2,1,1,2,1,1,1,1,1,G2
EPI_ISL_15697407,H5N1/2021/R2,2022.715,G1,Europe,H5N1/2021/R2,1,1,2,1,1,1,1,1,G2
EPI_ISL_16811195,H5N1/2021/R2,2023.014,G1,Europe,H5N1/2021/R2,1,1,2,1,1,1,1,1,G2
EPI_ISL_17015366,H5N1/2021/R2,2023.126,G1,Europe,H5N1/2021/R2,1,1,2,1,1,1,1,1,G2
EPI_ISL_16574599,H5N1/2021/R2,2022.932,G1,Europe,H5N1/2021/R2,1,1,2,1,1,1,1,1,G2
EPI_ISL_16507104,H5N1/2021/R2,2022.792,G1,Europe,H5N1/2021/R2,1,1,2,1,1,1,1,1,G2
EPI_ISL_16979808,H5N1/2021/R2,2022.885,G1,Europe,H5N1/2021/R2,1,1,2,1,1,1,1,1,G2
EPI_ISL_16979809,H5N1/2021/R2,2022.899,G1,Europe,H5N1/2021/R2,1,1,2,1,1,1,1,1,G2
EPI_ISL_16507109,H5N1/2021/R2,2022.742,G1,Europe,H5N1/2021/R2,1,1,2,1,1,1,1,1,G2
EPI_ISL_16507177,H5N1/2021/R2,2022.756,G1,Europe,H5N1/2021/R2,1,1,2,1,1,1,1,1,G2
EPI_ISL_16524187,H5N1/2021/R2,2022.959,G1,Europe,H5N1/2021/R2,1,1,2,1,1,1,1,1,G2
EPI_ISL_16811185,H5N1/2021/R2,2023.022,G1,Europe,H5N1/2021/R2,1,1,2,1,1,1,1,1,G2
EPI_ISL_16979815,H5N1/2021/R2,2022.992,G1,Europe,H5N1/2021/R2,1,1,2,1,1,1,1,1,G2
EPI_ISL_17257530,H5N1/2021/R2,2023.186,G1,Europe,H5N1/2021/R2,1,1,2,1,1,1,1,1,G2
EPI_ISL_16997293,H5N1/2021/R2,2022.937,G1,Europe,H5N1/2021/R2,1,1,2,1,1,1,1,1,G2
EPI_ISL_16676489,H5N1/2021/R2,2022.97,G1,Europe,H5N1/2021/R2,1,1,2,1,1,1,1,1,G2
EPI_ISL_16811199,H5N1/2021/R2,2022.995,G1,Europe,H5N1/2021/R2,1,1,2,1,1,1,1,1,G2
EPI_ISL_15957972,H5N1/2021/R2,2022.866,G1,Europe,H5N1/2021/R2,1,1,2,1,1,1,1,1,G2
EPI_ISL_16638641,H5N1/2021/R2,2022.934,G1,Europe,H5N1/2021/R2,1,1,2,1,1,1,1,1,G2
EPI_ISL_16524595,H5N1/2021/R2,2022.888,G1,Europe,H5N1/2021/R2,1,1,2,1,1,1,1,1,G2
EPI_ISL_16384138,H5N1/2021/R2,2022.784,G1,Europe,H5N1/2021/R2,1,1,2,1,1,1,1,1,G2
EPI_ISL_16638657,H5N1/2021/R2,2022.934,G1,Europe,H5N1/2021/R2,1,1,2,1,1,1,1,1,G2
EPI_ISL_16547666,H5N1/2021/R2,2022.934,G1,Europe,H5N1/2021/R2,1,1,2,1,1,1,1,1,G2
EPI_ISL_15581792,H5N1/2021/R2,2022.781,G1,Europe,H5N1/2021/R2,1,1,2,1,1,1,1,1,G2
EPI_ISL_16647784,H5N1/2021/R2,2022.934,G1,Europe,H5N1/2021/R2,1,1,2,1,1,1,1,1,G2
EPI_ISL_17267157,H5N1/2021/R2,2023.167,G1,Europe,H5N1/2021/R2,1,1,2,1,1,1,1,1,G2
EPI_ISL_17015359,H5N1/2021/R2,2023.126,G1,Europe,H5N1/2021/R2,1,1,2,1,1,1,1,1,G2
EPI_ISL_16113230,H5N1/2021/R2,2022.463,G1,Europe,H5N1/2021/R2,1,1,2,1,1,1,1,1,G2
EPI_ISL_17033246,H5N1/2021/R2,2023.099,G1,Europe,H5N1/2021/R2,1,1,2,1,1,1,1,1,G2
EPI_ISL_15234656,H5N1/2021/R2,2022.436,G1,Europe,H5N1/2021/R2,1,1,2,1,1,1,1,1,G2
EPI_ISL_16549245,H5N1/2021/R2,2022.888,G1,Europe,H5N1/2021/R2,1,1,2,1,1,1,1,1,G2
EPI_ISL_16549349,H5N1/2021/R2,2022.871,G1,Europe,H5N1/2021/R2,1,1,2,1,1,1,1,1,G2
EPI_ISL_16549379,H5N1/2021/R2,2022.792,G1,Europe,H5N1/2021/R2,1,1,2,1,1,1,1,1,G2
EPI_ISL_15267016,H5N1/2021/R2,2022.455,G1,Europe,H5N1/2021/R2,1,1,2,1,1,1,1,1,G2
EPI_ISL_17791551,H5N1/2021/R2,2023.373,G1,Europe,H5N1/2021/R2,1,1,2,1,1,1,1,1,G2
EPI_ISL_16574488,H5N1/2021/R2,2022.967,G1,Europe,H5N1/2021/R2,1,1,2,1,1,1,1,1,G2
EPI_ISL_16741325,H5N1/2021/R2,2022.926,G1,Europe,H5N1/2021/R2,1,1,2,1,1,1,1,1,G2
EPI_ISL_16574507,H5N1/2021/R2,2022.975,G1,Europe,H5N1/2021/R2,1,1,2,1,1,1,1,1,G2
EPI_ISL_17716829,H5N1/2021/R2,2023.359,G1,Europe,H5N1/2021/R2,1,1,2,1,1,1,1,1,G2
EPI_ISL_15857845,H5N1/2021/R2,2022.866,G1,Europe,H5N1/2021/R2,1,1,2,1,1,1,1,1,G2
EPI_ISL_15957940,H5N1/2021/R2,2022.858,G1,Europe,H5N1/2021/R2,1,1,2,1,1,1,1,1,G2
EPI_ISL_13398726,H5N1/2021/R2,2022.436,G1,Europe,H5N1/2021/R2,1,1,2,1,1,1,1,1,G2
EPI_ISL_16997751,H5N1/2021/R2,2023.066,G1,Europe,H5N1/2021/R2,1,1,2,1,1,1,1,1,G2
EPI_ISL_16740903,H5N1/2021/R2,2022.94,G1,Europe,H5N1/2021/R2,1,1,2,1,1,1,1,1,G2
EPI_ISL_17716807,H5N1/2021/R2,2023.359,G1,Europe,H5N1/2021/R2,1,1,2,1,1,1,1,1,G2
EPI_ISL_16574657,H5N1/2021/R2,2022.953,G1,Europe,H5N1/2021/R2,1,1,2,1,1,1,1,1,G2
EPI_ISL_16574682,H5N1/2021/R2,2022.97,G1,Europe,H5N1/2021/R2,1,1,2,1,1,1,1,1,G2
EPI_ISL_16574697,H5N1/2021/R2,2022.94,G1,Europe,H5N1/2021/R2,1,1,2,1,1,1,1,1,G2
EPI_ISL_16574710,H5N1/2021/R2,2022.94,G1,Europe,H5N1/2021/R2,1,1,2,1,1,1,1,1,G2
EPI_ISL_16574723,H5N1/2021/R2,2022.94,G1,Europe,H5N1/2021/R2,1,1,2,1,1,1,1,1,G2
EPI_ISL_16574736,H5N1/2021/R2,2022.959,G1,Europe,H5N1/2021/R2,1,1,2,1,1,1,1,1,G2
EPI_ISL_16979813,H5N1/2021/R2,2022.915,G1,Europe,H5N1/2021/R2,1,1,2,1,1,1,1,1,G2
EPI_ISL_17005631,H5N1/2021/R2,2023.118,G1,Europe,H5N1/2021/R2,1,1,2,1,1,1,1,1,G2
EPI_ISL_13617695,H5N1/2021/R2,2022.427,G1,Europe,H5N1/2021/R2,1,1,2,1,1,1,1,1,G2
EPI_ISL_17033244,H5N1/2021/R2,2023.099,G1,Europe,H5N1/2021/R2,1,1,2,1,1,1,1,1,G2
EPI_ISL_13199866,H5N1/2021/R2,2022.408,G1,Europe,H5N1/2021/R2,1,1,2,1,1,1,1,1,G2
EPI_ISL_16056571,H5N1/2021/R2,2022.855,G1,Europe,H5N1/2021/R2,1,1,2,1,1,1,1,1,G2
EPI_ISL_16740904,H5N1/2021/R2,2022.915,G1,Europe,H5N1/2021/R2,1,1,2,1,1,1,1,1,G2
EPI_ISL_15878543,H5N1/2021/R2,2022.688,G11,Europe,H5N1/2021/R2,1,1,2,1,1,1,1,1,G2
EPI_ISL_16638642,H5N1/2021/R2,2022.934,G1,Europe,H5N1/2021/R2,1,1,2,1,1,1,1,1,G2
EPI_ISL_15585885,H5N1/2021/R2,2022.784,G1,Europe,H5N1/2021/R2,1,1,2,1,1,1,1,1,G2
EPI_ISL_15585759,H5N1/2021/R2,2022.775,G1,Europe,H5N1/2021/R2,1,1,2,1,1,1,1,1,G2
EPI_ISL_16638676,H5N1/2021/R2,2022.934,G1,Europe,H5N1/2021/R2,1,1,2,1,1,1,1,1,G2
EPI_ISL_16984869,H5N1/2021/R2,2022.953,G1,Europe,H5N1/2021/R2,1,1,2,1,1,1,1,1,G2
EPI_ISL_16984878,H5N1/2021/R2,2022.658,G1,Europe,H5N1/2021/R2,1,1,2,1,1,1,1,1,G2
EPI_ISL_15857844,H5N1/2021/R2,2022.855,G1,Europe,H5N1/2021/R2,1,1,2,1,1,1,1,1,G2
EPI_ISL_13613222,H5N1/2021/R2,2022.427,G1,Europe,H5N1/2021/R2,1,1,2,1,1,1,1,1,G2
EPI_ISL_16741201,H5N1/2021/R2,2022.929,G1,Europe,H5N1/2021/R2,1,1,2,1,1,1,1,1,G2
EPI_ISL_16096044,H5N1/2021/R2,2022.499,G1,Europe,H5N1/2021/R2,1,1,2,1,1,1,1,1,G2
EPI_ISL_15585758,H5N1/2021/R2,2022.797,G1,Europe,H5N1/2021/R2,1,1,2,1,1,1,1,1,G2
EPI_ISL_15698370,H5N1/2021/R2,2022.726,G1,Europe,H5N1/2021/R2,1,1,2,1,1,1,1,1,G2
EPI_ISL_16937298,H5N1/2021/R2,2022.94,G1,Europe,H5N1/2021/R2,1,1,2,1,1,1,1,1,G2
EPI_ISL_16741031,H5N1/2021/R2,2022.921,G1,Europe,H5N1/2021/R2,1,1,2,1,1,1,1,1,G2
EPI_ISL_16741326,H5N1/2021/R2,2022.937,G1,Europe,H5N1/2021/R2,1,1,2,1,1,1,1,1,G2
EPI_ISL_15957906,H5N1/2021/R2,2022.847,G1,Europe,H5N1/2021/R2,1,1,2,1,1,1,1,1,G2
EPI_ISL_16741221,H5N1/2021/R2,2022.932,G1,Europe,H5N1/2021/R2,1,1,2,1,1,1,1,1,G2
EPI_ISL_13398727,H5N1/2021/R2,2022.441,G1,Europe,H5N1/2021/R2,1,1,2,1,1,1,1,1,G2
EPI_ISL_16956376,H5N1/2021/R2,2023.06,G1,Europe,H5N1/2021/R2,1,1,2,1,1,1,1,1,G2
EPI_ISL_13199865,H5N1/2021/R2,2022.411,G1,Europe,H5N1/2021/R2,1,1,2,1,1,1,1,1,G2
EPI_ISL_17470104,H5N1/2021/R2,2023.219,G1,Europe,H5N1/2021/R2,1,1,2,1,1,1,1,1,G2
EPI_ISL_17791548,H5N1/2021/R2,2023.373,G1,Europe,H5N1/2021/R2,1,1,2,1,1,1,1,1,G2
EPI_ISL_16811039,H5N1/2021/R2,2022.997,G1,Europe,H5N1/2021/R2,1,1,2,1,1,1,1,1,G2
EPI_ISL_16384166,H5N1/2021/R2,2022.89,G1,Europe,H5N1/2021/R2,1,1,2,1,1,1,1,1,G2
EPI_ISL_15957998,H5N1/2021/R2,2022.871,G1,Europe,H5N1/2021/R2,1,1,2,1,1,1,1,1,G2
EPI_ISL_16056572,H5N1/2021/R2,2022.877,G1,Europe,H5N1/2021/R2,1,1,2,1,1,1,1,1,G2
EPI_ISL_17791547,H5N1/2021/R2,2023.373,G1,Europe,H5N1/2021/R2,1,1,2,1,1,1,1,1,G2
EPI_ISL_16979812,H5N1/2021/R2,2022.91,G1,Europe,H5N1/2021/R2,1,1,2,1,1,1,1,1,G2
EPI_ISL_15857843,H5N1/2021/R2,2022.852,G1,Europe,H5N1/2021/R2,1,1,2,1,1,1,1,1,G2
EPI_ISL_15957912,H5N1/2021/R2,2022.847,G1,Europe,H5N1/2021/R2,1,1,2,1,1,1,1,1,G2
EPI_ISL_16937302,H5N1/2021/R2,2022.937,G1,Europe,H5N1/2021/R2,1,1,2,1,1,1,1,1,G2
EPI_ISL_16937299,H5N1/2021/R2,2022.94,G1,Europe,H5N1/2021/R2,1,1,2,1,1,1,1,1,G2
EPI_ISL_15957984,H5N1/2021/R2,2022.868,G1,Europe,H5N1/2021/R2,1,1,2,1,1,1,1,1,G2
EPI_ISL_17465836,H5N1/2021/R2,2023.205,G1,Europe,H5N1/2021/R2,1,1,2,1,1,1,1,1,G2
EPI_ISL_17465830,H5N1/2021/R2,2023.197,G1,Europe,H5N1/2021/R2,1,1,2,1,1,1,1,1,G2
EPI_ISL_17791550,H5N1/2021/R2,2023.373,G1,Europe,H5N1/2021/R2,1,1,2,1,1,1,1,1,G2
EPI_ISL_16384140,H5N1/2021/R2,2022.874,G1,Europe,H5N1/2021/R2,1,1,2,1,1,1,1,1,G2
EPI_ISL_16997756,H5N1/2021/R2,2023.077,G1,Europe,H5N1/2021/R2,1,1,2,1,1,1,1,1,G2
EPI_ISL_16956404,H5N1/2021/R2,2023.03,G1,Europe,H5N1/2021/R2,1,1,2,1,1,1,1,1,G2
EPI_ISL_17015369,H5N1/2021/R2,2023.126,G1,Europe,H5N1/2021/R2,1,1,2,1,1,1,1,1,G2
EPI_ISL_15699041,H5N1/2021/R2,2022.721,G1,Europe,H5N1/2021/R2,1,1,2,1,1,1,1,1,G2
EPI_ISL_17791549,H5N1/2021/R2,2023.373,G1,Europe,H5N1/2021/R2,1,1,2,1,1,1,1,1,G2
EPI_ISL_16112044,H5N1/2021/R2,2022.463,G1,Europe,H5N1/2021/R2,1,1,2,1,1,1,1,1,G2
EPI_ISL_16997755,H5N1/2021/R2,2023.077,G1,Europe,H5N1/2021/R2,1,1,2,1,1,1,1,1,G2
EPI_ISL_17033243,H5N1/2021/R2,2023.09,G1,Europe,H5N1/2021/R2,1,1,2,1,1,1,1,1,G2
EPI_ISL_16937300,H5N1/2021/R2,2022.94,G1,Europe,H5N1/2021/R2,1,1,2,1,1,1,1,1,G2
EPI_ISL_17015367,H5N1/2021/R2,2023.126,G1,Europe,H5N1/2021/R2,1,1,2,1,1,1,1,1,G2
EPI_ISL_17791546,H5N1/2021/R2,2023.373,G1,Europe,H5N1/2021/R2,1,1,2,1,1,1,1,1,G2
EPI_ISL_15878544,H5N1/2021/R2,2022.688,G11,Europe,H5N1/2021/R2,1,1,2,1,1,1,1,1,G2
EPI_ISL_16741115,H5N1/2021/R2,2022.926,G1,Europe,H5N1/2021/R2,1,1,2,1,1,1,1,1,G2
EPI_ISL_15957919,H5N1/2021/R2,2022.849,G1,Europe,H5N1/2021/R2,1,1,2,1,1,1,1,1,G2
EPI_ISL_16997754,H5N1/2021/R2,2023.077,G1,Europe,H5N1/2021/R2,1,1,2,1,1,1,1,1,G2
EPI_ISL_13778523,H5N1/2021/R2,2022.466,G1,Europe,H5N1/2021/R2,1,1,2,1,1,1,1,1,G2
EPI_ISL_16997757,H5N1/2021/R2,2023.077,G1,Europe,H5N1/2021/R2,1,1,2,1,1,1,1,1,G2
EPI_ISL_16384199,H5N1/2021/R2,2022.964,G1,Europe,H5N1/2021/R2,1,1,2,1,1,1,1,1,G2
EPI_ISL_17470102,H5N1/2021/R2,2023.164,G1,Europe,H5N1/2021/R2,1,1,2,1,1,1,1,1,G2
EPI_ISL_18011232,H5N1/2021/R2,2023.488,G1,Europe,H5N1/2021/R2,1,1,2,1,1,1,1,1,G2
EPI_ISL_17015368,H5N1/2021/R2,2023.126,G1,Europe,H5N1/2021/R2,1,1,2,1,1,1,1,1,G2
EPI_ISL_16384149,H5N1/2021/R2,2022.885,G1,Europe,H5N1/2021/R2,1,1,2,1,1,1,1,1,G2
EPI_ISL_16096047,H5N1/2021/R2,2022.504,G1,Europe,H5N1/2021/R2,1,1,2,1,1,1,1,1,G2
EPI_ISL_13398725,H5N1/2021/R2,2022.427,G1,Europe,H5N1/2021/R2,1,1,2,1,1,1,1,1,G2
EPI_ISL_16096040,H5N1/2021/R2,2022.493,G1,Europe,H5N1/2021/R2,1,1,2,1,1,1,1,1,G2
EPI_ISL_16098026,H5N1/2021/R2,2022.532,G1,Europe,H5N1/2021/R2,1,1,2,1,1,1,1,1,G2
EPI_ISL_16613712,H5N1/2021/R5,2023.003,G10,Europe,H5N1/2021/R5,9,1,1,1,1,1,1,6,G14
EPI_ISL_16613711,H5N1/2021/R5,2022.995,G10,Europe,H5N1/2021/R5,9,1,1,1,1,1,1,6,G14
EPI_ISL_16937294,H5N1/2021/R5,2023.027,G10,Europe,H5N1/2021/R5,9,1,1,1,1,1,1,6,G14
EPI_ISL_13955204,H5N1/2021/R5,2022.279,G10,Europe,H5N1/2021/R5,9,1,1,1,1,1,1,6,G14
EPI_ISL_16937305,H5N1/2021/R5,2023.038,G10,Europe,H5N1/2021/R5,9,1,1,1,1,1,1,6,G14
EPI_ISL_13967740,H5N1/2021/R5,2022.279,G10,Europe,H5N1/2021/R5,9,1,1,1,1,1,1,6,G14
EPI_ISL_16638696,H5N1/2021/R5,2023.027,G10,Europe,H5N1/2021/R5,9,1,1,1,1,1,1,6,G14
EPI_ISL_17716064,H5N1/2022/R13,2023.181,G6,Europe,H5N1/2022/R13,1,1,4,1,3,1,1,3,G1
EPI_ISL_18033238,H5N1/2022/R13,2023.373,G6,Europe,H5N1/2022/R13,1,1,4,1,3,1,1,3,G1
EPI_ISL_17584817,H5N1/2022/R13,2023.277,G6,Europe,H5N1/2022/R13,1,1,4,1,3,1,1,3,G1
EPI_ISL_17584818,H5N1/2022/R13,2023.277,G6,Europe,H5N1/2022/R13,1,1,4,1,3,1,1,3,G1
EPI_ISL_17884626,H5N1/2022/R13,2023.34,G6,Europe,H5N1/2022/R13,1,1,4,1,3,1,1,3,G1
EPI_ISL_14494933,H5N1/2022/R13,2022.586,G6,Europe,H5N1/2022/R13,1,1,4,1,3,1,1,3,G1
EPI_ISL_16574529,H5N1/2022/R13,2022.984,G6,Europe,H5N1/2022/R13,1,1,4,1,3,1,1,3,G1
EPI_ISL_16984685,H5N1/2022/R13,2022.989,G6,Europe,H5N1/2022/R13,1,1,4,1,3,1,1,3,G1
EPI_ISL_17626165,H5N1/2022/R13,2023.29,G6,Europe,H5N1/2022/R13,1,1,4,1,3,1,1,3,G1
EPI_ISL_17514165,H5N1/2022/R13,2023.181,G6,Europe,H5N1/2022/R13,1,1,4,1,3,1,1,3,G1
EPI_ISL_15957702,H5N1/2022/R13,2022.808,G6,Europe,H5N1/2022/R13,1,1,4,1,3,1,1,3,G1
EPI_ISL_14163712,H5N1/2022/R13,2022.512,G6,Europe,H5N1/2022/R13,1,1,4,1,3,1,1,3,G1
EPI_ISL_16507097,H5N1/2022/R13,2022.877,G6,Europe,H5N1/2022/R13,1,1,4,1,3,1,1,3,G1
EPI_ISL_14163714,H5N1/2022/R13,2022.504,G6,Europe,H5N1/2022/R13,1,1,4,1,3,1,1,3,G1
EPI_ISL_14494351,H5N1/2022/R13,2022.515,G6,Europe,H5N1/2022/R13,1,1,4,1,3,1,1,3,G1
EPI_ISL_15878540,H5N1/2022/R13,2022.795,G6,Europe,H5N1/2022/R13,1,1,4,1,3,1,1,3,G1
EPI_ISL_16524248,H5N1/2022/R13,2022.986,G6,Europe,H5N1/2022/R13,1,1,4,1,3,1,1,3,G1
EPI_ISL_17821061,H5N1/2022/R13,2023.416,G6,Europe,H5N1/2022/R13,1,1,4,1,3,1,1,3,G1
EPI_ISL_17245141,H5N1/2022/R13,2023.164,G6,Europe,H5N1/2022/R13,1,1,4,1,3,1,1,3,G1
EPI_ISL_15364789,H5N1/2022/R13,2022.69,G6,Europe,H5N1/2022/R13,1,1,4,1,3,1,1,3,G1
EPI_ISL_17679743,H5N1/2022/R13,2023.195,G6,Europe,H5N1/2022/R13,1,1,4,1,3,1,1,3,G1
EPI_ISL_17599455,H5N1/2022/R13,2023.162,G6,Europe,H5N1/2022/R13,1,1,4,1,3,1,1,3,G1
EPI_ISL_17780488,H5N1/2022/R13,2023.34,G6,Europe,H5N1/2022/R13,1,1,4,1,3,1,1,3,G1
EPI_ISL_17679739,H5N1/2022/R13,2023.186,G6,Europe,H5N1/2022/R13,1,1,4,1,3,1,1,3,G1
EPI_ISL_15579535,H5N1/2022/R13,2022.721,G6,Europe,H5N1/2022/R13,1,1,4,1,3,1,1,3,G1
EPI_ISL_17831135,H5N1/2022/R13,2023.373,G6,Europe,H5N1/2022/R13,1,1,4,1,3,1,1,3,G1
EPI_ISL_17831140,H5N1/2022/R13,2023.362,G6,Europe,H5N1/2022/R13,1,1,4,1,3,1,1,3,G1
EPI_ISL_18033234,H5N1/2022/R13,2023.364,G6,Europe,H5N1/2022/R13,1,1,4,1,3,1,1,3,G1
EPI_ISL_17884628,H5N1/2022/R13,2023.34,G6,Europe,H5N1/2022/R13,1,1,4,1,3,1,1,3,G1
EPI_ISL_15585843,H5N1/2022/R13,2022.773,G6,Europe,H5N1/2022/R13,1,1,4,1,3,1,1,3,G1
EPI_ISL_17267156,H5N1/2022/R13,2023.167,G6,Europe,H5N1/2022/R13,1,1,4,1,3,1,1,3,G1
EPI_ISL_13778474,H5N1/2022/R13,2022.43,G6,Europe,H5N1/2022/R13,1,1,4,1,3,1,1,3,G1
EPI_ISL_16979820,H5N1/2022/R13,2023.085,G6,Europe,H5N1/2022/R13,1,1,4,1,3,1,1,3,G1
EPI_ISL_13902858,H5N1/2022/R13,2022.501,G6,Europe,H5N1/2022/R13,1,1,4,1,3,1,1,3,G1
EPI_ISL_16524247,H5N1/2022/R13,2023.003,G6,Europe,H5N1/2022/R13,1,1,4,1,3,1,1,3,G1
EPI_ISL_15579539,H5N1/2022/R13,2022.751,G6,Europe,H5N1/2022/R13,1,1,4,1,3,1,1,3,G1
EPI_ISL_17780487,H5N1/2022/R13,2023.34,G6,Europe,H5N1/2022/R13,1,1,4,1,3,1,1,3,G1
EPI_ISL_17600912,H5N1/2022/R13,2023.178,G6,Europe,H5N1/2022/R13,1,1,4,1,3,1,1,3,G1
EPI_ISL_17267144,H5N1/2022/R13,2023.162,G6,Europe,H5N1/2022/R13,1,1,4,1,3,1,1,3,G1
EPI_ISL_17774358,H5N1/2022/R13,2023.282,G6,Europe,H5N1/2022/R13,1,1,4,1,3,1,1,3,G1
EPI_ISL_18033224,H5N1/2022/R13,2023.353,G6,Europe,H5N1/2022/R13,1,1,4,1,3,1,1,3,G1
EPI_ISL_17982389,H5N1/2022/R13,2023.436,G6,Europe,H5N1/2022/R13,1,1,4,1,3,1,1,3,G1
EPI_ISL_17267152,H5N1/2022/R13,2023.167,G6,Europe,H5N1/2022/R13,1,1,4,1,3,1,1,3,G1
EPI_ISL_17679732,H5N1/2022/R13,2023.181,G6,Europe,H5N1/2022/R13,1,1,4,1,3,1,1,3,G1
EPI_ISL_17267151,H5N1/2022/R13,2023.17,G6,Europe,H5N1/2022/R13,1,1,4,1,3,1,1,3,G1
EPI_ISL_16979819,H5N1/2022/R13,2023.079,G6,Europe,H5N1/2022/R13,1,1,4,1,3,1,1,3,G1
EPI_ISL_18064622,H5N1/2022/R13,2023.359,G6,Europe,H5N1/2022/R13,1,1,4,1,3,1,1,3,G1
EPI_ISL_18033207,H5N1/2022/R13,2023.301,G6,Europe,H5N1/2022/R13,1,1,4,1,3,1,1,3,G1
EPI_ISL_15878539,H5N1/2022/R13,2022.795,G6,Europe,H5N1/2022/R13,1,1,4,1,3,1,1,3,G1
EPI_ISL_18064620,H5N1/2022/R13,2023.359,G6,Europe,H5N1/2022/R13,1,1,4,1,3,1,1,3,G1
EPI_ISL_15069398,H5N1/2022/R13,2022.605,G6,Europe,H5N1/2022/R13,1,1,4,1,3,1,1,3,G1
EPI_ISL_17584823,H5N1/2022/R13,2023.279,G6,Europe,H5N1/2022/R13,1,1,4,1,3,1,1,3,G1
EPI_ISL_17514177,H5N1/2022/R13,2023.186,G6,Europe,H5N1/2022/R13,1,1,4,1,3,1,1,3,G1
EPI_ISL_17626168,H5N1/2022/R13,2023.296,G6,Europe,H5N1/2022/R13,1,1,4,1,3,1,1,3,G1
EPI_ISL_18075147,H5N1/2022/R13,2023.186,G6,Europe,H5N1/2022/R13,1,1,4,1,3,1,1,3,G1
EPI_ISL_17626164,H5N1/2022/R13,2023.29,G6,Europe,H5N1/2022/R13,1,1,4,1,3,1,1,3,G1
EPI_ISL_18075150,H5N1/2022/R13,2023.186,G6,Europe,H5N1/2022/R13,1,1,4,1,3,1,1,3,G1
EPI_ISL_17958949,H5N1/2022/R13,2023.441,G6,Europe,H5N1/2022/R13,1,1,4,1,3,1,1,3,G1
EPI_ISL_17716825,H5N1/2022/R13,2023.356,G6,Europe,H5N1/2022/R13,1,1,4,1,3,1,1,3,G1
EPI_ISL_17267149,H5N1/2022/R13,2023.173,G6,Europe,H5N1/2022/R13,1,1,4,1,3,1,1,3,G1
EPI_ISL_17679741,H5N1/2022/R13,2023.184,G6,Europe,H5N1/2022/R13,1,1,4,1,3,1,1,3,G1
EPI_ISL_16979821,H5N1/2022/R13,2023.09,G6,Europe,H5N1/2022/R13,1,1,4,1,3,1,1,3,G1
EPI_ISL_17409673,H5N1/2022/R13,2023.186,G6,Europe,H5N1/2022/R13,1,1,4,1,3,1,1,3,G1
EPI_ISL_18075709,H5N1/2022/R13,2023.416,G6,Europe,H5N1/2022/R13,1,1,4,1,3,1,1,3,G1
EPI_ISL_17626167,H5N1/2022/R13,2023.296,G6,Europe,H5N1/2022/R13,1,1,4,1,3,1,1,3,G1
EPI_ISL_17985403,H5N1/2022/R13,2023.455,G6,Europe,H5N1/2022/R13,1,1,4,1,3,1,1,3,G1
EPI_ISL_17679731,H5N1/2022/R13,2023.178,G6,Europe,H5N1/2022/R13,1,1,4,1,3,1,1,3,G1
EPI_ISL_17679738,H5N1/2022/R13,2023.178,G6,Europe,H5N1/2022/R13,1,1,4,1,3,1,1,3,G1
EPI_ISL_17267148,H5N1/2022/R13,2023.167,G6,Europe,H5N1/2022/R13,1,1,4,1,3,1,1,3,G1
EPI_ISL_15878542,H5N1/2022/R13,2022.795,G6,Europe,H5N1/2022/R13,1,1,4,1,3,1,1,3,G1
EPI_ISL_16524213,H5N1/2022/R13,2023,G6,Europe,H5N1/2022/R13,1,1,4,1,3,1,1,3,G1
EPI_ISL_17710021,H5N1/2022/R13,2023.296,G6,Europe,H5N1/2022/R13,1,1,4,1,3,1,1,3,G1
EPI_ISL_17267155,H5N1/2022/R13,2023.184,G6,Europe,H5N1/2022/R13,1,1,4,1,3,1,1,3,G1
EPI_ISL_17267154,H5N1/2022/R13,2023.184,G6,Europe,H5N1/2022/R13,1,1,4,1,3,1,1,3,G1
EPI_ISL_18064618,H5N1/2022/R13,2023.359,G6,Europe,H5N1/2022/R13,1,1,4,1,3,1,1,3,G1
EPI_ISL_17514133,H5N1/2022/R13,2023.178,G6,Europe,H5N1/2022/R13,1,1,4,1,3,1,1,3,G1
EPI_ISL_17679747,H5N1/2022/R13,2023.195,G6,Europe,H5N1/2022/R13,1,1,4,1,3,1,1,3,G1
EPI_ISL_18064619,H5N1/2022/R13,2023.359,G6,Europe,H5N1/2022/R13,1,1,4,1,3,1,1,3,G1
EPI_ISL_16507096,H5N1/2022/R13,2022.816,G6,Europe,H5N1/2022/R13,1,1,4,1,3,1,1,3,G1
EPI_ISL_17831134,H5N1/2022/R13,2023.373,G6,Europe,H5N1/2022/R13,1,1,4,1,3,1,1,3,G1
EPI_ISL_17985411,H5N1/2022/R13,2023.466,G6,Europe,H5N1/2022/R13,1,1,4,1,3,1,1,3,G1
EPI_ISL_17409676,H5N1/2022/R13,2023.222,G6,Europe,H5N1/2022/R13,1,1,4,1,3,1,1,3,G1
EPI_ISL_17465837,H5N1/2022/R13,2023.222,G6,Europe,H5N1/2022/R13,1,1,4,1,3,1,1,3,G1
EPI_ISL_17521049,H5N1/2022/R13,2023.222,G6,Europe,H5N1/2022/R13,1,1,4,1,3,1,1,3,G1
EPI_ISL_18033204,H5N1/2022/R13,2023.222,G6,Europe,H5N1/2022/R13,1,1,4,1,3,1,1,3,G1
EPI_ISL_17679744,H5N1/2022/R13,2023.195,G6,Europe,H5N1/2022/R13,1,1,4,1,3,1,1,3,G1
EPI_ISL_17716068,H5N1/2022/R13,2023.299,G6,Europe,H5N1/2022/R13,1,1,4,1,3,1,1,3,G1
EPI_ISL_17996135,H5N1/2022/R13,2023.441,G6,Europe,H5N1/2022/R13,1,1,4,1,3,1,1,3,G1
EPI_ISL_15957660,H5N1/2022/R13,2022.803,G6,Europe,H5N1/2022/R13,1,1,4,1,3,1,1,3,G1
EPI_ISL_17716823,H5N1/2022/R13,2023.34,G6,Europe,H5N1/2022/R13,1,1,4,1,3,1,1,3,G1
EPI_ISL_17774357,H5N1/2022/R13,2023.282,G6,Europe,H5N1/2022/R13,1,1,4,1,3,1,1,3,G1
EPI_ISL_16524203,H5N1/2022/R13,2022.975,G6,Europe,H5N1/2022/R13,1,1,4,1,3,1,1,3,G1
EPI_ISL_15088304,H5N1/2022/R13,2022.658,G6,Europe,H5N1/2022/R13,1,1,4,1,3,1,1,3,G1
EPI_ISL_17780483,H5N1/2022/R13,2023.378,G6,Europe,H5N1/2022/R13,1,1,4,1,3,1,1,3,G1
EPI_ISL_16524246,H5N1/2022/R13,2023,G6,Europe,H5N1/2022/R13,1,1,4,1,3,1,1,3,G1
EPI_ISL_17821042,H5N1/2022/R13,2023.386,G6,Europe,H5N1/2022/R13,1,1,4,1,3,1,1,3,G1
EPI_ISL_16984642,H5N1/2022/R13,2023.003,G6,Europe,H5N1/2022/R13,1,1,4,1,3,1,1,3,G1
EPI_ISL_16984863,H5N1/2022/R13,2023.003,G6,Europe,H5N1/2022/R13,1,1,4,1,3,1,1,3,G1
EPI_ISL_13519451,H5N1/2022/R13,2022.356,G6,Europe,H5N1/2022/R13,1,1,4,1,3,1,1,3,G1
EPI_ISL_15957624,H5N1/2022/R13,2022.795,G6,Europe,H5N1/2022/R13,1,1,4,1,3,1,1,3,G1
EPI_ISL_17600359,H5N1/2022/R13,2023.205,G6,Europe,H5N1/2022/R13,1,1,4,1,3,1,1,3,G1
EPI_ISL_17679748,H5N1/2022/R13,2023.175,G6,Europe,H5N1/2022/R13,1,1,4,1,3,1,1,3,G1
EPI_ISL_17679735,H5N1/2022/R13,2023.241,G6,Europe,H5N1/2022/R13,1,1,4,1,3,1,1,3,G1
EPI_ISL_18010488,H5N1/2022/R13,2023.444,G6,Europe,H5N1/2022/R13,1,1,4,1,3,1,1,3,G1
EPI_ISL_18127710,H5N1/2022/R13,2023.247,G6,Africa,H5N1/2022/R13,1,1,4,1,3,1,1,3,G1
EPI_ISL_18127711,H5N1/2022/R13,2023.247,G6,Africa,H5N1/2022/R13,1,1,4,1,3,1,1,3,G1
EPI_ISL_18033212,H5N1/2022/R13,2023.307,G6,Europe,H5N1/2022/R13,1,1,4,1,3,1,1,3,G1
EPI_ISL_18033200,H5N1/2022/R13,2023.195,G6,Europe,H5N1/2022/R13,1,1,4,1,3,1,1,3,G1
EPI_ISL_17606755,H5N1/2022/R13,2023.197,G6,Europe,H5N1/2022/R13,1,1,4,1,3,1,1,3,G1
EPI_ISL_17606756,H5N1/2022/R13,2023.197,G6,Europe,H5N1/2022/R13,1,1,4,1,3,1,1,3,G1
EPI_ISL_17679746,H5N1/2022/R13,2023.197,G6,Europe,H5N1/2022/R13,1,1,4,1,3,1,1,3,G1
EPI_ISL_16979818,H5N1/2022/R13,2023.041,G6,Europe,H5N1/2022/R13,1,1,4,1,3,1,1,3,G1
EPI_ISL_16881185,H5N1/2022/R13,2023.074,G6,Europe,H5N1/2022/R13,1,1,4,1,3,1,1,3,G1
EPI_ISL_15088297,H5N1/2022/R13,2022.641,G6,Europe,H5N1/2022/R13,1,1,4,1,3,1,1,3,G1
EPI_ISL_17780478,H5N1/2022/R13,2023.378,G6,Europe,H5N1/2022/R13,1,1,4,1,3,1,1,3,G1
EPI_ISL_17732339,H5N1/2022/R13,2023.373,G6,Europe,H5N1/2022/R13,1,1,4,1,3,1,1,3,G1
EPI_ISL_17547370,H5N1/2022/R13,2023.247,G6,Europe,H5N1/2022/R13,1,1,4,1,3,1,1,3,G1
EPI_ISL_17732340,H5N1/2022/R13,2023.373,G6,Europe,H5N1/2022/R13,1,1,4,1,3,1,1,3,G1
EPI_ISL_18033203,H5N1/2022/R13,2023.219,G6,Europe,H5N1/2022/R13,1,1,4,1,3,1,1,3,G1
EPI_ISL_16979817,H5N1/2022/R13,2022.995,G6,Europe,H5N1/2022/R13,1,1,4,1,3,1,1,3,G1
EPI_ISL_17626174,H5N1/2022/R13,2023.255,G6,Europe,H5N1/2022/R13,1,1,4,1,3,1,1,3,G1
EPI_ISL_17626175,H5N1/2022/R13,2023.255,G6,Europe,H5N1/2022/R13,1,1,4,1,3,1,1,3,G1
EPI_ISL_17716067,H5N1/2022/R13,2023.255,G6,Europe,H5N1/2022/R13,1,1,4,1,3,1,1,3,G1
EPI_ISL_17547372,H5N1/2022/R13,2023.263,G6,Europe,H5N1/2022/R13,1,1,4,1,3,1,1,3,G1
EPI_ISL_17679728,H5N1/2022/R13,2023.263,G6,Europe,H5N1/2022/R13,1,1,4,1,3,1,1,3,G1
EPI_ISL_17625761,H5N1/2022/R13,2023.268,G6,Europe,H5N1/2022/R13,1,1,4,1,3,1,1,3,G1
EPI_ISL_13778468,H5N1/2022/R13,2022.43,G6,Europe,H5N1/2022/R13,1,1,4,1,3,1,1,3,G1
EPI_ISL_13778469,H5N1/2022/R13,2022.43,G6,Europe,H5N1/2022/R13,1,1,4,1,3,1,1,3,G1
EPI_ISL_17547375,H5N1/2022/R13,2023.274,G6,Europe,H5N1/2022/R13,1,1,4,1,3,1,1,3,G1
EPI_ISL_17679740,H5N1/2022/R13,2023.184,G6,Europe,H5N1/2022/R13,1,1,4,1,3,1,1,3,G1
EPI_ISL_17679737,H5N1/2022/R13,2023.233,G6,Europe,H5N1/2022/R13,1,1,4,1,3,1,1,3,G1
EPI_ISL_17584813,H5N1/2022/R13,2023.274,G6,Europe,H5N1/2022/R13,1,1,4,1,3,1,1,3,G1
EPI_ISL_17584814,H5N1/2022/R13,2023.274,G6,Europe,H5N1/2022/R13,1,1,4,1,3,1,1,3,G1
EPI_ISL_17584815,H5N1/2022/R13,2023.274,G6,Europe,H5N1/2022/R13,1,1,4,1,3,1,1,3,G1
EPI_ISL_17584816,H5N1/2022/R13,2023.274,G6,Europe,H5N1/2022/R13,1,1,4,1,3,1,1,3,G1
EPI_ISL_17625762,H5N1/2022/R13,2023.274,G6,Europe,H5N1/2022/R13,1,1,4,1,3,1,1,3,G1
EPI_ISL_17830868,H5N1/2022/R13,2023.274,G6,Europe,H5N1/2022/R13,1,1,4,1,3,1,1,3,G1
EPI_ISL_18033419,H5N1/2022/R13,2023.512,G6,Europe,H5N1/2022/R13,1,1,4,1,3,1,1,3,G1
EPI_ISL_18033420,H5N1/2022/R13,2023.512,G6,Europe,H5N1/2022/R13,1,1,4,1,3,1,1,3,G1
EPI_ISL_17679733,H5N1/2022/R13,2023.271,G6,Europe,H5N1/2022/R13,1,1,4,1,3,1,1,3,G1
EPI_ISL_18033241,H5N1/2022/R13,2023.408,G6,Europe,H5N1/2022/R13,1,1,4,1,3,1,1,3,G1
EPI_ISL_17716088,H5N1/2022/R13,2023.277,G6,Europe,H5N1/2022/R13,1,1,4,1,3,1,1,3,G1
EPI_ISL_17267150,H5N1/2022/R13,2023.173,G6,Europe,H5N1/2022/R13,1,1,4,1,3,1,1,3,G1
EPI_ISL_17584820,H5N1/2022/R13,2023.279,G6,Europe,H5N1/2022/R13,1,1,4,1,3,1,1,3,G1
EPI_ISL_17584821,H5N1/2022/R13,2023.279,G6,Europe,H5N1/2022/R13,1,1,4,1,3,1,1,3,G1
EPI_ISL_17584822,H5N1/2022/R13,2023.279,G6,Europe,H5N1/2022/R13,1,1,4,1,3,1,1,3,G1
EPI_ISL_17791391,H5N1/2022/R13,2023.348,G6,Europe,H5N1/2022/R13,1,1,4,1,3,1,1,3,G1
EPI_ISL_17584824,H5N1/2022/R13,2023.279,G6,Europe,H5N1/2022/R13,1,1,4,1,3,1,1,3,G1
EPI_ISL_17584825,H5N1/2022/R13,2023.279,G6,Europe,H5N1/2022/R13,1,1,4,1,3,1,1,3,G1
EPI_ISL_17584826,H5N1/2022/R13,2023.279,G6,Europe,H5N1/2022/R13,1,1,4,1,3,1,1,3,G1
EPI_ISL_17710041,H5N1/2022/R13,2023.279,G6,Europe,H5N1/2022/R13,1,1,4,1,3,1,1,3,G1
EPI_ISL_17716811,H5N1/2022/R13,2023.31,G6,Europe,H5N1/2022/R13,1,1,4,1,3,1,1,3,G1
EPI_ISL_17584819,H5N1/2022/R13,2023.277,G6,Europe,H5N1/2022/R13,1,1,4,1,3,1,1,3,G1
EPI_ISL_17547373,H5N1/2022/R13,2023.274,G6,Europe,H5N1/2022/R13,1,1,4,1,3,1,1,3,G1
EPI_ISL_18075152,H5N1/2022/R13,2023.203,G6,Europe,H5N1/2022/R13,1,1,4,1,3,1,1,3,G1
EPI_ISL_18075732,H5N1/2022/R13,2023.203,G6,Europe,H5N1/2022/R13,1,1,4,1,3,1,1,3,G1
EPI_ISL_17985406,H5N1/2022/R13,2023.466,G6,Europe,H5N1/2022/R13,1,1,4,1,3,1,1,3,G1
EPI_ISL_18075143,H5N1/2022/R13,2023.178,G6,Europe,H5N1/2022/R13,1,1,4,1,3,1,1,3,G1
EPI_ISL_17774308,H5N1/2022/R13,2023.282,G6,Europe,H5N1/2022/R13,1,1,4,1,3,1,1,3,G1
EPI_ISL_18059057,H5N1/2022/R13,2023.523,G6,Europe,H5N1/2022/R13,1,1,4,1,3,1,1,3,G1
EPI_ISL_18075145,H5N1/2022/R13,2023.178,G6,Europe,H5N1/2022/R13,1,1,4,1,3,1,1,3,G1
EPI_ISL_18075733,H5N1/2022/R13,2023.178,G6,Europe,H5N1/2022/R13,1,1,4,1,3,1,1,3,G1
EPI_ISL_17710032,H5N1/2022/R13,2023.288,G6,Europe,H5N1/2022/R13,1,1,4,1,3,1,1,3,G1
EPI_ISL_17625764,H5N1/2022/R13,2023.29,G6,Europe,H5N1/2022/R13,1,1,4,1,3,1,1,3,G1
EPI_ISL_18122446,H5N1/2022/R13,2023.523,G6,Europe,H5N1/2022/R13,1,1,4,1,3,1,1,3,G1
EPI_ISL_18122447,H5N1/2022/R13,2023.523,G6,Europe,H5N1/2022/R13,1,1,4,1,3,1,1,3,G1
EPI_ISL_17267146,H5N1/2022/R13,2023.173,G6,Europe,H5N1/2022/R13,1,1,4,1,3,1,1,3,G1
EPI_ISL_17267153,H5N1/2022/R13,2023.184,G6,Europe,H5N1/2022/R13,1,1,4,1,3,1,1,3,G1
EPI_ISL_17710035,H5N1/2022/R13,2023.293,G6,Europe,H5N1/2022/R13,1,1,4,1,3,1,1,3,G1
EPI_ISL_17710052,H5N1/2022/R13,2023.293,G6,Europe,H5N1/2022/R13,1,1,4,1,3,1,1,3,G1
EPI_ISL_17830871,H5N1/2022/R13,2023.293,G6,Europe,H5N1/2022/R13,1,1,4,1,3,1,1,3,G1
EPI_ISL_17830874,H5N1/2022/R13,2023.293,G6,Europe,H5N1/2022/R13,1,1,4,1,3,1,1,3,G1
EPI_ISL_17672077,H5N1/2022/R13,2023.359,G6,Europe,H5N1/2022/R13,1,1,4,1,3,1,1,3,G1
EPI_ISL_18059063,H5N1/2022/R13,2023.529,G6,Europe,H5N1/2022/R13,1,1,4,1,3,1,1,3,G1
EPI_ISL_18058703,H5N1/2022/R13,2023.449,G6,Europe,H5N1/2022/R13,1,1,4,1,3,1,1,3,G1
EPI_ISL_17710020,H5N1/2022/R13,2023.296,G6,Europe,H5N1/2022/R13,1,1,4,1,3,1,1,3,G1
EPI_ISL_18075149,H5N1/2022/R13,2023.186,G6,Europe,H5N1/2022/R13,1,1,4,1,3,1,1,3,G1
EPI_ISL_17982391,H5N1/2022/R13,2023.455,G6,Europe,H5N1/2022/R13,1,1,4,1,3,1,1,3,G1
EPI_ISL_17679742,H5N1/2022/R13,2023.192,G6,Europe,H5N1/2022/R13,1,1,4,1,3,1,1,3,G1
EPI_ISL_17958950,H5N1/2022/R13,2023.441,G6,Europe,H5N1/2022/R13,1,1,4,1,3,1,1,3,G1
EPI_ISL_17584827,H5N1/2022/R13,2023.299,G6,Europe,H5N1/2022/R13,1,1,4,1,3,1,1,3,G1
EPI_ISL_17710024,H5N1/2022/R13,2023.299,G6,Europe,H5N1/2022/R13,1,1,4,1,3,1,1,3,G1
EPI_ISL_18122421,H5N1/2022/R13,2023.532,G6,Europe,H5N1/2022/R13,1,1,4,1,3,1,1,3,G1
EPI_ISL_18033205,H5N1/2022/R13,2023.299,G6,Europe,H5N1/2022/R13,1,1,4,1,3,1,1,3,G1
EPI_ISL_18033206,H5N1/2022/R13,2023.299,G6,Europe,H5N1/2022/R13,1,1,4,1,3,1,1,3,G1
EPI_ISL_17710053,H5N1/2022/R13,2023.301,G6,Europe,H5N1/2022/R13,1,1,4,1,3,1,1,3,G1
EPI_ISL_18122425,H5N1/2022/R13,2023.532,G6,Europe,H5N1/2022/R13,1,1,4,1,3,1,1,3,G1
EPI_ISL_17716780,H5N1/2022/R13,2023.329,G6,Europe,H5N1/2022/R13,1,1,4,1,3,1,1,3,G1
EPI_ISL_17650916,H5N1/2022/R13,2023.31,G6,Europe,H5N1/2022/R13,1,1,4,1,3,1,1,3,G1
EPI_ISL_17650917,H5N1/2022/R13,2023.31,G6,Europe,H5N1/2022/R13,1,1,4,1,3,1,1,3,G1
EPI_ISL_17650918,H5N1/2022/R13,2023.31,G6,Europe,H5N1/2022/R13,1,1,4,1,3,1,1,3,G1
EPI_ISL_17656637,H5N1/2022/R13,2023.353,G6,Europe,H5N1/2022/R13,1,1,4,1,3,1,1,3,G1
EPI_ISL_17982393,H5N1/2022/R13,2023.455,G6,Europe,H5N1/2022/R13,1,1,4,1,3,1,1,3,G1
EPI_ISL_18075770,H5N1/2022/R13,2023.2,G6,Europe,H5N1/2022/R13,1,1,4,1,3,1,1,3,G1
EPI_ISL_18033235,H5N1/2022/R13,2023.408,G6,Europe,H5N1/2022/R13,1,1,4,1,3,1,1,3,G1
EPI_ISL_17470107,H5N1/2022/R13,2023.255,G6,Europe,H5N1/2022/R13,1,1,4,1,3,1,1,3,G1
EPI_ISL_17470108,H5N1/2022/R13,2023.255,G6,Europe,H5N1/2022/R13,1,1,4,1,3,1,1,3,G1
EPI_ISL_17716814,H5N1/2022/R13,2023.31,G6,Europe,H5N1/2022/R13,1,1,4,1,3,1,1,3,G1
EPI_ISL_18075151,H5N1/2022/R13,2023.208,G6,Europe,H5N1/2022/R13,1,1,4,1,3,1,1,3,G1
EPI_ISL_17679736,H5N1/2022/R13,2023.214,G6,Europe,H5N1/2022/R13,1,1,4,1,3,1,1,3,G1
EPI_ISL_17606260,H5N1/2022/R13,2023.219,G6,Europe,H5N1/2022/R13,1,1,4,1,3,1,1,3,G1
EPI_ISL_16507095,H5N1/2022/R13,2022.816,G6,Europe,H5N1/2022/R13,1,1,4,1,3,1,1,3,G1
EPI_ISL_17716815,H5N1/2022/R13,2023.31,G6,Europe,H5N1/2022/R13,1,1,4,1,3,1,1,3,G1
EPI_ISL_17716816,H5N1/2022/R13,2023.31,G6,Europe,H5N1/2022/R13,1,1,4,1,3,1,1,3,G1
EPI_ISL_17774570,H5N1/2022/R13,2023.31,G6,Europe,H5N1/2022/R13,1,1,4,1,3,1,1,3,G1
EPI_ISL_18033209,H5N1/2022/R13,2023.31,G6,Europe,H5N1/2022/R13,1,1,4,1,3,1,1,3,G1
EPI_ISL_15069401,H5N1/2022/R13,2022.611,G6,Europe,H5N1/2022/R13,1,1,4,1,3,1,1,3,G1
EPI_ISL_18033210,H5N1/2022/R13,2023.31,G6,Europe,H5N1/2022/R13,1,1,4,1,3,1,1,3,G1
EPI_ISL_15088296,H5N1/2022/R13,2022.63,G6,Europe,H5N1/2022/R13,1,1,4,1,3,1,1,3,G1
EPI_ISL_18033211,H5N1/2022/R13,2023.31,G6,Europe,H5N1/2022/R13,1,1,4,1,3,1,1,3,G1
EPI_ISL_17710036,H5N1/2022/R13,2023.312,G6,Europe,H5N1/2022/R13,1,1,4,1,3,1,1,3,G1
EPI_ISL_18033208,H5N1/2022/R13,2023.312,G6,Europe,H5N1/2022/R13,1,1,4,1,3,1,1,3,G1
EPI_ISL_18075705,H5N1/2022/R13,2023.312,G6,Europe,H5N1/2022/R13,1,1,4,1,3,1,1,3,G1
EPI_ISL_18075706,H5N1/2022/R13,2023.312,G6,Europe,H5N1/2022/R13,1,1,4,1,3,1,1,3,G1
EPI_ISL_16985112,H5N1/2022/R13,2022.978,G6,Europe,H5N1/2022/R13,1,1,4,1,3,1,1,3,G1
EPI_ISL_17716072,H5N1/2022/R13,2023.318,G6,Europe,H5N1/2022/R13,1,1,4,1,3,1,1,3,G1
EPI_ISL_18033214,H5N1/2022/R13,2023.318,G6,Europe,H5N1/2022/R13,1,1,4,1,3,1,1,3,G1
EPI_ISL_17657734,H5N1/2022/R13,2023.321,G6,Europe,H5N1/2022/R13,1,1,4,1,3,1,1,3,G1
EPI_ISL_17710026,H5N1/2022/R13,2023.321,G6,Europe,H5N1/2022/R13,1,1,4,1,3,1,1,3,G1
EPI_ISL_17710027,H5N1/2022/R13,2023.321,G6,Europe,H5N1/2022/R13,1,1,4,1,3,1,1,3,G1
EPI_ISL_17710043,H5N1/2022/R13,2023.321,G6,Europe,H5N1/2022/R13,1,1,4,1,3,1,1,3,G1
EPI_ISL_18033213,H5N1/2022/R13,2023.321,G6,Europe,H5N1/2022/R13,1,1,4,1,3,1,1,3,G1
EPI_ISL_18033216,H5N1/2022/R13,2023.321,G6,Europe,H5N1/2022/R13,1,1,4,1,3,1,1,3,G1
EPI_ISL_17626169,H5N1/2022/R13,2023.323,G6,Europe,H5N1/2022/R13,1,1,4,1,3,1,1,3,G1
EPI_ISL_17626170,H5N1/2022/R13,2023.323,G6,Europe,H5N1/2022/R13,1,1,4,1,3,1,1,3,G1
EPI_ISL_17626171,H5N1/2022/R13,2023.326,G6,Europe,H5N1/2022/R13,1,1,4,1,3,1,1,3,G1
EPI_ISL_18033215,H5N1/2022/R13,2023.326,G6,Europe,H5N1/2022/R13,1,1,4,1,3,1,1,3,G1
EPI_ISL_18161874,H5N1/2022/R13,2023.512,G6,Europe,H5N1/2022/R13,1,1,4,1,3,1,1,3,G1
EPI_ISL_17791392,H5N1/2022/R13,2023.329,G6,Europe,H5N1/2022/R13,1,1,4,1,3,1,1,3,G1
EPI_ISL_18033218,H5N1/2022/R13,2023.329,G6,Europe,H5N1/2022/R13,1,1,4,1,3,1,1,3,G1
EPI_ISL_17650920,H5N1/2022/R13,2023.332,G6,Europe,H5N1/2022/R13,1,1,4,1,3,1,1,3,G1
EPI_ISL_17650919,H5N1/2022/R13,2023.31,G6,Europe,H5N1/2022/R13,1,1,4,1,3,1,1,3,G1
EPI_ISL_17774062,H5N1/2022/R13,2023.2,G6,Europe,H5N1/2022/R13,1,1,4,1,3,1,1,3,G1
EPI_ISL_17716810,H5N1/2022/R13,2023.31,G6,Europe,H5N1/2022/R13,1,1,4,1,3,1,1,3,G1
EPI_ISL_18122427,H5N1/2022/R13,2023.54,G6,Europe,H5N1/2022/R13,1,1,4,1,3,1,1,3,G1
EPI_ISL_17716812,H5N1/2022/R13,2023.31,G6,Europe,H5N1/2022/R13,1,1,4,1,3,1,1,3,G1
EPI_ISL_17716813,H5N1/2022/R13,2023.31,G6,Europe,H5N1/2022/R13,1,1,4,1,3,1,1,3,G1
EPI_ISL_17650921,H5N1/2022/R13,2023.332,G6,Europe,H5N1/2022/R13,1,1,4,1,3,1,1,3,G1
EPI_ISL_17710029,H5N1/2022/R13,2023.332,G6,Europe,H5N1/2022/R13,1,1,4,1,3,1,1,3,G1
EPI_ISL_18033217,H5N1/2022/R13,2023.332,G6,Europe,H5N1/2022/R13,1,1,4,1,3,1,1,3,G1
EPI_ISL_17710045,H5N1/2022/R13,2023.334,G6,Europe,H5N1/2022/R13,1,1,4,1,3,1,1,3,G1
EPI_ISL_17710047,H5N1/2022/R13,2023.334,G6,Europe,H5N1/2022/R13,1,1,4,1,3,1,1,3,G1
EPI_ISL_17710048,H5N1/2022/R13,2023.334,G6,Europe,H5N1/2022/R13,1,1,4,1,3,1,1,3,G1
EPI_ISL_17710055,H5N1/2022/R13,2023.334,G6,Europe,H5N1/2022/R13,1,1,4,1,3,1,1,3,G1
EPI_ISL_17716074,H5N1/2022/R13,2023.334,G6,Europe,H5N1/2022/R13,1,1,4,1,3,1,1,3,G1
EPI_ISL_17716817,H5N1/2022/R13,2023.334,G6,Europe,H5N1/2022/R13,1,1,4,1,3,1,1,3,G1
EPI_ISL_17716818,H5N1/2022/R13,2023.334,G6,Europe,H5N1/2022/R13,1,1,4,1,3,1,1,3,G1
EPI_ISL_17716819,H5N1/2022/R13,2023.334,G6,Europe,H5N1/2022/R13,1,1,4,1,3,1,1,3,G1
EPI_ISL_17716075,H5N1/2022/R13,2023.34,G6,Europe,H5N1/2022/R13,1,1,4,1,3,1,1,3,G1
EPI_ISL_17716077,H5N1/2022/R13,2023.34,G6,Europe,H5N1/2022/R13,1,1,4,1,3,1,1,3,G1
EPI_ISL_17584811,H5N1/2022/R13,2023.274,G6,Europe,H5N1/2022/R13,1,1,4,1,3,1,1,3,G1
EPI_ISL_17584812,H5N1/2022/R13,2023.274,G6,Europe,H5N1/2022/R13,1,1,4,1,3,1,1,3,G1
EPI_ISL_17716822,H5N1/2022/R13,2023.34,G6,Europe,H5N1/2022/R13,1,1,4,1,3,1,1,3,G1
EPI_ISL_18059552,H5N1/2022/R13,2023.501,G6,Europe,H5N1/2022/R13,1,1,4,1,3,1,1,3,G1
EPI_ISL_17780485,H5N1/2022/R13,2023.34,G6,Europe,H5N1/2022/R13,1,1,4,1,3,1,1,3,G1
EPI_ISL_18075711,H5N1/2022/R13,2023.416,G6,Europe,H5N1/2022/R13,1,1,4,1,3,1,1,3,G1
EPI_ISL_18075712,H5N1/2022/R13,2023.416,G6,Europe,H5N1/2022/R13,1,1,4,1,3,1,1,3,G1
EPI_ISL_17821073,H5N1/2022/R13,2023.419,G6,Europe,H5N1/2022/R13,1,1,4,1,3,1,1,3,G1
EPI_ISL_17884627,H5N1/2022/R13,2023.34,G6,Europe,H5N1/2022/R13,1,1,4,1,3,1,1,3,G1
EPI_ISL_17996133,H5N1/2022/R13,2023.422,G6,Europe,H5N1/2022/R13,1,1,4,1,3,1,1,3,G1
EPI_ISL_18033219,H5N1/2022/R13,2023.34,G6,Europe,H5N1/2022/R13,1,1,4,1,3,1,1,3,G1
EPI_ISL_18033221,H5N1/2022/R13,2023.34,G6,Europe,H5N1/2022/R13,1,1,4,1,3,1,1,3,G1
EPI_ISL_18033222,H5N1/2022/R13,2023.34,G6,Europe,H5N1/2022/R13,1,1,4,1,3,1,1,3,G1
EPI_ISL_17736649,H5N1/2022/R13,2023.342,G6,Europe,H5N1/2022/R13,1,1,4,1,3,1,1,3,G1
EPI_ISL_17831040,H5N1/2022/R13,2023.345,G6,Europe,H5N1/2022/R13,1,1,4,1,3,1,1,3,G1
EPI_ISL_17710030,H5N1/2022/R13,2023.348,G6,Europe,H5N1/2022/R13,1,1,4,1,3,1,1,3,G1
EPI_ISL_15585748,H5N1/2022/R13,2022.756,G6,Europe,H5N1/2022/R13,1,1,4,1,3,1,1,3,G1
EPI_ISL_17985402,H5N1/2022/R13,2023.455,G6,Europe,H5N1/2022/R13,1,1,4,1,3,1,1,3,G1
EPI_ISL_18033220,H5N1/2022/R13,2023.348,G6,Europe,H5N1/2022/R13,1,1,4,1,3,1,1,3,G1
EPI_ISL_18033231,H5N1/2022/R13,2023.348,G6,Europe,H5N1/2022/R13,1,1,4,1,3,1,1,3,G1
EPI_ISL_17831138,H5N1/2022/R13,2023.351,G6,Europe,H5N1/2022/R13,1,1,4,1,3,1,1,3,G1
EPI_ISL_17831139,H5N1/2022/R13,2023.351,G6,Europe,H5N1/2022/R13,1,1,4,1,3,1,1,3,G1
EPI_ISL_17716065,H5N1/2022/R13,2023.197,G6,Europe,H5N1/2022/R13,1,1,4,1,3,1,1,3,G1
EPI_ISL_17710050,H5N1/2022/R13,2023.279,G6,Europe,H5N1/2022/R13,1,1,4,1,3,1,1,3,G1
EPI_ISL_13782459,H5N1/2022/R13,2022.452,G6,Europe,H5N1/2022/R13,1,1,4,1,3,1,1,3,G1
EPI_ISL_14494796,H5N1/2022/R13,2022.455,G6,Europe,H5N1/2022/R13,1,1,4,1,3,1,1,3,G1
EPI_ISL_18122443,H5N1/2022/R13,2023.559,G6,Europe,H5N1/2022/R13,1,1,4,1,3,1,1,3,G1
EPI_ISL_17710034,H5N1/2022/R13,2023.282,G6,Europe,H5N1/2022/R13,1,1,4,1,3,1,1,3,G1
EPI_ISL_17774224,H5N1/2022/R13,2023.282,G6,Europe,H5N1/2022/R13,1,1,4,1,3,1,1,3,G1
EPI_ISL_18075716,H5N1/2022/R13,2023.43,G6,Europe,H5N1/2022/R13,1,1,4,1,3,1,1,3,G1
EPI_ISL_18075144,H5N1/2022/R13,2023.178,G6,Europe,H5N1/2022/R13,1,1,4,1,3,1,1,3,G1
EPI_ISL_18075717,H5N1/2022/R13,2023.43,G6,Europe,H5N1/2022/R13,1,1,4,1,3,1,1,3,G1
EPI_ISL_18075731,H5N1/2022/R13,2023.178,G6,Europe,H5N1/2022/R13,1,1,4,1,3,1,1,3,G1
EPI_ISL_17982387,H5N1/2022/R13,2023.436,G6,Europe,H5N1/2022/R13,1,1,4,1,3,1,1,3,G1
EPI_ISL_18033225,H5N1/2022/R13,2023.353,G6,Europe,H5N1/2022/R13,1,1,4,1,3,1,1,3,G1
EPI_ISL_18033226,H5N1/2022/R13,2023.353,G6,Europe,H5N1/2022/R13,1,1,4,1,3,1,1,3,G1
EPI_ISL_18033227,H5N1/2022/R13,2023.353,G6,Europe,H5N1/2022/R13,1,1,4,1,3,1,1,3,G1
EPI_ISL_17716824,H5N1/2022/R13,2023.356,G6,Europe,H5N1/2022/R13,1,1,4,1,3,1,1,3,G1
EPI_ISL_18131280,H5N1/2022/R13,2023.589,G6,Europe,H5N1/2022/R13,1,1,4,1,3,1,1,3,G1
EPI_ISL_17831133,H5N1/2022/R13,2023.356,G6,Europe,H5N1/2022/R13,1,1,4,1,3,1,1,3,G1
EPI_ISL_18033228,H5N1/2022/R13,2023.356,G6,Europe,H5N1/2022/R13,1,1,4,1,3,1,1,3,G1
EPI_ISL_18033229,H5N1/2022/R13,2023.356,G6,Europe,H5N1/2022/R13,1,1,4,1,3,1,1,3,G1
EPI_ISL_18033230,H5N1/2022/R13,2023.356,G6,Europe,H5N1/2022/R13,1,1,4,1,3,1,1,3,G1
EPI_ISL_18059061,H5N1/2022/R13,2023.529,G6,Europe,H5N1/2022/R13,1,1,4,1,3,1,1,3,G1
EPI_ISL_18010497,H5N1/2022/R13,2023.447,G6,Europe,H5N1/2022/R13,1,1,4,1,3,1,1,3,G1
EPI_ISL_17780482,H5N1/2022/R13,2023.378,G6,Europe,H5N1/2022/R13,1,1,4,1,3,1,1,3,G1
EPI_ISL_18075719,H5N1/2022/R13,2023.452,G6,Europe,H5N1/2022/R13,1,1,4,1,3,1,1,3,G1
EPI_ISL_17982390,H5N1/2022/R13,2023.455,G6,Europe,H5N1/2022/R13,1,1,4,1,3,1,1,3,G1
EPI_ISL_18059066,H5N1/2022/R13,2023.529,G6,Europe,H5N1/2022/R13,1,1,4,1,3,1,1,3,G1
EPI_ISL_17982392,H5N1/2022/R13,2023.455,G6,Europe,H5N1/2022/R13,1,1,4,1,3,1,1,3,G1
EPI_ISL_18011064,H5N1/2022/R13,2023.532,G6,Europe,H5N1/2022/R13,1,1,4,1,3,1,1,3,G1
EPI_ISL_17985396,H5N1/2022/R13,2023.455,G6,Europe,H5N1/2022/R13,1,1,4,1,3,1,1,3,G1
EPI_ISL_17985397,H5N1/2022/R13,2023.455,G6,Europe,H5N1/2022/R13,1,1,4,1,3,1,1,3,G1
EPI_ISL_17985398,H5N1/2022/R13,2023.455,G6,Europe,H5N1/2022/R13,1,1,4,1,3,1,1,3,G1
EPI_ISL_17985399,H5N1/2022/R13,2023.455,G6,Europe,H5N1/2022/R13,1,1,4,1,3,1,1,3,G1
EPI_ISL_18058689,H5N1/2022/R13,2023.359,G6,Europe,H5N1/2022/R13,1,1,4,1,3,1,1,3,G1
EPI_ISL_17985401,H5N1/2022/R13,2023.455,G6,Europe,H5N1/2022/R13,1,1,4,1,3,1,1,3,G1
EPI_ISL_17821078,H5N1/2022/R13,2023.397,G6,Europe,H5N1/2022/R13,1,1,4,1,3,1,1,3,G1
EPI_ISL_17884625,H5N1/2022/R13,2023.397,G6,Europe,H5N1/2022/R13,1,1,4,1,3,1,1,3,G1
EPI_ISL_17996130,H5N1/2022/R13,2023.455,G6,Europe,H5N1/2022/R13,1,1,4,1,3,1,1,3,G1
EPI_ISL_17996131,H5N1/2022/R13,2023.455,G6,Europe,H5N1/2022/R13,1,1,4,1,3,1,1,3,G1
EPI_ISL_17996132,H5N1/2022/R13,2023.455,G6,Europe,H5N1/2022/R13,1,1,4,1,3,1,1,3,G1
EPI_ISL_18033223,H5N1/2022/R13,2023.351,G6,Europe,H5N1/2022/R13,1,1,4,1,3,1,1,3,G1
EPI_ISL_17716827,H5N1/2022/R13,2023.367,G6,Europe,H5N1/2022/R13,1,1,4,1,3,1,1,3,G1
EPI_ISL_17716828,H5N1/2022/R13,2023.367,G6,Europe,H5N1/2022/R13,1,1,4,1,3,1,1,3,G1
EPI_ISL_18010406,H5N1/2022/R13,2023.367,G6,Europe,H5N1/2022/R13,1,1,4,1,3,1,1,3,G1
EPI_ISL_17831137,H5N1/2022/R13,2023.37,G6,Europe,H5N1/2022/R13,1,1,4,1,3,1,1,3,G1
EPI_ISL_18033233,H5N1/2022/R13,2023.37,G6,Europe,H5N1/2022/R13,1,1,4,1,3,1,1,3,G1
EPI_ISL_17732338,H5N1/2022/R13,2023.373,G6,Europe,H5N1/2022/R13,1,1,4,1,3,1,1,3,G1
EPI_ISL_18123722,H5N1/2022/R13,2023.54,G6,Europe,H5N1/2022/R13,1,1,4,1,3,1,1,3,G1
EPI_ISL_17985407,H5N1/2022/R13,2023.466,G6,Europe,H5N1/2022/R13,1,1,4,1,3,1,1,3,G1
EPI_ISL_17780484,H5N1/2022/R13,2023.373,G6,Europe,H5N1/2022/R13,1,1,4,1,3,1,1,3,G1
EPI_ISL_17985409,H5N1/2022/R13,2023.466,G6,Europe,H5N1/2022/R13,1,1,4,1,3,1,1,3,G1
EPI_ISL_18122432,H5N1/2022/R13,2023.542,G6,Europe,H5N1/2022/R13,1,1,4,1,3,1,1,3,G1
EPI_ISL_17831136,H5N1/2022/R13,2023.373,G6,Europe,H5N1/2022/R13,1,1,4,1,3,1,1,3,G1
EPI_ISL_18065329,H5N1/2022/R13,2023.466,G6,Europe,H5N1/2022/R13,1,1,4,1,3,1,1,3,G1
EPI_ISL_18033237,H5N1/2022/R13,2023.375,G6,Europe,H5N1/2022/R13,1,1,4,1,3,1,1,3,G1
EPI_ISL_17780474,H5N1/2022/R13,2023.378,G6,Europe,H5N1/2022/R13,1,1,4,1,3,1,1,3,G1
EPI_ISL_17780475,H5N1/2022/R13,2023.378,G6,Europe,H5N1/2022/R13,1,1,4,1,3,1,1,3,G1
EPI_ISL_17780476,H5N1/2022/R13,2023.378,G6,Europe,H5N1/2022/R13,1,1,4,1,3,1,1,3,G1
EPI_ISL_17780477,H5N1/2022/R13,2023.378,G6,Europe,H5N1/2022/R13,1,1,4,1,3,1,1,3,G1
EPI_ISL_17409677,H5N1/2022/R13,2023.233,G6,Europe,H5N1/2022/R13,1,1,4,1,3,1,1,3,G1
EPI_ISL_17780479,H5N1/2022/R13,2023.378,G6,Europe,H5N1/2022/R13,1,1,4,1,3,1,1,3,G1
EPI_ISL_17780480,H5N1/2022/R13,2023.378,G6,Europe,H5N1/2022/R13,1,1,4,1,3,1,1,3,G1
EPI_ISL_17780481,H5N1/2022/R13,2023.378,G6,Europe,H5N1/2022/R13,1,1,4,1,3,1,1,3,G1
EPI_ISL_18075710,H5N1/2022/R13,2023.416,G6,Europe,H5N1/2022/R13,1,1,4,1,3,1,1,3,G1
EPI_ISL_17606757,H5N1/2022/R13,2023.238,G6,Europe,H5N1/2022/R13,1,1,4,1,3,1,1,3,G1
EPI_ISL_18075707,H5N1/2022/R13,2023.381,G6,Europe,H5N1/2022/R13,1,1,4,1,3,1,1,3,G1
EPI_ISL_17880914,H5N1/2022/R13,2023.238,G6,Europe,H5N1/2022/R13,1,1,4,1,3,1,1,3,G1
EPI_ISL_17821057,H5N1/2022/R13,2023.386,G6,Europe,H5N1/2022/R13,1,1,4,1,3,1,1,3,G1
EPI_ISL_17791552,H5N1/2022/R13,2023.389,G6,Europe,H5N1/2022/R13,1,1,4,1,3,1,1,3,G1
EPI_ISL_18058694,H5N1/2022/R13,2023.389,G6,Europe,H5N1/2022/R13,1,1,4,1,3,1,1,3,G1
EPI_ISL_17821064,H5N1/2022/R13,2023.392,G6,Europe,H5N1/2022/R13,1,1,4,1,3,1,1,3,G1
EPI_ISL_17821065,H5N1/2022/R13,2023.392,G6,Europe,H5N1/2022/R13,1,1,4,1,3,1,1,3,G1
EPI_ISL_17821079,H5N1/2022/R13,2023.392,G6,Europe,H5N1/2022/R13,1,1,4,1,3,1,1,3,G1
EPI_ISL_17971921,H5N1/2022/R13,2023.395,G6,Europe,H5N1/2022/R13,1,1,4,1,3,1,1,3,G1
EPI_ISL_17821069,H5N1/2022/R13,2023.397,G6,Europe,H5N1/2022/R13,1,1,4,1,3,1,1,3,G1
EPI_ISL_18076031,H5N1/2022/R13,2023.512,G6,Europe,H5N1/2022/R13,1,1,4,1,3,1,1,3,G1
EPI_ISL_17710040,H5N1/2022/R13,2023.348,G6,Europe,H5N1/2022/R13,1,1,4,1,3,1,1,3,G1
EPI_ISL_17821059,H5N1/2022/R13,2023.403,G6,Europe,H5N1/2022/R13,1,1,4,1,3,1,1,3,G1
EPI_ISL_17821071,H5N1/2022/R13,2023.403,G6,Europe,H5N1/2022/R13,1,1,4,1,3,1,1,3,G1
EPI_ISL_17821076,H5N1/2022/R13,2023.403,G6,Europe,H5N1/2022/R13,1,1,4,1,3,1,1,3,G1
EPI_ISL_17716826,H5N1/2022/R13,2023.367,G6,Europe,H5N1/2022/R13,1,1,4,1,3,1,1,3,G1
EPI_ISL_17971919,H5N1/2022/R13,2023.403,G6,Europe,H5N1/2022/R13,1,1,4,1,3,1,1,3,G1
EPI_ISL_17971920,H5N1/2022/R13,2023.403,G6,Europe,H5N1/2022/R13,1,1,4,1,3,1,1,3,G1
EPI_ISL_17971922,H5N1/2022/R13,2023.408,G6,Europe,H5N1/2022/R13,1,1,4,1,3,1,1,3,G1
EPI_ISL_17971923,H5N1/2022/R13,2023.408,G6,Europe,H5N1/2022/R13,1,1,4,1,3,1,1,3,G1
EPI_ISL_17470106,H5N1/2022/R13,2023.255,G6,Europe,H5N1/2022/R13,1,1,4,1,3,1,1,3,G1
EPI_ISL_18065346,H5N1/2022/R13,2023.49,G6,Europe,H5N1/2022/R13,1,1,4,1,3,1,1,3,G1
EPI_ISL_18075708,H5N1/2022/R13,2023.408,G6,Europe,H5N1/2022/R13,1,1,4,1,3,1,1,3,G1
EPI_ISL_18033239,H5N1/2022/R13,2023.411,G6,Europe,H5N1/2022/R13,1,1,4,1,3,1,1,3,G1
EPI_ISL_18033242,H5N1/2022/R13,2023.411,G6,Europe,H5N1/2022/R13,1,1,4,1,3,1,1,3,G1
EPI_ISL_17821063,H5N1/2022/R13,2023.414,G6,Europe,H5N1/2022/R13,1,1,4,1,3,1,1,3,G1
EPI_ISL_18013311,H5N1/2022/R13,2023.414,G6,Europe,H5N1/2022/R13,1,1,4,1,3,1,1,3,G1
EPI_ISL_18013312,H5N1/2022/R13,2023.414,G6,Europe,H5N1/2022/R13,1,1,4,1,3,1,1,3,G1
EPI_ISL_18010927,H5N1/2022/R13,2023.493,G6,Europe,H5N1/2022/R13,1,1,4,1,3,1,1,3,G1
EPI_ISL_17821066,H5N1/2022/R13,2023.416,G6,Europe,H5N1/2022/R13,1,1,4,1,3,1,1,3,G1
EPI_ISL_17821067,H5N1/2022/R13,2023.416,G6,Europe,H5N1/2022/R13,1,1,4,1,3,1,1,3,G1
EPI_ISL_17821075,H5N1/2022/R13,2023.416,G6,Europe,H5N1/2022/R13,1,1,4,1,3,1,1,3,G1
EPI_ISL_18010489,H5N1/2022/R13,2023.416,G6,Europe,H5N1/2022/R13,1,1,4,1,3,1,1,3,G1
EPI_ISL_18010492,H5N1/2022/R13,2023.416,G6,Europe,H5N1/2022/R13,1,1,4,1,3,1,1,3,G1
EPI_ISL_17716820,H5N1/2022/R13,2023.34,G6,Europe,H5N1/2022/R13,1,1,4,1,3,1,1,3,G1
EPI_ISL_17716821,H5N1/2022/R13,2023.34,G6,Europe,H5N1/2022/R13,1,1,4,1,3,1,1,3,G1
EPI_ISL_17267143,H5N1/2022/R13,2023.162,G6,Europe,H5N1/2022/R13,1,1,4,1,3,1,1,3,G1
EPI_ISL_18131276,H5N1/2022/R13,2023.586,G6,Europe,H5N1/2022/R13,1,1,4,1,3,1,1,3,G1
EPI_ISL_18059062,H5N1/2022/R13,2023.529,G6,Europe,H5N1/2022/R13,1,1,4,1,3,1,1,3,G1
EPI_ISL_18059050,H5N1/2022/R13,2023.504,G6,Europe,H5N1/2022/R13,1,1,4,1,3,1,1,3,G1
EPI_ISL_18112325,H5N1/2022/R13,2023.504,G6,Europe,H5N1/2022/R13,1,1,4,1,3,1,1,3,G1
EPI_ISL_18010933,H5N1/2022/R13,2023.51,G6,Europe,H5N1/2022/R13,1,1,4,1,3,1,1,3,G1
EPI_ISL_17821074,H5N1/2022/R13,2023.419,G6,Europe,H5N1/2022/R13,1,1,4,1,3,1,1,3,G1
EPI_ISL_18112328,H5N1/2022/R13,2023.529,G6,Europe,H5N1/2022/R13,1,1,4,1,3,1,1,3,G1
EPI_ISL_18010407,H5N1/2022/R13,2023.425,G6,Europe,H5N1/2022/R13,1,1,4,1,3,1,1,3,G1
EPI_ISL_18010487,H5N1/2022/R13,2023.425,G6,Europe,H5N1/2022/R13,1,1,4,1,3,1,1,3,G1
EPI_ISL_18013310,H5N1/2022/R13,2023.425,G6,Europe,H5N1/2022/R13,1,1,4,1,3,1,1,3,G1
EPI_ISL_18058692,H5N1/2022/R13,2023.425,G6,Europe,H5N1/2022/R13,1,1,4,1,3,1,1,3,G1
EPI_ISL_18058695,H5N1/2022/R13,2023.425,G6,Europe,H5N1/2022/R13,1,1,4,1,3,1,1,3,G1
EPI_ISL_18075713,H5N1/2022/R13,2023.425,G6,Europe,H5N1/2022/R13,1,1,4,1,3,1,1,3,G1
EPI_ISL_18122423,H5N1/2022/R13,2023.532,G6,Europe,H5N1/2022/R13,1,1,4,1,3,1,1,3,G1
EPI_ISL_18122424,H5N1/2022/R13,2023.532,G6,Europe,H5N1/2022/R13,1,1,4,1,3,1,1,3,G1
EPI_ISL_18011225,H5N1/2022/R13,2023.515,G6,Europe,H5N1/2022/R13,1,1,4,1,3,1,1,3,G1
EPI_ISL_18011226,H5N1/2022/R13,2023.515,G6,Europe,H5N1/2022/R13,1,1,4,1,3,1,1,3,G1
EPI_ISL_18075714,H5N1/2022/R13,2023.425,G6,Europe,H5N1/2022/R13,1,1,4,1,3,1,1,3,G1
EPI_ISL_15878541,H5N1/2022/R13,2022.795,G6,Europe,H5N1/2022/R13,1,1,4,1,3,1,1,3,G1
EPI_ISL_18075141,H5N1/2022/R13,2023.178,G6,Europe,H5N1/2022/R13,1,1,4,1,3,1,1,3,G1
EPI_ISL_17710049,H5N1/2022/R13,2023.279,G6,Europe,H5N1/2022/R13,1,1,4,1,3,1,1,3,G1
EPI_ISL_17625763,H5N1/2022/R13,2023.282,G6,Europe,H5N1/2022/R13,1,1,4,1,3,1,1,3,G1
EPI_ISL_17679730,H5N1/2022/R13,2023.282,G6,Europe,H5N1/2022/R13,1,1,4,1,3,1,1,3,G1
EPI_ISL_17710031,H5N1/2022/R13,2023.282,G6,Europe,H5N1/2022/R13,1,1,4,1,3,1,1,3,G1
EPI_ISL_18011223,H5N1/2022/R13,2023.521,G6,Europe,H5N1/2022/R13,1,1,4,1,3,1,1,3,G1
EPI_ISL_18122418,H5N1/2022/R13,2023.521,G6,Europe,H5N1/2022/R13,1,1,4,1,3,1,1,3,G1
EPI_ISL_18122420,H5N1/2022/R13,2023.521,G6,Europe,H5N1/2022/R13,1,1,4,1,3,1,1,3,G1
EPI_ISL_18059056,H5N1/2022/R13,2023.523,G6,Europe,H5N1/2022/R13,1,1,4,1,3,1,1,3,G1
EPI_ISL_17985408,H5N1/2022/R13,2023.466,G6,Europe,H5N1/2022/R13,1,1,4,1,3,1,1,3,G1
EPI_ISL_18112326,H5N1/2022/R13,2023.523,G6,Europe,H5N1/2022/R13,1,1,4,1,3,1,1,3,G1
EPI_ISL_18112327,H5N1/2022/R13,2023.523,G6,Europe,H5N1/2022/R13,1,1,4,1,3,1,1,3,G1
EPI_ISL_18112329,H5N1/2022/R13,2023.523,G6,Europe,H5N1/2022/R13,1,1,4,1,3,1,1,3,G1
EPI_ISL_17982383,H5N1/2022/R13,2023.438,G6,Europe,H5N1/2022/R13,1,1,4,1,3,1,1,3,G1
EPI_ISL_17958948,H5N1/2022/R13,2023.441,G6,Europe,H5N1/2022/R13,1,1,4,1,3,1,1,3,G1
EPI_ISL_18131279,H5N1/2022/R13,2023.589,G6,Europe,H5N1/2022/R13,1,1,4,1,3,1,1,3,G1
EPI_ISL_17710042,H5N1/2022/R13,2023.29,G6,Europe,H5N1/2022/R13,1,1,4,1,3,1,1,3,G1
EPI_ISL_17958951,H5N1/2022/R13,2023.441,G6,Europe,H5N1/2022/R13,1,1,4,1,3,1,1,3,G1
EPI_ISL_17958952,H5N1/2022/R13,2023.441,G6,Europe,H5N1/2022/R13,1,1,4,1,3,1,1,3,G1
EPI_ISL_18059059,H5N1/2022/R13,2023.529,G6,Europe,H5N1/2022/R13,1,1,4,1,3,1,1,3,G1
EPI_ISL_17982388,H5N1/2022/R13,2023.444,G6,Europe,H5N1/2022/R13,1,1,4,1,3,1,1,3,G1
EPI_ISL_17996136,H5N1/2022/R13,2023.474,G6,Europe,H5N1/2022/R13,1,1,4,1,3,1,1,3,G1
EPI_ISL_18058688,H5N1/2022/R13,2023.236,G6,Europe,H5N1/2022/R13,1,1,4,1,3,1,1,3,G1
EPI_ISL_17547365,H5N1/2022/R13,2023.238,G6,Europe,H5N1/2022/R13,1,1,4,1,3,1,1,3,G1
EPI_ISL_18059064,H5N1/2022/R13,2023.529,G6,Europe,H5N1/2022/R13,1,1,4,1,3,1,1,3,G1
EPI_ISL_18059065,H5N1/2022/R13,2023.529,G6,Europe,H5N1/2022/R13,1,1,4,1,3,1,1,3,G1
EPI_ISL_18123944,H5N1/2022/R13,2023.548,G6,Europe,H5N1/2022/R13,1,1,4,1,3,1,1,3,G1
EPI_ISL_17521022,H5N1/2022/R13,2023.241,G6,Europe,H5N1/2022/R13,1,1,4,1,3,1,1,3,G1
EPI_ISL_17521023,H5N1/2022/R13,2023.241,G6,Europe,H5N1/2022/R13,1,1,4,1,3,1,1,3,G1
EPI_ISL_18011065,H5N1/2022/R13,2023.532,G6,Europe,H5N1/2022/R13,1,1,4,1,3,1,1,3,G1
EPI_ISL_18011066,H5N1/2022/R13,2023.532,G6,Europe,H5N1/2022/R13,1,1,4,1,3,1,1,3,G1
EPI_ISL_18059058,H5N1/2022/R13,2023.532,G6,Europe,H5N1/2022/R13,1,1,4,1,3,1,1,3,G1
EPI_ISL_17547369,H5N1/2022/R13,2023.241,G6,Europe,H5N1/2022/R13,1,1,4,1,3,1,1,3,G1
EPI_ISL_17679745,H5N1/2022/R13,2023.195,G6,Europe,H5N1/2022/R13,1,1,4,1,3,1,1,3,G1
EPI_ISL_18010932,H5N1/2022/R13,2023.477,G6,Europe,H5N1/2022/R13,1,1,4,1,3,1,1,3,G1
EPI_ISL_18065337,H5N1/2022/R13,2023.477,G6,Europe,H5N1/2022/R13,1,1,4,1,3,1,1,3,G1
EPI_ISL_18076009,H5N1/2022/R13,2023.477,G6,Europe,H5N1/2022/R13,1,1,4,1,3,1,1,3,G1
EPI_ISL_18122426,H5N1/2022/R13,2023.532,G6,Europe,H5N1/2022/R13,1,1,4,1,3,1,1,3,G1
EPI_ISL_18011094,H5N1/2022/R13,2023.54,G6,Europe,H5N1/2022/R13,1,1,4,1,3,1,1,3,G1
EPI_ISL_18011100,H5N1/2022/R13,2023.54,G6,Europe,H5N1/2022/R13,1,1,4,1,3,1,1,3,G1
EPI_ISL_17985404,H5N1/2022/R13,2023.46,G6,Europe,H5N1/2022/R13,1,1,4,1,3,1,1,3,G1
EPI_ISL_17985405,H5N1/2022/R13,2023.46,G6,Europe,H5N1/2022/R13,1,1,4,1,3,1,1,3,G1
EPI_ISL_17679729,H5N1/2022/R13,2023.31,G6,Europe,H5N1/2022/R13,1,1,4,1,3,1,1,3,G1
EPI_ISL_18112332,H5N1/2022/R13,2023.54,G6,Europe,H5N1/2022/R13,1,1,4,1,3,1,1,3,G1
EPI_ISL_18075725,H5N1/2022/R13,2023.463,G6,Europe,H5N1/2022/R13,1,1,4,1,3,1,1,3,G1
EPI_ISL_18076016,H5N1/2022/R13,2023.463,G6,Europe,H5N1/2022/R13,1,1,4,1,3,1,1,3,G1
EPI_ISL_17985395,H5N1/2022/R13,2023.466,G6,Europe,H5N1/2022/R13,1,1,4,1,3,1,1,3,G1
EPI_ISL_18010916,H5N1/2022/R13,2023.493,G6,Europe,H5N1/2022/R13,1,1,4,1,3,1,1,3,G1
EPI_ISL_18059067,H5N1/2022/R13,2023.542,G6,Europe,H5N1/2022/R13,1,1,4,1,3,1,1,3,G1
EPI_ISL_17626172,H5N1/2022/R13,2023.255,G6,Europe,H5N1/2022/R13,1,1,4,1,3,1,1,3,G1
EPI_ISL_18122431,H5N1/2022/R13,2023.542,G6,Europe,H5N1/2022/R13,1,1,4,1,3,1,1,3,G1
EPI_ISL_18010920,H5N1/2022/R13,2023.493,G6,Europe,H5N1/2022/R13,1,1,4,1,3,1,1,3,G1
EPI_ISL_17996137,H5N1/2022/R13,2023.466,G6,Europe,H5N1/2022/R13,1,1,4,1,3,1,1,3,G1
EPI_ISL_18123938,H5N1/2022/R13,2023.542,G6,Europe,H5N1/2022/R13,1,1,4,1,3,1,1,3,G1
EPI_ISL_18065330,H5N1/2022/R13,2023.466,G6,Europe,H5N1/2022/R13,1,1,4,1,3,1,1,3,G1
EPI_ISL_18075722,H5N1/2022/R13,2023.466,G6,Europe,H5N1/2022/R13,1,1,4,1,3,1,1,3,G1
EPI_ISL_17409675,H5N1/2022/R13,2023.225,G6,Europe,H5N1/2022/R13,1,1,4,1,3,1,1,3,G1
EPI_ISL_17564773,H5N1/2022/R13,2023.227,G6,Europe,H5N1/2022/R13,1,1,4,1,3,1,1,3,G1
EPI_ISL_17564792,H5N1/2022/R13,2023.227,G6,Europe,H5N1/2022/R13,1,1,4,1,3,1,1,3,G1
EPI_ISL_18122442,H5N1/2022/R13,2023.548,G6,Europe,H5N1/2022/R13,1,1,4,1,3,1,1,3,G1
EPI_ISL_17409678,H5N1/2022/R13,2023.233,G6,Europe,H5N1/2022/R13,1,1,4,1,3,1,1,3,G1
EPI_ISL_18059048,H5N1/2022/R13,2023.501,G6,Europe,H5N1/2022/R13,1,1,4,1,3,1,1,3,G1
EPI_ISL_18013308,H5N1/2022/R13,2023.416,G6,Europe,H5N1/2022/R13,1,1,4,1,3,1,1,3,G1
EPI_ISL_18076011,H5N1/2022/R13,2023.501,G6,Europe,H5N1/2022/R13,1,1,4,1,3,1,1,3,G1
EPI_ISL_18123932,H5N1/2022/R13,2023.548,G6,Europe,H5N1/2022/R13,1,1,4,1,3,1,1,3,G1
EPI_ISL_17606758,H5N1/2022/R13,2023.238,G6,Europe,H5N1/2022/R13,1,1,4,1,3,1,1,3,G1
EPI_ISL_18123943,H5N1/2022/R13,2023.548,G6,Europe,H5N1/2022/R13,1,1,4,1,3,1,1,3,G1
EPI_ISL_18059049,H5N1/2022/R13,2023.51,G6,Europe,H5N1/2022/R13,1,1,4,1,3,1,1,3,G1
EPI_ISL_18123945,H5N1/2022/R13,2023.548,G6,Europe,H5N1/2022/R13,1,1,4,1,3,1,1,3,G1
EPI_ISL_17547366,H5N1/2022/R13,2023.241,G6,Europe,H5N1/2022/R13,1,1,4,1,3,1,1,3,G1
EPI_ISL_17547367,H5N1/2022/R13,2023.241,G6,Europe,H5N1/2022/R13,1,1,4,1,3,1,1,3,G1
EPI_ISL_17547368,H5N1/2022/R13,2023.241,G6,Europe,H5N1/2022/R13,1,1,4,1,3,1,1,3,G1
EPI_ISL_18059052,H5N1/2022/R13,2023.512,G6,Europe,H5N1/2022/R13,1,1,4,1,3,1,1,3,G1
EPI_ISL_18010931,H5N1/2022/R13,2023.477,G6,Europe,H5N1/2022/R13,1,1,4,1,3,1,1,3,G1
EPI_ISL_18059054,H5N1/2022/R13,2023.512,G6,Europe,H5N1/2022/R13,1,1,4,1,3,1,1,3,G1
EPI_ISL_17985400,H5N1/2022/R13,2023.455,G6,Europe,H5N1/2022/R13,1,1,4,1,3,1,1,3,G1
EPI_ISL_18122457,H5N1/2022/R13,2023.548,G6,Europe,H5N1/2022/R13,1,1,4,1,3,1,1,3,G1
EPI_ISL_18127712,H5N1/2022/R13,2023.247,G6,Africa,H5N1/2022/R13,1,1,4,1,3,1,1,3,G1
EPI_ISL_18127713,H5N1/2022/R13,2023.247,G6,Africa,H5N1/2022/R13,1,1,4,1,3,1,1,3,G1
EPI_ISL_18127714,H5N1/2022/R13,2023.247,G6,Africa,H5N1/2022/R13,1,1,4,1,3,1,1,3,G1
EPI_ISL_17971918,H5N1/2022/R13,2023.403,G6,Europe,H5N1/2022/R13,1,1,4,1,3,1,1,3,G1
EPI_ISL_17547371,H5N1/2022/R13,2023.252,G6,Europe,H5N1/2022/R13,1,1,4,1,3,1,1,3,G1
EPI_ISL_17547374,H5N1/2022/R13,2023.252,G6,Europe,H5N1/2022/R13,1,1,4,1,3,1,1,3,G1
EPI_ISL_17584810,H5N1/2022/R13,2023.252,G6,Europe,H5N1/2022/R13,1,1,4,1,3,1,1,3,G1
EPI_ISL_17470105,H5N1/2022/R13,2023.255,G6,Europe,H5N1/2022/R13,1,1,4,1,3,1,1,3,G1
EPI_ISL_18122440,H5N1/2022/R13,2023.559,G6,Europe,H5N1/2022/R13,1,1,4,1,3,1,1,3,G1
EPI_ISL_18065333,H5N1/2022/R13,2023.49,G6,Europe,H5N1/2022/R13,1,1,4,1,3,1,1,3,G1
EPI_ISL_18010495,H5N1/2022/R13,2023.43,G6,Europe,H5N1/2022/R13,1,1,4,1,3,1,1,3,G1
EPI_ISL_17470109,H5N1/2022/R13,2023.255,G6,Europe,H5N1/2022/R13,1,1,4,1,3,1,1,3,G1
EPI_ISL_18010496,H5N1/2022/R13,2023.43,G6,Europe,H5N1/2022/R13,1,1,4,1,3,1,1,3,G1
EPI_ISL_17626173,H5N1/2022/R13,2023.255,G6,Europe,H5N1/2022/R13,1,1,4,1,3,1,1,3,G1
EPI_ISL_18075718,H5N1/2022/R13,2023.433,G6,Europe,H5N1/2022/R13,1,1,4,1,3,1,1,3,G1
EPI_ISL_18010923,H5N1/2022/R13,2023.493,G6,Europe,H5N1/2022/R13,1,1,4,1,3,1,1,3,G1
EPI_ISL_18094395,H5N1/2022/R13,2023.57,G6,Europe,H5N1/2022/R13,1,1,4,1,3,1,1,3,G1
EPI_ISL_18010928,H5N1/2022/R13,2023.493,G6,Europe,H5N1/2022/R13,1,1,4,1,3,1,1,3,G1
EPI_ISL_18112336,H5N1/2022/R13,2023.493,G6,Europe,H5N1/2022/R13,1,1,4,1,3,1,1,3,G1
EPI_ISL_18065335,H5N1/2022/R13,2023.496,G6,Europe,H5N1/2022/R13,1,1,4,1,3,1,1,3,G1
EPI_ISL_18065336,H5N1/2022/R13,2023.496,G6,Europe,H5N1/2022/R13,1,1,4,1,3,1,1,3,G1
EPI_ISL_18076030,H5N1/2022/R13,2023.496,G6,Europe,H5N1/2022/R13,1,1,4,1,3,1,1,3,G1
EPI_ISL_18011224,H5N1/2022/R13,2023.501,G6,Europe,H5N1/2022/R13,1,1,4,1,3,1,1,3,G1
EPI_ISL_18011231,H5N1/2022/R13,2023.501,G6,Europe,H5N1/2022/R13,1,1,4,1,3,1,1,3,G1
EPI_ISL_18059060,H5N1/2022/R13,2023.529,G6,Europe,H5N1/2022/R13,1,1,4,1,3,1,1,3,G1
EPI_ISL_18122456,H5N1/2022/R13,2023.548,G6,Europe,H5N1/2022/R13,1,1,4,1,3,1,1,3,G1
EPI_ISL_18122458,H5N1/2022/R13,2023.548,G6,Europe,H5N1/2022/R13,1,1,4,1,3,1,1,3,G1
EPI_ISL_18123931,H5N1/2022/R13,2023.548,G6,Europe,H5N1/2022/R13,1,1,4,1,3,1,1,3,G1
EPI_ISL_18010912,H5N1/2022/R13,2023.474,G6,Europe,H5N1/2022/R13,1,1,4,1,3,1,1,3,G1
EPI_ISL_18065339,H5N1/2022/R13,2023.515,G6,Europe,H5N1/2022/R13,1,1,4,1,3,1,1,3,G1
EPI_ISL_18010921,H5N1/2022/R13,2023.474,G6,Europe,H5N1/2022/R13,1,1,4,1,3,1,1,3,G1
EPI_ISL_18112335,H5N1/2022/R13,2023.518,G6,Europe,H5N1/2022/R13,1,1,4,1,3,1,1,3,G1
EPI_ISL_18118721,H5N1/2022/R13,2023.551,G6,Europe,H5N1/2022/R13,1,1,4,1,3,1,1,3,G1
EPI_ISL_18118722,H5N1/2022/R13,2023.551,G6,Europe,H5N1/2022/R13,1,1,4,1,3,1,1,3,G1
EPI_ISL_18059051,H5N1/2022/R13,2023.512,G6,Europe,H5N1/2022/R13,1,1,4,1,3,1,1,3,G1
EPI_ISL_18065340,H5N1/2022/R13,2023.556,G6,Europe,H5N1/2022/R13,1,1,4,1,3,1,1,3,G1
EPI_ISL_18059053,H5N1/2022/R13,2023.512,G6,Europe,H5N1/2022/R13,1,1,4,1,3,1,1,3,G1
EPI_ISL_18122422,H5N1/2022/R13,2023.532,G6,Europe,H5N1/2022/R13,1,1,4,1,3,1,1,3,G1
EPI_ISL_18010930,H5N1/2022/R13,2023.477,G6,Europe,H5N1/2022/R13,1,1,4,1,3,1,1,3,G1
EPI_ISL_18115436,H5N1/2022/R13,2023.584,G6,Europe,H5N1/2022/R13,1,1,4,1,3,1,1,3,G1
EPI_ISL_18065342,H5N1/2022/R13,2023.556,G6,Europe,H5N1/2022/R13,1,1,4,1,3,1,1,3,G1
EPI_ISL_18065343,H5N1/2022/R13,2023.556,G6,Europe,H5N1/2022/R13,1,1,4,1,3,1,1,3,G1
EPI_ISL_17982384,H5N1/2022/R13,2023.436,G6,Europe,H5N1/2022/R13,1,1,4,1,3,1,1,3,G1
EPI_ISL_18112333,H5N1/2022/R13,2023.515,G6,Europe,H5N1/2022/R13,1,1,4,1,3,1,1,3,G1
EPI_ISL_18112334,H5N1/2022/R13,2023.523,G6,Europe,H5N1/2022/R13,1,1,4,1,3,1,1,3,G1
EPI_ISL_18075715,H5N1/2022/R13,2023.425,G6,Europe,H5N1/2022/R13,1,1,4,1,3,1,1,3,G1
EPI_ISL_18011047,H5N1/2022/R13,2023.521,G6,Europe,H5N1/2022/R13,1,1,4,1,3,1,1,3,G1
EPI_ISL_18075142,H5N1/2022/R13,2023.178,G6,Europe,H5N1/2022/R13,1,1,4,1,3,1,1,3,G1
EPI_ISL_18011222,H5N1/2022/R13,2023.521,G6,Europe,H5N1/2022/R13,1,1,4,1,3,1,1,3,G1
EPI_ISL_18010494,H5N1/2022/R13,2023.43,G6,Europe,H5N1/2022/R13,1,1,4,1,3,1,1,3,G1
EPI_ISL_18122445,H5N1/2022/R13,2023.54,G6,Europe,H5N1/2022/R13,1,1,4,1,3,1,1,3,G1
EPI_ISL_18010499,H5N1/2022/R13,2023.427,G6,Europe,H5N1/2022/R13,1,1,4,1,3,1,1,3,G1
EPI_ISL_18123933,H5N1/2022/R13,2023.559,G6,Europe,H5N1/2022/R13,1,1,4,1,3,1,1,3,G1
EPI_ISL_18122430,H5N1/2022/R13,2023.542,G6,Europe,H5N1/2022/R13,1,1,4,1,3,1,1,3,G1
EPI_ISL_18123935,H5N1/2022/R13,2023.559,G6,Europe,H5N1/2022/R13,1,1,4,1,3,1,1,3,G1
EPI_ISL_17996139,H5N1/2022/R13,2023.474,G6,Europe,H5N1/2022/R13,1,1,4,1,3,1,1,3,G1
EPI_ISL_18122433,H5N1/2022/R13,2023.542,G6,Europe,H5N1/2022/R13,1,1,4,1,3,1,1,3,G1
EPI_ISL_18010913,H5N1/2022/R13,2023.474,G6,Europe,H5N1/2022/R13,1,1,4,1,3,1,1,3,G1
EPI_ISL_18131277,H5N1/2022/R13,2023.586,G6,Europe,H5N1/2022/R13,1,1,4,1,3,1,1,3,G1
EPI_ISL_18131278,H5N1/2022/R13,2023.586,G6,Europe,H5N1/2022/R13,1,1,4,1,3,1,1,3,G1
EPI_ISL_18123941,H5N1/2022/R13,2023.545,G6,Europe,H5N1/2022/R13,1,1,4,1,3,1,1,3,G1
EPI_ISL_18067225,H5N1/2022/R13,2023.29,G6,Europe,H5N1/2022/R13,1,1,4,1,3,1,1,3,G1
EPI_ISL_18112330,H5N1/2022/R13,2023.526,G6,Europe,H5N1/2022/R13,1,1,4,1,3,1,1,3,G1
EPI_ISL_18065393,H5N1/2022/R13,2023.468,G6,Europe,H5N1/2022/R13,1,1,4,1,3,1,1,3,G1
EPI_ISL_18115433,H5N1/2022/R13,2023.584,G6,Europe,H5N1/2022/R13,1,1,4,1,3,1,1,3,G1
EPI_ISL_18115435,H5N1/2022/R13,2023.584,G6,Europe,H5N1/2022/R13,1,1,4,1,3,1,1,3,G1
EPI_ISL_18076010,H5N1/2022/R13,2023.471,G6,Europe,H5N1/2022/R13,1,1,4,1,3,1,1,3,G1
EPI_ISL_18123934,H5N1/2022/R13,2023.559,G6,Europe,H5N1/2022/R13,1,1,4,1,3,1,1,3,G1
EPI_ISL_18010917,H5N1/2022/R13,2023.493,G6,Europe,H5N1/2022/R13,1,1,4,1,3,1,1,3,G1
EPI_ISL_18065344,H5N1/2022/R13,2023.556,G6,Europe,H5N1/2022/R13,1,1,4,1,3,1,1,3,G1
EPI_ISL_18048777,H5N1/2022/R13,2023.559,G6,Europe,H5N1/2022/R13,1,1,4,1,3,1,1,3,G1
EPI_ISL_18048779,H5N1/2022/R13,2023.54,G6,Europe,H5N1/2022/R13,1,1,4,1,3,1,1,3,G1
EPI_ISL_18010922,H5N1/2022/R13,2023.474,G6,Europe,H5N1/2022/R13,1,1,4,1,3,1,1,3,G1
EPI_ISL_18010924,H5N1/2022/R13,2023.474,G6,Europe,H5N1/2022/R13,1,1,4,1,3,1,1,3,G1
EPI_ISL_18118723,H5N1/2022/R13,2023.551,G6,Europe,H5N1/2022/R13,1,1,4,1,3,1,1,3,G1
EPI_ISL_18010926,H5N1/2022/R13,2023.474,G6,Europe,H5N1/2022/R13,1,1,4,1,3,1,1,3,G1
EPI_ISL_18065341,H5N1/2022/R13,2023.556,G6,Europe,H5N1/2022/R13,1,1,4,1,3,1,1,3,G1
EPI_ISL_18065331,H5N1/2022/R13,2023.474,G6,Europe,H5N1/2022/R13,1,1,4,1,3,1,1,3,G1
EPI_ISL_18010929,H5N1/2022/R13,2023.477,G6,Europe,H5N1/2022/R13,1,1,4,1,3,1,1,3,G1
EPI_ISL_18065347,H5N1/2022/R13,2023.471,G6,Europe,H5N1/2022/R13,1,1,4,1,3,1,1,3,G1
EPI_ISL_18010500,H5N1/2022/R13,2023.416,G6,Europe,H5N1/2022/R13,1,1,4,1,3,1,1,3,G1
EPI_ISL_18112331,H5N1/2022/R13,2023.54,G6,Europe,H5N1/2022/R13,1,1,4,1,3,1,1,3,G1
EPI_ISL_18094394,H5N1/2022/R13,2023.567,G6,Europe,H5N1/2022/R13,1,1,4,1,3,1,1,3,G1
EPI_ISL_18123724,H5N1/2022/R13,2023.567,G6,Europe,H5N1/2022/R13,1,1,4,1,3,1,1,3,G1
EPI_ISL_18076008,H5N1/2022/R13,2023.479,G6,Europe,H5N1/2022/R13,1,1,4,1,3,1,1,3,G1
EPI_ISL_18122429,H5N1/2022/R13,2023.54,G6,Europe,H5N1/2022/R13,1,1,4,1,3,1,1,3,G1
EPI_ISL_18122437,H5N1/2022/R13,2023.559,G6,Europe,H5N1/2022/R13,1,1,4,1,3,1,1,3,G1
EPI_ISL_18122438,H5N1/2022/R13,2023.559,G6,Europe,H5N1/2022/R13,1,1,4,1,3,1,1,3,G1
EPI_ISL_18122439,H5N1/2022/R13,2023.559,G6,Europe,H5N1/2022/R13,1,1,4,1,3,1,1,3,G1
EPI_ISL_18010493,H5N1/2022/R13,2023.416,G6,Europe,H5N1/2022/R13,1,1,4,1,3,1,1,3,G1
EPI_ISL_18065332,H5N1/2022/R13,2023.49,G6,Europe,H5N1/2022/R13,1,1,4,1,3,1,1,3,G1
EPI_ISL_18161267,H5N1/2022/R13,2023.616,G6,Europe,H5N1/2022/R13,1,1,4,1,3,1,1,3,G1
EPI_ISL_17985410,H5N1/2022/R13,2023.468,G6,Europe,H5N1/2022/R13,1,1,4,1,3,1,1,3,G1
EPI_ISL_18010919,H5N1/2022/R13,2023.493,G6,Europe,H5N1/2022/R13,1,1,4,1,3,1,1,3,G1
EPI_ISL_18122451,H5N1/2022/R13,2023.545,G6,Europe,H5N1/2022/R13,1,1,4,1,3,1,1,3,G1
EPI_ISL_18123940,H5N1/2022/R13,2023.545,G6,Europe,H5N1/2022/R13,1,1,4,1,3,1,1,3,G1
EPI_ISL_18010918,H5N1/2022/R13,2023.493,G6,Europe,H5N1/2022/R13,1,1,4,1,3,1,1,3,G1
EPI_ISL_18123942,H5N1/2022/R13,2023.545,G6,Europe,H5N1/2022/R13,1,1,4,1,3,1,1,3,G1
EPI_ISL_18122441,H5N1/2022/R13,2023.548,G6,Europe,H5N1/2022/R13,1,1,4,1,3,1,1,3,G1
EPI_ISL_18123725,H5N1/2022/R13,2023.578,G6,Europe,H5N1/2022/R13,1,1,4,1,3,1,1,3,G1
EPI_ISL_18118730,H5N1/2022/R13,2023.57,G6,Europe,H5N1/2022/R13,1,1,4,1,3,1,1,3,G1
EPI_ISL_18065334,H5N1/2022/R13,2023.488,G6,Europe,H5N1/2022/R13,1,1,4,1,3,1,1,3,G1
EPI_ISL_18010498,H5N1/2022/R13,2023.427,G6,Europe,H5N1/2022/R13,1,1,4,1,3,1,1,3,G1
EPI_ISL_18122435,H5N1/2022/R13,2023.559,G6,Europe,H5N1/2022/R13,1,1,4,1,3,1,1,3,G1
EPI_ISL_17830837,H5N1/2022/R13,2023.43,G6,Europe,H5N1/2022/R13,1,1,4,1,3,1,1,3,G1
EPI_ISL_17679734,H5N1/2022/R13,2023.249,G6,Europe,H5N1/2022/R13,1,1,4,1,3,1,1,3,G1
EPI_ISL_18010925,H5N1/2022/R13,2023.474,G6,Europe,H5N1/2022/R13,1,1,4,1,3,1,1,3,G1
EPI_ISL_18011099,H5N1/2022/R13,2023.521,G6,Europe,H5N1/2022/R13,1,1,4,1,3,1,1,3,G1
EPI_ISL_18122436,H5N1/2022/R13,2023.559,G6,Europe,H5N1/2022/R13,1,1,4,1,3,1,1,3,G1
EPI_ISL_18076029,H5N1/2022/R13,2023.466,G6,Europe,H5N1/2022/R13,1,1,4,1,3,1,1,3,G1
EPI_ISL_18118729,H5N1/2022/R13,2023.57,G6,Europe,H5N1/2022/R13,1,1,4,1,3,1,1,3,G1
EPI_ISL_18010964,H5N1/2022/R13,2023.521,G6,Europe,H5N1/2022/R13,1,1,4,1,3,1,1,3,G1
EPI_ISL_18033421,H5N1/2022/R13,2023.488,G6,Europe,H5N1/2022/R13,1,1,4,1,3,1,1,3,G1
EPI_ISL_18118727,H5N1/2022/R13,2023.57,G6,Europe,H5N1/2022/R13,1,1,4,1,3,1,1,3,G1
EPI_ISL_18065348,H5N1/2022/R13,2023.485,G6,Europe,H5N1/2022/R13,1,1,4,1,3,1,1,3,G1
EPI_ISL_17830866,H5N1/2022/R13,2023.178,G6,Europe,H5N1/2022/R13,1,1,4,1,3,1,1,3,G1
EPI_ISL_18118733,H5N1/2022/R13,2023.57,G6,Europe,H5N1/2022/R13,1,1,4,1,3,1,1,3,G1
EPI_ISL_18075726,H5N1/2022/R13,2023.485,G6,Europe,H5N1/2022/R13,1,1,4,1,3,1,1,3,G1
EPI_ISL_18010915,H5N1/2022/R13,2023.482,G6,Europe,H5N1/2022/R13,1,1,4,1,3,1,1,3,G1
EPI_ISL_18065338,H5N1/2022/R13,2023.482,G6,Europe,H5N1/2022/R13,1,1,4,1,3,1,1,3,G1
EPI_ISL_15957857,H5N1/2022/R16,2022.838,G1,Europe,H5N1/2022/R16,1,1,2,1,1,1,1,10,G12
EPI_ISL_15957824,H5N1/2022/R16,2022.836,G1,Europe,H5N1/2022/R16,1,1,2,1,1,1,1,10,G12
EPI_ISL_15585884,H5N1/2022/R16,2022.781,G1,Europe,H5N1/2022/R16,1,1,2,1,1,1,1,10,G12
EPI_ISL_15585882,H5N1/2022/R16,2022.778,G1,Europe,H5N1/2022/R16,1,1,2,1,1,1,1,10,G12
EPI_ISL_15957933,H5N1/2022/R16,2022.852,G1,Europe,H5N1/2022/R16,1,1,2,1,1,1,1,10,G12
EPI_ISL_15957946,H5N1/2022/R16,2022.855,G1,Europe,H5N1/2022/R16,1,1,2,1,1,1,1,10,G12
EPI_ISL_15585908,H5N1/2022/R16,2022.734,G1,Europe,H5N1/2022/R16,1,1,2,1,1,1,1,10,G12
EPI_ISL_15586125,H5N1/2022/R16,2022.751,G1,Europe,H5N1/2022/R16,1,1,2,1,1,1,1,10,G12
EPI_ISL_15586109,H5N1/2022/R16,2022.762,G1,Europe,H5N1/2022/R16,1,1,2,1,1,1,1,10,G12
EPI_ISL_15585909,H5N1/2022/R16,2022.786,G1,Europe,H5N1/2022/R16,1,1,2,1,1,1,1,10,G12
EPI_ISL_15586115,H5N1/2022/R16,2022.797,G1,Europe,H5N1/2022/R16,1,1,2,1,1,1,1,10,G12
EPI_ISL_15957635,H5N1/2022/R16,2022.8,G1,Europe,H5N1/2022/R16,1,1,2,1,1,1,1,10,G12
EPI_ISL_15585765,H5N1/2022/R16,2022.77,G1,Europe,H5N1/2022/R16,1,1,2,1,1,1,1,10,G12
EPI_ISL_16384128,H5N1/2022/R16,2022.819,G1,Europe,H5N1/2022/R16,1,1,2,1,1,1,1,10,G12
EPI_ISL_15585844,H5N1/2022/R16,2022.775,G1,Europe,H5N1/2022/R16,1,1,2,1,1,1,1,10,G12
EPI_ISL_15585755,H5N1/2022/R16,2022.773,G1,Europe,H5N1/2022/R16,1,1,2,1,1,1,1,10,G12
EPI_ISL_16384129,H5N1/2022/R16,2022.803,G1,Europe,H5N1/2022/R16,1,1,2,1,1,1,1,10,G12
EPI_ISL_15957830,H5N1/2022/R16,2022.836,G1,Europe,H5N1/2022/R16,1,1,2,1,1,1,1,10,G12
EPI_ISL_15957648,H5N1/2022/R16,2022.8,G1,Europe,H5N1/2022/R16,1,1,2,1,1,1,1,10,G12
EPI_ISL_16398192,H5N1/2022/R16,2022.795,G1,Europe,H5N1/2022/R16,1,1,2,1,1,1,1,10,G12
EPI_ISL_16384148,H5N1/2022/R16,2022.888,G1,Europe,H5N1/2022/R16,1,1,2,1,1,1,1,10,G12
EPI_ISL_16384137,H5N1/2022/R16,2022.8,G1,Europe,H5N1/2022/R16,1,1,2,1,1,1,1,10,G12
EPI_ISL_15585840,H5N1/2022/R16,2022.773,G1,Europe,H5N1/2022/R16,1,1,2,1,1,1,1,10,G12
EPI_ISL_15585894,H5N1/2022/R16,2022.753,G1,Europe,H5N1/2022/R16,1,1,2,1,1,1,1,10,G12
EPI_ISL_16056570,H5N1/2022/R17,2022.852,G9,Europe,H5N1/2022/R17,9,1,15,1,1,1,1,1,G13
EPI_ISL_16811193,H5N1/2022/R17,2023.027,G9,Europe,H5N1/2022/R17,9,1,15,1,1,1,1,1,G13
EPI_ISL_16384159,H5N1/2022/R17,2022.923,G9,Europe,H5N1/2022/R17,9,1,15,1,1,1,1,1,G13
EPI_ISL_16811189,H5N1/2022/R17,2023.027,G9,Europe,H5N1/2022/R17,9,1,15,1,1,1,1,1,G13
EPI_ISL_16384165,H5N1/2022/R17,2022.896,G9,Europe,H5N1/2022/R17,9,1,15,1,1,1,1,1,G13
EPI_ISL_16758492,H5N1/2022/R17,2023.066,G9,Europe,H5N1/2022/R17,9,1,15,1,1,1,1,1,G13
EPI_ISL_15909904,H5N1/2022/R17,2022.83,G9,Europe,H5N1/2022/R17,9,1,15,1,1,1,1,1,G13
EPI_ISL_16056569,H5N1/2022/R17,2022.871,G9,Europe,H5N1/2022/R17,9,1,15,1,1,1,1,1,G13
EPI_ISL_16384164,H5N1/2022/R17,2022.912,G9,Europe,H5N1/2022/R17,9,1,15,1,1,1,1,1,G13
EPI_ISL_16384190,H5N1/2022/R17,2022.915,G9,Europe,H5N1/2022/R17,9,1,15,1,1,1,1,1,G13
EPI_ISL_15925880,H5N1/2022/R17,2022.855,G9,Europe,H5N1/2022/R17,9,1,15,1,1,1,1,1,G13
EPI_ISL_15925881,H5N1/2022/R17,2022.855,G9,Europe,H5N1/2022/R17,9,1,15,1,1,1,1,1,G13
EPI_ISL_16056568,H5N1/2022/R17,2022.841,G9,Europe,H5N1/2022/R17,9,1,15,1,1,1,1,1,G13
EPI_ISL_16040744,H5N1/2022/R17,2022.888,G9,Europe,H5N1/2022/R17,9,1,15,1,1,1,1,1,G13
EPI_ISL_15925885,H5N1/2022/R17,2022.86,G9,Europe,H5N1/2022/R17,9,1,15,1,1,1,1,1,G13
EPI_ISL_16384182,H5N1/2022/R17,2022.929,G9,Europe,H5N1/2022/R17,9,1,15,1,1,1,1,1,G13
EPI_ISL_15925883,H5N1/2022/R17,2022.833,G9,Europe,H5N1/2022/R17,9,1,15,1,1,1,1,1,G13
EPI_ISL_16574465,H5N1/2022/R17,2022.956,G9,Europe,H5N1/2022/R17,9,1,15,1,1,1,1,1,G13
EPI_ISL_15857992,H5N1/2022/R17,2022.852,G9,Europe,H5N1/2022/R17,9,1,15,1,1,1,1,1,G13
EPI_ISL_17971991,H5N1/2022/R22,2023.477,G1,Europe,H5N1/2022/R22,1,1,2,1,5,1,1,1,G9
EPI_ISL_17971992,H5N1/2022/R22,2023.482,G1,Europe,H5N1/2022/R22,1,1,2,1,5,1,1,1,G9
EPI_ISL_16613714,H5N1/2022/R22,2023.008,G1,Europe,H5N1/2022/R22,1,1,2,1,5,1,1,1,G9
EPI_ISL_16979816,H5N1/2022/R22,2023.008,G1,Europe,H5N1/2022/R22,1,1,2,1,5,1,1,1,G9
EPI_ISL_16937296,H5N1/2022/R22,2022.995,G1,Europe,H5N1/2022/R22,1,1,2,1,5,1,1,1,G9
EPI_ISL_16613715,H5N1/2022/R22,2023.008,G1,Europe,H5N1/2022/R22,1,1,2,1,5,1,1,1,G9
EPI_ISL_16937292,H5N1/2022/R22,2023.008,G1,Europe,H5N1/2022/R22,1,1,2,1,5,1,1,1,G9
EPI_ISL_16937308,H5N1/2022/R22,2023.041,G1,Europe,H5N1/2022/R22,1,1,2,1,5,1,1,1,G9
EPI_ISL_17246921,H5N1/2022/R22,2023.164,G1,Europe,H5N1/2022/R22,1,1,2,1,5,1,1,1,G9
EPI_ISL_17971993,H5N1/2022/R22,2023.463,G1,Europe,H5N1/2022/R22,1,1,2,1,5,1,1,1,G9
EPI_ISL_16937297,H5N1/2022/R22,2022.995,G1,Europe,H5N1/2022/R22,1,1,2,1,5,1,1,1,G9
EPI_ISL_16937295,H5N1/2022/R22,2023.03,G1,Europe,H5N1/2022/R22,1,1,2,1,5,1,1,1,G9
EPI_ISL_17971995,H5N1/2022/R22,2023.479,G1,Europe,H5N1/2022/R22,1,1,2,1,5,1,1,1,G9
EPI_ISL_17584808,H5N1/2022/R22,2023.233,G1,Europe,H5N1/2022/R22,1,1,2,1,5,1,1,1,G9
EPI_ISL_17971997,H5N1/2022/R22,2023.482,G1,Europe,H5N1/2022/R22,1,1,2,1,5,1,1,1,G9
EPI_ISL_16613717,H5N1/2022/R22,2023.011,G1,Europe,H5N1/2022/R22,1,1,2,1,5,1,1,1,G9
EPI_ISL_17716087,H5N1/2022/R22,2023.164,G1,Europe,H5N1/2022/R22,1,1,2,1,5,1,1,1,G9
EPI_ISL_16939160,H5N1/2022/R22,2023.033,G1,Europe,H5N1/2022/R22,1,1,2,1,5,1,1,1,G9
EPI_ISL_16937293,H5N1/2022/R22,2023.008,G1,Europe,H5N1/2022/R22,1,1,2,1,5,1,1,1,G9
EPI_ISL_16997759,H5N1/2022/R22,2023.099,G1,Europe,H5N1/2022/R22,1,1,2,1,5,1,1,1,G9
EPI_ISL_17015365,H5N1/2022/R22,2023.129,G1,Europe,H5N1/2022/R22,1,1,2,1,5,1,1,1,G9
EPI_ISL_17951056,H5N1/2022/R22,2023.463,G1,Europe,H5N1/2022/R22,1,1,2,1,5,1,1,1,G9
EPI_ISL_16613713,H5N1/2022/R22,2023.008,G1,Europe,H5N1/2022/R22,1,1,2,1,5,1,1,1,G9
EPI_ISL_17956379,H5N1/2022/R22,2023.468,G1,Europe,H5N1/2022/R22,1,1,2,1,5,1,1,1,G9
EPI_ISL_17971998,H5N1/2022/R22,2023.482,G1,Europe,H5N1/2022/R22,1,1,2,1,5,1,1,1,G9
EPI_ISL_17971994,H5N1/2022/R22,2023.479,G1,Europe,H5N1/2022/R22,1,1,2,1,5,1,1,1,G9
EPI_ISL_17971996,H5N1/2022/R22,2023.479,G1,Europe,H5N1/2022/R22,1,1,2,1,5,1,1,1,G9
EPI_ISL_18033408,H5N1/2022/R22,2023.458,G1,Europe,H5N1/2022/R22,1,1,2,1,5,1,1,1,G9
EPI_ISL_16997758,H5N1/2022/R22,2023.088,G1,Europe,H5N1/2022/R22,1,1,2,1,5,1,1,1,G9
EPI_ISL_17971990,H5N1/2022/R22,2023.477,G1,Europe,H5N1/2022/R22,1,1,2,1,5,1,1,1,G9
EPI_ISL_17971989,H5N1/2022/R22,2023.468,G1,Europe,H5N1/2022/R22,1,1,2,1,5,1,1,1,G9
EPI_ISL_17951054,H5N1/2022/R22,2023.452,G1,Europe,H5N1/2022/R22,1,1,2,1,5,1,1,1,G9
EPI_ISL_17949824,H5N1/2022/R22,2023.468,G1,Europe,H5N1/2022/R22,1,1,2,1,5,1,1,1,G9
EPI_ISL_17950995,H5N1/2022/R22,2023.471,G1,Europe,H5N1/2022/R22,1,1,2,1,5,1,1,1,G9
EPI_ISL_17978700,H5N1/2022/R22,2023.422,G1,Europe,H5N1/2022/R22,1,1,2,1,5,1,1,1,G9
EPI_ISL_17956378,H5N1/2022/R22,2023.468,G1,Europe,H5N1/2022/R22,1,1,2,1,5,1,1,1,G9
EPI_ISL_17951053,H5N1/2022/R22,2023.471,G1,Europe,H5N1/2022/R22,1,1,2,1,5,1,1,1,G9
EPI_ISL_17951052,H5N1/2022/R22,2023.471,G1,Europe,H5N1/2022/R22,1,1,2,1,5,1,1,1,G9
EPI_ISL_17951055,H5N1/2022/R22,2023.466,G1,Europe,H5N1/2022/R22,1,1,2,1,5,1,1,1,G9
EPI_ISL_16937306,H5N1/2022/R22,2023.041,G1,Europe,H5N1/2022/R22,1,1,2,1,5,1,1,1,G9
EPI_ISL_18033414,H5N1/2022/R22,2023.51,G1,Europe,H5N1/2022/R22,1,1,2,1,5,1,1,1,G9
EPI_ISL_17514178,H5N1/2022/R22,2023.214,G1,Europe,H5N1/2022/R22,1,1,2,1,5,1,1,1,G9
EPI_ISL_17951051,H5N1/2022/R22,2023.471,G1,Europe,H5N1/2022/R22,1,1,2,1,5,1,1,1,G9
EPI_ISL_18011229,H5N1/2023/R2,2023.523,G6,Europe,H5N1/2023/R2,1,1,26,1,3,1,1,3,G1
EPI_ISL_18011230,H5N1/2023/R2,2023.523,G6,Europe,H5N1/2023/R2,1,1,26,1,3,1,1,3,G1
EPI_ISL_18122448,H5N1/2023/R2,2023.529,G6,Europe,H5N1/2023/R2,1,1,26,1,3,1,1,3,G1
EPI_ISL_18122450,H5N1/2023/R2,2023.529,G6,Europe,H5N1/2023/R2,1,1,26,1,3,1,1,3,G1
EPI_ISL_18011228,H5N1/2023/R2,2023.523,G6,Europe,H5N1/2023/R2,1,1,26,1,3,1,1,3,G1
EPI_ISL_18122449,H5N1/2023/R2,2023.529,G6,Europe,H5N1/2023/R2,1,1,26,1,3,1,1,3,G1
EPI_ISL_18123937,H5N1/2023/R2,2023.529,G6,Europe,H5N1/2023/R2,1,1,26,1,3,1,1,3,G1
EPI_ISL_18011227,H5N1/2023/R2,2023.523,G6,Europe,H5N1/2023/R2,1,1,26,1,3,1,1,3,G1
EPI_ISL_15004397,NA,2022.268,G12,NorthAmerica,minor04,ea1,ea1,ea1,ea1,am1.1,ea1,ea1,ea1,NA
EPI_ISL_15925884,NA,2022.86,G28,Europe,NA,74,1,77,1,1,1,1,1,NA
EPI_ISL_16297132,NA,2022.795,G4,NorthAmerica,Only 6 Segments Found,NA,NA,NA,NA,NA,NA,NA,NA,NA
EPI_ISL_18076012,NA,2023.521,G32,Europe,NA,1,1,9,1,17,1,1,1,NA
EPI_ISL_18076013,NA,2023.521,G32,Europe,NA,1,1,9,1,17,1,1,1,NA
EPI_ISL_14917942,NA,2022.551,G13,Europe,Only 5 Segments Found,NA,NA,NA,NA,NA,NA,NA,NA,NA
EPI_ISL_15585857,NA,2022.712,G20,Europe,NA,1,1,2,1,12,1,1,1,NA
EPI_ISL_15957925,NA,2022.852,G1,Europe,NA,1,1,2,34,1,1,1,1,NA
EPI_ISL_15647834,NA,2022.792,G11,Asia,Only 7 Segments Found,NA,NA,NA,NA,NA,NA,NA,NA,NA
EPI_ISL_15647836,NA,2022.773,G11,Asia,Only 7 Segments Found,NA,NA,NA,NA,NA,NA,NA,NA,NA
EPI_ISL_15602898,NA,2022.699,G19,NorthAmerica,minor16,am2.2,am3,ea1,ea1,am3,am1N4,ea1,ea1,NA
EPI_ISL_15853932,NA,2022.567,G3,Africa,Only 7 Segments Found,NA,NA,NA,NA,NA,NA,NA,NA,NA
EPI_ISL_15853933,NA,2022.567,G3,Africa,Only 7 Segments Found,NA,NA,NA,NA,NA,NA,NA,NA,NA
EPI_ISL_15853934,NA,2022.581,G3,Africa,Only 7 Segments Found,NA,NA,NA,NA,NA,NA,NA,NA,NA
EPI_ISL_16297131,NA,2022.795,G4,NorthAmerica,Only 6 Segments Found,NA,NA,NA,NA,NA,NA,NA,NA,NA
EPI_ISL_14841913,NA,2022.51,G25,Europe,NA,1,1,4,1,12,1,1,1,NA
EPI_ISL_16388458,NA,2022.893,G27,Asia,Only 3 Segments Found,NA,NA,NA,NA,NA,NA,NA,NA,NA
EPI_ISL_16466440,NA,2022.86,G26,Asia,Only 2 Segments Found,NA,NA,NA,NA,NA,NA,NA,NA,NA
EPI_ISL_16881186,NA,2023.047,G36,Europe,NA,1,1,2,18,1,41,8,1,NA
EPI_ISL_17564760,NA,2023.277,G1,Europe,NA,1,1,2,24,1,1,1,1,NA
EPI_ISL_16297063,NA,2022.819,G4,NorthAmerica,minor10like,am1.1,am1.2,ea1,ea1,am1.6,ea1,ea1,am1.1,NA
EPI_ISL_16919095,NA,2022.411,G31,NorthAmerica,Only 3 Segments Found,NA,NA,NA,NA,NA,NA,NA,NA,NA
EPI_ISL_16919097,NA,2022.411,G31,NorthAmerica,Only 3 Segments Found,NA,NA,NA,NA,NA,NA,NA,NA,NA
EPI_ISL_16919120,NA,2022.411,G31,NorthAmerica,Only 4 Segments Found,NA,NA,NA,NA,NA,NA,NA,NA,NA
EPI_ISL_16920551,NA,2022.411,G31,NorthAmerica,Only 3 Segments Found,NA,NA,NA,NA,NA,NA,NA,NA,NA
EPI_ISL_17316489,NA,2023.195,G30,Asia,Only 6 Segments Found,NA,NA,NA,NA,NA,NA,NA,NA,NA
EPI_ISL_17316965,NA,2023.195,G30,Asia,Only 6 Segments Found,NA,NA,NA,NA,NA,NA,NA,NA,NA
EPI_ISL_16271839,NA,2022.882,G7,NorthAmerica,minor19,am1.2,am1.2,ea1,ea1,am1.1,ea1,ea1,ea1,NA
EPI_ISL_15267028,NA,2022.677,G39,Europe,NA,42,1,76,16,12,77,21,19,NA
EPI_ISL_18118724,NA,2023.57,G35,Europe,NA,1,1,2,18,1,97,8,1,NA
EPI_ISL_17766057,NA,2023.277,G30,Asia,Only 6 Segments Found,NA,NA,NA,NA,NA,NA,NA,NA,NA
EPI_ISL_17949961,NA,2023.186,G27,Asia,Only 3 Segments Found,NA,NA,NA,NA,NA,NA,NA,NA,NA
EPI_ISL_15585905,NA,2022.786,G24,Europe,NA,1,1,2,1,1,1,1,33,NA
EPI_ISL_15078246,NA,2022.334,G7,NorthAmerica,minor15,am2.1,am1.2,ea1,ea1,am1.4.1,ea1,ea1,ea1,NA
EPI_ISL_13432603,NA,2022.255,G2,NorthAmerica,minor10,am1.1,ea1,ea1,ea1,am1.6,ea1,ea1,ea1,NA
EPI_ISL_14933724,NA,2022.644,G29,Europe,NA,1,1,15,1,1,1,1,1,NA
EPI_ISL_18007232,NA,2023.225,G27,Asia,Only 3 Segments Found,NA,NA,NA,NA,NA,NA,NA,NA,NA
EPI_ISL_18090351,NA,2023.247,G33,Asia,Only 2 Segments Found,NA,NA,NA,NA,NA,NA,NA,NA,NA
EPI_ISL_16171473,NA,2022.315,G4,NorthAmerica,minor07,am2.1,ea1,ea1,ea1,am1.4.1,ea1,ea1,am1.1,NA
EPI_ISL_16253342,NA,2022.893,G22,Europe,NA,42,1,2,1,1,79,1,1,NA
EPI_ISL_15732741,NA,2022.822,G18,Asia,Only 5 Segments Found,NA,NA,NA,NA,NA,NA,NA,NA,NA
EPI_ISL_15857841,NA,2022.849,G23,Europe,NA,1,1,2,1,30,1,1,6,NA
EPI_ISL_17638143,NA,2023.249,G27,Asia,Only 3 Segments Found,NA,NA,NA,NA,NA,NA,NA,NA,NA
EPI_ISL_13175718,NA,2022.299,G34,Asia,Only 0 Segments Found,NA,NA,NA,NA,NA,NA,NA,NA,NA
EPI_ISL_14917915,NA,2022.542,G13,Europe,Only 5 Segments Found,NA,NA,NA,NA,NA,NA,NA,NA,NA
EPI_ISL_15923322,NA,2022.732,G14,Asia,A4,ea4,ea4,ea4,ea4,ea4,ea4,ea4,ea4,NA
EPI_ISL_14917951,NA,2022.551,G13,Europe,Only 5 Segments Found,NA,NA,NA,NA,NA,NA,NA,NA,NA
EPI_ISL_15576617,NA,2022.767,G14,Asia,A4,ea4,ea4,ea4,ea4,ea4,ea4,ea4,ea4,NA
EPI_ISL_15732766,NA,2022.808,G14,Asia,A4,ea4,ea4,ea4,ea4,ea4,ea4,ea4,ea4,NA
EPI_ISL_16997727,NA,2022.8,G37,Europe,NA,1,1,93,26,1,94,1,42,NA
EPI_ISL_13052726,NA,2022.334,G7,NorthAmerica,minor15,am2.1,am1.2,ea1,ea1,am1.4.1,ea1,ea1,ea1,NA
EPI_ISL_13052725,NA,2022.334,G7,NorthAmerica,minor15,am2.1,am1.2,ea1,ea1,am1.4.1,ea1,ea1,ea1,NA
EPI_ISL_15579541,NA,2022.721,G38,Europe,NA,78,1,2,63,30,28,1,1,NA
EPI_ISL_15579542,NA,2022.748,G40,Europe,NA,79,1,47,19,31,86,1,1,NA
EPI_ISL_16675872,NA,2022.888,G3,Africa,Only 6 Segments Found,NA,NA,NA,NA,NA,NA,NA,NA,NA
EPI_ISL_16171505,NA,2022.323,G7,NorthAmerica,minor15,am2.1,am1.2,ea1,ea1,am1.4.1,ea1,ea1,ea1,NA
EPI_ISL_16840743,NA,2022.597,G34,Asia,Only 0 Segments Found,NA,NA,NA,NA,NA,NA,NA,NA,NA
EPI_ISL_18007230,NA,2023.293,G30,Asia,Only 6 Segments Found,NA,NA,NA,NA,NA,NA,NA,NA,NA
EPI_ISL_16384142,NA,2022.882,G1,Europe,NA,1,1,2,34,1,1,1,1,NA
EPI_ISL_16698060,NA,2022.849,G17,Asia,Only 6 Segments Found,NA,NA,NA,NA,NA,NA,NA,NA,NA
EPI_ISL_17950254,NA,2023.274,G30,Asia,Only 6 Segments Found,NA,NA,NA,NA,NA,NA,NA,NA,NA
EPI_ISL_17638448,NA,2023.26,G27,Asia,Only 3 Segments Found,NA,NA,NA,NA,NA,NA,NA,NA,NA
EPI_ISL_17774571,NA,2023.31,G1,Europe,NA,34,1,2,1,1,1,1,1,NA
EPI_ISL_13432604,NA,2022.255,G2,NorthAmerica,minor10,am1.1,ea1,ea1,ea1,am1.6,ea1,ea1,ea1,NA
EPI_ISL_15063618,NA,2022.266,G2,NorthAmerica,Only 7 Segments Found,NA,NA,NA,NA,NA,NA,NA,NA,NA
EPI_ISL_17964973,NA,2023.348,G41,NorthAmerica,Only 7 Segments Found,NA,NA,NA,NA,NA,NA,NA,NA,NA
EPI_ISL_16243264,NA,2022.318,G2,NorthAmerica,minor01,am1.1,ea1,ea1,ea1,am1.2,ea1,ea1,ea1,NA
EPI_ISL_16243273,NA,2022.318,G2,NorthAmerica,minor01,am1.1,ea1,ea1,ea1,am1.2,ea1,ea1,ea1,NA
EPI_ISL_15004061,NA,2022.26,G12,NorthAmerica,B5.1,ea1,ea1,ea1,ea1,am1.4.2,ea1,ea1,ea1,NA
EPI_ISL_17710023,NA,2023.304,G1,Europe,NA,1,1,2,24,1,1,1,1,NA
EPI_ISL_17710025,NA,2023.315,G1,Europe,NA,1,1,2,24,1,1,1,1,NA
EPI_ISL_18007231,NA,2023.2,G27,Asia,Only 3 Segments Found,NA,NA,NA,NA,NA,NA,NA,NA,NA
EPI_ISL_16549380,NA,2022.934,G1,Europe,NA,34,1,2,1,1,1,1,1,NA
EPI_ISL_15586134,NA,2022.712,G1,Europe,NA,73,1,2,1,1,1,1,1,NA
EPI_ISL_16297079,NA,2022.833,G15,NorthAmerica,minor17,am3.1,ea1,ea1,ea1,ea1,ea1,ea1,ea1,NA
EPI_ISL_16297080,NA,2022.833,G15,NorthAmerica,minor17,am3.1,ea1,ea1,ea1,ea1,ea1,ea1,ea1,NA
EPI_ISL_16997752,NA,2023.079,G1,Europe,NA,1,1,53,1,5,1,1,1,NA
EPI_ISL_16549157,NA,2022.879,G1,Europe,NA,34,1,2,1,1,1,1,1,NA
EPI_ISL_17774063,NA,2023.282,G1,Europe,NA,47,1,2,1,1,1,1,1,NA
EPI_ISL_13285238,NA,2022.247,G12,NorthAmerica,minor12,ea1,ea1,ea1,ea1,am1.6,ea1,ea1,ea1,NA
EPI_ISL_13285237,NA,2022.247,G12,NorthAmerica,minor12,ea1,ea1,ea1,ea1,am1.6,ea1,ea1,ea1,NA
EPI_ISL_17638141,NA,2023.233,G27,Asia,Only 3 Segments Found,NA,NA,NA,NA,NA,NA,NA,NA,NA
EPI_ISL_15579543,NA,2022.748,G21,Europe,NA,1,1,2,1,31,1,1,1,NA
EPI_ISL_15004060,NA,2022.26,G12,NorthAmerica,B5.1,ea1,ea1,ea1,ea1,am1.4.2,ea1,ea1,ea1,NA
EPI_ISL_16997753,NA,2023.079,G1,Europe,NA,1,1,53,1,5,1,1,1,NA
