EPI_ISL_1111|Human|H5N1|1997|Asia|,1997,-602.1,43.3904259991217,2277,2277,42.6877470355731,43.7417654808959
EPI_ISL_1193|Human|H5N1|1997|Asia|,1997,-592,43.3025911286781,2277,2277,42.5559947299078,43.6758893280632
EPI_ISL_1195|Human|H5N1|1997|Asia|,1997,-594.5,43.3025911286781,2277,2277,42.1607378129117,43.8735177865613
EPI_ISL_1189|Human|H5N1|1998|Asia|,1998,-595.8,43.3465085638999,2277,2277,42.6877470355731,43.6758893280632
EPI_ISL_1190|Human|H5N1|1997|Asia|,1997,-596.1,43.522178304787,2277,2277,42.9512516469038,43.8076416337286
EPI_ISL_1112|Human|H5N1|1997|Asia|,1997,-598.9,43.4782608695652,2277,2277,42.8194993412385,43.8076416337286
EPI_ISL_964|Human|H5N1|1997|Asia|,1997,-609.2,43.3465085638999,2277,2277,42.2924901185771,43.8735177865613
EPI_ISL_963|Human|H5N1|1997|Asia|,1997,-614.6,43.3465085638999,2277,2277,42.1607378129117,43.9393939393939
EPI_ISL_965|Human|H5N1|1997|Asia|,1997,-599.6,43.522178304787,2277,2277,42.9512516469038,43.8076416337286
EPI_ISL_954|Human|H5N1|1997|Asia|,1997,-588.8,43.1686693368936,2247,2247,41.7890520694259,43.8584779706275
EPI_ISL_268|Human|H5N1|2003|Asia|,2003,-644.1,44.6201141853316,2277,2277,45.0592885375494,44.4005270092227
EPI_ISL_3842|Human|H5N1|2003|Asia|,2003,-650,44.7079490557751,2277,2277,45.0592885375494,44.532279314888
EPI_ISL_3837|Human|H5N1|2004|Asia|,2004,-642.9,44.9275362318841,2277,2277,45.0592885375494,44.8616600790514
EPI_ISL_3836|Human|H5N1|2004|Asia|,2004,-643.5,44.7957839262187,2277,2277,45.1910408432148,44.5981554677207
EPI_ISL_4158|Human|H5N1|2004|Asia|,2004,-652.4,44.9714536671058,2277,2277,45.5862977602108,44.6640316205534
EPI_ISL_4156|Human|H5N1|2004|Asia|,2004,-645.6,44.8836187966623,2277,2277,45.5862977602108,44.532279314888
EPI_ISL_4155|Human|H5N1|2004|Asia|,2004,-645.2,44.9275362318841,2277,2277,45.5862977602108,44.5981554677207
EPI_ISL_4138|Swine|H5N1|2003|Asia|,2003,-632.1,44.7957839262187,2277,2277,45.1910408432148,44.5981554677207
EPI_ISL_4046|Human|H5N1|2004|Asia|,2004,-647.6,44.8397013614405,2277,2277,45.0592885375494,44.729907773386
EPI_ISL_4632|Feline|H5N1|2004|Asia|,2004,-634.1,45.0426200089726,2229,2229,45.4912516823688,44.8183041722746
EPI_ISL_4580|Swine|H5N1|2001|Asia|,2001,-646.3,44.8397013614405,2277,2277,45.1910408432148,44.6640316205534
EPI_ISL_4579|Swine|H5N1|2003|Asia|,2003,-638.2,44.8397013614405,2277,2277,45.3227931488801,44.5981554677207
EPI_ISL_5778|Human|H5N1|2006|Asia|,2006,-619.4,44.4883618796662,2277,2277,44.2687747035573,44.5981554677207
EPI_ISL_5777|Human|H5N1|2006.597|Asia|,2006.597,-622.3,44.6640316205534,2277,2277,44.532279314888,44.729907773386
EPI_ISL_5776|Human|H5N1|2006.592|Asia|,2006.592,-626.8,44.7079490557751,2277,2277,44.532279314888,44.7957839262187
EPI_ISL_5775|Human|H5N1|2006.408|Asia|,2006.408,-622.9,44.4005270092227,2277,2277,43.8735177865613,44.6640316205534
EPI_ISL_5774|Human|H5N1|2006.405|Asia|,2006.405,-622.5,44.4639718804921,2276,2277,43.8735177865613,44.7593935398813
EPI_ISL_5773|Human|H5N1|2006.51|Asia|,2006.51,-619.2,44.3126921387791,2277,2277,43.8735177865613,44.532279314888
EPI_ISL_5772|Human|H5N1|2006.447|Asia|,2006.447,-623.7,44.6201141853316,2277,2277,44.532279314888,44.6640316205534
EPI_ISL_5771|Human|H5N1|2006.447|Asia|,2006.447,-623.6,44.6201141853316,2277,2277,44.6640316205534,44.5981554677207
EPI_ISL_5770|Human|H5N1|2006.359|Asia|,2006.359,-641.6,45.0592885375494,2277,2277,45.8498023715415,44.6640316205534
EPI_ISL_5769|Human|H5N1|2006.386|Asia|,2006.386,-642.4,45.0153711023276,2277,2277,45.7180500658762,44.6640316205534
EPI_ISL_5768|Human|H5N1|2006.389|Asia|,2006.389,-627.4,44.532279314888,2277,2277,44.137022397892,44.729907773386
EPI_ISL_5767|Human|H5N1|2006.389|Asia|,2006.389,-627.4,44.532279314888,2277,2277,44.137022397892,44.729907773386
EPI_ISL_5766|Human|H5N1|2006.389|Asia|,2006.389,-627.4,44.5079086115993,2276,2277,44.137022397892,44.6934739617666
EPI_ISL_5765|Human|H5N1|2006.384|Asia|,2006.384,-642.4,45.0153711023276,2277,2277,45.7180500658762,44.6640316205534
EPI_ISL_5764|Human|H5N1|2006.378|Asia|,2006.378,-631.4,44.6640316205534,2277,2277,44.7957839262187,44.5981554677207
EPI_ISL_5763|Human|H5N1|2006.378|Asia|,2006.378,-631.4,44.6640316205534,2277,2277,44.7957839262187,44.5981554677207
EPI_ISL_5762|Human|H5N1|2006.378|Asia|,2006.378,-623.4,44.532279314888,2277,2277,44.6640316205534,44.4664031620553
EPI_ISL_5761|Human|H5N1|2006.375|Asia|,2006.375,-623.4,44.532279314888,2277,2277,44.6640316205534,44.4664031620553
EPI_ISL_5760|Human|H5N1|2006.356|Asia|,2006.356,-626.7,44.5761967501098,2277,2277,44.532279314888,44.5981554677207
EPI_ISL_5759|Human|H5N1|2006.315|Asia|,2006.315,-620.7,44.4883618796662,2277,2277,44.137022397892,44.6640316205534
EPI_ISL_5758|Human|H5N1|2006.222|Asia|,2006.222,-629.7,44.532279314888,2277,2277,44.137022397892,44.729907773386
EPI_ISL_5757|Human|H5N1|2006.222|Asia|,2006.222,-629.7,44.532279314888,2277,2277,44.137022397892,44.729907773386
EPI_ISL_5756|Human|H5N1|2006.222|Asia|,2006.222,-629.7,44.532279314888,2277,2277,44.137022397892,44.729907773386
EPI_ISL_5755|Human|H5N1|2006.356|Asia|,2006.356,-642.4,45.0153711023276,2277,2277,45.7180500658762,44.6640316205534
EPI_ISL_5754|Human|H5N1|2006.353|Asia|,2006.353,-644,45.0592885375494,2277,2277,45.8498023715415,44.6640316205534
EPI_ISL_5753|Human|H5N1|2006.353|Asia|,2006.353,-642.4,45.0153711023276,2277,2277,45.7180500658762,44.6640316205534
EPI_ISL_5752|Human|H5N1|2006.351|Asia|,2006.351,-642.4,45.0153711023276,2277,2277,45.7180500658762,44.6640316205534
EPI_ISL_5751|Human|H5N1|2006.351|Asia|,2006.351,-642.4,45.0153711023276,2277,2277,45.7180500658762,44.6640316205534
EPI_ISL_5750|Human|H5N1|2006.137|Asia|,2006.137,-623.2,44.6201141853316,2277,2277,44.532279314888,44.6640316205534
EPI_ISL_5747|Human|H5N1|2006.11|Asia|,2006.11,-630.4,44.7957839262187,2277,2277,44.7957839262187,44.7957839262187
EPI_ISL_5746|Human|H5N1|2006.11|Asia|,2006.11,-630.4,44.7957839262187,2277,2277,44.7957839262187,44.7957839262187
EPI_ISL_5745|Feline|H5N1|2006.058|Asia|,2006.058,-623.6,44.6201141853316,2277,2277,44.6640316205534,44.5981554677207
EPI_ISL_5744|Human|H5N1|2006.079|Asia|,2006.079,-632.4,44.7957839262187,2277,2277,44.9275362318841,44.729907773386
EPI_ISL_5743|Human|H5N1|2006.036|Asia|,2006.036,-624.9,44.5761967501098,2277,2277,44.4005270092227,44.6640316205534
EPI_ISL_5742|Human|H5N1|2006.041|Asia|,2006.041,-624.9,44.6201141853316,2277,2277,44.4005270092227,44.729907773386
EPI_ISL_5741|Human|H5N1|2006.038|Asia|,2006.038,-624.9,44.6201141853316,2277,2277,44.4005270092227,44.729907773386
EPI_ISL_5739|Human|H5N1|2006.044|Asia|,2006.044,-626.3,44.532279314888,2277,2277,44.4005270092227,44.5981554677207
EPI_ISL_5738|Human|H5N1|2005.953|Asia|,2005.953,-620.6,44.5761967501098,2277,2277,44.532279314888,44.5981554677207
EPI_ISL_5735|Human|H5N1|2005.948|Asia|,2005.948,-626.5,44.5761967501098,2277,2277,44.4005270092227,44.6640316205534
EPI_ISL_5734|Human|H5N1|2005.852|Asia|,2005.852,-634.8,44.532279314888,2277,2277,44.9275362318841,44.33465085639
EPI_ISL_5731|Human|H5N1|2005.742|Asia|,2005.742,-637.2,44.7518664909969,2277,2277,45.1910408432148,44.532279314888
EPI_ISL_6493|Human|H5N1|2006.784|Asia|,2006.784,-636.4,44.532279314888,2277,2277,44.4005270092227,44.5981554677207
EPI_ISL_6492|Human|H5N1|2006.729|Asia|,2006.729,-621.6,44.6640316205534,2277,2277,44.4005270092227,44.7957839262187
EPI_ISL_6491|Human|H5N1|2006.729|Asia|,2006.729,-621.6,44.6640316205534,2277,2277,44.4005270092227,44.7957839262187
EPI_ISL_6490|Human|H5N1|2006.723|Asia|,2006.723,-623.8,44.4005270092227,2277,2277,43.8735177865613,44.6640316205534
EPI_ISL_6489|Human|H5N1|2006.863|Asia|,2006.863,-621.9,44.4883618796662,2277,2277,44.137022397892,44.6640316205534
EPI_ISL_6488|Human|H5N1|2006.858|Asia|,2006.858,-632.8,44.3566095740009,2277,2277,44.0052700922266,44.532279314888
EPI_ISL_6487|Human|H5N1|2006.858|Asia|,2006.858,-632.6,44.3126921387791,2277,2277,43.8735177865613,44.532279314888
EPI_ISL_6801|Human|H5N1|2007.03|Asia|,2007.03,-621.4,44.9043168669337,2247,2247,45.1268357810414,44.7930574098798
EPI_ISL_6799|Human|H5N1|2007.027|Asia|,2007.027,-621.4,44.9043168669337,2247,2247,45.1268357810414,44.7930574098798
EPI_ISL_6798|Human|H5N1|2007.016|Asia|,2007.016,-629,44.5037828215398,2247,2247,44.1922563417891,44.6595460614152
EPI_ISL_6797|Human|H5N1|2007.016|Asia|,2007.016,-629.1,44.5482866043614,2247,2247,44.3257676902537,44.6595460614152
EPI_ISL_6796|Human|H5N1|2007.014|Asia|,2007.014,-629,44.5037828215398,2247,2247,44.1922563417891,44.6595460614152
EPI_ISL_6795|Human|H5N1|2007.011|Asia|,2007.011,-629.6,44.6325167037862,2245,2247,44.2513368983957,44.8229792919172
EPI_ISL_6794|Human|H5N1|2007.014|Asia|,2007.014,-630.3,44.6372941700045,2247,2247,44.1922563417891,44.8598130841121
EPI_ISL_6793|Human|H5N1|2007.011|Asia|,2007.011,-629.5,44.6126447016919,2246,2247,44.1176470588235,44.8598130841121
EPI_ISL_6792|Human|H5N1|2007.011|Asia|,2007.011,-624,44.5927903871829,2247,2247,44.1922563417891,44.7930574098798
EPI_ISL_9807|Feline|H5N1|2004|Asia|,2004,-649.3,44.8836187966623,2277,2277,45.4545454545455,44.5981554677207
EPI_ISL_10061|Human|H5N1|2005|Asia|,2005,-641.6,44.7368421052632,2280,2280,44.7368421052632,44.7368421052632
EPI_ISL_10059|Human|H5N1|2005|Asia|,2005,-632.4,44.9714536671058,2277,2277,45.7180500658762,44.5981554677207
EPI_ISL_10058|Human|H5N1|2005.852|Asia|,2005.852,-634.3,45.0153711023276,2277,2277,45.8498023715415,44.5981554677207
EPI_ISL_10049|Human|H5N1|2005|Asia|,2005,-639.5,44.7079490557751,2277,2277,44.6640316205534,44.729907773386
EPI_ISL_10391|Human|H5N1|2006|Asia|,2006,-662.4,45.147123407993,2277,2277,45.7180500658762,44.8616600790514
EPI_ISL_10333|Feline|H5N1|2006|Europe|,2006,-628.3,44.4005270092227,2277,2277,44.2687747035573,44.4664031620553
EPI_ISL_10305|Canine|H5N1|2004|Asia|,2004,-646.6,44.9275362318841,2277,2277,45.7180500658762,44.532279314888
EPI_ISL_9831|Human|H5N1|2005|Asia|,2005,-649.2,44.7957839262187,2277,2277,45.8498023715415,44.2687747035573
EPI_ISL_9829|Human|H5N1|2005|Asia|,2005,-651.7,44.7957839262187,2277,2277,45.5862977602108,44.4005270092227
EPI_ISL_9826|Human|H5N1|2004|Asia|,2004,-656.4,44.8397013614405,2277,2277,45.7180500658762,44.4005270092227
EPI_ISL_9825|Human|H5N1|2004|Asia|,2004,-656.4,44.9275362318841,2277,2277,45.8498023715415,44.4664031620553
EPI_ISL_11263|Human|H5N1|2006|Asia|,2006,-633.6,44.8924731182796,2232,2232,45.6989247311828,44.489247311828
EPI_ISL_12588|Human|H5N1|2006|Asia|,2006,-647.1,44.8598130841121,2247,2247,45.1268357810414,44.7263017356475
EPI_ISL_12587|Human|H5N1|2006|Asia|,2006,-644.3,44.7555555555556,2250,2250,45.0666666666667,44.6
EPI_ISL_12585|Human|H5N1|2006|Asia|,2006,-613.8,44.5374244537424,2151,2151,44.3514644351464,44.6304044630404
EPI_ISL_12401|Human|H5N1|2003|Asia|,2003,-645.8,45.0153711023276,2277,2277,45.8498023715415,44.5981554677207
EPI_ISL_5729|Human|H5N1|2005|Asia|,2005,-634.6,44.8594024604569,2276,2277,44.9868073878628,44.7957839262187
EPI_ISL_13895|Human|H5N1|2006|Asia|,2006,-641.6,44.9714536671058,2277,2277,45.9815546772069,44.4664031620553
EPI_ISL_13503|Human|H5N1|2006|Asia|,2006,-645,44.532279314888,2277,2277,44.7957839262187,44.4005270092227
EPI_ISL_13501|Human|H5N1|2006|Africa|,2006,-637.8,44.5333333333333,2250,2250,44.6666666666667,44.4666666666667
EPI_ISL_13500|Human|H5N1|2006|Africa|,2006,-636.2,44.5184198845983,2253,2253,44.474034620506,44.5406125166445
EPI_ISL_13496|Human|H5N1|2006.51|Asia|,2006.51,-613.6,44.3850267379679,2244,2244,43.716577540107,44.7192513368984
EPI_ISL_13498|Human|H5N1|2006.447|Asia|,2006.447,-619.3,44.5767195767196,2268,2268,44.4444444444444,44.6428571428571
EPI_ISL_13497|Human|H5N1|2006.414|Asia|,2006.414,-631.4,44.6640316205534,2277,2277,44.7957839262187,44.5981554677207
EPI_ISL_13489|Human|H5N1|2006.405|Asia|,2006.405,-622,44.4591029023747,2274,2274,43.7994722955145,44.7889182058047
EPI_ISL_13495|Human|H5N1|2006.373|Asia|,2006.373,-642.4,44.9561403508772,2280,2280,45.6578947368421,44.6052631578947
EPI_ISL_13494|Human|H5N1|2006.381|Asia|,2006.381,-636.9,45.0534759358289,2244,2244,45.7219251336898,44.7192513368984
EPI_ISL_13493|Human|H5N1|2006.353|Asia|,2006.353,-626.7,44.5175438596491,2280,2280,44.4736842105263,44.5394736842105
EPI_ISL_13490|Human|H5N1|2006.353|Asia|,2006.353,-642.4,45,2280,2280,45.7894736842105,44.6052631578947
EPI_ISL_13481|Human|H5N1|2006.351|Asia|,2006.351,-642.4,45.0153711023276,2277,2277,45.7180500658762,44.6640316205534
EPI_ISL_13488|Human|H5N1|2006.351|Asia|,2006.351,-642.4,45.0153711023276,2277,2277,45.7180500658762,44.6640316205534
EPI_ISL_13487|Human|H5N1|2006.14|Asia|,2006.14,-628.3,44.6640316205534,2277,2277,44.532279314888,44.729907773386
EPI_ISL_13485|Human|H5N1|2006|Asia|,2006,-624.9,44.5761967501098,2277,2277,44.4005270092227,44.6640316205534
EPI_ISL_13484|Human|H5N1|2006.079|Asia|,2006.079,-630.2,44.7518664909969,2277,2277,44.9275362318841,44.6640316205534
EPI_ISL_13483|Human|H5N1|2006.09|Asia|,2006.09,-627.6,44.7121820615797,2241,2241,44.578313253012,44.7791164658635
EPI_ISL_13479|Human|H5N1|2005|Asia|,2005,-624.3,44.6201141853316,2277,2277,44.532279314888,44.6640316205534
EPI_ISL_13478|Human|H5N1|2005|Asia|,2005,-626.4,44.5910290237467,2274,2274,44.3271767810026,44.7229551451187
EPI_ISL_13475|Human|H5N1|2005.86|Asia|,2005.86,-626.6,44.5714285714286,2275,2277,44.4591029023747,44.6275543836519
EPI_ISL_13474|Human|H5N1|2005|Asia|,2005,-637.2,44.7518664909969,2277,2277,45.1910408432148,44.532279314888
EPI_ISL_13472|Human|H5N1|2005|Asia|,2005,-634.3,44.7695035460993,2256,2256,44.813829787234,44.7473404255319
EPI_ISL_16357|Human|H5N1|2007|Asia|,2007,-658,44.8836187966623,2277,2277,45.1910408432148,44.729907773386
EPI_ISL_16356|Human|H5N1|2007|Asia|,2007,-658,44.8836187966623,2277,2277,45.1910408432148,44.729907773386
EPI_ISL_16254|Feline|H5N1|2005|Asia|,2005,-635.1,45.0592885375494,2277,2277,45.7180500658762,44.729907773386
EPI_ISL_11485|Human|H5N1|2004|Asia|,2004,-645.6,44.8397013614405,2277,2277,45.1910408432148,44.6640316205534
EPI_ISL_24602|Human|H5N1|2008.35|Asia|,2008.35,-621.4,44.6201141853316,2277,2277,44.532279314888,44.6640316205534
EPI_ISL_23815|Human|H5N1|2008.041|Asia|,2008.041,-615.4,44.47391688771,2262,2262,44.1644562334218,44.6286472148541
EPI_ISL_24609|Human|H5N1|2005.94|Asia|,2005.94,-653.1,44.6201141853316,2277,2277,44.9275362318841,44.4664031620553
EPI_ISL_24608|Human|H5N1|2005.91|Asia|,2005.91,-632.4,44.9714536671058,2277,2277,45.7180500658762,44.5981554677207
EPI_ISL_24607|Human|H5N1|2005.945|Asia|,2005.945,-649.5,44.7518664909969,2277,2277,45.0592885375494,44.5981554677207
EPI_ISL_24606|Human|H5N1|2005.877|Asia|,2005.877,-632.4,44.9714536671058,2277,2277,45.7180500658762,44.5981554677207
EPI_ISL_24605|Human|H5N1|2006.044|Asia|,2006.044,-633.7,45.0153711023276,2277,2277,45.8498023715415,44.5981554677207
EPI_ISL_24604|Human|H5N1|2006.027|Asia|,2006.027,-635.8,45.0153711023276,2277,2277,45.8498023715415,44.5981554677207
EPI_ISL_24603|Human|H5N1|2005.852|Asia|,2005.852,-638.2,45.1032059727712,2277,2277,45.8498023715415,44.729907773386
EPI_ISL_24753|Human|H5N1|2008|Asia|,2008,-622.4,44.5618670189344,2271,2271,44.1215323645971,44.782034346103
EPI_ISL_24752|Human|H5N1|2008|Asia|,2008,-630.8,44.6640316205534,2277,2277,44.7957839262187,44.5981554677207
EPI_ISL_13243|Ferret|H5N1|2006.216|Europe|,2006.216,-608.4,44.5052439580483,2193,2193,44.0492476060192,44.7332421340629
EPI_ISL_62768|Human|H5N1|2008.086|Asia|,2008.086,-634.5,44.681797952826,2247,2247,44.7263017356475,44.6595460614152
EPI_ISL_64676|Human|H5N1|2005.853|Asia|,2005.853,-634.6,44.5761967501098,2277,2277,45.0592885375494,44.33465085639
EPI_ISL_64276|Human|H5N1|2006.606|Asia|,2006.606,-639.8,44.8836187966623,2277,2277,45.5862977602108,44.532279314888
EPI_ISL_64227|Human|H5N1|2006|Asia|,2006,-661.2,45.0592885375494,2277,2277,45.7180500658762,44.729907773386
EPI_ISL_65327|Swine|H5N1|2004|Asia|,2004,-607.7,44.811753902663,2178,2178,45.0413223140496,44.6969696969697
EPI_ISL_65326|Swine|H5N1|2004|Asia|,2004,-642.3,44.9275362318841,2277,2277,45.4545454545455,44.6640316205534
EPI_ISL_65197|Feline|H5N1|2004|Asia|,2004,-658.7,44.8836187966623,2277,2277,45.3227931488801,44.6640316205534
EPI_ISL_65196|Feline|H5N1|2004|Asia|,2004,-656,44.8397013614405,2277,2277,45.3227931488801,44.5981554677207
EPI_ISL_64915|Canine|H5N1|2005|Asia|,2005,-642.8,45.1910408432148,2277,2277,46.5085638998682,44.532279314888
EPI_ISL_64914|Canine|H5N1|2005|Asia|,2005,-642.3,45.147123407993,2277,2277,46.5085638998682,44.4664031620553
EPI_ISL_67419|Swine|H5N1|2003|Asia|,2003,-636.3,44.9275362318841,2277,2277,45.4545454545455,44.6640316205534
EPI_ISL_68652|Human|H5N1|1997|Asia|,1997,-603.3,43.3465085638999,2277,2277,42.5559947299078,43.7417654808959
EPI_ISL_68082|Swine|H5N1|2001|Asia|,2001,-636.1,44.8836187966623,2277,2277,45.0592885375494,44.7957839262187
EPI_ISL_70397|Human|H5N1|2005.485|Asia|,2005.485,-647.3,44.7715289982425,2276,2277,45.1187335092348,44.5981554677207
EPI_ISL_76976|Swine|H5N1|2007|Asia|,2007,-636.4,44.4883618796662,2277,2277,44.2687747035573,44.5981554677207
EPI_ISL_76975|Swine|H5N1|2006|Asia|,2006,-636.4,44.4883618796662,2277,2277,44.2687747035573,44.5981554677207
EPI_ISL_76974|Swine|H5N1|2007|Asia|,2007,-636.4,44.4883618796662,2277,2277,44.2687747035573,44.5981554677207
EPI_ISL_76973|Swine|H5N1|2007|Asia|,2007,-636.1,44.9714536671058,2277,2277,45.1910408432148,44.8616600790514
EPI_ISL_76972|Swine|H5N1|2007|Asia|,2007,-636.4,44.4883618796662,2277,2277,44.2687747035573,44.5981554677207
EPI_ISL_76971|Swine|H5N1|2006|Asia|,2006,-636.5,44.9714536671058,2277,2277,45.3227931488801,44.7957839262187
EPI_ISL_76970|Swine|H5N1|2006|Asia|,2006,-636.5,44.9714536671058,2277,2277,45.3227931488801,44.7957839262187
EPI_ISL_76969|Swine|H5N1|2006|Asia|,2006,-636.4,44.4883618796662,2277,2277,44.2687747035573,44.5981554677207
EPI_ISL_76968|Swine|H5N1|2006|Asia|,2006,-636.5,44.9714536671058,2277,2277,45.3227931488801,44.7957839262187
EPI_ISL_76967|Swine|H5N1|2005|Asia|,2005,-635.3,44.9714536671058,2277,2277,45.1910408432148,44.8616600790514
EPI_ISL_76966|Swine|H5N1|2005|Asia|,2005,-635.3,44.9714536671058,2277,2277,45.1910408432148,44.8616600790514
EPI_ISL_76965|Swine|H5N1|2005|Asia|,2005,-635.3,44.9714536671058,2277,2277,45.1910408432148,44.8616600790514
EPI_ISL_76964|Swine|H5N1|2005|Asia|,2005,-635.3,44.9714536671058,2277,2277,45.1910408432148,44.8616600790514
EPI_ISL_76684|Human|H5N1|2008.141|Asia|,2008.141,-639.7,44.8836187966623,2277,2277,45.0592885375494,44.7957839262187
EPI_ISL_76683|Human|H5N1|2008.119|Asia|,2008.119,-617.9,44.6640316205534,2277,2277,44.7957839262187,44.5981554677207
EPI_ISL_76682|Human|H5N1|2008.108|Asia|,2008.108,-627.4,44.5761967501098,2277,2277,45.3227931488801,44.2028985507246
EPI_ISL_76681|Human|H5N1|2008.045|Asia|,2008.045,-614.4,44.7165532879819,2205,2205,45.3061224489796,44.421768707483
EPI_ISL_76680|Human|H5N1|2007.952|Asia|,2007.952,-625.6,44.8397013614405,2277,2277,45.4545454545455,44.532279314888
EPI_ISL_76679|Human|H5N1|2007.566|Asia|,2007.566,-627.3,44.7079490557751,2277,2277,45.1910408432148,44.4664031620553
EPI_ISL_76678|Human|H5N1|2007.464|Asia|,2007.464,-632,44.7957839262187,2277,2277,45.4545454545455,44.4664031620553
EPI_ISL_76677|Human|H5N1|2007.437|Asia|,2007.437,-629.7,44.7957839262187,2277,2277,45.4545454545455,44.4664031620553
EPI_ISL_76676|Human|H5N1|2007|Asia|,2007,-624,44.8397013614405,2277,2277,45.3227931488801,44.5981554677207
EPI_ISL_76675|Human|H5N1|2007.379|Asia|,2007.379,-629,44.9714536671058,2277,2277,45.5862977602108,44.6640316205534
EPI_ISL_76674|Human|H5N1|2005.823|Asia|,2005.823,-642.3,44.8836187966623,2277,2277,45.5862977602108,44.532279314888
EPI_ISL_76673|Human|H5N1|2005.158|Asia|,2005.158,-653.7,44.9714536671058,2277,2277,45.7180500658762,44.5981554677207
EPI_ISL_76672|Human|H5N1|2004.592|Asia|,2004.592,-659.7,45.0153711023276,2277,2277,45.5862977602108,44.729907773386
EPI_ISL_76671|Human|H5N1|2004.57|Asia|,2004.57,-653.6,44.7079490557751,2277,2277,45.1910408432148,44.4664031620553
EPI_ISL_76670|Human|H5N1|2004.042|Asia|,2004.042,-652.4,44.9714536671058,2277,2277,45.5862977602108,44.6640316205534
EPI_ISL_76669|Human|H5N1|2004.053|Asia|,2004.053,-637.1,44.8351648351648,2275,2277,45.5746367239102,44.4664031620553
EPI_ISL_76668|Human|H5N1|2004.018|Asia|,2004.018,-645.6,44.8836187966623,2277,2277,45.5862977602108,44.532279314888
EPI_ISL_76667|Human|H5N1|2004.015|Asia|,2004.015,-641.1,44.9033391915641,2276,2277,45.5862977602108,44.5616348055372
EPI_ISL_76666|Human|H5N1|2003.999|Asia|,2003.999,-652.9,45.2788757136583,2277,2277,45.7180500658762,45.0592885375494
EPI_ISL_76665|Human|H5N1|2003.993|Asia|,2003.993,-655.9,44.8836187966623,2277,2277,45.7180500658762,44.4664031620553
EPI_ISL_76664|Human|H5N1|2003.993|Asia|,2003.993,-646.4,44.9275362318841,2277,2277,45.5862977602108,44.5981554677207
EPI_ISL_76663|Human|H5N1|2003.99|Asia|,2003.99,-646.4,44.9275362318841,2277,2277,45.5862977602108,44.5981554677207
EPI_ISL_79685|Human|H5N1|2008.923|Asia|,2008.923,-636.3,45.2788757136583,2277,2277,46.6403162055336,44.5981554677207
EPI_ISL_79684|Human|H5N1|2007.921|Asia|,2007.921,-658,44.8836187966623,2277,2277,45.1910408432148,44.729907773386
EPI_ISL_79683|Human|H5N1|2007.896|Asia|,2007.896,-658,44.8836187966623,2277,2277,45.1910408432148,44.729907773386
EPI_ISL_79682|Human|H5N1|2007.132|Asia|,2007.132,-642.1,44.9714536671058,2277,2277,45.8498023715415,44.532279314888
EPI_ISL_79681|Human|H5N1|2006.463|Asia|,2006.463,-635.5,44.4883618796662,2277,2277,44.7957839262187,44.33465085639
EPI_ISL_79680|Human|H5N1|2006.247|Asia|,2006.247,-633.9,44.8397013614405,2277,2277,45.5862977602108,44.4664031620553
EPI_ISL_79679|Human|H5N1|2006.195|Asia|,2006.195,-661.2,45.0592885375494,2277,2277,45.7180500658762,44.729907773386
EPI_ISL_79678|Human|H5N1|2006.142|Asia|,2006.142,-660.7,45.1032059727712,2277,2277,45.7180500658762,44.7957839262187
EPI_ISL_79677|Human|H5N1|2006.071|Asia|,2006.071,-646.8,45.2349582784365,2277,2277,46.1133069828722,44.7957839262187
EPI_ISL_73306|Human|H5N1|2008.126|Asia|,2008.126,-649.7,44.6201141853316,2277,2277,44.2687747035573,44.7957839262187
EPI_ISL_73305|Human|H5N1|2008.115|Asia|,2008.115,-635.4,44.9275362318841,2277,2277,45.8498023715415,44.4664031620553
EPI_ISL_73303|Human|H5N1|2008.041|Asia|,2008.041,-643.7,44.4883618796662,2277,2277,44.2687747035573,44.5981554677207
EPI_ISL_73302|Human|H5N1|2007.205|Asia|,2007.205,-655.7,45.1910408432148,2277,2277,45.9815546772069,44.7957839262187
EPI_ISL_73320|Human|H5N1|2006.94|Asia|,2006.94,-659.3,45.0592885375494,2277,2277,45.7180500658762,44.729907773386
EPI_ISL_73299|Human|H5N1|2006.419|Asia|,2006.419,-641.6,44.9714536671058,2277,2277,45.9815546772069,44.4664031620553
EPI_ISL_73298|Human|H5N1|2006.288|Asia|,2006.288,-645.4,45.0153711023276,2277,2277,45.9815546772069,44.532279314888
EPI_ISL_73294|Human|H5N1|2006.11|Asia|,2006.11,-637.6,45.147123407993,2277,2277,45.9815546772069,44.729907773386
EPI_ISL_77975|Human|H5N1|2004|Asia|,2004,-652.3,44.7957839262187,2277,2277,44.9275362318841,44.729907773386
EPI_ISL_77974|Human|H5N1|2004|Asia|,2004,-652.3,44.7957839262187,2277,2277,44.9275362318841,44.729907773386
EPI_ISL_77973|Human|H5N1|2004|Asia|,2004,-652.3,44.7957839262187,2277,2277,44.9275362318841,44.729907773386
EPI_ISL_77972|Human|H5N1|2004|Asia|,2004,-652.3,44.7957839262187,2277,2277,44.9275362318841,44.729907773386
EPI_ISL_77971|Human|H5N1|2004|Asia|,2004,-648,44.7518664909969,2277,2277,44.7957839262187,44.729907773386
EPI_ISL_10060|Human|H5N1|2005|Asia|,2005,-644.4,45.0153711023276,2277,2277,46.1133069828722,44.4664031620553
EPI_ISL_80494|Human|H5N1|2008.943|Asia|,2008.943,-619.6,44.3126921387791,2277,2277,44.9275362318841,44.0052700922266
EPI_ISL_80471|Human|H5N1|2005.219|Asia|,2005.219,-654.7,45.0153711023276,2277,2277,45.8498023715415,44.5981554677207
EPI_ISL_84853|Human|H5N1|2005.263|Asia|,2005.263,-654.3,44.7518664909969,2277,2277,45.8498023715415,44.2028985507246
EPI_ISL_90136|Human|H5N1|2005|Asia|,2005,-654.3,44.7518664909969,2277,2277,45.8498023715415,44.2028985507246
EPI_ISL_73304|Human|H5N1|2005.893|Asia|,2005.893,-643.6,45.0592885375494,2277,2277,45.9815546772069,44.5981554677207
EPI_ISL_110187|Human|H5N1|2004|Asia|,2004,-646.4,44.7957839262187,2277,2277,45.1910408432148,44.5981554677207
EPI_ISL_109928|Human|H5N1|2004|Asia|,2004,-646.5,44.9714536671058,2277,2277,45.8498023715415,44.532279314888
EPI_ISL_120244|Human|H5N1|2008|Africa|,2008,-632.8,44.2248572683355,2277,2277,44.4005270092227,44.137022397892
EPI_ISL_124114|Human|H5N1|2005|Asia|,2005,-639.9,44.7518664909969,2277,2277,45.3227931488801,44.4664031620553
EPI_ISL_121541|Human|H5N1|2005|Asia|,2005,-634.9,44.9275362318841,2277,2277,45.1910408432148,44.7957839262187
EPI_ISL_120232|Human|H5N1|2007.195|Africa|,2007.195,-633.4,44.3566095740009,2277,2277,44.2687747035573,44.4005270092227
EPI_ISL_143547|Human|H5N1|2008.016|Asia|,2008.016,-617.9,44.6640316205534,2277,2277,44.7957839262187,44.5981554677207
EPI_ISL_143546|Human|H5N1|2008.016|Asia|,2008.016,-627.6,44.6640316205534,2277,2277,45.3227931488801,44.33465085639
EPI_ISL_143545|Human|H5N1|2007.512|Asia|,2007.512,-637.3,45.0592885375494,2277,2277,45.9815546772069,44.5981554677207
EPI_ISL_143490|Human|H5N1|2008.265|Asia|,2008.265,-635.8,45.0153711023276,2277,2277,45.9815546772069,44.532279314888
EPI_ISL_144531|Swine|H5N1|2008.915|Asia|,2008.915,-653.1,45.3227931488801,2277,2277,47.167325428195,44.4005270092227
EPI_ISL_150052|Human|H5N1|2008.309|Asia|,2008.309,-626.3,44.6201141853316,2277,2277,44.7957839262187,44.532279314888
EPI_ISL_188694|Human|H5N1|2006.605|Asia|,2006.605,-639.8,44.8836187966623,2277,2277,45.5862977602108,44.532279314888
EPI_ISL_343407|Human|H5N1|2008.123|Asia|,2008.123,-627.7,44.4005270092227,2277,2277,43.8735177865613,44.6640316205534
EPI_ISL_343406|Human|H5N1|2008.085|Asia|,2008.085,-619.3,44.4883618796662,2277,2277,44.0052700922266,44.729907773386
EPI_ISL_343385|Human|H5N1|2008.951|Asia|,2008.951,-628,44.7079490557751,2277,2277,44.532279314888,44.7957839262187
EPI_ISL_343384|Human|H5N1|2008.309|Asia|,2008.309,-618.9,44.5761967501098,2277,2277,44.4005270092227,44.6640316205534
EPI_ISL_343383|Human|H5N1|2008.238|Asia|,2008.238,-623.4,44.4005270092227,2277,2277,44.0052700922266,44.5981554677207
EPI_ISL_343382|Human|H5N1|2008.23|Asia|,2008.23,-621.4,44.8260678115368,2271,2271,44.782034346103,44.8480845442536
EPI_ISL_76081|Human|H5N1|2010.414|Asia|,2010.414,-665.1,45.147123407993,2277,2277,46.1133069828722,44.6640316205534
EPI_ISL_79687|Human|H5N1|2009.06|Asia|,2009.06,-647.2,44.5761967501098,2277,2277,44.7957839262187,44.4664031620553
EPI_ISL_79686|Human|H5N1|2009.019|Asia|,2009.019,-630.9,44.8397013614405,2277,2277,45.3227931488801,44.5981554677207
EPI_ISL_73308|Human|H5N1|2009.049|Asia|,2009.049,-653,44.6836555360281,2276,2277,44.9275362318841,44.5616348055372
EPI_ISL_73309|Human|H5N1|2009.038|Asia|,2009.038,-650.1,44.6640316205534,2277,2277,44.7957839262187,44.5981554677207
EPI_ISL_73313|Human|H5N1|2009.025|Asia|,2009.025,-643.1,44.9275362318841,2277,2277,45.5862977602108,44.5981554677207
EPI_ISL_73312|Human|H5N1|2009.011|Asia|,2009.011,-653.4,44.6201141853316,2277,2277,44.2687747035573,44.7957839262187
EPI_ISL_89366|Human|H5N1|2011.184|Asia|,2011.184,-630.6,44.532279314888,2277,2277,44.4005270092227,44.5981554677207
EPI_ISL_96896|Human|H5N1|2010.384|Asia|,2010.384,-665.1,45.147123407993,2277,2277,46.1133069828722,44.6640316205534
EPI_ISL_98855|Human|H5N1|2011.764|Asia|,2011.764,-629.3,44.7715289982425,2276,2277,44.4591029023747,44.9275362318841
EPI_ISL_98854|Human|H5N1|2011.764|Asia|,2011.764,-626.4,44.6789797713281,2274,2277,44.3271767810026,44.8548812664908
EPI_ISL_98741|Human|H5N1|2010.293|Asia|,2010.293,-624,44.4883618796662,2277,2277,45.1910408432148,44.137022397892
EPI_ISL_98740|Human|H5N1|2011.09|Asia|,2011.09,-627.1,44.4883618796662,2277,2277,45.4545454545455,44.0052700922266
EPI_ISL_100272|Human|H5N1|2011.989|Asia|,2011.989,-636.6,44.6515756768753,2253,2253,44.607190412783,44.6737683089214
EPI_ISL_110159|Human|H5N1|2012.025|Asia|,2012.025,-631.1,44.8397013614405,2277,2277,45.9815546772069,44.2687747035573
EPI_ISL_120290|Human|H5N1|2011.828|Africa|,2011.828,-627.1,43.8296003513395,2277,2277,42.9512516469038,44.2687747035573
EPI_ISL_120289|Human|H5N1|2011.97|Africa|,2011.97,-629.7,44.0491875274484,2277,2277,43.3465085638999,44.4005270092227
EPI_ISL_120288|Human|H5N1|2011.953|Africa|,2011.953,-629.7,44.0491875274484,2277,2277,43.3465085638999,44.4005270092227
EPI_ISL_120286|Human|H5N1|2011.915|Africa|,2011.915,-627.4,44.0052700922266,2277,2277,43.2147562582345,44.4005270092227
EPI_ISL_120285|Human|H5N1|2011.721|Africa|,2011.721,-624.2,43.917435221783,2277,2277,43.3465085638999,44.2028985507246
EPI_ISL_120284|Human|H5N1|2011|Africa|,2011,-627,43.7856829161177,2277,2277,42.9512516469038,44.2028985507246
EPI_ISL_120283|Human|H5N1|2011|Africa|,2011,-630,43.956043956044,2275,2277,43.32892998679,44.2687747035573
EPI_ISL_120282|Human|H5N1|2011|Africa|,2011,-632.5,44.0931049626702,2277,2277,43.3465085638999,44.4664031620553
EPI_ISL_120281|Human|H5N1|2011|Africa|,2011,-624.1,44.3126921387791,2277,2277,44.2687747035573,44.33465085639
EPI_ISL_120280|Human|H5N1|2011|Africa|,2011,-631.7,44.137022397892,2277,2277,43.4782608695652,44.4664031620553
EPI_ISL_120279|Human|H5N1|2011|Africa|,2011,-624.1,43.7856829161177,2277,2277,43.0830039525692,44.137022397892
EPI_ISL_120278|Human|H5N1|2011|Africa|,2011,-625.5,43.917435221783,2277,2277,43.0830039525692,44.33465085639
EPI_ISL_120277|Human|H5N1|2011|Africa|,2011,-628.2,43.9367311072056,2276,2277,43.2147562582345,44.2979564930784
EPI_ISL_120276|Human|H5N1|2011|Africa|,2011,-623.1,43.7856829161177,2277,2277,42.9512516469038,44.2028985507246
EPI_ISL_120275|Human|H5N1|2011|Africa|,2011,-622.6,43.8735177865613,2277,2277,43.2147562582345,44.2028985507246
EPI_ISL_120259|Human|H5N1|2009.362|Africa|,2009.362,-629.3,44.0491875274484,2277,2277,43.7417654808959,44.2028985507246
EPI_ISL_120253|Human|H5N1|2009.375|Africa|,2009.375,-622.8,44.0879120879121,2275,2277,43.2717678100264,44.4957152274225
EPI_ISL_121190|Human|H5N1|2012.404|Asia|,2012.404,-650.2,44.3126921387791,2277,2277,44.7957839262187,44.0711462450593
EPI_ISL_121547|Ferret|H5N1|2012|Asia|,2012,-628.6,44.8836187966623,2277,2277,45.1910408432148,44.729907773386
EPI_ISL_121546|Ferret|H5N1|2012|Asia|,2012,-626.8,44.8397013614405,2277,2277,45.1910408432148,44.6640316205534
EPI_ISL_121545|Ferret|H5N1|2012|Asia|,2012,-628.6,44.8836187966623,2277,2277,45.1910408432148,44.729907773386
EPI_ISL_121544|Ferret|H5N1|2012|Asia|,2012,-633.1,44.9275362318841,2277,2277,45.3227931488801,44.729907773386
EPI_ISL_121543|Ferret|H5N1|2012|Asia|,2012,-628.6,44.8836187966623,2277,2277,45.1910408432148,44.729907773386
EPI_ISL_121542|Ferret|H5N1|2012|Asia|,2012,-628.6,44.8836187966623,2277,2277,45.1910408432148,44.729907773386
EPI_ISL_135216|Human|H5N1|2013.104|Asia|,2013.104,-631,44.6201141853316,2277,2277,44.0052700922266,44.9275362318841
EPI_ISL_139509|Human|H5N1|2012.492|Asia|,2012.492,-618.8,44.2384105960265,2265,2265,43.1788079470199,44.7682119205298
EPI_ISL_139508|Human|H5N1|2012.161|Asia|,2012.161,-645.1,44.6640316205534,2277,2277,44.0052700922266,44.9934123847167
EPI_ISL_141267|Human|H5N1|2011.178|Asia|,2011.178,-626.1,44.4883618796662,2277,2277,44.137022397892,44.6640316205534
EPI_ISL_143548|Human|H5N1|2009.115|Asia|,2009.115,-631.3,45.1032059727712,2277,2277,46.3768115942029,44.4664031620553
EPI_ISL_143544|Human|H5N1|2010.186|Asia|,2010.186,-642.7,44.6201141853316,2277,2277,44.9275362318841,44.4664031620553
EPI_ISL_143543|Human|H5N1|2009.088|Asia|,2009.088,-636.6,44.6640316205534,2277,2277,45.0592885375494,44.4664031620553
EPI_ISL_143542|Human|H5N1|2010.252|Asia|,2010.252,-645.1,44.5761967501098,2277,2277,44.532279314888,44.5981554677207
EPI_ISL_143489|Human|H5N1|2009.192|Asia|,2009.192,-634.3,44.5714285714286,2275,2277,45.7067371202114,44.0052700922266
EPI_ISL_143488|Human|H5N1|2012.036|Asia|,2012.036,-616.8,44.3126921387791,2277,2277,44.7957839262187,44.0711462450593
EPI_ISL_143494|Human|H5N1|2012.194|Africa|,2012.194,-620.5,43.9613526570048,2277,2277,43.0830039525692,44.4005270092227
EPI_ISL_144532|Swine|H5N1|2009|Asia|,2009,-646.9,44.4444444444444,2277,2277,44.4005270092227,44.4664031620553
EPI_ISL_150197|Human|H5N1|2009.156|Asia|,2009.156,-627.7,44.7957839262187,2277,2277,44.6640316205534,44.8616600790514
EPI_ISL_150014|Human|H5N1|2013.066|Asia|,2013.066,-640.3,45.4419889502762,2172,2172,46.1325966850829,45.0966850828729
EPI_ISL_151057|Human|H5N1|2011.266|Asia|,2011.266,-630.8,44.5761967501098,2277,2277,44.7957839262187,44.4664031620553
EPI_ISL_150577|Human|H5N1|2011.09|Asia|,2011.09,-636.3,44.3126921387791,2277,2277,43.8735177865613,44.532279314888
EPI_ISL_150573|Human|H5N1|2010.414|Asia|,2010.414,-623.2,44.7079490557751,2277,2277,44.9275362318841,44.5981554677207
EPI_ISL_150551|Human|H5N1|2010.707|Asia|,2010.707,-627.4,44.8397013614405,2277,2277,45.1910408432148,44.6640316205534
EPI_ISL_150550|Human|H5N1|2010.312|Asia|,2010.312,-620.3,44.3566095740009,2277,2277,44.137022397892,44.4664031620553
EPI_ISL_150548|Human|H5N1|2010.888|Asia|,2010.888,-619.3,44.6201141853316,2277,2277,44.7957839262187,44.532279314888
EPI_ISL_151134|Feline|H5N1|2013.052|Asia|,2013.052,-631.6,44.3126921387791,2277,2277,44.4005270092227,44.2687747035573
EPI_ISL_162425|Human|H5N1|2013.159|Asia|,2013.159,-647.9,44.9714536671058,2277,2277,45.9815546772069,44.4664031620553
EPI_ISL_165438|Human|H5N1|2011.797|Asia|,2011.797,-670.9,45.1910408432148,2277,2277,46.1133069828722,44.729907773386
EPI_ISL_166661|Human|H5N1|2012.396|Asia|,2012.396,-624.7,44.4005270092227,2277,2277,44.6640316205534,44.2687747035573
EPI_ISL_166660|Human|H5N1|2012.24|Asia|,2012.24,-630.3,44.8836187966623,2277,2277,46.1133069828722,44.2687747035573
EPI_ISL_166640|Human|H5N1|2013.132|Asia|,2013.132,-654.6,45.0153711023276,2277,2277,45.7180500658762,44.6640316205534
EPI_ISL_166638|Human|H5N1|2013.099|Asia|,2013.099,-662.3,45.2788757136583,2277,2277,45.9815546772069,44.9275362318841
EPI_ISL_166637|Human|H5N1|2013.06|Asia|,2013.06,-631.4,45.4672245467225,2151,2151,46.0251046025105,45.1882845188285
EPI_ISL_166636|Human|H5N1|2013.022|Asia|,2013.022,-639.7,45.2864230942715,2217,2217,46.1434370771313,44.8579161028417
EPI_ISL_166659|Feline|H5N1|2013.195|Asia|,2013.195,-665.9,45.2349582784365,2277,2277,46.3768115942029,44.6640316205534
EPI_ISL_191956|Human|H5N1|2013.255|Asia|,2013.255,-653.8,45.0153711023276,2277,2277,45.7180500658762,44.6640316205534
EPI_ISL_195244|Human|H5N1|2012.145|Asia|,2012.145,-619.1,44.2687747035573,2277,2277,45.0592885375494,43.8735177865613
EPI_ISL_343391|Human|H5N1|2010.414|Asia|,2010.414,-638.7,44.4883618796662,2277,2277,43.8735177865613,44.7957839262187
EPI_ISL_343397|Human|H5N1|2011.597|Asia|,2011.597,-630.2,44.7518664909969,2277,2277,44.4005270092227,44.9275362318841
EPI_ISL_343396|Human|H5N1|2011.266|Asia|,2011.266,-628,44.8397013614405,2277,2277,45.0592885375494,44.729907773386
EPI_ISL_343395|Human|H5N1|2011.088|Asia|,2011.088,-635.1,44.8836187966623,2277,2277,45.0592885375494,44.7957839262187
EPI_ISL_343394|Human|H5N1|2011.09|Asia|,2011.09,-637.3,44.3126921387791,2277,2277,43.3465085638999,44.7957839262187
EPI_ISL_343393|Human|H5N1|2010.888|Asia|,2010.888,-635.3,44.2687747035573,2277,2277,43.3465085638999,44.729907773386
EPI_ISL_343392|Human|H5N1|2010.512|Asia|,2010.512,-626.8,44.2825607064018,2265,2265,43.3112582781457,44.7682119205298
EPI_ISL_343390|Human|H5N1|2010.312|Asia|,2010.312,-621.8,44.4444444444444,2277,2277,44.2687747035573,44.532279314888
EPI_ISL_343389|Human|H5N1|2009.408|Asia|,2009.408,-625,44.4444444444444,2277,2277,44.0052700922266,44.6640316205534
EPI_ISL_343388|Human|H5N1|2009.386|Asia|,2009.386,-637.8,44.7079490557751,2277,2277,44.4005270092227,44.8616600790514
EPI_ISL_343387|Human|H5N1|2009.156|Asia|,2009.156,-632.9,44.8397013614405,2277,2277,44.6640316205534,44.9275362318841
EPI_ISL_343386|Human|H5N1|2009.058|Asia|,2009.058,-629.7,44.8836187966623,2277,2277,44.7957839262187,44.9275362318841
EPI_ISL_343405|Human|H5N1|2009.071|Asia|,2009.071,-634.6,45.0153711023276,2277,2277,45.3227931488801,44.8616600790514
EPI_ISL_343411|Human|H5N1|2009.06|Asia|,2009.06,-613,44.3566095740009,2277,2277,44.4005270092227,44.33465085639
EPI_ISL_343410|Human|H5N1|2011.17|Asia|,2011.17,-632,44.4444444444444,2277,2277,43.7417654808959,44.7957839262187
EPI_ISL_343408|Human|H5N1|2010.647|Asia|,2010.647,-638.5,44.7518664909969,2277,2277,44.6640316205534,44.7957839262187
EPI_ISL_343400|Human|H5N1|2012.582|Asia|,2012.582,-621,44.532279314888,2277,2277,44.2687747035573,44.6640316205534
EPI_ISL_343399|Human|H5N1|2012.142|Asia|,2012.142,-617.7,44.532279314888,2277,2277,44.137022397892,44.729907773386
EPI_ISL_343398|Human|H5N1|2012.115|Asia|,2012.115,-623.2,44.5030782761653,2274,2274,44.0633245382586,44.7229551451187
EPI_ISL_378627|Meerkat|H5N1|2012.331|Asia|,2012.331,-625.2,44.2687747035573,2277,2277,44.6640316205534,44.0711462450593
EPI_ISL_891209|Human|H5N1|2011|Asia|,2011,-636.6,44.4444444444444,2277,2277,44.2687747035573,44.532279314888
EPI_ISL_502207|Ferret|H5N1|2018.526|Asia|,2018.526,-628.6,44.532279314888,2277,2277,45.9815546772069,43.8076416337286
EPI_ISL_8799552|Human|H5N1|2021.984|Europe|,2021.984,-651.5,45.079086115993,2276,2277,46.4379947229551,44.4005270092227
EPI_ISL_144507|Human|H5N1|2013.46|Asia|,2013.46,-633.6,44.5761967501098,2277,2277,44.0052700922266,44.8616600790514
EPI_ISL_154130|Human|H5N1|2014.005|NorthAmerica|,2014.005,-653,45.1669595782074,2276,2277,47.4308300395257,44.0342781806196
EPI_ISL_150015|Human|H5N1|2013.603|Asia|,2013.603,-645.3,45.119208277103,2223,2223,45.6140350877193,44.8717948717949
EPI_ISL_162667|Human|H5N1|2014.296|Asia|,2014.296,-622.3,44.3416996917657,2271,2271,43.8573315719947,44.5838837516513
EPI_ISL_162429|Human|H5N1|2013.805|Asia|,2013.805,-660,45.2349582784365,2277,2277,45.9815546772069,44.8616600790514
EPI_ISL_162428|Human|H5N1|2013.707|Asia|,2013.707,-653.4,45.0153711023276,2277,2277,45.4545454545455,44.7957839262187
EPI_ISL_162427|Human|H5N1|2013.699|Asia|,2013.699,-653.6,45.0153711023276,2277,2277,45.8498023715415,44.5981554677207
EPI_ISL_162424|Human|H5N1|2013.622|Asia|,2013.622,-658.4,45.0153711023276,2277,2277,45.4545454545455,44.7957839262187
EPI_ISL_162420|Human|H5N1|2013.515|Asia|,2013.515,-649.1,45.1032059727712,2277,2277,45.5862977602108,44.8616600790514
EPI_ISL_162419|Human|H5N1|2013.488|Asia|,2013.488,-655.2,44.8836187966623,2277,2277,45.4545454545455,44.5981554677207
EPI_ISL_167907|Human|H5N1|2014.428|Asia|,2014.428,-621.9,44.0159574468085,2256,2256,42.9521276595745,44.5478723404255
EPI_ISL_174852|Human|H5N1|2014.907|Africa|,2014.907,-642.8,43.8296003513395,2277,2277,42.8194993412385,44.33465085639
EPI_ISL_174851|Human|H5N1|2014.901|Africa|,2014.901,-642.9,43.8735177865613,2277,2277,42.6877470355731,44.4664031620553
EPI_ISL_191955|Human|H5N1|2014.074|Asia|,2014.074,-608.5,45.3028135431569,2097,2097,45.9227467811159,44.9928469241774
EPI_ISL_191954|Human|H5N1|2014.047|Asia|,2014.047,-668.9,45.0153711023276,2277,2277,45.5862977602108,44.729907773386
EPI_ISL_195659|Human|H5N1|2015.038|Africa|,2015.038,-639.4,43.8927943760984,2276,2277,42.7440633245383,44.4664031620553
EPI_ISL_195245|Human|H5N1|2013.871|Asia|,2013.871,-654.8,45.0592885375494,2277,2277,45.7180500658762,44.729907773386
EPI_ISL_221726|Feline|H5N1|2014.953|Asia|,2014.953,-633.1,44.137022397892,2277,2277,43.3465085638999,44.532279314888
EPI_ISL_221723|Feline|H5N1|2014.266|Asia|,2014.266,-634.2,44.2687747035573,2277,2277,44.2687747035573,44.2687747035573
EPI_ISL_221722|Feline|H5N1|2015.611|Asia|,2015.611,-661.7,45.1910408432148,2277,2277,47.2990777338603,44.137022397892
EPI_ISL_226074|Swine|H5N1|2014.838|Asia|,2014.838,-633.3,44.9714536671058,2277,2277,45.5862977602108,44.6640316205534
EPI_ISL_226073|Swine|H5N1|2014.784|Asia|,2014.784,-644,44.9275362318841,2277,2277,45.4545454545455,44.6640316205534
EPI_ISL_243348|Ferret|H5N1|2015.493|Asia|,2015.493,-654.6,44.9714536671058,2277,2277,46.9038208168643,44.0052700922266
EPI_ISL_243347|Ferret|H5N1|2015.512|Asia|,2015.512,-643,44.3126921387791,2277,2277,43.4782608695652,44.729907773386
EPI_ISL_255387|Human|H5N1|2014.175|Asia|,2014.175,-660.5,44.8836187966623,2277,2277,45.4545454545455,44.5981554677207
EPI_ISL_255386|Human|H5N1|2014.173|Asia|,2014.173,-663,45.0592885375494,2277,2277,45.4545454545455,44.8616600790514
EPI_ISL_255593|Human|H5N1|2014.175|Asia|,2014.175,-657.9,44.8836187966623,2277,2277,45.4545454545455,44.5981554677207
EPI_ISL_262572|Human|H5N1|2014.863|Africa|,2014.863,-639.4,43.8735177865613,2277,2277,42.6877470355731,44.4664031620553
EPI_ISL_343404|Human|H5N1|2015.227|Asia|,2015.227,-633.8,44.0931049626702,2277,2277,42.8194993412385,44.729907773386
EPI_ISL_343403|Human|H5N1|2015.225|Asia|,2015.225,-632.5,44.0917107583774,2268,2268,42.7248677248677,44.7751322751323
EPI_ISL_343402|Human|H5N1|2013.86|Asia|,2013.86,-623.3,44.1189525077674,2253,2253,42.8761651131824,44.7403462050599
EPI_ISL_343401|Human|H5N1|2013.737|Asia|,2013.737,-634.3,44.2248572683355,2277,2277,43.3465085638999,44.6640316205534
EPI_ISL_379574|Human|H5N1|2015.055|Asia|,2015.055,-662.5,45.1910408432148,2277,2277,47.562582345191,44.0052700922266
EPI_ISL_393329|Swine|H5N1|2015|Asia|,2015,-623.6,44.2248572683355,2277,2277,44.2687747035573,44.2028985507246
EPI_ISL_244744|Feline|H5N1|2016.279|Asia|,2016.279,-655.3,44.9275362318841,2277,2277,46.9038208168643,43.9393939393939
EPI_ISL_376124|Ferret|H5N1|2017.43|Asia|,2017.43,-649.4,45.5436720142603,2244,2244,47.7272727272727,44.451871657754
EPI_ISL_354656|Human|H5N1|2019.227|Asia|,2019.227,-647.3,45.1910408432148,2277,2277,46.5085638998682,44.532279314888
EPI_ISL_354655|Human|H5N1|2019.227|Asia|,2019.227,-646.9,45.2108963093146,2276,2277,46.5085638998682,44.5616348055372
EPI_ISL_358020|Human|H5N1|2019.227|Asia|,2019.227,-647.3,45.1910408432148,2277,2277,46.5085638998682,44.532279314888
EPI_ISL_877035|Human|H5N1|2020.79|Asia|,2020.79,-636.4,44.7957839262187,2277,2277,45.7180500658762,44.33465085639
EPI_ISL_3547|Human|H7N7|2003|Europe|,2003,-663,44.8836187966623,2277,2277,46.5085638998682,44.0711462450593
EPI_ISL_29945|Equine|H7N7|1966|NorthAmerica|,1966,-522.9,39.3500219587176,2277,2277,32.0158102766798,43.0171277997365
EPI_ISL_89157|Equine|H7N7|1956.443|Europe|,1956.443,-501.7,39.262187088274,2277,2277,32.0158102766798,42.8853754940711
EPI_ISL_132868|Equine|H7N7|1956|Europe|,1956,-500.5,39.3061045234958,2277,2277,32.1475625823452,42.8853754940711
EPI_ISL_171318|Human|H7N7|2013.682|Europe|,2013.682,-670.8,45.2349582784365,2277,2277,47.167325428195,44.2687747035573
EPI_ISL_5226|Human|H1N2|2003.31|NorthAmerica|seasonal,2003.31,-586.1,42.3803249890206,2277,2277,39.9209486166008,43.6100131752306
EPI_ISL_6423|Human|H1N2|2003|NorthAmerica|seasonal,2003,-586.1,42.3803249890206,2277,2277,39.9209486166008,43.6100131752306
EPI_ISL_8267|Human|H1N2|2003.266|NorthAmerica|seasonal,2003.266,-586.1,42.3803249890206,2277,2277,39.9209486166008,43.6100131752306
EPI_ISL_8266|Human|H1N2|2003.079|NorthAmerica|seasonal,2003.079,-586.1,42.3803249890206,2277,2277,39.9209486166008,43.6100131752306
EPI_ISL_8263|Human|H1N2|2003.167|NorthAmerica|seasonal,2003.167,-585.8,42.4242424242424,2277,2277,40.0527009222661,43.6100131752306
EPI_ISL_8230|Human|H1N2|2003.041|NorthAmerica|seasonal,2003.041,-589,42.4242424242424,2277,2277,40.0527009222661,43.6100131752306
EPI_ISL_8229|Human|H1N2|2003.112|NorthAmerica|seasonal,2003.112,-586.1,42.4242424242424,2277,2277,40.0527009222661,43.6100131752306
EPI_ISL_8205|Human|H1N2|2003.107|NorthAmerica|seasonal,2003.107,-587,42.4242424242424,2277,2277,40.0527009222661,43.6100131752306
EPI_ISL_8702|Human|H1N2|2003.173|NorthAmerica|seasonal,2003.173,-585.3,42.3364075537989,2277,2277,39.7891963109354,43.6100131752306
EPI_ISL_8691|Human|H1N2|2003.033|NorthAmerica|seasonal,2003.033,-586.1,42.3803249890206,2277,2277,39.9209486166008,43.6100131752306
EPI_ISL_8653|Human|H1N2|2002.956|NorthAmerica|seasonal,2002.956,-586.1,42.3803249890206,2277,2277,39.9209486166008,43.6100131752306
EPI_ISL_8607|Human|H1N2|2003.099|NorthAmerica|seasonal,2003.099,-584.1,42.2485726833553,2277,2277,39.5256916996047,43.6100131752306
EPI_ISL_8997|Human|H1N2|2003.11|NorthAmerica|seasonal,2003.11,-586.1,42.3803249890206,2277,2277,39.9209486166008,43.6100131752306
EPI_ISL_8996|Human|H1N2|2003.071|NorthAmerica|seasonal,2003.071,-581.9,42.3364075537989,2277,2277,39.7891963109354,43.6100131752306
EPI_ISL_8970|Human|H1N2|2003.088|NorthAmerica|seasonal,2003.088,-586.1,42.3803249890206,2277,2277,39.9209486166008,43.6100131752306
EPI_ISL_8960|Human|H1N2|2003.326|NorthAmerica|seasonal,2003.326,-586.2,42.4242424242424,2277,2277,39.9209486166008,43.6758893280632
EPI_ISL_9052|Human|H1N2|2003|NorthAmerica|seasonal,2003,-586.1,42.3803249890206,2277,2277,39.9209486166008,43.6100131752306
EPI_ISL_9037|Human|H1N2|2003.077|NorthAmerica|seasonal,2003.077,-586.1,42.3803249890206,2277,2277,39.9209486166008,43.6100131752306
EPI_ISL_9881|Swine|H1N2|2003|NorthAmerica|,2003,-583.5,42.2046552481335,2277,2277,39.5256916996047,43.5441370223979
EPI_ISL_9538|Swine|H1N2|2004|Asia|,2004,-610.5,43.0830039525692,2277,2277,41.1067193675889,44.0711462450593
EPI_ISL_13920|Swine|H1N2|2005|Asia|,2005,-620.7,43.9613526570048,2277,2277,42.4242424242424,44.729907773386
EPI_ISL_15606|Human|H1N2|2003|Europe|seasonal,2003,-586.1,42.4362357080035,2274,2274,39.9736147757256,43.6675461741425
EPI_ISL_28433|Swine|H1N2|1980|Asia|,1980,-601.1,42.7504393673111,2276,2277,39.7097625329815,44.2687747035573
EPI_ISL_30055|Human|H1N2|2007.63|NorthAmerica|,2007.63,-626.6,45.006599208095,2273,2274,46.1741424802111,44.4224422442244
EPI_ISL_29769|Swine|H1N2|2003.31|Asia|,2003.31,-619.4,43.2147562582345,2277,2277,41.6337285902503,44.0052700922266
EPI_ISL_88949|Swine|H1N2|1999.97|Asia|,1999.97,-620,43.3904259991217,2277,2277,41.7654808959157,44.2028985507246
EPI_ISL_88371|Swine|H1N2|2006.025|Asia|,2006.025,-623.4,43.3904259991217,2277,2277,40.7114624505929,44.729907773386
EPI_ISL_88362|Swine|H1N2|2004.784|Asia|,2004.784,-619.4,43.0390865173474,2277,2277,41.2384716732543,43.9393939393939
EPI_ISL_88357|Swine|H1N2|2004.21|Asia|,2004.21,-616.8,43.0390865173474,2277,2277,41.1067193675889,44.0052700922266
EPI_ISL_88356|Swine|H1N2|2004.145|Asia|,2004.145,-622.6,42.9512516469038,2277,2277,41.1067193675889,43.8735177865613
EPI_ISL_88354|Swine|H1N2|2003.953|Asia|,2003.953,-624.7,43.3025911286781,2277,2277,41.7654808959157,44.0711462450593
EPI_ISL_88352|Swine|H1N2|2003.789|Asia|,2003.789,-621.1,43.126921387791,2277,2277,41.3702239789196,44.0052700922266
EPI_ISL_88350|Swine|H1N2|2003.616|Asia|,2003.616,-616.7,43.1708388230127,2277,2277,41.3702239789196,44.0711462450593
EPI_ISL_88349|Swine|H1N2|2003.521|Asia|,2003.521,-622.9,43.2586736934563,2277,2277,41.6337285902503,44.0711462450593
EPI_ISL_88343|Swine|H1N2|2002.688|Asia|,2002.688,-625.7,43.3025911286781,2277,2277,41.7654808959157,44.0711462450593
EPI_ISL_88342|Swine|H1N2|2002.614|Asia|,2002.614,-619.1,43.3465085638999,2277,2277,42.0289855072464,44.0052700922266
EPI_ISL_88338|Swine|H1N2|2002.055|Asia|,2002.055,-618.5,43.1708388230127,2277,2277,41.501976284585,44.0052700922266
EPI_ISL_88330|Swine|H1N2|2001.389|Asia|,2001.389,-609.8,43.126921387791,2277,2277,40.9749670619236,44.2028985507246
EPI_ISL_103792|Swine|H1N2|2007.915|Asia|,2007.915,-610.5,42.9951690821256,2277,2277,40.0527009222661,44.4664031620553
EPI_ISL_126261|Human|H1N2|2007.63|NorthAmerica|,2007.63,-626.8,44.9472759226714,2276,2277,46.1133069828722,44.3638760711931
EPI_ISL_96979|Swine|H1N2|2010.156|Asia|,2010.156,-598.1,43.2147562582345,2277,2277,41.501976284585,44.0711462450593
EPI_ISL_96978|Swine|H1N2|2010.156|Asia|,2010.156,-598.1,43.2147562582345,2277,2277,41.501976284585,44.0711462450593
EPI_ISL_96977|Swine|H1N2|2010.156|Asia|,2010.156,-599.5,43.2586736934563,2277,2277,41.501976284585,44.137022397892
EPI_ISL_96976|Swine|H1N2|2010.156|Asia|,2010.156,-599.5,43.2586736934563,2277,2277,41.501976284585,44.137022397892
EPI_ISL_96975|Swine|H1N2|2010.156|Asia|,2010.156,-598.1,43.2147562582345,2277,2277,41.501976284585,44.0711462450593
EPI_ISL_99810|Human|H1N2|2011.841|NorthAmerica|,2011.841,-628.9,45.121412803532,2265,2265,46.4900662251656,44.4370860927152
EPI_ISL_119366|Swine|H1N2|2011.071|NorthAmerica|,2011.071,-634.6,44.0491875274484,2277,2277,43.8735177865613,44.137022397892
EPI_ISL_126260|Human|H1N2|2011.841|NorthAmerica|,2011.841,-632.5,45.1032059727712,2277,2277,46.6403162055336,44.33465085639
EPI_ISL_129684|Human|H1N2|2012.653|NorthAmerica|,2012.653,-629.3,45.0592885375494,2277,2277,46.3768115942029,44.4005270092227
EPI_ISL_181100|Swine|H1N2|2012.087|Asia|,2012.087,-643.2,44.7518664909969,2277,2277,45.5862977602108,44.33465085639
EPI_ISL_181099|Swine|H1N2|2012.087|Asia|,2012.087,-628.4,44.0491875274484,2277,2277,44.2687747035573,43.9393939393939
EPI_ISL_181098|Swine|H1N2|2012.087|Asia|,2012.087,-628.4,44.0491875274484,2277,2277,44.2687747035573,43.9393939393939
EPI_ISL_181097|Swine|H1N2|2012.087|Asia|,2012.087,-628.4,44.0491875274484,2277,2277,44.2687747035573,43.9393939393939
EPI_ISL_281918|Swine|H1N2|2013.277|NorthAmerica|,2013.277,-635.8,44.5761967501098,2277,2277,44.9275362318841,44.4005270092227
EPI_ISL_505233|Swine|H1N2|2011.992|Europe|,2011.992,-632.5,44.8836187966623,2277,2277,46.3768115942029,44.137022397892
EPI_ISL_320690|Human|H1N2|2018.578|NorthAmerica|,2018.578,-622.8,45.1032059727712,2277,2277,46.3768115942029,44.4664031620553
EPI_ISL_320687|Human|H1N2|2018.578|NorthAmerica|,2018.578,-622.9,45.1032059727712,2277,2277,46.3768115942029,44.4664031620553
EPI_ISL_320686|Human|H1N2|2018.57|NorthAmerica|,2018.57,-623,45.1910408432148,2277,2277,46.6403162055336,44.4664031620553
EPI_ISL_320688|Human|H1N2|2018.597|NorthAmerica|,2018.597,-622.9,45.1032059727712,2277,2277,46.5085638998682,44.4005270092227
EPI_ISL_320689|Human|H1N2|2018.578|NorthAmerica|,2018.578,-622.9,45.147123407993,2277,2277,46.5085638998682,44.4664031620553
EPI_ISL_329970|Human|H1N2|2018.633|NorthAmerica|,2018.633,-623.2,45.147123407993,2277,2277,46.3768115942029,44.532279314888
EPI_ISL_329967|Human|H1N2|2018.603|NorthAmerica|,2018.603,-622.9,45.1032059727712,2277,2277,46.5085638998682,44.4005270092227
EPI_ISL_329969|Human|H1N2|2018.597|NorthAmerica|,2018.597,-622.6,45.2349582784365,2277,2277,46.7720685111989,44.4664031620553
EPI_ISL_329968|Human|H1N2|2018.595|NorthAmerica|,2018.595,-621.8,45.1032059727712,2277,2277,46.3768115942029,44.4664031620553
EPI_ISL_1897643|Human|H1N2|2021|NorthAmerica|,2021,-630.4,43.8927943760984,2276,2277,43.1398416886544,44.2687747035573
EPI_ISL_4106156|Human|H1N2|2021.627|Europe|,2021.627,-609.3,44.2248572683355,2277,2277,44.137022397892,44.2687747035573
EPI_ISL_7334895|Human|H1N2|2021.721|NorthAmerica|,2021.721,-631.8,45.2788757136583,2277,2277,47.167325428195,44.33465085639
EPI_ISL_10877204|Human|H1N2|2021.986|NorthAmerica|,2021.986,-625.6,44.5957820738137,2276,2277,43.7994722955145,44.9934123847167
EPI_ISL_10864794|Human|H1N2|2021.986|NorthAmerica|,2021.986,-626.2,44.5761967501098,2277,2277,43.7417654808959,44.9934123847167
EPI_ISL_223342|Human|H1N2|2015.904|SouthAmerica|,2015.904,-631.9,44.4005270092227,2277,2277,44.9275362318841,44.137022397892
EPI_ISL_700766|Swine|H1N2|2015.247|SouthAmerica|,2015.247,-627.2,44.7079490557751,2277,2277,45.4545454545455,44.33465085639
EPI_ISL_700759|Swine|H1N2|2015.085|SouthAmerica|,2015.085,-634.3,43.8735177865613,2277,2277,43.8735177865613,43.8735177865613
EPI_ISL_221825|Human|H1N2|2016.24|NorthAmerica|,2016.24,-626.3,44.5761967501098,2277,2277,44.532279314888,44.5981554677207
EPI_ISL_230639|Human|H1N2|2016.437|NorthAmerica|,2016.437,-636.4,45.3667105841019,2277,2277,47.167325428195,44.4664031620553
EPI_ISL_230638|Human|H1N2|2016.265|NorthAmerica|,2016.265,-644.7,45.3667105841019,2277,2277,46.5085638998682,44.7957839262187
EPI_ISL_277244|Human|H1N2|2017.625|NorthAmerica|,2017.625,-627.9,45.1910408432148,2277,2277,46.6403162055336,44.4664031620553
EPI_ISL_277243|Human|H1N2|2017.562|NorthAmerica|,2017.562,-630.2,44.4200351493849,2276,2277,44.532279314888,44.3638760711931
EPI_ISL_330080|Human|H1N2|2017.797|NorthAmerica|,2017.797,-644.6,45.1910408432148,2277,2277,46.1133069828722,44.729907773386
EPI_ISL_6781349|Swine|H1N2|2020.454|Europe|,2020.454,-640.8,44.0931049626702,2277,2277,43.6100131752306,44.33465085639
EPI_ISL_6781340|Swine|H1N2|2020.454|Europe|,2020.454,-640.9,44.137022397892,2277,2277,43.7417654808959,44.33465085639
EPI_ISL_1767|Swine|H4N6|1999|NorthAmerica|,1999,-637.4,45.2307692307692,2275,2277,46.9656992084433,44.3638760711931
EPI_ISL_163594|Seal|H4N6|2002.548|Europe|,2002.548,-669.8,45.4545454545455,2277,2277,47.9578392621871,44.2028985507246
EPI_ISL_163595|Seal|H4N6|2012.754|Europe|,2012.754,-669.8,45.4545454545455,2277,2277,47.9578392621871,44.2028985507246
EPI_ISL_213836|Swine|H4N6|2015.956|NorthAmerica|,2015.956,-641.1,45.4984628897672,2277,2277,47.0355731225296,44.729907773386
EPI_ISL_4040|Swine|H3N3|2001|NorthAmerica|,2001,-646,44.8836187966623,2277,2277,45.8498023715415,44.4005270092227
EPI_ISL_4039|Swine|H3N3|2001|NorthAmerica|,2001,-636.4,44.7957839262187,2277,2277,45.5862977602108,44.4005270092227
EPI_ISL_12597|Human|H9N2|2000|Asia|,2000,-637.2,44.7079490557751,2277,2277,45.4545454545455,44.33465085639
EPI_ISL_12580|Swine|H9N2|2005|Asia|,2005,-652.4,44.8836187966623,2277,2277,45.5862977602108,44.532279314888
EPI_ISL_13020|Swine|H9N2|2005|Asia|,2005,-639.2,44.5761967501098,2277,2277,44.4005270092227,44.6640316205534
EPI_ISL_13023|Swine|H9N2|2005|Asia|,2005,-634.6,44.5761967501098,2277,2277,44.4005270092227,44.6640316205534
EPI_ISL_13022|Swine|H9N2|2005|Asia|,2005,-629.1,44.6640316205534,2277,2277,44.532279314888,44.729907773386
EPI_ISL_15584|Swine|H9N2|2004|Asia|,2004,-636.1,44.3126921387791,2277,2277,44.6640316205534,44.137022397892
EPI_ISL_15583|Swine|H9N2|2004|Asia|,2004,-636.6,43.9613526570048,2277,2277,43.3465085638999,44.2687747035573
EPI_ISL_65625|Swine|H9N2|2004|Asia|,2004,-638.1,44.4005270092227,2277,2277,44.7957839262187,44.2028985507246
EPI_ISL_66541|Ferret|H9N2|2008|NorthAmerica|,2008,-593.9,42.6438296003513,2277,2277,40.5797101449275,43.6758893280632
EPI_ISL_67424|Swine|H9N2|2003|Asia|,2003,-617.6,44.2248572683355,2277,2277,43.8735177865613,44.4005270092227
EPI_ISL_81609|Swine|H9N2|2007.085|Asia|,2007.085,-641.3,44.0491875274484,2277,2277,43.8735177865613,44.137022397892
EPI_ISL_81608|Swine|H9N2|2007.085|Asia|,2007.085,-641.3,44.0931049626702,2277,2277,43.8735177865613,44.2028985507246
EPI_ISL_81611|Swine|H9N2|2007.085|Asia|,2007.085,-641.5,44.0491875274484,2277,2277,43.8735177865613,44.137022397892
EPI_ISL_81610|Swine|H9N2|2007.085|Asia|,2007.085,-641.4,44.0491875274484,2277,2277,43.7417654808959,44.2028985507246
EPI_ISL_84440|Swine|H9N2|2008.833|Asia|,2008.833,-657.5,45.1187335092348,2274,2274,46.3060686015831,44.5250659630607
EPI_ISL_84439|Swine|H9N2|2008.749|Asia|,2008.749,-616.2,44.0931049626702,2277,2277,43.6100131752306,44.33465085639
EPI_ISL_243355|Swine|H9N2|1998|Asia|,1998,-630.7,44.0491875274484,2277,2277,43.7417654808959,44.2028985507246
EPI_ISL_235799|Human|H9N2|2004.467|Asia|,2004.467,-612.3,43.5660957400088,2277,2277,42.0289855072464,44.33465085639
EPI_ISL_235795|Swine|H9N2|2008.751|Asia|,2008.751,-627,44.2687747035573,2277,2277,44.4005270092227,44.2028985507246
EPI_ISL_235759|Ferret|H9N2|2008|NorthAmerica|,2008,-616.6,43.4782608695652,2277,2277,42.0289855072464,44.2028985507246
EPI_ISL_235751|Ferret|H9N2|2008|NorthAmerica|,2008,-616.6,43.4782608695652,2277,2277,42.0289855072464,44.2028985507246
EPI_ISL_379214|Swine|H9N2|1998|Asia|,1998,-633.2,44.0931049626702,2277,2277,43.7417654808959,44.2687747035573
EPI_ISL_93624|Canine|H9N2|2011|Asia|,2011,-656.3,44.9096518289996,2269,2277,46.2864721485411,44.2244224422442
EPI_ISL_103210|Equine|H9N2|2011.208|Asia|,2011.208,-656.5,44.8594024604569,2276,2277,46.3060686015831,44.137022397892
EPI_ISL_140388|Human|H9N2|2011.153|Asia|,2011.153,-638,45.1032059727712,2277,2277,45.7180500658762,44.7957839262187
EPI_ISL_139173|Swine|H9N2|2009.781|Asia|,2009.781,-639.6,44.7518664909969,2277,2277,45.9815546772069,44.137022397892
EPI_ISL_139172|Swine|H9N2|2009.499|Asia|,2009.499,-662.6,45.4984628897672,2277,2277,47.4308300395257,44.532279314888
EPI_ISL_179451|Swine|H9N2|2010.079|Asia|,2010.079,-631.8,44.3516483516484,2275,2277,44.2536327608983,44.4005270092227
EPI_ISL_229212|Swine|H9N2|2012.721|Asia|,2012.721,-628.2,44.9275362318841,2277,2277,45.9815546772069,44.4005270092227
EPI_ISL_235736|Ferret|H9N2|2012|NorthAmerica|,2012,-635.9,44.6640316205534,2277,2277,45.0592885375494,44.4664031620553
EPI_ISL_330737|Human|H9N2|2018.003|Asia|,2018.003,-642.5,45.0153711023276,2277,2277,46.2450592885375,44.4005270092227
EPI_ISL_337277|Human|H9N2|2018.06|Asia|,2018.06,-629,44.5761967501098,2277,2277,45.9815546772069,43.8735177865613
EPI_ISL_337279|Human|H9N2|2017.904|Asia|,2017.904,-645.8,45.0153711023276,2277,2277,46.5085638998682,44.2687747035573
EPI_ISL_345234|Human|H9N2|2018.797|Asia|,2018.797,-631.5,44.3566095740009,2277,2277,45.0592885375494,44.0052700922266
EPI_ISL_345235|Human|H9N2|2018.775|Asia|,2018.775,-652.8,44.7957839262187,2277,2277,45.7180500658762,44.33465085639
EPI_ISL_345236|Human|H9N2|2018.907|Asia|,2018.907,-649.1,44.8836187966623,2277,2277,46.2450592885375,44.2028985507246
EPI_ISL_3246989|Human|H9N2|2021.419|Asia|,2021.419,-650.8,44.1809398331137,2277,2277,44.4005270092227,44.0711462450593
EPI_ISL_2991499|Human|H9N2|2021.416|Asia|,2021.416,-650.8,44.1809398331137,2277,2277,44.4005270092227,44.0711462450593
EPI_ISL_3247000|Human|H9N2|2021.088|Asia|,2021.088,-646.2,45.079086115993,2276,2277,46.5085638998682,44.3638760711931
EPI_ISL_3246991|Human|H9N2|2021.304|Asia|,2021.304,-625.6,44.6201141853316,2277,2277,45.4545454545455,44.2028985507246
EPI_ISL_3246998|Human|H9N2|2021.11|Asia|,2021.11,-646.9,44.7957839262187,2277,2277,46.1133069828722,44.137022397892
EPI_ISL_3247002|Human|H9N2|2021.008|Asia|,2021.008,-645.1,44.9033391915641,2276,2277,45.9815546772069,44.3638760711931
EPI_ISL_3247004|Human|H9N2|2021.071|Asia|,2021.071,-653.6,45.2349582784365,2277,2277,46.6403162055336,44.532279314888
EPI_ISL_3247005|Human|H9N2|2021.047|Asia|,2021.047,-640.1,44.7957839262187,2277,2277,46.3768115942029,44.0052700922266
EPI_ISL_3246990|Human|H9N2|2021.321|Asia|,2021.321,-631.2,44.7518664909969,2277,2277,46.3768115942029,43.9393939393939
EPI_ISL_153064|Human|H9N2|2013.989|Asia|,2013.989,-664.1,45.3227931488801,2277,2277,46.7720685111989,44.5981554677207
EPI_ISL_174274|Ferret|H9N2|2013.677|Asia|,2013.677,-615.6,44.0931049626702,2277,2277,44.532279314888,43.8735177865613
EPI_ISL_203644|Human|H9N2|2015.668|Asia|,2015.668,-643.8,44.7518664909969,2277,2277,46.1133069828722,44.0711462450593
EPI_ISL_206451|Human|H9N2|2015.101|Asia|,2015.101,-649.5,44.7957839262187,2277,2277,46.1133069828722,44.137022397892
EPI_ISL_234468|Human|H9N2|2015.912|Asia|,2015.912,-643.8,44.7518664909969,2277,2277,46.1133069828722,44.0711462450593
EPI_ISL_282910|Ferret|H9N2|2014.967|Asia|,2014.967,-654.4,44.7079490557751,2277,2277,45.9815546772069,44.0711462450593
EPI_ISL_282909|Ferret|H9N2|2014.967|Asia|,2014.967,-656,44.8836187966623,2277,2277,46.1133069828722,44.2687747035573
EPI_ISL_378687|Ferret|H9N2|2015.526|Asia|,2015.526,-642.7,45.0902686041391,2271,2277,46.6135458167331,44.33465085639
EPI_ISL_378686|Ferret|H9N2|2015.471|Asia|,2015.471,-642.2,44.9779735682819,2270,2277,46.6135458167331,44.166117336849
EPI_ISL_378685|Ferret|H9N2|2015.452|Asia|,2015.452,-642.9,45.1101321585903,2270,2277,46.5425531914894,44.4005270092227
EPI_ISL_378684|Ferret|H9N2|2015.427|Asia|,2015.427,-644.3,45.3303964757709,2270,2277,46.9414893617021,44.532279314888
EPI_ISL_378683|Ferret|H9N2|2015.375|Asia|,2015.375,-642.2,45.0022016732717,2271,2277,46.4807436918991,44.2687747035573
EPI_ISL_378682|Ferret|H9N2|2015.353|Asia|,2015.353,-638.4,45.0220264317181,2270,2277,46.4807436918991,44.2979564930784
EPI_ISL_381335|Swine|H9N2|2015.375|Asia|,2015.375,-651.9,45.3227931488801,2277,2277,46.7720685111989,44.5981554677207
EPI_ISL_379943|Ferret|H9N2|2014.967|Asia|,2014.967,-649.5,44.6640316205534,2277,2277,45.7180500658762,44.137022397892
EPI_ISL_253028|Human|H9N2|2016.454|Asia|,2016.454,-655.6,44.8836187966623,2277,2277,45.8498023715415,44.4005270092227
EPI_ISL_285482|Human|H9N2|2017.321|Asia|,2017.321,-645.4,44.4883618796662,2277,2277,45.0592885375494,44.2028985507246
EPI_ISL_285481|Human|H9N2|2016.945|Asia|,2016.945,-642.3,44.4883618796662,2277,2277,45.1910408432148,44.137022397892
EPI_ISL_337281|Human|H9N2|2017.712|Asia|,2017.712,-647.9,45.0153711023276,2277,2277,46.3768115942029,44.33465085639
EPI_ISL_353983|Human|H9N2|2019.216|Asia|,2019.216,-625.3,43.6539306104523,2277,2277,42.8194993412385,44.0711462450593
EPI_ISL_395069|Human|H9N2|2019.214|Asia|,2019.214,-657.1,44.2687747035573,2277,2277,44.532279314888,44.137022397892
EPI_ISL_407978|Human|H9N2|2019.844|Asia|,2019.844,-641.7,44.7275922671353,2276,2277,45.910290237467,44.137022397892
EPI_ISL_410990|Human|H9N2|2019.096|Asia|,2019.096,-646.6,44.9275362318841,2277,2277,46.3768115942029,44.2028985507246
EPI_ISL_447901|Human|H9N2|2020.232|Asia|,2020.232,-628.7,44.6640316205534,2277,2277,45.7180500658762,44.137022397892
EPI_ISL_504875|Human|H9N2|2019.088|Asia|,2019.088,-624.1,44.4005270092227,2277,2277,44.0052700922266,44.5981554677207
EPI_ISL_503942|Swine|H9N2|2019.247|Asia|,2019.247,-652.2,44.7079490557751,2277,2277,46.6403162055336,43.7417654808959
EPI_ISL_548683|Human|H9N2|2020.224|Asia|,2020.224,-624.8,44.6593406593407,2275,2277,45.7180500658762,44.1292875989446
EPI_ISL_548680|Human|H9N2|2020.342|Asia|,2020.342,-640.2,45.0592885375494,2277,2277,46.3768115942029,44.4005270092227
EPI_ISL_548682|Human|H9N2|2020.303|Asia|,2020.303,-654.4,45.4106280193237,2277,2277,47.4308300395257,44.4005270092227
EPI_ISL_696559|Human|H9N2|2019.162|Asia|,2019.162,-653.6,44.2248572683355,2277,2277,44.532279314888,44.0711462450593
EPI_ISL_5873|Human|H7N3|2004.358|NorthAmerica|,2004.358,-643.3,45.2788757136583,2277,2277,46.1133069828722,44.8616600790514
EPI_ISL_128317|Human|H7N3|2012.519|NorthAmerica|,2012.519,-647.3,45.8058849363197,2277,2277,48.3530961791831,44.532279314888
EPI_ISL_9542|Swine|H3N1|2004|NorthAmerica|,2004,-636.2,44.9714536671058,2277,2277,46.5085638998682,44.2028985507246
EPI_ISL_10547|Swine|H3N1|2006|Asia|,2006,-617.3,44.6640316205534,2277,2277,45.7180500658762,44.137022397892
EPI_ISL_10546|Swine|H3N1|2006|Asia|,2006,-622.1,44.7079490557751,2277,2277,45.4545454545455,44.33465085639
EPI_ISL_150871|Swine|H3N1|2007.814|NorthAmerica|,2007.814,-632.9,45.0592885375494,2277,2277,46.2450592885375,44.4664031620553
EPI_ISL_90108|Canine|H3N1|2010.096|Asia|,2010.096,-638.7,44.6201141853316,2277,2277,45.4545454545455,44.2028985507246
EPI_ISL_142698|Swine|H3N1|2012.101|Asia|,2012.101,-634.5,44.6640316205534,2277,2277,45.5862977602108,44.2028985507246
EPI_ISL_167145|Canine|H3N1|2012.197|Asia|,2012.197,-638.7,44.6201141853316,2277,2277,45.4545454545455,44.2028985507246
EPI_ISL_181096|Swine|H3N1|2012.087|Asia|,2012.087,-628.4,44.0491875274484,2277,2277,44.2687747035573,43.9393939393939
EPI_ISL_303866|Swine|H3N1|2018.019|NorthAmerica|,2018.019,-639.7,45.6302151954326,2277,2277,47.562582345191,44.6640316205534
EPI_ISL_4082025|Swine|H3N1|2021.115|NorthAmerica|,2021.115,-617.6,44.4005270092227,2277,2277,44.137022397892,44.532279314888
EPI_ISL_167983|Swine|H3N1|2014.707|NorthAmerica|,2014.707,-635.8,44.0931049626702,2277,2277,43.8735177865613,44.2028985507246
EPI_ISL_245576|Swine|H3N1|2016.822|NorthAmerica|,2016.822,-627.8,45.2349582784365,2277,2277,46.7720685111989,44.4664031620553
EPI_ISL_252810|Swine|H3N1|2016.907|NorthAmerica|,2016.907,-625.5,45.147123407993,2277,2277,46.5085638998682,44.4664031620553
EPI_ISL_252696|Swine|H3N1|2016.91|NorthAmerica|,2016.91,-626.7,45.2788757136583,2277,2277,46.9038208168643,44.4664031620553
EPI_ISL_501277|Swine|H3N1|2020.057|NorthAmerica|,2020.057,-627.4,45.147123407993,2277,2277,46.2450592885375,44.5981554677207
EPI_ISL_503900|Swine|H3N1|2020.134|NorthAmerica|,2020.134,-622.4,44.2687747035573,2277,2277,45.0592885375494,43.8735177865613
EPI_ISL_707020|Swine|H3N1|2020.533|NorthAmerica|,2020.533,-626.7,44.532279314888,2277,2277,44.4005270092227,44.5981554677207
EPI_ISL_697745|Swine|H3N1|2020.77|NorthAmerica|,2020.77,-631,45.0153711023276,2277,2277,46.1133069828722,44.4664031620553
EPI_ISL_16424|Human|H7N2|2003|NorthAmerica|,2003,-644.5,44.8836187966623,2277,2277,46.2450592885375,44.2028985507246
EPI_ISL_85566|Swine|H7N2|2001|Asia|,2001,-650.8,44.6640316205534,2277,2277,44.9275362318841,44.532279314888
EPI_ISL_253575|Human|H7N2|2016.964|NorthAmerica|,2016.964,-615.1,43.2147562582345,2277,2277,41.2384716732543,44.2028985507246
EPI_ISL_260817|Feline|H7N2|2016.929|NorthAmerica|,2016.929,-615.1,43.2147562582345,2277,2277,41.2384716732543,44.2028985507246
EPI_ISL_283470|Feline|H7N2|2016|NorthAmerica|,2016,-622.1,43.1708388230127,2277,2277,41.1067193675889,44.2028985507246
EPI_ISL_283469|Feline|H7N2|2016|NorthAmerica|,2016,-622.1,43.1708388230127,2277,2277,41.1067193675889,44.2028985507246
EPI_ISL_283468|Feline|H7N2|2016|NorthAmerica|,2016,-622.1,43.1708388230127,2277,2277,41.1067193675889,44.2028985507246
EPI_ISL_283467|Feline|H7N2|2016|NorthAmerica|,2016,-615.1,43.1708388230127,2277,2277,41.2384716732543,44.137022397892
EPI_ISL_283466|Feline|H7N2|2016|NorthAmerica|,2016,-622.1,43.1708388230127,2277,2277,41.1067193675889,44.2028985507246
EPI_ISL_26266|Ferret|H10N4|1984.749|Europe|,1984.749,-643.1,45.0592885375494,2277,2277,46.7720685111989,44.2028985507246
EPI_ISL_28757|Swine|H5N2|2008|Asia|,2008,-616.9,44.4883618796662,2277,2277,45.5862977602108,43.9393939393939
EPI_ISL_28756|Swine|H5N2|2008|Asia|,2008,-665.8,45.2349582784365,2277,2277,47.562582345191,44.0711462450593
EPI_ISL_234382|Swine|H5N2|2014.792|NorthAmerica|,2014.792,-647.6,44.9275362318841,2277,2277,47.167325428195,43.8076416337286
EPI_ISL_378722|Swine|H5N2|2015.745|NorthAmerica|,2015.745,-646.3,44.9472759226714,2276,2277,47.2295514511873,43.8076416337286
EPI_ISL_80217|Swine|H11N6|2001|Asia|,2001,-638.3,44.6201141853316,2277,2277,43.8735177865613,44.9934123847167
EPI_ISL_129071|Swine|H10N5|2008.328|Asia|,2008.328,-658,45.4984628897672,2277,2277,47.2990777338603,44.5981554677207
EPI_ISL_170528|Swine|H3N6|1985|Asia|,1985,-638,44.9714536671058,2277,2277,46.1133069828722,44.4005270092227
EPI_ISL_89164|Swine|H6N6|2010.044|Asia|,2010.044,-620,44.0387153541575,2273,2277,43.0830039525692,44.5178335535007
EPI_ISL_139117|Swine|H6N6|2009|Asia|,2009,-645.8,45.0153711023276,2277,2277,45.4545454545455,44.7957839262187
EPI_ISL_127501|Swine|H4N8|2011.803|Asia|,2011.803,-635.1,44.532279314888,2277,2277,45.3227931488801,44.137022397892
EPI_ISL_138977|Human|H7N9|2013.225|Asia|,2013.225,-662.1,45.1032059727712,2277,2277,47.167325428195,44.0711462450593
EPI_ISL_138739|Human|H7N9|2013.214|Asia|,2013.214,-653.4,44.9714536671058,2277,2277,46.7720685111989,44.0711462450593
EPI_ISL_138738|Human|H7N9|2013.173|Asia|,2013.173,-650.5,44.9714536671058,2277,2277,46.9038208168643,44.0052700922266
EPI_ISL_138737|Human|H7N9|2013.153|Asia|,2013.153,-653.3,44.8397013614405,2277,2277,46.2450592885375,44.137022397892
EPI_ISL_139904|Human|H7N9|2013.274|Asia|,2013.274,-653.4,45.0153711023276,2277,2277,46.9038208168643,44.0711462450593
EPI_ISL_139903|Human|H7N9|2013.274|Asia|,2013.274,-653.4,44.9275362318841,2277,2277,46.6403162055336,44.0711462450593
EPI_ISL_139499|Human|H7N9|2013.249|Asia|,2013.249,-649.8,45.0153711023276,2277,2277,46.7720685111989,44.137022397892
EPI_ISL_139498|Human|H7N9|2013.227|Asia|,2013.227,-650.9,44.8397013614405,2277,2277,46.1133069828722,44.2028985507246
EPI_ISL_139653|Human|H7N9|2013.252|Asia|,2013.252,-652.9,44.9472759226714,2276,2277,46.7018469656992,44.0711462450593
EPI_ISL_139652|Human|H7N9|2013.225|Asia|,2013.225,-658.1,45.0549450549451,2275,2277,47.0976253298153,44.0342781806196
EPI_ISL_140356|Human|H7N9|2013.31|Asia|,2013.31,-653.8,45.0592885375494,2277,2277,47.0355731225296,44.0711462450593
EPI_ISL_139364|Human|H7N9|2013.252|Asia|,2013.252,-650.6,44.9275362318841,2277,2277,46.7720685111989,44.0052700922266
EPI_ISL_139651|Human|H7N9|2013.227|Asia|,2013.227,-662.1,45.1032059727712,2277,2277,47.167325428195,44.0711462450593
EPI_ISL_139650|Human|H7N9|2013.184|Asia|,2013.184,-654.4,44.9714536671058,2277,2277,46.6403162055336,44.137022397892
EPI_ISL_139649|Human|H7N9|2013.156|Asia|,2013.156,-653.4,45.0153711023276,2277,2277,46.7720685111989,44.137022397892
EPI_ISL_140924|Human|H7N9|2013.173|Asia|,2013.173,-653.4,45.0153711023276,2277,2277,46.7720685111989,44.137022397892
EPI_ISL_141191|Human|H7N9|2013.301|Asia|,2013.301,-649.4,44.7957839262187,2277,2277,46.5085638998682,43.9393939393939
EPI_ISL_141190|Human|H7N9|2013.282|Asia|,2013.282,-653.4,44.9275362318841,2277,2277,46.6403162055336,44.0711462450593
EPI_ISL_141188|Human|H7N9|2013.269|Asia|,2013.269,-650.7,44.9275362318841,2277,2277,46.7720685111989,44.0052700922266
EPI_ISL_141187|Human|H7N9|2013.274|Asia|,2013.274,-655.5,45.1230228471002,2276,2277,47.0355731225296,44.166117336849
EPI_ISL_141186|Human|H7N9|2013.252|Asia|,2013.252,-652.3,45.0153711023276,2277,2277,46.9038208168643,44.0711462450593
EPI_ISL_141185|Human|H7N9|2013.271|Asia|,2013.271,-652,44.9230769230769,2275,2277,46.7018469656992,44.0342781806196
EPI_ISL_141184|Human|H7N9|2013.266|Asia|,2013.266,-654.4,44.9714536671058,2277,2277,46.7720685111989,44.0711462450593
EPI_ISL_141183|Human|H7N9|2013.312|Asia|,2013.312,-650,44.9912126537786,2276,2277,46.9038208168643,44.0342781806196
EPI_ISL_141182|Human|H7N9|2013.31|Asia|,2013.31,-653.4,44.9472759226714,2276,2277,46.6403162055336,44.1001977587343
EPI_ISL_141181|Human|H7N9|2013.31|Asia|,2013.31,-654.5,45.0153711023276,2277,2277,46.9038208168643,44.0711462450593
EPI_ISL_141180|Human|H7N9|2013.307|Asia|,2013.307,-653.4,44.9275362318841,2277,2277,46.6403162055336,44.0711462450593
EPI_ISL_141179|Human|H7N9|2013.301|Asia|,2013.301,-653.4,44.9275362318841,2277,2277,46.6403162055336,44.0711462450593
EPI_ISL_141178|Human|H7N9|2013.288|Asia|,2013.288,-652.6,45.0592885375494,2277,2277,47.0355731225296,44.0711462450593
EPI_ISL_141177|Human|H7N9|2013.271|Asia|,2013.271,-649,45.0153711023276,2277,2277,46.7720685111989,44.137022397892
EPI_ISL_141176|Human|H7N9|2013.269|Asia|,2013.269,-653.4,44.9275362318841,2277,2277,46.6403162055336,44.0711462450593
EPI_ISL_141175|Human|H7N9|2013.252|Asia|,2013.252,-654.4,44.9714536671058,2277,2277,46.7720685111989,44.0711462450593
EPI_ISL_141174|Human|H7N9|2013.266|Asia|,2013.266,-653.4,44.9033391915641,2276,2277,46.6403162055336,44.0342781806196
EPI_ISL_141173|Human|H7N9|2013.263|Asia|,2013.263,-654.7,44.9275362318841,2277,2277,46.7720685111989,44.0052700922266
EPI_ISL_141172|Human|H7N9|2013.252|Asia|,2013.252,-649.8,45.010989010989,2275,2277,46.7720685111989,44.1292875989446
EPI_ISL_141171|Human|H7N9|2013.271|Asia|,2013.271,-653,45.0592885375494,2277,2277,47.0355731225296,44.0711462450593
EPI_ISL_141170|Human|H7N9|2013.271|Asia|,2013.271,-651.8,45.0153711023276,2277,2277,46.6403162055336,44.2028985507246
EPI_ISL_141169|Human|H7N9|2013.271|Asia|,2013.271,-654.2,44.9714536671058,2277,2277,46.7720685111989,44.0711462450593
EPI_ISL_141168|Human|H7N9|2013.271|Asia|,2013.271,-657.4,44.9714536671058,2277,2277,46.6403162055336,44.137022397892
EPI_ISL_141167|Human|H7N9|2013.269|Asia|,2013.269,-649,45.0153711023276,2277,2277,46.7720685111989,44.137022397892
EPI_ISL_141166|Human|H7N9|2013.271|Asia|,2013.271,-654.6,45.0592885375494,2277,2277,46.9038208168643,44.137022397892
EPI_ISL_141165|Human|H7N9|2013.277|Asia|,2013.277,-642,44.6201141853316,2277,2277,45.1910408432148,44.33465085639
EPI_ISL_141164|Human|H7N9|2013.258|Asia|,2013.258,-654.9,45.1032059727712,2277,2277,47.167325428195,44.0711462450593
EPI_ISL_141163|Human|H7N9|2013.26|Asia|,2013.26,-651.6,45.0592885375494,2277,2277,46.9038208168643,44.137022397892
EPI_ISL_141162|Human|H7N9|2013.244|Asia|,2013.244,-653.4,44.9714536671058,2277,2277,46.7720685111989,44.0711462450593
EPI_ISL_141160|Human|H7N9|2013.208|Asia|,2013.208,-655.6,45.147123407993,2277,2277,47.0355731225296,44.2028985507246
EPI_ISL_141159|Human|H7N9|2013.249|Asia|,2013.249,-645.7,45.1032059727712,2277,2277,46.3768115942029,44.4664031620553
EPI_ISL_141158|Human|H7N9|2013.241|Asia|,2013.241,-656.2,44.9714536671058,2277,2277,46.9038208168643,44.0052700922266
EPI_ISL_141776|Human|H7N9|2013.296|Asia|,2013.296,-654.4,44.9714536671058,2277,2277,46.6403162055336,44.137022397892
EPI_ISL_141775|Human|H7N9|2013.291|Asia|,2013.291,-653.4,44.9275362318841,2277,2277,46.6403162055336,44.0711462450593
EPI_ISL_141601|Human|H7N9|2013.315|Asia|,2013.315,-653.4,44.9275362318841,2277,2277,46.6403162055336,44.0711462450593
EPI_ISL_141856|Human|H7N9|2013.173|Asia|,2013.173,-653.4,45.0153711023276,2277,2277,46.7720685111989,44.137022397892
EPI_ISL_141437|Human|H7N9|2013.173|Asia|,2013.173,-650.5,44.9714536671058,2277,2277,46.9038208168643,44.0052700922266
EPI_ISL_142073|Human|H7N9|2013.329|Asia|,2013.329,-228.2,45.6876456876457,858,2277,48.6013986013986,44.2307692307692
EPI_ISL_142188|Human|H7N9|2013.304|Asia|,2013.304,-656.1,45.2412571934484,2259,2259,47.2775564409031,44.2231075697211
EPI_ISL_142187|Human|H7N9|2013.304|Asia|,2013.304,-654.5,45.1527224435591,2259,2259,47.2775564409031,44.0903054448871
EPI_ISL_142305|Human|H7N9|2013.236|Asia|,2013.236,-656.2,44.9714536671058,2277,2277,46.9038208168643,44.0052700922266
EPI_ISL_142231|Human|H7N9|2013.247|Asia|,2013.247,-649.8,45.0153711023276,2277,2277,46.7720685111989,44.137022397892
EPI_ISL_142859|Human|H7N9|2013.247|Asia|,2013.247,-651.1,44.8836187966623,2277,2277,46.6403162055336,44.0052700922266
EPI_ISL_142858|Human|H7N9|2013.321|Asia|,2013.321,-651.3,44.8397013614405,2277,2277,46.6403162055336,43.9393939393939
EPI_ISL_143663|Human|H7N9|2013.296|Asia|,2013.296,-657.6,45.147123407993,2277,2277,46.5085638998682,44.4664031620553
EPI_ISL_143658|Human|H7N9|2013.269|Asia|,2013.269,-653.4,44.8836187966623,2277,2277,46.6403162055336,44.0052700922266
EPI_ISL_143664|Human|H7N9|2013.312|Asia|,2013.312,-650.1,44.9714536671058,2277,2277,46.6403162055336,44.137022397892
EPI_ISL_143556|Human|H7N9|2013.31|Asia|,2013.31,-654.5,45.0153711023276,2277,2277,46.9038208168643,44.0711462450593
EPI_ISL_146161|Human|H7N9|2013.299|Asia|,2013.299,-654.9,44.9714536671058,2277,2277,46.7720685111989,44.0711462450593
EPI_ISL_145654|Human|H7N9|2013.249|Asia|,2013.249,-649.7,44.9714536671058,2277,2277,46.7720685111989,44.0711462450593
EPI_ISL_145652|Human|H7N9|2013.244|Asia|,2013.244,-653.4,44.8836187966623,2277,2277,46.6403162055336,44.0052700922266
EPI_ISL_145651|Human|H7N9|2013.244|Asia|,2013.244,-653.4,44.9714536671058,2277,2277,46.7720685111989,44.0711462450593
EPI_ISL_146437|Human|H7N9|2013.299|Asia|,2013.299,-656.2,44.9714536671058,2277,2277,46.9038208168643,44.0052700922266
EPI_ISL_146436|Human|H7N9|2013.299|Asia|,2013.299,-636.2,45.1084550686144,2259,2277,46.684350132626,44.3189368770764
EPI_ISL_148697|Human|H7N9|2013.323|Asia|,2013.323,-654.3,44.9714536671058,2277,2277,46.9038208168643,44.0052700922266
EPI_ISL_148696|Human|H7N9|2013.219|Asia|,2013.219,-655.7,45.1032059727712,2277,2277,47.0355731225296,44.137022397892
EPI_ISL_153078|Human|H7N9|2013.312|Asia|,2013.312,-653.4,44.9275362318841,2277,2277,46.6403162055336,44.0711462450593
EPI_ISL_153013|Human|H7N9|2013.28|Asia|,2013.28,-653.4,44.9275362318841,2277,2277,46.6403162055336,44.0711462450593
EPI_ISL_153012|Human|H7N9|2013.277|Asia|,2013.277,-653.4,44.8836187966623,2277,2277,46.6403162055336,44.0052700922266
EPI_ISL_153011|Human|H7N9|2013.274|Asia|,2013.274,-650.7,44.9275362318841,2277,2277,46.7720685111989,44.0052700922266
EPI_ISL_153010|Human|H7N9|2013.269|Asia|,2013.269,-653.1,44.9714536671058,2277,2277,46.7720685111989,44.0711462450593
EPI_ISL_153009|Human|H7N9|2013.263|Asia|,2013.263,-653.4,44.9275362318841,2277,2277,46.6403162055336,44.0711462450593
EPI_ISL_153008|Human|H7N9|2013.263|Asia|,2013.263,-653.4,44.9714536671058,2277,2277,46.7720685111989,44.0711462450593
EPI_ISL_153007|Human|H7N9|2013.263|Asia|,2013.263,-651.6,45.0592885375494,2277,2277,46.9038208168643,44.137022397892
EPI_ISL_153004|Human|H7N9|2013.263|Asia|,2013.263,-654.1,44.9275362318841,2277,2277,46.6403162055336,44.0711462450593
EPI_ISL_153003|Human|H7N9|2013.258|Asia|,2013.258,-654.9,45.1032059727712,2277,2277,47.167325428195,44.0711462450593
EPI_ISL_155653|Human|H7N9|2013.329|Asia|,2013.329,-649.7,44.9275362318841,2277,2277,46.6403162055336,44.0711462450593
EPI_ISL_157292|Human|H7N9|2013.318|Asia|,2013.318,-651.9,44.8836187966623,2277,2277,46.3768115942029,44.137022397892
EPI_ISL_157290|Human|H7N9|2013.332|Asia|,2013.332,-652.2,44.9275362318841,2277,2277,46.5085638998682,44.137022397892
EPI_ISL_157289|Human|H7N9|2013.323|Asia|,2013.323,-652.2,44.9275362318841,2277,2277,46.5085638998682,44.137022397892
EPI_ISL_157288|Human|H7N9|2013.318|Asia|,2013.318,-653.4,44.9275362318841,2277,2277,46.6403162055336,44.0711462450593
EPI_ISL_157287|Human|H7N9|2013.247|Asia|,2013.247,-654.5,45.0153711023276,2277,2277,46.9038208168643,44.0711462450593
EPI_ISL_157286|Human|H7N9|2013.4|Asia|,2013.4,-654,44.9275362318841,2277,2277,46.5085638998682,44.137022397892
EPI_ISL_157285|Human|H7N9|2013.323|Asia|,2013.323,-651.1,44.8836187966623,2277,2277,46.6403162055336,44.0052700922266
EPI_ISL_157284|Human|H7N9|2013.307|Asia|,2013.307,-652.4,45.0153711023276,2277,2277,47.0355731225296,44.0052700922266
EPI_ISL_163709|Human|H7N9|2013.288|Asia|,2013.288,-650.5,44.9714536671058,2277,2277,46.6403162055336,44.137022397892
EPI_ISL_163708|Human|H7N9|2013.31|Asia|,2013.31,-653.4,44.9275362318841,2277,2277,46.6403162055336,44.0711462450593
EPI_ISL_163707|Human|H7N9|2013.288|Asia|,2013.288,-654.4,45.0153711023276,2277,2277,46.7720685111989,44.137022397892
EPI_ISL_163705|Human|H7N9|2013.247|Asia|,2013.247,-651.2,45.0153711023276,2277,2277,46.9038208168643,44.0711462450593
EPI_ISL_163704|Human|H7N9|2013.266|Asia|,2013.266,-653.4,44.9275362318841,2277,2277,46.6403162055336,44.0711462450593
EPI_ISL_163703|Human|H7N9|2013.222|Asia|,2013.222,-653.4,44.9714536671058,2277,2277,46.7720685111989,44.0711462450593
EPI_ISL_163702|Human|H7N9|2013.274|Asia|,2013.274,-653.4,45.0153711023276,2277,2277,46.9038208168643,44.0711462450593
EPI_ISL_163701|Human|H7N9|2013.26|Asia|,2013.26,-653.4,44.9714536671058,2277,2277,46.7720685111989,44.0711462450593
EPI_ISL_163700|Human|H7N9|2013.274|Asia|,2013.274,-653.4,44.8836187966623,2277,2277,46.5085638998682,44.0711462450593
EPI_ISL_163699|Human|H7N9|2013.26|Asia|,2013.26,-651.3,44.9714536671058,2277,2277,46.7720685111989,44.0711462450593
EPI_ISL_163698|Human|H7N9|2013.249|Asia|,2013.249,-649.8,45.0153711023276,2277,2277,46.7720685111989,44.137022397892
EPI_ISL_163697|Human|H7N9|2013.277|Asia|,2013.277,-655.8,44.9714536671058,2277,2277,46.7720685111989,44.0711462450593
EPI_ISL_163696|Human|H7N9|2013.26|Asia|,2013.26,-654.4,44.9714536671058,2277,2277,46.7720685111989,44.0711462450593
EPI_ISL_163695|Human|H7N9|2013.28|Asia|,2013.28,-655.7,44.9275362318841,2277,2277,46.6403162055336,44.0711462450593
EPI_ISL_163694|Human|H7N9|2013.277|Asia|,2013.277,-653.9,44.9714536671058,2277,2277,46.7720685111989,44.0711462450593
EPI_ISL_163693|Human|H7N9|2013.252|Asia|,2013.252,-652.2,44.8836187966623,2277,2277,46.5085638998682,44.0711462450593
EPI_ISL_163692|Human|H7N9|2013.277|Asia|,2013.277,-654,45.0592885375494,2277,2277,47.0355731225296,44.0711462450593
EPI_ISL_166490|Human|H7N9|2013.291|Asia|,2013.291,-654.4,44.9714536671058,2277,2277,46.6403162055336,44.137022397892
EPI_ISL_173625|Human|H7N9|2013.173|Asia|,2013.173,-650.5,44.9714536671058,2277,2277,46.9038208168643,44.0052700922266
EPI_ISL_177875|Human|H7N9|2013.255|Asia|,2013.255,-654.2,44.9714536671058,2277,2277,46.7720685111989,44.0711462450593
EPI_ISL_220945|Human|H7N9|2013.315|Asia|,2013.315,-647.1,44.8397013614405,2277,2277,46.2450592885375,44.137022397892
EPI_ISL_252548|Human|H7N9|2013.156|Asia|,2013.156,-653.2,44.9714536671058,2277,2277,46.5085638998682,44.2028985507246
EPI_ISL_379594|Human|H7N9|2013.249|Asia|,2013.249,-655.1,44.8594024604569,2276,2277,46.3768115942029,44.1001977587343
EPI_ISL_325939|Human|H7N9|2018.025|Asia|,2018.025,-639.7,44.7472527472527,2275,2277,46.3768115942029,43.9313984168865
EPI_ISL_337278|Human|H7N9|2017.91|Asia|,2017.91,-627.6,44.7518664909969,2277,2277,45.5862977602108,44.33465085639
EPI_ISL_372783|Human|H7N9|2018.315|Asia|,2018.315,-627.7,44.6640316205534,2277,2277,45.5862977602108,44.2028985507246
EPI_ISL_154134|Human|H7N9|2014.06|Asia|,2014.06,-659.4,45.1910408432148,2277,2277,46.7720685111989,44.4005270092227
EPI_ISL_154133|Human|H7N9|2014.06|Asia|,2014.06,-659.4,45.1910408432148,2277,2277,46.7720685111989,44.4005270092227
EPI_ISL_154132|Human|H7N9|2014.06|Asia|,2014.06,-659.4,45.1910408432148,2277,2277,46.7720685111989,44.4005270092227
EPI_ISL_154131|Human|H7N9|2014.052|Asia|,2014.052,-659.4,45.1910408432148,2277,2277,46.7720685111989,44.4005270092227
EPI_ISL_148728|Human|H7N9|2013.784|Asia|,2013.784,-646,44.8397013614405,2277,2277,45.9815546772069,44.2687747035573
EPI_ISL_154553|Human|H7N9|2014.074|Asia|,2014.074,-648.3,45.0592885375494,2277,2277,46.7720685111989,44.2028985507246
EPI_ISL_153338|Human|H7N9|2014.016|Asia|,2014.016,-647.5,45.1032059727712,2277,2277,46.5085638998682,44.4005270092227
EPI_ISL_151417|Human|H7N9|2013.912|Asia|,2013.912,-645.3,44.9275362318841,2277,2277,46.1133069828722,44.33465085639
EPI_ISL_148744|Human|H7N9|2013.784|Asia|,2013.784,-644.9,44.8123620309051,2265,2265,46.0927152317881,44.1721854304636
EPI_ISL_148417|Human|H7N9|2013.605|Asia|,2013.605,-647.9,44.9275362318841,2277,2277,46.3768115942029,44.2028985507246
EPI_ISL_156304|Human|H7N9|2013.959|Asia|,2013.959,-646.7,44.9275362318841,2277,2277,46.3768115942029,44.2028985507246
EPI_ISL_154827|Human|H7N9|2013.6|Asia|,2013.6,-647.9,44.9275362318841,2277,2277,46.3768115942029,44.2028985507246
EPI_ISL_159073|Human|H7N9|2013.915|Asia|,2013.915,-646.7,44.9275362318841,2277,2277,46.3768115942029,44.2028985507246
EPI_ISL_159072|Human|H7N9|2013.915|Asia|,2013.915,-635.7,44.918609766828,2273,2277,46.2962962962963,44.2320369149637
EPI_ISL_159071|Human|H7N9|2013.915|Asia|,2013.915,-644.4,44.9275362318841,2277,2277,46.3768115942029,44.2028985507246
EPI_ISL_159070|Human|H7N9|2013.833|Asia|,2013.833,-649.6,44.8836187966623,2277,2277,46.3768115942029,44.137022397892
EPI_ISL_160436|Human|H7N9|2014.31|Asia|,2014.31,-651.8,45.1910408432148,2277,2277,46.7720685111989,44.4005270092227
EPI_ISL_160435|Human|H7N9|2014.301|Asia|,2014.301,-643.5,45.0592885375494,2277,2277,46.2450592885375,44.4664031620553
EPI_ISL_160290|Human|H7N9|2014.266|Asia|,2014.266,-671.5,45.147123407993,2277,2277,46.7720685111989,44.33465085639
EPI_ISL_159478|Human|H7N9|2014.28|Asia|,2014.28,-667.3,45.0592885375494,2277,2277,46.5085638998682,44.33465085639
EPI_ISL_159477|Human|H7N9|2014.252|Asia|,2014.252,-674.5,45.1032059727712,2277,2277,46.5085638998682,44.4005270092227
EPI_ISL_157703|Human|H7N9|2014.205|Asia|,2014.205,-651.9,45.147123407993,2277,2277,46.6403162055336,44.4005270092227
EPI_ISL_157702|Human|H7N9|2014.162|Asia|,2014.162,-668,45.0153711023276,2277,2277,46.3768115942029,44.33465085639
EPI_ISL_156471|Human|H7N9|2014.115|Asia|,2014.115,-647.5,45.0592885375494,2277,2277,46.7720685111989,44.2028985507246
EPI_ISL_157487|Human|H7N9|2013.912|Asia|,2013.912,-645.3,44.9275362318841,2277,2277,46.1133069828722,44.33465085639
EPI_ISL_157771|Human|H7N9|2014.019|Asia|,2014.019,-654.8,45.1910408432148,2277,2277,46.7720685111989,44.4005270092227
EPI_ISL_157296|Human|H7N9|2014.071|Asia|,2014.071,-649.5,44.8397013614405,2277,2277,46.1133069828722,44.2028985507246
EPI_ISL_157295|Human|H7N9|2014.096|Asia|,2014.096,-646,44.9033391915641,2276,2277,46.5699208443272,44.0711462450593
EPI_ISL_157294|Human|H7N9|2014.09|Asia|,2014.09,-643.9,44.8836187966623,2277,2277,46.5085638998682,44.0711462450593
EPI_ISL_157293|Human|H7N9|2013.545|Asia|,2013.545,-660.4,45.147123407993,2277,2277,46.6403162055336,44.4005270092227
EPI_ISL_161665|Human|H7N9|2014.134|Asia|,2014.134,-658.5,45.1032059727712,2277,2277,46.5085638998682,44.4005270092227
EPI_ISL_164007|Human|H7N9|2014.11|Asia|,2014.11,-654.6,45.2349582784365,2277,2277,46.7720685111989,44.4664031620553
EPI_ISL_164006|Human|H7N9|2014.107|Asia|,2014.107,-654.6,45.2788757136583,2277,2277,46.7720685111989,44.532279314888
EPI_ISL_164005|Human|H7N9|2014.09|Asia|,2014.09,-656.2,45.1910408432148,2277,2277,46.5085638998682,44.532279314888
EPI_ISL_164004|Human|H7N9|2014.077|Asia|,2014.077,-656.2,45.1910408432148,2277,2277,46.5085638998682,44.532279314888
EPI_ISL_164003|Human|H7N9|2014.063|Asia|,2014.063,-656.2,45.1910408432148,2277,2277,46.5085638998682,44.532279314888
EPI_ISL_164002|Human|H7N9|2014.06|Asia|,2014.06,-659.3,45.1910408432148,2277,2277,46.7720685111989,44.4005270092227
EPI_ISL_164001|Human|H7N9|2014.06|Asia|,2014.06,-654.7,45.2788757136583,2277,2277,46.7720685111989,44.532279314888
EPI_ISL_164000|Human|H7N9|2014.06|Asia|,2014.06,-659.4,45.1910408432148,2277,2277,46.7720685111989,44.4005270092227
EPI_ISL_163999|Human|H7N9|2014.052|Asia|,2014.052,-659.3,45.1910408432148,2277,2277,46.7720685111989,44.4005270092227
EPI_ISL_163998|Human|H7N9|2014.047|Asia|,2014.047,-640,45.010989010989,2275,2277,46.3060686015831,44.3638760711931
EPI_ISL_163997|Human|H7N9|2014.047|Asia|,2014.047,-656.3,45.4222222222222,2250,2250,47.2,44.5333333333333
EPI_ISL_163730|Human|H7N9|2014.055|Asia|,2014.055,-638.6,44.949272165858,2267,2277,45.8666666666667,44.4957152274225
EPI_ISL_163728|Human|H7N9|2014.06|Asia|,2014.06,-653.5,45.2788757136583,2277,2277,47.167325428195,44.33465085639
EPI_ISL_163727|Human|H7N9|2014.052|Asia|,2014.052,-655.8,45.1868131868132,2275,2277,46.7720685111989,44.3931398416887
EPI_ISL_163726|Human|H7N9|2014.06|Asia|,2014.06,-659.4,45.1910408432148,2277,2277,46.7720685111989,44.4005270092227
EPI_ISL_163725|Human|H7N9|2014.06|Asia|,2014.06,-659.4,45.1910408432148,2277,2277,46.7720685111989,44.4005270092227
EPI_ISL_163724|Human|H7N9|2014.156|Asia|,2014.156,-641.2,44.9977963860732,2269,2277,46.2765957446808,44.3638760711931
EPI_ISL_163722|Human|H7N9|2014.06|Asia|,2014.06,-659.4,45.1910408432148,2277,2277,46.7720685111989,44.4005270092227
EPI_ISL_163721|Human|H7N9|2014.058|Asia|,2014.058,-659.4,45.1910408432148,2277,2277,46.7720685111989,44.4005270092227
EPI_ISL_163720|Human|H7N9|2014.047|Asia|,2014.047,-659.4,45.1910408432148,2277,2277,46.7720685111989,44.4005270092227
EPI_ISL_163718|Human|H7N9|2014|Asia|,2014,-640,45.0153711023276,2277,2277,46.2450592885375,44.4005270092227
EPI_ISL_163717|Human|H7N9|2014.005|Asia|,2014.005,-658.5,45.2788757136583,2277,2277,47.2990777338603,44.2687747035573
EPI_ISL_163716|Human|H7N9|2014.003|Asia|,2014.003,-647.4,44.9275362318841,2277,2277,46.1133069828722,44.33465085639
EPI_ISL_163715|Human|H7N9|2014.022|Asia|,2014.022,-651.1,44.9714536671058,2277,2277,46.1133069828722,44.4005270092227
EPI_ISL_163714|Human|H7N9|2014.003|Asia|,2014.003,-638.8,45.0153711023276,2277,2277,46.2450592885375,44.4005270092227
EPI_ISL_163713|Human|H7N9|2013.803|Asia|,2013.803,-633.1,45.0530035335689,2264,2277,46.524064171123,44.3271767810026
EPI_ISL_163712|Human|H7N9|2013.827|Asia|,2013.827,-646,45.1982378854626,2270,2277,46.7463479415671,44.4297956493078
EPI_ISL_163321|Human|H7N9|2014.156|Asia|,2014.156,-591.7,44.8275862068966,2233,2277,45.8563535911602,44.3339960238569
EPI_ISL_163320|Human|H7N9|2014.148|Asia|,2014.148,-641.9,45.037494486105,2267,2277,46.328437917223,44.4005270092227
EPI_ISL_162621|Human|H7N9|2014.296|Asia|,2014.296,-655.1,44.8397013614405,2277,2277,46.5085638998682,44.0052700922266
EPI_ISL_162620|Human|H7N9|2014.274|Asia|,2014.274,-655.7,44.8397013614405,2277,2277,46.5085638998682,44.0052700922266
EPI_ISL_162619|Human|H7N9|2014.222|Asia|,2014.222,-654.6,44.8836187966623,2277,2277,46.5085638998682,44.0711462450593
EPI_ISL_162618|Human|H7N9|2014.186|Asia|,2014.186,-654.5,44.9714536671058,2277,2277,46.5085638998682,44.2028985507246
EPI_ISL_162470|Human|H7N9|2014.005|Asia|,2014.005,-636.5,45.0153711023276,2277,2277,46.2450592885375,44.4005270092227
EPI_ISL_166324|Human|H7N9|2013.986|Asia|,2013.986,-638.8,45.0153711023276,2277,2277,46.2450592885375,44.4005270092227
EPI_ISL_169131|Human|H7N9|2014.899|Asia|,2014.899,-633.9,44.8397013614405,2277,2277,45.5862977602108,44.4664031620553
EPI_ISL_169442|Human|H7N9|2014.981|Asia|,2014.981,-664.5,44.9714536671058,2277,2277,46.7720685111989,44.0711462450593
EPI_ISL_170152|Human|H7N9|2014.288|Asia|,2014.288,-634.6,44.8397013614405,2277,2277,45.8498023715415,44.33465085639
EPI_ISL_170151|Human|H7N9|2014.296|Asia|,2014.296,-650.5,44.7957839262187,2277,2277,46.2450592885375,44.0711462450593
EPI_ISL_170080|Human|H7N9|2014.011|Asia|,2014.011,-641.1,44.8836187966623,2277,2277,45.9815546772069,44.33465085639
EPI_ISL_170981|Human|H7N9|2015.06|Asia|,2015.06,-653.1,44.9275362318841,2277,2277,46.2450592885375,44.2687747035573
EPI_ISL_171342|Human|H7N9|2015.041|NorthAmerica|,2015.041,-632.7,44.3126921387791,2277,2277,45.0592885375494,43.9393939393939
EPI_ISL_170237|Human|H7N9|2014.888|Asia|,2014.888,-645.1,44.8836187966623,2277,2277,46.1133069828722,44.2687747035573
EPI_ISL_172822|Human|H7N9|2015.022|Asia|,2015.022,-645.1,44.7079490557751,2277,2277,45.4545454545455,44.33465085639
EPI_ISL_172821|Human|H7N9|2014.986|Asia|,2014.986,-628.8,44.9275362318841,2277,2277,45.9815546772069,44.4005270092227
EPI_ISL_172820|Human|H7N9|2015.019|Asia|,2015.019,-635.4,45.0592885375494,2277,2277,46.2450592885375,44.4664031620553
EPI_ISL_172819|Human|H7N9|2014.907|Asia|,2014.907,-635.9,44.9714536671058,2277,2277,45.8498023715415,44.532279314888
EPI_ISL_172818|Human|H7N9|2014.981|Asia|,2014.981,-633.7,45.0592885375494,2277,2277,46.2450592885375,44.4664031620553
EPI_ISL_172817|Human|H7N9|2015.014|Asia|,2015.014,-640.3,44.7079490557751,2277,2277,45.4545454545455,44.33465085639
EPI_ISL_172816|Human|H7N9|2015.03|Asia|,2015.03,-649.8,44.8836187966623,2277,2277,46.2450592885375,44.2028985507246
EPI_ISL_173033|Human|H7N9|2015.142|Asia|,2015.142,-648.2,44.8836187966623,2277,2277,46.3768115942029,44.137022397892
EPI_ISL_172827|Human|H7N9|2014.877|Asia|,2014.877,-657.6,45.1910408432148,2277,2277,46.3768115942029,44.5981554677207
EPI_ISL_172826|Human|H7N9|2014.899|Asia|,2014.899,-636.9,45.0351493848858,2276,2277,46.1133069828722,44.4957152274225
EPI_ISL_172825|Human|H7N9|2014.885|Asia|,2014.885,-634.6,45.0351493848858,2276,2277,46.3768115942029,44.3638760711931
EPI_ISL_172824|Human|H7N9|2014.814|Asia|,2014.814,-664.7,44.8397013614405,2277,2277,46.2450592885375,44.137022397892
EPI_ISL_172823|Human|H7N9|2014.904|Asia|,2014.904,-649.6,45.0592885375494,2277,2277,46.7720685111989,44.2028985507246
EPI_ISL_175597|Human|H7N9|2014.044|Asia|,2014.044,-644.1,45.0592885375494,2277,2277,46.3768115942029,44.4005270092227
EPI_ISL_175596|Human|H7N9|2014.044|Asia|,2014.044,-650,45.147123407993,2277,2277,46.6403162055336,44.4005270092227
EPI_ISL_176436|Human|H7N9|2014.066|Asia|,2014.066,-646.6,44.9714536671058,2277,2277,46.2450592885375,44.33465085639
EPI_ISL_176442|Human|H7N9|2014.208|Asia|,2014.208,-637.3,44.8836187966623,2277,2277,45.9815546772069,44.33465085639
EPI_ISL_176441|Human|H7N9|2014.2|Asia|,2014.2,-652.1,45.1032059727712,2277,2277,46.6403162055336,44.33465085639
EPI_ISL_176440|Human|H7N9|2014.192|Asia|,2014.192,-647.7,44.9714536671058,2277,2277,46.5085638998682,44.2028985507246
EPI_ISL_176439|Human|H7N9|2014.096|Asia|,2014.096,-647.5,45.0592885375494,2277,2277,46.7720685111989,44.2028985507246
EPI_ISL_176438|Human|H7N9|2014.123|Asia|,2014.123,-647.9,45.0153711023276,2277,2277,46.7720685111989,44.137022397892
EPI_ISL_176437|Human|H7N9|2014.079|Asia|,2014.079,-647.4,44.9714536671058,2277,2277,46.2450592885375,44.33465085639
EPI_ISL_175838|Human|H7N9|2014.066|Asia|,2014.066,-647.6,45.147123407993,2277,2277,46.5085638998682,44.4664031620553
EPI_ISL_175837|Human|H7N9|2014.06|Asia|,2014.06,-651.3,45.0153711023276,2277,2277,46.7720685111989,44.137022397892
EPI_ISL_175835|Human|H7N9|2014.06|Asia|,2014.06,-639.2,44.8836187966623,2277,2277,45.8498023715415,44.4005270092227
EPI_ISL_175836|Human|H7N9|2014.058|Asia|,2014.058,-644.1,44.9275362318841,2277,2277,46.2450592885375,44.2687747035573
EPI_ISL_175834|Human|H7N9|2014.047|Asia|,2014.047,-646.5,44.8836187966623,2277,2277,45.9815546772069,44.33465085639
EPI_ISL_175833|Human|H7N9|2014.036|Asia|,2014.036,-648.3,44.8397013614405,2277,2277,46.2450592885375,44.137022397892
EPI_ISL_175832|Human|H7N9|2014.052|Asia|,2014.052,-648.6,45.079086115993,2276,2277,46.4379947229551,44.4005270092227
EPI_ISL_175831|Human|H7N9|2014.052|Asia|,2014.052,-652.5,45.0153711023276,2277,2277,46.2450592885375,44.4005270092227
EPI_ISL_175829|Human|H7N9|2014.027|Asia|,2014.027,-646.6,45.0153711023276,2277,2277,46.3768115942029,44.33465085639
EPI_ISL_179906|Human|H7N9|2014.249|Asia|,2014.249,-665.3,45.0592885375494,2277,2277,46.7720685111989,44.2028985507246
EPI_ISL_179907|Human|H7N9|2014.222|Asia|,2014.222,-671,45.1032059727712,2277,2277,46.7720685111989,44.2687747035573
EPI_ISL_190692|Human|H7N9|2015.307|Asia|,2015.307,-627.5,44.9714536671058,2277,2277,46.3768115942029,44.2687747035573
EPI_ISL_190691|Human|H7N9|2015.312|Asia|,2015.312,-627.5,44.9714536671058,2277,2277,46.3768115942029,44.2687747035573
EPI_ISL_192400|Human|H7N9|2014.079|Asia|,2014.079,-667.8,44.9275362318841,2277,2277,46.3768115942029,44.2028985507246
EPI_ISL_192398|Human|H7N9|2014.082|Asia|,2014.082,-647.3,44.9714536671058,2277,2277,46.5085638998682,44.2028985507246
EPI_ISL_192397|Human|H7N9|2014.079|Asia|,2014.079,-667.8,44.9275362318841,2277,2277,46.3768115942029,44.2028985507246
EPI_ISL_192395|Human|H7N9|2014.079|Asia|,2014.079,-648.5,45.0153711023276,2277,2277,46.5085638998682,44.2687747035573
EPI_ISL_192394|Human|H7N9|2014.077|Asia|,2014.077,-646.9,44.9275362318841,2277,2277,46.5085638998682,44.137022397892
EPI_ISL_192393|Human|H7N9|2014.044|Asia|,2014.044,-645.2,44.9275362318841,2277,2277,45.8498023715415,44.4664031620553
EPI_ISL_192392|Human|H7N9|2014.153|Asia|,2014.153,-649.1,44.9472759226714,2276,2277,46.7018469656992,44.0711462450593
EPI_ISL_192391|Human|H7N9|2014.562|Asia|,2014.562,-635.6,45.0592885375494,2277,2277,46.2450592885375,44.4664031620553
EPI_ISL_192384|Human|H7N9|2014.17|Asia|,2014.17,-654.2,44.8836187966623,2277,2277,46.3768115942029,44.137022397892
EPI_ISL_192383|Human|H7N9|2014.296|Asia|,2014.296,-670.5,45.0592885375494,2277,2277,46.6403162055336,44.2687747035573
EPI_ISL_192382|Human|H7N9|2014.296|Asia|,2014.296,-670.5,45.0592885375494,2277,2277,46.6403162055336,44.2687747035573
EPI_ISL_192381|Human|H7N9|2014.301|Asia|,2014.301,-653.6,45.2548330404218,2276,2277,46.7018469656992,44.532279314888
EPI_ISL_192380|Human|H7N9|2014.619|Asia|,2014.619,-636.8,45.0351493848858,2276,2277,46.1133069828722,44.4957152274225
EPI_ISL_192377|Human|H7N9|2014.386|Asia|,2014.386,-650.8,45.0153711023276,2277,2277,46.3768115942029,44.33465085639
EPI_ISL_192376|Human|H7N9|2014.112|Asia|,2014.112,-659.5,44.7079490557751,2277,2277,45.5862977602108,44.2687747035573
EPI_ISL_192375|Human|H7N9|2014.041|Asia|,2014.041,-640.1,44.8836187966623,2277,2277,46.3768115942029,44.137022397892
EPI_ISL_192373|Human|H7N9|2014.077|Asia|,2014.077,-646.9,44.9275362318841,2277,2277,46.5085638998682,44.137022397892
EPI_ISL_192372|Human|H7N9|2014.088|Asia|,2014.088,-640.1,44.8836187966623,2277,2277,46.3768115942029,44.137022397892
EPI_ISL_192371|Human|H7N9|2014.096|Asia|,2014.096,-668.5,45.0351493848858,2276,2277,46.5699208443272,44.2687747035573
EPI_ISL_192370|Human|H7N9|2014.101|Asia|,2014.101,-648.4,44.9714536671058,2277,2277,46.5085638998682,44.2028985507246
EPI_ISL_192369|Human|H7N9|2014.005|Asia|,2014.005,-647.3,44.9714536671058,2277,2277,46.5085638998682,44.2028985507246
EPI_ISL_192368|Human|H7N9|2014.11|Asia|,2014.11,-646.5,44.9472759226714,2276,2277,46.3060686015831,44.2687747035573
EPI_ISL_192367|Human|H7N9|2014.025|Asia|,2014.025,-647.4,44.9714536671058,2277,2277,46.5085638998682,44.2028985507246
EPI_ISL_192366|Human|H7N9|2014.14|Asia|,2014.14,-668.5,44.9714536671058,2277,2277,46.5085638998682,44.2028985507246
EPI_ISL_192365|Human|H7N9|2014.14|Asia|,2014.14,-643,44.967032967033,2275,2277,46.2450592885375,44.3271767810026
EPI_ISL_192364|Human|H7N9|2014.14|Asia|,2014.14,-659.1,45.2349582784365,2277,2277,47.0355731225296,44.33465085639
EPI_ISL_192363|Human|H7N9|2014.225|Asia|,2014.225,-650.6,45.0153711023276,2277,2277,46.7720685111989,44.137022397892
EPI_ISL_192362|Human|H7N9|2014.271|Asia|,2014.271,-669.9,45.0153711023276,2277,2277,46.5085638998682,44.2687747035573
EPI_ISL_192361|Human|H7N9|2014.096|Asia|,2014.096,-647.2,44.9714536671058,2277,2277,46.5085638998682,44.2028985507246
EPI_ISL_192360|Human|H7N9|2014.038|Asia|,2014.038,-647.4,44.9714536671058,2277,2277,46.5085638998682,44.2028985507246
EPI_ISL_192359|Human|H7N9|2014.11|Asia|,2014.11,-662,45.0592885375494,2277,2277,46.5085638998682,44.33465085639
EPI_ISL_192358|Human|H7N9|2014.126|Asia|,2014.126,-661.3,44.6640316205534,2277,2277,45.5862977602108,44.2028985507246
EPI_ISL_192357|Human|H7N9|2014.134|Asia|,2014.134,-665.6,44.8836187966623,2277,2277,46.2450592885375,44.2028985507246
EPI_ISL_192356|Human|H7N9|2014.148|Asia|,2014.148,-659.3,45.2349582784365,2277,2277,46.9038208168643,44.4005270092227
EPI_ISL_192355|Human|H7N9|2014.244|Asia|,2014.244,-671.2,45.1032059727712,2277,2277,46.9038208168643,44.2028985507246
EPI_ISL_192354|Human|H7N9|2014.255|Asia|,2014.255,-667.7,45.0592885375494,2277,2277,46.5085638998682,44.33465085639
EPI_ISL_192351|Human|H7N9|2014.09|Asia|,2014.09,-658.8,45.2349582784365,2277,2277,46.5085638998682,44.5981554677207
EPI_ISL_192350|Human|H7N9|2014.071|Asia|,2014.071,-638.8,45.0153711023276,2277,2277,46.2450592885375,44.4005270092227
EPI_ISL_192349|Human|H7N9|2014.066|Asia|,2014.066,-656.3,45.1910408432148,2277,2277,46.5085638998682,44.532279314888
EPI_ISL_192348|Human|H7N9|2014.09|Asia|,2014.09,-656.3,45.1910408432148,2277,2277,46.5085638998682,44.532279314888
EPI_ISL_192347|Human|H7N9|2014.06|Asia|,2014.06,-658.1,45.1032059727712,2277,2277,46.5085638998682,44.4005270092227
EPI_ISL_192346|Human|H7N9|2014.036|Asia|,2014.036,-653.2,45.147123407993,2277,2277,46.6403162055336,44.4005270092227
EPI_ISL_192345|Human|H7N9|2014.11|Asia|,2014.11,-652.8,45.0592885375494,2277,2277,46.3768115942029,44.4005270092227
EPI_ISL_192344|Human|H7N9|2014.104|Asia|,2014.104,-653.1,45.1032059727712,2277,2277,46.5085638998682,44.4005270092227
EPI_ISL_192343|Human|H7N9|2014.107|Asia|,2014.107,-654.7,45.2788757136583,2277,2277,46.7720685111989,44.532279314888
EPI_ISL_192342|Human|H7N9|2014.063|Asia|,2014.063,-651.8,45.1910408432148,2277,2277,46.7720685111989,44.4005270092227
EPI_ISL_192341|Human|H7N9|2014.236|Asia|,2014.236,-650,44.9714536671058,2277,2277,46.7720685111989,44.0711462450593
EPI_ISL_192339|Human|H7N9|2014.91|Asia|,2014.91,-633.6,45.0351493848858,2276,2277,46.1133069828722,44.4957152274225
EPI_ISL_192338|Human|H7N9|2014.975|Asia|,2014.975,-635.6,44.8397013614405,2277,2277,46.1133069828722,44.2028985507246
EPI_ISL_192337|Human|H7N9|2014.97|Asia|,2014.97,-635.7,44.532279314888,2277,2277,45.1910408432148,44.2028985507246
EPI_ISL_192336|Human|H7N9|2014.918|Asia|,2014.918,-635.5,44.532279314888,2277,2277,45.1910408432148,44.2028985507246
EPI_ISL_192335|Human|H7N9|2015|Asia|,2015,-637.3,44.9714536671058,2277,2277,46.2450592885375,44.33465085639
EPI_ISL_192334|Human|H7N9|2015.005|Asia|,2015.005,-641.3,44.6201141853316,2277,2277,45.3227931488801,44.2687747035573
EPI_ISL_192333|Human|H7N9|2015.008|Asia|,2015.008,-636.4,44.7957839262187,2277,2277,45.9815546772069,44.2028985507246
EPI_ISL_192332|Human|H7N9|2014.249|Asia|,2014.249,-650.5,45.2548330404218,2276,2277,46.7018469656992,44.532279314888
EPI_ISL_192331|Human|H7N9|2014.381|Asia|,2014.381,-637.1,44.8836187966623,2277,2277,45.8498023715415,44.4005270092227
EPI_ISL_192330|Human|H7N9|2014.315|Asia|,2014.315,-652.6,45.0592885375494,2277,2277,46.2450592885375,44.4664031620553
EPI_ISL_192329|Human|H7N9|2014.315|Asia|,2014.315,-654.6,45.079086115993,2276,2277,46.2450592885375,44.4957152274225
EPI_ISL_192328|Human|H7N9|2014.279|Asia|,2014.279,-650.5,45.2349582784365,2277,2277,46.6403162055336,44.532279314888
EPI_ISL_192327|Human|H7N9|2014.249|Asia|,2014.249,-650.5,45.2548330404218,2276,2277,46.7018469656992,44.532279314888
EPI_ISL_192326|Human|H7N9|2014.186|Asia|,2014.186,-650.8,44.9275362318841,2277,2277,45.9815546772069,44.4005270092227
EPI_ISL_192325|Human|H7N9|2014.134|Asia|,2014.134,-652.2,45.2349582784365,2277,2277,46.7720685111989,44.4664031620553
EPI_ISL_192324|Human|H7N9|2014.921|Asia|,2014.921,-635.6,44.9714536671058,2277,2277,46.2450592885375,44.33465085639
EPI_ISL_192323|Human|H7N9|2014.992|Asia|,2014.992,-651.3,44.5761967501098,2277,2277,45.7180500658762,44.0052700922266
EPI_ISL_192322|Human|H7N9|2014.992|Asia|,2014.992,-633.3,44.2248572683355,2277,2277,44.7957839262187,43.9393939393939
EPI_ISL_192321|Human|H7N9|2015.016|Asia|,2015.016,-632.4,44.2248572683355,2277,2277,44.7957839262187,43.9393939393939
EPI_ISL_192318|Human|H7N9|2015.011|Asia|,2015.011,-640.4,44.6201141853316,2277,2277,45.3227931488801,44.2687747035573
EPI_ISL_192317|Human|H7N9|2014.981|Asia|,2014.981,-633.7,45.0592885375494,2277,2277,46.2450592885375,44.4664031620553
EPI_ISL_192316|Human|H7N9|2015.019|Asia|,2015.019,-634.8,45.0153711023276,2277,2277,46.1133069828722,44.4664031620553
EPI_ISL_192315|Human|H7N9|2015.03|Asia|,2015.03,-637.2,44.4005270092227,2277,2277,44.7957839262187,44.2028985507246
EPI_ISL_192314|Human|H7N9|2015.038|Asia|,2015.038,-640.2,44.6640316205534,2277,2277,45.4545454545455,44.2687747035573
EPI_ISL_192313|Human|H7N9|2015.041|Asia|,2015.041,-646.2,44.7957839262187,2277,2277,46.2450592885375,44.0711462450593
EPI_ISL_192312|Human|H7N9|2015.041|Asia|,2015.041,-637,44.7518664909969,2277,2277,45.9815546772069,44.137022397892
EPI_ISL_192311|Human|H7N9|2015.033|Asia|,2015.033,-634.3,44.7957839262187,2277,2277,45.7180500658762,44.33465085639
EPI_ISL_192310|Human|H7N9|2015.008|Asia|,2015.008,-668.7,45.2788757136583,2277,2277,47.0355731225296,44.4005270092227
EPI_ISL_192309|Human|H7N9|2015.044|Asia|,2015.044,-633,44.9912126537786,2276,2277,46.2450592885375,44.3638760711931
EPI_ISL_192308|Human|H7N9|2015.03|Asia|,2015.03,-636.4,44.8397013614405,2277,2277,45.8498023715415,44.33465085639
EPI_ISL_192307|Human|H7N9|2015.027|Asia|,2015.027,-631.8,44.7518664909969,2277,2277,45.7180500658762,44.2687747035573
EPI_ISL_192306|Human|H7N9|2015.044|Asia|,2015.044,-651.8,44.7957839262187,2277,2277,45.7180500658762,44.33465085639
EPI_ISL_192305|Human|H7N9|2015.049|Asia|,2015.049,-643.8,45.1032059727712,2277,2277,46.6403162055336,44.33465085639
EPI_ISL_192304|Human|H7N9|2015.047|Asia|,2015.047,-633.8,44.4444444444444,2277,2277,44.7957839262187,44.2687747035573
EPI_ISL_192303|Human|H7N9|2015.058|Asia|,2015.058,-635,44.9275362318841,2277,2277,46.2450592885375,44.2687747035573
EPI_ISL_192302|Human|H7N9|2015.011|Asia|,2015.011,-665.4,44.8397013614405,2277,2277,46.2450592885375,44.137022397892
EPI_ISL_192301|Human|H7N9|2015.038|Asia|,2015.038,-631.3,44.9275362318841,2277,2277,46.2450592885375,44.2687747035573
EPI_ISL_192300|Human|H7N9|2015.033|Asia|,2015.033,-658.4,44.9275362318841,2277,2277,45.9815546772069,44.4005270092227
EPI_ISL_192299|Human|H7N9|2014.904|Asia|,2014.904,-630.4,44.7518664909969,2277,2277,45.4545454545455,44.4005270092227
EPI_ISL_192298|Human|H7N9|2015.068|Asia|,2015.068,-647.5,44.9275362318841,2277,2277,46.3768115942029,44.2028985507246
EPI_ISL_192297|Human|H7N9|2015.06|Asia|,2015.06,-637.2,44.9275362318841,2277,2277,46.1133069828722,44.33465085639
EPI_ISL_192296|Human|H7N9|2015.049|Asia|,2015.049,-631.6,44.7079490557751,2277,2277,45.3227931488801,44.4005270092227
EPI_ISL_192295|Human|H7N9|2014.981|Asia|,2014.981,-654.5,44.7957839262187,2277,2277,46.2450592885375,44.0711462450593
EPI_ISL_192294|Human|H7N9|2014.984|Asia|,2014.984,-645.2,45.2788757136583,2277,2277,47.0355731225296,44.4005270092227
EPI_ISL_192293|Human|H7N9|2015.033|Asia|,2015.033,-626.6,44.9230769230769,2275,2277,46.1030383091149,44.33465085639
EPI_ISL_192292|Human|H7N9|2014.989|Asia|,2014.989,-645.1,45.0592885375494,2277,2277,46.3768115942029,44.4005270092227
EPI_ISL_192291|Human|H7N9|2015.058|Asia|,2015.058,-633.9,44.9714536671058,2277,2277,46.3768115942029,44.2687747035573
EPI_ISL_192290|Human|H7N9|2015.06|Asia|,2015.06,-630.8,44.9912126537786,2276,2277,46.1133069828722,44.4297956493078
EPI_ISL_192289|Human|H7N9|2015.038|Asia|,2015.038,-633.8,44.4444444444444,2277,2277,44.7957839262187,44.2687747035573
EPI_ISL_192288|Human|H7N9|2015.06|Asia|,2015.06,-639.4,44.9912126537786,2276,2277,46.2450592885375,44.3638760711931
EPI_ISL_192287|Human|H7N9|2015.11|Asia|,2015.11,-639.5,45.0592885375494,2277,2277,46.3768115942029,44.4005270092227
EPI_ISL_192286|Human|H7N9|2015.11|Asia|,2015.11,-640.6,45.1032059727712,2277,2277,46.5085638998682,44.4005270092227
EPI_ISL_192285|Human|H7N9|2015.074|Asia|,2015.074,-652.1,45.147123407993,2277,2277,46.6403162055336,44.4005270092227
EPI_ISL_192284|Human|H7N9|2015.093|Asia|,2015.093,-657.3,44.4883618796662,2277,2277,45.3227931488801,44.0711462450593
EPI_ISL_192283|Human|H7N9|2015.082|Asia|,2015.082,-642.3,44.8397013614405,2277,2277,46.2450592885375,44.137022397892
EPI_ISL_192282|Human|H7N9|2015.11|Asia|,2015.11,-635.8,44.8397013614405,2277,2277,46.1133069828722,44.2028985507246
EPI_ISL_192281|Human|H7N9|2015.025|Asia|,2015.025,-636.3,44.8836187966623,2277,2277,45.9815546772069,44.33465085639
EPI_ISL_192280|Human|H7N9|2015.074|Asia|,2015.074,-647.4,44.7957839262187,2277,2277,45.7180500658762,44.33465085639
EPI_ISL_192279|Human|H7N9|2015.055|Asia|,2015.055,-655.5,45.1230228471002,2276,2277,46.6403162055336,44.3638760711931
EPI_ISL_192278|Human|H7N9|2014.997|Asia|,2014.997,-637.5,44.7957839262187,2277,2277,45.9815546772069,44.2028985507246
EPI_ISL_192277|Human|H7N9|2015.06|Asia|,2015.06,-639.4,44.9714536671058,2277,2277,46.2450592885375,44.33465085639
EPI_ISL_192276|Human|H7N9|2015.11|Asia|,2015.11,-635.9,44.9275362318841,2277,2277,46.2450592885375,44.2687747035573
EPI_ISL_192275|Human|H7N9|2015.099|Asia|,2015.099,-658.4,44.4005270092227,2277,2277,45.1910408432148,44.0052700922266
EPI_ISL_192274|Human|H7N9|2015.041|Asia|,2015.041,-636.4,44.8836187966623,2277,2277,45.8498023715415,44.4005270092227
EPI_ISL_192505|Human|H7N9|2015.151|Asia|,2015.151,-644.3,44.8397013614405,2277,2277,46.1133069828722,44.2028985507246
EPI_ISL_192504|Human|H7N9|2015.115|Asia|,2015.115,-639.3,44.7079490557751,2277,2277,45.9815546772069,44.0711462450593
EPI_ISL_192503|Human|H7N9|2015.167|Asia|,2015.167,-643.9,44.8836187966623,2277,2277,45.9815546772069,44.33465085639
EPI_ISL_192502|Human|H7N9|2015.088|Asia|,2015.088,-641.6,44.4444444444444,2277,2277,44.7957839262187,44.2687747035573
EPI_ISL_192501|Human|H7N9|2015.2|Asia|,2015.2,-644.9,44.9275362318841,2277,2277,46.3768115942029,44.2028985507246
EPI_ISL_192499|Human|H7N9|2015.178|Asia|,2015.178,-624.8,44.9275362318841,2277,2277,46.1133069828722,44.33465085639
EPI_ISL_192498|Human|H7N9|2015.093|Asia|,2015.093,-639.3,44.7079490557751,2277,2277,45.9815546772069,44.0711462450593
EPI_ISL_192497|Human|H7N9|2015.088|Asia|,2015.088,-630.5,44.9714536671058,2277,2277,46.3768115942029,44.2687747035573
EPI_ISL_192495|Human|H7N9|2015.153|Asia|,2015.153,-654.3,44.8836187966623,2277,2277,46.3768115942029,44.137022397892
EPI_ISL_192494|Human|H7N9|2015.173|Asia|,2015.173,-635.9,44.9714536671058,2277,2277,46.1133069828722,44.4005270092227
EPI_ISL_192493|Human|H7N9|2015.164|Asia|,2015.164,-627.9,45.0153711023276,2277,2277,46.2450592885375,44.4005270092227
EPI_ISL_192492|Human|H7N9|2015.266|Asia|,2015.266,-633,44.8836187966623,2277,2277,46.2450592885375,44.2028985507246
EPI_ISL_192488|Human|H7N9|2015.066|Asia|,2015.066,-635.6,44.9275362318841,2277,2277,46.1133069828722,44.33465085639
EPI_ISL_192487|Human|H7N9|2015.058|Asia|,2015.058,-636.4,44.9472759226714,2276,2277,46.3060686015831,44.2687747035573
EPI_ISL_192484|Human|H7N9|2015.145|Asia|,2015.145,-630.2,45.0153711023276,2277,2277,46.3768115942029,44.33465085639
EPI_ISL_192478|Human|H7N9|2015.304|Asia|,2015.304,-644.9,44.4883618796662,2277,2277,45.5862977602108,43.9393939393939
EPI_ISL_192472|Human|H7N9|2015.389|Asia|,2015.389,-636.1,45.1910408432148,2277,2277,46.7720685111989,44.4005270092227
EPI_ISL_192471|Human|H7N9|2015.389|Asia|,2015.389,-648.4,44.7079490557751,2277,2277,45.8498023715415,44.137022397892
EPI_ISL_192469|Human|H7N9|2015.397|Asia|,2015.397,-652.6,44.7957839262187,2277,2277,46.1133069828722,44.137022397892
EPI_ISL_192466|Human|H7N9|2013.912|Asia|,2013.912,-646.6,45.0153711023276,2277,2277,46.3768115942029,44.33465085639
EPI_ISL_192465|Human|H7N9|2013.956|Asia|,2013.956,-647.3,44.9714536671058,2277,2277,46.5085638998682,44.2028985507246
EPI_ISL_192464|Human|H7N9|2014.019|Asia|,2014.019,-654.1,44.9275362318841,2277,2277,46.5085638998682,44.137022397892
EPI_ISL_192463|Human|H7N9|2014.008|Asia|,2014.008,-649.5,44.9275362318841,2277,2277,46.3768115942029,44.2028985507246
EPI_ISL_192462|Human|H7N9|2014.019|Asia|,2014.019,-647.3,44.9714536671058,2277,2277,46.5085638998682,44.2028985507246
EPI_ISL_192461|Human|H7N9|2014.033|Asia|,2014.033,-651.7,44.9714536671058,2277,2277,46.6403162055336,44.137022397892
EPI_ISL_192460|Human|H7N9|2014.033|Asia|,2014.033,-648.3,44.8397013614405,2277,2277,46.2450592885375,44.137022397892
EPI_ISL_192459|Human|H7N9|2014.033|Asia|,2014.033,-654.1,44.9033391915641,2276,2277,46.5085638998682,44.1001977587343
EPI_ISL_192458|Human|H7N9|2014.033|Asia|,2014.033,-654.1,44.9275362318841,2277,2277,46.5085638998682,44.137022397892
EPI_ISL_192455|Human|H7N9|2014.005|Asia|,2014.005,-638.8,45.0592885375494,2277,2277,46.3768115942029,44.4005270092227
EPI_ISL_192454|Human|H7N9|2014.036|Asia|,2014.036,-647.5,45.0592885375494,2277,2277,46.7720685111989,44.2028985507246
EPI_ISL_192451|Human|H7N9|2014.036|Asia|,2014.036,-653.4,44.9275362318841,2277,2277,46.6403162055336,44.0711462450593
EPI_ISL_192450|Human|H7N9|2014.038|Asia|,2014.038,-659.4,44.8836187966623,2277,2277,46.3768115942029,44.137022397892
EPI_ISL_192449|Human|H7N9|2014.005|Asia|,2014.005,-638.8,45.0153711023276,2277,2277,46.2450592885375,44.4005270092227
EPI_ISL_192448|Human|H7N9|2014.022|Asia|,2014.022,-651.1,44.9714536671058,2277,2277,46.1133069828722,44.4005270092227
EPI_ISL_192447|Human|H7N9|2014.022|Asia|,2014.022,-647.4,44.9275362318841,2277,2277,46.1133069828722,44.33465085639
EPI_ISL_192446|Human|H7N9|2014.027|Asia|,2014.027,-658.5,45.2788757136583,2277,2277,47.2990777338603,44.2687747035573
EPI_ISL_192445|Human|H7N9|2014.019|Asia|,2014.019,-640,45.0153711023276,2277,2277,46.2450592885375,44.4005270092227
EPI_ISL_192444|Human|H7N9|2014.038|Asia|,2014.038,-657.2,45.2349582784365,2277,2277,46.7720685111989,44.4664031620553
EPI_ISL_192443|Human|H7N9|2014.06|Asia|,2014.06,-659.4,45.1910408432148,2277,2277,46.7720685111989,44.4005270092227
EPI_ISL_192442|Human|H7N9|2014.06|Asia|,2014.06,-659.4,45.1910408432148,2277,2277,46.7720685111989,44.4005270092227
EPI_ISL_192441|Human|H7N9|2014.052|Asia|,2014.052,-655.8,45.1868131868132,2275,2277,46.7720685111989,44.3931398416887
EPI_ISL_192440|Human|H7N9|2014.06|Asia|,2014.06,-653.5,45.2788757136583,2277,2277,47.167325428195,44.33465085639
EPI_ISL_192439|Human|H7N9|2014.049|Asia|,2014.049,-654.7,45.2349582784365,2277,2277,46.7720685111989,44.4664031620553
EPI_ISL_192438|Human|H7N9|2014.088|Asia|,2014.088,-650.9,45.1669595782074,2276,2277,46.5085638998682,44.4957152274225
EPI_ISL_192436|Human|H7N9|2014.071|Asia|,2014.071,-650.6,45.1032059727712,2277,2277,46.3768115942029,44.4664031620553
EPI_ISL_192435|Human|H7N9|2014.041|Asia|,2014.041,-661,45.4106280193237,2277,2277,47.2990777338603,44.4664031620553
EPI_ISL_192432|Human|H7N9|2014.052|Asia|,2014.052,-637.6,44.9275362318841,2277,2277,46.1133069828722,44.33465085639
EPI_ISL_192431|Human|H7N9|2014.068|Asia|,2014.068,-653.2,45.147123407993,2277,2277,46.6403162055336,44.4005270092227
EPI_ISL_192430|Human|H7N9|2014.096|Asia|,2014.096,-651.3,45.0153711023276,2277,2277,46.1133069828722,44.4664031620553
EPI_ISL_192429|Human|H7N9|2014.068|Asia|,2014.068,-673.4,45.518453427065,2276,2277,47.4308300395257,44.5616348055372
EPI_ISL_192428|Human|H7N9|2014.071|Asia|,2014.071,-655.8,44.8397013614405,2277,2277,46.3768115942029,44.0711462450593
EPI_ISL_192427|Human|H7N9|2014.09|Asia|,2014.09,-652.1,44.8397013614405,2277,2277,46.3768115942029,44.0711462450593
EPI_ISL_192426|Human|H7N9|2014.033|Asia|,2014.033,-661,45.4106280193237,2277,2277,47.2990777338603,44.4664031620553
EPI_ISL_192425|Human|H7N9|2014.016|Asia|,2014.016,-641.1,44.8836187966623,2277,2277,45.9815546772069,44.33465085639
EPI_ISL_192424|Human|H7N9|2014.096|Asia|,2014.096,-639.3,44.9714536671058,2277,2277,46.1133069828722,44.4005270092227
EPI_ISL_192423|Human|H7N9|2014.068|Asia|,2014.068,-655.8,44.8397013614405,2277,2277,46.3768115942029,44.0711462450593
EPI_ISL_192422|Human|H7N9|2014.082|Asia|,2014.082,-655.8,44.8397013614405,2277,2277,46.3768115942029,44.0711462450593
EPI_ISL_192421|Human|H7N9|2014.088|Asia|,2014.088,-651.1,44.8397013614405,2277,2277,46.3768115942029,44.0711462450593
EPI_ISL_192420|Human|H7N9|2014.096|Asia|,2014.096,-661,45.4106280193237,2277,2277,47.2990777338603,44.4664031620553
EPI_ISL_192419|Human|H7N9|2014.129|Asia|,2014.129,-653.6,45.147123407993,2277,2277,46.6403162055336,44.4005270092227
EPI_ISL_192418|Human|H7N9|2014.126|Asia|,2014.126,-638.8,44.9714536671058,2277,2277,46.1133069828722,44.4005270092227
EPI_ISL_192417|Human|H7N9|2014.03|Asia|,2014.03,-649.3,45.0592885375494,2277,2277,46.6403162055336,44.2687747035573
EPI_ISL_192416|Human|H7N9|2014.022|Asia|,2014.022,-647.2,44.9714536671058,2277,2277,46.6403162055336,44.137022397892
EPI_ISL_192415|Human|H7N9|2014.027|Asia|,2014.027,-646.6,45.0153711023276,2277,2277,46.3768115942029,44.33465085639
EPI_ISL_192414|Human|H7N9|2014.019|Asia|,2014.019,-654.1,44.9275362318841,2277,2277,46.5085638998682,44.137022397892
EPI_ISL_192413|Human|H7N9|2014.008|Asia|,2014.008,-649.5,44.9275362318841,2277,2277,46.3768115942029,44.2028985507246
EPI_ISL_192412|Human|H7N9|2014.099|Asia|,2014.099,-638.1,44.9714536671058,2277,2277,46.2450592885375,44.33465085639
EPI_ISL_192411|Human|H7N9|2014.063|Asia|,2014.063,-641.9,45.1032059727712,2277,2277,46.5085638998682,44.4005270092227
EPI_ISL_192410|Human|H7N9|2014.101|Asia|,2014.101,-651.5,45.0592885375494,2277,2277,46.2450592885375,44.4664031620553
EPI_ISL_192409|Human|H7N9|2014.112|Asia|,2014.112,-653.2,45.2349582784365,2277,2277,46.6403162055336,44.532279314888
EPI_ISL_192408|Human|H7N9|2014.101|Asia|,2014.101,-644.4,45.0592885375494,2277,2277,46.5085638998682,44.33465085639
EPI_ISL_192407|Human|H7N9|2014.118|Asia|,2014.118,-654.7,45.2788757136583,2277,2277,46.7720685111989,44.532279314888
EPI_ISL_192406|Human|H7N9|2014.123|Asia|,2014.123,-652.2,45.2349582784365,2277,2277,46.7720685111989,44.4664031620553
EPI_ISL_192405|Human|H7N9|2014.101|Asia|,2014.101,-654.1,44.7518664909969,2277,2277,46.2450592885375,44.0052700922266
EPI_ISL_192403|Human|H7N9|2014.079|Asia|,2014.079,-651.1,45.1032059727712,2277,2277,46.9038208168643,44.2028985507246
EPI_ISL_192402|Human|H7N9|2014.052|Asia|,2014.052,-652.5,45.0153711023276,2277,2277,46.2450592885375,44.4005270092227
EPI_ISL_192401|Human|H7N9|2014.077|Asia|,2014.077,-646.9,44.9275362318841,2277,2277,46.5085638998682,44.137022397892
EPI_ISL_192913|Human|H7N9|2015|Asia|,2015,-631.3,44.9275362318841,2277,2277,46.2450592885375,44.2687747035573
EPI_ISL_192912|Human|H7N9|2015|Asia|,2015,-631.3,44.9275362318841,2277,2277,46.2450592885375,44.2687747035573
EPI_ISL_192911|Human|H7N9|2015|Asia|,2015,-667.8,45.1032059727712,2277,2277,46.7720685111989,44.2687747035573
EPI_ISL_192910|Human|H7N9|2015|Asia|,2015,-645.7,44.4005270092227,2277,2277,44.6640316205534,44.2687747035573
EPI_ISL_192909|Human|H7N9|2014.915|Asia|,2014.915,-664.7,45.0153711023276,2277,2277,46.6403162055336,44.2028985507246
EPI_ISL_192908|Human|H7N9|2014|Asia|,2014,-648.3,44.8397013614405,2277,2277,46.2450592885375,44.137022397892
EPI_ISL_192907|Human|H7N9|2014|Asia|,2014,-646.6,45.0153711023276,2277,2277,46.3768115942029,44.33465085639
EPI_ISL_192906|Human|H7N9|2014|Asia|,2014,-646,44.9714536671058,2277,2277,46.2450592885375,44.33465085639
EPI_ISL_192905|Human|H7N9|2014|Asia|,2014,-646.6,45.0153711023276,2277,2277,46.3768115942029,44.33465085639
EPI_ISL_192904|Human|H7N9|2014|Asia|,2014,-645.7,44.8397013614405,2277,2277,45.9815546772069,44.2687747035573
EPI_ISL_192903|Human|H7N9|2014|Asia|,2014,-646.6,44.9714536671058,2277,2277,46.2450592885375,44.33465085639
EPI_ISL_192902|Human|H7N9|2014|Asia|,2014,-646.6,45.0153711023276,2277,2277,46.3768115942029,44.33465085639
EPI_ISL_192901|Human|H7N9|2014|Asia|,2014,-652.5,45.0153711023276,2277,2277,46.2450592885375,44.4005270092227
EPI_ISL_192900|Human|H7N9|2014|Asia|,2014,-646.5,44.8836187966623,2277,2277,45.9815546772069,44.33465085639
EPI_ISL_192899|Human|H7N9|2014|Asia|,2014,-648.9,45.0592885375494,2277,2277,46.3768115942029,44.4005270092227
EPI_ISL_192898|Human|H7N9|2013.915|Asia|,2013.915,-644,44.8836187966623,2277,2277,45.8498023715415,44.4005270092227
EPI_ISL_194320|Human|H7N9|2015.652|Asia|,2015.652,-654.6,44.8836187966623,2277,2277,46.6403162055336,44.0052700922266
EPI_ISL_198689|Human|H7N9|2014.079|Asia|,2014.079,-648.5,45.0153711023276,2277,2277,46.5085638998682,44.2687747035573
EPI_ISL_198688|Human|H7N9|2014.077|Asia|,2014.077,-646.9,44.9275362318841,2277,2277,46.5085638998682,44.137022397892
EPI_ISL_198687|Human|H7N9|2014.077|Asia|,2014.077,-646.9,44.9275362318841,2277,2277,46.5085638998682,44.137022397892
EPI_ISL_198686|Human|H7N9|2014.071|Asia|,2014.071,-608.6,45.1409135082604,2058,2058,46.7930029154519,44.3148688046647
EPI_ISL_198685|Human|H7N9|2014.049|Asia|,2014.049,-652.5,45.0153711023276,2277,2277,46.2450592885375,44.4005270092227
EPI_ISL_198684|Human|H7N9|2014.041|Asia|,2014.041,-645.2,44.9275362318841,2277,2277,45.8498023715415,44.4664031620553
EPI_ISL_198683|Human|H7N9|2014.038|Asia|,2014.038,-647.4,44.9714536671058,2277,2277,46.5085638998682,44.2028985507246
EPI_ISL_198682|Human|H7N9|2014.03|Asia|,2014.03,-648.3,44.8397013614405,2277,2277,46.2450592885375,44.137022397892
EPI_ISL_198681|Human|H7N9|2014.03|Asia|,2014.03,-654.1,44.9033391915641,2276,2277,46.5085638998682,44.1001977587343
EPI_ISL_198680|Human|H7N9|2014.03|Asia|,2014.03,-654.1,44.9275362318841,2277,2277,46.5085638998682,44.137022397892
EPI_ISL_198679|Human|H7N9|2014.03|Asia|,2014.03,-651.7,44.9714536671058,2277,2277,46.6403162055336,44.137022397892
EPI_ISL_198678|Human|H7N9|2014.027|Asia|,2014.027,-649.3,45.0592885375494,2277,2277,46.6403162055336,44.2687747035573
EPI_ISL_198677|Human|H7N9|2014.027|Asia|,2014.027,-647.2,44.9714536671058,2277,2277,46.6403162055336,44.137022397892
EPI_ISL_198676|Human|H7N9|2014.025|Asia|,2014.025,-646.6,45.0153711023276,2277,2277,46.3768115942029,44.33465085639
EPI_ISL_198675|Human|H7N9|2014.025|Asia|,2014.025,-647.4,44.9714536671058,2277,2277,46.5085638998682,44.2028985507246
EPI_ISL_198674|Human|H7N9|2014.016|Asia|,2014.016,-654.1,44.9275362318841,2277,2277,46.5085638998682,44.137022397892
EPI_ISL_198673|Human|H7N9|2014.016|Asia|,2014.016,-647.3,44.9714536671058,2277,2277,46.5085638998682,44.2028985507246
EPI_ISL_198672|Human|H7N9|2014.005|Asia|,2014.005,-649.5,44.9275362318841,2277,2277,46.3768115942029,44.2028985507246
EPI_ISL_198750|Human|H7N9|2015.186|Asia|,2015.186,-665.3,44.8397013614405,2277,2277,46.1133069828722,44.2028985507246
EPI_ISL_198749|Human|H7N9|2015.173|Asia|,2015.173,-648.5,44.7518664909969,2277,2277,45.9815546772069,44.137022397892
EPI_ISL_198748|Human|H7N9|2015.153|Asia|,2015.153,-636.7,45.0592885375494,2277,2277,46.6403162055336,44.2687747035573
EPI_ISL_198747|Human|H7N9|2015.153|Asia|,2015.153,-633.1,44.8397013614405,2277,2277,45.9815546772069,44.2687747035573
EPI_ISL_198746|Human|H7N9|2015.153|Asia|,2015.153,-635.1,44.8836187966623,2277,2277,46.2450592885375,44.2028985507246
EPI_ISL_198745|Human|H7N9|2015.11|Asia|,2015.11,-658.6,45.1910408432148,2277,2277,46.7720685111989,44.4005270092227
EPI_ISL_198744|Human|H7N9|2015.11|Asia|,2015.11,-635.8,44.8397013614405,2277,2277,46.1133069828722,44.2028985507246
EPI_ISL_198742|Human|H7N9|2015.104|Asia|,2015.104,-642.6,44.8836187966623,2277,2277,46.2450592885375,44.2028985507246
EPI_ISL_198741|Human|H7N9|2015.101|Asia|,2015.101,-636.8,44.9714536671058,2277,2277,46.3768115942029,44.2687747035573
EPI_ISL_198740|Human|H7N9|2015.093|Asia|,2015.093,-633.4,44.9275362318841,2277,2277,46.3768115942029,44.2028985507246
EPI_ISL_198739|Human|H7N9|2015.09|Asia|,2015.09,-654.1,44.5761967501098,2277,2277,45.4545454545455,44.137022397892
EPI_ISL_198738|Human|H7N9|2015.09|Asia|,2015.09,-657.3,44.4883618796662,2277,2277,45.3227931488801,44.0711462450593
EPI_ISL_198737|Human|H7N9|2015.079|Asia|,2015.079,-642.3,44.8397013614405,2277,2277,46.2450592885375,44.137022397892
EPI_ISL_198736|Human|H7N9|2015.071|Asia|,2015.071,-652.1,45.147123407993,2277,2277,46.6403162055336,44.4005270092227
EPI_ISL_198735|Human|H7N9|2015.071|Asia|,2015.071,-656.2,44.8836187966623,2277,2277,46.1133069828722,44.2687747035573
EPI_ISL_198733|Human|H7N9|2015.068|Asia|,2015.068,-654.7,45.0592885375494,2277,2277,46.5085638998682,44.33465085639
EPI_ISL_198732|Human|H7N9|2015.066|Asia|,2015.066,-647,44.9275362318841,2277,2277,46.2450592885375,44.2687747035573
EPI_ISL_198731|Human|H7N9|2015.058|Asia|,2015.058,-633.9,44.9714536671058,2277,2277,46.3768115942029,44.2687747035573
EPI_ISL_198730|Human|H7N9|2015.058|Asia|,2015.058,-630.8,44.9912126537786,2276,2277,46.1133069828722,44.4297956493078
EPI_ISL_198729|Human|H7N9|2015.055|Asia|,2015.055,-658.8,45.147123407993,2277,2277,46.6403162055336,44.4005270092227
EPI_ISL_198728|Human|H7N9|2015.049|Asia|,2015.049,-668.8,44.9714536671058,2277,2277,46.3768115942029,44.2687747035573
EPI_ISL_198727|Human|H7N9|2015.041|Asia|,2015.041,-633,44.9912126537786,2276,2277,46.2450592885375,44.3638760711931
EPI_ISL_198726|Human|H7N9|2015.038|Asia|,2015.038,-658.4,44.9275362318841,2277,2277,45.9815546772069,44.4005270092227
EPI_ISL_198725|Human|H7N9|2015.027|Asia|,2015.027,-631.3,44.9275362318841,2277,2277,46.2450592885375,44.2687747035573
EPI_ISL_198724|Human|H7N9|2015.027|Asia|,2015.027,-649.8,44.8836187966623,2277,2277,46.2450592885375,44.2028985507246
EPI_ISL_198723|Human|H7N9|2015.014|Asia|,2015.014,-639.4,43.9613526570048,2277,2277,44.0052700922266,43.9393939393939
EPI_ISL_198722|Human|H7N9|2015.014|Asia|,2015.014,-665.4,44.8397013614405,2277,2277,46.2450592885375,44.137022397892
EPI_ISL_198721|Human|H7N9|2015.005|Asia|,2015.005,-668.7,45.2788757136583,2277,2277,47.0355731225296,44.4005270092227
EPI_ISL_198718|Human|H7N9|2014.403|Asia|,2014.403,-577.4,44.9236298292902,2226,2277,46.2728551336146,44.2904290429043
EPI_ISL_198711|Human|H7N9|2014.184|Asia|,2014.184,-635.9,44.9275362318841,2277,2277,46.1133069828722,44.33465085639
EPI_ISL_198710|Human|H7N9|2014.175|Asia|,2014.175,-654,44.9714536671058,2277,2277,46.3768115942029,44.2687747035573
EPI_ISL_198708|Human|H7N9|2014.142|Asia|,2014.142,-640.8,44.9275362318841,2277,2277,46.3768115942029,44.2028985507246
EPI_ISL_198706|Human|H7N9|2014.134|Asia|,2014.134,-657.6,45.2108963093146,2276,2277,46.9656992084433,44.33465085639
EPI_ISL_198705|Human|H7N9|2014.134|Asia|,2014.134,-648,45.0153711023276,2277,2277,46.2450592885375,44.4005270092227
EPI_ISL_198704|Human|H7N9|2014.134|Asia|,2014.134,-668.5,44.9714536671058,2277,2277,46.5085638998682,44.2028985507246
EPI_ISL_198703|Human|H7N9|2014.132|Asia|,2014.132,-589.8,45.2866861030126,2058,2058,47.2303206997085,44.3148688046647
EPI_ISL_198702|Human|H7N9|2014.132|Asia|,2014.132,-603.2,44.9805068226121,2052,2052,46.0526315789474,44.4444444444444
EPI_ISL_198699|Human|H7N9|2014.112|Asia|,2014.112,-603.6,44.9317738791423,2052,2052,45.906432748538,44.4444444444444
EPI_ISL_198698|Human|H7N9|2014.112|Asia|,2014.112,-650.1,44.9714536671058,2277,2277,46.3768115942029,44.2687747035573
EPI_ISL_198697|Human|H7N9|2014.11|Asia|,2014.11,-601.7,45.0779727095517,2052,2052,46.4912280701754,44.3713450292398
EPI_ISL_198696|Human|H7N9|2014.101|Asia|,2014.101,-590.8,45.3838678328474,2058,2058,47.2303206997085,44.4606413994169
EPI_ISL_198695|Human|H7N9|2014.099|Asia|,2014.099,-590.9,45.2380952380952,2058,2058,47.0845481049563,44.3148688046647
EPI_ISL_198694|Human|H7N9|2014.088|Asia|,2014.088,-652.5,45.0153711023276,2277,2277,46.6403162055336,44.2028985507246
EPI_ISL_198693|Human|H7N9|2014.082|Asia|,2014.082,-667.8,44.9275362318841,2277,2277,46.3768115942029,44.2028985507246
EPI_ISL_198692|Human|H7N9|2014.082|Asia|,2014.082,-651.1,45.1032059727712,2277,2277,46.9038208168643,44.2028985507246
EPI_ISL_198691|Human|H7N9|2014.079|Asia|,2014.079,-667.8,44.9275362318841,2277,2277,46.3768115942029,44.2028985507246
EPI_ISL_198690|Human|H7N9|2014.079|Asia|,2014.079,-647.3,44.9714536671058,2277,2277,46.5085638998682,44.2028985507246
EPI_ISL_212471|Human|H7N9|2016.115|Asia|,2016.115,-657.6,44.7957839262187,2277,2277,45.8498023715415,44.2687747035573
EPI_ISL_215534|Human|H7N9|2014.31|Asia|,2014.31,-651.8,45.1910408432148,2277,2277,46.7720685111989,44.4005270092227
EPI_ISL_215533|Human|H7N9|2014.31|Asia|,2014.31,-651.8,45.1910408432148,2277,2277,46.7720685111989,44.4005270092227
EPI_ISL_221674|Human|H7N9|2015|Asia|,2015,-656,44.8836187966623,2277,2277,45.9815546772069,44.33465085639
EPI_ISL_221672|Human|H7N9|2015|Asia|,2015,-650.8,44.8836187966623,2277,2277,45.9815546772069,44.33465085639
EPI_ISL_221671|Human|H7N9|2015|Asia|,2015,-649.2,44.9275362318841,2277,2277,46.2450592885375,44.2687747035573
EPI_ISL_221667|Human|H7N9|2015|Asia|,2015,-640.3,44.9714536671058,2277,2277,45.8498023715415,44.532279314888
EPI_ISL_223670|Human|H7N9|2015.036|Asia|,2015.036,-649.9,44.7957839262187,2277,2277,45.7180500658762,44.33465085639
EPI_ISL_223680|Human|H7N9|2015.044|Asia|,2015.044,-627.6,44.1809398331137,2277,2277,44.9275362318841,43.8076416337286
EPI_ISL_223673|Human|H7N9|2015.038|Asia|,2015.038,-630.9,44.2687747035573,2277,2277,45.0592885375494,43.8735177865613
EPI_ISL_223672|Human|H7N9|2015.038|Asia|,2015.038,-649.9,44.7957839262187,2277,2277,45.7180500658762,44.33465085639
EPI_ISL_233629|Human|H7N9|2016.038|Asia|,2016.038,-633.2,44.7518664909969,2277,2277,45.8498023715415,44.2028985507246
EPI_ISL_233628|Human|H7N9|2016.033|Asia|,2016.033,-650.3,44.7079490557751,2277,2277,45.9815546772069,44.0711462450593
EPI_ISL_239333|Human|H7N9|2016.123|Asia|,2016.123,-651.3,44.973544973545,2268,2277,46.6135458167331,44.1584158415842
EPI_ISL_239332|Human|H7N9|2016.096|Asia|,2016.096,-645.3,44.5374449339207,2270,2277,45.2127659574468,44.2028985507246
EPI_ISL_239331|Human|H7N9|2016.03|Asia|,2016.03,-621.9,44.7774349933892,2269,2277,45.778364116095,44.2753143613501
EPI_ISL_239330|Human|H7N9|2015.89|Asia|,2015.89,-626.3,44.7032967032967,2275,2277,45.7180500658762,44.1952506596306
EPI_ISL_239329|Human|H7N9|2016.112|Asia|,2016.112,-627.7,44.7472527472527,2275,2277,45.778364116095,44.2320369149637
EPI_ISL_248792|Human|H7N9|2014.323|Asia|,2014.323,-667.8,44.9275362318841,2277,2277,46.3768115942029,44.2028985507246
EPI_ISL_252549|Human|H7N9|2015.06|Asia|,2015.06,-636.4,44.7957839262187,2277,2277,45.9815546772069,44.2028985507246
EPI_ISL_256214|Human|H7N9|2016.068|Asia|,2016.068,-633.9,44.8594024604569,2276,2277,46.042216358839,44.2687747035573
EPI_ISL_277448|Human|H7N9|2015.055|Asia|,2015.055,-634.2,44.9275362318841,2277,2277,46.2450592885375,44.2687747035573
EPI_ISL_277447|Human|H7N9|2015.888|Asia|,2015.888,-637.2,44.7518664909969,2277,2277,45.9815546772069,44.137022397892
EPI_ISL_285559|Human|H7N9|2016.098|Asia|,2016.098,-633.1,44.7079490557751,2277,2277,45.9815546772069,44.0711462450593
EPI_ISL_285558|Human|H7N9|2016.03|Asia|,2016.03,-647.5,44.5761967501098,2277,2277,45.5862977602108,44.0711462450593
EPI_ISL_285557|Human|H7N9|2016.052|Asia|,2016.052,-656.9,44.7518664909969,2277,2277,46.1133069828722,44.0711462450593
EPI_ISL_285416|Human|H7N9|2016.148|Asia|,2016.148,-663.2,44.9714536671058,2277,2277,46.5085638998682,44.2028985507246
EPI_ISL_285412|Human|H7N9|2016.068|Asia|,2016.068,-630.8,44.7518664909969,2277,2277,45.8498023715415,44.2028985507246
EPI_ISL_285226|Human|H7N9|2015.085|Asia|,2015.085,-634.5,44.8397013614405,2277,2277,46.2450592885375,44.137022397892
EPI_ISL_285120|Human|H7N9|2016.03|Asia|,2016.03,-627.2,44.6640316205534,2277,2277,45.7180500658762,44.137022397892
EPI_ISL_285119|Human|H7N9|2015.973|Asia|,2015.973,-615.4,44.6799116997793,2265,2277,45.6,44.2244224422442
EPI_ISL_285118|Human|H7N9|2015.093|Asia|,2015.093,-654.8,44.6640316205534,2277,2277,45.7180500658762,44.137022397892
EPI_ISL_284991|Human|H7N9|2015.477|Asia|,2015.477,-653.6,44.7715289982425,2276,2277,46.042216358839,44.137022397892
EPI_ISL_284982|Human|H7N9|2016.161|Asia|,2016.161,-653.3,44.8397013614405,2277,2277,46.2450592885375,44.137022397892
EPI_ISL_285113|Human|H7N9|2016.142|Asia|,2016.142,-630.8,44.7518664909969,2277,2277,45.9815546772069,44.137022397892
EPI_ISL_285110|Human|H7N9|2016.153|Asia|,2016.153,-633,44.7957839262187,2277,2277,45.9815546772069,44.2028985507246
EPI_ISL_285108|Human|H7N9|2016.038|Asia|,2016.038,-651.9,44.6640316205534,2277,2277,45.8498023715415,44.0711462450593
EPI_ISL_285184|Human|H7N9|2016.128|Asia|,2016.128,-642.5,44.4444444444444,2277,2277,45.5862977602108,43.8735177865613
EPI_ISL_285183|Human|H7N9|2016.09|Asia|,2016.09,-644.9,44.6640316205534,2277,2277,45.9815546772069,44.0052700922266
EPI_ISL_285182|Human|H7N9|2016.003|Asia|,2016.003,-644.5,44.6201141853316,2277,2277,45.9815546772069,43.9393939393939
EPI_ISL_285181|Human|H7N9|2016|Asia|,2016,-644.9,44.6397188049209,2276,2277,45.9815546772069,43.9683586025049
EPI_ISL_285256|Human|H7N9|2016.128|Asia|,2016.128,-647.2,44.7079490557751,2277,2277,45.3227931488801,44.4005270092227
EPI_ISL_364317|Human|H7N9|2015.025|Asia|,2015.025,-659.6,44.9912126537786,2276,2277,46.7720685111989,44.1001977587343
EPI_ISL_379593|Human|H7N9|2016.134|Asia|,2016.134,-657.6,44.9472759226714,2276,2277,46.5085638998682,44.166117336849
EPI_ISL_379592|Human|H7N9|2014.068|Asia|,2014.068,-652.4,44.8594024604569,2276,2277,46.2450592885375,44.166117336849
EPI_ISL_379591|Human|H7N9|2014.307|Asia|,2014.307,-655.3,44.9714536671058,2277,2277,46.3768115942029,44.2687747035573
EPI_ISL_379590|Human|H7N9|2014.268|Asia|,2014.268,-650.5,44.7957839262187,2277,2277,46.2450592885375,44.0711462450593
EPI_ISL_379589|Human|H7N9|2014.205|Asia|,2014.205,-645.2,44.8594024604569,2276,2277,46.3060686015831,44.137022397892
EPI_ISL_379588|Human|H7N9|2015.342|Asia|,2015.342,-649.8,44.8397013614405,2277,2277,46.2450592885375,44.137022397892
EPI_ISL_379587|Human|H7N9|2014.271|Asia|,2014.271,-638,44.9714536671058,2277,2277,46.1133069828722,44.4005270092227
EPI_ISL_379586|Human|H7N9|2016.033|Asia|,2016.033,-663.2,44.9714536671058,2277,2277,46.5085638998682,44.2028985507246
EPI_ISL_399682|Human|H7N9|2014.134|Asia|,2014.134,-652.2,45.2349582784365,2277,2277,46.7720685111989,44.4664031620553
EPI_ISL_426185|Human|H7N9|2015.175|Asia|,2015.175,-636.4,44.8836187966623,2277,2277,46.1133069828722,44.2687747035573
EPI_ISL_426184|Human|H7N9|2014.942|Asia|,2014.942,-638.2,44.7518664909969,2277,2277,45.8498023715415,44.2028985507246
EPI_ISL_4071297|Rodent|H7N9|2015.953|Asia|,2015.953,-648.7,44.8397013614405,2277,2277,45.8498023715415,44.33465085639
EPI_ISL_217947|Human|H7N9|2016.298|Asia|,2016.298,-628.9,44.7957839262187,2277,2277,45.9815546772069,44.2028985507246
EPI_ISL_215688|Human|H7N9|2016.227|Asia|,2016.227,-647.2,44.7079490557751,2277,2277,46.1133069828722,44.0052700922266
EPI_ISL_239994|Human|H7N9|2016.964|Asia|,2016.964,-648.7,44.7079490557751,2277,2277,46.2450592885375,43.9393939393939
EPI_ISL_240520|Human|H7N9|2016.989|Asia|,2016.989,-640.2,44.8397013614405,2277,2277,46.5085638998682,44.0052700922266
EPI_ISL_240829|Human|H7N9|2017.011|Asia|,2017.011,-640.1,44.7518664909969,2277,2277,45.9815546772069,44.137022397892
EPI_ISL_242275|Human|H7N9|2017.022|Asia|,2017.022,-652,44.7079490557751,2277,2277,45.7180500658762,44.2028985507246
EPI_ISL_242867|Human|H7N9|2017|Asia|,2017,-647,44.4883618796662,2277,2277,45.8498023715415,43.8076416337286
EPI_ISL_242866|Human|H7N9|2016.765|Asia|,2016.765,-626.7,44.7912087912088,2275,2277,45.9815546772069,44.1952506596306
EPI_ISL_242865|Human|H7N9|2016.943|Asia|,2016.943,-652.8,44.8397013614405,2277,2277,45.7180500658762,44.4005270092227
EPI_ISL_242864|Human|H7N9|2016.945|Asia|,2016.945,-658.3,44.7079490557751,2277,2277,45.7180500658762,44.2028985507246
EPI_ISL_242863|Human|H7N9|2016.962|Asia|,2016.962,-654.8,44.7518664909969,2277,2277,46.1133069828722,44.0711462450593
EPI_ISL_242862|Human|H7N9|2016.97|Asia|,2016.97,-652.8,44.8397013614405,2277,2277,45.7180500658762,44.4005270092227
EPI_ISL_242861|Human|H7N9|2016.981|Asia|,2016.981,-650.1,44.4200351493849,2276,2277,45.2506596306069,44.0052700922266
EPI_ISL_242860|Human|H7N9|2016.978|Asia|,2016.978,-650.4,44.532279314888,2277,2277,45.8498023715415,43.8735177865613
EPI_ISL_242859|Human|H7N9|2016.975|Asia|,2016.975,-652.1,44.8154657293497,2276,2277,45.7180500658762,44.3638760711931
EPI_ISL_242858|Human|H7N9|2016.97|Asia|,2016.97,-667.8,45.1032059727712,2277,2277,46.6403162055336,44.33465085639
EPI_ISL_242857|Human|H7N9|2016.97|Asia|,2016.97,-655.9,44.7472527472527,2275,2277,46.2450592885375,43.9973614775726
EPI_ISL_242856|Human|H7N9|2017.016|Asia|,2017.016,-645.8,44.2248572683355,2277,2277,44.7957839262187,43.9393939393939
EPI_ISL_242855|Human|H7N9|2017.008|Asia|,2017.008,-640.6,44.0685413005272,2276,2277,44.5910290237467,43.8076416337286
EPI_ISL_242854|Human|H7N9|2016.926|Asia|,2016.926,-654,44.7518664909969,2277,2277,45.7180500658762,44.2687747035573
EPI_ISL_242853|Human|H7N9|2016.997|Asia|,2016.997,-653.8,44.7957839262187,2277,2277,45.5862977602108,44.4005270092227
EPI_ISL_242852|Human|H7N9|2016.986|Asia|,2016.986,-654.9,44.4005270092227,2277,2277,45.3227931488801,43.9393939393939
EPI_ISL_242851|Human|H7N9|2017.011|Asia|,2017.011,-653.5,44.7518664909969,2277,2277,45.7180500658762,44.2687747035573
EPI_ISL_242850|Human|H7N9|2016.989|Asia|,2016.989,-648.9,44.6201141853316,2277,2277,46.1133069828722,43.8735177865613
EPI_ISL_242849|Human|H7N9|2016.995|Asia|,2016.995,-654.4,44.5761967501098,2277,2277,45.4545454545455,44.137022397892
EPI_ISL_242848|Human|H7N9|2017.003|Asia|,2017.003,-647.1,44.2687747035573,2277,2277,45.0592885375494,43.8735177865613
EPI_ISL_242847|Human|H7N9|2017.011|Asia|,2017.011,-647.5,44.3126921387791,2277,2277,45.0592885375494,43.9393939393939
EPI_ISL_242888|Human|H7N9|2016.948|Asia|,2016.948,-647.6,44.7472527472527,2275,2277,45.9815546772069,44.1292875989446
EPI_ISL_242871|Human|H7N9|2016.937|Asia|,2016.937,-644.9,44.5761967501098,2277,2277,45.5862977602108,44.0711462450593
EPI_ISL_242870|Human|H7N9|2016.989|Asia|,2016.989,-640.3,44.5761967501098,2277,2277,45.5862977602108,44.0711462450593
EPI_ISL_242897|Human|H7N9|2016.964|Asia|,2016.964,-635.3,44.8397013614405,2277,2277,45.9815546772069,44.2687747035573
EPI_ISL_242896|Human|H7N9|2016.964|Asia|,2016.964,-636,44.8154657293497,2276,2277,45.9815546772069,44.2320369149637
EPI_ISL_242895|Human|H7N9|2016.948|Asia|,2016.948,-637.7,44.8397013614405,2277,2277,45.9815546772069,44.2687747035573
EPI_ISL_242890|Human|H7N9|2016.973|Asia|,2016.973,-652,44.8154657293497,2276,2277,45.7180500658762,44.3638760711931
EPI_ISL_242872|Human|H7N9|2016.885|Asia|,2016.885,-642.5,44.532279314888,2277,2277,45.1910408432148,44.2028985507246
EPI_ISL_242843|Human|H7N9|2017.014|Asia|,2017.014,-652,44.8397013614405,2277,2277,45.8498023715415,44.33465085639
EPI_ISL_242842|Human|H7N9|2017|Asia|,2017,-654,44.4444444444444,2277,2277,45.1910408432148,44.0711462450593
EPI_ISL_242901|Human|H7N9|2016.874|Asia|,2016.874,-638.9,44.5274725274725,2275,2277,45.1910408432148,44.1952506596306
EPI_ISL_242900|Human|H7N9|2016.97|Asia|,2016.97,-636,44.7912087912088,2275,2277,46.042216358839,44.166117336849
EPI_ISL_242899|Human|H7N9|2016.964|Asia|,2016.964,-652.8,44.8397013614405,2277,2277,45.7180500658762,44.4005270092227
EPI_ISL_242898|Human|H7N9|2016.964|Asia|,2016.964,-634.6,44.8791208791209,2275,2277,46.042216358839,44.2979564930784
EPI_ISL_242894|Human|H7N9|2016.964|Asia|,2016.964,-636.2,44.7032967032967,2275,2277,45.8388375165125,44.137022397892
EPI_ISL_242893|Human|H7N9|2016.954|Asia|,2016.954,-638.2,44.8397013614405,2277,2277,46.1133069828722,44.2028985507246
EPI_ISL_242892|Human|H7N9|2016.954|Asia|,2016.954,-638.2,44.8397013614405,2277,2277,46.1133069828722,44.2028985507246
EPI_ISL_242891|Human|H7N9|2016.97|Asia|,2016.97,-638.6,44.7957839262187,2277,2277,46.1133069828722,44.137022397892
EPI_ISL_242889|Human|H7N9|2016.962|Asia|,2016.962,-636,44.7518664909969,2277,2277,45.9815546772069,44.137022397892
EPI_ISL_242887|Human|H7N9|2016.956|Asia|,2016.956,-653.1,44.9275362318841,2277,2277,45.8498023715415,44.4664031620553
EPI_ISL_242886|Human|H7N9|2016.964|Asia|,2016.964,-648.3,44.6201141853316,2277,2277,45.5862977602108,44.137022397892
EPI_ISL_242885|Human|H7N9|2016.964|Asia|,2016.964,-652.8,44.8397013614405,2277,2277,45.7180500658762,44.4005270092227
EPI_ISL_242884|Human|H7N9|2016.956|Asia|,2016.956,-650.4,44.4883618796662,2277,2277,45.5862977602108,43.9393939393939
EPI_ISL_242883|Human|H7N9|2016.899|Asia|,2016.899,-652.1,44.7518664909969,2277,2277,45.8498023715415,44.2028985507246
EPI_ISL_242882|Human|H7N9|2016.918|Asia|,2016.918,-662.6,44.7518664909969,2277,2277,45.8498023715415,44.2028985507246
EPI_ISL_242881|Human|H7N9|2016.929|Asia|,2016.929,-651.8,44.7957839262187,2277,2277,45.7180500658762,44.33465085639
EPI_ISL_242880|Human|H7N9|2016.94|Asia|,2016.94,-652.8,44.8397013614405,2277,2277,45.7180500658762,44.4005270092227
EPI_ISL_242879|Human|H7N9|2016.945|Asia|,2016.945,-653.3,44.7957839262187,2277,2277,45.8498023715415,44.2687747035573
EPI_ISL_242878|Human|H7N9|2016.948|Asia|,2016.948,-665.9,44.7518664909969,2277,2277,45.8498023715415,44.2028985507246
EPI_ISL_242877|Human|H7N9|2016.967|Asia|,2016.967,-657.9,44.7518664909969,2277,2277,45.5862977602108,44.33465085639
EPI_ISL_242876|Human|H7N9|2016.956|Asia|,2016.956,-657.9,44.7079490557751,2277,2277,45.4545454545455,44.33465085639
EPI_ISL_242875|Human|H7N9|2016.872|Asia|,2016.872,-648.8,44.8351648351648,2275,2277,46.1133069828722,44.1952506596306
EPI_ISL_242874|Human|H7N9|2016.937|Asia|,2016.937,-650.1,44.6201141853316,2277,2277,45.4545454545455,44.2028985507246
EPI_ISL_242873|Human|H7N9|2016.817|Asia|,2016.817,-649.7,44.7957839262187,2277,2277,46.1133069828722,44.137022397892
EPI_ISL_242869|Human|H7N9|2016.888|Asia|,2016.888,-647.2,44.6640316205534,2277,2277,45.8498023715415,44.0711462450593
EPI_ISL_242868|Human|H7N9|2016.986|Asia|,2016.986,-650.8,44.8397013614405,2277,2277,45.5862977602108,44.4664031620553
EPI_ISL_242846|Human|H7N9|2017.019|Asia|,2017.019,-652.8,44.7518664909969,2277,2277,45.4545454545455,44.4005270092227
EPI_ISL_242845|Human|H7N9|2017.027|Asia|,2017.027,-654.3,44.9033391915641,2276,2277,46.3768115942029,44.166117336849
EPI_ISL_242844|Human|H7N9|2017.014|Asia|,2017.014,-647.1,44.2687747035573,2277,2277,45.0592885375494,43.8735177865613
EPI_ISL_248314|Human|H7N9|2016.948|Asia|,2016.948,-665.9,44.7518664909969,2277,2277,45.8498023715415,44.2028985507246
EPI_ISL_248778|Human|H7N9|2017.09|Asia|,2017.09,-617.7,44.6640316205534,2277,2277,45.7180500658762,44.137022397892
EPI_ISL_248313|Human|H7N9|2016.918|Asia|,2016.918,-662.6,44.7518664909969,2277,2277,45.8498023715415,44.2028985507246
EPI_ISL_249102|Human|H7N9|2017.036|Asia|,2017.036,-644.7,44.6201141853316,2277,2277,45.8498023715415,44.0052700922266
EPI_ISL_249621|Human|H7N9|2016.967|Asia|,2016.967,-645.9,44.5079086115993,2276,2277,45.3227931488801,44.1001977587343
EPI_ISL_249668|Human|H7N9|2016.986|Asia|,2016.986,-652,44.7518664909969,2277,2277,45.4545454545455,44.4005270092227
EPI_ISL_249652|Human|H7N9|2016.984|Asia|,2016.984,-654,44.8397013614405,2277,2277,45.8498023715415,44.33465085639
EPI_ISL_249638|Human|H7N9|2016.964|Asia|,2016.964,-652.4,44.9033391915641,2276,2277,45.7180500658762,44.4957152274225
EPI_ISL_249600|Human|H7N9|2016.956|Asia|,2016.956,-644.9,44.8548812664908,2274,2277,45.7067371202114,44.4297956493078
EPI_ISL_249309|Human|H7N9|2017.005|Asia|,2017.005,-641.2,44.6201141853316,2277,2277,45.5862977602108,44.137022397892
EPI_ISL_249308|Human|H7N9|2017.03|Asia|,2017.03,-641.3,44.5957820738137,2276,2277,45.8498023715415,43.9683586025049
EPI_ISL_250425|Human|H7N9|2016.995|Asia|,2016.995,-648.2,44.7518664909969,2277,2277,45.7180500658762,44.2687747035573
EPI_ISL_250424|Human|H7N9|2016.997|Asia|,2016.997,-638.6,44.532279314888,2277,2277,45.5862977602108,44.0052700922266
EPI_ISL_250317|Human|H7N9|2017.107|Asia|,2017.107,-640.3,44.6201141853316,2277,2277,45.8498023715415,44.0052700922266
EPI_ISL_250316|Human|H7N9|2017.101|Asia|,2017.101,-640.3,44.6201141853316,2277,2277,45.8498023715415,44.0052700922266
EPI_ISL_250315|Human|H7N9|2017.101|Asia|,2017.101,-638.9,44.7079490557751,2277,2277,46.1133069828722,44.0052700922266
EPI_ISL_250314|Human|H7N9|2017.052|Asia|,2017.052,-644.5,44.5761967501098,2277,2277,45.5862977602108,44.0711462450593
EPI_ISL_250313|Human|H7N9|2017.041|Asia|,2017.041,-657.2,44.7518664909969,2277,2277,46.2450592885375,44.0052700922266
EPI_ISL_250312|Human|H7N9|2017.085|Asia|,2017.085,-626.8,44.6640316205534,2277,2277,45.5862977602108,44.2028985507246
EPI_ISL_250311|Human|H7N9|2017.008|Asia|,2017.008,-638.1,44.5957820738137,2276,2277,45.5862977602108,44.1001977587343
EPI_ISL_253626|Human|H7N9|2017.175|Asia|,2017.175,-652.1,44.2687747035573,2277,2277,45.1910408432148,43.8076416337286
EPI_ISL_256109|Human|H7N9|2017.008|Asia|,2017.008,-641.2,44.6201141853316,2277,2277,45.5862977602108,44.137022397892
EPI_ISL_256108|Human|H7N9|2017.008|Asia|,2017.008,-641.2,44.6201141853316,2277,2277,45.5862977602108,44.137022397892
EPI_ISL_257022|Human|H7N9|2017.036|Asia|,2017.036,-644.7,44.6201141853316,2277,2277,45.8498023715415,44.0052700922266
EPI_ISL_258034|Human|H7N9|2017.09|Asia|,2017.09,-651.2,44.9275362318841,2277,2277,45.9815546772069,44.4005270092227
EPI_ISL_258006|Human|H7N9|2017.09|Asia|,2017.09,-646.4,44.3076923076923,2275,2277,45.1910408432148,43.8654353562005
EPI_ISL_258005|Human|H7N9|2017.06|Asia|,2017.06,-661.3,44.8836187966623,2277,2277,46.2450592885375,44.2028985507246
EPI_ISL_258004|Human|H7N9|2017.077|Asia|,2017.077,-653.1,44.8836187966623,2277,2277,45.8498023715415,44.4005270092227
EPI_ISL_258002|Human|H7N9|2017.033|Asia|,2017.033,-656.1,44.7079490557751,2277,2277,46.1133069828722,44.0052700922266
EPI_ISL_258001|Human|H7N9|2017.101|Asia|,2017.101,-652.8,44.8397013614405,2277,2277,46.1133069828722,44.2028985507246
EPI_ISL_258000|Human|H7N9|2017.085|Asia|,2017.085,-652.8,44.8154657293497,2276,2277,46.1133069828722,44.166117336849
EPI_ISL_257999|Human|H7N9|2017.09|Asia|,2017.09,-652.2,44.7957839262187,2277,2277,45.7180500658762,44.33465085639
EPI_ISL_257998|Human|H7N9|2017.077|Asia|,2017.077,-657.3,44.7079490557751,2277,2277,46.2450592885375,43.9393939393939
EPI_ISL_257997|Human|H7N9|2017.09|Asia|,2017.09,-657.3,44.7079490557751,2277,2277,46.2450592885375,43.9393939393939
EPI_ISL_257996|Human|H7N9|2017.09|Asia|,2017.09,-659.3,44.7079490557751,2277,2277,46.2450592885375,43.9393939393939
EPI_ISL_257995|Human|H7N9|2017.101|Asia|,2017.101,-658.4,44.7957839262187,2277,2277,46.2450592885375,44.0711462450593
EPI_ISL_257993|Human|H7N9|2017.099|Asia|,2017.099,-657.4,44.7518664909969,2277,2277,46.2450592885375,44.0052700922266
EPI_ISL_257992|Human|H7N9|2017.09|Asia|,2017.09,-655.7,44.7957839262187,2277,2277,46.3768115942029,44.0052700922266
EPI_ISL_257991|Human|H7N9|2017.082|Asia|,2017.082,-655.3,44.7032967032967,2275,2277,46.1741424802111,43.9683586025049
EPI_ISL_258029|Human|H7N9|2017.096|Asia|,2017.096,-644.8,44.7518664909969,2277,2277,45.7180500658762,44.2687747035573
EPI_ISL_258028|Human|H7N9|2017.071|Asia|,2017.071,-642.4,44.6640316205534,2277,2277,45.5862977602108,44.2028985507246
EPI_ISL_258027|Human|H7N9|2017.052|Asia|,2017.052,-645.1,44.6397188049209,2276,2277,45.5862977602108,44.166117336849
EPI_ISL_258026|Human|H7N9|2017.137|Asia|,2017.137,-628.1,44.7957839262187,2277,2277,45.8498023715415,44.2687747035573
EPI_ISL_258025|Human|H7N9|2017.033|Asia|,2017.033,-635.1,44.7518664909969,2277,2277,45.8498023715415,44.2028985507246
EPI_ISL_258024|Human|H7N9|2017.033|Asia|,2017.033,-635.1,44.7518664909969,2277,2277,45.8498023715415,44.2028985507246
EPI_ISL_258023|Human|H7N9|2017.014|Asia|,2017.014,-637.7,44.8397013614405,2277,2277,45.9815546772069,44.2687747035573
EPI_ISL_258022|Human|H7N9|2016.997|Asia|,2016.997,-635,44.7079490557751,2277,2277,45.8498023715415,44.137022397892
EPI_ISL_258021|Human|H7N9|2017.082|Asia|,2017.082,-634.3,44.7275922671353,2276,2277,45.646437994723,44.2687747035573
EPI_ISL_258020|Human|H7N9|2017.044|Asia|,2017.044,-635.1,44.7518664909969,2277,2277,45.8498023715415,44.2028985507246
EPI_ISL_258019|Human|H7N9|2017.044|Asia|,2017.044,-635.1,44.7518664909969,2277,2277,45.8498023715415,44.2028985507246
EPI_ISL_258018|Human|H7N9|2017.033|Asia|,2017.033,-632.3,44.7912087912088,2275,2277,45.8498023715415,44.2612137203166
EPI_ISL_258017|Human|H7N9|2017.123|Asia|,2017.123,-632.9,44.8836187966623,2277,2277,46.1133069828722,44.2687747035573
EPI_ISL_258016|Human|H7N9|2017.121|Asia|,2017.121,-632.9,44.8836187966623,2277,2277,46.1133069828722,44.2687747035573
EPI_ISL_258015|Human|H7N9|2017.121|Asia|,2017.121,-632.9,44.8836187966623,2277,2277,46.1133069828722,44.2687747035573
EPI_ISL_258014|Human|H7N9|2017.121|Asia|,2017.121,-648.6,44.532279314888,2277,2277,45.4545454545455,44.0711462450593
EPI_ISL_258013|Human|H7N9|2017.121|Asia|,2017.121,-645.1,44.5079086115993,2276,2277,45.3825857519789,44.0711462450593
EPI_ISL_258012|Human|H7N9|2017.033|Asia|,2017.033,-643.9,44.7518664909969,2277,2277,45.7180500658762,44.2687747035573
EPI_ISL_258011|Human|H7N9|2017.052|Asia|,2017.052,-636.9,44.7518664909969,2277,2277,45.9815546772069,44.137022397892
EPI_ISL_257990|Human|H7N9|2017.137|Asia|,2017.137,-646.6,44.5518453427065,2276,2277,45.3825857519789,44.137022397892
EPI_ISL_257989|Human|H7N9|2017.137|Asia|,2017.137,-646.6,44.5518453427065,2276,2277,45.3825857519789,44.137022397892
EPI_ISL_257988|Human|H7N9|2017.137|Asia|,2017.137,-648.5,44.7518664909969,2277,2277,45.4545454545455,44.4005270092227
EPI_ISL_258033|Human|H7N9|2017.126|Asia|,2017.126,-648.9,44.2687747035573,2277,2277,45.0592885375494,43.8735177865613
EPI_ISL_257985|Human|H7N9|2017.06|Asia|,2017.06,-650.5,44.4005270092227,2277,2277,45.3227931488801,43.9393939393939
EPI_ISL_257984|Human|H7N9|2017.09|Asia|,2017.09,-651.4,44.4444444444444,2277,2277,45.4545454545455,43.9393939393939
EPI_ISL_257983|Human|H7N9|2017.093|Asia|,2017.093,-642.6,44.3076923076923,2275,2277,45.1910408432148,43.8654353562005
EPI_ISL_257982|Human|H7N9|2017.063|Asia|,2017.063,-653,44.4200351493849,2276,2277,45.2506596306069,44.0052700922266
EPI_ISL_257981|Human|H7N9|2017.126|Asia|,2017.126,-648.9,44.2687747035573,2277,2277,45.0592885375494,43.8735177865613
EPI_ISL_258036|Human|H7N9|2017.17|Asia|,2017.17,-643.8,44.7518664909969,2277,2277,45.7180500658762,44.2687747035573
EPI_ISL_258035|Human|H7N9|2017.17|Asia|,2017.17,-646.1,44.7518664909969,2277,2277,45.5862977602108,44.33465085639
EPI_ISL_258032|Human|H7N9|2017.107|Asia|,2017.107,-640.3,44.6201141853316,2277,2277,45.8498023715415,44.0052700922266
EPI_ISL_258031|Human|H7N9|2017.14|Asia|,2017.14,-636.5,44.8836187966623,2277,2277,46.1133069828722,44.2687747035573
EPI_ISL_258030|Human|H7N9|2017.14|Asia|,2017.14,-636.5,44.8836187966623,2277,2277,46.1133069828722,44.2687747035573
EPI_ISL_258010|Human|H7N9|2017.071|Asia|,2017.071,-656.1,44.8397013614405,2277,2277,46.5085638998682,44.0052700922266
EPI_ISL_258009|Human|H7N9|2017.101|Asia|,2017.101,-654.3,44.7518664909969,2277,2277,45.9815546772069,44.137022397892
EPI_ISL_258008|Human|H7N9|2017.104|Asia|,2017.104,-636.5,44.8397013614405,2277,2277,45.9815546772069,44.2687747035573
EPI_ISL_258007|Human|H7N9|2017.055|Asia|,2017.055,-646,44.7518664909969,2277,2277,45.4545454545455,44.4005270092227
EPI_ISL_258003|Human|H7N9|2017.093|Asia|,2017.093,-636.5,44.8836187966623,2277,2277,46.1133069828722,44.2687747035573
EPI_ISL_257994|Human|H7N9|2017.036|Asia|,2017.036,-640.3,44.6201141853316,2277,2277,45.8498023715415,44.0052700922266
EPI_ISL_257987|Human|H7N9|2017.134|Asia|,2017.134,-645.2,44.4883618796662,2277,2277,45.0592885375494,44.2028985507246
EPI_ISL_257986|Human|H7N9|2017.134|Asia|,2017.134,-645.2,44.4444444444444,2277,2277,44.9275362318841,44.2028985507246
EPI_ISL_258409|Human|H7N9|2017.132|Asia|,2017.132,-632.3,44.7079490557751,2277,2277,45.5862977602108,44.2687747035573
EPI_ISL_259269|Human|H7N9|2017.011|Asia|,2017.011,-640.1,44.7518664909969,2277,2277,45.9815546772069,44.137022397892
EPI_ISL_259757|Human|H7N9|2017.192|Asia|,2017.192,-640.6,44.5761967501098,2277,2277,45.4545454545455,44.137022397892
EPI_ISL_261072|Human|H7N9|2017.107|Asia|,2017.107,-640.3,44.6201141853316,2277,2277,45.8498023715415,44.0052700922266
EPI_ISL_263365|Human|H7N9|2017.008|Asia|,2017.008,-640.8,44.532279314888,2277,2277,45.4545454545455,44.0711462450593
EPI_ISL_266936|Human|H7N9|2017.318|Asia|,2017.318,-630,44.7079490557751,2277,2277,45.8498023715415,44.137022397892
EPI_ISL_266935|Human|H7N9|2017.318|Asia|,2017.318,-630,44.7079490557751,2277,2277,45.8498023715415,44.137022397892
EPI_ISL_267764|Human|H7N9|2017.192|Asia|,2017.192,-640.8,44.6201141853316,2277,2277,45.5862977602108,44.137022397892
EPI_ISL_267763|Human|H7N9|2017.189|Asia|,2017.189,-633.6,44.5957820738137,2276,2277,45.1910408432148,44.2979564930784
EPI_ISL_267762|Human|H7N9|2017.175|Asia|,2017.175,-635.2,44.7079490557751,2277,2277,45.4545454545455,44.33465085639
EPI_ISL_267761|Human|H7N9|2017.123|Asia|,2017.123,-652.1,44.4883618796662,2277,2277,45.4545454545455,44.0052700922266
EPI_ISL_267760|Human|H7N9|2017.107|Asia|,2017.107,-631.3,44.6201141853316,2277,2277,45.4545454545455,44.2028985507246
EPI_ISL_267759|Human|H7N9|2017.142|Asia|,2017.142,-632.7,44.7275922671353,2276,2277,45.5862977602108,44.2979564930784
EPI_ISL_267758|Human|H7N9|2017.06|Asia|,2017.06,-641.2,44.6201141853316,2277,2277,45.5862977602108,44.137022397892
EPI_ISL_268509|Human|H7N9|2017.208|Asia|,2017.208,-628.6,44.6201141853316,2277,2277,45.4545454545455,44.2028985507246
EPI_ISL_268508|Human|H7N9|2017.208|Asia|,2017.208,-653.3,44.4883618796662,2277,2277,45.4545454545455,44.0052700922266
EPI_ISL_268507|Human|H7N9|2017.203|Asia|,2017.203,-628.7,44.7275922671353,2276,2277,45.5862977602108,44.2979564930784
EPI_ISL_268506|Human|H7N9|2017.197|Asia|,2017.197,-628.2,44.7715289982425,2276,2277,45.8498023715415,44.2320369149637
EPI_ISL_268505|Human|H7N9|2017.192|Asia|,2017.192,-633.1,44.7912087912088,2275,2277,45.9815546772069,44.1952506596306
EPI_ISL_268504|Human|H7N9|2017.17|Asia|,2017.17,-631.9,44.7079490557751,2277,2277,45.7180500658762,44.2028985507246
EPI_ISL_268503|Human|H7N9|2017.167|Asia|,2017.167,-630.9,44.7957839262187,2277,2277,45.9815546772069,44.2028985507246
EPI_ISL_268502|Human|H7N9|2017.156|Asia|,2017.156,-632.6,44.6201141853316,2277,2277,45.5862977602108,44.137022397892
EPI_ISL_268501|Human|H7N9|2017.156|Asia|,2017.156,-627.6,44.8351648351648,2275,2277,45.910290237467,44.2979564930784
EPI_ISL_268500|Human|H7N9|2017.159|Asia|,2017.159,-631.4,44.6397188049209,2276,2277,45.5145118733509,44.2028985507246
EPI_ISL_268499|Human|H7N9|2017.132|Asia|,2017.132,-630.8,44.7032967032967,2275,2277,45.5746367239102,44.2687747035573
EPI_ISL_268498|Human|H7N9|2017.145|Asia|,2017.145,-632.8,44.6640316205534,2277,2277,45.5862977602108,44.2028985507246
EPI_ISL_268526|Human|H7N9|2017.17|Asia|,2017.17,-631.9,44.7079490557751,2277,2277,45.7180500658762,44.2028985507246
EPI_ISL_268525|Human|H7N9|2017.167|Asia|,2017.167,-632.1,44.9275362318841,2277,2277,46.5085638998682,44.137022397892
EPI_ISL_268524|Human|H7N9|2017.156|Asia|,2017.156,-626.8,44.7715289982425,2276,2277,45.8498023715415,44.2320369149637
EPI_ISL_268523|Human|H7N9|2017.159|Asia|,2017.159,-631.4,44.6593406593407,2275,2277,45.5145118733509,44.2320369149637
EPI_ISL_268512|Human|H7N9|2017.142|Asia|,2017.142,-632.8,44.6640316205534,2277,2277,45.5862977602108,44.2028985507246
EPI_ISL_269518|Human|H7N9|2017.34|Asia|,2017.34,-633.5,44.5518453427065,2276,2277,45.3227931488801,44.166117336849
EPI_ISL_269517|Human|H7N9|2017.274|Asia|,2017.274,-654.5,44.4639718804921,2276,2277,45.1187335092348,44.137022397892
EPI_ISL_269516|Human|H7N9|2017.362|Asia|,2017.362,-633.7,44.6640316205534,2277,2277,45.4545454545455,44.2687747035573
EPI_ISL_269513|Human|H7N9|2017.159|Asia|,2017.159,-633.2,44.6201141853316,2277,2277,45.7180500658762,44.0711462450593
EPI_ISL_269512|Human|H7N9|2017.175|Asia|,2017.175,-629.6,44.6640316205534,2277,2277,45.5862977602108,44.2028985507246
EPI_ISL_269511|Human|H7N9|2017.112|Asia|,2017.112,-633.4,44.7715289982425,2276,2277,45.9815546772069,44.166117336849
EPI_ISL_273350|Human|H7N9|2017.093|Asia|,2017.093,-655.8,44.9472759226714,2276,2277,46.7720685111989,44.0342781806196
EPI_ISL_276787|Human|H7N9|2017.367|Asia|,2017.367,-649.7,44.3126921387791,2277,2277,45.1910408432148,43.8735177865613
EPI_ISL_276782|Human|H7N9|2017.367|Asia|,2017.367,-648.4,44.3566095740009,2277,2277,45.3227931488801,43.8735177865613
EPI_ISL_276781|Human|H7N9|2017.367|Asia|,2017.367,-647.1,44.2248572683355,2277,2277,45.1910408432148,43.7417654808959
EPI_ISL_280902|Human|H7N9|2017.005|Asia|,2017.005,-643.2,44.6201141853316,2277,2277,45.5862977602108,44.137022397892
EPI_ISL_280901|Human|H7N9|2017.005|Asia|,2017.005,-641.2,44.6201141853316,2277,2277,45.5862977602108,44.137022397892
EPI_ISL_280900|Human|H7N9|2017.09|Asia|,2017.09,-617.7,44.6640316205534,2277,2277,45.7180500658762,44.137022397892
EPI_ISL_280894|Human|H7N9|2017.09|Asia|,2017.09,-617.7,44.6640316205534,2277,2277,45.7180500658762,44.137022397892
EPI_ISL_282151|Human|H7N9|2017.101|Asia|,2017.101,-651.9,44.8397013614405,2277,2277,45.4545454545455,44.532279314888
EPI_ISL_282150|Human|H7N9|2017.082|Asia|,2017.082,-648.5,44.7275922671353,2276,2277,45.3227931488801,44.4297956493078
EPI_ISL_282158|Human|H7N9|2017.093|Asia|,2017.093,-643.7,44.4883618796662,2277,2277,45.1910408432148,44.137022397892
EPI_ISL_282157|Human|H7N9|2017.068|Asia|,2017.068,-646.6,44.6836555360281,2276,2277,45.3227931488801,44.3638760711931
EPI_ISL_282156|Human|H7N9|2017.099|Asia|,2017.099,-645,44.6640316205534,2277,2277,45.1910408432148,44.4005270092227
EPI_ISL_282155|Human|H7N9|2017.099|Asia|,2017.099,-646.2,44.5079086115993,2276,2277,45.1910408432148,44.166117336849
EPI_ISL_282154|Human|H7N9|2017.093|Asia|,2017.093,-648.5,44.7518664909969,2277,2277,45.4545454545455,44.4005270092227
EPI_ISL_282153|Human|H7N9|2017.093|Asia|,2017.093,-649.1,44.5761967501098,2277,2277,45.3227931488801,44.2028985507246
EPI_ISL_282152|Human|H7N9|2017.09|Asia|,2017.09,-647.9,44.7518664909969,2277,2277,45.3227931488801,44.4664031620553
EPI_ISL_282170|Human|H7N9|2017.063|Asia|,2017.063,-648.1,44.7715289982425,2276,2277,45.4545454545455,44.4297956493078
EPI_ISL_282169|Human|H7N9|2016.197|Asia|,2016.197,-637.7,44.7715289982425,2276,2277,45.910290237467,44.2028985507246
EPI_ISL_285024|Human|H7N9|2017.219|Asia|,2017.219,-640,44.8836187966623,2277,2277,46.1133069828722,44.2687747035573
EPI_ISL_285023|Human|H7N9|2017.195|Asia|,2017.195,-653.7,44.8594024604569,2276,2277,45.8498023715415,44.3638760711931
EPI_ISL_285022|Human|H7N9|2017.427|Asia|,2017.427,-662.4,44.6201141853316,2277,2277,45.5862977602108,44.137022397892
EPI_ISL_285021|Human|H7N9|2017.367|Asia|,2017.367,-639.2,44.9275362318841,2277,2277,46.1133069828722,44.33465085639
EPI_ISL_285020|Human|H7N9|2017.419|Asia|,2017.419,-641.8,44.9714536671058,2277,2277,46.2450592885375,44.33465085639
EPI_ISL_285019|Human|H7N9|2017.312|Asia|,2017.312,-641.7,44.9714536671058,2277,2277,46.2450592885375,44.33465085639
EPI_ISL_285018|Human|H7N9|2017.17|Asia|,2017.17,-656.9,44.7518664909969,2277,2277,45.4545454545455,44.4005270092227
EPI_ISL_285017|Human|H7N9|2017.329|Asia|,2017.329,-641,44.9472759226714,2276,2277,46.2450592885375,44.2979564930784
EPI_ISL_284992|Human|H7N9|2016.437|Asia|,2016.437,-629,44.7518664909969,2277,2277,45.8498023715415,44.2028985507246
EPI_ISL_284990|Human|H7N9|2017.044|Asia|,2017.044,-646.5,44.4444444444444,2277,2277,45.1910408432148,44.0711462450593
EPI_ISL_284989|Human|H7N9|2017.025|Asia|,2017.025,-650.9,44.6201141853316,2277,2277,45.3227931488801,44.2687747035573
EPI_ISL_284988|Human|H7N9|2017.397|Asia|,2017.397,-648.5,44.7426308842939,2273,2277,45.5746367239102,44.3271767810026
EPI_ISL_284987|Human|H7N9|2017.411|Asia|,2017.411,-640.7,44.7957839262187,2277,2277,45.4545454545455,44.4664031620553
EPI_ISL_284986|Human|H7N9|2017.164|Asia|,2017.164,-635.6,44.9275362318841,2277,2277,46.1133069828722,44.33465085639
EPI_ISL_284985|Human|H7N9|2017.159|Asia|,2017.159,-635.6,44.9275362318841,2277,2277,46.1133069828722,44.33465085639
EPI_ISL_284984|Human|H7N9|2017.159|Asia|,2017.159,-653.4,45.1144366197183,2272,2277,46.8253968253968,44.2612137203166
EPI_ISL_284983|Human|H7N9|2016.175|Asia|,2016.175,-651.9,44.7518664909969,2277,2277,45.9815546772069,44.137022397892
EPI_ISL_284981|Human|H7N9|2016.23|Asia|,2016.23,-632.9,44.7957839262187,2277,2277,45.9815546772069,44.2028985507246
EPI_ISL_284979|Human|H7N9|2017.137|Asia|,2017.137,-643.9,44.7518664909969,2277,2277,45.7180500658762,44.2687747035573
EPI_ISL_284978|Human|H7N9|2017.036|Asia|,2017.036,-643.9,44.7518664909969,2277,2277,45.7180500658762,44.2687747035573
EPI_ISL_285016|Human|H7N9|2016.566|Asia|,2016.566,-650.7,44.9275362318841,2277,2277,46.2450592885375,44.2687747035573
EPI_ISL_285015|Human|H7N9|2016.454|Asia|,2016.454,-652.9,44.532279314888,2277,2277,45.5862977602108,44.0052700922266
EPI_ISL_285014|Human|H7N9|2016.399|Asia|,2016.399,-655.2,44.3566095740009,2277,2277,45.3227931488801,43.8735177865613
EPI_ISL_285013|Human|H7N9|2017.455|Asia|,2017.455,-654.8,44.7957839262187,2277,2277,45.7180500658762,44.33465085639
EPI_ISL_285012|Human|H7N9|2017.353|Asia|,2017.353,-650.9,44.9275362318841,2277,2277,45.9815546772069,44.4005270092227
EPI_ISL_285011|Human|H7N9|2017.43|Asia|,2017.43,-657.4,44.7032967032967,2275,2277,45.9815546772069,44.0633245382586
EPI_ISL_285010|Human|H7N9|2017.43|Asia|,2017.43,-647.4,44.4883618796662,2277,2277,44.9275362318841,44.2687747035573
EPI_ISL_285009|Human|H7N9|2017.425|Asia|,2017.425,-638.7,44.9275362318841,2277,2277,46.2450592885375,44.2687747035573
EPI_ISL_285008|Human|H7N9|2017.403|Asia|,2017.403,-643.5,44.8397013614405,2277,2277,45.8498023715415,44.33465085639
EPI_ISL_285007|Human|H7N9|2017.403|Asia|,2017.403,-643.5,44.8397013614405,2277,2277,45.8498023715415,44.33465085639
EPI_ISL_285006|Human|H7N9|2017.375|Asia|,2017.375,-658.9,44.7715289982425,2276,2277,46.042216358839,44.137022397892
EPI_ISL_285005|Human|H7N9|2017.351|Asia|,2017.351,-658.9,44.7518664909969,2277,2277,46.1133069828722,44.0711462450593
EPI_ISL_285004|Human|H7N9|2017.34|Asia|,2017.34,-656.8,44.6640316205534,2277,2277,46.1133069828722,43.9393939393939
EPI_ISL_285003|Human|H7N9|2017.307|Asia|,2017.307,-653,45.0549450549451,2275,2277,46.6314398943197,44.2687747035573
EPI_ISL_285002|Human|H7N9|2017.307|Asia|,2017.307,-656.8,44.6640316205534,2277,2277,46.1133069828722,43.9393939393939
EPI_ISL_285001|Human|H7N9|2017.29|Asia|,2017.29,-652.4,44.6640316205534,2277,2277,45.4545454545455,44.2687747035573
EPI_ISL_285000|Human|H7N9|2017.296|Asia|,2017.296,-658.8,44.7957839262187,2277,2277,46.3768115942029,44.0052700922266
EPI_ISL_284999|Human|H7N9|2017.279|Asia|,2017.279,-649.1,44.7472527472527,2275,2277,45.5862977602108,44.3271767810026
EPI_ISL_284998|Human|H7N9|2017.282|Asia|,2017.282,-647.7,44.6350043975374,2274,2277,45.3825857519789,44.2612137203166
EPI_ISL_284997|Human|H7N9|2017.285|Asia|,2017.285,-650.9,44.6836555360281,2276,2277,45.4545454545455,44.2979564930784
EPI_ISL_284996|Human|H7N9|2017.26|Asia|,2017.26,-657.8,44.7079490557751,2277,2277,46.1133069828722,44.0052700922266
EPI_ISL_284995|Human|H7N9|2017.258|Asia|,2017.258,-636.5,44.8988566402814,2274,2277,46.2962962962963,44.2028985507246
EPI_ISL_284994|Human|H7N9|2017.244|Asia|,2017.244,-644.5,44.7079490557751,2277,2277,45.5862977602108,44.2687747035573
EPI_ISL_284993|Human|H7N9|2017.121|Asia|,2017.121,-650.3,44.6640316205534,2277,2277,45.4545454545455,44.2687747035573
EPI_ISL_285136|Human|H7N9|2017.049|Asia|,2017.049,-647.9,44.5761967501098,2277,2277,45.8498023715415,43.9393939393939
EPI_ISL_285135|Human|H7N9|2017.033|Asia|,2017.033,-652.9,44.6640316205534,2277,2277,46.1133069828722,43.9393939393939
EPI_ISL_285134|Human|H7N9|2017.162|Asia|,2017.162,-647.8,44.7472527472527,2275,2277,46.2450592885375,43.9973614775726
EPI_ISL_285133|Human|H7N9|2017.151|Asia|,2017.151,-639.4,44.532279314888,2277,2277,45.3227931488801,44.137022397892
EPI_ISL_285132|Human|H7N9|2017.107|Asia|,2017.107,-639.6,44.7079490557751,2277,2277,46.3768115942029,43.8735177865613
EPI_ISL_285131|Human|H7N9|2017.101|Asia|,2017.101,-650.4,44.7957839262187,2277,2277,46.2450592885375,44.0711462450593
EPI_ISL_285130|Human|H7N9|2016.995|Asia|,2016.995,-645.3,44.7957839262187,2277,2277,46.1133069828722,44.137022397892
EPI_ISL_285129|Human|H7N9|2017.101|Asia|,2017.101,-651.7,45.0153711023276,2277,2277,46.7720685111989,44.137022397892
EPI_ISL_285128|Human|H7N9|2017.06|Asia|,2017.06,-641.5,44.4444444444444,2277,2277,45.3227931488801,44.0052700922266
EPI_ISL_285127|Human|H7N9|2017.058|Asia|,2017.058,-654.9,44.9275362318841,2277,2277,46.5085638998682,44.137022397892
EPI_ISL_285126|Human|H7N9|2017.03|Asia|,2017.03,-655.1,44.6201141853316,2277,2277,45.8498023715415,44.0052700922266
EPI_ISL_285125|Human|H7N9|2017.041|Asia|,2017.041,-656.2,44.7079490557751,2277,2277,45.8498023715415,44.137022397892
EPI_ISL_285124|Human|H7N9|2017.014|Asia|,2017.014,-646.4,44.9275362318841,2277,2277,46.5085638998682,44.137022397892
EPI_ISL_285123|Human|H7N9|2016.989|Asia|,2016.989,-650.1,44.8397013614405,2277,2277,46.1133069828722,44.2028985507246
EPI_ISL_285122|Human|H7N9|2016.995|Asia|,2016.995,-642,44.6640316205534,2277,2277,45.5862977602108,44.2028985507246
EPI_ISL_285121|Human|H7N9|2016.995|Asia|,2016.995,-637.7,44.5079086115993,2276,2277,45.5862977602108,43.9683586025049
EPI_ISL_285180|Human|H7N9|2016.199|Asia|,2016.199,-638.5,44.7957839262187,2277,2277,45.8498023715415,44.2687747035573
EPI_ISL_285115|Human|H7N9|2017.055|Asia|,2017.055,-650.6,44.7957839262187,2277,2277,45.5862977602108,44.4005270092227
EPI_ISL_285114|Human|H7N9|2016.495|Asia|,2016.495,-648.4,44.3760984182777,2276,2277,45.3825857519789,43.8735177865613
EPI_ISL_285112|Human|H7N9|2016.202|Asia|,2016.202,-626.4,44.7079490557751,2277,2277,45.8498023715415,44.137022397892
EPI_ISL_285111|Human|H7N9|2017.356|Asia|,2017.356,-654.1,44.6640316205534,2277,2277,45.7180500658762,44.137022397892
EPI_ISL_285109|Human|H7N9|2017.096|Asia|,2017.096,-652.6,44.3566095740009,2277,2277,45.0592885375494,44.0052700922266
EPI_ISL_285107|Human|H7N9|2016.986|Asia|,2016.986,-646.1,44.7518664909969,2277,2277,45.4545454545455,44.4005270092227
EPI_ISL_285140|Human|H7N9|2017.197|Asia|,2017.197,-652.1,44.7957839262187,2277,2277,45.5862977602108,44.4005270092227
EPI_ISL_285139|Human|H7N9|2017.192|Asia|,2017.192,-654.7,44.7079490557751,2277,2277,45.4545454545455,44.33465085639
EPI_ISL_285138|Human|H7N9|2017.192|Asia|,2017.192,-654.7,44.7079490557751,2277,2277,45.4545454545455,44.33465085639
EPI_ISL_285137|Human|H7N9|2017.175|Asia|,2017.175,-638.6,44.9714536671058,2277,2277,46.5085638998682,44.2028985507246
EPI_ISL_285189|Human|H7N9|2017.022|Asia|,2017.022,-655.1,44.7957839262187,2277,2277,45.5862977602108,44.4005270092227
EPI_ISL_285188|Human|H7N9|2017.041|Asia|,2017.041,-656,44.8397013614405,2277,2277,45.7180500658762,44.4005270092227
EPI_ISL_285187|Human|H7N9|2017.038|Asia|,2017.038,-652.6,44.7079490557751,2277,2277,45.3227931488801,44.4005270092227
EPI_ISL_285186|Human|H7N9|2017.033|Asia|,2017.033,-653.9,44.6640316205534,2277,2277,45.4545454545455,44.2687747035573
EPI_ISL_285185|Human|H7N9|2017.033|Asia|,2017.033,-653.4,44.7032967032967,2275,2277,45.4545454545455,44.3271767810026
EPI_ISL_285179|Human|H7N9|2017.427|Asia|,2017.427,-645.6,44.7957839262187,2277,2277,45.8498023715415,44.2687747035573
EPI_ISL_285178|Human|H7N9|2017.425|Asia|,2017.425,-653.5,44.7957839262187,2277,2277,45.5862977602108,44.4005270092227
EPI_ISL_285177|Human|H7N9|2017.353|Asia|,2017.353,-656.9,44.7518664909969,2277,2277,45.4545454545455,44.4005270092227
EPI_ISL_285176|Human|H7N9|2017.332|Asia|,2017.332,-649,45.0592885375494,2277,2277,46.6403162055336,44.2687747035573
EPI_ISL_285175|Human|H7N9|2017.274|Asia|,2017.274,-653,44.6640316205534,2277,2277,45.3227931488801,44.33465085639
EPI_ISL_285174|Human|H7N9|2017.266|Asia|,2017.266,-656.9,44.7518664909969,2277,2277,45.4545454545455,44.4005270092227
EPI_ISL_285173|Human|H7N9|2017.208|Asia|,2017.208,-646.8,44.5226572811263,2273,2277,45.1655629139073,44.2028985507246
EPI_ISL_285172|Human|H7N9|2017.186|Asia|,2017.186,-656.9,44.7518664909969,2277,2277,45.4545454545455,44.4005270092227
EPI_ISL_285171|Human|H7N9|2017.195|Asia|,2017.195,-634.9,44.7079490557751,2277,2277,45.8498023715415,44.137022397892
EPI_ISL_285170|Human|H7N9|2017.178|Asia|,2017.178,-635.6,44.7079490557751,2277,2277,45.7180500658762,44.2028985507246
EPI_ISL_285169|Human|H7N9|2017.162|Asia|,2017.162,-642.4,44.7229551451187,2274,2277,45.5746367239102,44.2979564930784
EPI_ISL_285168|Human|H7N9|2016.571|Asia|,2016.571,-650.7,44.9275362318841,2277,2277,46.2450592885375,44.2687747035573
EPI_ISL_285167|Human|H7N9|2016.568|Asia|,2016.568,-650.7,44.9275362318841,2277,2277,46.2450592885375,44.2687747035573
EPI_ISL_285166|Human|H7N9|2016.372|Asia|,2016.372,-655.9,44.6201141853316,2277,2277,45.7180500658762,44.0711462450593
EPI_ISL_285165|Human|H7N9|2017.4|Asia|,2017.4,-656.2,44.6201141853316,2277,2277,45.3227931488801,44.2687747035573
EPI_ISL_285164|Human|H7N9|2017.392|Asia|,2017.392,-654.8,44.3760984182777,2276,2277,44.9275362318841,44.1001977587343
EPI_ISL_285163|Human|H7N9|2017.367|Asia|,2017.367,-649.2,44.7518664909969,2277,2277,45.5862977602108,44.33465085639
EPI_ISL_285162|Human|H7N9|2017.348|Asia|,2017.348,-653,44.7518664909969,2277,2277,45.5862977602108,44.33465085639
EPI_ISL_285161|Human|H7N9|2017.345|Asia|,2017.345,-656.3,44.7957839262187,2277,2277,45.5862977602108,44.4005270092227
EPI_ISL_285160|Human|H7N9|2017.342|Asia|,2017.342,-653.3,44.7275922671353,2276,2277,45.5862977602108,44.2979564930784
EPI_ISL_285159|Human|H7N9|2017.337|Asia|,2017.337,-652.4,44.7518664909969,2277,2277,45.5862977602108,44.33465085639
EPI_ISL_285158|Human|H7N9|2017.34|Asia|,2017.34,-654.8,44.8836187966623,2277,2277,45.7180500658762,44.4664031620553
EPI_ISL_285157|Human|H7N9|2017.323|Asia|,2017.323,-656.8,44.6640316205534,2277,2277,46.1133069828722,43.9393939393939
EPI_ISL_285156|Human|H7N9|2017.326|Asia|,2017.326,-650.3,44.7715289982425,2276,2277,45.646437994723,44.33465085639
EPI_ISL_285155|Human|H7N9|2017.323|Asia|,2017.323,-658.8,44.7957839262187,2277,2277,46.3768115942029,44.0052700922266
EPI_ISL_285154|Human|H7N9|2017.318|Asia|,2017.318,-656.8,44.6640316205534,2277,2277,46.1133069828722,43.9393939393939
EPI_ISL_285153|Human|H7N9|2017.304|Asia|,2017.304,-650.5,44.6546414430268,2273,2277,46.0927152317881,43.9393939393939
EPI_ISL_285152|Human|H7N9|2017.279|Asia|,2017.279,-639.1,45.0153711023276,2277,2277,46.2450592885375,44.4005270092227
EPI_ISL_285151|Human|H7N9|2017.282|Asia|,2017.282,-648.8,44.7275922671353,2276,2277,45.4545454545455,44.3638760711931
EPI_ISL_285150|Human|H7N9|2017.285|Asia|,2017.285,-656.8,44.6640316205534,2277,2277,46.1133069828722,43.9393939393939
EPI_ISL_285149|Human|H7N9|2017.162|Asia|,2017.162,-657.1,44.7518664909969,2277,2277,45.4545454545455,44.4005270092227
EPI_ISL_285148|Human|H7N9|2017.142|Asia|,2017.142,-645.1,44.7912087912088,2275,2277,46.1133069828722,44.1292875989446
EPI_ISL_285147|Human|H7N9|2017.186|Asia|,2017.186,-648.4,44.7518664909969,2277,2277,45.5862977602108,44.33465085639
EPI_ISL_285146|Human|H7N9|2017.216|Asia|,2017.216,-654.1,44.8836187966623,2277,2277,45.7180500658762,44.4664031620553
EPI_ISL_285145|Human|H7N9|2017.227|Asia|,2017.227,-648.8,44.9428320140721,2274,2277,45.7180500658762,44.5544554455446
EPI_ISL_285144|Human|H7N9|2017.227|Asia|,2017.227,-652.5,44.8836187966623,2277,2277,45.7180500658762,44.4664031620553
EPI_ISL_285143|Human|H7N9|2017.178|Asia|,2017.178,-656.8,44.6640316205534,2277,2277,45.3227931488801,44.33465085639
EPI_ISL_285142|Human|H7N9|2017.016|Asia|,2017.016,-647.1,44.2687747035573,2277,2277,45.0592885375494,43.8735177865613
EPI_ISL_285141|Human|H7N9|2017.025|Asia|,2017.025,-643.9,44.3271767810026,2274,2277,44.9868073878628,43.9973614775726
EPI_ISL_285117|Human|H7N9|2017.301|Asia|,2017.301,-656.6,44.7518664909969,2277,2277,46.2450592885375,44.0052700922266
EPI_ISL_285116|Human|H7N9|2017.252|Asia|,2017.252,-654.7,44.7957839262187,2277,2277,45.4545454545455,44.4664031620553
EPI_ISL_285376|Human|H7N9|2016.992|Asia|,2016.992,-656.1,44.7957839262187,2277,2277,46.2450592885375,44.0711462450593
EPI_ISL_285230|Human|H7N9|2016.992|Asia|,2016.992,-660.7,44.9714536671058,2277,2277,46.7720685111989,44.0711462450593
EPI_ISL_285229|Human|H7N9|2016.978|Asia|,2016.978,-649.6,44.7079490557751,2277,2277,45.5862977602108,44.2687747035573
EPI_ISL_285228|Human|H7N9|2016.954|Asia|,2016.954,-649,44.6789797713281,2274,2277,45.8498023715415,44.0924092409241
EPI_ISL_285227|Human|H7N9|2016.956|Asia|,2016.956,-653.7,44.4883618796662,2277,2277,45.3227931488801,44.0711462450593
EPI_ISL_285225|Human|H7N9|2017.11|Asia|,2017.11,-649.4,44.5761967501098,2277,2277,45.5862977602108,44.0711462450593
EPI_ISL_285224|Human|H7N9|2017.047|Asia|,2017.047,-645.1,44.532279314888,2277,2277,45.3227931488801,44.137022397892
EPI_ISL_285223|Human|H7N9|2017.26|Asia|,2017.26,-652.7,44.7957839262187,2277,2277,45.7180500658762,44.33465085639
EPI_ISL_285222|Human|H7N9|2017.082|Asia|,2017.082,-642.2,44.532279314888,2277,2277,45.3227931488801,44.137022397892
EPI_ISL_285221|Human|H7N9|2017.219|Asia|,2017.219,-649.1,44.7957839262187,2277,2277,45.7180500658762,44.33465085639
EPI_ISL_285220|Human|H7N9|2017.153|Asia|,2017.153,-654.6,44.5761967501098,2277,2277,45.5862977602108,44.0711462450593
EPI_ISL_285326|Human|H7N9|2017.011|Asia|,2017.011,-649.9,44.4883618796662,2277,2277,45.5862977602108,43.9393939393939
EPI_ISL_285325|Human|H7N9|2017.063|Asia|,2017.063,-647.6,44.4639718804921,2276,2277,45.1910408432148,44.1001977587343
EPI_ISL_285324|Human|H7N9|2017.093|Asia|,2017.093,-644.6,44.1809398331137,2277,2277,44.7957839262187,43.8735177865613
EPI_ISL_285323|Human|H7N9|2017.093|Asia|,2017.093,-646.7,44.2687747035573,2277,2277,45.0592885375494,43.8735177865613
EPI_ISL_285322|Human|H7N9|2017.099|Asia|,2017.099,-651.4,44.4444444444444,2277,2277,45.5862977602108,43.8735177865613
EPI_ISL_285321|Human|H7N9|2017.099|Asia|,2017.099,-644.9,44.3956043956044,2275,2277,45.2506596306069,43.9683586025049
EPI_ISL_285320|Human|H7N9|2017.099|Asia|,2017.099,-644.7,44.2248572683355,2277,2277,45.0592885375494,43.8076416337286
EPI_ISL_285319|Human|H7N9|2017.041|Asia|,2017.041,-649.7,44.2687747035573,2277,2277,45.0592885375494,43.8735177865613
EPI_ISL_285318|Human|H7N9|2017.019|Asia|,2017.019,-646.9,44.3126921387791,2277,2277,45.1910408432148,43.8735177865613
EPI_ISL_285317|Human|H7N9|2017.033|Asia|,2017.033,-653.6,44.7957839262187,2277,2277,45.5862977602108,44.4005270092227
EPI_ISL_285316|Human|H7N9|2017.033|Asia|,2017.033,-654.5,44.8397013614405,2277,2277,45.8498023715415,44.33465085639
EPI_ISL_285315|Human|H7N9|2017.047|Asia|,2017.047,-647.1,44.4005270092227,2277,2277,45.4545454545455,43.8735177865613
EPI_ISL_285314|Human|H7N9|2017.019|Asia|,2017.019,-655.2,44.7518664909969,2277,2277,45.8498023715415,44.2028985507246
EPI_ISL_285313|Human|H7N9|2017.011|Asia|,2017.011,-655.1,44.8836187966623,2277,2277,45.8498023715415,44.4005270092227
EPI_ISL_285312|Human|H7N9|2017.033|Asia|,2017.033,-647.1,44.2687747035573,2277,2277,45.0592885375494,43.8735177865613
EPI_ISL_285311|Human|H7N9|2017.019|Asia|,2017.019,-654.6,44.7957839262187,2277,2277,45.8498023715415,44.2687747035573
EPI_ISL_285310|Human|H7N9|2017.008|Asia|,2017.008,-652.8,44.8397013614405,2277,2277,45.7180500658762,44.4005270092227
EPI_ISL_285309|Human|H7N9|2016.18|Asia|,2016.18,-634.5,44.3126921387791,2277,2277,45.1910408432148,43.8735177865613
EPI_ISL_285308|Human|H7N9|2017.488|Asia|,2017.488,-634.8,45.0592885375494,2277,2277,46.6403162055336,44.2687747035573
EPI_ISL_285307|Human|H7N9|2017.479|Asia|,2017.479,-635.1,45.0153711023276,2277,2277,46.3768115942029,44.33465085639
EPI_ISL_285306|Human|H7N9|2017.447|Asia|,2017.447,-635.1,45.0153711023276,2277,2277,46.3768115942029,44.33465085639
EPI_ISL_285305|Human|H7N9|2017.101|Asia|,2017.101,-640.3,44.6201141853316,2277,2277,45.8498023715415,44.0052700922266
EPI_ISL_285304|Human|H7N9|2016.445|Asia|,2016.445,-625.7,44.8397013614405,2277,2277,46.3768115942029,44.0711462450593
EPI_ISL_285303|Human|H7N9|2017.466|Asia|,2017.466,-647.9,44.6640316205534,2277,2277,45.3227931488801,44.33465085639
EPI_ISL_285302|Human|H7N9|2017.279|Asia|,2017.279,-658.4,44.7957839262187,2277,2277,46.2450592885375,44.0711462450593
EPI_ISL_285301|Human|H7N9|2017.279|Asia|,2017.279,-658.1,44.7715289982425,2276,2277,46.2450592885375,44.0342781806196
EPI_ISL_285300|Human|H7N9|2017.411|Asia|,2017.411,-640,44.8836187966623,2277,2277,45.9815546772069,44.33465085639
EPI_ISL_285299|Human|H7N9|2017.458|Asia|,2017.458,-643.3,44.9230769230769,2275,2277,46.1133069828722,44.3271767810026
EPI_ISL_285298|Human|H7N9|2017.455|Asia|,2017.455,-641.2,44.9714536671058,2277,2277,46.1133069828722,44.4005270092227
EPI_ISL_285297|Human|H7N9|2017.386|Asia|,2017.386,-656.7,44.7079490557751,2277,2277,45.5862977602108,44.2687747035573
EPI_ISL_285296|Human|H7N9|2017.392|Asia|,2017.392,-662.1,44.9714536671058,2277,2277,46.5085638998682,44.2028985507246
EPI_ISL_285295|Human|H7N9|2017.367|Asia|,2017.367,-653.2,44.8594024604569,2276,2277,45.8498023715415,44.3638760711931
EPI_ISL_285294|Human|H7N9|2017.378|Asia|,2017.378,-650,44.3126921387791,2277,2277,44.9275362318841,44.0052700922266
EPI_ISL_285293|Human|H7N9|2017.345|Asia|,2017.345,-656,45.0153711023276,2277,2277,46.1133069828722,44.4664031620553
EPI_ISL_285292|Human|H7N9|2017.342|Asia|,2017.342,-653.1,44.9714536671058,2277,2277,46.1133069828722,44.4005270092227
EPI_ISL_285291|Human|H7N9|2017.337|Asia|,2017.337,-655.3,45.0153711023276,2277,2277,46.1133069828722,44.4664031620553
EPI_ISL_285290|Human|H7N9|2017.326|Asia|,2017.326,-649.3,44.8836187966623,2277,2277,45.8498023715415,44.4005270092227
EPI_ISL_285289|Human|H7N9|2017.304|Asia|,2017.304,-661.2,44.6836555360281,2276,2277,45.3825857519789,44.33465085639
EPI_ISL_285288|Human|H7N9|2017.263|Asia|,2017.263,-660.3,44.6201141853316,2277,2277,45.5862977602108,44.137022397892
EPI_ISL_285287|Human|H7N9|2017.296|Asia|,2017.296,-653,44.8836187966623,2277,2277,45.8498023715415,44.4005270092227
EPI_ISL_285286|Human|H7N9|2017.329|Asia|,2017.329,-650.3,44.8836187966623,2277,2277,45.8498023715415,44.4005270092227
EPI_ISL_285285|Human|H7N9|2017.326|Asia|,2017.326,-653.7,44.9275362318841,2277,2277,45.9815546772069,44.4005270092227
EPI_ISL_285284|Human|H7N9|2017.315|Asia|,2017.315,-653.7,44.9275362318841,2277,2277,45.9815546772069,44.4005270092227
EPI_ISL_285283|Human|H7N9|2017.301|Asia|,2017.301,-652.1,44.967032967033,2275,2277,46.042216358839,44.4297956493078
EPI_ISL_285282|Human|H7N9|2017.296|Asia|,2017.296,-652.7,44.5518453427065,2276,2277,45.3227931488801,44.166117336849
EPI_ISL_285281|Human|H7N9|2017.279|Asia|,2017.279,-655.9,44.6640316205534,2277,2277,45.5862977602108,44.2028985507246
EPI_ISL_285280|Human|H7N9|2017.318|Asia|,2017.318,-653.1,44.9275362318841,2277,2277,45.8498023715415,44.4664031620553
EPI_ISL_285279|Human|H7N9|2017.263|Asia|,2017.263,-658.3,44.5761967501098,2277,2277,45.4545454545455,44.137022397892
EPI_ISL_285278|Human|H7N9|2017.175|Asia|,2017.175,-646.8,44.4444444444444,2277,2277,44.9275362318841,44.2028985507246
EPI_ISL_285277|Human|H7N9|2017.112|Asia|,2017.112,-650.5,44.8397013614405,2277,2277,45.7180500658762,44.4005270092227
EPI_ISL_285276|Human|H7N9|2017.107|Asia|,2017.107,-650.9,44.3126921387791,2277,2277,44.9275362318841,44.0052700922266
EPI_ISL_285275|Human|H7N9|2017.101|Asia|,2017.101,-643.4,44.4444444444444,2277,2277,45.0592885375494,44.137022397892
EPI_ISL_285274|Human|H7N9|2017.066|Asia|,2017.066,-645.5,44.4883618796662,2277,2277,44.9275362318841,44.2687747035573
EPI_ISL_285273|Human|H7N9|2017.09|Asia|,2017.09,-659.6,44.7518664909969,2277,2277,46.2450592885375,44.0052700922266
EPI_ISL_285272|Human|H7N9|2017.063|Asia|,2017.063,-643.8,44.2003514938489,2276,2277,44.7229551451187,43.9393939393939
EPI_ISL_285271|Human|H7N9|2017.364|Asia|,2017.364,-650.6,44.5714285714286,2275,2277,45.8498023715415,43.9313984168865
EPI_ISL_285270|Human|H7N9|2017.364|Asia|,2017.364,-654.1,44.6397188049209,2276,2277,46.2450592885375,43.8365194462755
EPI_ISL_285269|Human|H7N9|2017.364|Asia|,2017.364,-655.1,44.532279314888,2277,2277,45.8498023715415,43.8735177865613
EPI_ISL_285264|Human|H7N9|2017.016|Asia|,2017.016,-650.2,44.9033391915641,2276,2277,45.910290237467,44.4005270092227
EPI_ISL_285263|Human|H7N9|2017.148|Asia|,2017.148,-640.4,44.8836187966623,2277,2277,46.2450592885375,44.2028985507246
EPI_ISL_285262|Human|H7N9|2017.427|Asia|,2017.427,-635.8,44.5761967501098,2277,2277,45.4545454545455,44.137022397892
EPI_ISL_285261|Human|H7N9|2017.362|Asia|,2017.362,-646.3,44.7957839262187,2277,2277,45.7180500658762,44.33465085639
EPI_ISL_285260|Human|H7N9|2017.34|Asia|,2017.34,-644.4,44.6397188049209,2276,2277,45.3227931488801,44.2979564930784
EPI_ISL_285259|Human|H7N9|2017.332|Asia|,2017.332,-652,44.7079490557751,2277,2277,45.4545454545455,44.33465085639
EPI_ISL_285255|Human|H7N9|2016.448|Asia|,2016.448,-633.5,44.7518664909969,2277,2277,46.1133069828722,44.0711462450593
EPI_ISL_285254|Human|H7N9|2017.296|Asia|,2017.296,-656.3,44.7957839262187,2277,2277,45.5862977602108,44.4005270092227
EPI_ISL_285253|Human|H7N9|2017.071|Asia|,2017.071,-655.7,44.7957839262187,2277,2277,45.8498023715415,44.2687747035573
EPI_ISL_285252|Human|H7N9|2017.071|Asia|,2017.071,-656.1,44.8397013614405,2277,2277,46.5085638998682,44.0052700922266
EPI_ISL_285251|Human|H7N9|2017.071|Asia|,2017.071,-655.7,44.7957839262187,2277,2277,45.8498023715415,44.2687747035573
EPI_ISL_285250|Human|H7N9|2017.299|Asia|,2017.299,-656.2,45.0153711023276,2277,2277,46.5085638998682,44.2687747035573
EPI_ISL_285249|Human|H7N9|2017.093|Asia|,2017.093,-643,44.1809398331137,2277,2277,44.7957839262187,43.8735177865613
EPI_ISL_285248|Human|H7N9|2017.088|Asia|,2017.088,-650.4,44.8154657293497,2276,2277,46.5085638998682,43.9683586025049
EPI_ISL_285247|Human|H7N9|2017.085|Asia|,2017.085,-663.3,44.8836187966623,2277,2277,46.5085638998682,44.0711462450593
EPI_ISL_285246|Human|H7N9|2017.071|Asia|,2017.071,-653.7,44.3566095740009,2277,2277,45.0592885375494,44.0052700922266
EPI_ISL_285245|Human|H7N9|2017.063|Asia|,2017.063,-652.8,44.8397013614405,2277,2277,45.7180500658762,44.4005270092227
EPI_ISL_285244|Human|H7N9|2017.063|Asia|,2017.063,-649.9,44.2687747035573,2277,2277,45.0592885375494,43.8735177865613
EPI_ISL_285243|Human|H7N9|2017.06|Asia|,2017.06,-634.3,44.7518664909969,2277,2277,45.9815546772069,44.137022397892
EPI_ISL_285242|Human|H7N9|2017.058|Asia|,2017.058,-650.8,44.5957820738137,2276,2277,45.7180500658762,44.0342781806196
EPI_ISL_285241|Human|H7N9|2017.052|Asia|,2017.052,-652,44.4639718804921,2276,2277,45.0592885375494,44.166117336849
EPI_ISL_285240|Human|H7N9|2017.049|Asia|,2017.049,-645.4,44.3566095740009,2277,2277,45.1910408432148,43.9393939393939
EPI_ISL_285239|Human|H7N9|2017.036|Asia|,2017.036,-634.8,44.7275922671353,2276,2277,45.910290237467,44.137022397892
EPI_ISL_285238|Human|H7N9|2017.025|Asia|,2017.025,-657.5,44.8397013614405,2277,2277,46.3768115942029,44.0711462450593
EPI_ISL_285237|Human|H7N9|2017.016|Asia|,2017.016,-653.6,44.4444444444444,2277,2277,45.3227931488801,44.0052700922266
EPI_ISL_285236|Human|H7N9|2017.025|Asia|,2017.025,-647.1,44.2687747035573,2277,2277,45.0592885375494,43.8735177865613
EPI_ISL_285235|Human|H7N9|2017.025|Asia|,2017.025,-650.8,44.4883618796662,2277,2277,45.4545454545455,44.0052700922266
EPI_ISL_285234|Human|H7N9|2017.016|Asia|,2017.016,-650.3,44.4005270092227,2277,2277,45.3227931488801,43.9393939393939
EPI_ISL_285233|Human|H7N9|2017.011|Asia|,2017.011,-636.9,44.7518664909969,2277,2277,45.9815546772069,44.137022397892
EPI_ISL_285232|Human|H7N9|2017.014|Asia|,2017.014,-647.7,44.3566095740009,2277,2277,45.3227931488801,43.8735177865613
EPI_ISL_285231|Human|H7N9|2017.005|Asia|,2017.005,-636.9,44.7518664909969,2277,2277,45.9815546772069,44.137022397892
EPI_ISL_285219|Human|H7N9|2017.279|Asia|,2017.279,-636.4,44.8836187966623,2277,2277,46.1133069828722,44.2687747035573
EPI_ISL_285218|Human|H7N9|2017.17|Asia|,2017.17,-647.6,44.8836187966623,2277,2277,45.8498023715415,44.4005270092227
EPI_ISL_285217|Human|H7N9|2017.216|Asia|,2017.216,-647.8,44.8836187966623,2277,2277,45.9815546772069,44.33465085639
EPI_ISL_285216|Human|H7N9|2017.192|Asia|,2017.192,-650.4,44.8351648351648,2275,2277,45.5145118733509,44.4957152274225
EPI_ISL_285215|Human|H7N9|2017.205|Asia|,2017.205,-654.4,44.7275922671353,2276,2277,45.5862977602108,44.2979564930784
EPI_ISL_285214|Human|H7N9|2017.11|Asia|,2017.11,-656,44.8397013614405,2277,2277,45.7180500658762,44.4005270092227
EPI_ISL_285213|Human|H7N9|2017.06|Asia|,2017.06,-647.1,44.2687747035573,2277,2277,45.0592885375494,43.8735177865613
EPI_ISL_285211|Human|H7N9|2017.066|Asia|,2017.066,-645.1,44.8836187966623,2277,2277,46.3768115942029,44.137022397892
EPI_ISL_285208|Human|H7N9|2017.082|Asia|,2017.082,-647.9,44.7957839262187,2277,2277,45.8498023715415,44.2687747035573
EPI_ISL_285205|Human|H7N9|2017.093|Asia|,2017.093,-655.8,44.9472759226714,2276,2277,46.7720685111989,44.0342781806196
EPI_ISL_285203|Human|H7N9|2017.099|Asia|,2017.099,-648.1,44.8397013614405,2277,2277,45.9815546772069,44.2687747035573
EPI_ISL_285199|Human|H7N9|2017.047|Asia|,2017.047,-655.6,44.8594024604569,2276,2277,45.7180500658762,44.4297956493078
EPI_ISL_285197|Human|H7N9|2017.058|Asia|,2017.058,-651.4,44.4005270092227,2277,2277,45.3227931488801,43.9393939393939
EPI_ISL_285194|Human|H7N9|2017.047|Asia|,2017.047,-651.8,44.7715289982425,2276,2277,45.5862977602108,44.3638760711931
EPI_ISL_285191|Human|H7N9|2017.041|Asia|,2017.041,-642.9,44.2248572683355,2277,2277,44.9275362318841,43.8735177865613
EPI_ISL_285268|Human|H7N9|2017.126|Asia|,2017.126,-648.8,44.2248572683355,2277,2277,44.9275362318841,43.8735177865613
EPI_ISL_285267|Human|H7N9|2017.003|Asia|,2017.003,-652.8,44.8397013614405,2277,2277,45.7180500658762,44.4005270092227
EPI_ISL_285266|Human|H7N9|2017.063|Asia|,2017.063,-649.7,44.9868073878628,2274,2277,46.3672391017173,44.2979564930784
EPI_ISL_285265|Human|H7N9|2017.014|Asia|,2017.014,-650.2,44.9033391915641,2276,2277,45.910290237467,44.4005270092227
EPI_ISL_285258|Human|H7N9|2017.34|Asia|,2017.34,-652.3,44.7518664909969,2277,2277,45.3227931488801,44.4664031620553
EPI_ISL_285257|Human|H7N9|2016.323|Asia|,2016.323,-625.7,44.5910290237467,2274,2277,45.646437994723,44.0633245382586
EPI_ISL_285563|Human|H7N9|2017|Asia|,2017,-652.8,44.7957839262187,2277,2277,45.7180500658762,44.33465085639
EPI_ISL_285562|Human|H7N9|2017.022|Asia|,2017.022,-654.5,44.8351648351648,2275,2277,46.3768115942029,44.0633245382586
EPI_ISL_285561|Human|H7N9|2016.948|Asia|,2016.948,-654.7,44.7079490557751,2277,2277,45.5862977602108,44.2687747035573
EPI_ISL_285560|Human|H7N9|2017.014|Asia|,2017.014,-652.8,44.7957839262187,2277,2277,46.1133069828722,44.137022397892
EPI_ISL_285555|Human|H7N9|2016.989|Asia|,2016.989,-652.8,44.8397013614405,2277,2277,45.7180500658762,44.4005270092227
EPI_ISL_285554|Human|H7N9|2016.984|Asia|,2016.984,-652.6,44.8397013614405,2277,2277,45.7180500658762,44.4005270092227
EPI_ISL_285553|Human|H7N9|2016.986|Asia|,2016.986,-652,44.7518664909969,2277,2277,45.4545454545455,44.4005270092227
EPI_ISL_285552|Human|H7N9|2016.984|Asia|,2016.984,-654,44.8397013614405,2277,2277,45.8498023715415,44.33465085639
EPI_ISL_285551|Human|H7N9|2016.964|Asia|,2016.964,-652.4,44.9033391915641,2276,2277,45.7180500658762,44.4957152274225
EPI_ISL_285550|Human|H7N9|2016.967|Asia|,2016.967,-645.9,44.5079086115993,2276,2277,45.3227931488801,44.1001977587343
EPI_ISL_285549|Human|H7N9|2016.956|Asia|,2016.956,-644.9,44.8548812664908,2274,2277,45.7067371202114,44.4297956493078
EPI_ISL_285548|Human|H7N9|2017.03|Asia|,2017.03,-651.7,44.7957839262187,2277,2277,45.7180500658762,44.33465085639
EPI_ISL_285547|Human|H7N9|2017.016|Asia|,2017.016,-650.1,44.6640316205534,2277,2277,45.9815546772069,44.0052700922266
EPI_ISL_285414|Human|H7N9|2016.175|Asia|,2016.175,-628.5,44.7518664909969,2277,2277,45.8498023715415,44.2028985507246
EPI_ISL_285410|Human|H7N9|2017.027|Asia|,2017.027,-651.2,44.9275362318841,2277,2277,45.9815546772069,44.4005270092227
EPI_ISL_285407|Human|H7N9|2016.995|Asia|,2016.995,-650,44.6640316205534,2277,2277,45.8498023715415,44.0711462450593
EPI_ISL_285406|Human|H7N9|2017.011|Asia|,2017.011,-651.4,44.4005270092227,2277,2277,45.3227931488801,43.9393939393939
EPI_ISL_285405|Human|H7N9|2016.975|Asia|,2016.975,-650.9,44.9033391915641,2276,2277,45.646437994723,44.532279314888
EPI_ISL_285404|Human|H7N9|2016.989|Asia|,2016.989,-651.2,44.7957839262187,2277,2277,45.7180500658762,44.33465085639
EPI_ISL_285403|Human|H7N9|2016.964|Asia|,2016.964,-652.3,44.8836187966623,2277,2277,45.8498023715415,44.4005270092227
EPI_ISL_285402|Human|H7N9|2017.036|Asia|,2017.036,-642,44.6201141853316,2277,2277,45.3227931488801,44.2687747035573
EPI_ISL_285398|Human|H7N9|2016.978|Asia|,2016.978,-653,44.8836187966623,2277,2277,45.7180500658762,44.4664031620553
EPI_ISL_285394|Human|H7N9|2017.022|Asia|,2017.022,-657.2,44.9275362318841,2277,2277,45.9815546772069,44.4005270092227
EPI_ISL_285390|Human|H7N9|2017.014|Asia|,2017.014,-657.3,44.9275362318841,2277,2277,45.9815546772069,44.4005270092227
EPI_ISL_285386|Human|H7N9|2017.014|Asia|,2017.014,-655.1,44.8836187966623,2277,2277,45.8498023715415,44.4005270092227
EPI_ISL_285384|Human|H7N9|2017.008|Asia|,2017.008,-656.1,44.7518664909969,2277,2277,46.2450592885375,44.0052700922266
EPI_ISL_285383|Human|H7N9|2017.008|Asia|,2017.008,-652.5,44.7957839262187,2277,2277,45.5862977602108,44.4005270092227
EPI_ISL_285382|Human|H7N9|2017.005|Asia|,2017.005,-650.4,44.4444444444444,2277,2277,45.4545454545455,43.9393939393939
EPI_ISL_285379|Human|H7N9|2016.997|Asia|,2016.997,-655.9,44.7472527472527,2275,2277,46.2450592885375,43.9973614775726
EPI_ISL_285378|Human|H7N9|2016.997|Asia|,2016.997,-655.7,44.7518664909969,2277,2277,45.4545454545455,44.4005270092227
EPI_ISL_285377|Human|H7N9|2016.995|Asia|,2016.995,-649.7,44.7957839262187,2277,2277,45.7180500658762,44.33465085639
EPI_ISL_285591|Human|H7N9|2017.093|Asia|,2017.093,-643.7,44.4883618796662,2277,2277,45.1910408432148,44.137022397892
EPI_ISL_285590|Human|H7N9|2017.068|Asia|,2017.068,-646.6,44.6836555360281,2276,2277,45.3227931488801,44.3638760711931
EPI_ISL_285589|Human|H7N9|2017.099|Asia|,2017.099,-645,44.6640316205534,2277,2277,45.1910408432148,44.4005270092227
EPI_ISL_285588|Human|H7N9|2017.099|Asia|,2017.099,-646.2,44.5079086115993,2276,2277,45.1910408432148,44.166117336849
EPI_ISL_285587|Human|H7N9|2017.093|Asia|,2017.093,-648.5,44.7518664909969,2277,2277,45.4545454545455,44.4005270092227
EPI_ISL_285586|Human|H7N9|2017.093|Asia|,2017.093,-649.1,44.5761967501098,2277,2277,45.3227931488801,44.2028985507246
EPI_ISL_285585|Human|H7N9|2017.09|Asia|,2017.09,-647.9,44.7518664909969,2277,2277,45.3227931488801,44.4664031620553
EPI_ISL_285584|Human|H7N9|2017.101|Asia|,2017.101,-651.9,44.8397013614405,2277,2277,45.4545454545455,44.532279314888
EPI_ISL_285583|Human|H7N9|2017.082|Asia|,2017.082,-648.5,44.7275922671353,2276,2277,45.3227931488801,44.4297956493078
EPI_ISL_285574|Human|H7N9|2017.159|Asia|,2017.159,-654.1,44.6640316205534,2277,2277,45.7180500658762,44.137022397892
EPI_ISL_285573|Human|H7N9|2017.216|Asia|,2017.216,-654.9,44.7518664909969,2277,2277,45.5862977602108,44.33465085639
EPI_ISL_285572|Human|H7N9|2017.211|Asia|,2017.211,-636.5,44.8397013614405,2277,2277,45.9815546772069,44.2687747035573
EPI_ISL_285571|Human|H7N9|2017.203|Asia|,2017.203,-636.5,44.8397013614405,2277,2277,45.9815546772069,44.2687747035573
EPI_ISL_285570|Human|H7N9|2017.197|Asia|,2017.197,-638.7,44.3321616871705,2276,2277,44.7229551451187,44.137022397892
EPI_ISL_285569|Human|H7N9|2017.093|Asia|,2017.093,-656.4,44.9275362318841,2277,2277,46.6403162055336,44.0711462450593
EPI_ISL_285568|Human|H7N9|2017.225|Asia|,2017.225,-638.7,44.3566095740009,2277,2277,44.7957839262187,44.137022397892
EPI_ISL_285567|Human|H7N9|2017.222|Asia|,2017.222,-651,44.8836187966623,2277,2277,46.3768115942029,44.137022397892
EPI_ISL_285566|Human|H7N9|2017.238|Asia|,2017.238,-636.5,44.8397013614405,2277,2277,45.9815546772069,44.2687747035573
EPI_ISL_285565|Human|H7N9|2017.197|Asia|,2017.197,-642.4,44.8397013614405,2277,2277,45.4545454545455,44.532279314888
EPI_ISL_285564|Human|H7N9|2017.238|Asia|,2017.238,-649.1,44.7957839262187,2277,2277,45.8498023715415,44.2687747035573
EPI_ISL_285556|Human|H7N9|2017.449|Asia|,2017.449,-653,44.3566095740009,2277,2277,44.9275362318841,44.0711462450593
EPI_ISL_292347|Human|H7N9|2017.397|Asia|,2017.397,-633.5,44.5518453427065,2276,2277,45.3227931488801,44.166117336849
EPI_ISL_294203|Human|H7N9|2017.164|Asia|,2017.164,-640.3,44.6201141853316,2277,2277,45.8498023715415,44.0052700922266
EPI_ISL_295549|Human|H7N9|2017.449|Asia|,2017.449,-653,44.3566095740009,2277,2277,44.9275362318841,44.0711462450593
EPI_ISL_314056|Human|H7N9|2017.581|Asia|,2017.581,-644,44.2248572683355,2277,2277,44.137022397892,44.2687747035573
EPI_ISL_327778|Human|H7N9|2017.162|Asia|,2017.162,-632.3,44.7079490557751,2277,2277,45.5862977602108,44.2687747035573
EPI_ISL_327792|Human|H7N9|2017|Asia|,2017,-644,44.5761967501098,2277,2277,45.5862977602108,44.0711462450593
EPI_ISL_333972|Human|H7N9|2016.989|Asia|,2016.989,-640.2,44.8397013614405,2277,2277,46.5085638998682,44.0052700922266
EPI_ISL_333971|Human|H7N9|2016.964|Asia|,2016.964,-652,44.6397188049209,2276,2277,46.1133069828722,43.9024390243902
EPI_ISL_338377|Human|H7N9|2017.641|Asia|,2017.641,-638.5,44.5079086115993,2276,2277,45.3227931488801,44.1001977587343
EPI_ISL_339477|Human|H7N9|2017.663|Asia|,2017.663,-635.1,45.0153711023276,2277,2277,46.3768115942029,44.33465085639
EPI_ISL_338379|Human|H7N9|2017.628|Asia|,2017.628,-653,44.7957839262187,2277,2277,46.3768115942029,44.0052700922266
EPI_ISL_338378|Human|H7N9|2017.625|Asia|,2017.625,-654.7,44.8836187966623,2277,2277,46.3768115942029,44.137022397892
EPI_ISL_378704|Human|H7N9|2017.118|Asia|,2017.118,-652.7,44.7079490557751,2277,2277,45.7180500658762,44.2028985507246
EPI_ISL_505060|Swine|H7N9|2017.597|Asia|,2017.597,-651.8,44.7957839262187,2277,2277,46.1133069828722,44.137022397892
EPI_ISL_505059|Swine|H7N9|2017.633|Asia|,2017.633,-651.8,44.7957839262187,2277,2277,46.1133069828722,44.137022397892
EPI_ISL_353999|Human|H7N9|2019.252|Asia|,2019.252,-620.6,44.0052700922266,2277,2277,44.4005270092227,43.8076416337286
EPI_ISL_353998|Human|H7N9|2019.252|Asia|,2019.252,-620.6,44.0052700922266,2277,2277,44.4005270092227,43.8076416337286
EPI_ISL_353997|Human|H7N9|2019.247|Asia|,2019.247,-620.6,44.0052700922266,2277,2277,44.4005270092227,43.8076416337286
EPI_ISL_353994|Human|H7N9|2019.255|Asia|,2019.255,-620.6,44.0052700922266,2277,2277,44.4005270092227,43.8076416337286
EPI_ISL_353993|Human|H7N9|2019.252|Asia|,2019.252,-620.6,44.0052700922266,2277,2277,44.4005270092227,43.8076416337286
EPI_ISL_353992|Human|H7N9|2019.252|Asia|,2019.252,-619.4,44.02460456942,2276,2277,44.4591029023747,43.8076416337286
EPI_ISL_353991|Human|H7N9|2019.247|Asia|,2019.247,-617.7,43.9613526570048,2277,2277,44.2687747035573,43.8076416337286
EPI_ISL_353990|Human|H7N9|2019.255|Asia|,2019.255,-620.6,44.0052700922266,2277,2277,44.4005270092227,43.8076416337286
EPI_ISL_143275|Human|H6N1|2013.345|Asia|,2013.345,-612.3,43.6100131752306,2277,2277,42.1607378129117,44.33465085639
EPI_ISL_291111|Human|H7N4|2018.014|Asia|,2018.014,-654.6,44.2248572683355,2277,2277,44.7957839262187,43.9393939393939
EPI_ISL_376123|Human|H7N4|2018.014|Asia|,2018.014,-654.6,44.2248572683355,2277,2277,44.7957839262187,43.9393939393939
EPI_ISL_304404|Human|H5N6|2017.981|Asia|,2017.981,-641.6,45.1032059727712,2277,2277,46.6403162055336,44.33465085639
EPI_ISL_332402|Human|H5N6|2018.847|Asia|,2018.847,-636.3,43.917435221783,2277,2277,43.2147562582345,44.2687747035573
EPI_ISL_332400|Human|H5N6|2018.847|Asia|,2018.847,-636.3,43.917435221783,2277,2277,43.2147562582345,44.2687747035573
EPI_ISL_337275|Human|H5N6|2018.847|Asia|,2018.847,-634.5,43.8735177865613,2277,2277,43.2147562582345,44.2028985507246
EPI_ISL_337274|Human|H5N6|2018.742|Asia|,2018.742,-637.9,43.7362637362637,2275,2277,42.8194993412385,44.1952506596306
EPI_ISL_337280|Human|H5N6|2017.877|Asia|,2017.877,-630.7,43.5660957400088,2277,2277,42.2924901185771,44.2028985507246
EPI_ISL_337276|Human|H5N6|2018.814|Asia|,2018.814,-641,43.8735177865613,2277,2277,43.0830039525692,44.2687747035573
EPI_ISL_337273|Human|H5N6|2018.619|Asia|,2018.619,-627.6,43.585237258348,2276,2277,42.4242424242424,44.166117336849
EPI_ISL_368368|Human|H5N6|2018.847|Asia|,2018.847,-636.3,43.917435221783,2277,2277,43.2147562582345,44.2687747035573
EPI_ISL_502208|Ferret|H5N6|2018.447|Asia|,2018.447,-637.6,43.7856829161177,2277,2277,42.8194993412385,44.2687747035573
EPI_ISL_502206|Ferret|H5N6|2018.644|Asia|,2018.644,-630.8,43.4782608695652,2277,2277,42.4242424242424,44.0052700922266
EPI_ISL_502205|Ferret|H5N6|2018.427|Asia|,2018.427,-629,44.0931049626702,2277,2277,45.3227931488801,43.4782608695652
EPI_ISL_502204|Ferret|H5N6|2018.142|Asia|,2018.142,-628.9,43.6978480456741,2277,2277,42.6877470355731,44.2028985507246
EPI_ISL_502203|Ferret|H5N6|2018.068|Asia|,2018.068,-644.4,45.1032059727712,2277,2277,46.5085638998682,44.4005270092227
EPI_ISL_502202|Ferret|H5N6|2018.025|Asia|,2018.025,-634.8,43.8735177865613,2277,2277,43.2147562582345,44.2028985507246
EPI_ISL_502201|Ferret|H5N6|2018.005|Asia|,2018.005,-648.6,44.8836187966623,2277,2277,45.9815546772069,44.33465085639
EPI_ISL_1081369|Human|H5N6|2021.003|Asia|,2021.003,-644.2,43.9367311072056,2276,2277,43.0830039525692,44.3638760711931
EPI_ISL_3090099|Human|H5N6|2021.501|Asia|,2021.501,-631.8,44.2637362637363,2275,2277,44.0052700922266,44.3931398416887
EPI_ISL_3770740|Human|H5N6|2021.532|Asia|,2021.532,-615.4,43.6100131752306,2277,2277,42.0289855072464,44.4005270092227
EPI_ISL_3770721|Human|H5N6|2021.156|Asia|,2021.156,-606.5,43.0390865173474,2277,2277,41.501976284585,43.8076416337286
EPI_ISL_7983813|Human|H5N6|2021.973|Asia|,2021.973,-620.1,44.3566095740009,2277,2277,43.6100131752306,44.729907773386
EPI_ISL_163493|Human|H5N6|2014.301|Asia|,2014.301,-641.4,44.4444444444444,2277,2277,44.4005270092227,44.4664031620553
EPI_ISL_176841|Feline|H5N6|2015.008|Asia|,2015.008,-643.2,43.7417654808959,2277,2277,42.6877470355731,44.2687747035573
EPI_ISL_176840|Feline|H5N6|2015.008|Asia|,2015.008,-639.9,43.7802197802198,2275,2277,42.6877470355731,44.3271767810026
EPI_ISL_178262|Human|H5N6|2015.096|Asia|,2015.096,-654.7,44.9912126537786,2276,2277,46.8337730870712,44.0711462450593
EPI_ISL_178261|Human|H5N6|2015.099|Asia|,2015.099,-658,45.0592885375494,2277,2277,47.0355731225296,44.0711462450593
EPI_ISL_177761|Feline|H5N6|2014.332|Asia|,2014.332,-639.8,44.4005270092227,2277,2277,44.137022397892,44.532279314888
EPI_ISL_175335|Human|H5N6|2014.942|Asia|,2014.942,-630.8,44.4883618796662,2277,2277,44.6640316205534,44.4005270092227
EPI_ISL_195294|Human|H5N6|2015.099|Asia|,2015.099,-652.9,45.0351493848858,2276,2277,46.9656992084433,44.0711462450593
EPI_ISL_196100|Swine|H5N6|2014.46|Asia|,2014.46,-635.9,44.2687747035573,2277,2277,44.0052700922266,44.4005270092227
EPI_ISL_196101|Swine|H5N6|2014.46|Asia|,2014.46,-631.6,44.2248572683355,2277,2277,44.137022397892,44.2687747035573
EPI_ISL_200838|Human|H5N6|2015.521|Asia|,2015.521,-660,45.2788757136583,2277,2277,47.562582345191,44.137022397892
EPI_ISL_200837|Human|H5N6|2015.11|Asia|,2015.11,-654.7,44.9912126537786,2276,2277,46.8337730870712,44.0711462450593
EPI_ISL_205503|Human|H5N6|2015.992|Asia|,2015.992,-652.2,44.9275362318841,2277,2277,45.9815546772069,44.4005270092227
EPI_ISL_205313|Human|H5N6|2015.989|Asia|,2015.989,-651.3,44.9714536671058,2277,2277,46.1133069828722,44.4005270092227
EPI_ISL_206036|Human|H5N6|2016.016|Asia|,2016.016,-640.5,45.147123407993,2277,2277,46.7720685111989,44.33465085639
EPI_ISL_206569|Human|H5N6|2015.997|Asia|,2015.997,-639.5,43.7417654808959,2277,2277,42.4242424242424,44.4005270092227
EPI_ISL_206568|Human|H5N6|2015.989|Asia|,2015.989,-654.4,45.0351493848858,2276,2277,46.1741424802111,44.4664031620553
EPI_ISL_207051|Human|H5N6|2016.014|Asia|,2016.014,-639.4,45.1230228471002,2276,2277,46.7018469656992,44.33465085639
EPI_ISL_207048|Human|H5N6|2016.038|Asia|,2016.038,-636.3,44.9275362318841,2277,2277,46.2450592885375,44.2687747035573
EPI_ISL_217025|Human|H5N6|2014.145|Asia|,2014.145,-631.8,44.2687747035573,2277,2277,43.8735177865613,44.4664031620553
EPI_ISL_219828|Human|H5N6|2014.959|Asia|,2014.959,-631.6,44.4444444444444,2277,2277,44.6640316205534,44.33465085639
EPI_ISL_221721|Feline|H5N6|2015.033|Asia|,2015.033,-643.2,43.7417654808959,2277,2277,42.6877470355731,44.2687747035573
EPI_ISL_221720|Feline|H5N6|2015.033|Asia|,2015.033,-639.9,43.7802197802198,2275,2277,42.6877470355731,44.3271767810026
EPI_ISL_266596|Swine|H5N6|2015.23|Asia|,2015.23,-629.7,44.4883618796662,2277,2277,44.9275362318841,44.2687747035573
EPI_ISL_278205|Feline|H5N6|2016.03|Asia|,2016.03,-631.2,44.8836187966623,2277,2277,45.8498023715415,44.4005270092227
EPI_ISL_278204|Feline|H5N6|2016.03|Asia|,2016.03,-632.6,44.8836187966623,2277,2277,45.8498023715415,44.4005270092227
EPI_ISL_240704|Human|H5N6|2016.896|Asia|,2016.896,-639.3,43.5660957400088,2277,2277,41.897233201581,44.4005270092227
EPI_ISL_240703|Human|H5N6|2016.88|Asia|,2016.88,-629.6,43.5660957400088,2277,2277,42.5559947299078,44.0711462450593
EPI_ISL_256213|Human|H5N6|2016.287|Asia|,2016.287,-642.5,44.9275362318841,2277,2277,45.9815546772069,44.4005270092227
EPI_ISL_284651|Human|H5N6|2016.325|Asia|,2016.325,-635.8,44.7957839262187,2277,2277,45.5862977602108,44.4005270092227
EPI_ISL_284650|Human|H5N6|2016.323|Asia|,2016.323,-635.8,44.7957839262187,2277,2277,45.5862977602108,44.4005270092227
EPI_ISL_340796|Human|H5N6|2017.745|Asia|,2017.745,-640.1,43.7417654808959,2277,2277,42.8194993412385,44.2028985507246
EPI_ISL_718225|Human|H5N6|2020.899|Asia|,2020.899,-658.4,44.9275362318841,2277,2277,46.5085638998682,44.137022397892
EPI_ISL_718266|Human|H5N6|2020.907|Asia|,2020.907,-658.4,44.9275362318841,2277,2277,46.5085638998682,44.137022397892
EPI_ISL_1081370|Human|H5N6|2020.973|Asia|,2020.973,-647.4,43.917435221783,2277,2277,43.3465085638999,44.2028985507246
EPI_ISL_2379892|Human|H10N3|2021.321|Asia|,2021.321,-647.4,43.9613526570048,2277,2277,44.137022397892,43.8735177865613
EPI_ISL_2380100|Human|H10N3|2021.321|Asia|,2021.321,-644.9,43.9367311072056,2276,2277,44.0052700922266,43.9024390243902
EPI_ISL_4804850|Seal|H5N8|2021.619|Europe|,2021.619,-635,44.5761967501098,2277,2277,45.4545454545455,44.137022397892
EPI_ISL_4805936|Seal|H5N8|2021.63|Europe|,2021.63,-635,44.7079490557751,2277,2277,45.5862977602108,44.2687747035573
EPI_ISL_4805852|Seal|H5N8|2021.627|Europe|,2021.627,-639.8,44.6640316205534,2277,2277,45.8498023715415,44.0711462450593
EPI_ISL_322984|Seal|H5N8|2016.904|Europe|,2016.904,-649.1,45.147123407993,2277,2277,46.9038208168643,44.2687747035573
EPI_ISL_1038924|Human|H5N8|2020.945|Europe|,2020.945,-640.3,44.6640316205534,2277,2277,45.4545454545455,44.2687747035573
EPI_ISL_2081528|Seal|H5N8|2020.934|Europe|,2020.934,-642.5,44.7518664909969,2277,2277,45.9815546772069,44.137022397892
EPI_ISL_2081527|Canine|H5N8|2020.934|Europe|,2020.934,-645.7,44.7518664909969,2277,2277,45.8498023715415,44.2028985507246
EPI_ISL_152846|Human|H10N8|2013.923|Asia|,2013.923,-654.2,44.8397013614405,2277,2277,45.9815546772069,44.2687747035573
EPI_ISL_162062|Human|H10N8|2014.019|Asia|,2014.019,-656.3,44.8397013614405,2277,2277,46.2450592885375,44.137022397892
EPI_ISL_162076|Human|H10N8|2013.929|Asia|,2013.929,-654.2,44.8397013614405,2277,2277,45.9815546772069,44.2687747035573
EPI_ISL_162075|Human|H10N8|2013.923|Asia|,2013.923,-654.2,44.8397013614405,2277,2277,45.9815546772069,44.2687747035573
EPI_ISL_166971|Seal|H10N7|2014.764|Europe|,2014.764,-639.7,44.4639718804921,2276,2277,44.9275362318841,44.2320369149637
EPI_ISL_167226|Seal|H10N7|2014.288|Europe|,2014.288,-639.7,44.4639718804921,2276,2277,44.9275362318841,44.2320369149637
EPI_ISL_170566|Seal|H10N7|2014.764|Europe|,2014.764,-639.7,44.4639718804921,2276,2277,44.9275362318841,44.2320369149637
