EPI_ISL_1211|Human|H1N1|1918|NorthAmerica|seasonal,1918,-634.2,44.4005270092227,2277,2277,44.2687747035573,44.4664031620553
EPI_ISL_69816|Human|H1N1|1933.025|Europe|seasonal,1933.025,-613.6,44.0052700922266,2277,2277,44.4005270092227,43.8076416337286
EPI_ISL_90462|Human|H1N1|1933.414|Europe|,1933.414,-613.6,44.0052700922266,2277,2277,44.4005270092227,43.8076416337286
EPI_ISL_66109|Human|H1N1|1932|Europe|seasonal,1932,-612.7,44.0491875274484,2277,2277,44.2687747035573,43.9393939393939
EPI_ISL_66108|Human|H1N1|1932|NorthAmerica|seasonal,1932,-622.9,44.0931049626702,2277,2277,44.532279314888,43.8735177865613
EPI_ISL_69745|Human|H1N1|1933|Europe|seasonal,1933,-623,44.137022397892,2277,2277,44.532279314888,43.9393939393939
EPI_ISL_69822|Human|H1N1|1933|Europe|seasonal,1933,-622.9,44.0931049626702,2277,2277,44.532279314888,43.8735177865613
EPI_ISL_147186|Human|H1N1|1935|NorthAmerica|,1935,-610.9,43.8296003513395,2277,2277,44.0052700922266,43.7417654808959
EPI_ISL_69244|Human|H1N1|1945|NorthAmerica|seasonal,1945,-606.4,43.0390865173474,2277,2277,41.897233201581,43.6100131752306
EPI_ISL_84909|Human|H1N1|1948|NorthAmerica|,1948,-619.9,43.6100131752306,2277,2277,43.2147562582345,43.8076416337286
EPI_ISL_69277|Human|H1N1|1943|NorthAmerica|seasonal,1943,-624.1,43.7856829161177,2277,2277,43.4782608695652,43.9393939393939
EPI_ISL_69245|Human|H1N1|1943|NorthAmerica|seasonal,1943,-623.9,43.7417654808959,2277,2277,43.3465085638999,43.9393939393939
EPI_ISL_5169|Human|H1N1|1947|NorthAmerica|seasonal,1947,-618.9,43.4343434343434,2277,2277,42.8194993412385,43.7417654808959
EPI_ISL_147188|Human|H1N1|1947|NorthAmerica|,1947,-617.1,43.3025911286781,2277,2277,42.5559947299078,43.6758893280632
EPI_ISL_6974|Human|H1N1|1954|Asia|seasonal,1954,-618.2,42.8194993412385,2277,2277,41.1067193675889,43.6758893280632
EPI_ISL_66101|Human|H1N1|1954|Asia|seasonal,1954,-618.2,42.8194993412385,2277,2277,41.1067193675889,43.6758893280632
EPI_ISL_143167|Human|H1N1|1954|Asia|,1954,-618.2,42.8194993412385,2277,2277,41.1067193675889,43.6758893280632
EPI_ISL_84910|Human|H1N1|1951|Europe|,1951,-611.3,43.3465085638999,2277,2277,42.5559947299078,43.7417654808959
EPI_ISL_7072|Human|H1N1|1951|NorthAmerica|seasonal,1951,-608.9,43.3465085638999,2277,2277,42.6877470355731,43.6758893280632
EPI_ISL_7093|Human|H1N1|1951|NorthAmerica|seasonal,1951,-611.3,43.3904259991217,2277,2277,42.6877470355731,43.7417654808959
EPI_ISL_7084|Human|H1N1|1951|NorthAmerica|seasonal,1951,-609.5,43.4094903339192,2276,2277,42.6121372031662,43.8076416337286
EPI_ISL_7063|Human|H1N1|1951|NorthAmerica|seasonal,1951,-611.1,43.3465085638999,2277,2277,42.5559947299078,43.7417654808959
EPI_ISL_66094|Human|H1N1|1957|NorthAmerica|seasonal,1957,-601,43.2147562582345,2277,2277,42.1607378129117,43.7417654808959
EPI_ISL_143164|Human|H1N1|1957|NorthAmerica|,1957,-601,43.2147562582345,2277,2277,42.1607378129117,43.7417654808959
EPI_ISL_130407|Human|H1N1|1957|Asia|,1957,-600.1,43.126921387791,2277,2277,41.897233201581,43.7417654808959
EPI_ISL_84889|Human|H1N1|1953|Europe|,1953,-604.8,43.3025911286781,2277,2277,42.2924901185771,43.8076416337286
EPI_ISL_84886|Human|H1N1|1954|Europe|,1954,-606.9,43.2147562582345,2277,2277,42.0289855072464,43.8076416337286
EPI_ISL_66099|Human|H1N1|1950|NorthAmerica|seasonal,1950,-607.1,43.3904259991217,2277,2277,42.5559947299078,43.8076416337286
EPI_ISL_147187|Human|H1N1|1950|NorthAmerica|,1950,-607.1,43.3904259991217,2277,2277,42.5559947299078,43.8076416337286
EPI_ISL_147189|Human|H1N1|1946|NorthAmerica|,1946,-616.5,43.3904259991217,2277,2277,42.5559947299078,43.8076416337286
EPI_ISL_69268|Human|H1N1|1939|NorthAmerica|seasonal,1939,-615.5,43.3025911286781,2277,2277,42.2924901185771,43.8076416337286
EPI_ISL_143169|Human|H1N1|1940|NorthAmerica|,1940,-615.5,43.3025911286781,2277,2277,42.2924901185771,43.8076416337286
EPI_ISL_66093|Human|H1N1|1946|NorthAmerica|seasonal,1946,-610.1,42.9951690821256,2277,2277,41.897233201581,43.5441370223979
EPI_ISL_84890|Human|H1N1|1948|Europe|,1948,-617.4,43.6539306104523,2277,2277,43.0830039525692,43.9393939393939
EPI_ISL_66092|Human|H1N1|1942|NorthAmerica|seasonal,1942,-619.4,43.5604395604396,2275,2277,43.1968295904888,43.7417654808959
EPI_ISL_143168|Human|H1N1|1942|NorthAmerica|,1942,-621,43.5660957400088,2277,2277,43.2147562582345,43.7417654808959
EPI_ISL_66102|Human|H1N1|1934|Oceania|seasonal,1934,-615,43.917435221783,2277,2277,44.2687747035573,43.7417654808959
EPI_ISL_147194|Human|H1N1|1935|Oceania|,1935,-615,43.917435221783,2277,2277,44.2687747035573,43.7417654808959
EPI_ISL_69777|Human|H1N1|1946|Oceania|seasonal,1946,-618,43.917435221783,2277,2277,44.4005270092227,43.6758893280632
EPI_ISL_69288|Human|H1N1|1946|Oceania|seasonal,1946,-618,43.917435221783,2277,2277,44.4005270092227,43.6758893280632
EPI_ISL_69300|Human|H1N1|1935|NorthAmerica|seasonal,1935,-619.3,44.137022397892,2277,2277,44.532279314888,43.9393939393939
EPI_ISL_69267|Human|H1N1|1936|NorthAmerica|seasonal,1936,-622.4,43.7417654808959,2277,2277,43.4782608695652,43.8735177865613
EPI_ISL_381064|Human|H1N1|1934|NorthAmerica|,1934,-623.2,43.7856829161177,2277,2277,43.7417654808959,43.8076416337286
EPI_ISL_73426|Human|H1N1|1934|NorthAmerica|,1934,-622.6,44.0491875274484,2277,2277,44.2687747035573,43.9393939393939
EPI_ISL_143160|Human|H1N1|1934|NorthAmerica|,1934,-618.6,43.7417654808959,2277,2277,43.4782608695652,43.8735177865613
EPI_ISL_147173|Human|H1N1|1934|NorthAmerica|,1934,-618.6,43.7417654808959,2277,2277,43.4782608695652,43.8735177865613
EPI_ISL_123173|Human|H1N1|1993|NorthAmerica|,1993,-594.2,42.8194993412385,2277,2277,41.3702239789196,43.5441370223979
EPI_ISL_5621|Human|H1N1|1995.578|NorthAmerica|seasonal,1995.578,-600.9,42.907334211682,2277,2277,41.6337285902503,43.5441370223979
EPI_ISL_503069|Human|H1N1|1996|SouthAmerica|,1996,-592.3,42.8194993412385,2277,2277,41.501976284585,43.4782608695652
EPI_ISL_147193|Human|H1N1|1991|NorthAmerica|,1991,-598.8,42.9951690821256,2277,2277,41.7654808959157,43.6100131752306
EPI_ISL_368441|Human|H1N1|2014.871|NorthAmerica|,2014.871,-596.8,42.8194993412385,2277,2277,41.3702239789196,43.5441370223979
EPI_ISL_368433|Human|H1N1|2014.83|NorthAmerica|,2014.83,-597.4,42.907334211682,2277,2277,41.6337285902503,43.5441370223979
EPI_ISL_368426|Human|H1N1|2014.83|NorthAmerica|,2014.83,-598.8,42.9951690821256,2277,2277,41.7654808959157,43.6100131752306
EPI_ISL_368465|Human|H1N1|2014.964|NorthAmerica|,2014.964,-596.8,42.8194993412385,2277,2277,41.3702239789196,43.5441370223979
EPI_ISL_368464|Human|H1N1|2014.964|NorthAmerica|,2014.964,-598.8,42.8634167764603,2277,2277,41.3702239789196,43.6100131752306
EPI_ISL_368463|Human|H1N1|2014.964|NorthAmerica|,2014.964,-596.8,42.8194993412385,2277,2277,41.3702239789196,43.5441370223979
EPI_ISL_368462|Human|H1N1|2014.964|NorthAmerica|,2014.964,-596.8,42.8194993412385,2277,2277,41.3702239789196,43.5441370223979
EPI_ISL_368461|Human|H1N1|2014.964|NorthAmerica|,2014.964,-596.8,42.8194993412385,2277,2277,41.3702239789196,43.5441370223979
EPI_ISL_368460|Human|H1N1|2014.964|NorthAmerica|,2014.964,-603.3,43.126921387791,2277,2277,41.897233201581,43.7417654808959
EPI_ISL_368459|Human|H1N1|2014.964|NorthAmerica|,2014.964,-603,43.0830039525692,2277,2277,41.7654808959157,43.7417654808959
EPI_ISL_368458|Human|H1N1|2014.964|NorthAmerica|,2014.964,-603.3,43.126921387791,2277,2277,41.897233201581,43.7417654808959
EPI_ISL_368457|Human|H1N1|2014.964|NorthAmerica|,2014.964,-603.3,43.126921387791,2277,2277,41.897233201581,43.7417654808959
EPI_ISL_368456|Human|H1N1|2014.964|NorthAmerica|,2014.964,-603,43.0830039525692,2277,2277,41.7654808959157,43.7417654808959
EPI_ISL_368455|Human|H1N1|2014.926|NorthAmerica|,2014.926,-596.8,42.8194993412385,2277,2277,41.3702239789196,43.5441370223979
EPI_ISL_368454|Human|H1N1|2014.926|NorthAmerica|,2014.926,-596.8,42.8194993412385,2277,2277,41.3702239789196,43.5441370223979
EPI_ISL_368453|Human|H1N1|2014.926|NorthAmerica|,2014.926,-596.8,42.8194993412385,2277,2277,41.3702239789196,43.5441370223979
EPI_ISL_368452|Human|H1N1|2014.926|NorthAmerica|,2014.926,-596.8,42.8194993412385,2277,2277,41.3702239789196,43.5441370223979
EPI_ISL_368451|Human|H1N1|2014.926|NorthAmerica|,2014.926,-596.8,42.8194993412385,2277,2277,41.3702239789196,43.5441370223979
EPI_ISL_368450|Human|H1N1|2014.926|NorthAmerica|,2014.926,-598.8,42.9951690821256,2277,2277,41.7654808959157,43.6100131752306
EPI_ISL_368449|Human|H1N1|2014.926|NorthAmerica|,2014.926,-603,43.0830039525692,2277,2277,41.7654808959157,43.7417654808959
EPI_ISL_368448|Human|H1N1|2014.926|NorthAmerica|,2014.926,-598.8,42.9951690821256,2277,2277,41.7654808959157,43.6100131752306
EPI_ISL_368447|Human|H1N1|2014.926|NorthAmerica|,2014.926,-598.8,42.9951690821256,2277,2277,41.7654808959157,43.6100131752306
EPI_ISL_368446|Human|H1N1|2014.926|NorthAmerica|,2014.926,-603,43.0830039525692,2277,2277,41.7654808959157,43.7417654808959
EPI_ISL_368445|Human|H1N1|2014.871|NorthAmerica|,2014.871,-596.8,42.8194993412385,2277,2277,41.3702239789196,43.5441370223979
EPI_ISL_368444|Human|H1N1|2014.871|NorthAmerica|,2014.871,-596.8,42.8194993412385,2277,2277,41.3702239789196,43.5441370223979
EPI_ISL_368443|Human|H1N1|2014.871|NorthAmerica|,2014.871,-596.8,42.9512516469038,2277,2277,41.7654808959157,43.5441370223979
EPI_ISL_368440|Human|H1N1|2014.871|NorthAmerica|,2014.871,-598.8,42.9951690821256,2277,2277,41.7654808959157,43.6100131752306
EPI_ISL_368439|Human|H1N1|2014.871|NorthAmerica|,2014.871,-598.8,42.9951690821256,2277,2277,41.7654808959157,43.6100131752306
EPI_ISL_368438|Human|H1N1|2014.871|NorthAmerica|,2014.871,-598.8,42.9951690821256,2277,2277,41.7654808959157,43.6100131752306
EPI_ISL_368437|Human|H1N1|2014.871|NorthAmerica|,2014.871,-603,43.0830039525692,2277,2277,41.7654808959157,43.7417654808959
EPI_ISL_368436|Human|H1N1|2014.871|NorthAmerica|,2014.871,-598.8,42.9951690821256,2277,2277,41.7654808959157,43.6100131752306
EPI_ISL_368435|Human|H1N1|2014.83|NorthAmerica|,2014.83,-598.8,42.9951690821256,2277,2277,41.7654808959157,43.6100131752306
EPI_ISL_368434|Human|H1N1|2014.83|NorthAmerica|,2014.83,-598.8,42.9951690821256,2277,2277,41.7654808959157,43.6100131752306
EPI_ISL_368432|Human|H1N1|2014.83|NorthAmerica|,2014.83,-598.8,42.9951690821256,2277,2277,41.7654808959157,43.6100131752306
EPI_ISL_368431|Human|H1N1|2014.83|NorthAmerica|,2014.83,-598.8,42.9951690821256,2277,2277,41.7654808959157,43.6100131752306
EPI_ISL_368430|Human|H1N1|2014.83|NorthAmerica|,2014.83,-599.7,43.0390865173474,2277,2277,41.7654808959157,43.6758893280632
EPI_ISL_368429|Human|H1N1|2014.83|NorthAmerica|,2014.83,-598.8,42.9951690821256,2277,2277,41.7654808959157,43.6100131752306
EPI_ISL_368428|Human|H1N1|2014.83|NorthAmerica|,2014.83,-598.8,42.9951690821256,2277,2277,41.7654808959157,43.6100131752306
EPI_ISL_368427|Human|H1N1|2014.83|NorthAmerica|,2014.83,-598.8,42.9951690821256,2277,2277,41.7654808959157,43.6100131752306
EPI_ISL_368425|Human|H1N1|2014.8|NorthAmerica|,2014.8,-598.8,42.9951690821256,2277,2277,41.7654808959157,43.6100131752306
EPI_ISL_368424|Human|H1N1|2014.8|NorthAmerica|,2014.8,-598.8,42.9951690821256,2277,2277,41.7654808959157,43.6100131752306
EPI_ISL_368423|Human|H1N1|2014.8|NorthAmerica|,2014.8,-598.8,42.9951690821256,2277,2277,41.7654808959157,43.6100131752306
EPI_ISL_368422|Human|H1N1|2014.8|NorthAmerica|,2014.8,-598.8,42.9951690821256,2277,2277,41.7654808959157,43.6100131752306
EPI_ISL_368421|Human|H1N1|2014.8|NorthAmerica|,2014.8,-598.8,42.9951690821256,2277,2277,41.7654808959157,43.6100131752306
EPI_ISL_368420|Human|H1N1|2014.8|NorthAmerica|,2014.8,-598.8,42.9951690821256,2277,2277,41.7654808959157,43.6100131752306
EPI_ISL_368419|Human|H1N1|2014.8|NorthAmerica|,2014.8,-598.8,42.9951690821256,2277,2277,41.7654808959157,43.6100131752306
EPI_ISL_368418|Human|H1N1|2014.8|NorthAmerica|,2014.8,-598.8,42.9951690821256,2277,2277,41.7654808959157,43.6100131752306
EPI_ISL_368417|Human|H1N1|2014.8|NorthAmerica|,2014.8,-598.8,42.9951690821256,2277,2277,41.7654808959157,43.6100131752306
EPI_ISL_368416|Human|H1N1|2014.8|NorthAmerica|,2014.8,-598.8,42.9951690821256,2277,2277,41.7654808959157,43.6100131752306
EPI_ISL_368466|Human|H1N1|2014|NorthAmerica|,2014,-598.8,42.9951690821256,2277,2277,41.7654808959157,43.6100131752306
EPI_ISL_368442|Human|H1N1|2014.871|NorthAmerica|,2014.871,-598.8,42.9951690821256,2277,2277,41.7654808959157,43.6100131752306
EPI_ISL_10251|Human|H1N1|1986|Asia|seasonal,1986,-603.9,42.8194993412385,2277,2277,41.3702239789196,43.5441370223979
EPI_ISL_6837|Human|H1N1|1987|NorthAmerica|seasonal,1987,-605.1,42.8634167764603,2277,2277,41.2384716732543,43.6758893280632
EPI_ISL_6774|Human|H1N1|1986|NorthAmerica|seasonal,1986,-606.2,42.7316644707949,2277,2277,41.2384716732543,43.4782608695652
EPI_ISL_6838|Human|H1N1|1987|NorthAmerica|seasonal,1987,-606.2,42.9512516469038,2277,2277,41.501976284585,43.6758893280632
EPI_ISL_7081|Human|H1N1|1987|NorthAmerica|seasonal,1987,-606.2,42.9512516469038,2277,2277,41.501976284585,43.6758893280632
EPI_ISL_6914|Human|H1N1|1986|NorthAmerica|seasonal,1986,-606.4,42.8194993412385,2277,2277,41.2384716732543,43.6100131752306
EPI_ISL_7052|Human|H1N1|1986|NorthAmerica|seasonal,1986,-605.8,42.907334211682,2277,2277,41.501976284585,43.6100131752306
EPI_ISL_27634|Human|H1N1|1989.003|Europe|seasonal,1989.003,-595.4,42.9512516469038,2277,2277,41.501976284585,43.6758893280632
EPI_ISL_68916|Human|H1N1|1987|Europe|seasonal,1987,-611.7,43.126921387791,2277,2277,42.1607378129117,43.6100131752306
EPI_ISL_6905|Human|H1N1|1986|Asia|seasonal,1986,-605.8,42.907334211682,2277,2277,41.501976284585,43.6100131752306
EPI_ISL_173282|Human|H1N1|1986|Oceania|seasonal,1986,-614.5,42.9512516469038,2277,2277,41.6337285902503,43.6100131752306
EPI_ISL_6902|Human|H1N1|1980|Asia|seasonal,1980,-614.7,43.1708388230127,2277,2277,42.1607378129117,43.6758893280632
EPI_ISL_5327|Human|H1N1|1980|NorthAmerica|seasonal,1980,-613.4,43.126921387791,2277,2277,42.0289855072464,43.6758893280632
EPI_ISL_6972|Human|H1N1|1981|NorthAmerica|seasonal,1981,-612.3,43.2147562582345,2277,2277,42.2924901185771,43.6758893280632
EPI_ISL_5569|Human|H1N1|1983|NorthAmerica|seasonal,1983,-615.1,43.0390865173474,2277,2277,42.1607378129117,43.4782608695652
EPI_ISL_5568|Human|H1N1|1983|NorthAmerica|seasonal,1983,-607.9,42.8194993412385,2277,2277,41.6337285902503,43.4123847167325
EPI_ISL_6835|Human|H1N1|1983|NorthAmerica|seasonal,1983,-607.8,42.8634167764603,2277,2277,41.2384716732543,43.6758893280632
EPI_ISL_5261|Human|H1N1|1982|NorthAmerica|seasonal,1982,-614.5,43.0830039525692,2277,2277,41.7654808959157,43.7417654808959
EPI_ISL_5170|Human|H1N1|1982|NorthAmerica|seasonal,1982,-603.1,42.907334211682,2277,2277,41.3702239789196,43.6758893280632
EPI_ISL_6154|Human|H1N1|1983|NorthAmerica|seasonal,1983,-608.9,42.9512516469038,2277,2277,41.3702239789196,43.7417654808959
EPI_ISL_6871|Human|H1N1|1980|NorthAmerica|seasonal,1980,-620.2,43.126921387791,2277,2277,42.1607378129117,43.6100131752306
EPI_ISL_6855|Human|H1N1|1978|NorthAmerica|seasonal,1978,-624.2,43.1708388230127,2277,2277,42.0289855072464,43.7417654808959
EPI_ISL_6870|Human|H1N1|1978|NorthAmerica|seasonal,1978,-621.5,43.2147562582345,2277,2277,42.4242424242424,43.6100131752306
EPI_ISL_7060|Human|H1N1|1978|NorthAmerica|seasonal,1978,-622.3,43.2147562582345,2277,2277,42.2924901185771,43.6758893280632
EPI_ISL_6869|Human|H1N1|1978|NorthAmerica|seasonal,1978,-624.5,43.3465085638999,2277,2277,42.5559947299078,43.7417654808959
EPI_ISL_5135|Human|H1N1|1977|Asia|seasonal,1977,-622.8,43.3025911286781,2277,2277,42.4242424242424,43.7417654808959
EPI_ISL_5324|Human|H1N1|1978|NorthAmerica|seasonal,1978,-618.9,43.2586736934563,2277,2277,42.4242424242424,43.6758893280632
EPI_ISL_5134|Human|H1N1|1977|Europe|seasonal,1977,-621.7,43.3465085638999,2277,2277,42.5559947299078,43.7417654808959
EPI_ISL_5322|Human|H1N1|1978|NorthAmerica|seasonal,1978,-621.7,43.3465085638999,2277,2277,42.5559947299078,43.7417654808959
EPI_ISL_5373|Human|H1N1|1978|NorthAmerica|seasonal,1978,-621.7,43.3465085638999,2277,2277,42.5559947299078,43.7417654808959
EPI_ISL_5325|Human|H1N1|1978|NorthAmerica|seasonal,1978,-618.5,43.3025911286781,2277,2277,42.4242424242424,43.7417654808959
EPI_ISL_5323|Human|H1N1|1978|NorthAmerica|seasonal,1978,-620.1,43.3465085638999,2277,2277,42.5559947299078,43.7417654808959
EPI_ISL_6454|Human|H1N1|1978|NorthAmerica|seasonal,1978,-621.7,43.3465085638999,2277,2277,42.5559947299078,43.7417654808959
EPI_ISL_66105|Human|H1N1|1977|Europe|seasonal,1977,-624,43.3025911286781,2277,2277,42.5559947299078,43.6758893280632
EPI_ISL_66104|Human|H1N1|1977|Europe|seasonal,1977,-621.7,43.3465085638999,2277,2277,42.5559947299078,43.7417654808959
EPI_ISL_127646|Human|H1N1|1977|Europe|,1977,-621.7,43.3465085638999,2277,2277,42.5559947299078,43.7417654808959
EPI_ISL_243351|Human|H1N1|1977|Europe|,1977,-621.7,43.3465085638999,2277,2277,42.5559947299078,43.7417654808959
EPI_ISL_5326|Human|H1N1|1978|NorthAmerica|seasonal,1978,-621.7,43.3465085638999,2277,2277,42.5559947299078,43.7417654808959
EPI_ISL_6915|Human|H1N1|1977|Asia|seasonal,1977,-629.3,43.3025911286781,2277,2277,42.6877470355731,43.6100131752306
EPI_ISL_147192|Human|H1N1|1951|NorthAmerica|,1951,-633.1,43.4343434343434,2277,2277,42.9512516469038,43.6758893280632
EPI_ISL_69304|Human|H1N1|1949|Europe|seasonal,1949,-630.8,43.6100131752306,2277,2277,43.0830039525692,43.8735177865613
EPI_ISL_147190|Human|H1N1|1949|NorthAmerica|,1949,-630.2,43.5660957400088,2277,2277,43.0830039525692,43.8076416337286
EPI_ISL_6853|Human|H1N1|1948|NorthAmerica|seasonal,1948,-628.4,43.522178304787,2277,2277,42.9512516469038,43.8076416337286
EPI_ISL_7048|Human|H1N1|1950|NorthAmerica|seasonal,1950,-631.2,43.522178304787,2277,2277,43.0830039525692,43.7417654808959
EPI_ISL_173281|Human|H1N1|1983|Oceania|seasonal,1983,-605.6,43.0390865173474,2277,2277,41.501976284585,43.8076416337286
EPI_ISL_6900|Human|H1N1|1983|SouthAmerica|seasonal,1983,-599.4,43.0830039525692,2277,2277,41.897233201581,43.6758893280632
EPI_ISL_125876|Human|H1N1|1983|SouthAmerica|,1983,-599.4,43.0830039525692,2277,2277,41.897233201581,43.6758893280632
EPI_ISL_6772|Human|H1N1|1983|NorthAmerica|seasonal,1983,-604.9,43.126921387791,2277,2277,42.0289855072464,43.6758893280632
EPI_ISL_6786|Human|H1N1|1983|NorthAmerica|seasonal,1983,-604.9,43.126921387791,2277,2277,42.0289855072464,43.6758893280632
EPI_ISL_5375|Human|H1N1|1983|NorthAmerica|seasonal,1983,-604.2,43.0390865173474,2277,2277,41.897233201581,43.6100131752306
EPI_ISL_6463|Human|H1N1|1983|NorthAmerica|seasonal,1983,-604.2,43.0390865173474,2277,2277,41.897233201581,43.6100131752306
EPI_ISL_6516|Human|H1N1|1983|NorthAmerica|seasonal,1983,-604.2,43.0390865173474,2277,2277,41.897233201581,43.6100131752306
EPI_ISL_5328|Human|H1N1|1983|NorthAmerica|seasonal,1983,-604.2,43.0830039525692,2277,2277,41.897233201581,43.6758893280632
EPI_ISL_5374|Human|H1N1|1983|NorthAmerica|seasonal,1983,-604.2,43.0830039525692,2277,2277,41.897233201581,43.6758893280632
EPI_ISL_6517|Human|H1N1|1983|NorthAmerica|seasonal,1983,-602.6,43.0390865173474,2277,2277,41.7654808959157,43.6758893280632
EPI_ISL_6773|Human|H1N1|1983|NorthAmerica|seasonal,1983,-603.8,43.0390865173474,2277,2277,41.7654808959157,43.6758893280632
EPI_ISL_6768|Human|H1N1|1983|NorthAmerica|seasonal,1983,-604.8,43.0830039525692,2277,2277,41.897233201581,43.6758893280632
EPI_ISL_6771|Human|H1N1|1983|NorthAmerica|seasonal,1983,-604.8,43.0830039525692,2277,2277,41.897233201581,43.6758893280632
EPI_ISL_6767|Human|H1N1|1983|NorthAmerica|seasonal,1983,-601.3,43.0390865173474,2277,2277,41.897233201581,43.6100131752306
EPI_ISL_6878|Human|H1N1|1983|NorthAmerica|seasonal,1983,-604.2,43.0830039525692,2277,2277,41.897233201581,43.6758893280632
EPI_ISL_5693|Human|H1N1|1983|NorthAmerica|seasonal,1983,-604.2,43.0830039525692,2277,2277,41.897233201581,43.6758893280632
EPI_ISL_6440|Human|H1N1|1983|NorthAmerica|seasonal,1983,-604.9,43.126921387791,2277,2277,42.0289855072464,43.6758893280632
EPI_ISL_6438|Human|H1N1|1983|NorthAmerica|seasonal,1983,-604.2,43.0830039525692,2277,2277,41.897233201581,43.6758893280632
EPI_ISL_5336|Human|H1N1|1983|NorthAmerica|seasonal,1983,-602.6,43.0390865173474,2277,2277,41.7654808959157,43.6758893280632
EPI_ISL_5335|Human|H1N1|1983|NorthAmerica|seasonal,1983,-602.6,43.0390865173474,2277,2277,41.7654808959157,43.6758893280632
EPI_ISL_5334|Human|H1N1|1983|NorthAmerica|seasonal,1983,-602.6,43.0390865173474,2277,2277,41.7654808959157,43.6758893280632
EPI_ISL_5333|Human|H1N1|1983|NorthAmerica|seasonal,1983,-604.9,43.126921387791,2277,2277,42.0289855072464,43.6758893280632
EPI_ISL_5332|Human|H1N1|1983|NorthAmerica|seasonal,1983,-609.7,43.0830039525692,2277,2277,41.897233201581,43.6758893280632
EPI_ISL_5331|Human|H1N1|1983|NorthAmerica|seasonal,1983,-601,43.0390865173474,2277,2277,41.897233201581,43.6100131752306
EPI_ISL_5330|Human|H1N1|1983|NorthAmerica|seasonal,1983,-601,43.0390865173474,2277,2277,41.897233201581,43.6100131752306
EPI_ISL_5329|Human|H1N1|1983|NorthAmerica|seasonal,1983,-604.2,43.0830039525692,2277,2277,41.897233201581,43.6758893280632
EPI_ISL_5513|Human|H1N1|1983|NorthAmerica|seasonal,1983,-602.6,43.0390865173474,2277,2277,41.7654808959157,43.6758893280632
EPI_ISL_5620|Human|H1N1|1983|NorthAmerica|seasonal,1983,-603.9,42.9951690821256,2277,2277,41.7654808959157,43.6100131752306
EPI_ISL_6462|Human|H1N1|1983|NorthAmerica|seasonal,1983,-604.2,43.0390865173474,2277,2277,41.897233201581,43.6100131752306
EPI_ISL_6461|Human|H1N1|1983|NorthAmerica|seasonal,1983,-602.6,43.0390865173474,2277,2277,41.7654808959157,43.6758893280632
EPI_ISL_6437|Human|H1N1|1983|NorthAmerica|seasonal,1983,-604.2,43.0390865173474,2277,2277,41.897233201581,43.6100131752306
EPI_ISL_6436|Human|H1N1|1983|NorthAmerica|seasonal,1983,-604.2,43.0830039525692,2277,2277,41.897233201581,43.6758893280632
EPI_ISL_6434|Human|H1N1|1983|NorthAmerica|seasonal,1983,-604.2,43.0390865173474,2277,2277,41.897233201581,43.6100131752306
EPI_ISL_6433|Human|H1N1|1983|NorthAmerica|seasonal,1983,-602.6,43.0390865173474,2277,2277,41.7654808959157,43.6758893280632
EPI_ISL_6836|Human|H1N1|1983|NorthAmerica|seasonal,1983,-604.7,43.0390865173474,2277,2277,41.7654808959157,43.6758893280632
EPI_ISL_6787|Human|H1N1|1983|NorthAmerica|seasonal,1983,-604.7,42.9512516469038,2277,2277,41.501976284585,43.6758893280632
EPI_ISL_6766|Human|H1N1|1983|NorthAmerica|seasonal,1983,-605.1,43.0390865173474,2277,2277,41.7654808959157,43.6758893280632
EPI_ISL_6770|Human|H1N1|1983|NorthAmerica|seasonal,1983,-607.1,43.126921387791,2277,2277,41.897233201581,43.7417654808959
EPI_ISL_7929|Human|H1N1|1983|NorthAmerica|seasonal,1983,-607.1,43.126921387791,2277,2277,41.897233201581,43.7417654808959
EPI_ISL_6785|Human|H1N1|1983|NorthAmerica|seasonal,1983,-603.6,43.0579964850615,2276,2277,41.7654808959157,43.7046802900461
EPI_ISL_6439|Human|H1N1|1983|NorthAmerica|seasonal,1983,-604.6,43.126921387791,2277,2277,42.0289855072464,43.6758893280632
EPI_ISL_6435|Human|H1N1|1983|NorthAmerica|seasonal,1983,-603.9,42.9951690821256,2277,2277,41.7654808959157,43.6100131752306
EPI_ISL_6769|Human|H1N1|1983|NorthAmerica|seasonal,1983,-597.6,42.9512516469038,2277,2277,41.501976284585,43.6758893280632
EPI_ISL_6872|Human|H1N1|1983|Oceania|seasonal,1983,-603.7,43.1708388230127,2277,2277,42.0289855072464,43.7417654808959
EPI_ISL_6973|Human|H1N1|1982|Europe|seasonal,1982,-605.3,43.126921387791,2277,2277,41.897233201581,43.7417654808959
EPI_ISL_6906|Human|H1N1|1984|Oceania|seasonal,1984,-605.2,43.126921387791,2277,2277,41.897233201581,43.7417654808959
EPI_ISL_7051|Human|H1N1|1984|NorthAmerica|seasonal,1984,-603.2,43.126921387791,2277,2277,41.897233201581,43.7417654808959
EPI_ISL_27596|Human|H1N1|1989.005|Europe|seasonal,1989.005,-596.6,43.0390865173474,2277,2277,41.897233201581,43.6100131752306
EPI_ISL_173276|Human|H1N1|1991.551|Oceania|seasonal,1991.551,-597.5,42.9512516469038,2277,2277,41.6337285902503,43.6100131752306
EPI_ISL_10111|Human|H1N1|1996|Asia|seasonal,1996,-601.8,42.8194993412385,2277,2277,41.501976284585,43.4782608695652
EPI_ISL_123174|Human|H1N1|1995|Asia|,1995,-601.8,42.8194993412385,2277,2277,41.501976284585,43.4782608695652
EPI_ISL_27598|Human|H1N1|1995.964|Europe|seasonal,1995.964,-599.2,42.8634167764603,2277,2277,41.6337285902503,43.4782608695652
EPI_ISL_5371|Human|H1N1|1995.942|NorthAmerica|seasonal,1995.942,-601.8,42.907334211682,2277,2277,41.897233201581,43.4123847167325
EPI_ISL_6969|Human|H1N1|1996|NorthAmerica|seasonal,1996,-601.4,42.9951690821256,2277,2277,42.0289855072464,43.4782608695652
EPI_ISL_5619|Human|H1N1|1996.019|NorthAmerica|seasonal,1996.019,-600.9,42.907334211682,2277,2277,41.6337285902503,43.5441370223979
EPI_ISL_6840|Human|H1N1|1996|NorthAmerica|seasonal,1996,-602.1,42.907334211682,2277,2277,41.7654808959157,43.4782608695652
EPI_ISL_5320|Human|H1N1|1996.003|NorthAmerica|seasonal,1996.003,-601.9,42.9951690821256,2277,2277,42.0289855072464,43.4782608695652
EPI_ISL_6404|Human|H1N1|1995.953|NorthAmerica|seasonal,1995.953,-600.6,42.8634167764603,2277,2277,41.7654808959157,43.4123847167325
EPI_ISL_5317|Human|H1N1|1995.929|NorthAmerica|seasonal,1995.929,-601.3,42.9512516469038,2277,2277,41.897233201581,43.4782608695652
EPI_ISL_5283|Human|H1N1|1995.874|NorthAmerica|seasonal,1995.874,-603.8,42.907334211682,2277,2277,41.897233201581,43.4123847167325
EPI_ISL_5308|Human|H1N1|1995.907|NorthAmerica|seasonal,1995.907,-597.1,42.8634167764603,2277,2277,41.6337285902503,43.4782608695652
EPI_ISL_6844|Human|H1N1|1996|NorthAmerica|seasonal,1996,-599.1,42.9951690821256,2277,2277,41.897233201581,43.5441370223979
EPI_ISL_6879|Human|H1N1|1996|NorthAmerica|seasonal,1996,-602.3,43.0830039525692,2277,2277,42.1607378129117,43.5441370223979
EPI_ISL_6777|Human|H1N1|1996|NorthAmerica|seasonal,1996,-602,42.9512516469038,2277,2277,41.897233201581,43.4782608695652
EPI_ISL_6841|Human|H1N1|1996|NorthAmerica|seasonal,1996,-601.3,42.9512516469038,2277,2277,41.897233201581,43.4782608695652
EPI_ISL_5315|Human|H1N1|1995.948|NorthAmerica|seasonal,1995.948,-603.1,42.9512516469038,2277,2277,42.0289855072464,43.4123847167325
EPI_ISL_5276|Human|H1N1|1995.871|NorthAmerica|seasonal,1995.871,-601.6,42.9951690821256,2277,2277,42.0289855072464,43.4782608695652
EPI_ISL_6155|Human|H1N1|1995.332|NorthAmerica|seasonal,1995.332,-599.5,42.8634167764603,2277,2277,42.0289855072464,43.2806324110672
EPI_ISL_5319|Human|H1N1|1996.003|NorthAmerica|seasonal,1996.003,-600.1,42.8194993412385,2277,2277,41.501976284585,43.4782608695652
EPI_ISL_5278|Human|H1N1|1995.934|NorthAmerica|seasonal,1995.934,-600.4,42.907334211682,2277,2277,41.7654808959157,43.4782608695652
EPI_ISL_5370|Human|H1N1|1995.945|NorthAmerica|seasonal,1995.945,-600.4,42.907334211682,2277,2277,41.7654808959157,43.4782608695652
EPI_ISL_5692|Human|H1N1|1995.962|NorthAmerica|seasonal,1995.962,-600.1,42.8194993412385,2277,2277,41.501976284585,43.4782608695652
EPI_ISL_5318|Human|H1N1|1995.918|NorthAmerica|seasonal,1995.918,-600.1,42.7755819060167,2277,2277,41.501976284585,43.4123847167325
EPI_ISL_5566|Human|H1N1|1995.986|NorthAmerica|seasonal,1995.986,-600.4,42.8194993412385,2277,2277,41.501976284585,43.4782608695652
EPI_ISL_5565|Human|H1N1|1995.989|NorthAmerica|seasonal,1995.989,-600.1,42.8194993412385,2277,2277,41.501976284585,43.4782608695652
EPI_ISL_5433|Human|H1N1|1996.104|NorthAmerica|seasonal,1996.104,-600.7,42.7755819060167,2277,2277,41.3702239789196,43.4782608695652
EPI_ISL_5567|Human|H1N1|1995.953|NorthAmerica|seasonal,1995.953,-602.8,42.8194993412385,2277,2277,41.501976284585,43.4782608695652
EPI_ISL_173283|Human|H1N1|1995|Oceania|seasonal,1995,-600.8,42.8194993412385,2277,2277,41.501976284585,43.4782608695652
EPI_ISL_6776|Human|H1N1|1996|NorthAmerica|seasonal,1996,-601.3,42.9951690821256,2277,2277,41.897233201581,43.5441370223979
EPI_ISL_6775|Human|H1N1|1996|NorthAmerica|seasonal,1996,-601.3,42.9951690821256,2277,2277,41.897233201581,43.5441370223979
EPI_ISL_6839|Human|H1N1|1996|NorthAmerica|seasonal,1996,-599.3,42.9951690821256,2277,2277,42.0289855072464,43.4782608695652
EPI_ISL_5434|Human|H1N1|1995.923|NorthAmerica|seasonal,1995.923,-599.9,42.9951690821256,2277,2277,42.1607378129117,43.4123847167325
EPI_ISL_123175|Human|H1N1|1996|Asia|,1996,-602,43.0390865173474,2277,2277,42.1607378129117,43.4782608695652
EPI_ISL_6778|Human|H1N1|1996|NorthAmerica|seasonal,1996,-596,42.907334211682,2277,2277,41.7654808959157,43.4782608695652
EPI_ISL_5281|Human|H1N1|1995.975|NorthAmerica|seasonal,1995.975,-597.3,42.907334211682,2277,2277,41.7654808959157,43.4782608695652
EPI_ISL_279682|Human|H1N1|1995|Europe|,1995,-597.3,42.7316644707949,2277,2277,41.2384716732543,43.4782608695652
EPI_ISL_5282|Human|H1N1|1995.986|NorthAmerica|seasonal,1995.986,-603.5,42.8194993412385,2277,2277,41.501976284585,43.4782608695652
EPI_ISL_5618|Human|H1N1|1995.942|NorthAmerica|seasonal,1995.942,-605.1,42.8634167764603,2277,2277,41.501976284585,43.5441370223979
EPI_ISL_5279|Human|H1N1|1995.912|NorthAmerica|seasonal,1995.912,-604.2,42.9512516469038,2277,2277,41.6337285902503,43.6100131752306
EPI_ISL_5277|Human|H1N1|1995.951|NorthAmerica|seasonal,1995.951,-605.4,42.907334211682,2277,2277,41.6337285902503,43.5441370223979
EPI_ISL_123178|Human|H1N1|1998|Europe|,1998,-597.6,42.8634167764603,2277,2277,41.1067193675889,43.7417654808959
EPI_ISL_123184|Human|H1N1|2000|SouthAmerica|,2000,-597.8,42.907334211682,2277,2277,42.0289855072464,43.3465085638999
EPI_ISL_6428|Human|H1N1|2000|Oceania|seasonal,2000,-603.4,43.0830039525692,2277,2277,42.1607378129117,43.5441370223979
EPI_ISL_6375|Human|H1N1|2000|Oceania|seasonal,2000,-603.4,43.0830039525692,2277,2277,42.1607378129117,43.5441370223979
EPI_ISL_6374|Human|H1N1|2000|Oceania|seasonal,2000,-603.4,43.0830039525692,2277,2277,42.1607378129117,43.5441370223979
EPI_ISL_6511|Human|H1N1|2000|Oceania|seasonal,2000,-600.4,42.9951690821256,2277,2277,41.897233201581,43.5441370223979
EPI_ISL_7054|Human|H1N1|2000|Oceania|seasonal,2000,-600.4,43.0390865173474,2277,2277,42.0289855072464,43.5441370223979
EPI_ISL_6426|Human|H1N1|2000|Oceania|seasonal,2000,-597.8,43.0390865173474,2277,2277,42.0289855072464,43.5441370223979
EPI_ISL_6753|Human|H1N1|2000|Oceania|seasonal,2000,-600.4,43.0390865173474,2277,2277,42.0289855072464,43.5441370223979
EPI_ISL_6456|Human|H1N1|2000|Oceania|seasonal,2000,-603.4,43.0830039525692,2277,2277,42.1607378129117,43.5441370223979
EPI_ISL_6509|Human|H1N1|2000|Oceania|seasonal,2000,-603.4,43.0830039525692,2277,2277,42.1607378129117,43.5441370223979
EPI_ISL_6367|Human|H1N1|2000|Oceania|seasonal,2000,-603.4,43.0830039525692,2277,2277,42.1607378129117,43.5441370223979
EPI_ISL_5048|Human|H1N1|2000.279|NorthAmerica|seasonal,2000.279,-603.3,43.0830039525692,2277,2277,42.1607378129117,43.5441370223979
EPI_ISL_9213|Human|H1N1|2001.022|NorthAmerica|seasonal,2001.022,-601.5,42.9512516469038,2277,2277,41.897233201581,43.4782608695652
EPI_ISL_6427|Human|H1N1|2000|Oceania|seasonal,2000,-605.6,42.9512516469038,2277,2277,41.7654808959157,43.5441370223979
EPI_ISL_6411|Human|H1N1|2000|Oceania|seasonal,2000,-605.6,42.9512516469038,2277,2277,41.7654808959157,43.5441370223979
EPI_ISL_503098|Human|H1N1|2000|SouthAmerica|,2000,-603,42.9951690821256,2277,2277,41.897233201581,43.5441370223979
EPI_ISL_503060|Human|H1N1|2000|SouthAmerica|,2000,-603,42.9951690821256,2277,2277,41.897233201581,43.5441370223979
EPI_ISL_503064|Human|H1N1|2000|SouthAmerica|,2000,-604.3,42.9512516469038,2277,2277,41.7654808959157,43.5441370223979
EPI_ISL_503111|Human|H1N1|2000|SouthAmerica|,2000,-601.4,42.907334211682,2277,2277,41.7654808959157,43.4782608695652
EPI_ISL_123172|Human|H1N1|1992|Oceania|,1992,-593.1,42.7316644707949,2277,2277,40.9749670619236,43.6100131752306
EPI_ISL_5265|Human|H1N1|2001.022|Oceania|seasonal,2001.022,-592.1,42.0729029424682,2277,2277,39.1304347826087,43.5441370223979
EPI_ISL_5254|Human|H1N1|2001.584|Oceania|seasonal,2001.584,-589.8,42.2046552481335,2277,2277,39.262187088274,43.6758893280632
EPI_ISL_5249|Human|H1N1|2001.518|Oceania|seasonal,2001.518,-591.6,42.2046552481335,2277,2277,39.1304347826087,43.7417654808959
EPI_ISL_5355|Human|H1N1|2001.353|Oceania|seasonal,2001.353,-593.6,42.2924901185771,2277,2277,39.262187088274,43.8076416337286
EPI_ISL_8666|Human|H1N1|2001.058|NorthAmerica|seasonal,2001.058,-591.1,42.1607378129117,2277,2277,39.262187088274,43.6100131752306
EPI_ISL_9028|Human|H1N1|2002.926|NorthAmerica|seasonal,2002.926,-581.6,42.1168203776899,2277,2277,38.866930171278,43.7417654808959
EPI_ISL_106616|Human|H1N1|2003.937|Asia|,2003.937,-597.1,42.1607378129117,2277,2277,39.1304347826087,43.6758893280632
EPI_ISL_106600|Human|H1N1|2003.937|Asia|,2003.937,-597.1,42.1607378129117,2277,2277,39.1304347826087,43.6758893280632
EPI_ISL_106599|Human|H1N1|2003.811|Asia|,2003.811,-597.1,42.1607378129117,2277,2277,39.1304347826087,43.6758893280632
EPI_ISL_106598|Human|H1N1|2003.723|Asia|,2003.723,-597.1,42.1607378129117,2277,2277,39.1304347826087,43.6758893280632
EPI_ISL_106579|Human|H1N1|2003.696|Asia|,2003.696,-597.1,42.1607378129117,2277,2277,39.1304347826087,43.6758893280632
EPI_ISL_106578|Human|H1N1|2003.515|Asia|,2003.515,-597.1,42.1607378129117,2277,2277,39.1304347826087,43.6758893280632
EPI_ISL_106563|Human|H1N1|2003.068|Asia|,2003.068,-597.1,42.1607378129117,2277,2277,39.1304347826087,43.6758893280632
EPI_ISL_106562|Human|H1N1|2003.973|Asia|,2003.973,-597.1,42.1607378129117,2277,2277,39.1304347826087,43.6758893280632
EPI_ISL_106561|Human|H1N1|2003.964|Asia|,2003.964,-597.1,42.1607378129117,2277,2277,39.1304347826087,43.6758893280632
EPI_ISL_106519|Human|H1N1|2003.923|Asia|,2003.923,-597.1,42.1607378129117,2277,2277,39.1304347826087,43.6758893280632
EPI_ISL_106518|Human|H1N1|2003.819|Asia|,2003.819,-597.1,42.1607378129117,2277,2277,39.1304347826087,43.6758893280632
EPI_ISL_106501|Human|H1N1|2003.789|Asia|,2003.789,-597.1,42.1607378129117,2277,2277,39.1304347826087,43.6758893280632
EPI_ISL_106500|Human|H1N1|2003.773|Asia|,2003.773,-597.1,42.1607378129117,2277,2277,39.1304347826087,43.6758893280632
EPI_ISL_106499|Human|H1N1|2003.715|Asia|,2003.715,-597.1,42.1607378129117,2277,2277,39.1304347826087,43.6758893280632
EPI_ISL_106498|Human|H1N1|2003|Asia|,2003,-597.1,42.1607378129117,2277,2277,39.1304347826087,43.6758893280632
EPI_ISL_117100|Human|H1N1|2003|Asia|,2003,-597.1,42.1607378129117,2277,2277,39.1304347826087,43.6758893280632
EPI_ISL_117099|Human|H1N1|2003|Asia|,2003,-597.1,42.1607378129117,2277,2277,39.1304347826087,43.6758893280632
EPI_ISL_116067|Human|H1N1|2003|Asia|,2003,-597.1,42.1607378129117,2277,2277,39.1304347826087,43.6758893280632
EPI_ISL_106472|Human|H1N1|2001|Asia|,2001,-593,42.2924901185771,2277,2277,39.3939393939394,43.7417654808959
EPI_ISL_8646|Human|H1N1|2002.97|NorthAmerica|seasonal,2002.97,-586,42.2046552481335,2277,2277,39.3939393939394,43.6100131752306
EPI_ISL_8971|Human|H1N1|2003.153|NorthAmerica|seasonal,2003.153,-590.7,42.0729029424682,2277,2277,38.866930171278,43.6758893280632
EPI_ISL_106471|Human|H1N1|2001|Asia|,2001,-587.4,42.2924901185771,2277,2277,39.6574440052701,43.6100131752306
EPI_ISL_124309|Human|H1N1|2000|Europe|,2000,-593.1,42.2485726833553,2277,2277,39.5256916996047,43.6100131752306
EPI_ISL_5408|Human|H1N1|2000.112|Oceania|seasonal,2000.112,-595.2,42.1168203776899,2277,2277,38.9986824769433,43.6758893280632
EPI_ISL_123183|Human|H1N1|2000|Asia|,2000,-599.5,42.2924901185771,2277,2277,39.5256916996047,43.6758893280632
EPI_ISL_6238|Human|H1N1|2000.68|Oceania|seasonal,2000.68,-599.7,42.0729029424682,2277,2277,39.1304347826087,43.5441370223979
EPI_ISL_5187|Human|H1N1|2000.587|Oceania|seasonal,2000.587,-596.3,42.0729029424682,2277,2277,39.1304347826087,43.5441370223979
EPI_ISL_7541|Human|H1N1|2000.828|Oceania|seasonal,2000.828,-602,42.0729029424682,2277,2277,39.1304347826087,43.5441370223979
EPI_ISL_5121|Human|H1N1|2000.623|Oceania|seasonal,2000.623,-598.6,42.1168203776899,2277,2277,39.3939393939394,43.4782608695652
EPI_ISL_5231|Human|H1N1|2000.68|Oceania|seasonal,2000.68,-598.9,42.1168203776899,2277,2277,39.262187088274,43.5441370223979
EPI_ISL_5161|Human|H1N1|2000.669|Oceania|seasonal,2000.669,-598.9,42.1168203776899,2277,2277,39.262187088274,43.5441370223979
EPI_ISL_5127|Human|H1N1|2000.639|Oceania|seasonal,2000.639,-598.9,42.1168203776899,2277,2277,39.262187088274,43.5441370223979
EPI_ISL_5195|Human|H1N1|2000.642|Oceania|seasonal,2000.642,-597.8,42.2046552481335,2277,2277,39.5256916996047,43.5441370223979
EPI_ISL_5194|Human|H1N1|2000.68|Oceania|seasonal,2000.68,-594.6,41.9850680720246,2277,2277,38.866930171278,43.5441370223979
EPI_ISL_5159|Human|H1N1|2000.653|Oceania|seasonal,2000.653,-593.1,42.0289855072464,2277,2277,39.1304347826087,43.4782608695652
EPI_ISL_5126|Human|H1N1|2000.626|Oceania|seasonal,2000.626,-598.9,42.1168203776899,2277,2277,39.262187088274,43.5441370223979
EPI_ISL_5122|Human|H1N1|2000.62|Oceania|seasonal,2000.62,-598.9,42.1168203776899,2277,2277,39.262187088274,43.5441370223979
EPI_ISL_5230|Human|H1N1|2000.56|Oceania|seasonal,2000.56,-598.9,42.1168203776899,2277,2277,39.262187088274,43.5441370223979
EPI_ISL_7102|Human|H1N1|2000.678|Oceania|seasonal,2000.678,-595.1,41.9411506368028,2277,2277,38.7351778656126,43.5441370223979
EPI_ISL_5188|Human|H1N1|2000.549|Oceania|seasonal,2000.549,-599.9,42.1607378129117,2277,2277,39.3939393939394,43.5441370223979
EPI_ISL_5125|Human|H1N1|2000.631|Oceania|seasonal,2000.631,-598.9,42.1168203776899,2277,2277,39.262187088274,43.5441370223979
EPI_ISL_5191|Human|H1N1|2000.713|Oceania|seasonal,2000.713,-598.8,42.1607378129117,2277,2277,39.3939393939394,43.5441370223979
EPI_ISL_5233|Human|H1N1|2000.806|Oceania|seasonal,2000.806,-599.1,42.2046552481335,2277,2277,39.3939393939394,43.6100131752306
EPI_ISL_5340|Human|H1N1|2000.56|Oceania|seasonal,2000.56,-597,42.0729029424682,2277,2277,39.1304347826087,43.5441370223979
EPI_ISL_5160|Human|H1N1|2000.467|Oceania|seasonal,2000.467,-600.9,42.1792618629174,2276,2277,39.3939393939394,43.5728411338167
EPI_ISL_5124|Human|H1N1|2000.648|Oceania|seasonal,2000.648,-593.3,42.0729029424682,2277,2277,38.9986824769433,43.6100131752306
EPI_ISL_7540|Human|H1N1|2000.699|Oceania|seasonal,2000.699,-599.6,41.9850680720246,2277,2277,38.866930171278,43.5441370223979
EPI_ISL_7757|Human|H1N1|2000.705|Oceania|seasonal,2000.705,-597.5,41.9411506368028,2277,2277,38.866930171278,43.4782608695652
EPI_ISL_7145|Human|H1N1|2000.735|Oceania|seasonal,2000.735,-597.3,41.9850680720246,2277,2277,38.9986824769433,43.4782608695652
EPI_ISL_5339|Human|H1N1|2000.464|Oceania|seasonal,2000.464,-594.8,42.0289855072464,2277,2277,38.9986824769433,43.5441370223979
EPI_ISL_6909|Human|H1N1|2000.563|Oceania|seasonal,2000.563,-597,42.0729029424682,2277,2277,39.1304347826087,43.5441370223979
EPI_ISL_5192|Human|H1N1|2000.721|Oceania|seasonal,2000.721,-599.6,42.1168203776899,2277,2277,39.262187088274,43.5441370223979
EPI_ISL_5453|Human|H1N1|2000.779|Oceania|seasonal,2000.779,-595.4,42.0289855072464,2277,2277,38.9986824769433,43.5441370223979
EPI_ISL_5588|Human|H1N1|2000.76|Oceania|seasonal,2000.76,-595.2,41.9850680720246,2277,2277,38.9986824769433,43.4782608695652
EPI_ISL_7278|Human|H1N1|2000.839|Oceania|seasonal,2000.839,-602,42.0729029424682,2277,2277,39.1304347826087,43.5441370223979
EPI_ISL_7103|Human|H1N1|2000.855|Oceania|seasonal,2000.855,-602,42.0729029424682,2277,2277,39.1304347826087,43.5441370223979
EPI_ISL_5196|Human|H1N1|2000.68|Oceania|seasonal,2000.68,-590.7,42.0289855072464,2277,2277,38.9986824769433,43.5441370223979
EPI_ISL_5193|Human|H1N1|2000.735|Oceania|seasonal,2000.735,-600.3,42.0289855072464,2277,2277,39.1304347826087,43.4782608695652
EPI_ISL_5190|Human|H1N1|2000.658|Oceania|seasonal,2000.658,-593.2,42.0289855072464,2277,2277,38.9986824769433,43.5441370223979
EPI_ISL_5123|Human|H1N1|2000.639|Oceania|seasonal,2000.639,-597.2,42.1168203776899,2277,2277,39.262187088274,43.5441370223979
EPI_ISL_5120|Human|H1N1|2000.658|Oceania|seasonal,2000.658,-593.2,42.0289855072464,2277,2277,38.9986824769433,43.5441370223979
EPI_ISL_5232|Human|H1N1|2000.658|Oceania|seasonal,2000.658,-602,42.0729029424682,2277,2277,39.1304347826087,43.5441370223979
EPI_ISL_5432|Human|H1N1|2000.568|Oceania|seasonal,2000.568,-596.9,42.0729029424682,2277,2277,39.1304347826087,43.5441370223979
EPI_ISL_5338|Human|H1N1|2000.464|Oceania|seasonal,2000.464,-594.8,42.0289855072464,2277,2277,38.9986824769433,43.5441370223979
EPI_ISL_5495|Human|H1N1|2000|Oceania|seasonal,2000,-599.7,42.0729029424682,2277,2277,39.1304347826087,43.5441370223979
EPI_ISL_6405|Human|H1N1|2000.743|Oceania|seasonal,2000.743,-599.7,42.0729029424682,2277,2277,39.1304347826087,43.5441370223979
EPI_ISL_7039|Human|H1N1|2000.508|Oceania|seasonal,2000.508,-592,41.9850680720246,2277,2277,38.866930171278,43.5441370223979
EPI_ISL_7142|Human|H1N1|2000.719|Oceania|seasonal,2000.719,-602,42.0729029424682,2277,2277,39.1304347826087,43.5441370223979
EPI_ISL_7100|Human|H1N1|2000.661|Oceania|seasonal,2000.661,-600.8,42.0289855072464,2277,2277,38.9986824769433,43.5441370223979
EPI_ISL_5228|Human|H1N1|2000.664|Oceania|seasonal,2000.664,-591.1,42.0729029424682,2277,2277,39.1304347826087,43.5441370223979
EPI_ISL_5263|Human|H1N1|2000.544|Oceania|seasonal,2000.544,-597,42.0729029424682,2277,2277,39.1304347826087,43.5441370223979
EPI_ISL_5197|Human|H1N1|2000.675|Oceania|seasonal,2000.675,-599.3,42.1168203776899,2277,2277,39.262187088274,43.5441370223979
EPI_ISL_5534|Human|H1N1|2000.675|Oceania|seasonal,2000.675,-596.4,42.1168203776899,2277,2277,39.1304347826087,43.6100131752306
EPI_ISL_5209|Human|H1N1|2000.541|Oceania|seasonal,2000.541,-597,42.0729029424682,2277,2277,39.1304347826087,43.5441370223979
EPI_ISL_7143|Human|H1N1|2000.716|Oceania|seasonal,2000.716,-600.8,42.0289855072464,2277,2277,38.9986824769433,43.5441370223979
EPI_ISL_5189|Human|H1N1|2000.623|Oceania|seasonal,2000.623,-593.2,42.0289855072464,2277,2277,38.9986824769433,43.5441370223979
EPI_ISL_7277|Human|H1N1|2000.751|Oceania|seasonal,2000.751,-600.9,42.0729029424682,2277,2277,38.9986824769433,43.6100131752306
EPI_ISL_5533|Human|H1N1|2000.642|Oceania|seasonal,2000.642,-596.4,42.1168203776899,2277,2277,39.262187088274,43.5441370223979
EPI_ISL_5587|Human|H1N1|2000.683|Oceania|seasonal,2000.683,-599.7,42.0729029424682,2277,2277,39.1304347826087,43.5441370223979
EPI_ISL_15607|Human|H1N1|2001|Europe|seasonal,2001,-594.8,42.4362357080035,2274,2274,39.7097625329815,43.7994722955145
EPI_ISL_6881|Human|H1N1|2001.463|Oceania|seasonal,2001.463,-597.8,42.1607378129117,2277,2277,39.3939393939394,43.5441370223979
EPI_ISL_30215|Human|H1N1|1999.997|Asia|seasonal,1999.997,-582.1,41.9850680720246,2277,2277,38.7351778656126,43.6100131752306
EPI_ISL_503095|Human|H1N1|2000|SouthAmerica|,2000,-587.7,42.2046552481335,2277,2277,39.3939393939394,43.6100131752306
EPI_ISL_503082|Human|H1N1|2000|SouthAmerica|,2000,-590,42.1607378129117,2277,2277,39.1304347826087,43.6758893280632
EPI_ISL_6880|Human|H1N1|2001|NorthAmerica|seasonal,2001,-590.5,42.2485726833553,2277,2277,39.6574440052701,43.5441370223979
EPI_ISL_7047|Human|H1N1|2000|NorthAmerica|seasonal,2000,-595.9,42.3364075537989,2277,2277,39.9209486166008,43.5441370223979
EPI_ISL_5128|Human|H1N1|2001.019|NorthAmerica|seasonal,2001.019,-596,42.3803249890206,2277,2277,40.0527009222661,43.5441370223979
EPI_ISL_8268|Human|H1N1|2001.019|NorthAmerica|seasonal,2001.019,-596,42.3803249890206,2277,2277,40.0527009222661,43.5441370223979
EPI_ISL_8608|Human|H1N1|2001.019|NorthAmerica|seasonal,2001.019,-596,42.3803249890206,2277,2277,40.0527009222661,43.5441370223979
EPI_ISL_6364|Human|H1N1|1999|Oceania|seasonal,1999,-598,42.2924901185771,2277,2277,39.6574440052701,43.6100131752306
EPI_ISL_22626|Human|H1N1|1999|Oceania|seasonal,1999,-599.3,42.2924901185771,2277,2277,39.5256916996047,43.6758893280632
EPI_ISL_147184|Human|H1N1|1999|Oceania|,1999,-599.3,42.2924901185771,2277,2277,39.5256916996047,43.6758893280632
EPI_ISL_6424|Human|H1N1|1999|Oceania|seasonal,1999,-594.9,42.2485726833553,2277,2277,39.5256916996047,43.6100131752306
EPI_ISL_123154|Human|H1N1|1999|Asia|,1999,-603.5,42.512077294686,2277,2277,40.4479578392622,43.5441370223979
EPI_ISL_120422|Human|H1N1|1998.071|Asia|,1998.071,-601.2,42.6877470355731,2277,2277,41.1067193675889,43.4782608695652
EPI_ISL_123179|Human|H1N1|1998|Europe|,1998,-593.1,42.512077294686,2277,2277,40.4479578392622,43.5441370223979
EPI_ISL_120421|Human|H1N1|1997.997|Asia|,1997.997,-596,42.4242424242424,2277,2277,40.1844532279315,43.5441370223979
EPI_ISL_120416|Human|H1N1|1997.041|Asia|,1997.041,-599.9,42.5559947299078,2277,2277,40.3162055335968,43.6758893280632
EPI_ISL_120415|Human|H1N1|1997.041|Asia|,1997.041,-596,42.4681598594642,2277,2277,40.3162055335968,43.5441370223979
EPI_ISL_123176|Human|H1N1|1997|Africa|,1997,-587.5,42.5999121651296,2277,2277,40.7114624505929,43.5441370223979
EPI_ISL_22625|Human|H1N1|1995|Asia|seasonal,1995,-592.4,42.3364075537989,2277,2277,39.9209486166008,43.5441370223979
EPI_ISL_6241|Human|H1N1|1996|Asia|seasonal,1996,-604.6,42.6438296003513,2277,2277,40.7114624505929,43.6100131752306
EPI_ISL_5690|Human|H1N1|1996|Asia|seasonal,1996,-595,42.4681598594642,2277,2277,40.4479578392622,43.4782608695652
EPI_ISL_5689|Human|H1N1|1996|Asia|seasonal,1996,-595,42.4681598594642,2277,2277,40.4479578392622,43.4782608695652
EPI_ISL_5685|Human|H1N1|1996|Asia|seasonal,1996,-595,42.4681598594642,2277,2277,40.4479578392622,43.4782608695652
EPI_ISL_6244|Human|H1N1|1996|Asia|seasonal,1996,-595,42.4681598594642,2277,2277,40.4479578392622,43.4782608695652
EPI_ISL_6243|Human|H1N1|1996|Asia|seasonal,1996,-595,42.4681598594642,2277,2277,40.4479578392622,43.4782608695652
EPI_ISL_6220|Human|H1N1|1996|Asia|seasonal,1996,-594.2,42.512077294686,2277,2277,40.5797101449275,43.4782608695652
EPI_ISL_6409|Human|H1N1|1996|Asia|seasonal,1996,-595,42.4681598594642,2277,2277,40.4479578392622,43.4782608695652
EPI_ISL_5688|Human|H1N1|1996|Asia|seasonal,1996,-595,42.4681598594642,2277,2277,40.4479578392622,43.4782608695652
EPI_ISL_6410|Human|H1N1|1996|Asia|seasonal,1996,-595,42.4681598594642,2277,2277,40.4479578392622,43.4782608695652
EPI_ISL_5686|Human|H1N1|1996|Asia|seasonal,1996,-595,42.4681598594642,2277,2277,40.4479578392622,43.4782608695652
EPI_ISL_5687|Human|H1N1|1996|Asia|seasonal,1996,-595,42.4681598594642,2277,2277,40.4479578392622,43.4782608695652
EPI_ISL_6242|Human|H1N1|1996|Asia|seasonal,1996,-595,42.4681598594642,2277,2277,40.4479578392622,43.4782608695652
EPI_ISL_123177|Human|H1N1|1997|Asia|,1997,-600.6,42.6438296003513,2277,2277,40.7114624505929,43.6100131752306
EPI_ISL_120420|Human|H1N1|1997.86|Asia|,1997.86,-590.8,42.2924901185771,2277,2277,39.6574440052701,43.6100131752306
EPI_ISL_120419|Human|H1N1|1997.822|Asia|,1997.822,-595.3,42.4681598594642,2277,2277,40.0527009222661,43.6758893280632
EPI_ISL_120418|Human|H1N1|1997.923|Asia|,1997.923,-595.3,42.4681598594642,2277,2277,40.0527009222661,43.6758893280632
EPI_ISL_5264|Human|H1N1|2000.68|Oceania|seasonal,2000.68,-588.1,42.3803249890206,2277,2277,39.9209486166008,43.6100131752306
EPI_ISL_5229|Human|H1N1|2000.617|Oceania|seasonal,2000.617,-588.1,42.4242424242424,2277,2277,39.9209486166008,43.6758893280632
EPI_ISL_6354|Human|H1N1|2000|Oceania|seasonal,2000,-587.9,42.2924901185771,2277,2277,39.6574440052701,43.6100131752306
EPI_ISL_8181|Human|H1N1|2001.019|NorthAmerica|seasonal,2001.019,-591.3,42.4242424242424,2277,2277,39.7891963109354,43.7417654808959
EPI_ISL_8265|Human|H1N1|2000.962|NorthAmerica|seasonal,2000.962,-592.4,42.2924901185771,2277,2277,39.7891963109354,43.5441370223979
EPI_ISL_8991|Human|H1N1|2001.038|NorthAmerica|seasonal,2001.038,-595,42.2485726833553,2277,2277,39.6574440052701,43.5441370223979
EPI_ISL_8647|Human|H1N1|2001.077|NorthAmerica|seasonal,2001.077,-595,42.2485726833553,2277,2277,39.6574440052701,43.5441370223979
EPI_ISL_8656|Human|H1N1|2001.101|NorthAmerica|seasonal,2001.101,-589.6,42.1607378129117,2277,2277,39.3939393939394,43.5441370223979
EPI_ISL_8998|Human|H1N1|2001.063|NorthAmerica|seasonal,2001.063,-595,42.2046552481335,2277,2277,39.6574440052701,43.4782608695652
EPI_ISL_8657|Human|H1N1|2001.09|NorthAmerica|seasonal,2001.09,-595.1,42.2046552481335,2277,2277,39.5256916996047,43.5441370223979
EPI_ISL_8644|Human|H1N1|2001.06|NorthAmerica|seasonal,2001.06,-595.4,42.2485726833553,2277,2277,39.6574440052701,43.5441370223979
EPI_ISL_6845|Human|H1N1|2001|NorthAmerica|seasonal,2001,-595.8,42.2924901185771,2277,2277,39.7891963109354,43.5441370223979
EPI_ISL_8261|Human|H1N1|2001.156|NorthAmerica|seasonal,2001.156,-595.3,42.184059885513,2271,2271,39.3659180977543,43.5931307793923
EPI_ISL_5256|Human|H1N1|2001.592|Oceania|seasonal,2001.592,-598.5,42.4242424242424,2277,2277,40.0527009222661,43.6100131752306
EPI_ISL_5199|Human|H1N1|2001.425|Oceania|seasonal,2001.425,-590.3,42.2924901185771,2277,2277,39.7891963109354,43.5441370223979
EPI_ISL_8235|Human|H1N1|2001.077|NorthAmerica|seasonal,2001.077,-589.8,42.2721268163804,2271,2271,39.8943196829591,43.4610303830911
EPI_ISL_8649|Human|H1N1|2001.074|NorthAmerica|seasonal,2001.074,-588.4,42.1607378129117,2277,2277,39.6574440052701,43.4123847167325
EPI_ISL_8648|Human|H1N1|2001.066|NorthAmerica|seasonal,2001.066,-588.1,42.184059885513,2271,2271,39.6301188903567,43.4610303830911
EPI_ISL_9053|Human|H1N1|2001.058|NorthAmerica|seasonal,2001.058,-588.1,42.1607378129117,2277,2277,39.6574440052701,43.4123847167325
EPI_ISL_5321|Human|H1N1|2001.06|NorthAmerica|seasonal,2001.06,-592.4,42.2485726833553,2277,2277,39.7891963109354,43.4782608695652
EPI_ISL_6245|Human|H1N1|2000|Oceania|seasonal,2000,-591.3,42.2485726833553,2277,2277,39.3939393939394,43.6758893280632
EPI_ISL_2771|Human|H1N1|2000|Europe|seasonal,2000,-595.8,42.2603342128408,2274,2274,39.7097625329815,43.5356200527704
EPI_ISL_8264|Human|H1N1|2000.964|NorthAmerica|seasonal,2000.964,-593.1,42.2046552481335,2277,2277,39.7891963109354,43.4123847167325
EPI_ISL_8609|Human|H1N1|2001.06|NorthAmerica|seasonal,2001.06,-593.4,42.2046552481335,2277,2277,39.6574440052701,43.4782608695652
EPI_ISL_9041|Human|H1N1|2001.066|NorthAmerica|seasonal,2001.066,-593.4,42.2280933509467,2271,2271,39.6301188903567,43.5270805812417
EPI_ISL_5311|Human|H1N1|2001.466|Oceania|seasonal,2001.466,-595.6,42.3364075537989,2277,2277,39.7891963109354,43.6100131752306
EPI_ISL_5272|Human|H1N1|2001.54|Oceania|seasonal,2001.54,-592.6,42.3364075537989,2277,2277,39.9209486166008,43.5441370223979
EPI_ISL_5234|Human|H1N1|2001.479|Oceania|seasonal,2001.479,-591.6,42.3803249890206,2277,2277,39.9209486166008,43.6100131752306
EPI_ISL_5273|Human|H1N1|2001.54|Oceania|seasonal,2001.54,-591.6,42.3803249890206,2277,2277,39.9209486166008,43.6100131752306
EPI_ISL_5260|Human|H1N1|2001.622|Oceania|seasonal,2001.622,-591.6,42.3803249890206,2277,2277,39.9209486166008,43.6100131752306
EPI_ISL_5246|Human|H1N1|2001.523|Oceania|seasonal,2001.523,-591.3,42.3364075537989,2277,2277,39.7891963109354,43.6100131752306
EPI_ISL_5238|Human|H1N1|2001.499|Oceania|seasonal,2001.499,-589.2,42.3803249890206,2277,2277,39.9209486166008,43.6100131752306
EPI_ISL_5235|Human|H1N1|2001.479|Oceania|seasonal,2001.479,-591,42.3364075537989,2277,2277,39.7891963109354,43.6100131752306
EPI_ISL_5213|Human|H1N1|2001.537|Oceania|seasonal,2001.537,-592.8,42.3161602818142,2271,2271,39.6301188903567,43.6591809775429
EPI_ISL_6783|Human|H1N1|2001.419|Oceania|seasonal,2001.419,-591.6,42.3803249890206,2277,2277,39.9209486166008,43.6100131752306
EPI_ISL_7149|Human|H1N1|2001.556|Oceania|seasonal,2001.556,-591.6,42.3803249890206,2277,2277,39.9209486166008,43.6100131752306
EPI_ISL_5253|Human|H1N1|2001.542|Oceania|seasonal,2001.542,-593.9,42.2485726833553,2277,2277,39.7891963109354,43.4782608695652
EPI_ISL_6338|Human|H1N1|2001.43|Oceania|seasonal,2001.43,-590.1,42.2485726833553,2277,2277,39.7891963109354,43.4782608695652
EPI_ISL_5274|Human|H1N1|2001.542|Oceania|seasonal,2001.542,-588.8,42.3364075537989,2277,2277,39.9209486166008,43.5441370223979
EPI_ISL_5269|Human|H1N1|2001.545|Oceania|seasonal,2001.545,-588.7,42.4242424242424,2277,2277,40.0527009222661,43.6100131752306
EPI_ISL_5248|Human|H1N1|2001.523|Oceania|seasonal,2001.523,-591.5,42.3803249890206,2277,2277,40.0527009222661,43.5441370223979
EPI_ISL_5350|Human|H1N1|2001.622|Oceania|seasonal,2001.622,-593.5,42.4242424242424,2277,2277,40.0527009222661,43.6100131752306
EPI_ISL_5252|Human|H1N1|2001.537|Oceania|seasonal,2001.537,-594.3,42.3364075537989,2277,2277,39.6574440052701,43.6758893280632
EPI_ISL_5257|Human|H1N1|2001.605|Oceania|seasonal,2001.605,-596.7,42.4242424242424,2277,2277,39.7891963109354,43.7417654808959
EPI_ISL_5362|Human|H1N1|2001.427|Oceania|seasonal,2001.427,-593.7,42.2924901185771,2277,2277,39.7891963109354,43.5441370223979
EPI_ISL_5285|Human|H1N1|2001.523|Oceania|seasonal,2001.523,-593.7,42.2485726833553,2277,2277,39.6574440052701,43.5441370223979
EPI_ISL_5268|Human|H1N1|2001.537|Oceania|seasonal,2001.537,-593.7,42.2485726833553,2277,2277,39.6574440052701,43.5441370223979
EPI_ISL_5255|Human|H1N1|2001.592|Oceania|seasonal,2001.592,-592.8,42.2924901185771,2277,2277,39.6574440052701,43.6100131752306
EPI_ISL_5250|Human|H1N1|2001.529|Oceania|seasonal,2001.529,-596.3,42.2485726833553,2277,2277,39.6574440052701,43.5441370223979
EPI_ISL_5244|Human|H1N1|2001.512|Oceania|seasonal,2001.512,-593.7,42.2485726833553,2277,2277,39.6574440052701,43.5441370223979
EPI_ISL_5243|Human|H1N1|2001.521|Oceania|seasonal,2001.521,-593.7,42.2924901185771,2277,2277,39.7891963109354,43.5441370223979
EPI_ISL_5239|Human|H1N1|2001.499|Oceania|seasonal,2001.499,-593.7,42.2485726833553,2277,2277,39.6574440052701,43.5441370223979
EPI_ISL_5236|Human|H1N1|2001.499|Oceania|seasonal,2001.499,-593.7,42.2924901185771,2277,2277,39.7891963109354,43.5441370223979
EPI_ISL_5212|Human|H1N1|2001.504|Oceania|seasonal,2001.504,-592.8,42.3601937472479,2271,2271,39.7622192866579,43.6591809775429
EPI_ISL_5202|Human|H1N1|2001.521|Oceania|seasonal,2001.521,-593.7,42.2485726833553,2277,2277,39.6574440052701,43.5441370223979
EPI_ISL_5410|Human|H1N1|2001.293|Oceania|seasonal,2001.293,-593.7,42.2924901185771,2277,2277,39.7891963109354,43.5441370223979
EPI_ISL_5358|Human|H1N1|2001.405|Oceania|seasonal,2001.405,-593.7,42.2924901185771,2277,2277,39.7891963109354,43.5441370223979
EPI_ISL_5357|Human|H1N1|2001.389|Oceania|seasonal,2001.389,-593.7,42.2924901185771,2277,2277,39.7891963109354,43.5441370223979
EPI_ISL_5356|Human|H1N1|2001.375|Oceania|seasonal,2001.375,-593.7,42.2924901185771,2277,2277,39.7891963109354,43.5441370223979
EPI_ISL_5348|Human|H1N1|2001.499|Oceania|seasonal,2001.499,-593.7,42.2924901185771,2277,2277,39.7891963109354,43.5441370223979
EPI_ISL_5496|Human|H1N1|2001.488|Oceania|seasonal,2001.488,-593.7,42.2924901185771,2277,2277,39.7891963109354,43.5441370223979
EPI_ISL_6899|Human|H1N1|2001.679|Oceania|seasonal,2001.679,-595,42.3364075537989,2277,2277,39.7891963109354,43.6100131752306
EPI_ISL_6882|Human|H1N1|2001.54|Oceania|seasonal,2001.54,-594.8,42.2924901185771,2277,2277,39.7891963109354,43.5441370223979
EPI_ISL_5363|Human|H1N1|2001.46|Oceania|seasonal,2001.46,-593.7,42.2924901185771,2277,2277,39.7891963109354,43.5441370223979
EPI_ISL_5200|Human|H1N1|2001.471|Oceania|seasonal,2001.471,-593.7,42.2924901185771,2277,2277,39.7891963109354,43.5441370223979
EPI_ISL_5361|Human|H1N1|2001.425|Oceania|seasonal,2001.425,-594.7,42.2485726833553,2277,2277,39.6574440052701,43.5441370223979
EPI_ISL_5237|Human|H1N1|2001.488|Oceania|seasonal,2001.488,-593.7,42.2924901185771,2277,2277,39.7891963109354,43.5441370223979
EPI_ISL_5365|Human|H1N1|2001.43|Oceania|seasonal,2001.43,-593.8,42.2485726833553,2277,2277,39.7891963109354,43.4782608695652
EPI_ISL_5214|Human|H1N1|2001.616|Oceania|seasonal,2001.616,-590.5,42.3364075537989,2277,2277,39.7891963109354,43.6100131752306
EPI_ISL_5313|Human|H1N1|2001.521|Oceania|seasonal,2001.521,-591.2,42.2046552481335,2277,2277,39.6574440052701,43.4782608695652
EPI_ISL_5366|Human|H1N1|2001.575|Oceania|seasonal,2001.575,-593.7,42.2924901185771,2277,2277,39.7891963109354,43.5441370223979
EPI_ISL_5360|Human|H1N1|2001.414|Oceania|seasonal,2001.414,-593.7,42.2485726833553,2277,2277,39.6574440052701,43.5441370223979
EPI_ISL_5247|Human|H1N1|2001.523|Oceania|seasonal,2001.523,-593.7,42.2485726833553,2277,2277,39.7891963109354,43.4782608695652
EPI_ISL_5387|Human|H1N1|2001.49|Oceania|seasonal,2001.49,-595.9,42.2924901185771,2277,2277,39.9209486166008,43.4782608695652
EPI_ISL_5242|Human|H1N1|2001.504|Oceania|seasonal,2001.504,-596.6,42.2046552481335,2277,2277,39.6574440052701,43.4782608695652
EPI_ISL_5364|Human|H1N1|2001.433|Oceania|seasonal,2001.433,-590.3,42.3364075537989,2277,2277,39.9209486166008,43.5441370223979
EPI_ISL_6898|Human|H1N1|2001.638|Oceania|seasonal,2001.638,-597.2,42.3803249890206,2277,2277,39.9209486166008,43.6100131752306
EPI_ISL_6851|Human|H1N1|2001.501|Oceania|seasonal,2001.501,-593.1,42.2924901185771,2277,2277,39.6574440052701,43.6100131752306
EPI_ISL_5385|Human|H1N1|2001.468|Oceania|seasonal,2001.468,-593.7,42.3364075537989,2277,2277,39.9209486166008,43.5441370223979
EPI_ISL_30207|Human|H1N1|2002.074|Asia|seasonal,2002.074,-588.5,42.2485726833553,2277,2277,39.6574440052701,43.5441370223979
EPI_ISL_30216|Human|H1N1|2002.005|Asia|seasonal,2002.005,-591.3,42.2924901185771,2277,2277,39.7891963109354,43.5441370223979
EPI_ISL_30217|Human|H1N1|2002.011|Asia|seasonal,2002.011,-590.3,42.3364075537989,2277,2277,39.9209486166008,43.5441370223979
EPI_ISL_87723|Human|H1N1|2002|Asia|,2002,-592.1,42.3364075537989,2277,2277,39.3939393939394,43.8076416337286
EPI_ISL_5411|Human|H1N1|2001.556|Oceania|seasonal,2001.556,-594.5,42.2924901185771,2277,2277,39.7891963109354,43.5441370223979
EPI_ISL_5266|Human|H1N1|2001.501|Oceania|seasonal,2001.501,-593.7,42.2924901185771,2277,2277,39.7891963109354,43.5441370223979
EPI_ISL_5259|Human|H1N1|2001.616|Oceania|seasonal,2001.616,-593.7,42.2924901185771,2277,2277,39.7891963109354,43.5441370223979
EPI_ISL_7148|Human|H1N1|2001.507|Oceania|seasonal,2001.507,-592.2,42.2485726833553,2277,2277,39.7891963109354,43.4782608695652
EPI_ISL_5349|Human|H1N1|2001.54|Oceania|seasonal,2001.54,-596.1,42.3364075537989,2277,2277,39.6574440052701,43.6758893280632
EPI_ISL_123185|Human|H1N1|2001|SouthAmerica|,2001,-596.5,42.2485726833553,2277,2277,39.6574440052701,43.5441370223979
EPI_ISL_5359|Human|H1N1|2001.405|Oceania|seasonal,2001.405,-593.7,42.2924901185771,2277,2277,39.7891963109354,43.5441370223979
EPI_ISL_5271|Human|H1N1|2001.54|Oceania|seasonal,2001.54,-593.7,42.2485726833553,2277,2277,39.6574440052701,43.5441370223979
EPI_ISL_5267|Human|H1N1|2001.504|Oceania|seasonal,2001.504,-595.1,42.3364075537989,2277,2277,39.9209486166008,43.5441370223979
EPI_ISL_5201|Human|H1N1|2001.479|Oceania|seasonal,2001.479,-594.5,42.2485726833553,2277,2277,39.6574440052701,43.5441370223979
EPI_ISL_123187|Human|H1N1|2001|Oceania|,2001,-591.4,42.3364075537989,2277,2277,39.9209486166008,43.5441370223979
EPI_ISL_5258|Human|H1N1|2001.567|Oceania|seasonal,2001.567,-591.3,42.2924901185771,2277,2277,39.7891963109354,43.5441370223979
EPI_ISL_5251|Human|H1N1|2001.548|Oceania|seasonal,2001.548,-590.6,42.2485726833553,2277,2277,39.7891963109354,43.4782608695652
EPI_ISL_5270|Human|H1N1|2001.542|Oceania|seasonal,2001.542,-591.1,42.4242424242424,2277,2277,40.1844532279315,43.5441370223979
EPI_ISL_5275|Human|H1N1|2001.57|Oceania|seasonal,2001.57,-591.4,42.3803249890206,2277,2277,40.0527009222661,43.5441370223979
EPI_ISL_5245|Human|H1N1|2001.518|Oceania|seasonal,2001.518,-593,42.2924901185771,2277,2277,39.7891963109354,43.5441370223979
EPI_ISL_5241|Human|H1N1|2001.507|Oceania|seasonal,2001.507,-591.4,42.3364075537989,2277,2277,39.9209486166008,43.5441370223979
EPI_ISL_5240|Human|H1N1|2001.507|Oceania|seasonal,2001.507,-591.4,42.3364075537989,2277,2277,39.9209486166008,43.5441370223979
EPI_ISL_5211|Human|H1N1|2001.545|Oceania|seasonal,2001.545,-590.5,42.4042272126816,2271,2271,39.8943196829591,43.6591809775429
EPI_ISL_5312|Human|H1N1|2001.488|Oceania|seasonal,2001.488,-597.4,42.3364075537989,2277,2277,39.9209486166008,43.5441370223979
EPI_ISL_8593|Human|H1N1|2001.115|NorthAmerica|seasonal,2001.115,-593.4,42.1607378129117,2277,2277,39.6574440052701,43.4123847167325
EPI_ISL_8610|Human|H1N1|2001.049|NorthAmerica|seasonal,2001.049,-590,42.1168203776899,2277,2277,39.3939393939394,43.4782608695652
EPI_ISL_8990|Human|H1N1|2001.063|NorthAmerica|seasonal,2001.063,-593.4,42.2485726833553,2277,2277,39.6574440052701,43.5441370223979
EPI_ISL_8611|Human|H1N1|2001.058|NorthAmerica|seasonal,2001.058,-593.4,42.2046552481335,2277,2277,39.6574440052701,43.4782608695652
EPI_ISL_8711|Human|H1N1|2001.068|NorthAmerica|seasonal,2001.068,-593.4,42.2046552481335,2277,2277,39.6574440052701,43.4782608695652
EPI_ISL_8968|Human|H1N1|2001.159|NorthAmerica|seasonal,2001.159,-599.7,42.2924901185771,2277,2277,39.7891963109354,43.5441370223979
EPI_ISL_8667|Human|H1N1|2001.14|NorthAmerica|seasonal,2001.14,-596,42.2485726833553,2277,2277,39.7891963109354,43.4782608695652
EPI_ISL_8255|Human|H1N1|2001.14|NorthAmerica|seasonal,2001.14,-600,42.2485726833553,2277,2277,39.6574440052701,43.5441370223979
EPI_ISL_123188|Human|H1N1|2002|Europe|,2002,-591.8,42.2485726833553,2277,2277,39.9209486166008,43.4123847167325
EPI_ISL_123182|Human|H1N1|2000|SouthAmerica|,2000,-592.4,42.3803249890206,2277,2277,39.7891963109354,43.6758893280632
EPI_ISL_6866|Human|H1N1|2001|NorthAmerica|seasonal,2001,-585.7,42.2046552481335,2277,2277,39.6574440052701,43.4782608695652
EPI_ISL_8271|Human|H1N1|2001.03|NorthAmerica|seasonal,2001.03,-591.2,42.4242424242424,2277,2277,39.9209486166008,43.6758893280632
EPI_ISL_8234|Human|H1N1|2001.025|NorthAmerica|seasonal,2001.025,-592.3,42.2924901185771,2277,2277,39.3939393939394,43.7417654808959
EPI_ISL_8665|Human|H1N1|2001.025|NorthAmerica|seasonal,2001.025,-592.3,42.2924901185771,2277,2277,39.3939393939394,43.7417654808959
EPI_ISL_123181|Human|H1N1|2000|Asia|,2000,-591.9,42.4242424242424,2277,2277,39.9209486166008,43.6758893280632
EPI_ISL_6867|Human|H1N1|2001|NorthAmerica|seasonal,2001,-593.7,42.4242424242424,2277,2277,39.7891963109354,43.7417654808959
EPI_ISL_7101|Human|H1N1|2000.68|Oceania|seasonal,2000.68,-589.7,42.4242424242424,2277,2277,40.0527009222661,43.6100131752306
EPI_ISL_503094|Human|H1N1|2000|SouthAmerica|,2000,-598.1,42.3364075537989,2277,2277,39.5256916996047,43.7417654808959
EPI_ISL_503065|Human|H1N1|2000|SouthAmerica|,2000,-596.6,42.2485726833553,2277,2277,39.3939393939394,43.6758893280632
EPI_ISL_123190|Human|H1N1|2002|Asia|,2002,-590,42.1168203776899,2277,2277,39.262187088274,43.5441370223979
EPI_ISL_9058|Human|H1N1|2003.06|NorthAmerica|seasonal,2003.06,-582.6,41.9753086419753,2268,2268,39.1534391534392,43.3862433862434
EPI_ISL_8272|Human|H1N1|2003.159|NorthAmerica|seasonal,2003.159,-583.8,42.1168203776899,2277,2277,39.3939393939394,43.4782608695652
EPI_ISL_8654|Human|H1N1|2003.173|NorthAmerica|seasonal,2003.173,-583.8,42.1168203776899,2277,2277,39.3939393939394,43.4782608695652
EPI_ISL_5099|Human|H1N1|2003.052|NorthAmerica|seasonal,2003.052,-583.8,42.1168203776899,2277,2277,39.3939393939394,43.4782608695652
EPI_ISL_8250|Human|H1N1|2002.984|NorthAmerica|seasonal,2002.984,-583.8,42.1168203776899,2277,2277,39.3939393939394,43.4782608695652
EPI_ISL_9259|Human|H1N1|2003.036|NorthAmerica|seasonal,2003.036,-587.7,42.2046552481335,2277,2277,39.5256916996047,43.5441370223979
EPI_ISL_8270|Human|H1N1|2003.038|NorthAmerica|seasonal,2003.038,-582.4,41.9411506368028,2277,2277,38.7351778656126,43.5441370223979
EPI_ISL_8693|Human|H1N1|2003.055|NorthAmerica|seasonal,2003.055,-583.1,41.9850680720246,2277,2277,38.7351778656126,43.6100131752306
EPI_ISL_8594|Human|H1N1|2003.058|NorthAmerica|seasonal,2003.058,-590.1,42.2046552481335,2277,2277,39.5256916996047,43.5441370223979
EPI_ISL_8655|Human|H1N1|2003.074|NorthAmerica|seasonal,2003.074,-587.1,42.1168203776899,2277,2277,39.3939393939394,43.4782608695652
EPI_ISL_123191|Human|H1N1|2003|Oceania|,2003,-587.5,42.1607378129117,2277,2277,39.6574440052701,43.4123847167325
EPI_ISL_8251|Human|H1N1|2003.227|NorthAmerica|seasonal,2003.227,-588.2,42.2485726833553,2277,2277,39.7891963109354,43.4782608695652
EPI_ISL_6846|Human|H1N1|2003|NorthAmerica|seasonal,2003,-587.6,42.0729029424682,2277,2277,39.262187088274,43.4782608695652
EPI_ISL_8262|Human|H1N1|2003.071|NorthAmerica|seasonal,2003.071,-584,42.0729029424682,2277,2277,39.262187088274,43.4782608695652
EPI_ISL_9027|Human|H1N1|2003.115|NorthAmerica|seasonal,2003.115,-584,42.0729029424682,2277,2277,39.262187088274,43.4782608695652
EPI_ISL_8606|Human|H1N1|2003.216|NorthAmerica|seasonal,2003.216,-581.5,41.9850680720246,2277,2277,39.1304347826087,43.4123847167325
EPI_ISL_8645|Human|H1N1|2003.036|NorthAmerica|seasonal,2003.036,-585.8,41.9850680720246,2277,2277,39.1304347826087,43.4123847167325
EPI_ISL_8695|Human|H1N1|2003.151|NorthAmerica|seasonal,2003.151,-581.9,41.9850680720246,2277,2277,38.9986824769433,43.4782608695652
EPI_ISL_67226|Human|H1N1|2003|NorthAmerica|seasonal,2003,-584.1,42.0289855072464,2277,2277,39.1304347826087,43.4782608695652
EPI_ISL_6370|Human|H1N1|2005|Oceania|seasonal,2005,-585.1,41.9850680720246,2277,2277,38.9986824769433,43.4782608695652
EPI_ISL_6868|Human|H1N1|2005.603|Oceania|seasonal,2005.603,-589.6,42.1168203776899,2277,2277,39.262187088274,43.5441370223979
EPI_ISL_5658|Human|H1N1|2005.715|Oceania|seasonal,2005.715,-583.8,41.8093983311375,2277,2277,38.6034255599473,43.4123847167325
EPI_ISL_5657|Human|H1N1|2005.718|Oceania|seasonal,2005.718,-583.7,41.897233201581,2277,2277,38.7351778656126,43.4782608695652
EPI_ISL_5654|Human|H1N1|2005.699|Oceania|seasonal,2005.699,-586.9,41.9411506368028,2277,2277,38.866930171278,43.4782608695652
EPI_ISL_5653|Human|H1N1|2005.679|Oceania|seasonal,2005.679,-583.7,41.9411506368028,2277,2277,38.7351778656126,43.5441370223979
EPI_ISL_5709|Human|H1N1|2005.685|Oceania|seasonal,2005.685,-585.8,41.897233201581,2277,2277,38.7351778656126,43.4782608695652
EPI_ISL_7055|Human|H1N1|2005|Oceania|seasonal,2005,-586.6,42.0289855072464,2277,2277,39.1304347826087,43.4782608695652
EPI_ISL_5655|Human|H1N1|2005.682|Oceania|seasonal,2005.682,-587.1,42.1168203776899,2277,2277,39.262187088274,43.5441370223979
EPI_ISL_6161|Human|H1N1|2005.759|Oceania|seasonal,2005.759,-581.9,41.897233201581,2277,2277,38.7351778656126,43.4782608695652
EPI_ISL_6368|Human|H1N1|2005|Oceania|seasonal,2005,-592.8,42.0729029424682,2277,2277,39.262187088274,43.4782608695652
EPI_ISL_7154|Human|H1N1|2005.496|Oceania|seasonal,2005.496,-584.5,41.9411506368028,2277,2277,38.866930171278,43.4782608695652
EPI_ISL_6455|Human|H1N1|2006.271|NorthAmerica|seasonal,2006.271,-587.9,42.0289855072464,2277,2277,39.262187088274,43.4123847167325
EPI_ISL_6369|Human|H1N1|2005|Oceania|seasonal,2005,-585.1,41.9411506368028,2277,2277,38.866930171278,43.4782608695652
EPI_ISL_7578|Human|H1N1|2007.142|NorthAmerica|seasonal,2007.142,-585.8,42.0729029424682,2277,2277,39.1304347826087,43.5441370223979
EPI_ISL_7788|Human|H1N1|2007.118|NorthAmerica|seasonal,2007.118,-585.9,42.1168203776899,2277,2277,39.262187088274,43.5441370223979
EPI_ISL_7574|Human|H1N1|2007.137|NorthAmerica|seasonal,2007.137,-583.4,42.2046552481335,2277,2277,39.3939393939394,43.6100131752306
EPI_ISL_7802|Human|H1N1|2007.06|NorthAmerica|seasonal,2007.06,-587.3,42.2485726833553,2277,2277,39.3939393939394,43.6758893280632
EPI_ISL_7562|Human|H1N1|2007.06|NorthAmerica|seasonal,2007.06,-587.5,42.1607378129117,2277,2277,39.262187088274,43.6100131752306
EPI_ISL_7593|Human|H1N1|2007.077|NorthAmerica|seasonal,2007.077,-584.7,42.0729029424682,2277,2277,38.9986824769433,43.6100131752306
EPI_ISL_7761|Human|H1N1|2007.123|NorthAmerica|seasonal,2007.123,-588.8,42.2046552481335,2277,2277,39.3939393939394,43.6100131752306
EPI_ISL_7903|Human|H1N1|2007.134|NorthAmerica|seasonal,2007.134,-581.8,41.9850680720246,2277,2277,38.9986824769433,43.4782608695652
EPI_ISL_7945|Human|H1N1|2007.082|NorthAmerica|seasonal,2007.082,-586.5,42.2046552481335,2277,2277,39.6574440052701,43.4782608695652
EPI_ISL_7771|Human|H1N1|2007.123|NorthAmerica|seasonal,2007.123,-582.4,41.9850680720246,2277,2277,38.9986824769433,43.4782608695652
EPI_ISL_7764|Human|H1N1|2007.099|NorthAmerica|seasonal,2007.099,-582.6,41.9850680720246,2277,2277,38.9986824769433,43.4782608695652
EPI_ISL_7648|Human|H1N1|2007.099|NorthAmerica|seasonal,2007.099,-582.6,41.9850680720246,2277,2277,38.9986824769433,43.4782608695652
EPI_ISL_8044|Human|H1N1|2007.153|NorthAmerica|seasonal,2007.153,-590,42.0729029424682,2277,2277,39.262187088274,43.4782608695652
EPI_ISL_84454|Human|H1N1|2007.115|Europe|,2007.115,-586.5,41.9850680720246,2277,2277,39.1304347826087,43.4123847167325
EPI_ISL_7804|Human|H1N1|2007.121|NorthAmerica|seasonal,2007.121,-591.7,42.1168203776899,2277,2277,39.6574440052701,43.3465085638999
EPI_ISL_7907|Human|H1N1|2007.178|NorthAmerica|seasonal,2007.178,-591,42.2046552481335,2277,2277,39.6574440052701,43.4782608695652
EPI_ISL_7891|Human|H1N1|2007.173|NorthAmerica|seasonal,2007.173,-591.7,42.1607378129117,2277,2277,39.5256916996047,43.4782608695652
EPI_ISL_8005|Human|H1N1|2007.096|NorthAmerica|seasonal,2007.096,-590.2,42.1168203776899,2277,2277,39.3939393939394,43.4782608695652
EPI_ISL_7591|Human|H1N1|2007.047|NorthAmerica|seasonal,2007.047,-591,42.0729029424682,2277,2277,39.3939393939394,43.4123847167325
EPI_ISL_7889|Human|H1N1|2007.184|NorthAmerica|seasonal,2007.184,-590.9,42.1168203776899,2277,2277,39.3939393939394,43.4782608695652
EPI_ISL_7880|Human|H1N1|2007.099|NorthAmerica|seasonal,2007.099,-588.5,42.0729029424682,2277,2277,39.3939393939394,43.4123847167325
EPI_ISL_7921|Human|H1N1|2007.145|NorthAmerica|seasonal,2007.145,-593.4,42.1607378129117,2277,2277,39.5256916996047,43.4782608695652
EPI_ISL_7958|Human|H1N1|2007.079|NorthAmerica|seasonal,2007.079,-588.5,42.0289855072464,2277,2277,39.262187088274,43.4123847167325
EPI_ISL_7557|Human|H1N1|2006.989|NorthAmerica|seasonal,2006.989,-590.2,42.1607378129117,2277,2277,39.3939393939394,43.5441370223979
EPI_ISL_7893|Human|H1N1|2007.077|NorthAmerica|seasonal,2007.077,-588.5,42.0729029424682,2277,2277,39.262187088274,43.4782608695652
EPI_ISL_7766|Human|H1N1|2007.178|NorthAmerica|seasonal,2007.178,-588.9,42.2046552481335,2277,2277,39.6574440052701,43.4782608695652
EPI_ISL_7612|Human|H1N1|2007.181|NorthAmerica|seasonal,2007.181,-588.9,42.2046552481335,2277,2277,39.6574440052701,43.4782608695652
EPI_ISL_7860|Human|H1N1|2007.096|NorthAmerica|seasonal,2007.096,-589.9,42.1607378129117,2277,2277,39.5256916996047,43.4782608695652
EPI_ISL_8006|Human|H1N1|2007.099|NorthAmerica|seasonal,2007.099,-589.9,42.1607378129117,2277,2277,39.5256916996047,43.4782608695652
EPI_ISL_7947|Human|H1N1|2007.156|NorthAmerica|seasonal,2007.156,-589.9,42.1607378129117,2277,2277,39.5256916996047,43.4782608695652
EPI_ISL_7909|Human|H1N1|2007.153|NorthAmerica|seasonal,2007.153,-588.9,42.2046552481335,2277,2277,39.6574440052701,43.4782608695652
EPI_ISL_7646|Human|H1N1|2007.178|NorthAmerica|seasonal,2007.178,-589.9,42.1607378129117,2277,2277,39.5256916996047,43.4782608695652
EPI_ISL_7968|Human|H1N1|2007.079|NorthAmerica|seasonal,2007.079,-586.5,42.2046552481335,2277,2277,39.5256916996047,43.5441370223979
EPI_ISL_8084|Human|H1N1|2007.137|NorthAmerica|seasonal,2007.137,-584.4,42.0729029424682,2277,2277,39.5256916996047,43.3465085638999
EPI_ISL_7782|Human|H1N1|2007.107|NorthAmerica|seasonal,2007.107,-586.5,42.1607378129117,2277,2277,39.5256916996047,43.4782608695652
EPI_ISL_7576|Human|H1N1|2007.153|NorthAmerica|seasonal,2007.153,-584.4,42.1607378129117,2277,2277,39.6574440052701,43.4123847167325
EPI_ISL_7565|Human|H1N1|2007.142|NorthAmerica|seasonal,2007.142,-587.3,42.2046552481335,2277,2277,39.7891963109354,43.4123847167325
EPI_ISL_7915|Human|H1N1|2007.118|NorthAmerica|seasonal,2007.118,-596.3,42.1607378129117,2277,2277,39.262187088274,43.6100131752306
EPI_ISL_7818|Human|H1N1|2007.118|NorthAmerica|seasonal,2007.118,-587.9,41.9850680720246,2277,2277,38.9986824769433,43.4782608695652
EPI_ISL_7897|Human|H1N1|2007.079|NorthAmerica|seasonal,2007.079,-589.4,42.0729029424682,2277,2277,39.262187088274,43.4782608695652
EPI_ISL_7859|Human|H1N1|2007.077|NorthAmerica|seasonal,2007.077,-589,42.0289855072464,2277,2277,39.1304347826087,43.4782608695652
EPI_ISL_7996|Human|H1N1|2007.077|NorthAmerica|seasonal,2007.077,-589.4,42.0289855072464,2277,2277,39.1304347826087,43.4782608695652
EPI_ISL_7965|Human|H1N1|2007.066|NorthAmerica|seasonal,2007.066,-589.4,42.0289855072464,2277,2277,39.1304347826087,43.4782608695652
EPI_ISL_7917|Human|H1N1|2007.077|NorthAmerica|seasonal,2007.077,-589.4,42.0289855072464,2277,2277,39.1304347826087,43.4782608695652
EPI_ISL_8039|Human|H1N1|2007.104|NorthAmerica|seasonal,2007.104,-589.4,42.0729029424682,2277,2277,39.262187088274,43.4782608695652
EPI_ISL_7950|Human|H1N1|2007.082|NorthAmerica|seasonal,2007.082,-591.8,41.9850680720246,2277,2277,38.9986824769433,43.4782608695652
EPI_ISL_7912|Human|H1N1|2007.085|NorthAmerica|seasonal,2007.085,-589.4,42.0729029424682,2277,2277,39.262187088274,43.4782608695652
EPI_ISL_7923|Human|H1N1|2007.079|NorthAmerica|seasonal,2007.079,-589.4,42.0729029424682,2277,2277,39.262187088274,43.4782608695652
EPI_ISL_7874|Human|H1N1|2007.085|NorthAmerica|seasonal,2007.085,-589.4,42.0729029424682,2277,2277,39.262187088274,43.4782608695652
EPI_ISL_7603|Human|H1N1|2007.153|NorthAmerica|seasonal,2007.153,-592.8,42.1168203776899,2277,2277,39.3939393939394,43.4782608695652
EPI_ISL_8037|Human|H1N1|2007.145|NorthAmerica|seasonal,2007.145,-592.8,42.1168203776899,2277,2277,39.3939393939394,43.4782608695652
EPI_ISL_7602|Human|H1N1|2007.175|NorthAmerica|seasonal,2007.175,-587.3,41.9411506368028,2277,2277,38.866930171278,43.4782608695652
EPI_ISL_7765|Human|H1N1|2007.03|NorthAmerica|seasonal,2007.03,-590,42.0729029424682,2277,2277,39.3939393939394,43.4123847167325
EPI_ISL_30819|Human|H1N1|2007.153|NorthAmerica|seasonal,2007.153,-583,41.8533157663592,2277,2277,38.6034255599473,43.4782608695652
EPI_ISL_7584|Human|H1N1|2007.134|NorthAmerica|seasonal,2007.134,-594,42.1607378129117,2277,2277,39.5256916996047,43.4782608695652
EPI_ISL_7837|Human|H1N1|2007.162|NorthAmerica|seasonal,2007.162,-595.9,42.1168203776899,2277,2277,39.3939393939394,43.4782608695652
EPI_ISL_7892|Human|H1N1|2007.079|NorthAmerica|seasonal,2007.079,-588.9,42.0289855072464,2277,2277,39.1304347826087,43.4782608695652
EPI_ISL_7980|Human|H1N1|2007.121|NorthAmerica|seasonal,2007.121,-587.5,41.9850680720246,2277,2277,38.9986824769433,43.4782608695652
EPI_ISL_7951|Human|H1N1|2007.178|NorthAmerica|seasonal,2007.178,-587.4,41.9850680720246,2277,2277,38.9986824769433,43.4782608695652
EPI_ISL_7851|Human|H1N1|2007.118|NorthAmerica|seasonal,2007.118,-590.7,42.0729029424682,2277,2277,39.1304347826087,43.5441370223979
EPI_ISL_7845|Human|H1N1|2007.077|NorthAmerica|seasonal,2007.077,-587.5,41.9850680720246,2277,2277,39.1304347826087,43.4123847167325
EPI_ISL_7881|Human|H1N1|2006.962|NorthAmerica|seasonal,2006.962,-588.9,42.0289855072464,2277,2277,39.1304347826087,43.4782608695652
EPI_ISL_7960|Human|H1N1|2007.134|NorthAmerica|seasonal,2007.134,-585,41.8093983311375,2277,2277,38.6034255599473,43.4123847167325
EPI_ISL_7916|Human|H1N1|2007.115|NorthAmerica|seasonal,2007.115,-582.2,41.8533157663592,2277,2277,38.7351778656126,43.4123847167325
EPI_ISL_7760|Human|H1N1|2007.104|NorthAmerica|seasonal,2007.104,-586.5,41.897233201581,2277,2277,38.866930171278,43.4123847167325
EPI_ISL_7814|Human|H1N1|2007.14|NorthAmerica|seasonal,2007.14,-586.6,41.8533157663592,2277,2277,38.7351778656126,43.4123847167325
EPI_ISL_7946|Human|H1N1|2007.068|NorthAmerica|seasonal,2007.068,-585,41.8093983311375,2277,2277,38.6034255599473,43.4123847167325
EPI_ISL_7908|Human|H1N1|2007.077|NorthAmerica|seasonal,2007.077,-584.8,41.897233201581,2277,2277,38.7351778656126,43.4782608695652
EPI_ISL_7906|Human|H1N1|2007.115|NorthAmerica|seasonal,2007.115,-585.3,41.8533157663592,2277,2277,38.7351778656126,43.4123847167325
EPI_ISL_19103|Human|H1N1|2007.079|NorthAmerica|seasonal,2007.079,-585.4,41.8533157663592,2277,2277,38.7351778656126,43.4123847167325
EPI_ISL_7944|Human|H1N1|2007.181|NorthAmerica|seasonal,2007.181,-585.4,41.8533157663592,2277,2277,38.7351778656126,43.4123847167325
EPI_ISL_7823|Human|H1N1|2007.041|NorthAmerica|seasonal,2007.041,-585,41.7654808959157,2277,2277,38.6034255599473,43.3465085638999
EPI_ISL_8031|Human|H1N1|2007.099|NorthAmerica|seasonal,2007.099,-584.4,41.8093983311375,2277,2277,38.6034255599473,43.4123847167325
EPI_ISL_7869|Human|H1N1|2007.088|NorthAmerica|seasonal,2007.088,-578.2,41.7654808959157,2277,2277,38.6034255599473,43.3465085638999
EPI_ISL_7847|Human|H1N1|2007.079|NorthAmerica|seasonal,2007.079,-579.3,41.7215634606939,2277,2277,38.471673254282,43.3465085638999
EPI_ISL_7846|Human|H1N1|2007.082|NorthAmerica|seasonal,2007.082,-578.2,41.7654808959157,2277,2277,38.6034255599473,43.3465085638999
EPI_ISL_7993|Human|H1N1|2007.145|NorthAmerica|seasonal,2007.145,-577.1,41.7398945518453,2276,2277,38.6034255599473,43.3091628213579
EPI_ISL_8008|Human|H1N1|2007.118|NorthAmerica|seasonal,2007.118,-578.2,41.7654808959157,2277,2277,38.6034255599473,43.3465085638999
EPI_ISL_8001|Human|H1N1|2007.066|NorthAmerica|seasonal,2007.066,-583.3,41.6337285902503,2277,2277,38.3399209486166,43.2806324110672
EPI_ISL_7977|Human|H1N1|2007.118|NorthAmerica|seasonal,2007.118,-586.1,41.7215634606939,2277,2277,38.471673254282,43.3465085638999
EPI_ISL_19102|Human|H1N1|2007.077|NorthAmerica|seasonal,2007.077,-585,41.8093983311375,2277,2277,38.7351778656126,43.3465085638999
EPI_ISL_8023|Human|H1N1|2007.041|NorthAmerica|seasonal,2007.041,-582.1,41.7215634606939,2277,2277,38.471673254282,43.3465085638999
EPI_ISL_7964|Human|H1N1|2007.041|NorthAmerica|seasonal,2007.041,-582.1,41.7215634606939,2277,2277,38.471673254282,43.3465085638999
EPI_ISL_7986|Human|H1N1|2007.153|NorthAmerica|seasonal,2007.153,-582.6,41.8093983311375,2277,2277,38.7351778656126,43.3465085638999
EPI_ISL_7613|Human|H1N1|2007.115|NorthAmerica|seasonal,2007.115,-583.2,41.8533157663592,2277,2277,38.866930171278,43.3465085638999
EPI_ISL_7594|Human|H1N1|2007.159|NorthAmerica|seasonal,2007.159,-582.7,41.7654808959157,2277,2277,38.471673254282,43.4123847167325
EPI_ISL_7649|Human|H1N1|2007.085|NorthAmerica|seasonal,2007.085,-585,41.8093983311375,2277,2277,38.6034255599473,43.4123847167325
EPI_ISL_7767|Human|H1N1|2007.173|NorthAmerica|seasonal,2007.173,-586.1,41.897233201581,2277,2277,38.7351778656126,43.4782608695652
EPI_ISL_7961|Human|H1N1|2007.107|NorthAmerica|seasonal,2007.107,-583.4,41.8093983311375,2277,2277,38.6034255599473,43.4123847167325
EPI_ISL_8030|Human|H1N1|2007.077|NorthAmerica|seasonal,2007.077,-583.4,41.8093983311375,2277,2277,38.6034255599473,43.4123847167325
EPI_ISL_7570|Human|H1N1|2007.14|NorthAmerica|seasonal,2007.14,-586.7,41.8093983311375,2277,2277,38.6034255599473,43.4123847167325
EPI_ISL_7600|Human|H1N1|2007.115|NorthAmerica|seasonal,2007.115,-586.2,41.897233201581,2277,2277,38.7351778656126,43.4782608695652
EPI_ISL_7559|Human|H1N1|2007.011|NorthAmerica|seasonal,2007.011,-585.2,41.897233201581,2277,2277,38.7351778656126,43.4782608695652
EPI_ISL_7560|Human|H1N1|2007.008|NorthAmerica|seasonal,2007.008,-582.7,41.7215634606939,2277,2277,38.6034255599473,43.2806324110672
EPI_ISL_7630|Human|H1N1|2007.058|NorthAmerica|seasonal,2007.058,-582.7,41.6776460254721,2277,2277,38.3399209486166,43.3465085638999
EPI_ISL_7862|Human|H1N1|2007.134|NorthAmerica|seasonal,2007.134,-585.7,41.9850680720246,2277,2277,39.262187088274,43.3465085638999
EPI_ISL_7941|Human|H1N1|2007.195|NorthAmerica|seasonal,2007.195,-580.5,41.8093983311375,2277,2277,38.7351778656126,43.3465085638999
EPI_ISL_8035|Human|H1N1|2007.134|NorthAmerica|seasonal,2007.134,-585.7,41.9850680720246,2277,2277,39.262187088274,43.3465085638999
EPI_ISL_7779|Human|H1N1|2007.175|NorthAmerica|seasonal,2007.175,-583.3,41.8093983311375,2277,2277,38.6034255599473,43.4123847167325
EPI_ISL_7580|Human|H1N1|2007.101|NorthAmerica|seasonal,2007.101,-585.1,41.9411506368028,2277,2277,38.7351778656126,43.5441370223979
EPI_ISL_7898|Human|H1N1|2007.14|NorthAmerica|seasonal,2007.14,-581.2,41.8093983311375,2277,2277,38.6034255599473,43.4123847167325
EPI_ISL_7601|Human|H1N1|2007.088|NorthAmerica|seasonal,2007.088,-583.7,41.8533157663592,2277,2277,38.6034255599473,43.4782608695652
EPI_ISL_7972|Human|H1N1|2006.989|NorthAmerica|seasonal,2006.989,-583.7,41.8533157663592,2277,2277,38.6034255599473,43.4782608695652
EPI_ISL_8079|Human|H1N1|2007.159|NorthAmerica|seasonal,2007.159,-583.2,41.8533157663592,2277,2277,38.6034255599473,43.4782608695652
EPI_ISL_7777|Human|H1N1|2007.137|NorthAmerica|seasonal,2007.137,-580,41.7654808959157,2277,2277,38.471673254282,43.4123847167325
EPI_ISL_28863|Human|H1N1|2007.153|NorthAmerica|seasonal,2007.153,-584.3,41.8533157663592,2277,2277,38.7351778656126,43.4123847167325
EPI_ISL_7607|Human|H1N1|2007.068|NorthAmerica|seasonal,2007.068,-584.3,41.8533157663592,2277,2277,38.7351778656126,43.4123847167325
EPI_ISL_7606|Human|H1N1|2007.085|NorthAmerica|seasonal,2007.085,-584.5,41.8093983311375,2277,2277,38.6034255599473,43.4123847167325
EPI_ISL_7598|Human|H1N1|2007.082|NorthAmerica|seasonal,2007.082,-584.3,41.8533157663592,2277,2277,38.7351778656126,43.4123847167325
EPI_ISL_7632|Human|H1N1|2007.079|NorthAmerica|seasonal,2007.079,-584.3,41.8533157663592,2277,2277,38.7351778656126,43.4123847167325
EPI_ISL_7571|Human|H1N1|2007.115|NorthAmerica|seasonal,2007.115,-582.4,41.8093983311375,2277,2277,38.6034255599473,43.4123847167325
EPI_ISL_7870|Human|H1N1|2007.088|NorthAmerica|seasonal,2007.088,-585.7,41.8533157663592,2277,2277,38.866930171278,43.3465085638999
EPI_ISL_7840|Human|H1N1|2007.126|NorthAmerica|seasonal,2007.126,-584.3,41.8533157663592,2277,2277,38.7351778656126,43.4123847167325
EPI_ISL_7835|Human|H1N1|2007.118|NorthAmerica|seasonal,2007.118,-583.4,41.8533157663592,2277,2277,38.7351778656126,43.4123847167325
EPI_ISL_7801|Human|H1N1|2007.068|NorthAmerica|seasonal,2007.068,-584.1,41.7654808959157,2277,2277,38.6034255599473,43.3465085638999
EPI_ISL_7914|Human|H1N1|2007.175|NorthAmerica|seasonal,2007.175,-582,41.8533157663592,2277,2277,38.866930171278,43.3465085638999
EPI_ISL_7905|Human|H1N1|2007.137|NorthAmerica|seasonal,2007.137,-582.5,41.8093983311375,2277,2277,38.7351778656126,43.3465085638999
EPI_ISL_28891|Human|H1N1|2007.14|NorthAmerica|seasonal,2007.14,-580.1,41.7654808959157,2277,2277,38.471673254282,43.4123847167325
EPI_ISL_7808|Human|H1N1|2007.145|NorthAmerica|seasonal,2007.145,-583.2,41.8093983311375,2277,2277,38.6034255599473,43.4123847167325
EPI_ISL_7852|Human|H1N1|2007.14|NorthAmerica|seasonal,2007.14,-580.5,41.7654808959157,2277,2277,38.471673254282,43.4123847167325
EPI_ISL_7626|Human|H1N1|2007.14|NorthAmerica|seasonal,2007.14,-581.8,41.7654808959157,2277,2277,38.471673254282,43.4123847167325
EPI_ISL_7596|Human|H1N1|2007.137|NorthAmerica|seasonal,2007.137,-581.9,41.8093983311375,2277,2277,38.6034255599473,43.4123847167325
EPI_ISL_7828|Human|H1N1|2007.153|NorthAmerica|seasonal,2007.153,-581.8,41.7654808959157,2277,2277,38.471673254282,43.4123847167325
EPI_ISL_7778|Human|H1N1|2007.137|NorthAmerica|seasonal,2007.137,-581.9,41.8093983311375,2277,2277,38.6034255599473,43.4123847167325
EPI_ISL_28864|Human|H1N1|2007.118|NorthAmerica|seasonal,2007.118,-581.9,41.8093983311375,2277,2277,38.6034255599473,43.4123847167325
EPI_ISL_7615|Human|H1N1|2007.137|NorthAmerica|seasonal,2007.137,-584.4,41.8533157663592,2277,2277,38.6034255599473,43.4782608695652
EPI_ISL_30818|Human|H1N1|2007.126|NorthAmerica|seasonal,2007.126,-584.4,41.8533157663592,2277,2277,38.6034255599473,43.4782608695652
EPI_ISL_8013|Human|H1N1|2007.058|NorthAmerica|seasonal,2007.058,-591.2,42.0289855072464,2277,2277,38.866930171278,43.6100131752306
EPI_ISL_7886|Human|H1N1|2007.162|NorthAmerica|seasonal,2007.162,-576.9,41.8093983311375,2277,2277,38.471673254282,43.4782608695652
EPI_ISL_7995|Human|H1N1|2007.115|NorthAmerica|seasonal,2007.115,-580.2,41.8093983311375,2277,2277,38.471673254282,43.4782608695652
EPI_ISL_7833|Human|H1N1|2007.126|NorthAmerica|seasonal,2007.126,-586.4,41.6337285902503,2277,2277,38.0764163372859,43.4123847167325
EPI_ISL_7854|Human|H1N1|2007.118|NorthAmerica|seasonal,2007.118,-581.5,41.7654808959157,2277,2277,38.6034255599473,43.3465085638999
EPI_ISL_16409|Human|H1N1|2007.107|NorthAmerica|seasonal,2007.107,-578,41.6776460254721,2277,2277,38.6034255599473,43.2147562582345
EPI_ISL_7987|Human|H1N1|2007.077|NorthAmerica|seasonal,2007.077,-578.8,41.7215634606939,2277,2277,38.6034255599473,43.2806324110672
EPI_ISL_8007|Human|H1N1|2007.137|NorthAmerica|seasonal,2007.137,-580.5,41.7654808959157,2277,2277,38.6034255599473,43.3465085638999
EPI_ISL_7984|Human|H1N1|2007.118|NorthAmerica|seasonal,2007.118,-580.5,41.7654808959157,2277,2277,38.6034255599473,43.3465085638999
EPI_ISL_7970|Human|H1N1|2007.137|NorthAmerica|seasonal,2007.137,-580.5,41.7654808959157,2277,2277,38.6034255599473,43.3465085638999
EPI_ISL_7943|Human|H1N1|2007.121|NorthAmerica|seasonal,2007.121,-580.5,41.7654808959157,2277,2277,38.6034255599473,43.3465085638999
EPI_ISL_7787|Human|H1N1|2007.195|NorthAmerica|seasonal,2007.195,-584,41.7215634606939,2277,2277,38.471673254282,43.3465085638999
EPI_ISL_7896|Human|H1N1|2007.115|NorthAmerica|seasonal,2007.115,-580.5,41.8093983311375,2277,2277,38.471673254282,43.4782608695652
EPI_ISL_8002|Human|H1N1|2007.173|NorthAmerica|seasonal,2007.173,-584.7,41.9411506368028,2277,2277,38.9986824769433,43.4123847167325
EPI_ISL_7785|Human|H1N1|2007.06|NorthAmerica|seasonal,2007.06,-584.1,41.8533157663592,2277,2277,38.7351778656126,43.4123847167325
EPI_ISL_7579|Human|H1N1|2007.101|NorthAmerica|seasonal,2007.101,-583,41.7654808959157,2277,2277,38.6034255599473,43.3465085638999
EPI_ISL_7817|Human|H1N1|2007.123|NorthAmerica|seasonal,2007.123,-583,41.7654808959157,2277,2277,38.6034255599473,43.3465085638999
EPI_ISL_7783|Human|H1N1|2007.099|NorthAmerica|seasonal,2007.099,-583,41.7654808959157,2277,2277,38.6034255599473,43.3465085638999
EPI_ISL_7781|Human|H1N1|2007.118|NorthAmerica|seasonal,2007.118,-583,41.7654808959157,2277,2277,38.6034255599473,43.3465085638999
EPI_ISL_7566|Human|H1N1|2007.14|NorthAmerica|seasonal,2007.14,-583,41.7654808959157,2277,2277,38.6034255599473,43.3465085638999
EPI_ISL_7932|Human|H1N1|2007.101|NorthAmerica|seasonal,2007.101,-583,41.7654808959157,2277,2277,38.6034255599473,43.3465085638999
EPI_ISL_7599|Human|H1N1|2007.156|NorthAmerica|seasonal,2007.156,-583,41.7654808959157,2277,2277,38.6034255599473,43.3465085638999
EPI_ISL_7885|Human|H1N1|2007.099|NorthAmerica|seasonal,2007.099,-583.8,41.7215634606939,2277,2277,38.6034255599473,43.2806324110672
EPI_ISL_7842|Human|H1N1|2007.085|NorthAmerica|seasonal,2007.085,-586.5,41.8093983311375,2277,2277,38.6034255599473,43.4123847167325
EPI_ISL_7763|Human|H1N1|2007.096|NorthAmerica|seasonal,2007.096,-584.3,41.7215634606939,2277,2277,38.3399209486166,43.4123847167325
EPI_ISL_7568|Human|H1N1|2007.068|NorthAmerica|seasonal,2007.068,-585.3,41.7654808959157,2277,2277,38.471673254282,43.4123847167325
EPI_ISL_28890|Human|H1N1|2007.164|NorthAmerica|seasonal,2007.164,-586.2,41.7215634606939,2277,2277,38.471673254282,43.3465085638999
EPI_ISL_7963|Human|H1N1|2007.041|NorthAmerica|seasonal,2007.041,-585.3,41.7654808959157,2277,2277,38.471673254282,43.4123847167325
EPI_ISL_7871|Human|H1N1|2007.153|NorthAmerica|seasonal,2007.153,-582.2,41.7654808959157,2277,2277,38.471673254282,43.4123847167325
EPI_ISL_7587|Human|H1N1|2007.079|NorthAmerica|seasonal,2007.079,-585.3,41.7654808959157,2277,2277,38.471673254282,43.4123847167325
EPI_ISL_19107|Human|H1N1|2007.192|NorthAmerica|seasonal,2007.192,-587.6,41.7654808959157,2277,2277,38.471673254282,43.4123847167325
EPI_ISL_7890|Human|H1N1|2007.03|NorthAmerica|seasonal,2007.03,-583.8,41.6776460254721,2277,2277,38.471673254282,43.2806324110672
EPI_ISL_7644|Human|H1N1|2007.041|NorthAmerica|seasonal,2007.041,-584.2,41.7215634606939,2277,2277,38.471673254282,43.3465085638999
EPI_ISL_7616|Human|H1N1|2007.047|NorthAmerica|seasonal,2007.047,-584.2,41.7215634606939,2277,2277,38.471673254282,43.3465085638999
EPI_ISL_7830|Human|H1N1|2007.058|NorthAmerica|seasonal,2007.058,-585.3,41.7654808959157,2277,2277,38.471673254282,43.4123847167325
EPI_ISL_7597|Human|H1N1|2007.178|NorthAmerica|seasonal,2007.178,-585.3,41.7654808959157,2277,2277,38.471673254282,43.4123847167325
EPI_ISL_7877|Human|H1N1|2007.088|NorthAmerica|seasonal,2007.088,-585.3,41.8093983311375,2277,2277,38.6034255599473,43.4123847167325
EPI_ISL_7884|Human|H1N1|2007.066|NorthAmerica|seasonal,2007.066,-585.6,41.7215634606939,2277,2277,38.471673254282,43.3465085638999
EPI_ISL_7844|Human|H1N1|2007.134|NorthAmerica|seasonal,2007.134,-585.4,41.8093983311375,2277,2277,38.6034255599473,43.4123847167325
EPI_ISL_15340|Human|H1N1|2007.115|NorthAmerica|seasonal,2007.115,-585.6,41.7215634606939,2277,2277,38.471673254282,43.3465085638999
EPI_ISL_7810|Human|H1N1|2007.079|NorthAmerica|seasonal,2007.079,-585.5,41.8093983311375,2277,2277,38.6034255599473,43.4123847167325
EPI_ISL_7654|Human|H1N1|2007.077|NorthAmerica|seasonal,2007.077,-586.4,41.7654808959157,2277,2277,38.471673254282,43.4123847167325
EPI_ISL_7918|Human|H1N1|2007.079|NorthAmerica|seasonal,2007.079,-585.3,41.8093983311375,2277,2277,38.6034255599473,43.4123847167325
EPI_ISL_7650|Human|H1N1|2007.126|NorthAmerica|seasonal,2007.126,-585.3,41.8093983311375,2277,2277,38.6034255599473,43.4123847167325
EPI_ISL_7655|Human|H1N1|2007.079|NorthAmerica|seasonal,2007.079,-585.3,41.8093983311375,2277,2277,38.6034255599473,43.4123847167325
EPI_ISL_7863|Human|H1N1|2007.159|NorthAmerica|seasonal,2007.159,-585.3,41.8093983311375,2277,2277,38.6034255599473,43.4123847167325
EPI_ISL_8003|Human|H1N1|2007.134|NorthAmerica|seasonal,2007.134,-585.1,41.7654808959157,2277,2277,38.471673254282,43.4123847167325
EPI_ISL_7981|Human|H1N1|2007.195|NorthAmerica|seasonal,2007.195,-587.3,41.897233201581,2277,2277,38.7351778656126,43.4782608695652
EPI_ISL_7913|Human|H1N1|2007.096|NorthAmerica|seasonal,2007.096,-585.3,41.8093983311375,2277,2277,38.6034255599473,43.4123847167325
EPI_ISL_7895|Human|H1N1|2007.173|NorthAmerica|seasonal,2007.173,-587.3,41.897233201581,2277,2277,38.7351778656126,43.4782608695652
EPI_ISL_7643|Human|H1N1|2007.063|NorthAmerica|seasonal,2007.063,-585.3,41.7654808959157,2277,2277,38.471673254282,43.4123847167325
EPI_ISL_7627|Human|H1N1|2007.038|NorthAmerica|seasonal,2007.038,-585.3,41.7654808959157,2277,2277,38.471673254282,43.4123847167325
EPI_ISL_7608|Human|H1N1|2007.096|NorthAmerica|seasonal,2007.096,-585.3,41.7654808959157,2277,2277,38.471673254282,43.4123847167325
EPI_ISL_7586|Human|H1N1|2007.06|NorthAmerica|seasonal,2007.06,-584.6,41.8093983311375,2277,2277,38.471673254282,43.4782608695652
EPI_ISL_7558|Human|H1N1|2006.962|NorthAmerica|seasonal,2006.962,-585.3,41.7215634606939,2277,2277,38.3399209486166,43.4123847167325
EPI_ISL_7857|Human|H1N1|2007.077|NorthAmerica|seasonal,2007.077,-585.3,41.7215634606939,2277,2277,38.3399209486166,43.4123847167325
EPI_ISL_7856|Human|H1N1|2007.173|NorthAmerica|seasonal,2007.173,-585.1,41.8093983311375,2277,2277,38.3399209486166,43.5441370223979
EPI_ISL_7839|Human|H1N1|2007.063|NorthAmerica|seasonal,2007.063,-585.3,41.7654808959157,2277,2277,38.471673254282,43.4123847167325
EPI_ISL_7838|Human|H1N1|2007.06|NorthAmerica|seasonal,2007.06,-585.3,41.7654808959157,2277,2277,38.471673254282,43.4123847167325
EPI_ISL_7819|Human|H1N1|2007.03|NorthAmerica|seasonal,2007.03,-587.9,41.7654808959157,2277,2277,38.3399209486166,43.4782608695652
EPI_ISL_8012|Human|H1N1|2006.929|NorthAmerica|seasonal,2006.929,-585.9,41.7654808959157,2277,2277,38.471673254282,43.4123847167325
EPI_ISL_7911|Human|H1N1|2007.107|NorthAmerica|seasonal,2007.107,-586,41.7654808959157,2277,2277,38.3399209486166,43.4782608695652
EPI_ISL_7904|Human|H1N1|2007.104|NorthAmerica|seasonal,2007.104,-585.3,41.7654808959157,2277,2277,38.471673254282,43.4123847167325
EPI_ISL_16411|Human|H1N1|2007.099|NorthAmerica|seasonal,2007.099,-587,41.7654808959157,2277,2277,38.471673254282,43.4123847167325
EPI_ISL_15828|Human|H1N1|2007.063|NorthAmerica|seasonal,2007.063,-584.2,41.7398945518453,2276,2277,38.471673254282,43.3750823994726
EPI_ISL_7942|Human|H1N1|2007.142|NorthAmerica|seasonal,2007.142,-585.1,41.897233201581,2277,2277,38.866930171278,43.4123847167325
EPI_ISL_7957|Human|H1N1|2007.079|NorthAmerica|seasonal,2007.079,-586.1,41.8533157663592,2277,2277,38.7351778656126,43.4123847167325
EPI_ISL_8000|Human|H1N1|2007.142|NorthAmerica|seasonal,2007.142,-586.9,41.8093983311375,2277,2277,38.6034255599473,43.4123847167325
EPI_ISL_7975|Human|H1N1|2007.162|NorthAmerica|seasonal,2007.162,-584.2,41.7215634606939,2277,2277,38.3399209486166,43.4123847167325
EPI_ISL_7829|Human|H1N1|2007.082|NorthAmerica|seasonal,2007.082,-586.8,41.8093983311375,2277,2277,38.471673254282,43.4782608695652
EPI_ISL_7569|Human|H1N1|2007.115|NorthAmerica|seasonal,2007.115,-584.1,41.8533157663592,2277,2277,38.7351778656126,43.4123847167325
EPI_ISL_7827|Human|H1N1|2007.192|NorthAmerica|seasonal,2007.192,-584.7,41.897233201581,2277,2277,38.866930171278,43.4123847167325
EPI_ISL_7924|Human|H1N1|2007.162|NorthAmerica|seasonal,2007.162,-582.8,41.7654808959157,2277,2277,38.471673254282,43.4123847167325
EPI_ISL_7629|Human|H1N1|2007.058|NorthAmerica|seasonal,2007.058,-586.7,41.8093983311375,2277,2277,38.471673254282,43.4782608695652
EPI_ISL_7653|Human|H1N1|2007.077|NorthAmerica|seasonal,2007.077,-584.2,41.8093983311375,2277,2277,38.6034255599473,43.4123847167325
EPI_ISL_7577|Human|H1N1|2007.159|NorthAmerica|seasonal,2007.159,-584,41.8533157663592,2277,2277,38.6034255599473,43.4782608695652
EPI_ISL_7855|Human|H1N1|2007.096|NorthAmerica|seasonal,2007.096,-585.5,41.8093983311375,2277,2277,38.471673254282,43.4782608695652
EPI_ISL_7979|Human|H1N1|2007.118|NorthAmerica|seasonal,2007.118,-582.7,41.897233201581,2277,2277,38.7351778656126,43.4782608695652
EPI_ISL_7966|Human|H1N1|2007.066|NorthAmerica|seasonal,2007.066,-586.5,41.8533157663592,2277,2277,38.6034255599473,43.4782608695652
EPI_ISL_7922|Human|H1N1|2007.115|NorthAmerica|seasonal,2007.115,-583.8,41.8533157663592,2277,2277,38.7351778656126,43.4123847167325
EPI_ISL_7991|Human|H1N1|2007.175|NorthAmerica|seasonal,2007.175,-580.7,41.6776460254721,2277,2277,38.3399209486166,43.3465085638999
EPI_ISL_8083|Human|H1N1|2007.121|NorthAmerica|seasonal,2007.121,-583,41.8093983311375,2277,2277,38.6034255599473,43.4123847167325
EPI_ISL_7640|Human|H1N1|2007.178|NorthAmerica|seasonal,2007.178,-585.8,41.8533157663592,2277,2277,38.866930171278,43.3465085638999
EPI_ISL_7894|Human|H1N1|2007.121|NorthAmerica|seasonal,2007.121,-584.7,41.897233201581,2277,2277,38.866930171278,43.4123847167325
EPI_ISL_28867|Human|H1N1|2007.06|NorthAmerica|seasonal,2007.06,-586.5,41.8533157663592,2277,2277,38.6034255599473,43.4782608695652
EPI_ISL_8038|Human|H1N1|2007.134|NorthAmerica|seasonal,2007.134,-584.2,41.7215634606939,2277,2277,38.3399209486166,43.4123847167325
EPI_ISL_7652|Human|H1N1|2007.115|NorthAmerica|seasonal,2007.115,-584.2,41.7215634606939,2277,2277,38.3399209486166,43.4123847167325
EPI_ISL_7866|Human|H1N1|2007.115|NorthAmerica|seasonal,2007.115,-584.2,41.7215634606939,2277,2277,38.3399209486166,43.4123847167325
EPI_ISL_7983|Human|H1N1|2007.115|NorthAmerica|seasonal,2007.115,-585,41.6776460254721,2277,2277,38.2081686429513,43.4123847167325
EPI_ISL_7575|Human|H1N1|2007.027|NorthAmerica|seasonal,2007.027,-583.3,41.6776460254721,2277,2277,38.3399209486166,43.3465085638999
EPI_ISL_7822|Human|H1N1|2007.137|NorthAmerica|seasonal,2007.137,-585.3,41.8093983311375,2277,2277,38.471673254282,43.4782608695652
EPI_ISL_7974|Human|H1N1|2007.156|NorthAmerica|seasonal,2007.156,-585.3,41.7654808959157,2277,2277,38.471673254282,43.4123847167325
EPI_ISL_8028|Human|H1N1|2007.115|NorthAmerica|seasonal,2007.115,-589.5,41.8093983311375,2277,2277,38.471673254282,43.4782608695652
EPI_ISL_7563|Human|H1N1|2007.173|NorthAmerica|seasonal,2007.173,-585.7,41.8093983311375,2277,2277,38.471673254282,43.4782608695652
EPI_ISL_8045|Human|H1N1|2007.181|NorthAmerica|seasonal,2007.181,-585.3,41.7654808959157,2277,2277,38.471673254282,43.4123847167325
EPI_ISL_7651|Human|H1N1|2007.082|NorthAmerica|seasonal,2007.082,-586.2,41.8093983311375,2277,2277,38.6034255599473,43.4123847167325
EPI_ISL_7647|Human|H1N1|2007.118|NorthAmerica|seasonal,2007.118,-586.7,41.8533157663592,2277,2277,38.7351778656126,43.4123847167325
EPI_ISL_7583|Human|H1N1|2007.063|NorthAmerica|seasonal,2007.063,-585,41.8533157663592,2277,2277,38.7351778656126,43.4123847167325
EPI_ISL_7867|Human|H1N1|2007.079|NorthAmerica|seasonal,2007.079,-585,41.8533157663592,2277,2277,38.7351778656126,43.4123847167325
EPI_ISL_7864|Human|H1N1|2007.126|NorthAmerica|seasonal,2007.126,-586.7,41.8533157663592,2277,2277,38.7351778656126,43.4123847167325
EPI_ISL_7861|Human|H1N1|2007.126|NorthAmerica|seasonal,2007.126,-586.7,41.8093983311375,2277,2277,38.6034255599473,43.4123847167325
EPI_ISL_7824|Human|H1N1|2007.014|NorthAmerica|seasonal,2007.014,-584.4,41.8533157663592,2277,2277,38.7351778656126,43.4123847167325
EPI_ISL_7786|Human|H1N1|2007.156|NorthAmerica|seasonal,2007.156,-582.8,41.8093983311375,2277,2277,38.7351778656126,43.3465085638999
EPI_ISL_8004|Human|H1N1|2007.173|NorthAmerica|seasonal,2007.173,-588.2,41.8533157663592,2277,2277,38.6034255599473,43.4782608695652
EPI_ISL_7990|Human|H1N1|2007.096|NorthAmerica|seasonal,2007.096,-586.2,41.8093983311375,2277,2277,38.6034255599473,43.4123847167325
EPI_ISL_7989|Human|H1N1|2007.068|NorthAmerica|seasonal,2007.068,-584.2,41.7654808959157,2277,2277,38.6034255599473,43.3465085638999
EPI_ISL_7976|Human|H1N1|2007.162|NorthAmerica|seasonal,2007.162,-582.8,41.7654808959157,2277,2277,38.471673254282,43.4123847167325
EPI_ISL_7920|Human|H1N1|2007.099|NorthAmerica|seasonal,2007.099,-586.2,41.8093983311375,2277,2277,38.6034255599473,43.4123847167325
EPI_ISL_8081|Human|H1N1|2007.14|NorthAmerica|seasonal,2007.14,-585,41.8093983311375,2277,2277,38.6034255599473,43.4123847167325
EPI_ISL_8043|Human|H1N1|2007.066|NorthAmerica|seasonal,2007.066,-585,41.897233201581,2277,2277,38.866930171278,43.4123847167325
EPI_ISL_15341|Human|H1N1|2007.079|NorthAmerica|seasonal,2007.079,-585,41.8093983311375,2277,2277,38.6034255599473,43.4123847167325
EPI_ISL_7985|Human|H1N1|2007.115|NorthAmerica|seasonal,2007.115,-585,41.8093983311375,2277,2277,38.6034255599473,43.4123847167325
EPI_ISL_7955|Human|H1N1|2007.063|NorthAmerica|seasonal,2007.063,-585,41.8533157663592,2277,2277,38.7351778656126,43.4123847167325
EPI_ISL_7614|Human|H1N1|2007.099|NorthAmerica|seasonal,2007.099,-588.4,41.8533157663592,2277,2277,38.7351778656126,43.4123847167325
EPI_ISL_7595|Human|H1N1|2007.099|NorthAmerica|seasonal,2007.099,-588.4,41.8533157663592,2277,2277,38.7351778656126,43.4123847167325
EPI_ISL_7812|Human|H1N1|2007.123|NorthAmerica|seasonal,2007.123,-589.3,41.897233201581,2277,2277,38.866930171278,43.4123847167325
EPI_ISL_7940|Human|H1N1|2007.104|NorthAmerica|seasonal,2007.104,-588.4,41.8533157663592,2277,2277,38.7351778656126,43.4123847167325
EPI_ISL_27616|Human|H1N1|2007.096|NorthAmerica|seasonal,2007.096,-588.4,41.8533157663592,2277,2277,38.7351778656126,43.4123847167325
EPI_ISL_8032|Human|H1N1|2007.096|NorthAmerica|seasonal,2007.096,-585,41.8093983311375,2277,2277,38.6034255599473,43.4123847167325
EPI_ISL_22609|Human|H1N1|2007.2|NorthAmerica|seasonal,2007.2,-581.8,41.7654808959157,2277,2277,38.6034255599473,43.3465085638999
EPI_ISL_7610|Human|H1N1|2007.068|NorthAmerica|seasonal,2007.068,-583.7,41.8093983311375,2277,2277,38.471673254282,43.4782608695652
EPI_ISL_7567|Human|H1N1|2007.058|NorthAmerica|seasonal,2007.058,-583.7,41.8093983311375,2277,2277,38.471673254282,43.4782608695652
EPI_ISL_7832|Human|H1N1|2007.181|NorthAmerica|seasonal,2007.181,-584.1,41.7654808959157,2277,2277,38.471673254282,43.4123847167325
EPI_ISL_7875|Human|H1N1|2007.058|NorthAmerica|seasonal,2007.058,-583,41.7654808959157,2277,2277,38.471673254282,43.4123847167325
EPI_ISL_7806|Human|H1N1|2007.195|NorthAmerica|seasonal,2007.195,-587.1,41.7654808959157,2277,2277,38.6034255599473,43.3465085638999
EPI_ISL_7939|Human|H1N1|2007.156|NorthAmerica|seasonal,2007.156,-587.9,41.7215634606939,2277,2277,38.6034255599473,43.2806324110672
EPI_ISL_28865|Human|H1N1|2007.126|NorthAmerica|seasonal,2007.126,-583.7,41.8093983311375,2277,2277,38.471673254282,43.4782608695652
EPI_ISL_7759|Human|H1N1|2007.192|NorthAmerica|seasonal,2007.192,-585.5,41.9156414762742,2276,2277,38.7862796833773,43.4782608695652
EPI_ISL_7624|Human|H1N1|2007.164|NorthAmerica|seasonal,2007.164,-586.3,41.8533157663592,2277,2277,38.6034255599473,43.4782608695652
EPI_ISL_7588|Human|H1N1|2007.192|NorthAmerica|seasonal,2007.192,-586.3,41.8533157663592,2277,2277,38.6034255599473,43.4782608695652
EPI_ISL_7815|Human|H1N1|2007.173|NorthAmerica|seasonal,2007.173,-586.3,41.8533157663592,2277,2277,38.6034255599473,43.4782608695652
EPI_ISL_7809|Human|H1N1|2007.192|NorthAmerica|seasonal,2007.192,-586.3,41.8533157663592,2277,2277,38.6034255599473,43.4782608695652
EPI_ISL_28866|Human|H1N1|2007.164|NorthAmerica|seasonal,2007.164,-584.5,41.8093983311375,2277,2277,38.471673254282,43.4782608695652
EPI_ISL_7631|Human|H1N1|2007.189|NorthAmerica|seasonal,2007.189,-584.9,41.8093983311375,2277,2277,38.471673254282,43.4782608695652
EPI_ISL_7937|Human|H1N1|2007.156|NorthAmerica|seasonal,2007.156,-580.2,41.6776460254721,2277,2277,38.0764163372859,43.4782608695652
EPI_ISL_7969|Human|H1N1|2007.079|NorthAmerica|seasonal,2007.079,-581.5,41.7654808959157,2277,2277,38.3399209486166,43.4782608695652
EPI_ISL_25707|Human|H1N1|2006.274|Europe|seasonal,2006.274,-584.8,41.897233201581,2277,2277,38.866930171278,43.4123847167325
EPI_ISL_7868|Human|H1N1|2007.085|NorthAmerica|seasonal,2007.085,-586.6,41.9411506368028,2277,2277,39.1304347826087,43.3465085638999
EPI_ISL_7959|Human|H1N1|2007.058|NorthAmerica|seasonal,2007.058,-588.2,41.9850680720246,2277,2277,38.9986824769433,43.4782608695652
EPI_ISL_7919|Human|H1N1|2007.153|NorthAmerica|seasonal,2007.153,-586.1,41.9411506368028,2277,2277,38.9986824769433,43.4123847167325
EPI_ISL_7873|Human|H1N1|2007.107|NorthAmerica|seasonal,2007.107,-588.6,41.897233201581,2277,2277,38.7351778656126,43.4782608695652
EPI_ISL_8014|Human|H1N1|2007.101|NorthAmerica|seasonal,2007.101,-587.6,41.897233201581,2277,2277,38.866930171278,43.4123847167325
EPI_ISL_7949|Human|H1N1|2007.096|NorthAmerica|seasonal,2007.096,-589.3,41.897233201581,2277,2277,38.6034255599473,43.5441370223979
EPI_ISL_7978|Human|H1N1|2007.096|NorthAmerica|seasonal,2007.096,-589.3,41.9411506368028,2277,2277,38.7351778656126,43.5441370223979
EPI_ISL_7982|Human|H1N1|2007.096|NorthAmerica|seasonal,2007.096,-588.6,41.897233201581,2277,2277,38.7351778656126,43.4782608695652
EPI_ISL_7850|Human|H1N1|2007.104|NorthAmerica|seasonal,2007.104,-592.6,41.8533157663592,2277,2277,38.7351778656126,43.4123847167325
EPI_ISL_8029|Human|H1N1|2007.101|NorthAmerica|seasonal,2007.101,-588.6,41.897233201581,2277,2277,38.7351778656126,43.4782608695652
EPI_ISL_7556|Human|H1N1|2006.967|NorthAmerica|seasonal,2006.967,-588.6,41.897233201581,2277,2277,38.7351778656126,43.4782608695652
EPI_ISL_7820|Human|H1N1|2007.173|NorthAmerica|seasonal,2007.173,-589.5,41.9411506368028,2277,2277,38.866930171278,43.4782608695652
EPI_ISL_7956|Human|H1N1|2007.156|NorthAmerica|seasonal,2007.156,-588.2,41.9850680720246,2277,2277,39.1304347826087,43.4123847167325
EPI_ISL_7910|Human|H1N1|2007.077|NorthAmerica|seasonal,2007.077,-588.5,42.0289855072464,2277,2277,39.1304347826087,43.4782608695652
EPI_ISL_29085|Human|H1N1|2007.077|NorthAmerica|seasonal,2007.077,-590.5,42.0729029424682,2277,2277,39.1304347826087,43.5441370223979
EPI_ISL_7879|Human|H1N1|2007.077|NorthAmerica|seasonal,2007.077,-591.3,42.0729029424682,2277,2277,39.262187088274,43.4782608695652
EPI_ISL_7865|Human|H1N1|2007.099|NorthAmerica|seasonal,2007.099,-588.9,42.0289855072464,2277,2277,39.262187088274,43.4123847167325
EPI_ISL_7998|Human|H1N1|2007.142|NorthAmerica|seasonal,2007.142,-588.5,42.0289855072464,2277,2277,39.1304347826087,43.4782608695652
EPI_ISL_7994|Human|H1N1|2007.153|NorthAmerica|seasonal,2007.153,-588.5,42.0289855072464,2277,2277,39.1304347826087,43.4782608695652
EPI_ISL_7992|Human|H1N1|2007.049|NorthAmerica|seasonal,2007.049,-588.5,42.0289855072464,2277,2277,39.1304347826087,43.4782608695652
EPI_ISL_7953|Human|H1N1|2007.077|NorthAmerica|seasonal,2007.077,-586.7,41.9850680720246,2277,2277,38.9986824769433,43.4782608695652
EPI_ISL_29084|Human|H1N1|2007.137|NorthAmerica|seasonal,2007.137,-587.1,41.9850680720246,2277,2277,38.9986824769433,43.4782608695652
EPI_ISL_7954|Human|H1N1|2007.173|NorthAmerica|seasonal,2007.173,-586.5,41.9411506368028,2277,2277,38.866930171278,43.4782608695652
EPI_ISL_8034|Human|H1N1|2007.134|NorthAmerica|seasonal,2007.134,-589.2,42.1168203776899,2277,2277,39.1304347826087,43.6100131752306
EPI_ISL_7999|Human|H1N1|2007.173|NorthAmerica|seasonal,2007.173,-587,42.0289855072464,2277,2277,39.1304347826087,43.4782608695652
EPI_ISL_7988|Human|H1N1|2007.123|NorthAmerica|seasonal,2007.123,-588.5,42.0289855072464,2277,2277,39.1304347826087,43.4782608695652
EPI_ISL_7967|Human|H1N1|2007.068|NorthAmerica|seasonal,2007.068,-589,42.1168203776899,2277,2277,39.262187088274,43.5441370223979
EPI_ISL_7849|Human|H1N1|2007.068|NorthAmerica|seasonal,2007.068,-587.1,41.9850680720246,2277,2277,38.9986824769433,43.4782608695652
EPI_ISL_7611|Human|H1N1|2007.123|NorthAmerica|seasonal,2007.123,-587.1,41.9411506368028,2277,2277,38.9986824769433,43.4123847167325
EPI_ISL_7625|Human|H1N1|2007.121|NorthAmerica|seasonal,2007.121,-591.1,42.1168203776899,2277,2277,39.5256916996047,43.4123847167325
EPI_ISL_7628|Human|H1N1|2007.068|NorthAmerica|seasonal,2007.068,-586.8,41.9850680720246,2277,2277,38.9986824769433,43.4782608695652
EPI_ISL_7902|Human|H1N1|2007.101|NorthAmerica|seasonal,2007.101,-589.6,41.9850680720246,2277,2277,39.1304347826087,43.4123847167325
EPI_ISL_8082|Human|H1N1|2007.099|NorthAmerica|seasonal,2007.099,-587.1,41.9850680720246,2277,2277,38.9986824769433,43.4782608695652
EPI_ISL_7888|Human|H1N1|2007.058|NorthAmerica|seasonal,2007.058,-588.5,42.0289855072464,2277,2277,39.1304347826087,43.4782608695652
EPI_ISL_7883|Human|H1N1|2007.123|NorthAmerica|seasonal,2007.123,-585.8,42.0289855072464,2277,2277,39.1304347826087,43.4782608695652
EPI_ISL_7858|Human|H1N1|2007.096|NorthAmerica|seasonal,2007.096,-586.3,41.9411506368028,2277,2277,38.866930171278,43.4782608695652
EPI_ISL_7997|Human|H1N1|2007.068|NorthAmerica|seasonal,2007.068,-583.3,42.0729029424682,2277,2277,39.262187088274,43.4782608695652
EPI_ISL_8036|Human|H1N1|2007.121|NorthAmerica|seasonal,2007.121,-583.3,42.0729029424682,2277,2277,39.262187088274,43.4782608695652
EPI_ISL_16410|Human|H1N1|2007.115|NorthAmerica|seasonal,2007.115,-590.4,42.2485726833553,2277,2277,39.6574440052701,43.5441370223979
EPI_ISL_7800|Human|H1N1|2007.162|NorthAmerica|seasonal,2007.162,-592.8,42.1607378129117,2277,2277,39.7891963109354,43.3465085638999
EPI_ISL_8027|Human|H1N1|2007.027|NorthAmerica|seasonal,2007.027,-595.1,42.1168203776899,2277,2277,39.6574440052701,43.3465085638999
EPI_ISL_7585|Human|H1N1|2007.162|NorthAmerica|seasonal,2007.162,-593.7,42.2046552481335,2277,2277,39.7891963109354,43.4123847167325
EPI_ISL_8015|Human|H1N1|2007.153|NorthAmerica|seasonal,2007.153,-595.1,42.1168203776899,2277,2277,39.6574440052701,43.3465085638999
EPI_ISL_7973|Human|H1N1|2007.173|NorthAmerica|seasonal,2007.173,-595.1,42.1168203776899,2277,2277,39.6574440052701,43.3465085638999
EPI_ISL_7780|Human|H1N1|2007.178|NorthAmerica|seasonal,2007.178,-593.7,42.2046552481335,2277,2277,39.7891963109354,43.4123847167325
EPI_ISL_120425|Human|H1N1|2003.729|Asia|,2003.729,-584.2,42.0289855072464,2277,2277,39.1304347826087,43.4782608695652
EPI_ISL_106617|Human|H1N1|2005.266|Asia|,2005.266,-582.4,41.8533157663592,2277,2277,38.6034255599473,43.4782608695652
EPI_ISL_117814|Human|H1N1|2005.449|Asia|,2005.449,-580.6,41.9411506368028,2277,2277,38.7351778656126,43.5441370223979
EPI_ISL_106638|Human|H1N1|2006.2|Asia|,2006.2,-583.5,41.8533157663592,2277,2277,38.6034255599473,43.4782608695652
EPI_ISL_116062|Human|H1N1|2006.321|Asia|,2006.321,-584.3,41.897233201581,2277,2277,38.6034255599473,43.5441370223979
EPI_ISL_25712|Human|H1N1|2006.271|Europe|seasonal,2006.271,-584.7,41.8093983311375,2277,2277,38.471673254282,43.4782608695652
EPI_ISL_12841|Human|H1N1|2006|Asia|seasonal,2006,-583.1,41.8533157663592,2277,2277,38.471673254282,43.5441370223979
EPI_ISL_15603|Human|H1N1|2005|Europe|seasonal,2005,-579.2,41.9085312225154,2274,2274,38.7862796833773,43.4696569920844
EPI_ISL_93595|Human|H1N1|2005.033|Asia|,2005.033,-579.6,41.8093983311375,2277,2277,38.471673254282,43.4782608695652
EPI_ISL_93594|Human|H1N1|2005.055|Asia|,2005.055,-580.2,41.8533157663592,2277,2277,38.6034255599473,43.4782608695652
EPI_ISL_120424|Human|H1N1|2003.688|Asia|,2003.688,-584.5,41.9850680720246,2277,2277,38.9986824769433,43.4782608695652
EPI_ISL_120423|Human|H1N1|2003.589|Asia|,2003.589,-584.5,41.9850680720246,2277,2277,38.9986824769433,43.4782608695652
EPI_ISL_6371|Human|H1N1|2005|Oceania|seasonal,2005,-579.9,41.6776460254721,2277,2277,38.3399209486166,43.3465085638999
EPI_ISL_15604|Human|H1N1|2004|Europe|seasonal,2004,-579.2,41.9525065963061,2274,2274,38.6543535620053,43.6015831134565
EPI_ISL_83676|Human|H1N1|2010.112|Asia|seasonal,2010.112,-580,41.6776460254721,2277,2277,38.3399209486166,43.3465085638999
EPI_ISL_83675|Human|H1N1|2010.112|Asia|seasonal,2010.112,-580,41.6776460254721,2277,2277,38.3399209486166,43.3465085638999
EPI_ISL_6448|Human|H1N1|2005.6|Oceania|seasonal,2005.6,-578.7,41.6776460254721,2277,2277,38.3399209486166,43.3465085638999
EPI_ISL_5656|Human|H1N1|2005.69|Oceania|seasonal,2005.69,-577.8,41.6337285902503,2277,2277,38.3399209486166,43.2806324110672
EPI_ISL_6341|Human|H1N1|2005.663|Oceania|seasonal,2005.663,-578.7,41.6776460254721,2277,2277,38.3399209486166,43.3465085638999
EPI_ISL_6859|Human|H1N1|2005.611|Oceania|seasonal,2005.611,-580.5,41.6337285902503,2277,2277,38.2081686429513,43.3465085638999
EPI_ISL_8269|Human|H1N1|2003.03|NorthAmerica|seasonal,2003.03,-585.9,42.1168203776899,2277,2277,39.5256916996047,43.4123847167325
EPI_ISL_8999|Human|H1N1|2003.17|NorthAmerica|seasonal,2003.17,-583.8,42.1168203776899,2277,2277,39.262187088274,43.5441370223979
EPI_ISL_164016|Human|H1N1|2008.027|Europe|seasonal,2008.027,-585.4,42.1607378129117,2277,2277,39.5256916996047,43.4782608695652
EPI_ISL_164013|Human|H1N1|2008.008|Europe|seasonal,2008.008,-590.4,42.1607378129117,2277,2277,39.1304347826087,43.6758893280632
EPI_ISL_29779|Human|H1N1|2008.481|NorthAmerica|seasonal,2008.481,-595.5,42.1607378129117,2277,2277,39.3939393939394,43.5441370223979
EPI_ISL_30226|Human|H1N1|2008.44|NorthAmerica|seasonal,2008.44,-594,42.1168203776899,2277,2277,39.262187088274,43.5441370223979
EPI_ISL_30220|Human|H1N1|2008.437|NorthAmerica|seasonal,2008.437,-596.6,42.2046552481335,2277,2277,39.3939393939394,43.6100131752306
EPI_ISL_30218|Human|H1N1|2008.437|NorthAmerica|seasonal,2008.437,-596.2,42.1607378129117,2277,2277,39.3939393939394,43.5441370223979
EPI_ISL_78563|Human|H1N1|2007|SouthAmerica|seasonal,2007,-589.6,42.1607378129117,2277,2277,39.3939393939394,43.5441370223979
EPI_ISL_62908|Human|H1N1|2008.469|NorthAmerica|seasonal,2008.469,-594,42.1168203776899,2277,2277,39.262187088274,43.5441370223979
EPI_ISL_29778|Human|H1N1|2008.478|NorthAmerica|seasonal,2008.478,-589.8,42.2046552481335,2277,2277,39.5256916996047,43.5441370223979
EPI_ISL_164011|Human|H1N1|2007.995|Europe|seasonal,2007.995,-590.6,42.1168203776899,2277,2277,39.1304347826087,43.6100131752306
EPI_ISL_62923|Human|H1N1|2008.122|NorthAmerica|seasonal,2008.122,-585,42.2046552481335,2277,2277,39.262187088274,43.6758893280632
EPI_ISL_30221|Human|H1N1|2008.434|NorthAmerica|seasonal,2008.434,-590.8,42.2485726833553,2277,2277,39.3939393939394,43.6758893280632
EPI_ISL_208729|Human|H1N1|2007.981|Asia|,2007.981,-589.1,42.2046552481335,2277,2277,39.262187088274,43.6758893280632
EPI_ISL_70169|Human|H1N1|2008.036|Asia|seasonal,2008.036,-590.1,42.2485726833553,2277,2277,39.3939393939394,43.6758893280632
EPI_ISL_70162|Human|H1N1|2007.962|Asia|seasonal,2007.962,-590.1,42.2485726833553,2277,2277,39.3939393939394,43.6758893280632
EPI_ISL_70160|Human|H1N1|2007.945|Asia|seasonal,2007.945,-590.5,42.2924901185771,2277,2277,39.5256916996047,43.6758893280632
EPI_ISL_208713|Human|H1N1|2007.849|Asia|,2007.849,-590,42.2046552481335,2277,2277,39.262187088274,43.6758893280632
EPI_ISL_30228|Human|H1N1|2008.016|NorthAmerica|seasonal,2008.016,-585.2,42.0289855072464,2277,2277,38.7351778656126,43.6758893280632
EPI_ISL_29633|Human|H1N1|2008.123|NorthAmerica|seasonal,2008.123,-584.8,41.9850680720246,2277,2277,38.7351778656126,43.6100131752306
EPI_ISL_29647|Human|H1N1|2008.484|NorthAmerica|seasonal,2008.484,-586.5,42.0289855072464,2277,2277,38.7351778656126,43.6758893280632
EPI_ISL_33848|Human|H1N1|2008.497|NorthAmerica|seasonal,2008.497,-586.3,42.0729029424682,2277,2277,38.866930171278,43.6758893280632
EPI_ISL_28893|Human|H1N1|2008.12|NorthAmerica|seasonal,2008.12,-585.5,42.0729029424682,2277,2277,38.9986824769433,43.6100131752306
EPI_ISL_96142|Human|H1N1|2008.077|NorthAmerica|,2008.077,-591.6,42.2046552481335,2277,2277,39.262187088274,43.6758893280632
EPI_ISL_96141|Human|H1N1|2008.074|NorthAmerica|,2008.074,-591.6,42.2046552481335,2277,2277,39.262187088274,43.6758893280632
EPI_ISL_96137|Human|H1N1|2008.94|NorthAmerica|,2008.94,-589.6,42.2046552481335,2277,2277,39.262187088274,43.6758893280632
EPI_ISL_30789|Human|H1N1|2008.123|NorthAmerica|seasonal,2008.123,-591.9,42.2046552481335,2277,2277,39.1304347826087,43.7417654808959
EPI_ISL_62784|Human|H1N1|2008.108|NorthAmerica|seasonal,2008.108,-584.8,42.0729029424682,2277,2277,38.866930171278,43.6758893280632
EPI_ISL_30230|Human|H1N1|2008.623|NorthAmerica|seasonal,2008.623,-590,42.2046552481335,2277,2277,39.3939393939394,43.6100131752306
EPI_ISL_33849|Human|H1N1|2008.88|NorthAmerica|seasonal,2008.88,-593,42.3803249890206,2277,2277,39.6574440052701,43.7417654808959
EPI_ISL_30233|Human|H1N1|2008.847|NorthAmerica|seasonal,2008.847,-592.1,42.2485726833553,2277,2277,39.5256916996047,43.6100131752306
EPI_ISL_33847|Human|H1N1|2008.861|NorthAmerica|seasonal,2008.861,-593.3,42.4242424242424,2277,2277,39.6574440052701,43.8076416337286
EPI_ISL_29676|Human|H1N1|2008.842|NorthAmerica|seasonal,2008.842,-593,42.3364075537989,2277,2277,39.6574440052701,43.6758893280632
EPI_ISL_29675|Human|H1N1|2008.833|NorthAmerica|seasonal,2008.833,-593.7,42.3364075537989,2277,2277,39.6574440052701,43.6758893280632
EPI_ISL_30227|Human|H1N1|2008.776|NorthAmerica|seasonal,2008.776,-592.7,42.3803249890206,2277,2277,39.7891963109354,43.6758893280632
EPI_ISL_33842|Human|H1N1|2008.776|NorthAmerica|seasonal,2008.776,-592.7,42.3803249890206,2277,2277,39.7891963109354,43.6758893280632
EPI_ISL_29912|Human|H1N1|2008.814|NorthAmerica|seasonal,2008.814,-593,42.3364075537989,2277,2277,39.6574440052701,43.6758893280632
EPI_ISL_30231|Human|H1N1|2008.828|NorthAmerica|seasonal,2008.828,-590.8,42.2924901185771,2277,2277,39.5256916996047,43.6758893280632
EPI_ISL_29648|Human|H1N1|2008.839|NorthAmerica|seasonal,2008.839,-593,42.3364075537989,2277,2277,39.6574440052701,43.6758893280632
EPI_ISL_62907|Human|H1N1|2008.6|NorthAmerica|seasonal,2008.6,-587.8,42.0729029424682,2277,2277,38.9986824769433,43.6100131752306
EPI_ISL_116007|Human|H1N1|2008.063|Asia|,2008.063,-591.5,42.1168203776899,2277,2277,39.1304347826087,43.6100131752306
EPI_ISL_164014|Human|H1N1|2008.016|Europe|seasonal,2008.016,-590.1,42.1168203776899,2277,2277,39.262187088274,43.5441370223979
EPI_ISL_93582|Human|H1N1|2007.868|Asia|,2007.868,-587.7,42.1607378129117,2277,2277,39.1304347826087,43.6758893280632
EPI_ISL_30212|Human|H1N1|2008.055|Asia|seasonal,2008.055,-587.9,42.1607378129117,2277,2277,39.1304347826087,43.6758893280632
EPI_ISL_93586|Human|H1N1|2008.333|Asia|,2008.333,-585.8,42.1607378129117,2277,2277,38.866930171278,43.8076416337286
EPI_ISL_30211|Human|H1N1|2008.041|Asia|seasonal,2008.041,-594.1,42.2485726833553,2277,2277,39.262187088274,43.7417654808959
EPI_ISL_93585|Human|H1N1|2008.896|Asia|,2008.896,-586.5,42.1607378129117,2277,2277,39.262187088274,43.6100131752306
EPI_ISL_93589|Human|H1N1|2008.915|Asia|,2008.915,-591.9,42.2485726833553,2277,2277,39.3939393939394,43.6758893280632
EPI_ISL_93588|Human|H1N1|2008.825|Asia|,2008.825,-593.6,42.2924901185771,2277,2277,39.5256916996047,43.6758893280632
EPI_ISL_93590|Human|H1N1|2009.033|Asia|,2009.033,-588.2,42.2485726833553,2277,2277,39.5256916996047,43.6100131752306
EPI_ISL_164024|Human|H1N1|2007.948|Europe|seasonal,2007.948,-591.6,42.2485726833553,2277,2277,39.6574440052701,43.5441370223979
EPI_ISL_164029|Human|H1N1|2008.038|Europe|seasonal,2008.038,-588.1,42.1168203776899,2277,2277,39.262187088274,43.5441370223979
EPI_ISL_27695|Human|H1N1|2008.117|Europe|seasonal,2008.117,-587.4,42.1723834652595,2274,2274,39.3139841688654,43.6015831134565
EPI_ISL_164026|Human|H1N1|2007.997|Europe|seasonal,2007.997,-585.6,42.1168203776899,2277,2277,39.262187088274,43.5441370223979
EPI_ISL_164030|Human|H1N1|2008.041|Europe|seasonal,2008.041,-589.8,42.2046552481335,2277,2277,39.262187088274,43.6758893280632
EPI_ISL_70170|Human|H1N1|2008.137|Asia|seasonal,2008.137,-590.2,42.1168203776899,2277,2277,39.3939393939394,43.4782608695652
EPI_ISL_77977|Human|H1N1|2009.023|NorthAmerica|seasonal,2009.023,-588.4,42.1607378129117,2277,2277,39.262187088274,43.6100131752306
EPI_ISL_89588|Human|H1N1|2009.088|NorthAmerica|,2009.088,-585.9,42.3364075537989,2277,2277,39.6574440052701,43.6758893280632
EPI_ISL_208716|Human|H1N1|2008.112|Asia|,2008.112,-587.8,42.1607378129117,2277,2277,39.5256916996047,43.4782608695652
EPI_ISL_106731|Human|H1N1|2008.921|Asia|,2008.921,-589.6,42.2485726833553,2277,2277,39.5256916996047,43.6100131752306
EPI_ISL_106713|Human|H1N1|2008.858|Asia|,2008.858,-590.5,42.2046552481335,2277,2277,39.3939393939394,43.6100131752306
EPI_ISL_115807|Human|H1N1|2008.801|Asia|,2008.801,-590.5,42.2046552481335,2277,2277,39.5256916996047,43.5441370223979
EPI_ISL_116008|Human|H1N1|2008.148|Asia|,2008.148,-591.8,42.1607378129117,2277,2277,39.5256916996047,43.4782608695652
EPI_ISL_106751|Human|H1N1|2008.533|Asia|,2008.533,-586.4,42.1607378129117,2277,2277,39.262187088274,43.6100131752306
EPI_ISL_70179|Human|H1N1|2008.16|Asia|seasonal,2008.16,-589,42.2046552481335,2277,2277,39.5256916996047,43.5441370223979
EPI_ISL_116005|Human|H1N1|2008.342|Asia|,2008.342,-589.9,42.1607378129117,2277,2277,39.3939393939394,43.5441370223979
EPI_ISL_164028|Human|H1N1|2008.036|Europe|seasonal,2008.036,-588.1,42.1607378129117,2277,2277,39.3939393939394,43.5441370223979
EPI_ISL_164023|Human|H1N1|2007.863|Europe|seasonal,2007.863,-591.6,42.2485726833553,2277,2277,39.5256916996047,43.6100131752306
EPI_ISL_106692|Human|H1N1|2008.71|Asia|,2008.71,-587.4,42.2485726833553,2277,2277,39.5256916996047,43.6100131752306
EPI_ISL_25711|Human|H1N1|2008.022|Europe|seasonal,2008.022,-588.1,42.1607378129117,2277,2277,39.3939393939394,43.5441370223979
EPI_ISL_78574|Human|H1N1|2007|SouthAmerica|seasonal,2007,-589.9,42.2046552481335,2277,2277,39.5256916996047,43.5441370223979
EPI_ISL_29475|Human|H1N1|2008.437|NorthAmerica|seasonal,2008.437,-591.8,42.1168203776899,2277,2277,39.262187088274,43.5441370223979
EPI_ISL_62909|Human|H1N1|2008.444|NorthAmerica|seasonal,2008.444,-591.8,42.1168203776899,2277,2277,39.262187088274,43.5441370223979
EPI_ISL_164022|Human|H1N1|2008.984|Europe|seasonal,2008.984,-592.6,42.3364075537989,2277,2277,39.7891963109354,43.6100131752306
EPI_ISL_28895|Human|H1N1|2008.137|NorthAmerica|seasonal,2008.137,-590.6,42.2924901185771,2277,2277,39.6574440052701,43.6100131752306
EPI_ISL_29307|Human|H1N1|2007|Europe|seasonal,2007,-593.1,42.3315602836879,2256,2256,39.3617021276596,43.8164893617021
EPI_ISL_62840|Human|H1N1|2008.085|NorthAmerica|seasonal,2008.085,-588.3,42.1607378129117,2277,2277,39.3939393939394,43.5441370223979
EPI_ISL_116061|Human|H1N1|2008.538|Asia|,2008.538,-582.8,42.0729029424682,2277,2277,39.262187088274,43.4782608695652
EPI_ISL_115808|Human|H1N1|2008.828|Asia|,2008.828,-589.5,41.9850680720246,2277,2277,39.262187088274,43.3465085638999
EPI_ISL_115809|Human|H1N1|2008.839|Asia|,2008.839,-589.5,42.1168203776899,2277,2277,39.5256916996047,43.4123847167325
EPI_ISL_116003|Human|H1N1|2008.885|Asia|,2008.885,-589.5,42.0289855072464,2277,2277,39.262187088274,43.4123847167325
EPI_ISL_115859|Human|H1N1|2008.866|Asia|,2008.866,-589.5,42.0289855072464,2277,2277,39.262187088274,43.4123847167325
EPI_ISL_116004|Human|H1N1|2008.899|Asia|,2008.899,-589.5,41.9411506368028,2277,2277,39.1304347826087,43.3465085638999
EPI_ISL_116002|Human|H1N1|2008.885|Asia|,2008.885,-586.1,41.9850680720246,2277,2277,39.262187088274,43.3465085638999
EPI_ISL_116001|Human|H1N1|2008.883|Asia|,2008.883,-589.5,42.0289855072464,2277,2277,39.262187088274,43.4123847167325
EPI_ISL_115858|Human|H1N1|2008.861|Asia|,2008.861,-589.5,42.0289855072464,2277,2277,39.262187088274,43.4123847167325
EPI_ISL_115856|Human|H1N1|2008.85|Asia|,2008.85,-589.5,42.0289855072464,2277,2277,39.262187088274,43.4123847167325
EPI_ISL_115855|Human|H1N1|2008|Asia|,2008,-589.5,42.0289855072464,2277,2277,39.262187088274,43.4123847167325
EPI_ISL_115854|Human|H1N1|2008.844|Asia|,2008.844,-589.5,42.0289855072464,2277,2277,39.262187088274,43.4123847167325
EPI_ISL_116009|Human|H1N1|2008.56|Asia|,2008.56,-588.5,42.2046552481335,2277,2277,39.3939393939394,43.6100131752306
EPI_ISL_106767|Human|H1N1|2008.563|Asia|,2008.563,-590.7,42.2046552481335,2277,2277,39.5256916996047,43.5441370223979
EPI_ISL_116065|Human|H1N1|2008.555|Asia|,2008.555,-587.5,42.0729029424682,2277,2277,39.1304347826087,43.5441370223979
EPI_ISL_164027|Human|H1N1|2008.022|Europe|seasonal,2008.022,-588.1,42.1607378129117,2277,2277,39.3939393939394,43.5441370223979
EPI_ISL_115806|Human|H1N1|2008.71|Asia|,2008.71,-590.7,42.1168203776899,2277,2277,39.262187088274,43.5441370223979
EPI_ISL_164025|Human|H1N1|2007.992|Europe|seasonal,2007.992,-590.4,42.2046552481335,2277,2277,39.5256916996047,43.5441370223979
EPI_ISL_27694|Human|H1N1|2008|Europe|seasonal,2008,-587.4,42.2163588390501,2274,2274,39.4459102902375,43.6015831134565
EPI_ISL_70166|Human|H1N1|2009.016|Asia|seasonal,2009.016,-586,41.9850680720246,2277,2277,38.866930171278,43.5441370223979
EPI_ISL_99224|Human|H1N1|2008.989|SouthAmerica|,2008.989,-588.8,42.2924901185771,2277,2277,39.5256916996047,43.6758893280632
EPI_ISL_99225|Human|H1N1|2008.984|SouthAmerica|,2008.984,-590.6,42.2046552481335,2277,2277,39.262187088274,43.6758893280632
EPI_ISL_99220|Human|H1N1|2009.14|SouthAmerica|,2009.14,-587.1,42.3364075537989,2277,2277,39.5256916996047,43.7417654808959
EPI_ISL_99226|Human|H1N1|2009|SouthAmerica|,2009,-585.3,42.0729029424682,2277,2277,38.9986824769433,43.6100131752306
EPI_ISL_99219|Human|H1N1|2009.233|SouthAmerica|,2009.233,-585.2,42.1168203776899,2277,2277,38.866930171278,43.7417654808959
EPI_ISL_78565|Human|H1N1|2007|SouthAmerica|seasonal,2007,-586.5,42.0289855072464,2277,2277,38.9986824769433,43.5441370223979
EPI_ISL_87217|Human|H1N1|2009.118|NorthAmerica|,2009.118,-589.1,42.0289855072464,2277,2277,38.9986824769433,43.5441370223979
EPI_ISL_87237|Human|H1N1|2009.134|NorthAmerica|,2009.134,-589,42.1607378129117,2277,2277,39.3939393939394,43.5441370223979
EPI_ISL_80803|Human|H1N1|2009.323|NorthAmerica|,2009.323,-589.9,42.2046552481335,2277,2277,39.3939393939394,43.6100131752306
EPI_ISL_89594|Human|H1N1|2009.162|NorthAmerica|,2009.162,-591.1,42.0289855072464,2277,2277,38.866930171278,43.6100131752306
EPI_ISL_89939|Human|H1N1|2009.121|NorthAmerica|,2009.121,-587.6,41.9850680720246,2277,2277,38.7351778656126,43.6100131752306
EPI_ISL_80783|Human|H1N1|2009.323|NorthAmerica|,2009.323,-585.4,42.0474516695958,2276,2277,38.9182058047493,43.6100131752306
EPI_ISL_80798|Human|H1N1|2009.323|NorthAmerica|,2009.323,-587.3,42.1168203776899,2277,2277,39.1304347826087,43.6100131752306
EPI_ISL_77962|Human|H1N1|2009.023|NorthAmerica|seasonal,2009.023,-588.4,42.0729029424682,2277,2277,39.1304347826087,43.5441370223979
EPI_ISL_78562|Human|H1N1|2007|SouthAmerica|seasonal,2007,-588.1,42.1168203776899,2277,2277,39.262187088274,43.5441370223979
EPI_ISL_78572|Human|H1N1|2007|SouthAmerica|seasonal,2007,-581.6,42.0729029424682,2277,2277,38.9986824769433,43.6100131752306
EPI_ISL_78564|Human|H1N1|2007|SouthAmerica|seasonal,2007,-581.9,42.0289855072464,2277,2277,38.866930171278,43.6100131752306
EPI_ISL_99218|Human|H1N1|2009.052|SouthAmerica|,2009.052,-587.7,42.0289855072464,2277,2277,39.1304347826087,43.4782608695652
EPI_ISL_99223|Human|H1N1|2009.036|SouthAmerica|,2009.036,-585.8,42.0729029424682,2277,2277,38.9986824769433,43.6100131752306
EPI_ISL_99229|Human|H1N1|2008.489|SouthAmerica|,2008.489,-578.7,41.897233201581,2277,2277,38.6034255599473,43.5441370223979
EPI_ISL_99230|Human|H1N1|2009.085|NorthAmerica|,2009.085,-583.1,41.9411506368028,2277,2277,38.7351778656126,43.5441370223979
EPI_ISL_99210|Human|H1N1|2008.634|SouthAmerica|,2008.634,-589.1,41.9411506368028,2277,2277,38.866930171278,43.4782608695652
EPI_ISL_99237|Human|H1N1|2009.414|NorthAmerica|,2009.414,-593.3,42.2046552481335,2277,2277,39.6574440052701,43.4782608695652
EPI_ISL_120443|Human|H1N1|2008.959|Asia|,2008.959,-588.6,42.1607378129117,2277,2277,39.6574440052701,43.4123847167325
EPI_ISL_120446|Human|H1N1|2008.191|Asia|,2008.191,-589.6,42.2485726833553,2277,2277,39.6574440052701,43.5441370223979
EPI_ISL_120447|Human|H1N1|2009.129|Asia|,2009.129,-594.1,42.2924901185771,2277,2277,39.6574440052701,43.6100131752306
EPI_ISL_120444|Human|H1N1|2009.014|Asia|,2009.014,-591.1,42.2046552481335,2277,2277,39.5256916996047,43.5441370223979
EPI_ISL_80389|Human|H1N1|2009.321|NorthAmerica|,2009.321,-592.5,42.2046552481335,2277,2277,39.7891963109354,43.4123847167325
EPI_ISL_80810|Human|H1N1|2009.326|NorthAmerica|,2009.326,-592.5,42.2046552481335,2277,2277,39.7891963109354,43.4123847167325
EPI_ISL_100194|Human|H1N1|2009|Asia|,2009,-584.6,42.0729029424682,2277,2277,39.262187088274,43.4782608695652
EPI_ISL_62516|Human|H1N1|2009.325|NorthAmerica|seasonal,2009.325,-587.8,42.2046552481335,2277,2277,39.6574440052701,43.4782608695652
EPI_ISL_162004|Human|H1N1|2009.707|Africa|,2009.707,-584.9,42.0175438596491,2280,2280,38.9473684210526,43.5526315789474
EPI_ISL_80388|Human|H1N1|2009.321|NorthAmerica|,2009.321,-594.4,42.2924901185771,2277,2277,39.6574440052701,43.6100131752306
EPI_ISL_80799|Human|H1N1|2009.323|NorthAmerica|,2009.323,-594.4,42.2924901185771,2277,2277,39.6574440052701,43.6100131752306
EPI_ISL_80789|Human|H1N1|2009.323|NorthAmerica|,2009.323,-594.4,42.2924901185771,2277,2277,39.6574440052701,43.6100131752306
EPI_ISL_76117|Human|H1N1|2009.319|NorthAmerica|seasonal,2009.319,-589.8,42.1168203776899,2277,2277,39.3939393939394,43.4782608695652
EPI_ISL_78723|Human|H1N1|2009.319|NorthAmerica|seasonal,2009.319,-590.4,42.2046552481335,2277,2277,39.5256916996047,43.5441370223979
EPI_ISL_80765|Human|H1N1|2009.315|NorthAmerica|,2009.315,-591.6,42.2046552481335,2277,2277,39.3939393939394,43.6100131752306
EPI_ISL_80774|Human|H1N1|2009.318|NorthAmerica|,2009.318,-590.4,42.2046552481335,2277,2277,39.5256916996047,43.5441370223979
EPI_ISL_80813|Human|H1N1|2009.326|NorthAmerica|,2009.326,-590.4,42.2046552481335,2277,2277,39.5256916996047,43.5441370223979
EPI_ISL_80796|Human|H1N1|2009.323|NorthAmerica|,2009.323,-590,42.1607378129117,2277,2277,39.3939393939394,43.5441370223979
EPI_ISL_80795|Human|H1N1|2009.323|NorthAmerica|,2009.323,-590,42.1607378129117,2277,2277,39.3939393939394,43.5441370223979
EPI_ISL_80794|Human|H1N1|2009.323|NorthAmerica|,2009.323,-590.4,42.2046552481335,2277,2277,39.5256916996047,43.5441370223979
EPI_ISL_80769|Human|H1N1|2009.318|NorthAmerica|,2009.318,-590,42.1607378129117,2277,2277,39.3939393939394,43.5441370223979
EPI_ISL_80823|Human|H1N1|2009|NorthAmerica|,2009,-590.4,42.2046552481335,2277,2277,39.5256916996047,43.5441370223979
EPI_ISL_80776|Human|H1N1|2009.323|NorthAmerica|,2009.323,-590.5,42.2924901185771,2277,2277,39.6574440052701,43.6100131752306
EPI_ISL_93577|Human|H1N1|2008.934|Asia|,2008.934,-585.8,42.1607378129117,2277,2277,39.262187088274,43.6100131752306
EPI_ISL_93596|Human|H1N1|2008.934|Asia|,2008.934,-585.8,42.1607378129117,2277,2277,39.262187088274,43.6100131752306
EPI_ISL_62496|Human|H1N1|2009.325|NorthAmerica|seasonal,2009.325,-592.8,42.2924901185771,2277,2277,39.6574440052701,43.6100131752306
EPI_ISL_80835|Human|H1N1|2009.348|NorthAmerica|,2009.348,-590,42.2485726833553,2277,2277,39.7891963109354,43.4782608695652
EPI_ISL_80834|Human|H1N1|2009.348|NorthAmerica|,2009.348,-590,42.2485726833553,2277,2277,39.7891963109354,43.4782608695652
EPI_ISL_80832|Human|H1N1|2009.353|NorthAmerica|,2009.353,-589.8,42.3364075537989,2277,2277,39.9209486166008,43.5441370223979
EPI_ISL_80826|Human|H1N1|2009.332|NorthAmerica|,2009.332,-589.8,42.2924901185771,2277,2277,39.7891963109354,43.5441370223979
EPI_ISL_80777|Human|H1N1|2009.323|NorthAmerica|,2009.323,-589.8,42.2924901185771,2277,2277,39.7891963109354,43.5441370223979
EPI_ISL_80768|Human|H1N1|2009.318|NorthAmerica|,2009.318,-589.8,42.2924901185771,2277,2277,39.7891963109354,43.5441370223979
EPI_ISL_78724|Human|H1N1|2009.322|NorthAmerica|seasonal,2009.322,-588.6,42.2924901185771,2277,2277,39.7891963109354,43.5441370223979
EPI_ISL_80828|Human|H1N1|2009.329|NorthAmerica|,2009.329,-588.6,42.2924901185771,2277,2277,39.7891963109354,43.5441370223979
EPI_ISL_80811|Human|H1N1|2009.326|NorthAmerica|,2009.326,-588.6,42.2924901185771,2277,2277,39.7891963109354,43.5441370223979
EPI_ISL_80792|Human|H1N1|2009.323|NorthAmerica|,2009.323,-588,42.2485726833553,2277,2277,39.6574440052701,43.5441370223979
EPI_ISL_80833|Human|H1N1|2009.373|NorthAmerica|,2009.373,-586.5,42.2485726833553,2277,2277,39.6574440052701,43.5441370223979
EPI_ISL_87241|Human|H1N1|2009.205|NorthAmerica|,2009.205,-592.2,42.1168203776899,2277,2277,39.262187088274,43.5441370223979
EPI_ISL_99238|Human|H1N1|2009|NorthAmerica|,2009,-588,42.2485726833553,2277,2277,39.7891963109354,43.4782608695652
EPI_ISL_99228|Human|H1N1|2009.162|Asia|,2009.162,-591.4,42.0289855072464,2277,2277,39.1304347826087,43.4782608695652
EPI_ISL_80763|Human|H1N1|2009.312|NorthAmerica|,2009.312,-585.4,42.1516754850088,2268,2268,39.5502645502646,43.452380952381
EPI_ISL_99239|Human|H1N1|2009.162|NorthAmerica|,2009.162,-580.3,42.0289855072464,2277,2277,39.3939393939394,43.3465085638999
EPI_ISL_263187|Human|H1N1|2009.625|SouthAmerica|,2009.625,-566.3,42.2222222222222,2205,2205,40,43.3333333333333
EPI_ISL_263217|Human|H1N1|2009.575|SouthAmerica|,2009.575,-586.8,42.2485726833553,2277,2277,39.5256916996047,43.6100131752306
EPI_ISL_33555|Human|H1N1|2008|Asia|seasonal,2008,-589.7,42.0729029424682,2277,2277,39.262187088274,43.4782608695652
EPI_ISL_80764|Human|H1N1|2009.315|NorthAmerica|,2009.315,-594.6,42.2485726833553,2277,2277,39.6574440052701,43.5441370223979
EPI_ISL_76121|Human|H1N1|2009.322|NorthAmerica|seasonal,2009.322,-592.2,42.2485726833553,2277,2277,39.6574440052701,43.5441370223979
EPI_ISL_80782|Human|H1N1|2009.323|NorthAmerica|,2009.323,-592.2,42.2046552481335,2277,2277,39.6574440052701,43.4782608695652
EPI_ISL_91037|Human|H1N1|2009.323|NorthAmerica|,2009.323,-592.2,42.2485726833553,2277,2277,39.6574440052701,43.5441370223979
EPI_ISL_99240|Human|H1N1|2009.162|NorthAmerica|,2009.162,-591.1,42.2046552481335,2277,2277,39.5256916996047,43.5441370223979
EPI_ISL_99242|Human|H1N1|2009|NorthAmerica|,2009,-590.2,42.1607378129117,2277,2277,39.5256916996047,43.4782608695652
EPI_ISL_78566|Human|H1N1|2007|SouthAmerica|seasonal,2007,-589.4,42.1168203776899,2277,2277,39.262187088274,43.5441370223979
EPI_ISL_99222|Human|H1N1|2008.937|SouthAmerica|,2008.937,-588.9,42.1168203776899,2277,2277,39.1304347826087,43.6100131752306
EPI_ISL_78567|Human|H1N1|2007|SouthAmerica|seasonal,2007,-584.1,42.1168203776899,2277,2277,39.262187088274,43.5441370223979
EPI_ISL_99217|Human|H1N1|2008.672|SouthAmerica|,2008.672,-598.2,42.1168203776899,2277,2277,39.5256916996047,43.4123847167325
EPI_ISL_208717|Human|H1N1|2009.112|Asia|,2009.112,-593.2,42.2485726833553,2277,2277,39.5256916996047,43.6100131752306
EPI_ISL_77960|Human|H1N1|2009.086|NorthAmerica|seasonal,2009.086,-591.3,42.0729029424682,2277,2277,39.1304347826087,43.5441370223979
EPI_ISL_66172|Human|H1N1|2009.462|Asia|seasonal,2009.462,-590.9,42.1607378129117,2277,2277,39.262187088274,43.6100131752306
EPI_ISL_70618|Human|H1N1|2009.473|Asia|seasonal,2009.473,-588.8,42.0729029424682,2277,2277,38.9986824769433,43.6100131752306
EPI_ISL_80779|Human|H1N1|2009.323|NorthAmerica|,2009.323,-583.2,42.2485726833553,2277,2277,39.6574440052701,43.5441370223979
EPI_ISL_87227|Human|H1N1|2009.186|NorthAmerica|,2009.186,-583.6,42.0729029424682,2277,2277,38.9986824769433,43.6100131752306
EPI_ISL_208749|Human|H1N1|2008.842|Asia|,2008.842,-586.5,42.0289855072464,2277,2277,39.1304347826087,43.4782608695652
EPI_ISL_61867|Human|H1N1|2009.537|Asia|seasonal,2009.537,-592.3,42.4242424242424,2277,2277,40.0527009222661,43.6100131752306
EPI_ISL_80836|Human|H1N1|2009.43|NorthAmerica|,2009.43,-586.9,42.1607378129117,2277,2277,39.1304347826087,43.6758893280632
EPI_ISL_77965|Human|H1N1|2009.163|NorthAmerica|seasonal,2009.163,-589.4,42.3803249890206,2277,2277,39.9209486166008,43.6100131752306
EPI_ISL_164033|Human|H1N1|2009.041|Europe|seasonal,2009.041,-585.4,42.1607378129117,2277,2277,39.3939393939394,43.5441370223979
EPI_ISL_69710|Human|H1N1|2009.808|Asia|seasonal,2009.808,-592.7,42.3364075537989,2277,2277,39.9209486166008,43.5441370223979
EPI_ISL_70620|Human|H1N1|2009.67|Asia|seasonal,2009.67,-587.7,42.2046552481335,2277,2277,39.7891963109354,43.4123847167325
EPI_ISL_66173|Human|H1N1|2009.538|Asia|seasonal,2009.538,-586.3,42.2046552481335,2277,2277,39.6574440052701,43.4782608695652
EPI_ISL_164032|Human|H1N1|2008.975|Europe|seasonal,2008.975,-585.4,42.1607378129117,2277,2277,39.5256916996047,43.4782608695652
EPI_ISL_164034|Human|H1N1|2009.153|Europe|seasonal,2009.153,-585.4,42.1607378129117,2277,2277,39.5256916996047,43.4782608695652
EPI_ISL_80808|Human|H1N1|2009.323|NorthAmerica|,2009.323,-583.4,41.9850680720246,2277,2277,38.9986824769433,43.4782608695652
EPI_ISL_61399|Human|H1N1|2009.007|Asia|seasonal,2009.007,-590.7,42.1607378129117,2277,2277,39.3939393939394,43.5441370223979
EPI_ISL_66171|Human|H1N1|2009.527|Asia|seasonal,2009.527,-585.6,42.1607378129117,2277,2277,39.3939393939394,43.5441370223979
EPI_ISL_208750|Human|H1N1|2009.077|Asia|,2009.077,-582.3,42.0289855072464,2277,2277,39.1304347826087,43.4782608695652
EPI_ISL_164031|Human|H1N1|2008.844|Europe|seasonal,2008.844,-585.8,42.0729029424682,2277,2277,39.1304347826087,43.5441370223979
EPI_ISL_70619|Human|H1N1|2009.5|Asia|seasonal,2009.5,-586.3,42.0289855072464,2277,2277,38.9986824769433,43.5441370223979
EPI_ISL_208751|Human|H1N1|2009.499|Asia|,2009.499,-584.5,41.9850680720246,2277,2277,39.262187088274,43.3465085638999
EPI_ISL_66168|Human|H1N1|2009.522|Asia|seasonal,2009.522,-583.7,41.9850680720246,2277,2277,39.1304347826087,43.4123847167325
EPI_ISL_66167|Human|H1N1|2009.456|Asia|seasonal,2009.456,-595.6,41.9411506368028,2277,2277,39.1304347826087,43.3465085638999
EPI_ISL_208719|Human|H1N1|2009.573|Asia|,2009.573,-591.8,41.897233201581,2277,2277,38.9986824769433,43.3465085638999
EPI_ISL_208690|Human|H1N1|2008.877|Asia|,2008.877,-585.9,42.1168203776899,2277,2277,39.3939393939394,43.4782608695652
EPI_ISL_83678|Human|H1N1|2010.627|Asia|seasonal,2010.627,-588.2,42.0729029424682,2277,2277,39.1304347826087,43.5441370223979
EPI_ISL_83677|Human|H1N1|2010.104|Asia|seasonal,2010.104,-588.2,42.0729029424682,2277,2277,39.1304347826087,43.5441370223979
EPI_ISL_83674|Human|H1N1|2010.016|Asia|seasonal,2010.016,-588.2,42.0729029424682,2277,2277,39.1304347826087,43.5441370223979
EPI_ISL_93598|Human|H1N1|2008.861|Asia|,2008.861,-588,42.1168203776899,2277,2277,39.262187088274,43.5441370223979
EPI_ISL_208731|Human|H1N1|2008.992|Asia|,2008.992,-588,42.1168203776899,2277,2277,39.262187088274,43.5441370223979
EPI_ISL_208732|Human|H1N1|2009.041|Asia|,2009.041,-587.7,42.1607378129117,2277,2277,39.3939393939394,43.5441370223979
EPI_ISL_80827|Human|H1N1|2009.329|NorthAmerica|,2009.329,-588,42.2046552481335,2277,2277,39.3939393939394,43.6100131752306
EPI_ISL_80790|Human|H1N1|2009.323|NorthAmerica|,2009.323,-587.1,42.1607378129117,2277,2277,39.262187088274,43.6100131752306
EPI_ISL_80788|Human|H1N1|2009.323|NorthAmerica|,2009.323,-588.8,42.2046552481335,2277,2277,39.3939393939394,43.6100131752306
EPI_ISL_80386|Human|H1N1|2009.318|NorthAmerica|,2009.318,-587.1,42.1168203776899,2277,2277,39.1304347826087,43.6100131752306
EPI_ISL_80383|Human|H1N1|2009.318|NorthAmerica|,2009.318,-587.1,42.1168203776899,2277,2277,39.1304347826087,43.6100131752306
EPI_ISL_80831|Human|H1N1|2009.337|NorthAmerica|,2009.337,-587.1,42.1168203776899,2277,2277,39.1304347826087,43.6100131752306
EPI_ISL_80819|Human|H1N1|2009.326|NorthAmerica|,2009.326,-587.1,42.1168203776899,2277,2277,39.1304347826087,43.6100131752306
EPI_ISL_80805|Human|H1N1|2009.323|NorthAmerica|,2009.323,-587.1,42.1168203776899,2277,2277,39.1304347826087,43.6100131752306
EPI_ISL_80775|Human|H1N1|2009.321|NorthAmerica|,2009.321,-587.1,42.1168203776899,2277,2277,39.1304347826087,43.6100131752306
EPI_ISL_80780|Human|H1N1|2009.323|NorthAmerica|,2009.323,-587.1,42.1607378129117,2277,2277,39.262187088274,43.6100131752306
EPI_ISL_80824|Human|H1N1|2009|NorthAmerica|,2009,-586.2,42.2046552481335,2277,2277,39.3939393939394,43.6100131752306
EPI_ISL_93578|Human|H1N1|2008.943|Asia|,2008.943,-588,42.1607378129117,2277,2277,39.3939393939394,43.5441370223979
EPI_ISL_80384|Human|H1N1|2009.318|NorthAmerica|,2009.318,-586.9,42.1168203776899,2277,2277,39.262187088274,43.5441370223979
EPI_ISL_80825|Human|H1N1|2009.34|NorthAmerica|,2009.34,-585,42.0729029424682,2277,2277,39.1304347826087,43.5441370223979
EPI_ISL_80820|Human|H1N1|2009.326|NorthAmerica|,2009.326,-585,42.0729029424682,2277,2277,39.1304347826087,43.5441370223979
EPI_ISL_80807|Human|H1N1|2009.323|NorthAmerica|,2009.323,-585,42.0729029424682,2277,2277,39.1304347826087,43.5441370223979
EPI_ISL_80821|Human|H1N1|2009.326|NorthAmerica|,2009.326,-585,42.0729029424682,2277,2277,39.1304347826087,43.5441370223979
EPI_ISL_70176|Human|H1N1|2009.049|Asia|seasonal,2009.049,-585.6,42.0289855072464,2277,2277,38.9986824769433,43.5441370223979
EPI_ISL_70178|Human|H1N1|2008.997|Asia|seasonal,2008.997,-583.9,41.9411506368028,2277,2277,38.866930171278,43.4782608695652
EPI_ISL_70161|Human|H1N1|2009.033|Asia|seasonal,2009.033,-586.3,42.0729029424682,2277,2277,39.1304347826087,43.5441370223979
EPI_ISL_99232|Human|H1N1|2009.085|NorthAmerica|,2009.085,-585.4,42.0289855072464,2277,2277,38.866930171278,43.6100131752306
EPI_ISL_208730|Human|H1N1|2008.713|Asia|,2008.713,-589.2,42.1607378129117,2277,2277,39.5256916996047,43.4782608695652
EPI_ISL_77954|Human|H1N1|2009.162|Asia|seasonal,2009.162,-589.6,42.0729029424682,2277,2277,39.262187088274,43.4782608695652
EPI_ISL_208733|Human|H1N1|2009.126|Asia|,2009.126,-588.2,42.0729029424682,2277,2277,39.1304347826087,43.5441370223979
EPI_ISL_208759|Human|H1N1|2008.79|Asia|,2008.79,-589,42.1607378129117,2277,2277,39.3939393939394,43.5441370223979
EPI_ISL_70177|Human|H1N1|2009.068|Asia|seasonal,2009.068,-588.7,42.1607378129117,2277,2277,39.3939393939394,43.5441370223979
EPI_ISL_80815|Human|H1N1|2009.326|NorthAmerica|,2009.326,-586.9,42.1168203776899,2277,2277,39.262187088274,43.5441370223979
EPI_ISL_70175|Human|H1N1|2009.036|Asia|seasonal,2009.036,-589.3,42.1607378129117,2277,2277,39.3939393939394,43.5441370223979
EPI_ISL_87218|Human|H1N1|2009.118|NorthAmerica|,2009.118,-588,42.1607378129117,2277,2277,39.3939393939394,43.5441370223979
EPI_ISL_80812|Human|H1N1|2009.326|NorthAmerica|,2009.326,-586.8,42.1168203776899,2277,2277,39.3939393939394,43.4782608695652
EPI_ISL_89591|Human|H1N1|2009.132|NorthAmerica|,2009.132,-588,42.2046552481335,2277,2277,39.5256916996047,43.5441370223979
EPI_ISL_62518|Human|H1N1|2009.352|NorthAmerica|seasonal,2009.352,-590.5,42.2046552481335,2277,2277,39.5256916996047,43.5441370223979
EPI_ISL_76128|Human|H1N1|2009.319|NorthAmerica|seasonal,2009.319,-582.2,42.0289855072464,2277,2277,39.1304347826087,43.4782608695652
EPI_ISL_80830|Human|H1N1|2009.345|NorthAmerica|,2009.345,-585.2,42.1168203776899,2277,2277,39.3939393939394,43.4782608695652
EPI_ISL_80829|Human|H1N1|2009.332|NorthAmerica|,2009.332,-585.2,42.1168203776899,2277,2277,39.3939393939394,43.4782608695652
EPI_ISL_80793|Human|H1N1|2009.323|NorthAmerica|,2009.323,-585.2,42.1168203776899,2277,2277,39.3939393939394,43.4782608695652
EPI_ISL_80778|Human|H1N1|2009.321|NorthAmerica|,2009.321,-585.2,42.1168203776899,2277,2277,39.3939393939394,43.4782608695652
EPI_ISL_80770|Human|H1N1|2009.318|NorthAmerica|,2009.318,-585.2,42.1168203776899,2277,2277,39.3939393939394,43.4782608695652
EPI_ISL_76125|Human|H1N1|2009.314|NorthAmerica|seasonal,2009.314,-583.9,42.1168203776899,2277,2277,39.1304347826087,43.6100131752306
EPI_ISL_99231|Human|H1N1|2009|Asia|,2009,-588,42.1607378129117,2277,2277,39.262187088274,43.6100131752306
EPI_ISL_95932|Human|H1N1|2008.117|NorthAmerica|,2008.117,-587,42.1607378129117,2277,2277,39.262187088274,43.6100131752306
EPI_ISL_77943|Human|H1N1|2009.086|NorthAmerica|seasonal,2009.086,-595,42.2485726833553,2277,2277,39.6574440052701,43.5441370223979
EPI_ISL_70171|Human|H1N1|2009.025|Asia|seasonal,2009.025,-593.4,42.2924901185771,2277,2277,39.9209486166008,43.4782608695652
EPI_ISL_70159|Human|H1N1|2009.011|Asia|seasonal,2009.011,-596.9,42.2924901185771,2277,2277,39.7891963109354,43.5441370223979
EPI_ISL_80800|Human|H1N1|2009.323|NorthAmerica|,2009.323,-596.9,42.2924901185771,2277,2277,39.7891963109354,43.5441370223979
EPI_ISL_80797|Human|H1N1|2009.323|NorthAmerica|,2009.323,-595.8,42.2924901185771,2277,2277,39.9209486166008,43.4782608695652
EPI_ISL_87219|Human|H1N1|2009.121|NorthAmerica|,2009.121,-597.8,42.3364075537989,2277,2277,39.9209486166008,43.5441370223979
EPI_ISL_80771|Human|H1N1|2009.318|NorthAmerica|,2009.318,-598.7,42.4242424242424,2277,2277,40.0527009222661,43.6100131752306
EPI_ISL_80766|Human|H1N1|2009.315|NorthAmerica|,2009.315,-598.7,42.4242424242424,2277,2277,40.0527009222661,43.6100131752306
EPI_ISL_80385|Human|H1N1|2009.321|NorthAmerica|,2009.321,-598.3,42.512077294686,2277,2277,40.1844532279315,43.6758893280632
EPI_ISL_80822|Human|H1N1|2009.326|NorthAmerica|,2009.326,-598.3,42.512077294686,2277,2277,40.1844532279315,43.6758893280632
EPI_ISL_80816|Human|H1N1|2009.326|NorthAmerica|,2009.326,-598.3,42.512077294686,2277,2277,40.1844532279315,43.6758893280632
EPI_ISL_76120|Human|H1N1|2009.319|NorthAmerica|seasonal,2009.319,-598.7,42.4681598594642,2277,2277,40.3162055335968,43.5441370223979
EPI_ISL_78722|Human|H1N1|2009.319|NorthAmerica|seasonal,2009.319,-600.5,42.4242424242424,2277,2277,39.9209486166008,43.6758893280632
EPI_ISL_80818|Human|H1N1|2009.326|NorthAmerica|,2009.326,-600.5,42.4242424242424,2277,2277,39.9209486166008,43.6758893280632
EPI_ISL_80809|Human|H1N1|2009.329|NorthAmerica|,2009.329,-599.2,42.4242424242424,2277,2277,40.0527009222661,43.6100131752306
EPI_ISL_80806|Human|H1N1|2009.323|NorthAmerica|,2009.323,-592.3,42.2924901185771,2277,2277,39.5256916996047,43.6758893280632
EPI_ISL_80787|Human|H1N1|2009.323|NorthAmerica|,2009.323,-600.5,42.4242424242424,2277,2277,39.9209486166008,43.6758893280632
EPI_ISL_80786|Human|H1N1|2009.323|NorthAmerica|,2009.323,-600.5,42.4242424242424,2277,2277,39.9209486166008,43.6758893280632
EPI_ISL_80784|Human|H1N1|2009.321|NorthAmerica|,2009.321,-599.2,42.4242424242424,2277,2277,40.0527009222661,43.6100131752306
EPI_ISL_80772|Human|H1N1|2009.318|NorthAmerica|,2009.318,-599.2,42.4242424242424,2277,2277,40.0527009222661,43.6100131752306
EPI_ISL_144595|Human|H1N1|2009.118|NorthAmerica|,2009.118,-593.5,42.3803249890206,2277,2277,39.9209486166008,43.6100131752306
EPI_ISL_144591|Human|H1N1|2009.167|NorthAmerica|,2009.167,-595.7,42.3364075537989,2277,2277,39.6574440052701,43.6758893280632
EPI_ISL_144594|Human|H1N1|2009.099|NorthAmerica|,2009.099,-597.7,42.3364075537989,2277,2277,39.7891963109354,43.6100131752306
EPI_ISL_87231|Human|H1N1|2009.052|NorthAmerica|,2009.052,-597.7,42.3364075537989,2277,2277,39.7891963109354,43.6100131752306
EPI_ISL_62507|Human|H1N1|2009.318|NorthAmerica|seasonal,2009.318,-595.9,42.3364075537989,2277,2277,39.6574440052701,43.6758893280632
EPI_ISL_80387|Human|H1N1|2009.323|NorthAmerica|,2009.323,-597.8,42.4428822495606,2276,2277,39.9736147757256,43.6758893280632
EPI_ISL_80817|Human|H1N1|2009.326|NorthAmerica|,2009.326,-595.9,42.4242424242424,2277,2277,40.0527009222661,43.6100131752306
EPI_ISL_80804|Human|H1N1|2009.323|NorthAmerica|,2009.323,-597.7,42.3803249890206,2277,2277,39.9209486166008,43.6100131752306
EPI_ISL_99241|Human|H1N1|2009|Asia|,2009,-596.8,42.3364075537989,2277,2277,39.7891963109354,43.6100131752306
EPI_ISL_99236|Human|H1N1|2009|Asia|,2009,-596.7,42.3364075537989,2277,2277,39.7891963109354,43.6100131752306
EPI_ISL_99234|Human|H1N1|2009.162|NorthAmerica|,2009.162,-597.6,42.3803249890206,2277,2277,39.9209486166008,43.6100131752306
EPI_ISL_99233|Human|H1N1|2009.247|NorthAmerica|,2009.247,-597,42.2924901185771,2277,2277,39.7891963109354,43.5441370223979
EPI_ISL_77967|Human|H1N1|2009.163|NorthAmerica|seasonal,2009.163,-595.7,42.3364075537989,2277,2277,39.7891963109354,43.6100131752306
EPI_ISL_77937|Human|H1N1|2009.163|NorthAmerica|seasonal,2009.163,-595.6,42.2924901185771,2277,2277,39.6574440052701,43.6100131752306
EPI_ISL_77959|Human|H1N1|2009.086|NorthAmerica|seasonal,2009.086,-596.3,42.3364075537989,2277,2277,39.7891963109354,43.6100131752306
EPI_ISL_77941|Human|H1N1|2009.163|NorthAmerica|seasonal,2009.163,-595,42.2924901185771,2277,2277,39.6574440052701,43.6100131752306
EPI_ISL_144607|Human|H1N1|2009.137|NorthAmerica|,2009.137,-597.7,42.3803249890206,2277,2277,39.9209486166008,43.6100131752306
EPI_ISL_144606|Human|H1N1|2009.137|NorthAmerica|,2009.137,-597.7,42.3803249890206,2277,2277,39.9209486166008,43.6100131752306
EPI_ISL_77970|Human|H1N1|2009.163|NorthAmerica|seasonal,2009.163,-598.2,42.3364075537989,2277,2277,39.7891963109354,43.6100131752306
EPI_ISL_144622|Human|H1N1|2009.137|NorthAmerica|,2009.137,-597.7,42.3803249890206,2277,2277,39.9209486166008,43.6100131752306
EPI_ISL_77942|Human|H1N1|2009.438|SouthAmerica|,2009.438,-595.4,42.3803249890206,2277,2277,39.7891963109354,43.6758893280632
EPI_ISL_99235|Human|H1N1|2009.085|Asia|,2009.085,-602.8,42.2924901185771,2277,2277,39.9209486166008,43.4782608695652
EPI_ISL_87207|Human|H1N1|2009.148|NorthAmerica|,2009.148,-599.5,42.2485726833553,2277,2277,39.6574440052701,43.5441370223979
EPI_ISL_62483|Human|H1N1|2009.319|NorthAmerica|seasonal,2009.319,-594.9,42.3803249890206,2277,2277,39.6574440052701,43.7417654808959
EPI_ISL_156324|Human|H1N1|2009.548|Oceania|,2009.548,-594,42.4242424242424,2277,2277,39.9209486166008,43.6758893280632
EPI_ISL_80814|Human|H1N1|2009.326|NorthAmerica|,2009.326,-600,42.3803249890206,2277,2277,39.6574440052701,43.7417654808959
EPI_ISL_80802|Human|H1N1|2009.326|NorthAmerica|,2009.326,-600,42.3803249890206,2277,2277,39.6574440052701,43.7417654808959
EPI_ISL_80781|Human|H1N1|2009.321|NorthAmerica|,2009.321,-600,42.3803249890206,2277,2277,39.6574440052701,43.7417654808959
EPI_ISL_80785|Human|H1N1|2009.323|NorthAmerica|,2009.323,-600,42.3803249890206,2277,2277,39.6574440052701,43.7417654808959
EPI_ISL_80767|Human|H1N1|2009.318|NorthAmerica|,2009.318,-600,42.3803249890206,2277,2277,39.6574440052701,43.7417654808959
EPI_ISL_91038|Human|H1N1|2009.321|NorthAmerica|,2009.321,-598.4,42.3364075537989,2277,2277,39.6574440052701,43.6758893280632
EPI_ISL_80773|Human|H1N1|2009.318|NorthAmerica|,2009.318,-599.4,42.4242424242424,2277,2277,39.9209486166008,43.6758893280632
EPI_ISL_29674|Human|H1N1|2008.653|NorthAmerica|seasonal,2008.653,-595,42.3364075537989,2277,2277,39.9209486166008,43.5441370223979
EPI_ISL_62911|Human|H1N1|2008.657|NorthAmerica|seasonal,2008.657,-594.7,42.2924901185771,2277,2277,40.0527009222661,43.4123847167325
EPI_ISL_62906|Human|H1N1|2008.802|NorthAmerica|seasonal,2008.802,-594.9,42.2924901185771,2277,2277,39.7891963109354,43.5441370223979
EPI_ISL_30232|Human|H1N1|2008.762|NorthAmerica|seasonal,2008.762,-596.3,42.3803249890206,2277,2277,40.0527009222661,43.5441370223979
EPI_ISL_62912|Human|H1N1|2008.6|NorthAmerica|seasonal,2008.6,-596,42.4242424242424,2277,2277,40.0527009222661,43.6100131752306
EPI_ISL_87210|Human|H1N1|2009.153|NorthAmerica|,2009.153,-603.9,42.2485726833553,2277,2277,39.1304347826087,43.8076416337286
EPI_ISL_87186|Human|H1N1|2009.11|NorthAmerica|,2009.11,-603.9,42.2924901185771,2277,2277,39.262187088274,43.8076416337286
EPI_ISL_87215|Human|H1N1|2009.167|NorthAmerica|,2009.167,-605.3,42.2485726833553,2277,2277,39.262187088274,43.7417654808959
EPI_ISL_87205|Human|H1N1|2009.145|NorthAmerica|,2009.145,-599.8,42.2046552481335,2277,2277,39.262187088274,43.6758893280632
EPI_ISL_62528|Human|H1N1|2009.399|NorthAmerica|seasonal,2009.399,-603.3,42.2046552481335,2277,2277,39.3939393939394,43.6100131752306
EPI_ISL_87240|Human|H1N1|2009.137|NorthAmerica|,2009.137,-598.3,42.2485726833553,2277,2277,39.3939393939394,43.6758893280632
EPI_ISL_87234|Human|H1N1|2009.112|NorthAmerica|,2009.112,-601,42.2485726833553,2277,2277,39.3939393939394,43.6758893280632
EPI_ISL_87220|Human|H1N1|2009.156|NorthAmerica|,2009.156,-603.3,42.2485726833553,2277,2277,39.3939393939394,43.6758893280632
EPI_ISL_87212|Human|H1N1|2009.156|NorthAmerica|,2009.156,-595.9,42.2046552481335,2277,2277,39.1304347826087,43.7417654808959
EPI_ISL_87209|Human|H1N1|2009.151|NorthAmerica|,2009.151,-597.3,42.1607378129117,2277,2277,39.1304347826087,43.6758893280632
EPI_ISL_87195|Human|H1N1|2009.137|NorthAmerica|,2009.137,-599.1,42.2924901185771,2277,2277,39.3939393939394,43.7417654808959
EPI_ISL_87192|Human|H1N1|2009.112|NorthAmerica|,2009.112,-597.5,42.1607378129117,2277,2277,39.1304347826087,43.6758893280632
EPI_ISL_87190|Human|H1N1|2009.107|NorthAmerica|,2009.107,-600.6,42.2924901185771,2277,2277,39.5256916996047,43.6758893280632
EPI_ISL_87185|Human|H1N1|2009.104|NorthAmerica|,2009.104,-601,42.2485726833553,2277,2277,39.3939393939394,43.6758893280632
EPI_ISL_89600|Human|H1N1|2009.036|NorthAmerica|,2009.036,-599.3,42.2046552481335,2277,2277,39.262187088274,43.6758893280632
EPI_ISL_89596|Human|H1N1|2009.142|NorthAmerica|,2009.142,-602.4,42.2046552481335,2277,2277,39.262187088274,43.6758893280632
EPI_ISL_89947|Human|H1N1|2009.137|NorthAmerica|,2009.137,-601,42.2924901185771,2277,2277,39.5256916996047,43.6758893280632
EPI_ISL_89940|Human|H1N1|2009.074|NorthAmerica|,2009.074,-601,42.2485726833553,2277,2277,39.3939393939394,43.6758893280632
EPI_ISL_93685|Human|H1N1|2009.115|NorthAmerica|,2009.115,-598.3,42.2485726833553,2277,2277,39.3939393939394,43.6758893280632
EPI_ISL_62519|Human|H1N1|2009.363|NorthAmerica|seasonal,2009.363,-600.6,42.1168203776899,2277,2277,39.1304347826087,43.6100131752306
EPI_ISL_87216|Human|H1N1|2009.118|NorthAmerica|,2009.118,-598,42.2046552481335,2277,2277,39.3939393939394,43.6100131752306
EPI_ISL_89599|Human|H1N1|2009.216|NorthAmerica|,2009.216,-602.5,42.2924901185771,2277,2277,39.5256916996047,43.6758893280632
EPI_ISL_89605|Human|H1N1|2009.195|NorthAmerica|,2009.195,-595.3,42.1168203776899,2277,2277,39.1304347826087,43.6100131752306
EPI_ISL_87226|Human|H1N1|2009.186|NorthAmerica|,2009.186,-601,42.2485726833553,2277,2277,39.3939393939394,43.6758893280632
EPI_ISL_87225|Human|H1N1|2009.184|NorthAmerica|,2009.184,-601,42.2485726833553,2277,2277,39.3939393939394,43.6758893280632
EPI_ISL_87222|Human|H1N1|2009.162|NorthAmerica|,2009.162,-598.3,42.2485726833553,2277,2277,39.3939393939394,43.6758893280632
EPI_ISL_89597|Human|H1N1|2009.159|NorthAmerica|,2009.159,-601.4,42.2671353251318,2276,2277,39.4459102902375,43.6758893280632
EPI_ISL_80390|Human|H1N1|2009.323|NorthAmerica|,2009.323,-601,42.2485726833553,2277,2277,39.3939393939394,43.6758893280632
EPI_ISL_80801|Human|H1N1|2009.323|NorthAmerica|,2009.323,-601,42.2485726833553,2277,2277,39.3939393939394,43.6758893280632
EPI_ISL_87211|Human|H1N1|2009.082|NorthAmerica|,2009.082,-596,42.2046552481335,2277,2277,39.262187088274,43.6758893280632
EPI_ISL_88954|Human|H1N1|2009.077|NorthAmerica|,2009.077,-596,42.2046552481335,2277,2277,39.262187088274,43.6758893280632
EPI_ISL_87183|Human|H1N1|2009.077|NorthAmerica|,2009.077,-596,42.2046552481335,2277,2277,39.262187088274,43.6758893280632
EPI_ISL_80791|Human|H1N1|2009.326|NorthAmerica|,2009.326,-599.3,42.1607378129117,2277,2277,39.1304347826087,43.6758893280632
EPI_ISL_87223|Human|H1N1|2009.167|NorthAmerica|,2009.167,-598.3,42.2485726833553,2277,2277,39.3939393939394,43.6758893280632
EPI_ISL_87194|Human|H1N1|2009.132|NorthAmerica|,2009.132,-595.7,42.2485726833553,2277,2277,39.3939393939394,43.6758893280632
EPI_ISL_87202|Human|H1N1|2009.14|NorthAmerica|,2009.14,-594.8,42.1607378129117,2277,2277,39.262187088274,43.6100131752306
EPI_ISL_87236|Human|H1N1|2009.118|NorthAmerica|,2009.118,-599.3,42.2046552481335,2277,2277,39.262187088274,43.6758893280632
EPI_ISL_87221|Human|H1N1|2009.159|NorthAmerica|,2009.159,-598,42.2485726833553,2277,2277,39.262187088274,43.7417654808959
EPI_ISL_89598|Human|H1N1|2009.159|NorthAmerica|,2009.159,-598,42.2046552481335,2277,2277,39.262187088274,43.6758893280632
EPI_ISL_89593|Human|H1N1|2009.167|NorthAmerica|,2009.167,-598.4,42.2046552481335,2277,2277,39.3939393939394,43.6100131752306
EPI_ISL_87230|Human|H1N1|2009.225|NorthAmerica|,2009.225,-600.6,42.2485726833553,2277,2277,39.3939393939394,43.6758893280632
EPI_ISL_87213|Human|H1N1|2009.162|NorthAmerica|,2009.162,-599.3,42.2046552481335,2277,2277,39.262187088274,43.6758893280632
EPI_ISL_89590|Human|H1N1|2009.134|NorthAmerica|,2009.134,-598.4,42.2046552481335,2277,2277,39.262187088274,43.6758893280632
EPI_ISL_87224|Human|H1N1|2009.184|NorthAmerica|,2009.184,-598,42.2046552481335,2277,2277,39.262187088274,43.6758893280632
EPI_ISL_87196|Human|H1N1|2009.137|NorthAmerica|,2009.137,-598,42.2046552481335,2277,2277,39.262187088274,43.6758893280632
EPI_ISL_87238|Human|H1N1|2009.145|NorthAmerica|,2009.145,-597.7,42.2485726833553,2277,2277,39.3939393939394,43.6758893280632
EPI_ISL_87233|Human|H1N1|2009.107|NorthAmerica|,2009.107,-598,42.2046552481335,2277,2277,39.262187088274,43.6758893280632
EPI_ISL_87228|Human|H1N1|2009.195|NorthAmerica|,2009.195,-598,42.2046552481335,2277,2277,39.262187088274,43.6758893280632
EPI_ISL_87208|Human|H1N1|2009.148|NorthAmerica|,2009.148,-598,42.2046552481335,2277,2277,39.262187088274,43.6758893280632
EPI_ISL_87239|Human|H1N1|2009.142|NorthAmerica|,2009.142,-598,42.2046552481335,2277,2277,39.262187088274,43.6758893280632
EPI_ISL_87189|Human|H1N1|2009.11|NorthAmerica|,2009.11,-605.1,42.2046552481335,2277,2277,39.262187088274,43.6758893280632
EPI_ISL_87214|Human|H1N1|2009.162|NorthAmerica|,2009.162,-596.7,42.1607378129117,2277,2277,39.1304347826087,43.6758893280632
EPI_ISL_87187|Human|H1N1|2009.112|NorthAmerica|,2009.112,-599,42.2046552481335,2277,2277,39.1304347826087,43.7417654808959
EPI_ISL_87235|Human|H1N1|2009.115|NorthAmerica|,2009.115,-601.1,42.1607378129117,2277,2277,38.9986824769433,43.7417654808959
EPI_ISL_87206|Human|H1N1|2009.145|NorthAmerica|,2009.145,-600.5,42.2924901185771,2277,2277,39.3939393939394,43.7417654808959
EPI_ISL_87203|Human|H1N1|2009.134|NorthAmerica|,2009.134,-601.1,42.1607378129117,2277,2277,38.9986824769433,43.7417654808959
EPI_ISL_87193|Human|H1N1|2009.112|NorthAmerica|,2009.112,-604.5,42.2924901185771,2277,2277,39.3939393939394,43.7417654808959
EPI_ISL_89604|Human|H1N1|2009.093|NorthAmerica|,2009.093,-596.6,42.1607378129117,2277,2277,39.3939393939394,43.5441370223979
EPI_ISL_89603|Human|H1N1|2009.079|NorthAmerica|,2009.079,-601.7,42.1607378129117,2277,2277,38.9986824769433,43.7417654808959
EPI_ISL_89602|Human|H1N1|2009.077|NorthAmerica|,2009.077,-601.7,42.1607378129117,2277,2277,38.9986824769433,43.7417654808959
EPI_ISL_89601|Human|H1N1|2009.058|NorthAmerica|,2009.058,-599,42.2046552481335,2277,2277,39.3939393939394,43.6100131752306
EPI_ISL_89595|Human|H1N1|2009.118|NorthAmerica|,2009.118,-599,42.1607378129117,2277,2277,39.262187088274,43.6100131752306
EPI_ISL_89592|Human|H1N1|2009.137|NorthAmerica|,2009.137,-599.5,42.1607378129117,2277,2277,39.1304347826087,43.6758893280632
EPI_ISL_87229|Human|H1N1|2009.222|NorthAmerica|,2009.222,-599,42.2046552481335,2277,2277,39.1304347826087,43.7417654808959
EPI_ISL_89589|Human|H1N1|2009.093|NorthAmerica|,2009.093,-593.7,42.1607378129117,2277,2277,39.262187088274,43.6100131752306
EPI_ISL_87204|Human|H1N1|2009.137|NorthAmerica|,2009.137,-603.9,42.2485726833553,2277,2277,39.262187088274,43.7417654808959
EPI_ISL_144596|Human|H1N1|2009.156|NorthAmerica|,2009.156,-597.9,42.3364075537989,2277,2277,39.9209486166008,43.5441370223979
EPI_ISL_62802|Human|H1N1|2008.146|NorthAmerica|seasonal,2008.146,-586.3,42.1168203776899,2277,2277,39.3939393939394,43.4782608695652
EPI_ISL_71839|Human|H1N1|2007|NorthAmerica|seasonal,2007,-589.3,42.1607378129117,2277,2277,39.3939393939394,43.5441370223979
EPI_ISL_116011|Human|H1N1|2008.486|Asia|,2008.486,-588,42.1607378129117,2277,2277,39.1304347826087,43.6758893280632
EPI_ISL_116010|Human|H1N1|2008.59|Asia|,2008.59,-588,42.1607378129117,2277,2277,39.1304347826087,43.6758893280632
EPI_ISL_106671|Human|H1N1|2008.574|Asia|,2008.574,-587.9,42.0729029424682,2277,2277,39.1304347826087,43.5441370223979
EPI_ISL_127615|Human|H1N1|2007|NorthAmerica|,2007,-589.1,42.1168203776899,2277,2277,39.1304347826087,43.6100131752306
EPI_ISL_15602|Human|H1N1|2006|Europe|seasonal,2006,-588.1,42.1284080914688,2274,2274,38.9182058047493,43.7335092348285
EPI_ISL_123192|Human|H1N1|2004|NorthAmerica|,2004,-602.6,42.2924901185771,2277,2277,39.3939393939394,43.7417654808959
EPI_ISL_145700|Human|H1N1|2007.395|Asia|,2007.395,-580.6,41.7654808959157,2277,2277,38.471673254282,43.4123847167325
EPI_ISL_145699|Human|H1N1|2007.364|Asia|,2007.364,-576.3,41.5898111550285,2277,2277,37.9446640316205,43.4123847167325
EPI_ISL_151781|Human|H1N1|2007.351|Asia|,2007.351,-578.3,41.6337285902503,2277,2277,37.9446640316205,43.4782608695652
EPI_ISL_151783|Human|H1N1|2007.351|Asia|,2007.351,-579.7,41.6776460254721,2277,2277,37.9446640316205,43.5441370223979
EPI_ISL_145698|Human|H1N1|2007.395|Asia|,2007.395,-578.3,41.6337285902503,2277,2277,37.9446640316205,43.4782608695652
EPI_ISL_181327|Human|H1N1|2007.375|Asia|,2007.375,-578.3,41.6337285902503,2277,2277,37.9446640316205,43.4782608695652
EPI_ISL_93587|Human|H1N1|2008.82|Asia|,2008.82,-578.9,41.5898111550285,2277,2277,37.6811594202899,43.5441370223979
EPI_ISL_93593|Human|H1N1|2008.762|Asia|,2008.762,-586.8,41.7215634606939,2277,2277,38.2081686429513,43.4782608695652
EPI_ISL_33558|Human|H1N1|2008|Asia|seasonal,2008,-582.1,41.7215634606939,2277,2277,38.2081686429513,43.4782608695652
EPI_ISL_33557|Human|H1N1|2008|Asia|seasonal,2008,-582.1,41.7215634606939,2277,2277,38.2081686429513,43.4782608695652
EPI_ISL_93599|Human|H1N1|2008.781|Asia|,2008.781,-577,41.5458937198068,2277,2277,37.6811594202899,43.4782608695652
EPI_ISL_63397|Human|H1N1|2007.971|Asia|seasonal,2007.971,-579.3,41.6776460254721,2277,2277,38.0764163372859,43.4782608695652
EPI_ISL_33559|Human|H1N1|2008|Asia|seasonal,2008,-578.7,41.6337285902503,2277,2277,37.9446640316205,43.4782608695652
EPI_ISL_33556|Human|H1N1|2008|Asia|seasonal,2008,-577.1,41.5898111550285,2277,2277,37.8129117259552,43.4782608695652
EPI_ISL_120440|Human|H1N1|2007.499|Asia|,2007.499,-578.6,41.6776460254721,2277,2277,37.9446640316205,43.5441370223979
EPI_ISL_181326|Human|H1N1|2007.364|Asia|,2007.364,-575.1,41.6337285902503,2277,2277,37.9446640316205,43.4782608695652
EPI_ISL_120445|Human|H1N1|2007.556|Asia|,2007.556,-580.9,41.6776460254721,2277,2277,38.2081686429513,43.4123847167325
EPI_ISL_151784|Human|H1N1|2007.354|Asia|,2007.354,-577.8,41.5898111550285,2277,2277,37.8129117259552,43.4782608695652
EPI_ISL_181325|Human|H1N1|2007.351|Asia|,2007.351,-579.3,41.6776460254721,2277,2277,38.0764163372859,43.4782608695652
EPI_ISL_120438|Human|H1N1|2007.107|Asia|,2007.107,-579.8,41.6776460254721,2277,2277,38.0764163372859,43.4782608695652
EPI_ISL_120437|Human|H1N1|2007.088|Asia|,2007.088,-579.8,41.6776460254721,2277,2277,38.0764163372859,43.4782608695652
EPI_ISL_120436|Human|H1N1|2007.088|Asia|,2007.088,-579.8,41.6776460254721,2277,2277,38.0764163372859,43.4782608695652
EPI_ISL_181328|Human|H1N1|2007.386|Asia|,2007.386,-575.1,41.6337285902503,2277,2277,37.9446640316205,43.4782608695652
EPI_ISL_120439|Human|H1N1|2007.444|Asia|,2007.444,-578.3,41.6337285902503,2277,2277,37.9446640316205,43.4782608695652
EPI_ISL_70167|Human|H1N1|2008.016|Asia|seasonal,2008.016,-575.7,41.5898111550285,2277,2277,37.9446640316205,43.4123847167325
EPI_ISL_70173|Human|H1N1|2008.139|Asia|seasonal,2008.139,-570.8,41.6337285902503,2277,2277,37.9446640316205,43.4782608695652
EPI_ISL_70157|Human|H1N1|2008.011|Asia|seasonal,2008.011,-569.2,41.5458937198068,2277,2277,37.8129117259552,43.4123847167325
EPI_ISL_70174|Human|H1N1|2008.183|Asia|seasonal,2008.183,-573.6,41.5458937198068,2277,2277,37.8129117259552,43.4123847167325
EPI_ISL_106750|Human|H1N1|2008.954|Asia|,2008.954,-571.6,41.2823891084761,2277,2277,37.0223978919631,43.4123847167325
EPI_ISL_106730|Human|H1N1|2008.861|Asia|,2008.861,-570.5,41.3702239789196,2277,2277,37.2859025032938,43.4123847167325
EPI_ISL_106675|Human|H1N1|2008.5|Asia|,2008.5,-572.3,41.4580588493632,2277,2277,37.5494071146245,43.4123847167325
EPI_ISL_115857|Human|H1N1|2008.858|Asia|,2008.858,-570.5,41.3702239789196,2277,2277,37.2859025032938,43.4123847167325
EPI_ISL_106752|Human|H1N1|2008.536|Asia|,2008.536,-572.3,41.4580588493632,2277,2277,37.5494071146245,43.4123847167325
EPI_ISL_106712|Human|H1N1|2008.746|Asia|,2008.746,-574.1,41.5458937198068,2277,2277,37.8129117259552,43.4123847167325
EPI_ISL_106711|Human|H1N1|2008.746|Asia|,2008.746,-574.1,41.5458937198068,2277,2277,37.8129117259552,43.4123847167325
EPI_ISL_106691|Human|H1N1|2008.678|Asia|,2008.678,-573.1,41.4580588493632,2277,2277,37.5494071146245,43.4123847167325
EPI_ISL_116006|Human|H1N1|2008.648|Asia|,2008.648,-574.6,41.5458937198068,2277,2277,37.6811594202899,43.4782608695652
EPI_ISL_116012|Human|H1N1|2008.522|Asia|,2008.522,-572,41.4141414141414,2277,2277,37.4176548089592,43.4123847167325
EPI_ISL_70163|Human|H1N1|2008.055|Asia|seasonal,2008.055,-572.5,41.501976284585,2277,2277,37.6811594202899,43.4123847167325
EPI_ISL_93581|Human|H1N1|2007.211|Asia|,2007.211,-579.7,41.6337285902503,2277,2277,38.0764163372859,43.4123847167325
EPI_ISL_7803|Human|H1N1|2007.058|NorthAmerica|seasonal,2007.058,-577.7,41.7654808959157,2277,2277,38.3399209486166,43.4782608695652
EPI_ISL_93597|Human|H1N1|2006.504|Asia|,2006.504,-581,41.7215634606939,2277,2277,38.2081686429513,43.4782608695652
EPI_ISL_93580|Human|H1N1|2006.392|Asia|,2006.392,-596,41.897233201581,2277,2277,38.6034255599473,43.5441370223979
EPI_ISL_25031|Human|H1N1|2006|Europe|seasonal,2006,-587.3,42.0729029424682,2277,2277,39.1304347826087,43.5441370223979
EPI_ISL_123193|Human|H1N1|2004|Asia|,2004,-598.6,42.2046552481335,2277,2277,39.262187088274,43.6758893280632
EPI_ISL_12839|Human|H1N1|2006|Asia|seasonal,2006,-597.2,42.1607378129117,2277,2277,39.262187088274,43.6100131752306
EPI_ISL_12838|Human|H1N1|2006|Asia|seasonal,2006,-590.9,42.2046552481335,2277,2277,39.5256916996047,43.5441370223979
EPI_ISL_120427|Human|H1N1|2005.573|Asia|,2005.573,-598.3,42.2924901185771,2277,2277,39.262187088274,43.8076416337286
EPI_ISL_120428|Human|H1N1|2005.605|Asia|,2005.605,-591,42.1607378129117,2277,2277,39.1304347826087,43.6758893280632
EPI_ISL_120431|Human|H1N1|2006.334|Asia|,2006.334,-594.8,42.3803249890206,2277,2277,39.7891963109354,43.6758893280632
EPI_ISL_93576|Human|H1N1|2005.989|Asia|,2005.989,-595.9,42.2046552481335,2277,2277,39.1304347826087,43.7417654808959
EPI_ISL_29642|Human|H1N1|2006.816|Asia|seasonal,2006.816,-590.1,42.3803249890206,2277,2277,39.6574440052701,43.7417654808959
EPI_ISL_99209|Human|H1N1|2006|Asia|,2006,-590.4,42.3364075537989,2277,2277,39.3939393939394,43.8076416337286
EPI_ISL_120435|Human|H1N1|2007.011|Asia|,2007.011,-591.8,42.2485726833553,2277,2277,39.6574440052701,43.5441370223979
EPI_ISL_120433|Human|H1N1|2006.759|Asia|,2006.759,-591.7,42.3803249890206,2277,2277,39.6574440052701,43.7417654808959
EPI_ISL_120432|Human|H1N1|2006.545|Asia|,2006.545,-594.2,42.2924901185771,2277,2277,39.3939393939394,43.7417654808959
EPI_ISL_106670|Human|H1N1|2006.57|Asia|,2006.57,-588.3,42.1607378129117,2277,2277,39.1304347826087,43.6758893280632
EPI_ISL_106669|Human|H1N1|2006.564|Asia|,2006.564,-595.3,42.2924901185771,2277,2277,39.3939393939394,43.7417654808959
EPI_ISL_106640|Human|H1N1|2006.584|Asia|,2006.584,-595.6,42.3364075537989,2277,2277,39.5256916996047,43.7417654808959
EPI_ISL_116064|Human|H1N1|2006.447|Asia|,2006.447,-595.3,42.2924901185771,2277,2277,39.3939393939394,43.7417654808959
EPI_ISL_116063|Human|H1N1|2006.384|Asia|,2006.384,-595.4,42.2924901185771,2277,2277,39.3939393939394,43.7417654808959
EPI_ISL_106639|Human|H1N1|2006.463|Asia|,2006.463,-591.9,42.2924901185771,2277,2277,39.3939393939394,43.7417654808959
EPI_ISL_93591|Human|H1N1|2006.033|Asia|,2006.033,-592.5,42.2924901185771,2277,2277,39.3939393939394,43.7417654808959
EPI_ISL_7816|Human|H1N1|2007.101|NorthAmerica|seasonal,2007.101,-594.6,42.2924901185771,2277,2277,39.3939393939394,43.7417654808959
EPI_ISL_7938|Human|H1N1|2007.126|NorthAmerica|seasonal,2007.126,-591.6,42.2485726833553,2277,2277,39.262187088274,43.7417654808959
EPI_ISL_93584|Human|H1N1|2008.716|Asia|,2008.716,-595.5,42.3803249890206,2277,2277,39.6574440052701,43.7417654808959
EPI_ISL_93592|Human|H1N1|2006.008|Asia|,2006.008,-593.6,42.3364075537989,2277,2277,39.5256916996047,43.7417654808959
EPI_ISL_12836|Human|H1N1|2006|Asia|seasonal,2006,-592,42.3803249890206,2277,2277,39.7891963109354,43.6758893280632
EPI_ISL_12835|Human|H1N1|2006|Asia|seasonal,2006,-590.8,42.3803249890206,2277,2277,39.6574440052701,43.7417654808959
EPI_ISL_93579|Human|H1N1|2006.121|Asia|,2006.121,-597,42.512077294686,2277,2277,39.9209486166008,43.8076416337286
EPI_ISL_93600|Human|H1N1|2006.493|Asia|,2006.493,-595,42.3803249890206,2277,2277,39.6574440052701,43.7417654808959
EPI_ISL_120426|Human|H1N1|2004.809|Asia|,2004.809,-597,42.2485726833553,2277,2277,39.262187088274,43.7417654808959
EPI_ISL_123186|Human|H1N1|2001|Asia|,2001,-593.5,42.2924901185771,2277,2277,39.3939393939394,43.7417654808959
EPI_ISL_9127|Human|H1N1|2004.697|Oceania|seasonal,2004.697,-601.2,42.2046552481335,2277,2277,39.3939393939394,43.6100131752306
EPI_ISL_120430|Human|H1N1|2005.929|Asia|,2005.929,-585.8,42.0729029424682,2277,2277,39.1304347826087,43.5441370223979
EPI_ISL_120429|Human|H1N1|2005.912|Asia|,2005.912,-585.8,42.0729029424682,2277,2277,39.1304347826087,43.5441370223979
EPI_ISL_120434|Human|H1N1|2006.921|Asia|,2006.921,-592,42.0729029424682,2277,2277,38.866930171278,43.6758893280632
EPI_ISL_25710|Human|H1N1|2006.225|Europe|seasonal,2006.225,-586.4,41.8533157663592,2277,2277,38.7351778656126,43.4123847167325
EPI_ISL_25708|Human|H1N1|2006.244|Europe|seasonal,2006.244,-586.4,41.8533157663592,2277,2277,38.7351778656126,43.4123847167325
EPI_ISL_208699|Human|H1N1|2007.789|Asia|,2007.789,-596.3,42.2485726833553,2277,2277,39.3939393939394,43.6758893280632
EPI_ISL_208698|Human|H1N1|2007.767|Asia|,2007.767,-596.3,42.2485726833553,2277,2277,39.3939393939394,43.6758893280632
EPI_ISL_8026|Human|H1N1|2007.104|NorthAmerica|seasonal,2007.104,-590.5,42.2485726833553,2277,2277,39.5256916996047,43.6100131752306
EPI_ISL_7825|Human|H1N1|2007.047|NorthAmerica|seasonal,2007.047,-593.5,42.1168203776899,2277,2277,38.9986824769433,43.6758893280632
EPI_ISL_7784|Human|H1N1|2007.137|NorthAmerica|seasonal,2007.137,-592.5,42.0729029424682,2277,2277,38.866930171278,43.6758893280632
EPI_ISL_7805|Human|H1N1|2007.14|NorthAmerica|seasonal,2007.14,-597,42.2924901185771,2277,2277,39.7891963109354,43.5441370223979
EPI_ISL_8025|Human|H1N1|2007.162|NorthAmerica|seasonal,2007.162,-593.6,42.2046552481335,2277,2277,39.5256916996047,43.5441370223979
EPI_ISL_7811|Human|H1N1|2007.162|NorthAmerica|seasonal,2007.162,-589,42.2046552481335,2277,2277,39.1304347826087,43.7417654808959
EPI_ISL_95933|Human|H1N1|2008.096|NorthAmerica|,2008.096,-587.1,42.2485726833553,2277,2277,39.3939393939394,43.6758893280632
EPI_ISL_208748|Human|H1N1|2007.863|Asia|,2007.863,-593.9,42.3803249890206,2277,2277,39.6574440052701,43.7417654808959
EPI_ISL_71838|Human|H1N1|2007|Oceania|seasonal,2007,-597.4,42.2924901185771,2277,2277,39.5256916996047,43.6758893280632
EPI_ISL_154509|Human|H1N1|2007|Oceania|,2007,-596.4,42.3364075537989,2277,2277,39.5256916996047,43.7417654808959
EPI_ISL_154508|Human|H1N1|2007|Oceania|,2007,-596.4,42.3364075537989,2277,2277,39.5256916996047,43.7417654808959
EPI_ISL_154506|Human|H1N1|2007|Oceania|,2007,-596.2,42.2485726833553,2277,2277,39.5256916996047,43.6100131752306
EPI_ISL_154507|Human|H1N1|2007|Oceania|,2007,-596.2,42.2924901185771,2277,2277,39.5256916996047,43.6758893280632
EPI_ISL_154505|Human|H1N1|2007|Oceania|,2007,-596.2,42.2924901185771,2277,2277,39.5256916996047,43.6758893280632
EPI_ISL_154504|Human|H1N1|2007|Oceania|,2007,-596.2,42.2924901185771,2277,2277,39.5256916996047,43.6758893280632
EPI_ISL_154503|Human|H1N1|2007|Oceania|,2007,-596.2,42.2924901185771,2277,2277,39.5256916996047,43.6758893280632
EPI_ISL_154502|Human|H1N1|2007|Oceania|,2007,-596.2,42.2924901185771,2277,2277,39.5256916996047,43.6758893280632
EPI_ISL_154501|Human|H1N1|2007|Oceania|,2007,-596.2,42.2924901185771,2277,2277,39.5256916996047,43.6758893280632
EPI_ISL_154500|Human|H1N1|2007|Oceania|,2007,-596.2,42.2924901185771,2277,2277,39.5256916996047,43.6758893280632
EPI_ISL_154498|Human|H1N1|2007|Oceania|,2007,-596.2,42.2924901185771,2277,2277,39.5256916996047,43.6758893280632
EPI_ISL_154497|Human|H1N1|2007|Oceania|,2007,-596.2,42.2924901185771,2277,2277,39.5256916996047,43.6758893280632
EPI_ISL_154496|Human|H1N1|2007|Oceania|,2007,-596.2,42.2924901185771,2277,2277,39.5256916996047,43.6758893280632
EPI_ISL_154495|Human|H1N1|2007|Oceania|,2007,-596.2,42.2924901185771,2277,2277,39.5256916996047,43.6758893280632
EPI_ISL_154494|Human|H1N1|2007|Oceania|,2007,-596.2,42.2924901185771,2277,2277,39.5256916996047,43.6758893280632
EPI_ISL_154493|Human|H1N1|2007|Oceania|,2007,-596.2,42.2924901185771,2277,2277,39.5256916996047,43.6758893280632
EPI_ISL_154492|Human|H1N1|2007|Oceania|,2007,-596.2,42.2924901185771,2277,2277,39.5256916996047,43.6758893280632
EPI_ISL_154491|Human|H1N1|2007|Oceania|,2007,-596.2,42.2924901185771,2277,2277,39.5256916996047,43.6758893280632
EPI_ISL_154490|Human|H1N1|2007|Oceania|,2007,-596.2,42.2924901185771,2277,2277,39.5256916996047,43.6758893280632
EPI_ISL_154489|Human|H1N1|2007|Oceania|,2007,-596.4,42.3364075537989,2277,2277,39.5256916996047,43.7417654808959
EPI_ISL_154486|Human|H1N1|2007|Oceania|,2007,-596.2,42.2924901185771,2277,2277,39.5256916996047,43.6758893280632
EPI_ISL_154485|Human|H1N1|2007|Oceania|,2007,-596.2,42.2924901185771,2277,2277,39.5256916996047,43.6758893280632
EPI_ISL_154484|Human|H1N1|2007|Oceania|,2007,-596.2,42.2924901185771,2277,2277,39.5256916996047,43.6758893280632
EPI_ISL_154483|Human|H1N1|2007|Oceania|,2007,-596.2,42.2924901185771,2277,2277,39.5256916996047,43.6758893280632
EPI_ISL_154482|Human|H1N1|2007|Oceania|,2007,-596.2,42.2924901185771,2277,2277,39.5256916996047,43.6758893280632
EPI_ISL_154481|Human|H1N1|2007|Oceania|,2007,-596.2,42.2924901185771,2277,2277,39.5256916996047,43.6758893280632
EPI_ISL_154480|Human|H1N1|2007|Oceania|,2007,-596.2,42.2924901185771,2277,2277,39.5256916996047,43.6758893280632
EPI_ISL_154478|Human|H1N1|2007|Oceania|,2007,-596.2,42.2924901185771,2277,2277,39.5256916996047,43.6758893280632
EPI_ISL_154477|Human|H1N1|2007|Oceania|,2007,-596.2,42.2924901185771,2277,2277,39.5256916996047,43.6758893280632
EPI_ISL_154487|Human|H1N1|2007|Oceania|,2007,-597,42.2485726833553,2277,2277,39.3939393939394,43.6758893280632
EPI_ISL_93583|Human|H1N1|2008.79|Asia|,2008.79,-597.1,42.2924901185771,2277,2277,39.5256916996047,43.6758893280632
EPI_ISL_30205|Human|H1N1|2007.658|Asia|seasonal,2007.658,-590.3,42.2046552481335,2277,2277,39.262187088274,43.6758893280632
EPI_ISL_62798|Human|H1N1|2008.138|NorthAmerica|seasonal,2008.138,-593,42.2485726833553,2277,2277,39.3939393939394,43.6758893280632
EPI_ISL_164010|Human|H1N1|2007.959|Europe|seasonal,2007.959,-596.8,42.3364075537989,2277,2277,39.5256916996047,43.7417654808959
EPI_ISL_154499|Human|H1N1|2007|Oceania|,2007,-596.2,42.2924901185771,2277,2277,39.5256916996047,43.6758893280632
EPI_ISL_154488|Human|H1N1|2007|Oceania|,2007,-596.2,42.2924901185771,2277,2277,39.5256916996047,43.6758893280632
EPI_ISL_154479|Human|H1N1|2007|Oceania|,2007,-596.2,42.2924901185771,2277,2277,39.5256916996047,43.6758893280632
EPI_ISL_30209|Human|H1N1|2008.005|Asia|seasonal,2008.005,-596.6,42.3721340388007,2268,2268,39.6825396825397,43.7169312169312
EPI_ISL_62785|Human|H1N1|2008.116|NorthAmerica|seasonal,2008.116,-592,42.2671353251318,2276,2277,39.4459102902375,43.6758893280632
EPI_ISL_62779|Human|H1N1|2008.092|NorthAmerica|seasonal,2008.092,-596.2,42.2924901185771,2277,2277,39.5256916996047,43.6758893280632
EPI_ISL_70165|Human|H1N1|2008.169|Asia|seasonal,2008.169,-595.5,42.4681598594642,2277,2277,39.9209486166008,43.7417654808959
EPI_ISL_62780|Human|H1N1|2008.094|NorthAmerica|seasonal,2008.094,-596.2,42.2924901185771,2277,2277,39.5256916996047,43.6758893280632
EPI_ISL_70168|Human|H1N1|2008.137|Asia|seasonal,2008.137,-596.2,42.2924901185771,2277,2277,39.5256916996047,43.6758893280632
EPI_ISL_62839|Human|H1N1|2008.085|NorthAmerica|seasonal,2008.085,-595,42.2485726833553,2277,2277,39.5256916996047,43.6100131752306
EPI_ISL_70158|Human|H1N1|2008.074|Asia|seasonal,2008.074,-597.3,42.3364075537989,2277,2277,39.6574440052701,43.6758893280632
EPI_ISL_63357|Human|H1N1|2007.925|NorthAmerica|seasonal,2007.925,-596.2,42.2924901185771,2277,2277,39.5256916996047,43.6758893280632
EPI_ISL_78568|Human|H1N1|2007|SouthAmerica|seasonal,2007,-594.3,42.3803249890206,2277,2277,39.6574440052701,43.7417654808959
EPI_ISL_208761|Human|H1N1|2007.718|Asia|,2007.718,-598.2,42.4242424242424,2277,2277,39.7891963109354,43.7417654808959
EPI_ISL_164015|Human|H1N1|2008.022|Europe|seasonal,2008.022,-590.4,42.1607378129117,2277,2277,39.1304347826087,43.6758893280632
EPI_ISL_164012|Human|H1N1|2008.003|Europe|seasonal,2008.003,-592.3,42.2485726833553,2277,2277,39.3939393939394,43.6758893280632
EPI_ISL_70164|Human|H1N1|2008.074|Asia|seasonal,2008.074,-600.6,42.4681598594642,2277,2277,39.9209486166008,43.7417654808959
EPI_ISL_356930|Human|H1N1|2007.51|Oceania|seasonal,2007.51,-591.9,42.2753430721558,2259,2259,39.3094289508632,43.7583001328021
EPI_ISL_28850|Human|H1N1|2008.066|Asia|seasonal,2008.066,-588.2,42.0194003527337,2268,2268,38.6243386243386,43.7169312169312
EPI_ISL_70172|Human|H1N1|2008.131|Asia|seasonal,2008.131,-585.5,41.9595782073814,2276,2277,38.5224274406332,43.6758893280632
EPI_ISL_208747|Human|H1N1|2007.748|Asia|,2007.748,-592.3,42.1607378129117,2277,2277,39.1304347826087,43.6758893280632
EPI_ISL_208689|Human|H1N1|2007.929|Asia|,2007.929,-590.7,42.2046552481335,2277,2277,39.3939393939394,43.6100131752306
EPI_ISL_208764|Human|H1N1|2007.923|Asia|,2007.923,-590.7,42.2046552481335,2277,2277,39.3939393939394,43.6100131752306
EPI_ISL_208688|Human|H1N1|2007.795|Asia|,2007.795,-594.6,42.1607378129117,2277,2277,39.1304347826087,43.6758893280632
EPI_ISL_25713|Human|H1N1|2007.997|Europe|seasonal,2007.997,-593.6,42.0289855072464,2277,2277,38.866930171278,43.6100131752306
EPI_ISL_62957|Human|H1N1|2008.026|NorthAmerica|seasonal,2008.026,-593.4,42.1607378129117,2277,2277,39.1304347826087,43.6758893280632
EPI_ISL_164017|Human|H1N1|2008.027|Europe|seasonal,2008.027,-593.6,42.0729029424682,2277,2277,38.866930171278,43.6758893280632
EPI_ISL_29776|Human|H1N1|2008.563|NorthAmerica|seasonal,2008.563,-598.9,42.2485726833553,2277,2277,39.5256916996047,43.6100131752306
EPI_ISL_30234|Human|H1N1|2008.486|NorthAmerica|seasonal,2008.486,-599.2,42.2046552481335,2277,2277,39.3939393939394,43.6100131752306
EPI_ISL_29672|Human|H1N1|2008.437|NorthAmerica|seasonal,2008.437,-599.2,42.2485726833553,2277,2277,39.5256916996047,43.6100131752306
EPI_ISL_29673|Human|H1N1|2008.434|NorthAmerica|seasonal,2008.434,-599.2,42.2485726833553,2277,2277,39.5256916996047,43.6100131752306
EPI_ISL_29777|Human|H1N1|2008.443|NorthAmerica|seasonal,2008.443,-599.2,42.2485726833553,2277,2277,39.5256916996047,43.6100131752306
EPI_ISL_62910|Human|H1N1|2008.499|NorthAmerica|seasonal,2008.499,-599.2,42.2721268163804,2271,2271,39.4980184940555,43.6591809775429
EPI_ISL_30790|Human|H1N1|2008.434|NorthAmerica|seasonal,2008.434,-599.2,42.2485726833553,2277,2277,39.5256916996047,43.6100131752306
EPI_ISL_78571|Human|H1N1|2007|SouthAmerica|seasonal,2007,-591.7,42.0729029424682,2277,2277,38.9986824769433,43.6100131752306
EPI_ISL_78570|Human|H1N1|2007|SouthAmerica|seasonal,2007,-588.5,42.0289855072464,2277,2277,38.866930171278,43.6100131752306
EPI_ISL_78569|Human|H1N1|2007|SouthAmerica|seasonal,2007,-591.3,42.0729029424682,2277,2277,38.866930171278,43.6758893280632
EPI_ISL_164009|Human|H1N1|2007.806|Europe|seasonal,2007.806,-597.5,42.3364075537989,2277,2277,39.6574440052701,43.6758893280632
EPI_ISL_120441|Human|H1N1|2007.638|Asia|,2007.638,-589.8,42.1607378129117,2277,2277,39.1304347826087,43.6758893280632
EPI_ISL_120442|Human|H1N1|2007.827|Asia|,2007.827,-589.8,42.1607378129117,2277,2277,39.1304347826087,43.6758893280632
EPI_ISL_77969|Human|H1N1|2009.023|NorthAmerica|seasonal,2009.023,-597,42.3803249890206,2277,2277,39.9209486166008,43.6100131752306
EPI_ISL_77966|Human|H1N1|2009.163|NorthAmerica|seasonal,2009.163,-588.5,42.0729029424682,2277,2277,38.9986824769433,43.6100131752306
