EPI_ISL_1111|Human|H5N1|1997|Asia|,1997,-396.1,43.9259259259259,1350,1350,43.3333333333333,44.2222222222222
EPI_ISL_1193|Human|H5N1|1997|Asia|,1997,-394.8,44.3703703703704,1350,1350,44.2222222222222,44.4444444444444
EPI_ISL_1195|Human|H5N1|1997|Asia|,1997,-392,44.2222222222222,1350,1350,43.5555555555556,44.5555555555556
EPI_ISL_1189|Human|H5N1|1998|Asia|,1998,-392.3,44,1350,1350,43.5555555555556,44.2222222222222
EPI_ISL_1190|Human|H5N1|1997|Asia|,1997,-392.3,44.2222222222222,1350,1350,44.2222222222222,44.2222222222222
EPI_ISL_1112|Human|H5N1|1997|Asia|,1997,-391.5,44.2222222222222,1350,1350,44.4444444444444,44.1111111111111
EPI_ISL_964|Human|H5N1|1997|Asia|,1997,-394.5,44.2222222222222,1350,1350,44.2222222222222,44.2222222222222
EPI_ISL_963|Human|H5N1|1997|Asia|,1997,-392.7,44.2962962962963,1350,1350,44.2222222222222,44.3333333333333
EPI_ISL_965|Human|H5N1|1997|Asia|,1997,-393.7,44.2962962962963,1350,1350,44.2222222222222,44.3333333333333
EPI_ISL_954|Human|H5N1|1997|Asia|,1997,-395.2,44.0740740740741,1350,1350,43.5555555555556,44.3333333333333
EPI_ISL_268|Human|H5N1|2003|Asia|,2003,-408,43.1414356787491,1407,1407,40.5117270788913,44.456289978678
EPI_ISL_3842|Human|H5N1|2003|Asia|,2003,-406.2,42.999289267946,1407,1407,40.0852878464819,44.456289978678
EPI_ISL_3837|Human|H5N1|2004|Asia|,2004,-395.4,43.5783221974759,1347,1347,40.9799554565702,44.8775055679287
EPI_ISL_3836|Human|H5N1|2004|Asia|,2004,-393.7,43.3556050482554,1347,1347,40.7572383073497,44.6547884187082
EPI_ISL_4158|Human|H5N1|2004|Asia|,2004,-399.3,43.8010393466964,1347,1347,41.6481069042316,44.8775055679287
EPI_ISL_4156|Human|H5N1|2004|Asia|,2004,-390.8,43.652561247216,1347,1347,41.6481069042316,44.6547884187082
EPI_ISL_4155|Human|H5N1|2004|Asia|,2004,-392,44.097995545657,1347,1347,42.3162583518931,44.988864142539
EPI_ISL_4138|Swine|H5N1|2003|Asia|,2003,-413,44.8403860430587,1347,1347,43.4298440979955,45.5456570155902
EPI_ISL_4046|Human|H5N1|2004|Asia|,2004,-389.6,43.652561247216,1347,1347,41.4253897550111,44.7661469933185
EPI_ISL_4632|Feline|H5N1|2004|Asia|,2004,-390.3,43.5435435435435,1332,1332,40.5405405405405,45.045045045045
EPI_ISL_4580|Swine|H5N1|2001|Asia|,2001,-401,43.0703624733475,1407,1407,40.9381663113006,44.136460554371
EPI_ISL_4579|Swine|H5N1|2003|Asia|,2003,-403.3,42.9282160625444,1407,1407,40.9381663113006,43.9232409381663
EPI_ISL_5778|Human|H5N1|2006|Asia|,2006,-392.4,43.5783221974759,1347,1347,41.2026726057906,44.7661469933185
EPI_ISL_5777|Human|H5N1|2006.597|Asia|,2006.597,-402.6,43.8010393466964,1347,1347,41.4253897550111,44.988864142539
EPI_ISL_5776|Human|H5N1|2006.592|Asia|,2006.592,-388.6,43.5040831477357,1347,1347,40.9799554565702,44.7661469933185
EPI_ISL_5775|Human|H5N1|2006.408|Asia|,2006.408,-394,43.5783221974759,1347,1347,40.9799554565702,44.8775055679287
EPI_ISL_5774|Human|H5N1|2006.405|Asia|,2006.405,-394,43.5783221974759,1347,1347,40.9799554565702,44.8775055679287
EPI_ISL_5773|Human|H5N1|2006.51|Asia|,2006.51,-399.1,43.7268002969562,1347,1347,41.4253897550111,44.8775055679287
EPI_ISL_5772|Human|H5N1|2006.447|Asia|,2006.447,-389.1,43.5040831477357,1347,1347,41.2026726057906,44.6547884187082
EPI_ISL_5771|Human|H5N1|2006.447|Asia|,2006.447,-389.1,43.5040831477357,1347,1347,41.2026726057906,44.6547884187082
EPI_ISL_5770|Human|H5N1|2006.359|Asia|,2006.359,-382.8,43.6194895591647,1293,1293,41.2993039443155,44.7795823665893
EPI_ISL_5769|Human|H5N1|2006.386|Asia|,2006.386,-402.9,44.0237564959169,1347,1347,41.8708240534521,45.1002227171492
EPI_ISL_5768|Human|H5N1|2006.389|Asia|,2006.389,-392.4,43.5040831477357,1347,1347,41.2026726057906,44.6547884187082
EPI_ISL_5767|Human|H5N1|2006.389|Asia|,2006.389,-392.4,43.5040831477357,1347,1347,41.2026726057906,44.6547884187082
EPI_ISL_5766|Human|H5N1|2006.389|Asia|,2006.389,-392.4,43.5040831477357,1347,1347,41.2026726057906,44.6547884187082
EPI_ISL_5765|Human|H5N1|2006.384|Asia|,2006.384,-403.5,44.097995545657,1347,1347,42.0935412026726,45.1002227171492
EPI_ISL_5764|Human|H5N1|2006.378|Asia|,2006.378,-390.7,43.2813659985152,1347,1347,40.0890868596882,44.8775055679287
EPI_ISL_5763|Human|H5N1|2006.378|Asia|,2006.378,-389.3,43.2071269487751,1347,1347,39.8663697104677,44.8775055679287
EPI_ISL_5762|Human|H5N1|2006.378|Asia|,2006.378,-390.3,43.3556050482554,1347,1347,40.9799554565702,44.543429844098
EPI_ISL_5761|Human|H5N1|2006.375|Asia|,2006.375,-390.3,43.3556050482554,1347,1347,40.9799554565702,44.543429844098
EPI_ISL_5760|Human|H5N1|2006.356|Asia|,2006.356,-388.7,43.3556050482554,1347,1347,40.7572383073497,44.6547884187082
EPI_ISL_5759|Human|H5N1|2006.315|Asia|,2006.315,-397.4,43.652561247216,1347,1347,41.4253897550111,44.7661469933185
EPI_ISL_5758|Human|H5N1|2006.222|Asia|,2006.222,-395.5,43.5783221974759,1347,1347,41.2026726057906,44.7661469933185
EPI_ISL_5757|Human|H5N1|2006.222|Asia|,2006.222,-395.5,43.5783221974759,1347,1347,41.2026726057906,44.7661469933185
EPI_ISL_5756|Human|H5N1|2006.222|Asia|,2006.222,-395.5,43.5783221974759,1347,1347,41.2026726057906,44.7661469933185
EPI_ISL_5755|Human|H5N1|2006.356|Asia|,2006.356,-405,43.9495174461767,1347,1347,41.8708240534521,44.988864142539
EPI_ISL_5754|Human|H5N1|2006.353|Asia|,2006.353,-405,43.9495174461767,1347,1347,41.8708240534521,44.988864142539
EPI_ISL_5753|Human|H5N1|2006.353|Asia|,2006.353,-405,43.9495174461767,1347,1347,41.8708240534521,44.988864142539
EPI_ISL_5752|Human|H5N1|2006.351|Asia|,2006.351,-405,43.9495174461767,1347,1347,41.8708240534521,44.988864142539
EPI_ISL_5751|Human|H5N1|2006.351|Asia|,2006.351,-405,43.9495174461767,1347,1347,41.8708240534521,44.988864142539
EPI_ISL_5750|Human|H5N1|2006.137|Asia|,2006.137,-385.4,43.6418359668924,1329,1329,41.3092550790068,44.8081264108352
EPI_ISL_5747|Human|H5N1|2006.11|Asia|,2006.11,-384.6,43.7170805116629,1329,1329,41.3092550790068,44.920993227991
EPI_ISL_5746|Human|H5N1|2006.11|Asia|,2006.11,-384.6,43.7923250564334,1329,1329,41.3092550790068,45.0338600451467
EPI_ISL_5745|Feline|H5N1|2006.058|Asia|,2006.058,-384.2,43.4913468773514,1329,1329,40.8577878103837,44.8081264108352
EPI_ISL_5744|Human|H5N1|2006.079|Asia|,2006.079,-384.7,43.5665914221219,1329,1329,40.8577878103837,44.920993227991
EPI_ISL_5743|Human|H5N1|2006.036|Asia|,2006.036,-385.9,43.4913468773514,1329,1329,41.0835214446953,44.6952595936795
EPI_ISL_5742|Human|H5N1|2006.041|Asia|,2006.041,-385.9,43.4913468773514,1329,1329,41.0835214446953,44.6952595936795
EPI_ISL_5741|Human|H5N1|2006.038|Asia|,2006.038,-385.9,43.4913468773514,1329,1329,41.0835214446953,44.6952595936795
EPI_ISL_5739|Human|H5N1|2006.044|Asia|,2006.044,-385.9,43.4913468773514,1329,1329,41.0835214446953,44.6952595936795
EPI_ISL_5738|Human|H5N1|2005.953|Asia|,2005.953,-384.1,43.3408577878104,1329,1329,40.6320541760722,44.6952595936795
EPI_ISL_5735|Human|H5N1|2005.948|Asia|,2005.948,-383.9,43.4161023325809,1329,1329,40.8577878103837,44.6952595936795
EPI_ISL_5734|Human|H5N1|2005.852|Asia|,2005.852,-390.5,43.7170805116629,1329,1329,41.5349887133183,44.8081264108352
EPI_ISL_5731|Human|H5N1|2005.742|Asia|,2005.742,-388.4,43.4913468773514,1329,1329,40.8577878103837,44.8081264108352
EPI_ISL_6493|Human|H5N1|2006.784|Asia|,2006.784,-404.7,43.8010393466964,1347,1347,42.0935412026726,44.6547884187082
EPI_ISL_6492|Human|H5N1|2006.729|Asia|,2006.729,-391.2,43.5783221974759,1347,1347,41.2026726057906,44.7661469933185
EPI_ISL_6491|Human|H5N1|2006.729|Asia|,2006.729,-391.2,43.5783221974759,1347,1347,41.2026726057906,44.7661469933185
EPI_ISL_6490|Human|H5N1|2006.723|Asia|,2006.723,-387.8,43.4298440979955,1347,1347,40.9799554565702,44.6547884187082
EPI_ISL_6489|Human|H5N1|2006.863|Asia|,2006.863,-389.7,43.5783221974759,1347,1347,40.9799554565702,44.8775055679287
EPI_ISL_6488|Human|H5N1|2006.858|Asia|,2006.858,-401.1,43.5783221974759,1347,1347,41.6481069042316,44.543429844098
EPI_ISL_6487|Human|H5N1|2006.858|Asia|,2006.858,-401.1,43.5783221974759,1347,1347,41.6481069042316,44.543429844098
EPI_ISL_6801|Human|H5N1|2007.03|Asia|,2007.03,-394.4,43.5040831477357,1347,1347,41.2026726057906,44.6547884187082
EPI_ISL_6799|Human|H5N1|2007.027|Asia|,2007.027,-394.4,43.5040831477357,1347,1347,41.2026726057906,44.6547884187082
EPI_ISL_6798|Human|H5N1|2007.016|Asia|,2007.016,-397.2,43.4298440979955,1347,1347,41.4253897550111,44.4320712694877
EPI_ISL_6797|Human|H5N1|2007.016|Asia|,2007.016,-397.2,43.4298440979955,1347,1347,41.4253897550111,44.4320712694877
EPI_ISL_6796|Human|H5N1|2007.014|Asia|,2007.014,-397.2,43.4298440979955,1347,1347,41.4253897550111,44.4320712694877
EPI_ISL_6795|Human|H5N1|2007.011|Asia|,2007.011,-397.4,43.5040831477357,1347,1347,41.4253897550111,44.543429844098
EPI_ISL_6794|Human|H5N1|2007.014|Asia|,2007.014,-397.4,43.5040831477357,1347,1347,41.4253897550111,44.543429844098
EPI_ISL_6793|Human|H5N1|2007.011|Asia|,2007.011,-397.4,43.5040831477357,1347,1347,41.4253897550111,44.543429844098
EPI_ISL_6792|Human|H5N1|2007.011|Asia|,2007.011,-397.4,43.5040831477357,1347,1347,41.4253897550111,44.543429844098
EPI_ISL_9807|Feline|H5N1|2004|Asia|,2004,-393.8,43.5040831477357,1347,1347,41.2026726057906,44.6547884187082
EPI_ISL_10061|Human|H5N1|2005|Asia|,2005,-397.3,43.5040831477357,1347,1347,41.2026726057906,44.6547884187082
EPI_ISL_10059|Human|H5N1|2005|Asia|,2005,-400.9,43.2813659985152,1347,1347,40.5345211581292,44.6547884187082
EPI_ISL_10058|Human|H5N1|2005.852|Asia|,2005.852,-393.6,43.1328878990349,1347,1347,40.0890868596882,44.6547884187082
EPI_ISL_10049|Human|H5N1|2005|Asia|,2005,-395.4,43.5783221974759,1347,1347,41.4253897550111,44.6547884187082
EPI_ISL_10391|Human|H5N1|2006|Asia|,2006,-403.9,43.7268002969562,1347,1347,41.2026726057906,44.988864142539
EPI_ISL_10333|Feline|H5N1|2006|Europe|,2006,-401.1,43.8010393466964,1347,1347,41.6481069042316,44.8775055679287
EPI_ISL_10305|Canine|H5N1|2004|Asia|,2004,-390.3,43.5435435435435,1332,1332,40.5405405405405,45.045045045045
EPI_ISL_9831|Human|H5N1|2005|Asia|,2005,-390.3,43.993993993994,1332,1332,41.2162162162162,45.3828828828829
EPI_ISL_9829|Human|H5N1|2005|Asia|,2005,-395.3,44.0237564959169,1347,1347,41.4253897550111,45.3229398663697
EPI_ISL_9826|Human|H5N1|2004|Asia|,2004,-387.4,43.9153439153439,1323,1323,41.2698412698413,45.2380952380952
EPI_ISL_9825|Human|H5N1|2004|Asia|,2004,-392.4,43.8752783964365,1347,1347,41.6481069042316,44.988864142539
EPI_ISL_11263|Human|H5N1|2006|Asia|,2006,-368.3,42.7350427350427,1287,1287,39.1608391608392,44.5221445221445
EPI_ISL_12588|Human|H5N1|2006|Asia|,2006,-402.4,43.9495174461767,1347,1347,41.6481069042316,45.1002227171492
EPI_ISL_12587|Human|H5N1|2006|Asia|,2006,-402.4,43.8752783964365,1347,1347,41.4253897550111,45.1002227171492
EPI_ISL_12585|Human|H5N1|2006|Asia|,2006,-402.4,43.9732142857143,1344,1344,41.5178571428571,45.2008928571429
EPI_ISL_12401|Human|H5N1|2003|Asia|,2003,-404,44.3207126948775,1347,1347,42.7616926503341,45.1002227171492
EPI_ISL_5729|Human|H5N1|2005|Asia|,2005,-380.9,43.1957186544343,1308,1308,40.3669724770642,44.6100917431193
EPI_ISL_13895|Human|H5N1|2006|Asia|,2006,-389.6,43.1328878990349,1347,1347,39.8663697104677,44.7661469933185
EPI_ISL_13503|Human|H5N1|2006|Asia|,2006,-399,43.8010393466964,1347,1347,41.2026726057906,45.1002227171492
EPI_ISL_13501|Human|H5N1|2006|Africa|,2006,-397,43.815987933635,1326,1326,40.9502262443439,45.2488687782805
EPI_ISL_13500|Human|H5N1|2006|Africa|,2006,-396,44.0639269406393,1314,1314,41.324200913242,45.4337899543379
EPI_ISL_13496|Human|H5N1|2006.51|Asia|,2006.51,-385.2,43.5839028094153,1317,1317,41.002277904328,44.874715261959
EPI_ISL_13498|Human|H5N1|2006.447|Asia|,2006.447,-388.2,43.5435435435435,1332,1332,40.7657657657658,44.9324324324324
EPI_ISL_13497|Human|H5N1|2006.414|Asia|,2006.414,-378.3,43.1283219438117,1317,1317,39.6355353075171,44.874715261959
EPI_ISL_13489|Human|H5N1|2006.405|Asia|,2006.405,-394,43.5783221974759,1347,1347,40.9799554565702,44.8775055679287
EPI_ISL_13495|Human|H5N1|2006.373|Asia|,2006.373,-405,43.9495174461767,1347,1347,41.8708240534521,44.988864142539
EPI_ISL_13494|Human|H5N1|2006.381|Asia|,2006.381,-404.3,43.8752783964365,1347,1347,41.8708240534521,44.8775055679287
EPI_ISL_13493|Human|H5N1|2006.353|Asia|,2006.353,-391.2,43.4298440979955,1347,1347,40.7572383073497,44.7661469933185
EPI_ISL_13490|Human|H5N1|2006.353|Asia|,2006.353,-405,43.9732142857143,1344,1344,41.7410714285714,45.0892857142857
EPI_ISL_13481|Human|H5N1|2006.351|Asia|,2006.351,-404.1,44.0209267563528,1338,1338,41.7040358744395,45.1793721973094
EPI_ISL_13488|Human|H5N1|2006.351|Asia|,2006.351,-404.1,44.0209267563528,1338,1338,41.7040358744395,45.1793721973094
EPI_ISL_13487|Human|H5N1|2006.14|Asia|,2006.14,-393.3,43.6755952380952,1344,1344,41.2946428571429,44.8660714285714
EPI_ISL_13485|Human|H5N1|2006|Asia|,2006,-390.8,43.5040831477357,1347,1347,40.9799554565702,44.7661469933185
EPI_ISL_13484|Human|H5N1|2006.079|Asia|,2006.079,-384.7,43.9080459770115,1305,1305,41.1494252873563,45.2873563218391
EPI_ISL_13483|Human|H5N1|2006.09|Asia|,2006.09,-385.8,44.0613026819923,1305,1305,41.6091954022989,45.2873563218391
EPI_ISL_13479|Human|H5N1|2005|Asia|,2005,-390.5,43.3556050482554,1347,1347,40.7572383073497,44.6547884187082
EPI_ISL_13478|Human|H5N1|2005|Asia|,2005,-388.6,43.8116932422172,1317,1317,41.002277904328,45.2164009111617
EPI_ISL_13475|Human|H5N1|2005.86|Asia|,2005.86,-403.9,43.8010393466964,1347,1347,41.2026726057906,45.1002227171492
EPI_ISL_13474|Human|H5N1|2005|Asia|,2005,-397.2,43.5783221974759,1347,1347,41.2026726057906,44.7661469933185
EPI_ISL_13472|Human|H5N1|2005|Asia|,2005,-394.7,43.4298440979955,1347,1347,41.4253897550111,44.4320712694877
EPI_ISL_16357|Human|H5N1|2007|Asia|,2007,-391.2,42.7616926503341,1347,1347,39.1982182628062,44.543429844098
EPI_ISL_16356|Human|H5N1|2007|Asia|,2007,-391.2,42.7616926503341,1347,1347,39.1982182628062,44.543429844098
EPI_ISL_16254|Feline|H5N1|2005|Asia|,2005,-402.3,44.1722345953972,1347,1347,42.0935412026726,45.2115812917595
EPI_ISL_11485|Human|H5N1|2004|Asia|,2004,-395.4,43.5783221974759,1347,1347,40.9799554565702,44.8775055679287
EPI_ISL_24602|Human|H5N1|2008.35|Asia|,2008.35,-393.2,43.4684684684685,1332,1332,41.2162162162162,44.5945945945946
EPI_ISL_23815|Human|H5N1|2008.041|Asia|,2008.041,-396.1,43.5435435435435,1332,1332,40.5405405405405,45.045045045045
EPI_ISL_24609|Human|H5N1|2005.94|Asia|,2005.94,-400.6,43.8010393466964,1347,1347,41.8708240534521,44.7661469933185
EPI_ISL_24608|Human|H5N1|2005.91|Asia|,2005.91,-391.9,42.8359317000742,1347,1347,39.4209354120267,44.543429844098
EPI_ISL_24607|Human|H5N1|2005.945|Asia|,2005.945,-406.1,43.7268002969562,1347,1347,41.4253897550111,44.8775055679287
EPI_ISL_24606|Human|H5N1|2005.877|Asia|,2005.877,-400.9,43.2813659985152,1347,1347,40.5345211581292,44.6547884187082
EPI_ISL_24605|Human|H5N1|2006.044|Asia|,2006.044,-399,43.4298440979955,1347,1347,41.2026726057906,44.543429844098
EPI_ISL_24604|Human|H5N1|2006.027|Asia|,2006.027,-396,43.5040831477357,1347,1347,41.2026726057906,44.6547884187082
EPI_ISL_24603|Human|H5N1|2005.852|Asia|,2005.852,-393.6,43.1328878990349,1347,1347,40.0890868596882,44.6547884187082
EPI_ISL_24753|Human|H5N1|2008|Asia|,2008,-393.5,43.6186186186186,1332,1332,40.990990990991,44.9324324324324
EPI_ISL_24752|Human|H5N1|2008|Asia|,2008,-389.6,43.4684684684685,1332,1332,40.5405405405405,44.9324324324324
EPI_ISL_13243|Ferret|H5N1|2006.216|Europe|,2006.216,-397.3,43.8244047619048,1344,1344,41.5178571428571,44.9776785714286
EPI_ISL_62768|Human|H5N1|2008.086|Asia|,2008.086,-389.8,43.5374149659864,1323,1323,40.8163265306122,44.8979591836735
EPI_ISL_64676|Human|H5N1|2005.853|Asia|,2005.853,-397.8,43.7268002969562,1347,1347,41.6481069042316,44.7661469933185
EPI_ISL_64276|Human|H5N1|2006.606|Asia|,2006.606,-386.3,43.4298440979955,1347,1347,40.7572383073497,44.7661469933185
EPI_ISL_64227|Human|H5N1|2006|Asia|,2006,-404.1,43.8752783964365,1347,1347,41.2026726057906,45.2115812917595
EPI_ISL_65327|Swine|H5N1|2004|Asia|,2004,-400.7,43.9495174461767,1347,1347,41.8708240534521,44.988864142539
EPI_ISL_65326|Swine|H5N1|2004|Asia|,2004,-403.1,44.097995545657,1347,1347,41.8708240534521,45.2115812917595
EPI_ISL_65197|Feline|H5N1|2004|Asia|,2004,-391.4,43.5435435435435,1332,1332,40.7657657657658,44.9324324324324
EPI_ISL_65196|Feline|H5N1|2004|Asia|,2004,-392.9,43.6186186186186,1332,1332,40.990990990991,44.9324324324324
EPI_ISL_64915|Canine|H5N1|2005|Asia|,2005,-402.1,44.0237564959169,1347,1347,42.0935412026726,44.988864142539
EPI_ISL_64914|Canine|H5N1|2005|Asia|,2005,-402.1,44.0237564959169,1347,1347,42.0935412026726,44.988864142539
EPI_ISL_67419|Swine|H5N1|2003|Asia|,2003,-403.4,42.9282160625444,1407,1407,40.9381663113006,43.9232409381663
EPI_ISL_68652|Human|H5N1|1997|Asia|,1997,-393.5,43.9259259259259,1350,1350,43.1111111111111,44.3333333333333
EPI_ISL_68082|Swine|H5N1|2001|Asia|,2001,-400.2,43.0703624733475,1407,1407,41.1513859275053,44.0298507462687
EPI_ISL_70397|Human|H5N1|2005.485|Asia|,2005.485,-394.5,43.9495174461767,1347,1347,42.3162583518931,44.7661469933185
EPI_ISL_76976|Swine|H5N1|2007|Asia|,2007,-399.4,44.097995545657,1347,1347,41.8708240534521,45.2115812917595
EPI_ISL_76975|Swine|H5N1|2006|Asia|,2006,-399,44.0237564959169,1347,1347,41.6481069042316,45.2115812917595
EPI_ISL_76974|Swine|H5N1|2007|Asia|,2007,-399.4,44.097995545657,1347,1347,41.8708240534521,45.2115812917595
EPI_ISL_76973|Swine|H5N1|2007|Asia|,2007,-406.9,43.8010393466964,1347,1347,41.2026726057906,45.1002227171492
EPI_ISL_76972|Swine|H5N1|2007|Asia|,2007,-399.4,44.097995545657,1347,1347,41.8708240534521,45.2115812917595
EPI_ISL_76971|Swine|H5N1|2006|Asia|,2006,-406.6,43.7268002969562,1347,1347,41.2026726057906,44.988864142539
EPI_ISL_76970|Swine|H5N1|2006|Asia|,2006,-406.9,43.8010393466964,1347,1347,41.2026726057906,45.1002227171492
EPI_ISL_76969|Swine|H5N1|2006|Asia|,2006,-399.4,44.097995545657,1347,1347,41.8708240534521,45.2115812917595
EPI_ISL_76968|Swine|H5N1|2006|Asia|,2006,-406.9,43.8010393466964,1347,1347,41.2026726057906,45.1002227171492
EPI_ISL_76967|Swine|H5N1|2005|Asia|,2005,-392.2,43.5040831477357,1347,1347,41.2026726057906,44.6547884187082
EPI_ISL_76966|Swine|H5N1|2005|Asia|,2005,-392.2,43.5040831477357,1347,1347,41.2026726057906,44.6547884187082
EPI_ISL_76965|Swine|H5N1|2005|Asia|,2005,-392.2,43.5040831477357,1347,1347,41.2026726057906,44.6547884187082
EPI_ISL_76964|Swine|H5N1|2005|Asia|,2005,-392.2,43.5040831477357,1347,1347,41.2026726057906,44.6547884187082
EPI_ISL_76684|Human|H5N1|2008.141|Asia|,2008.141,-386.8,43.0586488492947,1347,1347,39.8663697104677,44.6547884187082
EPI_ISL_76683|Human|H5N1|2008.119|Asia|,2008.119,-404.2,43.9495174461767,1347,1347,43.2071269487751,44.3207126948775
EPI_ISL_76682|Human|H5N1|2008.108|Asia|,2008.108,-403,43.8752783964365,1347,1347,42.0935412026726,44.7661469933185
EPI_ISL_76681|Human|H5N1|2008.045|Asia|,2008.045,-395.3,43.4298440979955,1347,1347,41.4253897550111,44.4320712694877
EPI_ISL_76680|Human|H5N1|2007.952|Asia|,2007.952,-399.8,43.7268002969562,1347,1347,42.5389755011136,44.3207126948775
EPI_ISL_76679|Human|H5N1|2007.566|Asia|,2007.566,-404,43.9495174461767,1347,1347,42.7616926503341,44.543429844098
EPI_ISL_76678|Human|H5N1|2007.464|Asia|,2007.464,-400.5,43.652561247216,1347,1347,42.0935412026726,44.4320712694877
EPI_ISL_76677|Human|H5N1|2007.437|Asia|,2007.437,-400.5,43.652561247216,1347,1347,42.0935412026726,44.4320712694877
EPI_ISL_76676|Human|H5N1|2007|Asia|,2007,-402.2,43.8010393466964,1347,1347,42.5389755011136,44.4320712694877
EPI_ISL_76675|Human|H5N1|2007.379|Asia|,2007.379,-403.4,43.8010393466964,1347,1347,42.5389755011136,44.4320712694877
EPI_ISL_76674|Human|H5N1|2005.823|Asia|,2005.823,-383.6,42.8996282527881,1345,1347,39.8663697104677,44.4196428571429
EPI_ISL_76673|Human|H5N1|2005.158|Asia|,2005.158,-395.5,44.0237564959169,1347,1347,42.3162583518931,44.8775055679287
EPI_ISL_76672|Human|H5N1|2004.592|Asia|,2004.592,-399.7,44.097995545657,1347,1347,42.3162583518931,44.988864142539
EPI_ISL_76671|Human|H5N1|2004.57|Asia|,2004.57,-398.3,44.2464736451373,1347,1347,42.9844097995546,44.8775055679287
EPI_ISL_76670|Human|H5N1|2004.042|Asia|,2004.042,-399.3,43.8010393466964,1347,1347,41.6481069042316,44.8775055679287
EPI_ISL_76669|Human|H5N1|2004.053|Asia|,2004.053,-391.7,43.8752783964365,1347,1347,41.8708240534521,44.8775055679287
EPI_ISL_76668|Human|H5N1|2004.018|Asia|,2004.018,-389.6,43.6849925705795,1346,1347,41.7410714285714,44.6547884187082
EPI_ISL_76667|Human|H5N1|2004.015|Asia|,2004.015,-388.5,43.6431226765799,1345,1347,41.6107382550336,44.6547884187082
EPI_ISL_76666|Human|H5N1|2003.999|Asia|,2003.999,-394.7,43.7268002969562,1347,1347,41.6481069042316,44.7661469933185
EPI_ISL_76665|Human|H5N1|2003.993|Asia|,2003.993,-392.2,43.8010393466964,1347,1347,41.6481069042316,44.8775055679287
EPI_ISL_76664|Human|H5N1|2003.993|Asia|,2003.993,-392,44.0564635958395,1346,1347,42.3162583518931,44.9275362318841
EPI_ISL_76663|Human|H5N1|2003.99|Asia|,2003.99,-392,44.097995545657,1347,1347,42.3162583518931,44.988864142539
EPI_ISL_79685|Human|H5N1|2008.923|Asia|,2008.923,-400.6,43.2071269487751,1347,1347,39.8663697104677,44.8775055679287
EPI_ISL_79684|Human|H5N1|2007.921|Asia|,2007.921,-391.2,42.7616926503341,1347,1347,39.1982182628062,44.543429844098
EPI_ISL_79683|Human|H5N1|2007.896|Asia|,2007.896,-391.2,42.7616926503341,1347,1347,39.1982182628062,44.543429844098
EPI_ISL_79682|Human|H5N1|2007.132|Asia|,2007.132,-403.5,43.4298440979955,1347,1347,40.9799554565702,44.6547884187082
EPI_ISL_79681|Human|H5N1|2006.463|Asia|,2006.463,-400,43.8010393466964,1347,1347,41.4253897550111,44.988864142539
EPI_ISL_79680|Human|H5N1|2006.247|Asia|,2006.247,-399.7,43.3556050482554,1347,1347,40.7572383073497,44.6547884187082
EPI_ISL_79679|Human|H5N1|2006.195|Asia|,2006.195,-404.1,43.8010393466964,1347,1347,41.2026726057906,45.1002227171492
EPI_ISL_79678|Human|H5N1|2006.142|Asia|,2006.142,-403.9,43.7268002969562,1347,1347,41.2026726057906,44.988864142539
EPI_ISL_79677|Human|H5N1|2006.071|Asia|,2006.071,-387.9,42.9101707498144,1347,1347,39.8663697104677,44.4320712694877
EPI_ISL_73306|Human|H5N1|2008.126|Asia|,2008.126,-395.2,42.9844097995546,1347,1347,39.8663697104677,44.543429844098
EPI_ISL_73305|Human|H5N1|2008.115|Asia|,2008.115,-396.6,43.5040831477357,1347,1347,41.4253897550111,44.543429844098
EPI_ISL_73303|Human|H5N1|2008.041|Asia|,2008.041,-408.8,43.652561247216,1347,1347,41.2026726057906,44.8775055679287
EPI_ISL_73302|Human|H5N1|2007.205|Asia|,2007.205,-393.2,43.3556050482554,1347,1347,40.5345211581292,44.7661469933185
EPI_ISL_73320|Human|H5N1|2006.94|Asia|,2006.94,-405.4,43.5783221974759,1347,1347,40.9799554565702,44.8775055679287
EPI_ISL_73299|Human|H5N1|2006.419|Asia|,2006.419,-389.6,43.1328878990349,1347,1347,39.8663697104677,44.7661469933185
EPI_ISL_73298|Human|H5N1|2006.288|Asia|,2006.288,-391.1,42.9844097995546,1347,1347,39.8663697104677,44.543429844098
EPI_ISL_73294|Human|H5N1|2006.11|Asia|,2006.11,-391,43.0586488492947,1347,1347,39.8663697104677,44.6547884187082
EPI_ISL_77975|Human|H5N1|2004|Asia|,2004,-392.2,43.2813659985152,1347,1347,40.5345211581292,44.6547884187082
EPI_ISL_77974|Human|H5N1|2004|Asia|,2004,-390.5,43.3556050482554,1347,1347,40.7572383073497,44.6547884187082
EPI_ISL_77973|Human|H5N1|2004|Asia|,2004,-390.5,43.3556050482554,1347,1347,40.7572383073497,44.6547884187082
EPI_ISL_77972|Human|H5N1|2004|Asia|,2004,-390.5,43.3556050482554,1347,1347,40.7572383073497,44.6547884187082
EPI_ISL_77971|Human|H5N1|2004|Asia|,2004,-395,43.652561247216,1347,1347,41.6481069042316,44.6547884187082
EPI_ISL_10060|Human|H5N1|2005|Asia|,2005,-389.9,42.7616926503341,1347,1347,39.4209354120267,44.4320712694877
EPI_ISL_80494|Human|H5N1|2008.943|Asia|,2008.943,-392,44.0237564959169,1347,1347,41.4253897550111,45.3229398663697
EPI_ISL_80471|Human|H5N1|2005.219|Asia|,2005.219,-381.9,44.0122044241037,1311,1311,40.9610983981693,45.5377574370709
EPI_ISL_84853|Human|H5N1|2005.263|Asia|,2005.263,-392.6,43.8752783964365,1347,1347,41.6481069042316,44.988864142539
EPI_ISL_90136|Human|H5N1|2005|Asia|,2005,-389.9,43.8010393466964,1347,1347,41.4253897550111,44.988864142539
EPI_ISL_73304|Human|H5N1|2005.893|Asia|,2005.893,-391.9,42.8359317000742,1347,1347,39.4209354120267,44.543429844098
EPI_ISL_110187|Human|H5N1|2004|Asia|,2004,-394.3,43.5040831477357,1347,1347,40.9799554565702,44.7661469933185
EPI_ISL_109928|Human|H5N1|2004|Asia|,2004,-390.8,43.652561247216,1347,1347,41.6481069042316,44.6547884187082
EPI_ISL_120244|Human|H5N1|2008|Africa|,2008,-394.4,43.5783221974759,1347,1347,41.4253897550111,44.6547884187082
EPI_ISL_124114|Human|H5N1|2005|Asia|,2005,-397.2,43.5783221974759,1347,1347,41.2026726057906,44.7661469933185
EPI_ISL_121541|Human|H5N1|2005|Asia|,2005,-396.3,43.5040831477357,1347,1347,40.9799554565702,44.7661469933185
EPI_ISL_120232|Human|H5N1|2007.195|Africa|,2007.195,-391.2,43.5040831477357,1347,1347,40.9799554565702,44.7661469933185
EPI_ISL_143547|Human|H5N1|2008.016|Asia|,2008.016,-399.3,43.8752783964365,1347,1347,42.7616926503341,44.4320712694877
EPI_ISL_143546|Human|H5N1|2008.016|Asia|,2008.016,-403.7,43.9495174461767,1347,1347,42.3162583518931,44.7661469933185
EPI_ISL_143545|Human|H5N1|2007.512|Asia|,2007.512,-404.4,43.9495174461767,1347,1347,42.5389755011136,44.6547884187082
EPI_ISL_143490|Human|H5N1|2008.265|Asia|,2008.265,-396,43.3556050482554,1347,1347,41.2026726057906,44.4320712694877
EPI_ISL_144531|Swine|H5N1|2008.915|Asia|,2008.915,-402,43.9495174461767,1347,1347,42.7616926503341,44.543429844098
EPI_ISL_150052|Human|H5N1|2008.309|Asia|,2008.309,-389.6,43.4298440979955,1347,1347,40.7572383073497,44.7661469933185
EPI_ISL_188694|Human|H5N1|2006.605|Asia|,2006.605,-395.6,43.5040831477357,1347,1347,40.9799554565702,44.7661469933185
EPI_ISL_343407|Human|H5N1|2008.123|Asia|,2008.123,-395.9,43.3556050482554,1347,1347,41.2026726057906,44.4320712694877
EPI_ISL_343406|Human|H5N1|2008.085|Asia|,2008.085,-387.7,43.2071269487751,1347,1347,39.8663697104677,44.8775055679287
EPI_ISL_343385|Human|H5N1|2008.951|Asia|,2008.951,-387.5,43.3556050482554,1347,1347,41.2026726057906,44.4320712694877
EPI_ISL_343384|Human|H5N1|2008.309|Asia|,2008.309,-387.7,43.2071269487751,1347,1347,39.8663697104677,44.8775055679287
EPI_ISL_343383|Human|H5N1|2008.238|Asia|,2008.238,-393.7,43.5783221974759,1347,1347,41.4253897550111,44.6547884187082
EPI_ISL_343382|Human|H5N1|2008.23|Asia|,2008.23,-394.5,43.5783221974759,1347,1347,41.2026726057906,44.7661469933185
EPI_ISL_76081|Human|H5N1|2010.414|Asia|,2010.414,-386.3,43.4621099554235,1346,1347,41.2946428571429,44.543429844098
EPI_ISL_79687|Human|H5N1|2009.06|Asia|,2009.06,-403.4,43.4298440979955,1347,1347,40.5345211581292,44.8775055679287
EPI_ISL_79686|Human|H5N1|2009.019|Asia|,2009.019,-395,42.9844097995546,1347,1347,39.6436525612472,44.6547884187082
EPI_ISL_73308|Human|H5N1|2009.049|Asia|,2009.049,-371.8,43.3878157503715,1346,1347,40.625,44.7661469933185
EPI_ISL_73309|Human|H5N1|2009.038|Asia|,2009.038,-397.6,43.5783221974759,1347,1347,40.5345211581292,45.1002227171492
EPI_ISL_73313|Human|H5N1|2009.025|Asia|,2009.025,-377.3,42.8359317000742,1347,1347,38.7527839643653,44.8775055679287
EPI_ISL_73312|Human|H5N1|2009.011|Asia|,2009.011,-394.1,42.9844097995546,1347,1347,39.4209354120267,44.7661469933185
EPI_ISL_89366|Human|H5N1|2011.184|Asia|,2011.184,-397.4,43.5783221974759,1347,1347,40.9799554565702,44.8775055679287
EPI_ISL_96896|Human|H5N1|2010.384|Asia|,2010.384,-386.4,43.5040831477357,1347,1347,41.4253897550111,44.543429844098
EPI_ISL_98855|Human|H5N1|2011.764|Asia|,2011.764,-390.8,42.9844097995546,1347,1347,40.7572383073497,44.097995545657
EPI_ISL_98854|Human|H5N1|2011.764|Asia|,2011.764,-389.5,43.0163447251114,1346,1347,40.8482142857143,44.097995545657
EPI_ISL_98741|Human|H5N1|2010.293|Asia|,2010.293,-390.2,43.7268002969562,1347,1347,40.7572383073497,45.2115812917595
EPI_ISL_98740|Human|H5N1|2011.09|Asia|,2011.09,-393.9,44.097995545657,1347,1347,41.2026726057906,45.5456570155902
EPI_ISL_100272|Human|H5N1|2011.989|Asia|,2011.989,-377.4,43.2813659985152,1347,1347,41.4253897550111,44.2093541202673
EPI_ISL_110159|Human|H5N1|2012.025|Asia|,2012.025,-389.7,43.3556050482554,1347,1347,40.0890868596882,44.988864142539
EPI_ISL_120290|Human|H5N1|2011.828|Africa|,2011.828,-389.5,43.5783221974759,1347,1347,40.7572383073497,44.988864142539
EPI_ISL_120289|Human|H5N1|2011.97|Africa|,2011.97,-397.1,43.5040831477357,1347,1347,40.9799554565702,44.7661469933185
EPI_ISL_120288|Human|H5N1|2011.953|Africa|,2011.953,-397.1,43.5040831477357,1347,1347,40.9799554565702,44.7661469933185
EPI_ISL_120286|Human|H5N1|2011.915|Africa|,2011.915,-397.1,43.5783221974759,1347,1347,40.9799554565702,44.8775055679287
EPI_ISL_120285|Human|H5N1|2011.721|Africa|,2011.721,-393,44.1722345953972,1347,1347,42.3162583518931,45.1002227171492
EPI_ISL_120284|Human|H5N1|2011|Africa|,2011,-393.9,43.4621099554235,1346,1347,40.8482142857143,44.7661469933185
EPI_ISL_120283|Human|H5N1|2011|Africa|,2011,-396.5,43.3556050482554,1347,1347,40.7572383073497,44.6547884187082
EPI_ISL_120282|Human|H5N1|2011|Africa|,2011,-395.2,43.7268002969562,1347,1347,41.6481069042316,44.7661469933185
EPI_ISL_120281|Human|H5N1|2011|Africa|,2011,-392.7,43.5040831477357,1347,1347,41.2026726057906,44.6547884187082
EPI_ISL_120280|Human|H5N1|2011|Africa|,2011,-389.2,43.3878157503715,1346,1347,40.625,44.7661469933185
EPI_ISL_120279|Human|H5N1|2011|Africa|,2011,-396.9,43.6106983655275,1346,1347,41.2946428571429,44.7661469933185
EPI_ISL_120278|Human|H5N1|2011|Africa|,2011,-394.8,43.5040831477357,1347,1347,41.2026726057906,44.6547884187082
EPI_ISL_120277|Human|H5N1|2011|Africa|,2011,-396.3,43.4298440979955,1347,1347,40.7572383073497,44.7661469933185
EPI_ISL_120276|Human|H5N1|2011|Africa|,2011,-390.2,43.3556050482554,1347,1347,40.9799554565702,44.543429844098
EPI_ISL_120275|Human|H5N1|2011|Africa|,2011,-396.7,43.5783221974759,1347,1347,41.2026726057906,44.7661469933185
EPI_ISL_120259|Human|H5N1|2009.362|Africa|,2009.362,-394.2,43.8010393466964,1347,1347,41.4253897550111,44.988864142539
EPI_ISL_120253|Human|H5N1|2009.375|Africa|,2009.375,-387.2,43.3878157503715,1346,1347,40.9799554565702,44.5930880713489
EPI_ISL_121190|Human|H5N1|2012.404|Asia|,2012.404,-381.6,43.4298440979955,1347,1347,41.4253897550111,44.4320712694877
EPI_ISL_121547|Ferret|H5N1|2012|Asia|,2012,-396.3,43.5040831477357,1347,1347,40.9799554565702,44.7661469933185
EPI_ISL_121546|Ferret|H5N1|2012|Asia|,2012,-393.7,43.4298440979955,1347,1347,40.7572383073497,44.7661469933185
EPI_ISL_121545|Ferret|H5N1|2012|Asia|,2012,-396.3,43.5040831477357,1347,1347,40.9799554565702,44.7661469933185
EPI_ISL_121544|Ferret|H5N1|2012|Asia|,2012,-396.3,43.5040831477357,1347,1347,40.9799554565702,44.7661469933185
EPI_ISL_121543|Ferret|H5N1|2012|Asia|,2012,-396.3,43.5040831477357,1347,1347,40.9799554565702,44.7661469933185
EPI_ISL_121542|Ferret|H5N1|2012|Asia|,2012,-396.3,43.5040831477357,1347,1347,40.9799554565702,44.7661469933185
EPI_ISL_135216|Human|H5N1|2013.104|Asia|,2013.104,-397.9,43.5783221974759,1347,1347,40.7572383073497,44.988864142539
EPI_ISL_139509|Human|H5N1|2012.492|Asia|,2012.492,-400.9,43.5040831477357,1347,1347,41.6481069042316,44.4320712694877
EPI_ISL_139508|Human|H5N1|2012.161|Asia|,2012.161,-386.1,43.1328878990349,1347,1347,41.4253897550111,43.9866369710468
EPI_ISL_141267|Human|H5N1|2011.178|Asia|,2011.178,-397.4,43.4298440979955,1347,1347,40.5345211581292,44.8775055679287
EPI_ISL_143548|Human|H5N1|2009.115|Asia|,2009.115,-401.1,43.2813659985152,1347,1347,41.2026726057906,44.3207126948775
EPI_ISL_143544|Human|H5N1|2010.186|Asia|,2010.186,-417.6,44.1722345953972,1347,1347,42.5389755011136,44.988864142539
EPI_ISL_143543|Human|H5N1|2009.088|Asia|,2009.088,-405.4,43.652561247216,1347,1347,41.8708240534521,44.543429844098
EPI_ISL_143542|Human|H5N1|2010.252|Asia|,2010.252,-403.4,43.0586488492947,1347,1347,40.0890868596882,44.543429844098
EPI_ISL_143489|Human|H5N1|2009.192|Asia|,2009.192,-386.9,44.0237564959169,1347,1347,41.2026726057906,45.43429844098
EPI_ISL_143488|Human|H5N1|2012.036|Asia|,2012.036,-392.2,43.7268002969562,1347,1347,40.9799554565702,45.1002227171492
EPI_ISL_143494|Human|H5N1|2012.194|Africa|,2012.194,-392.7,43.5040831477357,1347,1347,40.7572383073497,44.8775055679287
EPI_ISL_144532|Swine|H5N1|2009|Asia|,2009,-389.7,42.7616926503341,1347,1347,39.6436525612472,44.3207126948775
EPI_ISL_150197|Human|H5N1|2009.156|Asia|,2009.156,-399.1,43.5783221974759,1347,1347,42.0935412026726,44.3207126948775
EPI_ISL_150014|Human|H5N1|2013.066|Asia|,2013.066,-391,43.8752783964365,1347,1347,41.4253897550111,45.1002227171492
EPI_ISL_151057|Human|H5N1|2011.266|Asia|,2011.266,-388.2,43.2071269487751,1347,1347,40.0890868596882,44.7661469933185
EPI_ISL_150577|Human|H5N1|2011.09|Asia|,2011.09,-385.2,43.1328878990349,1347,1347,40.9799554565702,44.2093541202673
EPI_ISL_150573|Human|H5N1|2010.414|Asia|,2010.414,-385,43.0586488492947,1347,1347,40.3118040089087,44.4320712694877
EPI_ISL_150551|Human|H5N1|2010.707|Asia|,2010.707,-387.7,43.2071269487751,1347,1347,39.8663697104677,44.8775055679287
EPI_ISL_150550|Human|H5N1|2010.312|Asia|,2010.312,-387.7,43.2071269487751,1347,1347,39.8663697104677,44.8775055679287
EPI_ISL_150548|Human|H5N1|2010.888|Asia|,2010.888,-391.1,43.2813659985152,1347,1347,41.2026726057906,44.3207126948775
EPI_ISL_151134|Feline|H5N1|2013.052|Asia|,2013.052,-376,42.9844097995546,1347,1347,40.3118040089087,44.3207126948775
EPI_ISL_162425|Human|H5N1|2013.159|Asia|,2013.159,-389.1,43.8752783964365,1347,1347,41.6481069042316,44.988864142539
EPI_ISL_165438|Human|H5N1|2011.797|Asia|,2011.797,-377.7,43.5040831477357,1347,1347,41.6481069042316,44.4320712694877
EPI_ISL_166661|Human|H5N1|2012.396|Asia|,2012.396,-394.7,43.7268002969562,1347,1347,41.2026726057906,44.988864142539
EPI_ISL_166660|Human|H5N1|2012.24|Asia|,2012.24,-394.3,43.7268002969562,1347,1347,40.5345211581292,45.3229398663697
EPI_ISL_166640|Human|H5N1|2013.132|Asia|,2013.132,-390.8,43.8752783964365,1347,1347,41.6481069042316,44.988864142539
EPI_ISL_166638|Human|H5N1|2013.099|Asia|,2013.099,-392.7,44.097995545657,1347,1347,41.8708240534521,45.2115812917595
EPI_ISL_166637|Human|H5N1|2013.06|Asia|,2013.06,-390.5,43.652561247216,1347,1347,40.9799554565702,44.988864142539
EPI_ISL_166636|Human|H5N1|2013.022|Asia|,2013.022,-390.5,43.652561247216,1347,1347,40.9799554565702,44.988864142539
EPI_ISL_166659|Feline|H5N1|2013.195|Asia|,2013.195,-393.7,43.7268002969562,1347,1347,41.2026726057906,44.988864142539
EPI_ISL_191956|Human|H5N1|2013.255|Asia|,2013.255,-391.2,43.8752783964365,1347,1347,41.6481069042316,44.988864142539
EPI_ISL_195244|Human|H5N1|2012.145|Asia|,2012.145,-381.5,43.3556050482554,1347,1347,39.8663697104677,45.1002227171492
EPI_ISL_343391|Human|H5N1|2010.414|Asia|,2010.414,-388.8,43.3556050482554,1347,1347,41.6481069042316,44.2093541202673
EPI_ISL_343397|Human|H5N1|2011.597|Asia|,2011.597,-392.4,43.2813659985152,1347,1347,41.8708240534521,43.9866369710468
EPI_ISL_343396|Human|H5N1|2011.266|Asia|,2011.266,-389.3,43.2813659985152,1347,1347,40.3118040089087,44.7661469933185
EPI_ISL_343395|Human|H5N1|2011.088|Asia|,2011.088,-387.5,43.3556050482554,1347,1347,41.2026726057906,44.4320712694877
EPI_ISL_343394|Human|H5N1|2011.09|Asia|,2011.09,-388.2,43.3556050482554,1347,1347,40.9799554565702,44.543429844098
EPI_ISL_343393|Human|H5N1|2010.888|Asia|,2010.888,-387.3,43.0586488492947,1347,1347,40.7572383073497,44.2093541202673
EPI_ISL_343392|Human|H5N1|2010.512|Asia|,2010.512,-385.6,42.7293064876958,1341,1341,39.8210290827741,44.1834451901566
EPI_ISL_343390|Human|H5N1|2010.312|Asia|,2010.312,-389.8,43.3556050482554,1347,1347,40.5345211581292,44.7661469933185
EPI_ISL_343389|Human|H5N1|2009.408|Asia|,2009.408,-392.8,43.1328878990349,1347,1347,40.7572383073497,44.3207126948775
EPI_ISL_343388|Human|H5N1|2009.386|Asia|,2009.386,-399.8,43.5040831477357,1347,1347,41.8708240534521,44.3207126948775
EPI_ISL_343387|Human|H5N1|2009.156|Asia|,2009.156,-399.1,43.5783221974759,1347,1347,42.0935412026726,44.3207126948775
EPI_ISL_343386|Human|H5N1|2009.058|Asia|,2009.058,-396.5,43.4298440979955,1347,1347,41.4253897550111,44.4320712694877
EPI_ISL_343405|Human|H5N1|2009.071|Asia|,2009.071,-390.9,43.2071269487751,1347,1347,40.7572383073497,44.4320712694877
EPI_ISL_343411|Human|H5N1|2009.06|Asia|,2009.06,-392.9,43.3556050482554,1347,1347,40.3118040089087,44.8775055679287
EPI_ISL_343410|Human|H5N1|2011.17|Asia|,2011.17,-386.5,43.2071269487751,1347,1347,41.2026726057906,44.2093541202673
EPI_ISL_343408|Human|H5N1|2010.647|Asia|,2010.647,-385.5,43.2071269487751,1347,1347,40.9799554565702,44.3207126948775
EPI_ISL_343400|Human|H5N1|2012.582|Asia|,2012.582,-390.7,43.5783221974759,1347,1347,41.4253897550111,44.6547884187082
EPI_ISL_343399|Human|H5N1|2012.142|Asia|,2012.142,-395.4,43.4298440979955,1347,1347,41.8708240534521,44.2093541202673
EPI_ISL_343398|Human|H5N1|2012.115|Asia|,2012.115,-395.2,43.3556050482554,1347,1347,41.8708240534521,44.097995545657
EPI_ISL_378627|Meerkat|H5N1|2012.331|Asia|,2012.331,-379.7,43.2071269487751,1347,1347,40.9799554565702,44.3207126948775
EPI_ISL_891209|Human|H5N1|2011|Asia|,2011,-377.4,43.2813659985152,1347,1347,41.4253897550111,44.2093541202673
EPI_ISL_502207|Ferret|H5N1|2018.526|Asia|,2018.526,-383.2,42.0753375977257,1407,1407,39.8720682302772,43.1769722814499
EPI_ISL_8799552|Human|H5N1|2021.984|Europe|,2021.984,-410.8,44.2786069651741,1407,1407,45.4157782515991,43.7100213219616
EPI_ISL_144507|Human|H5N1|2013.46|Asia|,2013.46,-381.3,42.3904974016333,1347,1347,38.5300668151448,44.3207126948775
EPI_ISL_154130|Human|H5N1|2014.005|NorthAmerica|,2014.005,-382.3,43.6849925705795,1346,1347,42.4107142857143,44.3207126948775
EPI_ISL_150015|Human|H5N1|2013.603|Asia|,2013.603,-405.9,44.3207126948775,1347,1347,42.7616926503341,45.1002227171492
EPI_ISL_162667|Human|H5N1|2014.296|Asia|,2014.296,-381.7,42.3904974016333,1347,1347,38.7527839643653,44.2093541202673
EPI_ISL_162429|Human|H5N1|2013.805|Asia|,2013.805,-389.3,43.8752783964365,1347,1347,42.0935412026726,44.7661469933185
EPI_ISL_162428|Human|H5N1|2013.707|Asia|,2013.707,-382.8,44.1379310344828,1305,1305,41.1494252873563,45.632183908046
EPI_ISL_162427|Human|H5N1|2013.699|Asia|,2013.699,-389.5,43.9495174461767,1347,1347,41.6481069042316,45.1002227171492
EPI_ISL_162424|Human|H5N1|2013.622|Asia|,2013.622,-397.3,44.097995545657,1347,1347,42.0935412026726,45.1002227171492
EPI_ISL_162420|Human|H5N1|2013.515|Asia|,2013.515,-391.3,43.8752783964365,1347,1347,41.8708240534521,44.8775055679287
EPI_ISL_162419|Human|H5N1|2013.488|Asia|,2013.488,-391.2,44.0237564959169,1347,1347,41.8708240534521,45.1002227171492
EPI_ISL_167907|Human|H5N1|2014.428|Asia|,2014.428,-395.4,43.5783221974759,1347,1347,42.9844097995546,43.8752783964365
EPI_ISL_174852|Human|H5N1|2014.907|Africa|,2014.907,-390.2,43.5040831477357,1347,1347,41.6481069042316,44.4320712694877
EPI_ISL_174851|Human|H5N1|2014.901|Africa|,2014.901,-390.2,43.5783221974759,1347,1347,41.8708240534521,44.4320712694877
EPI_ISL_191955|Human|H5N1|2014.074|Asia|,2014.074,-389.3,43.8752783964365,1347,1347,41.2026726057906,45.2115812917595
EPI_ISL_191954|Human|H5N1|2014.047|Asia|,2014.047,-372.5,42.7934621099554,1346,1347,39.2857142857143,44.543429844098
EPI_ISL_195659|Human|H5N1|2015.038|Africa|,2015.038,-390.2,43.3878157503715,1346,1347,41.2946428571429,44.4320712694877
EPI_ISL_195245|Human|H5N1|2013.871|Asia|,2013.871,-390.5,43.7268002969562,1347,1347,41.4253897550111,44.8775055679287
EPI_ISL_221726|Feline|H5N1|2014.953|Asia|,2014.953,-378.8,43.0586488492947,1347,1347,40.9799554565702,44.097995545657
EPI_ISL_221723|Feline|H5N1|2014.266|Asia|,2014.266,-380.4,43.3556050482554,1347,1347,41.6481069042316,44.2093541202673
EPI_ISL_221722|Feline|H5N1|2015.611|Asia|,2015.611,-375,42.9844097995546,1347,1347,41.8708240534521,43.5412026726058
EPI_ISL_226074|Swine|H5N1|2014.838|Asia|,2014.838,-398.3,43.9495174461767,1347,1347,41.4253897550111,45.2115812917595
EPI_ISL_226073|Swine|H5N1|2014.784|Asia|,2014.784,-403.3,42.999289267946,1407,1407,40.9381663113006,44.0298507462687
EPI_ISL_243348|Ferret|H5N1|2015.493|Asia|,2015.493,-382.5,43.2071269487751,1347,1347,41.8708240534521,43.8752783964365
EPI_ISL_243347|Ferret|H5N1|2015.512|Asia|,2015.512,-380.6,43.5783221974759,1347,1347,41.8708240534521,44.4320712694877
EPI_ISL_255387|Human|H5N1|2014.175|Asia|,2014.175,-390,43.652561247216,1347,1347,41.2026726057906,44.8775055679287
EPI_ISL_255386|Human|H5N1|2014.173|Asia|,2014.173,-379.7,44.1608662026295,1293,1293,41.0672853828306,45.707656612529
EPI_ISL_255593|Human|H5N1|2014.175|Asia|,2014.175,-376.5,44.1085271317829,1290,1290,41.6279069767442,45.3488372093023
EPI_ISL_262572|Human|H5N1|2014.863|Africa|,2014.863,-390.9,43.5783221974759,1347,1347,41.8708240534521,44.4320712694877
EPI_ISL_343404|Human|H5N1|2015.227|Asia|,2015.227,-396.8,43.1328878990349,1347,1347,42.3162583518931,43.5412026726058
EPI_ISL_343403|Human|H5N1|2015.225|Asia|,2015.225,-392,43.2813659985152,1347,1347,42.3162583518931,43.7639198218263
EPI_ISL_343402|Human|H5N1|2013.86|Asia|,2013.86,-390.9,43.5783221974759,1347,1347,42.9844097995546,43.8752783964365
EPI_ISL_343401|Human|H5N1|2013.737|Asia|,2013.737,-396.4,43.5783221974759,1347,1347,42.7616926503341,43.9866369710468
EPI_ISL_379574|Human|H5N1|2015.055|Asia|,2015.055,-384.9,43.2071269487751,1347,1347,41.8708240534521,43.8752783964365
EPI_ISL_393329|Swine|H5N1|2015|Asia|,2015,-380.6,42.9844097995546,1347,1347,40.0890868596882,44.4320712694877
EPI_ISL_244744|Feline|H5N1|2016.279|Asia|,2016.279,-384.1,43.5040831477357,1347,1347,42.5389755011136,43.9866369710468
EPI_ISL_376124|Ferret|H5N1|2017.43|Asia|,2017.43,-385.6,43.7268002969562,1347,1347,42.5389755011136,44.3207126948775
EPI_ISL_354656|Human|H5N1|2019.227|Asia|,2019.227,-397.5,44.3198804185351,1338,1338,43.9461883408072,44.5067264573991
EPI_ISL_354655|Human|H5N1|2019.227|Asia|,2019.227,-397.5,44.3198804185351,1338,1338,43.9461883408072,44.5067264573991
EPI_ISL_358020|Human|H5N1|2019.227|Asia|,2019.227,-397.5,44.3198804185351,1338,1338,43.9461883408072,44.5067264573991
EPI_ISL_877035|Human|H5N1|2020.79|Asia|,2020.79,-388.6,43.8752783964365,1347,1347,41.4253897550111,45.1002227171492
EPI_ISL_3547|Human|H7N7|2003|Europe|,2003,-357.5,42.8167020523708,1413,1413,40.3397027600849,44.0552016985138
EPI_ISL_29945|Equine|H7N7|1966|NorthAmerica|,1966,-315.7,38.4506041222459,1407,1407,32.8358208955224,41.2579957356077
EPI_ISL_89157|Equine|H7N7|1956.443|Europe|,1956.443,-315.74,38.6638237384506,1407,1407,33.0490405117271,41.4712153518124
EPI_ISL_132868|Equine|H7N7|1956|Europe|,1956,-315.74,38.6638237384506,1407,1407,33.0490405117271,41.4712153518124
EPI_ISL_171318|Human|H7N7|2013.682|Europe|,2013.682,-379.5,43.5951875442321,1413,1413,42.8874734607219,43.9490445859873
EPI_ISL_5226|Human|H1N2|2003.31|NorthAmerica|seasonal,2003.31,-395.1,43.3546552949538,1407,1407,42.4307036247335,43.816631130064
EPI_ISL_6423|Human|H1N2|2003|NorthAmerica|seasonal,2003,-395.7,43.4257285003554,1407,1407,42.6439232409382,43.816631130064
EPI_ISL_8267|Human|H1N2|2003.266|NorthAmerica|seasonal,2003.266,-398.7,43.5678749111585,1407,1407,43.0703624733475,43.816631130064
EPI_ISL_8266|Human|H1N2|2003.079|NorthAmerica|seasonal,2003.079,-397.7,43.4257285003554,1407,1407,42.6439232409382,43.816631130064
EPI_ISL_8263|Human|H1N2|2003.167|NorthAmerica|seasonal,2003.167,-397.3,43.4968017057569,1407,1407,42.8571428571429,43.816631130064
EPI_ISL_8230|Human|H1N2|2003.041|NorthAmerica|seasonal,2003.041,-398.4,43.4968017057569,1407,1407,42.8571428571429,43.816631130064
EPI_ISL_8229|Human|H1N2|2003.112|NorthAmerica|seasonal,2003.112,-397.3,43.5678749111585,1407,1407,43.0703624733475,43.816631130064
EPI_ISL_8205|Human|H1N2|2003.107|NorthAmerica|seasonal,2003.107,-396.5,43.4257285003554,1407,1407,42.6439232409382,43.816631130064
EPI_ISL_8702|Human|H1N2|2003.173|NorthAmerica|seasonal,2003.173,-398.7,43.5678749111585,1407,1407,43.0703624733475,43.816631130064
EPI_ISL_8691|Human|H1N2|2003.033|NorthAmerica|seasonal,2003.033,-397.3,43.4968017057569,1407,1407,42.8571428571429,43.816631130064
EPI_ISL_8653|Human|H1N2|2002.956|NorthAmerica|seasonal,2002.956,-397.3,43.4257285003554,1407,1407,42.6439232409382,43.816631130064
EPI_ISL_8607|Human|H1N2|2003.099|NorthAmerica|seasonal,2003.099,-395.1,43.6117059243398,1401,1401,43.0406852248394,43.8972162740899
EPI_ISL_8997|Human|H1N2|2003.11|NorthAmerica|seasonal,2003.11,-397.3,43.4968017057569,1407,1407,42.8571428571429,43.816631130064
EPI_ISL_8996|Human|H1N2|2003.071|NorthAmerica|seasonal,2003.071,-398.2,43.4257285003554,1407,1407,42.6439232409382,43.816631130064
EPI_ISL_8970|Human|H1N2|2003.088|NorthAmerica|seasonal,2003.088,-397.3,43.5185185185185,1404,1404,42.7350427350427,43.9102564102564
EPI_ISL_8960|Human|H1N2|2003.326|NorthAmerica|seasonal,2003.326,-396,43.5403283369022,1401,1401,43.254817987152,43.6830835117773
EPI_ISL_9052|Human|H1N2|2003|NorthAmerica|seasonal,2003,-397.3,43.4968017057569,1407,1407,42.8571428571429,43.816631130064
EPI_ISL_9037|Human|H1N2|2003.077|NorthAmerica|seasonal,2003.077,-397.3,43.4968017057569,1407,1407,42.8571428571429,43.816631130064
EPI_ISL_9881|Swine|H1N2|2003|NorthAmerica|,2003,-397.8,43.7810945273632,1407,1407,43.9232409381663,43.7100213219616
EPI_ISL_9538|Swine|H1N2|2004|Asia|,2004,-375.9,42.2885572139304,1407,1407,38.3795309168444,44.2430703624733
EPI_ISL_13920|Swine|H1N2|2005|Asia|,2005,-361,41.7199715707178,1407,1407,39.0191897654584,43.0703624733475
EPI_ISL_15606|Human|H1N2|2003|Europe|seasonal,2003,-396.3,43.3546552949538,1407,1407,42.6439232409382,43.7100213219616
EPI_ISL_28433|Swine|H1N2|1980|Asia|,1980,-389,42.7860696517413,1407,1407,41.36460554371,43.4968017057569
EPI_ISL_30055|Human|H1N2|2007.63|NorthAmerica|,2007.63,-375,42.7149964463397,1407,1407,40.2985074626866,43.9232409381663
EPI_ISL_29769|Swine|H1N2|2003.31|Asia|,2003.31,-373.1,42.6031294452347,1406,1407,38.8888888888889,44.456289978678
EPI_ISL_88949|Swine|H1N2|1999.97|Asia|,1999.97,-387.2,43.2178932178932,1386,1386,40.4761904761905,44.5887445887446
EPI_ISL_88371|Swine|H1N2|2006.025|Asia|,2006.025,-384.5,42.0753375977257,1407,1407,37.3134328358209,44.456289978678
EPI_ISL_88362|Swine|H1N2|2004.784|Asia|,2004.784,-372.3,42.5320056899004,1406,1407,38.8888888888889,44.3496801705757
EPI_ISL_88357|Swine|H1N2|2004.21|Asia|,2004.21,-369.1,42.2475106685633,1406,1407,37.8205128205128,44.456289978678
EPI_ISL_88356|Swine|H1N2|2004.145|Asia|,2004.145,-375,42.6031294452347,1406,1407,39.1025641025641,44.3496801705757
EPI_ISL_88354|Swine|H1N2|2003.953|Asia|,2003.953,-375.7,42.4608819345661,1406,1407,38.4615384615385,44.456289978678
EPI_ISL_88352|Swine|H1N2|2003.789|Asia|,2003.789,-370.7,42.6031294452347,1406,1407,38.6752136752137,44.5628997867804
EPI_ISL_88350|Swine|H1N2|2003.616|Asia|,2003.616,-379.3,43.0298719772404,1406,1407,40.3846153846154,44.3496801705757
EPI_ISL_88349|Swine|H1N2|2003.521|Asia|,2003.521,-379.3,43.1009957325747,1406,1407,40.5982905982906,44.3496801705757
EPI_ISL_88343|Swine|H1N2|2002.688|Asia|,2002.688,-373.4,42.6031294452347,1406,1407,38.8888888888889,44.456289978678
EPI_ISL_88342|Swine|H1N2|2002.614|Asia|,2002.614,-377.9,42.8876244665718,1406,1407,39.957264957265,44.3496801705757
EPI_ISL_88338|Swine|H1N2|2002.055|Asia|,2002.055,-375.9,42.4608819345661,1406,1407,39.3162393162393,44.0298507462687
EPI_ISL_88330|Swine|H1N2|2001.389|Asia|,2001.389,-373.2,43.2178932178932,1386,1386,40.2597402597403,44.6969696969697
EPI_ISL_103792|Swine|H1N2|2007.915|Asia|,2007.915,-373.5,42.0753375977257,1407,1407,37.3134328358209,44.456289978678
EPI_ISL_126261|Human|H1N2|2007.63|NorthAmerica|,2007.63,-375,42.7149964463397,1407,1407,40.2985074626866,43.9232409381663
EPI_ISL_96979|Swine|H1N2|2010.156|Asia|,2010.156,-385.3,42.3596304193319,1407,1407,39.2324093816631,43.9232409381663
EPI_ISL_96978|Swine|H1N2|2010.156|Asia|,2010.156,-387.7,42.4307036247335,1407,1407,39.2324093816631,44.0298507462687
EPI_ISL_96977|Swine|H1N2|2010.156|Asia|,2010.156,-387.7,42.4307036247335,1407,1407,39.2324093816631,44.0298507462687
EPI_ISL_96976|Swine|H1N2|2010.156|Asia|,2010.156,-387.7,42.4307036247335,1407,1407,39.2324093816631,44.0298507462687
EPI_ISL_96975|Swine|H1N2|2010.156|Asia|,2010.156,-387.7,42.4307036247335,1407,1407,39.2324093816631,44.0298507462687
EPI_ISL_99810|Human|H1N2|2011.841|NorthAmerica|,2011.841,-380,42.4046076313895,1389,1389,40.1727861771058,43.5205183585313
EPI_ISL_119366|Swine|H1N2|2011.071|NorthAmerica|,2011.071,-398.1,42.4307036247335,1407,1407,39.8720682302772,43.7100213219616
EPI_ISL_126260|Human|H1N2|2011.841|NorthAmerica|,2011.841,-381.5,42.3132183908046,1392,1392,40.0862068965517,43.426724137931
EPI_ISL_129684|Human|H1N2|2012.653|NorthAmerica|,2012.653,-372,41.862117981521,1407,1407,39.4456289978678,43.0703624733475
EPI_ISL_181100|Swine|H1N2|2012.087|Asia|,2012.087,-383.8,42.5213675213675,1404,1404,40.3846153846154,43.5897435897436
EPI_ISL_181099|Swine|H1N2|2012.087|Asia|,2012.087,-389,42.5925925925926,1404,1404,40.3846153846154,43.6965811965812
EPI_ISL_181098|Swine|H1N2|2012.087|Asia|,2012.087,-387.4,42.5213675213675,1404,1404,40.1709401709402,43.6965811965812
EPI_ISL_181097|Swine|H1N2|2012.087|Asia|,2012.087,-387.4,42.5213675213675,1404,1404,40.1709401709402,43.6965811965812
EPI_ISL_281918|Swine|H1N2|2013.277|NorthAmerica|,2013.277,-375.3,41.0092395167022,1407,1407,38.3795309168444,42.3240938166311
EPI_ISL_505233|Swine|H1N2|2011.992|Europe|,2011.992,-395.7,42.7149964463397,1407,1407,39.6588486140725,44.2430703624733
EPI_ISL_320690|Human|H1N2|2018.578|NorthAmerica|,2018.578,-370.5,41.5778251599147,1407,1407,38.592750533049,43.0703624733475
EPI_ISL_320687|Human|H1N2|2018.578|NorthAmerica|,2018.578,-370.5,41.5778251599147,1407,1407,38.592750533049,43.0703624733475
EPI_ISL_320686|Human|H1N2|2018.57|NorthAmerica|,2018.57,-369.9,41.5362731152205,1406,1407,38.4615384615385,43.0703624733475
EPI_ISL_320688|Human|H1N2|2018.597|NorthAmerica|,2018.597,-370.8,41.5778251599147,1407,1407,38.592750533049,43.0703624733475
EPI_ISL_320689|Human|H1N2|2018.578|NorthAmerica|,2018.578,-370.5,41.5778251599147,1407,1407,38.592750533049,43.0703624733475
EPI_ISL_329970|Human|H1N2|2018.633|NorthAmerica|,2018.633,-373.7,41.8803418803419,1404,1404,39.5299145299145,43.0555555555556
EPI_ISL_329967|Human|H1N2|2018.603|NorthAmerica|,2018.603,-370.8,41.5778251599147,1407,1407,38.592750533049,43.0703624733475
EPI_ISL_329969|Human|H1N2|2018.597|NorthAmerica|,2018.597,-370.5,41.5778251599147,1407,1407,38.592750533049,43.0703624733475
EPI_ISL_329968|Human|H1N2|2018.595|NorthAmerica|,2018.595,-370.5,41.5778251599147,1407,1407,38.592750533049,43.0703624733475
EPI_ISL_1897643|Human|H1N2|2021|NorthAmerica|,2021,-392.9,42.2885572139304,1407,1407,40.724946695096,43.0703624733475
EPI_ISL_4106156|Human|H1N2|2021.627|Europe|,2021.627,-377.5,42.3596304193319,1407,1407,41.1513859275053,42.9637526652452
EPI_ISL_7334895|Human|H1N2|2021.721|NorthAmerica|,2021.721,-365.9,41.2935323383085,1407,1407,38.3795309168444,42.7505330490405
EPI_ISL_10877204|Human|H1N2|2021.986|NorthAmerica|,2021.986,-385.7,42.5728500355366,1407,1407,39.8720682302772,43.9232409381663
EPI_ISL_10864794|Human|H1N2|2021.986|NorthAmerica|,2021.986,-385.7,42.5728500355366,1407,1407,39.8720682302772,43.9232409381663
EPI_ISL_223342|Human|H1N2|2015.904|SouthAmerica|,2015.904,-388.3,42.9282160625444,1407,1407,42.0042643923241,43.3901918976546
EPI_ISL_700766|Swine|H1N2|2015.247|SouthAmerica|,2015.247,-382.3,43.2835820895522,1407,1407,42.4307036247335,43.7100213219616
EPI_ISL_700759|Swine|H1N2|2015.085|SouthAmerica|,2015.085,-363.2,42.2885572139304,1407,1407,40.2985074626866,43.2835820895522
EPI_ISL_221825|Human|H1N2|2016.24|NorthAmerica|,2016.24,-401.8,43.4257285003554,1407,1407,42.2174840085288,44.0298507462687
EPI_ISL_230639|Human|H1N2|2016.437|NorthAmerica|,2016.437,-388.9,42.1464108031272,1407,1407,40.5117270788913,42.9637526652452
EPI_ISL_230638|Human|H1N2|2016.265|NorthAmerica|,2016.265,-399.3,42.6439232409382,1407,1407,41.36460554371,43.2835820895522
EPI_ISL_277244|Human|H1N2|2017.625|NorthAmerica|,2017.625,-382.3,41.9331911869225,1407,1407,40.2985074626866,42.7505330490405
EPI_ISL_277243|Human|H1N2|2017.562|NorthAmerica|,2017.562,-398.4,43.2835820895522,1407,1407,41.5778251599147,44.136460554371
EPI_ISL_330080|Human|H1N2|2017.797|NorthAmerica|,2017.797,-385.9,42.5728500355366,1407,1407,41.1513859275053,43.2835820895522
EPI_ISL_6781349|Swine|H1N2|2020.454|Europe|,2020.454,-382,41.5778251599147,1407,1407,36.8869936034115,43.9232409381663
EPI_ISL_6781340|Swine|H1N2|2020.454|Europe|,2020.454,-382,41.5778251599147,1407,1407,36.8869936034115,43.9232409381663
EPI_ISL_1767|Swine|H4N6|1999|NorthAmerica|,1999,-365.2,44.1843971631206,1410,1410,43.8297872340426,44.3617021276596
EPI_ISL_163594|Seal|H4N6|2002.548|Europe|,2002.548,-378.8,44.7517730496454,1410,1410,44.0425531914894,45.1063829787234
EPI_ISL_163595|Seal|H4N6|2012.754|Europe|,2012.754,-378.8,44.7517730496454,1410,1410,44.0425531914894,45.1063829787234
EPI_ISL_213836|Swine|H4N6|2015.956|NorthAmerica|,2015.956,-384.6,43.9716312056738,1410,1410,42.1276595744681,44.8936170212766
EPI_ISL_4040|Swine|H3N3|2001|NorthAmerica|,2001,-365.5,42.999289267946,1407,1407,41.36460554371,43.816631130064
EPI_ISL_4039|Swine|H3N3|2001|NorthAmerica|,2001,-364.6,43.0703624733475,1407,1407,41.36460554371,43.9232409381663
EPI_ISL_12597|Human|H9N2|2000|Asia|,2000,-367.6,42.8991905813098,1359,1359,38.8520971302428,44.9227373068433
EPI_ISL_12580|Swine|H9N2|2005|Asia|,2005,-398.3,43.3476394849785,1398,1398,40.5579399141631,44.7424892703863
EPI_ISL_13020|Swine|H9N2|2005|Asia|,2005,-393.3,43.4191702432046,1398,1398,40.7725321888412,44.7424892703863
EPI_ISL_13023|Swine|H9N2|2005|Asia|,2005,-401.2,43.4907010014306,1398,1398,40.9871244635193,44.7424892703863
EPI_ISL_13022|Swine|H9N2|2005|Asia|,2005,-395.4,43.5622317596566,1398,1398,40.9871244635193,44.8497854077253
EPI_ISL_15584|Swine|H9N2|2004|Asia|,2004,-373.9,43.4257285003554,1407,1407,40.5117270788913,44.8827292110874
EPI_ISL_15583|Swine|H9N2|2004|Asia|,2004,-371.6,43.3546552949538,1407,1407,40.5117270788913,44.7761194029851
EPI_ISL_65625|Swine|H9N2|2004|Asia|,2004,-387.6,42.346208869814,1398,1398,39.6995708154506,43.6695278969957
EPI_ISL_66541|Ferret|H9N2|2008|NorthAmerica|,2008,-368.6,42.6837972876517,1401,1401,39.186295503212,44.4325481798715
EPI_ISL_67424|Swine|H9N2|2003|Asia|,2003,-369.7,42.6323319027182,1398,1398,39.6995708154506,44.0987124463519
EPI_ISL_81609|Swine|H9N2|2007.085|Asia|,2007.085,-379.8,43.4907010014306,1398,1398,41.4163090128755,44.5278969957082
EPI_ISL_81608|Swine|H9N2|2007.085|Asia|,2007.085,-379.5,43.4191702432046,1398,1398,41.2017167381974,44.5278969957082
EPI_ISL_81611|Swine|H9N2|2007.085|Asia|,2007.085,-377.8,43.4907010014306,1398,1398,41.2017167381974,44.6351931330472
EPI_ISL_81610|Swine|H9N2|2007.085|Asia|,2007.085,-377.8,43.4191702432046,1398,1398,41.2017167381974,44.5278969957082
EPI_ISL_84440|Swine|H9N2|2008.833|Asia|,2008.833,-393.7,43.0615164520744,1398,1398,41.2017167381974,43.9914163090129
EPI_ISL_84439|Swine|H9N2|2008.749|Asia|,2008.749,-393.6,42.6323319027182,1398,1398,39.9141630901288,43.9914163090129
EPI_ISL_243355|Swine|H9N2|1998|Asia|,1998,-366.8,42.9824561403509,1368,1368,39.9122807017544,44.5175438596491
EPI_ISL_235799|Human|H9N2|2004.467|Asia|,2004.467,-377.3,42.9282160625444,1407,1407,38.8059701492537,44.9893390191898
EPI_ISL_235795|Swine|H9N2|2008.751|Asia|,2008.751,-370.1,42.7853553481694,1393,1398,41.036717062635,43.6559139784946
EPI_ISL_235759|Ferret|H9N2|2008|NorthAmerica|,2008,-368.6,42.6837972876517,1401,1401,39.186295503212,44.4325481798715
EPI_ISL_235751|Ferret|H9N2|2008|NorthAmerica|,2008,-368.6,42.6837972876517,1401,1401,39.186295503212,44.4325481798715
EPI_ISL_379214|Swine|H9N2|1998|Asia|,1998,-378.8,42.9899856938484,1398,1398,40.343347639485,44.31330472103
EPI_ISL_93624|Canine|H9N2|2011|Asia|,2011,-389,42.7149964463397,1407,1407,37.7398720682303,45.2025586353945
EPI_ISL_103210|Equine|H9N2|2011.208|Asia|,2011.208,-383.7,42.6439232409382,1407,1407,37.953091684435,44.9893390191898
EPI_ISL_140388|Human|H9N2|2011.153|Asia|,2011.153,-379.8,42.6439232409382,1407,1407,37.953091684435,44.9893390191898
EPI_ISL_139173|Swine|H9N2|2009.781|Asia|,2009.781,-389.5,42.7038626609442,1398,1398,40.1287553648069,43.9914163090129
EPI_ISL_139172|Swine|H9N2|2009.499|Asia|,2009.499,-390.8,42.274678111588,1398,1398,39.2703862660944,43.7768240343348
EPI_ISL_179451|Swine|H9N2|2010.079|Asia|,2010.079,-382.8,42.9184549356223,1398,1398,41.4163090128755,43.6695278969957
EPI_ISL_229212|Swine|H9N2|2012.721|Asia|,2012.721,-394.2,43.1414356787491,1407,1407,39.4456289978678,44.9893390191898
EPI_ISL_235736|Ferret|H9N2|2012|NorthAmerica|,2012,-370.8,42.7860696517413,1407,1407,41.1513859275053,43.6034115138593
EPI_ISL_330737|Human|H9N2|2018.003|Asia|,2018.003,-371.5,41.8454935622318,1398,1398,37.9828326180258,43.7768240343348
EPI_ISL_337277|Human|H9N2|2018.06|Asia|,2018.06,-372.1,41.7024320457797,1398,1398,38.1974248927039,43.4549356223176
EPI_ISL_337279|Human|H9N2|2017.904|Asia|,2017.904,-367.2,41.7024320457797,1398,1398,37.5536480686695,43.7768240343348
EPI_ISL_345234|Human|H9N2|2018.797|Asia|,2018.797,-377.2,41.7024320457797,1398,1398,38.412017167382,43.3476394849785
EPI_ISL_345235|Human|H9N2|2018.775|Asia|,2018.775,-373.1,41.6309012875536,1398,1398,38.1974248927039,43.3476394849785
EPI_ISL_345236|Human|H9N2|2018.907|Asia|,2018.907,-378.4,42.7038626609442,1398,1398,39.4849785407725,44.31330472103
EPI_ISL_3246989|Human|H9N2|2021.419|Asia|,2021.419,-372.6,42.346208869814,1398,1398,39.2703862660944,43.8841201716738
EPI_ISL_2991499|Human|H9N2|2021.416|Asia|,2021.416,-372.6,42.346208869814,1398,1398,39.2703862660944,43.8841201716738
EPI_ISL_3247000|Human|H9N2|2021.088|Asia|,2021.088,-380,42.2031473533619,1398,1398,39.4849785407725,43.5622317596566
EPI_ISL_3246991|Human|H9N2|2021.304|Asia|,2021.304,-381,42.5608011444921,1398,1398,39.0557939914163,44.31330472103
EPI_ISL_3246998|Human|H9N2|2021.11|Asia|,2021.11,-384.7,42.274678111588,1398,1398,38.8412017167382,43.9914163090129
EPI_ISL_3247002|Human|H9N2|2021.008|Asia|,2021.008,-384.3,42.1617752326414,1397,1398,39.2703862660944,43.609022556391
EPI_ISL_3247004|Human|H9N2|2021.071|Asia|,2021.071,-380,41.9170243204578,1398,1398,38.412017167382,43.6695278969957
EPI_ISL_3247005|Human|H9N2|2021.047|Asia|,2021.047,-383.4,42.2031473533619,1398,1398,37.9828326180258,44.31330472103
EPI_ISL_3246990|Human|H9N2|2021.321|Asia|,2021.321,-369.05,42.5196850393701,1397,1398,39.3548387096774,44.0987124463519
EPI_ISL_153064|Human|H9N2|2013.989|Asia|,2013.989,-403,42.6323319027182,1398,1398,40.343347639485,43.7768240343348
EPI_ISL_174274|Ferret|H9N2|2013.677|Asia|,2013.677,-393.4,42.8469241773963,1398,1398,40.1287553648069,44.206008583691
EPI_ISL_203644|Human|H9N2|2015.668|Asia|,2015.668,-412.3,43.1330472103004,1398,1398,41.6309012875536,43.8841201716738
EPI_ISL_206451|Human|H9N2|2015.101|Asia|,2015.101,-403,43.2761087267525,1398,1398,42.274678111588,43.7768240343348
EPI_ISL_234468|Human|H9N2|2015.912|Asia|,2015.912,-412.3,43.1330472103004,1398,1398,41.6309012875536,43.8841201716738
EPI_ISL_282910|Ferret|H9N2|2014.967|Asia|,2014.967,-388.3,42.621776504298,1396,1398,39.2703862660944,44.3010752688172
EPI_ISL_282909|Ferret|H9N2|2014.967|Asia|,2014.967,-384.6,42.0600858369099,1398,1398,37.7682403433476,44.206008583691
EPI_ISL_378687|Ferret|H9N2|2015.526|Asia|,2015.526,-390.6,42.9899856938484,1398,1398,40.1287553648069,44.4206008583691
EPI_ISL_378686|Ferret|H9N2|2015.471|Asia|,2015.471,-394.1,42.9184549356223,1398,1398,40.343347639485,44.206008583691
EPI_ISL_378685|Ferret|H9N2|2015.452|Asia|,2015.452,-390.6,42.9899856938484,1398,1398,40.1287553648069,44.4206008583691
EPI_ISL_378684|Ferret|H9N2|2015.427|Asia|,2015.427,-392,42.9184549356223,1398,1398,40.1287553648069,44.31330472103
EPI_ISL_378683|Ferret|H9N2|2015.375|Asia|,2015.375,-392,42.8469241773963,1398,1398,40.1287553648069,44.206008583691
EPI_ISL_378682|Ferret|H9N2|2015.353|Asia|,2015.353,-392.9,42.9184549356223,1398,1398,40.343347639485,44.206008583691
EPI_ISL_381335|Swine|H9N2|2015.375|Asia|,2015.375,-397.6,42.4892703862661,1398,1398,39.0557939914163,44.206008583691
EPI_ISL_379943|Ferret|H9N2|2014.967|Asia|,2014.967,-390.3,42.7038626609442,1398,1398,39.2703862660944,44.4206008583691
EPI_ISL_253028|Human|H9N2|2016.454|Asia|,2016.454,-380.3,42.3596304193319,1407,1407,38.8059701492537,44.136460554371
EPI_ISL_285482|Human|H9N2|2017.321|Asia|,2017.321,-370.5,41.6309012875536,1398,1398,38.412017167382,43.2403433476395
EPI_ISL_285481|Human|H9N2|2016.945|Asia|,2016.945,-379.4,41.8454935622318,1398,1398,38.8412017167382,43.3476394849785
EPI_ISL_337281|Human|H9N2|2017.712|Asia|,2017.712,-367.2,41.4878397711016,1398,1398,37.1244635193133,43.6695278969957
EPI_ISL_353983|Human|H9N2|2019.216|Asia|,2019.216,-400.7,42.8571428571429,1407,1407,39.4456289978678,44.5628997867804
EPI_ISL_395069|Human|H9N2|2019.214|Asia|,2019.214,-378,42.2031473533619,1398,1398,38.8412017167382,43.8841201716738
EPI_ISL_407978|Human|H9N2|2019.844|Asia|,2019.844,-389.3,42.8469241773963,1398,1398,40.7725321888412,43.8841201716738
EPI_ISL_410990|Human|H9N2|2019.096|Asia|,2019.096,-365.6,41.5593705293276,1398,1398,38.6266094420601,43.0257510729614
EPI_ISL_447901|Human|H9N2|2020.232|Asia|,2020.232,-372.8,42.1316165951359,1398,1398,37.9828326180258,44.206008583691
EPI_ISL_504875|Human|H9N2|2019.088|Asia|,2019.088,-378.2,42.1464108031272,1407,1407,36.4605543710021,44.9893390191898
EPI_ISL_503942|Swine|H9N2|2019.247|Asia|,2019.247,-370.2,42.483660130719,1377,1377,38.1263616557734,44.6623093681917
EPI_ISL_548683|Human|H9N2|2020.224|Asia|,2020.224,-371.9,42.2031473533619,1398,1398,38.1974248927039,44.206008583691
EPI_ISL_548680|Human|H9N2|2020.342|Asia|,2020.342,-372.8,42.4892703862661,1398,1398,40.343347639485,43.5622317596566
EPI_ISL_548682|Human|H9N2|2020.303|Asia|,2020.303,-373.7,42.6323319027182,1398,1398,40.343347639485,43.7768240343348
EPI_ISL_696559|Human|H9N2|2019.162|Asia|,2019.162,-378,42.274678111588,1398,1398,38.8412017167382,43.9914163090129
EPI_ISL_5873|Human|H7N3|2004.358|NorthAmerica|,2004.358,-366.2,42.2885572139304,1407,1407,39.8720682302772,43.4968017057569
EPI_ISL_128317|Human|H7N3|2012.519|NorthAmerica|,2012.519,-368.8,44.2786069651741,1407,1407,45.4157782515991,43.7100213219616
EPI_ISL_9542|Swine|H3N1|2004|NorthAmerica|,2004,-383,41.5778251599147,1407,1407,39.2324093816631,42.7505330490405
EPI_ISL_10547|Swine|H3N1|2006|Asia|,2006,-327.4,39.9385560675883,1302,1302,35.9447004608295,41.9354838709677
EPI_ISL_10546|Swine|H3N1|2006|Asia|,2006,-360.2,40.8119658119658,1404,1404,37.1794871794872,42.6282051282051
EPI_ISL_150871|Swine|H3N1|2007.814|NorthAmerica|,2007.814,-366.1,41.0803127221038,1407,1407,36.6737739872068,43.2835820895522
EPI_ISL_90108|Canine|H3N1|2010.096|Asia|,2010.096,-382.8,42.3596304193319,1407,1407,41.1513859275053,42.9637526652452
EPI_ISL_142698|Swine|H3N1|2012.101|Asia|,2012.101,-386.5,42.1464108031272,1407,1407,41.1513859275053,42.6439232409382
EPI_ISL_167145|Canine|H3N1|2012.197|Asia|,2012.197,-382.1,42.3596304193319,1407,1407,41.1513859275053,42.9637526652452
EPI_ISL_181096|Swine|H3N1|2012.087|Asia|,2012.087,-403.4,41.7378917378917,1404,1404,38.2478632478632,43.482905982906
EPI_ISL_303866|Swine|H3N1|2018.019|NorthAmerica|,2018.019,-383.8,42.1464108031272,1407,1407,40.0852878464819,43.1769722814499
EPI_ISL_4082025|Swine|H3N1|2021.115|NorthAmerica|,2021.115,-381.3,42.4307036247335,1407,1407,40.5117270788913,43.3901918976546
EPI_ISL_167983|Swine|H3N1|2014.707|NorthAmerica|,2014.707,-380.4,42.0753375977257,1407,1407,39.6588486140725,43.2835820895522
EPI_ISL_245576|Swine|H3N1|2016.822|NorthAmerica|,2016.822,-383.5,41.5778251599147,1407,1407,38.3795309168444,43.1769722814499
EPI_ISL_252810|Swine|H3N1|2016.907|NorthAmerica|,2016.907,-384.7,41.6488983653163,1407,1407,38.592750533049,43.1769722814499
EPI_ISL_252696|Swine|H3N1|2016.91|NorthAmerica|,2016.91,-383.5,41.5778251599147,1407,1407,38.3795309168444,43.1769722814499
EPI_ISL_501277|Swine|H3N1|2020.057|NorthAmerica|,2020.057,-369.3,41.36460554371,1407,1407,38.3795309168444,42.8571428571429
EPI_ISL_503900|Swine|H3N1|2020.134|NorthAmerica|,2020.134,-377.8,42.0042643923241,1407,1407,39.8720682302772,43.0703624733475
EPI_ISL_707020|Swine|H3N1|2020.533|NorthAmerica|,2020.533,-383.5,42.4307036247335,1407,1407,40.2985074626866,43.4968017057569
EPI_ISL_697745|Swine|H3N1|2020.77|NorthAmerica|,2020.77,-371.3,40.9381663113006,1407,1407,36.8869936034115,42.9637526652452
EPI_ISL_16424|Human|H7N2|2003|NorthAmerica|,2003,-374.9,43.8557763061074,1359,1359,41.0596026490066,45.2538631346578
EPI_ISL_85566|Swine|H7N2|2001|Asia|,2001,-390.7,42.7149964463397,1407,1407,39.2324093816631,44.456289978678
EPI_ISL_253575|Human|H7N2|2016.964|NorthAmerica|,2016.964,-365.1,42.6784400294334,1359,1359,39.0728476821192,44.4812362030905
EPI_ISL_260817|Feline|H7N2|2016.929|NorthAmerica|,2016.929,-365.7,42.7520235467255,1359,1359,39.0728476821192,44.5916114790287
EPI_ISL_283470|Feline|H7N2|2016|NorthAmerica|,2016,-370.7,42.6048565121413,1359,1359,39.0728476821192,44.3708609271523
EPI_ISL_283469|Feline|H7N2|2016|NorthAmerica|,2016,-370.2,42.5312729948492,1359,1359,39.0728476821192,44.2604856512141
EPI_ISL_283468|Feline|H7N2|2016|NorthAmerica|,2016,-371.5,42.6048565121413,1359,1359,39.0728476821192,44.3708609271523
EPI_ISL_283467|Feline|H7N2|2016|NorthAmerica|,2016,-365.7,42.6784400294334,1359,1359,38.8520971302428,44.5916114790287
EPI_ISL_283466|Feline|H7N2|2016|NorthAmerica|,2016,-370.7,42.6048565121413,1359,1359,39.0728476821192,44.3708609271523
EPI_ISL_26266|Ferret|H10N4|1984.749|Europe|,1984.749,-383.42,43.4042553191489,1410,1410,41.9148936170213,44.1489361702128
EPI_ISL_28757|Swine|H5N2|2008|Asia|,2008,-378.3,42.2885572139304,1407,1407,38.8059701492537,44.0298507462687
EPI_ISL_28756|Swine|H5N2|2008|Asia|,2008,-379.4,42.0042643923241,1407,1407,38.3795309168444,43.816631130064
EPI_ISL_234382|Swine|H5N2|2014.792|NorthAmerica|,2014.792,-375,44.097995545657,1347,1347,43.652561247216,44.3207126948775
EPI_ISL_378722|Swine|H5N2|2015.745|NorthAmerica|,2015.745,-376.6,44.097995545657,1347,1347,43.652561247216,44.3207126948775
EPI_ISL_80217|Swine|H11N6|2001|Asia|,2001,-379,43.2624113475177,1410,1410,39.7872340425532,45
EPI_ISL_129071|Swine|H10N5|2008.328|Asia|,2008.328,-386.4,43.361581920904,1416,1416,40.2542372881356,44.9152542372881
EPI_ISL_170528|Swine|H3N6|1985|Asia|,1985,-382.7,45.1063829787234,1410,1410,46.1702127659574,44.5744680851064
EPI_ISL_89164|Swine|H6N6|2010.044|Asia|,2010.044,-365.6,44.1539578794481,1377,1377,43.1372549019608,44.6623093681917
EPI_ISL_139117|Swine|H6N6|2009|Asia|,2009,-350.62,42.1985815602837,1410,1410,37.0212765957447,44.7872340425532
EPI_ISL_127501|Swine|H4N8|2011.803|Asia|,2011.803,-387,43.3333333333333,1410,1410,39.7872340425532,45.1063829787234
EPI_ISL_138977|Human|H7N9|2013.225|Asia|,2013.225,-373.3,43.7275985663082,1395,1395,41.505376344086,44.8387096774194
EPI_ISL_138739|Human|H7N9|2013.214|Asia|,2013.214,-371,43.584229390681,1395,1395,41.2903225806452,44.7311827956989
EPI_ISL_138738|Human|H7N9|2013.173|Asia|,2013.173,-371,43.7275985663082,1395,1395,41.7204301075269,44.7311827956989
EPI_ISL_138737|Human|H7N9|2013.153|Asia|,2013.153,-373.2,43.5125448028674,1395,1395,41.505376344086,44.5161290322581
EPI_ISL_139904|Human|H7N9|2013.274|Asia|,2013.274,-371,43.6559139784946,1395,1395,41.505376344086,44.7311827956989
EPI_ISL_139903|Human|H7N9|2013.274|Asia|,2013.274,-371,43.6559139784946,1395,1395,41.505376344086,44.7311827956989
EPI_ISL_139499|Human|H7N9|2013.249|Asia|,2013.249,-386.1,43.7992831541219,1395,1395,41.9354838709677,44.7311827956989
EPI_ISL_139498|Human|H7N9|2013.227|Asia|,2013.227,-371,43.6559139784946,1395,1395,41.505376344086,44.7311827956989
EPI_ISL_139653|Human|H7N9|2013.252|Asia|,2013.252,-371,43.6559139784946,1395,1395,41.505376344086,44.7311827956989
EPI_ISL_139652|Human|H7N9|2013.225|Asia|,2013.225,-373,43.7589670014347,1394,1395,41.505376344086,44.8869752421959
EPI_ISL_140356|Human|H7N9|2013.31|Asia|,2013.31,-371.2,43.584229390681,1395,1395,41.505376344086,44.6236559139785
EPI_ISL_139364|Human|H7N9|2013.252|Asia|,2013.252,-369,43.7275985663082,1395,1395,41.505376344086,44.8387096774194
EPI_ISL_139651|Human|H7N9|2013.227|Asia|,2013.227,-373.3,43.7275985663082,1395,1395,41.505376344086,44.8387096774194
EPI_ISL_139650|Human|H7N9|2013.184|Asia|,2013.184,-371,43.6559139784946,1395,1395,41.505376344086,44.7311827956989
EPI_ISL_139649|Human|H7N9|2013.156|Asia|,2013.156,-371,43.6559139784946,1395,1395,41.505376344086,44.7311827956989
EPI_ISL_140924|Human|H7N9|2013.173|Asia|,2013.173,-368.2,43.7275985663082,1395,1395,42.1505376344086,44.5161290322581
EPI_ISL_141191|Human|H7N9|2013.301|Asia|,2013.301,-371,43.7275985663082,1395,1395,41.505376344086,44.8387096774194
EPI_ISL_141190|Human|H7N9|2013.282|Asia|,2013.282,-371,43.6559139784946,1395,1395,41.505376344086,44.7311827956989
EPI_ISL_141188|Human|H7N9|2013.269|Asia|,2013.269,-368.2,43.9426523297491,1395,1395,41.9354838709677,44.9462365591398
EPI_ISL_141187|Human|H7N9|2013.274|Asia|,2013.274,-373.2,43.8307030129125,1394,1395,41.3793103448276,45.0537634408602
EPI_ISL_141186|Human|H7N9|2013.252|Asia|,2013.252,-367.3,43.5125448028674,1395,1395,41.505376344086,44.5161290322581
EPI_ISL_141185|Human|H7N9|2013.271|Asia|,2013.271,-371,43.6559139784946,1395,1395,41.505376344086,44.7311827956989
EPI_ISL_141184|Human|H7N9|2013.266|Asia|,2013.266,-369.5,43.584229390681,1395,1395,41.2903225806452,44.7311827956989
EPI_ISL_141183|Human|H7N9|2013.312|Asia|,2013.312,-371,43.7275985663082,1395,1395,41.505376344086,44.8387096774194
EPI_ISL_141182|Human|H7N9|2013.31|Asia|,2013.31,-368.8,43.7992831541219,1395,1395,41.7204301075269,44.8387096774194
EPI_ISL_141181|Human|H7N9|2013.31|Asia|,2013.31,-371,43.7275985663082,1395,1395,41.505376344086,44.8387096774194
EPI_ISL_141180|Human|H7N9|2013.307|Asia|,2013.307,-370,43.5125448028674,1395,1395,41.2903225806452,44.6236559139785
EPI_ISL_141179|Human|H7N9|2013.301|Asia|,2013.301,-371,43.6559139784946,1395,1395,41.505376344086,44.7311827956989
EPI_ISL_141178|Human|H7N9|2013.288|Asia|,2013.288,-371,43.7275985663082,1395,1395,41.505376344086,44.8387096774194
EPI_ISL_141177|Human|H7N9|2013.271|Asia|,2013.271,-370.4,43.6559139784946,1395,1395,41.9354838709677,44.5161290322581
EPI_ISL_141176|Human|H7N9|2013.269|Asia|,2013.269,-372.3,43.7275985663082,1395,1395,41.505376344086,44.8387096774194
EPI_ISL_141175|Human|H7N9|2013.252|Asia|,2013.252,-371,43.6559139784946,1395,1395,41.505376344086,44.7311827956989
EPI_ISL_141174|Human|H7N9|2013.266|Asia|,2013.266,-371,43.584229390681,1395,1395,41.505376344086,44.6236559139785
EPI_ISL_141173|Human|H7N9|2013.263|Asia|,2013.263,-371,43.6559139784946,1395,1395,41.505376344086,44.7311827956989
EPI_ISL_141172|Human|H7N9|2013.252|Asia|,2013.252,-371,43.6559139784946,1395,1395,41.505376344086,44.7311827956989
EPI_ISL_141171|Human|H7N9|2013.271|Asia|,2013.271,-371,43.6559139784946,1395,1395,41.505376344086,44.7311827956989
EPI_ISL_141170|Human|H7N9|2013.271|Asia|,2013.271,-374.2,44.0143369175627,1395,1395,41.7204301075269,45.1612903225806
EPI_ISL_141169|Human|H7N9|2013.271|Asia|,2013.271,-366.3,43.584229390681,1395,1395,41.505376344086,44.6236559139785
EPI_ISL_141168|Human|H7N9|2013.271|Asia|,2013.271,-373.7,43.7275985663082,1395,1395,41.505376344086,44.8387096774194
EPI_ISL_141167|Human|H7N9|2013.269|Asia|,2013.269,-370.4,43.6559139784946,1395,1395,41.9354838709677,44.5161290322581
EPI_ISL_141166|Human|H7N9|2013.271|Asia|,2013.271,-368.2,43.584229390681,1395,1395,41.505376344086,44.6236559139785
EPI_ISL_141165|Human|H7N9|2013.277|Asia|,2013.277,-367.7,43.584229390681,1395,1395,41.505376344086,44.6236559139785
EPI_ISL_141164|Human|H7N9|2013.258|Asia|,2013.258,-383.5,43.7275985663082,1395,1395,41.7204301075269,44.7311827956989
EPI_ISL_141163|Human|H7N9|2013.26|Asia|,2013.26,-383.5,43.7275985663082,1395,1395,41.7204301075269,44.7311827956989
EPI_ISL_141162|Human|H7N9|2013.244|Asia|,2013.244,-368.4,43.5125448028674,1395,1395,41.505376344086,44.5161290322581
EPI_ISL_141160|Human|H7N9|2013.208|Asia|,2013.208,-371.9,43.7992831541219,1395,1395,41.7204301075269,44.8387096774194
EPI_ISL_141159|Human|H7N9|2013.249|Asia|,2013.249,-372.9,43.758865248227,1410,1410,42.1276595744681,44.5744680851064
EPI_ISL_141158|Human|H7N9|2013.241|Asia|,2013.241,-379.4,43.7275985663082,1395,1395,41.7204301075269,44.7311827956989
EPI_ISL_141776|Human|H7N9|2013.296|Asia|,2013.296,-370.1,43.7992831541219,1395,1395,41.7204301075269,44.8387096774194
EPI_ISL_141775|Human|H7N9|2013.291|Asia|,2013.291,-370.1,43.7992831541219,1395,1395,41.7204301075269,44.8387096774194
EPI_ISL_141601|Human|H7N9|2013.315|Asia|,2013.315,-371,43.6559139784946,1395,1395,41.505376344086,44.7311827956989
EPI_ISL_141856|Human|H7N9|2013.173|Asia|,2013.173,-368.2,43.7275985663082,1395,1395,42.1505376344086,44.5161290322581
EPI_ISL_141437|Human|H7N9|2013.173|Asia|,2013.173,-371,43.687230989957,1394,1395,41.5948275862069,44.7311827956989
EPI_ISL_142073|Human|H7N9|2013.329|Asia|,2013.329,-367,44.0143369175627,1395,1395,42.3655913978495,44.8387096774194
EPI_ISL_142188|Human|H7N9|2013.304|Asia|,2013.304,-360.1,43.7362637362637,1365,1365,41.0989010989011,45.0549450549451
EPI_ISL_142187|Human|H7N9|2013.304|Asia|,2013.304,-368.4,43.5125448028674,1395,1395,41.505376344086,44.5161290322581
EPI_ISL_142305|Human|H7N9|2013.236|Asia|,2013.236,-379.4,43.7275985663082,1395,1395,41.7204301075269,44.7311827956989
EPI_ISL_142231|Human|H7N9|2013.247|Asia|,2013.247,-386.9,43.8709677419355,1395,1395,41.9354838709677,44.8387096774194
EPI_ISL_142859|Human|H7N9|2013.247|Asia|,2013.247,-373.7,43.7992831541219,1395,1395,41.505376344086,44.9462365591398
EPI_ISL_142858|Human|H7N9|2013.321|Asia|,2013.321,-370.7,43.6559139784946,1395,1395,41.2903225806452,44.8387096774194
EPI_ISL_143663|Human|H7N9|2013.296|Asia|,2013.296,-383.9,43.584229390681,1395,1395,41.505376344086,44.6236559139785
EPI_ISL_143658|Human|H7N9|2013.269|Asia|,2013.269,-371,43.6559139784946,1395,1395,41.505376344086,44.7311827956989
EPI_ISL_143664|Human|H7N9|2013.312|Asia|,2013.312,-371.2,43.7992831541219,1395,1395,41.7204301075269,44.8387096774194
EPI_ISL_143556|Human|H7N9|2013.31|Asia|,2013.31,-371,43.7275985663082,1395,1395,41.505376344086,44.8387096774194
EPI_ISL_146161|Human|H7N9|2013.299|Asia|,2013.299,-379.4,43.7275985663082,1395,1395,41.7204301075269,44.7311827956989
EPI_ISL_145654|Human|H7N9|2013.249|Asia|,2013.249,-383.2,43.7275985663082,1395,1395,41.505376344086,44.8387096774194
EPI_ISL_145652|Human|H7N9|2013.244|Asia|,2013.244,-369.5,43.584229390681,1395,1395,41.2903225806452,44.7311827956989
EPI_ISL_145651|Human|H7N9|2013.244|Asia|,2013.244,-367.1,43.584229390681,1395,1395,41.505376344086,44.6236559139785
EPI_ISL_146437|Human|H7N9|2013.299|Asia|,2013.299,-379.4,43.7275985663082,1395,1395,41.7204301075269,44.7311827956989
EPI_ISL_146436|Human|H7N9|2013.299|Asia|,2013.299,-374.7,43.8129496402878,1390,1395,41.5948275862069,44.9244060475162
EPI_ISL_148697|Human|H7N9|2013.323|Asia|,2013.323,-371,43.7275985663082,1395,1395,41.505376344086,44.8387096774194
EPI_ISL_148696|Human|H7N9|2013.219|Asia|,2013.219,-371.9,43.7992831541219,1395,1395,41.7204301075269,44.8387096774194
EPI_ISL_153078|Human|H7N9|2013.312|Asia|,2013.312,-370.8,43.7275985663082,1395,1395,41.505376344086,44.8387096774194
EPI_ISL_153013|Human|H7N9|2013.28|Asia|,2013.28,-376.1,43.7992831541219,1395,1395,41.7204301075269,44.8387096774194
EPI_ISL_153012|Human|H7N9|2013.277|Asia|,2013.277,-371,43.6559139784946,1395,1395,41.505376344086,44.7311827956989
EPI_ISL_153011|Human|H7N9|2013.274|Asia|,2013.274,-368.2,43.9426523297491,1395,1395,41.9354838709677,44.9462365591398
EPI_ISL_153010|Human|H7N9|2013.269|Asia|,2013.269,-371,43.6559139784946,1395,1395,41.505376344086,44.7311827956989
EPI_ISL_153009|Human|H7N9|2013.263|Asia|,2013.263,-371,43.6559139784946,1395,1395,41.505376344086,44.7311827956989
EPI_ISL_153008|Human|H7N9|2013.263|Asia|,2013.263,-371,43.6559139784946,1395,1395,41.505376344086,44.7311827956989
EPI_ISL_153007|Human|H7N9|2013.263|Asia|,2013.263,-383.5,43.7275985663082,1395,1395,41.7204301075269,44.7311827956989
EPI_ISL_153004|Human|H7N9|2013.263|Asia|,2013.263,-369.7,43.584229390681,1395,1395,41.505376344086,44.6236559139785
EPI_ISL_153003|Human|H7N9|2013.258|Asia|,2013.258,-383.5,43.7275985663082,1395,1395,41.7204301075269,44.7311827956989
EPI_ISL_155653|Human|H7N9|2013.329|Asia|,2013.329,-369,43.6559139784946,1395,1395,41.7204301075269,44.6236559139785
EPI_ISL_157292|Human|H7N9|2013.318|Asia|,2013.318,-370.4,43.7275985663082,1395,1395,41.7204301075269,44.7311827956989
EPI_ISL_157290|Human|H7N9|2013.332|Asia|,2013.332,-370,43.584229390681,1395,1395,41.7204301075269,44.5161290322581
EPI_ISL_157289|Human|H7N9|2013.323|Asia|,2013.323,-370,43.584229390681,1395,1395,41.7204301075269,44.5161290322581
EPI_ISL_157288|Human|H7N9|2013.318|Asia|,2013.318,-369.8,43.584229390681,1395,1395,41.505376344086,44.6236559139785
EPI_ISL_157287|Human|H7N9|2013.247|Asia|,2013.247,-369.7,43.7992831541219,1395,1395,41.7204301075269,44.8387096774194
EPI_ISL_157286|Human|H7N9|2013.4|Asia|,2013.4,-371,43.6559139784946,1395,1395,41.505376344086,44.7311827956989
EPI_ISL_157285|Human|H7N9|2013.323|Asia|,2013.323,-373.7,43.7992831541219,1395,1395,41.505376344086,44.9462365591398
EPI_ISL_157284|Human|H7N9|2013.307|Asia|,2013.307,-371,43.7275985663082,1395,1395,41.505376344086,44.8387096774194
EPI_ISL_163709|Human|H7N9|2013.288|Asia|,2013.288,-371,43.584229390681,1395,1395,41.2903225806452,44.7311827956989
EPI_ISL_163708|Human|H7N9|2013.31|Asia|,2013.31,-368.5,43.6559139784946,1395,1395,41.505376344086,44.7311827956989
EPI_ISL_163707|Human|H7N9|2013.288|Asia|,2013.288,-371,43.584229390681,1395,1395,41.2903225806452,44.7311827956989
EPI_ISL_163705|Human|H7N9|2013.247|Asia|,2013.247,-386.1,43.7992831541219,1395,1395,41.9354838709677,44.7311827956989
EPI_ISL_163704|Human|H7N9|2013.266|Asia|,2013.266,-371,43.6559139784946,1395,1395,41.505376344086,44.7311827956989
EPI_ISL_163703|Human|H7N9|2013.222|Asia|,2013.222,-371,43.6559139784946,1395,1395,41.505376344086,44.7311827956989
EPI_ISL_163702|Human|H7N9|2013.274|Asia|,2013.274,-371,43.6559139784946,1395,1395,41.505376344086,44.7311827956989
EPI_ISL_163701|Human|H7N9|2013.26|Asia|,2013.26,-363.9,43.584229390681,1395,1395,41.505376344086,44.6236559139785
EPI_ISL_163700|Human|H7N9|2013.274|Asia|,2013.274,-371,43.6559139784946,1395,1395,41.505376344086,44.7311827956989
EPI_ISL_163699|Human|H7N9|2013.26|Asia|,2013.26,-386.1,43.7992831541219,1395,1395,41.9354838709677,44.7311827956989
EPI_ISL_163698|Human|H7N9|2013.249|Asia|,2013.249,-386.1,43.7992831541219,1395,1395,41.9354838709677,44.7311827956989
EPI_ISL_163697|Human|H7N9|2013.277|Asia|,2013.277,-367.9,43.584229390681,1395,1395,41.2903225806452,44.7311827956989
EPI_ISL_163696|Human|H7N9|2013.26|Asia|,2013.26,-370.1,43.6559139784946,1395,1395,41.505376344086,44.7311827956989
EPI_ISL_163695|Human|H7N9|2013.28|Asia|,2013.28,-371.9,43.7992831541219,1395,1395,41.7204301075269,44.8387096774194
EPI_ISL_163694|Human|H7N9|2013.277|Asia|,2013.277,-369,43.7275985663082,1395,1395,41.7204301075269,44.7311827956989
EPI_ISL_163693|Human|H7N9|2013.252|Asia|,2013.252,-365.2,43.7992831541219,1395,1395,41.7204301075269,44.8387096774194
EPI_ISL_163692|Human|H7N9|2013.277|Asia|,2013.277,-371.5,43.7992831541219,1395,1395,41.505376344086,44.9462365591398
EPI_ISL_166490|Human|H7N9|2013.291|Asia|,2013.291,-371,43.6559139784946,1395,1395,41.505376344086,44.7311827956989
EPI_ISL_173625|Human|H7N9|2013.173|Asia|,2013.173,-371,43.687230989957,1394,1395,41.5948275862069,44.7311827956989
EPI_ISL_177875|Human|H7N9|2013.255|Asia|,2013.255,-371,43.6559139784946,1395,1395,41.505376344086,44.7311827956989
EPI_ISL_220945|Human|H7N9|2013.315|Asia|,2013.315,-372.1,43.5125448028674,1395,1395,41.2903225806452,44.6236559139785
EPI_ISL_252548|Human|H7N9|2013.156|Asia|,2013.156,-382.2,43.7275985663082,1395,1395,41.7204301075269,44.7311827956989
EPI_ISL_379594|Human|H7N9|2013.249|Asia|,2013.249,-371,43.6559139784946,1395,1395,41.505376344086,44.7311827956989
EPI_ISL_325939|Human|H7N9|2018.025|Asia|,2018.025,-368.9,44.2293906810036,1395,1395,42.5806451612903,45.0537634408602
EPI_ISL_337278|Human|H7N9|2017.91|Asia|,2017.91,-371,43.9426523297491,1395,1395,42.7956989247312,44.5161290322581
EPI_ISL_372783|Human|H7N9|2018.315|Asia|,2018.315,-373.9,43.7992831541219,1395,1395,42.7956989247312,44.3010752688172
EPI_ISL_154134|Human|H7N9|2014.06|Asia|,2014.06,-366.6,44.0143369175627,1395,1395,41.9354838709677,45.0537634408602
EPI_ISL_154133|Human|H7N9|2014.06|Asia|,2014.06,-366.6,44.0143369175627,1395,1395,41.9354838709677,45.0537634408602
EPI_ISL_154132|Human|H7N9|2014.06|Asia|,2014.06,-366.6,44.0143369175627,1395,1395,41.9354838709677,45.0537634408602
EPI_ISL_154131|Human|H7N9|2014.052|Asia|,2014.052,-366.6,44.0143369175627,1395,1395,41.9354838709677,45.0537634408602
EPI_ISL_148728|Human|H7N9|2013.784|Asia|,2013.784,-372.2,43.8709677419355,1395,1395,41.505376344086,45.0537634408602
EPI_ISL_154553|Human|H7N9|2014.074|Asia|,2014.074,-360.6,43.2974910394265,1395,1395,41.0752688172043,44.4086021505376
EPI_ISL_153338|Human|H7N9|2014.016|Asia|,2014.016,-371.4,43.8709677419355,1395,1395,41.505376344086,45.0537634408602
EPI_ISL_151417|Human|H7N9|2013.912|Asia|,2013.912,-362.4,43.5125448028674,1395,1395,41.0752688172043,44.7311827956989
EPI_ISL_148744|Human|H7N9|2013.784|Asia|,2013.784,-372.2,43.8709677419355,1395,1395,41.505376344086,45.0537634408602
EPI_ISL_148417|Human|H7N9|2013.605|Asia|,2013.605,-371,43.6559139784946,1395,1395,41.505376344086,44.7311827956989
EPI_ISL_156304|Human|H7N9|2013.959|Asia|,2013.959,-362.2,43.3691756272401,1395,1395,41.0752688172043,44.5161290322581
EPI_ISL_154827|Human|H7N9|2013.6|Asia|,2013.6,-371,43.6559139784946,1395,1395,41.505376344086,44.7311827956989
EPI_ISL_159073|Human|H7N9|2013.915|Asia|,2013.915,-359.1,43.3285509325681,1394,1395,40.948275862069,44.5161290322581
EPI_ISL_159072|Human|H7N9|2013.915|Asia|,2013.915,-360,43.3691756272401,1395,1395,40.6451612903226,44.7311827956989
EPI_ISL_159071|Human|H7N9|2013.915|Asia|,2013.915,-371,43.6879432624114,1410,1410,41.7021276595745,44.6808510638298
EPI_ISL_159070|Human|H7N9|2013.833|Asia|,2013.833,-340.7,43.4848484848485,1320,1320,40.6818181818182,44.8863636363636
EPI_ISL_160436|Human|H7N9|2014.31|Asia|,2014.31,-373.7,43.7992831541219,1395,1395,41.505376344086,44.9462365591398
EPI_ISL_160435|Human|H7N9|2014.301|Asia|,2014.301,-364.3,43.7992831541219,1395,1395,41.7204301075269,44.8387096774194
EPI_ISL_160290|Human|H7N9|2014.266|Asia|,2014.266,-365.9,43.3691756272401,1395,1395,41.0752688172043,44.5161290322581
EPI_ISL_159478|Human|H7N9|2014.28|Asia|,2014.28,-369.3,43.5125448028674,1395,1395,41.2903225806452,44.6236559139785
EPI_ISL_159477|Human|H7N9|2014.252|Asia|,2014.252,-365.9,43.4408602150538,1395,1395,41.505376344086,44.4086021505376
EPI_ISL_157703|Human|H7N9|2014.205|Asia|,2014.205,-361,43.4408602150538,1395,1395,41.0752688172043,44.6236559139785
EPI_ISL_157702|Human|H7N9|2014.162|Asia|,2014.162,-367.6,43.5125448028674,1395,1395,41.505376344086,44.5161290322581
EPI_ISL_156471|Human|H7N9|2014.115|Asia|,2014.115,-362.2,43.3691756272401,1395,1395,41.2903225806452,44.4086021505376
EPI_ISL_157487|Human|H7N9|2013.912|Asia|,2013.912,-354.1,43.7636761487965,1371,1371,41.1378555798687,45.0765864332604
EPI_ISL_157771|Human|H7N9|2014.019|Asia|,2014.019,-370.9,43.4408602150538,1395,1395,41.2903225806452,44.5161290322581
EPI_ISL_157296|Human|H7N9|2014.071|Asia|,2014.071,-363.4,43.5125448028674,1395,1395,41.505376344086,44.5161290322581
EPI_ISL_157295|Human|H7N9|2014.096|Asia|,2014.096,-361,43.3691756272401,1395,1395,40.8602150537634,44.6236559139785
EPI_ISL_157294|Human|H7N9|2014.09|Asia|,2014.09,-361,43.3691756272401,1395,1395,40.8602150537634,44.6236559139785
EPI_ISL_157293|Human|H7N9|2013.545|Asia|,2013.545,-370.2,43.6559139784946,1395,1395,41.2903225806452,44.8387096774194
EPI_ISL_161665|Human|H7N9|2014.134|Asia|,2014.134,-369.2,43.8709677419355,1395,1395,41.9354838709677,44.8387096774194
EPI_ISL_164007|Human|H7N9|2014.11|Asia|,2014.11,-370.8,43.8709677419355,1395,1395,41.9354838709677,44.8387096774194
EPI_ISL_164006|Human|H7N9|2014.107|Asia|,2014.107,-371,43.9426523297491,1395,1395,41.9354838709677,44.9462365591398
EPI_ISL_164005|Human|H7N9|2014.09|Asia|,2014.09,-371.5,43.974175035868,1394,1395,42.1505376344086,44.8869752421959
EPI_ISL_164004|Human|H7N9|2014.077|Asia|,2014.077,-370.9,43.8709677419355,1395,1395,42.1505376344086,44.7311827956989
EPI_ISL_164003|Human|H7N9|2014.063|Asia|,2014.063,-370.8,43.8709677419355,1395,1395,41.9354838709677,44.8387096774194
EPI_ISL_164002|Human|H7N9|2014.06|Asia|,2014.06,-366.6,44.0143369175627,1395,1395,41.9354838709677,45.0537634408602
EPI_ISL_164001|Human|H7N9|2014.06|Asia|,2014.06,-372.7,43.9426523297491,1395,1395,42.1505376344086,44.8387096774194
EPI_ISL_164000|Human|H7N9|2014.06|Asia|,2014.06,-366.6,44.0143369175627,1395,1395,41.9354838709677,45.0537634408602
EPI_ISL_163999|Human|H7N9|2014.052|Asia|,2014.052,-366.6,44.0143369175627,1395,1395,41.9354838709677,45.0537634408602
EPI_ISL_163998|Human|H7N9|2014.047|Asia|,2014.047,-370.2,43.7992831541219,1395,1395,41.7204301075269,44.8387096774194
EPI_ISL_163997|Human|H7N9|2014.047|Asia|,2014.047,-371.8,44.0860215053763,1395,1395,42.3655913978495,44.9462365591398
EPI_ISL_163730|Human|H7N9|2014.055|Asia|,2014.055,-370.6,43.8307030129125,1394,1395,42.0258620689655,44.7311827956989
EPI_ISL_163728|Human|H7N9|2014.06|Asia|,2014.06,-369.3,43.7992831541219,1395,1395,42.1505376344086,44.6236559139785
EPI_ISL_163727|Human|H7N9|2014.052|Asia|,2014.052,-366.6,44.0143369175627,1395,1395,41.9354838709677,45.0537634408602
EPI_ISL_163726|Human|H7N9|2014.06|Asia|,2014.06,-366.6,44.0143369175627,1395,1395,41.9354838709677,45.0537634408602
EPI_ISL_163725|Human|H7N9|2014.06|Asia|,2014.06,-366.6,44.0143369175627,1395,1395,41.9354838709677,45.0537634408602
EPI_ISL_163724|Human|H7N9|2014.156|Asia|,2014.156,-367.6,43.9339554917444,1393,1395,42.2413793103448,44.7793326157158
EPI_ISL_163722|Human|H7N9|2014.06|Asia|,2014.06,-366.6,44.0143369175627,1395,1395,41.9354838709677,45.0537634408602
EPI_ISL_163721|Human|H7N9|2014.058|Asia|,2014.058,-366.6,44.0143369175627,1395,1395,41.9354838709677,45.0537634408602
EPI_ISL_163720|Human|H7N9|2014.047|Asia|,2014.047,-366.6,44.0143369175627,1395,1395,41.9354838709677,45.0537634408602
EPI_ISL_163718|Human|H7N9|2014|Asia|,2014,-367.1,43.584229390681,1395,1395,41.2903225806452,44.7311827956989
EPI_ISL_163717|Human|H7N9|2014.005|Asia|,2014.005,-369.2,44.0860215053763,1395,1395,41.9354838709677,45.1612903225806
EPI_ISL_163716|Human|H7N9|2014.003|Asia|,2014.003,-376.6,43.584229390681,1395,1395,41.505376344086,44.6236559139785
EPI_ISL_163715|Human|H7N9|2014.022|Asia|,2014.022,-372,43.9426523297491,1395,1395,42.3655913978495,44.7311827956989
EPI_ISL_163714|Human|H7N9|2014.003|Asia|,2014.003,-367.1,43.584229390681,1395,1395,41.2903225806452,44.7311827956989
EPI_ISL_163713|Human|H7N9|2013.803|Asia|,2013.803,-367.6,43.9339554917444,1393,1395,42.2413793103448,44.7793326157158
EPI_ISL_163712|Human|H7N9|2013.827|Asia|,2013.827,-370,43.9339554917444,1393,1395,42.0258620689655,44.8869752421959
EPI_ISL_163321|Human|H7N9|2014.156|Asia|,2014.156,-361.8,43.9252336448598,1391,1395,42.3326133909287,44.7198275862069
EPI_ISL_163320|Human|H7N9|2014.148|Asia|,2014.148,-361.8,43.8936781609195,1392,1395,42.3326133909287,44.6716899892357
EPI_ISL_162621|Human|H7N9|2014.296|Asia|,2014.296,-371.5,43.584229390681,1395,1395,41.505376344086,44.6236559139785
EPI_ISL_162620|Human|H7N9|2014.274|Asia|,2014.274,-372,43.584229390681,1395,1395,41.2903225806452,44.7311827956989
EPI_ISL_162619|Human|H7N9|2014.222|Asia|,2014.222,-371.6,43.6559139784946,1395,1395,41.7204301075269,44.6236559139785
EPI_ISL_162618|Human|H7N9|2014.186|Asia|,2014.186,-367.9,43.4408602150538,1395,1395,41.2903225806452,44.5161290322581
EPI_ISL_162470|Human|H7N9|2014.005|Asia|,2014.005,-365.7,43.5125448028674,1395,1395,41.2903225806452,44.6236559139785
EPI_ISL_166324|Human|H7N9|2013.986|Asia|,2013.986,-368.9,43.584229390681,1395,1395,41.2903225806452,44.7311827956989
EPI_ISL_169131|Human|H7N9|2014.899|Asia|,2014.899,-370.6,43.8709677419355,1395,1395,41.2903225806452,45.1612903225806
EPI_ISL_169442|Human|H7N9|2014.981|Asia|,2014.981,-364,43.5125448028674,1395,1395,41.505376344086,44.5161290322581
EPI_ISL_170152|Human|H7N9|2014.288|Asia|,2014.288,-371.4,43.7275985663082,1395,1395,41.505376344086,44.8387096774194
EPI_ISL_170151|Human|H7N9|2014.296|Asia|,2014.296,-372.1,43.5125448028674,1395,1395,41.2903225806452,44.6236559139785
EPI_ISL_170080|Human|H7N9|2014.011|Asia|,2014.011,-367.1,43.584229390681,1395,1395,41.2903225806452,44.7311827956989
EPI_ISL_170981|Human|H7N9|2015.06|Asia|,2015.06,-365,43.6559139784946,1395,1395,41.7204301075269,44.6236559139785
EPI_ISL_171342|Human|H7N9|2015.041|NorthAmerica|,2015.041,-368.4,43.4408602150538,1395,1395,40.6451612903226,44.8387096774194
EPI_ISL_170237|Human|H7N9|2014.888|Asia|,2014.888,-376.6,43.7275985663082,1395,1395,41.7204301075269,44.7311827956989
EPI_ISL_172822|Human|H7N9|2015.022|Asia|,2015.022,-373.6,44.0143369175627,1395,1395,41.9354838709677,45.0537634408602
EPI_ISL_172821|Human|H7N9|2014.986|Asia|,2014.986,-364.3,43.584229390681,1395,1395,40.8602150537634,44.9462365591398
EPI_ISL_172820|Human|H7N9|2015.019|Asia|,2015.019,-376.5,43.7992831541219,1395,1395,41.7204301075269,44.8387096774194
EPI_ISL_172819|Human|H7N9|2014.907|Asia|,2014.907,-372.3,43.7275985663082,1395,1395,41.505376344086,44.8387096774194
EPI_ISL_172818|Human|H7N9|2014.981|Asia|,2014.981,-371.4,43.6559139784946,1395,1395,41.505376344086,44.7311827956989
EPI_ISL_172817|Human|H7N9|2015.014|Asia|,2015.014,-378.5,43.7275985663082,1395,1395,41.505376344086,44.8387096774194
EPI_ISL_172816|Human|H7N9|2015.03|Asia|,2015.03,-369.5,43.7992831541219,1395,1395,42.1505376344086,44.6236559139785
EPI_ISL_173033|Human|H7N9|2015.142|Asia|,2015.142,-365.9,43.5125448028674,1395,1395,41.505376344086,44.5161290322581
EPI_ISL_172827|Human|H7N9|2014.877|Asia|,2014.877,-376.6,43.7992831541219,1395,1395,41.9354838709677,44.7311827956989
EPI_ISL_172826|Human|H7N9|2014.899|Asia|,2014.899,-372.3,43.6559139784946,1395,1395,41.2903225806452,44.8387096774194
EPI_ISL_172825|Human|H7N9|2014.885|Asia|,2014.885,-370.1,43.5125448028674,1395,1395,40.8602150537634,44.8387096774194
EPI_ISL_172824|Human|H7N9|2014.814|Asia|,2014.814,-372.6,43.7992831541219,1395,1395,41.505376344086,44.9462365591398
EPI_ISL_172823|Human|H7N9|2014.904|Asia|,2014.904,-365.6,43.7275985663082,1395,1395,41.9354838709677,44.6236559139785
EPI_ISL_175597|Human|H7N9|2014.044|Asia|,2014.044,-372.6,43.6559139784946,1395,1395,41.2903225806452,44.8387096774194
EPI_ISL_175596|Human|H7N9|2014.044|Asia|,2014.044,-366.5,43.6559139784946,1395,1395,41.7204301075269,44.6236559139785
EPI_ISL_176436|Human|H7N9|2014.066|Asia|,2014.066,-371.2,43.7992831541219,1395,1395,41.505376344086,44.9462365591398
EPI_ISL_176442|Human|H7N9|2014.208|Asia|,2014.208,-367.1,43.4408602150538,1395,1395,41.0752688172043,44.6236559139785
EPI_ISL_176441|Human|H7N9|2014.2|Asia|,2014.2,-362.4,43.6559139784946,1395,1395,41.505376344086,44.7311827956989
EPI_ISL_176440|Human|H7N9|2014.192|Asia|,2014.192,-367.1,43.5125448028674,1395,1395,41.0752688172043,44.7311827956989
EPI_ISL_176439|Human|H7N9|2014.096|Asia|,2014.096,-362.2,43.3691756272401,1395,1395,41.0752688172043,44.5161290322581
EPI_ISL_176438|Human|H7N9|2014.123|Asia|,2014.123,-360,43.5125448028674,1395,1395,41.2903225806452,44.6236559139785
EPI_ISL_176437|Human|H7N9|2014.079|Asia|,2014.079,-376.5,43.7992831541219,1395,1395,41.7204301075269,44.8387096774194
EPI_ISL_175838|Human|H7N9|2014.066|Asia|,2014.066,-371,43.9426523297491,1395,1395,41.9354838709677,44.9462365591398
EPI_ISL_175837|Human|H7N9|2014.06|Asia|,2014.06,-362.2,43.3691756272401,1395,1395,41.0752688172043,44.5161290322581
EPI_ISL_175835|Human|H7N9|2014.06|Asia|,2014.06,-359.6,43.3691756272401,1395,1395,40.8602150537634,44.6236559139785
EPI_ISL_175836|Human|H7N9|2014.058|Asia|,2014.058,-371,43.7992831541219,1395,1395,41.505376344086,44.9462365591398
EPI_ISL_175834|Human|H7N9|2014.047|Asia|,2014.047,-370.1,43.584229390681,1395,1395,41.2903225806452,44.7311827956989
EPI_ISL_175833|Human|H7N9|2014.036|Asia|,2014.036,-360.2,43.3691756272401,1395,1395,40.8602150537634,44.6236559139785
EPI_ISL_175832|Human|H7N9|2014.052|Asia|,2014.052,-371.4,43.8709677419355,1395,1395,41.505376344086,45.0537634408602
EPI_ISL_175831|Human|H7N9|2014.052|Asia|,2014.052,-368.7,43.584229390681,1395,1395,41.2903225806452,44.7311827956989
EPI_ISL_175829|Human|H7N9|2014.027|Asia|,2014.027,-367,43.7992831541219,1395,1395,41.9354838709677,44.7311827956989
EPI_ISL_179906|Human|H7N9|2014.249|Asia|,2014.249,-367.6,43.5125448028674,1395,1395,41.505376344086,44.5161290322581
EPI_ISL_179907|Human|H7N9|2014.222|Asia|,2014.222,-367.6,43.5125448028674,1395,1395,41.505376344086,44.5161290322581
EPI_ISL_190692|Human|H7N9|2015.307|Asia|,2015.307,-366.2,43.4408602150538,1395,1395,40.6451612903226,44.8387096774194
EPI_ISL_190691|Human|H7N9|2015.312|Asia|,2015.312,-364.7,43.4408602150538,1395,1395,40.8602150537634,44.7311827956989
EPI_ISL_192400|Human|H7N9|2014.079|Asia|,2014.079,-360.3,43.3691756272401,1395,1395,41.2903225806452,44.4086021505376
EPI_ISL_192398|Human|H7N9|2014.082|Asia|,2014.082,-361,43.3691756272401,1395,1395,40.8602150537634,44.6236559139785
EPI_ISL_192397|Human|H7N9|2014.079|Asia|,2014.079,-360.3,43.3691756272401,1395,1395,41.2903225806452,44.4086021505376
EPI_ISL_192395|Human|H7N9|2014.079|Asia|,2014.079,-361,43.4408602150538,1395,1395,41.0752688172043,44.6236559139785
EPI_ISL_192394|Human|H7N9|2014.077|Asia|,2014.077,-361.4,43.3691756272401,1395,1395,41.0752688172043,44.5161290322581
EPI_ISL_192393|Human|H7N9|2014.044|Asia|,2014.044,-370.6,43.6559139784946,1395,1395,41.2903225806452,44.8387096774194
EPI_ISL_192392|Human|H7N9|2014.153|Asia|,2014.153,-373.7,43.584229390681,1395,1395,41.2903225806452,44.7311827956989
EPI_ISL_192391|Human|H7N9|2014.562|Asia|,2014.562,-371,43.8709677419355,1395,1395,41.7204301075269,44.9462365591398
EPI_ISL_192384|Human|H7N9|2014.17|Asia|,2014.17,-371.9,43.4408602150538,1395,1395,41.0752688172043,44.6236559139785
EPI_ISL_192383|Human|H7N9|2014.296|Asia|,2014.296,-362.2,43.4408602150538,1395,1395,41.2903225806452,44.5161290322581
EPI_ISL_192382|Human|H7N9|2014.296|Asia|,2014.296,-362.2,43.4408602150538,1395,1395,41.2903225806452,44.5161290322581
EPI_ISL_192381|Human|H7N9|2014.301|Asia|,2014.301,-372.8,43.7992831541219,1395,1395,41.9354838709677,44.7311827956989
EPI_ISL_192380|Human|H7N9|2014.619|Asia|,2014.619,-373.1,43.7992831541219,1395,1395,41.2903225806452,45.0537634408602
EPI_ISL_192377|Human|H7N9|2014.386|Asia|,2014.386,-366.6,43.7992831541219,1395,1395,42.1505376344086,44.6236559139785
EPI_ISL_192376|Human|H7N9|2014.112|Asia|,2014.112,-362.2,43.4408602150538,1395,1395,40.8602150537634,44.7311827956989
EPI_ISL_192375|Human|H7N9|2014.041|Asia|,2014.041,-359.3,43.4408602150538,1395,1395,40.8602150537634,44.7311827956989
EPI_ISL_192373|Human|H7N9|2014.077|Asia|,2014.077,-361.4,43.3691756272401,1395,1395,41.0752688172043,44.5161290322581
EPI_ISL_192372|Human|H7N9|2014.088|Asia|,2014.088,-359.3,43.4408602150538,1395,1395,40.8602150537634,44.7311827956989
EPI_ISL_192371|Human|H7N9|2014.096|Asia|,2014.096,-363.7,43.4408602150538,1395,1395,41.505376344086,44.4086021505376
EPI_ISL_192370|Human|H7N9|2014.101|Asia|,2014.101,-361.6,43.4408602150538,1395,1395,41.2903225806452,44.5161290322581
EPI_ISL_192369|Human|H7N9|2014.005|Asia|,2014.005,-361.4,43.3691756272401,1395,1395,41.0752688172043,44.5161290322581
EPI_ISL_192368|Human|H7N9|2014.11|Asia|,2014.11,-361.4,43.3691756272401,1395,1395,41.0752688172043,44.5161290322581
EPI_ISL_192367|Human|H7N9|2014.025|Asia|,2014.025,-361,43.4408602150538,1395,1395,41.0752688172043,44.6236559139785
EPI_ISL_192366|Human|H7N9|2014.14|Asia|,2014.14,-365,43.4408602150538,1395,1395,41.2903225806452,44.5161290322581
EPI_ISL_192365|Human|H7N9|2014.14|Asia|,2014.14,-362.9,43.4408602150538,1395,1395,41.0752688172043,44.6236559139785
EPI_ISL_192364|Human|H7N9|2014.14|Asia|,2014.14,-361.5,43.4408602150538,1395,1395,41.0752688172043,44.6236559139785
EPI_ISL_192363|Human|H7N9|2014.225|Asia|,2014.225,-362.2,43.4408602150538,1395,1395,41.2903225806452,44.5161290322581
EPI_ISL_192362|Human|H7N9|2014.271|Asia|,2014.271,-367.1,43.2974910394265,1395,1395,41.0752688172043,44.4086021505376
EPI_ISL_192361|Human|H7N9|2014.096|Asia|,2014.096,-363.5,43.3691756272401,1395,1395,41.0752688172043,44.5161290322581
EPI_ISL_192360|Human|H7N9|2014.038|Asia|,2014.038,-363.6,43.3691756272401,1395,1395,40.8602150537634,44.6236559139785
EPI_ISL_192359|Human|H7N9|2014.11|Asia|,2014.11,-365.5,43.5032304379038,1393,1395,41.505376344086,44.5043103448276
EPI_ISL_192358|Human|H7N9|2014.126|Asia|,2014.126,-363.3,43.5125448028674,1395,1395,41.2903225806452,44.6236559139785
EPI_ISL_192357|Human|H7N9|2014.134|Asia|,2014.134,-365,43.4408602150538,1395,1395,41.2903225806452,44.5161290322581
EPI_ISL_192356|Human|H7N9|2014.148|Asia|,2014.148,-368.9,43.5125448028674,1395,1395,41.2903225806452,44.6236559139785
EPI_ISL_192355|Human|H7N9|2014.244|Asia|,2014.244,-362.2,43.4408602150538,1395,1395,41.2903225806452,44.5161290322581
EPI_ISL_192354|Human|H7N9|2014.255|Asia|,2014.255,-365.9,43.4408602150538,1395,1395,41.2903225806452,44.5161290322581
EPI_ISL_192351|Human|H7N9|2014.09|Asia|,2014.09,-371.9,44.0143369175627,1395,1395,41.9354838709677,45.0537634408602
EPI_ISL_192350|Human|H7N9|2014.071|Asia|,2014.071,-367.1,43.7275985663082,1395,1395,41.2903225806452,44.9462365591398
EPI_ISL_192349|Human|H7N9|2014.066|Asia|,2014.066,-370.8,43.8709677419355,1395,1395,41.9354838709677,44.8387096774194
EPI_ISL_192348|Human|H7N9|2014.09|Asia|,2014.09,-369.6,43.8709677419355,1395,1395,41.9354838709677,44.8387096774194
EPI_ISL_192347|Human|H7N9|2014.06|Asia|,2014.06,-370.8,43.8709677419355,1395,1395,41.9354838709677,44.8387096774194
EPI_ISL_192346|Human|H7N9|2014.036|Asia|,2014.036,-371.2,43.7992831541219,1395,1395,41.9354838709677,44.7311827956989
EPI_ISL_192345|Human|H7N9|2014.11|Asia|,2014.11,-370.9,43.8709677419355,1395,1395,42.1505376344086,44.7311827956989
EPI_ISL_192344|Human|H7N9|2014.104|Asia|,2014.104,-366.1,43.9426523297491,1395,1395,42.1505376344086,44.8387096774194
EPI_ISL_192343|Human|H7N9|2014.107|Asia|,2014.107,-371,43.9426523297491,1395,1395,41.9354838709677,44.9462365591398
EPI_ISL_192342|Human|H7N9|2014.063|Asia|,2014.063,-370.8,43.8709677419355,1395,1395,41.9354838709677,44.8387096774194
EPI_ISL_192341|Human|H7N9|2014.236|Asia|,2014.236,-367,43.3691756272401,1395,1395,40.6451612903226,44.7311827956989
EPI_ISL_192339|Human|H7N9|2014.91|Asia|,2014.91,-371.9,43.6559139784946,1395,1395,41.2903225806452,44.8387096774194
EPI_ISL_192338|Human|H7N9|2014.975|Asia|,2014.975,-373.4,43.7275985663082,1395,1395,41.505376344086,44.8387096774194
EPI_ISL_192337|Human|H7N9|2014.97|Asia|,2014.97,-375.2,43.7992831541219,1395,1395,41.505376344086,44.9462365591398
EPI_ISL_192336|Human|H7N9|2014.918|Asia|,2014.918,-370.6,43.9024390243902,1394,1395,41.7204301075269,44.994617868676
EPI_ISL_192335|Human|H7N9|2015|Asia|,2015,-373.2,43.9426523297491,1395,1395,41.7204301075269,45.0537634408602
EPI_ISL_192334|Human|H7N9|2015.005|Asia|,2015.005,-371.7,44.0143369175627,1395,1395,41.9354838709677,45.0537634408602
EPI_ISL_192333|Human|H7N9|2015.008|Asia|,2015.008,-375.1,43.9426523297491,1395,1395,41.9354838709677,44.9462365591398
EPI_ISL_192332|Human|H7N9|2014.249|Asia|,2014.249,-367.6,43.7903804737976,1393,1395,41.7204301075269,44.8275862068966
EPI_ISL_192331|Human|H7N9|2014.381|Asia|,2014.381,-373.5,43.8709677419355,1395,1395,41.505376344086,45.0537634408602
EPI_ISL_192330|Human|H7N9|2014.315|Asia|,2014.315,-372.3,43.8709677419355,1395,1395,41.9354838709677,44.8387096774194
EPI_ISL_192329|Human|H7N9|2014.315|Asia|,2014.315,-372.3,43.8709677419355,1395,1395,41.9354838709677,44.8387096774194
EPI_ISL_192328|Human|H7N9|2014.279|Asia|,2014.279,-367.2,43.8307030129125,1394,1395,41.8103448275862,44.8387096774194
EPI_ISL_192327|Human|H7N9|2014.249|Asia|,2014.249,-367.6,43.7903804737976,1393,1395,41.7204301075269,44.8275862068966
EPI_ISL_192326|Human|H7N9|2014.186|Asia|,2014.186,-372.2,43.584229390681,1395,1395,41.505376344086,44.6236559139785
EPI_ISL_192325|Human|H7N9|2014.134|Asia|,2014.134,-370.8,43.8709677419355,1395,1395,41.9354838709677,44.8387096774194
EPI_ISL_192324|Human|H7N9|2014.921|Asia|,2014.921,-373.8,44.0143369175627,1395,1395,41.9354838709677,45.0537634408602
EPI_ISL_192323|Human|H7N9|2014.992|Asia|,2014.992,-371.7,43.584229390681,1395,1395,41.7204301075269,44.5161290322581
EPI_ISL_192322|Human|H7N9|2014.992|Asia|,2014.992,-370.6,43.5125448028674,1395,1395,40.8602150537634,44.8387096774194
EPI_ISL_192321|Human|H7N9|2015.016|Asia|,2015.016,-366.6,43.3691756272401,1395,1395,40.6451612903226,44.7311827956989
EPI_ISL_192318|Human|H7N9|2015.011|Asia|,2015.011,-378.8,43.7992831541219,1395,1395,41.7204301075269,44.8387096774194
EPI_ISL_192317|Human|H7N9|2014.981|Asia|,2014.981,-371.4,43.6559139784946,1395,1395,41.505376344086,44.7311827956989
EPI_ISL_192316|Human|H7N9|2015.019|Asia|,2015.019,-376.5,43.7992831541219,1395,1395,41.7204301075269,44.8387096774194
EPI_ISL_192315|Human|H7N9|2015.03|Asia|,2015.03,-373.8,44.0860215053763,1395,1395,41.9354838709677,45.1612903225806
EPI_ISL_192314|Human|H7N9|2015.038|Asia|,2015.038,-377.9,44.0860215053763,1395,1395,41.9354838709677,45.1612903225806
EPI_ISL_192313|Human|H7N9|2015.041|Asia|,2015.041,-373.8,44.0860215053763,1395,1395,41.9354838709677,45.1612903225806
EPI_ISL_192312|Human|H7N9|2015.041|Asia|,2015.041,-376.9,44.15770609319,1395,1395,42.3655913978495,45.0537634408602
EPI_ISL_192311|Human|H7N9|2015.033|Asia|,2015.033,-376.1,43.7992831541219,1395,1395,41.505376344086,44.9462365591398
EPI_ISL_192310|Human|H7N9|2015.008|Asia|,2015.008,-370.2,43.5125448028674,1395,1395,41.7204301075269,44.4086021505376
EPI_ISL_192309|Human|H7N9|2015.044|Asia|,2015.044,-375.4,44.0860215053763,1395,1395,42.1505376344086,45.0537634408602
EPI_ISL_192308|Human|H7N9|2015.03|Asia|,2015.03,-373.7,44.15770609319,1395,1395,42.1505376344086,45.1612903225806
EPI_ISL_192307|Human|H7N9|2015.027|Asia|,2015.027,-373.4,43.9426523297491,1395,1395,42.3655913978495,44.7311827956989
EPI_ISL_192306|Human|H7N9|2015.044|Asia|,2015.044,-378.1,44.0860215053763,1395,1395,41.9354838709677,45.1612903225806
EPI_ISL_192305|Human|H7N9|2015.049|Asia|,2015.049,-372.9,44.0860215053763,1395,1395,41.9354838709677,45.1612903225806
EPI_ISL_192304|Human|H7N9|2015.047|Asia|,2015.047,-377,44.15770609319,1395,1395,42.1505376344086,45.1612903225806
EPI_ISL_192303|Human|H7N9|2015.058|Asia|,2015.058,-373.8,44.0143369175627,1395,1395,41.9354838709677,45.0537634408602
EPI_ISL_192302|Human|H7N9|2015.011|Asia|,2015.011,-369.4,43.5125448028674,1395,1395,41.9354838709677,44.3010752688172
EPI_ISL_192301|Human|H7N9|2015.038|Asia|,2015.038,-365.1,43.584229390681,1395,1395,41.7204301075269,44.5161290322581
EPI_ISL_192300|Human|H7N9|2015.033|Asia|,2015.033,-376.6,44.15770609319,1395,1395,41.9354838709677,45.2688172043011
EPI_ISL_192299|Human|H7N9|2014.904|Asia|,2014.904,-370.6,43.8709677419355,1395,1395,41.2903225806452,45.1612903225806
EPI_ISL_192298|Human|H7N9|2015.068|Asia|,2015.068,-370.3,43.6559139784946,1395,1395,41.0752688172043,44.9462365591398
EPI_ISL_192297|Human|H7N9|2015.06|Asia|,2015.06,-376.8,44.0860215053763,1395,1395,41.9354838709677,45.1612903225806
EPI_ISL_192296|Human|H7N9|2015.049|Asia|,2015.049,-373,43.8709677419355,1395,1395,41.505376344086,45.0537634408602
EPI_ISL_192295|Human|H7N9|2014.981|Asia|,2014.981,-368.7,43.7992831541219,1395,1395,41.7204301075269,44.8387096774194
EPI_ISL_192294|Human|H7N9|2014.984|Asia|,2014.984,-368.7,43.7992831541219,1395,1395,41.7204301075269,44.8387096774194
EPI_ISL_192293|Human|H7N9|2015.033|Asia|,2015.033,-372.1,43.6559139784946,1395,1395,41.2903225806452,44.8387096774194
EPI_ISL_192292|Human|H7N9|2014.989|Asia|,2014.989,-369.6,43.7992831541219,1395,1395,42.5806451612903,44.4086021505376
EPI_ISL_192291|Human|H7N9|2015.058|Asia|,2015.058,-374.6,44.0860215053763,1395,1395,42.1505376344086,45.0537634408602
EPI_ISL_192290|Human|H7N9|2015.06|Asia|,2015.06,-375,44.0860215053763,1395,1395,42.1505376344086,45.0537634408602
EPI_ISL_192289|Human|H7N9|2015.038|Asia|,2015.038,-373.8,44.0860215053763,1395,1395,41.9354838709677,45.1612903225806
EPI_ISL_192288|Human|H7N9|2015.06|Asia|,2015.06,-375.4,44.15770609319,1395,1395,42.1505376344086,45.1612903225806
EPI_ISL_192287|Human|H7N9|2015.11|Asia|,2015.11,-373,43.9426523297491,1395,1395,41.7204301075269,45.0537634408602
EPI_ISL_192286|Human|H7N9|2015.11|Asia|,2015.11,-373,43.9426523297491,1395,1395,41.7204301075269,45.0537634408602
EPI_ISL_192285|Human|H7N9|2015.074|Asia|,2015.074,-370.1,43.8709677419355,1395,1395,42.5806451612903,44.5161290322581
EPI_ISL_192284|Human|H7N9|2015.093|Asia|,2015.093,-365.6,43.7275985663082,1395,1395,41.9354838709677,44.6236559139785
EPI_ISL_192283|Human|H7N9|2015.082|Asia|,2015.082,-370.9,43.7992831541219,1395,1395,42.1505376344086,44.6236559139785
EPI_ISL_192282|Human|H7N9|2015.11|Asia|,2015.11,-376.1,44.0143369175627,1395,1395,41.9354838709677,45.0537634408602
EPI_ISL_192281|Human|H7N9|2015.025|Asia|,2015.025,-373.3,44.0143369175627,1395,1395,41.9354838709677,45.0537634408602
EPI_ISL_192280|Human|H7N9|2015.074|Asia|,2015.074,-371.9,43.9426523297491,1395,1395,42.3655913978495,44.7311827956989
EPI_ISL_192279|Human|H7N9|2015.055|Asia|,2015.055,-373.8,44.0143369175627,1395,1395,41.9354838709677,45.0537634408602
EPI_ISL_192278|Human|H7N9|2014.997|Asia|,2014.997,-375.1,44.0143369175627,1395,1395,42.1505376344086,44.9462365591398
EPI_ISL_192277|Human|H7N9|2015.06|Asia|,2015.06,-375.4,44.15770609319,1395,1395,42.1505376344086,45.1612903225806
EPI_ISL_192276|Human|H7N9|2015.11|Asia|,2015.11,-373.8,44.0143369175627,1395,1395,41.9354838709677,45.0537634408602
EPI_ISL_192275|Human|H7N9|2015.099|Asia|,2015.099,-371.3,43.5125448028674,1395,1395,41.7204301075269,44.4086021505376
EPI_ISL_192274|Human|H7N9|2015.041|Asia|,2015.041,-369,43.7275985663082,1395,1395,41.2903225806452,44.9462365591398
EPI_ISL_192505|Human|H7N9|2015.151|Asia|,2015.151,-375.2,43.7275985663082,1395,1395,41.505376344086,44.8387096774194
EPI_ISL_192504|Human|H7N9|2015.115|Asia|,2015.115,-374.9,44.15770609319,1395,1395,42.1505376344086,45.1612903225806
EPI_ISL_192503|Human|H7N9|2015.167|Asia|,2015.167,-375.5,43.6559139784946,1395,1395,41.0752688172043,44.9462365591398
EPI_ISL_192502|Human|H7N9|2015.088|Asia|,2015.088,-373.8,44.0860215053763,1395,1395,41.9354838709677,45.1612903225806
EPI_ISL_192501|Human|H7N9|2015.2|Asia|,2015.2,-367.3,43.584229390681,1395,1395,40.8602150537634,44.9462365591398
EPI_ISL_192499|Human|H7N9|2015.178|Asia|,2015.178,-370.8,43.7992831541219,1395,1395,41.2903225806452,45.0537634408602
EPI_ISL_192498|Human|H7N9|2015.093|Asia|,2015.093,-374.9,44.15770609319,1395,1395,42.1505376344086,45.1612903225806
EPI_ISL_192497|Human|H7N9|2015.088|Asia|,2015.088,-373,43.8709677419355,1395,1395,41.505376344086,45.0537634408602
EPI_ISL_192495|Human|H7N9|2015.153|Asia|,2015.153,-372.7,44.0860215053763,1395,1395,41.7204301075269,45.2688172043011
EPI_ISL_192494|Human|H7N9|2015.173|Asia|,2015.173,-373.3,43.9426523297491,1395,1395,41.7204301075269,45.0537634408602
EPI_ISL_192493|Human|H7N9|2015.164|Asia|,2015.164,-375.4,43.8709677419355,1395,1395,41.505376344086,45.0537634408602
EPI_ISL_192492|Human|H7N9|2015.266|Asia|,2015.266,-370.9,44.0143369175627,1395,1395,41.7204301075269,45.1612903225806
EPI_ISL_192488|Human|H7N9|2015.066|Asia|,2015.066,-373.8,44.0860215053763,1395,1395,41.9354838709677,45.1612903225806
EPI_ISL_192487|Human|H7N9|2015.058|Asia|,2015.058,-372.9,43.9426523297491,1395,1395,41.7204301075269,45.0537634408602
EPI_ISL_192484|Human|H7N9|2015.145|Asia|,2015.145,-370.6,44.0143369175627,1395,1395,41.9354838709677,45.0537634408602
EPI_ISL_192478|Human|H7N9|2015.304|Asia|,2015.304,-375.3,44.15770609319,1395,1395,41.7204301075269,45.3763440860215
EPI_ISL_192472|Human|H7N9|2015.389|Asia|,2015.389,-370.8,44.0143369175627,1395,1395,41.9354838709677,45.0537634408602
EPI_ISL_192471|Human|H7N9|2015.389|Asia|,2015.389,-373.2,43.8709677419355,1395,1395,41.7204301075269,44.9462365591398
EPI_ISL_192469|Human|H7N9|2015.397|Asia|,2015.397,-374.1,43.7903804737976,1393,1395,41.2526997840173,45.0537634408602
EPI_ISL_192466|Human|H7N9|2013.912|Asia|,2013.912,-371,43.7275985663082,1395,1395,41.505376344086,44.8387096774194
EPI_ISL_192465|Human|H7N9|2013.956|Asia|,2013.956,-360,43.3691756272401,1395,1395,40.6451612903226,44.7311827956989
EPI_ISL_192464|Human|H7N9|2014.019|Asia|,2014.019,-360,43.3691756272401,1395,1395,40.6451612903226,44.7311827956989
EPI_ISL_192463|Human|H7N9|2014.008|Asia|,2014.008,-362.9,43.4408602150538,1395,1395,41.0752688172043,44.6236559139785
EPI_ISL_192462|Human|H7N9|2014.019|Asia|,2014.019,-360,43.3691756272401,1395,1395,40.6451612903226,44.7311827956989
EPI_ISL_192461|Human|H7N9|2014.033|Asia|,2014.033,-358.4,43.3691756272401,1395,1395,40.8602150537634,44.6236559139785
EPI_ISL_192460|Human|H7N9|2014.033|Asia|,2014.033,-360.2,43.3691756272401,1395,1395,40.8602150537634,44.6236559139785
EPI_ISL_192459|Human|H7N9|2014.033|Asia|,2014.033,-360,43.3691756272401,1395,1395,40.6451612903226,44.7311827956989
EPI_ISL_192458|Human|H7N9|2014.033|Asia|,2014.033,-361,43.4408602150538,1395,1395,41.0752688172043,44.6236559139785
EPI_ISL_192455|Human|H7N9|2014.005|Asia|,2014.005,-365.7,43.5125448028674,1395,1395,41.2903225806452,44.6236559139785
EPI_ISL_192454|Human|H7N9|2014.036|Asia|,2014.036,-364.7,43.5125448028674,1395,1395,41.0752688172043,44.7311827956989
EPI_ISL_192451|Human|H7N9|2014.036|Asia|,2014.036,-365.4,43.7992831541219,1395,1395,41.9354838709677,44.7311827956989
EPI_ISL_192450|Human|H7N9|2014.038|Asia|,2014.038,-369.1,43.584229390681,1395,1395,41.2903225806452,44.7311827956989
EPI_ISL_192449|Human|H7N9|2014.005|Asia|,2014.005,-367.1,43.584229390681,1395,1395,41.2903225806452,44.7311827956989
EPI_ISL_192448|Human|H7N9|2014.022|Asia|,2014.022,-372,43.9426523297491,1395,1395,42.3655913978495,44.7311827956989
EPI_ISL_192447|Human|H7N9|2014.022|Asia|,2014.022,-376.6,43.584229390681,1395,1395,41.505376344086,44.6236559139785
EPI_ISL_192446|Human|H7N9|2014.027|Asia|,2014.027,-369.2,44.0860215053763,1395,1395,41.9354838709677,45.1612903225806
EPI_ISL_192445|Human|H7N9|2014.019|Asia|,2014.019,-367.1,43.584229390681,1395,1395,41.2903225806452,44.7311827956989
EPI_ISL_192444|Human|H7N9|2014.038|Asia|,2014.038,-370.8,43.8709677419355,1395,1395,41.9354838709677,44.8387096774194
EPI_ISL_192443|Human|H7N9|2014.06|Asia|,2014.06,-366.6,44.0143369175627,1395,1395,41.9354838709677,45.0537634408602
EPI_ISL_192442|Human|H7N9|2014.06|Asia|,2014.06,-366.6,44.0143369175627,1395,1395,41.9354838709677,45.0537634408602
EPI_ISL_192441|Human|H7N9|2014.052|Asia|,2014.052,-366.6,44.0143369175627,1395,1395,41.9354838709677,45.0537634408602
EPI_ISL_192440|Human|H7N9|2014.06|Asia|,2014.06,-369.3,43.7992831541219,1395,1395,42.1505376344086,44.6236559139785
EPI_ISL_192439|Human|H7N9|2014.049|Asia|,2014.049,-368.5,43.9426523297491,1395,1395,42.1505376344086,44.8387096774194
EPI_ISL_192438|Human|H7N9|2014.088|Asia|,2014.088,-370.8,43.9024390243902,1394,1395,41.9354838709677,44.8869752421959
EPI_ISL_192436|Human|H7N9|2014.071|Asia|,2014.071,-370.9,43.8709677419355,1395,1395,42.1505376344086,44.7311827956989
EPI_ISL_192435|Human|H7N9|2014.041|Asia|,2014.041,-369,43.6559139784946,1395,1395,41.505376344086,44.7311827956989
EPI_ISL_192432|Human|H7N9|2014.052|Asia|,2014.052,-367.1,43.5125448028674,1395,1395,41.2903225806452,44.6236559139785
EPI_ISL_192431|Human|H7N9|2014.068|Asia|,2014.068,-369.7,43.9426523297491,1395,1395,42.1505376344086,44.8387096774194
EPI_ISL_192430|Human|H7N9|2014.096|Asia|,2014.096,-373.1,43.7589670014347,1394,1395,41.9354838709677,44.6716899892357
EPI_ISL_192429|Human|H7N9|2014.068|Asia|,2014.068,-367.9,43.6559139784946,1395,1395,41.505376344086,44.7311827956989
EPI_ISL_192428|Human|H7N9|2014.071|Asia|,2014.071,-372.7,43.584229390681,1395,1395,41.2903225806452,44.7311827956989
EPI_ISL_192427|Human|H7N9|2014.09|Asia|,2014.09,-367.5,43.3691756272401,1395,1395,40.8602150537634,44.6236559139785
EPI_ISL_192426|Human|H7N9|2014.033|Asia|,2014.033,-369,43.6559139784946,1395,1395,41.505376344086,44.7311827956989
EPI_ISL_192425|Human|H7N9|2014.016|Asia|,2014.016,-367.1,43.584229390681,1395,1395,41.2903225806452,44.7311827956989
EPI_ISL_192424|Human|H7N9|2014.096|Asia|,2014.096,-367.1,43.584229390681,1395,1395,41.2903225806452,44.7311827956989
EPI_ISL_192423|Human|H7N9|2014.068|Asia|,2014.068,-372.7,43.584229390681,1395,1395,41.2903225806452,44.7311827956989
EPI_ISL_192422|Human|H7N9|2014.082|Asia|,2014.082,-372.7,43.584229390681,1395,1395,41.2903225806452,44.7311827956989
EPI_ISL_192421|Human|H7N9|2014.088|Asia|,2014.088,-367.1,43.4408602150538,1395,1395,41.2903225806452,44.5161290322581
EPI_ISL_192420|Human|H7N9|2014.096|Asia|,2014.096,-369,43.6559139784946,1395,1395,41.505376344086,44.7311827956989
EPI_ISL_192419|Human|H7N9|2014.129|Asia|,2014.129,-369.7,43.9426523297491,1395,1395,42.1505376344086,44.8387096774194
EPI_ISL_192418|Human|H7N9|2014.126|Asia|,2014.126,-366.6,43.6559139784946,1395,1395,41.505376344086,44.7311827956989
EPI_ISL_192417|Human|H7N9|2014.03|Asia|,2014.03,-360.1,43.3691756272401,1395,1395,40.6451612903226,44.7311827956989
EPI_ISL_192416|Human|H7N9|2014.022|Asia|,2014.022,-361.4,43.3691756272401,1395,1395,41.0752688172043,44.5161290322581
EPI_ISL_192415|Human|H7N9|2014.027|Asia|,2014.027,-366,43.8709677419355,1395,1395,41.9354838709677,44.8387096774194
EPI_ISL_192414|Human|H7N9|2014.019|Asia|,2014.019,-360,43.3691756272401,1395,1395,40.6451612903226,44.7311827956989
EPI_ISL_192413|Human|H7N9|2014.008|Asia|,2014.008,-362.9,43.4408602150538,1395,1395,41.0752688172043,44.6236559139785
EPI_ISL_192412|Human|H7N9|2014.099|Asia|,2014.099,-367.5,43.584229390681,1395,1395,41.505376344086,44.6236559139785
EPI_ISL_192411|Human|H7N9|2014.063|Asia|,2014.063,-373.2,43.9426523297491,1395,1395,41.7204301075269,45.0537634408602
EPI_ISL_192410|Human|H7N9|2014.101|Asia|,2014.101,-373.9,43.8709677419355,1395,1395,42.1505376344086,44.7311827956989
EPI_ISL_192409|Human|H7N9|2014.112|Asia|,2014.112,-371.8,43.9426523297491,1395,1395,42.1505376344086,44.8387096774194
EPI_ISL_192408|Human|H7N9|2014.101|Asia|,2014.101,-373.9,43.3691756272401,1395,1395,40.8602150537634,44.6236559139785
EPI_ISL_192407|Human|H7N9|2014.118|Asia|,2014.118,-370.8,43.8709677419355,1395,1395,41.9354838709677,44.8387096774194
EPI_ISL_192406|Human|H7N9|2014.123|Asia|,2014.123,-370.8,43.8709677419355,1395,1395,41.9354838709677,44.8387096774194
EPI_ISL_192405|Human|H7N9|2014.101|Asia|,2014.101,-373.2,43.5125448028674,1395,1395,41.0752688172043,44.7311827956989
EPI_ISL_192403|Human|H7N9|2014.079|Asia|,2014.079,-362.2,43.4408602150538,1395,1395,41.2903225806452,44.5161290322581
EPI_ISL_192402|Human|H7N9|2014.052|Asia|,2014.052,-368.7,43.584229390681,1395,1395,41.2903225806452,44.7311827956989
EPI_ISL_192401|Human|H7N9|2014.077|Asia|,2014.077,-361.4,43.3691756272401,1395,1395,41.0752688172043,44.5161290322581
EPI_ISL_192913|Human|H7N9|2015|Asia|,2015,-364.3,43.5125448028674,1395,1395,41.505376344086,44.5161290322581
EPI_ISL_192912|Human|H7N9|2015|Asia|,2015,-365.1,43.584229390681,1395,1395,41.7204301075269,44.5161290322581
EPI_ISL_192911|Human|H7N9|2015|Asia|,2015,-366.6,43.6559139784946,1395,1395,41.9354838709677,44.5161290322581
EPI_ISL_192910|Human|H7N9|2015|Asia|,2015,-363.8,43.7275985663082,1395,1395,41.9354838709677,44.6236559139785
EPI_ISL_192909|Human|H7N9|2014.915|Asia|,2014.915,-365.1,43.584229390681,1395,1395,41.7204301075269,44.5161290322581
EPI_ISL_192908|Human|H7N9|2014|Asia|,2014,-360.2,43.3691756272401,1395,1395,40.8602150537634,44.6236559139785
EPI_ISL_192907|Human|H7N9|2014|Asia|,2014,-366,43.8709677419355,1395,1395,41.9354838709677,44.8387096774194
EPI_ISL_192906|Human|H7N9|2014|Asia|,2014,-371,43.7275985663082,1395,1395,41.505376344086,44.8387096774194
EPI_ISL_192905|Human|H7N9|2014|Asia|,2014,-378.5,43.8709677419355,1395,1395,41.9354838709677,44.8387096774194
EPI_ISL_192904|Human|H7N9|2014|Asia|,2014,-369.6,43.4042553191489,1410,1410,41.063829787234,44.5744680851064
EPI_ISL_192903|Human|H7N9|2014|Asia|,2014,-371.2,43.7992831541219,1395,1395,41.505376344086,44.9462365591398
EPI_ISL_192902|Human|H7N9|2014|Asia|,2014,-371,43.9007092198582,1410,1410,42.1276595744681,44.7872340425532
EPI_ISL_192901|Human|H7N9|2014|Asia|,2014,-368.7,43.584229390681,1395,1395,41.2903225806452,44.7311827956989
EPI_ISL_192900|Human|H7N9|2014|Asia|,2014,-370.1,43.584229390681,1395,1395,41.2903225806452,44.7311827956989
EPI_ISL_192899|Human|H7N9|2014|Asia|,2014,-371.4,43.8297872340426,1410,1410,41.7021276595745,44.8936170212766
EPI_ISL_192898|Human|H7N9|2013.915|Asia|,2013.915,-370.6,43.6559139784946,1395,1395,41.2903225806452,44.8387096774194
EPI_ISL_194320|Human|H7N9|2015.652|Asia|,2015.652,-371,43.5125448028674,1395,1395,41.2903225806452,44.6236559139785
EPI_ISL_198689|Human|H7N9|2014.079|Asia|,2014.079,-356.6,43.5225618631732,1374,1374,40.8296943231441,44.8689956331878
EPI_ISL_198688|Human|H7N9|2014.077|Asia|,2014.077,-357,43.4497816593886,1374,1374,40.8296943231441,44.7598253275109
EPI_ISL_198687|Human|H7N9|2014.077|Asia|,2014.077,-357,43.4497816593886,1374,1374,40.8296943231441,44.7598253275109
EPI_ISL_198686|Human|H7N9|2014.071|Asia|,2014.071,-355.9,43.5225618631732,1374,1374,41.2663755458515,44.6506550218341
EPI_ISL_198685|Human|H7N9|2014.049|Asia|,2014.049,-364.3,43.6681222707424,1374,1374,41.0480349344978,44.9781659388646
EPI_ISL_198684|Human|H7N9|2014.041|Asia|,2014.041,-366.2,43.7409024745269,1374,1374,41.0480349344978,45.0873362445415
EPI_ISL_198683|Human|H7N9|2014.038|Asia|,2014.038,-359.2,43.4497816593886,1374,1374,40.6113537117904,44.8689956331878
EPI_ISL_198682|Human|H7N9|2014.03|Asia|,2014.03,-355.8,43.4497816593886,1374,1374,40.6113537117904,44.8689956331878
EPI_ISL_198681|Human|H7N9|2014.03|Asia|,2014.03,-355.6,43.4497816593886,1374,1374,40.3930131004367,44.9781659388646
EPI_ISL_198680|Human|H7N9|2014.03|Asia|,2014.03,-356.6,43.5225618631732,1374,1374,40.8296943231441,44.8689956331878
EPI_ISL_198679|Human|H7N9|2014.03|Asia|,2014.03,-354,43.4497816593886,1374,1374,40.6113537117904,44.8689956331878
EPI_ISL_198678|Human|H7N9|2014.027|Asia|,2014.027,-356,43.4845212383009,1389,1389,40.6047516198704,44.9244060475162
EPI_ISL_198677|Human|H7N9|2014.027|Asia|,2014.027,-357,43.4497816593886,1374,1374,40.8296943231441,44.7598253275109
EPI_ISL_198676|Human|H7N9|2014.025|Asia|,2014.025,-361.6,43.9592430858806,1374,1374,41.703056768559,45.0873362445415
EPI_ISL_198675|Human|H7N9|2014.025|Asia|,2014.025,-356.6,43.5225618631732,1374,1374,40.8296943231441,44.8689956331878
EPI_ISL_198674|Human|H7N9|2014.016|Asia|,2014.016,-355.6,43.4497816593886,1374,1374,40.3930131004367,44.9781659388646
EPI_ISL_198673|Human|H7N9|2014.016|Asia|,2014.016,-355.6,43.4497816593886,1374,1374,40.3930131004367,44.9781659388646
EPI_ISL_198672|Human|H7N9|2014.005|Asia|,2014.005,-358.5,43.5225618631732,1374,1374,40.8296943231441,44.8689956331878
EPI_ISL_198750|Human|H7N9|2015.186|Asia|,2015.186,-363.2,43.5225618631732,1374,1374,41.0480349344978,44.7598253275109
EPI_ISL_198749|Human|H7N9|2015.173|Asia|,2015.173,-370.9,43.6681222707424,1374,1374,41.9213973799127,44.5414847161572
EPI_ISL_198748|Human|H7N9|2015.153|Asia|,2015.153,-370.8,44.0320232896652,1374,1374,41.4847161572052,45.3056768558952
EPI_ISL_198747|Human|H7N9|2015.153|Asia|,2015.153,-369.4,44.0320232896652,1374,1374,41.4847161572052,45.3056768558952
EPI_ISL_198746|Human|H7N9|2015.153|Asia|,2015.153,-369.4,44.1775836972344,1374,1374,41.9213973799127,45.3056768558952
EPI_ISL_198745|Human|H7N9|2015.11|Asia|,2015.11,-369.2,44.1048034934498,1374,1374,41.703056768559,45.3056768558952
EPI_ISL_198744|Human|H7N9|2015.11|Asia|,2015.11,-371.7,44.1048034934498,1374,1374,41.703056768559,45.3056768558952
EPI_ISL_198742|Human|H7N9|2015.104|Asia|,2015.104,-366.5,43.8864628820961,1374,1374,41.9213973799127,44.8689956331878
EPI_ISL_198741|Human|H7N9|2015.101|Asia|,2015.101,-367.9,43.9592430858806,1374,1374,41.2663755458515,45.3056768558952
EPI_ISL_198740|Human|H7N9|2015.093|Asia|,2015.093,-366.7,44.0320232896652,1374,1374,41.703056768559,45.1965065502183
EPI_ISL_198739|Human|H7N9|2015.09|Asia|,2015.09,-354.9,43.1586608442504,1374,1374,40.6113537117904,44.4323144104804
EPI_ISL_198738|Human|H7N9|2015.09|Asia|,2015.09,-361.2,43.8136826783115,1374,1374,41.703056768559,44.8689956331878
EPI_ISL_198737|Human|H7N9|2015.079|Asia|,2015.079,-366.5,43.8864628820961,1374,1374,41.9213973799127,44.8689956331878
EPI_ISL_198736|Human|H7N9|2015.071|Asia|,2015.071,-365.7,43.9592430858806,1374,1374,42.3580786026201,44.7598253275109
EPI_ISL_198735|Human|H7N9|2015.071|Asia|,2015.071,-365.4,43.6681222707424,1374,1374,41.0480349344978,44.9781659388646
EPI_ISL_198733|Human|H7N9|2015.068|Asia|,2015.068,-368.9,43.9592430858806,1374,1374,41.2663755458515,45.3056768558952
EPI_ISL_198732|Human|H7N9|2015.066|Asia|,2015.066,-361.2,43.8136826783115,1374,1374,41.703056768559,44.8689956331878
EPI_ISL_198731|Human|H7N9|2015.058|Asia|,2015.058,-370.2,44.1775836972344,1374,1374,41.9213973799127,45.3056768558952
EPI_ISL_198730|Human|H7N9|2015.058|Asia|,2015.058,-370.6,44.1775836972344,1374,1374,41.9213973799127,45.3056768558952
EPI_ISL_198729|Human|H7N9|2015.055|Asia|,2015.055,-369.4,44.1048034934498,1374,1374,41.703056768559,45.3056768558952
EPI_ISL_198728|Human|H7N9|2015.049|Asia|,2015.049,-365.6,43.7409024745269,1374,1374,41.703056768559,44.7598253275109
EPI_ISL_198727|Human|H7N9|2015.041|Asia|,2015.041,-371,44.1775836972344,1374,1374,41.9213973799127,45.3056768558952
EPI_ISL_198726|Human|H7N9|2015.038|Asia|,2015.038,-372.2,44.2503639010189,1374,1374,41.703056768559,45.5240174672489
EPI_ISL_198725|Human|H7N9|2015.027|Asia|,2015.027,-360.7,43.6681222707424,1374,1374,41.4847161572052,44.7598253275109
EPI_ISL_198724|Human|H7N9|2015.027|Asia|,2015.027,-365.1,43.8864628820961,1374,1374,41.9213973799127,44.8689956331878
EPI_ISL_198723|Human|H7N9|2015.014|Asia|,2015.014,-365.5,43.6681222707424,1374,1374,41.703056768559,44.6506550218341
EPI_ISL_198722|Human|H7N9|2015.014|Asia|,2015.014,-365,43.5953420669578,1374,1374,41.703056768559,44.5414847161572
EPI_ISL_198721|Human|H7N9|2015.005|Asia|,2015.005,-365.8,43.5953420669578,1374,1374,41.4847161572052,44.6506550218341
EPI_ISL_198718|Human|H7N9|2014.403|Asia|,2014.403,-363.3,43.6681222707424,1374,1374,41.4847161572052,44.7598253275109
EPI_ISL_198711|Human|H7N9|2014.184|Asia|,2014.184,-361.2,43.5953420669578,1374,1374,40.8296943231441,44.9781659388646
EPI_ISL_198710|Human|H7N9|2014.175|Asia|,2014.175,-363.5,43.5953420669578,1374,1374,41.2663755458515,44.7598253275109
EPI_ISL_198708|Human|H7N9|2014.142|Asia|,2014.142,-355.8,43.4085943190095,1373,1374,40.7002188183807,44.7598253275109
EPI_ISL_198706|Human|H7N9|2014.134|Asia|,2014.134,-356.8,43.4814275309541,1373,1374,40.7002188183807,44.8689956331878
EPI_ISL_198705|Human|H7N9|2014.134|Asia|,2014.134,-358.2,43.4814275309541,1373,1374,40.7002188183807,44.8689956331878
EPI_ISL_198704|Human|H7N9|2014.134|Asia|,2014.134,-360.6,43.5225618631732,1374,1374,41.0480349344978,44.7598253275109
EPI_ISL_198703|Human|H7N9|2014.132|Asia|,2014.132,-357.8,43.5225618631732,1374,1374,41.2663755458515,44.6506550218341
EPI_ISL_198702|Human|H7N9|2014.132|Asia|,2014.132,-358.9,43.6681222707424,1374,1374,41.2663755458515,44.8689956331878
EPI_ISL_198699|Human|H7N9|2014.112|Asia|,2014.112,-357.1,43.5225618631732,1374,1374,40.8296943231441,44.8689956331878
EPI_ISL_198698|Human|H7N9|2014.112|Asia|,2014.112,-357,43.4497816593886,1374,1374,40.8296943231441,44.7598253275109
EPI_ISL_198697|Human|H7N9|2014.11|Asia|,2014.11,-363,43.6681222707424,1374,1374,41.4847161572052,44.7598253275109
EPI_ISL_198696|Human|H7N9|2014.101|Asia|,2014.101,-357.1,43.3770014556041,1374,1374,40.8296943231441,44.6506550218341
EPI_ISL_198695|Human|H7N9|2014.099|Asia|,2014.099,-360.3,43.4497816593886,1374,1374,40.6113537117904,44.8689956331878
EPI_ISL_198694|Human|H7N9|2014.088|Asia|,2014.088,-356.6,43.4497816593886,1374,1374,40.8296943231441,44.7598253275109
EPI_ISL_198693|Human|H7N9|2014.082|Asia|,2014.082,-355.9,43.4497816593886,1374,1374,41.0480349344978,44.6506550218341
EPI_ISL_198692|Human|H7N9|2014.082|Asia|,2014.082,-357.8,43.5225618631732,1374,1374,41.0480349344978,44.7598253275109
EPI_ISL_198691|Human|H7N9|2014.079|Asia|,2014.079,-355.9,43.4497816593886,1374,1374,41.0480349344978,44.6506550218341
EPI_ISL_198690|Human|H7N9|2014.079|Asia|,2014.079,-356.6,43.4497816593886,1374,1374,40.6113537117904,44.8689956331878
EPI_ISL_212471|Human|H7N9|2016.115|Asia|,2016.115,-378.8,43.8709677419355,1395,1395,41.2903225806452,45.1612903225806
EPI_ISL_215534|Human|H7N9|2014.31|Asia|,2014.31,-373.7,43.7992831541219,1395,1395,41.505376344086,44.9462365591398
EPI_ISL_215533|Human|H7N9|2014.31|Asia|,2014.31,-373.7,43.7275985663082,1395,1395,41.505376344086,44.8387096774194
EPI_ISL_221674|Human|H7N9|2015|Asia|,2015,-362,43.584229390681,1395,1395,41.0752688172043,44.8387096774194
EPI_ISL_221672|Human|H7N9|2015|Asia|,2015,-369.4,43.6559139784946,1395,1395,40.8602150537634,45.0537634408602
EPI_ISL_221671|Human|H7N9|2015|Asia|,2015,-372.7,44.3010752688172,1395,1395,42.5806451612903,45.1612903225806
EPI_ISL_221667|Human|H7N9|2015|Asia|,2015,-376.1,44.0860215053763,1395,1395,41.7204301075269,45.2688172043011
EPI_ISL_223670|Human|H7N9|2015.036|Asia|,2015.036,-372.3,44.0143369175627,1395,1395,41.9354838709677,45.0537634408602
EPI_ISL_223680|Human|H7N9|2015.044|Asia|,2015.044,-368.6,43.584229390681,1395,1395,40.8602150537634,44.9462365591398
EPI_ISL_223673|Human|H7N9|2015.038|Asia|,2015.038,-367.9,43.5125448028674,1395,1395,40.8602150537634,44.8387096774194
EPI_ISL_223672|Human|H7N9|2015.038|Asia|,2015.038,-373.8,44.0860215053763,1395,1395,41.9354838709677,45.1612903225806
EPI_ISL_233629|Human|H7N9|2016.038|Asia|,2016.038,-380.8,44.0143369175627,1395,1395,41.7204301075269,45.1612903225806
EPI_ISL_233628|Human|H7N9|2016.033|Asia|,2016.033,-384.1,44.5878136200717,1395,1395,43.010752688172,45.3763440860215
EPI_ISL_239333|Human|H7N9|2016.123|Asia|,2016.123,-366.7,43.4343434343434,1386,1389,40.8695652173913,44.7084233261339
EPI_ISL_239332|Human|H7N9|2016.096|Asia|,2016.096,-370.6,44.0836940836941,1386,1389,41.648590021692,45.2972972972973
EPI_ISL_239331|Human|H7N9|2016.03|Asia|,2016.03,-365.6,43.791329904482,1361,1365,41.280353200883,45.0440528634361
EPI_ISL_239330|Human|H7N9|2015.89|Asia|,2015.89,-376.4,43.9164866810655,1389,1389,41.2526997840173,45.2483801295896
EPI_ISL_239329|Human|H7N9|2016.112|Asia|,2016.112,-364.5,43.7821927888153,1359,1359,41.0596026490066,45.1434878587196
EPI_ISL_248792|Human|H7N9|2014.323|Asia|,2014.323,-360.3,43.3691756272401,1395,1395,41.2903225806452,44.4086021505376
EPI_ISL_252549|Human|H7N9|2015.06|Asia|,2015.06,-375.1,43.9426523297491,1395,1395,41.9354838709677,44.9462365591398
EPI_ISL_256214|Human|H7N9|2016.068|Asia|,2016.068,-379.9,43.8709677419355,1395,1395,41.7204301075269,44.9462365591398
EPI_ISL_277448|Human|H7N9|2015.055|Asia|,2015.055,-373.8,44.0143369175627,1395,1395,41.9354838709677,45.0537634408602
EPI_ISL_277447|Human|H7N9|2015.888|Asia|,2015.888,-372.3,44.2293906810036,1395,1395,42.3655913978495,45.1612903225806
EPI_ISL_285559|Human|H7N9|2016.098|Asia|,2016.098,-382,44.0860215053763,1395,1395,41.7204301075269,45.2688172043011
EPI_ISL_285558|Human|H7N9|2016.03|Asia|,2016.03,-373.2,44.15770609319,1395,1395,42.1505376344086,45.1612903225806
EPI_ISL_285557|Human|H7N9|2016.052|Asia|,2016.052,-370.4,44.0143369175627,1395,1395,42.1505376344086,44.9462365591398
EPI_ISL_285416|Human|H7N9|2016.148|Asia|,2016.148,-369.4,44.3727598566308,1395,1395,42.3655913978495,45.3763440860215
EPI_ISL_285412|Human|H7N9|2016.068|Asia|,2016.068,-379,43.8709677419355,1395,1395,41.0752688172043,45.2688172043011
EPI_ISL_285226|Human|H7N9|2015.085|Asia|,2015.085,-373.7,43.8709677419355,1395,1395,41.2903225806452,45.1612903225806
EPI_ISL_285120|Human|H7N9|2016.03|Asia|,2016.03,-382.9,43.9426523297491,1395,1395,41.7204301075269,45.0537634408602
EPI_ISL_285119|Human|H7N9|2015.973|Asia|,2015.973,-380.8,43.9426523297491,1395,1395,41.505376344086,45.1612903225806
EPI_ISL_285118|Human|H7N9|2015.093|Asia|,2015.093,-359.3,43.0824372759857,1395,1395,40.8602150537634,44.1935483870968
EPI_ISL_284991|Human|H7N9|2015.477|Asia|,2015.477,-371.6,43.7992831541219,1395,1395,41.0752688172043,45.1612903225806
EPI_ISL_284982|Human|H7N9|2016.161|Asia|,2016.161,-373.5,43.7275985663082,1395,1395,41.7204301075269,44.7311827956989
EPI_ISL_285113|Human|H7N9|2016.142|Asia|,2016.142,-381.6,43.9426523297491,1395,1395,41.505376344086,45.1612903225806
EPI_ISL_285110|Human|H7N9|2016.153|Asia|,2016.153,-385.9,44.0860215053763,1395,1395,41.9354838709677,45.1612903225806
EPI_ISL_285108|Human|H7N9|2016.038|Asia|,2016.038,-383.4,44.5161290322581,1395,1395,43.010752688172,45.2688172043011
EPI_ISL_285184|Human|H7N9|2016.128|Asia|,2016.128,-364.6,43.7185929648241,1393,1395,41.0752688172043,45.0431034482759
EPI_ISL_285183|Human|H7N9|2016.09|Asia|,2016.09,-380.8,43.9426523297491,1395,1395,41.505376344086,45.1612903225806
EPI_ISL_285182|Human|H7N9|2016.003|Asia|,2016.003,-380.8,43.9426523297491,1395,1395,41.505376344086,45.1612903225806
EPI_ISL_285181|Human|H7N9|2016|Asia|,2016,-380.8,43.9426523297491,1395,1395,41.505376344086,45.1612903225806
EPI_ISL_285256|Human|H7N9|2016.128|Asia|,2016.128,-386.6,43.9426523297491,1395,1395,41.505376344086,45.1612903225806
EPI_ISL_364317|Human|H7N9|2015.025|Asia|,2015.025,-364,43.5125448028674,1395,1395,41.505376344086,44.5161290322581
EPI_ISL_379593|Human|H7N9|2016.134|Asia|,2016.134,-366.8,44.3010752688172,1395,1395,42.1505376344086,45.3763440860215
EPI_ISL_379592|Human|H7N9|2014.068|Asia|,2014.068,-370,43.4408602150538,1395,1395,41.0752688172043,44.6236559139785
EPI_ISL_379591|Human|H7N9|2014.307|Asia|,2014.307,-370.2,43.4408602150538,1395,1395,40.8602150537634,44.7311827956989
EPI_ISL_379590|Human|H7N9|2014.268|Asia|,2014.268,-372.1,43.5125448028674,1395,1395,41.2903225806452,44.6236559139785
EPI_ISL_379589|Human|H7N9|2014.205|Asia|,2014.205,-370,43.5125448028674,1395,1395,41.0752688172043,44.7311827956989
EPI_ISL_379588|Human|H7N9|2015.342|Asia|,2015.342,-369.7,43.584229390681,1395,1395,41.2903225806452,44.7311827956989
EPI_ISL_379587|Human|H7N9|2014.271|Asia|,2014.271,-372.5,43.7992831541219,1395,1395,41.505376344086,44.9462365591398
EPI_ISL_379586|Human|H7N9|2016.033|Asia|,2016.033,-369.4,44.3727598566308,1395,1395,42.3655913978495,45.3763440860215
EPI_ISL_399682|Human|H7N9|2014.134|Asia|,2014.134,-370.8,43.8709677419355,1395,1395,41.9354838709677,44.8387096774194
EPI_ISL_426185|Human|H7N9|2015.175|Asia|,2015.175,-375.5,44.2293906810036,1395,1395,41.9354838709677,45.3763440860215
EPI_ISL_426184|Human|H7N9|2014.942|Asia|,2014.942,-375.1,44.0143369175627,1395,1395,42.1505376344086,44.9462365591398
EPI_ISL_4071297|Rodent|H7N9|2015.953|Asia|,2015.953,-371.9,43.584229390681,1395,1395,41.9354838709677,44.4086021505376
EPI_ISL_217947|Human|H7N9|2016.298|Asia|,2016.298,-380.1,43.8709677419355,1395,1395,41.505376344086,45.0537634408602
EPI_ISL_215688|Human|H7N9|2016.227|Asia|,2016.227,-376.5,43.7992831541219,1395,1395,42.1505376344086,44.6236559139785
EPI_ISL_239994|Human|H7N9|2016.964|Asia|,2016.964,-372.6,43.6559139784946,1395,1395,40.6451612903226,45.1612903225806
EPI_ISL_240520|Human|H7N9|2016.989|Asia|,2016.989,-369.5,43.7275985663082,1395,1395,41.7204301075269,44.7311827956989
EPI_ISL_240829|Human|H7N9|2017.011|Asia|,2017.011,-366.7,43.8709677419355,1395,1395,41.2903225806452,45.1612903225806
EPI_ISL_242275|Human|H7N9|2017.022|Asia|,2017.022,-366.8,43.3691756272401,1395,1395,41.7204301075269,44.1935483870968
EPI_ISL_242867|Human|H7N9|2017|Asia|,2017,-385.1,44.15770609319,1395,1395,41.7204301075269,45.3763440860215
EPI_ISL_242866|Human|H7N9|2016.765|Asia|,2016.765,-374.4,44.3727598566308,1395,1395,42.3655913978495,45.3763440860215
EPI_ISL_242865|Human|H7N9|2016.943|Asia|,2016.943,-366,44.4444444444444,1395,1395,42.5806451612903,45.3763440860215
EPI_ISL_242864|Human|H7N9|2016.945|Asia|,2016.945,-369.3,44.3010752688172,1395,1395,42.1505376344086,45.3763440860215
EPI_ISL_242863|Human|H7N9|2016.962|Asia|,2016.962,-364.4,44.0860215053763,1395,1395,42.3655913978495,44.9462365591398
EPI_ISL_242862|Human|H7N9|2016.97|Asia|,2016.97,-367.5,44.3010752688172,1395,1395,42.5806451612903,45.1612903225806
EPI_ISL_242861|Human|H7N9|2016.981|Asia|,2016.981,-374.7,44.15770609319,1395,1395,42.3655913978495,45.0537634408602
EPI_ISL_242860|Human|H7N9|2016.978|Asia|,2016.978,-366.8,44.3727598566308,1395,1395,42.5806451612903,45.2688172043011
EPI_ISL_242859|Human|H7N9|2016.975|Asia|,2016.975,-368.3,44.2293906810036,1395,1395,42.3655913978495,45.1612903225806
EPI_ISL_242858|Human|H7N9|2016.97|Asia|,2016.97,-375.7,44.0143369175627,1395,1395,41.9354838709677,45.0537634408602
EPI_ISL_242857|Human|H7N9|2016.97|Asia|,2016.97,-366.8,44.15770609319,1395,1395,42.3655913978495,45.0537634408602
EPI_ISL_242856|Human|H7N9|2017.016|Asia|,2017.016,-368.5,44.2293906810036,1395,1395,42.1505376344086,45.2688172043011
EPI_ISL_242855|Human|H7N9|2017.008|Asia|,2017.008,-366.5,44.2293906810036,1395,1395,42.5806451612903,45.0537634408602
EPI_ISL_242854|Human|H7N9|2016.926|Asia|,2016.926,-371,44.3010752688172,1395,1395,42.3655913978495,45.2688172043011
EPI_ISL_242853|Human|H7N9|2016.997|Asia|,2016.997,-369,44.4444444444444,1395,1395,42.7956989247312,45.2688172043011
EPI_ISL_242852|Human|H7N9|2016.986|Asia|,2016.986,-377.2,44.3010752688172,1395,1395,43.2258064516129,44.8387096774194
EPI_ISL_242851|Human|H7N9|2017.011|Asia|,2017.011,-371.8,44.3727598566308,1395,1395,42.5806451612903,45.2688172043011
EPI_ISL_242850|Human|H7N9|2016.989|Asia|,2016.989,-383,44.0143369175627,1395,1395,41.505376344086,45.2688172043011
EPI_ISL_242849|Human|H7N9|2016.995|Asia|,2016.995,-381.3,44.2293906810036,1395,1395,42.5806451612903,45.0537634408602
EPI_ISL_242848|Human|H7N9|2017.003|Asia|,2017.003,-377.5,44.2293906810036,1395,1395,43.010752688172,44.8387096774194
EPI_ISL_242847|Human|H7N9|2017.011|Asia|,2017.011,-379.4,44.2293906810036,1395,1395,42.7956989247312,44.9462365591398
EPI_ISL_242888|Human|H7N9|2016.948|Asia|,2016.948,-379.5,43.5125448028674,1395,1395,41.7204301075269,44.4086021505376
EPI_ISL_242871|Human|H7N9|2016.937|Asia|,2016.937,-368.5,43.584229390681,1395,1395,41.9354838709677,44.4086021505376
EPI_ISL_242870|Human|H7N9|2016.989|Asia|,2016.989,-378.1,43.6559139784946,1395,1395,41.2903225806452,44.8387096774194
EPI_ISL_242897|Human|H7N9|2016.964|Asia|,2016.964,-387.7,44.15770609319,1395,1395,42.3655913978495,45.0537634408602
EPI_ISL_242896|Human|H7N9|2016.964|Asia|,2016.964,-387.7,44.15770609319,1395,1395,42.3655913978495,45.0537634408602
EPI_ISL_242895|Human|H7N9|2016.948|Asia|,2016.948,-384.5,44.0860215053763,1395,1395,42.1505376344086,45.0537634408602
EPI_ISL_242890|Human|H7N9|2016.973|Asia|,2016.973,-368.2,44.4444444444444,1395,1395,42.5806451612903,45.3763440860215
EPI_ISL_242872|Human|H7N9|2016.885|Asia|,2016.885,-386.7,44.0459110473458,1394,1395,41.7204301075269,45.2099031216362
EPI_ISL_242843|Human|H7N9|2017.014|Asia|,2017.014,-365.4,44.3010752688172,1395,1395,42.3655913978495,45.2688172043011
EPI_ISL_242842|Human|H7N9|2017|Asia|,2017,-380,43.9426523297491,1395,1395,41.7204301075269,45.0537634408602
EPI_ISL_242901|Human|H7N9|2016.874|Asia|,2016.874,-386.7,44.0143369175627,1395,1395,41.7204301075269,45.1612903225806
EPI_ISL_242900|Human|H7N9|2016.97|Asia|,2016.97,-377.3,44.15770609319,1395,1395,42.5806451612903,44.9462365591398
EPI_ISL_242899|Human|H7N9|2016.964|Asia|,2016.964,-370.4,44.4444444444444,1395,1395,42.3655913978495,45.4838709677419
EPI_ISL_242898|Human|H7N9|2016.964|Asia|,2016.964,-387.7,44.15770609319,1395,1395,42.3655913978495,45.0537634408602
EPI_ISL_242894|Human|H7N9|2016.964|Asia|,2016.964,-385.5,44.0860215053763,1395,1395,42.1505376344086,45.0537634408602
EPI_ISL_242893|Human|H7N9|2016.954|Asia|,2016.954,-387.7,44.15770609319,1395,1395,42.3655913978495,45.0537634408602
EPI_ISL_242892|Human|H7N9|2016.954|Asia|,2016.954,-387.7,44.15770609319,1395,1395,42.3655913978495,45.0537634408602
EPI_ISL_242891|Human|H7N9|2016.97|Asia|,2016.97,-377.3,44.15770609319,1395,1395,42.5806451612903,44.9462365591398
EPI_ISL_242889|Human|H7N9|2016.962|Asia|,2016.962,-387.7,44.2293906810036,1395,1395,42.3655913978495,45.1612903225806
EPI_ISL_242887|Human|H7N9|2016.956|Asia|,2016.956,-366.8,44.3727598566308,1395,1395,42.5806451612903,45.2688172043011
EPI_ISL_242886|Human|H7N9|2016.964|Asia|,2016.964,-371.2,44.3727598566308,1395,1395,42.5806451612903,45.2688172043011
EPI_ISL_242885|Human|H7N9|2016.964|Asia|,2016.964,-370.4,44.3727598566308,1395,1395,42.3655913978495,45.3763440860215
EPI_ISL_242884|Human|H7N9|2016.956|Asia|,2016.956,-372.9,44.5161290322581,1395,1395,42.7956989247312,45.3763440860215
EPI_ISL_242883|Human|H7N9|2016.899|Asia|,2016.899,-372.4,44.4444444444444,1395,1395,42.7956989247312,45.2688172043011
EPI_ISL_242882|Human|H7N9|2016.918|Asia|,2016.918,-377.2,44.5161290322581,1395,1395,42.7956989247312,45.3763440860215
EPI_ISL_242881|Human|H7N9|2016.929|Asia|,2016.929,-366.8,44.3727598566308,1395,1395,42.5806451612903,45.2688172043011
EPI_ISL_242880|Human|H7N9|2016.94|Asia|,2016.94,-366.8,44.3727598566308,1395,1395,42.5806451612903,45.2688172043011
EPI_ISL_242879|Human|H7N9|2016.945|Asia|,2016.945,-366.8,44.3727598566308,1395,1395,42.5806451612903,45.2688172043011
EPI_ISL_242878|Human|H7N9|2016.948|Asia|,2016.948,-377.2,44.5161290322581,1395,1395,42.7956989247312,45.3763440860215
EPI_ISL_242877|Human|H7N9|2016.967|Asia|,2016.967,-366.8,44.3727598566308,1395,1395,42.5806451612903,45.2688172043011
EPI_ISL_242876|Human|H7N9|2016.956|Asia|,2016.956,-375.3,44.4444444444444,1395,1395,42.5806451612903,45.3763440860215
EPI_ISL_242875|Human|H7N9|2016.872|Asia|,2016.872,-374.4,44.4045911047346,1394,1395,42.4568965517241,45.3763440860215
EPI_ISL_242874|Human|H7N9|2016.937|Asia|,2016.937,-375.3,44.5161290322581,1395,1395,42.7956989247312,45.3763440860215
EPI_ISL_242873|Human|H7N9|2016.817|Asia|,2016.817,-377,44.3727598566308,1395,1395,42.3655913978495,45.3763440860215
EPI_ISL_242869|Human|H7N9|2016.888|Asia|,2016.888,-374.4,44.4444444444444,1395,1395,42.3655913978495,45.4838709677419
EPI_ISL_242868|Human|H7N9|2016.986|Asia|,2016.986,-366.8,44.3727598566308,1395,1395,42.5806451612903,45.2688172043011
EPI_ISL_242846|Human|H7N9|2017.019|Asia|,2017.019,-366.8,44.3727598566308,1395,1395,42.5806451612903,45.2688172043011
EPI_ISL_242845|Human|H7N9|2017.027|Asia|,2017.027,-378,44.3010752688172,1395,1395,42.7956989247312,45.0537634408602
EPI_ISL_242844|Human|H7N9|2017.014|Asia|,2017.014,-376.8,44.1893830703013,1394,1395,42.8879310344828,44.8387096774194
EPI_ISL_248314|Human|H7N9|2016.948|Asia|,2016.948,-377.2,44.5161290322581,1395,1395,42.7956989247312,45.3763440860215
EPI_ISL_248778|Human|H7N9|2017.09|Asia|,2017.09,-376.6,43.5125448028674,1395,1395,40.2150537634409,45.1612903225806
EPI_ISL_248313|Human|H7N9|2016.918|Asia|,2016.918,-377.2,44.5161290322581,1395,1395,42.7956989247312,45.3763440860215
EPI_ISL_249102|Human|H7N9|2017.036|Asia|,2017.036,-368.2,43.7992831541219,1395,1395,42.3655913978495,44.5161290322581
EPI_ISL_249621|Human|H7N9|2016.967|Asia|,2016.967,-375.6,44.5161290322581,1395,1395,42.7956989247312,45.3763440860215
EPI_ISL_249668|Human|H7N9|2016.986|Asia|,2016.986,-371.8,44.3010752688172,1395,1395,42.1505376344086,45.3763440860215
EPI_ISL_249652|Human|H7N9|2016.984|Asia|,2016.984,-382.4,44.7311827956989,1395,1395,43.010752688172,45.5913978494624
EPI_ISL_249638|Human|H7N9|2016.964|Asia|,2016.964,-366.8,44.3727598566308,1395,1395,42.5806451612903,45.2688172043011
EPI_ISL_249600|Human|H7N9|2016.956|Asia|,2016.956,-377.2,44.5161290322581,1395,1395,42.7956989247312,45.3763440860215
EPI_ISL_249309|Human|H7N9|2017.005|Asia|,2017.005,-364.8,44.0143369175627,1395,1395,42.7956989247312,44.6236559139785
EPI_ISL_249308|Human|H7N9|2017.03|Asia|,2017.03,-368.2,43.8709677419355,1395,1395,42.5806451612903,44.5161290322581
EPI_ISL_250425|Human|H7N9|2016.995|Asia|,2016.995,-377.2,43.584229390681,1395,1395,40.8602150537634,44.9462365591398
EPI_ISL_250424|Human|H7N9|2016.997|Asia|,2016.997,-376.4,43.2974910394265,1395,1395,40.6451612903226,44.6236559139785
EPI_ISL_250317|Human|H7N9|2017.107|Asia|,2017.107,-377.5,44.15770609319,1395,1395,42.7956989247312,44.8387096774194
EPI_ISL_250316|Human|H7N9|2017.101|Asia|,2017.101,-377.4,44.0860215053763,1395,1395,42.5806451612903,44.8387096774194
EPI_ISL_250315|Human|H7N9|2017.101|Asia|,2017.101,-366.7,43.8709677419355,1395,1395,41.2903225806452,45.1612903225806
EPI_ISL_250314|Human|H7N9|2017.052|Asia|,2017.052,-364,43.4408602150538,1395,1395,41.0752688172043,44.6236559139785
EPI_ISL_250313|Human|H7N9|2017.041|Asia|,2017.041,-372.6,43.7275985663082,1395,1395,40.8602150537634,45.1612903225806
EPI_ISL_250312|Human|H7N9|2017.085|Asia|,2017.085,-372.9,43.9426523297491,1395,1395,42.3655913978495,44.7311827956989
EPI_ISL_250311|Human|H7N9|2017.008|Asia|,2017.008,-364.8,43.8709677419355,1395,1395,42.3655913978495,44.6236559139785
EPI_ISL_253626|Human|H7N9|2017.175|Asia|,2017.175,-379.5,44.0860215053763,1395,1395,42.5806451612903,44.8387096774194
EPI_ISL_256109|Human|H7N9|2017.008|Asia|,2017.008,-364.8,44.0143369175627,1395,1395,42.7956989247312,44.6236559139785
EPI_ISL_256108|Human|H7N9|2017.008|Asia|,2017.008,-364.8,44.0143369175627,1395,1395,42.7956989247312,44.6236559139785
EPI_ISL_257022|Human|H7N9|2017.036|Asia|,2017.036,-368.2,43.7992831541219,1395,1395,42.3655913978495,44.5161290322581
EPI_ISL_258034|Human|H7N9|2017.09|Asia|,2017.09,-371,44.3328550932568,1394,1395,42.5806451612903,45.2099031216362
EPI_ISL_258006|Human|H7N9|2017.09|Asia|,2017.09,-378.4,44.0459110473458,1394,1395,42.7956989247312,44.6716899892357
EPI_ISL_258005|Human|H7N9|2017.06|Asia|,2017.06,-366.6,44.3727598566308,1395,1395,42.1505376344086,45.4838709677419
EPI_ISL_258004|Human|H7N9|2017.077|Asia|,2017.077,-366.7,44.3010752688172,1395,1395,42.3655913978495,45.2688172043011
EPI_ISL_258002|Human|H7N9|2017.033|Asia|,2017.033,-366.8,44.1893830703013,1394,1395,42.3655913978495,45.1022604951561
EPI_ISL_258001|Human|H7N9|2017.101|Asia|,2017.101,-370.8,44.3010752688172,1395,1395,42.3655913978495,45.2688172043011
EPI_ISL_258000|Human|H7N9|2017.085|Asia|,2017.085,-370.4,44.2611190817791,1394,1395,42.3655913978495,45.2099031216362
EPI_ISL_257999|Human|H7N9|2017.09|Asia|,2017.09,-368,44.5161290322581,1395,1395,43.010752688172,45.2688172043011
EPI_ISL_257998|Human|H7N9|2017.077|Asia|,2017.077,-367.6,44.2293906810036,1395,1395,42.3655913978495,45.1612903225806
EPI_ISL_257997|Human|H7N9|2017.09|Asia|,2017.09,-371.9,44.2293906810036,1395,1395,42.3655913978495,45.1612903225806
EPI_ISL_257996|Human|H7N9|2017.09|Asia|,2017.09,-366.4,44.15770609319,1395,1395,42.3655913978495,45.0537634408602
EPI_ISL_257995|Human|H7N9|2017.101|Asia|,2017.101,-366.8,44.15770609319,1395,1395,42.3655913978495,45.0537634408602
EPI_ISL_257993|Human|H7N9|2017.099|Asia|,2017.099,-366.8,44.15770609319,1395,1395,42.3655913978495,45.0537634408602
EPI_ISL_257992|Human|H7N9|2017.09|Asia|,2017.09,-366.8,44.1893830703013,1394,1395,42.4568965517241,45.0537634408602
EPI_ISL_257991|Human|H7N9|2017.082|Asia|,2017.082,-366.8,44.15770609319,1395,1395,42.3655913978495,45.0537634408602
EPI_ISL_258029|Human|H7N9|2017.096|Asia|,2017.096,-386,44.0143369175627,1395,1395,41.7204301075269,45.1612903225806
EPI_ISL_258028|Human|H7N9|2017.071|Asia|,2017.071,-381.2,44.0143369175627,1395,1395,41.505376344086,45.2688172043011
EPI_ISL_258027|Human|H7N9|2017.052|Asia|,2017.052,-380.3,43.9426523297491,1395,1395,41.505376344086,45.1612903225806
EPI_ISL_258026|Human|H7N9|2017.137|Asia|,2017.137,-382.2,44.0860215053763,1395,1395,42.1505376344086,45.0537634408602
EPI_ISL_258025|Human|H7N9|2017.033|Asia|,2017.033,-385.6,44.2293906810036,1395,1395,42.5806451612903,45.0537634408602
EPI_ISL_258024|Human|H7N9|2017.033|Asia|,2017.033,-385.6,44.2293906810036,1395,1395,42.5806451612903,45.0537634408602
EPI_ISL_258023|Human|H7N9|2017.014|Asia|,2017.014,-384.8,44.1893830703013,1394,1395,42.3655913978495,45.1022604951561
EPI_ISL_258022|Human|H7N9|2016.997|Asia|,2016.997,-381.4,44.1176470588235,1394,1395,42.1505376344086,45.1022604951561
EPI_ISL_258021|Human|H7N9|2017.082|Asia|,2017.082,-385.2,44.0459110473458,1394,1395,42.0258620689655,45.0537634408602
EPI_ISL_258020|Human|H7N9|2017.044|Asia|,2017.044,-385.8,44.2293906810036,1395,1395,42.3655913978495,45.1612903225806
EPI_ISL_258019|Human|H7N9|2017.044|Asia|,2017.044,-385.1,44.2611190817791,1394,1395,42.4568965517241,45.1612903225806
EPI_ISL_258018|Human|H7N9|2017.033|Asia|,2017.033,-387.7,44.3010752688172,1395,1395,42.3655913978495,45.2688172043011
EPI_ISL_258017|Human|H7N9|2017.123|Asia|,2017.123,-383.5,44.0143369175627,1395,1395,41.9354838709677,45.0537634408602
EPI_ISL_258016|Human|H7N9|2017.121|Asia|,2017.121,-382.2,44.0860215053763,1395,1395,42.1505376344086,45.0537634408602
EPI_ISL_258015|Human|H7N9|2017.121|Asia|,2017.121,-382.2,44.0860215053763,1395,1395,42.1505376344086,45.0537634408602
EPI_ISL_258014|Human|H7N9|2017.121|Asia|,2017.121,-378.1,44.0775305096913,1393,1395,42.1505376344086,45.0431034482759
EPI_ISL_258013|Human|H7N9|2017.121|Asia|,2017.121,-382.2,44.0860215053763,1395,1395,42.1505376344086,45.0537634408602
EPI_ISL_258012|Human|H7N9|2017.033|Asia|,2017.033,-380.3,43.9426523297491,1395,1395,41.505376344086,45.1612903225806
EPI_ISL_258011|Human|H7N9|2017.052|Asia|,2017.052,-385.3,44.15770609319,1395,1395,42.3655913978495,45.0537634408602
EPI_ISL_257990|Human|H7N9|2017.137|Asia|,2017.137,-366.8,44.3727598566308,1395,1395,42.5806451612903,45.2688172043011
EPI_ISL_257989|Human|H7N9|2017.137|Asia|,2017.137,-366.8,44.3727598566308,1395,1395,42.5806451612903,45.2688172043011
EPI_ISL_257988|Human|H7N9|2017.137|Asia|,2017.137,-369,44.5161290322581,1395,1395,43.010752688172,45.2688172043011
EPI_ISL_258033|Human|H7N9|2017.126|Asia|,2017.126,-377.5,44.15770609319,1395,1395,42.7956989247312,44.8387096774194
EPI_ISL_257985|Human|H7N9|2017.06|Asia|,2017.06,-378.8,44.15770609319,1395,1395,43.010752688172,44.7311827956989
EPI_ISL_257984|Human|H7N9|2017.09|Asia|,2017.09,-377.3,43.8709677419355,1395,1395,41.505376344086,45.0537634408602
EPI_ISL_257983|Human|H7N9|2017.093|Asia|,2017.093,-377.5,44.15770609319,1395,1395,42.7956989247312,44.8387096774194
EPI_ISL_257982|Human|H7N9|2017.063|Asia|,2017.063,-376,43.8307030129125,1394,1395,41.3793103448276,45.0537634408602
EPI_ISL_257981|Human|H7N9|2017.126|Asia|,2017.126,-377.5,44.15770609319,1395,1395,42.7956989247312,44.8387096774194
EPI_ISL_258036|Human|H7N9|2017.17|Asia|,2017.17,-381.2,43.8709677419355,1395,1395,41.7204301075269,44.9462365591398
EPI_ISL_258035|Human|H7N9|2017.17|Asia|,2017.17,-381.2,44.0143369175627,1395,1395,41.7204301075269,45.1612903225806
EPI_ISL_258032|Human|H7N9|2017.107|Asia|,2017.107,-377.5,44.15770609319,1395,1395,42.7956989247312,44.8387096774194
EPI_ISL_258031|Human|H7N9|2017.14|Asia|,2017.14,-384.8,44.2293906810036,1395,1395,42.5806451612903,45.0537634408602
EPI_ISL_258030|Human|H7N9|2017.14|Asia|,2017.14,-384.8,44.2293906810036,1395,1395,42.5806451612903,45.0537634408602
EPI_ISL_258010|Human|H7N9|2017.071|Asia|,2017.071,-366.8,44.15770609319,1395,1395,42.3655913978495,45.0537634408602
EPI_ISL_258009|Human|H7N9|2017.101|Asia|,2017.101,-369.2,44.0143369175627,1395,1395,41.7204301075269,45.1612903225806
EPI_ISL_258008|Human|H7N9|2017.104|Asia|,2017.104,-384.8,44.2293906810036,1395,1395,42.5806451612903,45.0537634408602
EPI_ISL_258007|Human|H7N9|2017.055|Asia|,2017.055,-366.8,44.3727598566308,1395,1395,42.5806451612903,45.2688172043011
EPI_ISL_258003|Human|H7N9|2017.093|Asia|,2017.093,-382,44.1176470588235,1394,1395,42.2413793103448,45.0537634408602
EPI_ISL_257994|Human|H7N9|2017.036|Asia|,2017.036,-373.8,44.0860215053763,1395,1395,42.7956989247312,44.7311827956989
EPI_ISL_257987|Human|H7N9|2017.134|Asia|,2017.134,-373.3,44.5161290322581,1395,1395,43.010752688172,45.2688172043011
EPI_ISL_257986|Human|H7N9|2017.134|Asia|,2017.134,-373.04,44.5878136200717,1395,1395,43.010752688172,45.3763440860215
EPI_ISL_258409|Human|H7N9|2017.132|Asia|,2017.132,-367.7,44.0143369175627,1395,1395,43.2258064516129,44.4086021505376
EPI_ISL_259269|Human|H7N9|2017.011|Asia|,2017.011,-366.7,43.8709677419355,1395,1395,41.2903225806452,45.1612903225806
EPI_ISL_259757|Human|H7N9|2017.192|Asia|,2017.192,-373.2,43.7992831541219,1395,1395,42.5806451612903,44.4086021505376
EPI_ISL_261072|Human|H7N9|2017.107|Asia|,2017.107,-373.8,44.0860215053763,1395,1395,42.7956989247312,44.7311827956989
EPI_ISL_263365|Human|H7N9|2017.008|Asia|,2017.008,-366.3,43.9426523297491,1395,1395,42.5806451612903,44.6236559139785
EPI_ISL_266936|Human|H7N9|2017.318|Asia|,2017.318,-367.4,44.0143369175627,1395,1395,43.2258064516129,44.4086021505376
EPI_ISL_266935|Human|H7N9|2017.318|Asia|,2017.318,-367.4,44.0143369175627,1395,1395,43.2258064516129,44.4086021505376
EPI_ISL_267764|Human|H7N9|2017.192|Asia|,2017.192,-375.5,44.0459110473458,1394,1395,43.010752688172,44.5640473627557
EPI_ISL_267763|Human|H7N9|2017.189|Asia|,2017.189,-370.9,43.9426523297491,1395,1395,42.5806451612903,44.6236559139785
EPI_ISL_267762|Human|H7N9|2017.175|Asia|,2017.175,-370.5,44.15770609319,1395,1395,43.010752688172,44.7311827956989
EPI_ISL_267761|Human|H7N9|2017.123|Asia|,2017.123,-368.6,44.3727598566308,1395,1395,42.5806451612903,45.2688172043011
EPI_ISL_267760|Human|H7N9|2017.107|Asia|,2017.107,-373.6,44.0860215053763,1395,1395,42.7956989247312,44.7311827956989
EPI_ISL_267759|Human|H7N9|2017.142|Asia|,2017.142,-365.1,44.0373563218391,1392,1395,43.3189655172414,44.3965517241379
EPI_ISL_267758|Human|H7N9|2017.06|Asia|,2017.06,-364.8,44.0143369175627,1395,1395,42.7956989247312,44.6236559139785
EPI_ISL_268509|Human|H7N9|2017.208|Asia|,2017.208,-374.5,44.15770609319,1395,1395,43.4408602150538,44.5161290322581
EPI_ISL_268508|Human|H7N9|2017.208|Asia|,2017.208,-370.8,44.3010752688172,1395,1395,42.3655913978495,45.2688172043011
EPI_ISL_268507|Human|H7N9|2017.203|Asia|,2017.203,-367.2,43.9426523297491,1395,1395,43.2258064516129,44.3010752688172
EPI_ISL_268506|Human|H7N9|2017.197|Asia|,2017.197,-372.8,44.15770609319,1395,1395,43.2258064516129,44.6236559139785
EPI_ISL_268505|Human|H7N9|2017.192|Asia|,2017.192,-368.8,44.0143369175627,1395,1395,43.2258064516129,44.4086021505376
EPI_ISL_268504|Human|H7N9|2017.17|Asia|,2017.17,-372.9,44.0143369175627,1395,1395,43.010752688172,44.5161290322581
EPI_ISL_268503|Human|H7N9|2017.167|Asia|,2017.167,-365.3,44.0143369175627,1395,1395,43.010752688172,44.5161290322581
EPI_ISL_268502|Human|H7N9|2017.156|Asia|,2017.156,-374.5,44.15770609319,1395,1395,43.6559139784946,44.4086021505376
EPI_ISL_268501|Human|H7N9|2017.156|Asia|,2017.156,-371.9,44.0143369175627,1395,1395,43.010752688172,44.5161290322581
EPI_ISL_268500|Human|H7N9|2017.159|Asia|,2017.159,-371.9,44.0860215053763,1395,1395,43.2258064516129,44.5161290322581
EPI_ISL_268499|Human|H7N9|2017.132|Asia|,2017.132,-367.7,44.0143369175627,1395,1395,43.2258064516129,44.4086021505376
EPI_ISL_268498|Human|H7N9|2017.145|Asia|,2017.145,-371.9,44.0860215053763,1395,1395,43.2258064516129,44.5161290322581
EPI_ISL_268526|Human|H7N9|2017.17|Asia|,2017.17,-372.9,44.0143369175627,1395,1395,43.010752688172,44.5161290322581
EPI_ISL_268525|Human|H7N9|2017.167|Asia|,2017.167,-380.5,43.7275985663082,1395,1395,41.505376344086,44.8387096774194
EPI_ISL_268524|Human|H7N9|2017.156|Asia|,2017.156,-369.5,44.0459110473458,1394,1395,43.010752688172,44.5640473627557
EPI_ISL_268523|Human|H7N9|2017.159|Asia|,2017.159,-371.9,44.0860215053763,1395,1395,43.2258064516129,44.5161290322581
EPI_ISL_268512|Human|H7N9|2017.142|Asia|,2017.142,-371.9,44.0860215053763,1395,1395,43.2258064516129,44.5161290322581
EPI_ISL_269518|Human|H7N9|2017.34|Asia|,2017.34,-369,44.0143369175627,1395,1395,43.010752688172,44.5161290322581
EPI_ISL_269517|Human|H7N9|2017.274|Asia|,2017.274,-370.8,44.3010752688172,1395,1395,42.3655913978495,45.2688172043011
EPI_ISL_269516|Human|H7N9|2017.362|Asia|,2017.362,-371.9,44.0143369175627,1395,1395,43.2258064516129,44.4086021505376
EPI_ISL_269513|Human|H7N9|2017.159|Asia|,2017.159,-370.9,44.0143369175627,1395,1395,42.5806451612903,44.7311827956989
EPI_ISL_269512|Human|H7N9|2017.175|Asia|,2017.175,-374.6,44.0860215053763,1395,1395,43.4408602150538,44.4086021505376
EPI_ISL_269511|Human|H7N9|2017.112|Asia|,2017.112,-370.6,43.9024390243902,1394,1395,42.2413793103448,44.7311827956989
EPI_ISL_273350|Human|H7N9|2017.093|Asia|,2017.093,-385.1,43.7903804737976,1393,1395,41.505376344086,44.9353448275862
EPI_ISL_276787|Human|H7N9|2017.367|Asia|,2017.367,-377.5,44.15770609319,1395,1395,42.7956989247312,44.8387096774194
EPI_ISL_276782|Human|H7N9|2017.367|Asia|,2017.367,-377.5,44.15770609319,1395,1395,42.7956989247312,44.8387096774194
EPI_ISL_276781|Human|H7N9|2017.367|Asia|,2017.367,-377.5,44.15770609319,1395,1395,42.7956989247312,44.8387096774194
EPI_ISL_280902|Human|H7N9|2017.005|Asia|,2017.005,-364.2,43.9426523297491,1395,1395,42.5806451612903,44.6236559139785
EPI_ISL_280901|Human|H7N9|2017.005|Asia|,2017.005,-364.2,43.9426523297491,1395,1395,42.5806451612903,44.6236559139785
EPI_ISL_280900|Human|H7N9|2017.09|Asia|,2017.09,-376.6,43.5125448028674,1395,1395,40.2150537634409,45.1612903225806
EPI_ISL_280894|Human|H7N9|2017.09|Asia|,2017.09,-376.6,43.5125448028674,1395,1395,40.2150537634409,45.1612903225806
EPI_ISL_282151|Human|H7N9|2017.101|Asia|,2017.101,-365.4,44.3010752688172,1395,1395,42.3655913978495,45.2688172043011
EPI_ISL_282150|Human|H7N9|2017.082|Asia|,2017.082,-365.5,44.3328550932568,1394,1395,42.5806451612903,45.2099031216362
EPI_ISL_282158|Human|H7N9|2017.093|Asia|,2017.093,-365.3,44.4444444444444,1395,1395,42.7956989247312,45.2688172043011
EPI_ISL_282157|Human|H7N9|2017.068|Asia|,2017.068,-366.8,44.3727598566308,1395,1395,42.5806451612903,45.2688172043011
EPI_ISL_282156|Human|H7N9|2017.099|Asia|,2017.099,-368.2,44.3010752688172,1395,1395,42.5806451612903,45.1612903225806
EPI_ISL_282155|Human|H7N9|2017.099|Asia|,2017.099,-366.3,44.3727598566308,1395,1395,42.5806451612903,45.2688172043011
EPI_ISL_282154|Human|H7N9|2017.093|Asia|,2017.093,-368.3,44.4444444444444,1395,1395,42.7956989247312,45.2688172043011
EPI_ISL_282153|Human|H7N9|2017.093|Asia|,2017.093,-367.8,44.4444444444444,1395,1395,42.7956989247312,45.2688172043011
EPI_ISL_282152|Human|H7N9|2017.09|Asia|,2017.09,-366.7,44.2293906810036,1395,1395,42.3655913978495,45.1612903225806
EPI_ISL_282170|Human|H7N9|2017.063|Asia|,2017.063,-366.8,44.3727598566308,1395,1395,42.5806451612903,45.2688172043011
EPI_ISL_282169|Human|H7N9|2016.197|Asia|,2016.197,-380.6,43.7992831541219,1395,1395,41.2903225806452,45.0537634408602
EPI_ISL_285024|Human|H7N9|2017.219|Asia|,2017.219,-381.5,44.15770609319,1395,1395,42.3655913978495,45.0537634408602
EPI_ISL_285023|Human|H7N9|2017.195|Asia|,2017.195,-366.3,44.3010752688172,1395,1395,42.3655913978495,45.2688172043011
EPI_ISL_285022|Human|H7N9|2017.427|Asia|,2017.427,-373.1,44.5878136200717,1395,1395,43.010752688172,45.3763440860215
EPI_ISL_285021|Human|H7N9|2017.367|Asia|,2017.367,-385.4,44.2293906810036,1395,1395,42.3655913978495,45.1612903225806
EPI_ISL_285020|Human|H7N9|2017.419|Asia|,2017.419,-380.4,44.15770609319,1395,1395,42.3655913978495,45.0537634408602
EPI_ISL_285019|Human|H7N9|2017.312|Asia|,2017.312,-388.8,44.2293906810036,1395,1395,42.5806451612903,45.0537634408602
EPI_ISL_285018|Human|H7N9|2017.17|Asia|,2017.17,-366.3,44.3010752688172,1395,1395,42.3655913978495,45.2688172043011
EPI_ISL_285017|Human|H7N9|2017.329|Asia|,2017.329,-388.8,44.2293906810036,1395,1395,42.5806451612903,45.0537634408602
EPI_ISL_284992|Human|H7N9|2016.437|Asia|,2016.437,-380.8,43.9426523297491,1395,1395,41.505376344086,45.1612903225806
EPI_ISL_284990|Human|H7N9|2017.044|Asia|,2017.044,-385.7,44.15770609319,1395,1395,41.9354838709677,45.2688172043011
EPI_ISL_284989|Human|H7N9|2017.025|Asia|,2017.025,-385.7,44.15770609319,1395,1395,41.9354838709677,45.2688172043011
EPI_ISL_284988|Human|H7N9|2017.397|Asia|,2017.397,-363.3,44.3328550932568,1394,1395,42.5806451612903,45.2099031216362
EPI_ISL_284987|Human|H7N9|2017.411|Asia|,2017.411,-381.6,43.8709677419355,1395,1395,41.505376344086,45.0537634408602
EPI_ISL_284986|Human|H7N9|2017.164|Asia|,2017.164,-387.2,44.2293906810036,1395,1395,42.5806451612903,45.0537634408602
EPI_ISL_284985|Human|H7N9|2017.159|Asia|,2017.159,-387.2,44.2293906810036,1395,1395,42.5806451612903,45.0537634408602
EPI_ISL_284984|Human|H7N9|2017.159|Asia|,2017.159,-379.6,43.974175035868,1394,1395,41.9354838709677,44.994617868676
EPI_ISL_284983|Human|H7N9|2016.175|Asia|,2016.175,-371.4,43.687230989957,1394,1395,41.7204301075269,44.6716899892357
EPI_ISL_284981|Human|H7N9|2016.23|Asia|,2016.23,-388.2,44.0143369175627,1395,1395,41.7204301075269,45.1612903225806
EPI_ISL_284979|Human|H7N9|2017.137|Asia|,2017.137,-380.3,43.9426523297491,1395,1395,41.505376344086,45.1612903225806
EPI_ISL_284978|Human|H7N9|2017.036|Asia|,2017.036,-380.3,43.9426523297491,1395,1395,41.505376344086,45.1612903225806
EPI_ISL_285016|Human|H7N9|2016.566|Asia|,2016.566,-374.7,43.8709677419355,1395,1395,41.7204301075269,44.9462365591398
EPI_ISL_285015|Human|H7N9|2016.454|Asia|,2016.454,-380.4,43.8709677419355,1395,1395,41.2903225806452,45.1612903225806
EPI_ISL_285014|Human|H7N9|2016.399|Asia|,2016.399,-380.8,43.9426523297491,1395,1395,41.505376344086,45.1612903225806
EPI_ISL_285013|Human|H7N9|2017.455|Asia|,2017.455,-370.5,44.4444444444444,1395,1395,42.7956989247312,45.2688172043011
EPI_ISL_285012|Human|H7N9|2017.353|Asia|,2017.353,-366.8,44.3727598566308,1395,1395,42.5806451612903,45.2688172043011
EPI_ISL_285011|Human|H7N9|2017.43|Asia|,2017.43,-362.4,44.0860215053763,1395,1395,42.3655913978495,44.9462365591398
EPI_ISL_285010|Human|H7N9|2017.43|Asia|,2017.43,-363.3,44.3010752688172,1395,1395,42.5806451612903,45.1612903225806
EPI_ISL_285009|Human|H7N9|2017.425|Asia|,2017.425,-368.4,44.5878136200717,1395,1395,43.2258064516129,45.2688172043011
EPI_ISL_285008|Human|H7N9|2017.403|Asia|,2017.403,-381.3,43.9426523297491,1395,1395,41.7204301075269,45.0537634408602
EPI_ISL_285007|Human|H7N9|2017.403|Asia|,2017.403,-381.3,43.9426523297491,1395,1395,41.7204301075269,45.0537634408602
EPI_ISL_285006|Human|H7N9|2017.375|Asia|,2017.375,-366.8,44.15770609319,1395,1395,42.3655913978495,45.0537634408602
EPI_ISL_285005|Human|H7N9|2017.351|Asia|,2017.351,-366.8,44.15770609319,1395,1395,42.3655913978495,45.0537634408602
EPI_ISL_285004|Human|H7N9|2017.34|Asia|,2017.34,-362.8,44.0860215053763,1395,1395,42.3655913978495,44.9462365591398
EPI_ISL_285003|Human|H7N9|2017.307|Asia|,2017.307,-366.8,44.0860215053763,1395,1395,42.1505376344086,45.0537634408602
EPI_ISL_285002|Human|H7N9|2017.307|Asia|,2017.307,-366.8,44.15770609319,1395,1395,42.3655913978495,45.0537634408602
EPI_ISL_285001|Human|H7N9|2017.29|Asia|,2017.29,-366.8,44.3727598566308,1395,1395,42.5806451612903,45.2688172043011
EPI_ISL_285000|Human|H7N9|2017.296|Asia|,2017.296,-366.8,44.0143369175627,1395,1395,42.1505376344086,44.9462365591398
EPI_ISL_284999|Human|H7N9|2017.279|Asia|,2017.279,-365,44.2611190817791,1394,1395,42.3655913978495,45.2099031216362
EPI_ISL_284998|Human|H7N9|2017.282|Asia|,2017.282,-366.8,44.3727598566308,1395,1395,42.5806451612903,45.2688172043011
EPI_ISL_284997|Human|H7N9|2017.285|Asia|,2017.285,-366.8,44.3727598566308,1395,1395,42.5806451612903,45.2688172043011
EPI_ISL_284996|Human|H7N9|2017.26|Asia|,2017.26,-365.3,44.1893830703013,1394,1395,42.3655913978495,45.1022604951561
EPI_ISL_284995|Human|H7N9|2017.258|Asia|,2017.258,-374.3,44.3727598566308,1395,1395,41.9354838709677,45.5913978494624
EPI_ISL_284994|Human|H7N9|2017.244|Asia|,2017.244,-381.2,44.0143369175627,1395,1395,41.7204301075269,45.1612903225806
EPI_ISL_284993|Human|H7N9|2017.121|Asia|,2017.121,-374.1,44.3010752688172,1395,1395,41.9354838709677,45.4838709677419
EPI_ISL_285136|Human|H7N9|2017.049|Asia|,2017.049,-375.3,43.7992831541219,1395,1395,40.8602150537634,45.2688172043011
EPI_ISL_285135|Human|H7N9|2017.033|Asia|,2017.033,-373.1,43.6559139784946,1395,1395,40.6451612903226,45.1612903225806
EPI_ISL_285134|Human|H7N9|2017.162|Asia|,2017.162,-375.1,43.2974910394265,1395,1395,41.0752688172043,44.4086021505376
EPI_ISL_285133|Human|H7N9|2017.151|Asia|,2017.151,-365.3,43.4408602150538,1395,1395,41.7204301075269,44.3010752688172
EPI_ISL_285132|Human|H7N9|2017.107|Asia|,2017.107,-363.7,43.4408602150538,1395,1395,41.505376344086,44.4086021505376
EPI_ISL_285131|Human|H7N9|2017.101|Asia|,2017.101,-369.6,43.6559139784946,1395,1395,41.2903225806452,44.8387096774194
EPI_ISL_285130|Human|H7N9|2016.995|Asia|,2016.995,-375.6,43.5125448028674,1395,1395,41.505376344086,44.5161290322581
EPI_ISL_285129|Human|H7N9|2017.101|Asia|,2017.101,-385.9,43.8709677419355,1395,1395,41.2903225806452,45.1612903225806
EPI_ISL_285128|Human|H7N9|2017.06|Asia|,2017.06,-380.3,43.974175035868,1394,1395,42.3655913978495,44.7793326157158
EPI_ISL_285127|Human|H7N9|2017.058|Asia|,2017.058,-375.3,43.9426523297491,1395,1395,41.505376344086,45.1612903225806
EPI_ISL_285126|Human|H7N9|2017.03|Asia|,2017.03,-375.1,43.2974910394265,1395,1395,41.0752688172043,44.4086021505376
EPI_ISL_285125|Human|H7N9|2017.041|Asia|,2017.041,-380.7,43.7992831541219,1395,1395,41.0752688172043,45.1612903225806
EPI_ISL_285124|Human|H7N9|2017.014|Asia|,2017.014,-378.9,43.7992831541219,1395,1395,42.1505376344086,44.6236559139785
EPI_ISL_285123|Human|H7N9|2016.989|Asia|,2016.989,-374.1,43.584229390681,1395,1395,41.7204301075269,44.5161290322581
EPI_ISL_285122|Human|H7N9|2016.995|Asia|,2016.995,-383.5,43.8307030129125,1394,1395,41.2903225806452,45.1022604951561
EPI_ISL_285121|Human|H7N9|2016.995|Asia|,2016.995,-378.2,43.584229390681,1395,1395,41.2903225806452,44.7311827956989
EPI_ISL_285180|Human|H7N9|2016.199|Asia|,2016.199,-380.6,43.7992831541219,1395,1395,41.2903225806452,45.0537634408602
EPI_ISL_285115|Human|H7N9|2017.055|Asia|,2017.055,-372.7,44.5161290322581,1395,1395,43.010752688172,45.2688172043011
EPI_ISL_285114|Human|H7N9|2016.495|Asia|,2016.495,-376.1,43.6559139784946,1395,1395,40.8602150537634,45.0537634408602
EPI_ISL_285112|Human|H7N9|2016.202|Asia|,2016.202,-380.9,44.0143369175627,1395,1395,41.7204301075269,45.1612903225806
EPI_ISL_285111|Human|H7N9|2017.356|Asia|,2017.356,-385.6,44.15770609319,1395,1395,41.9354838709677,45.2688172043011
EPI_ISL_285109|Human|H7N9|2017.096|Asia|,2017.096,-377.5,44.15770609319,1395,1395,42.7956989247312,44.8387096774194
EPI_ISL_285107|Human|H7N9|2016.986|Asia|,2016.986,-381.5,43.9426523297491,1395,1395,41.505376344086,45.1612903225806
EPI_ISL_285140|Human|H7N9|2017.197|Asia|,2017.197,-366.3,44.3010752688172,1395,1395,42.5806451612903,45.1612903225806
EPI_ISL_285139|Human|H7N9|2017.192|Asia|,2017.192,-366.3,44.3010752688172,1395,1395,42.3655913978495,45.2688172043011
EPI_ISL_285138|Human|H7N9|2017.192|Asia|,2017.192,-366.3,44.3010752688172,1395,1395,42.3655913978495,45.2688172043011
EPI_ISL_285137|Human|H7N9|2017.175|Asia|,2017.175,-380.5,43.7275985663082,1395,1395,41.505376344086,44.8387096774194
EPI_ISL_285189|Human|H7N9|2017.022|Asia|,2017.022,-374.1,44.3010752688172,1395,1395,41.9354838709677,45.4838709677419
EPI_ISL_285188|Human|H7N9|2017.041|Asia|,2017.041,-374.1,44.3010752688172,1395,1395,41.9354838709677,45.4838709677419
EPI_ISL_285187|Human|H7N9|2017.038|Asia|,2017.038,-368.3,44.4444444444444,1395,1395,42.7956989247312,45.2688172043011
EPI_ISL_285186|Human|H7N9|2017.033|Asia|,2017.033,-382.2,44.5161290322581,1395,1395,43.2258064516129,45.1612903225806
EPI_ISL_285185|Human|H7N9|2017.033|Asia|,2017.033,-382.2,44.5161290322581,1395,1395,43.2258064516129,45.1612903225806
EPI_ISL_285179|Human|H7N9|2017.427|Asia|,2017.427,-381.5,43.9426523297491,1395,1395,41.7204301075269,45.0537634408602
EPI_ISL_285178|Human|H7N9|2017.425|Asia|,2017.425,-373.2,44.3727598566308,1395,1395,42.3655913978495,45.3763440860215
EPI_ISL_285177|Human|H7N9|2017.353|Asia|,2017.353,-369.2,44.2293906810036,1395,1395,42.1505376344086,45.2688172043011
EPI_ISL_285176|Human|H7N9|2017.332|Asia|,2017.332,-366.1,44.3727598566308,1395,1395,42.5806451612903,45.2688172043011
EPI_ISL_285175|Human|H7N9|2017.274|Asia|,2017.274,-366.3,44.3010752688172,1395,1395,42.3655913978495,45.2688172043011
EPI_ISL_285174|Human|H7N9|2017.266|Asia|,2017.266,-366.3,44.3010752688172,1395,1395,42.3655913978495,45.2688172043011
EPI_ISL_285173|Human|H7N9|2017.208|Asia|,2017.208,-382.9,44.15770609319,1395,1395,42.3655913978495,45.0537634408602
EPI_ISL_285172|Human|H7N9|2017.186|Asia|,2017.186,-366.3,44.3010752688172,1395,1395,42.3655913978495,45.2688172043011
EPI_ISL_285171|Human|H7N9|2017.195|Asia|,2017.195,-389.7,44.3010752688172,1395,1395,42.3655913978495,45.2688172043011
EPI_ISL_285170|Human|H7N9|2017.178|Asia|,2017.178,-383.8,44.1893830703013,1394,1395,42.1505376344086,45.2099031216362
EPI_ISL_285169|Human|H7N9|2017.162|Asia|,2017.162,-381.2,44.0143369175627,1395,1395,41.7204301075269,45.1612903225806
EPI_ISL_285168|Human|H7N9|2016.571|Asia|,2016.571,-374.7,43.8709677419355,1395,1395,41.7204301075269,44.9462365591398
EPI_ISL_285167|Human|H7N9|2016.568|Asia|,2016.568,-374.7,43.8709677419355,1395,1395,41.7204301075269,44.9462365591398
EPI_ISL_285166|Human|H7N9|2016.372|Asia|,2016.372,-385.4,44.0143369175627,1395,1395,41.505376344086,45.2688172043011
EPI_ISL_285165|Human|H7N9|2017.4|Asia|,2017.4,-363.3,44.3010752688172,1395,1395,42.5806451612903,45.1612903225806
EPI_ISL_285164|Human|H7N9|2017.392|Asia|,2017.392,-371.9,44.4763271162123,1394,1395,42.7956989247312,45.3175457481163
EPI_ISL_285163|Human|H7N9|2017.367|Asia|,2017.367,-366.8,44.3727598566308,1395,1395,42.5806451612903,45.2688172043011
EPI_ISL_285162|Human|H7N9|2017.348|Asia|,2017.348,-367.2,44.4444444444444,1395,1395,42.7956989247312,45.2688172043011
EPI_ISL_285161|Human|H7N9|2017.345|Asia|,2017.345,-366.8,44.3727598566308,1395,1395,42.5806451612903,45.2688172043011
EPI_ISL_285160|Human|H7N9|2017.342|Asia|,2017.342,-366.8,44.3727598566308,1395,1395,42.5806451612903,45.2688172043011
EPI_ISL_285159|Human|H7N9|2017.337|Asia|,2017.337,-366.8,44.3727598566308,1395,1395,42.5806451612903,45.2688172043011
EPI_ISL_285158|Human|H7N9|2017.34|Asia|,2017.34,-366.8,44.3010752688172,1395,1395,42.3655913978495,45.2688172043011
EPI_ISL_285157|Human|H7N9|2017.323|Asia|,2017.323,-366.8,44.15770609319,1395,1395,42.3655913978495,45.0537634408602
EPI_ISL_285156|Human|H7N9|2017.326|Asia|,2017.326,-366.8,44.3727598566308,1395,1395,42.5806451612903,45.2688172043011
EPI_ISL_285155|Human|H7N9|2017.323|Asia|,2017.323,-366.8,44.15770609319,1395,1395,42.1505376344086,45.1612903225806
EPI_ISL_285154|Human|H7N9|2017.318|Asia|,2017.318,-366.8,44.15770609319,1395,1395,42.3655913978495,45.0537634408602
EPI_ISL_285153|Human|H7N9|2017.304|Asia|,2017.304,-366.8,44.15770609319,1395,1395,42.3655913978495,45.0537634408602
EPI_ISL_285152|Human|H7N9|2017.279|Asia|,2017.279,-382.9,44.15770609319,1395,1395,42.3655913978495,45.0537634408602
EPI_ISL_285151|Human|H7N9|2017.282|Asia|,2017.282,-366.3,44.3010752688172,1395,1395,42.3655913978495,45.2688172043011
EPI_ISL_285150|Human|H7N9|2017.285|Asia|,2017.285,-366.8,44.15770609319,1395,1395,42.3655913978495,45.0537634408602
EPI_ISL_285149|Human|H7N9|2017.162|Asia|,2017.162,-366.3,44.3010752688172,1395,1395,42.3655913978495,45.2688172043011
EPI_ISL_285148|Human|H7N9|2017.142|Asia|,2017.142,-372.3,43.974175035868,1394,1395,42.8879310344828,44.5161290322581
EPI_ISL_285147|Human|H7N9|2017.186|Asia|,2017.186,-365.3,44.4444444444444,1395,1395,42.7956989247312,45.2688172043011
EPI_ISL_285146|Human|H7N9|2017.216|Asia|,2017.216,-363.7,44.2611190817791,1394,1395,42.5806451612903,45.1022604951561
EPI_ISL_285145|Human|H7N9|2017.227|Asia|,2017.227,-363.7,44.3010752688172,1395,1395,42.5806451612903,45.1612903225806
EPI_ISL_285144|Human|H7N9|2017.227|Asia|,2017.227,-363.7,44.3010752688172,1395,1395,42.5806451612903,45.1612903225806
EPI_ISL_285143|Human|H7N9|2017.178|Asia|,2017.178,-366.3,44.3328550932568,1394,1395,42.4568965517241,45.2688172043011
EPI_ISL_285142|Human|H7N9|2017.016|Asia|,2017.016,-379.7,43.9426523297491,1395,1395,42.5806451612903,44.6236559139785
EPI_ISL_285141|Human|H7N9|2017.025|Asia|,2017.025,-379.7,43.9426523297491,1395,1395,42.5806451612903,44.6236559139785
EPI_ISL_285117|Human|H7N9|2017.301|Asia|,2017.301,-365.9,44.0860215053763,1395,1395,42.3655913978495,44.9462365591398
EPI_ISL_285116|Human|H7N9|2017.252|Asia|,2017.252,-366.3,44.3010752688172,1395,1395,42.3655913978495,45.2688172043011
EPI_ISL_285376|Human|H7N9|2016.992|Asia|,2016.992,-366.7,44.1893830703013,1394,1395,42.3655913978495,45.1022604951561
EPI_ISL_285230|Human|H7N9|2016.992|Asia|,2016.992,-366.8,44.3328550932568,1394,1395,42.4568965517241,45.2688172043011
EPI_ISL_285229|Human|H7N9|2016.978|Asia|,2016.978,-365.2,44.2293906810036,1395,1395,42.3655913978495,45.1612903225806
EPI_ISL_285228|Human|H7N9|2016.954|Asia|,2016.954,-374.2,43.8709677419355,1395,1395,41.505376344086,45.0537634408602
EPI_ISL_285227|Human|H7N9|2016.956|Asia|,2016.956,-372.4,44.4444444444444,1395,1395,42.5806451612903,45.3763440860215
EPI_ISL_285225|Human|H7N9|2017.11|Asia|,2017.11,-375.6,44.5800430725054,1393,1395,42.8879310344828,45.4251883745963
EPI_ISL_285224|Human|H7N9|2017.047|Asia|,2017.047,-366.8,44.3010752688172,1395,1395,42.3655913978495,45.2688172043011
EPI_ISL_285223|Human|H7N9|2017.26|Asia|,2017.26,-366.8,44.4444444444444,1395,1395,42.7956989247312,45.2688172043011
EPI_ISL_285222|Human|H7N9|2017.082|Asia|,2017.082,-366.7,44.3010752688172,1395,1395,42.7956989247312,45.0537634408602
EPI_ISL_285221|Human|H7N9|2017.219|Asia|,2017.219,-366.8,44.3727598566308,1395,1395,42.5806451612903,45.2688172043011
EPI_ISL_285220|Human|H7N9|2017.153|Asia|,2017.153,-374.3,44.15770609319,1395,1395,41.9354838709677,45.2688172043011
EPI_ISL_285326|Human|H7N9|2017.011|Asia|,2017.011,-379.3,43.8709677419355,1395,1395,42.3655913978495,44.6236559139785
EPI_ISL_285325|Human|H7N9|2017.063|Asia|,2017.063,-378.2,43.9426523297491,1395,1395,41.9354838709677,44.9462365591398
EPI_ISL_285324|Human|H7N9|2017.093|Asia|,2017.093,-373.1,44.15770609319,1395,1395,42.7956989247312,44.8387096774194
EPI_ISL_285323|Human|H7N9|2017.093|Asia|,2017.093,-373.1,43.7992831541219,1395,1395,42.1505376344086,44.6236559139785
EPI_ISL_285322|Human|H7N9|2017.099|Asia|,2017.099,-374.1,44.4444444444444,1395,1395,43.010752688172,45.1612903225806
EPI_ISL_285321|Human|H7N9|2017.099|Asia|,2017.099,-377.5,44.2293906810036,1395,1395,43.010752688172,44.8387096774194
EPI_ISL_285320|Human|H7N9|2017.099|Asia|,2017.099,-377.5,44.0860215053763,1395,1395,42.7956989247312,44.7311827956989
EPI_ISL_285319|Human|H7N9|2017.041|Asia|,2017.041,-373.8,44.1176470588235,1394,1395,42.7956989247312,44.7793326157158
EPI_ISL_285318|Human|H7N9|2017.019|Asia|,2017.019,-375.8,44.0860215053763,1395,1395,42.7956989247312,44.7311827956989
EPI_ISL_285317|Human|H7N9|2017.033|Asia|,2017.033,-364.8,44.4444444444444,1395,1395,42.7956989247312,45.2688172043011
EPI_ISL_285316|Human|H7N9|2017.033|Asia|,2017.033,-366.6,44.3010752688172,1395,1395,42.5806451612903,45.1612903225806
EPI_ISL_285315|Human|H7N9|2017.047|Asia|,2017.047,-374.7,44.15770609319,1395,1395,42.3655913978495,45.0537634408602
EPI_ISL_285314|Human|H7N9|2017.019|Asia|,2017.019,-377.5,44.15770609319,1395,1395,42.7956989247312,44.8387096774194
EPI_ISL_285313|Human|H7N9|2017.011|Asia|,2017.011,-376.4,44.4444444444444,1395,1395,42.5806451612903,45.3763440860215
EPI_ISL_285312|Human|H7N9|2017.033|Asia|,2017.033,-374.7,43.9426523297491,1395,1395,42.7956989247312,44.5161290322581
EPI_ISL_285311|Human|H7N9|2017.019|Asia|,2017.019,-377.2,44.0860215053763,1395,1395,42.7956989247312,44.7311827956989
EPI_ISL_285310|Human|H7N9|2017.008|Asia|,2017.008,-363.3,44.3010752688172,1395,1395,42.5806451612903,45.1612903225806
EPI_ISL_285309|Human|H7N9|2016.18|Asia|,2016.18,-376.5,43.9426523297491,1395,1395,42.3655913978495,44.7311827956989
EPI_ISL_285308|Human|H7N9|2017.488|Asia|,2017.488,-384.4,43.7992831541219,1395,1395,41.505376344086,44.9462365591398
EPI_ISL_285307|Human|H7N9|2017.479|Asia|,2017.479,-385.6,43.9426523297491,1395,1395,41.9354838709677,44.9462365591398
EPI_ISL_285306|Human|H7N9|2017.447|Asia|,2017.447,-383.6,43.9426523297491,1395,1395,41.9354838709677,44.9462365591398
EPI_ISL_285305|Human|H7N9|2017.101|Asia|,2017.101,-377.5,44.15770609319,1395,1395,42.7956989247312,44.8387096774194
EPI_ISL_285304|Human|H7N9|2016.445|Asia|,2016.445,-382.3,43.8709677419355,1395,1395,41.505376344086,45.0537634408602
EPI_ISL_285303|Human|H7N9|2017.466|Asia|,2017.466,-370.7,44.3727598566308,1395,1395,42.5806451612903,45.2688172043011
EPI_ISL_285302|Human|H7N9|2017.279|Asia|,2017.279,-366.8,44.15770609319,1395,1395,42.3655913978495,45.0537634408602
EPI_ISL_285301|Human|H7N9|2017.279|Asia|,2017.279,-366.8,44.15770609319,1395,1395,42.3655913978495,45.0537634408602
EPI_ISL_285300|Human|H7N9|2017.411|Asia|,2017.411,-381.6,44.0860215053763,1395,1395,42.3655913978495,44.9462365591398
EPI_ISL_285299|Human|H7N9|2017.458|Asia|,2017.458,-380,44.1176470588235,1394,1395,42.2413793103448,45.0537634408602
EPI_ISL_285298|Human|H7N9|2017.455|Asia|,2017.455,-385.4,44.0860215053763,1395,1395,42.1505376344086,45.0537634408602
EPI_ISL_285297|Human|H7N9|2017.386|Asia|,2017.386,-367.2,44.4444444444444,1395,1395,42.7956989247312,45.2688172043011
EPI_ISL_285296|Human|H7N9|2017.392|Asia|,2017.392,-372.3,44.3010752688172,1395,1395,42.7956989247312,45.0537634408602
EPI_ISL_285295|Human|H7N9|2017.367|Asia|,2017.367,-364.4,44.3565780014378,1391,1395,42.5806451612903,45.2483801295896
EPI_ISL_285294|Human|H7N9|2017.378|Asia|,2017.378,-385.4,44.3010752688172,1395,1395,42.5806451612903,45.1612903225806
EPI_ISL_285293|Human|H7N9|2017.345|Asia|,2017.345,-371.5,44.3727598566308,1395,1395,42.7956989247312,45.1612903225806
EPI_ISL_285292|Human|H7N9|2017.342|Asia|,2017.342,-371.5,44.3727598566308,1395,1395,42.7956989247312,45.1612903225806
EPI_ISL_285291|Human|H7N9|2017.337|Asia|,2017.337,-371.5,44.3010752688172,1395,1395,42.5806451612903,45.1612903225806
EPI_ISL_285290|Human|H7N9|2017.326|Asia|,2017.326,-371.5,44.3727598566308,1395,1395,42.5806451612903,45.2688172043011
EPI_ISL_285289|Human|H7N9|2017.304|Asia|,2017.304,-372.6,44.3010752688172,1395,1395,42.5806451612903,45.1612903225806
EPI_ISL_285288|Human|H7N9|2017.263|Asia|,2017.263,-375.1,44.4444444444444,1395,1395,42.7956989247312,45.2688172043011
EPI_ISL_285287|Human|H7N9|2017.296|Asia|,2017.296,-371.5,44.3727598566308,1395,1395,42.5806451612903,45.2688172043011
EPI_ISL_285286|Human|H7N9|2017.329|Asia|,2017.329,-371.5,44.3727598566308,1395,1395,42.5806451612903,45.2688172043011
EPI_ISL_285285|Human|H7N9|2017.326|Asia|,2017.326,-372,44.5161290322581,1395,1395,42.5806451612903,45.4838709677419
EPI_ISL_285284|Human|H7N9|2017.315|Asia|,2017.315,-368.1,44.3010752688172,1395,1395,42.5806451612903,45.1612903225806
EPI_ISL_285283|Human|H7N9|2017.301|Asia|,2017.301,-371.5,44.3727598566308,1395,1395,42.5806451612903,45.2688172043011
EPI_ISL_285282|Human|H7N9|2017.296|Asia|,2017.296,-375,44.3727598566308,1395,1395,42.5806451612903,45.2688172043011
EPI_ISL_285281|Human|H7N9|2017.279|Asia|,2017.279,-372,44.3010752688172,1395,1395,42.5806451612903,45.1612903225806
EPI_ISL_285280|Human|H7N9|2017.318|Asia|,2017.318,-371.5,44.3727598566308,1395,1395,42.5806451612903,45.2688172043011
EPI_ISL_285279|Human|H7N9|2017.263|Asia|,2017.263,-373.3,44.5161290322581,1395,1395,43.010752688172,45.2688172043011
EPI_ISL_285278|Human|H7N9|2017.175|Asia|,2017.175,-373.3,44.5161290322581,1395,1395,43.010752688172,45.2688172043011
EPI_ISL_285277|Human|H7N9|2017.112|Asia|,2017.112,-373.3,44.5161290322581,1395,1395,43.010752688172,45.2688172043011
EPI_ISL_285276|Human|H7N9|2017.107|Asia|,2017.107,-373,44.5161290322581,1395,1395,43.010752688172,45.2688172043011
EPI_ISL_285275|Human|H7N9|2017.101|Asia|,2017.101,-370.6,44.3727598566308,1395,1395,42.7956989247312,45.1612903225806
EPI_ISL_285274|Human|H7N9|2017.066|Asia|,2017.066,-369.5,44.3727598566308,1395,1395,42.7956989247312,45.1612903225806
EPI_ISL_285273|Human|H7N9|2017.09|Asia|,2017.09,-370.7,44.4444444444444,1395,1395,42.7956989247312,45.2688172043011
EPI_ISL_285272|Human|H7N9|2017.063|Asia|,2017.063,-366.8,44.3727598566308,1395,1395,42.5806451612903,45.2688172043011
EPI_ISL_285271|Human|H7N9|2017.364|Asia|,2017.364,-366.8,44.15770609319,1395,1395,42.3655913978495,45.0537634408602
EPI_ISL_285270|Human|H7N9|2017.364|Asia|,2017.364,-368.9,44.15770609319,1395,1395,42.5806451612903,44.9462365591398
EPI_ISL_285269|Human|H7N9|2017.364|Asia|,2017.364,-366.8,44.15770609319,1395,1395,42.3655913978495,45.0537634408602
EPI_ISL_285264|Human|H7N9|2017.016|Asia|,2017.016,-366.8,44.4444444444444,1395,1395,42.5806451612903,45.3763440860215
EPI_ISL_285263|Human|H7N9|2017.148|Asia|,2017.148,-371.4,44.3010752688172,1395,1395,41.9354838709677,45.4838709677419
EPI_ISL_285262|Human|H7N9|2017.427|Asia|,2017.427,-370.3,44.0143369175627,1395,1395,43.010752688172,44.5161290322581
EPI_ISL_285261|Human|H7N9|2017.362|Asia|,2017.362,-390.7,44.3727598566308,1395,1395,42.3655913978495,45.3763440860215
EPI_ISL_285260|Human|H7N9|2017.34|Asia|,2017.34,-390.7,44.3328550932568,1394,1395,42.3655913978495,45.3175457481163
EPI_ISL_285259|Human|H7N9|2017.332|Asia|,2017.332,-367.3,44.3010752688172,1395,1395,42.3655913978495,45.2688172043011
EPI_ISL_285255|Human|H7N9|2016.448|Asia|,2016.448,-382.2,43.9426523297491,1395,1395,41.505376344086,45.1612903225806
EPI_ISL_285254|Human|H7N9|2017.296|Asia|,2017.296,-367.1,44.5161290322581,1395,1395,42.7956989247312,45.3763440860215
EPI_ISL_285253|Human|H7N9|2017.071|Asia|,2017.071,-369.7,44.3727598566308,1395,1395,42.7956989247312,45.1612903225806
EPI_ISL_285252|Human|H7N9|2017.071|Asia|,2017.071,-366.8,44.15770609319,1395,1395,42.3655913978495,45.0537634408602
EPI_ISL_285251|Human|H7N9|2017.071|Asia|,2017.071,-369.7,44.3727598566308,1395,1395,42.7956989247312,45.1612903225806
EPI_ISL_285250|Human|H7N9|2017.299|Asia|,2017.299,-366.8,44.0860215053763,1395,1395,42.1505376344086,45.0537634408602
EPI_ISL_285249|Human|H7N9|2017.093|Asia|,2017.093,-375.5,44.15770609319,1395,1395,42.5806451612903,44.9462365591398
EPI_ISL_285248|Human|H7N9|2017.088|Asia|,2017.088,-376.8,44.5878136200717,1395,1395,43.010752688172,45.3763440860215
EPI_ISL_285247|Human|H7N9|2017.085|Asia|,2017.085,-379.7,44.15770609319,1395,1395,42.3655913978495,45.0537634408602
EPI_ISL_285246|Human|H7N9|2017.071|Asia|,2017.071,-378,44.2293906810036,1395,1395,42.3655913978495,45.1612903225806
EPI_ISL_285245|Human|H7N9|2017.063|Asia|,2017.063,-366.8,44.3727598566308,1395,1395,42.5806451612903,45.2688172043011
EPI_ISL_285244|Human|H7N9|2017.063|Asia|,2017.063,-381,44.2293906810036,1395,1395,43.010752688172,44.8387096774194
EPI_ISL_285243|Human|H7N9|2017.06|Asia|,2017.06,-384.8,44.0860215053763,1395,1395,42.3655913978495,44.9462365591398
EPI_ISL_285242|Human|H7N9|2017.058|Asia|,2017.058,-380.4,44.3010752688172,1395,1395,42.5806451612903,45.1612903225806
EPI_ISL_285241|Human|H7N9|2017.052|Asia|,2017.052,-377.5,44.15770609319,1395,1395,42.7956989247312,44.8387096774194
EPI_ISL_285240|Human|H7N9|2017.049|Asia|,2017.049,-375.7,44.15770609319,1395,1395,42.7956989247312,44.8387096774194
EPI_ISL_285239|Human|H7N9|2017.036|Asia|,2017.036,-384.8,44.1893830703013,1394,1395,42.4568965517241,45.0537634408602
EPI_ISL_285238|Human|H7N9|2017.025|Asia|,2017.025,-377.5,44.15770609319,1395,1395,42.7956989247312,44.8387096774194
EPI_ISL_285237|Human|H7N9|2017.016|Asia|,2017.016,-380.7,44.3010752688172,1395,1395,42.7956989247312,45.0537634408602
EPI_ISL_285236|Human|H7N9|2017.025|Asia|,2017.025,-377.5,44.2293906810036,1395,1395,43.010752688172,44.8387096774194
EPI_ISL_285235|Human|H7N9|2017.025|Asia|,2017.025,-376.8,44.5878136200717,1395,1395,43.010752688172,45.3763440860215
EPI_ISL_285234|Human|H7N9|2017.016|Asia|,2017.016,-376.8,44.5878136200717,1395,1395,43.010752688172,45.3763440860215
EPI_ISL_285233|Human|H7N9|2017.011|Asia|,2017.011,-384.8,44.15770609319,1395,1395,42.3655913978495,45.0537634408602
EPI_ISL_285232|Human|H7N9|2017.014|Asia|,2017.014,-380.3,44.7311827956989,1395,1395,43.010752688172,45.5913978494624
EPI_ISL_285231|Human|H7N9|2017.005|Asia|,2017.005,-384.8,44.15770609319,1395,1395,42.3655913978495,45.0537634408602
EPI_ISL_285219|Human|H7N9|2017.279|Asia|,2017.279,-381.8,44.3010752688172,1395,1395,42.5806451612903,45.1612903225806
EPI_ISL_285218|Human|H7N9|2017.17|Asia|,2017.17,-365.6,44.2293906810036,1395,1395,42.1505376344086,45.2688172043011
EPI_ISL_285217|Human|H7N9|2017.216|Asia|,2017.216,-365.6,44.2293906810036,1395,1395,42.1505376344086,45.2688172043011
EPI_ISL_285216|Human|H7N9|2017.192|Asia|,2017.192,-363.8,44.2293906810036,1395,1395,42.1505376344086,45.2688172043011
EPI_ISL_285215|Human|H7N9|2017.205|Asia|,2017.205,-363.5,44.3328550932568,1394,1395,42.5806451612903,45.2099031216362
EPI_ISL_285214|Human|H7N9|2017.11|Asia|,2017.11,-374.6,44.3010752688172,1395,1395,41.9354838709677,45.4838709677419
EPI_ISL_285213|Human|H7N9|2017.06|Asia|,2017.06,-379.7,43.9426523297491,1395,1395,42.5806451612903,44.6236559139785
EPI_ISL_285211|Human|H7N9|2017.066|Asia|,2017.066,-373.1,44.3727598566308,1395,1395,41.9354838709677,45.5913978494624
EPI_ISL_285208|Human|H7N9|2017.082|Asia|,2017.082,-375.9,44.0860215053763,1395,1395,42.1505376344086,45.0537634408602
EPI_ISL_285205|Human|H7N9|2017.093|Asia|,2017.093,-385.1,43.7903804737976,1393,1395,41.505376344086,44.9353448275862
EPI_ISL_285203|Human|H7N9|2017.099|Asia|,2017.099,-375.9,44.0860215053763,1395,1395,42.1505376344086,45.0537634408602
EPI_ISL_285199|Human|H7N9|2017.047|Asia|,2017.047,-375.1,44.4045911047346,1394,1395,41.9354838709677,45.6404736275565
EPI_ISL_285197|Human|H7N9|2017.058|Asia|,2017.058,-370.8,44.3328550932568,1394,1395,42.3655913978495,45.3175457481163
EPI_ISL_285194|Human|H7N9|2017.047|Asia|,2017.047,-366.8,44.3010752688172,1395,1395,42.3655913978495,45.2688172043011
EPI_ISL_285191|Human|H7N9|2017.041|Asia|,2017.041,-369.2,44.0057430007179,1393,1395,42.6724137931034,44.6716899892357
EPI_ISL_285268|Human|H7N9|2017.126|Asia|,2017.126,-380.2,44.0143369175627,1395,1395,42.7956989247312,44.6236559139785
EPI_ISL_285267|Human|H7N9|2017.003|Asia|,2017.003,-366.8,44.3727598566308,1395,1395,42.5806451612903,45.2688172043011
EPI_ISL_285266|Human|H7N9|2017.063|Asia|,2017.063,-363.3,44.2928930366116,1393,1395,42.5806451612903,45.1508620689655
EPI_ISL_285265|Human|H7N9|2017.014|Asia|,2017.014,-366.8,44.4444444444444,1395,1395,42.5806451612903,45.3763440860215
EPI_ISL_285258|Human|H7N9|2017.34|Asia|,2017.34,-367.5,44.2293906810036,1395,1395,42.1505376344086,45.2688172043011
EPI_ISL_285257|Human|H7N9|2016.323|Asia|,2016.323,-382.2,43.9426523297491,1395,1395,41.505376344086,45.1612903225806
EPI_ISL_285563|Human|H7N9|2017|Asia|,2017,-366.8,44.3727598566308,1395,1395,42.5806451612903,45.2688172043011
EPI_ISL_285562|Human|H7N9|2017.022|Asia|,2017.022,-366.8,44.15770609319,1395,1395,42.3655913978495,45.0537634408602
EPI_ISL_285561|Human|H7N9|2016.948|Asia|,2016.948,-372.1,44.3727598566308,1395,1395,42.5806451612903,45.2688172043011
EPI_ISL_285560|Human|H7N9|2017.014|Asia|,2017.014,-371.5,44.4444444444444,1395,1395,42.3655913978495,45.4838709677419
EPI_ISL_285555|Human|H7N9|2016.989|Asia|,2016.989,-377.2,44.5161290322581,1395,1395,42.7956989247312,45.3763440860215
EPI_ISL_285554|Human|H7N9|2016.984|Asia|,2016.984,-375.4,44.5878136200717,1395,1395,42.7956989247312,45.4838709677419
EPI_ISL_285553|Human|H7N9|2016.986|Asia|,2016.986,-371.8,44.3010752688172,1395,1395,42.1505376344086,45.3763440860215
EPI_ISL_285552|Human|H7N9|2016.984|Asia|,2016.984,-382.4,44.7311827956989,1395,1395,43.010752688172,45.5913978494624
EPI_ISL_285551|Human|H7N9|2016.964|Asia|,2016.964,-366.8,44.3727598566308,1395,1395,42.5806451612903,45.2688172043011
EPI_ISL_285550|Human|H7N9|2016.967|Asia|,2016.967,-375.6,44.5161290322581,1395,1395,42.7956989247312,45.3763440860215
EPI_ISL_285549|Human|H7N9|2016.956|Asia|,2016.956,-377.2,44.5161290322581,1395,1395,42.7956989247312,45.3763440860215
EPI_ISL_285548|Human|H7N9|2017.03|Asia|,2017.03,-368.5,44.3010752688172,1395,1395,42.3655913978495,45.2688172043011
EPI_ISL_285547|Human|H7N9|2017.016|Asia|,2017.016,-366.8,44.15770609319,1395,1395,42.3655913978495,45.0537634408602
EPI_ISL_285414|Human|H7N9|2016.175|Asia|,2016.175,-384.6,43.9426523297491,1395,1395,41.2903225806452,45.2688172043011
EPI_ISL_285410|Human|H7N9|2017.027|Asia|,2017.027,-372.1,44.3727598566308,1395,1395,42.5806451612903,45.2688172043011
EPI_ISL_285407|Human|H7N9|2016.995|Asia|,2016.995,-375.3,44.4444444444444,1395,1395,42.5806451612903,45.3763440860215
EPI_ISL_285406|Human|H7N9|2017.011|Asia|,2017.011,-370.8,44.3328550932568,1394,1395,42.3655913978495,45.3175457481163
EPI_ISL_285405|Human|H7N9|2016.975|Asia|,2016.975,-366.8,44.3727598566308,1395,1395,42.5806451612903,45.2688172043011
EPI_ISL_285404|Human|H7N9|2016.989|Asia|,2016.989,-366.8,44.3727598566308,1395,1395,42.3655913978495,45.3763440860215
EPI_ISL_285403|Human|H7N9|2016.964|Asia|,2016.964,-367.6,44.3727598566308,1395,1395,42.5806451612903,45.2688172043011
EPI_ISL_285402|Human|H7N9|2017.036|Asia|,2017.036,-367,44.3727598566308,1395,1395,42.5806451612903,45.2688172043011
EPI_ISL_285398|Human|H7N9|2016.978|Asia|,2016.978,-367.6,44.4444444444444,1395,1395,42.7956989247312,45.2688172043011
EPI_ISL_285394|Human|H7N9|2017.022|Asia|,2017.022,-366.8,44.3727598566308,1395,1395,42.5806451612903,45.2688172043011
EPI_ISL_285390|Human|H7N9|2017.014|Asia|,2017.014,-367.4,44.3010752688172,1395,1395,42.5806451612903,45.1612903225806
EPI_ISL_285386|Human|H7N9|2017.014|Asia|,2017.014,-365.4,44.3010752688172,1395,1395,42.3655913978495,45.2688172043011
EPI_ISL_285384|Human|H7N9|2017.008|Asia|,2017.008,-366.8,44.15770609319,1395,1395,42.3655913978495,45.0537634408602
EPI_ISL_285383|Human|H7N9|2017.008|Asia|,2017.008,-377.2,44.5161290322581,1395,1395,42.7956989247312,45.3763440860215
EPI_ISL_285382|Human|H7N9|2017.005|Asia|,2017.005,-376.8,44.5878136200717,1395,1395,43.010752688172,45.3763440860215
EPI_ISL_285379|Human|H7N9|2016.997|Asia|,2016.997,-366.8,44.15770609319,1395,1395,42.3655913978495,45.0537634408602
EPI_ISL_285378|Human|H7N9|2016.997|Asia|,2016.997,-372.2,44.2293906810036,1395,1395,41.9354838709677,45.3763440860215
EPI_ISL_285377|Human|H7N9|2016.995|Asia|,2016.995,-371.9,44.4444444444444,1395,1395,42.3655913978495,45.4838709677419
EPI_ISL_285591|Human|H7N9|2017.093|Asia|,2017.093,-365.3,44.4444444444444,1395,1395,42.7956989247312,45.2688172043011
EPI_ISL_285590|Human|H7N9|2017.068|Asia|,2017.068,-366.8,44.3727598566308,1395,1395,42.5806451612903,45.2688172043011
EPI_ISL_285589|Human|H7N9|2017.099|Asia|,2017.099,-368.2,44.3010752688172,1395,1395,42.5806451612903,45.1612903225806
EPI_ISL_285588|Human|H7N9|2017.099|Asia|,2017.099,-366.3,44.3727598566308,1395,1395,42.5806451612903,45.2688172043011
EPI_ISL_285587|Human|H7N9|2017.093|Asia|,2017.093,-368.3,44.4444444444444,1395,1395,42.7956989247312,45.2688172043011
EPI_ISL_285586|Human|H7N9|2017.093|Asia|,2017.093,-367.8,44.4444444444444,1395,1395,42.7956989247312,45.2688172043011
EPI_ISL_285585|Human|H7N9|2017.09|Asia|,2017.09,-366.7,44.2293906810036,1395,1395,42.3655913978495,45.1612903225806
EPI_ISL_285584|Human|H7N9|2017.101|Asia|,2017.101,-365.4,44.3010752688172,1395,1395,42.3655913978495,45.2688172043011
EPI_ISL_285583|Human|H7N9|2017.082|Asia|,2017.082,-365.5,44.3328550932568,1394,1395,42.5806451612903,45.2099031216362
EPI_ISL_285574|Human|H7N9|2017.159|Asia|,2017.159,-385.6,44.15770609319,1395,1395,41.9354838709677,45.2688172043011
EPI_ISL_285573|Human|H7N9|2017.216|Asia|,2017.216,-367.7,44.3727598566308,1395,1395,42.5806451612903,45.2688172043011
EPI_ISL_285572|Human|H7N9|2017.211|Asia|,2017.211,-381.8,44.3010752688172,1395,1395,42.5806451612903,45.1612903225806
EPI_ISL_285571|Human|H7N9|2017.203|Asia|,2017.203,-381.8,44.3010752688172,1395,1395,42.5806451612903,45.1612903225806
EPI_ISL_285570|Human|H7N9|2017.197|Asia|,2017.197,-381.5,44.0143369175627,1395,1395,41.2903225806452,45.3763440860215
EPI_ISL_285569|Human|H7N9|2017.093|Asia|,2017.093,-385.9,43.8709677419355,1395,1395,41.505376344086,45.0537634408602
EPI_ISL_285568|Human|H7N9|2017.225|Asia|,2017.225,-382,44.0143369175627,1395,1395,41.2903225806452,45.3763440860215
EPI_ISL_285567|Human|H7N9|2017.222|Asia|,2017.222,-372,44.0143369175627,1395,1395,41.2903225806452,45.3763440860215
EPI_ISL_285566|Human|H7N9|2017.238|Asia|,2017.238,-381.8,44.3010752688172,1395,1395,42.5806451612903,45.1612903225806
EPI_ISL_285565|Human|H7N9|2017.197|Asia|,2017.197,-366.8,44.3727598566308,1395,1395,42.5806451612903,45.2688172043011
EPI_ISL_285564|Human|H7N9|2017.238|Asia|,2017.238,-376.4,44.0143369175627,1395,1395,42.1505376344086,44.9462365591398
EPI_ISL_285556|Human|H7N9|2017.449|Asia|,2017.449,-371.9,44.5161290322581,1395,1395,42.7956989247312,45.3763440860215
EPI_ISL_292347|Human|H7N9|2017.397|Asia|,2017.397,-369,44.0143369175627,1395,1395,43.010752688172,44.5161290322581
EPI_ISL_294203|Human|H7N9|2017.164|Asia|,2017.164,-377.5,44.15770609319,1395,1395,42.7956989247312,44.8387096774194
EPI_ISL_295549|Human|H7N9|2017.449|Asia|,2017.449,-371.9,44.5161290322581,1395,1395,42.7956989247312,45.3763440860215
EPI_ISL_314056|Human|H7N9|2017.581|Asia|,2017.581,-376,44.0143369175627,1395,1395,42.7956989247312,44.6236559139785
EPI_ISL_327778|Human|H7N9|2017.162|Asia|,2017.162,-367,44.0860215053763,1395,1395,43.010752688172,44.6236559139785
EPI_ISL_327792|Human|H7N9|2017|Asia|,2017,-366.3,43.9426523297491,1395,1395,42.5806451612903,44.6236559139785
EPI_ISL_333972|Human|H7N9|2016.989|Asia|,2016.989,-369.5,43.7275985663082,1395,1395,41.7204301075269,44.7311827956989
EPI_ISL_333971|Human|H7N9|2016.964|Asia|,2016.964,-372.6,43.6559139784946,1395,1395,40.6451612903226,45.1612903225806
EPI_ISL_338377|Human|H7N9|2017.641|Asia|,2017.641,-379.9,43.7992831541219,1395,1395,41.0752688172043,45.1612903225806
EPI_ISL_339477|Human|H7N9|2017.663|Asia|,2017.663,-383.6,43.9426523297491,1395,1395,41.9354838709677,44.9462365591398
EPI_ISL_338379|Human|H7N9|2017.628|Asia|,2017.628,-366.8,44.0860215053763,1395,1395,42.1505376344086,45.0537634408602
EPI_ISL_338378|Human|H7N9|2017.625|Asia|,2017.625,-365.8,44.0143369175627,1395,1395,42.1505376344086,44.9462365591398
EPI_ISL_378704|Human|H7N9|2017.118|Asia|,2017.118,-375.1,43.8307030129125,1394,1395,42.0258620689655,44.7311827956989
EPI_ISL_505060|Swine|H7N9|2017.597|Asia|,2017.597,-365.3,43.7275985663082,1395,1395,41.7204301075269,44.7311827956989
EPI_ISL_505059|Swine|H7N9|2017.633|Asia|,2017.633,-365.3,43.7992831541219,1395,1395,41.7204301075269,44.8387096774194
EPI_ISL_353999|Human|H7N9|2019.252|Asia|,2019.252,-380.4,44.5161290322581,1395,1395,43.6559139784946,44.9462365591398
EPI_ISL_353998|Human|H7N9|2019.252|Asia|,2019.252,-380.4,44.5161290322581,1395,1395,43.6559139784946,44.9462365591398
EPI_ISL_353997|Human|H7N9|2019.247|Asia|,2019.247,-380.4,44.5161290322581,1395,1395,43.6559139784946,44.9462365591398
EPI_ISL_353994|Human|H7N9|2019.255|Asia|,2019.255,-380.4,44.5161290322581,1395,1395,43.6559139784946,44.9462365591398
EPI_ISL_353993|Human|H7N9|2019.252|Asia|,2019.252,-380.4,44.5161290322581,1395,1395,43.6559139784946,44.9462365591398
EPI_ISL_353992|Human|H7N9|2019.252|Asia|,2019.252,-380.4,44.5161290322581,1395,1395,43.6559139784946,44.9462365591398
EPI_ISL_353991|Human|H7N9|2019.247|Asia|,2019.247,-380.4,44.5161290322581,1395,1395,43.6559139784946,44.9462365591398
EPI_ISL_353990|Human|H7N9|2019.255|Asia|,2019.255,-380.3,44.5480631276901,1394,1395,43.6559139784946,44.994617868676
EPI_ISL_143275|Human|H6N1|2013.345|Asia|,2013.345,-390.5,42.3443223443223,1365,1365,39.3406593406593,43.8461538461538
EPI_ISL_291111|Human|H7N4|2018.014|Asia|,2018.014,-392.5,43.758865248227,1410,1410,42.9787234042553,44.1489361702128
EPI_ISL_376123|Human|H7N4|2018.014|Asia|,2018.014,-392.5,43.758865248227,1410,1410,42.9787234042553,44.1489361702128
EPI_ISL_304404|Human|H5N6|2017.981|Asia|,2017.981,-364.3,44.880174291939,1377,1377,44.880174291939,44.880174291939
EPI_ISL_332402|Human|H5N6|2018.847|Asia|,2018.847,-359.2,44.2992011619463,1377,1377,43.3551198257081,44.7712418300654
EPI_ISL_332400|Human|H5N6|2018.847|Asia|,2018.847,-359.2,44.2992011619463,1377,1377,43.3551198257081,44.7712418300654
EPI_ISL_337275|Human|H5N6|2018.847|Asia|,2018.847,-359.2,44.2992011619463,1377,1377,43.3551198257081,44.7712418300654
EPI_ISL_337274|Human|H5N6|2018.742|Asia|,2018.742,-366.6,44.2265795206972,1377,1377,43.5729847494553,44.5533769063181
EPI_ISL_337280|Human|H5N6|2017.877|Asia|,2017.877,-364.1,44.5170660856935,1377,1377,44.0087145969499,44.7712418300654
EPI_ISL_337276|Human|H5N6|2018.814|Asia|,2018.814,-376,44.5170660856935,1377,1377,44.2265795206972,44.6623093681917
EPI_ISL_337273|Human|H5N6|2018.619|Asia|,2018.619,-366,44.1133720930233,1376,1377,43.5729847494553,44.3838604143948
EPI_ISL_368368|Human|H5N6|2018.847|Asia|,2018.847,-359.2,44.2992011619463,1377,1377,43.3551198257081,44.7712418300654
EPI_ISL_502208|Ferret|H5N6|2018.447|Asia|,2018.447,-363.5,44.5896877269426,1377,1377,43.7908496732026,44.9891067538126
EPI_ISL_502206|Ferret|H5N6|2018.644|Asia|,2018.644,-360.4,44.3718228031954,1377,1377,43.5729847494553,44.7712418300654
EPI_ISL_502205|Ferret|H5N6|2018.427|Asia|,2018.427,-361.5,44.9527959331881,1377,1377,45.3159041394335,44.7712418300654
EPI_ISL_502204|Ferret|H5N6|2018.142|Asia|,2018.142,-363.1,44.5170660856935,1377,1377,44.2265795206972,44.6623093681917
EPI_ISL_502203|Ferret|H5N6|2018.068|Asia|,2018.068,-350.8,44.1539578794481,1377,1377,43.5729847494553,44.4444444444444
EPI_ISL_502202|Ferret|H5N6|2018.025|Asia|,2018.025,-364.1,44.3718228031954,1377,1377,43.7908496732026,44.6623093681917
EPI_ISL_502201|Ferret|H5N6|2018.005|Asia|,2018.005,-362.2,44.9527959331881,1377,1377,45.0980392156863,44.880174291939
EPI_ISL_1081369|Human|H5N6|2021.003|Asia|,2021.003,-357.5,44.0406976744186,1376,1377,43.2314410480349,44.4444444444444
EPI_ISL_3090099|Human|H5N6|2021.501|Asia|,2021.501,-366.1,44.2992011619463,1377,1377,43.7908496732026,44.5533769063181
EPI_ISL_3770740|Human|H5N6|2021.532|Asia|,2021.532,-386.1,45.3159041394335,1377,1377,45.5337690631808,45.2069716775599
EPI_ISL_3770721|Human|H5N6|2021.156|Asia|,2021.156,-382.3,45.0254175744372,1377,1377,45.3159041394335,44.880174291939
EPI_ISL_7983813|Human|H5N6|2021.973|Asia|,2021.973,-390.8,45.4611474219317,1377,1377,45.9694989106754,45.2069716775599
EPI_ISL_163493|Human|H5N6|2014.301|Asia|,2014.301,-392.5,44.6099290780142,1410,1410,45.7446808510638,44.0425531914894
EPI_ISL_176841|Feline|H5N6|2015.008|Asia|,2015.008,-363.8,44.6623093681917,1377,1377,44.0087145969499,44.9891067538126
EPI_ISL_176840|Feline|H5N6|2015.008|Asia|,2015.008,-363.9,44.6623093681917,1377,1377,44.2265795206972,44.880174291939
EPI_ISL_178262|Human|H5N6|2015.096|Asia|,2015.096,-374,44.2265795206972,1377,1377,43.7908496732026,44.4444444444444
EPI_ISL_178261|Human|H5N6|2015.099|Asia|,2015.099,-374,44.2265795206972,1377,1377,43.7908496732026,44.4444444444444
EPI_ISL_177761|Feline|H5N6|2014.332|Asia|,2014.332,-394.3,44.6099290780142,1410,1410,45.7446808510638,44.0425531914894
EPI_ISL_175335|Human|H5N6|2014.942|Asia|,2014.942,-363.1,44.5170660856935,1377,1377,43.5729847494553,44.9891067538126
EPI_ISL_195294|Human|H5N6|2015.099|Asia|,2015.099,-374,44.2265795206972,1377,1377,43.7908496732026,44.4444444444444
EPI_ISL_196100|Swine|H5N6|2014.46|Asia|,2014.46,-370.8,44.6623093681917,1377,1377,43.5729847494553,45.2069716775599
EPI_ISL_196101|Swine|H5N6|2014.46|Asia|,2014.46,-370.8,44.6623093681917,1377,1377,43.5729847494553,45.2069716775599
EPI_ISL_200838|Human|H5N6|2015.521|Asia|,2015.521,-375,44.2992011619463,1377,1377,43.5729847494553,44.6623093681917
EPI_ISL_200837|Human|H5N6|2015.11|Asia|,2015.11,-374,44.2265795206972,1377,1377,43.7908496732026,44.4444444444444
EPI_ISL_205503|Human|H5N6|2015.992|Asia|,2015.992,-367,44.7349310094408,1377,1377,44.2265795206972,44.9891067538126
EPI_ISL_205313|Human|H5N6|2015.989|Asia|,2015.989,-367,44.7349310094408,1377,1377,44.2265795206972,44.9891067538126
EPI_ISL_206036|Human|H5N6|2016.016|Asia|,2016.016,-367.7,44.7349310094408,1377,1377,44.4444444444444,44.880174291939
EPI_ISL_206569|Human|H5N6|2015.997|Asia|,2015.997,-364.1,44.5170660856935,1377,1377,44.2265795206972,44.6623093681917
EPI_ISL_206568|Human|H5N6|2015.989|Asia|,2015.989,-370.8,45.0980392156863,1377,1377,45.5337690631808,44.880174291939
EPI_ISL_207051|Human|H5N6|2016.014|Asia|,2016.014,-367.3,44.8,1375,1377,44.4444444444444,44.9781659388646
EPI_ISL_207048|Human|H5N6|2016.038|Asia|,2016.038,-363.3,44.5170660856935,1377,1377,44.0087145969499,44.7712418300654
EPI_ISL_217025|Human|H5N6|2014.145|Asia|,2014.145,-369.5,44.5170660856935,1377,1377,43.5729847494553,44.9891067538126
EPI_ISL_219828|Human|H5N6|2014.959|Asia|,2014.959,-363.1,44.5170660856935,1377,1377,43.5729847494553,44.9891067538126
EPI_ISL_221721|Feline|H5N6|2015.033|Asia|,2015.033,-363.8,44.6623093681917,1377,1377,44.0087145969499,44.9891067538126
EPI_ISL_221720|Feline|H5N6|2015.033|Asia|,2015.033,-363.9,44.6623093681917,1377,1377,44.2265795206972,44.880174291939
EPI_ISL_266596|Swine|H5N6|2015.23|Asia|,2015.23,-369.2,44.5896877269426,1377,1377,44.0087145969499,44.880174291939
EPI_ISL_278205|Feline|H5N6|2016.03|Asia|,2016.03,-363.6,44.1539578794481,1377,1377,42.7015250544662,44.880174291939
EPI_ISL_278204|Feline|H5N6|2016.03|Asia|,2016.03,-367,44.1539578794481,1377,1377,43.5729847494553,44.4444444444444
EPI_ISL_240704|Human|H5N6|2016.896|Asia|,2016.896,-376,45.0980392156863,1377,1377,44.4444444444444,45.4248366013072
EPI_ISL_240703|Human|H5N6|2016.88|Asia|,2016.88,-344.7,44.1539578794481,1377,1377,43.1372549019608,44.6623093681917
EPI_ISL_256213|Human|H5N6|2016.287|Asia|,2016.287,-366.2,44.3718228031954,1377,1377,43.5729847494553,44.7712418300654
EPI_ISL_284651|Human|H5N6|2016.325|Asia|,2016.325,-359.4,44.7349310094408,1377,1377,44.0087145969499,45.0980392156863
EPI_ISL_284650|Human|H5N6|2016.323|Asia|,2016.323,-357.6,44.7674418604651,1376,1377,44.1048034934498,45.0980392156863
EPI_ISL_340796|Human|H5N6|2017.745|Asia|,2017.745,-366.6,44.2265795206972,1377,1377,43.5729847494553,44.5533769063181
EPI_ISL_718225|Human|H5N6|2020.899|Asia|,2020.899,-362.7,44.6623093681917,1377,1377,44.0087145969499,44.9891067538126
EPI_ISL_718266|Human|H5N6|2020.907|Asia|,2020.907,-362.7,44.6623093681917,1377,1377,44.0087145969499,44.9891067538126
EPI_ISL_1081370|Human|H5N6|2020.973|Asia|,2020.973,-362.5,44.2265795206972,1377,1377,43.3551198257081,44.6623093681917
EPI_ISL_2379892|Human|H10N3|2021.321|Asia|,2021.321,-388.6,43.4968017057569,1407,1407,42.2174840085288,44.136460554371
EPI_ISL_2380100|Human|H10N3|2021.321|Asia|,2021.321,-387.4,43.4257285003554,1407,1407,42.2174840085288,44.0298507462687
EPI_ISL_4804850|Seal|H5N8|2021.619|Europe|,2021.619,-411.1,44.3971631205674,1410,1410,41.7021276595745,45.7446808510638
EPI_ISL_4805936|Seal|H5N8|2021.63|Europe|,2021.63,-418.8,44.822695035461,1410,1410,42.1276595744681,46.1702127659574
EPI_ISL_4805852|Seal|H5N8|2021.627|Europe|,2021.627,-414.3,44.468085106383,1410,1410,41.7021276595745,45.8510638297872
EPI_ISL_322984|Seal|H5N8|2016.904|Europe|,2016.904,-397,44.1810344827586,1392,1392,39.6551724137931,46.4439655172414
EPI_ISL_1038924|Human|H5N8|2020.945|Europe|,2020.945,-413.4,44.0425531914894,1410,1410,40.6382978723404,45.7446808510638
EPI_ISL_2081528|Seal|H5N8|2020.934|Europe|,2020.934,-411.7,44.468085106383,1410,1410,41.4893617021277,45.9574468085106
EPI_ISL_2081527|Canine|H5N8|2020.934|Europe|,2020.934,-411.7,44.468085106383,1410,1410,41.4893617021277,45.9574468085106
EPI_ISL_152846|Human|H10N8|2013.923|Asia|,2013.923,-396.8,43.5460992907801,1410,1410,40.6382978723404,45
EPI_ISL_162062|Human|H10N8|2014.019|Asia|,2014.019,-394.2,43.6170212765958,1410,1410,40.8510638297872,45
EPI_ISL_162076|Human|H10N8|2013.929|Asia|,2013.929,-395.3,43.4751773049645,1410,1410,40.6382978723404,44.8936170212766
EPI_ISL_162075|Human|H10N8|2013.923|Asia|,2013.923,-396.8,43.5460992907801,1410,1410,40.6382978723404,45
EPI_ISL_166971|Seal|H10N7|2014.764|Europe|,2014.764,-381.7,44.3029016277424,1413,1413,43.312101910828,44.7983014861996
EPI_ISL_167226|Seal|H10N7|2014.288|Europe|,2014.288,-378.5,43.5244161358811,1413,1413,42.6751592356688,43.9490445859873
EPI_ISL_170566|Seal|H10N7|2014.764|Europe|,2014.764,-381.7,44.3029016277424,1413,1413,43.312101910828,44.7983014861996
