-1,EPI_ISL_18914521|A/turkey/Wisconsin/24-000378-001-original/2024|2024.005,41.7402,19.4118,38.8235,64.1176,38.8235,43.9943,18.4922,45.5192,81.7923,41.963,47.925,26.7917,48.2251,73.6772,40.8573,44.2272,24.6856,47.0424,58.6865,46.1109,42.3162,19.3833,41.4097,58.1498,37.0044,46.0255,22.4077,43.058,72.935,43.058,51.455,34.4371,62.2517,72.8477,54.3046,48.2609,27.5762,50.7983,63.8607,46.4441,-1,Avian,Minor62
-1,EPI_ISL_18914522|A/turkey/Wisconsin/24-000378-002-original/2024|2024.005,41.7402,19.4118,38.8235,64.1176,38.8235,43.9943,18.4922,45.5192,81.7923,41.963,47.925,26.7917,48.2251,73.6772,40.8573,44.2272,24.6856,47.0424,58.6865,46.1109,42.3162,19.3833,41.4097,58.1498,37.0044,46.0694,22.4077,43.058,73.3743,43.058,51.455,34.4371,62.2517,72.8477,54.3046,48.2609,27.5762,50.7983,63.8607,46.4441,-1,Avian,Minor62
-1,EPI_ISL_18914523|A/turkey/Wisconsin/24-000378-003-original/2024|2024.005,41.7402,19.4118,38.8235,64.1176,38.8235,43.9943,18.4922,45.5192,81.7923,41.963,47.925,26.7917,48.2251,73.6772,40.8573,44.2272,24.6856,47.0424,58.6865,46.1109,42.3162,19.3833,41.4097,58.1498,37.0044,46.0255,22.4077,43.058,72.935,43.058,51.455,34.4371,62.2517,72.8477,54.3046,48.2609,27.5762,50.7983,63.8607,46.4441,-1,Avian,Minor62
-1,EPI_ISL_18914524|A/domesticgoose/California/24-000492-001-original/2024|2024.005,42.0341,19.4118,38.8235,65.2941,40,43.8522,17.0697,44.808,81.7923,41.963,48.0589,27.4615,48.2251,75.0167,42.1969,44.3669,25.1514,47.5082,59.1523,46.5766,42.3162,18.0617,41.8502,57.2687,38.7665,45.0154,22.8471,40.8612,68.5413,41.3005,51.7196,34.4371,64.9007,74.1722,55.6291,47.3913,27.5762,47.8955,60.9579,44.9927,-1,Avian,B3.6
-1,EPI_ISL_18914525|A/chicken/California/24-000494-001-original/2024|2024.008,42.0341,18.8235,38.8235,65.2941,39.4118,43.9232,17.7809,44.808,81.0811,41.963,47.7912,26.7917,48.2251,72.3376,40.8573,44.3203,24.6856,47.5082,58.6865,46.5766,42.14,18.9427,41.4097,56.8282,37.4449,44.9275,22.4077,40.8612,67.6626,42.1793,51.3228,33.1126,62.2517,72.8477,52.9801,47.6812,26.1248,49.3469,63.8607,44.9927,-1,Avian,B3.6
-1,EPI_ISL_18914526|A/chicken/California/24-000494-002-original/2024|2024.008,42.0341,18.8235,38.8235,65.2941,39.4118,43.9232,17.7809,44.808,81.0811,41.963,47.7912,26.7917,48.2251,72.3376,40.8573,44.3203,24.6856,47.5082,58.6865,46.5766,42.14,18.9427,41.4097,56.8282,37.4449,44.9275,22.4077,40.8612,67.6626,42.1793,51.3228,33.1126,62.2517,72.8477,52.9801,47.6812,26.1248,49.3469,63.8607,44.9927,-1,Avian,B3.6
-1,EPI_ISL_18914527|A/chicken/Colorado/24-000499-001-original/2024|2024.008,41.6226,18.2353,38.8235,62.3529,39.4118,44.2786,19.9147,44.0967,83.2148,42.6743,47.7912,26.7917,48.2251,73.0074,40.8573,44.2272,24.6856,46.1109,58.6865,46.1109,42.4042,19.8238,42.2907,58.5903,37.0044,45.1471,22.4077,40.8612,69.8594,40.8612,51.3228,33.1126,60.9272,72.8477,54.3046,47.971,27.5762,49.3469,63.8607,44.9927,-1,Avian,B3.6
-1,EPI_ISL_18914528|A/chicken/Maine/24-000724-001-original/2024|2024.019,41.9753,17.6471,38.2353,64.7059,41.1765,44.2075,19.2034,44.0967,82.5036,41.963,47.7912,27.4615,47.5553,75.6865,36.1688,44.7393,22.8225,47.5082,63.81,51.7,42.8446,18.0617,40.9692,59.4714,39.207,45.8059,24.6046,43.058,71.1775,43.4974,50.2646,33.1126,59.6026,71.5232,50.3311,47.5362,23.2221,49.3469,66.7634,56.6038,-1,Avian,C2.1
-1,EPI_ISL_18914529|A/chicken/Maine/24-000724-002-original/2024|2024.019,41.9753,17.6471,38.2353,64.7059,41.1765,44.2075,19.2034,44.0967,82.5036,41.963,47.7912,27.4615,47.5553,75.6865,36.1688,44.6927,22.3568,47.5082,63.3442,51.7,42.8446,18.0617,40.9692,59.4714,39.207,45.8059,24.6046,43.058,71.1775,43.4974,50.2646,33.1126,59.6026,71.5232,50.3311,47.5362,23.2221,49.3469,66.7634,56.6038,-1,Avian,C2.1
-1,EPI_ISL_18914530|A/chicken/Maine/24-000724-003-original/2024|2024.019,41.9753,17.6471,38.2353,64.7059,41.1765,44.2075,19.2034,44.0967,82.5036,41.963,47.7912,27.4615,47.5553,75.6865,36.1688,44.7393,22.8225,47.5082,63.81,51.7,42.8446,18.0617,40.9692,59.4714,39.207,45.8059,24.6046,43.058,71.1775,43.4974,50.2646,33.1126,59.6026,71.5232,50.3311,47.5362,23.2221,49.3469,66.7634,56.6038,-1,Avian,C2.1
-1,EPI_ISL_18914531|A/chicken/Minnesota/24-000764-001-original/2024|2024.008,42.0341,19.4118,38.2353,65.8824,39.4118,43.9232,17.7809,44.808,82.5036,41.2518,48.2597,28.1313,48.2251,74.347,42.1969,44.3203,25.1514,47.0424,59.6181,46.1109,42.3602,19.3833,41.8502,57.2687,37.4449,44.9275,22.4077,40.8612,67.6626,41.7399,51.0582,33.1126,60.9272,72.8477,52.9801,47.6812,27.5762,49.3469,62.4093,42.09,-1,Avian,B3.6
-1,EPI_ISL_18914533|A/domesticgoose/Minnesota/24-000764-003-original/2024|2024.008,42.0341,19.4118,38.2353,65.8824,39.4118,43.9232,17.7809,44.808,82.5036,41.2518,48.2597,28.1313,48.2251,74.347,42.1969,44.3203,25.1514,47.0424,59.6181,46.1109,42.3602,19.3833,41.8502,57.2687,37.4449,44.8836,21.9684,40.8612,67.6626,41.7399,51.0582,33.1126,60.9272,72.8477,52.9801,47.6812,27.5762,49.3469,62.4093,42.09,-1,Avian,B3.6
-1,EPI_ISL_19014384|A/dairycow/Texas/24-008749-001-original/2024|2024.216,41.8577,19.4118,38.8235,65.8824,38.2353,43.9943,17.7809,44.808,81.7923,42.6743,47.5904,24.7823,46.2157,72.3376,38.848,44.2737,24.6856,47.0424,59.6181,46.1109,42.3602,18.9427,41.8502,57.7093,37.8855,45.3667,23.2865,45.6942,69.42,38.6643,51.0582,33.1126,59.6026,70.1987,54.3046,47.971,26.1248,49.3469,65.312,44.9927,-1,Cattle,B3.13
-1,EPI_ISL_19014386|A/dairycow/Texas/24-008749-003-original/2024|2024.216,41.8577,19.4118,38.8235,65.8824,38.2353,43.9943,17.7809,44.808,81.7923,42.6743,47.5904,24.7823,46.2157,72.3376,38.848,44.2737,24.6856,47.0424,59.6181,46.1109,42.3602,18.9427,41.8502,57.7093,37.8855,45.4106,23.2865,46.1336,69.42,38.6643,51.0582,33.1126,59.6026,70.1987,54.3046,47.971,26.1248,49.3469,65.312,44.9927,-1,Cattle,B3.13
-1,EPI_ISL_19014388|A/dairycow/Texas/24-008749-004-original/2024|2024.216,41.8577,19.4118,38.8235,65.8824,38.2353,43.9943,17.7809,44.808,81.7923,42.6743,47.5904,24.7823,46.2157,72.3376,38.848,44.2737,24.6856,47.0424,59.6181,46.1109,42.3602,18.9427,41.8502,57.7093,37.8855,45.3667,23.2865,45.6942,69.42,38.6643,51.0582,33.1126,59.6026,70.1987,54.3046,47.971,26.1248,49.3469,65.312,44.9927,-1,Cattle,B3.13
-1,EPI_ISL_19014390|A/dairycow/Texas/24-008749-005-original/2024|2024.216,41.8577,19.4118,38.8235,65.8824,38.2353,43.9943,17.7809,44.808,81.7923,42.6743,47.5904,24.7823,46.2157,72.3376,38.848,44.2737,24.6856,47.0424,59.6181,46.1109,42.3602,18.9427,41.8502,57.7093,37.8855,45.3667,23.2865,45.6942,69.42,38.6643,51.0582,33.1126,59.6026,70.1987,54.3046,47.971,26.1248,49.3469,65.312,44.9927,-1,Cattle,B3.13
-1,EPI_ISL_19014392|A/dairycow/Texas/24-008749-006-original/2024|2024.216,41.7402,19.4118,38.2353,65.2941,38.2353,43.9232,17.7809,44.0967,81.7923,42.6743,47.5234,24.1125,46.2157,71.6678,38.848,44.2737,24.6856,47.0424,59.6181,46.1109,42.3162,18.9427,41.8502,57.7093,37.8855,45.3667,23.2865,45.6942,69.42,38.6643,51.0582,33.1126,59.6026,70.1987,54.3046,48.1159,27.5762,49.3469,65.312,44.9927,-1,Cattle,B3.13
-1,EPI_ISL_19014394|A/dairycow/Texas/24-008749-007-original/2024|2024.216,41.8577,19.4118,38.8235,65.8824,38.2353,43.9943,17.7809,44.808,81.7923,42.6743,47.5904,24.7823,46.2157,72.3376,38.848,44.2737,24.6856,47.0424,59.6181,46.1109,42.3602,18.9427,41.8502,57.7093,37.8855,45.3667,23.2865,45.6942,69.42,38.6643,51.0582,33.1126,59.6026,70.1987,54.3046,47.971,26.1248,49.3469,65.312,44.9927,-1,Cattle,B3.13
-1,EPI_ISL_19014396|A/Canadagoose/Wyoming/24-003692-001-original/2024|2024.066,41.8577,18.8235,38.8235,64.7059,38.8235,43.9232,17.7809,44.808,82.5036,41.963,47.5904,25.4521,45.5459,73.0074,38.848,44.2272,24.6856,47.0424,59.6181,45.6451,42.3162,18.9427,41.8502,57.7093,37.8855,45.4545,23.7258,45.6942,69.8594,38.6643,51.3228,33.1126,60.9272,72.8477,54.3046,48.1159,27.5762,47.8955,65.312,44.9927,-1,Avian,B3.13
-1,EPI_ISL_19014398|A/peregrinefalcon/California/24-005915-001-original/2024|2024.120,42.0929,19.4118,39.4118,65.8824,39.4118,43.6389,17.0697,43.3855,81.7923,41.963,47.5904,25.4521,46.2157,72.3376,38.848,44.3669,25.1514,47.0424,59.6181,46.1109,42.4042,19.3833,41.8502,57.7093,37.8855,45.235,24.1652,44.8155,68.1019,38.6643,51.1905,33.1126,60.9272,72.8477,54.3046,48.2609,27.5762,49.3469,65.312,44.9927,-1,Avian,B3.13
-1,EPI_ISL_19014400|A/skunk/NewMexico/24-006483-001-original/2024|2024.145,41.7989,18.8235,38.2353,65.2941,38.2353,44.0654,19.9147,45.5192,81.7923,41.963,47.5904,25.4521,46.2157,73.0074,38.848,44.3669,25.1514,47.5082,59.1523,46.1109,42.4483,18.5022,42.2907,58.1498,37.8855,45.235,22.4077,45.6942,68.5413,39.5431,51.3228,33.1126,60.9272,72.8477,54.3046,48.2609,27.5762,49.3469,65.312,44.9927,-1,Skunk,B3.13
-1,EPI_ISL_19014402|A/blackbird/Texas/24-008354-001-original/2024|2024.205,41.7989,19.4118,38.8235,65.2941,38.2353,43.9943,17.7809,44.808,81.7923,42.6743,47.6573,24.7823,46.2157,73.0074,38.848,44.2272,24.6856,47.0424,59.6181,46.1109,42.4042,18.9427,41.8502,58.1498,37.8855,45.3667,23.2865,45.6942,69.42,38.6643,51.0582,33.1126,59.6026,70.1987,54.3046,48.2609,29.0276,49.3469,65.312,44.9927,-1,Avian,B3.13
-1,EPI_ISL_19014404|A/commongrackle/Texas/24-008356-001-original/2024|2024.210,41.7989,19.4118,38.8235,65.2941,38.2353,43.8522,17.7809,44.808,80.3698,42.6743,47.6573,24.7823,46.8855,72.3376,38.848,44.2737,24.6856,47.0424,59.6181,46.1109,42.3602,18.9427,41.8502,57.7093,37.8855,45.4106,23.7258,45.6942,69.42,38.6643,51.0582,33.1126,59.6026,70.1987,54.3046,48.1159,27.5762,49.3469,65.312,44.9927,-1,Avian,B3.13
-1,EPI_ISL_19014406|A/commongrackle/Texas/24-008356-003-original/2024|2024.210,41.7989,19.4118,38.8235,65.2941,38.2353,43.9232,17.7809,44.808,80.3698,42.6743,47.7242,24.7823,47.5553,72.3376,38.848,44.3203,25.1514,47.0424,59.6181,46.1109,42.3602,18.9427,41.8502,57.7093,37.8855,45.4545,24.1652,45.6942,69.42,38.6643,51.0582,33.1126,59.6026,70.1987,54.3046,48.1159,27.5762,49.3469,65.312,44.9927,-1,Avian,B3.13
-1,EPI_ISL_19014408|A/blackbird/Texas/24-008357-001-original/2024|2024.205,41.7989,19.4118,38.8235,65.2941,38.2353,44.0654,17.7809,45.5192,81.7923,42.6743,47.6573,24.7823,46.2157,73.0074,38.848,44.4134,24.6856,47.0424,60.0838,46.1109,42.3162,18.9427,41.8502,57.7093,37.8855,45.3667,23.2865,45.6942,69.42,38.6643,51.0582,33.1126,59.6026,70.1987,54.3046,48.1159,27.5762,49.3469,65.312,44.9927,-1,Avian,B3.13
-1,EPI_ISL_19015123|A/goat/Minnesota/24-007234-003-original/2024|2024.183,41.9165,18.2353,38.2353,65.2941,39.4118,44.0654,17.7809,45.5192,81.7923,42.6743,47.7242,26.7917,48.2251,73.6772,40.8573,44.3203,24.2198,47.0424,58.6865,47.0424,42.2721,18.9427,41.4097,57.2687,37.4449,45.0154,22.8471,40.4218,68.9807,41.3005,51.1905,33.1126,60.9272,71.5232,54.3046,48.1159,27.5762,47.8955,66.7634,44.9927,-1,Goat,B3.6
-1,EPI_ISL_19015124|A/goat/Minnesota/24-007234-006-original/2024|2024.183,41.9165,18.2353,38.2353,64.7059,39.4118,44.0654,17.7809,45.5192,81.7923,42.6743,47.7242,26.7917,48.2251,73.6772,40.8573,44.3203,24.2198,47.0424,58.6865,47.0424,42.2721,18.9427,41.4097,57.2687,37.4449,45.0593,22.8471,40.4218,68.9807,41.3005,51.1905,33.1126,60.9272,71.5232,54.3046,48.1159,27.5762,47.8955,66.7634,44.9927,-1,Goat,B3.6
-1,EPI_ISL_19015125|A/goat/Minnesota/24-007234-009-original/2024|2024.183,41.9753,18.2353,38.2353,65.8824,39.4118,44.0654,17.7809,45.5192,81.7923,42.6743,47.7242,26.7917,48.2251,73.6772,40.8573,44.3203,24.2198,47.0424,58.6865,47.0424,42.2721,18.9427,41.4097,57.2687,37.4449,45.1032,22.8471,41.3005,68.9807,41.3005,51.1905,33.1126,60.9272,71.5232,54.3046,48.1159,27.5762,47.8955,66.7634,44.9927,-1,Goat,B3.6
-1,EPI_ISL_19027114|A/Texas/37/2024|2024.238,42,19.4346,38.8693,65.371,38.8693,43.9232,17.0697,44.808,81.0811,42.6743,47.5234,25.4521,46.2157,72.3376,38.848,44.2737,24.6856,47.0424,59.6181,46.1109,42.4229,18.9594,41.8871,57.7601,37.9189,45.235,23.7258,45.2548,68.5413,38.6643,51.0582,33.1126,59.6026,70.1987,54.3046,48.1858,29.1121,48.0349,66.9578,43.6681,-1,Human,B3.13
-1,EPI_ISL_19032063|A/dairycow/Texas/24-008749-002-v/2024|2024.216,41.7989,19.4118,38.2353,65.8824,38.2353,43.9943,17.7809,44.808,81.7923,42.6743,47.5904,24.7823,46.2157,72.3376,38.848,44.2737,24.6856,47.0424,59.6181,46.1109,42.3602,18.9427,41.8502,57.7093,37.8855,45.3667,23.2865,45.6942,69.42,38.6643,51.0582,33.1126,59.6026,70.1987,54.3046,47.971,26.1248,49.3469,65.312,44.9927,-1,Cattle,B3.13
-1,EPI_ISL_19054390|A/feline/Texas/24-008764-001-original/2024|2024.221,41.7989,19.4118,38.8235,65.2941,38.2353,43.9943,17.7809,44.808,80.3698,43.3855,47.5904,24.7823,46.2157,72.3376,38.1782,44.2737,24.6856,47.0424,59.6181,46.1109,42.3162,18.9427,41.8502,57.2687,37.8855,45.4545,24.1652,45.6942,69.42,38.6643,51.0582,33.1126,59.6026,70.1987,54.3046,48.1159,27.5762,49.3469,65.312,44.9927,-1,Feline,B3.13
-1,EPI_ISL_19054391|A/feline/Texas/24-008764-002-original/2024|2024.221,41.7989,19.4118,38.8235,65.2941,38.2353,43.9943,17.7809,44.808,80.3698,43.3855,47.5904,24.7823,46.2157,72.3376,38.1782,44.3203,24.6856,47.0424,60.0838,46.1109,42.3162,18.9427,41.8502,57.2687,37.8855,45.4545,24.1652,45.6942,69.42,38.6643,51.0582,33.1126,59.6026,70.1987,54.3046,48.1159,27.5762,49.3469,65.312,44.9927,-1,Feline,B3.13
-1,EPI_ISL_19054392|A/feline/Texas/24-008850-001-original/2024|2024.216,41.7989,19.4118,38.8235,65.2941,38.2353,43.9943,17.7809,44.808,81.7923,42.6743,47.5904,24.7823,46.2157,72.3376,38.848,44.2737,24.6856,47.0424,59.6181,46.1109,42.3602,18.9427,41.8502,57.7093,37.8855,45.4106,23.2865,45.6942,69.8594,38.6643,51.0582,33.1126,59.6026,70.1987,54.3046,48.1159,27.5762,49.3469,65.312,44.9927,-1,Feline,B3.13
-1,EPI_ISL_19054393|A/feline/Texas/24-008850-002-original/2024|2024.216,41.7989,19.4118,38.8235,65.2941,38.2353,43.9943,17.7809,44.808,81.7923,42.6743,47.5904,24.7823,46.2157,72.3376,38.848,44.2737,24.6856,47.0424,59.6181,46.1109,42.3602,18.9427,41.8502,57.7093,37.8855,45.4106,23.2865,45.6942,69.8594,38.6643,51.0582,33.1126,59.6026,70.1987,54.3046,48.1159,27.5762,49.3469,65.312,44.9927,-1,Feline,B3.13
-1,EPI_ISL_19054394|A/feline/NewMexico/24-009116-002-original/2024|2024.216,41.7402,19.4118,38.8235,65.2941,37.6471,43.9232,17.7809,44.808,81.7923,42.6743,47.6573,24.7823,46.8855,72.3376,38.848,44.3203,24.6856,47.0424,60.0838,46.1109,42.3602,18.5022,42.2907,57.7093,37.8855,45.4106,23.2865,45.6942,69.42,38.6643,51.0582,33.1126,59.6026,70.1987,54.3046,48.2609,27.5762,50.7983,66.7634,44.9927,-1,Feline,B3.13
-1,EPI_ISL_19054395|A/feline/NewMexico/24-009116-004-original/2024|2024.216,41.7402,19.4118,38.8235,65.2941,37.6471,43.9232,17.7809,44.808,81.7923,42.6743,47.6573,24.7823,46.8855,72.3376,38.848,44.2737,24.6856,47.0424,59.6181,46.1109,42.3602,18.5022,42.2907,57.7093,37.8855,45.4106,23.2865,45.6942,69.42,38.6643,51.0582,33.1126,59.6026,70.1987,54.3046,48.2609,27.5762,50.7983,66.7634,44.9927,-1,Feline,B3.13
-1,EPI_ISL_19054396|A/feline/NewMexico/24-009116-005-original/2024|2024.216,41.7402,19.4118,38.8235,65.2941,37.6471,43.9232,17.7809,44.808,81.7923,42.6743,47.5904,24.7823,46.8855,72.3376,38.848,44.2737,24.6856,47.0424,59.6181,46.1109,42.3602,18.5022,42.2907,57.7093,37.8855,45.4106,23.2865,45.6942,69.42,38.6643,51.0582,33.1126,59.6026,70.1987,54.3046,48.2609,27.5762,50.7983,66.7634,44.9927,-1,Feline,B3.13
-1,EPI_ISL_19054397|A/feline/Texas/24-009311-004-original/2024|2024.205,41.7989,19.4118,38.8235,65.2941,38.2353,43.9943,17.7809,44.808,81.7923,42.6743,47.5904,24.7823,46.2157,72.3376,38.848,44.2737,24.6856,47.0424,59.6181,46.1109,42.3602,18.9427,41.8502,57.7093,37.8855,45.4106,23.2865,45.6942,69.8594,38.6643,51.0582,33.1126,59.6026,70.1987,54.3046,48.1159,27.5762,49.3469,65.312,44.9927,-1,Feline,B3.13
-1,EPI_ISL_19054398|A/feline/USA/24-009311-006-original/2024|2024.205,41.7989,19.4118,38.8235,65.2941,38.2353,43.9232,17.0697,44.808,81.7923,42.6743,47.5904,24.7823,46.2157,72.3376,38.848,44.2737,24.6856,47.0424,59.6181,46.1109,42.3602,18.9427,41.8502,57.7093,37.8855,45.4106,23.2865,45.6942,69.8594,38.6643,51.0582,33.1126,59.6026,70.1987,54.3046,48.1159,27.5762,49.3469,65.312,44.9927,-1,Feline,B3.13
-1,EPI_ISL_19064388|A/hoodedmerganser/SouthCarolina/W24-028/2024|2024.025,42.1517,18.8235,38.2353,65.2941,41.1765,44.1365,19.2034,44.0967,81.7923,42.6743,47.7912,28.1313,47.5553,75.6865,35.499,44.7858,23.2883,47.9739,63.81,51.7,42.8446,18.5022,40.9692,59.9119,39.207,45.7181,24.6046,43.058,70.7381,43.058,50.3968,33.1126,59.6026,71.5232,51.6556,47.5362,23.2221,49.3469,68.2148,55.1524,-1,Avian,C2.1
-1,EPI_ISL_19064404|A/woodduck/NorthCarolina/W24-026/2024|2024.008,42.1517,18.2353,38.2353,65.2941,41.1765,44.2075,19.9147,43.3855,82.5036,41.963,47.7912,27.4615,47.5553,76.3563,36.1688,44.879,23.2883,48.4397,64.7415,51.2343,42.8005,18.5022,41.4097,59.9119,39.207,45.6302,24.1652,43.058,70.7381,43.058,50.2646,33.1126,59.6026,71.5232,50.3311,47.1014,23.2221,47.8955,63.8607,55.1524,-1,Avian,C2.1
-1,EPI_ISL_19083124|A/MountainLion/Montana/01/2024|2024.153,41.8577,19.4118,38.2353,65.2941,38.8235,43.5679,17.0697,44.0967,81.7923,41.2518,47.8581,26.7917,48.2251,73.6772,40.8573,44.1806,24.6856,47.0424,58.6865,46.1109,42.1841,18.5022,41.8502,57.7093,36.5639,44.8836,22.4077,40.4218,67.6626,42.1793,51.3228,33.1126,60.9272,72.8477,54.3046,47.971,27.5762,47.8955,63.8607,43.5414,-1,Mountain_Lion,B3.6
-1,EPI_ISL_19088565|A/dairycow/Texas/24-029328-01/2024|2024.216,41.8577,19.4118,38.8235,65.8824,38.2353,43.9943,17.7809,44.808,81.7923,42.6743,47.5904,24.7823,46.2157,72.3376,38.848,44.2737,24.6856,47.0424,59.6181,46.1109,42.3602,18.9427,41.8502,57.7093,37.8855,45.4106,23.2865,46.1336,69.42,38.6643,51.0582,33.1126,59.6026,70.1987,54.3046,47.971,26.1248,49.3469,65.312,44.9927,-1,Cattle,B3.13
-1,EPI_ISL_19088566|A/dairycow/Texas/24-029328-02/2024|2024.216,41.7402,19.4118,38.2353,65.2941,38.2353,43.9232,17.7809,44.0967,81.7923,42.6743,47.5234,24.1125,46.2157,71.6678,38.848,44.2737,24.6856,47.0424,59.6181,46.1109,42.3162,18.9427,41.8502,57.7093,37.8855,45.3667,23.2865,45.6942,69.42,38.6643,51.0582,33.1126,59.6026,70.1987,54.3046,48.1159,27.5762,49.3469,65.312,44.9927,-1,Cattle,B3.13
-1,EPI_ISL_19088567|A/feline/Texas/24-029329-01/2024|2024.216,41.7989,19.4118,38.8235,65.2941,38.2353,43.9943,17.7809,44.808,81.7923,42.6743,47.5904,24.7823,46.2157,72.3376,38.848,44.2737,24.6856,47.0424,59.6181,46.1109,42.3602,18.9427,41.8502,57.7093,37.8855,45.4106,23.2865,45.6942,69.8594,38.6643,51.0582,33.1126,59.6026,70.1987,54.3046,48.1159,27.5762,49.3469,65.312,44.9927,-1,Feline,B3.13
-1,EPI_ISL_19088568|A/feline/Texas/24-029329-02/2024|2024.216,41.7989,19.4118,38.8235,65.2941,38.2353,43.9943,17.7809,44.808,81.7923,42.6743,47.5904,24.7823,46.2157,72.3376,38.848,44.2737,24.6856,47.0424,59.6181,46.1109,42.3602,18.9427,41.8502,57.7093,37.8855,45.4106,23.2865,45.6942,69.8594,38.6643,51.0582,33.1126,59.6026,70.1987,54.3046,48.1159,27.5762,49.3469,65.312,44.9927,-1,Feline,B3.13
-1,EPI_ISL_19091159|A/dairycow/Kansas/5/2024|2024.249(Dayunknown),41.7893,18.8679,38.9151,66.6274,38.3255,43.9943,17.7809,44.808,81.7923,42.6743,47.6573,24.7823,46.2157,73.0074,38.848,44.2272,24.2198,46.5766,59.6181,46.1109,42.3602,18.9427,41.8502,57.7093,37.8855,45.4545,23.2865,45.6942,69.8594,39.1037,51.0582,33.1126,59.6026,70.1987,54.3046,47.8261,26.1248,49.3469,65.312,44.9927,-1,Cattle,B3.13
-1,EPI_ISL_19091187|A/dairycow/Ohio/B24OSU-UW13-869/2024|2024.260,41.7989,19.4118,38.8235,65.2941,38.2353,43.9943,17.7809,44.808,81.7923,43.3855,47.6573,24.7823,46.8855,72.3376,38.848,44.2272,24.6856,46.5766,59.6181,46.1109,42.4042,18.9427,41.8502,57.7093,38.7665,45.4106,23.2865,45.6942,69.42,39.1037,51.0582,33.1126,59.6026,70.1987,54.3046,47.971,27.5762,49.3469,63.8607,44.9927,-1,Cattle,B3.13
-1,EPI_ISL_19091188|A/dairycow/Ohio/B24OSU-UW12-871/2024|2024.260,41.7989,19.4118,38.8235,65.2941,38.2353,43.9943,17.7809,44.808,81.7923,43.3855,47.6573,24.7823,46.8855,72.3376,38.848,44.3669,24.6856,47.0424,60.0838,46.1109,42.4042,18.9427,41.8502,57.7093,38.7665,45.4106,23.2865,45.6942,69.42,39.1037,51.0582,33.1126,59.6026,70.1987,54.3046,47.971,27.5762,49.3469,63.8607,44.9927,-1,Cattle,B3.13
-1,EPI_ISL_19091189|A/dairycow/Ohio/B24OSU-UW11-863/2024|2024.260,41.7989,19.4118,38.8235,65.2941,38.2353,43.9943,17.7809,44.808,81.7923,43.3855,47.6573,24.7823,46.8855,72.3376,38.848,44.3669,24.6856,47.0424,60.0838,46.1109,42.4042,18.9427,41.8502,57.7093,38.7665,45.4106,23.2865,45.6942,69.42,39.1037,51.0582,33.1126,59.6026,70.1987,54.3046,47.971,27.5762,49.3469,63.8607,44.9927,-1,Cattle,B3.13
-1,EPI_ISL_19091701|A/dairycow/NewMexico/A240920343-90/2024|2024.000,41.7989,19.4118,38.8235,65.2941,38.8235,43.9232,17.7809,44.808,81.7923,42.6743,47.5904,24.7823,46.2157,72.3376,38.848,44.2272,24.6856,47.0424,59.6181,46.1109,42.3602,18.9427,42.2907,57.7093,38.326,45.3667,23.2865,45.6942,69.42,38.6643,50.7937,33.1126,58.2781,68.8742,54.3046,48.1159,29.0276,50.7983,65.312,44.9927,-1,Cattle,B3.13
-1,EPI_ISL_19091702|A/dairycow/NewMexico/A240920343-93/2024|2024.000,41.7989,19.4118,38.8235,65.2941,38.8235,43.9232,17.7809,44.808,81.7923,42.6743,47.5904,24.7823,46.2157,72.3376,38.848,44.2012,24.7086,47.0862,59.2075,46.1538,42.4042,18.9427,42.2907,58.5903,38.326,45.3667,23.2865,45.6942,69.42,38.6643,50.9259,33.1126,59.6026,68.8742,54.3046,48.1159,29.0276,50.7983,65.312,44.9927,-1,Cattle,B3.13
-1,EPI_ISL_19091703|A/dairycow/NewMexico/A240920343-96/2024|2024.000,41.7989,19.4118,38.8235,65.2941,38.8235,43.9232,17.7809,44.808,81.7923,42.6743,47.5904,24.7823,46.2157,72.3376,38.848,44.2272,24.6856,47.0424,59.6181,46.1109,42.3602,18.9427,42.2907,57.7093,38.326,45.3667,23.2865,45.6942,69.42,38.6643,50.9259,33.1126,59.6026,68.8742,54.3046,48.2609,29.0276,50.7983,65.312,44.9927,-1,Cattle,B3.13
-1,EPI_ISL_19091704|A/dairycow/NewMexico/A240920343-99/2024|2024.000,41.7989,19.4118,38.8235,65.2941,38.8235,43.8834,17.094,44.8718,81.9088,42.735,47.5904,24.7823,46.2157,72.3376,38.848,44.2272,24.6856,47.0424,59.6181,46.1109,42.3535,18.9762,42.3654,57.8111,38.3936,45.3427,23.3069,45.7344,69.4811,38.6983,50.9259,33.1126,59.6026,68.8742,54.3046,48.1159,29.0276,50.7983,65.312,44.9927,-1,Cattle,B3.13
-1,EPI_ISL_19091705|A/dairycow/NewMexico/A240920343-105/2024|2024.000,41.7989,19.4118,38.8235,65.2941,38.8235,43.9232,17.7809,44.808,81.7923,42.6743,47.5904,24.7823,46.2157,72.3376,38.848,44.2272,24.6856,47.0424,59.6181,46.1109,42.3602,18.9427,42.2907,57.7093,38.326,45.3667,23.2865,45.6942,69.42,38.6643,50.9259,33.1126,59.6026,68.8742,54.3046,48.1159,29.0276,50.7983,65.312,44.9927,-1,Cattle,B3.13
-1,EPI_ISL_19091706|A/dairycow/NewMexico/A240920343-108/2024|2024.000,41.7989,19.4118,38.8235,65.2941,38.8235,43.9232,17.7809,44.808,81.7923,42.6743,47.5904,24.7823,46.2157,72.3376,38.848,44.2272,24.6856,47.0424,59.6181,46.1109,42.3602,18.9427,42.2907,57.7093,38.326,45.3667,23.2865,45.6942,69.8594,38.6643,50.9259,33.1126,59.6026,68.8742,54.3046,48.1159,29.0276,50.7983,65.312,44.9927,-1,Cattle,B3.13
-1,EPI_ISL_19091707|A/dairycow/NewMexico/A240920343-115/2024|2024.000,41.7989,19.4118,38.8235,65.2941,38.2353,43.9232,17.0697,44.808,81.0811,42.6743,47.5904,24.7823,46.2157,72.3376,38.848,44.2737,24.6856,47.0424,59.6181,46.1109,42.3162,18.9427,41.8502,57.7093,37.8855,45.4106,23.2865,45.6942,69.8594,38.6643,51.0582,33.1126,59.6026,70.1987,54.3046,48.2609,27.5762,49.3469,65.312,44.9927,-1,Cattle,B3.13
-1,EPI_ISL_19091708|A/dairycow/NewMexico/A240920343-119/2024|2024.000,41.7989,19.4118,38.8235,65.2941,38.8235,43.9943,18.4922,44.808,81.7923,42.6743,47.5904,24.7823,46.2157,72.3376,38.848,44.2272,24.6856,47.0424,59.6181,46.1109,42.3602,18.9427,42.2907,57.7093,38.326,45.3667,23.2865,45.6942,69.42,38.6643,50.9259,33.1126,59.6026,68.8742,54.3046,48.1159,29.0276,50.7983,65.312,44.9927,-1,Cattle,B3.13
-1,EPI_ISL_19094434|A/mallard/Colorado/24-003181-003/2024|2024.071,41.9165,18.8235,38.2353,65.8824,38.2353,43.9232,17.7809,45.5192,80.3698,41.963,48.1258,24.1125,48.8948,74.347,42.8667,44.2737,24.6856,47.5082,59.1523,45.6451,42.2721,19.8238,41.8502,57.7093,37.4449,44.7519,22.8471,40.8612,68.9807,39.9824,51.455,33.1126,60.9272,72.8477,55.6291,47.971,27.5762,47.8955,63.8607,44.9927,-1,Avian,B3.12
-1,EPI_ISL_19094435|A/woodduck/Mississippi/24-004235-001/2024|2024.096,42.0929,18.8235,38.2353,65.2941,40.5882,44.2786,19.2034,44.0967,82.5036,42.6743,47.7242,27.4615,47.5553,75.0167,36.1688,44.7858,23.2883,47.9739,64.2757,51.7,42.7565,18.5022,40.0881,59.4714,39.207,45.7181,24.6046,43.058,70.7381,43.058,50.3968,33.1126,59.6026,71.5232,51.6556,47.1014,23.2221,46.4441,65.312,53.701,-1,Avian,C2.1
-1,EPI_ISL_19094436|A/mallard/Maine/24-004330-001/2024|2024.082,42.2105,18.2353,38.2353,65.2941,42.3529,44.2075,19.2034,44.0967,82.5036,43.3855,47.7242,27.4615,47.5553,76.3563,34.8292,44.879,22.3568,47.0424,63.81,53.0973,42.9767,18.5022,41.4097,59.4714,40.5286,45.8937,24.6046,43.058,71.1775,43.4974,50.5291,33.1126,59.6026,71.5232,51.6556,46.9565,21.7707,47.8955,63.8607,55.1524,-1,Avian,C2.1
-1,EPI_ISL_19094437|A/duck/Maine/24-004330-036/2024|2024.082,42.2105,18.2353,38.2353,65.8824,41.1765,44.3497,19.2034,44.808,82.5036,43.3855,47.7912,27.4615,47.5553,76.3563,35.499,44.879,22.3568,47.0424,63.81,53.0973,42.9767,18.5022,41.4097,59.4714,40.5286,45.8937,24.6046,43.058,71.6169,43.4974,50.5291,33.1126,59.6026,71.5232,51.6556,47.1014,23.2221,47.8955,63.8607,55.1524,-1,Avian,C2.1
-1,EPI_ISL_19094438|A/mallard/NewHampshire/24-004334-044/2024|2024.087,42.0341,16.4706,37.0588,65.2941,41.1765,44.3497,19.2034,44.0967,82.5036,43.3855,47.7242,27.4615,47.5553,75.0167,36.1688,44.8324,22.8225,47.0424,65.673,51.2343,42.7125,17.6211,40.5286,59.4714,40.0881,45.5863,25.0439,41.7399,70.2988,43.058,50.3968,33.1126,59.6026,71.5232,50.3311,46.9565,21.7707,47.8955,63.8607,55.1524,-1,Avian,C2.1
-1,EPI_ISL_19094439|A/Canadagoose/SouthCarolina/24-004559-002/2024|2024.098,42.328,18.8235,39.4118,65.8824,40,44.1365,18.4922,44.0967,81.7923,42.6743,47.5904,27.4615,47.5553,75.0167,36.1688,44.3669,25.1514,47.0424,58.6865,47.0424,42.7565,18.0617,40.9692,59.4714,38.326,45.762,24.1652,42.1793,71.1775,43.4974,50.3968,31.7881,59.6026,74.1722,51.6556,46.9565,23.2221,47.8955,63.8607,53.701,-1,Avian,Minor89
-1,EPI_ISL_19094440|A/turkey/SouthDakota/24_007379-002/2024|2024.183,41.8577,18.8235,38.2353,65.2941,39.4118,44.1365,17.7809,46.2304,82.5036,42.6743,47.925,26.7917,48.2251,73.6772,42.1969,44.3669,24.6856,47.5082,58.6865,47.0424,42.3602,18.9427,41.4097,57.2687,38.326,45.0154,21.9684,40.8612,67.6626,42.1793,51.3228,33.1126,60.9272,72.8477,54.3046,47.971,26.1248,47.8955,65.312,44.9927,-1,Avian,B3.6
-1,EPI_ISL_19094441|A/chicken/Maine/24-007946-001/2024|2024.197,42.0341,17.6471,37.6471,64.7059,41.1765,44.1365,19.2034,44.0967,81.7923,41.963,47.8581,28.1313,48.2251,75.0167,36.8386,44.7858,22.3568,47.5082,64.2757,51.7,42.8005,18.5022,40.9692,59.9119,39.207,45.9816,24.6046,43.4974,71.6169,43.9367,50.3968,33.1126,59.6026,71.5232,51.6556,47.2464,23.2221,47.8955,66.7634,55.1524,-1,Avian,C2.1
-1,EPI_ISL_19094443|A/feline/Montana/24-009038-001/2024|2024.213,42.0341,18.8235,38.8235,65.8824,39.4118,43.9943,17.7809,44.808,81.7923,40.5405,48.1258,27.4615,48.8948,74.347,42.1969,44.3203,25.1514,47.0424,59.1523,47.0424,42.4042,18.9427,42.2907,57.7093,37.8855,45.0154,22.4077,41.3005,68.5413,41.3005,51.0582,33.1126,60.9272,72.8477,54.3046,47.971,29.0276,49.3469,63.8607,44.9927,-1,Feline,B3.6
-1,EPI_ISL_19094444|A/dairy_cow/Texas/24_009109-002/2024|2024.216,41.8577,20,38.8235,65.2941,38.2353,43.9943,17.7809,45.5192,82.5036,42.6743,47.5904,24.7823,46.2157,72.3376,38.848,44.1806,24.2198,46.5766,59.6181,45.1793,42.3602,18.9427,41.8502,57.7093,37.8855,45.4106,23.2865,45.6942,69.8594,38.6643,51.0582,33.1126,59.6026,70.1987,54.3046,48.1159,27.5762,49.3469,65.312,44.9927,-1,Cattle,B3.13
-1,EPI_ISL_19094446|A/dairy_cow/Texas/24_009495-010/2024|2024.219,41.7989,19.4118,38.8235,65.2941,38.2353,43.9232,17.7809,44.808,81.7923,42.6743,47.6573,25.4521,46.2157,72.3376,39.5177,44.2272,24.2198,47.0424,59.6181,45.6451,42.3602,18.9427,41.8502,57.7093,37.8855,45.4106,23.2865,45.6942,69.8594,38.6643,51.1905,33.1126,59.6026,70.1987,55.6291,48.1159,27.5762,49.3469,65.312,44.9927,-1,Cattle,B3.13
-1,EPI_ISL_19094447|A/dairy_cow/Texas/24_009495-009/2024|2024.219,41.7989,19.4118,38.8235,65.2941,38.2353,43.9943,17.7809,44.808,82.5036,42.6743,47.5904,24.7823,46.2157,72.3376,38.848,44.2272,24.2198,47.0424,59.6181,45.6451,42.3602,18.9427,41.8502,57.7093,37.8855,45.4106,23.2865,45.6942,69.8594,38.6643,51.0582,33.1126,59.6026,70.1987,54.3046,48.1159,27.5762,49.3469,65.312,44.9927,-1,Cattle,B3.13
-1,EPI_ISL_19094448|A/dairy_cow/Texas/24_009495-008/2024|2024.219,41.7989,19.4118,38.8235,65.2941,38.2353,43.9943,17.7809,44.808,82.5036,42.6743,47.5904,24.7823,46.2157,72.3376,38.848,44.2272,24.2198,47.0424,59.6181,45.6451,42.3602,18.9427,41.8502,57.7093,37.8855,45.4106,23.2865,45.6942,69.8594,38.6643,51.0582,33.1126,59.6026,70.1987,54.3046,48.1159,27.5762,49.3469,65.312,44.9927,-1,Cattle,B3.13
-1,EPI_ISL_19094452|A/dairy_cow/Texas/24_009310-010/2024|2024.219,41.7989,19.4118,38.8235,65.2941,38.2353,43.9943,17.7809,44.808,81.7923,43.3855,47.5904,24.7823,46.8855,72.3376,38.1782,44.2737,24.6856,47.0424,59.6181,46.1109,42.3602,18.9427,41.8502,57.7093,37.8855,45.3667,23.2865,45.6942,69.42,38.6643,51.0582,33.1126,59.6026,70.1987,54.3046,47.971,27.5762,49.3469,63.8607,44.9927,-1,Cattle,B3.13
-1,EPI_ISL_19094454|A/dairy_cow/Texas/24_009310-007/2024|2024.219,41.7989,19.4118,38.8235,65.2941,38.2353,43.9232,17.7809,44.808,81.7923,42.6743,47.5904,24.7823,46.2157,72.3376,38.848,44.2272,24.2198,47.0424,59.6181,45.6451,42.4042,18.9427,41.8502,57.7093,38.7665,45.4545,23.2865,45.6942,69.8594,39.1037,51.1905,33.1126,59.6026,71.5232,54.3046,48.1159,27.5762,49.3469,65.312,44.9927,-1,Cattle,B3.13
-1,EPI_ISL_19094455|A/dairy_cow/Texas/24_009499-001/2024|2024.208,41.7402,19.4118,38.2353,65.2941,38.2353,43.9232,17.7809,44.808,81.7923,42.6743,47.6573,24.7823,46.8855,72.3376,38.848,44.3203,24.6856,47.0424,59.6181,46.1109,42.3602,19.3833,41.8502,57.7093,37.8855,45.3667,23.2865,45.6942,69.42,38.6643,51.0582,33.1126,59.6026,70.1987,54.3046,48.1159,27.5762,49.3469,65.312,44.9927,-1,Cattle,B3.13
-1,EPI_ISL_19094456|A/dairycow/Kansas/24_009497-014/2024|2024.230,41.7989,19.4118,38.8235,65.2941,38.2353,43.9943,17.7809,44.808,81.7923,42.6743,47.5234,24.7823,46.2157,72.3376,38.848,44.3203,24.6856,47.0424,60.0838,46.1109,42.3162,18.9427,41.8502,57.7093,37.8855,45.3667,23.2865,45.6942,69.42,38.6643,51.1905,33.1126,59.6026,70.1987,55.6291,48.1159,29.0276,50.7983,65.312,44.9927,-1,Cattle,B3.13
-1,EPI_ISL_19094457|A/dairycow/Kansas/24_009497-012/2024|2024.230,41.8577,19.4118,38.8235,65.2941,38.8235,43.9232,17.7809,44.808,81.0811,42.6743,47.5904,24.7823,46.2157,72.3376,38.848,44.3669,25.1514,47.5082,59.6181,46.1109,42.3602,18.9427,41.8502,57.7093,37.8855,45.4545,23.7258,46.1336,69.42,39.1037,51.1905,33.1126,59.6026,70.1987,55.6291,48.1159,27.5762,49.3469,65.312,44.9927,-1,Cattle,B3.13
-1,EPI_ISL_19094458|A/dairycow/Michigan/24_009027-001/2024|2024.227,41.7989,19.4118,38.8235,65.2941,38.2353,43.9943,17.7809,44.808,81.7923,43.3855,47.6573,24.7823,46.8855,72.3376,38.848,44.3669,24.6856,47.0424,60.0838,46.1109,42.3602,18.9427,41.8502,57.7093,37.8855,45.3667,23.2865,45.6942,68.5413,39.1037,51.0582,33.1126,59.6026,70.1987,54.3046,47.971,27.5762,49.3469,63.8607,44.9927,-1,Cattle,B3.13
-1,EPI_ISL_19094459|A/dairycow/NewMexico/24_010330-003/2024|2024.249,41.7989,19.4118,38.8235,65.2941,38.8235,43.9232,17.7809,44.808,81.7923,42.6743,47.5904,24.7823,46.2157,72.3376,38.848,44.1806,24.6856,47.0424,59.1523,46.1109,42.4042,18.9427,42.2907,58.5903,38.326,45.3667,23.2865,45.6942,69.42,38.6643,50.9259,33.1126,59.6026,68.8742,54.3046,48.1159,29.0276,50.7983,65.312,44.9927,-1,Cattle,B3.13
-1,EPI_ISL_19094460|A/dairycow/NewMexico/24_010330-005/2024|2024.249,41.7989,19.4118,38.8235,65.2941,38.8235,43.9232,17.7809,44.808,81.7923,42.6743,47.5904,24.7823,46.2157,72.3376,38.848,44.2272,24.6856,47.0424,59.6181,46.1109,42.3602,18.9427,42.2907,57.7093,38.326,45.3667,23.2865,45.6942,69.42,38.6643,50.9259,33.1126,59.6026,68.8742,54.3046,48.1159,29.0276,50.7983,65.312,44.9927,-1,Cattle,B3.13
-1,EPI_ISL_19094463|A/dairycow/Texas/24_009110-027/2024|2024.199,41.9165,20.5882,40,64.1176,37.6471,43.9232,17.7809,44.808,81.7923,42.6743,47.5904,24.7823,46.2157,72.3376,38.848,44.1806,24.6856,47.0424,59.1523,46.1109,42.4483,19.3833,41.8502,57.7093,38.326,45.4106,23.2865,45.6942,69.8594,38.6643,50.9259,33.1126,58.2781,68.8742,54.3046,47.971,27.5762,49.3469,63.8607,44.9927,-1,Cattle,B3.13
-1,EPI_ISL_19094464|A/dairycow/Texas/24_009110-026/2024|2024.199,41.9753,20.5882,39.4118,65.8824,37.6471,43.9232,17.7809,44.808,81.7923,42.6743,47.5904,24.7823,46.2157,72.3376,38.848,44.2737,24.6856,47.0424,59.1523,46.1109,42.4483,19.3833,41.8502,57.7093,38.326,45.4106,23.2865,45.6942,69.8594,38.6643,50.9259,33.1126,58.2781,68.8742,54.3046,47.8261,27.5762,49.3469,63.8607,44.9927,-1,Cattle,B3.13
-1,EPI_ISL_19094465|A/dairycow/Texas/24_009110-025/2024|2024.199,41.9165,20.5882,39.4118,65.2941,37.6471,43.9232,17.7809,44.808,81.7923,42.6743,47.5904,24.7823,46.2157,72.3376,38.848,44.2272,24.6856,47.0424,59.1523,46.1109,42.4483,19.3833,41.8502,57.7093,38.326,45.4106,23.2865,45.6942,69.8594,38.6643,50.9259,33.1126,58.2781,68.8742,54.3046,47.971,27.5762,49.3469,63.8607,44.9927,-1,Cattle,B3.13
-1,EPI_ISL_19094466|A/dairycow/Texas/24_009110-024/2024|2024.199,41.9165,20.5882,39.4118,65.2941,37.6471,43.9232,17.7809,44.808,81.7923,42.6743,47.5904,24.7823,46.2157,72.3376,38.848,44.2272,24.6856,47.0424,59.1523,46.1109,42.4483,19.3833,41.8502,57.7093,38.326,45.4106,23.2865,45.6942,69.8594,38.6643,50.9259,33.1126,58.2781,68.8742,54.3046,47.971,27.5762,49.3469,63.8607,44.9927,-1,Cattle,B3.13
-1,EPI_ISL_19094467|A/dairycow/Texas/24_009109-005/2024|2024.216,41.7989,19.4118,38.8235,65.2941,38.2353,43.9232,17.7809,44.808,81.7923,42.6743,47.5904,24.7823,46.2157,72.3376,38.848,44.2272,24.2198,47.0424,59.6181,45.6451,42.3602,18.9427,41.8502,57.7093,37.8855,45.4106,23.2865,45.6942,69.8594,38.6643,51.0582,33.1126,59.6026,70.1987,54.3046,48.1159,27.5762,49.3469,65.312,44.9927,-1,Cattle,B3.13
-1,EPI_ISL_19094468|A/dairycow/Texas/24_009109-004/2024|2024.216,41.7989,19.4118,38.8235,65.2941,38.2353,43.9232,17.7809,44.808,81.7923,42.6743,47.6573,24.7823,46.2157,73.0074,38.848,44.2272,24.2198,47.0424,59.6181,45.6451,42.3602,18.9427,41.8502,57.7093,37.8855,45.4106,23.2865,45.6942,69.8594,38.6643,51.0582,33.1126,59.6026,70.1987,54.3046,48.1159,27.5762,49.3469,65.312,44.9927,-1,Cattle,B3.13
-1,EPI_ISL_19094469|A/dairycow/Texas/24_009109-003/2024|2024.216,41.7402,19.4118,38.8235,65.2941,38.2353,43.9943,17.7809,44.808,81.7923,43.3855,47.6573,24.7823,46.8855,72.3376,38.848,44.3203,24.6856,47.0424,60.0838,46.1109,42.3602,18.9427,41.8502,57.7093,37.8855,45.4106,23.2865,45.6942,69.42,39.1037,51.0582,33.1126,59.6026,70.1987,54.3046,47.971,27.5762,49.3469,63.8607,44.9927,-1,Cattle,B3.13
-1,EPI_ISL_19094470|A/dairycow/Texas/24_009109-001/2024|2024.216,41.6814,19.4118,38.8235,65.2941,37.6471,43.9232,17.7809,44.808,81.7923,42.6743,47.5904,24.7823,46.2157,72.3376,38.848,44.2272,24.2198,47.0424,59.6181,45.6451,42.4658,20.1005,42.0283,57.1037,37.9169,45.4106,23.2865,45.6942,69.8594,38.6643,50.7937,33.1126,59.6026,68.8742,54.3046,48.1159,27.5762,49.3469,65.312,44.9927,-1,Cattle,B3.13
-1,EPI_ISL_19094471|A/dairycow/Texas/24_009108-007/2024|2024.216,41.7989,19.4118,38.8235,65.2941,38.2353,43.9232,17.7809,44.808,81.7923,42.6743,47.6573,24.7823,46.8855,72.3376,38.848,44.2272,24.2198,47.0424,59.6181,45.6451,42.3602,18.9427,41.8502,57.7093,37.8855,45.4106,23.2865,45.6942,69.8594,38.6643,51.0582,33.1126,59.6026,70.1987,54.3046,48.1159,27.5762,49.3469,65.312,44.9927,-1,Cattle,B3.13
-1,EPI_ISL_19094472|A/dairycow/Texas/24_008749-008/2024|2024.216,41.8577,19.4118,38.8235,65.8824,38.2353,43.9943,17.7809,44.808,81.7923,42.6743,47.5904,24.7823,46.2157,72.3376,38.848,44.2737,24.6856,47.0424,59.6181,46.1109,42.3602,18.9427,41.8502,57.7093,37.8855,45.3667,23.2865,45.6942,69.42,38.6643,51.0582,33.1126,59.6026,70.1987,54.3046,47.971,26.1248,49.3469,65.312,44.9927,-1,Cattle,B3.13
-1,EPI_ISL_19094479|A/dairycow/Texas/24_008660-002/2024|2024.216,41.7402,19.4118,38.2353,65.2941,38.2353,43.9232,17.7809,44.0967,81.7923,42.6743,47.5234,24.1125,46.2157,71.6678,38.848,44.2737,24.6856,47.0424,59.6181,46.1109,42.3162,18.9427,41.8502,57.7093,37.8855,45.3667,23.2865,45.6942,69.42,38.6643,51.0582,33.1126,59.6026,70.1987,54.3046,48.1159,27.5762,49.3469,65.312,44.9927,-1,Cattle,B3.13
-1,EPI_ISL_19094481|A/dairycow/NorthCarolina/24_010327-003/2024|2024.257,41.7402,19.4118,38.8235,65.2941,37.6471,43.8522,17.0697,44.0967,81.7923,42.6743,47.6573,24.7823,46.2157,72.3376,38.848,44.46,25.6171,47.5082,59.6181,46.1109,42.3602,18.9427,41.8502,57.7093,37.8855,45.2789,23.2865,45.6942,68.5413,39.1037,51.0582,33.1126,59.6026,70.1987,54.3046,48.1159,27.5762,49.3469,65.312,44.9927,-1,Cattle,B3.13
-1,EPI_ISL_19094483|A/chicken/Texas/24_007264-003/2024|2024.180,41.8577,20,38.8235,65.2941,38.2353,43.9232,17.7809,44.808,81.7923,42.6743,47.5904,24.7823,46.2157,72.3376,38.848,44.2737,24.6856,47.0424,59.6181,46.1109,42.4042,18.9427,41.8502,57.7093,38.326,45.3228,23.2865,45.6942,69.42,37.7856,51.0582,33.1126,59.6026,70.1987,54.3046,48.1159,27.5762,49.3469,65.312,44.9927,-1,Avian,B3.13
-1,EPI_ISL_19094485|A/chicken/Oregon/24_007557-001/2024|2024.180,42.0341,19.4118,39.4118,64.7059,39.4118,44.0654,17.7809,45.5192,82.5036,41.963,47.8581,26.7917,47.5553,73.6772,40.8573,44.0875,24.6856,47.0424,58.6865,46.1109,42.096,18.9427,41.8502,55.9471,37.0044,44.8836,22.8471,40.8612,68.1019,41.3005,51.1905,33.1126,60.9272,72.8477,54.3046,48.1159,27.5762,49.3469,63.8607,44.9927,-1,Avian,B3.6
-1,EPI_ISL_19094486|A/chicken/Minnesota/24_007263-003/2024|2024.180,41.9165,18.8235,38.8235,64.7059,39.4118,43.9232,17.7809,44.808,81.7923,41.963,48.0589,28.1313,48.2251,74.347,40.8573,44.2272,24.2198,47.0424,59.1523,46.1109,42.2721,18.9427,41.8502,57.7093,37.0044,44.8836,22.4077,40.8612,68.1019,42.1793,51.3228,33.1126,60.9272,72.8477,54.3046,47.971,27.5762,49.3469,63.8607,44.9927,-1,Avian,B3.6
-1,EPI_ISL_19094487|A/chicken/Minnesota/24_007263-002/2024|2024.180,41.9165,18.8235,38.8235,64.7059,39.4118,43.9232,17.7809,44.808,81.7923,41.963,48.0589,28.1313,48.2251,74.347,40.8573,44.2737,24.2198,47.0424,59.1523,46.1109,42.2721,18.9427,41.8502,57.7093,37.0044,44.8836,22.4077,40.8612,68.1019,42.1793,51.3228,33.1126,60.9272,72.8477,54.3046,47.8261,26.1248,47.8955,63.8607,44.9927,-1,Avian,B3.6
-1,EPI_ISL_19094488|A/chicken/Michigan/24_010308-012/2024|2024.262,41.7989,19.4118,38.8235,65.2941,38.2353,43.9943,17.7809,44.808,81.7923,43.3855,47.6573,24.7823,46.8855,72.3376,38.848,44.3669,24.6856,47.0424,60.0838,46.1109,42.3162,18.9427,41.8502,57.7093,37.4449,45.4106,23.2865,45.6942,69.8594,39.1037,50.9259,33.1126,59.6026,70.1987,54.3046,47.971,27.5762,49.3469,63.8607,44.9927,-1,Avian,B3.13
-1,EPI_ISL_19094489|A/chicken/Michigan/24_010308-007/2024|2024.262,41.7989,19.4118,38.8235,65.2941,38.2353,43.9943,17.7809,44.808,81.7923,43.3855,47.6573,24.7823,46.8855,72.3376,38.848,44.3669,24.6856,47.0424,60.0838,46.1109,42.3602,18.9427,41.8502,57.7093,37.8855,45.4106,23.2865,45.6942,69.42,39.1037,50.9259,33.1126,59.6026,70.1987,54.3046,47.971,27.5762,49.3469,63.8607,44.9927,-1,Avian,B3.13
-1,EPI_ISL_19094490|A/chicken/Michigan/24_009582-002/2024|2024.249,41.7989,19.4118,38.8235,65.2941,38.2353,43.9943,17.7809,44.808,81.7923,43.3855,47.6573,24.7823,46.8855,72.3376,38.848,44.3669,24.6856,47.0424,60.0838,46.1109,42.3602,18.9427,41.8502,57.7093,37.8855,45.4106,23.2865,45.6942,69.42,39.1037,50.9259,33.1126,59.6026,70.1987,54.3046,47.971,27.5762,49.3469,63.8607,44.9927,-1,Avian,B3.13
-1,EPI_ISL_19094491|A/chicken/Michigan/24_009582-001/2024|2024.249,41.7989,19.4118,38.8235,65.2941,38.2353,43.9943,17.7809,44.808,81.7923,43.3855,47.6573,24.7823,46.8855,72.3376,38.848,44.3669,24.6856,47.0424,60.0838,46.1109,42.3602,18.9427,41.8502,57.7093,37.8855,45.4106,23.2865,45.6942,69.42,39.1037,50.9259,33.1126,59.6026,70.1987,54.3046,47.971,27.5762,49.3469,63.8607,44.9927,-1,Avian,B3.13
-1,EPI_ISL_19094492|A/commonraven/California/24_007417-001/2024|2024.137,41.8577,18.2353,39.4118,65.2941,39.4118,44.0813,17.4419,45.7849,83.5756,42.1512,47.8581,26.7917,48.2251,73.0074,40.8573,44.1806,24.6856,47.0424,58.6865,45.1793,42.4042,19.8238,41.4097,58.1498,37.4449,44.7079,22.4077,40.4218,66.7838,41.3005,51.1905,33.1126,60.9272,72.8477,52.9801,48.1159,27.5762,49.3469,63.8607,44.9927,-1,Avian,B3.6
-1,EPI_ISL_19094496|A/turkey/Minnesota/24_007263-001/2024|2024.180,41.9165,18.8235,38.8235,64.7059,39.4118,43.9232,17.7809,44.808,81.7923,41.963,48.0589,28.1313,48.2251,74.347,40.8573,44.2737,24.2198,47.0424,59.1523,46.1109,42.2721,18.9427,41.8502,57.7093,37.0044,44.8836,22.4077,40.8612,68.1019,42.1793,51.3228,33.1126,60.9272,72.8477,54.3046,47.971,27.5762,49.3469,63.8607,44.9927,-1,Avian,B3.6
-1,EPI_ISL_19094498|A/snowgoose/Colorado/24_007706-001/2024|2024.156,41.9753,18.8235,38.8235,65.2941,40.5882,44.1365,18.4922,44.808,83.926,41.963,48.1258,27.4615,48.2251,73.6772,42.8667,44.3203,26.0829,47.0424,59.1523,46.1109,42.4042,19.3833,42.2907,57.7093,37.4449,44.8397,21.9684,40.8612,68.1019,41.3005,51.0582,31.7881,60.9272,72.8477,54.3046,47.8261,27.5762,49.3469,62.4093,44.9927,-1,Avian,B3.6
-1,EPI_ISL_19094499|A/skunk/Washington/24_005959-003/2024|2024.145,42.0341,18.8235,39.4118,65.8824,39.4118,44.1365,17.0697,44.808,82.5036,41.963,47.7242,26.1219,47.5553,73.6772,40.1875,44.2737,24.6856,47.0424,59.1523,46.1109,42.3162,18.9427,41.8502,57.2687,38.326,44.8397,21.9684,40.8612,68.5413,40.8612,51.3228,33.1126,60.9272,72.8477,54.3046,48.2609,27.5762,49.3469,65.312,44.9927,-1,Skunk,B3.6
-1,EPI_ISL_19094501|A/skunk/Washington/24_005959-001/2024|2024.145,42.1517,19.4118,40,65.8824,39.4118,44.1365,17.0697,44.808,82.5036,41.963,47.7242,26.1219,47.5553,73.6772,40.1875,44.2272,24.6856,47.0424,58.6865,46.1109,42.3162,18.9427,41.8502,57.2687,38.326,44.7958,21.9684,40.8612,68.1019,40.8612,51.1905,33.1126,60.9272,71.5232,54.3046,48.2609,27.5762,49.3469,65.312,44.9927,-1,Skunk,B3.6
-1,EPI_ISL_19094504|A/skunk/Montana/24_007939-001/2024|2024.191,42.0341,18.2353,37.6471,65.2941,39.4118,43.9232,17.7809,44.808,83.2148,41.2518,47.925,26.7917,48.2251,73.6772,40.8573,44.2737,25.6171,46.1109,59.1523,46.5766,42.2281,19.8238,41.8502,57.7093,36.5639,44.8836,21.9684,40.4218,67.6626,41.3005,51.1905,30.4636,60.9272,71.5232,55.6291,47.971,27.5762,49.3469,62.4093,47.8955,-1,Skunk,B3.6
-1,EPI_ISL_19094505|A/muteswan/California/24_005918-001/2024|2024.098,41.9753,18.2353,38.8235,65.2941,39.4118,43.9943,17.7809,45.5192,81.7923,42.6743,48.1258,27.4615,47.5553,75.0167,42.1969,44.1341,24.6856,46.1109,59.1523,45.6451,42.3602,18.9427,40.9692,56.8282,37.8855,44.7958,22.4077,39.5431,68.9807,40.4218,51.5873,34.4371,63.5762,74.1722,55.6291,47.6812,27.5762,49.3469,62.4093,44.9927,-1,Avian,B3.6
-1,EPI_ISL_19094506|A/mountainlion/Montana/24_010315-001/2024|2024.249,42.0341,18.8235,38.8235,65.2941,39.4118,44.0654,18.4922,44.808,84.6373,41.963,47.992,26.7917,48.2251,73.0074,42.8667,44.4134,25.1514,47.5082,60.0838,46.1109,42.3602,18.9427,41.8502,58.1498,37.4449,45.1032,22.4077,40.8612,68.9807,42.6186,51.0582,33.1126,60.9272,72.8477,54.3046,47.3913,27.5762,49.3469,62.4093,43.5414,-1,Mountain_Lion,B3.6
-1,EPI_ISL_19094508|A/mallard/Minnesota/24_006961-018/2024|2024.158,41.7989,19.4118,38.8235,65.8824,39.4118,43.8522,17.7809,43.3855,82.5036,41.963,47.8581,26.7917,48.2251,73.6772,40.8573,43.9479,24.2198,46.5766,57.755,45.6451,42.4042,19.3833,41.8502,57.7093,37.4449,44.8836,22.4077,40.8612,67.6626,41.7399,51.3228,33.1126,60.9272,72.8477,54.3046,48.1159,27.5762,49.3469,63.8607,44.9927,-1,Avian,B3.6
-1,EPI_ISL_19094513|A/turkey/SouthDakota/24_007379-001/2024|2024.183,41.8577,18.8235,38.2353,65.2941,39.4118,44.1365,17.7809,46.2304,82.5036,42.6743,47.925,26.7917,48.2251,73.6772,42.1969,44.3669,24.6856,47.5082,58.6865,47.0424,42.3602,18.9427,41.4097,57.2687,38.326,45.0593,21.9684,40.8612,68.1019,42.1793,51.3228,33.1126,60.9272,72.8477,54.3046,47.971,26.1248,47.8955,65.312,44.9927,-1,Avian,B3.6
-1,EPI_ISL_19094514|A/canadagoose/Missouri/24_006385-003/2024|2024.142,41.9165,17.6471,37.6471,65.2941,40,44.2786,17.0697,45.5192,82.5036,41.963,48.0589,27.4615,49.5646,77.0261,40.8573,44.0875,24.6856,45.6451,58.2208,46.1109,42.2721,19.3833,41.8502,57.7093,37.8855,45.5863,25.0439,44.8155,68.9807,39.1037,51.1905,33.1126,59.6026,72.8477,54.3046,48.1159,27.5762,49.3469,63.8607,44.9927,-1,Avian,B3.7
-1,EPI_ISL_19094515|A/canadagoose/Indiana/24_008719-001/2024|2024.194,41.9753,18.8235,38.8235,65.8824,38.8235,43.9943,18.4922,44.808,81.0811,41.963,47.925,27.4615,46.8855,73.6772,42.1969,44.3203,24.2198,47.0424,59.1523,46.1109,42.3602,18.5022,41.8502,57.7093,37.4449,44.7519,21.9684,40.4218,68.1019,41.3005,51.1905,33.1126,60.9272,72.8477,54.3046,47.8261,27.5762,49.3469,62.4093,44.9927,-1,Avian,B3.6
-1,EPI_ISL_19094582|A/dairycow/Texas/24_009495-003/2024|2024.219,41.7989,19.4118,38.8235,65.2941,38.2353,43.9232,17.7809,44.808,81.7923,42.6743,47.5904,24.7823,46.2157,72.3376,38.848,44.2272,24.2198,47.0424,59.6181,45.6451,42.3602,18.9427,41.8502,57.7093,37.8855,45.4106,23.2865,45.6942,69.8594,38.6643,51.0582,33.1126,59.6026,70.1987,54.3046,48.1159,27.5762,49.3469,65.312,44.9927,-1,Cattle,B3.13
-1,EPI_ISL_19094583|A/dairycow/Texas/24_009495-011/2024|2024.219,41.7989,19.4118,38.8235,65.2941,38.2353,43.8522,17.7809,44.808,80.3698,42.6743,47.6573,24.7823,46.8855,72.3376,38.848,44.2737,24.6856,47.0424,59.6181,46.1109,42.3602,18.9427,41.8502,57.7093,37.8855,45.4106,23.7258,45.6942,69.42,38.6643,51.0582,33.1126,59.6026,70.1987,54.3046,48.1159,27.5762,49.3469,65.312,44.9927,-1,Cattle,B3.13
-1,EPI_ISL_19094584|A/dairycow/Texas/24_009495-012/2024|2024.219,41.7989,19.4118,38.8235,65.2941,38.2353,43.9943,17.7809,44.808,82.5036,42.6743,47.5904,24.7823,46.2157,72.3376,38.848,44.2272,24.2198,47.0424,59.6181,45.6451,42.3602,18.9427,41.8502,57.7093,37.8855,45.4106,23.2865,45.6942,69.8594,38.6643,51.0582,33.1126,59.6026,70.1987,54.3046,48.1159,27.5762,49.3469,65.312,44.9927,-1,Cattle,B3.13
-1,EPI_ISL_19094585|A/dairycow/Texas/24_009775-001/2024|2024.189,41.9165,20,38.8235,65.2941,38.2353,43.9943,17.7809,44.808,81.7923,42.6743,47.5904,24.7823,46.2157,72.3376,38.848,44.3669,25.1514,47.0424,59.6181,46.5766,42.3602,18.9427,41.8502,57.7093,37.8855,45.4106,23.2865,45.6942,69.42,39.1037,51.0582,33.1126,59.6026,70.1987,54.3046,48.1159,27.5762,49.3469,65.312,44.9927,-1,Cattle,B3.13
-1,EPI_ISL_19094586|A/dairycow/Texas/24_009776-001/2024|2024.189,41.7989,19.4118,38.8235,65.2941,38.2353,43.9232,17.7809,44.808,81.7923,42.6743,47.6573,24.7823,46.8855,72.3376,38.848,44.2272,24.6856,47.0424,59.6181,46.1109,42.4042,18.9427,41.8502,58.1498,37.8855,45.4106,23.7258,45.6942,69.8594,38.6643,51.0582,33.1126,59.6026,70.1987,54.3046,48.1159,27.5762,49.3469,65.312,44.9927,-1,Cattle,B3.13
-1,EPI_ISL_19094587|A/dairycow/Texas/24_009776-002/2024|2024.189,41.7402,19.4118,38.8235,65.2941,38.2353,43.9232,17.7809,44.808,81.7923,42.6743,47.7242,24.7823,46.8855,72.3376,38.848,44.2272,24.6856,47.0424,59.6181,46.1109,42.4042,18.9427,41.8502,58.1498,37.8855,45.3667,23.7258,45.6942,69.42,38.6643,51.0582,33.1126,59.6026,70.1987,54.3046,48.1159,27.5762,49.3469,65.312,44.9927,-1,Cattle,B3.13
-1,EPI_ISL_19094588|A/dairycow/Texas/24_009776-004/2024|2024.189,41.7989,19.4118,38.8235,65.2941,38.2353,43.9232,17.7809,44.808,81.7923,42.6743,47.6573,24.7823,46.8855,72.3376,38.848,44.2272,24.6856,47.0424,59.6181,46.1109,42.4042,18.9427,41.8502,58.1498,37.8855,45.4106,23.7258,45.6942,69.8594,38.6643,51.1905,34.4371,59.6026,70.1987,54.3046,48.1159,27.5762,49.3469,65.312,44.9927,-1,Cattle,B3.13
-1,EPI_ISL_19094589|A/dairycow/Texas/24_009776-015/2024|2024.189,41.7989,19.4118,38.8235,65.2941,38.2353,43.9232,17.7809,44.808,81.7923,42.6743,47.7242,24.7823,46.8855,72.3376,38.848,44.2737,24.6856,47.0424,60.5496,46.1109,42.4042,18.9427,41.8502,58.1498,37.8855,45.4106,23.7258,45.6942,69.8594,38.6643,51.0582,33.1126,59.6026,70.1987,54.3046,48.1159,27.5762,49.3469,65.312,44.9927,-1,Cattle,B3.13
-1,EPI_ISL_19094590|A/dairycow/Texas/24_010331-001/2024|2024.199,41.7989,19.4118,38.8235,65.2941,38.2353,43.8522,17.7809,44.808,80.3698,42.6743,47.6573,24.7823,46.8855,72.3376,38.848,44.3203,24.6856,47.5082,59.6181,46.5766,42.4042,19.3833,41.8502,57.7093,38.326,45.3228,23.2865,45.2548,69.42,38.6643,50.9259,33.1126,59.6026,68.8742,54.3046,48.1159,27.5762,49.3469,65.312,44.9927,-1,Cattle,B3.13
-1,EPI_ISL_19094591|A/dairycow/Texas/24_010513-002/2024|2024.216,41.7402,19.4118,38.8235,65.2941,38.2353,43.9943,17.7809,44.808,81.7923,42.6743,47.5234,24.7823,46.2157,72.3376,38.848,44.3203,24.6856,46.5766,60.0838,46.1109,42.3162,18.9427,41.8502,57.2687,37.8855,45.3667,23.2865,45.6942,69.42,38.6643,51.0582,33.1126,59.6026,70.1987,54.3046,47.971,27.5762,47.8955,63.8607,44.9927,-1,Cattle,B3.13
-1,EPI_ISL_19094592|A/dairycow/Texas/24_010513-003/2024|2024.216,41.7989,19.4118,38.8235,65.2941,38.2353,43.9943,17.7809,44.808,81.7923,42.6743,47.5904,24.7823,46.2157,73.0074,38.848,44.2737,24.6856,47.0424,59.6181,46.1109,42.3162,18.9427,41.4097,57.7093,37.8855,45.3667,23.2865,45.6942,69.42,38.6643,50.9259,33.1126,59.6026,70.1987,54.3046,48.1159,29.0276,49.3469,65.312,44.9927,-1,Cattle,B3.13
-1,EPI_ISL_19094593|A/dairycow/Texas/24_010513-004/2024|2024.216,41.7989,19.4118,38.8235,65.2941,38.2353,43.9232,17.7809,44.808,81.7923,42.6743,47.5904,24.7823,46.2157,72.3376,38.848,44.3203,24.6856,47.5082,59.6181,46.1109,42.3602,18.9427,41.8502,57.7093,37.8855,45.3667,23.7258,45.6942,68.9807,39.1037,51.0582,33.1126,59.6026,70.1987,54.3046,48.1159,27.5762,49.3469,65.312,44.9927,-1,Cattle,B3.13
-1,EPI_ISL_19094594|A/dairycow/Texas/24_010513-006/2024|2024.238,41.8577,19.4118,38.8235,65.8824,38.2353,43.9943,17.7809,44.808,81.7923,42.6743,47.6573,24.7823,46.2157,73.0074,38.848,44.3669,25.1514,47.0424,59.6181,47.0424,42.3162,18.9427,41.8502,57.7093,37.8855,45.3228,23.2865,45.6942,69.42,38.225,51.0582,33.1126,59.6026,70.1987,54.3046,48.2609,29.0276,49.3469,65.312,44.9927,-1,Cattle,B3.13
-1,EPI_ISL_19094595|A/dairycow/Texas/24_010513-007/2024|2024.216,41.7989,19.4118,38.8235,65.2941,38.2353,43.9943,17.7809,44.808,81.7923,42.6743,47.6573,24.7823,46.2157,72.3376,38.848,44.2272,24.6856,47.0424,59.6181,46.1109,42.3602,18.9427,41.8502,57.7093,37.8855,45.3667,23.2865,45.6942,69.42,38.6643,51.0582,33.1126,59.6026,70.1987,54.3046,48.1159,27.5762,49.3469,65.312,44.9927,-1,Cattle,B3.13
-1,EPI_ISL_19094596|A/dairycow/Texas/24_010514-002/2024|2024.254,41.8577,19.4118,38.8235,65.2941,38.8235,44.0654,17.7809,44.808,82.5036,42.6743,47.5904,24.7823,46.2157,72.3376,38.848,44.3669,25.1514,47.5082,59.6181,46.1109,42.4042,19.3833,41.8502,57.7093,38.326,45.3667,23.2865,45.6942,69.42,39.1037,51.1905,33.1126,59.6026,70.1987,55.6291,48.1159,27.5762,49.3469,65.312,44.9927,-1,Cattle,B3.13
-1,EPI_ISL_19094597|A/chicken/Indiana/24_005716-002/2024|2024.139,41.7402,18.2353,38.8235,65.2941,38.8235,43.8522,17.7809,44.808,81.0811,42.6743,47.7242,26.1219,47.5553,73.0074,40.8573,44.2272,24.6856,47.0424,58.2208,46.1109,42.3602,18.9427,41.4097,57.7093,37.4449,44.8397,21.529,40.8612,67.6626,41.3005,51.0582,31.7881,60.9272,72.8477,52.9801,47.6812,26.1248,49.3469,62.4093,44.9927,-1,Avian,B3.6
-1,EPI_ISL_19094598|A/chicken/Indiana/24_005716-003/2024|2024.139,41.7989,18.2353,38.8235,65.2941,39.4118,43.9232,17.7809,44.808,81.0811,42.6743,47.7912,26.1219,48.2251,73.0074,40.8573,44.2737,24.6856,47.0424,58.2208,46.5766,42.3602,18.9427,41.4097,57.7093,37.4449,44.8397,21.529,40.8612,67.6626,41.3005,51.0582,31.7881,60.9272,72.8477,52.9801,47.8261,26.1248,49.3469,62.4093,44.9927,-1,Avian,B3.6
-1,EPI_ISL_19094599|A/chicken/Indiana/24_005716-006/2024|2024.139,41.7402,18.2353,38.2353,65.2941,38.8235,43.9232,17.7809,44.808,81.0811,42.6743,47.7242,26.1219,47.5553,73.0074,40.8573,44.2737,24.6856,47.0424,58.2208,46.5766,42.3602,18.9427,41.4097,57.7093,37.4449,44.8397,21.529,40.8612,67.6626,41.3005,51.0582,31.7881,60.9272,72.8477,52.9801,47.8261,26.1248,49.3469,62.4093,44.9927,-1,Avian,B3.6
-1,EPI_ISL_19094600|A/chicken/Kansas/24_010482-001/2024|2024.268,41.7989,19.4118,38.8235,66.4706,38.2353,43.9943,17.7809,44.808,81.7923,42.6743,47.5904,24.1125,46.2157,72.3376,38.848,44.3669,24.6856,47.5082,60.5496,46.1109,42.3602,18.9427,41.8502,57.7093,37.8855,45.4985,23.2865,46.1336,69.8594,39.1037,51.0582,33.1126,59.6026,70.1987,54.3046,47.8261,26.1248,49.3469,65.312,44.9927,-1,Avian,B3.13
-1,EPI_ISL_19094601|A/dairycow/Texas/24_009495-002/2024|2024.219,41.7989,19.4118,38.8235,65.2941,38.2353,43.9232,17.7809,44.808,81.7923,42.6743,47.5234,24.7823,46.2157,72.3376,38.848,44.2272,24.2198,47.0424,59.6181,45.6451,42.3602,18.9427,41.8502,57.7093,37.8855,45.4106,23.2865,45.6942,69.8594,38.6643,51.1905,34.4371,60.9272,70.1987,54.3046,48.1159,27.5762,49.3469,65.312,44.9927,-1,Cattle,B3.13
-1,EPI_ISL_19094602|A/dairycow/Texas/24_009495-001/2024|2024.219,41.7402,18.8235,38.8235,65.2941,38.2353,43.9232,17.7809,44.808,81.7923,42.6743,47.6573,25.4521,46.2157,72.3376,39.5177,44.2272,24.2198,47.0424,59.6181,45.6451,42.3602,18.9427,41.8502,57.7093,37.8855,45.4106,23.2865,45.6942,69.8594,38.6643,51.1905,33.1126,59.6026,70.1987,55.6291,48.1159,27.5762,49.3469,65.312,44.9927,-1,Cattle,B3.13
-1,EPI_ISL_19094603|A/dairycow/Texas/24_009367-023/2024|2024.230,41.7989,19.4118,38.8235,65.2941,38.2353,44.0654,18.4922,44.808,81.0811,42.6743,47.6573,24.7823,46.8855,72.3376,39.5177,44.3203,24.6856,47.0424,59.6181,46.5766,42.3602,18.9427,41.8502,57.7093,37.8855,45.2789,23.2865,45.2548,69.42,38.6643,50.9259,33.1126,59.6026,70.1987,54.3046,47.971,27.5762,47.8955,65.312,43.5414,-1,Cattle,B3.13
-1,EPI_ISL_19094604|A/dairycow/Texas/24_009367-018/2024|2024.230,41.7989,19.4118,38.8235,65.2941,38.2353,44.0654,18.4922,44.808,81.0811,42.6743,47.6573,24.7823,46.8855,72.3376,39.5177,44.3203,24.6856,47.0424,59.6181,46.5766,42.3602,18.9427,41.8502,57.7093,37.8855,45.2789,23.2865,45.2548,69.42,38.6643,51.0582,33.1126,59.6026,70.1987,54.3046,47.971,27.5762,47.8955,65.312,43.5414,-1,Cattle,B3.13
-1,EPI_ISL_19094605|A/dairycow/Texas/24_009110-023/2024|2024.199,41.8577,19.4118,38.8235,65.2941,38.8235,43.8522,17.7809,44.808,81.7923,42.6743,47.6573,24.7823,46.2157,72.3376,38.848,44.2272,24.6856,47.0424,59.1523,46.1109,42.3602,18.5022,42.2907,57.7093,38.326,45.3667,23.2865,45.6942,69.42,38.6643,51.0582,33.1126,59.6026,70.1987,54.3046,48.1159,27.5762,49.3469,65.312,44.9927,-1,Cattle,B3.13
-1,EPI_ISL_19094606|A/dairycow/Texas/24_009290-001/2024|2024.197,41.7989,19.4118,38.8235,65.2941,38.2353,43.9232,17.7809,44.808,81.7923,42.6743,47.6573,24.7823,46.8855,72.3376,38.848,44.1806,24.6856,47.0424,58.6865,46.1109,42.3602,18.9427,41.8502,57.7093,37.8855,45.3228,22.8471,45.6942,69.42,38.6643,51.0582,33.1126,59.6026,70.1987,54.3046,48.1159,27.5762,49.3469,65.312,44.9927,-1,Cattle,B3.13
-1,EPI_ISL_19094607|A/dairycow/Texas/24_009290-005/2024|2024.197,41.9165,20.5882,39.4118,65.2941,37.6471,43.9232,17.7809,44.808,81.7923,42.6743,47.5904,24.7823,46.2157,72.3376,38.848,44.2272,24.6856,47.0424,59.1523,46.1109,42.4483,19.3833,41.8502,57.7093,38.326,45.4106,23.2865,45.6942,69.8594,38.6643,50.9259,33.1126,58.2781,68.8742,54.3046,47.971,27.5762,49.3469,63.8607,44.9927,-1,Cattle,B3.13
-1,EPI_ISL_19094608|A/dairycow/Texas/24_009290-006/2024|2024.197,41.9165,20.5882,39.4118,65.2941,37.6471,43.9232,17.7809,44.808,81.7923,42.6743,47.5904,24.7823,46.2157,72.3376,38.848,44.2272,24.6856,47.0424,59.1523,46.1109,42.4483,19.3833,41.8502,57.7093,38.326,45.4106,23.2865,45.6942,69.8594,38.6643,50.9259,33.1126,58.2781,68.8742,54.3046,47.971,27.5762,49.3469,63.8607,44.9927,-1,Cattle,B3.13
-1,EPI_ISL_19094609|A/dairycow/Texas/24_009308-006/2024|2024.213,41.7989,19.4118,38.8235,65.2941,38.2353,43.9943,17.7809,44.808,81.7923,42.6743,47.5904,24.7823,46.2157,72.3376,38.848,44.3669,25.1514,47.5082,59.6181,46.1109,42.4042,18.9427,41.8502,58.1498,37.8855,45.4545,23.2865,46.1336,69.42,39.1037,51.1905,33.1126,59.6026,70.1987,55.6291,48.1159,27.5762,49.3469,65.312,44.9927,-1,Cattle,B3.13
-1,EPI_ISL_19094610|A/dairycow/Texas/24_009308-008/2024|2024.213,41.7989,19.4118,38.8235,65.2941,38.2353,43.9943,17.7809,44.808,81.7923,42.6743,47.5904,24.7823,46.2157,72.3376,38.848,44.3203,24.6856,47.0424,59.6181,46.1109,42.3602,18.9427,41.8502,57.7093,37.8855,45.4106,23.2865,45.6942,69.8594,38.6643,51.0582,33.1126,59.6026,70.1987,54.3046,48.1159,27.5762,49.3469,65.312,44.9927,-1,Cattle,B3.13
-1,EPI_ISL_19094611|A/dairycow/Texas/24_009310-005/2024|2024.219,41.7989,19.4118,38.8235,65.2941,38.2353,43.9943,17.7809,44.808,81.7923,42.6743,47.5904,24.7823,46.2157,72.3376,38.848,44.2737,24.6856,47.0424,59.6181,46.1109,42.3162,18.9427,41.8502,57.7093,37.8855,45.4106,23.2865,45.6942,69.8594,38.6643,51.0582,33.1126,59.6026,70.1987,54.3046,48.1159,27.5762,49.3469,65.312,44.9927,-1,Cattle,B3.13
-1,EPI_ISL_19094612|A/dairycow/Texas/24_009367-001/2024|2024.219,41.7989,19.4118,38.8235,65.2941,38.2353,43.9943,19.2034,45.5192,81.0811,42.6743,47.6573,24.7823,46.8855,72.3376,39.5177,44.3203,24.6856,47.0424,59.6181,46.5766,42.3602,18.9427,41.8502,57.7093,37.8855,45.3667,23.2865,45.6942,69.42,38.6643,51.0582,33.1126,59.6026,70.1987,54.3046,47.971,27.5762,47.8955,65.312,43.5414,-1,Cattle,B3.13
-1,EPI_ISL_19094613|A/dairycow/Texas/24_009367-002/2024|2024.230,41.7989,19.4118,38.8235,65.2941,38.2353,44.0654,18.4922,44.808,81.0811,42.6743,47.6573,24.7823,46.8855,72.3376,39.5177,44.3203,24.6856,47.0424,59.6181,46.5766,42.3602,18.9427,41.8502,57.7093,37.8855,45.2789,23.2865,45.2548,69.42,38.6643,51.0582,33.1126,59.6026,70.1987,54.3046,47.971,27.5762,47.8955,65.312,43.5414,-1,Cattle,B3.13
-1,EPI_ISL_19094614|A/chicken/Maryland/24_005539-001/2024|2024.126,42.0929,18.2353,39.4118,64.7059,40,43.9943,17.7809,44.808,81.7923,41.963,48.1258,28.1313,47.5553,73.6772,42.1969,44.1806,25.1514,47.0424,59.1523,45.6451,42.4042,18.9427,42.2907,57.7093,37.8855,44.8397,21.9684,41.3005,67.2232,41.3005,51.1905,33.1126,60.9272,72.8477,54.3046,47.5362,27.5762,49.3469,60.9579,43.5414,-1,Avian,B3.6
-1,EPI_ISL_19094615|A/dairycow/Texas/24_009367-003/2024|2024.230,41.9165,19.4118,39.4118,65.2941,38.2353,43.9943,17.7809,44.808,81.7923,42.6743,47.5904,24.7823,46.2157,72.3376,38.848,44.3203,24.6856,47.0424,59.6181,46.5766,42.3602,18.9427,41.8502,57.7093,37.8855,45.4545,23.2865,45.6942,69.8594,39.1037,51.0582,33.1126,59.6026,70.1987,54.3046,48.1159,27.5762,49.3469,65.312,44.9927,-1,Cattle,B3.13
-1,EPI_ISL_19094616|A/dairycow/Texas/24_009367-005/2024|2024.230,41.9165,19.4118,39.4118,65.2941,38.2353,43.9943,17.7809,44.808,81.7923,42.6743,47.5904,24.7823,46.2157,72.3376,38.848,44.3203,24.6856,47.0424,59.6181,46.5766,42.3602,18.9427,41.8502,57.7093,37.8855,45.4106,23.2865,45.6942,68.9807,39.1037,51.0582,33.1126,59.6026,70.1987,54.3046,48.1159,27.5762,49.3469,65.312,44.9927,-1,Cattle,B3.13
-1,EPI_ISL_19094617|A/dairycow/Texas/24_009367-007/2024|2024.230,41.7989,19.4118,38.8235,65.2941,38.2353,44.0654,18.4922,44.808,81.0811,42.6743,47.6573,24.7823,46.8855,72.3376,39.5177,44.3203,24.6856,47.0424,59.6181,46.5766,42.4042,18.9427,41.8502,57.7093,38.326,45.235,23.2865,45.2548,68.9807,38.6643,51.0582,33.1126,59.6026,70.1987,54.3046,47.971,27.5762,47.8955,65.312,43.5414,-1,Cattle,B3.13
-1,EPI_ISL_19094618|A/dairycow/Texas/24_009367-009/2024|2024.230,41.7989,19.4118,38.8235,64.7059,38.2353,43.9943,17.7809,44.808,81.7923,42.6743,47.5904,24.7823,46.2157,72.3376,38.848,44.3669,24.6856,47.0424,60.0838,46.5766,42.4042,18.9427,41.8502,58.1498,37.8855,45.4985,23.2865,45.6942,69.8594,39.9824,51.0582,33.1126,59.6026,70.1987,54.3046,48.1159,27.5762,49.3469,65.312,44.9927,-1,Cattle,B3.13
-1,EPI_ISL_19094619|A/dairycow/Texas/24_009367-010/2024|2024.230,41.8577,18.8235,39.4118,65.2941,38.2353,43.9943,17.7809,44.808,81.7923,42.6743,47.5904,24.7823,46.2157,72.3376,38.848,44.2737,24.2198,46.5766,59.6181,46.5766,42.3602,18.9427,41.8502,57.7093,37.8855,45.4545,23.2865,45.6942,69.8594,39.1037,51.0582,33.1126,59.6026,70.1987,54.3046,48.1159,27.5762,49.3469,65.312,44.9927,-1,Cattle,B3.13
-1,EPI_ISL_19094620|A/dairycow/Texas/24_009367-011/2024|2024.230,41.7402,19.4118,38.2353,65.2941,38.2353,43.9943,18.4922,44.808,81.0811,42.6743,47.6573,24.7823,46.8855,72.3376,39.5177,44.3203,24.6856,47.0424,59.6181,46.5766,42.3602,18.9427,41.8502,57.7093,37.8855,45.3667,23.2865,45.6942,69.42,38.6643,51.0582,33.1126,59.6026,70.1987,54.3046,47.971,27.5762,47.8955,65.312,43.5414,-1,Cattle,B3.13
-1,EPI_ISL_19094621|A/dairycow/Texas/24_009367-012/2024|2024.230,41.7989,19.4118,38.8235,65.2941,38.2353,43.9943,18.4922,44.808,81.0811,42.6743,47.6573,24.7823,46.8855,72.3376,39.5177,44.3203,24.6856,47.0424,59.6181,46.5766,42.3602,18.9427,41.8502,57.7093,37.8855,45.3667,23.2865,45.6942,69.42,38.6643,51.0582,33.1126,59.6026,70.1987,54.3046,48.1159,27.5762,47.8955,66.7634,43.5414,-1,Cattle,B3.13
-1,EPI_ISL_19094622|A/dairycow/Texas/24_009367-013/2024|2024.230,41.9165,19.4118,39.4118,65.2941,38.2353,43.9943,17.7809,44.808,81.7923,42.6743,47.5234,24.7823,46.2157,71.6678,38.848,44.3203,24.6856,47.0424,59.6181,46.5766,42.3602,18.9427,41.8502,57.7093,37.8855,45.4545,23.2865,45.6942,69.8594,39.1037,51.0582,33.1126,59.6026,70.1987,54.3046,48.1159,27.5762,49.3469,65.312,44.9927,-1,Cattle,B3.13
-1,EPI_ISL_19094623|A/dairycow/Texas/24_009367-014/2024|2024.230,41.9165,19.4118,39.4118,65.2941,38.2353,43.9943,17.7809,44.808,81.7923,42.6743,47.5904,24.7823,46.2157,72.3376,38.848,44.2737,24.2198,46.5766,59.6181,46.5766,42.3162,18.9427,41.8502,57.7093,37.8855,45.4106,23.2865,45.6942,69.42,39.1037,51.0582,33.1126,59.6026,70.1987,54.3046,48.2609,29.0276,49.3469,65.312,46.4441,-1,Cattle,B3.13
-1,EPI_ISL_19094624|A/dairycow/Texas/24_009367-016/2024|2024.230,41.7989,19.4118,38.8235,65.2941,38.2353,43.9943,18.4922,44.808,81.0811,42.6743,47.6573,24.7823,46.8855,72.3376,39.5177,44.3203,24.6856,47.0424,59.6181,46.5766,42.3602,18.9427,41.8502,57.7093,37.8855,45.3667,23.2865,45.6942,69.42,38.6643,51.0582,33.1126,59.6026,70.1987,54.3046,47.971,27.5762,47.8955,65.312,43.5414,-1,Cattle,B3.13
-1,EPI_ISL_19094625|A/dairycow/Texas/24_009367-004/2024|2024.230,41.7989,19.4118,38.8235,65.2941,38.2353,43.9943,18.4922,44.808,81.0811,42.6743,47.6573,24.7823,46.8855,72.3376,39.5177,44.3203,24.6856,47.0424,59.6181,46.5766,42.3602,18.9427,41.8502,57.7093,37.8855,45.3667,23.2865,45.6942,69.42,38.6643,51.0582,33.1126,59.6026,70.1987,54.3046,47.971,27.5762,47.8955,65.312,43.5414,-1,Cattle,B3.13
-1,EPI_ISL_19094626|A/dairycow/Texas/24_009110-022/2024|2024.199,41.9165,20.5882,39.4118,65.2941,37.6471,43.9232,17.7809,44.808,81.7923,42.6743,47.5904,24.7823,46.2157,72.3376,38.848,44.1806,24.6856,46.5766,59.1523,46.1109,42.4483,19.3833,41.8502,57.7093,38.326,45.3667,23.2865,45.6942,69.8594,38.6643,50.9259,33.1126,58.2781,68.8742,54.3046,47.971,27.5762,49.3469,63.8607,44.9927,-1,Cattle,B3.13
-1,EPI_ISL_19094627|A/chicken/Maryland/24_005539-002/2024|2024.126,42.0929,18.2353,39.4118,64.7059,40,43.9943,17.7809,44.808,81.7923,41.963,48.1258,28.1313,47.5553,73.6772,42.1969,44.1806,25.1514,47.0424,59.1523,45.6451,42.4042,18.9427,42.2907,57.7093,37.8855,44.7958,21.9684,41.3005,66.7838,41.3005,51.1905,33.1126,60.9272,72.8477,54.3046,47.5362,27.5762,49.3469,60.9579,43.5414,-1,Avian,B3.6
-1,EPI_ISL_19094628|A/chicken/Minnesota/24_005907-001/2024|2024.148,41.9165,18.2353,38.2353,65.2941,39.4118,44.0654,17.7809,45.5192,81.7923,42.6743,47.6573,26.7917,48.2251,73.6772,40.1875,44.3203,24.2198,47.0424,58.6865,47.0424,42.2721,18.9427,41.4097,57.2687,37.4449,45.0154,22.8471,40.4218,68.9807,41.3005,51.1905,33.1126,60.9272,71.5232,54.3046,48.1159,27.5762,47.8955,66.7634,44.9927,-1,Avian,B3.6
-1,EPI_ISL_19094629|A/goat/Minnesota/24_007234-048/2024|2024.183,41.9753,18.2353,38.2353,65.8824,39.4118,44.0654,17.7809,45.5192,81.7923,42.6743,47.7242,26.7917,48.2251,73.6772,40.8573,44.3203,24.2198,47.0424,58.6865,47.0424,42.2721,18.9427,41.4097,57.2687,37.4449,45.0154,22.8471,40.4218,68.9807,41.3005,51.1905,33.1126,60.9272,71.5232,54.3046,48.1159,27.5762,47.8955,66.7634,44.9927,-1,Goat,B3.6
-1,EPI_ISL_19094630|A/goat/Minnesota/24_007234-050/2024|2024.183,41.9165,18.2353,38.2353,64.7059,39.4118,44.0654,17.7809,45.5192,81.7923,42.6743,47.7242,26.7917,48.2251,73.6772,40.8573,44.3669,24.2198,47.0424,58.6865,47.0424,42.2721,18.9427,41.4097,57.2687,37.4449,45.0593,22.8471,40.4218,68.9807,41.3005,51.1905,33.1126,60.9272,71.5232,54.3046,48.1159,27.5762,47.8955,66.7634,44.9927,-1,Goat,B3.6
-1,EPI_ISL_19094631|A/grackle/Texas/24_008765-002/2024|2024.216,41.7402,19.4118,38.8235,65.2941,38.2353,43.9232,17.7809,44.808,80.3698,42.6743,47.6573,24.7823,46.8855,72.3376,38.848,44.2737,24.6856,47.0424,59.6181,46.1109,42.3602,18.9427,41.8502,57.7093,37.8855,45.4985,24.1652,45.6942,69.42,39.1037,51.0582,33.1126,59.6026,70.1987,54.3046,48.1159,27.5762,49.3469,65.312,44.9927,-1,Avian,B3.13
-1,EPI_ISL_19094632|A/greathornedowl/Oregon/24_006223-001/2024|2024.139,41.8577,18.8235,39.4118,64.1176,39.4118,43.8522,17.7809,44.808,81.0811,41.963,47.6573,26.1219,47.5553,72.3376,40.8573,44.1806,24.6856,47.0424,58.6865,45.1793,42.2721,19.3833,41.8502,57.2687,37.4449,44.8397,22.4077,41.3005,68.1019,40.4218,51.3228,33.1126,60.9272,74.1722,54.3046,47.971,27.5762,47.8955,63.8607,44.9927,-1,Avian,B3.6
-1,EPI_ISL_19094633|A/pigeon/Texas/24_008765-001/2024|2024.216,41.7989,19.4118,38.8235,65.2941,38.2353,43.9943,17.7809,44.808,80.3698,43.3855,47.5904,24.7823,46.2157,72.3376,38.1782,44.2737,24.6856,47.0424,59.6181,46.1109,42.3162,18.9427,41.8502,57.2687,37.8855,45.4545,24.1652,45.6942,69.42,38.6643,51.0582,33.1126,59.6026,70.1987,54.3046,48.1159,27.5762,49.3469,65.312,44.9927,-1,Avian,B3.13
-1,EPI_ISL_19094634|A/raccoon/NewMexico/24_009496-002/2024|2024.224,41.7989,19.4118,38.8235,65.2941,38.2353,43.9232,17.7809,44.808,81.7923,42.6743,47.5234,24.1125,46.2157,72.3376,39.5177,44.3203,24.6856,47.0424,59.6181,46.1109,42.3602,18.9427,41.8502,57.7093,37.8855,45.3667,23.2865,45.6942,69.8594,38.6643,51.0582,33.1126,59.6026,70.1987,54.3046,47.8261,27.5762,49.3469,65.312,43.5414,-1,Raccoon,B3.13
-1,EPI_ISL_19094635|A/skunk/Washington/24_005959-004/2024|2024.145,42.0341,18.8235,39.4118,65.8824,39.4118,44.1365,17.0697,44.808,82.5036,41.963,47.7242,26.1219,47.5553,73.6772,40.1875,44.2737,24.6856,47.0424,59.1523,46.1109,42.3162,18.9427,41.8502,57.2687,38.326,44.8397,21.9684,40.8612,68.5413,40.8612,51.3228,33.1126,60.9272,72.8477,54.3046,48.2609,27.5762,49.3469,65.312,44.9927,-1,Skunk,B3.6
-1,EPI_ISL_19094636|A/skunk/Washington/24_005959-005/2024|2024.145,42.0341,18.8235,39.4118,65.8824,39.4118,44.1365,17.0697,44.808,82.5036,41.963,47.7242,26.1219,47.5553,73.6772,40.1875,44.2272,24.6856,47.0424,58.6865,46.1109,42.3162,18.9427,41.8502,57.2687,38.326,44.7958,21.9684,40.8612,68.1019,40.8612,51.3228,33.1126,60.9272,72.8477,54.3046,48.2609,27.5762,49.3469,65.312,44.9927,-1,Skunk,B3.6
-1,EPI_ISL_19094637|A/skunk/Washington/24_005959-006/2024|2024.145,42.0929,19.4118,39.4118,65.8824,39.4118,44.1365,17.0697,44.808,82.5036,41.963,47.7242,26.1219,47.5553,73.6772,40.1875,44.2272,24.6856,47.0424,58.6865,46.1109,42.3162,18.9427,41.8502,57.2687,38.326,44.7958,21.9684,40.8612,68.1019,40.8612,51.3228,33.1126,60.9272,72.8477,54.3046,48.2609,27.5762,49.3469,65.312,44.9927,-1,Skunk,B3.6
-1,EPI_ISL_19094638|A/snowgoose/California/24_004881-002/2024|2024.046,41.8577,17.6471,38.2353,64.7059,40,44.2786,18.4922,44.0967,83.2148,42.6743,47.7912,26.7917,47.5553,74.347,40.8573,44.0875,25.1514,46.5766,58.6865,45.6451,43.3333,19.1196,40.4624,59.582,40.4624,45.5863,24.1652,43.4974,71.1775,43.058,50.9259,33.1126,62.2517,72.8477,51.6556,47.971,27.5762,49.3469,62.4093,44.9927,-1,Avian,B3.2
-1,EPI_ISL_19094639|A/snowgoose/California/24_004881-004/2024|2024.046,41.9165,18.8235,38.8235,65.8824,39.4118,44.1365,17.7809,43.3855,81.7923,43.3855,47.7912,26.7917,47.5553,74.347,40.8573,43.9479,24.2198,46.5766,58.6865,45.1793,43.2849,18.9427,41.4097,60.3524,38.326,45.5424,25.0439,45.2548,71.1775,41.3005,50.5291,33.1126,62.2517,71.5232,51.6556,47.8261,26.1248,47.8955,62.4093,44.9927,-1,Avian,B3.2
-1,EPI_ISL_19094640|A/turkey/Missouri/24_005369-001/2024|2024.101,41.9753,18.8235,38.2353,67.0588,38.2353,43.8522,17.0697,45.5192,81.0811,41.963,48.0589,24.1125,48.8948,74.347,42.1969,44.2272,24.2198,47.0424,59.1523,45.6451,42.2281,18.9427,41.4097,57.7093,37.4449,44.5762,22.4077,41.3005,67.6626,40.4218,51.1905,33.1126,60.9272,72.8477,54.3046,47.971,27.5762,47.8955,63.8607,44.9927,-1,Avian,B3.12
-1,EPI_ISL_19094641|A/turkey/Missouri/24_005369-002/2024|2024.101,42.0341,19.4118,38.2353,67.6471,38.2353,43.8522,17.0697,45.5192,81.0811,41.963,48.0589,24.1125,48.8948,74.347,42.1969,44.2272,24.2198,47.0424,59.1523,45.6451,42.2281,18.9427,41.4097,57.7093,37.4449,44.5762,22.4077,41.3005,67.6626,40.4218,51.1905,33.1126,60.9272,72.8477,54.3046,47.971,27.5762,47.8955,63.8607,44.9927,-1,Avian,B3.12
-1,EPI_ISL_19094642|A/turkey/Missouri/24_005371-001/2024|2024.128,41.9165,18.8235,38.2353,66.4706,38.2353,43.9232,17.7809,45.5192,81.0811,41.963,48.0589,24.1125,48.8948,74.347,42.1969,44.1806,24.2198,47.0424,59.1523,45.1793,42.2721,18.9427,41.4097,58.1498,37.4449,44.6201,22.4077,41.3005,67.6626,40.8612,51.3228,33.1126,60.9272,72.8477,54.3046,47.971,27.5762,47.8955,63.8607,44.9927,-1,Avian,B3.12
-1,EPI_ISL_19094643|A/turkey/Missouri/24_005371-002/2024|2024.128,41.9753,18.8235,38.2353,67.0588,38.2353,43.9232,17.7809,45.5192,81.0811,41.963,48.0589,24.1125,48.8948,74.347,42.1969,44.1806,24.2198,47.0424,59.1523,45.1793,42.2721,18.9427,41.4097,58.1498,37.4449,44.6201,22.4077,41.3005,67.6626,40.8612,51.3228,33.1126,60.9272,72.8477,54.3046,47.971,27.5762,47.8955,63.8607,44.9927,-1,Avian,B3.12
-1,EPI_ISL_19094644|A/turkey/Missouri/24_005372-001/2024|2024.128,41.8577,18.2353,38.2353,65.8824,38.2353,43.9232,17.7809,45.5192,81.0811,41.963,47.925,24.1125,48.2251,73.6772,42.1969,44.2272,24.2198,47.0424,59.1523,45.6451,42.2721,18.9427,41.4097,57.7093,37.4449,44.664,22.4077,41.3005,68.1019,40.4218,51.3228,33.1126,60.9272,72.8477,54.3046,47.971,27.5762,47.8955,63.8607,44.9927,-1,Avian,B3.12
-1,EPI_ISL_19094645|A/turkey/Missouri/24_005372-002/2024|2024.128,41.8577,18.2353,38.2353,65.8824,38.2353,43.9232,17.7809,45.5192,81.0811,41.963,47.925,24.1125,48.2251,73.6772,42.1969,44.2272,24.2198,47.0424,59.1523,45.6451,42.2721,18.9427,41.4097,57.7093,37.4449,44.664,22.4077,41.3005,68.1019,40.4218,51.3228,33.1126,60.9272,72.8477,54.3046,47.971,27.5762,47.8955,63.8607,44.9927,-1,Avian,B3.12
-1,EPI_ISL_19094646|A/goat/Minnesota/24_007234-047/2024|2024.183,41.9753,18.2353,38.2353,65.8824,39.4118,44.0654,17.7809,45.5192,81.7923,42.6743,47.7242,26.7917,48.2251,73.6772,40.8573,44.3203,24.2198,47.0424,58.6865,47.0424,42.2721,18.9427,41.4097,57.2687,37.4449,45.0593,22.8471,40.4218,68.9807,41.3005,51.1905,33.1126,60.9272,71.5232,54.3046,48.1159,27.5762,47.8955,66.7634,44.9927,-1,Goat,B3.6
-1,EPI_ISL_19094647|A/goat/Minnesota/24_007234-044/2024|2024.183,41.9753,18.2353,38.2353,65.8824,39.4118,44.0654,17.7809,45.5192,81.7923,42.6743,47.7242,26.7917,48.2251,73.6772,40.8573,44.3203,24.2198,47.0424,58.6865,47.0424,42.2721,18.9427,41.4097,57.2687,37.4449,45.0154,22.8471,40.4218,68.9807,41.3005,51.1905,33.1126,60.9272,71.5232,54.3046,48.1159,27.5762,47.8955,66.7634,44.9927,-1,Goat,B3.6
-1,EPI_ISL_19094648|A/goat/Minnesota/24_007234-037/2024|2024.183,41.9165,18.2353,38.2353,65.2941,39.4118,44.1365,17.7809,45.5192,81.7923,42.6743,47.7242,26.7917,48.2251,73.6772,40.8573,44.3203,24.2198,47.0424,58.6865,47.0424,42.2721,18.9427,41.4097,57.2687,37.4449,45.0154,22.8471,40.4218,68.9807,41.3005,51.1905,33.1126,60.9272,71.5232,54.3046,48.1159,27.5762,47.8955,66.7634,44.9927,-1,Goat,B3.6
-1,EPI_ISL_19094649|A/goat/Minnesota/24_007234-036/2024|2024.183,41.9165,18.2353,38.2353,65.2941,39.4118,44.0654,17.7809,45.5192,81.7923,42.6743,47.7242,26.7917,48.2251,73.6772,40.8573,44.3203,24.2198,47.0424,58.6865,47.0424,42.2721,18.9427,41.4097,57.2687,37.4449,45.0154,22.8471,40.4218,68.9807,41.3005,51.1905,33.1126,60.9272,71.5232,54.3046,48.1159,27.5762,47.8955,66.7634,44.9927,-1,Goat,B3.6
-1,EPI_ISL_19094650|A/chicken/Ohio/24_005334-001/2024|2024.131,41.9165,18.8235,38.8235,65.2941,39.4118,43.9232,17.7809,44.808,81.0811,41.963,47.8581,27.4615,46.8855,72.3376,42.1969,44.3669,25.1514,47.0424,59.1523,46.1109,42.2281,18.5022,41.4097,57.7093,37.4449,44.7519,21.9684,40.8612,68.1019,41.3005,51.1905,33.1126,60.9272,72.8477,54.3046,48.1159,27.5762,49.3469,62.4093,46.4441,-1,Avian,B3.6
-1,EPI_ISL_19094651|A/chicken/Ohio/24_005334-002/2024|2024.131,41.9165,18.8235,38.8235,65.2941,39.4118,43.9232,17.7809,44.808,81.0811,41.963,47.8581,27.4615,46.8855,72.3376,42.1969,44.3669,25.1514,47.0424,59.1523,46.1109,42.2281,18.5022,41.4097,57.7093,37.4449,44.7519,21.9684,40.8612,68.1019,41.3005,51.1905,33.1126,60.9272,72.8477,54.3046,48.1159,27.5762,49.3469,62.4093,46.4441,-1,Avian,B3.6
-1,EPI_ISL_19094652|A/chicken/Texas/24_009654-001/2024|2024.249,41.8577,19.4118,38.8235,65.2941,38.8235,43.9232,17.7809,44.808,81.7923,42.6743,47.5904,24.7823,46.2157,72.3376,38.848,44.3203,24.6856,47.0424,59.6181,46.1109,42.4042,18.9427,42.2907,57.7093,38.326,45.4106,23.7258,45.6942,69.42,38.6643,51.0582,33.1126,59.6026,70.1987,54.3046,48.1159,27.5762,49.3469,65.312,44.9927,-1,Avian,B3.13
-1,EPI_ISL_19094653|A/chicken/Texas/24_009654-004/2024|2024.249,41.7989,19.4118,38.8235,65.2941,38.8235,43.9943,17.7809,44.808,81.7923,42.6743,47.5234,24.7823,46.2157,72.3376,38.848,44.2737,24.6856,47.0424,59.6181,46.1109,42.3602,18.9427,41.8502,57.7093,38.326,45.3667,23.2865,45.6942,69.42,38.6643,50.9259,33.1126,59.6026,68.8742,54.3046,48.1159,29.0276,50.7983,65.312,44.9927,-1,Avian,B3.13
-1,EPI_ISL_19094654|A/crow/Illinois/24_004479-001/2024|2024.104,41.9753,18.2353,37.6471,65.2941,39.4118,43.71,16.3585,44.808,81.7923,41.2518,48.3266,27.4615,49.5646,77.6959,41.5271,44.2737,24.6856,46.1109,60.0838,46.1109,42.2721,18.9427,42.2907,57.7093,37.4449,45.5424,25.0439,44.3761,69.8594,39.1037,51.3228,33.1126,60.9272,72.8477,54.3046,48.4058,29.0276,49.3469,63.8607,47.8955,-1,Avian,B3.7
-1,EPI_ISL_19094655|A/crow/Illinois/24_004479-002/2024|2024.104,41.9753,18.2353,37.6471,65.2941,39.4118,43.71,16.3585,44.808,81.7923,41.2518,48.3266,27.4615,49.5646,77.6959,41.5271,44.2737,24.6856,46.1109,60.0838,46.1109,42.2721,18.9427,42.2907,57.7093,37.4449,45.5424,25.0439,44.3761,69.8594,39.1037,51.3228,33.1126,60.9272,72.8477,54.3046,48.4058,29.0276,49.3469,63.8607,47.8955,-1,Avian,B3.7
-1,EPI_ISL_19094659|A/chicken/Michigan/24_009582-003/2024|2024.249,41.7989,19.4118,38.8235,65.2941,38.2353,43.9943,17.7809,44.808,81.7923,43.3855,47.6573,24.7823,46.8855,72.3376,38.848,44.3669,24.6856,47.0424,60.0838,46.1109,42.3602,18.9427,41.8502,57.7093,37.8855,45.4106,23.2865,45.6942,69.42,39.1037,50.9259,33.1126,59.6026,70.1987,54.3046,47.971,27.5762,49.3469,63.8607,44.9927,-1,Avian,B3.13
-1,EPI_ISL_19094660|A/domesticcat/Oklahoma/24_009118-002/2024|2024.216,41.7402,19.4118,38.8235,65.2941,37.6471,43.9232,17.7809,44.808,81.7923,42.6743,47.6573,24.7823,46.8855,72.3376,38.848,44.2737,24.6856,47.0424,59.6181,46.1109,42.3162,18.5022,41.8502,57.7093,37.8855,45.4106,23.2865,45.6942,69.42,38.6643,51.0582,33.1126,59.6026,70.1987,54.3046,48.2609,27.5762,50.7983,66.7634,44.9927,-1,Feline,B3.13
-1,EPI_ISL_19094663|A/duck/Minnesota/24_005907-002/2024|2024.148,41.9753,18.2353,38.2353,65.8824,39.4118,44.0654,17.7809,45.5192,81.7923,42.6743,47.7242,26.7917,48.2251,73.6772,40.8573,44.3203,24.2198,47.0424,58.6865,47.0424,42.2721,18.9427,41.4097,57.2687,37.4449,45.0593,22.8471,40.8612,68.9807,41.3005,51.1905,33.1126,60.9272,71.5232,54.3046,48.1159,27.5762,47.8955,66.7634,44.9927,-1,Avian,B3.6
-1,EPI_ISL_19094665|A/goat/Minnesota/24_007234-029/2024|2024.183,41.9165,18.2353,38.2353,65.2941,39.4118,44.0654,17.7809,45.5192,81.7923,42.6743,47.7242,26.7917,48.2251,73.6772,40.8573,44.3203,24.2198,47.0424,58.6865,47.0424,42.2721,18.9427,41.4097,57.2687,37.4449,45.0154,22.8471,40.4218,68.9807,41.3005,51.1905,33.1126,60.9272,71.5232,54.3046,48.1159,27.5762,47.8955,66.7634,44.9927,-1,Goat,B3.6
-1,EPI_ISL_19094666|A/goat/Minnesota/24_007234-030/2024|2024.183,41.9165,18.2353,38.2353,65.2941,39.4118,44.0654,17.7809,45.5192,81.7923,42.6743,47.7242,26.7917,48.2251,73.6772,40.8573,44.3203,24.2198,47.0424,58.6865,47.0424,42.2721,18.9427,41.4097,57.2687,37.4449,45.0154,22.8471,40.4218,68.9807,41.3005,51.1905,33.1126,60.9272,71.5232,54.3046,48.1159,27.5762,47.8955,66.7634,44.9927,-1,Goat,B3.6
-1,EPI_ISL_19094667|A/goat/Minnesota/24_007234-032/2024|2024.183,41.9165,18.2353,38.2353,65.2941,39.4118,44.0654,17.7809,45.5192,81.7923,42.6743,47.7242,26.7917,48.2251,73.6772,40.8573,44.3203,24.2198,47.0424,58.6865,47.0424,42.2721,18.9427,41.4097,57.2687,37.4449,45.0154,22.8471,40.4218,68.9807,41.3005,51.1905,33.1126,60.9272,71.5232,54.3046,48.1159,27.5762,47.8955,66.7634,44.9927,-1,Goat,B3.6
-1,EPI_ISL_19094669|A/goat/Minnesota/24_007234-035/2024|2024.183,41.9165,18.2353,38.2353,65.2941,39.4118,44.0654,17.7809,45.5192,81.7923,42.6743,47.7242,26.7917,48.2251,73.6772,40.8573,44.3203,24.2198,47.0424,58.6865,47.0424,42.2721,18.9427,41.4097,57.2687,37.4449,45.0154,22.8471,40.4218,68.9807,41.3005,51.1905,33.1126,60.9272,71.5232,54.3046,48.1159,27.5762,47.8955,66.7634,44.9927,-1,Goat,B3.6
-1,EPI_ISL_19094671|A/westerngull/California/24_004708-001/2024|2024.079,41.6814,18.8235,38.2353,64.1176,39.4118,43.7811,17.0697,44.808,81.7923,40.5405,47.992,26.7917,50.2344,77.0261,40.8573,44.3203,25.1514,46.1109,58.6865,47.0424,42.3602,19.8238,41.8502,57.7093,37.0044,45.5863,25.0439,45.2548,68.9807,39.1037,51.3228,33.1126,60.9272,72.8477,54.3046,48.2609,29.0276,49.3469,63.8607,44.9927,-1,Avian,B3.7
-1,EPI_ISL_19094672|A/dairycow/Texas/24_009110-021/2024|2024.199,41.8577,20.5882,39.4118,65.2941,37.6471,43.9232,17.7809,44.808,81.7923,42.6743,47.5904,24.7823,46.2157,72.3376,38.848,44.2272,24.6856,47.0424,59.1523,46.1109,42.4483,19.3833,41.8502,57.7093,38.326,45.4106,23.2865,45.6942,69.8594,38.6643,50.9259,33.1126,58.2781,68.8742,54.3046,47.971,27.5762,49.3469,63.8607,44.9927,-1,Cattle,B3.13
-1,EPI_ISL_19094673|A/dairycow/Texas/24_009110-019/2024|2024.199,41.8577,19.4118,38.8235,65.2941,38.8235,43.8522,17.7809,44.808,81.0811,42.6743,47.5904,24.7823,46.2157,72.3376,38.848,44.2737,24.6856,47.0424,59.6181,46.1109,42.4042,18.9427,42.2907,57.7093,38.326,45.3228,23.2865,45.6942,68.9807,38.6643,51.0582,33.1126,59.6026,70.1987,54.3046,48.1159,27.5762,49.3469,65.312,44.9927,-1,Cattle,B3.13
-1,EPI_ISL_19094674|A/dairycow/Michigan/24_010071-008/2024|2024.249,41.8577,19.4118,38.8235,65.2941,38.2353,43.9943,17.7809,44.808,81.7923,43.3855,47.6573,24.7823,46.8855,72.3376,38.848,44.3669,24.6856,47.0424,60.0838,46.1109,42.3602,18.9427,41.8502,57.7093,37.8855,45.4106,23.2865,45.6942,69.42,39.1037,51.0582,33.1126,59.6026,70.1987,54.3046,47.971,27.5762,49.3469,63.8607,44.9927,-1,Cattle,B3.13
-1,EPI_ISL_19094675|A/dairycow/Michigan/24_010071-009/2024|2024.249,41.7989,19.4118,38.8235,65.2941,38.2353,43.9943,17.7809,44.808,81.7923,43.3855,47.6573,24.7823,46.8855,72.3376,38.848,44.3669,24.6856,47.0424,60.0838,46.1109,42.3602,18.9427,41.8502,57.7093,37.8855,45.4106,23.2865,45.6942,69.42,39.1037,51.0582,33.1126,59.6026,70.1987,54.3046,47.971,27.5762,49.3469,63.8607,44.9927,-1,Cattle,B3.13
-1,EPI_ISL_19094676|A/dairycow/Michigan/24_010071-010/2024|2024.249,41.7989,19.4118,38.8235,65.2941,38.2353,43.9943,17.7809,44.808,81.7923,43.3855,47.6573,24.7823,46.8855,72.3376,38.848,44.3669,24.6856,47.0424,60.0838,46.1109,42.3602,18.9427,41.8502,57.7093,37.8855,45.4106,23.2865,45.6942,69.42,39.1037,51.0582,33.1126,59.6026,70.1987,54.3046,47.971,27.5762,49.3469,63.8607,44.9927,-1,Cattle,B3.13
-1,EPI_ISL_19094677|A/dairycow/NewMexico/24_009309-001/2024|2024.205,41.9165,19.4118,38.8235,65.2941,38.8235,43.9232,17.7809,44.808,81.7923,42.6743,47.5904,24.7823,46.2157,72.3376,38.848,44.2737,24.6856,47.0424,59.6181,46.1109,42.3162,18.9427,41.8502,57.2687,37.8855,45.3667,23.2865,45.6942,69.8594,38.6643,51.0582,33.1126,59.6026,70.1987,54.3046,47.971,27.5762,49.3469,65.312,43.5414,-1,Cattle,B3.13
-1,EPI_ISL_19094678|A/dairycow/NewMexico/24_009309-002/2024|2024.205,41.9165,19.4118,38.8235,65.2941,38.8235,43.9232,17.7809,44.808,81.7923,42.6743,47.5904,24.7823,46.2157,72.3376,38.848,44.2737,24.6856,47.0424,59.6181,46.1109,42.3602,18.9427,41.8502,57.7093,37.8855,45.3667,23.2865,45.6942,69.8594,38.6643,51.0582,33.1126,59.6026,70.1987,54.3046,47.971,27.5762,49.3469,65.312,43.5414,-1,Cattle,B3.13
-1,EPI_ISL_19094679|A/dairycow/NewMexico/24_009309-004/2024|2024.205,41.7989,19.4118,38.8235,65.2941,38.2353,43.9232,17.7809,44.808,81.7923,42.6743,47.5904,24.7823,46.2157,72.3376,38.848,44.2737,24.6856,47.0424,59.6181,46.1109,42.4042,18.9427,41.8502,58.1498,37.8855,45.3667,23.2865,45.6942,69.8594,38.6643,51.0582,33.1126,59.6026,70.1987,54.3046,48.1159,27.5762,49.3469,65.312,44.9927,-1,Cattle,B3.13
-1,EPI_ISL_19094680|A/dairycow/NewMexico/24_010192-006/2024|2024.249,41.8577,19.4118,38.8235,65.2941,38.8235,43.9232,17.7809,44.808,81.7923,42.6743,47.5904,24.7823,46.2157,72.3376,38.848,44.2737,24.6856,47.5082,59.6181,46.5766,42.4483,19.3833,42.7313,57.7093,38.326,45.3667,23.2865,45.6942,69.42,38.6643,50.9259,33.1126,59.6026,68.8742,54.3046,48.1159,29.0276,50.7983,65.312,44.9927,-1,Cattle,B3.13
-1,EPI_ISL_19094681|A/dairycow/NewMexico/24_010193-003/2024|2024.240,41.8577,19.4118,38.8235,65.2941,38.8235,43.9232,17.7809,44.808,81.7923,42.6743,47.5904,24.7823,46.2157,72.3376,38.848,44.2737,24.6856,47.0424,59.6181,46.1109,42.4042,18.9427,42.2907,57.7093,38.326,45.4106,23.2865,46.1336,69.42,38.6643,50.9259,33.1126,59.6026,68.8742,54.3046,48.1159,29.0276,50.7983,65.312,44.9927,-1,Cattle,B3.13
-1,EPI_ISL_19094682|A/dairycow/NewMexico/24_010193-006/2024|2024.240,41.8577,19.4118,38.8235,65.2941,38.8235,44.0654,17.7809,45.5192,81.7923,42.6743,47.5904,24.7823,46.2157,72.3376,38.848,44.2272,24.6856,46.5766,59.6181,46.1109,42.4042,18.9427,42.2907,57.7093,38.326,45.3667,23.2865,45.6942,69.42,38.6643,50.9259,33.1126,59.6026,68.8742,54.3046,48.1159,29.0276,50.7983,65.312,44.9927,-1,Cattle,B3.13
-1,EPI_ISL_19094683|A/dairycow/NewMexico/24_010193-007/2024|2024.240,41.8577,19.4118,38.8235,65.2941,38.8235,43.9232,17.7809,44.808,81.7923,42.6743,47.5904,24.7823,46.2157,72.3376,38.848,44.2737,24.6856,47.0424,59.6181,46.1109,42.4042,18.9427,42.2907,57.7093,38.326,45.4106,23.2865,45.6942,69.8594,38.6643,50.9259,33.1126,59.6026,68.8742,54.3046,47.971,29.0276,50.7983,65.312,44.9927,-1,Cattle,B3.13
-1,EPI_ISL_19094684|A/dairycow/NewMexico/24_010330-007/2024|2024.249,41.7989,19.4118,38.8235,65.2941,38.8235,43.9232,17.7809,44.808,81.7923,42.6743,47.5904,24.7823,46.2157,72.3376,38.848,44.2272,24.6856,47.0424,59.6181,46.1109,42.3602,18.9427,42.2907,57.7093,38.326,45.3667,23.2865,45.6942,69.42,38.6643,50.9259,33.1126,59.6026,68.8742,54.3046,48.1159,29.0276,50.7983,65.312,44.9927,-1,Cattle,B3.13
-1,EPI_ISL_19094685|A/dairycow/NewMexico/24_010330-008/2024|2024.249,41.7989,19.4118,38.8235,65.2941,38.8235,43.9232,17.7809,44.808,81.7923,42.6743,47.5904,24.7823,46.2157,72.3376,38.848,44.2272,24.6856,47.0424,59.6181,46.1109,42.3602,18.9427,42.2907,57.7093,38.326,45.3667,23.2865,45.6942,69.8594,38.6643,50.9259,33.1126,59.6026,68.8742,54.3046,48.1159,29.0276,50.7983,65.312,44.9927,-1,Cattle,B3.13
-1,EPI_ISL_19094686|A/dairycow/NewMexico/24_010512-001/2024|2024.251,41.7989,19.4118,38.8235,65.2941,38.8235,43.9232,17.7809,44.808,81.7923,42.6743,47.5904,24.7823,46.2157,72.3376,38.848,44.2272,24.6856,47.0424,59.6181,46.1109,42.3602,18.9427,42.2907,57.7093,38.326,45.3667,23.2865,45.6942,69.42,38.6643,50.9259,33.1126,59.6026,68.8742,54.3046,48.1159,29.0276,50.7983,65.312,44.9927,-1,Cattle,B3.13
-1,EPI_ISL_19094687|A/dairycow/Ohio/24_009586-001/2024|2024.240,41.7989,19.4118,38.8235,65.2941,38.2353,43.9232,17.7809,44.808,81.7923,42.6743,47.5234,24.7823,46.2157,72.3376,38.848,44.2272,24.2198,47.0424,59.6181,45.6451,42.4042,19.3833,41.8502,57.7093,38.326,45.4985,23.2865,45.6942,69.8594,39.9824,51.0582,33.1126,59.6026,70.1987,54.3046,48.1159,27.5762,49.3469,65.312,44.9927,-1,Cattle,B3.13
-1,EPI_ISL_19094688|A/dairycow/Ohio/24_009586-002/2024|2024.240,41.7989,19.4118,38.8235,65.2941,38.2353,43.9943,17.7809,44.808,81.7923,43.3855,47.6573,24.7823,46.8855,72.3376,38.848,44.3669,24.6856,47.0424,60.0838,46.1109,42.3602,18.9427,41.8502,57.7093,37.8855,45.4106,23.2865,45.6942,69.42,39.1037,51.0582,33.1126,59.6026,70.1987,54.3046,48.1159,29.0276,49.3469,63.8607,44.9927,-1,Cattle,B3.13
-1,EPI_ISL_19094689|A/dairycow/Ohio/24_009586-003/2024|2024.240,41.7989,19.4118,38.2353,65.8824,38.2353,43.9943,17.7809,44.808,81.7923,43.3855,47.6573,24.7823,46.8855,72.3376,38.848,44.3669,24.6856,47.0424,60.0838,46.1109,42.3602,18.9427,41.8502,57.7093,37.8855,45.4106,23.2865,45.6942,69.42,39.1037,51.0582,33.1126,59.6026,70.1987,54.3046,47.971,27.5762,49.3469,63.8607,44.9927,-1,Cattle,B3.13
-1,EPI_ISL_19094690|A/dairycow/Ohio/24_009586-005/2024|2024.240,41.7989,19.4118,38.8235,65.2941,38.2353,43.9943,17.7809,44.808,81.7923,43.3855,47.6573,24.7823,46.8855,72.3376,38.848,44.3669,24.6856,47.0424,60.0838,46.1109,42.3602,18.9427,41.8502,57.7093,37.8855,45.4106,23.2865,45.6942,69.42,39.1037,51.0582,33.1126,59.6026,70.1987,54.3046,47.971,27.5762,49.3469,63.8607,44.9927,-1,Cattle,B3.13
-1,EPI_ISL_19094691|A/dairycow/Ohio/24_009586-006/2024|2024.240,41.8577,19.4118,38.8235,65.8824,38.2353,43.9232,17.7809,44.0967,81.7923,43.3855,47.6573,24.7823,46.8855,72.3376,38.848,44.3669,24.6856,47.0424,60.0838,46.1109,42.3602,18.9427,41.8502,57.7093,37.8855,45.4106,23.2865,45.6942,69.42,39.1037,51.0582,33.1126,59.6026,70.1987,54.3046,47.971,27.5762,49.3469,63.8607,44.9927,-1,Cattle,B3.13
-1,EPI_ISL_19094692|A/dairycow/Ohio/24_009586-007/2024|2024.240,41.8577,19.4118,38.8235,65.8824,38.2353,43.9232,17.7809,44.0967,81.7923,43.3855,47.6573,24.7823,46.8855,72.3376,38.848,44.3669,24.6856,47.0424,60.0838,46.1109,42.3602,18.9427,41.8502,57.7093,37.8855,45.4106,23.2865,45.6942,69.42,39.1037,51.0582,33.1126,59.6026,70.1987,54.3046,47.971,27.5762,49.3469,63.8607,44.9927,-1,Cattle,B3.13
-1,EPI_ISL_19094693|A/dairycow/Michigan/24_010071-007/2024|2024.249,41.7989,19.4118,38.8235,65.2941,38.2353,43.9943,17.7809,44.808,81.7923,43.3855,47.6573,24.7823,46.8855,72.3376,38.848,44.3669,24.6856,47.0424,60.0838,46.1109,42.3602,18.9427,41.8502,57.7093,37.8855,45.4106,23.2865,45.6942,69.42,39.1037,51.1905,33.1126,60.9272,70.1987,55.6291,47.971,27.5762,49.3469,63.8607,44.9927,-1,Cattle,B3.13
-1,EPI_ISL_19094694|A/dairycow/Michigan/24_010071-006/2024|2024.249,41.7989,19.4118,38.8235,65.2941,38.2353,43.9943,17.7809,44.808,81.7923,43.3855,47.6573,24.7823,46.8855,72.3376,38.848,44.3669,24.6856,47.0424,60.0838,46.1109,42.3602,18.9427,41.8502,57.7093,37.8855,45.4106,23.2865,45.6942,69.42,39.1037,51.0582,33.1126,59.6026,70.1987,54.3046,47.971,27.5762,49.3469,63.8607,44.9927,-1,Cattle,B3.13
-1,EPI_ISL_19094695|A/dairycow/Michigan/24_010071-005/2024|2024.249,41.7989,19.4118,38.8235,65.2941,38.2353,43.9943,17.7809,44.808,81.7923,43.3855,47.6573,24.7823,46.8855,72.3376,38.848,44.3203,24.6856,47.0424,60.0838,46.1109,42.3602,18.9427,41.8502,57.7093,37.8855,45.4106,23.2865,45.6942,69.42,39.1037,51.0582,33.1126,59.6026,70.1987,54.3046,47.971,27.5762,49.3469,63.8607,44.9927,-1,Cattle,B3.13
-1,EPI_ISL_19094696|A/dairycow/Michigan/24_010071-003/2024|2024.249,41.7989,19.4118,38.8235,65.2941,38.2353,43.9232,17.7809,44.0967,81.7923,43.3855,47.6573,24.7823,46.8855,72.3376,38.848,44.3669,24.6856,47.0424,60.0838,46.1109,42.3602,18.9427,41.8502,57.7093,37.8855,45.4106,23.2865,45.6942,69.42,39.1037,51.0582,33.1126,59.6026,70.1987,54.3046,47.971,27.5762,49.3469,63.8607,44.9927,-1,Cattle,B3.13
-1,EPI_ISL_19094697|A/canadagoose/NewMexico/24_005749-001/2024|2024.123,41.8577,18.8235,39.4118,65.2941,38.2353,43.9232,17.7809,44.808,81.7923,42.6743,47.8581,26.7917,48.2251,73.6772,40.8573,44.2272,24.6856,47.0424,58.6865,46.1109,42.3162,18.9427,41.8502,58.1498,37.8855,44.7519,21.9684,39.9824,68.1019,41.3005,51.3228,33.1126,60.9272,74.1722,51.6556,48.1159,27.5762,49.3469,63.8607,44.9927,-1,Avian,B3.6
-1,EPI_ISL_19094698|A/canadagoose/Indiana/24_005146-001/2024|2024.120,41.9165,18.8235,37.6471,65.8824,38.8235,43.8522,17.7809,44.0967,81.7923,41.2518,48.3936,27.4615,49.5646,79.0355,41.5271,43.9944,24.2198,45.6451,58.2208,45.6451,42.3602,19.3833,42.2907,58.1498,38.326,45.5863,25.0439,44.8155,68.9807,39.1037,51.3228,33.1126,60.9272,72.8477,54.3046,48.5507,29.0276,49.3469,66.7634,47.8955,-1,Avian,B3.7
-1,EPI_ISL_19094699|A/dairycow/Idaho/24_009491-001/2024|2024.235,41.7402,19.4118,38.8235,64.1176,38.2353,43.9943,17.7809,44.808,81.7923,42.6743,47.5904,24.7823,46.2157,72.3376,38.848,44.3669,24.6856,47.5082,60.0838,46.1109,42.3602,18.9427,41.8502,57.7093,37.8855,45.4545,23.2865,45.6942,69.42,39.1037,51.0582,33.1126,59.6026,70.1987,54.3046,47.971,27.5762,47.8955,65.312,44.9927,-1,Cattle,B3.13
-1,EPI_ISL_19094700|A/dairycow/Idaho/24_009491-002/2024|2024.235,41.7989,19.4118,38.8235,65.2941,38.2353,43.9943,17.7809,44.808,81.7923,42.6743,47.5904,24.7823,46.2157,72.3376,38.848,44.2272,24.6856,47.0424,59.6181,46.1109,42.3602,18.9427,41.8502,57.7093,37.8855,45.3667,23.7258,45.6942,68.5413,38.6643,51.1905,33.1126,59.6026,70.1987,55.6291,48.1159,27.5762,49.3469,65.312,44.9927,-1,Cattle,B3.13
-1,EPI_ISL_19094701|A/dairycow/Idaho/24_009491-003/2024|2024.235,41.7402,19.4118,38.8235,64.1176,38.2353,43.9943,17.7809,44.808,81.7923,42.6743,47.5904,24.7823,46.2157,72.3376,38.848,44.3669,24.6856,47.5082,60.0838,46.1109,42.3602,18.9427,41.8502,57.7093,37.8855,45.4985,23.2865,45.6942,69.42,39.5431,51.0582,33.1126,59.6026,70.1987,54.3046,47.971,27.5762,47.8955,65.312,44.9927,-1,Cattle,B3.13
-1,EPI_ISL_19094702|A/dairycow/Idaho/24_009491-005/2024|2024.235,41.6814,19.4118,38.2353,64.1176,38.2353,43.9943,17.7809,44.808,81.7923,42.6743,47.5904,24.7823,46.2157,72.3376,38.848,44.3669,24.6856,47.5082,60.0838,46.1109,42.3602,18.9427,41.8502,57.7093,37.8855,45.4545,23.2865,45.6942,69.42,39.1037,51.0582,33.1126,59.6026,70.1987,54.3046,47.971,27.5762,47.8955,65.312,44.9927,-1,Cattle,B3.13
-1,EPI_ISL_19094703|A/dairycow/Idaho/24_009491-006/2024|2024.235,41.7402,19.4118,38.8235,64.1176,38.2353,43.9943,17.7809,44.808,81.7923,42.6743,47.5904,24.7823,46.2157,72.3376,38.848,44.3669,24.6856,47.5082,60.0838,46.1109,42.4042,18.9427,41.8502,57.7093,38.326,45.4545,23.7258,45.6942,69.42,39.1037,51.0582,33.1126,59.6026,70.1987,54.3046,47.971,27.5762,47.8955,65.312,44.9927,-1,Cattle,B3.13
-1,EPI_ISL_19094704|A/dairycow/Idaho/24_009491-007/2024|2024.235,41.7989,19.4118,38.8235,65.2941,38.2353,43.9943,17.7809,44.808,81.7923,42.6743,47.5904,24.7823,46.2157,72.3376,38.848,44.2737,24.6856,47.0424,59.6181,46.1109,42.4042,18.9427,41.8502,58.1498,37.8855,45.3667,23.7258,45.6942,69.42,38.6643,51.1905,33.1126,59.6026,70.1987,55.6291,48.1159,27.5762,49.3469,65.312,44.9927,-1,Cattle,B3.13
-1,EPI_ISL_19094705|A/dairycow/Kansas/24_008767-001/2024|2024.216,41.8577,19.4118,39.4118,65.2941,38.2353,43.9943,17.7809,44.808,81.7923,42.6743,47.5904,24.7823,46.2157,72.3376,38.848,44.2737,25.1514,47.5082,58.6865,46.1109,42.3602,18.9427,41.8502,57.7093,37.8855,45.4106,23.2865,45.6942,69.42,39.1037,51.0582,33.1126,59.6026,70.1987,54.3046,48.1159,27.5762,49.3469,65.312,44.9927,-1,Cattle,B3.13
-1,EPI_ISL_19094706|A/dairycow/Ohio/24_009586-008/2024|2024.240,41.7989,19.4118,38.8235,65.2941,38.2353,44.0654,17.7809,44.808,81.7923,44.808,47.6573,24.7823,46.8855,72.3376,38.848,44.4134,25.1514,47.0424,60.0838,46.1109,42.3602,18.9427,41.8502,57.7093,37.8855,45.4545,23.7258,45.6942,69.42,39.1037,51.0582,33.1126,59.6026,70.1987,54.3046,47.971,27.5762,49.3469,63.8607,44.9927,-1,Cattle,B3.13
-1,EPI_ISL_19094707|A/dairycow/Kansas/24_009497-003/2024|2024.230,41.7989,19.4118,38.8235,65.2941,38.2353,43.9943,17.7809,44.808,81.7923,42.6743,47.5904,24.7823,46.2157,72.3376,38.848,44.4134,25.1514,47.5082,59.6181,46.1109,42.3602,18.9427,41.8502,57.7093,37.8855,45.4545,23.7258,46.1336,69.42,39.1037,51.1905,33.1126,59.6026,70.1987,55.6291,48.1159,27.5762,49.3469,65.312,44.9927,-1,Cattle,B3.13
-1,EPI_ISL_19094708|A/dairycow/Kansas/24_009497-005/2024|2024.230,41.7989,19.4118,38.8235,65.2941,38.2353,43.9943,17.7809,44.808,81.7923,43.3855,47.5904,24.7823,46.2157,72.3376,38.848,44.2737,24.6856,47.0424,59.6181,46.1109,42.3602,18.9427,41.8502,57.7093,37.8855,45.3667,23.2865,45.2548,69.42,39.1037,51.0582,33.1126,59.6026,70.1987,54.3046,48.1159,27.5762,49.3469,65.312,44.9927,-1,Cattle,B3.13
-1,EPI_ISL_19094709|A/dairycow/Kansas/24_009497-006/2024|2024.230,41.7989,19.4118,38.8235,65.2941,38.2353,44.0654,17.7809,44.808,81.7923,43.3855,47.5904,24.7823,46.2157,72.3376,38.848,44.2737,24.6856,47.0424,59.6181,46.1109,42.3602,18.9427,41.8502,57.7093,37.8855,45.3667,23.2865,45.2548,69.42,39.1037,51.0582,33.1126,59.6026,70.1987,54.3046,48.1159,27.5762,49.3469,65.312,44.9927,-1,Cattle,B3.13
-1,EPI_ISL_19094710|A/dairycow/Kansas/24_009497-007/2024|2024.230,41.9165,20,39.4118,65.2941,38.2353,43.9232,17.7809,44.808,81.7923,42.6743,47.5904,24.7823,46.2157,72.3376,38.848,44.2737,25.1514,47.5082,58.6865,46.1109,42.3162,18.9427,41.8502,57.7093,37.8855,45.4106,23.2865,45.6942,69.42,39.1037,51.0582,33.1126,59.6026,70.1987,54.3046,48.1159,27.5762,49.3469,65.312,44.9927,-1,Cattle,B3.13
-1,EPI_ISL_19094711|A/dairycow/Kansas/24_009497-008/2024|2024.230,41.7989,19.4118,38.8235,65.2941,38.2353,43.9943,17.7809,44.808,81.7923,42.6743,47.4565,24.7823,46.2157,72.3376,38.848,44.2737,24.6856,47.0424,59.6181,46.1109,42.3162,18.9427,41.8502,57.7093,37.8855,45.3667,23.2865,45.6942,69.42,38.6643,51.1905,33.1126,59.6026,70.1987,55.6291,48.1159,29.0276,50.7983,65.312,44.9927,-1,Cattle,B3.13
-1,EPI_ISL_19094712|A/dairycow/Kansas/24_009497-009/2024|2024.230,41.7989,19.4118,38.8235,65.2941,38.2353,43.9232,17.0697,44.808,81.0811,42.6743,47.5904,24.7823,46.2157,72.3376,38.848,44.2737,24.6856,47.0424,59.6181,46.1109,42.3602,18.9427,41.8502,57.7093,37.8855,45.3667,23.2865,45.6942,68.9807,39.1037,51.0582,33.1126,59.6026,70.1987,54.3046,48.1159,27.5762,49.3469,65.312,44.9927,-1,Cattle,B3.13
-1,EPI_ISL_19094713|A/dairycow/Kansas/24_009497-010/2024|2024.230,41.7989,19.4118,38.8235,65.2941,38.2353,43.9943,17.7809,44.808,81.7923,42.6743,47.5904,24.7823,46.2157,72.3376,38.848,44.2737,25.1514,47.0424,59.1523,46.1109,42.3602,18.9427,41.4097,57.7093,37.8855,45.3228,22.8471,45.6942,69.42,38.6643,51.0582,33.1126,59.6026,70.1987,54.3046,48.1159,27.5762,49.3469,65.312,44.9927,-1,Cattle,B3.13
-1,EPI_ISL_19094714|A/dairycow/Kansas/24_009497-011/2024|2024.230,41.7989,19.4118,38.8235,65.2941,38.2353,43.9943,17.7809,44.808,81.7923,42.6743,47.5904,24.7823,46.2157,72.3376,38.848,44.3669,25.1514,47.5082,59.6181,46.1109,42.3602,18.9427,41.8502,57.7093,37.8855,45.4545,23.7258,46.1336,69.42,39.1037,51.1905,33.1126,59.6026,70.1987,55.6291,48.1159,27.5762,49.3469,65.312,44.9927,-1,Cattle,B3.13
-1,EPI_ISL_19094715|A/dairycow/Michigan/24_010071-001/2024|2024.249,41.7402,19.4118,38.8235,64.7059,38.2353,43.9943,17.7809,44.808,81.7923,43.3855,47.6573,24.7823,46.8855,72.3376,38.848,44.3669,24.6856,47.0424,60.0838,46.1109,42.3602,18.9427,41.8502,57.7093,37.8855,45.4106,23.2865,45.6942,69.42,39.1037,51.0582,33.1126,59.6026,70.1987,54.3046,47.971,27.5762,49.3469,63.8607,44.9927,-1,Cattle,B3.13
-1,EPI_ISL_19094716|A/dairycow/Michigan/24_010071-002/2024|2024.249,41.7989,19.4118,38.8235,65.2941,38.2353,43.9943,17.7809,44.808,81.7923,43.3855,47.6573,24.7823,46.8855,72.3376,38.848,44.3669,24.6856,47.0424,60.0838,46.1109,42.3602,18.9427,41.8502,57.7093,37.8855,45.4106,23.2865,45.6942,69.42,39.1037,51.0582,33.1126,59.6026,70.1987,54.3046,47.971,27.5762,49.3469,63.8607,44.9927,-1,Cattle,B3.13
-1,EPI_ISL_19094717|A/dairycow/Kansas/24_009497-004/2024|2024.230,41.8577,19.4118,38.8235,65.2941,38.8235,43.9232,17.7809,44.808,81.0811,42.6743,47.5904,24.7823,46.2157,72.3376,38.848,44.3669,25.1514,47.5082,59.6181,46.1109,42.3602,18.9427,41.8502,57.7093,37.8855,45.4545,23.7258,46.1336,69.42,39.1037,51.1905,33.1126,59.6026,70.1987,55.6291,48.1159,27.5762,49.3469,65.312,44.9927,-1,Cattle,B3.13
-1,EPI_ISL_19094718|A/dairycow/Texas/24_009110-020/2024|2024.199,41.8577,19.4118,38.8235,65.8824,38.2353,43.9232,17.7809,44.808,81.7923,42.6743,47.6573,24.7823,46.8855,72.3376,38.848,44.2737,24.6856,47.0424,59.6181,46.1109,42.3602,18.9427,41.8502,57.7093,37.8855,45.3667,23.2865,45.6942,69.42,38.6643,51.0582,33.1126,59.6026,70.1987,54.3046,48.1159,27.5762,49.3469,65.312,44.9927,-1,Cattle,B3.13
-1,EPI_ISL_19094719|A/dairycow/Ohio/24_009586-009/2024|2024.240,41.8577,19.4118,38.8235,65.8824,38.2353,43.9232,17.7809,44.0967,81.7923,43.3855,47.7242,24.7823,46.8855,72.3376,39.5177,44.3669,24.6856,47.0424,60.0838,46.1109,42.4042,18.9427,41.8502,57.7093,37.8855,45.4106,23.2865,45.6942,69.42,39.1037,51.0582,33.1126,59.6026,70.1987,54.3046,47.971,27.5762,49.3469,63.8607,44.9927,-1,Cattle,B3.13
-1,EPI_ISL_19094720|A/dairycow/SouthDakota/24_010354-001/2024|2024.260,41.7989,19.4118,39.4118,64.7059,38.2353,44.0654,17.7809,44.808,82.5036,42.6743,47.5234,24.7823,46.2157,70.998,38.848,44.2272,25.1514,47.5082,58.6865,46.1109,42.3602,18.9427,41.8502,57.7093,37.8855,45.4545,23.2865,45.6942,69.42,39.1037,51.0582,33.1126,59.6026,70.1987,54.3046,48.1159,27.5762,49.3469,65.312,44.9927,-1,Cattle,B3.13
-1,EPI_ISL_19094721|A/dairycow/Texas/24_009109-006/2024|2024.216,41.7989,19.4118,38.8235,65.2941,38.2353,43.9232,17.7809,44.808,81.7923,42.6743,47.5904,24.7823,46.2157,72.3376,38.848,44.2272,24.2198,47.0424,59.6181,45.6451,42.3602,18.9427,41.8502,57.7093,37.8855,45.4106,23.2865,45.6942,69.8594,38.6643,51.0582,33.1126,59.6026,70.1987,54.3046,48.1159,27.5762,49.3469,65.312,44.9927,-1,Cattle,B3.13
-1,EPI_ISL_19094722|A/dairycow/Texas/24_009109-007/2024|2024.216,41.7989,19.4118,38.8235,65.2941,38.2353,43.9232,17.7809,44.808,81.7923,42.6743,47.5904,24.7823,46.2157,72.3376,38.848,44.2272,24.2198,47.0424,59.6181,45.6451,42.3602,18.9427,41.8502,57.7093,37.8855,45.4106,23.2865,45.6942,69.8594,38.6643,51.0582,33.1126,59.6026,70.1987,54.3046,48.1159,27.5762,49.3469,65.312,44.9927,-1,Cattle,B3.13
-1,EPI_ISL_19094723|A/dairycow/Texas/24_009109-008/2024|2024.216,41.7989,19.4118,38.8235,65.2941,38.2353,43.9232,17.7809,44.808,81.7923,42.6743,47.5904,24.7823,46.2157,72.3376,38.848,44.2272,24.2198,47.0424,59.6181,45.6451,42.3602,18.9427,41.8502,57.7093,37.8855,45.4106,23.2865,45.6942,69.8594,38.6643,51.0582,33.1126,59.6026,70.1987,54.3046,48.1159,27.5762,49.3469,65.312,44.9927,-1,Cattle,B3.13
-1,EPI_ISL_19094724|A/dairycow/Texas/24_009110-001/2024|2024.199,41.9165,20.5882,39.4118,65.2941,37.6471,43.9232,17.7809,44.808,81.7923,42.6743,47.5904,24.7823,46.2157,72.3376,38.848,44.2272,24.6856,47.0424,59.1523,46.1109,42.4483,19.3833,41.8502,57.7093,38.326,45.4106,23.2865,45.6942,69.8594,38.6643,50.9259,33.1126,58.2781,68.8742,54.3046,47.971,27.5762,49.3469,63.8607,44.9927,-1,Cattle,B3.13
-1,EPI_ISL_19094725|A/dairycow/Texas/24_009110-002/2024|2024.199,41.9165,20.5882,39.4118,65.2941,37.6471,43.9943,18.4922,44.808,81.7923,42.6743,47.5904,24.7823,46.2157,72.3376,38.848,44.2272,24.6856,47.0424,59.1523,46.1109,42.3162,18.0617,41.8502,56.8282,38.326,45.3667,23.2865,45.6942,69.8594,38.6643,50.9259,33.1126,58.2781,68.8742,54.3046,47.971,27.5762,49.3469,63.8607,44.9927,-1,Cattle,B3.13
-1,EPI_ISL_19094726|A/dairycow/Texas/24_009110-003/2024|2024.199,41.8577,19.4118,39.4118,64.7059,39.4118,43.9943,17.7809,45.5192,81.7923,42.6743,47.5904,24.7823,46.2157,72.3376,38.848,44.2737,24.6856,47.0424,59.6181,46.1109,42.4042,18.9427,42.2907,57.7093,38.326,45.3667,23.2865,45.6942,69.42,38.6643,51.0582,33.1126,59.6026,70.1987,54.3046,48.2609,29.0276,50.7983,65.312,44.9927,-1,Cattle,B3.13
-1,EPI_ISL_19094727|A/dairycow/Texas/24_009110-004/2024|2024.199,41.9165,20.5882,39.4118,65.2941,37.6471,43.9232,17.7809,44.808,81.7923,42.6743,47.5904,24.7823,46.2157,72.3376,38.848,44.1806,24.6856,47.0424,59.1523,46.1109,42.4483,19.3833,41.8502,57.7093,38.326,45.4106,23.2865,45.6942,69.8594,38.6643,50.9259,33.1126,58.2781,68.8742,54.3046,47.971,27.5762,49.3469,63.8607,44.9927,-1,Cattle,B3.13
-1,EPI_ISL_19094728|A/dairycow/Texas/24_009110-005/2024|2024.199,41.9165,20.5882,39.4118,65.2941,37.6471,43.9232,17.7809,44.808,81.7923,42.6743,47.5904,24.7823,46.2157,72.3376,38.848,44.1806,24.6856,47.0424,59.1523,46.1109,42.4483,19.3833,41.8502,57.7093,38.326,45.4106,23.2865,45.6942,69.8594,38.6643,50.9259,33.1126,58.2781,68.8742,54.3046,47.971,27.5762,49.3469,63.8607,44.9927,-1,Cattle,B3.13
-1,EPI_ISL_19094729|A/dairycow/Texas/24_009110-006/2024|2024.199,41.9165,20.5882,39.4118,65.2941,37.6471,43.9943,17.7809,44.808,81.7923,42.6743,47.5904,24.7823,46.2157,72.3376,38.848,44.2272,24.6856,47.0424,59.1523,46.1109,42.4923,19.3833,41.8502,57.7093,38.7665,45.4106,23.2865,45.6942,69.8594,38.6643,50.9259,33.1126,58.2781,68.8742,54.3046,47.971,27.5762,49.3469,63.8607,44.9927,-1,Cattle,B3.13
-1,EPI_ISL_19094730|A/dairycow/Texas/24_009110-007/2024|2024.199,41.9165,20.5882,39.4118,65.2941,37.6471,43.9232,17.7809,44.808,81.7923,42.6743,47.6573,24.7823,46.2157,73.0074,38.848,44.2272,24.6856,47.0424,59.1523,46.1109,42.4483,19.3833,41.8502,57.7093,38.326,45.4106,23.2865,45.6942,69.8594,38.6643,50.7937,33.1126,58.2781,67.5497,54.3046,47.971,27.5762,49.3469,63.8607,44.9927,-1,Cattle,B3.13
-1,EPI_ISL_19094731|A/dairycow/Texas/24_009110-008/2024|2024.199,41.7989,19.4118,38.8235,65.2941,38.2353,43.9232,17.7809,44.808,81.7923,42.6743,47.6573,24.7823,46.8855,72.3376,38.848,44.1806,24.6856,47.0424,58.6865,46.1109,42.3602,18.9427,41.8502,57.7093,37.8855,45.3228,22.8471,45.6942,69.42,38.6643,51.0582,33.1126,59.6026,70.1987,54.3046,48.1159,27.5762,49.3469,65.312,44.9927,-1,Cattle,B3.13
-1,EPI_ISL_19094732|A/dairycow/Texas/24_009110-010/2024|2024.199,41.9165,20.5882,39.4118,65.2941,37.6471,43.9943,17.7809,44.808,81.7923,42.6743,47.6573,24.7823,46.2157,73.0074,38.848,44.2272,24.6856,47.0424,59.1523,46.1109,42.4483,19.3833,41.8502,57.7093,38.326,45.3667,23.2865,45.6942,69.8594,38.6643,50.9259,33.1126,58.2781,68.8742,54.3046,47.971,27.5762,49.3469,63.8607,44.9927,-1,Cattle,B3.13
-1,EPI_ISL_19094733|A/dairycow/Texas/24_009110-011/2024|2024.199,41.9165,20.5882,39.4118,65.2941,37.6471,43.9943,17.7809,44.808,81.7923,42.6743,47.5234,24.1125,46.2157,72.3376,38.848,44.2272,24.6856,47.0424,59.1523,46.1109,42.4483,19.3833,41.8502,57.7093,38.326,45.4106,23.2865,45.6942,69.8594,38.6643,50.9259,33.1126,58.2781,68.8742,54.3046,47.971,27.5762,49.3469,63.8607,44.9927,-1,Cattle,B3.13
-1,EPI_ISL_19094734|A/dairycow/Texas/24_009110-012/2024|2024.199,41.9165,20.5882,39.4118,65.2941,37.6471,43.9232,17.7809,44.808,81.7923,42.6743,47.5904,24.7823,46.2157,72.3376,38.848,44.2272,24.6856,47.0424,59.1523,46.1109,42.4042,19.3833,41.8502,57.7093,38.326,45.4106,23.2865,45.6942,69.8594,38.6643,50.9259,33.1126,58.2781,68.8742,54.3046,47.971,27.5762,49.3469,63.8607,44.9927,-1,Cattle,B3.13
-1,EPI_ISL_19094735|A/dairycow/Texas/24_009110-014/2024|2024.199,41.9165,20.5882,39.4118,65.2941,37.6471,43.9232,17.7809,44.808,81.7923,42.6743,47.5904,24.7823,46.2157,72.3376,38.848,44.2272,24.6856,47.0424,59.1523,46.1109,42.4483,19.3833,41.8502,57.7093,38.326,45.4106,23.2865,45.6942,69.8594,38.6643,50.9259,33.1126,58.2781,68.8742,54.3046,48.1159,29.0276,49.3469,63.8607,44.9927,-1,Cattle,B3.13
-1,EPI_ISL_19094736|A/dairycow/Texas/24_009110-015/2024|2024.199,41.9753,20.5882,39.4118,65.8824,37.6471,43.9232,17.7809,44.808,81.7923,42.6743,47.5904,24.7823,46.2157,72.3376,38.848,44.2272,24.6856,47.0424,59.1523,46.1109,42.4042,19.3833,41.8502,57.7093,37.8855,45.4106,23.2865,45.6942,69.8594,38.6643,50.9259,33.1126,58.2781,68.8742,54.3046,47.971,27.5762,49.3469,63.8607,44.9927,-1,Cattle,B3.13
-1,EPI_ISL_19094737|A/dairycow/Texas/24_009110-016/2024|2024.199,41.9165,20.5882,39.4118,65.2941,37.6471,43.9232,17.7809,44.808,81.7923,42.6743,47.5904,24.7823,46.2157,72.3376,38.848,44.1806,24.6856,47.0424,59.1523,46.1109,42.4483,19.3833,41.8502,57.7093,38.326,45.4106,23.2865,45.6942,69.8594,38.6643,50.9259,33.1126,58.2781,68.8742,54.3046,47.971,27.5762,49.3469,63.8607,44.9927,-1,Cattle,B3.13
-1,EPI_ISL_19094738|A/dairycow/Texas/24_009110-017/2024|2024.199,41.7989,19.4118,38.8235,65.2941,38.2353,43.9232,17.7809,44.808,81.7923,42.6743,47.6573,24.7823,46.8855,72.3376,38.848,44.1806,24.6856,47.0424,58.6865,46.1109,42.3602,18.9427,41.8502,57.7093,37.8855,45.3228,22.8471,45.6942,69.42,38.6643,51.0582,33.1126,59.6026,70.1987,54.3046,48.1159,27.5762,49.3469,65.312,44.9927,-1,Cattle,B3.13
-1,EPI_ISL_19094739|A/dairycow/Texas/24_009110-018/2024|2024.199,41.9753,20.5882,39.4118,65.2941,38.2353,43.8522,17.7809,44.808,81.7923,41.963,47.5904,24.7823,46.2157,73.0074,38.848,44.2737,24.6856,47.0424,59.6181,46.1109,42.4483,19.3833,41.8502,57.7093,38.326,45.4106,23.2865,45.6942,69.8594,38.6643,51.0582,33.1126,59.6026,70.1987,54.3046,48.1159,27.5762,49.3469,65.312,44.9927,-1,Cattle,B3.13
-1,EPI_ISL_19094740|A/dairycow/Texas/24_009108-006/2024|2024.216,41.7989,19.4118,38.8235,65.2941,38.2353,43.8522,17.7809,44.808,80.3698,42.6743,47.6573,24.7823,46.8855,72.3376,38.848,44.2737,24.6856,47.0424,59.6181,46.1109,42.3602,18.9427,41.8502,57.7093,37.8855,45.4106,23.7258,45.6942,69.42,38.6643,51.0582,33.1126,59.6026,70.1987,54.3046,48.1159,27.5762,49.3469,65.312,44.9927,-1,Cattle,B3.13
-1,EPI_ISL_19094741|A/dairycow/Texas/24_009108-005/2024|2024.216,41.7989,19.4118,38.8235,65.2941,38.2353,43.8522,17.0697,44.808,81.0811,42.6743,47.5904,24.7823,46.2157,72.3376,38.848,44.2272,24.2198,47.0424,59.6181,45.6451,42.3602,18.9427,41.8502,57.7093,37.8855,45.4106,23.2865,45.6942,69.8594,38.6643,51.0582,33.1126,59.6026,70.1987,54.3046,48.1159,27.5762,49.3469,65.312,44.9927,-1,Cattle,B3.13
-1,EPI_ISL_19094742|A/dairycow/Texas/24_009108-004/2024|2024.216,41.7989,19.4118,38.8235,65.2941,38.2353,43.8522,17.7809,44.808,80.3698,42.6743,47.6573,24.7823,46.8855,72.3376,38.848,44.2737,24.6856,47.0424,59.6181,46.1109,42.3602,18.9427,41.8502,57.7093,37.8855,45.4106,23.7258,45.6942,69.42,38.6643,51.0582,33.1126,59.6026,70.1987,54.3046,48.1159,27.5762,49.3469,65.312,44.9927,-1,Cattle,B3.13
-1,EPI_ISL_19094743|A/dairycow/Texas/24_009108-003/2024|2024.216,41.7989,19.4118,38.8235,65.2941,38.2353,43.9943,17.7809,44.808,81.7923,43.3855,47.5904,24.7823,46.2157,72.3376,38.848,44.2272,24.2198,47.0424,59.6181,45.6451,42.3602,18.9427,41.8502,57.7093,37.8855,45.4106,23.2865,45.6942,69.8594,38.6643,51.0582,33.1126,59.6026,70.1987,54.3046,48.1159,27.5762,49.3469,65.312,44.9927,-1,Cattle,B3.13
-1,EPI_ISL_19094744|A/dairycow/SouthDakota/24_010354-002/2024|2024.260,41.8577,19.4118,39.4118,65.2941,38.2353,43.9943,17.7809,44.808,81.7923,42.6743,47.5904,24.7823,46.2157,72.3376,38.848,44.3203,25.6171,47.5082,58.6865,46.5766,42.3602,18.9427,41.8502,57.7093,37.8855,45.4106,23.2865,45.6942,69.42,39.1037,51.0582,33.1126,59.6026,70.1987,54.3046,48.1159,27.5762,49.3469,65.312,44.9927,-1,Cattle,B3.13
-1,EPI_ISL_19094745|A/dairycow/SouthDakota/24_010354-003/2024|2024.260,41.8577,19.4118,39.4118,65.2941,38.2353,43.9943,17.7809,44.808,81.7923,42.6743,47.5234,24.7823,46.2157,72.3376,38.848,44.2272,25.1514,47.0424,58.2208,46.1109,42.3162,18.9427,41.4097,57.7093,37.8855,45.3667,22.8471,45.6942,69.42,38.6643,51.0582,33.1126,59.6026,70.1987,54.3046,48.1159,27.5762,49.3469,65.312,44.9927,-1,Cattle,B3.13
-1,EPI_ISL_19094746|A/dairycow/SouthDakota/24_010354-005/2024|2024.260,41.8577,19.4118,39.4118,65.2941,38.2353,43.9943,17.7809,44.808,81.7923,42.6743,47.5904,24.7823,46.2157,72.3376,38.848,44.3203,25.1514,47.9739,59.1523,46.1109,42.3602,18.9427,41.8502,57.7093,37.8855,45.4106,23.2865,45.6942,69.42,39.1037,51.0582,33.1126,59.6026,70.1987,54.3046,48.1159,27.5762,49.3469,65.312,44.9927,-1,Cattle,B3.13
-1,EPI_ISL_19094747|A/dairycow/SouthDakota/24_010354-008/2024|2024.260,41.8577,19.4118,39.4118,65.2941,38.2353,43.9943,17.7809,44.808,81.7923,42.6743,47.5234,24.7823,46.2157,70.998,38.848,44.3203,25.1514,47.9739,58.6865,46.1109,42.3162,18.9427,41.4097,57.7093,37.8855,45.4985,23.2865,45.6942,69.42,39.1037,51.1905,33.1126,59.6026,72.8477,54.3046,48.1159,27.5762,49.3469,65.312,44.9927,-1,Cattle,B3.13
-1,EPI_ISL_19094748|A/dairycow/SouthDakota/24_010354-011/2024|2024.260,41.9165,19.4118,39.4118,65.2941,38.8235,43.9943,17.7809,44.808,81.7923,42.6743,47.5904,24.7823,46.2157,72.3376,38.848,44.2272,25.1514,47.5082,58.2208,46.1109,42.3602,18.9427,41.8502,57.7093,37.8855,45.4106,23.2865,45.6942,69.42,39.1037,51.0582,33.1126,59.6026,70.1987,54.3046,48.2609,27.5762,49.3469,66.7634,44.9927,-1,Cattle,B3.13
-1,EPI_ISL_19094749|A/dairycow/SouthDakota/24_010354-012/2024|2024.260,41.8577,19.4118,39.4118,65.2941,38.2353,43.9943,17.7809,44.808,81.7923,42.6743,47.4565,24.7823,45.5459,72.3376,38.848,44.2737,25.1514,47.5082,58.6865,46.1109,42.3602,18.9427,41.8502,57.7093,37.8855,45.3667,22.8471,45.6942,69.42,38.6643,51.0582,33.1126,59.6026,70.1987,54.3046,48.1159,27.5762,49.3469,65.312,44.9927,-1,Cattle,B3.13
-1,EPI_ISL_19094750|A/dairycow/SouthDakota/24_010354-020/2024|2024.260,41.8577,19.4118,39.4118,65.2941,38.2353,44.1365,17.7809,44.808,81.7923,42.6743,47.5234,24.7823,46.2157,72.3376,38.848,44.2737,25.1514,47.5082,58.6865,46.1109,42.3602,18.9427,41.8502,57.7093,37.8855,45.3667,22.8471,45.6942,69.42,38.6643,51.0582,33.1126,59.6026,70.1987,54.3046,48.1159,27.5762,49.3469,65.312,44.9927,-1,Cattle,B3.13
-1,EPI_ISL_19094751|A/dairycow/Texas/24_009028-002/2024|2024.216,41.6814,19.4118,38.8235,65.2941,38.2353,43.9943,17.7809,44.808,81.7923,42.6743,47.7242,25.4521,46.2157,72.3376,39.5177,44.2737,24.6856,47.0424,59.6181,46.1109,42.3602,18.9427,41.8502,57.7093,37.8855,45.3667,22.8471,45.6942,69.42,39.1037,51.0582,33.1126,59.6026,70.1987,54.3046,47.8261,26.1248,49.3469,65.312,44.9927,-1,Cattle,B3.13
-1,EPI_ISL_19094752|A/dairycow/Texas/24_009028-003/2024|2024.216,41.7402,19.4118,38.2353,65.2941,38.2353,43.9232,17.7809,44.808,81.7923,42.6743,47.6573,24.7823,46.8855,72.3376,38.848,44.3669,24.6856,47.0424,60.0838,46.1109,42.3602,18.9427,41.8502,57.7093,38.326,45.3667,23.2865,45.6942,69.42,38.6643,51.0582,33.1126,59.6026,70.1987,54.3046,48.1159,27.5762,49.3469,65.312,44.9927,-1,Cattle,B3.13
-1,EPI_ISL_19094753|A/dairycow/Ohio/24_009586-010/2024|2024.240,41.7989,19.4118,38.8235,65.2941,38.2353,43.9943,17.7809,44.808,81.7923,43.3855,47.6573,24.7823,46.8855,72.3376,38.848,44.4134,25.1514,47.0424,60.0838,46.5766,42.3602,18.9427,41.8502,57.7093,37.8855,45.4106,23.2865,45.6942,69.42,39.1037,51.0582,33.1126,58.2781,71.5232,54.3046,47.971,27.5762,49.3469,63.8607,44.9927,-1,Cattle,B3.13
-1,EPI_ISL_19094754|A/dairycow/Texas/24_009028-005/2024|2024.216,41.7402,19.4118,38.2353,65.2941,38.2353,43.9232,17.7809,44.808,81.7923,42.6743,47.6573,24.7823,46.8855,72.3376,38.848,44.3203,24.6856,47.0424,59.6181,46.1109,42.2721,18.9427,41.8502,57.7093,37.8855,45.3228,23.2865,45.6942,69.42,38.6643,51.0582,33.1126,59.6026,70.1987,54.3046,48.1159,27.5762,49.3469,65.312,44.9927,-1,Cattle,B3.13
-1,EPI_ISL_19094755|A/dairycow/Texas/24_009028-008/2024|2024.216,41.7402,19.4118,38.2353,65.2941,38.2353,43.9232,17.7809,44.808,81.7923,42.6743,47.6573,24.7823,46.8855,72.3376,38.848,44.3203,24.6856,47.0424,59.6181,46.1109,42.2721,18.9427,41.8502,57.7093,37.8855,45.3667,23.2865,45.6942,69.42,38.6643,51.0582,33.1126,59.6026,70.1987,54.3046,48.1159,27.5762,49.3469,65.312,44.9927,-1,Cattle,B3.13
-1,EPI_ISL_19094756|A/dairycow/Texas/24_009028-009/2024|2024.216,41.7989,19.4118,38.8235,65.2941,38.2353,44.0654,17.7809,44.808,81.7923,43.3855,47.5234,24.7823,46.2157,72.3376,38.848,44.2272,24.6856,46.5766,59.6181,46.1109,42.2721,18.9427,41.8502,56.8282,37.8855,45.4545,23.7258,46.1336,69.42,39.1037,51.0582,33.1126,59.6026,70.1987,54.3046,48.2609,27.5762,47.8955,66.7634,44.9927,-1,Cattle,B3.13
-1,EPI_ISL_19094757|A/dairycow/Texas/24_009028-019/2024|2024.216,41.6814,19.4118,38.2353,65.2941,37.6471,43.9232,17.7809,44.808,81.7923,42.6743,47.6573,24.7823,46.8855,72.3376,38.848,44.3203,24.6856,47.0424,59.6181,46.1109,42.3162,18.9427,41.8502,57.7093,37.8855,45.4106,23.2865,45.6942,69.8594,38.6643,51.0582,33.1126,59.6026,70.1987,54.3046,48.1159,27.5762,49.3469,65.312,44.9927,-1,Cattle,B3.13
-1,EPI_ISL_19094758|A/dairycow/Texas/24_009029-001/2024|2024.219,41.7989,19.4118,38.8235,65.2941,38.2353,43.9943,17.7809,44.808,82.5036,42.6743,47.6573,24.7823,46.8855,72.3376,38.848,44.2737,24.6856,47.0424,59.6181,46.1109,42.3162,18.9427,41.8502,57.7093,37.4449,45.3228,23.2865,45.6942,69.42,38.6643,51.0582,33.1126,59.6026,70.1987,54.3046,47.971,27.5762,49.3469,65.312,43.5414,-1,Cattle,B3.13
-1,EPI_ISL_19094759|A/dairycow/Texas/24_009087-001/2024|2024.216,41.7989,19.4118,38.8235,65.2941,38.2353,43.9232,17.7809,44.808,81.7923,42.6743,47.5904,24.7823,46.2157,72.3376,38.848,44.2272,24.2198,47.0424,59.6181,45.6451,42.3602,18.9427,41.8502,57.7093,37.8855,45.4106,23.2865,45.6942,69.8594,38.6643,51.0582,33.1126,59.6026,70.1987,54.3046,48.1159,27.5762,49.3469,65.312,44.9927,-1,Cattle,B3.13
-1,EPI_ISL_19094760|A/dairycow/Texas/24_009088-001/2024|2024.197,41.9165,20.5882,39.4118,65.2941,37.6471,43.9232,17.7809,44.808,81.7923,42.6743,47.5904,24.7823,46.2157,72.3376,38.848,44.2272,24.6856,47.0424,59.1523,46.1109,42.4483,19.3833,41.8502,57.7093,38.326,45.4106,23.2865,45.6942,69.8594,38.6643,50.9259,33.1126,58.2781,68.8742,54.3046,47.971,27.5762,49.3469,63.8607,44.9927,-1,Cattle,B3.13
-1,EPI_ISL_19094761|A/dairycow/Texas/24_009088-002/2024|2024.197,41.9165,20.5882,39.4118,65.2941,37.6471,43.9232,17.7809,44.808,81.7923,42.6743,47.5904,24.7823,46.2157,72.3376,38.848,44.2272,24.6856,47.0424,59.1523,46.1109,42.4483,19.3833,41.8502,57.7093,38.326,45.4106,23.2865,45.6942,69.8594,38.6643,50.9259,33.1126,58.2781,68.8742,54.3046,47.971,27.5762,49.3469,63.8607,44.9927,-1,Cattle,B3.13
-1,EPI_ISL_19094762|A/dairycow/Texas/24_009108-001/2024|2024.216,41.7989,19.4118,38.8235,65.2941,38.2353,43.8522,17.7809,44.808,80.3698,42.6743,47.5234,24.1125,46.2157,72.3376,38.848,44.2272,24.2198,47.0424,59.6181,45.6451,42.3602,18.9427,41.8502,57.7093,37.8855,45.4106,23.2865,45.6942,69.8594,38.6643,51.0582,33.1126,59.6026,70.1987,54.3046,48.1159,27.5762,49.3469,65.312,44.9927,-1,Cattle,B3.13
-1,EPI_ISL_19094763|A/dairycow/Texas/24_009108-002/2024|2024.216,41.7989,19.4118,38.8235,65.2941,38.2353,43.8522,17.7809,44.808,80.3698,42.6743,47.6573,24.7823,46.8855,72.3376,38.848,44.2737,24.6856,47.0424,59.6181,46.1109,42.3602,18.9427,41.8502,57.7093,37.8855,45.4545,24.1652,45.6942,69.42,38.6643,51.0582,33.1126,59.6026,70.1987,54.3046,48.1159,27.5762,49.3469,65.312,44.9927,-1,Cattle,B3.13
-1,EPI_ISL_19094764|A/dairycow/Texas/24_009028-007/2024|2024.216,41.7402,19.4118,38.2353,65.2941,38.2353,43.9232,17.7809,44.808,81.7923,42.6743,47.6573,24.7823,46.8855,72.3376,38.848,44.3203,24.6856,47.0424,59.6181,46.1109,42.3162,18.9427,41.8502,57.7093,37.8855,45.3228,22.8471,45.6942,69.42,38.6643,51.0582,33.1126,59.6026,70.1987,54.3046,48.1159,27.5762,49.3469,65.312,44.9927,-1,Cattle,B3.13
-1,EPI_ISL_19134592|A/redheadduck/NorthCarolina/W24-83A/2024|2024.046,42.1176,18.2568,38.2803,65.96,41.225,44.2075,18.4922,44.808,82.5036,43.3855,47.7242,27.4615,48.2251,75.6865,35.499,44.879,22.8225,48.4397,63.81,51.7,42.7565,18.5022,40.9692,58.5903,38.326,45.8937,25.0439,43.058,71.1775,43.9367,50.5291,33.1126,59.6026,71.5232,51.6556,46.8116,23.2221,47.8955,63.8607,55.1524,-1,Avian,C2.1
-1,EPI_ISL_19134610|A/Canadagoose/NorthCarolina/W24-90A/2024|2024.098,42.0341,17.6471,38.2353,65.8824,41.1765,44.1365,18.4922,44.0967,81.7923,41.963,47.8581,28.1313,47.5553,76.3563,36.1688,44.8324,22.8225,47.9739,66.1388,50.7685,42.8886,18.0617,40.9692,59.4714,40.0881,45.5863,24.6046,42.6186,70.2988,43.4974,50.2646,34.4371,58.2781,71.5232,52.9801,47.1014,23.2221,49.3469,63.8607,55.1524,-1,Avian,C2.1
-1,EPI_ISL_19134612|A/Canadagoose/NorthCarolina/W24-51/2024|2024.030,41.9753,17.6471,38.2353,64.1176,40.5882,44.2075,18.4922,44.808,82.5036,42.6743,47.8581,28.1313,48.2251,75.6865,35.499,44.879,23.2883,48.4397,64.2757,51.2343,42.8886,18.5022,40.9692,59.4714,39.6476,45.8498,24.6046,43.058,70.7381,43.4974,50.5291,33.1126,59.6026,71.5232,51.6556,46.9565,23.2221,47.8955,63.8607,55.1524,-1,Avian,C2.1
-1,EPI_ISL_19134613|A/Americanwhitepelican/NorthCarolina/W24-84/2024|2024.060,42.1517,18.2353,38.8235,65.2941,41.1765,44.1365,18.4922,44.808,81.7923,43.3855,47.7912,27.4615,48.2251,75.6865,35.499,44.8324,22.3568,48.4397,63.81,51.2343,42.7125,18.5022,40.9692,58.5903,38.326,46.0694,25.4833,43.4974,71.1775,44.8155,50.5291,33.1126,59.6026,71.5232,51.6556,46.8116,23.2221,47.8955,63.8607,55.1524,-1,Avian,C2.1
-1,EPI_ISL_19141090|A/dairycow/Colorado/UW-9084466/2024|2024.249(Dayunknown),42.0702,20,38.7879,66.6667,38.7879,44.3956,18.3284,46.1877,83.5777,42.522,47.5904,24.7823,46.2157,72.3376,38.848,44.185,25.3165,46.8823,60.0094,45.4759,42.3975,18.9762,41.9241,57.8111,37.9523,45.5234,23.2766,46.5533,69.3823,39.8389,51.0582,33.1126,59.6026,70.1987,54.3046,48.1805,27.6968,49.5627,64.1399,45.1895,-1,Cattle,B3.13
-1,EPI_ISL_19145035|A/dairycow/Kansas/24-008766-001-original/2024|2024.219,41.7989,19.4118,38.8235,65.2941,38.2353,43.9232,17.7809,44.808,80.3698,42.6743,47.6573,24.7823,46.2157,73.0074,38.848,44.2272,24.6856,47.0424,59.6181,46.1109,42.3602,18.9427,41.8502,57.7093,37.8855,45.3667,23.2865,45.6942,69.42,38.6643,50.9259,31.7881,59.6026,70.1987,54.3046,48.2609,29.0276,49.3469,65.312,44.9927,-1,Cattle,B3.13
-1,EPI_ISL_19151382|A/dairycow/NewMexico/24_010330-004-300/2024|2024.249,41.7989,19.4118,38.8235,65.2941,38.8235,43.9232,17.7809,44.808,81.7923,42.6743,47.5904,24.7823,46.2157,72.3376,38.848,44.2272,24.6856,47.0424,59.6181,46.1109,42.3602,18.9427,42.2907,57.7093,38.326,45.3667,23.2865,45.6942,69.42,38.6643,50.9259,33.1126,59.6026,68.8742,54.3046,48.1159,29.0276,50.7983,65.312,44.9927,-1,Cattle,B3.13
-1,EPI_ISL_19151383|A/dairycow/NewMexico/24_010330-006-300/2024|2024.249,41.7989,19.4118,38.8235,65.2941,38.8235,43.9232,17.7809,44.808,81.7923,42.6743,47.5904,24.7823,46.2157,72.3376,38.848,44.1806,24.2198,47.0424,59.6181,45.6451,42.3602,18.9427,42.2907,57.7093,38.326,45.3667,23.2865,45.6942,69.42,38.6643,50.9259,33.1126,59.6026,68.8742,54.3046,48.1159,29.0276,50.7983,65.312,44.9927,-1,Cattle,B3.13
-1,EPI_ISL_19151384|A/dairycow/NewMexico/24_010330-009-300/2024|2024.249,41.7989,19.4118,38.8235,65.2941,38.8235,43.9232,17.7809,44.808,81.7923,42.6743,47.5904,24.7823,46.2157,72.3376,38.848,44.2272,24.6856,47.0424,59.6181,46.1109,42.3602,18.9427,42.2907,57.7093,38.326,45.3667,23.2865,45.6942,69.42,38.6643,50.9259,33.1126,59.6026,68.8742,54.3046,48.1159,29.0276,50.7983,65.312,44.9927,-1,Cattle,B3.13
-1,EPI_ISL_19151385|A/dairycow/NewMexico/24_010330-011-300/2024|2024.249,41.7989,19.4118,38.8235,65.2941,38.2353,43.9232,17.0697,44.808,81.0811,42.6743,47.5904,24.7823,46.2157,72.3376,38.848,44.2737,24.6856,47.0424,59.6181,46.1109,42.3162,18.9427,41.8502,57.7093,37.8855,45.4106,23.2865,45.6942,69.8594,38.6643,51.0582,33.1126,59.6026,70.1987,54.3046,48.2609,27.5762,49.3469,65.312,44.9927,-1,Cattle,B3.13
-1,EPI_ISL_19151386|A/dairycow/NewMexico/24_010330-012-300/2024|2024.249,41.7402,19.4118,38.8235,64.1176,38.8235,43.9232,17.7809,44.808,81.7923,42.6743,47.5904,24.7823,46.2157,72.3376,38.848,44.2272,24.6856,47.0424,59.6181,46.1109,42.3602,18.9427,42.2907,57.7093,38.326,45.3667,23.2865,45.6942,69.42,38.6643,50.9259,33.1126,59.6026,68.8742,54.3046,48.1159,29.0276,50.7983,65.312,44.9927,-1,Cattle,B3.13
-1,EPI_ISL_19151387|A/dairycow/NewMexico/24_010330-013-300/2024|2024.249,41.7989,19.4118,38.8235,65.2941,38.8235,43.9943,18.4922,44.808,81.7923,42.6743,47.5904,24.7823,46.2157,72.3376,38.848,44.2272,24.6856,47.0424,59.6181,46.1109,42.3602,18.9427,42.2907,57.7093,38.326,45.3667,23.2865,45.6942,69.42,38.6643,50.9259,33.1126,59.6026,68.8742,54.3046,48.1159,29.0276,50.7983,65.312,44.9927,-1,Cattle,B3.13
-1,EPI_ISL_19151388|A/dairycow/SouthDakota/24_010354-004-300/2024|2024.260,41.8577,19.4118,39.4118,65.2941,38.2353,43.9232,17.7809,44.808,81.0811,42.6743,47.5904,24.7823,46.2157,72.3376,38.848,44.2737,25.1514,47.5082,58.6865,46.1109,42.3602,18.9427,41.8502,57.7093,37.8855,45.4106,23.2865,45.6942,69.42,39.1037,51.0582,33.1126,59.6026,70.1987,54.3046,48.1159,27.5762,49.3469,65.312,44.9927,-1,Cattle,B3.13
-1,EPI_ISL_19151389|A/dairycow/SouthDakota/24_010354-006-300/2024|2024.260,41.8577,19.4118,39.4118,65.2941,38.2353,43.9232,17.7809,44.808,81.0811,42.6743,47.5904,24.7823,46.2157,72.3376,38.848,44.2737,25.1514,47.5082,58.6865,46.1109,42.3602,18.9427,41.8502,57.7093,37.8855,45.4106,23.2865,45.6942,69.42,39.1037,51.0582,33.1126,59.6026,70.1987,54.3046,48.1159,27.5762,49.3469,65.312,44.9927,-1,Cattle,B3.13
-1,EPI_ISL_19151390|A/dairycow/SouthDakota/24_010354-009-300/2024|2024.260,41.7989,18.8235,38.8235,65.2941,38.2353,43.9943,17.7809,44.808,81.7923,42.6743,47.5234,24.7823,46.2157,72.3376,38.848,44.2737,25.1514,47.5082,58.6865,46.1109,42.3602,18.9427,41.8502,57.7093,37.8855,45.4106,23.2865,45.6942,69.42,39.1037,51.0582,33.1126,59.6026,70.1987,54.3046,48.1159,27.5762,49.3469,65.312,44.9927,-1,Cattle,B3.13
-1,EPI_ISL_19151391|A/dairycow/SouthDakota/24_010354-010-300/2024|2024.260,41.8577,19.4118,39.4118,65.2941,38.2353,43.9943,17.7809,44.808,81.7923,42.6743,47.5234,24.7823,46.2157,72.3376,38.848,44.2737,25.1514,47.5082,58.6865,46.1109,42.3602,18.9427,41.8502,57.7093,37.8855,45.3667,22.8471,45.6942,69.42,38.6643,51.0582,33.1126,59.6026,70.1987,54.3046,48.1159,27.5762,49.3469,65.312,44.9927,-1,Cattle,B3.13
-1,EPI_ISL_19151392|A/dairycow/SouthDakota/24_010354-013-300/2024|2024.260,41.8577,19.4118,39.4118,65.2941,38.2353,43.9943,17.7809,44.808,81.7923,42.6743,47.5234,24.7823,46.2157,70.998,38.848,44.2737,25.1514,47.5082,58.6865,46.1109,42.3602,18.9427,41.8502,57.7093,37.8855,45.4106,23.2865,45.6942,69.42,39.1037,51.1905,33.1126,60.9272,71.5232,54.3046,48.1159,27.5762,49.3469,65.312,44.9927,-1,Cattle,B3.13
-1,EPI_ISL_19151393|A/dairycow/SouthDakota/24_010354-014-300/2024|2024.260,41.8577,19.4118,39.4118,65.2941,38.2353,44.0654,18.4922,44.808,81.7923,43.3855,47.5234,24.7823,46.2157,70.998,38.848,44.2737,25.1514,47.5082,58.6865,46.1109,42.4042,18.9427,41.8502,58.1498,37.8855,45.4545,23.2865,45.6942,69.42,39.1037,51.0582,33.1126,59.6026,70.1987,54.3046,48.1159,27.5762,49.3469,65.312,44.9927,-1,Cattle,B3.13
-1,EPI_ISL_19151394|A/dairycow/SouthDakota/24_010354-015-300/2024|2024.260,41.8577,19.4118,39.4118,65.2941,38.2353,44.0654,17.7809,44.808,81.7923,42.6743,47.5234,24.7823,46.2157,72.3376,38.848,44.2737,25.1514,47.5082,58.6865,46.1109,42.3602,18.9427,41.8502,57.7093,37.8855,45.3667,22.8471,45.6942,69.42,38.6643,51.0582,33.1126,59.6026,70.1987,54.3046,48.1159,27.5762,49.3469,65.312,44.9927,-1,Cattle,B3.13
-1,EPI_ISL_19151395|A/dairycow/SouthDakota/24_010354-016-300/2024|2024.260,41.8577,19.4118,39.4118,65.2941,38.2353,44.0654,17.7809,44.808,81.7923,42.6743,47.5234,24.7823,46.2157,72.3376,38.848,44.2737,25.1514,47.5082,58.6865,46.1109,42.3602,18.9427,41.8502,57.7093,37.8855,45.3667,22.8471,45.6942,69.42,38.6643,51.0582,33.1126,59.6026,70.1987,54.3046,48.1159,27.5762,49.3469,65.312,44.9927,-1,Cattle,B3.13
-1,EPI_ISL_19151396|A/dairycow/SouthDakota/24_010354-017-300/2024|2024.260,41.8577,19.4118,39.4118,65.2941,38.2353,43.9943,17.7809,44.808,81.7923,42.6743,47.5234,24.7823,46.2157,72.3376,38.848,44.2737,25.1514,47.5082,58.6865,46.1109,42.3602,18.9427,41.8502,57.7093,37.8855,45.4106,22.8471,45.6942,69.8594,38.6643,51.0582,33.1126,59.6026,70.1987,54.3046,48.1159,27.5762,49.3469,65.312,44.9927,-1,Cattle,B3.13
-1,EPI_ISL_19151397|A/dairycow/SouthDakota/24_010354-018-300/2024|2024.260,41.7989,19.4118,39.4118,65.2941,37.6471,43.9943,17.7809,44.808,81.7923,42.6743,47.5234,24.7823,46.2157,72.3376,38.848,44.2737,25.1514,47.5082,58.6865,46.1109,42.4042,18.9427,41.8502,57.7093,38.7665,45.4106,23.2865,45.6942,69.42,39.1037,51.0582,33.1126,59.6026,70.1987,54.3046,48.2609,27.5762,50.7983,65.312,44.9927,-1,Cattle,B3.13
-1,EPI_ISL_19151398|A/dairycow/SouthDakota/24_010354-019-300/2024|2024.260,41.8577,19.4118,39.4118,65.2941,38.2353,43.9232,17.7809,44.808,81.0811,42.6743,47.5904,24.7823,46.2157,72.3376,38.848,44.2737,25.1514,47.5082,58.6865,46.1109,42.3602,18.9427,41.8502,57.7093,37.8855,45.4106,23.2865,45.6942,69.42,39.1037,51.0582,33.1126,59.6026,70.1987,54.3046,47.971,27.5762,49.3469,63.8607,44.9927,-1,Cattle,B3.13
-1,EPI_ISL_19151399|A/dairycow/Texas/24_008749-006-original/2024|2024.216,41.7402,19.4118,38.2353,65.2941,38.2353,43.9232,17.7809,44.0967,81.7923,42.6743,47.5234,24.1125,46.2157,71.6678,38.848,44.2737,24.6856,47.0424,59.6181,46.1109,42.3162,18.9427,41.8502,57.7093,37.8855,45.3667,23.2865,45.6942,69.42,38.6643,51.0582,33.1126,59.6026,70.1987,54.3046,48.1159,27.5762,49.3469,65.312,44.9927,-1,Cattle,B3.13
-1,EPI_ISL_19155831|A/grackle/Texas/062211-24-4/2024|2024.213,41.7402,19.4118,38.8235,65.2941,38.2353,43.9232,17.7809,44.808,81.7923,42.6743,47.6573,24.7823,46.8855,72.3376,38.848,44.2737,24.6856,47.0424,59.6181,46.1109,42.3602,18.9427,41.8502,57.7093,37.8855,45.4545,24.1652,45.6942,69.42,38.6643,51.0582,33.1126,59.6026,70.1987,54.3046,48.1159,27.5762,49.3469,65.312,44.9927,-1,Avian,B3.13
-1,EPI_ISL_19155832|A/dairycow/Ohio/078707-24-1/2024|2024.251,41.7989,19.4118,38.8235,65.2941,38.2353,43.9232,17.0697,44.808,81.7923,42.6743,47.6573,24.7823,46.8855,72.3376,38.848,44.4134,24.6856,47.0424,60.5496,46.1109,42.4042,18.9427,41.8502,57.7093,37.8855,45.4106,23.2865,45.6942,69.42,39.1037,51.0582,33.1126,59.6026,70.1987,54.3046,47.971,27.5762,49.3469,63.8607,44.9927,-1,Cattle,B3.13
-1,EPI_ISL_19155833|A/dairycow/Ohio/078707-24-10/2024|2024.251,41.8577,19.4118,38.8235,65.8824,38.2353,43.9943,17.7809,44.808,81.7923,43.3855,47.6573,24.7823,46.8855,72.3376,38.848,44.3669,24.6856,47.0424,60.0838,46.1109,42.3602,18.9427,41.8502,57.7093,37.8855,45.4545,23.2865,45.6942,69.42,39.5431,51.0582,33.1126,59.6026,70.1987,54.3046,47.8261,27.5762,49.3469,63.8607,44.9927,-1,Cattle,B3.13
-1,EPI_ISL_19155834|A/dairycow/Ohio/078707-24-12/2024|2024.251,41.8577,19.4118,38.8235,65.8824,38.2353,43.9943,17.7809,44.808,81.7923,43.3855,47.6573,24.7823,46.8855,72.3376,38.848,44.3669,24.6856,47.0424,60.0838,46.1109,42.3602,18.9427,41.8502,57.7093,37.8855,45.4106,23.2865,45.6942,69.42,39.1037,51.0582,33.1126,59.6026,70.1987,54.3046,47.971,27.5762,49.3469,63.8607,44.9927,-1,Cattle,B3.13
-1,EPI_ISL_19155835|A/dairycow/Ohio/078707-24-13/2024|2024.251,41.7989,19.4118,38.8235,65.2941,38.2353,43.9232,17.7809,44.808,81.7923,42.6743,47.5234,24.7823,46.2157,72.3376,38.848,44.2272,24.2198,47.0424,59.6181,45.6451,42.4923,19.8238,41.8502,58.1498,38.326,45.5424,23.2865,45.6942,69.8594,39.9824,51.0582,33.1126,59.6026,70.1987,54.3046,48.1159,27.5762,49.3469,65.312,44.9927,-1,Cattle,B3.13
-1,EPI_ISL_19155836|A/dairycow/Ohio/078707-24-14/2024|2024.251,41.8577,19.4118,38.8235,65.8824,38.2353,43.9943,17.7809,44.808,81.7923,43.3855,47.6573,24.7823,46.8855,72.3376,38.848,44.3669,24.6856,47.0424,60.0838,46.1109,42.3602,18.9427,41.8502,57.7093,37.8855,45.4545,23.2865,45.6942,69.8594,39.1037,51.0582,33.1126,59.6026,70.1987,54.3046,47.971,27.5762,49.3469,63.8607,44.9927,-1,Cattle,B3.13
-1,EPI_ISL_19155837|A/dairycow/Ohio/078707-24-2/2024|2024.251,41.7989,19.4118,38.8235,65.8824,38.2353,43.9943,17.7809,44.808,81.7923,43.3855,47.6573,24.7823,46.8855,72.3376,38.848,44.3669,24.6856,47.0424,60.0838,46.1109,42.3602,18.9427,41.8502,57.7093,37.8855,45.3667,23.2865,45.6942,68.9807,39.1037,51.0582,33.1126,59.6026,70.1987,54.3046,48.1159,27.5762,49.3469,65.312,44.9927,-1,Cattle,B3.13
-1,EPI_ISL_19155838|A/dairycow/Ohio/078707-24-4/2024|2024.251,41.8577,19.4118,38.8235,65.8824,38.2353,43.9943,17.7809,44.808,81.7923,43.3855,47.6573,24.7823,46.8855,72.3376,38.848,44.3669,24.6856,47.0424,60.0838,46.1109,42.3602,18.9427,41.8502,57.7093,37.8855,45.4106,23.2865,45.6942,69.42,39.1037,51.0582,33.1126,59.6026,70.1987,54.3046,47.971,27.5762,49.3469,63.8607,44.9927,-1,Cattle,B3.13
-1,EPI_ISL_19155839|A/dairycow/Ohio/084875-24-2/2024|2024.276,41.7989,19.4118,38.8235,65.2941,38.2353,43.9943,17.7809,44.808,81.7923,43.3855,47.6573,24.7823,46.8855,72.3376,38.848,44.3669,24.6856,47.0424,60.0838,46.1109,42.3602,18.9427,41.8502,57.7093,37.8855,45.4106,23.2865,45.6942,69.42,39.1037,51.0582,33.1126,59.6026,70.1987,54.3046,47.971,27.5762,49.3469,63.8607,44.9927,-1,Cattle,B3.13
-1,EPI_ISL_19155840|A/dairycow/Ohio/084875-24-4/2024|2024.276,41.7989,19.4118,38.2353,65.8824,37.6471,43.9146,17.8317,44.9358,81.3124,43.5093,47.6573,24.7823,46.8855,72.3376,38.848,44.3669,24.6856,47.0424,60.0838,46.1109,42.3602,18.9427,41.8502,57.7093,37.8855,45.3667,23.2865,45.6942,68.9807,39.1037,51.0582,33.1126,59.6026,70.1987,54.3046,48.1159,27.5762,50.7983,65.312,44.9927,-1,Cattle,B3.13
-1,EPI_ISL_19155841|A/dairycow/Ohio/084875-24-5/2024|2024.276,41.7402,18.8235,38.8235,65.2941,38.2353,43.9232,17.7809,44.0967,81.7923,43.3855,47.6573,24.7823,46.8855,72.3376,38.848,44.3669,24.6856,47.0424,60.0838,46.1109,42.3602,18.9427,41.8502,57.7093,37.8855,45.3667,23.2865,45.6942,68.9807,39.1037,51.0582,33.1126,59.6026,70.1987,54.3046,47.971,27.5762,49.3469,63.8607,44.9927,-1,Cattle,B3.13
-1,EPI_ISL_19155842|A/dairycow/Texas/057377-24-10/2024|2024.197,41.9165,20.5882,39.4118,65.2941,37.6471,43.9943,17.7809,44.808,81.7923,42.6743,47.6573,24.7823,46.2157,73.0074,38.848,44.2272,24.6856,47.0424,59.1523,46.1109,42.4483,19.3833,41.8502,57.7093,38.326,45.3667,23.2865,45.6942,69.8594,38.6643,50.9259,33.1126,58.2781,68.8742,54.3046,47.971,27.5762,49.3469,63.8607,44.9927,-1,Cattle,B3.13
-1,EPI_ISL_19155843|A/dairycow/Texas/057377-24-11/2024|2024.197,41.9165,20.5882,39.4118,65.2941,37.6471,43.9943,17.7809,44.808,81.7923,42.6743,47.5234,24.1125,46.2157,72.3376,38.848,44.2272,24.6856,47.0424,59.1523,46.1109,42.4483,19.3833,41.8502,57.7093,38.326,45.4106,23.2865,45.6942,69.8594,38.6643,50.9259,33.1126,58.2781,68.8742,54.3046,47.971,27.5762,49.3469,63.8607,44.9927,-1,Cattle,B3.13
-1,EPI_ISL_19155844|A/dairycow/Texas/057377-24-12/2024|2024.197,41.9165,20.5882,39.4118,65.2941,37.6471,43.9232,17.7809,44.808,81.7923,42.6743,47.5904,24.7823,46.2157,72.3376,38.848,44.2272,24.6856,47.0424,59.1523,46.1109,42.4042,19.3833,41.8502,57.7093,38.326,45.4106,23.2865,45.6942,69.8594,38.6643,50.9259,33.1126,58.2781,68.8742,54.3046,47.971,27.5762,49.3469,63.8607,44.9927,-1,Cattle,B3.13
-1,EPI_ISL_19155845|A/dairycow/Texas/057377-24-14/2024|2024.197,41.9165,20.5882,39.4118,65.2941,37.6471,43.9232,17.7809,44.808,81.7923,42.6743,47.5904,24.7823,46.2157,72.3376,38.848,44.2272,24.6856,47.0424,59.1523,46.1109,42.4483,19.3833,41.8502,57.7093,38.326,45.4106,23.2865,45.6942,69.8594,38.6643,50.9259,33.1126,58.2781,68.8742,54.3046,48.1159,29.0276,49.3469,63.8607,44.9927,-1,Cattle,B3.13
-1,EPI_ISL_19155846|A/dairycow/Texas/057377-24-16/2024|2024.197,41.9165,20.5882,39.4118,65.2941,37.6471,43.9232,17.7809,44.808,81.7923,42.6743,47.5904,24.7823,46.2157,72.3376,38.848,44.2272,24.6856,47.0424,59.1523,46.1109,42.4483,19.3833,41.8502,57.7093,38.326,45.4106,23.2865,45.6942,69.8594,38.6643,50.9259,33.1126,58.2781,68.8742,54.3046,47.971,27.5762,49.3469,63.8607,44.9927,-1,Cattle,B3.13
-1,EPI_ISL_19155847|A/dairycow/Texas/057377-24-18/2024|2024.197,41.9753,20.5882,39.4118,65.2941,38.2353,43.8522,17.7809,44.808,81.7923,41.963,47.5904,24.7823,46.2157,73.0074,38.848,44.2737,24.6856,47.0424,59.6181,46.1109,42.4483,19.3833,41.8502,57.7093,38.326,45.4106,23.2865,45.6942,69.8594,38.6643,51.0582,33.1126,59.6026,70.1987,54.3046,48.1159,27.5762,49.3469,65.312,44.9927,-1,Cattle,B3.13
-1,EPI_ISL_19155848|A/dairycow/Texas/057377-24-2/2024|2024.197,41.9165,20.5882,39.4118,65.2941,37.6471,43.9943,18.4922,44.808,81.7923,42.6743,47.5904,24.7823,46.2157,72.3376,38.848,44.2272,24.6856,47.0424,59.1523,46.1109,42.4483,19.3833,41.8502,57.7093,38.326,45.4106,23.2865,45.6942,70.2988,38.6643,50.9259,33.1126,58.2781,68.8742,54.3046,47.971,27.5762,49.3469,63.8607,44.9927,-1,Cattle,B3.13
-1,EPI_ISL_19155849|A/dairycow/Texas/057377-24-25/2024|2024.197,41.9165,20.5882,39.4118,65.2941,37.6471,43.9232,17.7809,44.808,81.7923,42.6743,47.5904,24.7823,46.2157,72.3376,38.848,44.2272,24.6856,47.0424,59.1523,46.1109,42.4483,19.3833,41.8502,57.7093,38.326,45.4106,23.2865,45.6942,69.8594,38.6643,50.9259,33.1126,58.2781,68.8742,54.3046,47.971,27.5762,49.3469,63.8607,44.9927,-1,Cattle,B3.13
-1,EPI_ISL_19155850|A/dairycow/Texas/057377-24-26/2024|2024.197,41.9753,20.5882,39.4118,65.8824,37.6471,43.9232,17.7809,44.808,81.7923,42.6743,47.5904,24.7823,46.2157,72.3376,38.848,44.2737,24.6856,47.0424,59.1523,46.1109,42.4483,19.3833,41.8502,57.7093,38.326,45.4106,23.2865,45.6942,69.8594,38.6643,50.9259,33.1126,58.2781,68.8742,54.3046,47.8261,27.5762,49.3469,63.8607,44.9927,-1,Cattle,B3.13
-1,EPI_ISL_19155851|A/dairycow/Texas/057377-24-4/2024|2024.197,41.9165,20.5882,39.4118,65.2941,37.6471,43.9232,17.7809,44.808,81.7923,42.6743,47.5904,24.7823,46.2157,72.3376,38.848,44.1806,24.6856,47.0424,59.1523,46.1109,42.4483,19.3833,41.8502,57.7093,38.326,45.4106,23.2865,45.6942,69.8594,38.6643,50.9259,33.1126,58.2781,68.8742,54.3046,47.971,27.5762,49.3469,63.8607,44.9927,-1,Cattle,B3.13
-1,EPI_ISL_19155852|A/dairycow/Texas/057377-24-6/2024|2024.197,41.9165,20.5882,39.4118,65.2941,37.6471,43.9943,17.7809,44.808,81.7923,42.6743,47.5904,24.7823,46.2157,72.3376,38.848,44.2272,24.6856,47.0424,59.1523,46.1109,42.4483,19.3833,41.8502,57.7093,38.326,45.4106,23.2865,45.6942,69.8594,38.6643,50.9259,33.1126,58.2781,68.8742,54.3046,47.971,27.5762,49.3469,63.8607,44.9927,-1,Cattle,B3.13
-1,EPI_ISL_19155853|A/dairycow/Texas/057377-24-7/2024|2024.197,41.9165,20.5882,39.4118,65.2941,37.6471,43.9232,17.7809,44.808,81.7923,42.6743,47.6573,24.7823,46.2157,73.0074,38.848,44.2272,24.6856,47.0424,59.1523,46.1109,42.4483,19.3833,41.8502,57.7093,38.326,45.4106,23.2865,45.6942,69.8594,38.6643,50.7937,33.1126,58.2781,67.5497,54.3046,47.971,27.5762,49.3469,63.8607,44.9927,-1,Cattle,B3.13
-1,EPI_ISL_19155854|A/dairycow/Texas/057377-24-8/2024|2024.197,41.7989,19.4118,38.8235,65.2941,38.2353,43.9232,17.7809,44.808,81.7923,42.6743,47.6573,24.7823,46.8855,72.3376,38.848,44.1806,24.6856,47.0424,58.6865,46.1109,42.3602,18.9427,41.8502,57.7093,37.8855,45.2789,22.8471,45.6942,69.42,38.6643,51.0582,33.1126,59.6026,70.1987,54.3046,48.1159,27.5762,49.3469,65.312,44.9927,-1,Cattle,B3.13
-1,EPI_ISL_19155855|A/dairycow/Texas/057377-24-9/2024|2024.197,41.9165,20.5882,39.4118,65.2941,37.6471,43.9232,17.7809,44.808,81.7923,42.6743,47.5904,24.7823,46.2157,72.3376,38.848,44.2272,24.6856,47.0424,59.1523,46.1109,42.4483,19.3833,41.8502,57.7093,38.326,45.4545,23.2865,46.1336,69.8594,38.6643,50.9259,33.1126,58.2781,68.8742,54.3046,47.8261,27.5762,49.3469,63.8607,44.9927,-1,Cattle,B3.13
-1,EPI_ISL_19155856|A/dairycow/Texas/063200-24-1/2024|2024.197,41.7989,19.4118,38.8235,65.2941,38.2353,43.8522,17.7809,44.808,80.3698,42.6743,47.5234,24.1125,46.2157,72.3376,38.848,44.2272,24.2198,47.0424,59.6181,45.6451,42.3602,18.9427,41.8502,57.7093,37.8855,45.4106,23.2865,45.6942,69.8594,38.6643,51.0582,33.1126,59.6026,70.1987,54.3046,48.1159,27.5762,49.3469,65.312,44.9927,-1,Cattle,B3.13
-1,EPI_ISL_19155857|A/dairycow/Texas/063200-24-3/2024|2024.197,41.7989,19.4118,38.8235,65.2941,38.2353,43.9943,17.7809,44.808,81.7923,43.3855,47.5904,24.7823,46.2157,72.3376,38.848,44.2272,24.2198,47.0424,59.6181,45.6451,42.3602,18.9427,41.8502,57.7093,37.8855,45.4106,23.2865,45.6942,69.8594,38.6643,51.0582,33.1126,59.6026,70.1987,54.3046,48.1159,27.5762,49.3469,65.312,44.9927,-1,Cattle,B3.13
-1,EPI_ISL_19155858|A/dairycow/Texas/063200-24-5/2024|2024.197,41.7989,19.4118,38.8235,65.2941,38.2353,43.8522,17.0697,44.808,81.0811,42.6743,47.5904,24.7823,46.2157,72.3376,38.848,44.2272,24.2198,47.0424,59.6181,45.6451,42.3602,18.9427,41.8502,57.7093,37.8855,45.4106,23.2865,45.6942,69.8594,38.6643,51.0582,33.1126,59.6026,70.1987,54.3046,48.1159,27.5762,49.3469,65.312,44.9927,-1,Cattle,B3.13
-1,EPI_ISL_19155859|A/dairycow/Texas/063200-24-6/2024|2024.197,41.7989,19.4118,38.8235,65.2941,38.2353,43.8522,17.7809,44.808,80.3698,42.6743,47.6573,24.7823,46.8855,72.3376,38.848,44.2737,24.6856,47.0424,59.6181,46.1109,42.3602,18.9427,41.8502,57.7093,37.8855,45.4106,23.7258,45.6942,69.42,38.6643,51.0582,33.1126,59.6026,70.1987,54.3046,48.1159,27.5762,49.3469,65.312,44.9927,-1,Cattle,B3.13
-1,EPI_ISL_19155860|A/dairycow/Texas/063200-24-9/2024|2024.197,41.7989,19.4118,38.8235,65.2941,38.2353,43.9232,17.7809,44.808,81.7923,42.6743,47.6573,24.7823,46.8855,72.3376,38.848,44.2272,24.2198,47.0424,59.6181,45.6451,42.3602,18.9427,41.8502,57.7093,37.8855,45.4106,23.2865,45.6942,69.8594,38.6643,51.0582,33.1126,59.6026,70.1987,54.3046,48.1159,27.5762,49.3469,65.312,44.9927,-1,Cattle,B3.13
-1,EPI_ISL_19155861|A/dairycow/Texas/063224-24-1/2024|2024.213,41.7989,19.4118,38.8235,65.2941,38.2353,43.9232,17.7809,44.808,81.7923,42.6743,47.5904,24.7823,46.2157,72.3376,38.848,44.2272,24.2198,47.0424,59.6181,45.6451,42.3602,18.9427,41.8502,57.7093,37.8855,45.4106,23.2865,45.6942,69.8594,38.6643,51.0582,33.1126,59.6026,70.1987,54.3046,48.1159,27.5762,49.3469,65.312,44.9927,-1,Cattle,B3.13
-1,EPI_ISL_19155862|A/dairycow/Texas/063224-24-10/2024|2024.213,41.7989,19.4118,38.8235,65.2941,38.2353,43.9232,17.7809,44.808,81.7923,42.6743,47.5904,24.7823,46.2157,72.3376,38.848,44.2272,24.2198,47.0424,59.6181,45.6451,42.3602,18.9427,41.8502,57.7093,37.8855,45.4106,23.2865,45.6942,69.8594,38.6643,51.0582,33.1126,59.6026,70.1987,54.3046,48.1159,27.5762,49.3469,65.312,44.9927,-1,Cattle,B3.13
-1,EPI_ISL_19155863|A/dairycow/Texas/063224-24-4/2024|2024.213,41.8577,20,38.8235,65.2941,38.2353,43.9943,17.7809,45.5192,82.5036,42.6743,47.5904,24.7823,46.2157,72.3376,38.848,44.1806,24.2198,46.5766,59.6181,45.1793,42.3602,18.9427,41.8502,57.7093,37.8855,45.4106,23.2865,45.6942,69.8594,38.6643,51.0582,33.1126,59.6026,70.1987,54.3046,48.1159,27.5762,49.3469,65.312,44.9927,-1,Cattle,B3.13
-1,EPI_ISL_19155864|A/dairycow/Texas/063224-24-8/2024|2024.213,41.7989,19.4118,38.8235,65.2941,38.2353,43.9232,17.7809,44.808,81.7923,42.6743,47.5904,24.7823,46.2157,72.3376,38.848,44.2272,24.2198,47.0424,59.6181,45.6451,42.3602,18.9427,41.8502,57.7093,37.8855,45.4106,23.2865,45.6942,69.8594,38.6643,51.0582,33.1126,59.6026,70.1987,54.3046,48.1159,27.5762,49.3469,65.312,44.9927,-1,Cattle,B3.13
-1,EPI_ISL_19155865|A/dairycow/Texas/067041-24-1/2024|2024.202,41.7989,19.4118,38.8235,65.2941,38.2353,43.9232,17.7809,44.808,81.7923,42.6743,47.6573,24.7823,46.8855,72.3376,38.848,44.1341,24.6856,47.0424,58.2208,46.1109,42.34,19.035,42.054,57.5476,37.6273,45.3228,22.8471,45.6942,69.42,38.6643,51.0582,33.1126,59.6026,70.1987,54.3046,48.1159,27.5762,49.3469,65.312,44.9927,-1,Cattle,B3.13
-1,EPI_ISL_19155866|A/dairycow/Texas/067041-24-2/2024|2024.199,41.9165,20.5882,39.4118,65.2941,37.6471,43.9232,17.7809,44.808,81.7923,42.6743,47.5904,24.7823,46.2157,72.3376,38.848,44.2272,24.6856,47.0424,59.1523,46.1109,42.4483,19.3833,41.8502,57.7093,38.326,45.4106,23.2865,45.6942,69.8594,38.6643,50.9259,33.1126,58.2781,68.8742,54.3046,47.971,27.5762,49.3469,63.8607,44.9927,-1,Cattle,B3.13
-1,EPI_ISL_19155867|A/dairycow/Texas/067041-24-5/2024|2024.205,41.9165,20.5882,39.4118,65.2941,37.6471,43.9232,17.7809,44.808,81.7923,42.6743,47.5904,24.7823,46.2157,72.3376,38.848,44.2272,24.6856,47.0424,59.1523,46.1109,42.3602,18.9427,41.8502,57.7093,37.8855,45.4106,23.2865,45.6942,69.8594,38.6643,50.9259,33.1126,58.2781,68.8742,54.3046,47.971,27.5762,49.3469,63.8607,44.9927,-1,Cattle,B3.13
-1,EPI_ISL_19155868|A/dairycow/Texas/067041-24-6/2024|2024.205,41.9165,20.5882,39.4118,65.2941,37.6471,43.9232,17.7809,44.808,81.7923,42.6743,47.5904,24.7823,46.2157,72.3376,38.848,44.2272,24.6856,47.0424,59.1523,46.1109,42.4483,19.3833,41.8502,57.7093,38.326,45.4106,23.2865,45.6942,69.8594,38.6643,50.9259,33.1126,58.2781,68.8742,54.3046,47.971,27.5762,49.3469,63.8607,44.9927,-1,Cattle,B3.13
-1,EPI_ISL_19155869|A/dairycow/Texas/072679-24/2024|2024.202,41.7989,19.4118,38.8235,65.2941,38.2353,43.9943,17.7809,44.808,81.7923,42.6743,47.6573,24.7823,46.2157,72.3376,38.848,44.2272,24.6856,47.0424,59.6181,46.1109,42.3602,18.9427,41.8502,57.7093,37.8855,45.3667,23.2865,45.6942,69.42,38.6643,50.9259,33.1126,59.6026,70.1987,54.3046,48.2609,29.0276,49.3469,65.312,44.9927,-1,Cattle,B3.13
-1,EPI_ISL_19155870|A/dairycow/Ohio/B2408700-11/2024|2024.240,41.7989,19.4118,38.8235,65.2941,38.2353,43.9943,17.7809,44.808,81.7923,43.3855,47.6573,24.7823,46.8855,72.3376,38.848,44.4341,25.1748,47.0862,60.1399,46.62,42.3602,18.9427,41.8502,57.7093,37.8855,45.4066,23.3172,45.7545,69.5117,39.1553,51.0582,33.1126,58.2781,71.5232,54.3046,47.971,27.5762,49.3469,63.8607,44.9927,-1,Cattle,B3.13
-1,EPI_ISL_19155871|A/dairycow/Ohio/B2408700-PBS-1/2024|2024.240,41.7893,19.4575,38.9151,64.8585,38.3255,43.9232,17.7809,44.808,81.7923,42.6743,47.5234,24.7823,46.2157,72.3376,38.848,44.2272,24.2198,47.0424,59.6181,45.6451,42.4042,19.3833,41.8502,57.7093,38.326,45.4985,23.2865,45.6942,69.8594,39.9824,51.0582,33.1126,59.6026,70.1987,54.3046,48.1159,27.5762,49.3469,65.312,44.9927,-1,Cattle,B3.13
-1,EPI_ISL_19155872|A/dairycow/Ohio/B2408700-PBS-10/2024|2024.240,41.7989,19.4118,38.8235,65.2941,38.2353,43.9943,17.7809,44.808,81.7923,43.3855,47.6573,24.7823,46.8855,72.3376,38.848,44.4341,25.1748,47.0862,60.1399,46.62,42.3602,18.9427,41.8502,57.7093,37.8855,45.4066,23.3172,45.7545,69.5117,39.1553,51.0582,33.1126,58.2781,71.5232,54.3046,47.971,27.5762,49.3469,63.8607,44.9927,-1,Cattle,B3.13
-1,EPI_ISL_19155873|A/dairycow/Ohio/B2408700-PBS-5/2024|2024.240,41.8235,19.4346,38.2803,65.96,38.2803,43.9943,17.7809,44.808,81.7923,43.3855,47.6573,24.7823,46.8855,72.3376,38.848,44.3669,24.6856,47.0424,60.0838,46.1109,42.3602,18.9427,41.8502,57.7093,37.8855,45.4106,23.2865,45.6942,69.42,39.1037,51.0582,33.1126,59.6026,70.1987,54.3046,47.971,27.5762,49.3469,63.8607,44.9927,-1,Cattle,B3.13
-1,EPI_ISL_19155874|A/dairycow/Ohio/B2408700-PBS-6/2024|2024.240,41.755,19.4805,38.961,64.9351,38.3707,43.9943,17.7809,44.808,81.7923,43.3855,47.6222,24.8156,46.9484,72.4346,38.9001,44.3669,24.6856,47.0424,60.0838,46.1109,42.3602,18.9427,41.8502,57.7093,37.8855,45.4106,23.2865,45.6942,69.42,39.1037,51.0582,33.1126,59.6026,70.1987,54.3046,47.971,27.5762,49.3469,63.8607,44.9927,-1,Cattle,B3.13
-1,EPI_ISL_19155875|A/dairycow/Ohio/B2408700-PBS-7/2024|2024.240,41.8577,19.4118,38.8235,65.8824,38.2353,43.9232,17.7809,44.0967,81.7923,43.3855,47.6573,24.7823,46.8855,72.3376,38.848,44.3669,24.6856,47.0424,60.0838,46.1109,42.3602,18.9427,41.8502,57.7093,37.8855,45.4106,23.2865,45.6942,69.42,39.1037,51.0582,33.1126,59.6026,70.1987,54.3046,47.971,27.5762,49.3469,63.8607,44.9927,-1,Cattle,B3.13
-1,EPI_ISL_19155876|A/dairycow/Ohio/B2408700-PBS-9/2024|2024.240,41.8235,19.4346,38.8693,65.371,38.2803,43.9232,17.7809,44.0967,81.7923,43.3855,47.7242,24.7823,46.8855,72.3376,39.5177,44.3669,24.6856,47.0424,60.0838,46.1109,42.4042,18.9427,41.8502,57.7093,37.8855,45.4106,23.2865,45.6942,69.42,39.1037,51.0582,33.1126,59.6026,70.1987,54.3046,47.971,27.5762,49.3469,63.8607,44.9927,-1,Cattle,B3.13
-1,EPI_ISL_19155877|A/dairycow/Ohio/B2408700-NS/2024|2024.240,41.7989,19.4118,38.8235,65.2941,38.2353,43.9943,17.7809,44.808,81.7923,43.3855,47.6573,24.7823,46.8855,72.3376,38.848,44.4548,25.1983,47.1302,60.196,46.6636,42.3602,18.9427,41.8502,57.7093,37.8855,45.4106,23.2865,45.6942,69.42,39.1037,51.0582,33.1126,58.2781,71.5232,54.3046,47.971,27.5762,49.3469,63.8607,44.9927,-1,Cattle,B3.13
-1,EPI_ISL_19155878|A/dairycow/Ohio/B2410989-URINE-54/2024|2024.298,41.6961,18.2999,38.3707,64.9351,38.3707,43.9943,17.7809,44.808,81.7923,43.3855,47.5871,24.8489,47.0114,72.5319,38.2807,44.3875,24.7086,47.5524,60.1399,46.1538,42.3975,18.9762,41.9241,57.8111,37.9523,45.3826,22.8974,45.7948,69.1325,38.7494,50.9259,33.1126,59.6026,68.8742,54.3046,47.8955,27.6565,49.4905,62.591,45.1237,-1,Cattle,B3.13
-1,EPI_ISL_19155879|A/domesticcat/Texas/062222-24-1-3/2024|2024.213,41.7989,19.4118,38.8235,65.2941,38.2353,43.9943,17.7809,44.808,80.3698,43.3855,47.5904,24.7823,46.2157,72.3376,38.1782,44.2737,24.6856,47.0424,59.6181,46.1109,42.3162,18.9427,41.8502,57.2687,37.8855,45.4545,24.1652,45.6942,69.42,38.6643,51.0582,33.1126,59.6026,70.1987,54.3046,48.1159,27.5762,49.3469,65.312,44.9927,-1,Cattle,B3.13
-1,EPI_ISL_19155880|A/domesticcat/Texas/062222-24-1-4/2024|2024.213,41.7989,19.4118,38.8235,65.2941,38.2353,43.9943,17.7809,44.808,80.3698,43.3855,47.5904,24.7823,46.2157,72.3376,38.1782,44.3203,24.6856,47.0424,60.0838,46.1109,42.3162,18.9427,41.8502,57.2687,37.8855,45.4545,24.1652,45.6942,69.42,38.6643,51.0582,33.1126,59.6026,70.1987,54.3046,48.1159,27.5762,49.3469,65.312,44.9927,-1,Cattle,B3.13
-1,EPI_ISL_19159902|A/dairycow/Michigan/24-009027-004-original/2024|2024.227,41.7989,19.4118,38.8235,65.2941,38.2353,43.9943,17.7809,44.808,81.7923,43.3855,47.6573,24.7823,46.8855,72.3376,38.848,44.3669,24.6856,47.0424,60.0838,46.1109,42.3602,18.9427,41.8502,57.7093,37.8855,45.4106,23.2865,45.6942,69.42,39.1037,51.0582,33.1126,59.6026,70.1987,54.3046,47.971,27.5762,49.3469,63.8607,44.9927,-1,Cattle,B3.13
-1,EPI_ISL_19162802|A/Michigan/90/2024|2024.366,41.7402,18.8235,38.8235,65.2941,38.2353,44.0654,18.4922,44.808,81.7923,43.3855,47.6573,24.7823,46.8855,72.3376,38.848,44.4134,25.1514,47.0424,60.0838,46.1109,42.3348,18.9594,41.8871,57.3192,37.9189,45.4106,23.2865,45.6942,69.42,39.1037,51.0582,33.1126,59.6026,70.1987,54.3046,47.8261,27.5762,49.3469,63.8607,44.9927,-1,Human,B3.13
-1,EPI_ISL_19167900|A/chicken/Michigan/24-010308-001-300/2024|2024.262,41.7989,19.4118,38.8235,65.2941,38.2353,43.9943,17.7809,44.808,81.7923,43.3855,47.6573,24.7823,46.8855,72.3376,38.848,44.3669,24.6856,47.0424,60.0838,46.1109,42.3602,18.9427,41.8502,57.7093,37.8855,45.4106,23.2865,45.6942,69.42,39.1037,50.9259,33.1126,59.6026,70.1987,54.3046,47.971,27.5762,49.3469,63.8607,44.9927,-1,Avian,B3.13
-1,EPI_ISL_19167901|A/chicken/Michigan/24-010308-006-300/2024|2024.262,41.7989,19.4118,38.8235,65.2941,38.2353,43.9943,17.7809,44.808,81.7923,43.3855,47.6573,24.7823,46.8855,72.3376,38.848,44.3669,24.6856,47.0424,60.0838,46.1109,42.3602,18.9427,41.8502,57.7093,37.8855,45.4545,23.2865,45.6942,69.8594,39.1037,50.9259,33.1126,59.6026,70.1987,54.3046,47.971,27.5762,49.3469,63.8607,44.9927,-1,Avian,B3.13
-1,EPI_ISL_19167904|A/dairycow/Michigan/24_009027-002/2024|2024.227,41.7989,19.4118,38.8235,65.2941,38.2353,43.9943,17.7809,44.808,81.7923,43.3855,47.5904,24.1125,46.8855,71.6678,38.848,44.3669,24.6856,47.0424,60.0838,46.1109,42.4042,18.9427,41.8502,58.5903,37.8855,45.4106,23.2865,45.6942,69.42,39.1037,51.0582,33.1126,59.6026,70.1987,54.3046,47.971,27.5762,49.3469,63.8607,44.9927,-1,Cattle,B3.13
-1,EPI_ISL_19175606|A/dairycow/NewMexico/24-009306-003-original/2024|2024.230,41.7989,19.4118,38.8235,65.2941,38.2353,43.9232,17.7809,44.808,81.7923,42.6743,47.5904,24.7823,46.2157,72.3376,38.848,44.2272,24.2198,47.0424,59.1523,46.1109,42.3602,18.9427,41.8502,57.7093,37.8855,45.3228,23.2865,45.6942,69.8594,38.6643,51.0582,33.1126,59.6026,70.1987,54.3046,48.1159,27.5762,49.3469,65.312,44.9927,-1,Cattle,B3.13
-1,EPI_ISL_19178071|A/Americancrow/Virginia/W24-190M/2024|2024.197,42.2105,18.8235,40,65.2941,39.4118,43.7811,16.3585,45.5192,79.6586,41.2518,47.992,26.1219,48.2251,74.347,40.8573,44.3669,25.1514,47.5082,58.6865,46.1109,42.3602,18.9427,42.7313,58.1498,37.8855,44.9275,22.8471,40.8612,67.6626,41.3005,51.3228,33.1126,60.9272,72.8477,54.3046,47.971,26.1248,50.7983,62.4093,44.9927,-1,Avian,B3.6
-1,EPI_ISL_19178074|A/dairycow/Ohio/B24OSU-302/2024|2024.260,41.8577,19.4118,38.8235,65.8824,38.2353,43.9943,17.7809,44.808,81.7923,43.3855,47.6573,24.7823,46.8855,72.3376,38.848,44.3669,24.6856,47.0424,60.0838,46.1109,42.3602,18.9427,41.8502,57.7093,37.8855,45.4106,23.2865,45.6942,69.42,39.1037,51.0582,33.1126,59.6026,70.1987,54.3046,47.971,27.5762,49.3469,63.8607,44.9927,-1,Cattle,B3.13
-1,EPI_ISL_19178075|A/dairycow/Ohio/B24OSU-332/2024|2024.260,41.8577,19.4118,38.8235,65.8824,38.2353,43.9943,17.7809,44.808,81.7923,43.3855,47.6573,24.7823,46.8855,72.3376,38.848,44.3669,24.6856,47.0424,60.0838,46.1109,42.3602,18.9427,41.8502,57.7093,37.8855,45.3667,23.2865,45.6942,68.9807,39.1037,50.9259,33.1126,59.6026,68.8742,54.3046,47.971,27.5762,49.3469,63.8607,44.9927,-1,Cattle,B3.13
-1,EPI_ISL_19178076|A/dairycow/Ohio/B24OSU-342/2024|2024.260,41.7989,19.4118,38.8235,65.2941,38.2353,43.9943,17.7809,44.808,81.7923,43.3855,47.6573,24.7823,46.8855,72.3376,38.848,44.3669,24.6856,47.0424,60.0838,46.1109,42.3602,18.9427,41.8502,57.7093,37.8855,45.4106,22.8471,46.1336,69.42,39.1037,51.0582,33.1126,59.6026,70.1987,54.3046,47.971,27.5762,49.3469,63.8607,44.9927,-1,Cattle,B3.13
-1,EPI_ISL_19178077|A/dairycow/Ohio/B24OSU-351/2024|2024.260,41.7989,19.4118,38.8235,65.2941,38.2353,43.9943,17.7809,44.808,81.7923,43.3855,47.6573,24.7823,46.8855,72.3376,38.848,44.3669,24.6856,47.0424,60.0838,46.1109,42.3602,18.9427,41.8502,57.7093,37.8855,45.4106,23.2865,45.6942,69.42,39.1037,51.0582,33.1126,59.6026,70.1987,54.3046,47.971,27.5762,49.3469,63.8607,44.9927,-1,Cattle,B3.13
-1,EPI_ISL_19178078|A/dairycow/Ohio/B24OSU-358/2024|2024.260,41.8577,19.4118,38.8235,65.8824,38.2353,43.9943,17.7809,44.808,81.7923,43.3855,47.6573,24.7823,46.8855,72.3376,38.848,44.3669,24.6856,47.0424,60.0838,46.1109,42.3602,18.9427,41.8502,57.7093,37.8855,45.4106,23.2865,45.6942,69.42,39.1037,51.0582,33.1126,59.6026,70.1987,54.3046,47.971,27.5762,49.3469,63.8607,44.9927,-1,Cattle,B3.13
-1,EPI_ISL_19178079|A/dairycow/Ohio/B24OSU-378/2024|2024.260,41.8577,19.4118,38.8235,65.8824,38.2353,43.9232,17.7809,44.0967,81.7923,43.3855,47.6573,24.7823,46.8855,72.3376,38.848,44.3669,24.6856,47.0424,60.0838,46.1109,42.3602,18.9427,41.8502,57.7093,37.8855,45.4106,23.2865,45.6942,69.42,39.1037,51.0582,33.1126,59.6026,70.1987,54.3046,47.971,27.5762,49.3469,63.8607,44.9927,-1,Cattle,B3.13
-1,EPI_ISL_19178080|A/dairycow/Ohio/B24OSU-388/2024|2024.260,41.7989,19.4118,38.8235,65.2941,38.2353,43.9943,17.7809,44.808,81.7923,43.3855,47.6573,24.7823,46.8855,72.3376,38.848,44.3669,24.6856,47.0424,60.0838,46.1109,42.4042,18.9427,41.8502,57.7093,37.8855,45.3667,23.2865,45.6942,69.42,38.6643,51.0582,33.1126,59.6026,70.1987,54.3046,47.971,27.5762,49.3469,63.8607,44.9927,-1,Cattle,B3.13
-1,EPI_ISL_19178081|A/dairycow/Ohio/B24OSU-413/2024|2024.260,41.7989,19.4118,38.8235,65.2941,38.2353,43.9943,17.7809,44.808,81.7923,43.3855,47.6573,24.7823,46.8855,72.3376,38.848,44.4134,24.6856,47.0424,60.5496,46.1109,42.3602,18.9427,41.8502,57.7093,37.8855,45.4106,23.2865,45.6942,69.42,39.1037,51.0582,33.1126,59.6026,70.1987,54.3046,47.971,27.5762,49.3469,63.8607,44.9927,-1,Cattle,B3.13
-1,EPI_ISL_19178082|A/dairycow/Ohio/B24OSU-432/2024|2024.260,41.7989,19.4118,38.8235,65.2941,38.2353,44.0654,17.7809,44.808,81.7923,43.3855,47.6573,24.7823,46.8855,72.3376,38.848,44.3203,24.6856,47.0424,60.0838,45.6451,42.3602,18.9427,41.8502,57.7093,37.8855,45.4106,23.2865,45.6942,69.42,39.1037,51.0582,33.1126,59.6026,70.1987,54.3046,47.971,27.5762,49.3469,63.8607,44.9927,-1,Cattle,B3.13
-1,EPI_ISL_19178083|A/dairycow/Ohio/B24OSU-439/2024|2024.260,41.7989,19.4118,38.8235,65.2941,38.2353,43.9943,17.7809,44.808,81.7923,43.3855,47.6573,24.7823,46.8855,72.3376,38.848,44.4134,24.6856,47.0424,60.0838,46.5766,42.3602,18.9427,41.8502,57.7093,37.8855,45.3667,23.2865,45.2548,69.42,39.1037,51.0582,33.1126,59.6026,70.1987,54.3046,47.971,27.5762,49.3469,63.8607,44.9927,-1,Cattle,B3.13
-1,EPI_ISL_19178084|A/dairycow/Ohio/B24OSU-446/2024|2024.260,41.8577,19.4118,38.8235,65.2941,38.8235,43.9943,17.7809,44.808,81.7923,43.3855,47.6573,24.7823,46.8855,72.3376,38.848,44.3669,24.6856,47.0424,60.0838,46.1109,42.3602,18.9427,41.8502,57.7093,37.8855,45.4106,23.2865,45.6942,69.42,39.1037,50.9259,33.1126,59.6026,70.1987,51.6556,47.971,27.5762,49.3469,63.8607,44.9927,-1,Cattle,B3.13
-1,EPI_ISL_19178085|A/dairycow/Ohio/B24OSU-467/2024|2024.260,41.7989,19.4118,38.8235,65.2941,38.2353,43.9943,17.7809,44.808,81.7923,43.3855,47.6573,24.7823,46.8855,72.3376,38.848,44.3669,24.6856,47.0424,60.0838,46.1109,42.3602,18.9427,41.8502,57.7093,37.8855,45.4106,23.2865,45.6942,69.42,39.1037,51.3228,33.1126,59.6026,71.5232,55.6291,47.971,27.5762,49.3469,63.8607,44.9927,-1,Cattle,B3.13
-1,EPI_ISL_19178086|A/dairycow/Ohio/B24OSU-472/2024|2024.260,41.8577,19.4118,38.8235,65.2941,38.8235,44.0654,17.7809,44.808,82.5036,43.3855,47.6573,24.7823,46.8855,72.3376,38.848,44.2737,24.6856,47.0424,60.0838,46.1109,42.3162,18.9427,41.8502,57.7093,37.8855,45.4545,23.2865,45.6942,70.2988,39.1037,51.0582,33.1126,59.6026,70.1987,54.3046,47.971,27.5762,49.3469,63.8607,44.9927,-1,Cattle,B3.13
-1,EPI_ISL_19178087|A/dairycow/Ohio/B24OSU-486/2024|2024.260,41.8577,19.4118,38.8235,65.8824,38.2353,43.9943,17.7809,44.808,81.7923,43.3855,47.6573,24.7823,46.8855,72.3376,38.848,44.3669,24.6856,47.0424,60.0838,46.1109,42.3602,18.9427,41.8502,57.7093,37.8855,45.3667,23.2865,45.6942,69.42,39.1037,51.0582,33.1126,59.6026,70.1987,54.3046,47.971,27.5762,49.3469,63.8607,44.9927,-1,Cattle,B3.13
-1,EPI_ISL_19178094|A/sanderling/Virginia/W24-190C/2024|2024.189,42.2105,18.8235,40,65.2941,39.4118,43.8522,16.3585,45.5192,79.6586,41.2518,47.925,26.1219,48.2251,74.347,40.8573,44.3203,25.1514,47.5082,58.6865,46.1109,42.4042,18.9427,42.7313,58.1498,37.8855,44.9275,22.8471,40.8612,67.6626,41.3005,51.3228,33.1126,60.9272,72.8477,54.3046,47.971,26.1248,50.7983,62.4093,44.9927,-1,Avian,B3.6
-1,EPI_ISL_19178095|A/sanderling/Virginia/W24-190A/2024|2024.189,42.1517,18.8235,40,65.2941,39.4118,43.7811,17.0697,45.5192,79.6586,41.2518,47.992,26.1219,48.2251,74.347,40.8573,44.4134,25.1514,47.5082,59.1523,46.1109,42.4483,18.9427,42.7313,58.1498,37.8855,44.9275,22.4077,40.8612,67.2232,41.3005,51.3228,33.1126,60.9272,72.8477,54.3046,47.971,26.1248,50.7983,62.4093,44.9927,-1,Avian,B3.6
-1,EPI_ISL_19178096|A/ruddyturnstone/Virginia/W24-190N/2024|2024.186,42.2105,18.8235,40,65.2941,39.4118,43.7811,16.3585,45.5192,79.6586,41.2518,48.0589,26.7917,48.2251,75.0167,40.8573,44.3669,25.1514,47.5082,58.6865,46.1109,42.4042,18.9427,42.7313,58.1498,37.8855,44.9715,22.8471,41.3005,67.6626,41.3005,51.3228,33.1126,60.9272,72.8477,54.3046,47.971,26.1248,50.7983,62.4093,44.9927,-1,Avian,B3.6
-1,EPI_ISL_19178099|A/dairycow/Ohio/B24OSU-497/2024|2024.260,41.7989,19.4118,38.8235,65.2941,38.2353,43.9232,17.7809,44.808,81.7923,43.3855,47.6573,24.7823,46.8855,72.3376,38.848,44.3669,24.6856,47.0424,60.0838,46.1109,42.3602,18.9427,41.8502,57.7093,37.8855,45.4106,23.2865,45.6942,69.42,39.1037,51.0582,33.1126,59.6026,70.1987,54.3046,47.971,27.5762,49.3469,63.8607,44.9927,-1,Cattle,B3.13
-1,EPI_ISL_19178100|A/dairycow/Ohio/B24OSU-494/2024|2024.260,41.7989,19.4118,38.8235,65.2941,38.2353,43.9943,17.7809,44.808,81.7923,43.3855,47.7242,25.4521,46.8855,72.3376,38.848,44.4134,24.6856,47.5082,60.0838,46.1109,42.3602,18.9427,41.8502,57.7093,37.8855,45.4106,23.2865,45.6942,69.42,39.1037,51.0582,33.1126,59.6026,70.1987,54.3046,47.971,27.5762,49.3469,63.8607,44.9927,-1,Cattle,B3.13
-1,EPI_ISL_19178101|A/sanderling/Virginia/W24-190B/2024|2024.189,42.2105,18.8235,40,65.2941,39.4118,43.7811,16.3585,45.5192,79.6586,41.2518,47.992,26.1219,48.2251,74.347,40.8573,44.3669,25.1514,47.5082,58.6865,46.1109,42.3602,18.9427,42.7313,58.1498,37.4449,44.9033,22.8672,40.4573,67.7221,40.8971,51.3228,33.1126,60.9272,72.8477,54.3046,47.971,26.1248,50.7983,62.4093,44.9927,-1,Avian,B3.6
-1,EPI_ISL_19178104|A/Americancrow/Virginia/W24-190R/2024|2024.199,42.2105,18.8235,40,65.2941,39.4118,43.7811,16.3585,45.5192,79.6586,41.2518,47.992,26.1219,48.2251,74.347,40.8573,44.3203,25.1514,47.0424,58.6865,46.1109,42.4042,18.9427,42.7313,58.1498,37.8855,44.8397,22.8471,40.4218,67.6626,41.3005,51.3228,33.1126,60.9272,72.8477,54.3046,47.971,26.1248,50.7983,62.4093,44.9927,-1,Avian,B3.6
-1,EPI_ISL_19184038|A/sanderling/Virginia/W24-190J/2024|2024.191,42.1517,18.2353,39.4118,65.2941,39.4118,43.9232,16.3585,46.2304,79.6586,41.963,47.9571,26.1569,48.2897,74.4467,40.9121,44.3203,25.1514,47.5082,58.6865,46.1109,42.4042,18.9427,42.7313,58.1498,37.8855,44.9275,22.8471,40.8612,67.6626,41.3005,51.3228,33.1126,60.9272,72.8477,54.3046,47.971,26.1248,50.7983,62.4093,44.9927,-1,Avian,B3.6
-1,EPI_ISL_19184039|A/sanderling/Virginia/W24-190I/2024|2024.167,42.2105,18.8235,40,65.2941,39.4118,43.7811,17.0697,45.5192,79.6586,41.2518,47.992,26.1219,48.2251,74.347,40.8573,44.4134,25.1514,47.5082,59.1523,46.1109,42.3602,18.9427,42.7313,58.1498,37.8855,44.9275,22.8471,40.8612,67.6626,41.3005,51.3228,33.1126,60.9272,72.8477,54.3046,47.971,26.1248,50.7983,62.4093,44.9927,-1,Avian,B3.6
-1,EPI_ISL_19184042|A/sanderling/Virginia/W24-190F/2024|2024.186,42.2105,18.8235,40,65.2941,39.4118,43.7811,16.3585,45.5192,79.6586,41.2518,47.992,26.1219,48.2251,74.347,40.8573,44.3203,25.1514,47.5082,58.6865,46.1109,42.4042,18.9427,42.7313,58.1498,37.8855,44.8836,22.4077,40.8612,67.6626,41.3005,51.3228,33.1126,60.9272,72.8477,54.3046,47.971,26.1248,50.7983,62.4093,44.9927,-1,Avian,B3.6
-1,EPI_ISL_19184044|A/dairycow/Texas/UTMB11/2024|2024.219,41.7989,19.4118,38.8235,65.2941,38.2353,43.9943,17.7809,44.808,81.7923,42.6743,47.6573,24.7823,46.2157,73.0074,38.848,44.1806,24.6856,46.1109,59.6181,46.1109,42.4042,18.9427,41.8502,57.7093,38.7665,45.4545,23.7258,45.6942,69.42,39.5431,51.0582,33.1126,59.6026,70.1987,54.3046,47.8261,26.1248,47.8955,65.312,44.9927,-1,Cattle,B3.13
-1,EPI_ISL_19184046|A/sanderling/Virginia/W24-190G/2024|2024.183,42.2105,18.8235,40,65.2941,39.4118,43.7811,16.3585,45.5192,79.6586,41.2518,47.9571,25.4863,48.2897,74.4467,40.9121,44.3669,25.1514,47.5082,58.6865,46.1109,42.4724,18.9929,42.8445,57.8622,38.4276,44.8836,22.8471,40.8612,67.6626,41.3005,51.3228,33.1126,60.9272,72.8477,54.3046,47.971,26.1248,50.7983,62.4093,44.9927,-1,Avian,B3.6
-1,EPI_ISL_19186563|A/dairycow/Michigan/24-010303-001-original-300/2024|2024.254,41.6814,19.4118,38.8235,65.2941,37.6471,43.8522,17.7809,44.808,80.3698,42.6743,47.5904,24.7823,46.2157,72.3376,38.848,44.2272,24.2198,47.0424,59.6181,45.6451,42.3602,18.9427,41.8502,57.7093,37.8855,45.4106,23.2865,45.6942,69.8594,38.6643,50.7937,33.1126,59.6026,68.8742,54.3046,48.1159,27.5762,49.3469,65.312,44.9927,-1,Cattle,B3.13
-1,EPI_ISL_19188936|A/sanderling/Virginia/W24-190K/2024|2024.000,42.1517,18.8235,40,65.2941,38.8235,43.8522,16.3585,45.5192,79.6586,41.2518,47.992,26.1219,48.2251,74.347,40.8573,44.3669,25.1514,47.5082,58.6865,46.1109,42.4042,18.5022,42.7313,58.1498,37.8855,44.9715,22.8471,40.8612,68.5413,41.3005,51.3228,33.1126,60.9272,72.8477,54.3046,47.971,26.1248,50.7983,62.4093,44.9927,-1,Avian,B3.6
