0,-1,41.7402,17.6471,37.6471,65.8824,41.1765,44.634,21.3371,45.5192,81.7923,43.3855,47.5904,27.4615,46.8855,75.6865,34.8292,44.3669,24.6856,44.7136,60.5496,46.5766,43.1968,20.2643,38.7665,60.3524,42.2907,44.6201,21.0896,42.1793,65.0264,39.9824,50.6614,34.4371,64.9007,72.8477,52.9801,46.5217,21.7707,46.4441,66.7634,53.701,EPI_ISL_12177629,Avian,H5N1,2022.258,Europe,A/black-backed_gull/Netherlands/22006711-001/2022,G2
0,-1,41.9165,18.8235,38.8235,64.7059,41.7647,45.1315,21.3371,45.5192,82.5036,43.3855,47.7912,26.7917,44.8761,77.0261,35.499,44.2272,23.7541,44.7136,60.5496,46.5766,43.417,19.8238,39.207,60.3524,43.1718,44.5323,20.2109,42.1793,65.4657,39.5431,50.5291,33.1126,64.9007,72.8477,51.6556,46.6667,24.6734,47.8955,65.312,53.701,EPI_ISL_12474793,Avian,H5N1,2022.29,Europe,A/barnacle_goose/Netherlands/22007405-004/2022,G2
0,-1,41.7402,17.6471,38.2353,65.2941,41.1765,44.705,19.9147,45.5192,81.0811,43.3855,47.5904,26.1219,46.2157,75.0167,35.499,44.2737,23.7541,44.7136,61.4811,46.5766,43.2849,19.8238,38.7665,60.3524,43.1718,44.6201,20.2109,42.1793,65.0264,40.4218,50.7937,34.4371,64.9007,72.8477,52.9801,46.6667,24.6734,46.4441,65.312,53.701,EPI_ISL_12474794,Avian,H5N1,2022.274,Europe,A/greylag_goose_/Netherlands/22006859-001/2022,G2
0,-1,41.505,17.0588,38.2353,64.7059,40.5882,44.7368,21.3675,44.8718,82.6211,43.4473,47.5904,26.7917,46.2157,75.6865,35.499,44.2737,24.2198,44.7136,59.6181,46.1109,43.2409,19.8238,38.7665,59.4714,42.7313,44.3956,20.2465,41.8134,63.8204,39.6127,50.7937,34.4371,64.9007,72.8477,52.9801,47.1014,24.6734,49.3469,68.2148,53.701,EPI_ISL_12512879,Avian,H5N1,2022.26,Europe,A/Black-headed_gull/Netherlands/2/2022,G2
0,-1,41.7989,18.2353,37.0588,64.7059,41.7647,44.5946,19.943,45.584,82.6211,43.4473,47.6573,26.7917,46.2157,75.6865,35.499,44.1341,25.1514,44.2478,59.6181,45.6451,43.5491,21.1454,38.7665,60.793,43.6123,44.464,19.7889,42.2164,64.6438,39.1381,50.9259,34.4371,64.9007,71.5232,55.6291,46.8116,26.1248,47.8955,65.312,53.701,EPI_ISL_12514425,Avian,H5N1,2022.282,Europe,A/Black-headed_gull/Netherlands/3/2022,G2
0,-1,41.6814,18.2353,38.8235,64.1176,41.7647,44.808,21.3675,46.2963,82.6211,42.735,47.5904,26.7917,46.2157,75.6865,35.499,44.2737,23.2883,44.2478,61.0154,47.0424,43.1528,19.8238,38.7665,60.3524,42.7313,44.3956,19.3662,42.2535,64.7007,39.1725,50.7937,34.4371,64.9007,72.8477,52.9801,46.2319,23.2221,46.4441,60.9579,53.701,EPI_ISL_12514442,Avian,H5N1,2022.282,Europe,A/Black-headed_gull/Netherlands/4/2022,G2
0,-1,41.8577,17.6471,39.4118,64.7059,41.7647,44.7368,19.943,45.584,81.1966,43.4473,47.5904,26.1219,46.2157,75.0167,35.499,44.1341,23.2883,43.782,60.5496,46.5766,43.1088,19.3833,37.8855,59.9119,42.7313,44.5275,20.2465,42.2535,64.2606,39.6127,50.7937,34.4371,64.9007,72.8477,52.9801,46.6667,24.6734,46.4441,65.312,53.701,EPI_ISL_12514483,Avian,H5N1,2022.282,Europe,A/Caspian_Gull/Netherlands/3/2022,G2
0,-1,41.7989,18.2353,38.2353,64.7059,41.7647,45.0604,21.3371,45.5192,82.5036,43.3855,47.5904,26.7917,44.8761,75.0167,35.499,44.2737,23.7541,45.1793,60.5496,46.5766,43.417,19.8238,39.207,60.3524,43.1718,44.5275,20.6866,42.2535,64.7007,39.6127,50.7937,34.4371,64.9007,72.8477,52.9801,46.6667,24.6734,47.8955,65.312,53.701,EPI_ISL_12514532,Avian,H5N1,2022.274,Europe,A/Common_raven/Netherlands/1/2022,G2
0,-1,41.7647,18.2568,38.2803,64.1932,41.8139,44.7761,21.3371,45.5192,82.5036,43.3855,47.6573,26.7917,46.2157,75.6865,35.499,44.2737,24.2198,44.7136,60.0838,46.5766,43.373,19.8238,38.7665,60.3524,42.7313,44.5323,20.2109,42.1793,64.587,39.5431,50.7937,34.4371,64.9007,72.8477,52.9801,46.8116,24.6734,47.8955,65.312,53.701,EPI_ISL_12514573,Avian,H5N1,2022.279,Europe,A/Song_Thrush/Netherlands/1/2022,G2
0,-1,41.7402,18.2353,38.8235,64.1176,42.3529,44.7761,21.3371,46.2304,82.5036,43.3855,47.5904,26.1219,46.2157,77.0261,35.499,44.1806,23.2883,44.2478,60.0838,47.0424,43.1968,19.8238,38.7665,59.9119,42.7313,44.42,19.3492,41.7766,64.6438,39.5778,50.6614,34.4371,64.9007,72.8477,52.9801,46.2319,24.6734,47.8955,60.9579,53.701,EPI_ISL_12514622,Avian,H5N1,2022.282,Europe,A/Common_raven/Netherlands/2/2022,G2
0,-1,42.0929,18.2353,38.2353,65.2941,41.1765,43.9943,19.2034,42.6743,81.0811,42.6743,47.925,26.7917,47.5553,74.347,40.8573,44.46,25.6171,47.0424,58.6865,47.5082,43.1088,20.2643,37.0044,60.3524,40.9692,45.3667,24.6046,43.9367,70.7381,40.8612,50.7937,33.1126,62.2517,72.8477,51.6556,46.5217,23.2221,47.8955,62.4093,53.701,EPI_ISL_13052430,Avian,H5N1,2022.247,NorthAmerica,A/turkey/North_Dakota/22-009978-001-original/2022,G3
0,-1,42.0929,18.2353,38.2353,65.2941,41.1765,43.9943,19.2034,42.6743,81.0811,42.6743,47.925,26.7917,47.5553,74.347,40.8573,44.46,25.6171,47.0424,58.6865,47.5082,43.1088,20.2643,37.0044,60.3524,40.9692,45.3667,24.6046,43.9367,70.7381,40.8612,50.7937,33.1126,62.2517,72.8477,51.6556,46.5217,23.2221,47.8955,62.4093,53.701,EPI_ISL_13052431,Avian,H5N1,2022.247,NorthAmerica,A/turkey/North_Dakota/22-009978-002-original/2022,G3
0,-1,42.1517,18.8235,38.2353,65.2941,41.7647,44.0654,18.4922,43.3855,81.7923,43.3855,47.3226,26.7917,44.8761,75.0167,35.499,44.4134,25.6171,47.0424,58.6865,46.5766,43.1088,20.2643,37.0044,60.3524,40.5286,44.9715,21.529,44.3761,66.7838,42.1793,50.7937,33.1126,62.2517,72.8477,51.6556,46.6667,23.2221,47.8955,62.4093,53.701,EPI_ISL_13052432,Avian,H5N1,2022.247,NorthAmerica,A/turkey/South_Dakota/22-009979-001-original/2022,G8
0,-1,42.1517,18.8235,38.2353,65.2941,41.7647,44.0654,18.4922,43.3855,81.7923,43.3855,47.3226,26.7917,44.8761,75.0167,35.499,44.4134,25.6171,47.0424,58.6865,46.5766,43.1088,20.2643,37.0044,60.3524,40.5286,44.9715,21.529,44.3761,66.7838,42.1793,50.7937,33.1126,62.2517,72.8477,51.6556,46.6667,23.2221,47.8955,62.4093,53.701,EPI_ISL_13052433,Avian,H5N1,2022.247,NorthAmerica,A/turkey/South_Dakota/22-009979-002-original/2022,G8
1,-1,42.2693,18.2353,38.8235,65.8824,42.3529,44.2786,19.2034,44.0967,82.5036,43.3855,48.1928,26.1219,48.2251,75.6865,40.1875,44.4134,25.6171,46.5766,58.6865,47.5082,43.1528,20.2643,37.0044,60.793,40.9692,45.6302,23.2865,41.7399,70.2988,43.058,50.7937,33.1126,62.2517,72.8477,51.6556,46.5217,23.2221,47.8955,62.4093,53.701,EPI_ISL_13052717,Canine,H5N1,2022.329,NorthAmerica,A/fox/Wisconsin/22-013774-002-original/2022,G4
1,-1,42.1517,18.2353,38.8235,65.2941,41.1765,44.2786,19.2034,44.0967,83.2148,42.6743,48.3266,26.1219,47.5553,77.0261,41.5271,44.3669,25.1514,47.0424,58.6865,47.0424,43.2409,20.2643,37.4449,60.793,40.9692,45.6302,23.2865,41.3005,70.7381,41.7399,50.7937,33.1126,62.2517,72.8477,51.6556,46.5217,23.2221,47.8955,62.4093,53.701,EPI_ISL_13052718,Canine,H5N1,2022.329,NorthAmerica,A/fox/Wisconsin/22-013774-009-original/2022,G4
1,-1,42.328,18.8235,38.8235,65.8824,41.1765,44.0654,19.2034,43.3855,81.0811,42.6743,48.3266,26.7917,48.2251,77.0261,40.1875,44.3669,25.6171,47.0424,58.6865,47.0424,43.2409,20.7048,37.0044,60.793,41.8502,45.6302,23.2865,41.7399,70.7381,43.058,50.6614,33.1126,62.2517,71.5232,51.6556,46.5217,23.2221,47.8955,62.4093,53.701,EPI_ISL_13052719,Canine,H5N1,2022.329,NorthAmerica,A/fox/Wisconsin/22-013774-014-original/2022,G4
1,-1,42.2105,18.8235,38.8235,65.2941,41.1765,44.1365,19.2034,44.0967,82.5036,42.6743,47.925,26.7917,47.5553,74.347,40.8573,44.3203,25.6171,47.0424,58.6865,46.5766,43.373,18.0617,42.2907,60.3524,39.6476,45.3667,24.6046,43.9367,70.2988,40.8612,51.0582,33.1126,62.2517,72.8477,52.9801,48.1159,30.479,50.7983,60.9579,44.9927,EPI_ISL_13052720,Canine,H5N1,2022.304,NorthAmerica,A/fox/Minnesota/22-014182-001-original/2022,G3
1,-1,42.1517,18.8235,38.8235,65.8824,41.1765,44.2075,19.2034,44.808,82.5036,42.6743,48.0589,27.4615,48.2251,75.0167,40.8573,44.2737,25.6171,47.0424,58.6865,46.5766,43.3289,18.0617,42.2907,60.793,40.0881,45.4106,24.6046,43.9367,70.2988,41.3005,50.7937,33.1126,62.2517,72.8477,51.6556,48.2609,30.479,50.7983,62.4093,44.9927,EPI_ISL_13052721,Canine,H5N1,2022.342,NorthAmerica,A/fox/Iowa/22-014421-001-original/2022,G3
1,-1,42.1517,18.2353,38.8235,65.2941,41.1765,44.2075,19.9147,43.3855,82.5036,42.6743,48.3266,26.1219,48.2251,77.0261,40.1875,44.4134,25.6171,47.0424,58.6865,47.0424,43.2849,20.2643,37.0044,60.793,40.9692,45.6741,23.2865,41.7399,70.2988,43.4974,50.7937,33.1126,62.2517,72.8477,51.6556,46.5217,23.2221,47.8955,62.4093,53.701,EPI_ISL_13052722,Canine,H5N1,2022.353,NorthAmerica,A/fox/Minnesota/22-014660-001-original/2022,G4
1,-1,42.0341,17.6471,37.6471,65.2941,41.1765,44.2075,19.9147,43.3855,82.5036,42.6743,48.3266,26.1219,48.2251,77.0261,40.1875,44.4134,25.6171,47.0424,58.6865,47.0424,43.1528,18.9427,37.0044,60.793,40.9692,45.6302,23.2865,41.7399,70.7381,43.058,50.7937,33.1126,62.2517,72.8477,51.6556,46.5217,23.2221,47.8955,62.4093,53.701,EPI_ISL_13052723,Canine,H5N1,2022.353,NorthAmerica,A/fox/Minnesota/22-014660-002-original/2022,G4
1,-1,42.1517,18.2353,38.8235,65.2941,41.1765,44.2786,19.2034,44.0967,81.0811,44.0967,48.2597,26.1219,48.2251,76.3563,40.1875,44.3203,25.1514,46.5766,58.6865,47.9739,43.2409,20.7048,37.8855,61.2335,40.5286,45.5863,23.2865,41.7399,70.7381,43.058,50.7937,33.1126,62.2517,72.8477,51.6556,46.5217,23.2221,47.8955,62.4093,53.701,EPI_ISL_13052724,Canine,H5N1,2022.351,NorthAmerica,A/fox/Minnesota/22-014661-001-original/2022,G4
1,-1,42.0341,17.6471,38.2353,64.1176,41.1765,44.1365,19.2034,44.0967,82.5036,42.6743,47.8581,26.7917,47.5553,74.347,40.1875,44.0875,25.1514,47.0424,57.755,45.6451,43.2849,18.0617,41.4097,59.9119,39.6476,45.2789,24.6046,44.3761,70.2988,40.4218,51.1905,35.7616,63.5762,72.8477,51.6556,46.6667,23.2221,47.8955,62.4093,53.701,EPI_ISL_13052725,Canine,H5N1,2022.334,NorthAmerica,A/fox/Wisconsin/22-014746-010-original/2022,
1,-1,41.9753,17.0588,38.2353,64.1176,41.1765,44.2075,19.2034,44.808,82.5036,42.6743,47.8581,26.7917,47.5553,74.347,40.1875,43.9479,24.6856,47.0424,57.2892,45.6451,43.2849,18.0617,41.4097,59.9119,39.6476,45.3667,24.6046,44.3761,70.2988,41.3005,51.1905,35.7616,63.5762,72.8477,51.6556,46.6667,23.2221,47.8955,62.4093,53.701,EPI_ISL_13052726,Canine,H5N1,2022.334,NorthAmerica,A/fox/Wisconsin/22-014746-016-original/2022,
1,-1,42.0929,18.8235,39.4118,65.2941,41.1765,44.1365,17.7809,44.0967,82.5036,41.963,47.925,26.7917,47.5553,75.0167,40.8573,44.5531,26.0829,47.9739,60.0838,47.0424,43.0647,19.8238,37.4449,60.3524,40.5286,45.4106,24.6046,43.9367,70.2988,41.3005,50.9259,33.1126,62.2517,72.8477,51.6556,46.2319,23.2221,46.4441,60.9579,47.8955,EPI_ISL_13052727,Canine,H5N1,2022.342,NorthAmerica,A/fox/Wisconsin/22-014746-023-original/2022,G3
1,-1,42.0929,18.8235,39.4118,65.2941,41.1765,44.1365,17.7809,44.0967,82.5036,41.963,47.925,26.7917,47.5553,75.0167,40.8573,44.5531,26.0829,47.9739,60.0838,47.0424,43.0647,19.8238,37.4449,60.3524,40.5286,45.4106,24.6046,43.9367,70.2988,41.3005,50.9259,33.1126,62.2517,72.8477,51.6556,46.2319,23.2221,46.4441,60.9579,47.8955,EPI_ISL_13052728,Canine,H5N1,2022.342,NorthAmerica,A/fox/Wisconsin/22-014746-029-original/2022,G3
0,-1,42.1517,18.2353,38.8235,65.2941,41.7647,44.1365,19.2034,42.6743,82.5036,42.6743,47.6573,25.4521,46.2157,73.6772,38.1782,44.3203,25.1514,47.0424,58.2208,46.5766,43.0647,20.2643,37.0044,60.3524,40.0881,45.6302,23.7258,45.2548,68.9807,39.9824,50.7937,33.1126,62.2517,72.8477,51.6556,46.5217,23.2221,47.8955,62.4093,53.701,EPI_ISL_13114176,Avian,H5N1,2022.277,NorthAmerica,A/Broiler_chicken/BC/FAV-0228-OS/2022,G6
0,-1,42.1517,18.2353,38.8235,65.2941,41.7647,44.1365,19.9147,42.6743,82.5036,42.6743,47.6573,25.4521,45.5459,73.0074,38.1782,44.2737,24.6856,46.5766,58.2208,46.5766,43.1088,20.2643,37.0044,60.3524,40.5286,45.6302,23.7258,45.2548,68.9807,39.9824,50.7937,33.1126,62.2517,72.8477,51.6556,46.5217,23.2221,47.8955,62.4093,53.701,EPI_ISL_13116131,Avian,H5N1,2022.323,NorthAmerica,A/Chicken/BC/FAV-0346-OS/2022,G6
0,-1,42.1517,18.2353,38.8235,65.2941,41.7647,44.0654,19.2034,42.6743,82.5036,42.6743,47.6573,25.4521,46.2157,73.6772,38.1782,44.2737,25.1514,47.0424,58.2208,46.5766,43.1088,20.2643,37.0044,60.3524,40.5286,45.5424,23.7258,44.8155,68.5413,39.9824,50.9259,33.1126,63.5762,74.1722,51.6556,46.5217,23.2221,47.8955,62.4093,53.701,EPI_ISL_13117168,Avian,H5N1,2022.34,NorthAmerica,A/Chicken/BC/FAV-0348-OS/2022,G6
0,-1,41.9165,18.2353,38.8235,64.1176,41.7647,43.9943,19.2034,42.6743,81.0811,42.6743,47.6573,25.4521,46.2157,73.6772,38.1782,44.3203,25.1514,47.0424,58.2208,46.5766,43.1088,20.2643,37.0044,60.3524,40.5286,45.5863,23.7258,45.2548,68.9807,39.9824,50.7937,33.1126,62.2517,72.8477,51.6556,46.5217,23.2221,47.8955,60.9579,53.701,EPI_ISL_13117288,Avian,H5N1,2022.359,NorthAmerica,A/Chicken/BC/FAV-0402-OS/2022,G6
0,-1,42.0929,18.2353,39.4118,65.2941,38.8235,44.1365,18.4922,44.0967,83.2148,42.6743,48.2597,26.1219,48.2251,76.3563,40.1875,44.46,25.6171,47.0424,58.6865,47.0424,43.0647,20.2643,36.1233,60.3524,40.9692,45.6302,22.8471,41.7399,71.1775,42.1793,50.7937,33.1126,62.2517,72.8477,51.6556,46.5217,23.2221,47.8955,62.4093,53.701,EPI_ISL_13117290,Avian,H5N1,2022.364,NorthAmerica,A/Chicken/BC/FAV-0460-OS/2022,G4
0,-1,42.0929,18.2353,39.4118,65.2941,38.8235,44.2075,18.4922,44.0967,83.2148,42.6743,48.2597,26.1219,48.2251,76.3563,40.1875,44.46,25.6171,47.0424,58.6865,47.0424,43.1088,20.2643,36.1233,60.3524,41.4097,45.6741,23.2865,41.7399,71.1775,42.6186,50.7937,33.1126,62.2517,72.8477,51.6556,46.5217,23.2221,47.8955,62.4093,53.701,EPI_ISL_13117299,Avian,H5N1,2022.375,NorthAmerica,A/Chicken/BC/FAV-0488-OS/2022,G4
0,-1,40.8583,15.2941,35.8824,62.9412,42.3529,43.7268,17.0877,36.4042,80.9807,43.0906,47.6573,24.7823,45.5459,73.0074,42.8667,45.1538,27.5315,51.3299,62.9958,51.7965,43.9454,19.8238,40.5286,66.5198,43.6123,45.7181,22.8471,45.6942,72.935,39.1037,47.3545,29.1391,67.5497,68.8742,42.3841,46.8116,26.1248,47.8955,66.7634,44.9927,EPI_ISL_13175718,Avian,H5N1,2022.299,Asia,A/duck/Bangladesh/19D1890/2022,
0,-1,41.8577,18.2353,38.2353,65.8824,41.7647,44.7761,22.0484,44.808,82.5036,43.3855,47.7242,27.4615,46.8855,76.3563,34.8292,44.4134,24.6856,44.7136,60.0838,47.0424,43.1088,20.2643,38.7665,60.793,41.8502,44.5323,21.0896,42.1793,65.0264,39.5431,50.7937,34.4371,64.9007,74.1722,52.9801,46.8116,23.2221,49.3469,66.7634,53.701,EPI_ISL_13199865,Avian,H5N1,2022.411,Europe,A/sandwich_tern/Netherlands/22009980-002/2022,G2
0,-1,41.8577,18.2353,38.2353,65.8824,41.7647,44.7761,22.0484,44.808,82.5036,43.3855,47.6573,27.4615,46.8855,75.6865,34.8292,44.3203,24.6856,44.7136,60.0838,47.0424,43.1528,20.2643,38.7665,61.2335,41.8502,44.5323,21.0896,42.1793,65.0264,39.5431,50.7937,34.4371,64.9007,74.1722,52.9801,46.8116,23.2221,49.3469,66.7634,53.701,EPI_ISL_13199866,Avian,H5N1,2022.408,Europe,A/sandwich_tern/Netherlands/22010161-001005/2022,G2
0,-1,41.8577,18.8235,37.6471,64.7059,41.7647,44.5235,19.943,44.1595,82.6211,43.4473,47.6573,26.7917,46.2157,75.6865,35.499,44.2478,25.1748,44.7552,60.1399,46.62,43.1528,20.2643,38.326,60.793,42.2907,44.7033,21.1268,43.1338,65.581,39.6127,50.6614,34.4371,63.5762,72.8477,52.9801,46.5217,23.2221,49.3469,66.7634,53.701,EPI_ISL_13201050,Avian,H5N1,2022.323,Europe,A/Lesser_Black-backed_Gull/Netherlands/1/2022,G2
0,-1,41.9753,18.2353,38.8235,64.1176,42.3529,44.8472,20.6259,44.0967,82.5036,44.808,47.8581,28.1313,46.8855,75.6865,36.1688,44.3669,25.6171,47.9739,56.8235,47.9739,43.417,20.2643,38.326,59.4714,43.6123,45.3228,22.8471,44.8155,68.9807,43.9367,50.9259,34.4371,64.9007,75.4967,52.9801,46.5217,24.6734,46.4441,65.312,53.701,EPI_ISL_13246267,Avian,H5N1,2022.282,Europe,A/chicken/Iceland/2022AI02564/2022,G10
0,-1,41.9753,18.2353,38.8235,64.1176,42.3529,44.8472,20.6259,44.0967,82.5036,44.808,47.8581,28.1313,46.8855,75.6865,36.1688,44.3669,25.6171,47.9739,56.8235,47.9739,43.417,20.2643,38.326,59.4714,43.6123,45.3228,22.8471,44.8155,68.9807,43.9367,50.9259,34.4371,64.9007,75.4967,52.9801,46.5217,24.6734,46.4441,65.312,53.701,EPI_ISL_13246657,Avian,H5N1,2022.282,Europe,A/chicken/Iceland/2022AI02565/2022,G10
0,-1,42.0929,18.2353,38.8235,65.2941,41.1765,44.2075,18.4922,44.0967,82.5036,42.6743,48.1258,26.1219,48.2251,76.3563,40.8573,44.2272,25.1514,47.0424,58.2208,46.5766,43.1528,20.2643,37.4449,60.3524,40.5286,44.9715,21.529,44.3761,65.9051,42.1793,50.6614,33.1126,62.2517,72.8477,51.6556,46.8116,23.2221,47.8955,62.4093,53.701,EPI_ISL_13285237,Avian,H5N1,2022.247,NorthAmerica,A/turkey/South_Dakota/22-009980-001-original/2022,
0,-1,42.0929,18.2353,38.8235,65.2941,41.1765,44.2075,18.4922,44.0967,82.5036,42.6743,48.1258,26.1219,48.2251,76.3563,40.8573,44.2272,25.1514,47.0424,58.2208,46.5766,43.1528,20.2643,37.4449,60.3524,40.5286,44.9715,21.529,44.3761,65.9051,42.1793,50.6614,33.1126,62.2517,72.8477,51.6556,46.8116,23.2221,47.8955,62.4093,53.701,EPI_ISL_13285238,Avian,H5N1,2022.247,NorthAmerica,A/turkey/South_Dakota/22-009980-002-original/2022,
0,-1,42.0929,18.2353,38.8235,65.2941,41.1765,44.4918,19.9147,44.808,82.5036,43.3855,47.4565,26.7917,45.5459,75.6865,36.1688,44.4134,26.0829,47.0424,58.6865,47.0424,43.1088,19.8238,37.0044,60.3524,40.9692,45.1471,21.529,44.3761,68.1019,43.058,50.9259,33.1126,63.5762,72.8477,51.6556,46.6667,23.2221,47.8955,62.4093,53.701,EPI_ISL_13285246,Avian,H5N1,2022.247,NorthAmerica,A/chicken/Iowa/22-009985-001-original/2022,G8
0,-1,42.1517,18.2353,38.2353,65.2941,41.1765,44.1365,19.2034,43.3855,82.5036,42.6743,48.3936,26.1219,48.2251,77.0261,40.1875,44.4134,25.6171,47.0424,58.6865,47.0424,43.1528,20.2643,36.5639,60.793,40.9692,45.6302,22.8471,41.7399,70.2988,43.058,50.6614,33.1126,60.9272,72.8477,51.6556,46.5217,23.2221,47.8955,62.4093,53.701,EPI_ISL_13285536,Avian,H5N1,2022.249,NorthAmerica,A/turkey/Iowa/22-009986-001-original/2022,G4
0,-1,42.1517,18.2353,38.2353,65.2941,41.1765,44.1365,19.2034,43.3855,82.5036,42.6743,48.3936,26.1219,48.2251,77.0261,40.1875,44.4134,25.6171,47.0424,58.6865,47.0424,43.1088,20.2643,36.5639,60.793,40.5286,45.6302,22.8471,41.7399,70.2988,43.058,50.6614,33.1126,60.9272,72.8477,51.6556,46.5217,23.2221,47.8955,62.4093,53.701,EPI_ISL_13285537,Avian,H5N1,2022.249,NorthAmerica,A/turkey/Iowa/22-009986-002-original/2022,G4
0,-1,42.1517,17.6471,38.8235,66.4706,41.1765,44.2786,19.2034,44.0967,82.5036,43.3855,48.2597,26.1219,48.2251,76.3563,40.1875,44.3669,25.6171,47.0424,58.6865,47.0424,43.2849,20.2643,37.0044,60.793,41.4097,45.762,23.2865,41.7399,70.7381,43.4974,50.6614,33.1126,60.9272,72.8477,51.6556,46.3768,23.2221,47.8955,62.4093,53.701,EPI_ISL_13285538,Avian,H5N1,2022.247,NorthAmerica,A/turkey/Minnesota/22-009996-001-original/2022,G4
0,-1,42.0929,17.6471,38.8235,64.7059,41.7647,44.2075,19.9147,43.3855,81.7923,42.6743,47.7912,29.4709,45.5459,76.3563,38.1782,44.3669,25.1514,46.5766,58.6865,47.0424,43.1528,20.2643,37.0044,60.793,40.9692,44.9715,21.529,44.3761,65.9051,42.6186,50.6614,33.1126,60.9272,72.8477,50.3311,46.3768,23.2221,47.8955,62.4093,53.701,EPI_ISL_13285539,Avian,H5N1,2022.249,NorthAmerica,A/turkey/Minnesota/22-009997-001-original/2022,G8
0,-1,42.0929,17.6471,38.8235,64.7059,41.7647,44.2075,19.9147,43.3855,81.7923,42.6743,47.7912,29.4709,45.5459,76.3563,38.1782,44.3669,25.1514,46.5766,58.6865,47.0424,43.1528,20.2643,37.0044,60.793,40.9692,44.9715,21.529,44.3761,65.9051,42.6186,50.6614,33.1126,60.9272,72.8477,50.3311,46.3768,23.2221,47.8955,62.4093,53.701,EPI_ISL_13285540,Avian,H5N1,2022.249,NorthAmerica,A/turkey/Minnesota/22-009997-002-original/2022,G8
0,-1,42.0929,17.6471,38.8235,64.7059,41.1765,44.2786,19.2034,44.0967,83.2148,42.6743,48.2597,26.1219,48.2251,76.3563,40.1875,44.4134,25.6171,47.0424,58.6865,47.0424,43.2409,20.2643,37.0044,60.3524,40.9692,45.6302,23.2865,41.3005,70.7381,43.058,50.7937,33.1126,62.2517,72.8477,51.6556,46.3768,23.2221,47.8955,62.4093,53.701,EPI_ISL_13285541,Avian,H5N1,2022.249,NorthAmerica,A/turkey/Minnesota/22-009998-001-original/2022,G4
0,-1,42.1517,18.2353,38.8235,65.2941,41.1765,44.2075,19.2034,44.0967,82.5036,42.6743,48.2597,26.1219,48.2251,76.3563,40.1875,44.3669,25.6171,46.5766,58.6865,47.0424,43.1968,20.2643,37.4449,60.793,40.9692,45.7181,23.2865,41.7399,71.1775,43.058,50.7937,33.1126,62.2517,72.8477,51.6556,46.5217,23.2221,47.8955,62.4093,53.701,EPI_ISL_13285542,Avian,H5N1,2022.249,NorthAmerica,A/turkey/Minnesota/22-009999-001-original/2022,G4
0,-1,42.328,18.2353,38.8235,67.0588,41.1765,44.3497,19.2034,44.0967,82.5036,43.3855,48.2597,26.1219,48.2251,76.3563,40.1875,44.46,25.6171,47.0424,58.6865,47.9739,43.2409,20.2643,37.0044,60.793,40.9692,45.6741,23.2865,41.7399,71.1775,43.058,50.6614,33.1126,62.2517,71.5232,51.6556,46.5217,23.2221,47.8955,62.4093,53.701,EPI_ISL_13285543,Avian,H5N1,2022.252,NorthAmerica,A/turkey/Minnesota/22-010000-001-original/2022,G4
0,-1,42.1517,18.2353,38.8235,65.2941,41.1765,44.2075,19.2034,44.0967,82.5036,42.6743,48.2597,26.1219,48.2251,76.3563,40.1875,44.3669,25.6171,46.5766,58.6865,47.0424,43.1968,20.2643,37.4449,60.793,40.9692,45.7181,23.2865,41.7399,71.1775,43.058,50.7937,33.1126,62.2517,72.8477,51.6556,46.5217,23.2221,47.8955,62.4093,53.701,EPI_ISL_13285548,Avian,H5N1,2022.249,NorthAmerica,A/turkey/Minnesota/22-009999-002-original/2022,G4
0,-1,42.0929,18.2353,38.8235,64.7059,41.1765,44.2786,19.2034,44.0967,83.2148,42.6743,48.0589,25.4521,47.5553,76.3563,40.1875,44.4134,25.6171,47.0424,58.6865,47.0424,43.1968,20.2643,36.5639,60.793,41.4097,45.6302,23.2865,41.7399,70.7381,43.058,50.6614,33.1126,60.9272,72.8477,51.6556,46.5217,23.2221,47.8955,62.4093,53.701,EPI_ISL_13285551,Avian,H5N1,2022.249,NorthAmerica,A/turkey/South_Dakota/22-010013-001-original/2022,G4
0,-1,42.0929,18.2353,38.8235,64.7059,41.1765,44.2075,19.2034,44.0967,82.5036,42.6743,48.0589,25.4521,47.5553,76.3563,40.1875,44.4134,25.6171,47.0424,58.6865,47.0424,43.1968,20.2643,36.5639,60.793,41.4097,45.6302,23.2865,41.7399,70.7381,43.058,50.6614,33.1126,60.9272,72.8477,51.6556,46.5217,23.2221,47.8955,62.4093,53.701,EPI_ISL_13285552,Avian,H5N1,2022.249,NorthAmerica,A/turkey/South_Dakota/22-010013-002-original/2022,G4
0,-1,42.0929,18.2353,38.2353,66.4706,41.1765,44.2075,19.2034,44.0967,82.5036,42.6743,48.1928,26.1219,48.2251,75.6865,40.1875,44.3669,25.6171,47.0424,58.6865,47.0424,43.1968,20.2643,37.0044,60.793,40.9692,45.6302,23.2865,41.7399,69.8594,43.058,50.6614,31.7881,62.2517,72.8477,51.6556,46.5217,23.2221,47.8955,62.4093,53.701,EPI_ISL_13285553,Avian,H5N1,2022.249,NorthAmerica,A/turkey/North_Dakota/22-010015-001-original/2022,G4
0,-1,42.0929,18.2353,38.2353,66.4706,41.1765,44.2075,19.2034,44.0967,82.5036,42.6743,48.1928,26.1219,48.2251,75.6865,40.1875,44.3669,25.6171,47.0424,58.6865,47.0424,43.1968,20.2643,37.0044,60.793,40.9692,45.6302,23.2865,41.7399,69.8594,43.058,50.6614,31.7881,62.2517,72.8477,51.6556,46.5217,23.2221,47.8955,62.4093,53.701,EPI_ISL_13285554,Avian,H5N1,2022.249,NorthAmerica,A/turkey/North_Dakota/22-010015-002-original/2022,G4
0,-1,42.2105,18.8235,38.8235,65.2941,41.1765,44.3497,19.9147,44.0967,82.5036,42.6743,47.925,26.7917,47.5553,75.0167,40.8573,44.3669,25.1514,47.0424,59.6181,46.5766,43.417,18.5022,42.2907,59.9119,40.0881,45.4106,24.6046,43.4974,70.2988,41.3005,50.7937,33.1126,62.2517,72.8477,50.3311,48.2609,30.479,50.7983,62.4093,44.9927,EPI_ISL_13285555,Avian,H5N1,2022.252,NorthAmerica,A/turkey/Minnesota/22-010085-001-original/2022,G3
0,-1,42.2105,18.8235,38.8235,65.2941,41.1765,44.3497,19.9147,44.0967,82.5036,42.6743,47.925,26.7917,47.5553,75.0167,40.8573,44.2737,25.1514,47.0424,59.1523,46.5766,43.417,18.5022,42.2907,59.9119,40.0881,45.4106,24.6046,43.4974,70.2988,41.3005,50.7937,33.1126,62.2517,72.8477,50.3311,48.2609,30.479,50.7983,62.4093,44.9927,EPI_ISL_13285556,Avian,H5N1,2022.252,NorthAmerica,A/turkey/Minnesota/22-010085-002-original/2022,G3
0,-1,42.328,18.8235,38.8235,66.4706,41.1765,44.2786,19.2034,44.0967,82.5036,43.3855,48.2597,26.1219,48.2251,76.3563,40.1875,44.5065,26.0829,47.5082,58.6865,47.9739,43.2409,20.2643,37.0044,60.793,40.9692,45.7181,23.7258,41.7399,71.1775,43.058,50.5291,33.1126,62.2517,71.5232,51.6556,46.6667,23.2221,47.8955,63.8607,53.701,EPI_ISL_13285557,Avian,H5N1,2022.252,NorthAmerica,A/turkey/Minnesota/22-010092-002-original/2022,G4
0,-1,42.2693,18.2353,38.8235,66.4706,41.1765,44.2075,19.2034,44.0967,82.5036,43.3855,48.2597,26.1219,48.2251,76.3563,40.1875,44.5065,26.0829,47.5082,58.6865,47.9739,43.1347,19.8763,36.2191,60.9541,40.636,45.7181,23.7258,41.7399,71.1775,43.058,50.6614,33.1126,62.2517,71.5232,51.6556,46.5217,23.2221,47.8955,62.4093,53.701,EPI_ISL_13285558,Avian,H5N1,2022.252,NorthAmerica,A/turkey/Minnesota/22-010092-003-original/2022,G4
0,-1,42.0929,17.6471,38.8235,65.2941,42.3529,44.0654,18.4922,44.0967,82.5036,41.963,48.2597,26.1219,48.2251,76.3563,40.8573,44.4134,25.1514,46.5766,58.6865,47.5082,43.2409,20.2643,37.0044,61.2335,40.9692,45.6741,23.2865,41.7399,71.1775,43.058,50.7937,33.1126,62.2517,72.8477,51.6556,46.3768,21.7707,46.4441,62.4093,53.701,EPI_ISL_13285559,Avian,H5N1,2022.249,NorthAmerica,A/turkey/Iowa/22-010094-001-original/2022,G4
0,-1,42.0929,17.6471,38.8235,65.2941,42.3529,44.0654,18.4922,44.0967,82.5036,41.963,48.2597,26.1219,48.2251,76.3563,40.8573,44.4134,25.1514,46.5766,58.6865,47.5082,43.2409,20.2643,37.0044,61.2335,40.9692,45.6741,23.2865,41.7399,71.1775,43.058,50.7937,33.1126,62.2517,72.8477,51.6556,46.3768,21.7707,46.4441,62.4093,53.701,EPI_ISL_13285560,Avian,H5N1,2022.249,NorthAmerica,A/turkey/Iowa/22-010094-002-original/2022,G4
0,-1,42.1517,17.6471,38.8235,66.4706,41.1765,44.2786,19.2034,44.0967,82.5036,43.3855,48.2597,26.1219,48.2251,76.3563,40.1875,44.3669,25.6171,47.0424,58.6865,47.0424,43.2849,20.2643,37.0044,60.793,41.4097,45.762,23.2865,41.7399,70.7381,43.4974,50.6614,33.1126,60.9272,72.8477,51.6556,46.3768,23.2221,47.8955,62.4093,53.701,EPI_ISL_13286627,Avian,H5N1,2022.247,NorthAmerica,A/turkey/Minnesota/22-009996-002-original/2022,G4
0,-1,41.9165,18.8235,38.2353,64.7059,41.7647,44.5629,19.9147,44.808,82.5036,42.6743,47.7242,26.7917,46.2157,75.6865,35.499,44.46,24.6856,44.7136,61.0154,47.5082,43.2409,20.7048,38.326,60.3524,42.2907,44.7519,21.0896,43.058,66.7838,39.5431,50.5291,34.4371,63.5762,72.8477,52.9801,46.6667,23.2221,49.3469,66.7634,53.701,EPI_ISL_13300319,Avian,H5N1,2022.397,Europe,A/brant_goose/Netherlands/22009881-002/2022,G2
0,-1,41.7989,18.2353,38.2353,64.7059,41.7647,44.5629,19.9147,45.5192,82.5036,43.3855,47.5904,26.7917,46.2157,75.6865,34.8292,44.3203,24.6856,43.782,61.4811,46.5766,43.2849,20.2643,38.7665,61.2335,41.8502,44.6201,21.0896,43.058,65.4657,39.5431,50.6614,33.1126,63.5762,71.5232,54.3046,46.6667,23.2221,49.3469,66.7634,53.701,EPI_ISL_13300324,Avian,H5N1,2022.4,Europe,A/white_stork/Netherlands/22009973-002/2022,G2
0,-1,41.9753,18.8235,38.2353,63.5294,42.3529,44.9183,19.2034,44.808,83.926,44.808,48.2597,28.8011,47.5553,77.0261,38.1782,44.2272,25.1514,46.5766,56.8235,48.4397,43.461,19.3833,38.7665,59.9119,43.6123,45.235,22.8471,44.8155,68.5413,44.3761,51.1905,34.4371,64.9007,75.4967,52.9801,46.8116,24.6734,47.8955,65.312,55.1524,EPI_ISL_13338081,Avian,H5N1,2022.395,Europe,A/Northern_gannet/Sweden/SVA220525SZ0402/FB001671/O-2022,G10
0,-1,41.9165,18.8235,38.2353,64.7059,41.7647,44.5629,19.2034,44.808,84.6373,42.6743,47.7912,27.4615,46.2157,76.3563,36.1688,44.4134,24.6856,44.7136,60.5496,46.5766,43.0647,20.2643,38.326,60.3524,42.7313,44.7079,21.0896,43.058,66.3445,38.6643,50.7937,34.4371,64.9007,72.8477,52.9801,46.8116,23.2221,49.3469,66.7634,53.701,EPI_ISL_13370918,Avian,H5N1,2022.255,Europe,A/domestic_duck/England/041295/2022,G2
0,-1,41.9165,18.8235,38.2353,64.7059,41.7647,44.5629,19.2034,44.808,84.6373,42.6743,47.8581,27.4615,46.2157,76.3563,36.1688,44.3669,24.6856,44.7136,60.5496,46.5766,43.0647,20.2643,38.326,60.3524,42.7313,44.7079,21.0896,43.058,66.3445,38.6643,50.7937,34.4371,64.9007,72.8477,52.9801,46.8116,23.2221,49.3469,66.7634,53.701,EPI_ISL_13370919,Avian,H5N1,2022.255,Europe,A/domestic_goose/England/041268/2022,G2
0,-1,42.0341,18.2353,38.8235,64.1176,42.3529,44.5629,19.2034,44.808,81.7923,44.0967,47.992,28.8011,47.5553,76.3563,36.1688,44.3203,26.0829,47.5082,57.2892,47.0424,43.5051,19.8238,38.326,60.3524,43.1718,45.2789,23.2865,44.3761,68.1019,44.3761,51.1905,34.4371,64.9007,75.4967,52.9801,46.3768,23.2221,47.8955,65.312,53.701,EPI_ISL_13370920,Avian,H5N1,2022.255,Europe,A/domestic_duck/England/040831/2022,G10
0,-1,41.9165,18.8235,38.2353,64.7059,41.7647,44.5629,19.2034,44.808,84.6373,42.6743,47.7912,27.4615,46.2157,76.3563,36.1688,44.46,24.6856,44.7136,61.0154,46.5766,43.0647,20.2643,38.326,60.3524,42.7313,44.7079,21.0896,43.058,66.3445,38.6643,50.7937,34.4371,64.9007,72.8477,52.9801,46.8116,23.2221,49.3469,66.7634,53.701,EPI_ISL_13370921,Avian,H5N1,2022.26,Europe,A/domestic_duck/England/042266/2022,G2
0,-1,42.0341,18.2353,38.2353,64.1176,42.3529,44.8472,19.9147,44.808,83.926,44.0967,47.925,28.8011,47.5553,75.6865,35.499,44.46,26.0829,48.4397,57.755,47.9739,43.3289,19.8238,38.326,59.9119,43.1718,45.191,21.9684,44.8155,67.2232,44.3761,51.1905,34.4371,64.9007,75.4967,52.9801,46.6667,24.6734,47.8955,65.312,53.701,EPI_ISL_13370922,Avian,H5N1,2022.26,Europe,A/chicken/England/042391/2022,G10
0,-1,41.9165,18.8235,38.2353,64.7059,41.7647,44.634,19.2034,44.808,86.0597,42.6743,47.8581,27.4615,46.2157,76.3563,36.8386,44.3203,24.6856,44.2478,60.5496,46.5766,43.1088,20.2643,38.7665,60.793,42.7313,44.7519,21.0896,43.058,66.3445,38.6643,50.7937,34.4371,64.9007,72.8477,52.9801,46.8116,23.2221,49.3469,66.7634,53.701,EPI_ISL_13370923,Avian,H5N1,2022.277,Europe,A/chicken/England/046274/2022,G2
0,-1,41.9753,18.8235,38.8235,65.2941,41.7647,44.4918,20.6259,43.3855,81.7923,42.6743,47.925,28.8011,48.2251,76.3563,35.499,44.5065,26.5487,47.9739,57.2892,48.9054,43.5051,19.8238,39.207,59.4714,44.4934,45.2789,23.2865,43.9367,68.5413,44.3761,51.1905,34.4371,64.9007,75.4967,52.9801,46.5217,24.6734,47.8955,68.2148,50.7983,EPI_ISL_13370924,Avian,H5N1,2022.301,Europe,A/chicken/England/053826/2022,G10
0,-1,41.505,17.6471,37.0588,65.2941,41.7647,44.8472,20.6259,45.5192,81.7923,43.3855,47.5904,26.1219,46.2157,75.0167,36.8386,44.3203,25.6171,44.7136,61.0154,46.5766,43.373,19.3833,38.7665,60.3524,42.7313,44.4444,19.7715,42.6186,64.1476,39.9824,50.6614,34.4371,64.9007,72.8477,52.9801,46.3768,26.1248,47.8955,62.4093,52.2496,EPI_ISL_13398725,Avian,H5N1,2022.427,Europe,A/sandwich_tern/Netherlands/22010444-001/2022,G2
0,-1,41.5638,17.6471,37.0588,65.2941,41.7647,44.8472,20.6259,45.5192,83.2148,43.3855,47.5904,26.1219,46.2157,75.0167,36.8386,44.3203,25.1514,44.7136,61.0154,46.1109,43.2849,19.3833,38.7665,60.3524,42.2907,44.4005,19.7715,42.1793,65.0264,39.5431,50.5291,34.4371,63.5762,72.8477,52.9801,46.5217,26.1248,47.8955,60.9579,52.2496,EPI_ISL_13398726,Avian,H5N1,2022.436,Europe,A/sandwich_tern/Netherlands/22010726-001/2022,G2
0,-1,41.8577,18.2353,38.2353,66.4706,41.7647,44.8472,22.0484,44.808,82.5036,43.3855,47.6573,27.4615,46.8855,75.6865,34.8292,44.46,25.1514,44.7136,60.0838,47.9739,43.1088,20.2643,38.7665,60.793,41.8502,44.7079,21.0896,42.6186,65.0264,39.5431,50.7937,34.4371,64.9007,74.1722,52.9801,46.8116,23.2221,49.3469,66.7634,53.701,EPI_ISL_13398727,Avian,H5N1,2022.441,Europe,A/sandwich_tern/Netherlands/22010732-002/2022,G2
0,-1,41.7989,17.6471,38.2353,63.5294,42.3529,44.5235,20.6553,44.8718,81.9088,42.735,47.4565,25.4521,45.5459,75.6865,34.8292,44.2272,24.6856,44.7136,60.0838,46.5766,43.3289,20.7048,39.207,61.2335,42.2907,44.679,21.1454,43.1718,65.1982,39.6476,50.7937,34.4371,64.9007,72.8477,52.9801,46.5217,23.2221,47.8955,66.7634,53.701,EPI_ISL_13429290,Avian,H5N1,2022.419,Europe,A/Caspian_Gull/Netherlands/4/2022,G2
0,-1,41.7989,18.2353,38.2353,65.8824,41.1765,44.808,22.0798,44.8718,82.6211,43.4473,47.6573,27.4615,46.8855,75.6865,34.8292,44.3203,24.6856,44.2478,60.0838,47.0424,43.0647,20.2643,38.7665,60.793,41.8502,44.5275,21.1268,42.2535,64.2606,39.6127,50.7937,34.4371,64.9007,74.1722,52.9801,46.6667,23.2221,49.3469,66.7634,52.2496,EPI_ISL_13429291,Avian,H5N1,2022.427,Europe,A/Sandwich_Tern/Netherlands/8/2022,G2
0,-1,41.5638,17.6471,37.6471,65.2941,42.3529,44.705,20.6259,45.5192,81.7923,42.6743,47.5234,26.1219,46.2157,74.347,36.8386,44.2737,25.1514,44.7136,61.0154,46.1109,43.373,19.3833,38.7665,60.3524,42.7313,44.3516,20.2465,42.6937,63.8204,39.6127,50.7937,34.4371,64.9007,72.8477,55.6291,46.3768,26.1248,47.8955,60.9579,52.2496,EPI_ISL_13429292,Avian,H5N1,2022.427,Europe,A/Sandwich_Tern/Netherlands/5/2022,G2
0,-1,41.5638,17.6471,38.8235,64.1176,41.7647,44.808,21.3675,46.2963,81.1966,43.4473,47.6573,27.4615,46.2157,75.6865,35.499,44.2272,23.2883,44.2478,61.0154,47.5082,43.1088,19.3833,38.326,60.793,42.2907,44.5079,19.7889,42.2164,65.0836,40.4573,50.7937,34.4371,64.9007,72.8477,52.9801,46.3768,24.6734,46.4441,60.9579,53.701,EPI_ISL_13429293,Avian,H5N1,2022.419,Europe,A/Black-headed_gull/Netherlands/5/2022,G2
0,-1,41.5638,17.6471,38.8235,64.1176,41.7647,44.8791,21.3675,46.2963,81.9088,43.4473,47.6573,27.4615,46.2157,75.6865,35.499,44.2272,23.2883,44.2478,61.0154,47.5082,43.0837,19.4004,38.3598,60.4056,42.328,44.5275,19.8063,42.2535,65.581,40.493,50.7937,34.4371,64.9007,72.8477,52.9801,46.3768,24.6734,46.4441,60.9579,53.701,EPI_ISL_13429294,Avian,H5N1,2022.419,Europe,A/Black-headed_gull/Netherlands/6/2022,G2
0,-1,41.7989,18.2353,38.2353,65.8824,41.7647,44.808,22.0798,44.8718,82.6211,43.4473,47.6573,27.4615,46.8855,75.6865,34.8292,44.3203,24.6856,44.7136,60.0838,47.0424,43.1528,20.2643,38.7665,61.2335,41.8502,44.4835,21.1268,42.2535,64.2606,39.6127,50.7937,34.4371,64.9007,74.1722,52.9801,46.9565,23.2221,49.3469,69.6662,53.701,EPI_ISL_13429295,Avian,H5N1,2022.422,Europe,A/Sandwich_Tern/Netherlands/1/2022,G2
0,-1,41.8577,18.2353,38.2353,65.8824,41.7647,44.808,22.0798,44.8718,82.6211,43.4473,47.7242,27.4615,46.8855,76.3563,34.8292,44.3669,24.6856,44.7136,60.0838,47.0424,43.1088,20.2643,38.7665,60.793,41.8502,44.4835,21.1268,42.2535,64.2606,39.6127,50.7937,34.4371,64.9007,74.1722,52.9801,46.8116,23.2221,49.3469,66.7634,53.701,EPI_ISL_13429296,Avian,H5N1,2022.419,Europe,A/Sandwich_Tern/Netherlands/2/2022,G2
0,-1,41.8577,18.2353,38.2353,65.8824,41.7647,44.705,21.3371,44.808,81.7923,43.3855,47.6573,27.4615,46.8855,75.6865,34.8292,44.3669,24.6856,44.2478,60.0838,47.9739,43.0647,20.2643,38.7665,60.793,41.8502,44.5275,21.1268,42.2535,64.2606,39.6127,50.7937,34.4371,64.9007,74.1722,52.9801,46.9565,23.2221,49.3469,68.2148,53.701,EPI_ISL_13429297,Avian,H5N1,2022.419,Europe,A/Sandwich_Tern/Netherlands/3/2022,G2
0,-1,41.8577,18.2353,38.2353,65.8824,41.7647,44.808,22.0798,44.8718,82.6211,43.4473,47.6573,27.4615,46.8855,75.6865,34.8292,44.3203,24.6856,44.7136,60.0838,47.0424,43.1528,20.2643,38.7665,61.2335,41.8502,44.4835,21.1268,42.2535,64.2606,39.6127,50.7937,34.4371,64.9007,74.1722,52.9801,46.8116,23.2221,49.3469,66.7634,53.701,EPI_ISL_13429298,Avian,H5N1,2022.419,Europe,A/Common_Tern/Netherlands/1/2022,G2
0,-1,41.8577,18.2353,38.2353,65.8824,41.7647,44.808,22.0798,44.8718,82.6211,43.4473,47.7242,27.4615,46.8855,76.3563,34.8292,44.3669,24.6856,44.7136,60.0838,47.0424,43.1088,20.2643,38.7665,60.793,41.8502,44.4835,21.1268,42.2535,64.2606,39.6127,50.7937,34.4371,64.9007,74.1722,52.9801,46.8116,23.2221,49.3469,66.7634,53.701,EPI_ISL_13429299,Avian,H5N1,2022.427,Europe,A/Sandwich_Tern/Netherlands/6/2022,G2
0,-1,41.5638,17.6471,37.0588,65.2941,41.7647,44.8472,20.6259,45.5192,83.2148,43.3855,47.5234,26.1219,46.2157,75.0167,36.1688,44.3669,25.6171,44.7136,61.0154,47.0424,43.2849,19.3833,38.326,60.3524,42.7313,44.3322,19.7889,41.7766,63.7643,39.5778,50.3968,34.4371,63.5762,72.8477,51.6556,46.2319,26.1248,47.8955,60.9579,52.2496,EPI_ISL_13429300,Avian,H5N1,2022.427,Europe,A/Sandwich_Tern/Netherlands/7/2022,G2
0,-1,42.1517,18.2353,38.8235,65.2941,41.1765,44.2075,19.9147,43.3855,82.5036,42.6743,48.3266,26.1219,48.2251,77.0261,40.1875,44.4134,25.6171,47.0424,58.6865,47.0424,43.2849,20.2643,37.4449,60.793,40.9692,45.6741,23.2865,41.7399,70.7381,43.058,50.6614,33.1126,62.2517,72.8477,49.0066,46.3768,23.2221,47.8955,62.4093,53.701,EPI_ISL_13431305,Avian,H5N1,2022.255,NorthAmerica,A/turkey/Minnesota/22-010122-001-original/2022,G4
0,-1,42.1517,18.2353,38.8235,65.2941,41.1765,44.2075,19.9147,43.3855,82.5036,42.6743,48.2597,26.1219,48.2251,76.3563,40.1875,44.4134,25.6171,47.0424,58.6865,47.0424,43.2849,20.2643,37.4449,60.793,40.9692,45.6741,23.2865,41.7399,70.7381,43.058,50.6614,33.1126,62.2517,72.8477,49.0066,46.3768,23.2221,47.8955,62.4093,53.701,EPI_ISL_13431306,Avian,H5N1,2022.255,NorthAmerica,A/turkey/Minnesota/22-010122-002-original/2022,G4
0,-1,42.0341,17.6471,38.2353,65.2941,40.5882,44.2075,19.2034,44.0967,82.5036,42.6743,48.1928,26.1219,48.2251,76.3563,40.1875,44.4134,25.6171,47.0424,58.6865,47.0424,43.1528,19.8238,37.0044,60.793,40.9692,45.5863,23.2865,41.7399,70.7381,43.058,50.7937,33.1126,62.2517,72.8477,51.6556,46.5217,23.2221,47.8955,62.4093,53.701,EPI_ISL_13431307,Avian,H5N1,2022.255,NorthAmerica,A/turkey/Minnesota/22-010123-001-original/2022,G4
0,-1,42.0929,18.2353,39.4118,65.2941,41.7647,44.4208,19.2034,44.0967,83.926,42.6743,47.4565,26.1219,46.2157,75.6865,36.1688,44.3203,25.6171,46.5766,58.6865,47.0424,43.1528,20.2643,37.0044,61.2335,40.9692,45.1032,21.9684,44.3761,66.7838,42.6186,50.7937,33.1126,63.5762,72.8477,51.6556,46.5217,23.2221,47.8955,62.4093,53.701,EPI_ISL_13431308,Avian,H5N1,2022.255,NorthAmerica,A/turkey/Minnesota/22-010123-004-original/2022,G8
0,-1,42.1517,18.2353,38.8235,65.8824,42.3529,44.2786,19.2034,44.0967,82.5036,42.6743,48.3266,26.1219,48.2251,76.3563,40.8573,44.5065,25.6171,47.0424,58.6865,47.5082,43.1968,20.2643,37.0044,60.793,40.9692,45.7181,23.2865,41.7399,70.7381,43.4974,50.7937,33.1126,62.2517,72.8477,51.6556,46.5217,23.2221,47.8955,62.4093,53.701,EPI_ISL_13431309,Avian,H5N1,2022.255,NorthAmerica,A/turkey/Minnesota/22-010124-001-original/2022,G4
0,-1,42.1517,18.2353,38.8235,65.8824,42.3529,44.2786,19.2034,44.0967,82.5036,42.6743,48.3266,26.1219,48.2251,76.3563,40.8573,44.5065,25.6171,47.0424,58.6865,47.5082,43.1968,20.2643,37.0044,60.793,40.9692,45.7181,23.2865,41.7399,70.7381,43.4974,50.7937,33.1126,62.2517,72.8477,51.6556,46.3768,23.2221,47.8955,62.4093,53.701,EPI_ISL_13431310,Avian,H5N1,2022.255,NorthAmerica,A/turkey/Minnesota/22-010124-002-original/2022,G4
0,-1,42.1517,17.6471,38.8235,64.7059,42.3529,44.2075,19.2034,44.0967,82.5036,42.6743,48.2597,26.1219,47.5553,77.0261,40.1875,44.46,25.6171,47.0424,58.2208,47.5082,43.1528,20.2643,36.5639,60.793,40.9692,45.6302,23.2865,41.7399,70.2988,43.058,50.7937,33.1126,62.2517,72.8477,51.6556,46.3768,23.2221,47.8955,62.4093,53.701,EPI_ISL_13431311,Avian,H5N1,2022.255,NorthAmerica,A/turkey/Minnesota/22-010125-001-original/2022,G4
0,-1,42.1517,17.6471,38.8235,64.7059,42.3529,44.2075,19.2034,44.0967,82.5036,42.6743,48.2597,26.1219,47.5553,77.0261,40.1875,44.4134,25.6171,47.0424,58.2208,47.5082,43.1528,20.2643,36.5639,60.793,40.9692,45.6302,23.2865,41.7399,70.2988,43.058,50.7937,33.1126,62.2517,72.8477,51.6556,46.3768,23.2221,47.8955,62.4093,53.701,EPI_ISL_13431312,Avian,H5N1,2022.255,NorthAmerica,A/turkey/Minnesota/22-010125-002-original/2022,G4
0,-1,42.1517,18.2353,38.8235,65.2941,41.1765,44.2075,19.2034,44.0967,82.5036,42.6743,47.992,26.7917,47.5553,75.0167,41.5271,44.3203,25.1514,47.0424,58.6865,46.5766,43.1088,19.8238,36.5639,60.793,40.9692,45.4545,25.0439,43.9367,70.7381,40.8612,50.9259,33.1126,62.2517,72.8477,51.6556,46.6667,23.2221,47.8955,62.4093,53.701,EPI_ISL_13431313,Avian,H5N1,2022.255,NorthAmerica,A/turkey/Minnesota/22-010126-001-original/2022,G3
0,-1,42.0929,18.2353,38.8235,65.2941,40.5882,44.2075,19.2034,44.0967,82.5036,42.6743,48.0589,26.7917,47.5553,75.0167,41.5271,44.3203,25.1514,47.0424,58.6865,46.5766,43.1088,19.8238,36.5639,60.793,40.9692,45.4545,25.0439,43.9367,70.7381,40.8612,50.9259,33.1126,62.2517,72.8477,51.6556,46.6667,23.2221,47.8955,62.4093,53.701,EPI_ISL_13431314,Avian,H5N1,2022.255,NorthAmerica,A/turkey/Minnesota/22-010126-002-original/2022,G3
0,-1,42.2105,18.2353,38.8235,65.2941,42.3529,44.2075,19.2034,44.0967,82.5036,42.6743,48.3266,26.1219,48.2251,77.6959,40.1875,44.46,25.6171,47.0424,59.1523,47.5082,43.1528,19.8238,37.0044,60.793,40.9692,45.8059,23.7258,41.7399,71.6169,43.058,50.7937,33.1126,62.2517,72.8477,51.6556,46.5217,23.2221,47.8955,62.4093,53.701,EPI_ISL_13431688,Avian,H5N1,2022.255,NorthAmerica,A/turkey/Minnesota/22-010127-001-original/2022,G4
0,-1,42.2105,18.2353,38.8235,65.2941,42.3529,44.2075,19.2034,44.0967,82.5036,42.6743,48.3266,26.1219,48.2251,77.6959,40.1875,44.46,25.6171,47.0424,59.1523,47.5082,43.1528,19.8238,37.0044,60.793,40.9692,45.8059,23.7258,41.7399,71.6169,43.058,50.7937,33.1126,62.2517,72.8477,51.6556,46.5217,23.2221,47.8955,62.4093,53.701,EPI_ISL_13431689,Avian,H5N1,2022.255,NorthAmerica,A/turkey/Minnesota/22-010127-002-original/2022,G4
0,-1,42.1517,18.2353,38.8235,65.2941,41.1765,44.2075,19.2034,44.0967,82.5036,42.6743,48.2597,26.1219,48.2251,76.3563,40.1875,44.4134,25.6171,47.0424,58.6865,47.0424,43.1088,20.2643,36.5639,60.3524,40.9692,45.762,23.7258,41.7399,70.7381,43.4974,50.7937,34.4371,60.9272,72.8477,51.6556,46.3768,21.7707,47.8955,62.4093,53.701,EPI_ISL_13431690,Avian,H5N1,2022.255,NorthAmerica,A/turkey/Iowa/22-010132-001-original/2022,G4
0,-1,42.1517,18.2353,38.8235,65.2941,41.1765,44.2786,19.2034,44.0967,82.5036,43.3855,48.2597,26.1219,48.2251,76.3563,40.1875,44.4134,25.6171,47.0424,58.6865,47.0424,43.1088,20.2643,36.5639,60.3524,40.9692,45.762,23.7258,41.7399,70.7381,43.4974,50.7937,34.4371,60.9272,72.8477,51.6556,46.3768,21.7707,47.8955,62.4093,53.701,EPI_ISL_13431691,Avian,H5N1,2022.255,NorthAmerica,A/turkey/Iowa/22-010132-002-original/2022,G4
0,-1,42.1517,18.2353,38.2353,65.2941,41.1765,44.2786,19.2034,44.0967,82.5036,42.6743,48.3266,26.1219,48.2251,76.3563,39.5177,44.4134,25.6171,47.0424,58.6865,47.5082,43.2849,20.2643,37.0044,61.2335,40.9692,45.7181,23.2865,41.7399,70.7381,43.058,50.6614,33.1126,62.2517,72.8477,51.6556,46.5217,23.2221,47.8955,62.4093,53.701,EPI_ISL_13431692,Avian,H5N1,2022.255,NorthAmerica,A/turkey/South_Dakota/22-010135-001-original/2022,G4
0,-1,42.1517,18.2353,38.2353,65.2941,41.1765,44.2786,19.2034,44.0967,82.5036,42.6743,48.3266,26.1219,48.2251,76.3563,39.5177,44.4134,25.6171,47.0424,58.6865,47.5082,43.2849,20.2643,37.0044,61.2335,40.9692,45.7181,23.2865,41.7399,70.7381,43.058,50.6614,33.1126,62.2517,72.8477,51.6556,46.5217,23.2221,47.8955,62.4093,53.701,EPI_ISL_13431693,Avian,H5N1,2022.255,NorthAmerica,A/turkey/South_Dakota/22-010135-002-original/2022,G4
0,-1,42.0929,18.2353,38.2353,65.2941,41.1765,44.2786,19.9147,44.0967,83.2148,42.6743,48.2597,26.1219,48.2251,76.3563,40.1875,44.46,25.6171,47.0424,58.6865,47.5082,43.1088,19.8238,37.0044,60.793,40.9692,45.5863,23.2865,42.1793,71.1775,42.6186,50.7937,33.1126,62.2517,72.8477,51.6556,46.6667,23.2221,47.8955,62.4093,53.701,EPI_ISL_13431694,Avian,H5N1,2022.255,NorthAmerica,A/turkey/South_Dakota/22-010137-001-original/2022,G4
0,-1,42.1517,18.2353,38.2353,65.2941,41.7647,44.2786,19.9147,44.0967,83.2148,42.6743,48.2597,26.1219,48.2251,76.3563,40.1875,44.46,25.6171,47.0424,58.6865,47.5082,43.1088,19.8238,37.0044,60.793,40.9692,45.5863,23.2865,42.1793,71.1775,42.6186,50.7937,33.1126,62.2517,72.8477,51.6556,46.6667,23.2221,47.8955,62.4093,53.701,EPI_ISL_13431695,Avian,H5N1,2022.255,NorthAmerica,A/turkey/South_Dakota/22-010137-002-original/2022,G4
0,-1,42.1517,18.2353,38.8235,65.8824,41.1765,44.1365,19.2034,43.3855,82.5036,42.6743,48.1258,24.7823,47.5553,75.6865,40.1875,44.4134,25.6171,47.0424,58.6865,47.0424,43.1528,20.2643,36.5639,60.793,40.9692,45.6302,22.8471,41.7399,70.7381,43.058,50.7937,33.1126,62.2517,72.8477,51.6556,46.5217,23.2221,47.8955,62.4093,53.701,EPI_ISL_13431696,Avian,H5N1,2022.255,NorthAmerica,A/turkey/South_Dakota/22-010138-001-original/2022,G4
0,-1,42.1517,18.2353,38.8235,65.8824,41.1765,44.1365,19.2034,43.3855,82.5036,42.6743,48.1258,24.7823,47.5553,75.6865,40.1875,44.4134,25.6171,47.0424,58.6865,47.0424,43.1528,20.2643,36.5639,60.793,40.9692,45.6741,22.8471,41.7399,70.7381,43.058,50.7937,33.1126,62.2517,72.8477,51.6556,46.5217,23.2221,47.8955,62.4093,53.701,EPI_ISL_13431697,Avian,H5N1,2022.255,NorthAmerica,A/turkey/South_Dakota/22-010138-002-original/2022,G4
0,-1,42.0929,17.6471,38.8235,64.7059,41.1765,43.9943,17.0697,44.0967,82.5036,41.963,48.1928,26.1219,48.2251,77.0261,40.8573,44.3203,25.1514,47.0424,58.6865,46.5766,43.1968,20.2643,36.5639,60.793,40.9692,45.8498,24.1652,41.3005,70.2988,43.058,50.7937,33.1126,62.2517,71.5232,52.9801,46.6667,23.2221,47.8955,62.4093,53.701,EPI_ISL_13432603,Avian,H5N1,2022.255,NorthAmerica,A/turkey/South_Dakota/22-010139-001-original/2022,
0,-1,42.0929,17.6471,38.8235,64.7059,41.1765,43.9943,17.0697,44.0967,82.5036,41.963,48.1928,26.1219,48.2251,77.0261,40.8573,44.3203,25.1514,47.0424,58.6865,46.5766,43.2849,20.2643,37.0044,60.793,41.4097,45.8937,24.1652,41.3005,70.7381,43.058,50.7937,33.1126,62.2517,71.5232,52.9801,46.6667,23.2221,47.8955,62.4093,53.701,EPI_ISL_13432604,Avian,H5N1,2022.255,NorthAmerica,A/turkey/South_Dakota/22-010139-002-original/2022,
0,-1,42.0929,18.2353,38.2353,65.2941,41.1765,44.0654,19.2034,44.0967,81.0811,41.2518,48.1258,26.7917,47.5553,75.6865,41.5271,44.3203,25.1514,47.5082,58.6865,46.1109,43.0207,20.7048,36.5639,60.3524,40.5286,45.4106,25.0439,43.9367,70.7381,40.8612,50.9259,33.1126,62.2517,72.8477,51.6556,46.6667,23.2221,47.8955,62.4093,53.701,EPI_ISL_13432605,Avian,H5N1,2022.255,NorthAmerica,A/chicken/North_Dakota/22-010141-001-original/2022,G3
0,-1,42.0341,17.6471,38.8235,65.2941,41.7647,44.2075,19.2034,44.0967,82.5036,42.6743,48.3266,26.1219,48.2251,76.3563,40.8573,44.46,25.6171,47.0424,58.6865,47.5082,43.1528,20.2643,37.0044,60.3524,40.9692,45.7181,23.2865,41.7399,71.1775,43.058,50.7937,33.1126,62.2517,72.8477,51.6556,46.5217,23.2221,47.8955,62.4093,53.701,EPI_ISL_13432606,Avian,H5N1,2022.255,NorthAmerica,A/turkey/Missouri/22-010142-001-original/2022,G4
0,-1,42.1517,18.2353,39.4118,65.2941,41.7647,44.2786,19.2034,44.0967,83.2148,42.6743,47.5234,26.7917,45.5459,75.6865,36.1688,44.1806,24.6856,46.5766,59.1523,46.1109,43.1528,20.7048,37.0044,61.2335,40.9692,44.9715,21.529,43.9367,66.3445,43.058,50.7937,33.1126,62.2517,72.8477,51.6556,46.6667,23.2221,46.4441,62.4093,55.1524,EPI_ISL_13432611,Avian,H5N1,2022.255,NorthAmerica,A/turkey/North_Carolina/22-010146-001-original/2022,G8
0,-1,42.1517,18.2353,39.4118,65.2941,41.7647,44.2786,19.2034,44.0967,83.2148,42.6743,47.5234,26.7917,45.5459,75.6865,36.1688,44.1806,24.6856,46.5766,59.1523,46.1109,43.1968,20.7048,37.0044,61.2335,41.4097,44.9715,21.529,43.9367,66.3445,43.058,50.7937,33.1126,62.2517,72.8477,51.6556,46.6667,23.2221,46.4441,62.4093,55.1524,EPI_ISL_13432612,Avian,H5N1,2022.255,NorthAmerica,A/turkey/North_Carolina/22-010146-002-original/2022,G8
0,-1,42.4456,20,38.2353,65.2941,41.1765,44.3497,18.4922,44.0967,83.2148,41.2518,47.7912,27.4615,46.8855,75.6865,36.8386,44.3669,25.1514,45.6451,57.2892,47.5082,43.2849,19.8238,37.4449,60.793,42.2907,45.0154,21.529,43.9367,66.3445,43.058,50.7937,33.1126,62.2517,72.8477,51.6556,46.6667,23.2221,47.8955,60.9579,53.701,EPI_ISL_13432788,Avian,H5N1,2022.255,NorthAmerica,A/guinea_fowl/Maine/22-010181-001-original/2022,G7
0,-1,42.4456,20,38.2353,65.2941,41.1765,44.2786,18.4922,44.0967,83.2148,41.2518,47.7912,27.4615,46.8855,75.6865,36.8386,44.4134,25.1514,45.6451,58.2208,47.5082,43.3289,20.2643,37.4449,60.793,42.2907,45.0154,21.529,43.9367,66.3445,43.058,50.7937,33.1126,62.2517,72.8477,51.6556,46.6667,23.2221,47.8955,60.9579,53.701,EPI_ISL_13432800,Avian,H5N1,2022.255,NorthAmerica,A/goose/Maine/22-010181-002-original/2022,G7
0,-1,42.1517,17.6471,38.8235,65.2941,42.3529,44.2786,19.9147,44.0967,82.5036,42.6743,47.7242,26.1219,46.8855,75.0167,37.5084,44.3669,24.6856,47.0424,59.6181,46.5766,42.5363,17.6211,40.9692,57.7093,38.326,45.6741,25.0439,42.6186,67.6626,42.6186,50.9259,33.1126,62.2517,74.1722,51.6556,46.5217,23.2221,47.8955,62.4093,53.701,EPI_ISL_13432814,Avian,H5N1,2022.255,NorthAmerica,A/chicken/New_York/22-010200-002-original/2022,G5
0,-1,42.1517,17.6471,38.8235,65.2941,42.3529,44.2786,19.9147,44.0967,82.5036,42.6743,47.7242,26.1219,46.8855,75.0167,37.5084,44.3669,24.6856,47.0424,59.6181,46.5766,42.5363,17.6211,40.9692,57.7093,38.326,45.6741,25.0439,42.6186,67.6626,42.6186,50.9259,33.1126,62.2517,74.1722,51.6556,46.3768,23.2221,46.4441,62.4093,53.701,EPI_ISL_13432826,Avian,H5N1,2022.255,NorthAmerica,A/guinea_fowl/New_York/22-010200-003-original/2022,G5
0,-1,42.2693,18.8235,38.8235,66.4706,41.1765,44.1365,19.2034,43.3855,83.2148,42.6743,47.4565,26.7917,45.5459,75.6865,36.1688,44.3669,25.6171,47.0424,58.6865,46.5766,43.1968,20.7048,37.4449,60.3524,41.4097,44.9715,21.9684,43.9367,67.2232,42.1793,50.7937,33.1126,62.2517,72.8477,51.6556,46.5217,23.2221,47.8955,62.4093,53.701,EPI_ISL_13432838,Avian,H5N1,2022.255,NorthAmerica,A/turkey/Missouri/22-010296-001-original/2022,G8
0,-1,42.1517,18.2353,39.4118,65.2941,41.7647,44.2786,19.2034,44.0967,83.2148,42.6743,47.5234,26.7917,45.5459,75.6865,36.1688,44.1806,24.6856,46.5766,59.1523,46.1109,43.1968,20.7048,37.0044,61.2335,41.4097,45.0154,21.529,44.3761,66.3445,43.058,50.7937,33.1126,62.2517,72.8477,51.6556,46.6667,23.2221,46.4441,62.4093,55.1524,EPI_ISL_13432849,Avian,H5N1,2022.255,NorthAmerica,A/chicken/North_Carolina/22-010298-001-original/2022,G8
0,-1,42.1517,18.2353,39.4118,65.2941,41.7647,44.2786,19.2034,44.0967,83.2148,42.6743,47.5904,26.7917,45.5459,76.3563,36.1688,44.1806,24.6856,46.5766,59.1523,46.1109,43.1968,20.7048,37.0044,61.2335,41.4097,45.0154,21.529,44.3761,66.3445,43.058,50.7937,33.1126,62.2517,72.8477,51.6556,46.6667,23.2221,46.4441,62.4093,55.1524,EPI_ISL_13432861,Avian,H5N1,2022.255,NorthAmerica,A/chicken/North_Carolina/22-010298-002-original/2022,G8
0,-1,42.1517,18.2353,39.4118,65.2941,41.7647,44.2075,19.2034,44.0967,83.2148,41.2518,47.5234,26.7917,45.5459,75.6865,36.1688,44.1806,24.6856,46.5766,59.1523,46.1109,43.1528,20.7048,37.0044,61.2335,40.9692,44.9715,21.529,43.9367,66.3445,43.058,50.9259,33.1126,62.2517,72.8477,52.9801,46.6667,23.2221,46.4441,62.4093,55.1524,EPI_ISL_13433340,Avian,H5N1,2022.255,NorthAmerica,A/chicken/North_Carolina/22-010299-002-original/2022,G8
0,-1,42.1517,18.2353,38.8235,65.8824,41.1765,44.4208,19.9147,44.0967,83.2148,42.6743,48.0589,26.7917,47.5553,75.6865,40.8573,44.2737,25.6171,46.5766,58.2208,46.5766,43.3289,18.0617,42.2907,59.9119,39.6476,45.235,24.6046,43.4974,70.2988,41.3005,50.9259,33.1126,62.2517,72.8477,51.6556,48.4058,30.479,50.7983,63.8607,44.9927,EPI_ISL_13433352,Avian,H5N1,2022.255,NorthAmerica,A/turkey/Minnesota/22-010312-001-original/2022,G3
0,-1,42.1517,18.2353,38.8235,65.8824,41.1765,44.4208,19.9147,44.0967,83.2148,42.6743,48.0589,26.7917,47.5553,75.6865,40.8573,44.2737,25.6171,46.5766,58.2208,46.5766,43.3289,18.0617,42.2907,59.9119,39.6476,45.235,24.6046,43.4974,70.2988,41.3005,50.9259,33.1126,62.2517,72.8477,51.6556,48.4058,30.479,50.7983,63.8607,44.9927,EPI_ISL_13433365,Avian,H5N1,2022.255,NorthAmerica,A/turkey/Minnesota/22-010312-004-original/2022,G3
0,-1,42.2105,17.6471,38.8235,67.0588,41.1765,44.1365,19.2034,43.3855,82.5036,42.6743,47.7912,26.1219,46.2157,75.6865,37.5084,43.4823,21.4252,45.6451,56.8235,42.8505,42.4483,17.6211,40.9692,57.2687,38.326,45.7181,25.4833,42.6186,67.6626,42.1793,50.9259,33.1126,62.2517,72.8477,51.6556,46.8116,24.6734,47.8955,62.4093,55.1524,EPI_ISL_13433376,Avian,H5N1,2022.255,NorthAmerica,A/chicken/New_York/22-010321-001-original/2022,G5
0,-1,42.2105,17.6471,38.8235,67.0588,41.1765,44.0654,19.2034,43.3855,82.5036,42.6743,47.7912,26.1219,46.2157,75.6865,37.5084,43.4823,21.4252,45.6451,56.8235,42.8505,42.4483,17.6211,40.9692,57.2687,38.326,45.7181,25.4833,42.6186,67.6626,42.1793,50.9259,33.1126,62.2517,72.8477,51.6556,46.8116,24.6734,49.3469,62.4093,53.701,EPI_ISL_13433388,Avian,H5N1,2022.255,NorthAmerica,A/chicken/New_York/22-010321-002-original/2022,G5
0,-1,42.2105,17.6471,38.8235,67.0588,41.1765,44.0654,19.2034,43.3855,82.5036,42.6743,47.7242,26.1219,46.2157,75.6865,37.5084,43.4358,21.4252,45.6451,56.8235,42.8505,42.4483,17.6211,40.9692,57.2687,38.326,45.7181,25.4833,42.6186,67.6626,42.1793,50.9259,33.1126,62.2517,72.8477,51.6556,46.6667,24.6734,47.8955,62.4093,53.701,EPI_ISL_13433400,Avian,H5N1,2022.255,NorthAmerica,A/domestic_duck/New_York/22-010321-003-original/2022,G5
0,-1,42.2105,17.6471,38.8235,66.4706,42.3529,44.2075,19.2034,44.0967,81.7923,41.963,47.7912,26.1219,46.8855,75.0167,37.5084,44.3669,25.1514,46.5766,59.1523,47.0424,42.4042,17.6211,40.9692,57.2687,38.7665,45.5863,25.0439,42.6186,67.6626,42.1793,50.9259,33.1126,62.2517,74.1722,51.6556,46.5217,23.2221,47.8955,62.4093,53.701,EPI_ISL_13433412,Avian,H5N1,2022.258,NorthAmerica,A/chicken/Wisconsin/22-010325-001-original/2022,G5
0,-1,42.2693,17.6471,38.8235,66.4706,42.3529,44.2786,19.2034,44.0967,82.5036,41.963,47.7912,26.1219,46.8855,75.0167,37.5084,44.3203,25.1514,46.5766,59.1523,46.5766,42.4042,17.6211,40.9692,57.2687,38.7665,45.5863,25.0439,42.6186,67.6626,42.1793,50.9259,33.1126,62.2517,74.1722,51.6556,46.5217,23.2221,47.8955,62.4093,53.701,EPI_ISL_13433423,Avian,H5N1,2022.258,NorthAmerica,A/turkey/Wisconsin/22-010325-003-original/2022,G5
0,-1,42.2693,18.2353,39.4118,65.2941,42.3529,44.2075,19.2034,44.0967,82.5036,42.6743,48.2597,26.1219,48.2251,76.3563,40.1875,44.46,25.6171,47.0424,58.6865,47.5082,43.1088,20.2643,36.5639,61.2335,40.9692,45.6741,23.2865,41.7399,70.7381,43.058,50.9259,33.1126,62.2517,72.8477,52.9801,46.3768,23.2221,46.4441,62.4093,53.701,EPI_ISL_13433435,Avian,H5N1,2022.255,NorthAmerica,A/turkey/South_Dakota/22-010346-001-original/2022,G4
0,-1,42.2693,18.2353,39.4118,65.2941,42.3529,44.2075,19.2034,44.0967,82.5036,42.6743,48.2597,26.1219,48.2251,76.3563,40.1875,44.46,25.6171,47.0424,58.6865,47.5082,43.1088,20.2643,36.5639,61.2335,40.9692,45.6741,23.2865,41.7399,70.7381,43.058,50.9259,33.1126,62.2517,72.8477,52.9801,46.3768,23.2221,46.4441,62.4093,53.701,EPI_ISL_13433447,Avian,H5N1,2022.255,NorthAmerica,A/turkey/South_Dakota/22-010346-002-original/2022,G4
0,-1,42.1517,18.2353,38.8235,65.2941,41.7647,43.9943,19.2034,42.6743,82.5036,41.963,47.6573,25.4521,46.2157,73.6772,38.1782,44.3669,25.6171,47.0424,58.6865,46.5766,43.1088,20.2643,37.0044,60.3524,40.5286,45.4985,23.7258,44.8155,68.9807,39.5431,50.6614,33.1126,62.2517,72.8477,51.6556,46.5217,23.2221,47.8955,62.4093,53.701,EPI_ISL_13434407,Avian,H5N1,2022.258,NorthAmerica,A/chicken/Montana/22-010445-001-original/2022,G6
0,-1,42.1517,18.2353,38.8235,65.2941,41.7647,43.9943,19.2034,42.6743,82.5036,41.963,47.6573,25.4521,46.2157,73.6772,38.1782,44.3669,25.6171,47.0424,58.6865,46.5766,43.1088,20.2643,37.0044,60.3524,40.5286,45.5424,23.7258,45.2548,68.9807,39.5431,50.6614,33.1126,62.2517,72.8477,51.6556,46.5217,23.2221,47.8955,62.4093,53.701,EPI_ISL_13434418,Avian,H5N1,2022.258,NorthAmerica,A/chicken/Montana/22-010445-003-original/2022,G6
0,-1,42.1517,18.2353,39.4118,65.2941,41.7647,44.2786,19.2034,44.0967,83.2148,42.6743,47.4565,26.1219,45.5459,75.6865,36.1688,44.2272,24.6856,46.5766,59.6181,46.1109,43.2409,20.2643,37.0044,61.2335,41.4097,45.0154,21.529,44.3761,66.3445,43.058,50.7937,33.1126,62.2517,72.8477,51.6556,46.6667,23.2221,46.4441,62.4093,55.1524,EPI_ISL_13434430,Avian,H5N1,2022.26,NorthAmerica,A/turkey/North_Carolina/22-010448-001-original/2022,G8
0,-1,42.1517,18.2353,39.4118,65.2941,41.7647,44.2786,19.2034,44.0967,83.2148,42.6743,47.4565,26.1219,45.5459,75.6865,36.1688,44.2272,24.6856,46.5766,59.6181,46.1109,43.2849,20.7048,37.0044,61.2335,41.4097,45.0154,21.529,44.3761,66.3445,43.058,50.7937,33.1126,62.2517,72.8477,51.6556,46.6667,23.2221,46.4441,62.4093,55.1524,EPI_ISL_13434442,Avian,H5N1,2022.26,NorthAmerica,A/turkey/North_Carolina/22-010448-003-original/2022,G8
0,-1,42.0929,18.2353,38.8235,65.2941,41.7647,44.0654,19.2034,42.6743,82.5036,42.6743,47.7242,25.4521,46.8855,73.6772,38.848,44.3669,25.6171,47.0424,58.6865,46.5766,43.1528,20.2643,37.4449,60.3524,40.5286,45.5424,23.7258,44.8155,68.9807,40.4218,50.7937,33.1126,62.2517,72.8477,51.6556,46.5217,23.2221,47.8955,62.4093,53.701,EPI_ISL_13434454,Avian,H5N1,2022.26,NorthAmerica,A/Cascade_duck/Montana/22-010454-001-original/2022,G6
0,-1,42.0929,18.2353,38.8235,65.2941,41.7647,44.0654,19.2034,42.6743,82.5036,42.6743,47.7242,25.4521,46.8855,73.6772,38.848,44.3669,25.6171,47.0424,58.6865,46.5766,43.1088,20.2643,37.0044,60.3524,40.5286,45.5424,23.7258,44.8155,68.9807,40.4218,50.7937,33.1126,62.2517,72.8477,51.6556,46.5217,23.2221,47.8955,62.4093,53.701,EPI_ISL_13434466,Avian,H5N1,2022.26,NorthAmerica,A/Cascade_duck/Montana/22-010454-003-original/2022,G6
0,-1,42.0341,17.6471,38.8235,64.1176,41.1765,44.2075,19.2034,44.0967,82.5036,42.6743,48.1258,26.1219,48.2251,76.3563,40.1875,44.4134,25.6171,47.0424,58.6865,47.0424,43.2849,21.1454,37.0044,61.674,41.4097,45.6741,23.2865,41.7399,71.1775,43.058,50.6614,33.1126,62.2517,70.1987,51.6556,46.5217,23.2221,47.8955,62.4093,53.701,EPI_ISL_13434477,Avian,H5N1,2022.258,NorthAmerica,A/turkey/Minnesota/22-010463-002-original/2022,G4
0,-1,42.0929,17.6471,38.8235,65.2941,41.1765,44.2786,19.2034,44.0967,83.2148,42.6743,48.2597,26.1219,48.2251,76.3563,40.1875,44.4134,25.6171,46.5766,58.6865,47.5082,43.2409,20.2643,37.0044,61.2335,40.9692,45.8498,23.2865,42.6186,71.6169,43.058,50.7937,33.1126,62.2517,72.8477,51.6556,46.5217,23.2221,47.8955,62.4093,53.701,EPI_ISL_13434489,Avian,H5N1,2022.258,NorthAmerica,A/turkey/Minnesota/22-010464-001-original/2022,G4
0,-1,42.0929,17.6471,38.8235,65.2941,41.1765,44.2786,19.2034,44.0967,83.2148,42.6743,48.2597,26.1219,48.2251,76.3563,40.1875,44.4134,25.6171,46.5766,58.6865,47.5082,43.2409,20.2643,37.0044,61.2335,40.9692,45.8498,23.2865,42.6186,71.6169,43.058,50.7937,33.1126,62.2517,72.8477,51.6556,46.5217,23.2221,47.8955,62.4093,53.701,EPI_ISL_13434551,Avian,H5N1,2022.258,NorthAmerica,A/turkey/Minnesota/22-010464-002-original/2022,G4
0,-1,42.0341,18.2353,38.8235,64.7059,41.7647,44.7761,20.6259,44.0967,83.926,43.3855,47.925,29.4709,47.5553,76.3563,35.499,44.5996,26.5487,47.9739,57.2892,48.9054,43.3289,19.8238,37.8855,59.4714,43.6123,45.2789,23.2865,44.3761,68.5413,44.3761,51.1905,34.4371,64.9007,75.4967,52.9801,46.5217,24.6734,47.8955,63.8607,53.701,EPI_ISL_13453559,Avian,H5N1,2022.375,Europe,A/domestic_duck/England/073865/2022,G10
0,-1,41.9165,18.2353,38.8235,62.3529,42.3529,44.634,19.2034,44.0967,82.5036,44.0967,48.2597,28.8011,47.5553,77.0261,38.1782,44.3669,25.1514,47.0424,56.8235,48.4397,43.5051,19.3833,38.7665,59.9119,43.6123,45.3667,23.2865,44.8155,68.5413,44.3761,51.1905,34.4371,64.9007,75.4967,52.9801,46.8116,24.6734,47.8955,65.312,55.1524,EPI_ISL_13453560,Avian,H5N1,2022.405,Europe,A/chicken/Scotland/078873/2022,G10
0,-1,41.6814,18.2353,37.6471,65.2941,41.7647,44.4918,18.4922,44.808,83.926,42.6743,47.7912,27.4615,46.2157,77.0261,36.1688,44.3669,24.6856,44.2478,61.0154,47.5082,43.3289,20.2643,38.7665,61.2335,42.7313,44.8397,21.0896,43.4974,66.3445,39.9824,50.9259,35.7616,66.2252,72.8477,52.9801,46.6667,23.2221,49.3469,68.2148,53.701,EPI_ISL_13453567,Avian,H5N1,2022.411,Europe,A/turkey/England/081395/2022,G2
0,-1,41.7989,18.8235,38.2353,64.1176,41.1765,44.3497,17.7809,44.808,83.2148,41.963,47.7242,27.4615,46.2157,77.0261,36.1688,44.3669,24.6856,44.7136,61.0154,47.5082,43.3289,20.2643,38.7665,61.2335,42.7313,44.7958,21.0896,43.4974,65.9051,39.5431,50.9259,35.7616,64.9007,72.8477,52.9801,46.5217,23.2221,49.3469,66.7634,53.701,EPI_ISL_13453568,Avian,H5N1,2022.425,Europe,A/turkey/England/081490/2022,G2
0,-1,42.0929,18.8235,39.4118,65.8824,41.7647,44.4208,20.6259,42.6743,81.7923,42.6743,47.925,28.8011,47.5553,76.3563,35.499,44.46,26.5487,47.9739,57.2892,48.4397,43.3289,19.8238,38.326,59.9119,43.6123,45.2789,23.2865,44.3761,68.5413,44.3761,51.3228,34.4371,64.9007,75.4967,54.3046,46.8116,24.6734,47.8955,68.2148,53.701,EPI_ISL_13453569,Avian,H5N1,2022.315,Europe,A/tawny_owl/England/113433/2022,G10
0,-1,41.9753,18.2353,38.8235,63.5294,42.3529,44.705,19.2034,44.808,82.5036,44.808,48.2597,28.8011,47.5553,77.0261,38.1782,44.3669,25.1514,47.0424,56.8235,48.4397,43.461,19.3833,38.7665,59.9119,43.6123,45.3228,23.2865,44.8155,68.5413,44.3761,51.1905,34.4371,64.9007,75.4967,52.9801,46.8116,24.6734,47.8955,65.312,55.1524,EPI_ISL_13453570,Avian,H5N1,2022.323,Europe,A/great_skua/Scotland/5/2022,G10
0,-1,41.9165,18.2353,38.2353,63.5294,42.3529,44.634,19.2034,44.0967,82.5036,44.0967,48.3266,28.8011,48.2251,77.0261,38.1782,44.2737,24.6856,47.0424,56.3577,48.4397,43.461,19.3833,38.326,59.9119,43.6123,45.3667,23.2865,44.8155,68.5413,44.3761,51.1905,34.4371,64.9007,75.4967,52.9801,46.8116,24.6734,47.8955,65.312,55.1524,EPI_ISL_13453571,Avian,H5N1,2022.353,Europe,A/gannet/Scotland/3/2022,G10
0,-1,41.5638,17.0588,37.0588,65.8824,41.7647,44.705,20.6259,45.5192,81.0811,43.3855,47.5234,26.1219,46.2157,74.347,36.8386,44.3669,25.6171,45.1793,61.0154,46.1109,43.373,19.8238,38.7665,60.3524,42.7313,44.4005,19.3322,42.1793,63.7083,39.5431,50.7937,34.4371,66.2252,72.8477,54.3046,46.5217,26.1248,47.8955,60.9579,53.701,EPI_ISL_13514370,Avian,H5N1,2022.422,Europe,A/Thalasseus_sandvicensis/Belgium/7473_0009/2022,G2
0,-1,41.7989,18.2353,37.0588,64.7059,42.3529,44.7804,20.1729,46.1095,82.1326,42.5072,47.5234,26.7917,45.5459,75.0167,35.499,44.0875,24.2198,43.782,59.6181,45.6451,43.7693,20.7048,39.6476,62.1145,43.6123,44.4005,19.3322,41.7399,64.1476,40.4218,50.6614,33.1126,64.9007,71.5232,52.9801,46.9565,24.6734,47.8955,65.312,55.1524,EPI_ISL_13514375,Avian,H5N1,2022.466,Europe,A/Gallus_gallus/Belgium/8092_0002/2022,G2
0,1,41.6814,18.8235,38.2353,65.2941,41.7647,44.634,20.6259,44.808,82.5036,42.6743,47.6892,22.8035,47.619,81.1536,46.9484,43.2961,20.4937,44.2478,58.2208,47.5082,43.1968,19.8238,38.7665,60.3524,41.4097,44.2688,20.2109,42.1793,62.8295,39.5431,50.3968,34.4371,64.9007,71.5232,51.6556,46.087,24.6734,56.6038,63.8607,39.1872,EPI_ISL_13519451,Avian,H5N1,2022.356,Europe,A/gull/France/22P015977/2022,G1
0,-1,41.9753,18.2353,38.8235,64.7059,41.1765,44.239,19.943,44.1595,82.6211,41.3105,47.5904,26.7917,45.5459,75.6865,35.499,44.5065,25.6171,45.6451,61.0154,46.5766,43.2849,20.7048,38.7665,60.793,42.2907,44.9231,21.1268,44.0141,66.0211,39.6127,50.3968,34.4371,62.2517,72.8477,51.6556,47.1014,23.2221,50.7983,66.7634,56.6038,EPI_ISL_13613219,Avian,H5N1,2022.427,Europe,A/Greylag_Goose/Netherlands/4/2022,G2
0,-1,41.9165,18.2353,38.8235,64.7059,41.1765,44.239,19.943,44.1595,82.6211,41.3105,47.5904,26.7917,45.5459,75.6865,35.499,44.5065,25.6171,45.6451,61.0154,46.5766,43.2849,20.7048,38.7665,60.793,42.2907,45.011,21.5669,44.0141,66.4613,39.6127,50.5291,34.4371,63.5762,72.8477,51.6556,46.9565,23.2221,49.3469,66.7634,56.6038,EPI_ISL_13613220,Avian,H5N1,2022.427,Europe,A/Greylag_Goose/Netherlands/5/2022,G2
0,-1,41.9165,18.2353,38.8235,64.7059,41.1765,44.239,19.943,44.1595,82.6211,41.3105,47.5904,26.7917,45.5459,75.6865,35.499,44.5065,25.6171,45.6451,61.0154,46.5766,43.2849,20.7048,38.7665,60.793,42.2907,44.9231,21.1268,44.0141,66.0211,39.6127,50.3968,34.4371,62.2517,72.8477,51.6556,47.1014,23.2221,50.7983,66.7634,56.6038,EPI_ISL_13613221,Avian,H5N1,2022.427,Europe,A/Greylag_Goose/Netherlands/6/2022,G2
0,-1,41.9165,18.2353,38.8235,64.7059,41.1765,44.239,19.943,44.1595,82.6211,41.3105,47.6573,27.4615,45.5459,75.6865,35.499,44.5065,25.6171,45.6451,61.0154,46.5766,43.2849,20.7048,38.7665,60.793,42.2907,45.0351,21.5479,43.9754,66.8426,39.5778,50.5291,34.4371,63.5762,72.8477,51.6556,46.9565,23.2221,49.3469,66.7634,56.6038,EPI_ISL_13613222,Avian,H5N1,2022.427,Europe,A/Greylag_Goose/Netherlands/7/2022,G2
0,-1,41.9165,18.2353,38.8235,64.7059,41.1765,44.239,19.943,44.1595,82.6211,41.3105,47.5234,26.7917,45.5459,75.6865,35.499,44.46,25.6171,45.6451,61.0154,46.5766,43.2849,20.7048,38.7665,60.793,42.2907,44.9231,21.1268,44.0141,66.0211,39.6127,50.5291,34.4371,63.5762,72.8477,51.6556,46.9565,23.2221,49.3469,66.7634,56.6038,EPI_ISL_13613223,Avian,H5N1,2022.427,Europe,A/Greylag_Goose/Netherlands/8/2022,G2
0,-1,41.8577,18.2353,38.2353,65.8824,41.7647,44.808,22.0798,44.8718,82.6211,43.4473,47.7242,27.4615,47.5553,75.6865,34.8292,44.4134,24.6856,44.7136,60.5496,47.0424,43.1088,20.2643,38.7665,60.793,41.8502,44.4835,21.1268,42.2535,64.2606,39.6127,50.7937,34.4371,64.9007,74.1722,52.9801,46.8116,23.2221,49.3469,66.7634,53.701,EPI_ISL_13613224,Avian,H5N1,2022.438,Europe,A/Common_Tern/Netherlands/2/2022,G2
0,-1,41.7989,18.2353,38.2353,65.8824,41.7647,44.9502,22.0798,44.8718,82.6211,43.4473,47.6573,27.4615,46.8855,75.6865,34.8292,44.4134,24.6856,45.1793,60.0838,47.0424,43.0647,20.2643,38.7665,60.3524,41.8502,44.6154,21.1268,42.2535,64.2606,39.6127,50.7937,34.4371,64.9007,74.1722,52.9801,46.8116,23.2221,49.3469,66.7634,53.701,EPI_ISL_13613225,Avian,H5N1,2022.438,Europe,A/Black-headed_gull/Netherlands/7/2022,G2
0,-1,41.6226,18.2353,38.8235,64.1176,41.1765,44.9502,22.792,46.2963,82.6211,42.735,47.6573,26.7917,46.2157,75.6865,35.499,44.1806,23.2883,44.2478,61.0154,47.0424,43.0396,19.4004,38.8007,59.0829,42.328,44.4151,19.8151,42.2721,63.8485,39.6301,50.9259,35.7616,66.2252,72.8477,52.9801,46.6667,26.1248,46.4441,62.4093,53.701,EPI_ISL_13613226,Avian,H5N1,2022.438,Europe,A/Black-headed_gull/Netherlands/8/2022,G2
0,-1,41.5638,17.6471,37.0588,65.2941,41.7647,44.9183,21.3371,46.2304,81.7923,44.0967,47.6573,26.1219,46.2157,75.6865,36.8386,44.3203,25.1514,44.7136,61.0154,46.5766,43.348,19.4004,38.8007,59.9647,43.6508,44.3077,19.8063,42.2535,63.3803,39.6127,50.6614,34.4371,64.9007,72.8477,52.9801,46.5217,26.1248,47.8955,60.9579,53.701,EPI_ISL_13613227,Avian,H5N1,2022.438,Europe,A/Black-headed_gull/Netherlands/9/2022,G2
0,-1,41.7989,18.2353,38.2353,65.8824,41.7647,44.808,22.0798,44.8718,82.6211,43.4473,47.5904,27.4615,46.8855,75.0167,34.8292,44.3203,24.6856,44.7136,59.6181,47.0424,43.0647,20.2643,38.7665,60.3524,41.8502,44.6154,21.1268,42.2535,64.2606,39.6127,50.7937,34.4371,64.9007,74.1722,52.9801,46.8116,23.2221,49.3469,68.2148,53.701,EPI_ISL_13613229,Avian,H5N1,2022.444,Europe,A/Sandwich_Tern/Netherlands/10/2022,G2
0,-1,41.7989,18.2353,38.2353,65.8824,41.7647,45.0213,22.792,44.8718,82.6211,43.4473,47.6573,27.4615,46.8855,75.6865,34.8292,44.3669,24.6856,44.7136,60.0838,47.0424,43.0207,19.8238,38.7665,60.3524,41.8502,44.6154,21.1268,42.2535,64.2606,39.6127,50.7937,34.4371,64.9007,74.1722,52.9801,46.8116,23.2221,49.3469,66.7634,53.701,EPI_ISL_13613230,Avian,H5N1,2022.447,Europe,A/Common_Tern/Netherlands/3/2022,G2
0,-1,41.8577,18.2353,38.2353,65.8824,41.7647,44.7761,22.0484,44.808,82.5036,43.3855,47.6573,27.4615,46.8855,75.6865,34.8292,44.3669,24.6856,44.7136,60.0838,47.0424,43.1088,20.2643,38.7665,60.793,41.8502,44.5323,21.0896,42.1793,64.587,39.5431,50.7937,34.4371,64.9007,74.1722,52.9801,46.8116,23.2221,49.3469,66.7634,53.701,EPI_ISL_13617695,Avian,H5N1,2022.427,Europe,A/sandwich_tern/Netherlands/22010437-002/2022,G2
0,-1,41.4462,17.6471,37.0588,65.2941,41.7647,44.7761,21.3371,45.5192,81.0811,43.3855,47.5904,26.1219,46.2157,75.0167,36.8386,44.3203,25.6171,44.7136,61.0154,46.1109,43.373,19.3833,38.7665,60.3524,42.7313,44.4005,19.7715,42.1793,64.1476,39.5431,50.6614,34.4371,64.9007,72.8477,52.9801,46.5217,26.1248,47.8955,60.9579,53.701,EPI_ISL_13617696,Avian,H5N1,2022.433,Europe,A/sandwich_tern/Netherlands/22010725-001/2022,G2
0,-1,41.5638,17.6471,37.0588,65.2941,41.7647,44.9183,21.3371,45.5192,82.5036,43.3855,47.6573,26.1219,46.2157,75.0167,36.8386,44.3203,25.1514,44.7136,61.0154,46.1109,43.1968,18.9427,38.7665,59.9119,42.7313,44.4444,19.7715,42.1793,64.1476,39.9824,50.6614,34.4371,64.9007,72.8477,52.9801,46.5217,26.1248,47.8955,60.9579,53.701,EPI_ISL_13617697,Avian,H5N1,2022.447,Europe,A/sandwich_tern/Netherlands/22010737-002/2022,G2
0,-1,41.505,17.6471,37.0588,64.1176,41.7647,44.8472,20.6259,45.5192,82.5036,42.6743,47.5904,26.1219,46.2157,75.0167,36.8386,44.3203,25.1514,44.2478,62.4127,45.6451,43.3289,19.3833,38.7665,60.3524,42.2907,44.3566,19.7715,41.7399,64.1476,39.5431,50.5291,33.1126,64.9007,72.8477,52.9801,46.2319,24.6734,46.4441,59.5065,53.701,EPI_ISL_13617698,Avian,H5N1,2022.447,Europe,A/sandwich_tern/Netherlands/22010742-002/2022,G2
0,-1,41.505,17.6471,37.0588,65.2941,40.5882,44.8472,21.3371,45.5192,81.7923,43.3855,47.5234,26.1219,46.2157,74.347,36.8386,44.3203,25.1514,44.7136,61.4811,46.1109,43.373,19.3833,38.7665,60.3524,42.7313,44.4005,19.7715,42.1793,64.1476,39.5431,50.6614,34.4371,64.9007,72.8477,52.9801,46.5217,26.1248,47.8955,60.9579,53.701,EPI_ISL_13617699,Avian,H5N1,2022.455,Europe,A/sandwich_tern/Netherlands/22010908-001/2022,G2
0,-1,41.505,17.6471,37.0588,65.2941,40.5882,44.8472,21.3371,45.5192,81.7923,43.3855,47.5904,26.1219,46.2157,75.0167,36.8386,44.3203,25.1514,44.7136,61.4811,46.1109,43.3289,19.3833,38.7665,60.3524,42.7313,44.3566,19.3322,42.1793,64.1476,39.5431,50.6614,34.4371,64.9007,72.8477,52.9801,46.6667,26.1248,47.8955,62.4093,53.701,EPI_ISL_13617700,Avian,H5N1,2022.455,Europe,A/sandwich_tern/Netherlands/22010908-002/2022,G2
0,-1,41.5638,17.6471,38.8235,64.1176,41.1765,45.0213,22.0798,47.7208,82.6211,43.4473,47.5904,26.7917,46.2157,75.6865,35.499,43.9944,22.8225,43.3163,60.0838,47.5082,43.1088,19.3833,38.7665,59.9119,42.2907,44.4835,19.8063,42.6937,64.7007,39.6127,50.7937,34.4371,64.9007,72.8477,52.9801,46.5217,24.6734,44.9927,60.9579,56.6038,EPI_ISL_13778462,Avian,H5N1,2022.458,Europe,A/Lesser_Black-backed_Gull/Netherlands/2/2022,G2
0,-1,41.7989,18.2353,38.2353,64.7059,41.7647,44.7761,22.0484,44.808,82.5036,43.3855,47.6573,27.4615,46.8855,75.6865,34.8292,44.3203,24.6856,44.7136,60.0838,46.5766,43.2849,20.2643,38.7665,60.793,42.7313,44.5958,20.6684,42.6561,64.6438,39.5778,50.7937,34.4371,64.9007,74.1722,52.9801,46.8116,23.2221,49.3469,66.7634,53.701,EPI_ISL_13778464,Avian,H5N1,2022.463,Europe,A/European_Herring_Gull/Netherlands/4/2022,G2
0,-1,41.8577,18.2353,38.2353,65.8824,41.7647,44.9502,22.792,45.584,84.0456,43.4473,47.6573,27.4615,46.8855,76.3563,34.8292,44.3669,24.6856,44.7136,60.0838,47.0424,43.1088,20.2643,38.7665,60.793,41.8502,44.4835,21.1268,42.2535,64.2606,39.6127,50.7937,34.4371,64.9007,74.1722,52.9801,46.9565,23.2221,49.3469,66.7634,53.701,EPI_ISL_13778467,Avian,H5N1,2022.463,Europe,A/Sandwich_Tern/Netherlands/11/2022,G2
0,1,41.7402,18.8235,38.2353,65.8824,41.7647,44.6657,20.6553,44.8718,81.9088,42.735,47.7912,22.7729,48.2251,81.0449,46.8855,43.3426,20.9595,44.2478,58.6865,47.0424,43.1968,19.8238,38.7665,60.3524,41.4097,44.2637,20.2465,42.2535,62.5,39.6127,50.5291,34.4371,64.9007,71.5232,51.6556,46.2319,24.6734,56.6038,63.8607,39.1872,EPI_ISL_13778468,Avian,H5N1,2022.43,Europe,A/European_Herring_Gull/Netherlands/5/2022,G1
0,1,41.6814,18.2353,38.2353,64.7059,41.7647,44.7368,20.6553,44.8718,82.6211,42.735,47.7242,22.7729,48.2251,80.3751,46.8855,43.3426,20.4937,43.782,59.1523,47.0424,43.2599,19.8413,38.8007,60.8466,41.4462,44.2198,20.2465,42.2535,62.5,38.7324,50.3968,34.4371,64.9007,71.5232,51.6556,46.3768,24.6734,58.0552,65.312,39.1872,EPI_ISL_13778469,Avian,H5N1,2022.43,Europe,A/European_Herring_Gull/Netherlands/6/2022,G1
0,1,41.7402,18.8235,38.2353,65.8824,41.7647,44.6657,20.6553,44.8718,81.9088,42.735,47.7912,22.7729,48.2251,81.0449,46.8855,43.3426,20.9595,44.2478,58.6865,47.0424,43.1718,19.8413,38.8007,59.9647,41.4462,44.2637,20.2465,42.2535,62.5,39.6127,50.5291,34.4371,64.9007,71.5232,51.6556,46.087,24.6734,56.6038,63.8607,39.1872,EPI_ISL_13778474,Avian,H5N1,2022.43,Europe,A/European_Herring_Gull/Netherlands/7/2022,G1
0,-1,41.7989,17.6471,38.2353,65.8824,41.7647,44.808,22.0798,44.8718,82.6211,43.4473,47.6573,27.4615,46.8855,75.6865,34.8292,44.3203,24.6856,44.7136,60.0838,47.0424,43.1528,20.2643,38.7665,61.2335,41.8502,44.4835,21.1268,42.2535,64.2606,39.6127,50.7937,34.4371,64.9007,74.1722,52.9801,46.8116,23.2221,49.3469,66.7634,53.701,EPI_ISL_13778475,Avian,H5N1,2022.43,Europe,A/Sandwich_Tern/Netherlands/12/2022,G2
0,-1,41.5638,17.6471,37.0588,65.8824,41.7647,44.705,20.6259,45.5192,81.0811,43.3855,47.5904,26.1219,46.2157,75.0167,36.8386,44.2737,25.1514,44.7136,61.0154,46.1109,43.3289,19.3833,38.7665,60.3524,42.7313,44.2637,19.3662,42.2535,62.9401,39.6127,50.7937,34.4371,66.2252,72.8477,54.3046,46.5217,26.1248,47.8955,60.9579,53.701,EPI_ISL_13778476,Avian,H5N1,2022.43,Europe,A/Sandwich_Tern/Netherlands/13/2022,G2
0,-1,41.7989,18.2353,38.2353,65.8824,41.7647,44.808,22.0798,44.8718,82.6211,43.4473,47.6573,27.4615,46.8855,75.6865,34.8292,44.4134,24.6856,44.7136,60.0838,47.5082,43.0647,20.2643,38.7665,60.793,41.8502,44.6154,21.1268,42.2535,64.2606,39.6127,50.7937,34.4371,64.9007,74.1722,52.9801,46.8116,23.2221,49.3469,66.7634,53.701,EPI_ISL_13778477,Avian,H5N1,2022.455,Europe,A/Common_Tern/Netherlands/8/2022,G2
0,-1,41.6226,17.6471,37.0588,65.2941,40.5882,44.9183,21.3371,45.5192,81.7923,43.3855,47.6573,26.1219,46.2157,75.0167,37.5084,44.3203,25.1514,44.7136,61.4811,46.1109,43.3289,19.3833,38.7665,60.3524,42.7313,44.3516,19.8063,42.2535,63.3803,39.6127,50.6614,34.4371,64.9007,72.8477,52.9801,46.5217,26.1248,47.8955,60.9579,53.701,EPI_ISL_13778478,Avian,H5N1,2022.477,Europe,A/Sandwich_Tern/Netherlands/14/2022,G2
0,-1,41.6226,17.6471,37.0588,65.2941,40.5882,44.9183,21.3371,45.5192,81.7923,43.3855,47.6573,26.1219,46.2157,75.0167,37.5084,44.3203,25.1514,44.7136,61.4811,46.1109,43.3289,19.3833,38.7665,60.3524,42.7313,44.3516,19.8063,42.2535,63.3803,39.6127,50.6614,34.4371,64.9007,72.8477,52.9801,46.5217,26.1248,47.8955,60.9579,53.701,EPI_ISL_13778479,Avian,H5N1,2022.477,Europe,A/Common_Tern/Netherlands/9/2022,G2
0,-1,41.6226,17.6471,37.0588,65.8824,41.7647,44.7761,20.6259,45.5192,81.7923,43.3855,47.5904,26.1219,46.2157,75.0167,36.8386,44.2737,24.6856,44.7136,61.4811,46.1109,43.3289,19.3833,38.7665,60.3524,42.7313,44.2198,19.3662,42.2535,62.9401,39.6127,50.7937,34.4371,66.2252,72.8477,54.3046,46.2319,26.1248,47.8955,60.9579,53.701,EPI_ISL_13778522,Avian,H5N1,2022.477,Europe,A/Sandwich_Tern/Netherlands/15/2022,G2
0,-1,41.7989,18.2353,38.2353,65.8824,41.7647,44.9893,22.7596,44.808,82.5036,43.3855,47.6573,27.4615,46.8855,75.6865,34.8292,44.3203,24.6856,44.7136,60.0838,47.0424,43.0647,20.2643,38.7665,60.3524,41.8502,44.6154,21.1268,42.2535,64.2606,39.6127,50.7937,34.4371,64.9007,74.1722,52.9801,46.8116,23.2221,49.3469,66.7634,53.701,EPI_ISL_13778523,Avian,H5N1,2022.466,Europe,A/Common_Tern/Netherlands/4/2022,G2
0,-1,41.7989,18.2353,38.2353,65.8824,41.7647,45.0213,22.792,44.8718,82.6211,43.4473,47.6573,27.4615,46.8855,75.6865,34.8292,44.3203,24.6856,44.7136,60.0838,47.0424,43.0647,20.2643,38.7665,60.3524,41.8502,44.6154,21.1268,42.2535,64.2606,39.6127,50.7937,34.4371,64.9007,74.1722,52.9801,46.8116,23.2221,49.3469,66.7634,53.701,EPI_ISL_13778524,Avian,H5N1,2022.466,Europe,A/Common_Tern/Netherlands/5/2022,G2
0,-1,41.9165,18.2353,38.8235,65.8824,41.7647,45.0213,22.792,44.8718,82.6211,43.4473,47.6573,27.4615,46.8855,75.6865,34.8292,44.3203,24.6856,44.7136,59.6181,47.0424,43.0647,20.2643,38.7665,60.3524,41.8502,44.6154,21.1268,42.2535,64.2606,39.6127,50.6614,34.4371,64.9007,72.8477,52.9801,46.9565,23.2221,49.3469,66.7634,53.701,EPI_ISL_13778525,Avian,H5N1,2022.466,Europe,A/Common_Tern/Netherlands/6/2022,G2
0,-1,41.8577,18.2353,38.2353,66.4706,41.7647,45.0213,22.792,44.8718,82.6211,43.4473,47.6573,27.4615,46.8855,75.6865,34.8292,44.3669,24.6856,44.7136,60.0838,47.0424,43.0647,20.2643,38.7665,60.3524,41.8502,44.6154,21.1268,42.2535,64.2606,39.6127,50.7937,34.4371,64.9007,74.1722,52.9801,46.8116,23.2221,49.3469,66.7634,53.701,EPI_ISL_13778526,Avian,H5N1,2022.466,Europe,A/Common_Tern/Netherlands/7/2022,G2
0,1,41.7402,18.8235,38.2353,65.8824,42.3529,44.705,21.3371,44.808,82.5036,42.6743,47.7912,22.7729,48.2251,81.0449,46.8855,43.3426,20.9595,44.2478,58.6865,47.0424,43.2409,19.8238,38.7665,61.2335,41.4097,44.4005,20.6503,42.1793,63.2689,39.9824,50.5291,34.4371,64.9007,71.5232,51.6556,45.942,24.6734,56.6038,63.8607,39.1872,EPI_ISL_13782459,Avian,H5N1,2022.452,Europe,A/chicken/England/085598/2022,G1
0,1,41.7402,18.8235,38.2353,65.2941,41.7647,44.634,20.6259,44.808,82.5036,42.6743,47.5234,21.4334,48.2251,80.3751,46.8855,43.5754,20.9595,44.7136,59.1523,47.5082,43.1968,19.3833,38.326,60.793,41.4097,44.464,20.6684,42.2164,63.3245,39.5778,50.5291,34.4371,64.9007,71.5232,51.6556,46.087,24.6734,56.6038,63.8607,39.1872,EPI_ISL_13902858,Avian,H5N1,2022.501,Europe,A/Eurasian_Curlew/Netherlands/2/2022,G1
0,-1,41.9753,18.8235,38.2353,65.8824,40.5882,44.4208,20.6259,45.5192,79.6586,41.963,47.7912,26.1219,46.8855,76.3563,38.1782,44.7393,27.0144,46.1109,59.1523,47.9739,44.3857,20.7048,42.7313,61.2335,44.0529,45.2789,24.6046,45.2548,69.42,39.1037,51.3228,34.4371,66.2252,74.1722,55.6291,44.9927,26.2009,40.7569,61.1354,48.0349,EPI_ISL_13955204,Avian,H5N1,2022.279,Europe,A/chicken/Czech_Republic/8028-1/2022,G14
0,-1,41.9753,18.8235,38.2353,65.8824,40.5882,44.4918,19.9147,44.808,81.7923,41.963,47.7242,26.1219,46.8855,76.3563,38.1782,44.6927,27.0144,46.1109,58.2208,48.4397,44.3857,20.7048,42.7313,61.2335,44.0529,45.3866,25.066,45.2946,69.4811,39.1381,51.3228,34.4371,66.2252,74.1722,55.6291,45.0725,26.1248,40.6386,62.4093,47.8955,EPI_ISL_13967740,Avian,H5N1,2022.279,Europe,A/chicken/Czech_Republic/8028-2/2022,G14
0,-1,41.7989,18.2353,37.6471,64.7059,40.5882,44.634,21.3371,45.5192,81.7923,43.3855,47.6573,26.7917,46.2157,75.6865,35.499,44.4134,25.6171,44.7136,60.5496,47.0424,43.373,19.8238,38.7665,60.793,43.1718,44.6201,20.2109,42.1793,65.4657,39.5431,50.6614,34.4371,64.9007,72.8477,52.9801,46.6667,24.6734,47.8955,65.312,50.7983,EPI_ISL_13969423,Avian,H5N1,2022.323,Europe,A/Gull/Scotland/060376/2022,G2
0,-1,41.7402,17.6471,38.8235,62.9412,41.7647,44.634,19.9147,44.808,82.5036,44.0967,47.992,27.4615,47.5553,76.3563,37.5084,44.4134,25.1514,47.0424,57.2892,48.4397,43.2849,19.3833,37.8855,59.9119,43.6123,45.4545,23.7258,44.8155,68.9807,44.8155,51.1905,34.4371,64.9007,75.4967,52.9801,46.5217,24.6734,47.8955,65.312,50.7983,EPI_ISL_13969424,Avian,H5N1,2022.427,Europe,A/Gannet/Scotland/084490/2022,G10
0,-1,41.9165,18.2353,38.8235,63.5294,42.3529,44.5629,19.2034,44.0967,81.7923,44.0967,48.1879,28.2638,47.7793,78.0619,38.358,44.2737,25.1514,47.0424,56.3577,47.5082,43.4802,19.4004,38.3598,59.9647,44.0917,45.3667,23.2865,44.8155,68.5413,44.3761,51.3228,34.4371,64.9007,78.1457,52.9801,46.6667,24.6734,47.8955,65.312,53.701,EPI_ISL_13969425,Avian,H5N1,2022.43,Europe,A/Gannet/Scotland/084624/2022,G10
0,-1,41.9165,18.2353,38.8235,63.5294,42.3529,44.634,19.2034,44.0967,82.5036,44.0967,47.9433,28.3889,46.8417,77.3598,36.9056,44.2737,25.1514,47.0424,56.3577,47.5082,43.4524,19.2396,38.4792,61.3834,41.6858,45.3667,23.2865,44.8155,68.5413,44.3761,51.25,30.5981,68.1502,77.886,52.8512,46.6667,24.6734,47.8955,65.312,53.701,EPI_ISL_13969426,Avian,H5N1,2022.46,Europe,A/Gannet/Scotland/090910/2022,G10
0,-1,41.5638,17.6471,37.0588,65.2941,41.7647,44.7761,20.6259,45.5192,81.7923,43.3855,47.5904,26.1219,46.2157,75.0167,36.8386,44.1806,24.2198,44.2478,61.0154,46.1109,43.3289,19.3833,38.7665,60.3524,42.7313,44.3566,19.7715,42.1793,64.1476,39.5431,50.6614,34.4371,64.9007,72.8477,52.9801,46.5217,26.1248,47.8955,60.9579,53.701,EPI_ISL_13969427,Avian,H5N1,2022.425,Europe,A/Common_tern/England/248697/2022,G2
0,-1,41.7402,17.6471,38.8235,64.7059,42.3529,44.634,20.6259,44.0967,82.5036,43.3855,48.0589,29.4709,47.5553,77.0261,35.499,44.5996,26.5487,47.9739,57.2892,48.9054,43.2849,19.8238,38.326,59.4714,43.6123,45.2789,23.2865,44.3761,68.5413,44.3761,51.296,34.3879,66.0248,75.6534,50.8941,46.6667,24.6734,47.8955,65.312,53.701,EPI_ISL_13969428,Avian,H5N1,2022.282,Europe,A/Greylag_goose/England/247696/2022,G10
0,-1,41.9165,18.8235,38.8235,63.5294,42.9412,44.9183,20.6259,44.0967,81.7923,44.808,47.8581,28.1313,46.8855,75.6865,36.1688,44.4133,25.2572,47.2404,57.0627,48.1759,43.2409,19.3833,38.326,59.4714,43.1718,45.3228,23.2865,44.3761,68.1019,44.8155,51.0582,34.4371,64.9007,75.4967,52.9801,46.3768,23.2221,47.8955,65.312,50.7983,EPI_ISL_13969430,Avian,H5N1,2022.271,Europe,A/Mute_swan/Wales/058560/2022,G10
0,-1,41.6814,17.6471,38.8235,65.2941,41.1765,44.9183,21.3371,46.2304,83.2148,43.3855,47.6573,26.7917,45.5459,75.6865,35.499,44.2737,24.6856,44.7136,59.6181,46.1109,43.348,19.8413,38.3598,61.2875,42.328,44.4835,20.2465,41.3732,64.7007,39.6127,50.7937,34.4371,64.9007,72.8477,52.9801,46.8116,24.6734,47.8955,69.6662,52.2496,EPI_ISL_13990715,Avian,H5N1,2022.315,Europe,A/Cygnus_olor/Spain/1675-1_22VIR6312-14/2022,G2
0,-1,41.505,17.0588,38.8235,64.1176,41.7647,44.7761,20.6259,44.808,83.926,43.3855,47.6573,26.7917,46.2157,75.0167,36.1688,44.0875,24.2198,44.7136,59.6181,46.1109,43.373,20.7048,38.7665,60.793,41.8502,44.4444,19.7715,41.7399,65.0264,39.5431,50.6614,34.4371,64.9007,72.8477,52.9801,46.8116,26.1248,47.8955,66.7634,55.1524,EPI_ISL_13990716,Avian,H5N1,2022.4,Europe,A/Rhea/Spain/1950-6_22VIR6312-17/2022,G2
0,-1,41.7989,18.8235,38.2353,64.7059,41.7647,44.7761,21.3371,45.5192,83.2148,44.0967,47.5904,26.7917,46.2157,75.6865,35.499,44.2737,25.1514,44.2478,60.5496,46.5766,43.1528,19.3833,38.7665,59.0308,42.7313,44.3566,20.2109,42.1793,64.1476,39.5431,50.7937,34.4371,63.5762,72.8477,52.9801,46.8116,23.2221,49.3469,65.312,53.701,EPI_ISL_13990717,Avian,H5N1,2022.356,Europe,A/Gypaetus_barbatus/Spain/1878-9_22VIR6312-18/2022,G2
0,-1,41.505,17.0588,38.2353,63.5294,41.1765,44.7761,20.6259,44.808,83.926,43.3855,47.6573,26.7917,46.2157,75.0167,36.1688,44.041,24.2198,44.2478,59.6181,46.5766,43.373,20.7048,38.7665,61.2335,42.2907,44.5323,19.7715,41.7399,65.4657,39.5431,50.6614,34.4371,64.9007,72.8477,52.9801,46.6667,26.1248,46.4441,66.7634,55.1524,EPI_ISL_13990718,Avian,H5N1,2022.4,Europe,A/Gypaetus_barbatus/Spain/1956-25_22VIR6312-19/2022,G2
0,-1,41.6814,17.6471,38.8235,65.2941,41.1765,44.9183,21.3371,46.2304,83.2148,43.3855,47.6573,26.7917,45.5459,75.6865,35.499,44.2737,24.6856,44.7136,59.6181,46.1109,43.3289,19.8238,38.326,60.793,42.2907,44.5323,20.6503,41.3005,64.587,39.5431,50.7937,34.4371,64.9007,72.8477,52.9801,46.9565,24.6734,47.8955,72.5689,52.2496,EPI_ISL_13990719,Avian,H5N1,2022.408,Europe,A/Falco_peregrinus/Spain/2010-11_22VIR6312-20/2022,G2
0,-1,41.5638,17.6471,38.8235,65.2941,41.1765,44.9183,21.3371,46.2304,83.2148,43.3855,47.6573,26.7917,45.5459,75.6865,35.499,44.2737,24.6856,44.2478,60.5496,45.6451,43.2849,19.3833,37.8855,60.793,42.2907,44.5323,20.2109,41.3005,65.0264,39.5431,50.7937,34.4371,64.9007,72.8477,52.9801,46.9565,24.6734,47.8955,72.5689,52.2496,EPI_ISL_13990720,Avian,H5N1,2022.416,Europe,A/Anser_anser/Spain/2010-3_22VIR6312-21/2022,G2
0,-1,41.5638,18.2353,38.2353,64.1176,41.7647,44.5629,20.6259,44.808,82.5036,42.6743,47.5234,26.7917,45.5459,75.6865,35.499,44.1806,24.6856,44.2478,61.0154,46.5766,43.1718,18.9594,38.3598,59.9647,42.769,44.4884,20.2109,42.1793,65.4657,39.5431,50.7937,34.4371,63.5762,75.4967,52.9801,46.8795,23.2897,49.4905,65.5022,53.8574,EPI_ISL_13990740,Avian,H5N1,2022.375,Europe,A/Falco_peregrinus/Spain/1932-1_22VIR6312-45/2022,G2
0,-1,41.505,17.0588,38.2353,63.5294,41.1765,44.634,20.6259,44.808,83.2148,43.3855,47.6573,26.7917,46.2157,75.0167,36.1688,44.041,24.2198,44.2478,59.6181,46.5766,43.373,20.7048,38.7665,61.2335,42.2907,44.5323,19.7715,41.7399,65.4657,39.5431,50.6614,34.4371,64.9007,72.8477,52.9801,46.6667,26.1248,46.4441,66.7634,55.1524,EPI_ISL_13990741,Avian,H5N1,2022.4,Europe,A/Cygnus_olor/Spain/1950-10_22VIR6312-46/2022,G2
0,-1,42.1517,18.8235,38.2353,65.8824,42.9412,44.7761,19.9147,44.808,82.5036,44.0967,47.992,28.8011,47.5553,76.3563,36.8386,44.46,25.6171,47.9739,56.8235,47.9739,43.5051,19.8238,39.207,59.9119,43.6123,45.2789,22.4077,44.8155,67.6626,43.9367,50.7937,34.4371,63.5762,72.8477,52.9801,46.8116,24.6734,47.8955,65.312,53.701,EPI_ISL_14064890,Avian,H5N1,2022.247,Asia,A/crow/Hokkaido/0103B073/2022_H5N1,G11
0,-1,41.6814,18.2353,37.0588,64.7059,40,44.634,22.0484,45.5192,81.7923,44.0967,47.6573,26.7917,46.2157,75.0167,36.1688,44.3203,25.1514,44.7136,60.5496,47.0424,43.461,19.3833,38.7665,59.9119,44.0529,44.5323,20.2109,41.7399,65.4657,39.5431,50.6614,33.1126,64.9007,72.8477,51.6556,46.8116,24.6734,47.8955,65.312,52.2496,EPI_ISL_14064983,Avian,H5N1,2022.504,Europe,A/chicken/Scotland/093091/2022,G2
0,-1,41.8577,19.4118,38.2353,64.7059,41.7647,44.4208,18.4922,44.0967,84.6373,42.6743,47.8581,28.1313,46.2157,76.3563,36.8386,44.3203,24.6856,44.7136,59.6181,47.0424,43.1088,20.2643,38.326,60.3524,43.1718,44.664,20.6503,42.6186,66.3445,38.6643,50.5291,34.4371,64.9007,72.8477,52.9801,46.5217,23.2221,49.3469,66.7634,53.701,EPI_ISL_14064984,Avian,H5N1,2022.51,Europe,A/chicken/England/093459/2022,G2
0,-1,41.7989,18.8235,38.2353,64.7059,41.7647,44.4208,18.4922,44.0967,84.6373,42.6743,47.8581,28.1313,46.2157,76.3563,36.8386,44.3203,24.6856,44.7136,59.6181,47.0424,43.1528,20.2643,38.326,60.793,43.1718,44.664,20.6503,42.6186,66.3445,38.6643,50.5291,34.4371,64.9007,72.8477,52.9801,46.6667,23.2221,49.3469,66.7634,53.701,EPI_ISL_14064985,Avian,H5N1,2022.51,Europe,A/Domestic_goose/England/093469/2022,G2
1,-1,42.328,20,38.8235,65.8824,42.9412,44.705,19.9147,44.808,82.5036,44.0967,48.1258,28.8011,47.5553,77.0261,36.8386,44.46,25.6171,47.9739,57.2892,47.9739,43.461,19.8238,39.207,59.9119,43.6123,45.2789,22.4077,44.8155,67.6626,43.9367,50.7937,34.4371,63.5762,72.8477,52.9801,46.8116,24.6734,47.8955,65.312,53.701,EPI_ISL_14070455,Canine,H5N1,2022.247,Asia,A/tanuki/Hokkaido/1/2022,G11
1,-1,42.2693,18.8235,38.2353,65.2941,41.1765,43.9943,18.4922,43.3855,82.5036,41.2518,47.7242,27.4615,46.8855,75.0167,35.499,44.46,25.6171,46.5766,58.6865,46.5766,43.3289,20.7048,37.0044,61.2335,40.9692,45.0154,21.0896,44.3761,66.3445,42.6186,50.9259,33.1126,62.2517,72.8477,54.3046,46.6667,21.7707,47.8955,60.9579,53.701,EPI_ISL_14098915,Seal,H5N1,2022.477,NorthAmerica,A/harbor_seal/Maine/22-020455-001-original/2022,G7
1,-1,42.2693,18.8235,38.2353,65.2941,41.1765,43.9943,18.4922,43.3855,82.5036,41.2518,47.7242,27.4615,46.8855,75.0167,35.499,44.4134,25.1514,46.5766,58.6865,46.5766,43.3289,20.7048,37.0044,61.2335,40.9692,45.0154,21.0896,44.3761,66.3445,42.6186,50.9259,33.1126,62.2517,72.8477,54.3046,46.6667,21.7707,47.8955,60.9579,53.701,EPI_ISL_14098916,Seal,H5N1,2022.477,NorthAmerica,A/harbor_seal/Maine/22-020455-002-original/2022,G7
1,-1,42.328,18.8235,38.2353,65.2941,41.1765,43.9943,18.4922,43.3855,82.5036,41.2518,47.7912,27.4615,46.8855,75.6865,36.8386,44.2737,25.6171,46.5766,58.2208,46.5766,43.373,20.7048,37.4449,61.2335,41.4097,45.0154,21.0896,44.3761,66.3445,42.6186,50.9259,33.1126,62.2517,72.8477,54.3046,46.5217,21.7707,47.8955,60.9579,53.701,EPI_ISL_14098917,Seal,H5N1,2022.471,NorthAmerica,A/harbor_seal/Maine/22-020455-003-original/2022,G7
1,-1,42.2693,18.8235,38.2353,65.2941,41.1765,43.9943,18.4922,43.3855,82.5036,41.2518,47.6573,27.4615,46.8855,75.0167,35.499,44.46,26.0829,46.5766,58.6865,46.5766,43.3289,20.2643,37.0044,61.2335,41.4097,45.0154,21.529,44.3761,66.3445,42.1793,50.9259,33.1126,62.2517,72.8477,54.3046,46.6667,21.7707,47.8955,60.9579,53.701,EPI_ISL_14098918,Seal,H5N1,2022.482,NorthAmerica,A/harbor_seal/Maine/22-020455-004-original/2022,G7
1,-1,42.328,18.8235,38.8235,65.2941,41.1765,43.9943,18.4922,43.3855,82.5036,41.2518,47.7242,27.4615,46.8855,75.6865,35.499,44.46,26.0829,46.5766,58.6865,46.5766,43.417,20.7048,37.4449,61.2335,41.8502,44.9275,20.6503,44.3761,65.9051,42.6186,50.9259,33.1126,62.2517,72.8477,54.3046,46.6667,21.7707,47.8955,60.9579,53.701,EPI_ISL_14098919,Seal,H5N1,2022.485,NorthAmerica,A/harbor_seal/Maine/22-020455-005-original/2022,G7
1,-1,42.2693,18.8235,38.2353,65.2941,41.1765,43.9943,18.4922,43.3855,82.5036,41.2518,47.7242,27.4615,46.8855,75.6865,35.499,44.3203,25.6171,46.5766,58.2208,45.6451,43.3289,20.7048,37.0044,61.2335,40.9692,45.0154,21.0896,44.3761,66.3445,42.6186,50.9259,33.1126,62.2517,72.8477,54.3046,46.5217,21.7707,46.4441,60.9579,52.2496,EPI_ISL_14098920,Seal,H5N1,2022.49,NorthAmerica,A/harbor_seal/Maine/22-020983-001-original/2022,G7
1,-1,42.2693,18.8235,38.2353,65.2941,41.1765,43.9943,18.4922,43.3855,82.5036,41.2518,47.6573,27.4615,46.8855,75.6865,34.8292,44.46,26.0829,46.5766,58.6865,46.5766,43.3289,20.2643,37.0044,61.2335,41.4097,44.9275,21.529,43.9367,65.9051,42.6186,51.0582,33.1126,62.2517,72.8477,55.6291,46.6667,21.7707,47.8955,60.9579,53.701,EPI_ISL_14098921,Seal,H5N1,2022.49,NorthAmerica,A/harbor_seal/Maine/22-020983-002-original/2022,G7
1,-1,42.2693,18.8235,38.2353,65.2941,41.1765,43.8522,18.4922,42.6743,82.5036,41.2518,47.5904,27.4615,46.8855,75.6865,35.499,44.46,26.0829,46.5766,58.6865,47.0424,43.373,20.7048,37.4449,61.2335,41.4097,45.0593,21.529,44.3761,66.3445,42.6186,50.9259,33.1126,62.2517,72.8477,54.3046,46.6667,21.7707,47.8955,60.9579,53.701,EPI_ISL_14098922,Seal,H5N1,2022.49,NorthAmerica,A/grey_seal/Maine/22-020983-003-original/2022,G7
1,-1,42.2693,18.8235,38.2353,65.2941,41.1765,43.8522,17.7809,42.6743,81.7923,41.2518,47.6573,27.4615,46.8855,75.6865,34.8292,44.3669,26.0829,46.5766,58.2208,46.1109,43.417,21.5859,37.4449,61.2335,40.9692,45.0154,21.0896,44.3761,66.3445,42.6186,50.9259,33.1126,62.2517,72.8477,54.3046,46.8116,21.7707,47.8955,62.4093,53.701,EPI_ISL_14098923,Seal,H5N1,2022.49,NorthAmerica,A/harbor_seal/Maine/22-020983-006-original/2022,G7
1,-1,42.2693,18.8235,38.2353,65.2941,41.1765,43.9943,18.4922,43.3855,82.5036,41.2518,47.8581,28.1313,46.8855,75.6865,35.499,44.3669,25.1514,46.5766,58.2208,46.5766,43.3289,21.1454,37.0044,61.2335,40.9692,45.0154,21.0896,44.3761,66.3445,42.6186,50.9259,33.1126,62.2517,72.8477,54.3046,46.6667,21.7707,47.8955,60.9579,53.701,EPI_ISL_14098924,Seal,H5N1,2022.49,NorthAmerica,A/harbor_seal/Maine/22-020983-007-original/2022,G7
0,-1,41.8577,18.2353,38.2353,65.8824,41.7647,44.911,22.1113,44.9358,82.7389,43.5093,47.6573,27.4615,46.8855,75.6865,34.8292,44.2737,24.6856,44.7136,60.0838,47.0424,43.1528,20.2643,38.326,60.793,41.8502,44.5275,21.5669,42.6937,64.2606,39.6127,50.7937,34.4371,64.9007,74.1722,52.9801,46.8116,23.2221,49.3469,66.7634,53.701,EPI_ISL_14163711,Avian,H5N1,2022.512,Europe,A/Common_Tern/Netherlands/10/2022,G2
0,1,41.7402,18.8235,37.6471,65.2941,41.7647,44.5235,19.943,44.8718,81.9088,42.735,47.7242,22.7729,48.2251,80.3751,46.8855,43.3892,20.9595,44.2478,59.1523,47.0424,43.348,19.8413,38.8007,61.2875,41.4462,44.2637,20.2465,42.2535,62.5,39.6127,50.5291,34.4371,64.9007,71.5232,51.6556,45.7971,24.6734,56.6038,62.4093,39.1872,EPI_ISL_14163712,Avian,H5N1,2022.512,Europe,A/European_Herring_Gull/Netherlands/8/2022,G1
0,-1,41.505,17.6471,37.0588,65.2941,41.1765,44.9183,20.6259,45.5192,82.5036,44.0967,47.5904,26.1219,45.5459,75.0167,36.8386,44.3669,25.1514,44.2478,62.4127,45.6451,43.304,19.4004,38.8007,59.9647,42.328,44.2637,19.8063,41.8134,62.9401,39.6127,50.5291,33.1126,64.9007,72.8477,52.9801,46.5217,26.1248,47.8955,60.9579,53.701,EPI_ISL_14163713,Avian,H5N1,2022.515,Europe,A/Caspian_Gull/Netherlands/5/2022,G2
0,1,41.6814,18.2353,38.2353,65.2941,41.7647,44.5946,20.6553,44.8718,81.9088,42.735,47.7242,22.7729,48.2251,81.0449,46.8855,43.3426,19.0964,44.2478,60.0838,45.1793,43.1968,19.8238,38.7665,60.3524,41.4097,44.2198,20.2465,41.8134,62.5,39.6127,50.5291,34.4371,64.9007,71.5232,51.6556,45.942,24.6734,56.6038,62.4093,39.1872,EPI_ISL_14163714,Avian,H5N1,2022.504,Europe,A/European_Herring_Gull/Netherlands/9/2022,G1
0,-1,41.6814,17.6471,37.0588,65.8824,41.7647,44.634,20.6259,45.5192,81.7923,43.3855,47.5904,26.1219,46.2157,75.0167,36.8386,44.2272,25.1514,44.2478,60.5496,46.5766,43.2409,18.9427,38.326,60.3524,42.7313,44.2198,19.3662,42.2535,62.9401,39.6127,50.7937,34.4371,66.2252,72.8477,54.3046,46.5217,26.1248,47.8955,60.9579,53.701,EPI_ISL_14163715,Avian,H5N1,2022.526,Europe,A/Greylag_Goose/Netherlands/9/2022,G2
0,-1,41.8577,18.2353,38.2353,66.4706,41.7647,44.808,22.0798,44.8718,82.6211,43.4473,47.7242,27.4615,46.8855,75.6865,34.8292,44.3203,24.2198,44.7136,60.0838,47.0424,42.9326,19.8238,38.326,60.3524,41.8502,44.3516,21.1268,41.8134,63.3803,39.6127,50.6614,34.4371,64.9007,72.8477,52.9801,46.6667,21.7707,49.3469,66.7634,53.701,EPI_ISL_14171729,Avian,H5N1,2022.523,Europe,A/Eurasian_Spoonbill/Netherlands/1A/2022,G2
0,-1,41.8577,18.2353,38.2353,66.4706,41.7647,44.808,22.0798,44.8718,82.6211,43.4473,47.7242,27.4615,46.8855,75.6865,34.8292,44.3203,24.2198,44.7136,60.0838,47.0424,42.9326,19.8238,38.326,60.3524,41.8502,44.3516,21.1268,41.8134,63.3803,39.6127,50.6614,34.4371,64.9007,72.8477,52.9801,46.6667,21.7707,49.3469,66.7634,53.701,EPI_ISL_14171741,Avian,H5N1,2022.523,Europe,A/Eurasian_Spoonbill/Netherlands/1B/2022,G2
0,-1,41.8577,18.2353,38.2353,66.4706,41.7647,44.808,22.0798,44.8718,82.6211,43.4473,47.7242,27.4615,46.8855,75.6865,34.8292,44.3203,24.2198,44.7136,60.0838,47.0424,42.9326,19.8238,38.326,60.3524,41.8502,44.3712,21.1361,42.2721,62.9679,39.6301,50.6614,34.4371,64.9007,72.8477,52.9801,46.6667,21.7707,49.3469,66.7634,53.701,EPI_ISL_14233919,Avian,H5N1,2022.559,Europe,A/Eurasian_Spoonbill/Netherlands/3/2022,G2
0,-1,41.7402,18.2353,38.2353,65.8824,41.7647,45.0213,22.792,44.8718,82.6211,43.4473,47.6573,27.4615,46.8855,75.6865,34.8292,44.2737,24.2198,44.2478,60.0838,47.0424,43.0207,19.8238,38.7665,60.3524,41.8502,44.591,21.1361,42.2721,63.8485,39.6301,50.7937,34.4371,64.9007,74.1722,52.9801,46.6667,23.2221,49.3469,65.312,53.701,EPI_ISL_14233920,Avian,H5N1,2022.534,Europe,A/Common_Tern/Netherlands/17/2022,G2
0,-1,41.7402,18.2353,38.2353,65.8824,41.7647,45.0213,22.792,44.8718,82.6211,43.4473,47.6573,27.4615,46.8855,75.6865,34.8292,44.2737,24.2198,44.2478,60.0838,47.0424,43.0207,19.8238,38.7665,60.3524,41.8502,44.591,21.1361,42.2721,63.8485,39.6301,50.7937,34.4371,64.9007,74.1722,52.9801,46.6667,23.2221,49.3469,65.312,53.701,EPI_ISL_14233921,Avian,H5N1,2022.534,Europe,A/Common_Tern/Netherlands/18/2022,G2
0,-1,41.7402,18.2353,38.2353,65.8824,41.7647,44.808,22.0798,44.8718,82.6211,44.1595,47.6573,27.4615,46.8855,75.6865,34.8292,44.3203,24.2198,44.2478,60.0838,47.0424,43.0207,19.8238,38.7665,60.3524,41.8502,44.6397,21.1082,42.2164,64.6438,39.5778,50.7937,34.4371,64.9007,74.1722,52.9801,46.8116,21.7707,49.3469,65.312,53.701,EPI_ISL_14233922,Avian,H5N1,2022.545,Europe,A/European_Herring_Gull/Netherlands/11/2022,G2
0,-1,41.9753,18.2353,38.2353,65.8824,42.9412,44.808,22.0798,44.8718,82.6211,43.4473,47.6573,27.4615,46.8855,75.6865,34.8292,44.2737,24.6856,43.782,60.0838,46.5766,43.2409,20.2643,38.7665,60.793,42.7313,44.5031,21.1361,42.2721,65.1695,39.6301,50.5291,34.4371,64.9007,72.8477,52.9801,46.8116,23.2221,49.3469,66.7634,53.701,EPI_ISL_14233924,Avian,H5N1,2022.553,Europe,A/Common_Tern/Netherlands/19/2022,G2
0,-1,41.9753,18.2353,38.2353,65.8824,42.9412,44.808,22.0798,44.8718,82.6211,43.4473,47.6573,27.4615,46.8855,75.6865,34.8292,44.3409,24.7086,44.289,60.1399,47.0862,43.2409,20.2643,38.7665,60.793,42.7313,44.5031,21.1361,42.2721,65.1695,39.6301,50.5291,34.4371,64.9007,72.8477,52.9801,46.8116,23.2221,49.3469,66.7634,53.701,EPI_ISL_14233925,Avian,H5N1,2022.553,Europe,A/Common_Tern/Netherlands/20/2022,G2
0,-1,41.7402,18.2353,38.2353,65.8824,41.7647,45.0925,22.792,44.8718,82.6211,43.4473,47.6573,27.4615,46.8855,75.6865,34.8292,44.3203,24.6856,44.7136,60.0838,47.0424,42.9767,19.8238,38.7665,60.3524,41.8502,44.591,21.1361,42.2721,63.8485,39.6301,50.6614,34.4371,64.9007,72.8477,52.9801,46.8116,23.2221,49.3469,66.7634,53.701,EPI_ISL_14233927,Avian,H5N1,2022.532,Europe,A/Common_Tern/Netherlands/11/2022,G2
0,-1,41.7402,18.2353,38.2353,65.8824,41.7647,45.0213,22.792,44.8718,82.6211,43.4473,47.6573,27.4615,46.8855,75.6865,34.8292,44.2944,24.2424,44.289,60.1399,47.0862,43.0647,20.2643,39.207,60.3524,41.8502,44.591,21.1361,42.2721,63.8485,39.6301,50.7937,34.4371,64.9007,74.1722,52.9801,46.6667,23.2221,49.3469,65.312,53.701,EPI_ISL_14233930,Avian,H5N1,2022.532,Europe,A/Common_Tern/Netherlands/14/2022,G2
0,-1,41.7402,18.2353,38.2353,65.8824,41.7647,45.0213,22.792,44.8718,82.6211,43.4473,47.6573,27.4615,46.8855,75.6865,34.8292,44.2737,24.2198,44.2478,60.0838,47.0424,43.0207,19.8238,38.7665,60.3524,41.8502,44.591,21.1361,42.2721,63.8485,39.6301,50.7937,34.4371,64.9007,74.1722,52.9801,46.6667,23.2221,49.3469,65.312,53.701,EPI_ISL_14233931,Avian,H5N1,2022.532,Europe,A/Common_Tern/Netherlands/15/2022,G2
0,-1,41.7402,18.2353,38.2353,65.8824,41.7647,45.0213,22.792,44.8718,82.6211,43.4473,47.6573,27.4615,46.8855,75.6865,34.8292,44.2944,24.2424,44.289,60.1399,47.0862,43.0207,19.8238,38.7665,60.3524,41.8502,44.591,21.1361,42.2721,63.8485,39.6301,50.7937,34.4371,64.9007,74.1722,52.9801,46.6667,23.2221,49.3469,65.312,53.701,EPI_ISL_14233932,Avian,H5N1,2022.532,Europe,A/Common_Tern/Netherlands/16/2022,G2
0,-1,41.5638,17.6471,38.8235,64.1176,41.7647,44.6657,21.3675,46.2963,80.4843,43.4473,47.6573,27.4615,46.2157,75.6865,35.499,44.2478,23.31,44.289,61.0723,47.5524,43.1278,19.8413,37.9189,61.2875,42.769,44.3712,19.8151,42.2721,63.8485,40.5108,50.7937,34.4371,64.9007,72.8477,52.9801,46.3768,24.6734,46.4441,60.9579,53.701,EPI_ISL_14233944,Avian,H5N1,2022.534,Europe,A/Caspian_Gull/Netherlands/6/2022,G2
1,-1,41.6226,18.2353,38.2353,64.7059,40.5882,44.8791,21.3675,45.584,82.6211,43.4473,47.5904,26.7917,46.2157,75.6865,35.499,44.3669,24.6856,44.7136,60.0838,46.5766,43.3289,19.8238,38.7665,60.3524,42.7313,44.4396,20.2465,42.2535,63.8204,39.6127,50.7937,34.4371,64.9007,72.8477,52.9801,46.8116,24.6734,47.8955,65.312,53.701,EPI_ISL_14393097,Canine,H5N1,2022.249,Europe,A/Fox/Netherlands/EMC4/2022,G2
0,-1,41.6226,16.4706,38.2353,65.2941,41.1765,44.8472,20.6259,46.2304,83.2148,43.3855,47.7242,26.7917,46.2157,75.0167,36.1688,44.1341,24.6856,44.7136,58.6865,46.5766,43.2409,18.9427,38.7665,60.3524,43.1718,44.4884,20.2109,41.7399,65.0264,39.1037,50.7937,34.4371,64.9007,72.8477,52.9801,46.5217,24.6734,46.4441,66.7634,53.701,EPI_ISL_14393465,Avian,H5N1,2022.263,Europe,A/Branta_canadensis/Belgium/4821_0001/2022,G2
0,-1,41.5638,16.4706,38.2353,65.2941,41.1765,44.7761,20.6259,46.2304,82.5036,43.3855,47.7242,26.7917,46.2157,75.0167,36.1688,44.2272,24.6856,44.7136,59.1523,46.5766,43.2409,18.9427,38.7665,60.3524,43.1718,44.4884,20.2109,41.7399,65.0264,39.1037,50.7937,34.4371,64.9007,72.8477,52.9801,46.5217,24.6734,46.4441,66.7634,53.701,EPI_ISL_14393671,Avian,H5N1,2022.279,Europe,A/Branta_canadensis/Belgium/5177_0003/2022,G2
0,-1,41.6814,17.6471,37.6471,66.4706,41.1765,44.8472,20.6259,45.5192,81.7923,42.6743,47.4565,26.1219,45.5459,74.347,36.1688,44.315,25.1983,44.3304,62.5292,45.7303,43.4361,20.2822,38.8007,59.9647,42.769,44.3712,19.8151,42.2721,63.4082,39.6301,50.5291,33.1126,64.9007,72.8477,52.9801,46.6667,26.1248,47.8955,60.9579,55.1524,EPI_ISL_14469689,Avian,H5N1,2022.573,Europe,A/Common_Tern/Netherlands/21/2022,G2
0,-1,41.6814,17.6471,37.6471,66.4706,41.1765,44.8472,20.6259,45.5192,81.7923,42.6743,47.4565,26.1219,45.5459,74.347,36.1688,44.315,25.1983,44.3304,62.5292,45.7303,43.3921,20.2822,38.8007,59.5238,42.769,44.4151,19.8151,42.7125,63.4082,39.6301,50.5291,33.1126,64.9007,72.8477,52.9801,46.6667,26.1248,47.8955,60.9579,55.1524,EPI_ISL_14469690,Avian,H5N1,2022.573,Europe,A/Common_Tern/Netherlands/22/2022,G2
0,-1,41.9753,18.2353,38.2353,65.8824,42.9412,44.808,22.0798,44.8718,82.6211,43.4473,47.6573,27.4615,46.8855,75.6865,34.8292,44.2944,24.7086,43.8228,60.1399,47.0862,43.2409,20.2643,38.7665,60.793,42.7313,44.5031,21.1361,42.2721,65.1695,39.6301,50.5291,34.4371,64.9007,72.8477,52.9801,46.8116,23.2221,49.3469,66.7634,53.701,EPI_ISL_14469691,Avian,H5N1,2022.573,Europe,A/Common_Tern/Netherlands/23/2022,G2
0,-1,41.9753,18.2353,38.2353,65.8824,42.9412,44.808,22.0798,44.8718,82.6211,43.4473,47.6573,27.4615,46.8855,75.6865,34.8292,44.315,24.7317,44.3304,59.7294,47.1302,43.2849,20.7048,38.7665,60.793,42.7313,44.5031,21.1361,42.2721,65.1695,39.6301,50.5291,34.4371,64.9007,72.8477,52.9801,46.8116,23.2221,49.3469,66.7634,53.701,EPI_ISL_14469692,Avian,H5N1,2022.573,Europe,A/Common_Tern/Netherlands/24/2022,G2
0,-1,41.7402,18.2353,38.8235,65.2941,41.7647,44.7368,20.6553,46.2963,81.1966,43.4473,47.7242,26.7917,46.2157,78.3657,35.499,44.2684,22.8651,44.3304,60.6626,47.5968,43.1968,19.8238,38.326,60.3524,42.7313,44.5031,19.8151,42.2721,64.2889,40.0705,50.5291,33.1126,63.5762,72.8477,52.9801,46.3768,23.2221,47.8955,62.4093,53.701,EPI_ISL_14469693,Avian,H5N1,2022.575,Europe,A/Common_Tern/Netherlands/25/2022,G2
0,-1,42.0341,18.8235,38.8235,63.5294,42.3529,44.705,20.6259,44.808,82.5036,43.3855,47.7242,28.8011,47.5553,75.0167,36.1688,44.3203,24.2198,47.0424,57.2892,47.9739,43.5491,20.2643,38.326,61.674,42.7313,44.4444,19.3322,42.1793,65.0264,39.5431,50.9259,34.4371,63.5762,72.8477,52.9801,46.8116,24.6734,47.8955,65.312,53.701,EPI_ISL_14493135,Avian,H5N1,2022.419,Europe,A/white_stork/Netherlands/22012595-002/2022,G10
1,-1,41.8577,18.8235,38.2353,64.7059,41.7647,44.7761,20.6259,46.2304,83.2148,43.3855,47.5904,26.7917,46.2157,75.0167,35.499,44.2737,24.6856,44.7136,61.0154,46.5766,43.2409,19.3833,38.326,60.3524,42.7313,44.4444,20.2109,42.6186,64.587,39.5431,51.0582,35.7616,64.9007,75.4967,52.9801,46.8116,24.6734,44.9927,66.7634,55.1524,EPI_ISL_14493899,Canine,H5N1,2022.288,Europe,A/Vulpes_vulpes/Belgium/8660_0016/2022,G2
0,1,41.7402,18.8235,38.2353,65.8824,41.7647,44.634,20.6259,44.808,81.7923,42.6743,47.6573,22.7729,48.2251,80.3751,46.8855,43.3892,21.4252,44.2478,58.6865,47.5082,43.1528,19.3833,38.7665,59.9119,41.8502,44.2688,20.6503,42.1793,62.8295,39.1037,50.5291,34.4371,64.9007,71.5232,51.6556,46.087,24.6734,56.6038,63.8607,39.1872,EPI_ISL_14494351,Avian,H5N1,2022.515,Europe,A/Larus_argentatus/Belgium/9013_0001/2022,G1
1,1,41.5638,18.2353,38.2353,64.7059,41.1765,44.7761,20.6259,44.808,82.5036,43.3855,47.7242,22.7729,48.2251,80.3751,46.8855,43.3892,20.9595,44.2478,59.1523,47.0424,43.2849,19.8238,38.7665,60.793,41.4097,44.3127,20.2109,42.1793,62.8295,39.5431,50.3968,34.4371,64.9007,71.5232,51.6556,45.942,24.6734,56.6038,63.8607,37.7358,EPI_ISL_14494796,Canine,H5N1,2022.455,Europe,A/Vulpes_vulpes/Belgium/9031_0008/2022,G1
0,1,41.7989,18.8235,38.8235,66.4706,41.1765,44.8472,20.6259,44.808,82.5036,43.3855,47.5904,22.7729,47.5553,80.3751,45.5459,43.3892,21.4252,44.7136,59.1523,47.0424,43.417,20.2643,39.207,61.2335,41.4097,44.2688,19.7715,42.1793,63.7083,39.5431,50.5291,34.4371,64.9007,71.5232,51.6556,46.087,24.6734,56.6038,63.8607,39.1872,EPI_ISL_14494933,Avian,H5N1,2022.586,Europe,A/Gallus_gallus/Belgium/9548_0001/2022,G1
0,-1,41.6814,18.2353,38.2353,65.2941,41.7647,44.8791,20.6553,44.8718,83.3333,43.4473,47.4565,26.7917,46.2157,75.0167,35.499,44.2737,24.6856,44.7136,60.5496,45.6451,43.1968,20.7048,38.7665,61.2335,41.4097,44.5958,19.3492,42.6561,64.204,39.5778,50.3968,34.4371,63.5762,72.8477,51.6556,46.6667,23.2221,47.8955,66.7634,53.701,EPI_ISL_14497321,Avian,H5N1,2022.605,Europe,A/Eurasian_Spoonbill/Netherlands/4/2022,G2
0,-1,41.9165,17.0588,38.8235,62.9412,42.3529,44.4208,19.9147,45.5192,80.3698,44.808,47.8581,29.4709,47.5553,76.3563,35.499,44.46,26.0829,48.4397,57.755,47.9739,43.5931,19.8238,38.326,60.3524,43.1718,45.3228,23.2865,44.3761,68.1019,44.3761,51.1905,34.4371,64.9007,75.4967,52.9801,46.3768,24.6734,47.8955,65.312,50.7983,EPI_ISL_14497837,Avian,H5N1,2022.564,Europe,A/domestic_duck/England/100990/2022,G10
0,-1,41.8577,18.8235,38.2353,64.7059,41.7647,44.5629,19.2034,44.808,84.6373,42.6743,47.8581,28.1313,46.2157,76.3563,36.8386,44.4134,24.6856,44.7136,60.5496,47.0424,43.0647,20.2643,38.326,60.793,42.7313,44.7519,20.6503,43.058,66.7838,38.6643,50.6614,34.4371,64.9007,72.8477,52.9801,46.6667,23.2221,49.3469,66.7634,53.701,EPI_ISL_14497855,Avian,H5N1,2022.592,Europe,A/domestic_duck/England/104859/2022,G2
0,-1,41.8577,18.8235,38.2353,64.7059,41.7647,44.5629,19.2034,44.808,84.6373,42.6743,47.8581,28.1313,46.2157,76.3563,36.8386,44.4134,24.6856,44.7136,60.5496,47.0424,43.0647,20.2643,38.326,60.793,42.7313,44.7079,20.6503,43.058,66.3445,38.6643,50.6614,34.4371,64.9007,72.8477,52.9801,46.6667,23.2221,49.3469,66.7634,53.701,EPI_ISL_14497870,Avian,H5N1,2022.597,Europe,A/domestic_duck/England/105414/2022,G2
0,-1,41.8577,18.8235,38.2353,64.7059,41.7647,44.4918,19.2034,44.808,84.6373,41.963,47.8581,28.1313,46.2157,76.3563,36.8386,44.3203,24.6856,44.7136,60.0838,46.5766,43.1088,20.2643,38.326,60.793,42.7313,44.7079,20.6503,43.058,67.2232,38.6643,50.6614,34.4371,64.9007,72.8477,52.9801,46.6667,23.2221,49.3469,66.7634,53.701,EPI_ISL_14497885,Avian,H5N1,2022.603,Europe,A/domestic_goose/England/105863/2022,G2
1,-1,42.2105,18.2353,38.8235,65.2941,42.3529,44.2786,19.9147,44.0967,82.5036,42.6743,47.7242,26.1219,46.8855,75.0167,37.5084,44.3669,24.6856,47.0424,59.6181,46.5766,42.5363,17.6211,41.4097,57.2687,38.7665,45.5863,25.0439,42.1793,67.6626,42.1793,50.7937,31.7881,62.2517,72.8477,51.6556,46.5217,23.2221,47.8955,62.4093,53.701,EPI_ISL_14533193,Canine,H5N1,2022.255,NorthAmerica,A/Vulpes_vulpes/New_York/074441/2022,G5
1,-1,42.1517,17.6471,38.8235,65.2941,41.7647,44.2075,19.2034,44.0967,82.5036,42.6743,47.8581,26.1219,47.5553,75.0167,38.848,43.4358,21.4252,45.6451,56.3577,42.8505,42.5363,18.9427,40.9692,57.2687,39.207,45.5863,25.0439,42.6186,66.7838,42.1793,50.9259,33.1126,62.2517,72.8477,51.6556,46.6667,23.2221,47.8955,62.4093,53.701,EPI_ISL_14553997,Canine,H5N1,2022.359,NorthAmerica,A/Vulpes_vulpes/New_York/115912/2022,G5
0,-1,41.5638,17.6471,37.0588,65.2941,41.7647,44.7761,20.6259,45.5192,81.7923,43.3855,47.5904,26.1219,46.2157,75.0167,36.8386,44.2737,25.1514,44.7136,61.4811,45.6451,43.3289,19.3833,38.7665,60.3524,42.7313,44.4444,20.2109,42.1793,64.1476,39.5431,50.6614,34.4371,64.9007,72.8477,52.9801,46.5217,26.1248,47.8955,60.9579,53.701,EPI_ISL_14571430,Avian,H5N1,2022.43,Europe,A/common_tern/Germany-NI/AI03185/2022,G2
0,-1,41.7989,18.2353,38.2353,65.8824,41.7647,44.9183,22.0484,44.808,83.926,43.3855,47.4565,27.4615,46.8855,75.0167,34.8292,44.2272,24.6856,44.7136,60.0838,46.5766,43.1968,20.2643,38.7665,61.2335,41.8502,44.5323,21.0896,42.1793,65.0264,39.5431,50.7937,34.4371,64.9007,74.1722,52.9801,46.8116,23.2221,49.3469,66.7634,53.701,EPI_ISL_14571432,Avian,H5N1,2022.43,Europe,A/common_tern/Germany-NI/AI03186/2022,G2
0,-1,41.6226,17.6471,37.6471,65.2941,42.3529,44.7761,20.6259,45.5192,81.7923,43.3855,47.5904,26.1219,46.2157,75.0167,36.8386,44.3203,25.1514,44.7136,61.4811,46.1109,43.3289,19.3833,38.7665,60.3524,42.7313,44.4444,20.2109,42.1793,64.1476,39.5431,50.6614,34.4371,64.9007,72.8477,52.9801,46.5217,26.1248,47.8955,60.9579,53.701,EPI_ISL_14571434,Avian,H5N1,2022.455,Europe,A/common_tern/Germany-NI/AI03512/2022,G2
0,-1,41.3874,17.0588,37.0588,64.7059,41.1765,44.634,19.9147,45.5192,80.3698,43.3855,47.5904,26.1219,46.2157,75.0167,36.8386,44.1546,25.1748,44.7552,61.0723,45.2214,43.3289,19.3833,38.7665,60.3524,42.7313,44.4005,19.7715,42.1793,64.587,39.1037,50.6614,34.4371,64.9007,72.8477,52.9801,46.6667,26.1248,49.3469,62.4093,53.701,EPI_ISL_14571436,Avian,H5N1,2022.449,Europe,A/common_tern/Germany-NI/AI03520/2022,G2
0,-1,41.505,17.0588,37.0588,64.7059,41.7647,44.8472,20.6259,46.2304,81.7923,44.0967,47.5904,26.1219,46.2157,75.0167,36.8386,44.2737,25.6171,44.2478,61.0154,46.1109,43.373,19.3833,38.7665,60.793,42.7313,44.4005,19.7715,42.1793,64.1476,39.5431,50.5291,34.4371,64.9007,71.5232,52.9801,46.3768,26.1248,47.8955,60.9579,52.2496,EPI_ISL_14571438,Avian,H5N1,2022.449,Europe,A/common_tern/Germany-NI/AI03523/2022,G2
0,-1,41.7402,18.2353,38.2353,64.7059,41.7647,44.9183,21.3371,46.2304,83.2148,43.3855,47.6573,27.4615,46.8855,76.3563,34.8292,44.46,24.6856,45.1793,61.0154,46.1109,43.2409,20.2643,39.207,61.2335,42.2907,44.4884,20.2109,42.1793,65.0264,39.5431,50.6614,34.4371,64.9007,72.8477,52.9801,46.8116,23.2221,49.3469,66.7634,53.701,EPI_ISL_14571448,Avian,H5N1,2022.334,Europe,A/great_cormorant/Germany-MV/AI02666/2022,G2
0,-1,41.7989,18.2353,38.2353,63.5294,41.7647,44.808,21.3675,46.2963,84.7578,42.735,47.6573,27.4615,46.8855,76.3563,34.8292,44.5065,24.6856,45.6451,61.0154,46.5766,43.2849,20.2643,39.207,61.2335,42.7313,44.5323,20.2109,42.1793,65.0264,39.5431,50.7937,34.4371,64.9007,72.8477,54.3046,46.8116,23.2221,49.3469,66.7634,53.701,EPI_ISL_14571449,Avian,H5N1,2022.342,Europe,A/great_cormorant/Germany-MV/AI02774/2022,G2
0,-1,41.9165,18.2353,38.8235,63.5294,42.3529,44.634,19.2034,44.0967,82.5036,44.0967,48.1928,28.8011,47.5553,76.3563,38.1782,44.3669,25.6171,47.0424,56.8235,47.5082,43.5051,19.3833,38.7665,59.9119,44.0529,45.3427,23.3069,44.8549,69.0413,44.4151,51.3228,34.4371,66.2252,76.8212,52.9801,46.6667,24.6734,47.8955,65.312,53.701,EPI_ISL_14573001,Avian,H5N1,2022.455,Europe,A/northern_gannet/Germany-SH/AI03496/2022,G10
0,-1,41.9165,18.8235,38.8235,63.5294,42.3529,44.5629,19.2034,44.0967,82.5036,44.0967,48.1928,28.8011,47.5553,76.3563,38.1782,44.2737,25.1514,47.0424,56.3577,47.5082,43.5051,19.3833,38.7665,59.9119,44.0529,45.3866,23.3069,44.8549,69.0413,44.4151,51.3228,34.4371,66.2252,76.8212,52.9801,46.6667,24.6734,47.8955,65.312,53.701,EPI_ISL_14573031,Avian,H5N1,2022.452,Europe,A/northern_gannet/Germany-SH/AI03498/2022,G10
0,-1,41.7647,18.2568,38.2803,64.7821,41.8139,44.9183,22.0484,46.2304,83.2148,44.0967,47.5904,27.4615,46.2157,75.6865,34.8292,44.3203,24.6856,44.7136,61.4811,45.6451,43.2849,20.2643,39.207,61.2335,42.7313,44.5762,20.2109,42.6186,65.0264,39.9824,50.5291,34.4371,64.9007,71.5232,52.9801,46.8116,23.2221,49.3469,66.7634,53.701,EPI_ISL_14573037,Avian,H5N1,2022.411,Europe,A/sandwich_tern/Germany-MV/AI03131/2022,G2
0,-1,41.505,17.6471,37.0588,65.2941,41.1765,44.705,20.6259,45.5192,81.0811,43.3855,47.5904,26.1219,46.2157,75.0167,36.8386,44.1806,25.1514,44.7136,61.0154,45.6451,43.304,19.4004,37.9189,60.8466,42.769,44.4444,19.7715,42.1793,64.587,39.5431,50.6614,34.4371,64.9007,72.8477,52.9801,46.5217,26.1248,47.8955,60.9579,53.701,EPI_ISL_14573043,Avian,H5N1,2022.416,Europe,A/sandwich_tern/Germany-NI/AI03180/2022,G2
0,-1,41.505,17.6471,37.0588,65.2941,41.1765,44.705,20.6259,45.5192,81.0811,43.3855,47.5904,26.1219,46.2157,75.0167,36.8386,44.1341,25.1514,44.7136,61.0154,45.1793,43.3289,19.3833,38.7665,60.3524,42.7313,44.4005,19.7715,42.1793,64.587,39.1037,50.6614,34.4371,64.9007,72.8477,52.9801,46.5217,26.1248,47.8955,60.9579,53.701,EPI_ISL_14573044,Avian,H5N1,2022.416,Europe,A/sandwich_tern/Germany-NI/AI03181/2022,G2
0,-1,41.505,17.6471,37.0588,65.2941,41.1765,44.634,20.6259,45.5192,81.0811,43.3855,47.6573,26.1219,46.2157,75.0167,36.8386,44.1806,25.1514,44.7136,61.0154,45.6451,43.373,19.3833,38.7665,60.793,42.7313,44.4444,19.7715,42.1793,64.587,39.5431,50.6614,34.4371,64.9007,72.8477,52.9801,46.5217,26.1248,47.8955,60.9579,53.701,EPI_ISL_14573045,Avian,H5N1,2022.43,Europe,A/sandwich_tern/Germany-SH/AI03333/2022,G2
0,-1,41.5638,17.6471,37.0588,65.2941,41.7647,44.634,19.9147,45.5192,81.7923,41.2518,47.5904,26.1219,46.2157,75.0167,36.8386,44.2737,25.1514,44.7136,61.9469,45.6451,43.3289,19.3833,38.7665,60.3524,42.7313,44.3566,19.7715,42.1793,64.1476,39.5431,50.6614,34.4371,64.9007,72.8477,52.9801,46.2319,24.6734,47.8955,60.9579,52.2496,EPI_ISL_14573052,Avian,H5N1,2022.43,Europe,A/sandwich_tern/Germany-SH/AI03335/2022,G2
0,-1,41.5638,17.6471,37.0588,65.2941,41.7647,44.8472,20.6259,45.5192,81.7923,43.3855,47.5904,26.1219,46.2157,75.0167,36.8386,44.2737,25.1514,44.7136,61.0154,46.1109,43.373,19.3833,38.7665,60.3524,42.7313,44.4005,19.7715,42.1793,64.1476,39.5431,50.6614,34.4371,64.9007,72.8477,52.9801,46.2319,26.1248,46.4441,60.9579,52.2496,EPI_ISL_14573054,Avian,H5N1,2022.436,Europe,A/sandwich_tern/Germany-SH/AI03497/2022,G2
0,-1,41.9165,18.2353,38.8235,63.5294,42.3529,44.634,19.2034,44.0967,82.5036,44.0967,48.1258,28.8011,47.5553,76.3563,38.1782,44.2272,25.1514,47.0424,56.3577,47.5082,43.5051,19.3833,38.7665,59.4714,44.0529,45.2789,23.2865,44.3761,68.9807,43.9367,51.5873,34.4371,66.2252,79.4702,52.9801,46.6667,24.6734,47.8955,65.312,53.701,EPI_ISL_14702899,Avian,H5N1,2022.529,Europe,A/nothern_gannet/France/22P019331/2022,G10
0,-1,41.5882,18.2568,38.2803,64.1932,41.8139,44.705,21.3371,45.5192,83.2148,43.3855,47.6573,26.7917,46.2157,76.3563,35.499,44.2737,25.1514,44.2478,61.0154,46.1109,43.1968,19.3833,38.7665,59.0308,42.7313,44.4884,20.2109,42.1793,64.587,39.5431,50.6614,34.4371,63.5762,72.8477,52.9801,46.8116,23.2221,49.3469,65.312,53.701,EPI_ISL_14722960,Avian,H5N1,2022.351,Europe,A/vulture/France/22P018210/2022,G2
1,-1,41.9753,18.2353,38.8235,64.7059,42.3529,44.5629,19.2034,44.0967,82.5036,43.3855,48.1928,28.8011,47.5553,76.3563,38.1782,44.2737,25.1514,47.0424,56.3577,47.5082,43.5491,19.3833,38.7665,60.3524,44.0529,45.4106,23.2865,44.8155,68.9807,44.3761,51.3228,34.4371,66.2252,76.8212,52.9801,46.6667,24.6734,47.8955,65.312,53.701,EPI_ISL_14810369,OtherMammal,H5N1,2022.49,Europe,A/porpoise_/Sweden/SVA220712SZ0367/FB002184/O-2022,G10
0,-1,41.9165,18.2353,38.8235,63.5294,42.3529,44.634,19.2034,44.0967,82.5036,44.0967,48.1928,28.8011,47.5553,76.3563,38.1782,44.2737,25.1514,47.0424,56.3577,47.5082,43.5051,18.9427,39.207,59.9119,44.4934,45.3228,23.2865,44.8155,68.9807,44.3761,51.3228,34.4371,66.2252,76.8212,52.9801,46.6667,24.6734,47.8955,65.312,53.701,EPI_ISL_14811896,Avian,H5N1,2022.466,Europe,A/northern_gannet/Sweden/SVA220623SZ0232/FB001982/O-2022,G10
0,-1,41.8577,18.2353,38.8235,63.5294,42.3529,44.634,19.2034,44.0967,82.5036,44.0967,48.2597,29.4709,47.5553,76.3563,38.848,44.2737,25.1514,47.0424,56.3577,47.5082,43.5931,19.3833,38.7665,59.9119,44.0529,45.3228,23.2865,44.8155,68.1019,44.3761,51.1905,34.4371,64.9007,75.4967,52.9801,46.5217,24.6734,46.4441,65.312,52.2496,EPI_ISL_14811929,Avian,H5N1,2022.452,Europe,A/northern_gannet/Sweden/SVA220623SZ0232/FB001984/N-2022,G10
0,-1,41.6226,18.8235,38.2353,65.2941,41.7647,44.705,21.3371,44.808,82.5036,42.6743,47.2557,24.7823,46.2157,72.3376,36.1688,43.3892,21.4252,44.2478,58.6865,47.0424,43.1088,19.8238,38.326,59.9119,41.4097,45.6741,24.1652,44.3761,72.4956,42.6186,50.3968,34.4371,64.9007,72.8477,51.6556,47.5362,27.5762,49.3469,71.1176,39.1872,EPI_ISL_14841913,Avian,H5N1,2022.51,Europe,A/mallard/22P019377/France/2022,
0,-1,41.9165,18.8235,38.2353,64.7059,41.7647,44.5235,19.2308,44.8718,84.0456,42.735,47.7912,27.4615,46.2157,76.3563,36.1688,44.3203,24.6856,44.7136,60.5496,46.5766,43.0647,20.2643,38.326,60.793,42.7313,44.7079,20.6503,43.058,66.3445,38.225,50.6614,34.4371,64.9007,72.8477,52.9801,46.6667,23.2221,49.3469,66.7634,53.701,EPI_ISL_14864637,Avian,H5N1,2022.455,Europe,A/goose/England/317610/2022,G2
0,-1,42.0765,19.4411,37.6671,66.2211,41.9198,44.4208,19.2034,44.808,84.6373,42.6743,47.4234,26.4993,44.6304,74.6165,35.5649,44.3669,24.6856,45.1793,61.0154,46.5766,42.9837,20.056,38.7127,60.6343,41.5112,44.8386,19.1344,42.8246,66.9704,39.6355,51.0204,34.3879,66.0248,74.2779,55.0206,46.7249,23.3577,49.635,65.6934,54.0146,EPI_ISL_14864646,Avian,H5N1,2022.564,Europe,A/Canada_goose/England/320660/2022,G2
0,-1,41.8577,18.8235,38.2353,64.7059,41.7647,44.5629,19.2034,44.808,84.6373,42.6743,47.8581,28.1313,46.2157,76.3563,36.8386,44.46,24.6856,44.7136,61.4811,47.0424,43.0647,20.2643,38.326,60.793,42.7313,44.8397,21.0896,43.058,67.2232,38.6643,50.6614,34.4371,64.9007,72.8477,52.9801,46.6667,23.2221,49.3469,66.7634,53.701,EPI_ISL_14864650,Avian,H5N1,2022.649,Europe,A/turkey/England/111923/2022,G2
0,-1,42.0341,18.2353,39.4118,63.5294,42.9412,44.4208,19.2034,44.808,81.0811,43.3855,46.921,26.1219,44.2063,69.6584,37.5084,43.7616,21.4252,44.2478,59.6181,44.7136,43.417,20.2643,38.326,59.0308,42.7313,44.5323,21.9684,41.7399,71.6169,37.3462,51.1905,33.1126,64.9007,75.4967,52.9801,44.3478,21.7707,42.09,65.312,46.4441,EPI_ISL_14917915,Avian,H5N1,2022.542,Europe,A/breeding_hen/Poland/H361/2022,
0,-1,42.0341,18.2353,39.4118,63.5294,42.9412,44.4208,19.2034,44.808,81.0811,43.3855,46.921,26.1219,44.2063,69.6584,37.5084,43.7616,21.4252,44.2478,59.6181,44.7136,43.417,20.2643,38.326,59.0308,42.7313,44.5323,21.9684,41.7399,71.6169,37.3462,51.1905,33.1126,64.9007,75.4967,52.9801,44.3478,21.7707,42.09,65.312,46.4441,EPI_ISL_14917942,Avian,H5N1,2022.551,Europe,A/breeding_hen/Poland/H364/2022,
0,-1,42.0341,18.2353,39.4118,63.5294,42.9412,44.3497,19.2034,44.808,81.0811,43.3855,46.8855,26.1569,44.2656,69.0812,37.5587,43.7558,21.4652,44.3304,59.7294,44.797,43.4361,20.2822,38.3598,59.0829,42.769,44.5518,21.9877,41.7766,71.6799,37.3791,51.1905,33.1126,64.9007,75.4967,52.9801,44.3478,21.7707,42.09,65.312,46.4441,EPI_ISL_14917951,Avian,H5N1,2022.551,Europe,A/domestic_goose/Poland/H371/2022,
0,-1,41.7402,18.2353,38.8235,64.7059,41.1765,44.8472,21.3371,45.5192,83.926,43.3855,47.6573,27.4615,46.8855,74.347,35.499,44.6462,25.1514,45.1793,61.9469,46.1109,43.2849,20.2643,38.7665,61.2335,42.7313,44.6593,20.6866,42.6937,65.581,39.6127,50.6614,34.4371,64.9007,72.8477,52.9801,46.8116,24.6734,50.7983,66.7634,50.7983,EPI_ISL_14917968,Avian,H5N1,2022.529,Europe,A/common_murre/Poland/MB151/2022,G2
0,-1,41.6814,18.2353,38.2353,64.7059,40.5882,44.8472,21.3371,46.2304,83.2148,43.3855,47.7912,27.4615,46.8855,75.6865,35.499,44.3669,24.6856,44.7136,61.4811,45.6451,43.2849,20.2643,39.207,61.2335,42.2907,44.4884,20.2109,42.1793,65.0264,39.5431,50.5291,34.4371,64.9007,71.5232,52.9801,46.9565,24.6734,49.3469,66.7634,53.701,EPI_ISL_14917979,Avian,H5N1,2022.408,Europe,A/herring_gull/Poland/MB138/2022,G2
0,-1,41.6814,18.2353,38.2353,64.7059,40.5882,44.8472,21.3371,46.2304,83.2148,43.3855,47.7912,27.4615,46.8855,75.6865,35.499,44.3669,24.6856,44.7136,61.4811,45.6451,43.2849,20.2643,39.207,61.2335,42.2907,44.4884,20.2109,42.1793,65.0264,39.5431,50.5291,34.4371,64.9007,71.5232,52.9801,46.9565,24.6734,49.3469,66.7634,53.701,EPI_ISL_14917999,Avian,H5N1,2022.408,Europe,A/black-headed_gull/Poland/MB139/2022,G2
0,-1,41.8577,17.0588,38.8235,63.5294,42.3529,44.3497,19.9147,44.808,82.5036,42.6743,47.925,27.4615,46.2157,69.6584,39.5177,43.8082,20.4937,44.7136,59.1523,45.6451,43.6372,18.5022,39.6476,59.9119,45.3744,44.7079,20.6503,42.6186,66.7838,39.1037,50.7937,34.4371,64.9007,72.8477,52.9801,46.5217,23.2221,47.8955,66.7634,53.701,EPI_ISL_14933724,Avian,H5N1,2022.644,Europe,A/duck/France/22P020165/2022,
0,-1,42.2105,17.6471,38.8235,65.8824,41.7647,44.1365,19.2034,44.808,82.5036,40.5405,47.6573,26.1219,48.2251,75.0167,37.5084,43.4358,21.891,46.1109,56.3577,43.782,42.5804,18.5022,41.4097,57.2687,38.7665,45.6741,24.6046,43.058,68.5413,42.1793,50.9259,33.1126,62.2517,72.8477,51.6556,46.8116,23.2221,47.8955,62.4093,55.1524,EPI_ISL_15004053,Avian,H5N1,2022.263,NorthAmerica,A/Pekin_duck/Indiana/22-010611-001-original/2022,G5
0,-1,42.2105,17.6471,38.8235,65.8824,41.7647,44.1365,19.2034,44.808,82.5036,40.5405,47.7242,26.1219,48.2251,75.0167,37.5084,43.3892,21.891,46.1109,56.3577,43.3163,42.5804,18.5022,41.4097,57.2687,38.7665,45.6741,24.6046,43.058,68.5413,42.1793,50.9259,33.1126,62.2517,72.8477,51.6556,46.8116,23.2221,47.8955,62.4093,55.1524,EPI_ISL_15004054,Avian,H5N1,2022.263,NorthAmerica,A/Pekin_duck/Indiana/22-010624-001-original/2022,G5
0,-1,42.0341,17.6471,38.8235,64.7059,41.1765,44.1365,18.4922,44.0967,82.5036,42.6743,48.2597,26.1219,48.2251,76.3563,40.1875,44.46,25.6171,47.5082,58.6865,47.5082,43.2409,20.2643,37.0044,61.674,40.9692,45.6302,23.2865,41.7399,70.2988,43.058,50.7937,33.1126,62.2517,72.8477,51.6556,46.6667,24.6734,47.8955,63.8607,53.701,EPI_ISL_15004055,Avian,H5N1,2022.258,NorthAmerica,A/turkey/South_Dakota/22-010639-001-original/2022,G4
0,-1,42.0341,17.6471,38.8235,64.7059,41.1765,44.1365,18.4922,44.0967,82.5036,42.6743,48.2597,26.1219,48.2251,76.3563,40.1875,44.46,25.6171,47.5082,58.6865,47.5082,43.2409,20.2643,37.0044,61.674,40.9692,45.6302,23.2865,41.7399,70.2988,43.058,50.7937,33.1126,62.2517,72.8477,51.6556,46.6667,24.6734,47.8955,63.8607,53.701,EPI_ISL_15004056,Avian,H5N1,2022.258,NorthAmerica,A/turkey/South_Dakota/22-010639-002-original/2022,G4
0,-1,42.2105,18.2353,38.8235,65.2941,41.1765,44.1365,19.9147,43.3855,81.7923,42.6743,48.3266,26.1219,48.2251,77.0261,40.1875,44.3203,25.6171,46.5766,58.6865,47.0424,43.1968,20.2643,37.0044,60.793,40.9692,45.6741,23.2865,41.7399,71.1775,43.058,50.7937,33.1126,62.2517,72.8477,51.6556,46.5217,23.2221,47.8955,62.4093,53.701,EPI_ISL_15004057,Avian,H5N1,2022.26,NorthAmerica,A/turkey/Minnesota/22-010652-001-original/2022,G4
0,-1,42.2105,18.2353,38.8235,65.2941,41.1765,44.1365,19.9147,43.3855,81.7923,42.6743,48.3266,26.1219,48.2251,77.0261,40.1875,44.3203,25.6171,46.5766,58.6865,47.0424,43.1968,20.2643,37.0044,60.793,40.9692,45.6741,23.2865,41.7399,71.1775,43.058,50.7937,33.1126,62.2517,72.8477,51.6556,46.5217,23.2221,47.8955,62.4093,53.701,EPI_ISL_15004058,Avian,H5N1,2022.26,NorthAmerica,A/turkey/Minnesota/22-010652-002-original/2022,G4
0,-1,42.0341,17.6471,38.8235,64.1176,41.1765,44.2075,19.2034,44.0967,82.5036,42.6743,48.1258,26.1219,48.2251,76.3563,40.1875,44.4134,25.6171,47.0424,58.6865,47.0424,43.2849,21.1454,37.0044,61.674,41.4097,45.6741,23.2865,41.7399,71.1775,43.058,50.6614,33.1126,62.2517,70.1987,51.6556,46.5217,23.2221,47.8955,62.4093,53.701,EPI_ISL_15004059,Avian,H5N1,2022.255,NorthAmerica,A/turkey/Minnesota/22-010654-001-original/2022,G4
0,-1,42.2105,18.2353,38.8235,65.2941,41.7647,44.2075,19.2034,43.3855,82.5036,42.6743,47.5904,25.4521,47.5553,75.0167,39.5177,44.46,25.6171,47.5082,59.1523,46.5766,43.1088,20.7048,37.0044,60.793,40.5286,44.9715,21.9684,44.3761,65.9051,42.1793,50.7937,33.1126,62.2517,72.8477,51.6556,46.3768,21.7707,47.8955,62.4093,52.2496,EPI_ISL_15004060,Avian,H5N1,2022.26,NorthAmerica,A/chicken/North_Dakota/22-010657-001-original/2022,
0,-1,42.2105,18.2353,38.8235,65.2941,41.7647,44.2075,19.2034,43.3855,82.5036,42.6743,47.5234,25.4521,47.5553,75.0167,38.848,44.46,25.6171,47.5082,59.1523,46.5766,43.1088,20.7048,37.0044,60.793,40.5286,44.9715,21.9684,44.3761,65.9051,42.1793,50.7937,33.1126,62.2517,72.8477,51.6556,46.5217,23.2221,47.8955,62.4093,53.701,EPI_ISL_15004061,Avian,H5N1,2022.26,NorthAmerica,A/goose/North_Dakota/22-010657-002-original/2022,
0,-1,42.2105,18.2353,38.8235,65.2941,41.1765,44.3497,19.2034,44.0967,82.5036,42.6743,48.4605,28.1313,48.2251,76.3563,41.5271,44.3669,25.6171,47.0424,58.2208,47.0424,43.1968,20.7048,36.5639,60.793,40.9692,45.6302,23.2865,41.7399,70.2988,43.058,50.6614,33.1126,62.2517,72.8477,50.3311,47.5362,29.0276,47.8955,63.8607,44.9927,EPI_ISL_15004062,Avian,H5N1,2022.263,NorthAmerica,A/chicken/Colorado/22-010668-001-original/2022,G4
0,-1,42.1517,18.2353,38.8235,65.2941,41.1765,44.1365,18.4922,43.3855,82.5036,42.6743,48.2597,26.1219,48.2251,76.3563,40.1875,44.46,26.0829,47.5082,59.1523,47.0424,43.2409,20.2643,37.4449,60.793,41.4097,45.6741,23.2865,41.7399,70.7381,43.058,50.7937,33.1126,62.2517,72.8477,51.6556,46.5217,23.2221,47.8955,62.4093,53.701,EPI_ISL_15004063,Avian,H5N1,2022.26,NorthAmerica,A/turkey/South_Dakota/22-010765-001-original/2022,G4
0,-1,42.2693,18.8235,38.8235,65.8824,42.3529,44.1365,18.4922,44.0967,82.5036,42.6743,48.1928,26.1219,48.2251,76.3563,40.1875,44.5531,25.6171,47.0424,58.6865,47.5082,43.1968,20.2643,37.0044,60.793,40.9692,45.5863,23.2865,41.7399,70.2988,42.6186,50.7937,33.1126,62.2517,72.8477,51.6556,46.5217,23.2221,47.8955,62.4093,53.701,EPI_ISL_15004064,Avian,H5N1,2022.263,NorthAmerica,A/turkey/Minnesota/22-010770-002-original/2022,G4
0,-1,42.2693,18.8235,38.8235,65.8824,42.3529,44.1365,18.4922,44.0967,82.5036,42.6743,48.1928,26.1219,48.2251,76.3563,40.1875,44.5531,25.6171,47.0424,58.6865,47.5082,43.1968,20.2643,37.0044,60.793,40.9692,45.5863,23.2865,41.7399,70.2988,42.6186,50.7937,33.1126,62.2517,72.8477,51.6556,46.5217,23.2221,47.8955,62.4093,53.701,EPI_ISL_15004065,Avian,H5N1,2022.263,NorthAmerica,A/turkey/Minnesota/22-010770-003-original/2022,G4
0,-1,42.1517,17.6471,38.8235,66.4706,41.1765,44.2786,19.2034,44.0967,82.5036,43.3855,48.2597,26.1219,48.2251,76.3563,40.1875,44.3669,25.6171,47.0424,58.6865,47.0424,43.2849,20.2643,37.0044,60.793,41.4097,45.762,23.2865,41.7399,70.7381,43.4974,50.6614,33.1126,60.9272,72.8477,51.6556,46.3768,23.2221,47.8955,62.4093,53.701,EPI_ISL_15004066,Avian,H5N1,2022.26,NorthAmerica,A/turkey/Minnesota/22-010771-001-original/2022,G4
0,-1,42.1517,17.6471,38.8235,66.4706,41.1765,44.2786,19.2034,44.0967,82.5036,43.3855,48.2597,26.1219,48.2251,76.3563,40.1875,44.3669,25.6171,47.0424,58.6865,47.0424,43.2849,20.2643,37.0044,60.793,41.4097,45.762,23.2865,41.7399,70.7381,43.4974,50.6614,33.1126,60.9272,72.8477,51.6556,46.3768,23.2221,47.8955,62.4093,53.701,EPI_ISL_15004067,Avian,H5N1,2022.26,NorthAmerica,A/turkey/Minnesota/22-010771-003-original/2022,G4
0,-1,42.2105,18.2353,38.8235,65.8824,41.1765,44.1365,19.2034,44.0967,81.0811,41.963,47.992,26.7917,47.5553,75.0167,40.8573,44.3203,25.1514,46.5766,58.6865,46.5766,43.1528,19.8238,37.0044,60.793,41.4097,45.3667,25.0439,43.9367,70.2988,41.3005,51.0582,33.1126,62.2517,72.8477,54.3046,46.6667,23.2221,47.8955,62.4093,53.701,EPI_ISL_15004068,Avian,H5N1,2022.263,NorthAmerica,A/turkey/Minnesota/22-010772-004-original/2022,G3
0,-1,42.1517,18.2353,38.8235,65.2941,41.1765,44.2786,19.2034,44.0967,82.5036,42.6743,48.2597,26.1219,48.2251,77.6959,40.1875,44.5065,25.6171,47.0424,58.6865,47.0424,43.1088,20.7048,36.5639,60.793,40.9692,45.5863,23.2865,42.1793,70.2988,42.1793,50.9259,34.4371,62.2517,72.8477,51.6556,46.5217,23.2221,47.8955,62.4093,53.701,EPI_ISL_15004069,Avian,H5N1,2022.263,NorthAmerica,A/turkey/Minnesota/22-010773-001-original/2022,G4
0,-1,42.0341,18.2353,38.8235,64.7059,41.1765,44.2786,19.2034,44.0967,83.2148,42.6743,48.2597,26.1219,48.2251,76.3563,40.1875,44.46,25.6171,47.0424,58.6865,47.5082,43.2409,20.2643,37.0044,60.793,40.9692,45.6302,23.2865,41.3005,71.1775,43.058,50.7937,33.1126,62.2517,72.8477,51.6556,46.3768,23.2221,46.4441,62.4093,53.701,EPI_ISL_15004070,Avian,H5N1,2022.263,NorthAmerica,A/goose/Michigan/22-010845-001-original/2022,G4
0,-1,42.0341,18.2353,38.8235,64.7059,41.1765,44.2786,19.2034,44.0967,83.2148,42.6743,48.2597,26.1219,48.2251,76.3563,40.1875,44.4134,25.6171,47.0424,57.755,47.5082,43.2409,20.2643,37.0044,60.793,40.9692,45.6302,23.2865,41.3005,71.1775,43.058,50.7937,33.1126,62.2517,72.8477,51.6556,46.3768,23.2221,46.4441,62.4093,53.701,EPI_ISL_15004071,Avian,H5N1,2022.263,NorthAmerica,A/goose/Michigan/22-010845-002-original/2022,G4
0,-1,42.0341,18.2353,38.8235,64.7059,41.1765,44.2786,19.2034,44.0967,83.2148,42.6743,48.2597,26.1219,48.2251,76.3563,40.1875,44.4134,25.6171,47.0424,57.755,47.5082,43.2409,20.2643,37.0044,60.793,40.9692,45.6302,23.2865,41.3005,71.1775,43.058,50.7937,33.1126,62.2517,72.8477,51.6556,46.3768,23.2221,46.4441,62.4093,53.701,EPI_ISL_15004072,Avian,H5N1,2022.263,NorthAmerica,A/duck/Michigan/22-010845-003-original/2022,G4
0,-1,42.1517,18.2353,38.8235,64.7059,41.7647,44.2075,19.2034,44.0967,82.5036,41.963,47.7242,28.1313,46.8855,76.3563,36.8386,44.3669,25.6171,46.5766,58.6865,46.5766,43.1718,20.2822,37.037,60.4056,41.0053,44.9715,21.529,44.3761,65.9051,43.058,50.7937,33.1126,62.2517,72.8477,51.6556,46.8116,23.2221,47.8955,65.312,53.701,EPI_ISL_15004372,Avian,H5N1,2022.255,NorthAmerica,A/Amazon_parrot/Michigan/22-010848-001-original/2022,G8
0,-1,42.0929,17.6471,38.8235,64.7059,41.7647,44.2075,19.2034,44.0967,82.5036,41.963,47.7242,28.1313,46.8855,76.3563,36.8386,44.2737,25.6171,46.5766,58.6865,46.5766,43.1528,20.2643,37.0044,60.3524,40.9692,44.9715,21.529,44.3761,65.9051,43.058,50.7937,33.1126,62.2517,72.8477,51.6556,46.8116,23.2221,47.8955,65.312,53.701,EPI_ISL_15004373,Avian,H5N1,2022.255,NorthAmerica,A/Catalina_macaw/Michigan/22-010848-002-original/2022,G8
0,-1,41.9753,17.6471,38.8235,64.1176,41.1765,44.1365,19.2034,43.3855,82.5036,42.6743,48.2597,26.1219,47.5553,77.0261,40.1875,44.3669,25.6171,47.0424,58.6865,47.0424,43.2849,20.7048,37.0044,61.2335,40.9692,45.6302,23.2865,41.7399,70.7381,43.058,50.7937,33.1126,62.2517,72.8477,51.6556,46.5217,23.2221,47.8955,62.4093,53.701,EPI_ISL_15004374,Avian,H5N1,2022.274,NorthAmerica,A/chicken/Nebraska/22-010905-001-original/2022,G4
0,-1,42.1517,18.2353,38.8235,65.2941,41.7647,44.2075,19.9147,42.6743,83.2148,42.6743,47.7242,25.4521,46.2157,73.6772,38.848,44.4134,25.6171,47.0424,58.6865,46.5766,43.0647,20.2643,37.0044,60.3524,40.5286,45.5863,23.7258,45.2548,69.42,39.5431,51.0582,33.1126,63.5762,72.8477,51.6556,46.5217,23.2221,47.8955,62.4093,53.701,EPI_ISL_15004375,Avian,H5N1,2022.268,NorthAmerica,A/chicken/Montana/22-010923-005-original/2022,G6
0,-1,42.2105,18.2353,38.8235,64.7059,41.7647,44.0654,18.4922,43.3855,82.5036,42.6743,47.992,26.7917,47.5553,75.0167,40.8573,44.2737,25.6171,46.5766,58.2208,46.5766,43.3289,18.0617,42.2907,60.3524,39.6476,45.3228,24.6046,43.9367,70.2988,40.8612,50.7937,33.1126,62.2517,72.8477,51.6556,48.1159,30.479,50.7983,62.4093,43.5414,EPI_ISL_15004376,Avian,H5N1,2022.274,NorthAmerica,A/chicken/Minnesota/22-010928-001-original/2022,G3
0,-1,42.2105,18.2353,38.8235,64.7059,41.7647,44.0654,18.4922,43.3855,82.5036,42.6743,47.992,26.7917,47.5553,75.0167,40.8573,44.2737,25.6171,46.5766,58.2208,46.5766,43.373,18.0617,42.2907,60.3524,39.6476,45.3228,24.6046,43.9367,70.2988,40.8612,50.7937,33.1126,62.2517,72.8477,51.6556,48.1159,30.479,50.7983,62.4093,43.5414,EPI_ISL_15004377,Avian,H5N1,2022.274,NorthAmerica,A/turkey/Minnesota/22-010928-002-original/2022,G3
0,-1,42.2693,18.2353,38.8235,65.2941,41.7647,44.0654,18.4922,43.3855,82.5036,42.6743,47.925,26.7917,47.5553,74.347,40.8573,44.2737,25.6171,46.5766,58.2208,46.5766,43.3289,18.0617,42.2907,60.3524,39.6476,45.3228,24.6046,43.9367,70.2988,40.8612,50.7937,33.1126,62.2517,72.8477,51.6556,48.1159,30.479,50.7983,62.4093,43.5414,EPI_ISL_15004378,Avian,H5N1,2022.274,NorthAmerica,A/guinea_fowl/Minnesota/22-010928-003-original/2022,G3
0,-1,42.2105,18.2353,38.8235,64.7059,41.7647,44.0654,18.4922,43.3855,82.5036,42.6743,47.992,26.7917,47.5553,75.0167,40.8573,44.2737,25.6171,46.5766,58.2208,46.5766,43.373,18.0617,42.2907,60.3524,39.6476,45.3228,24.6046,43.9367,70.2988,40.8612,50.7937,33.1126,62.2517,72.8477,51.6556,48.1159,30.479,50.7983,62.4093,43.5414,EPI_ISL_15004379,Avian,H5N1,2022.274,NorthAmerica,A/domestic_duck/Minnesota/22-010928-004-original/2022,G3
0,-1,42.1517,18.2353,39.4118,65.2941,41.7647,44.2075,19.2034,44.0967,83.2148,42.6743,47.5234,26.7917,45.5459,75.6865,36.1688,44.1806,24.6856,46.5766,58.6865,46.1109,43.1968,20.7048,37.0044,61.2335,41.4097,44.9715,21.0896,44.3761,66.3445,43.058,50.9259,34.4371,63.5762,72.8477,51.6556,46.6667,23.2221,46.4441,62.4093,55.1524,EPI_ISL_15004380,Avian,H5N1,2022.274,NorthAmerica,A/chicken/North_Carolina/22-010929-001-original/2022,G8
0,-1,42.1517,18.2353,39.4118,65.2941,41.7647,44.2075,19.2034,44.0967,83.2148,42.6743,47.4565,26.7917,44.8761,75.6865,36.1688,44.1341,24.6856,46.5766,58.6865,46.1109,43.1968,20.7048,37.0044,61.2335,41.4097,44.9715,21.0896,44.3761,66.3445,43.058,50.9259,34.4371,63.5762,72.8477,51.6556,46.6667,23.2221,46.4441,62.4093,55.1524,EPI_ISL_15004381,Avian,H5N1,2022.274,NorthAmerica,A/chicken/North_Carolina/22-010929-002-original/2022,G8
0,-1,42.0929,18.2353,38.2353,65.2941,41.1765,44.2075,19.2034,44.0967,82.5036,42.6743,48.1928,25.4521,48.2251,76.3563,40.1875,44.4134,25.1514,47.0424,58.2208,47.5082,43.1528,20.2643,37.0044,59.9119,40.9692,45.7181,23.2865,41.3005,71.6169,42.6186,50.7937,33.1126,62.2517,72.8477,51.6556,46.8116,23.2221,49.3469,63.8607,53.701,EPI_ISL_15004383,Avian,H5N1,2022.271,NorthAmerica,A/turkey/Wisconsin/22-010935-002-original/2022,G4
0,-1,42.1517,18.2353,38.8235,65.2941,41.1765,44.2075,19.2034,44.0967,82.5036,42.6743,48.2597,26.1219,48.2251,75.6865,40.8573,44.4134,25.6171,47.0424,58.6865,47.0424,43.1968,20.2643,37.0044,60.793,40.9692,45.6741,23.2865,41.7399,70.7381,43.4974,50.7937,33.1126,62.2517,72.8477,51.6556,46.6667,23.2221,47.8955,63.8607,53.701,EPI_ISL_15004384,Avian,H5N1,2022.271,NorthAmerica,A/chicken/North_Dakota/22-010977-001-original/2022,G4
0,-1,42.1517,18.2353,38.8235,65.2941,41.1765,44.2075,19.2034,44.0967,82.5036,42.6743,48.2597,26.1219,48.2251,75.6865,40.8573,44.4134,25.6171,47.0424,58.6865,47.0424,43.1968,20.2643,37.0044,60.793,40.9692,45.6741,23.2865,41.7399,70.7381,43.4974,50.7937,33.1126,62.2517,72.8477,51.6556,46.6667,23.2221,47.8955,63.8607,53.701,EPI_ISL_15004385,Avian,H5N1,2022.271,NorthAmerica,A/chicken/North_Dakota/22-010977-002-original/2022,G4
0,-1,42.2105,18.2353,38.8235,65.2941,42.3529,44.2075,19.2034,44.0967,82.5036,42.6743,48.3266,26.1219,48.2251,77.6959,40.1875,44.46,25.6171,47.0424,59.1523,47.5082,43.1528,19.8238,37.0044,60.793,40.9692,45.8059,23.7258,41.7399,71.6169,43.058,50.9259,33.1126,62.2517,72.8477,54.3046,46.5217,23.2221,47.8955,62.4093,53.701,EPI_ISL_15004386,Avian,H5N1,2022.268,NorthAmerica,A/turkey/Minnesota/22-010991-001-original/2022,G4
0,-1,42.2105,18.2353,38.8235,65.2941,42.3529,44.2075,19.2034,44.0967,82.5036,42.6743,48.3266,26.1219,48.2251,77.6959,40.1875,44.46,25.6171,47.0424,59.1523,47.5082,43.1528,19.8238,37.0044,60.793,40.9692,45.8059,23.7258,41.7399,71.6169,43.058,50.9259,33.1126,62.2517,72.8477,54.3046,46.5217,23.2221,47.8955,62.4093,53.701,EPI_ISL_15004387,Avian,H5N1,2022.268,NorthAmerica,A/turkey/Minnesota/22-010991-002-original/2022,G4
0,-1,42.0341,18.2353,38.8235,64.7059,40.5882,44.2075,19.2034,44.0967,82.5036,42.6743,48.1258,26.7917,47.5553,75.6865,40.8573,44.5065,26.0829,47.5082,58.6865,47.5082,43.1088,20.2643,37.0044,60.3524,40.9692,45.6302,23.2865,41.7399,70.7381,43.058,50.7937,33.1126,62.2517,72.8477,51.6556,46.5217,23.2221,47.8955,62.4093,53.701,EPI_ISL_15004388,Avian,H5N1,2022.268,NorthAmerica,A/turkey/Minnesota/22-010992-001-original/2022,G4
0,-1,42.0341,18.2353,38.8235,64.7059,40.5882,44.2075,19.2034,44.0967,82.5036,42.6743,48.1258,26.7917,47.5553,75.6865,40.8573,44.5065,26.0829,47.5082,58.6865,47.5082,43.1088,20.2643,37.0044,60.3524,40.9692,45.6302,23.2865,41.7399,70.7381,43.058,50.7937,33.1126,62.2517,72.8477,51.6556,46.5217,23.2221,47.8955,62.4093,53.701,EPI_ISL_15004389,Avian,H5N1,2022.268,NorthAmerica,A/turkey/Minnesota/22-010992-002-original/2022,G4
0,-1,42.1517,18.2353,38.8235,65.2941,41.1765,44.4208,20.6259,44.0967,83.2148,42.6743,47.8581,26.7917,47.5553,75.0167,40.8573,44.2737,25.1514,47.0424,59.1523,46.5766,43.417,18.5022,42.2907,59.9119,40.0881,45.4106,24.6046,43.4974,70.2988,41.3005,50.7937,33.1126,62.2517,72.8477,50.3311,48.2609,30.479,50.7983,62.4093,44.9927,EPI_ISL_15004390,Avian,H5N1,2022.271,NorthAmerica,A/chicken/Minnesota/22-010993-001-original/2022,G3
0,-1,42.1517,18.2353,38.8235,65.2941,41.1765,44.3497,19.9147,44.0967,82.5036,42.6743,47.925,26.7917,47.5553,75.0167,40.8573,44.2737,25.1514,47.0424,59.1523,46.5766,43.417,18.5022,42.2907,59.9119,40.0881,45.4106,24.6046,43.4974,70.2988,41.3005,50.7937,33.1126,62.2517,72.8477,50.3311,48.2609,30.479,50.7983,62.4093,44.9927,EPI_ISL_15004391,Avian,H5N1,2022.271,NorthAmerica,A/chicken/Minnesota/22-010993-004-original/2022,G3
0,-1,42.1517,17.6471,38.8235,65.2941,41.1765,43.9943,18.4922,43.3855,82.5036,42.6743,48.2597,26.1219,48.2251,76.3563,40.1875,44.4134,25.6171,47.0424,58.6865,47.0424,43.0647,20.2643,36.5639,60.793,40.9692,45.7181,23.2865,42.1793,70.7381,43.058,50.7937,33.1126,62.2517,72.8477,51.6556,46.5217,23.2221,47.8955,62.4093,53.701,EPI_ISL_15004392,Avian,H5N1,2022.271,NorthAmerica,A/chicken/Minnesota/22-010994-002-original/2022,G4
0,-1,42.0929,17.6471,38.8235,64.7059,41.1765,44.3497,19.9147,44.0967,83.2148,42.6743,48.2597,26.1219,48.2251,76.3563,40.1875,44.4134,25.6171,47.0424,58.6865,47.0424,43.2409,20.2643,37.0044,60.3524,40.9692,45.6302,23.2865,41.3005,70.7381,43.058,50.7937,33.1126,62.2517,72.8477,51.6556,46.3768,23.2221,47.8955,62.4093,53.701,EPI_ISL_15004393,Avian,H5N1,2022.268,NorthAmerica,A/turkey/Minnesota/22-010995-001-original/2022,G4
0,-1,42.0929,17.6471,38.8235,64.7059,41.1765,44.3497,19.9147,44.0967,83.2148,42.6743,48.2597,26.1219,48.2251,76.3563,40.1875,44.4134,25.6171,47.0424,58.6865,47.0424,43.2409,20.2643,37.0044,60.3524,40.9692,45.6302,23.2865,41.3005,70.7381,43.058,50.7937,33.1126,62.2517,72.8477,51.6556,46.3768,23.2221,47.8955,62.4093,53.701,EPI_ISL_15004394,Avian,H5N1,2022.268,NorthAmerica,A/turkey/Minnesota/22-010995-002-original/2022,G4
0,-1,42.0929,18.2353,38.8235,64.7059,41.1765,44.1365,19.2034,43.3855,82.5036,41.963,48.3266,26.1219,48.2251,77.0261,40.1875,44.4134,25.6171,47.0424,58.6865,47.0424,43.2849,20.2643,37.4449,61.2335,41.4097,45.5863,22.8471,41.7399,71.1775,41.7399,50.7937,33.1126,62.2517,72.8477,51.6556,46.6667,23.2221,47.8955,62.4093,53.701,EPI_ISL_15004395,Avian,H5N1,2022.277,NorthAmerica,A/pheasant/South_Dakota/22-011098-001-original/2022,G4
0,-1,42.0341,18.2353,38.2353,64.7059,41.1765,44.1365,19.2034,44.0967,82.5036,41.963,48.2597,25.4521,47.5553,77.0261,40.1875,44.3669,25.6171,47.0424,58.2208,47.0424,43.1968,20.7048,36.5639,60.793,40.9692,45.5863,23.2865,41.7399,70.7381,42.6186,50.7937,33.1126,62.2517,72.8477,51.6556,46.3768,21.7707,47.8955,62.4093,53.701,EPI_ISL_15004396,Avian,H5N1,2022.274,NorthAmerica,A/chicken/North_Dakota/22-011109-001-original/2022,G4
0,-1,41.9753,17.6471,38.8235,65.2941,40.5882,44.1365,19.2034,43.3855,82.5036,42.6743,48.2597,26.7917,48.2251,76.3563,40.1875,44.46,25.6171,46.5766,60.5496,46.5766,43.0647,19.8238,37.0044,59.9119,40.9692,44.8836,22.4077,43.9367,65.9051,42.6186,50.7937,33.1126,62.2517,72.8477,51.6556,46.6667,23.2221,47.8955,62.4093,53.701,EPI_ISL_15004397,Avian,H5N1,2022.268,NorthAmerica,A/turkey/Kansas/22-011119-004-original/2022,
0,-1,42.0929,18.2353,38.8235,65.2941,41.1765,44.2786,19.2034,44.0967,83.2148,42.6743,48.2597,26.1219,48.2251,76.3563,40.1875,44.46,25.6171,47.0424,58.6865,47.5082,43.1968,20.2643,37.0044,60.793,40.9692,45.6302,23.2865,41.3005,71.1775,43.058,50.7937,33.1126,62.2517,72.8477,51.6556,46.3768,23.2221,46.4441,62.4093,53.701,EPI_ISL_15004398,Avian,H5N1,2022.274,NorthAmerica,A/chicken/Michigan/22-011121-001-original/2022,G4
0,-1,42.0341,18.2353,38.8235,64.7059,41.1765,44.2786,19.2034,44.0967,83.2148,42.6743,48.2597,26.1219,48.2251,76.3563,40.1875,44.46,25.6171,47.0424,58.6865,47.5082,43.2409,20.2643,37.0044,60.793,40.9692,45.6302,23.2865,41.3005,71.1775,43.058,50.7937,33.1126,62.2517,72.8477,51.6556,46.3768,23.2221,46.4441,62.4093,53.701,EPI_ISL_15004399,Avian,H5N1,2022.274,NorthAmerica,A/domestic_duck/Michigan/22-011121-002-original/2022,G4
0,-1,42.0341,18.2353,38.8235,64.7059,41.1765,44.2786,19.2034,44.0967,83.2148,42.6743,48.2597,26.1219,48.2251,76.3563,40.1875,44.46,25.6171,47.0424,58.6865,47.5082,43.2409,20.2643,37.0044,60.793,40.9692,45.6302,23.2865,41.3005,71.1775,43.058,50.7937,33.1126,62.2517,72.8477,51.6556,46.3768,23.2221,46.4441,62.4093,53.701,EPI_ISL_15004400,Avian,H5N1,2022.274,NorthAmerica,A/chicken/Michigan/22-011121-003-original/2022,G4
0,-1,42.0341,18.2353,38.8235,64.7059,41.1765,44.2786,19.2034,44.0967,83.2148,42.6743,48.2597,26.1219,48.2251,76.3563,40.1875,44.46,25.6171,47.0424,58.6865,47.5082,43.2409,20.2643,37.0044,60.793,40.9692,45.6302,23.2865,41.3005,71.1775,43.058,50.7937,33.1126,62.2517,72.8477,51.6556,46.3768,23.2221,46.4441,62.4093,53.701,EPI_ISL_15004401,Avian,H5N1,2022.274,NorthAmerica,A/domestic_goose/Michigan/22-011121-005-original/2022,G4
0,-1,42.1517,18.2353,38.8235,65.2941,41.7647,44.2075,19.9147,42.6743,83.2148,42.6743,47.7242,25.4521,46.2157,73.6772,38.848,44.4134,25.6171,47.0424,58.6865,46.5766,43.0647,20.2643,37.0044,60.3524,40.5286,45.5863,23.7258,45.2548,69.42,39.5431,51.0582,33.1126,63.5762,72.8477,51.6556,46.5217,23.2221,47.8955,62.4093,53.701,EPI_ISL_15004402,Avian,H5N1,2022.268,NorthAmerica,A/chicken/Montana/22-010923-004-original/2022,G6
0,-1,42.1517,18.2353,38.8235,65.2941,41.1765,44.2786,19.2034,44.0967,82.5036,42.6743,47.925,26.1219,47.5553,75.0167,40.8573,44.2737,25.6171,47.0424,58.6865,46.5766,43.1528,20.2643,37.8855,59.9119,40.9692,45.3667,24.6046,43.9367,70.2988,40.8612,50.9259,33.1126,62.2517,72.8477,51.6556,46.5217,23.2221,47.8955,62.4093,53.701,EPI_ISL_15004403,Avian,H5N1,2022.274,NorthAmerica,A/turkey/Minnesota/22-011140-001-original/2022,G3
0,-1,42.0341,18.2353,38.8235,65.2941,41.1765,44.2075,19.9147,44.0967,82.5036,41.963,47.992,26.7917,47.5553,74.347,40.8573,44.46,25.6171,47.0424,59.1523,46.5766,43.2849,17.6211,41.8502,60.3524,39.6476,45.4106,24.6046,43.9367,70.2988,41.3005,50.6614,33.1126,62.2517,71.5232,51.6556,48.2609,30.479,50.7983,62.4093,44.9927,EPI_ISL_15004404,Avian,H5N1,2022.274,NorthAmerica,A/turkey/Minnesota/22-011141-001-original/2022,G3
0,-1,42.0341,18.2353,38.8235,65.2941,41.1765,44.1365,19.9147,44.0967,82.5036,41.963,47.992,26.7917,47.5553,74.347,40.8573,44.4134,25.6171,47.0424,59.1523,46.5766,43.3289,17.6211,41.8502,60.3524,39.6476,45.4106,24.6046,43.4974,70.2988,41.3005,50.6614,33.1126,62.2517,71.5232,51.6556,48.1159,29.0276,50.7983,62.4093,44.9927,EPI_ISL_15004405,Avian,H5N1,2022.274,NorthAmerica,A/turkey/Minnesota/22-011141-002-original/2022,G3
0,-1,42.1517,18.2353,38.8235,65.8824,41.1765,44.4208,19.9147,44.0967,83.2148,42.6743,48.0589,26.7917,47.5553,75.6865,40.8573,44.2737,25.6171,46.5766,58.2208,46.5766,43.373,18.0617,42.2907,60.3524,39.6476,45.235,24.6046,43.4974,70.2988,41.3005,50.9259,33.1126,62.2517,72.8477,51.6556,48.4058,30.479,50.7983,63.8607,44.9927,EPI_ISL_15004406,Avian,H5N1,2022.274,NorthAmerica,A/turkey/Minnesota/22-011142-001-original/2022,G3
0,-1,42.1517,18.2353,38.8235,65.8824,41.1765,44.4208,19.9147,44.0967,83.2148,42.6743,48.0589,26.7917,47.5553,75.6865,40.8573,44.2737,25.6171,46.5766,58.2208,46.5766,43.373,18.0617,42.2907,60.3524,39.6476,45.235,24.6046,43.4974,70.2988,41.3005,50.9259,33.1126,62.2517,72.8477,51.6556,48.4058,30.479,50.7983,63.8607,44.9927,EPI_ISL_15004407,Avian,H5N1,2022.274,NorthAmerica,A/turkey/Minnesota/22-011142-002-original/2022,G3
0,-1,42.2693,18.2353,39.4118,65.2941,42.3529,44.2075,18.4922,44.0967,82.5036,43.3855,48.1928,26.1219,48.2251,75.6865,40.1875,44.3203,25.6171,46.5766,58.6865,47.0424,43.1088,20.2643,37.0044,60.793,40.5286,45.6302,23.2865,41.7399,70.2988,43.058,50.7937,33.1126,62.2517,72.8477,51.6556,46.5217,23.2221,47.8955,62.4093,53.701,EPI_ISL_15004408,Avian,H5N1,2022.274,NorthAmerica,A/chicken/Wisconsin/22-011213-001-original/2022,G4
0,-1,42.2693,18.2353,39.4118,65.2941,42.3529,44.2075,18.4922,44.0967,82.5036,43.3855,48.1928,26.1219,48.2251,75.6865,40.1875,44.3203,25.6171,46.5766,58.6865,47.0424,43.1088,20.2643,37.0044,60.793,40.5286,45.6302,23.2865,41.7399,70.2988,43.058,50.7937,33.1126,62.2517,72.8477,51.6556,46.5217,23.2221,47.8955,62.4093,53.701,EPI_ISL_15004409,Avian,H5N1,2022.274,NorthAmerica,A/chicken/Wisconsin/22-011213-002-original/2022,G4
0,-1,42.1517,18.2353,38.8235,65.2941,41.1765,44.2075,19.2034,44.0967,82.5036,42.6743,48.2597,26.1219,48.2251,76.3563,40.1875,44.46,25.6171,47.0424,59.1523,47.0424,43.1968,20.2643,37.0044,60.793,40.9692,45.6741,23.7258,42.1793,70.7381,43.058,50.9259,34.4371,62.2517,72.8477,51.6556,46.3768,23.2221,47.8955,62.4093,53.701,EPI_ISL_15004410,Avian,H5N1,2022.277,NorthAmerica,A/chicken/North_Dakota/22-011286-001-original/2022,G4
0,-1,42.0929,18.2353,38.8235,65.2941,41.7647,44.3497,19.2034,44.0967,82.5036,44.0967,48.3266,26.1219,48.2251,77.6959,40.1875,44.2737,24.6856,46.5766,58.6865,46.5766,43.0647,19.8238,37.0044,60.3524,40.9692,45.6741,23.2865,41.7399,70.7381,43.058,50.7937,31.7881,62.2517,74.1722,51.6556,46.5217,23.2221,47.8955,62.4093,53.701,EPI_ISL_15004411,Avian,H5N1,2022.279,NorthAmerica,A/chicken/Wisconsin/22-011334-002-original/2022,G4
0,-1,42.0929,18.2353,38.8235,65.2941,41.7647,44.3497,19.2034,44.0967,82.5036,44.0967,48.3266,26.1219,48.2251,77.6959,40.1875,44.2737,24.6856,46.5766,58.6865,46.5766,43.0647,19.8238,37.0044,60.3524,40.9692,45.6741,23.2865,41.7399,70.7381,43.058,50.7937,31.7881,62.2517,74.1722,51.6556,46.5217,23.2221,47.8955,62.4093,53.701,EPI_ISL_15004412,Avian,H5N1,2022.279,NorthAmerica,A/chicken/Wisconsin/22-011334-003-original/2022,G4
0,-1,42.1517,17.6471,38.8235,65.2941,41.1765,43.9943,18.4922,43.3855,82.5036,42.6743,48.2597,26.1219,48.2251,76.3563,40.1875,44.4134,25.6171,47.0424,58.6865,47.0424,43.0647,20.2643,36.5639,60.793,40.9692,45.7181,23.2865,42.1793,70.7381,43.058,50.7937,33.1126,62.2517,72.8477,51.6556,46.5217,23.2221,47.8955,62.4093,53.701,EPI_ISL_15004413,Avian,H5N1,2022.271,NorthAmerica,A/chicken/Minnesota/22-010994-001-original/2022,G4
0,-1,41.5638,17.6471,38.8235,63.5294,41.7647,44.634,21.3371,45.5192,81.0811,41.963,47.5904,28.1313,46.2157,74.347,35.499,44.2737,23.7541,44.2478,61.4811,47.5082,43.1968,19.8238,38.326,61.2335,42.7313,44.4005,20.2109,41.7399,65.4657,40.4218,50.7937,35.7616,63.5762,72.8477,52.9801,46.3768,26.1248,46.4441,60.9579,53.701,EPI_ISL_15038818,Avian,H5N1,2022.677,Europe,A/pheasant/England/115311/2022,G2
0,-1,41.5638,17.6471,38.8235,63.5294,41.7647,44.705,21.3371,45.5192,81.0811,41.963,47.6573,28.1313,46.2157,75.0167,35.499,44.2737,23.7541,44.2478,61.4811,47.5082,43.1968,19.8238,38.326,61.2335,42.7313,44.3566,19.3322,42.1793,65.4657,40.4218,50.9259,35.7616,64.9007,72.8477,52.9801,46.3768,26.1248,46.4441,60.9579,53.701,EPI_ISL_15038819,Avian,H5N1,2022.677,Europe,A/partridge/England/115171/2022,G2
0,-1,41.7402,18.2353,38.8235,63.5294,42.3529,44.4918,19.2034,44.0967,82.5036,43.3855,48.1928,28.8011,47.5553,76.3563,38.1782,44.2737,25.1514,47.0424,56.3577,47.5082,43.5051,19.3833,38.7665,59.9119,44.0529,45.191,22.8471,44.8155,67.6626,43.9367,51.1905,34.4371,64.9007,75.4967,52.9801,46.9565,24.6734,49.3469,65.312,53.701,EPI_ISL_15038820,Avian,H5N1,2022.677,Europe,A/chicken/England/115126/2022,G10
0,-1,41.6814,18.2353,38.2353,65.8824,40.5882,44.705,20.6259,46.2304,81.0811,43.3855,47.3226,24.7823,46.2157,75.0167,34.8292,44.2272,23.7541,44.7136,61.9469,46.5766,43.2849,19.8238,38.326,60.793,43.1718,44.664,20.2109,42.1793,65.4657,40.4218,50.6614,34.4371,64.9007,72.8477,52.9801,46.8116,24.6734,46.4441,68.2148,53.701,EPI_ISL_15038822,Avian,H5N1,2022.668,Europe,A/chicken/England/114595/2022,G2
0,-1,42.2105,18.2353,38.8235,65.8824,41.1765,44.2786,19.2034,44.0967,82.5036,42.6743,47.925,26.1219,47.5553,75.0167,40.1875,44.3669,25.6171,47.0424,58.6865,46.5766,43.1968,19.8238,37.4449,59.9119,41.4097,45.5863,22.4077,42.6186,71.6169,40.8612,51.0582,34.4371,63.5762,72.8477,51.6556,46.5217,23.2221,47.8955,62.4093,53.701,EPI_ISL_15063618,Avian,H5N1,2022.266,NorthAmerica,A/snow_goose/North_Dakota/N22-06/2022,
0,-1,42.0929,18.2353,38.8235,65.2941,40.5882,44.1365,19.2034,44.0967,82.5036,41.963,48.2597,26.1219,48.2251,76.3563,40.1875,44.5531,25.6171,46.5766,58.6865,47.9739,43.3289,19.3833,37.8855,59.9119,42.7313,45.4106,20.6503,42.6186,69.42,42.1793,50.9259,34.4371,62.2517,72.8477,51.6556,46.5217,23.2221,47.8955,62.4093,53.701,EPI_ISL_15063648,Avian,H5N1,2022.266,NorthAmerica,A/snow_goose/North_Dakota/N22-04/2022,G4
0,-1,42.0929,18.2353,38.2353,65.2941,41.1765,44.2075,19.2034,44.0967,82.5036,42.6743,48.1928,26.1219,47.5553,76.3563,40.1875,44.5065,26.0829,47.0424,58.6865,47.5082,43.1968,20.2643,37.0044,60.793,40.9692,45.6741,23.2865,41.7399,70.7381,43.058,50.7937,33.1126,62.2517,72.8477,51.6556,46.5217,23.2221,47.8955,62.4093,53.701,EPI_ISL_15063668,Avian,H5N1,2022.266,NorthAmerica,A/snow_goose/North_Dakota/N22-05/2022,G4
0,-1,42.0929,17.0588,38.8235,65.2941,41.7647,44.2786,19.9147,44.0967,82.5036,42.6743,47.925,26.7917,47.5553,75.0167,37.5084,44.4134,25.6171,47.0424,59.6181,47.0424,42.5363,18.5022,40.5286,58.1498,38.7665,45.5424,23.7258,42.6186,67.2232,42.1793,50.9259,33.1126,62.2517,74.1722,51.6556,46.6667,23.2221,47.8955,62.4093,53.701,EPI_ISL_15063839,Avian,H5N1,2022.285,NorthAmerica,A/bald_eagle/Virginia/W22-306/2022,G5
0,-1,42.1517,17.6471,38.2353,64.7059,42.3529,44.2786,19.2034,44.808,82.5036,41.2518,47.7242,26.1219,46.2157,75.0167,37.5084,44.46,25.6171,47.0424,60.0838,47.0424,42.5363,18.0617,40.9692,56.8282,38.7665,45.4545,23.7258,42.6186,66.7838,41.7399,50.6614,31.7881,60.9272,74.1722,51.6556,46.5217,21.7707,47.8955,60.9579,55.1524,EPI_ISL_15063841,Avian,H5N1,2022.293,NorthAmerica,A/muscovy_duck/Florida/W22-306/2022,G5
0,1,41.7402,18.8235,38.8235,65.8824,41.1765,44.7761,20.6259,44.808,82.5036,44.0967,47.7242,22.7729,48.2251,80.3751,46.8855,43.4358,20.9595,44.2478,59.6181,47.0424,43.373,19.8238,38.7665,61.674,41.4097,44.2882,20.2287,42.2164,62.8848,39.5778,50.3968,33.1126,64.9007,70.1987,51.6556,45.942,23.2221,56.6038,63.8607,39.1872,EPI_ISL_15069398,Avian,H5N1,2022.605,Europe,A/European_Herring_Gull/Netherlands/12/2022,G1
0,-1,41.6814,18.2353,39.4118,64.7059,40,44.808,21.3675,45.584,81.1966,43.4473,47.6573,26.7917,46.2157,76.3563,35.499,44.2272,24.2198,44.2478,60.0838,47.0424,43.373,20.2643,38.7665,60.3524,42.7313,44.5079,20.2287,42.6561,64.204,40.4573,50.6614,34.4371,63.5762,72.8477,51.6556,46.8116,23.2221,47.8955,66.7634,53.701,EPI_ISL_15069399,Avian,H5N1,2022.605,Europe,A/Black-headed_gull/Netherlands/10/2022,G2
0,-1,41.4462,17.6471,36.4706,65.2941,41.7647,44.9183,21.3371,45.5192,82.5036,43.3855,47.5234,26.1219,46.2157,75.0167,36.8386,44.1806,24.6856,44.7136,60.5496,46.1109,43.2409,18.9427,38.7665,59.9119,42.7313,44.3761,19.7889,42.2164,63.7643,39.5778,50.5291,34.4371,63.5762,72.8477,52.9801,46.6667,26.1248,47.8955,62.4093,53.701,EPI_ISL_15069400,Avian,H5N1,2022.605,Europe,A/Mute_Swan/Netherlands/1/2022,G2
0,1,41.7402,18.8235,38.8235,65.8824,41.1765,44.634,20.6259,44.808,82.5036,42.6743,47.7242,22.7729,48.2251,80.3751,46.8855,43.4823,20.9595,44.7136,59.1523,47.5082,43.5051,20.7048,39.207,62.1145,41.8502,44.2882,20.2287,41.7766,62.8848,39.5778,50.3968,33.1126,64.9007,70.1987,51.6556,46.087,24.6734,56.6038,63.8607,39.1872,EPI_ISL_15069401,Avian,H5N1,2022.611,Europe,A/Common_Tern/Netherlands/26/2022,G1
0,-1,42.0929,19.4118,38.8235,64.7059,42.9412,44.5629,19.9147,44.0967,81.0811,44.808,48.0589,28.8011,47.5553,77.0261,36.8386,44.1341,25.1514,47.9739,55.4262,47.5082,43.461,20.7048,38.7665,59.9119,43.1718,45.3667,22.4077,45.2548,67.6626,44.3761,50.5291,34.4371,62.2517,71.5232,52.9801,46.9565,27.5762,49.3469,65.312,53.701,EPI_ISL_15072538,Avian,H5N1,2022.288,Asia,A/chicken/Hokkaido/I-1/2022,G11
0,-1,42.328,19.4118,38.8235,65.8824,42.9412,44.8472,19.9147,45.5192,82.5036,44.0967,48.1928,28.8011,48.2251,78.3657,36.8386,44.4134,25.6171,47.9739,56.8235,47.9739,43.461,20.2643,38.7665,59.9119,43.1718,45.235,22.4077,44.8155,67.2232,43.9367,50.7937,34.4371,63.5762,72.8477,52.9801,46.8116,24.6734,47.8955,68.2148,50.7983,EPI_ISL_15072539,Avian,H5N1,2022.288,Asia,A/emu/Hokkaido/A-2/2022,G11
0,-1,42.2693,19.4118,38.8235,65.8824,42.9412,44.705,19.9147,44.808,82.5036,44.0967,48.0589,28.8011,47.5553,77.0261,36.8386,44.46,25.6171,47.9739,57.2892,47.9739,43.5491,20.2643,39.6476,59.9119,43.6123,45.235,22.4077,44.8155,67.6626,43.9367,50.6614,33.1126,62.2517,72.8477,52.9801,46.8116,24.6734,47.8955,65.312,53.701,EPI_ISL_15072540,Avian,H5N1,2022.375,Asia,A/crow/Hokkaido/HU-1/2022,G11
0,-1,42.0929,18.2353,39.4118,65.2941,38.8235,44.3497,19.2034,44.0967,83.926,43.3855,48.2597,26.1219,48.2251,76.3563,40.1875,44.5996,26.0829,47.0424,58.6865,47.0424,43.2409,20.7048,36.5639,60.793,41.4097,45.5863,22.8471,41.7399,70.2988,42.6186,50.7937,33.1126,62.2517,72.8477,51.6556,46.3768,23.2221,47.8955,60.9579,53.701,EPI_ISL_15077371,Avian,H5N1,2022.282,NorthAmerica,A/chicken/Idaho/22-011347-004-original/2022,G4
0,-1,42.2105,18.2353,38.8235,65.2941,42.3529,44.1365,18.4922,44.0967,81.7923,42.6743,47.5234,27.4615,45.5459,76.3563,34.8292,44.46,25.1514,46.1109,59.1523,47.9739,43.2409,20.7048,37.0044,60.793,40.9692,44.9275,21.0896,43.9367,66.3445,43.058,50.9259,33.1126,62.2517,72.8477,51.6556,46.6667,23.2221,47.8955,63.8607,52.2496,EPI_ISL_15077373,Avian,H5N1,2022.296,NorthAmerica,A/chicken/Pennsylvania/22-012092-006-original/2022,G8
0,-1,42.1517,18.2353,38.8235,65.2941,41.7647,44.2075,19.9147,43.3855,82.5036,42.6743,48.2597,26.1219,48.8948,75.0167,40.8573,44.46,25.6171,46.5766,59.1523,47.0424,43.2409,20.2643,37.0044,60.793,40.9692,45.6741,23.2865,41.7399,70.7381,43.058,50.7937,33.1126,62.2517,72.8477,51.6556,46.5217,23.2221,47.8955,62.4093,53.701,EPI_ISL_15077375,Avian,H5N1,2022.293,NorthAmerica,A/red-shouldered_hawk/Minnesota/22-012000-004-original/2022,G4
0,-1,42.3868,17.6471,39.4118,65.2941,42.3529,44.4208,19.9147,45.5192,83.2148,42.6743,47.7242,25.4521,46.2157,75.6865,36.8386,44.46,25.6171,46.5766,59.6181,47.0424,42.5363,18.0617,40.9692,57.2687,38.7665,45.6302,25.4833,42.6186,67.2232,42.1793,50.9259,33.1126,62.2517,72.8477,54.3046,46.6667,23.2221,47.8955,62.4093,53.701,EPI_ISL_15077376,Avian,H5N1,2022.285,NorthAmerica,A/black_vulture/Florida/22-012331-001-original/2022,G5
0,-1,42.3868,17.6471,39.4118,65.2941,42.3529,44.4208,19.9147,45.5192,83.2148,42.6743,47.7242,25.4521,46.8855,75.6865,36.8386,44.46,25.6171,46.5766,60.0838,47.0424,42.5363,18.0617,40.9692,57.2687,38.7665,45.6741,25.9227,42.6186,67.2232,42.1793,50.9259,33.1126,62.2517,72.8477,54.3046,46.6667,23.2221,47.8955,62.4093,53.701,EPI_ISL_15077377,Avian,H5N1,2022.288,NorthAmerica,A/black_vulture/Florida/22-012333-001-original/2022,G5
0,-1,42.0341,18.2353,38.8235,65.2941,40,44.3497,19.2034,44.0967,83.2148,43.3855,48.2597,26.1219,48.2251,76.3563,40.1875,44.4134,25.6171,47.0424,58.6865,47.0424,43.2849,20.7048,37.0044,61.2335,41.4097,45.5863,22.8471,41.7399,70.7381,42.6186,50.6614,33.1126,60.9272,72.8477,51.6556,46.5217,23.2221,47.8955,62.4093,53.701,EPI_ISL_15078237,Avian,H5N1,2022.279,NorthAmerica,A/Canada_goose/Wyoming/22-011671-001-original/2022,G4
0,-1,41.9165,17.6471,38.8235,65.2941,40,44.2075,19.2034,44.0967,82.5036,43.3855,48.2597,26.1219,48.2251,76.3563,40.1875,44.3669,25.6171,47.0424,58.6865,46.1109,43.1968,19.8238,37.0044,61.2335,40.9692,45.7181,23.2865,41.7399,71.1775,43.058,50.7937,33.1126,62.2517,72.8477,51.6556,46.5217,23.2221,47.8955,62.4093,53.701,EPI_ISL_15078238,Avian,H5N1,2022.299,NorthAmerica,A/turkey/Iowa/22-012098-001-original/2022,G4
0,-1,42.2105,17.6471,38.8235,65.2941,41.7647,44.1365,19.2034,44.0967,82.5036,42.6743,47.7242,26.1219,46.8855,75.0167,37.5084,44.4134,25.6171,47.0424,59.6181,46.5766,42.4923,17.6211,40.9692,58.1498,37.8855,45.5424,24.6046,42.1793,67.2232,42.1793,51.0582,33.1126,62.2517,74.1722,51.6556,46.5217,23.2221,47.8955,62.4093,53.701,EPI_ISL_15078239,Avian,H5N1,2022.301,NorthAmerica,A/black_vulture/Maryland/22-012407-001-original/2022,G5
0,-1,42.0929,17.6471,38.2353,65.2941,41.1765,44.0654,19.9147,43.3855,81.7923,42.6743,48.3266,26.7917,48.2251,76.3563,40.8573,44.5531,25.6171,47.0424,58.6865,47.0424,43.2409,20.2643,37.0044,60.793,40.9692,45.6741,23.2865,41.7399,70.7381,43.058,50.7937,33.1126,62.2517,72.8477,51.6556,46.8116,23.2221,49.3469,65.312,53.701,EPI_ISL_15078240,Avian,H5N1,2022.315,NorthAmerica,A/Coopers_hawk/Minnesota/22-012931-001-original/2022,G4
0,-1,42.0929,18.8235,38.8235,65.2941,41.7647,44.0654,18.4922,43.3855,82.5036,42.6743,47.6573,25.4521,46.2157,73.6772,38.1782,44.3203,25.1514,47.5082,58.2208,46.5766,43.0647,20.2643,37.4449,60.793,40.5286,45.5424,23.7258,45.2548,68.9807,39.9824,50.7937,33.1126,62.2517,72.8477,51.6556,46.5217,23.2221,47.8955,62.4093,53.701,EPI_ISL_15078241,Avian,H5N1,2022.304,NorthAmerica,A/bald_eagle/Wyoming/22-013015-001-original/2022,G6
0,-1,42.1395,17.1496,39.0302,65.0503,41.3956,44.3497,19.2034,44.0967,83.2148,42.6743,47.925,26.1219,46.2157,75.0167,38.848,43.4358,21.891,45.1793,56.8235,42.3847,42.5804,18.0617,40.9692,57.7093,38.7665,45.5424,24.6046,43.058,67.6626,42.1793,50.6614,33.1126,62.2517,71.5232,51.6556,46.8116,24.6734,47.8955,62.4093,53.701,EPI_ISL_15078244,Avian,H5N1,2022.337,NorthAmerica,A/chicken/Michigan/22-013961-001-original/2022,G5
1,-1,42.2693,18.2353,38.8235,65.8824,41.7647,44.3452,18.615,44.6761,85.6292,41.6977,47.7242,26.1219,46.2157,75.0167,37.5084,43.4358,21.4252,45.6451,57.2892,42.8505,42.4923,18.0617,40.9692,57.2687,38.7665,45.6302,24.6046,42.6186,67.6626,42.1793,50.7937,33.1126,62.2517,72.8477,51.6556,46.8116,24.6734,47.8955,62.4093,53.701,EPI_ISL_15078245,Canine,H5N1,2022.304,NorthAmerica,A/fox/Michigan/22-014536-004-original/2022,G5
1,-1,42.0341,17.6471,38.2353,64.1176,41.1765,44.1365,19.2034,44.0967,82.5036,42.6743,47.8581,26.7917,47.5553,74.347,40.1875,44.0875,25.1514,47.0424,57.755,45.6451,43.2849,18.0617,41.4097,59.9119,39.6476,45.3228,24.6046,44.3761,70.2988,40.4218,51.1905,35.7616,63.5762,72.8477,51.6556,46.6667,23.2221,47.8955,62.4093,53.701,EPI_ISL_15078246,Canine,H5N1,2022.334,NorthAmerica,A/fox/Wisconsin/22-014746-008-original/2022,
1,-1,42.0929,18.8235,39.4118,65.2941,41.1765,44.1365,17.7809,44.0967,82.5036,41.963,47.925,26.7917,47.5553,75.0167,40.8573,44.5531,26.0829,47.9739,60.0838,47.0424,43.0647,19.8238,37.4449,60.3524,40.5286,45.4545,24.6046,44.3761,70.7381,41.3005,50.9259,33.1126,62.2517,72.8477,51.6556,46.2319,23.2221,46.4441,60.9579,47.8955,EPI_ISL_15078247,Canine,H5N1,2022.342,NorthAmerica,A/fox/Wisconsin/22-014746-030-original/2022,G3
1,-1,42.2105,18.2353,38.8235,65.8824,41.1765,44.3497,19.2034,44.808,82.5036,42.6743,47.8581,26.1219,47.5553,74.347,40.1875,44.2272,25.6171,47.0424,57.755,46.5766,43.417,18.0617,42.2907,61.2335,39.6476,45.4106,25.4833,43.9367,70.7381,40.8612,50.9259,33.1126,62.2517,72.8477,51.6556,48.1159,30.479,50.7983,60.9579,44.9927,EPI_ISL_15078248,Feline,H5N1,2022.392,NorthAmerica,A/bobcat/Wisconsin/22-016051-001-original/2022,G3
1,-1,42.1517,18.2353,38.8235,65.2941,41.1765,44.4208,19.2034,44.808,82.5036,42.6743,47.8581,26.1219,47.5553,74.347,40.1875,44.3203,26.0829,47.0424,58.6865,46.5766,43.373,18.0617,42.2907,61.2335,38.7665,45.3667,25.0439,43.9367,70.7381,40.8612,50.9259,33.1126,62.2517,72.8477,51.6556,48.2609,30.479,50.7983,63.8607,44.9927,EPI_ISL_15078249,Canine,H5N1,2022.362,NorthAmerica,A/fox/Minnesota/22-016487-001-original/2022,G3
1,-1,42.0929,17.6471,38.2353,64.7059,41.7647,44.3497,19.2034,44.808,82.5036,43.3855,47.7242,25.4521,46.8855,75.6865,37.5084,43.4358,20.9595,45.1793,57.2892,43.3163,42.4483,17.6211,40.9692,56.8282,39.6476,45.5863,25.0439,42.6186,67.2232,41.3005,50.9259,33.1126,62.2517,72.8477,51.6556,46.5217,23.2221,46.4441,60.9579,53.701,EPI_ISL_15078250,Rodent,H5N1,2022.395,NorthAmerica,A/Virginia_opossum/Iowa/22-016780-001-original/2022,G5
1,-1,42.0929,18.2353,38.8235,64.7059,41.1765,44.2075,19.2034,44.0967,82.5036,42.6743,48.0589,26.7917,47.5553,74.347,42.1969,44.3669,25.6171,47.0424,58.6865,46.5766,43.2409,20.7048,37.8855,61.2335,40.9692,45.4545,25.4833,43.9367,71.1775,40.8612,50.7937,31.7881,62.2517,71.5232,51.6556,46.8116,23.2221,49.3469,62.4093,53.701,EPI_ISL_15078251,Canine,H5N1,2022.419,NorthAmerica,A/red_fox/North_Dakota/22-017354-001-original/2022,G3
1,-1,42.0341,18.2353,38.8235,64.7059,40,44.4918,19.9147,44.808,82.5036,44.0967,48.2597,26.1219,48.2251,76.3563,40.1875,44.5065,26.5487,47.5082,58.6865,47.0424,43.3289,20.2643,37.0044,61.2335,41.8502,45.5424,22.8471,41.7399,71.1775,42.1793,50.6614,31.7881,62.2517,71.5232,52.9801,46.5217,23.2221,47.8955,62.4093,53.701,EPI_ISL_15078252,OtherMammal,H5N1,2022.433,NorthAmerica,A/raccoon/Washington/22-018406-002-original/2022,G4
1,-1,42.0341,17.6471,38.8235,64.1176,41.1765,44.2075,19.2034,44.0967,81.7923,43.3855,47.992,26.7917,47.5553,75.0167,40.8573,44.3669,25.6171,47.0424,59.1523,46.5766,43.3289,18.0617,41.8502,59.9119,40.5286,45.3667,25.4833,43.9367,69.8594,41.7399,51.0582,34.4371,62.2517,72.8477,51.6556,48.1159,30.479,49.3469,62.4093,44.9927,EPI_ISL_15078253,Canine,H5N1,2022.433,NorthAmerica,A/red_fox/Michigan/22-018712-001-original/2022,G3
1,-1,41.8577,18.8235,38.2353,65.2941,39.4118,44.2075,17.7809,44.0967,82.5036,41.963,47.925,26.7917,47.5553,74.347,40.8573,44.1806,24.6856,46.5766,58.6865,46.5766,43.373,18.0617,42.2907,60.793,39.207,45.4985,24.6046,43.9367,70.7381,41.7399,50.5291,31.7881,62.2517,72.8477,50.3311,47.971,29.0276,50.7983,60.9579,44.9927,EPI_ISL_15078254,OtherMammal,H5N1,2022.43,NorthAmerica,A/skunk/Washington/22-019274-001-original/2022,G3
0,-1,42.2105,18.2353,38.8235,65.2941,42.3529,44.1365,18.4922,44.0967,81.7923,42.6743,47.5234,27.4615,45.5459,76.3563,34.8292,44.46,25.1514,46.1109,59.1523,47.9739,43.2409,20.7048,37.0044,60.793,40.9692,44.9275,21.0896,43.9367,66.3445,43.058,50.9259,33.1126,62.2517,72.8477,51.6556,46.6667,23.2221,47.8955,63.8607,52.2496,EPI_ISL_15078261,Avian,H5N1,2022.296,NorthAmerica,A/chicken/Pennsylvania/22-012092-010-original/2022,G8
0,-1,41.6226,18.2353,38.8235,63.5294,41.1765,45.0925,22.0798,46.2963,83.3333,44.1595,47.5234,26.7917,46.8855,77.0261,34.8292,44.3203,23.2883,43.782,61.0154,46.5766,43.0396,19.4004,38.8007,59.5238,42.769,44.3077,19.3662,41.8134,64.2606,39.6127,50.7937,35.7616,64.9007,72.8477,52.9801,46.6667,24.6734,47.8955,62.4093,53.701,EPI_ISL_15088295,Avian,H5N1,2022.625,Europe,A/Common_Buzzard/Netherlands/1/2022,G2
0,1,41.7989,18.8235,38.8235,65.8824,41.7647,44.808,20.6553,44.8718,84.0456,42.735,47.7912,22.7729,48.2251,81.7147,46.8855,43.3426,21.4252,44.7136,58.2208,47.0424,43.2159,19.8413,39.2416,59.9647,41.4462,44.3956,21.1268,42.2535,62.5,40.0528,50.5291,34.4371,64.9007,71.5232,51.6556,46.087,24.6734,56.6038,63.8607,39.1872,EPI_ISL_15088296,Avian,H5N1,2022.63,Europe,A/European_Herring_Gull/Netherlands/13/2022,G1
0,1,41.6226,18.8235,38.2353,64.7059,42.3529,44.4523,19.2308,45.584,82.6211,42.0228,47.925,22.7729,48.8948,83.0543,46.8855,43.3892,20.9595,44.7136,58.6865,46.5766,43.1968,19.8238,38.7665,60.3524,40.9692,44.2198,19.8063,41.8134,62.5,39.6127,50.2646,33.1126,64.9007,71.5232,50.3311,45.7971,23.2221,55.1524,63.8607,39.1872,EPI_ISL_15088297,Avian,H5N1,2022.641,Europe,A/European_Herring_Gull/Netherlands/14/2022,G1
0,-1,41.6226,18.2353,38.2353,64.1176,41.7647,44.808,21.3675,45.584,82.6211,43.4473,47.5904,26.7917,46.2157,77.0261,35.499,44.1806,23.2883,44.2478,60.0838,46.5766,43.3289,19.8238,38.7665,60.3524,42.7313,44.464,19.7889,42.2164,64.204,39.5778,50.7937,34.4371,64.9007,72.8477,52.9801,46.6667,24.6734,47.8955,65.312,53.701,EPI_ISL_15088298,Avian,H5N1,2022.641,Europe,A/Northern_Gannet/Netherlands/1/2022,G2
0,-1,41.4462,17.6471,38.2353,62.9412,41.1765,45.0213,21.3675,46.2963,83.3333,43.4473,47.6573,26.7917,46.2157,78.3657,35.499,44.2737,23.2883,43.3163,61.9469,46.5766,43.0647,19.3833,38.7665,59.9119,42.7313,44.3516,19.3662,41.8134,64.2606,39.6127,50.7937,35.7616,64.9007,72.8477,52.9801,46.5217,24.6734,46.4441,60.9579,53.701,EPI_ISL_15088299,Avian,H5N1,2022.649,Europe,A/Greylag_Goose/Netherlands/10/2022,G2
0,-1,41.4462,17.6471,38.2353,62.3529,41.1765,45.0213,21.3675,46.2963,84.0456,44.1595,47.4565,26.7917,46.2157,76.3563,35.499,44.3669,23.2883,43.782,61.0154,46.5766,43.1088,19.3833,39.207,60.3524,42.7313,44.3516,19.3662,41.8134,64.2606,39.6127,50.9259,35.7616,64.9007,74.1722,52.9801,46.5217,24.6734,46.4441,60.9579,53.701,EPI_ISL_15088300,Avian,H5N1,2022.649,Europe,A/Greylag_Goose/Netherlands/11/2022,G2
0,-1,41.7989,17.6471,38.2353,63.5294,42.3529,44.6657,19.943,45.584,83.3333,42.735,47.4565,26.1219,44.8761,75.6865,34.8292,44.1341,24.2198,44.2478,60.0838,46.1109,43.2849,20.7048,39.207,60.793,42.2907,44.7033,21.5669,43.5739,65.1408,39.6127,50.6614,34.4371,64.9007,72.8477,51.6556,46.6667,24.6734,49.3469,66.7634,53.701,EPI_ISL_15088302,Avian,H5N1,2022.652,Europe,A/Greylag_Goose/Netherlands/13/2022,G2
0,-1,41.8577,17.6471,38.8235,62.9412,42.9412,44.5235,19.943,44.8718,82.6211,42.0228,47.5234,26.1219,45.5459,75.6865,34.8292,44.2272,24.6856,44.2478,60.0838,46.1109,43.2849,20.7048,39.207,59.9119,42.2907,44.5714,20.6866,43.5739,64.2606,40.0528,50.7937,34.4371,66.2252,72.8477,52.9801,46.3768,21.7707,47.8955,66.7634,53.701,EPI_ISL_15088303,Avian,H5N1,2022.658,Europe,A/Lesser_Black-backed_Gull/Netherlands/3/2022,G2
0,1,41.7402,18.8235,38.8235,65.8824,41.1765,44.7368,20.6553,44.8718,82.6211,43.4473,47.7242,22.7729,48.2251,80.3751,46.8855,43.3426,20.4937,44.2478,59.1523,47.0424,43.4802,20.2822,39.2416,61.7284,41.4462,44.1758,20.2465,41.8134,62.5,39.1725,50.2646,33.1126,64.9007,68.8742,51.6556,45.942,24.6734,56.6038,63.8607,37.7358,EPI_ISL_15088304,Avian,H5N1,2022.658,Europe,A/European_Herring_Gull/Netherlands/15/2022,G1
0,-1,41.6226,17.0588,38.2353,63.5294,41.1765,44.4523,19.943,45.584,79.7721,43.4473,47.3896,24.7823,46.2157,75.6865,34.8292,44.3203,23.7541,44.7136,61.0154,46.1109,43.2409,20.7048,37.8855,60.793,42.7313,44.3956,20.2465,41.8134,65.1408,39.1725,50.6614,33.1126,63.5762,72.8477,52.9801,46.6667,26.1248,44.9927,63.8607,53.701,EPI_ISL_15088305,Avian,H5N1,2022.658,Europe,A/Common_Teal/Netherlands/1/2022,G2
0,-1,41.4462,17.6471,38.2353,62.3529,41.1765,44.9502,21.3675,46.2963,83.3333,44.1595,47.5904,26.7917,46.2157,77.0261,35.499,44.3669,23.2883,43.782,61.0154,46.5766,43.1088,19.8238,38.7665,59.9119,42.7313,44.3516,19.3662,41.8134,64.2606,39.6127,50.9259,35.7616,64.9007,74.1722,52.9801,46.6667,24.6734,47.8955,60.9579,53.701,EPI_ISL_15088306,Avian,H5N1,2022.627,Europe,A/Mallard/Netherlands/3/2022,G2
0,-1,41.7989,17.6471,38.2353,63.5294,41.7647,44.6657,19.943,44.8718,83.3333,42.735,47.4565,26.1219,44.8761,75.6865,34.8292,44.041,23.7541,44.2478,60.0838,45.6451,43.2849,20.7048,39.207,60.793,42.2907,44.7033,21.5669,43.5739,65.1408,39.6127,50.6614,34.4371,64.9007,72.8477,51.6556,46.9565,26.1248,50.7983,66.7634,53.701,EPI_ISL_15088309,Avian,H5N1,2022.644,Europe,A/Mallard/Netherlands/6/2022,G2
0,-1,41.7402,18.2353,38.8235,63.5294,42.3529,44.4918,19.2034,44.0967,82.5036,43.3855,48.1928,28.8011,47.5553,76.3563,38.1782,44.2737,25.1514,47.0424,56.3577,47.5082,43.5051,19.3833,38.7665,59.9119,44.0529,45.1471,22.8471,44.8155,67.6626,43.058,51.1905,34.4371,64.9007,75.4967,52.9801,46.5217,23.2221,46.4441,65.312,53.701,EPI_ISL_15115556,Avian,H5N1,2022.649,Europe,A/turkey/England/112259/2022,G10
0,-1,42.2693,18.8235,38.2353,65.2941,41.1765,43.9232,18.4922,43.3855,82.5036,41.2518,47.7242,27.4615,46.8855,75.6865,35.499,44.3669,25.6171,46.5766,58.2208,46.5766,43.2409,19.8238,37.4449,60.3524,41.4097,45.0154,21.0896,43.9367,66.3445,42.6186,50.7937,31.7881,62.2517,72.8477,54.3046,46.8116,21.7707,47.8955,63.8607,53.701,EPI_ISL_15214835,Avian,H5N1,2022.474,NorthAmerica,A/common_tern/Maine/W22-480A/2022,G7
0,-1,42.1517,18.2353,38.8235,65.8824,40.5882,44.1365,18.4922,43.3855,83.2148,42.6743,47.5904,26.7917,47.5553,75.0167,35.499,44.2737,25.6171,46.5766,57.755,46.5766,43.3289,21.1454,37.4449,59.9119,42.2907,45.191,21.529,43.9367,67.6626,43.058,50.6614,31.7881,62.2517,72.8477,50.3311,46.9565,23.2221,49.3469,62.4093,53.701,EPI_ISL_15214838,Avian,H5N1,2022.444,NorthAmerica,A/common_eiders/Maine/W22-481B/2022,G7
0,-1,42.2105,18.8235,38.2353,64.7059,41.1765,43.9943,18.4922,43.3855,82.5036,41.2518,47.7242,26.7917,47.5553,76.3563,35.499,44.4134,25.6171,46.5766,58.2208,47.0424,43.417,20.7048,37.4449,62.1145,41.4097,45.0593,21.529,44.3761,66.3445,43.058,50.9259,33.1126,62.2517,72.8477,54.3046,46.6667,21.7707,47.8955,60.9579,53.701,EPI_ISL_15214841,Avian,H5N1,2022.474,NorthAmerica,A/common_tern/Maine/W22-480B/2022,G7
0,-1,42.1517,18.2353,38.8235,65.2941,41.1765,44.2075,19.9147,44.0967,82.5036,42.6743,48.2597,26.1219,47.5553,77.0261,40.1875,44.4134,25.6171,47.0424,58.6865,47.0424,43.1968,20.2643,37.0044,60.793,40.9692,45.6741,22.8471,42.1793,70.7381,43.058,50.9259,34.4371,62.2517,72.8477,51.6556,46.5217,24.6734,46.4441,62.4093,55.1524,EPI_ISL_15214843,Avian,H5N1,2022.266,NorthAmerica,A/Rosss_goose/North_Dakota/N22-08/2022,G4
0,-1,42.2105,19.4118,38.8235,65.8824,41.1765,44.1365,19.2034,44.0967,82.5036,42.6743,48.0589,26.7917,47.5553,75.0167,41.5271,44.1806,25.6171,47.0424,58.6865,46.5766,43.373,18.5022,42.2907,60.3524,39.207,45.3667,24.6046,43.4974,70.2988,42.1793,50.9259,33.1126,62.2517,72.8477,51.6556,48.4058,30.479,50.7983,63.8607,44.9927,EPI_ISL_15214845,Avian,H5N1,2022.266,NorthAmerica,A/lesser_snow_goose/North_Dakota/ND-10/2022,G3
0,-1,42.1517,18.2353,38.8235,65.8824,40.5882,44.1365,18.4922,43.3855,83.2148,42.6743,47.5904,26.7917,47.5553,75.0167,35.499,44.2737,25.6171,46.5766,57.755,46.5766,43.3289,21.1454,37.4449,59.9119,42.2907,45.2789,21.529,44.8155,67.2232,43.9367,50.6614,31.7881,62.2517,72.8477,50.3311,46.9565,23.2221,49.3469,62.4093,53.701,EPI_ISL_15215193,Avian,H5N1,2022.444,NorthAmerica,A/common_eiders/Maine/W22-481A/2022,G7
0,-1,41.7989,18.8235,38.2353,64.7059,41.1765,44.7761,20.6259,46.2304,83.2148,43.3855,47.5904,26.7917,46.2157,75.0167,35.499,44.2737,24.2198,44.7136,61.0154,46.5766,43.2409,19.3833,38.7665,60.793,42.7313,44.6201,20.2109,42.6186,65.0264,40.4218,51.0582,35.7616,64.9007,75.4967,52.9801,46.6667,24.6734,44.9927,65.312,55.1524,EPI_ISL_15234355,Avian,H5N1,2022.49,Europe,A/red-backed-hawk/Spain/2313-1_22VIR8632-10/2022,G2
0,-1,41.4462,16.4706,37.0588,63.5294,41.1765,44.5629,21.3371,44.808,82.5036,43.3855,47.6573,26.1219,46.2157,77.6959,36.1688,44.3669,24.6856,45.1793,60.0838,47.0424,43.2409,19.8238,38.7665,59.9119,42.7313,44.4884,19.7715,42.1793,64.587,39.9824,50.7937,34.4371,64.9007,72.8477,52.9801,46.2319,24.6734,47.8955,60.9579,53.701,EPI_ISL_15234356,Avian,H5N1,2022.49,Europe,A/Anser_anser/Spain/2636-3_22VIR8632-11/2022,G2
0,-1,41.6226,16.4706,39.4118,65.8824,41.1765,45.0604,21.3371,46.2304,83.926,44.808,47.5904,26.7917,46.2157,74.347,36.1688,44.2737,24.2198,44.2478,60.0838,46.1109,43.2849,20.2643,38.326,59.9119,42.7313,44.7079,20.2109,42.1793,65.9051,39.5431,50.7937,34.4371,64.9007,72.8477,52.9801,46.9565,24.6734,47.8955,68.2148,55.1524,EPI_ISL_15234357,Avian,H5N1,2022.586,Europe,A/Anser_anser/Spain/2753-3_22VIR8632-12/2022,G2
0,-1,41.5638,17.0588,39.4118,66.4706,41.1765,44.634,20.6259,45.5192,81.7923,43.3855,47.6573,27.4615,46.2157,75.0167,36.1688,44.0875,24.2198,43.782,59.6181,45.6451,43.373,20.2643,38.7665,60.3524,42.2907,44.7958,20.6503,43.4974,65.9051,39.9824,50.9259,34.4371,64.9007,74.1722,52.9801,46.8116,24.6734,47.8955,68.2148,55.1524,EPI_ISL_15234358,Avian,H5N1,2022.605,Europe,A/Anser_anser/Spain/2825-1_22VIR8632-13/2022,G2
0,-1,41.5638,16.4706,39.4118,65.8824,41.1765,44.9183,21.3371,44.808,83.2148,44.808,47.6573,27.4615,45.5459,75.6865,36.1688,44.2737,24.6856,44.7136,59.6181,46.1109,43.2849,20.2643,38.326,59.9119,42.2907,44.664,20.2109,42.1793,65.4657,39.9824,50.9259,35.7616,64.9007,74.1722,52.9801,46.9565,24.6734,47.8955,68.2148,55.1524,EPI_ISL_15234360,Avian,H5N1,2022.589,Europe,A/turkey/Spain/2755-5_22VIR8632-1/2022,G2
0,-1,41.5294,16.49,39.4582,65.96,41.225,44.8472,20.6259,44.808,82.5036,44.808,47.7242,27.4615,44.8761,76.3563,36.8386,44.2737,24.6856,44.2478,60.0838,46.5766,43.2849,20.7048,38.326,59.9119,42.2907,44.6837,21.1082,41.7766,65.5233,40.0176,50.7937,34.4371,64.9007,72.8477,52.9801,46.8116,24.6734,47.8955,69.6662,55.1524,EPI_ISL_15234361,Avian,H5N1,2022.658,Europe,A/turkey/Spain/2996-43_22VIR8632-21/2022,G2
0,-1,41.6814,16.4706,39.4118,65.8824,41.1765,44.9183,20.6259,44.808,82.5036,44.808,47.7242,27.4615,44.8761,76.3563,36.8386,44.2737,24.6856,44.2478,60.0838,46.5766,43.2849,20.7048,38.326,59.9119,42.2907,44.664,20.6503,41.7399,65.4657,39.9824,50.7937,34.4371,64.9007,72.8477,52.9801,46.8116,24.6734,47.8955,69.6662,55.1524,EPI_ISL_15234362,Avian,H5N1,2022.658,Europe,A/turkey/Spain/2996-42_22VIR8632-22/2022,G2
0,-1,41.5638,16.4706,39.4118,65.8824,41.1765,44.9183,21.3371,44.808,83.2148,44.808,47.6573,27.4615,45.5459,75.6865,36.1688,44.2272,24.6856,44.2478,59.6181,46.1109,43.2849,20.2643,38.326,59.9119,42.2907,44.664,20.2109,42.1793,65.4657,39.9824,50.9259,35.7616,64.9007,74.1722,52.9801,46.9565,24.6734,47.8955,68.2148,55.1524,EPI_ISL_15234363,Avian,H5N1,2022.589,Europe,A/turkey/Spain/2755-6_22VIR8632-2/2022,G2
0,-1,41.6226,16.4706,40,65.8824,41.1765,44.9183,21.3371,44.808,83.2148,44.808,47.6892,27.4983,45.607,75.7881,36.2173,44.1958,24.7548,44.3718,59.3181,46.2401,43.2599,20.2822,38.3598,59.9647,42.328,44.664,20.2109,42.1793,65.4657,39.9824,50.9259,35.7616,64.9007,74.1722,52.9801,46.9565,24.6734,47.8955,68.2148,55.1524,EPI_ISL_15234364,Avian,H5N1,2022.622,Europe,A/chicken/Spain/2854-5_22VIR8632-3/2022,G2
0,-1,41.5638,16.4706,39.4118,65.8824,40.5882,44.9893,21.3371,44.808,83.926,44.808,47.6573,27.4615,45.5459,75.6865,36.1688,44.1341,24.2198,44.2478,59.6181,46.1109,43.2849,20.2643,38.326,59.9119,42.2907,44.6201,20.2109,42.1793,65.0264,39.9824,50.9259,35.7616,64.9007,74.1722,52.9801,46.8795,24.7453,48.0349,68.4134,52.4017,EPI_ISL_15234365,Avian,H5N1,2022.622,Europe,A/chicken/Spain/2854-7_22VIR8632-4/2022,G2
0,-1,41.5638,17.0588,38.2353,63.5294,41.1765,44.7761,20.6259,44.808,83.926,43.3855,47.6573,26.7917,46.2157,75.0167,36.1688,43.9944,24.2198,43.782,59.6181,46.5766,43.373,20.7048,38.7665,61.2335,42.2907,44.5323,19.7715,41.7399,65.4657,39.5431,50.6614,34.4371,64.9007,72.8477,52.9801,46.6667,26.1248,46.4441,66.7634,55.1524,EPI_ISL_15234366,Avian,H5N1,2022.438,Europe,A/duck/Spain/2095-2_22VIR8632-5/2022,G2
0,-1,41.6226,17.6471,38.2353,64.1176,41.7647,44.7761,21.3371,45.5192,83.926,43.3855,47.6573,26.7917,46.2157,75.6865,36.1688,44.2272,23.7541,43.782,61.4811,46.5766,43.3289,19.8238,38.7665,59.9119,42.7313,44.3566,19.7715,41.7399,64.587,39.1037,50.7937,35.7616,63.5762,72.8477,52.9801,46.8116,23.2221,49.3469,65.312,53.701,EPI_ISL_15234656,Avian,H5N1,2022.436,Europe,A/bearded_vulture/Spain/2116-3_22VIR8632-8/2022,G2
0,-1,41.9165,18.8235,37.6471,65.2941,41.7647,44.7368,19.943,45.584,81.9088,44.1595,47.3896,25.4521,45.5459,75.0167,35.499,44.1341,24.6856,44.2478,60.5496,46.5766,43.3289,20.7048,38.326,61.674,43.6123,44.8352,21.1268,43.5739,65.581,40.0528,50.9259,33.1126,66.2252,72.8477,54.3046,46.8116,24.6734,49.3469,66.7634,53.701,EPI_ISL_15267012,Avian,H5N1,2022.674,Europe,A/Lesser_Black-backed_Gull/Netherlands/4/2022,G2
0,-1,41.5638,18.2353,38.2353,64.1176,41.7647,44.6657,19.943,45.584,81.9088,44.1595,47.3226,26.1219,46.8855,75.6865,35.499,44.1341,23.2883,45.1793,60.5496,47.5082,43.304,20.2822,39.2416,60.8466,42.769,44.5079,19.7889,42.6561,64.204,40.0176,50.9259,34.4371,64.9007,72.8477,52.9801,45.942,23.2221,47.8955,62.4093,50.7983,EPI_ISL_15267013,Avian,H5N1,2022.455,Europe,A/Eurasian_Spoonbill/Netherlands/5/2022,G2
0,-1,41.5638,18.2353,38.2353,64.1176,41.7647,44.6657,19.943,45.584,81.9088,44.1595,47.3226,26.1219,46.8855,75.6865,35.499,44.1341,23.2883,45.1793,60.5496,47.5082,43.3289,20.2643,39.207,61.2335,42.7313,44.5079,19.7889,42.6561,64.204,40.0176,50.9259,34.4371,64.9007,72.8477,52.9801,45.942,23.2221,47.8955,62.4093,50.7983,EPI_ISL_15267014,Avian,H5N1,2022.455,Europe,A/Eurasian_Spoonbill/Netherlands/6/2022,G2
0,-1,41.5638,18.2353,38.2353,64.1176,41.7647,44.6657,19.943,45.584,81.9088,44.1595,47.3226,26.1219,46.8855,75.6865,35.499,44.1341,23.2883,45.1793,60.5496,47.5082,43.304,20.2822,39.2416,60.8466,42.769,44.5079,19.7889,42.6561,64.204,40.0176,50.9259,34.4371,64.9007,72.8477,52.9801,45.942,23.2221,47.8955,62.4093,50.7983,EPI_ISL_15267016,Avian,H5N1,2022.455,Europe,A/Eurasian_Spoonbill/Netherlands/7/2022,G2
0,-1,41.505,17.6471,38.8235,64.1176,41.1765,44.7368,21.3675,45.584,81.1966,43.4473,47.6573,27.4615,46.2157,75.6865,35.499,44.2272,23.2883,44.2478,60.5496,48.4397,43.2159,20.2822,38.3598,60.8466,42.769,44.5275,19.8063,42.2535,65.1408,40.493,50.9259,35.7616,64.9007,72.8477,52.9801,46.5217,24.6734,47.8955,60.9579,55.1524,EPI_ISL_15267017,Avian,H5N1,2022.663,Europe,A/Eurasian_Spoonbill/Netherlands/8/2022,G2
0,-1,41.4462,17.6471,37.6471,63.5294,41.1765,45.0213,21.3675,46.2963,83.3333,43.4473,47.6573,26.7917,46.2157,78.3657,35.499,44.2272,23.2883,43.3163,61.0154,46.5766,43.0647,19.3833,38.7665,59.9119,42.7313,44.3516,19.3662,41.8134,64.2606,39.6127,50.7937,35.7616,64.9007,72.8477,52.9801,46.5217,24.6734,46.4441,60.9579,53.701,EPI_ISL_15267018,Avian,H5N1,2022.663,Europe,A/Greylag_Goose/Netherlands/14/2022,G2
0,-1,41.5638,18.2353,38.8235,63.5294,41.1765,44.9502,20.6553,46.2963,83.3333,43.4473,47.6573,26.7917,46.2157,78.3657,35.499,44.2737,23.2883,43.782,61.0154,46.5766,43.1088,19.8238,38.7665,59.9119,42.7313,44.3956,19.3662,41.8134,64.2606,39.6127,50.7937,35.7616,64.9007,72.8477,52.9801,46.5217,24.6734,46.4441,60.9579,53.701,EPI_ISL_15267019,Avian,H5N1,2022.668,Europe,A/Greylag_Goose/Netherlands/15/2022,G2
0,-1,41.8577,17.6471,38.2353,63.5294,42.3529,44.5946,19.943,45.584,83.3333,42.0228,47.3896,24.7823,45.5459,75.6865,34.8292,44.0875,24.2198,44.2478,60.0838,46.5766,43.1968,20.2643,38.7665,60.793,42.7313,44.5275,21.1268,42.6937,65.1408,38.7324,50.7937,34.4371,64.9007,72.8477,52.9801,46.2319,24.6734,49.3469,65.312,49.3469,EPI_ISL_15267020,Avian,H5N1,2022.668,Europe,A/Greylag_Goose/Netherlands/16/2022,G2
0,-1,41.6226,18.2353,38.8235,64.1176,41.7647,44.7368,20.6553,45.584,82.6211,42.0228,47.5234,26.7917,47.5553,77.0261,35.499,44.2272,23.2883,45.1793,61.0154,47.5082,43.2409,20.2643,38.7665,60.793,42.7313,44.5275,20.2376,42.6749,63.7923,40.0352,50.7937,34.4371,64.9007,72.8477,52.9801,45.942,23.2221,47.8955,62.4093,50.7983,EPI_ISL_15267021,Avian,H5N1,2022.668,Europe,A/Common_Tern/Netherlands/27/2022,G2
0,-1,41.6226,17.6471,38.8235,64.7059,41.7647,44.808,21.3675,46.2963,81.1966,42.735,47.6573,27.4615,46.8855,75.6865,34.8292,44.2272,22.8225,44.2478,61.9469,47.5082,42.9767,18.9427,38.326,60.3524,41.8502,44.4838,19.5209,42.1473,64.3301,40.3727,50.7937,34.4371,64.9007,72.8477,52.9801,46.3768,24.6734,46.4441,60.9579,53.701,EPI_ISL_15267022,Avian,H5N1,2022.671,Europe,A/European_Herring_Gull/Netherlands/16/2022,G2
0,-1,41.8577,18.2353,38.8235,63.5294,42.3529,44.5946,19.2308,44.1595,81.9088,44.1595,48.2597,28.8011,47.5553,76.3563,38.1782,44.2012,25.1748,47.0862,55.9441,47.5524,43.4361,18.9594,38.8007,59.5238,44.0917,45.3667,23.2865,44.8155,68.9807,44.3761,51.3228,34.4371,66.2252,76.8212,52.9801,46.6667,24.6734,47.8955,65.312,53.701,EPI_ISL_15267026,Avian,H5N1,2022.482,Europe,A/Northern_Gannet/Netherlands/5/2022,G10
0,-1,41.9165,18.2353,38.8235,63.5294,42.3529,44.7368,19.2308,44.1595,82.6211,44.1595,48.1928,28.8011,47.5553,76.3563,38.1782,44.2012,25.1748,47.0862,55.9441,47.5524,43.4802,19.4004,38.8007,59.5238,44.0917,45.3667,23.2865,44.8155,68.5413,44.3761,51.1905,34.4371,64.9007,75.4967,52.9801,46.6667,24.6734,47.8955,65.312,53.701,EPI_ISL_15267027,Avian,H5N1,2022.468,Europe,A/Northern_Gannet/Netherlands/6/2022,G10
0,-1,41.844,17.1496,36.6647,63.8675,42.5784,43.2125,20.6259,35.5619,63.3001,51.2091,47.3226,25.4521,46.8855,72.3376,36.1688,44.4341,24.7086,46.1538,61.0723,48.951,44.0775,19.3833,40.5286,60.793,43.1718,44.8155,24.6262,43.5356,66.8426,38.6983,50.7937,33.1126,62.2517,74.1722,52.9801,46.5217,24.6734,47.8955,62.4093,43.5414,EPI_ISL_15267028,Avian,H5N3,2022.677,Europe,A/Mallard/Netherlands/7/2022,
0,1,41.6814,19.4118,38.2353,65.2941,41.7647,44.7368,21.3675,44.8718,82.6211,42.735,47.7242,22.7729,48.2251,81.0449,46.8855,43.3892,20.9595,44.2478,59.1523,46.5766,43.348,19.8413,38.8007,61.2875,41.4462,44.2198,19.8063,42.2535,62.0599,39.6127,50.6614,34.4371,66.2252,71.5232,52.9801,46.3768,26.1248,56.6038,63.8607,40.6386,EPI_ISL_15364789,Avian,H5N1,2022.69,Europe,A/European_Herring_Gull/Netherlands/18/2022,G1
0,-1,41.505,17.6471,38.8235,64.1176,41.1765,44.6657,21.3675,45.584,81.1966,42.735,47.5234,27.4615,46.2157,75.6865,34.8292,44.1546,23.31,44.289,61.0723,47.5524,43.1027,19.8588,38.3936,60.9003,42.3654,44.3516,19.8063,42.2535,64.7007,40.0528,51.0582,34.4371,67.5497,72.8477,52.9801,46.6667,24.6734,47.8955,60.9579,55.1524,EPI_ISL_15364790,Avian,H5N1,2022.707,Europe,A/Greylag_Goose/Netherlands/17/2022,G2
0,-1,41.6226,17.6471,38.8235,64.7059,41.7647,45.0925,22.0798,46.2963,82.6211,44.1595,47.5234,26.1219,45.5459,77.0261,34.8292,44.2737,22.8225,44.7136,61.4811,47.9739,43.0481,19.1708,38.3415,61.0789,42.7998,44.5275,19.8063,42.6937,64.7007,39.6127,50.6614,34.4371,64.9007,72.8477,52.9801,46.3768,23.2221,47.8955,60.9579,55.1524,EPI_ISL_15364792,Avian,H5N1,2022.701,Europe,A/Mallard/Netherlands/11/2022,G2
0,-1,41.505,17.0588,38.2353,62.3529,41.1765,44.4523,19.2308,44.8718,81.9088,43.4473,47.3896,26.7917,46.2157,75.0167,34.8292,44.3669,24.2198,44.7136,60.5496,46.1109,43.1968,20.2643,38.7665,60.3524,41.8502,44.7473,22.007,43.5739,64.7007,40.493,50.6614,33.1126,63.5762,72.8477,52.9801,46.6667,23.2221,49.3469,66.7634,53.701,EPI_ISL_15364794,Avian,H5N1,2022.734,Europe,A/Mallard/Netherlands/13/2022,G2
0,-1,41.7989,17.6471,38.2353,63.5294,42.3529,44.6657,19.943,45.584,83.3333,42.735,47.4565,26.1219,44.8761,75.6865,34.1594,44.2272,24.6856,45.1793,60.0838,46.5766,43.2849,20.7048,39.207,60.793,42.2907,44.6593,21.5669,43.5739,64.7007,39.6127,50.7937,34.4371,64.9007,72.8477,51.6556,46.6667,24.6734,49.3469,66.7634,53.701,EPI_ISL_15364795,Avian,H5N1,2022.685,Europe,A/Mallard/Netherlands/8/2022,G2
0,-1,41.7989,18.8235,38.2353,65.8824,41.7647,44.8791,22.0798,44.8718,82.6211,43.4473,47.7242,28.8011,46.8855,75.6865,34.8292,44.46,24.6856,44.7136,60.5496,47.0424,43.1088,20.7048,38.7665,60.793,41.8502,44.6154,21.5669,42.6937,64.2606,39.6127,50.7937,34.4371,64.9007,74.1722,52.9801,46.5217,23.2221,47.8955,66.7634,53.701,EPI_ISL_15364796,Avian,H5N1,2022.693,Europe,A/Mallard/Netherlands/9/2022,G2
0,-1,41.7989,18.2353,38.8235,65.2941,42.3529,44.7368,21.3675,44.1595,82.6211,44.1595,47.5234,26.7917,46.2157,75.6865,35.499,44.1341,23.2883,45.1793,60.5496,47.5082,43.2849,20.2643,38.7665,61.2335,42.7313,44.42,19.7889,42.2164,63.7643,39.5778,50.9259,34.4371,64.9007,72.8477,54.3046,46.087,24.6734,49.3469,58.0552,53.701,EPI_ISL_15364797,Avian,H5N1,2022.715,Europe,A/Mute_Swan/Netherlands/2/2022,G2
0,-1,41.8577,18.2353,38.2353,65.8824,41.7647,44.705,22.0484,44.808,82.5036,43.3855,47.7242,27.4615,46.8855,76.3563,34.8292,44.4341,24.7086,45.2214,60.6061,47.0862,43.1088,19.8238,38.7665,61.2335,42.2907,44.4884,20.6503,42.6186,65.0264,39.5431,50.6614,34.4371,64.9007,72.8477,52.9801,46.3768,21.7707,49.3469,66.7634,53.701,EPI_ISL_15535272,Avian,H5N1,2022.718,Europe,A/domestic_goose/Poland/H397-N/2022,G2
2,-1,41.6814,17.6471,39.4118,65.2941,41.1765,44.9893,22.0484,46.2304,83.926,43.3855,48.1892,30.3479,45.8919,77.7202,36.2694,44.2737,24.6856,44.2478,59.6181,46.5766,43.417,19.8238,37.8855,61.2335,42.2907,45.3667,21.529,44.3761,72.4956,37.3462,50.7937,34.4371,64.9007,72.8477,52.9801,46.8116,24.6734,47.8955,72.5689,52.2496,EPI_ISL_15542438,Human,H5N1,2022.726,Europe,A/CastillaLaMancha/3739/2022,G2
0,-1,42.4456,19.4118,39.4118,66.4706,43.5294,44.5629,19.9147,45.5192,81.7923,43.3855,47.992,28.8011,48.2251,77.6959,36.8386,44.2272,25.1514,48.4397,56.8235,47.9739,43.5051,20.7048,38.7665,59.9119,43.1718,45.2789,22.4077,45.6942,67.2232,43.9367,50.7937,34.4371,63.5762,72.8477,52.9801,46.9565,24.6734,47.8955,65.312,53.701,EPI_ISL_15576616,Avian,H5N1,2022.756,Asia,A/white-fronted_goose/Miyagi/0410D001/2022,G11
0,-1,41.8577,19.4118,37.0588,64.7059,41.7647,44.4918,19.2034,44.0967,83.926,41.963,47.2557,28.1313,46.2157,75.0167,34.1594,44.1806,24.6856,46.5766,59.1523,45.6451,44.0775,22.467,42.2907,61.674,44.0529,45.0154,22.4077,42.1793,67.2232,40.4218,50.9259,35.7616,64.9007,75.4967,51.6556,47.1014,27.5762,47.8955,69.6662,39.1872,EPI_ISL_15576617,Avian,H5N1,2022.767,Asia,A/Eurasian_wigeon/Hokkaido/Q71/2022,
0,1,41.7402,18.8235,38.8235,65.8824,41.1765,44.6657,20.6553,44.1595,82.6211,43.4473,47.7242,22.7729,48.2251,80.3751,46.8855,43.3892,20.9595,44.2478,59.6181,47.0424,43.6372,20.7048,39.207,63.4361,42.2907,44.2443,19.7889,41.7766,63.3245,39.1381,50.5291,33.1126,64.9007,70.1987,51.6556,46.087,26.1248,56.6038,65.312,37.7358,EPI_ISL_15579535,Avian,H5N1,2022.721,Europe,A/European_Herring_Gull/Netherlands/19/2022,G1
0,-1,41.9165,17.0588,38.8235,63.5294,42.9412,44.5946,19.943,47.0085,82.6211,42.735,47.4565,25.4521,45.5459,75.0167,34.8292,44.1081,24.2424,44.289,61.5385,46.1538,43.1528,19.8238,39.207,60.793,42.2907,44.6154,21.1268,43.1338,65.1408,39.6127,50.9259,34.4371,64.9007,72.8477,54.3046,46.6667,24.6734,50.7983,66.7634,53.701,EPI_ISL_15579537,Avian,H5N1,2022.734,Europe,A/Barnacle_Goose/Netherlands/19/2022,G2
0,-1,41.6814,18.2353,38.8235,64.1176,42.3529,44.808,19.943,45.584,83.3333,42.0228,47.5904,26.7917,45.5459,77.6959,35.499,44.2737,22.8225,45.6451,60.0838,48.4397,43.373,20.7048,39.6476,61.2335,42.2907,44.3761,18.9094,41.7766,63.7643,39.5778,50.7937,34.4371,64.9007,72.8477,52.9801,45.942,23.2221,47.8955,59.5065,52.2496,EPI_ISL_15579538,Avian,H5N1,2022.74,Europe,A/Eurasian_Curlew/Netherlands/4/2022,G2
0,1,41.6814,18.2353,38.8235,65.8824,41.1765,44.7368,20.6553,44.8718,82.6211,43.4473,47.6573,22.7729,48.2251,80.3751,46.8855,43.203,20.9595,43.782,59.1523,46.5766,43.461,20.2643,39.207,61.674,41.4097,44.2198,19.8063,42.2535,62.5,39.1725,50.3968,33.1126,64.9007,70.1987,51.6556,45.942,24.6734,56.6038,63.8607,37.7358,EPI_ISL_15579539,Avian,H5N1,2022.751,Europe,A/European_Herring_Gull/Netherlands/20/2022,G1
0,-1,41.505,18.2353,38.8235,63.5294,40.5882,44.8791,20.6553,46.2963,83.3333,42.735,47.5904,26.7917,46.2157,77.0261,35.499,44.2737,23.2883,43.782,61.0154,46.5766,43.0207,19.3833,38.7665,59.9119,42.7313,44.2637,18.9261,41.3732,64.2606,39.1725,50.7937,35.7616,64.9007,72.8477,52.9801,46.6667,24.6734,46.4441,60.9579,53.701,EPI_ISL_15579540,Avian,H5N1,2022.721,Europe,A/Mallard/Netherlands/15/2022,G2
0,-1,41.7258,15.3755,37.8474,62.6848,40.2129,42.9282,20.6259,35.5619,64.0114,51.2091,47.3226,26.7917,45.5459,73.0074,38.848,44.46,21.4252,45.1793,61.9469,47.9739,43.9014,20.7048,40.5286,60.3524,44.9339,44.9912,20.6684,42.6561,69.9208,40.0176,51.3228,34.4371,66.2252,74.1722,51.6556,45.6522,24.6734,44.9927,62.4093,40.6386,EPI_ISL_15579541,Avian,H5N3,2022.721,Europe,A/Mallard/Netherlands/16/2022,
0,-1,41.3712,13.0101,39.0302,57.9539,36.6647,42.4307,14.936,46.9417,66.1451,38.4068,47.3226,28.1313,46.8855,72.3376,38.848,44.3669,27.0144,47.9739,58.6865,47.0424,43.9014,18.5022,41.4097,59.0308,47.1366,45.3228,23.2865,45.2548,68.1019,42.6186,50.9259,33.1126,66.2252,74.1722,49.0066,46.8116,24.6734,47.8955,65.312,53.701,EPI_ISL_15579542,Avian,H5N2,2022.748,Europe,A/Mallard/Netherlands/17/2022,
0,-1,41.7059,18.2568,38.2803,64.1932,41.8139,44.808,21.3675,45.584,82.6211,43.4473,47.2557,28.1313,46.2157,71.6678,38.1782,44.2737,24.2198,44.7136,60.0838,46.5766,43.3289,19.8238,38.7665,60.3524,42.7313,44.5323,20.2109,42.1793,64.587,39.5431,50.9259,33.1126,66.2252,74.1722,49.0066,46.8116,24.6734,47.8955,65.312,53.701,EPI_ISL_15579543,Avian,H5N1,2022.748,Europe,A/Mallard/Netherlands/18/2022,
0,-1,41.9753,19.4118,37.6471,63.5294,41.7647,44.808,19.2308,44.1595,82.6211,44.1595,48.1928,28.8011,47.5553,76.3563,38.1782,44.1546,25.1748,46.62,55.9441,47.5524,43.7252,19.8238,39.207,60.3524,44.9339,45.3667,22.8471,44.3761,68.9807,44.3761,51.3228,34.4371,66.2252,76.8212,52.9801,46.8116,24.6734,47.8955,65.312,53.701,EPI_ISL_15579544,Avian,H5N1,2022.77,Europe,A/Great_Black-backed_Gull/4/2022,G10
0,-1,41.6226,17.6471,37.6471,64.7059,40.5882,44.3101,18.5185,45.584,79.0598,42.735,47.5234,25.4521,46.2157,75.0167,34.8292,44.2272,23.2883,44.2478,61.9469,46.5766,43.1968,19.8238,37.8855,60.3524,43.1718,44.4835,20.2465,41.8134,64.2606,40.493,50.6614,34.4371,64.9007,74.1722,52.9801,46.8116,24.6734,46.4441,66.7634,53.701,EPI_ISL_15579545,Avian,H5N1,2022.77,Europe,A/Sanderling/Netherlands/2/2022,G2
0,-1,41.7402,18.8235,37.6471,65.2941,40.5882,44.3101,18.5185,45.584,79.7721,42.735,47.4565,26.1219,45.5459,75.0167,35.499,44.46,24.6856,45.1793,61.9469,46.5766,43.2849,19.3833,38.7665,59.9119,43.1718,45.3228,23.2865,45.2548,71.6169,41.7399,51.0582,35.7616,64.9007,76.8212,52.9801,46.6667,23.2221,46.4441,66.7634,53.701,EPI_ISL_15581789,Avian,H5N1,2022.778,Europe,A/Mallard/Netherlands/19/2022,G2
0,-1,41.6814,18.8235,38.2353,65.2941,40.5882,44.3812,18.5185,45.584,79.7721,42.735,47.4565,26.1219,45.5459,75.0167,35.499,44.4134,23.7541,45.1793,61.9469,46.5766,43.2849,19.3833,38.7665,60.793,42.7313,44.5079,19.7889,42.2164,64.6438,40.4573,51.0582,35.7616,64.9007,76.8212,52.9801,46.5217,23.2221,46.4441,66.7634,53.701,EPI_ISL_15581792,Avian,H5N1,2022.781,Europe,A/Mallard/Netherlands/22/2022,G2
0,1,41.7402,18.8235,38.2353,65.2941,41.7647,44.634,20.6259,44.808,81.0811,42.6743,47.7242,22.7729,48.2251,80.3751,46.8855,43.5289,20.4937,44.2478,59.6181,47.0424,43.5051,19.8238,38.7665,61.674,41.8502,44.3127,20.6503,43.058,63.2689,39.9824,50.5291,34.4371,64.9007,71.5232,51.6556,46.087,23.2221,58.0552,65.312,39.1872,EPI_ISL_15585748,Avian,H5N1,2022.756,Europe,A/Chicken/England/126673/2022,G1
0,-1,41.7402,17.6471,37.6471,65.2941,41.1765,44.1365,18.4922,45.5192,77.5249,41.963,47.5234,25.4521,46.2157,75.6865,34.8292,44.2272,23.2883,44.7136,61.9469,46.5766,43.2849,19.8238,37.8855,60.3524,43.6123,44.5323,19.7715,42.1793,65.0264,40.4218,50.7937,35.7616,63.5762,74.1722,52.9801,46.8116,24.6734,46.4441,66.7634,53.701,EPI_ISL_15585749,Avian,H5N1,2022.762,Europe,A/Chicken/England/127733/2022,G2
0,-1,41.6814,17.6471,37.6471,65.2941,40.5882,44.3497,19.2034,45.5192,79.6586,42.6743,47.4565,26.1219,45.5459,75.6865,34.8292,44.2737,23.7541,44.7136,61.9469,45.6451,43.1088,19.3833,37.8855,59.9119,42.7313,44.5323,20.2109,42.1793,64.587,40.4218,50.9259,35.7616,64.9007,74.1722,52.9801,46.8116,24.6734,46.4441,66.7634,53.701,EPI_ISL_15585750,Avian,H5N1,2022.762,Europe,A/Chicken/England/127861/2022,G2
0,-1,41.6226,17.6471,38.8235,63.5294,42.3529,44.8472,21.3371,46.2304,81.0811,43.3855,47.7912,28.1313,46.2157,75.6865,36.8386,44.2272,23.2883,44.2478,61.0154,47.5082,43.0647,18.9427,38.326,60.793,42.7313,44.4884,19.7715,42.1793,66.3445,40.4218,51.0582,35.7616,66.2252,72.8477,52.9801,46.2319,24.6734,46.4441,60.9579,53.701,EPI_ISL_15585751,Avian,H5N1,2022.764,Europe,A/Chicken/England/128321/2022,G2
0,-1,41.505,17.0588,38.8235,63.5294,41.7647,44.705,21.3371,46.2304,81.0811,42.6743,47.6573,28.1313,46.2157,75.0167,35.499,44.1806,22.8225,43.782,61.0154,47.5082,43.1968,19.8238,38.326,61.2335,42.7313,44.4005,19.7715,42.1793,65.4657,40.4218,50.7937,35.7616,64.9007,72.8477,51.6556,45.942,24.6734,46.4441,60.9579,53.701,EPI_ISL_15585752,Avian,H5N1,2022.767,Europe,A/Chicken/England/128527/2022,G2
0,-1,41.5638,17.6471,38.2353,64.7059,40.5882,44.0654,18.4922,45.5192,79.6586,41.963,47.5234,26.1219,45.5459,75.6865,35.499,44.3409,23.7762,44.289,62.0047,46.62,43.1528,19.3833,38.326,59.9119,42.7313,44.4884,19.7715,41.7399,64.587,40.4218,50.9259,35.7616,64.9007,74.1722,52.9801,46.8116,24.6734,46.4441,66.7634,53.701,EPI_ISL_15585753,Avian,H5N1,2022.773,Europe,A/Chicken/England/129627/2022,G2
0,-1,41.5638,16.4706,38.2353,65.8824,40.5882,44.2786,17.7809,46.2304,79.6586,42.6743,47.4565,26.1219,45.5459,75.6865,35.499,44.3669,24.2198,44.7136,61.9469,46.5766,43.1968,19.3833,38.326,59.9119,42.7313,44.6201,20.2109,42.6186,65.0264,40.8612,50.9259,35.7616,64.9007,74.1722,52.9801,47.1014,24.6734,46.4441,66.7634,53.701,EPI_ISL_15585754,Avian,H5N1,2022.773,Europe,A/Chicken/England/129733/2022,G2
0,-1,41.9753,17.6471,38.2353,64.1176,43.5294,44.634,19.9147,45.5192,83.2148,42.6743,47.6573,28.1313,45.5459,75.6865,34.8292,44.1341,24.2198,44.2478,60.0838,46.1109,43.417,20.7048,39.207,62.5551,42.7313,44.7079,21.0896,43.058,65.9051,39.5431,50.7937,34.4371,64.9007,72.8477,52.9801,46.5217,24.6734,49.3469,66.7634,53.701,EPI_ISL_15585755,Avian,H5N1,2022.773,Europe,A/Chicken/England/129801/2022,G12
0,-1,41.7059,17.6678,38.2803,65.371,40.636,44.2786,19.2034,45.5192,79.6586,42.6743,47.4565,26.1219,45.5459,75.6865,35.499,44.3338,23.2448,44.1176,62.6186,47.4383,43.1968,19.3833,37.8855,59.9119,43.1718,44.5031,20.2554,42.2721,63.8485,40.5108,50.6614,34.4371,64.9007,72.8477,52.9801,46.8116,24.6734,46.4441,66.7634,53.701,EPI_ISL_15585757,Avian,H5N1,2022.795,Europe,A/Chicken/England/134205/2022,G2
0,-1,41.6814,17.0588,37.6471,65.2941,41.1765,44.1365,18.4922,45.5192,78.9474,41.963,47.4565,25.4521,46.2157,75.6865,34.8292,44.2737,23.2883,44.7136,61.4811,46.5766,43.373,20.2643,37.8855,61.674,43.1718,44.4884,19.7715,42.1793,65.0264,40.4218,50.9722,31.9889,66.7594,76.4951,54.242,46.8116,24.6734,46.4441,66.7634,53.701,EPI_ISL_15585758,Avian,H5N1,2022.797,Europe,A/Chicken/England/134843/2022,G2
0,-1,41.5638,18.8235,37.0588,64.1176,40,44.705,21.3371,45.5192,82.5036,41.963,47.3896,26.1219,45.5459,75.0167,34.8292,44.4134,24.6856,45.1793,60.5496,47.5082,43.1528,19.8238,37.8855,59.0308,43.1718,44.8836,20.2109,43.058,66.3445,40.8612,50.5976,31.9149,65.1596,71.8085,51.8617,46.6667,26.1248,49.3469,65.312,50.7983,EPI_ISL_15585759,Avian,H5N1,2022.775,Europe,A/Chicken/Scotland/1302218/2022,G2
0,-1,41.7989,18.2353,38.2353,65.2941,41.1765,44.2075,18.4922,45.5192,78.9474,41.963,47.5234,25.4521,46.2157,75.6865,34.8292,44.2737,22.8225,45.1793,61.4811,46.5766,43.2849,19.8238,37.8855,61.2335,42.7313,44.4444,19.3322,42.1793,65.0264,39.9824,50.9259,35.7616,64.9007,74.1722,52.9801,46.8116,24.6734,46.4441,66.7634,53.701,EPI_ISL_15585760,Avian,H5N1,2022.759,Europe,A/Domestic_Goose/England/127100/2022,G2
0,-1,41.505,17.0588,39.4118,63.5294,41.7647,44.5629,21.3371,46.2304,81.0811,41.963,47.7242,28.1313,46.2157,75.6865,35.499,44.1806,23.2883,44.2478,61.0154,47.5082,43.1528,19.8238,37.8855,62.1145,42.7313,44.4444,19.7715,42.1793,65.4657,41.3005,50.9259,35.7616,64.9007,72.8477,52.9801,46.2319,24.6734,46.4441,60.9579,53.701,EPI_ISL_15585761,Avian,H5N1,2022.775,Europe,A/Domestic_Goose/England/130370/2022,G2
0,-1,41.7402,17.6471,37.6471,65.2941,41.1765,44.0654,18.4922,45.5192,77.5249,41.963,47.5234,25.4521,46.2157,76.3563,34.8292,44.2737,23.2883,44.7136,61.9469,46.5766,43.2409,19.8238,37.8855,60.3524,43.1718,44.635,19.7976,42.2349,64.6722,40.9151,50.9259,35.7616,64.9007,74.1722,52.9801,46.8116,24.6734,46.4441,66.7634,53.701,EPI_ISL_15585762,Avian,H5N1,2022.762,Europe,A/Guinea_Fowl/England/127733/2022,G2
0,-1,41.4462,17.0588,38.8235,63.5294,41.7647,44.5629,21.3371,46.2304,81.0811,41.963,47.7912,28.1313,46.2157,76.3563,35.499,44.1806,23.2883,44.2478,61.0154,47.5082,43.1088,19.8238,37.8855,61.2335,42.7313,44.3566,19.7715,41.7399,65.0264,40.4218,50.9259,35.7616,64.9007,72.8477,52.9801,46.2319,24.6734,46.4441,60.9579,53.701,EPI_ISL_15585763,Avian,H5N1,2022.762,Europe,A/Turkey/England/127741/2022,G2
0,-1,41.5638,17.6471,38.8235,63.5294,41.7647,44.705,21.3371,46.2304,81.0811,42.6743,47.8581,28.1313,46.2157,77.6959,35.499,44.1806,23.2883,43.782,61.0154,47.5082,43.1968,19.3833,37.8855,62.1145,42.7313,44.3127,19.3322,42.1793,65.4657,40.4218,50.9259,35.7616,64.9007,72.8477,52.9801,46.2319,26.1248,46.4441,60.9579,53.701,EPI_ISL_15585764,Avian,H5N1,2022.764,Europe,A/Turkey/England/128362/2022,G2
0,-1,41.9165,17.0588,38.2353,64.1176,43.5294,44.705,20.6259,45.5192,83.2148,42.6743,47.6573,28.1313,45.5459,75.6865,34.8292,44.0875,24.2198,43.782,60.0838,45.6451,43.417,20.7048,39.207,62.5551,42.7313,44.7079,21.0896,43.058,65.9051,39.5431,50.6614,34.4371,64.9007,72.8477,52.9801,46.3768,23.2221,49.3469,66.7634,53.701,EPI_ISL_15585765,Avian,H5N1,2022.77,Europe,A/Turkey/England/128999/2022,G12
0,-1,41.7989,18.2353,39.4118,65.8824,40.5882,44.7761,21.3371,45.5192,81.7923,43.3855,47.3896,25.4521,46.2157,74.347,35.499,44.3203,23.7541,45.6451,61.9469,47.0424,43.1968,19.8238,38.326,60.793,42.7313,44.6201,20.2109,42.1793,65.0264,40.4218,50.6614,34.4371,64.9007,72.8477,52.9801,46.6667,24.6734,46.4441,68.2148,50.7983,EPI_ISL_15585839,Avian,H5N1,2022.77,Europe,A/Turkey/England/129035/2022,G2
0,-1,42.0341,17.6471,38.2353,64.7059,43.5294,44.634,19.9147,45.5192,83.2148,42.6743,47.6573,28.1313,45.5459,75.6865,34.8292,44.1806,24.2198,44.2478,60.0838,46.1109,43.373,20.2643,39.207,62.5551,42.7313,44.7079,21.0896,43.058,65.9051,39.5431,50.7937,34.4371,64.9007,72.8477,52.9801,46.5217,24.6734,49.3469,66.7634,53.701,EPI_ISL_15585840,Avian,H5N1,2022.773,Europe,A/Turkey/England/129898/2022,G12
0,-1,41.6814,17.6471,37.6471,65.2941,41.1765,44.2075,18.4922,45.5192,78.9474,41.963,47.5234,25.4521,46.2157,75.6865,34.8292,44.3669,23.7541,45.1793,61.9469,46.5766,43.3289,20.2643,37.8855,61.2335,43.1718,44.4444,19.3322,41.7399,65.0264,40.8612,50.9259,35.7616,64.9007,74.1722,52.9801,46.6667,24.6734,46.4441,66.7634,53.701,EPI_ISL_15585841,Avian,H5N1,2022.773,Europe,A/Turkey/England/129968/2022,G2
0,-1,41.4462,17.6471,38.8235,63.5294,41.1765,44.8472,21.3371,46.2304,81.0811,43.3855,47.5904,28.1313,45.5459,75.0167,35.499,44.1806,23.2883,44.2478,61.0154,47.0424,43.1968,19.8238,38.326,61.2335,42.7313,44.4884,19.3322,41.7399,65.9051,40.4218,50.7937,34.4371,64.9007,72.8477,52.9801,46.2319,24.6734,46.4441,60.9579,53.701,EPI_ISL_15585842,Avian,H5N1,2022.773,Europe,A/Turkey/England/130038/2022,G2
0,1,41.7989,18.8235,38.2353,65.2941,41.7647,44.634,20.6259,44.808,81.0811,42.6743,47.7242,22.7729,48.2251,80.3751,46.8855,43.4823,20.4937,43.782,59.6181,47.0424,43.461,19.8238,38.7665,61.674,41.4097,44.3127,20.6503,43.058,63.2689,39.9824,50.5291,34.4371,64.9007,71.5232,51.6556,46.087,23.2221,58.0552,65.312,39.1872,EPI_ISL_15585843,Avian,H5N1,2022.773,Europe,A/Turkey/England/130119/2022,G1
0,-1,41.9753,17.6471,38.2353,64.1176,43.5294,44.634,19.9147,45.5192,83.2148,42.6743,47.6573,28.1313,45.5459,75.6865,34.8292,44.1341,24.2198,44.2478,60.0838,46.1109,43.373,20.7048,39.207,62.5551,42.7313,44.7079,21.0896,43.058,65.9051,39.5431,50.7937,34.4371,64.9007,72.8477,52.9801,46.5217,24.6734,49.3469,66.7634,53.701,EPI_ISL_15585844,Avian,H5N1,2022.775,Europe,A/Turkey/England/130299/2022,G12
0,-1,41.5638,17.6471,39.4118,63.5294,41.7647,44.7761,21.3371,46.2304,81.0811,43.3855,47.6573,28.1313,45.5459,75.6865,35.499,44.1806,22.8225,44.2478,61.0154,47.0424,43.1968,19.8238,38.326,61.2335,42.7313,44.4884,19.7715,42.1793,65.9051,40.4218,50.7937,34.4371,64.9007,72.8477,52.9801,45.942,24.6734,46.4441,59.5065,53.701,EPI_ISL_15585856,Avian,H5N1,2022.71,Europe,A/chicken/England/118828/2022,G2
0,-1,41.7989,17.6471,38.8235,63.5294,42.3529,44.3497,19.9147,44.0967,81.0811,43.3855,46.988,24.7823,47.5553,69.6584,36.1688,44.2737,24.2198,44.7136,60.0838,46.1109,43.2849,20.2643,38.7665,60.793,43.1718,44.7519,21.529,42.6186,67.2232,39.9824,50.5291,34.4371,63.5762,72.8477,51.6556,46.6667,23.2221,49.3469,66.7634,53.701,EPI_ISL_15585857,Avian,H5N1,2022.712,Europe,A/chicken/England/118935/2022,
0,-1,41.505,18.2353,38.8235,63.5294,41.7647,44.7761,21.3371,46.2304,81.0811,43.3855,47.5904,27.4615,44.8761,75.6865,35.499,44.1806,22.8225,44.2478,61.0154,47.0424,43.2849,20.2643,38.326,61.2335,43.6123,44.4884,19.7715,42.1793,65.9051,40.4218,50.7937,34.4371,64.9007,72.8477,52.9801,45.942,24.6734,46.4441,59.5065,53.701,EPI_ISL_15585858,Avian,H5N1,2022.715,Europe,A/chicken/England/119017/2022,G2
0,-1,41.505,17.6471,38.8235,63.5294,41.7647,44.7761,21.3371,46.9417,81.0811,42.6743,47.7242,28.8011,46.2157,75.0167,35.499,44.2737,23.2883,44.7136,61.0154,47.9739,43.2849,19.8238,39.207,61.2335,43.6123,44.3566,19.7715,42.1793,65.0264,40.4218,50.9259,35.7616,64.9007,72.8477,52.9801,46.2319,24.6734,46.4441,60.9579,53.701,EPI_ISL_15585861,Avian,H5N1,2022.726,Europe,A/chicken/England/121695/2022,G2
0,-1,41.6226,18.2353,38.8235,63.5294,41.7647,44.705,20.6259,46.2304,81.0811,42.6743,47.7242,28.1313,46.2157,75.6865,35.499,44.3203,23.7541,44.2478,61.0154,47.5082,43.1968,19.8238,38.326,61.674,42.2907,44.4005,19.7715,42.1793,65.9051,40.4218,50.9259,35.7616,64.9007,72.8477,52.9801,46.2319,24.6734,46.4441,60.9579,53.701,EPI_ISL_15585862,Avian,H5N1,2022.726,Europe,A/chicken/England/121771/2022,G2
0,-1,41.7989,17.6471,38.2353,64.7059,41.1765,44.4918,21.3371,43.3855,82.5036,44.0967,47.6573,26.1219,46.2157,76.3563,35.499,44.3203,24.2198,44.7136,61.0154,46.5766,43.1528,19.8238,38.7665,59.9119,42.2907,44.664,19.7715,41.7399,65.4657,41.7399,50.3968,34.4371,64.9007,71.5232,52.9801,46.3768,24.6734,47.8955,60.9579,53.701,EPI_ISL_15585863,Avian,H5N1,2022.737,Europe,A/chicken/England/123195/2022,G2
0,-1,41.505,17.6471,38.8235,63.5294,41.7647,44.7761,21.3371,46.2304,81.0811,42.6743,47.6573,28.1313,46.2157,75.6865,35.499,44.0875,23.2883,44.2478,60.5496,47.5082,43.2409,19.8238,38.326,61.2335,43.1718,44.5323,19.7715,42.1793,66.3445,40.4218,50.9259,35.7616,64.9007,72.8477,52.9801,46.5217,24.6734,47.8955,60.9579,55.1524,EPI_ISL_15585864,Avian,H5N1,2022.74,Europe,A/chicken/England/123975/2022,G2
0,-1,41.505,17.6471,38.8235,63.5294,41.7647,44.7761,21.3371,46.2304,81.0811,43.3855,47.7242,28.1313,45.5459,76.3563,35.499,44.1806,22.8225,44.2478,60.5496,47.5082,43.1968,19.8238,38.326,61.2335,42.7313,44.5323,19.7715,42.6186,65.9051,40.4218,50.7937,34.4371,64.9007,72.8477,52.9801,45.942,24.6734,46.4441,59.5065,53.701,EPI_ISL_15585865,Avian,H5N1,2022.745,Europe,A/chicken/England/124798/2022,G2
0,-1,41.505,17.6471,38.8235,63.5294,41.7647,44.8472,21.3371,46.2304,81.0811,43.3855,47.6573,28.1313,45.5459,75.6865,35.499,44.2272,22.3568,44.2478,61.0154,47.5082,43.2409,19.8238,38.7665,61.2335,42.7313,44.4444,19.7715,42.1793,65.4657,40.4218,50.7937,34.4371,64.9007,72.8477,52.9801,46.087,24.6734,46.4441,60.9579,53.701,EPI_ISL_15585880,Avian,H5N1,2022.753,Europe,A/chicken/England/125420/2022,G2
0,-1,41.4462,17.0588,38.8235,63.5294,41.7647,44.5629,21.3371,46.2304,81.0811,41.963,47.7912,28.1313,46.2157,76.3563,35.499,44.1341,23.2883,44.2478,61.0154,47.0424,43.1088,19.8238,37.8855,61.2335,42.7313,44.3566,19.7715,41.7399,65.0264,40.4218,50.9259,35.7616,64.9007,72.8477,52.9801,46.087,24.6734,46.4441,60.9579,53.701,EPI_ISL_15585881,Avian,H5N1,2022.756,Europe,A/chicken/England/130482/2022,G2
0,-1,42.0341,17.6471,38.2353,64.7059,43.5294,44.634,19.9147,45.5192,83.2148,42.6743,47.7242,28.8011,45.5459,75.6865,35.499,44.0875,24.2198,44.2478,59.6181,46.1109,43.5051,20.7048,40.0881,62.9956,42.7313,44.7519,21.0896,43.058,66.3445,39.5431,50.7937,34.4371,64.9007,72.8477,52.9801,46.6667,24.6734,49.3469,66.7634,55.1524,EPI_ISL_15585882,Avian,H5N1,2022.778,Europe,A/chicken/England/131142/2022,G12
0,-1,41.4462,17.6471,38.8235,63.5294,41.1765,44.9183,22.0484,46.2304,81.0811,43.3855,47.5904,28.1313,44.2063,75.0167,36.1688,44.1806,23.2883,43.782,61.0154,47.5082,43.1968,19.8238,38.326,61.2335,42.7313,44.4444,19.7715,42.1793,65.4657,40.4218,50.9259,34.4371,64.9007,74.1722,52.9801,46.2319,24.6734,46.4441,60.9579,53.701,EPI_ISL_15585883,Avian,H5N1,2022.781,Europe,A/chicken/England/131258/2022,G2
0,-1,42.0929,17.6471,38.2353,65.2941,43.5294,44.705,19.9147,45.5192,83.2148,43.3855,47.6573,28.1313,45.5459,75.6865,34.8292,44.1806,24.6856,44.2478,60.0838,46.1109,43.417,20.7048,39.207,62.5551,42.7313,44.7079,21.0896,43.058,65.9051,39.5431,50.7937,34.4371,64.9007,72.8477,52.9801,46.5217,24.6734,49.3469,66.7634,53.701,EPI_ISL_15585884,Avian,H5N1,2022.781,Europe,A/chicken/England/131916/2022,G12
0,-1,41.6814,18.2353,38.2353,65.8824,41.1765,44.4918,19.2034,45.5192,80.3698,42.6743,47.3226,25.4521,46.2157,74.347,35.499,44.2737,23.7541,44.7136,61.9469,46.5766,43.373,19.8238,38.326,61.2335,43.6123,44.7079,20.2109,42.1793,65.9051,40.4218,50.5291,34.4371,64.9007,72.8477,52.9801,46.6667,23.2221,44.9927,68.2148,53.701,EPI_ISL_15585885,Avian,H5N1,2022.784,Europe,A/chicken/England/132529/2022,G2
0,-1,41.6226,17.6471,37.6471,65.2941,40.5882,44.3497,19.2034,46.2304,79.6586,42.6743,47.4565,25.4521,45.5459,75.0167,35.499,44.46,23.7541,44.7136,61.9469,47.0424,43.3289,19.8238,38.326,61.2335,42.7313,44.5323,20.2109,42.6186,64.587,40.8612,50.9259,35.7616,64.9007,74.1722,52.9801,46.9565,24.6734,46.4441,66.7634,53.701,EPI_ISL_15585886,Avian,H5N1,2022.789,Europe,A/chicken/England/133051/2022,G2
0,-1,42.0929,18.8235,37.6471,64.1176,42.3529,44.7761,19.9147,44.808,82.5036,44.0967,48.2597,28.8011,48.2251,77.0261,37.5084,44.1806,25.1514,46.5766,56.8235,47.0424,43.417,19.3833,37.8855,59.9119,44.0529,45.5467,23.82,44.5523,69.6956,44.9934,51.1905,34.4371,64.9007,75.4967,52.9801,46.6667,24.6734,47.8955,65.312,53.701,EPI_ISL_15585888,Avian,H5N1,2022.66,Europe,A/chicken/Scotland/130966/2022,G10
0,-1,41.8577,18.2353,38.8235,62.9412,42.3529,44.5629,19.2034,44.0967,82.5036,44.0967,48.2597,29.4709,47.5553,77.0261,38.1782,44.3669,25.6171,47.0424,56.8235,47.5082,43.417,19.3833,38.7665,59.9119,43.6123,45.4545,23.2865,44.8155,69.42,44.3761,51.1905,33.1126,64.9007,76.8212,52.9801,46.5217,23.2221,47.8955,65.312,52.2496,EPI_ISL_15585890,Avian,H5N1,2022.674,Europe,A/chicken/Wales/116603/2022,G10
0,-1,41.505,17.6471,38.8235,63.5294,41.7647,44.7761,21.3371,46.2304,81.0811,43.3855,47.5234,28.1313,45.5459,75.0167,35.499,44.1341,22.8225,44.2478,61.0154,47.0424,43.2409,19.8238,38.326,61.2335,43.6123,44.4444,19.7715,42.1793,65.4657,40.4218,50.7937,34.4371,64.9007,72.8477,52.9801,45.942,24.6734,46.4441,59.5065,53.701,EPI_ISL_15585891,Avian,H5N1,2022.792,Europe,A/domestic_goose/England/120019/2022,G2
0,-1,41.4462,17.6471,38.8235,63.5294,41.1765,44.9183,22.0484,46.2304,81.0811,43.3855,47.6573,28.1313,44.8761,75.0167,36.1688,44.2272,23.2883,44.2478,61.0154,47.5082,43.1968,19.8238,38.326,61.2335,42.7313,44.4444,19.7715,42.1793,65.4657,40.4218,50.9259,34.4371,64.9007,74.1722,52.9801,46.2319,24.6734,46.4441,60.9579,53.701,EPI_ISL_15585892,Avian,H5N1,2022.721,Europe,A/domestic_goose/England/125128/2022,G2
0,-1,41.3874,17.0588,38.8235,61.7647,41.7647,44.8472,21.3371,47.6529,81.0811,42.6743,47.7912,28.8011,46.2157,75.6865,35.499,44.2272,23.2883,44.2478,61.0154,47.5082,43.3289,19.8238,39.207,61.2335,43.6123,44.3566,19.7715,42.1793,65.0264,40.4218,50.9259,35.7616,64.9007,72.8477,52.9801,46.2319,24.6734,46.4441,60.9579,53.701,EPI_ISL_15585893,Avian,H5N1,2022.753,Europe,A/domestic_goose/England/125496/2022,G2
0,-1,41.9165,17.6471,38.2353,64.1176,43.5294,44.634,19.9147,45.5192,83.2148,42.6743,47.6573,28.1313,45.5459,75.6865,34.8292,44.1341,24.2198,44.2478,60.0838,46.1109,43.417,20.7048,39.207,62.5551,42.7313,44.7079,21.0896,43.058,65.9051,39.5431,50.6614,34.4371,64.9007,72.8477,52.9801,46.5217,24.6734,49.3469,66.7634,53.701,EPI_ISL_15585894,Avian,H5N1,2022.753,Europe,A/domestic_goose/England/131992/2022,G12
0,-1,41.3874,17.0588,38.8235,62.3529,41.7647,44.7761,21.3371,46.9417,81.7923,42.6743,47.6573,28.8011,46.2157,75.0167,35.499,44.2737,23.2883,44.2478,61.0154,47.9739,43.2849,19.8238,38.7665,61.2335,43.6123,44.2688,19.7715,41.7399,65.0264,40.4218,51.0582,35.7616,66.2252,74.1722,52.9801,46.2319,24.6734,46.4441,60.9579,53.701,EPI_ISL_15585895,Avian,H5N1,2022.784,Europe,A/domestic_goose/England/132400/2022,G2
0,-1,41.7402,17.6471,37.6471,65.2941,41.1765,44.1365,18.4922,44.808,78.9474,41.963,47.5234,25.4521,46.2157,75.6865,34.8292,44.2737,23.2883,44.7136,61.4811,46.5766,43.3289,19.8238,37.8855,61.2335,43.1718,44.4444,19.7715,42.1793,65.0264,40.4218,50.7937,34.4371,64.9007,74.1722,51.6556,46.9565,24.6734,46.4441,66.7634,53.701,EPI_ISL_15585896,Avian,H5N1,2022.696,Europe,A/greylag_goose/England/125886/2022,G2
0,-1,41.6226,17.6471,37.6471,65.2941,40.5882,44.4208,19.2034,45.5192,80.3698,42.6743,47.4565,26.1219,45.5459,75.6865,35.499,44.2737,23.7541,44.2478,61.9469,46.5766,43.1528,19.3833,38.326,60.3524,41.8502,44.5762,20.2109,42.6186,64.587,40.4218,50.9259,35.7616,64.9007,74.1722,52.9801,46.6667,24.6734,46.4441,65.312,53.701,EPI_ISL_15585897,Avian,H5N1,2022.753,Europe,A/greylag_goose/England/312865/2022,G2
0,-1,41.7402,18.2353,38.2353,65.2941,41.7647,44.7761,21.3371,44.808,82.5036,44.0967,47.5234,26.7917,46.2157,75.6865,35.499,44.1806,23.2883,45.6451,60.5496,47.5082,43.3554,20.318,38.8693,61.8375,42.8445,44.4884,19.7715,42.1793,64.1476,39.9824,51.0667,34.713,65.4206,73.4312,54.7397,46.087,24.6734,49.3469,58.0552,53.701,EPI_ISL_15585898,Avian,H5N1,2022.753,Europe,A/greylag_goose/Wales/122829/2022,G2
0,-1,41.6961,18.2675,38.8922,63.6417,41.8385,44.705,21.3371,44.808,81.7923,44.0967,47.5234,26.7917,46.2157,75.6865,35.499,44.1958,23.3209,45.709,60.1679,47.5746,43.3289,20.2643,38.7665,62.1145,42.7313,44.6828,19.6692,42.4676,64.819,40.6795,50.9259,34.4371,64.9007,72.8477,54.3046,46.1988,24.8902,49.7804,57.101,54.1728,EPI_ISL_15585899,Avian,H5N1,2022.734,Europe,A/greylag_goose/Wales/126264/2022,G2
0,-1,41.6226,17.6471,37.6471,65.2941,40.5882,44.4208,19.2034,45.5192,79.6586,43.3855,47.4565,26.1219,45.5459,75.6865,34.8292,44.3203,23.7541,44.7136,61.9469,46.5766,43.1088,19.3833,37.8855,59.9119,42.7313,44.6201,20.2109,42.6186,65.9051,40.4218,50.7937,35.7616,64.9007,74.1722,52.9801,46.6667,24.6734,46.4441,65.312,53.701,EPI_ISL_15585904,Avian,H5N1,2022.677,Europe,A/pheasant/England/132162/2022,G2
0,-1,41.505,17.6471,38.8235,63.5294,41.7647,44.8472,21.3371,46.2304,81.0811,43.3855,47.7242,28.1313,46.2157,75.6865,35.499,44.2737,23.2883,44.2478,61.0154,47.5082,43.1968,19.8238,38.326,61.2335,42.7313,44.4444,19.7715,42.6186,65.4657,40.4218,50.9259,35.7616,64.9007,72.8477,52.9801,45.7971,24.6734,47.8955,62.4093,40.6386,EPI_ISL_15585905,Avian,H5N1,2022.786,Europe,A/pheasant/England/251536/2022,
0,-1,41.6226,17.6471,37.6471,65.2941,40.5882,44.3497,19.2034,45.5192,79.6586,42.6743,47.5234,26.1219,45.5459,75.6865,35.499,44.2737,23.7541,44.7136,61.9469,46.5766,43.1968,19.3833,38.326,60.3524,42.7313,44.5762,20.2109,42.1793,64.587,40.4218,50.7937,35.7616,64.9007,74.1722,51.6556,46.8116,24.6734,46.4441,66.7634,53.701,EPI_ISL_15585906,Avian,H5N1,2022.649,Europe,A/pheasant/England/393437/2022,G2
0,-1,41.9753,17.6471,38.2353,64.1176,43.5294,44.5629,19.9147,45.5192,83.926,41.963,47.7242,28.1313,46.2157,75.6865,34.8292,44.1341,24.2198,44.2478,60.0838,46.1109,43.417,20.7048,39.207,62.5551,42.7313,44.7079,21.0896,43.058,65.9051,39.5431,50.6614,34.4371,64.9007,72.8477,52.9801,46.3768,24.6734,49.3469,66.7634,50.7983,EPI_ISL_15585908,Avian,H5N1,2022.734,Europe,A/turkey/England/125196/2022,G12
0,-1,41.9165,17.0588,37.6471,64.1176,43.5294,44.634,19.9147,45.5192,83.2148,42.6743,47.6573,28.1313,45.5459,75.6865,34.8292,44.1341,24.2198,44.2478,60.0838,46.1109,43.417,20.7048,39.207,62.5551,42.7313,44.664,20.6503,43.058,65.9051,39.5431,50.7937,34.4371,64.9007,72.8477,52.9801,46.5217,24.6734,49.3469,66.7634,53.701,EPI_ISL_15585909,Avian,H5N1,2022.786,Europe,A/turkey/England/132310/2022,G12
0,-1,41.7989,17.6471,38.2353,65.8824,41.1765,44.2075,18.4922,45.5192,78.9474,41.963,47.5904,25.4521,46.2157,76.3563,34.8292,44.3203,23.2883,44.7136,62.4127,46.5766,43.417,19.8238,37.8855,61.674,43.6123,44.3566,18.8928,41.7399,65.0264,39.5431,51.0582,35.7616,64.9007,75.4967,52.9801,46.8116,24.6734,46.4441,66.7634,53.701,EPI_ISL_15585910,Avian,H5N1,2022.786,Europe,A/turkey/England/132460/2022,G2
0,-1,41.7402,17.6471,37.6471,65.2941,41.1765,44.2075,18.4922,44.808,78.9474,41.963,47.5904,25.4521,46.2157,77.0261,34.8292,44.2737,23.2883,44.7136,61.4811,46.5766,43.3289,19.8238,37.8855,61.2335,43.1718,44.5323,20.2109,42.6186,65.0264,40.4218,50.9259,35.7616,64.9007,74.1722,52.9801,46.6667,23.2221,46.4441,66.7634,52.2496,EPI_ISL_15585911,Avian,H5N1,2022.786,Europe,A/turkey/England/132948/2022,G2
0,-1,41.5638,18.2353,39.4118,64.7059,42.3529,44.5629,19.9147,46.2304,81.0811,43.3855,47.3896,26.7917,46.2157,75.6865,36.1688,44.2737,23.7541,44.7136,61.0154,48.4397,43.417,19.8238,39.207,61.674,42.2907,44.5323,19.7715,41.7399,64.587,39.9824,50.7937,34.4371,64.9007,72.8477,52.9801,45.6522,23.2221,47.8955,59.5065,50.7983,EPI_ISL_15585920,Avian,H5N1,2022.795,Europe,A/turkey/Wales/132240/2022,G2
0,-1,41.6814,17.6471,38.2353,65.2941,40.5882,44.3497,19.2034,45.5192,79.6586,42.6743,47.5234,26.1219,45.5459,75.6865,35.499,44.2737,23.7541,44.2478,61.9469,46.5766,43.1968,19.3833,38.326,60.3524,42.7313,44.5323,20.2109,42.1793,64.587,40.4218,51.0582,37.0861,64.9007,75.4967,52.9801,46.8116,24.6734,46.4441,66.7634,53.701,EPI_ISL_15586107,Avian,H5N1,2022.773,Europe,A/Bufflehead_Duck/Northern_Ireland/012321/2022,G2
0,-1,41.6226,17.6471,37.6471,65.2941,40.5882,44.2786,18.4922,45.5192,79.6586,42.6743,47.5234,26.1219,45.5459,75.6865,35.499,44.2737,23.7541,44.2478,61.9469,46.5766,43.1968,19.3833,38.326,60.3524,42.7313,44.6201,20.2109,42.1793,65.0264,40.4218,50.7937,35.7616,64.9007,74.1722,52.9801,46.6667,23.2221,46.4441,66.7634,53.701,EPI_ISL_15586108,Avian,H5N1,2022.764,Europe,A/Carolina_Duck/England/128445/2022,G2
0,-1,41.9753,17.6471,38.2353,64.1176,43.5294,44.634,19.9147,45.5192,83.2148,42.6743,47.6573,28.1313,45.5459,75.6865,34.8292,44.1341,24.2198,44.2478,60.0838,46.1109,43.417,20.7048,39.207,62.5551,42.7313,44.7079,21.0896,43.058,65.9051,39.5431,50.7937,34.4371,64.9007,72.8477,52.9801,46.5217,24.6734,49.3469,66.7634,53.701,EPI_ISL_15586109,Avian,H5N1,2022.762,Europe,A/Domestic_Duck/England/128223/2022,G12
0,-1,41.505,17.6471,38.8235,64.1176,41.1765,44.9183,22.0484,46.2304,81.0811,43.3855,47.6573,28.1313,44.8761,75.0167,36.1688,44.2737,23.7541,44.2478,61.0154,47.5082,43.2409,20.2643,38.326,61.2335,42.7313,44.4444,19.7715,42.1793,65.4657,40.4218,50.9259,34.4371,64.9007,74.1722,52.9801,46.2319,24.6734,46.4441,60.9579,53.701,EPI_ISL_15586110,Avian,H5N1,2022.767,Europe,A/Domestic_Duck/England/128591/2022,G2
0,-1,41.505,17.6471,38.8235,63.5294,41.7647,44.5629,21.3371,46.2304,81.0811,41.963,47.7242,28.8011,46.2157,75.6865,36.1688,44.2272,23.2883,44.2478,61.0154,47.5082,43.2409,19.8238,38.326,61.2335,42.7313,44.4005,19.7715,42.1793,65.4657,40.4218,50.9259,35.7616,64.9007,72.8477,52.9801,46.087,24.6734,46.4441,60.9579,52.2496,EPI_ISL_15586111,Avian,H5N1,2022.767,Europe,A/Domestic_Duck/England/128721/2022,G2
0,-1,41.7402,17.6471,37.6471,65.2941,41.1765,44.2075,18.4922,45.5192,78.9474,41.963,47.5904,25.4521,46.2157,75.6865,35.499,44.2272,23.2883,44.7136,61.4811,46.5766,43.3289,19.8238,37.8855,61.2335,43.1718,44.4884,19.7715,42.1793,65.0264,40.4218,50.9259,35.7616,64.9007,74.1722,52.9801,46.8116,24.6734,46.4441,66.7634,53.701,EPI_ISL_15586112,Avian,H5N1,2022.77,Europe,A/Domestic_Duck/England/128822/2022,G2
0,-1,41.6814,17.6471,37.6471,65.2941,41.1765,44.1365,18.4922,45.5192,77.5249,41.963,47.5234,25.4521,46.2157,75.6865,34.8292,44.2737,23.2883,45.1793,61.4811,46.5766,43.3289,19.8238,37.8855,61.2335,43.1718,44.4884,19.3322,42.1793,65.0264,39.9824,50.9259,35.7616,64.9007,74.1722,52.9801,46.8116,24.6734,46.4441,66.7634,53.701,EPI_ISL_15586113,Avian,H5N1,2022.77,Europe,A/Domestic_Duck/England/128927/2022,G2
0,-1,41.6814,17.6471,38.2353,65.2941,40.5882,44.9183,21.3371,44.808,83.2148,44.0967,47.4565,26.7917,46.8855,75.0167,34.8292,44.46,24.6856,43.782,61.9469,46.1109,43.2849,20.7048,38.7665,60.3524,42.2907,44.7079,19.3322,43.4974,65.0264,39.9824,50.5291,34.4371,64.9007,72.8477,51.6556,46.9565,23.2221,49.3469,68.2148,53.701,EPI_ISL_15586114,Avian,H5N1,2022.795,Europe,A/Domestic_Duck/England/134267/2022,G2
0,-1,42.0341,17.6471,38.8235,64.1176,43.5294,44.5629,19.9147,45.5192,83.2148,42.6743,47.6573,28.1313,45.5459,75.6865,34.8292,44.0875,24.2198,43.782,59.6181,46.1109,43.417,20.7048,39.207,62.5551,42.7313,44.7079,21.0896,43.058,65.9051,39.5431,50.7937,34.4371,64.9007,72.8477,52.9801,46.5217,24.6734,49.3469,66.7634,53.701,EPI_ISL_15586115,Avian,H5N1,2022.797,Europe,A/Domestic_Duck/England/134956/2022,G12
0,-1,41.6814,17.6471,38.2353,65.2941,40.5882,44.4208,19.2034,45.5192,79.6586,44.0967,47.5234,26.1219,45.5459,75.6865,35.499,44.2737,23.7541,44.2478,61.9469,46.5766,43.1968,19.3833,38.326,60.3524,42.7313,44.4884,20.2109,42.1793,64.587,39.9824,51.0582,37.0861,64.9007,75.4967,52.9801,46.8116,24.6734,46.4441,66.7634,53.701,EPI_ISL_15586116,Avian,H5N1,2022.773,Europe,A/Nene_Goose/Northern_Ireland/013322/2022,G2
0,-1,41.5638,17.6471,37.0588,65.2941,40.5882,44.3497,19.2034,45.5192,79.6586,42.6743,47.5234,26.1219,45.5459,75.6865,35.499,44.2737,23.7541,44.2478,61.9469,46.5766,43.1968,19.3833,38.326,60.3524,42.7313,44.5323,20.2109,42.1793,64.587,40.4218,50.9259,35.7616,64.9007,74.1722,52.9801,46.6667,23.2221,46.4441,66.7634,53.701,EPI_ISL_15586117,Avian,H5N1,2022.764,Europe,A/Whistling_Duck/England/128441/2022,G2
0,-1,41.6865,17.8465,38.0726,65.4372,41.047,44.4208,19.2034,45.5192,79.6586,43.3855,47.3611,25.7123,45.1703,73.6623,35.4413,44.2553,22.7058,43.5194,62.9139,46.8307,43.0421,19.4265,37.4653,60.592,40.7031,44.6469,19.1518,42.4077,65.6635,41.0397,51.061,35.9521,65.2463,74.5672,53.2623,46.8705,24.7813,46.6472,65.5977,53.9359,EPI_ISL_15586119,Avian,H5N1,2022.721,Europe,A/canada_goose/England/393411/2022,G2
0,-1,41.716,17.7725,37.9147,65.1659,40.8768,44.4208,19.2034,45.5192,79.6586,42.6743,47.6573,26.1219,45.5459,75.6865,36.1688,44.2737,23.7541,44.2478,61.9469,46.5766,43.1968,19.3833,38.326,60.3524,42.7313,44.679,20.6775,42.6749,65.1122,40.9151,50.9259,35.7616,64.9007,74.1722,52.9801,46.7249,23.3236,46.6472,65.5977,53.9359,EPI_ISL_15586120,Avian,H5N1,2022.74,Europe,A/canada_goose/England/393682/2022,G2
0,-1,41.6814,17.6471,37.6471,65.8824,40.5882,44.2786,19.2034,45.5192,79.6586,41.963,47.5234,26.1219,45.5459,75.6865,35.499,44.3669,23.7541,44.7136,61.9469,47.0424,43.1968,19.3833,38.326,60.3524,42.7313,44.5323,20.2109,42.1793,64.1476,40.4218,50.7937,35.7616,64.9007,74.1722,51.6556,46.9565,24.6734,46.4441,66.7634,53.701,EPI_ISL_15586122,Avian,H5N1,2022.688,Europe,A/domestic_duck/England/117887/2022,G2
0,-1,41.6226,17.6471,37.6471,65.2941,40.5882,44.2786,19.2034,44.808,79.6586,42.6743,47.3896,26.1219,45.5459,74.347,35.499,44.3203,23.7541,44.7136,61.9469,46.5766,43.1968,19.3833,38.326,60.3524,42.7313,44.5323,20.2109,42.1793,63.7083,40.4218,50.7937,34.4371,64.9007,74.1722,52.9801,46.8116,24.6734,46.4441,66.7634,53.701,EPI_ISL_15586124,Avian,H5N1,2022.718,Europe,A/domestic_duck/England/125290/2022,G2
0,-1,41.9753,17.6471,38.2353,64.1176,43.5294,44.634,19.9147,45.5192,83.2148,42.6743,47.6573,28.1313,45.5459,75.6865,34.8292,44.1341,24.2198,44.2478,60.0838,46.1109,43.373,20.7048,39.207,62.5551,42.7313,44.7079,21.0896,43.058,65.9051,39.5431,50.6614,34.4371,64.9007,72.8477,52.9801,46.5217,24.6734,49.3469,66.7634,53.701,EPI_ISL_15586125,Avian,H5N1,2022.751,Europe,A/domestic_duck/England/129575/2022,G12
0,-1,41.6814,17.6471,37.6471,65.2941,41.1765,44.0654,18.4922,44.808,77.5249,41.963,47.5234,25.4521,46.2157,75.6865,34.8292,44.2737,23.2883,45.1793,61.4811,46.5766,43.3289,19.8238,37.8855,61.2335,43.1718,44.4444,19.3322,42.1793,65.0264,39.9824,50.7937,34.4371,64.9007,72.8477,52.9801,46.8116,24.6734,46.4441,66.7634,53.701,EPI_ISL_15586126,Avian,H5N1,2022.778,Europe,A/domestic_duck/England/130575/2022,G2
0,-1,41.6816,18.4964,38.7828,64.4391,42.9594,44.4204,20.1729,46.1095,79.9712,42.5072,47.4565,26.7917,46.8855,75.6865,36.1688,44.1806,22.8225,45.1793,60.5496,47.5082,43.4584,20.1465,38.4615,63.6447,41.2088,44.2039,20.3069,41.5162,63.1769,38.3574,50.9259,34.4371,64.9007,72.8477,52.9801,45.7971,23.2221,47.8955,59.5065,50.7983,EPI_ISL_15586127,Avian,H5N1,2022.778,Europe,A/domestic_duck/England/131065/2022,G2
0,-1,41.6814,17.6471,37.6471,65.2941,41.1765,44.1365,18.4922,45.5192,77.5249,41.963,47.5234,25.4521,46.2157,75.6865,34.8292,44.2272,22.8225,44.7136,61.4811,46.5766,43.3289,19.8238,37.8855,61.2335,43.1718,44.4884,19.3322,42.1793,65.0264,39.9824,50.9259,35.7616,64.9007,74.1722,52.9801,46.8116,24.6734,46.4441,66.7634,53.701,EPI_ISL_15586128,Avian,H5N1,2022.781,Europe,A/domestic_duck/England/132948/2022,G2
0,-1,41.4462,17.6471,38.8235,63.5294,41.1765,44.9183,22.0484,46.2304,81.0811,43.3855,47.6573,28.1313,44.8761,75.0167,36.1688,44.2272,23.2883,44.2478,61.0154,47.5082,43.1968,19.8238,38.326,61.2335,42.7313,44.4884,20.2109,42.1793,65.4657,40.8612,51.0013,33.4672,65.5957,74.9665,53.5475,46.2319,24.6734,46.4441,60.9579,53.701,EPI_ISL_15586130,Avian,H5N1,2022.795,Europe,A/domestic_duck/England/133439/2022,G2
0,-1,41.8577,17.6471,38.2353,63.5294,41.7647,44.705,19.9147,44.808,83.2148,42.6743,47.5234,26.1219,45.5459,75.6865,34.8292,43.9479,23.7541,43.782,60.5496,45.6451,43.2409,20.7048,39.207,60.3524,42.2907,44.6201,21.529,43.058,66.3445,39.5431,50.6614,34.4371,64.9007,72.8477,51.6556,46.5217,24.6734,47.8955,65.312,53.701,EPI_ISL_15586132,Avian,H5N1,2022.668,Europe,A/mute_Swan/Scotland/126261/2022,G2
0,-1,41.6226,18.2353,38.8235,64.1176,41.7647,44.705,20.6259,45.5192,82.5036,43.3855,47.5904,26.7917,46.8855,77.0261,36.1688,44.2272,23.2883,45.1793,61.0154,47.5082,43.2849,20.2643,38.7665,60.793,42.7313,44.4884,19.7715,42.6186,64.1476,39.9824,50.6614,34.4371,64.9007,72.8477,51.6556,45.942,23.2221,47.8955,62.4093,50.7983,EPI_ISL_15586133,Avian,H5N1,2022.712,Europe,A/mute_swan/England/117298/2022,G2
0,-1,41.6226,17.6471,38.2353,64.1176,40.5882,44.2786,18.4922,45.5192,78.9474,42.6743,47.5234,25.4521,46.2157,75.0167,34.8292,44.2272,23.7541,44.7136,61.9469,46.1109,43.2409,19.8238,38.326,60.3524,42.7313,44.5762,20.6503,41.3005,65.9051,40.4218,50.7937,35.7616,64.9007,74.1722,52.9801,46.8116,24.6734,46.4441,66.7634,53.701,EPI_ISL_15586134,Avian,H5N1,2022.712,Europe,A/mute_swan/England/125329/2022,
0,-1,41.5638,17.6471,38.8235,64.1176,41.7647,44.7761,21.3371,46.2304,81.0811,43.3855,47.6573,28.1313,45.5459,75.6865,35.499,44.1806,22.8225,44.2478,61.0154,47.0424,43.2409,19.8238,38.7665,61.2335,42.7313,44.4444,19.7715,42.1793,65.4657,40.4218,50.7937,34.4371,64.9007,72.8477,52.9801,45.942,23.2221,46.4441,59.5065,53.701,EPI_ISL_15586135,Avian,H5N1,2022.737,Europe,A/mute_swan/England/253063/2022,G2
0,-1,41.5638,17.0588,37.6471,65.2941,40.5882,44.634,20.6259,45.5192,80.3698,44.0967,47.6573,26.1219,46.2157,76.3563,35.499,44.3669,24.2198,44.7136,61.9469,47.0424,43.3198,19.3519,37.8038,61.2061,42.7543,44.7931,19.1083,41.8562,66.879,41.4013,51.0582,35.7616,64.9007,75.4967,52.9801,46.5217,24.6734,44.9927,66.7634,50.7983,EPI_ISL_15586136,Avian,H5N1,2022.753,Europe,A/mute_swan/England/328136/2022,G2
0,-1,42.328,18.2353,38.8235,66.4706,42.3529,43.2125,23.4708,34.8506,77.5249,42.6743,48.1258,29.4709,47.5553,76.3563,41.5271,44.1806,25.1514,47.0424,57.755,46.5766,43.1968,19.3833,40.9692,56.3877,44.0529,45.3228,21.9684,44.3761,69.42,38.225,50.6614,31.7881,62.2517,71.5232,51.6556,46.5217,24.6734,47.8955,62.4093,53.701,EPI_ISL_15602898,Avian,H5N4,2022.699,NorthAmerica,A/turkey/Montana/22-028879-001-original/2022,
0,-1,41.8577,18.8235,38.8235,64.7059,42.3529,44.6377,20.3046,44.235,85.5693,43.5098,47.992,28.8011,47.5553,75.0167,37.5084,44.3203,26.0829,47.5082,57.2892,48.4397,43.417,20.2643,38.326,59.0308,42.2907,45.2413,22.5864,44.287,68.2019,44.7298,51.0582,34.4371,64.9007,74.1722,52.9801,46.5893,24.7453,48.0349,65.5022,50.9461,EPI_ISL_15614803,Avian,H5N1,2022.458,Africa,A/ibis/Egypt/RLQP-229S/2022,G11
0,-1,41.9753,16.4706,37.6471,64.7059,41.7647,44.4918,18.4922,41.963,81.7923,42.6743,47.992,29.4709,46.8855,76.3563,36.1688,44.2272,24.2198,47.9739,55.8919,47.5082,43.6812,20.7048,39.207,61.674,41.8502,44.4444,20.6503,43.4974,68.9807,38.225,51.5873,37.0861,66.2252,74.1722,55.6291,46.8116,24.6734,46.4441,65.312,52.2496,EPI_ISL_15647834,Avian,H5N1,2022.792,Asia,A/duck/Korea/H493/2022,
0,-1,41.7989,17.6471,38.2353,64.1176,39.4118,43.9943,17.7809,43.3855,82.5036,41.963,47.925,28.1313,47.5553,74.347,41.5271,44.0875,25.6171,47.0424,57.755,46.1109,43.1968,17.6211,42.2907,59.9119,39.207,45.4545,24.6046,43.4974,70.7381,40.8612,50.7937,33.1126,62.2517,72.8477,51.6556,47.8261,27.5762,50.7983,60.9579,44.9927,EPI_ISL_15647835,Avian,H5N1,2022.797,Asia,A/common_teal/Korea/WA537/2022,G3
0,-1,41.9165,17.6471,38.2353,65.2941,40,44.2075,19.2034,43.3855,80.3698,42.6743,47.925,28.8011,46.8855,77.0261,34.1594,43.9944,24.2198,47.0424,55.4262,47.9739,43.5931,22.0264,37.8855,59.4714,44.0529,44.7519,20.2109,42.6186,68.9807,38.225,51.1905,34.4371,64.9007,75.4967,52.9801,47.2464,23.2221,46.4441,65.312,56.6038,EPI_ISL_15647836,Avian,H5N1,2022.773,Asia,A/Mandarin_duck/Korea/WA496/2022,
0,-1,41.7402,17.6471,38.2353,65.2941,41.7647,44.705,19.9147,45.5192,81.0811,43.3855,47.5904,25.4521,46.2157,75.0167,35.499,44.3203,23.2883,44.7136,61.9469,46.1109,43.2849,20.2643,38.326,60.793,42.7313,44.6201,19.3322,42.1793,64.587,40.4218,50.6614,34.4371,64.9007,72.8477,52.9801,46.6667,24.6734,46.4441,65.312,53.701,EPI_ISL_15697406,Avian,H5N1,2022.712,Europe,A/Pavo/Belgium/10906_0006/2022,G2
0,-1,41.6226,17.6471,37.6471,64.7059,41.7647,45.0179,21.5208,45.911,83.2138,43.0416,47.5234,26.7917,44.8761,74.347,35.499,44.2737,24.2198,44.2478,61.0154,46.1109,43.5931,20.2643,40.0881,61.2335,43.1718,44.5323,19.7715,42.1793,65.0264,39.5431,50.7937,34.4371,64.9007,72.8477,54.3046,46.2319,23.2221,47.8955,65.312,52.2496,EPI_ISL_15697407,Avian,H5N1,2022.715,Europe,A/Gallus_gallus/Belgium/10968_0005/2022,G2
0,-1,41.5638,17.6471,37.6471,64.7059,41.7647,44.9893,21.3371,45.5192,82.5036,43.3855,47.4565,26.7917,44.8761,74.347,35.499,44.3203,24.2198,44.2478,61.0154,46.1109,43.5931,20.2643,40.0881,61.2335,43.1718,44.5762,19.7715,42.1793,65.4657,39.5431,50.6614,34.4371,64.9007,70.1987,54.3046,46.2319,23.2221,47.8955,65.312,52.2496,EPI_ISL_15698209,Avian,H5N1,2022.734,Europe,A/Gallus_gallus/Belgium/11248_0001/2022,G2
0,-1,41.6814,18.2353,38.2353,65.2941,40.5882,44.634,22.0484,43.3855,81.7923,43.3855,47.3896,26.7917,46.8855,75.0167,34.8292,44.3203,24.6856,43.3163,61.4811,46.1109,43.373,21.5859,39.207,61.2335,41.4097,44.5762,19.3322,43.4974,65.0264,39.5431,50.5291,34.4371,64.9007,72.8477,51.6556,47.1014,23.2221,49.3469,69.6662,53.701,EPI_ISL_15698370,Avian,H5N1,2022.726,Europe,A/Ardea_cinerea/Belgium/11304_0003/2022,G2
0,-1,41.9165,18.2353,38.8235,66.4706,41.7647,44.8472,20.6259,44.0967,83.2148,44.0967,47.5234,26.7917,46.8855,75.0167,36.1688,44.3203,24.2198,43.782,61.4811,45.1793,43.1968,20.7048,38.7665,60.3524,41.8502,44.6201,19.3322,43.4974,64.587,39.5431,50.5291,34.4371,64.9007,72.8477,51.6556,46.9565,23.2221,49.3469,68.2148,53.701,EPI_ISL_15699041,Avian,H5N1,2022.721,Europe,A/Cygnus_olor/Belgium/11304_0009/2022,G2
0,-1,41.5638,17.6471,37.6471,64.7059,41.1765,44.9893,21.3371,45.5192,82.5036,43.3855,47.3226,26.1219,44.8761,74.347,35.499,44.2737,23.7541,44.2478,60.5496,46.1109,43.5931,20.2643,40.0881,61.2335,43.1718,44.4444,19.7715,42.1793,64.587,39.1037,50.7937,34.4371,64.9007,72.8477,54.3046,46.3768,23.2221,47.8955,68.2148,52.2496,EPI_ISL_15699790,Avian,H5N1,2022.742,Europe,A/Gallus_gallus/Belgium/11387_0002/2022,G2
0,-1,41.9753,18.2353,38.8235,67.0588,41.1765,44.705,20.6259,43.3855,83.2148,44.0967,47.5234,26.7917,46.8855,75.0167,34.8292,44.1806,24.2198,43.782,60.5496,45.1793,43.1968,21.1454,38.7665,60.793,41.8502,44.664,20.2109,43.9367,64.587,39.5431,50.6614,34.4371,64.9007,75.4967,51.6556,47.1014,23.2221,47.8955,69.6662,53.701,EPI_ISL_15699799,Avian,H5N1,2022.748,Europe,A/Gallus_gallus/Belgium/11445_0002/2022,G2
0,-1,41.6226,17.6471,37.6471,64.1176,41.7647,44.4208,20.6259,44.0967,81.7923,43.3855,47.5904,26.7917,46.8855,75.6865,35.499,44.3203,25.1514,44.2478,60.5496,47.0424,43.2849,19.8238,38.326,60.793,42.7313,44.4005,18.8928,41.3005,65.0264,41.3005,50.6614,34.4371,64.9007,72.8477,51.6556,46.5217,24.6734,47.8955,63.8607,53.701,EPI_ISL_15699929,Avian,H5N1,2022.773,Europe,A/Gallus_gallus/Belgium/11943_0003/2022,G2
0,-1,42.1517,18.8235,39.4118,65.2941,41.7647,42.2175,14.2248,45.5192,66.8563,39.8293,48.0589,28.8011,47.5553,77.0261,36.8386,44.3669,24.2198,47.5082,61.4811,47.5082,43.373,20.2643,37.8855,59.9119,42.7313,44.7958,23.2865,41.7399,70.2988,39.1037,50.7937,34.4371,63.5762,72.8477,52.9801,46.6667,23.2221,46.4441,65.312,53.701,EPI_ISL_15732741,Avian,H5N2,2022.822,Asia,A/large-billed_crow/Hokkaido/B003/2022,
0,-1,41.5638,19.4118,37.0588,64.7059,39.4118,44.5629,19.2034,44.0967,83.926,41.963,46.988,27.4615,44.8761,74.347,34.1594,44.2737,25.1514,47.0424,59.6181,45.6451,44.2536,22.467,42.2907,62.1145,46.2555,45.1032,23.2865,41.7399,67.2232,40.8612,51.0582,35.7616,64.9007,75.4967,52.9801,46.6667,27.5762,47.8955,63.8607,39.1872,EPI_ISL_15732766,Avian,H5N1,2022.808,Asia,A/Eurasian_wigeon/Hokkaido/M184/2022,
0,-1,41.6814,18.2353,38.8235,65.2941,41.7647,44.7368,22.0798,46.2963,81.1966,44.1595,47.6573,26.1219,46.2157,78.3657,35.499,44.4134,23.7541,44.2478,61.9469,46.5766,43.3289,19.8238,38.7665,60.793,44.0529,44.5714,19.8063,42.2535,66.4613,39.6127,50.7937,33.1126,64.9007,72.8477,52.9801,46.3768,23.2221,47.8955,62.4093,53.701,EPI_ISL_15759950,Avian,H5N1,2022.83,Europe,A/Common_Buzzard/Netherlands/2/2022,G2
0,-1,41.6814,18.8235,37.0588,65.2941,40.5882,44.3101,18.5185,45.584,79.7721,42.735,47.4565,26.1219,45.5459,75.0167,35.499,44.46,24.6856,45.1793,61.9469,46.5766,43.2599,19.4004,38.8007,59.5238,43.2099,45.3667,23.2865,45.2548,71.6169,41.7399,51.0582,35.7616,64.9007,76.8212,52.9801,46.6667,23.2221,46.4441,66.7634,53.701,EPI_ISL_15759951,Avian,H5N1,2022.795,Europe,A/Mallard/Netherlands/24/2022,G2
0,-1,41.6814,18.2353,38.8235,65.2941,41.7647,44.7368,22.0798,46.2963,81.1966,44.1595,47.5904,26.1219,46.2157,75.6865,35.499,44.3203,24.6856,44.7136,60.0838,46.5766,43.304,19.8413,38.8007,59.9647,42.769,44.6397,19.7889,42.2164,66.8426,39.5778,50.7937,33.1126,64.9007,72.8477,52.9801,46.6667,23.2221,47.8955,65.312,53.701,EPI_ISL_15759953,Avian,H5N1,2022.814,Europe,A/Mallard/Netherlands/26/2022,G2
0,-1,42.0341,18.2353,39.4118,66.4706,42.3529,44.7761,20.6259,44.0967,83.2148,44.0967,47.5234,27.4615,46.2157,75.0167,35.499,44.3203,24.2198,43.782,61.4811,45.1793,43.1528,20.7048,38.326,60.3524,41.8502,44.664,19.3322,43.4974,64.587,39.5431,50.5291,34.4371,64.9007,72.8477,51.6556,46.9565,23.2221,49.3469,68.2148,53.701,EPI_ISL_15812579,Avian,H5N1,2022.707,Europe,A/Anser_anser_domesticus/Belgium/10918_0002/2022,G2
0,-1,41.8577,18.8235,38.8235,64.7059,41.7647,44.7761,20.6259,44.0967,83.2148,44.0967,47.2557,26.7917,46.8855,74.347,32.8198,44.3203,24.2198,43.782,61.0154,45.6451,43.2409,21.5859,38.7665,61.674,42.2907,44.5762,19.3322,43.4974,64.587,39.5431,50.3968,34.4371,64.9007,72.8477,51.6556,46.9565,23.2221,49.3469,68.2148,53.701,EPI_ISL_15812678,Avian,H5N1,2022.756,Europe,A/Anas_platyrhynchos_domesticus/Belgium/11599_0005/2022,G2
0,-1,42.0341,18.2353,39.4118,66.4706,42.3529,44.7761,20.6259,44.0967,83.2148,44.0967,47.5997,27.7402,47.3613,75.1015,35.8593,44.3203,24.2198,43.782,61.4811,45.1793,43.1528,20.7048,38.326,60.3524,41.8502,44.6059,19.3833,43.6123,64.3172,39.6476,50.5291,34.4371,64.9007,72.8477,51.6556,47.0238,23.845,50.6706,68.5544,53.6513,EPI_ISL_15812864,Avian,H5N1,2022.811,Europe,A/mixed_domestic_Phasianidae/Belgium/12102_0001/2022,G2
0,-1,42.0341,18.2353,39.4118,66.4706,42.3529,44.705,20.6259,44.0967,83.2148,44.0967,47.5997,27.7402,47.3613,75.1015,35.8593,44.3203,23.7541,44.2478,61.9469,45.1793,43.1968,20.7048,38.326,60.793,41.8502,44.6499,19.3833,43.6123,64.7577,39.6476,50.6775,33.9213,66.4858,73.27,51.5604,46.9565,23.2221,49.3469,68.2148,53.701,EPI_ISL_15813174,Avian,H5N1,2022.811,Europe,A/Gallus_gallus/Belgium/12311_0001/2022,G2
0,-1,41.6226,18.2353,38.2353,64.7059,40.5882,44.634,21.3371,43.3855,81.7923,44.0967,47.551,25.8679,46.9707,77.6038,34.7175,44.2737,24.6856,43.3163,61.0154,46.5766,43.461,22.0264,39.207,62.1145,41.8502,44.6499,19.3833,43.1718,65.1982,39.6476,50.5291,34.4371,64.9007,72.8477,51.6556,46.9565,23.2221,49.3469,68.2148,53.701,EPI_ISL_15813940,Avian,H5N1,2022.811,Europe,A/mixed_domestic_Anatidae/Belgium/12318_0001/2022,G2
0,-1,41.7402,17.6471,38.2353,65.8824,40.5882,44.2786,19.2034,44.808,79.6586,42.6743,47.5321,25.7104,46.0081,75.1015,35.8593,44.3669,23.7541,44.7136,61.9469,47.0424,43.2409,19.3833,38.326,60.3524,42.7313,44.6499,19.8238,42.7313,64.7577,40.0881,50.9259,35.7616,64.9007,74.1722,52.9801,46.8116,24.6734,44.9927,66.7634,53.701,EPI_ISL_15814043,Avian,H5N1,2022.811,Europe,A/Gallus_gallus/Belgium/12395_0002/2022,G2
0,-1,41.9165,19.4118,37.0588,64.1176,40.5882,44.1365,19.9147,44.0967,80.3698,41.2518,48.1928,29.4709,47.5553,77.0261,37.5084,44.041,25.1514,47.0424,55.8919,47.5082,43.1088,21.1454,37.4449,59.4714,41.4097,45.1471,22.4077,44.8155,68.5413,42.1793,51.0582,34.4371,63.5762,72.8477,52.9801,46.5217,24.6734,47.8955,62.4093,53.701,EPI_ISL_15837655,Avian,H5N1,2022.773,Africa,A/chicken/South_Africa/21080238/2021,G11
0,-1,42.1517,18.2353,38.8235,65.2941,41.7647,44.1365,19.2034,42.6743,82.5036,42.6743,47.6573,25.4521,46.2157,73.6772,38.1782,44.3203,25.1514,47.0424,58.2208,46.5766,43.0647,20.2643,37.0044,60.3524,40.0881,45.6302,23.7258,45.2548,68.9807,39.9824,50.7937,33.1126,62.2517,72.8477,51.6556,46.5217,23.2221,47.8955,62.4093,53.701,EPI_ISL_15844573,Avian,H5N1,2022.277,NorthAmerica,A/Broiler_Chicken/BC/FAV-0228/2022_H5N1,G6
0,-1,41.9753,19.4118,35.2941,65.8824,40.5882,43.9943,20.6259,43.3855,78.9474,39.8293,48.1258,30.1407,47.5553,76.3563,38.1782,43.8547,24.6856,47.0424,54.9604,47.0424,43.1968,20.2643,37.0044,59.9119,41.8502,45.0154,21.9684,45.2548,68.5413,41.7399,50.7937,31.7881,63.5762,72.8477,51.6556,46.8116,26.1248,47.8955,60.9579,56.6038,EPI_ISL_15853920,Avian,H5N1,2022.353,Africa,A/Common_tern/South_Africa/686940_CT013/2022,G11
0,-1,42.0929,20,35.8824,65.2941,41.1765,44.2075,20.6259,46.2304,79.6586,39.8293,47.7242,28.8011,47.5553,75.0167,38.1782,43.9944,24.6856,47.5082,54.9604,47.0424,43.3289,20.2643,37.4449,60.3524,42.2907,44.9715,22.4077,44.8155,68.1019,41.7399,50.9259,31.7881,62.2517,72.8477,51.6556,46.8116,24.6734,47.8955,62.4093,55.1524,EPI_ISL_15853932,Avian,H5N1,2022.567,Africa,A/African_penguin/South_Africa/693215_P2-0348/2022,
0,-1,42.0929,20,35.8824,65.2941,41.1765,44.2075,20.6259,46.2304,79.6586,39.8293,47.7242,28.8011,47.5553,75.0167,38.1782,43.9944,24.6856,47.5082,54.9604,47.0424,43.3289,20.2643,37.4449,60.3524,42.2907,44.9715,22.4077,44.8155,68.1019,41.7399,50.9259,31.7881,62.2517,72.8477,51.6556,46.8116,24.6734,47.8955,62.4093,55.1524,EPI_ISL_15853933,Avian,H5N1,2022.567,Africa,A/African_penguin/South_Africa/693215_P1-0347/2022,
0,-1,42.0929,20,35.8824,65.2941,41.1765,44.1365,20.6259,46.2304,79.6586,39.8293,47.8581,28.8011,47.5553,76.3563,38.1782,43.9013,24.6856,47.0424,54.9604,47.0424,43.2849,20.2643,37.4449,59.9119,42.2907,44.9715,22.4077,44.8155,68.1019,41.7399,50.9259,31.7881,62.2517,72.8477,51.6556,46.8116,24.6734,47.8955,62.4093,55.1524,EPI_ISL_15853934,Avian,H5N1,2022.581,Africa,A/Common_tern/South_Africa/693799_DOA236/2022,
0,-1,41.7989,18.8235,37.6471,64.7059,40,44.5629,19.2034,44.0967,83.2148,43.3855,48.0589,28.8011,46.8855,77.0261,38.1782,43.9944,25.1514,45.6451,57.2892,47.0424,42.9767,19.8238,37.8855,59.4714,40.9692,45.2789,21.529,45.6942,68.9807,42.1793,51.0582,34.4371,63.5762,74.1722,52.9801,46.2319,20.3193,46.4441,63.8607,53.701,EPI_ISL_15853935,Avian,H5N1,2022.712,Africa,A/chicken/South_Africa/697683/2022,G11
0,-1,41.6814,17.6471,37.0588,64.7059,41.7647,44.634,19.2034,45.5192,81.7923,43.3855,47.6573,26.7917,46.2157,76.3563,36.1688,44.2737,24.6856,45.1793,59.6181,46.1109,43.2849,18.9427,37.8855,62.1145,42.2907,44.3566,21.0896,41.3005,64.587,39.5431,50.6614,33.1126,64.9007,72.8477,51.6556,46.5217,24.6734,47.8955,65.312,52.2496,EPI_ISL_15857836,Avian,H5N1,2022.816,Europe,A/teal/Italy/22VIR10396-33/2022,G2
0,-1,41.6814,17.6471,36.4706,65.2941,42.3529,44.8472,19.9147,46.2304,81.7923,44.0967,47.4565,26.1219,46.2157,75.6865,36.1688,44.2012,24.2424,44.7552,59.6737,45.2214,43.3289,19.3833,37.8855,61.674,42.7313,44.4884,21.529,41.7399,64.1476,39.5431,50.5291,33.1126,64.9007,72.8477,50.3311,46.3768,24.6734,47.8955,65.312,52.2496,EPI_ISL_15857837,Avian,H5N1,2022.816,Europe,A/teal/Italy/22VIR10396-5/2022,G2
0,-1,41.5638,15.8824,39.4118,65.8824,41.7647,44.9893,21.3371,46.2304,83.2148,44.808,47.4565,26.1219,46.2157,74.347,36.1688,44.2272,24.6856,44.7136,60.0838,46.1109,43.2849,19.8238,38.326,59.4714,42.7313,44.7079,20.2109,42.1793,66.3445,39.9824,50.7937,33.1126,66.2252,72.8477,52.9801,46.8116,24.6734,47.8955,66.7634,55.1524,EPI_ISL_15857839,Avian,H5N1,2022.871,Europe,A/chicken/Italy/22VIR11246-6/2022,G2
0,-1,41.8235,17.0789,39.4582,64.7821,41.225,44.9183,19.9147,46.2304,84.6373,43.3855,47.6573,26.7917,46.2157,75.6865,36.1688,44.2737,25.1514,42.8505,60.5496,46.5766,43.1088,20.2643,37.8855,60.793,42.2907,44.664,20.6503,42.6186,66.3445,40.4218,50.2646,34.4371,64.9007,71.5232,50.3311,46.9565,21.7707,47.8955,68.2148,56.6038,EPI_ISL_15857840,Avian,H5N1,2022.868,Europe,A/turkey/Italy/22VIR11262-1/2022,G2
0,-1,41.505,17.0588,36.4706,64.7059,41.7647,44.4918,17.7809,44.0967,81.7923,43.3855,46.988,24.7823,44.8761,73.6772,37.5084,44.2737,24.6856,45.1793,59.6181,46.1109,43.304,18.9594,37.9189,62.6102,42.328,44.5323,21.0896,41.3005,64.587,39.9824,50.6614,33.1126,64.9007,72.8477,51.6556,44.4928,21.7707,42.09,62.4093,46.4441,EPI_ISL_15857841,Avian,H5N1,2022.849,Europe,A/swan/Italy/22VIR10875-2/2022,
0,-1,41.6226,17.6471,37.0588,64.7059,41.7647,44.5629,19.2034,45.5192,81.7923,43.3855,47.6573,26.1219,46.2157,76.3563,36.1688,44.2737,24.6856,44.7136,60.0838,46.1109,43.2849,19.3833,37.8855,61.674,41.4097,44.3566,21.0896,41.7399,64.587,38.6643,50.6614,33.1126,64.9007,72.8477,51.6556,46.5217,24.6734,47.8955,65.312,52.2496,EPI_ISL_15857842,Avian,H5N1,2022.855,Europe,A/swan/Italy/22VIR10995-7/2022,G2
0,-1,41.6814,17.0588,37.0588,65.2941,41.7647,44.705,19.9147,45.5192,81.7923,44.0967,47.4565,26.1219,45.5459,75.6865,36.1688,44.2272,24.6856,44.7136,59.6181,45.6451,43.373,19.3833,37.8855,62.1145,42.2907,44.5323,21.0896,42.1793,65.0264,39.5431,50.5291,33.1126,64.9007,72.8477,50.3311,46.6667,24.6734,47.8955,65.312,55.1524,EPI_ISL_15857843,Avian,H5N1,2022.852,Europe,A/rural_laying_hen/Italy/22VIR10996-6/2022,G2
0,-1,41.6814,17.6471,38.8235,64.7059,41.1765,44.8472,20.6259,46.9417,81.7923,46.2304,47.6573,27.4615,46.2157,76.3563,35.499,44.2478,25.1748,44.7552,59.6737,45.6876,43.304,19.8413,38.3598,60.4056,41.4462,44.5323,21.0896,41.3005,64.587,39.5431,51.1258,34.5286,65.073,73.0412,55.7769,47.0247,24.7453,46.5793,75.6914,52.4017,EPI_ISL_15857844,Avian,H5N1,2022.855,Europe,A/turkey/Italy/22VIR11056-4/2022,G2
0,-1,41.6814,17.6471,38.8235,64.7059,41.1765,44.8791,20.6553,47.0085,81.9088,46.2963,47.6573,27.4615,46.2157,76.3563,35.499,44.3203,25.1514,44.7136,60.0838,45.6451,43.2849,20.2643,38.326,59.9119,41.4097,44.4884,21.0896,41.3005,64.1476,39.5431,51.0582,34.4371,64.9007,72.8477,55.6291,47.1014,24.6734,47.8955,75.4717,52.2496,EPI_ISL_15857845,Avian,H5N1,2022.866,Europe,A/turkey/Italy/22VIR11144-1/2022,G2
0,-1,41.7989,17.0588,38.2353,64.7059,41.7647,44.8472,19.9147,45.5192,83.926,43.3855,47.6573,26.7917,46.2157,75.6865,36.1688,44.2272,25.1514,42.8505,60.5496,46.5766,43.373,20.2643,38.7665,61.2335,43.1718,44.7079,21.0896,42.6186,66.3445,40.4218,50.3968,34.4371,64.9007,71.5232,51.6556,46.9565,21.7707,47.8955,68.2148,56.6038,EPI_ISL_15857846,Avian,H5N1,2022.836,Europe,A/turkey/Italy/22VIR10627-4/2022,G2
0,-1,41.6226,17.0588,36.4706,65.2941,41.7647,44.4208,18.4922,44.808,81.0811,44.0967,47.5904,26.7917,46.2157,75.6865,36.1688,44.2272,24.6856,44.7136,59.6181,45.6451,43.373,19.3833,37.8855,62.1145,42.2907,44.4884,21.529,41.7399,64.1476,39.5431,50.6614,33.1126,64.9007,72.8477,51.6556,46.6667,24.6734,47.8955,65.312,52.2496,EPI_ISL_15857847,Avian,H5N1,2022.836,Europe,A/rural_chicken/Italy/22VIR10651-4/2022,G2
0,-1,41.8577,18.2353,38.2353,65.8824,41.7647,44.9183,22.7596,46.2304,82.5036,43.3855,47.5904,27.4615,46.8855,76.3563,34.8292,44.4341,24.7086,45.2214,60.6061,47.0862,43.1528,19.8238,39.207,61.2335,42.7313,44.5762,20.6503,42.1793,64.587,39.5431,50.5291,34.4371,63.5762,72.8477,52.9801,45.942,21.7707,47.8955,63.8607,53.701,EPI_ISL_15857848,Avian,H5N1,2022.841,Europe,A/turkey/Italy/22VIR10733-4/2022,G2
0,-1,41.6814,18.2353,37.0588,65.2941,41.7647,44.4523,19.2308,44.8718,81.1966,42.735,47.7242,26.1219,46.8855,77.6959,36.8386,44.2737,24.6856,44.7136,59.6181,46.1109,43.3289,19.3833,37.8855,62.5551,41.4097,44.4444,21.0896,41.7399,64.587,39.5431,50.5291,31.7881,64.9007,71.5232,51.6556,46.5217,24.6734,47.8955,65.312,52.2496,EPI_ISL_15857849,Avian,H5N1,2022.841,Europe,A/swan/Italy/22VIR10737-10/2022,G2
0,-1,41.3874,14.1176,38.8235,66.4706,41.1765,45.1636,21.3675,47.0085,84.0456,44.8718,47.5234,26.7917,46.2157,74.347,36.1688,44.1806,24.2198,44.7136,60.0838,46.1109,43.373,20.7048,38.326,59.9119,43.1718,44.7715,20.2287,42.2164,66.8426,39.5778,50.7937,33.1126,66.2252,72.8477,54.3046,46.9565,24.6734,47.8955,68.2148,55.1524,EPI_ISL_15857864,Avian,H5N1,2022.841,Europe,A/rural_goose/Italy/22VIR10789-2/2022,G2
0,-1,41.6814,15.8824,39.4118,65.8824,41.7647,44.9893,21.3371,46.2304,83.2148,44.808,47.4565,26.1219,46.2157,74.347,36.1688,44.2272,24.6856,44.7136,60.0838,46.1109,43.3289,20.2643,38.326,59.9119,42.7313,44.7079,20.2109,42.1793,66.3445,39.9824,50.7937,33.1126,66.2252,72.8477,52.9801,46.8116,24.6734,47.8955,66.7634,55.1524,EPI_ISL_15857953,Avian,H5N1,2022.847,Europe,A/laying_hen/Italy/22VIR10800-2/2022,G2
0,-1,41.6226,17.6471,37.0588,64.1176,41.7647,44.5629,19.2034,45.5192,81.7923,44.0967,47.5234,26.1219,46.2157,75.6865,36.1688,44.2737,24.6856,44.7136,59.6181,46.1109,43.2849,19.3833,37.8855,61.674,41.4097,44.4005,21.0896,41.7399,64.587,39.5431,50.3968,31.7881,64.9007,71.5232,51.6556,46.4441,24.7453,46.5793,65.5022,52.4017,EPI_ISL_15857954,Avian,H5N1,2022.814,Europe,A/laying_hen/Italy/22VIR10267-7/2022,G2
0,-1,41.7402,17.6471,37.0588,65.2941,41.7647,44.5629,19.2034,45.5192,81.0811,44.0967,47.3896,26.7917,46.2157,75.6865,35.499,44.2737,25.1514,44.7136,59.6181,45.6451,43.2849,19.3833,37.8855,61.674,42.2907,44.4884,21.529,41.7399,64.1476,39.5431,50.5291,33.1126,64.9007,72.8477,50.3311,46.6667,24.6734,47.8955,65.312,52.2496,EPI_ISL_15857955,Avian,H5N1,2022.83,Europe,A/rural_duck/Italy/22VIR10534-3/2022,G2
0,-1,41.6814,17.6471,37.0588,64.7059,41.7647,44.634,19.2034,45.5192,81.7923,43.3855,47.5904,26.1219,46.2157,76.3563,36.1688,44.2737,24.6856,45.1793,59.6181,46.1109,43.3289,18.9427,37.8855,62.1145,42.2907,44.3566,21.0896,41.3005,64.587,39.5431,50.6614,33.1126,64.9007,72.8477,51.6556,46.5217,24.6734,47.8955,65.312,52.2496,EPI_ISL_15857956,Avian,H5N1,2022.797,Europe,A/teal/Italy/22VIR9917-19/2022,G2
0,-1,41.6814,17.6471,37.0588,64.7059,41.7647,44.634,19.2034,45.5192,81.7923,43.3855,47.5904,26.1219,46.2157,76.3563,36.1688,44.0915,22.9723,45.9447,59.0717,46.8823,42.8191,17.8571,37.5,61.6071,41.5179,44.3505,20.7207,42.3423,64.4144,39.1892,50.9353,28.3019,72.327,77.044,48.7421,46.5217,24.6734,47.8955,65.312,52.2496,EPI_ISL_15857957,Avian,H5N1,2022.797,Europe,A/teal/Italy/22VIR9917-52/2022,G2
0,-1,41.6226,15.8824,39.4118,65.8824,41.1765,44.9183,20.6259,46.2304,83.2148,44.808,47.5234,26.7917,46.2157,74.347,36.1688,44.2272,24.6856,44.7136,60.0838,46.1109,43.3289,20.2643,38.326,59.9119,42.7313,44.7519,20.2109,42.1793,66.3445,39.9824,50.6614,33.1126,66.2252,72.8477,52.9801,46.9565,24.6734,47.8955,68.2148,55.1524,EPI_ISL_15857958,Avian,H5N1,2022.803,Europe,A/swan/Italy/22VIR10097-3/2022,G2
0,-1,41.6226,15.8824,39.4118,65.8824,41.1765,44.9183,20.6259,46.2304,83.2148,44.808,47.5234,26.7917,46.2157,74.347,36.1688,44.2272,24.6856,44.7136,60.0838,46.1109,43.3289,20.2643,38.326,59.9119,42.7313,44.7519,20.2109,42.1793,66.3445,39.9824,50.6614,33.1126,66.2252,72.8477,52.9801,46.9565,24.6734,47.8955,68.2148,55.1524,EPI_ISL_15857959,Avian,H5N1,2022.803,Europe,A/swan/Italy/22VIR10097-4/2022,G2
0,-1,41.6814,17.6471,37.0588,64.7059,41.7647,44.5629,19.2034,45.5192,81.7923,43.3855,47.5234,25.4521,46.2157,76.3563,36.1688,44.3669,24.6856,44.7136,59.6181,46.5766,43.2849,19.3833,37.8855,62.1145,42.2907,44.4444,21.0896,41.7399,64.587,39.5431,50.6614,33.1126,64.9007,72.8477,51.6556,46.5217,24.6734,47.8955,65.312,52.2496,EPI_ISL_15857961,Avian,H5N1,2022.77,Europe,A/Goose/Italy/22VIR9673-3/2022,G2
0,-1,41.6814,17.6471,38.8235,64.7059,41.1765,44.8472,20.6259,46.2304,82.5036,45.5192,47.5904,27.4615,46.2157,75.6865,35.499,44.2218,24.7317,44.3304,59.7294,46.1969,43.1718,18.9594,38.3598,60.4056,41.4462,44.5323,21.0896,41.3005,64.587,39.5431,51.0582,34.4371,64.9007,72.8477,55.6291,47.0247,24.7453,48.0349,75.6914,52.4017,EPI_ISL_15857990,Avian,H5N1,2022.792,Europe,A/Chicken/Italy/22VIR9832-3/2022,G2
0,-1,41.7989,17.0588,38.2353,64.7059,42.9412,44.4208,21.3371,44.808,82.5036,42.6743,47.5904,25.4521,46.2157,77.0261,35.499,44.3203,25.1514,43.782,60.5496,47.0424,43.3289,20.2643,39.207,60.793,42.2907,44.5762,19.7715,42.1793,64.587,40.8612,50.6614,34.4371,64.9007,72.8477,52.9801,46.2319,24.6734,47.8955,60.9579,53.701,EPI_ISL_15857991,Avian,H5N1,2022.726,Europe,A/Hawaiian_goose/Italy/22VIR9126-7/2022,G2
0,-1,41.6814,17.6471,37.6471,64.1176,41.1765,44.5629,20.6259,44.808,82.5036,43.3855,47.4565,26.1219,46.2157,75.6865,35.499,43.5754,20.4937,44.2478,58.6865,45.6451,43.1968,18.9427,37.8855,60.3524,42.7313,45.1741,23.8938,45.1327,69.0265,38.9381,50.7937,34.4371,66.2252,72.8477,51.6556,46.3768,24.6734,47.8955,60.9579,53.701,EPI_ISL_15857992,Avian,H5N1,2022.852,Europe,A/chicken/France/22P023203/2022,G13
1,1,41.6814,18.2353,37.6471,66.4706,41.7647,44.705,20.6259,44.808,81.7923,43.3855,47.7912,22.7729,48.2251,81.0449,46.8855,43.2495,20.9595,43.782,58.6865,47.0424,43.3289,19.3833,38.7665,60.793,42.2907,44.2688,19.3322,42.6186,62.8295,39.5431,50.5291,34.4371,64.9007,71.5232,51.6556,46.087,24.6734,56.6038,65.312,39.1872,EPI_ISL_15878539,Mink,H5N1,2022.795,Europe,A/Mink/Spain/3691-8_22VIR10586-10/2022,G1
1,1,41.6814,18.2353,37.6471,66.4706,41.7647,44.705,20.6259,44.808,81.7923,43.3855,47.7912,22.7729,48.2251,81.0449,46.8855,43.2231,20.979,43.3566,58.7413,47.0862,43.3289,19.3833,38.7665,60.793,42.2907,44.2688,19.3322,42.6186,62.8295,39.5431,50.5291,34.4371,64.9007,71.5232,51.6556,46.087,24.6734,56.6038,65.312,39.1872,EPI_ISL_15878540,Mink,H5N1,2022.795,Europe,A/Mink/Spain/3691-10_22VIR10586-11/2022,G1
1,1,41.7989,18.8235,38.8235,65.8824,41.7647,44.705,20.6259,44.808,81.7923,43.3855,47.7912,22.7729,48.2251,81.0449,46.8855,43.2697,20.979,43.8228,58.7413,47.0862,43.2849,19.3833,38.326,60.3524,42.2907,44.3127,19.3322,42.6186,62.8295,39.9824,50.5291,34.4371,64.9007,71.5232,51.6556,46.087,24.6734,56.6038,65.312,39.1872,EPI_ISL_15878541,Mink,H5N1,2022.795,Europe,A/Mink/Spain/3691-2_22VIR10586-8/2022,G1
1,1,41.6814,18.2353,38.2353,65.2941,41.7647,44.7761,21.3371,45.5192,81.7923,43.3855,47.7242,22.7729,48.2251,81.0449,46.2157,43.3426,21.4252,43.782,59.6181,47.0424,43.3289,19.3833,38.7665,60.793,42.2907,44.3127,19.3322,42.6186,62.8295,39.5431,50.5291,34.4371,64.9007,71.5232,51.6556,46.087,24.6734,56.6038,65.312,39.1872,EPI_ISL_15878542,Mink,H5N1,2022.795,Europe,A/Mink/Spain/3691-3_22VIR10586-9/2022,G1
0,-1,41.6226,17.0588,38.8235,65.2941,41.1765,44.9893,22.0484,46.2304,83.926,43.3855,47.6573,26.7917,45.5459,75.6865,35.499,44.2737,24.6856,44.2478,59.6181,46.5766,43.373,19.8238,37.8855,61.2335,42.2907,45.3228,21.529,44.3761,72.4956,37.3462,50.7937,34.4371,64.9007,72.8477,52.9801,46.8116,24.6734,47.8955,72.5689,52.2496,EPI_ISL_15878543,Avian,H5N1,2022.688,Europe,A/laying_hen/Spain/3135-17_22VIR10586-1/2022,G2
0,-1,41.6226,17.0588,38.8235,65.2941,41.1765,44.9893,22.0484,46.2304,83.926,43.3855,47.5904,26.1219,45.5459,75.6865,35.499,44.3203,25.1514,44.2478,59.6181,46.5766,43.373,19.8238,37.4449,61.2335,42.2907,45.2789,21.529,44.3761,72.0562,37.3462,50.7937,34.4371,64.9007,72.8477,52.9801,46.8116,24.6734,47.8955,72.5689,52.2496,EPI_ISL_15878544,Avian,H5N1,2022.688,Europe,A/laying_hen/Spain/3135-41_22VIR10586-2/2022,G2
0,-1,41.6226,17.0588,38.8235,65.2941,41.1765,44.9893,22.0484,46.2304,83.926,43.3855,47.6573,26.7917,45.5459,75.6865,35.499,44.2737,24.6856,44.2478,59.6181,46.5766,43.373,19.8238,37.4449,61.2335,42.2907,45.3667,21.529,44.3761,72.4956,37.3462,50.7937,34.4371,64.9007,72.8477,52.9801,46.8116,24.6734,47.8955,72.5689,52.2496,EPI_ISL_15878545,Avian,H5N1,2022.715,Europe,A/laying_hen/Spain/3232-35_22VIR10586-3/2022,G2
0,-1,41.6226,17.0588,38.8235,65.2941,41.1765,44.9893,22.0484,46.2304,83.926,43.3855,47.6573,26.7917,45.5459,75.6865,35.499,44.3203,24.6856,44.7136,59.6181,46.5766,43.373,19.8238,37.4449,61.2335,42.2907,45.3228,21.529,44.3761,72.4956,37.3462,50.7937,34.4371,64.9007,72.8477,52.9801,46.8116,24.6734,47.8955,72.5689,52.2496,EPI_ISL_15878546,Avian,H5N1,2022.715,Europe,A/laying_hen/Spain/3232-37_22VIR10586-4/2022,G2
0,-1,41.6226,16.4706,38.8235,62.9412,42.3529,44.634,19.2034,44.0967,82.5036,44.0967,48.0589,28.8011,47.5553,76.3563,37.5084,44.2272,25.1514,47.0424,56.3577,47.5082,43.461,19.3833,38.7665,59.4714,44.0529,45.4106,23.2865,44.8155,68.5413,44.3761,51.3228,34.4371,66.2252,76.8212,52.9801,46.8116,24.6734,47.8955,65.312,53.701,EPI_ISL_15878548,Avian,H5N1,2022.704,Europe,A/Northern_gannet/Spain/3372-12_22VIR10586-6/2022,G10
0,-1,41.6226,17.6471,39.4118,65.8824,41.1765,44.9893,21.3371,44.808,83.926,44.808,47.5904,27.4615,44.8761,75.6865,36.1688,44.1341,24.2198,44.2478,59.6181,46.1109,43.2159,19.8413,38.3598,59.5238,42.328,44.6837,20.2287,42.2164,65.9631,40.0176,50.9259,35.7616,64.9007,74.1722,52.9801,46.9565,24.6734,47.8955,68.2148,55.1524,EPI_ISL_15878549,Avian,H5N1,2022.647,Europe,A/White_stork/Spain/3438-3_22VIR10586-7/2022,G2
0,-1,41.6814,17.0588,37.6471,64.7059,41.1765,44.4918,19.9147,44.808,81.7923,43.3855,47.3226,24.7823,46.2157,75.0167,35.499,43.5754,20.0279,44.2478,57.755,46.1109,43.1088,18.9427,37.8855,59.9119,42.7313,45.0154,24.1652,45.6942,66.7838,39.1037,50.6614,34.4371,66.2252,71.5232,51.6556,46.3768,24.6734,47.8955,60.9579,53.701,EPI_ISL_15909904,Avian,H5N1,2022.83,Europe,A/Barnacle_Goose/Netherlands/22019555-001/2022,G13
0,-1,41.6226,19.4118,37.0588,64.1176,41.7647,44.3101,17.8063,44.1595,84.0456,42.0228,47.1888,28.1313,44.8761,75.0167,34.1594,44.4134,26.0829,47.0424,59.6181,46.1109,44.1215,22.0264,42.2907,61.2335,45.3744,45.191,23.2865,42.6186,67.6626,41.3005,51.455,38.4106,66.2252,76.8212,54.3046,46.8116,27.5762,47.8955,65.312,39.1872,EPI_ISL_15923322,Avian,H5N1,2022.732,Asia,A/peregrine_falcon/Kanagawa/1409C001T1/2022,
0,-1,41.5638,18.2353,38.8235,63.5294,41.7647,44.5946,19.943,44.1595,81.1966,45.584,47.4565,26.7917,45.5459,75.6865,34.8292,44.041,23.2883,44.7136,60.5496,47.5082,43.1968,20.2643,38.7665,61.2335,42.7313,44.42,19.7889,42.2164,63.7643,39.5778,50.7937,34.4371,64.9007,72.8477,52.9801,46.087,24.6734,49.3469,59.5065,53.701,EPI_ISL_15925875,Avian,H5N1,2022.825,Europe,A/Eurasian_Wigeon/Netherlands/1/2022,G2
0,-1,41.3286,17.6471,36.4706,64.7059,42.3529,44.705,21.3371,46.2304,83.2148,41.963,47.5234,25.4521,46.8855,75.0167,38.848,44.0875,24.2198,44.2478,60.0838,47.0424,43.1968,18.5022,37.0044,60.3524,42.7313,44.4396,20.6866,42.2535,63.3803,40.493,50.6614,34.4371,64.9007,75.4967,52.9801,46.6667,26.1248,49.3469,60.9579,53.701,EPI_ISL_15925876,Avian,H5N1,2022.825,Europe,A/Eurasian_Wigeon/Netherlands/2/2022,G2
0,-1,41.3286,17.6471,36.4706,64.7059,42.3529,44.7761,21.3371,46.2304,83.2148,41.963,47.5234,25.4521,46.8855,75.0167,38.848,44.0875,24.2198,44.2478,60.0838,47.0424,43.1718,18.5185,37.037,59.9647,42.769,44.4396,20.6866,42.2535,63.3803,40.493,50.6614,34.4371,64.9007,75.4967,52.9801,46.6667,26.1248,49.3469,60.9579,53.701,EPI_ISL_15925878,Avian,H5N1,2022.833,Europe,A/Common_Teal/Netherlands/5/2022,G2
0,-1,41.6814,17.6471,37.0588,64.1176,41.1765,44.5946,19.943,45.584,81.9088,43.4473,47.5234,26.7917,45.5459,75.6865,35.499,43.622,20.4937,44.2478,58.6865,45.6451,43.1968,19.3833,37.8855,59.9119,42.7313,45.191,24.1652,45.6942,68.1019,39.1037,50.7937,35.7616,66.2252,72.8477,51.6556,46.3768,24.6734,47.8955,60.9579,53.701,EPI_ISL_15925880,Avian,H5N1,2022.855,Europe,A/Gadwall/Netherlands/1/2022,G13
0,-1,41.6814,17.6471,37.0588,64.1176,41.1765,44.5946,19.943,45.584,81.9088,43.4473,47.5234,26.7917,45.5459,75.6865,35.499,43.6685,20.4937,44.2478,59.1523,45.6451,43.2409,19.3833,38.326,59.9119,42.7313,45.167,24.1865,45.7344,67.7221,39.1381,50.7937,35.7616,66.2252,72.8477,51.6556,46.3768,24.6734,47.8955,60.9579,53.701,EPI_ISL_15925881,Avian,H5N1,2022.855,Europe,A/Gadwall/Netherlands/2/2022,G13
0,-1,41.7402,18.2353,37.6471,64.1176,41.7647,44.3812,18.5185,44.8718,81.9088,43.4473,47.3896,25.4521,46.2157,75.6865,35.499,43.5754,20.4937,44.2478,58.2208,45.6451,43.1528,19.3833,37.8855,59.9119,42.7313,45.167,24.6262,45.7344,68.1618,39.1381,50.7937,34.4371,66.2252,72.8477,51.6556,46.5217,24.6734,47.8955,60.9579,53.701,EPI_ISL_15925883,Avian,H5N1,2022.833,Europe,A/Eurasian_Wigeon/Netherlands/4/2022,G13
0,-1,41.6814,18.2353,38.8235,64.7059,41.7647,44.5946,19.2308,45.584,82.6211,42.735,47.5234,26.7917,46.8855,76.3563,35.499,44.9255,27.4802,47.5082,61.9469,48.4397,43.2409,19.8238,38.7665,61.2335,42.7313,45.191,24.6046,44.8155,68.5413,41.7399,50.6614,34.4371,64.9007,72.8477,51.6556,45.7971,23.2221,47.8955,59.5065,50.7983,EPI_ISL_15925884,Avian,H5N1,2022.86,Europe,A/Great_Cormorant/Netherlands/1/2022,
0,-1,41.6226,17.0588,37.6471,64.7059,41.1765,44.5235,19.943,44.8718,81.9088,43.4473,47.3896,25.4521,46.2157,75.0167,35.499,43.4358,20.0279,43.782,57.2892,45.6451,43.1718,19.4004,37.9189,59.9647,42.769,45.167,24.6262,46.1741,66.8426,39.1381,50.6614,34.4371,66.2252,72.8477,51.6556,46.2319,23.2221,46.4441,60.9579,53.701,EPI_ISL_15925885,Avian,H5N1,2022.86,Europe,A/Black-headed_Gull/Netherlands/11/2022,G13
0,-1,41.7989,17.6471,38.2353,65.2941,41.1765,44.3497,18.4922,46.2304,79.6586,41.963,47.5234,25.4521,46.2157,75.6865,35.499,44.2737,22.8225,45.1793,61.9469,46.5766,43.417,19.8238,38.326,61.2335,43.6123,44.6201,20.2109,42.1793,65.0264,40.8612,50.7937,35.7616,64.9007,72.8477,52.9801,46.5217,23.2221,46.4441,65.312,52.2496,EPI_ISL_15942297,Avian,H5N1,2022.871,Europe,A/domestic_duck/England/152473/2022,G2
0,-1,41.8577,17.6471,37.6471,64.7059,41.7647,44.705,21.3371,44.808,82.5036,44.0967,47.7242,27.4615,46.2157,76.3563,35.499,44.3203,24.6856,43.782,61.4811,46.1109,43.1968,19.8238,39.6476,60.793,41.4097,44.7519,21.529,43.4974,66.3445,39.1037,50.6614,33.1126,66.2252,71.5232,54.3046,46.3768,21.7707,47.8955,65.312,53.701,EPI_ISL_15957618,Avian,H5N1,2022.797,Europe,A/turkey/England/137790/2022,G2
0,1,41.6814,18.8235,38.2353,64.7059,41.7647,44.634,20.6259,44.808,81.0811,42.6743,47.7242,22.7729,48.2251,80.3751,46.8855,43.4823,20.4937,43.782,59.6181,47.0424,43.461,19.8238,38.7665,61.674,41.4097,44.2688,20.6503,43.058,63.2689,39.9824,50.5291,34.4371,64.9007,71.5232,51.6556,45.942,23.2221,58.0552,65.312,39.1872,EPI_ISL_15957624,Avian,H5N1,2022.795,Europe,A/turkey/England/137861/2022,G1
0,-1,42.0341,17.6471,38.2353,64.7059,43.5294,44.7761,20.6259,45.5192,83.2148,43.3855,47.6573,28.1313,45.5459,75.6865,34.8292,44.1806,24.6856,44.2478,60.0838,46.1109,43.4361,20.7231,39.2416,62.6102,42.769,44.7079,21.0896,43.058,65.9051,39.5431,50.7937,34.4371,64.9007,72.8477,52.9801,46.8116,26.1248,49.3469,68.2148,55.1524,EPI_ISL_15957635,Avian,H5N1,2022.8,Europe,A/turkey/England/137992/2022,G12
0,-1,41.505,17.0588,38.8235,63.5294,41.7647,44.634,20.6259,46.2304,80.3698,42.6743,47.7242,28.1313,46.2157,75.0167,36.1688,44.2272,23.2883,44.2478,61.0154,47.5082,43.1968,19.8238,38.326,61.2335,42.7313,44.2249,19.7715,42.1793,65.0264,40.4218,50.7937,35.7616,64.9007,72.8477,52.9801,46.3768,24.6734,46.4441,62.4093,53.701,EPI_ISL_15957641,Avian,H5N1,2022.8,Europe,A/chicken/England/138092/2022,G2
0,-1,41.9165,17.0588,37.6471,64.1176,43.5294,44.634,19.9147,45.5192,83.2148,42.6743,47.7242,28.1313,46.2157,76.3563,34.8292,44.1341,24.2198,44.2478,60.0838,46.1109,43.417,20.7048,39.207,62.5551,42.7313,44.7079,21.0896,43.058,65.9051,39.5431,50.7937,34.4371,64.9007,72.8477,52.9801,46.5217,24.6734,49.3469,66.7634,53.701,EPI_ISL_15957648,Avian,H5N1,2022.8,Europe,A/chicken/England/138155/2022,G12
0,-1,41.5638,17.6471,38.2353,64.1176,40.5882,44.2075,18.4922,44.0967,78.9474,42.6743,47.3896,24.7823,46.2157,75.0167,34.8292,44.2272,23.2883,44.7136,61.9469,46.5766,43.1968,20.2643,38.326,60.3524,42.7313,44.4884,19.7715,41.3005,65.4657,40.4218,50.7937,35.7616,64.9007,74.1722,52.9801,46.8116,24.6734,46.4441,66.7634,53.701,EPI_ISL_15957654,Avian,H5N1,2022.8,Europe,A/chicken/England/138249/2022,G2
0,1,41.7402,18.8235,37.6471,65.8824,42.3529,44.5629,20.6259,44.808,81.7923,43.3855,47.6573,22.1031,48.2251,80.3751,46.8855,43.2961,20.4937,43.782,59.6181,47.0424,43.1968,19.8238,38.7665,60.793,41.8502,44.3127,20.2109,42.1793,63.2689,39.1037,50.7937,35.7616,66.2252,71.5232,54.3046,46.2319,26.1248,56.6038,63.8607,39.1872,EPI_ISL_15957660,Avian,H5N1,2022.803,Europe,A/chicken/Wales/138294/2022,G1
0,-1,41.6226,17.0588,37.6471,65.2941,41.1765,44.0654,18.4922,45.5192,77.5249,41.963,47.5234,25.4521,46.2157,75.6865,34.8292,44.3203,23.2883,45.1793,61.4811,47.0424,43.373,19.8238,38.326,61.2335,43.1718,44.5323,19.3322,42.1793,65.0264,39.9824,50.9259,35.7616,64.9007,74.1722,52.9801,46.8116,24.6734,46.4441,66.7634,53.701,EPI_ISL_15957666,Avian,H5N1,2022.8,Europe,A/turkey/England/138429/2022,G2
0,-1,41.7402,17.6471,37.6471,65.2941,41.1765,44.2075,18.4922,44.808,78.9474,41.963,47.5904,25.4521,46.2157,77.0261,34.8292,44.2737,23.2883,44.7136,61.4811,46.5766,43.3289,19.8238,37.8855,61.2335,43.1718,44.5323,20.2109,42.6186,65.0264,40.4218,50.9259,35.7616,64.9007,74.1722,52.9801,46.6667,23.2221,46.4441,66.7634,52.2496,EPI_ISL_15957672,Avian,H5N1,2022.803,Europe,A/chicken/England/138486/2022,G2
0,-1,41.6814,17.6471,38.2353,65.2941,40.5882,44.0654,18.4922,45.5192,78.9474,42.6743,47.5904,26.1219,45.5459,75.6865,35.499,44.2737,24.2198,44.2478,61.4811,46.5766,43.1968,19.3833,38.326,60.3524,42.7313,44.4884,19.7715,41.7399,64.587,40.4218,50.9259,35.7616,64.9007,74.1722,52.9801,46.8116,24.6734,46.4441,66.7634,53.701,EPI_ISL_15957678,Avian,H5N1,2022.803,Europe,A/chicken/England/138597/2022,G2
0,-1,41.3286,17.6471,37.6471,62.3529,42.3529,44.634,20.6259,46.2304,81.0811,42.6743,47.7912,28.8011,45.5459,75.6865,35.499,44.1806,23.2883,44.2478,61.0154,47.5082,43.2849,19.3833,38.326,61.674,42.7313,44.4444,19.7715,41.7399,66.3445,40.4218,51.0582,35.7616,66.2252,72.8477,52.9801,46.087,24.6734,44.9927,60.9579,52.2496,EPI_ISL_15957684,Avian,H5N1,2022.805,Europe,A/domestic_goose/England/138821/2022,G2
0,-1,41.4462,17.6471,38.8235,63.5294,41.1765,44.9893,22.0484,46.2304,81.7923,43.3855,47.5904,28.1313,44.2063,75.0167,36.1688,44.1806,23.2883,43.782,61.0154,47.5082,43.1968,19.8238,38.326,61.2335,42.7313,44.4005,19.7715,42.1793,65.4657,40.4218,51.0582,34.4371,64.9007,75.4967,52.9801,46.2319,24.6734,46.4441,60.9579,53.701,EPI_ISL_15957690,Avian,H5N1,2022.805,Europe,A/turkey/England/140408/2022,G2
0,-1,41.3874,17.6471,38.8235,63.5294,41.7647,44.634,21.3371,45.5192,79.6586,41.963,47.5904,28.1313,46.2157,75.6865,34.8292,44.2272,22.8225,44.2478,61.9469,47.5082,43.1528,19.3833,38.326,61.2335,42.7313,44.4884,19.7715,42.1793,66.3445,40.4218,50.6614,35.7616,64.9007,72.8477,51.6556,46.2319,24.6734,46.4441,60.9579,53.701,EPI_ISL_15957696,Avian,H5N1,2022.808,Europe,A/chicken/England/140572/2022,G2
0,1,41.8577,18.8235,38.2353,66.4706,41.7647,44.5629,20.6259,44.808,79.6586,42.6743,47.7912,22.7729,48.2251,80.3751,46.8855,43.4823,20.4937,43.782,59.6181,47.0424,43.461,19.8238,38.7665,61.674,41.4097,44.3127,20.6503,43.058,63.2689,39.9824,50.3968,33.1126,64.9007,70.1987,51.6556,45.942,23.2221,58.0552,65.312,39.1872,EPI_ISL_15957702,Avian,H5N1,2022.808,Europe,A/turkey/England/140663/2022,G1
0,-1,41.6226,17.6471,38.2353,64.1176,40.5882,44.4208,19.2034,46.2304,80.3698,42.6743,47.5234,26.1219,45.5459,75.6865,35.499,44.3669,24.2198,44.2478,61.9469,47.0424,43.1968,19.3833,38.326,60.3524,42.7313,44.4884,19.7715,41.3005,65.0264,40.4218,50.9259,35.7616,64.9007,74.1722,52.9801,46.8116,24.6734,46.4441,66.7634,53.701,EPI_ISL_15957708,Avian,H5N1,2022.811,Europe,A/turkey/England/140733/2022,G2
0,-1,41.4462,17.6471,38.8235,63.5294,41.1765,44.8472,21.3371,46.2304,81.0811,43.3855,47.5234,27.4615,44.8761,75.0167,35.499,44.2737,23.2883,44.2478,61.0154,47.5082,43.1968,20.2643,38.326,61.2335,42.2907,44.4102,19.8325,42.3094,65.227,40.5465,50.7937,34.4371,64.9007,72.8477,52.9801,46.2319,24.6734,46.4441,60.9579,53.701,EPI_ISL_15957722,Avian,H5N1,2022.816,Europe,A/domestic_duck/England/141358/2022,G2
0,-1,41.6226,17.6471,38.2353,64.7059,40.5882,44.2786,19.2034,45.5192,79.6586,42.6743,47.4565,26.1219,45.5459,75.6865,35.499,44.2272,23.2883,44.2478,61.9469,46.5766,43.1528,19.3833,37.8855,59.9119,42.7313,44.4444,20.2109,42.1793,63.2689,40.4218,50.6614,34.4371,64.9007,72.8477,52.9801,46.8116,24.6734,46.4441,66.7634,53.701,EPI_ISL_15957728,Avian,H5N1,2022.822,Europe,A/Chicken/England/141539/2022,G2
0,-1,41.5638,17.6471,38.2353,64.7059,40.5882,44.2075,19.2034,45.5192,79.6586,42.6743,47.4565,26.1219,45.5459,75.6865,35.499,44.1806,23.2883,44.2478,61.9469,46.5766,43.1968,19.3833,37.8855,59.9119,43.1718,44.4005,20.2109,42.1793,63.2689,40.4218,50.6614,34.4371,64.9007,72.8477,52.9801,46.8116,24.6734,46.4441,66.7634,53.701,EPI_ISL_15957730,Avian,H5N1,2022.825,Europe,A/Turkey/England/141755/2022,G2
0,-1,41.6226,17.6471,38.2353,64.1176,40.5882,44.3497,19.2034,46.2304,80.3698,42.6743,47.5234,26.1219,45.5459,75.6865,35.499,44.3669,24.2198,44.2478,61.9469,47.0424,43.1968,19.3833,38.326,60.3524,42.7313,44.5323,20.2109,41.7399,65.0264,40.4218,50.9259,35.7616,64.9007,74.1722,52.9801,46.8116,24.6734,46.4441,66.7634,53.701,EPI_ISL_15957731,Avian,H5N1,2022.825,Europe,A/Turkey/England/141822/2022,G2
0,-1,41.505,17.6471,38.8235,63.5294,41.7647,44.705,22.0484,46.2304,81.0811,42.6743,47.7242,28.1313,46.2157,75.6865,35.499,44.2272,23.2883,44.2478,60.5496,47.5082,43.2409,19.3833,38.326,61.674,42.7313,44.4444,19.7715,42.1793,65.9051,40.4218,50.9259,35.7616,66.2252,71.5232,52.9801,46.3768,24.6734,46.4441,63.8607,53.701,EPI_ISL_15957744,Avian,H5N1,2022.827,Europe,A/Chicken/Scotland/141941/2022,G2
0,-1,41.505,17.6471,38.8235,63.5294,41.7647,44.705,21.3371,46.2304,81.0811,42.6743,47.7242,28.1313,46.2157,76.3563,35.499,44.1806,22.8225,43.782,60.5496,47.5082,43.1968,19.8238,38.326,61.674,42.7313,44.4444,19.7715,42.1793,66.3445,40.4218,51.0582,35.7616,66.2252,72.8477,52.9801,46.2319,24.6734,46.4441,60.9579,53.701,EPI_ISL_15957766,Avian,H5N1,2022.825,Europe,A/Domestic_Duck/England/141951/2022,G2
0,-1,41.6814,17.6471,38.2353,65.2941,40.5882,44.2786,19.2034,45.5192,79.6586,42.6743,47.5234,26.7917,45.5459,75.6865,35.499,44.1806,23.2883,44.2478,61.9469,46.5766,43.2409,19.3833,37.8855,60.3524,43.1718,44.4444,20.2109,42.1793,63.2689,40.4218,50.7937,35.7616,64.9007,72.8477,54.3046,46.8116,24.6734,46.4441,66.7634,53.701,EPI_ISL_15957774,Avian,H5N1,2022.825,Europe,A/Chicken/England/141990/2022,G2
0,-1,41.6814,17.6471,38.8235,64.1176,41.7647,44.705,21.3371,46.2304,81.0811,42.6743,47.7912,28.1313,46.2157,76.3563,35.499,44.1341,23.2883,44.2478,60.0838,47.0424,43.1528,19.3833,38.326,60.793,42.7313,44.4444,20.2109,42.1793,65.4657,40.4218,50.9259,35.7616,66.2252,72.8477,51.6556,46.3768,24.6734,46.4441,63.8607,53.701,EPI_ISL_15957779,Avian,H5N1,2022.825,Europe,A/Chicken/Scotland/142099/2022,G2
0,-1,41.8577,17.6471,37.6471,65.2941,41.7647,44.2075,18.4922,44.808,80.3698,41.963,47.5904,25.4521,46.2157,76.3563,34.8292,44.3203,22.8225,45.1793,63.3442,46.5766,43.373,20.2643,38.326,60.793,43.1718,44.5323,19.3322,42.1793,65.0264,39.9824,50.9259,35.7616,64.9007,74.1722,52.9801,46.6667,23.2221,46.4441,65.312,53.701,EPI_ISL_15957785,Avian,H5N1,2022.83,Europe,A/Chicken/England/142196/2022,G2
0,-1,41.6814,17.6471,37.6471,65.2941,40.5882,44.0654,18.4922,44.808,78.9474,41.963,47.5904,25.4521,46.8855,75.6865,34.8292,44.2737,23.2883,44.7136,61.4811,46.5766,43.373,20.2643,37.8855,61.2335,43.1718,44.4884,19.7715,42.1793,65.0264,40.4218,50.9259,35.7616,64.9007,74.1722,52.9801,46.6667,24.6734,46.4441,66.7634,53.701,EPI_ISL_15957792,Avian,H5N1,2022.83,Europe,A/Chicken/England/142361/2022,G2
0,-1,41.6226,17.6471,38.2353,64.7059,40.5882,44.2075,19.2034,45.5192,79.6586,42.6743,47.4565,26.1219,45.5459,75.6865,35.499,44.1806,23.2883,44.2478,61.9469,46.5766,43.1968,19.3833,37.8855,59.9119,43.1718,44.4005,20.2109,42.1793,62.8295,40.4218,50.6614,34.4371,64.9007,72.8477,52.9801,46.8116,24.6734,46.4441,66.7634,53.701,EPI_ISL_15957798,Avian,H5N1,2022.833,Europe,A/Turkey/England/143029/2022,G2
0,-1,41.2698,17.0588,36.4706,64.7059,41.7647,44.9893,22.0484,46.2304,83.2148,42.6743,47.3896,26.1219,46.2157,75.0167,37.5084,44.2272,24.6856,44.2478,60.0838,47.0424,43.1528,18.5022,36.5639,60.793,42.7313,44.4444,19.7715,42.1793,63.7083,40.4218,50.5291,33.1126,64.9007,75.4967,51.6556,46.5217,26.1248,47.8955,60.9579,53.701,EPI_ISL_15957804,Avian,H5N1,2022.833,Europe,A/Turkey/England/143099/2022,G2
0,-1,41.5638,17.6471,38.8235,64.1176,41.7647,44.634,21.3371,45.5192,81.0811,42.6743,47.6573,27.4615,46.2157,75.6865,35.499,44.2737,23.2883,44.2478,61.0154,47.9739,43.1528,19.8238,38.326,61.2335,42.2907,44.1809,19.3322,42.1793,64.1476,40.4218,50.9259,35.7616,64.9007,72.8477,52.9801,46.2319,24.6734,46.4441,60.9579,53.701,EPI_ISL_15957810,Avian,H5N1,2022.833,Europe,A/Turkey/England/143169/2022,G2
0,-1,41.8577,17.6471,38.2353,62.9412,42.3529,44.4208,19.9147,44.0967,82.5036,41.963,47.5234,26.1219,44.8761,74.347,36.1688,44.3203,24.2198,44.2478,61.0154,46.5766,43.3289,20.7048,39.207,60.793,42.7313,44.664,21.0896,42.6186,65.9051,40.4218,50.9259,34.4371,66.2252,74.1722,52.9801,46.3768,21.7707,47.8955,66.7634,53.701,EPI_ISL_15957817,Avian,H5N1,2022.836,Europe,A/Turkey/England/143570/2022,G2
0,-1,41.9753,17.6471,38.2353,64.1176,43.5294,44.634,19.9147,45.5192,83.2148,42.6743,47.5904,28.1313,45.5459,75.6865,34.8292,44.1806,24.2198,44.2478,60.5496,46.1109,43.417,20.7048,39.207,62.5551,42.7313,44.7519,21.0896,43.058,65.9051,39.9824,50.7937,34.4371,64.9007,72.8477,52.9801,46.3768,24.6734,47.8955,66.7634,53.701,EPI_ISL_15957824,Avian,H5N1,2022.836,Europe,A/Chicken/England/143642/2022,G12
0,-1,41.9753,17.0588,37.6471,64.7059,43.5294,44.634,19.9147,45.5192,83.2148,42.6743,47.6573,28.1313,45.5459,75.6865,34.8292,44.0875,24.2198,44.2478,60.0838,45.6451,43.461,21.1454,39.207,62.5551,42.7313,44.7079,21.0896,43.058,65.9051,39.5431,50.7937,34.4371,64.9007,72.8477,52.9801,46.5217,24.6734,49.3469,66.7634,53.701,EPI_ISL_15957830,Avian,H5N1,2022.836,Europe,A/Turkey/England/143717/2022,G12
0,-1,41.6814,17.0588,37.6471,65.8824,41.1765,44.0654,18.4922,45.5192,77.5249,41.963,47.5904,25.4521,46.2157,76.3563,34.8292,44.3669,23.2883,45.6451,61.4811,47.0424,43.373,19.8238,38.326,61.2335,43.1718,44.5762,19.3322,42.1793,65.0264,39.9824,50.9259,35.7616,64.9007,74.1722,52.9801,46.8116,24.6734,46.4441,66.7634,53.701,EPI_ISL_15957837,Avian,H5N1,2022.836,Europe,A/Turkey/England/144040/2022,G2
0,-1,41.6226,17.6471,37.6471,65.2941,40.5882,44.3497,19.2034,45.5192,78.2361,42.6743,47.5234,26.1219,45.5459,75.6865,35.499,44.2272,22.8225,44.2478,61.4811,46.1109,43.0207,18.9427,37.8855,60.3524,42.7313,44.5762,20.2109,42.1793,64.587,40.4218,50.9259,35.7616,64.9007,74.1722,52.9801,46.6667,24.6734,46.4441,66.7634,53.701,EPI_ISL_15957844,Avian,H5N1,2022.838,Europe,A/Domestic_Goose/England/145097/2022,G2
0,-1,41.4462,17.6471,38.8235,63.5294,41.1765,44.9183,22.0484,46.2304,81.0811,43.3855,47.5904,28.1313,44.2063,75.0167,36.1688,44.0875,22.8225,43.782,60.0838,47.5082,43.1088,19.3833,37.8855,60.793,42.2907,44.4005,19.7715,42.1793,65.4657,40.4218,51.0582,34.4371,64.9007,75.4967,52.9801,46.2319,24.6734,46.4441,60.9579,53.701,EPI_ISL_15957850,Avian,H5N1,2022.836,Europe,A/chicken/Scotland/145272/2022,G2
0,-1,41.9165,17.6471,38.2353,63.5294,43.5294,44.7761,20.6259,46.9417,83.926,41.963,47.7242,28.1313,46.2157,75.6865,34.8292,44.2272,24.6856,44.2478,60.0838,45.6451,43.373,20.7048,39.207,62.5551,42.7313,44.664,21.0896,42.6186,65.9051,39.5431,50.6614,34.4371,64.9007,72.8477,52.9801,46.3768,24.6734,49.3469,66.7634,50.7983,EPI_ISL_15957857,Avian,H5N1,2022.838,Europe,A/turkey/England/145357/2022,G12
0,-1,41.6814,17.6471,38.2353,65.2941,40.5882,44.2786,19.2034,45.5192,79.6586,42.6743,47.5234,26.7917,45.5459,75.6865,35.499,44.1806,23.2883,44.2478,61.9469,46.5766,43.1968,19.3833,37.8855,60.3524,42.7313,44.4444,20.2109,42.1793,63.2689,40.4218,50.7937,35.7616,64.9007,72.8477,54.3046,46.8116,24.6734,46.4441,66.7634,53.701,EPI_ISL_15957865,Avian,H5N1,2022.838,Europe,A/turkey/England/145657/2022,G2
0,-1,41.6814,17.6471,38.8235,64.1176,41.7647,44.705,21.3371,46.2304,81.0811,42.6743,47.7912,28.1313,46.2157,76.3563,35.499,44.0875,22.8225,44.2478,60.0838,47.0424,43.1528,19.3833,38.326,60.793,42.7313,44.5323,20.2109,42.1793,65.9051,40.4218,50.9259,35.7616,66.2252,72.8477,51.6556,46.3768,24.6734,46.4441,63.8607,53.701,EPI_ISL_15957872,Avian,H5N1,2022.841,Europe,A/chicken/Scotland/146221/2022,G2
0,-1,41.4462,17.6471,38.8235,63.5294,41.1765,44.9183,22.0484,46.2304,81.0811,43.3855,47.5904,28.1313,44.2063,75.0167,36.1688,44.1341,22.8225,43.782,61.0154,47.5082,43.1968,19.8238,38.326,61.2335,42.7313,44.4005,19.7715,42.1793,65.4657,40.4218,51.0582,34.4371,64.9007,75.4967,52.9801,46.2319,24.6734,46.4441,60.9579,53.701,EPI_ISL_15957878,Avian,H5N1,2022.844,Europe,A/domestic_duck/England/146319/2022,G2
0,-1,41.4462,17.0588,38.8235,63.5294,41.7647,44.7761,20.6259,46.9417,81.7923,42.6743,47.8581,29.4709,46.2157,75.0167,36.1688,44.2272,23.2883,44.2478,60.5496,47.5082,43.1528,19.8238,38.326,61.2335,42.7313,44.3127,19.7715,42.1793,65.0264,40.4218,51.0582,35.7616,64.9007,72.8477,52.9801,46.3768,24.6734,46.4441,62.4093,53.701,EPI_ISL_15957885,Avian,H5N1,2022.844,Europe,A/domestic_goose/England/146384/2022,G2
0,-1,41.9753,17.6471,38.2353,66.4706,41.7647,44.4208,20.6259,44.0967,80.3698,42.6743,47.6573,26.7917,46.2157,75.6865,35.499,44.46,25.1514,44.2478,61.0154,46.1109,43.3289,20.7048,39.207,62.5551,42.2907,44.664,21.9684,43.058,65.0264,39.5431,50.3968,34.4371,64.9007,71.5232,50.3311,46.5217,24.6734,49.3469,68.2148,52.2496,EPI_ISL_15957899,Avian,H5N1,2022.847,Europe,A/turkey/England/146512/2022,G2
0,-1,41.7402,18.2353,38.2353,65.2941,41.1765,44.2075,19.2034,44.808,79.6586,42.6743,47.5234,26.1219,45.5459,75.6865,35.499,44.3669,23.7541,44.7136,61.9469,46.5766,43.2849,19.8238,37.8855,60.3524,42.7313,44.6201,20.2109,42.1793,64.587,41.3005,50.7937,35.7616,63.5762,74.1722,52.9801,46.8116,24.6734,46.4441,66.7634,53.701,EPI_ISL_15957906,Avian,H5N1,2022.847,Europe,A/domestic_goose/Wales/146569/2022,G2
0,-1,41.7402,18.2353,38.2353,65.2941,41.1765,44.2786,19.2034,45.5192,79.6586,42.6743,47.5234,26.1219,45.5459,75.6865,35.499,44.3669,23.7541,44.7136,61.9469,46.5766,43.2849,19.8238,37.8855,60.3524,42.7313,44.6201,20.2109,42.1793,64.587,41.3005,50.7937,35.7616,63.5762,74.1722,52.9801,46.8116,24.6734,46.4441,66.7634,53.701,EPI_ISL_15957912,Avian,H5N1,2022.847,Europe,A/guinea_fowl/Wales/146571/2022,G2
0,-1,41.505,17.6471,37.6471,64.1176,40.5882,44.2786,19.2034,44.808,79.6586,42.6743,47.3896,26.1219,45.5459,75.6865,34.8292,44.3203,23.7541,44.7136,61.9469,46.5766,43.1528,18.9427,37.8855,60.3524,42.7313,44.5762,20.2109,42.1793,65.0264,40.4218,50.9259,35.7616,64.9007,74.1722,52.9801,46.8116,24.6734,46.4441,66.7634,53.701,EPI_ISL_15957919,Avian,H5N1,2022.849,Europe,A/turkey/England/147354/2022,G2
0,-1,41.505,18.2353,38.8235,64.1176,41.7647,44.705,21.3371,46.2304,81.0811,42.6743,47.7242,28.1313,46.2157,75.6865,35.499,44.1806,23.2883,44.2478,61.0154,47.5082,43.1968,19.8238,37.8855,61.674,42.7313,44.4005,19.7715,42.1793,66.3445,40.4218,50.9259,35.7616,64.9007,72.8477,52.9801,46.3768,26.1248,46.4441,60.9579,53.701,EPI_ISL_15957925,Avian,H5N1,2022.852,Europe,A/turkey/England/147806/2022,
0,-1,41.9753,17.6471,38.2353,64.1176,43.5294,44.705,19.9147,45.5192,84.6373,42.6743,47.6573,28.1313,46.2157,75.6865,34.8292,44.1806,24.2198,44.7136,61.0154,46.1109,43.417,20.7048,39.207,62.5551,42.2907,44.7519,21.0896,43.058,65.9051,39.1037,50.7937,34.4371,66.2252,72.8477,54.3046,46.6667,24.6734,49.3469,66.7634,55.1524,EPI_ISL_15957933,Avian,H5N1,2022.852,Europe,A/turkey/England/147878/2022,G12
0,-1,41.5638,17.6471,38.8235,64.1176,41.7647,44.634,21.3371,45.5192,81.0811,42.6743,47.7212,27.5168,46.3087,75.8389,35.5705,44.2737,23.2883,44.2478,61.0154,47.9739,43.1528,19.8238,38.326,61.2335,42.2907,44.2249,19.7715,42.1793,64.1476,40.4218,50.9259,35.7616,64.9007,72.8477,52.9801,46.2319,24.6734,46.4441,60.9579,53.701,EPI_ISL_15957940,Avian,H5N1,2022.858,Europe,A/turkey/England/149469/2022,G2
0,-1,41.9753,17.6471,38.2353,64.1176,43.5294,44.705,19.9147,45.5192,84.6373,42.6743,47.6573,28.1313,46.2157,75.6865,34.8292,44.1806,24.2198,44.2478,61.0154,46.1109,43.461,20.7048,39.6476,62.5551,42.7313,44.7519,21.0896,43.058,65.9051,39.1037,50.7937,34.4371,66.2252,72.8477,54.3046,46.6667,24.6734,49.3469,66.7634,55.1524,EPI_ISL_15957946,Avian,H5N1,2022.855,Europe,A/chicken/England/149505/2022,G12
0,-1,41.4462,17.6471,38.8235,63.5294,41.1765,44.9183,22.0484,46.2304,81.0811,43.3855,47.5904,28.1313,44.2063,75.0167,36.1688,44.1806,23.2883,43.782,61.0154,47.5082,43.1968,19.8238,38.326,61.2335,42.7313,44.4005,19.7715,42.1793,65.4657,40.4218,51.0582,34.4371,64.9007,75.4967,52.9801,46.3768,24.6734,46.4441,60.9579,55.1524,EPI_ISL_15957953,Avian,H5N1,2022.855,Europe,A/chicken/England/149805/2022,G2
0,-1,41.5638,17.6471,38.8235,64.1176,41.7647,44.705,21.3371,46.2304,81.0811,43.3855,47.5234,27.4615,46.8855,75.6865,36.1688,43.9944,23.2883,44.2478,60.0838,47.5082,43.1528,20.2643,38.326,61.2335,42.2907,44.4884,20.2109,42.1793,66.3445,40.8612,51.3228,34.4371,67.5497,78.1457,52.9801,46.2319,24.6734,46.4441,60.9579,53.701,EPI_ISL_15957960,Avian,H5N1,2022.86,Europe,A/chicken/England/150281/2022,G2
0,-1,41.6226,17.6471,38.2353,64.1176,41.1765,44.2786,19.2034,45.5192,79.6586,41.963,47.5234,26.7917,45.5459,75.0167,35.499,44.5065,23.7541,44.7136,62.8784,47.0424,43.1968,19.3833,38.326,60.3524,42.7313,44.5323,20.2109,42.1793,64.1476,41.3005,50.7937,35.7616,63.5762,74.1722,52.9801,46.8116,24.6734,46.4441,66.7634,53.701,EPI_ISL_15957966,Avian,H5N1,2022.866,Europe,A/chicken/England/150351/2022,G2
0,-1,41.9753,17.6471,38.2353,66.4706,41.7647,44.4208,20.6259,44.0967,80.3698,42.6743,47.6573,26.7917,46.2157,75.6865,35.499,44.46,25.1514,44.2478,61.0154,46.1109,43.3289,20.7048,39.207,62.5551,42.2907,44.6201,21.9684,42.6186,64.587,39.5431,50.3968,34.4371,64.9007,71.5232,50.3311,46.5217,24.6734,49.3469,68.2148,52.2496,EPI_ISL_15957972,Avian,H5N1,2022.866,Europe,A/turkey/England/150421/2022,G2
0,-1,41.8577,17.6471,38.8235,64.1176,42.3529,44.3497,19.9147,42.6743,81.7923,43.3855,47.7242,27.4615,46.2157,75.0167,36.8386,44.1806,23.7541,45.1793,59.6181,46.1109,43.1528,20.7048,38.7665,60.3524,42.2907,44.8397,21.529,42.6186,68.1019,40.4218,50.6614,34.4371,64.9007,72.8477,52.9801,46.8116,23.2221,49.3469,68.2148,53.701,EPI_ISL_15957978,Avian,H5N1,2022.866,Europe,A/chicken/England/151023/2022,G2
0,-1,41.9165,17.0588,38.2353,66.4706,41.7647,44.4208,20.6259,44.0967,80.3698,42.6743,47.6573,26.7917,46.2157,75.6865,35.499,44.46,25.1514,44.2478,61.0154,46.1109,43.3289,20.7048,39.207,62.5551,42.2907,44.7079,21.9684,43.058,65.0264,39.5431,50.3968,34.4371,64.9007,71.5232,50.3311,46.5217,24.6734,49.3469,68.2148,52.2496,EPI_ISL_15957984,Avian,H5N1,2022.868,Europe,A/turkey/England/152067/2022,G2
0,-1,41.9753,17.6471,38.2353,66.4706,41.7647,44.4208,20.6259,44.0967,80.3698,42.6743,47.6573,26.7917,46.2157,75.6865,35.499,44.46,25.1514,44.2478,61.0154,46.1109,43.3289,20.7048,39.207,62.5551,42.2907,44.664,21.9684,43.058,65.0264,39.5431,50.3968,34.4371,64.9007,71.5232,50.3311,46.5217,24.6734,49.3469,68.2148,52.2496,EPI_ISL_15957998,Avian,H5N1,2022.871,Europe,A/turkey/England/152353/2022,G2
0,-1,41.7989,17.6471,38.2353,65.2941,41.1765,44.3497,18.4922,46.2304,79.6586,41.963,47.5234,25.4521,46.2157,75.6865,35.499,44.2737,22.8225,45.1793,61.9469,46.5766,43.417,19.8238,38.326,61.2335,43.6123,44.6201,20.2109,42.1793,65.0264,40.8612,50.7937,35.7616,64.9007,72.8477,52.9801,46.5217,23.2221,46.4441,65.312,52.2496,EPI_ISL_15958004,Avian,H5N1,2022.871,Europe,A/domestic_duck/England/152473/2022,G2
0,-1,41.5638,17.6471,38.8235,64.1176,41.7647,44.634,21.3371,45.5192,81.0811,43.3855,47.5234,27.4615,46.8855,75.6865,36.1688,43.9944,23.2883,44.2478,60.0838,47.5082,43.1528,20.2643,38.326,61.2335,42.2907,44.4884,20.2109,42.1793,66.3445,40.8612,51.3228,34.4371,67.5497,78.1457,52.9801,46.2319,24.6734,46.4441,60.9579,53.701,EPI_ISL_15958011,Avian,H5N1,2022.838,Europe,A/Domestic_Duck/England/144945/2022,G2
1,-1,42.2105,18.8235,38.8235,65.2941,41.1765,44.2075,19.2034,44.0967,82.5036,42.6743,48.0589,26.7917,47.5553,75.0167,40.8573,44.3203,25.6171,47.0424,58.6865,46.5766,43.417,18.5022,42.2907,60.3524,39.6476,45.3228,24.6046,43.9367,69.8594,40.8612,50.9259,33.1126,62.2517,72.8477,51.6556,48.2609,30.479,50.7983,62.4093,44.9927,EPI_ISL_16003253,Canine,H5N1,2022.263,NorthAmerica,A/Red_Fox/MB/FAV-370-01/2022,G3
1,-1,42.0929,17.6471,38.8235,65.2941,41.1765,44.2786,19.2034,44.0967,82.5036,42.6743,48.1258,26.1219,47.5553,76.3563,40.1875,44.5065,26.0829,47.0424,59.6181,47.5082,43.2849,20.2643,37.0044,60.793,40.9692,45.7181,23.2865,41.7399,71.1775,43.058,50.7937,33.1126,62.2517,72.8477,51.6556,46.6667,23.2221,49.3469,63.8607,53.701,EPI_ISL_16003265,Canine,H5N1,2022.351,NorthAmerica,A/Red_Fox/MB/FAV-414-004/2022,G4
1,-1,42.0929,17.6471,38.8235,65.2941,41.1765,44.2786,19.2034,44.0967,82.5036,42.6743,48.1258,26.1219,47.5553,76.3563,40.1875,44.5065,26.0829,47.0424,59.6181,47.5082,43.2849,20.2643,37.0044,60.793,40.9692,45.7181,23.2865,41.7399,71.1775,43.058,50.7937,33.1126,62.2517,72.8477,51.6556,46.6667,23.2221,49.3469,63.8607,53.701,EPI_ISL_16003266,Canine,H5N1,2022.351,NorthAmerica,A/Red_Fox/MB/FAV-414-08/2022,G4
1,-1,42.2105,17.6471,38.8235,65.8824,42.3529,44.2786,19.2034,44.0967,82.5036,42.6743,48.1258,26.1219,47.5553,76.3563,40.1875,44.5065,26.0829,47.0424,59.6181,47.5082,43.2849,20.2643,37.0044,60.793,40.9692,45.7181,23.2865,41.7399,71.1775,43.058,50.7937,33.1126,62.2517,72.8477,51.6556,46.6667,23.2221,49.3469,63.8607,53.701,EPI_ISL_16003267,Canine,H5N1,2022.351,NorthAmerica,A/Red_Fox/MB/FAV-0414-12/2022,G4
1,-1,42.2693,18.2353,38.8235,65.8824,41.7647,43.9943,19.2034,41.963,82.5036,42.6743,47.5904,24.7823,46.2157,75.0167,37.5084,44.3203,25.6171,47.0424,58.6865,46.1109,42.9767,20.2643,37.4449,59.9119,39.6476,45.6302,23.7258,45.2548,69.8594,39.5431,50.5291,33.1126,60.9272,72.8477,51.6556,46.5217,23.2221,47.8955,60.9579,53.701,EPI_ISL_16003268,OtherMammal,H5N1,2022.375,NorthAmerica,A/Skunk/MB/FAV-470/2022,G6
1,-1,42.1517,17.6471,38.2353,65.2941,41.7647,44.2075,19.2034,44.0967,82.5036,42.6743,47.6573,26.1219,46.2157,75.0167,37.5084,43.4823,21.891,45.6451,56.8235,42.8505,42.4923,18.0617,40.9692,57.2687,38.7665,45.7181,24.6046,42.6186,67.6626,42.6186,50.9259,33.1126,62.2517,72.8477,51.6556,46.6667,26.1248,47.8955,62.4093,52.2496,EPI_ISL_16003270,Canine,H5N1,2022.34,NorthAmerica,A/Red_Fox/ON/FAV-0605-02/2022,G5
1,-1,42.2105,17.6471,38.8235,65.2941,42.3529,44.2786,19.2034,44.0967,82.5036,42.6743,47.6573,26.1219,46.2157,75.0167,37.5084,43.4358,21.4252,45.1793,56.8235,42.8505,42.5363,18.0617,40.9692,57.2687,39.207,45.6741,24.6046,42.6186,68.1019,42.1793,50.9259,33.1126,62.2517,72.8477,51.6556,46.8116,24.6734,47.8955,62.4093,53.701,EPI_ISL_16003275,Canine,H5N1,2022.318,NorthAmerica,A/Red_Fox/ON/FAV-0605-01/2022,G5
1,-1,42.042,17.4279,37.2596,65.5048,41.4663,44.3497,19.2034,44.808,82.5036,42.6743,47.7912,26.1219,46.8855,75.0167,38.1782,43.3426,20.9595,46.1109,56.3577,42.8505,42.4483,18.0617,40.5286,56.8282,38.7665,45.3478,23.4975,41.1207,67.3294,42.0244,50.9259,34.4371,62.2517,72.8477,52.9801,46.6667,23.2221,47.8955,62.4093,53.701,EPI_ISL_16003281,Canine,H5N1,2022.34,NorthAmerica,A/Red_Fox/ON/FAV-0605-03/2022,G5
0,-1,42.2105,17.0588,38.8235,65.8824,41.1765,44.0654,19.9147,43.3855,81.7923,42.6743,48.5274,26.7917,48.2251,77.0261,41.5271,44.041,24.6856,46.1109,57.755,46.1109,43.1528,20.7048,37.0044,61.2335,41.4097,45.5424,22.8471,41.7399,69.42,43.4974,50.6614,33.1126,60.9272,72.8477,51.6556,47.5362,29.0276,47.8955,63.8607,44.9927,EPI_ISL_16013752,Avian,H5N1,2022.899,SouthAmerica,A/Pelican/Venezuela/Pel3/2022,G4
1,-1,42.1517,17.6471,38.8235,65.2941,41.7647,44.2786,19.9147,44.0967,82.5036,42.6743,47.6573,26.1219,46.2157,75.0167,37.5084,43.2961,21.4252,45.6451,56.3577,42.3847,42.4483,17.6211,40.0881,57.2687,38.7665,45.5424,23.7258,43.058,68.1019,42.6186,50.9259,33.1126,62.2517,72.8477,51.6556,46.6667,24.6734,47.8955,62.4093,53.701,EPI_ISL_16013982,Mink,H5N1,2022.378,NorthAmerica,A/Wild_Mink/ON/FAV-0529-01/2022,G5
1,-1,42.2105,17.6471,38.8235,65.2941,41.7647,44.2075,19.2034,44.0967,82.5036,42.6743,47.6573,26.1219,46.2157,75.0167,37.5084,43.4358,21.891,45.6451,56.3577,42.8505,42.5363,18.0617,40.9692,57.2687,38.7665,45.5863,24.6046,42.6186,67.6626,42.1793,50.9259,33.1126,62.2517,72.8477,51.6556,46.9565,24.6734,47.8955,62.4093,53.701,EPI_ISL_16013986,Canine,H5N1,2022.378,NorthAmerica,A/Red_Fox/ON/FAV-0529-02/2022,G5
1,-1,42.2105,17.6471,38.8235,65.2941,41.1765,44.1365,18.4922,44.0967,82.5036,42.6743,47.8581,26.7917,46.2157,75.6865,37.5084,43.4823,21.891,46.1109,56.8235,42.8505,42.5804,18.0617,40.9692,58.1498,38.7665,45.5863,24.6046,42.6186,67.6626,42.1793,50.9259,33.1126,62.2517,72.8477,51.6556,46.6667,24.6734,47.8955,62.4093,52.2496,EPI_ISL_16013987,Canine,H5N1,2022.356,NorthAmerica,A/Red_Fox/ON/FAV-0529-03/2022,G5
1,-1,42.0929,17.0588,38.8235,65.2941,40.5882,44.1365,18.4922,44.0967,82.5036,42.6743,47.7912,26.7917,46.2157,75.6865,36.8386,43.4823,21.891,46.1109,56.8235,42.8505,42.5804,18.0617,40.9692,58.1498,38.7665,45.6741,25.0439,43.058,67.6626,42.1793,50.9259,33.1126,62.2517,72.8477,51.6556,46.6667,24.6734,47.8955,62.4093,52.2496,EPI_ISL_16013990,Canine,H5N1,2022.411,NorthAmerica,A/Red_Fox/ON/FAV-0773-01/2022,G5
1,-1,42.2105,17.6471,38.8235,65.2941,41.7647,44.2075,19.2034,44.0967,82.5036,42.6743,47.6573,26.1219,46.2157,75.0167,37.5084,43.4823,21.891,45.6451,56.8235,42.8505,42.5804,18.0617,40.9692,57.7093,38.7665,45.6302,24.6046,42.6186,67.6626,42.1793,50.7937,31.7881,62.2517,72.8477,50.3311,46.8116,24.6734,47.8955,62.4093,53.701,EPI_ISL_16013993,Canine,H5N1,2022.252,NorthAmerica,A/Red_Fox/ON/FAV-0873/2022,G5
1,-1,42.0341,17.0588,38.8235,64.7059,41.1765,44.2786,19.2034,44.0967,82.5036,43.3855,47.6573,25.4521,46.2157,75.0167,38.1782,43.3426,21.4252,45.6451,55.8919,42.8505,42.6244,18.0617,41.4097,57.2687,39.207,45.6302,24.1652,42.6186,67.6626,42.1793,50.9259,33.1126,60.9272,72.8477,51.6556,46.8116,24.6734,47.8955,62.4093,53.701,EPI_ISL_16014112,Canine,H5N1,2022.277,NorthAmerica,A/Red_Fox/ON/FAV-0300-01/2022,G5
1,-1,42.0341,17.0588,38.8235,64.7059,41.1765,44.2786,19.2034,44.0967,82.5036,43.3855,47.7912,26.7917,46.8855,75.0167,38.1782,43.3426,21.891,45.6451,55.8919,42.3847,42.5804,18.0617,41.4097,57.2687,39.207,45.6741,24.1652,42.6186,67.6626,42.6186,50.9259,33.1126,60.9272,72.8477,51.6556,46.8116,24.6734,47.8955,62.4093,53.701,EPI_ISL_16014368,Canine,H5N1,2022.304,NorthAmerica,A/Red_Fox/ON/FAV-0300-05/2022,G5
1,-1,42.0341,17.0588,38.8235,64.7059,41.1765,44.2786,19.2034,44.0967,82.5036,43.3855,47.7242,26.1219,46.8855,75.0167,38.1782,43.3426,21.4252,45.6451,55.8919,42.8505,42.6244,18.0617,41.4097,57.2687,39.207,45.6302,24.1652,42.6186,67.6626,42.1793,50.9259,33.1126,60.9272,72.8477,51.6556,46.8116,24.6734,47.8955,62.4093,53.701,EPI_ISL_16014445,Canine,H5N1,2022.279,NorthAmerica,A/Red_Fox/ON/FAV-0300-06/2022,G5
1,-1,42.1517,17.6471,38.2353,65.2941,41.1765,44.1365,19.2034,44.0967,81.0811,42.6743,47.5904,26.1219,46.2157,75.0167,37.5084,43.4823,21.891,45.6451,56.8235,42.8505,42.5363,18.0617,40.9692,57.2687,38.7665,45.6302,24.6046,42.6186,67.6626,42.1793,50.9259,33.1126,62.2517,72.8477,51.6556,46.8116,26.1248,49.3469,62.4093,52.2496,EPI_ISL_16014448,Canine,H5N1,2022.288,NorthAmerica,A/Red_Fox/ON/FAV-0531/2022,G5
1,-1,42.0929,17.0588,38.2353,65.2941,41.1765,44.1365,19.2034,44.0967,81.0811,42.6743,47.5904,26.1219,46.2157,75.0167,37.5084,43.4823,21.891,45.6451,56.8235,42.8505,42.5363,18.0617,40.9692,57.2687,38.7665,45.5424,24.6046,42.6186,67.6626,42.1793,50.9259,33.1126,62.2517,72.8477,51.6556,46.8116,26.1248,49.3469,62.4093,52.2496,EPI_ISL_16014527,Canine,H5N1,2022.304,NorthAmerica,A/Red_Fox/ON/FAV-0558-01/2022,G5
1,-1,42.0929,17.6471,38.2353,65.2941,41.7647,44.2075,19.2034,44.0967,82.5036,42.6743,47.7912,26.1219,46.8855,75.0167,37.5084,43.3426,21.4252,45.6451,55.8919,42.8505,42.5363,17.6211,40.9692,57.2687,38.7665,45.6302,25.0439,42.6186,67.6626,42.1793,50.7937,33.1126,62.2517,72.8477,51.6556,46.6667,23.2221,47.8955,62.4093,53.701,EPI_ISL_16014529,Canine,H5N1,2022.304,NorthAmerica,A/Red_Fox/ON/FAV-0558-02/2022,G5
1,-1,42.2693,19.4118,38.8235,65.2941,41.1765,44.0654,18.4922,44.0967,81.7923,41.2518,47.6573,27.4615,46.8855,75.0167,36.1688,44.46,25.6171,47.0424,58.2208,47.0424,43.373,20.2643,37.8855,61.2335,41.4097,45.0154,21.0896,43.9367,66.3445,43.058,50.7937,33.1126,62.2517,72.8477,51.6556,46.8116,23.2221,47.8955,62.4093,53.701,EPI_ISL_16020772,Canine,H5N1,2022.392,NorthAmerica,A/Red_Fox/PEI/FAV-0592-02/2022,G7
1,-1,42.2693,19.4118,38.8235,65.2941,41.1765,44.1365,18.4922,44.0967,81.7923,41.963,47.6573,27.4615,46.8855,75.0167,36.1688,44.46,25.6171,47.0424,58.2208,47.0424,43.373,20.2643,37.8855,61.2335,41.4097,44.9275,20.6503,43.4974,65.9051,43.058,50.7937,33.1126,62.2517,72.8477,51.6556,46.8116,23.2221,47.8955,62.4093,53.701,EPI_ISL_16020773,Canine,H5N1,2022.378,NorthAmerica,A/Red_Fox/PEI/FAV-0544/2022,G7
1,-1,42.4456,19.4118,38.8235,65.8824,41.1765,44.1365,18.4922,44.0967,83.2148,40.5405,47.7912,27.4615,47.5553,75.6865,36.1688,44.3669,24.6856,46.5766,58.6865,46.5766,43.3289,20.2643,37.4449,60.3524,41.8502,45.1032,21.0896,44.3761,66.7838,43.058,50.6614,31.7881,60.9272,72.8477,51.6556,46.8116,23.2221,47.8955,62.4093,53.701,EPI_ISL_16020774,Canine,H5N1,2022.392,NorthAmerica,A/Red_Fox/PEI/FAV-0591-01/2022,G7
1,-1,42.4456,19.4118,38.8235,65.8824,41.1765,44.2786,18.4922,44.0967,82.5036,41.963,47.7912,27.4615,47.5553,75.6865,36.1688,44.3669,24.6856,46.5766,59.1523,46.1109,43.3289,20.2643,37.4449,60.3524,41.8502,45.0593,21.0896,44.3761,66.7838,43.058,50.6614,31.7881,60.9272,72.8477,51.6556,46.8116,23.2221,47.8955,62.4093,53.701,EPI_ISL_16021587,Canine,H5N1,2022.392,NorthAmerica,A/Red_Fox/PEI/FAV-0591-02/2022,G7
1,-1,42.1517,17.6471,38.8235,65.2941,41.7647,44.2786,19.2034,44.0967,83.2148,41.2518,47.925,28.1313,48.8948,75.0167,36.1688,44.3203,25.6171,46.1109,57.755,47.0424,43.2849,20.7048,37.8855,60.3524,41.4097,45.0593,21.529,43.9367,66.7838,43.058,50.5291,31.7881,62.2517,72.8477,50.3311,46.8116,23.2221,46.4441,62.4093,53.701,EPI_ISL_16021854,Canine,H5N1,2022.488,NorthAmerica,A/Red_Fox/NS/FAV-0879/2022,G7
1,-1,42.2105,18.8235,38.8235,65.2941,41.1765,44.1113,18.5714,44.2857,82.8571,42.8571,47.925,26.7917,47.5553,75.0167,40.8573,44.3669,25.6171,47.0424,59.6181,46.5766,43.417,18.0617,42.7313,60.3524,40.0881,45.3228,24.6046,43.4974,70.7381,40.8612,50.9259,33.1126,62.2517,72.8477,51.6556,48.2609,29.0276,52.2496,63.8607,44.9927,EPI_ISL_16022233,Canine,H5N1,2022.378,NorthAmerica,A/Red_Fox/SK/FAV-0548-03/2022,G3
1,-1,42.1517,18.2353,38.8235,65.2941,41.1765,44.2075,19.2034,44.0967,82.5036,41.963,47.992,26.7917,47.5553,75.0167,40.8573,44.4134,25.6171,47.5082,58.6865,46.5766,43.2409,18.0617,42.2907,60.3524,39.6476,45.2789,24.6046,43.4974,70.2988,41.3005,50.7937,33.1126,62.2517,71.5232,51.6556,48.5407,27.6923,50.7692,63.0769,47.6923,EPI_ISL_16023345,Canine,H5N1,2022.34,NorthAmerica,A/Red_Fox/AB/FAV-0835-01/2022,G3
1,-1,42.2105,18.2353,39.4118,65.2941,42.3529,44.1365,19.2034,43.3855,82.5036,43.3855,47.7242,25.4521,46.2157,73.6772,38.1782,44.5065,25.6171,47.0424,59.1523,46.5766,43.0647,19.8238,37.0044,60.3524,40.5286,45.5424,23.7258,44.8155,68.9807,39.5431,50.7937,33.1126,62.2517,72.8477,51.6556,46.2319,21.7707,46.4441,62.4093,52.2496,EPI_ISL_16023370,Canine,H5N1,2022.34,NorthAmerica,A/Red_Fox/AB/FAV-0835-02/2022,G6
1,-1,42.1517,18.2353,38.8235,65.2941,41.1765,44.2075,19.2034,44.0967,82.5036,41.963,47.925,26.7917,47.5553,74.347,40.8573,44.3669,25.6171,47.0424,58.6865,46.5766,43.1968,18.0617,42.2907,60.3524,39.6476,45.2789,24.6046,43.4974,70.2988,41.3005,50.7937,33.1126,62.2517,72.8477,51.6556,48.5407,27.6923,50.7692,63.0769,47.6923,EPI_ISL_16023371,Canine,H5N1,2022.438,NorthAmerica,A/Red_Fox/AB/FAV-0835-13/2022,G3
1,-1,42.2693,18.8235,39.4118,65.2941,41.1765,44.3497,19.2034,44.808,83.2148,42.6743,47.8581,26.7917,47.5553,75.0167,40.8573,44.3203,25.1514,47.0424,58.6865,46.5766,43.2409,18.0617,42.2907,59.9119,39.6476,45.4106,24.6046,43.9367,70.7381,41.3005,50.9259,33.1126,62.2517,72.8477,51.6556,48.1159,29.0276,50.7983,62.4093,44.9927,EPI_ISL_16023372,OtherMammal,H5N1,2022.488,NorthAmerica,A/Skunk/AB/FAV-0897-01/2022,G3
1,-1,41.9753,18.8235,38.2353,65.2941,40,44.1365,17.7809,44.0967,82.5036,41.963,47.8581,26.7917,47.5553,74.347,40.8573,44.2272,25.1514,46.5766,58.6865,47.5082,43.373,18.9427,42.2907,59.9119,39.6476,45.5424,24.1652,44.3761,71.1775,42.1793,51.0582,33.1126,62.2517,74.1722,51.6556,47.8261,27.5762,49.3469,62.4093,44.9927,EPI_ISL_16023374,OtherMammal,H5N1,2022.545,NorthAmerica,A/Skunk/AB/FAV-0897-02/2022,G3
1,-1,41.9165,18.8235,38.2353,65.2941,40,44.1365,17.7809,44.0967,82.5036,41.963,47.8581,26.7917,47.5553,74.347,40.8573,44.2272,25.1514,46.5766,58.6865,47.5082,43.373,18.9427,42.2907,59.9119,39.6476,45.5424,24.1652,44.3761,71.1775,42.1793,51.0582,33.1126,62.2517,74.1722,51.6556,47.8261,27.5762,49.3469,62.4093,44.9927,EPI_ISL_16023375,OtherMammal,H5N1,2022.545,NorthAmerica,A/Skunk/AB/FAV-0897-03/2022,G3
1,-1,41.9753,18.8235,38.2353,65.2941,40,44.0654,17.7809,44.0967,82.5036,41.963,47.8581,26.7917,47.5553,74.347,40.8573,44.2737,25.1514,46.5766,59.1523,46.5766,43.2849,18.0617,42.2907,60.3524,39.6476,45.4545,24.6046,43.9367,70.7381,41.3005,50.7937,33.1126,62.2517,72.8477,51.6556,48.1159,29.0276,50.7983,62.4093,44.9927,EPI_ISL_16023376,OtherMammal,H5N1,2022.411,NorthAmerica,A/Skunk/AB/FAV-0835-11/2022,G3
1,-1,42.1517,18.2353,38.8235,65.2941,41.7647,44.0654,19.2034,42.6743,82.5036,42.6743,47.5904,25.4521,46.2157,73.6772,38.1782,44.3669,25.6171,47.0424,58.6865,46.5766,43.0647,19.8238,36.5639,60.3524,40.5286,45.5424,23.7258,45.2548,68.9807,39.5431,50.6614,31.7881,62.2517,72.8477,51.6556,46.5217,23.2221,47.8955,62.4093,53.701,EPI_ISL_16023377,OtherMammal,H5N1,2022.337,NorthAmerica,A/Skunk/AB/FAV-0835-05/2022,G6
1,-1,42.1517,18.2353,38.8235,65.2941,41.7647,44.0654,19.2034,42.6743,82.5036,42.6743,47.6573,25.4521,46.2157,73.6772,38.1782,44.3203,25.6171,47.0424,58.2208,46.5766,43.1088,20.2643,36.5639,60.793,40.5286,45.5863,23.7258,45.6942,68.9807,39.5431,50.7937,33.1126,62.2517,72.8477,51.6556,46.5217,23.2221,47.8955,62.4093,53.701,EPI_ISL_16023449,OtherMammal,H5N1,2022.337,NorthAmerica,A/Skunk/AB/FAV-0835-07/2022,G6
1,-1,42.1517,18.2353,38.8235,65.2941,41.7647,44.0654,19.2034,42.6743,82.5036,42.6743,47.6573,25.4521,46.2157,73.6772,38.1782,44.3203,25.6171,47.0424,58.2208,46.5766,43.0647,20.2643,36.5639,60.3524,40.5286,45.5863,23.7258,45.6942,68.9807,39.5431,50.7937,33.1126,62.2517,72.8477,51.6556,46.5217,23.2221,47.8955,62.4093,53.701,EPI_ISL_16023450,OtherMammal,H5N1,2022.411,NorthAmerica,A/Skunk/AB/FAV-0835-10/2022,G6
1,-1,42.2693,18.8235,39.4118,64.7059,41.7647,44.2786,19.2034,42.6743,83.926,42.6743,47.6573,25.4521,46.2157,73.6772,38.1782,44.3203,25.1514,47.0424,58.2208,46.5766,43.1528,20.2643,37.0044,60.3524,40.9692,45.5863,24.1652,45.2548,69.42,39.5431,50.7937,34.4371,62.2517,72.8477,51.6556,46.5217,23.2221,47.8955,62.4093,53.701,EPI_ISL_16023451,OtherMammal,H5N1,2022.304,NorthAmerica,A/Skunk/AB/FAV-0416-01/2022,G6
1,-1,42.0929,18.2353,38.8235,65.2941,40.5882,44.2786,19.2034,44.808,82.5036,42.6743,48.0589,26.7917,47.5553,75.0167,41.5271,44.3203,25.1514,47.0424,58.6865,46.5766,43.1088,20.2643,37.0044,60.3524,40.9692,45.4106,24.6046,44.3761,69.8594,41.3005,50.9259,33.1126,62.2517,72.8477,51.6556,46.5217,23.2221,47.8955,62.4093,52.2496,EPI_ISL_16023452,OtherMammal,H5N1,2022.304,NorthAmerica,A/Skunk/AB/FAV-0416-02/2022,G3
1,-1,42.1517,18.2353,38.8235,65.2941,41.7647,43.9943,18.4922,42.6743,82.5036,42.6743,47.6573,25.4521,46.2157,73.6772,38.1782,44.3203,25.1514,47.0424,58.2208,46.5766,43.1968,20.7048,37.0044,61.2335,40.5286,45.6302,23.7258,45.2548,69.8594,39.5431,50.7937,33.1126,62.2517,72.8477,51.6556,46.5217,23.2221,47.8955,62.4093,53.701,EPI_ISL_16023453,OtherMammal,H5N1,2022.315,NorthAmerica,A/Skunk/AB/FAV-0416-03/2022,G6
0,-1,41.7402,17.6471,37.6471,64.1176,41.7647,44.2786,19.2034,44.808,81.0811,42.6743,47.3896,25.4521,45.5459,75.6865,35.499,43.6685,20.4937,44.2478,58.6865,45.6451,43.1528,19.3833,37.8855,59.9119,42.7313,45.235,25.0439,45.6942,68.5413,38.6643,50.7937,34.4371,66.2252,72.8477,51.6556,46.3768,24.6734,47.8955,60.9579,53.701,EPI_ISL_16040744,Avian,H5N1,2022.888,Europe,A/Goose/Netherlands/22020788-001/2022,G13
0,-1,41.4462,17.0588,37.6471,63.5294,40.5882,44.5235,19.2308,45.584,81.9088,43.4473,47.4565,25.4521,46.2157,75.0167,36.1688,43.5289,20.0279,44.2478,57.755,45.6451,43.1528,18.9427,37.8855,59.4714,43.6123,45.123,24.6262,46.1741,66.4028,39.1381,50.5291,34.4371,66.2252,72.8477,51.6556,46.2319,24.6734,47.8955,60.9579,53.701,EPI_ISL_16056568,Avian,H5N1,2022.841,Europe,A/Eurasian_Wigeon/Netherlands/5/2022,G13
0,-1,41.6814,17.6471,37.0588,64.1176,41.1765,44.5946,19.943,45.584,81.9088,43.4473,47.5234,26.7917,45.5459,75.6865,35.499,43.7151,20.4937,44.7136,59.1523,46.1109,43.1968,19.3833,38.326,59.4714,42.7313,45.191,24.1652,45.6942,68.1019,39.1037,50.7937,35.7616,66.2252,72.8477,51.6556,46.3768,24.6734,47.8955,60.9579,53.701,EPI_ISL_16056569,Avian,H5N1,2022.871,Europe,A/Gadwall/Netherlands/3/2022,G13
0,-1,41.6814,17.6471,37.0588,64.1176,41.1765,44.5946,19.943,45.584,81.9088,43.4473,47.5234,26.7917,45.5459,75.6865,35.499,43.7151,20.4937,44.7136,59.1523,46.1109,43.1968,19.3833,38.326,59.4714,42.7313,45.191,24.1652,45.6942,68.1019,39.1037,50.7937,35.7616,66.2252,72.8477,51.6556,46.3768,24.6734,47.8955,60.9579,53.701,EPI_ISL_16056570,Avian,H5N1,2022.852,Europe,A/Mallard_Duck/Netherlands/27/2022,G13
0,-1,41.6814,17.6471,38.2353,65.2941,40.5882,44.3101,18.5185,45.584,79.7721,42.735,47.4565,25.4521,45.5459,75.0167,35.499,44.46,23.7541,44.7136,62.4127,47.0424,43.1718,19.4004,38.3598,59.5238,42.769,44.4396,20.2465,42.2535,63.3803,40.9331,50.7937,35.7616,64.9007,72.8477,52.9801,46.8116,24.6734,44.9927,66.7634,53.701,EPI_ISL_16056571,Avian,H5N1,2022.855,Europe,A/Mallard_Duck/Netherlands/28/2022,G2
0,-1,41.6814,17.6471,38.2353,65.2941,40.5882,44.3101,18.5185,45.584,79.7721,42.735,47.4565,25.4521,45.5459,75.0167,35.499,44.46,23.7541,44.7136,62.4127,47.0424,43.1968,19.3833,38.326,59.9119,42.7313,44.464,20.2287,42.2164,63.7643,40.8971,50.7937,35.7616,64.9007,72.8477,52.9801,46.8116,24.6734,44.9927,66.7634,53.701,EPI_ISL_16056572,Avian,H5N1,2022.877,Europe,A/Mallard_Duck/Netherlands/29/2022,G2
0,-1,41.9165,18.2353,38.2353,65.8824,42.3529,44.7761,22.0484,44.808,80.3698,44.0967,47.6573,27.4615,46.8855,75.6865,34.8292,44.2272,24.6856,44.7136,60.0838,47.0424,43.1968,20.2643,38.7665,61.2335,41.8502,44.5323,21.0896,42.1793,65.0264,39.5431,50.9259,34.4371,66.2252,74.1722,54.3046,46.9565,24.6734,50.7983,66.7634,53.701,EPI_ISL_16096040,Avian,H5N1,2022.493,Europe,A/artic_tern/Germany-SH/AI03798/2022,G2
0,-1,41.4462,17.6471,37.0588,65.2941,40.5882,44.705,20.6259,45.5192,81.0811,43.3855,47.5553,26.1569,46.2777,75.1174,36.888,44.1806,25.1514,44.7136,61.0154,45.6451,43.3671,19.4175,38.835,60.0177,42.8067,44.4444,19.7715,42.1793,64.587,39.5431,50.6614,34.4371,64.9007,72.8477,52.9801,46.5217,26.1248,47.8955,60.9579,53.701,EPI_ISL_16096044,Avian,H5N1,2022.499,Europe,A/black-headed_gull/Germany-HH/AI03795/2022,G2
0,-1,41.4462,17.0588,36.4706,64.1176,41.7647,44.705,20.6259,45.5192,81.0811,43.3855,47.5904,26.1219,46.2157,75.0167,36.8386,44.1806,25.1514,44.7136,61.0154,45.6451,43.373,19.3833,38.7665,60.3524,43.1718,44.4005,19.7715,42.1793,64.587,38.6643,50.5291,34.4371,64.9007,72.8477,51.6556,46.5217,26.1248,47.8955,62.4093,53.701,EPI_ISL_16096047,Avian,H5N1,2022.504,Europe,A/black-headed_gull/Germany-NI/AI04164/2022,G2
0,-1,41.5294,17.0789,36.5135,65.96,41.225,44.7761,19.9147,44.808,82.5036,43.3855,47.7242,26.1219,46.2157,75.0167,38.1782,44.3203,25.1514,44.7136,61.4811,46.1109,43.348,19.8413,38.8007,60.4056,42.328,44.4444,20.6503,42.1793,64.587,39.5431,50.6614,34.4371,64.9007,72.8477,52.9801,46.5217,26.1248,47.8955,60.9579,53.701,EPI_ISL_16098026,Avian,H5N1,2022.532,Europe,A/common_tern/Germany-NI/AI04284/2022,G2
0,-1,42.1517,18.2353,38.8235,65.2941,41.7647,44.2075,19.9147,43.3855,83.926,42.6743,47.6573,25.4521,46.2157,73.6772,38.1782,44.4134,25.6171,47.5082,58.6865,46.5766,43.1088,20.2643,37.0044,60.3524,40.5286,45.4545,23.7258,44.8155,68.9807,38.6643,50.6614,33.1126,62.2517,71.5232,51.6556,46.3768,23.2221,47.8955,62.4093,53.701,EPI_ISL_16101521,Avian,H5N1,2022.279,NorthAmerica,A/chicken/Idaho/22-011336-001-original/2022,G6
0,-1,42.2105,18.2353,38.8235,65.2941,41.1765,44.2786,19.2034,44.0967,82.5036,42.6743,48.2597,26.1219,48.2251,76.3563,40.1875,44.3669,25.1514,46.5766,58.6865,47.0424,43.2409,20.2643,37.4449,60.793,40.9692,45.7181,23.2865,41.7399,70.7381,43.4974,50.7937,33.1126,62.2517,72.8477,51.6556,46.5217,23.2221,47.8955,62.4093,53.701,EPI_ISL_16101522,Avian,H5N1,2022.277,NorthAmerica,A/turkey/Minnesota/22-011337-001-original/2022,G4
0,-1,42.2105,18.2353,38.8235,65.2941,41.1765,44.2786,19.2034,44.0967,82.5036,42.6743,48.2597,26.1219,48.2251,76.3563,40.1875,44.3669,25.1514,46.5766,58.6865,47.0424,43.2409,20.2643,37.4449,60.793,40.9692,45.7181,23.2865,41.7399,70.7381,43.4974,50.7937,33.1126,62.2517,72.8477,51.6556,46.5217,23.2221,47.8955,62.4093,53.701,EPI_ISL_16101523,Avian,H5N1,2022.277,NorthAmerica,A/turkey/Minnesota/22-011337-002-original/2022,G4
0,-1,42.1517,18.2353,38.8235,65.2941,41.1765,44.2075,19.2034,44.0967,82.5036,42.6743,47.925,26.1219,47.5553,75.0167,40.8573,44.2737,25.6171,47.0424,58.6865,46.5766,43.1088,20.2643,37.4449,59.9119,40.9692,45.3667,24.6046,43.9367,70.2988,40.8612,50.9259,33.1126,62.2517,72.8477,51.6556,46.5217,23.2221,47.8955,62.4093,53.701,EPI_ISL_16101524,Avian,H5N1,2022.277,NorthAmerica,A/turkey/Minnesota/22-011338-001-original/2022,G3
0,-1,42.1517,18.2353,38.8235,65.2941,41.1765,44.2075,19.2034,44.0967,82.5036,42.6743,47.925,26.1219,47.5553,75.0167,40.8573,44.2737,25.6171,47.0424,58.6865,46.5766,43.1528,20.2643,37.8855,59.9119,40.9692,45.3667,24.6046,43.9367,70.2988,40.8612,50.9259,33.1126,62.2517,72.8477,51.6556,46.5217,23.2221,47.8955,62.4093,53.701,EPI_ISL_16101525,Avian,H5N1,2022.277,NorthAmerica,A/turkey/Minnesota/22-011338-002-original/2022,G3
0,-1,42.2693,18.2353,38.8235,65.8824,41.7647,44.2786,19.9147,44.808,82.5036,40.5405,47.7242,26.1219,48.2251,75.0167,37.5084,43.3892,21.891,46.1109,56.3577,43.3163,42.5363,18.5022,41.4097,56.8282,38.7665,45.6302,24.6046,42.6186,68.1019,42.1793,50.9259,33.1126,62.2517,72.8477,51.6556,46.8116,23.2221,47.8955,62.4093,55.1524,EPI_ISL_16101526,Avian,H5N1,2022.277,NorthAmerica,A/domestic_duck/Indiana/22-011343-001-original/2022,G5
0,-1,42.0929,18.2353,39.4118,65.2941,38.8235,44.2786,19.2034,44.0967,83.926,43.3855,48.2597,26.1219,48.2251,76.3563,40.1875,44.5065,26.0829,47.0424,58.6865,47.0424,43.2849,20.7048,36.5639,61.2335,41.4097,45.6302,22.8471,41.7399,70.7381,42.6186,50.7937,33.1126,62.2517,72.8477,51.6556,46.5217,23.2221,47.8955,62.4093,53.701,EPI_ISL_16101527,Avian,H5N1,2022.282,NorthAmerica,A/chicken/Idaho/22-011347-002-original/2022,G4
0,-1,42.0929,18.2353,38.2353,65.2941,41.1765,44.1365,19.2034,44.0967,81.0811,42.6743,48.1928,25.4521,48.2251,76.3563,40.1875,44.5065,26.0829,47.0424,58.6865,47.5082,43.1528,20.2643,37.0044,60.793,40.9692,45.7181,23.2865,41.7399,71.6169,43.058,50.9259,33.1126,62.2517,72.8477,52.9801,46.3768,21.7707,47.8955,60.9579,53.701,EPI_ISL_16101528,Avian,H5N1,2022.282,NorthAmerica,A/chicken/Utah/22-011468-001-original/2022,G4
0,-1,42.0929,18.2353,38.2353,65.2941,41.1765,44.1365,19.2034,44.0967,81.0811,42.6743,48.1928,25.4521,48.2251,76.3563,40.1875,44.5065,26.0829,47.0424,58.6865,47.5082,43.1528,20.2643,37.0044,60.793,40.9692,45.7181,23.2865,41.7399,71.6169,43.058,50.7937,33.1126,62.2517,72.8477,51.6556,46.3768,21.7707,47.8955,60.9579,53.701,EPI_ISL_16101529,Avian,H5N1,2022.282,NorthAmerica,A/chicken/Utah/22-011468-002-original/2022,G4
0,-1,42.328,18.8235,39.4118,64.7059,42.3529,44.3497,19.9147,44.0967,83.926,42.6743,47.7242,26.1219,46.8855,75.0167,36.8386,44.2737,26.0829,47.0424,59.6181,46.1109,42.4923,18.0617,41.4097,57.2687,38.326,45.5863,25.4833,42.6186,67.6626,42.1793,50.7937,34.4371,62.2517,72.8477,50.3311,46.6667,23.2221,47.8955,62.4093,53.701,EPI_ISL_16102154,Avian,H5N1,2022.279,NorthAmerica,A/turkey/Wisconsin/22-011508-001-original/2022,G5
0,-1,42.328,18.8235,39.4118,64.7059,42.3529,44.3497,19.9147,44.0967,83.926,42.6743,47.7242,26.1219,46.8855,75.0167,36.8386,44.2737,26.0829,47.0424,59.6181,46.1109,42.4923,18.0617,41.4097,57.2687,38.326,45.5863,25.4833,42.6186,67.6626,42.1793,50.7937,34.4371,62.2517,72.8477,50.3311,46.6667,23.2221,47.8955,62.4093,53.701,EPI_ISL_16102155,Avian,H5N1,2022.279,NorthAmerica,A/turkey/Wisconsin/22-011508-002-original/2022,G5
0,-1,42.2693,18.2353,38.8235,65.2941,41.7647,44.2075,19.2034,44.808,81.0811,42.6743,47.6573,25.4521,46.2157,74.347,37.5084,43.3426,21.4252,45.6451,56.3577,42.8505,42.5363,18.0617,40.9692,57.2687,38.7665,45.6302,24.1652,42.6186,67.6626,42.6186,50.7937,33.1126,62.2517,72.8477,51.6556,46.8116,24.6734,47.8955,62.4093,53.701,EPI_ISL_16102156,Avian,H5N1,2022.279,NorthAmerica,A/domestic_duck/Michigan/22-011521-001-original/2022,G5
0,-1,42.2693,18.2353,38.8235,65.2941,41.7647,44.2075,19.2034,44.808,81.0811,42.6743,47.6573,25.4521,46.2157,74.347,37.5084,43.3426,21.4252,45.6451,56.3577,42.8505,42.5363,18.0617,40.9692,57.2687,38.7665,45.6302,24.1652,42.6186,67.6626,42.6186,50.7937,33.1126,62.2517,72.8477,51.6556,46.8116,24.6734,47.8955,62.4093,53.701,EPI_ISL_16102157,Avian,H5N1,2022.279,NorthAmerica,A/chicken/Michigan/22-011521-003-original/2022,G5
0,-1,42.2693,18.2353,38.8235,65.2941,41.7647,44.2075,19.2034,44.808,81.0811,42.6743,47.6573,25.4521,46.2157,74.347,37.5084,43.3426,21.4252,45.6451,56.3577,42.8505,42.5804,18.0617,40.9692,57.2687,39.207,45.6302,24.1652,42.6186,67.6626,42.6186,50.7937,33.1126,62.2517,72.8477,51.6556,46.8116,24.6734,47.8955,62.4093,53.701,EPI_ISL_16102158,Avian,H5N1,2022.279,NorthAmerica,A/chicken/Michigan/22-011521-004-original/2022,G5
0,-1,42.2693,18.2353,38.8235,65.2941,41.7647,44.2075,19.2034,44.808,81.0811,42.6743,47.6573,25.4521,46.2157,74.347,37.5084,43.3426,21.4252,45.6451,56.3577,42.8505,42.4923,18.0617,40.9692,57.2687,38.7665,45.6302,24.1652,42.6186,67.6626,42.6186,50.7937,33.1126,62.2517,72.8477,51.6556,46.8116,24.6734,47.8955,62.4093,53.701,EPI_ISL_16102159,Avian,H5N1,2022.279,NorthAmerica,A/quail/Michigan/22-011521-005-original/2022,G5
0,-1,42.1517,17.0588,38.2353,65.2941,41.7647,44.1365,19.2034,44.0967,81.0811,42.6743,47.7912,26.7917,46.8855,75.0167,37.5084,43.2306,20.0841,45.773,55.5815,42.5035,42.5166,18.1095,41.0777,56.5371,38.8693,45.6302,24.6046,42.6186,67.6626,42.1793,50.7937,33.1126,62.2517,72.8477,51.6556,46.8116,24.6734,47.8955,62.4093,53.701,EPI_ISL_16102160,Avian,H5N1,2022.282,NorthAmerica,A/chicken/Michigan/22-011526-001-original/2022,G5
0,-1,42.2105,17.6471,38.8235,65.2941,41.7647,44.1365,19.2034,44.0967,81.0811,42.6743,47.7912,26.7917,46.8855,75.0167,37.5084,43.1564,20.0279,45.6451,55.4262,42.3847,42.4923,18.0617,40.9692,56.8282,38.7665,45.6302,24.6046,42.6186,67.6626,42.1793,50.7937,33.1126,62.2517,72.8477,51.6556,46.8116,24.6734,47.8955,62.4093,53.701,EPI_ISL_16102161,Avian,H5N1,2022.282,NorthAmerica,A/domestic_duck/Michigan/22-011526-002-original/2022,G5
0,-1,42.2693,17.6471,38.8235,65.2941,41.7647,44.1365,19.2034,44.0967,81.0811,42.6743,47.7912,26.7917,46.8855,75.0167,37.5084,43.1564,20.0279,45.6451,55.4262,42.3847,42.4923,18.0617,40.9692,56.8282,38.7665,45.6302,24.6046,42.6186,67.6626,42.1793,50.7937,33.1126,62.2517,72.8477,51.6556,46.9565,24.6734,47.8955,62.4093,55.1524,EPI_ISL_16102162,Avian,H5N1,2022.282,NorthAmerica,A/chicken/Michigan/22-011526-003-original/2022,G5
0,-1,42.2105,18.2353,38.8235,65.2941,42.3529,44.1365,18.4922,44.0967,81.7923,42.6743,47.5234,27.4615,45.5459,76.3563,34.8292,44.46,25.6171,46.5766,59.1523,47.9739,43.2409,20.7048,37.0044,60.793,40.9692,44.8836,21.0896,43.9367,66.3445,43.058,50.9259,33.1126,62.2517,72.8477,51.6556,46.6667,23.2221,47.8955,63.8607,52.2496,EPI_ISL_16102163,Avian,H5N1,2022.282,NorthAmerica,A/chicken/Pennsylvania/22-011531-001-original/2022,G8
0,-1,42.2105,18.2353,38.8235,65.2941,42.3529,44.1365,18.4922,44.0967,81.7923,42.6743,47.5234,27.4615,45.5459,76.3563,34.8292,44.46,25.6171,46.5766,59.1523,47.9739,43.2409,20.7048,37.0044,60.793,40.9692,44.8836,21.0896,43.9367,66.3445,43.058,50.9259,33.1126,62.2517,72.8477,51.6556,46.6667,23.2221,47.8955,63.8607,52.2496,EPI_ISL_16102164,Avian,H5N1,2022.282,NorthAmerica,A/chicken/Pennsylvania/22-011531-002-original/2022,G8
0,-1,42.0929,18.2353,38.8235,64.7059,41.1765,44.2786,19.2034,44.0967,83.2148,42.6743,48.2597,26.1219,48.2251,76.3563,40.1875,44.46,25.6171,47.0424,58.6865,47.5082,43.2849,20.2643,37.0044,60.793,41.4097,45.6302,23.2865,41.7399,71.6169,42.6186,50.7937,33.1126,62.2517,72.8477,51.6556,46.3768,23.2221,46.4441,62.4093,53.701,EPI_ISL_16102165,Avian,H5N1,2022.279,NorthAmerica,A/chicken/Michigan/22-011627-001-original/2022,G4
0,-1,42.2105,18.2353,38.8235,65.2941,42.3529,44.1365,18.4922,44.0967,81.7923,42.6743,47.5234,27.4615,45.5459,76.3563,34.8292,44.5065,25.6171,46.5766,59.1523,47.9739,43.2409,20.7048,37.0044,60.793,40.9692,44.9275,21.0896,43.9367,66.3445,43.058,50.9259,33.1126,62.2517,72.8477,51.6556,46.6667,23.2221,47.8955,63.8607,52.2496,EPI_ISL_16102166,Avian,H5N1,2022.288,NorthAmerica,A/chicken/Pennsylvania/22-011767-001-original/2022,G8
0,-1,42.0929,18.2353,39.4118,65.2941,38.8235,44.2786,19.2034,44.0967,83.926,43.3855,48.2597,26.1219,48.2251,76.3563,40.1875,44.46,25.6171,47.0424,58.6865,47.0424,43.1968,20.2643,36.5639,60.793,41.4097,45.5863,22.8471,41.7399,70.7381,42.6186,50.9259,34.4371,62.2517,72.8477,52.9801,46.5217,23.2221,46.4441,62.4093,55.1524,EPI_ISL_16102167,Avian,H5N1,2022.293,NorthAmerica,A/guinea_fowl/Idaho/22-011775-001-original/2022,G4
0,-1,42.0929,18.2353,39.4118,65.2941,38.8235,44.2786,19.2034,44.0967,83.926,43.3855,48.2597,26.1219,48.2251,76.3563,40.1875,44.4134,25.6171,46.5766,58.6865,46.5766,43.1968,20.2643,36.5639,60.793,41.4097,45.5424,22.8471,41.7399,70.2988,42.6186,50.9259,34.4371,62.2517,72.8477,52.9801,46.3768,23.2221,46.4441,62.4093,53.701,EPI_ISL_16102168,Avian,H5N1,2022.293,NorthAmerica,A/chicken/Idaho/22-011775-002-original/2022,G4
0,-1,42.1517,18.2353,38.8235,65.2941,41.1765,44.2075,19.2034,44.0967,82.5036,42.6743,48.2597,26.1219,48.2251,76.3563,40.1875,44.46,25.6171,47.0424,58.6865,47.5082,43.1968,20.2643,37.0044,60.793,40.9692,45.6741,23.2865,41.7399,70.7381,43.058,50.7937,33.1126,62.2517,72.8477,51.6556,46.5217,23.2221,47.8955,62.4093,53.701,EPI_ISL_16102169,Avian,H5N1,2022.293,NorthAmerica,A/chicken/North_Dakota/22-011778-001-original/2022,G4
0,-1,42.2693,18.2353,38.8235,67.0588,40.5882,44.2075,19.2034,44.0967,82.5036,42.6743,48.2597,26.1219,48.2251,76.3563,40.1875,44.5065,25.6171,47.5082,58.2208,47.5082,43.1528,20.2643,37.0044,60.793,40.5286,45.762,23.2865,41.7399,71.6169,43.058,50.6614,33.1126,60.9272,72.8477,51.6556,46.3768,23.2221,47.8955,62.4093,52.2496,EPI_ISL_16102170,Avian,H5N1,2022.285,NorthAmerica,A/turkey/Minnesota/22-011787-001-original/2022,G4
0,-1,42.2105,18.2353,38.8235,66.4706,40.5882,44.2075,19.2034,44.0967,82.5036,42.6743,48.2597,26.1219,48.2251,76.3563,40.1875,44.5065,25.6171,47.5082,58.2208,47.5082,43.1528,20.2643,37.0044,60.793,40.5286,45.762,23.2865,41.7399,71.6169,43.058,50.6614,33.1126,60.9272,72.8477,51.6556,46.3768,23.2221,47.8955,62.4093,52.2496,EPI_ISL_16102171,Avian,H5N1,2022.285,NorthAmerica,A/turkey/Minnesota/22-011787-002-original/2022,G4
0,-1,42.1517,18.2353,38.8235,65.2941,41.1765,44.1365,19.2034,44.0967,82.5036,42.6743,48.2597,26.1219,47.5553,76.3563,40.8573,44.4134,25.6171,47.0424,58.6865,47.0424,43.2409,20.7048,37.4449,60.793,40.9692,45.6302,23.2865,41.3005,70.7381,43.058,50.7937,33.1126,62.2517,72.8477,51.6556,46.5217,23.2221,47.8955,62.4093,53.701,EPI_ISL_16102172,Avian,H5N1,2022.29,NorthAmerica,A/turkey/Minnesota/22-011789-001-original/2022,G4
0,-1,42.1517,18.2353,38.8235,65.2941,41.1765,44.1365,19.2034,44.0967,82.5036,42.6743,48.2597,26.1219,47.5553,76.3563,40.8573,44.4134,25.6171,47.0424,58.6865,47.0424,43.2409,20.7048,37.4449,60.793,40.9692,45.6302,23.2865,41.3005,70.7381,43.058,50.7937,33.1126,62.2517,72.8477,51.6556,46.5217,23.2221,47.8955,62.4093,53.701,EPI_ISL_16102173,Avian,H5N1,2022.29,NorthAmerica,A/turkey/Minnesota/22-011789-002-original/2022,G4
0,-1,42.1517,18.2353,38.8235,65.2941,41.1765,44.3497,19.9147,44.0967,82.5036,42.6743,47.925,26.7917,47.5553,75.0167,40.8573,44.2737,25.1514,47.0424,59.1523,46.5766,43.373,18.5022,42.2907,59.4714,40.0881,45.4106,24.6046,43.4974,70.2988,41.3005,50.7937,33.1126,62.2517,72.8477,50.3311,48.1159,30.479,49.3469,62.4093,44.9927,EPI_ISL_16102174,Avian,H5N1,2022.285,NorthAmerica,A/turkey/Minnesota/22-011790-002-original/2022,G3
0,-1,42.0929,17.6471,38.8235,64.7059,41.1765,44.3497,19.9147,44.0967,83.2148,42.6743,48.2597,26.1219,48.2251,76.3563,40.1875,44.4134,25.6171,47.0424,58.6865,47.0424,43.2409,20.2643,37.0044,60.3524,40.9692,45.6302,23.2865,41.3005,70.7381,43.058,50.7937,33.1126,62.2517,72.8477,51.6556,46.3768,23.2221,47.8955,62.4093,53.701,EPI_ISL_16102227,Avian,H5N1,2022.285,NorthAmerica,A/turkey/Minnesota/22-011791-003-original/2022,G4
0,-1,42.0929,17.6471,38.8235,64.7059,41.1765,44.3497,19.9147,44.0967,83.2148,42.6743,48.2597,26.1219,48.2251,76.3563,40.1875,44.4134,25.6171,47.0424,58.6865,47.0424,43.2409,20.2643,37.0044,60.3524,40.9692,45.6302,23.2865,41.3005,70.7381,43.058,50.7937,33.1126,62.2517,72.8477,51.6556,46.3768,23.2221,47.8955,62.4093,53.701,EPI_ISL_16102228,Avian,H5N1,2022.285,NorthAmerica,A/turkey/Minnesota/22-011791-004-original/2022,G4
0,-1,42.1517,18.2353,38.8235,65.2941,41.1765,44.3497,19.9147,44.0967,82.5036,42.6743,47.925,26.7917,47.5553,75.0167,40.8573,44.2737,25.1514,47.0424,59.1523,46.5766,43.417,18.5022,42.2907,59.9119,40.0881,45.4106,24.6046,43.4974,70.2988,41.3005,50.7937,33.1126,62.2517,72.8477,50.3311,48.2609,30.479,50.7983,62.4093,44.9927,EPI_ISL_16102229,Avian,H5N1,2022.285,NorthAmerica,A/turkey/Minnesota/22-011792-001-original/2022,G3
0,-1,42.1517,18.2353,38.8235,65.2941,41.1765,44.3497,19.9147,44.0967,82.5036,42.6743,47.992,26.7917,47.5553,75.0167,41.5271,44.2737,25.1514,47.0424,59.1523,46.5766,43.461,18.9427,42.2907,60.3524,40.0881,45.4106,24.6046,43.4974,70.2988,41.3005,50.7937,33.1126,62.2517,72.8477,50.3311,48.1159,30.479,49.3469,62.4093,43.5414,EPI_ISL_16102230,Avian,H5N1,2022.285,NorthAmerica,A/turkey/Minnesota/22-011792-002-original/2022,G3
0,-1,42.1517,18.2353,38.8235,65.2941,41.1765,44.2786,19.9147,44.808,81.0811,42.6743,48.2597,26.1219,48.2251,76.3563,40.1875,44.5065,25.6171,47.9739,58.6865,47.0424,43.1528,20.2643,37.0044,60.793,40.9692,45.6302,23.2865,41.7399,70.7381,42.6186,50.5291,33.1126,62.2517,72.8477,50.3311,46.3768,21.7707,47.8955,62.4093,53.701,EPI_ISL_16102261,Avian,H5N1,2022.285,NorthAmerica,A/turkey/Minnesota/22-011793-001-original/2022,G4
0,-1,42.1517,18.2353,38.8235,65.2941,41.1765,44.2786,19.9147,44.808,81.0811,42.6743,48.2597,26.1219,48.2251,76.3563,40.1875,44.46,25.6171,47.5082,58.6865,47.0424,43.1528,20.2643,37.0044,60.793,40.9692,45.6741,23.2865,41.7399,71.6169,42.6186,50.5291,33.1126,62.2517,72.8477,50.3311,46.3768,21.7707,47.8955,62.4093,53.701,EPI_ISL_16102262,Avian,H5N1,2022.285,NorthAmerica,A/turkey/Minnesota/22-011793-002-original/2022,G4
0,-1,42.0341,17.6471,38.8235,64.7059,40.5882,44.2786,19.2034,44.0967,83.2148,42.6743,48.2597,26.1219,48.2251,76.3563,40.1875,44.46,25.6171,47.0424,58.6865,47.5082,43.2409,20.2643,37.0044,60.3524,41.4097,45.6741,23.7258,41.3005,70.7381,43.058,50.7937,33.1126,62.2517,72.8477,51.6556,46.3768,23.2221,47.8955,62.4093,53.701,EPI_ISL_16102263,Avian,H5N1,2022.288,NorthAmerica,A/turkey/Minnesota/22-011794-001-original/2022,G4
0,-1,42.0341,17.6471,38.8235,64.7059,40.5882,44.2786,19.2034,44.0967,83.2148,42.6743,48.2597,26.1219,48.2251,76.3563,40.1875,44.46,25.6171,47.0424,58.6865,47.5082,43.2409,20.2643,37.0044,60.3524,41.4097,45.6741,23.7258,41.3005,70.7381,43.058,50.7937,33.1126,62.2517,72.8477,51.6556,46.3768,23.2221,47.8955,62.4093,53.701,EPI_ISL_16102264,Avian,H5N1,2022.288,NorthAmerica,A/turkey/Minnesota/22-011794-002-original/2022,G4
0,-1,42.0929,17.6471,38.8235,64.7059,41.1765,44.3497,19.9147,44.0967,83.2148,42.6743,48.2597,26.1219,48.2251,76.3563,40.1875,44.4134,25.6171,47.0424,58.6865,47.0424,43.2409,20.2643,37.0044,60.3524,40.9692,45.6302,23.2865,41.3005,70.7381,43.058,50.7937,33.1126,62.2517,72.8477,51.6556,46.3768,23.2221,47.8955,62.4093,53.701,EPI_ISL_16102265,Avian,H5N1,2022.282,NorthAmerica,A/turkey/Minnesota/22-011795-001-original/2022,G4
0,-1,42.1517,18.2353,38.8235,65.2941,41.1765,44.3497,19.9147,44.0967,82.5036,42.6743,47.925,26.7917,47.5553,75.0167,40.8573,44.2737,25.1514,47.0424,59.1523,46.5766,43.417,18.5022,42.2907,59.9119,40.0881,45.4545,24.6046,43.9367,70.2988,41.3005,50.7937,33.1126,62.2517,72.8477,50.3311,48.2609,30.479,50.7983,62.4093,44.9927,EPI_ISL_16102266,Avian,H5N1,2022.29,NorthAmerica,A/turkey/Minnesota/22-011796-001-original/2022,G3
0,-1,42.0929,18.2353,38.8235,65.2941,40.5882,44.3497,19.9147,44.0967,82.5036,42.6743,47.992,26.7917,47.5553,75.0167,41.5271,44.2737,25.1514,47.0424,59.1523,46.5766,43.373,18.5022,42.2907,59.4714,40.0881,45.4106,24.6046,43.4974,70.2988,41.3005,50.7937,33.1126,62.2517,72.8477,50.3311,48.1159,30.479,49.3469,62.4093,44.9927,EPI_ISL_16102267,Avian,H5N1,2022.29,NorthAmerica,A/turkey/Minnesota/22-011796-002-original/2022,G3
0,-1,42.0929,18.2353,38.8235,65.2941,40,44.2786,19.2034,43.3855,82.5036,43.3855,48.1928,26.1219,48.2251,76.3563,40.1875,44.4134,26.0829,47.0424,59.1523,47.0424,43.1968,20.2643,37.0044,59.9119,41.4097,45.762,22.8471,42.1793,71.1775,42.6186,50.7937,33.1126,62.2517,72.8477,51.6556,46.5217,23.2221,47.8955,62.4093,53.701,EPI_ISL_16102275,Avian,H5N1,2022.285,NorthAmerica,A/chicken/Colorado/22-011826-001-original/2022,G4
0,-1,42.0929,18.2353,38.8235,65.2941,40,44.2075,19.2034,43.3855,81.7923,43.3855,48.1928,26.1219,48.2251,76.3563,40.1875,44.4134,26.0829,47.0424,59.1523,47.0424,43.1968,20.2643,37.0044,59.9119,41.4097,45.7181,22.8471,42.1793,71.1775,42.6186,50.7937,33.1126,62.2517,72.8477,51.6556,46.5217,23.2221,47.8955,62.4093,53.701,EPI_ISL_16102276,Avian,H5N1,2022.285,NorthAmerica,A/chicken/Colorado/22-011826-002-original/2022,G4
0,-1,42.1517,18.2353,38.8235,65.2941,41.1765,44.1365,18.4922,44.0967,82.5036,42.6743,48.3266,26.1219,48.2251,76.3563,40.1875,44.4134,25.6171,47.0424,58.6865,47.0424,43.2409,20.2643,37.4449,60.793,40.9692,45.6302,23.2865,41.7399,70.7381,43.058,50.7937,33.1126,62.2517,72.8477,51.6556,46.3768,23.2221,47.8955,62.4093,53.701,EPI_ISL_16102277,Avian,H5N1,2022.285,NorthAmerica,A/Indian_Runner_duck/Colorado/22-011827-001-original/2022,G4
0,-1,42.1517,18.2353,38.8235,65.2941,41.1765,44.1365,18.4922,44.0967,82.5036,42.6743,48.3266,26.1219,48.2251,76.3563,40.1875,44.4134,25.6171,47.0424,58.6865,47.0424,43.2849,20.7048,37.4449,61.2335,40.9692,45.6302,23.2865,41.7399,70.7381,43.058,50.7937,33.1126,62.2517,72.8477,51.6556,46.3768,23.2221,47.8955,62.4093,53.701,EPI_ISL_16102278,Avian,H5N1,2022.285,NorthAmerica,A/chicken/Colorado/22-011827-002-original/2022,G4
0,-1,42.2105,18.2353,38.8235,65.2941,42.3529,44.1365,18.4922,44.0967,81.7923,42.6743,47.5234,27.4615,45.5459,76.3563,34.8292,44.5065,25.6171,46.5766,59.1523,47.9739,43.2409,20.7048,37.0044,60.793,40.9692,44.9275,21.0896,43.9367,66.3445,43.058,50.9259,33.1126,62.2517,72.8477,51.6556,46.6667,23.2221,47.8955,63.8607,52.2496,EPI_ISL_16102279,Avian,H5N1,2022.293,NorthAmerica,A/chicken/Pennsylvania/22-011920-001-original/2022,G8
0,-1,42.2105,18.2353,38.8235,65.2941,42.3529,44.1365,18.4922,44.0967,81.7923,42.6743,47.5234,27.4615,45.5459,76.3563,34.8292,44.5065,25.6171,46.5766,59.1523,47.9739,43.2409,20.7048,37.0044,60.793,40.9692,44.9275,21.0896,43.9367,66.3445,43.058,50.9259,33.1126,62.2517,72.8477,51.6556,46.6667,23.2221,47.8955,63.8607,52.2496,EPI_ISL_16102280,Avian,H5N1,2022.293,NorthAmerica,A/chicken/Pennsylvania/22-011921-002-original/2022,G8
0,-1,42.2693,18.2353,38.8235,65.8824,41.7647,44.2786,19.9147,44.808,82.5036,40.5405,47.7242,26.1219,48.2251,75.0167,37.5084,43.3892,21.891,46.1109,56.3577,43.3163,42.5363,18.5022,41.4097,56.8282,38.7665,45.6741,24.6046,42.6186,68.5413,42.1793,50.9259,33.1126,62.2517,72.8477,51.6556,46.8116,23.2221,47.8955,62.4093,55.1524,EPI_ISL_16102281,Avian,H5N1,2022.29,NorthAmerica,A/duck/Indiana/22-011946-002-original/2022,G5
0,-1,42.2693,18.2353,38.8235,65.8824,41.7647,44.2786,19.9147,44.808,82.5036,40.5405,47.7242,26.1219,48.2251,75.0167,37.5084,43.4358,21.891,46.5766,56.3577,43.3163,42.5363,18.5022,41.4097,56.8282,38.7665,45.6302,24.6046,42.6186,68.1019,42.1793,50.9259,33.1126,62.2517,72.8477,51.6556,46.8116,23.2221,47.8955,62.4093,55.1524,EPI_ISL_16102282,Avian,H5N1,2022.29,NorthAmerica,A/duck/Indiana/22-011946-004-original/2022,G5
0,-1,42.1517,18.2353,38.8235,65.2941,41.1765,44.3497,19.9147,44.0967,82.5036,42.6743,47.8581,26.7917,47.5553,75.0167,40.1875,44.2737,25.1514,47.0424,59.1523,46.5766,43.417,18.5022,42.2907,59.9119,40.0881,45.4106,24.6046,43.4974,70.2988,41.3005,50.7937,33.1126,62.2517,72.8477,50.3311,48.2609,30.479,50.7983,62.4093,44.9927,EPI_ISL_16102283,Avian,H5N1,2022.29,NorthAmerica,A/turkey/Minnesota/22-012034-001-original/2022,G3
0,-1,42.0929,18.2353,38.8235,65.2941,41.1765,44.3497,19.9147,44.0967,82.5036,42.6743,47.925,26.7917,47.5553,75.0167,40.8573,44.3203,25.6171,47.0424,59.6181,46.5766,43.417,18.5022,42.2907,59.9119,40.0881,45.4106,24.6046,43.4974,70.2988,41.3005,50.7937,33.1126,62.2517,72.8477,50.3311,48.2609,30.479,50.7983,62.4093,44.9927,EPI_ISL_16102926,Avian,H5N1,2022.293,NorthAmerica,A/turkey/Minnesota/22-012036-001-original/2022,G3
0,-1,42.0929,18.2353,38.8235,65.2941,41.1765,44.3497,19.9147,44.0967,82.5036,42.6743,47.925,26.7917,47.5553,75.0167,40.8573,44.3203,25.6171,47.0424,59.6181,46.5766,43.417,18.5022,42.2907,59.9119,40.0881,45.4106,24.6046,43.4974,70.2988,41.3005,50.7937,33.1126,62.2517,72.8477,50.3311,48.2609,30.479,50.7983,62.4093,44.9927,EPI_ISL_16102927,Avian,H5N1,2022.293,NorthAmerica,A/turkey/Minnesota/22-012036-002-original/2022,G3
0,-1,42.0929,18.2353,38.8235,64.7059,41.7647,44.0654,19.2034,42.6743,82.5036,42.6743,47.6573,25.4521,46.2157,73.6772,38.1782,44.3203,25.1514,47.0424,58.2208,46.5766,43.1088,20.2643,37.0044,60.3524,40.5286,45.5424,23.7258,45.2548,68.9807,39.5431,50.7937,33.1126,62.2517,72.8477,51.6556,46.3768,23.2221,46.4441,60.9579,53.701,EPI_ISL_16102928,Avian,H5N1,2022.296,NorthAmerica,A/chicken/Montana/22-012040-001-original/2022,G6
0,-1,42.0929,18.2353,38.8235,64.7059,41.7647,44.0654,19.2034,42.6743,82.5036,42.6743,47.6573,25.4521,46.2157,73.6772,38.1782,44.3203,25.1514,47.0424,58.2208,46.5766,43.1088,20.2643,37.0044,60.3524,40.5286,45.5424,23.7258,45.2548,68.9807,39.5431,50.7937,33.1126,62.2517,72.8477,51.6556,46.3768,23.2221,46.4441,60.9579,53.701,EPI_ISL_16102929,Avian,H5N1,2022.296,NorthAmerica,A/mallard/Montana/22-012040-005-original/2022,G6
0,-1,42.1517,18.2353,38.8235,65.2941,41.7647,43.9943,19.2034,41.963,81.7923,42.6743,47.7242,25.4521,46.8855,73.6772,38.1782,44.4134,25.6171,47.5082,57.755,47.5082,43.0647,20.2643,37.0044,60.3524,40.5286,45.5424,23.7258,45.2548,68.9807,39.5431,50.7937,33.1126,62.2517,72.8477,51.6556,46.5217,23.2221,47.8955,62.4093,53.701,EPI_ISL_16102930,Avian,H5N1,2022.293,NorthAmerica,A/chicken/Idaho/22-012045-001-original/2022,G6
0,-1,42.1517,18.2353,38.8235,65.2941,41.7647,43.9943,19.2034,41.963,81.7923,42.6743,47.7242,25.4521,46.8855,73.6772,38.1782,44.3203,25.1514,47.0424,57.755,47.0424,43.0647,20.2643,37.0044,60.3524,40.5286,45.5424,23.7258,45.2548,68.9807,39.5431,50.7937,33.1126,62.2517,72.8477,51.6556,46.5217,23.2221,47.8955,62.4093,53.701,EPI_ISL_16102931,Avian,H5N1,2022.293,NorthAmerica,A/chicken/Idaho/22-012045-002-original/2022,G6
0,-1,42.1517,18.2353,38.8235,65.2941,41.7647,43.9943,19.2034,41.963,81.7923,42.6743,47.7242,25.4521,46.8855,73.6772,38.1782,44.3203,25.1514,47.0424,57.755,47.0424,43.0647,20.2643,37.0044,60.3524,40.5286,45.5424,23.7258,45.2548,68.9807,39.5431,50.7937,33.1126,62.2517,72.8477,51.6556,46.5217,23.2221,47.8955,62.4093,53.701,EPI_ISL_16102932,Avian,H5N1,2022.293,NorthAmerica,A/duck/Idaho/22-012046-001-original/2022,G6
0,-1,42.1517,18.2353,38.8235,65.2941,41.7647,44.0654,19.2034,41.963,81.7923,42.6743,47.6573,25.4521,46.8855,73.6772,36.8386,44.3669,25.6171,47.0424,57.755,47.0424,43.0647,20.2643,37.0044,60.3524,40.5286,45.5424,23.7258,45.2548,68.9807,39.5431,50.7937,33.1126,62.2517,72.8477,51.6556,46.5217,23.2221,47.8955,62.4093,53.701,EPI_ISL_16102933,Avian,H5N1,2022.293,NorthAmerica,A/goose/Idaho/22-012047-001-original/2022,G6
0,-1,41.7989,18.2353,38.8235,64.7059,41.7647,44.9183,21.3371,46.2304,83.2148,43.3855,47.5234,27.4615,46.2157,75.6865,34.8292,44.3203,24.6856,44.7136,61.4811,45.6451,43.1528,20.2643,38.7665,61.2335,42.2907,44.4444,20.2109,41.7399,65.0264,39.5431,50.5291,34.4371,64.9007,71.5232,52.9801,46.8116,23.2221,49.3469,66.7634,53.701,EPI_ISL_16112044,Avian,H5N1,2022.463,Europe,A/Arctic_tern/Denmark/05803-1.01/2022,G2
0,-1,42.0341,18.2353,39.4118,65.2941,41.7647,44.4918,19.9147,44.808,82.5036,43.3855,47.5234,26.7917,46.2157,75.6865,35.499,44.2272,24.6856,44.7136,60.5496,46.5766,43.2409,20.2643,38.7665,59.9119,42.2907,44.664,21.0896,43.4974,65.4657,38.6643,51.0582,34.4371,64.9007,74.1722,55.6291,46.6667,23.2221,49.3469,66.7634,53.701,EPI_ISL_16113089,Avian,H5N1,2022.299,Europe,A/barnacle_goose/Denmark/03332-1.02/2022,G2
0,-1,41.7402,18.8235,37.6471,64.1176,41.7647,44.9183,21.3371,46.2304,83.2148,43.3855,47.5234,26.7917,46.8855,75.0167,34.8292,44.4134,24.6856,45.1793,61.0154,46.1109,43.1528,19.8238,39.207,61.2335,42.2907,44.5323,20.2109,42.1793,65.4657,39.5431,51.0582,34.4371,66.2252,74.1722,54.3046,46.6667,23.2221,49.3469,66.7634,53.701,EPI_ISL_16113090,Avian,H5N1,2022.54,Europe,A/peregrine_falcon/Denmark/06880-1.02/2022,G2
0,-1,41.7989,18.2353,38.8235,64.7059,41.7647,44.8472,21.3371,46.2304,83.2148,43.3855,47.5904,27.4615,46.2157,75.6865,34.8292,44.2737,24.6856,44.2478,61.0154,45.6451,43.2409,20.2643,39.207,61.2335,42.2907,44.4884,20.2109,42.1793,65.0264,39.5431,50.5291,34.4371,64.9007,71.5232,52.9801,46.8116,23.2221,49.3469,66.7634,53.701,EPI_ISL_16113225,Avian,H5N1,2022.449,Europe,A/sandwich_tern/Denmark/05712-1.02/2022,G2
0,-1,41.7402,18.2353,38.2353,64.7059,41.7647,44.9183,21.3371,46.2304,83.2148,44.0967,47.5234,26.7917,46.2157,75.0167,34.8292,44.3203,24.6856,44.7136,61.4811,45.6451,43.2409,20.2643,39.207,61.2335,42.2907,44.5323,20.2109,42.6186,65.0264,39.5431,50.5291,34.4371,64.9007,71.5232,52.9801,46.5217,23.2221,49.3469,66.7634,53.701,EPI_ISL_16113229,Avian,H5N1,2022.458,Europe,A/sandwich_tern/Denmark/05802-1.01_2022,G2
0,-1,41.7989,18.2353,38.8235,64.1176,41.7647,44.8472,21.3371,46.2304,82.5036,43.3855,47.5234,27.4615,46.2157,75.6865,34.8292,44.3203,24.6856,44.7136,61.4811,45.6451,43.1968,20.2643,39.207,61.2335,42.2907,44.4884,20.2109,42.1793,65.0264,39.5431,50.5291,34.4371,64.9007,71.5232,52.9801,46.8116,23.2221,49.3469,66.7634,53.701,EPI_ISL_16113230,Avian,H5N1,2022.463,Europe,A/sandwich_tern/Denmark/05806-1.01/2022,G2
0,-1,41.7989,18.8235,38.2353,64.7059,41.7647,44.8472,21.3371,46.2304,83.2148,43.3855,47.5904,27.4615,46.2157,75.6865,34.8292,44.3203,24.6856,44.7136,61.4811,45.6451,43.2409,20.2643,39.207,61.2335,42.2907,44.5323,20.2109,42.1793,65.0264,39.5431,50.5291,34.4371,64.9007,71.5232,52.9801,46.8116,23.2221,49.3469,66.7634,53.701,EPI_ISL_16113231,Avian,H5N1,2022.433,Europe,A/tawny_owl/Denmark/05372-1.01/2022,G2
0,-1,41.7989,18.8235,38.2353,64.7059,41.7647,44.9893,22.0484,46.2304,83.2148,44.0967,47.5904,27.4615,46.2157,75.6865,34.8292,44.3203,24.6856,44.7136,61.9469,45.1793,43.1968,20.2643,39.207,61.2335,42.2907,44.5323,20.2109,42.1793,65.0264,39.5431,50.5291,34.4371,64.9007,71.5232,52.9801,46.8116,23.2221,49.3469,66.7634,53.701,EPI_ISL_16113242,Avian,H5N1,2022.433,Europe,A/tawny_owl/Denmark/05373-1.01/2022,G2
0,-1,41.7402,18.2353,38.2353,64.7059,41.7647,44.7761,21.3371,46.2304,81.7923,43.3855,47.7242,27.4615,46.2157,75.0167,35.499,44.3203,24.6856,44.7136,61.4811,45.6451,43.2409,20.2643,39.207,61.2335,42.2907,44.4884,20.2109,42.1793,64.587,39.5431,50.5291,34.4371,64.9007,71.5232,52.9801,46.8116,23.2221,49.3469,66.7634,53.701,EPI_ISL_16113366,Avian,H5N1,2022.441,Europe,A/white-tailed_eagle/Denmark/05716-1.04/2022,G2
0,-1,42.0341,18.2353,38.8235,64.7059,42.3529,44.634,19.9147,44.808,81.7923,43.3855,47.5234,26.1219,46.2157,70.998,38.848,44.46,23.2883,46.5766,60.0838,47.5082,43.417,20.7048,39.207,59.9119,43.6123,45.235,25.0439,43.4974,68.1019,39.5431,50.9259,34.4371,64.9007,72.8477,52.9801,46.6667,24.6734,49.3469,65.312,53.701,EPI_ISL_16115054,Avian,H5N1,2022.66,Europe,A/common_buzzard/Denmark/08287-1.01/2022,G2
0,-1,41.505,17.6471,37.0588,65.2941,41.1765,44.634,20.6259,45.5192,81.0811,42.6743,47.5904,26.1219,46.2157,75.0167,36.8386,44.3669,25.1514,44.7136,61.4811,47.0424,43.373,19.3833,38.7665,60.793,43.1718,44.3566,19.7715,42.1793,64.1476,39.5431,50.5291,34.4371,64.9007,72.8477,52.9801,46.5217,26.1248,47.8955,60.9579,53.701,EPI_ISL_16122075,Avian,H5N1,2022.562,Europe,A/domestic_goose/Germany-SH/AI04267/2022,G2
0,-1,41.9165,18.2353,38.8235,63.5294,42.3529,44.5629,19.2034,44.0967,82.5036,43.3855,48.1928,28.8011,47.5553,76.3563,38.1782,44.2272,25.1514,47.0424,56.3577,47.5082,43.461,19.3833,38.7665,60.3524,43.6123,45.3667,23.2865,44.8155,68.5413,44.3761,51.1905,34.4371,64.9007,75.4967,52.9801,46.6667,24.6734,47.8955,65.312,53.701,EPI_ISL_16122154,Avian,H5N1,2022.515,Europe,A/northern_gannet/Germany-NI/AI04234/2022,G10
0,-1,42.2105,18.2353,38.8235,65.2941,42.3529,44.1365,18.4922,44.0967,81.7923,42.6743,47.5234,27.4615,45.5459,76.3563,34.8292,44.5065,25.6171,46.5766,59.1523,47.9739,43.2849,21.1454,37.0044,60.793,40.9692,44.9275,21.0896,43.9367,66.3445,43.058,50.9259,33.1126,62.2517,72.8477,51.6556,46.6667,23.2221,47.8955,63.8607,52.2496,EPI_ISL_16171247,Avian,H5N1,2022.296,NorthAmerica,A/chicken/Pennsylvania/22-012091-001-original/2022,G8
0,-1,42.2105,18.2353,38.8235,65.2941,42.3529,44.1365,18.4922,44.0967,81.7923,42.6743,47.5234,27.4615,45.5459,76.3563,34.8292,44.4134,25.6171,46.5766,59.1523,47.0424,43.2409,20.7048,37.0044,60.793,40.9692,44.9275,21.0896,43.9367,66.3445,43.058,50.9259,33.1126,62.2517,72.8477,51.6556,46.6667,23.2221,47.8955,63.8607,52.2496,EPI_ISL_16171248,Avian,H5N1,2022.296,NorthAmerica,A/chicken/Pennsylvania/22-012092-003-original/2022,G8
0,-1,42.2105,18.2353,38.8235,65.2941,42.3529,44.1365,18.4922,44.0967,81.7923,42.6743,47.5234,27.4615,45.5459,76.3563,34.8292,44.46,25.1514,46.1109,59.1523,47.9739,43.2409,20.7048,37.0044,60.793,40.9692,44.9275,21.0896,43.9367,66.3445,43.058,50.9259,33.1126,62.2517,72.8477,51.6556,46.6667,23.2221,47.8955,63.8607,52.2496,EPI_ISL_16171249,Avian,H5N1,2022.296,NorthAmerica,A/chicken/Pennsylvania/22-012092-005-original/2022,G8
0,-1,42.2105,18.8235,38.8235,65.2941,41.1765,44.1365,19.2034,44.0967,82.5036,42.6743,47.925,26.7917,47.5553,75.0167,40.8573,44.2737,25.1514,47.0424,59.6181,46.5766,43.3289,17.6211,42.2907,60.3524,40.0881,45.3228,24.6046,43.4974,69.42,41.3005,50.9259,33.1126,62.2517,72.8477,51.6556,48.1159,29.0276,50.7983,62.4093,44.9927,EPI_ISL_16171250,Avian,H5N1,2022.296,NorthAmerica,A/turkey/North_Dakota/22-012099-001-original/2022,G3
0,-1,42.2105,18.8235,38.8235,65.2941,41.1765,44.1365,19.2034,44.0967,82.5036,42.6743,47.925,26.7917,47.5553,75.0167,40.8573,44.2737,25.1514,47.0424,59.6181,46.5766,43.3289,17.6211,42.2907,60.3524,40.0881,45.3228,24.6046,43.4974,69.42,41.3005,50.9259,33.1126,62.2517,72.8477,51.6556,48.1159,29.0276,50.7983,62.4093,44.9927,EPI_ISL_16171251,Avian,H5N1,2022.296,NorthAmerica,A/turkey/North_Dakota/22-012099-002-original/2022,G3
0,-1,42.1517,18.2353,38.8235,65.2941,41.1765,44.0654,19.2034,44.0967,81.7923,41.2518,47.992,26.7917,47.5553,75.0167,40.8573,44.2737,25.1514,47.0424,58.6865,46.5766,43.0207,20.2643,37.0044,59.9119,40.5286,45.4545,25.4833,44.3761,70.2988,41.3005,50.7937,33.1126,62.2517,72.8477,50.3311,46.6667,23.2221,47.8955,62.4093,53.701,EPI_ISL_16171252,Avian,H5N1,2022.296,NorthAmerica,A/chicken/North_Dakota/22-012100-001-original/2022,G3
0,-1,42.1517,18.2353,38.8235,65.2941,41.1765,44.3497,19.9147,44.0967,82.5036,42.6743,47.925,26.7917,47.5553,75.0167,40.8573,44.2737,25.1514,47.0424,59.1523,46.5766,43.417,18.5022,42.2907,59.9119,40.0881,45.4106,24.6046,43.4974,70.2988,41.3005,50.7937,33.1126,62.2517,72.8477,50.3311,48.1159,30.479,49.3469,62.4093,43.5414,EPI_ISL_16171254,Avian,H5N1,2022.296,NorthAmerica,A/turkey/Minnesota/22-012123-001-original/2022,G3
0,-1,42.1517,18.2353,38.8235,65.2941,41.1765,44.3497,19.9147,44.0967,82.5036,42.6743,47.925,26.7917,47.5553,75.0167,40.8573,44.2737,25.1514,47.0424,59.1523,46.5766,43.417,18.5022,42.2907,59.9119,40.0881,45.4106,24.6046,43.4974,70.2988,41.3005,50.7937,33.1126,62.2517,72.8477,50.3311,48.4058,31.9303,50.7983,62.4093,44.9927,EPI_ISL_16171255,Avian,H5N1,2022.296,NorthAmerica,A/turkey/Minnesota/22-012125-001-original/2022,G3
0,-1,42.1517,18.2353,38.8235,65.2941,41.1765,44.3497,19.9147,44.0967,82.5036,42.6743,47.925,26.7917,47.5553,75.0167,40.8573,44.2737,25.1514,47.0424,59.1523,46.5766,43.417,18.5022,42.2907,59.9119,40.0881,45.4106,24.6046,43.4974,70.2988,41.3005,50.7937,33.1126,62.2517,72.8477,50.3311,48.2609,30.479,50.7983,62.4093,44.9927,EPI_ISL_16171256,Avian,H5N1,2022.296,NorthAmerica,A/turkey/Minnesota/22-012125-002-original/2022,G3
0,-1,42.1517,18.2353,38.8235,65.2941,41.1765,44.3497,19.9147,44.0967,82.5036,42.6743,47.925,26.7917,47.5553,75.0167,40.8573,44.2737,25.1514,47.0424,59.1523,46.5766,43.417,18.5022,42.2907,59.9119,40.0881,45.4106,24.6046,43.4974,70.2988,41.3005,50.7937,33.1126,62.2517,72.8477,50.3311,48.1159,30.479,50.7983,62.4093,43.5414,EPI_ISL_16171322,Avian,H5N1,2022.296,NorthAmerica,A/turkey/Minnesota/22-012126-002-original/2022,G3
0,-1,42.1517,18.2353,38.8235,65.2941,41.1765,44.3497,19.9147,44.0967,82.5036,42.6743,47.925,26.7917,47.5553,75.0167,40.8573,44.2737,25.1514,47.0424,59.1523,46.5766,43.417,18.5022,42.2907,59.9119,40.0881,45.4106,24.6046,43.4974,70.2988,41.3005,50.7937,33.1126,62.2517,72.8477,50.3311,48.2609,30.479,50.7983,62.4093,44.9927,EPI_ISL_16171323,Avian,H5N1,2022.296,NorthAmerica,A/turkey/Minnesota/22-012126-003-original/2022,G3
0,-1,42.2105,18.2353,38.8235,65.2941,42.3529,44.0654,18.4922,44.0967,81.0811,42.6743,47.5234,27.4615,45.5459,76.3563,34.8292,44.4134,25.6171,46.5766,59.1523,47.9739,43.2409,20.7048,37.0044,60.793,40.9692,44.9275,21.0896,43.9367,66.3445,43.058,50.9259,33.1126,62.2517,72.8477,51.6556,46.6667,23.2221,47.8955,63.8607,52.2496,EPI_ISL_16171324,Avian,H5N1,2022.296,NorthAmerica,A/chicken/Pennsylvania/22-012248-001-original/2022,G8
0,-1,42.2105,18.2353,38.8235,65.2941,42.3529,44.0654,18.4922,44.0967,81.0811,42.6743,47.5234,27.4615,45.5459,76.3563,34.8292,44.4134,25.6171,46.5766,59.1523,47.9739,43.2409,20.7048,37.0044,60.793,40.9692,44.9275,21.0896,43.9367,66.3445,43.058,50.9259,33.1126,62.2517,72.8477,51.6556,46.6667,23.2221,47.8955,63.8607,52.2496,EPI_ISL_16171325,Avian,H5N1,2022.296,NorthAmerica,A/chicken/Pennsylvania/22-012248-003-original/2022,G8
0,-1,42.0341,18.2353,38.8235,65.2941,40,44.1365,18.4922,43.3855,82.5036,42.6743,47.925,26.7917,47.5553,75.0167,40.8573,44.3203,25.6171,46.5766,59.1523,46.5766,43.373,18.0617,42.2907,60.3524,39.6476,45.4106,25.0439,43.4974,70.2988,40.8612,50.9259,33.1126,62.2517,72.8477,51.6556,48.5507,31.9303,50.7983,62.4093,47.8955,EPI_ISL_16171326,Avian,H5N1,2022.299,NorthAmerica,A/turkey/Minnesota/22-012285-001-original/2022,G3
0,-1,42.0341,18.2353,38.8235,65.2941,40,44.1365,18.4922,43.3855,82.5036,42.6743,47.925,26.7917,47.5553,75.0167,40.8573,44.3203,25.6171,46.5766,59.1523,46.5766,43.373,18.0617,42.2907,60.3524,39.6476,45.4106,25.0439,43.4974,70.2988,40.8612,50.9259,33.1126,62.2517,72.8477,51.6556,48.5507,31.9303,50.7983,62.4093,47.8955,EPI_ISL_16171327,Avian,H5N1,2022.299,NorthAmerica,A/turkey/Minnesota/22-012285-002-original/2022,G3
0,-1,42.0929,18.2353,38.8235,65.2941,40.5882,44.2075,18.4922,44.0967,82.5036,41.963,48.2597,26.1219,48.2251,76.3563,40.1875,44.3669,25.6171,47.0424,58.6865,47.0424,43.1088,20.2643,36.5639,60.793,40.9692,45.7181,23.2865,41.7399,71.6169,43.058,50.6614,31.7881,62.2517,71.5232,51.6556,46.5217,23.2221,47.8955,62.4093,53.701,EPI_ISL_16171328,Avian,H5N1,2022.299,NorthAmerica,A/turkey/Minnesota/22-012286-001-original/2022,G4
0,-1,42.0929,18.2353,38.8235,65.2941,40.5882,44.2075,18.4922,44.0967,82.5036,41.963,48.2597,26.1219,48.2251,76.3563,40.1875,44.3669,25.6171,47.0424,58.6865,47.0424,43.1088,20.2643,36.5639,60.793,40.9692,45.7181,23.2865,41.7399,71.6169,43.058,50.6614,31.7881,62.2517,71.5232,51.6556,46.5217,23.2221,47.8955,62.4093,53.701,EPI_ISL_16171329,Avian,H5N1,2022.299,NorthAmerica,A/turkey/Minnesota/22-012286-002-original/2022,G4
0,-1,42.1517,18.2353,38.8235,65.2941,41.1765,44.2786,19.2034,44.0967,82.5036,42.6743,48.2597,26.1219,48.2251,76.3563,40.1875,44.3203,25.6171,47.0424,58.2208,46.5766,43.1528,20.2643,37.0044,60.3524,40.9692,45.6302,23.2865,41.7399,70.2988,43.058,50.7937,31.7881,62.2517,72.8477,51.6556,46.5217,23.2221,47.8955,62.4093,53.701,EPI_ISL_16171330,Avian,H5N1,2022.299,NorthAmerica,A/turkey/Minnesota/22-012287-001-original/2022,G4
0,-1,42.1517,18.2353,38.8235,65.8824,40,44.2786,19.2034,43.3855,82.5036,43.3855,48.1928,26.1219,48.2251,76.3563,40.1875,44.46,26.0829,47.0424,59.1523,47.5082,43.1968,20.2643,37.0044,59.9119,41.4097,45.7181,22.8471,42.1793,71.1775,42.6186,50.7937,33.1126,62.2517,72.8477,51.6556,46.5217,23.2221,47.8955,62.4093,53.701,EPI_ISL_16171331,Avian,H5N1,2022.296,NorthAmerica,A/chicken/Colorado/22-012308-001-original/2022,G4
0,-1,42.0929,18.2353,38.8235,65.2941,40,44.2786,19.2034,43.3855,82.5036,43.3855,48.1928,26.1219,48.2251,76.3563,40.1875,44.4134,26.0829,47.0424,59.1523,47.0424,43.2409,20.2643,37.0044,59.9119,41.4097,45.762,23.2865,42.6186,71.1775,42.6186,50.7937,33.1126,62.2517,72.8477,51.6556,46.5217,23.2221,47.8955,62.4093,53.701,EPI_ISL_16171332,Avian,H5N1,2022.296,NorthAmerica,A/chicken/Colorado/22-012308-002-original/2022,G4
0,-1,42.2105,18.8235,38.8235,65.2941,41.1765,44.2075,19.2034,44.0967,82.5036,42.6743,48.1928,26.1219,47.5553,76.3563,40.1875,44.4134,25.6171,47.0424,59.1523,47.0424,43.1528,20.2643,37.0044,60.3524,40.9692,45.6741,23.2865,41.7399,70.2988,43.4974,50.6614,31.7881,62.2517,72.8477,51.6556,46.2319,23.2221,47.8955,60.9579,53.701,EPI_ISL_16171399,Avian,H5N1,2022.301,NorthAmerica,A/chicken/Minnesota/22-012373-001-original/2022,G4
0,-1,42.1517,18.2353,38.8235,65.2941,41.1765,44.2075,19.2034,44.0967,82.5036,42.6743,48.2597,26.1219,48.2251,76.3563,40.1875,44.3669,25.6171,47.0424,59.1523,47.0424,43.1968,20.2643,36.5639,61.674,40.9692,45.6741,23.2865,41.3005,70.7381,43.4974,50.7937,33.1126,62.2517,72.8477,51.6556,46.2319,23.2221,47.8955,60.9579,53.701,EPI_ISL_16171400,Avian,H5N1,2022.301,NorthAmerica,A/goose/Minnesota/22-012373-002-original/2022,G4
0,-1,42.1517,18.2353,38.8235,65.2941,41.1765,44.1365,19.2034,44.0967,82.5036,42.6743,48.2597,26.1219,47.5553,76.3563,40.8573,44.4134,25.1514,47.0424,58.6865,47.5082,43.2409,20.7048,37.4449,60.793,40.9692,45.6302,23.2865,41.3005,70.7381,43.058,50.7937,33.1126,62.2517,72.8477,51.6556,46.6667,24.6734,47.8955,62.4093,53.701,EPI_ISL_16171401,Avian,H5N1,2022.304,NorthAmerica,A/turkey/Minnesota/22-012374-001-original/2022,G4
0,-1,42.1517,18.8235,38.8235,65.8824,40.5882,44.1365,18.4922,44.0967,81.0811,42.6743,47.4565,26.7917,45.5459,75.6865,36.1688,44.5531,26.0829,47.0424,60.0838,46.5766,43.1528,19.8238,37.4449,61.2335,40.5286,45.0154,22.4077,44.3761,65.9051,42.6186,50.7937,33.1126,62.2517,72.8477,51.6556,46.5217,24.6734,49.3469,60.9579,52.2496,EPI_ISL_16171402,Avian,H5N1,2022.301,NorthAmerica,A/chicken/Utah/22-012375-001-original/2022,G8
0,-1,42.0341,17.6471,38.8235,65.2941,41.7647,44.2786,19.2034,44.808,82.5036,42.6743,48.3266,26.1219,48.2251,76.3563,40.8573,44.4134,25.6171,46.5766,59.1523,47.5082,43.2409,20.7048,37.0044,60.793,40.9692,45.5863,23.2865,41.7399,69.42,43.058,50.7937,33.1126,62.2517,72.8477,51.6556,46.5217,23.2221,47.8955,62.4093,53.701,EPI_ISL_16171403,Avian,H5N1,2022.301,NorthAmerica,A/chicken/Wisconsin/22-012376-001-original/2022,G4
0,-1,42.0341,17.6471,38.8235,65.2941,41.7647,44.2786,19.2034,44.808,82.5036,42.6743,48.3266,26.1219,48.2251,76.3563,40.8573,44.4134,25.6171,46.5766,59.1523,47.5082,43.2409,20.7048,37.0044,60.793,40.9692,45.6302,23.2865,41.7399,69.8594,43.058,50.7937,33.1126,62.2517,72.8477,51.6556,46.5217,23.2221,47.8955,62.4093,53.701,EPI_ISL_16171404,Avian,H5N1,2022.301,NorthAmerica,A/duck/Wisconsin/22-012376-002-original/2022,G4
0,-1,42.0341,17.6471,38.8235,65.2941,41.7647,44.2786,19.2034,44.808,82.5036,42.6743,48.3266,26.1219,48.2251,76.3563,40.8573,44.4134,25.6171,46.5766,59.1523,47.5082,43.2409,20.7048,37.0044,60.793,40.9692,45.5863,23.2865,41.7399,69.42,43.058,50.7937,33.1126,62.2517,72.8477,51.6556,46.5217,23.2221,47.8955,62.4093,53.701,EPI_ISL_16171405,Avian,H5N1,2022.301,NorthAmerica,A/chicken/Wisconsin/22-012376-003-original/2022,G4
0,-1,42.1517,18.2353,38.8235,65.2941,41.1765,44.2786,19.2034,44.808,82.5036,42.6743,47.8581,26.1219,47.5553,74.347,40.1875,44.2272,25.6171,47.0424,57.755,46.5766,43.5051,18.9427,42.2907,61.2335,40.0881,45.3667,25.4833,43.9367,70.2988,40.8612,50.7937,33.1126,62.2517,72.8477,51.6556,48.1159,30.479,50.7983,60.9579,44.9927,EPI_ISL_16171406,Avian,H5N1,2022.304,NorthAmerica,A/domestic_duck/Michigan/22-012454-001-original/2022,G3
0,-1,42.1517,18.2353,38.8235,65.2941,41.1765,44.2786,19.2034,44.808,82.5036,42.6743,47.8581,26.1219,47.5553,74.347,40.1875,44.2272,25.6171,47.0424,57.755,46.5766,43.5051,18.9427,42.2907,61.2335,40.0881,45.3667,25.4833,43.9367,70.2988,40.8612,50.9259,33.1126,62.2517,72.8477,51.6556,48.1159,30.479,50.7983,60.9579,44.9927,EPI_ISL_16171407,Avian,H5N1,2022.304,NorthAmerica,A/domestic_goose/Michigan/22-012454-002-original/2022,G3
0,-1,42.328,18.2353,38.2353,67.6471,42.3529,44.1365,19.2034,43.3855,82.5036,42.6743,48.1928,26.1219,47.5553,76.3563,40.1875,44.3669,25.6171,46.5766,58.6865,47.0424,43.1528,20.2643,37.0044,60.3524,40.9692,45.7181,23.2865,41.7399,71.1775,43.058,50.9259,33.1126,62.2517,72.8477,51.6556,46.3768,23.2221,47.8955,60.9579,53.701,EPI_ISL_16171408,Avian,H5N1,2022.312,NorthAmerica,A/chicken/Iowa/22-012510-002-original/2022,G4
0,-1,42.0341,18.2353,38.8235,64.7059,41.1765,44.2786,19.2034,44.0967,82.5036,42.6743,47.992,26.7917,47.5553,75.0167,40.8573,44.1806,25.1514,46.1109,58.2208,46.5766,43.1088,20.2643,37.0044,60.3524,40.9692,45.3667,25.0439,43.9367,70.7381,40.4218,50.7937,31.7881,62.2517,72.8477,50.3311,46.5217,23.2221,47.8955,62.4093,53.701,EPI_ISL_16171409,Avian,H5N1,2022.312,NorthAmerica,A/chicken/North_Dakota/22-012538-001-original/2022,G3
0,-1,42.0341,18.2353,38.8235,64.7059,41.1765,44.2786,19.2034,44.0967,82.5036,42.6743,47.992,26.7917,47.5553,75.0167,40.8573,44.2272,25.6171,46.5766,58.2208,46.5766,43.1088,20.2643,37.0044,60.3524,40.9692,45.3667,25.0439,43.9367,70.7381,40.4218,50.7937,31.7881,62.2517,72.8477,50.3311,46.5217,23.2221,47.8955,62.4093,53.701,EPI_ISL_16171411,Avian,H5N1,2022.312,NorthAmerica,A/chicken/North_Dakota/22-012538-002-original/2022,G3
0,-1,42.0929,18.8235,39.4118,64.7059,38.8235,44.2786,19.2034,44.0967,83.926,43.3855,48.2597,26.1219,48.2251,76.3563,40.1875,44.4134,25.6171,47.0424,58.6865,47.0424,43.1528,19.8238,36.1233,61.674,41.4097,45.5424,22.8471,41.7399,70.7381,42.6186,50.7937,33.1126,62.2517,72.8477,51.6556,46.5217,23.2221,47.8955,62.4093,53.701,EPI_ISL_16171412,Avian,H5N1,2022.304,NorthAmerica,A/chicken/Montana/22-012540-001-original/2022,G4
0,-1,42.0929,18.8235,39.4118,64.7059,38.8235,44.2786,19.2034,44.0967,83.926,43.3855,48.2597,26.1219,48.2251,76.3563,40.1875,44.4134,25.6171,47.0424,58.6865,47.0424,43.1528,19.8238,36.1233,61.674,41.4097,45.5424,22.8471,41.7399,70.7381,42.6186,50.7937,33.1126,62.2517,72.8477,51.6556,46.5217,23.2221,47.8955,62.4093,53.701,EPI_ISL_16171413,Avian,H5N1,2022.304,NorthAmerica,A/chicken/Montana/22-012540-002-original/2022,G4
0,-1,42.0929,18.2353,38.8235,65.2941,42.3529,44.1365,18.4922,44.0967,81.7923,42.6743,47.5234,27.4615,45.5459,76.3563,34.8292,44.4134,25.1514,46.5766,59.1523,47.9739,43.2409,20.7048,37.0044,60.793,40.9692,44.9275,21.0896,43.9367,66.3445,43.058,50.9259,33.1126,62.2517,72.8477,51.6556,46.6667,23.2221,47.8955,63.8607,52.2496,EPI_ISL_16171415,Avian,H5N1,2022.312,NorthAmerica,A/chicken/Pennsylvania/22-012578-004-original/2022,G8
0,-1,42.0341,18.2353,38.2353,64.7059,41.1765,44.2075,19.2034,44.0967,82.5036,42.6743,48.3936,26.1219,48.8948,76.3563,40.1875,44.46,25.6171,47.0424,58.6865,47.5082,43.1528,20.2643,36.5639,60.793,40.9692,45.6302,23.2865,41.7399,70.7381,43.058,50.7937,33.1126,62.2517,72.8477,51.6556,46.3768,23.2221,47.8955,62.4093,53.701,EPI_ISL_16171416,Avian,H5N1,2022.315,NorthAmerica,A/chicken/Kansas/22-012741-003-original/2022,G4
0,-1,42.2105,18.2353,38.8235,65.2941,42.3529,44.1365,18.4922,44.0967,81.7923,42.6743,47.5234,27.4615,45.5459,76.3563,34.8292,44.46,25.6171,46.5766,59.1523,47.9739,43.2849,20.7048,37.0044,60.793,40.9692,44.9275,21.0896,43.9367,66.3445,43.058,50.9259,33.1126,62.2517,72.8477,51.6556,46.6667,23.2221,47.8955,63.8607,52.2496,EPI_ISL_16171417,Avian,H5N1,2022.315,NorthAmerica,A/chicken/Pennsylvania/22-012742-001-original/2022,G8
0,-1,42.2105,18.2353,38.8235,65.2941,42.3529,44.1365,18.4922,44.0967,81.7923,42.6743,47.5234,27.4615,45.5459,76.3563,34.8292,44.46,25.6171,46.5766,59.1523,47.9739,43.2849,20.7048,37.0044,60.793,40.9692,44.9275,21.0896,43.9367,66.3445,43.058,50.9259,33.1126,62.2517,72.8477,51.6556,46.6667,23.2221,47.8955,63.8607,52.2496,EPI_ISL_16171418,Avian,H5N1,2022.315,NorthAmerica,A/chicken/Pennsylvania/22-012742-002-original/2022,G8
0,-1,42.1517,18.2353,38.8235,65.2941,41.1765,43.9943,17.7809,44.0967,81.0811,42.6743,48.3936,26.1219,48.8948,77.0261,40.1875,44.4134,25.6171,47.0424,58.6865,47.0424,43.2409,20.2643,37.4449,60.793,40.9692,45.7181,22.8471,41.7399,71.1775,43.4974,50.9259,33.1126,63.5762,72.8477,51.6556,46.6667,23.2221,47.8955,65.312,53.701,EPI_ISL_16171419,Avian,H5N1,2022.315,NorthAmerica,A/chicken/Nebraska/22-012756-001-original/2022,G4
0,-1,42.2105,17.6471,38.2353,65.8824,41.7647,44.2786,19.2034,44.808,83.2148,42.6743,47.8581,26.1219,47.5553,75.0167,38.1782,43.3426,20.9595,45.6451,56.8235,42.3847,42.3602,17.6211,40.9692,56.8282,38.7665,45.6302,24.6046,42.6186,67.6626,42.1793,50.7937,33.1126,60.9272,72.8477,51.6556,46.8116,24.6734,47.8955,62.4093,53.701,EPI_ISL_16171449,Avian,H5N1,2022.312,NorthAmerica,A/chicken/Michigan/22-012855-001-original/2022,G5
0,-1,42.2105,17.6471,38.2353,65.8824,41.7647,44.2786,19.2034,44.808,83.2148,42.6743,47.8581,26.1219,47.5553,75.0167,38.1782,43.3892,21.4252,45.6451,56.8235,42.8505,42.3162,17.6211,40.5286,56.8282,38.7665,45.6302,24.6046,42.6186,67.6626,42.1793,50.7937,33.1126,60.9272,72.8477,51.6556,46.8116,24.6734,47.8955,62.4093,53.701,EPI_ISL_16171450,Avian,H5N1,2022.312,NorthAmerica,A/guinea_fowl/Michigan/22-012855-002-original/2022,G5
0,-1,42.2105,17.6471,38.2353,65.8824,41.7647,44.2786,19.2034,44.808,83.2148,42.6743,47.8581,26.1219,47.5553,75.0167,38.1782,43.3892,21.4252,45.6451,56.8235,42.8505,42.3162,17.6211,40.9692,56.8282,38.7665,45.6302,24.6046,42.6186,67.6626,42.1793,50.7937,33.1126,60.9272,72.8477,51.6556,46.8116,24.6734,47.8955,62.4093,53.701,EPI_ISL_16171451,Avian,H5N1,2022.312,NorthAmerica,A/turkey/Michigan/22-012855-003-original/2022,G5
0,-1,42.2105,17.6471,38.2353,65.8824,41.7647,44.2786,19.2034,44.808,83.2148,42.6743,47.8581,26.1219,47.5553,75.0167,38.1782,43.3892,21.4252,45.6451,56.8235,42.8505,42.3602,17.6211,40.9692,56.8282,38.7665,45.6302,24.6046,42.6186,67.6626,42.1793,50.7937,33.1126,60.9272,72.8477,51.6556,46.8116,24.6734,47.8955,62.4093,53.701,EPI_ISL_16171452,Avian,H5N1,2022.312,NorthAmerica,A/domestic_goose/Michigan/22-012855-004-original/2022,G5
0,-1,42.2105,17.6471,38.2353,65.8824,41.7647,44.2786,19.2034,44.808,83.2148,42.6743,47.8581,26.1219,47.5553,75.0167,38.1782,43.4358,21.4252,45.6451,57.2892,42.8505,42.3602,17.6211,40.9692,56.8282,38.7665,45.6302,24.6046,42.6186,67.6626,42.1793,50.7937,33.1126,60.9272,72.8477,51.6556,46.8116,24.6734,47.8955,62.4093,53.701,EPI_ISL_16171453,Avian,H5N1,2022.312,NorthAmerica,A/domestic_duck/Michigan/22-012855-005-original/2022,G5
0,-1,42.0341,17.6471,38.2353,65.2941,41.1765,44.2786,19.2034,44.0967,83.2148,42.6743,48.2597,26.1219,48.2251,77.0261,40.1875,44.3203,25.1514,46.5766,58.2208,47.5082,43.1528,19.8238,37.0044,60.793,40.9692,45.6302,23.2865,41.7399,70.7381,42.6186,50.7937,33.1126,62.2517,72.8477,51.6556,46.5217,23.2221,49.3469,62.4093,53.701,EPI_ISL_16171454,Avian,H5N1,2022.315,NorthAmerica,A/chicken/Minnesota/22-012932-001-original/2022,G4
0,-1,42.0341,17.6471,38.2353,65.2941,41.1765,44.2786,19.2034,44.0967,83.2148,42.6743,48.2597,26.1219,48.2251,77.0261,40.1875,44.3203,25.1514,46.5766,58.2208,47.5082,43.1528,19.8238,37.0044,60.793,40.9692,45.6302,23.2865,41.7399,70.7381,42.6186,50.7937,33.1126,62.2517,72.8477,51.6556,46.5217,23.2221,49.3469,62.4093,53.701,EPI_ISL_16171455,Avian,H5N1,2022.315,NorthAmerica,A/chicken/Minnesota/22-012932-002-original/2022,G4
0,-1,42.0929,17.6471,38.2353,65.2941,41.1765,44.1365,19.2034,44.0967,82.5036,42.6743,48.2597,26.1219,48.2251,76.3563,40.1875,44.3203,25.1514,47.0424,58.6865,47.0424,43.1088,20.2643,37.0044,60.793,40.9692,45.6741,22.8471,41.3005,70.7381,43.4974,50.9259,33.1126,62.2517,72.8477,52.9801,47.8261,30.479,49.3469,63.8607,44.9927,EPI_ISL_16171456,Avian,H5N1,2022.307,NorthAmerica,A/chicken/Indiana/22-012933-001-original/2022,G4
0,-1,42.2105,18.2353,38.8235,64.7059,41.7647,44.2075,19.2034,44.0967,82.5036,42.6743,48.3266,26.1219,48.2251,77.6959,40.1875,44.3669,25.1514,46.5766,58.6865,47.0424,43.1968,20.2643,37.0044,60.793,40.9692,45.6741,23.2865,41.7399,70.7381,43.058,50.9259,34.4371,62.2517,72.8477,51.6556,46.5217,23.2221,47.8955,62.4093,53.701,EPI_ISL_16171457,Avian,H5N1,2022.315,NorthAmerica,A/chicken/Minnesota/22-012966-001-original/2022,G4
0,-1,42.0929,18.2353,38.8235,64.7059,41.1765,44.2075,19.2034,44.808,81.7923,42.6743,47.8581,26.1219,47.5553,74.347,40.1875,44.2272,25.1514,47.0424,58.6865,46.5766,43.417,18.0617,42.2907,61.2335,39.6476,45.4106,25.0439,43.9367,71.1775,40.8612,50.9259,33.1126,62.2517,72.8477,51.6556,48.1159,30.479,50.7983,60.9579,44.9927,EPI_ISL_16171458,Avian,H5N1,2022.312,NorthAmerica,A/turkey/Wisconsin/22-012973-001-original/2022,G3
0,-1,42.0929,18.2353,38.8235,64.7059,41.1765,44.2075,19.2034,44.808,81.7923,42.6743,47.8581,26.1219,47.5553,74.347,40.1875,44.2272,25.1514,47.0424,58.6865,46.5766,43.417,18.0617,42.2907,61.2335,39.6476,45.4106,25.0439,43.9367,71.1775,40.8612,50.9259,33.1126,62.2517,72.8477,51.6556,48.1159,30.479,50.7983,60.9579,44.9927,EPI_ISL_16171459,Avian,H5N1,2022.315,NorthAmerica,A/turkey/Wisconsin/22-012974-001-original/2022,G3
0,-1,42.0929,18.2353,38.8235,64.7059,41.1765,44.2075,19.2034,44.808,81.7923,42.6743,47.8581,26.1219,47.5553,74.347,40.1875,44.2272,25.1514,47.0424,58.6865,46.5766,43.417,18.0617,42.2907,61.2335,39.6476,45.4106,25.0439,43.9367,71.1775,40.8612,50.9259,33.1126,62.2517,72.8477,51.6556,48.1159,30.479,50.7983,60.9579,44.9927,EPI_ISL_16171460,Avian,H5N1,2022.315,NorthAmerica,A/turkey/Wisconsin/22-012974-002-original/2022,G3
0,-1,42.1517,17.0588,38.2353,65.2941,41.7647,44.2075,19.2034,44.0967,82.5036,41.963,47.7912,26.7917,46.8855,74.347,37.5084,43.2961,20.9595,45.1793,55.8919,42.3847,42.4923,18.0617,40.9692,57.2687,38.7665,45.3667,23.2865,43.058,66.3445,42.1793,50.7937,33.1126,62.2517,72.8477,51.6556,46.8116,24.6734,47.8955,62.4093,53.701,EPI_ISL_16171461,Avian,H5N1,2022.315,NorthAmerica,A/chicken/Michigan/22-012977-001-original/2022,G5
0,-1,42.2693,18.2353,38.8235,65.2941,41.7647,43.9943,19.2034,42.6743,82.5036,41.963,47.5234,25.4521,45.5459,73.0074,38.1782,44.4134,25.6171,47.0424,59.1523,46.5766,43.1528,20.7048,37.0044,60.3524,40.5286,45.5424,23.7258,45.2548,68.9807,39.5431,50.7937,33.1126,62.2517,72.8477,51.6556,46.5217,23.2221,47.8955,62.4093,53.701,EPI_ISL_16171462,Avian,H5N1,2022.321,NorthAmerica,A/chicken/Montana/22-013053-001-original/2022,G6
0,-1,42.2105,18.2353,38.8235,65.2941,41.1765,44.0654,19.2034,43.3855,82.5036,41.963,47.5234,25.4521,45.5459,73.6772,38.1782,44.4134,25.6171,47.0424,59.6181,46.5766,43.1528,20.7048,37.0044,60.3524,40.5286,45.5863,23.7258,45.2548,68.9807,39.5431,50.7937,33.1126,62.2517,72.8477,51.6556,46.5217,23.2221,47.8955,62.4093,53.701,EPI_ISL_16171463,Avian,H5N1,2022.321,NorthAmerica,A/chicken/Montana/22-013053-002-original/2022,G6
0,-1,42.0929,18.8235,37.6471,65.2941,40.5882,44.1365,19.2034,43.3855,82.5036,42.6743,47.925,26.7917,46.8855,75.0167,40.1875,44.3669,25.6171,47.0424,59.1523,46.5766,43.1528,20.2643,37.0044,60.3524,40.5286,45.4106,25.0439,43.4974,71.1775,40.8612,50.9259,33.1126,62.2517,72.8477,51.6556,46.9565,23.2221,47.8955,62.4093,55.1524,EPI_ISL_16171464,Avian,H5N1,2022.318,NorthAmerica,A/duck/Montana/22-013055-005-original/2022,G3
0,-1,42.0929,18.8235,37.6471,65.2941,40.5882,44.1365,19.2034,43.3855,82.5036,42.6743,47.925,26.7917,46.8855,75.0167,40.1875,44.3669,25.6171,47.0424,59.1523,46.5766,43.1528,20.2643,37.0044,60.3524,40.9692,45.4106,25.0439,43.4974,71.1775,40.8612,50.9259,33.1126,62.2517,72.8477,51.6556,46.9565,23.2221,47.8955,62.4093,55.1524,EPI_ISL_16171465,Avian,H5N1,2022.318,NorthAmerica,A/duck/Montana/22-013055-006-original/2022,G3
0,-1,42.2105,18.2353,38.8235,65.2941,41.7647,43.9943,19.2034,42.6743,82.5036,42.6743,47.6573,25.4521,46.2157,73.6772,38.1782,44.3669,25.6171,47.0424,58.6865,47.0424,43.0647,20.2643,36.5639,60.3524,40.5286,45.4985,23.7258,45.2548,68.5413,39.5431,50.7937,33.1126,62.2517,72.8477,51.6556,46.6667,23.2221,47.8955,62.4093,53.701,EPI_ISL_16171466,Avian,H5N1,2022.321,NorthAmerica,A/chicken/Montana/22-013056-002-original/2022,G6
0,-1,42.0341,18.2353,39.4118,65.2941,41.1765,44.2075,19.2034,44.0967,82.5036,42.6743,47.3896,26.1219,44.8761,75.6865,36.1688,44.3203,25.6171,46.5766,58.2208,47.0424,43.0207,20.2643,37.0044,60.3524,40.9692,45.0154,21.9684,44.3761,66.3445,42.6186,50.7937,33.1126,63.5762,72.8477,51.6556,46.6667,23.2221,47.8955,62.4093,53.701,EPI_ISL_16171467,Avian,H5N1,2022.321,NorthAmerica,A/chicken/Colorado/22-013057-001-original/2022,G8
0,-1,42.2693,18.2353,38.8235,65.2941,42.3529,44.2075,19.2034,44.0967,82.5036,42.6743,48.1928,25.4521,48.2251,76.3563,40.1875,44.2737,25.1514,46.5766,58.6865,46.5766,43.1968,20.7048,37.0044,61.2335,40.5286,45.7181,23.2865,42.1793,70.7381,43.058,50.7937,34.4371,63.5762,72.8477,51.6556,46.6667,23.2221,47.8955,62.4093,55.1524,EPI_ISL_16171468,Avian,H5N1,2022.321,NorthAmerica,A/guinea_fowl/Wisconsin/22-013061-003-original/2022,G4
0,-1,42.2105,18.2353,38.8235,65.2941,42.3529,44.2075,19.2034,44.0967,82.5036,42.6743,48.2597,25.4521,48.2251,76.3563,40.1875,44.3203,25.6171,46.5766,58.6865,47.0424,43.1528,20.7048,37.0044,61.2335,40.0881,45.762,23.2865,42.1793,71.6169,43.058,50.9259,35.7616,63.5762,72.8477,51.6556,46.6667,23.2221,47.8955,62.4093,55.1524,EPI_ISL_16171469,Avian,H5N1,2022.321,NorthAmerica,A/peacock/Wisconsin/22-013061-004-original/2022,G4
0,-1,42.2105,18.2353,38.8235,65.2941,42.3529,44.2075,19.2034,44.0967,82.5036,42.6743,48.1928,25.4521,48.2251,76.3563,40.1875,44.3203,25.6171,46.5766,58.6865,47.0424,43.1968,20.7048,37.0044,61.2335,40.5286,45.6741,23.2865,42.1793,69.8594,43.058,50.7937,34.4371,63.5762,72.8477,51.6556,46.6667,23.2221,47.8955,62.4093,55.1524,EPI_ISL_16171470,Avian,H5N1,2022.321,NorthAmerica,A/Lady_Amhersts_pheasant/Wisconsin/22-013061-005-original/2022,G4
0,-1,42.2693,18.8235,38.8235,65.2941,41.7647,44.2075,19.2034,44.0967,82.5036,42.6743,48.0589,26.7917,47.5553,75.0167,41.5271,44.4134,25.6171,47.0424,58.6865,47.0424,43.1968,20.7048,37.4449,60.3524,41.8502,45.3667,24.6046,43.9367,70.7381,40.8612,50.7937,31.7881,62.2517,71.5232,51.6556,46.5217,23.2221,47.8955,62.4093,53.701,EPI_ISL_16171471,Avian,H5N1,2022.318,NorthAmerica,A/turkey/Minnesota/22-013084-001-original/2022,G3
0,-1,42.2693,18.8235,38.8235,65.2941,41.7647,44.2075,19.2034,44.0967,82.5036,42.6743,48.0589,26.7917,47.5553,75.0167,41.5271,44.4134,25.6171,47.0424,58.6865,47.0424,43.1968,20.7048,37.4449,60.3524,41.8502,45.3667,24.6046,43.9367,70.7381,40.8612,50.7937,31.7881,62.2517,71.5232,51.6556,46.5217,23.2221,47.8955,62.4093,53.701,EPI_ISL_16171472,Avian,H5N1,2022.318,NorthAmerica,A/turkey/Minnesota/22-013084-002-original/2022,G3
0,-1,42.2105,18.2353,38.8235,65.2941,41.1765,44.1365,19.2034,44.0967,82.5036,43.3855,47.925,26.1219,47.5553,75.6865,40.8573,44.3203,25.6171,47.0424,59.1523,46.1109,43.417,18.0617,42.2907,60.3524,39.6476,45.3228,24.6046,43.4974,70.2988,41.7399,50.9259,33.1126,62.2517,72.8477,51.6556,48.2609,30.479,50.7983,62.4093,44.9927,EPI_ISL_16171473,Avian,H5N1,2022.315,NorthAmerica,A/chicken/Nebraska/22-013105-001-original/2022,
0,-1,42.0929,18.2353,38.2353,65.2941,41.1765,43.9943,18.4922,41.963,82.5036,42.6743,47.5904,25.4521,45.5459,73.6772,38.1782,44.4134,25.6171,47.5082,58.6865,46.5766,43.0647,20.2643,36.5639,60.3524,40.5286,45.5424,23.7258,44.8155,68.5413,39.5431,50.6614,33.1126,62.2517,72.8477,50.3311,46.5217,23.2221,47.8955,62.4093,53.701,EPI_ISL_16171474,Avian,H5N1,2022.321,NorthAmerica,A/chicken/Alaska/22-013107-001-original/2022,G6
0,-1,42.1517,18.2353,38.8235,65.2941,41.7647,43.9943,18.4922,42.6743,82.5036,43.3855,47.5904,25.4521,45.5459,73.6772,38.1782,44.46,25.6171,47.5082,59.6181,46.5766,43.0207,20.2643,36.1233,60.3524,40.5286,45.5863,23.7258,44.8155,68.5413,39.5431,50.6614,33.1126,62.2517,72.8477,50.3311,46.5217,23.2221,47.8955,62.4093,53.701,EPI_ISL_16171475,Avian,H5N1,2022.321,NorthAmerica,A/chicken/Alaska/22-013107-002-original/2022,G6
0,-1,42.1517,18.2353,38.8235,65.2941,41.1765,44.2786,19.2034,44.808,82.5036,42.6743,47.7912,26.1219,47.5553,74.347,40.1875,44.2272,25.6171,47.0424,58.6865,46.5766,43.461,18.5022,42.2907,62.1145,39.6476,45.4106,25.4833,43.9367,70.7381,40.8612,50.7937,33.1126,62.2517,72.8477,50.3311,48.1159,30.479,50.7983,60.9579,44.9927,EPI_ISL_16171476,Avian,H5N1,2022.315,NorthAmerica,A/turkey/Wisconsin/22-013183-002-original/2022,G3
0,-1,42.1517,18.2353,38.8235,65.2941,41.1765,44.2075,18.4922,44.808,82.5036,42.6743,47.8581,26.1219,47.5553,74.347,40.1875,44.1806,25.6171,46.5766,58.6865,46.5766,43.461,18.5022,42.2907,62.1145,39.6476,45.4545,25.4833,43.9367,70.7381,40.8612,50.7937,33.1126,62.2517,72.8477,50.3311,48.1159,30.479,50.7983,60.9579,44.9927,EPI_ISL_16171477,Avian,H5N1,2022.315,NorthAmerica,A/guinea_fowl/Wisconsin/22-013183-003-original/2022,G3
0,-1,42.1517,18.2353,38.8235,65.2941,41.1765,44.2075,18.4922,44.808,82.5036,42.6743,47.7912,26.1219,47.5553,74.347,40.1875,44.2272,25.6171,47.0424,58.6865,46.5766,43.461,18.5022,42.2907,62.1145,39.6476,45.3667,25.4833,43.9367,70.7381,40.8612,50.7937,33.1126,62.2517,72.8477,50.3311,48.1159,30.479,50.7983,60.9579,44.9927,EPI_ISL_16171478,Avian,H5N1,2022.315,NorthAmerica,A/domestic_duck/Wisconsin/22-013183-004-original/2022,G3
0,-1,42.1517,18.2353,38.8235,65.2941,41.1765,44.2075,18.4922,44.808,82.5036,42.6743,47.8581,26.1219,47.5553,74.347,40.1875,44.2737,25.6171,47.0424,59.6181,46.5766,43.461,18.5022,42.2907,62.1145,39.6476,45.3667,25.0439,43.9367,70.7381,40.8612,50.7937,33.1126,62.2517,72.8477,50.3311,48.1159,30.479,50.7983,60.9579,44.9927,EPI_ISL_16171479,Avian,H5N1,2022.315,NorthAmerica,A/peacock/Wisconsin/22-013183-005-original/2022,G3
0,-1,42.1517,18.2353,38.8235,65.2941,42.3529,44.1365,18.4922,44.0967,81.7923,42.6743,47.4565,27.4615,45.5459,76.3563,34.8292,44.4134,25.1514,46.5766,59.1523,47.9739,43.1528,20.2643,37.0044,60.3524,40.9692,44.9275,21.0896,43.9367,66.3445,43.058,50.9259,33.1126,62.2517,72.8477,51.6556,46.6667,23.2221,47.8955,63.8607,52.2496,EPI_ISL_16171480,Avian,H5N1,2022.321,NorthAmerica,A/Pekin_duck/Pennsylvania/22-013189-003-original/2022,G8
0,-1,42.1517,18.2353,38.8235,65.2941,42.3529,44.1365,18.4922,44.0967,81.7923,42.6743,47.5234,27.4615,46.2157,77.0261,34.8292,44.4134,25.1514,46.5766,59.1523,47.9739,43.1528,20.2643,37.0044,60.3524,40.9692,44.9275,21.0896,43.9367,66.3445,43.058,50.9259,33.1126,62.2517,72.8477,51.6556,46.6667,23.2221,47.8955,63.8607,52.2496,EPI_ISL_16171481,Avian,H5N1,2022.321,NorthAmerica,A/Pekin_duck/Pennsylvania/22-013189-004-original/2022,G8
0,-1,42.2105,17.6471,38.8235,65.8824,41.7647,43.9943,19.2034,44.808,81.7923,41.963,47.7912,26.7917,46.2157,75.0167,37.5084,43.4358,21.4252,45.6451,56.3577,44.7136,42.5804,18.0617,40.9692,57.2687,38.7665,45.7181,25.0439,42.6186,67.6626,42.6186,50.9259,33.1126,62.2517,72.8477,51.6556,46.6667,23.2221,49.3469,63.8607,52.2496,EPI_ISL_16171482,Avian,H5N1,2022.321,NorthAmerica,A/chicken/Oklahoma/22-013220-001-original/2022,G5
0,-1,42.2105,17.6471,38.8235,65.8824,41.7647,43.9943,19.2034,44.808,81.7923,41.963,47.7912,26.7917,46.2157,75.0167,37.5084,43.4358,21.4252,45.6451,56.3577,44.7136,42.5804,18.0617,40.9692,57.2687,38.7665,45.7181,25.0439,42.6186,67.6626,42.6186,50.9259,33.1126,62.2517,72.8477,51.6556,46.6667,23.2221,49.3469,63.8607,52.2496,EPI_ISL_16171483,Avian,H5N1,2022.321,NorthAmerica,A/chicken/Oklahoma/22-013220-002-original/2022,G5
0,-1,42.0341,18.2353,38.8235,64.7059,41.1765,44.1365,18.4922,44.808,82.5036,42.6743,47.992,26.7917,47.5553,75.0167,40.8573,44.4134,25.6171,47.0424,59.1523,46.5766,43.5051,18.5022,42.2907,61.2335,40.0881,45.3228,24.6046,43.9367,69.8594,41.3005,50.9259,33.1126,62.2517,72.8477,51.6556,48.2609,30.479,50.7983,62.4093,44.9927,EPI_ISL_16171485,Avian,H5N1,2022.321,NorthAmerica,A/goose/Minnesota/22-013221-002-original/2022,G3
0,-1,42.0341,18.2353,38.8235,64.7059,41.1765,44.1365,18.4922,44.808,82.5036,42.6743,47.925,26.7917,47.5553,75.0167,40.8573,44.4134,25.6171,47.0424,59.1523,46.5766,43.417,18.5022,42.2907,60.3524,40.0881,45.2789,24.6046,43.9367,69.8594,41.3005,50.9259,33.1126,62.2517,72.8477,51.6556,48.1159,29.0276,50.7983,62.4093,44.9927,EPI_ISL_16171486,Avian,H5N1,2022.321,NorthAmerica,A/duck/Minnesota/22-013221-003-original/2022,G3
0,-1,42.0341,18.2353,38.8235,64.7059,41.1765,44.1365,18.4922,44.808,82.5036,42.6743,47.992,26.7917,47.5553,75.0167,40.8573,44.4134,25.6171,47.0424,59.1523,46.5766,43.417,18.0617,42.2907,60.793,40.0881,45.3228,24.6046,43.9367,69.8594,41.3005,50.9259,33.1126,62.2517,72.8477,51.6556,48.4058,31.9303,50.7983,62.4093,44.9927,EPI_ISL_16171487,Avian,H5N1,2022.321,NorthAmerica,A/duck/Minnesota/22-013221-004-original/2022,G3
0,-1,42.1517,17.6471,38.2353,65.2941,42.3529,44.2075,19.2034,44.0967,82.5036,42.6743,48.1258,25.4521,48.2251,76.3563,39.5177,44.5531,25.6171,47.5082,59.1523,47.9739,43.2409,19.8238,37.4449,61.2335,41.4097,45.6741,23.2865,41.7399,70.7381,43.058,50.7937,34.4371,62.2517,72.8477,51.6556,46.6667,23.2221,47.8955,65.312,53.701,EPI_ISL_16171488,Avian,H5N1,2022.321,NorthAmerica,A/chicken/Minnesota/22-013222-001-original/2022,G4
0,-1,42.1517,17.6471,38.2353,65.2941,42.3529,44.2075,19.2034,44.0967,82.5036,42.6743,48.1258,25.4521,48.2251,76.3563,39.5177,44.5531,25.6171,47.5082,59.1523,47.9739,43.2409,19.8238,37.4449,61.2335,41.4097,45.6741,23.2865,41.7399,70.7381,43.058,50.7937,34.4371,62.2517,72.8477,51.6556,46.6667,23.2221,47.8955,65.312,53.701,EPI_ISL_16171490,Avian,H5N1,2022.321,NorthAmerica,A/goose/Minnesota/22-013222-004-original/2022,G4
0,-1,42.1517,17.6471,38.2353,65.2941,42.3529,44.2075,19.2034,44.0967,82.5036,42.6743,48.1258,25.4521,48.2251,76.3563,39.5177,44.5531,25.6171,47.5082,59.1523,47.9739,43.2409,19.8238,37.4449,61.2335,41.4097,45.6741,23.2865,41.7399,70.7381,43.058,50.7937,34.4371,62.2517,72.8477,51.6556,46.6667,23.2221,47.8955,65.312,53.701,EPI_ISL_16171491,Avian,H5N1,2022.321,NorthAmerica,A/goose/Minnesota/22-013222-005-original/2022,G4
0,-1,42.0929,18.2353,38.8235,64.7059,41.1765,44.1365,19.2034,44.0967,82.5036,41.963,48.0589,26.7917,47.5553,75.6865,40.8573,44.1806,25.6171,47.0424,59.1523,46.5766,43.0647,20.2643,37.0044,59.9119,41.4097,45.4106,25.0439,43.9367,70.2988,41.3005,50.9259,33.1126,62.2517,72.8477,51.6556,46.6667,23.2221,47.8955,62.4093,53.701,EPI_ISL_16171492,Avian,H5N1,2022.323,NorthAmerica,A/chicken/Minnesota/22-013223-001-original/2022,G3
0,-1,42.0929,18.2353,38.8235,64.7059,41.1765,44.1365,19.2034,44.0967,82.5036,41.963,48.0589,26.7917,47.5553,75.6865,40.8573,44.1806,25.6171,47.0424,59.1523,46.5766,43.0207,20.2643,37.0044,59.9119,41.4097,45.4106,25.0439,43.9367,70.2988,41.3005,50.9259,33.1126,62.2517,72.8477,51.6556,46.8116,23.2221,47.8955,62.4093,55.1524,EPI_ISL_16171493,Avian,H5N1,2022.323,NorthAmerica,A/chicken/Minnesota/22-013223-003-original/2022,G3
0,-1,42.0341,17.6471,38.2353,64.1176,41.7647,44.1365,19.2034,43.3855,81.7923,42.6743,47.6573,26.1219,46.2157,75.0167,37.5084,43.4358,20.9595,45.6451,56.3577,42.3847,42.7125,17.6211,41.4097,59.0308,38.7665,45.5863,24.6046,42.6186,67.6626,42.1793,51.0582,34.4371,62.2517,72.8477,51.6556,46.8116,24.6734,49.3469,62.4093,55.1524,EPI_ISL_16171494,Avian,H5N1,2022.323,NorthAmerica,A/chicken/Michigan/22-013224-001-original/2022,G5
0,-1,42.1517,18.2353,38.8235,65.2941,42.3529,44.1365,18.4922,44.0967,81.7923,42.6743,47.3896,27.4615,44.8761,76.3563,34.1594,44.4134,25.1514,46.5766,59.1523,47.9739,43.2849,21.1454,37.0044,60.793,40.9692,44.9715,21.0896,43.9367,66.3445,43.058,50.9259,33.1126,62.2517,72.8477,51.6556,46.6667,23.2221,47.8955,63.8607,52.2496,EPI_ISL_16171495,Avian,H5N1,2022.332,NorthAmerica,A/duck/Pennsylvania/22-013368-002-original/2022,G8
0,-1,42.2693,17.6471,38.8235,65.2941,41.7647,44.1365,19.2034,44.0967,81.7923,42.6743,47.7912,26.1219,46.8855,75.0167,37.5084,44.3669,25.1514,46.5766,59.6181,46.5766,42.4923,17.6211,41.4097,57.2687,38.7665,45.8498,25.0439,42.6186,68.9807,43.4974,50.7937,33.1126,62.2517,74.1722,51.6556,46.5217,21.7707,47.8955,62.4093,53.701,EPI_ISL_16171496,Avian,H5N1,2022.326,NorthAmerica,A/duck/Wisconsin/22-013373-001-original/2022,G5
0,-1,42.2105,17.6471,38.8235,64.7059,41.7647,44.1365,19.2034,44.0967,81.7923,42.6743,47.7912,26.1219,46.8855,75.0167,37.5084,44.3669,25.1514,46.5766,59.6181,46.5766,42.4923,17.6211,41.4097,57.2687,38.7665,45.8498,25.0439,42.6186,68.9807,43.4974,50.7937,33.1126,62.2517,74.1722,51.6556,46.5217,21.7707,47.8955,62.4093,53.701,EPI_ISL_16171497,Avian,H5N1,2022.326,NorthAmerica,A/chicken/Wisconsin/22-013373-002-original/2022,G5
0,-1,42.1517,18.2353,38.8235,65.2941,41.7647,44.2075,19.2034,42.6743,83.2148,44.0967,48.3266,26.1219,48.2251,76.3563,40.8573,44.46,26.0829,46.5766,59.1523,47.0424,43.1968,20.2643,37.4449,60.793,40.9692,45.6302,23.2865,41.7399,71.1775,42.6186,50.6614,31.7881,62.2517,72.8477,51.6556,46.5217,23.2221,47.8955,62.4093,53.701,EPI_ISL_16171498,Avian,H5N1,2022.332,NorthAmerica,A/chicken/Illinois/22-013392-001-original/2022,G4
0,-1,42.1517,18.2353,38.8235,65.2941,41.7647,44.2075,19.2034,42.6743,83.2148,44.0967,48.3266,26.1219,48.2251,76.3563,40.8573,44.46,26.0829,46.5766,59.1523,47.0424,43.1968,20.2643,37.4449,60.793,40.9692,45.6302,23.2865,41.7399,71.1775,42.6186,50.6614,31.7881,62.2517,72.8477,51.6556,46.5217,23.2221,47.8955,62.4093,53.701,EPI_ISL_16171499,Avian,H5N1,2022.332,NorthAmerica,A/chicken/Illinois/22-013392-002-original/2022,G4
0,-1,42.2105,18.2353,38.8235,65.2941,41.1765,44.2075,19.2034,44.0967,82.5036,42.6743,48.3936,26.1219,48.8948,76.3563,40.8573,44.46,25.6171,47.0424,58.6865,47.5082,43.1528,20.2643,37.0044,60.3524,40.5286,45.762,23.2865,42.1793,71.1775,43.058,50.7937,33.1126,62.2517,72.8477,51.6556,46.3768,23.2221,47.8955,62.4093,53.701,EPI_ISL_16171500,Avian,H5N1,2022.326,NorthAmerica,A/chicken/Minnesota/22-013412-001-original/2022,G4
0,-1,42.2105,18.2353,38.8235,65.2941,41.1765,44.1365,19.2034,44.0967,82.5036,41.963,48.3936,26.1219,48.8948,76.3563,40.8573,44.4134,25.6171,47.0424,58.6865,47.5082,43.1528,20.2643,37.0044,60.3524,40.5286,45.7181,23.2865,42.1793,71.1775,43.058,50.7937,33.1126,62.2517,72.8477,51.6556,46.3768,23.2221,47.8955,62.4093,53.701,EPI_ISL_16171501,Avian,H5N1,2022.326,NorthAmerica,A/chicken/Minnesota/22-013412-002-original/2022,G4
0,-1,42.0929,18.2353,38.8235,64.1176,41.1765,44.2075,19.2034,44.0967,82.5036,42.6743,48.2597,26.1219,48.2251,76.3563,40.1875,44.4134,25.6171,47.0424,58.6865,47.0424,43.2849,20.2643,37.0044,60.793,41.4097,45.5424,23.2865,41.7399,70.7381,43.058,50.6614,33.1126,62.2517,72.8477,51.6556,46.3768,23.2221,47.8955,62.4093,53.701,EPI_ISL_16171502,Avian,H5N1,2022.326,NorthAmerica,A/turkey/Minnesota/22-013413-002-original/2022,G4
0,-1,42.0929,18.2353,38.8235,64.1176,41.1765,44.2786,19.2034,44.0967,83.2148,42.6743,48.2597,26.1219,48.2251,76.3563,40.1875,44.5065,25.6171,47.5082,58.6865,47.5082,43.3289,20.2643,37.0044,60.793,41.8502,45.5424,23.2865,41.7399,70.7381,43.058,50.6614,33.1126,62.2517,72.8477,51.6556,46.3768,23.2221,47.8955,62.4093,53.701,EPI_ISL_16171503,Avian,H5N1,2022.326,NorthAmerica,A/turkey/Minnesota/22-013413-003-original/2022,G4
0,-1,42.0929,17.6471,38.2353,64.7059,41.7647,44.2075,19.2034,44.808,82.5036,42.6743,47.7912,26.1219,46.8855,75.0167,38.1782,43.3426,21.891,45.6451,55.8919,42.8505,42.4923,18.0617,40.9692,57.7093,38.7665,45.6741,24.6046,42.6186,67.6626,42.1793,50.9259,31.7881,63.5762,72.8477,51.6556,46.5217,23.2221,46.4441,60.9579,53.701,EPI_ISL_16171504,Avian,H5N1,2022.318,NorthAmerica,A/chicken/Wisconsin/22-013445-001-original/2022,G5
0,-1,42.1517,17.6471,38.8235,65.2941,41.1765,44.2786,19.2034,44.808,82.5036,42.6743,47.992,26.7917,47.5553,75.0167,40.8573,44.3203,25.1514,46.5766,60.0838,46.5766,43.3289,18.0617,42.2907,60.793,39.6476,45.2789,25.0439,43.4974,69.8594,40.4218,50.9259,33.1126,62.2517,72.8477,52.9801,46.8116,23.2221,47.8955,62.4093,55.1524,EPI_ISL_16171505,Avian,H5N1,2022.323,NorthAmerica,A/chicken/Wisconsin/22-013446-001-original/2022,
0,-1,42.0929,18.2353,38.8235,64.7059,41.1765,44.2075,19.2034,44.808,81.7923,42.6743,47.7912,26.1219,47.5553,73.6772,40.1875,44.2272,25.1514,47.0424,58.6865,46.5766,43.461,18.0617,42.7313,61.2335,39.6476,45.4106,25.0439,43.9367,71.1775,40.8612,50.9259,33.1126,62.2517,72.8477,51.6556,48.1159,30.479,50.7983,60.9579,44.9927,EPI_ISL_16171506,Avian,H5N1,2022.326,NorthAmerica,A/turkey/Wisconsin/22-013447-001-original/2022,G3
0,-1,42.0929,18.2353,38.8235,64.7059,41.1765,44.2075,19.2034,44.808,81.7923,42.6743,47.7912,26.1219,47.5553,73.6772,40.1875,44.2272,25.1514,47.0424,58.6865,46.5766,43.461,18.0617,42.7313,61.2335,39.6476,45.4106,25.0439,43.9367,71.1775,40.8612,50.9259,33.1126,62.2517,72.8477,51.6556,48.1159,30.479,50.7983,60.9579,44.9927,EPI_ISL_16171507,Avian,H5N1,2022.326,NorthAmerica,A/turkey/Wisconsin/22-013447-002-original/2022,G3
0,-1,42.0929,18.2353,38.8235,64.7059,41.1765,44.2786,19.9147,44.808,82.5036,42.6743,47.8581,26.1219,47.5553,75.0167,39.5177,44.2272,25.1514,47.0424,58.6865,46.5766,43.417,18.0617,42.2907,61.2335,39.6476,45.4106,25.0439,43.9367,71.1775,40.8612,50.9259,33.1126,62.2517,72.8477,51.6556,48.1159,30.479,50.7983,60.9579,44.9927,EPI_ISL_16171508,Avian,H5N1,2022.329,NorthAmerica,A/turkey/Wisconsin/22-013448-001-original/2022,G3
0,-1,42.0929,18.2353,38.8235,64.7059,41.1765,44.2786,19.9147,44.808,82.5036,42.6743,47.925,26.1219,47.5553,75.0167,40.1875,44.2272,25.1514,47.0424,58.6865,46.5766,43.417,18.0617,42.2907,61.2335,39.6476,45.4106,25.0439,43.9367,71.1775,40.8612,50.9259,33.1126,62.2517,72.8477,51.6556,48.1159,30.479,50.7983,60.9579,44.9927,EPI_ISL_16171509,Avian,H5N1,2022.329,NorthAmerica,A/turkey/Wisconsin/22-013448-002-original/2022,G3
0,-1,42.2693,19.4118,38.8235,65.8824,41.1765,44.2075,19.2034,43.3855,83.2148,42.6743,48.1928,26.1219,47.5553,76.3563,40.1875,44.4134,25.6171,46.5766,58.2208,47.5082,43.1968,20.2643,37.0044,60.793,40.9692,45.7181,23.2865,41.3005,70.7381,43.9367,50.7937,33.1126,62.2517,72.8477,51.6556,46.6667,23.2221,47.8955,63.8607,53.701,EPI_ISL_16171510,Avian,H5N1,2022.326,NorthAmerica,A/turkey/South_Dakota/22-013454-001-original/2022,G4
0,-1,42.2693,19.4118,38.8235,65.8824,41.1765,44.2786,19.2034,43.3855,83.926,42.6743,48.1928,26.1219,47.5553,76.3563,40.1875,44.46,26.0829,46.5766,58.2208,47.5082,43.1968,20.2643,37.0044,60.793,40.9692,45.7181,23.2865,41.3005,70.7381,43.9367,50.7937,33.1126,62.2517,72.8477,51.6556,46.6667,23.2221,47.8955,63.8607,53.701,EPI_ISL_16171511,Avian,H5N1,2022.326,NorthAmerica,A/turkey/South_Dakota/22-013454-002-original/2022,G4
0,-1,42.2105,18.2353,38.8235,65.2941,41.1765,44.0654,18.4922,43.3855,82.5036,42.6743,48.2597,26.1219,48.2251,76.3563,40.1875,44.5065,26.0829,47.0424,58.6865,47.5082,43.1968,20.2643,37.0044,60.793,40.9692,45.7181,23.2865,41.7399,71.1775,43.058,50.7937,33.1126,62.2517,72.8477,51.6556,46.5217,23.2221,47.8955,62.4093,53.701,EPI_ISL_16171512,Avian,H5N1,2022.332,NorthAmerica,A/turkey/South_Dakota/22-013547-001-original/2022,G4
0,-1,42.0929,18.2353,38.2353,65.2941,40.5882,44.1365,18.4922,44.0967,82.5036,42.6743,48.2597,26.1219,48.2251,76.3563,40.1875,44.3669,25.1514,46.5766,58.6865,47.0424,43.2409,20.7048,37.0044,60.793,40.9692,45.6741,23.2865,41.7399,70.7381,43.058,50.7937,34.4371,62.2517,71.5232,51.6556,46.5217,23.2221,47.8955,62.4093,53.701,EPI_ISL_16171513,Avian,H5N1,2022.323,NorthAmerica,A/chicken/South_Dakota/22-013554-001-original/2022,G4
0,-1,42.1517,18.2353,38.8235,65.2941,41.1765,44.2075,19.2034,43.3855,83.2148,42.6743,48.3266,26.1219,48.2251,77.0261,40.1875,44.4134,25.6171,46.5766,58.2208,47.5082,43.1968,20.2643,36.5639,60.793,40.9692,45.6302,23.2865,41.7399,70.7381,43.058,50.7937,33.1126,62.2517,72.8477,51.6556,46.6667,24.6734,47.8955,62.4093,53.701,EPI_ISL_16171514,Avian,H5N1,2022.332,NorthAmerica,A/duck/Minnesota/22-013605-001-original/2022,G4
0,-1,42.1517,18.2353,38.8235,65.2941,41.1765,44.2075,19.2034,43.3855,83.2148,42.6743,48.3266,26.1219,48.2251,77.0261,40.1875,44.4134,25.6171,46.5766,58.2208,47.5082,43.1968,20.2643,36.5639,60.793,40.9692,45.6302,23.2865,41.7399,70.7381,43.058,50.7937,33.1126,62.2517,72.8477,51.6556,46.6667,24.6734,47.8955,62.4093,53.701,EPI_ISL_16171516,Avian,H5N1,2022.332,NorthAmerica,A/duck/Minnesota/22-013605-003-original/2022,G4
0,-1,42.0929,18.2353,38.8235,65.2941,41.1765,44.2075,19.2034,44.0967,81.7923,42.6743,47.992,26.7917,47.5553,75.0167,40.8573,44.3203,25.6171,47.0424,58.6865,46.5766,43.417,18.0617,42.2907,60.3524,39.6476,45.2789,24.6046,43.4974,70.7381,41.7399,50.9259,33.1126,62.2517,72.8477,51.6556,48.2609,30.479,50.7983,62.4093,44.9927,EPI_ISL_16171517,Avian,H5N1,2022.332,NorthAmerica,A/turkey/Utah/22-013612-001-original/2022,G3
0,-1,42.2693,18.2353,39.4118,65.2941,41.1765,44.1365,17.7809,44.0967,82.5036,42.6743,48.0589,26.7917,47.5553,75.6865,40.8573,44.4134,26.0829,47.5082,58.6865,47.0424,43.3289,18.0617,41.8502,59.9119,39.6476,45.3228,23.7258,43.9367,70.2988,41.3005,50.7937,31.7881,62.2517,72.8477,51.6556,48.1159,30.479,50.7983,65.312,44.9927,EPI_ISL_16171518,Avian,H5N1,2022.334,NorthAmerica,A/chicken/Minnesota/22-013752-001-original/2022,G3
0,-1,42.0341,18.2353,38.8235,65.2941,41.1765,43.9232,17.7809,42.6743,82.5036,41.963,47.6573,25.4521,46.2157,74.347,38.1782,44.4134,25.6171,47.0424,58.2208,47.9739,43.1968,20.2643,37.4449,60.3524,41.4097,45.4545,23.2865,45.2548,68.5413,39.5431,50.7937,33.1126,62.2517,72.8477,51.6556,46.2319,23.2221,47.8955,59.5065,53.701,EPI_ISL_16171519,Avian,H5N1,2022.334,NorthAmerica,A/chicken/Washington/22-013763-002-original/2022,G6
0,-1,42.0929,18.2353,38.8235,65.2941,41.1765,43.9232,17.7809,42.6743,82.5036,41.963,47.5904,25.4521,46.2157,73.6772,38.1782,44.4134,25.6171,47.0424,58.2208,47.9739,43.1968,20.2643,37.4449,60.3524,41.4097,45.4985,23.2865,45.2548,68.5413,39.5431,50.7937,33.1126,62.2517,72.8477,51.6556,46.2319,23.2221,47.8955,59.5065,53.701,EPI_ISL_16171520,Avian,H5N1,2022.334,NorthAmerica,A/chicken/Washington/22-013763-003-original/2022,G6
0,-1,42.1517,18.2353,38.8235,65.2941,41.1765,44.2075,19.2034,44.0967,82.5036,42.6743,48.2597,26.1219,48.2251,76.3563,40.1875,44.3203,25.6171,46.5766,58.2208,46.5766,43.1968,19.8238,37.4449,60.793,40.5286,45.762,23.7258,42.1793,71.6169,42.6186,50.7937,33.1126,62.2517,72.8477,51.6556,46.8116,24.6734,49.3469,62.4093,53.701,EPI_ISL_16171521,Avian,H5N1,2022.334,NorthAmerica,A/chicken/Wisconsin/22-013776-001-original/2022,G4
0,-1,42.0929,18.2353,38.8235,64.7059,41.7647,44.0654,19.2034,42.6743,82.5036,42.6743,47.5234,25.4521,46.2157,73.0074,38.1782,44.3669,25.6171,47.0424,58.6865,46.5766,43.1528,20.2643,37.0044,60.3524,40.5286,45.5863,23.7258,45.2548,69.42,39.5431,50.7937,33.1126,62.2517,72.8477,51.6556,46.3768,23.2221,47.8955,62.4093,50.7983,EPI_ISL_16171522,Avian,H5N1,2022.332,NorthAmerica,A/goose/Oregon/22-013779-001-original/2022,G6
0,-1,42.2105,18.2353,39.4118,65.2941,41.7647,44.1365,19.2034,42.6743,82.5036,43.3855,47.5234,24.1125,46.2157,73.0074,38.1782,44.3203,25.6171,47.0424,58.2208,46.5766,43.1088,20.2643,37.0044,60.3524,40.5286,45.4985,23.2865,45.2548,68.9807,39.5431,50.7937,33.1126,62.2517,72.8477,51.6556,46.3768,23.2221,46.4441,62.4093,53.701,EPI_ISL_16171523,Avian,H5N1,2022.332,NorthAmerica,A/chicken/Montana/22-013942-001-original/2022,G6
0,-1,42.2105,18.2353,39.4118,65.2941,41.7647,44.1365,19.2034,42.6743,82.5036,43.3855,47.5234,24.1125,46.2157,73.0074,38.1782,44.3203,25.6171,47.0424,58.2208,46.5766,43.1088,20.2643,37.0044,60.3524,40.5286,45.4545,22.8471,45.2548,68.9807,39.5431,50.7937,33.1126,62.2517,72.8477,51.6556,46.3768,23.2221,46.4441,62.4093,53.701,EPI_ISL_16171524,Avian,H5N1,2022.332,NorthAmerica,A/chicken/Montana/22-013942-002-original/2022,G6
0,-1,42.1517,18.2353,38.8235,65.2941,41.1765,44.1365,19.2034,43.3855,82.5036,42.6743,48.1928,26.1219,48.2251,76.3563,39.5177,44.6462,26.0829,47.0424,59.1523,47.5082,43.2409,20.2643,37.0044,61.2335,41.4097,45.6741,23.2865,41.7399,70.7381,43.058,50.7937,33.1126,62.2517,72.8477,51.6556,46.5217,23.2221,47.8955,62.4093,53.701,EPI_ISL_16171528,Avian,H5N1,2022.364,NorthAmerica,A/Turkey/SK/FAV-0266/2022,G4
0,-1,42.2182,17.8998,38.1862,66.2291,41.7661,44.1365,19.2034,43.3855,82.5036,42.6743,48.1928,26.1219,48.2251,76.3563,39.5177,44.6462,26.0829,47.0424,59.1523,47.5082,43.2409,20.2643,37.0044,61.2335,41.4097,45.6741,23.2865,41.7399,70.7381,43.058,50.7937,33.1126,62.2517,72.8477,51.6556,46.5217,23.2221,47.8955,62.4093,53.701,EPI_ISL_16171530,Avian,H5N1,2022.247,NorthAmerica,A/Snow_Goose/SK/FAV-0216-01/2022,G4
0,-1,42.2105,18.2353,38.8235,65.2941,42.3529,44.2075,19.2034,44.0967,82.5036,42.6743,48.1258,25.4521,48.2251,76.3563,40.1875,44.5531,26.0829,47.0424,59.1523,47.5082,43.1528,20.2643,37.0044,60.3524,41.4097,45.6741,23.2865,41.7399,70.7381,43.058,50.7937,33.1126,63.5762,72.8477,52.9801,46.5217,23.2221,47.8955,62.4093,53.701,EPI_ISL_16172175,Avian,H5N1,2022.249,NorthAmerica,A/Snow_Goose/SK/FAV-0216-02/2022,G4
0,-1,42.0929,18.2353,38.8235,64.7059,41.1765,44.2075,19.2034,43.3855,83.2148,42.6743,48.0911,25.4863,47.619,76.4588,40.2414,44.3875,25.641,47.0862,58.7413,47.0862,43.1088,20.2643,36.5639,60.3524,40.9692,45.6503,23.3069,41.3369,70.3606,43.0959,50.7937,33.1126,62.2517,72.8477,51.6556,46.5217,21.7707,47.8955,62.4093,53.701,EPI_ISL_16173525,Avian,H5N1,2022.255,NorthAmerica,A/Snow_Goose/SK/FAV-0216-06/2022,G4
0,-1,42.2105,17.6471,38.8235,65.2941,41.7647,44.1993,19.2582,44.2225,82.7389,42.0827,47.7242,26.1219,46.2157,75.0167,37.5084,43.4358,21.4252,45.6451,56.3577,42.8505,42.4483,17.1806,40.9692,57.2687,38.7665,45.6302,24.6046,42.6186,67.2232,42.1793,50.9259,33.1126,62.2517,72.8477,51.6556,46.9565,24.6734,47.8955,62.4093,53.701,EPI_ISL_16173528,Avian,H5N1,2022.255,NorthAmerica,A/Bald_Eagle/ON/FAV-0221-01/2022,G5
0,-1,42.0929,18.2353,38.8235,64.7059,41.7647,44.2786,19.9147,44.0967,82.5036,42.6743,47.6573,26.1219,46.8855,73.6772,37.5084,44.46,24.6856,47.0424,59.6181,47.5082,42.5363,17.6211,40.9692,57.2687,38.326,45.5428,24.8117,42.5343,68.2322,42.0913,50.9259,33.1126,62.2517,74.1722,51.6556,46.6667,23.2221,47.8955,65.312,53.701,EPI_ISL_16173542,Avian,H5N1,2022.255,NorthAmerica,A/Chicken/ON/FAV-0208-133/2022,G5
0,-1,42.1517,18.2353,38.8235,65.8824,41.7647,44.2786,19.9147,44.0967,82.5036,42.6743,47.6573,26.1219,46.8855,73.6772,37.5084,44.3669,24.6856,47.0424,59.6181,46.5766,42.5363,17.6211,40.9692,57.2687,38.326,45.5869,24.8117,42.5343,68.2322,42.0913,50.9259,33.1126,62.2517,74.1722,51.6556,46.6667,23.2221,47.8955,65.312,53.701,EPI_ISL_16173545,Avian,H5N1,2022.255,NorthAmerica,A/Chicken/ON/FAV-0208-144/2022,G5
0,-1,42.1517,18.2353,38.8235,65.8824,41.7647,44.2786,19.9147,44.0967,82.5036,42.6743,47.6573,26.1219,46.8855,73.6772,37.5084,44.3669,24.6856,47.0424,59.6181,46.5766,42.5804,17.6211,41.4097,57.2687,38.326,45.5869,24.8117,42.5343,68.2322,42.0913,50.9259,33.1126,62.2517,74.1722,51.6556,46.6667,23.2221,47.8955,65.312,53.701,EPI_ISL_16173549,Avian,H5N1,2022.263,NorthAmerica,A/Chicken/ON/FAV-0217-05/2022,G5
0,-1,42.2105,17.6471,38.8235,65.2941,41.7647,44.3497,19.9147,44.0967,83.926,42.6743,47.8581,26.7917,46.8855,75.6865,37.5084,43.3426,21.4252,45.6451,56.3577,42.8505,42.8502,17.3997,40.116,61.3823,40.116,45.6302,24.1652,43.058,67.6626,42.1793,50.9259,33.1126,62.2517,72.8477,51.6556,46.8116,24.6734,47.8955,62.4093,53.701,EPI_ISL_16174374,Avian,H5N1,2022.249,NorthAmerica,A/RT-Hawk/ON/FAV-0210/2022,G5
0,-1,41.9753,18.8235,38.2353,65.2941,40,44.0654,17.7809,44.0967,82.5036,41.963,47.8581,26.7917,47.5553,74.347,40.8573,44.3203,25.1514,47.0424,59.1523,46.5766,43.3289,18.0617,42.2907,60.3524,39.6476,45.4985,24.6046,43.9367,71.6169,41.3005,50.7937,33.1126,62.2517,72.8477,51.6556,48.1159,29.0276,50.7983,62.4093,44.9927,EPI_ISL_16183504,Avian,H5N1,2022.37,NorthAmerica,A/Chicken/AB/FAV-0222-01/2022,G3
0,-1,42.2105,18.2353,38.8235,65.2941,41.1765,44.2786,19.2034,44.808,82.5036,42.6743,47.925,25.4521,47.5553,75.0167,40.8573,44.3203,25.6171,47.0424,58.6865,46.5766,43.3289,18.0617,42.2907,60.3524,39.207,45.2789,24.6046,43.9367,69.8594,40.8612,50.9259,33.1126,62.2517,72.8477,51.6556,47.8261,27.5762,47.8955,62.4093,44.9927,EPI_ISL_16183595,Avian,H5N1,2022.37,NorthAmerica,A/Chicken/AB/FAV-0438-02/2022,G3
0,-1,42.1517,18.2353,38.8235,65.2941,41.7647,44.0654,19.2034,42.6743,82.5036,42.6743,47.6573,25.4521,46.2157,73.6772,38.1782,44.3669,25.6171,47.0424,57.755,47.0424,43.1528,20.7048,37.0044,60.3524,40.5286,45.4545,23.7258,45.2548,68.5413,39.5431,50.7937,34.4371,63.5762,72.8477,50.3311,46.5217,23.2221,47.8955,62.4093,53.701,EPI_ISL_16183625,Avian,H5N1,2022.299,NorthAmerica,A/Canada_Goose/AB/FAV-0505-08/2022,G6
0,-1,41.9753,18.8235,38.2353,65.2941,40,44.0654,17.7809,44.0967,82.5036,41.963,47.5904,24.7823,47.5553,74.347,40.1875,44.1341,25.1514,46.5766,58.2208,46.5766,43.3289,18.0617,42.2907,60.3524,39.6476,45.4545,24.6046,43.9367,70.7381,41.3005,50.7937,33.1126,62.2517,72.8477,51.6556,47.971,29.0276,50.7983,60.9579,44.9927,EPI_ISL_16183656,Avian,H5N1,2022.318,NorthAmerica,A/Canada_Goose/AB/FAV-0505-19/2022,G3
0,-1,41.9753,18.8235,38.2353,65.2941,40,44.0654,17.7809,44.0967,82.5036,41.963,47.5904,24.7823,47.5553,74.347,40.1875,44.1341,25.1514,46.5766,58.2208,46.5766,43.3289,18.0617,42.2907,60.3524,39.6476,45.4545,24.6046,43.9367,70.7381,41.3005,50.7937,33.1126,62.2517,72.8477,51.6556,47.971,29.0276,50.7983,60.9579,44.9927,EPI_ISL_16189912,Avian,H5N1,2022.321,NorthAmerica,A/Great_Horned_Owl/AB/FAV-0505-19/2022,G3
0,-1,41.9165,18.8235,38.2353,65.2941,40,44.0256,17.094,44.1595,81.9088,42.0228,47.925,26.7917,47.5553,74.347,40.8573,44.2944,25.1748,47.0862,58.7413,46.62,43.417,18.5022,42.2907,60.3524,40.0881,45.4545,24.6046,43.9367,70.7381,41.3005,50.7937,33.1126,62.2517,72.8477,51.6556,48.1159,29.0276,50.7983,62.4093,44.9927,EPI_ISL_16189977,Avian,H5N1,2022.321,NorthAmerica,A/Great_Horned_Owl/AB/FAV-0505-30/2022,G3
0,-1,42.1517,18.2353,38.8235,65.2941,41.7647,44.1365,19.2034,42.6743,82.5036,43.3855,47.6573,25.4521,46.2157,73.6772,38.1782,44.3203,25.1514,47.0424,58.2208,46.5766,43.1528,20.2643,37.0044,60.3524,40.9692,45.4985,23.2865,45.2548,68.5413,39.5431,50.9259,34.4371,63.5762,72.8477,51.6556,46.3768,23.2221,47.8955,62.4093,53.701,EPI_ISL_16189978,Avian,H5N1,2022.323,NorthAmerica,A/Canada_Goose/AB/FAV-0505-31/2022,G6
0,-1,42.0929,18.2353,38.8235,65.2941,40.5882,44.1365,18.4922,44.0967,82.5036,41.963,47.4565,27.4615,45.5459,75.0167,36.1688,44.5065,25.6171,46.5766,60.5496,46.5766,43.1278,20.7231,37.037,60.4056,39.6825,44.9473,21.5479,44.4151,65.5233,43.0959,50.7937,33.1126,62.2517,72.8477,51.6556,46.6667,23.2221,47.8955,62.4093,53.701,EPI_ISL_16189979,Avian,H5N1,2022.318,NorthAmerica,A/Canada_Goose/AB/FAV-0505-36/2022,G8
0,-1,42.3868,18.2353,38.8235,65.2941,44.1176,44.2075,19.2034,44.0967,82.5036,42.6743,48.1928,26.1219,48.2251,76.3563,40.1875,44.4134,25.6171,46.5766,58.6865,47.9739,43.2849,20.2643,37.8855,61.2335,41.4097,45.6302,22.8471,41.3005,70.7381,43.058,50.6614,33.1126,62.2517,72.8477,51.6556,46.3663,23.3577,48.1752,61.3139,54.0146,EPI_ISL_16189980,Avian,H5N1,2022.321,NorthAmerica,A/Great_Horned_Owl/AB/FAV-0505-44/2022,G4
0,-1,42.2013,17.6887,38.3255,66.6274,41.2736,44.3336,19.3133,45.0644,82.9757,42.2031,47.992,26.7917,48.2251,75.0167,40.8573,44.4134,25.6171,47.0424,59.1523,45.6451,43.348,18.0776,42.328,60.4056,39.6825,45.2548,24.6262,43.9754,69.9208,41.3369,50.9259,33.1126,62.2517,72.8477,51.6556,48.4058,30.479,50.7983,62.4093,47.8955,EPI_ISL_16189981,Avian,H5N1,2022.321,NorthAmerica,A/Franklins_Gull/AB/FAV-0505-51/2022,G3
0,-1,42.1176,18.2568,38.8693,64.7821,41.8139,44.0654,19.2034,42.6743,82.5036,42.6743,47.6573,25.4521,46.2157,73.6772,38.1782,44.3669,25.6171,47.0424,57.755,47.0424,43.1528,20.7048,37.0044,60.3524,40.5286,45.5185,23.7467,45.2946,69.0413,39.1381,50.9259,34.4371,63.5762,72.8477,51.6556,46.5217,23.2221,47.8955,62.4093,53.701,EPI_ISL_16189983,Avian,H5N1,2022.332,NorthAmerica,A/Great_Horned_Owl/AB/FAV-0505-52/2022,G6
0,-1,42.1517,18.2353,38.8235,65.2941,41.7647,44.0654,19.2034,42.6743,82.5036,42.6743,47.6573,25.4521,46.2157,73.6772,38.1782,44.3669,25.6171,47.0424,57.755,47.0424,43.1528,20.7048,37.0044,60.3524,40.5286,45.5424,23.7258,45.2548,68.9807,39.5431,50.9259,34.4371,63.5762,72.8477,51.6556,46.5217,23.2221,47.8955,62.4093,53.701,EPI_ISL_16190394,Avian,H5N1,2022.34,NorthAmerica,A/Black-Billed_Magpie/AB/FAV-0505-53/2022,G6
0,-1,42.2105,18.2353,39.4118,65.2941,41.7647,44.0654,19.2034,42.6743,82.5036,42.6743,47.6573,25.4521,46.2157,73.6772,38.1782,44.3203,25.6171,47.0424,57.755,47.0424,43.1528,20.7048,37.0044,60.3524,40.5286,45.4985,23.7258,45.2548,68.5413,39.5431,50.9259,34.4371,63.5762,72.8477,51.6556,46.5217,23.2221,47.8955,62.4093,53.701,EPI_ISL_16190395,Avian,H5N1,2022.342,NorthAmerica,A/Great_Horned_Owl/AB/FAV-0505-57/2022,G6
0,-1,42.2105,18.8235,38.8235,65.2941,41.7647,44.0654,19.2034,42.6743,82.5036,42.6743,47.5904,25.4521,46.2157,73.6772,38.1782,44.3669,25.6171,47.0424,57.755,47.0424,43.1528,20.7048,37.0044,60.3524,40.5286,45.4745,23.7467,45.2946,68.6016,39.5778,50.9259,34.4371,63.5762,72.8477,51.6556,46.5217,23.2221,47.8955,62.4093,53.701,EPI_ISL_16190578,Avian,H5N1,2022.342,NorthAmerica,A/Great_Horned_Owl/AB/FAV-0505-58/2022,G6
0,-1,42.0929,18.2353,38.2353,65.2941,41.1765,44.0654,18.4922,43.3855,82.5036,41.963,47.992,26.7917,47.5553,73.6772,41.5271,44.4134,25.6171,47.0424,58.2208,46.5766,43.1528,20.2643,37.0044,60.3524,41.4097,45.4545,25.4833,43.9367,70.7381,41.3005,50.7937,31.7881,62.2517,71.5232,51.6556,46.6667,23.2221,47.8955,62.4093,53.701,EPI_ISL_16190673,Avian,H5N1,2022.408,NorthAmerica,A/Chicken/AB/FAV-0832/2022,G3
0,-1,42.0929,18.2353,38.8235,65.2941,41.7647,43.9943,19.2034,41.963,82.5036,42.6743,47.7242,25.4521,46.2157,73.6772,38.848,44.3203,25.6171,47.0424,58.6865,46.1109,43.1088,20.2643,37.0044,60.3524,40.5286,45.5424,23.7258,45.2548,68.9807,39.5431,50.6614,33.1126,63.5762,72.8477,49.0066,46.5217,23.2221,47.8955,62.4093,53.701,EPI_ISL_16190761,Avian,H5N1,2022.408,NorthAmerica,A/American_Crow/AB/FAV-0833-16/2022,G6
0,-1,41.7989,17.6471,37.0588,65.2941,42.3529,44.4444,19.2857,45.7143,82.1429,44.2857,47.6573,26.1219,46.2157,76.3563,36.1688,44.1341,24.2198,43.782,59.6181,45.6451,43.2159,19.4004,38.3598,61.7284,42.769,44.4444,20.6503,42.1793,64.1476,39.1037,50.6614,33.1126,64.9007,72.8477,51.6556,46.5217,24.6734,47.8955,65.312,52.2496,EPI_ISL_16196676,Avian,H5N1,2022.899,Europe,A/duck/Cyprus/750-2_22VIR12133-10/2022,G2
0,-1,41.8235,17.6678,37.1025,65.371,42.4028,44.5629,19.2034,45.5192,81.7923,44.0967,47.7242,26.7917,46.2157,77.0261,36.1688,44.2272,24.2198,43.782,59.6181,45.6451,43.2409,19.3833,38.7665,61.674,42.2907,44.4884,20.6503,42.1793,64.1476,39.1037,50.6614,33.1126,64.9007,72.8477,51.6556,46.5217,24.6734,47.8955,65.312,52.2496,EPI_ISL_16196756,Avian,H5N1,2022.899,Europe,A/goose/Cyprus/750-3_22VIR12133-11/2022,G2
0,-1,41.9753,18.8235,37.6471,66.4706,42.3529,44.634,19.2034,44.808,81.7923,43.3855,47.6573,26.1219,46.2157,77.0261,36.1688,44.2272,24.2198,44.7136,60.0838,45.6451,43.1968,19.3833,37.8855,61.674,42.2907,44.4884,21.0896,42.1793,64.1476,39.1037,50.6614,33.1126,64.9007,72.8477,51.6556,46.5217,24.6734,47.8955,65.312,52.2496,EPI_ISL_16196757,Avian,H5N1,2022.907,Europe,A/duck/Cyprus/752-2_22VIR12133-13/2022,G2
0,-1,41.7989,17.6471,37.0588,65.2941,42.3529,44.5629,19.2034,45.5192,81.7923,44.0967,47.6573,26.1219,46.2157,76.3563,36.1688,44.1341,24.2198,43.782,59.6181,45.6451,43.2099,19.4346,38.4276,61.3958,42.8445,44.4444,20.6503,42.1793,64.1476,39.1037,50.6614,33.1126,64.9007,72.8477,51.6556,46.5217,24.6734,47.8955,65.312,52.2496,EPI_ISL_16196758,Avian,H5N1,2022.899,Europe,A/duck/Cyprus/745-1_22VIR12133-1/2022,G2
0,-1,41.7989,17.6471,37.0588,65.2941,42.3529,44.5629,19.2034,45.5192,81.7923,44.0967,47.6573,26.1219,46.2157,76.3563,36.1688,44.1341,24.2198,43.782,59.6181,45.6451,43.2409,19.3833,38.326,61.674,42.7313,44.4444,20.6503,42.1793,64.1476,39.1037,50.6614,33.1126,64.9007,72.8477,51.6556,46.5217,24.6734,47.8955,65.312,52.2496,EPI_ISL_16196759,Avian,H5N1,2022.899,Europe,A/goose/Cyprus/746-1_22VIR12133-3/2022,G2
0,-1,41.8235,17.6678,37.1025,65.371,42.4028,44.5629,19.2034,45.5192,81.7923,44.0967,47.6573,26.1219,46.2157,76.3563,36.1688,44.1341,24.2198,43.782,59.6181,45.6451,43.1968,19.3833,38.326,61.2335,42.7313,44.4444,20.6503,42.1793,64.1476,39.1037,50.6614,33.1126,64.9007,72.8477,51.6556,46.5217,24.6734,47.8955,65.312,52.2496,EPI_ISL_16196760,Avian,H5N1,2022.899,Europe,A/duck/Cyprus/749-1_22VIR12133-5/2022,G2
0,-1,41.7989,17.6471,37.0588,65.2941,42.3529,44.5629,19.2034,45.5192,81.7923,44.0967,47.6573,26.1219,46.2157,76.3563,36.1688,44.1341,24.2198,43.782,59.6181,45.6451,43.2409,19.3833,38.326,61.674,42.7313,44.4444,20.6503,42.1793,64.1476,39.1037,50.6614,33.1126,64.9007,72.8477,51.6556,46.5217,24.6734,47.8955,65.312,52.2496,EPI_ISL_16196761,Avian,H5N1,2022.899,Europe,A/goose/Cyprus/749-3_22VIR12133-7/2022,G2
0,-1,41.505,18.2353,38.2353,64.1176,41.1765,44.705,22.0484,44.808,81.7923,43.3855,47.5234,26.1219,46.2157,75.6865,36.1688,44.3203,23.2883,45.1793,61.0154,48.4397,43.2849,20.2643,38.7665,60.793,42.7313,44.2443,19.7889,41.7766,63.3245,39.1381,50.6614,34.4371,64.9007,72.8477,52.9801,45.942,23.2221,47.8955,58.0552,52.2496,EPI_ISL_16199040,Avian,H5N1,2022.852,Europe,A/chicken/Austria/2514-19_22VIR11382-1/2022,G2
0,-1,41.505,18.2353,38.2353,64.1176,41.1765,44.705,22.0484,44.808,81.7923,43.3855,47.5234,26.1219,46.2157,75.6865,36.1688,44.3203,23.2883,45.1793,61.0154,48.4397,43.2849,20.2643,38.7665,60.793,42.7313,44.2688,19.7715,42.1793,63.2689,39.1037,50.6614,34.4371,64.9007,72.8477,52.9801,45.942,23.2221,47.8955,58.0552,52.2496,EPI_ISL_16199509,Avian,H5N1,2022.852,Europe,A/chicken/Austria/2514-20_22VIR11382-2/2022,G2
0,-1,41.8577,18.2353,38.8235,64.7059,41.7647,44.705,19.9147,44.808,83.2148,42.6743,47.7242,27.4615,46.2157,75.6865,36.1688,44.4134,25.1514,43.782,60.0838,47.0424,43.2409,20.2643,38.326,61.2335,42.2907,44.664,20.6503,42.6186,65.4657,40.8612,50.3968,34.4371,64.9007,71.5232,51.6556,46.8116,20.3193,47.8955,66.7634,56.6038,EPI_ISL_16206845,Avian,H5N1,2022.942,Europe,A/goose/Luxembourg/22253283/2022,G2
0,-1,42.1517,18.2353,38.8235,65.2941,41.7647,43.9943,19.2034,41.963,82.5036,42.6743,47.5904,25.4521,46.2157,73.0074,38.1782,44.4134,25.6171,47.0424,58.2208,47.0424,43.1088,20.2643,37.0044,61.2335,40.5286,45.5863,24.1652,45.2548,69.8594,39.5431,50.7937,33.1126,62.2517,72.8477,51.6556,46.6667,23.2221,47.8955,63.8607,53.701,EPI_ISL_16240161,Avian,H5N1,2022.334,NorthAmerica,A/domestic_goose/Washington/22-014023-001-original/2022,G6
0,-1,42.0929,18.2353,38.8235,64.7059,41.1765,44.3497,20.6259,45.5192,82.5036,42.6743,47.925,26.1219,47.5553,75.0167,40.1875,44.2272,25.1514,47.0424,58.6865,46.5766,43.417,18.0617,42.2907,61.2335,39.6476,45.4106,25.0439,43.9367,71.1775,40.8612,50.9259,33.1126,62.2517,72.8477,51.6556,48.1159,30.479,50.7983,60.9579,44.9927,EPI_ISL_16240162,Avian,H5N1,2022.337,NorthAmerica,A/turkey/Wisconsin/22-014125-001-original/2022,G3
0,-1,42.0929,18.2353,38.8235,64.7059,41.1765,44.3497,20.6259,45.5192,82.5036,42.6743,47.925,26.1219,47.5553,75.0167,40.1875,44.2272,25.1514,47.0424,58.6865,46.5766,43.417,18.0617,42.2907,61.2335,39.6476,45.4106,25.0439,43.9367,71.1775,40.8612,50.9259,33.1126,62.2517,72.8477,51.6556,48.1159,30.479,50.7983,60.9579,44.9927,EPI_ISL_16240163,Avian,H5N1,2022.34,NorthAmerica,A/turkey/Wisconsin/22-014126-001-original/2022,G3
0,-1,42.0929,18.2353,38.8235,64.7059,41.1765,44.3497,20.6259,45.5192,82.5036,42.6743,47.925,26.1219,47.5553,75.0167,40.1875,44.2272,25.1514,47.0424,58.6865,46.5766,43.461,18.0617,42.2907,61.674,39.6476,45.4106,25.0439,43.9367,71.1775,40.8612,50.9259,33.1126,62.2517,72.8477,51.6556,48.1159,30.479,50.7983,60.9579,44.9927,EPI_ISL_16240164,Avian,H5N1,2022.34,NorthAmerica,A/turkey/Wisconsin/22-014126-002-original/2022,G3
0,-1,42.1517,18.2353,38.8235,65.2941,41.1765,43.9943,17.7809,44.0967,81.0811,42.6743,48.3266,26.1219,48.8948,76.3563,40.1875,44.3669,25.1514,46.5766,58.6865,47.0424,43.2409,20.2643,37.4449,60.793,40.9692,45.6741,22.8471,41.7399,71.1775,43.4974,50.9259,33.1126,63.5762,72.8477,51.6556,46.6667,23.2221,47.8955,65.312,53.701,EPI_ISL_16240165,Avian,H5N1,2022.326,NorthAmerica,A/chicken/Nebraska/22-014140-001-original/2022,G4
0,-1,42.1517,18.2353,38.8235,65.2941,41.1765,43.9943,17.7809,44.0967,81.0811,42.6743,48.3936,26.1219,48.8948,77.0261,40.1875,44.3669,25.1514,46.5766,58.6865,47.0424,43.2409,20.2643,37.4449,60.793,40.9692,45.6741,22.8471,41.7399,71.1775,43.4974,50.9259,33.1126,63.5762,72.8477,51.6556,46.6667,23.2221,47.8955,65.312,53.701,EPI_ISL_16240166,Avian,H5N1,2022.326,NorthAmerica,A/chicken/Nebraska/22-014140-002-original/2022,G4
0,-1,42.1517,18.2353,38.8235,65.2941,41.1765,43.9943,17.7809,44.0967,81.0811,42.6743,48.3936,26.1219,48.8948,77.0261,40.1875,44.3669,25.1514,47.0424,58.6865,47.0424,43.2409,20.2643,37.4449,60.793,40.9692,45.7181,22.8471,41.7399,71.1775,43.4974,50.9259,33.1126,63.5762,72.8477,51.6556,46.6667,23.2221,47.8955,65.312,53.701,EPI_ISL_16240167,Avian,H5N1,2022.334,NorthAmerica,A/chicken/Nebraska/22-014141-002-original/2022,G4
0,-1,42.1517,18.2353,38.8235,65.2941,41.1765,43.9943,17.7809,44.0967,81.0811,42.6743,48.3266,26.1219,48.8948,77.0261,39.5177,44.4134,25.6171,47.0424,58.6865,47.0424,43.1968,20.2643,37.4449,60.793,40.9692,45.7181,22.8471,41.7399,71.1775,43.4974,50.9259,33.1126,63.5762,72.8477,51.6556,46.5217,23.2221,46.4441,63.8607,53.701,EPI_ISL_16240168,Avian,H5N1,2022.334,NorthAmerica,A/chicken/Nebraska/22-014141-003-original/2022,G4
0,-1,42.0341,18.2353,38.8235,65.2941,38.8235,44.2786,19.2034,44.0967,83.926,43.3855,48.2597,26.1219,48.2251,76.3563,40.1875,44.6462,26.0829,47.5082,60.5496,47.5082,43.2409,20.2643,36.5639,61.2335,41.8502,45.762,23.7258,41.7399,70.7381,43.4974,50.7937,33.1126,62.2517,72.8477,51.6556,46.5217,23.2221,47.8955,62.4093,53.701,EPI_ISL_16240169,Avian,H5N1,2022.342,NorthAmerica,A/chicken/Idaho/22-014175-001-original/2022,G4
0,-1,42.0341,18.2353,38.8235,65.2941,38.8235,44.3497,19.2034,44.0967,83.926,43.3855,48.2597,26.1219,48.2251,76.3563,40.1875,44.5996,26.0829,47.5082,60.0838,47.5082,43.2409,20.2643,36.5639,61.2335,41.8502,45.762,23.7258,41.7399,70.7381,43.4974,50.7937,33.1126,62.2517,72.8477,51.6556,46.5217,23.2221,47.8955,62.4093,53.701,EPI_ISL_16240220,Avian,H5N1,2022.342,NorthAmerica,A/chicken/Idaho/22-014175-003-original/2022,G4
0,-1,42.0341,17.6471,38.8235,64.7059,41.7647,44.2075,19.2034,44.0967,82.5036,42.6743,47.5904,26.1219,46.8855,73.6772,37.5084,44.5065,25.6171,47.0424,60.0838,47.0424,42.4483,18.0617,40.5286,56.8282,38.7665,45.5424,25.0439,42.1793,68.1019,41.7399,50.9259,33.1126,62.2517,74.1722,51.6556,46.3768,23.2221,47.8955,62.4093,53.701,EPI_ISL_16240221,Avian,H5N1,2022.351,NorthAmerica,A/turkey/Michigan/22-014263-001-original/2022,G5
0,-1,41.9753,18.8235,38.2353,65.2941,40,44.0654,17.7809,44.0967,82.5036,41.963,47.925,26.7917,47.5553,74.347,40.8573,44.2737,24.6856,46.5766,59.1523,46.5766,43.3289,18.0617,42.2907,60.3524,39.6476,45.4106,24.1652,43.9367,70.7381,41.3005,50.5291,31.7881,62.2517,72.8477,50.3311,48.1159,29.0276,50.7983,62.4093,44.9927,EPI_ISL_16240223,Avian,H5N1,2022.351,NorthAmerica,A/chicken/Idaho/22-014275-001-original/2022,G3
0,-1,41.9753,18.8235,38.2353,65.2941,40,44.0654,17.7809,44.0967,82.5036,41.963,47.925,26.7917,47.5553,74.347,40.8573,44.2737,24.6856,46.5766,59.1523,46.5766,43.3289,18.0617,42.2907,60.3524,39.6476,45.4106,24.1652,43.9367,70.7381,41.3005,50.5291,31.7881,62.2517,72.8477,50.3311,48.1159,29.0276,50.7983,62.4093,44.9927,EPI_ISL_16240224,Avian,H5N1,2022.351,NorthAmerica,A/chicken/Idaho/22-014275-002-original/2022,G3
0,-1,41.9753,18.8235,38.8235,65.2941,40,44.0654,17.7809,43.3855,82.5036,41.963,47.925,26.7917,47.5553,74.347,40.8573,44.2737,25.1514,46.5766,58.6865,46.5766,43.373,18.0617,42.2907,61.2335,39.6476,45.4106,24.6046,43.9367,70.7381,41.3005,50.5291,31.7881,62.2517,72.8477,50.3311,48.1159,29.0276,50.7983,62.4093,44.9927,EPI_ISL_16240225,Avian,H5N1,2022.351,NorthAmerica,A/duck/Idaho/22-014275-003-original/2022,G3
0,-1,42.2105,18.2353,38.8235,65.2941,41.7647,44.2786,19.9147,44.0967,82.5036,43.3855,47.925,26.7917,47.5553,75.0167,40.8573,44.3669,25.6171,47.0424,59.1523,46.5766,43.373,18.0617,42.2907,60.3524,39.6476,45.4106,24.6046,43.4974,71.6169,40.8612,50.9259,33.1126,62.2517,72.8477,51.6556,48.2609,30.479,50.7983,62.4093,44.9927,EPI_ISL_16240227,Avian,H5N1,2022.348,NorthAmerica,A/chicken/Minnesota/22-014294-002-original/2022,G3
0,-1,42.2105,18.2353,38.8235,65.2941,41.7647,44.2786,19.9147,44.0967,82.5036,43.3855,47.925,26.7917,47.5553,75.0167,40.8573,44.3669,25.6171,47.0424,59.1523,46.5766,43.373,18.0617,42.2907,60.3524,39.6476,45.4106,24.6046,43.4974,71.6169,40.8612,50.9259,33.1126,62.2517,72.8477,51.6556,48.2609,30.479,50.7983,62.4093,44.9927,EPI_ISL_16240228,Avian,H5N1,2022.348,NorthAmerica,A/turkey/Minnesota/22-014294-003-original/2022,G3
0,-1,42.2105,18.2353,38.8235,65.2941,41.7647,44.2786,19.9147,44.0967,82.5036,43.3855,47.8581,26.1219,47.5553,75.0167,40.8573,44.3669,25.6171,47.0424,59.1523,46.5766,43.373,18.0617,42.2907,60.3524,39.6476,45.4106,24.6046,43.4974,71.6169,40.8612,50.9259,33.1126,62.2517,72.8477,51.6556,48.2609,30.479,50.7983,62.4093,44.9927,EPI_ISL_16240229,Avian,H5N1,2022.348,NorthAmerica,A/turkey/Minnesota/22-014294-006-original/2022,G3
0,-1,42.2105,18.2353,38.8235,65.2941,41.7647,44.2786,19.9147,44.0967,82.5036,43.3855,47.925,26.7917,47.5553,75.0167,40.8573,44.3669,25.6171,47.0424,59.1523,46.5766,43.373,18.0617,42.2907,60.3524,39.6476,45.4106,24.6046,43.4974,71.6169,40.8612,50.9259,33.1126,62.2517,72.8477,51.6556,48.2609,30.479,50.7983,62.4093,44.9927,EPI_ISL_16240239,Avian,H5N1,2022.348,NorthAmerica,A/goose/Minnesota/22-014294-007-original/2022,G3
0,-1,42.1517,18.2353,38.8235,65.8824,41.1765,43.9232,17.7809,44.0967,81.0811,41.963,47.925,26.1219,47.5553,75.0167,40.8573,44.4134,25.6171,47.5082,58.6865,46.5766,43.373,18.0617,42.2907,60.3524,39.6476,45.4106,25.0439,43.9367,70.2988,41.3005,50.7937,33.1126,62.2517,72.8477,51.6556,48.2609,30.479,50.7983,62.4093,44.9927,EPI_ISL_16240351,Avian,H5N1,2022.345,NorthAmerica,A/chicken/Minnesota/22-014295-001-original/2022,G3
0,-1,42.2105,18.2353,38.8235,65.8824,41.1765,43.9232,17.7809,44.0967,81.0811,41.963,47.925,26.1219,47.5553,75.0167,40.8573,44.4134,25.6171,47.5082,58.6865,46.5766,43.373,18.0617,42.2907,60.3524,39.6476,45.4106,25.0439,43.9367,70.2988,41.3005,50.7937,33.1126,62.2517,72.8477,51.6556,48.2609,30.479,50.7983,62.4093,44.9927,EPI_ISL_16240352,Avian,H5N1,2022.345,NorthAmerica,A/chicken/Minnesota/22-014295-002-original/2022,G3
0,-1,42.1517,18.2353,38.8235,65.8824,41.1765,43.9232,17.7809,44.0967,81.0811,41.963,47.925,26.1219,47.5553,75.0167,40.8573,44.4134,25.6171,47.5082,58.6865,46.5766,43.373,18.0617,42.2907,60.3524,39.6476,45.4106,25.0439,43.9367,70.2988,41.3005,50.7937,33.1126,62.2517,72.8477,51.6556,48.2609,30.479,50.7983,62.4093,44.9927,EPI_ISL_16240353,Avian,H5N1,2022.345,NorthAmerica,A/duck/Minnesota/22-014295-003-original/2022,G3
0,-1,42.1517,18.2353,38.8235,65.2941,41.7647,44.1365,19.2034,42.6743,82.5036,44.0967,47.7242,25.4521,46.8855,73.6772,38.848,44.3669,25.1514,47.0424,58.2208,46.5766,43.1088,19.8238,37.4449,60.3524,40.9692,45.5863,23.2865,45.2548,68.9807,39.9824,50.7937,33.1126,62.2517,72.8477,51.6556,46.5217,23.2221,47.8955,62.4093,53.701,EPI_ISL_16240361,Avian,H5N1,2022.351,NorthAmerica,A/turkey/Washington/22-014316-001-original/2022,G6
0,-1,42.1517,18.2353,38.8235,65.2941,41.7647,44.0654,19.2034,42.6743,82.5036,42.6743,47.7242,25.4521,46.2157,75.0167,38.1782,44.3669,25.6171,47.5082,58.2208,46.5766,43.1088,20.2643,37.0044,60.3524,40.5286,45.6302,23.7258,45.2548,68.9807,39.9824,50.7937,33.1126,62.2517,72.8477,51.6556,46.5217,23.2221,47.8955,62.4093,53.701,EPI_ISL_16240372,Avian,H5N1,2022.345,NorthAmerica,A/duck/Washington/22-014327-001-original/2022,G6
0,-1,42.1517,18.2353,38.8235,65.2941,41.7647,44.0654,19.2034,42.6743,82.5036,42.6743,47.7242,25.4521,46.2157,75.0167,38.1782,44.3669,25.6171,47.5082,58.2208,46.5766,43.1088,20.2643,37.0044,60.3524,40.5286,45.6302,23.7258,45.2548,68.9807,39.9824,50.7937,33.1126,62.2517,72.8477,51.6556,46.5217,23.2221,47.8955,62.4093,53.701,EPI_ISL_16240382,Avian,H5N1,2022.345,NorthAmerica,A/duck/Washington/22-014327-002-original/2022,G6
0,-1,42.1517,18.2353,38.8235,65.2941,41.7647,44.0654,19.2034,42.6743,82.5036,42.6743,47.7242,25.4521,46.2157,75.0167,38.1782,44.4134,25.6171,47.5082,58.6865,46.5766,43.1088,20.2643,37.0044,60.3524,40.5286,45.6302,23.7258,45.2548,68.9807,39.9824,50.7937,33.1126,62.2517,72.8477,51.6556,46.5217,23.2221,47.8955,62.4093,53.701,EPI_ISL_16240392,Avian,H5N1,2022.345,NorthAmerica,A/chicken/Washington/22-014327-003-original/2022,G6
0,-1,42.1517,18.2353,38.8235,65.2941,42.3529,44.0654,18.4922,44.0967,81.7923,41.963,47.5234,27.4615,45.5459,76.3563,34.8292,44.3669,25.1514,46.5766,59.1523,47.5082,43.1968,20.7048,37.0044,60.3524,40.9692,45.0154,21.0896,43.9367,66.3445,43.4974,50.9259,33.1126,62.2517,72.8477,51.6556,46.6667,23.2221,47.8955,63.8607,52.2496,EPI_ISL_16240404,Avian,H5N1,2022.345,NorthAmerica,A/duck/Pennsylvania/22-014337-007-original/2022,G8
0,-1,42.0929,18.2353,38.8235,65.2941,42.3529,44.1365,18.4922,44.0967,81.7923,42.6743,47.4565,27.4615,45.5459,76.3563,34.8292,44.4134,25.1514,46.5766,59.1523,47.9739,43.1968,20.2643,37.0044,60.3524,41.4097,44.9275,21.0896,43.9367,66.3445,43.058,50.9259,33.1126,62.2517,72.8477,51.6556,46.6667,23.2221,47.8955,63.8607,52.2496,EPI_ISL_16240414,Avian,H5N1,2022.337,NorthAmerica,A/chicken/Pennsylvania/22-014338-001-original/2022,G8
0,-1,42.0929,18.2353,38.8235,65.2941,42.3529,44.1365,18.4922,44.0967,81.7923,42.6743,47.4565,27.4615,45.5459,76.3563,34.8292,44.4134,25.1514,46.5766,59.1523,47.9739,43.1528,20.2643,37.0044,60.3524,40.9692,44.9275,21.0896,43.9367,66.3445,43.058,50.9259,33.1126,62.2517,72.8477,51.6556,46.6667,23.2221,47.8955,63.8607,52.2496,EPI_ISL_16240423,Avian,H5N1,2022.337,NorthAmerica,A/chicken/Pennsylvania/22-014338-002-original/2022,G8
0,-1,42.1517,18.2353,38.8235,65.2941,42.3529,44.1365,18.4922,44.0967,81.7923,42.6743,47.5234,27.4615,45.5459,76.3563,35.499,44.4134,25.1514,46.5766,59.1523,47.9739,43.1528,20.2643,37.0044,60.3524,40.9692,44.9275,21.0896,43.9367,66.3445,43.058,50.9259,33.1126,62.2517,72.8477,51.6556,46.6667,23.2221,47.8955,63.8607,52.2496,EPI_ISL_16240434,Avian,H5N1,2022.348,NorthAmerica,A/duck/Pennsylvania/22-014339-001-original/2022,G8
0,-1,42.1517,18.2353,38.8235,65.2941,42.3529,44.1365,18.4922,44.0967,81.7923,42.6743,47.5234,27.4615,45.5459,76.3563,35.499,44.4134,25.1514,46.5766,59.1523,47.9739,43.1528,20.2643,37.0044,60.3524,40.9692,44.9275,21.0896,43.9367,66.3445,43.058,50.9259,33.1126,62.2517,72.8477,51.6556,46.6667,23.2221,47.8955,63.8607,52.2496,EPI_ISL_16240445,Avian,H5N1,2022.348,NorthAmerica,A/duck/Pennsylvania/22-014339-002-original/2022,G8
0,-1,41.9753,18.2353,37.6471,65.2941,40,44.2075,19.2034,43.3855,82.5036,43.3855,47.992,26.7917,47.5553,75.0167,40.8573,44.3203,25.1514,47.0424,58.6865,46.5766,43.0207,19.8238,37.0044,60.3524,40.9692,45.4985,25.0439,43.9367,71.1775,41.3005,50.9259,33.1126,62.2517,72.8477,51.6556,46.6667,23.2221,47.8955,62.4093,53.701,EPI_ISL_16240456,Avian,H5N1,2022.342,NorthAmerica,A/chicken/Idaho/22-014425-002-original/2022,G3
0,-1,42.1517,18.2353,38.8235,65.2941,41.7647,44.0654,19.2034,42.6743,82.5036,42.6743,47.7912,26.1219,46.2157,73.6772,38.848,44.1341,24.6856,47.0424,58.6865,46.5766,43.1528,20.2643,37.0044,60.3524,40.9692,45.6302,23.7258,45.2548,68.9807,39.9824,50.6614,33.1126,62.2517,72.8477,51.6556,46.5217,23.2221,47.8955,62.4093,53.701,EPI_ISL_16240466,Avian,H5N1,2022.353,NorthAmerica,A/chicken/Washington/22-014449-001-original/2022,G6
0,-1,42.1517,18.2353,38.8235,65.2941,41.7647,44.0654,19.2034,42.6743,82.5036,42.6743,47.7242,26.1219,46.2157,73.6772,38.1782,44.0875,24.6856,47.0424,58.2208,46.5766,43.0207,19.8238,37.0044,60.3524,40.5286,45.6302,23.7258,45.2548,68.9807,39.9824,50.6614,33.1126,62.2517,72.8477,51.6556,46.5217,23.2221,47.8955,62.4093,53.701,EPI_ISL_16240476,Avian,H5N1,2022.353,NorthAmerica,A/chicken/Washington/22-014449-002-original/2022,G6
0,-1,42.1517,18.2353,38.8235,65.2941,41.7647,43.9232,19.2034,42.6743,82.5036,42.6743,47.5904,25.4521,45.5459,73.6772,37.5084,44.1806,25.1514,47.0424,58.2208,47.0424,43.1968,20.2643,37.4449,60.3524,40.9692,45.6302,23.7258,45.2548,68.9807,39.9824,50.7937,33.1126,62.2517,72.8477,51.6556,46.5217,23.2221,47.8955,62.4093,53.701,EPI_ISL_16240486,Avian,H5N1,2022.353,NorthAmerica,A/goose/Washington/22-014450-001-original/2022,G6
0,-1,42.2105,18.8235,38.2353,65.8824,41.1765,44.2786,19.2034,44.0967,82.5036,42.6743,47.925,26.7917,47.5553,75.0167,40.1875,44.2737,25.6171,47.0424,58.2208,46.5766,43.5051,18.5022,42.7313,60.3524,39.6476,45.3228,25.0439,43.4974,70.7381,41.7399,50.9259,33.1126,62.2517,72.8477,51.6556,48.1159,30.479,49.3469,62.4093,44.9927,EPI_ISL_16240497,Avian,H5N1,2022.351,NorthAmerica,A/duck/Utah/22-014481-001-original/2022,G3
0,-1,42.2693,18.8235,38.8235,65.8824,41.1765,44.2786,19.2034,44.0967,82.5036,42.6743,47.925,26.7917,47.5553,75.0167,40.1875,44.2737,25.6171,47.0424,58.2208,46.5766,43.5051,18.5022,42.7313,60.3524,39.6476,45.3228,25.0439,43.4974,70.7381,41.7399,50.9259,33.1126,62.2517,72.8477,51.6556,48.2609,30.479,50.7983,62.4093,44.9927,EPI_ISL_16240508,Avian,H5N1,2022.351,NorthAmerica,A/guinea_fowl/Utah/22-014481-002-original/2022,G3
0,-1,42.1517,18.2353,38.8235,65.2941,41.1765,44.2786,19.2034,44.0967,83.2148,42.6743,48.1928,26.1219,48.2251,75.6865,40.1875,44.4134,25.6171,46.5766,58.6865,47.0424,43.1528,20.2643,37.0044,60.3524,40.9692,45.6302,23.2865,41.7399,70.2988,43.4974,50.5291,31.7881,62.2517,72.8477,49.0066,46.5217,23.2221,47.8955,60.9579,53.701,EPI_ISL_16240519,Avian,H5N1,2022.351,NorthAmerica,A/chicken/Minnesota/22-014503-001-original/2022,G4
0,-1,42.1517,18.2353,38.8235,65.2941,41.1765,44.2786,19.2034,44.0967,82.5036,42.6743,48.1928,26.1219,48.2251,75.6865,40.1875,44.3669,25.6171,46.5766,58.6865,47.0424,43.1968,20.7048,37.0044,60.3524,41.4097,45.6302,23.2865,41.7399,70.2988,43.4974,50.5291,31.7881,62.2517,72.8477,49.0066,46.6667,23.2221,47.8955,63.8607,53.701,EPI_ISL_16240529,Avian,H5N1,2022.351,NorthAmerica,A/chicken/Minnesota/22-014503-002-original/2022,G4
1,-1,42.1517,17.6471,38.8235,65.2941,41.7647,44.3497,19.2034,44.808,83.2148,42.6743,47.7242,26.1219,46.8855,74.347,38.1782,43.3892,21.4252,45.6451,55.8919,43.3163,42.5804,18.0617,40.9692,57.7093,38.7665,45.6741,24.6046,42.1793,68.5413,41.7399,50.7937,33.1126,62.2517,72.8477,51.6556,46.5217,23.2221,47.8955,62.4093,53.701,EPI_ISL_16240634,Canine,H5N1,2022.304,NorthAmerica,A/fox/Michigan/22-014536-001-original/2022,G5
1,-1,42.1517,17.6471,38.8235,65.2941,41.7647,44.3497,19.2034,44.808,83.2148,42.6743,47.7242,26.1219,46.8855,74.347,38.1782,43.3892,21.4252,45.6451,55.8919,43.3163,42.5804,18.0617,40.9692,57.7093,38.7665,45.6741,24.6046,42.1793,68.5413,41.7399,50.7937,33.1126,62.2517,72.8477,51.6556,46.5217,23.2221,47.8955,62.4093,53.701,EPI_ISL_16240635,Canine,H5N1,2022.304,NorthAmerica,A/fox/Michigan/22-014536-002-original/2022,G5
1,-1,42.2693,17.6471,38.8235,65.2941,41.7647,44.1365,19.2034,44.0967,81.0811,42.6743,47.7242,26.1219,46.2157,75.0167,37.5084,43.3426,21.4252,45.1793,56.8235,42.8505,42.5363,18.0617,40.9692,57.2687,38.7665,45.4985,24.6046,42.6186,67.6626,42.1793,50.9259,33.1126,62.2517,72.8477,51.6556,46.8116,24.6734,47.8955,62.4093,53.701,EPI_ISL_16240636,Canine,H5N1,2022.304,NorthAmerica,A/fox/Michigan/22-014536-007-original/2022,G5
1,-1,42.2693,17.6471,38.8235,65.2941,41.7647,44.1365,19.2034,44.0967,81.0811,42.6743,47.7242,26.1219,46.2157,75.0167,37.5084,43.3426,21.4252,45.1793,56.8235,42.8505,42.5363,18.0617,40.9692,57.2687,38.7665,45.4985,24.6046,42.6186,67.6626,42.1793,50.9259,33.1126,62.2517,72.8477,51.6556,46.8116,24.6734,47.8955,62.4093,53.701,EPI_ISL_16240637,Canine,H5N1,2022.304,NorthAmerica,A/fox/Michigan/22-014536-008-original/2022,G5
0,-1,42.1517,17.6471,38.2353,65.2941,41.7647,44.2786,19.2034,44.0967,81.7923,42.6743,48.1928,25.4521,47.5553,77.0261,40.1875,44.46,25.6171,47.0424,58.6865,47.0424,43.2409,20.2643,37.4449,61.2335,40.5286,45.6741,23.2865,42.1793,70.2988,43.058,50.6614,31.7881,62.2517,72.8477,51.6556,46.5217,23.2221,47.8955,62.4093,53.701,EPI_ISL_16240638,Avian,H5N1,2022.353,NorthAmerica,A/chicken/Minnesota/22-014663-001-original/2022,G4
0,-1,42.1517,17.6471,38.2353,65.2941,41.7647,44.2075,19.2034,44.0967,81.7923,42.6743,48.1928,25.4521,47.5553,77.0261,40.1875,44.46,25.6171,47.0424,58.6865,47.0424,43.2409,20.2643,37.4449,61.2335,40.5286,45.6302,22.8471,42.1793,70.2988,43.058,50.7937,33.1126,62.2517,72.8477,51.6556,46.5217,23.2221,47.8955,62.4093,53.701,EPI_ISL_16240639,Avian,H5N1,2022.353,NorthAmerica,A/chicken/Minnesota/22-014663-002-original/2022,G4
0,-1,42.1517,17.6471,38.2353,65.2941,41.7647,44.2786,19.2034,44.0967,81.7923,42.6743,48.1928,25.4521,47.5553,77.0261,40.1875,44.46,25.6171,47.0424,58.6865,47.0424,43.2409,20.2643,37.4449,61.2335,40.5286,45.6741,23.2865,42.1793,70.2988,43.058,50.6614,31.7881,62.2517,72.8477,51.6556,46.5217,23.2221,47.8955,62.4093,53.701,EPI_ISL_16240640,Avian,H5N1,2022.353,NorthAmerica,A/duck/Minnesota/22-014663-003-original/2022,G4
0,-1,42.1517,17.6471,38.2353,65.2941,41.7647,44.2075,19.2034,44.0967,81.7923,42.6743,48.1928,25.4521,47.5553,77.0261,40.1875,44.46,25.6171,47.0424,58.6865,47.0424,43.2409,20.2643,37.4449,61.2335,40.5286,45.6741,23.2865,42.1793,70.2988,43.058,50.7937,33.1126,62.2517,72.8477,51.6556,46.5217,23.2221,47.8955,62.4093,53.701,EPI_ISL_16240641,Avian,H5N1,2022.353,NorthAmerica,A/duck/Minnesota/22-014663-004-original/2022,G4
0,-1,42.0341,18.8235,37.6471,65.8824,40,44.0654,19.2034,43.3855,81.7923,41.963,47.925,26.7917,46.8855,74.347,40.8573,44.3203,25.6171,47.0424,58.6865,46.5766,43.0647,20.2643,37.0044,60.3524,40.9692,45.4985,25.0439,43.9367,71.1775,41.3005,51.0582,33.1126,62.2517,72.8477,51.6556,47.1582,21.5385,47.6923,63.0769,56.9231,EPI_ISL_16240642,Avian,H5N1,2022.353,NorthAmerica,A/turkey/Idaho/22-014701-001-original/2022,G3
0,-1,42.0341,18.8235,37.6471,65.8824,40,44.1365,19.2034,43.3855,82.5036,41.963,47.992,26.7917,47.5553,75.0167,40.8573,44.3669,25.6171,47.0424,58.6865,46.5766,43.0647,20.2643,37.0044,60.3524,40.9692,45.4985,25.0439,43.9367,71.1775,41.3005,50.9259,33.1126,62.2517,72.8477,51.6556,47.1582,21.5385,47.6923,63.0769,56.9231,EPI_ISL_16240643,Avian,H5N1,2022.353,NorthAmerica,A/chicken/Idaho/22-014701-002-original/2022,G3
0,-1,42.1517,18.2353,38.8235,65.2941,41.1765,44.2786,18.4922,44.0967,81.7923,42.6743,48.3266,26.1219,48.2251,77.0261,40.1875,44.3669,25.1514,47.0424,58.6865,47.0424,43.1088,20.2643,37.0044,60.3524,40.9692,45.6741,23.2865,41.7399,70.7381,43.058,50.7937,33.1126,62.2517,72.8477,51.6556,46.5217,23.2221,47.8955,62.4093,53.701,EPI_ISL_16240644,Avian,H5N1,2022.353,NorthAmerica,A/chicken/Minnesota/22-014734-001-original/2022,G4
0,-1,42.1517,18.2353,38.8235,65.2941,41.1765,44.2786,18.4922,44.0967,81.7923,42.6743,48.3266,26.1219,48.2251,77.0261,40.1875,44.3669,25.1514,47.0424,58.6865,47.0424,43.1088,20.2643,37.0044,60.3524,40.9692,45.6741,23.2865,41.7399,70.7381,43.058,50.7937,33.1126,62.2517,72.8477,51.6556,46.3768,23.2221,47.8955,62.4093,53.701,EPI_ISL_16240880,Avian,H5N1,2022.353,NorthAmerica,A/chicken/Minnesota/22-014734-002-original/2022,G4
0,-1,42.0929,18.2353,38.8235,65.2941,41.7647,44.0654,19.2034,43.3855,82.5036,42.6743,47.6573,25.4521,46.2157,73.6772,38.1782,44.3669,25.1514,47.0424,58.2208,46.5766,43.0647,20.2643,37.0044,60.3524,40.5286,45.6741,23.7258,45.2548,68.9807,39.9824,50.7937,33.1126,62.2517,72.8477,51.6556,46.5217,23.2221,47.8955,62.4093,53.701,EPI_ISL_16240881,Avian,H5N1,2022.356,NorthAmerica,A/chicken/Washington/22-014739-001-original/2022,G6
0,-1,42.1517,18.2353,38.8235,65.2941,41.7647,44.1365,19.9147,41.963,82.5036,42.6743,47.6573,25.4521,46.8855,72.3376,38.848,44.4134,25.1514,47.5082,58.2208,46.5766,43.0647,20.2643,37.0044,60.3524,40.5286,45.4545,22.8471,44.8155,69.8594,39.5431,50.7937,33.1126,62.2517,72.8477,51.6556,46.6667,23.2221,47.8955,63.8607,53.701,EPI_ISL_16240882,Avian,H5N1,2022.353,NorthAmerica,A/chicken/Washington/22-014744-001-original/2022,G6
0,-1,42.0929,17.6471,38.8235,65.8824,41.7647,44.2075,19.9147,42.6743,83.2148,42.6743,47.5904,25.4521,45.5459,74.347,38.1782,44.4134,25.1514,47.5082,58.2208,47.0424,43.1088,20.2643,37.0044,60.793,40.5286,45.4985,23.7258,45.2548,69.8594,39.5431,50.6614,33.1126,62.2517,72.8477,51.6556,46.5217,23.2221,47.8955,62.4093,53.701,EPI_ISL_16240883,Avian,H5N1,2022.353,NorthAmerica,A/goose/Washington/22-014744-003-original/2022,G6
0,-1,42.0929,17.6471,38.8235,65.8824,41.7647,44.2075,19.9147,42.6743,83.2148,42.6743,47.5904,25.4521,45.5459,74.347,38.1782,44.4134,25.1514,47.5082,58.2208,47.0424,43.1088,20.2643,37.0044,60.793,40.5286,45.4985,23.7258,45.2548,69.8594,39.5431,50.6614,33.1126,62.2517,72.8477,51.6556,46.5217,23.2221,47.8955,62.4093,53.701,EPI_ISL_16240884,Avian,H5N1,2022.353,NorthAmerica,A/goose/Washington/22-014744-004-original/2022,G6
0,-1,42.2693,17.6471,38.8235,65.2941,42.9412,44.2786,19.2034,44.0967,82.5036,43.3855,48.1928,26.1219,48.2251,76.3563,40.1875,44.3669,25.6171,46.5766,58.6865,47.0424,43.2409,20.7048,37.4449,61.2335,40.5286,45.762,23.2865,42.6186,70.7381,43.058,50.7937,34.4371,63.5762,72.8477,51.6556,46.6667,23.2221,47.8955,63.8607,53.701,EPI_ISL_16240885,Avian,H5N1,2022.356,NorthAmerica,A/chicken/Wisconsin/22-014859-001-original/2022,G4
0,-1,42.2105,18.2353,38.8235,65.8824,41.1765,44.2786,19.2034,44.0967,82.5036,42.6743,48.4605,28.1313,48.2251,76.3563,41.5271,44.3669,25.6171,47.0424,58.6865,46.5766,43.1528,20.2643,37.0044,60.793,40.9692,45.762,23.7258,41.7399,70.2988,43.058,50.6614,31.7881,62.2517,72.8477,51.6556,46.3768,23.2221,47.8955,62.4093,53.701,EPI_ISL_16240886,Avian,H5N1,2022.353,NorthAmerica,A/chicken/Wyoming/22-014916-001-original/2022,G4
0,-1,42.2105,18.2353,38.8235,65.8824,41.1765,44.2786,19.2034,44.0967,82.5036,42.6743,48.5274,28.1313,48.2251,77.0261,41.5271,44.3203,25.6171,47.0424,58.6865,46.5766,43.1528,20.2643,37.0044,60.793,40.9692,45.7181,23.7258,41.7399,70.2988,43.058,50.6614,31.7881,62.2517,72.8477,51.6556,46.5217,23.2221,47.8955,62.4093,53.701,EPI_ISL_16240887,Avian,H5N1,2022.353,NorthAmerica,A/chicken/Wyoming/22-014917-001-original/2022,G4
0,-1,42.1517,18.2353,38.8235,65.2941,41.7647,44.0654,19.2034,42.6743,82.5036,42.6743,47.5234,25.4521,45.5459,73.0074,38.1782,44.3203,25.1514,47.0424,58.2208,46.5766,43.0207,20.2643,36.5639,59.0308,40.9692,45.5424,23.7258,45.2548,68.9807,39.5431,50.6614,33.1126,62.2517,70.1987,51.6556,46.6667,24.6734,50.7983,59.5065,53.701,EPI_ISL_16240888,Avian,H5N1,2022.342,NorthAmerica,A/chicken/Wyoming/22-014918-001-original/2022,G6
0,-1,42.2105,18.2353,38.8235,65.2941,41.7647,44.0654,19.2034,42.6743,82.5036,42.6743,47.5234,25.4521,45.5459,73.0074,38.1782,44.3203,25.1514,47.0424,58.2208,46.5766,43.0207,20.2643,36.5639,59.0308,40.9692,45.5424,23.7258,45.2548,68.9807,39.5431,50.6614,33.1126,62.2517,70.1987,51.6556,46.6667,24.6734,50.7983,59.5065,53.701,EPI_ISL_16240889,Avian,H5N1,2022.342,NorthAmerica,A/chicken/Wyoming/22-014920-001-original/2022,G6
0,-1,42.2105,18.2353,38.8235,66.4706,41.1765,44.2075,18.4922,44.0967,81.0811,42.6743,48.3266,26.1219,48.2251,77.0261,40.1875,44.3669,25.1514,47.0424,58.6865,47.0424,43.1088,20.2643,37.0044,60.3524,40.9692,45.6741,23.2865,41.7399,70.7381,43.058,50.7937,33.1126,62.2517,72.8477,51.6556,46.5217,23.2221,47.8955,62.4093,53.701,EPI_ISL_16240985,Avian,H5N1,2022.353,NorthAmerica,A/guinea_fowl/Minnesota/22-014734-003-original/2022,G4
0,-1,41.8577,18.8235,38.2353,65.2941,40,44.0654,17.0697,44.0967,82.5036,41.963,47.992,26.7917,47.5553,74.347,40.8573,44.2272,24.6856,46.5766,58.6865,46.5766,43.3289,18.0617,42.2907,60.3524,39.6476,45.4545,24.6046,43.9367,70.7381,41.3005,50.5291,31.7881,62.2517,72.8477,50.3311,47.971,29.0276,50.7983,62.4093,43.5414,EPI_ISL_16243202,Avian,H5N1,2022.356,NorthAmerica,A/chicken/Idaho/22-014942-001-original/2022,G3
0,-1,41.9753,18.8235,37.6471,65.2941,40,44.2075,19.2034,43.3855,83.2148,41.963,47.925,26.7917,47.5553,75.0167,40.8573,44.3203,25.6171,47.0424,58.6865,46.5766,43.0647,19.8238,37.0044,60.3524,40.9692,45.5424,25.0439,43.9367,71.6169,41.3005,50.9259,33.1126,62.2517,72.8477,51.6556,46.8116,24.6734,47.8955,62.4093,53.701,EPI_ISL_16243210,Avian,H5N1,2022.356,NorthAmerica,A/goose/Idaho/22-014944-001-original/2022,G3
0,-1,42.0929,18.2353,38.8235,64.7059,41.1765,44.3497,20.6259,45.5192,82.5036,42.6743,47.925,26.1219,47.5553,75.0167,40.1875,44.2272,25.1514,47.0424,58.6865,46.5766,43.461,18.0617,42.2907,62.1145,39.6476,45.4106,25.0439,43.9367,71.1775,40.8612,50.9259,33.1126,62.2517,72.8477,51.6556,48.1159,30.479,50.7983,60.9579,44.9927,EPI_ISL_16243221,Avian,H5N1,2022.356,NorthAmerica,A/turkey/Wisconsin/22-014948-001-original/2022,G3
0,-1,42.2105,18.2353,38.8235,65.8824,42.3529,44.1365,18.4922,44.0967,81.7923,42.6743,47.5234,27.4615,45.5459,76.3563,35.499,44.3669,25.1514,46.5766,58.6865,47.9739,43.1528,20.2643,37.0044,60.3524,40.9692,44.9275,21.0896,43.9367,66.3445,43.058,50.9259,33.1126,62.2517,72.8477,51.6556,46.6667,23.2221,47.8955,63.8607,52.2496,EPI_ISL_16243231,Avian,H5N1,2022.362,NorthAmerica,A/chicken/Pennsylvania/22-015036-001-original/2022,G8
0,-1,42.0929,18.2353,38.2353,65.2941,42.3529,44.1365,18.4922,44.0967,81.7923,42.6743,47.5234,27.4615,45.5459,76.3563,35.499,44.3669,25.1514,46.5766,58.6865,47.9739,43.1528,20.2643,37.0044,60.3524,40.9692,44.9275,21.0896,43.9367,66.3445,43.058,50.9259,33.1126,62.2517,72.8477,51.6556,46.6667,23.2221,47.8955,63.8607,52.2496,EPI_ISL_16243241,Avian,H5N1,2022.362,NorthAmerica,A/chicken/Pennsylvania/22-015036-002-original/2022,G8
1,-1,42.2105,17.6471,39.4118,65.2941,42.3529,44.3497,19.9147,44.808,82.5036,42.6743,47.6573,26.1219,46.8855,74.347,37.5084,44.4134,24.6856,47.0424,60.0838,46.5766,42.5363,18.0617,40.9692,58.1498,38.326,45.5863,25.0439,42.6186,67.6626,42.1793,50.7937,33.1126,62.2517,74.1722,51.6556,46.5217,23.2221,47.8955,62.4093,53.701,EPI_ISL_16243253,Canine,H5N1,2022.285,NorthAmerica,A/fox/New_York/22-015063-001-original/2022,G5
1,-1,42.2105,17.6471,38.8235,65.2941,41.7647,44.4208,19.9147,44.0967,83.2148,43.3855,48.0589,28.1313,46.8855,74.347,38.848,44.4134,25.6171,47.0424,59.6181,47.0424,43.1968,20.2643,37.0044,60.3524,41.4097,45.762,25.0439,42.6186,68.5413,43.058,50.7937,33.1126,62.2517,72.8477,51.6556,46.6667,23.2221,47.8955,62.4093,53.701,EPI_ISL_16243264,Canine,H5N1,2022.318,NorthAmerica,A/fox/New_York/22-015064-001-original/2022,
1,-1,42.2105,17.6471,38.8235,65.2941,41.7647,44.4208,19.9147,44.0967,83.2148,43.3855,48.0589,28.1313,46.8855,74.347,38.848,44.4134,25.6171,47.0424,59.6181,47.0424,43.1968,20.2643,37.0044,60.3524,41.4097,45.7181,25.0439,42.6186,68.5413,42.6186,50.7937,33.1126,62.2517,72.8477,51.6556,46.6667,23.2221,47.8955,62.4093,53.701,EPI_ISL_16243273,Canine,H5N1,2022.318,NorthAmerica,A/fox/New_York/22-015065-001-original/2022,
0,-1,42.1517,18.2353,38.8235,65.2941,41.1765,44.2075,19.9147,43.3855,82.5036,42.6743,48.2597,26.1219,48.2251,77.0261,40.1875,44.46,25.6171,47.5082,59.1523,47.0424,43.2849,20.2643,37.0044,60.793,40.9692,45.6741,23.7258,41.7399,71.1775,42.6186,50.7937,33.1126,62.2517,72.8477,51.6556,46.5217,23.2221,47.8955,62.4093,53.701,EPI_ISL_16243294,Avian,H5N1,2022.362,NorthAmerica,A/chicken/Wisconsin/22-015068-003-original/2022,G4
0,-1,42.1517,18.2353,38.8235,65.2941,41.1765,44.2075,19.9147,43.3855,82.5036,42.6743,48.2597,26.1219,48.2251,77.0261,40.1875,44.5065,25.6171,47.5082,58.6865,47.0424,43.3289,20.2643,37.0044,60.793,41.4097,45.6302,23.7258,41.7399,71.1775,42.6186,50.7937,33.1126,62.2517,72.8477,51.6556,46.5217,23.2221,47.8955,62.4093,53.701,EPI_ISL_16243306,Avian,H5N1,2022.362,NorthAmerica,A/chicken/Wisconsin/22-015068-005-original/2022,G4
0,-1,42.0341,18.8235,37.6471,65.8824,40,44.0654,19.2034,43.3855,82.5036,41.963,47.992,26.7917,47.5553,75.0167,40.8573,44.4134,25.6171,47.0424,58.6865,47.5082,42.9767,19.8238,36.5639,60.3524,40.9692,45.4985,25.0439,43.9367,71.1775,41.3005,50.9259,33.1126,62.2517,72.8477,51.6556,46.3768,21.7707,46.4441,62.4093,53.701,EPI_ISL_16243316,Avian,H5N1,2022.362,NorthAmerica,A/chicken/Idaho/22-015073-001-original/2022,G3
0,-1,42.0929,18.2353,38.8235,65.2941,41.1765,44.1365,18.4922,43.3855,82.5036,42.6743,48.2597,26.1219,48.2251,75.6865,41.5271,44.3669,25.6171,46.5766,58.6865,47.0424,43.1968,20.2643,37.0044,60.793,40.9692,45.5424,22.8471,41.7399,70.7381,43.058,50.7937,34.4371,60.9272,72.8477,51.6556,46.6667,23.2221,49.3469,63.8607,53.701,EPI_ISL_16243326,Avian,H5N1,2022.367,NorthAmerica,A/chicken/North_Dakota/22-015199-001-original/2022,G4
0,-1,42.0341,18.2353,38.8235,65.2941,40.5882,44.1365,18.4922,43.3855,82.5036,42.6743,48.2597,26.1219,48.2251,75.6865,41.5271,44.3669,25.6171,46.5766,58.6865,47.0424,43.1968,20.2643,37.0044,60.793,40.9692,45.5424,22.8471,41.7399,70.7381,43.058,50.7937,34.4371,60.9272,72.8477,51.6556,46.6667,23.2221,49.3469,63.8607,53.701,EPI_ISL_16243588,Avian,H5N1,2022.367,NorthAmerica,A/chicken/North_Dakota/22-015199-002-original/2022,G4
0,-1,42.1517,18.2353,38.8235,65.2941,42.3529,44.0654,18.4922,44.0967,81.7923,41.963,47.3896,27.4615,45.5459,75.6865,34.8292,44.4134,25.1514,46.5766,59.1523,47.9739,43.1968,20.7048,37.0044,60.793,40.9692,44.9715,21.529,43.9367,66.3445,43.058,50.9259,33.1126,62.2517,72.8477,51.6556,46.6667,23.2221,47.8955,63.8607,52.2496,EPI_ISL_16243598,Avian,H5N1,2022.364,NorthAmerica,A/chicken/Pennsylvania/22-015201-001-original/2022,G8
0,-1,42.1517,18.2353,38.8235,65.2941,42.3529,44.1365,18.4922,44.0967,81.7923,42.6743,47.3896,27.4615,45.5459,75.6865,34.8292,44.4134,25.1514,46.5766,59.1523,47.9739,43.2409,20.7048,37.0044,60.793,40.9692,44.9715,21.529,43.9367,66.3445,43.058,50.9259,33.1126,62.2517,72.8477,51.6556,46.6667,23.2221,47.8955,63.8607,52.2496,EPI_ISL_16243610,Avian,H5N1,2022.364,NorthAmerica,A/chicken/Pennsylvania/22-015201-002-original/202,G8
0,-1,42.1517,18.2353,38.8235,65.2941,41.7647,44.0654,19.2034,42.6743,82.5036,42.6743,47.6573,25.4521,46.2157,73.0074,38.1782,44.3203,25.1514,47.0424,58.2208,46.5766,43.1088,20.2643,37.0044,60.3524,40.5286,45.5863,23.2865,45.2548,68.9807,39.5431,50.6614,33.1126,62.2517,72.8477,50.3311,46.5217,23.2221,47.8955,62.4093,55.1524,EPI_ISL_16243619,Avian,H5N1,2022.37,NorthAmerica,A/chicken/Washington/22-015210-001-original/2022,G6
0,-1,42.0929,18.2353,38.8235,64.7059,41.7647,44.0654,19.2034,42.6743,82.5036,42.6743,47.5234,25.4521,46.2157,73.0074,38.1782,44.3669,25.6171,47.0424,58.6865,46.5766,43.1088,20.2643,37.0044,60.3524,40.5286,45.5424,23.7258,45.2548,68.9807,39.5431,50.7937,33.1126,62.2517,72.8477,51.6556,46.2319,23.2221,47.8955,62.4093,50.7983,EPI_ISL_16243630,Avian,H5N1,2022.37,NorthAmerica,A/chicken/Oregon/22-015228-001-original/2022,G6
0,-1,42.1517,18.2353,38.8235,64.7059,41.1765,44.1365,19.2034,43.3855,82.5036,43.3855,48.1258,26.7917,47.5553,75.0167,41.5271,44.4134,25.6171,47.0424,59.6181,46.5766,43.417,18.0617,41.8502,59.9119,40.9692,45.3228,25.0439,43.9367,70.2988,41.3005,50.9259,33.1126,62.2517,72.8477,51.6556,48.2609,30.479,50.7983,62.4093,44.9927,EPI_ISL_16243641,Avian,H5N1,2022.364,NorthAmerica,A/chicken/Illinois/22-015233-005-original/2022,G3
0,-1,42.1517,18.2353,38.8235,64.7059,41.1765,44.1365,19.2034,43.3855,82.5036,43.3855,48.0589,26.7917,47.5553,75.0167,40.8573,44.3669,25.6171,47.0424,59.1523,46.5766,43.417,18.5022,41.8502,59.9119,40.5286,45.3228,25.0439,43.9367,70.2988,41.3005,50.9259,33.1126,62.2517,72.8477,51.6556,48.2609,30.479,50.7983,62.4093,44.9927,EPI_ISL_16243651,Avian,H5N1,2022.364,NorthAmerica,A/chicken/Illinois/22-015233-006-original/2022,G3
0,-1,42.2105,18.2353,38.8235,65.2941,41.1765,44.0654,18.4922,44.0967,82.5036,41.963,47.992,26.7917,46.8855,75.0167,41.5271,44.4134,26.0829,47.9739,58.6865,46.5766,43.461,18.0617,43.1718,60.3524,39.6476,45.3228,24.6046,43.4974,69.8594,41.3005,51.0582,33.1126,62.2517,72.8477,51.6556,48.1159,30.479,50.7983,60.9579,44.9927,EPI_ISL_16243660,Avian,H5N1,2022.362,NorthAmerica,A/chicken/Utah/22-015245-001-original/2022,G3
0,-1,42.2105,18.2353,38.8235,65.2941,41.1765,44.0654,18.4922,44.0967,82.5036,41.963,47.992,26.7917,46.8855,75.0167,41.5271,44.4134,26.0829,47.9739,58.6865,46.5766,43.461,18.0617,43.1718,60.3524,39.6476,45.3228,24.6046,43.4974,69.8594,41.3005,51.0582,33.1126,62.2517,72.8477,51.6556,48.1159,30.479,50.7983,60.9579,44.9927,EPI_ISL_16243667,Avian,H5N1,2022.362,NorthAmerica,A/goose/Utah/22-015245-002-original/2022,G3
0,-1,42.1517,17.6471,38.8235,65.2941,41.7647,44.1365,19.2034,44.0967,82.5036,42.6743,47.7242,26.1219,46.8855,75.0167,37.5084,44.4134,25.6171,47.0424,59.6181,46.5766,42.5363,17.6211,40.9692,58.1498,38.326,45.4985,24.6046,42.1793,67.2232,41.3005,50.9259,33.1126,62.2517,74.1722,51.6556,46.5217,23.2221,47.8955,62.4093,53.701,EPI_ISL_16243872,Avian,H5N1,2022.37,NorthAmerica,A/duck/New_Jersey/22-015259-001-original/2022,G5
0,-1,42.1517,17.6471,38.8235,65.2941,41.7647,44.2075,19.2034,44.0967,82.5036,42.6743,47.7242,26.1219,46.8855,75.0167,37.5084,44.4134,25.6171,47.0424,59.6181,46.5766,42.5363,17.6211,40.9692,58.1498,38.326,45.4985,24.6046,42.1793,67.2232,41.3005,50.9259,33.1126,62.2517,74.1722,51.6556,46.5217,23.2221,47.8955,62.4093,53.701,EPI_ISL_16243883,Avian,H5N1,2022.37,NorthAmerica,A/duck/New_Jersey/22-015259-002-original/2022,G5
0,-1,41.9165,18.2353,37.6471,65.2941,40,44.1365,19.2034,43.3855,82.5036,41.963,47.992,26.7917,47.5553,75.0167,40.8573,44.3203,25.6171,47.0424,58.6865,46.5766,43.0647,19.8238,37.0044,60.3524,40.9692,45.5424,25.0439,43.9367,71.6169,41.3005,50.9259,33.1126,62.2517,72.8477,51.6556,46.6667,23.2221,47.8955,62.4093,53.701,EPI_ISL_16243894,Avian,H5N1,2022.37,NorthAmerica,A/chicken/Idaho/22-015271-002-original/2022,G3
0,-1,41.9165,18.8235,38.2353,65.2941,40,43.9943,17.7809,44.0967,81.7923,41.963,47.992,26.7917,47.5553,75.0167,40.8573,44.1806,24.6856,46.5766,57.755,46.5766,43.2849,18.0617,42.2907,59.9119,39.6476,45.4545,24.6046,43.9367,70.7381,41.3005,50.5291,31.7881,62.2517,72.8477,50.3311,48.1159,29.0276,50.7983,62.4093,44.9927,EPI_ISL_16243915,Avian,H5N1,2022.37,NorthAmerica,A/duck/Idaho/22-015275-001-original/2022,G3
0,-1,41.9165,18.8235,38.2353,65.2941,40,43.9943,17.7809,44.0967,81.7923,41.963,47.992,26.7917,47.5553,75.0167,40.8573,44.1806,24.6856,46.5766,57.755,46.5766,43.2849,18.0617,42.2907,59.9119,39.6476,45.4545,24.6046,43.9367,70.7381,41.3005,50.5291,31.7881,62.2517,72.8477,50.3311,48.2609,29.0276,50.7983,62.4093,44.9927,EPI_ISL_16243926,Avian,H5N1,2022.37,NorthAmerica,A/duck/Idaho/22-015275-002-original/2022,G3
0,-1,42.1517,18.2353,38.8235,65.2941,42.3529,44.1365,18.4922,44.0967,81.7923,42.6743,47.3896,27.4615,45.5459,75.6865,34.8292,44.4134,25.1514,46.5766,59.1523,47.9739,43.2409,20.7048,37.0044,60.793,40.9692,44.8836,21.0896,43.9367,66.3445,43.058,50.9259,33.1126,62.2517,72.8477,51.6556,46.6667,23.2221,47.8955,63.8607,52.2496,EPI_ISL_16243948,Avian,H5N1,2022.37,NorthAmerica,A/Pekin_duck/Pennsylvania/22-015337-001-original/2022,G8
0,-1,42.1517,18.2353,38.8235,65.2941,42.3529,44.1365,18.4922,44.0967,81.7923,42.6743,47.3896,27.4615,45.5459,75.6865,34.8292,44.4134,25.1514,46.5766,59.1523,47.9739,43.2409,20.7048,37.0044,60.793,40.9692,44.9275,21.0896,43.9367,66.3445,43.058,50.9259,33.1126,62.2517,72.8477,51.6556,46.6667,23.2221,47.8955,63.8607,52.2496,EPI_ISL_16243958,Avian,H5N1,2022.37,NorthAmerica,A/Pekin_duck/Pennsylvania/22-015337-003-original/2022,G8
1,-1,42.1517,17.6471,38.8235,64.1176,42.3529,44.0654,19.2034,44.808,80.3698,41.963,47.6573,25.4521,46.2157,75.0167,37.5084,43.2961,20.9595,45.1793,55.8919,42.8505,42.4483,17.6211,40.5286,57.2687,37.8855,45.5863,25.0439,42.1793,67.6626,42.1793,50.6614,33.1126,62.2517,72.8477,50.3311,46.5217,23.2221,46.4441,62.4093,52.2496,EPI_ISL_16243970,Canine,H5N1,2022.356,NorthAmerica,A/fox/Iowa/22-015357-002-original/2022,G5
0,-1,42.2693,18.2353,38.8235,65.8824,41.7647,44.2075,19.2034,44.0967,82.5036,42.6743,47.992,26.1219,47.5553,75.6865,40.8573,44.3203,25.6171,47.0424,59.6181,46.5766,43.461,18.9427,43.1718,60.3524,39.6476,45.3228,24.1652,43.9367,70.2988,40.4218,51.0582,34.4371,62.2517,72.8477,51.6556,48.1159,30.479,50.7983,62.4093,44.9927,EPI_ISL_16243981,Avian,H5N1,2022.362,NorthAmerica,A/chicken/Minnesota/22-015398-001-original/2022,G3
0,-1,42.2105,18.2353,38.8235,65.2941,41.7647,44.2075,19.2034,44.0967,82.5036,42.6743,47.992,26.1219,47.5553,75.6865,40.8573,44.3203,25.6171,47.0424,59.6181,46.5766,43.461,18.9427,43.1718,60.3524,39.6476,45.3228,24.1652,43.9367,70.2988,40.4218,51.0582,34.4371,62.2517,72.8477,51.6556,48.1159,30.479,50.7983,62.4093,44.9927,EPI_ISL_16243992,Avian,H5N1,2022.362,NorthAmerica,A/chicken/Minnesota/22-015398-002-original/2022,G3
0,-1,41.9753,18.2353,38.8235,64.7059,41.1765,44.2786,19.2034,44.808,82.5036,42.6743,47.992,26.7917,47.5553,75.0167,40.8573,44.3669,25.6171,46.5766,60.0838,46.5766,43.2409,17.6211,42.2907,60.3524,39.207,45.3228,24.6046,43.9367,69.8594,40.8612,50.9259,33.1126,62.2517,72.8477,51.6556,48.1159,30.479,50.7983,62.4093,44.9927,EPI_ISL_16244002,Avian,H5N1,2022.373,NorthAmerica,A/turkey/Minnesota/22-015400-001-original/2022,G3
0,-1,41.9753,18.2353,38.8235,64.7059,41.1765,44.2786,19.2034,44.808,82.5036,42.6743,47.992,26.7917,47.5553,75.0167,40.8573,44.3669,25.6171,46.5766,60.0838,46.5766,43.2409,17.6211,42.2907,60.3524,39.207,45.3228,24.6046,43.9367,69.8594,40.8612,50.9259,33.1126,62.2517,72.8477,51.6556,48.1159,30.479,50.7983,62.4093,44.9927,EPI_ISL_16244003,Avian,H5N1,2022.373,NorthAmerica,A/turkey/Minnesota/22-015400-002-original/2022,G3
0,-1,42.0341,18.2353,39.4118,64.7059,38.8235,44.2075,19.2034,44.0967,83.2148,43.3855,48.1928,26.1219,47.5553,76.3563,40.1875,44.5996,25.6171,47.5082,59.6181,47.0424,43.1528,20.2643,36.1233,60.793,41.4097,45.762,23.2865,41.7399,71.1775,43.4974,50.6614,33.1126,62.2517,71.5232,51.6556,46.5217,23.2221,47.8955,62.4093,53.701,EPI_ISL_16244004,Avian,H5N1,2022.37,NorthAmerica,A/chicken/Idaho/22-015407-001-original/2022,G4
0,-1,41.9165,18.8235,38.2353,65.2941,40,44.1365,17.7809,44.0967,82.5036,41.963,47.925,26.7917,47.5553,74.347,40.8573,44.2272,24.6856,46.5766,58.6865,46.5766,43.373,18.0617,42.2907,60.793,39.6476,45.4985,24.6046,43.9367,71.1775,41.3005,50.5291,31.7881,62.2517,72.8477,50.3311,48.2609,29.0276,50.7983,62.4093,46.4441,EPI_ISL_16244005,Avian,H5N1,2022.373,NorthAmerica,A/chicken/Idaho/22-015408-001-original/2022,G3
0,-1,41.9753,18.8235,38.2353,65.2941,40,43.9943,17.7809,44.0967,81.7923,41.963,47.992,26.7917,47.5553,75.0167,40.8573,44.2272,24.6856,46.5766,58.6865,46.5766,43.3289,18.0617,42.7313,60.3524,39.207,45.4106,24.6046,43.9367,70.7381,41.3005,50.5291,31.7881,62.2517,72.8477,50.3311,48.1159,29.0276,50.7983,62.4093,44.9927,EPI_ISL_16244006,Avian,H5N1,2022.37,NorthAmerica,A/chicken/Idaho/22-015409-001-original/2022,G3
0,-1,41.8577,17.6471,37.6471,65.2941,40,44.1365,19.2034,43.3855,82.5036,41.963,47.992,26.7917,47.5553,75.0167,40.8573,44.3669,25.6171,47.0424,59.1523,46.5766,43.0207,19.8238,36.5639,60.3524,40.5286,45.5424,25.0439,43.9367,71.6169,41.3005,50.9259,33.1126,62.2517,72.8477,51.6556,46.5217,23.2221,47.8955,62.4093,53.701,EPI_ISL_16244007,Avian,H5N1,2022.37,NorthAmerica,A/chicken/Idaho/22-015410-001-original/2022,G3
0,-1,41.9165,18.2353,37.6471,65.2941,40,44.1365,19.2034,43.3855,82.5036,41.963,48.0589,26.7917,47.5553,75.0167,40.8573,44.3203,25.6171,47.0424,58.6865,46.5766,43.0647,19.8238,37.0044,60.3524,40.9692,45.5424,25.0439,43.9367,71.6169,41.3005,50.9259,33.1126,62.2517,72.8477,51.6556,46.6667,23.2221,47.8955,62.4093,53.701,EPI_ISL_16244008,Avian,H5N1,2022.37,NorthAmerica,A/duck/Idaho/22-015410-002-original/2022,G3
0,-1,42.1517,18.2353,38.8235,65.2941,42.3529,44.1365,18.4922,44.0967,81.7923,42.6743,47.3896,27.4615,45.5459,75.6865,34.8292,44.4134,25.1514,46.5766,59.1523,47.9739,43.2409,20.7048,37.0044,60.793,40.9692,44.9275,21.0896,43.9367,66.3445,43.058,50.9259,33.1126,62.2517,72.8477,51.6556,46.6667,23.2221,47.8955,63.8607,52.2496,EPI_ISL_16244009,Avian,H5N1,2022.37,NorthAmerica,A/Pekin_duck/Pennsylvania/22-015427-002-original/2022,G8
0,-1,42.0929,17.6471,38.8235,65.2941,41.1765,44.2786,19.2034,44.808,81.7923,42.6743,47.7912,26.1219,46.2157,75.6865,37.5084,43.4358,22.3568,46.1109,56.3577,42.8505,42.7125,18.5022,40.9692,57.2687,39.207,45.6741,25.0439,42.1793,68.1019,42.1793,50.7937,33.1126,60.9272,72.8477,51.6556,46.6667,24.6734,47.8955,59.5065,53.701,EPI_ISL_16244010,Avian,H5N1,2022.359,NorthAmerica,A/chicken/Indiana/22-015386-002-original/2022,G5
0,-1,41.9753,17.6471,38.8235,65.2941,41.1765,44.4208,21.3371,43.3855,82.5036,43.3855,48.2597,26.1219,48.2251,76.3563,40.1875,44.3203,25.1514,47.0424,58.6865,47.0424,43.1528,19.8238,37.0044,61.674,40.9692,45.6741,23.2865,41.7399,70.2988,43.058,50.7937,33.1126,62.2517,72.8477,51.6556,46.087,23.2221,46.4441,59.5065,53.701,EPI_ISL_16244011,Avian,H5N1,2022.362,NorthAmerica,A/duck/Colorado/22-015599-001-original/2022,G4
0,-1,41.9753,18.8235,38.2353,65.8824,40,44.0654,17.7809,44.0967,82.5036,41.963,47.925,26.7917,47.5553,74.347,40.8573,44.2737,24.6856,46.5766,58.6865,46.5766,43.3289,18.0617,42.2907,60.3524,39.6476,45.4106,24.6046,43.9367,70.7381,41.3005,50.5291,31.7881,62.2517,72.8477,50.3311,47.8261,29.0276,50.7983,60.9579,44.9927,EPI_ISL_16244012,Avian,H5N1,2022.373,NorthAmerica,A/chicken/Idaho/22-015654-001-original/2022,G3
0,-1,42.1517,18.2353,39.4118,65.2941,38.8235,44.2075,19.2034,43.3855,83.926,43.3855,48.3266,26.1219,48.2251,76.3563,40.1875,44.46,25.1514,46.5766,58.6865,47.5082,43.1968,20.2643,36.5639,60.793,41.4097,45.5424,22.8471,41.7399,69.8594,42.6186,50.7937,33.1126,62.2517,72.8477,51.6556,46.6667,23.2221,47.8955,62.4093,55.1524,EPI_ISL_16244013,Avian,H5N1,2022.373,NorthAmerica,A/chicken/Idaho/22-015655-001-original/2022,G4
0,-1,41.8577,18.8235,38.2353,65.2941,40,43.9943,17.0697,43.3855,82.5036,41.963,47.992,26.7917,47.5553,74.347,40.8573,44.2272,24.6856,46.5766,58.6865,46.5766,43.2849,17.6211,41.8502,60.3524,39.6476,45.3667,24.1652,43.9367,70.7381,40.8612,50.3968,31.7881,62.2517,72.8477,49.0066,47.971,29.0276,50.7983,62.4093,44.9927,EPI_ISL_16244014,Avian,H5N1,2022.373,NorthAmerica,A/chicken/Idaho/22-015656-001-original/2022,G3
0,-1,42.0929,18.2353,38.8235,65.2941,38.8235,44.2075,19.2034,44.0967,83.926,43.3855,48.3266,26.1219,48.8948,76.3563,40.1875,44.3669,25.6171,47.0424,58.2208,47.5082,43.2409,20.2643,36.1233,61.2335,40.9692,45.5863,22.8471,41.7399,70.7381,42.6186,50.7937,33.1126,62.2517,72.8477,51.6556,46.5217,23.2221,47.8955,62.4093,53.701,EPI_ISL_16244015,Avian,H5N1,2022.373,NorthAmerica,A/chicken/Idaho/22-015657-001-original/2022,G4
0,-1,42.0929,18.2353,38.8235,65.2941,38.8235,44.2075,19.2034,44.0967,83.926,43.3855,48.3266,26.1219,48.8948,76.3563,40.1875,44.3669,25.6171,47.0424,58.2208,47.5082,43.1968,20.2643,36.1233,61.2335,40.9692,45.5863,22.8471,41.7399,70.7381,42.6186,50.7937,33.1126,62.2517,72.8477,51.6556,46.5217,23.2221,47.8955,62.4093,53.701,EPI_ISL_16244016,Avian,H5N1,2022.373,NorthAmerica,A/chicken/Idaho/22-015657-002-original/2022,G4
0,-1,41.9753,18.2353,38.8235,65.2941,40,44.1365,18.4922,43.3855,82.5036,42.6743,48.2597,26.1219,48.2251,76.3563,40.1875,44.46,25.6171,47.0424,59.1523,47.0424,43.1528,20.2643,37.0044,60.793,40.9692,45.5424,23.2865,41.3005,70.2988,43.058,50.7937,33.1126,62.2517,72.8477,51.6556,46.5217,23.2221,47.8955,62.4093,53.701,EPI_ISL_16244017,Avian,H5N1,2022.375,NorthAmerica,A/chicken/South_Dakota/22-015737-001-original/2022,G4
0,-1,41.9165,18.8235,38.2353,65.2941,40,44.0654,17.7809,43.3855,82.5036,41.963,47.7912,26.7917,47.5553,74.347,40.1875,44.1806,24.6856,46.5766,58.6865,46.5766,43.417,18.0617,42.2907,60.793,39.6476,45.4985,24.6046,43.9367,70.7381,41.7399,50.5291,31.7881,62.2517,72.8477,50.3311,47.8261,29.0276,49.3469,59.5065,44.9927,EPI_ISL_16244018,Avian,H5N1,2022.378,NorthAmerica,A/chicken/Idaho/22-015744-001-original/2022,G3
0,-1,42.1517,18.2353,38.8235,65.2941,41.1765,44.2075,19.2034,44.808,82.5036,42.6743,47.7912,26.1219,47.5553,73.6772,40.1875,44.2737,25.6171,47.0424,58.6865,46.5766,43.461,18.0617,42.2907,61.2335,39.6476,45.4985,25.4833,44.3761,70.7381,40.8612,50.9259,33.1126,62.2517,72.8477,51.6556,48.2609,30.479,52.2496,62.4093,44.9927,EPI_ISL_16244019,Avian,H5N1,2022.375,NorthAmerica,A/chicken/Minnesota/22-015759-001-original/2022,G3
0,-1,42.0929,18.2353,38.8235,64.7059,41.1765,44.2075,19.2034,44.808,82.5036,42.6743,47.7912,26.1219,47.5553,73.6772,40.1875,44.2737,25.6171,47.0424,58.6865,46.5766,43.461,18.0617,42.2907,61.2335,39.6476,45.4985,25.4833,44.3761,70.7381,40.8612,50.9259,33.1126,62.2517,72.8477,51.6556,48.2609,30.479,52.2496,62.4093,44.9927,EPI_ISL_16244020,Avian,H5N1,2022.375,NorthAmerica,A/chicken/Minnesota/22-015759-002-original/2022,G3
0,-1,42.1517,18.2353,38.8235,65.2941,41.1765,44.2075,19.2034,44.808,82.5036,42.6743,47.7912,26.1219,47.5553,73.6772,40.1875,44.2737,25.6171,47.0424,58.6865,46.5766,43.5051,18.5022,42.7313,61.2335,39.6476,45.4985,25.4833,44.3761,70.7381,40.8612,50.9259,33.1126,62.2517,72.8477,51.6556,48.2609,30.479,52.2496,62.4093,44.9927,EPI_ISL_16244021,Avian,H5N1,2022.375,NorthAmerica,A/turkey/Minnesota/22-015759-003-original/2022,G3
0,-1,42.1517,17.0588,38.8235,65.8824,42.9412,44.0654,18.4922,44.0967,81.7923,42.6743,48.3266,26.7917,48.2251,77.0261,40.8573,44.1806,25.1514,46.5766,58.2208,46.1109,43.3289,20.2643,37.0044,61.2335,41.4097,45.762,23.7258,41.7399,72.4956,42.6186,50.7937,33.1126,62.2517,72.8477,51.6556,46.2319,23.2221,47.8955,62.4093,52.2496,EPI_ISL_16244022,Avian,H5N1,2022.373,NorthAmerica,A/chicken/Wyoming/22-015810-001-original/2022,G4
0,-1,42.1517,17.0588,38.8235,65.8824,42.9412,44.1365,18.4922,44.0967,83.2148,42.6743,48.4605,26.7917,48.2251,77.6959,40.8573,44.1806,25.1514,46.5766,58.2208,46.1109,43.2849,20.2643,37.0044,60.793,41.4097,45.762,23.7258,41.7399,72.4956,42.6186,50.7937,33.1126,62.2517,72.8477,51.6556,46.3768,23.2221,47.8955,62.4093,53.701,EPI_ISL_16244023,Avian,H5N1,2022.373,NorthAmerica,A/chicken/Wyoming/22-015810-002-original/2022,G4
0,-1,42.328,19.4118,38.8235,65.8824,41.1765,44.0654,19.2034,44.808,81.7923,41.963,47.7242,26.1219,47.5553,74.347,40.1875,44.1341,25.1514,46.5766,58.2208,46.1109,43.373,18.0617,41.8502,61.2335,39.6476,45.3228,25.0439,43.4974,70.7381,40.8612,50.9259,33.1126,62.2517,72.8477,51.6556,47.6812,30.479,50.7983,60.9579,43.5414,EPI_ISL_16244024,Avian,H5N1,2022.378,NorthAmerica,A/turkey/Minnesota/22-015885-001-original/2022,G3
0,-1,42.328,19.4118,38.8235,65.8824,41.1765,44.0654,19.2034,44.808,81.7923,41.963,47.7242,26.1219,47.5553,74.347,40.1875,44.1341,25.1514,46.5766,58.2208,46.1109,43.373,18.0617,41.8502,61.2335,39.6476,45.3228,25.0439,43.4974,70.7381,40.8612,50.9259,33.1126,62.2517,72.8477,51.6556,47.6812,30.479,50.7983,60.9579,43.5414,EPI_ISL_16244025,Avian,H5N1,2022.378,NorthAmerica,A/turkey/Minnesota/22-015885-002-original/2022,G3
0,-1,42.328,18.2353,38.8235,65.2941,42.9412,44.2075,19.9147,43.3855,82.5036,42.6743,48.3266,26.1219,47.5553,75.6865,40.8573,44.3669,25.6171,47.0424,58.6865,46.5766,43.1088,19.8238,36.5639,60.793,40.0881,45.6741,23.2865,42.1793,70.7381,43.058,50.7937,33.1126,62.2517,72.8477,51.6556,46.3768,21.7707,47.8955,62.4093,53.701,EPI_ISL_16244026,Avian,H5N1,2022.378,NorthAmerica,A/chicken/Wisconsin/22-015940-001-original/2022,G4
0,-1,42.1517,18.2353,38.8235,65.2941,42.3529,44.1365,18.4922,44.0967,81.7923,42.6743,47.3896,27.4615,45.5459,75.6865,34.8292,44.46,25.6171,46.5766,59.1523,47.9739,43.1968,20.7048,37.0044,60.793,40.5286,44.9275,21.0896,43.9367,66.3445,43.058,50.9259,33.1126,62.2517,72.8477,51.6556,46.6667,23.2221,47.8955,63.8607,52.2496,EPI_ISL_16244028,Avian,H5N1,2022.381,NorthAmerica,A/Pekin_duck/Pennsylvania/22-015943-001-original/2022,G8
0,-1,42.2105,18.8235,38.8235,65.8824,41.7647,43.9943,18.4922,42.6743,82.5036,42.6743,47.5904,24.7823,46.2157,73.6772,38.1782,44.4134,25.1514,47.5082,58.6865,46.5766,43.1528,20.7048,37.0044,60.3524,40.5286,45.7181,23.7258,45.6942,69.42,39.9824,50.6614,33.1126,62.2517,71.5232,51.6556,46.3768,23.2221,47.8955,62.4093,53.701,EPI_ISL_16244029,Avian,H5N1,2022.386,NorthAmerica,A/duck/Washington/22-016021-001-original/2022,G6
0,-1,42.2105,18.8235,38.8235,65.8824,41.7647,43.9943,18.4922,42.6743,82.5036,42.6743,47.5904,24.7823,46.2157,73.6772,38.1782,44.4134,25.1514,47.5082,58.6865,46.5766,43.1528,20.7048,37.0044,60.3524,40.5286,45.7181,23.7258,45.6942,69.42,39.9824,50.6614,33.1126,62.2517,71.5232,51.6556,46.3768,23.2221,47.8955,62.4093,53.701,EPI_ISL_16244030,Avian,H5N1,2022.386,NorthAmerica,A/duck/Washington/22-016021-002-original/2022,G6
1,-1,42.2693,19.4118,38.8235,65.2941,41.1765,44.0654,18.4922,44.0967,81.7923,41.2518,47.6573,27.4615,46.8855,75.0167,36.1688,44.46,25.6171,47.0424,58.2208,47.0424,43.373,20.2643,37.8855,61.2335,41.4097,44.9275,20.6503,43.4974,65.9051,43.058,50.7937,33.1126,62.2517,72.8477,51.6556,46.8116,23.2221,47.8955,62.4093,53.701,EPI_ISL_16244526,Canine,H5N1,2022.392,NorthAmerica,A/Red_fox/PEI/FAV-0592-01/2022,G7
1,-1,42.1517,17.6471,38.2353,65.2941,41.1765,44.1365,19.2034,44.0967,81.0811,42.6743,47.5904,26.1219,46.2157,75.0167,37.5084,43.4823,21.891,45.6451,56.8235,42.8505,42.5363,18.0617,40.9692,57.2687,38.7665,45.6302,24.6046,42.6186,67.6626,42.1793,50.9259,33.1126,62.2517,72.8477,51.6556,46.8116,26.1248,49.3469,62.4093,52.2496,EPI_ISL_16248229,Canine,H5N1,2022.285,NorthAmerica,A/Red_fox/ON/FAV-0301-05/2022,G5
0,-1,41.6814,17.6471,38.8235,65.2941,41.7647,42.0753,10.6686,41.963,68.99,36.9844,47.3226,26.7917,43.5365,71.6678,36.8386,44.6462,23.2883,45.1793,61.9469,50.3027,44.3417,21.5859,43.1718,61.674,44.0529,44.9473,24.6262,43.9754,67.7221,37.8188,50.7937,30.4636,67.5497,76.8212,46.3576,46.5217,23.2221,47.8955,62.4093,53.701,EPI_ISL_16253342,Avian,H5N2,2022.893,Europe,A/Eurasian_Wigeon/Netherlands/6/2022,
0,-1,41.9753,17.0588,38.2353,65.8824,41.1765,44.1365,19.9147,44.0967,81.0811,41.963,48.4605,26.1219,48.2251,77.0261,41.5271,44.1341,24.6856,46.5766,58.2208,46.5766,43.0647,20.2643,37.0044,61.674,40.5286,45.4985,23.2865,40.8612,69.42,43.058,50.6614,34.4371,60.9272,74.1722,51.6556,47.5362,30.479,46.4441,65.312,44.9927,EPI_ISL_16271814,Avian,H5N1,2022.915,NorthAmerica,A/goose/Alabama/22-038970-002-original/2022,G4
0,-1,41.9753,17.0588,38.2353,65.8824,41.1765,44.1365,19.9147,44.0967,81.0811,41.963,48.4605,26.1219,48.2251,77.0261,41.5271,44.1806,24.6856,46.5766,58.6865,46.5766,43.0647,20.2643,37.0044,61.674,40.5286,45.5424,23.2865,40.8612,69.42,43.058,50.6614,34.4371,60.9272,74.1722,51.6556,47.5362,30.479,46.4441,65.312,44.9927,EPI_ISL_16271815,Avian,H5N1,2022.915,NorthAmerica,A/chicken/Alabama/22-038970-003-original/2022,G4
0,-1,41.9753,17.0588,38.2353,65.8824,41.1765,44.1365,19.9147,44.0967,81.0811,41.963,48.4605,26.1219,48.2251,77.0261,41.5271,44.1341,24.6856,46.5766,58.2208,46.5766,43.0647,20.2643,37.0044,61.674,40.5286,45.5145,23.3172,40.9151,69.5117,43.1148,50.6614,34.4371,60.9272,74.1722,51.6556,47.5362,30.479,46.4441,65.312,44.9927,EPI_ISL_16271816,Avian,H5N1,2022.915,NorthAmerica,A/duck/Alabama/22-038970-004-original/2022,G4
0,-1,41.7402,18.2353,37.6471,64.7059,40,44.1365,17.7809,44.0967,83.2148,42.6743,47.7242,26.7917,47.5553,74.347,39.5177,44.2272,25.1514,47.0424,58.6865,45.6451,43.3289,18.0617,41.8502,60.793,39.6476,45.6302,24.1652,43.4974,71.1775,43.058,51.1905,33.1126,63.5762,72.8477,51.6556,47.6812,26.1248,46.4441,63.8607,44.9927,EPI_ISL_16271817,Avian,H5N1,2022.882,NorthAmerica,A/chicken/Missouri/22-037522-001-original/2022,G3
0,-1,41.8577,18.2353,38.2353,65.2941,40.5882,44.0654,17.0697,43.3855,83.2148,41.963,47.6573,26.7917,47.5553,74.347,39.5177,44.2272,25.1514,46.1109,58.2208,46.1109,43.2409,18.5022,41.4097,59.4714,40.0881,45.6302,24.1652,43.4974,71.1775,43.058,51.0582,33.1126,63.5762,72.8477,51.6556,47.971,27.5762,49.3469,62.4093,44.9927,EPI_ISL_16271818,Avian,H5N1,2022.882,NorthAmerica,A/turkey/South_Dakota/22-037527-001-original/2022,G3
0,-1,41.9753,17.0588,37.6471,65.2941,41.7647,44.1365,20.6259,43.3855,82.5036,42.6743,48.3266,25.4521,47.5553,77.0261,42.1969,44.2272,25.1514,46.5766,58.2208,46.5766,43.1088,20.7048,37.8855,60.3524,40.5286,45.5863,23.2865,41.7399,71.1775,43.058,50.6614,33.1126,60.9272,72.8477,51.6556,47.3913,30.479,47.8955,60.9579,44.9927,EPI_ISL_16271819,Avian,H5N1,2022.877,NorthAmerica,A/turkey/South_Dakota/22-037357-001-original/2022,G4
0,-1,41.9753,17.0588,38.2353,65.2941,40.5882,44.2075,19.2034,44.808,81.0811,40.5405,47.7912,25.4521,46.2157,77.6959,37.5084,43.1564,21.891,44.7136,58.2208,41.4532,43.461,20.7048,41.8502,59.0308,42.2907,45.9816,24.6046,42.6186,72.0562,43.058,50.7937,33.1126,60.9272,72.8477,50.3311,46.5217,24.6734,46.4441,59.5065,53.701,EPI_ISL_16271820,Avian,H5N1,2022.874,NorthAmerica,A/domestic_goose/Kentucky/22-037359-001-original/2022,G5
0,-1,42.1517,17.0588,38.8235,65.8824,40.5882,44.0654,19.9147,42.6743,81.7923,41.963,48.5944,27.4615,48.2251,79.0355,40.8573,44.3669,24.6856,47.0424,59.1523,46.5766,43.1528,21.5859,36.5639,61.2335,40.5286,45.5424,23.2865,41.3005,69.8594,43.058,51.1905,35.7616,60.9272,74.1722,51.6556,47.5362,31.9303,46.4441,62.4093,46.4441,EPI_ISL_16271821,Avian,H5N1,2022.874,NorthAmerica,A/domestic_goose/Maine/22-037360-001-original/2022,G4
0,-1,42.2105,17.0588,38.8235,65.8824,40.5882,44.0654,19.9147,42.6743,81.7923,41.963,48.5944,27.4615,48.2251,79.0355,40.8573,44.3669,24.6856,47.0424,59.1523,46.5766,43.1528,21.5859,36.5639,61.2335,40.5286,45.5424,23.2865,41.3005,69.8594,43.058,51.1905,35.7616,60.9272,74.1722,51.6556,47.3913,30.479,46.4441,62.4093,44.9927,EPI_ISL_16271822,Avian,H5N1,2022.874,NorthAmerica,A/chicken/Maine/22-037360-002-original/2022,G4
0,-1,41.6226,18.2353,38.2353,62.9412,40.5882,44.0654,17.7809,44.0967,83.2148,42.6743,47.8581,26.7917,47.5553,74.347,40.8573,44.1341,25.1514,47.5082,58.6865,46.1109,43.417,18.0617,42.2907,59.9119,40.0881,45.6741,24.1652,43.9367,71.6169,43.4974,50.9259,33.1126,62.2517,72.8477,51.6556,48.1159,27.5762,49.3469,65.312,47.8955,EPI_ISL_16271823,Avian,H5N1,2022.899,NorthAmerica,A/chicken/Nebraska/22-038152-001-original/2022,G3
0,-1,41.6226,18.2353,38.2353,62.9412,40.5882,44.0654,17.7809,44.0967,83.2148,42.6743,47.925,27.4615,47.5553,74.347,40.8573,44.1341,25.1514,47.5082,58.6865,46.1109,43.373,18.0617,41.8502,59.9119,40.0881,45.6741,24.1652,43.9367,71.6169,43.4974,50.9259,33.1126,62.2517,72.8477,51.6556,48.1159,27.5762,49.3469,65.312,47.8955,EPI_ISL_16271824,Avian,H5N1,2022.896,NorthAmerica,A/chicken/Nebraska/22-038149-001-original/2022,G3
0,-1,42.328,18.2353,38.8235,66.4706,42.3529,43.9232,18.4922,43.3855,81.7923,42.6743,48.1258,25.4521,46.8855,76.3563,40.1875,44.2737,24.6856,47.0424,58.6865,46.5766,43.1528,20.2643,37.0044,61.674,41.8502,45.5424,23.7258,41.3005,70.2988,43.058,50.7937,34.4371,62.2517,72.8477,51.6556,46.5217,23.2221,47.8955,62.4093,53.701,EPI_ISL_16271825,Avian,H5N1,2022.833,NorthAmerica,A/chicken/Iowa/22-035154-002-original/2022,G4
0,-1,41.7402,18.2353,37.6471,64.7059,40,44.1365,17.7809,44.0967,83.2148,42.6743,47.7242,26.7917,47.5553,74.347,39.5177,44.2272,25.1514,47.0424,58.6865,45.6451,43.417,18.5022,41.8502,60.793,39.6476,45.6302,24.6046,43.058,71.1775,43.058,51.1905,33.1126,63.5762,72.8477,51.6556,47.6812,26.1248,46.4441,63.8607,44.9927,EPI_ISL_16271826,Avian,H5N1,2022.896,NorthAmerica,A/turkey/Missouri/22-038012-001-original/2022,G3
0,-1,42.2105,17.6471,38.8235,65.2941,44.1176,43.9943,18.4922,44.0967,81.0811,41.963,48.2597,26.7917,48.8948,76.3563,40.8573,44.2272,25.1514,47.0424,58.6865,46.1109,43.2409,19.3833,37.4449,60.793,41.4097,45.5424,22.4077,41.7399,69.8594,42.6186,50.7937,33.1126,63.5762,72.8477,52.9801,47.8261,30.479,50.7983,62.4093,44.9927,EPI_ISL_16271827,Avian,H5N1,2022.868,NorthAmerica,A/rhea/Arizona/22-037270-002-original/2022,G4
0,-1,41.8577,17.6471,37.6471,65.2941,41.1765,44.0654,19.2034,43.3855,83.2148,41.963,47.992,27.4615,47.5553,76.3563,38.1782,44.3203,25.1514,46.5766,60.0838,46.1109,42.6684,17.1806,40.5286,58.1498,38.7665,45.762,25.0439,42.6186,67.6626,42.1793,51.1905,34.4371,63.5762,75.4967,51.6556,46.2319,21.7707,47.8955,60.9579,53.701,EPI_ISL_16271828,Avian,H5N1,2022.89,NorthAmerica,A/domestic_duck/North_Carolina/22-037942-001-original/2022,G5
0,-1,41.8577,18.8235,38.2353,64.7059,39.4118,43.9943,18.4922,43.3855,82.5036,41.963,47.8581,26.7917,46.8855,76.3563,40.8573,44.1806,25.1514,46.1109,58.6865,46.5766,43.1088,17.1806,42.2907,60.3524,39.6476,45.5424,24.6046,43.9367,71.1775,41.7399,50.9259,33.1126,62.2517,75.4967,52.9801,47.6812,27.5762,49.3469,59.5065,44.9927,EPI_ISL_16271829,Avian,H5N1,2022.893,NorthAmerica,A/chicken/Alaska/22-037940-001-original/2022,G3
0,-1,41.7989,18.8235,38.2353,66.4706,38.8235,44.0654,17.7809,44.808,81.7923,41.963,47.7912,26.7917,47.5553,74.347,41.5271,44.5065,26.0829,47.0424,60.0838,46.5766,43.417,18.5022,41.4097,62.1145,40.0881,45.6302,24.1652,44.3761,70.7381,42.1793,50.7937,33.1126,62.2517,71.5232,51.6556,47.8261,27.5762,47.8955,62.4093,44.9927,EPI_ISL_16271830,Avian,H5N1,2022.888,NorthAmerica,A/chicken/South_Dakota/22-037931-001-original/2022,G3
0,-1,41.7989,18.2353,38.2353,64.7059,40,44.0654,17.0697,44.0967,83.2148,41.963,47.925,27.4615,48.8948,75.0167,40.8573,44.1806,25.1514,46.5766,59.1523,47.0424,43.1528,18.0617,41.8502,59.9119,39.207,45.5863,24.1652,43.9367,72.0562,42.6186,50.6614,33.1126,62.2517,72.8477,51.6556,48.1159,29.0276,49.3469,62.4093,46.4441,EPI_ISL_16271831,Avian,H5N1,2022.89,NorthAmerica,A/turkey/South_Dakota/22-037933-001-original/2022,G3
0,-1,41.9753,17.0588,38.2353,65.2941,40.5882,44.2786,19.2034,44.808,81.0811,41.2518,47.7912,25.4521,46.2157,77.6959,37.5084,43.1099,21.891,44.7136,58.2208,41.4532,43.417,20.2643,41.4097,59.0308,42.2907,45.9816,24.6046,42.6186,72.0562,43.058,50.7937,33.1126,60.9272,72.8477,50.3311,46.3768,24.6734,46.4441,58.0552,53.701,EPI_ISL_16271832,Avian,H5N1,2022.874,NorthAmerica,A/domestic_goose/Kentucky/22-037359-002-original/2022,G5
0,-1,42.0341,17.0588,38.2353,65.2941,41.7647,44.2786,21.3371,43.3855,83.2148,43.3855,48.3936,25.4521,48.2251,78.3657,41.5271,44.0875,24.6856,45.6451,58.2208,46.5766,43.0207,20.2643,36.5639,60.793,41.4097,45.4545,23.2865,40.4218,69.42,43.058,50.7937,34.4371,60.9272,74.1722,51.6556,47.3913,30.479,47.8955,60.9579,44.9927,EPI_ISL_16271833,Avian,H5N1,2022.893,NorthAmerica,A/turkey/South_Dakota/22-037934-001-original/2022,G4
0,-1,41.7989,18.8235,38.2353,63.5294,40,44.0654,17.7809,43.3855,82.5036,42.6743,47.7912,26.7917,47.5553,74.347,40.8573,44.2272,24.6856,47.0424,58.6865,47.0424,43.2849,18.9427,41.4097,60.793,39.6476,45.5424,24.6046,45.2548,70.7381,41.3005,50.3968,33.1126,62.2517,71.5232,51.6556,47.8261,29.0276,47.8955,60.9579,44.9927,EPI_ISL_16271834,Avian,H5N1,2022.89,NorthAmerica,A/turkey/South_Dakota/22-037930-001-original/2022,G3
1,-1,42.0341,19.4118,38.2353,65.2941,39.4118,43.9943,17.7809,44.0967,81.7923,41.963,47.8581,26.7917,48.2251,73.6772,41.5271,44.1341,24.2198,46.5766,58.6865,46.5766,43.373,17.1806,41.8502,60.3524,39.207,45.3667,24.6046,44.3761,70.2988,40.8612,50.9259,33.1126,62.2517,74.1722,51.6556,48.2609,29.0276,50.7983,63.8607,44.9927,EPI_ISL_16271835,OtherMammal,H5N1,2022.841,NorthAmerica,A/striped_skunk/Idaho/22-037165-002-original/2022,G3
0,-1,42.0341,17.6471,38.8235,65.2941,41.7647,44.2075,19.2034,44.0967,81.0811,41.2518,48.0589,26.7917,46.2157,76.3563,37.5084,43.1564,22.8225,45.6451,58.6865,40.5217,43.373,20.7048,41.8502,59.0308,42.2907,46.1572,24.6046,43.058,73.3743,43.058,50.6614,33.1126,60.9272,72.8477,50.3311,46.2319,24.6734,46.4441,58.0552,53.701,EPI_ISL_16271836,Avian,H5N1,2022.89,NorthAmerica,A/chicken/Tennessee/22-037736-001-original/2022,G5
0,-1,41.9753,17.0588,38.8235,65.2941,40.5882,44.3497,19.2034,45.5192,81.0811,41.2518,47.925,26.1219,46.2157,77.0261,37.5084,43.1564,23.7541,46.5766,56.3577,40.5217,43.417,20.7048,41.4097,59.4714,42.7313,45.8937,24.6046,43.058,71.1775,43.058,50.6614,34.4371,60.9272,74.1722,50.3311,46.6667,24.6734,46.4441,60.9579,53.701,EPI_ISL_16271837,Avian,H5N1,2022.888,NorthAmerica,A/chicken/Florida/22-037745-001-original/2022,G5
0,-1,42.0929,17.6471,39.4118,65.2941,41.1765,44.1365,19.2034,44.0967,81.0811,41.2518,47.8581,26.1219,46.2157,76.3563,37.5084,43.1564,23.2883,45.1793,57.2892,40.5217,43.461,20.7048,41.8502,59.0308,42.7313,45.8937,24.6046,42.6186,72.0562,43.058,50.6614,33.1126,60.9272,72.8477,50.3311,46.5217,24.6734,46.4441,59.5065,53.701,EPI_ISL_16271838,Avian,H5N1,2022.885,NorthAmerica,A/turkey/Minnesota/22-037734-001-original/2022,G5
0,-1,42.3868,18.2353,38.8235,67.6471,42.3529,44.0654,18.4922,44.0967,81.0811,42.6743,48.0589,25.4521,46.8855,76.3563,40.1875,44.0875,24.6856,47.0424,58.6865,46.1109,43.2849,18.5022,41.8502,59.4714,40.0881,45.5424,22.8471,41.3005,70.7381,43.058,50.9259,34.4371,63.5762,72.8477,51.6556,46.3768,23.2221,47.8955,60.9579,53.701,EPI_ISL_16271839,Avian,H5N1,2022.882,NorthAmerica,A/chicken/South_Dakota/22-037701-001-original/2022,
0,-1,41.9165,18.8235,38.2353,64.7059,40,44.2786,17.7809,44.0967,83.926,41.963,47.992,28.8011,47.5553,75.0167,41.5271,44.5996,26.5487,47.5082,59.1523,46.5766,43.3289,18.5022,42.2907,60.3524,39.6476,45.3228,24.1652,44.3761,71.1775,40.4218,50.6614,33.1126,62.2517,72.8477,51.6556,47.971,27.5762,49.3469,62.4093,44.9927,EPI_ISL_16271840,Avian,H5N1,2022.888,NorthAmerica,A/chicken/Oregon/22-037712-001-original/2022,G3
0,-1,41.7402,17.6471,38.2353,64.7059,40,44.1365,17.7809,44.0967,83.2148,42.6743,47.7242,26.1219,47.5553,74.347,40.1875,44.2272,25.1514,46.5766,58.6865,46.5766,43.3289,18.9427,41.8502,59.4714,39.207,45.4545,23.7258,43.9367,71.1775,42.6186,51.0582,33.1126,62.2517,72.8477,51.6556,47.971,27.5762,49.3469,62.4093,44.9927,EPI_ISL_16271841,Avian,H5N1,2022.888,NorthAmerica,A/turkey/South_Dakota/22-037700-001-original/2022,G3
0,-1,42.1517,18.2353,39.4118,64.1176,41.1765,44.2075,19.2034,44.0967,81.0811,40.5405,47.925,26.7917,46.8855,76.3563,37.5084,43.203,22.8225,45.6451,57.755,40.5217,43.5491,21.1454,41.8502,60.3524,42.2907,45.9376,24.1652,42.6186,72.4956,43.4974,50.6614,33.1126,60.9272,72.8477,50.3311,46.2319,24.6734,46.4441,59.5065,52.2496,EPI_ISL_16271842,Avian,H5N1,2022.838,NorthAmerica,A/chicken/Ohio/22-035584-001-original/2022,G5
0,-1,41.9165,17.6471,38.8235,64.7059,41.7647,44.2075,19.2034,44.808,81.0811,41.2518,47.8581,26.1219,46.2157,76.3563,38.1782,43.2495,22.8225,45.6451,57.2892,40.9874,43.417,20.7048,41.8502,59.0308,42.2907,45.9376,25.0439,42.6186,72.0562,43.058,50.7937,33.1126,60.9272,72.8477,50.3311,46.5217,24.6734,46.4441,59.5065,53.701,EPI_ISL_16271843,Avian,H5N1,2022.838,NorthAmerica,A/Chinese_ringneck_pheasant/Wisconsin/22-035394-001-original/2022,G5
0,-1,41.9165,17.6471,38.8235,64.7059,41.7647,44.2075,19.2034,44.808,81.0811,41.2518,47.8581,26.1219,46.2157,76.3563,38.1782,43.2495,22.8225,45.6451,57.2892,40.9874,43.417,20.7048,41.8502,59.0308,42.2907,45.9376,25.0439,42.6186,72.0562,43.058,50.7937,33.1126,60.9272,72.8477,50.3311,46.5217,24.6734,46.4441,59.5065,53.701,EPI_ISL_16271844,Avian,H5N1,2022.838,NorthAmerica,A/Chinese_ringneck_pheasant/Wisconsin/22-035394-002-original/2022,G5
0,-1,42.2693,17.0588,38.8235,66.4706,40.5882,44.4208,19.9147,43.3855,82.5036,43.3855,48.5274,26.1219,48.2251,78.3657,41.5271,44.1806,24.2198,46.5766,58.2208,46.5766,43.0647,20.2643,36.5639,61.674,40.9692,45.4106,22.8471,41.3005,69.42,43.058,50.6614,34.4371,60.9272,72.8477,51.6556,47.6812,30.479,47.8955,62.4093,44.9927,EPI_ISL_16271845,Avian,H5N1,2022.838,NorthAmerica,A/chicken/New_York/22-035475-001-original/2022,G4
0,-1,42.2693,17.0588,38.8235,66.4706,40.5882,44.4208,19.9147,43.3855,82.5036,43.3855,48.5274,26.1219,48.2251,78.3657,41.5271,44.1806,24.2198,46.5766,58.2208,46.5766,43.0647,20.2643,36.5639,61.674,40.9692,45.4106,22.8471,41.3005,69.42,43.058,50.6614,34.4371,60.9272,72.8477,51.6556,47.6812,30.479,47.8955,62.4093,44.9927,EPI_ISL_16271846,Avian,H5N1,2022.838,NorthAmerica,A/chicken/New_York/22-035476-001-original/2022,G4
0,-1,41.9753,15.8824,38.2353,66.4706,42.3529,43.9943,19.2034,44.0967,81.0811,42.6743,47.7242,26.1219,45.5459,76.3563,37.5084,43.2495,21.4252,44.7136,55.4262,42.8505,42.6244,17.6211,40.9692,57.7093,38.7665,45.4545,25.4833,42.6186,67.6626,41.7399,50.5291,33.1126,62.2517,72.8477,50.3311,46.5217,24.6734,47.8955,62.4093,53.701,EPI_ISL_16271847,Avian,H5N1,2022.841,NorthAmerica,A/chicken/Wyoming/22-035578-001-original/2022,G5
0,-1,42.1517,17.0588,38.8235,65.8824,41.1765,44.2075,19.2034,44.808,81.0811,40.5405,47.5234,25.4521,45.5459,76.3563,36.8386,43.203,21.891,45.6451,57.2892,40.9874,43.461,21.1454,41.4097,59.4714,42.7313,45.8937,24.6046,42.6186,72.0562,43.4974,50.7937,34.4371,60.9272,72.8477,50.3311,46.6667,24.6734,46.4441,62.4093,53.701,EPI_ISL_16271849,Avian,H5N1,2022.874,NorthAmerica,A/chicken/North_Carolina/22-037124-002-original/2022,G5
0,-1,41.9753,17.0588,38.8235,65.2941,40.5882,44.3497,19.2034,45.5192,81.0811,41.2518,47.8581,26.1219,46.2157,76.3563,37.5084,43.1564,23.7541,46.5766,56.3577,40.5217,43.417,21.1454,41.4097,59.9119,42.7313,45.9376,24.6046,43.4974,71.6169,43.058,50.5291,34.4371,60.9272,74.1722,50.3311,46.6667,24.6734,46.4441,60.9579,53.701,EPI_ISL_16271850,Avian,H5N1,2022.874,NorthAmerica,A/chicken/Florida/22-036965-001-original/2022,G5
0,-1,42.2105,16.4706,38.8235,66.4706,41.7647,44.2075,19.9147,42.6743,81.7923,44.0967,48.3936,26.1219,48.2251,77.0261,41.5271,44.2737,25.1514,47.0424,58.6865,46.5766,43.1088,20.2643,37.4449,61.2335,40.9692,45.6741,23.2865,41.7399,70.2988,43.058,50.7937,34.4371,60.9272,74.1722,51.6556,47.3913,29.0276,47.8955,62.4093,44.9927,EPI_ISL_16271851,Avian,H5N1,2022.868,NorthAmerica,A/chicken/Florida/22-036767-001-original/2022,G4
0,-1,42.2693,17.6471,38.8235,66.4706,42.3529,44.1365,19.9147,43.3855,81.7923,42.6743,48.4605,26.1219,48.2251,77.6959,42.1969,44.1341,23.7541,45.1793,58.6865,46.5766,43.1088,20.2643,37.4449,60.793,40.5286,45.4545,22.8471,41.3005,69.8594,42.6186,50.7937,34.4371,60.9272,74.1722,51.6556,47.6812,30.479,47.8955,63.8607,44.9927,EPI_ISL_16271852,Avian,H5N1,2022.871,NorthAmerica,A/turkey/Florida/22-036768-001-original/2022,G4
0,-1,41.9165,17.0588,39.4118,64.7059,41.7647,44.1365,18.4922,44.808,81.0811,41.2518,47.7912,26.1219,46.2157,75.6865,38.1782,43.2495,22.8225,45.6451,57.2892,40.9874,43.461,20.7048,41.8502,59.4714,42.2907,45.9376,25.0439,42.6186,72.0562,43.058,50.7937,33.1126,60.9272,72.8477,50.3311,46.5217,24.6734,46.4441,59.5065,53.701,EPI_ISL_16271853,Avian,H5N1,2022.852,NorthAmerica,A/pheasant/Michigan/22-036108-001-original/2022,G5
0,-1,42.1517,17.0588,38.2353,65.8824,41.7647,43.9232,19.2034,41.963,81.7923,41.963,48.3266,25.4521,48.2251,76.3563,41.5271,43.9944,24.2198,46.5766,58.6865,44.7136,43.1088,20.2643,37.4449,60.793,41.4097,45.4106,23.2865,40.8612,69.8594,43.058,50.7937,34.4371,60.9272,74.1722,51.6556,47.5362,30.479,47.8955,62.4093,44.9927,EPI_ISL_16271854,Avian,H5N1,2022.852,NorthAmerica,A/chicken/North_Dakota/22-036126-001-original/2022,G4
0,-1,41.7402,18.2353,38.8235,63.5294,40,44.0654,17.0697,43.3855,83.2148,41.2518,47.8581,26.7917,47.5553,74.347,40.8573,44.3669,25.6171,46.5766,58.6865,47.0424,43.373,18.5022,41.8502,59.9119,40.0881,45.5863,24.1652,43.9367,70.2988,43.058,50.9259,33.1126,60.9272,72.8477,51.6556,47.8261,27.5762,47.8955,62.4093,44.9927,EPI_ISL_16271855,Avian,H5N1,2022.855,NorthAmerica,A/domestic_goose/Tennessee/22-036130-001-original/2022,G3
0,-1,42.0341,17.6471,37.6471,65.2941,41.1765,44.1365,19.2034,44.808,80.3698,40.5405,47.7912,25.4521,46.2157,76.3563,37.5084,43.1564,23.2883,45.6451,57.755,40.9874,43.373,20.7048,41.8502,58.5903,42.2907,45.9816,24.6046,43.058,72.0562,43.058,50.6614,33.1126,60.9272,72.8477,50.3311,46.3768,24.6734,46.4441,59.5065,53.701,EPI_ISL_16271857,Avian,H5N1,2022.849,NorthAmerica,A/chicken/New_York/22-036304-007-original/2022,G5
0,-1,42.0929,17.6471,38.8235,64.1176,41.1765,43.8522,18.4922,44.0967,82.5036,41.963,47.7242,26.1219,46.2157,74.347,37.5084,44.46,25.6171,46.5766,59.1523,47.5082,42.6244,18.0617,41.4097,57.7093,39.207,45.4545,25.0439,42.6186,69.42,39.9824,51.1905,34.4371,64.9007,74.1722,51.6556,46.5217,23.2221,47.8955,62.4093,53.701,EPI_ISL_16271858,Avian,H5N1,2022.86,NorthAmerica,A/chicken/Tennessee/22-036544-002-original/2022,G5
0,-1,41.9753,17.6471,38.2353,65.2941,40.5882,44.2075,19.2034,44.0967,82.5036,42.6743,47.6573,26.1219,47.5553,73.0074,39.5177,44.3203,26.0829,47.0424,59.6181,46.5766,43.373,18.0617,41.8502,62.5551,39.207,45.3667,25.4833,44.3761,69.8594,40.8612,50.9259,33.1126,62.2517,72.8477,51.6556,47.971,30.479,52.2496,60.9579,44.9927,EPI_ISL_16271859,Avian,H5N1,2022.866,NorthAmerica,A/turkey/Minnesota/22-036547-001-original/2022,G3
0,-1,42.0929,17.6471,39.4118,65.2941,41.1765,44.3497,20.6259,43.3855,83.926,42.6743,47.8581,26.1219,47.5553,75.6865,36.8386,44.46,25.6171,46.5766,60.5496,47.0424,42.4042,17.1806,40.5286,57.7093,38.7665,45.6741,25.4833,42.6186,67.2232,42.6186,50.9259,33.1126,62.2517,72.8477,51.6556,46.5217,23.2221,47.8955,62.4093,52.2496,EPI_ISL_16271860,Avian,H5N1,2022.852,NorthAmerica,A/chicken/Florida/22-036555-001-original/2022,G5
0,-1,41.9165,18.8235,37.6471,65.2941,39.4118,43.9943,17.7809,44.0967,81.7923,40.5405,47.5904,26.1219,46.8855,73.0074,40.8573,44.3669,25.6171,47.0424,59.1523,47.0424,43.1528,16.7401,41.8502,59.4714,39.6476,45.4545,25.0439,44.3761,71.1775,40.8612,50.9259,33.1126,62.2517,76.8212,51.6556,48.1159,29.0276,50.7983,62.4093,44.9927,EPI_ISL_16271861,Avian,H5N1,2022.868,NorthAmerica,A/Pekin_duck/California/22-036722-001-original/2022,G3
0,-1,41.9753,15.8824,38.2353,66.4706,42.3529,43.9943,19.2034,44.0967,81.0811,42.6743,47.7242,26.1219,45.5459,76.3563,37.5084,43.203,21.4252,44.2478,55.4262,42.8505,42.6244,17.6211,40.9692,57.7093,38.7665,45.4545,25.4833,42.6186,67.6626,41.7399,50.5291,33.1126,62.2517,72.8477,50.3311,46.5217,24.6734,47.8955,62.4093,53.701,EPI_ISL_16271862,Avian,H5N1,2022.841,NorthAmerica,A/chicken/Wyoming/22-035579-001-original/2022,G5
0,-1,41.9753,15.8824,38.2353,66.4706,42.3529,44.0654,19.2034,44.0967,81.7923,42.6743,47.7242,26.1219,45.5459,76.3563,37.5084,43.2495,21.4252,44.7136,55.4262,42.8505,42.6244,17.6211,40.9692,57.7093,38.7665,45.4545,25.4833,42.6186,67.6626,41.7399,50.5291,33.1126,62.2517,72.8477,50.3311,46.5217,24.6734,47.8955,62.4093,53.701,EPI_ISL_16271863,Avian,H5N1,2022.841,NorthAmerica,A/chicken/Wyoming/22-035580-001-original/2022,G5
0,-1,41.9753,15.8824,38.2353,66.4706,42.3529,43.9943,19.2034,44.0967,81.0811,42.6743,47.7242,26.1219,45.5459,76.3563,37.5084,43.2495,21.4252,44.7136,55.4262,42.8505,42.6244,17.6211,40.9692,57.7093,38.7665,45.4545,25.4833,42.6186,67.6626,41.7399,50.5291,33.1126,62.2517,72.8477,50.3311,46.5217,24.6734,47.8955,62.4093,53.701,EPI_ISL_16271864,Avian,H5N1,2022.841,NorthAmerica,A/chicken/Wyoming/22-035581-001-original/2022,G5
0,-1,41.9753,17.0588,38.2353,65.2941,40.5882,44.2075,19.2034,44.808,81.0811,40.5405,47.7912,25.4521,46.2157,77.6959,37.5084,43.1564,21.891,44.7136,58.2208,41.4532,43.417,20.2643,41.4097,59.0308,42.2907,45.9816,24.6046,42.6186,72.0562,43.058,50.7937,33.1126,60.9272,72.8477,50.3311,46.5217,24.6734,46.4441,59.5065,53.701,EPI_ISL_16271865,Avian,H5N1,2022.874,NorthAmerica,A/domestic_goose/Kentucky/22-037028-001-original/2022,G5
0,-1,41.9165,18.2353,38.8235,65.8824,40,43.8522,18.4922,41.963,82.5036,41.963,47.5234,24.7823,46.2157,73.0074,39.5177,44.1806,24.6856,45.6451,59.6181,46.1109,43.0207,20.2643,37.0044,59.9119,40.5286,45.6741,23.7258,45.2548,69.42,39.9824,50.6614,33.1126,62.2517,72.8477,51.6556,46.6667,23.2221,47.8955,65.312,53.701,EPI_ISL_16297060,Avian,H5N1,2022.74,NorthAmerica,A/chicken/Oregon/22-030743-001-original/2022,G6
0,-1,42.0929,17.6471,38.8235,65.2941,41.1765,44.2075,19.2034,44.808,80.3698,41.2518,47.925,26.1219,46.2157,76.3563,37.5084,43.1564,22.8225,45.6451,57.2892,40.5217,43.417,20.7048,41.8502,59.0308,42.2907,45.9816,24.6046,42.1793,72.935,43.058,50.6614,33.1126,60.9272,72.8477,50.3311,46.2319,23.2221,44.9927,62.4093,50.7983,EPI_ISL_16297061,Avian,H5N1,2022.737,NorthAmerica,A/chicken/North_Dakota/22-030784-001-original/2022,G5
0,-1,41.7402,18.2353,37.6471,64.7059,40,44.1365,17.0697,44.0967,83.2148,42.6743,47.6573,26.1219,47.5553,73.6772,40.8573,44.2737,25.1514,46.5766,59.6181,46.5766,43.461,18.9427,42.2907,60.793,40.0881,45.4545,24.1652,43.9367,70.2988,42.6186,51.1905,33.1126,62.2517,74.1722,51.6556,47.971,29.0276,50.7983,62.4093,44.9927,EPI_ISL_16297062,Avian,H5N1,2022.819,NorthAmerica,A/pheasant/South_Dakota/22-034797-001-original/2022,G3
0,-1,41.9753,18.8235,38.2353,65.2941,40,44.4208,17.7809,44.0967,81.7923,42.6743,48.1928,26.1219,48.2251,77.6959,40.8573,44.1806,25.1514,46.5766,58.2208,46.1109,43.3289,18.5022,41.8502,59.9119,39.207,45.6741,24.1652,41.7399,69.42,42.6186,50.9259,33.1126,62.2517,72.8477,51.6556,47.971,27.5762,49.3469,62.4093,44.9927,EPI_ISL_16297063,Avian,H5N1,2022.819,NorthAmerica,A/chicken/Montana/22-034813-003-original/2022,
0,-1,42.1517,17.6471,38.8235,64.1176,41.7647,43.9232,18.4922,42.6743,81.0811,42.6743,47.4565,25.4521,46.2157,72.3376,37.5084,44.2272,24.6856,46.5766,58.2208,46.1109,42.9767,19.8238,36.1233,60.3524,40.0881,45.8498,23.7258,46.1336,69.42,39.9824,50.7937,33.1126,62.2517,72.8477,51.6556,46.3768,23.2221,47.8955,62.4093,53.701,EPI_ISL_16297064,Avian,H5N1,2022.822,NorthAmerica,A/chicken/Oregon/22-034833-001-original/2022,G6
0,-1,42.2693,17.0588,38.8235,65.2941,41.1765,44.2786,19.2034,44.808,81.7923,40.5405,48.0589,26.7917,46.2157,77.0261,37.5084,43.2495,22.8225,46.1109,57.755,40.9874,43.417,20.2643,41.4097,59.9119,42.7313,45.8498,24.6046,42.6186,71.6169,43.058,50.5291,33.1126,60.9272,72.8477,50.3311,46.3768,24.6734,46.4441,58.0552,55.1524,EPI_ISL_16297065,Avian,H5N1,2022.827,NorthAmerica,A/turkey/Minnesota/22-034849-001-original/2022,G5
1,-1,42.1517,17.6471,38.8235,65.2941,41.1765,44.2786,19.2034,45.5192,81.7923,40.5405,47.8581,26.1219,46.2157,76.3563,37.5084,43.0633,22.8225,45.1793,57.2892,40.5217,43.373,20.2643,41.4097,59.4714,41.8502,45.8937,25.4833,42.6186,72.4956,43.058,50.6614,33.1126,60.9272,72.8477,50.3311,46.5217,24.6734,46.4441,59.5065,53.701,EPI_ISL_16297066,OtherMammal,H5N1,2022.803,NorthAmerica,A/skunk/Minnesota/22-034925-001-original/2022,G5
0,-1,42.0929,18.8235,38.2353,65.8824,40,44.2075,17.7809,44.0967,82.5036,41.963,47.925,26.7917,47.5553,74.347,40.1875,44.1806,25.6171,47.0424,58.6865,46.5766,43.1968,18.0617,41.8502,59.9119,38.7665,45.5863,23.7258,44.3761,71.1775,42.1793,50.9259,33.1126,62.2517,72.8477,51.6556,48.1159,27.5762,49.3469,62.4093,47.8955,EPI_ISL_16297067,Avian,H5N1,2022.789,NorthAmerica,A/Muscovy_duck/California/22-034335-001-original/2022,G3
0,-1,42.0341,17.6471,38.2353,65.2941,41.1765,44.3497,19.2034,44.808,81.0811,41.2518,47.8581,26.1219,45.5459,76.3563,37.5084,43.1564,22.8225,45.6451,57.2892,40.5217,43.417,20.7048,41.8502,59.0308,42.7313,45.8498,25.0439,42.1793,72.4956,42.1793,50.6614,33.1126,60.9272,72.8477,50.3311,46.3768,24.6734,46.4441,59.5065,53.701,EPI_ISL_16297068,Avian,H5N1,2022.83,NorthAmerica,A/chicken/Pennsylvania/22-034995-001-original/2022,G5
0,-1,42.0341,17.6471,38.2353,64.1176,41.1765,44.2786,17.7809,45.5192,81.0811,41.2518,47.8581,26.1219,46.2157,76.3563,38.1782,43.1564,22.3568,45.6451,57.2892,40.9874,43.2849,19.8238,40.9692,59.0308,41.8502,45.9816,25.0439,43.4974,72.0562,43.058,50.6614,33.1126,60.9272,72.8477,50.3311,46.5217,24.6734,46.4441,62.4093,52.2496,EPI_ISL_16297069,Avian,H5N1,2022.833,NorthAmerica,A/chicken/New_Jersey/22-035003-009-original/2022,G5
0,-1,42.2105,18.2353,38.8235,64.7059,40.5882,44.2786,18.4922,45.5192,81.7923,42.6743,47.992,26.7917,47.5553,75.0167,42.1969,44.4134,26.0829,47.5082,58.6865,45.6451,43.461,18.0617,43.6123,60.3524,39.6476,45.2789,24.6046,43.9367,69.8594,40.8612,50.9259,31.7881,62.2517,74.1722,51.6556,47.8261,29.0276,50.7983,60.9579,44.9927,EPI_ISL_16297070,Avian,H5N1,2022.833,NorthAmerica,A/chicken/Arizona/22-035006-002-original/2022,G3
0,-1,41.7989,17.6471,38.2353,65.2941,40,44.0654,17.0697,43.3855,83.2148,42.6743,47.7912,26.7917,46.8855,74.347,40.1875,44.2737,25.1514,47.0424,59.1523,46.5766,43.373,18.5022,42.2907,60.3524,39.6476,45.4985,23.7258,43.4974,71.1775,42.6186,51.0582,33.1126,62.2517,72.8477,51.6556,47.8261,27.5762,47.8955,62.4093,43.5414,EPI_ISL_16297071,Avian,H5N1,2022.833,NorthAmerica,A/chicken/North_Dakota/22-035070-001-original/2022,G3
0,-1,41.7989,17.6471,38.2353,65.2941,40,44.0654,17.0697,43.3855,83.2148,42.6743,47.7912,26.7917,46.8855,74.347,40.1875,44.2737,25.1514,47.0424,59.1523,46.5766,43.373,18.5022,42.2907,60.3524,39.6476,45.4985,23.7258,43.4974,71.1775,42.6186,51.0582,33.1126,62.2517,72.8477,51.6556,47.8261,27.5762,47.8955,62.4093,43.5414,EPI_ISL_16297072,Avian,H5N1,2022.833,NorthAmerica,A/turkey/North_Dakota/22-035070-002-original/2022,G3
0,-1,42.2105,20,38.8235,65.8824,41.7647,44.8472,20.6259,45.5192,82.5036,44.808,47.925,28.1313,46.8855,76.3563,37.5084,44.4134,24.6856,48.4397,56.8235,49.3712,43.5051,20.2643,38.326,59.9119,43.1718,45.0593,22.4077,45.2548,66.3445,43.4974,50.7937,33.1126,63.5762,74.1722,51.6556,46.6667,23.2221,46.4441,65.312,52.2496,EPI_ISL_16297073,Avian,H5N1,2022.83,NorthAmerica,A/chicken/California/22-035144-001-original/2022,G11
0,-1,42.2105,20,38.8235,65.8824,41.7647,44.8472,20.6259,45.5192,82.5036,44.808,47.925,28.1313,46.8855,76.3563,37.5084,44.4134,24.6856,48.4397,56.8235,49.3712,43.5051,20.2643,38.326,59.9119,43.1718,45.0593,22.4077,45.2548,66.3445,43.4974,50.7937,33.1126,63.5762,74.1722,51.6556,46.6667,23.2221,46.4441,65.312,52.2496,EPI_ISL_16297074,Avian,H5N1,2022.83,NorthAmerica,A/domestic_goose/California/22-035144-003-original/2022,G11
0,-1,41.7402,17.0588,38.8235,65.2941,41.1765,44.2075,19.2034,45.5192,82.5036,41.963,47.3226,25.4521,45.5459,75.6865,36.8386,44.5065,26.0829,47.0424,59.1523,47.0424,42.5363,18.0617,40.9692,56.8282,38.7665,45.5863,25.9227,43.058,67.2232,42.1793,50.9259,34.4371,63.5762,72.8477,51.6556,46.9565,24.6734,47.8955,63.8607,55.1524,EPI_ISL_16297075,Avian,H5N1,2022.822,NorthAmerica,A/chicken/South_Carolina/22-035153-001-original/2022,G5
0,-1,41.7402,17.0588,38.8235,65.2941,41.1765,44.2075,19.2034,45.5192,82.5036,41.963,47.3226,25.4521,45.5459,75.6865,36.8386,44.46,26.0829,47.0424,59.1523,47.0424,42.5363,18.0617,40.9692,56.8282,38.7665,45.5863,25.9227,43.058,67.2232,42.1793,50.9259,34.4371,63.5762,72.8477,51.6556,46.9565,24.6734,47.8955,63.8607,55.1524,EPI_ISL_16297076,Avian,H5N1,2022.822,NorthAmerica,A/guinea_fowl/South_Carolina/22-035153-002-original/2022,G5
0,-1,42.0341,17.6471,38.8235,65.2941,41.1765,44.0654,18.4922,43.3855,81.0811,41.2518,47.7912,24.7823,46.2157,77.6959,37.5084,43.0168,22.8225,45.6451,57.2892,39.5901,43.3289,20.7048,41.8502,59.0308,41.4097,45.9376,24.6046,43.058,72.935,42.6186,50.5291,33.1126,60.9272,72.8477,49.0066,46.6667,24.6734,47.8955,60.9579,53.701,EPI_ISL_16297077,Avian,H5N1,2022.833,NorthAmerica,A/turkey/Pennsylvania/22-035178-001-original/2022,G5
0,-1,41.9165,17.6471,38.2353,64.1176,40,44.0654,17.7809,44.0967,81.0811,41.963,47.7242,26.1219,47.5553,74.347,41.5271,44.2272,25.1514,47.0424,59.1523,47.0424,43.1968,16.7401,41.8502,60.793,39.6476,45.3667,24.1652,43.9367,70.2988,41.3005,50.5291,33.1126,60.9272,74.1722,50.3311,47.8261,27.5762,49.3469,60.9579,44.9927,EPI_ISL_16297078,Avian,H5N1,2022.833,NorthAmerica,A/chicken/Oregon/22-035197-001-original/2022,G3
0,-1,41.9753,18.2353,38.8235,62.9412,42.3529,43.7811,18.4922,42.6743,79.6586,41.963,47.4565,26.7917,45.5459,77.0261,36.1688,44.3203,25.6171,47.0424,58.2208,46.5766,43.1088,21.1454,37.4449,60.793,40.5286,45.1471,23.2865,43.058,70.2988,43.058,51.0582,34.4371,62.2517,72.8477,51.6556,47.2464,24.6734,47.8955,65.312,53.701,EPI_ISL_16297079,Avian,H5N1,2022.833,NorthAmerica,A/chicken/Massachussetts/22-035225-001-original/2022,
0,-1,42.0341,18.2353,38.8235,63.5294,42.3529,43.7811,18.4922,42.6743,79.6586,41.963,47.4565,26.7917,45.5459,77.0261,36.1688,44.3203,25.6171,47.0424,58.6865,46.5766,43.0647,20.7048,37.4449,60.793,40.5286,45.1471,23.2865,43.058,70.2988,42.6186,51.0582,34.4371,62.2517,72.8477,51.6556,47.1014,24.6734,47.8955,65.312,53.701,EPI_ISL_16297080,Avian,H5N1,2022.833,NorthAmerica,A/chicken/Massachussetts/22-035234-001-original/2022,
0,-1,42.2105,18.2353,38.8235,64.7059,40.5882,44.2786,18.4922,45.5192,81.7923,42.6743,47.992,26.7917,47.5553,75.0167,42.1969,44.3203,26.0829,47.0424,58.6865,45.6451,43.461,18.0617,43.6123,60.3524,39.6476,45.191,24.6046,43.9367,69.42,40.8612,51.0582,33.1126,62.2517,74.1722,51.6556,47.971,29.0276,50.7983,60.9579,44.9927,EPI_ISL_16297081,Avian,H5N1,2022.836,NorthAmerica,A/chicken/Arizona/22-035241-003-original/2022,G3
0,-1,42.0929,17.6471,39.4118,64.7059,41.1765,44.2786,19.2034,44.0967,81.0811,41.2518,47.925,26.7917,46.8855,76.3563,37.5084,43.1099,22.8225,45.6451,57.2892,40.5217,43.2849,20.7048,41.8502,58.5903,42.2907,45.8937,24.1652,42.6186,72.0562,43.058,50.6614,33.1126,60.9272,72.8477,50.3311,46.3768,24.6734,44.9927,59.5065,53.701,EPI_ISL_16297082,Avian,H5N1,2022.838,NorthAmerica,A/chicken/Iowa/22-035700-001-original/2022,G5
0,-1,42.1517,17.6471,39.4118,65.2941,41.1765,44.3497,19.2034,44.808,81.0811,41.2518,47.925,26.7917,46.8855,76.3563,37.5084,43.1099,22.8225,45.6451,57.2892,40.5217,43.2849,20.7048,41.8502,58.5903,42.2907,45.8937,24.1652,42.6186,72.0562,43.058,50.6614,33.1126,60.9272,72.8477,50.3311,46.3768,24.6734,44.9927,59.5065,53.701,EPI_ISL_16297083,Avian,H5N1,2022.838,NorthAmerica,A/domestic_duck/Iowa/22-035700-002-original/2022,G5
0,-1,42.0929,18.2353,38.8235,65.2941,41.1765,44.0654,18.4922,43.3855,81.0811,41.2518,47.7242,24.7823,46.2157,76.3563,37.5084,43.0168,22.8225,45.6451,57.2892,39.5901,43.3289,20.7048,41.8502,59.0308,41.4097,45.9376,24.6046,43.058,72.935,42.6186,50.5291,33.1126,60.9272,72.8477,49.0066,46.6667,24.6734,47.8955,60.9579,53.701,EPI_ISL_16297084,Avian,H5N1,2022.847,NorthAmerica,A/turkey/Pennsylvania/22-035743-001-original/2022,G5
0,-1,41.7402,18.2353,38.2353,65.2941,40,44.1365,18.4922,44.0967,82.5036,41.963,47.8581,26.1219,48.2251,75.0167,40.8573,44.0875,24.6856,47.0424,57.755,46.5766,43.1968,18.9427,41.4097,59.0308,39.6476,45.6302,24.1652,43.9367,71.6169,42.1793,51.0582,33.1126,62.2517,72.8477,50.3311,47.8261,27.5762,49.3469,62.4093,44.9927,EPI_ISL_16297085,Avian,H5N1,2022.83,NorthAmerica,A/chicken/Wisconsin/22-034812-002-original/2022,G3
0,-1,42.1517,17.6471,38.8235,66.4706,41.1765,44.3497,19.2034,44.808,81.7923,40.5405,47.7242,25.4521,46.2157,75.6865,37.5084,43.203,23.2883,45.6451,56.3577,40.9874,43.417,21.1454,41.8502,59.0308,41.8502,45.8498,24.6046,42.6186,72.0562,43.058,50.5291,33.1126,60.9272,70.1987,50.3311,46.5217,24.6734,46.4441,59.5065,53.701,EPI_ISL_16297086,Avian,H5N1,2022.822,NorthAmerica,A/wild_turkey/New_York/22-034864-002-original/202,G5
0,-1,42.0341,18.8235,38.2353,65.8824,40,44.1365,17.7809,43.3855,82.5036,42.6743,47.7242,27.4615,47.5553,73.6772,40.1875,44.2737,25.1514,47.0424,58.6865,47.5082,43.461,18.5022,41.4097,60.793,39.6476,45.6741,24.1652,44.8155,72.0562,41.7399,50.7937,33.1126,62.2517,72.8477,51.6556,48.2609,27.5762,50.7983,63.8607,47.8955,EPI_ISL_16297117,Avian,H5N1,2022.83,NorthAmerica,A/mallard/Texas/22-035744-001-original/2022,G3
0,-1,41.8577,18.2353,38.2353,64.7059,40,43.9232,17.0697,43.3855,80.3698,41.963,48.0589,28.8011,47.5553,73.6772,42.1969,44.3203,26.0829,47.0424,58.2208,47.5082,43.2409,17.1806,42.2907,60.793,40.0881,45.4545,24.6046,43.9367,70.7381,40.4218,50.7937,33.1126,62.2517,72.8477,51.6556,47.971,29.0276,50.7983,62.4093,43.5414,EPI_ISL_16297118,Avian,H5N1,2022.836,NorthAmerica,A/chicken/Washington/22-035749-001-original/2022,G3
0,-1,42.0341,17.6471,38.8235,65.2941,41.1765,44.0654,18.4922,43.3855,81.0811,41.2518,47.8581,24.7823,46.2157,78.3657,37.5084,43.0168,22.8225,45.6451,57.2892,39.5901,43.2849,20.7048,41.8502,59.0308,41.4097,45.8937,24.6046,43.058,72.935,42.6186,50.5291,33.1126,60.9272,72.8477,49.0066,46.5217,24.6734,47.8955,59.5065,53.701,EPI_ISL_16297119,Avian,H5N1,2022.852,NorthAmerica,A/turkey/Pennsylvania/22-036105-007-original/2022,G5
0,-1,42.0341,17.6471,38.8235,65.2941,41.1765,44.0654,18.4922,43.3855,81.0811,41.2518,47.8581,24.7823,46.2157,78.3657,37.5084,43.0168,22.8225,45.6451,57.2892,39.5901,43.3289,20.7048,41.8502,59.0308,41.4097,45.9376,24.6046,43.4974,72.935,42.6186,50.5291,33.1126,60.9272,72.8477,49.0066,46.6667,24.6734,47.8955,60.9579,53.701,EPI_ISL_16297120,Avian,H5N1,2022.855,NorthAmerica,A/turkey/Pennsylvania/22-036115-004-original/2022,G5
0,-1,41.6226,18.2353,38.2353,62.9412,40.5882,44.0654,17.7809,44.0967,83.2148,42.6743,47.8581,26.7917,47.5553,74.347,40.8573,44.1341,25.1514,47.5082,58.6865,46.1109,43.373,18.0617,41.8502,59.9119,40.0881,45.6741,24.1652,43.9367,71.6169,43.4974,50.9259,33.1126,62.2517,72.8477,51.6556,48.1159,27.5762,49.3469,65.312,47.8955,EPI_ISL_16297121,Avian,H5N1,2022.896,NorthAmerica,A/chicken/Nebraska/22-037884-001-original/2022,G3
1,-1,42.1517,17.6471,38.8235,64.7059,42.3529,44.2075,19.2034,44.808,81.0811,41.2518,47.8581,26.1219,46.2157,76.3563,37.5084,43.2961,22.8225,45.6451,58.6865,40.5217,43.373,20.2643,41.4097,59.0308,42.2907,45.8937,24.6046,43.058,72.4956,43.058,50.6614,33.1126,60.9272,72.8477,50.3311,46.5217,24.6734,47.8955,60.9579,53.701,EPI_ISL_16297122,OtherMammal,H5N1,2022.871,NorthAmerica,A/skunk/Wisconsin/22-037029-001-original/2022,G5
0,-1,42.328,18.2353,38.8235,66.4706,42.3529,43.9232,18.4922,43.3855,81.7923,42.6743,48.1258,25.4521,46.8855,76.3563,40.1875,44.2272,24.6856,47.0424,58.6865,45.6451,43.1528,20.2643,37.0044,61.674,41.8502,45.5424,23.7258,41.3005,70.2988,43.058,50.7937,34.4371,62.2517,72.8477,51.6556,46.3768,23.2221,47.8955,62.4093,53.701,EPI_ISL_16297123,Avian,H5N1,2022.847,NorthAmerica,A/chicken/Iowa/22-035569-001-original/2022,G4
0,-1,42.328,18.2353,38.8235,66.4706,42.3529,43.9943,19.2034,43.3855,82.5036,42.6743,48.0589,25.4521,46.2157,76.3563,39.5177,44.2737,24.6856,47.0424,58.6865,46.5766,43.1528,20.2643,37.0044,61.674,41.8502,45.5424,23.7258,41.3005,70.2988,43.058,50.7937,34.4371,62.2517,72.8477,51.6556,46.5217,23.2221,47.8955,62.4093,53.701,EPI_ISL_16297124,Avian,H5N1,2022.841,NorthAmerica,A/chicken/Iowa/22-035567-003-original/2022,G4
0,-1,42.0341,17.6471,38.8235,65.2941,41.1765,44.0654,18.4922,43.3855,81.0811,41.2518,47.7242,24.7823,46.2157,76.3563,37.5084,43.0168,22.8225,45.6451,57.2892,39.5901,43.3289,20.7048,41.8502,59.0308,41.4097,45.9376,24.6046,43.058,72.935,42.6186,50.5291,33.1126,60.9272,72.8477,49.0066,46.6667,24.6734,47.8955,60.9579,53.701,EPI_ISL_16297125,Avian,H5N1,2022.838,NorthAmerica,A/turkey/Pennsylvania/22-035424-001-original/2022,G5
0,-1,42.328,18.2353,38.8235,66.4706,42.3529,43.9232,18.4922,43.3855,81.7923,42.6743,48.1258,25.4521,46.8855,76.3563,40.1875,44.2737,24.6856,47.0424,58.6865,46.5766,43.1528,20.2643,37.0044,61.674,41.8502,45.5424,23.7258,41.3005,70.2988,43.058,50.7937,34.4371,62.2517,72.8477,51.6556,46.5217,23.2221,47.8955,62.4093,53.701,EPI_ISL_16297126,Avian,H5N1,2022.827,NorthAmerica,A/chicken/Iowa/22-034682-001-original/2022,G4
0,-1,42.2105,18.2353,39.4118,65.8824,41.1765,44.3497,19.2034,44.808,82.5036,41.2518,48.0589,27.4615,46.2157,76.3563,38.1782,43.1099,22.8225,45.6451,57.2892,40.0559,43.3289,20.7048,41.4097,59.0308,42.2907,45.9376,24.6046,42.6186,72.0562,42.6186,50.6614,33.1126,60.9272,72.8477,50.3311,46.3768,24.6734,46.4441,59.5065,53.701,EPI_ISL_16297127,Avian,H5N1,2022.819,NorthAmerica,A/turkey/Minnesota/22-034666-001-original/2022,G5
0,-1,41.6814,18.8235,38.2353,62.9412,40,44.0654,17.7809,43.3855,83.2148,41.963,47.8581,26.7917,47.5553,75.0167,40.1875,44.3203,25.6171,47.5082,59.1523,47.0424,43.2849,18.5022,41.4097,59.9119,40.0881,45.6302,24.6046,43.9367,71.6169,43.058,51.0582,33.1126,62.2517,72.8477,51.6556,47.971,27.5762,49.3469,62.4093,43.5414,EPI_ISL_16297128,Avian,H5N1,2022.805,NorthAmerica,A/chicken/Colorado/22-034082-001-original/2022,G3
0,-1,41.9753,18.8235,38.2353,65.2941,40,44.3497,17.7809,44.0967,83.2148,44.808,47.992,27.4615,47.5553,75.6865,41.5271,44.1341,24.2198,47.0424,58.6865,46.1109,43.373,18.9427,41.4097,60.793,39.6476,45.5863,24.6046,45.2548,70.7381,41.3005,50.5291,33.1126,62.2517,71.5232,51.6556,48.2609,27.5762,49.3469,65.312,44.9927,EPI_ISL_16297129,Avian,H5N1,2022.814,NorthAmerica,A/turkey/Minnesota/22-034260-001-original/2022,G3
0,-1,42.0929,17.0588,38.2353,66.4706,41.1765,43.9232,19.2034,42.6743,81.7923,42.6743,48.3936,26.1219,48.2251,77.0261,41.5271,44.2272,24.6856,46.5766,58.6865,46.5766,43.1088,20.2643,37.8855,60.793,40.9692,45.7181,23.2865,41.7399,70.2988,43.058,50.7937,34.4371,60.9272,74.1722,51.6556,47.6812,31.9303,47.8955,62.4093,44.9927,EPI_ISL_16297130,Avian,H5N1,2022.811,NorthAmerica,A/chicken/Florida/22-034076-001-original/2022,G4
0,-1,42.0929,18.2353,38.8235,65.8824,41.1765,44.4918,19.9147,45.5192,83.2148,42.6743,47.8581,27.4615,46.8855,75.6865,39.5177,43.9944,25.1514,46.1109,58.6865,46.1109,43.3289,18.5022,41.8502,58.5903,40.9692,45.1471,21.529,43.9367,69.42,42.1793,51.0582,33.1126,62.2517,75.4967,51.6556,47.5362,27.5762,49.3469,59.5065,40.6386,EPI_ISL_16297131,Avian,H5N1,2022.795,NorthAmerica,A/chicken/Florida/22-033918-001-original/2022,
0,-1,42.1517,18.8235,38.8235,65.8824,41.1765,44.5629,19.9147,45.5192,83.926,42.6743,47.8581,26.7917,46.8855,75.6865,39.5177,44.041,25.1514,46.1109,58.6865,46.5766,43.3289,18.5022,41.8502,58.5903,40.9692,45.1471,21.529,43.9367,69.42,42.1793,51.0582,33.1126,62.2517,75.4967,51.6556,47.5362,27.5762,49.3469,59.5065,40.6386,EPI_ISL_16297132,Avian,H5N1,2022.795,NorthAmerica,A/domestic_duck/Florida/22-033918-002-original/2022,
0,-1,41.8577,17.6471,38.8235,64.1176,40,43.9943,17.0697,42.6743,82.5036,42.6743,47.992,26.7917,48.2251,75.6865,40.8573,44.1806,25.1514,46.5766,58.6865,46.1109,43.417,18.5022,41.8502,59.9119,40.0881,45.6741,24.1652,43.9367,71.1775,43.4974,50.9259,33.1126,62.2517,72.8477,51.6556,47.971,27.5762,49.3469,62.4093,44.9927,EPI_ISL_16297133,Avian,H5N1,2022.8,NorthAmerica,A/chicken/Florida/22-033923-001-original/2022,G3
0,-1,42.1517,17.0588,38.2353,65.8824,41.7647,44.2075,19.9147,43.3855,81.7923,42.6743,48.3936,26.1219,48.2251,76.3563,41.5271,44.2737,25.1514,47.0424,58.2208,46.5766,42.9767,20.7048,37.0044,60.3524,40.5286,45.5863,23.2865,41.7399,69.8594,43.058,51.0582,34.4371,60.9272,72.8477,54.3046,47.5362,30.479,47.8955,62.4093,44.9927,EPI_ISL_16297134,Avian,H5N1,2022.8,NorthAmerica,A/chicken/Florida/22-033924-001-original/2022,G4
0,-1,41.8577,18.2353,38.2353,64.7059,40,44.2075,17.7809,44.0967,83.2148,43.3855,47.7912,26.1219,47.5553,74.347,40.8573,44.1806,25.1514,46.5766,58.2208,46.5766,43.3289,18.5022,41.8502,60.3524,39.6476,45.5424,23.7258,43.9367,70.7381,43.058,51.0582,33.1126,62.2517,72.8477,51.6556,47.8261,27.5762,49.3469,62.4093,43.5414,EPI_ISL_16297135,Avian,H5N1,2022.808,NorthAmerica,A/turkey/Minnesota/22-033929-001-original/2022,G3
0,-1,41.9753,17.6471,38.8235,62.9412,41.1765,43.9232,18.4922,44.0967,78.9474,42.6743,47.992,27.4615,46.8855,75.0167,42.1969,44.4134,26.5487,47.9739,58.6865,45.6451,43.6372,18.0617,43.1718,61.674,39.6476,45.4106,25.0439,43.9367,71.6169,41.3005,51.1905,33.1126,62.2517,74.1722,51.6556,48.1159,30.479,49.3469,60.9579,44.9927,EPI_ISL_16297136,Avian,H5N1,2022.8,NorthAmerica,A/turkey/Utah/22-033909-001-original/2022,G3
0,-1,41.7402,18.8235,38.2353,64.7059,38.8235,44.2075,17.7809,44.808,83.2148,42.6743,47.925,26.7917,48.2251,74.347,40.1875,44.2272,25.1514,47.0424,59.1523,46.5766,43.2409,18.5022,41.4097,60.3524,38.7665,45.4985,24.6046,44.3761,71.1775,41.7399,51.0582,33.1126,62.2517,72.8477,51.6556,47.971,27.5762,49.3469,62.4093,44.9927,EPI_ISL_16297137,Avian,H5N1,2022.803,NorthAmerica,A/chicken/South_Dakota/22-033852-001-original/2022,G3
0,-1,42.0929,17.6471,38.8235,65.2941,41.1765,44.1365,19.2034,44.808,81.0811,41.2518,47.7242,26.1219,45.5459,75.6865,37.5084,43.0168,22.3568,44.7136,56.8235,40.5217,43.417,20.7048,41.8502,59.0308,42.2907,45.9376,24.1652,42.6186,72.0562,43.4974,50.5291,33.1126,60.9272,72.8477,50.3311,46.5217,24.6734,46.4441,59.5065,53.701,EPI_ISL_16297138,Avian,H5N1,2022.803,NorthAmerica,A/African_goose/New_Jersey/22-033679-001-original/2022,G5
0,-1,42.1517,17.0588,37.6471,66.4706,41.7647,43.9943,19.2034,43.3855,82.5036,41.963,47.7242,26.1219,47.5553,74.347,37.5084,44.2737,25.1514,47.0424,59.1523,45.1793,42.4042,17.6211,40.5286,57.7093,38.7665,45.5424,24.1652,42.6186,67.6626,42.6186,50.9259,33.1126,62.2517,74.1722,51.6556,46.3768,23.2221,46.4441,60.9579,53.701,EPI_ISL_16297139,Avian,H5N1,2022.803,NorthAmerica,A/chicken/Virginia/22-033680-002-original/2022,G5
0,-1,41.9165,18.8235,38.2353,66.4706,40,43.9943,17.0697,43.3855,82.5036,41.963,47.992,28.1313,47.5553,75.0167,41.5271,44.2272,25.1514,47.0424,58.6865,46.5766,43.373,18.5022,41.4097,60.3524,39.6476,45.6302,23.7258,43.9367,70.7381,42.6186,51.0582,33.1126,62.2517,72.8477,51.6556,47.8261,27.5762,49.3469,62.4093,44.9927,EPI_ISL_16297140,Avian,H5N1,2022.8,NorthAmerica,A/chicken/Oklahoma/22-033558-001-original/2022,G3
0,-1,42.1517,17.0588,38.2353,65.8824,41.7647,44.2786,19.9147,43.3855,81.7923,43.3855,48.3936,26.1219,47.5553,76.3563,41.5271,44.2424,25.1866,46.6418,58.3022,46.6418,42.9767,20.2643,37.0044,60.3524,40.5286,45.6302,23.2865,41.7399,70.2988,43.058,51.0582,34.4371,60.9272,74.1722,52.9801,47.3913,30.479,46.4441,60.9579,44.9927,EPI_ISL_16297141,Avian,H5N1,2022.795,NorthAmerica,A/peafowl/Florida/22-033621-001-original/2022,G4
0,-1,41.7989,17.6471,37.6471,65.2941,41.1765,44.0654,19.2034,43.3855,83.2148,41.963,47.992,27.4615,47.5553,76.3563,38.1782,44.3669,25.1514,46.5766,60.0838,46.5766,42.5804,17.1806,40.5286,58.1498,38.7665,45.6302,25.0439,42.1793,67.2232,42.1793,51.1905,34.4371,63.5762,75.4967,51.6556,46.3768,23.2221,47.8955,60.9579,53.701,EPI_ISL_16297142,Avian,H5N1,2022.797,NorthAmerica,A/chicken/North_Carolina/22-033524-001-original/2022,G5
0,-1,41.7989,17.6471,37.6471,65.2941,41.1765,44.0654,19.2034,43.3855,83.2148,41.963,47.992,27.4615,47.5553,76.3563,38.1782,44.3669,25.1514,46.5766,60.0838,46.5766,42.5804,17.1806,40.5286,58.1498,38.7665,45.6741,25.0439,42.1793,67.6626,42.1793,51.1905,34.4371,63.5762,75.4967,51.6556,46.3768,23.2221,47.8955,60.9579,53.701,EPI_ISL_16297326,Avian,H5N1,2022.797,NorthAmerica,A/chicken/North_Carolina/22-033522-001-original/2022,G5
0,-1,42.0929,17.6471,38.8235,65.2941,41.1765,44.4208,19.2034,45.5192,81.0811,41.963,47.8581,26.1219,46.2157,76.3563,37.5084,43.1564,23.2883,46.1109,57.2892,40.5217,43.5051,20.7048,42.2907,59.4714,42.2907,45.8498,24.6046,43.058,71.1775,43.058,50.7937,34.4371,60.9272,74.1722,50.3311,46.5217,24.6734,46.4441,59.5065,53.701,EPI_ISL_16297327,Avian,H5N1,2022.833,NorthAmerica,A/chicken/Florida/22-035222-003-original/2022,G5
0,-1,41.7402,18.2353,37.0588,65.2941,39.4118,43.9943,17.7809,44.0967,81.7923,41.963,47.5904,26.7917,46.8855,73.0074,40.8573,44.041,24.6856,46.5766,58.6865,46.5766,43.2849,18.5022,41.8502,59.9119,39.6476,45.4545,23.7258,44.8155,69.8594,42.1793,50.5291,31.7881,60.9272,71.5232,51.6556,47.8261,27.5762,49.3469,62.4093,44.9927,EPI_ISL_16297328,Avian,H5N1,2022.795,NorthAmerica,A/chicken/Colorado/22-033394-001-original/2022,G3
0,-1,42.0929,18.2353,38.8235,64.1176,41.7647,44.0654,19.2034,42.6743,82.5036,42.6743,47.5904,25.4521,46.2157,73.6772,37.5084,44.3669,24.6856,47.0424,59.1523,46.1109,43.0647,20.2643,37.0044,59.9119,40.9692,45.5863,23.7258,45.6942,69.42,39.1037,50.7937,33.1126,62.2517,72.8477,51.6556,46.6667,23.2221,47.8955,65.312,53.701,EPI_ISL_16297329,Avian,H5N1,2022.792,NorthAmerica,A/chicken/Idaho/22-033409-001-original/2022,G6
0,-1,41.9165,18.8235,38.2353,64.7059,40,44.2075,17.7809,44.0967,83.2148,42.6743,47.8581,27.4615,47.5553,73.6772,41.5271,44.0875,24.6856,47.0424,57.2892,46.5766,43.2409,18.0617,41.4097,59.4714,39.6476,45.5863,24.6046,44.3761,71.1775,41.7399,51.1905,33.1126,62.2517,74.1722,51.6556,47.8261,27.5762,49.3469,62.4093,44.9927,EPI_ISL_16297330,Avian,H5N1,2022.795,NorthAmerica,A/chicken/Oklahoma/22-033387-001-original/2022,G3
0,-1,42.0929,17.0588,38.2353,65.2941,41.7647,44.2075,20.6259,43.3855,81.7923,42.6743,48.3936,26.1219,47.5553,76.3563,41.5271,44.1806,24.6856,47.0424,58.2208,46.5766,42.9767,20.2643,37.0044,60.3524,40.5286,45.6302,23.2865,41.7399,70.2988,43.058,51.0582,34.4371,60.9272,74.1722,52.9801,47.6812,30.479,49.3469,62.4093,46.4441,EPI_ISL_16297331,Avian,H5N1,2022.795,NorthAmerica,A/chicken/Florida/22-033389-001-original/2022,G4
0,-1,41.9753,18.8235,38.2353,65.2941,40,44.1365,17.7809,43.3855,82.5036,42.6743,47.7912,26.7917,47.5553,74.347,40.8573,44.1341,24.6856,46.1109,58.6865,46.1109,43.373,18.9427,40.9692,60.793,39.6476,45.5424,24.1652,45.2548,70.7381,41.3005,50.5291,33.1126,62.2517,71.5232,51.6556,47.971,27.5762,49.3469,62.4093,44.9927,EPI_ISL_16297332,Avian,H5N1,2022.784,NorthAmerica,A/goose/Louisiana/22-033391-001-original/2022,G3
0,-1,42.1517,19.4118,38.8235,65.2941,41.7647,44.4918,19.9147,45.5192,83.2148,43.3855,47.7242,26.7917,46.8855,75.0167,39.5177,43.9479,25.6171,46.1109,59.1523,45.6451,43.3289,18.0617,42.7313,59.9119,39.6476,45.4985,25.4833,43.9367,71.6169,40.8612,50.9259,33.1126,62.2517,74.1722,51.6556,47.6812,29.0276,49.3469,59.5065,43.5414,EPI_ISL_16297333,Avian,H5N1,2022.792,NorthAmerica,A/chicken/Florida/22-033392-001-original/2022,G3
0,-1,42.0341,18.8235,38.2353,65.2941,40,43.9232,17.7809,43.3855,81.7923,41.963,47.992,28.1313,47.5553,74.347,41.5271,44.2272,25.1514,47.0424,58.6865,46.5766,43.2849,17.6211,41.4097,59.9119,40.0881,45.5424,25.0439,43.9367,71.1775,42.1793,50.9259,33.1126,62.2517,72.8477,51.6556,47.8261,27.5762,49.3469,62.4093,44.9927,EPI_ISL_16297334,Avian,H5N1,2022.795,NorthAmerica,A/domestic_duck/South_Dakota/22-033350-004-original/2022,G3
0,-1,42.0341,18.8235,38.2353,65.2941,40,43.9232,17.7809,43.3855,81.7923,41.963,47.992,28.1313,47.5553,74.347,41.5271,44.2272,25.1514,47.0424,58.6865,46.5766,43.2849,17.6211,41.4097,59.9119,40.0881,45.5424,25.0439,43.9367,71.1775,42.1793,50.9259,33.1126,62.2517,72.8477,51.6556,47.8261,27.5762,49.3469,62.4093,44.9927,EPI_ISL_16297335,Avian,H5N1,2022.795,NorthAmerica,A/turkey/South_Dakota/22-033350-005-original/2022,G3
0,-1,42.2105,17.6471,38.8235,65.2941,42.3529,44.2075,19.2034,43.3855,82.5036,42.6743,48.1258,26.7917,48.2251,75.6865,42.1969,44.2272,25.6171,46.1109,58.6865,46.1109,43.1968,20.2643,37.4449,61.2335,41.4097,45.4106,25.4833,43.9367,70.7381,41.3005,50.6614,31.7881,62.2517,71.5232,51.6556,46.8116,21.7707,49.3469,63.8607,53.701,EPI_ISL_16297336,Avian,H5N1,2022.797,NorthAmerica,A/chicken/Iowa/22-033362-001-original/2022,G3
0,-1,42.0929,18.8235,38.2353,65.2941,41.1765,43.9232,17.7809,43.3855,81.7923,41.963,47.992,28.1313,47.5553,74.347,41.5271,44.2272,25.1514,47.0424,58.6865,46.5766,43.2849,17.6211,41.4097,59.9119,40.0881,45.5424,25.0439,43.9367,71.1775,42.1793,50.9259,33.1126,62.2517,72.8477,51.6556,47.8261,27.5762,49.3469,62.4093,44.9927,EPI_ISL_16297337,Avian,H5N1,2022.795,NorthAmerica,A/chicken/South_Dakota/22-033350-001-original/2022,G3
0,-1,42.0929,18.2353,38.8235,65.8824,41.1765,44.4918,19.2034,45.5192,81.7923,41.2518,47.8581,25.4521,46.2157,77.6959,37.5084,43.2495,22.8225,45.6451,58.2208,40.9874,43.461,21.1454,42.2907,59.0308,42.2907,45.8937,24.6046,42.6186,71.6169,43.058,50.6614,33.1126,60.9272,72.8477,50.3311,46.5217,24.6734,46.4441,59.5065,53.701,EPI_ISL_16297338,Avian,H5N1,2022.795,NorthAmerica,A/chicken/Virginia/22-033345-001-original/2022,G5
0,-1,42.1517,18.2353,38.8235,65.2941,41.1765,44.2786,19.2034,44.808,81.0811,41.963,47.925,26.1219,46.2157,76.3563,37.5084,43.0633,22.3568,45.6451,57.2892,40.5217,43.417,20.7048,41.8502,59.0308,41.8502,45.8498,24.6046,42.6186,72.0562,43.058,50.5291,33.1126,60.9272,71.5232,50.3311,46.087,24.6734,46.4441,59.5065,53.701,EPI_ISL_16297339,Avian,H5N1,2022.797,NorthAmerica,A/chicken/Rhode_Island/22-033346-001-original/2022,G5
0,-1,42.0929,18.2353,37.6471,65.8824,40.5882,44.1365,17.7809,44.0967,82.5036,41.963,47.992,26.7917,48.2251,74.347,40.1875,44.0875,24.6856,47.0424,58.2208,47.0424,43.1528,17.6211,41.4097,59.4714,38.7665,45.5863,24.6046,44.3761,71.1775,42.1793,50.9259,33.1126,62.2517,72.8477,51.6556,48.1159,27.5762,49.3469,62.4093,47.8955,EPI_ISL_16297340,Avian,H5N1,2022.795,NorthAmerica,A/chicken/Montana/22-033348-001-original/2022,G3
0,-1,42.2105,16.4706,38.8235,65.8824,41.7647,43.9943,18.4922,43.3855,81.7923,41.963,48.3936,26.1219,48.2251,76.3563,41.5271,44.1806,25.1514,46.1109,58.2208,46.5766,42.9326,20.2643,37.0044,60.793,40.0881,45.5863,22.8471,41.3005,68.9807,43.9367,50.7937,34.4371,60.9272,74.1722,51.6556,47.5362,30.479,47.8955,62.4093,44.9927,EPI_ISL_16297341,Avian,H5N1,2022.784,NorthAmerica,A/chicken/guinea_fowl/Kansas/22-033226-001-original/2022,G4
0,-1,41.8577,18.2353,38.2353,64.7059,40,44.0654,17.7809,44.0967,82.5036,42.6743,47.7242,26.1219,46.8855,73.6772,40.8573,44.1806,25.1514,47.0424,59.1523,46.5766,43.5051,18.9427,42.2907,61.2335,39.6476,45.3667,24.1652,43.9367,70.7381,41.3005,50.7937,33.1126,62.2517,72.8477,51.6556,47.971,29.0276,50.7983,60.9579,44.9927,EPI_ISL_16297342,Avian,H5N1,2022.792,NorthAmerica,A/chicken/Texas/22-033221-001-original/2022,G3
0,-1,42.0929,17.0588,38.2353,64.7059,41.7647,44.2075,19.9147,43.3855,81.7923,42.6743,48.3936,26.1219,47.5553,76.3563,41.5271,44.2272,25.1514,47.0424,58.2208,46.5766,43.0207,20.2643,37.4449,60.3524,40.5286,45.5863,22.8471,41.7399,70.2988,43.058,51.0582,34.4371,60.9272,74.1722,52.9801,47.5362,30.479,47.8955,62.4093,44.9927,EPI_ISL_16297343,Avian,H5N1,2022.784,NorthAmerica,A/domestic_duck/Florida/22-032962-001-original/2022,G4
0,-1,41.8577,18.8235,38.2353,65.2941,40,44.2075,18.4922,44.0967,82.5036,42.6743,47.7242,26.7917,47.5553,74.347,40.8573,44.1806,24.2198,46.5766,58.6865,47.5082,43.5051,18.9427,41.8502,61.2335,39.6476,45.5863,24.6046,45.2548,70.2988,41.7399,50.3968,31.7881,62.2517,71.5232,50.3311,47.971,27.5762,49.3469,62.4093,44.9927,EPI_ISL_16297344,Avian,H5N1,2022.775,NorthAmerica,A/chicken/Florida/22-032963-001-original/2022,G3
0,-1,42.0929,17.6471,38.8235,65.2941,41.1765,44.4208,19.2034,46.2304,81.0811,41.963,47.8581,26.1219,46.2157,76.3563,37.5084,43.1099,22.8225,45.6451,56.8235,40.5217,43.373,20.7048,41.8502,59.0308,42.2907,45.8498,25.0439,42.1793,71.6169,43.058,50.5291,33.1126,60.9272,72.8477,49.0066,46.3768,23.2221,47.8955,60.9579,53.701,EPI_ISL_16297345,Avian,H5N1,2022.784,NorthAmerica,A/chicken/Florida/22-032965-001-original/2022,G5
0,-1,42.2693,17.6471,38.8235,65.8824,41.1765,44.5629,19.9147,45.5192,81.0811,43.3855,47.925,26.7917,46.8855,76.3563,37.5084,43.203,23.2883,45.6451,57.755,40.5217,43.417,20.7048,41.4097,59.0308,42.2907,46.0255,24.6046,42.6186,72.0562,43.4974,50.9259,33.1126,62.2517,72.8477,50.3311,46.8116,24.6734,46.4441,59.5065,53.701,EPI_ISL_16297346,Avian,H5N1,2022.792,NorthAmerica,A/domestic_goose/South_Dakota/22-033171-001-original/2022,G5
0,-1,42.1517,17.6471,38.8235,65.2941,41.7647,44.1365,19.2034,44.808,81.0811,41.2518,47.992,26.1219,46.2157,77.0261,37.5084,43.1564,22.8225,46.1109,57.2892,39.5901,43.3289,20.2643,41.8502,58.5903,42.2907,45.9816,24.6046,42.6186,72.0562,43.058,50.6614,33.1126,60.9272,72.8477,50.3311,46.3768,24.6734,46.4441,60.9579,53.701,EPI_ISL_16297347,Avian,H5N1,2022.784,NorthAmerica,A/chicken/North_Dakota/22-032950-001-original/2022,G5
0,-1,42.1517,17.6471,38.8235,65.2941,41.7647,44.1365,19.2034,44.808,81.0811,41.2518,47.992,26.1219,46.2157,77.0261,37.5084,43.1564,22.8225,46.1109,57.2892,39.5901,43.3289,20.2643,41.8502,58.5903,42.2907,45.9376,24.6046,42.6186,72.0562,43.058,50.6614,33.1126,60.9272,72.8477,50.3311,46.3768,24.6734,46.4441,60.9579,53.701,EPI_ISL_16297348,Avian,H5N1,2022.784,NorthAmerica,A/guinea_fowl/North_Dakota/22-032950-002-original/2022,G5
0,-1,42.1517,17.6471,38.8235,65.2941,41.7647,44.1365,19.2034,44.808,81.0811,41.2518,47.992,26.1219,46.2157,77.0261,37.5084,43.1564,22.8225,46.1109,57.2892,39.5901,43.3289,20.2643,41.8502,58.5903,42.2907,45.9376,24.1652,42.6186,72.0562,43.058,50.6614,33.1126,60.9272,72.8477,50.3311,46.3768,24.6734,46.4441,60.9579,53.701,EPI_ISL_16297349,Avian,H5N1,2022.784,NorthAmerica,A/turkey/North_Dakota/22-032950-003-original/2022,G5
0,-1,42.0341,17.6471,38.8235,65.2941,42.3529,43.9943,17.7809,42.6743,82.5036,41.963,48.2597,26.7917,48.2251,77.0261,40.1875,44.3203,25.6171,47.0424,58.2208,47.0424,43.1088,20.7048,37.0044,60.793,40.9692,45.6741,22.8471,42.1793,70.7381,42.6186,50.7937,33.1126,63.5762,74.1722,50.3311,47.971,30.479,50.7983,65.312,43.5414,EPI_ISL_16297350,Avian,H5N1,2022.775,NorthAmerica,A/turkey/Utah/22-032951-001-original/2022,G4
0,-1,41.7989,18.2353,38.2353,65.2941,40,44.1365,17.0697,44.0967,83.2148,42.6743,47.7912,26.7917,47.5553,74.347,40.8573,44.2272,25.1514,46.5766,59.1523,46.5766,43.417,18.9427,41.8502,60.3524,40.0881,45.4985,24.1652,43.9367,70.7381,42.6186,51.0582,33.1126,62.2517,72.8477,51.6556,48.1159,29.0276,50.7983,62.4093,44.9927,EPI_ISL_16297351,Avian,H5N1,2022.786,NorthAmerica,A/pheasant/Nebraska/22-032910-001-original/2022,G3
0,-1,42.0929,17.6471,38.8235,65.8824,41.1765,44.3497,19.9147,45.5192,81.0811,41.2518,47.7912,26.1219,45.5459,76.3563,37.5084,43.203,22.8225,45.6451,57.755,40.5217,43.417,20.7048,41.8502,59.4714,43.1718,45.8937,24.6046,42.6186,72.0562,43.4974,50.3968,33.1126,59.6026,72.8477,50.3311,46.6667,24.6734,47.8955,60.9579,53.701,EPI_ISL_16297352,Avian,H5N1,2022.781,NorthAmerica,A/turkey/Pennsylvania/22-032809-001-original/2022,G5
0,-1,41.7989,18.8235,38.2353,64.7059,40,44.0654,17.7809,43.3855,81.7923,42.6743,47.7242,26.7917,47.5553,74.347,40.1875,44.3203,25.1514,47.0424,59.1523,46.5766,43.373,18.5022,41.8502,59.9119,40.0881,45.4985,23.7258,43.9367,71.1775,42.1793,50.9259,33.1126,62.2517,72.8477,50.3311,48.1159,27.5762,49.3469,63.8607,44.9927,EPI_ISL_16297353,Avian,H5N1,2022.784,NorthAmerica,A/chicken/Nevada/22-032799-001-original/2022,G3
0,-1,41.9165,18.8235,38.8235,65.8824,38.8235,43.9232,17.7809,43.3855,82.5036,41.963,47.7912,26.7917,47.5553,74.347,40.8573,44.1806,24.6856,46.5766,58.6865,46.5766,43.1968,18.0617,41.8502,59.9119,39.6476,45.4545,24.6046,43.4974,70.2988,41.7399,50.9259,33.1126,62.2517,74.1722,52.9801,47.8261,29.0276,50.7983,59.5065,44.9927,EPI_ISL_16297354,Avian,H5N1,2022.775,NorthAmerica,A/turkey/Alaska/22-032677-004-original/2022,G3
0,-1,41.6814,18.8235,38.2353,62.9412,40,44.1365,17.7809,43.3855,83.2148,42.6743,47.8581,26.7917,47.5553,75.0167,40.1875,44.3203,25.6171,47.5082,59.1523,47.0424,43.2849,18.5022,41.4097,59.9119,40.0881,45.6302,24.6046,43.9367,71.6169,43.058,51.0582,33.1126,62.2517,72.8477,51.6556,47.971,27.5762,49.3469,62.4093,43.5414,EPI_ISL_16297355,Avian,H5N1,2022.778,NorthAmerica,A/chicken/Colorado/22-032675-001-original/2022,G3
0,-1,41.9753,17.0588,38.8235,63.5294,41.1765,43.9232,18.4922,44.0967,78.9474,42.6743,47.992,27.4615,46.8855,75.0167,42.1969,44.46,26.5487,47.9739,58.6865,45.6451,43.5931,18.0617,43.1718,61.674,39.6476,45.3667,25.0439,43.9367,71.1775,41.3005,51.1905,33.1126,62.2517,74.1722,51.6556,48.1159,30.479,49.3469,60.9579,44.9927,EPI_ISL_16297356,Avian,H5N1,2022.778,NorthAmerica,A/turkey/Utah/22-032657-001-original/2022,G3
0,-1,42.0929,17.6471,38.8235,65.2941,41.7647,44.3497,19.2034,45.5192,81.0811,41.2518,47.8581,26.1219,46.2157,76.3563,37.5084,43.1564,23.2883,46.1109,57.2892,40.5217,43.5051,20.7048,42.2907,59.4714,42.2907,45.8937,24.6046,43.058,71.1775,43.4974,50.7937,34.4371,60.9272,74.1722,50.3311,46.5217,24.6734,46.4441,59.5065,53.701,EPI_ISL_16297357,Avian,H5N1,2022.778,NorthAmerica,A/chicken/Florida/22-032661-001-original/2022,G5
0,-1,41.9753,18.2353,38.8235,64.7059,40.5882,44.0654,17.7809,44.0967,82.5036,41.963,48.0589,26.7917,48.2251,75.0167,40.8573,44.1806,25.1514,47.0424,58.2208,46.5766,43.1968,18.9427,41.4097,59.9119,38.7665,45.5424,24.6046,44.3761,70.7381,42.1793,50.9259,33.1126,62.2517,72.8477,51.6556,47.8261,27.5762,49.3469,60.9579,44.9927,EPI_ISL_16297358,Avian,H5N1,2022.773,NorthAmerica,A/chicken/Colorado/22-032670-001-original/2022,G3
0,-1,41.9165,17.6471,38.2353,64.7059,40,44.0654,17.7809,44.0967,81.7923,41.963,47.925,26.1219,48.2251,73.6772,40.8573,44.1341,25.1514,46.5766,57.2892,46.5766,43.2849,18.5022,41.8502,60.3524,39.207,45.4985,24.1652,44.8155,70.2988,41.7399,50.7937,33.1126,60.9272,72.8477,51.6556,47.971,27.5762,49.3469,62.4093,44.9927,EPI_ISL_16297359,Avian,H5N1,2022.781,NorthAmerica,A/guinea_fowl/Oklahoma/22-032674-001-original/2022,G3
0,-1,41.8577,17.6471,38.2353,65.2941,40,44.1365,17.7809,44.808,82.5036,42.6743,47.7242,27.4615,46.8855,73.0074,40.8573,44.1341,24.2198,46.5766,59.1523,47.5082,43.3289,18.0617,41.8502,59.9119,39.6476,45.4985,25.0439,44.8155,71.6169,41.3005,50.7937,33.1126,62.2517,72.8477,51.6556,47.6812,29.0276,50.7983,59.5065,44.9927,EPI_ISL_16297360,Avian,H5N1,2022.781,NorthAmerica,A/chicken/Arkansas/22-032566-001-original/2022,G3
0,-1,41.9165,18.2353,38.2353,65.2941,39.4118,44.1365,17.7809,44.0967,83.2148,41.963,47.6573,27.4615,46.8855,73.6772,40.8573,44.0875,24.6856,47.5082,57.755,46.5766,43.461,19.3833,42.2907,61.2335,39.6476,45.6302,24.1652,44.8155,71.6169,42.1793,50.7937,33.1126,62.2517,71.5232,51.6556,47.971,27.5762,49.3469,62.4093,44.9927,EPI_ISL_16297361,Avian,H5N1,2022.775,NorthAmerica,A/goose/Oklahoma/22-032413-001-original/2022,G3
0,-1,42.328,17.6471,38.8235,66.4706,41.7647,44.1365,19.9147,43.3855,81.7923,42.6743,48.5274,26.7917,48.2251,77.0261,41.5271,44.1806,24.6856,46.5766,57.2892,46.5766,43.1528,20.2643,37.4449,60.793,40.9692,45.5424,23.2865,41.3005,69.8594,43.4974,50.7937,34.4371,60.9272,74.1722,51.6556,47.5362,30.479,47.8955,62.4093,44.9927,EPI_ISL_16297362,Avian,H5N1,2022.775,NorthAmerica,A/swan/Oklahoma/22-032414-001-original/2022,G4
0,-1,42.0341,17.6471,38.8235,63.5294,41.7647,44.2786,19.9147,44.0967,83.2148,43.3855,47.5904,26.1219,46.2157,75.0167,36.8386,44.5065,25.1514,47.0424,60.0838,47.5082,42.4483,16.7401,40.9692,57.7093,38.326,45.5863,24.1652,41.7399,67.2232,43.058,50.9259,33.1126,62.2517,72.8477,51.6556,46.2319,23.2221,47.8955,60.9579,53.701,EPI_ISL_16297363,Avian,H5N1,2022.775,NorthAmerica,A/domestic_duck/New_Jersey/22-032412-001-original/2022,G5
0,-1,42.0341,17.6471,38.8235,63.5294,41.1765,43.8522,18.4922,44.0967,78.9474,42.6743,47.992,27.4615,46.8855,75.0167,42.1969,44.46,26.5487,47.9739,58.6865,45.6451,43.5051,18.0617,42.7313,61.2335,39.6476,45.3667,25.0439,43.9367,71.1775,41.3005,51.1905,33.1126,62.2517,74.1722,51.6556,48.1159,30.479,49.3469,60.9579,44.9927,EPI_ISL_16297364,Avian,H5N1,2022.775,NorthAmerica,A/turkey/Utah/22-032405-001-original/2022,G3
0,-1,41.9753,18.2353,38.8235,64.7059,40.5882,44.1365,17.7809,44.0967,82.5036,42.6743,48.0589,26.7917,48.2251,75.0167,40.8573,44.1806,25.6171,47.0424,58.6865,46.5766,43.1968,18.5022,41.4097,59.9119,39.207,45.5424,24.6046,44.3761,70.7381,42.1793,50.9259,33.1126,62.2517,72.8477,51.6556,47.8261,27.5762,49.3469,60.9579,44.9927,EPI_ISL_16297365,Avian,H5N1,2022.773,NorthAmerica,A/chicken/Colorado/22-032233-001-original/2022,G3
0,-1,41.9753,16.4706,38.2353,67.6471,40.5882,43.8522,18.4922,43.3855,81.7923,41.963,47.7912,26.1219,46.8855,75.6865,37.5084,43.203,20.9595,45.1793,56.8235,43.782,42.5804,17.6211,40.9692,57.7093,38.7665,45.5424,25.4833,43.058,67.6626,42.1793,50.6614,33.1126,62.2517,72.8477,51.6556,46.5217,24.6734,46.4441,62.4093,53.701,EPI_ISL_16297366,Avian,H5N1,2022.778,NorthAmerica,A/rhea/Pennsylvania/22-032402-001-original/2022,G5
0,-1,42.2105,17.0588,38.8235,67.0588,41.1765,44.1365,19.9147,43.3855,81.7923,42.6743,48.4605,26.1219,48.2251,77.0261,41.5271,44.1341,24.6856,46.1109,57.755,46.5766,43.1088,20.7048,37.4449,61.2335,40.5286,45.5863,23.2865,41.3005,69.8594,43.058,50.7937,34.4371,60.9272,74.1722,51.6556,47.3913,30.479,47.8955,60.9579,44.9927,EPI_ISL_16297367,Avian,H5N1,2022.764,NorthAmerica,A/cape_teal/Texas/22-032200-001-original/2022,G4
0,-1,41.9165,18.2353,38.2353,64.7059,40,43.8522,17.0697,43.3855,81.7923,41.963,47.7242,26.1219,48.2251,73.6772,40.1875,44.2272,24.6856,47.5082,58.2208,47.0424,43.1528,18.5022,41.8502,59.4714,38.7665,45.5863,24.6046,44.3761,71.1775,42.1793,50.9259,33.1126,62.2517,71.5232,51.6556,48.1159,27.5762,49.3469,65.312,44.9927,EPI_ISL_16297368,Avian,H5N1,2022.773,NorthAmerica,A/chicken/Wyoming/22-032216-001-original/2022,G3
0,-1,42.1517,17.0588,38.2353,65.8824,41.7647,44.0654,19.9147,42.6743,81.7923,42.6743,48.5274,26.1219,48.2251,77.6959,41.5271,44.1806,24.6856,46.5766,58.2208,47.0424,42.9767,19.8238,37.4449,60.793,40.5286,45.4985,22.8471,40.8612,69.42,43.058,50.5291,34.4371,59.6026,74.1722,51.6556,47.3913,29.0276,46.4441,62.4093,44.9927,EPI_ISL_16297369,Avian,H5N1,2022.762,NorthAmerica,A/chicken/South_Dakota/22-032160-001-original/2022,G4
0,-1,41.9753,18.2353,38.8235,64.1176,41.1765,44.1365,19.2034,43.3855,82.5036,42.6743,47.4565,24.7823,46.8855,73.6772,36.8386,44.2737,25.6171,47.0424,58.2208,46.1109,43.3289,21.1454,37.4449,61.2335,40.9692,45.4545,22.8471,45.6942,68.5413,39.9824,50.7937,34.4371,62.2517,74.1722,51.6556,46.6667,23.2221,47.8955,63.8607,53.701,EPI_ISL_16297370,Avian,H5N1,2022.773,NorthAmerica,A/turkey/California/22-032159-001-original/2022,G6
0,-1,42.0929,17.6471,38.8235,65.2941,41.1765,44.2075,18.4922,44.808,79.6586,40.5405,47.925,26.1219,46.8855,76.3563,37.5084,43.203,22.8225,45.6451,57.2892,40.9874,43.373,20.7048,41.8502,59.0308,42.2907,45.8937,24.6046,42.6186,72.0562,43.058,50.6614,33.1126,60.9272,72.8477,50.3311,46.5217,24.6734,46.4441,59.5065,53.701,EPI_ISL_16297371,Avian,H5N1,2022.773,NorthAmerica,A/chicken/Kentucky/22-031959-001-original/2022,G5
0,-1,42.2105,17.0588,38.2353,66.4706,41.7647,44.1365,19.9147,42.6743,81.7923,42.6743,48.4605,27.4615,48.2251,76.3563,42.1969,44.2272,24.6856,47.0424,58.6865,46.5766,42.9326,20.2643,37.0044,59.9119,40.5286,45.6302,23.2865,41.7399,70.7381,43.058,51.0582,34.4371,60.9272,74.1722,52.9801,47.5362,30.479,47.8955,62.4093,44.9927,EPI_ISL_16297372,Avian,H5N1,2022.764,NorthAmerica,A/Egyptian_goose/Florida/22-031886-001-original/2022,G4
0,-1,42.2105,17.0588,38.2353,66.4706,41.7647,44.1365,19.9147,43.3855,81.7923,42.6743,48.3266,26.1219,47.5553,75.6865,41.5271,44.1806,24.6856,47.0424,58.2208,46.5766,42.8886,19.8238,37.0044,60.3524,40.5286,45.6302,23.2865,41.7399,70.2988,43.058,51.0582,34.4371,60.9272,75.4967,52.9801,47.5362,30.479,47.8955,62.4093,44.9927,EPI_ISL_16297373,Avian,H5N1,2022.764,NorthAmerica,A/chicken/Florida/22-031886-002-original/2022,G4
0,-1,42.2105,17.0588,38.8235,66.4706,41.1765,44.2075,19.9147,44.0967,82.5036,42.6743,48.4605,26.1219,48.2251,77.0261,41.5271,44.1806,24.6856,46.5766,58.2208,46.5766,43.1088,20.7048,37.0044,61.2335,40.5286,45.5424,23.2865,41.3005,69.8594,43.4974,50.7937,34.4371,60.9272,74.1722,51.6556,47.5362,30.479,47.8955,62.4093,44.9927,EPI_ISL_16297374,Avian,H5N1,2022.764,NorthAmerica,A/swan/Oklahoma/22-031912-001-original/2022,G4
0,-1,41.9165,16.4706,38.2353,65.8824,41.1765,43.9232,17.7809,43.3855,82.5036,42.6743,47.5904,26.1219,46.2157,75.0167,37.5084,43.5289,22.3568,45.6451,56.8235,43.782,42.5363,17.6211,40.5286,57.7093,38.7665,45.4985,25.0439,43.058,67.2232,42.1793,50.6614,33.1126,62.2517,72.8477,51.6556,46.5217,24.6734,46.4441,62.4093,53.701,EPI_ISL_16297375,Avian,H5N1,2022.756,NorthAmerica,A/turkey/Michigan/22-031751-001-original/2022,G5
0,-1,42.0341,17.0588,38.2353,65.2941,41.1765,44.3497,19.2034,44.808,81.7923,41.2518,47.8581,26.1219,46.2157,76.3563,37.5084,43.0633,23.2883,45.1793,57.2892,40.5217,43.461,20.7048,41.8502,59.0308,42.2907,45.8937,24.6046,43.058,72.0562,43.058,50.7937,34.4371,60.9272,74.1722,50.3311,46.5217,24.6734,46.4441,59.5065,53.701,EPI_ISL_16297376,Avian,H5N1,2022.762,NorthAmerica,A/chicken/Florida/22-031859-001-original/2022,G5
0,-1,42.0341,17.6471,38.8235,63.5294,41.1765,43.9232,18.4922,44.0967,78.9474,42.6743,47.992,27.4615,46.8855,75.0167,42.1969,44.46,26.5487,47.9739,58.6865,45.6451,43.5931,18.0617,43.1718,61.674,39.6476,45.3667,25.0439,43.9367,71.1775,41.3005,51.1905,33.1126,62.2517,74.1722,51.6556,48.1159,30.479,49.3469,60.9579,44.9927,EPI_ISL_16297377,Avian,H5N1,2022.759,NorthAmerica,A/turkey/Utah/22-031727-001-original/2022,G3
0,-1,41.7989,18.2353,37.6471,65.2941,39.4118,44.2786,17.7809,44.808,83.2148,43.3855,47.5904,26.1219,47.5553,74.347,40.1875,44.3203,25.6171,47.0424,58.6865,47.9739,43.417,18.9427,41.8502,59.4714,40.0881,45.3667,25.0439,43.9367,71.1775,41.3005,51.0582,33.1126,62.2517,72.8477,51.6556,47.6812,26.1248,46.4441,62.4093,43.5414,EPI_ISL_16297378,Avian,H5N1,2022.762,NorthAmerica,A/chicken/Arkansas/22-031676-001-original/2022,G3
0,-1,41.8577,18.2353,38.2353,65.2941,40,44.2786,17.7809,44.808,83.2148,43.3855,47.5904,26.1219,47.5553,74.347,40.1875,44.3203,25.6171,47.0424,58.6865,47.9739,43.417,18.9427,41.8502,59.4714,40.0881,45.5863,24.6046,43.9367,71.1775,42.6186,51.0582,33.1126,62.2517,72.8477,51.6556,47.6812,26.1248,46.4441,62.4093,43.5414,EPI_ISL_16297379,Avian,H5N1,2022.762,NorthAmerica,A/chicken/Arkansas/22-031667-003-original/2022,G3
0,-1,42.0341,17.6471,38.8235,63.5294,41.1765,43.9232,18.4922,44.0967,78.9474,42.6743,47.992,27.4615,46.8855,75.0167,42.1969,44.46,26.5487,47.9739,58.6865,45.6451,43.5931,18.0617,43.1718,62.1145,39.6476,45.4106,25.0439,43.9367,71.6169,41.3005,51.1905,33.1126,62.2517,74.1722,51.6556,48.1159,30.479,49.3469,60.9579,44.9927,EPI_ISL_16297380,Avian,H5N1,2022.795,NorthAmerica,A/turkey/Utah/22-033401-002-original/2022,G3
0,-1,41.9753,16.4706,38.8235,65.2941,41.7647,43.9943,18.4922,44.0967,82.5036,42.6743,47.7242,26.1219,46.2157,75.6865,37.5084,43.2495,21.4252,45.1793,55.8919,42.8505,42.5804,17.6211,40.5286,57.7093,38.7665,45.5863,25.4833,43.4974,67.6626,42.1793,50.7937,34.4371,62.2517,70.1987,52.9801,46.6667,24.6734,47.8955,62.4093,53.701,EPI_ISL_16297381,Avian,H5N1,2022.773,NorthAmerica,A/chicken/Michigan/22-032218-001-original/2022,G5
0,-1,42.0341,18.2353,38.8235,64.1176,41.1765,43.9943,18.4922,44.0967,78.9474,42.6743,47.925,27.4615,46.8855,75.0167,41.5271,44.4134,26.0829,47.9739,58.6865,45.6451,43.5931,18.0617,43.1718,61.674,39.6476,45.3228,25.0439,43.9367,71.1775,41.3005,51.0582,31.7881,62.2517,72.8477,51.6556,48.1159,30.479,49.3469,60.9579,44.9927,EPI_ISL_16297382,Avian,H5N1,2022.759,NorthAmerica,A/turkey/Utah/22-031721-004-original/2022,G3
1,-1,42.2105,17.6471,38.8235,65.2941,41.1765,44.3497,19.2034,45.5192,82.5036,42.6743,47.8581,26.1219,48.2251,75.0167,40.1875,44.1806,25.1514,47.0424,58.2208,46.5766,43.417,18.5022,42.2907,60.793,39.6476,45.2789,25.0439,43.4974,70.7381,39.9824,50.9259,33.1126,62.2517,72.8477,51.6556,48.1159,30.479,50.7983,60.9579,44.9927,EPI_ISL_16367899,Canine,H5N1,2022.34,NorthAmerica,A/Red_Fox/SK/FAV-0824-96/2022,G3
1,-1,42.2105,18.8235,38.8235,65.2941,41.1765,44.1365,17.7809,44.0967,82.5036,43.3855,47.8581,26.7917,47.5553,75.0167,40.8573,44.3669,25.1514,47.0424,59.6181,46.5766,43.461,18.5022,42.2907,61.2335,40.0881,45.4545,24.6046,43.9367,70.7381,41.7399,50.9259,33.1126,62.2517,72.8477,51.6556,47.971,29.0276,50.7983,62.4093,44.9927,EPI_ISL_16367971,OtherMammal,H5N1,2022.408,NorthAmerica,A/Striped_Skunk/SK/FAV-0824-01/2022,G3
0,-1,41.4462,17.6471,36.4706,65.2941,40.5882,44.3497,19.2034,45.5192,79.6586,42.6743,47.7242,26.7917,45.5459,75.6865,35.499,44.3669,24.2198,45.1793,61.9469,46.5766,43.2567,18.5018,37.9061,61.8231,42.4188,44.4005,20.2109,42.1793,64.1476,39.5431,50.9259,35.7616,64.9007,74.1722,52.9801,46.8116,24.6734,46.4441,66.7634,53.701,EPI_ISL_16384125,Avian,H5N1,2022.83,Europe,A/pheasant/England/331075/2022,G2
0,-1,41.505,17.6471,38.8235,63.5294,41.7647,44.7761,22.0484,46.9417,79.6586,42.6743,47.7912,28.8011,46.2157,75.6865,35.499,44.1806,23.2883,44.2478,61.0154,47.5082,43.2409,19.3833,38.7665,61.2335,43.1718,44.3566,19.3322,42.1793,65.4657,40.4218,50.9259,35.7616,64.9007,72.8477,52.9801,46.2319,24.6734,46.4441,60.9579,53.701,EPI_ISL_16384127,Avian,H5N1,2022.822,Europe,A/grey_heron/England/142125/2022,G2
0,-1,41.9753,17.6471,38.2353,64.1176,43.5294,44.634,19.9147,45.5192,83.926,42.6743,47.7242,28.1313,46.2157,75.6865,34.8292,44.2272,24.2198,44.7136,61.0154,46.1109,43.373,20.2643,39.207,62.1145,42.7313,44.7079,21.0896,43.058,65.9051,39.1037,50.7937,34.4371,66.2252,72.8477,54.3046,46.6667,24.6734,49.3469,66.7634,55.1524,EPI_ISL_16384128,Avian,H5N1,2022.819,Europe,A/turkey/England/141610/2022,G12
0,-1,41.9753,17.6471,38.2353,64.1176,43.5294,44.7761,20.6259,45.5192,83.2148,43.3855,47.5904,27.4615,45.5459,75.6865,34.8292,44.1341,24.2198,44.2478,60.0838,46.1109,43.373,20.7048,39.207,62.5551,42.7313,44.7079,21.0896,43.058,65.9051,39.5431,50.7937,34.4371,64.9007,72.8477,52.9801,46.5217,24.6734,49.3469,66.7634,53.701,EPI_ISL_16384129,Avian,H5N1,2022.803,Europe,A/turkey/England/138376/2022,G12
0,-1,41.9165,17.6471,38.2353,64.1176,43.5294,44.634,20.6259,45.5192,83.2148,43.3855,47.7242,28.1313,46.2157,75.6865,35.499,44.041,24.2198,43.782,59.6181,45.1793,43.417,20.7048,39.207,62.5551,42.7313,44.7079,21.0896,43.058,65.9051,39.5431,50.6614,34.4371,64.9007,72.8477,52.9801,46.5217,24.6734,49.3469,66.7634,53.701,EPI_ISL_16384137,Avian,H5N1,2022.8,Europe,A/domestic_duck/England/137953/2022,G12
0,-1,41.5638,17.0588,38.8235,64.1176,41.7647,44.8472,20.6259,46.2304,81.7923,43.3855,47.7912,28.1313,46.2157,77.0261,35.499,43.9944,22.3568,43.782,61.0154,47.5082,43.2849,19.8238,38.7665,61.2335,43.1718,44.4444,20.2109,42.1793,65.4657,40.4218,50.7937,34.4371,64.9007,72.8477,52.9801,45.942,23.2221,46.4441,60.9579,53.701,EPI_ISL_16384138,Avian,H5N1,2022.784,Europe,A/domestic_goose/England/132125/2022,G2
0,-1,41.7402,17.6471,37.6471,65.2941,41.1765,44.2075,18.4922,45.5192,78.9474,41.963,47.5904,25.4521,46.2157,75.6865,34.8292,44.2737,23.2883,45.1793,61.4811,46.5766,43.3289,19.8238,37.8855,61.2335,43.1718,44.4444,19.3322,42.1793,65.0264,39.9824,50.9259,35.7616,64.9007,74.1722,52.9801,46.8116,24.6734,46.4441,66.7634,53.701,EPI_ISL_16384139,Avian,H5N1,2022.723,Europe,A/domestic_goose/England/121576/2022,G2
0,-1,41.505,17.6471,38.2353,64.1176,40,44.1365,18.4922,45.5192,78.9474,42.6743,47.5904,25.4521,46.2157,76.3563,34.8292,44.5065,24.6856,44.7136,62.8784,47.0424,43.2159,19.8413,38.3598,59.9647,42.769,44.5323,20.2109,41.7399,65.9051,39.5431,50.7937,35.7616,64.9007,74.1722,52.9801,46.8116,24.6734,46.4441,66.7634,53.701,EPI_ISL_16384140,Avian,H5N1,2022.874,Europe,A/Domestic_goose/England/153783/2022,G2
0,-1,41.6814,17.6471,38.8235,64.1176,41.7647,44.705,21.3371,46.2304,81.7923,41.2518,47.7912,28.1313,46.2157,76.3563,35.499,44.1341,22.8225,44.7136,60.0838,47.0424,43.1528,19.3833,38.326,60.793,42.7313,44.4444,20.2109,42.1793,65.9051,40.4218,50.9259,35.7616,66.2252,72.8477,51.6556,46.3768,24.6734,46.4441,63.8607,53.701,EPI_ISL_16384141,Avian,H5N1,2022.874,Europe,A/Chicken/Scotland/153852/2022,G2
0,-1,41.505,18.2353,38.8235,64.1176,41.7647,44.705,21.3371,46.2304,81.0811,42.6743,47.7242,28.1313,46.2157,75.6865,35.499,44.1341,23.2883,44.2478,61.0154,47.5082,43.1968,19.8238,37.8855,61.674,42.7313,44.4738,19.8238,42.2907,66.0793,40.5286,50.9259,35.7616,64.9007,72.8477,52.9801,46.3768,26.1248,46.4441,60.9579,53.701,EPI_ISL_16384142,Avian,H5N1,2022.882,Europe,A/Chicken/England/154150/2022,
0,-1,41.9165,17.6471,37.6471,65.8824,41.7647,44.1595,17.819,46.3293,79.8289,41.34,47.5234,25.4521,46.2157,75.6865,34.8292,44.3669,23.2883,44.7136,62.8784,46.5766,43.2624,19.5122,37.694,60.7539,42.5721,44.4884,19.7715,42.1793,64.587,40.4218,50.9259,35.7616,64.9007,74.1722,51.6556,46.5217,24.6734,44.9927,69.6662,50.7983,EPI_ISL_16384143,Avian,H5N1,2022.882,Europe,A/Turkey/England/154210/2022,G2
0,-1,41.4462,17.0588,38.8235,63.5294,41.7647,44.634,20.6259,46.2304,81.0811,42.6743,47.7242,28.1313,46.2157,75.0167,36.1688,44.2272,23.2883,44.2478,61.0154,47.5082,43.1528,19.8238,38.326,61.2335,42.7313,44.3127,19.7715,42.1793,65.0264,40.4218,51.0582,35.7616,64.9007,72.8477,52.9801,46.3768,24.6734,46.4441,62.4093,53.701,EPI_ISL_16384144,Avian,H5N1,2022.882,Europe,A/Domestic_duck/England/154301/2022,G2
0,-1,41.6814,17.6471,38.8235,64.1176,41.7647,44.705,21.3371,46.2304,81.0811,42.6743,47.8581,28.1313,46.2157,76.3563,36.1688,44.0875,22.8225,44.2478,60.0838,47.0424,43.1088,19.3833,38.326,60.3524,42.7313,44.4444,20.2109,42.1793,65.9051,40.4218,50.9259,35.7616,66.2252,72.8477,51.6556,46.3768,24.6734,46.4441,63.8607,53.701,EPI_ISL_16384145,Avian,H5N1,2022.882,Europe,A/Chicken/Scotland/153380/2022,G2
0,-1,41.4462,17.6471,38.2353,64.1176,40,44.2075,18.4922,45.5192,78.9474,42.6743,47.5904,25.4521,46.8855,76.3563,36.1688,44.4134,24.2198,44.7136,62.4127,46.5766,43.2409,19.8238,38.326,60.3524,42.7313,44.5762,20.2109,41.7399,65.9051,40.4218,50.7937,35.7616,64.9007,74.1722,52.9801,46.6667,24.6734,46.4441,66.7634,53.701,EPI_ISL_16384146,Avian,H5N1,2022.885,Europe,A/Chicken/England/154451/2022,G2
0,-1,41.6814,17.6471,37.6471,65.2941,41.1765,44.2786,18.4922,45.5192,78.9474,43.3855,47.5234,25.4521,46.2157,75.6865,34.8292,44.2737,23.2883,44.7136,61.9469,46.5766,43.1968,19.3833,37.8855,60.3524,43.6123,44.6201,19.7715,42.1793,65.4657,41.3005,50.9259,35.7616,64.9007,74.1722,52.9801,46.5217,23.2221,44.9927,66.7634,53.701,EPI_ISL_16384147,Avian,H5N1,2022.885,Europe,A/Chicken/England/155942/2022,G2
0,-1,41.9753,17.0588,37.6471,64.7059,43.5294,44.5629,19.9147,45.5192,83.2148,42.6743,47.5904,28.1313,45.5459,75.6865,34.8292,44.1341,24.2198,44.2478,60.5496,45.6451,43.417,21.1454,39.207,62.5551,42.7313,44.7079,21.0896,43.058,65.9051,39.5431,50.7937,34.4371,64.9007,72.8477,52.9801,46.5217,24.6734,49.3469,66.7634,53.701,EPI_ISL_16384148,Avian,H5N1,2022.888,Europe,A/Turkey/England/156090/2022,G12
0,-1,41.7219,18.0832,37.3719,66.305,40.9885,45.0533,19.802,46.4585,79.9695,44.9353,47.5234,25.4521,46.2157,77.0261,34.8292,44.1589,22.4614,43.9869,62.2368,46.7946,43.5242,20.2822,38.3598,61.2875,44.0917,44.7847,19.9822,42.6288,65.7194,41.7407,51.0582,35.7616,64.9007,74.1722,52.9801,46.5217,23.2221,44.9927,66.7634,53.701,EPI_ISL_16384149,Avian,H5N1,2022.885,Europe,A/Turkey/England/155093/2022,G2
0,-1,41.7402,17.6471,38.2353,65.2941,41.1765,44.2786,18.4922,45.5192,79.6586,42.6743,47.5234,26.1219,45.5459,75.6865,35.499,44.2737,23.7541,44.2478,61.9469,46.5766,43.2409,19.3833,38.326,60.3524,42.7313,44.4884,20.6503,41.7399,64.587,39.9824,51.0582,37.0861,64.9007,75.4967,52.9801,46.8116,24.6734,46.4441,66.7634,53.701,EPI_ISL_16384152,Avian,H5N1,2022.877,Europe,A/Barnacle_goose/Northern_Ireland/159014/2022,G2
0,-1,42.0929,17.6471,38.8235,65.8824,43.5294,44.634,24.1821,44.0967,81.7923,43.3855,47.4565,27.4615,46.8855,75.0167,34.8292,44.5065,24.6856,45.1793,61.0154,47.0424,43.1528,20.2643,39.207,61.2335,41.8502,44.7958,21.0896,43.058,65.0264,39.5431,50.6614,34.4371,63.5762,74.1722,52.9801,47.1014,23.2221,50.7983,66.7634,55.1524,EPI_ISL_16384153,Avian,H5N1,2022.899,Europe,A/Chicken/England/159386/2022,G2
0,-1,41.6814,17.6471,38.8235,64.1176,41.7647,44.634,21.3371,46.2304,81.0811,42.6743,47.8581,28.1313,46.2157,76.3563,36.1688,44.0875,22.8225,44.2478,60.0838,47.0424,43.1088,19.3833,38.326,60.3524,42.7313,44.4444,20.2109,42.1793,65.9051,40.4218,50.9259,35.7616,66.2252,72.8477,51.6556,46.3768,24.6734,46.4441,63.8607,53.701,EPI_ISL_16384154,Avian,H5N1,2022.901,Europe,A/Chicken/Scotland/159456/2022,G2
0,-1,41.7989,18.8235,38.8235,65.8824,41.1765,44.7761,19.9147,46.2304,81.0811,44.0967,47.2557,25.4521,45.5459,74.347,35.499,44.2737,23.7541,44.7136,62.4127,46.5766,43.3289,19.8238,37.8855,60.793,43.6123,44.7079,20.2109,42.1793,65.9051,40.4218,50.5291,34.4371,64.9007,72.8477,52.9801,46.5217,24.6734,46.4441,65.312,53.701,EPI_ISL_16384155,Avian,H5N1,2022.901,Europe,A/Chicken/England/159529/2022,G2
0,-1,41.7402,17.6471,38.2353,64.7059,41.1765,44.4918,20.6259,44.0967,83.926,44.0967,47.7912,26.1219,46.2157,76.3563,36.1688,44.2272,24.2198,44.2478,61.0154,46.5766,43.1088,19.3833,38.7665,59.9119,41.4097,44.7519,19.7715,41.7399,65.4657,41.7399,50.3968,34.4371,64.9007,71.5232,52.9801,46.2319,24.6734,47.8955,60.9579,53.701,EPI_ISL_16384156,Avian,H5N1,2022.907,Europe,A/Domestic_duck/England/159770/2022,G2
0,-1,41.7402,17.6471,38.2353,64.7059,41.1765,44.634,21.3371,44.0967,83.926,44.0967,47.7912,26.1219,46.2157,76.3563,36.1688,44.2272,24.2198,44.2478,61.0154,46.5766,43.0647,19.3833,38.7665,59.9119,41.4097,44.7958,19.7715,42.1793,66.3445,42.1793,50.3968,34.4371,64.9007,71.5232,52.9801,46.2319,24.6734,47.8955,60.9579,53.701,EPI_ISL_16384157,Avian,H5N1,2022.91,Europe,A/Peregrine_falcon/England/161113/2022,G2
0,-1,41.6226,18.2353,38.8235,65.2941,42.3529,44.8472,20.6259,46.2304,81.0811,43.3855,47.6573,28.1313,45.5459,75.6865,35.499,44.2272,23.2883,44.2478,61.4811,47.0424,43.1968,19.8238,38.326,61.2335,43.1718,44.4444,19.7715,42.1793,65.9051,40.4218,50.6614,34.4371,64.9007,72.8477,52.9801,46.2319,24.6734,46.4441,60.9579,53.701,EPI_ISL_16384158,Avian,H5N1,2022.91,Europe,A/Domestic_Goose/England/161197/2022,G2
0,-1,41.8577,18.2353,38.2353,64.1176,41.7647,44.4918,19.9147,44.808,81.7923,43.3855,47.3896,26.1219,45.5459,75.6865,35.499,43.6685,20.4937,44.2478,58.6865,45.6451,43.1968,19.3833,38.326,59.9119,42.7313,45.2789,25.0439,45.6942,68.5413,39.1037,50.5291,34.4371,66.2252,72.8477,51.6556,46.2319,24.6734,47.8955,62.4093,53.701,EPI_ISL_16384159,Avian,H5N1,2022.923,Europe,A/Humboldt_penguin/England/161651/2022,G13
0,-1,41.6814,17.6471,38.8235,64.1176,41.7647,44.705,21.3371,46.2304,81.0811,42.6743,47.8581,28.1313,46.2157,76.3563,36.1688,44.0875,22.8225,44.2478,60.0838,47.0424,43.1528,19.3833,38.326,60.3524,42.7313,44.4444,20.2109,42.1793,65.9051,40.4218,50.9259,35.7616,66.2252,72.8477,51.6556,46.3768,24.6734,46.4441,63.8607,53.701,EPI_ISL_16384160,Avian,H5N1,2022.929,Europe,A/chicken/Scotland/163935/2022,G2
0,-1,41.6226,17.6471,37.6471,65.2941,41.1765,44.2786,19.2034,45.5192,79.6586,41.963,47.4565,24.7823,46.2157,75.6865,34.8292,44.2737,23.2883,45.1793,61.0154,46.5766,43.461,20.7048,38.326,61.2335,43.1718,44.4444,19.3322,42.1793,65.0264,39.9824,51.0582,35.7616,66.2252,74.1722,54.3046,46.8116,26.1248,46.4441,66.7634,52.2496,EPI_ISL_16384161,Avian,H5N1,2022.929,Europe,A/domestic_duck/England/164793/2022,G2
0,-1,41.6226,17.6471,39.4118,64.1176,41.7647,44.634,19.9147,44.808,82.5036,43.3855,47.5234,26.7917,46.8855,75.6865,36.1688,44.2529,22.9995,44.0824,61.3321,48.3948,43.3511,19.9557,39.4678,61.1973,43.0155,44.5922,20.3991,41.6851,64.3016,40.3548,50.3968,33.1126,64.9007,72.8477,51.6556,45.6522,23.2221,47.8955,58.0552,50.7983,EPI_ISL_16384162,Avian,H5N1,2022.951,Europe,A/chicken/England/169222/2022,G2
0,-1,41.7402,18.2353,38.8235,64.1176,41.7647,44.7761,21.3371,44.808,81.7923,44.0967,47.6573,27.4615,46.2157,76.3563,36.1688,43.9944,23.2883,44.7136,60.0838,47.5082,43.2849,20.2643,38.7665,61.2335,42.7313,44.4005,19.3322,41.7399,63.7083,39.1037,50.9259,34.4371,64.9007,72.8477,54.3046,46.087,24.6734,49.3469,58.0552,53.701,EPI_ISL_16384163,Avian,H5N1,2022.951,Europe,A/domestic_goose/England/169312/2022,G2
0,-1,41.9374,18.0614,37.3269,65.0211,42.1433,44.634,21.3371,44.808,82.5036,43.3855,47.5321,25.0338,46.0081,75.7781,35.8593,43.4415,19.7554,43.2738,58.3255,45.6256,43.1716,17.9775,36.8539,60.2247,43.1461,45.4627,24.6085,46.085,69.3512,39.821,50.7937,34.4371,66.2252,72.8477,51.6556,46.2264,26.7717,45.6693,61.4173,53.5433,EPI_ISL_16384164,Avian,H5N1,2022.912,Europe,A/pink-footed_goose/Scotland/163834/2022,G13
0,-1,41.7989,17.6471,37.6471,64.1176,41.7647,44.9528,21.8023,45.7849,83.5756,42.8779,47.4565,25.4521,45.5459,75.6865,36.1688,43.633,20.6089,44.4965,58.0796,45.9016,43.0837,18.5185,37.478,59.5238,43.2099,45.2548,24.6262,45.7344,68.6016,39.1381,50.7937,34.4371,66.2252,72.8477,51.6556,46.5593,24.9633,48.4581,60.2056,54.3319,EPI_ISL_16384165,Avian,H5N1,2022.896,Europe,A/pink-footed_goose/Scotland/163839/2022,G13
0,-1,41.4462,17.6471,37.0588,64.1176,40.5882,44.2786,19.2034,44.808,79.6586,42.6743,47.4565,26.1219,45.5459,75.6865,35.499,44.3669,23.7541,44.7136,62.4127,46.5766,43.2409,19.3833,38.326,60.3524,43.1718,44.5762,20.2109,42.1793,65.0264,40.4218,50.9259,35.7616,64.9007,74.1722,52.9801,46.8116,24.6734,46.4441,66.7634,53.701,EPI_ISL_16384166,Avian,H5N1,2022.89,Europe,A/mute_swan/Scotland/164387/2022,G2
0,-1,41.5638,16.4706,38.2353,64.7059,41.7647,44.705,21.3371,44.808,81.7923,44.0967,47.3469,25.8679,45.6093,75.5616,34.7175,44.3203,24.2198,45.1793,61.0154,47.5082,43.3289,20.2643,38.7665,61.674,42.7313,44.3077,19.7976,41.795,64.2323,39.5952,50.9259,34.4371,64.9007,72.8477,54.3046,45.5882,25.0737,48.6726,57.5221,51.6224,EPI_ISL_16384167,Avian,H5N1,2022.923,Europe,A/greylag_goose/England/316980/2022,G2
0,-1,41.6814,17.6471,37.0588,65.2941,40.5882,44.0654,18.4922,44.808,78.2361,41.963,47.5904,25.4521,46.2157,76.3563,34.8292,44.1806,22.8225,44.2478,61.4811,45.6451,43.2849,19.8238,37.4449,61.2335,43.1718,44.4444,19.7715,42.1793,65.0264,40.4218,50.9259,35.7616,64.9007,74.1722,52.9801,46.8116,24.6734,46.4441,66.7634,53.701,EPI_ISL_16384168,Avian,H5N1,2022.912,Europe,A/greylag_goose/England/255248/2022,G2
0,-1,41.6814,17.6471,38.8235,64.7059,41.7647,44.634,21.3371,44.808,81.7923,44.0967,47.5234,26.7917,46.2157,75.6865,35.499,44.2737,24.2198,45.1793,60.5496,47.5082,43.4627,20.0893,38.8393,62.5,42.8571,44.3566,19.7715,42.1793,64.1476,39.5431,51.0667,34.713,65.4206,73.4312,54.7397,45.942,24.6734,49.3469,59.5065,53.701,EPI_ISL_16384169,Avian,H5N1,2022.921,Europe,A/peregrine_falcon/England/255567/2022,G2
0,-1,41.7119,18.0941,37.9976,66.345,40.4101,44.7309,20.5011,46.3174,80.486,43.2802,47.5398,24.9653,45.0763,75.5895,36.7545,44.382,23.4192,44.0281,61.8267,48.7119,43.125,19.7664,37.7358,59.7484,42.6774,44.5255,21.0046,42.4658,63.9269,40.1826,50.8678,34.8525,65.6836,75.067,52.2788,46.9809,25.2226,47.4777,62.3145,54.8961,EPI_ISL_16384170,Avian,H5N1,2022.893,Europe,A/canada_goose/England/119462/2022,G2
0,-1,41.7122,18.226,37.6671,65.0061,41.9198,44.2786,18.4922,45.5192,78.9474,42.6743,47.29,24.4068,45.4237,74.5763,34.5763,44.252,22.6179,43.3109,62.5602,47.642,43.0883,19.4265,37.0028,61.9796,41.1656,44.6092,19.3258,41.3483,66.0674,41.3483,51.25,31.9889,72.3227,76.4951,55.6328,46.793,24.8538,46.7836,65.7895,54.0936,EPI_ISL_16384171,Avian,H5N1,2022.896,Europe,A/mute_swan/England/119557/2022,G2
0,-1,41.5638,17.6471,38.2353,65.2941,40,44.239,19.2308,44.8718,79.7721,42.0228,47.5134,25.5548,45.0572,75.3194,36.3147,44.3203,23.7541,44.7136,61.9469,47.0424,43.2849,19.3833,38.326,60.793,42.7313,44.5783,19.6429,42.4107,66.0714,41.0714,50.7937,35.7616,64.9007,72.8477,52.9801,46.8705,24.7813,46.6472,65.5977,53.9359,EPI_ISL_16384172,Avian,H5N1,2022.893,Europe,A/domestic_goose/England/119665/2022,G2
0,-1,41.6226,17.0588,38.2353,64.1176,41.1765,44.3497,18.4922,44.808,78.9474,43.3855,47.5134,25.572,45.7604,74.6972,34.9933,44.2737,22.8225,44.7136,62.4127,46.5766,43.3363,19.4518,38.0195,61.008,43.3245,44.5323,19.3322,42.1793,64.587,41.7399,50.9409,34.9933,65.9489,72.6783,52.4899,46.9298,24.8902,45.388,65.8858,54.1728,EPI_ISL_16384173,Avian,H5N1,2022.915,Europe,A/black-headed_gull/England/119699/2022,G2
0,-1,41.6961,17.089,38.3029,64.231,41.2493,44.3497,18.4922,44.808,78.9474,43.3855,47.5904,26.1219,46.2157,75.6865,34.8292,44.3203,23.2883,44.7136,62.8784,46.5766,43.2849,19.8238,37.8855,60.793,43.1718,44.6229,18.75,41.9643,65.1786,41.9643,50.7937,35.7616,64.9007,72.8477,52.9801,46.9565,24.6734,44.9927,65.312,53.701,EPI_ISL_16384174,Avian,H5N1,2022.915,Europe,A/black-headed_gull/England/119705/2022,G2
0,-1,41.3874,17.6471,37.0588,64.1176,40.5882,44.2075,19.2034,44.0967,79.6586,42.6743,47.4565,26.1219,45.5459,75.6865,35.499,44.3203,23.7541,44.7136,62.4127,46.5766,43.1968,19.3833,38.326,60.3524,42.7313,44.5762,20.2109,42.1793,65.0264,40.4218,50.9259,35.7616,64.9007,74.1722,52.9801,46.8116,24.6734,46.4441,66.7634,53.701,EPI_ISL_16384175,Avian,H5N1,2022.915,Europe,A/mute_swan/England/119719/2022,G2
0,-1,41.6814,18.2353,38.8235,64.1176,42.3529,44.5629,19.2034,44.808,82.5036,43.3855,47.5904,27.4615,47.5553,75.6865,36.1688,44.2272,23.7541,45.1793,61.0154,47.5082,43.2409,20.2643,39.207,61.2335,41.4097,44.633,18.8246,41.3223,66.1157,40.404,50.7937,35.7616,64.9007,72.8477,51.6556,45.5072,23.2221,47.8955,59.5065,50.7983,EPI_ISL_16384176,Avian,H5N1,2022.912,Europe,A/mute_swan/England/119728/2022,G2
0,-1,41.505,17.6471,38.8235,63.5294,41.7647,44.705,22.0484,46.2304,81.0811,42.6743,47.7242,28.8011,46.2157,76.3563,36.1688,44.1806,23.2883,44.2478,61.0154,47.5082,43.1968,19.8238,38.326,61.674,42.7313,44.4005,19.7715,42.6186,65.0264,40.8612,51.0582,35.7616,66.2252,72.8477,52.9801,46.087,24.6734,44.9927,60.9579,53.701,EPI_ISL_16384177,Avian,H5N1,2022.915,Europe,A/canada_goose/England/119759/2022,G2
0,-1,41.6226,17.6471,37.6471,65.2941,40.5882,44.0654,17.7809,45.5192,77.5249,42.6743,47.5904,26.1219,46.2157,75.6865,35.499,44.1806,23.2883,43.782,61.4811,46.5766,43.1088,18.9427,37.4449,60.3524,43.6123,44.3127,19.7715,42.1793,64.1476,39.5431,50.9259,35.7616,64.9007,74.1722,52.9801,46.6667,24.6734,44.9927,66.7634,53.701,EPI_ISL_16384178,Avian,H5N1,2022.912,Europe,A/canada_goose/England/119770/2022,G2
0,-1,41.7402,17.0588,38.8235,64.7059,41.1765,44.3497,17.7809,44.808,78.9474,43.3855,47.5904,26.1219,46.2157,75.6865,34.8292,44.2737,23.7541,44.7136,62.4127,46.5766,43.1968,19.8238,37.8855,60.793,43.1718,44.5323,19.7715,42.1793,65.0264,41.3005,50.9259,35.7616,64.9007,72.8477,54.3046,46.6667,24.6734,44.9927,66.7634,53.701,EPI_ISL_16384179,Avian,H5N1,2022.926,Europe,A/mute_swan/England/119898/2022,G2
0,-1,41.505,17.6471,37.6471,64.1176,40.5882,44.2786,18.4922,45.5192,77.5249,43.3855,47.3226,24.1125,45.5459,75.0167,34.8292,44.1806,23.2883,44.2478,61.9469,46.5766,43.1968,19.8238,37.8855,60.3524,42.7313,44.5323,20.2109,42.1793,65.0264,40.4218,50.5291,34.4371,64.9007,74.1722,52.9801,46.6667,24.6734,46.4441,66.7634,53.701,EPI_ISL_16384180,Avian,H5N1,2022.929,Europe,A/greylag_goose/England/119911/2022,G2
0,-1,41.505,17.6471,38.2353,65.2941,40,44.2786,19.2034,44.808,79.6586,42.6743,47.4565,26.1219,44.8761,75.6865,35.499,44.4134,23.7541,44.7136,62.8784,46.5766,43.1968,19.3833,37.8855,61.2335,42.7313,44.664,20.2109,42.1793,65.4657,41.3005,51.0582,35.7616,64.9007,74.1722,54.3046,46.6667,24.6734,46.4441,66.7634,53.701,EPI_ISL_16384181,Avian,H5N1,2022.929,Europe,A/mute_swan/England/119920/2022,G2
0,-1,41.6814,17.6471,37.6471,64.1176,40.5882,44.4918,19.9147,44.0967,82.5036,43.3855,47.5234,25.4521,46.8855,75.6865,35.499,43.4823,20.4937,44.2478,58.2208,45.6451,43.0647,18.9427,37.8855,59.4714,42.7313,45.2789,24.6046,45.6942,68.5413,39.1037,50.6614,34.4371,66.2252,71.5232,51.6556,46.3768,24.6734,47.8955,60.9579,53.701,EPI_ISL_16384182,Avian,H5N1,2022.929,Europe,A/greylag_goose/England/119927/2022,G13
0,-1,41.8452,18.4634,38.7135,64.9196,42.2871,44.8472,21.3371,44.808,81.0811,44.808,47.7242,27.4615,46.2157,77.0261,36.1688,43.9013,22.8225,44.2478,59.6181,47.5082,43.1565,19.6429,37.9464,61.6071,42.8571,44.4005,19.7715,41.7399,63.7083,39.1037,50.9259,34.4371,64.9007,72.8477,54.3046,46.087,24.6734,49.3469,58.0552,53.701,EPI_ISL_16384184,Avian,H5N1,2022.929,Europe,A/pheasant/England/119954/2022,G2
0,-1,41.7402,18.2353,38.8235,64.7059,41.7647,44.9183,21.3371,44.808,81.7923,44.808,47.7242,27.4615,46.2157,77.0261,36.1688,43.8752,22.8438,44.289,59.6737,47.5524,43.3289,20.2643,38.7665,61.2335,43.1718,44.4005,19.7715,41.7399,63.7083,39.1037,51.0667,34.713,65.4206,73.4312,54.7397,46.087,24.6734,49.3469,58.0552,53.701,EPI_ISL_16384185,Avian,H5N1,2022.929,Europe,A/pheasant/England/119956/2022,G2
0,-1,41.7423,18.1598,37.5303,65.3753,41.1622,44.3497,18.4922,45.5192,78.9474,42.6743,47.3613,24.3902,45.393,74.5257,34.5528,44.2263,23.8541,44.9018,61.7399,46.305,43.3289,19.8238,38.7665,60.793,42.7313,44.6508,20.7873,42.0168,65.0155,40.2477,50.7937,35.7616,64.9007,74.1722,51.6556,46.8429,25.1108,48.7445,66.4697,53.1758,EPI_ISL_16384189,Avian,H5N1,2022.915,Europe,A/canada_goose/England/334519/2022,G2
0,-1,41.7122,17.6185,37.6671,65.6136,41.9198,44.5629,19.9147,44.808,82.5036,43.3855,47.3361,24.607,45.7963,75.188,35.5434,43.4823,19.5622,44.2478,57.755,46.1109,43.1746,19.0563,37.2051,60.3448,41.7423,45.3936,25.0784,46.5741,68.0699,39.4089,50.7937,34.4371,66.2252,72.8477,51.6556,46.3768,24.6734,47.8955,60.9579,53.701,EPI_ISL_16384190,Avian,H5N1,2022.915,Europe,A/mute_swan/England/334590/2022,G13
0,-1,41.505,17.6471,38.8235,63.5294,41.7647,44.634,21.3371,45.5192,80.3698,42.6743,47.7242,28.1313,46.2157,75.6865,35.499,44.2272,23.2883,43.782,61.0154,48.4397,43.2132,19.5904,38.7355,62.333,42.2974,44.4005,19.3322,42.1793,65.4657,40.4218,51.0582,35.7616,66.2252,72.8477,52.9801,46.2319,24.6734,46.4441,60.9579,53.701,EPI_ISL_16384192,Avian,H5N1,2022.926,Europe,A/greylag_goose/England/334954/2022,G2
0,-1,42.0341,18.2353,38.8235,66.4706,42.9412,44.4208,22.0484,44.0967,81.0811,43.3855,47.4497,27.5538,47.043,75.2688,34.2742,44.4237,24.3218,44.4341,60.8045,46.7727,43.1164,20.4082,39.4854,61.2245,41.7036,44.5762,20.2109,42.6186,65.0264,38.225,50.6122,29.9728,65.3951,74.9319,53.1335,47.2464,23.2221,50.7983,68.2148,55.1524,EPI_ISL_16384194,Avian,H5N1,2022.899,Europe,A/greylag_goose/England/395808/2022,G2
0,-1,41.4462,17.6471,37.0588,64.1176,40.5882,44.2786,19.2034,44.808,79.6586,42.6743,47.4565,26.1219,45.5459,75.6865,35.499,44.3669,23.7541,44.7136,62.4127,46.5766,43.1528,19.3833,38.326,60.3524,42.7313,44.5762,20.2109,42.1793,65.0264,40.4218,50.9259,35.7616,64.9007,74.1722,52.9801,46.8116,24.6734,46.4441,66.7634,53.701,EPI_ISL_16384195,Avian,H5N1,2022.912,Europe,A/mute_swan/England/395870/2022,G2
0,-1,41.4462,17.6471,37.0588,64.1176,40.5882,44.2786,19.2034,44.808,79.6586,42.6743,47.4565,26.1219,45.5459,75.6865,35.499,44.3669,23.7541,44.7136,62.4127,46.5766,43.1528,19.3833,38.326,60.3524,41.8502,44.6508,20.345,42.4591,65.0155,40.69,50.9259,35.7616,64.9007,74.1722,52.9801,46.8116,24.6734,46.4441,66.7634,53.701,EPI_ISL_16384196,Avian,H5N1,2022.912,Europe,A/canada_goose/England/395873/2022,G2
0,-1,41.2811,17.8042,37.3887,64.6884,39.7626,44.4918,19.2034,45.5192,79.6586,43.3855,47.3226,24.1125,45.5459,74.347,36.1688,44.3203,23.7541,45.1793,62.4127,46.1109,43.2181,19.1026,38.2052,59.9733,42.2035,44.5762,20.2109,42.6186,65.0264,39.9824,50.7937,35.7616,64.9007,72.8477,52.9801,46.8116,24.6734,46.4441,68.2148,53.701,EPI_ISL_16384198,Avian,H5N1,2022.945,Europe,A/Chicken/England/167913/2022,G2
0,-1,41.6226,17.6471,37.6471,65.2941,41.1765,44.3497,19.2034,46.2304,79.6586,41.963,47.4565,24.7823,46.2157,75.6865,34.8292,44.2272,22.8225,45.1793,61.0154,46.5766,43.461,20.7048,38.326,61.2335,43.1718,44.5323,19.3322,42.1793,65.0264,39.9824,51.0582,35.7616,66.2252,74.1722,54.3046,46.8116,26.1248,46.4441,66.7634,52.2496,EPI_ISL_16384199,Avian,H5N1,2022.964,Europe,A/domestic_duck/England/170578/2022,G2
0,-1,41.9165,17.6471,38.2353,65.2941,40,44.0654,19.2034,42.6743,80.3698,41.963,47.7242,26.1219,47.5553,74.347,40.1875,45.0652,23.7541,47.0424,64.7415,49.3712,43.8133,20.2643,39.6476,60.793,41.8502,43.9614,21.0896,42.1793,67.2232,36.4675,51.1905,34.4371,64.9007,75.4967,52.9801,45.7757,16.9231,49.2308,70.7692,44.6154,EPI_ISL_16388458,Avian,H5N1,2022.893,Asia,A/whooper_swan/Akita/0511B002/2022,
1,-1,41.4462,17.0588,37.6471,65.2941,40,44.5652,20.3046,44.9601,81.9434,43.5098,47.5234,25.4521,46.2157,75.6865,34.8292,44.3669,24.2198,45.1793,61.9469,47.0424,43.3289,19.3833,38.326,59.9119,42.7313,44.5323,19.7715,42.1793,65.4657,40.4218,51.0582,35.7616,64.9007,75.4967,52.9801,46.8116,24.6734,44.9927,71.1176,50.7983,EPI_ISL_16395206,Feline,H5N1,2022.978,Europe,A/cat/France/22P026544/2022,G2
0,-1,41.9753,17.6471,38.2353,64.1176,43.5294,44.5629,19.9147,44.808,83.2148,42.6743,47.5904,28.1313,45.5459,75.0167,34.8292,44.1341,24.2198,44.2478,60.0838,45.6451,43.417,20.7048,39.207,62.5551,42.7313,44.7079,21.0896,43.058,65.9051,39.5431,50.7937,34.4371,64.9007,72.8477,52.9801,46.3768,24.6734,49.3469,65.312,53.701,EPI_ISL_16398192,Avian,H5N1,2022.795,Europe,A/chicken/England/137719/2022,G12
0,-1,41.9165,18.8235,38.2353,67.0588,41.1765,44.705,21.3371,46.2304,83.2148,41.2518,47.6799,27.6653,46.5587,76.2483,35.7625,44.7393,25.6171,45.6451,61.4811,46.5766,42.9752,19.2926,38.1259,62.4713,39.0446,44.5323,20.6503,43.058,65.0264,39.5431,50.8916,31.5934,67.3077,76.9231,53.5714,46.7249,23.3236,49.5627,67.0554,53.9359,EPI_ISL_16398194,Avian,H5N1,2022.775,Europe,A/pheasant/England/253400/2022,G2
0,-1,41.505,17.6471,38.8235,63.5294,41.7647,45.2489,22.6415,46.0377,81.5094,44.5283,47.5904,28.1313,45.5459,75.6865,35.499,44.2263,23.3863,44.4341,60.8045,47.2404,43.1345,19.889,38.3904,61.9796,41.6281,44.6365,19.9557,42.5721,65.6319,40.7982,50.9358,34.8993,64.4295,73.8255,52.349,45.706,24.7813,46.6472,58.309,53.9359,EPI_ISL_16398195,Avian,H5N1,2022.756,Europe,A/pheasant/England/253128/2022,G2
0,-1,41.9335,17.5879,37.6884,67.2111,42.0854,44.3497,19.2034,45.5192,79.6586,42.6743,47.4565,25.4521,45.5459,75.0167,35.499,44.4288,23.8876,44.9649,62.2951,46.8384,43.2048,19.752,37.6665,61.5526,40.4226,44.6358,20.318,42.8445,64.9293,41.0777,50.9987,34.8059,65.5957,73.6278,53.5475,46.9565,24.6734,46.4441,66.7634,53.701,EPI_ISL_16398196,Avian,H5N1,2022.77,Europe,A/black-headed_gull/England/130041/2022,G2
0,-1,41.2915,17.7936,37.3665,64.6501,39.739,44.4918,19.2034,45.5192,79.6586,43.3855,47.3226,24.1125,45.5459,74.347,36.1688,44.3203,23.7541,45.1793,62.4127,46.1109,43.2181,19.5817,37.8282,60.0801,42.2786,44.5762,20.2109,42.6186,65.0264,39.9824,50.7937,35.7616,64.9007,72.8477,52.9801,46.8116,24.6734,46.4441,68.2148,53.701,EPI_ISL_16443924,Avian,H5N1,2022.945,Europe,A/domestic_duck/England/167913/2022,G2
0,-1,41.5638,17.6471,37.6471,65.2941,41.1765,44.2786,19.2034,45.5192,79.6586,41.963,47.4565,24.7823,46.2157,75.6865,34.8292,44.2737,23.2883,45.1793,61.0154,46.5766,43.461,20.7048,38.326,61.2335,43.1718,44.4444,19.3322,42.1793,65.0264,39.9824,51.0582,35.7616,66.2252,74.1722,54.3046,46.8116,26.1248,46.4441,66.7634,52.2496,EPI_ISL_16444163,Avian,H5N1,2022.94,Europe,A/domestic_duck/England/165186/2022,G2
2,-1,42.0341,20.5882,37.0588,65.8824,41.1765,44.2587,20.3785,45.1237,71.3246,42.9403,47.8581,26.7917,46.8855,73.0074,41.5271,44.041,23.7541,45.6451,58.6865,46.5766,42.7125,18.0617,38.326,59.9119,40.9692,44.4005,19.3322,42.1793,69.42,36.9069,51.455,33.1126,66.2252,72.8477,52.9801,45.5072,27.5762,47.8955,63.8607,46.4441,EPI_ISL_16466440,Human,H5N6,2022.86,Asia,A/Changsha/1/2022,
0,-1,41.7989,18.2353,38.8235,62.9412,42.3529,44.5629,19.2034,44.0967,82.5036,44.0967,48.1928,28.8011,47.5553,76.3563,38.1782,44.2737,25.6171,47.0424,55.8919,47.5082,43.461,19.3833,38.7665,60.3524,43.6123,45.4106,23.2865,44.8155,68.9807,44.3761,51.3228,34.4371,66.2252,76.8212,52.9801,46.5217,23.2221,47.8955,65.312,52.2496,EPI_ISL_16507094,Avian,H5N1,2022.636,Europe,A/northern_gannet/Spain/22VIR12774-1_3004-12/2022,G10
1,1,41.6814,18.8235,38.2353,65.8824,41.7647,44.705,20.6259,44.808,81.7923,43.3855,47.7912,22.7729,48.2251,81.0449,46.8855,43.3426,20.9595,44.2478,59.1523,47.5082,43.348,19.4004,38.8007,60.8466,42.328,44.3127,19.7715,42.6186,63.2689,39.5431,50.5291,34.4371,64.9007,71.5232,51.6556,46.2319,24.6734,56.6038,65.312,40.6386,EPI_ISL_16507095,Mink,H5N1,2022.816,Europe,A/mink/Spain/22VIR12774-13_3869-2/2022,G1
1,1,41.5638,18.2353,38.2353,65.2941,41.7647,44.634,20.6259,44.0967,81.7923,43.3855,47.7912,22.7729,48.2251,81.0449,46.8855,43.1765,20.979,43.8228,58.7413,46.62,43.2849,19.3833,38.7665,60.3524,42.2907,44.2249,19.3322,42.6186,62.8295,39.9824,50.3968,34.4371,64.9007,70.1987,51.6556,45.942,24.6734,55.1524,65.312,39.1872,EPI_ISL_16507096,Mink,H5N1,2022.816,Europe,A/mink/Spain/22VIR12774-14_3869-3/2022,G1
0,1,41.7989,18.2353,38.2353,65.2941,41.1765,44.4918,20.6259,44.808,81.0811,43.3855,47.7912,22.7729,48.2251,80.3751,47.5553,43.4823,21.4252,44.2478,59.1523,47.0424,43.5491,20.2643,39.207,61.674,41.4097,44.4005,20.6503,42.1793,63.7083,39.9824,50.5291,34.4371,64.9007,71.5232,51.6556,46.087,24.6734,56.6038,63.8607,39.1872,EPI_ISL_16507097,Avian,H5N1,2022.877,Europe,A/seagull/Spain/22VIR12774-15_4347-15/2022,G1
0,-1,41.6471,17.6678,38.8693,65.371,41.225,44.9183,21.3371,45.5192,83.2148,43.3855,47.6573,26.7917,45.5459,75.6865,35.499,44.3203,24.6856,44.2478,59.6181,46.5766,43.5051,19.8238,37.8855,61.674,42.2907,44.4884,20.2109,41.3005,65.0264,39.5431,50.7937,34.4371,64.9007,72.8477,52.9801,46.8116,24.6734,47.8955,72.5689,52.2496,EPI_ISL_16507098,Avian,H5N1,2022.658,Europe,A/wild_goose/Spain/22VIR12774-16_3024-6/2022,G2
0,-1,41.7647,18.2568,38.8693,62.4264,42.4028,44.5629,19.2034,44.0967,82.5036,44.0967,48.1258,28.8011,46.8855,76.3563,38.1782,44.3616,25.1983,47.1302,56.9295,47.5968,43.304,19.4004,38.8007,59.5238,43.2099,45.3667,23.2865,44.8155,68.5413,44.3761,51.3228,34.4371,66.2252,76.8212,52.9801,46.5217,23.2221,47.8955,65.312,52.2496,EPI_ISL_16507100,Avian,H5N1,2022.737,Europe,A/northern_gannet/Spain/22VIR12774-17_3389-5/2022,G10
0,-1,41.7989,17.6471,38.8235,66.4706,41.1765,45.2026,21.3371,46.2304,83.2148,45.5192,47.7242,26.7917,46.8855,76.3563,35.499,44.3203,24.6856,44.7136,60.0838,45.6451,43.2409,19.8238,38.7665,60.3524,42.2907,44.3566,20.6503,41.3005,63.7083,38.6643,50.7937,34.4371,64.9007,72.8477,52.9801,46.9565,24.6734,47.8955,72.5689,52.2496,EPI_ISL_16507102,Avian,H5N1,2022.742,Europe,A/Egretta_garzetta/Spain/22VIR12774-19_3519-2/2022,G2
0,-1,41.9165,18.8235,38.8235,65.8824,41.1765,44.9183,20.6259,46.2304,82.5036,44.0967,47.6573,26.7917,46.2157,77.0261,34.8292,44.1341,24.2198,44.2478,59.6181,45.6451,43.1968,19.3833,37.8855,60.793,40.9692,44.5762,20.2109,41.7399,64.1476,39.1037,50.3968,33.1126,64.9007,71.5232,51.6556,46.9565,24.6734,47.8955,72.5689,52.2496,EPI_ISL_16507104,Avian,H5N1,2022.792,Europe,A/wild_goose/Spain/22VIR12774-21_3814-3/2022,G2
0,-1,41.8577,18.2353,38.8235,66.4706,41.1765,45.1636,21.3675,46.2963,83.3333,45.584,47.6573,26.7917,46.2157,76.3563,35.499,44.3203,24.6856,44.7136,60.0838,45.6451,43.2409,19.8238,38.7665,60.3524,42.2907,44.4005,20.6503,41.3005,64.1476,38.6643,50.7937,34.4371,64.9007,72.8477,52.9801,46.9565,24.6734,47.8955,72.5689,52.2496,EPI_ISL_16507106,Avian,H5N1,2022.715,Europe,A/Ciconia_ciconia/Spain/22VIR12774-30_3394-2/2022,G2
0,-1,41.9165,18.2353,38.8235,63.5294,42.3529,44.705,19.9147,44.0967,82.5036,44.0967,48.1581,28.169,47.619,75.7881,38.2294,44.2272,25.1514,47.0424,55.8919,47.5082,43.5242,19.4004,38.8007,59.9647,44.0917,45.4545,23.7258,44.8155,69.42,44.3761,51.3228,34.4371,66.2252,76.8212,52.9801,46.6667,24.6734,47.8955,65.312,53.701,EPI_ISL_16507107,Avian,H5N1,2022.732,Europe,A/northern_gannet/Spain/22VIR12774-31_3453-1/2022,G10
0,-1,41.7989,18.2353,38.8235,66.4706,41.1765,45.2026,21.3371,46.2304,83.2148,45.5192,47.5234,26.7917,46.2157,75.6865,35.499,44.3203,24.6856,44.7136,60.0838,45.6451,43.1968,19.8238,38.7665,60.3524,41.8502,44.4005,20.6503,41.3005,64.1476,38.6643,50.7937,34.4371,64.9007,72.8477,52.9801,46.9565,24.6734,47.8955,72.5689,52.2496,EPI_ISL_16507109,Avian,H5N1,2022.742,Europe,A/Ciconia_ciconia/Spain/22VIR12774-34_3519-1/2022,G2
0,-1,41.7989,18.8235,38.8235,66.4706,41.1765,45.2026,21.3371,46.2304,83.2148,45.5192,47.7242,27.4615,46.2157,76.3563,35.499,44.2478,24.7086,44.289,60.1399,45.2214,43.1968,19.8238,38.7665,59.9119,42.2907,44.4005,21.0896,41.3005,63.7083,38.6643,50.7937,34.4371,64.9007,72.8477,52.9801,46.9565,24.6734,47.8955,72.5689,52.2496,EPI_ISL_16507177,Avian,H5N1,2022.756,Europe,A/Ciconia_ciconia/Spain/22VIR12774-37_3641-1/2022,G2
0,-1,41.7402,17.0588,38.2353,64.1176,41.7647,44.6657,19.2308,44.1595,83.3333,42.735,47.5904,26.7917,46.8855,75.0167,36.1688,44.46,25.1514,43.782,60.5496,46.1109,43.2409,19.8238,38.7665,60.793,42.2907,44.5714,20.6866,42.6937,64.7007,40.493,50.2646,34.4371,64.9007,71.5232,51.6556,46.6667,20.3193,47.8955,66.7634,56.6038,EPI_ISL_16524187,Avian,H5N1,2022.959,Europe,A/Common_gull/Netherlands/2/2022,G2
0,1,41.7989,18.8235,38.8235,65.8824,41.7647,44.5946,19.943,44.8718,82.6211,43.4473,47.7912,22.7729,48.2251,80.3751,46.8855,43.203,20.4937,43.3163,59.1523,47.0424,43.417,20.2643,39.207,61.2335,41.4097,44.1319,19.8063,41.8134,62.9401,38.2923,50.2646,33.1126,64.9007,70.1987,51.6556,45.942,24.6734,56.6038,63.8607,37.7358,EPI_ISL_16524203,Avian,H5N1,2022.975,Europe,A/Black-headed_gull/Netherlands/12/2022,G1
0,1,41.7989,18.8235,38.8235,65.8824,41.7647,44.808,19.943,45.584,82.6211,42.735,47.7242,22.7729,48.2251,80.3751,46.8855,43.2961,20.9595,43.3163,59.6181,47.0424,43.461,20.2643,39.207,61.674,41.4097,44.0246,19.3492,41.7766,62.8848,38.6983,50.3968,33.1126,64.9007,70.1987,51.6556,46.087,24.6734,56.6038,63.8607,40.6386,EPI_ISL_16524213,Avian,H5N1,2023,Europe,A/European_herring_gull/Netherlands/1/2023,G1
0,1,41.6814,18.2353,38.8235,65.8824,41.7647,44.5946,19.943,44.1595,82.6211,42.735,47.7242,22.7729,48.2251,80.3751,46.8855,43.2495,20.9595,43.3163,59.6181,47.0424,43.461,20.2643,39.207,61.674,41.4097,44,19.3662,41.8134,62.5,38.7324,50.3968,33.1126,64.9007,70.1987,51.6556,46.087,24.6734,56.6038,63.8607,40.6386,EPI_ISL_16524246,Avian,H5N1,2023,Europe,A/Caspian_gull/Netherlands/1/2023,G1
0,1,41.7989,18.8235,38.8235,65.8824,41.7647,44.5946,19.943,44.1595,82.6211,42.735,47.7242,22.7729,48.2251,80.3751,46.8855,43.2495,20.9595,43.3163,59.6181,47.0424,43.461,20.2643,39.207,61.674,41.4097,44,19.3662,41.8134,62.5,38.7324,50.3968,33.1126,64.9007,70.1987,51.6556,46.087,24.6734,56.6038,63.8607,40.6386,EPI_ISL_16524247,Avian,H5N1,2023.003,Europe,A/Peregrine_falcon/Netherlands/1/2023,G1
0,1,41.7989,18.8235,38.8235,65.8824,41.7647,44.6657,19.943,44.8718,82.6211,43.4473,47.7242,22.7729,48.2251,80.3751,46.8855,43.2495,20.9595,43.3163,59.6181,47.0424,43.461,20.2643,39.207,61.674,41.4097,44.044,19.8063,41.8134,62.5,38.7324,50.3968,33.1126,64.9007,70.1987,51.6556,46.087,24.6734,56.6038,63.8607,40.6386,EPI_ISL_16524248,Avian,H5N1,2022.986,Europe,A/European_herring_gull/Netherlands/21/2022,G1
0,-1,41.505,18.2353,37.0588,64.1176,40,44.2786,19.2034,46.2304,78.9474,41.963,47.5234,26.1219,46.2157,74.347,35.499,44.2737,23.7541,44.2478,61.9469,46.5766,43.1528,19.8238,37.8855,60.3524,42.2907,44.5323,20.2109,41.3005,65.0264,40.4218,50.6614,34.4371,64.9007,74.1722,52.9801,46.8116,24.6734,46.4441,66.7634,53.701,EPI_ISL_16524591,Avian,H5N1,2022.795,Europe,A/Ciconia_ciconia/Spain/22VIR12774-40_3803-2/2022,G2
0,-1,41.5638,18.2353,37.0588,64.1176,40.5882,44.3497,19.2034,46.2304,78.9474,42.6743,47.5234,26.1219,46.2157,74.347,35.499,44.2272,23.7541,44.2478,61.4811,46.5766,43.1528,19.8238,37.8855,60.3524,42.2907,44.5323,20.2109,41.3005,65.0264,40.4218,50.6614,34.4371,64.9007,74.1722,52.9801,46.8116,24.6734,46.4441,66.7634,53.701,EPI_ISL_16524593,Avian,H5N1,2022.795,Europe,A/Anser_anser/Spain/22VIR12774-41_3803-4/2022,G2
0,-1,41.505,18.2353,36.4706,64.7059,40,44.3497,19.2034,46.2304,78.9474,42.6743,47.4883,26.1569,46.2777,74.4467,35.5466,44.1806,23.7541,44.2478,61.4811,46.5766,43.1968,19.8238,37.8855,60.793,42.2907,44.4444,20.2109,41.3005,65.0264,40.4218,50.6614,34.4371,64.9007,74.1722,52.9801,46.8116,24.6734,46.4441,66.7634,53.701,EPI_ISL_16524594,Avian,H5N1,2022.852,Europe,A/wild_goose/Spain/22VIR12774-43_4213-1/2022,G2
0,-1,41.7059,18.2568,37.6914,65.371,40.636,44.4208,19.9147,45.5192,79.6586,41.963,47.5904,26.1219,45.5459,77.0261,35.499,44.2272,23.7541,44.2478,61.9469,46.1109,42.9767,18.9427,38.326,59.9119,42.7313,44.4444,20.2109,42.6186,64.1476,39.9824,50.7937,35.7616,64.9007,74.1722,52.9801,46.5217,24.6734,46.4441,66.7634,53.701,EPI_ISL_16524595,Avian,H5N1,2022.888,Europe,A/swan/Spain/22VIR12774-45_4382-2/2022,G2
0,-1,41.7402,18.2353,38.2353,62.9412,41.7647,44.5629,19.2034,44.0967,82.5036,44.0967,48.1258,28.8011,47.5553,75.6865,38.1782,44.3203,25.6171,47.0424,56.3577,47.5082,43.417,19.3833,38.7665,59.9119,43.6123,45.4106,23.2865,44.8155,68.9807,44.3761,51.1258,33.2005,66.4011,75.6972,51.7928,46.3768,21.7707,47.8955,65.312,50.7983,EPI_ISL_16524596,Avian,H5N1,2022.66,Europe,A/northern_gannet/Spain/22VIR12774-4_3104-40/2022,G10
1,-1,41.7402,17.6471,38.2353,65.8824,40.5882,44.2786,19.2034,44.808,79.6586,42.6743,47.4565,25.4521,45.5459,75.0167,35.499,44.46,23.7541,44.7136,61.9469,47.0424,43.2409,19.3833,38.326,60.3524,42.7313,44.5471,19.7976,42.6749,63.7923,40.0352,50.9259,35.7616,64.9007,74.1722,52.9801,46.9565,26.1248,46.4441,66.7634,53.701,EPI_ISL_16547552,Ferret,H5N1,2022.934,Europe,A/Mustela_furo/Belgium/14312-0001/2022,G2
1,-1,41.7402,17.6471,38.2353,65.8824,40.5882,44.2786,19.2034,44.808,79.6586,42.6743,47.4565,25.4521,45.5459,75.0167,35.499,44.4134,23.7541,44.2478,61.9469,47.0424,43.2409,19.3833,38.326,60.3524,42.7313,44.5762,19.7715,42.6186,64.1476,39.9824,50.9259,35.7616,64.9007,74.1722,52.9801,46.9565,26.1248,46.4441,66.7634,53.701,EPI_ISL_16547666,Ferret,H5N1,2022.934,Europe,A/Mustela_furo/Belgium/14312-0002/2022,G2
0,-1,41.7402,17.6471,38.2353,65.8824,40.5882,44.2786,19.2034,44.808,79.6586,42.6743,47.4565,25.4521,45.5459,75.0167,35.499,44.46,23.7541,44.7136,61.9469,47.0424,43.2409,19.3833,38.326,60.3524,42.7313,44.5762,19.7715,42.6186,64.587,39.9824,50.9259,35.7616,64.9007,74.1722,52.9801,46.9565,26.1248,46.4441,66.7634,53.701,EPI_ISL_16547851,Avian,H5N1,2022.934,Europe,A/Gallus_gallus/Belgium/14313-001/2022,G2
0,-1,41.6814,17.6471,37.0588,63.5294,41.7647,44.4918,19.9147,45.5192,81.7923,43.3855,47.3896,26.1219,45.5459,74.347,34.8292,44.2272,24.2198,44.2478,61.0154,46.1109,43.2409,20.7048,39.207,60.3524,42.2907,44.664,20.6503,42.6186,65.9051,39.5431,50.6614,34.4371,63.5762,72.8477,54.3046,46.3768,21.7707,47.8955,66.7634,53.701,EPI_ISL_16548347,Avian,H5N1,2022.852,Europe,A/Pelecanus_conspicillatus/Belgium/12905-0001/2022,G2
0,-1,41.7989,17.6471,37.6471,63.5294,42.3529,44.4918,19.9147,45.5192,81.7923,42.6743,47.6573,26.7917,45.5459,76.3563,34.8292,44.1341,24.2198,43.782,60.5496,46.1109,43.2409,20.2643,39.207,60.3524,42.2907,44.664,21.0896,43.058,65.4657,39.5431,50.6614,34.4371,64.9007,72.8477,52.9801,46.3768,21.7707,47.8955,68.2148,52.2496,EPI_ISL_16548356,Avian,H5N1,2022.858,Europe,A/Phasianus_colchicus/Belgium/13027-0001/2022,G2
0,-1,41.7989,18.8235,37.6471,65.2941,41.1765,44.8472,19.9147,45.5192,81.7923,43.3855,47.5234,26.1219,44.8761,75.0167,35.499,44.1341,23.2883,44.2478,61.0154,45.6451,43.417,19.8238,39.6476,61.2335,42.7313,44.5762,21.0896,43.4974,65.0264,39.9824,50.5291,31.7881,63.5762,74.1722,51.6556,46.2319,23.2221,47.8955,65.312,52.2496,EPI_ISL_16548429,Avian,H5N1,2022.855,Europe,A/Gallus_gallus/Belgium/13078-0001/2022,G2
0,-1,41.7989,18.8235,37.6471,64.7059,41.7647,44.8472,19.9147,45.5192,81.7923,43.3855,47.5904,26.1219,44.8761,77.6959,35.499,44.1806,23.7541,44.2478,60.5496,46.1109,43.461,20.2643,40.0881,61.2335,42.7313,44.6201,21.0896,43.4974,65.0264,39.9824,50.6614,33.1126,63.5762,74.1722,52.9801,46.2319,23.2221,47.8955,65.312,52.2496,EPI_ISL_16548600,Avian,H5N1,2022.89,Europe,A/Gallus_gallus/Belgium/12485-0001/2022,G2
0,-1,41.5638,17.6471,37.6471,64.7059,41.7647,45.1315,21.3371,45.5192,82.5036,44.808,47.5234,26.7917,44.8761,75.0167,34.8292,44.1806,23.7541,44.2478,60.0838,46.1109,43.5491,20.7048,39.207,60.793,43.1718,44.5323,20.6503,42.6186,64.587,39.9824,50.6614,34.4371,64.9007,72.8477,52.9801,46.2319,23.2221,47.8955,65.312,52.2496,EPI_ISL_16548638,Avian,H5N1,2022.748,Europe,A/Phasianus_colchicus/Belgium/11704-0003/2022,G2
0,-1,41.9165,18.2353,38.8235,65.2941,41.7647,44.634,19.9147,44.0967,83.2148,43.3855,47.5904,26.7917,46.8855,75.6865,35.499,44.1341,24.2198,42.8505,60.5496,45.1793,43.2849,20.7048,38.7665,61.674,41.8502,44.7079,19.3322,44.3761,65.4657,39.9824,50.5291,34.4371,63.5762,72.8477,51.6556,47.1014,24.6734,49.3469,69.6662,53.701,EPI_ISL_16549157,Avian,H5N1,2022.879,Europe,A/Gallus_gallus/Belgium/13357-0001/2022,
0,-1,41.7402,17.6471,38.2353,65.8824,40.5882,44.2786,19.2034,44.0967,80.3698,42.6743,47.5234,26.1219,45.5459,75.0167,36.1688,44.3669,23.7541,44.7136,61.9469,47.0424,43.2409,19.3833,38.326,60.3524,42.7313,44.5323,19.7715,42.6186,64.587,39.9824,50.7937,34.4371,64.9007,74.1722,51.6556,46.8116,24.6734,44.9927,66.7634,53.701,EPI_ISL_16549245,Avian,H5N1,2022.888,Europe,A/Otus_scops/Belgium/13463-0002/2022,G2
0,-1,41.7989,18.8235,37.6471,64.7059,41.7647,44.8472,19.9147,45.5192,81.7923,43.3855,47.5234,26.1219,44.8761,75.0167,35.499,44.1806,23.7541,44.2478,60.5496,46.1109,43.5247,19.5904,40.0712,61.4426,42.7427,44.6201,21.0896,43.4974,65.0264,39.9824,50.6614,33.1126,63.5762,74.1722,52.9801,46.2319,23.2221,47.8955,65.312,52.2496,EPI_ISL_16549349,Avian,H5N1,2022.871,Europe,A/Phasianus_colchicus/Belgium/10993-0003/2022,G2
0,-1,41.7989,18.8235,37.6471,64.7059,41.7647,44.8472,19.9147,45.5192,81.7923,43.3855,47.5904,26.1219,44.8761,77.6959,35.499,44.1806,23.7541,44.2478,60.5496,46.1109,43.461,20.2643,40.0881,61.2335,42.7313,44.6201,21.0896,43.4974,65.0264,39.9824,50.6614,33.1126,63.5762,74.1722,52.9801,46.2319,23.2221,47.8955,65.312,52.2496,EPI_ISL_16549379,Avian,H5N1,2022.792,Europe,A/Phasianus_colchicus/Belgium/12352-0002/2022,G2
1,-1,41.8577,18.2353,38.8235,65.2941,41.7647,44.7761,19.9147,44.808,82.5036,44.0967,47.4565,26.7917,46.8855,75.6865,34.8292,44.1806,24.6856,42.8505,61.0154,45.6451,43.2849,20.2643,38.7665,62.1145,41.4097,44.7519,19.7715,44.8155,65.9051,39.9824,50.3968,34.4371,63.5762,72.8477,50.3311,47.1014,26.1248,49.3469,69.6662,55.1524,EPI_ISL_16549380,Canine,H5N1,2022.934,Europe,A/Vulpes_vulpes/Belgium/14775-0001/2022,
0,-1,42.0341,17.6471,38.8235,64.1176,41.1765,44.2075,19.2034,44.0967,82.5036,42.6743,48.1258,26.1219,48.2251,76.3563,40.1875,44.4134,25.6171,47.0424,58.6865,47.0424,43.2849,21.1454,37.0044,61.674,41.4097,45.6741,23.2865,41.7399,71.1775,43.058,50.6614,33.1126,62.2517,70.1987,51.6556,46.5217,23.2221,47.8955,62.4093,53.701,EPI_ISL_16555202,Avian,H5N1,2022.255,NorthAmerica,A/turkey/Minnesota/22-010654-002-original/2022,G4
0,-1,41.8577,16.4706,38.8235,64.7059,41.1765,44.2075,19.2034,44.808,83.2148,42.6743,47.6573,25.4521,46.8855,74.347,38.1782,44.46,25.6171,47.5082,60.0838,46.5766,42.6244,18.0617,41.4097,59.0308,37.8855,45.4545,24.6046,42.1793,66.7838,42.1793,51.0582,33.1126,62.2517,74.1722,51.6556,46.5217,23.2221,46.4441,63.8607,53.701,EPI_ISL_16555203,Avian,H5N1,2022.389,NorthAmerica,A/neotropic_cormorant/Arizona/245467/2022,G5
0,-1,42.1517,18.2353,38.8235,65.8824,41.1765,44.2075,19.2034,44.0967,82.5036,42.6743,48.1928,27.4615,47.5553,75.0167,42.8667,44.46,25.6171,47.5082,58.6865,46.5766,43.1088,20.2643,37.0044,60.3524,40.9692,45.3667,24.6046,43.4974,70.7381,40.8612,50.7937,31.7881,62.2517,71.5232,51.6556,46.6667,23.2221,47.8955,62.4093,53.701,EPI_ISL_16555204,Avian,H5N1,2022.455,NorthAmerica,A/eared_grebe/North_Dakota/245625/2022,G3
0,-1,42.0929,18.2353,38.8235,65.8824,41.1765,43.9943,19.2034,41.963,82.5036,42.6743,47.6573,25.4521,46.2157,73.0074,38.848,44.2272,24.6856,46.1109,59.1523,46.1109,43.1968,20.2643,37.0044,61.2335,40.5286,45.5863,23.7258,45.2548,68.9807,39.9824,50.7937,33.1126,62.2517,72.8477,52.9801,46.3768,21.7707,47.8955,62.4093,52.2496,EPI_ISL_16555205,Avian,H5N1,2022.507,NorthAmerica,A/Canada_goose/California/246038/2022,G6
0,-1,41.8577,17.0588,38.2353,64.1176,41.7647,44.2786,19.2034,44.0967,81.7923,42.6743,47.3896,26.1219,46.2157,75.6865,34.8292,43.5754,20.0279,43.782,58.6865,45.6451,43.1528,18.9427,37.8855,60.3524,42.7313,45.1032,23.2865,45.2548,68.5413,38.6643,50.3968,33.1126,64.9007,71.5232,50.3311,46.3768,24.6734,47.8955,60.9579,50.7983,EPI_ISL_16574465,Avian,H5N1,2022.956,Europe,A/moorhen/Wales/171529/2022,G13
0,-1,41.5638,17.6471,37.6471,64.7059,40.5882,44.2786,18.4922,45.5192,79.6586,42.6743,47.3896,25.4521,45.5459,75.0167,35.499,44.3669,23.7541,44.7136,61.9469,47.0424,43.1968,19.8238,38.326,59.9119,41.8502,44.5762,20.2109,42.6186,65.0264,40.4218,50.9259,35.7616,64.9007,74.1722,52.9801,46.9565,23.2221,46.4441,68.2148,53.701,EPI_ISL_16574488,Avian,H5N1,2022.967,Europe,A/chicken/England/171595/2022,G2
0,-1,41.5638,17.6471,38.8235,64.1176,41.7647,44.4918,19.2034,44.0967,82.5036,43.3855,47.5234,26.7917,46.8855,75.6865,36.1688,44.2737,23.7541,45.1793,61.0154,47.5082,43.417,20.7048,39.207,62.1145,42.7313,44.4444,20.2109,41.3005,64.1476,39.5431,50.6614,34.4371,64.9007,72.8477,51.6556,45.6522,23.2221,47.8955,59.5065,50.7983,EPI_ISL_16574500,Avian,H5N1,2022.97,Europe,A/domestic_goose/Scotland/171709/2022,G2
0,-1,41.6814,17.6471,39.4118,64.1176,42.3529,44.634,19.9147,44.808,82.5036,43.3855,47.5234,26.7917,46.8855,75.6865,36.1688,44.2737,23.7541,45.1793,61.0154,47.5082,43.373,20.2643,39.207,61.2335,43.1718,44.4444,20.2109,41.3005,64.1476,39.9824,50.3968,31.7881,64.9007,72.8477,51.6556,45.7971,23.2221,47.8955,59.5065,50.7983,EPI_ISL_16574507,Avian,H5N1,2022.975,Europe,A/chicken/England/172702/2022,G2
0,-1,41.8577,17.6471,38.2353,65.8824,41.7647,43.9943,19.9147,43.3855,80.3698,41.2518,47.5904,26.1219,46.2157,75.6865,35.499,44.5531,26.0829,44.2478,60.5496,45.6451,43.3289,20.7048,38.7665,62.9956,42.2907,44.5762,20.6503,42.6186,65.0264,39.9824,50.3968,34.4371,64.9007,70.1987,51.6556,46.8116,24.6734,49.3469,71.1176,53.701,EPI_ISL_16574516,Avian,H5N1,2022.975,Europe,A/chicken/England/172713/2022,G2
0,1,41.6226,19.4118,38.2353,65.2941,41.7647,44.5629,19.9147,44.808,81.7923,43.3855,47.7242,23.4427,47.5553,81.0449,46.8855,43.3426,20.9595,44.7136,58.6865,47.0424,42.9767,18.9427,38.326,60.3524,40.9692,44.3127,19.7715,42.1793,63.2689,40.4218,50.2646,33.1126,64.9007,71.5232,51.6556,46.087,24.6734,56.6038,63.8607,40.6386,EPI_ISL_16574529,Avian,H5N1,2022.984,Europe,A/chicken/Isle_of_Man/172945/2022,G1
0,-1,41.6226,17.6471,37.6471,62.9412,41.7647,44.8472,20.6259,44.808,83.926,42.6743,47.3896,26.1219,45.5459,75.0167,34.8292,44.1341,24.2198,44.7136,60.5496,46.1109,43.1528,20.7048,39.207,60.3524,42.2907,44.6201,21.0896,42.6186,66.3445,39.5431,50.7937,34.4371,64.9007,72.8477,52.9801,46.5217,24.6734,47.8955,65.312,53.701,EPI_ISL_16574544,Avian,H5N1,2022.97,Europe,A/white-fronted_goose/Scotland/173468/2022,G2
0,-1,41.6814,17.6471,38.8235,64.1176,40.5882,44.6581,20.6995,45.6817,80.6567,43.5403,47.7242,28.1313,46.2157,75.6865,35.499,44.2737,23.2883,43.782,61.0154,47.9739,43.1528,19.3833,38.326,60.793,43.6123,44.5323,20.6503,42.1793,65.9051,40.4218,51.0582,35.7616,66.2252,72.8477,52.9801,46.2319,24.6734,46.4441,63.8607,53.701,EPI_ISL_16574556,Avian,H5N1,2022.989,Europe,A/chicken/Scotland/173833/2022,G2
0,-1,41.6226,17.6471,37.6471,65.2941,41.1765,44.3497,19.2034,46.2304,79.6586,41.963,47.3896,24.7823,46.2157,75.6865,34.8292,44.2737,23.2883,45.1793,61.0154,46.5766,43.417,20.7048,37.4449,61.2335,43.1718,44.4884,19.3322,42.1793,65.0264,39.9824,51.0582,35.7616,66.2252,74.1722,54.3046,46.8116,26.1248,46.4441,66.7634,52.2496,EPI_ISL_16574569,Avian,H5N1,2022.992,Europe,A/chicken/England/175137/2022,G2
0,-1,41.4446,17.1801,37.9147,63.3886,41.4692,44.634,21.3371,45.5192,80.3698,42.6743,47.5904,28.1313,46.2157,75.6865,35.499,44.1806,22.8225,44.2478,61.0154,47.9739,43.348,20.2822,39.2416,61.7284,42.769,44.5079,19.7889,42.2164,65.5233,40.4573,51.0582,35.7616,66.2252,72.8477,52.9801,46.3768,24.6734,46.4441,62.4093,53.701,EPI_ISL_16574586,Avian,H5N1,2022.945,Europe,A/common_buzzard/England/255858/2022,G2
0,-1,41.505,17.6471,38.2353,65.2941,40,44.2786,19.2034,44.808,79.6586,42.6743,47.4565,26.1219,44.8761,75.6865,35.499,44.4134,23.7541,44.7136,62.8784,46.5766,43.1968,19.3833,37.8855,61.2335,42.7313,44.7079,20.2109,42.1793,65.4657,41.3005,51.0582,35.7616,64.9007,74.1722,54.3046,46.6667,24.6734,46.4441,66.7634,53.701,EPI_ISL_16574599,Avian,H5N1,2022.932,Europe,A/mute_swan/England/119983/2022,G2
0,-1,41.6814,17.0588,38.2353,64.7059,41.1765,44.3101,17.8063,44.8718,79.0598,44.1595,47.5904,26.1219,46.2157,75.6865,34.8292,44.2737,23.2883,44.7136,62.8784,45.6451,43.2409,19.8238,37.8855,60.793,43.1718,44.5518,19.3492,42.2164,64.6438,41.7766,50.7937,35.7616,64.9007,72.8477,52.9801,46.5217,24.6734,44.9927,66.7634,53.701,EPI_ISL_16574657,Avian,H5N1,2022.953,Europe,A/greylag_goose/England/120308/2022,G2
0,-1,41.6226,17.6471,38.8235,64.1176,41.7647,44.8472,22.0484,46.9417,80.3698,43.3855,47.7242,27.4615,46.2157,75.6865,35.499,44.2272,23.2883,44.2478,61.0154,47.9739,43.3289,19.8238,38.326,61.674,42.7313,44.2249,19.7715,41.7399,65.0264,40.4218,50.9259,35.7616,64.9007,72.8477,52.9801,46.2319,24.6734,46.4441,60.9579,53.701,EPI_ISL_16574682,Avian,H5N1,2022.97,Europe,A/sparrowhawk/England/120507/2022,G2
0,-1,41.5638,17.6471,37.6471,64.7059,41.1765,44.4208,19.2034,45.5192,79.6586,43.3855,47.5234,25.4521,46.2157,75.6865,34.8292,44.2737,23.2883,44.7136,61.9469,46.5766,43.2849,19.3833,37.4449,61.674,43.1718,44.664,19.7715,42.1793,65.9051,41.3005,50.9259,35.7616,64.9007,74.1722,52.9801,46.8116,24.6734,46.4441,66.7634,53.701,EPI_ISL_16574697,Avian,H5N1,2022.94,Europe,A/canada_goose/England/396207/2022,G2
0,-1,41.6274,17.6991,37.7581,64.3068,40.118,44.3497,19.2034,45.5192,79.6586,42.6743,47.3226,26.1219,44.8761,75.6865,34.8292,44.3203,23.7541,44.7136,61.9469,46.5766,43.1537,19.4432,37.5608,59.2134,42.8635,44.5762,20.2109,42.1793,64.587,40.4218,50.7937,35.7616,64.9007,74.1722,52.9801,46.9565,26.1248,46.4441,66.7634,55.1524,EPI_ISL_16574710,Avian,H5N1,2022.94,Europe,A/common_buzzard/England/396209/2022,G2
0,-1,41.5638,17.6471,37.6471,64.7059,40.5882,44.4208,19.9147,44.808,79.6586,44.0967,47.4565,26.1219,45.5459,75.6865,35.499,44.3669,23.7541,44.7136,61.9469,47.5082,43.1968,19.3833,38.326,59.9119,43.6123,44.4884,20.2109,42.1793,64.587,40.4218,51.0582,35.7616,64.9007,74.1722,52.9801,46.8116,23.2221,46.4441,68.2148,53.701,EPI_ISL_16574723,Avian,H5N1,2022.94,Europe,A/mute_swan/England/396216/2022,G2
0,-1,41.3874,17.6471,37.0588,63.5294,40.5882,44.4918,18.4922,45.5192,79.6586,43.3855,47.5904,26.1219,46.2157,75.6865,34.8292,44.3203,23.2883,44.7136,61.9469,46.5766,43.2409,18.9427,37.4449,60.793,43.1718,44.7958,20.6503,42.1793,65.9051,41.3005,50.9259,35.7616,64.9007,74.1722,52.9801,46.8116,24.6734,46.4441,66.7634,53.701,EPI_ISL_16574736,Avian,H5N1,2022.959,Europe,A/goose/England/396398/2022,G2
0,-1,42.1517,18.2353,38.8235,67.0588,42.3529,44.3497,20.6259,44.0967,80.3698,41.963,47.3896,26.1219,46.8855,75.6865,36.8386,44.6462,26.5487,45.1793,58.2208,47.5082,44.4249,20.3001,42.3654,63.1068,44.5719,45.191,24.1652,45.2548,69.42,37.7856,50.596,31.8725,63.745,75.6972,53.1208,44.7826,24.6734,40.6386,62.4093,49.3469,EPI_ISL_16613711,Avian,H5N1,2022.995,Europe,A/chicken/Czech_Republic/67_orig/2023,G14
0,-1,42.0341,18.2353,38.8235,66.4706,42.3529,44.3497,20.6259,44.0967,80.3698,41.963,47.3896,26.1219,46.8855,75.0167,36.8386,44.6462,26.5487,45.1793,58.2208,47.5082,44.4298,20.2643,42.2907,63.4361,44.4934,45.191,24.1652,45.2548,69.42,37.7856,50.5291,31.7881,63.5762,75.4967,52.9801,44.7826,24.6734,40.6386,62.4093,49.3469,EPI_ISL_16613712,Avian,H5N1,2023.003,Europe,A/chicken/Czech_Republic/102_orig/2023,G14
0,-1,41.7402,18.2353,37.0588,64.7059,41.7647,44.9893,19.2034,45.5192,83.2148,44.0967,47.7912,28.8011,46.8855,71.6678,38.848,44.1806,24.6856,44.2478,59.6181,45.1793,43.5491,19.3833,37.0044,62.9956,43.1718,44.4884,21.0896,41.7399,65.0264,39.1037,50.6614,33.1126,64.9007,72.8477,51.6556,46.6667,24.6734,47.8955,63.8607,52.2496,EPI_ISL_16613713,Avian,H5N1,2023.008,Europe,A/chicken/Czech_Republic/178_shed-1A_orig/2023,G9
0,-1,41.7402,18.2353,37.0588,64.7059,41.7647,44.9502,18.5185,44.8718,83.3333,44.1595,47.7242,28.8011,46.8855,70.998,38.848,44.1806,24.6856,44.2478,59.6181,45.6451,43.5491,19.3833,37.0044,62.9956,43.1718,44.4884,21.0896,41.7399,65.0264,39.1037,50.6614,33.1126,64.9007,72.8477,51.6556,46.6667,24.6734,47.8955,63.8607,52.2496,EPI_ISL_16613714,Avian,H5N1,2023.008,Europe,A/chicken/Czech_Republic/179_shed-1B_orig/2023,G9
0,-1,41.8235,18.2568,37.1025,65.96,41.8139,44.9502,19.2308,45.584,83.3333,44.1595,47.7912,28.8011,46.8855,71.6678,38.848,44.2272,25.1514,44.2478,59.6181,46.1109,43.5491,19.3833,37.0044,62.9956,43.1718,44.4884,21.0896,41.7399,65.0264,39.1037,50.6614,33.1126,64.9007,72.8477,51.6556,46.5893,24.7453,48.0349,64.0466,50.9461,EPI_ISL_16613715,Avian,H5N1,2023.008,Europe,A/chicken/Czech_Republic/180_shed-3A_orig/2023,G9
0,-1,41.7989,17.0588,38.2353,64.1176,42.9412,44.705,19.9147,44.808,83.2148,42.6743,47.6573,26.7917,46.2157,75.6865,36.1688,44.5065,25.1514,43.782,60.5496,47.5082,43.3289,20.2643,38.326,61.2335,44.0529,44.7079,20.6503,42.6186,65.9051,40.4218,50.3968,35.7616,64.9007,71.5232,51.6556,46.8116,20.3193,47.8955,66.7634,56.6038,EPI_ISL_16613716,Avian,H5N1,2023.008,Europe,A/chicken/Czech_Republic/185_orig/2023,G2
0,-1,41.7402,18.2353,37.0588,64.7059,41.7647,44.9893,19.2034,45.5192,83.926,44.808,47.7562,28.8397,46.9484,71.0932,38.9001,44.2737,24.6856,44.7136,59.6181,46.1109,43.461,19.3833,37.4449,62.5551,41.8502,44.4884,21.0896,41.7399,65.4657,39.1037,50.6614,33.1126,64.9007,72.8477,51.6556,46.5217,24.6734,47.8955,63.8607,52.2496,EPI_ISL_16613717,Avian,H5N1,2023.011,Europe,A/mallard/Czech_Republic/186_orig/2023,G9
0,-1,42.3868,19.4118,38.2353,65.2941,41.1765,43.9943,18.4922,43.3855,82.5036,41.2518,47.7242,27.4615,46.8855,75.6865,35.499,44.3203,25.1514,46.5766,58.2208,46.5766,43.417,20.7048,37.4449,61.2335,41.4097,45.0593,20.6503,44.3761,66.3445,43.058,50.9259,33.1126,62.2517,72.8477,54.3046,46.8116,23.2221,47.8955,62.4093,53.701,EPI_ISL_16632500,Avian,H5N1,2022.255,NorthAmerica,A/red-tailed_hawk/Massachusetts/22-010671-010-original/2022,G7
0,-1,42.3868,19.4118,38.8235,65.2941,41.1765,43.9943,18.4922,43.3855,82.5036,41.2518,47.7912,27.4615,46.8855,75.6865,36.1688,44.3669,25.6171,46.5766,58.2208,47.0424,43.373,20.7048,37.4449,60.793,41.4097,45.0154,21.0896,44.3761,65.9051,43.058,50.9259,33.1126,62.2517,72.8477,54.3046,46.9565,23.2221,47.8955,65.312,53.701,EPI_ISL_16632501,Avian,H5N1,2022.247,NorthAmerica,A/red-tailed_hawk/Massachusetts/22-016611-001-original/2022,G7
0,-1,42.2693,19.4118,38.2353,65.2941,40.5882,43.9232,18.4922,43.3855,82.5036,41.2518,47.925,28.1313,46.8855,75.6865,36.8386,44.4134,25.6171,46.5766,58.2208,47.0424,43.417,21.1454,37.4449,61.2335,41.4097,45.0593,21.0896,44.3761,66.3445,43.058,50.9259,33.1126,62.2517,72.8477,54.3046,46.8116,23.2221,47.8955,62.4093,53.701,EPI_ISL_16632502,Avian,H5N1,2022.274,NorthAmerica,A/red-tailed_hawk/Massachusetts/22-016611-004-original/2022,G7
0,-1,42.0929,18.2353,38.8235,64.7059,41.7647,44.1365,19.2034,44.0967,82.5036,42.6743,47.5904,26.7917,45.5459,75.6865,36.1688,44.3203,25.1514,47.0424,58.2208,47.0424,43.0647,20.2643,36.5639,60.3524,40.5286,45.0154,21.529,44.3761,66.3445,43.058,50.7937,33.1126,62.2517,72.8477,51.6556,46.6667,23.2221,47.8955,62.4093,53.701,EPI_ISL_16632506,Avian,H5N1,2022.332,NorthAmerica,A/great_horned_owl/Massachusetts/22-016611-011-original/2022,G8
0,-1,42.0341,18.2353,38.8235,64.1176,41.7647,44.1365,19.2034,44.0967,82.5036,42.6743,47.5904,26.7917,45.5459,75.6865,36.1688,44.3203,25.1514,47.0424,58.2208,47.0424,43.0647,20.2643,36.5639,60.3524,40.5286,45.0154,21.529,44.3761,66.3445,43.058,50.7937,33.1126,62.2517,72.8477,51.6556,46.6667,23.2221,47.8955,62.4093,53.701,EPI_ISL_16632507,Avian,H5N1,2022.332,NorthAmerica,A/great_horned_owl/Massachusetts/22-016611-013-original/2022,G8
0,-1,42.328,19.4118,38.2353,65.2941,41.1765,43.9232,18.4922,42.6743,82.5036,41.2518,47.7912,27.4615,46.8855,75.6865,36.1688,44.3669,25.6171,46.5766,57.755,47.0424,43.373,20.7048,37.4449,60.793,41.4097,45.0154,21.0896,44.3761,65.9051,43.058,50.9259,33.1126,62.2517,72.8477,54.3046,46.5217,23.2221,47.8955,62.4093,53.701,EPI_ISL_16632508,Avian,H5N1,2022.359,NorthAmerica,A/osprey/Massachusetts/22-016611-016-original/2022,G7
0,-1,42.0929,18.2353,37.6471,64.7059,41.1765,43.9232,18.4922,43.3855,81.7923,41.2518,47.7242,27.4615,46.8855,75.6865,35.499,44.4134,26.0829,46.5766,58.2208,46.5766,43.373,20.7048,37.8855,61.674,41.4097,45.0593,21.0896,44.3761,66.3445,43.058,50.9259,33.1126,62.2517,72.8477,54.3046,46.6667,21.7707,47.8955,60.9579,53.701,EPI_ISL_16632509,Avian,H5N1,2022.49,NorthAmerica,A/herring_gull/Maine/22-022526-004-original/2022,G7
0,-1,42.1517,19.4118,38.2353,65.2941,40.5882,44.0654,18.4922,43.3855,82.5036,41.2518,47.7242,27.4615,46.8855,75.6865,35.499,44.3203,25.6171,46.5766,57.2892,46.5766,43.373,21.1454,37.4449,61.2335,40.9692,44.9715,21.0896,44.3761,65.9051,42.6186,51.0582,33.1126,62.2517,72.8477,55.6291,46.6667,21.7707,47.8955,60.9579,53.701,EPI_ISL_16632510,Avian,H5N1,2022.515,NorthAmerica,A/gull/Maine/22-022526-005-original/2022,G7
0,-1,42.0341,18.2353,37.6471,64.1176,41.1765,43.9232,18.4922,43.3855,81.7923,41.963,47.7242,27.4615,46.8855,75.6865,35.499,44.4134,26.0829,46.5766,58.2208,46.5766,43.373,20.7048,37.8855,61.674,41.4097,45.0593,21.0896,44.3761,66.7838,43.058,50.9259,33.1126,62.2517,72.8477,54.3046,46.6667,21.7707,47.8955,60.9579,53.701,EPI_ISL_16632511,Avian,H5N1,2022.49,NorthAmerica,A/great_black-backed_gull/Maine/22-022526-007-original/2022,G7
0,-1,42.2693,18.8235,38.2353,65.2941,41.1765,43.8522,18.4922,43.3855,81.7923,41.2518,47.7242,27.4615,46.8855,75.6865,35.499,44.4134,26.0829,46.5766,58.2208,46.5766,43.417,21.1454,37.4449,61.2335,41.4097,44.9715,20.6503,44.3761,65.9051,42.6186,50.9259,33.1126,62.2517,72.8477,54.3046,46.3768,21.7707,47.8955,59.5065,53.701,EPI_ISL_16632512,Avian,H5N1,2022.512,NorthAmerica,A/common_tern/Maine/22-022526-010-original/2022,G7
0,-1,42.2105,18.8235,38.2353,64.7059,41.1765,44.0654,18.4922,43.3855,82.5036,41.2518,47.8581,27.4615,47.5553,77.0261,36.1688,44.3669,26.0829,46.5766,57.2892,46.5766,43.417,21.1454,37.4449,61.2335,41.4097,44.9715,21.0896,43.9367,66.3445,42.6186,51.0582,33.1126,62.2517,72.8477,55.6291,46.6667,21.7707,47.8955,60.9579,53.701,EPI_ISL_16632513,Avian,H5N1,2022.515,NorthAmerica,A/common_eider/Maine/22-022526-013-original/2022,G7
0,-1,42.2693,18.8235,38.2353,65.2941,41.1765,43.9943,18.4922,43.3855,82.5036,41.2518,47.6573,26.7917,46.8855,75.6865,35.499,44.46,26.0829,46.5766,58.6865,46.5766,43.3289,20.7048,37.4449,61.2335,41.4097,45.0154,21.529,44.3761,66.3445,42.6186,50.9259,33.1126,62.2517,72.8477,54.3046,46.6667,21.7707,47.8955,60.9579,53.701,EPI_ISL_16632514,Avian,H5N1,2022.512,NorthAmerica,A/great_black-backed_gull/Maine/22-022526-014-original/2022,G7
0,-1,42.2693,18.8235,38.2353,65.2941,41.1765,44.0654,18.4922,43.3855,83.2148,41.2518,47.7912,27.4615,47.5553,75.6865,36.1688,44.4134,26.0829,46.5766,57.755,46.5766,43.373,20.7048,37.4449,61.2335,41.4097,45.0154,21.0896,44.3761,66.3445,42.6186,51.0582,33.1126,62.2517,72.8477,55.6291,46.6667,21.7707,47.8955,60.9579,53.701,EPI_ISL_16632515,Avian,H5N1,2022.49,NorthAmerica,A/great_black-backed_gull/Maine/22-022526-015-original/2022,G7
0,-1,42.1517,18.2353,37.6471,64.7059,41.1765,43.9232,18.4922,43.3855,82.5036,41.2518,47.7242,27.4615,46.8855,75.6865,35.499,44.3669,26.0829,46.5766,58.2208,46.5766,43.373,20.7048,37.8855,61.674,41.4097,45.0154,21.0896,44.3761,66.3445,43.058,50.7937,31.7881,62.2517,72.8477,52.9801,46.5217,21.7707,47.8955,60.9579,53.701,EPI_ISL_16632516,Avian,H5N1,2022.515,NorthAmerica,A/herring_gull/Maine/22-022526-016-original/2022,G7
0,-1,42.1517,18.8235,38.2353,64.7059,41.1765,43.9232,18.4922,43.3855,81.7923,41.2518,47.6573,27.4615,46.8855,75.6865,35.499,44.3203,25.6171,46.5766,58.2208,46.5766,43.2849,20.7048,37.4449,61.2335,41.4097,45.1032,21.529,44.3761,66.3445,43.4974,50.7937,33.1126,62.2517,72.8477,54.3046,46.6667,21.7707,47.8955,60.9579,53.701,EPI_ISL_16632517,Avian,H5N1,2022.515,NorthAmerica,A/great_black-backed_gull/Massachusetts/22-022527-002-original/2022,G7
0,-1,42.328,18.8235,38.8235,65.2941,41.1765,44.1365,19.9147,43.3855,82.5036,40.5405,47.7912,27.4615,47.5553,76.3563,35.499,44.2737,26.0829,46.5766,57.755,46.1109,43.373,20.7048,37.4449,61.2335,41.4097,45.0593,21.0896,44.3761,66.7838,42.6186,50.7937,33.1126,62.2517,71.5232,54.3046,46.8116,21.7707,47.8955,60.9579,55.1524,EPI_ISL_16632518,Avian,H5N1,2022.512,NorthAmerica,A/common_eider/Massachusetts/22-022527-003-original/2022,G7
0,-1,42.328,18.8235,38.8235,65.2941,41.1765,43.9943,19.2034,42.6743,82.5036,40.5405,47.7242,27.4615,46.8855,75.6865,35.499,44.3203,26.0829,46.5766,57.755,46.1109,43.373,20.7048,37.4449,61.2335,41.4097,44.9275,20.6503,44.3761,66.3445,42.1793,50.9259,33.1126,62.2517,72.8477,54.3046,46.6667,21.7707,47.8955,60.9579,53.701,EPI_ISL_16632519,Avian,H5N1,2022.493,NorthAmerica,A/great_black-backed_gull/Massachusetts/22-022527-005-original/2022,G7
0,-1,42.2105,18.2353,38.8235,63.5294,41.1765,43.9943,19.2034,42.6743,82.5036,40.5405,47.6573,27.4615,46.8855,75.6865,34.8292,44.3203,26.0829,46.5766,57.755,46.1109,43.373,20.7048,37.4449,61.2335,41.4097,45.0593,21.0896,44.3761,66.3445,43.058,50.9259,33.1126,62.2517,72.8477,54.3046,46.6667,21.7707,47.8955,60.9579,53.701,EPI_ISL_16632520,Avian,H5N1,2022.526,NorthAmerica,A/double-crested_cormorant/Massachusetts/22-022527-009-original/2022,G7
0,-1,42.2105,18.2353,38.8235,65.8824,41.1765,44.1365,18.4922,43.3855,83.2148,42.6743,47.7242,28.1313,47.5553,75.0167,35.499,44.3203,25.6171,46.1109,58.6865,46.5766,43.2849,21.1454,37.4449,59.0308,42.2907,45.191,21.529,43.9367,67.6626,43.058,50.5291,30.4636,62.2517,72.8477,50.3311,46.8116,23.2221,47.8955,62.4093,53.701,EPI_ISL_16632521,Avian,H5N1,2022.548,NorthAmerica,A/common_tern/Maine/22-025070-002-original/2022,G7
0,-1,42.328,18.8235,38.8235,65.2941,41.1765,44.0654,19.9147,43.3855,82.5036,40.5405,47.7242,27.4615,46.8855,75.6865,35.499,44.3203,26.0829,46.5766,57.755,46.1109,43.373,20.7048,37.4449,61.2335,41.4097,45.0593,21.0896,44.3761,66.7838,42.6186,50.7937,33.1126,62.2517,71.5232,54.3046,46.6667,21.7707,47.8955,60.9579,53.701,EPI_ISL_16632522,Avian,H5N1,2022.532,NorthAmerica,A/herring_gull/Massachusetts/22-025071-001-original/2022,G7
0,-1,42.2693,18.8235,38.2353,65.2941,41.1765,43.8522,17.7809,43.3855,82.5036,40.5405,47.6573,27.4615,46.8855,75.6865,35.499,44.3203,25.6171,46.1109,58.2208,46.5766,43.373,20.7048,37.8855,61.2335,41.4097,45.0593,21.0896,44.3761,67.2232,42.6186,51.0582,33.1126,62.2517,74.1722,54.3046,46.8116,21.7707,49.3469,62.4093,53.701,EPI_ISL_16632523,Avian,H5N1,2022.551,NorthAmerica,A/canada_goose/Massachusetts/22-025071-002-original/2022,G7
0,-1,42.2693,17.6471,39.4118,65.8824,41.7647,43.9943,18.4922,42.6743,82.5036,42.6743,47.7242,26.1219,46.2157,75.0167,37.5084,43.3426,20.9595,45.6451,56.8235,42.8505,42.5804,18.0617,40.9692,58.1498,38.326,45.6741,25.0439,42.1793,68.1019,42.1793,51.0582,33.1126,62.2517,72.8477,51.6556,46.8116,24.6734,47.8955,62.4093,53.701,EPI_ISL_16632524,Avian,H5N1,2022.556,NorthAmerica,A/great_black-backed_gull/Massachusetts/22-025071-003-original/2022,G5
0,-1,42.2693,18.8235,38.2353,65.2941,41.1765,44.0654,18.4922,43.3855,82.5036,41.2518,47.7242,27.4615,46.8855,75.6865,35.499,44.4134,26.0829,46.5766,57.2892,47.0424,43.417,21.1454,37.4449,61.2335,41.4097,45.0154,21.0896,44.3761,66.3445,42.6186,51.0582,33.1126,62.2517,72.8477,55.6291,46.6667,21.7707,47.8955,60.9579,53.701,EPI_ISL_16632537,Avian,H5N1,2022.501,NorthAmerica,A/common_eider/Maine/22-022526-003-original/2022,G7
0,-1,42.328,18.8235,38.2353,65.2941,41.1765,43.9232,18.4922,43.3855,82.5036,41.2518,47.7242,27.4615,46.8855,75.6865,35.499,44.4134,26.0829,46.5766,58.2208,46.5766,43.417,21.1454,37.4449,61.2335,41.4097,45.0593,21.0896,44.3761,66.3445,42.6186,50.9259,33.1126,62.2517,72.8477,54.3046,46.5217,21.7707,47.8955,60.9579,53.701,EPI_ISL_16632538,Avian,H5N1,2022.488,NorthAmerica,A/herring_gull/Maine/22-022526-002-original/2022,G7
1,-1,42.1517,18.2353,38.8235,65.8824,40.5882,44.0654,18.4922,42.6743,83.2148,42.6743,47.5904,27.4615,46.2157,75.0167,36.1688,44.3203,26.0829,46.5766,57.755,47.0424,43.3289,21.1454,37.4449,59.9119,42.7313,45.2789,21.9684,43.9367,68.1019,43.058,50.6614,31.7881,62.2517,72.8477,50.3311,46.6667,23.2221,47.8955,62.4093,53.701,EPI_ISL_16632539,Seal,H5N1,2022.515,NorthAmerica,A/harbor_seal/Maine/22-022528-003-original/2022,G7
1,-1,42.1517,18.2353,38.8235,65.8824,40.5882,44.1365,18.4922,43.3855,83.2148,42.6743,47.6573,27.4615,47.5553,75.0167,35.499,44.3669,26.0829,46.5766,57.755,47.0424,43.2409,21.1454,37.4449,59.9119,41.8502,45.235,22.4077,43.9367,67.2232,43.058,50.6614,31.7881,62.2517,72.8477,50.3311,46.6667,23.2221,47.8955,62.4093,53.701,EPI_ISL_16632540,Seal,H5N1,2022.518,NorthAmerica,A/harbor_seal/Maine/22-022528-006-original/2022,G7
1,-1,42.2105,18.8235,37.6471,65.2941,41.1765,44.0654,18.4922,43.3855,83.2148,41.2518,47.7242,26.7917,46.8855,75.6865,36.1688,44.46,25.6171,46.5766,59.1523,46.5766,43.373,21.1454,37.4449,60.793,41.4097,45.0154,21.0896,44.3761,66.3445,42.6186,50.9259,33.1126,62.2517,72.8477,54.3046,46.6667,21.7707,47.8955,60.9579,53.701,EPI_ISL_16632541,Seal,H5N1,2022.518,NorthAmerica,A/harbor_seal/Maine/22-022528-008-original/2022,G7
1,-1,42.2105,18.8235,38.2353,65.2941,41.1765,43.9943,18.4922,43.3855,82.5036,41.2518,47.7242,27.4615,46.8855,76.3563,35.499,44.3669,25.6171,46.5766,58.2208,46.5766,43.373,20.2643,37.4449,61.2335,41.8502,45.0593,21.0896,44.3761,66.3445,42.6186,50.9259,33.1126,62.2517,72.8477,54.3046,46.6667,21.7707,47.8955,60.9579,53.701,EPI_ISL_16632542,Seal,H5N1,2022.534,NorthAmerica,A/harbor_seal/Maine/22-025072-002-original/2022,G7
0,-1,41.7989,17.6471,38.2353,64.7059,41.7647,44.634,19.2034,45.5192,83.926,42.6743,47.7242,26.7917,46.2157,77.0261,36.1688,44.4134,24.6856,44.2478,61.0154,47.0424,43.3289,20.2643,37.8855,61.2335,42.7313,44.7519,21.0896,42.6186,66.3445,40.4218,50.2646,33.1126,64.9007,70.1987,51.6556,46.9565,21.7707,47.8955,68.2148,56.6038,EPI_ISL_16638641,Avian,H5N1,2022.934,Europe,A/chicken/Czech_Republic/22910-1/2022,G2
0,-1,41.7989,17.6471,38.2353,64.7059,41.7647,44.634,19.2034,45.5192,83.926,42.6743,47.6573,26.7917,46.2157,76.3563,36.1688,44.4134,24.6856,44.2478,61.0154,47.0424,43.2849,20.2643,37.8855,61.2335,42.7313,44.7519,21.0896,42.6186,66.3445,40.4218,50.2646,33.1126,64.9007,70.1987,51.6556,47.1014,21.7707,47.8955,69.6662,56.6038,EPI_ISL_16638642,Avian,H5N1,2022.934,Europe,A/chicken/Czech_Republic/22910-2/2022,G2
0,-1,41.7989,17.6471,38.2353,64.7059,41.7647,44.634,19.2034,45.5192,83.926,42.6743,47.6573,26.7917,46.2157,76.3563,36.1688,44.4134,24.6856,44.2478,61.0154,47.0424,43.3289,20.2643,37.8855,61.2335,42.7313,44.7519,21.0896,42.6186,66.3445,40.4218,50.2646,33.1126,64.9007,70.1987,51.6556,46.9565,21.7707,47.8955,68.2148,56.6038,EPI_ISL_16638643,Avian,H5N1,2022.934,Europe,A/chicken/Czech_Republic/22910-3/2022,G2
0,-1,41.7989,17.6471,38.2353,64.7059,41.7647,44.634,19.2034,45.5192,83.926,42.6743,47.6573,26.7917,46.2157,76.3563,36.1688,44.4134,24.6856,44.2478,61.0154,47.0424,43.3289,20.2643,37.8855,61.2335,42.7313,44.7519,21.0896,42.6186,66.3445,40.4218,50.2646,33.1126,64.9007,70.1987,51.6556,46.9565,21.7707,47.8955,68.2148,56.6038,EPI_ISL_16638657,Avian,H5N1,2022.934,Europe,A/domestic_duck/Czech_Republic/22912-1/2022,G2
0,-1,41.7402,17.6471,38.2353,64.1176,41.7647,44.634,19.2034,45.5192,83.926,42.6743,47.6573,26.7917,46.2157,76.3563,36.1688,44.46,24.6856,44.2478,61.0154,47.5082,43.373,20.2643,37.8855,62.1145,42.7313,44.7958,21.529,42.6186,66.7838,40.4218,50.2646,33.1126,64.9007,70.1987,51.6556,46.9565,21.7707,47.8955,68.2148,56.6038,EPI_ISL_16638676,Avian,H5N1,2022.934,Europe,A/chicken/Czech_Republic/22911-1/2022,G2
0,-1,42.0929,18.2353,38.8235,67.0588,41.7647,44.3497,20.6259,44.0967,80.3698,41.963,47.4565,26.1219,46.8855,75.6865,36.8386,44.46,25.6171,44.7136,58.2208,47.0424,44.4298,20.2643,42.2907,63.4361,44.4934,45.191,24.1652,45.2548,69.42,37.7856,50.5291,31.7881,63.5762,75.4967,52.9801,44.7826,24.6734,40.6386,62.4093,49.3469,EPI_ISL_16638696,Avian,H5N1,2023.027,Europe,A/chicken/Czech_Republic/574/2023,G14
0,-1,42.2693,18.8235,38.2353,65.2941,41.1765,43.9943,18.4922,43.3855,82.5036,41.2518,47.7912,27.4615,46.8855,75.6865,35.499,44.3669,25.6171,46.5766,58.2208,46.5766,43.373,20.7048,37.4449,61.2335,41.4097,44.9715,21.0896,43.9367,66.3445,42.6186,50.9259,33.1126,62.2517,72.8477,54.3046,46.6667,21.7707,47.8955,60.9579,53.701,EPI_ISL_16641779,Avian,H5N1,2022.444,NorthAmerica,A/double-crested_cormorant/MA/22MM00723/2022,G7
0,-1,42.2693,18.8235,38.2353,65.2941,41.1765,44.0654,18.4922,43.3855,82.5036,41.2518,47.7242,27.4615,46.8855,75.6865,35.499,44.46,26.0829,46.5766,58.2208,46.5766,43.373,20.7048,37.4449,61.2335,41.4097,44.9715,21.0896,43.9367,66.3445,42.6186,50.9259,33.1126,62.2517,72.8477,54.3046,46.6667,21.7707,47.8955,60.9579,53.701,EPI_ISL_16641780,Avian,H5N1,2022.447,NorthAmerica,A/common_eider/MA/22MM00724/2022,G7
0,-1,42.2693,18.8235,38.2353,65.2941,41.1765,43.9943,18.4922,43.3855,82.5036,41.2518,47.7242,27.4615,46.8855,75.6865,35.499,44.4134,25.6171,46.5766,58.2208,46.5766,43.3289,20.7048,37.4449,61.674,41.4097,44.9715,21.0896,43.9367,66.3445,42.6186,50.9259,33.1126,62.2517,72.8477,54.3046,46.5217,21.7707,46.4441,60.9579,53.701,EPI_ISL_16641781,Avian,H5N1,2022.458,NorthAmerica,A/common_eider/MA/22MM00763/2022,G7
0,-1,42.2693,18.8235,38.2353,65.2941,41.1765,43.9943,18.4922,43.3855,83.2148,41.2518,47.6573,27.4615,46.8855,75.0167,35.499,44.4134,26.0829,46.5766,58.2208,46.5766,43.373,20.7048,37.4449,61.2335,41.4097,45.0593,20.6503,43.9367,66.7838,43.058,50.9259,33.1126,62.2517,72.8477,54.3046,46.5217,21.7707,46.4441,60.9579,53.701,EPI_ISL_16641782,Avian,H5N1,2022.463,NorthAmerica,A/common_eider/MA/22MM00772/2022,G7
0,-1,42.328,18.8235,38.2353,65.2941,41.1765,43.9943,18.4922,43.3855,83.2148,41.2518,47.6573,27.4615,46.8855,75.0167,35.499,44.4134,26.0829,46.5766,58.2208,46.5766,43.373,20.7048,37.4449,61.2335,41.4097,45.0593,20.6503,43.9367,66.7838,43.058,50.9259,33.1126,62.2517,72.8477,54.3046,46.5217,21.7707,46.4441,60.9579,53.701,EPI_ISL_16641783,Avian,H5N1,2022.479,NorthAmerica,A/common_eider/MA/22MM00823/2022,G7
0,-1,42.1517,18.2353,38.8235,65.8824,40.5882,44.2075,18.4922,43.3855,83.926,42.6743,47.6573,27.4615,47.5553,75.0167,35.499,44.3203,25.6171,46.5766,57.755,47.0424,43.3289,21.1454,37.4449,59.9119,42.2907,45.235,21.529,43.9367,67.6626,43.4974,50.6614,31.7881,62.2517,72.8477,50.3311,46.8116,23.2221,47.8955,62.4093,53.701,EPI_ISL_16641784,Avian,H5N1,2022.444,NorthAmerica,A/common_tern/ME/COTE_20220612_1/2022,G7
0,-1,42.1517,18.2353,38.8235,65.8824,40.5882,44.1365,18.4922,43.3855,83.2148,42.6743,47.5904,27.4615,47.5553,75.0167,35.499,44.3203,25.6171,46.5766,57.755,47.0424,43.3289,21.1454,37.4449,59.9119,42.2907,45.191,21.529,43.9367,67.6626,43.058,50.6614,31.7881,62.2517,72.8477,50.3311,46.8116,23.2221,47.8955,62.4093,53.701,EPI_ISL_16641785,Avian,H5N1,2022.449,NorthAmerica,A/common_tern/ME/COTE_20220614_1/2022,G7
0,-1,42.1517,18.2353,38.2353,66.4706,40.5882,44.1365,18.4922,43.3855,83.2148,42.6743,47.6573,27.4615,47.5553,75.0167,35.499,44.3203,25.6171,46.5766,57.755,47.0424,43.417,21.5859,37.4449,59.9119,42.7313,45.191,21.529,43.9367,67.6626,43.058,50.6614,31.7881,62.2517,72.8477,50.3311,46.8116,23.2221,47.8955,62.4093,53.701,EPI_ISL_16641786,Avian,H5N1,2022.449,NorthAmerica,A/common_tern/ME/COTE_20220614_2/2022,G7
0,-1,42.328,18.8235,38.2353,66.4706,41.1765,44.0654,18.4922,43.3855,82.5036,41.2518,47.7242,27.4615,46.8855,75.6865,35.499,44.4134,25.6171,46.5766,58.2208,46.5766,43.373,20.7048,37.4449,61.2335,41.4097,45.0154,21.0896,44.3761,66.3445,42.6186,50.9259,33.1126,62.2517,72.8477,54.3046,46.5217,21.7707,46.4441,60.9579,53.701,EPI_ISL_16641787,Avian,H5N1,2022.468,NorthAmerica,A/red-tailed_hawk/MA/22MM00791/2022,G7
0,-1,42.328,19.4118,38.2353,65.8824,41.1765,44.0654,18.4922,43.3855,82.5036,41.2518,47.7242,27.4615,46.8855,75.6865,35.499,44.4134,25.6171,46.5766,58.2208,46.5766,43.373,20.7048,37.4449,61.2335,41.4097,45.0154,21.0896,44.3761,66.3445,42.6186,50.9259,33.1126,62.2517,72.8477,54.3046,46.5217,21.7707,46.4441,60.9579,53.701,EPI_ISL_16641788,Avian,H5N1,2022.468,NorthAmerica,A/red-tailed_hawk/MA/22MM00792/2022,G7
0,-1,42.2693,18.8235,38.2353,65.2941,41.1765,43.9943,18.4922,43.3855,82.5036,41.2518,47.7912,27.4615,47.5553,76.3563,35.499,44.3669,25.6171,46.5766,58.2208,46.5766,43.373,20.7048,37.4449,61.2335,41.4097,45.0154,21.0896,44.3761,66.3445,42.6186,50.9259,33.1126,62.2517,72.8477,54.3046,46.6667,21.7707,47.8955,60.9579,53.701,EPI_ISL_16641789,Avian,H5N1,2022.452,NorthAmerica,A/great_black-backed_gull/MA/GBBG_20220615_1/2022,G7
0,-1,42.2693,18.8235,38.2353,65.2941,41.1765,43.9943,18.4922,43.3855,82.5036,41.2518,47.7242,27.4615,46.8855,75.6865,35.499,44.3203,25.6171,46.5766,58.2208,46.5766,43.417,21.1454,37.4449,61.2335,41.4097,44.9715,21.0896,44.3761,65.9051,42.6186,50.9259,33.1126,62.2517,72.8477,54.3046,46.5217,21.7707,47.8955,60.9579,53.701,EPI_ISL_16641790,Avian,H5N1,2022.479,NorthAmerica,A/great_black-backed_gull/MA/22MM00822/2022,G7
0,-1,42.2693,18.8235,38.2353,65.2941,41.1765,43.9943,18.4922,43.3855,82.5036,41.2518,47.7242,27.4615,46.8855,75.6865,35.499,44.3203,25.1514,46.5766,58.2208,46.5766,43.373,20.7048,37.4449,61.2335,41.4097,45.0154,21.0896,44.3761,66.3445,42.6186,50.9259,33.1126,62.2517,72.8477,54.3046,46.6667,21.7707,47.8955,60.9579,53.701,EPI_ISL_16641791,Avian,H5N1,2022.455,NorthAmerica,A/peregrine_falcon/MA/22MM00756/2022,G7
0,-1,42.2693,18.8235,38.2353,65.2941,41.1765,44.0654,18.4922,43.3855,83.2148,41.2518,47.7242,27.4615,46.8855,75.6865,35.499,44.3669,25.1514,46.5766,58.6865,46.5766,43.373,20.7048,37.4449,61.2335,41.4097,45.0154,21.0896,44.3761,66.3445,42.6186,50.9259,33.1126,62.2517,72.8477,54.3046,46.6667,21.7707,47.8955,60.9579,53.701,EPI_ISL_16641792,Avian,H5N1,2022.471,NorthAmerica,A/peregrine_falcon/MA/22MM00802/2022,G7
0,-1,42.0929,18.2353,38.8235,64.7059,41.7647,44.1365,19.2034,44.0967,82.5036,42.6743,47.5904,26.7917,45.5459,75.6865,36.1688,44.3203,25.1514,47.0424,58.2208,47.0424,43.0647,20.2643,36.5639,60.3524,40.5286,45.0154,21.529,44.3761,66.3445,43.058,50.7937,33.1126,62.2517,72.8477,51.6556,46.6667,23.2221,47.8955,62.4093,53.701,EPI_ISL_16641798,Avian,H5N1,2022.271,NorthAmerica,A/snowy_owl/MA/22MM00467/2022,G8
0,-1,42.1517,18.2353,38.8235,65.8824,41.1765,44.2075,19.2034,44.0967,82.5036,41.963,47.8581,27.4615,48.2251,75.6865,36.1688,44.3203,25.6171,46.1109,57.755,47.0424,43.2849,20.7048,37.8855,60.3524,41.4097,45.1032,21.529,43.9367,66.7838,43.058,50.5291,31.7881,62.2517,72.8477,50.3311,46.6667,23.2221,46.4441,62.4093,53.701,EPI_ISL_16641799,Avian,H5N1,2022.353,NorthAmerica,A/northern_gannet/MA/22WI00050/2022,G7
0,-1,41.7402,17.6471,38.2353,64.1176,41.7647,44.634,19.2034,45.5192,83.926,42.6743,47.6573,26.7917,46.2157,76.3563,36.1688,44.46,24.6856,44.2478,61.0154,47.5082,43.373,20.2643,37.8855,62.1145,42.7313,44.7958,21.529,42.6186,66.7838,40.4218,50.2646,33.1126,64.9007,70.1987,51.6556,46.9565,21.7707,47.8955,68.2148,56.6038,EPI_ISL_16647784,Avian,H5N1,2022.934,Europe,A/chicken/Czech_Republic/22911-1/2022,G2
0,-1,41.7989,18.2353,37.6471,65.2941,41.7647,44.4918,19.2034,45.5192,81.7923,44.0967,47.7242,27.4615,47.5553,73.6772,37.5084,43.6685,24.6856,45.6451,56.8235,47.0424,43.0207,19.8238,38.7665,57.7093,43.1718,45.191,21.0896,43.9367,68.1019,40.8612,50.7937,33.1126,63.5762,72.8477,54.3046,46.3768,23.2221,44.9927,65.312,50.7983,EPI_ISL_16675872,Avian,H5N1,2022.888,Africa,A/ostrich/South_Africa/PRL60/2022,
0,-1,42.0929,19.4118,35.8824,66.4706,40,43.9943,20.6259,44.0967,78.9474,40.5405,47.992,28.8011,47.5553,76.3563,38.1782,43.9479,25.1514,47.0424,54.4946,47.0424,43.1528,19.8238,37.4449,59.9119,42.2907,45.235,22.8471,45.2548,69.8594,41.7399,51.1905,33.1126,63.5762,74.1722,52.9801,46.5217,24.6734,47.8955,60.9579,53.701,EPI_ISL_16676447,Avian,H5N1,2022.458,Africa,A/Common_tern/South_Africa/22060305/2022,G11
0,-1,41.6226,17.6471,37.6471,64.1176,41.7647,44.4208,20.6259,44.0967,81.7923,43.3855,47.5904,26.7917,46.8855,75.6865,35.499,44.3203,25.1514,44.2478,60.5496,47.0424,43.2409,19.8238,38.326,60.793,42.7313,44.4444,18.8928,41.3005,65.4657,41.3005,50.5291,33.1126,64.9007,72.8477,50.3311,46.5217,24.6734,47.8955,63.8607,53.701,EPI_ISL_16676471,Avian,H5N1,2023.025,Europe,A/Gallus_gallus/Belgium/00322-0002/2023,G2
0,-1,41.5638,18.2353,38.2353,64.7059,40,44.2075,17.7809,45.5192,78.9474,42.6743,47.4565,26.1219,46.2157,75.6865,34.8292,44.2272,23.2883,44.2478,61.4811,47.5082,43.1528,19.3833,37.4449,60.793,43.6123,44.4005,20.2109,42.6186,64.1476,39.5431,50.9259,35.7616,64.9007,74.1722,52.9801,46.8116,24.6734,46.4441,66.7634,53.701,EPI_ISL_16676474,Avian,H5N1,2022.967,Europe,A/Gallus_gallus/Belgium/14733-0001/2022,G2
0,-1,41.9165,18.2353,38.8235,66.4706,41.7647,44.705,20.6259,43.3855,83.2148,44.0967,47.4565,26.7917,46.8855,75.0167,34.8292,44.5225,25.2927,46.8384,59.9532,48.7119,43.1088,20.7048,38.7665,60.793,41.4097,44.5762,19.3322,43.4974,64.587,39.5431,50.6614,34.4371,66.2252,74.1722,51.6556,46.8116,23.2221,49.3469,68.2148,53.701,EPI_ISL_16676487,Avian,H5N1,2022.707,Europe,A/Cygnus_olor/Belgium/10811-0003/2022,G2
0,-1,41.5638,18.2353,38.2353,64.7059,40,44.2075,17.7809,45.5192,78.9474,42.6743,47.4565,26.1219,46.2157,75.6865,34.8292,44.2272,23.2883,44.2478,61.4811,47.5082,43.1528,19.3833,37.4449,60.793,43.6123,44.4005,20.2109,42.6186,64.1476,39.5431,50.9259,35.7616,64.9007,74.1722,52.9801,46.8116,24.6734,46.4441,66.7634,53.701,EPI_ISL_16676489,Avian,H5N1,2022.97,Europe,A/Anas_platyrhynchos_domesticus/Belgium/14735-0001/2022,G2
0,-1,42.328,20,39.4118,66.4706,42.9412,44.7761,19.9147,44.808,82.5036,44.0967,47.992,28.1313,48.2251,77.6959,36.1688,44.2737,24.6856,46.1109,58.6865,50.3027,43.461,20.7048,38.7665,59.4714,43.1718,44.664,23.7258,41.7399,67.6626,34.2707,50.3968,34.4371,62.2517,71.5232,52.9801,46.9565,24.6734,47.8955,65.312,53.701,EPI_ISL_16698060,Avian,H5N1,2022.849,Asia,A/chicken/Hokkaido/HU-E001/2022,
0,-1,42.2105,19.4118,39.4118,65.8824,42.3529,44.5629,19.9147,44.808,82.5036,43.3855,47.992,28.8011,47.5553,77.0261,36.8386,44.3203,25.6171,48.4397,55.8919,47.5082,43.373,20.2643,37.8855,59.9119,42.7313,45.3228,21.9684,44.8155,67.6626,43.9367,50.7937,34.4371,63.5762,72.8477,52.9801,46.8116,24.6734,47.8955,65.312,53.701,EPI_ISL_16698477,Avian,H5N1,2023.027,Asia,A/chicken/Hokkaido/HU-E008/2022,G11
0,-1,42.328,18.8235,38.8235,65.8824,43.5294,44.5629,19.2034,44.808,82.5036,44.0967,47.925,28.8011,46.8855,77.0261,36.8386,44.3669,25.6171,48.4397,57.2892,48.4397,43.5491,20.7048,38.7665,59.9119,43.6123,45.235,22.4077,45.6942,67.2232,43.9367,50.9259,34.4371,63.5762,74.1722,52.9801,46.8116,24.6734,47.8955,63.8607,53.701,EPI_ISL_16698546,Avian,H5N1,2022.803,Asia,A/eastern_buzzard/Niigata/1501B001/2022,G11
0,-1,42.328,20,39.4118,65.8824,42.3529,44.7761,20.6259,44.808,82.5036,44.0967,48.0589,28.8011,47.5553,77.0261,36.8386,44.2737,24.6856,47.9739,56.8235,47.0424,43.1968,20.7048,37.8855,58.5903,41.8502,45.235,21.9684,44.8155,67.2232,43.9367,50.7937,34.4371,63.5762,72.8477,52.9801,46.8116,24.6734,47.8955,65.312,53.701,EPI_ISL_16698576,Avian,H5N1,2022.885,Asia,A/red-crowned_crane/Hokkaido/20221120001/2022,G11
0,-1,42.1517,19.4118,38.2353,64.7059,42.9412,44.7761,20.6259,44.0967,81.7923,44.0967,47.992,28.8011,47.5553,77.0261,36.8386,44.5065,25.6171,47.9739,56.8235,48.9054,43.5051,20.2643,39.207,60.3524,42.7313,45.3228,22.4077,44.8155,67.6626,44.3761,50.6614,34.4371,64.9007,70.1987,52.9801,46.8116,26.1248,49.3469,65.312,53.701,EPI_ISL_16698579,Avian,H5N1,2022.847,Asia,A/slaty-backed_gull/Hokkaido/0111M111/2022,G11
0,-1,41.4462,17.0588,37.6471,65.2941,40,44.5629,19.9147,45.5192,80.3698,44.0967,47.5234,25.4521,46.2157,75.6865,34.8292,44.3669,24.2198,45.1793,61.9469,47.0424,43.3289,19.3833,38.326,59.9119,42.7313,44.5762,19.7715,42.1793,65.4657,40.4218,51.0582,35.7616,64.9007,75.4967,52.9801,46.6667,24.6734,44.9927,68.2148,50.7983,EPI_ISL_16740903,Avian,H5N1,2022.94,Europe,A/duck/France/22P025647/2022,G2
0,-1,41.3874,17.0588,37.6471,65.2941,40,44.5652,20.3046,44.9601,81.9434,43.5098,47.5234,25.4521,46.2157,75.6865,34.8292,44.3669,24.2198,45.1793,61.9469,47.0424,43.2849,19.3833,38.326,59.9119,42.7313,44.5762,19.7715,42.1793,65.4657,40.4218,51.0582,35.7616,64.9007,75.4967,52.9801,46.6667,24.6734,44.9927,68.2148,50.7983,EPI_ISL_16740904,Avian,H5N1,2022.915,Europe,A/duck/France/22P024591/2022,G2
0,-1,41.3874,17.0588,37.6471,65.2941,40,44.5652,20.3046,44.9601,81.9434,43.5098,47.5234,25.4521,46.2157,75.6865,34.8292,44.3669,24.2198,45.1793,61.9469,47.0424,43.2849,19.3833,38.326,59.9119,42.7313,44.5762,19.7715,42.1793,65.4657,40.4218,51.0582,35.7616,64.9007,75.4967,52.9801,46.6667,24.6734,44.9927,68.2148,50.7983,EPI_ISL_16740905,Avian,H5N1,2022.915,Europe,A/duck/France/22P024657/2022,G2
0,-1,41.3874,17.0588,37.6471,65.2941,40,44.5946,19.943,45.584,80.4843,44.1595,47.5234,25.4521,46.2157,75.6865,34.8292,44.3875,24.2424,45.2214,62.0047,47.0862,43.2849,19.3833,38.326,59.9119,42.7313,44.5762,19.7715,42.1793,65.4657,40.4218,51.0582,35.7616,64.9007,75.4967,52.9801,46.6667,24.6734,44.9927,68.2148,50.7983,EPI_ISL_16741031,Avian,H5N1,2022.921,Europe,A/duck/France/22P024701/2022,G2
0,-1,41.3874,17.0588,37.6471,65.2941,40,44.6263,19.9715,45.6491,80.5991,44.2225,47.5234,25.4521,46.2157,75.6865,34.8292,44.3669,24.2198,45.1793,61.9469,47.0424,43.2849,19.3833,38.326,59.9119,42.7313,44.5762,19.7715,42.1793,65.4657,40.4218,51.0582,35.7616,64.9007,75.4967,52.9801,46.6667,24.6734,44.9927,68.2148,50.7983,EPI_ISL_16741115,Avian,H5N1,2022.926,Europe,A/turkey/France/22P024731/2022,G2
0,-1,41.4462,17.0588,37.6471,65.2941,40,44.5946,19.943,45.584,80.4843,44.1595,47.5234,25.4521,46.2157,75.6865,34.8292,44.3669,24.2198,45.1793,61.9469,47.0424,43.2849,19.3833,38.326,59.9119,42.7313,44.5762,19.7715,42.1793,65.4657,40.4218,51.0582,35.7616,64.9007,75.4967,52.9801,46.6667,24.6734,44.9927,68.2148,50.7983,EPI_ISL_16741201,Avian,H5N1,2022.929,Europe,A/duck/France/22P025078/2022,G2
0,-1,41.4462,17.0588,37.6471,65.2941,40,44.5946,19.943,45.584,80.4843,44.1595,47.5234,25.4521,46.2157,75.6865,34.8292,44.3875,24.2424,45.2214,62.0047,47.0862,43.2409,19.3833,38.326,59.9119,42.7313,44.5762,19.7715,42.1793,65.4657,40.4218,51.0582,35.7616,64.9007,75.4967,52.9801,46.6667,24.6734,44.9927,68.2148,50.7983,EPI_ISL_16741221,Avian,H5N1,2022.932,Europe,A/duck/France/22P025252/2022,G2
0,-1,41.3874,17.0588,37.6471,65.2941,40,44.5629,19.9147,45.5192,80.3698,44.0967,47.5234,25.4521,46.2157,75.6865,34.8292,44.3669,24.2198,45.1793,61.9469,47.0424,43.2849,19.3833,38.326,59.9119,42.7313,44.5762,19.7715,42.1793,65.4657,40.4218,51.0582,35.7616,64.9007,75.4967,52.9801,46.6667,24.6734,44.9927,68.2148,50.7983,EPI_ISL_16741325,Avian,H5N1,2022.926,Europe,A/duck/France/22P025303/2022,G2
0,-1,41.4462,17.0588,37.6471,65.2941,40,44.5396,20,45.7143,80.7143,44.2857,47.5234,25.4521,46.2157,75.6865,34.8292,44.3669,24.2198,45.1793,61.9469,47.0424,43.2849,19.3833,38.326,59.9119,42.7313,44.5762,19.7715,42.1793,65.4657,40.4218,51.0582,35.7616,64.9007,75.4967,52.9801,46.5217,24.6734,44.9927,68.2148,49.3469,EPI_ISL_16741326,Avian,H5N1,2022.937,Europe,A/chicken/France/22P025486/2022,G2
0,-1,41.4462,17.0588,37.6471,65.2941,40,44.5629,19.9147,45.5192,80.3698,44.0967,47.5234,25.4521,46.2157,75.6865,34.8292,44.3669,24.2198,45.1793,61.9469,47.0424,43.2849,19.3833,38.326,59.9119,42.7313,44.5762,19.7715,42.1793,65.9051,40.4218,51.0582,35.7616,64.9007,75.4967,52.9801,46.5217,24.6734,44.9927,66.7634,50.7983,EPI_ISL_16741402,Avian,H5N1,2022.94,Europe,A/duck/France/22P025498/2022,G2
0,-1,41.8577,18.2353,38.8235,65.2941,41.7647,44.8472,20.6259,44.808,83.2148,44.0967,47.3896,26.7917,46.8855,74.347,34.8292,44.3203,24.6856,43.782,61.0154,45.6451,43.3289,21.1454,38.7665,61.2335,41.8502,44.664,20.2109,43.4974,65.4657,39.5431,50.5291,34.4371,64.9007,72.8477,51.6556,46.9565,23.2221,49.3469,68.2148,53.701,EPI_ISL_16748778,Avian,H5N1,2022.627,Europe,A/Aythya_fuligula/Belgium/10064-0004/2022,G2
0,-1,41.5638,17.6471,37.6471,64.7059,41.7647,45.0604,21.3371,45.5192,82.5036,43.3855,47.4565,26.7917,44.8761,73.6772,35.499,44.1806,24.2198,43.782,59.6181,45.6451,43.417,18.5022,38.326,58.5903,41.4097,44.4444,19.7715,42.1793,64.1476,40.4218,50.6614,34.4371,64.9007,72.8477,52.9801,46.2319,23.2221,47.8955,65.312,52.2496,EPI_ISL_16748957,Avian,H5N1,2022.773,Europe,A/Corvus_monedula/Belgium/11918_0006/2022,G2
0,-1,41.505,15.8824,37.6471,63.5294,41.7647,44.2786,19.2034,44.808,79.6586,43.3855,47.4565,26.1219,46.2157,75.0167,35.499,43.5754,20.9595,44.7136,58.2208,44.7136,43.1968,20.2643,38.326,60.3524,43.1718,45.2789,24.1652,45.6942,68.5413,39.1037,50.5291,34.4371,66.2252,72.8477,51.6556,46.2319,24.6734,47.8955,60.9579,53.701,EPI_ISL_16758492,Avian,H5N1,2023.066,Europe,A/Chicken/Netherlands/23001413-001005/2023,G13
0,-1,41.7402,17.0588,38.2353,65.2941,41.1765,44.3497,18.4922,46.2304,78.9474,41.963,47.5234,26.1219,46.2157,75.0167,34.8292,44.1341,22.3568,43.782,61.9469,46.1109,43.2409,19.8238,38.326,60.3524,43.1718,44.4444,19.3322,41.7399,65.0264,40.4218,50.9259,35.7616,64.9007,74.1722,52.9801,46.6667,24.6734,46.4441,66.7634,53.701,EPI_ISL_16809296,Avian,H5N1,2023.063,Europe,A/Meleagris_gallopavo/Belgium/00695_0001/2023,G2
0,-1,41.6814,17.0588,38.2353,65.2941,41.1765,44.3497,18.4922,46.2304,78.9474,41.963,47.5234,26.1219,46.2157,75.0167,34.8292,44.1806,22.3568,44.2478,61.9469,46.1109,43.2409,19.8238,38.326,60.3524,43.1718,44.4884,19.3322,41.7399,65.0264,40.4218,50.9259,35.7616,64.9007,74.1722,52.9801,46.6667,24.6734,46.4441,66.7634,53.701,EPI_ISL_16809297,Avian,H5N1,2023.049,Europe,A/Gallus_gallus/Belgium/00548_0001/2023,G2
0,-1,41.505,17.6471,37.6471,64.7059,41.1765,44.1365,17.7809,45.5192,78.2361,42.6743,47.8581,26.1219,46.2157,77.6959,35.499,44.2737,23.7541,44.2478,61.9469,47.0424,43.1088,19.3833,37.4449,60.3524,43.6123,44.4005,19.3322,41.7399,64.587,39.5431,50.9259,35.7616,64.9007,74.1722,52.9801,47.1014,24.6734,47.8955,66.7634,53.701,EPI_ISL_16809999,Avian,H5N1,2022.836,Europe,A/Anser_anser_domesticus/Belgium/12994_0002/2022,G2
0,-1,41.9165,18.2353,38.8235,62.9412,42.3529,44.5629,19.2034,44.0967,82.5036,44.0967,48.1928,28.8011,47.5553,76.3563,38.1782,44.2737,25.6171,46.5766,56.3577,47.5082,43.461,19.8238,38.7665,60.3524,43.6123,45.3667,23.2865,44.8155,68.9807,44.3761,51.0582,33.1126,66.2252,76.8212,52.9801,46.5217,23.2221,47.8955,65.312,52.2496,EPI_ISL_16810069,Avian,H5N1,2022.69,Europe,A/Morus_bassanus/Belgium/10811_0001/2022,G10
0,-1,41.8577,18.2353,38.8235,62.9412,42.3529,44.634,19.2034,44.808,82.5036,44.0967,48.1928,28.8011,47.5553,76.3563,38.1782,44.2737,25.6171,46.5766,56.3577,47.5082,43.461,19.8238,38.7665,60.3524,43.6123,45.3667,23.2865,44.8155,68.9807,44.3761,51.0582,33.1126,66.2252,76.8212,52.9801,46.5217,23.2221,47.8955,65.312,52.2496,EPI_ISL_16810105,Avian,H5N1,2022.682,Europe,A/Larus_argentatus/Belgium/10811_0002/2022,G10
0,-1,41.7989,18.8235,37.6471,64.7059,41.7647,44.9183,20.6259,45.5192,81.7923,43.3855,47.5234,26.7917,44.8761,74.347,35.499,44.1806,23.7541,44.2478,60.5496,46.1109,43.5051,19.8238,39.6476,61.2335,43.1718,44.4884,21.0896,42.6186,64.587,39.5431,50.5291,33.1126,63.5762,72.8477,52.9801,46.2319,23.2221,47.8955,65.312,52.2496,EPI_ISL_16810562,Avian,H5N1,2022.66,Europe,A/Mixed_wild_birds/Belgium/10368_0001/2022,G2
0,-1,41.7402,18.2353,37.6471,65.2941,41.1765,44.634,21.3371,45.5192,82.5036,42.6743,47.7242,27.4615,46.2157,76.3563,34.8292,44.2272,23.2883,44.7136,60.5496,46.1109,43.2409,19.8238,38.326,59.4714,43.6123,44.5762,19.7715,42.1793,64.587,40.8612,50.6614,33.1126,64.9007,72.8477,51.6556,46.5217,24.6734,44.9927,65.312,52.2496,EPI_ISL_16810698,Avian,H5N1,2022.542,Europe,A/Bubo_bubo/Belgium/09467_0001/2022,G2
0,-1,41.8577,17.0588,38.2353,64.1176,44.1176,44.7368,19.943,44.8718,83.3333,42.735,47.5904,26.7917,46.2157,75.6865,35.499,44.4134,25.1514,43.3163,60.5496,47.0424,43.2409,20.2643,38.326,61.674,42.7313,44.6593,20.6866,42.6937,65.1408,40.493,50.3968,35.7616,64.9007,71.5232,51.6556,46.8116,20.3193,47.8955,66.7634,56.6038,EPI_ISL_16811039,Avian,H5N1,2022.997,Europe,A/Peregrine_falcon/Netherlands/1/2022,G2
0,-1,41.5638,16.4706,38.2353,64.7059,41.7647,44.5629,21.3371,44.808,81.7923,44.0967,47.3896,26.1219,46.2157,75.0167,35.499,44.3203,24.2198,45.1793,60.5496,47.5082,43.3333,19.8288,37.4042,63.0915,42.3614,44.3127,19.7715,42.1793,64.1476,39.5431,50.7937,34.4371,64.9007,71.5232,54.3046,45.6522,23.2221,49.3469,58.0552,52.2496,EPI_ISL_16811183,Avian,H5N1,2023.019,Europe,A/chicken/England/005094/2023,G2
0,-1,41.6226,18.8235,38.2353,65.8824,39.4118,44.634,19.9147,45.5192,80.3698,44.0967,47.3226,25.4521,46.2157,74.347,35.499,44.1806,23.2883,44.7136,61.4811,46.5766,43.3289,18.9427,38.326,61.2335,44.0529,44.7079,20.2109,42.1793,65.9051,40.4218,50.3968,34.4371,64.9007,72.8477,51.6556,46.5217,24.6734,46.4441,66.7634,53.701,EPI_ISL_16811185,Avian,H5N1,2023.022,Europe,A/turkey/England/005293/2023,G2
0,-1,41.7402,17.0588,37.6471,64.7059,41.1765,44.4918,19.9147,44.808,81.7923,43.3855,47.6573,26.7917,46.2157,77.0261,36.8386,43.5754,20.4937,44.2478,58.6865,45.1793,43.2409,19.3833,37.8855,60.3524,43.1718,45.2789,25.0439,46.1336,68.1019,39.1037,50.7937,34.4371,66.2252,72.8477,51.6556,46.3768,24.6734,47.8955,60.9579,53.701,EPI_ISL_16811189,Avian,H5N1,2023.027,Europe,A/turkey/England/006787/2023,G13
0,-1,41.6226,17.6471,39.4118,62.3529,42.3529,44.705,20.6259,46.2304,81.0811,42.6743,47.7242,28.8011,46.2157,75.6865,35.499,44.1806,23.2883,44.2478,60.0838,47.5082,43.1528,20.2643,38.326,61.2335,41.8502,44.4884,19.7715,42.6186,65.9051,40.4218,50.9259,35.7616,66.2252,72.8477,51.6556,46.087,24.6734,46.4441,63.8607,52.2496,EPI_ISL_16811191,Avian,H5N1,2023.027,Europe,A/chicken/Scotland/006955/2023,G2
0,-1,41.6814,17.0588,37.6471,64.1176,41.1765,44.4918,19.9147,44.808,81.7923,43.3855,47.6861,26.8456,46.3087,77.1812,35.5705,43.622,20.4937,44.2478,58.6865,45.6451,43.2409,19.3833,37.8855,60.3524,43.1718,45.235,25.0439,46.1336,68.1019,39.1037,50.7937,34.4371,66.2252,72.8477,51.6556,46.3768,24.6734,47.8955,60.9579,53.701,EPI_ISL_16811193,Avian,H5N1,2023.027,Europe,A/turkey/England/006957/2023,G13
0,-1,41.505,17.6471,38.8235,63.5294,41.7647,44.705,21.3371,45.5192,81.0811,42.6743,47.6573,28.1313,46.2157,75.6865,34.1594,44.1341,23.2883,43.782,60.5496,47.5082,43.1528,19.3833,38.326,60.793,42.2907,44.4444,19.7715,42.1793,65.9051,40.4218,51.0582,35.7616,66.2252,72.8477,52.9801,46.2319,24.6734,46.4441,62.4093,53.701,EPI_ISL_16811195,Avian,H5N1,2023.014,Europe,A/barnacle_goose/Scotland/008625/2023,G2
0,-1,41.5638,17.6471,38.2353,64.1176,40.5882,44.3101,19.2308,44.1595,79.0598,43.4473,47.6573,25.4521,46.2157,77.6959,34.8292,44.2737,24.2198,44.7136,61.9469,46.5766,43.3333,19.5643,38.2392,62.2499,42.6856,44.4884,20.2109,41.7399,65.0264,39.9824,50.7937,35.7616,64.9007,74.1722,52.9801,47.1014,24.6734,47.8955,69.6662,53.701,EPI_ISL_16811199,Avian,H5N1,2022.995,Europe,A/Mute_Swan/England/120693/2022,G2
0,-1,41.6814,18.2353,37.6471,65.2941,41.1765,44.2075,19.2034,45.5192,78.9474,42.6743,47.5234,26.1219,45.5459,75.6865,35.499,44.3203,23.7541,44.7136,61.9469,47.0424,43.2409,19.8238,38.326,59.9119,42.7313,44.6201,20.6503,42.1793,65.0264,40.4218,50.7937,35.7616,64.9007,74.1722,51.6556,46.9565,24.6734,44.9927,69.6662,53.701,EPI_ISL_16811201,Avian,H5N1,2022.995,Europe,A/Greylag_Goose/England/120696/2022,G2
0,-1,41.7989,16.4706,38.2353,65.8824,41.7647,44.705,19.9147,44.808,83.2148,43.3855,47.4565,26.1219,46.2157,75.0167,36.1688,44.4134,25.1514,43.3163,60.5496,47.0424,43.348,20.2822,38.3598,61.7284,43.2099,44.664,21.0896,43.058,66.3445,40.4218,50.1323,34.4371,64.9007,68.8742,51.6556,46.8116,21.7707,47.8955,68.2148,55.1524,EPI_ISL_16833158,Avian,H5N1,2023.066,Europe,A/chicken/Luxembourg/23023602/2023,G2
0,-1,40.9759,15.2941,35.8824,62.9412,41.7647,43.6526,16.3447,36.4042,78.7519,43.0906,47.7242,25.4521,44.8761,75.6865,42.1969,45.1583,28.8775,50.7685,63.81,52.1658,44.1656,22.467,41.4097,66.9604,42.7313,45.8059,23.2865,46.1336,73.3743,38.6643,47.0899,27.8146,66.2252,68.8742,41.0596,46.8116,24.6734,49.3469,63.8607,46.4441,EPI_ISL_16840743,Avian,H5N1,2022.597,Asia,A/Duck/Bangladesh/55130/2022,
0,1,41.6226,18.8235,38.8235,66.4706,40.5882,44.808,20.6553,44.8718,81.9088,42.735,47.7242,24.1125,48.2251,79.7053,46.2157,43.203,20.4937,44.7136,59.1523,47.0424,43.3289,19.8238,38.7665,61.674,41.8502,44.1758,19.8063,42.2535,62.0599,39.6127,50.1323,31.7881,63.5762,68.8742,51.6556,46.2319,24.6734,56.6038,63.8607,39.1872,EPI_ISL_16881185,Avian,H5N1,2023.074,Europe,A/Black-headed_gull/Netherlands/4/2023,G1
0,-1,42.0804,14.7842,39.0302,62.0934,40.2129,43.4257,19.2034,41.2518,78.2361,40.5405,47.5904,27.4615,46.8855,69.6584,39.5177,44.4134,24.2198,45.6451,61.4811,47.5082,44.0335,21.5859,41.4097,62.5551,41.8502,45.167,21.5479,42.6561,72.5594,36.4996,51.8519,37.0861,68.8742,78.1457,54.3046,45.942,26.1248,46.4441,63.8607,39.1872,EPI_ISL_16881186,Avian,H5N1,2023.047,Europe,A/Common_gull/Netherlands/1/2023,
0,-1,41.7989,18.2353,37.0588,64.7059,40,43.9943,17.0697,44.0967,81.7923,41.963,47.5234,26.1219,46.8855,73.6772,39.5177,44.1341,24.6856,47.0424,58.2208,46.5766,43.2849,17.6211,41.8502,59.9119,39.6476,45.6302,24.6046,44.3761,71.6169,42.1793,50.9259,33.1126,62.2517,70.1987,51.6556,48.1159,27.5762,50.7983,63.8607,44.9927,EPI_ISL_16891402,Avian,H5N1,2022.918,SouthAmerica,A/black_skimmer/Chile/C61962/2022,G3
0,-1,41.4462,17.6471,37.0588,65.2941,40.5882,44.3497,19.2034,45.5192,79.6586,42.6743,47.6573,26.1219,46.2157,76.3563,35.499,44.3203,24.2198,45.1793,61.9469,47.0424,43.2409,18.9427,38.326,60.793,42.7313,44.4444,20.6503,42.1793,64.587,39.9824,50.9259,35.7616,64.9007,74.1722,52.9801,46.8116,24.6734,46.4441,66.7634,53.701,EPI_ISL_16904550,Avian,H5N1,2022.86,Europe,A/Turkey/England/150027/2022,G2
0,-1,41.5638,17.0588,37.6471,64.7059,41.1765,44.4918,18.4922,44.808,79.6586,44.0967,47.7242,27.4615,46.8855,75.6865,35.499,44.3669,23.7541,44.7136,61.9469,46.5766,43.2409,19.8238,36.5639,60.793,43.6123,44.7519,19.7715,42.6186,65.9051,41.3005,50.9259,35.7616,64.9007,74.1722,52.9801,46.8116,24.6734,46.4441,66.7634,53.701,EPI_ISL_16904551,Avian,H5N1,2022.959,Europe,A/Chicken/Scotland/170118/2022,G2
1,-1,42.2156,18.5963,38.3923,65.9868,42.5915,44.705,21.3371,45.5192,81.7923,43.3855,47.992,30.1407,46.8855,75.6865,36.1688,44.3669,25.6171,47.9739,56.3577,47.5082,43.3103,18.8592,38.1785,62.0975,40.9384,45.3667,23.2865,44.3761,67.6626,44.3761,51.6961,34.0136,68.0272,77.551,54.4218,46.4441,23.2897,48.0349,62.591,53.8574,EPI_ISL_16904554,Seal,H5N1,2022.562,Europe,A/Harbour_Seal/Scotland/162925/2022,G10
0,-1,41.5485,12.4187,38.4388,59.728,42.5784,43.2125,14.936,42.6743,67.5676,39.8293,47.1218,22.7729,46.2157,72.3376,37.5084,44.2272,27.4802,48.9054,59.6181,44.7136,42.3162,18.5022,41.8502,56.8282,37.8855,44.8397,21.0896,40.4218,68.9807,42.1793,51.0582,31.7881,68.8742,83.4437,49.0066,47.2464,29.0276,50.7983,62.4093,44.9927,EPI_ISL_16919095,Avian,H5N2,2022.411,NorthAmerica,A/Ruddy_turnstone/Delaware/495/2022,
0,-1,41.3712,12.4187,37.8474,59.728,41.987,43.2125,14.936,42.6743,67.5676,40.5405,47.1888,23.4427,46.2157,72.3376,37.5084,44.1341,27.4802,45.6451,60.5496,43.3163,42.3602,17.6211,41.8502,56.3877,37.8855,44.7958,21.0896,40.8612,69.42,42.1793,51.1905,31.7881,68.8742,83.4437,50.3311,47.2464,29.0276,56.6038,59.5065,46.4441,EPI_ISL_16919097,Avian,H5N2,2022.411,NorthAmerica,A/Ruddy_turnstone/Delaware/464/2022,
0,-1,41.3712,11.8273,38.4388,59.728,40.8043,43.2125,14.936,42.6743,68.2788,39.8293,47.0549,22.7729,46.2157,72.3376,36.8386,44.2272,27.946,46.5766,60.5496,43.3163,42.3602,18.9427,40.9692,56.8282,37.8855,44.8397,21.0896,40.4218,68.9807,42.1793,50.7937,30.4636,67.5497,83.4437,49.0066,47.8261,30.479,50.7983,65.312,43.5414,EPI_ISL_16919120,Avian,H5N2,2022.411,NorthAmerica,A/Canada_goose/Delaware/940/2022,
0,-1,41.5485,13.0101,39.0302,59.728,42.5784,43.2125,14.936,42.6743,67.5676,39.8293,47.1218,22.7729,46.2157,72.3376,37.5084,44.2272,27.946,46.5766,60.5496,43.3163,42.3162,18.5022,41.4097,56.3877,37.8855,44.7958,21.0896,39.9824,68.9807,41.7399,50.9259,31.7881,68.8742,82.1192,49.0066,47.6812,30.479,50.7983,63.8607,43.5414,EPI_ISL_16920551,Avian,H5N2,2022.411,NorthAmerica,A/Ruddy_turnstone/Delaware/458/2022,
0,-1,41.7402,18.2353,37.0588,64.7059,41.7647,44.9893,19.2034,45.5192,83.2148,44.0967,47.7912,28.8011,46.8855,71.6678,38.848,44.1806,24.6856,44.2478,59.6181,45.6451,43.5491,19.3833,37.0044,62.9956,43.1718,44.4884,21.0896,41.7399,65.0264,39.1037,50.6614,33.1126,64.9007,72.8477,51.6556,46.6667,24.6734,47.8955,63.8607,52.2496,EPI_ISL_16937292,Avian,H5N1,2023.008,Europe,A/chicken/Czech_Republic/179/2023,G9
0,-1,41.7989,18.2353,37.0588,65.2941,41.7647,44.9183,19.2034,45.5192,83.2148,44.0967,47.7912,28.8011,46.8855,71.6678,38.848,44.2272,24.6856,44.2478,59.6181,46.5766,43.5491,19.3833,37.0044,62.9956,43.1718,44.4884,21.0896,41.7399,65.0264,39.1037,50.6614,33.1126,64.9007,72.8477,51.6556,46.5217,24.6734,47.8955,63.8607,50.7983,EPI_ISL_16937293,Avian,H5N1,2023.008,Europe,A/chicken/Czech_Republic/180/2023,G9
0,-1,42.0929,18.2353,38.8235,67.0588,41.7647,44.3497,20.6259,44.0967,80.3698,41.963,47.4565,26.1219,46.8855,75.6865,36.8386,44.46,25.6171,44.7136,58.2208,47.0424,44.4298,20.2643,42.2907,63.4361,44.4934,45.191,24.1652,45.2548,69.42,37.7856,50.5291,31.7881,63.5762,75.4967,52.9801,44.7826,24.6734,40.6386,62.4093,49.3469,EPI_ISL_16937294,Avian,H5N1,2023.027,Europe,A/chicken/Czech_Republic/574_orig/2023,G14
0,-1,41.6226,18.2353,36.4706,64.7059,41.7647,44.7761,19.2034,45.5192,83.2148,43.3855,47.8581,28.8011,46.8855,73.0074,38.848,44.2737,24.6856,44.7136,59.6181,46.1109,43.5051,18.9427,37.0044,62.5551,43.1718,44.4444,21.0896,41.7399,65.0264,39.5431,50.6614,33.1126,64.9007,72.8477,51.6556,46.6667,26.1248,47.8955,65.312,52.2496,EPI_ISL_16937295,Avian,H5N1,2023.03,Europe,A/domestic_duck/Czech_Republic/636_orig/2023,G9
0,-1,41.7402,18.2353,37.0588,64.7059,41.7647,44.9893,19.2034,45.5192,83.2148,44.0967,47.7912,28.8011,46.8855,71.6678,38.848,44.1806,24.6856,44.2478,59.6181,45.6451,43.5491,19.3833,37.0044,62.9956,43.1718,44.4884,21.0896,41.7399,65.0264,39.1037,50.6614,33.1126,64.9007,72.8477,51.6556,46.6667,24.6734,47.8955,63.8607,52.2496,EPI_ISL_16937296,Avian,H5N1,2022.995,Europe,A/chicken/Czech_Republic/24009-1/2022,G9
0,-1,41.7402,18.2353,37.0588,64.7059,41.7647,44.9893,19.2034,45.5192,83.2148,44.0967,47.7912,28.8011,46.8855,71.6678,38.848,44.1806,24.6856,44.2478,59.6181,45.6451,43.5491,19.3833,37.0044,62.9956,43.1718,44.4884,21.0896,41.7399,65.0264,39.1037,50.6614,33.1126,64.9007,72.8477,51.6556,46.6667,24.6734,47.8955,63.8607,52.2496,EPI_ISL_16937297,Avian,H5N1,2022.995,Europe,A/chicken/Czech_Republic/24009-2/2022,G9
0,-1,41.7402,17.6471,38.2353,64.1176,41.7647,44.634,19.2034,45.5192,83.926,42.6743,47.6573,26.7917,46.2157,76.3563,36.1688,44.4134,24.6856,44.2478,61.0154,47.0424,43.3289,20.2643,37.8855,61.2335,42.7313,44.7519,21.0896,42.6186,66.3445,40.4218,50.2646,33.1126,64.9007,70.1987,51.6556,46.9565,21.7707,47.8955,68.2148,56.6038,EPI_ISL_16937298,Avian,H5N1,2022.94,Europe,A/chicken/Czech_Republic/22969-1/2022,G2
0,-1,41.7402,17.6471,38.2353,64.1176,41.7647,44.634,19.2034,45.5192,83.926,42.6743,47.6573,26.7917,46.2157,76.3563,36.1688,44.4134,24.6856,44.2478,61.0154,47.0424,43.3289,20.2643,37.8855,61.2335,42.7313,44.7519,21.0896,42.6186,66.3445,40.4218,50.2646,33.1126,64.9007,70.1987,51.6556,46.9565,21.7707,47.8955,68.2148,56.6038,EPI_ISL_16937299,Avian,H5N1,2022.94,Europe,A/chicken/Czech_Republic/22969-2/2022,G2
0,-1,41.7402,17.6471,38.2353,64.1176,41.7647,44.634,19.2034,45.5192,83.926,42.6743,47.6573,26.7917,46.2157,76.3563,36.1688,44.4341,25.1748,44.7552,62.0047,47.0862,43.3289,20.2643,37.8855,61.2335,42.7313,44.7519,21.0896,42.6186,66.3445,40.4218,50.2646,33.1126,64.9007,70.1987,51.6556,46.9565,21.7707,47.8955,68.2148,56.6038,EPI_ISL_16937300,Avian,H5N1,2022.94,Europe,A/chicken/Czech_Republic/22969-4/2022,G2
0,-1,41.7402,17.6471,38.2353,64.1176,41.7647,44.634,19.2034,45.5192,83.926,42.6743,47.6573,26.7917,46.2157,76.3563,36.1688,44.4134,24.6856,44.2478,61.0154,47.0424,43.3289,20.2643,37.8855,61.2335,42.7313,44.7519,21.0896,42.6186,66.3445,40.4218,50.2646,33.1126,64.9007,70.1987,51.6556,46.9565,21.7707,47.8955,68.2148,56.6038,EPI_ISL_16937301,Avian,H5N1,2022.94,Europe,A/chicken/Czech_Republic/22969-5/2022,G2
0,-1,41.7402,17.0588,38.2353,64.1176,41.7647,44.7761,19.9147,44.808,83.2148,42.6743,47.6573,26.7917,46.2157,75.6865,36.1688,44.5531,25.1514,43.782,60.5496,47.0424,43.2409,20.2643,38.326,61.2335,42.2907,44.664,20.6503,42.6186,65.9051,40.8612,50.2646,34.4371,64.9007,71.5232,51.6556,46.6667,20.3193,47.8955,66.7634,56.6038,EPI_ISL_16937302,Avian,H5N1,2022.937,Europe,A/chicken/Czech_Republic/22968-3/2022,G2
0,-1,41.7402,17.0588,38.2353,64.1176,41.7647,44.7761,19.9147,44.808,83.2148,43.3855,47.6573,26.7917,46.2157,75.6865,36.1688,44.5531,25.1514,43.782,60.5496,47.0424,43.2409,20.2643,38.326,61.2335,42.2907,44.664,20.6503,42.6186,65.9051,40.8612,50.2646,34.4371,64.9007,71.5232,51.6556,46.6667,20.3193,47.8955,66.7634,56.6038,EPI_ISL_16937303,Avian,H5N1,2022.937,Europe,A/chicken/Czech_Republic/22968-2/2022,G2
0,-1,41.7402,17.0588,38.2353,64.1176,41.7647,44.7761,19.9147,44.808,83.2148,42.6743,47.6573,26.7917,46.2157,75.6865,36.1688,44.5531,25.1514,43.782,60.5496,47.0424,43.2409,20.2643,38.326,61.2335,42.2907,44.664,20.6503,42.6186,65.9051,40.8612,50.2646,34.4371,64.9007,71.5232,51.6556,46.6667,20.3193,47.8955,66.7634,56.6038,EPI_ISL_16937304,Avian,H5N1,2022.937,Europe,A/chicken/Czech_Republic/22968-1/2022,G2
0,-1,41.9753,18.2353,38.8235,66.4706,41.1765,44.3497,20.6259,44.0967,80.3698,41.963,47.3896,26.1219,46.8855,75.6865,36.8386,44.6462,26.0829,45.6451,58.2208,47.5082,44.3857,20.2643,42.2907,63.4361,44.4934,45.191,24.1652,45.2548,69.42,37.7856,50.5291,31.7881,63.5762,75.4967,52.9801,44.7826,24.6734,40.6386,62.4093,49.3469,EPI_ISL_16937305,Avian,H5N1,2023.038,Europe,A/chicken/Czech_Republic/727_orig/2023,G14
0,-1,41.7402,18.2353,37.0588,64.7059,41.7647,44.9183,19.2034,45.5192,83.2148,44.0967,47.7242,28.8011,46.8855,70.998,38.848,44.2272,24.6856,44.7136,59.6181,46.1109,43.5051,19.3833,37.0044,62.5551,42.7313,44.4884,21.0896,41.7399,65.0264,39.5431,50.6614,33.1126,64.9007,72.8477,51.6556,46.6667,26.1248,47.8955,65.312,52.2496,EPI_ISL_16937306,Avian,H5N1,2023.041,Europe,A/swan/Czech_Republic/811-2/2023,G9
0,-1,41.7402,17.0588,38.2353,64.7059,41.7647,44.634,19.9147,44.0967,83.2148,42.6743,47.6573,26.1219,46.2157,76.3563,36.1688,44.6462,25.1514,44.2478,60.5496,47.0424,43.1528,20.2643,37.8855,61.2335,41.8502,44.8836,21.9684,43.4974,66.3445,40.4218,50.3968,34.4371,64.9007,71.5232,51.6556,46.9565,20.3193,47.8955,68.2148,56.6038,EPI_ISL_16937307,Avian,H5N1,2023.047,Europe,A/domestic_duck/Czech_Republic/951_orig/2023,G2
0,-1,41.7402,18.2353,37.0588,64.7059,41.7647,44.8472,19.2034,45.5192,83.2148,44.0967,47.7242,28.8011,46.2157,71.6678,38.848,44.2737,24.6856,44.7136,59.6181,46.1109,43.5051,19.3833,37.0044,62.5551,42.7313,44.4444,21.0896,41.7399,65.0264,39.1037,50.6614,33.1126,64.9007,72.8477,51.6556,46.8116,26.1248,47.8955,68.2148,52.2496,EPI_ISL_16937308,Avian,H5N1,2023.041,Europe,A/mallard/Czech_Republic/1021/2023,G9
0,-1,41.6814,18.2353,37.0588,64.1176,41.7647,44.9893,19.2034,45.5192,83.2148,44.0967,47.7912,28.8011,46.8855,71.6678,38.848,44.1806,24.6856,44.2478,59.6181,45.1793,43.5491,19.3833,37.0044,62.9956,43.1718,44.5323,21.529,41.7399,65.0264,39.1037,50.6614,33.1126,64.9007,72.8477,51.6556,46.6667,24.6734,47.8955,63.8607,52.2496,EPI_ISL_16939160,Avian,H5N1,2023.033,Europe,A/chicken/Czech_Republic/872_orig/2023,G9
0,-1,42.0929,18.8235,39.4118,65.2941,41.7647,44.8472,21.3371,44.808,83.2148,43.3855,48.0589,29.4709,48.2251,76.3563,36.8386,44.46,25.6171,47.9739,56.3577,47.9739,43.417,20.2643,37.8855,59.9119,42.7313,45.2789,21.9684,44.8155,67.6626,43.9367,50.6614,34.4371,63.5762,72.8477,51.6556,46.8116,24.6734,47.8955,65.312,53.701,EPI_ISL_16955748,Avian,H5N1,2022.896,Asia,A/large-billed_crow/Hokkaido/0111E084/2022,G11
0,-1,42.2693,19.4118,39.4118,64.1176,42.9412,44.634,20.6259,44.0967,80.3698,44.0967,47.992,29.4709,48.2251,77.0261,36.8386,44.3669,25.1514,47.9739,56.3577,48.9054,43.5491,20.2643,39.207,60.3524,43.1718,45.2789,22.4077,44.8155,67.2232,43.9367,50.7937,34.4371,64.9007,71.5232,52.9801,46.8116,26.1248,49.3469,65.312,53.701,EPI_ISL_16955765,Avian,H5N1,2022.926,Asia,A/large-billed_crow/Hokkaido/0112P083-2/2022,G11
0,-1,42.1517,19.4118,38.8235,65.2941,42.3529,44.9183,22.0484,44.808,80.3698,46.2304,48.0589,29.4709,47.5553,77.0261,37.5084,44.3203,25.1514,47.9739,55.8919,48.4397,43.5051,20.2643,39.207,60.3524,43.1718,45.3667,22.4077,44.8155,67.6626,43.9367,50.7937,34.4371,64.9007,71.5232,52.9801,46.8116,26.1248,49.3469,65.312,53.701,EPI_ISL_16955798,Avian,H5N1,2022.874,Asia,A/slaty-backed_gull/Hokkaido/0111M114/2022,G11
0,-1,42.2693,19.4118,39.4118,65.8824,42.3529,44.705,20.6259,44.808,82.5036,43.3855,48.0589,28.8011,48.2251,77.0261,36.8386,44.2737,25.6171,47.9739,55.4262,47.9739,43.373,20.2643,38.326,59.4714,42.2907,45.191,21.529,44.8155,67.2232,43.4974,50.9259,34.4371,64.9007,74.1722,52.9801,46.8116,24.6734,47.8955,65.312,53.701,EPI_ISL_16955829,Avian,H5N1,2022.893,Asia,A/white-tailed_eagle/Hokkaido/20221123001/2022,G11
0,-1,41.5638,17.6471,39.4118,63.5294,41.1765,44.8472,21.3371,46.9417,81.7923,43.3855,47.7242,28.8011,46.2157,75.0167,35.499,44.1806,23.2883,44.2478,60.0838,47.5082,43.0647,19.3833,38.326,60.3524,42.7313,44.5323,20.2109,42.1793,65.9051,40.4218,50.7937,34.4371,66.2252,72.8477,51.6556,46.3768,24.6734,46.4441,63.8607,53.701,EPI_ISL_16956027,Avian,H5N1,2023.063,Europe,A/Chicken/Scotland/014044/2023,G2
0,-1,41.7402,18.2353,37.0588,64.7059,42.9412,44.705,20.6259,45.5192,82.5036,43.3855,47.5904,26.7917,46.2157,75.6865,35.499,44.2737,24.2198,45.1793,60.5496,46.1109,43.1968,19.3833,39.207,60.3524,41.8502,44.7519,20.6503,42.6186,66.7838,39.9824,50.7937,34.4371,64.9007,72.8477,52.9801,46.9565,24.6734,47.8955,66.7634,53.701,EPI_ISL_16956028,Avian,H5N1,2023.063,Europe,A/Harris_Hawk/Scotland/014071/2023,G2
0,-1,41.5638,17.6471,38.8235,63.5294,41.7647,44.5629,20.6259,46.2304,80.3698,42.6743,47.7912,29.4709,46.2157,76.3563,35.499,44.2737,23.2883,44.7136,60.5496,47.5082,43.0647,19.3833,38.326,60.3524,42.7313,44.5323,19.7715,42.1793,66.3445,40.4218,50.7937,35.7616,64.9007,72.8477,51.6556,46.3768,24.6734,46.4441,63.8607,53.701,EPI_ISL_16956029,Avian,H5N1,2023.055,Europe,A/Turkey/Scotland/012551/2023,G2
0,-1,41.7402,17.6471,37.0588,65.2941,41.1765,44.3497,18.4922,46.2304,78.9474,43.3855,47.4565,25.4521,45.5459,75.6865,34.8292,44.2272,22.8225,45.1793,61.9469,46.1109,43.2409,19.3833,38.326,60.3524,44.0529,44.6201,19.7715,42.1793,65.4657,41.3005,50.9259,35.7616,66.2252,74.1722,54.3046,46.6667,23.2221,44.9927,68.2148,53.701,EPI_ISL_16956376,Avian,H5N1,2023.06,Europe,A/Mute_Swan/Scotland/015644/2023,G2
0,-1,41.5638,17.6471,38.8235,64.1176,41.7647,44.7761,21.3371,46.2304,80.3698,42.6743,47.7242,26.7917,46.2157,76.3563,35.499,44.1341,23.2883,43.782,61.0154,47.0424,43.3289,19.8238,38.326,61.674,42.7313,44.1809,19.7715,41.7399,64.587,40.4218,50.9259,35.7616,64.9007,72.8477,52.9801,46.2319,24.6734,46.4441,59.5065,53.701,EPI_ISL_16956404,Avian,H5N1,2023.03,Europe,A/Common_Buzzard/England/256703/2023,G2
0,-1,41.7989,18.2353,38.2353,65.2941,40,44.2786,17.0697,44.0967,83.926,42.6743,47.8581,26.1219,46.8855,75.0167,40.1875,44.1341,24.2198,46.5766,58.6865,46.5766,43.417,18.5022,41.8502,60.3524,39.6476,45.4106,23.2865,43.4974,70.7381,42.6186,51.1905,33.1126,62.2517,72.8477,51.6556,47.6812,26.1248,49.3469,62.4093,44.9927,EPI_ISL_16958548,Avian,H5N1,2023.068,NorthAmerica,A/falcon/Costa_Rica/INC-0001-D0377-23/2023,G3
0,-1,41.8577,18.2353,38.2353,65.8824,42.3529,44.9183,22.7596,46.2304,82.5036,43.3855,47.6573,27.4615,46.8855,76.3563,34.8292,44.3669,24.6856,45.1793,60.5496,46.5766,43.1088,19.8238,38.7665,62.1145,42.2907,44.5323,20.6503,42.1793,65.9051,39.5431,50.6614,34.4371,64.9007,72.8477,52.9801,46.087,20.3193,49.3469,62.4093,53.701,EPI_ISL_16979808,Avian,H5N1,2022.885,Europe,A/grey_heron/Italy/22VIR12939-3/2022,G2
0,-1,41.7989,17.6471,37.0588,65.2941,41.7647,44.4918,18.4922,45.5192,82.5036,43.3855,47.5904,26.1219,46.2157,76.3563,36.1688,44.1806,24.6856,44.7136,59.6181,45.6451,43.373,19.3833,37.8855,62.1145,42.2907,44.5762,21.529,42.1793,65.0264,39.5431,50.6614,33.1126,64.9007,72.8477,51.6556,46.6667,24.6734,47.8955,66.7634,52.2496,EPI_ISL_16979809,Avian,H5N1,2022.899,Europe,A/wild_goose/Italy/22VIR12222-2/2022,G2
0,-1,41.7647,18.2568,37.6914,65.371,41.8139,44.7761,19.2034,45.5192,81.7923,43.3855,47.5553,26.1569,46.2777,76.4588,34.8759,44.2272,24.2198,44.7136,60.0838,46.5766,43.2409,18.9427,37.8855,62.1145,42.7313,44.3566,21.0896,41.7399,64.587,38.6643,50.6614,33.1126,64.9007,72.8477,51.6556,46.5217,24.6734,47.8955,65.312,52.2496,EPI_ISL_16979810,Avian,H5N1,2022.904,Europe,A/swan/Italy/22VIR12326-1/2022,G2
0,-1,41.7402,17.6471,37.0588,65.2941,41.7647,44.6657,19.943,45.584,81.1966,43.4473,47.5234,26.1219,45.5459,76.3563,35.499,44.1806,24.6856,43.782,60.0838,46.1109,43.3289,19.3833,37.8855,60.793,43.1718,44.4884,21.529,41.7399,64.587,39.1037,50.5291,33.1126,64.9007,72.8477,51.6556,46.5217,24.6734,47.8955,65.312,52.2496,EPI_ISL_16979812,Avian,H5N1,2022.91,Europe,A/greater_white-fronted_goose/Italy/22VIR12557-4/2022,G2
0,-1,41.6814,18.2353,36.4706,65.2941,41.1765,44.3497,18.4922,44.0967,81.7923,42.6743,47.6573,25.4521,46.8855,76.3563,37.5084,44.3203,24.6856,44.7136,59.1523,46.1109,43.373,19.3833,37.8855,62.1145,42.2907,44.4005,21.0896,41.7399,64.587,39.1037,50.6614,33.1126,64.9007,72.8477,51.6556,46.3768,24.6734,47.8955,65.312,52.2496,EPI_ISL_16979813,Avian,H5N1,2022.915,Europe,A/Eurasian_wigeon/Italy/22VIR12328-1/2022,G2
0,-1,41.7402,17.0588,37.0588,64.7059,41.7647,44.634,19.9147,44.0967,83.2148,42.6743,47.3896,26.7917,45.5459,75.0167,35.499,44.5531,25.1514,43.3163,60.5496,47.0424,43.2409,19.8238,38.7665,61.2335,42.2907,44.7079,21.529,43.058,65.9051,39.9824,50.3968,34.4371,64.9007,71.5232,51.6556,46.8116,20.3193,47.8955,66.7634,56.6038,EPI_ISL_16979814,Avian,H5N1,2022.942,Europe,A/teal/Italy/22VIR12727-1/2022,G2
0,-1,41.6814,17.6471,37.0588,65.2941,41.7647,44.705,18.4922,45.5192,81.0811,42.6743,47.5904,26.1219,45.5459,77.0261,35.499,44.2272,24.6856,44.7136,59.6181,46.1109,43.1968,18.9427,37.8855,60.793,41.8502,44.5762,21.0896,41.7399,64.587,39.5431,50.3968,31.7881,63.5762,71.5232,51.6556,46.3768,24.6734,47.8955,65.312,50.7983,EPI_ISL_16979815,Avian,H5N1,2022.992,Europe,A/swan/Italy/23VIR147-2/2022,G2
0,-1,41.7402,18.2353,36.4706,65.2941,41.7647,44.7761,19.2034,44.808,83.2148,43.3855,47.7912,28.8011,46.8855,71.6678,38.848,44.2272,24.6856,44.7136,59.6181,46.1109,43.4802,19.4004,37.037,62.6102,42.769,44.4005,21.0896,41.7399,64.587,39.1037,50.6614,33.1126,64.9007,72.8477,51.6556,46.3768,24.6734,46.4441,63.8607,52.2496,EPI_ISL_16979816,Avian,H5N1,2023.008,Europe,A/buzzard/Italy/23VIR440-2/2023,G9
0,1,41.7402,18.8235,39.4118,65.8824,41.1765,44.705,19.9147,44.808,81.0811,43.3855,47.5904,24.1125,48.2251,79.7053,46.2157,43.4358,21.891,44.2478,59.6181,47.0424,43.373,20.2643,38.7665,61.674,41.8502,44.0931,19.7715,41.7399,62.3902,39.5431,50.3968,33.1126,64.9007,70.1987,51.6556,46.087,24.6734,56.6038,63.8607,39.1872,EPI_ISL_16979817,Avian,H5N1,2022.995,Europe,A/black-headed_gull/Italy/23VIR1107-4/2022,G1
0,1,41.7402,18.8235,39.4118,65.8824,41.1765,44.705,19.9147,44.808,81.0811,43.3855,47.5904,24.1125,48.2251,79.7053,46.2157,43.3892,21.891,44.2478,59.6181,46.5766,43.373,20.2643,38.7665,61.674,41.8502,44.0931,19.7715,41.7399,62.3902,39.5431,50.3968,33.1126,64.9007,70.1987,51.6556,46.2319,24.6734,56.6038,63.8607,39.1872,EPI_ISL_16979818,Avian,H5N1,2023.041,Europe,A/black-headed_gull/Italy/23VIR1108-4/2023,G1
0,1,41.7402,18.8235,39.4118,65.8824,41.1765,44.705,19.9147,44.808,81.0811,43.3855,47.5904,24.1125,48.2251,79.7053,46.2157,43.4358,21.891,44.2478,59.6181,47.0424,43.348,19.8413,38.8007,61.7284,41.8871,44.0931,19.7715,41.7399,62.3902,39.5431,50.3968,33.1126,64.9007,70.1987,51.6556,45.942,24.6734,55.1524,63.8607,39.1872,EPI_ISL_16979819,Avian,H5N1,2023.079,Europe,A/black-headed_gull/Italy/23VIR1102-4/2023,G1
0,1,41.7402,18.8235,39.4118,65.8824,41.1765,44.705,19.9147,44.808,81.0811,43.3855,47.5904,24.1125,48.2251,79.7053,46.2157,43.3892,21.891,44.2478,59.6181,47.0424,43.373,20.2643,38.7665,61.674,41.8502,44.1809,20.2109,42.1793,62.8295,39.5431,50.3968,33.1126,64.9007,70.1987,51.6556,46.087,24.6734,56.6038,63.8607,39.1872,EPI_ISL_16979820,Avian,H5N1,2023.085,Europe,A/black-headed_gull/Italy/23VIR1106-4/2023,G1
0,1,41.7402,18.8235,39.4118,65.8824,41.1765,44.4208,19.9147,43.3855,80.3698,42.6743,47.5904,24.1125,48.2251,79.7053,46.2157,43.4358,21.891,44.2478,59.6181,47.0424,43.3289,20.2643,38.7665,61.674,41.8502,44.0931,19.7715,41.7399,62.3902,39.5431,50.3968,33.1126,64.9007,70.1987,51.6556,46.1538,24.7453,56.7686,64.0466,39.3013,EPI_ISL_16979821,Avian,H5N1,2023.09,Europe,A/black-headed_gull/Italy/23VIR1099-4/2023,G1
0,1,41.6814,18.8235,38.8235,66.4706,41.1765,44.705,19.9147,44.808,81.7923,42.6743,47.7242,23.4427,48.2251,80.3751,46.2157,43.203,20.4937,43.782,59.1523,47.0424,43.461,19.8238,38.7665,61.674,42.7313,44.1809,19.7715,41.3005,62.8295,39.5431,50.3968,33.1126,64.9007,70.1987,51.6556,45.942,24.6734,56.6038,62.4093,39.1872,EPI_ISL_16984642,Avian,H5N1,2023.003,Europe,A/Anser_anser/Belgium/00286_0004/2023,G1
0,1,41.7989,18.8235,38.8235,66.4706,41.1765,44.634,20.6259,44.808,81.7923,42.6743,47.7242,23.4427,48.2251,80.3751,46.2157,43.203,20.4937,44.2478,58.6865,47.0424,43.373,20.2643,38.7665,61.674,41.8502,44.2249,19.7715,41.7399,62.3902,39.5431,50.1323,33.1126,63.5762,70.1987,51.6556,46.087,24.6734,56.6038,63.8607,39.1872,EPI_ISL_16984685,Avian,H5N1,2022.989,Europe,A/Chroicocephalus_ridibundus/Belgium/00132_0002/2022,G1
0,1,41.6814,18.8235,38.8235,66.4706,41.1765,44.705,19.9147,44.808,81.7923,42.6743,47.7242,23.4427,48.2251,80.3751,46.2157,43.203,20.4937,43.782,59.1523,47.0424,43.461,19.8238,38.7665,61.674,42.7313,44.1809,19.7715,41.3005,62.8295,39.5431,50.3968,33.1126,64.9007,70.1987,51.6556,45.942,24.6734,56.6038,62.4093,39.1872,EPI_ISL_16984863,Avian,H5N1,2023.003,Europe,A/Chroicocephalus_ridibundus/Belgium/00226_0001/2023,G1
0,-1,41.6226,17.6471,38.2353,62.9412,41.1765,44.2308,18.5317,45.6165,79.1162,42.0527,47.3896,25.4521,46.2157,75.0167,34.8292,44.1806,22.8225,44.2478,61.9469,46.1109,43.0647,19.3833,37.8855,59.4714,43.1718,44.4884,19.3322,41.7399,64.587,40.4218,50.7937,35.7616,64.9007,72.8477,52.9801,46.8116,24.6734,46.4441,66.7634,53.701,EPI_ISL_16984869,Avian,H5N1,2022.953,Europe,A/?Anser_brachyrhynchus/Belgium/14776_0001/2022,G2
0,-1,41.7989,17.6471,38.8235,66.4706,41.1765,44.6657,19.943,44.1595,83.3333,44.1595,47.5234,27.4615,46.8855,75.0167,35.499,44.2272,23.7541,43.782,61.0154,44.7136,43.2409,20.7048,38.7665,60.3524,41.8502,44.5762,19.3322,43.4974,64.587,39.1037,50.5291,34.4371,64.9007,72.8477,51.6556,46.9565,23.2221,49.3469,68.2148,53.701,EPI_ISL_16984878,Avian,H5N1,2022.658,Europe,A/Branta_canadensis/Belgium/10598_0003/2022,G2
0,1,41.7402,18.2353,38.8235,66.4706,42.3529,44.705,20.6259,44.808,83.2148,41.963,47.7242,23.4427,48.2251,80.3751,46.2157,43.203,20.4937,43.782,59.1523,47.0424,43.373,19.8238,38.7665,62.1145,41.8502,44.2688,19.7715,41.7399,62.8295,39.5431,50.3968,33.1126,64.9007,70.1987,51.6556,45.942,24.6734,56.6038,62.4093,39.1872,EPI_ISL_16985112,Avian,H5N1,2022.978,Europe,A/Meleagris_gallopavo/Belgium/14826_0002/2022,G1
0,-1,41.7402,17.0588,38.2353,64.1176,41.7647,44.808,19.943,44.8718,83.3333,42.735,47.6573,26.7917,46.2157,75.6865,36.1688,44.5531,25.1514,43.782,60.5496,47.0424,43.2409,20.2643,38.326,61.2335,42.2907,44.664,20.6503,42.6186,65.9051,40.8612,50.2646,34.4371,64.9007,71.5232,51.6556,46.6667,20.3193,47.8955,66.7634,56.6038,EPI_ISL_16997293,Avian,H5N1,2022.937,Europe,A/chicken/Czech_Republic/22968_orig/2022,G2
0,-1,42.5532,18.3323,41.3956,62.6848,39.0302,42.9993,15.6472,47.6529,66.1451,37.6956,47.4565,26.7917,46.8855,68.3188,39.5177,44.2737,23.2883,44.7136,61.4811,48.4397,44.0775,18.0617,39.6476,60.3524,45.815,44.8836,22.4077,43.9367,68.1019,41.7399,50.7937,34.4371,66.2252,75.4967,49.0066,47.2464,29.0276,53.701,63.8607,59.5065,EPI_ISL_16997727,Avian,H5N2,2022.8,Europe,A/mallard/Denmark/09179-5/2022,
0,-1,41.7402,17.0588,38.2353,64.7059,41.7647,44.634,19.9147,44.808,83.2148,42.6743,47.5904,26.7917,45.5459,75.0167,36.8386,44.6462,25.1514,43.782,60.5496,47.0424,43.2409,20.2643,38.326,61.2335,42.2907,44.664,21.529,43.058,65.9051,40.4218,50.3968,34.4371,64.9007,71.5232,51.6556,46.9565,20.3193,47.8955,66.7634,58.0552,EPI_ISL_16997751,Avian,H5N1,2023.066,Europe,A/domestic_duck/Czech_Republic/1398/2023,G2
0,-1,41.7989,18.2353,37.0588,65.2941,41.1765,44.8472,19.2034,45.5192,82.5036,44.0967,47.6573,29.4709,46.8855,71.6678,38.848,44.46,24.6856,44.7136,62.4127,46.5766,43.417,18.9427,37.0044,62.1145,42.7313,44.5323,21.0896,41.7399,64.587,39.5431,50.3968,31.7881,64.9007,72.8477,51.6556,46.3768,24.6734,47.8955,63.8607,50.7983,EPI_ISL_16997752,Avian,H5N1,2023.079,Europe,A/chicken/Czech_Republic/1690/2023,
0,-1,41.8577,18.8235,37.0588,65.2941,41.1765,44.7761,19.2034,45.5192,82.5036,44.0967,47.6573,29.4709,46.8855,71.6678,38.848,44.46,24.6856,44.7136,62.4127,46.5766,43.417,18.9427,37.4449,62.1145,42.7313,44.5323,21.0896,41.7399,64.587,39.5431,50.3968,31.7881,64.9007,72.8477,51.6556,46.3768,24.6734,47.8955,63.8607,50.7983,EPI_ISL_16997753,Avian,H5N1,2023.079,Europe,A/chicken/Czech_Republic/1690_orig/2023,
0,-1,41.8577,17.6471,38.2353,64.7059,42.3529,44.7761,19.9147,46.2304,83.926,42.6743,47.6573,26.1219,46.8855,75.6865,36.8386,44.3203,23.7541,43.3163,61.0154,47.5082,43.3289,20.2643,38.326,61.2335,42.7313,44.664,21.0896,42.1793,65.9051,39.9824,50.6614,35.7616,64.9007,71.5232,52.9801,46.8116,21.7707,47.8955,68.2148,56.6038,EPI_ISL_16997754,Avian,H5N1,2023.077,Europe,A/guineafowl/Czech_Republic/1600-1/2023,G2
0,-1,41.8577,17.6471,38.2353,64.7059,42.3529,44.7761,19.9147,46.2304,83.926,42.6743,47.5904,26.1219,46.2157,75.6865,36.8386,44.3203,23.7541,43.3163,61.0154,47.5082,43.3289,20.2643,38.326,61.2335,42.7313,44.664,21.0896,42.1793,65.9051,39.9824,50.6614,35.7616,64.9007,71.5232,52.9801,46.8116,21.7707,47.8955,68.2148,56.6038,EPI_ISL_16997755,Avian,H5N1,2023.077,Europe,A/guineafowl/Czech_Republic/1600-2/2023,G2
0,-1,41.8577,17.6471,38.2353,64.7059,42.3529,44.7761,19.9147,46.2304,83.926,42.6743,47.5904,26.1219,46.2157,75.6865,36.8386,44.3203,23.7541,43.3163,61.0154,47.5082,43.3289,20.2643,38.326,61.2335,42.7313,44.664,21.0896,42.1793,65.9051,39.9824,50.6614,35.7616,64.9007,71.5232,52.9801,46.8116,21.7707,47.8955,68.2148,56.6038,EPI_ISL_16997756,Avian,H5N1,2023.077,Europe,A/chicken/Czech_Republic/1600-1/2023,G2
0,-1,41.8577,17.6471,38.2353,64.7059,42.3529,44.7761,19.9147,46.2304,83.926,42.6743,47.5904,26.1219,46.2157,75.6865,36.8386,44.3203,23.7541,43.3163,61.0154,47.5082,43.3289,20.2643,38.326,61.2335,42.7313,44.664,21.0896,42.1793,65.9051,39.9824,50.6614,35.7616,64.9007,71.5232,52.9801,46.8116,21.7707,47.8955,68.2148,56.6038,EPI_ISL_16997757,Avian,H5N1,2023.077,Europe,A/chicken/Czech_Republic/1600-2/2023,G2
0,-1,41.8577,18.8235,37.6471,65.2941,41.7647,44.7761,19.2034,45.5192,83.2148,43.3855,47.7912,28.8011,46.8855,71.6678,38.848,44.2737,24.6856,44.7136,59.6181,46.5766,43.5051,19.8238,37.0044,62.9956,42.7313,44.3322,20.2287,41.3369,64.6438,39.1381,50.6614,33.1126,64.9007,72.8477,51.6556,46.6667,24.6734,46.4441,65.312,52.2496,EPI_ISL_16997758,Avian,H5N1,2023.088,Europe,A/mallard/Czech_Republic/1792_orig/2023,G9
0,-1,41.7402,18.2353,37.0588,64.7059,41.7647,44.8472,19.2034,45.5192,83.2148,44.0967,47.7912,28.8011,46.8855,71.6678,38.848,44.2272,24.6856,44.7136,59.6181,45.6451,43.461,18.9427,37.0044,62.5551,42.7313,44.4444,21.0896,41.7399,65.0264,39.5431,50.5291,31.7881,64.9007,71.5232,51.6556,46.6667,26.1248,47.8955,65.312,52.2496,EPI_ISL_16997759,Avian,H5N1,2023.099,Europe,A/mute_swan/Czech_Republic/2022/2023,G9
0,-1,41.7989,17.6471,38.2353,65.2941,41.1765,44.5629,19.9147,44.808,83.2148,42.6743,47.6892,27.4983,46.2777,75.1174,36.2173,44.4134,25.1514,44.2478,60.0838,47.0424,43.1968,20.2643,38.326,61.2335,42.2907,44.6201,20.6503,42.6186,65.4657,40.4218,50.1323,34.4371,63.5762,71.5232,51.6556,46.8116,20.3193,50.7983,63.8607,58.0552,EPI_ISL_17005631,Avian,H5N1,2023.118,Europe,A/great_egret/Luxembourg/23040216/2023,G2
0,-1,41.755,18.8791,36.5782,64.3068,39.528,44.1365,17.7809,44.808,82.5036,42.6743,47.4497,26.2273,46.4022,73.9744,38.3322,44.1231,24.7548,47.1742,57.4498,46.7071,43.2612,18.6005,42.0726,59.7874,38.9725,45.6225,24.6696,44.4934,72.6872,40.9692,50.6614,33.1126,62.2517,70.1987,51.6556,48.1159,27.5762,50.7983,63.8607,44.9927,EPI_ISL_17011958,Avian,H5N1,2022.932,SouthAmerica,A/Gull/Chile/7023-3/2022,G3
0,-1,41.7647,18.2568,36.5135,64.7821,40.0471,44.1365,17.7809,44.808,82.5036,42.6743,47.5201,26.1745,46.9799,73.8255,38.9262,44.2577,24.7895,47.2404,58.9336,46.305,43.3613,18.5512,42.8445,60.0707,39.7527,45.6665,25.1101,44.4934,71.8062,41.4097,50.9259,33.1126,62.2517,70.1987,51.6556,47.971,27.5762,50.7983,63.8607,44.9927,EPI_ISL_17011964,Avian,H5N1,2022.932,SouthAmerica,A/Gull/Chile/7023-2/2022,G3
0,-1,41.4462,17.6471,37.0588,64.7059,40,44.1365,17.0697,45.5192,78.9474,42.6743,47.6573,25.4521,46.2157,76.3563,35.499,44.2737,23.7541,44.2478,61.9469,47.5082,43.0335,18.9678,37.4945,59.109,43.67,44.4444,20.2109,42.1793,64.1476,39.1037,50.5291,34.4371,64.9007,74.1722,50.3311,46.5217,24.6734,44.9927,65.312,52.2496,EPI_ISL_17015359,Avian,H5N1,2023.126,Europe,A/chicken/Czech_Republic/2750-1/2023,G2
0,-1,41.505,17.6471,37.0588,64.7059,40,44.0654,16.3585,44.808,78.9474,42.6743,47.6573,25.4521,46.2157,76.3563,35.499,44.3203,23.7541,44.2478,62.4127,47.5082,43.0335,18.9678,37.4945,59.109,43.67,44.4444,20.2109,42.1793,64.1476,39.1037,50.5291,34.4371,64.9007,74.1722,50.3311,46.5217,24.6734,44.9927,65.312,52.2496,EPI_ISL_17015360,Avian,H5N1,2023.126,Europe,A/chicken/Czech_Republic/2750-2/2023,G2
0,-1,41.505,17.6471,37.0588,64.7059,40,44.1365,17.0697,45.5192,78.9474,42.6743,47.5904,25.4521,46.2157,76.3563,35.499,44.2737,23.7541,44.2478,61.9469,47.5082,43.0335,18.9678,37.4945,59.109,43.67,44.4444,20.2109,42.1793,64.1476,39.1037,50.5291,34.4371,64.9007,74.1722,50.3311,46.5217,24.6734,44.9927,65.312,52.2496,EPI_ISL_17015362,Avian,H5N1,2023.126,Europe,A/chicken/Czech_Republic/2750-3/2023,G2
0,-1,41.505,17.6471,37.0588,64.7059,40,44.1365,17.0697,45.5192,78.9474,42.6743,47.5904,25.4521,46.2157,76.3563,35.499,44.2737,23.7541,44.2478,62.4127,47.5082,43.0335,18.9678,37.4945,59.109,43.67,44.4444,20.2109,42.1793,64.1476,39.1037,50.5291,34.4371,64.9007,74.1722,50.3311,46.5217,24.6734,44.9927,65.312,52.2496,EPI_ISL_17015363,Avian,H5N1,2023.126,Europe,A/chicken/Czech_Republic/2750-4/2023,G2
0,-1,41.505,17.6471,37.0588,64.7059,40,44.1365,17.0697,45.5192,78.9474,42.6743,47.6573,25.4521,46.2157,76.3563,35.499,44.3203,23.7541,44.2478,62.4127,47.5082,43.0335,18.9678,37.4945,59.109,43.67,44.4884,20.6503,42.1793,64.1476,39.5431,50.5291,34.4371,64.9007,74.1722,50.3311,46.5217,24.6734,44.9927,65.312,52.2496,EPI_ISL_17015364,Avian,H5N1,2023.126,Europe,A/chicken/Czech_Republic/2750-5/2023,G2
0,-1,41.6814,18.2353,37.0588,64.7059,41.1765,44.4918,17.7809,44.808,82.5036,43.3855,47.7242,28.8011,46.8855,71.6678,38.848,44.2737,24.6856,44.7136,59.6181,46.1109,43.3862,18.9678,37.0534,62.1967,43.2289,44.4005,20.2109,41.3005,65.4657,39.1037,50.6614,33.1126,64.9007,72.8477,51.6556,46.6667,24.6734,46.4441,68.2148,52.2496,EPI_ISL_17015365,Avian,H5N1,2023.129,Europe,A/domestic_goose/Czech_Republic/2753/2023,G9
0,-1,41.505,17.6471,37.0588,64.7059,40,44.1365,17.0697,45.5192,78.9474,42.6743,47.5904,25.4521,46.2157,76.3563,35.499,44.2737,23.7541,44.2478,61.9469,47.5082,43.0335,18.9678,37.4945,59.109,43.67,44.5323,20.6503,42.1793,64.587,39.5431,50.3968,34.4371,64.9007,74.1722,50.3311,46.5217,24.6734,44.9927,65.312,52.2496,EPI_ISL_17015366,Avian,H5N1,2023.126,Europe,A/chicken/Czech_Republic/2749-1/2023,G2
0,-1,41.505,17.6471,37.0588,64.7059,40,44.1365,17.0697,45.5192,78.9474,42.6743,47.5904,25.4521,46.2157,76.3563,35.499,44.2737,23.7541,44.2478,61.9469,47.5082,43.0335,18.9678,37.4945,59.109,43.67,44.5323,20.6503,42.1793,64.1476,39.5431,50.5291,34.4371,64.9007,74.1722,50.3311,46.5217,24.6734,44.9927,65.312,52.2496,EPI_ISL_17015367,Avian,H5N1,2023.126,Europe,A/chicken/Czech_Republic/2749-2/2023,G2
0,-1,41.505,17.6471,37.0588,64.7059,40,44.1365,17.0697,45.5192,78.9474,42.6743,47.5904,25.4521,46.2157,76.3563,35.499,44.2737,23.7541,44.2478,61.9469,47.5082,43.0776,19.4089,37.4945,59.5501,43.67,44.4884,20.6503,42.1793,64.1476,39.5431,50.5291,34.4371,64.9007,74.1722,50.3311,46.5217,24.6734,44.9927,65.312,52.2496,EPI_ISL_17015368,Avian,H5N1,2023.126,Europe,A/chicken/Czech_Republic/2749-3/2023,G2
0,-1,41.505,17.6471,37.0588,64.7059,40,44.2075,17.0697,45.5192,80.3698,42.6743,47.5904,25.4521,46.2157,76.3563,35.499,44.2737,23.7541,44.2478,61.9469,47.5082,43.0335,18.9678,37.4945,59.109,43.67,44.4884,20.6503,42.1793,64.1476,39.5431,50.5291,34.4371,64.9007,74.1722,50.3311,46.5217,24.6734,44.9927,65.312,52.2496,EPI_ISL_17015369,Avian,H5N1,2023.126,Europe,A/domestic_duck/Czech_Republic/2749-5/2023,G2
0,-1,41.6226,17.6471,37.6471,65.2941,40.5882,44.4523,17.094,45.584,80.4843,43.4473,47.5904,26.1219,46.2157,75.0167,36.1688,44.2737,23.2883,44.7136,61.9469,46.5766,43.373,19.8238,37.8855,61.674,43.1718,44.5958,19.3492,42.2164,65.0836,41.7766,50.9259,35.7616,64.9007,75.4967,52.9801,46.6667,24.6734,46.4441,66.7634,50.7983,EPI_ISL_17033243,Avian,H5N1,2023.09,Europe,A/Great_black-backed_gull/Netherlands/1/2023,G2
0,-1,41.5638,17.6471,37.6471,64.1176,40.5882,44.239,18.5185,45.584,79.0598,42.0228,47.5234,25.4521,46.2157,75.0167,34.8292,44.1806,23.2883,44.2478,61.9469,46.5766,43.1528,19.8238,37.8855,60.3524,42.7313,44.4835,20.2465,41.8134,64.2606,40.493,50.6614,34.4371,64.9007,74.1722,52.9801,46.8116,24.6734,46.4441,66.7634,53.701,EPI_ISL_17033244,Avian,H5N1,2023.099,Europe,A/Peregrine_falcon/Netherlands/3/2023,G2
0,-1,41.5638,17.6471,37.6471,64.1176,40.5882,44.3101,18.5185,45.584,79.0598,42.735,47.5234,25.4521,46.2157,75.0167,34.8292,44.1806,23.2883,44.2478,61.9469,46.5766,43.0981,19.5382,37.3002,60.3908,43.0728,44.5079,20.2287,41.7766,64.6438,40.4573,50.6614,34.4371,64.9007,74.1722,52.9801,46.8116,24.6734,46.4441,66.7634,53.701,EPI_ISL_17033246,Avian,H5N1,2023.099,Europe,A/Peregrine_falcon/Netherlands/5/2023,G2
0,-1,41.6226,17.0588,37.0588,64.1176,40,44.0654,17.7809,44.0967,81.7923,42.6743,47.7912,26.1219,47.5553,74.347,40.8573,44.2272,24.6856,47.0424,60.0838,46.1109,43.2849,18.5022,41.8502,59.9119,40.0881,45.4985,23.7258,43.4974,71.1775,42.6186,51.1905,33.1126,63.5762,74.1722,51.6556,47.8261,27.5762,49.3469,62.4093,44.9927,EPI_ISL_17036172,Avian,H5N1,2022.885,NorthAmerica,A/snow_goose/South_Dakota/22-038501-001-original/2022,G3
0,-1,42.0929,17.0588,38.2353,65.8824,41.7647,43.9943,19.9147,43.3855,80.3698,42.6743,48.2597,24.7823,48.2251,77.0261,40.8573,44.0875,24.6856,46.5766,58.2208,46.1109,43.0647,20.2643,37.4449,60.793,40.9692,45.4985,23.7258,41.3005,69.8594,42.6186,50.7937,34.4371,60.9272,74.1722,51.6556,47.5362,30.479,47.8955,62.4093,44.9927,EPI_ISL_17036173,Avian,H5N1,2022.885,NorthAmerica,A/snow_goose/South_Dakota/22-038501-002-original/2022,G4
1,1,41.6814,18.8235,38.8235,66.4706,41.7647,44.8472,20.6259,44.0967,81.7923,43.3855,47.7912,23.4427,48.2251,80.3751,46.8855,43.203,20.4937,43.782,59.1523,47.5082,43.417,19.8238,38.7665,62.1145,41.8502,44.3127,19.7715,42.1793,62.8295,39.9824,50.3968,33.1126,64.9007,70.1987,51.6556,45.7971,24.6734,56.6038,62.4093,39.1872,EPI_ISL_17245141,Canine,H5N1,2023.164,Europe,A/Vulpes_vulpes/Belgium/01924_0003/2023,G1
1,-1,41.9753,18.8235,37.0588,65.2941,41.7647,44.8472,19.2034,45.5192,83.2148,44.0967,47.8581,28.8011,46.8855,71.6678,40.1875,44.2737,24.6856,44.7136,59.6181,46.1109,43.5051,19.8238,37.0044,62.9956,42.7313,44.4444,21.529,42.6186,64.1476,39.1037,50.6614,33.1126,64.9007,72.8477,51.6556,46.6667,24.6734,49.3469,66.7634,52.2496,EPI_ISL_17246921,Mammal,H5N1,2023.164,Europe,A/Mustela_putorius/Belgium/01922_0001/2023,G9
0,-1,41.3286,16.4706,38.2353,63.5294,41.1765,44.705,21.3371,45.5192,81.0811,42.6743,47.7242,28.1313,46.2157,75.6865,35.499,44.1806,22.8225,44.2478,60.5496,47.5082,43.0647,19.3833,37.4449,59.9119,42.7313,44.2688,19.7715,41.7399,65.9051,39.1037,51.0582,35.7616,66.2252,72.8477,52.9801,46.087,24.6734,46.4441,63.8607,53.701,EPI_ISL_17257530,Avian,H5N1,2023.186,Europe,A/chicken/England/038958/2023,G2
0,1,41.7402,18.8235,38.8235,65.8824,40.5882,44.5235,19.943,44.8718,82.6211,43.4473,47.7242,22.7729,48.2251,80.3751,47.5553,43.1564,20.9595,43.3163,58.2208,47.0424,43.5491,20.7048,39.6476,62.1145,41.8502,44.2198,20.2465,41.8134,64.2606,38.2923,50.1323,33.1126,63.5762,70.1987,51.6556,45.7971,24.6734,56.6038,63.8607,37.7358,EPI_ISL_17267143,Avian,H5N1,2023.162,Europe,A/Black-headed_gull/Netherlands/14/2023,G1
0,1,41.7989,18.8235,38.8235,65.8824,41.7647,44.5235,19.943,44.8718,82.6211,43.4473,47.8581,22.7729,48.2251,80.3751,46.8855,43.2495,20.4937,43.3163,59.1523,47.5082,43.461,20.7048,39.207,61.2335,41.8502,44.2198,19.8063,41.8134,62.9401,38.2923,50.2646,33.1126,64.9007,70.1987,51.6556,45.942,24.6734,56.6038,63.8607,37.7358,EPI_ISL_17267144,Avian,H5N1,2023.162,Europe,A/Black-headed_gull/Netherlands/15/2023,G1
0,1,41.6814,18.8235,38.8235,67.0588,41.1765,44.8791,20.6553,44.8718,81.9088,43.4473,47.6573,23.4427,48.2251,80.3751,46.2157,43.1564,20.4937,43.782,59.1523,47.0424,43.304,19.8413,38.8007,61.7284,41.8871,44.2637,20.2465,42.2535,62.0599,39.6127,50.3968,33.1126,64.9007,70.1987,51.6556,46.087,24.6734,56.6038,62.4093,39.1872,EPI_ISL_17267146,Avian,H5N1,2023.173,Europe,A/Black-headed_gull/Netherlands/17/2023,G1
0,1,41.6814,18.8235,38.8235,66.4706,40.5882,44.6657,19.2308,44.8718,82.6211,42.0228,47.7912,24.1125,48.2251,80.3751,46.2157,43.203,20.4937,44.7136,60.0838,47.0424,43.3289,19.8238,38.7665,61.674,41.8502,44.2443,19.7889,42.2164,62.445,39.5778,50.1323,31.7881,63.5762,68.8742,51.6556,46.087,24.6734,56.6038,63.8607,39.1872,EPI_ISL_17267148,Avian,H5N1,2023.167,Europe,A/Black-headed_gull/Netherlands/19/2023,G1
0,1,41.7402,18.8235,38.8235,66.4706,40.5882,44.808,20.6553,44.8718,81.9088,42.735,47.7912,24.1125,48.2251,80.3751,46.2157,43.203,20.4937,44.2478,59.1523,47.0424,43.373,20.7048,38.7665,62.1145,41.8502,44.1758,19.8063,41.8134,62.0599,39.1725,50.1323,31.7881,63.5762,68.8742,51.6556,46.087,24.6734,56.6038,63.8607,39.1872,EPI_ISL_17267149,Avian,H5N1,2023.173,Europe,A/Black-headed_gull/Netherlands/20/2023,G1
0,1,41.7402,18.8235,38.8235,66.4706,40.5882,44.808,20.6553,44.8718,81.9088,42.735,47.7912,24.1125,48.2251,80.3751,46.2157,43.2495,20.4937,44.2478,59.1523,47.9739,43.304,20.2822,38.8007,61.2875,41.8871,44.2198,19.8063,42.2535,62.0599,39.6127,50.1323,31.7881,63.5762,68.8742,51.6556,46.087,24.6734,56.6038,63.8607,36.2845,EPI_ISL_17267150,Avian,H5N1,2023.173,Europe,A/Black-headed_gull/Netherlands/21/2023,G1
0,1,41.8577,19.4118,38.8235,65.8824,42.3529,44.5946,19.943,44.1595,82.6211,43.4473,47.7242,22.7729,48.2251,80.3751,46.8855,43.2961,20.4937,43.3163,60.5496,47.0424,43.373,19.8238,39.207,61.2335,41.4097,44.0879,19.8063,41.8134,62.5,38.7324,50.3968,33.1126,64.9007,70.1987,51.6556,45.942,24.6734,56.6038,63.8607,37.7358,EPI_ISL_17267151,Avian,H5N1,2023.17,Europe,A/Black-headed_gull/Netherlands/22/2023,G1
0,1,41.8577,18.8235,38.8235,65.8824,42.3529,44.5946,19.2308,44.8718,82.6211,43.4473,47.7242,22.7729,48.2251,80.3751,46.8855,43.2495,20.9595,43.3163,59.6181,47.0424,43.4802,20.7231,39.6825,61.7284,41.0053,44.1319,19.8063,41.8134,62.5,38.7324,50.5291,34.4371,64.9007,70.1987,51.6556,46.087,27.5762,56.6038,63.8607,39.1872,EPI_ISL_17267152,Avian,H5N1,2023.167,Europe,A/Black-headed_gull/Netherlands/23/2023,G1
0,1,41.6814,18.2353,38.8235,66.4706,41.7647,44.8791,20.6553,44.8718,82.6211,43.4473,47.6573,23.4427,48.2251,79.7053,46.2157,43.2495,20.4937,43.782,59.6181,47.0424,43.417,19.3833,39.207,62.5551,41.8502,44.2004,19.7889,41.7766,62.0053,39.5778,50.5291,35.7616,66.2252,70.1987,51.6556,46.087,24.6734,56.6038,62.4093,39.1872,EPI_ISL_17267153,Avian,H5N1,2023.184,Europe,A/Black-headed_gull/Netherlands/24/2023,G1
0,1,41.7989,18.2353,38.8235,66.4706,41.1765,44.808,20.6553,44.8718,81.9088,42.735,47.5904,23.4427,48.2251,79.7053,46.2157,43.1564,20.4937,43.782,57.755,47.0424,43.373,20.2643,38.326,61.674,42.2907,44.3516,19.8063,41.8134,62.9401,40.0528,50.2646,33.1126,63.5762,70.1987,51.6556,45.7971,23.2221,56.6038,62.4093,39.1872,EPI_ISL_17267154,Avian,H5N1,2023.184,Europe,A/Black-headed_gull/Netherlands/25/2023,G1
0,1,41.6814,18.8235,38.8235,65.8824,40.5882,44.5235,19.943,44.8718,82.6211,43.4473,47.7912,23.4427,48.2251,80.3751,47.5553,43.2495,20.9595,43.3163,59.1523,47.0424,43.461,20.2643,39.6476,61.2335,41.8502,44.1319,20.2465,41.8134,62.9401,38.2923,50.5291,34.4371,67.5497,70.1987,51.6556,45.942,24.6734,56.6038,63.8607,37.7358,EPI_ISL_17267155,Avian,H5N1,2023.184,Europe,A/Black-headed_gull/Netherlands/26/2023,G1
0,1,41.7402,18.8235,38.8235,65.8824,41.7647,44.5235,20.6553,43.4473,81.1966,43.4473,47.7242,22.7729,48.2251,80.3751,46.8855,43.4823,20.9595,43.3163,61.4811,47.0424,43.417,20.2643,39.207,61.2335,41.4097,44.044,18.9261,41.3732,62.5,38.7324,50.3968,33.1126,64.9007,70.1987,51.6556,45.942,24.6734,56.6038,63.8607,37.7358,EPI_ISL_17267156,Avian,H5N1,2023.167,Europe,A/European_herring_gull/Netherlands/8/2023,G1
0,-1,41.3874,17.0588,37.6471,64.1176,40.5882,44.6657,18.5185,45.584,79.7721,44.8718,47.7242,28.8011,46.8855,69.6584,39.5177,44.46,24.2198,44.7136,61.9469,47.0424,43.1528,18.9427,37.4449,60.3524,42.7313,44.6593,19.8063,41.8134,65.1408,42.2535,50.7937,35.7616,64.9007,74.1722,51.6556,46.8116,24.6734,46.4441,69.6662,53.701,EPI_ISL_17267157,Avian,H5N1,2023.167,Europe,A/European_herring_gull/Netherlands/9/2023,G2
0,-1,42.0929,19.4118,38.8235,65.8824,41.1765,44.4918,19.9147,44.808,81.7923,43.3855,48.0589,28.8011,48.2251,77.6959,36.8386,44.5531,27.4802,49.837,58.2208,47.0424,43.417,19.8238,38.7665,59.9119,43.1718,44.9275,20.2109,43.058,69.42,40.8612,50.7937,34.4371,63.5762,71.5232,52.9801,46.8116,24.6734,47.8955,63.8607,53.701,EPI_ISL_17316489,Avian,H5N1,2023.195,Asia,A/large-billed_crow/Hokkaido/B007/2023,
0,-1,42.0929,19.4118,38.8235,65.8824,41.1765,44.4918,19.9147,44.808,81.7923,43.3855,48.0589,28.8011,48.2251,77.6959,36.8386,44.5531,27.4802,49.837,58.2208,47.0424,43.417,19.8238,38.7665,59.9119,43.1718,44.9715,20.6503,43.058,69.8594,40.8612,50.7937,34.4371,63.5762,71.5232,52.9801,46.8116,24.6734,47.8955,63.8607,53.701,EPI_ISL_17316965,Avian,H5N1,2023.195,Asia,A/large-billed_crow/Hokkaido/B008/2023,
0,1,41.8577,18.8235,38.8235,65.8824,41.7647,44.5946,19.2308,44.8718,82.6211,43.4473,47.7242,22.7729,48.2251,80.3751,46.8855,43.2495,20.9595,43.3163,59.6181,47.0424,43.5931,20.7048,39.6476,62.5551,41.4097,44.1073,19.8151,41.8318,62.0872,38.7494,50.5291,34.4371,64.9007,70.1987,51.6556,45.942,24.6734,56.6038,63.8607,39.1872,EPI_ISL_17409673,Avian,H5N1,2023.186,Europe,A/Black-headed_gull/Netherlands/27/2023,G1
0,1,41.7989,19.4118,38.8235,66.4706,41.1765,45.0213,20.6553,44.8718,81.9088,44.8718,47.7242,23.4427,48.2251,80.3751,46.2157,43.2495,20.4937,44.2478,58.6865,47.5082,43.417,20.7048,38.7665,61.674,41.8502,44.2392,19.8151,41.8318,61.6469,39.6301,50.1323,33.1126,63.5762,70.1987,51.6556,45.7971,24.6734,55.1524,60.9579,39.1872,EPI_ISL_17409675,Avian,H5N1,2023.225,Europe,A/Black-headed_gull/Netherlands/28/2023,G1
0,1,41.6226,18.8235,38.8235,65.8824,41.1765,44.6657,20.6553,44.8718,81.9088,42.735,47.6573,22.7729,48.2251,80.3751,46.2157,43.1564,20.4937,44.2478,58.6865,47.5082,43.373,20.2643,38.7665,61.674,41.8502,44.1953,19.8151,41.8318,61.6469,39.6301,50.1323,33.1126,63.5762,70.1987,51.6556,46.087,24.6734,56.6038,60.9579,39.1872,EPI_ISL_17409676,Avian,H5N1,2023.222,Europe,A/European_herring_gull/Netherlands/10/2023,G1
0,1,41.7402,18.8235,38.8235,65.8824,41.7647,44.6657,19.943,44.1595,82.6211,43.4473,47.7242,22.7729,48.2251,80.3751,46.8855,43.1099,20.0279,43.3163,59.6181,45.6451,43.417,20.2643,39.207,61.2335,41.4097,44.1953,20.2554,41.8318,62.5275,39.6301,50.2646,33.1126,64.9007,70.1987,50.3311,46.087,26.1248,58.0552,63.8607,37.7358,EPI_ISL_17409677,Avian,H5N1,2023.233,Europe,A/European_herring_gull/Netherlands/11/2023,G1
0,1,41.7989,18.8235,38.8235,65.2941,41.7647,44.6657,20.6553,44.8718,82.6211,43.4473,47.7912,23.4427,48.8948,81.0449,46.2157,43.2961,20.0279,43.782,60.0838,47.0424,43.3289,19.8238,39.6476,61.2335,40.9692,44.1513,19.8151,41.8318,62.0872,38.7494,50.3968,33.1126,64.9007,70.1987,51.6556,45.6522,24.6734,56.6038,62.4093,37.7358,EPI_ISL_17409678,Avian,H5N1,2023.233,Europe,A/Great_black-backed_gull/Netherlands/3/2023,G1
0,-1,41.5638,17.6471,38.8235,63.5294,41.7647,44.705,21.3371,46.2304,81.0811,42.6743,47.6573,28.1313,45.5459,76.3563,35.499,44.1341,23.2883,45.1793,59.6181,47.5082,43.2849,19.3833,38.7665,61.2335,42.7313,44.3127,19.7715,41.7399,64.587,41.3005,51.1905,35.7616,67.5497,72.8477,54.3046,46.087,24.6734,46.4441,63.8607,53.701,EPI_ISL_17465830,Avian,H5N1,2023.197,Europe,A/pink-footed_goose/Scotland/040819/2023,G2
0,-1,41.6226,18.2353,38.8235,64.1176,42.3529,44.3497,19.2034,44.808,81.0811,42.6743,47.6573,26.7917,46.8855,77.0261,36.1688,44.1341,23.2883,44.7136,59.6181,47.5082,43.0973,19.0434,38.9725,61.5589,42.0726,44.4444,19.3322,40.8612,64.587,39.5431,50.3968,33.1126,64.9007,70.1987,51.6556,45.7971,23.2221,47.8955,59.5065,50.7983,EPI_ISL_17465836,Avian,H5N1,2023.205,Europe,A/pink-footed_goose/Scotland/323521/2023,G2
0,1,41.7402,18.8235,38.8235,65.8824,41.7647,44.4208,19.9147,44.0967,81.7923,43.3855,47.5177,21.2917,46.8417,80.1987,47.5515,43.2961,20.4937,42.8505,60.5496,47.0424,43.2082,19.9443,38.961,61.6883,38.961,44.3248,19.2998,41.7415,64.632,39.4973,50.7714,28.1294,68.917,73.1364,53.4459,45.942,24.6734,56.6038,63.8607,37.7358,EPI_ISL_17465837,Avian,H5N1,2023.222,Europe,A/black-headed_gull/England/258716/2023,G1
2,-1,41.9165,18.8235,37.0588,64.7059,40.5882,44.1365,17.7809,44.808,82.5036,42.6743,47.6573,27.4615,46.2157,74.347,40.1875,44.041,24.6856,45.6451,58.6865,46.5766,43.2849,18.5022,41.8502,59.9119,39.207,45.5185,25.066,44.4151,71.6799,42.2164,51.0582,33.1126,62.2517,70.1987,52.9801,47.971,26.1248,50.7983,63.8607,44.9927,EPI_ISL_17468386,Human,H5N1,2023.225,SouthAmerica,A/Chile/25945/2023,G3
0,-1,41.6814,17.0588,38.2353,64.7059,41.1765,44.634,19.9147,44.808,83.2148,42.6743,47.5234,26.1219,45.5459,75.0167,36.8386,44.6927,25.1514,43.782,60.5496,47.5082,43.2409,20.2643,38.326,61.2335,42.2907,44.7079,21.529,43.058,65.9051,40.4218,50.3968,34.4371,64.9007,71.5232,51.6556,46.9565,20.3193,47.8955,66.7634,58.0552,EPI_ISL_17470102,Avian,H5N1,2023.164,Europe,A/chicken/Czech_Republic/3446_orig/2023,G2
0,-1,41.5638,16.4706,38.2353,64.7059,41.1765,44.634,19.9147,44.808,83.2148,42.6743,47.5234,26.1219,45.5459,75.0167,36.8386,44.6927,25.1514,43.782,60.5496,47.5082,43.2409,20.2643,38.326,61.2335,42.2907,44.7079,21.529,43.058,65.9051,40.4218,50.3968,34.4371,64.9007,71.5232,51.6556,46.9565,20.3193,47.8955,66.7634,58.0552,EPI_ISL_17470103,Avian,H5N1,2023.164,Europe,A/chicken/Czech_Republic/3446/2023,G2
0,-1,41.7989,17.0588,38.8235,64.7059,42.3529,44.634,19.9147,44.0967,83.2148,41.963,47.7242,26.7917,46.2157,75.6865,36.8386,44.46,24.2198,43.3163,61.0154,46.5766,43.373,20.7048,38.7665,60.793,42.7313,44.8397,21.0896,43.058,67.2232,39.9824,50.3968,34.4371,64.9007,71.5232,51.6556,46.8116,20.3193,47.8955,66.7634,56.6038,EPI_ISL_17470104,Avian,H5N1,2023.219,Europe,A/chicken/Czech_Republic/4463_orig/2023,G2
0,1,41.7402,18.8235,38.2353,65.8824,41.7647,44.5629,19.9147,44.808,82.5036,43.3855,47.7912,22.7729,48.2251,80.3751,46.8855,43.2495,20.4937,43.3163,59.1523,47.5082,43.5051,20.7048,39.6476,61.2335,41.8502,44.2688,19.7715,41.7399,64.1476,38.6643,50.3968,34.4371,64.9007,71.5232,51.6556,45.942,24.6734,56.6038,63.8607,37.7358,EPI_ISL_17470105,Avian,H5N1,2023.255,Europe,A/black-headed_gull/Czech_Republic/5152-1/2023,G1
0,1,41.7402,18.8235,39.4118,66.4706,41.7647,44.7761,20.6259,45.5192,81.7923,42.6743,47.7912,23.4427,48.8948,81.0449,46.2157,43.1564,20.4937,44.2478,58.6865,47.0424,43.5491,20.7048,39.207,62.5551,42.2907,44.3127,19.7715,42.1793,62.8295,40.4218,50.5291,33.1126,64.9007,71.5232,51.6556,45.942,24.6734,56.6038,62.4093,39.1872,EPI_ISL_17470106,Avian,H5N1,2023.255,Europe,A/black-headed_gull/Czech_Republic/5152-2/2023,G1
0,1,41.7402,19.4118,39.4118,66.4706,41.7647,44.808,20.6553,45.584,81.9088,42.735,47.7912,23.4427,48.8948,81.0449,46.2157,43.1564,20.4937,44.2478,58.6865,47.0424,43.5491,20.7048,39.207,62.5551,42.2907,44.2688,19.7715,41.7399,62.3902,40.4218,50.5291,33.1126,64.9007,71.5232,51.6556,45.942,24.6734,56.6038,62.4093,39.1872,EPI_ISL_17470107,Avian,H5N1,2023.255,Europe,A/black-headed_gull/Czech_Republic/5152-3/2023,G1
0,1,41.6814,18.8235,38.8235,67.0588,40.5882,44.8472,20.6259,44.808,81.7923,43.3855,47.6573,23.4427,48.2251,80.3751,46.2157,43.1564,20.4937,43.782,59.6181,47.0424,43.373,19.8238,38.7665,62.1145,41.8502,44.3127,20.2109,42.1793,62.8295,39.5431,50.3968,33.1126,64.9007,70.1987,51.6556,46.5217,26.1248,56.6038,62.4093,40.6386,EPI_ISL_17470108,Avian,H5N1,2023.255,Europe,A/black-headed_gull/Czech_Republic/5152-4/2023,G1
0,1,41.4462,17.6471,38.2353,66.4706,41.1765,44.7761,20.6259,45.5192,81.7923,42.6743,47.7912,23.4427,48.8948,81.0449,46.2157,43.2495,20.4937,44.2478,59.6181,47.0424,43.5491,20.2643,39.6476,62.5551,42.2907,44.3566,20.2109,42.1793,63.7083,39.5431,50.1323,30.4636,63.5762,70.1987,51.6556,45.942,24.6734,56.6038,62.4093,39.1872,EPI_ISL_17470109,Avian,H5N1,2023.255,Europe,A/black-headed_gull/Czech_Republic/5152-5/2023,G1
0,1,41.6226,18.2353,39.4118,65.8824,41.7647,44.8472,20.6259,44.808,81.7923,42.6743,47.7242,25.4521,50.2344,77.6959,42.8667,43.1564,20.9595,43.782,59.1523,47.0424,43.373,19.3833,38.7665,62.1145,41.8502,44.2249,19.3322,41.7399,62.8295,39.5431,50.3968,33.1126,64.9007,70.1987,51.6556,46.087,27.5762,53.701,62.4093,50.7983,EPI_ISL_17514133,Avian,H5N1,2023.178,Europe,A/black-headed_gull/Austria/23029679/2023,G1
0,-1,41.5485,17.741,36.6647,64.4589,40.8043,44.1365,17.0697,45.5192,78.9474,42.6743,47.5234,25.4521,46.2157,75.0167,35.499,44.3203,23.7541,43.782,62.4127,48.4397,43.0647,19.8238,37.0044,59.9119,43.6123,44.4444,20.2109,42.1793,64.1476,39.5431,50.6614,34.4371,64.9007,72.8477,52.9801,46.2319,23.2221,46.4441,63.8607,53.701,EPI_ISL_17514134,Avian,H5N1,2023.197,Europe,A/black-headed_gull/Austria/23033648/2023,G2
0,1,41.5638,18.2353,38.8235,65.8824,41.7647,44.7761,20.6259,44.808,81.7923,43.3855,47.5904,24.7823,48.2251,79.7053,46.2157,43.2495,20.9595,43.782,59.1523,47.0424,43.373,19.8238,38.7665,61.674,41.8502,44.2249,19.3322,41.7399,62.8295,39.5431,50.3968,33.1126,64.9007,70.1987,51.6556,45.7971,27.5762,53.701,60.9579,50.7983,EPI_ISL_17514165,Avian,H5N1,2023.181,Europe,A/black-headed_gull/Austria/23031105-002/2023,G1
0,1,41.6814,18.8235,38.8235,66.4706,41.1765,44.634,20.6259,44.808,81.7923,42.6743,48,23.761,49.5587,81.4664,46.8432,43.1564,20.4937,44.2478,59.1523,47.0424,43.5051,20.2643,39.207,62.5551,42.2907,44.2882,19.7889,42.2164,62.8848,39.5778,50.5291,33.1126,64.9007,71.5232,51.6556,44.9925,22.9358,53.5168,59.633,44.3425,EPI_ISL_17514177,Avian,H5N1,2023.186,Europe,A/falcon/Austria/23032458/2023,G1
0,-1,41.6814,18.2353,37.0588,64.7059,41.1765,44.8472,19.2034,45.5192,83.2148,44.0967,47.7242,28.8011,46.8855,71.6678,38.1782,44.1546,24.2424,44.7552,59.6737,46.1538,43.5051,19.3833,37.0044,62.5551,42.7313,44.4444,20.6503,42.1793,65.0264,39.9824,50.6614,33.1126,64.9007,72.8477,51.6556,46.6667,26.1248,47.8955,65.312,52.2496,EPI_ISL_17514178,Avian,H5N1,2023.214,Europe,A/black-headed_gull/Austria/23036780-003/2023,G9
0,1,41.6814,18.8235,38.2353,66.4706,41.7647,44.705,20.6259,44.808,80.3698,42.6743,47.7242,23.4427,48.2251,79.0355,46.8855,43.1564,20.0279,43.782,59.1523,47.0424,43.3289,19.3833,38.7665,61.674,41.8502,44.4005,19.7715,41.7399,62.8295,39.5431,50.3968,33.1126,64.9007,70.1987,51.6556,45.7971,24.6734,55.1524,62.4093,39.1872,EPI_ISL_17521022,Avian,H5N1,2023.241,Europe,A/domestic_duck/England/049343/2023,G1
0,1,41.6814,18.8235,38.2353,66.4706,41.7647,44.705,20.6259,44.808,80.3698,42.6743,47.7242,23.4427,48.2251,79.0355,46.8855,43.1564,20.0279,43.782,59.1523,47.0424,43.3289,19.3833,38.7665,61.674,41.8502,44.4005,19.7715,41.7399,62.8295,39.5431,50.3968,33.1126,64.9007,70.1987,51.6556,45.7971,24.6734,55.1524,62.4093,39.1872,EPI_ISL_17521023,Avian,H5N1,2023.241,Europe,A/guinea_fowl/England/049422/2023,G1
0,1,41.6814,18.8235,38.8235,65.8824,41.7647,44.4918,19.9147,44.0967,81.0811,44.0967,47.7242,22.7729,48.2251,80.3751,46.8855,43.3426,20.4937,43.3163,60.5496,47.0424,43.373,20.2643,39.207,61.2335,40.9692,44.2249,19.7715,41.7399,64.1476,38.6643,50.3968,33.1126,64.9007,70.1987,51.6556,45.942,24.6734,56.6038,63.8607,37.7358,EPI_ISL_17521049,Avian,H5N1,2023.222,Europe,A/black-headed_gull/England/053469/2023,G1
0,1,41.9165,18.8235,39.4118,65.8824,41.7647,44.7368,19.943,45.584,81.9088,44.1595,47.7912,22.7729,48.2251,81.0449,46.8855,43.2495,20.9595,43.3163,59.1523,47.5082,43.3289,20.2643,39.6476,60.793,40.0881,44.0879,18.9261,41.8134,62.9401,38.2923,50.2646,33.1126,64.9007,70.1987,51.6556,45.942,24.6734,56.6038,63.8607,37.7358,EPI_ISL_17547365,Avian,H5N1,2023.238,Europe,A/Black-headed_gull/Netherlands/29/2023,G1
0,1,41.8577,18.8235,39.4118,65.8824,41.7647,44.7368,19.943,44.8718,82.6211,43.4473,47.7912,22.7729,48.2251,80.3751,46.8855,43.1765,20.5128,43.3566,59.2075,47.0862,43.461,20.2643,39.6476,61.674,41.4097,44.1758,19.8063,41.8134,63.3803,38.2923,50.3968,33.1126,64.9007,70.1987,51.6556,45.942,24.6734,56.6038,63.8607,37.7358,EPI_ISL_17547366,Avian,H5N1,2023.241,Europe,A/Black-headed_gull/Netherlands/30/2023,G1
0,1,41.8577,18.8235,39.4118,65.8824,41.7647,44.808,19.943,44.8718,82.6211,43.4473,47.7912,22.7729,48.2251,80.3751,46.8855,43.1299,20.5128,43.3566,59.2075,47.0862,43.461,20.2643,39.6476,61.674,41.4097,44.1758,19.8063,41.8134,63.3803,38.2923,50.2646,33.1126,64.9007,70.1987,51.6556,45.942,24.6734,56.6038,63.8607,37.7358,EPI_ISL_17547367,Avian,H5N1,2023.241,Europe,A/Black-headed_gull/Netherlands/31/2023,G1
0,1,41.7989,18.8235,39.4118,65.8824,41.7647,44.7368,19.943,44.8718,82.6211,43.4473,47.7912,22.7729,48.2251,80.3751,46.8855,43.1564,20.9595,43.3163,58.6865,47.0424,43.461,20.2643,39.6476,61.674,41.4097,44.2198,20.2465,42.2535,63.3803,38.2923,50.2646,33.1126,64.9007,70.1987,51.6556,45.942,24.6734,56.6038,63.8607,37.7358,EPI_ISL_17547368,Avian,H5N1,2023.241,Europe,A/Black-headed_gull/Netherlands/32/2023,G1
0,1,41.8577,18.8235,39.4118,65.8824,41.7647,44.7368,19.943,44.8718,82.6211,43.4473,47.7912,22.7729,48.2251,80.3751,46.8855,43.1299,20.5128,43.3566,58.7413,47.0862,43.461,20.2643,39.6476,61.674,41.4097,44.1758,19.8063,41.8134,63.3803,38.2923,50.2646,33.1126,64.9007,70.1987,51.6556,45.942,24.6734,56.6038,63.8607,37.7358,EPI_ISL_17547369,Avian,H5N1,2023.241,Europe,A/Black-headed_gull/Netherlands/33/2023,G1
0,1,41.8577,18.8235,38.8235,65.8824,42.3529,44.6657,19.2308,45.584,82.6211,44.1595,47.7242,22.7729,48.2251,80.3751,46.8855,43.3892,20.9595,43.782,60.0838,47.0424,43.5491,20.7048,39.6476,62.1145,41.4097,44.1319,19.8063,41.8134,62.5,38.7324,50.5291,34.4371,64.9007,70.1987,51.6556,46.2319,27.5762,56.6038,63.8607,39.1872,EPI_ISL_17547370,Avian,H5N1,2023.247,Europe,A/Black-headed_gull/Netherlands/34/2023,G1
0,1,41.6226,18.2353,38.8235,65.2941,41.1765,44.4523,19.2308,44.1595,82.6211,43.4473,47.6573,22.7729,48.2251,80.3751,45.5459,43.203,20.9595,43.782,59.6181,46.5766,43.373,20.2643,39.207,61.2335,41.4097,44.0879,19.8063,41.8134,62.5,39.1725,50.3968,33.1126,64.9007,70.1987,51.6556,45.942,24.6734,56.6038,63.8607,40.6386,EPI_ISL_17547371,Avian,H5N1,2023.252,Europe,A/Black-headed_gull/Netherlands/35/2023,G1
0,1,41.7402,18.8235,38.8235,65.2941,41.1765,44.7368,20.6553,45.584,81.9088,42.735,47.7242,23.4427,47.5553,81.0449,46.2157,43.203,20.4937,44.2478,58.6865,47.0424,43.3289,20.2643,38.7665,61.2335,41.8502,44.1758,19.8063,41.8134,62.0599,38.2923,50,31.7881,63.5762,70.1987,50.3311,46.087,24.6734,56.6038,63.8607,39.1872,EPI_ISL_17547372,Avian,H5N1,2023.263,Europe,A/Black-headed_gull/Netherlands/36/2023,G1
0,1,41.7989,18.8235,39.4118,65.8824,41.7647,44.808,20.6553,44.8718,81.9088,42.735,47.7242,22.7729,48.2251,80.3751,46.8855,43.2495,20.4937,43.782,59.1523,47.0424,43.5051,19.8238,39.207,61.674,42.7313,44.2443,19.7889,41.7766,62.8848,39.5778,50.3968,33.1126,64.9007,70.1987,51.6556,45.7971,24.6734,56.6038,62.4093,37.7358,EPI_ISL_17547373,Avian,H5N1,2023.274,Europe,A/European_herring_gull/Netherlands/12/2023,G1
0,1,41.6814,18.2353,38.8235,65.2941,41.1765,44.5235,19.2308,44.1595,82.6211,44.1595,47.6573,22.7729,48.2251,80.3751,46.8855,43.1099,20.4937,43.782,59.6181,46.1109,43.417,20.2643,39.207,62.1145,41.4097,44.1758,20.2465,42.2535,63.8204,38.7324,50.3968,33.1126,64.9007,70.1987,51.6556,45.942,24.6734,56.6038,63.8607,40.6386,EPI_ISL_17547374,Avian,H5N1,2023.252,Europe,A/European_herring_gull/Netherlands/13/2023,G1
0,1,41.7989,18.8235,38.8235,65.8824,41.1765,44.808,19.943,45.584,82.6211,44.1595,47.8581,23.4427,48.2251,80.3751,47.5553,43.203,20.4937,43.3163,59.1523,47.0424,43.461,21.1454,39.207,61.2335,41.4097,44,19.8063,41.8134,62.5,37.8521,50.1323,31.7881,64.9007,70.1987,50.3311,45.942,24.6734,56.6038,63.8607,37.7358,EPI_ISL_17547375,Avian,H5N1,2023.274,Europe,A/Great_black-backed_gull/Netherlands/4/2023,G1
0,-1,41.6814,17.6471,38.2353,64.7059,41.1765,44.5629,21.3371,44.0967,82.5036,44.0967,47.7912,26.7917,46.2157,75.6865,36.1688,44.3669,24.2198,44.7136,61.4811,46.5766,43.1088,20.2643,38.326,60.793,41.4097,44.7079,19.7715,41.7399,65.4657,41.7399,50.3968,34.4371,64.9007,71.5232,52.9801,46.3768,24.6734,47.8955,60.9579,53.701,EPI_ISL_17564740,Avian,H5N1,2023.274,Europe,A/domestic_duck/England/056995/2023,G2
0,-1,41.6814,17.0588,37.0588,65.8824,41.7647,44.4918,18.4922,45.5192,78.9474,43.3855,47.5904,25.4521,46.2157,75.6865,36.1688,44.3203,22.3568,45.1793,61.0154,47.5082,43.3289,19.8238,37.8855,60.793,44.0529,44.6201,19.3322,42.6186,66.7838,41.3005,50.7937,35.7616,64.9007,74.1722,52.9801,46.6667,24.6734,44.9927,66.7634,55.1524,EPI_ISL_17564760,Avian,H5N1,2023.277,Europe,A/chicken/Wales/057026/2023,
0,1,41.6226,18.8235,38.8235,65.8824,41.7647,44.4918,19.9147,44.0967,81.7923,43.3855,47.7912,22.7729,48.2251,80.3751,47.5553,43.2961,20.0279,43.3163,60.5496,47.0424,43.3289,20.2643,39.207,61.2335,40.9692,44.2443,19.3407,41.7582,63.2967,38.6813,50.3968,33.1126,64.9007,70.1987,51.6556,46.087,24.6734,56.6038,63.8607,37.7358,EPI_ISL_17564773,Avian,H5N1,2023.227,Europe,A/black-headed_gull/England/258811/2023,G1
0,1,41.9799,18.8088,38.2445,68.3386,43.2602,44.8301,20.2605,44.8625,82.4891,43.4153,47.619,22.1147,47.6849,80.1659,47.6849,43.1699,19.0931,42.0048,60.6205,47.7327,43.267,20.3892,38.9249,62.0945,38.9249,44.4291,18.8853,41.9162,65.8683,39.1525,50.1416,24.3902,67.4319,73.1707,47.3458,46.0526,24.8902,57.101,62.9575,38.0673,EPI_ISL_17564792,Avian,H5N1,2023.227,Europe,A/black-headed_gull/England/258818/2023,G1
0,-1,41.4105,16.8878,37.3945,65.1387,42.2195,44.5629,19.2034,44.808,82.5036,43.3855,47.5067,26.3692,45.977,73.6984,37.8634,44.3128,23.7304,44.6132,61.6991,47.9355,43.3422,20.7322,38.8178,60.8734,42.3467,44.6676,20.0957,41.1483,66.5072,39.7129,50.9537,33.3797,66.7594,75.1043,48.6787,46.003,24.1692,48.3384,60.423,51.3595,EPI_ISL_17564815,Avian,H5N1,2023.236,Europe,A/pink-footed_goose/Scotland/047907/2023,G2
0,-1,41.7402,18.2353,37.0588,64.7059,41.7647,44.9893,19.2034,45.5192,83.2148,44.0967,47.7912,28.8011,46.8855,71.6678,38.848,44.2272,24.6856,44.2478,60.0838,45.6451,43.5491,19.3833,37.0044,62.9956,43.1718,44.4884,21.0896,41.7399,65.0264,39.1037,50.6614,33.1126,64.9007,72.8477,51.6556,46.6667,24.6734,47.8955,63.8607,52.2496,EPI_ISL_17584808,Avian,H5N1,2023.233,Europe,A/chicken/Czech_Reublic/4761-2/2023,G9
0,-1,41.7989,17.0588,38.2353,65.2941,41.7647,44.634,19.9147,44.808,83.2148,42.6743,47.5904,26.7917,45.5459,75.0167,36.8386,44.5531,24.6856,42.8505,60.5496,47.0424,43.2409,20.2643,38.326,61.2335,42.2907,44.7079,21.529,43.058,65.9051,40.4218,50.3968,34.4371,64.9007,71.5232,51.6556,46.8116,20.3193,47.8955,65.312,58.0552,EPI_ISL_17584809,Avian,H5N1,2023.255,Europe,A/chicken/Czech_Reublic/5215_orig/2023,G2
0,1,41.6814,18.2353,39.4118,65.8824,41.7647,44.8472,20.6259,44.808,81.7923,42.6743,47.6573,23.4427,48.2251,79.0355,46.8855,43.1564,20.4937,43.782,59.1523,47.0424,43.417,19.8238,38.7665,62.1145,41.8502,44.2249,19.3322,41.7399,62.3902,39.1037,50.3968,33.1126,64.9007,70.1987,51.6556,45.942,24.6734,56.6038,62.4093,39.1872,EPI_ISL_17584810,Avian,H5N1,2023.252,Europe,A/black-headed_gull/Czech_Republic/5295-3/2023,G1
0,1,41.505,18.2353,38.8235,65.8824,41.1765,44.705,20.6259,45.5192,81.7923,42.6743,47.7912,23.4427,48.8948,81.0449,46.2157,43.203,20.4937,43.3163,59.1523,47.0424,43.461,20.2643,39.207,62.5551,42.2907,44.3127,19.7715,42.6186,63.2689,39.5431,50.2646,31.7881,63.5762,70.1987,51.6556,45.942,24.6734,56.6038,62.4093,39.1872,EPI_ISL_17584811,Avian,H5N1,2023.274,Europe,A/black-headed_gull/Czech_Republic/5425-1/2023,G1
0,1,41.505,18.2353,38.8235,65.8824,41.1765,44.705,20.6259,45.5192,81.7923,42.6743,47.7912,23.4427,48.8948,81.0449,46.2157,43.203,20.4937,43.3163,59.1523,47.0424,43.461,20.2643,39.207,62.5551,42.2907,44.3127,19.7715,42.6186,63.2689,39.5431,50.2646,31.7881,63.5762,70.1987,51.6556,45.942,24.6734,56.6038,62.4093,39.1872,EPI_ISL_17584812,Avian,H5N1,2023.274,Europe,A/black-headed_gull/Czech_Republic/5425-3/2023,G1
0,1,41.6814,18.8235,38.8235,66.4706,41.1765,44.705,20.6259,44.0967,82.5036,42.6743,47.7242,23.4427,48.2251,80.3751,46.2157,43.0633,20.0279,43.782,59.1523,46.1109,43.417,19.8238,38.7665,61.674,41.8502,44.137,19.7715,41.7399,63.7083,37.7856,50.2646,31.7881,64.9007,70.1987,51.6556,46.087,24.6734,56.6038,63.8607,39.1872,EPI_ISL_17584813,Avian,H5N1,2023.274,Europe,A/black-headed_gull/Czech_Republic/5452-1/2023,G1
0,1,41.6226,18.2353,38.8235,66.4706,41.1765,44.8472,20.6259,46.2304,81.7923,42.6743,47.8581,23.4427,48.8948,81.7147,46.2157,43.2495,20.4937,44.2478,59.6181,47.0424,43.5051,20.2643,39.207,62.5551,42.7313,44.3127,19.7715,42.1793,63.7083,39.5431,50.2646,31.7881,63.5762,70.1987,51.6556,46.1538,24.7453,56.7686,62.591,39.3013,EPI_ISL_17584814,Avian,H5N1,2023.274,Europe,A/black-headed_gull/Czech_Republic/5452-2/2023,G1
0,1,41.6814,18.8235,39.4118,64.7059,41.1765,44.5629,19.9147,44.0967,80.3698,43.3855,47.5904,24.1125,48.2251,79.7053,46.2157,43.3892,21.891,44.2478,59.6181,47.0424,43.373,20.2643,39.207,62.5551,41.8502,44.0931,19.3322,42.1793,61.9508,39.5431,50.3968,33.1126,64.9007,70.1987,51.6556,46.2319,26.1248,56.6038,63.8607,39.1872,EPI_ISL_17584815,Avian,H5N1,2023.274,Europe,A/black-headed_gull/Czech_Republic/5452-3/2023,G1
0,1,41.6226,18.2353,38.8235,66.4706,41.1765,44.8472,20.6259,46.2304,81.7923,42.6743,47.8581,23.4427,48.8948,81.7147,46.2157,43.2961,20.4937,44.2478,59.6181,47.0424,43.5491,20.2643,39.207,62.5551,42.7313,44.3127,19.7715,42.1793,63.7083,39.5431,50.2646,31.7881,63.5762,70.1987,51.6556,46.087,24.6734,56.6038,62.4093,39.1872,EPI_ISL_17584816,Avian,H5N1,2023.274,Europe,A/black-headed_gull/Czech_Republic/5452-4/2023,G1
0,1,41.5638,18.8235,38.8235,66.4706,40.5882,44.705,20.6259,44.808,81.7923,42.6743,47.8581,24.1125,48.8948,81.0449,46.8855,43.2495,20.4937,44.2478,59.1523,47.0424,43.461,20.2643,39.207,62.5551,41.8502,44.2688,19.7715,42.1793,63.2689,39.1037,50.3968,33.1126,64.9007,70.1987,51.6556,45.942,24.6734,56.6038,62.4093,39.1872,EPI_ISL_17584817,Avian,H5N1,2023.277,Europe,A/black-headed_gull/Czech_Republic/5487-2/2023,G1
0,1,41.6814,18.2353,38.8235,65.8824,41.1765,44.8472,20.6259,44.808,81.7923,43.3855,47.7912,23.4427,48.2251,80.3751,46.8855,43.203,20.4937,43.782,59.6181,47.0424,43.373,19.8238,38.7665,62.1145,41.4097,44.1809,19.7715,41.3005,63.2689,39.5431,50.3968,33.1126,64.9007,70.1987,51.6556,45.942,24.6734,56.6038,60.9579,39.1872,EPI_ISL_17584818,Avian,H5N1,2023.277,Europe,A/black-headed_gull/Czech_Republic/5487-4/2023,G1
0,1,41.7989,19.4118,39.4118,66.4706,41.1765,44.7761,19.9147,45.5192,81.7923,43.3855,47.4565,24.1125,48.2251,79.0355,46.2157,43.3892,21.891,44.2478,59.1523,47.0424,43.373,20.2643,38.7665,61.674,41.8502,44.0931,19.7715,41.3005,62.3902,39.5431,50.3968,33.1126,64.9007,70.1987,51.6556,46.087,24.6734,56.6038,63.8607,39.1872,EPI_ISL_17584819,Avian,H5N1,2023.277,Europe,A/black-headed_gull/Czech_Republic/5487-5/2023,G1
0,1,41.6226,18.8235,38.8235,66.4706,41.1765,44.7761,20.6259,45.5192,82.5036,42.6743,47.7912,23.4427,48.8948,81.0449,46.2157,43.0633,20.4937,44.2478,58.6865,47.0424,43.5491,20.7048,39.207,62.5551,42.2907,44.3127,19.7715,42.1793,62.8295,40.4218,50.5291,33.1126,64.9007,71.5232,51.6556,45.942,24.6734,56.6038,62.4093,39.1872,EPI_ISL_17584820,Avian,H5N1,2023.279,Europe,A/black-headed_gull/Czech_Republic/5695-1/2023,G1
0,1,41.7402,18.8235,39.4118,65.8824,40.5882,44.9183,20.6259,44.808,81.7923,43.3855,47.6573,23.4427,48.2251,80.3751,45.5459,43.1564,20.4937,43.782,58.6865,47.0424,43.461,19.8238,38.7665,62.1145,42.2907,44.3127,19.7715,41.7399,63.2689,39.5431,50.3968,33.1126,64.9007,70.1987,51.6556,45.7971,24.6734,55.1524,62.4093,39.1872,EPI_ISL_17584821,Avian,H5N1,2023.279,Europe,A/black-headed_gull/Czech_Republic/5695-2/2023,G1
0,1,41.5638,18.2353,38.8235,66.4706,41.1765,44.705,20.6259,45.5192,81.7923,42.6743,47.7912,23.4427,48.8948,81.0449,46.2157,43.1564,20.4937,44.2478,58.6865,47.5082,43.5051,20.2643,39.207,62.5551,42.2907,44.3566,19.7715,42.1793,63.2689,40.4218,50.5291,33.1126,64.9007,71.5232,51.6556,46.087,24.6734,56.6038,62.4093,39.1872,EPI_ISL_17584822,Avian,H5N1,2023.279,Europe,A/black-headed_gull/Czech_Republic/5695-3/2023,G1
0,1,41.6814,18.8235,38.8235,65.8824,40.5882,44.8472,20.6259,44.0967,81.7923,43.3855,47.6573,23.4427,48.2251,80.3751,45.5459,43.0633,20.4937,43.3163,57.755,47.0424,43.461,19.8238,38.7665,62.1145,42.2907,44.3127,19.7715,41.7399,63.2689,39.5431,50.2646,31.7881,64.9007,70.1987,51.6556,45.5072,23.2221,55.1524,62.4093,39.1872,EPI_ISL_17584823,Avian,H5N1,2023.279,Europe,A/black-headed_gull/Czech_Republic/5695-4/2023,G1
0,1,41.6226,18.8235,38.8235,66.4706,41.1765,44.7761,19.9147,44.808,81.7923,43.3855,47.7912,23.4427,48.8948,81.0449,46.2157,43.1564,20.4937,44.2478,58.6865,47.0424,43.461,19.8238,39.207,62.5551,42.2907,44.3127,19.7715,41.7399,63.2689,40.4218,50.5291,33.1126,64.9007,71.5232,51.6556,45.942,24.6734,56.6038,62.4093,39.1872,EPI_ISL_17584824,Avian,H5N1,2023.279,Europe,A/black-headed_gull/Czech_Republic/5695-5/2023,G1
0,1,41.6226,18.8235,38.8235,66.4706,41.1765,44.7761,20.6259,45.5192,81.7923,42.6743,47.7912,23.4427,48.8948,81.0449,46.2157,43.1564,20.4937,44.2478,58.6865,47.0424,43.461,19.8238,39.207,62.5551,42.2907,44.3127,19.7715,41.7399,62.3902,40.4218,50.5291,33.1126,64.9007,71.5232,51.6556,45.942,24.6734,56.6038,62.4093,39.1872,EPI_ISL_17584825,Avian,H5N1,2023.279,Europe,A/black-headed_gull/Czech_Republic/5695-7/2023,G1
0,1,41.6226,18.8235,38.8235,66.4706,41.1765,44.705,19.9147,44.808,81.7923,42.6743,47.7912,23.4427,48.8948,81.0449,46.2157,43.0633,20.4937,44.2478,57.755,47.0424,43.5051,20.2643,39.207,62.5551,42.2907,44.2688,19.7715,42.1793,62.8295,40.4218,50.5291,33.1126,64.9007,71.5232,51.6556,45.942,24.6734,56.6038,62.4093,39.1872,EPI_ISL_17584826,Avian,H5N1,2023.279,Europe,A/black-headed_gull/Czech_Republic/5695-8/2023,G1
0,1,41.8577,19.4118,39.4118,66.4706,41.7647,44.705,19.9147,44.808,81.0811,43.3855,47.5904,24.1125,48.2251,79.7053,46.2157,43.4823,22.3568,44.2478,60.5496,47.5082,43.3289,19.8238,38.7665,62.1145,41.8502,44.0931,19.7715,41.7399,62.3902,39.5431,50.3968,33.1126,64.9007,70.1987,51.6556,46.087,24.6734,56.6038,63.8607,39.1872,EPI_ISL_17584827,Avian,H5N1,2023.299,Europe,A/black-headed_gull/Czech_Republic/6066-5/2023,G1
0,1,41.6814,18.2353,38.8235,66.4706,41.7647,44.9183,20.6259,44.808,83.2148,43.3855,47.6573,23.4427,48.2251,80.3751,46.2157,43.1564,20.4937,43.782,59.1523,47.0424,43.373,19.8238,38.7665,62.1145,41.8502,44.137,19.7715,41.7399,62.3902,39.5431,50.2646,33.1126,64.9007,70.1987,51.6556,46.087,24.6734,56.6038,62.4093,40.6386,EPI_ISL_17599455,Avian,H5N1,2023.162,Europe,A/Falco_peregrinus/Belgium/01823_0003/2023,G1
0,1,41.7402,18.8235,38.8235,66.4706,41.7647,44.8472,20.6259,44.808,81.7923,43.3855,47.7242,23.4427,48.2251,80.3751,46.2157,43.1564,20.4937,43.782,59.1523,47.0424,43.417,19.8238,38.7665,62.1145,41.8502,44.3127,19.7715,42.1793,62.8295,39.9824,50.2646,33.1126,64.9007,70.1987,51.6556,45.7971,24.6734,56.6038,62.4093,39.1872,EPI_ISL_17600359,Avian,H5N1,2023.205,Europe,A/Pavo_cristatus/Belgium/02559_0001/2023,G1
0,1,41.5638,18.2353,38.8235,66.4706,41.1765,44.634,20.6259,44.808,81.7923,42.6743,47.7242,24.1125,48.8948,80.3751,45.5459,43.1564,20.4937,43.782,58.6865,47.0424,43.417,20.2643,39.207,62.5551,41.8502,44.4005,19.7715,41.7399,63.7083,39.9824,50.1323,33.1126,63.5762,70.1987,51.6556,45.6522,23.2221,56.6038,62.4093,39.1872,EPI_ISL_17600912,Avian,H5N1,2023.178,Europe,A/Falco_peregrinus/Belgium/02026_0005/2023,G1
0,1,41.6814,18.8235,38.8235,66.4706,41.1765,44.705,21.3371,45.5192,81.7923,42.6743,47.5904,22.7729,48.2251,80.3751,45.5459,43.2495,20.4937,44.7136,58.6865,47.0424,43.373,20.2643,38.7665,61.674,41.8502,44.2688,19.7715,41.3005,63.2689,39.5431,50.1323,33.1126,63.5762,70.1987,51.6556,46.2319,24.6734,56.6038,62.4093,42.09,EPI_ISL_17606260,Avian,H5N1,2023.219,Europe,A/Gallus_gallus/Belgium/02824_0001/2023,G1
1,1,41.7402,19.4118,38.8235,66.4706,41.7647,44.7761,20.6259,44.0967,81.7923,43.3855,47.7242,23.4427,48.2251,80.3751,46.2157,43.1099,20.4937,43.3163,59.1523,47.0424,43.373,19.3833,38.7665,62.1145,41.8502,44.3127,19.7715,41.7399,62.8295,39.5431,50.3968,33.1126,64.9007,70.1987,51.6556,45.7971,24.6734,56.6038,62.4093,39.1872,EPI_ISL_17606755,Mammal,H5N1,2023.197,Europe,A/Vulpes_vulpes/Belgium/02359_0002/2023,G1
1,1,41.6814,18.8235,38.8235,66.4706,41.7647,44.8472,20.6259,44.808,81.7923,43.3855,47.6573,23.4427,48.2251,80.3751,45.5459,43.2495,20.4937,44.2478,59.6181,47.0424,43.461,19.8238,38.7665,62.1145,41.8502,44.1809,19.3322,41.7399,63.2689,39.5431,50.3968,33.1126,64.9007,70.1987,51.6556,45.942,24.6734,56.6038,62.4093,39.1872,EPI_ISL_17606756,Mammal,H5N1,2023.197,Europe,A/Vulpes_vulpes/Belgium/02359_0006/2023,G1
1,1,41.6814,19.4118,39.4118,66.4706,41.1765,44.8472,20.6259,44.808,81.7923,43.3855,47.6573,23.4427,48.2251,80.3751,46.2157,43.0633,20.4937,43.3163,59.1523,47.0424,43.461,19.8238,38.7665,62.1145,41.8502,44.3127,19.7715,42.1793,62.8295,39.9824,50.3968,33.1126,64.9007,70.1987,51.6556,46.087,24.6734,56.6038,63.8607,39.1872,EPI_ISL_17606757,Mammal,H5N1,2023.238,Europe,A/Vulpes_vulpes/Belgium/03117_0001/2023,G1
1,1,41.6814,18.2353,38.8235,65.8824,41.7647,44.7761,19.9147,44.808,81.7923,43.3855,47.6573,23.4427,48.2251,80.3751,45.5459,43.203,20.9595,43.782,59.1523,47.0424,43.417,19.8238,38.7665,62.1145,41.8502,44.3127,19.7715,41.7399,63.2689,39.5431,50.3968,33.1126,64.9007,70.1987,51.6556,45.7971,24.6734,56.6038,60.9579,39.1872,EPI_ISL_17606758,Mammal,H5N1,2023.238,Europe,A/Vulpes_vulpes/Belgium/03117_0004/2023,G1
0,1,41.7402,19.4118,38.8235,66.4706,41.1765,44.705,20.6259,44.808,81.7923,42.6743,47.7242,24.1125,48.2251,81.0449,46.2157,43.203,20.4937,45.1793,58.2208,47.5082,43.461,20.2643,38.7665,61.674,41.8502,44.2688,19.7715,41.3005,63.2689,39.5431,50.1323,33.1126,63.5762,70.1987,51.6556,45.942,24.6734,55.1524,63.8607,39.1872,EPI_ISL_17625761,Avian,H5N1,2023.268,Europe,A/Black-headed_Gull/Netherlands/23006300-001/2023,G1
0,1,41.6814,18.2353,38.8235,67.0588,41.1765,44.705,20.6259,44.808,81.7923,42.6743,47.6573,23.4427,48.2251,80.3751,46.2157,43.1564,20.0279,43.782,58.2208,47.0424,43.461,20.7048,38.7665,61.674,42.2907,44.4005,19.7715,41.7399,63.7083,39.9824,50.2646,33.1126,63.5762,70.1987,51.6556,45.6522,23.2221,55.1524,60.9579,40.6386,EPI_ISL_17625762,Avian,H5N1,2023.274,Europe,A/Eurasian_Sparrowhawk/Netherlands/23006788-001/2023,G1
0,1,41.6226,18.2353,38.8235,66.4706,41.1765,44.4918,20.6259,44.808,81.7923,41.963,47.6573,23.4427,48.2251,79.7053,46.2157,43.2961,20.4937,44.2478,59.1523,47.0424,43.373,20.2643,38.7665,61.674,41.8502,44.3566,19.7715,41.7399,63.7083,39.9824,50.1323,33.1126,63.5762,68.8742,51.6556,45.6522,23.2221,56.6038,62.4093,39.1872,EPI_ISL_17625763,Avian,H5N1,2023.282,Europe,A/Black-headed_Gull/Netherlands/23006674-001/2023,G1
0,1,41.6814,18.2353,38.2353,67.6471,41.7647,44.634,20.6259,44.808,81.7923,42.6743,47.6573,23.4427,48.2251,79.7053,46.2157,43.1099,20.4937,43.782,57.2892,47.0424,43.3289,19.8238,38.7665,61.674,41.4097,44.4005,19.7715,41.7399,63.7083,39.9824,50.2646,33.1126,63.5762,70.1987,51.6556,45.5072,23.2221,56.6038,62.4093,39.1872,EPI_ISL_17625764,Avian,H5N1,2023.29,Europe,A/Black-headed_Gull/Netherlands/23006666-002/2023,G1
0,1,41.6814,18.8235,38.8235,66.4706,41.1765,44.7368,20.6553,44.8718,81.9088,43.4473,47.7242,23.4427,48.2251,80.3751,46.2157,43.1099,20.4937,43.3163,59.1523,46.1109,43.373,19.8238,38.7665,62.5551,41.8502,44.3077,20.2465,41.8134,62.5,39.6127,50.1323,33.1126,63.5762,70.1987,51.6556,46.087,24.6734,56.6038,63.8607,39.1872,EPI_ISL_17626164,Avian,H5N1,2023.29,Europe,A/Black-headed_gull/Netherlands/37/2023,G1
0,1,41.6814,18.8235,38.8235,66.4706,41.1765,44.7368,20.6553,44.8718,81.9088,43.4473,47.7242,23.4427,48.2251,80.3751,46.2157,43.0633,20.4937,43.3163,58.6865,46.1109,43.373,19.8238,38.7665,62.5551,41.8502,44.3077,20.2465,41.8134,62.5,39.6127,50.1323,33.1126,63.5762,70.1987,51.6556,46.087,24.6734,56.6038,63.8607,39.1872,EPI_ISL_17626165,Avian,H5N1,2023.29,Europe,A/Black-headed_gull/Netherlands/38/2023,G1
0,1,41.6814,18.8235,38.2353,66.4706,41.7647,44.8791,20.6553,44.8718,81.9088,43.4473,47.7242,22.7729,47.5553,81.0449,46.2157,43.2495,20.4937,43.782,59.1523,47.0424,43.417,19.8238,38.7665,61.674,42.7313,44.2882,19.7889,41.7766,62.8848,39.5778,50.3968,33.1126,64.9007,70.1987,51.6556,46.2319,24.6734,56.6038,62.4093,42.09,EPI_ISL_17626167,Avian,H5N1,2023.296,Europe,A/Black-headed_gull/Netherlands/40/2023,G1
0,1,41.5638,18.8235,38.8235,66.4706,41.1765,44.5946,21.3675,44.8718,81.9088,42.735,47.7242,23.4427,48.2251,81.0449,45.5459,43.1564,20.4937,44.2478,59.1523,47.0424,43.2409,20.2643,38.7665,61.674,41.8502,44.1758,19.8063,41.3732,62.0599,39.1725,50.1323,33.1126,63.5762,70.1987,51.6556,46.087,24.6734,56.6038,63.8607,39.1872,EPI_ISL_17626168,Avian,H5N1,2023.296,Europe,A/Black-headed_gull/Netherlands/41/2023,G1
0,1,41.505,17.6471,38.8235,65.8824,41.1765,44.6657,20.6553,44.8718,81.9088,42.735,47.7242,23.4427,48.2251,80.3751,46.2157,43.1099,20.0279,44.2478,58.6865,47.0424,43.373,20.2643,38.7665,62.1145,41.8502,44.3322,19.7889,41.7766,63.3245,40.0176,50.2646,33.1126,63.5762,70.1987,51.6556,45.6522,23.2221,56.6038,62.4093,39.1872,EPI_ISL_17626169,Avian,H5N1,2023.323,Europe,A/Black-headed_gull/Netherlands/42/2023,G1
0,1,41.505,17.6471,38.8235,65.8824,41.1765,44.6657,20.6553,44.8718,81.9088,42.735,47.7242,23.4427,48.2251,80.3751,46.2157,43.1564,20.0279,44.2478,58.6865,47.0424,43.373,20.2643,38.7665,62.1145,41.8502,44.3077,19.8063,41.8134,62.9401,40.0528,50.2646,33.1126,63.5762,70.1987,51.6556,45.7971,23.2221,56.6038,62.4093,40.6386,EPI_ISL_17626170,Avian,H5N1,2023.323,Europe,A/Black-headed_gull/Netherlands/43/2023,G1
0,1,41.505,17.6471,38.8235,65.8824,41.1765,44.6657,20.6553,44.8718,81.9088,42.735,47.5904,23.4427,48.2251,80.3751,46.2157,43.1099,20.0279,44.2478,58.6865,47.0424,43.373,20.7048,38.7665,61.2335,41.8502,44.3077,19.8063,41.3732,62.9401,39.6127,50.5291,34.4371,63.5762,70.1987,52.9801,45.7971,23.2221,56.6038,62.4093,39.1872,EPI_ISL_17626171,Avian,H5N1,2023.326,Europe,A/Black-headed_gull/Netherlands/44/2023,G1
0,1,41.7989,18.8235,38.2353,65.8824,41.7647,44.6657,19.943,44.8718,82.6211,44.1595,47.6573,22.7729,47.5553,79.7053,46.8855,43.203,20.9595,43.3163,59.1523,47.0424,43.5931,21.1454,39.6476,62.1145,41.8502,44.1564,19.7889,41.7766,62.8848,38.6983,50.3968,33.1126,64.9007,70.1987,50.3311,45.942,24.6734,56.6038,63.8607,39.1872,EPI_ISL_17626172,Avian,H5N1,2023.255,Europe,A/Peregrine_falcon/Netherlands/7/2023,G1
0,1,41.7989,18.8235,38.2353,65.8824,41.7647,44.5946,19.943,44.1595,82.6211,43.4473,47.6573,22.7729,47.5553,79.7053,46.8855,43.203,20.9595,43.3163,59.1523,47.0424,43.5931,21.1454,39.6476,62.1145,41.8502,44.1564,19.7889,41.7766,62.8848,38.6983,50.3968,33.1126,64.9007,70.1987,50.3311,45.942,24.6734,56.6038,63.8607,39.1872,EPI_ISL_17626173,Avian,H5N1,2023.255,Europe,A/Peregrine_falcon/Netherlands/8/2023,G1
0,1,41.7989,18.8235,38.2353,65.8824,41.7647,44.6657,19.943,44.8718,82.6211,44.1595,47.6573,22.7729,47.5553,79.7053,46.8855,43.203,20.9595,43.3163,59.1523,47.0424,43.5931,21.1454,39.6476,62.1145,41.8502,44.1564,19.7889,41.7766,62.8848,38.6983,50.3968,33.1126,64.9007,70.1987,50.3311,45.942,24.6734,56.6038,63.8607,39.1872,EPI_ISL_17626174,Avian,H5N1,2023.255,Europe,A/Peregrine_falcon/Netherlands/9/2023,G1
0,1,41.7989,18.8235,38.8235,65.8824,41.7647,44.5946,19.943,44.8718,82.6211,43.4473,47.925,22.7729,48.2251,80.3751,46.8855,43.1564,20.0279,42.8505,59.1523,47.0424,43.417,20.2643,38.7665,61.2335,41.8502,44.1319,19.8063,41.8134,62.9401,38.2923,50.2646,33.1126,64.9007,70.1987,51.6556,45.942,24.6734,56.6038,63.8607,37.7358,EPI_ISL_17626175,Avian,H5N1,2023.255,Europe,A/Peregrine_falcon/Netherlands/10/2023,G1
0,-1,41.9165,17.6471,38.2353,65.2941,40,44.1365,19.9147,44.0967,80.3698,40.5405,47.5904,26.1219,46.8855,74.347,39.5177,45.2048,24.2198,47.5082,64.7415,49.3712,43.6812,20.2643,40.0881,61.2335,40.5286,43.8735,21.0896,42.1793,66.3445,36.0281,50.9259,31.7881,63.5762,78.1457,52.9801,45.4685,18.4615,49.2308,67.6923,44.6154,EPI_ISL_17638141,Avian,H5N1,2023.233,Asia,A/chicken/Hokkaido/HU-B102/2023,
0,-1,41.9165,17.6471,38.2353,65.2941,40,44.0654,19.9147,44.0967,80.3698,40.5405,47.5904,26.1219,46.8855,74.347,39.5177,45.2048,24.2198,47.5082,64.7415,49.3712,43.6372,20.2643,39.6476,61.2335,40.5286,44.0053,21.529,42.1793,66.7838,36.0281,50.9259,31.7881,63.5762,78.1457,52.9801,45.3149,18.4615,49.2308,67.6923,44.6154,EPI_ISL_17638143,Avian,H5N1,2023.249,Asia,A/chicken/Hokkaido/HU-B202/2023,
0,-1,41.9165,17.6471,38.2353,65.2941,40,44.1365,19.9147,44.0967,80.3698,40.5405,47.5904,26.1219,46.8855,74.347,39.5177,45.2048,24.2198,47.5082,64.7415,49.3712,43.6812,20.2643,40.0881,61.2335,40.5286,43.9174,20.6503,42.1793,66.7838,36.0281,50.9259,31.7881,63.5762,78.1457,52.9801,45.4685,18.4615,49.2308,67.6923,44.6154,EPI_ISL_17638448,Avian,H5N1,2023.26,Asia,A/chicken/Hokkaido/HU-B301/2023,
0,1,41.6226,18.2353,39.4118,65.8824,41.7647,44.9183,20.6259,44.808,82.5036,42.6743,47.6573,23.4427,48.2251,79.0355,46.2157,43.2495,20.9595,43.782,59.1523,47.0424,43.417,19.8238,38.7665,62.1145,41.8502,44.2249,19.3322,41.7399,63.2689,39.5431,50.5291,33.1126,64.9007,70.1987,52.9801,46.087,26.1248,56.6038,62.4093,42.09,EPI_ISL_17650916,Avian,H5N1,2023.31,Europe,A/black-headed_gull/Czech_Republic/6577-5/2023,G1
0,1,41.6814,18.8235,38.8235,66.4706,41.1765,44.7761,20.6259,44.808,81.7923,42.6743,47.7912,23.4427,48.8948,81.0449,46.2157,43.2495,20.4937,44.2478,59.6181,47.0424,43.5051,20.2643,39.207,62.5551,42.2907,44.2688,19.7715,41.7399,62.8295,39.5431,50.5291,33.1126,64.9007,71.5232,51.6556,46.087,26.1248,56.6038,62.4093,39.1872,EPI_ISL_17650917,Avian,H5N1,2023.31,Europe,A/black-headed_gull/Czech_Republic/6634-2/2023,G1
0,1,41.6226,18.2353,39.4118,65.8824,41.7647,44.705,20.6259,44.808,81.7923,41.963,47.6573,23.4427,48.2251,79.0355,46.2157,43.203,20.9595,43.782,59.1523,47.0424,43.417,19.8238,39.207,62.5551,41.8502,44.2688,19.3322,41.7399,64.1476,39.5431,50.2646,33.1126,64.9007,70.1987,50.3311,45.942,24.6734,56.6038,62.4093,39.1872,EPI_ISL_17650918,Avian,H5N1,2023.31,Europe,A/black-headed_gull/Czech_Republic/6634-3/2023,G1
0,1,41.6814,18.2353,39.4118,65.8824,41.7647,44.705,20.6259,44.808,81.7923,40.5405,47.6573,23.4427,48.2251,79.0355,46.2157,43.203,20.9595,43.782,59.1523,47.0424,43.373,19.8238,39.207,62.5551,41.8502,44.2688,19.3322,41.7399,64.1476,39.5431,50.2646,33.1126,64.9007,70.1987,50.3311,45.942,24.6734,56.6038,62.4093,39.1872,EPI_ISL_17650919,Avian,H5N1,2023.31,Europe,A/black-headed_gull/Czech_Republic/6634-4/2023,G1
0,1,41.7402,18.2353,39.4118,66.4706,41.7647,44.7761,20.6259,44.808,81.7923,41.963,47.5904,23.4427,48.2251,79.0355,46.2157,43.203,20.4937,43.3163,59.1523,47.0424,43.3289,19.8238,39.207,62.5551,41.8502,44.3566,19.3322,41.7399,64.587,39.5431,50.2646,33.1126,64.9007,70.1987,50.3311,45.942,24.6734,56.6038,62.4093,39.1872,EPI_ISL_17650920,Avian,H5N1,2023.332,Europe,A/black-headed_gull/Czech_Republic/6634-5/2023,G1
0,1,41.5638,18.2353,38.8235,67.0588,41.1765,44.9183,19.9147,44.808,81.7923,44.0967,47.8581,23.4427,49.5646,81.0449,46.2157,43.203,20.4937,44.2478,59.1523,47.0424,43.461,20.2643,39.207,62.5551,42.2907,44.3566,20.2109,41.7399,63.2689,40.4218,50.5291,33.1126,64.9007,71.5232,51.6556,46.087,24.6734,56.6038,63.8607,39.1872,EPI_ISL_17650921,Avian,H5N1,2023.332,Europe,A/turkey/Czech_Republic/6734_orig/2023,G1
0,1,41.7402,17.6471,38.8235,67.6471,41.7647,45.2026,20.6259,46.9417,81.7923,44.808,47.7242,23.4427,48.8948,80.3751,45.5459,43.1564,20.4937,43.782,59.6181,46.5766,43.417,19.8238,38.7665,62.9956,41.8502,44.3566,19.7715,42.1793,63.2689,39.5431,50.5291,33.1126,66.2252,70.1987,51.6556,45.5072,23.2221,55.1524,62.4093,39.1872,EPI_ISL_17656637,Avian,H5N1,2023.353,Europe,A/Common_tern/Luxembourg/23109715/2023,G1
0,1,41.7989,19.4118,38.2353,66.4706,41.1765,44.634,20.6259,44.0967,81.7923,42.6743,47.7242,23.4427,48.2251,80.3751,46.2157,43.1564,20.4937,44.2478,59.1523,47.0424,43.3289,19.3833,38.326,61.674,42.2907,44.2688,19.7715,41.7399,62.8295,39.5431,50.1323,33.1126,63.5762,70.1987,51.6556,46.087,24.6734,56.6038,63.8607,39.1872,EPI_ISL_17657734,Avian,H5N1,2023.321,Europe,A/chicken/England/062635/2023,G1
0,1,41.7893,17.6887,38.9151,67.8066,41.8632,45.1636,20.6553,46.2963,81.9088,44.1595,47.7242,23.4427,48.8948,80.3751,45.5459,43.1034,20.0653,43.8637,59.2627,46.6636,43.348,19.8413,38.8007,62.1693,41.8871,44.3761,19.7889,42.2164,63.3245,39.5778,50.5291,33.1126,66.2252,70.1987,51.6556,45.6522,24.6734,56.6038,62.4093,39.1872,EPI_ISL_17672077,Avian,H5N1,2023.359,Europe,A/black-headed_gull/Luxembourg/23111454/2023,G1
1,1,41.7059,18.8457,38.8693,65.96,41.8139,44.8791,20.6553,44.8718,82.6211,42.735,47.7562,23.4742,48.2897,81.8243,45.607,43.3426,20.9595,44.7136,59.1523,47.0424,43.417,20.2643,39.207,61.674,41.8502,44.4444,20.2109,42.1793,64.1476,39.5431,50.2646,31.7881,64.9007,70.1987,50.3311,45.942,24.6734,56.6038,62.4093,39.1872,EPI_ISL_17679728,Mammal,H5N1,2023.263,Europe,A/fox/Italy/23VIR3885-1/2023,G1
0,1,41.6226,18.8235,38.8235,64.7059,41.1765,44.4918,19.2034,43.3855,80.3698,43.3855,47.6573,24.7823,48.2251,80.3751,46.2157,43.3892,21.891,44.2478,59.6181,47.0424,43.3289,20.2643,38.326,62.1145,41.8502,44.0492,19.7715,41.7399,62.3902,39.5431,50.3968,33.1126,64.9007,70.1987,51.6556,46.5116,27.7372,55.4745,64.2336,40.8759,EPI_ISL_17679729,Avian,H5N1,2023.31,Europe,A/turkey/Italy/23VIR3800-6/2023,G1
0,1,41.6226,18.8235,38.8235,64.7059,41.1765,44.4918,19.2034,43.3855,80.3698,43.3855,47.6573,24.7823,48.2251,80.3751,46.2157,43.3892,21.891,44.2478,59.6181,47.0424,43.3289,20.2643,38.326,62.1145,41.8502,44.0931,19.7715,42.1793,62.3902,39.5431,50.2646,31.7881,64.9007,70.1987,50.3311,46.5217,27.5762,56.6038,63.8607,40.6386,EPI_ISL_17679730,Avian,H5N1,2023.282,Europe,A/turkey/Italy/23VIR3520-1/2023,G1
0,1,41.7989,18.8235,39.4118,65.2941,42.3529,44.7761,19.9147,44.808,81.7923,43.3855,47.6573,24.1125,48.2251,81.0449,46.2157,43.4358,21.891,44.2478,59.6181,47.0424,43.461,20.7048,39.207,61.674,41.8502,44.0931,19.7715,41.7399,62.3902,39.5431,50.3968,33.1126,64.9007,70.1987,51.6556,46.087,24.6734,56.6038,63.8607,39.1872,EPI_ISL_17679731,Avian,H5N1,2023.178,Europe,A/black-headed_gull/Italy/23VIR2787-2/2023,G1
0,1,41.6226,18.2353,38.8235,65.8824,41.1765,44.7761,19.9147,44.808,81.7923,43.3855,47.6573,24.1125,48.2251,79.7053,46.2157,43.4358,21.891,44.2478,59.6181,47.0424,43.5051,20.7048,38.7665,62.1145,41.8502,44.0053,19.3322,41.7399,62.3902,39.5431,50.3968,33.1126,64.9007,70.1987,51.6556,46.087,24.6734,56.6038,63.8607,39.1872,EPI_ISL_17679732,Avian,H5N1,2023.181,Europe,A/black-headed_gull/Italy/23VIR3132-4/2023,G1
0,1,41.6226,18.8235,38.8235,64.7059,41.1765,44.4918,19.2034,43.3855,80.3698,43.3855,47.6573,24.7823,48.2251,80.3751,46.2157,43.3892,21.891,44.2478,59.6181,47.0424,43.304,19.8413,38.3598,62.1693,41.8871,44.0492,19.7715,41.7399,62.3902,39.5431,50.3968,33.1126,64.9007,70.1987,51.6556,46.5217,27.5762,56.6038,63.8607,40.6386,EPI_ISL_17679733,Avian,H5N1,2023.271,Europe,A/turkey/Italy/23VIR3366-1/2023,G1
0,1,41.6226,18.8235,38.2353,65.2941,41.1765,44.4918,19.2034,43.3855,80.3698,43.3855,47.5904,24.1125,48.2251,79.7053,46.2157,43.3892,21.891,44.2478,59.6181,47.0424,43.373,20.2643,38.7665,62.1145,41.8502,44.0492,19.7715,41.7399,62.3902,39.5431,50.3968,33.1126,64.9007,70.1987,51.6556,46.5217,27.5762,56.6038,63.8607,40.6386,EPI_ISL_17679734,Avian,H5N1,2023.249,Europe,A/chicken/Italy/23VIR3021-13/2023,G1
0,1,41.5638,18.8235,38.2353,64.7059,41.1765,44.4918,19.2034,43.3855,80.3698,43.3855,47.5904,24.1125,48.2251,79.7053,46.2157,43.3892,21.891,44.2478,59.6181,47.0424,43.373,20.2643,38.7665,62.1145,41.8502,44.0492,19.7715,41.7399,62.3902,39.5431,50.3968,33.1126,64.9007,70.1987,51.6556,46.5217,27.5762,56.6038,63.8607,40.6386,EPI_ISL_17679735,Avian,H5N1,2023.241,Europe,A/chicken/Italy/23VIR3022-15/2023,G1
0,1,41.6814,18.2353,38.8235,65.8824,41.1765,44.634,19.2034,44.808,81.0811,43.3855,47.6573,24.1125,48.2251,79.7053,46.2157,43.4823,22.3568,44.2478,59.6181,47.5082,43.461,20.7048,38.7665,61.674,41.8502,44.0931,19.7715,41.7399,62.3902,39.9824,50.3968,33.1126,64.9007,70.1987,51.6556,46.087,24.6734,56.6038,63.8607,39.1872,EPI_ISL_17679736,Avian,H5N1,2023.214,Europe,A/black-headed_gull/Italy/23VIR2556-2/2023,G1
0,1,41.6226,18.8235,38.8235,64.7059,41.1765,44.4918,19.2034,43.3855,80.3698,43.3855,47.5904,24.1125,48.2251,79.7053,46.2157,43.3892,21.891,44.2478,59.6181,47.0424,43.348,20.2822,38.8007,61.7284,41.8871,44.0492,19.7715,41.7399,62.3902,39.5431,50.3968,33.1126,64.9007,70.1987,51.6556,46.5217,27.5762,56.6038,63.8607,40.6386,EPI_ISL_17679737,Avian,H5N1,2023.233,Europe,A/chicken/Italy/23VIR2802-7/2023,G1
0,1,41.5638,17.0588,38.8235,65.2941,41.1765,44.705,19.2034,44.808,81.7923,43.3855,47.6573,24.1125,48.2251,79.7053,46.2157,43.4823,21.891,44.2478,60.0838,47.0424,43.461,20.7048,38.7665,61.674,41.8502,44.0053,19.3322,41.7399,62.3902,39.5431,50.3968,33.1126,64.9007,70.1987,51.6556,45.942,24.6734,56.6038,63.8607,39.1872,EPI_ISL_17679738,Avian,H5N1,2023.178,Europe,A/black-headed_gull/Italy/23VIR2039-6/2023,G1
0,1,41.6863,18.3432,39.0533,66.2722,40.2367,44.9286,20.1005,45.2261,81.8378,43.7904,47.3377,17.5299,53.3865,78.0876,43.8247,43.4762,21.9319,44.3304,59.7294,47.1302,43.2701,16.4018,39.9795,64.5823,41.0046,44.0193,19.3833,41.4097,62.5551,39.6476,50.3968,33.1126,64.9007,70.1987,51.6556,46.087,24.6734,56.6038,63.8607,39.1872,EPI_ISL_17679739,Avian,H5N1,2023.186,Europe,A/black-headed_gull/Italy/23VIR2046-6/2023,G1
0,1,41.5638,18.2353,39.4118,64.7059,41.1765,44.705,19.9147,44.808,81.0811,43.3855,47.5904,24.1125,48.2251,79.7053,46.2157,43.3892,21.891,44.2478,59.6181,47.0424,43.2849,20.2643,38.7665,61.2335,41.4097,44.0931,19.7715,41.7399,62.3902,39.5431,50.4636,33.2005,65.073,70.3851,51.7928,45.942,24.6734,56.6038,62.4093,39.1872,EPI_ISL_17679740,Avian,H5N1,2023.184,Europe,A/black-headed_gull/Italy/23VIR2152-1/2023,G1
0,1,41.6814,18.8235,39.4118,65.8824,41.1765,44.634,19.9147,44.808,81.0811,43.3855,47.5904,24.1125,48.2251,79.7053,46.2157,43.4823,21.891,44.2478,59.6181,47.0424,43.373,20.2643,38.7665,61.674,41.8502,44.1125,19.3492,42.2164,62.445,39.5778,50.2646,31.7881,64.9007,70.1987,50.3311,46.2319,24.6734,56.6038,63.8607,39.1872,EPI_ISL_17679741,Avian,H5N1,2023.184,Europe,A/black-headed_gull/Italy/23VIR2153-1/2023,G1
0,1,41.6226,18.2353,38.8235,65.8824,40.5882,44.7761,19.9147,44.808,81.7923,43.3855,47.6573,24.1125,48.2251,79.7053,46.2157,43.4358,21.891,44.2478,59.6181,47.0424,43.5051,20.7048,38.7665,61.674,42.2907,44.0492,19.3322,42.1793,62.8295,39.5431,50.3968,33.1126,64.9007,70.1987,51.6556,46.087,24.6734,56.6038,63.8607,39.1872,EPI_ISL_17679742,Avian,H5N1,2023.192,Europe,A/little_gull/Italy/23VIR2222-2/2023,G1
0,1,41.7059,18.8457,38.8693,65.96,41.225,44.705,19.9147,44.808,81.0811,43.3855,47.5234,24.1125,48.8948,79.0355,46.8855,43.5491,22.3776,44.7552,60.1399,47.0862,43.3289,20.2643,38.7665,61.2335,41.8502,44.0685,19.7889,41.3369,62.0053,39.1381,50.5291,33.1126,64.9007,71.5232,51.6556,46.2319,24.6734,56.6038,66.7634,39.1872,EPI_ISL_17679743,Avian,H5N1,2023.195,Europe,A/black-headed_gull/Italy/23VIR2233-4/2023,G1
0,1,41.8577,19.4118,40,66.4706,41.1765,44.7368,19.943,44.8718,81.1966,43.4473,47.5904,24.1125,48.2251,79.7053,46.2157,43.4823,21.891,44.2478,59.6181,47.0424,43.373,20.2643,38.7665,62.1145,41.8502,44.0931,19.7715,41.7399,62.8295,39.5431,50.3968,33.1126,64.9007,70.1987,51.6556,46.087,24.6734,56.6038,63.8607,39.1872,EPI_ISL_17679744,Avian,H5N1,2023.195,Europe,A/yellow-legged_gull/Italy/23VIR2234-2/2023,G1
0,1,41.7989,18.8235,39.4118,65.8824,41.1765,44.705,19.9147,44.808,81.0811,43.3855,47.5904,24.1125,48.2251,79.7053,46.2157,43.3892,21.4252,44.2478,59.1523,47.0424,43.417,20.2643,38.7665,61.674,41.8502,44.0931,19.3322,41.7399,62.3902,39.5431,50.3968,33.1126,64.9007,70.1987,51.6556,46.2319,24.6734,56.6038,65.312,39.1872,EPI_ISL_17679745,Avian,H5N1,2023.195,Europe,A/black-headed_gull/Italy/23VIR2235-3/2023,G1
0,1,41.5882,18.2568,39.4582,64.7821,41.225,44.7761,20.6259,44.808,81.0811,43.3855,47.4565,24.1125,48.2251,79.0355,45.5459,43.4358,21.891,44.2478,59.6181,47.5082,43.373,20.2643,38.326,62.1145,41.8502,44.0931,19.7715,41.7399,62.3902,39.5431,50.3968,31.7881,64.9007,71.5232,51.6556,46.087,24.6734,56.6038,63.8607,39.1872,EPI_ISL_17679746,Avian,H5N1,2023.197,Europe,A/black-headed_gull/Italy/23VIR2309-1/2023,G1
0,1,41.7402,18.8235,38.8235,66.4706,41.7647,44.8472,20.6259,44.808,82.5036,43.3855,47.6573,23.4427,47.5553,80.3751,45.5459,43.1299,20.5128,43.8228,59.2075,47.0862,43.373,19.8238,38.7665,61.674,41.8502,44.4005,19.7715,42.6186,63.7083,39.5431,50.3968,33.1126,64.9007,70.1987,51.6556,46.087,24.6734,56.6038,62.4093,39.1872,EPI_ISL_17679747,Avian,H5N1,2023.195,Europe,A/black-headed_gull/Italy/23VIR2383-2/2023,G1
0,1,41.6226,18.8235,38.8235,64.7059,41.1765,44.4918,19.2034,43.3855,80.3698,43.3855,47.6573,24.1125,48.2251,80.3751,46.2157,43.3892,21.891,44.2478,59.6181,47.0424,43.3671,20.3001,38.835,62.2242,41.9241,44.0053,19.3322,41.7399,61.9508,39.5431,50.2646,33.1126,63.5762,70.1987,51.6556,46.3768,26.1248,56.6038,63.8607,39.1872,EPI_ISL_17679748,Avian,H5N1,2023.175,Europe,A/turkey/Italy/23VIR1887-10/2023,G1
0,1,41.755,18.8679,38.9151,65.4481,41.8632,44.4918,19.9147,43.3855,81.7923,44.0967,47.7912,22.7729,48.2251,80.3751,47.5553,43.2961,20.4937,43.3163,60.0838,47.0424,43.3289,20.2643,38.7665,61.2335,40.9692,44.4343,18.7987,41.724,65.5663,38.9729,50.3968,33.1126,64.9007,70.1987,51.6556,45.942,24.6734,56.6038,63.8607,37.7358,EPI_ISL_17710020,Avian,H5N1,2023.296,Europe,A/Black-Headed_Gull/England/059281/2023,G1
0,1,41.505,17.6471,37.0588,64.1176,41.7647,44.4918,20.6259,44.0967,81.0811,42.6743,47.925,22.7729,47.5553,81.0449,46.8855,43.3892,21.4252,44.2478,59.1523,46.1109,43.373,20.2643,39.207,60.3524,42.2907,44.4543,20.8703,41.7407,63.9432,39.5204,50.6614,34.4371,64.9007,71.5232,55.6291,46.2908,25.2976,56.5476,63.9881,35.7143,EPI_ISL_17710021,Avian,H5N1,2023.296,Europe,A/Black-Headed_Gull/England/059292/2023,G1
0,-1,41.6226,17.0588,37.0588,65.2941,41.7647,44.4918,18.4922,45.5192,78.9474,43.3855,47.5904,25.4521,46.2157,75.6865,36.1688,44.3669,22.3568,45.1793,61.9469,47.5082,43.3289,19.8238,37.8855,60.793,44.0529,44.664,19.3322,42.6186,66.7838,41.3005,50.7937,35.7616,64.9007,74.1722,52.9801,46.6667,24.6734,44.9927,66.7634,55.1524,EPI_ISL_17710023,Avian,H5N1,2023.304,Europe,A/chicken/Wales/059861/2023,
0,1,41.7989,19.4118,38.8235,66.4706,41.1765,44.5629,20.6259,44.808,81.7923,42.6743,47.7912,23.4427,48.2251,81.0449,46.2157,43.203,20.4937,44.2478,59.1523,46.5766,43.417,20.2643,38.7665,61.674,42.2907,44.3127,19.7715,41.7399,62.3902,39.5431,50.0662,33.2005,63.745,70.3851,51.7928,46.087,24.6734,56.6038,63.8607,39.1872,EPI_ISL_17710024,Avian,H5N1,2023.299,Europe,A/Black-Headed_Gull/England/060002/2023,G1
0,-1,41.5638,17.0588,37.0588,65.2941,41.7647,44.4918,18.4922,45.5192,78.9474,43.3855,47.5904,25.4521,46.2157,75.6865,36.1688,44.3669,22.3568,45.1793,61.9469,47.5082,43.2849,19.8238,37.8855,60.793,44.0529,44.664,19.3322,42.6186,66.7838,41.3005,50.7937,35.7616,64.9007,74.1722,52.9801,46.6667,24.6734,44.9927,66.7634,55.1524,EPI_ISL_17710025,Avian,H5N1,2023.315,Europe,A/pheasant/Wales/062149/2023,
0,1,41.6226,18.8235,38.2353,65.8824,41.7647,44.5946,19.943,44.1595,82.6211,43.4473,47.7562,23.4742,48.9604,81.1536,46.2777,43.3191,19.5052,42.8164,61.3701,47.5737,43.273,20.336,38.9036,61.8921,40.2299,44.4593,20.0356,42.2974,64.5592,39.1808,50.3347,32.2581,65.8602,71.2366,51.0753,45.942,24.6734,56.6038,63.8607,37.7358,EPI_ISL_17710026,Avian,H5N1,2023.321,Europe,A/Domestic_Duck/England/062587/2023,G1
0,1,41.6814,18.8235,38.8235,65.8824,41.7647,44.5629,19.9147,44.0967,82.5036,43.3855,47.7242,23.4427,48.8948,81.0449,46.2157,43.3426,20.4937,43.3163,60.5496,47.0424,43.417,20.2643,39.207,61.674,40.9692,44.2249,19.7715,41.7399,64.1476,38.6643,50.3968,33.1126,64.9007,70.1987,51.6556,45.942,24.6734,56.6038,63.8607,37.7358,EPI_ISL_17710027,Avian,H5N1,2023.321,Europe,A/chicken/England/062596/2023,G1
0,1,41.7402,19.4118,38.8235,65.8824,41.1765,44.634,20.6259,44.808,81.7923,42.6743,47.7242,23.4427,48.2251,80.3751,46.2157,43.2495,20.4937,44.7136,59.1523,47.0424,43.417,20.2643,38.7665,61.674,43.1718,44.2249,19.7715,41.7399,62.8295,39.5431,50.1323,33.1126,63.5762,70.1987,51.6556,46.087,24.6734,56.6038,63.8607,39.1872,EPI_ISL_17710029,Avian,H5N1,2023.332,Europe,A/Black-Headed_Gull/England/064254/2023,G1
0,1,41.7989,18.8235,38.8235,66.4706,41.7647,44.4918,19.9147,43.3855,81.7923,44.0967,47.8581,23.4427,48.2251,80.3751,47.5553,43.3892,20.4937,43.3163,61.0154,47.0424,43.417,20.2643,39.207,61.674,40.9692,44.3127,19.7715,41.7399,64.587,38.6643,50.3968,33.1126,64.9007,70.1987,51.6556,45.7971,24.6734,56.6038,60.9579,37.7358,EPI_ISL_17710030,Avian,H5N1,2023.348,Europe,A/Black-Headed_Gull/Wales/066100/2023,G1
0,1,41.7989,19.4118,38.8235,66.4706,41.1765,44.634,20.6259,44.808,81.7923,42.6743,47.7242,23.4427,48.2251,80.3751,46.2157,43.2961,20.4937,44.7136,59.6181,47.0424,43.461,20.2643,38.7665,61.674,43.1718,44.2688,19.7715,41.7399,62.8295,39.5431,50.1323,33.1126,63.5762,70.1987,51.6556,46.087,24.6734,56.6038,63.8607,39.1872,EPI_ISL_17710031,Avian,H5N1,2023.282,Europe,A/Black-Headed_Gull/England/259288/2023,G1
0,1,41.6226,18.8235,38.8235,65.8824,41.7647,44.4208,19.9147,44.0967,81.0811,43.3855,47.7242,22.7729,48.2251,80.3751,46.8855,43.3426,20.4937,43.3163,60.5496,47.0424,43.373,20.2643,39.207,61.2335,40.9692,44.2249,19.7715,41.7399,64.1476,38.6643,50.5291,33.1126,64.9007,70.1987,52.9801,46.087,26.1248,56.6038,63.8607,37.7358,EPI_ISL_17710032,Avian,H5N1,2023.288,Europe,A/Black-Headed_Gull/England/259302/2023,G1
0,1,41.7989,19.4118,38.8235,66.4706,41.1765,44.634,20.6259,44.808,81.7923,42.6743,47.7242,23.4427,48.2251,80.3751,46.2157,43.2961,20.4937,44.7136,59.6181,47.0424,43.461,20.2643,38.7665,61.674,43.1718,44.2688,19.7715,41.7399,62.8295,39.5431,50.1323,33.1126,63.5762,70.1987,51.6556,46.087,24.6734,56.6038,63.8607,39.1872,EPI_ISL_17710034,Avian,H5N1,2023.282,Europe,A/Black-Headed_Gull/England/259311/2023,G1
0,1,41.7989,19.4118,38.8235,66.4706,41.1765,44.634,20.6259,44.808,81.7923,42.6743,47.7912,23.4427,48.2251,81.7147,46.2157,43.2961,20.4937,44.7136,59.6181,47.0424,43.4361,20.2822,38.8007,61.7284,43.2099,44.1999,17.9063,40.8632,64.7383,39.4858,50.1323,33.1126,63.5762,70.1987,51.6556,46.5217,26.1248,56.6038,63.8607,40.6386,EPI_ISL_17710035,Avian,H5N1,2023.293,Europe,A/Black-Headed_Gull/England/259369/2023,G1
0,1,41.6814,18.8235,38.8235,65.8824,41.7647,44.4918,19.9147,44.0967,81.7923,43.3855,47.7242,22.7729,48.2251,80.3751,46.8855,43.3426,20.0279,43.3163,60.5496,47.0424,43.417,20.2643,39.6476,61.2335,40.9692,44.2249,19.7715,41.7399,64.1476,38.6643,50.3968,33.1126,64.9007,70.1987,51.6556,45.942,24.6734,56.6038,63.8607,37.7358,EPI_ISL_17710036,Avian,H5N1,2023.312,Europe,A/Black-Headed_Gull/England/259616/2023,G1
0,1,41.7989,19.4118,38.8235,66.4706,41.1765,44.705,21.3371,44.808,81.7923,42.6743,47.6573,23.4427,48.2251,80.3751,46.2157,43.2495,20.4937,43.782,58.6865,47.9739,43.461,20.2643,38.7665,61.674,42.2907,44.3127,20.2109,42.1793,62.3902,39.5431,50.1323,33.1126,63.5762,70.1987,51.6556,46.087,24.6734,56.6038,63.8607,39.1872,EPI_ISL_17710040,Avian,H5N1,2023.348,Europe,A/Black-Headed_Gull/England/259880/2023,G1
0,1,41.7402,18.8235,38.8235,65.8824,41.7647,44.4918,19.9147,43.3855,81.7923,44.0967,47.7912,22.7729,48.2251,80.3751,47.5553,43.3426,20.4937,43.3163,60.5496,47.0424,43.373,20.2643,39.207,61.2335,40.9692,44.3566,19.7715,41.7399,64.1476,38.6643,50.3968,33.1126,64.9007,70.1987,51.6556,45.7971,24.6734,56.6038,63.8607,37.7358,EPI_ISL_17710041,Avian,H5N1,2023.279,Europe,A/Black-Headed_Gull/England/125079/2023,G1
0,1,41.7059,18.8457,38.8693,65.96,41.225,44.4918,19.9147,43.3855,81.7923,44.0967,47.7562,22.8035,48.2897,79.8122,47.619,43.3583,20.6186,43.1115,60.4499,47.329,43.373,20.2643,39.207,61.2335,40.9692,44.3192,18.4935,41.4975,64.9526,39.6933,50.5305,33.2447,65.1596,70.4787,51.8617,45.942,24.6734,56.6038,63.8607,37.7358,EPI_ISL_17710042,Avian,H5N1,2023.29,Europe,A/Common_Buzzard/England/125155/2023,G1
0,1,41.7989,19.4118,38.2353,66.4706,41.1765,44.634,20.6259,44.0967,81.7923,42.6743,47.7242,23.4427,48.2251,80.3751,46.2157,43.1564,20.4937,44.2478,59.1523,47.0424,43.3289,19.3833,38.326,61.674,42.2907,44.3127,20.2109,41.7399,62.8295,39.9824,50.1323,33.1126,63.5762,70.1987,51.6556,46.087,24.6734,56.6038,63.8607,39.1872,EPI_ISL_17710043,Avian,H5N1,2023.321,Europe,A/Black-Headed_Gull/England/125550/2023,G1
0,1,41.7989,18.8235,38.8235,66.4706,41.7647,44.4918,19.9147,43.3855,81.7923,44.0967,47.925,23.4427,48.2251,80.3751,47.5553,43.2961,20.0279,43.3163,60.5496,46.5766,43.417,20.2643,39.207,61.674,40.9692,44.3127,19.7715,41.7399,64.1476,38.6643,50.3968,33.1126,64.9007,70.1987,51.6556,45.942,24.6734,56.6038,63.8607,37.7358,EPI_ISL_17710045,Avian,H5N1,2023.334,Europe,A/Black-Headed_Gull/England/125698/2023,G1
0,1,41.7989,19.4118,38.8235,65.8824,41.1765,44.9893,20.6259,44.808,81.7923,44.0967,47.6573,22.7729,48.2251,80.3751,46.2157,43.1564,20.0279,44.2478,58.6865,47.5082,43.417,20.2643,38.7665,62.1145,41.8502,44.2688,19.7715,41.7399,62.8295,39.5431,50.1323,33.1126,63.5762,70.1987,51.6556,45.942,24.6734,55.1524,63.8607,39.1872,EPI_ISL_17710047,Avian,H5N1,2023.334,Europe,A/Black-Headed_Gull/England/125713/2023,G1
0,1,41.7989,19.4118,38.8235,66.4706,41.1765,44.634,20.6259,44.0967,81.7923,42.6743,47.7242,23.4427,48.2251,80.3751,46.2157,43.1564,20.4937,44.2478,59.1523,47.0424,43.373,19.8238,38.326,61.674,42.2907,44.2688,19.7715,41.7399,62.8295,39.5431,50.2646,33.1126,63.5762,70.1987,52.9801,46.087,24.6734,56.6038,63.8607,39.1872,EPI_ISL_17710048,Avian,H5N1,2023.334,Europe,A/Black-Headed_Gull/England/125722/2023,G1
0,1,41.6814,19.4118,38.8235,66.4706,41.1765,44.5629,21.3371,44.808,81.7923,42.6743,47.7912,23.4427,48.2251,81.0449,46.2157,43.2495,20.4937,44.2478,59.1523,47.0424,43.461,20.2643,38.7665,61.674,42.2907,44.2249,19.3322,41.7399,62.8295,39.5431,50.1323,33.1126,63.5762,70.1987,51.6556,46.087,24.6734,56.6038,63.8607,39.1872,EPI_ISL_17710049,Avian,H5N1,2023.279,Europe,A/Black-Headed_Gull/England/399994/2023,G1
0,1,41.7989,19.4118,38.8235,66.4706,41.1765,44.634,19.9147,44.808,81.7923,42.6743,47.7242,23.4427,48.2251,80.3751,46.2157,43.2495,20.4937,44.2478,59.1523,47.0424,43.417,20.2643,38.7665,61.674,42.2907,44.3566,19.7715,41.7399,64.1476,39.5431,50.1323,33.1126,63.5762,70.1987,51.6556,45.942,24.6734,56.6038,63.8607,39.1872,EPI_ISL_17710050,Avian,H5N1,2023.279,Europe,A/Black-Headed_Gull/England/399997/2023,G1
0,-1,41.4462,17.0588,39.4118,64.1176,41.7647,44.634,21.3371,45.5192,82.5036,43.3855,47.7242,28.1313,46.2157,77.0261,35.499,44.2272,22.8225,44.2478,61.0154,47.0424,43.1968,19.3833,38.7665,61.674,42.7313,44.4005,19.3322,42.1793,65.4657,40.8612,50.6614,34.4371,64.9007,72.8477,52.9801,46.087,24.6734,47.8955,60.9579,52.2496,EPI_ISL_17710051,Avian,H5N1,2023.293,Europe,A/Common_Buzzard/England/400164/2023,G2
0,1,41.7402,19.4118,38.8235,65.8824,41.1765,44.5629,20.6259,44.808,81.7923,42.6743,47.7912,23.4427,48.2251,81.0449,46.2157,43.2495,20.4937,44.2478,59.1523,47.0424,43.417,20.2643,38.7665,61.674,42.2907,44.2688,19.7715,41.7399,62.3902,39.5431,50,33.1126,63.5762,70.1987,51.6556,46.087,24.6734,56.6038,63.8607,39.1872,EPI_ISL_17710052,Avian,H5N1,2023.293,Europe,A/Black-Headed_Gull/England/400174/2023,G1
0,1,41.7989,18.8235,39.4118,65.8824,41.7647,44.4918,19.9147,43.3855,81.7923,44.0967,47.7912,22.7729,48.2251,80.3751,47.5553,43.2961,20.4937,43.3163,60.5496,47.0424,43.373,20.2643,39.207,61.2335,40.9692,44.2688,19.7715,41.7399,64.587,38.225,50.3968,33.1126,64.9007,70.1987,51.6556,45.942,24.6734,56.6038,63.8607,37.7358,EPI_ISL_17710053,Avian,H5N1,2023.301,Europe,A/Black-Headed_Gull/England/400219/2023,G1
0,1,41.7402,18.8235,38.8235,65.8824,41.7647,44.5078,20.0573,43.6963,81.6619,42.9799,47.7912,22.7729,48.2251,80.3751,47.5553,43.2961,20.4937,43.3163,60.5496,47.0424,43.3469,19.8556,38.3574,62.2744,40.6137,44.4642,20.0445,42.3163,64.588,39.1982,50.4673,32.2148,65.7718,71.1409,52.349,45.942,24.6734,56.6038,63.8607,37.7358,EPI_ISL_17710055,Avian,H5N1,2023.334,Europe,A/Black-Headed_Gull/England/400654/2023,G1
0,1,41.6814,18.2353,39.4118,65.8824,41.7647,44.8472,20.6259,44.808,81.7923,42.6743,47.651,24.2424,48.4848,78.7879,46.4646,43.1564,20.4937,43.782,59.1523,47.0424,43.417,19.8238,38.7665,62.1145,41.8502,44.2688,19.3322,41.7399,63.2689,39.5431,50.3968,33.1126,64.9007,70.1987,51.6556,45.1471,25.4111,53.8117,58.296,47.8326,EPI_ISL_17716064,Avian,H5N1,2023.181,Europe,A/black-headed_gull/Austria/23030829-001/2023,G1
0,1,41.5638,18.2353,38.8235,65.8824,41.7647,44.634,19.9147,44.808,81.7923,43.3855,47.6158,24.2751,48.5502,78.8941,46.5273,43.2495,20.9595,43.782,59.1523,47.0424,43.373,19.8238,38.7665,61.674,41.8502,44.2249,19.3322,41.7399,62.8295,39.5431,50.3968,33.1126,64.9007,70.1987,51.6556,45.1565,23.0415,56.8356,56.8356,47.619,EPI_ISL_17716065,Avian,H5N1,2023.197,Europe,A/black-headed_gull/Austria/23033899-002/2023,G1
0,1,41.8824,19.4346,38.8693,66.5489,41.8139,44.3497,19.9147,44.808,81.7923,42.6743,48.0277,23.5947,49.9653,80.4997,46.4955,43.1966,20.0653,43.3971,59.2627,47.1302,43.461,20.7048,39.207,61.2335,41.8502,44.137,19.7715,41.7399,63.7083,38.225,50.2646,33.1126,64.9007,70.1987,51.6556,44.898,24.9633,54.3319,60.2056,45.5213,EPI_ISL_17716067,Avian,H5N1,2023.255,Europe,A/black-headed_gull/Austria/23045023-001/2023,G1
0,1,41.6814,18.8235,38.8235,65.8824,41.1765,44.8791,20.6553,44.8718,82.6211,43.4473,47.9973,25.4997,50.3101,78.5665,42.7292,43.118,20.2544,44.277,59.35,45.6901,43.4303,19.85,38.8178,61.3145,42.3467,44.3127,19.7715,42.1793,62.3902,39.5431,50.3968,33.1126,64.9007,70.1987,51.6556,44.8949,23.3281,52.8771,60.6532,37.325,EPI_ISL_17716068,Avian,H5N1,2023.299,Europe,A/black-headed_gull/Austria/23052993-001/2023,G1
0,1,41.7402,18.8235,38.8235,66.4706,41.7647,44.9183,20.6259,44.808,82.5036,43.3855,47.8203,24.8823,48.4196,80.6994,46.4022,43.1564,20.4937,43.782,59.6181,47.0424,43.4112,19.8588,38.835,61.7829,41.9241,44.3566,19.7715,42.1793,63.2689,39.5431,50.2646,31.7881,64.9007,70.1987,51.6556,45.4545,24.0964,51.2048,61.747,40.6627,EPI_ISL_17716072,Avian,H5N1,2023.318,Europe,A/black-headed_gull/Austria/23056483-005/2023,G1
0,1,41.7402,18.8235,38.8235,66.4706,41.1765,44.634,20.6259,44.808,81.7923,41.963,48.0326,23.7772,49.5924,82.2011,46.875,43.1099,20.4937,44.2478,59.1523,46.1109,43.461,19.8238,39.6476,62.1145,42.2907,44.5323,20.2109,42.1793,64.1476,40.4218,50.5291,33.1126,64.9007,71.5232,51.6556,45.3543,23.9234,54.2265,60.6061,41.4673,EPI_ISL_17716074,Avian,H5N1,2023.334,Europe,A/black-headed_gull/Austria/23058525-004/2023,G1
0,1,41.5638,18.2353,38.8235,66.4706,41.1765,44.634,20.6259,45.5192,79.6586,42.6743,48.1356,23.761,50.2376,82.1453,46.8432,43.2961,20.4937,44.2478,59.6181,47.0424,43.5931,20.7048,39.6476,62.5551,42.7313,44.3566,20.2109,42.1793,63.7083,39.5431,50.2646,31.7881,63.5762,70.1987,51.6556,45.8136,25.5183,55.8214,62.201,41.4673,EPI_ISL_17716075,Avian,H5N1,2023.34,Europe,A/black-headed_gull/Austria/23060170-003/2023,G1
0,1,41.4462,18.2353,37.6471,64.7059,41.7647,44.705,20.6259,43.3855,80.3698,43.3855,48.0326,24.4565,48.913,81.5217,46.875,43.203,20.4937,43.3163,59.1523,47.0424,43.5491,20.2643,38.7665,63.4361,41.8502,44.2249,19.7715,41.3005,62.8295,39.5431,50.3968,33.1126,64.9007,70.1987,51.6556,45.4545,24.1692,52.8701,60.423,43.8066,EPI_ISL_17716077,Avian,H5N1,2023.34,Europe,A/black-headed_gull/Austria/23060170-008/2023,G1
0,-1,41.505,18.2353,37.0588,64.7059,41.7647,44.8472,19.2034,45.5192,83.2148,44.0967,47.7912,28.8011,46.8855,71.6678,38.1782,44.3203,24.6856,44.7136,60.0838,45.6451,43.461,19.3833,36.5639,62.1145,42.7313,44.4444,21.0896,41.7399,64.1476,39.1037,50.3968,33.1126,63.5762,72.8477,51.6556,46.5217,24.6734,47.8955,63.8607,52.2496,EPI_ISL_17716087,Avian,H5N1,2023.164,Europe,A/mute_swan/Austria/23026929-001/2023,G9
0,1,41.7989,19.4118,39.4118,66.4706,41.1765,44.9183,19.9147,46.2304,81.7923,43.3855,47.5553,24.8156,48.2897,80.4829,46.2777,43.2961,20.9595,44.2478,60.0838,46.5766,43.373,20.2643,38.7665,61.674,41.8502,44.0931,19.7715,41.3005,62.8295,39.5431,50.3968,33.1126,64.9007,70.1987,51.6556,45.4148,27.8184,54.1728,61.4934,46.8521,EPI_ISL_17716088,Avian,H5N1,2023.277,Europe,A/goshawk/Austria/23048718-001/2023,G1
0,1,41.7402,18.8235,38.8235,65.8824,41.1765,44.634,19.9147,44.808,83.2148,43.3855,47.6573,22.7729,48.2251,79.0355,46.8855,43.1564,20.0279,43.3163,59.6181,46.5766,43.5491,20.7048,39.6476,61.674,42.7313,44.2688,19.7715,41.7399,64.1476,38.225,50.2646,33.1126,64.9007,70.1987,51.6556,46.087,24.6734,56.6038,63.8607,37.7358,EPI_ISL_17716780,Avian,H5N1,2023.329,Europe,A/black-headed_gull/Denmark/03515-1.01/2023-05-01,G1
0,-1,41.6814,18.2353,38.2353,65.8824,41.7647,44.634,22.7596,44.0967,82.5036,42.6743,47.7242,28.8011,46.8855,76.3563,34.8292,44.2737,23.7541,43.782,60.5496,46.5766,43.1528,19.8238,39.207,61.2335,41.8502,44.5323,20.6503,42.6186,64.587,39.9824,50.5291,34.4371,64.9007,72.8477,52.9801,46.2319,20.3193,47.8955,68.2148,53.701,EPI_ISL_17716807,Avian,H5N1,2023.359,Europe,A/guinea_fowl/Czech_Republic/7531-4/2023,G2
0,-1,41.6814,18.2353,38.2353,65.8824,41.7647,44.7761,23.4708,44.808,82.5036,44.0967,47.7912,28.8011,46.8855,77.0261,34.8292,44.2737,23.7541,43.782,60.5496,46.5766,43.1528,19.8238,39.207,61.2335,41.8502,44.4884,20.6503,42.1793,64.587,39.9824,50.5291,34.4371,64.9007,72.8477,52.9801,46.2319,20.3193,47.8955,68.2148,53.701,EPI_ISL_17716808,Avian,H5N1,2023.359,Europe,A/guinea_fowl/Czech_Republic/7531-5/2023,G2
0,-1,41.6814,18.2353,38.2353,65.8824,41.7647,44.7761,23.4708,44.808,82.5036,44.0967,47.7242,28.8011,46.8855,76.3563,34.8292,44.2737,23.7541,43.782,60.5496,46.5766,43.1528,19.8238,39.207,61.2335,41.8502,44.5323,20.6503,42.6186,64.587,39.9824,50.5291,34.4371,64.9007,72.8477,52.9801,46.2319,20.3193,47.8955,68.2148,53.701,EPI_ISL_17716809,Avian,H5N1,2023.359,Europe,A/guinea_fowl/Czech_Republic/7531-2orig/2023,G2
0,1,41.6814,18.2353,38.8235,66.4706,41.1765,44.5629,20.6259,44.808,81.7923,42.6743,47.5904,23.4427,48.2251,79.7053,46.2157,43.1564,20.0279,43.782,58.2208,46.5766,43.373,20.2643,38.7665,61.2335,42.2907,44.3566,19.7715,41.7399,63.7083,39.9824,50.2646,33.1126,63.5762,70.1987,51.6556,45.6522,23.2221,56.6038,62.4093,39.1872,EPI_ISL_17716810,Avian,H5N1,2023.31,Europe,A/black-headed_gull/Czech_Republic/6577-1/2023,G1
0,1,41.6814,18.8235,38.8235,66.4706,41.7647,45.0604,21.3371,44.808,83.2148,43.3855,47.6573,22.7729,47.5553,81.0449,45.5459,43.1564,20.4937,43.782,59.1523,47.0424,43.2849,19.8238,38.7665,61.2335,41.8502,44.4005,19.7715,42.1793,64.1476,39.5431,50.5291,33.1126,64.9007,70.1987,52.9801,46.087,24.6734,56.6038,62.4093,39.1872,EPI_ISL_17716811,Avian,H5N1,2023.31,Europe,A/black-headed_gull/Czech_Republic/6577-2/2023,G1
0,1,41.6814,18.2353,40,65.8824,41.7647,44.7761,20.6259,44.808,81.7923,41.963,47.6573,23.4427,48.2251,79.0355,46.2157,43.0168,20.4937,43.782,59.1523,47.0424,43.373,19.3833,38.7665,62.1145,42.2907,44.3127,19.3322,42.1793,63.7083,39.5431,50.3968,33.1126,64.9007,70.1987,51.6556,46.087,24.6734,56.6038,62.4093,42.09,EPI_ISL_17716812,Avian,H5N1,2023.31,Europe,A/black-headed_gull/Czech_Republic/6577-3/2023,G1
0,1,41.5638,18.8235,38.8235,66.4706,41.1765,44.705,20.6259,45.5192,81.7923,42.6743,47.8581,24.1125,48.8948,81.7147,46.2157,43.1564,20.4937,44.7136,58.6865,47.0424,43.5051,19.8238,39.207,62.9956,42.2907,44.3566,19.7715,42.1793,63.2689,40.4218,50.5291,33.1126,64.9007,71.5232,51.6556,46.087,24.6734,58.0552,62.4093,40.6386,EPI_ISL_17716813,Avian,H5N1,2023.31,Europe,A/black-headed_gull/Czech_Republic/6577-4/2023,G1
0,1,41.6814,18.8235,38.2353,66.4706,41.7647,44.705,20.6259,44.808,81.7923,42.6743,47.6573,23.4427,48.2251,79.0355,46.2157,43.0168,20.0279,42.8505,59.1523,47.0424,43.2849,19.8238,38.326,61.674,41.8502,44.1809,19.7715,41.7399,62.8295,39.5431,50.3968,33.1126,64.9007,70.1987,51.6556,45.942,24.6734,56.6038,62.4093,39.1872,EPI_ISL_17716814,Avian,H5N1,2023.31,Europe,A/black-headed_gull/Czech_Republic/6633-1/2023,G1
0,1,41.5638,18.8235,38.8235,66.4706,41.1765,44.634,20.6259,44.0967,81.7923,42.6743,47.8581,24.1125,49.5646,81.0449,46.2157,43.2495,20.4937,44.7136,59.6181,47.0424,43.5051,20.2643,39.207,63.4361,42.2907,44.3566,20.2109,42.6186,62.8295,39.9824,50.3968,31.7881,63.5762,71.5232,51.6556,46.2319,26.1248,56.6038,63.8607,39.1872,EPI_ISL_17716815,Avian,H5N1,2023.31,Europe,A/black-headed_gull/Czech_Republic/6633-2/2023,G1
0,1,41.6226,18.2353,38.2353,66.4706,41.7647,45.2026,20.6259,45.5192,81.0811,44.0967,47.7242,22.7729,48.2251,79.7053,46.8855,43.3892,20.9595,43.782,61.0154,47.0424,43.373,19.3833,37.4449,61.674,42.2907,44.3127,20.2109,42.6186,62.8295,39.5431,50.3968,33.1126,64.9007,70.1987,51.6556,45.942,24.6734,56.6038,62.4093,39.1872,EPI_ISL_17716816,Avian,H5N1,2023.31,Europe,A/black-headed_gull/Czech_Republic/6634-1/2023,G1
0,1,41.6226,18.2353,38.8235,66.4706,41.7647,44.8472,20.6259,44.0967,82.5036,42.6743,47.7242,23.4427,48.2251,80.3751,46.2157,43.0633,20.4937,43.782,59.1523,46.5766,43.461,19.8238,39.207,61.674,41.8502,44.2249,19.7715,42.1793,62.8295,39.5431,50.3968,33.1126,64.9007,70.1987,51.6556,45.7971,23.2221,56.6038,62.4093,37.7358,EPI_ISL_17716817,Avian,H5N1,2023.334,Europe,A/black-headed_gull/Czech_Republic/6947-1/2023,G1
0,1,41.5094,18.9349,37.8698,65.6805,40.8284,44.9038,20.7439,44.3491,82.2604,43.6338,47.6573,23.4427,48.2251,80.3751,45.5459,43.1099,20.0279,43.782,58.6865,47.0424,43.4361,19.8413,38.3598,62.1693,42.328,44.3566,19.7715,42.1793,63.2689,39.9824,50.4636,33.2005,65.073,70.3851,51.7928,45.8636,24.7453,55.313,62.591,39.3013,EPI_ISL_17716818,Avian,H5N1,2023.334,Europe,A/black-headed_gull/Czech_Republic/6947-3/2023,G1
0,1,41.6226,18.8235,38.8235,66.4706,40.5882,44.8472,20.6259,44.808,81.7923,43.3855,47.6573,23.4427,48.2251,80.3751,46.2157,43.1099,20.4937,43.782,59.1523,47.0424,43.373,19.8238,38.7665,62.1145,41.8502,44.3127,20.6503,42.1793,62.8295,39.9824,50.2646,33.1126,64.9007,68.8742,51.6556,46.5217,26.1248,56.6038,62.4093,40.6386,EPI_ISL_17716819,Avian,H5N1,2023.334,Europe,A/black-headed_gull/Czech_Republic/6947-4/2023,G1
0,1,41.5638,18.2353,38.8235,67.0588,41.1765,44.9183,19.9147,44.808,81.7923,44.0967,47.8581,23.4427,49.5646,81.0449,46.2157,43.2495,20.4937,44.2478,60.0838,47.0424,43.461,20.2643,39.207,62.5551,42.2907,44.3566,20.2109,41.7399,63.2689,40.4218,50.5291,33.1126,64.9007,71.5232,51.6556,46.087,24.6734,56.6038,63.8607,39.1872,EPI_ISL_17716820,Avian,H5N1,2023.34,Europe,A/turkey/Czech_Republic/7123-1/2023,G1
0,1,41.5638,18.2353,38.8235,67.0588,41.1765,44.9183,19.9147,44.808,81.7923,44.0967,47.8581,23.4427,49.5646,81.0449,46.2157,43.203,20.4937,44.2478,59.1523,47.0424,43.461,20.2643,39.207,62.5551,42.2907,44.3566,20.2109,41.7399,63.2689,40.4218,50.5291,33.1126,64.9007,71.5232,51.6556,46.087,24.6734,56.6038,63.8607,39.1872,EPI_ISL_17716821,Avian,H5N1,2023.34,Europe,A/turkey/Czech_Republic/7123-2/2023,G1
0,1,41.505,18.2353,38.8235,67.0588,40,44.9183,19.9147,44.808,81.7923,44.0967,47.7912,22.7729,48.8948,81.0449,46.2157,43.203,20.4937,44.2478,59.1523,47.0424,43.461,20.2643,39.207,62.5551,42.2907,44.4005,20.2109,41.7399,63.2689,40.4218,50.5291,33.1126,64.9007,71.5232,51.6556,46.087,24.6734,56.6038,63.8607,39.1872,EPI_ISL_17716822,Avian,H5N1,2023.34,Europe,A/turkey/Czech_Republic/7124-1/2023,G1
0,1,41.5638,18.2353,38.8235,67.0588,40,44.9183,19.9147,44.808,81.7923,44.0967,47.7912,22.7729,48.8948,81.0449,46.2157,43.203,20.4937,44.2478,59.1523,47.0424,43.461,20.2643,39.207,62.5551,42.2907,44.3566,20.2109,41.7399,63.2689,40.4218,50.5291,33.1126,64.9007,71.5232,51.6556,46.087,24.6734,56.6038,63.8607,39.1872,EPI_ISL_17716823,Avian,H5N1,2023.34,Europe,A/turkey/Czech_Republic/7124-2/2023,G1
0,1,41.6226,18.2353,38.8235,66.4706,41.7647,44.8472,19.9147,44.808,82.5036,43.3855,47.7242,23.4427,48.2251,80.3751,46.2157,43.1099,20.4937,43.782,59.1523,47.0424,43.417,19.8238,38.7665,61.674,42.2907,44.2688,19.7715,42.1793,62.8295,39.5431,50.5291,33.1126,64.9007,71.5232,51.6556,46.3768,27.5762,58.0552,62.4093,40.6386,EPI_ISL_17716824,Avian,H5N1,2023.356,Europe,A/black-headed_gull/Czech_Republic/7334-4/2023,G1
0,1,41.6814,17.6471,39.4118,65.8824,41.7647,44.7761,20.6259,44.808,81.7923,42.6743,47.6573,23.4427,48.2251,79.0355,46.2157,43.1099,20.4937,43.782,59.1523,47.0424,43.461,19.8238,38.7665,62.5551,41.8502,44.2249,19.7715,41.3005,63.2689,39.5431,50.3968,33.1126,64.9007,70.1987,51.6556,45.942,24.6734,56.6038,62.4093,39.1872,EPI_ISL_17716825,Avian,H5N1,2023.356,Europe,A/black-headed_gull/Czech_Republic/7334-5/2023,G1
0,1,41.6226,19.4118,38.8235,66.4706,41.1765,44.705,20.6259,44.808,81.7923,42.6743,47.7912,23.4427,48.8948,81.0449,46.2157,43.203,20.4937,44.7136,58.6865,47.0424,43.461,19.8238,39.207,62.5551,42.2907,44.3127,19.7715,41.7399,62.3902,40.4218,50.3968,33.1126,64.9007,71.5232,51.6556,45.942,24.6734,56.6038,62.4093,39.1872,EPI_ISL_17716826,Avian,H5N1,2023.367,Europe,A/peregrine_falcon/Czech_Republic/7459-1/2023,G1
0,1,41.6226,19.4118,39.4118,66.4706,41.1765,44.705,20.6259,44.808,81.7923,42.6743,47.7242,23.4427,48.8948,81.0449,45.5459,43.203,20.4937,44.7136,58.6865,47.0424,43.417,19.8238,39.207,62.5551,42.2907,44.2688,19.3322,41.7399,62.3902,39.9824,50.3968,33.1126,64.9007,71.5232,51.6556,45.942,24.6734,56.6038,62.4093,39.1872,EPI_ISL_17716827,Avian,H5N1,2023.367,Europe,A/peregrine_falcon/Czech_Republic/7459-2/2023,G1
0,1,41.6226,19.4118,38.8235,66.4706,41.1765,44.705,20.6259,44.808,81.7923,42.6743,47.7912,23.4427,48.8948,81.0449,46.2157,43.203,20.4937,44.7136,58.6865,47.0424,43.417,19.8238,39.207,62.5551,42.2907,44.3127,19.7715,41.7399,62.3902,40.4218,50.3968,33.1126,64.9007,71.5232,51.6556,45.942,24.6734,56.6038,62.4093,39.1872,EPI_ISL_17716828,Avian,H5N1,2023.367,Europe,A/peregrine_falcon/Czech_Republic/7459-3/2023,G1
0,-1,41.6814,18.2353,38.2353,65.8824,41.7647,44.634,22.7596,44.0967,82.5036,42.6743,47.7242,28.8011,46.8855,76.3563,34.8292,44.2737,23.7541,43.782,60.5496,46.5766,43.1528,19.8238,39.207,61.2335,41.8502,44.5323,20.6503,42.1793,64.587,39.9824,50.5291,34.4371,64.9007,72.8477,52.9801,46.2319,20.3193,47.8955,68.2148,53.701,EPI_ISL_17716829,Avian,H5N1,2023.359,Europe,A/chicken/Czech_Republic/7531-1/2023,G2
0,-1,41.6814,18.2353,38.2353,65.8824,41.7647,44.634,22.7596,44.0967,82.5036,42.6743,47.7242,28.8011,46.8855,76.3563,34.8292,44.1904,22.9293,43.9869,60.8329,46.3266,43.1528,19.8238,39.207,61.2335,41.8502,44.4884,20.6503,42.1793,64.587,39.9824,50.5291,34.4371,64.9007,72.8477,52.9801,46.2319,20.3193,47.8955,68.2148,53.701,EPI_ISL_17716830,Avian,H5N1,2023.359,Europe,A/chicken/Czech_Republic/7531-2/2023,G2
0,-1,41.6814,18.2353,38.2353,65.8824,41.7647,44.634,22.7596,44.0967,82.5036,42.6743,47.7242,28.8011,46.8855,76.3563,34.8292,44.2737,23.7541,43.782,60.5496,46.5766,43.1528,19.8238,39.207,61.2335,41.8502,44.4884,20.6503,42.1793,64.587,39.9824,50.5291,34.4371,64.9007,72.8477,52.9801,46.2319,20.3193,47.8955,68.2148,53.701,EPI_ISL_17716831,Avian,H5N1,2023.359,Europe,A/chicken/Czech_Republic/7531-3/2023,G2
0,-1,41.6814,18.2353,38.2353,65.8824,41.7647,44.634,22.7596,44.0967,82.5036,42.6743,47.7242,28.8011,46.8855,76.3563,34.8292,44.2737,23.7541,43.782,60.5496,46.5766,43.1528,19.8238,39.207,61.2335,41.8502,44.5323,20.6503,42.1793,64.587,39.9824,50.5291,34.4371,64.9007,72.8477,52.9801,46.2319,20.3193,47.8955,68.2148,53.701,EPI_ISL_17716832,Avian,H5N1,2023.359,Europe,A/chicken/Czech_Republic/7531-1orig/2023,G2
0,1,41.7402,18.2353,40,65.8824,41.7647,44.7761,20.6259,44.808,81.7923,41.963,47.6573,23.4427,48.2251,79.0355,46.2157,43.0168,20.4937,43.782,59.1523,47.0424,43.417,19.8238,39.207,62.1145,42.2907,44.3127,19.3322,42.1793,63.7083,39.5431,50.3968,33.1126,64.9007,70.1987,51.6556,45.942,24.6734,56.6038,62.4093,39.1872,EPI_ISL_17732338,Avian,H5N1,2023.373,Europe,A/peregrine_falcon/Czech_Republic/7735-1/2023,G1
0,1,41.7402,18.2353,40,65.8824,41.7647,44.7761,20.6259,44.808,81.7923,41.963,47.6573,23.4427,48.2251,79.0355,46.2157,43.0168,20.4937,43.782,59.1523,47.0424,43.373,19.3833,38.7665,62.1145,42.2907,44.3566,19.3322,42.6186,63.7083,39.5431,50.3968,33.1126,64.9007,70.1987,51.6556,45.942,24.6734,56.6038,62.4093,39.1872,EPI_ISL_17732339,Avian,H5N1,2023.373,Europe,A/peregrine_falcon/Czech_Republic/7735-2/2023,G1
0,1,41.7402,18.2353,40,65.8824,41.7647,44.7761,20.6259,44.808,81.7923,41.963,47.6573,23.4427,48.2251,79.0355,46.2157,43.0168,20.4937,43.782,59.1523,47.0424,43.3921,19.4004,38.8007,62.1693,42.328,44.3127,19.3322,42.1793,63.7083,39.5431,50.3968,33.1126,64.9007,70.1987,51.6556,45.942,24.6734,56.6038,62.4093,39.1872,EPI_ISL_17732340,Avian,H5N1,2023.373,Europe,A/peregrine_falcon/Czech_Republic/7735-2_chymus/2023,G1
2,1,41.7989,19.4118,38.2353,66.4706,41.1765,44.3038,20.1192,43.9642,81.9672,42.4739,47.6573,23.4427,47.5553,80.3751,46.2157,43.203,20.4937,44.2478,59.1523,47.0424,43.3304,19.4518,38.4615,61.45,42.4403,44.2637,19.8063,41.8134,62.9401,39.6127,50.1323,33.1126,63.5762,70.1987,51.6556,46.087,24.6734,56.6038,63.8607,39.1872,EPI_ISL_17736649,Human,H5N1,2023.342,Europe,A/England/231990002/2023,G1
1,-1,42.0929,19.4118,38.8235,65.8824,41.1765,44.4918,19.9147,44.808,81.7923,43.3855,48.0589,28.8011,48.2251,77.6959,36.8386,44.5531,27.4802,49.837,58.2208,47.0424,43.417,19.8238,38.7665,59.9119,43.1718,44.9715,20.6503,43.058,69.8594,40.8612,50.7937,34.4371,63.5762,71.5232,52.9801,46.8116,24.6734,47.8955,63.8607,53.701,EPI_ISL_17766057,Mammal,H5N1,2023.277,Asia,A/Ezo_red_fox/Hokkaido/2/2023,
0,-1,41.505,17.6471,37.6471,63.5294,41.1765,44.3497,18.4922,45.5192,79.6586,41.963,47.4565,25.4521,46.2157,75.0167,34.1594,44.2737,22.8225,44.2478,61.9469,46.5766,43.417,19.3833,37.8855,60.793,44.0529,44.5323,19.3322,42.1793,65.4657,41.7399,50.9259,35.7616,64.9007,74.1722,54.3046,46.8116,24.6734,46.4441,66.7634,53.701,EPI_ISL_17774061,Avian,H5N1,2023.2,Europe,A/Buteo_buteo/Belgium/02423_0003/2023,G2
0,1,41.7989,18.8235,39.4118,66.4706,41.7647,44.7761,19.9147,44.808,81.0811,43.3855,47.7242,23.4427,48.2251,80.3751,46.2157,43.2495,20.4937,43.3163,59.1523,47.0424,43.417,19.8238,38.7665,62.1145,41.8502,44.2688,19.3322,41.7399,62.8295,39.9824,50.3968,33.1126,64.9007,70.1987,51.6556,45.8636,24.7453,56.7686,61.1354,39.3013,EPI_ISL_17774062,Avian,H5N1,2023.2,Europe,A/Falco_peregrinus/Belgium/02423_0004/2023,G1
0,-1,41.6814,15.8824,37.6471,64.7059,41.7647,44.1365,17.7809,45.5192,78.9474,43.3855,47.7242,26.1219,46.8855,76.3563,34.8292,44.46,24.2198,45.1793,63.3442,46.5766,43.2849,18.9427,37.4449,60.793,43.1718,44.4884,18.4534,42.6186,63.7083,41.3005,51.0582,35.7616,64.9007,74.1722,52.9801,46.5217,23.2221,44.9927,66.7634,52.2496,EPI_ISL_17774063,Avian,H5N1,2023.282,Europe,A/Gallus_gallus/Belgium/03329_0001/2023,
1,1,41.7402,18.8235,38.8235,66.4706,41.7647,44.7761,19.9147,44.808,81.7923,43.3855,47.6573,23.4427,48.2251,80.3751,45.5459,43.203,20.4937,43.782,59.1523,47.0424,43.461,19.8238,38.7665,62.1145,41.8502,44.3566,19.7715,42.1793,63.2689,39.5431,50.3968,33.1126,64.9007,70.1987,51.6556,45.6522,24.6734,55.1524,62.4093,39.1872,EPI_ISL_17774224,Mammal,H5N1,2023.282,Europe,A/Vulpes_Vulpes/Belgium/03703_0001/2023,G1
1,1,41.7402,19.4118,37.6471,65.8824,41.1765,44.634,19.9147,44.808,82.5036,44.0967,47.7242,22.7729,48.2251,80.3751,46.8855,43.3426,20.4937,43.782,59.6181,47.5082,43.5491,20.7048,39.6476,61.2335,41.8502,44.0931,19.3322,42.1793,63.2689,38.225,50.1323,33.1126,63.5762,70.1987,51.6556,45.6522,24.6734,53.701,63.8607,34.8331,EPI_ISL_17774308,Mammal,H5N1,2023.282,Europe,A/Vulpes_Vulpes/Belgium/03703_0003/2023,G1
1,1,41.6814,18.8235,38.8235,66.4706,41.7647,44.9183,20.6259,44.808,81.7923,44.0967,47.6573,23.4427,48.2251,79.7053,46.2157,43.2495,20.9595,43.782,59.1523,47.0424,43.5051,19.8238,39.207,62.5551,41.8502,44.1809,19.3322,41.7399,62.8295,39.5431,50.3968,33.1126,64.9007,70.1987,51.6556,45.942,24.6734,56.6038,62.4093,39.1872,EPI_ISL_17774357,Mammal,H5N1,2023.282,Europe,A/Vulpes_Vulpes/Belgium/03703_0007/2023,G1
1,1,41.7402,18.8235,38.8235,66.4706,41.7647,44.7761,19.9147,44.808,81.7923,43.3855,47.6573,23.4427,48.2251,80.3751,45.5459,43.203,20.4937,43.782,59.1523,47.0424,43.461,19.8238,38.7665,62.1145,41.8502,44.3566,19.7715,42.1793,63.2689,39.5431,50.3968,33.1126,64.9007,70.1987,51.6556,45.5072,24.6734,55.1524,60.9579,39.1872,EPI_ISL_17774358,Mammal,H5N1,2023.282,Europe,A/Vulpes_Vulpes/Belgium/03704_0001/2023,G1
1,1,41.6814,18.8235,38.8235,66.4706,41.1765,44.8472,20.6259,44.808,81.7923,43.3855,47.7242,23.4427,48.2251,80.3751,45.5459,43.1564,20.4937,43.3163,59.1523,47.0424,43.5051,20.2643,38.7665,62.5551,41.8502,44.3127,19.7715,41.7399,63.2689,39.5431,50.3968,33.1126,64.9007,70.1987,51.6556,45.942,24.6734,56.6038,62.4093,39.1872,EPI_ISL_17774570,Mammal,H5N1,2023.31,Europe,A/Vulpes_Vulpes/Belgium/04016_0001/2023,G1
1,-1,41.8577,18.2353,38.8235,65.2941,41.7647,44.7761,19.9147,44.808,82.5036,44.0967,47.4565,26.7917,46.8855,75.6865,34.8292,44.1341,24.6856,42.8505,60.5496,45.6451,43.2849,20.2643,38.7665,62.1145,41.4097,44.7079,19.7715,44.3761,65.4657,39.5431,50.3968,34.4371,63.5762,72.8477,50.3311,47.1014,26.1248,49.3469,69.6662,55.1524,EPI_ISL_17774571,Mammal,H5N1,2023.31,Europe,A/Vulpes_Vulpes/Belgium/04018_0005/2023,
0,-1,41.7989,18.2353,37.0588,66.4706,39.4118,44.0654,17.7809,44.0967,82.5036,42.6743,47.7912,26.7917,48.2251,74.347,40.8573,43.9013,24.2198,46.1109,58.2208,45.6451,43.3289,19.3833,41.8502,60.793,38.7665,45.4545,24.1652,43.4974,70.7381,42.1793,50.6614,33.1126,60.9272,70.1987,51.6556,47.8261,27.5762,49.3469,62.4093,43.5414,EPI_ISL_17777525,Avian,H5N1,2023.252,SouthAmerica,A/peruvian_booby/Peru/LIM-INS-004/2023,G3
0,-1,41.8577,18.8235,37.6471,64.7059,40,44.2786,17.7809,44.808,82.5036,42.6743,47.5904,26.1219,46.8855,74.347,39.5177,44.4134,25.6171,47.5082,57.755,46.5766,43.2409,18.0617,41.4097,60.793,38.7665,45.6741,25.0439,44.3761,71.6169,41.7399,50.7937,33.1126,62.2517,70.1987,51.6556,47.971,27.5762,49.3469,63.8607,46.4441,EPI_ISL_17777527,Avian,H5N1,2023.203,SouthAmerica,A/gull/Peru/LIM-INS-006/2023,G3
0,-1,41.6814,18.2353,37.0588,64.1176,40,44.0654,17.7809,44.808,81.7923,42.6743,47.6573,26.7917,47.5553,74.347,39.5177,43.9479,24.2198,46.1109,58.6865,45.6451,43.417,18.9427,42.7313,60.3524,38.7665,45.5863,24.6046,43.9367,71.1775,42.1793,50.9259,33.1126,62.2517,70.1987,51.6556,47.8261,27.5762,49.3469,62.4093,44.9927,EPI_ISL_17777528,Avian,H5N1,2023.205,SouthAmerica,A/peruvian_booby/Peru/CAL-INS-007/2023,G3
0,-1,41.5638,18.8235,36.4706,64.7059,39.4118,44.1365,17.7809,44.808,82.5036,42.6743,47.6573,26.7917,47.5553,74.347,39.5177,43.9013,24.2198,46.1109,58.2208,45.1793,43.373,19.3833,41.8502,60.3524,39.207,45.6302,24.6046,43.9367,72.0562,42.1793,50.9259,33.1126,62.2517,70.1987,51.6556,47.8261,27.5762,47.8955,62.4093,44.9927,EPI_ISL_17777529,Avian,H5N1,2023.205,SouthAmerica,A/peruvian_booby/Peru/CAL-INS-008/2023,G3
0,-1,41.8577,18.8235,37.6471,64.7059,40,44.2075,17.0697,44.808,82.5036,42.6743,47.6573,26.1219,46.8855,74.347,40.1875,44.3203,25.1514,47.5082,57.755,46.5766,43.2409,18.0617,41.8502,59.9119,40.0881,45.7181,25.0439,44.3761,72.4956,41.7399,50.6614,33.1126,62.2517,70.1987,50.3311,47.971,27.5762,49.3469,60.9579,47.8955,EPI_ISL_17777530,Avian,H5N1,2023.205,SouthAmerica,A/guanay_cormorant/Peru/CAL-INS-009/2023,G3
1,-1,41.8235,18.8457,37.1025,63.6042,40.0471,44.1365,17.7809,44.808,82.5036,42.6743,47.5234,26.7917,46.2157,73.6772,39.5177,44.1806,25.1514,46.5766,58.6865,46.5766,43.3289,18.5022,42.7313,60.3524,39.6476,45.6302,25.0439,44.3761,72.4956,42.1793,51.0582,33.1126,62.2517,70.1987,52.9801,47.971,26.1248,50.7983,63.8607,44.9927,EPI_ISL_17777532,Mammal,H5N1,2023.178,SouthAmerica,A/sea_lion/Peru/TAC-INS-011/2023,G3
0,1,41.505,17.6471,38.8235,65.8824,41.1765,44.5629,20.6259,44.808,81.7923,42.6743,47.7562,23.4742,48.2897,81.1536,45.607,43.0368,20.0466,44.289,58.2751,47.0862,43.2599,20.2822,38.8007,60.8466,41.8871,44.2832,19.8151,41.8318,62.5275,40.0705,50.2646,33.1126,63.5762,70.1987,51.6556,45.7971,23.2221,56.6038,62.4093,40.6386,EPI_ISL_17780474,Avian,H5N1,2023.378,Europe,A/Black-headed_Gull/Netherlands/60/2023,G1
0,1,41.7989,18.2353,38.8235,66.4706,41.1765,44.634,20.6259,45.5192,81.0811,42.6743,47.5234,22.7729,48.2251,80.3751,45.5459,43.1966,20.532,43.8637,57.3962,47.1302,43.4802,20.2822,38.8007,62.1693,42.328,44.2832,19.8151,41.3915,62.5275,40.0705,50.1323,31.7881,63.5762,70.1987,51.6556,45.942,23.2221,56.6038,62.4093,40.6386,EPI_ISL_17780475,Avian,H5N1,2023.378,Europe,A/Black-headed_Gull/Netherlands/61/2023,G1
0,1,41.7989,18.2353,38.8235,66.4706,41.1765,44.634,20.6259,45.5192,81.0811,42.6743,47.5904,22.7729,48.2251,80.3751,46.2157,43.1235,20.5511,43.4376,56.9827,47.1742,43.4802,20.2822,38.8007,62.1693,42.328,44.3077,19.8063,41.3732,62.9401,40.0528,50.1323,31.7881,63.5762,70.1987,51.6556,45.942,23.2221,56.6038,62.4093,40.6386,EPI_ISL_17780476,Avian,H5N1,2023.378,Europe,A/Black-headed_Gull/Netherlands/62/2023,G1
0,1,41.6814,18.2353,38.8235,66.4706,41.1765,44.634,20.6259,44.808,81.7923,42.6743,47.7562,23.4742,48.2897,81.8243,45.607,43.1966,20.0653,43.8637,58.7961,47.1302,43.4802,20.2822,38.8007,61.7284,43.2099,44.1953,20.2554,41.8318,61.6469,39.6301,50.1323,33.1126,63.5762,70.1987,51.6556,46.087,24.6734,56.6038,63.8607,39.1872,EPI_ISL_17780477,Avian,H5N1,2023.378,Europe,A/Black-headed_Gull/Netherlands/63/2023,G1
0,1,41.5638,18.8235,38.8235,66.4706,40.5882,44.4208,19.9147,44.0967,81.0811,42.6743,47.925,24.7823,48.8948,82.3845,46.2157,43.1702,20.5511,43.4376,57.9169,46.7071,43.348,19.8413,39.2416,61.2875,42.328,44.3077,19.3662,41.3732,62.9401,40.0528,50.1323,33.1126,63.5762,68.8742,51.6556,45.6522,23.2221,56.6038,62.4093,39.1872,EPI_ISL_17780478,Avian,H5N1,2023.378,Europe,A/Black-headed_Gull/Netherlands/64/2023,G1
0,1,41.505,17.6471,38.8235,65.8824,41.1765,44.634,20.6259,44.808,81.7923,42.6743,47.6573,22.7729,48.2251,80.3751,45.5459,43.1034,20.0653,44.3304,58.3294,47.1302,43.348,20.2822,38.8007,61.2875,41.8871,44.2637,19.8063,41.8134,62.5,40.0528,50.2646,33.1126,63.5762,70.1987,51.6556,45.7971,23.2221,56.6038,62.4093,40.6386,EPI_ISL_17780479,Avian,H5N1,2023.378,Europe,A/Black-headed_Gull/Netherlands/65/2023,G1
0,1,41.6814,19.4118,38.8235,66.4706,41.1765,44.4918,19.2034,44.808,81.7923,42.6743,47.7912,23.4427,48.2251,80.3751,46.2157,43.1966,20.9986,44.3304,58.3294,47.5968,43.304,20.2822,38.8007,61.2875,41.8871,44.2198,19.8063,41.8134,62.0599,39.6127,50.2646,33.1126,64.9007,70.1987,52.9801,45.7971,23.2221,55.1524,63.8607,37.7358,EPI_ISL_17780480,Avian,H5N1,2023.378,Europe,A/Eurasian_Oystercatcher/Netherlands/2/2023,G1
0,1,41.505,17.6471,38.8235,65.8824,41.1765,44.705,20.6259,44.808,81.7923,42.6743,47.7242,23.4427,48.2251,80.3751,46.2157,43.15,20.532,44.3304,58.7961,47.1302,43.3671,20.3001,38.835,60.9003,41.9241,44.3516,19.8063,41.8134,62.9401,40.0528,50.2646,33.1126,63.5762,70.1987,51.6556,45.6522,23.2221,56.6038,62.4093,39.1872,EPI_ISL_17780481,Avian,H5N1,2023.378,Europe,A/Black-headed_Gull/Netherlands/66/2023,G1
0,1,41.505,17.6471,38.8235,66.4706,41.1765,44.634,20.6259,44.808,81.7923,42.6743,47.7562,23.4742,48.2897,80.4829,46.2777,43.1034,20.0653,43.8637,58.3294,47.1302,43.2599,19.8413,38.8007,60.8466,41.8871,44.3712,19.8151,41.8318,62.5275,40.0705,50.2646,33.1126,63.5762,70.1987,51.6556,45.7971,23.2221,56.6038,62.4093,39.1872,EPI_ISL_17780482,Avian,H5N1,2023.378,Europe,A/Lesser_black-backed_Gull/Netherlands/2/2023,G1
0,1,41.505,17.6471,38.8235,65.8824,41.1765,44.634,20.6259,44.808,81.7923,42.6743,47.6892,23.4742,48.2897,80.4829,45.607,43.1034,20.0653,44.3304,58.3294,47.1302,43.323,20.3001,38.835,60.9003,41.9241,44.2832,19.8151,41.8318,62.5275,40.0705,50.2646,33.1126,63.5762,70.1987,51.6556,45.7971,23.2221,56.6038,62.4093,40.6386,EPI_ISL_17780483,Avian,H5N1,2023.378,Europe,A/Common_Tern/Netherlands/1/2023,G1
0,1,41.6226,18.8235,39.4118,66.4706,41.1765,44.5629,20.6259,44.808,81.7923,42.6743,47.6573,23.4427,48.2251,80.3751,45.5459,43.15,20.532,44.3304,58.7961,47.1302,43.304,20.2822,38.8007,61.2875,41.8871,44.0193,18.9344,40.9511,61.6469,39.6301,50.2646,33.1126,63.5762,71.5232,51.6556,45.942,24.6734,56.6038,63.8607,39.1872,EPI_ISL_17780484,Avian,H5N1,2023.373,Europe,A/Sandwich_Tern/Netherlands/1/2023,G1
0,1,41.5638,17.6471,38.8235,66.4706,41.1765,44.4918,20.6259,44.0967,81.0811,42.6743,47.5553,23.4742,48.2897,79.8122,45.607,43.1966,20.532,44.3304,58.3294,47.1302,43.348,20.2822,38.8007,60.8466,41.8871,44.3516,19.3662,41.8134,62.9401,40.9331,50,33.1126,63.5762,68.8742,50.3311,45.942,24.6734,58.0552,62.4093,39.1872,EPI_ISL_17780485,Avian,H5N1,2023.34,Europe,A/Black-headed_Gull/Netherlands/67/2023,G1
0,1,41.6814,18.8235,38.8235,66.4706,41.1765,44.4918,20.6259,44.0967,81.0811,42.6743,47.6222,23.4742,48.2897,80.4829,45.607,43.1299,20.5128,44.289,58.2751,47.0862,43.4361,20.7231,38.8007,61.2875,41.8871,44.3272,19.3747,41.3915,62.9679,40.0705,50.1323,33.1126,63.5762,68.8742,51.6556,45.5072,23.2221,56.6038,62.4093,39.1872,EPI_ISL_17780487,Avian,H5N1,2023.34,Europe,A/Black-headed_Gull/Netherlands/69/2023,G1
0,1,41.7989,18.8235,38.8235,67.6471,41.1765,44.4918,19.9147,44.0967,81.0811,42.6743,47.6222,22.8035,48.2897,80.4829,45.607,43.1765,20.979,44.289,58.2751,48.0186,43.3921,20.2822,39.2416,61.2875,41.8871,44.1319,19.8063,41.8134,61.6197,38.7324,50,33.1126,63.5762,70.1987,51.6556,46.2319,24.6734,56.6038,65.312,39.1872,EPI_ISL_17780488,Avian,H5N1,2023.34,Europe,A/Black-headed_Gull/Netherlands/70/2023,G1
0,1,41.5638,17.6471,38.8235,66.4706,41.1765,44.634,20.6259,44.808,81.7923,42.6743,47.7242,23.4427,48.2251,80.3751,46.8855,43.203,20.0279,44.2478,59.1523,47.0424,43.2849,19.8238,38.7665,60.793,41.8502,44.4005,19.7715,41.7399,63.7083,39.9824,50.2646,33.1126,63.5762,70.1987,51.6556,45.7971,23.2221,56.6038,62.4093,39.1872,EPI_ISL_17791391,Avian,H5N1,2023.348,Europe,A/Black-headed_Gull/Netherlands/23007954-002/2023,G1
0,1,41.6226,18.8235,38.8235,66.4706,40.5882,44.4918,20.6259,44.0967,81.0811,42.6743,47.7912,24.7823,48.8948,81.0449,46.2157,43.1099,20.4937,43.782,58.6865,46.1109,43.3289,19.8238,38.7665,61.2335,41.8502,44.3566,19.3322,41.3005,63.7083,39.9824,50.1323,33.1126,63.5762,68.8742,51.6556,45.6522,23.2221,56.6038,62.4093,39.1872,EPI_ISL_17791392,Avian,H5N1,2023.329,Europe,A/Black-headed_Gull/Netherlands/23007590-002/2023,G1
0,-1,41.6226,17.6471,37.6471,64.1176,41.1765,44.2075,17.7809,45.5192,78.2361,42.6743,47.5904,26.7917,45.5459,75.6865,34.8292,44.2737,23.2883,44.2478,61.9469,47.9739,43.1968,19.8238,37.4449,60.3524,43.6123,44.4444,20.2109,41.7399,64.587,39.5431,50.9259,35.7616,64.9007,74.1722,52.9801,46.6667,24.6734,46.4441,63.8607,53.701,EPI_ISL_17791546,Avian,H5N1,2023.373,Europe,A/domestic_duck/England/068441/2023,G2
0,-1,41.6814,17.6471,37.6471,65.2941,41.1765,44.1679,17.7936,44.8399,77.5801,42.7046,47.5904,26.7917,45.5459,75.6865,34.8292,44.2272,23.2883,44.2478,61.9469,47.0424,43.1088,19.8238,37.4449,59.4714,43.6123,44.4884,20.2109,41.7399,64.587,39.5431,50.9259,35.7616,64.9007,74.1722,52.9801,46.6667,24.6734,46.4441,65.312,53.701,EPI_ISL_17791547,Avian,H5N1,2023.373,Europe,A/domestic_duck/England/069591/2023,G2
0,-1,41.6814,17.6471,37.6471,65.2941,41.1765,44.239,17.8063,44.8718,77.6353,42.735,47.5904,26.7917,45.5459,75.6865,34.8292,44.2272,23.2883,44.2478,61.9469,47.0424,43.1537,19.9115,37.6106,59.7345,43.3628,44.4884,20.2109,41.7399,64.587,39.5431,50.8609,35.8566,65.073,74.3692,53.1208,46.6472,24.8538,46.7836,64.3275,54.0936,EPI_ISL_17791548,Avian,H5N1,2023.373,Europe,A/domestic_duck/England/069592/2023,G2
0,-1,41.6226,17.6471,37.6471,64.1176,41.1765,44.2075,17.7809,45.5192,78.2361,42.6743,47.5904,26.7917,45.5459,75.6865,34.8292,44.2737,23.2883,44.2478,61.9469,47.9739,43.1968,19.8238,37.4449,60.3524,43.6123,44.4444,20.2109,41.7399,64.587,39.5431,50.9259,35.7616,64.9007,74.1722,52.9801,46.5217,24.6734,46.4441,62.4093,53.701,EPI_ISL_17791549,Avian,H5N1,2023.373,Europe,A/domestic_duck/England/069601/2023,G2
0,-1,41.7402,17.6471,37.6471,65.2941,41.1765,44.2075,17.7809,45.5192,78.2361,42.6743,47.5234,26.1219,45.5459,75.6865,34.8292,44.2737,23.2883,44.2478,61.9469,47.9739,43.1528,19.8238,37.4449,60.3524,43.1718,44.4444,20.2109,41.7399,64.587,39.5431,50.9259,35.7616,64.9007,74.1722,52.9801,46.8116,24.6734,47.8955,65.312,53.701,EPI_ISL_17791550,Avian,H5N1,2023.373,Europe,A/domestic_duck/England/069603/2023,G2
0,-1,41.6814,17.6471,37.6471,65.2941,41.1765,44.1365,17.7809,44.808,77.5249,42.6743,47.5904,26.7917,45.5459,75.6865,34.8292,44.2272,23.2883,44.2478,61.9469,47.0424,43.1528,19.8238,37.4449,59.9119,43.6123,44.4884,20.2109,41.7399,64.587,39.5431,50.9259,35.7616,64.9007,74.1722,52.9801,46.6667,24.6734,46.4441,65.312,53.701,EPI_ISL_17791551,Avian,H5N1,2023.373,Europe,A/domestic_duck/England/069604/2023,G2
0,1,41.6226,18.8235,38.8235,64.7059,41.7647,44.4208,19.2034,43.3855,81.7923,44.0967,47.7912,22.7729,48.2251,80.3751,47.5553,43.4358,20.4937,43.782,60.5496,47.0424,43.373,20.2643,39.207,61.2335,40.9692,44.1809,19.7715,41.7399,64.1476,38.6643,50.2646,33.1126,64.9007,70.1987,51.6556,45.942,24.6734,56.6038,63.8607,37.7358,EPI_ISL_17791552,Avian,H5N1,2023.389,Europe,A/chicken/England/070359/2023,G1
0,1,41.6814,18.2353,38.2353,65.8824,41.7647,44.239,19.943,44.1595,81.1966,42.735,47.6573,22.7729,47.5553,80.3751,46.8855,43.2495,20.4937,43.3163,60.5496,46.5766,43.417,20.2643,39.207,61.2335,40.9692,44.0879,19.8063,41.8134,62.5,38.7324,50.3968,33.1126,64.9007,70.1987,51.6556,45.7971,24.6734,56.6038,62.4093,37.7358,EPI_ISL_17821042,Avian,H5N1,2023.386,Europe,A/Black-headed_Gull/Netherlands/71/2023,G1
0,1,41.8577,20,39.4118,66.4706,41.1765,44.808,20.6553,44.8718,82.6211,43.4473,47.5234,23.4427,46.8855,79.7053,45.5459,43.2495,20.4937,44.2478,58.6865,47.5082,43.304,20.2822,38.3598,60.8466,41.8871,44.2637,19.8063,42.2535,62.0599,39.6127,50.1323,33.1126,63.5762,70.1987,51.6556,45.7971,24.6734,55.1524,60.9579,39.1872,EPI_ISL_17821057,Avian,H5N1,2023.386,Europe,A/Black-headed_Gull/Netherlands/72/2023,G1
0,1,41.8577,20,39.4118,66.4706,41.1765,44.6657,20.6553,44.8718,81.9088,42.735,47.8581,23.4427,48.2251,80.3751,46.8855,43.2495,20.9595,44.7136,58.6865,47.5082,43.3289,20.2643,38.7665,61.674,41.8502,44.1758,19.8063,41.8134,62.0599,39.6127,50.2646,33.1126,64.9007,70.1987,52.9801,45.942,24.6734,56.6038,60.9579,39.1872,EPI_ISL_17821059,Avian,H5N1,2023.403,Europe,A/Black-headed_Gull/Netherlands/74/2023,G1
0,1,41.8577,19.4118,39.4118,66.4706,41.1765,44.5946,20.6553,44.8718,81.9088,42.0228,47.6573,23.4427,48.2251,80.3751,46.2157,43.203,20.4937,44.7136,58.6865,48.4397,43.373,20.2643,38.7665,62.1145,41.8502,44.1564,19.7889,41.7766,62.0053,39.5778,50,31.7881,62.2517,70.1987,51.6556,45.942,24.6734,55.1524,62.4093,39.1872,EPI_ISL_17821061,Avian,H5N1,2023.416,Europe,A/Black-headed_Gull/Netherlands/76/2023,G1
0,1,41.6814,19.4118,38.2353,66.4706,41.1765,44.4523,19.2308,44.1595,81.9088,42.735,47.6573,23.4427,48.2251,79.7053,46.2157,43.2495,20.9595,44.7136,58.6865,47.5082,43.3921,20.2822,38.8007,61.2875,42.328,44.2637,19.8063,41.8134,62.5,39.6127,50.2646,33.1126,64.9007,70.1987,52.9801,45.7971,24.6734,55.1524,62.4093,37.7358,EPI_ISL_17821063,Avian,H5N1,2023.414,Europe,A/Black-headed_Gull/Netherlands/78/2023,G1
0,1,41.6814,18.8235,38.8235,66.4706,41.1765,44.7368,21.3675,44.8718,81.9088,43.4473,47.7912,24.1125,48.2251,80.3751,46.2157,43.203,20.4937,44.2478,58.6865,47.0424,43.2159,20.2822,38.3598,60.8466,41.4462,44.2443,19.3492,41.7766,62.445,39.5778,50.2646,33.1126,63.5762,71.5232,51.6556,46.2319,24.6734,58.0552,65.312,39.1872,EPI_ISL_17821064,Avian,H5N1,2023.392,Europe,A/Black-headed_Gull/Netherlands/79/2023,G1
0,1,41.6814,19.4118,38.8235,66.4706,41.1765,44.6657,20.6553,44.8718,81.1966,42.735,47.8581,24.1125,48.8948,81.0449,46.8855,43.1564,20.4937,44.7136,58.2208,47.5082,43.417,20.2643,38.7665,61.674,41.8502,44.2198,19.8063,41.3732,62.5,39.6127,50.1323,33.1126,63.5762,70.1987,51.6556,45.942,24.6734,56.6038,62.4093,39.1872,EPI_ISL_17821065,Avian,H5N1,2023.392,Europe,A/Black-headed_Gull/Netherlands/80/2023,G1
0,1,41.7402,18.8235,38.8235,65.8824,40.5882,44.808,19.943,44.8718,82.6211,44.1595,47.7242,22.7729,48.2251,80.3751,46.8855,43.1564,20.4937,43.3163,59.1523,47.0424,43.2409,20.2643,38.7665,61.674,40.9692,44.1319,19.8063,42.2535,62.5,38.7324,50.1323,31.7881,64.9007,70.1987,51.6556,45.942,24.6734,56.6038,63.8607,37.7358,EPI_ISL_17821066,Avian,H5N1,2023.416,Europe,A/Caspian_gull/Netherlands/2/2023,G1
0,1,41.7402,18.8235,38.8235,65.8824,40.5882,44.808,19.943,44.8718,82.6211,44.1595,47.7242,22.7729,48.2251,80.3751,46.8855,43.1564,20.4937,43.3163,59.1523,47.0424,43.2409,20.2643,38.7665,61.674,40.9692,44.1319,19.8063,42.2535,62.5,38.7324,50.1323,31.7881,64.9007,70.1987,51.6556,45.942,24.6734,56.6038,63.8607,37.7358,EPI_ISL_17821067,Avian,H5N1,2023.416,Europe,A/Caspian_gull/Netherlands/3/2023,G1
0,1,41.5638,18.2353,38.8235,65.8824,41.1765,44.6657,20.6553,44.8718,81.9088,42.735,47.6573,23.4427,48.2251,80.3751,46.2157,43.1099,20.0279,44.2478,58.6865,47.0424,43.373,20.2643,38.7665,62.1145,41.8502,44.3077,19.8063,41.8134,62.9401,40.0528,50.2646,33.1126,63.5762,70.1987,51.6556,45.6522,23.2221,56.6038,60.9579,40.6386,EPI_ISL_17821069,Avian,H5N1,2023.397,Europe,A/Common_Tern/Netherlands/3/2023,G1
0,1,41.4462,17.0588,38.2353,65.8824,41.1765,44.6657,20.6553,44.8718,81.1966,42.735,47.7242,23.4427,48.2251,80.3751,46.2157,43.1099,20.0279,44.2478,58.6865,46.5766,43.348,20.2822,38.8007,61.7284,41.8871,44.4396,19.8063,41.8134,62.9401,40.0528,50.2646,33.1126,63.5762,70.1987,51.6556,45.6522,23.2221,56.6038,62.4093,39.1872,EPI_ISL_17821071,Avian,H5N1,2023.403,Europe,A/Common_Tern/Netherlands/5/2023,G1
0,1,41.7402,18.8235,38.8235,67.6471,41.1765,44.6657,20.6553,44.1595,81.9088,43.4473,47.7242,23.4427,48.2251,80.3751,46.2157,43.1564,20.4937,43.782,58.6865,46.5766,43.4361,19.8413,39.2416,62.6102,41.8871,44.3516,20.2465,41.8134,62.9401,39.6127,50.1323,33.1126,63.5762,70.1987,51.6556,45.942,24.6734,56.6038,62.4093,39.1872,EPI_ISL_17821073,Avian,H5N1,2023.419,Europe,A/Common_Tern/Netherlands/7/2023,G1
0,1,41.6814,17.6471,38.8235,66.4706,41.7647,44.6657,20.6553,44.8718,81.9088,42.735,47.7242,23.4427,48.2251,80.3751,46.2157,43.2961,20.0279,44.7136,59.1523,47.0424,43.373,20.2643,38.7665,61.674,41.8502,44.4396,20.2465,42.2535,62.9401,40.0528,50.2646,33.1126,63.5762,70.1987,51.6556,45.6522,23.2221,56.6038,60.9579,39.1872,EPI_ISL_17821074,Avian,H5N1,2023.419,Europe,A/Common_Tern/Netherlands/8/2023,G1
0,1,41.8577,19.4118,38.8235,67.0588,41.7647,44.7368,20.6553,44.8718,81.9088,43.4473,47.7242,23.4427,48.2251,80.3751,46.2157,43.1564,20.4937,43.3163,59.1523,46.1109,43.348,19.8413,38.8007,62.1693,41.8871,44.3077,20.2465,41.8134,62.5,39.6127,50.1323,33.1126,63.5762,70.1987,51.6556,45.942,24.6734,55.1524,63.8607,39.1872,EPI_ISL_17821075,Avian,H5N1,2023.416,Europe,A/Common_Tern/Netherlands/9/2023,G1
0,1,41.6814,18.2353,38.8235,65.8824,41.7647,44.7368,19.943,44.8718,83.3333,43.4473,47.7912,22.7729,48.2251,81.0449,46.2157,43.2961,20.4937,43.3163,59.1523,47.9739,43.5491,20.7048,40.0881,61.2335,41.8502,44.0879,18.9261,42.2535,62.9401,38.7324,50.1323,31.7881,64.9007,70.1987,52.9801,45.6522,24.6734,56.6038,60.9579,37.7358,EPI_ISL_17821076,Avian,H5N1,2023.403,Europe,A/Kittiwake/Netherlands/1/2023,G1
0,1,41.7989,19.4118,38.8235,66.4706,41.1765,44.5946,20.6553,44.8718,81.9088,42.735,47.7912,23.4427,48.2251,80.3751,46.2157,43.203,20.9595,44.7136,58.6865,47.0424,43.279,20.3001,38.835,61.3416,41.9241,44.2198,19.8063,41.8134,62.0599,40.0528,50.1323,33.1126,64.9007,70.1987,52.9801,46.087,24.6734,56.6038,63.8607,39.1872,EPI_ISL_17821078,Avian,H5N1,2023.397,Europe,A/Mediterranean_Gull/Netherlands/4/2023,G1
0,1,41.505,17.6471,38.8235,65.8824,41.1765,44.6657,20.6553,44.8718,81.9088,42.735,47.7242,23.4427,48.2251,80.3751,46.2157,43.203,20.0279,44.2478,59.1523,47.0424,43.373,20.2643,38.7665,61.674,41.8502,44.3956,19.8063,42.2535,62.9401,40.0528,50.2646,33.1126,63.5762,70.1987,51.6556,45.2174,23.2221,53.701,62.4093,37.7358,EPI_ISL_17821079,Avian,H5N1,2023.392,Europe,A/Sandwich_Tern/Netherlands/2/2023,G1
1,-1,41.9165,18.8235,38.2353,65.2941,39.4118,44.4918,18.4922,43.3855,83.926,44.808,47.925,26.7917,48.2251,73.6772,42.1969,44.2272,24.6856,47.5082,59.1523,46.5766,43.3289,18.5022,40.5286,60.793,39.6476,45.4106,24.6046,44.3761,70.7381,40.4218,50.5291,33.1126,60.9272,72.8477,51.6556,47.6812,26.1248,49.3469,62.4093,43.5414,EPI_ISL_17821770,Feline,H5N1,2023.241,NorthAmerica,A/cat/Nebraska/23-010184-001-original/2023,G3
0,1,41.7402,18.8235,38.8235,65.8824,42.9412,44.8472,20.6259,44.808,81.7923,43.3855,47.7242,23.4427,48.2251,80.3751,46.2157,43.1564,20.4937,43.782,59.1523,47.0424,43.417,19.8238,38.7665,62.1145,41.8502,44.2688,19.7715,41.7399,62.8295,39.5431,50.3968,33.1126,64.9007,70.1987,51.6556,46.087,24.6734,56.6038,63.8607,39.1872,EPI_ISL_17830837,Avian,H5N1,2023.43,Europe,A/Falco_peregrinus/Belgium/01145_0005/2023,G1
0,1,41.8577,19.4118,38.8235,65.8824,41.7647,44.634,20.6259,44.808,81.7923,42.6743,47.7242,23.4427,48.2251,80.3751,46.2157,43.1564,20.4937,43.782,58.6865,46.5766,43.373,20.2643,38.7665,61.674,42.2907,44.3127,19.3322,41.7399,63.2689,39.5431,50.3968,33.1126,64.9007,71.5232,51.6556,46.087,24.6734,56.6038,63.8607,39.1872,EPI_ISL_17830866,Avian,H5N1,2023.178,Europe,A/Falco_peregrinus/Belgium/02026_0003/2023,G1
0,1,41.7402,18.8235,38.8235,65.8824,42.3529,44.9893,21.3371,44.0967,81.7923,44.0967,47.6573,23.4427,48.2251,80.3751,45.5459,43.2495,20.9595,43.782,59.1523,47.0424,43.5931,19.8238,38.7665,62.5551,42.7313,44.3127,19.7715,41.7399,63.2689,39.5431,50.3968,33.1126,64.9007,70.1987,51.6556,46.087,24.6734,56.6038,62.4093,39.1872,EPI_ISL_17830868,Avian,H5N1,2023.274,Europe,A/Falco_peregrinus/Belgium/03518_0004/2023,G1
0,1,41.7402,18.2353,38.8235,66.4706,41.7647,44.9183,19.9147,44.808,81.0811,44.0967,47.6573,23.4427,48.2251,80.3751,44.8761,43.0633,20.4937,43.782,58.6865,47.0424,43.417,19.8238,38.7665,62.1145,41.8502,44.3127,19.7715,41.7399,62.8295,39.9824,50.3968,33.1126,64.9007,70.1987,51.6556,45.7971,23.2221,56.6038,62.4093,37.7358,EPI_ISL_17830871,Avian,H5N1,2023.293,Europe,A/Chroicocephalus_ridibundus/Belgium/03706_0002/2023,G1
0,1,41.6814,18.8235,38.8235,65.2941,42.3529,44.9183,20.6259,44.808,81.7923,43.3855,47.6573,23.4427,48.2251,80.3751,45.5459,43.2495,20.9595,43.782,59.1523,47.0424,43.5491,19.8238,38.7665,62.5551,42.7313,44.3566,19.7715,41.7399,63.2689,39.5431,50.2646,31.7881,64.9007,70.1987,50.3311,45.942,24.6734,56.6038,60.9579,39.1872,EPI_ISL_17830874,Avian,H5N1,2023.293,Europe,A/Chroicocephalus_ridibundus/Belgium/03706_0003/2023,G1
0,1,41.8577,18.8235,38.8235,66.4706,42.9412,44.8472,20.6259,44.0967,81.0811,44.0967,47.7242,24.1125,48.8948,80.3751,45.5459,43.203,20.9595,43.782,58.6865,47.0424,43.6372,19.8238,38.7665,62.5551,42.7313,44.4005,20.6503,41.7399,62.8295,40.4218,50.3968,33.1126,64.9007,70.1987,51.6556,46.087,24.6734,56.6038,62.4093,39.1872,EPI_ISL_17831040,Avian,H5N1,2023.345,Europe,A/Falco_peregrinus/Belgium/04695_0002/2023,G1
0,1,41.7989,18.8235,39.4118,66.4706,41.7647,44.4918,19.9147,43.3855,81.7923,44.0967,47.8581,23.4427,48.2251,80.3751,47.5553,43.4358,20.4937,43.3163,60.5496,47.5082,43.417,20.2643,38.7665,61.674,40.9692,44.2249,19.7715,41.7399,64.1476,38.6643,50.3968,33.1126,64.9007,70.1987,51.6556,45.942,24.6734,56.6038,63.8607,37.7358,EPI_ISL_17831133,Avian,H5N1,2023.356,Europe,A/Common_Tern/England/327279/2023,G1
0,1,41.7989,19.4118,38.8235,66.4706,41.1765,44.634,20.6259,44.808,81.7923,42.6743,47.7242,23.4427,48.2251,80.3751,46.2157,43.203,20.4937,44.2478,59.1523,47.0424,43.373,20.2643,38.7665,61.2335,42.2907,44.3127,19.7715,41.7399,62.8295,39.5431,50.1323,33.1126,63.5762,70.1987,51.6556,46.2319,24.6734,56.6038,63.8607,39.1872,EPI_ISL_17831134,Avian,H5N1,2023.373,Europe,A/Peregrine_Falcon/England/260225/2023,G1
0,1,41.8577,19.4118,38.8235,67.0588,41.1765,44.5629,20.6259,44.808,81.7923,41.963,47.7912,24.1125,48.2251,80.3751,46.2157,43.1564,20.4937,43.782,59.1523,47.0424,43.373,19.8238,38.7665,61.674,42.2907,44.2882,19.7889,41.7766,63.3245,39.5778,50.1323,33.1126,63.5762,70.1987,51.6556,45.7971,24.6734,56.6038,63.8607,39.1872,EPI_ISL_17831135,Avian,H5N1,2023.373,Europe,A/Black-Headed_Gull/England/260252/2023,G1
0,1,41.7402,18.8235,38.8235,65.8824,41.1765,44.8251,20.438,44.5255,83.9416,42.3358,47.8552,23.5057,48.3546,81.2626,46.3398,43.2231,20.5128,44.289,59.2075,46.62,43.6452,20.345,39.8054,62.3618,42.9014,44.5549,19.4221,42.6338,64.4244,39.3179,50.266,33.2889,63.9148,69.241,51.9308,46.4012,26.0736,58.2822,64.4172,41.411,EPI_ISL_17831136,Avian,H5N1,2023.373,Europe,A/Common_Tern/England/260258/2023,G1
0,1,41.7989,19.4118,38.8235,66.4706,41.1765,44.634,20.6259,44.808,81.7923,42.6743,47.7242,23.4427,48.2251,80.3751,46.2157,43.203,20.4937,44.2478,59.1523,47.0424,43.373,20.2643,38.7665,61.2335,42.2907,44.3566,19.7715,41.7399,62.8295,39.5431,50,33.1126,63.5762,70.1987,51.6556,46.2319,24.6734,56.6038,63.8607,39.1872,EPI_ISL_17831137,Avian,H5N1,2023.37,Europe,A/Reed_Warbler/England/125961/2023,G1
0,1,41.6814,18.8235,38.8235,67.0588,41.1765,44.4918,20.6259,44.0967,81.0811,42.6743,47.7242,23.4427,48.2251,80.3751,46.2157,43.203,20.9595,43.782,59.1523,47.0424,43.461,19.8238,38.7665,62.1145,42.2907,44.2688,19.7715,41.7399,62.8295,39.5431,50.5291,33.1126,66.2252,70.1987,51.6556,46.3768,24.6734,56.6038,63.8607,40.6386,EPI_ISL_17831138,Avian,H5N1,2023.351,Europe,A/Black-Headed_Gull/England/350132/2023,G1
0,1,41.6372,18.8902,38.961,67.2963,40.1417,44.5792,20.7143,44.2857,81.4286,42.8571,47.7733,23.6327,48.6158,80.3511,46.5901,43.1316,19.2215,42.7679,59.5867,48.0538,43.3195,19.889,38.3904,62.9047,40.2405,44.4088,18.816,41.7623,63.7907,39.9266,50.5291,33.1126,66.2252,70.1987,51.6556,46.4286,25.2765,55.2923,64.7709,42.654,EPI_ISL_17831139,Avian,H5N1,2023.351,Europe,A/Black-Headed_Gull/England/350135/2023,G1
0,1,41.8577,19.4118,38.8235,66.4706,41.1765,44.634,20.6259,44.0967,81.7923,43.3855,47.6573,23.4427,48.2251,80.3751,45.5459,43.1564,20.4937,44.2478,59.1523,47.0424,43.373,19.8238,38.326,61.674,42.2907,44.2688,19.7715,41.7399,62.8295,39.5431,50.1323,33.1126,63.5762,70.1987,51.6556,46.087,24.6734,56.6038,63.8607,39.1872,EPI_ISL_17831140,Avian,H5N1,2023.362,Europe,A/Black-Headed_Gull/England/400845/2023,G1
1,1,41.7402,18.2353,38.2353,65.8824,41.7647,44.3497,19.9147,44.808,81.7923,42.6743,47.8581,22.7729,47.5553,80.3751,47.5553,43.4358,21.891,43.782,59.6181,47.9739,43.5051,21.1454,38.7665,62.1145,41.8502,44.1809,19.7715,41.7399,63.7083,38.225,50.5291,33.1126,66.2252,70.1987,54.3046,45.942,24.6734,56.6038,63.8607,37.7358,EPI_ISL_17880914,Canine,H5N1,2023.238,Europe,A/Red_fox/Germany/51023-261/2023,G1
0,1,41.7402,20,39.4118,67.0588,41.1765,44.5629,19.2034,45.5192,81.7923,42.6743,47.5234,24.1125,48.2251,79.0355,46.2157,43.4823,22.3568,44.2478,59.6181,47.0424,43.3862,20.2911,38.8178,61.3145,41.9056,44.1125,19.7889,41.3369,62.445,39.5778,50.3968,33.1126,64.9007,70.1987,51.6556,45.7971,24.6734,56.6038,63.8607,39.1872,EPI_ISL_17884625,Avian,H5N1,2023.397,Europe,A/peregrine_falcon/Czech_Republic/8420/2023,G1
0,1,41.7402,18.8235,38.8235,66.4706,41.1765,44.4918,20.6259,44.0967,81.7923,41.963,47.6573,23.4427,47.5553,80.3751,46.8855,43.2495,20.4937,44.2478,59.1523,47.5082,43.5185,19.85,39.2589,61.7556,42.7878,44.2249,19.3322,41.3005,62.3902,39.1037,50.2646,33.1126,63.5762,72.8477,51.6556,45.8636,24.7453,56.7686,61.1354,39.3013,EPI_ISL_17884626,Avian,H5N1,2023.34,Europe,A/common_tern/Czech_Republic/8807-1/2023,G1
0,1,41.4462,18.2353,38.8235,65.2941,41.1765,44.705,20.6259,45.5192,81.7923,42.6743,47.8581,24.1125,48.8948,81.0449,46.2157,43.1564,20.4937,42.8505,59.1523,47.0424,43.5185,20.2911,39.2589,62.1967,42.7878,44.3566,19.7715,43.058,63.2689,39.5431,50.2646,31.7881,63.5762,70.1987,51.6556,45.8636,24.7453,56.7686,61.1354,39.3013,EPI_ISL_17884627,Avian,H5N1,2023.34,Europe,A/common_tern/Czech_Republic/8807-4/2023,G1
0,1,41.6814,18.2353,38.8235,66.4706,41.1765,44.634,20.6259,44.0967,81.7923,42.6743,47.6573,23.4427,47.5553,80.3751,46.2157,43.203,20.4937,44.2478,59.1523,47.0424,43.4303,19.85,39.2589,61.3145,42.3467,44.1809,18.8928,40.8612,62.3902,39.5431,50.2646,33.1126,63.5762,72.8477,51.6556,45.8636,24.7453,56.7686,61.1354,39.3013,EPI_ISL_17884628,Avian,H5N1,2023.34,Europe,A/common_tern/Czech_Republic/8807-5/2023,G1
0,-1,41.7989,18.8235,37.6471,64.7059,39.4118,43.8522,16.3585,44.808,81.0811,41.963,47.4883,26.1569,46.9484,73.776,38.9001,44.2012,25.1748,47.0862,59.2075,46.1538,42.9515,17.1958,41.4462,60.4056,38.3598,45.4985,24.1652,43.9367,70.7381,41.7399,50.7937,31.7881,62.2517,70.1987,50.3311,47.971,27.5762,49.3469,62.4093,44.9927,EPI_ISL_17885849,Avian,H5N1,2023.175,SouthAmerica,A/black_skimmer/Maule/240379/2023,G3
0,-1,41.7402,18.2353,37.0588,64.7059,39.4118,44.0485,17.8571,45,82.8571,41.4286,47.5234,26.1219,46.8855,74.347,38.848,44.0875,24.6856,46.5766,58.6865,45.1793,43.2409,18.5022,42.2907,59.9119,38.326,45.4745,25.066,43.9754,71.2401,41.3369,50.9259,33.1126,62.2517,70.1987,51.6556,47.971,27.5762,49.3469,62.4093,44.9927,EPI_ISL_17885870,Avian,H5N1,2023.192,SouthAmerica,A/chicken/OHiggins/241252-6/2023,G3
0,-1,41.7402,18.2353,37.0588,64.7059,39.4118,43.9772,17.8571,45,82.8571,41.4286,47.5234,26.1219,46.8855,74.347,38.848,44.0875,24.2198,46.5766,58.6865,45.6451,43.2099,18.543,42.3841,59.6026,38.4106,45.4985,25.0439,43.9367,71.1775,41.7399,50.9259,33.1126,62.2517,70.1987,51.6556,47.971,27.5762,49.3469,62.4093,44.9927,EPI_ISL_17885871,Avian,H5N1,2023.192,SouthAmerica,A/chicken/OHiggins/241252-3/2023,G3
0,-1,41.6814,18.2353,37.0588,64.7059,38.8235,43.9772,17.8571,45,82.8571,41.4286,47.5234,26.1219,46.8855,74.347,38.848,44.1286,24.2537,46.6418,58.7687,45.709,43.2099,18.543,42.3841,59.6026,38.4106,45.4985,25.0439,43.9367,71.1775,41.7399,50.7937,33.1126,60.9272,70.1987,51.6556,47.971,27.5762,49.3469,62.4093,44.9927,EPI_ISL_17885872,Avian,H5N1,2023.192,SouthAmerica,A/chicken/OHiggins/241252-1/2023,G3
0,-1,41.6814,18.8235,37.6471,64.7059,38.8235,43.9943,17.0697,44.808,82.5036,41.2518,47.5904,26.1219,46.8855,74.347,39.5177,44.2272,25.1514,46.5766,58.6865,46.5766,43.0207,18.0617,42.2907,60.793,38.326,45.5424,24.6046,43.9367,72.0562,41.3005,50.3968,30.4636,60.9272,68.8742,50.3311,47.971,27.5762,49.3469,62.4093,44.9927,EPI_ISL_17885873,Avian,H5N1,2023.186,SouthAmerica,A/chicken/Nuble/241681-1/2023,G3
0,-1,41.6814,18.8235,37.6471,64.7059,38.8235,43.9943,17.0697,44.808,82.5036,41.2518,47.5904,26.1219,46.8855,74.347,39.5177,44.1806,25.1514,46.5766,58.6865,46.1109,43.0207,18.0617,42.2907,60.793,38.326,45.5424,24.6046,43.9367,72.0562,41.3005,50.5291,31.7881,60.9272,68.8742,50.3311,47.971,27.5762,49.3469,62.4093,44.9927,EPI_ISL_17885874,Avian,H5N1,2023.186,SouthAmerica,A/chicken/Nuble/241557-1/2023,G3
0,-1,41.6814,18.8235,37.6471,64.7059,38.8235,43.9943,17.0697,44.808,82.5036,41.2518,47.5904,26.1219,46.8855,74.347,39.5177,44.1341,25.1514,46.5766,58.6865,46.1109,42.9956,18.0776,42.328,60.8466,38.3598,45.5424,24.6046,43.9367,72.0562,41.3005,50.5291,31.7881,60.9272,68.8742,50.3311,47.971,27.5762,49.3469,62.4093,44.9927,EPI_ISL_17885876,Avian,H5N1,2023.181,SouthAmerica,A/chicken/Nuble/240684/2023,G3
0,-1,41.8577,18.2353,36.4706,65.8824,40,43.8522,16.3585,43.3855,82.5036,42.6743,47.3896,26.1219,46.8855,73.6772,39.5177,44.041,24.2198,46.5766,57.755,46.1109,43.2849,18.0617,42.2907,59.9119,40.0881,45.5424,24.1652,43.9367,71.1775,41.3005,50.9259,33.1126,62.2517,70.1987,51.6556,47.8261,27.5762,50.7983,63.8607,44.9927,EPI_ISL_17885877,Avian,H5N1,2023.175,SouthAmerica,A/chicken/Nuble/240155/2023,G3
0,-1,41.6226,18.8235,37.6471,64.1176,40,44.2075,19.2034,44.808,82.5036,41.963,47.3896,26.1219,46.8855,73.6772,38.848,44.2737,25.1514,47.0424,58.6865,47.0424,43.0837,18.9594,41.4462,59.9647,38.3598,45.4985,25.0439,43.9367,71.1775,41.7399,50.9259,33.1126,62.2517,70.1987,51.6556,47.971,27.5762,49.3469,62.4093,44.9927,EPI_ISL_17885945,Avian,H5N1,2023.197,SouthAmerica,A/chicken/Araucania/241914-1/2023,G3
0,-1,41.7402,18.2353,38.2353,64.7059,39.4118,43.9943,18.4922,44.808,80.3698,41.963,47.4565,26.7917,46.8855,73.6772,38.848,44.2272,25.1514,46.5766,58.6865,47.0424,43.1528,18.5022,41.8502,60.3524,38.326,45.4985,25.0439,43.9367,71.1775,41.7399,51.0582,33.1126,62.2517,71.5232,51.6556,47.8261,27.5762,47.8955,62.4093,44.9927,EPI_ISL_17885946,Avian,H5N1,2023.197,SouthAmerica,A/chicken/Araucania/241892-2/2023,G3
0,-1,41.6814,18.2353,37.6471,64.7059,39.4118,44.1365,18.4922,44.808,82.5036,41.963,47.6573,27.4615,46.8855,74.347,39.5177,44.3203,25.1514,47.0424,58.6865,47.0424,43.1528,18.5022,41.8502,60.3524,38.326,45.5424,25.0439,44.3761,71.1775,41.7399,50.7937,33.1126,62.2517,70.1987,51.6556,47.971,27.5762,49.3469,62.4093,44.9927,EPI_ISL_17885949,Avian,H5N1,2023.178,SouthAmerica,A/chicken/Araucania/240481-1/2023,G3
0,-1,41.7059,18.2568,38.2803,64.7821,38.8693,44.0654,18.4922,44.808,81.7923,41.963,47.3896,26.1219,46.2157,73.6772,38.848,44.3669,25.1514,47.0424,58.6865,46.1109,43.1468,18.5267,41.9056,59.9912,38.3767,45.4985,25.0439,43.9367,71.1775,41.7399,50.9259,33.1126,62.2517,70.1987,51.6556,47.8198,27.6968,49.5627,62.6822,43.7318,EPI_ISL_17885950,Avian,H5N1,2023.178,SouthAmerica,A/great_egret/Araucania/240518/2023,G3
0,-1,41.7989,18.2353,38.2353,65.2941,39.4118,43.9943,18.4922,44.808,81.7923,41.2518,47.3896,26.1219,46.2157,73.6772,38.848,44.2737,25.1514,47.0424,58.6865,46.1109,43.1468,18.5267,41.9056,59.9912,38.3767,45.4985,25.0439,43.9367,71.1775,41.7399,50.9259,33.1126,62.2517,70.1987,51.6556,47.971,27.5762,49.3469,62.4093,44.9927,EPI_ISL_17885952,Avian,H5N1,2023.164,SouthAmerica,A/chicken/Araucania/239569-2/2023,G3
0,-1,41.6814,18.2353,37.6471,64.7059,39.4118,44.0883,18.5582,44.9679,82.0842,41.399,47.3896,26.1219,46.2157,73.6772,38.848,44.2737,25.1514,47.0424,58.6865,46.1109,43.1278,18.5185,41.8871,60.4056,38.3598,45.4985,25.0439,43.9367,71.1775,41.7399,50.9259,33.1126,62.2517,70.1987,51.6556,47.971,27.5762,49.3469,62.4093,44.9927,EPI_ISL_17885954,Avian,H5N1,2023.164,SouthAmerica,A/chicken/Araucania/239569-1/2023,G3
0,-1,41.6814,18.8235,37.6471,64.7059,38.8235,43.9943,17.0697,44.808,82.5036,41.2518,47.5904,26.1219,46.8855,74.347,39.5177,44.1341,25.1514,46.5766,58.6865,46.1109,43.0396,18.0776,42.328,60.8466,38.3598,45.5424,24.6046,43.9367,72.0562,41.3005,50.5291,31.7881,60.9272,68.8742,50.3311,47.971,27.5762,49.3469,62.4093,44.9927,EPI_ISL_17885962,Avian,H5N1,2023.186,SouthAmerica,A/turkey/Nuble/241568-1/2023,G3
0,-1,41.8577,18.8235,37.6471,64.7059,39.4118,44.0654,17.7809,44.808,82.5036,41.963,47.6573,26.1219,46.8855,74.347,40.1875,44.2737,25.1514,47.0424,59.1523,46.5766,43.1027,18.0856,42.3467,59.9912,38.3767,45.4745,24.6262,43.9754,71.2401,41.7766,50.7937,31.7881,62.2517,70.1987,50.3311,47.971,27.5762,49.3469,62.4093,44.9927,EPI_ISL_17885964,Avian,H5N1,2023.178,SouthAmerica,A/turkey/Nuble/240489-1/2023,G3
0,-1,41.7402,18.8235,37.6471,64.7059,39.4118,43.9943,17.7809,44.808,83.2148,41.963,47.5904,26.1219,46.8855,74.347,39.5177,44.0875,24.6856,46.5766,58.6865,46.1109,43.0647,18.0617,41.8502,59.9119,38.326,45.5185,25.066,43.5356,71.2401,41.7766,50.7937,33.1126,62.2517,70.1987,51.6556,47.971,27.5762,49.3469,63.8607,44.9927,EPI_ISL_17885965,Avian,H5N1,2023.184,SouthAmerica,A/chiloe_wigeon/OHiggins/240893-2/2023,G3
0,-1,41.6814,18.2353,37.6471,64.7059,39.4118,44.1365,18.4922,44.808,81.0811,42.6743,47.3896,26.1219,46.8855,73.6772,38.848,44.2272,25.1514,46.5766,58.6865,47.0424,43.0837,18.0776,41.8871,60.4056,38.3598,45.4985,25.0439,43.9367,71.1775,41.7399,50.9259,33.1126,62.2517,71.5232,51.6556,47.6812,26.1248,49.3469,60.9579,44.9927,EPI_ISL_17885966,Avian,H5N1,2023.197,SouthAmerica,A/turkey/Araucania/241892-3/2023,G3
0,-1,41.8235,18.8457,37.1025,64.7821,40.0471,44.0654,17.7809,44.808,82.5036,42.6743,47.5904,26.1219,47.5553,73.6772,40.1875,44.2272,24.6856,47.0424,59.1523,46.5766,43.3289,18.5022,41.8502,59.9119,40.0881,45.4985,24.6046,44.3761,71.1775,41.7399,50.9259,33.1126,62.2517,72.8477,51.6556,47.8261,27.5762,50.7983,63.8607,44.9927,EPI_ISL_17885967,Avian,H5N1,2023.175,SouthAmerica,A/blackish_oystercatcher/OHiggins/240628/2023,G3
0,-1,41.7989,18.8235,37.0588,64.7059,39.4118,44.1365,17.0697,45.5192,81.7923,43.3855,47.4565,26.1219,46.8855,73.0074,40.1875,44.0805,23.048,46.5663,58.7959,46.096,43.2409,18.0617,42.2907,59.9119,39.6476,45.5424,24.6046,44.3761,71.1775,42.1793,50.9259,33.1126,62.2517,70.1987,51.6556,47.971,27.5762,50.7983,63.8607,44.9927,EPI_ISL_17885972,Avian,H5N1,2023.162,SouthAmerica,A/kelp_gull/Maule/239349/2023,G3
1,-1,41.9753,18.8235,37.0588,65.2941,40.5882,44.1365,17.7809,44.808,82.5036,42.6743,47.4565,26.1219,46.2157,73.0074,39.5177,44.2737,24.6856,47.5082,59.1523,46.5766,43.2849,18.5022,42.2907,60.3524,39.6476,45.5863,25.0439,44.3761,71.6169,42.1793,50.9259,33.1126,62.2517,68.8742,52.9801,48.1159,27.5762,50.7983,63.8607,44.9927,EPI_ISL_17885976,Mammal,H5N1,2023.162,SouthAmerica,A/sea_lion/Arica_y_Parinacota/240270-1/2023,G3
0,-1,41.9165,18.8235,37.0588,64.7059,40.5882,44.0654,17.7809,45.5192,81.7923,41.963,47.6573,26.7917,46.2157,73.6772,39.5177,44.2272,25.1514,47.5082,59.1523,45.6451,43.3289,18.5022,42.2907,60.793,39.6476,45.5424,25.0439,44.3761,71.6169,42.1793,51.0582,33.1126,62.2517,70.1987,52.9801,48.1159,27.5762,50.7983,63.8607,44.9927,EPI_ISL_17885978,Avian,H5N1,2023.167,SouthAmerica,A/sanderling/Arica_y_Parinacota/240265/2023,G3
1,-1,54.7417,31.1871,63.3803,110.664,72.4346,60.9662,36.8421,84.2105,153.9474,81.5789,60.3726,46.3362,75.431,115.3017,62.5,57.3751,40.613,73.5632,98.0843,77.3946,55.7377,32.3044,60.3015,104.0919,68.916,57.1348,34.5572,68.3945,105.8315,64.0749,63.9866,53.5332,104.9251,117.773,83.5118,60.3774,41.2621,80.0971,109.2233,84.9515,EPI_ISL_17949824,Feline,H5N1,2023.468,Europe,A/cat/Poland/Gda1/2023,G9
0,-1,41.8577,17.6471,37.6471,65.2941,40,44.1365,18.4922,42.6743,79.6586,41.2518,47.925,26.7917,47.5553,76.3563,40.8573,45.2514,24.6856,47.5082,64.2757,49.3712,43.7004,20.2822,39.6825,60.8466,40.5644,43.9614,20.6503,42.1793,67.2232,35.5888,51.1905,34.4371,64.9007,75.4967,52.9801,45.7757,18.4615,50.7692,70.7692,44.6154,EPI_ISL_17949961,Avian,H5N1,2023.186,Asia,A/large-billed_crow/Kanagawa/1403C006/2023,
0,-1,42.2105,19.4118,38.8235,65.2941,42.9412,44.634,20.6259,44.0967,78.9474,44.0967,47.8581,28.8011,47.5553,76.3563,36.8386,44.3203,25.1514,47.9739,57.2892,47.9739,43.373,19.8238,38.7665,59.4714,42.7313,45.3667,22.4077,45.2548,68.1019,43.9367,50.5291,34.4371,63.5762,71.5232,51.6556,46.8116,26.1248,49.3469,65.312,53.701,EPI_ISL_17950253,Avian,H5N1,2023.241,Asia,A/large-billed_crow/Hokkaido/0103E089/2023,G11
0,-1,42.0929,19.4118,38.8235,65.8824,41.1765,44.4918,19.9147,44.808,81.7923,43.3855,48.0589,28.8011,48.2251,77.6959,36.8386,44.5531,27.4802,49.837,58.2208,47.0424,43.417,19.8238,38.7665,59.9119,43.1718,44.9715,20.6503,43.058,69.8594,40.8612,50.7937,34.4371,63.5762,71.5232,52.9801,46.8116,24.6734,47.8955,63.8607,53.701,EPI_ISL_17950254,Avian,H5N1,2023.274,Asia,A/large-billed_crow/Hokkaido/B049/2023,
1,-1,41.7989,18.2353,37.0588,64.7059,42.3529,44.8472,19.9147,45.5192,83.2148,44.0967,47.7242,28.8011,46.8855,71.6678,38.848,44.3669,24.6856,44.7136,59.6181,47.0424,43.5931,19.8238,37.0044,64.3172,42.2907,44.4884,21.0896,41.7399,64.587,39.1037,50.5291,33.1126,64.9007,72.8477,51.6556,46.5217,24.6734,47.8955,65.312,50.7983,EPI_ISL_17950995,Feline,H5N1,2023.471,Europe,A/domestic_cat/Poland/H249/2023,G9
1,-1,41.7402,18.2353,37.0588,64.7059,41.7647,44.808,19.943,45.584,82.6211,44.1595,47.7562,28.8397,46.9484,71.7639,38.9001,44.3409,24.7086,44.7552,59.6737,47.0862,43.6123,19.4004,37.037,64.8148,42.328,44.5079,21.1082,41.7766,64.204,39.1381,50.5291,33.1126,64.9007,72.8477,51.6556,46.6667,24.6734,47.8955,65.312,52.2496,EPI_ISL_17951051,Feline,H5N1,2023.471,Europe,A/domestic_cat/Poland/H252/2023,G9
1,-1,41.8577,18.2353,37.6471,64.7059,42.3529,44.8791,19.943,45.584,83.3333,44.1595,47.7242,28.8011,46.8855,71.6678,38.848,44.3409,24.7086,44.7552,59.6737,47.0862,43.5683,19.8413,36.5961,64.3739,42.328,44.4884,21.0896,41.7399,64.1476,39.1037,50.5291,33.1126,64.9007,72.8477,51.6556,46.5217,24.6734,47.8955,65.312,50.7983,EPI_ISL_17951052,Feline,H5N1,2023.471,Europe,A/domestic_cat/Poland/H253/2023,G9
1,-1,41.7402,18.2353,37.0588,64.7059,41.7647,44.8472,19.9147,45.5192,83.2148,44.0967,47.7242,28.8011,46.8855,71.6678,38.848,44.4134,24.6856,44.7136,59.6181,47.0424,43.5931,19.8238,37.0044,64.3172,42.2907,44.5323,21.0896,41.7399,64.1476,39.1037,50.5291,33.1126,64.9007,72.8477,51.6556,46.6667,26.1248,49.3469,65.312,50.7983,EPI_ISL_17951053,Feline,H5N1,2023.471,Europe,A/domestic_cat/Poland/H254/2023,G9
1,-1,41.7402,18.2353,37.0588,64.7059,41.7647,44.8472,19.9147,45.5192,83.2148,44.0967,47.7242,28.8011,46.8855,71.6678,38.848,44.3616,24.7201,44.7761,59.7015,47.1082,43.5683,19.4004,37.037,64.3739,42.328,44.5079,21.1082,41.7766,64.204,39.1381,50.5291,33.1126,64.9007,72.8477,51.6556,46.5217,24.6734,47.8955,65.312,50.7983,EPI_ISL_17951054,Feline,H5N1,2023.452,Europe,A/domestic_cat/Poland/H248/2023,G9
1,-1,41.7402,18.2353,37.0588,64.7059,41.7647,44.8472,19.9147,45.5192,83.2148,44.0967,47.7242,28.8011,46.8855,71.6678,38.848,44.3669,24.6856,44.7136,59.6181,47.0424,43.5931,19.8238,37.0044,64.3172,42.2907,44.4884,21.0896,41.7399,64.1476,39.1037,50.5291,33.1126,64.9007,72.8477,51.6556,46.5217,24.6734,47.8955,65.312,50.7983,EPI_ISL_17951055,Feline,H5N1,2023.466,Europe,A/domestic_cat/Poland/H247/2023,G9
1,-1,41.7402,18.2353,37.0588,64.7059,41.7647,44.808,19.943,45.584,83.3333,44.1595,47.7242,28.8011,46.8855,71.6678,38.848,44.3147,24.4151,45.7782,57.9858,46.2869,43.5051,19.3833,37.0044,64.3172,42.2907,44.464,21.1082,41.7766,64.204,39.1381,50.5291,33.1126,64.9007,72.8477,51.6556,46.3768,24.6734,46.4441,65.312,50.7983,EPI_ISL_17951056,Feline,H5N1,2023.463,Europe,A/domestic_cat/Poland/Kot1/2023,G9
1,-1,41.7402,18.2353,37.0588,64.7059,41.7647,44.8472,19.9147,45.5192,83.2148,44.0967,47.7242,28.8011,46.8855,71.6678,38.848,44.3409,24.7086,44.289,59.6737,47.0862,43.5434,19.8588,36.6284,63.9894,42.3654,44.4884,21.0896,41.7399,64.1476,39.1037,50.5291,33.1126,64.9007,72.8477,51.6556,46.5217,24.6734,47.8955,65.312,50.7983,EPI_ISL_17956378,Feline,H5N1,2023.468,Europe,A/domestic_cat/Poland/H246-M/2023,G9
1,-1,41.7647,18.2568,37.1025,64.7821,41.8139,44.8472,19.9147,45.5192,83.2148,44.0967,47.7242,28.8011,46.8855,71.6678,38.848,44.3669,24.6856,44.7136,59.6181,47.0424,43.5931,19.8238,37.0044,64.3172,42.2907,44.5323,21.0896,41.7399,64.1476,39.1037,50.5291,33.1126,64.9007,72.8477,51.6556,46.4441,24.7453,48.0349,65.5022,48.0349,EPI_ISL_17956379,Feline,H5N1,2023.468,Europe,A/domestic_cat/Poland/H255-M/2023,G9
0,1,41.6814,18.8235,38.8235,65.2941,41.1765,44.7761,19.9147,44.808,82.5036,42.6743,47.7242,22.7729,48.2251,81.0449,46.2157,43.5289,20.9595,44.2478,59.1523,47.0424,43.1968,19.8238,38.326,60.3524,41.4097,44.1564,19.7889,42.2164,63.3245,40.0176,50.2646,31.7881,64.9007,71.5232,50.3311,45.5072,24.6734,55.1524,63.8607,39.1872,EPI_ISL_17958948,Avian,H5N1,2023.441,Europe,A/black-headed_gull/Italy/23VIR5684-1/2023,G1
0,1,41.6814,18.8235,38.8235,65.2941,41.1765,44.7761,19.9147,44.808,82.5036,42.6743,47.7242,22.7729,48.2251,81.0449,46.2157,43.4358,20.9595,44.2478,59.1523,47.5082,43.1968,19.8238,38.326,60.3524,41.4097,44.1809,19.7715,42.1793,63.2689,39.9824,50.2646,31.7881,64.9007,71.5232,50.3311,45.7971,24.6734,55.1524,63.8607,40.6386,EPI_ISL_17958949,Avian,H5N1,2023.441,Europe,A/black-headed_gull/Italy/23VIR5685-1/2023,G1
0,1,41.6814,18.8235,38.8235,65.2941,41.1765,44.7761,19.9147,44.808,82.5036,42.6743,47.7242,22.7729,48.2251,81.0449,46.2157,43.5754,20.9595,44.2478,59.1523,47.5082,43.2409,19.8238,38.326,60.3524,41.4097,44.2688,19.3322,42.1793,63.2689,40.8612,50.1323,30.4636,64.9007,70.1987,50.3311,45.6522,24.6734,55.1524,63.8607,39.1872,EPI_ISL_17958950,Avian,H5N1,2023.441,Europe,A/slender-billed_gull/Italy/23VIR5730-10/2023,G1
0,1,41.6226,18.2353,38.8235,65.2941,41.1765,44.9183,19.9147,45.5192,83.2148,43.3855,47.7242,22.7729,48.2251,81.0449,46.2157,43.3892,20.9595,44.2478,59.1523,47.0424,43.1968,19.8238,38.326,60.3524,41.4097,44.1809,19.7715,42.1793,63.2689,39.9824,50.3968,31.7881,66.2252,72.8477,50.3311,45.6522,24.6734,55.1524,63.8607,39.1872,EPI_ISL_17958951,Avian,H5N1,2023.441,Europe,A/slender-billed_gull/Italy/23VIR5730-11/2023,G1
0,1,41.6814,18.8235,38.8235,65.2941,41.1765,44.7761,19.9147,44.808,82.5036,42.6743,47.6573,22.7729,47.5553,81.0449,46.2157,43.4358,20.9595,44.2478,59.1523,47.5082,43.2409,19.8238,38.326,61.2335,41.4097,44.1809,19.7715,42.1793,63.2689,39.9824,50.2646,31.7881,64.9007,71.5232,50.3311,45.5072,23.2221,53.701,63.8607,39.1872,EPI_ISL_17958952,Avian,H5N1,2023.441,Europe,A/slender-billed_gull/Italy/23VIR5730-6/2023,G1
0,-1,42.0929,18.8235,38.2353,64.7059,40,43.9232,17.7809,43.3855,81.0811,41.963,48.0589,28.1313,49.5646,74.347,40.1875,44.2272,26.0829,47.0424,57.755,45.6451,43.3289,18.5022,42.2907,59.4714,39.207,45.9816,22.8471,43.058,76.0105,43.9367,51.3228,33.1126,63.5762,74.1722,51.6556,47.971,27.5762,49.3469,62.4093,44.9927,EPI_ISL_17964888,Avian,H5N1,2023.167,NorthAmerica,A/crow/Minnesota/23-007350-001-original/2023,G3
0,-1,41.7989,18.2353,37.0588,64.7059,40.5882,43.8522,16.3585,43.3855,81.0811,41.963,47.925,28.1313,46.8855,73.6772,41.5271,44.2737,26.0829,47.0424,57.755,47.0424,43.2409,17.1806,42.2907,59.9119,40.0881,45.3667,25.0439,43.4974,70.7381,39.5431,50.7937,33.1126,62.2517,72.8477,51.6556,48.1159,29.0276,50.7983,63.8607,43.5414,EPI_ISL_17964890,Avian,H5N1,2023.164,NorthAmerica,A/American_crow/Iowa/23-007468-001-original/2023,G3
0,-1,41.7402,18.2353,37.0588,64.1176,40.5882,43.7811,16.3585,43.3855,80.3698,41.963,47.925,28.1313,46.8855,73.6772,41.5271,44.3203,26.0829,47.0424,58.2208,47.0424,43.2849,17.1806,42.2907,59.9119,40.0881,45.3667,25.9227,43.4974,70.2988,39.5431,50.7937,33.1126,62.2517,72.8477,51.6556,48.1159,29.0276,50.7983,63.8607,43.5414,EPI_ISL_17964893,Avian,H5N1,2023.173,NorthAmerica,A/American_crow/Iowa/23-007781-002-original/2023,G3
0,-1,41.7402,17.6471,37.0588,64.7059,41.1765,44.0654,17.7809,44.0967,83.2148,41.963,48.3936,26.7917,48.2251,78.3657,40.1875,44.3203,25.6171,47.0424,58.6865,46.5766,43.0647,20.2643,36.1233,60.793,40.5286,45.5863,23.2865,40.8612,71.6169,43.058,51.0582,33.1126,63.5762,74.1722,52.9801,47.5362,30.479,49.3469,62.4093,44.9927,EPI_ISL_17964895,Avian,H5N1,2023.167,NorthAmerica,A/red-tailed_hawk/Utah/23-007867-003-original/2023,G4
0,-1,41.9753,19.4118,38.2353,65.2941,39.4118,43.9943,17.0697,44.0967,81.7923,41.963,47.7242,26.1219,47.5553,73.6772,40.8573,44.1806,24.6856,46.5766,59.6181,46.5766,43.1528,16.7401,41.8502,59.9119,38.7665,45.4985,25.0439,45.2548,71.6169,40.8612,50.7937,33.1126,62.2517,74.1722,51.6556,48.2609,29.0276,50.7983,62.4093,46.4441,EPI_ISL_17964896,Avian,H5N1,2023.167,NorthAmerica,A/American_crow/Utah/23-007867-006-original/2023,G3
0,-1,41.9165,18.8235,38.2353,65.8824,40,44.0654,17.7809,43.3855,83.2148,42.6743,47.7242,26.7917,48.2251,75.0167,40.1875,44.1341,24.6856,46.5766,58.6865,46.5766,43.2849,18.0617,40.9692,60.3524,39.6476,45.6302,25.0439,44.3761,70.7381,41.7399,50.3968,33.1126,59.6026,72.8477,51.6556,48.1159,29.0276,49.3469,63.8607,44.9927,EPI_ISL_17964897,Avian,H5N1,2023.178,NorthAmerica,A/great_horned_owl/Colorado/23-007956-001-original/2023,G3
0,-1,42.0341,18.2353,37.6471,65.8824,41.7647,44.2786,18.4922,43.3855,83.926,41.2518,47.7912,26.7917,47.5553,75.0167,38.848,43.9944,24.6856,46.1109,57.755,46.5766,43.5051,18.5022,42.2907,62.5551,40.5286,45.1471,21.9684,44.3761,70.2988,42.6186,50.9259,33.1126,60.9272,75.4967,51.6556,47.8261,29.0276,49.3469,60.9579,44.9927,EPI_ISL_17964898,Avian,H5N1,2023.205,NorthAmerica,A/American_crow/New_York/23-009035-001-original/2023,G3
0,-1,42.0929,17.6471,37.6471,65.2941,41.7647,44.1365,18.4922,43.3855,83.926,41.2518,47.992,26.7917,47.5553,75.0167,40.8573,43.9944,25.1514,46.1109,57.755,46.5766,43.417,17.6211,41.8502,61.674,40.0881,45.235,21.9684,44.3761,70.7381,42.6186,50.9259,33.1126,60.9272,75.4967,51.6556,47.8261,29.0276,49.3469,60.9579,44.9927,EPI_ISL_17964899,Avian,H5N1,2023.203,NorthAmerica,A/peregrine_falcon/New_York/23-009036-001-original/2023,G3
0,-1,42.0341,18.2353,37.6471,65.8824,41.7647,43.7811,17.0697,42.6743,83.2148,40.5405,47.925,26.7917,47.5553,75.0167,39.5177,43.9944,24.6856,46.1109,57.2892,46.5766,43.373,17.6211,41.8502,62.1145,40.0881,45.1471,21.9684,44.3761,70.2988,42.1793,51.1905,35.7616,60.9272,76.8212,51.6556,47.6812,29.0276,47.8955,60.9579,44.9927,EPI_ISL_17964900,Avian,H5N1,2023.2,NorthAmerica,A/American_crow/New_York/23-009037-001-original/2023,G3
0,-1,41.8577,19.4118,38.2353,64.7059,40,43.9943,19.2034,44.808,79.6586,42.6743,47.925,26.7917,47.5553,75.0167,40.1875,44.2737,25.6171,46.5766,59.1523,46.1109,43.2849,18.9427,41.4097,60.793,39.207,45.5863,25.0439,44.8155,70.7381,40.8612,50.5291,33.1126,60.9272,72.8477,51.6556,47.8261,26.1248,49.3469,62.4093,44.9927,EPI_ISL_17964901,Avian,H5N1,2023.17,NorthAmerica,A/bald_eagle/South_Carolina/23-008111-001-original/2023,G3
0,-1,41.8577,19.4118,38.2353,64.7059,40,43.9232,19.2034,44.0967,79.6586,42.6743,47.925,26.7917,47.5553,75.0167,40.1875,44.2737,25.6171,46.5766,59.1523,46.1109,43.2849,18.9427,41.4097,60.793,39.207,45.6302,25.0439,44.8155,70.7381,40.8612,50.5291,33.1126,60.9272,72.8477,51.6556,47.8261,26.1248,49.3469,62.4093,44.9927,EPI_ISL_17964902,Avian,H5N1,2023.17,NorthAmerica,A/bald_eagle/South_Carolina/23-008111-002-original/2023,G3
0,-1,41.9165,15.8824,38.2353,66.4706,40.5882,43.71,18.4922,43.3855,81.0811,41.963,47.7912,26.1219,46.2157,76.3563,37.5084,43.203,21.4252,44.7136,54.9604,43.3163,42.6244,17.1806,40.5286,57.7093,39.207,45.6302,25.0439,43.058,67.6626,42.6186,50.7937,33.1126,62.2517,72.8477,54.3046,46.8116,24.6734,46.4441,65.312,53.701,EPI_ISL_17964903,Avian,H5N1,2023.175,NorthAmerica,A/Canada_goose/New_York/23-008112-001-original/2023,G5
0,-1,42.2105,18.2353,38.8235,65.2941,40.5882,44.0654,17.7809,44.0967,82.5036,42.6743,47.992,26.7917,48.2251,74.347,40.8573,44.2272,25.1514,47.0424,58.2208,46.5766,42.3162,18.0617,42.2907,57.2687,37.4449,44.8836,21.9684,40.4218,70.2988,41.3005,51.1905,33.1126,62.2517,72.8477,54.3046,48.1159,27.5762,49.3469,62.4093,46.4441,EPI_ISL_17964905,Avian,H5N1,2023.173,NorthAmerica,A/red-tailed_hawk/Iowa/23-008517-001-original/2023,G3
0,-1,41.9753,18.8235,38.2353,65.2941,40.5882,44.2786,17.7809,43.3855,83.2148,43.3855,47.8581,26.7917,48.8948,74.347,41.5271,44.1341,24.6856,46.5766,58.6865,46.5766,43.3289,18.0617,40.9692,60.3524,40.0881,45.5863,25.0439,44.3761,69.8594,41.7399,50.2646,33.1126,60.9272,72.8477,51.6556,47.8261,26.1248,49.3469,62.4093,47.8955,EPI_ISL_17964906,Avian,H5N1,2023.2,NorthAmerica,A/red-tailed_hawk/Colorado/23-008901-001-original/2023,G3
0,-1,41.9753,19.4118,37.6471,65.8824,38.8235,43.9232,17.0697,44.0967,81.7923,41.963,47.925,26.7917,48.8948,74.347,41.5271,44.0875,24.2198,46.5766,58.6865,46.5766,43.417,18.0617,41.8502,59.4714,40.5286,45.2789,24.1652,44.8155,70.7381,39.9824,50.7937,33.1126,59.6026,75.4967,50.3311,47.971,29.0276,50.7983,60.9579,44.9927,EPI_ISL_17964907,Avian,H5N1,2023.167,NorthAmerica,A/great_horned_owl/Colorado/23-007822-001-original/2023,G3
0,-1,42.3868,18.8235,39.4118,64.7059,41.7647,43.8522,17.0697,42.6743,83.2148,41.963,47.6573,26.1219,46.2157,73.0074,38.1782,44.2737,25.1514,47.0424,58.6865,47.5082,43.1088,20.2643,37.4449,59.4714,40.9692,45.2789,23.2865,44.8155,68.1019,39.1037,50.6614,33.1126,62.2517,71.5232,51.6556,46.5217,23.2221,47.8955,62.4093,55.1524,EPI_ISL_17964909,Avian,H5N1,2023.181,NorthAmerica,A/great_horned_owl/California/23-009156-002-original/2023,G6
0,-1,42.1517,18.8235,38.8235,64.7059,41.7647,44.0654,19.9147,41.963,83.2148,41.963,47.7242,25.4521,46.2157,75.6865,38.1782,44.4134,25.6171,47.5082,58.2208,47.9739,43.1528,20.2643,37.8855,60.793,40.5286,45.5424,23.7258,45.6942,69.42,39.1037,50.5291,31.7881,60.9272,71.5232,51.6556,46.087,23.2221,46.4441,62.4093,55.1524,EPI_ISL_17964910,Avian,H5N1,2023.203,NorthAmerica,A/peregrine_falcon/California/23-009161-001-original/2023,G6
0,-1,42.2693,18.2353,38.8235,64.7059,41.7647,44.1365,19.2034,42.6743,83.2148,42.6743,47.7912,26.1219,46.2157,75.6865,38.1782,44.4134,25.1514,47.0424,58.2208,47.9739,43.1968,20.2643,37.8855,60.3524,40.5286,45.5424,23.7258,45.2548,69.42,39.1037,50.3968,30.4636,60.9272,71.5232,51.6556,46.2319,23.2221,46.4441,62.4093,55.1524,EPI_ISL_17964911,Avian,H5N1,2023.203,NorthAmerica,A/snowy_egret/California/23-009161-004-original/2023,G6
0,-1,41.9753,18.2353,38.8235,65.2941,40,43.9943,17.7809,43.3855,83.2148,41.963,47.925,26.7917,48.2251,75.0167,40.8573,43.9944,24.6856,46.1109,58.2208,46.1109,43.2849,18.5022,41.8502,59.4714,39.207,45.5424,25.4833,44.3761,70.7381,41.7399,50.9259,33.1126,62.2517,74.1722,50.3311,48.1159,27.5762,49.3469,62.4093,46.4441,EPI_ISL_17964913,Avian,H5N1,2023.2,NorthAmerica,A/red-tailed_hawk/Kansas/23-009211-001-original/2023,G3
0,-1,41.8577,15.2941,38.2353,65.2941,41.7647,43.9232,18.4922,44.0967,80.3698,42.6743,47.6573,24.7823,46.2157,76.3563,38.1782,43.1099,22.3568,45.6451,56.8235,40.5217,43.3289,20.2643,41.8502,58.5903,42.2907,45.8059,25.0439,42.1793,70.2988,43.4974,50.7937,33.1126,62.2517,72.8477,51.6556,46.3768,23.2221,46.4441,62.4093,52.2496,EPI_ISL_17964917,Avian,H5N1,2023.222,NorthAmerica,A/red-tailed_hawk/Connecticut/23-009880-001-original/2023,G5
0,-1,41.7989,15.2941,38.2353,64.7059,41.7647,43.9232,19.2034,44.0967,80.3698,42.6743,47.5234,25.4521,44.8761,75.6865,37.5084,43.2495,22.3568,46.1109,58.2208,40.9874,43.373,19.8238,42.2907,59.9119,41.8502,45.6302,24.6046,42.1793,70.2988,43.9367,50.7937,33.1126,62.2517,72.8477,51.6556,46.2319,23.2221,46.4441,59.5065,52.2496,EPI_ISL_17964918,Avian,H5N1,2023.222,NorthAmerica,A/red-tailed_hawk/Connecticut/23-009886-001-original/2023,G5
0,-1,41.7402,18.8235,37.0588,64.7059,40,43.9232,16.3585,43.3855,81.0811,41.963,47.8581,27.4615,46.8855,73.6772,41.5271,44.2272,25.6171,47.0424,57.755,47.0424,43.1968,17.1806,41.4097,59.9119,40.5286,45.3228,25.0439,43.4974,70.7381,39.5431,50.7937,33.1126,62.2517,72.8477,51.6556,48.1159,29.0276,50.7983,63.8607,43.5414,EPI_ISL_17964919,Avian,H5N1,2023.23,NorthAmerica,A/red-tailed_hawk/Minnesota/23-010018-001-original/2023,G3
0,-1,42.1517,18.8235,39.4118,66.4706,39.4118,43.9232,17.7809,44.0967,83.2148,42.6743,47.7242,26.1219,47.5553,74.347,40.8573,44.2272,25.6171,47.0424,58.6865,46.5766,43.5051,18.5022,42.2907,62.1145,39.6476,45.4106,24.6046,43.9367,69.42,41.7399,50.9259,34.4371,62.2517,74.1722,52.9801,48.1159,30.479,50.7983,62.4093,44.9927,EPI_ISL_17964920,Avian,H5N1,2023.222,NorthAmerica,A/Western_screech_owl/Washington/23-010027-001-original/2023,G3
0,-1,42.328,20,39.4118,64.7059,42.3529,44.705,19.2034,44.808,81.7923,44.0967,48.0589,28.8011,47.5553,76.3563,37.5084,44.2737,25.6171,47.5082,55.8919,47.9739,43.417,19.8238,38.7665,59.4714,43.1718,45.1471,21.9684,44.8155,67.2232,43.058,50.7937,34.4371,63.5762,72.8477,52.9801,46.8116,24.6734,47.8955,65.312,53.701,EPI_ISL_17964921,Avian,H5N1,2023.216,NorthAmerica,A/glaucous_gull/California/23-010132-001-original/2023,G11
0,-1,41.7989,18.2353,37.6471,65.2941,40,44.1365,18.4922,44.0967,83.2148,41.963,48.0589,26.7917,48.2251,75.0167,41.5271,44.2272,25.6171,47.0424,58.6865,46.5766,43.2849,18.0617,41.8502,59.4714,39.6476,45.5424,25.0439,44.3761,72.0562,42.1793,50.9259,33.1126,62.2517,74.1722,51.6556,47.5362,26.1248,47.8955,59.5065,44.9927,EPI_ISL_17964923,Avian,H5N1,2023.255,NorthAmerica,A/American_crow/Iowa/23-010832-002-original/2023,G3
0,-1,41.9165,16.4706,37.6471,64.7059,41.1765,43.9943,19.2034,44.0967,82.5036,41.963,47.6573,26.1219,47.5553,74.347,38.848,44.041,24.2198,45.1793,59.1523,46.1109,43.461,19.3833,43.1718,62.9956,40.9692,45.3228,21.9684,43.058,70.2988,39.1037,50.3968,33.1126,60.9272,72.8477,49.0066,47.8261,29.0276,50.7983,56.6038,44.9927,EPI_ISL_17964924,Avian,H5N1,2023.26,NorthAmerica,A/turkey_vulture/New_York/23-011005-001-original/2023,G3
0,-1,41.7402,18.2353,38.2353,65.2941,40.5882,43.9232,17.0697,42.6743,82.5036,41.963,48.1928,25.4521,48.2251,79.0355,40.1875,44.3203,24.6856,47.0424,59.1523,46.5766,43.1088,20.7048,36.5639,60.793,40.9692,45.4985,22.8471,41.7399,69.8594,43.4974,51.455,35.7616,63.5762,74.1722,54.3046,47.6812,30.479,49.3469,68.2148,43.5414,EPI_ISL_17964925,Avian,H5N1,2023.222,NorthAmerica,A/red-tailed_hawk/Nevada/23-011168-002-original/2023,G4
0,-1,41.9165,18.8235,38.2353,65.2941,40,44.3497,17.7809,43.3855,82.5036,44.0967,47.7242,26.7917,47.5553,73.6772,40.8573,44.0875,24.2198,47.0424,57.755,46.5766,43.461,18.0617,40.9692,60.3524,40.9692,45.6741,24.6046,44.8155,71.1775,41.7399,50.6614,33.1126,62.2517,72.8477,51.6556,47.8261,26.1248,49.3469,62.4093,43.5414,EPI_ISL_17964926,Avian,H5N1,2023.236,NorthAmerica,A/magpie/Idaho/23-011169-002-original/2023,G3
0,-1,41.9165,18.8235,38.2353,65.2941,40,44.2786,17.7809,43.3855,82.5036,43.3855,47.7242,26.7917,47.5553,73.6772,40.8573,44.0875,24.2198,47.0424,57.755,46.5766,43.461,18.0617,40.9692,60.3524,40.9692,45.6302,24.6046,44.3761,70.7381,41.7399,50.6614,33.1126,62.2517,72.8477,51.6556,47.8261,26.1248,49.3469,62.4093,43.5414,EPI_ISL_17964927,Avian,H5N1,2023.236,NorthAmerica,A/great_horned_owl/Idaho/23-011169-003-original/2023,G3
0,-1,41.7402,18.2353,37.0588,64.1176,40.5882,43.9232,16.3585,43.3855,81.0811,42.6743,47.925,28.1313,46.8855,73.6772,41.5271,44.2737,26.0829,47.0424,57.755,47.0424,43.3289,17.1806,42.2907,59.9119,40.9692,45.4106,25.0439,43.4974,70.7381,39.5431,50.7937,33.1126,62.2517,72.8477,51.6556,47.971,29.0276,50.7983,63.8607,43.5414,EPI_ISL_17964928,Avian,H5N1,2023.271,NorthAmerica,A/hawk/Iowa/23-011213-001-original/2023,G3
0,-1,41.7402,18.2353,38.2353,65.2941,38.2353,43.9232,17.7809,44.0967,81.7923,41.963,47.925,26.7917,47.5553,75.0167,40.1875,44.0875,25.1514,46.1109,58.6865,45.6451,43.1968,16.2996,42.2907,60.3524,40.5286,45.4545,24.1652,43.4974,71.1775,41.3005,50.6614,33.1126,62.2517,72.8477,52.9801,48.4058,30.479,50.7983,63.8607,44.9927,EPI_ISL_17964929,Avian,H5N1,2023.252,NorthAmerica,A/red-tailed_hawk/Montana/23-011216-001-original/2023,G3
0,-1,42.1517,20,38.8235,65.2941,42.3529,44.7761,21.3371,44.808,81.0811,44.808,48.1928,28.8011,47.5553,77.6959,38.1782,44.3203,25.6171,48.9054,56.8235,47.0424,43.373,20.7048,38.7665,58.5903,42.7313,45.191,21.9684,45.2548,67.2232,43.9367,50.7937,34.4371,63.5762,72.8477,52.9801,46.8116,24.6734,46.4441,63.8607,53.701,EPI_ISL_17964930,Avian,H5N1,2023.241,NorthAmerica,A/western_gull/California/23-011273-001-original/2023,G11
0,-1,42.1517,20,38.8235,65.2941,42.3529,44.7761,21.3371,44.808,81.0811,44.808,48.1928,28.8011,47.5553,77.6959,38.1782,44.3203,25.6171,48.9054,56.8235,47.0424,43.373,20.2643,38.7665,59.0308,42.7313,45.191,21.9684,45.2548,67.2232,43.9367,50.7937,34.4371,63.5762,72.8477,52.9801,46.8116,24.6734,46.4441,63.8607,53.701,EPI_ISL_17964931,Avian,H5N1,2023.241,NorthAmerica,A/western_gull/California/23-011273-002-original/2023,G11
0,-1,41.7402,18.2353,37.6471,64.1176,38.8235,44.1365,16.3585,46.2304,80.3698,42.6743,47.7242,25.4521,47.5553,75.0167,41.5271,44.1341,24.6856,46.1109,58.6865,47.0424,43.2849,17.6211,41.4097,60.793,40.0881,45.3228,24.1652,44.3761,70.2988,40.8612,50.6614,33.1126,60.9272,74.1722,51.6556,47.8261,27.5762,49.3469,62.4093,44.9927,EPI_ISL_17964933,Avian,H5N1,2023.241,NorthAmerica,A/peregrine_falcon/California/23-011277-001-original/2023,G3
0,-1,41.8577,18.2353,37.6471,64.7059,40.5882,43.71,17.0697,43.3855,79.6586,41.963,47.8581,28.8011,47.5553,73.0074,41.5271,44.3669,26.0829,47.5082,58.6865,47.0424,43.1528,17.1806,42.2907,59.4714,40.0881,45.3667,25.0439,43.9367,71.1775,38.6643,50.9259,34.4371,62.2517,72.8477,51.6556,48.1159,29.0276,50.7983,63.8607,43.5414,EPI_ISL_17964934,Avian,H5N1,2023.271,NorthAmerica,A/turkey_vulture/Colorado/23-011447-001-original/2023,G3
0,-1,42.2693,20,38.8235,65.8824,42.9412,44.705,19.9147,44.808,82.5036,44.0967,48.2597,29.4709,47.5553,77.0261,38.848,44.3203,25.6171,48.4397,56.8235,48.4397,43.461,20.2643,39.207,59.4714,43.1718,45.1471,21.9684,44.8155,67.6626,43.9367,50.3968,33.1126,63.5762,70.1987,51.6556,46.9565,24.6734,46.4441,63.8607,55.1524,EPI_ISL_17964935,Avian,H5N1,2023.263,NorthAmerica,A/gull/California/23-011452-001-original/2023,G11
0,-1,42.2105,20,38.8235,65.2941,42.3529,44.634,19.2034,44.808,81.7923,44.0967,48.0589,29.4709,48.2251,76.3563,38.1782,44.3203,25.6171,48.4397,56.8235,48.4397,43.373,20.2643,38.7665,59.4714,43.1718,45.191,21.9684,44.8155,67.2232,43.9367,50.7937,34.4371,63.5762,72.8477,52.9801,46.8116,24.6734,44.9927,62.4093,53.701,EPI_ISL_17964936,Avian,H5N1,2023.263,NorthAmerica,A/turkey_vulture/California/23-011452-002-original/2023,G11
0,-1,42.1517,20,38.8235,65.2941,42.3529,44.7761,21.3371,44.808,81.0811,44.808,48.1928,28.8011,47.5553,77.6959,38.1782,44.3669,25.6171,48.9054,56.8235,47.5082,43.373,20.2643,38.7665,59.0308,42.7313,45.191,21.9684,45.2548,66.7838,43.9367,50.7937,34.4371,63.5762,72.8477,52.9801,46.8116,24.6734,46.4441,63.8607,53.701,EPI_ISL_17964937,Avian,H5N1,2023.263,NorthAmerica,A/cormorant/California/23-011452-003-original/2023,G11
0,-1,42.0929,18.2353,37.6471,65.8824,41.7647,44.1365,18.4922,43.3855,83.926,41.2518,47.8581,26.7917,47.5553,75.0167,39.5177,44.1341,25.1514,46.5766,57.755,47.5082,43.417,18.0617,41.8502,62.5551,39.6476,45.2789,22.4077,44.3761,70.7381,42.6186,50.7937,33.1126,60.9272,74.1722,51.6556,48.1159,30.479,49.3469,60.9579,44.9927,EPI_ISL_17964938,Avian,H5N1,2023.238,NorthAmerica,A/mute_swan/Massachusetts/23-011626-001-original/2023,G3
0,-1,41.6814,18.2353,38.2353,65.2941,37.6471,43.71,17.7809,43.3855,81.0811,40.5405,47.7912,26.7917,47.5553,73.6772,40.8573,44.1806,25.1514,46.5766,59.1523,45.1793,43.1528,16.2996,42.2907,59.9119,40.5286,45.3667,24.1652,43.4974,70.2988,40.8612,50.6614,33.1126,62.2517,72.8477,52.9801,48.1159,29.0276,50.7983,62.4093,44.9927,EPI_ISL_17964939,Avian,H5N1,2023.277,NorthAmerica,A/great_horned_owl/Montana/23-011850-001-original/2023,G3
0,-1,42.2105,20,38.8235,65.8824,42.3529,44.705,19.9147,44.808,82.5036,44.0967,48.1258,28.8011,47.5553,77.0261,38.1782,44.3669,25.6171,48.4397,56.8235,48.4397,43.461,20.2643,38.7665,59.0308,43.1718,45.1471,21.9684,44.8155,67.2232,43.4974,50.7937,34.4371,63.5762,72.8477,52.9801,46.6667,23.2221,44.9927,63.8607,55.1524,EPI_ISL_17964940,Avian,H5N1,2023.279,NorthAmerica,A/sanderling/Oregon/23-011962-001-original/2023,G11
0,-1,41.7989,18.8235,37.6471,65.2941,40,43.6389,17.0697,42.6743,79.6586,41.963,47.925,28.8011,48.2251,74.347,41.5271,44.1806,26.0829,46.5766,57.2892,47.0424,43.0647,17.6211,42.2907,60.3524,39.207,45.4985,24.1652,43.9367,72.0562,39.9824,50.9259,33.1126,62.2517,74.1722,51.6556,48.2609,29.0276,50.7983,65.312,43.5414,EPI_ISL_17964941,Avian,H5N1,2023.279,NorthAmerica,A/sanderling/Oregon/23-011964-001-original/2023,G3
0,-1,41.9753,18.8235,38.2353,65.2941,40,44.1365,17.7809,43.3855,82.5036,42.6743,47.8581,26.7917,48.2251,76.3563,40.8573,44.1341,24.6856,47.0424,58.6865,46.5766,43.3289,18.9427,41.4097,61.2335,39.6476,45.4545,25.0439,45.2548,70.2988,40.8612,50.3968,33.1126,62.2517,71.5232,51.6556,47.6812,26.1248,47.8955,62.4093,44.9927,EPI_ISL_17964942,Avian,H5N1,2023.274,NorthAmerica,A/red-tailed_hawk/South_Dakota/23-012031-001-original/2023,G3
0,-1,42.0929,20,38.2353,65.2941,42.3529,44.7761,21.3371,44.808,81.0811,44.808,48.1928,28.8011,47.5553,77.6959,38.1782,44.3203,25.6171,48.4397,57.2892,47.0424,43.417,20.2643,38.7665,59.0308,42.7313,45.2789,21.9684,45.2548,67.6626,43.9367,50.6614,34.4371,63.5762,72.8477,52.9801,46.6667,24.6734,46.4441,62.4093,53.701,EPI_ISL_17964943,Avian,H5N1,2023.274,NorthAmerica,A/sanderling/California/23-012068-001-original/2023,G11
0,-1,42.0929,18.8235,38.2353,65.8824,40.5882,43.9943,17.0697,43.3855,80.3698,40.5405,47.992,28.8011,47.5553,74.347,40.8573,44.2272,26.0829,46.1109,58.2208,47.5082,43.2409,17.1806,41.8502,60.3524,40.0881,45.4985,24.6046,43.9367,70.2988,40.4218,50.6614,31.7881,62.2517,72.8477,50.3311,48.1159,29.0276,49.3469,63.8607,44.9927,EPI_ISL_17964944,Avian,H5N1,2023.244,NorthAmerica,A/red-tailed_hawk/Nevada/23-012114-001-original/2023,G3
0,-1,41.9753,18.2353,37.6471,65.8824,41.1765,44.4208,19.2034,44.0967,83.926,41.963,47.5904,25.4521,46.8855,73.6772,40.1875,44.2272,24.6856,47.0424,58.6865,46.5766,43.1088,19.3833,41.8502,60.793,38.7665,45.235,24.6046,44.3761,69.42,39.9824,51.0582,33.1126,62.2517,74.1722,51.6556,47.5362,26.1248,49.3469,60.9579,43.5414,EPI_ISL_17964945,Avian,H5N1,2023.279,NorthAmerica,A/red-shouldered_hawk/New_York/23-012563-001-original/2023,G3
0,-1,41.6814,17.6471,37.0588,62.9412,40.5882,43.9232,17.7809,43.3855,81.7923,41.2518,47.992,28.8011,47.5553,73.6772,41.5271,44.3203,25.6171,47.0424,58.2208,47.0424,43.2409,17.6211,41.8502,59.9119,40.0881,45.191,24.6046,43.4974,70.2988,39.9824,50.9259,33.1126,63.5762,72.8477,52.9801,47.971,29.0276,50.7983,63.8607,43.5414,EPI_ISL_17964946,Avian,H5N1,2023.296,NorthAmerica,A/turkey_vulture/Wyoming/23-012565-001-original/2023,G3
0,-1,41.7402,18.2353,37.0588,64.1176,41.1765,43.8522,17.0697,42.6743,81.0811,41.963,48.0589,29.4709,48.2251,73.6772,41.5271,44.1806,25.6171,46.5766,58.2208,47.0424,43.1528,17.1806,42.2907,59.9119,40.0881,45.3228,25.0439,43.9367,70.7381,39.5431,50.7937,33.1126,62.2517,72.8477,51.6556,47.971,29.0276,50.7983,63.8607,43.5414,EPI_ISL_17964947,Avian,H5N1,2023.296,NorthAmerica,A/turkey_vulture/Utah/23-012747-001-original/2023,G3
0,-1,41.8577,17.0588,38.2353,64.7059,41.1765,44.2786,19.9147,43.3855,81.7923,42.6743,48.5944,26.1219,48.8948,78.3657,41.5271,44.2272,24.2198,46.5766,58.2208,47.0424,43.0207,20.2643,36.5639,60.793,40.9692,45.3667,23.2865,41.7399,70.2988,42.6186,51.0582,35.7616,60.9272,75.4967,51.6556,47.8261,30.479,49.3469,65.312,44.9927,EPI_ISL_17964948,Avian,H5N1,2023.299,NorthAmerica,A/turkey_vulture/Utah/23-012749-001-original/2023,G4
0,-1,41.6814,18.2353,38.2353,64.1176,39.4118,44.2786,18.4922,44.0967,83.2148,42.6743,47.925,26.7917,47.5553,75.6865,40.8573,44.0875,25.1514,46.5766,58.2208,46.1109,43.3289,18.0617,41.8502,59.9119,40.0881,45.5424,23.7258,43.4974,70.7381,43.058,50.9259,33.1126,62.2517,71.5232,51.6556,47.971,27.5762,49.3469,62.4093,44.9927,EPI_ISL_17964950,Avian,H5N1,2023.293,NorthAmerica,A/barn_owl/Idaho/23-013072-002-original/2023,G3
0,-1,42.0341,17.6471,38.8235,65.2941,41.1765,44.4208,19.9147,44.808,81.0811,41.963,47.7912,26.1219,46.8855,76.3563,36.8386,43.1564,22.8225,45.6451,57.2892,40.0559,43.5051,20.2643,41.8502,59.9119,43.6123,45.9376,25.0439,43.058,72.4956,42.1793,50.6614,33.1126,60.9272,72.8477,50.3311,46.3768,24.6734,46.4441,59.5065,53.701,EPI_ISL_17964951,Avian,H5N1,2023.301,NorthAmerica,A/red-tailed_hawk/New_York/23-013242-001-original/2023,G5
0,-1,41.7402,15.2941,38.2353,64.7059,41.7647,44.0654,19.2034,44.0967,81.0811,42.6743,47.6573,25.4521,45.5459,76.3563,37.5084,43.0633,21.891,45.6451,57.2892,40.9874,43.417,19.8238,42.2907,59.0308,42.2907,45.8059,25.0439,42.1793,71.1775,43.4974,50.7937,33.1126,62.2517,72.8477,51.6556,46.087,23.2221,46.4441,58.0552,52.2496,EPI_ISL_17964952,Avian,H5N1,2023.301,NorthAmerica,A/Canada_goose/New_York/23-013244-001-original/2023,G5
0,-1,41.7402,18.2353,37.0588,65.2941,40,44.2075,17.0697,44.0967,82.5036,43.3855,47.925,27.4615,48.8948,76.3563,39.5177,43.9479,24.2198,46.5766,57.755,46.5766,43.373,18.0617,40.9692,60.793,39.207,45.5424,25.0439,43.9367,70.2988,41.3005,50.5291,33.1126,60.9272,72.8477,51.6556,47.8261,27.5762,47.8955,62.4093,44.9927,EPI_ISL_17964953,Avian,H5N1,2023.296,NorthAmerica,A/turkey_vulture/Wyoming/23-013715-001-original/2023,G3
0,-1,41.8577,18.8235,37.6471,65.2941,40,44.2075,18.4922,44.0967,82.5036,43.3855,48.0589,28.1313,47.5553,74.347,40.8573,44.0875,25.1514,46.5766,58.2208,46.5766,43.417,19.3833,42.2907,59.4714,38.7665,45.1471,21.9684,43.9367,69.8594,43.058,51.0582,33.1126,62.2517,72.8477,51.6556,47.8261,27.5762,49.3469,62.4093,43.5414,EPI_ISL_17964954,Avian,H5N1,2023.323,NorthAmerica,A/Cooper'ss_hawk/Wyoming/23-013975-001-original/2023,G3
0,-1,42.0341,17.0588,38.2353,65.2941,40.5882,44.0654,19.2034,44.0967,80.3698,41.2518,47.7242,25.4521,46.2157,76.3563,37.5084,43.203,22.8225,46.1109,58.2208,40.5217,43.373,20.7048,41.8502,58.1498,42.2907,45.7181,24.1652,42.6186,71.6169,42.6186,50.6614,33.1126,60.9272,72.8477,50.3311,46.5217,24.6734,46.4441,59.5065,53.701,EPI_ISL_17964955,Avian,H5N1,2023.321,NorthAmerica,A/red-tailed_hawk/New_York/23-014008-001-original/2023,G5
0,-1,42.1517,18.2353,37.6471,66.4706,41.7647,44.2786,18.4922,43.3855,85.3485,41.2518,47.925,26.1219,47.5553,75.0167,38.848,44.041,25.1514,46.1109,57.755,46.5766,43.373,17.6211,42.2907,61.2335,40.0881,45.191,21.9684,43.9367,70.7381,42.6186,51.0582,34.4371,60.9272,76.8212,51.6556,47.6812,29.0276,49.3469,60.9579,44.9927,EPI_ISL_17964956,Avian,H5N1,2023.318,NorthAmerica,A/American_crow/New_York/23-014010-001-original/2023,G3
0,-1,41.7402,15.2941,38.2353,64.7059,41.7647,44.0654,19.2034,44.0967,81.0811,42.6743,47.6573,25.4521,45.5459,76.3563,37.5084,43.0633,21.891,45.6451,57.2892,40.9874,43.417,19.8238,42.2907,59.0308,42.2907,45.8059,25.0439,42.1793,71.1775,43.4974,50.7937,33.1126,62.2517,72.8477,51.6556,46.087,23.2221,46.4441,58.0552,52.2496,EPI_ISL_17964957,Avian,H5N1,2023.318,NorthAmerica,A/Canada_goose/New_York/23-014011-001-original/2023,G5
0,-1,41.9753,18.2353,37.6471,65.8824,41.7647,44.1365,18.4922,43.3855,82.5036,41.2518,47.925,26.7917,47.5553,75.0167,39.5177,44.041,25.1514,46.1109,57.755,46.5766,43.373,18.0617,41.8502,61.674,40.0881,45.235,21.9684,44.3761,70.2988,42.6186,50.9259,33.1126,60.9272,75.4967,51.6556,47.6812,29.0276,49.3469,59.5065,44.9927,EPI_ISL_17964958,Avian,H5N1,2023.334,NorthAmerica,A/red-tailed_hawk/New_York/23-014131-001-original/2023,G3
0,-1,41.9753,19.4118,37.6471,65.8824,38.8235,43.9943,17.0697,44.0967,81.7923,41.963,47.7912,26.7917,48.2251,74.347,40.8573,44.0875,24.6856,46.5766,58.6865,46.5766,43.373,18.0617,41.4097,59.4714,40.5286,45.4106,24.6046,45.2548,71.1775,40.8612,50.6614,33.1126,59.6026,74.1722,50.3311,47.971,29.0276,50.7983,60.9579,44.9927,EPI_ISL_17964959,Avian,H5N1,2023.332,NorthAmerica,A/Swainson's_hawk/Colorado/23-014329-001-original/2023,G3
0,-1,42.0929,18.8235,38.2353,65.8824,40,44.0654,17.7809,43.3855,82.5036,41.2518,47.992,26.1219,47.5553,74.347,40.8573,44.0875,25.1514,47.0424,57.2892,47.0424,43.3289,18.0617,41.8502,59.4714,38.7665,45.6302,24.6046,44.3761,71.1775,42.1793,51.0582,34.4371,63.5762,70.1987,52.9801,47.971,27.5762,47.8955,62.4093,46.4441,EPI_ISL_17964960,Avian,H5N1,2023.321,NorthAmerica,A/turkey_vulture/Utah/23-014334-001-original/2023,G3
0,-1,41.7402,18.2353,37.0588,63.5294,40.5882,43.9943,17.7809,44.0967,81.7923,41.963,47.992,29.4709,48.2251,73.0074,41.5271,44.1341,25.1514,47.0424,58.2208,47.0424,43.3289,17.6211,42.7313,60.3524,40.0881,45.2789,24.6046,43.4974,70.2988,39.9824,50.6614,33.1126,62.2517,72.8477,50.3311,47.971,29.0276,50.7983,63.8607,43.5414,EPI_ISL_17964961,Avian,H5N1,2023.321,NorthAmerica,A/turkey_vulture/Utah/23-014335-001-original/2023,G3
0,-1,41.9165,18.2353,37.6471,65.2941,41.1765,43.9943,18.4922,43.3855,83.2148,40.5405,47.992,26.7917,47.5553,75.0167,40.1875,44.041,25.1514,46.1109,57.755,46.5766,43.417,18.0617,41.8502,62.1145,40.0881,45.1471,21.9684,44.3761,70.2988,42.6186,51.0582,34.4371,60.9272,75.4967,51.6556,47.6812,27.5762,49.3469,60.9579,44.9927,EPI_ISL_17964962,Avian,H5N1,2023.329,NorthAmerica,A/red-tailed_hawk/New_York/23-014343-001-original/2023,G3
0,-1,41.9165,18.8235,38.2353,65.2941,40,43.9232,17.7809,43.3855,82.5036,41.963,47.992,27.4615,47.5553,74.347,40.8573,44.0875,24.6856,46.5766,58.2208,46.5766,43.2409,18.5022,42.7313,58.5903,38.7665,45.0593,21.9684,43.9367,69.42,42.1793,51.0582,33.1126,62.2517,72.8477,51.6556,47.971,27.5762,49.3469,62.4093,44.9927,EPI_ISL_17964963,Avian,H5N1,2023.279,NorthAmerica,A/great_horned_owl/Wyoming/23-014892-001-original/2023,G3
0,-1,42.0929,18.2353,37.6471,66.4706,42.3529,44.2786,18.4922,44.0967,83.2148,41.963,47.992,26.1219,47.5553,75.0167,40.8573,43.9944,25.1514,46.1109,57.755,46.5766,43.2849,17.1806,41.4097,61.674,40.0881,45.2789,21.9684,44.8155,71.1775,42.6186,50.9259,33.1126,60.9272,75.4967,51.6556,47.6812,29.0276,49.3469,60.9579,44.9927,EPI_ISL_17964964,Avian,H5N1,2023.252,NorthAmerica,A/turkey_vulture/Pennsylvania/23-015040-001-original/2023,G3
0,-1,42.2105,18.2353,38.2353,66.4706,41.7647,44.1365,18.4922,42.6743,83.926,41.2518,47.925,26.1219,47.5553,75.0167,38.848,44.1341,25.1514,46.1109,58.2208,46.5766,43.373,17.6211,41.8502,61.2335,40.5286,45.235,21.9684,44.3761,70.7381,42.6186,51.0582,33.1126,60.9272,76.8212,51.6556,47.8261,29.0276,49.3469,60.9579,44.9927,EPI_ISL_17964965,Avian,H5N1,2023.214,NorthAmerica,A/bald_eagle/Pennsylvania/23-015042-001-original/2023,G3
0,-1,42.0929,17.6471,37.6471,66.4706,41.7647,44.2075,18.4922,43.3855,83.926,41.2518,47.925,26.1219,47.5553,75.0167,38.848,44.041,25.1514,46.1109,57.755,46.5766,43.373,17.6211,41.8502,61.674,40.0881,45.1471,21.9684,43.9367,70.7381,42.6186,50.9259,33.1126,60.9272,75.4967,51.6556,47.8261,29.0276,49.3469,60.9579,44.9927,EPI_ISL_17964967,Avian,H5N1,2023.197,NorthAmerica,A/American_crow/Pennsylvania/23-015045-001-original/2023,G3
0,-1,41.9753,18.8235,38.8235,64.7059,41.1765,44.3497,19.9147,43.3855,81.7923,43.3855,47.7912,26.1219,46.8855,76.3563,37.5084,44.46,25.6171,46.5766,59.6181,47.0424,42.3162,15.859,40.0881,56.8282,39.207,45.4545,23.7258,42.1793,67.2232,42.6186,51.1905,33.1126,62.2517,78.1457,52.9801,46.3768,21.7707,46.4441,62.4093,53.701,EPI_ISL_17964968,Avian,H5N1,2023.26,NorthAmerica,A/black_vulture/Pennsylvania/23-015072-001-original/2023,G5
0,-1,41.7402,15.8824,38.2353,64.7059,41.1765,43.9232,18.4922,44.0967,80.3698,42.6743,47.5904,25.4521,45.5459,75.6865,37.5084,43.1099,22.3568,45.6451,56.8235,40.5217,43.373,19.8238,42.2907,58.5903,42.2907,45.6741,24.6046,42.1793,71.1775,43.058,50.7937,33.1126,62.2517,72.8477,51.6556,46.087,23.2221,46.4441,58.0552,52.2496,EPI_ISL_17964969,Avian,H5N1,2023.195,NorthAmerica,A/bald_eagle/Pennsylvania/23-015074-001-original/2023,G5
0,-1,41.9165,18.2353,38.8235,64.7059,41.1765,44.4208,19.9147,43.3855,83.2148,43.3855,47.7912,26.1219,46.8855,76.3563,37.5084,44.46,25.6171,47.0424,59.6181,46.5766,42.3162,15.859,40.0881,56.8282,39.207,45.4106,23.7258,42.1793,67.2232,42.6186,51.1905,33.1126,62.2517,78.1457,52.9801,46.3768,21.7707,46.4441,62.4093,53.701,EPI_ISL_17964970,Avian,H5N1,2023.26,NorthAmerica,A/black_vulture/Pennsylvania/23-015076-001-original/2023,G5
0,-1,41.7989,18.2353,37.6471,62.9412,40,43.9232,18.4922,44.0967,81.7923,41.2518,47.992,27.4615,48.2251,74.347,40.1875,44.3203,26.0829,47.5082,59.1523,46.5766,43.3289,18.9427,42.2907,59.9119,39.6476,45.1471,22.4077,43.4974,69.8594,42.6186,50.9259,33.1126,62.2517,72.8477,51.6556,47.971,27.5762,49.3469,62.4093,44.9927,EPI_ISL_17964971,Avian,H5N1,2023.351,NorthAmerica,A/great_horned_owl/Colorado/23-015245-001-original/2023,G3
0,-1,42.0929,18.2353,37.0588,66.4706,41.7647,44.2786,19.2034,43.3855,83.926,41.2518,47.992,26.7917,47.5553,75.0167,39.5177,44.041,24.6856,46.5766,57.755,47.0424,43.3289,17.6211,42.2907,61.674,40.0881,45.3228,22.4077,45.2548,71.6169,42.6186,50.9259,33.1126,59.6026,76.8212,51.6556,47.971,30.479,49.3469,60.9579,44.9927,EPI_ISL_17964972,Avian,H5N1,2023.334,NorthAmerica,A/American_raven/New_York/23-015413-001-original/2023,G3
0,-1,41.9165,16.4706,37.6471,64.1176,41.1765,44.2075,16.3585,43.3855,72.5462,46.2304,47.925,26.1219,46.8855,76.3563,38.1782,43.1564,22.8225,45.1793,57.2892,41.4532,43.6372,21.1454,41.8502,61.2335,42.7313,45.9816,25.0439,43.058,71.6169,43.058,50.5291,33.1126,60.9272,72.8477,50.3311,46.3768,24.6734,46.4441,59.5065,52.2496,EPI_ISL_17964973,Avian,H5N6,2023.348,NorthAmerica,A/bald_eagle/Minnesota/23-015429-001-original/2023,
0,-1,41.8577,18.8235,37.6471,65.8824,38.8235,43.8522,17.7809,44.0967,81.0811,41.963,47.925,26.7917,48.8948,74.347,41.5271,44.1341,24.6856,46.5766,59.1523,46.1109,43.3289,18.0617,41.8502,59.4714,40.5286,45.3228,25.0439,44.3761,70.7381,40.4218,50.7937,33.1126,59.6026,74.1722,51.6556,47.6812,27.5762,49.3469,60.9579,44.9927,EPI_ISL_17964974,Avian,H5N1,2023.288,NorthAmerica,A/Cooper's_hawk/Montana/23-016105-001-original/2023,G3
0,-1,41.9753,18.2353,37.6471,65.8824,41.1765,44.0654,18.4922,43.3855,83.926,40.5405,47.992,26.7917,47.5553,75.0167,40.1875,44.041,24.6856,46.1109,57.755,47.0424,43.373,18.0617,41.4097,62.5551,40.0881,45.1471,21.0896,44.3761,70.2988,42.1793,51.0582,34.4371,60.9272,75.4967,51.6556,47.8261,29.0276,49.3469,60.9579,44.9927,EPI_ISL_17964975,Avian,H5N1,2023.375,NorthAmerica,A/American_crow/New_York/23-016152-002-original/2023,G3
0,-1,42.2693,17.6471,38.8235,65.8824,41.1765,44.2786,18.4922,44.0967,81.0811,42.6743,47.8581,25.4521,46.8855,76.3563,38.848,43.1099,22.8225,46.1109,57.2892,40.9874,43.461,20.7048,41.8502,59.0308,42.2907,45.8498,24.1652,43.058,72.0562,42.6186,50.3968,31.7881,60.9272,72.8477,50.3311,46.5217,24.6734,46.4441,59.5065,53.701,EPI_ISL_17964976,Avian,H5N1,2023.252,NorthAmerica,A/peregrine_falcon/Pennsylvania/23-016471-001-original/2023,G5
0,-1,42.0341,17.0588,39.4118,64.7059,42.3529,44.2075,19.9147,43.3855,82.5036,43.3855,47.6573,26.1219,45.5459,74.347,37.5084,44.3203,26.0829,47.0424,59.1523,47.0424,42.4923,17.6211,40.9692,57.7093,38.7665,45.5424,24.1652,41.7399,67.2232,42.6186,51.0582,33.1126,62.2517,74.1722,51.6556,46.8116,23.2221,47.8955,66.7634,53.701,EPI_ISL_17964977,Avian,H5N1,2023.205,NorthAmerica,A/turkey_vulture/Pennsylvania/23-015073-001-original/2023,G5
0,-1,42.0341,18.2353,39.4118,65.2941,41.7647,44.1365,19.9147,42.6743,83.2148,42.6743,47.7912,25.4521,46.2157,75.0167,38.1782,44.1806,25.1514,47.0424,57.2892,47.0424,43.1088,19.8238,36.5639,61.674,40.5286,45.6741,24.1652,46.1336,69.42,39.9824,50.6614,31.7881,62.2517,71.5232,51.6556,46.3768,23.2221,47.8955,62.4093,53.701,EPI_ISL_17964978,Avian,H5N1,2023.274,NorthAmerica,A/turkey_vulture/Montana/23-016828-001-original/2023,G6
0,-1,42.2693,20,38.8235,65.8824,42.3529,44.705,20.6259,44.808,82.5036,43.3855,48.1258,28.8011,46.8855,77.0261,38.1782,44.4134,25.6171,48.4397,57.755,48.4397,43.373,19.8238,37.8855,58.5903,44.0529,45.235,21.9684,45.2548,67.2232,43.9367,50.6614,34.4371,63.5762,72.8477,52.9801,46.5217,24.6734,46.4441,62.4093,53.701,EPI_ISL_17964979,Avian,H5N1,2023.392,NorthAmerica,A/turkey_vulture/California/23-016937-001-original/2023,G11
0,-1,41.8577,18.2353,39.4118,65.8824,39.4118,44.1365,18.4922,43.3855,83.2148,41.963,47.6573,26.1219,47.5553,74.347,40.8573,44.2737,24.6856,47.0424,59.1523,47.0424,43.2849,18.0617,42.2907,60.3524,40.0881,45.5424,24.1652,44.3761,71.1775,41.7399,50.6614,33.1126,62.2517,71.5232,52.9801,48.1159,29.0276,50.7983,60.9579,44.9927,EPI_ISL_17964980,Avian,H5N1,2023.389,NorthAmerica,A/turkey_vulture/California/23-016941-001-original/2023,G3
0,-1,41.9165,18.8235,38.2353,65.2941,39.4118,43.8522,17.0697,44.0967,80.3698,41.963,47.5904,25.4521,47.5553,73.0074,40.1875,44.3203,24.6856,47.5082,58.6865,47.0424,43.3289,17.6211,42.2907,60.3524,40.0881,45.4106,24.1652,44.3761,71.6169,40.8612,50.7937,31.7881,60.9272,74.1722,51.6556,47.971,27.5762,50.7983,62.4093,44.9927,EPI_ISL_17964981,Avian,H5N1,2023.381,NorthAmerica,A/great_horned_owl/Idaho/23-017158-001-original/2023,G3
0,1,41.6226,19.4118,38.8235,64.7059,40.5882,44.634,19.9147,44.808,82.5036,42.6743,47.5904,22.7729,46.8855,80.3751,46.2157,43.4358,20.4937,43.782,59.1523,47.5082,43.2409,19.8238,38.326,60.3524,41.8502,44.3566,20.6503,42.6186,63.7083,39.9824,50,31.7881,63.5762,72.8477,49.0066,45.942,24.6734,55.1524,65.312,39.1872,EPI_ISL_17971918,Avian,H5N1,2023.403,Europe,A/Sandwich_Tern/Wales/076060/2023,G1
0,1,41.6226,19.4118,38.8235,64.7059,40.5882,44.634,19.9147,44.808,82.5036,42.6743,47.5904,22.7729,46.8855,80.3751,46.2157,43.4358,20.4937,43.782,59.1523,47.5082,43.2849,19.8238,38.326,60.3524,41.8502,44.3566,20.6503,42.6186,63.7083,39.9824,50.1323,31.7881,64.9007,72.8477,49.0066,45.942,24.6734,55.1524,65.312,39.1872,EPI_ISL_17971919,Avian,H5N1,2023.403,Europe,A/Sandwich_Tern/Wales/076064/2023,G1
0,1,41.6226,19.4118,37.6471,65.8824,41.7647,44.5629,19.9147,44.0967,81.7923,43.3855,47.6573,22.1031,48.8948,81.7147,44.8761,43.1099,20.4937,42.8505,59.6181,46.5766,43.417,20.7048,39.207,61.2335,40.9692,44.2688,20.2109,41.7399,64.1476,38.225,50.3968,33.1126,64.9007,70.1987,51.6556,45.942,24.6734,56.6038,63.8607,37.7358,EPI_ISL_17971920,Avian,H5N1,2023.403,Europe,A/Arctic_Tern/Wales/076069/2023,G1
0,1,41.8577,20,38.8235,66.4706,41.7647,44.634,19.9147,44.808,81.7923,42.6743,47.7242,23.4427,48.2251,80.3751,46.2157,43.203,20.4937,43.782,59.6181,47.0424,43.417,20.2643,38.7665,61.674,42.2907,44.3127,19.7715,41.3005,63.7083,39.5431,50.1323,33.1126,63.5762,70.1987,51.6556,46.087,24.6734,56.6038,63.8607,39.1872,EPI_ISL_17971921,Avian,H5N1,2023.395,Europe,A/Black-Headed_Gull/England/076101/2023,G1
0,1,41.8577,19.4118,38.8235,67.6471,41.1765,44.705,21.3371,44.808,81.7923,42.6743,47.5904,23.4427,48.2251,79.0355,45.5459,43.203,20.4937,44.7136,58.6865,47.0424,43.3289,20.2643,38.7665,61.2335,42.2907,44.2688,19.7715,41.7399,63.2689,39.1037,50.1323,33.1126,63.5762,70.1987,51.6556,46.087,24.6734,56.6038,63.8607,39.1872,EPI_ISL_17971922,Avian,H5N1,2023.408,Europe,A/Black-Headed_Gull/England/126426/2023,G1
0,1,41.9165,19.4118,38.8235,66.4706,41.1765,44.5869,20.67,44.9038,81.9672,42.7655,47.8581,23.4427,48.2251,81.7147,46.2157,43.3628,20.979,44.7552,59.6737,47.0862,43.461,20.2643,38.7665,61.674,42.7313,44.2645,18.4518,41.8542,63.4563,40.5041,50.2695,28.7671,65.7534,71.2329,53.4247,45.7971,24.6734,55.1524,62.4093,39.1872,EPI_ISL_17971923,Avian,H5N1,2023.408,Europe,A/Black-Headed_Gull/England/126428/2023,G1
1,-1,41.7647,18.2568,37.1025,64.7821,41.8139,44.8472,19.9147,45.5192,83.2148,44.0967,47.7242,28.8011,46.8855,71.6678,38.848,44.3669,24.6856,44.7136,59.6181,47.0424,43.5931,19.8238,37.0044,64.3172,42.2907,44.5323,21.0896,41.7399,64.1476,39.1037,50.5291,33.1126,64.9007,72.8477,51.6556,46.4441,24.7453,48.0349,65.5022,48.0349,EPI_ISL_17971989,Feline,H5N1,2023.468,Europe,A/domestic_cat/Poland/H255-M/2023(H5N1),G9
1,-1,41.7989,18.2353,37.0588,65.2941,41.7647,44.8472,19.9147,45.5192,83.2148,44.0967,47.7242,28.8011,46.8855,71.6678,38.848,44.4134,24.6856,45.1793,59.6181,47.0424,43.5491,19.3833,37.0044,64.3172,42.2907,44.464,21.1082,40.8971,64.204,39.5778,50.3968,33.1126,63.5762,72.8477,51.6556,46.5217,24.6734,47.8955,65.312,50.7983,EPI_ISL_17971990,Feline,H5N1,2023.477,Europe,A/domestic_cat/Poland/H256-G/2023(H5N1),G9
1,-1,41.7402,18.2353,37.0588,64.7059,41.7647,44.8472,19.9147,45.5192,83.2148,44.0967,47.7242,28.8011,46.8855,71.6678,38.848,44.3203,24.2198,44.2478,59.6181,47.0424,43.5491,19.3833,37.0044,64.3172,42.2907,44.5079,21.1082,41.7766,64.204,39.1381,50.5291,33.1126,64.9007,72.8477,51.6556,46.5217,24.6734,47.8955,65.312,50.7983,EPI_ISL_17971991,Feline,H5N1,2023.477,Europe,A/domestic_cat/Poland/H257-G/2023(H5N1),G9
1,-1,41.7402,18.2353,37.0588,64.7059,41.7647,44.9183,19.9147,45.5192,83.926,44.0967,47.7242,28.8011,46.8855,71.6678,38.848,44.3669,24.6856,44.7136,60.0838,47.0424,43.5931,19.3833,37.0044,64.7577,42.2907,44.4884,21.0896,41.7399,64.1476,39.1037,50.5291,33.1126,64.9007,72.8477,51.6556,46.5217,24.6734,47.8955,65.312,50.7983,EPI_ISL_17971992,Feline,H5N1,2023.482,Europe,A/domestic_cat/Poland/H263-G/2023(H5N1),G9
1,-1,41.7402,18.2353,37.0588,64.7059,41.7647,44.8791,19.943,45.584,83.3333,44.1595,47.7242,28.8011,46.8855,71.6678,38.848,44.3875,24.7086,44.7552,59.6737,47.0862,43.5491,19.3833,37.0044,64.3172,42.2907,44.4835,21.1268,41.8134,63.8204,39.1725,50.5291,33.1126,64.9007,72.8477,51.6556,46.5217,24.6734,47.8955,65.312,50.7983,EPI_ISL_17971993,Feline,H5N1,2023.463,Europe,A/domestic_cat/Poland/H266-W/2023(H5N1),G9
1,-1,41.7647,18.2568,37.1025,64.7821,41.8139,44.8472,19.9147,45.5192,83.2148,44.0967,47.6573,28.8011,46.8855,71.6678,37.5084,44.3669,24.6856,44.7136,59.6181,47.0424,43.5931,19.3833,37.0044,64.7577,42.2907,44.464,21.1082,41.7766,64.204,39.1381,50.5291,33.1126,64.9007,72.8477,51.6556,46.5217,24.6734,47.8955,65.312,50.7983,EPI_ISL_17971994,Feline,H5N1,2023.479,Europe,A/domestic_cat/Poland/H267-W/2023(H5N1),G9
1,-1,41.7402,18.2353,37.0588,64.7059,41.7647,44.9183,19.9147,45.5192,83.2148,44.0967,47.7242,28.8011,46.8855,71.6678,38.848,44.3669,24.6856,44.7136,59.6181,47.5082,43.6812,20.2643,37.0044,64.3172,42.7313,44.4884,21.0896,41.7399,64.1476,39.1037,50.5291,33.1126,64.9007,72.8477,51.6556,46.5217,24.6734,47.8955,65.312,50.7983,EPI_ISL_17971995,Feline,H5N1,2023.479,Europe,A/domestic_cat/Poland/H270-W/2023(H5N1),G9
1,-1,41.6814,18.2353,37.0588,64.7059,41.7647,44.8472,19.9147,45.5192,83.2148,44.0967,47.7242,28.8011,46.8855,71.6678,38.848,44.3669,24.6856,44.7136,59.6181,47.0424,43.5931,19.3833,37.0044,64.7577,42.2907,44.4884,21.0896,41.7399,64.1476,39.1037,50.6614,33.1126,66.2252,72.8477,52.9801,46.5217,24.6734,47.8955,65.312,50.7983,EPI_ISL_17971996,Feline,H5N1,2023.479,Europe,A/domestic_cat/Poland/H271-W/2023(H5N1),G9
1,-1,41.7059,18.2568,37.1025,64.7821,41.8139,44.8472,19.9147,45.5192,83.2148,44.0967,47.7242,28.8011,46.8855,71.6678,38.848,44.3409,24.7086,44.7552,59.2075,47.0862,43.5931,19.3833,37.0044,64.7577,42.2907,44.3956,20.6866,41.8134,63.3803,39.1725,50.5291,33.1126,64.9007,72.8477,51.6556,46.5217,24.6734,47.8955,65.312,50.7983,EPI_ISL_17971997,Feline,H5N1,2023.482,Europe,A/domestic_cat/Poland/H277-W1/2023(H5N1),G9
1,-1,41.7402,18.2353,37.0588,64.7059,41.7647,44.8472,19.9147,45.5192,83.2148,44.0967,47.7242,28.8011,46.8855,71.6678,38.848,44.3669,24.6856,44.7136,59.6181,47.0424,43.5931,19.3833,37.0044,64.7577,42.2907,44.4884,21.0896,41.7399,64.1476,39.1037,50.5291,33.1126,64.9007,72.8477,51.6556,46.5217,24.6734,47.8955,65.312,50.7983,EPI_ISL_17971998,Feline,H5N1,2023.482,Europe,A/domestic_cat/Poland/H264-G/2023(H5N1),G9
0,-1,41.7402,18.2353,37.0588,64.7059,41.7647,44.8472,19.9147,45.5192,83.2148,44.0967,47.7242,28.8011,46.8855,71.6678,38.848,44.3669,24.6856,44.7136,59.6181,47.0424,43.6372,19.3833,37.0044,64.7577,42.7313,44.4005,21.0896,41.7399,64.1476,39.1037,50.5291,33.1126,64.9007,72.8477,51.6556,46.6667,26.1248,47.8955,65.312,52.2496,EPI_ISL_17978700,Avian,H5N1,2023.422,Europe,A/white_stork/Poland/MB244/2023,G9
0,1,41.5638,18.2353,38.8235,65.2941,41.7647,45.0213,20.6553,45.584,82.6211,43.4473,47.6892,23.4742,48.2897,81.1536,44.9363,43.2495,20.9595,44.2478,59.1523,47.0424,43.2849,20.2643,37.8855,61.2335,41.4097,44.2198,19.8063,42.2535,62.0599,39.6127,50.5291,33.1126,64.9007,70.1987,54.3046,45.6522,24.6734,56.6038,58.0552,39.1872,EPI_ISL_17982383,Avian,H5N1,2023.438,Europe,A/Black-headed_Gull/Netherlands/81/2023,G1
0,1,41.7989,19.4118,38.8235,66.4706,41.1765,44.5235,19.2308,44.8718,81.9088,42.735,47.7912,23.4427,48.2251,80.3751,46.2157,43.2961,20.9595,44.7136,59.1523,47.5082,43.304,20.7231,38.8007,61.2875,41.8871,44.2198,19.8063,41.8134,62.0599,39.6127,50.2646,33.1126,64.9007,70.1987,52.9801,45.7971,24.6734,55.1524,60.9579,37.7358,EPI_ISL_17982384,Avian,H5N1,2023.436,Europe,A/Black-headed_Gull/Netherlands/82/2023,G1
0,1,41.3286,18.2353,38.8235,64.7059,40,44.6657,20.6553,44.8718,80.4843,42.735,47.6892,23.4742,48.2897,81.1536,45.607,43.1564,20.0279,44.2478,58.6865,46.1109,43.348,20.2822,38.8007,61.7284,41.8871,44.2392,19.8151,41.8318,61.6469,39.6301,50.2646,33.1126,63.5762,70.1987,51.6556,46.2319,24.6734,56.6038,60.9579,39.1872,EPI_ISL_17982387,Avian,H5N1,2023.436,Europe,A/Common_Tern/Netherlands/10/2023,G1
0,1,41.7402,19.4118,38.8235,66.4706,41.1765,44.6657,20.6553,44.8718,81.9088,42.0228,47.7562,24.1449,48.9604,81.1536,46.2777,43.1564,20.4937,44.7136,58.2208,47.5082,43.348,19.8413,38.8007,60.8466,41.4462,44.1953,19.8151,41.3915,62.0872,39.6301,50.1323,33.1126,63.5762,70.1987,51.6556,45.942,24.6734,56.6038,60.9579,39.1872,EPI_ISL_17982388,Avian,H5N1,2023.444,Europe,A/European_herring_gull/Netherlands/15/2023,G1
0,1,41.6226,19.4118,38.8235,66.4706,41.1765,44.6657,20.6553,44.8718,81.1966,42.735,47.8232,24.1449,48.9604,81.1536,46.2777,43.203,20.4937,44.7136,58.6865,47.5082,43.417,20.2643,38.7665,61.674,41.8502,44.1953,19.8151,41.3915,62.0872,39.6301,50.1323,33.1126,63.5762,70.1987,51.6556,45.942,24.6734,56.6038,60.9579,39.1872,EPI_ISL_17982389,Avian,H5N1,2023.436,Europe,A/Sandwich_Tern/Netherlands/3/2023,G1
0,1,41.6814,19.4118,38.8235,66.4706,41.1765,44.6657,20.6553,44.8718,81.1966,42.735,47.8581,24.1125,48.8948,81.0449,46.8855,43.2961,20.4937,45.1793,58.6865,48.4397,43.3921,20.2822,38.8007,61.2875,41.8871,44.2198,19.8063,41.3732,62.5,39.6127,50.1323,33.1126,63.5762,70.1987,51.6556,45.942,24.6734,56.6038,60.9579,39.1872,EPI_ISL_17982390,Avian,H5N1,2023.455,Europe,A/Sandwich_Tern/Netherlands/4/2023,G1
0,1,41.6814,19.4118,38.8235,66.4706,41.1765,44.6657,20.6553,44.8718,81.1966,42.735,47.8232,24.1449,48.9604,81.1536,46.2777,43.203,20.4937,44.7136,58.6865,47.5082,43.3921,20.2822,38.8007,61.2875,41.8871,44.2198,19.8063,41.3732,62.5,39.6127,50.2646,33.1126,63.5762,71.5232,51.6556,45.942,24.6734,56.6038,60.9579,39.1872,EPI_ISL_17982391,Avian,H5N1,2023.455,Europe,A/Sandwich_Tern/Netherlands/5/2023,G1
0,1,41.6814,19.4118,38.8235,66.4706,41.1765,44.6657,20.6553,44.8718,81.1966,42.735,47.8232,24.1449,48.9604,81.1536,46.2777,43.1564,20.4937,44.7136,58.6865,47.0424,43.348,19.8413,38.3598,61.2875,41.8871,44.2198,19.8063,41.3732,62.5,39.6127,50.1323,33.1126,63.5762,70.1987,51.6556,45.942,24.6734,56.6038,60.9579,39.1872,EPI_ISL_17982392,Avian,H5N1,2023.455,Europe,A/Sandwich_Tern/Netherlands/6/2023,G1
0,1,41.7402,20,38.8235,67.0588,41.1765,44.7368,20.6553,44.8718,81.1966,42.735,47.7562,24.1449,48.9604,79.8122,46.2777,43.203,20.4937,44.7136,58.6865,47.5082,43.3921,20.2822,38.8007,61.2875,41.8871,44.1513,19.8151,41.3915,62.0872,38.7494,50.1323,33.1126,63.5762,70.1987,51.6556,45.942,24.6734,56.6038,60.9579,39.1872,EPI_ISL_17982393,Avian,H5N1,2023.455,Europe,A/Sandwich_Tern/Netherlands/7/2023,G1
0,1,41.9165,19.4118,39.4118,66.4706,41.1765,44.7368,20.6553,44.8718,81.9088,43.4473,47.8581,23.4427,48.2251,81.0449,46.2157,43.2697,20.979,45.2214,59.2075,47.5524,43.3921,20.2822,38.8007,61.2875,42.769,44.1758,19.8063,41.8134,62.0599,39.6127,50.2646,33.1126,64.9007,70.1987,52.9801,46.087,24.6734,56.6038,63.8607,39.1872,EPI_ISL_17985395,Avian,H5N1,2023.466,Europe,A/Black-headed_Gull/Netherlands/84/2023,G1
0,1,41.6226,18.8235,38.2353,65.8824,41.7647,44.6657,19.943,44.8718,81.9088,44.1595,47.7242,22.7729,48.2251,80.3751,46.8855,43.3426,20.0279,42.8505,60.5496,46.5766,43.304,20.2822,39.2416,60.8466,41.0053,44.1758,19.8063,41.8134,63.3803,38.7324,50.3968,33.1126,64.9007,70.1987,51.6556,45.942,24.6734,56.6038,63.8607,37.7358,EPI_ISL_17985396,Avian,H5N1,2023.455,Europe,A/Black-headed_Gull/Netherlands/85/2023,G1
0,1,41.7402,19.4118,38.8235,66.4706,41.1765,44.6657,20.6553,44.8718,81.9088,42.735,47.7242,23.4427,48.2251,80.3751,46.2157,43.1564,20.4937,44.7136,57.755,47.5082,43.304,20.2822,38.8007,61.2875,41.8871,44.3516,19.8063,42.2535,62.5,40.0528,50.3968,33.1126,64.9007,70.1987,54.3046,46.087,24.6734,56.6038,63.8607,39.1872,EPI_ISL_17985397,Avian,H5N1,2023.455,Europe,A/Black-headed_Gull/Netherlands/86/2023,G1
0,1,41.7402,19.4118,38.8235,66.4706,41.1765,44.6657,20.6553,44.8718,81.9088,42.735,47.7242,23.4427,48.2251,80.3751,46.2157,43.1765,20.5128,44.7552,57.8089,47.5524,43.304,20.2822,38.8007,61.2875,41.8871,44.2637,19.8063,41.8134,62.5,39.6127,50.2646,33.1126,64.9007,70.1987,52.9801,46.087,24.6734,56.6038,63.8607,39.1872,EPI_ISL_17985398,Avian,H5N1,2023.455,Europe,A/Black-headed_Gull/Netherlands/87/2023,G1
0,1,41.6226,18.8235,38.2353,65.8824,41.7647,44.6657,19.943,44.8718,81.9088,44.1595,48.0226,21.9081,49.47,83.3922,46.6431,43.2961,20.0279,42.8505,60.5496,46.5766,43.3289,20.2643,39.207,61.2335,40.9692,44.1758,19.8063,41.8134,63.3803,38.7324,50.3968,33.1126,64.9007,72.8477,50.3311,45.7971,24.6734,55.1524,63.8607,37.7358,EPI_ISL_17985399,Avian,H5N1,2023.455,Europe,A/Black-headed_Gull/Netherlands/88/2023,G1
0,1,41.7402,19.4118,38.8235,66.4706,41.1765,44.5946,20.6553,44.8718,81.9088,42.735,47.7912,23.4427,48.2251,80.3751,46.2157,43.1564,20.9595,44.7136,58.2208,47.0424,43.304,20.2822,38.8007,61.7284,41.8871,44.1758,19.8063,41.8134,62.0599,39.6127,50.1323,33.1126,64.9007,70.1987,52.9801,46.087,24.6734,56.6038,63.8607,39.1872,EPI_ISL_17985400,Avian,H5N1,2023.455,Europe,A/Black-headed_Gull/Netherlands/89/2023,G1
0,1,41.6226,18.8235,38.2353,65.8824,41.7647,44.6657,19.943,44.8718,81.9088,44.1595,47.6573,22.7729,48.2251,80.3751,46.2157,43.3426,20.0279,42.8505,60.5496,46.5766,43.373,20.2643,39.6476,61.2335,41.4097,44.1319,19.8063,41.8134,63.3803,38.7324,50.5291,33.1126,64.9007,72.8477,51.6556,45.942,24.6734,56.6038,63.8607,37.7358,EPI_ISL_17985401,Avian,H5N1,2023.455,Europe,A/Black-headed_Gull/Netherlands/90/2023,G1
0,1,41.6226,18.8235,38.2353,65.8824,41.7647,44.6657,19.943,44.8718,81.9088,44.1595,47.7242,22.7729,48.2251,80.3751,46.8855,43.3426,20.0279,42.8505,60.5496,46.5766,43.304,20.2822,39.2416,60.8466,41.0053,44.1319,19.8063,41.8134,62.9401,38.7324,50.5291,33.1126,64.9007,72.8477,51.6556,45.942,24.6734,56.6038,63.8607,37.7358,EPI_ISL_17985402,Avian,H5N1,2023.455,Europe,A/Black-headed_Gull/Netherlands/92/2023,G1
0,1,41.7989,19.4118,38.8235,66.4706,41.1765,44.5235,19.2308,44.8718,81.9088,42.735,47.7912,23.4427,48.2251,80.3751,46.2157,43.2961,20.9595,44.7136,59.1523,47.5082,43.373,20.7048,38.7665,62.1145,41.8502,44.2198,19.8063,41.8134,62.0599,39.6127,50.2646,33.1126,64.9007,70.1987,52.9801,45.7971,24.6734,55.1524,63.8607,37.7358,EPI_ISL_17985403,Avian,H5N1,2023.455,Europe,A/Black-headed_Gull/Netherlands/93/2023,G1
0,1,41.5638,17.6471,38.8235,65.8824,41.1765,44.6657,20.6553,44.8718,81.9088,42.735,47.7242,22.7729,48.2251,81.0449,46.2157,43.1099,20.0279,44.2478,58.6865,47.0424,43.3921,20.2822,38.8007,61.7284,42.328,44.4396,20.2465,42.2535,62.9401,40.9331,50.1323,33.1126,63.5762,70.1987,50.3311,45.6522,23.2221,56.6038,62.4093,39.1872,EPI_ISL_17985404,Avian,H5N1,2023.46,Europe,A/Black-headed_Gull/Netherlands/94/2023,G1
0,1,41.7402,18.8235,38.8235,66.4706,41.1765,44.7368,20.6553,44.1595,81.9088,43.4473,47.992,23.4427,49.5646,83.724,46.2157,43.0633,20.0279,43.782,59.1523,46.5766,43.348,19.8413,39.2416,61.2875,41.8871,44.3077,19.8063,42.2535,62.0599,40.0528,50.3968,33.1126,64.9007,70.1987,51.6556,46.087,24.6734,56.6038,62.4093,39.1872,EPI_ISL_17985405,Avian,H5N1,2023.46,Europe,A/Black-headed_Gull/Netherlands/95/2023,G1
0,1,41.5638,17.6471,38.8235,67.0588,41.1765,44.808,20.6553,45.584,81.9088,42.735,47.7912,23.4427,48.2251,81.0449,46.2157,43.1099,20.0279,44.2478,58.6865,47.0424,43.373,20.7048,38.7665,61.2335,41.8502,44.4396,19.8063,41.8134,63.8204,40.493,50.2646,33.1126,63.5762,70.1987,51.6556,45.7971,24.6734,56.6038,62.4093,39.1872,EPI_ISL_17985406,Avian,H5N1,2023.466,Europe,A/Black-headed_Gull/Netherlands/96/2023,G1
0,1,41.7402,18.2353,38.2353,65.8824,42.9412,44.4523,19.943,44.1595,81.1966,44.1595,47.7912,24.1125,48.2251,80.3751,48.2251,43.4358,20.9595,43.782,60.5496,47.0424,43.3289,20.2643,38.7665,61.2335,40.9692,44.2443,20.2287,42.2164,63.7643,38.6983,50.2646,33.1126,63.5762,70.1987,51.6556,45.942,24.6734,56.6038,63.8607,37.7358,EPI_ISL_17985407,Avian,H5N1,2023.466,Europe,A/Black-headed_Gull/Netherlands/97/2023,G1
0,1,41.505,17.6471,38.8235,65.8824,41.1765,44.808,20.6553,45.584,81.9088,42.735,47.7912,23.4427,48.2251,81.0449,46.2157,43.1099,20.0279,44.2478,58.6865,47.0424,43.373,20.7048,38.7665,61.2335,41.8502,44.4396,19.8063,42.2535,63.8204,40.493,50.2646,33.1126,63.5762,70.1987,51.6556,45.5072,23.2221,53.701,62.4093,39.1872,EPI_ISL_17985408,Avian,H5N1,2023.466,Europe,A/Common_Tern/Netherlands/11/2023,G1
0,1,41.9165,19.4118,39.4118,66.4706,41.1765,44.808,20.6553,44.8718,82.6211,43.4473,47.7912,23.4427,47.5553,81.0449,46.2157,43.2495,20.9595,45.1793,59.1523,47.5082,43.3921,20.2822,38.8007,61.2875,42.769,44.1758,19.8063,41.8134,62.0599,39.6127,50.2646,33.1126,64.9007,70.1987,52.9801,46.087,24.6734,56.6038,63.8607,39.1872,EPI_ISL_17985409,Avian,H5N1,2023.466,Europe,A/Common_Tern/Netherlands/12/2023,G1
0,1,41.5638,18.2353,38.8235,66.4706,41.1765,44.5235,19.943,44.1595,79.7721,42.735,47.6573,23.4427,48.2251,79.7053,46.8855,43.1099,19.0964,44.2478,59.1523,46.5766,43.304,20.2822,38.8007,61.2875,41.8871,44.2637,19.8063,42.2535,62.0599,39.1725,50.2646,33.1126,63.5762,70.1987,51.6556,46.3768,24.6734,56.6038,65.312,39.1872,EPI_ISL_17985410,Avian,H5N1,2023.468,Europe,A/Common_Tern/Netherlands/13/2023,G1
0,1,41.9753,20.5882,38.8235,67.0588,41.1765,44.7368,19.943,44.8718,82.6211,43.4473,47.5904,23.4427,48.2251,79.7053,45.5459,43.1564,20.4937,44.2478,57.755,47.0424,43.373,19.8238,38.7665,62.9956,41.8502,44.1319,19.8063,41.8134,62.0599,39.6127,50.1323,33.1126,63.5762,70.1987,51.6556,46.087,24.6734,53.701,66.7634,39.1872,EPI_ISL_17985411,Avian,H5N1,2023.466,Europe,A/Mediterranean_Gull/Netherlands/5/2023,G1
0,1,41.6814,18.8235,38.8235,65.2941,41.1765,44.7761,19.9147,44.808,82.5036,42.6743,47.7242,22.7729,48.2251,81.0449,46.2157,43.5289,20.9595,44.2478,59.1523,47.5082,43.1968,19.8238,38.326,60.3524,41.4097,44.1809,19.7715,42.1793,63.2689,39.9824,50.2646,31.7881,64.9007,71.5232,50.3311,45.6522,24.6734,55.1524,63.8607,39.1872,EPI_ISL_17996130,Avian,H5N1,2023.455,Europe,A/sandwich_tern/Italy/23VIR5828-2/2023,G1
0,1,41.6226,18.8235,38.8235,65.2941,40.5882,44.8472,19.9147,44.808,82.5036,42.6743,47.6573,22.7729,48.2251,80.3751,46.2157,43.4358,20.4937,44.2478,58.2208,47.5082,43.1968,19.8238,38.326,60.3524,41.4097,44.1809,19.7715,42.1793,63.2689,39.9824,50.2646,31.7881,64.9007,71.5232,50.3311,45.6522,24.6734,55.1524,63.8607,39.1872,EPI_ISL_17996131,Avian,H5N1,2023.455,Europe,A/sandwich_tern/Italy/23VIR5828-3/2023,G1
0,1,41.6814,18.8235,38.8235,65.2941,41.1765,44.7761,19.9147,44.808,82.5036,42.6743,47.7912,22.7729,48.8948,81.0449,46.8855,43.5754,20.9595,44.7136,59.1523,47.9739,43.1968,19.8238,38.326,60.3524,41.4097,44.1809,19.7715,42.1793,63.2689,39.9824,50.2646,31.7881,64.9007,71.5232,50.3311,45.6522,24.6734,55.1524,63.8607,39.1872,EPI_ISL_17996132,Avian,H5N1,2023.455,Europe,A/sandwich_tern/Italy/23VIR5828-8/2023,G1
0,1,41.6814,18.8235,38.8235,65.2941,41.1765,44.7761,19.9147,44.808,82.5036,42.6743,47.7242,22.7729,48.2251,81.0449,46.2157,43.4823,20.9595,44.2478,59.1523,47.5082,43.1968,19.8238,38.326,60.3524,41.4097,44.3127,19.7715,42.1793,63.2689,40.8612,50.2646,31.7881,64.9007,71.5232,50.3311,45.6522,24.6734,55.1524,63.8607,39.1872,EPI_ISL_17996133,Avian,H5N1,2023.422,Europe,A/sandwich_tern/Italy/23VIR5796/2023,G1
0,1,41.6814,18.8235,38.8235,65.2941,41.1765,44.7761,19.9147,44.808,82.5036,42.6743,47.7242,22.7729,48.2251,81.0449,46.2157,43.4358,20.9595,44.2478,59.1523,47.5082,43.1968,19.8238,38.326,60.3524,41.4097,44.1809,19.7715,42.1793,63.2689,39.9824,50.2646,31.7881,64.9007,71.5232,50.3311,45.7971,24.6734,55.1524,65.312,39.1872,EPI_ISL_17996135,Avian,H5N1,2023.441,Europe,A/sandwich_tern/Italy/23VIR5983/2023,G1
0,1,41.6226,18.8235,38.2353,65.2941,41.1765,44.7761,19.9147,44.808,82.5036,42.6743,47.7242,22.7729,48.2251,81.0449,46.2157,43.5289,20.9595,44.2478,59.1523,47.5082,43.1968,19.8238,38.326,60.3524,41.4097,44.2004,19.7889,42.2164,63.7643,39.5778,50.4636,31.8725,66.4011,73.0412,50.4648,45.6522,24.6734,55.1524,63.8607,39.1872,EPI_ISL_17996136,Avian,H5N1,2023.474,Europe,A/sandwich_tern/Italy/23VIR5984/2023,G1
0,1,41.6814,18.8235,38.8235,65.2941,41.1765,44.7761,19.9147,44.808,82.5036,42.6743,47.7242,22.7729,48.2251,81.0449,46.2157,43.5026,20.979,43.8228,59.2075,47.5524,43.1968,19.8238,38.326,60.3524,41.4097,44.1809,19.7715,42.1793,63.2689,39.9824,50.2646,31.7881,64.9007,71.5232,50.3311,45.6522,24.6734,55.1524,63.8607,39.1872,EPI_ISL_17996137,Avian,H5N1,2023.466,Europe,A/sandwich_tern/Italy/23VIR5985/2023,G1
0,1,41.6814,18.8235,39.4118,65.2941,41.1765,44.7761,19.9147,44.808,82.5036,42.6743,47.7242,22.7729,48.2251,81.0449,46.2157,43.5289,20.9595,44.2478,59.1523,47.5082,43.2409,19.8238,38.326,60.793,41.4097,44.0931,19.3322,41.7399,63.2689,39.9824,50.5291,33.1126,66.2252,71.5232,51.6556,45.5072,23.2221,55.1524,63.8607,39.1872,EPI_ISL_17996139,Avian,H5N1,2023.474,Europe,A/mediterranean_gull/Italy/23VIR5981-3/2023,G1
0,-1,42.1517,19.4118,38.8235,64.1176,42.9412,44.4918,20.6259,44.0967,81.0811,44.0967,48.0589,29.4709,48.8948,77.0261,36.8386,44.3669,24.6856,47.9739,56.8235,48.4397,43.461,20.2643,39.207,59.9119,43.1718,45.2789,22.4077,44.8155,67.6626,43.9367,50.7937,34.4371,64.9007,71.5232,52.9801,46.9565,26.1248,50.7983,65.312,55.1524,EPI_ISL_18007229,Avian,H5N1,2023.29,Asia,A/large-billed_crow/Hokkaido/B052/2023,G11
0,-1,42.0929,19.4118,38.8235,65.8824,41.1765,44.4918,19.9147,44.808,81.7923,43.3855,48.0589,28.8011,48.2251,77.6959,36.8386,44.5531,27.4802,49.837,58.2208,47.0424,43.417,19.8238,38.7665,59.9119,43.1718,44.9275,20.2109,43.058,69.42,40.8612,50.7937,34.4371,63.5762,71.5232,52.9801,46.8116,24.6734,47.8955,63.8607,53.701,EPI_ISL_18007230,Avian,H5N1,2023.293,Asia,A/large-billed_crow/Hokkaido/B053/2023,
0,-1,41.9753,17.6471,38.2353,65.2941,40,44.4918,19.9147,44.808,81.7923,42.6743,47.5904,26.1219,46.8855,73.6772,40.1875,45.2048,24.2198,47.5082,64.7415,49.3712,43.6812,20.2643,40.0881,60.3524,40.5286,43.9614,20.6503,42.6186,66.7838,36.4675,50.7937,31.7881,63.5762,75.4967,52.9801,45.4685,18.4615,49.2308,67.6923,44.6154,EPI_ISL_18007231,Avian,H5N1,2023.2,Asia,A/large-billed_crow/Akita/0503F012/2023,
0,-1,41.9165,18.2353,37.6471,65.2941,40,44.2075,19.2034,44.0967,78.9474,42.6743,47.5234,26.1219,45.5459,74.347,40.1875,45.0652,23.2883,47.0424,64.7415,49.837,43.6812,20.2643,40.0881,60.3524,40.5286,43.8735,21.0896,42.6186,66.7838,36.0281,50.9259,34.4371,63.5762,75.4967,51.6556,45.4685,18.4615,49.2308,69.2308,44.6154,EPI_ISL_18007232,Avian,H5N1,2023.225,Asia,A/large-billed_crow/Niigata/1503B017/2023,
0,1,41.6226,18.8235,38.8235,64.7059,41.7647,44.4208,19.2034,43.3855,81.7923,44.0967,47.7912,22.7729,48.2251,80.3751,47.5553,43.3892,20.4937,43.3163,60.5496,47.0424,43.417,20.2643,39.207,61.2335,40.9692,44.1809,19.7715,41.7399,64.1476,38.6643,50.3968,33.1126,64.9007,70.1987,51.6556,45.942,24.6734,56.6038,63.8607,37.7358,EPI_ISL_18010406,Avian,H5N1,2023.367,Europe,A/Chicken/England/067400/2023,G1
0,1,41.7989,19.4118,38.8235,66.4706,41.1765,44.4918,19.9147,43.3855,81.7923,44.0967,47.8581,23.4427,48.2251,80.3751,47.5553,43.3426,20.4937,43.3163,60.5496,47.0424,43.373,20.2643,39.207,61.674,40.5286,44.3272,19.8063,41.8134,64.2606,38.7324,50.3968,33.1126,64.9007,70.1987,51.6556,45.942,24.6734,56.6038,63.8607,37.7358,EPI_ISL_18010407,Avian,H5N1,2023.425,Europe,A/Black-Headed_Gull/England/328362/2023,G1
0,1,41.6814,19.4118,38.8235,66.4706,41.1765,44.634,19.9147,44.808,81.7923,43.3855,47.7912,23.4427,48.2251,80.3751,47.5553,43.1564,20.4937,43.782,59.1523,46.5766,43.417,20.2643,39.207,61.674,42.2907,44.3127,19.7715,41.7399,62.8295,39.5431,50.1323,33.1126,63.5762,70.1987,51.6556,46.087,24.6734,56.6038,63.8607,39.1872,EPI_ISL_18010487,Avian,H5N1,2023.425,Europe,A/Herring_Gull/England/328375/2023,G1
0,1,41.7602,18.9237,39.0302,66.233,41.3956,44.9231,21.5716,43.9137,81.6641,43.9137,47.5107,21.3523,46.9751,79.0036,48.3986,43.3628,20.979,43.3566,60.6061,47.0862,43.3928,20.1281,38.8838,63.129,39.3413,44.2745,18.1143,41.8021,65.0255,39.4798,50.5479,30.1783,67.2154,71.3306,52.1262,46.2382,26.7296,56.6038,64.4654,40.8805,EPI_ISL_18010488,Avian,H5N1,2023.444,Europe,A/Black-Headed_Gull/England/328624/2023,G1
0,1,41.7402,18.8235,38.2353,66.4706,41.1765,44.9183,20.6259,44.808,81.7923,43.3855,47.6573,23.4427,47.5553,80.3751,45.5459,43.203,20.0279,44.2478,59.6181,47.0424,43.5051,19.8238,39.6476,62.9956,41.8502,44.3127,19.7715,41.7399,62.8295,40.8612,50.2646,33.1126,64.9007,70.1987,50.3311,45.7971,24.6734,55.1524,62.4093,39.1872,EPI_ISL_18010489,Avian,H5N1,2023.416,Europe,A/Black-Headed_Gull/England/260445/2023,G1
0,1,41.7989,20,38.8235,66.4706,41.1765,44.634,19.9147,44.808,81.7923,42.6743,47.7242,23.4427,48.2251,80.3751,46.2157,43.2495,20.4937,44.2478,59.1523,47.0424,43.461,20.2643,38.7665,62.1145,42.2907,44.3566,19.7715,41.7399,64.1476,39.5431,50.1323,33.1126,63.5762,70.1987,51.6556,45.942,24.6734,56.6038,63.8607,39.1872,EPI_ISL_18010492,Avian,H5N1,2023.416,Europe,A/Sandwich_Tern/England/260450/2023,G1
0,1,41.6814,18.8235,38.8235,66.4706,41.7647,44.7761,20.6259,44.808,81.7923,42.6743,47.6573,23.4427,48.2251,79.7053,45.5459,43.1099,20.0279,43.782,59.1523,47.0424,43.461,19.3833,39.207,62.5551,41.8502,44.3127,20.2109,42.1793,62.8295,40.4218,50.3968,33.1126,64.9007,70.1987,51.6556,46.2319,24.6734,56.6038,65.312,39.1872,EPI_ISL_18010493,Avian,H5N1,2023.416,Europe,A/Peregrine_Falcon/England/260452/2023,G1
0,1,41.7355,18.9014,38.9841,65.5641,41.9374,44.4208,19.9147,44.0967,81.0811,43.3855,47.4966,22.3881,47.4898,79.3758,46.8114,43.3426,20.4937,43.3163,60.5496,47.0424,43.2409,19.3833,38.326,60.793,40.9692,44.3612,19.3918,41.8687,63.9048,40.1058,50.5291,34.4371,64.9007,71.5232,51.6556,46.0741,25.2226,57.8635,63.7982,38.5757,EPI_ISL_18010494,Avian,H5N1,2023.43,Europe,A/Black-Headed_Gull/England/260516/2023,G1
0,1,41.7402,18.8235,38.2353,67.0588,41.1765,44.634,19.9147,44.808,81.7923,43.3855,47.7242,24.1125,48.2251,79.7053,46.8855,43.2495,20.4937,44.2478,59.1523,47.0424,43.417,20.2643,38.7665,61.674,42.2907,44.3127,19.7715,41.7399,62.8295,39.5431,50,33.1126,62.2517,70.1987,51.6556,45.942,24.6734,56.6038,63.8607,39.1872,EPI_ISL_18010495,Avian,H5N1,2023.43,Europe,A/Common_Tern/England/260528/2023,G1
0,1,41.6226,18.2353,38.8235,64.7059,41.7647,44.5629,19.9147,44.0967,81.7923,44.0967,47.8581,22.7729,48.2251,79.7053,48.2251,43.4358,20.0279,43.3163,60.5496,47.5082,43.5051,20.7048,39.207,61.2335,40.9692,44.137,19.7715,41.7399,64.1476,38.6643,50.3968,33.1126,64.9007,70.1987,51.6556,45.942,24.6734,56.6038,63.8607,37.7358,EPI_ISL_18010496,Avian,H5N1,2023.43,Europe,A/Herring_Gull/England/260576/2023,G1
0,1,41.8577,20,38.8235,66.4706,41.7647,44.634,19.9147,45.5192,81.7923,42.6743,47.7242,23.4427,48.2251,80.3751,46.2157,43.2495,20.9595,43.3163,59.6181,47.0424,43.3289,19.3833,38.7665,62.1145,41.8502,44.3127,19.7715,41.7399,63.2689,39.5431,50.1323,33.1126,63.5762,70.1987,51.6556,46.087,24.6734,56.6038,63.8607,39.1872,EPI_ISL_18010497,Avian,H5N1,2023.447,Europe,A/Black-Headed_Gull/England/126654/2023,G1
0,1,41.6814,18.8235,38.8235,65.8824,41.1765,44.705,19.9147,45.5192,81.7923,43.3855,47.8581,23.4427,48.2251,80.3751,46.8855,43.203,20.0279,43.782,59.6181,47.9739,43.461,20.2643,38.7665,62.1145,41.8502,44.3127,19.7715,41.3005,64.587,39.5431,50.1323,33.1126,63.5762,70.1987,51.6556,46.3768,26.1248,58.0552,63.8607,40.6386,EPI_ISL_18010498,Avian,H5N1,2023.427,Europe,A/Common_Tern/England/401299/2023,G1
0,1,41.7989,18.8235,38.8235,66.4706,41.1765,44.705,19.9147,45.5192,81.7923,43.3855,47.6573,23.4427,47.5553,80.3751,46.2157,43.2961,20.4937,44.2478,59.6181,47.9739,43.417,19.8238,38.7665,62.1145,41.8502,44.3127,19.7715,41.7399,63.7083,39.5431,50.1323,33.1126,63.5762,70.1987,51.6556,46.2319,24.6734,58.0552,63.8607,39.1872,EPI_ISL_18010499,Avian,H5N1,2023.427,Europe,A/Common_Tern/England/401301/2023,G1
0,1,41.7989,19.4118,38.8235,66.4706,41.1765,44.634,20.6259,44.808,81.7923,42.6743,47.7912,23.4427,48.2251,81.0449,46.2157,43.3426,20.9595,44.2478,59.1523,47.5082,43.417,20.2643,39.207,61.674,42.7313,44.3127,19.7715,41.7399,62.8295,39.5431,50.1323,33.1126,63.5762,70.1987,51.6556,46.087,24.6734,56.6038,63.8607,39.1872,EPI_ISL_18010500,Avian,H5N1,2023.416,Europe,A/Black-Headed_Gull/England/078990/2023,G1
0,1,41.6226,19.4118,38.8235,66.4706,41.1765,44.4523,19.2308,44.8718,81.1966,42.0228,47.5904,23.4427,48.2251,79.0355,46.2157,43.1564,20.9595,44.2478,58.2208,47.5082,43.3289,20.7048,38.7665,62.1145,41.8502,44.2637,20.2465,41.8134,62.0599,40.0528,50.2646,33.1126,64.9007,70.1987,52.9801,46.087,24.6734,56.6038,63.8607,39.1872,EPI_ISL_18010912,Avian,H5N1,2023.474,Europe,A/Black-headed_Gull/Netherlands/100/2023,G1
0,1,41.6226,18.2353,38.8235,66.4706,41.7647,44.4523,19.2308,44.1595,82.6211,42.735,47.7912,22.7729,48.2251,79.7053,46.8855,43.1564,20.4937,43.782,58.2208,47.0424,43.348,20.2822,38.8007,61.2875,41.8871,44.2443,19.7889,42.2164,62.8848,38.6983,50.3968,33.1126,64.9007,70.1987,51.6556,45.942,24.6734,56.6038,60.9579,37.7358,EPI_ISL_18010913,Avian,H5N1,2023.474,Europe,A/Black-headed_Gull/Netherlands/101/2023,G1
0,1,41.6226,17.6471,38.8235,66.4706,41.7647,44.5235,19.943,44.1595,81.9088,43.4473,47.8581,22.7729,48.2251,79.7053,47.5553,43.2961,21.4252,43.3163,59.6181,47.0424,43.373,20.2643,39.207,61.2335,41.4097,44.2004,20.6684,41.7766,62.8848,38.6983,50.3968,33.1126,64.9007,70.1987,51.6556,45.6522,24.6734,55.1524,63.8607,37.7358,EPI_ISL_18010915,Avian,H5N1,2023.482,Europe,A/Black-headed_Gull/Netherlands/103/2023,G1
0,1,41.7402,19.4118,38.8235,66.4706,41.1765,44.6657,20.6553,44.8718,81.9088,42.735,47.6573,22.7729,48.2251,80.3751,46.2157,43.1099,20.4937,44.7136,57.755,47.5082,43.304,20.2822,38.8007,61.2875,41.8871,44.3077,19.8063,41.8134,62.5,40.0528,50.2646,33.1126,64.9007,70.1987,52.9801,45.942,24.6734,56.6038,62.4093,39.1872,EPI_ISL_18010916,Avian,H5N1,2023.493,Europe,A/Black-headed_Gull/Netherlands/104/2023,G1
0,1,41.7402,19.4118,38.8235,66.4706,41.1765,44.5235,20.6553,44.8718,81.9088,42.0228,47.7242,23.4427,48.2251,79.7053,46.2157,43.203,20.9595,44.7136,58.6865,47.0424,43.279,20.3001,38.835,61.3416,41.9241,44.2198,20.2465,41.8134,62.0599,39.6127,50.1323,33.1126,64.9007,70.1987,52.9801,46.087,24.6734,56.6038,63.8607,39.1872,EPI_ISL_18010917,Avian,H5N1,2023.493,Europe,A/Black-headed_Gull/Netherlands/105/2023,G1
0,1,41.7989,18.8235,38.2353,67.0588,41.1765,44.808,20.6553,44.8718,81.9088,42.735,47.8581,23.4427,48.2251,81.7147,46.2157,43.1099,20.4937,43.782,58.6865,47.0424,43.5242,19.8413,39.6825,62.1693,41.8871,44.1319,19.3662,41.8134,62.0599,40.493,50.2646,33.1126,63.5762,70.1987,51.6556,45.942,24.6734,56.6038,62.4093,39.1872,EPI_ISL_18010918,Avian,H5N1,2023.493,Europe,A/Black-headed_Gull/Netherlands/106/2023,G1
0,1,41.6814,19.4118,38.8235,65.2941,41.1765,44.5946,19.943,44.1595,81.9088,42.735,47.8581,23.4427,48.2251,81.0449,46.2157,43.1564,20.9595,44.2478,58.6865,46.5766,43.3289,20.2643,38.7665,61.674,41.8502,44.2637,20.2465,41.8134,62.5,40.0528,50.1323,31.7881,64.9007,70.1987,51.6556,46.2319,24.6734,56.6038,63.8607,40.6386,EPI_ISL_18010919,Avian,H5N1,2023.493,Europe,A/Black-headed_Gull/Netherlands/107/2023,G1
0,1,41.6814,19.4118,38.2353,66.4706,41.1765,44.5235,19.2308,44.8718,80.4843,42.735,47.7242,24.1125,48.8948,81.0449,46.2157,43.1099,20.4937,44.7136,58.2208,47.0424,43.417,20.2643,38.7665,61.674,41.8502,44.1319,18.9261,40.9331,62.5,39.6127,50.1323,33.1126,63.5762,70.1987,51.6556,45.942,24.6734,55.1524,63.8607,39.1872,EPI_ISL_18010920,Avian,H5N1,2023.493,Europe,A/Black-headed_Gull/Netherlands/108/2023,G1
0,1,41.7402,19.4118,38.8235,66.4706,41.1765,44.5235,20.6553,44.8718,81.9088,42.0228,47.7912,23.4427,48.2251,80.3751,46.2157,43.203,20.9595,44.7136,58.6865,47.0424,43.304,20.2822,38.8007,61.7284,41.8871,44.2198,20.2465,41.8134,62.0599,39.6127,50.1323,33.1126,64.9007,70.1987,52.9801,45.942,24.6734,56.6038,62.4093,39.1872,EPI_ISL_18010921,Avian,H5N1,2023.474,Europe,A/Black-headed_Gull/Netherlands/98/2023,G1
0,1,41.8577,20.5882,38.8235,67.0588,40.5882,44.808,20.6553,44.8718,81.9088,43.4473,47.7242,23.4427,48.2251,80.3751,46.2157,43.2495,20.4937,44.2478,58.6865,47.5082,43.3289,20.2643,38.7665,61.674,41.8502,44.2637,19.8063,41.8134,62.0599,40.493,50.1323,33.1126,63.5762,70.1987,51.6556,45.5072,24.6734,53.701,60.9579,39.1872,EPI_ISL_18010922,Avian,H5N1,2023.474,Europe,A/Black-headed_Gull/Netherlands/99/2023,G1
0,1,41.7402,19.4118,38.8235,66.4706,41.1765,44.6657,20.6553,44.8718,81.9088,42.735,47.6573,22.7729,48.2251,80.3751,46.2157,43.1099,20.4937,44.7136,57.755,47.5082,43.3289,20.2643,38.7665,61.674,41.8502,44.2637,19.8063,41.3732,62.5,40.0528,50.2646,33.1126,64.9007,70.1987,52.9801,45.942,23.2221,56.6038,63.8607,39.1872,EPI_ISL_18010923,Avian,H5N1,2023.493,Europe,A/Common_Tern/Netherlands/14/2023,G1
0,1,41.8577,18.2353,38.8235,66.4706,41.1765,44.5235,20.6553,44.8718,81.1966,42.0228,47.5904,22.7729,48.2251,80.3751,46.2157,43.1564,20.4937,43.782,57.755,47.0424,43.4802,19.8413,38.8007,62.6102,42.328,44.3077,19.8063,40.9331,62.5,40.0528,50.1323,31.7881,63.5762,70.1987,51.6556,45.6522,24.6734,56.6038,59.5065,39.1872,EPI_ISL_18010924,Avian,H5N1,2023.474,Europe,A/Lesser_black-backed_Gull/Netherlands/3/2023,G1
0,1,41.7402,19.4118,38.8235,66.4706,41.1765,44.6657,20.6553,44.8718,81.9088,42.735,47.5904,22.7729,48.2251,79.7053,46.2157,43.1099,20.4937,44.7136,57.755,47.5082,43.3289,20.2643,38.7665,61.674,41.8502,44.2637,19.8063,41.8134,62.5,39.6127,50.2646,33.1126,64.9007,70.1987,52.9801,46.087,24.6734,56.6038,63.8607,39.1872,EPI_ISL_18010925,Avian,H5N1,2023.474,Europe,A/Lesser_black-backed_Gull/Netherlands/4/2023,G1
0,1,41.6814,19.4118,38.2353,66.4706,41.1765,44.5946,19.943,44.8718,80.4843,42.735,47.6573,24.1125,48.2251,81.0449,46.2157,43.1099,20.4937,44.7136,58.2208,47.0424,43.417,20.2643,38.326,61.674,41.8502,44.1758,19.3662,41.3732,62.5,39.6127,50.1323,33.1126,63.5762,70.1987,51.6556,45.7971,24.6734,55.1524,62.4093,39.1872,EPI_ISL_18010926,Avian,H5N1,2023.474,Europe,A/Lesser_black-backed_Gull/Netherlands/5/2023,G1
0,1,41.5638,18.2353,38.8235,67.0588,41.1765,45.0213,20.6553,45.584,82.6211,43.4473,47.7242,24.1125,48.2251,80.3751,45.5459,43.203,20.0279,43.782,59.6181,47.9739,43.304,19.8413,39.2416,61.2875,41.4462,44.2198,19.8063,41.8134,62.0599,40.0528,50.2646,33.1126,64.9007,68.8742,51.6556,45.6522,24.6734,55.1524,60.9579,39.1872,EPI_ISL_18010927,Avian,H5N1,2023.493,Europe,A/Lesser_black-backed_Gull/Netherlands/6/2023,G1
0,1,41.6814,19.4118,38.8235,66.4706,41.1765,44.6657,20.6553,44.8718,81.1966,42.735,47.8581,24.1125,48.8948,81.0449,46.8855,43.1564,20.4937,44.7136,58.6865,47.0424,43.417,20.2643,38.7665,61.674,41.8502,44.3077,20.2465,42.2535,62.5,39.6127,50.2646,33.1126,63.5762,72.8477,51.6556,45.942,24.6734,56.6038,63.8607,39.1872,EPI_ISL_18010928,Avian,H5N1,2023.493,Europe,A/Lesser_black-backed_Gull/Netherlands/7/2023,G1
0,1,41.6814,19.4118,38.8235,66.4706,41.1765,44.6657,20.6553,44.8718,81.1966,42.735,47.8581,24.1125,48.8948,81.0449,46.8855,43.2961,20.4937,45.1793,58.6865,48.4397,43.417,20.2643,38.7665,61.674,41.8502,44.2198,19.8063,41.3732,62.5,39.6127,50.1323,33.1126,63.5762,70.1987,51.6556,46.087,24.6734,56.6038,63.8607,39.1872,EPI_ISL_18010929,Avian,H5N1,2023.477,Europe,A/Sandwich_Tern/Netherlands/10/2023,G1
0,1,41.7402,19.4118,38.8235,66.4706,41.1765,44.5946,20.6553,44.8718,81.9088,42.735,47.7242,23.4427,48.2251,80.3751,45.5459,43.203,20.4937,44.7136,58.6865,47.5082,43.373,20.2643,39.207,62.1145,41.8502,44.2198,19.8063,42.2535,62.0599,40.0528,50.1323,33.1126,64.9007,70.1987,52.9801,45.942,24.6734,56.6038,62.4093,39.1872,EPI_ISL_18010930,Avian,H5N1,2023.477,Europe,A/Sandwich_Tern/Netherlands/11/2023,G1
0,1,41.6814,19.4118,38.8235,66.4706,41.1765,44.5235,20.6553,44.8718,80.4843,42.735,47.925,24.1125,48.8948,81.7147,46.8855,43.1564,20.4937,44.7136,58.6865,47.0424,43.417,20.2643,38.7665,61.674,41.8502,44.2443,19.7889,41.3369,62.8848,39.5778,50.1323,33.1126,63.5762,70.1987,51.6556,46.087,24.6734,56.6038,63.8607,39.1872,EPI_ISL_18010931,Avian,H5N1,2023.477,Europe,A/Sandwich_Tern/Netherlands/8/2023,G1
0,1,41.7989,19.4118,39.4118,66.4706,41.1765,44.5946,20.6553,44.8718,81.1966,42.735,47.8581,24.1125,48.8948,81.0449,46.8855,43.1564,20.0279,44.7136,58.6865,47.5082,43.348,20.2822,38.8007,60.8466,41.8871,44.1758,19.8063,40.9331,62.5,39.6127,50.1323,33.1126,63.5762,70.1987,51.6556,46.087,24.6734,56.6038,63.8607,39.1872,EPI_ISL_18010932,Avian,H5N1,2023.477,Europe,A/Sandwich_Tern/Netherlands/9/2023,G1
1,1,41.7989,19.4118,38.8235,66.4706,41.7647,44.808,20.6553,44.1595,81.9088,43.4473,47.6573,23.4427,48.2251,80.3751,45.5459,43.2495,20.4937,43.3163,60.0838,47.0424,43.3289,19.3833,38.7665,61.2335,41.4097,44.4005,19.7715,42.1793,63.2689,39.5431,50.3311,31.8725,65.073,70.3851,50.4648,45.942,24.6734,56.6038,60.9579,39.1872,EPI_ISL_18010933,Fox,H5N1,2023.51,Europe,A/arctic_fox/Finland/491-23/2023,G1
1,1,41.7989,19.4118,38.8235,66.4706,41.7647,44.808,19.943,44.8718,81.9088,43.4473,47.6573,23.4427,48.2251,80.3751,45.5459,43.1099,20.4937,42.8505,59.1523,47.0424,43.373,19.8238,38.7665,61.674,41.8502,44.42,19.7889,41.7766,63.3245,40.0176,50.3311,31.8725,65.073,70.3851,50.4648,45.942,24.6734,56.6038,60.9579,39.1872,EPI_ISL_18010964,Fox,H5N1,2023.521,Europe,A/artic_fox/Finland/496-23/2023,G1
1,1,41.7989,19.4118,38.8235,66.4706,41.7647,44.808,19.943,44.8718,81.9088,43.4473,47.6573,23.4427,48.2251,80.3751,45.5459,43.1099,20.4937,42.8505,59.1523,47.0424,43.373,19.3833,38.7665,61.674,42.2907,44.4005,19.7715,41.7399,63.2689,39.9824,50.3311,31.8725,65.073,70.3851,50.4648,45.942,24.6734,56.6038,60.9579,39.1872,EPI_ISL_18011047,Fox,H5N1,2023.521,Europe,A/arctic_fox/Finland/503-23/2023,G1
1,1,41.6814,19.4118,38.8235,66.4706,41.7647,44.9502,20.6553,44.8718,83.3333,43.4473,47.6573,23.4427,48.2251,80.3751,45.5459,43.1564,20.4937,42.8505,59.1523,47.0424,43.373,19.3833,38.7665,61.674,41.8502,44.4005,19.7715,41.7399,63.2689,39.9824,50.3311,31.8725,65.073,70.3851,50.4648,45.942,24.6734,56.6038,60.9579,39.1872,EPI_ISL_18011064,Fox,H5N1,2023.532,Europe,A/arctic_fox/Finland/538-23/2023,G1
1,1,41.7647,19.4346,38.8693,66.5489,41.8139,44.808,19.943,44.8718,81.9088,43.4473,47.6573,23.4427,48.2251,80.3751,45.5459,43.0168,20.0279,42.8505,59.1523,46.1109,43.3289,19.3833,38.7665,61.674,41.8502,44.3761,19.7889,41.7766,63.3245,40.0176,50.4636,31.8725,66.4011,70.3851,50.4648,45.942,24.6734,56.6038,60.9579,39.1872,EPI_ISL_18011065,Fox,H5N1,2023.532,Europe,A/arctic_fox/Finland/546-23/2023,G1
1,1,41.7402,19.4118,38.8235,66.4706,41.7647,44.7368,19.943,44.8718,81.1966,43.4473,47.6892,23.4742,48.2897,80.4829,45.607,43.1099,20.4937,42.8505,59.1523,47.0424,43.304,18.9594,38.8007,61.7284,41.4462,44.4005,19.7715,41.7399,63.2689,39.9824,50.3311,31.8725,65.073,70.3851,50.4648,45.942,24.6734,56.6038,60.9579,39.1872,EPI_ISL_18011066,Fox,H5N1,2023.532,Europe,A/arctic_fox/Finland/548-23/2023,G1
1,1,41.7402,19.4118,38.8235,66.4706,41.7647,44.8791,19.943,44.8718,82.6211,43.4473,47.7242,23.4427,48.2251,80.3751,45.5459,43.1099,20.4937,42.8505,59.1523,47.0424,43.3289,19.3833,38.7665,61.674,41.8502,44.4005,19.7715,41.7399,63.2689,39.9824,50.3311,31.8725,65.073,70.3851,50.4648,45.942,24.6734,56.6038,60.9579,39.1872,EPI_ISL_18011094,Fox,H5N1,2023.54,Europe,A/arctic_fox/Finland/559-23/2023,G1
1,1,41.7402,19.4118,38.8235,65.8824,41.7647,44.7368,20.6553,43.4473,81.9088,43.4473,47.6573,23.4427,48.2251,80.3751,45.5459,43.2495,20.4937,43.3163,59.1523,47.0424,43.417,18.9427,38.7665,61.674,41.8502,44.3127,20.2109,41.7399,62.8295,39.1037,50.3311,31.8725,65.073,70.3851,50.4648,45.942,24.6734,56.6038,60.9579,39.1872,EPI_ISL_18011099,Ferret,H5N1,2023.521,Europe,A/mink/Finland/512-23/2023,G1
1,1,41.8577,19.4118,38.8235,67.0588,41.7647,44.7368,19.943,44.1595,81.9088,43.4473,47.5904,22.7729,48.2251,80.3751,45.5459,43.0168,20.4937,43.3163,59.1523,47.0424,43.461,19.3833,38.7665,62.1145,41.8502,44.3127,19.7715,41.3005,63.2689,39.5431,50.3311,31.8725,65.073,70.3851,50.4648,45.7971,24.6734,56.6038,59.5065,39.1872,EPI_ISL_18011100,Fox,H5N1,2023.54,Europe,A/red_fox/Finland/554-23/2023,G1
1,1,41.8235,19.4346,38.8693,66.5489,41.8139,44.8472,19.9147,45.5192,81.7923,43.3855,47.6573,23.4427,48.2251,80.3751,45.5459,43.1099,20.4937,42.8505,59.1523,47.0424,43.373,19.8238,38.7665,61.674,41.8502,44.4005,19.7715,41.7399,63.2689,39.9824,50.3968,33.1126,64.9007,70.1987,51.6556,45.942,24.6734,56.6038,60.9579,39.1872,EPI_ISL_18011222,Mammal,H5N1,2023.521,Europe,A/arctic-fox/Finland/497_23VIR6803-5/2023,G1
1,1,41.6471,19.4346,38.2803,66.5489,41.8139,44.9183,19.9147,45.5192,82.5036,43.3855,47.6573,23.4427,48.2251,80.3751,45.5459,43.1099,20.4937,42.8505,59.1523,47.0424,43.3289,19.3833,38.7665,61.674,41.8502,44.3566,19.7715,41.7399,62.8295,39.9824,50.3968,33.1126,64.9007,70.1987,51.6556,45.942,24.6734,56.6038,60.9579,39.1872,EPI_ISL_18011223,Mammal,H5N1,2023.521,Europe,A/arctic-fox/Finland/504_23VIR6803-7/2023,G1
0,1,41.7647,19.4346,37.6914,66.5489,41.225,44.705,20.6259,44.808,81.7923,42.6743,47.7912,23.4427,48.2251,80.3751,46.2157,43.2495,20.9595,44.2478,59.1523,47.0424,43.3289,20.2643,38.7665,61.674,41.8502,44.3566,19.7715,41.7399,63.7083,39.9824,50.1323,33.1126,63.5762,70.1987,51.6556,45.942,24.6734,56.6038,63.8607,39.1872,EPI_ISL_18011224,Avian,H5N1,2023.501,Europe,A/black-headed_gull/Finland/7728_23VIR6803-9/2023,G1
0,1,41.8824,19.4346,38.8693,67.1378,41.8139,44.8472,20.6259,44.808,81.7923,43.3855,47.5904,22.7729,48.2251,80.3751,45.5459,43.1564,20.4937,43.3163,59.1523,47.0424,43.417,19.3833,38.7665,62.1145,41.8502,44.2249,19.3322,41.3005,62.3902,39.5431,50.3968,33.1126,64.9007,70.1987,51.6556,45.6522,24.6734,55.1524,59.5065,39.1872,EPI_ISL_18011225,Avian,H5N1,2023.515,Europe,A/black-headed_gull/Finland/7826_23VIR6803-11/2023,G1
0,1,41.8824,19.4346,38.8693,67.1378,41.8139,44.8472,20.6259,44.808,81.7923,43.3855,47.5904,22.7729,48.2251,80.3751,45.5459,43.1564,20.4937,43.3163,59.1523,47.0424,43.417,19.3833,38.7665,62.1145,41.8502,44.2249,19.3322,41.3005,62.3902,39.5431,50.3968,33.1126,64.9007,70.1987,51.6556,45.6522,24.6734,55.1524,59.5065,39.1872,EPI_ISL_18011226,Avian,H5N1,2023.515,Europe,A/black-headed_gull/Finland/7827_23VIR6803-12/2023,G1
0,1,41.9412,19.4346,40.0471,66.5489,42.4028,44.9893,20.6259,44.808,81.7923,43.3855,47.6573,23.4427,48.2251,80.3751,45.5459,43.1564,21.4252,43.3163,59.1523,47.0424,43.417,19.3833,38.7665,61.674,42.2907,44.2249,19.3322,42.1793,63.2689,39.5431,50.3968,33.1126,64.9007,70.1987,51.6556,45.7971,23.2221,55.1524,60.9579,39.1872,EPI_ISL_18011227,Avian,H5N1,2023.523,Europe,A/black-headed_gull/Finland/7895_23VIR6803-13/2023,G1
0,1,41.9412,19.4346,40.0471,66.5489,42.4028,44.9893,20.6259,44.808,81.7923,43.3855,47.6573,23.4427,48.2251,80.3751,45.5459,43.1564,21.4252,43.3163,59.1523,47.0424,43.417,19.3833,38.7665,61.674,42.2907,44.2249,19.3322,42.1793,63.2689,39.5431,50.3968,33.1126,64.9007,70.1987,51.6556,45.7971,23.2221,55.1524,60.9579,39.1872,EPI_ISL_18011228,Avian,H5N1,2023.523,Europe,A/black-headed_gull/Finland/7896_23VIR6803-14/2023,G1
0,1,42,19.4346,40.0471,66.5489,42.4028,44.7761,20.6259,44.808,81.7923,43.3855,47.7912,24.1125,48.2251,81.7147,45.5459,43.0168,20.0279,43.3163,59.1523,46.5766,43.461,19.3833,38.7665,62.1145,42.2907,44.2688,18.8928,41.7399,63.2689,39.5431,50.2646,33.1126,64.9007,70.1987,51.6556,45.7971,23.2221,55.1524,60.9579,39.1872,EPI_ISL_18011229,Avian,H5N1,2023.523,Europe,A/black-headed_gull/Finland/7897_23VIR6803-15/2023,G1
0,1,42,19.4346,40.0471,66.5489,42.4028,44.7761,20.6259,44.808,81.7923,43.3855,47.7912,24.1125,48.2251,81.7147,45.5459,43.0168,20.0279,43.3163,59.1523,46.5766,43.461,19.3833,38.7665,62.1145,42.2907,44.2688,18.8928,41.7399,63.2689,39.5431,50.2646,33.1126,64.9007,70.1987,51.6556,45.7971,23.2221,55.1524,60.9579,39.1872,EPI_ISL_18011230,Avian,H5N1,2023.523,Europe,A/black-headed_gull/Finland/7898_23VIR6803-16/2023,G1
1,1,41.7647,19.4346,38.8693,65.96,41.8139,44.7761,20.6259,44.0967,81.7923,43.3855,47.6573,23.4427,48.2251,80.3751,45.5459,43.203,20.4937,43.782,59.1523,47.5082,43.417,18.9427,38.7665,61.674,41.8502,44.3566,20.2109,41.7399,62.8295,39.5431,50.3968,33.1126,64.9007,70.1987,51.6556,45.942,24.6734,56.6038,60.9579,39.1872,EPI_ISL_18011231,Mammal,H5N1,2023.501,Europe,A/mink/Finland/1002_23VIR6803-8/2023,G1
0,-1,41.5638,16.4706,37.0588,65.2941,40.5882,44.2786,18.4922,45.5192,78.2361,43.3855,47.7242,26.7917,46.8855,76.3563,35.499,44.2272,23.7541,44.2478,61.0154,46.5766,43.461,20.2643,38.326,61.674,43.6123,44.7079,20.2109,42.1793,65.4657,41.3005,50.9259,35.7616,64.9007,74.1722,52.9801,46.3768,21.7707,44.9927,66.7634,53.701,EPI_ISL_18011232,Avian,H5N1,2023.488,Europe,A/white-tailed_eagle/Finland/7800_23VIR6803-10/2023,G2
0,1,41.5638,17.6471,38.8235,66.4706,41.1765,44.634,19.9147,44.0967,81.7923,42.6743,47.7912,23.4427,48.2251,80.3751,46.8855,43.1564,20.4937,44.2478,59.1523,47.0424,43.3289,20.2643,38.7665,61.2335,41.8502,44.3566,19.7715,41.3005,63.7083,39.9824,50.2646,33.1126,63.5762,70.1987,51.6556,45.7971,23.2221,56.6038,62.4093,39.1872,EPI_ISL_18013308,Avian,H5N1,2023.416,Europe,A/common_tern/Germany-SH/2023AI05269/2023,G1
0,1,41.6814,18.8235,39.4118,64.7059,41.7647,44.4918,19.2034,44.0967,81.7923,43.3855,47.7242,22.7729,48.8948,80.3751,47.5553,43.2961,19.5622,43.3163,60.5496,47.0424,43.3289,19.8238,39.6476,61.674,40.0881,44.137,19.3322,41.7399,63.2689,38.6643,50.9259,33.1126,66.2252,71.5232,54.3046,45.7971,23.2221,55.1524,62.4093,37.7358,EPI_ISL_18013310,Avian,H5N1,2023.425,Europe,A/common_gull/Germany-MV/2023AI05165/2023,G1
0,1,41.8577,18.8235,38.8235,66.4706,41.7647,44.8472,19.9147,44.808,82.5036,43.3855,47.925,23.4427,48.8948,81.0449,46.8855,43.1099,20.4937,43.782,59.6181,47.0424,43.373,19.3833,38.7665,61.674,42.2907,44.4005,19.7715,42.1793,64.1476,39.5431,50.3968,33.1126,64.9007,70.1987,51.6556,45.942,24.6734,56.6038,62.4093,39.1872,EPI_ISL_18013311,Avian,H5N1,2023.414,Europe,A/black-headed_gull/Germany-NW/2023AI04982/2023,G1
0,1,41.7989,18.8235,38.8235,66.4706,42.3529,44.7761,21.3371,44.808,81.0811,43.3855,47.6573,23.4427,48.2251,80.3751,45.5459,43.203,20.9595,44.2478,59.1523,47.0424,43.461,19.8238,38.7665,62.5551,41.4097,44.4005,19.7715,41.7399,63.2689,39.9824,50.3968,33.1126,63.5762,70.1987,51.6556,46.087,24.6734,56.6038,62.4093,39.1872,EPI_ISL_18013312,Avian,H5N1,2023.414,Europe,A/common_tern/Germany-NW/2023AI04981/2023,G1
0,1,41.7402,18.8235,38.8235,65.8824,42.3529,44.5629,19.9147,44.808,82.5036,41.2518,47.5904,22.7729,47.5553,79.7053,46.8855,43.2961,20.9595,43.3163,59.1523,47.0424,43.2849,19.8238,39.207,61.2335,40.9692,44.2249,20.2109,41.3005,63.7083,38.6643,50.5291,33.1126,64.9007,70.1987,52.9801,46.087,24.6734,56.6038,63.8607,40.6386,EPI_ISL_18033200,Avian,H5N1,2023.195,Europe,A/black-headed_gull/Poland/MB121-M/2023,G1
0,1,41.5638,18.2353,38.8235,66.4706,41.1765,44.8472,20.6259,45.5192,81.7923,42.6743,47.7912,23.4427,48.8948,81.0449,46.2157,43.2961,20.4937,44.2478,59.6181,47.0424,43.5931,20.7048,39.207,62.9956,42.2907,44.3127,19.7715,42.1793,63.2689,39.5431,50.2646,31.7881,63.5762,70.1987,51.6556,46.087,24.6734,56.6038,62.4093,39.1872,EPI_ISL_18033203,Avian,H5N1,2023.219,Europe,A/black-headed_gull/Poland/MB129-NJ/2023,G1
0,1,41.6226,18.2353,38.8235,66.4706,41.1765,44.8472,20.6259,45.5192,81.7923,42.6743,47.7912,23.4427,48.8948,81.0449,46.2157,43.2961,20.4937,44.2478,59.6181,47.0424,43.5683,20.2822,39.2416,62.6102,42.328,44.2443,19.3492,42.2164,62.8848,39.5778,50.2646,31.7881,63.5762,70.1987,51.6556,45.942,24.6734,56.6038,62.4093,39.1872,EPI_ISL_18033204,Avian,H5N1,2023.222,Europe,A/black-headed_gull/Poland/MB131-J/2023,G1
0,1,41.6421,18.4086,39.1924,65.9145,41.5677,44.6352,19.4524,44.6686,82.1326,41.7867,47.6573,24.1125,48.2251,80.3751,46.2157,43.2975,20.6282,44.0694,59.5406,47.3511,43.3304,19.4949,38.9898,61.5862,42.0913,44.106,19.5295,42.166,62.1394,39.5029,50.3311,33.2005,65.073,70.3851,50.4648,45.942,23.2221,56.6038,63.8607,39.1872,EPI_ISL_18033205,Avian,H5N1,2023.299,Europe,A/black-headed_gull/Poland/MB141-T/2023,G1
0,1,41.7304,18.2783,39.5047,66.0377,41.2736,44.8399,20.6847,44.9358,82.0257,42.0827,47.619,23.5373,48.4196,79.3544,45.0572,43.203,20.9595,43.782,59.1523,47.0424,43.3671,19.4175,39.2763,62.6655,41.9241,44.3127,19.3322,41.7399,64.1476,39.5431,50.2646,33.1126,64.9007,70.1987,50.3311,45.942,24.6734,56.6038,62.4093,39.1872,EPI_ISL_18033206,Avian,H5N1,2023.299,Europe,A/black_headed_gull/Poland/MB142-T/2023,G1
0,1,41.6226,18.2353,38.8235,67.0588,41.1765,44.8472,19.9147,44.808,81.7923,43.3855,47.8581,23.4427,49.5646,81.0449,46.2157,43.1564,20.4937,44.2478,58.6865,47.0424,43.5051,20.2643,39.207,62.5551,42.2907,44.3127,19.7715,41.7399,63.2689,40.4218,50.5291,33.1126,64.9007,71.5232,51.6556,46.2209,24.8175,56.9343,62.7737,39.4161,EPI_ISL_18033207,Avian,H5N1,2023.301,Europe,A/black_headed_gull/Poland/MB143-M1/2023,G1
0,1,41.7355,18.9798,39.1459,66.4294,40.9253,44.7067,20.1584,44.6364,80.6335,43.1965,47.7089,22.4033,48.201,80.7875,46.1643,43.3521,20.7254,43.8059,59.821,47.5742,43.3687,19.9822,39.0764,61.7229,42.1847,44.1994,19.9468,42.1099,62.5,39.8936,50.3989,33.3333,65.3333,70.6667,52,46.1426,24.8902,57.101,62.9575,39.5315,EPI_ISL_18033208,Avian,H5N1,2023.312,Europe,A/black-headed_gull/Poland/MB145/2023,G1
0,1,41.6814,18.8235,38.8235,65.8824,41.7647,44.9893,21.3371,44.808,82.5036,43.3855,47.7242,23.4427,48.2251,80.3751,46.2157,43.1099,20.4937,43.782,59.1523,47.0424,43.417,20.2643,38.7665,61.674,41.8502,44.3566,19.7715,42.1793,63.2689,39.5431,50.3968,33.1126,64.9007,70.1987,51.6556,45.942,24.6734,56.6038,62.4093,39.1872,EPI_ISL_18033209,Avian,H5N1,2023.31,Europe,A/black-headed_gull/Poland/MB146-1/2023,G1
0,1,41.7402,18.8235,38.8235,65.8824,41.7647,44.9183,20.6259,44.808,82.5036,43.3855,47.7242,23.4427,48.2251,80.3751,46.2157,43.1099,20.4937,43.3163,60.0838,46.5766,43.5051,19.8238,38.7665,62.1145,42.2907,44.2882,19.7889,41.7766,62.8848,39.5778,50.3311,33.2005,65.073,70.3851,51.7928,46.0087,24.7453,56.7686,62.591,39.3013,EPI_ISL_18033210,Avian,H5N1,2023.31,Europe,A/black-headed_gull/Poland/MB146-4/2023,G1
0,1,41.4706,17.6678,38.8693,65.96,41.225,44.634,20.6259,44.808,81.7923,42.6743,47.7242,23.4427,48.2251,80.3751,46.2157,43.1564,20.0279,44.2478,58.6865,47.5082,43.3289,20.2643,38.7665,61.2335,41.8502,44.3566,19.7715,41.3005,63.7083,39.9824,50.2646,33.1126,63.5762,70.1987,51.6556,45.7971,23.2221,56.6038,62.4093,39.1872,EPI_ISL_18033211,Avian,H5N1,2023.31,Europe,A/black-headed_gull/Poland/MB147/2023,G1
0,1,41.7647,18.8457,38.8693,66.5489,41.8139,44.9893,20.6259,44.808,81.7923,43.3855,47.8581,24.7823,48.2251,81.0449,46.2157,43.0633,20.4937,43.3163,59.1523,47.0424,43.348,19.4004,38.8007,61.7284,41.8871,44.3127,19.7715,41.7399,62.8295,39.9824,50.3968,33.1126,64.9007,70.1987,51.6556,45.7971,24.6734,56.6038,60.9579,39.1872,EPI_ISL_18033212,Avian,H5N1,2023.307,Europe,A/black-headed_gull/Poland/MB148/2023,G1
0,1,41.6814,18.8235,38.8235,65.8824,41.7647,44.9893,21.3371,44.808,82.5036,43.3855,47.7242,23.4427,48.2251,80.3751,46.2157,43.1099,20.4937,43.782,59.1523,47.0424,43.417,20.2643,38.7665,61.674,41.8502,44.3127,19.3322,42.1793,63.2689,39.5431,50.3968,33.1126,64.9007,70.1987,51.6556,45.942,24.6734,56.6038,62.4093,39.1872,EPI_ISL_18033213,Avian,H5N1,2023.321,Europe,A/black-headed_gull/Poland/MB149/2023,G1
0,1,41.4706,18.2568,38.8693,65.96,40.636,44.4918,19.9147,44.808,80.3698,42.6743,47.7912,23.4427,48.2251,80.3751,46.2157,43.203,20.4937,44.2478,58.6865,47.5082,43.461,20.2643,38.7665,62.1145,42.2907,44.3127,19.7715,41.7399,63.7083,39.1037,50.2646,33.1126,63.5762,70.1987,51.6556,45.7971,23.2221,56.6038,62.4093,39.1872,EPI_ISL_18033214,Avian,H5N1,2023.318,Europe,A/black-headed_gull/Poland/MB150/2023,G1
0,1,41.7402,18.2353,38.8235,66.4706,41.7647,44.705,20.6259,44.808,82.5036,42.6743,47.6573,23.4427,47.5553,80.3751,46.2157,43.1564,20.4937,44.2478,59.1523,47.0424,43.461,20.2643,39.207,61.674,42.2907,44.2249,19.7715,41.7399,62.3902,39.1037,50.1323,33.1126,63.5762,70.1987,51.6556,45.942,24.6734,56.6038,62.4093,40.6386,EPI_ISL_18033215,Avian,H5N1,2023.326,Europe,A/black-headed_gull/Poland/MB151/2023,G1
0,1,41.6226,19.4118,38.8235,66.4706,41.1765,44.7761,20.6259,45.5192,81.7923,42.6743,47.7912,23.4427,48.8948,81.0449,46.2157,43.203,20.4937,44.7136,59.1523,47.0424,43.5242,20.2822,39.2416,63.0511,41.8871,44.2688,19.7715,42.1793,62.8295,40.4218,50.5291,33.1126,64.9007,71.5232,51.6556,45.942,24.6734,56.6038,62.4093,39.1872,EPI_ISL_18033216,Avian,H5N1,2023.321,Europe,A/black-headed_gull/Poland/MB152/2023,G1
0,1,41.8577,18.8235,38.8235,65.8824,41.1765,44.705,20.6259,44.808,81.7923,43.3855,47.7242,23.4427,48.2251,80.3751,46.2157,43.1564,20.4937,44.2478,58.6865,46.5766,43.2849,20.2643,38.7665,61.2335,41.8502,44.4005,19.7715,42.1793,64.1476,39.9824,50.1323,33.1126,63.5762,70.1987,51.6556,46.087,24.6734,58.0552,65.312,39.1872,EPI_ISL_18033217,Avian,H5N1,2023.332,Europe,A/black-headed_gull/Poland/MB156/2023,G1
0,1,41.7402,18.2353,39.4118,65.8824,41.7647,44.8472,20.6259,44.808,82.5036,41.963,47.6573,23.4427,48.2251,79.0355,46.2157,43.2495,21.4252,44.2478,59.1523,47.0424,43.3289,19.3833,39.207,62.1145,41.8502,44.3127,19.3322,41.7399,64.1476,39.5431,50.2646,33.1126,64.9007,70.1987,50.3311,45.942,24.6734,56.6038,62.4093,39.1872,EPI_ISL_18033218,Avian,H5N1,2023.329,Europe,A/black-headed_gull/Poland/MB159/2023,G1
0,1,41.5638,18.8235,38.8235,65.8824,41.1765,44.705,19.9147,44.808,81.7923,42.6743,47.8581,23.4427,48.8948,81.0449,46.2157,43.2495,20.4937,44.7136,58.6865,47.9739,43.5051,20.2643,39.207,62.5551,42.2907,44.3322,19.7889,42.2164,62.8848,40.4573,50.5291,33.1126,64.9007,71.5232,51.6556,45.942,24.6734,56.6038,63.8607,37.7358,EPI_ISL_18033219,Avian,H5N1,2023.34,Europe,A/black-headed_gull/Poland/MB166/2023,G1
0,1,41.5539,17.6887,38.9151,66.0377,41.2736,44.4918,19.9147,44.808,80.3698,42.6743,47.7242,23.4427,48.2251,80.3751,46.2157,43.203,20.4937,43.782,58.6865,47.9739,43.417,20.2643,38.7665,61.674,42.2907,44.3127,19.7715,41.7399,63.7083,39.1037,50.2646,33.1126,63.5762,70.1987,51.6556,45.7971,23.2221,56.6038,62.4093,39.1872,EPI_ISL_18033220,Avian,H5N1,2023.348,Europe,A/oyster_catcher/Poland/MB167/2023,G1
0,1,41.5638,17.6471,38.8235,67.0588,41.1765,44.7761,19.9147,44.808,81.0811,43.3855,47.8232,23.4742,49.6311,80.4829,46.2777,43.1099,20.4937,44.2478,57.755,47.0424,43.5051,20.2643,39.207,62.5551,42.2907,44.2688,19.7715,41.7399,63.2689,40.4218,50.5291,33.1126,64.9007,71.5232,51.6556,45.942,24.6734,56.6038,62.4093,39.1872,EPI_ISL_18033221,Avian,H5N1,2023.34,Europe,A/black-headed_gull/Poland/MB168-M2/2023,G1
0,1,41.5539,18.2783,39.5047,66.0377,41.2736,44.808,19.943,44.8718,81.9088,42.735,47.6222,23.4742,48.2897,78.4708,46.2777,43.1299,20.0466,43.8228,59.2075,47.0862,43.417,19.8238,38.7665,62.1145,41.8502,44.3127,19.7715,41.7399,63.7083,39.5431,50.3968,33.1126,64.9007,70.1987,51.6556,46.087,24.6734,56.6038,62.4093,40.6386,EPI_ISL_18033222,Avian,H5N1,2023.34,Europe,A/black-headed_gull/Poland/MB176-M6/2023,G1
0,1,41.6226,18.8235,38.8235,66.4706,40.5882,44.8791,21.3675,44.8718,81.9088,43.4473,47.8581,23.4427,48.8948,83.724,46.2157,43.2495,20.4937,43.782,59.1523,46.5766,43.5051,20.2643,39.207,62.9956,42.2907,44.2249,19.7715,42.1793,62.8295,39.1037,50.3968,33.1126,64.9007,70.1987,51.6556,45.8636,24.7453,56.7686,62.591,39.3013,EPI_ISL_18033223,Avian,H5N1,2023.351,Europe,A/black-headed_gull/Poland/MB180-NMJ/2023,G1
0,1,41.7989,20,38.8235,66.4706,41.7647,44.705,20.6259,44.808,81.7923,42.6743,47.5904,23.4427,48.2251,80.3751,44.8761,43.1564,20.4937,44.7136,58.2208,47.5082,43.373,20.2643,38.7665,61.2335,41.8502,44.2249,19.7715,41.7399,62.3902,39.5431,50.1323,33.1126,63.5762,70.1987,51.6556,46.087,24.6734,56.6038,63.8607,39.1872,EPI_ISL_18033224,Avian,H5N1,2023.353,Europe,A/black-headed_gull/Poland/MB181-4/2023,G1
0,1,41.7402,18.8235,39.4118,65.2941,41.7647,44.4208,19.2034,44.0967,81.7923,43.3855,47.7912,22.7729,48.8948,80.3751,47.5553,43.2961,19.5622,43.3163,60.5496,47.9739,43.3921,19.8413,39.6825,61.7284,41.0053,44.2004,19.7889,41.7766,63.3245,38.6983,50.3968,33.1126,64.9007,70.1987,51.6556,45.3623,21.7707,55.1524,62.4093,37.7358,EPI_ISL_18033225,Avian,H5N1,2023.353,Europe,A/black-headed_gull/Poland/MB181-6/2023,G1
0,1,41.6618,18.9125,39.0071,66.1939,41.3712,44.7293,20,45,82.1429,42.8571,47.7882,23.5057,49.0262,79.9194,46.3398,43.2495,20.4937,44.7136,58.2208,47.0424,43.4687,19.9115,38.9381,62.3894,42.0354,44.3127,19.7715,42.1793,62.3902,40.8612,50.3968,33.1126,64.9007,71.5232,51.6556,46.087,26.1248,56.6038,62.4093,39.1872,EPI_ISL_18033226,Avian,H5N1,2023.353,Europe,A/common_tern/Poland/MB182-NJ/2023,G1
0,1,41.7402,18.8235,38.8235,66.4706,41.7647,45.3447,21.3371,45.5192,82.5036,45.5192,47.5904,23.4427,48.2251,80.3751,46.2157,43.0834,20.5128,43.3566,58.7413,47.0862,43.3289,19.8238,38.7665,61.2335,41.8502,44.3127,20.2109,42.1793,62.8295,39.5431,50.2646,33.1126,64.9007,68.8742,51.6556,46.087,24.6734,56.6038,62.4093,39.1872,EPI_ISL_18033227,Avian,H5N1,2023.353,Europe,A/black-headed_gull/Poland/MB185-NJ/2023,G1
0,1,41.505,17.6471,38.8235,65.8824,41.1765,44.4918,19.9147,44.808,80.3698,42.6743,47.7242,23.4427,48.2251,80.3751,46.2157,43.203,20.4937,43.782,58.6865,47.9739,43.3289,20.2643,38.326,61.2335,42.2907,44.3322,19.7889,41.7766,63.7643,39.1381,50.3968,33.1126,63.5762,70.1987,54.3046,45.7971,23.2221,56.6038,62.4093,39.1872,EPI_ISL_18033228,Avian,H5N1,2023.356,Europe,A/black-headed_gull/Poland/MB196-NJ/2023,G1
0,1,41.8577,20,38.8235,66.4706,41.1765,44.705,20.6259,44.808,81.7923,42.6743,47.5234,22.7729,48.2251,79.7053,46.2157,43.118,20.7254,44.277,57.9369,47.5742,43.373,19.8238,38.7665,61.674,41.4097,44.4005,20.2109,41.7399,63.2689,39.9824,50.1323,33.1126,63.5762,70.1987,51.6556,46.087,24.6734,56.6038,63.8607,39.1872,EPI_ISL_18033229,Avian,H5N1,2023.356,Europe,A/black-headed_gull/Poland/MB198-NJ/2023,G1
0,1,41.7011,18.4086,39.1924,66.5083,41.5677,44.6429,20.1149,45.2586,81.1782,42.3851,47.6861,22.8648,48.4196,80.0269,45.7297,43.2432,20.0653,44.3304,58.3294,47.1302,43.5013,19.9822,39.0764,62.167,42.1847,44.224,19.9291,42.0726,63.3304,38.9725,50.1987,33.2005,63.745,70.3851,51.7928,45.6808,22.2222,57.7778,63.7037,40,EPI_ISL_18033230,Avian,H5N1,2023.356,Europe,A/mute_swan/Poland/MB203-NJ/2023,G1
0,1,41.5882,18.2568,38.8693,65.96,41.225,44.8791,19.943,44.8718,81.9088,43.4473,47.5904,23.4427,48.2251,80.3751,45.5459,43.1235,20.5511,44.3718,59.3181,47.6413,43.2599,19.8413,38.8007,60.8466,41.8871,44.2882,19.7889,42.2164,62.8848,39.5778,50.3968,33.1126,64.9007,70.1987,51.6556,46.0087,24.7453,56.7686,62.591,39.3013,EPI_ISL_18033231,Avian,H5N1,2023.348,Europe,A/Mediterranean_gull/Poland/MB204/2023,G1
0,1,41.5631,18.4964,39.3795,66.2291,40.5728,44.716,20.3636,45.8182,80.7273,43.6364,47.7852,23.569,48.4848,80.8081,45.7912,43.1722,20.3502,44.4865,58.6843,46.8528,43.5033,19.6604,39.3208,62.109,42.0018,44.2832,19.8238,41.8502,62.5551,39.6476,50.4648,33.3778,65.4206,70.761,52.0694,45.8944,23.7741,56.4636,62.4071,40.1189,EPI_ISL_18033233,Avian,H5N1,2023.37,Europe,A/black-headed_gull/Poland/MB210/2023,G1
0,1,41.6471,18.2568,38.2803,65.371,41.8139,44.5946,19.943,44.8718,82.6211,43.4473,47.8581,22.7729,48.2251,80.3751,47.5553,43.203,20.0279,43.3163,59.1523,47.0424,43.5818,21.2202,39.7878,61.45,41.9982,44.1758,19.8063,41.8134,63.8204,38.2923,50.2646,33.1126,64.9007,70.1987,51.6556,45.942,24.6734,56.6038,63.8607,37.7358,EPI_ISL_18033234,Avian,H5N1,2023.364,Europe,A/black-headed_gull/Poland/MB211/2023,G1
0,1,41.5339,18.3649,38.5071,66.3507,40.2844,44.611,19.3687,43.759,81.7791,41.6069,47.8173,23.6008,49.2245,80.2428,46.5273,43.1776,20.6476,44.1107,58.1886,47.3956,43.4802,20.2822,39.2416,62.6102,42.328,44.2977,19.8763,41.9611,63.1625,39.7527,50.5291,33.1126,64.9007,71.5232,51.6556,45.942,24.6734,56.6038,62.4093,39.1872,EPI_ISL_18033235,Avian,H5N1,2023.408,Europe,A/common_tern/Poland/MB247-5/2023,G1
0,1,41.7402,18.8235,38.8235,67.0588,41.1765,44.8472,21.3371,44.808,81.7923,43.3855,47.925,23.4427,48.8948,83.724,46.2157,43.2961,20.4937,43.782,59.6181,46.5766,43.461,20.2643,39.207,62.9956,42.2907,44.2688,19.7715,42.1793,62.8295,39.5431,50.3968,33.1126,64.9007,70.1987,51.6556,46.2319,26.1248,56.6038,62.4093,42.09,EPI_ISL_18033237,Avian,H5N1,2023.375,Europe,A/bald_eagle/Poland/MB218-NJM/2023,G1
0,1,41.485,18.3215,39.0071,66.1939,41.3712,44.5869,20,45.7143,81.4286,42.1429,47.8232,23.4742,48.9604,81.1536,46.2777,43.1099,20.4937,44.2478,58.2208,47.0424,43.4993,20.3001,39.2763,62.6655,42.3654,44.3127,19.7715,42.1793,62.8295,40.4218,50.5291,33.1126,64.9007,71.5232,51.6556,45.942,24.6734,55.1524,63.8607,37.7358,EPI_ISL_18033238,Avian,H5N1,2023.373,Europe,A/black-headed_gull/Poland/MB221-TKLM/2023,G1
0,1,41.5638,18.8235,38.8235,66.4706,41.1765,44.705,19.9147,44.808,81.0811,43.3855,47.5904,24.1125,48.2251,79.7053,46.2157,43.2495,20.4937,44.7136,58.6865,47.0424,43.373,19.8238,38.7665,62.1145,42.2907,44.137,19.7715,41.7399,62.3902,39.5431,50.3968,33.1126,64.9007,70.1987,51.6556,45.942,24.6734,56.6038,62.4093,39.1872,EPI_ISL_18033239,Avian,H5N1,2023.411,Europe,A/black-headed_gull/Poland/MB238-m1-2/2023,G1
0,1,41.8235,18.8457,38.8693,66.5489,41.8139,44.9183,19.9147,44.808,82.5036,43.3855,47.8232,23.4742,48.2897,80.4829,46.9484,43.0633,20.4937,43.782,59.1523,47.0424,43.461,19.8238,38.7665,61.674,42.2907,44.3127,19.7715,42.1793,63.7083,39.5431,50.3968,33.1126,64.9007,70.1987,51.6556,45.942,24.6734,56.6038,62.4093,39.1872,EPI_ISL_18033241,Avian,H5N1,2023.408,Europe,A/black-headed_gull/Poland/MB237-T3/2023,G1
0,1,41.5882,18.8457,38.2803,65.371,41.225,44.705,20.6259,44.0967,81.7923,42.6743,47.6573,23.4427,48.2251,79.7053,46.2157,43.2495,20.9595,43.782,60.0838,47.5082,43.461,20.2643,38.7665,62.1145,41.8502,44.2688,19.7715,41.7399,63.2689,39.5431,50.3968,33.1126,64.9007,70.1987,51.6556,45.7971,24.6734,56.6038,62.4093,39.1872,EPI_ISL_18033242,Avian,H5N1,2023.411,Europe,A/black-headed_gull/Poland/MB238-m3/2023,G1
1,-1,41.7402,18.2353,37.0588,64.7059,41.7647,44.8472,19.9147,45.5192,83.2148,44.0967,47.7242,28.8011,46.8855,71.6678,38.848,44.3669,24.6856,44.7136,59.6181,47.0424,43.5491,19.3833,37.0044,64.3172,42.2907,44.5323,21.0896,41.7399,64.1476,39.1037,50.5291,33.1126,64.9007,72.8477,51.6556,46.6667,26.1248,49.3469,65.312,50.7983,EPI_ISL_18033408,Feline,H5N1,2023.458,Europe,A/caracal/Poland/H303-P/2023,G9
1,-1,41.6814,18.2353,37.0588,64.7059,40.5882,44.9183,20.6259,45.5192,83.2148,44.0967,47.7242,28.8011,46.8855,71.6678,38.848,44.3669,24.6856,44.7136,60.0838,46.1109,43.5931,19.8238,37.0044,64.7577,42.2907,44.4884,21.0896,41.7399,64.1476,39.1037,50.5291,33.1126,64.9007,72.8477,51.6556,46.5217,24.6734,47.8955,65.312,50.7983,EPI_ISL_18033414,Feline,H5N1,2023.51,Europe,A/domestic_cat/Poland/H314-W3/2023,G9
0,1,41.7989,18.8235,38.8235,66.4706,41.7647,45.1315,21.3371,45.5192,81.7923,44.808,47.7242,23.4427,48.2251,79.7053,46.2157,43.2495,20.9595,43.782,59.1523,47.5082,43.373,20.2643,39.6476,62.1145,41.8502,44.42,19.7889,42.2164,62.8848,40.0176,50.5291,33.1126,64.9007,71.5232,51.6556,45.7849,24.8175,55.4745,62.7737,37.9562,EPI_ISL_18033419,Avian,H5N1,2023.512,Europe,A/white_stork/Poland/MB274-M2/2023,G1
0,1,41.7989,18.8235,38.8235,66.4706,41.7647,45.1315,21.3371,45.5192,81.7923,44.808,47.7242,23.4427,48.2251,79.7053,46.2157,43.1966,20.9986,43.3971,59.2627,47.5968,43.348,19.8413,39.6825,62.1693,41.8871,44.4005,19.7715,42.1793,62.8295,39.9824,50.5291,33.1126,64.9007,71.5232,51.6556,45.9302,24.8175,56.9343,61.3139,39.4161,EPI_ISL_18033420,Avian,H5N1,2023.512,Europe,A/white_stork/Poland/MB274-M3/2023,G1
0,1,41.5882,18.2568,38.8693,63.6042,41.8139,44.7761,20.6259,44.0967,81.7923,43.3855,47.6892,23.4742,48.2897,79.1415,47.619,43.1564,20.9595,43.782,59.6181,47.5082,43.461,19.8238,39.207,62.1145,41.8502,44.2688,19.7715,41.7399,62.8295,39.5431,50.1987,33.2005,65.073,70.3851,50.4648,45.8636,24.7453,56.7686,62.591,37.8457,EPI_ISL_18033421,Avian,H5N1,2023.488,Europe,A/chicken/Poland/H282-T/2023,G1
0,1,41.505,17.6471,38.8235,65.8824,41.1765,44.634,20.6259,44.808,81.7923,42.6743,47.7242,23.4427,48.2251,80.3751,46.2157,43.1564,20.0279,44.2478,58.6865,47.0424,43.373,20.2643,38.7665,62.1145,41.8502,44.4444,20.2109,42.1793,63.2689,40.8612,50.2646,33.1126,63.5762,70.1987,51.6556,45.7971,23.2221,56.6038,62.4093,40.6386,EPI_ISL_18048777,Avian,H5N1,2023.559,Europe,A/Chicken/Netherlands/23011978-001005/2023,G1
0,1,41.6814,18.8235,39.4118,66.4706,40.5882,44.7761,20.6259,45.5192,81.7923,42.6743,47.8581,24.1125,49.5646,81.7147,46.2157,43.0633,20.4937,44.2478,58.6865,46.5766,43.5051,20.7048,39.207,62.5551,42.2907,44.3566,19.7715,42.1793,62.8295,40.4218,50.3968,33.1126,64.9007,71.5232,51.6556,45.7971,24.6734,56.6038,62.4093,37.7358,EPI_ISL_18048779,Avian,H5N1,2023.54,Europe,A/peregrine_falcon/Czech_Republic/10854/2023,G1
0,1,41.6226,17.6471,38.8235,66.4706,41.7647,44.8173,20.8955,44.7761,84.3284,41.0448,47.7242,23.4427,48.2251,79.7053,46.2157,43.2495,20.9595,43.782,59.1523,48.4397,43.461,19.8238,38.7665,62.9956,41.8502,44.1809,19.3322,41.7399,62.3902,39.5431,50.2646,33.1126,64.9007,68.8742,51.6556,45.942,24.6734,56.6038,62.4093,39.1872,EPI_ISL_18058688,Avian,H5N1,2023.236,Europe,A/black-headed_gull/Austria/23041151-001/2023,G1
0,1,41.5638,18.2353,38.8235,66.4706,41.1765,44.7761,20.9268,45.5904,82.9596,41.1061,47.7912,22.7729,48.8948,81.0449,46.2157,43.3163,20.5128,44.289,59.6737,47.0862,43.5683,20.2822,39.2416,62.6102,42.769,44.3077,20.2465,42.2535,63.3803,39.6127,50.1323,31.7881,63.5762,68.8742,51.6556,45.7971,24.6734,56.6038,62.4093,37.7358,EPI_ISL_18058689,Avian,H5N1,2023.359,Europe,A/black-headed_gull/Austria/23063745-001/2023,G1
0,1,41.7989,18.2353,38.8235,67.0588,41.1765,44.8173,20.8955,44.7761,85.0746,41.0448,47.7912,23.4427,48.8948,81.0449,46.2157,43.1564,20.4937,44.2478,59.6181,46.1109,43.373,19.8238,39.207,62.1145,42.2907,44.4444,19.7715,42.1793,64.1476,39.9824,50.5291,33.1126,64.9007,71.5232,51.6556,45.942,24.6734,56.6038,62.4093,39.1872,EPI_ISL_18058692,Avian,H5N1,2023.425,Europe,A/black-headed_gull/Austria/23072665-007/2023,G1
0,1,41.4706,18.2568,38.8693,65.96,41.225,44.8919,20.8955,45.5224,84.3284,41.0448,47.7912,24.1125,48.8948,80.3751,46.8855,43.3426,20.4937,44.2478,59.6181,47.5082,43.417,20.2643,39.207,62.1145,42.2907,44.2249,19.3322,42.1793,62.8295,39.5431,50.2646,31.7881,63.5762,70.1987,51.6556,45.942,24.6734,56.6038,62.4093,39.1872,EPI_ISL_18058694,Avian,H5N1,2023.389,Europe,A/common_tern/Austria/23067487-002/2023,G1
0,1,41.5638,18.8235,38.8235,65.8824,41.1765,44.8173,20.8955,45.5224,84.3284,41.0448,47.7912,23.4427,48.8948,81.0449,46.2157,43.3628,20.0466,44.289,59.6737,47.5524,43.417,20.2643,39.207,62.1145,42.2907,44.2249,19.3322,42.1793,62.8295,39.5431,50.2646,31.7881,63.5762,70.1987,51.6556,45.942,24.6734,56.6038,62.4093,39.1872,EPI_ISL_18058695,Avian,H5N1,2023.425,Europe,A/common_tern/Austria/23072665-001/2023,G1
0,1,41.5638,18.2353,38.8235,65.8824,41.1765,44.8919,20.8955,45.5224,84.3284,41.791,47.7242,23.4427,48.8948,81.0449,46.2157,43.2961,20.0279,44.2478,59.1523,47.5082,43.3921,19.8413,39.2416,62.1693,42.328,44.2249,19.3322,41.7399,62.8295,39.5431,50.2646,31.7881,63.5762,70.1987,51.6556,45.6522,23.2221,55.1524,62.4093,39.1872,EPI_ISL_18058703,Avian,H5N1,2023.449,Europe,A/common_tern/Austria/23076736-001/2023,G1
0,1,41.6226,19.4118,38.8235,66.4706,41.1765,44.6657,20.6553,44.8718,81.1966,42.735,47.8581,24.1125,48.8948,81.0449,46.8855,43.2495,20.4937,44.7136,58.6865,48.4397,43.4361,20.2822,38.8007,61.2875,41.8871,44.2198,19.8063,41.3732,62.5,39.6127,50.1323,33.1126,63.5762,70.1987,51.6556,45.942,24.6734,56.6038,62.4093,39.1872,EPI_ISL_18059048,Avian,H5N1,2023.501,Europe,A/Sandwich_Tern/Netherlands/12/2023,G1
0,1,41.7989,19.4118,38.8235,67.6471,41.1765,44.634,20.6259,44.0967,81.7923,43.3855,47.7242,23.4427,48.2251,80.3751,46.2157,43.203,20.4937,44.7136,58.6865,47.5082,43.373,20.2643,38.326,62.1145,42.2907,44.2882,19.7889,41.7766,62.8848,39.5778,50.1323,33.1126,64.9007,68.8742,52.9801,46.5217,24.6734,56.6038,63.8607,40.6386,EPI_ISL_18059049,Avian,H5N1,2023.51,Europe,A/Black-headed_Gull/Netherlands/110/2023,G1
0,1,41.505,17.6471,38.2353,65.2941,41.1765,44.8791,20.6553,45.584,81.9088,42.735,47.7912,23.4427,48.2251,81.0449,46.2157,43.1564,20.4937,44.7136,58.6865,47.0424,43.417,21.1454,38.7665,61.2335,41.8502,44.4835,19.8063,42.2535,63.8204,40.493,50.2646,33.1126,63.5762,70.1987,51.6556,45.7971,23.2221,55.1524,62.4093,40.6386,EPI_ISL_18059050,Avian,H5N1,2023.504,Europe,A/Common_Tern/Netherlands/15/2023,G1
0,1,41.3286,18.2353,38.8235,64.7059,40,44.6657,20.6553,44.8718,80.4843,42.735,47.7242,23.4427,48.2251,81.0449,46.2157,43.1099,20.0279,44.2478,58.6865,45.6451,43.348,20.2822,38.8007,61.7284,41.8871,44.2637,19.8063,41.8134,62.0599,39.6127,50.2646,33.1126,63.5762,70.1987,51.6556,46.5217,24.6734,56.6038,65.312,39.1872,EPI_ISL_18059051,Avian,H5N1,2023.512,Europe,A/Common_Tern/Netherlands/16/2023,G1
0,1,41.3286,18.2353,38.8235,64.7059,40,44.6657,20.6553,44.8718,80.4843,42.735,47.7242,23.4427,48.2251,81.0449,46.2157,43.1099,19.5622,44.2478,58.6865,46.1109,43.3289,20.2643,38.7665,61.674,41.8502,44.2637,19.8063,41.8134,62.0599,39.6127,50.2646,33.1126,63.5762,70.1987,51.6556,46.3768,24.6734,56.6038,63.8607,39.1872,EPI_ISL_18059052,Avian,H5N1,2023.512,Europe,A/Common_Tern/Netherlands/17/2023,G1
0,1,41.3286,18.2353,38.8235,64.7059,40,44.6657,20.6553,44.8718,80.4843,42.735,47.7242,23.4427,48.2251,81.0449,46.2157,43.1564,20.0279,44.2478,58.6865,46.1109,43.348,20.2822,38.8007,61.7284,41.8871,44.2637,19.8063,41.8134,62.0599,39.6127,50.2646,33.1126,63.5762,70.1987,51.6556,46.3768,24.6734,56.6038,63.8607,39.1872,EPI_ISL_18059053,Avian,H5N1,2023.512,Europe,A/Common_Tern/Netherlands/18/2023,G1
0,1,41.6814,18.8235,38.2353,65.2941,42.9412,44.5235,19.943,44.1595,82.6211,43.4473,47.8581,22.7729,48.2251,79.7053,47.5553,43.2495,21.4252,43.3163,59.1523,47.0424,43.304,20.2822,39.6825,60.4056,41.4462,44.2198,20.2465,42.2535,62.5,39.1725,50.3968,33.1126,64.9007,70.1987,51.6556,45.3623,24.6734,55.1524,60.9579,37.7358,EPI_ISL_18059054,Avian,H5N1,2023.512,Europe,A/Common_Tern/Netherlands/19/2023,G1
0,1,41.7989,18.2353,38.2353,65.8824,42.9412,44.5946,20.6553,44.1595,81.1966,44.1595,47.6573,22.7729,48.2251,80.3751,46.8855,43.4823,21.4252,44.2478,60.5496,47.0424,43.2409,20.2643,38.7665,61.2335,40.9692,44.2198,20.2465,42.2535,63.3803,38.7324,50.2646,33.1126,63.5762,70.1987,51.6556,45.942,24.6734,56.6038,63.8607,37.7358,EPI_ISL_18059056,Avian,H5N1,2023.523,Europe,A/Black-headed_Gull/Netherlands/112/2023,G1
0,1,41.8577,18.2353,38.8235,65.8824,42.9412,44.5235,20.6553,44.1595,81.1966,44.1595,47.5904,22.1031,47.5553,80.3751,46.8855,43.4358,20.9595,43.782,60.5496,47.0424,43.2849,20.2643,38.7665,61.674,40.9692,44.1758,20.2465,42.2535,63.3803,38.2923,50.2646,33.1126,63.5762,70.1987,51.6556,45.7971,24.6734,56.6038,62.4093,37.7358,EPI_ISL_18059057,Avian,H5N1,2023.523,Europe,A/Black-headed_Gull/Netherlands/113/2023,G1
0,1,41.7989,20,39.4118,65.8824,41.1765,44.6657,20.6553,44.8718,81.9088,42.735,47.7242,23.4427,48.2251,79.7053,46.2157,43.1099,20.4937,44.7136,57.2892,47.9739,43.348,20.2822,39.2416,61.2875,41.8871,44.1758,18.9261,42.2535,62.0599,39.1725,50.3968,33.1126,64.9007,72.8477,52.9801,46.087,24.6734,56.6038,63.8607,39.1872,EPI_ISL_18059058,Avian,H5N1,2023.532,Europe,A/Common_Tern/Netherlands/20/2023,G1
0,1,41.5638,17.6471,38.8235,67.0588,41.1765,44.808,20.6553,45.584,81.9088,42.735,47.7242,23.4427,48.2251,81.0449,45.5459,43.0168,20.0279,44.2478,58.6865,46.5766,43.417,20.7048,38.7665,61.674,41.8502,44.4396,19.8063,41.8134,63.8204,40.493,50.2646,33.1126,63.5762,70.1987,51.6556,45.7971,24.6734,56.6038,62.4093,39.1872,EPI_ISL_18059059,Avian,H5N1,2023.529,Europe,A/Common_Tern/Netherlands/21/2023,G1
0,1,41.505,17.6471,38.8235,65.8824,41.1765,44.7368,19.943,44.8718,81.9088,42.735,47.8581,24.1125,48.2251,81.0449,46.2157,43.1099,20.0279,44.2478,58.6865,47.0424,43.373,20.7048,38.7665,61.2335,41.8502,44.4835,20.2465,41.8134,63.8204,40.493,50.3968,33.1126,63.5762,70.1987,52.9801,45.6522,23.2221,55.1524,62.4093,39.1872,EPI_ISL_18059060,Avian,H5N1,2023.529,Europe,A/Arctic_Tern/Netherlands/1/2023,G1
0,1,41.7989,20,38.8235,66.4706,41.1765,44.6657,21.3675,44.8718,81.9088,42.735,47.6573,23.4427,48.2251,80.3751,46.8855,43.1099,20.4937,44.7136,57.755,47.5082,43.2849,20.2643,38.7665,61.674,41.8502,44.3322,20.2287,42.2164,62.445,39.5778,50.2646,33.1126,64.9007,70.1987,52.9801,46.087,24.6734,56.6038,63.8607,39.1872,EPI_ISL_18059061,Avian,H5N1,2023.529,Europe,A/Common_Tern/Netherlands/22/2023,G1
0,1,41.3286,18.2353,38.8235,64.7059,40,44.6657,20.6553,44.8718,80.4843,42.735,47.7242,23.4427,48.2251,81.0449,46.2157,43.1099,19.5622,44.2478,58.6865,46.1109,43.348,20.2822,38.8007,61.7284,41.8871,44.2637,19.8063,41.8134,62.0599,39.6127,50.2646,33.1126,63.5762,70.1987,51.6556,46.3768,24.6734,56.6038,63.8607,39.1872,EPI_ISL_18059062,Avian,H5N1,2023.529,Europe,A/Common_Tern/Netherlands/23/2023,G1
0,1,41.2698,17.6471,38.8235,64.7059,40,44.6657,20.6553,44.8718,80.4843,42.735,47.7242,23.4427,48.2251,81.0449,46.2157,43.1564,20.0279,44.2478,58.6865,46.1109,43.348,20.2822,38.8007,61.7284,41.8871,44.3077,19.8063,41.8134,62.0599,40.0528,50.3968,33.1126,63.5762,70.1987,51.6556,46.2319,24.6734,56.6038,63.8607,39.1872,EPI_ISL_18059063,Avian,H5N1,2023.529,Europe,A/Common_Tern/Netherlands/24/2023,G1
0,1,41.3286,18.2353,38.8235,64.7059,40,44.6657,20.6553,44.8718,80.4843,42.735,47.7242,23.4427,48.2251,81.0449,46.2157,43.1564,20.0279,44.2478,58.6865,46.1109,43.373,20.2643,38.7665,62.1145,41.8502,44.3077,19.8063,41.8134,62.0599,40.0528,50.3968,33.1126,63.5762,70.1987,51.6556,46.2319,24.6734,56.6038,63.8607,39.1872,EPI_ISL_18059064,Avian,H5N1,2023.529,Europe,A/Common_Tern/Netherlands/25/2023,G1
0,1,41.3286,18.2353,38.8235,64.7059,40,44.6657,20.6553,44.8718,80.4843,42.735,47.7242,23.4427,48.2251,81.0449,46.2157,43.1564,20.0279,44.2478,58.6865,46.1109,43.348,20.2822,38.8007,61.7284,41.8871,44.3077,19.8063,41.8134,62.0599,40.0528,50.3968,33.1126,63.5762,70.1987,51.6556,46.2319,24.6734,56.6038,63.8607,39.1872,EPI_ISL_18059065,Avian,H5N1,2023.529,Europe,A/Common_Tern/Netherlands/26/2023,G1
0,1,41.8577,19.4118,38.8235,67.0588,41.1765,44.6657,19.943,44.8718,81.1966,42.735,47.7912,24.1125,48.8948,81.0449,46.8855,43.0633,20.0279,44.2478,58.2208,47.5082,43.4802,20.2822,38.8007,61.2875,43.2099,44.2198,19.8063,41.3732,62.5,39.6127,50.1323,33.1126,63.5762,70.1987,51.6556,46.087,24.6734,56.6038,63.8607,39.1872,EPI_ISL_18059066,Avian,H5N1,2023.529,Europe,A/Common_Tern/Netherlands/27/2023,G1
0,1,41.6226,18.8235,38.8235,66.4706,41.1765,44.6657,20.6553,44.8718,81.9088,42.735,47.7242,22.7729,48.8948,80.3751,46.2157,43.0633,20.4937,44.7136,57.755,47.5082,43.461,20.2643,38.7665,62.1145,42.2907,44.2882,19.7889,41.7766,62.8848,39.5778,50.2646,33.1126,64.9007,70.1987,52.9801,45.942,24.6734,55.1524,63.8607,39.1872,EPI_ISL_18059067,Avian,H5N1,2023.542,Europe,A/Common_Tern/Netherlands/28/2023,G1
0,1,41.6814,19.4118,38.8235,66.4706,41.1765,44.6657,20.6553,44.1595,81.1966,42.735,47.8581,24.1125,48.8948,81.0449,46.8855,43.2495,20.4937,44.7136,59.1523,47.5082,43.3921,20.2822,38.8007,61.2875,41.8871,44.2198,19.8063,41.3732,62.5,39.6127,50.1323,33.1126,63.5762,70.1987,51.6556,45.942,24.6734,56.6038,62.4093,39.1872,EPI_ISL_18059552,Avian,H5N1,2023.501,Europe,A/Sandwich_Tern/Netherlands/13/2023,G1
0,1,41.7989,19.4118,38.8235,66.4706,41.7647,44.6657,20.6553,44.8718,81.9088,42.735,47.7912,23.4427,48.2251,80.3751,46.2157,43.2432,20.9986,44.3304,58.3294,47.5968,43.3289,20.2643,38.7665,61.674,41.8502,44.1953,19.8151,41.8318,61.6469,39.6301,50.2646,33.1126,64.9007,70.1987,52.9801,46.087,24.6734,56.6038,63.8607,39.1872,EPI_ISL_18064618,Avian,H5N1,2023.359,Europe,A/Black-headed_Gull/Netherlands/56/2023,G1
0,1,41.6226,18.8235,38.2353,65.8824,41.7647,44.6657,19.943,44.8718,81.9088,44.1595,47.7242,22.7729,48.2251,80.3751,46.8855,43.2697,20.0466,42.8904,60.1399,46.62,43.3289,20.2643,39.207,61.2335,40.9692,44.1073,19.8151,41.8318,62.5275,38.7494,50.3968,33.1126,64.9007,70.1987,51.6556,45.942,24.6734,56.6038,63.8607,37.7358,EPI_ISL_18064619,Avian,H5N1,2023.359,Europe,A/Mediterranean_Gull/Netherlands/2/2023,G1
0,1,41.7402,18.8235,38.8235,65.8824,41.7647,44.5946,19.943,43.4473,81.9088,44.8718,47.7912,22.7729,48.2251,80.3751,47.5553,43.3892,20.4937,43.3163,60.5496,47.0424,43.3289,20.2643,39.207,61.2335,40.5286,44.1513,19.8151,41.8318,62.5275,38.3091,50.2646,31.7881,64.9007,70.1987,51.6556,45.7971,24.6734,56.6038,63.8607,37.7358,EPI_ISL_18064620,Avian,H5N1,2023.359,Europe,A/Black-headed_Gull/Netherlands/58/2023,G1
0,1,41.505,17.6471,38.8235,65.8824,41.1765,44.5946,20.6553,44.8718,81.9088,42.735,47.7912,23.4427,48.2251,81.0449,46.2157,43.1034,20.0653,43.8637,58.3294,47.1302,43.304,20.2822,38.8007,60.8466,41.8871,44.2832,19.8151,41.8318,62.5275,40.0705,50.2646,33.1126,63.5762,70.1987,51.6556,45.7971,23.2221,56.6038,62.4093,40.6386,EPI_ISL_18064622,Avian,H5N1,2023.359,Europe,A/Black-headed_Gull/Netherlands/57/2023,G1
0,1,41.6226,18.8235,38.8235,65.2941,41.1765,44.7761,20.6259,44.808,81.7923,42.6743,47.7242,23.4427,47.5553,80.3751,46.2157,43.203,20.4937,44.2478,59.1523,46.5766,43.461,20.2643,39.6476,61.674,42.2907,44.3127,19.3322,42.1793,63.2689,39.5431,50.1323,33.1126,63.5762,68.8742,51.6556,45.942,24.6734,56.6038,63.8607,39.1872,EPI_ISL_18065329,Avian,H5N1,2023.466,Europe,A/sandwich_tern/England/086895/2023,G1
0,1,41.6226,18.8235,38.8235,65.2941,41.1765,44.7761,20.6259,44.808,81.7923,42.6743,47.7242,23.4427,47.5553,80.3751,46.2157,43.1564,20.4937,44.2478,59.1523,46.5766,43.461,20.2643,39.207,61.674,42.2907,44.3566,19.7715,42.1793,63.2689,39.5431,50.3383,32.5203,65.0407,70.4607,51.4905,45.942,24.6734,56.6038,63.8607,39.1872,EPI_ISL_18065330,Avian,H5N1,2023.466,Europe,A/sandwich_tern/England/086897/2023,G1
0,1,41.6716,18.8679,38.9151,65.4481,41.8632,44.8076,20.3488,44.3314,82.8488,42.8779,47.534,20.7439,47.2103,79.3991,48.6409,43.3892,20.4937,43.3163,60.5496,47.0424,43.2624,19.9557,39.4678,61.1973,40.7982,44.3127,20.2109,42.1793,64.1476,38.6643,50.4636,33.2005,65.073,70.3851,51.7928,45.942,26.1248,56.6038,63.8607,37.7358,EPI_ISL_18065331,Avian,H5N1,2023.474,Europe,A/gull/Scotland/087342/2023,G1
0,1,41.7402,20.5882,38.8235,66.4706,41.1765,44.9183,21.3371,45.5192,81.7923,44.0967,47.5904,23.4427,47.5553,80.3751,45.5459,43.2495,20.4937,44.7136,60.0838,46.5766,43.3289,20.2643,38.326,61.674,41.8502,44.3566,20.6503,41.7399,61.9508,39.5431,50.1323,33.1126,63.5762,70.1987,51.6556,46.087,24.6734,56.6038,62.4093,40.6386,EPI_ISL_18065332,Avian,H5N1,2023.49,Europe,A/herring_gull/England/089426/2023,G1
0,1,41.7402,20.5882,38.8235,66.4706,41.1765,44.8472,20.6259,44.808,81.7923,44.0967,47.5904,23.4427,47.5553,80.3751,45.5459,43.2495,20.4937,44.7136,60.0838,46.5766,43.3289,20.2643,38.326,61.674,41.8502,44.3566,20.6503,41.7399,61.9508,39.5431,50.1323,33.1126,63.5762,70.1987,51.6556,46.087,24.6734,56.6038,62.4093,40.6386,EPI_ISL_18065333,Avian,H5N1,2023.49,Europe,A/herring_gull/England/089428/2023,G1
0,1,41.7402,18.2353,38.2353,66.4706,41.7647,44.4208,19.9147,44.0967,81.0811,44.0967,47.7912,23.4427,48.2251,81.0449,46.8855,43.2961,20.4937,43.3163,60.5496,46.5766,43.461,20.7048,39.207,61.2335,40.9692,44.2249,19.7715,41.7399,64.1476,38.6643,50.3968,33.1126,64.9007,70.1987,51.6556,46.087,24.6734,56.6038,63.8607,37.7358,EPI_ISL_18065334,Avian,H5N1,2023.488,Europe,A/common_tern/Wales/089438/2023,G1
0,1,41.8577,18.8235,39.4118,66.4706,41.7647,44.4208,19.9147,44.0967,81.7923,43.3855,47.7242,22.7729,48.2251,79.7053,47.5553,43.203,20.0279,42.8505,60.0838,47.0424,43.3107,20.4174,38.5662,62.6134,39.9274,44.5035,19.9557,42.1286,64.745,39.0244,50.3968,33.1126,64.9007,70.1987,51.6556,46.087,24.6734,56.6038,66.7634,37.7358,EPI_ISL_18065335,Avian,H5N1,2023.496,Europe,A/chicken/England/089930/2023,G1
0,1,41.8577,18.8235,39.4118,66.4706,41.7647,44.4208,19.9147,44.0967,81.7923,43.3855,47.5904,22.1031,48.2251,79.7053,47.5553,43.203,20.0279,42.8505,60.0838,47.0424,43.3289,20.7048,39.207,61.2335,41.4097,44.3127,19.7715,41.7399,63.7083,38.6643,50.3968,33.1126,64.9007,70.1987,51.6556,46.087,24.6734,56.6038,66.7634,37.7358,EPI_ISL_18065336,Avian,H5N1,2023.496,Europe,A/chicken/England/089934/2023,G1
0,1,41.7402,19.4118,38.8235,66.4706,41.1765,44.705,20.6259,44.808,82.5036,42.6743,47.8581,24.1125,48.2251,81.0449,46.2157,43.3426,20.9595,44.2478,59.1523,47.5082,43.3644,19.9822,39.0764,61.7229,42.1847,44.2688,19.7715,41.7399,62.8295,39.5431,50.1323,33.1126,63.5762,70.1987,51.6556,46.087,24.6734,56.6038,63.8607,39.1872,EPI_ISL_18065337,Avian,H5N1,2023.477,Europe,A/common_tern/England/090570/2023,G1
0,1,41.5638,18.2353,38.8235,64.7059,41.1765,44.4208,19.9147,43.3855,81.0811,44.0967,47.8581,23.4427,48.8948,80.3751,47.5553,43.3892,20.4937,43.3163,60.5496,47.9739,43.373,20.2643,39.207,61.2335,40.9692,44.2249,19.7715,41.3005,63.7083,38.6643,50.3968,33.1126,64.9007,70.1987,51.6556,45.942,24.6734,56.6038,63.8607,37.7358,EPI_ISL_18065338,Avian,H5N1,2023.482,Europe,A/kittiwake/Scotland/091080/2023,G1
0,1,41.7402,18.8235,38.8235,65.8824,41.7647,44.4208,19.9147,43.3855,81.7923,43.3855,47.7912,22.7729,48.2251,80.3751,48.2251,43.3426,20.0279,43.3163,60.5496,47.0424,43.3304,20.336,39.7878,61.008,41.1141,44.3566,20.2109,42.1793,64.587,38.6643,50.5291,34.4371,64.9007,70.1987,51.6556,45.942,24.6734,56.6038,63.8607,37.7358,EPI_ISL_18065339,Avian,H5N1,2023.515,Europe,A/Chicken/Scotland/092731/2023,G1
0,1,41.6226,18.2353,38.8235,65.8824,41.7647,44.4918,19.9147,44.808,82.5036,42.6743,47.7242,22.7729,48.2251,80.3751,46.8855,43.4358,20.4937,43.3163,61.0154,47.0424,43.3289,20.2643,39.207,61.2335,40.9692,44.2688,20.2109,41.7399,63.7083,38.225,50.3968,33.1126,64.9007,70.1987,51.6556,46.087,26.1248,56.6038,63.8607,37.7358,EPI_ISL_18065340,Avian,H5N1,2023.556,Europe,A/domestic_duck/England/097209/2023,G1
0,1,41.6226,18.2353,38.8235,65.8824,41.7647,44.4208,19.9147,44.0967,81.7923,43.3855,47.6573,22.7729,48.2251,79.0355,46.8855,43.3892,20.4937,43.3163,60.5496,47.0424,43.382,20.381,39.4329,61.1431,40.7621,44.2249,20.2109,41.7399,63.7083,38.225,50.2653,31.9574,65.2463,69.241,51.9308,45.942,26.1248,56.6038,63.8607,36.2845,EPI_ISL_18065341,Avian,H5N1,2023.556,Europe,A/domestic_duck/England/097229/2023,G1
0,1,41.6226,18.2353,38.8235,65.8824,41.7647,44.4918,19.9147,44.0967,81.7923,43.3855,47.5904,22.7729,48.2251,79.0355,46.8855,43.2961,20.4937,43.3163,60.5496,47.0424,43.417,20.7048,39.207,61.2335,40.9692,44.2249,20.2109,41.7399,63.7083,38.225,50.3968,33.1126,64.9007,70.1987,51.6556,45.7971,26.1248,56.6038,63.8607,36.2845,EPI_ISL_18065342,Avian,H5N1,2023.556,Europe,A/domestic_duck/England/097245/2023,G1
0,1,41.6226,18.2353,38.8235,65.8824,41.7647,44.4918,19.9147,44.0967,81.7923,43.3855,47.7242,22.7729,48.2251,80.3751,46.8855,43.3892,20.4937,43.3163,60.5496,47.0424,43.373,20.2643,39.207,61.2335,40.9692,44.2249,20.2109,41.7399,63.7083,38.225,50.3968,33.1126,64.9007,70.1987,51.6556,45.942,26.1248,56.6038,63.8607,36.2845,EPI_ISL_18065343,Avian,H5N1,2023.556,Europe,A/partridge/England/097407/2023,G1
0,1,41.6226,18.2353,38.8235,65.8824,41.7647,44.4918,19.9147,44.0967,81.7923,43.3855,47.7242,22.7729,48.2251,80.3751,46.8855,43.3892,20.4937,43.3163,60.5496,47.0424,43.373,20.2643,39.207,61.2335,40.9692,44.2249,20.2109,41.7399,63.7083,38.225,50.3968,33.1126,64.9007,70.1987,51.6556,45.942,26.1248,56.6038,63.8607,36.2845,EPI_ISL_18065344,Avian,H5N1,2023.556,Europe,A/partridge/England/097413/2023,G1
0,1,41.6471,18.8457,38.2803,65.96,41.225,45.0517,20.7869,46.7706,81.663,44.5434,47.8581,22.7729,48.2251,81.0449,47.5553,43.2961,20.9595,43.3163,60.5496,47.0424,43.3259,20.4172,39.5029,60.364,40.3906,44.2147,20.2822,41.8871,64.3739,37.9189,50.5305,33.2889,65.2463,70.5726,51.9308,45.9971,24.7813,56.8513,62.6822,37.9009,EPI_ISL_18065346,Avian,H5N1,2023.49,Europe,A/common_gull/England/127517/2023,G1
0,1,41.7402,18.8235,38.8235,66.4706,41.7647,44.8472,20.6259,45.5192,81.7923,42.6743,47.8581,23.4427,48.8948,80.3751,46.8855,43.0168,20.0279,43.782,59.1523,46.1109,43.2409,19.3833,38.7665,61.674,41.8502,44.3566,19.7715,41.7399,62.8295,39.5431,50.3968,33.1126,64.9007,70.1987,51.6556,45.7971,24.6734,55.1524,62.4093,39.1872,EPI_ISL_18065347,Avian,H5N1,2023.471,Europe,A/common_tern/England/353415/2023,G1
0,1,41.7402,19.4118,38.8235,66.4706,41.1765,44.705,20.6259,44.808,82.5036,42.6743,47.6573,22.7729,47.5553,81.0449,45.5459,43.2961,20.9595,43.782,58.6865,47.5082,43.417,20.2643,38.7665,61.674,42.7313,44.2688,19.7715,41.7399,62.8295,39.5431,50.1323,33.1126,63.5762,70.1987,51.6556,46.2319,24.6734,56.6038,66.7634,39.1872,EPI_ISL_18065348,Avian,H5N1,2023.485,Europe,A/black-headed_gull/Scotland/087339/2023,G1
0,1,41.6226,18.8235,38.2353,65.8824,41.7647,44.4918,19.9147,43.3855,81.7923,44.808,47.5904,22.7729,48.2251,80.3751,46.2157,43.1966,20.532,42.9305,59.7294,47.1302,43.4802,20.7231,39.2416,61.2875,41.4462,44.2578,18.6194,41.3261,65.8492,39.0554,50.3968,33.1126,64.9007,70.1987,51.6556,45.942,24.6734,56.6038,63.8607,37.7358,EPI_ISL_18065393,Avian,H5N1,2023.468,Europe,A/common_tern/England/086637/2023,G1
0,1,41.8577,18.8235,39.4118,65.8824,41.1765,44.5629,19.9147,44.808,81.7923,42.6743,47.4565,23.4427,48.2251,79.0355,46.2157,43.5026,21.9114,43.8228,61.0723,47.0862,43.348,20.2822,38.8007,61.7284,41.8871,44.0931,19.7715,42.1793,62.3902,39.5431,50.3968,33.1126,64.9007,70.1987,51.6556,46.3768,24.6734,56.6038,65.312,39.1872,EPI_ISL_18067225,Avian,H5N1,2023.29,Europe,A/layer/Italy/23VIR3658-2/2023,G1
0,1,41.7989,18.8235,38.8235,65.8824,41.7647,44.5946,19.2308,44.8718,82.6211,43.4473,47.8581,22.7729,48.2251,80.3751,46.8855,43.203,20.0279,43.3163,59.1523,47.0424,43.5491,20.7048,39.207,61.2335,42.2907,44.0879,19.8063,41.8134,62.9401,38.2923,50.2646,33.1126,64.9007,70.1987,51.6556,45.942,24.6734,56.6038,63.8607,37.7358,EPI_ISL_18075141,Avian,H5N1,2023.178,Europe,A/Black-headed_Gull/Netherlands/45/2023,G1
0,1,41.7989,18.8235,38.8235,65.8824,41.7647,44.5946,19.943,44.8718,82.6211,43.4473,47.925,22.7729,48.2251,80.3751,46.8855,43.1564,20.0279,42.8505,59.1523,47.0424,43.3921,20.2822,38.8007,60.8466,41.8871,44.1319,19.8063,41.8134,62.9401,38.2923,50.2646,33.1126,64.9007,70.1987,51.6556,45.942,24.6734,56.6038,63.8607,37.7358,EPI_ISL_18075142,Avian,H5N1,2023.178,Europe,A/Black-headed_Gull/Netherlands/46/2023,G1
0,1,41.7989,18.8235,38.8235,65.8824,41.7647,44.6657,19.943,44.8718,82.6211,43.4473,47.8581,22.7729,48.2251,80.3751,46.8855,43.203,20.0279,43.3163,59.1523,47.0424,43.5931,21.1454,39.6476,61.2335,42.2907,44.0879,19.8063,41.8134,63.8204,38.2923,50.2646,33.1126,64.9007,70.1987,51.6556,45.942,24.6734,56.6038,63.8607,37.7358,EPI_ISL_18075143,Avian,H5N1,2023.178,Europe,A/Black-headed_Gull/Netherlands/47/2023,G1
0,1,41.6226,17.6471,38.8235,66.4706,41.7647,44.6657,20.6553,44.8718,81.9088,42.735,47.7242,23.4427,48.2251,80.3751,46.2157,43.1564,20.4937,44.2478,58.6865,47.0424,43.348,20.2822,38.8007,61.7284,41.8871,44.3516,19.8063,41.8134,62.5,40.0528,50.2646,31.7881,63.5762,70.1987,51.6556,45.942,24.6734,58.0552,62.4093,40.6386,EPI_ISL_18075144,Avian,H5N1,2023.178,Europe,A/Black-headed_Gull/Netherlands/49/2023,G1
0,1,41.7989,18.8235,38.8235,65.8824,41.7647,44.6657,19.943,44.8718,82.6211,43.4473,47.8581,22.7729,48.2251,80.3751,46.8855,43.1564,20.0279,42.8505,59.1523,47.0424,43.5051,20.7048,39.207,61.2335,41.8502,44.0879,19.8063,41.8134,62.9401,38.2923,50.2646,33.1126,64.9007,70.1987,51.6556,45.942,24.6734,56.6038,63.8607,37.7358,EPI_ISL_18075145,Avian,H5N1,2023.178,Europe,A/Black-headed_Gull/Netherlands/50/2023,G1
0,1,41.7989,18.8235,38.8235,65.8824,41.7647,44.7368,19.943,45.584,83.3333,43.4473,47.7242,22.7729,48.2251,80.3751,46.2157,43.1564,20.0279,43.3163,59.1523,47.0424,43.373,20.7048,39.207,61.674,41.8502,44.1319,19.8063,41.8134,62.9401,38.2923,50.2646,33.1126,64.9007,70.1987,51.6556,46.2319,24.6734,58.0552,65.312,37.7358,EPI_ISL_18075147,Avian,H5N1,2023.186,Europe,A/Peregrine_Falcon/Netherlands/12/2023,G1
0,1,41.6226,18.8235,38.8235,66.4706,41.1765,44.8791,20.6553,44.8718,81.9088,43.4473,47.7242,23.4427,48.2251,80.3751,46.8855,43.1099,20.4937,43.782,59.1523,46.5766,43.2599,19.4004,38.8007,61.2875,41.8871,44.2198,19.8063,42.2535,62.0599,39.6127,50.3968,33.1126,64.9007,70.1987,51.6556,46.087,24.6734,56.6038,65.312,39.1872,EPI_ISL_18075149,Avian,H5N1,2023.186,Europe,A/Black-headed_Gull/Netherlands/51/2023,G1
0,1,41.4462,18.8235,38.8235,66.4706,40.5882,44.7368,19.943,45.584,81.9088,42.735,47.8581,24.1125,48.8948,81.0449,46.8855,43.2961,20.0279,44.2478,59.6181,47.0424,43.4802,20.2822,39.6825,61.7284,42.328,44.2637,19.8063,42.2535,62.5,39.6127,50.2646,31.7881,63.5762,70.1987,51.6556,45.7971,24.6734,56.6038,62.4093,39.1872,EPI_ISL_18075150,Avian,H5N1,2023.186,Europe,A/Black-headed_Gull/Netherlands/52/2023,G1
0,1,41.7989,18.2353,38.8235,65.2941,42.3529,44.4523,19.2308,44.1595,83.3333,42.735,47.7242,22.7729,48.2251,80.3751,46.8855,43.1099,20.9595,43.3163,59.6181,46.5766,43.5051,20.2643,39.6476,62.1145,41.8502,44.0879,19.8063,42.2535,62.9401,38.7324,50.3968,33.1126,64.9007,70.1987,51.6556,46.087,24.6734,56.6038,66.7634,40.6386,EPI_ISL_18075151,Avian,H5N1,2023.208,Europe,A/Black-headed_Gull/Netherlands/53/2023,G1
0,1,41.7989,18.2353,39.4118,65.8824,42.3529,44.5946,19.943,44.8718,82.6211,43.4473,47.7912,22.7729,48.2251,80.3751,46.8855,43.1564,20.4937,43.3163,58.6865,47.0424,43.4802,20.7231,39.6825,60.8466,41.8871,44.1319,19.8063,41.8134,63.3803,38.2923,50.2646,33.1126,64.9007,70.1987,51.6556,45.942,24.6734,56.6038,63.8607,37.7358,EPI_ISL_18075152,Avian,H5N1,2023.203,Europe,A/Peregrine_Falcon/Netherlands/14/2023,G1
0,-1,41.6127,17.6887,38.3255,64.8585,41.2736,44.4208,18.4922,45.5192,78.9474,44.808,47.7242,26.7917,46.2157,77.0261,35.499,44.2737,22.8225,44.7136,62.4127,46.1109,43.1528,18.9427,37.0044,60.3524,44.0529,44.4884,19.7715,41.7399,64.587,40.8612,51.0582,35.7616,64.9007,74.1722,55.6291,46.6667,23.2221,46.4441,66.7634,53.701,EPI_ISL_18075704,Avian,H5N1,2023.203,Europe,A/white_stork/Spain/1607-4-2023_23VIR6502-11/2023,G2
0,1,41.5882,18.8457,38.8693,65.371,41.225,44.7761,19.9147,44.808,82.5036,42.6743,47.6573,22.7729,47.5553,80.3751,46.2157,43.4358,20.9595,43.782,59.1523,47.5082,43.1088,19.8238,38.326,59.9119,40.9692,44.2882,19.7889,42.2164,63.7643,40.0176,50.2646,31.7881,64.9007,71.5232,50.3311,45.6522,24.6734,55.1524,63.8607,39.1872,EPI_ISL_18075705,Avian,H5N1,2023.312,Europe,A/parasitic_jaeger/Spain/2283-5-2023_23VIR6502-12/2023,G1
0,1,41.5882,18.8457,38.8693,65.371,41.225,44.7761,19.9147,44.808,82.5036,42.6743,47.6573,22.7729,47.5553,80.3751,46.2157,43.4358,20.9595,43.782,59.1523,47.5082,43.1088,19.8238,38.326,59.9119,40.9692,44.2882,19.7889,42.2164,63.7643,40.0176,50.2646,31.7881,64.9007,71.5232,50.3311,45.6522,24.6734,55.1524,63.8607,39.1872,EPI_ISL_18075706,Avian,H5N1,2023.312,Europe,A/parasitic_jaeger/Spain/2283-5-2023_23VIR6502-13/2023,G1
0,1,41.6226,19.4118,38.8235,64.7059,40.5882,44.8472,20.6259,45.5192,81.7923,43.3855,47.7912,22.7729,48.2251,81.7147,46.2157,43.6685,21.4252,44.2478,59.6181,48.4397,43.1968,19.8238,38.326,60.3524,41.4097,44.2688,19.7715,42.6186,63.2689,39.9824,50.2646,31.7881,64.9007,71.5232,50.3311,45.6522,24.6734,55.1524,63.8607,39.1872,EPI_ISL_18075707,Avian,H5N1,2023.381,Europe,A/gull-billed_tern/Spain/2645-12-2023_23VIR6502-14/2023,G1
0,1,41.6226,18.8235,38.2353,65.2941,41.1765,44.7761,19.9147,44.808,82.5036,42.6743,47.7242,22.7729,48.2251,81.0449,46.2157,43.5289,20.9595,44.2478,59.1523,47.5082,43.1088,19.8238,38.326,60.3524,41.4097,44.2249,19.7715,42.1793,63.2689,39.9824,50.2646,31.7881,64.9007,71.5232,50.3311,45.7971,24.6734,55.1524,63.8607,39.1872,EPI_ISL_18075708,Avian,H5N1,2023.408,Europe,A/yellow-legged_gull/Spain/2679-1-2023_23VIR6502-15/2023,G1
0,1,41.6814,18.8235,38.8235,65.8824,41.1765,44.8472,19.9147,45.5192,83.2148,42.6743,47.6573,22.7729,47.5553,80.3751,46.2157,43.203,20.0279,43.782,58.6865,46.5766,43.1088,19.8238,38.326,59.4714,41.4097,44.3127,20.2109,42.6186,63.7083,39.9824,50.3968,31.7881,64.9007,72.8477,50.3311,45.7971,24.6734,55.1524,62.4093,40.6386,EPI_ISL_18075709,Avian,H5N1,2023.416,Europe,A/sandwich_tern/Spain/2681-18-2023_23VIR6502-16/2023,G1
0,1,41.5638,18.8235,38.8235,64.7059,41.1765,44.7761,19.9147,44.808,82.5036,42.6743,47.7912,22.7729,48.2251,81.7147,46.2157,43.5289,20.9595,44.2478,59.6181,47.0424,43.1968,19.8238,38.326,60.3524,41.4097,44.2249,19.7715,42.6186,63.2689,39.9824,50.2646,31.7881,64.9007,71.5232,50.3311,45.5072,24.6734,55.1524,63.8607,39.1872,EPI_ISL_18075710,Avian,H5N1,2023.416,Europe,A/gull-billed_tern/Spain/2681-21-2023_23VIR6502-17/2023,G1
0,1,41.6226,18.8235,38.8235,64.7059,41.1765,44.7761,19.9147,44.808,81.7923,43.3855,47.7912,22.7729,48.2251,81.7147,46.2157,43.622,21.4252,44.2478,59.6181,47.5082,43.1968,19.8238,38.326,60.3524,41.4097,44.2688,19.7715,42.6186,63.2689,39.9824,50.2646,31.7881,64.9007,71.5232,50.3311,45.6522,24.6734,55.1524,63.8607,39.1872,EPI_ISL_18075711,Avian,H5N1,2023.416,Europe,A/gull-billed_tern/Spain/2681-23-2023_23VIR6502-18/2023,G1
0,1,41.5638,18.8235,38.8235,64.7059,41.1765,44.7761,19.9147,44.808,82.5036,42.6743,47.7242,22.7729,48.2251,81.7147,46.2157,43.5026,20.979,44.289,59.6737,47.0862,43.2409,19.8238,38.326,60.793,41.4097,44.2688,19.7715,42.6186,63.2689,39.9824,50.2646,31.7881,64.9007,71.5232,50.3311,45.6522,24.6734,55.1524,63.8607,39.1872,EPI_ISL_18075712,Avian,H5N1,2023.416,Europe,A/sandwich_tern/Spain/2681-31-2023_23VIR6502-19/2023,G1
0,1,41.6226,18.8235,38.8235,64.7059,41.1765,44.8472,19.9147,44.808,82.5036,42.6743,47.7912,22.7729,48.2251,83.0543,46.2157,43.5491,20.979,44.289,59.2075,47.5524,43.1968,19.8238,38.326,60.3524,41.4097,44.2688,19.7715,42.6186,63.2689,39.9824,50.2646,31.7881,64.9007,71.5232,50.3311,45.6522,24.6734,55.1524,63.8607,39.1872,EPI_ISL_18075713,Avian,H5N1,2023.425,Europe,A/common_tern/Spain/2713-21-2023_23VIR6502-20/2023,G1
0,1,41.6226,18.8235,38.8235,64.7059,41.1765,44.8472,19.9147,44.808,82.5036,42.6743,47.7242,22.7729,48.2251,81.7147,46.2157,43.5754,20.9595,44.2478,59.6181,47.5082,43.1968,19.8238,38.326,60.3524,41.4097,44.3106,19.6516,41.983,62.5279,40.6431,50.2646,31.7881,64.9007,71.5232,50.3311,45.6522,24.6734,55.1524,63.8607,39.1872,EPI_ISL_18075714,Avian,H5N1,2023.425,Europe,A/common_tern/Spain/2713-24-2023_23VIR6502-21/2023,G1
0,1,41.4706,18.2568,38.2803,64.7821,40.636,44.8472,20.6259,45.5192,81.7923,43.3855,47.7562,22.8035,48.2897,81.1536,46.2777,43.622,21.4252,44.2478,59.6181,47.9739,43.2159,19.8413,38.3598,60.4056,41.4462,44.2688,19.7715,42.6186,63.2689,39.9824,50.2646,31.7881,64.9007,71.5232,50.3311,45.6522,24.6734,55.1524,63.8607,39.1872,EPI_ISL_18075715,Avian,H5N1,2023.425,Europe,A/sandwich_tern/Spain/2713-25-2023_23VIR6502-22/2023,G1
0,1,41.6226,18.8235,38.8235,64.7059,41.1765,44.705,19.9147,44.808,82.5036,41.963,47.7912,22.7729,48.2251,81.7147,46.2157,43.5289,20.9595,44.2478,59.6181,47.0424,43.1968,19.8238,38.326,60.3524,41.4097,44.2249,19.7715,42.1793,63.2689,39.5431,50.2646,31.7881,64.9007,71.5232,50.3311,45.5072,24.6734,55.1524,63.8607,39.1872,EPI_ISL_18075716,Avian,H5N1,2023.43,Europe,A/sandwich_tern/Spain/2740-23-2023_23VIR6502-23/2023,G1
0,1,41.6814,18.8235,38.8235,65.8824,41.1765,44.8472,19.9147,45.5192,83.2148,42.6743,47.5553,22.1328,47.619,79.8122,46.2777,43.2495,20.4937,43.782,58.6865,46.5766,43.1528,19.8238,38.326,59.9119,41.4097,44.3127,20.2109,42.6186,63.7083,39.9824,50.3968,31.7881,64.9007,72.8477,50.3311,45.7971,24.6734,55.1524,62.4093,40.6386,EPI_ISL_18075717,Avian,H5N1,2023.43,Europe,A/gull-billed_tern/Spain/2740-28-2023_23VIR6502-24/2023,G1
0,1,41.6226,19.4118,38.8235,64.7059,41.1765,44.7761,19.9147,44.808,82.5036,42.6743,47.7912,22.7729,48.2251,81.7147,46.2157,43.5754,20.9595,44.2478,59.6181,47.5082,43.1528,19.8238,38.326,59.9119,41.4097,44.2688,19.7715,42.6186,63.2689,39.9824,50.2646,31.7881,64.9007,71.5232,50.3311,45.6522,24.6734,55.1524,63.8607,39.1872,EPI_ISL_18075718,Avian,H5N1,2023.433,Europe,A/common_tern/Spain/2774-12-2023_23VIR6502-25/2023,G1
0,1,41.5294,18.8457,38.2803,64.7821,41.225,44.705,19.9147,44.808,82.5036,41.963,47.7912,22.7729,48.2251,81.7147,46.2157,43.5289,20.9595,44.2478,59.6181,47.0424,43.1528,19.8238,38.326,60.3524,40.9692,44.2249,19.7715,42.1793,63.2689,39.5431,50.2646,31.7881,64.9007,71.5232,50.3311,45.5072,24.6734,55.1524,63.8607,39.1872,EPI_ISL_18075719,Avian,H5N1,2023.452,Europe,A/mediterranean_gull/Spain/2842-15-2023_23VIR6502-29/2023,G1
0,1,41.6226,18.8235,38.2353,64.7059,41.1765,44.705,19.9147,44.808,82.5036,41.963,47.7912,22.7729,48.2251,81.7147,46.2157,43.4823,20.9595,44.2478,59.6181,46.5766,43.1968,19.8238,38.326,60.3524,41.4097,44.2249,19.7715,42.1793,63.2689,39.5431,50.2646,31.7881,64.9007,71.5232,50.3311,45.3623,24.6734,55.1524,63.8607,39.1872,EPI_ISL_18075722,Avian,H5N1,2023.466,Europe,A/mediterranean_gull/Spain/2886-14-2023_23VIR6502-31/2023,G1
0,1,41.7402,19.4118,38.8235,65.2941,41.7647,44.7761,19.9147,44.808,82.5036,42.6743,47.6573,22.7729,48.2251,81.0449,46.2157,43.5289,20.9595,44.2478,59.6181,47.5082,43.1968,19.8238,38.326,60.3524,41.4097,44.3127,19.7715,42.1793,64.1476,39.9824,50.3311,31.8725,65.073,71.7131,50.4648,45.6522,24.6734,55.1524,63.8607,39.1872,EPI_ISL_18075725,Avian,H5N1,2023.463,Europe,A/sandwich_tern/Spain/2988-6-2023_23VIR6502-36/2023,G1
0,1,41.5638,18.8235,38.8235,64.7059,40.5882,44.7761,19.9147,44.808,83.2148,41.963,47.7912,22.7729,48.2251,81.7147,46.2157,43.6685,21.4252,44.2478,60.0838,47.0424,43.1968,19.8238,38.326,60.3524,41.4097,44.2688,19.7715,42.1793,63.2689,39.5431,50.2646,31.7881,64.9007,71.5232,50.3311,45.5072,24.6734,55.1524,63.8607,39.1872,EPI_ISL_18075726,Avian,H5N1,2023.485,Europe,A/mediterranean_gull/Spain/2994-9-2023_23VIR6502-37/2023,G1
0,1,41.7989,19.4118,38.8235,67.0588,41.7647,44.9183,20.6259,44.808,81.7923,41.963,47.7242,23.4427,48.2251,80.3751,46.2157,43.2495,20.4937,43.782,60.0838,47.0424,43.417,19.8238,38.326,61.674,42.2907,44.2249,19.7715,41.7399,62.8295,39.5431,50.3968,33.1126,64.9007,72.8477,50.3311,46.1538,24.7453,56.7686,64.0466,39.3013,EPI_ISL_18075731,Avian,H5N1,2023.178,Europe,A/black-headed_gull/Spain/1399-5-2023_23VIR6502-7/2023,G1
0,1,41.6814,18.8235,38.8235,66.4706,41.7647,44.9183,20.6259,44.808,81.7923,43.3855,47.5904,22.7729,48.2251,79.7053,46.2157,43.1099,20.0279,43.782,59.1523,47.0424,43.373,19.3833,39.207,62.1145,41.8502,44.3127,19.7715,41.7399,62.8295,39.5431,50.2646,33.1126,64.9007,70.1987,50.3311,45.942,24.6734,56.6038,62.4093,39.1872,EPI_ISL_18075732,Avian,H5N1,2023.203,Europe,A/black-headed_gull/Spain/1509-1-2023_23VIR6502-8/2023,G1
0,1,41.7647,18.8457,38.8693,66.5489,41.8139,44.8472,20.6259,44.808,81.7923,43.3855,47.8232,23.4742,48.9604,81.1536,46.2777,43.1564,20.4937,44.2478,59.1523,47.0424,43.3289,19.3833,38.7665,61.674,41.4097,44.2688,19.7715,41.7399,62.8295,39.5431,50.3311,33.2005,63.745,69.0571,51.7928,46.087,26.1248,58.0552,62.4093,39.1872,EPI_ISL_18075733,Avian,H5N1,2023.178,Europe,A/black-headed_gull/Spain/1528-7-2023_23VIR6502-9/2023,G1
0,1,41.6814,18.8235,38.2353,66.4706,41.7647,44.705,20.6259,44.808,81.7923,42.6743,47.7242,23.4427,48.2251,80.3751,46.2157,43.1564,20.4937,43.3163,59.1523,47.9739,43.461,19.8238,39.207,62.1145,42.2907,44.2249,19.3322,41.7399,62.8295,40.4218,50.3968,33.1126,64.9007,70.1987,51.6556,45.942,24.6734,56.6038,62.4093,39.1872,EPI_ISL_18075770,Avian,H5N1,2023.2,Europe,A/eagle_owl/Spain/1607-3-2023_23VIR6502-10/2023,G1
0,1,41.6814,18.8235,38.8235,65.2941,41.1765,44.8472,19.9147,45.5192,82.5036,42.6743,47.7242,22.7729,48.2251,81.0449,46.2157,43.5289,20.9595,44.2478,59.1523,47.5082,43.1968,19.8238,38.326,60.3524,41.4097,44.137,19.3322,41.7399,63.2689,39.9824,50.2646,31.7881,64.9007,71.5232,50.3311,45.8636,24.7453,55.313,64.0466,39.3013,EPI_ISL_18076008,Avian,H5N1,2023.479,Europe,A/sandwich_tern/Italy/23VIR6092-4/2023,G1
0,1,41.6814,18.8235,38.8235,65.2941,41.1765,44.7761,19.9147,44.808,82.5036,42.6743,47.6573,22.7729,48.2251,81.0449,44.8761,43.3892,20.9595,44.2478,59.1523,47.5082,43.1968,19.8238,38.326,60.3524,41.4097,44.137,19.7715,42.1793,62.8295,39.9824,50.1323,31.7881,63.5762,71.5232,50.3311,45.6522,24.6734,55.1524,63.8607,39.1872,EPI_ISL_18076009,Avian,H5N1,2023.477,Europe,A/seagull/Italy/23VIR6095/2023,G1
0,1,41.6814,18.8235,38.8235,65.2941,41.1765,44.7761,19.9147,44.808,82.5036,42.6743,47.6573,22.7729,48.2251,80.3751,46.2157,43.4823,20.9595,44.2478,58.6865,47.5082,43.1968,19.8238,38.326,60.3524,41.4097,44.1809,19.7715,42.1793,63.2689,39.9824,50.2646,31.7881,64.9007,71.5232,50.3311,45.7184,24.7453,55.313,65.5022,39.3013,EPI_ISL_18076010,Avian,H5N1,2023.471,Europe,A/seagull/Italy/23VIR6182-3/2023,G1
0,1,41.6226,18.8235,38.8235,65.2941,40.5882,44.8472,19.9147,44.808,82.5036,42.6743,47.6573,22.7729,48.2251,80.3751,46.2157,43.5026,20.5128,44.289,59.2075,48.0186,43.2409,19.8238,38.326,60.3524,41.4097,44.1809,19.7715,42.1793,63.7083,39.9824,50.2646,31.7881,64.9007,71.5232,50.3311,45.6522,24.6734,55.1524,63.8607,39.1872,EPI_ISL_18076011,Avian,H5N1,2023.501,Europe,A/common_tern/Italy/23VIR6437-3/2023,G1
0,-1,41.6716,18.2783,39.5047,64.8585,40.0943,44.6657,19.943,44.8718,81.1966,42.735,47.1888,24.1125,43.5365,73.0074,39.5177,44.5738,22.3776,45.6876,61.5385,49.8834,44.4298,22.0264,43.1718,62.5551,44.4934,44.8397,20.6503,42.1793,65.9051,40.4218,50.3968,33.1126,64.9007,70.1987,51.6556,46.8116,26.1248,47.8955,63.8607,39.1872,EPI_ISL_18076012,Avian,H5N1,2023.521,Europe,A/pheasant/Italy/23VIR6483-3/2023,
0,-1,41.7059,18.2568,39.4582,65.371,40.0471,44.705,19.9147,44.808,81.0811,43.3855,47.1534,24.1449,43.5949,72.4346,39.5708,44.5996,22.3568,46.1109,61.9469,49.837,44.4298,22.0264,43.1718,62.5551,44.4934,44.8397,20.6503,42.1793,65.9051,40.4218,50.3968,33.1126,64.9007,70.1987,51.6556,46.8116,26.1248,47.8955,63.8607,39.1872,EPI_ISL_18076013,Avian,H5N1,2023.521,Europe,A/pheasant/Italy/23VIR6483-4/2023,
0,1,41.7402,19.4118,38.8235,65.8824,41.1765,44.7761,19.9147,44.808,82.5036,42.6743,47.7912,22.7729,48.8948,81.0449,46.8855,43.5289,20.9595,44.7136,59.1523,47.9739,43.1968,19.8238,38.326,60.3524,41.4097,44.1809,19.7715,42.1793,63.2689,39.9824,50.1323,29.1391,64.9007,70.1987,51.6556,45.6522,24.6734,55.1524,63.8607,39.1872,EPI_ISL_18076016,Avian,H5N1,2023.463,Europe,A/common_tern/Italy/23VIR6412-2/2023,G1
0,1,41.6814,18.8235,38.8235,65.2941,41.1765,44.7761,19.9147,44.808,82.5036,42.6743,47.6573,22.7729,48.2251,79.7053,46.2157,43.4823,20.9595,44.2478,59.6181,46.5766,43.1088,19.8238,38.326,60.3524,41.4097,44.2688,19.7715,42.1793,63.2689,40.4218,50.1323,31.7881,64.9007,70.1987,50.3311,45.6522,24.6734,55.1524,63.8607,39.1872,EPI_ISL_18076029,Avian,H5N1,2023.466,Europe,A/common_tern/Italy/23VIR6435-2/2023,G1
0,1,41.6814,18.8235,38.8235,65.2941,41.1765,44.7761,19.9147,44.808,82.5036,42.6743,47.6573,22.7729,48.2251,80.3751,46.2157,43.4358,20.9595,43.782,58.6865,47.5082,43.1968,19.8238,38.326,60.3524,41.4097,44.1809,19.7715,42.1793,63.2689,39.9824,50.3968,31.7881,64.9007,71.5232,50.3311,45.6522,24.6734,55.1524,63.8607,39.1872,EPI_ISL_18076030,Avian,H5N1,2023.496,Europe,A/common_tern/Italy/23VIR6743/2023,G1
0,1,41.6226,18.8235,38.8235,65.2941,41.1765,44.705,19.9147,44.808,82.5036,42.6743,47.7242,22.7729,48.2251,81.0449,46.2157,43.5289,20.9595,44.2478,59.1523,47.5082,43.1528,19.8238,38.326,60.3524,41.4097,44.3127,19.7715,42.1793,63.2689,40.8612,50.2646,31.7881,64.9007,71.5232,50.3311,45.6522,24.6734,55.1524,63.8607,39.1872,EPI_ISL_18076031,Avian,H5N1,2023.512,Europe,A/common_tern/Italy/23VIR6744/2023,G1
1,-1,41.8577,18.8235,37.6471,65.2941,41.7647,44.2075,17.7809,36.9844,77.5249,41.963,47.5234,27.4615,48.2251,70.998,41.5271,43.8082,23.2883,47.9739,54.9604,42.8505,43.9014,18.0617,42.2907,62.5551,42.7313,44.3127,18.8928,41.3005,72.0562,35.5888,51.3228,34.4371,66.2252,74.1722,54.3046,46.087,30.479,50.7983,59.5065,52.2496,EPI_ISL_18090351,Canine,H5N6,2023.247,Asia,A/canine/China/GX30/2023,
0,1,41.7402,18.2353,39.4118,65.2941,41.7647,44.705,20.6259,44.808,81.0811,42.6743,47.7242,23.4427,48.2251,80.3751,46.2157,42.9236,20.0279,41.919,58.2208,47.0424,43.417,20.2643,38.326,62.9956,41.8502,44.1809,20.2109,41.7399,62.8295,39.1037,50.3968,33.1126,64.9007,70.1987,51.6556,45.942,24.6734,56.6038,63.8607,39.1872,EPI_ISL_18094394,Avian,H5N1,2023.567,Europe,A/black-headed_gull/Leningrad_region/RII-WD244M/2023,G1
0,1,41.7402,18.2353,39.4118,65.2941,41.7647,44.705,20.6259,44.808,81.0811,42.6743,47.7242,23.4427,48.2251,80.3751,46.2157,42.8305,20.4937,41.919,58.2208,45.6451,43.417,20.2643,38.326,62.9956,41.8502,44.1809,20.2109,41.7399,62.8295,39.1037,50.3968,33.1126,64.9007,70.1987,51.6556,46.087,24.6734,58.0552,65.312,39.1872,EPI_ISL_18094395,Avian,H5N1,2023.57,Europe,A/black-headed_gull/Leningrad_region/RII-WD263M/2023,G1
0,1,41.7989,18.8235,38.8235,66.4706,41.7647,44.4208,19.9147,43.3855,81.0811,44.0967,47.8581,23.4427,48.8948,80.3751,47.5553,43.3426,20.0279,43.3163,60.5496,47.5082,43.373,20.2643,39.207,61.2335,40.9692,44.2688,19.7715,41.7399,64.1476,38.6643,50.3968,33.1126,64.9007,70.1987,51.6556,45.7971,24.6734,56.6038,60.9579,37.7358,EPI_ISL_18112325,Avian,H5N1,2023.504,Europe,A/kittiwake/Scotland/092365/2023,G1
0,1,41.6814,18.8235,38.8235,65.8824,41.7647,44.4208,19.9147,43.3855,81.7923,43.3855,47.7912,22.7729,48.2251,80.3751,47.5553,43.3892,20.4937,43.3163,60.5496,47.0424,43.2409,20.2643,39.207,61.674,40.9692,44.3566,20.2109,42.1793,64.587,38.6643,50.3968,33.1126,64.9007,70.1987,51.6556,46.087,24.6734,58.0552,65.312,37.7358,EPI_ISL_18112326,Avian,H5N1,2023.523,Europe,A/little_tern/England/093351/2023,G1
0,1,41.7402,19.4118,38.8235,66.4706,40.5882,44.705,21.3371,44.808,82.5036,42.6743,47.6573,23.4427,48.8948,81.0449,45.5459,43.203,20.0279,44.7136,59.1523,47.0424,43.461,19.8238,38.7665,62.1145,42.2907,44.2688,19.7715,41.7399,62.8295,39.5431,50,31.7881,63.5762,70.1987,51.6556,45.942,24.6734,56.6038,63.8607,39.1872,EPI_ISL_18112327,Avian,H5N1,2023.523,Europe,A/black-headed_gull/Wales/094394/2023,G1
0,1,41.7402,18.8235,38.8235,65.8824,41.7647,44.4918,19.9147,43.3855,82.5036,43.3855,47.7242,22.7729,48.2251,80.3751,46.8855,43.3426,20.4937,43.782,60.5496,46.5766,43.2409,20.2643,39.207,61.2335,40.9692,44.3127,20.2109,42.1793,64.1476,38.6643,50.3968,33.1126,64.9007,70.1987,51.6556,45.942,24.6734,56.6038,63.8607,37.7358,EPI_ISL_18112328,Avian,H5N1,2023.529,Europe,A/gull/Scotland/094785/2023,G1
0,1,41.7355,18.9014,38.9841,65.5641,41.9374,45.0037,20.8024,45.3195,82.4666,43.8336,47.7562,22.8035,48.2897,80.4829,46.9484,43.3255,19.7554,43.2738,60.6773,47.0367,43.1968,20.2643,39.207,60.793,40.9692,44.3566,20.2109,42.1793,64.587,38.6643,50.3311,31.8725,65.073,69.0571,51.7928,45.8636,24.7453,55.313,64.0466,37.8457,EPI_ISL_18112329,Avian,H5N1,2023.523,Europe,A/herring_gull/Scotland/095035/2023,G1
0,1,41.6814,18.8235,38.8235,65.8824,41.1765,44.3497,19.9147,43.3855,81.7923,43.3855,47.7912,22.7729,48.2251,80.3751,47.5553,43.3892,20.4937,43.3163,60.5496,47.0424,43.2409,20.2643,39.207,61.2335,40.9692,44.3127,20.2109,42.1793,64.1476,38.6643,50.3968,33.1126,64.9007,70.1987,51.6556,45.7971,24.6734,55.1524,63.8607,37.7358,EPI_ISL_18112330,Avian,H5N1,2023.526,Europe,A/kittiwake/Scotland/095368/2023,G1
0,1,41.8235,19.4346,39.4582,66.5489,41.8139,44.9183,19.9147,45.5192,81.0811,42.6743,47.7912,23.4427,48.2251,80.3751,46.8855,43.0633,19.5622,43.782,59.1523,47.0424,43.2849,19.3833,39.207,61.674,41.8502,44.4594,19.2998,41.2926,63.2855,40.395,50.3968,33.1126,64.9007,70.1987,51.6556,45.7971,24.6734,55.1524,62.4093,39.1872,EPI_ISL_18112331,Avian,H5N1,2023.54,Europe,A/chicken/Jersey/095598/2023,G1
0,1,41.7402,18.8235,38.8235,66.4706,41.7647,44.9183,19.9147,45.5192,81.0811,42.6743,47.7912,23.4427,48.2251,80.3751,46.8855,43.0633,19.5622,43.782,59.1523,47.0424,43.2849,19.3833,39.207,61.674,41.8502,44.2688,19.7715,41.3005,62.3902,39.5431,50.3968,33.1126,64.9007,70.1987,51.6556,45.7971,24.6734,55.1524,62.4093,39.1872,EPI_ISL_18112332,Avian,H5N1,2023.54,Europe,A/chicken/Jersey/095599/2023,G1
0,1,41.5638,18.8235,38.2353,64.1176,41.7647,44.4208,19.9147,43.3855,81.0811,44.0967,47.925,23.4427,48.8948,81.0449,47.5553,43.3892,20.0279,43.3163,61.4811,47.5082,43.373,20.7048,38.7665,61.2335,40.5286,44.2688,20.2109,41.7399,64.1476,38.6643,50.5291,33.1126,64.9007,71.5232,51.6556,45.7971,23.2221,55.1524,63.8607,37.7358,EPI_ISL_18112333,Avian,H5N1,2023.515,Europe,A/kittiwake/England/330253/2023,G1
0,1,41.5638,18.8235,38.2353,65.8824,40.5882,44.5629,20.6259,44.0967,81.0811,42.6743,47.6573,23.4427,48.2251,80.3751,45.5459,43.1564,20.9595,43.3163,59.1523,47.0424,43.461,19.8238,39.207,62.1145,42.2907,44.3566,19.7715,41.7399,63.2689,39.5431,50.5291,33.1126,67.5497,70.1987,50.3311,46.4856,24.077,54.5746,69.0209,38.5233,EPI_ISL_18112334,Avian,H5N1,2023.523,Europe,A/black-headed_gull/England/354816/2023,G1
0,1,41.6226,18.2353,38.2353,66.4706,41.7647,44.4208,19.9147,44.0967,80.3698,44.0967,47.7242,23.4427,48.2251,81.0449,46.8855,43.3426,20.4937,43.3163,61.4811,46.5766,43.461,20.7048,39.207,61.2335,40.9692,44.2249,20.2109,41.7399,63.7083,39.1037,50.3968,33.1126,64.9007,70.1987,51.6556,46.087,24.6734,56.6038,63.8607,37.7358,EPI_ISL_18112335,Avian,H5N1,2023.518,Europe,A/black-headed_gull/England/402114/2023,G1
0,1,41.7402,18.8235,38.8235,65.8824,41.7647,44.4208,19.9147,43.3855,81.7923,43.3855,47.7912,22.7729,48.2251,80.3751,47.5553,43.3892,20.9595,43.3163,60.5496,47.0424,43.2849,20.2643,39.207,61.2335,41.4097,44.3127,20.2109,42.1793,64.1476,38.6643,50.3968,33.1126,64.9007,70.1987,51.6556,45.942,24.6734,56.6038,63.8607,37.7358,EPI_ISL_18112336,Avian,H5N1,2023.493,Europe,A/kittiwake/Scotland/091757/2023,G1
0,1,41.6814,19.4118,38.8235,66.4706,41.1765,44.7761,20.6259,44.808,81.7923,42.6743,47.8581,23.4427,48.2251,80.3751,47.5553,43.1099,20.0279,44.7136,57.755,47.5082,43.461,20.2643,38.326,61.674,41.8502,44.1809,19.7715,42.1793,62.3902,39.5431,50.1323,33.1126,63.5762,70.1987,51.6556,46.2319,24.6734,56.6038,63.8607,39.1872,EPI_ISL_18115433,Avian,H5N1,2023.584,Europe,A/black-headed_gull/Leningrad_region/RII-WD300S/2023,G1
0,1,41.7402,19.4118,38.8235,66.4706,41.1765,44.7761,20.6259,45.5192,81.0811,40.5405,47.7912,23.4427,48.2251,80.3751,46.8855,43.2697,20.979,43.3566,59.6737,47.0862,43.3921,20.2822,39.2416,61.7284,40.5644,44.1809,19.7715,40.8612,63.2689,39.5431,50,33.1126,63.5762,70.1987,51.6556,46.2319,24.6734,56.6038,62.4093,39.1872,EPI_ISL_18115435,Avian,H5N1,2023.584,Europe,A/black-headed_gull/Leningrad_region/RII-WD319M/2023,G1
0,1,41.6226,18.8235,38.8235,66.4706,41.1765,44.634,20.6259,44.808,81.7923,42.6743,47.8581,23.4427,48.8948,81.0449,46.2157,43.1099,20.4937,44.2478,58.6865,47.0424,43.5931,20.7048,39.207,62.5551,42.2907,44.3127,19.7715,41.7399,62.8295,40.8612,50.5291,33.1126,64.9007,71.5232,51.6556,45.942,24.6734,56.6038,62.4093,39.1872,EPI_ISL_18115436,Avian,H5N1,2023.584,Europe,A/black-headed_gull/Leningrad_region/RII-WD329S/2023,G1
0,1,41.7989,18.2353,38.8235,67.0588,41.7647,44.6657,20.6553,44.8718,81.9088,42.735,47.7242,22.7729,48.2251,81.0449,46.2157,43.1564,20.9595,43.782,58.6865,47.9739,43.3921,20.2822,39.2416,62.1693,41.8871,44.0879,19.3662,41.8134,62.0599,39.1725,50.1323,33.1126,63.5762,70.1987,51.6556,45.7971,24.6734,56.6038,62.4093,37.7358,EPI_ISL_18118721,Avian,H5N1,2023.551,Europe,A/Black-headed_Gull/Netherlands/114/2023,G1
0,1,41.9165,18.2353,38.8235,66.4706,42.3529,44.5235,20.6553,44.1595,81.9088,42.0228,47.6573,22.7729,48.2251,80.3751,46.2157,42.9702,20.0279,42.8505,58.6865,47.5082,43.304,20.2822,39.2416,61.2875,41.8871,44.1758,19.3662,41.8134,62.0599,39.1725,50.1323,33.1126,63.5762,70.1987,51.6556,46.087,24.6734,56.6038,62.4093,40.6386,EPI_ISL_18118722,Avian,H5N1,2023.551,Europe,A/Black-headed_Gull/Netherlands/115/2023,G1
0,1,41.9753,19.4118,39.4118,66.4706,42.3529,44.6657,20.6553,44.8718,82.6211,43.4473,47.8581,22.7729,48.2251,79.7053,47.5553,43.2961,20.9595,43.782,60.0838,46.5766,43.348,20.2822,39.6825,61.2875,40.5644,44.3956,20.6866,42.2535,63.8204,39.1725,50.3968,33.1126,64.9007,71.5232,50.3311,45.5072,21.7707,55.1524,62.4093,39.1872,EPI_ISL_18118723,Avian,H5N1,2023.551,Europe,A/Black-headed_Gull/Netherlands/116/2023,G1
0,-1,42.0804,15.9669,39.6215,61.5021,39.6215,45.3447,18.4922,41.963,83.2148,40.5405,47.7912,29.4709,46.8855,68.3188,39.5177,44.4134,24.6856,45.6451,61.9469,47.5082,43.7693,20.2643,40.5286,62.5551,40.9692,44.5958,20.6684,42.6561,64.6438,40.0176,51.9841,37.0861,70.1987,78.1457,54.3046,45.6522,23.2221,44.9927,63.8607,39.1872,EPI_ISL_18118724,Avian,H5N8,2023.57,Europe,A/Common_shelduck/Netherlands/1/2023,
0,1,41.3286,18.2353,38.8235,64.7059,40,44.5946,20.6553,44.8718,80.4843,42.735,47.7242,23.4427,48.2251,81.0449,46.2157,43.1564,20.0279,44.2478,58.6865,46.1109,43.304,20.2822,38.8007,61.7284,41.8871,44.2637,20.2465,41.8134,62.0599,39.6127,50.2646,33.1126,63.5762,70.1987,51.6556,46.3768,24.6734,56.6038,63.8607,39.1872,EPI_ISL_18118727,Avian,H5N1,2023.57,Europe,A/Common_Tern/Netherlands/31/2023,G1
0,1,41.3286,18.2353,38.8235,64.7059,40,44.5946,20.6553,44.8718,80.4843,42.735,47.7242,23.4427,48.2251,81.0449,46.2157,43.1765,20.0466,44.289,58.7413,46.1538,43.304,20.2822,38.8007,61.7284,41.8871,44.2637,20.2465,41.8134,62.0599,39.6127,50.2646,33.1126,63.5762,70.1987,51.6556,46.3768,24.6734,56.6038,63.8607,39.1872,EPI_ISL_18118729,Avian,H5N1,2023.57,Europe,A/Common_Tern/Netherlands/32/2023,G1
0,1,41.6814,18.2353,38.2353,67.6471,41.7647,44.6657,20.6553,44.8718,81.9088,42.735,47.6573,23.4427,48.2251,79.7053,46.2157,43.1099,20.4937,43.782,57.2892,47.0424,43.304,19.8413,38.8007,61.2875,41.4462,44.3956,19.8063,41.8134,63.8204,40.0528,50.1323,33.1126,62.2517,68.8742,51.6556,45.5072,24.6734,56.6038,62.4093,39.1872,EPI_ISL_18118730,Avian,H5N1,2023.57,Europe,A/Common_Tern/Netherlands/33/2023,G1
0,1,41.7989,19.4118,38.8235,66.4706,41.1765,44.4523,19.2308,44.8718,81.9088,42.735,47.8581,23.4427,48.2251,80.3751,46.2157,43.3628,20.979,44.7552,59.2075,47.5524,43.2599,19.8413,38.8007,61.2875,41.8871,44.1758,19.8063,41.8134,62.0599,39.6127,50.2646,33.1126,64.9007,70.1987,52.9801,45.942,24.6734,55.1524,63.8607,37.7358,EPI_ISL_18118733,Avian,H5N1,2023.57,Europe,A/Lesser_black-backed_Gull/Netherlands/9/2023,G1
1,1,41.7989,19.4118,38.8235,66.4706,41.7647,44.808,19.943,44.8718,81.9088,43.4473,47.6573,23.4427,48.2251,80.3751,45.5459,43.1099,20.4937,42.8505,59.1523,47.0424,43.373,19.8238,38.7665,61.674,41.8502,44.4005,19.7715,41.7399,63.2689,39.9824,50.3311,31.8725,65.073,70.3851,50.4648,45.942,24.6734,56.6038,60.9579,39.1872,EPI_ISL_18122418,Canine,H5N1,2023.521,Europe,A/arctic-fox/Finland/495/2023,G1
1,1,41.6226,19.4118,38.2353,66.4706,41.7647,44.8791,19.943,44.8718,82.6211,43.4473,47.6573,23.4427,48.2251,80.3751,45.5459,43.1099,20.4937,42.8505,59.1523,47.0424,43.3289,19.3833,38.7665,61.674,41.8502,44.4005,19.7715,41.7399,63.2689,39.9824,50.3311,31.8725,65.073,70.3851,50.4648,45.942,24.6734,56.6038,60.9579,39.1872,EPI_ISL_18122420,Canine,H5N1,2023.521,Europe,A/arctic-fox/Finland/504/2023,G1
1,1,41.6226,19.4118,38.2353,66.4706,41.1765,44.8791,19.943,44.8718,82.6211,43.4473,47.5904,22.7729,47.5553,80.3751,45.5459,43.1099,20.4937,42.8505,59.1523,47.0424,43.3289,19.3833,38.7665,61.674,41.8502,44.3761,19.7889,41.7766,62.8848,40.0176,50.3311,31.8725,65.073,70.3851,50.4648,45.942,24.6734,56.6038,60.9579,39.1872,EPI_ISL_18122421,Canine,H5N1,2023.532,Europe,A/arctic-fox/Finland/536/2023,G1
1,1,41.7402,19.4118,38.8235,66.4706,41.7647,44.808,19.943,44.8718,81.9088,43.4473,47.5904,23.4427,48.2251,79.7053,45.5459,43.1564,20.4937,42.8505,59.1523,47.5082,43.3289,19.3833,38.7665,61.674,42.2907,44.3566,19.7715,41.7399,63.2689,39.9824,50.3311,31.8725,65.073,70.3851,50.4648,45.942,24.6734,56.6038,60.9579,39.1872,EPI_ISL_18122422,Canine,H5N1,2023.532,Europe,A/arctic-fox/Finland/542/2023,G1
1,1,41.6471,18.8457,38.8693,66.5489,41.8139,44.8791,19.943,44.8718,82.6211,43.4473,47.6542,23.5057,48.3546,80.591,44.9966,43.1564,20.9595,42.8505,59.1523,47.0424,43.3289,19.3833,38.7665,61.674,41.8502,44.4005,19.7715,41.7399,63.2689,39.9824,50.3311,31.8725,65.073,70.3851,50.4648,45.942,24.6734,56.6038,60.9579,39.1872,EPI_ISL_18122423,Canine,H5N1,2023.532,Europe,A/arctic-fox/Finland/543/2023,G1
1,1,41.7402,19.4118,38.8235,66.4706,41.7647,44.808,19.943,44.8718,81.9088,43.4473,47.6573,23.4427,48.2251,80.3751,45.5459,43.1299,20.5128,42.8904,59.2075,47.0862,43.3289,19.3833,38.7665,61.674,41.8502,44.3566,19.7715,41.7399,63.2689,39.9824,50.3311,31.8725,65.073,70.3851,50.4648,45.942,24.6734,56.6038,60.9579,39.1872,EPI_ISL_18122424,Canine,H5N1,2023.532,Europe,A/arctic-fox/Finland/544/2023,G1
1,1,41.7402,19.4118,38.8235,66.4706,41.7647,44.808,19.943,44.8718,81.9088,43.4473,47.6573,23.4427,48.2251,80.3751,45.5459,42.9113,20.683,42.809,57.2391,48.1,43.3289,19.3833,38.7665,61.674,41.8502,44.2195,19.1431,41.4768,62.8988,41.021,50.3311,31.8725,65.073,70.3851,50.4648,45.942,24.6734,56.6038,60.9579,39.1872,EPI_ISL_18122425,Canine,H5N1,2023.532,Europe,A/arctic-fox/Finland/547/2023,G1
1,1,41.7402,19.4118,38.8235,66.4706,41.7647,44.808,19.943,44.8718,81.9088,43.4473,47.6573,23.4427,48.2251,80.3751,45.5459,43.1099,20.4937,42.8505,59.1523,47.0424,43.348,19.4004,38.8007,61.7284,41.8871,44.4005,19.7715,41.7399,63.2689,39.9824,50.3311,31.8725,65.073,70.3851,50.4648,45.942,24.6734,56.6038,60.9579,39.1872,EPI_ISL_18122426,Canine,H5N1,2023.532,Europe,A/arctic-fox/Finland/549/2023,G1
1,1,41.7989,19.4118,38.8235,66.4706,41.7647,44.808,19.943,44.8718,81.9088,43.4473,47.6573,23.4427,48.2251,80.3751,45.5459,43.1099,20.4937,42.8505,59.1523,47.0424,43.373,19.3833,38.7665,61.674,42.2907,44.4005,19.7715,41.7399,63.2689,39.9824,50.3311,31.8725,65.073,70.3851,50.4648,45.942,24.6734,56.6038,60.9579,39.1872,EPI_ISL_18122427,Canine,H5N1,2023.54,Europe,A/arctic-fox/Finland/565/2023,G1
1,1,41.7989,19.4118,38.8235,66.4706,41.7647,44.808,19.943,44.8718,81.9088,43.4473,47.6573,23.4427,48.2251,80.3751,45.5459,43.1099,20.4937,42.8505,59.1523,47.0424,43.373,19.3833,38.7665,61.674,42.2907,44.4005,19.7715,41.7399,63.2689,39.9824,50.3311,31.8725,65.073,70.3851,50.4648,45.942,24.6734,56.6038,60.9579,39.1872,EPI_ISL_18122429,Canine,H5N1,2023.54,Europe,A/arctic-fox/Finland/567/2023,G1
1,1,41.7647,19.4346,38.8693,66.5489,41.8139,44.808,19.943,44.8718,81.9088,43.4473,47.6573,23.4427,48.2251,80.3751,45.5459,43.1564,20.4937,42.8505,59.6181,47.0424,43.3289,19.3833,38.7665,61.674,41.8502,44.4005,19.7715,41.7399,63.2689,39.9824,50.3311,31.8725,65.073,70.3851,50.4648,45.942,24.6734,56.6038,60.9579,39.1872,EPI_ISL_18122430,Canine,H5N1,2023.542,Europe,A/arctic-fox/Finland/574/2023,G1
1,1,41.7402,19.4118,38.8235,66.4706,41.7647,44.808,19.943,44.8718,81.9088,43.4473,47.6573,23.4427,48.2251,80.3751,45.5459,43.1564,20.4937,42.8505,59.6181,47.0424,43.373,19.3833,39.207,61.674,41.8502,44.4005,19.7715,41.7399,63.2689,39.9824,50.3968,33.1126,64.9007,70.1987,51.6556,45.942,24.6734,56.6038,60.9579,39.1872,EPI_ISL_18122431,Canine,H5N1,2023.542,Europe,A/arctic-fox/Finland/575/2023,G1
1,1,41.7402,18.8235,38.8235,65.8824,41.7647,44.808,19.943,44.8718,81.9088,43.4473,47.6573,23.4427,48.2251,80.3751,45.5459,43.0633,20.4937,42.8505,58.6865,47.0424,43.3289,19.3833,38.7665,61.674,42.2907,44.4444,19.7715,41.7399,63.7083,39.9824,50.3311,31.8725,65.073,70.3851,50.4648,45.942,24.6734,56.6038,60.9579,39.1872,EPI_ISL_18122432,Canine,H5N1,2023.542,Europe,A/arctic-fox/Finland/576/2023,G1
1,1,41.6814,19.4118,38.8235,66.4706,41.7647,44.9502,19.943,44.8718,82.6211,44.1595,47.6573,23.4427,48.2251,80.3751,45.5459,43.1099,20.4937,42.8505,59.1523,47.0424,43.3289,19.3833,39.207,61.2335,41.8502,44.3566,19.7715,41.7399,63.2689,39.9824,50.3311,31.8725,65.073,70.3851,50.4648,45.942,24.6734,56.6038,60.9579,39.1872,EPI_ISL_18122433,Canine,H5N1,2023.542,Europe,A/arctic-fox/Finland/577/2023,G1
1,1,41.7647,18.8457,38.8693,66.5489,41.8139,44.8791,19.943,44.8718,82.6211,43.4473,47.6573,23.4427,48.2251,80.3751,45.5459,43.1564,20.4937,43.3163,59.1523,47.0424,43.304,19.4004,38.8007,61.7284,41.8871,44.4005,19.7715,41.7399,63.2689,39.9824,50.3311,31.8725,65.073,70.3851,50.4648,45.942,24.6734,56.6038,60.9579,39.1872,EPI_ISL_18122435,Canine,H5N1,2023.559,Europe,A/arctic-fox/Finland/616/2023,G1
1,1,41.7402,18.8235,38.8235,66.4706,41.7647,44.8791,19.943,44.8718,82.6211,43.4473,47.6892,23.4742,48.2897,80.4829,45.607,43.1564,20.4937,43.3163,59.1523,47.0424,43.3289,19.3833,38.7665,61.674,41.8502,44.4005,19.7715,41.7399,63.2689,39.9824,50.3311,31.8725,65.073,70.3851,50.4648,45.942,24.6734,56.6038,60.9579,39.1872,EPI_ISL_18122436,Canine,H5N1,2023.559,Europe,A/arctic-fox/Finland/618/2023,G1
1,1,41.7647,19.4346,38.8693,66.5489,41.8139,44.808,19.943,44.8718,81.9088,43.4473,47.6573,23.4427,48.2251,80.3751,45.5459,43.1099,20.4937,42.8505,59.1523,47.0424,43.3289,19.3833,38.7665,61.674,41.8502,44.4005,19.7715,41.7399,63.2689,39.9824,50.2646,33.1126,64.9007,68.8742,51.6556,45.942,24.6734,56.6038,60.9579,39.1872,EPI_ISL_18122437,Canine,H5N1,2023.559,Europe,A/arctic-fox/Finland/619/2023,G1
1,1,41.8577,19.4118,38.8235,67.0588,41.7647,44.808,19.943,44.8718,81.9088,43.4473,47.6573,23.4427,48.2251,80.3751,45.5459,43.1099,20.4937,42.8505,59.1523,47.0424,43.3289,19.3833,38.7665,61.674,41.8502,44.3566,19.7715,41.7399,63.2689,39.9824,50.3311,31.8725,65.073,70.3851,50.4648,45.942,24.6734,56.6038,60.9579,39.1872,EPI_ISL_18122438,Canine,H5N1,2023.559,Europe,A/arctic-fox/Finland/620/2023,G1
1,1,41.7647,19.4346,38.8693,66.5489,41.8139,44.808,19.943,44.8718,81.9088,43.4473,47.6573,23.4427,48.2251,80.3751,45.5459,43.1099,20.4937,42.8505,59.1523,47.0424,43.3289,19.3833,38.7665,61.674,41.8502,44.4005,20.2109,42.1793,63.2689,40.4218,50.3311,31.8725,65.073,70.3851,50.4648,45.942,24.6734,56.6038,60.9579,39.1872,EPI_ISL_18122439,Canine,H5N1,2023.559,Europe,A/arctic-fox/Finland/621/2023,G1
1,1,41.7402,19.4118,38.8235,66.4706,41.7647,44.808,19.943,44.8718,81.9088,43.4473,47.5904,23.4427,48.2251,79.7053,45.5459,43.1564,20.4937,42.8505,59.1523,47.5082,43.373,19.3833,38.7665,62.1145,42.2907,44.3566,19.7715,41.7399,63.2689,39.9824,50.1326,30.6258,65.2463,70.5726,49.2676,45.942,24.6734,56.6038,60.9579,39.1872,EPI_ISL_18122440,Canine,H5N1,2023.559,Europe,A/arctic-fox/Finland/622/2023,G1
1,1,41.7989,19.4118,38.8235,67.0588,41.7647,44.808,19.943,44.8718,81.9088,43.4473,47.6573,23.4427,48.2251,80.3751,45.5459,43.1099,20.4937,42.8505,59.1523,47.0424,43.3289,19.3833,38.7665,61.674,41.8502,44.3566,19.7715,41.7399,63.2689,39.9824,50.3311,31.8725,65.073,70.3851,50.4648,45.942,24.6734,56.6038,60.9579,39.1872,EPI_ISL_18122441,Canine,H5N1,2023.548,Europe,A/fox/Finland/601/2023,G1
1,1,42.0929,19.4118,39.4118,67.0588,42.9412,44.808,20.6553,44.8718,80.4843,43.4473,47.6573,23.4427,48.2251,80.3751,45.5459,43.1099,20.4937,43.3163,58.6865,47.0424,43.373,19.3833,38.7665,62.1145,41.8502,44.3761,19.7889,41.7766,63.3245,39.5778,50.3311,31.8725,65.073,70.3851,50.4648,45.942,24.6734,56.6038,60.9579,39.1872,EPI_ISL_18122442,Canine,H5N1,2023.548,Europe,A/fox/Finland/603/2023,G1
1,1,41.6814,19.4118,38.8235,65.8824,41.7647,44.808,19.943,44.8718,81.9088,43.4473,47.6573,23.4427,48.2251,80.3751,45.5459,43.1099,20.4937,42.8505,59.1523,47.0424,43.3289,19.3833,38.7665,61.674,41.8502,44.3761,18.9094,41.7766,63.3245,40.0176,50.3311,31.8725,65.073,70.3851,50.4648,45.942,24.6734,56.6038,60.9579,39.1872,EPI_ISL_18122443,Canine,H5N1,2023.559,Europe,A/fox/Finland/612/2023,G1
1,1,41.8577,19.4118,38.8235,67.0588,41.7647,44.7368,19.943,44.1595,81.9088,43.4473,47.5904,22.7729,48.2251,80.3751,45.5459,43.0168,20.4937,43.3163,59.1523,47.0424,43.461,19.3833,38.7665,62.1145,41.8502,44.3127,19.7715,41.3005,63.2689,39.5431,50.3311,31.8725,65.073,70.3851,50.4648,45.7971,24.6734,56.6038,59.5065,39.1872,EPI_ISL_18122445,Canine,H5N1,2023.54,Europe,A/red-fox/Finland/553/2023,G1
0,1,41.8824,19.4346,38.8693,67.1378,41.8139,44.808,20.6553,44.1595,81.9088,43.4473,47.5904,22.7729,48.2251,80.3751,45.5459,43.1564,20.4937,43.3163,59.1523,47.0424,43.417,19.3833,38.7665,62.1145,41.8502,44.2688,19.3322,41.3005,62.8295,39.5431,50.3311,31.8725,65.073,70.3851,50.4648,45.6522,24.6734,55.1524,59.5065,39.1872,EPI_ISL_18122446,Avian,H5N1,2023.523,Europe,A/black-headed-gull/Finland/7826/2023,G1
0,1,41.8577,19.4118,38.8235,67.0588,41.7647,44.808,20.6553,44.1595,81.9088,43.4473,47.5904,22.7729,48.2251,80.3751,45.5459,43.1564,20.4937,43.3163,59.1523,47.0424,43.417,19.3833,38.7665,62.1145,41.8502,44.2688,19.3322,41.3005,62.8295,39.5431,50.3311,31.8725,65.073,70.3851,50.4648,45.6522,24.6734,55.1524,59.5065,39.1872,EPI_ISL_18122447,Avian,H5N1,2023.523,Europe,A/black-headed-gull/Finland/7827/2023,G1
0,1,41.9165,19.4118,40,66.4706,42.3529,44.9893,20.6259,44.808,81.7923,43.3855,47.6573,23.4427,48.2251,80.3751,45.5459,43.1564,21.4252,43.3163,59.1523,47.0424,43.417,19.3833,38.7665,61.674,42.2907,44.2688,19.3322,42.1793,63.7083,39.5431,50.3311,31.8725,65.073,70.3851,50.4648,45.7971,23.2221,55.1524,60.9579,39.1872,EPI_ISL_18122448,Avian,H5N1,2023.529,Europe,A/black-headed-gull/Finland/7895/2023,G1
0,1,41.9165,19.4118,40,66.4706,42.3529,44.9893,20.6259,44.808,81.7923,43.3855,47.6573,23.4427,48.2251,80.3751,45.5459,43.1564,21.4252,43.3163,59.1523,47.0424,43.417,19.3833,38.7665,61.674,42.2907,44.2688,19.3322,42.1793,63.7083,39.5431,50.3311,31.8725,65.073,70.3851,50.4648,45.7971,23.2221,55.1524,60.9579,39.1872,EPI_ISL_18122449,Avian,H5N1,2023.529,Europe,A/black-headed-gull/Finland/7896/2023,G1
0,1,41.9753,19.4118,40,66.4706,42.3529,44.7761,20.6259,44.808,81.7923,43.3855,47.7912,24.1125,48.2251,81.7147,45.5459,43.0168,20.0279,43.3163,59.1523,46.5766,43.461,19.3833,38.7665,62.1145,42.2907,44.3127,18.8928,41.7399,63.7083,39.5431,50.1987,31.8725,65.073,70.3851,50.4648,45.7971,23.2221,55.1524,60.9579,39.1872,EPI_ISL_18122450,Avian,H5N1,2023.529,Europe,A/black-headed-gull/Finland/7897/2023,G1
0,1,41.7796,19.5035,39.0071,66.1939,41.9622,44.808,19.943,44.8718,81.9088,43.4473,47.6573,23.4427,48.2251,80.3751,45.5459,43.1299,20.5128,42.8904,59.2075,47.0862,43.2849,19.3833,38.7665,61.674,41.8502,44.4444,19.7715,41.7399,63.2689,39.9824,50.3311,31.8725,65.073,70.3851,50.4648,45.9302,24.8175,56.9343,61.3139,39.4161,EPI_ISL_18122451,Avian,H5N1,2023.545,Europe,A/black-headed-gull/Finland/8139/2023,G1
0,1,41.8577,19.4118,38.8235,67.0588,41.7647,44.8472,20.6259,44.808,81.7923,43.3855,47.5904,22.7729,48.2251,80.3751,45.5459,43.1099,20.4937,43.3163,59.1523,47.0424,43.461,19.8238,38.7665,62.1145,41.8502,44.3127,19.7715,41.3005,63.2689,39.5431,50.3311,31.8725,65.073,70.3851,50.4648,45.942,24.6734,58.0552,59.5065,39.1872,EPI_ISL_18122456,Avian,H5N1,2023.548,Europe,A/black-headed-gull/Finland/8241/2023,G1
0,1,41.8577,19.4118,38.8235,66.4706,41.7647,44.7368,20.6553,44.1595,81.9088,42.0228,47.5904,22.7729,48.2251,80.3751,45.5459,43.2495,20.4937,43.782,59.6181,47.0424,43.417,19.3833,38.7665,62.1145,41.8502,44.3566,19.7715,41.3005,63.7083,39.5431,50.4636,33.2005,65.073,70.3851,50.4648,45.7971,24.6734,56.6038,59.5065,39.1872,EPI_ISL_18122457,Avian,H5N1,2023.548,Europe,A/black-headed-gull/Finland/8250/2023,G1
0,1,41.7989,19.4118,38.8235,66.4706,41.7647,45.0213,20.6553,44.8718,81.9088,44.1595,47.5904,23.4427,47.5553,80.3751,45.5459,43.203,20.4937,43.3163,60.0838,47.0424,43.3289,19.3833,38.7665,61.2335,41.4097,44.4444,19.7715,42.1793,63.2689,39.5431,50.3311,31.8725,65.073,70.3851,50.4648,46.087,24.6734,56.6038,60.9579,39.1872,EPI_ISL_18122458,Avian,H5N1,2023.548,Europe,A/black-headed-gull/Finland/8254/2023,G1
1,1,41.7402,19.4118,38.8235,66.4706,41.7647,44.8472,19.9147,45.5192,81.7923,43.3855,47.6573,23.4427,48.2251,80.3751,45.5459,43.1099,20.4937,42.8505,59.1523,47.0424,43.3289,19.3833,38.7665,61.674,41.8502,44.3566,19.7715,41.3005,63.2689,39.9824,50.3311,31.8725,65.073,70.3851,50.4648,45.942,24.6734,56.6038,60.9579,39.1872,EPI_ISL_18123722,Canine,H5N1,2023.54,Europe,A/arctic-fox/Finland/564/2023,G1
1,1,42.0929,19.4118,39.4118,67.0588,42.9412,44.808,20.6553,44.8718,80.4843,43.4473,47.6573,23.4427,48.2251,80.3751,45.5459,43.1099,20.4937,43.3163,58.6865,47.0424,43.373,19.3833,38.7665,62.1145,41.8502,44.3761,19.7889,41.7766,63.3245,39.5778,50.3311,31.8725,65.073,70.3851,50.4648,45.942,24.6734,56.6038,60.9579,39.1872,EPI_ISL_18123724,Canine,H5N1,2023.567,Europe,A/arctic-fox/Finland/654/2023,G1
1,1,41.7402,19.4118,38.8235,65.2941,41.7647,44.808,19.943,44.8718,81.9088,43.4473,47.6573,23.4427,48.2251,80.3751,45.5459,43.1564,20.4937,42.8505,59.1523,47.0424,43.279,18.9762,38.835,61.7829,41.4828,44.42,19.7889,41.7766,63.3245,40.0176,50.3311,31.8725,65.073,70.3851,50.4648,45.942,24.6734,56.6038,60.9579,39.1872,EPI_ISL_18123725,Canine,H5N1,2023.578,Europe,A/arctic-fox/Finland/660/2023,G1
1,1,41.7647,19.4346,38.8693,66.5489,41.8139,44.8399,19.9715,44.9358,82.0257,43.5093,47.6892,23.4742,48.2897,80.4829,45.607,43.1099,20.4937,42.8505,59.1523,47.0424,43.3289,19.3833,38.7665,61.674,41.8502,44.3566,19.7715,41.7399,63.2689,39.9824,50.3311,31.8725,65.073,70.3851,50.4648,45.942,24.6734,56.6038,60.9579,39.1872,EPI_ISL_18123931,Canine,H5N1,2023.548,Europe,A/fox/Finland/602/2023,G1
1,1,41.7402,19.4118,38.8235,66.4706,41.7647,44.8791,20.6553,44.1595,81.9088,43.4473,47.6573,23.4427,48.2251,80.3751,45.5459,43.2168,20.5511,43.4376,58.851,47.6413,43.461,19.3833,38.7665,62.5551,41.8502,44.2882,19.7889,41.7766,62.8848,39.1381,50.4636,31.8725,65.073,70.3851,51.7928,45.942,24.6734,56.6038,60.9579,39.1872,EPI_ISL_18123932,Canine,H5N1,2023.548,Europe,A/fox/Finland/610/2023,G1
1,1,41.7402,19.4118,38.8235,66.4706,41.7647,44.8472,19.9147,45.5192,81.7923,43.3855,47.6573,23.4427,48.2251,80.3751,45.5459,43.1564,20.4937,42.8505,59.1523,47.0424,43.3289,19.3833,38.7665,61.674,41.8502,44.3566,19.7715,41.7399,63.2689,39.9824,50.2646,33.1126,64.9007,70.1987,51.6556,45.942,24.6734,56.6038,60.9579,39.1872,EPI_ISL_18123933,Canine,H5N1,2023.559,Europe,A/arctic-fox/Finland/613/2023,G1
1,1,41.7402,19.4118,38.8235,66.4706,41.7647,44.808,19.943,44.8718,81.9088,43.4473,47.6573,23.4427,48.2251,80.3751,45.5459,43.1564,20.4937,42.8505,59.1523,47.0424,43.3289,19.3833,38.7665,61.674,41.8502,44.3566,19.7715,41.7399,63.2689,39.9824,50.1987,31.8725,65.073,70.3851,50.4648,45.942,24.6734,56.6038,60.9579,39.1872,EPI_ISL_18123934,Canine,H5N1,2023.559,Europe,A/arctic-fox/Finland/614/2023,G1
1,1,41.7402,20,38.8235,66.4706,41.7647,44.9502,19.943,45.584,82.6211,43.4473,47.5904,23.4427,48.2251,79.7053,45.5459,43.1564,20.4937,43.3163,59.1523,47.0424,43.2849,19.3833,38.326,61.674,41.8502,44.42,19.7889,41.7766,62.8848,40.4573,50.3968,33.1126,64.9007,70.1987,51.6556,45.942,24.6734,56.6038,60.9579,39.1872,EPI_ISL_18123935,Canine,H5N1,2023.559,Europe,A/arctic-fox/Finland/615/2023,G1
0,1,41.9753,19.4118,40,66.4706,42.3529,44.7761,20.6259,44.808,81.7923,43.3855,47.7912,24.1125,48.2251,81.7147,45.5459,43.0168,20.0279,43.3163,59.1523,46.5766,43.461,19.3833,38.7665,62.1145,42.2907,44.3127,18.8928,41.7399,63.7083,39.5431,50.2646,33.1126,64.9007,70.1987,51.6556,45.7971,23.2221,55.1524,60.9579,39.1872,EPI_ISL_18123937,Avian,H5N1,2023.529,Europe,A/black-headed-gull/Finland/7898/2023,G1
0,1,41.7989,19.4118,38.8235,66.4706,41.7647,44.9183,19.9147,45.5192,81.7923,43.3855,47.6573,23.4427,48.2251,80.3751,45.5459,43.1099,20.4937,42.8505,59.1523,47.0424,43.3289,19.3833,38.7665,61.674,41.8502,44.4005,19.7715,41.7399,63.2689,39.9824,50.3311,31.8725,65.073,70.3851,50.4648,46.087,24.6734,56.6038,63.8607,39.1872,EPI_ISL_18123938,Avian,H5N1,2023.542,Europe,A/black-headed-gull/Finland/8095/2023,G1
0,1,41.6226,19.4118,38.8235,65.2941,41.7647,44.8472,20.6259,44.808,81.7923,43.3855,47.5904,23.4427,48.2251,80.3751,45.5459,43.2495,20.4937,43.782,59.6181,47.0424,43.3289,19.3833,38.7665,62.1145,41.4097,44.3127,19.7715,41.7399,62.8295,39.1037,50.3968,33.1126,64.9007,70.1987,51.6556,45.7971,23.2221,56.6038,60.9579,39.1872,EPI_ISL_18123940,Avian,H5N1,2023.545,Europe,A/black-headed-gull/Finland/8135/2023,G1
0,1,41.7647,18.8457,38.8693,65.96,41.225,44.8399,19.9715,44.9358,82.0257,43.5093,47.6573,23.4427,48.2251,80.3751,45.5459,43.1299,20.5128,42.8904,59.2075,47.0862,43.2849,19.3833,38.7665,61.674,41.4097,44.5323,20.6503,41.7399,63.7083,40.4218,50.3968,33.1126,64.9007,70.1987,51.6556,45.942,24.6734,56.6038,60.9579,39.1872,EPI_ISL_18123941,Avian,H5N1,2023.545,Europe,A/black-headed-gull/Finland/8143/2023,G1
0,1,41.7402,19.4118,38.8235,67.0588,41.1765,44.808,20.6553,44.1595,81.9088,43.4473,47.7242,23.4427,48.2251,81.7147,45.5459,43.1564,20.4937,43.3163,58.6865,47.0424,43.417,19.8238,38.326,62.1145,41.8502,44.4005,19.7715,41.7399,63.2689,39.5431,50.4636,33.2005,65.073,71.7131,50.4648,45.942,24.6734,56.6038,60.9579,39.1872,EPI_ISL_18123942,Avian,H5N1,2023.545,Europe,A/black-headed-gull/Finland/8145/2023,G1
0,1,41.8577,19.4118,38.8235,66.4706,41.7647,44.8791,20.6553,44.8718,81.9088,43.4473,47.5234,23.4427,48.2251,80.3751,44.8761,43.1299,20.5128,42.8904,59.2075,46.62,43.373,19.3833,38.7665,62.1145,41.8502,44.4005,19.7715,42.1793,63.7083,39.5431,50.3968,33.1126,64.9007,70.1987,51.6556,45.942,24.6734,56.6038,60.9579,39.1872,EPI_ISL_18123943,Avian,H5N1,2023.548,Europe,A/black-headed-gull/Finland/8243/2023,G1
0,1,41.7989,19.4118,38.8235,67.0588,41.7647,44.9183,21.3371,44.808,81.7923,43.3855,47.7242,23.4427,48.2251,81.7147,45.5459,43.1564,20.4937,43.3163,58.6865,47.0424,43.417,19.3833,38.7665,62.1145,41.8502,44.42,19.7889,41.7766,63.3245,39.5778,50.4636,33.2005,65.073,71.7131,50.4648,45.942,24.6734,56.6038,60.9579,39.1872,EPI_ISL_18123944,Avian,H5N1,2023.548,Europe,A/black-headed-gull/Finland/8244/2023,G1
0,1,41.7989,19.4118,38.8235,66.4706,41.7647,44.808,19.943,44.8718,81.9088,43.4473,47.6573,23.4427,48.2251,80.3751,45.5459,43.1099,20.4937,42.8505,59.1523,47.0424,43.373,19.3833,38.7665,62.5551,41.8502,44.4005,19.7715,41.7399,63.2689,39.9824,50.3968,33.1126,64.9007,70.1987,51.6556,45.942,24.6734,56.6038,60.9579,39.1872,EPI_ISL_18123945,Avian,H5N1,2023.548,Europe,A/black-headed-gull/Finland/8246/2023,G1
0,1,41.7402,18.8235,38.8235,65.8824,41.1765,44.705,19.9147,44.808,82.5036,42.6743,47.6573,22.7729,47.5553,80.3751,46.2157,43.3892,20.4937,43.782,59.1523,47.0424,43.2849,19.8238,38.326,60.793,41.4097,44.3127,20.2109,42.6186,63.7083,39.9824,50.3968,33.1126,64.9007,72.8477,49.0066,45.5072,23.2221,55.1524,63.8607,39.1872,EPI_ISL_18127710,Avian,H5N1,2023.247,Africa,A/wild_bird/Gambia/23_198_TJ005_23VIR5825-5/2023,G1
0,1,41.6814,18.8235,38.8235,65.8824,41.1765,44.705,19.9147,44.0967,82.5036,42.6743,47.6573,22.7729,47.5553,80.3751,46.2157,43.4358,20.4937,43.782,59.1523,47.5082,43.1968,19.8238,38.326,60.3524,41.4097,44.3566,20.6503,42.6186,63.7083,40.4218,50.2646,31.7881,64.9007,72.8477,49.0066,45.6522,24.6734,55.1524,63.8607,36.2845,EPI_ISL_18127711,Avian,H5N1,2023.247,Africa,A/wild_bird/Gambia/23_198_TJ006_23VIR5825-6/2023,G1
0,1,41.6814,18.8235,38.8235,65.8824,41.1765,44.634,19.9147,44.808,82.5036,42.6743,47.6573,22.7729,47.5553,80.3751,46.2157,43.4823,20.4937,44.2478,59.1523,47.9739,43.1968,19.8238,38.326,60.3524,41.4097,44.3566,20.2109,42.6186,63.7083,39.9824,50.2646,31.7881,64.9007,72.8477,49.0066,45.7971,24.6734,55.1524,63.8607,39.1872,EPI_ISL_18127712,Avian,H5N1,2023.247,Africa,A/wild_bird/Gambia/23_198_TJ007_23VIR5825-7/2023,G1
0,1,41.7989,18.8235,38.8235,65.8824,41.7647,44.6657,19.943,44.8718,82.6211,42.735,47.6573,22.7729,47.5553,80.3751,46.2157,43.3892,20.4937,44.2478,59.1523,47.0424,43.2159,19.8413,38.3598,60.4056,41.4462,44.2443,19.7889,42.2164,63.3245,40.0176,50.2646,31.7881,64.9007,71.5232,50.3311,45.7971,24.6734,55.1524,63.8607,39.1872,EPI_ISL_18127713,Avian,H5N1,2023.247,Africa,A/wild_bird/Gambia/23_198_TJ008_23VIR5825-8/2023,G1
0,1,41.6814,18.8235,38.8235,65.8824,41.1765,44.705,19.9147,44.808,82.5036,42.6743,47.6573,22.7729,47.5553,80.3751,46.2157,43.4358,20.4937,43.782,59.1523,47.5082,43.1528,19.8238,38.326,60.3524,41.4097,44.2688,19.7715,42.1793,63.7083,39.9824,50.3968,31.7881,64.9007,72.8477,50.3311,45.7971,24.6734,55.1524,63.8607,39.1872,EPI_ISL_18127714,Avian,H5N1,2023.247,Africa,A/wild_bird/Gambia/23_198_TJ009_23VIR5825-9/2023,G1
1,1,41.7989,19.4118,39.4118,66.4706,41.7647,44.8472,19.9147,45.5192,81.7923,43.3855,47.6573,23.4427,48.2251,80.3751,45.5459,43.1564,20.4937,42.8505,59.1523,47.0424,43.373,19.3833,38.7665,61.2335,41.8502,44.4005,19.7715,42.1793,63.2689,39.9824,50.3968,33.1126,64.9007,70.1987,51.6556,46.087,24.6734,56.6038,60.9579,42.09,EPI_ISL_18131276,Mammal,H5N1,2023.586,Europe,A/blue_fox/Finland/2023AI06820_015/2023,G1
1,1,41.6226,19.4118,38.8235,66.4706,41.1765,44.9183,19.9147,45.5192,82.5036,43.3855,47.6573,23.4427,48.2251,80.3751,45.5459,43.1099,20.4937,42.8505,59.1523,47.0424,43.3289,19.3833,38.7665,61.674,41.8502,44.4005,19.7715,41.7399,63.2689,39.9824,50.3968,33.1126,64.9007,70.1987,51.6556,45.942,24.6734,56.6038,60.9579,39.1872,EPI_ISL_18131277,Mammal,H5N1,2023.586,Europe,A/red_fox/Finland/2023AI06879_074/2023,G1
1,1,41.6226,18.8235,38.2353,66.4706,41.7647,44.9183,19.9147,45.5192,82.5036,43.3855,47.6573,22.7729,48.2251,80.3751,45.5459,43.1564,20.4937,43.3163,59.1523,47.0424,43.3289,19.3833,38.7665,61.674,41.8502,44.4444,19.7715,41.7399,63.7083,39.9824,50.3968,33.1126,64.9007,70.1987,51.6556,45.942,24.6734,56.6038,60.9579,39.1872,EPI_ISL_18131278,Mammal,H5N1,2023.586,Europe,A/silver_fox/Finland/2023AI06838_033/2023,G1
1,1,41.7402,19.4118,38.8235,66.4706,41.7647,44.7761,19.9147,44.808,81.7923,43.3855,47.6573,23.4427,48.2251,80.3751,45.5459,43.1099,20.4937,42.8505,59.1523,47.0424,43.2849,19.3833,38.7665,61.674,41.8502,44.3566,19.7715,41.7399,63.7083,39.9824,50.3968,33.1126,64.9007,70.1987,51.6556,45.942,24.6734,56.6038,60.9579,39.1872,EPI_ISL_18131279,Mammal,H5N1,2023.589,Europe,A/silver_fox/Finland/2023AI06834_029/2023,G1
1,1,41.7402,19.4118,38.8235,66.4706,41.7647,44.9183,19.9147,45.5192,82.5036,43.3855,47.6573,23.4427,48.2251,80.3751,45.5459,43.1702,20.9888,42.9104,59.2351,47.1082,43.2849,19.3833,38.326,61.674,41.8502,44.4884,19.7715,42.6186,63.2689,39.9824,50.3968,33.1126,64.9007,70.1987,51.6556,46.087,24.6734,56.6038,62.4093,39.1872,EPI_ISL_18131280,Mammal,H5N1,2023.589,Europe,A/blue_fox/Finland/2023AI06876_071/2023,G1
0,1,41.505,18.8235,38.8235,65.8824,40,44.7761,20.6259,44.808,81.7923,41.963,47.7912,23.4427,48.2251,80.3751,46.8855,43.2495,20.4937,43.782,59.6181,47.9739,43.2849,19.8238,38.7665,61.2335,40.5286,44.2688,19.7715,40.4218,64.1476,39.5431,50.2646,33.1126,63.5762,70.1987,51.6556,45.942,24.6734,55.1524,62.4093,39.1872,EPI_ISL_18161267,Avian,H5N1,2023.616,Europe,A/european_herring_gull/Leningrad_region/RII-WD392S/2023,G1
2,1,41.8577,18.8235,39.4118,66.4706,41.7647,44.4208,19.9147,44.0967,81.7923,43.3855,47.5839,21.5488,47.8114,80.1347,47.8114,43.203,20.0279,42.8505,60.0838,47.0424,43.3495,20.7965,38.9381,61.0619,41.5929,44.3322,19.7889,41.7766,63.7643,38.6983,50.3968,33.1126,64.9007,70.1987,51.6556,46.087,24.6734,56.6038,66.7634,37.7358,EPI_ISL_18161874,Human,H5N1,2023.512,Europe,A/England/232780677/2023,G1
2,-1,40.7059,18.8457,32.391,58.3039,38.2803,43.4298,17.0877,43.8336,78.0089,40.8618,47.7242,28.1313,49.5646,75.6865,44.8761,42.9702,22.8225,44.7136,55.4262,42.8505,42.8194,24.2504,38.8007,58.2011,44.9735,44.4884,25.0439,41.7399,75.5712,42.1793,48.8095,27.8146,63.5762,70.1987,46.3576,45.7778,26.7062,41.543,57.8635,43.0267,EPI_ISL_17030541,Human,H5N1,2023.14,Asia,A/Cambodia/NPH230032_2/2023,2.3.2.1c
2,-1,40.682,18.8235,32.3529,58.2353,38.2353,43.4298,17.0877,43.8336,78.0089,40.8618,47.7242,28.1313,49.5646,75.6865,44.8761,42.9702,22.8225,44.7136,55.4262,42.8505,42.8005,24.2291,38.7665,58.1498,44.9339,44.4787,25.0991,41.8318,75.7376,42.2721,48.8095,27.8146,63.5762,70.1987,46.3576,45.7778,26.7062,41.543,57.8635,43.0267,EPI_ISL_17024123,Human,H5N1,2023.14,Asia,A/Cambodia/NPH230032/2023,2.3.2.1c
