EPI_ISL_1211|Human|H1N1|1918|NorthAmerica|seasonal,1918,-626.3,43.4169969176574,2271,2271,46.8956406869221,41.6776750330251
EPI_ISL_69816|Human|H1N1|1933.025|Europe|seasonal,1933.025,-606,42.3601937472479,2271,2271,43.7252311756935,41.6776750330251
EPI_ISL_90462|Human|H1N1|1933.414|Europe|,1933.414,-606,42.3601937472479,2271,2271,43.7252311756935,41.6776750330251
EPI_ISL_66109|Human|H1N1|1932|Europe|seasonal,1932,-607.9,42.3161602818142,2271,2271,43.7252311756935,41.6116248348745
EPI_ISL_66108|Human|H1N1|1932|NorthAmerica|seasonal,1932,-607,42.4482606781154,2271,2271,44.1215323645971,41.6116248348745
EPI_ISL_69745|Human|H1N1|1933|Europe|seasonal,1933,-607,42.4482606781154,2271,2271,44.1215323645971,41.6116248348745
EPI_ISL_69822|Human|H1N1|1933|Europe|seasonal,1933,-605.2,42.4042272126816,2271,2271,43.9894319682959,41.6116248348745
EPI_ISL_147186|Human|H1N1|1935|NorthAmerica|,1935,-607.9,42.3161602818142,2271,2271,43.7252311756935,41.6116248348745
EPI_ISL_69244|Human|H1N1|1945|NorthAmerica|seasonal,1945,-589.2,41.9198590929106,2271,2271,42.5363276089828,41.6116248348745
EPI_ISL_84909|Human|H1N1|1948|NorthAmerica|,1948,-592.5,41.7877586966094,2271,2271,42.2721268163804,41.5455746367239
EPI_ISL_69277|Human|H1N1|1943|NorthAmerica|seasonal,1943,-591.7,41.8758256274769,2271,2271,42.2721268163804,41.6776750330251
EPI_ISL_69245|Human|H1N1|1943|NorthAmerica|seasonal,1943,-587.4,41.9198590929106,2271,2271,42.4042272126816,41.6776750330251
EPI_ISL_5169|Human|H1N1|1947|NorthAmerica|seasonal,1947,-573.1,41.523557904007,2271,2271,41.3474240422721,41.6116248348745
EPI_ISL_147188|Human|H1N1|1947|NorthAmerica|,1947,-580.5,41.7766051011434,2274,2274,41.55672823219,41.88654353562
EPI_ISL_6974|Human|H1N1|1954|Asia|seasonal,1954,-583.82,41.4354909731396,2271,2271,41.6116248348745,41.3474240422721
EPI_ISL_66101|Human|H1N1|1954|Asia|seasonal,1954,-583.82,41.4354909731396,2271,2271,41.6116248348745,41.3474240422721
EPI_ISL_143167|Human|H1N1|1954|Asia|,1954,-583.82,41.4354909731396,2271,2271,41.6116248348745,41.3474240422721
EPI_ISL_84910|Human|H1N1|1951|Europe|,1951,-588.99,41.523557904007,2271,2271,41.6116248348745,41.4795244385733
EPI_ISL_7072|Human|H1N1|1951|NorthAmerica|seasonal,1951,-589.09,41.5675913694408,2271,2271,41.7437252311757,41.4795244385733
EPI_ISL_7093|Human|H1N1|1951|NorthAmerica|seasonal,1951,-588.99,41.523557904007,2271,2271,41.6116248348745,41.4795244385733
EPI_ISL_7084|Human|H1N1|1951|NorthAmerica|seasonal,1951,-588.99,41.523557904007,2271,2271,41.6116248348745,41.4795244385733
EPI_ISL_7063|Human|H1N1|1951|NorthAmerica|seasonal,1951,-588.19,41.4795244385733,2271,2271,41.4795244385733,41.4795244385733
EPI_ISL_66094|Human|H1N1|1957|NorthAmerica|seasonal,1957,-595.29,41.6116248348745,2271,2271,41.7437252311757,41.5455746367239
EPI_ISL_143164|Human|H1N1|1957|NorthAmerica|,1957,-595.29,41.6116248348745,2271,2271,41.7437252311757,41.5455746367239
EPI_ISL_130407|Human|H1N1|1957|Asia|,1957,-590.19,41.523557904007,2271,2271,41.4795244385733,41.5455746367239
EPI_ISL_84889|Human|H1N1|1953|Europe|,1953,-480.5,42.4710424710425,1813,2235,42.7152317880795,42.3490488006617
EPI_ISL_84886|Human|H1N1|1954|Europe|,1954,-589.59,41.4354909731396,2271,2271,41.3474240422721,41.4795244385733
EPI_ISL_66099|Human|H1N1|1950|NorthAmerica|seasonal,1950,-589.99,41.4354909731396,2271,2271,41.3474240422721,41.4795244385733
EPI_ISL_147187|Human|H1N1|1950|NorthAmerica|,1950,-589.99,41.4354909731396,2271,2271,41.3474240422721,41.4795244385733
EPI_ISL_147189|Human|H1N1|1946|NorthAmerica|,1946,-579.1,41.5675913694408,2271,2271,41.4795244385733,41.6116248348745
EPI_ISL_69268|Human|H1N1|1939|NorthAmerica|seasonal,1939,-580.1,41.5675913694408,2271,2271,41.4795244385733,41.6116248348745
EPI_ISL_143169|Human|H1N1|1940|NorthAmerica|,1940,-580.1,41.5675913694408,2271,2271,41.4795244385733,41.6116248348745
EPI_ISL_66093|Human|H1N1|1946|NorthAmerica|seasonal,1946,-582.1,41.5675913694408,2271,2271,41.4795244385733,41.6116248348745
EPI_ISL_84890|Human|H1N1|1948|Europe|,1948,-596.5,42.1832884097035,2226,2226,43.3962264150943,41.5768194070081
EPI_ISL_66092|Human|H1N1|1942|NorthAmerica|seasonal,1942,-597.3,41.8317921620432,2271,2271,42.5363276089828,41.4795244385733
EPI_ISL_143168|Human|H1N1|1942|NorthAmerica|,1942,-597.3,41.8758256274769,2271,2271,42.5363276089828,41.5455746367239
EPI_ISL_66102|Human|H1N1|1934|Oceania|seasonal,1934,-609.3,42.3161602818142,2271,2271,43.4610303830911,41.7437252311757
EPI_ISL_147194|Human|H1N1|1935|Oceania|,1935,-609.3,42.3161602818142,2271,2271,43.4610303830911,41.7437252311757
EPI_ISL_69777|Human|H1N1|1946|Oceania|seasonal,1946,-610.1,42.4669603524229,2270,2271,43.9894319682959,41.7052214144085
EPI_ISL_69288|Human|H1N1|1946|Oceania|seasonal,1946,-612.3,42.4922941435491,2271,2271,43.9894319682959,41.7437252311757
EPI_ISL_69300|Human|H1N1|1935|NorthAmerica|seasonal,1935,-610.2,42.3348017621145,2270,2271,43.6507936507937,41.6776750330251
EPI_ISL_69267|Human|H1N1|1936|NorthAmerica|seasonal,1936,-610.2,42.4042272126816,2271,2271,43.7252311756935,41.7437252311757
EPI_ISL_381064|Human|H1N1|1934|NorthAmerica|,1934,-600.3,42.4042272126816,2271,2271,43.7252311756935,41.7437252311757
EPI_ISL_73426|Human|H1N1|1934|NorthAmerica|,1934,-599.6,42.184059885513,2271,2271,43.1968295904888,41.6776750330251
EPI_ISL_143160|Human|H1N1|1934|NorthAmerica|,1934,-601.6,42.3161602818142,2271,2271,43.7252311756935,41.6116248348745
EPI_ISL_147173|Human|H1N1|1934|NorthAmerica|,1934,-601.6,42.3161602818142,2271,2271,43.7252311756935,41.6116248348745
EPI_ISL_123173|Human|H1N1|1993|NorthAmerica|,1993,-580.1,41.3914575077059,2271,2271,41.3474240422721,41.4134742404227
EPI_ISL_5621|Human|H1N1|1995.578|NorthAmerica|seasonal,1995.578,-563.5,41.3474240422721,2271,2271,40.9511228533686,41.5455746367239
EPI_ISL_503069|Human|H1N1|1996|SouthAmerica|,1996,-564.4,41.4354909731396,2271,2271,41.3474240422721,41.4795244385733
EPI_ISL_147193|Human|H1N1|1991|NorthAmerica|,1991,-569.3,41.4354909731396,2271,2271,41.7437252311757,41.2813738441215
EPI_ISL_368441|Human|H1N1|2014.871|NorthAmerica|,2014.871,-568.5,41.3914575077059,2271,2271,41.6116248348745,41.2813738441215
EPI_ISL_368433|Human|H1N1|2014.83|NorthAmerica|,2014.83,-568.5,41.3914575077059,2271,2271,41.6116248348745,41.2813738441215
EPI_ISL_368426|Human|H1N1|2014.83|NorthAmerica|,2014.83,-569.4,41.4354909731396,2271,2271,41.6116248348745,41.3474240422721
EPI_ISL_368465|Human|H1N1|2014.964|NorthAmerica|,2014.964,-568.5,41.3914575077059,2271,2271,41.6116248348745,41.2813738441215
EPI_ISL_368464|Human|H1N1|2014.964|NorthAmerica|,2014.964,-568.5,41.3914575077059,2271,2271,41.6116248348745,41.2813738441215
EPI_ISL_368463|Human|H1N1|2014.964|NorthAmerica|,2014.964,-568.5,41.3914575077059,2271,2271,41.6116248348745,41.2813738441215
EPI_ISL_368462|Human|H1N1|2014.964|NorthAmerica|,2014.964,-568.5,41.3914575077059,2271,2271,41.6116248348745,41.2813738441215
EPI_ISL_368461|Human|H1N1|2014.964|NorthAmerica|,2014.964,-568.5,41.3914575077059,2271,2271,41.6116248348745,41.2813738441215
EPI_ISL_368460|Human|H1N1|2014.964|NorthAmerica|,2014.964,-569.4,41.4354909731396,2271,2271,41.6116248348745,41.3474240422721
EPI_ISL_368459|Human|H1N1|2014.964|NorthAmerica|,2014.964,-569.4,41.4354909731396,2271,2271,41.6116248348745,41.3474240422721
EPI_ISL_368458|Human|H1N1|2014.964|NorthAmerica|,2014.964,-569.4,41.4354909731396,2271,2271,41.6116248348745,41.3474240422721
EPI_ISL_368457|Human|H1N1|2014.964|NorthAmerica|,2014.964,-569.4,41.4354909731396,2271,2271,41.6116248348745,41.3474240422721
EPI_ISL_368456|Human|H1N1|2014.964|NorthAmerica|,2014.964,-569.4,41.4354909731396,2271,2271,41.6116248348745,41.3474240422721
EPI_ISL_368455|Human|H1N1|2014.926|NorthAmerica|,2014.926,-568.5,41.3914575077059,2271,2271,41.6116248348745,41.2813738441215
EPI_ISL_368454|Human|H1N1|2014.926|NorthAmerica|,2014.926,-568.5,41.3914575077059,2271,2271,41.6116248348745,41.2813738441215
EPI_ISL_368453|Human|H1N1|2014.926|NorthAmerica|,2014.926,-568.5,41.3914575077059,2271,2271,41.6116248348745,41.2813738441215
EPI_ISL_368452|Human|H1N1|2014.926|NorthAmerica|,2014.926,-568.5,41.3914575077059,2271,2271,41.6116248348745,41.2813738441215
EPI_ISL_368451|Human|H1N1|2014.926|NorthAmerica|,2014.926,-568.5,41.3914575077059,2271,2271,41.6116248348745,41.2813738441215
EPI_ISL_368450|Human|H1N1|2014.926|NorthAmerica|,2014.926,-569.9,41.3914575077059,2271,2271,41.4795244385733,41.3474240422721
EPI_ISL_368449|Human|H1N1|2014.926|NorthAmerica|,2014.926,-569.4,41.4354909731396,2271,2271,41.6116248348745,41.3474240422721
EPI_ISL_368448|Human|H1N1|2014.926|NorthAmerica|,2014.926,-569.4,41.4354909731396,2271,2271,41.6116248348745,41.3474240422721
EPI_ISL_368447|Human|H1N1|2014.926|NorthAmerica|,2014.926,-569.4,41.4354909731396,2271,2271,41.6116248348745,41.3474240422721
EPI_ISL_368446|Human|H1N1|2014.926|NorthAmerica|,2014.926,-569.4,41.4354909731396,2271,2271,41.6116248348745,41.3474240422721
EPI_ISL_368445|Human|H1N1|2014.871|NorthAmerica|,2014.871,-568.5,41.3914575077059,2271,2271,41.6116248348745,41.2813738441215
EPI_ISL_368444|Human|H1N1|2014.871|NorthAmerica|,2014.871,-568.5,41.3914575077059,2271,2271,41.6116248348745,41.2813738441215
EPI_ISL_368443|Human|H1N1|2014.871|NorthAmerica|,2014.871,-568.5,41.3914575077059,2271,2271,41.6116248348745,41.2813738441215
EPI_ISL_368440|Human|H1N1|2014.871|NorthAmerica|,2014.871,-569.4,41.4354909731396,2271,2271,41.6116248348745,41.3474240422721
EPI_ISL_368439|Human|H1N1|2014.871|NorthAmerica|,2014.871,-569.4,41.4354909731396,2271,2271,41.6116248348745,41.3474240422721
EPI_ISL_368438|Human|H1N1|2014.871|NorthAmerica|,2014.871,-569.4,41.4354909731396,2271,2271,41.6116248348745,41.3474240422721
EPI_ISL_368437|Human|H1N1|2014.871|NorthAmerica|,2014.871,-569.4,41.4354909731396,2271,2271,41.6116248348745,41.3474240422721
EPI_ISL_368436|Human|H1N1|2014.871|NorthAmerica|,2014.871,-569.4,41.4354909731396,2271,2271,41.6116248348745,41.3474240422721
EPI_ISL_368435|Human|H1N1|2014.83|NorthAmerica|,2014.83,-569.4,41.4354909731396,2271,2271,41.6116248348745,41.3474240422721
EPI_ISL_368434|Human|H1N1|2014.83|NorthAmerica|,2014.83,-569.4,41.4354909731396,2271,2271,41.6116248348745,41.3474240422721
EPI_ISL_368432|Human|H1N1|2014.83|NorthAmerica|,2014.83,-569.4,41.4354909731396,2271,2271,41.6116248348745,41.3474240422721
EPI_ISL_368431|Human|H1N1|2014.83|NorthAmerica|,2014.83,-569.4,41.4354909731396,2271,2271,41.6116248348745,41.3474240422721
EPI_ISL_368430|Human|H1N1|2014.83|NorthAmerica|,2014.83,-569.4,41.4354909731396,2271,2271,41.6116248348745,41.3474240422721
EPI_ISL_368429|Human|H1N1|2014.83|NorthAmerica|,2014.83,-569.4,41.4354909731396,2271,2271,41.6116248348745,41.3474240422721
EPI_ISL_368428|Human|H1N1|2014.83|NorthAmerica|,2014.83,-569.4,41.4354909731396,2271,2271,41.6116248348745,41.3474240422721
EPI_ISL_368427|Human|H1N1|2014.83|NorthAmerica|,2014.83,-568.5,41.3914575077059,2271,2271,41.6116248348745,41.2813738441215
EPI_ISL_368425|Human|H1N1|2014.8|NorthAmerica|,2014.8,-569.4,41.4354909731396,2271,2271,41.6116248348745,41.3474240422721
EPI_ISL_368424|Human|H1N1|2014.8|NorthAmerica|,2014.8,-569.4,41.4354909731396,2271,2271,41.6116248348745,41.3474240422721
EPI_ISL_368423|Human|H1N1|2014.8|NorthAmerica|,2014.8,-569.4,41.4354909731396,2271,2271,41.6116248348745,41.3474240422721
EPI_ISL_368422|Human|H1N1|2014.8|NorthAmerica|,2014.8,-569.4,41.4354909731396,2271,2271,41.6116248348745,41.3474240422721
EPI_ISL_368421|Human|H1N1|2014.8|NorthAmerica|,2014.8,-569.4,41.4354909731396,2271,2271,41.6116248348745,41.3474240422721
EPI_ISL_368420|Human|H1N1|2014.8|NorthAmerica|,2014.8,-569.4,41.4354909731396,2271,2271,41.6116248348745,41.3474240422721
EPI_ISL_368419|Human|H1N1|2014.8|NorthAmerica|,2014.8,-569.4,41.4354909731396,2271,2271,41.6116248348745,41.3474240422721
EPI_ISL_368418|Human|H1N1|2014.8|NorthAmerica|,2014.8,-569.4,41.4354909731396,2271,2271,41.6116248348745,41.3474240422721
EPI_ISL_368417|Human|H1N1|2014.8|NorthAmerica|,2014.8,-568.5,41.3914575077059,2271,2271,41.6116248348745,41.2813738441215
EPI_ISL_368416|Human|H1N1|2014.8|NorthAmerica|,2014.8,-569.4,41.4354909731396,2271,2271,41.6116248348745,41.3474240422721
EPI_ISL_368466|Human|H1N1|2014|NorthAmerica|,2014,-569.4,41.4354909731396,2271,2271,41.6116248348745,41.3474240422721
EPI_ISL_368442|Human|H1N1|2014.871|NorthAmerica|,2014.871,-568.5,41.3914575077059,2271,2271,41.6116248348745,41.2813738441215
EPI_ISL_10251|Human|H1N1|1986|Asia|seasonal,1986,-568.5,41.1712901805372,2271,2271,40.8190224570674,41.3474240422721
EPI_ISL_6837|Human|H1N1|1987|NorthAmerica|seasonal,1987,-561.9,40.9951563188023,2271,2271,40.2906208718626,41.3474240422721
EPI_ISL_6774|Human|H1N1|1986|NorthAmerica|seasonal,1986,-561.9,41.039189784236,2271,2271,40.4227212681638,41.3474240422721
EPI_ISL_6838|Human|H1N1|1987|NorthAmerica|seasonal,1987,-562.7,41.1272567151035,2271,2271,40.6869220607662,41.3474240422721
EPI_ISL_7081|Human|H1N1|1987|NorthAmerica|seasonal,1987,-562.3,40.9511228533686,2271,2271,40.1585204755614,41.3474240422721
EPI_ISL_6914|Human|H1N1|1986|NorthAmerica|seasonal,1986,-553.4,40.9070893879348,2271,2271,40.1585204755614,41.2813738441215
EPI_ISL_7052|Human|H1N1|1986|NorthAmerica|seasonal,1986,-560.1,40.9511228533686,2271,2271,40.1585204755614,41.3474240422721
EPI_ISL_27634|Human|H1N1|1989.003|Europe|seasonal,1989.003,-574.9,41.7437252311757,2271,2271,42.1400264200793,41.5455746367239
EPI_ISL_68916|Human|H1N1|1987|Europe|seasonal,1987,-570.7,41.5675913694408,2271,2271,41.8758256274769,41.4134742404227
EPI_ISL_6905|Human|H1N1|1986|Asia|seasonal,1986,-568.2,41.2153236459709,2271,2271,40.6869220607662,41.4795244385733
EPI_ISL_173282|Human|H1N1|1986|Oceania|seasonal,1986,-565.8,41.3033905768384,2271,2271,40.9511228533686,41.4795244385733
EPI_ISL_6902|Human|H1N1|1980|Asia|seasonal,1980,-573.1,41.4795244385733,2271,2271,41.6116248348745,41.4134742404227
EPI_ISL_5327|Human|H1N1|1980|NorthAmerica|seasonal,1980,-572.8,41.3914575077059,2271,2271,41.3474240422721,41.4134742404227
EPI_ISL_6972|Human|H1N1|1981|NorthAmerica|seasonal,1981,-583.7,41.5675913694408,2271,2271,41.8758256274769,41.4134742404227
EPI_ISL_5569|Human|H1N1|1983|NorthAmerica|seasonal,1983,-566.6,41.6116248348745,2271,2271,41.4795244385733,41.6776750330251
EPI_ISL_5568|Human|H1N1|1983|NorthAmerica|seasonal,1983,-566,41.6116248348745,2271,2271,41.6116248348745,41.6116248348745
EPI_ISL_6835|Human|H1N1|1983|NorthAmerica|seasonal,1983,-570.3,41.523557904007,2271,2271,41.7437252311757,41.4134742404227
EPI_ISL_5261|Human|H1N1|1982|NorthAmerica|seasonal,1982,-573.29,41.523557904007,2271,2271,41.4795244385733,41.5455746367239
EPI_ISL_5170|Human|H1N1|1982|NorthAmerica|seasonal,1982,-568.9,41.4354909731396,2271,2271,41.3474240422721,41.4795244385733
EPI_ISL_6154|Human|H1N1|1983|NorthAmerica|seasonal,1983,-575.09,41.4354909731396,2271,2271,41.4795244385733,41.4134742404227
EPI_ISL_6871|Human|H1N1|1980|NorthAmerica|seasonal,1980,-574.6,41.6116248348745,2271,2271,41.7437252311757,41.5455746367239
EPI_ISL_6855|Human|H1N1|1978|NorthAmerica|seasonal,1978,-578,41.6556583003082,2271,2271,42.1400264200793,41.4134742404227
EPI_ISL_6870|Human|H1N1|1978|NorthAmerica|seasonal,1978,-581.3,41.699691765742,2271,2271,42.2721268163804,41.4134742404227
EPI_ISL_7060|Human|H1N1|1978|NorthAmerica|seasonal,1978,-581.3,41.699691765742,2271,2271,42.2721268163804,41.4134742404227
EPI_ISL_6869|Human|H1N1|1978|NorthAmerica|seasonal,1978,-578.7,41.6556583003082,2271,2271,42.1400264200793,41.4134742404227
EPI_ISL_5135|Human|H1N1|1977|Asia|seasonal,1977,-578.7,41.699691765742,2271,2271,42.1400264200793,41.4795244385733
EPI_ISL_5324|Human|H1N1|1978|NorthAmerica|seasonal,1978,-580.8,41.699691765742,2271,2271,42.2721268163804,41.4134742404227
EPI_ISL_5134|Human|H1N1|1977|Europe|seasonal,1977,-579.6,41.7437252311757,2271,2271,42.2721268163804,41.4795244385733
EPI_ISL_5322|Human|H1N1|1978|NorthAmerica|seasonal,1978,-579.6,41.699691765742,2271,2271,42.1400264200793,41.4795244385733
EPI_ISL_5373|Human|H1N1|1978|NorthAmerica|seasonal,1978,-579.6,41.7437252311757,2271,2271,42.2721268163804,41.4795244385733
EPI_ISL_5325|Human|H1N1|1978|NorthAmerica|seasonal,1978,-581.8,41.7877586966094,2271,2271,42.5363276089828,41.4134742404227
EPI_ISL_5323|Human|H1N1|1978|NorthAmerica|seasonal,1978,-579.6,41.699691765742,2271,2271,42.1400264200793,41.4795244385733
EPI_ISL_6454|Human|H1N1|1978|NorthAmerica|seasonal,1978,-578.39,41.6556583003082,2271,2271,42.1400264200793,41.4134742404227
EPI_ISL_66105|Human|H1N1|1977|Europe|seasonal,1977,-579.6,41.7437252311757,2271,2271,42.2721268163804,41.4795244385733
EPI_ISL_66104|Human|H1N1|1977|Europe|seasonal,1977,-579.6,41.7437252311757,2271,2271,42.2721268163804,41.4795244385733
EPI_ISL_127646|Human|H1N1|1977|Europe|,1977,-579.6,41.7437252311757,2271,2271,42.2721268163804,41.4795244385733
EPI_ISL_243351|Human|H1N1|1977|Europe|,1977,-579.6,41.7437252311757,2271,2271,42.2721268163804,41.4795244385733
EPI_ISL_5326|Human|H1N1|1978|NorthAmerica|seasonal,1978,-579.6,41.699691765742,2271,2271,42.1400264200793,41.4795244385733
EPI_ISL_6915|Human|H1N1|1977|Asia|seasonal,1977,-573.3,41.6556583003082,2271,2271,42.2721268163804,41.3474240422721
EPI_ISL_147192|Human|H1N1|1951|NorthAmerica|,1951,-587.8,41.9638925583443,2271,2271,42.5363276089828,41.6776750330251
EPI_ISL_69304|Human|H1N1|1949|Europe|seasonal,1949,-584.5,41.8317921620432,2271,2271,42.4042272126816,41.5455746367239
EPI_ISL_147190|Human|H1N1|1949|NorthAmerica|,1949,-584.5,41.8317921620432,2271,2271,42.4042272126816,41.5455746367239
EPI_ISL_6853|Human|H1N1|1948|NorthAmerica|seasonal,1948,-589.89,41.8317921620432,2271,2271,42.4042272126816,41.5455746367239
EPI_ISL_7048|Human|H1N1|1950|NorthAmerica|seasonal,1950,-588.8,41.9198590929106,2271,2271,42.668428005284,41.5455746367239
EPI_ISL_173281|Human|H1N1|1983|Oceania|seasonal,1983,-571.59,41.4354909731396,2271,2271,41.4795244385733,41.4134742404227
EPI_ISL_6900|Human|H1N1|1983|SouthAmerica|seasonal,1983,-568.19,41.3474240422721,2271,2271,41.4795244385733,41.2813738441215
EPI_ISL_125876|Human|H1N1|1983|SouthAmerica|,1983,-568.19,41.3474240422721,2271,2271,41.4795244385733,41.2813738441215
EPI_ISL_6772|Human|H1N1|1983|NorthAmerica|seasonal,1983,-571.69,41.3033905768384,2271,2271,41.4795244385733,41.2153236459709
EPI_ISL_6786|Human|H1N1|1983|NorthAmerica|seasonal,1983,-571.69,41.3033905768384,2271,2271,41.4795244385733,41.2153236459709
EPI_ISL_5375|Human|H1N1|1983|NorthAmerica|seasonal,1983,-571.69,41.3033905768384,2271,2271,41.4795244385733,41.2153236459709
EPI_ISL_6463|Human|H1N1|1983|NorthAmerica|seasonal,1983,-575.29,41.2593571114047,2271,2271,41.4795244385733,41.1492734478203
EPI_ISL_6516|Human|H1N1|1983|NorthAmerica|seasonal,1983,-571.69,41.3033905768384,2271,2271,41.4795244385733,41.2153236459709
EPI_ISL_5328|Human|H1N1|1983|NorthAmerica|seasonal,1983,-571.69,41.3033905768384,2271,2271,41.4795244385733,41.2153236459709
EPI_ISL_5374|Human|H1N1|1983|NorthAmerica|seasonal,1983,-571.69,41.3033905768384,2271,2271,41.4795244385733,41.2153236459709
EPI_ISL_6517|Human|H1N1|1983|NorthAmerica|seasonal,1983,-571.69,41.3033905768384,2271,2271,41.4795244385733,41.2153236459709
EPI_ISL_6773|Human|H1N1|1983|NorthAmerica|seasonal,1983,-571.69,41.3033905768384,2271,2271,41.4795244385733,41.2153236459709
EPI_ISL_6768|Human|H1N1|1983|NorthAmerica|seasonal,1983,-572.6,41.1712901805372,2271,2271,41.0832232496698,41.2153236459709
EPI_ISL_6771|Human|H1N1|1983|NorthAmerica|seasonal,1983,-572.6,41.1712901805372,2271,2271,41.0832232496698,41.2153236459709
EPI_ISL_6767|Human|H1N1|1983|NorthAmerica|seasonal,1983,-571.99,41.3914575077059,2271,2271,41.6116248348745,41.2813738441215
EPI_ISL_6878|Human|H1N1|1983|NorthAmerica|seasonal,1983,-571.99,41.3474240422721,2271,2271,41.6116248348745,41.2153236459709
EPI_ISL_5693|Human|H1N1|1983|NorthAmerica|seasonal,1983,-571.49,41.3474240422721,2271,2271,41.4795244385733,41.2813738441215
EPI_ISL_6440|Human|H1N1|1983|NorthAmerica|seasonal,1983,-571.69,41.3033905768384,2271,2271,41.4795244385733,41.2153236459709
EPI_ISL_6438|Human|H1N1|1983|NorthAmerica|seasonal,1983,-573.49,41.3033905768384,2271,2271,41.3474240422721,41.2813738441215
EPI_ISL_5336|Human|H1N1|1983|NorthAmerica|seasonal,1983,-571.69,41.3033905768384,2271,2271,41.4795244385733,41.2153236459709
EPI_ISL_5335|Human|H1N1|1983|NorthAmerica|seasonal,1983,-571.69,41.3033905768384,2271,2271,41.4795244385733,41.2153236459709
EPI_ISL_5334|Human|H1N1|1983|NorthAmerica|seasonal,1983,-571.69,41.3033905768384,2271,2271,41.4795244385733,41.2153236459709
EPI_ISL_5333|Human|H1N1|1983|NorthAmerica|seasonal,1983,-568.49,41.2593571114047,2271,2271,41.3474240422721,41.2153236459709
EPI_ISL_5332|Human|H1N1|1983|NorthAmerica|seasonal,1983,-571.69,41.3033905768384,2271,2271,41.4795244385733,41.2153236459709
EPI_ISL_5331|Human|H1N1|1983|NorthAmerica|seasonal,1983,-571.69,41.3033905768384,2271,2271,41.4795244385733,41.2153236459709
EPI_ISL_5330|Human|H1N1|1983|NorthAmerica|seasonal,1983,-571.69,41.3033905768384,2271,2271,41.4795244385733,41.2153236459709
EPI_ISL_5329|Human|H1N1|1983|NorthAmerica|seasonal,1983,-571.69,41.3033905768384,2271,2271,41.4795244385733,41.2153236459709
EPI_ISL_5513|Human|H1N1|1983|NorthAmerica|seasonal,1983,-571.69,41.3033905768384,2271,2271,41.4795244385733,41.2153236459709
EPI_ISL_5620|Human|H1N1|1983|NorthAmerica|seasonal,1983,-571.69,41.3033905768384,2271,2271,41.4795244385733,41.2153236459709
EPI_ISL_6462|Human|H1N1|1983|NorthAmerica|seasonal,1983,-571.69,41.3474240422721,2271,2271,41.6116248348745,41.2153236459709
EPI_ISL_6461|Human|H1N1|1983|NorthAmerica|seasonal,1983,-571.69,41.3033905768384,2271,2271,41.4795244385733,41.2153236459709
EPI_ISL_6437|Human|H1N1|1983|NorthAmerica|seasonal,1983,-571.69,41.3474240422721,2271,2271,41.6116248348745,41.2153236459709
EPI_ISL_6436|Human|H1N1|1983|NorthAmerica|seasonal,1983,-571.69,41.3033905768384,2271,2271,41.4795244385733,41.2153236459709
EPI_ISL_6434|Human|H1N1|1983|NorthAmerica|seasonal,1983,-571.69,41.3474240422721,2271,2271,41.6116248348745,41.2153236459709
EPI_ISL_6433|Human|H1N1|1983|NorthAmerica|seasonal,1983,-571.69,41.3033905768384,2271,2271,41.4795244385733,41.2153236459709
EPI_ISL_6836|Human|H1N1|1983|NorthAmerica|seasonal,1983,-571.69,41.3033905768384,2271,2271,41.4795244385733,41.2153236459709
EPI_ISL_6787|Human|H1N1|1983|NorthAmerica|seasonal,1983,-571.69,41.3033905768384,2271,2271,41.4795244385733,41.2153236459709
EPI_ISL_6766|Human|H1N1|1983|NorthAmerica|seasonal,1983,-571.69,41.3033905768384,2271,2271,41.4795244385733,41.2153236459709
EPI_ISL_6770|Human|H1N1|1983|NorthAmerica|seasonal,1983,-571.69,41.3033905768384,2271,2271,41.4795244385733,41.2153236459709
EPI_ISL_7929|Human|H1N1|1983|NorthAmerica|seasonal,1983,-572.59,41.2593571114047,2271,2271,41.4795244385733,41.1492734478203
EPI_ISL_6785|Human|H1N1|1983|NorthAmerica|seasonal,1983,-571.69,41.3474240422721,2271,2271,41.4795244385733,41.2813738441215
EPI_ISL_6439|Human|H1N1|1983|NorthAmerica|seasonal,1983,-569.69,41.3474240422721,2271,2271,41.6116248348745,41.2153236459709
EPI_ISL_6435|Human|H1N1|1983|NorthAmerica|seasonal,1983,-569.29,41.2593571114047,2271,2271,41.3474240422721,41.2153236459709
EPI_ISL_6769|Human|H1N1|1983|NorthAmerica|seasonal,1983,-570.2,41.4795244385733,2271,2271,41.7437252311757,41.3474240422721
EPI_ISL_6872|Human|H1N1|1983|Oceania|seasonal,1983,-572.79,41.523557904007,2271,2271,41.8758256274769,41.3474240422721
EPI_ISL_6973|Human|H1N1|1982|Europe|seasonal,1982,-570.19,41.4354909731396,2271,2271,41.6116248348745,41.3474240422721
EPI_ISL_6906|Human|H1N1|1984|Oceania|seasonal,1984,-575.69,41.3914575077059,2271,2271,41.4795244385733,41.3474240422721
EPI_ISL_7051|Human|H1N1|1984|NorthAmerica|seasonal,1984,-574.5,41.5675913694408,2271,2271,42.0079260237781,41.3474240422721
EPI_ISL_27596|Human|H1N1|1989.005|Europe|seasonal,1989.005,-562.1,41.1272567151035,2271,2271,40.9511228533686,41.2153236459709
EPI_ISL_173276|Human|H1N1|1991.551|Oceania|seasonal,1991.551,-573.3,41.5859030837004,2270,2271,42.0634920634921,41.3474240422721
EPI_ISL_10111|Human|H1N1|1996|Asia|seasonal,1996,-573.9,41.6116248348745,2271,2271,42.4042272126816,41.2153236459709
EPI_ISL_123174|Human|H1N1|1995|Asia|,1995,-570.6,41.6556583003082,2271,2271,42.4042272126816,41.2813738441215
EPI_ISL_27598|Human|H1N1|1995.964|Europe|seasonal,1995.964,-566.5,41.6556583003082,2271,2271,42.4042272126816,41.2813738441215
EPI_ISL_5371|Human|H1N1|1995.942|NorthAmerica|seasonal,1995.942,-574.6,41.6556583003082,2271,2271,42.4042272126816,41.2813738441215
EPI_ISL_6969|Human|H1N1|1996|NorthAmerica|seasonal,1996,-573.3,41.5675913694408,2271,2271,42.2721268163804,41.2153236459709
EPI_ISL_5619|Human|H1N1|1996.019|NorthAmerica|seasonal,1996.019,-569.3,41.699691765742,2271,2271,42.2721268163804,41.4134742404227
EPI_ISL_6840|Human|H1N1|1996|NorthAmerica|seasonal,1996,-569.9,41.6556583003082,2271,2271,42.4042272126816,41.2813738441215
EPI_ISL_5320|Human|H1N1|1996.003|NorthAmerica|seasonal,1996.003,-565.4,41.4354909731396,2271,2271,42.0079260237781,41.1492734478203
EPI_ISL_6404|Human|H1N1|1995.953|NorthAmerica|seasonal,1995.953,-568,41.6116248348745,2271,2271,42.2721268163804,41.2813738441215
EPI_ISL_5317|Human|H1N1|1995.929|NorthAmerica|seasonal,1995.929,-570.4,41.4795244385733,2271,2271,42.0079260237781,41.2153236459709
EPI_ISL_5283|Human|H1N1|1995.874|NorthAmerica|seasonal,1995.874,-573,41.6116248348745,2271,2271,42.4042272126816,41.2153236459709
EPI_ISL_5308|Human|H1N1|1995.907|NorthAmerica|seasonal,1995.907,-570.6,41.6556583003082,2271,2271,42.4042272126816,41.2813738441215
EPI_ISL_6844|Human|H1N1|1996|NorthAmerica|seasonal,1996,-573.4,41.6556583003082,2271,2271,42.4042272126816,41.2813738441215
EPI_ISL_6879|Human|H1N1|1996|NorthAmerica|seasonal,1996,-572.2,41.4795244385733,2271,2271,41.8758256274769,41.2813738441215
EPI_ISL_6777|Human|H1N1|1996|NorthAmerica|seasonal,1996,-571.2,41.523557904007,2271,2271,42.1400264200793,41.2153236459709
EPI_ISL_6841|Human|H1N1|1996|NorthAmerica|seasonal,1996,-570,41.523557904007,2271,2271,41.8758256274769,41.3474240422721
EPI_ISL_5315|Human|H1N1|1995.948|NorthAmerica|seasonal,1995.948,-571.7,41.523557904007,2271,2271,42.1400264200793,41.2153236459709
EPI_ISL_5276|Human|H1N1|1995.871|NorthAmerica|seasonal,1995.871,-571.7,41.5675913694408,2271,2271,42.1400264200793,41.2813738441215
EPI_ISL_6155|Human|H1N1|1995.332|NorthAmerica|seasonal,1995.332,-572.9,41.9198590929106,2271,2271,43.1968295904888,41.2813738441215
EPI_ISL_5319|Human|H1N1|1996.003|NorthAmerica|seasonal,1996.003,-568.2,41.6116248348745,2271,2271,42.2721268163804,41.2813738441215
EPI_ISL_5278|Human|H1N1|1995.934|NorthAmerica|seasonal,1995.934,-570.6,41.6116248348745,2271,2271,42.4042272126816,41.2153236459709
EPI_ISL_5370|Human|H1N1|1995.945|NorthAmerica|seasonal,1995.945,-570.6,41.6116248348745,2271,2271,42.4042272126816,41.2153236459709
EPI_ISL_5692|Human|H1N1|1995.962|NorthAmerica|seasonal,1995.962,-572.2,41.6116248348745,2271,2271,42.2721268163804,41.2813738441215
EPI_ISL_5318|Human|H1N1|1995.918|NorthAmerica|seasonal,1995.918,-572.5,41.5675913694408,2271,2271,42.2721268163804,41.2153236459709
EPI_ISL_5566|Human|H1N1|1995.986|NorthAmerica|seasonal,1995.986,-567,41.6116248348745,2271,2271,42.2721268163804,41.2813738441215
EPI_ISL_5565|Human|H1N1|1995.989|NorthAmerica|seasonal,1995.989,-567.2,41.5675913694408,2271,2271,42.1400264200793,41.2813738441215
EPI_ISL_5433|Human|H1N1|1996.104|NorthAmerica|seasonal,1996.104,-574.3,41.6116248348745,2271,2271,42.4042272126816,41.2153236459709
EPI_ISL_5567|Human|H1N1|1995.953|NorthAmerica|seasonal,1995.953,-570.4,41.6556583003082,2271,2271,42.4042272126816,41.2813738441215
EPI_ISL_173283|Human|H1N1|1995|Oceania|seasonal,1995,-571.5,41.699691765742,2271,2271,42.668428005284,41.2153236459709
EPI_ISL_6776|Human|H1N1|1996|NorthAmerica|seasonal,1996,-569.3,41.6116248348745,2271,2271,42.2721268163804,41.2813738441215
EPI_ISL_6775|Human|H1N1|1996|NorthAmerica|seasonal,1996,-569.3,41.6116248348745,2271,2271,42.2721268163804,41.2813738441215
EPI_ISL_6839|Human|H1N1|1996|NorthAmerica|seasonal,1996,-572.7,41.6556583003082,2271,2271,42.4042272126816,41.2813738441215
EPI_ISL_5434|Human|H1N1|1995.923|NorthAmerica|seasonal,1995.923,-571.1,41.6116248348745,2271,2271,42.1400264200793,41.3474240422721
EPI_ISL_123175|Human|H1N1|1996|Asia|,1996,-569.8,41.523557904007,2271,2271,41.8758256274769,41.3474240422721
EPI_ISL_6778|Human|H1N1|1996|NorthAmerica|seasonal,1996,-576.4,41.5675913694408,2271,2271,42.2721268163804,41.2153236459709
EPI_ISL_5281|Human|H1N1|1995.975|NorthAmerica|seasonal,1995.975,-583.5,41.699691765742,2271,2271,42.4042272126816,41.3474240422721
EPI_ISL_279682|Human|H1N1|1995|Europe|,1995,-571.4,41.7877586966094,2271,2271,42.668428005284,41.3474240422721
EPI_ISL_5282|Human|H1N1|1995.986|NorthAmerica|seasonal,1995.986,-565.1,41.7877586966094,2271,2271,42.8005284015852,41.2813738441215
EPI_ISL_5618|Human|H1N1|1995.942|NorthAmerica|seasonal,1995.942,-565.3,41.6116248348745,2271,2271,42.668428005284,41.0832232496698
EPI_ISL_5279|Human|H1N1|1995.912|NorthAmerica|seasonal,1995.912,-567.6,41.7437252311757,2271,2271,42.8005284015852,41.2153236459709
EPI_ISL_5277|Human|H1N1|1995.951|NorthAmerica|seasonal,1995.951,-562.6,41.699691765742,2271,2271,42.8005284015852,41.1492734478203
EPI_ISL_123178|Human|H1N1|1998|Europe|,1998,-576.7,41.7437252311757,2271,2271,42.668428005284,41.2813738441215
EPI_ISL_123184|Human|H1N1|2000|SouthAmerica|,2000,-581.4,41.523557904007,2271,2271,41.8758256274769,41.3474240422721
EPI_ISL_6428|Human|H1N1|2000|Oceania|seasonal,2000,-582.5,41.3033905768384,2271,2271,41.3474240422721,41.2813738441215
EPI_ISL_6375|Human|H1N1|2000|Oceania|seasonal,2000,-582.5,41.3033905768384,2271,2271,41.3474240422721,41.2813738441215
EPI_ISL_6374|Human|H1N1|2000|Oceania|seasonal,2000,-582.5,41.3033905768384,2271,2271,41.3474240422721,41.2813738441215
EPI_ISL_6511|Human|H1N1|2000|Oceania|seasonal,2000,-582.5,41.3033905768384,2271,2271,41.3474240422721,41.2813738441215
EPI_ISL_7054|Human|H1N1|2000|Oceania|seasonal,2000,-583.5,41.3474240422721,2271,2271,41.4795244385733,41.2813738441215
EPI_ISL_6426|Human|H1N1|2000|Oceania|seasonal,2000,-576.3,41.3474240422721,2271,2271,41.3474240422721,41.3474240422721
EPI_ISL_6753|Human|H1N1|2000|Oceania|seasonal,2000,-576.3,41.3474240422721,2271,2271,41.3474240422721,41.3474240422721
EPI_ISL_6456|Human|H1N1|2000|Oceania|seasonal,2000,-582.5,41.3033905768384,2271,2271,41.3474240422721,41.2813738441215
EPI_ISL_6509|Human|H1N1|2000|Oceania|seasonal,2000,-582.5,41.3033905768384,2271,2271,41.3474240422721,41.2813738441215
EPI_ISL_6367|Human|H1N1|2000|Oceania|seasonal,2000,-579.3,41.2593571114047,2271,2271,41.3474240422721,41.2153236459709
EPI_ISL_5048|Human|H1N1|2000.279|NorthAmerica|seasonal,2000.279,-574.8,41.2593571114047,2271,2271,41.0832232496698,41.3474240422721
EPI_ISL_9213|Human|H1N1|2001.022|NorthAmerica|seasonal,2001.022,-577.7,41.3033905768384,2271,2271,41.2153236459709,41.3474240422721
EPI_ISL_6427|Human|H1N1|2000|Oceania|seasonal,2000,-575.5,41.3033905768384,2271,2271,41.2153236459709,41.3474240422721
EPI_ISL_6411|Human|H1N1|2000|Oceania|seasonal,2000,-578.8,41.2593571114047,2271,2271,41.0832232496698,41.3474240422721
EPI_ISL_503098|Human|H1N1|2000|SouthAmerica|,2000,-576.4,41.3033905768384,2271,2271,41.3474240422721,41.2813738441215
EPI_ISL_503060|Human|H1N1|2000|SouthAmerica|,2000,-576.6,41.3474240422721,2271,2271,41.3474240422721,41.3474240422721
EPI_ISL_503064|Human|H1N1|2000|SouthAmerica|,2000,-576.6,41.3474240422721,2271,2271,41.3474240422721,41.3474240422721
EPI_ISL_503111|Human|H1N1|2000|SouthAmerica|,2000,-576.6,41.3474240422721,2271,2271,41.3474240422721,41.3474240422721
EPI_ISL_123172|Human|H1N1|1992|Oceania|,1992,-572.1,41.6116248348745,2271,2271,42.1400264200793,41.3474240422721
EPI_ISL_5265|Human|H1N1|2001.022|Oceania|seasonal,2001.022,-572.3,41.4354909731396,2271,2271,41.6116248348745,41.3474240422721
EPI_ISL_5254|Human|H1N1|2001.584|Oceania|seasonal,2001.584,-574,41.3033905768384,2271,2271,41.4795244385733,41.2153236459709
EPI_ISL_5249|Human|H1N1|2001.518|Oceania|seasonal,2001.518,-569.4,41.3474240422721,2271,2271,41.7437252311757,41.1492734478203
EPI_ISL_5355|Human|H1N1|2001.353|Oceania|seasonal,2001.353,-572.6,41.3033905768384,2271,2271,41.4795244385733,41.2153236459709
EPI_ISL_8666|Human|H1N1|2001.058|NorthAmerica|seasonal,2001.058,-573,41.3474240422721,2271,2271,41.4795244385733,41.2813738441215
EPI_ISL_9028|Human|H1N1|2002.926|NorthAmerica|seasonal,2002.926,-561.19,41.039189784236,2271,2271,40.6869220607662,41.2153236459709
EPI_ISL_106616|Human|H1N1|2003.937|Asia|,2003.937,-572.9,41.3033905768384,2271,2271,41.4795244385733,41.2153236459709
EPI_ISL_106600|Human|H1N1|2003.937|Asia|,2003.937,-572.9,41.3033905768384,2271,2271,41.4795244385733,41.2153236459709
EPI_ISL_106599|Human|H1N1|2003.811|Asia|,2003.811,-572.9,41.3033905768384,2271,2271,41.4795244385733,41.2153236459709
EPI_ISL_106598|Human|H1N1|2003.723|Asia|,2003.723,-572.6,41.2593571114047,2271,2271,41.4795244385733,41.1492734478203
EPI_ISL_106579|Human|H1N1|2003.696|Asia|,2003.696,-572.6,41.2593571114047,2271,2271,41.4795244385733,41.1492734478203
EPI_ISL_106578|Human|H1N1|2003.515|Asia|,2003.515,-572.9,41.3033905768384,2271,2271,41.4795244385733,41.2153236459709
EPI_ISL_106563|Human|H1N1|2003.068|Asia|,2003.068,-572.9,41.3033905768384,2271,2271,41.4795244385733,41.2153236459709
EPI_ISL_106562|Human|H1N1|2003.973|Asia|,2003.973,-572.9,41.3033905768384,2271,2271,41.4795244385733,41.2153236459709
EPI_ISL_106561|Human|H1N1|2003.964|Asia|,2003.964,-572.6,41.2593571114047,2271,2271,41.4795244385733,41.1492734478203
EPI_ISL_106519|Human|H1N1|2003.923|Asia|,2003.923,-572.6,41.2593571114047,2271,2271,41.4795244385733,41.1492734478203
EPI_ISL_106518|Human|H1N1|2003.819|Asia|,2003.819,-572.9,41.3033905768384,2271,2271,41.4795244385733,41.2153236459709
EPI_ISL_106501|Human|H1N1|2003.789|Asia|,2003.789,-572.6,41.2593571114047,2271,2271,41.4795244385733,41.1492734478203
EPI_ISL_106500|Human|H1N1|2003.773|Asia|,2003.773,-572.9,41.3033905768384,2271,2271,41.4795244385733,41.2153236459709
EPI_ISL_106499|Human|H1N1|2003.715|Asia|,2003.715,-572.9,41.3033905768384,2271,2271,41.4795244385733,41.2153236459709
EPI_ISL_106498|Human|H1N1|2003|Asia|,2003,-572.9,41.3033905768384,2271,2271,41.4795244385733,41.2153236459709
EPI_ISL_117100|Human|H1N1|2003|Asia|,2003,-572.6,41.2593571114047,2271,2271,41.4795244385733,41.1492734478203
EPI_ISL_117099|Human|H1N1|2003|Asia|,2003,-572.9,41.3033905768384,2271,2271,41.4795244385733,41.2153236459709
EPI_ISL_116067|Human|H1N1|2003|Asia|,2003,-572.9,41.3033905768384,2271,2271,41.4795244385733,41.2153236459709
EPI_ISL_106472|Human|H1N1|2001|Asia|,2001,-570.99,41.3033905768384,2271,2271,41.6116248348745,41.1492734478203
EPI_ISL_8646|Human|H1N1|2002.97|NorthAmerica|seasonal,2002.97,-564.6,41.3474240422721,2271,2271,41.3474240422721,41.3474240422721
EPI_ISL_8971|Human|H1N1|2003.153|NorthAmerica|seasonal,2003.153,-564.8,41.4795244385733,2271,2271,41.6116248348745,41.4134742404227
EPI_ISL_106471|Human|H1N1|2001|Asia|,2001,-569.89,41.3033905768384,2271,2271,41.3474240422721,41.2813738441215
EPI_ISL_124309|Human|H1N1|2000|Europe|,2000,-572.9,41.3033905768384,2271,2271,41.4795244385733,41.2153236459709
EPI_ISL_5408|Human|H1N1|2000.112|Oceania|seasonal,2000.112,-574.9,41.3474240422721,2271,2271,41.7437252311757,41.1492734478203
EPI_ISL_123183|Human|H1N1|2000|Asia|,2000,-577.3,41.2593571114047,2271,2271,41.6116248348745,41.0832232496698
EPI_ISL_6238|Human|H1N1|2000.68|Oceania|seasonal,2000.68,-571.9,41.1712901805372,2271,2271,41.2153236459709,41.1492734478203
EPI_ISL_5187|Human|H1N1|2000.587|Oceania|seasonal,2000.587,-573.4,41.2593571114047,2271,2271,41.4795244385733,41.1492734478203
EPI_ISL_7541|Human|H1N1|2000.828|Oceania|seasonal,2000.828,-573.4,41.2593571114047,2271,2271,41.4795244385733,41.1492734478203
EPI_ISL_5121|Human|H1N1|2000.623|Oceania|seasonal,2000.623,-573.4,41.2593571114047,2271,2271,41.4795244385733,41.1492734478203
EPI_ISL_5231|Human|H1N1|2000.68|Oceania|seasonal,2000.68,-573.1,41.2593571114047,2271,2271,41.4795244385733,41.1492734478203
EPI_ISL_5161|Human|H1N1|2000.669|Oceania|seasonal,2000.669,-572,41.2775330396476,2270,2271,41.5343915343915,41.1492734478203
EPI_ISL_5127|Human|H1N1|2000.639|Oceania|seasonal,2000.639,-574.5,41.3033905768384,2271,2271,41.6116248348745,41.1492734478203
EPI_ISL_5195|Human|H1N1|2000.642|Oceania|seasonal,2000.642,-574.5,41.2593571114047,2271,2271,41.4795244385733,41.1492734478203
EPI_ISL_5194|Human|H1N1|2000.68|Oceania|seasonal,2000.68,-573.4,41.2593571114047,2271,2271,41.4795244385733,41.1492734478203
EPI_ISL_5159|Human|H1N1|2000.653|Oceania|seasonal,2000.653,-577.1,41.2593571114047,2271,2271,41.3474240422721,41.2153236459709
EPI_ISL_5126|Human|H1N1|2000.626|Oceania|seasonal,2000.626,-574.5,41.3033905768384,2271,2271,41.6116248348745,41.1492734478203
EPI_ISL_5122|Human|H1N1|2000.62|Oceania|seasonal,2000.62,-574,41.3033905768384,2271,2271,41.6116248348745,41.1492734478203
EPI_ISL_5230|Human|H1N1|2000.56|Oceania|seasonal,2000.56,-573.4,41.2593571114047,2271,2271,41.4795244385733,41.1492734478203
EPI_ISL_7102|Human|H1N1|2000.678|Oceania|seasonal,2000.678,-573.4,41.2593571114047,2271,2271,41.4795244385733,41.1492734478203
EPI_ISL_5188|Human|H1N1|2000.549|Oceania|seasonal,2000.549,-573.4,41.2593571114047,2271,2271,41.4795244385733,41.1492734478203
EPI_ISL_5125|Human|H1N1|2000.631|Oceania|seasonal,2000.631,-574.5,41.3033905768384,2271,2271,41.6116248348745,41.1492734478203
EPI_ISL_5191|Human|H1N1|2000.713|Oceania|seasonal,2000.713,-573,41.1712901805372,2271,2271,41.3474240422721,41.0832232496698
EPI_ISL_5233|Human|H1N1|2000.806|Oceania|seasonal,2000.806,-573.6,41.3033905768384,2271,2271,41.6116248348745,41.1492734478203
EPI_ISL_5340|Human|H1N1|2000.56|Oceania|seasonal,2000.56,-573.4,41.2593571114047,2271,2271,41.4795244385733,41.1492734478203
EPI_ISL_5160|Human|H1N1|2000.467|Oceania|seasonal,2000.467,-573.4,41.2593571114047,2271,2271,41.4795244385733,41.1492734478203
EPI_ISL_5124|Human|H1N1|2000.648|Oceania|seasonal,2000.648,-572.5,41.2593571114047,2271,2271,41.4795244385733,41.1492734478203
EPI_ISL_7540|Human|H1N1|2000.699|Oceania|seasonal,2000.699,-573.4,41.2593571114047,2271,2271,41.4795244385733,41.1492734478203
EPI_ISL_7757|Human|H1N1|2000.705|Oceania|seasonal,2000.705,-573.4,41.2593571114047,2271,2271,41.4795244385733,41.1492734478203
EPI_ISL_7145|Human|H1N1|2000.735|Oceania|seasonal,2000.735,-571.3,41.2153236459709,2271,2271,41.2153236459709,41.2153236459709
EPI_ISL_5339|Human|H1N1|2000.464|Oceania|seasonal,2000.464,-573.4,41.2593571114047,2271,2271,41.4795244385733,41.1492734478203
EPI_ISL_6909|Human|H1N1|2000.563|Oceania|seasonal,2000.563,-572.3,41.3033905768384,2271,2271,41.6116248348745,41.1492734478203
EPI_ISL_5192|Human|H1N1|2000.721|Oceania|seasonal,2000.721,-573.4,41.2153236459709,2271,2271,41.4795244385733,41.0832232496698
EPI_ISL_5453|Human|H1N1|2000.779|Oceania|seasonal,2000.779,-573.4,41.2153236459709,2271,2271,41.3474240422721,41.1492734478203
EPI_ISL_5588|Human|H1N1|2000.76|Oceania|seasonal,2000.76,-569.9,41.1272567151035,2271,2271,41.2153236459709,41.0832232496698
EPI_ISL_7278|Human|H1N1|2000.839|Oceania|seasonal,2000.839,-573.4,41.2593571114047,2271,2271,41.4795244385733,41.1492734478203
EPI_ISL_7103|Human|H1N1|2000.855|Oceania|seasonal,2000.855,-573.4,41.2593571114047,2271,2271,41.4795244385733,41.1492734478203
EPI_ISL_5196|Human|H1N1|2000.68|Oceania|seasonal,2000.68,-573.8,41.3474240422721,2271,2271,41.6116248348745,41.2153236459709
EPI_ISL_5193|Human|H1N1|2000.735|Oceania|seasonal,2000.735,-578.4,41.3033905768384,2271,2271,41.6116248348745,41.1492734478203
EPI_ISL_5190|Human|H1N1|2000.658|Oceania|seasonal,2000.658,-572.5,41.2593571114047,2271,2271,41.4795244385733,41.1492734478203
EPI_ISL_5123|Human|H1N1|2000.639|Oceania|seasonal,2000.639,-572,41.3474240422721,2271,2271,41.6116248348745,41.2153236459709
EPI_ISL_5120|Human|H1N1|2000.658|Oceania|seasonal,2000.658,-572.5,41.2593571114047,2271,2271,41.4795244385733,41.1492734478203
EPI_ISL_5232|Human|H1N1|2000.658|Oceania|seasonal,2000.658,-573.4,41.2593571114047,2271,2271,41.4795244385733,41.1492734478203
EPI_ISL_5432|Human|H1N1|2000.568|Oceania|seasonal,2000.568,-573,41.2593571114047,2271,2271,41.4795244385733,41.1492734478203
EPI_ISL_5338|Human|H1N1|2000.464|Oceania|seasonal,2000.464,-573.4,41.2593571114047,2271,2271,41.4795244385733,41.1492734478203
EPI_ISL_5495|Human|H1N1|2000|Oceania|seasonal,2000,-573.4,41.2593571114047,2271,2271,41.4795244385733,41.1492734478203
EPI_ISL_6405|Human|H1N1|2000.743|Oceania|seasonal,2000.743,-574.1,41.2153236459709,2271,2271,41.3474240422721,41.1492734478203
EPI_ISL_7039|Human|H1N1|2000.508|Oceania|seasonal,2000.508,-576,41.2153236459709,2271,2271,41.3474240422721,41.1492734478203
EPI_ISL_7142|Human|H1N1|2000.719|Oceania|seasonal,2000.719,-573.4,41.2593571114047,2271,2271,41.4795244385733,41.1492734478203
EPI_ISL_7100|Human|H1N1|2000.661|Oceania|seasonal,2000.661,-573.4,41.2593571114047,2271,2271,41.4795244385733,41.1492734478203
EPI_ISL_5228|Human|H1N1|2000.664|Oceania|seasonal,2000.664,-571.4,41.2153236459709,2271,2271,41.4795244385733,41.0832232496698
EPI_ISL_5263|Human|H1N1|2000.544|Oceania|seasonal,2000.544,-571.4,41.2153236459709,2271,2271,41.4795244385733,41.0832232496698
EPI_ISL_5197|Human|H1N1|2000.675|Oceania|seasonal,2000.675,-573.89,41.3033905768384,2271,2271,41.6116248348745,41.1492734478203
EPI_ISL_5534|Human|H1N1|2000.675|Oceania|seasonal,2000.675,-571,41.1712901805372,2271,2271,41.3474240422721,41.0832232496698
EPI_ISL_5209|Human|H1N1|2000.541|Oceania|seasonal,2000.541,-571.4,41.2153236459709,2271,2271,41.4795244385733,41.0832232496698
EPI_ISL_7143|Human|H1N1|2000.716|Oceania|seasonal,2000.716,-573.4,41.2593571114047,2271,2271,41.4795244385733,41.1492734478203
EPI_ISL_5189|Human|H1N1|2000.623|Oceania|seasonal,2000.623,-572.5,41.3033905768384,2271,2271,41.4795244385733,41.2153236459709
EPI_ISL_7277|Human|H1N1|2000.751|Oceania|seasonal,2000.751,-573.4,41.2593571114047,2271,2271,41.4795244385733,41.1492734478203
EPI_ISL_5533|Human|H1N1|2000.642|Oceania|seasonal,2000.642,-573.4,41.2593571114047,2271,2271,41.4795244385733,41.1492734478203
EPI_ISL_5587|Human|H1N1|2000.683|Oceania|seasonal,2000.683,-573.4,41.2593571114047,2271,2271,41.4795244385733,41.1492734478203
EPI_ISL_15607|Human|H1N1|2001|Europe|seasonal,2001,-574.6,41.3474240422721,2271,2271,41.4795244385733,41.2813738441215
EPI_ISL_6881|Human|H1N1|2001.463|Oceania|seasonal,2001.463,-579.1,41.3474240422721,2271,2271,41.7437252311757,41.1492734478203
EPI_ISL_30215|Human|H1N1|1999.997|Asia|seasonal,1999.997,-569.4,41.2153236459709,2271,2271,41.4795244385733,41.0832232496698
EPI_ISL_503095|Human|H1N1|2000|SouthAmerica|,2000,-572.1,41.3474240422721,2271,2271,41.8758256274769,41.0832232496698
EPI_ISL_503082|Human|H1N1|2000|SouthAmerica|,2000,-571.5,41.3033905768384,2271,2271,41.8758256274769,41.0171730515192
EPI_ISL_6880|Human|H1N1|2001|NorthAmerica|seasonal,2001,-575.09,41.4354909731396,2271,2271,42.1400264200793,41.0832232496698
EPI_ISL_7047|Human|H1N1|2000|NorthAmerica|seasonal,2000,-570,41.2593571114047,2271,2271,41.6116248348745,41.0832232496698
EPI_ISL_5128|Human|H1N1|2001.019|NorthAmerica|seasonal,2001.019,-570,41.3033905768384,2271,2271,41.6116248348745,41.1492734478203
EPI_ISL_8268|Human|H1N1|2001.019|NorthAmerica|seasonal,2001.019,-569.6,41.2593571114047,2271,2271,41.4795244385733,41.1492734478203
EPI_ISL_8608|Human|H1N1|2001.019|NorthAmerica|seasonal,2001.019,-569.3,41.2593571114047,2271,2271,41.6116248348745,41.0832232496698
EPI_ISL_6364|Human|H1N1|1999|Oceania|seasonal,1999,-571.2,41.2153236459709,2271,2271,41.3474240422721,41.1492734478203
EPI_ISL_22626|Human|H1N1|1999|Oceania|seasonal,1999,-578.5,41.3033905768384,2271,2271,41.6116248348745,41.1492734478203
EPI_ISL_147184|Human|H1N1|1999|Oceania|,1999,-578.5,41.3033905768384,2271,2271,41.6116248348745,41.1492734478203
EPI_ISL_6424|Human|H1N1|1999|Oceania|seasonal,1999,-573.4,41.3033905768384,2271,2271,41.6116248348745,41.1492734478203
EPI_ISL_123154|Human|H1N1|1999|Asia|,1999,-577,41.6116248348745,2271,2271,42.5363276089828,41.1492734478203
EPI_ISL_120422|Human|H1N1|1998.071|Asia|,1998.071,-577.69,41.4795244385733,2271,2271,42.0079260237781,41.2153236459709
EPI_ISL_123179|Human|H1N1|1998|Europe|,1998,-585.5,41.4354909731396,2271,2271,42.0079260237781,41.1492734478203
EPI_ISL_120421|Human|H1N1|1997.997|Asia|,1997.997,-577.59,41.3033905768384,2271,2271,41.6116248348745,41.1492734478203
EPI_ISL_120416|Human|H1N1|1997.041|Asia|,1997.041,-580.7,41.3914575077059,2271,2271,41.8758256274769,41.1492734478203
EPI_ISL_120415|Human|H1N1|1997.041|Asia|,1997.041,-582,41.3914575077059,2271,2271,41.8758256274769,41.1492734478203
EPI_ISL_123176|Human|H1N1|1997|Africa|,1997,-566.3,41.1272567151035,2271,2271,41.3474240422721,41.0171730515192
EPI_ISL_22625|Human|H1N1|1995|Asia|seasonal,1995,-577.29,41.3914575077059,2271,2271,41.8758256274769,41.1492734478203
EPI_ISL_6241|Human|H1N1|1996|Asia|seasonal,1996,-576.89,41.6116248348745,2271,2271,42.4042272126816,41.2153236459709
EPI_ISL_5690|Human|H1N1|1996|Asia|seasonal,1996,-575.69,41.4354909731396,2271,2271,42.0079260237781,41.1492734478203
EPI_ISL_5689|Human|H1N1|1996|Asia|seasonal,1996,-575.69,41.4354909731396,2271,2271,42.0079260237781,41.1492734478203
EPI_ISL_5685|Human|H1N1|1996|Asia|seasonal,1996,-575.69,41.4354909731396,2271,2271,42.0079260237781,41.1492734478203
EPI_ISL_6244|Human|H1N1|1996|Asia|seasonal,1996,-575.69,41.4354909731396,2271,2271,42.0079260237781,41.1492734478203
EPI_ISL_6243|Human|H1N1|1996|Asia|seasonal,1996,-575.69,41.4354909731396,2271,2271,42.0079260237781,41.1492734478203
EPI_ISL_6220|Human|H1N1|1996|Asia|seasonal,1996,-575.69,41.4354909731396,2271,2271,42.0079260237781,41.1492734478203
EPI_ISL_6409|Human|H1N1|1996|Asia|seasonal,1996,-575.69,41.4354909731396,2271,2271,42.0079260237781,41.1492734478203
EPI_ISL_5688|Human|H1N1|1996|Asia|seasonal,1996,-575.69,41.4354909731396,2271,2271,42.0079260237781,41.1492734478203
EPI_ISL_6410|Human|H1N1|1996|Asia|seasonal,1996,-575.69,41.4354909731396,2271,2271,42.0079260237781,41.1492734478203
EPI_ISL_5686|Human|H1N1|1996|Asia|seasonal,1996,-575.69,41.4354909731396,2271,2271,42.0079260237781,41.1492734478203
EPI_ISL_5687|Human|H1N1|1996|Asia|seasonal,1996,-575.69,41.4354909731396,2271,2271,42.0079260237781,41.1492734478203
EPI_ISL_6242|Human|H1N1|1996|Asia|seasonal,1996,-574.19,41.3914575077059,2271,2271,41.8758256274769,41.1492734478203
EPI_ISL_123177|Human|H1N1|1997|Asia|,1997,-574.29,41.1712901805372,2271,2271,41.2153236459709,41.1492734478203
EPI_ISL_120420|Human|H1N1|1997.86|Asia|,1997.86,-575.09,41.3033905768384,2271,2271,41.7437252311757,41.0832232496698
EPI_ISL_120419|Human|H1N1|1997.822|Asia|,1997.822,-579.2,41.5675913694408,2271,2271,42.2721268163804,41.2153236459709
EPI_ISL_120418|Human|H1N1|1997.923|Asia|,1997.923,-579.2,41.5675913694408,2271,2271,42.2721268163804,41.2153236459709
EPI_ISL_5264|Human|H1N1|2000.68|Oceania|seasonal,2000.68,-577.7,41.3033905768384,2271,2271,41.7437252311757,41.0832232496698
EPI_ISL_5229|Human|H1N1|2000.617|Oceania|seasonal,2000.617,-577.6,41.3474240422721,2271,2271,41.7437252311757,41.1492734478203
EPI_ISL_6354|Human|H1N1|2000|Oceania|seasonal,2000,-576.1,41.1712901805372,2271,2271,41.3474240422721,41.0832232496698
EPI_ISL_8181|Human|H1N1|2001.019|NorthAmerica|seasonal,2001.019,-576.69,41.1272567151035,2271,2271,41.0832232496698,41.1492734478203
EPI_ISL_8265|Human|H1N1|2000.962|NorthAmerica|seasonal,2000.962,-575.79,41.3033905768384,2271,2271,41.7437252311757,41.0832232496698
EPI_ISL_8991|Human|H1N1|2001.038|NorthAmerica|seasonal,2001.038,-575.19,41.1712901805372,2271,2271,41.3474240422721,41.0832232496698
EPI_ISL_8647|Human|H1N1|2001.077|NorthAmerica|seasonal,2001.077,-576.49,41.2334801762115,2270,2271,41.5343915343915,41.0832232496698
EPI_ISL_8656|Human|H1N1|2001.101|NorthAmerica|seasonal,2001.101,-576.9,41.3033905768384,2271,2271,41.7437252311757,41.0832232496698
EPI_ISL_8998|Human|H1N1|2001.063|NorthAmerica|seasonal,2001.063,-578.19,41.2593571114047,2271,2271,41.6116248348745,41.0832232496698
EPI_ISL_8657|Human|H1N1|2001.09|NorthAmerica|seasonal,2001.09,-574.8,41.2153236459709,2271,2271,41.3474240422721,41.1492734478203
EPI_ISL_8644|Human|H1N1|2001.06|NorthAmerica|seasonal,2001.06,-575.19,41.1712901805372,2271,2271,41.3474240422721,41.0832232496698
EPI_ISL_6845|Human|H1N1|2001|NorthAmerica|seasonal,2001,-580.99,41.1272567151035,2271,2271,41.2153236459709,41.0832232496698
EPI_ISL_8261|Human|H1N1|2001.156|NorthAmerica|seasonal,2001.156,-573.99,41.1272567151035,2271,2271,41.2153236459709,41.0832232496698
EPI_ISL_5256|Human|H1N1|2001.592|Oceania|seasonal,2001.592,-568.59,41.0832232496698,2271,2271,41.2153236459709,41.0171730515192
EPI_ISL_5199|Human|H1N1|2001.425|Oceania|seasonal,2001.425,-570.79,40.9951563188023,2271,2271,41.0832232496698,40.9511228533686
EPI_ISL_8235|Human|H1N1|2001.077|NorthAmerica|seasonal,2001.077,-570.49,41.1272567151035,2271,2271,41.2153236459709,41.0832232496698
EPI_ISL_8649|Human|H1N1|2001.074|NorthAmerica|seasonal,2001.074,-570.59,41.039189784236,2271,2271,41.0832232496698,41.0171730515192
EPI_ISL_8648|Human|H1N1|2001.066|NorthAmerica|seasonal,2001.066,-570.59,41.0832232496698,2271,2271,41.0832232496698,41.0832232496698
EPI_ISL_9053|Human|H1N1|2001.058|NorthAmerica|seasonal,2001.058,-570.59,41.0832232496698,2271,2271,41.0832232496698,41.0832232496698
EPI_ISL_5321|Human|H1N1|2001.06|NorthAmerica|seasonal,2001.06,-576.19,41.2593571114047,2271,2271,41.6116248348745,41.0832232496698
EPI_ISL_6245|Human|H1N1|2000|Oceania|seasonal,2000,-574.69,41.1712901805372,2271,2271,41.3474240422721,41.0832232496698
EPI_ISL_2771|Human|H1N1|2000|Europe|seasonal,2000,-575.69,41.3474240422721,2271,2271,41.8758256274769,41.0832232496698
EPI_ISL_8264|Human|H1N1|2000.964|NorthAmerica|seasonal,2000.964,-577.19,41.1712901805372,2271,2271,41.4795244385733,41.0171730515192
EPI_ISL_8609|Human|H1N1|2001.06|NorthAmerica|seasonal,2001.06,-577.2,41.2593571114047,2271,2271,41.6116248348745,41.0832232496698
EPI_ISL_9041|Human|H1N1|2001.066|NorthAmerica|seasonal,2001.066,-577.2,41.2593571114047,2271,2271,41.6116248348745,41.0832232496698
EPI_ISL_5311|Human|H1N1|2001.466|Oceania|seasonal,2001.466,-579.3,41.1272567151035,2271,2271,41.3474240422721,41.0171730515192
EPI_ISL_5272|Human|H1N1|2001.54|Oceania|seasonal,2001.54,-575.99,41.1272567151035,2271,2271,41.3474240422721,41.0171730515192
EPI_ISL_5234|Human|H1N1|2001.479|Oceania|seasonal,2001.479,-573.29,41.0832232496698,2271,2271,41.3474240422721,40.9511228533686
EPI_ISL_5273|Human|H1N1|2001.54|Oceania|seasonal,2001.54,-575.99,41.1272567151035,2271,2271,41.3474240422721,41.0171730515192
EPI_ISL_5260|Human|H1N1|2001.622|Oceania|seasonal,2001.622,-575.49,41.1712901805372,2271,2271,41.4795244385733,41.0171730515192
EPI_ISL_5246|Human|H1N1|2001.523|Oceania|seasonal,2001.523,-575.99,41.1272567151035,2271,2271,41.3474240422721,41.0171730515192
EPI_ISL_5238|Human|H1N1|2001.499|Oceania|seasonal,2001.499,-575.99,41.1272567151035,2271,2271,41.3474240422721,41.0171730515192
EPI_ISL_5235|Human|H1N1|2001.479|Oceania|seasonal,2001.479,-575.99,41.1272567151035,2271,2271,41.3474240422721,41.0171730515192
EPI_ISL_5213|Human|H1N1|2001.537|Oceania|seasonal,2001.537,-579.3,41.1272567151035,2271,2271,41.3474240422721,41.0171730515192
EPI_ISL_6783|Human|H1N1|2001.419|Oceania|seasonal,2001.419,-575.99,41.1272567151035,2271,2271,41.3474240422721,41.0171730515192
EPI_ISL_7149|Human|H1N1|2001.556|Oceania|seasonal,2001.556,-575.99,41.1272567151035,2271,2271,41.3474240422721,41.0171730515192
EPI_ISL_5253|Human|H1N1|2001.542|Oceania|seasonal,2001.542,-575.79,41.2153236459709,2271,2271,41.6116248348745,41.0171730515192
EPI_ISL_6338|Human|H1N1|2001.43|Oceania|seasonal,2001.43,-575.99,41.1272567151035,2271,2271,41.3474240422721,41.0171730515192
EPI_ISL_5274|Human|H1N1|2001.542|Oceania|seasonal,2001.542,-574.29,41.039189784236,2271,2271,41.2153236459709,40.9511228533686
EPI_ISL_5269|Human|H1N1|2001.545|Oceania|seasonal,2001.545,-574.29,41.039189784236,2271,2271,41.2153236459709,40.9511228533686
EPI_ISL_5248|Human|H1N1|2001.523|Oceania|seasonal,2001.523,-575.49,41.0832232496698,2271,2271,41.2153236459709,41.0171730515192
EPI_ISL_5350|Human|H1N1|2001.622|Oceania|seasonal,2001.622,-575.29,41.039189784236,2271,2271,41.0832232496698,41.0171730515192
EPI_ISL_5252|Human|H1N1|2001.537|Oceania|seasonal,2001.537,-570.9,41.0832232496698,2271,2271,41.2153236459709,41.0171730515192
EPI_ISL_5257|Human|H1N1|2001.605|Oceania|seasonal,2001.605,-570.2,41.039189784236,2271,2271,41.0832232496698,41.0171730515192
EPI_ISL_5362|Human|H1N1|2001.427|Oceania|seasonal,2001.427,-574.2,41.2153236459709,2271,2271,41.4795244385733,41.0832232496698
EPI_ISL_5285|Human|H1N1|2001.523|Oceania|seasonal,2001.523,-579.3,41.1272567151035,2271,2271,41.3474240422721,41.0171730515192
EPI_ISL_5268|Human|H1N1|2001.537|Oceania|seasonal,2001.537,-578.19,41.0832232496698,2271,2271,41.2153236459709,41.0171730515192
EPI_ISL_5255|Human|H1N1|2001.592|Oceania|seasonal,2001.592,-579.3,41.0832232496698,2271,2271,41.2153236459709,41.0171730515192
EPI_ISL_5250|Human|H1N1|2001.529|Oceania|seasonal,2001.529,-573.6,41.1272567151035,2271,2271,41.3474240422721,41.0171730515192
EPI_ISL_5244|Human|H1N1|2001.512|Oceania|seasonal,2001.512,-579.3,41.1712901805372,2271,2271,41.4795244385733,41.0171730515192
EPI_ISL_5243|Human|H1N1|2001.521|Oceania|seasonal,2001.521,-573,41.2153236459709,2271,2271,41.7437252311757,40.9511228533686
EPI_ISL_5239|Human|H1N1|2001.499|Oceania|seasonal,2001.499,-579.3,41.1272567151035,2271,2271,41.3474240422721,41.0171730515192
EPI_ISL_5236|Human|H1N1|2001.499|Oceania|seasonal,2001.499,-579.3,41.1272567151035,2271,2271,41.3474240422721,41.0171730515192
EPI_ISL_5212|Human|H1N1|2001.504|Oceania|seasonal,2001.504,-579,41.0832232496698,2271,2271,41.2153236459709,41.0171730515192
EPI_ISL_5202|Human|H1N1|2001.521|Oceania|seasonal,2001.521,-579.3,41.1272567151035,2271,2271,41.3474240422721,41.0171730515192
EPI_ISL_5410|Human|H1N1|2001.293|Oceania|seasonal,2001.293,-574.2,41.1712901805372,2271,2271,41.4795244385733,41.0171730515192
EPI_ISL_5358|Human|H1N1|2001.405|Oceania|seasonal,2001.405,-574.2,41.2153236459709,2271,2271,41.6116248348745,41.0171730515192
EPI_ISL_5357|Human|H1N1|2001.389|Oceania|seasonal,2001.389,-574.2,41.2153236459709,2271,2271,41.4795244385733,41.0832232496698
EPI_ISL_5356|Human|H1N1|2001.375|Oceania|seasonal,2001.375,-574.2,41.1712901805372,2271,2271,41.4795244385733,41.0171730515192
EPI_ISL_5348|Human|H1N1|2001.499|Oceania|seasonal,2001.499,-574.2,41.2153236459709,2271,2271,41.6116248348745,41.0171730515192
EPI_ISL_5496|Human|H1N1|2001.488|Oceania|seasonal,2001.488,-574.2,41.1272567151035,2271,2271,41.3474240422721,41.0171730515192
EPI_ISL_6899|Human|H1N1|2001.679|Oceania|seasonal,2001.679,-574.2,41.1712901805372,2271,2271,41.4795244385733,41.0171730515192
EPI_ISL_6882|Human|H1N1|2001.54|Oceania|seasonal,2001.54,-573.7,41.2153236459709,2271,2271,41.4795244385733,41.0832232496698
EPI_ISL_5363|Human|H1N1|2001.46|Oceania|seasonal,2001.46,-575.7,41.1712901805372,2271,2271,41.3474240422721,41.0832232496698
EPI_ISL_5200|Human|H1N1|2001.471|Oceania|seasonal,2001.471,-573,41.2153236459709,2271,2271,41.7437252311757,40.9511228533686
EPI_ISL_5361|Human|H1N1|2001.425|Oceania|seasonal,2001.425,-575.3,41.2153236459709,2271,2271,41.4795244385733,41.0832232496698
EPI_ISL_5237|Human|H1N1|2001.488|Oceania|seasonal,2001.488,-579.3,41.0832232496698,2271,2271,41.2153236459709,41.0171730515192
EPI_ISL_5365|Human|H1N1|2001.43|Oceania|seasonal,2001.43,-574.2,41.2153236459709,2271,2271,41.4795244385733,41.0832232496698
EPI_ISL_5214|Human|H1N1|2001.616|Oceania|seasonal,2001.616,-579.3,41.1272567151035,2271,2271,41.3474240422721,41.0171730515192
EPI_ISL_5313|Human|H1N1|2001.521|Oceania|seasonal,2001.521,-574.2,41.1272567151035,2271,2271,41.4795244385733,40.9511228533686
EPI_ISL_5366|Human|H1N1|2001.575|Oceania|seasonal,2001.575,-574.2,41.2153236459709,2271,2271,41.6116248348745,41.0171730515192
EPI_ISL_5360|Human|H1N1|2001.414|Oceania|seasonal,2001.414,-574.2,41.2153236459709,2271,2271,41.6116248348745,41.0171730515192
EPI_ISL_5247|Human|H1N1|2001.523|Oceania|seasonal,2001.523,-579.8,41.1272567151035,2271,2271,41.2153236459709,41.0832232496698
EPI_ISL_5387|Human|H1N1|2001.49|Oceania|seasonal,2001.49,-579.3,41.1272567151035,2271,2271,41.3474240422721,41.0171730515192
EPI_ISL_5242|Human|H1N1|2001.504|Oceania|seasonal,2001.504,-581.7,41.1712901805372,2271,2271,41.4795244385733,41.0171730515192
EPI_ISL_5364|Human|H1N1|2001.433|Oceania|seasonal,2001.433,-574.2,41.1712901805372,2271,2271,41.4795244385733,41.0171730515192
EPI_ISL_6898|Human|H1N1|2001.638|Oceania|seasonal,2001.638,-574.9,41.1272567151035,2271,2271,41.3474240422721,41.0171730515192
EPI_ISL_6851|Human|H1N1|2001.501|Oceania|seasonal,2001.501,-572.4,41.1712901805372,2271,2271,41.4795244385733,41.0171730515192
EPI_ISL_5385|Human|H1N1|2001.468|Oceania|seasonal,2001.468,-574.2,41.2153236459709,2271,2271,41.4795244385733,41.0832232496698
EPI_ISL_30207|Human|H1N1|2002.074|Asia|seasonal,2002.074,-574.9,41.2775330396476,2270,2271,41.6666666666667,41.0832232496698
EPI_ISL_30216|Human|H1N1|2002.005|Asia|seasonal,2002.005,-579,41.3033905768384,2271,2271,41.7437252311757,41.0832232496698
EPI_ISL_30217|Human|H1N1|2002.011|Asia|seasonal,2002.011,-576.39,41.3914575077059,2271,2271,41.8758256274769,41.1492734478203
EPI_ISL_87723|Human|H1N1|2002|Asia|,2002,-576.19,41.4795244385733,2271,2271,42.1400264200793,41.1492734478203
EPI_ISL_5411|Human|H1N1|2001.556|Oceania|seasonal,2001.556,-574.6,41.2153236459709,2271,2271,41.6116248348745,41.0171730515192
EPI_ISL_5266|Human|H1N1|2001.501|Oceania|seasonal,2001.501,-574.2,41.1712901805372,2271,2271,41.4795244385733,41.0171730515192
EPI_ISL_5259|Human|H1N1|2001.616|Oceania|seasonal,2001.616,-579.3,41.1272567151035,2271,2271,41.3474240422721,41.0171730515192
EPI_ISL_7148|Human|H1N1|2001.507|Oceania|seasonal,2001.507,-574.2,41.1712901805372,2271,2271,41.4795244385733,41.0171730515192
EPI_ISL_5349|Human|H1N1|2001.54|Oceania|seasonal,2001.54,-573.8,41.0832232496698,2271,2271,41.3474240422721,40.9511228533686
EPI_ISL_123185|Human|H1N1|2001|SouthAmerica|,2001,-573.5,41.3033905768384,2271,2271,41.6116248348745,41.1492734478203
EPI_ISL_5359|Human|H1N1|2001.405|Oceania|seasonal,2001.405,-574.2,41.2153236459709,2271,2271,41.4795244385733,41.0832232496698
EPI_ISL_5271|Human|H1N1|2001.54|Oceania|seasonal,2001.54,-579.3,41.1712901805372,2271,2271,41.4795244385733,41.0171730515192
EPI_ISL_5267|Human|H1N1|2001.504|Oceania|seasonal,2001.504,-579.7,41.2593571114047,2271,2271,41.6116248348745,41.0832232496698
EPI_ISL_5201|Human|H1N1|2001.479|Oceania|seasonal,2001.479,-575.2,41.039189784236,2271,2271,41.0832232496698,41.0171730515192
EPI_ISL_123187|Human|H1N1|2001|Oceania|,2001,-574.29,41.1712901805372,2271,2271,41.4795244385733,41.0171730515192
EPI_ISL_5258|Human|H1N1|2001.567|Oceania|seasonal,2001.567,-577.29,41.1272567151035,2271,2271,41.3474240422721,41.0171730515192
EPI_ISL_5251|Human|H1N1|2001.548|Oceania|seasonal,2001.548,-574.79,41.2153236459709,2271,2271,41.6116248348745,41.0171730515192
EPI_ISL_5270|Human|H1N1|2001.542|Oceania|seasonal,2001.542,-574.4,41.2593571114047,2271,2271,41.6116248348745,41.0832232496698
EPI_ISL_5275|Human|H1N1|2001.57|Oceania|seasonal,2001.57,-573.99,41.2593571114047,2271,2271,41.7437252311757,41.0171730515192
EPI_ISL_5245|Human|H1N1|2001.518|Oceania|seasonal,2001.518,-574.79,41.2153236459709,2271,2271,41.6116248348745,41.0171730515192
EPI_ISL_5241|Human|H1N1|2001.507|Oceania|seasonal,2001.507,-574.79,41.2153236459709,2271,2271,41.6116248348745,41.0171730515192
EPI_ISL_5240|Human|H1N1|2001.507|Oceania|seasonal,2001.507,-574.79,41.2153236459709,2271,2271,41.6116248348745,41.0171730515192
EPI_ISL_5211|Human|H1N1|2001.545|Oceania|seasonal,2001.545,-574.59,41.1712901805372,2271,2271,41.4795244385733,41.0171730515192
EPI_ISL_5312|Human|H1N1|2001.488|Oceania|seasonal,2001.488,-574.2,41.1712901805372,2271,2271,41.4795244385733,41.0171730515192
EPI_ISL_8593|Human|H1N1|2001.115|NorthAmerica|seasonal,2001.115,-578.1,41.3033905768384,2271,2271,41.7437252311757,41.0832232496698
EPI_ISL_8610|Human|H1N1|2001.049|NorthAmerica|seasonal,2001.049,-574.29,41.280353200883,2265,2265,41.5894039735099,41.1258278145695
EPI_ISL_8990|Human|H1N1|2001.063|NorthAmerica|seasonal,2001.063,-576.29,41.1712901805372,2271,2271,41.3474240422721,41.0832232496698
EPI_ISL_8611|Human|H1N1|2001.058|NorthAmerica|seasonal,2001.058,-576.29,41.2153236459709,2271,2271,41.4795244385733,41.0832232496698
EPI_ISL_8711|Human|H1N1|2001.068|NorthAmerica|seasonal,2001.068,-577.2,41.2593571114047,2271,2271,41.6116248348745,41.0832232496698
EPI_ISL_8968|Human|H1N1|2001.159|NorthAmerica|seasonal,2001.159,-577.2,41.2593571114047,2271,2271,41.6116248348745,41.0832232496698
EPI_ISL_8667|Human|H1N1|2001.14|NorthAmerica|seasonal,2001.14,-577.3,41.3033905768384,2271,2271,41.7437252311757,41.0832232496698
EPI_ISL_8255|Human|H1N1|2001.14|NorthAmerica|seasonal,2001.14,-577.7,41.3474240422721,2271,2271,42.0079260237781,41.0171730515192
EPI_ISL_123188|Human|H1N1|2002|Europe|,2002,-575.49,41.3033905768384,2271,2271,41.6116248348745,41.1492734478203
EPI_ISL_123182|Human|H1N1|2000|SouthAmerica|,2000,-578.19,41.2593571114047,2271,2271,41.4795244385733,41.1492734478203
EPI_ISL_6866|Human|H1N1|2001|NorthAmerica|seasonal,2001,-587.09,41.3474240422721,2271,2271,41.7437252311757,41.1492734478203
EPI_ISL_8271|Human|H1N1|2001.03|NorthAmerica|seasonal,2001.03,-577.99,41.2593571114047,2271,2271,41.4795244385733,41.1492734478203
EPI_ISL_8234|Human|H1N1|2001.025|NorthAmerica|seasonal,2001.025,-573.89,41.3033905768384,2271,2271,41.8758256274769,41.0171730515192
EPI_ISL_8665|Human|H1N1|2001.025|NorthAmerica|seasonal,2001.025,-573.89,41.3033905768384,2271,2271,41.8758256274769,41.0171730515192
EPI_ISL_123181|Human|H1N1|2000|Asia|,2000,-574.09,41.4795244385733,2271,2271,42.2721268163804,41.0832232496698
EPI_ISL_6867|Human|H1N1|2001|NorthAmerica|seasonal,2001,-582.59,41.6116248348745,2271,2271,42.5363276089828,41.1492734478203
EPI_ISL_7101|Human|H1N1|2000.68|Oceania|seasonal,2000.68,-577.79,41.3033905768384,2271,2271,41.7437252311757,41.0832232496698
EPI_ISL_503094|Human|H1N1|2000|SouthAmerica|,2000,-573.4,41.3474240422721,2271,2271,41.7437252311757,41.1492734478203
EPI_ISL_503065|Human|H1N1|2000|SouthAmerica|,2000,-577,41.3474240422721,2271,2271,41.6116248348745,41.2153236459709
EPI_ISL_123190|Human|H1N1|2002|Asia|,2002,-574.09,41.2593571114047,2271,2271,41.2153236459709,41.2813738441215
EPI_ISL_9058|Human|H1N1|2003.06|NorthAmerica|seasonal,2003.06,-571.4,41.2153236459709,2271,2271,41.3474240422721,41.1492734478203
EPI_ISL_8272|Human|H1N1|2003.159|NorthAmerica|seasonal,2003.159,-564.6,41.1712901805372,2271,2271,41.2153236459709,41.1492734478203
EPI_ISL_8654|Human|H1N1|2003.173|NorthAmerica|seasonal,2003.173,-564.6,41.1712901805372,2271,2271,41.2153236459709,41.1492734478203
EPI_ISL_5099|Human|H1N1|2003.052|NorthAmerica|seasonal,2003.052,-559.5,41.0832232496698,2271,2271,40.8190224570674,41.2153236459709
EPI_ISL_8250|Human|H1N1|2002.984|NorthAmerica|seasonal,2002.984,-562.7,41.0832232496698,2271,2271,40.8190224570674,41.2153236459709
EPI_ISL_9259|Human|H1N1|2003.036|NorthAmerica|seasonal,2003.036,-563.1,41.1712901805372,2271,2271,41.0832232496698,41.2153236459709
EPI_ISL_8270|Human|H1N1|2003.038|NorthAmerica|seasonal,2003.038,-565.6,41.1712901805372,2271,2271,41.0832232496698,41.2153236459709
EPI_ISL_8693|Human|H1N1|2003.055|NorthAmerica|seasonal,2003.055,-565,41.2153236459709,2271,2271,41.2153236459709,41.2153236459709
EPI_ISL_8594|Human|H1N1|2003.058|NorthAmerica|seasonal,2003.058,-560.7,41.1712901805372,2271,2271,41.2153236459709,41.1492734478203
EPI_ISL_8655|Human|H1N1|2003.074|NorthAmerica|seasonal,2003.074,-564.7,41.3474240422721,2271,2271,41.4795244385733,41.2813738441215
EPI_ISL_123191|Human|H1N1|2003|Oceania|,2003,-562.6,41.2153236459709,2271,2271,41.2153236459709,41.2153236459709
EPI_ISL_8251|Human|H1N1|2003.227|NorthAmerica|seasonal,2003.227,-562.9,41.2153236459709,2271,2271,41.3474240422721,41.1492734478203
EPI_ISL_6846|Human|H1N1|2003|NorthAmerica|seasonal,2003,-562.9,41.2153236459709,2271,2271,41.2153236459709,41.2153236459709
EPI_ISL_8262|Human|H1N1|2003.071|NorthAmerica|seasonal,2003.071,-568.4,41.1712901805372,2271,2271,41.3474240422721,41.0832232496698
EPI_ISL_9027|Human|H1N1|2003.115|NorthAmerica|seasonal,2003.115,-568.7,41.2153236459709,2271,2271,41.3474240422721,41.1492734478203
EPI_ISL_8606|Human|H1N1|2003.216|NorthAmerica|seasonal,2003.216,-566.2,41.1712901805372,2271,2271,41.0832232496698,41.2153236459709
EPI_ISL_8645|Human|H1N1|2003.036|NorthAmerica|seasonal,2003.036,-571,41.1712901805372,2271,2271,41.0832232496698,41.2153236459709
EPI_ISL_8695|Human|H1N1|2003.151|NorthAmerica|seasonal,2003.151,-563.7,41.0832232496698,2271,2271,40.6869220607662,41.2813738441215
EPI_ISL_67226|Human|H1N1|2003|NorthAmerica|seasonal,2003,-564.1,41.1272567151035,2271,2271,40.9511228533686,41.2153236459709
EPI_ISL_6370|Human|H1N1|2005|Oceania|seasonal,2005,-563.4,41.2153236459709,2271,2271,41.2153236459709,41.2153236459709
EPI_ISL_6868|Human|H1N1|2005.603|Oceania|seasonal,2005.603,-570.5,41.1272567151035,2271,2271,41.2153236459709,41.0832232496698
EPI_ISL_5658|Human|H1N1|2005.715|Oceania|seasonal,2005.715,-562.2,41.0832232496698,2271,2271,40.9511228533686,41.1492734478203
EPI_ISL_5657|Human|H1N1|2005.718|Oceania|seasonal,2005.718,-567.4,41.1712901805372,2271,2271,41.2153236459709,41.1492734478203
EPI_ISL_5654|Human|H1N1|2005.699|Oceania|seasonal,2005.699,-561.2,41.0832232496698,2271,2271,40.9511228533686,41.1492734478203
EPI_ISL_5653|Human|H1N1|2005.679|Oceania|seasonal,2005.679,-567.4,41.1712901805372,2271,2271,41.2153236459709,41.1492734478203
EPI_ISL_5709|Human|H1N1|2005.685|Oceania|seasonal,2005.685,-565.5,41.1712901805372,2271,2271,41.2153236459709,41.1492734478203
EPI_ISL_7055|Human|H1N1|2005|Oceania|seasonal,2005,-571.2,41.1712901805372,2271,2271,41.3474240422721,41.0832232496698
EPI_ISL_5655|Human|H1N1|2005.682|Oceania|seasonal,2005.682,-573.3,41.2153236459709,2271,2271,41.3474240422721,41.1492734478203
EPI_ISL_6161|Human|H1N1|2005.759|Oceania|seasonal,2005.759,-564.2,41.1712901805372,2271,2271,41.2153236459709,41.1492734478203
EPI_ISL_6368|Human|H1N1|2005|Oceania|seasonal,2005,-570.5,41.1272567151035,2271,2271,41.2153236459709,41.0832232496698
EPI_ISL_7154|Human|H1N1|2005.496|Oceania|seasonal,2005.496,-563.6,41.1712901805372,2271,2271,41.2153236459709,41.1492734478203
EPI_ISL_6455|Human|H1N1|2006.271|NorthAmerica|seasonal,2006.271,-567.6,41.2153236459709,2271,2271,41.2153236459709,41.2153236459709
EPI_ISL_6369|Human|H1N1|2005|Oceania|seasonal,2005,-563.59,41.1272567151035,2271,2271,41.0832232496698,41.1492734478203
EPI_ISL_7578|Human|H1N1|2007.142|NorthAmerica|seasonal,2007.142,-564.69,41.1272567151035,2271,2271,41.0832232496698,41.1492734478203
EPI_ISL_7788|Human|H1N1|2007.118|NorthAmerica|seasonal,2007.118,-559.1,40.9951563188023,2271,2271,40.8190224570674,41.0832232496698
EPI_ISL_7574|Human|H1N1|2007.137|NorthAmerica|seasonal,2007.137,-563.89,41.0832232496698,2271,2271,40.9511228533686,41.1492734478203
EPI_ISL_7802|Human|H1N1|2007.06|NorthAmerica|seasonal,2007.06,-562.59,41.039189784236,2271,2271,40.9511228533686,41.0832232496698
EPI_ISL_7562|Human|H1N1|2007.06|NorthAmerica|seasonal,2007.06,-563.89,41.0832232496698,2271,2271,40.9511228533686,41.1492734478203
EPI_ISL_7593|Human|H1N1|2007.077|NorthAmerica|seasonal,2007.077,-563.89,41.0832232496698,2271,2271,40.9511228533686,41.1492734478203
EPI_ISL_7761|Human|H1N1|2007.123|NorthAmerica|seasonal,2007.123,-561.29,41.0132158590308,2270,2271,40.7407407407407,41.1492734478203
EPI_ISL_7903|Human|H1N1|2007.134|NorthAmerica|seasonal,2007.134,-563.19,40.9951563188023,2271,2271,40.8190224570674,41.0832232496698
EPI_ISL_7945|Human|H1N1|2007.082|NorthAmerica|seasonal,2007.082,-564.09,41.1712901805372,2271,2271,41.2153236459709,41.1492734478203
EPI_ISL_7771|Human|H1N1|2007.123|NorthAmerica|seasonal,2007.123,-566.09,41.0832232496698,2271,2271,40.9511228533686,41.1492734478203
EPI_ISL_7764|Human|H1N1|2007.099|NorthAmerica|seasonal,2007.099,-565.59,41.039189784236,2271,2271,40.6869220607662,41.2153236459709
EPI_ISL_7648|Human|H1N1|2007.099|NorthAmerica|seasonal,2007.099,-565.59,41.039189784236,2271,2271,40.6869220607662,41.2153236459709
EPI_ISL_8044|Human|H1N1|2007.153|NorthAmerica|seasonal,2007.153,-562.9,41.1712901805372,2271,2271,41.0832232496698,41.2153236459709
EPI_ISL_84454|Human|H1N1|2007.115|Europe|,2007.115,-562.6,41.0832232496698,2271,2271,40.9511228533686,41.1492734478203
EPI_ISL_7804|Human|H1N1|2007.121|NorthAmerica|seasonal,2007.121,-564.6,41.039189784236,2271,2271,40.8190224570674,41.1492734478203
EPI_ISL_7907|Human|H1N1|2007.178|NorthAmerica|seasonal,2007.178,-562.6,41.0832232496698,2271,2271,40.9511228533686,41.1492734478203
EPI_ISL_7891|Human|H1N1|2007.173|NorthAmerica|seasonal,2007.173,-564,41.0832232496698,2271,2271,41.0832232496698,41.0832232496698
EPI_ISL_8005|Human|H1N1|2007.096|NorthAmerica|seasonal,2007.096,-563.5,41.039189784236,2271,2271,40.8190224570674,41.1492734478203
EPI_ISL_7591|Human|H1N1|2007.047|NorthAmerica|seasonal,2007.047,-562.3,41.1272567151035,2271,2271,40.9511228533686,41.2153236459709
EPI_ISL_7889|Human|H1N1|2007.184|NorthAmerica|seasonal,2007.184,-562.6,41.0832232496698,2271,2271,40.9511228533686,41.1492734478203
EPI_ISL_7880|Human|H1N1|2007.099|NorthAmerica|seasonal,2007.099,-562.6,41.0832232496698,2271,2271,40.9511228533686,41.1492734478203
EPI_ISL_7921|Human|H1N1|2007.145|NorthAmerica|seasonal,2007.145,-562.6,41.0832232496698,2271,2271,40.9511228533686,41.1492734478203
EPI_ISL_7958|Human|H1N1|2007.079|NorthAmerica|seasonal,2007.079,-563.5,41.1272567151035,2271,2271,40.9511228533686,41.2153236459709
EPI_ISL_7557|Human|H1N1|2006.989|NorthAmerica|seasonal,2006.989,-563,41.1712901805372,2271,2271,41.0832232496698,41.2153236459709
EPI_ISL_7893|Human|H1N1|2007.077|NorthAmerica|seasonal,2007.077,-565.2,41.039189784236,2271,2271,40.8190224570674,41.1492734478203
EPI_ISL_7766|Human|H1N1|2007.178|NorthAmerica|seasonal,2007.178,-565.2,41.039189784236,2271,2271,40.8190224570674,41.1492734478203
EPI_ISL_7612|Human|H1N1|2007.181|NorthAmerica|seasonal,2007.181,-565.2,41.039189784236,2271,2271,40.8190224570674,41.1492734478203
EPI_ISL_7860|Human|H1N1|2007.096|NorthAmerica|seasonal,2007.096,-565.2,41.039189784236,2271,2271,40.8190224570674,41.1492734478203
EPI_ISL_8006|Human|H1N1|2007.099|NorthAmerica|seasonal,2007.099,-565.2,41.039189784236,2271,2271,40.8190224570674,41.1492734478203
EPI_ISL_7947|Human|H1N1|2007.156|NorthAmerica|seasonal,2007.156,-565.2,41.039189784236,2271,2271,40.8190224570674,41.1492734478203
EPI_ISL_7909|Human|H1N1|2007.153|NorthAmerica|seasonal,2007.153,-564,41.0832232496698,2271,2271,40.8190224570674,41.2153236459709
EPI_ISL_7646|Human|H1N1|2007.178|NorthAmerica|seasonal,2007.178,-566.79,41.0832232496698,2271,2271,40.9511228533686,41.1492734478203
EPI_ISL_7968|Human|H1N1|2007.079|NorthAmerica|seasonal,2007.079,-558.49,41.0832232496698,2271,2271,40.9511228533686,41.1492734478203
EPI_ISL_8084|Human|H1N1|2007.137|NorthAmerica|seasonal,2007.137,-558.29,41.0832232496698,2271,2271,40.9511228533686,41.1492734478203
EPI_ISL_7782|Human|H1N1|2007.107|NorthAmerica|seasonal,2007.107,-557.89,41.1272567151035,2271,2271,41.0832232496698,41.1492734478203
EPI_ISL_7576|Human|H1N1|2007.153|NorthAmerica|seasonal,2007.153,-559.49,41.2153236459709,2271,2271,41.2153236459709,41.2153236459709
EPI_ISL_7565|Human|H1N1|2007.142|NorthAmerica|seasonal,2007.142,-560.69,41.0832232496698,2271,2271,40.9511228533686,41.1492734478203
EPI_ISL_7915|Human|H1N1|2007.118|NorthAmerica|seasonal,2007.118,-559.69,40.9951563188023,2271,2271,40.9511228533686,41.0171730515192
EPI_ISL_7818|Human|H1N1|2007.118|NorthAmerica|seasonal,2007.118,-562.09,40.8630559225011,2271,2271,40.6869220607662,40.9511228533686
EPI_ISL_7897|Human|H1N1|2007.079|NorthAmerica|seasonal,2007.079,-557.2,40.9951563188023,2271,2271,40.9511228533686,41.0171730515192
EPI_ISL_7859|Human|H1N1|2007.077|NorthAmerica|seasonal,2007.077,-558.99,40.9951563188023,2271,2271,40.9511228533686,41.0171730515192
EPI_ISL_7996|Human|H1N1|2007.077|NorthAmerica|seasonal,2007.077,-558.99,40.9951563188023,2271,2271,40.9511228533686,41.0171730515192
EPI_ISL_7965|Human|H1N1|2007.066|NorthAmerica|seasonal,2007.066,-559.99,40.9511228533686,2271,2271,40.8190224570674,41.0171730515192
EPI_ISL_7917|Human|H1N1|2007.077|NorthAmerica|seasonal,2007.077,-558.89,41.039189784236,2271,2271,41.0832232496698,41.0171730515192
EPI_ISL_8039|Human|H1N1|2007.104|NorthAmerica|seasonal,2007.104,-558.99,40.9951563188023,2271,2271,40.9511228533686,41.0171730515192
EPI_ISL_7950|Human|H1N1|2007.082|NorthAmerica|seasonal,2007.082,-558.99,41.039189784236,2271,2271,41.0832232496698,41.0171730515192
EPI_ISL_7912|Human|H1N1|2007.085|NorthAmerica|seasonal,2007.085,-558.99,40.9951563188023,2271,2271,40.9511228533686,41.0171730515192
EPI_ISL_7923|Human|H1N1|2007.079|NorthAmerica|seasonal,2007.079,-558.09,40.9511228533686,2271,2271,40.8190224570674,41.0171730515192
EPI_ISL_7874|Human|H1N1|2007.085|NorthAmerica|seasonal,2007.085,-558.09,40.9511228533686,2271,2271,40.8190224570674,41.0171730515192
EPI_ISL_7603|Human|H1N1|2007.153|NorthAmerica|seasonal,2007.153,-558.99,40.9511228533686,2271,2271,40.8190224570674,41.0171730515192
EPI_ISL_8037|Human|H1N1|2007.145|NorthAmerica|seasonal,2007.145,-560.29,41.1712901805372,2271,2271,41.0832232496698,41.2153236459709
EPI_ISL_7602|Human|H1N1|2007.175|NorthAmerica|seasonal,2007.175,-560.99,41.1712901805372,2271,2271,41.0832232496698,41.2153236459709
EPI_ISL_7765|Human|H1N1|2007.03|NorthAmerica|seasonal,2007.03,-559.59,40.9511228533686,2271,2271,40.8190224570674,41.0171730515192
EPI_ISL_30819|Human|H1N1|2007.153|NorthAmerica|seasonal,2007.153,-553.69,40.8630559225011,2271,2271,40.6869220607662,40.9511228533686
EPI_ISL_7584|Human|H1N1|2007.134|NorthAmerica|seasonal,2007.134,-562.69,41.039189784236,2271,2271,40.8190224570674,41.1492734478203
EPI_ISL_7837|Human|H1N1|2007.162|NorthAmerica|seasonal,2007.162,-563.49,40.9511228533686,2271,2271,40.8190224570674,41.0171730515192
EPI_ISL_7892|Human|H1N1|2007.079|NorthAmerica|seasonal,2007.079,-560.49,40.9951563188023,2271,2271,40.8190224570674,41.0832232496698
EPI_ISL_7980|Human|H1N1|2007.121|NorthAmerica|seasonal,2007.121,-557.89,40.9511228533686,2271,2271,40.8190224570674,41.0171730515192
EPI_ISL_7951|Human|H1N1|2007.178|NorthAmerica|seasonal,2007.178,-558.89,40.8630559225011,2271,2271,40.6869220607662,40.9511228533686
EPI_ISL_7851|Human|H1N1|2007.118|NorthAmerica|seasonal,2007.118,-560.49,40.9951563188023,2271,2271,40.8190224570674,41.0832232496698
EPI_ISL_7845|Human|H1N1|2007.077|NorthAmerica|seasonal,2007.077,-558.19,40.9511228533686,2271,2271,40.6869220607662,41.0832232496698
EPI_ISL_7881|Human|H1N1|2006.962|NorthAmerica|seasonal,2006.962,-560.49,40.9511228533686,2271,2271,40.6869220607662,41.0832232496698
EPI_ISL_7960|Human|H1N1|2007.134|NorthAmerica|seasonal,2007.134,-564.54,40.9951563188023,2271,2271,40.554821664465,41.2153236459709
EPI_ISL_7916|Human|H1N1|2007.115|NorthAmerica|seasonal,2007.115,-564.6,41.0832232496698,2271,2271,40.8190224570674,41.2153236459709
EPI_ISL_7760|Human|H1N1|2007.104|NorthAmerica|seasonal,2007.104,-561.7,41.0832232496698,2271,2271,40.8190224570674,41.2153236459709
EPI_ISL_7814|Human|H1N1|2007.14|NorthAmerica|seasonal,2007.14,-562.9,41.039189784236,2271,2271,40.6869220607662,41.2153236459709
EPI_ISL_7946|Human|H1N1|2007.068|NorthAmerica|seasonal,2007.068,-561.04,40.9951563188023,2271,2271,40.6869220607662,41.1492734478203
EPI_ISL_7908|Human|H1N1|2007.077|NorthAmerica|seasonal,2007.077,-562.9,41.039189784236,2271,2271,40.6869220607662,41.2153236459709
EPI_ISL_7906|Human|H1N1|2007.115|NorthAmerica|seasonal,2007.115,-562.5,40.9951563188023,2271,2271,40.554821664465,41.2153236459709
EPI_ISL_19103|Human|H1N1|2007.079|NorthAmerica|seasonal,2007.079,-561.4,41.039189784236,2271,2271,40.8190224570674,41.1492734478203
EPI_ISL_7944|Human|H1N1|2007.181|NorthAmerica|seasonal,2007.181,-562.8,41.1272567151035,2271,2271,40.8190224570674,41.2813738441215
EPI_ISL_7823|Human|H1N1|2007.041|NorthAmerica|seasonal,2007.041,-560.3,40.9951563188023,2271,2271,40.554821664465,41.2153236459709
EPI_ISL_8031|Human|H1N1|2007.099|NorthAmerica|seasonal,2007.099,-562.6,41.039189784236,2271,2271,40.6869220607662,41.2153236459709
EPI_ISL_7869|Human|H1N1|2007.088|NorthAmerica|seasonal,2007.088,-563.4,40.9951563188023,2271,2271,40.554821664465,41.2153236459709
EPI_ISL_7847|Human|H1N1|2007.079|NorthAmerica|seasonal,2007.079,-562.6,41.039189784236,2271,2271,40.6869220607662,41.2153236459709
EPI_ISL_7846|Human|H1N1|2007.082|NorthAmerica|seasonal,2007.082,-563.4,40.9951563188023,2271,2271,40.554821664465,41.2153236459709
EPI_ISL_7993|Human|H1N1|2007.145|NorthAmerica|seasonal,2007.145,-563.4,40.9951563188023,2271,2271,40.554821664465,41.2153236459709
EPI_ISL_8008|Human|H1N1|2007.118|NorthAmerica|seasonal,2007.118,-563.4,40.9951563188023,2271,2271,40.554821664465,41.2153236459709
EPI_ISL_8001|Human|H1N1|2007.066|NorthAmerica|seasonal,2007.066,-562.8,41.039189784236,2271,2271,40.554821664465,41.2813738441215
EPI_ISL_7977|Human|H1N1|2007.118|NorthAmerica|seasonal,2007.118,-563.2,41.0832232496698,2271,2271,40.8190224570674,41.2153236459709
EPI_ISL_19102|Human|H1N1|2007.077|NorthAmerica|seasonal,2007.077,-560.44,40.9951563188023,2271,2271,40.6869220607662,41.1492734478203
EPI_ISL_8023|Human|H1N1|2007.041|NorthAmerica|seasonal,2007.041,-562.6,41.0832232496698,2271,2271,40.6869220607662,41.2813738441215
EPI_ISL_7964|Human|H1N1|2007.041|NorthAmerica|seasonal,2007.041,-562.6,41.0832232496698,2271,2271,40.6869220607662,41.2813738441215
EPI_ISL_7986|Human|H1N1|2007.153|NorthAmerica|seasonal,2007.153,-562.7,40.9951563188023,2271,2271,40.6869220607662,41.1492734478203
EPI_ISL_7613|Human|H1N1|2007.115|NorthAmerica|seasonal,2007.115,-566.24,41.0832232496698,2271,2271,40.8190224570674,41.2153236459709
EPI_ISL_7594|Human|H1N1|2007.159|NorthAmerica|seasonal,2007.159,-563.24,41.039189784236,2271,2271,40.554821664465,41.2813738441215
EPI_ISL_7649|Human|H1N1|2007.085|NorthAmerica|seasonal,2007.085,-564.14,41.0832232496698,2271,2271,40.8190224570674,41.2153236459709
EPI_ISL_7767|Human|H1N1|2007.173|NorthAmerica|seasonal,2007.173,-564.9,41.039189784236,2271,2271,40.554821664465,41.2813738441215
EPI_ISL_7961|Human|H1N1|2007.107|NorthAmerica|seasonal,2007.107,-563.2,41.0832232496698,2271,2271,40.8190224570674,41.2153236459709
EPI_ISL_8030|Human|H1N1|2007.077|NorthAmerica|seasonal,2007.077,-563.2,41.0832232496698,2271,2271,40.8190224570674,41.2153236459709
EPI_ISL_7570|Human|H1N1|2007.14|NorthAmerica|seasonal,2007.14,-559.94,40.8630559225011,2271,2271,40.2906208718626,41.1492734478203
EPI_ISL_7600|Human|H1N1|2007.115|NorthAmerica|seasonal,2007.115,-563.24,40.9951563188023,2271,2271,40.554821664465,41.2153236459709
EPI_ISL_7559|Human|H1N1|2007.011|NorthAmerica|seasonal,2007.011,-562.84,40.9951563188023,2271,2271,40.554821664465,41.2153236459709
EPI_ISL_7560|Human|H1N1|2007.008|NorthAmerica|seasonal,2007.008,-565.9,40.9070893879348,2271,2271,40.2906208718626,41.2153236459709
EPI_ISL_7630|Human|H1N1|2007.058|NorthAmerica|seasonal,2007.058,-562.6,41.039189784236,2271,2271,40.6869220607662,41.2153236459709
EPI_ISL_7862|Human|H1N1|2007.134|NorthAmerica|seasonal,2007.134,-564.34,41.039189784236,2271,2271,40.8190224570674,41.1492734478203
EPI_ISL_7941|Human|H1N1|2007.195|NorthAmerica|seasonal,2007.195,-564.34,41.039189784236,2271,2271,40.8190224570674,41.1492734478203
EPI_ISL_8035|Human|H1N1|2007.134|NorthAmerica|seasonal,2007.134,-564.34,41.039189784236,2271,2271,40.8190224570674,41.1492734478203
EPI_ISL_7779|Human|H1N1|2007.175|NorthAmerica|seasonal,2007.175,-566.84,40.9951563188023,2271,2271,40.554821664465,41.2153236459709
EPI_ISL_7580|Human|H1N1|2007.101|NorthAmerica|seasonal,2007.101,-563.44,40.9951563188023,2271,2271,40.554821664465,41.2153236459709
EPI_ISL_7898|Human|H1N1|2007.14|NorthAmerica|seasonal,2007.14,-565.64,41.039189784236,2271,2271,40.6869220607662,41.2153236459709
EPI_ISL_7601|Human|H1N1|2007.088|NorthAmerica|seasonal,2007.088,-563.44,41.039189784236,2271,2271,40.6869220607662,41.2153236459709
EPI_ISL_7972|Human|H1N1|2006.989|NorthAmerica|seasonal,2006.989,-563.44,41.039189784236,2271,2271,40.6869220607662,41.2153236459709
EPI_ISL_8079|Human|H1N1|2007.159|NorthAmerica|seasonal,2007.159,-564.9,41.2153236459709,2271,2271,40.9511228533686,41.3474240422721
EPI_ISL_7777|Human|H1N1|2007.137|NorthAmerica|seasonal,2007.137,-563.2,41.1272567151035,2271,2271,40.8190224570674,41.2813738441215
EPI_ISL_28863|Human|H1N1|2007.153|NorthAmerica|seasonal,2007.153,-563.44,41.039189784236,2271,2271,40.6869220607662,41.2153236459709
EPI_ISL_7607|Human|H1N1|2007.068|NorthAmerica|seasonal,2007.068,-563.44,41.039189784236,2271,2271,40.6869220607662,41.2153236459709
EPI_ISL_7606|Human|H1N1|2007.085|NorthAmerica|seasonal,2007.085,-563.44,41.039189784236,2271,2271,40.6869220607662,41.2153236459709
EPI_ISL_7598|Human|H1N1|2007.082|NorthAmerica|seasonal,2007.082,-563.44,41.039189784236,2271,2271,40.6869220607662,41.2153236459709
EPI_ISL_7632|Human|H1N1|2007.079|NorthAmerica|seasonal,2007.079,-562.74,41.0832232496698,2271,2271,40.8190224570674,41.2153236459709
EPI_ISL_7571|Human|H1N1|2007.115|NorthAmerica|seasonal,2007.115,-564.34,41.1272567151035,2271,2271,40.8190224570674,41.2813738441215
EPI_ISL_7870|Human|H1N1|2007.088|NorthAmerica|seasonal,2007.088,-563.44,41.039189784236,2271,2271,40.6869220607662,41.2153236459709
EPI_ISL_7840|Human|H1N1|2007.126|NorthAmerica|seasonal,2007.126,-561.54,41.1272567151035,2271,2271,40.9511228533686,41.2153236459709
EPI_ISL_7835|Human|H1N1|2007.118|NorthAmerica|seasonal,2007.118,-564.34,41.1272567151035,2271,2271,40.8190224570674,41.2813738441215
EPI_ISL_7801|Human|H1N1|2007.068|NorthAmerica|seasonal,2007.068,-563.44,41.039189784236,2271,2271,40.6869220607662,41.2153236459709
EPI_ISL_7914|Human|H1N1|2007.175|NorthAmerica|seasonal,2007.175,-562.04,41.039189784236,2271,2271,40.6869220607662,41.2153236459709
EPI_ISL_7905|Human|H1N1|2007.137|NorthAmerica|seasonal,2007.137,-560.74,40.9511228533686,2271,2271,40.6869220607662,41.0832232496698
EPI_ISL_28891|Human|H1N1|2007.14|NorthAmerica|seasonal,2007.14,-563.44,40.9951563188023,2271,2271,40.554821664465,41.2153236459709
EPI_ISL_7808|Human|H1N1|2007.145|NorthAmerica|seasonal,2007.145,-563.64,40.9951563188023,2271,2271,40.6869220607662,41.1492734478203
EPI_ISL_7852|Human|H1N1|2007.14|NorthAmerica|seasonal,2007.14,-571.84,41.1272567151035,2271,2271,40.9511228533686,41.2153236459709
EPI_ISL_7626|Human|H1N1|2007.14|NorthAmerica|seasonal,2007.14,-561.3,41.1272567151035,2271,2271,40.9511228533686,41.2153236459709
EPI_ISL_7596|Human|H1N1|2007.137|NorthAmerica|seasonal,2007.137,-561.3,41.1272567151035,2271,2271,40.9511228533686,41.2153236459709
EPI_ISL_7828|Human|H1N1|2007.153|NorthAmerica|seasonal,2007.153,-561.3,41.1272567151035,2271,2271,40.9511228533686,41.2153236459709
EPI_ISL_7778|Human|H1N1|2007.137|NorthAmerica|seasonal,2007.137,-561.3,41.1272567151035,2271,2271,40.9511228533686,41.2153236459709
EPI_ISL_28864|Human|H1N1|2007.118|NorthAmerica|seasonal,2007.118,-561.3,41.1272567151035,2271,2271,40.9511228533686,41.2153236459709
EPI_ISL_7615|Human|H1N1|2007.137|NorthAmerica|seasonal,2007.137,-560.44,41.039189784236,2271,2271,40.554821664465,41.2813738441215
EPI_ISL_30818|Human|H1N1|2007.126|NorthAmerica|seasonal,2007.126,-561.04,40.9951563188023,2271,2271,40.554821664465,41.2153236459709
EPI_ISL_8013|Human|H1N1|2007.058|NorthAmerica|seasonal,2007.058,-564.4,41.0832232496698,2271,2271,40.8190224570674,41.2153236459709
EPI_ISL_7886|Human|H1N1|2007.162|NorthAmerica|seasonal,2007.162,-566.34,40.9951563188023,2271,2271,40.6869220607662,41.1492734478203
EPI_ISL_7995|Human|H1N1|2007.115|NorthAmerica|seasonal,2007.115,-564.44,41.039189784236,2271,2271,40.6869220607662,41.2153236459709
EPI_ISL_7833|Human|H1N1|2007.126|NorthAmerica|seasonal,2007.126,-561.1,41.1272567151035,2271,2271,40.8190224570674,41.2813738441215
EPI_ISL_7854|Human|H1N1|2007.118|NorthAmerica|seasonal,2007.118,-562.8,41.0832232496698,2271,2271,40.8190224570674,41.2153236459709
EPI_ISL_16409|Human|H1N1|2007.107|NorthAmerica|seasonal,2007.107,-562.8,41.0832232496698,2271,2271,40.8190224570674,41.2153236459709
EPI_ISL_7987|Human|H1N1|2007.077|NorthAmerica|seasonal,2007.077,-562.8,41.0832232496698,2271,2271,40.8190224570674,41.2153236459709
EPI_ISL_8007|Human|H1N1|2007.137|NorthAmerica|seasonal,2007.137,-563.14,41.0832232496698,2271,2271,40.8190224570674,41.2153236459709
EPI_ISL_7984|Human|H1N1|2007.118|NorthAmerica|seasonal,2007.118,-563.14,41.0832232496698,2271,2271,40.8190224570674,41.2153236459709
EPI_ISL_7970|Human|H1N1|2007.137|NorthAmerica|seasonal,2007.137,-563.14,41.0832232496698,2271,2271,40.8190224570674,41.2153236459709
EPI_ISL_7943|Human|H1N1|2007.121|NorthAmerica|seasonal,2007.121,-563.14,41.0832232496698,2271,2271,40.8190224570674,41.2153236459709
EPI_ISL_7787|Human|H1N1|2007.195|NorthAmerica|seasonal,2007.195,-563.04,41.039189784236,2271,2271,40.6869220607662,41.2153236459709
EPI_ISL_7896|Human|H1N1|2007.115|NorthAmerica|seasonal,2007.115,-561.34,40.9951563188023,2271,2271,40.554821664465,41.2153236459709
EPI_ISL_8002|Human|H1N1|2007.173|NorthAmerica|seasonal,2007.173,-561.74,41.039189784236,2271,2271,40.6869220607662,41.2153236459709
EPI_ISL_7785|Human|H1N1|2007.06|NorthAmerica|seasonal,2007.06,-562.04,41.039189784236,2271,2271,40.554821664465,41.2813738441215
EPI_ISL_7579|Human|H1N1|2007.101|NorthAmerica|seasonal,2007.101,-556.54,40.9951563188023,2271,2271,40.554821664465,41.2153236459709
EPI_ISL_7817|Human|H1N1|2007.123|NorthAmerica|seasonal,2007.123,-553.94,40.9511228533686,2271,2271,40.554821664465,41.1492734478203
EPI_ISL_7783|Human|H1N1|2007.099|NorthAmerica|seasonal,2007.099,-556.54,40.9951563188023,2271,2271,40.554821664465,41.2153236459709
EPI_ISL_7781|Human|H1N1|2007.118|NorthAmerica|seasonal,2007.118,-556.34,41.039189784236,2271,2271,40.6869220607662,41.2153236459709
EPI_ISL_7566|Human|H1N1|2007.14|NorthAmerica|seasonal,2007.14,-556.54,40.9951563188023,2271,2271,40.554821664465,41.2153236459709
EPI_ISL_7932|Human|H1N1|2007.101|NorthAmerica|seasonal,2007.101,-556.54,40.9951563188023,2271,2271,40.554821664465,41.2153236459709
EPI_ISL_7599|Human|H1N1|2007.156|NorthAmerica|seasonal,2007.156,-556.54,40.9951563188023,2271,2271,40.554821664465,41.2153236459709
EPI_ISL_7885|Human|H1N1|2007.099|NorthAmerica|seasonal,2007.099,-556.54,41.039189784236,2271,2271,40.6869220607662,41.2153236459709
EPI_ISL_7842|Human|H1N1|2007.085|NorthAmerica|seasonal,2007.085,-557.44,40.9070893879348,2271,2271,40.4227212681638,41.1492734478203
EPI_ISL_7763|Human|H1N1|2007.096|NorthAmerica|seasonal,2007.096,-561.84,40.9951563188023,2271,2271,40.554821664465,41.2153236459709
EPI_ISL_7568|Human|H1N1|2007.068|NorthAmerica|seasonal,2007.068,-559.44,41.039189784236,2271,2271,40.6869220607662,41.2153236459709
EPI_ISL_28890|Human|H1N1|2007.164|NorthAmerica|seasonal,2007.164,-559.94,41.0832232496698,2271,2271,40.8190224570674,41.2153236459709
EPI_ISL_7963|Human|H1N1|2007.041|NorthAmerica|seasonal,2007.041,-560.34,41.0832232496698,2271,2271,40.8190224570674,41.2153236459709
EPI_ISL_7871|Human|H1N1|2007.153|NorthAmerica|seasonal,2007.153,-564.24,41.0832232496698,2271,2271,40.8190224570674,41.2153236459709
EPI_ISL_7587|Human|H1N1|2007.079|NorthAmerica|seasonal,2007.079,-559.44,41.039189784236,2271,2271,40.6869220607662,41.2153236459709
EPI_ISL_19107|Human|H1N1|2007.192|NorthAmerica|seasonal,2007.192,-561.04,41.039189784236,2271,2271,40.6869220607662,41.2153236459709
EPI_ISL_7890|Human|H1N1|2007.03|NorthAmerica|seasonal,2007.03,-565.24,41.1272567151035,2271,2271,40.9511228533686,41.2153236459709
EPI_ISL_7644|Human|H1N1|2007.041|NorthAmerica|seasonal,2007.041,-559.64,40.9951563188023,2271,2271,40.554821664465,41.2153236459709
EPI_ISL_7616|Human|H1N1|2007.047|NorthAmerica|seasonal,2007.047,-562.34,41.039189784236,2271,2271,40.6869220607662,41.2153236459709
EPI_ISL_7830|Human|H1N1|2007.058|NorthAmerica|seasonal,2007.058,-559.84,40.9511228533686,2271,2271,40.554821664465,41.1492734478203
EPI_ISL_7597|Human|H1N1|2007.178|NorthAmerica|seasonal,2007.178,-559.84,40.9511228533686,2271,2271,40.554821664465,41.1492734478203
EPI_ISL_7877|Human|H1N1|2007.088|NorthAmerica|seasonal,2007.088,-559.44,41.0832232496698,2271,2271,40.6869220607662,41.2813738441215
EPI_ISL_7884|Human|H1N1|2007.066|NorthAmerica|seasonal,2007.066,-558.84,40.9511228533686,2271,2271,40.554821664465,41.1492734478203
EPI_ISL_7844|Human|H1N1|2007.134|NorthAmerica|seasonal,2007.134,-559.44,41.039189784236,2271,2271,40.6869220607662,41.2153236459709
EPI_ISL_15340|Human|H1N1|2007.115|NorthAmerica|seasonal,2007.115,-559.44,41.0832232496698,2271,2271,40.6869220607662,41.2813738441215
EPI_ISL_7810|Human|H1N1|2007.079|NorthAmerica|seasonal,2007.079,-559.04,40.9951563188023,2271,2271,40.4227212681638,41.2813738441215
EPI_ISL_7654|Human|H1N1|2007.077|NorthAmerica|seasonal,2007.077,-560.84,40.9951563188023,2271,2271,40.4227212681638,41.2813738441215
EPI_ISL_7918|Human|H1N1|2007.079|NorthAmerica|seasonal,2007.079,-559.44,41.039189784236,2271,2271,40.6869220607662,41.2153236459709
EPI_ISL_7650|Human|H1N1|2007.126|NorthAmerica|seasonal,2007.126,-559.44,41.039189784236,2271,2271,40.6869220607662,41.2153236459709
EPI_ISL_7655|Human|H1N1|2007.079|NorthAmerica|seasonal,2007.079,-559.44,41.039189784236,2271,2271,40.6869220607662,41.2153236459709
EPI_ISL_7863|Human|H1N1|2007.159|NorthAmerica|seasonal,2007.159,-559.24,41.1272567151035,2271,2271,40.8190224570674,41.2813738441215
EPI_ISL_8003|Human|H1N1|2007.134|NorthAmerica|seasonal,2007.134,-559.44,41.0832232496698,2271,2271,40.6869220607662,41.2813738441215
EPI_ISL_7981|Human|H1N1|2007.195|NorthAmerica|seasonal,2007.195,-561.44,40.9070893879348,2271,2271,40.4227212681638,41.1492734478203
EPI_ISL_7913|Human|H1N1|2007.096|NorthAmerica|seasonal,2007.096,-559.44,41.039189784236,2271,2271,40.6869220607662,41.2153236459709
EPI_ISL_7895|Human|H1N1|2007.173|NorthAmerica|seasonal,2007.173,-561.44,40.9511228533686,2271,2271,40.4227212681638,41.2153236459709
EPI_ISL_7643|Human|H1N1|2007.063|NorthAmerica|seasonal,2007.063,-559.44,41.039189784236,2271,2271,40.6869220607662,41.2153236459709
EPI_ISL_7627|Human|H1N1|2007.038|NorthAmerica|seasonal,2007.038,-559.54,40.9951563188023,2271,2271,40.554821664465,41.2153236459709
EPI_ISL_7608|Human|H1N1|2007.096|NorthAmerica|seasonal,2007.096,-561.24,41.1272567151035,2271,2271,40.8190224570674,41.2813738441215
EPI_ISL_7586|Human|H1N1|2007.06|NorthAmerica|seasonal,2007.06,-559.34,41.0832232496698,2271,2271,40.8190224570674,41.2153236459709
EPI_ISL_7558|Human|H1N1|2006.962|NorthAmerica|seasonal,2006.962,-559.44,41.039189784236,2271,2271,40.6869220607662,41.2153236459709
EPI_ISL_7857|Human|H1N1|2007.077|NorthAmerica|seasonal,2007.077,-559.44,41.039189784236,2271,2271,40.6869220607662,41.2153236459709
EPI_ISL_7856|Human|H1N1|2007.173|NorthAmerica|seasonal,2007.173,-561.14,41.039189784236,2271,2271,40.6869220607662,41.2153236459709
EPI_ISL_7839|Human|H1N1|2007.063|NorthAmerica|seasonal,2007.063,-559.44,41.039189784236,2271,2271,40.6869220607662,41.2153236459709
EPI_ISL_7838|Human|H1N1|2007.06|NorthAmerica|seasonal,2007.06,-559.44,41.039189784236,2271,2271,40.6869220607662,41.2153236459709
EPI_ISL_7819|Human|H1N1|2007.03|NorthAmerica|seasonal,2007.03,-560.04,40.9951563188023,2271,2271,40.6869220607662,41.1492734478203
EPI_ISL_8012|Human|H1N1|2006.929|NorthAmerica|seasonal,2006.929,-556.64,40.9951563188023,2271,2271,40.554821664465,41.2153236459709
EPI_ISL_7911|Human|H1N1|2007.107|NorthAmerica|seasonal,2007.107,-561.04,41.039189784236,2271,2271,40.6869220607662,41.2153236459709
EPI_ISL_7904|Human|H1N1|2007.104|NorthAmerica|seasonal,2007.104,-559.44,41.039189784236,2271,2271,40.6869220607662,41.2153236459709
EPI_ISL_16411|Human|H1N1|2007.099|NorthAmerica|seasonal,2007.099,-559.44,40.9951563188023,2271,2271,40.6869220607662,41.1492734478203
EPI_ISL_15828|Human|H1N1|2007.063|NorthAmerica|seasonal,2007.063,-559.44,41.039189784236,2271,2271,40.6869220607662,41.2153236459709
EPI_ISL_7942|Human|H1N1|2007.142|NorthAmerica|seasonal,2007.142,-556.74,40.9951563188023,2271,2271,40.554821664465,41.2153236459709
EPI_ISL_7957|Human|H1N1|2007.079|NorthAmerica|seasonal,2007.079,-558.64,40.9070893879348,2271,2271,40.4227212681638,41.1492734478203
EPI_ISL_8000|Human|H1N1|2007.142|NorthAmerica|seasonal,2007.142,-555.94,40.9070893879348,2271,2271,40.2906208718626,41.2153236459709
EPI_ISL_7975|Human|H1N1|2007.162|NorthAmerica|seasonal,2007.162,-564.84,40.9951563188023,2271,2271,40.8190224570674,41.0832232496698
EPI_ISL_7829|Human|H1N1|2007.082|NorthAmerica|seasonal,2007.082,-557.74,40.9070893879348,2271,2271,40.554821664465,41.0832232496698
EPI_ISL_7569|Human|H1N1|2007.115|NorthAmerica|seasonal,2007.115,-556.34,40.9070893879348,2271,2271,40.554821664465,41.0832232496698
EPI_ISL_7827|Human|H1N1|2007.192|NorthAmerica|seasonal,2007.192,-558.54,40.9951563188023,2271,2271,40.6869220607662,41.1492734478203
EPI_ISL_7924|Human|H1N1|2007.162|NorthAmerica|seasonal,2007.162,-553.74,40.9070893879348,2271,2271,40.4227212681638,41.1492734478203
EPI_ISL_7629|Human|H1N1|2007.058|NorthAmerica|seasonal,2007.058,-556.84,40.9511228533686,2271,2271,40.6869220607662,41.0832232496698
EPI_ISL_7653|Human|H1N1|2007.077|NorthAmerica|seasonal,2007.077,-554.8,40.9070893879348,2271,2271,40.4227212681638,41.1492734478203
EPI_ISL_7577|Human|H1N1|2007.159|NorthAmerica|seasonal,2007.159,-561.04,40.9511228533686,2271,2271,40.4227212681638,41.2153236459709
EPI_ISL_7855|Human|H1N1|2007.096|NorthAmerica|seasonal,2007.096,-556.94,40.9511228533686,2271,2271,40.554821664465,41.1492734478203
EPI_ISL_7979|Human|H1N1|2007.118|NorthAmerica|seasonal,2007.118,-556.94,40.9511228533686,2271,2271,40.554821664465,41.1492734478203
EPI_ISL_7966|Human|H1N1|2007.066|NorthAmerica|seasonal,2007.066,-557.54,40.9511228533686,2271,2271,40.554821664465,41.1492734478203
EPI_ISL_7922|Human|H1N1|2007.115|NorthAmerica|seasonal,2007.115,-557.04,40.9070893879348,2271,2271,40.554821664465,41.0832232496698
EPI_ISL_7991|Human|H1N1|2007.175|NorthAmerica|seasonal,2007.175,-557.44,40.9511228533686,2271,2271,40.554821664465,41.1492734478203
EPI_ISL_8083|Human|H1N1|2007.121|NorthAmerica|seasonal,2007.121,-556.64,40.9511228533686,2271,2271,40.554821664465,41.1492734478203
EPI_ISL_7640|Human|H1N1|2007.178|NorthAmerica|seasonal,2007.178,-556.34,40.9070893879348,2271,2271,40.554821664465,41.0832232496698
EPI_ISL_7894|Human|H1N1|2007.121|NorthAmerica|seasonal,2007.121,-558.54,40.9951563188023,2271,2271,40.6869220607662,41.1492734478203
EPI_ISL_28867|Human|H1N1|2007.06|NorthAmerica|seasonal,2007.06,-556.94,40.9511228533686,2271,2271,40.554821664465,41.1492734478203
EPI_ISL_8038|Human|H1N1|2007.134|NorthAmerica|seasonal,2007.134,-562.24,41.039189784236,2271,2271,40.8190224570674,41.1492734478203
EPI_ISL_7652|Human|H1N1|2007.115|NorthAmerica|seasonal,2007.115,-562.24,41.039189784236,2271,2271,40.8190224570674,41.1492734478203
EPI_ISL_7866|Human|H1N1|2007.115|NorthAmerica|seasonal,2007.115,-562.24,41.039189784236,2271,2271,40.8190224570674,41.1492734478203
EPI_ISL_7983|Human|H1N1|2007.115|NorthAmerica|seasonal,2007.115,-561.04,40.9951563188023,2271,2271,40.554821664465,41.2153236459709
EPI_ISL_7575|Human|H1N1|2007.027|NorthAmerica|seasonal,2007.027,-559.74,40.9070893879348,2271,2271,40.4227212681638,41.1492734478203
EPI_ISL_7822|Human|H1N1|2007.137|NorthAmerica|seasonal,2007.137,-561.04,40.9951563188023,2271,2271,40.554821664465,41.2153236459709
EPI_ISL_7974|Human|H1N1|2007.156|NorthAmerica|seasonal,2007.156,-559.84,40.9511228533686,2271,2271,40.4227212681638,41.2153236459709
EPI_ISL_8028|Human|H1N1|2007.115|NorthAmerica|seasonal,2007.115,-558.84,41.039189784236,2271,2271,40.8190224570674,41.1492734478203
EPI_ISL_7563|Human|H1N1|2007.173|NorthAmerica|seasonal,2007.173,-562.64,41.0832232496698,2271,2271,40.8190224570674,41.2153236459709
EPI_ISL_8045|Human|H1N1|2007.181|NorthAmerica|seasonal,2007.181,-564.84,40.9951563188023,2271,2271,40.6869220607662,41.1492734478203
EPI_ISL_7651|Human|H1N1|2007.082|NorthAmerica|seasonal,2007.082,-562.9,41.039189784236,2271,2271,40.6869220607662,41.2153236459709
EPI_ISL_7647|Human|H1N1|2007.118|NorthAmerica|seasonal,2007.118,-563.54,40.9511228533686,2271,2271,40.554821664465,41.1492734478203
EPI_ISL_7583|Human|H1N1|2007.063|NorthAmerica|seasonal,2007.063,-564.2,41.039189784236,2271,2271,40.8190224570674,41.1492734478203
EPI_ISL_7867|Human|H1N1|2007.079|NorthAmerica|seasonal,2007.079,-563.2,40.9511228533686,2271,2271,40.4227212681638,41.2153236459709
EPI_ISL_7864|Human|H1N1|2007.126|NorthAmerica|seasonal,2007.126,-562.9,40.9951563188023,2271,2271,40.554821664465,41.2153236459709
EPI_ISL_7861|Human|H1N1|2007.126|NorthAmerica|seasonal,2007.126,-562.9,40.9511228533686,2271,2271,40.554821664465,41.1492734478203
EPI_ISL_7824|Human|H1N1|2007.014|NorthAmerica|seasonal,2007.014,-562.1,40.9951563188023,2271,2271,40.554821664465,41.2153236459709
EPI_ISL_7786|Human|H1N1|2007.156|NorthAmerica|seasonal,2007.156,-562.9,41.039189784236,2271,2271,40.6869220607662,41.2153236459709
EPI_ISL_8004|Human|H1N1|2007.173|NorthAmerica|seasonal,2007.173,-564.9,41.039189784236,2271,2271,40.6869220607662,41.2153236459709
EPI_ISL_7990|Human|H1N1|2007.096|NorthAmerica|seasonal,2007.096,-562.9,41.039189784236,2271,2271,40.6869220607662,41.2153236459709
EPI_ISL_7989|Human|H1N1|2007.068|NorthAmerica|seasonal,2007.068,-562.9,41.039189784236,2271,2271,40.6869220607662,41.2153236459709
EPI_ISL_7976|Human|H1N1|2007.162|NorthAmerica|seasonal,2007.162,-570.04,41.0832232496698,2271,2271,40.8190224570674,41.2153236459709
EPI_ISL_7920|Human|H1N1|2007.099|NorthAmerica|seasonal,2007.099,-562.9,40.9951563188023,2271,2271,40.554821664465,41.2153236459709
EPI_ISL_8081|Human|H1N1|2007.14|NorthAmerica|seasonal,2007.14,-561,41.039189784236,2271,2271,40.6869220607662,41.2153236459709
EPI_ISL_8043|Human|H1N1|2007.066|NorthAmerica|seasonal,2007.066,-562.84,40.9951563188023,2271,2271,40.554821664465,41.2153236459709
EPI_ISL_15341|Human|H1N1|2007.079|NorthAmerica|seasonal,2007.079,-564.2,40.9951563188023,2271,2271,40.554821664465,41.2153236459709
EPI_ISL_7985|Human|H1N1|2007.115|NorthAmerica|seasonal,2007.115,-561.64,40.9951563188023,2271,2271,40.554821664465,41.2153236459709
EPI_ISL_7955|Human|H1N1|2007.063|NorthAmerica|seasonal,2007.063,-562.9,41.039189784236,2271,2271,40.6869220607662,41.2153236459709
EPI_ISL_7614|Human|H1N1|2007.099|NorthAmerica|seasonal,2007.099,-562.9,41.0832232496698,2271,2271,40.8190224570674,41.2153236459709
EPI_ISL_7595|Human|H1N1|2007.099|NorthAmerica|seasonal,2007.099,-562.9,41.039189784236,2271,2271,40.6869220607662,41.2153236459709
EPI_ISL_7812|Human|H1N1|2007.123|NorthAmerica|seasonal,2007.123,-562.9,41.039189784236,2271,2271,40.6869220607662,41.2153236459709
EPI_ISL_7940|Human|H1N1|2007.104|NorthAmerica|seasonal,2007.104,-562.9,41.0832232496698,2271,2271,40.8190224570674,41.2153236459709
EPI_ISL_27616|Human|H1N1|2007.096|NorthAmerica|seasonal,2007.096,-562.9,41.0832232496698,2271,2271,40.8190224570674,41.2153236459709
EPI_ISL_8032|Human|H1N1|2007.096|NorthAmerica|seasonal,2007.096,-562.9,41.039189784236,2271,2271,40.6869220607662,41.2153236459709
EPI_ISL_22609|Human|H1N1|2007.2|NorthAmerica|seasonal,2007.2,-563.2,40.9951563188023,2271,2271,40.554821664465,41.2153236459709
EPI_ISL_7610|Human|H1N1|2007.068|NorthAmerica|seasonal,2007.068,-557.84,41.039189784236,2271,2271,40.6869220607662,41.2153236459709
EPI_ISL_7567|Human|H1N1|2007.058|NorthAmerica|seasonal,2007.058,-557.84,41.039189784236,2271,2271,40.6869220607662,41.2153236459709
EPI_ISL_7832|Human|H1N1|2007.181|NorthAmerica|seasonal,2007.181,-557.84,41.039189784236,2271,2271,40.6869220607662,41.2153236459709
EPI_ISL_7875|Human|H1N1|2007.058|NorthAmerica|seasonal,2007.058,-557.84,41.039189784236,2271,2271,40.6869220607662,41.2153236459709
EPI_ISL_7806|Human|H1N1|2007.195|NorthAmerica|seasonal,2007.195,-557.84,41.039189784236,2271,2271,40.6869220607662,41.2153236459709
EPI_ISL_7939|Human|H1N1|2007.156|NorthAmerica|seasonal,2007.156,-557.84,41.039189784236,2271,2271,40.6869220607662,41.2153236459709
EPI_ISL_28865|Human|H1N1|2007.126|NorthAmerica|seasonal,2007.126,-557.84,41.039189784236,2271,2271,40.6869220607662,41.2153236459709
EPI_ISL_7759|Human|H1N1|2007.192|NorthAmerica|seasonal,2007.192,-554.44,40.9951563188023,2271,2271,40.554821664465,41.2153236459709
EPI_ISL_7624|Human|H1N1|2007.164|NorthAmerica|seasonal,2007.164,-554.44,40.9951563188023,2271,2271,40.554821664465,41.2153236459709
EPI_ISL_7588|Human|H1N1|2007.192|NorthAmerica|seasonal,2007.192,-554.44,40.9951563188023,2271,2271,40.554821664465,41.2153236459709
EPI_ISL_7815|Human|H1N1|2007.173|NorthAmerica|seasonal,2007.173,-554.44,40.9951563188023,2271,2271,40.554821664465,41.2153236459709
EPI_ISL_7809|Human|H1N1|2007.192|NorthAmerica|seasonal,2007.192,-554.44,40.9951563188023,2271,2271,40.554821664465,41.2153236459709
EPI_ISL_28866|Human|H1N1|2007.164|NorthAmerica|seasonal,2007.164,-552.24,40.9511228533686,2271,2271,40.4227212681638,41.2153236459709
EPI_ISL_7631|Human|H1N1|2007.189|NorthAmerica|seasonal,2007.189,-554.44,40.9951563188023,2271,2271,40.554821664465,41.2153236459709
EPI_ISL_7937|Human|H1N1|2007.156|NorthAmerica|seasonal,2007.156,-564.14,40.9951563188023,2271,2271,40.4227212681638,41.2813738441215
EPI_ISL_7969|Human|H1N1|2007.079|NorthAmerica|seasonal,2007.079,-565.34,41.0832232496698,2271,2271,40.6869220607662,41.2813738441215
EPI_ISL_25707|Human|H1N1|2006.274|Europe|seasonal,2006.274,-561.4,40.9511228533686,2271,2271,40.554821664465,41.1492734478203
EPI_ISL_7868|Human|H1N1|2007.085|NorthAmerica|seasonal,2007.085,-563.7,40.9951563188023,2271,2271,40.6869220607662,41.1492734478203
EPI_ISL_7959|Human|H1N1|2007.058|NorthAmerica|seasonal,2007.058,-561.99,40.9070893879348,2271,2271,40.6869220607662,41.0171730515192
EPI_ISL_7919|Human|H1N1|2007.153|NorthAmerica|seasonal,2007.153,-559.3,40.8190224570674,2271,2271,40.4227212681638,41.0171730515192
EPI_ISL_7873|Human|H1N1|2007.107|NorthAmerica|seasonal,2007.107,-559.4,40.7309555261999,2271,2271,40.2906208718626,40.9511228533686
EPI_ISL_8014|Human|H1N1|2007.101|NorthAmerica|seasonal,2007.101,-560.1,40.7749889916336,2271,2271,40.4227212681638,40.9511228533686
EPI_ISL_7949|Human|H1N1|2007.096|NorthAmerica|seasonal,2007.096,-559.4,40.7309555261999,2271,2271,40.2906208718626,40.9511228533686
EPI_ISL_7978|Human|H1N1|2007.096|NorthAmerica|seasonal,2007.096,-559.4,40.7309555261999,2271,2271,40.2906208718626,40.9511228533686
EPI_ISL_7982|Human|H1N1|2007.096|NorthAmerica|seasonal,2007.096,-559.4,40.7309555261999,2271,2271,40.2906208718626,40.9511228533686
EPI_ISL_7850|Human|H1N1|2007.104|NorthAmerica|seasonal,2007.104,-559.99,40.7309555261999,2271,2271,40.2906208718626,40.9511228533686
EPI_ISL_8029|Human|H1N1|2007.101|NorthAmerica|seasonal,2007.101,-554.8,40.7749889916336,2271,2271,40.554821664465,40.885072655218
EPI_ISL_7556|Human|H1N1|2006.967|NorthAmerica|seasonal,2006.967,-559.4,40.7749889916336,2271,2271,40.4227212681638,40.9511228533686
EPI_ISL_7820|Human|H1N1|2007.173|NorthAmerica|seasonal,2007.173,-559.4,40.7749889916336,2271,2271,40.4227212681638,40.9511228533686
EPI_ISL_7956|Human|H1N1|2007.156|NorthAmerica|seasonal,2007.156,-560.69,40.8190224570674,2271,2271,40.554821664465,40.9511228533686
EPI_ISL_7910|Human|H1N1|2007.077|NorthAmerica|seasonal,2007.077,-564.09,40.9070893879348,2271,2271,40.6869220607662,41.0171730515192
EPI_ISL_29085|Human|H1N1|2007.077|NorthAmerica|seasonal,2007.077,-564.09,40.9070893879348,2271,2271,40.6869220607662,41.0171730515192
EPI_ISL_7879|Human|H1N1|2007.077|NorthAmerica|seasonal,2007.077,-562.79,40.9070893879348,2271,2271,40.6869220607662,41.0171730515192
EPI_ISL_7865|Human|H1N1|2007.099|NorthAmerica|seasonal,2007.099,-561.39,40.8190224570674,2271,2271,40.4227212681638,41.0171730515192
EPI_ISL_7998|Human|H1N1|2007.142|NorthAmerica|seasonal,2007.142,-561.39,40.8190224570674,2271,2271,40.4227212681638,41.0171730515192
EPI_ISL_7994|Human|H1N1|2007.153|NorthAmerica|seasonal,2007.153,-561.39,40.8190224570674,2271,2271,40.4227212681638,41.0171730515192
EPI_ISL_7992|Human|H1N1|2007.049|NorthAmerica|seasonal,2007.049,-561.39,40.8190224570674,2271,2271,40.4227212681638,41.0171730515192
EPI_ISL_7953|Human|H1N1|2007.077|NorthAmerica|seasonal,2007.077,-571.59,40.9511228533686,2271,2271,40.8190224570674,41.0171730515192
EPI_ISL_29084|Human|H1N1|2007.137|NorthAmerica|seasonal,2007.137,-559.3,40.8190224570674,2271,2271,40.4227212681638,41.0171730515192
EPI_ISL_7954|Human|H1N1|2007.173|NorthAmerica|seasonal,2007.173,-564.89,40.9070893879348,2271,2271,40.554821664465,41.0832232496698
EPI_ISL_8034|Human|H1N1|2007.134|NorthAmerica|seasonal,2007.134,-566.79,40.9511228533686,2271,2271,40.8190224570674,41.0171730515192
EPI_ISL_7999|Human|H1N1|2007.173|NorthAmerica|seasonal,2007.173,-561.49,40.8630559225011,2271,2271,40.554821664465,41.0171730515192
EPI_ISL_7988|Human|H1N1|2007.123|NorthAmerica|seasonal,2007.123,-562.39,40.9070893879348,2271,2271,40.6869220607662,41.0171730515192
EPI_ISL_7967|Human|H1N1|2007.068|NorthAmerica|seasonal,2007.068,-561.49,40.8630559225011,2271,2271,40.554821664465,41.0171730515192
EPI_ISL_7849|Human|H1N1|2007.068|NorthAmerica|seasonal,2007.068,-559.3,40.8190224570674,2271,2271,40.4227212681638,41.0171730515192
EPI_ISL_7611|Human|H1N1|2007.123|NorthAmerica|seasonal,2007.123,-565.59,40.9070893879348,2271,2271,40.554821664465,41.0832232496698
EPI_ISL_7625|Human|H1N1|2007.121|NorthAmerica|seasonal,2007.121,-563.09,40.8190224570674,2271,2271,40.2906208718626,41.0832232496698
EPI_ISL_7628|Human|H1N1|2007.068|NorthAmerica|seasonal,2007.068,-565.59,40.9511228533686,2271,2271,40.6869220607662,41.0832232496698
EPI_ISL_7902|Human|H1N1|2007.101|NorthAmerica|seasonal,2007.101,-563.09,40.8190224570674,2271,2271,40.2906208718626,41.0832232496698
EPI_ISL_8082|Human|H1N1|2007.099|NorthAmerica|seasonal,2007.099,-559.6,40.8190224570674,2271,2271,40.554821664465,40.9511228533686
EPI_ISL_7888|Human|H1N1|2007.058|NorthAmerica|seasonal,2007.058,-565.79,40.9070893879348,2271,2271,40.6869220607662,41.0171730515192
EPI_ISL_7883|Human|H1N1|2007.123|NorthAmerica|seasonal,2007.123,-561.29,40.9070893879348,2271,2271,40.6869220607662,41.0171730515192
EPI_ISL_7858|Human|H1N1|2007.096|NorthAmerica|seasonal,2007.096,-561.29,40.9070893879348,2271,2271,40.6869220607662,41.0171730515192
EPI_ISL_7997|Human|H1N1|2007.068|NorthAmerica|seasonal,2007.068,-563.19,40.9070893879348,2271,2271,40.4227212681638,41.1492734478203
EPI_ISL_8036|Human|H1N1|2007.121|NorthAmerica|seasonal,2007.121,-563.19,40.9070893879348,2271,2271,40.4227212681638,41.1492734478203
EPI_ISL_16410|Human|H1N1|2007.115|NorthAmerica|seasonal,2007.115,-566.89,40.6869220607662,2271,2271,39.4980184940555,41.2813738441215
EPI_ISL_7800|Human|H1N1|2007.162|NorthAmerica|seasonal,2007.162,-564.4,40.9070893879348,2271,2271,40.0264200792602,41.3474240422721
EPI_ISL_8027|Human|H1N1|2007.027|NorthAmerica|seasonal,2007.027,-567.6,40.9070893879348,2271,2271,40.0264200792602,41.3474240422721
EPI_ISL_7585|Human|H1N1|2007.162|NorthAmerica|seasonal,2007.162,-564.4,40.8190224570674,2271,2271,39.8943196829591,41.2813738441215
EPI_ISL_8015|Human|H1N1|2007.153|NorthAmerica|seasonal,2007.153,-564.4,40.8630559225011,2271,2271,39.8943196829591,41.3474240422721
EPI_ISL_7973|Human|H1N1|2007.173|NorthAmerica|seasonal,2007.173,-564.4,40.8630559225011,2271,2271,39.8943196829591,41.3474240422721
EPI_ISL_7780|Human|H1N1|2007.178|NorthAmerica|seasonal,2007.178,-564.4,40.8190224570674,2271,2271,39.8943196829591,41.2813738441215
EPI_ISL_120425|Human|H1N1|2003.729|Asia|,2003.729,-565.4,41.1272567151035,2271,2271,41.0832232496698,41.1492734478203
EPI_ISL_106617|Human|H1N1|2005.266|Asia|,2005.266,-553.4,41.1272567151035,2271,2271,41.0832232496698,41.1492734478203
EPI_ISL_117814|Human|H1N1|2005.449|Asia|,2005.449,-559.5,41.2593571114047,2271,2271,41.2153236459709,41.2813738441215
EPI_ISL_106638|Human|H1N1|2006.2|Asia|,2006.2,-556.99,41.0832232496698,2271,2271,40.9511228533686,41.1492734478203
EPI_ISL_116062|Human|H1N1|2006.321|Asia|,2006.321,-560,41.1712901805372,2271,2271,41.2153236459709,41.1492734478203
EPI_ISL_25712|Human|H1N1|2006.271|Europe|seasonal,2006.271,-557.5,41.0832232496698,2271,2271,41.0832232496698,41.0832232496698
EPI_ISL_12841|Human|H1N1|2006|Asia|seasonal,2006,-557.9,41.1712901805372,2271,2271,41.0832232496698,41.2153236459709
EPI_ISL_15603|Human|H1N1|2005|Europe|seasonal,2005,-565.4,41.1712901805372,2271,2271,41.2153236459709,41.1492734478203
EPI_ISL_93595|Human|H1N1|2005.033|Asia|,2005.033,-564.3,41.1712901805372,2271,2271,41.2153236459709,41.1492734478203
EPI_ISL_93594|Human|H1N1|2005.055|Asia|,2005.055,-561,41.2153236459709,2271,2271,41.2153236459709,41.2153236459709
EPI_ISL_120424|Human|H1N1|2003.688|Asia|,2003.688,-564,41.2153236459709,2271,2271,41.0832232496698,41.2813738441215
EPI_ISL_120423|Human|H1N1|2003.589|Asia|,2003.589,-564,41.2153236459709,2271,2271,41.0832232496698,41.2813738441215
EPI_ISL_6371|Human|H1N1|2005|Oceania|seasonal,2005,-556.6,41.1712901805372,2271,2271,40.9511228533686,41.2813738441215
EPI_ISL_15604|Human|H1N1|2004|Europe|seasonal,2004,-558.6,41.2153236459709,2271,2271,41.0832232496698,41.2813738441215
EPI_ISL_83676|Human|H1N1|2010.112|Asia|seasonal,2010.112,-560.3,41.039189784236,2271,2271,40.9511228533686,41.0832232496698
EPI_ISL_83675|Human|H1N1|2010.112|Asia|seasonal,2010.112,-560.3,41.039189784236,2271,2271,40.9511228533686,41.0832232496698
EPI_ISL_6448|Human|H1N1|2005.6|Oceania|seasonal,2005.6,-559.39,41.039189784236,2271,2271,40.9511228533686,41.0832232496698
EPI_ISL_5656|Human|H1N1|2005.69|Oceania|seasonal,2005.69,-559.39,40.9951563188023,2271,2271,40.8190224570674,41.0832232496698
EPI_ISL_6341|Human|H1N1|2005.663|Oceania|seasonal,2005.663,-559.39,41.039189784236,2271,2271,40.9511228533686,41.0832232496698
EPI_ISL_6859|Human|H1N1|2005.611|Oceania|seasonal,2005.611,-559.39,41.039189784236,2271,2271,40.9511228533686,41.0832232496698
EPI_ISL_8269|Human|H1N1|2003.03|NorthAmerica|seasonal,2003.03,-562,41.039189784236,2271,2271,40.6869220607662,41.2153236459709
EPI_ISL_8999|Human|H1N1|2003.17|NorthAmerica|seasonal,2003.17,-567.6,41.0832232496698,2271,2271,40.9511228533686,41.1492734478203
EPI_ISL_164016|Human|H1N1|2008.027|Europe|seasonal,2008.027,-565.19,41.358024691358,2268,2268,41.2698412698413,41.4021164021164
EPI_ISL_164013|Human|H1N1|2008.008|Europe|seasonal,2008.008,-563,41.1375661375661,2268,2268,40.7407407407407,41.3359788359788
EPI_ISL_29779|Human|H1N1|2008.481|NorthAmerica|seasonal,2008.481,-570.39,41.1272567151035,2271,2271,40.9511228533686,41.2153236459709
EPI_ISL_30226|Human|H1N1|2008.44|NorthAmerica|seasonal,2008.44,-574,41.1712901805372,2271,2271,41.0832232496698,41.2153236459709
EPI_ISL_30220|Human|H1N1|2008.437|NorthAmerica|seasonal,2008.437,-571.99,41.1712901805372,2271,2271,40.9511228533686,41.2813738441215
EPI_ISL_30218|Human|H1N1|2008.437|NorthAmerica|seasonal,2008.437,-571.99,41.1712901805372,2271,2271,40.9511228533686,41.2813738441215
EPI_ISL_78563|Human|H1N1|2007|SouthAmerica|seasonal,2007,-569.29,41.039189784236,2271,2271,40.6869220607662,41.2153236459709
EPI_ISL_62908|Human|H1N1|2008.469|NorthAmerica|seasonal,2008.469,-571.39,41.1712901805372,2271,2271,40.9511228533686,41.2813738441215
EPI_ISL_29778|Human|H1N1|2008.478|NorthAmerica|seasonal,2008.478,-571.39,41.1712901805372,2271,2271,40.9511228533686,41.2813738441215
EPI_ISL_164011|Human|H1N1|2007.995|Europe|seasonal,2007.995,-569,40.9611992945326,2268,2268,40.3439153439153,41.2698412698413
EPI_ISL_62923|Human|H1N1|2008.122|NorthAmerica|seasonal,2008.122,-564.29,41.1272567151035,2271,2271,40.8190224570674,41.2813738441215
EPI_ISL_30221|Human|H1N1|2008.434|NorthAmerica|seasonal,2008.434,-563.99,41.039189784236,2271,2271,40.6869220607662,41.2153236459709
EPI_ISL_208729|Human|H1N1|2007.981|Asia|,2007.981,-564.69,41.2153236459709,2271,2271,41.0832232496698,41.2813738441215
EPI_ISL_70169|Human|H1N1|2008.036|Asia|seasonal,2008.036,-559.89,41.039189784236,2271,2271,40.554821664465,41.2813738441215
EPI_ISL_70162|Human|H1N1|2007.962|Asia|seasonal,2007.962,-566.39,41.1272567151035,2271,2271,40.9511228533686,41.2153236459709
EPI_ISL_70160|Human|H1N1|2007.945|Asia|seasonal,2007.945,-562.59,41.1272567151035,2271,2271,40.9511228533686,41.2153236459709
EPI_ISL_208713|Human|H1N1|2007.849|Asia|,2007.849,-563.39,41.2153236459709,2271,2271,40.9511228533686,41.3474240422721
EPI_ISL_30228|Human|H1N1|2008.016|NorthAmerica|seasonal,2008.016,-564.49,41.1712901805372,2271,2271,40.9511228533686,41.2813738441215
EPI_ISL_29633|Human|H1N1|2008.123|NorthAmerica|seasonal,2008.123,-566.09,41.0832232496698,2271,2271,40.6869220607662,41.2813738441215
EPI_ISL_29647|Human|H1N1|2008.484|NorthAmerica|seasonal,2008.484,-563.39,41.2153236459709,2271,2271,40.9511228533686,41.3474240422721
EPI_ISL_33848|Human|H1N1|2008.497|NorthAmerica|seasonal,2008.497,-562.79,41.1712901805372,2271,2271,40.8190224570674,41.3474240422721
EPI_ISL_28893|Human|H1N1|2008.12|NorthAmerica|seasonal,2008.12,-559.79,41.1712901805372,2271,2271,40.9511228533686,41.2813738441215
EPI_ISL_96142|Human|H1N1|2008.077|NorthAmerica|,2008.077,-566.99,41.2153236459709,2271,2271,40.9511228533686,41.3474240422721
EPI_ISL_96141|Human|H1N1|2008.074|NorthAmerica|,2008.074,-566.59,41.1272567151035,2271,2271,40.8190224570674,41.2813738441215
EPI_ISL_96137|Human|H1N1|2008.94|NorthAmerica|,2008.94,-565.79,41.2153236459709,2271,2271,40.9511228533686,41.3474240422721
EPI_ISL_30789|Human|H1N1|2008.123|NorthAmerica|seasonal,2008.123,-565.29,41.2153236459709,2271,2271,41.0832232496698,41.2813738441215
EPI_ISL_62784|Human|H1N1|2008.108|NorthAmerica|seasonal,2008.108,-568.19,41.1272567151035,2271,2271,40.8190224570674,41.2813738441215
EPI_ISL_30230|Human|H1N1|2008.623|NorthAmerica|seasonal,2008.623,-571.99,41.2153236459709,2271,2271,40.9511228533686,41.3474240422721
EPI_ISL_33849|Human|H1N1|2008.88|NorthAmerica|seasonal,2008.88,-571.09,41.3474240422721,2271,2271,41.3474240422721,41.3474240422721
EPI_ISL_30233|Human|H1N1|2008.847|NorthAmerica|seasonal,2008.847,-564.7,41.3474240422721,2271,2271,41.2153236459709,41.4134742404227
EPI_ISL_33847|Human|H1N1|2008.861|NorthAmerica|seasonal,2008.861,-573.69,41.3914575077059,2271,2271,41.4795244385733,41.3474240422721
EPI_ISL_29676|Human|H1N1|2008.842|NorthAmerica|seasonal,2008.842,-568.69,41.3033905768384,2271,2271,41.2153236459709,41.3474240422721
EPI_ISL_29675|Human|H1N1|2008.833|NorthAmerica|seasonal,2008.833,-572.49,41.3033905768384,2271,2271,41.3474240422721,41.2813738441215
EPI_ISL_30227|Human|H1N1|2008.776|NorthAmerica|seasonal,2008.776,-572.69,41.3474240422721,2271,2271,41.3474240422721,41.3474240422721
EPI_ISL_33842|Human|H1N1|2008.776|NorthAmerica|seasonal,2008.776,-572.69,41.3474240422721,2271,2271,41.3474240422721,41.3474240422721
EPI_ISL_29912|Human|H1N1|2008.814|NorthAmerica|seasonal,2008.814,-571.09,41.3914575077059,2271,2271,41.4795244385733,41.3474240422721
EPI_ISL_30231|Human|H1N1|2008.828|NorthAmerica|seasonal,2008.828,-571.09,41.3914575077059,2271,2271,41.4795244385733,41.3474240422721
EPI_ISL_29648|Human|H1N1|2008.839|NorthAmerica|seasonal,2008.839,-571.09,41.3474240422721,2271,2271,41.3474240422721,41.3474240422721
EPI_ISL_62907|Human|H1N1|2008.6|NorthAmerica|seasonal,2008.6,-567.79,41.1712901805372,2271,2271,40.9511228533686,41.2813738441215
EPI_ISL_116007|Human|H1N1|2008.063|Asia|,2008.063,-564.69,40.9951563188023,2271,2271,40.4227212681638,41.2813738441215
EPI_ISL_164014|Human|H1N1|2008.016|Europe|seasonal,2008.016,-564.09,41.1816578483245,2268,2268,40.8730158730159,41.3359788359788
EPI_ISL_93582|Human|H1N1|2007.868|Asia|,2007.868,-559.9,41.039189784236,2271,2271,40.6869220607662,41.2153236459709
EPI_ISL_30212|Human|H1N1|2008.055|Asia|seasonal,2008.055,-564.79,41.1272567151035,2271,2271,40.9511228533686,41.2153236459709
EPI_ISL_93586|Human|H1N1|2008.333|Asia|,2008.333,-560.39,40.9070893879348,2271,2271,40.4227212681638,41.1492734478203
EPI_ISL_30211|Human|H1N1|2008.041|Asia|seasonal,2008.041,-562.29,41.1712901805372,2271,2271,41.0832232496698,41.2153236459709
EPI_ISL_93585|Human|H1N1|2008.896|Asia|,2008.896,-566.09,41.3914575077059,2271,2271,41.7437252311757,41.2153236459709
EPI_ISL_93589|Human|H1N1|2008.915|Asia|,2008.915,-561.89,41.3033905768384,2271,2271,41.6116248348745,41.1492734478203
EPI_ISL_93588|Human|H1N1|2008.825|Asia|,2008.825,-563.69,41.3914575077059,2271,2271,41.6116248348745,41.2813738441215
EPI_ISL_93590|Human|H1N1|2009.033|Asia|,2009.033,-565.49,41.1712901805372,2271,2271,41.0832232496698,41.2153236459709
EPI_ISL_164024|Human|H1N1|2007.948|Europe|seasonal,2007.948,-566.69,41.3139329805997,2268,2268,41.2698412698413,41.3359788359788
EPI_ISL_164029|Human|H1N1|2008.038|Europe|seasonal,2008.038,-567.19,41.3139329805997,2268,2268,41.2698412698413,41.3359788359788
EPI_ISL_27695|Human|H1N1|2008.117|Europe|seasonal,2008.117,-561.39,41.2153236459709,2271,2271,41.3474240422721,41.1492734478203
EPI_ISL_164026|Human|H1N1|2007.997|Europe|seasonal,2007.997,-563.69,41.3139329805997,2268,2268,41.2698412698413,41.3359788359788
EPI_ISL_164030|Human|H1N1|2008.041|Europe|seasonal,2008.041,-562.89,41.2698412698413,2268,2268,41.2698412698413,41.2698412698413
EPI_ISL_70170|Human|H1N1|2008.137|Asia|seasonal,2008.137,-562.49,41.3474240422721,2271,2271,41.6116248348745,41.2153236459709
EPI_ISL_77977|Human|H1N1|2009.023|NorthAmerica|seasonal,2009.023,-561.6,41.2153236459709,2271,2271,41.2153236459709,41.2153236459709
EPI_ISL_89588|Human|H1N1|2009.088|NorthAmerica|,2009.088,-560.7,41.2153236459709,2271,2271,41.2153236459709,41.2153236459709
EPI_ISL_208716|Human|H1N1|2008.112|Asia|,2008.112,-560.49,41.2593571114047,2271,2271,41.3474240422721,41.2153236459709
EPI_ISL_106731|Human|H1N1|2008.921|Asia|,2008.921,-569.39,41.3474240422721,2271,2271,41.6116248348745,41.2153236459709
EPI_ISL_106713|Human|H1N1|2008.858|Asia|,2008.858,-569.39,41.3474240422721,2271,2271,41.6116248348745,41.2153236459709
EPI_ISL_115807|Human|H1N1|2008.801|Asia|,2008.801,-571.5,41.1272567151035,2271,2271,40.9511228533686,41.2153236459709
EPI_ISL_116008|Human|H1N1|2008.148|Asia|,2008.148,-569.39,41.3474240422721,2271,2271,41.6116248348745,41.2153236459709
EPI_ISL_106751|Human|H1N1|2008.533|Asia|,2008.533,-569.79,41.2593571114047,2271,2271,41.4795244385733,41.1492734478203
EPI_ISL_70179|Human|H1N1|2008.16|Asia|seasonal,2008.16,-562.59,41.2153236459709,2271,2271,41.2153236459709,41.2153236459709
EPI_ISL_116005|Human|H1N1|2008.342|Asia|,2008.342,-569.39,41.3474240422721,2271,2271,41.6116248348745,41.2153236459709
EPI_ISL_164028|Human|H1N1|2008.036|Europe|seasonal,2008.036,-565.1,41.2257495590829,2268,2268,41.2698412698413,41.2037037037037
EPI_ISL_164023|Human|H1N1|2007.863|Europe|seasonal,2007.863,-563.39,41.2698412698413,2268,2268,41.2698412698413,41.2698412698413
EPI_ISL_106692|Human|H1N1|2008.71|Asia|,2008.71,-568.89,41.4795244385733,2271,2271,41.7437252311757,41.3474240422721
EPI_ISL_25711|Human|H1N1|2008.022|Europe|seasonal,2008.022,-563.29,41.3914575077059,2271,2271,41.7437252311757,41.2153236459709
EPI_ISL_78574|Human|H1N1|2007|SouthAmerica|seasonal,2007,-562.89,41.1712901805372,2271,2271,40.9511228533686,41.2813738441215
EPI_ISL_29475|Human|H1N1|2008.437|NorthAmerica|seasonal,2008.437,-565.29,41.2153236459709,2271,2271,41.0832232496698,41.2813738441215
EPI_ISL_62909|Human|H1N1|2008.444|NorthAmerica|seasonal,2008.444,-565.29,41.2153236459709,2271,2271,41.0832232496698,41.2813738441215
EPI_ISL_164022|Human|H1N1|2008.984|Europe|seasonal,2008.984,-564.59,41.1375661375661,2268,2268,40.8730158730159,41.2698412698413
EPI_ISL_28895|Human|H1N1|2008.137|NorthAmerica|seasonal,2008.137,-568.79,41.2153236459709,2271,2271,41.0832232496698,41.2813738441215
EPI_ISL_29307|Human|H1N1|2007|Europe|seasonal,2007,-565.99,41.2153236459709,2271,2271,41.0832232496698,41.2813738441215
EPI_ISL_62840|Human|H1N1|2008.085|NorthAmerica|seasonal,2008.085,-567.49,41.2153236459709,2271,2271,41.0832232496698,41.2813738441215
EPI_ISL_116061|Human|H1N1|2008.538|Asia|,2008.538,-569,41.3033905768384,2271,2271,41.3474240422721,41.2813738441215
EPI_ISL_115808|Human|H1N1|2008.828|Asia|,2008.828,-571.19,41.3474240422721,2271,2271,41.4795244385733,41.2813738441215
EPI_ISL_115809|Human|H1N1|2008.839|Asia|,2008.839,-568.3,41.2593571114047,2271,2271,41.3474240422721,41.2153236459709
EPI_ISL_116003|Human|H1N1|2008.885|Asia|,2008.885,-569.39,41.3474240422721,2271,2271,41.6116248348745,41.2153236459709
EPI_ISL_115859|Human|H1N1|2008.866|Asia|,2008.866,-569.39,41.3474240422721,2271,2271,41.6116248348745,41.2153236459709
EPI_ISL_116004|Human|H1N1|2008.899|Asia|,2008.899,-569.39,41.3474240422721,2271,2271,41.6116248348745,41.2153236459709
EPI_ISL_116002|Human|H1N1|2008.885|Asia|,2008.885,-569.39,41.3474240422721,2271,2271,41.6116248348745,41.2153236459709
EPI_ISL_116001|Human|H1N1|2008.883|Asia|,2008.883,-573.89,41.3474240422721,2271,2271,41.6116248348745,41.2153236459709
EPI_ISL_115858|Human|H1N1|2008.861|Asia|,2008.861,-569.39,41.3474240422721,2271,2271,41.6116248348745,41.2153236459709
EPI_ISL_115856|Human|H1N1|2008.85|Asia|,2008.85,-569.39,41.3474240422721,2271,2271,41.6116248348745,41.2153236459709
EPI_ISL_115855|Human|H1N1|2008|Asia|,2008,-569.09,41.3914575077059,2271,2271,41.7437252311757,41.2153236459709
EPI_ISL_115854|Human|H1N1|2008.844|Asia|,2008.844,-569.39,41.3474240422721,2271,2271,41.6116248348745,41.2153236459709
EPI_ISL_116009|Human|H1N1|2008.56|Asia|,2008.56,-566.69,41.3033905768384,2271,2271,41.7437252311757,41.0832232496698
EPI_ISL_106767|Human|H1N1|2008.563|Asia|,2008.563,-562.89,41.2593571114047,2271,2271,41.2153236459709,41.2813738441215
EPI_ISL_116065|Human|H1N1|2008.555|Asia|,2008.555,-569.39,41.3474240422721,2271,2271,41.6116248348745,41.2153236459709
EPI_ISL_164027|Human|H1N1|2008.022|Europe|seasonal,2008.022,-565.79,41.3139329805997,2268,2268,41.4021164021164,41.2698412698413
EPI_ISL_115806|Human|H1N1|2008.71|Asia|,2008.71,-567.89,41.3474240422721,2271,2271,41.6116248348745,41.2153236459709
EPI_ISL_164025|Human|H1N1|2007.992|Europe|seasonal,2007.992,-564.29,41.2698412698413,2268,2268,41.2698412698413,41.2698412698413
EPI_ISL_27694|Human|H1N1|2008|Europe|seasonal,2008,-564.89,41.2593571114047,2271,2271,41.3474240422721,41.2153236459709
EPI_ISL_70166|Human|H1N1|2009.016|Asia|seasonal,2009.016,-564.19,41.2593571114047,2271,2271,41.3474240422721,41.2153236459709
EPI_ISL_99224|Human|H1N1|2008.989|SouthAmerica|,2008.989,-561.69,41.3474240422721,2271,2271,41.4795244385733,41.2813738441215
EPI_ISL_99225|Human|H1N1|2008.984|SouthAmerica|,2008.984,-562.59,41.3474240422721,2271,2271,41.4795244385733,41.2813738441215
EPI_ISL_99220|Human|H1N1|2009.14|SouthAmerica|,2009.14,-559.99,41.3033905768384,2271,2271,41.3474240422721,41.2813738441215
EPI_ISL_99226|Human|H1N1|2009|SouthAmerica|,2009,-563.89,41.3033905768384,2271,2271,41.2153236459709,41.3474240422721
EPI_ISL_99219|Human|H1N1|2009.233|SouthAmerica|,2009.233,-565.39,41.3914575077059,2271,2271,41.4795244385733,41.3474240422721
EPI_ISL_78565|Human|H1N1|2007|SouthAmerica|seasonal,2007,-564.79,41.3033905768384,2271,2271,41.3474240422721,41.2813738441215
EPI_ISL_87217|Human|H1N1|2009.118|NorthAmerica|,2009.118,-563.99,41.4354909731396,2271,2271,41.7437252311757,41.2813738441215
EPI_ISL_87237|Human|H1N1|2009.134|NorthAmerica|,2009.134,-560.69,41.3914575077059,2271,2271,41.6116248348745,41.2813738441215
EPI_ISL_80803|Human|H1N1|2009.323|NorthAmerica|,2009.323,-560.29,41.4354909731396,2271,2271,41.7437252311757,41.2813738441215
EPI_ISL_89594|Human|H1N1|2009.162|NorthAmerica|,2009.162,-568.7,41.3914575077059,2271,2271,41.3474240422721,41.4134742404227
EPI_ISL_89939|Human|H1N1|2009.121|NorthAmerica|,2009.121,-562.79,41.3474240422721,2271,2271,41.4795244385733,41.2813738441215
EPI_ISL_80783|Human|H1N1|2009.323|NorthAmerica|,2009.323,-558.29,41.2153236459709,2271,2271,41.2153236459709,41.2153236459709
EPI_ISL_80798|Human|H1N1|2009.323|NorthAmerica|,2009.323,-557.59,41.3914575077059,2271,2271,41.6116248348745,41.2813738441215
EPI_ISL_77962|Human|H1N1|2009.023|NorthAmerica|seasonal,2009.023,-566.39,41.4795244385733,2271,2271,41.8758256274769,41.2813738441215
EPI_ISL_78562|Human|H1N1|2007|SouthAmerica|seasonal,2007,-564.79,41.3033905768384,2271,2271,41.3474240422721,41.2813738441215
EPI_ISL_78572|Human|H1N1|2007|SouthAmerica|seasonal,2007,-560.89,41.1712901805372,2271,2271,41.0832232496698,41.2153236459709
EPI_ISL_78564|Human|H1N1|2007|SouthAmerica|seasonal,2007,-560.59,41.1712901805372,2271,2271,41.0832232496698,41.2153236459709
EPI_ISL_99218|Human|H1N1|2009.052|SouthAmerica|,2009.052,-562.59,41.3033905768384,2271,2271,41.3474240422721,41.2813738441215
EPI_ISL_99223|Human|H1N1|2009.036|SouthAmerica|,2009.036,-563.69,41.3914575077059,2271,2271,41.4795244385733,41.3474240422721
EPI_ISL_99229|Human|H1N1|2008.489|SouthAmerica|,2008.489,-561.69,40.8630559225011,2271,2271,40.1585204755614,41.2153236459709
EPI_ISL_99230|Human|H1N1|2009.085|NorthAmerica|,2009.085,-559,40.9070893879348,2271,2271,40.2906208718626,41.2153236459709
EPI_ISL_99210|Human|H1N1|2008.634|SouthAmerica|,2008.634,-559.29,41.1272567151035,2271,2271,40.9511228533686,41.2153236459709
EPI_ISL_99237|Human|H1N1|2009.414|NorthAmerica|,2009.414,-566.39,41.4354909731396,2271,2271,41.6116248348745,41.3474240422721
EPI_ISL_120443|Human|H1N1|2008.959|Asia|,2008.959,-561.69,41.3474240422721,2271,2271,41.4795244385733,41.2813738441215
EPI_ISL_120446|Human|H1N1|2008.191|Asia|,2008.191,-561.69,41.3474240422721,2271,2271,41.4795244385733,41.2813738441215
EPI_ISL_120447|Human|H1N1|2009.129|Asia|,2009.129,-556.9,41.2593571114047,2271,2271,41.3474240422721,41.2153236459709
EPI_ISL_120444|Human|H1N1|2009.014|Asia|,2009.014,-561.59,41.3474240422721,2271,2271,41.4795244385733,41.2813738441215
EPI_ISL_80389|Human|H1N1|2009.321|NorthAmerica|,2009.321,-563.99,41.3033905768384,2271,2271,41.4795244385733,41.2153236459709
EPI_ISL_80810|Human|H1N1|2009.326|NorthAmerica|,2009.326,-563.69,41.3215859030837,2270,2271,41.5343915343915,41.2153236459709
EPI_ISL_100194|Human|H1N1|2009|Asia|,2009,-562.59,41.3914575077059,2271,2271,41.6116248348745,41.2813738441215
EPI_ISL_62516|Human|H1N1|2009.325|NorthAmerica|seasonal,2009.325,-564.89,41.4354909731396,2271,2271,41.6116248348745,41.3474240422721
EPI_ISL_162004|Human|H1N1|2009.707|Africa|,2009.707,-565.99,41.3033905768384,2271,2271,41.3474240422721,41.2813738441215
EPI_ISL_80388|Human|H1N1|2009.321|NorthAmerica|,2009.321,-566.49,41.4795244385733,2271,2271,42.0079260237781,41.2153236459709
EPI_ISL_80799|Human|H1N1|2009.323|NorthAmerica|,2009.323,-570.19,41.523557904007,2271,2271,42.1400264200793,41.2153236459709
EPI_ISL_80789|Human|H1N1|2009.323|NorthAmerica|,2009.323,-570.19,41.523557904007,2271,2271,42.1400264200793,41.2153236459709
EPI_ISL_76117|Human|H1N1|2009.319|NorthAmerica|seasonal,2009.319,-568.49,41.4354909731396,2271,2271,41.8758256274769,41.2153236459709
EPI_ISL_78723|Human|H1N1|2009.319|NorthAmerica|seasonal,2009.319,-565.89,41.3914575077059,2271,2271,41.6116248348745,41.2813738441215
EPI_ISL_80765|Human|H1N1|2009.315|NorthAmerica|,2009.315,-567.79,41.3474240422721,2271,2271,41.4795244385733,41.2813738441215
EPI_ISL_80774|Human|H1N1|2009.318|NorthAmerica|,2009.318,-566.29,41.3474240422721,2271,2271,41.6116248348745,41.2153236459709
EPI_ISL_80813|Human|H1N1|2009.326|NorthAmerica|,2009.326,-565.89,41.3914575077059,2271,2271,41.6116248348745,41.2813738441215
EPI_ISL_80796|Human|H1N1|2009.323|NorthAmerica|,2009.323,-565.39,41.4354909731396,2271,2271,41.7437252311757,41.2813738441215
EPI_ISL_80795|Human|H1N1|2009.323|NorthAmerica|,2009.323,-565.39,41.4795244385733,2271,2271,41.8758256274769,41.2813738441215
EPI_ISL_80794|Human|H1N1|2009.323|NorthAmerica|,2009.323,-565.39,41.4354909731396,2271,2271,41.7437252311757,41.2813738441215
EPI_ISL_80769|Human|H1N1|2009.318|NorthAmerica|,2009.318,-565.39,41.4354909731396,2271,2271,41.7437252311757,41.2813738441215
EPI_ISL_80823|Human|H1N1|2009|NorthAmerica|,2009,-574.29,41.523557904007,2271,2271,41.8758256274769,41.3474240422721
EPI_ISL_80776|Human|H1N1|2009.323|NorthAmerica|,2009.323,-568.2,41.3914575077059,2271,2271,41.4795244385733,41.3474240422721
EPI_ISL_93577|Human|H1N1|2008.934|Asia|,2008.934,-567.99,41.1712901805372,2271,2271,41.3474240422721,41.0832232496698
EPI_ISL_93596|Human|H1N1|2008.934|Asia|,2008.934,-563.3,41.2153236459709,2271,2271,41.4795244385733,41.0832232496698
EPI_ISL_62496|Human|H1N1|2009.325|NorthAmerica|seasonal,2009.325,-565.9,41.2593571114047,2271,2271,41.4795244385733,41.1492734478203
EPI_ISL_80835|Human|H1N1|2009.348|NorthAmerica|,2009.348,-564.89,41.3033905768384,2271,2271,41.6116248348745,41.1492734478203
EPI_ISL_80834|Human|H1N1|2009.348|NorthAmerica|,2009.348,-564.89,41.3033905768384,2271,2271,41.6116248348745,41.1492734478203
EPI_ISL_80832|Human|H1N1|2009.353|NorthAmerica|,2009.353,-565.7,41.2593571114047,2271,2271,41.6116248348745,41.0832232496698
EPI_ISL_80826|Human|H1N1|2009.332|NorthAmerica|,2009.332,-564.89,41.3033905768384,2271,2271,41.6116248348745,41.1492734478203
EPI_ISL_80777|Human|H1N1|2009.323|NorthAmerica|,2009.323,-564.89,41.2593571114047,2271,2271,41.4795244385733,41.1492734478203
EPI_ISL_80768|Human|H1N1|2009.318|NorthAmerica|,2009.318,-564.89,41.3033905768384,2271,2271,41.6116248348745,41.1492734478203
EPI_ISL_78724|Human|H1N1|2009.322|NorthAmerica|seasonal,2009.322,-569.79,41.3914575077059,2271,2271,41.7437252311757,41.2153236459709
EPI_ISL_80828|Human|H1N1|2009.329|NorthAmerica|,2009.329,-569.79,41.3914575077059,2271,2271,41.7437252311757,41.2153236459709
EPI_ISL_80811|Human|H1N1|2009.326|NorthAmerica|,2009.326,-568.99,41.3656387665198,2270,2271,41.7437252311757,41.1764705882353
EPI_ISL_80792|Human|H1N1|2009.323|NorthAmerica|,2009.323,-569.79,41.3914575077059,2271,2271,41.7437252311757,41.2153236459709
EPI_ISL_80833|Human|H1N1|2009.373|NorthAmerica|,2009.373,-569.79,41.3914575077059,2271,2271,41.7437252311757,41.2153236459709
EPI_ISL_87241|Human|H1N1|2009.205|NorthAmerica|,2009.205,-561.69,41.2593571114047,2271,2271,41.3474240422721,41.2153236459709
EPI_ISL_99238|Human|H1N1|2009|NorthAmerica|,2009,-560.39,41.3914575077059,2271,2271,41.6116248348745,41.2813738441215
EPI_ISL_99228|Human|H1N1|2009.162|Asia|,2009.162,-564.49,41.3914575077059,2271,2271,41.8758256274769,41.1492734478203
EPI_ISL_80763|Human|H1N1|2009.312|NorthAmerica|,2009.312,-562.99,41.3474240422721,2271,2271,41.7437252311757,41.1492734478203
EPI_ISL_99239|Human|H1N1|2009.162|NorthAmerica|,2009.162,-565.5,41.3914575077059,2271,2271,41.6116248348745,41.2813738441215
EPI_ISL_263187|Human|H1N1|2009.625|SouthAmerica|,2009.625,-566.4,41.3033905768384,2271,2271,41.2153236459709,41.3474240422721
EPI_ISL_263217|Human|H1N1|2009.575|SouthAmerica|,2009.575,-568.4,41.2153236459709,2271,2271,40.8190224570674,41.4134742404227
EPI_ISL_33555|Human|H1N1|2008|Asia|seasonal,2008,-557.9,41.039189784236,2271,2271,40.8190224570674,41.1492734478203
EPI_ISL_80764|Human|H1N1|2009.315|NorthAmerica|,2009.315,-563.89,41.2593571114047,2271,2271,41.2153236459709,41.2813738441215
EPI_ISL_76121|Human|H1N1|2009.322|NorthAmerica|seasonal,2009.322,-564.7,41.2153236459709,2271,2271,41.2153236459709,41.2153236459709
EPI_ISL_80782|Human|H1N1|2009.323|NorthAmerica|,2009.323,-564.7,41.2153236459709,2271,2271,41.2153236459709,41.2153236459709
EPI_ISL_91037|Human|H1N1|2009.323|NorthAmerica|,2009.323,-564.7,41.2153236459709,2271,2271,41.2153236459709,41.2153236459709
EPI_ISL_99240|Human|H1N1|2009.162|NorthAmerica|,2009.162,-558.64,41.1272567151035,2271,2271,41.0832232496698,41.1492734478203
EPI_ISL_99242|Human|H1N1|2009|NorthAmerica|,2009,-561.49,41.1272567151035,2271,2271,40.9511228533686,41.2153236459709
EPI_ISL_78566|Human|H1N1|2007|SouthAmerica|seasonal,2007,-563.3,41.2153236459709,2271,2271,41.2153236459709,41.2153236459709
EPI_ISL_99222|Human|H1N1|2008.937|SouthAmerica|,2008.937,-559.1,41.039189784236,2271,2271,40.6869220607662,41.2153236459709
EPI_ISL_78567|Human|H1N1|2007|SouthAmerica|seasonal,2007,-564.39,41.2593571114047,2271,2271,41.2153236459709,41.2813738441215
EPI_ISL_99217|Human|H1N1|2008.672|SouthAmerica|,2008.672,-560.99,41.1712901805372,2271,2271,41.0832232496698,41.2153236459709
EPI_ISL_208717|Human|H1N1|2009.112|Asia|,2009.112,-565.09,41.3914575077059,2271,2271,41.6116248348745,41.2813738441215
EPI_ISL_77960|Human|H1N1|2009.086|NorthAmerica|seasonal,2009.086,-565.2,41.4795244385733,2271,2271,41.8758256274769,41.2813738441215
EPI_ISL_66172|Human|H1N1|2009.462|Asia|seasonal,2009.462,-559.29,41.2153236459709,2271,2271,41.0832232496698,41.2813738441215
EPI_ISL_70618|Human|H1N1|2009.473|Asia|seasonal,2009.473,-560.39,41.1712901805372,2271,2271,41.0832232496698,41.2153236459709
EPI_ISL_80779|Human|H1N1|2009.323|NorthAmerica|,2009.323,-564.19,41.3033905768384,2271,2271,41.4795244385733,41.2153236459709
EPI_ISL_87227|Human|H1N1|2009.186|NorthAmerica|,2009.186,-565.59,41.2593571114047,2271,2271,41.2153236459709,41.2813738441215
EPI_ISL_208749|Human|H1N1|2008.842|Asia|,2008.842,-569.29,41.3474240422721,2271,2271,41.4795244385733,41.2813738441215
EPI_ISL_61867|Human|H1N1|2009.537|Asia|seasonal,2009.537,-562.5,41.3914575077059,2271,2271,41.4795244385733,41.3474240422721
EPI_ISL_80836|Human|H1N1|2009.43|NorthAmerica|,2009.43,-565.49,41.4795244385733,2271,2271,41.7437252311757,41.3474240422721
EPI_ISL_77965|Human|H1N1|2009.163|NorthAmerica|seasonal,2009.163,-566.19,41.3033905768384,2271,2271,41.6116248348745,41.1492734478203
EPI_ISL_164033|Human|H1N1|2009.041|Europe|seasonal,2009.041,-561.39,41.358024691358,2268,2268,41.5343915343915,41.2698412698413
EPI_ISL_69710|Human|H1N1|2009.808|Asia|seasonal,2009.808,-562.29,41.4795244385733,2271,2271,41.8758256274769,41.2813738441215
EPI_ISL_70620|Human|H1N1|2009.67|Asia|seasonal,2009.67,-561.39,41.3914575077059,2271,2271,41.6116248348745,41.2813738441215
EPI_ISL_66173|Human|H1N1|2009.538|Asia|seasonal,2009.538,-563.99,41.3914575077059,2271,2271,41.4795244385733,41.3474240422721
EPI_ISL_164032|Human|H1N1|2008.975|Europe|seasonal,2008.975,-562.29,41.358024691358,2268,2268,41.4021164021164,41.3359788359788
EPI_ISL_164034|Human|H1N1|2009.153|Europe|seasonal,2009.153,-562.29,41.358024691358,2268,2268,41.4021164021164,41.3359788359788
EPI_ISL_80808|Human|H1N1|2009.323|NorthAmerica|,2009.323,-561.2,41.2593571114047,2271,2271,41.3474240422721,41.2153236459709
EPI_ISL_61399|Human|H1N1|2009.007|Asia|seasonal,2009.007,-564.09,41.3474240422721,2271,2271,41.4795244385733,41.2813738441215
EPI_ISL_66171|Human|H1N1|2009.527|Asia|seasonal,2009.527,-561.79,41.3914575077059,2271,2271,41.6116248348745,41.2813738441215
EPI_ISL_208750|Human|H1N1|2009.077|Asia|,2009.077,-561.69,41.4354909731396,2271,2271,41.6116248348745,41.3474240422721
EPI_ISL_164031|Human|H1N1|2008.844|Europe|seasonal,2008.844,-562.79,41.4021164021164,2268,2268,41.4021164021164,41.4021164021164
EPI_ISL_70619|Human|H1N1|2009.5|Asia|seasonal,2009.5,-564.79,41.3474240422721,2271,2271,41.3474240422721,41.3474240422721
EPI_ISL_208751|Human|H1N1|2009.499|Asia|,2009.499,-560.09,41.3914575077059,2271,2271,41.6116248348745,41.2813738441215
EPI_ISL_66168|Human|H1N1|2009.522|Asia|seasonal,2009.522,-559.79,41.3474240422721,2271,2271,41.4795244385733,41.2813738441215
EPI_ISL_66167|Human|H1N1|2009.456|Asia|seasonal,2009.456,-568.19,41.5675913694408,2271,2271,42.0079260237781,41.3474240422721
EPI_ISL_208719|Human|H1N1|2009.573|Asia|,2009.573,-571.5,41.6556583003082,2271,2271,42.1400264200793,41.4134742404227
EPI_ISL_208690|Human|H1N1|2008.877|Asia|,2008.877,-562.49,41.3033905768384,2271,2271,41.3474240422721,41.2813738441215
EPI_ISL_83678|Human|H1N1|2010.627|Asia|seasonal,2010.627,-566.12,41.3914575077059,2271,2271,41.6116248348745,41.2813738441215
EPI_ISL_83677|Human|H1N1|2010.104|Asia|seasonal,2010.104,-566.12,41.3914575077059,2271,2271,41.6116248348745,41.2813738441215
EPI_ISL_83674|Human|H1N1|2010.016|Asia|seasonal,2010.016,-566.12,41.3914575077059,2271,2271,41.6116248348745,41.2813738441215
EPI_ISL_93598|Human|H1N1|2008.861|Asia|,2008.861,-562.69,41.3474240422721,2271,2271,41.4795244385733,41.2813738441215
EPI_ISL_208731|Human|H1N1|2008.992|Asia|,2008.992,-566.49,41.4354909731396,2271,2271,41.4795244385733,41.4134742404227
EPI_ISL_208732|Human|H1N1|2009.041|Asia|,2009.041,-563.29,41.3914575077059,2271,2271,41.4795244385733,41.3474240422721
EPI_ISL_80827|Human|H1N1|2009.329|NorthAmerica|,2009.329,-562.69,41.3033905768384,2271,2271,41.3474240422721,41.2813738441215
EPI_ISL_80790|Human|H1N1|2009.323|NorthAmerica|,2009.323,-562.69,41.3033905768384,2271,2271,41.3474240422721,41.2813738441215
EPI_ISL_80788|Human|H1N1|2009.323|NorthAmerica|,2009.323,-568.79,41.3474240422721,2271,2271,41.4795244385733,41.2813738441215
EPI_ISL_80386|Human|H1N1|2009.318|NorthAmerica|,2009.318,-562.69,41.3474240422721,2271,2271,41.4795244385733,41.2813738441215
EPI_ISL_80383|Human|H1N1|2009.318|NorthAmerica|,2009.318,-562.69,41.3474240422721,2271,2271,41.4795244385733,41.2813738441215
EPI_ISL_80831|Human|H1N1|2009.337|NorthAmerica|,2009.337,-562.69,41.3914575077059,2271,2271,41.6116248348745,41.2813738441215
EPI_ISL_80819|Human|H1N1|2009.326|NorthAmerica|,2009.326,-562.69,41.3914575077059,2271,2271,41.6116248348745,41.2813738441215
EPI_ISL_80805|Human|H1N1|2009.323|NorthAmerica|,2009.323,-562.69,41.3474240422721,2271,2271,41.4795244385733,41.2813738441215
EPI_ISL_80775|Human|H1N1|2009.321|NorthAmerica|,2009.321,-562.69,41.3474240422721,2271,2271,41.4795244385733,41.2813738441215
EPI_ISL_80780|Human|H1N1|2009.323|NorthAmerica|,2009.323,-562.69,41.3474240422721,2271,2271,41.4795244385733,41.2813738441215
EPI_ISL_80824|Human|H1N1|2009|NorthAmerica|,2009,-563.79,41.2593571114047,2271,2271,41.2153236459709,41.2813738441215
EPI_ISL_93578|Human|H1N1|2008.943|Asia|,2008.943,-562.69,41.3474240422721,2271,2271,41.4795244385733,41.2813738441215
EPI_ISL_80384|Human|H1N1|2009.318|NorthAmerica|,2009.318,-563.59,41.2153236459709,2271,2271,41.0832232496698,41.2813738441215
EPI_ISL_80825|Human|H1N1|2009.34|NorthAmerica|,2009.34,-563.59,41.2153236459709,2271,2271,41.0832232496698,41.2813738441215
EPI_ISL_80820|Human|H1N1|2009.326|NorthAmerica|,2009.326,-563.59,41.2153236459709,2271,2271,41.0832232496698,41.2813738441215
EPI_ISL_80807|Human|H1N1|2009.323|NorthAmerica|,2009.323,-563.59,41.2153236459709,2271,2271,41.0832232496698,41.2813738441215
EPI_ISL_80821|Human|H1N1|2009.326|NorthAmerica|,2009.326,-563.59,41.2153236459709,2271,2271,41.0832232496698,41.2813738441215
EPI_ISL_70176|Human|H1N1|2009.049|Asia|seasonal,2009.049,-557.99,41.1272567151035,2271,2271,40.9511228533686,41.2153236459709
EPI_ISL_70178|Human|H1N1|2008.997|Asia|seasonal,2008.997,-560.2,41.3033905768384,2271,2271,41.2153236459709,41.3474240422721
EPI_ISL_70161|Human|H1N1|2009.033|Asia|seasonal,2009.033,-562.39,41.2593571114047,2271,2271,41.2153236459709,41.2813738441215
EPI_ISL_99232|Human|H1N1|2009.085|NorthAmerica|,2009.085,-561.59,41.2593571114047,2271,2271,41.3474240422721,41.2153236459709
EPI_ISL_208730|Human|H1N1|2008.713|Asia|,2008.713,-565.09,41.3914575077059,2271,2271,41.6116248348745,41.2813738441215
EPI_ISL_77954|Human|H1N1|2009.162|Asia|seasonal,2009.162,-568.19,41.3474240422721,2271,2271,41.4795244385733,41.2813738441215
EPI_ISL_208733|Human|H1N1|2009.126|Asia|,2009.126,-570.22,41.3033905768384,2271,2271,41.3474240422721,41.2813738441215
EPI_ISL_208759|Human|H1N1|2008.79|Asia|,2008.79,-565.09,41.3914575077059,2271,2271,41.6116248348745,41.2813738441215
EPI_ISL_70177|Human|H1N1|2009.068|Asia|seasonal,2009.068,-563.39,41.2775330396476,2270,2271,41.4795244385733,41.1764705882353
EPI_ISL_80815|Human|H1N1|2009.326|NorthAmerica|,2009.326,-568.09,41.4795244385733,2271,2271,41.8758256274769,41.2813738441215
EPI_ISL_70175|Human|H1N1|2009.036|Asia|seasonal,2009.036,-560.29,41.2593571114047,2271,2271,41.2153236459709,41.2813738441215
EPI_ISL_87218|Human|H1N1|2009.118|NorthAmerica|,2009.118,-561.1,41.3914575077059,2271,2271,41.6116248348745,41.2813738441215
EPI_ISL_80812|Human|H1N1|2009.326|NorthAmerica|,2009.326,-560.09,41.523557904007,2271,2271,41.7437252311757,41.4134742404227
EPI_ISL_89591|Human|H1N1|2009.132|NorthAmerica|,2009.132,-564.8,41.4795244385733,2271,2271,41.6116248348745,41.4134742404227
EPI_ISL_62518|Human|H1N1|2009.352|NorthAmerica|seasonal,2009.352,-563.59,41.4354909731396,2271,2271,41.6116248348745,41.3474240422721
EPI_ISL_76128|Human|H1N1|2009.319|NorthAmerica|seasonal,2009.319,-562.29,41.523557904007,2271,2271,41.8758256274769,41.3474240422721
EPI_ISL_80830|Human|H1N1|2009.345|NorthAmerica|,2009.345,-566.79,41.4354909731396,2271,2271,41.4795244385733,41.4134742404227
EPI_ISL_80829|Human|H1N1|2009.332|NorthAmerica|,2009.332,-563.59,41.4354909731396,2271,2271,41.6116248348745,41.3474240422721
EPI_ISL_80793|Human|H1N1|2009.323|NorthAmerica|,2009.323,-566.79,41.4354909731396,2271,2271,41.4795244385733,41.4134742404227
EPI_ISL_80778|Human|H1N1|2009.321|NorthAmerica|,2009.321,-561.99,41.3914575077059,2271,2271,41.4795244385733,41.3474240422721
EPI_ISL_80770|Human|H1N1|2009.318|NorthAmerica|,2009.318,-563.59,41.4354909731396,2271,2271,41.6116248348745,41.3474240422721
EPI_ISL_76125|Human|H1N1|2009.314|NorthAmerica|seasonal,2009.314,-560.29,41.4354909731396,2271,2271,41.6116248348745,41.3474240422721
EPI_ISL_99231|Human|H1N1|2009|Asia|,2009,-565.69,41.3914575077059,2271,2271,41.6116248348745,41.2813738441215
EPI_ISL_95932|Human|H1N1|2008.117|NorthAmerica|,2008.117,-562.19,41.3474240422721,2271,2271,41.4795244385733,41.2813738441215
EPI_ISL_77943|Human|H1N1|2009.086|NorthAmerica|seasonal,2009.086,-564.39,41.3033905768384,2271,2271,41.0832232496698,41.4134742404227
EPI_ISL_70171|Human|H1N1|2009.025|Asia|seasonal,2009.025,-560.8,41.2593571114047,2271,2271,41.2153236459709,41.2813738441215
EPI_ISL_70159|Human|H1N1|2009.011|Asia|seasonal,2009.011,-561.39,41.2153236459709,2271,2271,41.0832232496698,41.2813738441215
EPI_ISL_80800|Human|H1N1|2009.323|NorthAmerica|,2009.323,-569.69,41.3474240422721,2271,2271,41.2153236459709,41.4134742404227
EPI_ISL_80797|Human|H1N1|2009.323|NorthAmerica|,2009.323,-559.29,41.2153236459709,2271,2271,41.0832232496698,41.2813738441215
EPI_ISL_87219|Human|H1N1|2009.121|NorthAmerica|,2009.121,-559.99,41.2593571114047,2271,2271,41.2153236459709,41.2813738441215
EPI_ISL_80771|Human|H1N1|2009.318|NorthAmerica|,2009.318,-561.59,41.2153236459709,2271,2271,41.2153236459709,41.2153236459709
EPI_ISL_80766|Human|H1N1|2009.315|NorthAmerica|,2009.315,-561.59,41.2153236459709,2271,2271,41.2153236459709,41.2153236459709
EPI_ISL_80385|Human|H1N1|2009.321|NorthAmerica|,2009.321,-561.99,41.3474240422721,2271,2271,41.4795244385733,41.2813738441215
EPI_ISL_80822|Human|H1N1|2009.326|NorthAmerica|,2009.326,-561.99,41.3474240422721,2271,2271,41.4795244385733,41.2813738441215
EPI_ISL_80816|Human|H1N1|2009.326|NorthAmerica|,2009.326,-561.99,41.3474240422721,2271,2271,41.4795244385733,41.2813738441215
EPI_ISL_76120|Human|H1N1|2009.319|NorthAmerica|seasonal,2009.319,-557.29,41.1712901805372,2271,2271,40.9511228533686,41.2813738441215
EPI_ISL_78722|Human|H1N1|2009.319|NorthAmerica|seasonal,2009.319,-561.29,41.2593571114047,2271,2271,41.3474240422721,41.2153236459709
EPI_ISL_80818|Human|H1N1|2009.326|NorthAmerica|,2009.326,-561.29,41.2593571114047,2271,2271,41.3474240422721,41.2153236459709
EPI_ISL_80809|Human|H1N1|2009.329|NorthAmerica|,2009.329,-556.99,41.3033905768384,2271,2271,41.2153236459709,41.3474240422721
EPI_ISL_80806|Human|H1N1|2009.323|NorthAmerica|,2009.323,-556.49,41.3033905768384,2271,2271,41.3474240422721,41.2813738441215
EPI_ISL_80787|Human|H1N1|2009.323|NorthAmerica|,2009.323,-561.29,41.2593571114047,2271,2271,41.3474240422721,41.2153236459709
EPI_ISL_80786|Human|H1N1|2009.323|NorthAmerica|,2009.323,-561.29,41.2593571114047,2271,2271,41.3474240422721,41.2153236459709
EPI_ISL_80784|Human|H1N1|2009.321|NorthAmerica|,2009.321,-556.99,41.3033905768384,2271,2271,41.2153236459709,41.3474240422721
EPI_ISL_80772|Human|H1N1|2009.318|NorthAmerica|,2009.318,-556.99,41.3033905768384,2271,2271,41.2153236459709,41.3474240422721
EPI_ISL_144595|Human|H1N1|2009.118|NorthAmerica|,2009.118,-558.4,41.2153236459709,2271,2271,41.0832232496698,41.2813738441215
EPI_ISL_144591|Human|H1N1|2009.167|NorthAmerica|,2009.167,-563.4,41.3474240422721,2271,2271,41.3474240422721,41.3474240422721
EPI_ISL_144594|Human|H1N1|2009.099|NorthAmerica|,2009.099,-560.39,41.3033905768384,2271,2271,41.4795244385733,41.2153236459709
EPI_ISL_87231|Human|H1N1|2009.052|NorthAmerica|,2009.052,-557.69,41.3033905768384,2271,2271,41.2153236459709,41.3474240422721
EPI_ISL_62507|Human|H1N1|2009.318|NorthAmerica|seasonal,2009.318,-568.29,41.3033905768384,2271,2271,41.3474240422721,41.2813738441215
EPI_ISL_80387|Human|H1N1|2009.323|NorthAmerica|,2009.323,-560.8,41.2593571114047,2271,2271,41.2153236459709,41.2813738441215
EPI_ISL_80817|Human|H1N1|2009.326|NorthAmerica|,2009.326,-562.4,41.3474240422721,2271,2271,41.3474240422721,41.3474240422721
EPI_ISL_80804|Human|H1N1|2009.323|NorthAmerica|,2009.323,-564.8,41.3914575077059,2271,2271,41.6116248348745,41.2813738441215
EPI_ISL_99241|Human|H1N1|2009|Asia|,2009,-562.89,41.3474240422721,2271,2271,41.2153236459709,41.4134742404227
EPI_ISL_99236|Human|H1N1|2009|Asia|,2009,-560.8,41.2593571114047,2271,2271,41.2153236459709,41.2813738441215
EPI_ISL_99234|Human|H1N1|2009.162|NorthAmerica|,2009.162,-570.79,41.3033905768384,2271,2271,41.4795244385733,41.2153236459709
EPI_ISL_99233|Human|H1N1|2009.247|NorthAmerica|,2009.247,-557.3,41.1712901805372,2271,2271,40.9511228533686,41.2813738441215
EPI_ISL_77967|Human|H1N1|2009.163|NorthAmerica|seasonal,2009.163,-564.99,41.3474240422721,2271,2271,41.4795244385733,41.2813738441215
EPI_ISL_77937|Human|H1N1|2009.163|NorthAmerica|seasonal,2009.163,-563.7,41.3033905768384,2271,2271,41.3474240422721,41.2813738441215
EPI_ISL_77959|Human|H1N1|2009.086|NorthAmerica|seasonal,2009.086,-560.49,41.1272567151035,2271,2271,40.9511228533686,41.2153236459709
EPI_ISL_77941|Human|H1N1|2009.163|NorthAmerica|seasonal,2009.163,-559.99,41.1712901805372,2271,2271,41.0832232496698,41.2153236459709
EPI_ISL_144607|Human|H1N1|2009.137|NorthAmerica|,2009.137,-562.4,41.3474240422721,2271,2271,41.4795244385733,41.2813738441215
EPI_ISL_144606|Human|H1N1|2009.137|NorthAmerica|,2009.137,-562.4,41.3474240422721,2271,2271,41.4795244385733,41.2813738441215
EPI_ISL_77970|Human|H1N1|2009.163|NorthAmerica|seasonal,2009.163,-562.79,41.2593571114047,2271,2271,41.2153236459709,41.2813738441215
EPI_ISL_144622|Human|H1N1|2009.137|NorthAmerica|,2009.137,-562.4,41.3474240422721,2271,2271,41.4795244385733,41.2813738441215
EPI_ISL_77942|Human|H1N1|2009.438|SouthAmerica|,2009.438,-559.39,41.1712901805372,2271,2271,40.9511228533686,41.2813738441215
EPI_ISL_99235|Human|H1N1|2009.085|Asia|,2009.085,-560.89,41.1712901805372,2271,2271,41.0832232496698,41.2153236459709
EPI_ISL_87207|Human|H1N1|2009.148|NorthAmerica|,2009.148,-559.59,41.3033905768384,2271,2271,41.3474240422721,41.2813738441215
EPI_ISL_62483|Human|H1N1|2009.319|NorthAmerica|seasonal,2009.319,-557.99,41.2593571114047,2271,2271,41.0832232496698,41.3474240422721
EPI_ISL_156324|Human|H1N1|2009.548|Oceania|,2009.548,-559.39,41.2153236459709,2271,2271,41.0832232496698,41.2813738441215
EPI_ISL_80814|Human|H1N1|2009.326|NorthAmerica|,2009.326,-561.79,41.2593571114047,2271,2271,41.0832232496698,41.3474240422721
EPI_ISL_80802|Human|H1N1|2009.326|NorthAmerica|,2009.326,-559.19,41.2153236459709,2271,2271,41.0832232496698,41.2813738441215
EPI_ISL_80781|Human|H1N1|2009.321|NorthAmerica|,2009.321,-559.19,41.2153236459709,2271,2271,41.0832232496698,41.2813738441215
EPI_ISL_80785|Human|H1N1|2009.323|NorthAmerica|,2009.323,-559.19,41.2153236459709,2271,2271,41.0832232496698,41.2813738441215
EPI_ISL_80767|Human|H1N1|2009.318|NorthAmerica|,2009.318,-559.19,41.2153236459709,2271,2271,41.0832232496698,41.2813738441215
EPI_ISL_91038|Human|H1N1|2009.321|NorthAmerica|,2009.321,-559.19,41.2153236459709,2271,2271,41.0832232496698,41.2813738441215
EPI_ISL_80773|Human|H1N1|2009.318|NorthAmerica|,2009.318,-559.69,41.2153236459709,2271,2271,41.0832232496698,41.2813738441215
EPI_ISL_29674|Human|H1N1|2008.653|NorthAmerica|seasonal,2008.653,-557,41.1712901805372,2271,2271,40.9511228533686,41.2813738441215
EPI_ISL_62911|Human|H1N1|2008.657|NorthAmerica|seasonal,2008.657,-560.8,41.2153236459709,2271,2271,41.0832232496698,41.2813738441215
EPI_ISL_62906|Human|H1N1|2008.802|NorthAmerica|seasonal,2008.802,-560.09,41.2153236459709,2271,2271,41.0832232496698,41.2813738441215
EPI_ISL_30232|Human|H1N1|2008.762|NorthAmerica|seasonal,2008.762,-558.1,41.1272567151035,2271,2271,40.9511228533686,41.2153236459709
EPI_ISL_62912|Human|H1N1|2008.6|NorthAmerica|seasonal,2008.6,-558.1,41.1712901805372,2271,2271,41.0832232496698,41.2153236459709
EPI_ISL_87210|Human|H1N1|2009.153|NorthAmerica|,2009.153,-557.99,41.1712901805372,2271,2271,40.8190224570674,41.3474240422721
EPI_ISL_87186|Human|H1N1|2009.11|NorthAmerica|,2009.11,-557.99,41.1712901805372,2271,2271,40.8190224570674,41.3474240422721
EPI_ISL_87215|Human|H1N1|2009.167|NorthAmerica|,2009.167,-557.99,41.2153236459709,2271,2271,40.9511228533686,41.3474240422721
EPI_ISL_87205|Human|H1N1|2009.145|NorthAmerica|,2009.145,-557.79,41.1712901805372,2271,2271,40.9511228533686,41.2813738441215
EPI_ISL_62528|Human|H1N1|2009.399|NorthAmerica|seasonal,2009.399,-557.79,41.2153236459709,2271,2271,41.0832232496698,41.2813738441215
EPI_ISL_87240|Human|H1N1|2009.137|NorthAmerica|,2009.137,-560.29,41.2153236459709,2271,2271,40.9511228533686,41.3474240422721
EPI_ISL_87234|Human|H1N1|2009.112|NorthAmerica|,2009.112,-559.09,41.1712901805372,2271,2271,40.9511228533686,41.2813738441215
EPI_ISL_87220|Human|H1N1|2009.156|NorthAmerica|,2009.156,-557.79,41.1712901805372,2271,2271,40.9511228533686,41.2813738441215
EPI_ISL_87212|Human|H1N1|2009.156|NorthAmerica|,2009.156,-558.69,41.1712901805372,2271,2271,40.9511228533686,41.2813738441215
EPI_ISL_87209|Human|H1N1|2009.151|NorthAmerica|,2009.151,-556.99,41.1272567151035,2271,2271,40.9511228533686,41.2153236459709
EPI_ISL_87195|Human|H1N1|2009.137|NorthAmerica|,2009.137,-557.79,41.1712901805372,2271,2271,40.9511228533686,41.2813738441215
EPI_ISL_87192|Human|H1N1|2009.112|NorthAmerica|,2009.112,-554.99,41.0832232496698,2271,2271,40.8190224570674,41.2153236459709
EPI_ISL_87190|Human|H1N1|2009.107|NorthAmerica|,2009.107,-557.79,41.1712901805372,2271,2271,40.9511228533686,41.2813738441215
EPI_ISL_87185|Human|H1N1|2009.104|NorthAmerica|,2009.104,-557.79,41.1712901805372,2271,2271,40.9511228533686,41.2813738441215
EPI_ISL_89600|Human|H1N1|2009.036|NorthAmerica|,2009.036,-557.79,41.1712901805372,2271,2271,40.9511228533686,41.2813738441215
EPI_ISL_89596|Human|H1N1|2009.142|NorthAmerica|,2009.142,-557.79,41.1272567151035,2271,2271,40.8190224570674,41.2813738441215
EPI_ISL_89947|Human|H1N1|2009.137|NorthAmerica|,2009.137,-558.79,41.2153236459709,2271,2271,40.9511228533686,41.3474240422721
EPI_ISL_89940|Human|H1N1|2009.074|NorthAmerica|,2009.074,-557.79,41.1712901805372,2271,2271,40.9511228533686,41.2813738441215
EPI_ISL_93685|Human|H1N1|2009.115|NorthAmerica|,2009.115,-554.59,41.0832232496698,2271,2271,40.8190224570674,41.2153236459709
EPI_ISL_62519|Human|H1N1|2009.363|NorthAmerica|seasonal,2009.363,-557.79,41.1712901805372,2271,2271,40.9511228533686,41.2813738441215
EPI_ISL_87216|Human|H1N1|2009.118|NorthAmerica|,2009.118,-557.99,41.2593571114047,2271,2271,41.0832232496698,41.3474240422721
EPI_ISL_89599|Human|H1N1|2009.216|NorthAmerica|,2009.216,-557.79,41.1712901805372,2271,2271,40.9511228533686,41.2813738441215
EPI_ISL_89605|Human|H1N1|2009.195|NorthAmerica|,2009.195,-555.49,41.1272567151035,2271,2271,40.8190224570674,41.2813738441215
EPI_ISL_87226|Human|H1N1|2009.186|NorthAmerica|,2009.186,-561.49,41.1272567151035,2271,2271,40.8190224570674,41.2813738441215
EPI_ISL_87225|Human|H1N1|2009.184|NorthAmerica|,2009.184,-561.49,41.1272567151035,2271,2271,40.8190224570674,41.2813738441215
EPI_ISL_87222|Human|H1N1|2009.162|NorthAmerica|,2009.162,-557.79,41.1272567151035,2271,2271,40.9511228533686,41.2153236459709
EPI_ISL_89597|Human|H1N1|2009.159|NorthAmerica|,2009.159,-564.4,41.3033905768384,2271,2271,41.2153236459709,41.3474240422721
EPI_ISL_80390|Human|H1N1|2009.323|NorthAmerica|,2009.323,-555.1,41.0832232496698,2271,2271,40.8190224570674,41.2153236459709
EPI_ISL_80801|Human|H1N1|2009.323|NorthAmerica|,2009.323,-555.1,41.0832232496698,2271,2271,40.8190224570674,41.2153236459709
EPI_ISL_87211|Human|H1N1|2009.082|NorthAmerica|,2009.082,-557.79,41.1712901805372,2271,2271,40.9511228533686,41.2813738441215
EPI_ISL_88954|Human|H1N1|2009.077|NorthAmerica|,2009.077,-557.79,41.1712901805372,2271,2271,40.9511228533686,41.2813738441215
EPI_ISL_87183|Human|H1N1|2009.077|NorthAmerica|,2009.077,-557.79,41.1712901805372,2271,2271,40.9511228533686,41.2813738441215
EPI_ISL_80791|Human|H1N1|2009.326|NorthAmerica|,2009.326,-557.29,41.1272567151035,2271,2271,40.9511228533686,41.2153236459709
EPI_ISL_87223|Human|H1N1|2009.167|NorthAmerica|,2009.167,-554.99,41.1272567151035,2271,2271,40.9511228533686,41.2153236459709
EPI_ISL_87194|Human|H1N1|2009.132|NorthAmerica|,2009.132,-553.69,41.0832232496698,2271,2271,40.8190224570674,41.2153236459709
EPI_ISL_87202|Human|H1N1|2009.14|NorthAmerica|,2009.14,-559.29,41.1712901805372,2271,2271,40.8190224570674,41.3474240422721
EPI_ISL_87236|Human|H1N1|2009.118|NorthAmerica|,2009.118,-557.39,41.1272567151035,2271,2271,40.9511228533686,41.2153236459709
EPI_ISL_87221|Human|H1N1|2009.159|NorthAmerica|,2009.159,-554.99,41.1272567151035,2271,2271,40.9511228533686,41.2153236459709
EPI_ISL_89598|Human|H1N1|2009.159|NorthAmerica|,2009.159,-554.99,41.1272567151035,2271,2271,40.9511228533686,41.2153236459709
EPI_ISL_89593|Human|H1N1|2009.167|NorthAmerica|,2009.167,-554.99,41.1272567151035,2271,2271,40.9511228533686,41.2153236459709
EPI_ISL_87230|Human|H1N1|2009.225|NorthAmerica|,2009.225,-558.49,41.0832232496698,2271,2271,40.8190224570674,41.2153236459709
EPI_ISL_87213|Human|H1N1|2009.162|NorthAmerica|,2009.162,-557.79,41.1272567151035,2271,2271,40.9511228533686,41.2153236459709
EPI_ISL_89590|Human|H1N1|2009.134|NorthAmerica|,2009.134,-561.49,41.2153236459709,2271,2271,41.0832232496698,41.2813738441215
EPI_ISL_87224|Human|H1N1|2009.184|NorthAmerica|,2009.184,-557.79,41.1712901805372,2271,2271,40.9511228533686,41.2813738441215
EPI_ISL_87196|Human|H1N1|2009.137|NorthAmerica|,2009.137,-556.79,41.1272567151035,2271,2271,40.8190224570674,41.2813738441215
EPI_ISL_87238|Human|H1N1|2009.145|NorthAmerica|,2009.145,-558.69,41.1272567151035,2271,2271,40.8190224570674,41.2813738441215
EPI_ISL_87233|Human|H1N1|2009.107|NorthAmerica|,2009.107,-557.79,41.1712901805372,2271,2271,40.9511228533686,41.2813738441215
EPI_ISL_87228|Human|H1N1|2009.195|NorthAmerica|,2009.195,-558.79,41.0832232496698,2271,2271,40.6869220607662,41.2813738441215
EPI_ISL_87208|Human|H1N1|2009.148|NorthAmerica|,2009.148,-562.59,41.1272567151035,2271,2271,40.8190224570674,41.2813738441215
EPI_ISL_87239|Human|H1N1|2009.142|NorthAmerica|,2009.142,-558.79,41.0832232496698,2271,2271,40.6869220607662,41.2813738441215
EPI_ISL_87189|Human|H1N1|2009.11|NorthAmerica|,2009.11,-557.99,41.2153236459709,2271,2271,40.9511228533686,41.3474240422721
EPI_ISL_87214|Human|H1N1|2009.162|NorthAmerica|,2009.162,-557.99,41.2153236459709,2271,2271,40.9511228533686,41.3474240422721
EPI_ISL_87187|Human|H1N1|2009.112|NorthAmerica|,2009.112,-557.99,41.2153236459709,2271,2271,40.9511228533686,41.3474240422721
EPI_ISL_87235|Human|H1N1|2009.115|NorthAmerica|,2009.115,-557.99,41.2153236459709,2271,2271,40.9511228533686,41.3474240422721
EPI_ISL_87206|Human|H1N1|2009.145|NorthAmerica|,2009.145,-557.99,41.2153236459709,2271,2271,40.9511228533686,41.3474240422721
EPI_ISL_87203|Human|H1N1|2009.134|NorthAmerica|,2009.134,-557.99,41.2153236459709,2271,2271,40.9511228533686,41.3474240422721
EPI_ISL_87193|Human|H1N1|2009.112|NorthAmerica|,2009.112,-557.99,41.2153236459709,2271,2271,40.9511228533686,41.3474240422721
EPI_ISL_89604|Human|H1N1|2009.093|NorthAmerica|,2009.093,-557.49,41.1712901805372,2271,2271,40.8190224570674,41.3474240422721
EPI_ISL_89603|Human|H1N1|2009.079|NorthAmerica|,2009.079,-557.99,41.2153236459709,2271,2271,40.9511228533686,41.3474240422721
EPI_ISL_89602|Human|H1N1|2009.077|NorthAmerica|,2009.077,-557.99,41.2153236459709,2271,2271,40.9511228533686,41.3474240422721
EPI_ISL_89601|Human|H1N1|2009.058|NorthAmerica|,2009.058,-557.99,41.2153236459709,2271,2271,40.9511228533686,41.3474240422721
EPI_ISL_89595|Human|H1N1|2009.118|NorthAmerica|,2009.118,-557.99,41.2153236459709,2271,2271,40.9511228533686,41.3474240422721
EPI_ISL_89592|Human|H1N1|2009.137|NorthAmerica|,2009.137,-557.99,41.2593571114047,2271,2271,40.9511228533686,41.4134742404227
EPI_ISL_87229|Human|H1N1|2009.222|NorthAmerica|,2009.222,-557.99,41.2153236459709,2271,2271,40.9511228533686,41.3474240422721
EPI_ISL_89589|Human|H1N1|2009.093|NorthAmerica|,2009.093,-557.99,41.2153236459709,2271,2271,40.9511228533686,41.3474240422721
EPI_ISL_87204|Human|H1N1|2009.137|NorthAmerica|,2009.137,-556.29,41.1712901805372,2271,2271,40.9511228533686,41.2813738441215
EPI_ISL_144596|Human|H1N1|2009.156|NorthAmerica|,2009.156,-558.59,41.2153236459709,2271,2271,41.0832232496698,41.2813738441215
EPI_ISL_62802|Human|H1N1|2008.146|NorthAmerica|seasonal,2008.146,-557.89,41.523557904007,2271,2271,42.0079260237781,41.2813738441215
EPI_ISL_71839|Human|H1N1|2007|NorthAmerica|seasonal,2007,-560.69,41.3033905768384,2271,2271,41.3474240422721,41.2813738441215
EPI_ISL_116011|Human|H1N1|2008.486|Asia|,2008.486,-577.69,41.1712901805372,2271,2271,41.2153236459709,41.1492734478203
EPI_ISL_116010|Human|H1N1|2008.59|Asia|,2008.59,-577.69,41.1712901805372,2271,2271,41.2153236459709,41.1492734478203
EPI_ISL_106671|Human|H1N1|2008.574|Asia|,2008.574,-570.49,41.2153236459709,2271,2271,41.4795244385733,41.0832232496698
EPI_ISL_127615|Human|H1N1|2007|NorthAmerica|,2007,-566.09,41.2153236459709,2271,2271,40.9511228533686,41.3474240422721
EPI_ISL_15602|Human|H1N1|2006|Europe|seasonal,2006,-569.72,41.3033905768384,2271,2271,41.3474240422721,41.2813738441215
EPI_ISL_123192|Human|H1N1|2004|NorthAmerica|,2004,-572.62,41.3033905768384,2271,2271,41.2153236459709,41.3474240422721
EPI_ISL_145700|Human|H1N1|2007.395|Asia|,2007.395,-579.42,41.2153236459709,2271,2271,40.8190224570674,41.4134742404227
EPI_ISL_145699|Human|H1N1|2007.364|Asia|,2007.364,-576.82,41.2153236459709,2271,2271,40.6869220607662,41.4795244385733
EPI_ISL_151781|Human|H1N1|2007.351|Asia|,2007.351,-577.52,41.2153236459709,2271,2271,40.554821664465,41.5455746367239
EPI_ISL_151783|Human|H1N1|2007.351|Asia|,2007.351,-574.32,41.2153236459709,2271,2271,40.6869220607662,41.4795244385733
EPI_ISL_145698|Human|H1N1|2007.395|Asia|,2007.395,-577.52,41.2153236459709,2271,2271,40.554821664465,41.5455746367239
EPI_ISL_181327|Human|H1N1|2007.375|Asia|,2007.375,-574.32,41.2153236459709,2271,2271,40.6869220607662,41.4795244385733
EPI_ISL_93587|Human|H1N1|2008.82|Asia|,2008.82,-567.5,41.2593571114047,2271,2271,40.6869220607662,41.5455746367239
EPI_ISL_93593|Human|H1N1|2008.762|Asia|,2008.762,-581.02,41.3033905768384,2271,2271,40.8190224570674,41.5455746367239
EPI_ISL_33558|Human|H1N1|2008|Asia|seasonal,2008,-574.12,41.3914575077059,2271,2271,41.0832232496698,41.5455746367239
EPI_ISL_33557|Human|H1N1|2008|Asia|seasonal,2008,-574.12,41.3914575077059,2271,2271,41.0832232496698,41.5455746367239
EPI_ISL_93599|Human|H1N1|2008.781|Asia|,2008.781,-581.42,41.5675913694408,2271,2271,41.6116248348745,41.5455746367239
EPI_ISL_63397|Human|H1N1|2007.971|Asia|seasonal,2007.971,-578.3,41.3033905768384,2271,2271,40.8190224570674,41.5455746367239
EPI_ISL_33559|Human|H1N1|2008|Asia|seasonal,2008,-575,41.4354909731396,2271,2271,41.2153236459709,41.5455746367239
EPI_ISL_33556|Human|H1N1|2008|Asia|seasonal,2008,-577.4,41.4795244385733,2271,2271,41.3474240422721,41.5455746367239
EPI_ISL_120440|Human|H1N1|2007.499|Asia|,2007.499,-575.52,41.2593571114047,2271,2271,40.8190224570674,41.4795244385733
EPI_ISL_181326|Human|H1N1|2007.364|Asia|,2007.364,-577.52,41.2153236459709,2271,2271,40.554821664465,41.5455746367239
EPI_ISL_120445|Human|H1N1|2007.556|Asia|,2007.556,-578.62,41.1272567151035,2271,2271,40.4227212681638,41.4795244385733
EPI_ISL_151784|Human|H1N1|2007.354|Asia|,2007.354,-578.22,41.2593571114047,2271,2271,40.6869220607662,41.5455746367239
EPI_ISL_181325|Human|H1N1|2007.351|Asia|,2007.351,-577.52,41.2153236459709,2271,2271,40.554821664465,41.5455746367239
EPI_ISL_120438|Human|H1N1|2007.107|Asia|,2007.107,-578.22,41.2153236459709,2271,2271,40.6869220607662,41.4795244385733
EPI_ISL_120437|Human|H1N1|2007.088|Asia|,2007.088,-578.02,41.1712901805372,2271,2271,40.554821664465,41.4795244385733
EPI_ISL_120436|Human|H1N1|2007.088|Asia|,2007.088,-578.02,41.1712901805372,2271,2271,40.554821664465,41.4795244385733
EPI_ISL_181328|Human|H1N1|2007.386|Asia|,2007.386,-577.52,41.2153236459709,2271,2271,40.554821664465,41.5455746367239
EPI_ISL_120439|Human|H1N1|2007.444|Asia|,2007.444,-577.52,41.1272567151035,2271,2271,40.4227212681638,41.4795244385733
EPI_ISL_70167|Human|H1N1|2008.016|Asia|seasonal,2008.016,-577.22,40.9070893879348,2271,2271,40.0264200792602,41.3474240422721
EPI_ISL_70173|Human|H1N1|2008.139|Asia|seasonal,2008.139,-576.12,40.9511228533686,2271,2271,40.0264200792602,41.4134742404227
EPI_ISL_70157|Human|H1N1|2008.011|Asia|seasonal,2008.011,-578.22,40.9070893879348,2271,2271,39.7622192866579,41.4795244385733
EPI_ISL_70174|Human|H1N1|2008.183|Asia|seasonal,2008.183,-569.32,40.8630559225011,2271,2271,39.6301188903567,41.4795244385733
EPI_ISL_106750|Human|H1N1|2008.954|Asia|,2008.954,-576.92,40.9070893879348,2271,2271,39.7622192866579,41.4795244385733
EPI_ISL_106730|Human|H1N1|2008.861|Asia|,2008.861,-576.92,40.9070893879348,2271,2271,39.7622192866579,41.4795244385733
EPI_ISL_106675|Human|H1N1|2008.5|Asia|,2008.5,-578.22,40.9511228533686,2271,2271,39.8943196829591,41.4795244385733
EPI_ISL_115857|Human|H1N1|2008.858|Asia|,2008.858,-579.12,40.8190224570674,2271,2271,39.4980184940555,41.4795244385733
EPI_ISL_106752|Human|H1N1|2008.536|Asia|,2008.536,-575.32,40.9511228533686,2271,2271,39.7622192866579,41.5455746367239
EPI_ISL_106712|Human|H1N1|2008.746|Asia|,2008.746,-579.72,40.9070893879348,2271,2271,39.7622192866579,41.4795244385733
EPI_ISL_106711|Human|H1N1|2008.746|Asia|,2008.746,-577.32,40.8630559225011,2271,2271,39.7622192866579,41.4134742404227
EPI_ISL_106691|Human|H1N1|2008.678|Asia|,2008.678,-580.02,40.9951563188023,2271,2271,39.8943196829591,41.5455746367239
EPI_ISL_116006|Human|H1N1|2008.648|Asia|,2008.648,-576.82,40.8630559225011,2271,2271,39.6301188903567,41.4795244385733
EPI_ISL_116012|Human|H1N1|2008.522|Asia|,2008.522,-576.92,40.9070893879348,2271,2271,39.7622192866579,41.4795244385733
EPI_ISL_70163|Human|H1N1|2008.055|Asia|seasonal,2008.055,-576.12,40.9070893879348,2271,2271,39.8943196829591,41.4134742404227
EPI_ISL_93581|Human|H1N1|2007.211|Asia|,2007.211,-566.22,41.039189784236,2271,2271,40.6869220607662,41.2153236459709
EPI_ISL_7803|Human|H1N1|2007.058|NorthAmerica|seasonal,2007.058,-579.72,41.0832232496698,2271,2271,40.4227212681638,41.4134742404227
EPI_ISL_93597|Human|H1N1|2006.504|Asia|,2006.504,-579.42,41.2153236459709,2271,2271,40.8190224570674,41.4134742404227
EPI_ISL_93580|Human|H1N1|2006.392|Asia|,2006.392,-578.72,41.2153236459709,2271,2271,40.6869220607662,41.4795244385733
EPI_ISL_25031|Human|H1N1|2006|Europe|seasonal,2006,-584.42,41.2593571114047,2271,2271,40.9511228533686,41.4134742404227
EPI_ISL_123193|Human|H1N1|2004|Asia|,2004,-574.42,41.2153236459709,2271,2271,40.9511228533686,41.3474240422721
EPI_ISL_12839|Human|H1N1|2006|Asia|seasonal,2006,-574.02,41.4354909731396,2271,2271,41.8758256274769,41.2153236459709
EPI_ISL_12838|Human|H1N1|2006|Asia|seasonal,2006,-576.22,41.523557904007,2271,2271,42.0079260237781,41.2813738441215
EPI_ISL_120427|Human|H1N1|2005.573|Asia|,2005.573,-575.9,41.4795244385733,2271,2271,41.7437252311757,41.3474240422721
EPI_ISL_120428|Human|H1N1|2005.605|Asia|,2005.605,-573.6,41.4795244385733,2271,2271,41.7437252311757,41.3474240422721
EPI_ISL_120431|Human|H1N1|2006.334|Asia|,2006.334,-572.5,41.4354909731396,2271,2271,41.4795244385733,41.4134742404227
EPI_ISL_93576|Human|H1N1|2005.989|Asia|,2005.989,-575.9,41.4795244385733,2271,2271,41.7437252311757,41.3474240422721
EPI_ISL_29642|Human|H1N1|2006.816|Asia|seasonal,2006.816,-571.32,41.3474240422721,2271,2271,41.3474240422721,41.3474240422721
EPI_ISL_99209|Human|H1N1|2006|Asia|,2006,-574.62,41.7437252311757,2271,2271,42.0079260237781,41.6116248348745
EPI_ISL_120435|Human|H1N1|2007.011|Asia|,2007.011,-584.42,41.5675913694408,2271,2271,41.7437252311757,41.4795244385733
EPI_ISL_120433|Human|H1N1|2006.759|Asia|,2006.759,-580.3,41.4795244385733,2271,2271,41.6116248348745,41.4134742404227
EPI_ISL_120432|Human|H1N1|2006.545|Asia|,2006.545,-575.2,41.4354909731396,2271,2271,41.6116248348745,41.3474240422721
EPI_ISL_106670|Human|H1N1|2006.57|Asia|,2006.57,-577.8,41.523557904007,2271,2271,41.8758256274769,41.3474240422721
EPI_ISL_106669|Human|H1N1|2006.564|Asia|,2006.564,-573.6,41.523557904007,2271,2271,41.8758256274769,41.3474240422721
EPI_ISL_106640|Human|H1N1|2006.584|Asia|,2006.584,-574.8,41.523557904007,2271,2271,41.8758256274769,41.3474240422721
EPI_ISL_116064|Human|H1N1|2006.447|Asia|,2006.447,-574.8,41.523557904007,2271,2271,41.8758256274769,41.3474240422721
EPI_ISL_116063|Human|H1N1|2006.384|Asia|,2006.384,-576.6,41.4795244385733,2271,2271,41.7437252311757,41.3474240422721
EPI_ISL_106639|Human|H1N1|2006.463|Asia|,2006.463,-572,41.5675913694408,2271,2271,42.0079260237781,41.3474240422721
EPI_ISL_93591|Human|H1N1|2006.033|Asia|,2006.033,-576.8,41.4354909731396,2271,2271,41.6116248348745,41.3474240422721
EPI_ISL_7816|Human|H1N1|2007.101|NorthAmerica|seasonal,2007.101,-576.2,41.4354909731396,2271,2271,41.6116248348745,41.3474240422721
EPI_ISL_7938|Human|H1N1|2007.126|NorthAmerica|seasonal,2007.126,-577.7,41.4795244385733,2271,2271,41.7437252311757,41.3474240422721
EPI_ISL_93584|Human|H1N1|2008.716|Asia|,2008.716,-575.4,41.4354909731396,2271,2271,41.6116248348745,41.3474240422721
EPI_ISL_93592|Human|H1N1|2006.008|Asia|,2006.008,-575.4,41.4354909731396,2271,2271,41.6116248348745,41.3474240422721
EPI_ISL_12836|Human|H1N1|2006|Asia|seasonal,2006,-573.8,41.4354909731396,2271,2271,41.6116248348745,41.3474240422721
EPI_ISL_12835|Human|H1N1|2006|Asia|seasonal,2006,-570.92,41.4354909731396,2271,2271,41.7437252311757,41.2813738441215
EPI_ISL_93579|Human|H1N1|2006.121|Asia|,2006.121,-571.7,41.4354909731396,2271,2271,41.4795244385733,41.4134742404227
EPI_ISL_93600|Human|H1N1|2006.493|Asia|,2006.493,-581.22,41.523557904007,2271,2271,41.7437252311757,41.4134742404227
EPI_ISL_120426|Human|H1N1|2004.809|Asia|,2004.809,-571.02,41.4354909731396,2271,2271,41.7437252311757,41.2813738441215
EPI_ISL_123186|Human|H1N1|2001|Asia|,2001,-573.42,41.4354909731396,2271,2271,41.8758256274769,41.2153236459709
EPI_ISL_9127|Human|H1N1|2004.697|Oceania|seasonal,2004.697,-574.02,41.2153236459709,2271,2271,40.9511228533686,41.3474240422721
EPI_ISL_120430|Human|H1N1|2005.929|Asia|,2005.929,-571.72,41.3033905768384,2271,2271,41.4795244385733,41.2153236459709
EPI_ISL_120429|Human|H1N1|2005.912|Asia|,2005.912,-571.72,41.3033905768384,2271,2271,41.4795244385733,41.2153236459709
EPI_ISL_120434|Human|H1N1|2006.921|Asia|,2006.921,-571.8,41.4354909731396,2271,2271,41.8758256274769,41.2153236459709
EPI_ISL_25710|Human|H1N1|2006.225|Europe|seasonal,2006.225,-564.09,40.9951563188023,2271,2271,40.9511228533686,41.0171730515192
EPI_ISL_25708|Human|H1N1|2006.244|Europe|seasonal,2006.244,-564.09,40.9951563188023,2271,2271,40.9511228533686,41.0171730515192
EPI_ISL_208699|Human|H1N1|2007.789|Asia|,2007.789,-557.4,41.0832232496698,2271,2271,40.554821664465,41.3474240422721
EPI_ISL_208698|Human|H1N1|2007.767|Asia|,2007.767,-557.4,41.0832232496698,2271,2271,40.554821664465,41.3474240422721
EPI_ISL_8026|Human|H1N1|2007.104|NorthAmerica|seasonal,2007.104,-561.99,41.1712901805372,2271,2271,40.9511228533686,41.2813738441215
EPI_ISL_7825|Human|H1N1|2007.047|NorthAmerica|seasonal,2007.047,-564.79,41.2593571114047,2271,2271,41.2153236459709,41.2813738441215
EPI_ISL_7784|Human|H1N1|2007.137|NorthAmerica|seasonal,2007.137,-565.79,41.3033905768384,2271,2271,41.3474240422721,41.2813738441215
EPI_ISL_7805|Human|H1N1|2007.14|NorthAmerica|seasonal,2007.14,-565.19,41.2153236459709,2271,2271,41.0832232496698,41.2813738441215
EPI_ISL_8025|Human|H1N1|2007.162|NorthAmerica|seasonal,2007.162,-565.19,41.2153236459709,2271,2271,41.0832232496698,41.2813738441215
EPI_ISL_7811|Human|H1N1|2007.162|NorthAmerica|seasonal,2007.162,-562.39,41.1272567151035,2271,2271,40.8190224570674,41.2813738441215
EPI_ISL_95933|Human|H1N1|2008.096|NorthAmerica|,2008.096,-565.3,41.2153236459709,2271,2271,41.0832232496698,41.2813738441215
EPI_ISL_208748|Human|H1N1|2007.863|Asia|,2007.863,-560.79,41.039189784236,2271,2271,40.6869220607662,41.2153236459709
EPI_ISL_71838|Human|H1N1|2007|Oceania|seasonal,2007,-567.19,41.2153236459709,2271,2271,40.8190224570674,41.4134742404227
EPI_ISL_154509|Human|H1N1|2007|Oceania|,2007,-567.19,41.2153236459709,2271,2271,40.8190224570674,41.4134742404227
EPI_ISL_154508|Human|H1N1|2007|Oceania|,2007,-567.19,41.2153236459709,2271,2271,40.8190224570674,41.4134742404227
EPI_ISL_154506|Human|H1N1|2007|Oceania|,2007,-567.19,41.2153236459709,2271,2271,40.8190224570674,41.4134742404227
EPI_ISL_154507|Human|H1N1|2007|Oceania|,2007,-567.19,41.2153236459709,2271,2271,40.8190224570674,41.4134742404227
EPI_ISL_154505|Human|H1N1|2007|Oceania|,2007,-567.19,41.2153236459709,2271,2271,40.8190224570674,41.4134742404227
EPI_ISL_154504|Human|H1N1|2007|Oceania|,2007,-567.19,41.2153236459709,2271,2271,40.8190224570674,41.4134742404227
EPI_ISL_154503|Human|H1N1|2007|Oceania|,2007,-567.19,41.2153236459709,2271,2271,40.8190224570674,41.4134742404227
EPI_ISL_154502|Human|H1N1|2007|Oceania|,2007,-567.19,41.2153236459709,2271,2271,40.8190224570674,41.4134742404227
EPI_ISL_154501|Human|H1N1|2007|Oceania|,2007,-567.19,41.2153236459709,2271,2271,40.8190224570674,41.4134742404227
EPI_ISL_154500|Human|H1N1|2007|Oceania|,2007,-567.19,41.2153236459709,2271,2271,40.8190224570674,41.4134742404227
EPI_ISL_154498|Human|H1N1|2007|Oceania|,2007,-567.19,41.2153236459709,2271,2271,40.8190224570674,41.4134742404227
EPI_ISL_154497|Human|H1N1|2007|Oceania|,2007,-567.19,41.2153236459709,2271,2271,40.8190224570674,41.4134742404227
EPI_ISL_154496|Human|H1N1|2007|Oceania|,2007,-567.19,41.2153236459709,2271,2271,40.8190224570674,41.4134742404227
EPI_ISL_154495|Human|H1N1|2007|Oceania|,2007,-567.19,41.2153236459709,2271,2271,40.8190224570674,41.4134742404227
EPI_ISL_154494|Human|H1N1|2007|Oceania|,2007,-567.19,41.2153236459709,2271,2271,40.8190224570674,41.4134742404227
EPI_ISL_154493|Human|H1N1|2007|Oceania|,2007,-567.19,41.2153236459709,2271,2271,40.8190224570674,41.4134742404227
EPI_ISL_154492|Human|H1N1|2007|Oceania|,2007,-567.19,41.2153236459709,2271,2271,40.8190224570674,41.4134742404227
EPI_ISL_154491|Human|H1N1|2007|Oceania|,2007,-567.19,41.2153236459709,2271,2271,40.8190224570674,41.4134742404227
EPI_ISL_154490|Human|H1N1|2007|Oceania|,2007,-567.19,41.2153236459709,2271,2271,40.8190224570674,41.4134742404227
EPI_ISL_154489|Human|H1N1|2007|Oceania|,2007,-567.19,41.2153236459709,2271,2271,40.8190224570674,41.4134742404227
EPI_ISL_154486|Human|H1N1|2007|Oceania|,2007,-567.19,41.2153236459709,2271,2271,40.8190224570674,41.4134742404227
EPI_ISL_154485|Human|H1N1|2007|Oceania|,2007,-567.09,41.2593571114047,2271,2271,40.9511228533686,41.4134742404227
EPI_ISL_154484|Human|H1N1|2007|Oceania|,2007,-567.19,41.2153236459709,2271,2271,40.8190224570674,41.4134742404227
EPI_ISL_154483|Human|H1N1|2007|Oceania|,2007,-567.19,41.2153236459709,2271,2271,40.8190224570674,41.4134742404227
EPI_ISL_154482|Human|H1N1|2007|Oceania|,2007,-567.19,41.2153236459709,2271,2271,40.8190224570674,41.4134742404227
EPI_ISL_154481|Human|H1N1|2007|Oceania|,2007,-567.19,41.2153236459709,2271,2271,40.8190224570674,41.4134742404227
EPI_ISL_154480|Human|H1N1|2007|Oceania|,2007,-567.19,41.2153236459709,2271,2271,40.8190224570674,41.4134742404227
EPI_ISL_154478|Human|H1N1|2007|Oceania|,2007,-567.09,41.2593571114047,2271,2271,40.9511228533686,41.4134742404227
EPI_ISL_154477|Human|H1N1|2007|Oceania|,2007,-567.19,41.2153236459709,2271,2271,40.8190224570674,41.4134742404227
EPI_ISL_154487|Human|H1N1|2007|Oceania|,2007,-567.19,41.2153236459709,2271,2271,40.8190224570674,41.4134742404227
EPI_ISL_93583|Human|H1N1|2008.79|Asia|,2008.79,-564.99,41.2593571114047,2271,2271,40.8190224570674,41.4795244385733
EPI_ISL_30205|Human|H1N1|2007.658|Asia|seasonal,2007.658,-564.9,41.2153236459709,2271,2271,41.2153236459709,41.2153236459709
EPI_ISL_62798|Human|H1N1|2008.138|NorthAmerica|seasonal,2008.138,-569.09,41.1712901805372,2271,2271,40.9511228533686,41.2813738441215
EPI_ISL_164010|Human|H1N1|2007.959|Europe|seasonal,2007.959,-565.79,41.1816578483245,2268,2268,41.005291005291,41.2698412698413
EPI_ISL_154499|Human|H1N1|2007|Oceania|,2007,-567.19,41.2153236459709,2271,2271,40.8190224570674,41.4134742404227
EPI_ISL_154488|Human|H1N1|2007|Oceania|,2007,-567.19,41.2153236459709,2271,2271,40.8190224570674,41.4134742404227
EPI_ISL_154479|Human|H1N1|2007|Oceania|,2007,-567.19,41.2153236459709,2271,2271,40.8190224570674,41.4134742404227
EPI_ISL_30209|Human|H1N1|2008.005|Asia|seasonal,2008.005,-560.89,41.3033905768384,2271,2271,41.2153236459709,41.3474240422721
EPI_ISL_62785|Human|H1N1|2008.116|NorthAmerica|seasonal,2008.116,-556.09,41.0832232496698,2271,2271,40.6869220607662,41.2813738441215
EPI_ISL_62779|Human|H1N1|2008.092|NorthAmerica|seasonal,2008.092,-559.89,41.1272567151035,2271,2271,40.6869220607662,41.3474240422721
EPI_ISL_70165|Human|H1N1|2008.169|Asia|seasonal,2008.169,-564.49,41.2153236459709,2271,2271,40.8190224570674,41.4134742404227
EPI_ISL_62780|Human|H1N1|2008.094|NorthAmerica|seasonal,2008.094,-558.49,41.0832232496698,2271,2271,40.554821664465,41.3474240422721
EPI_ISL_70168|Human|H1N1|2008.137|Asia|seasonal,2008.137,-558.59,40.9951563188023,2271,2271,40.2906208718626,41.3474240422721
EPI_ISL_62839|Human|H1N1|2008.085|NorthAmerica|seasonal,2008.085,-563.29,41.1272567151035,2271,2271,40.6869220607662,41.3474240422721
EPI_ISL_70158|Human|H1N1|2008.074|Asia|seasonal,2008.074,-563.99,41.0753635962979,2269,2271,40.554821664465,41.3359788359788
EPI_ISL_63357|Human|H1N1|2007.925|NorthAmerica|seasonal,2007.925,-559.89,41.1272567151035,2271,2271,40.6869220607662,41.3474240422721
EPI_ISL_78568|Human|H1N1|2007|SouthAmerica|seasonal,2007,-568.99,41.2153236459709,2271,2271,40.9511228533686,41.3474240422721
EPI_ISL_208761|Human|H1N1|2007.718|Asia|,2007.718,-561.49,41.1712901805372,2271,2271,40.8190224570674,41.3474240422721
EPI_ISL_164015|Human|H1N1|2008.022|Europe|seasonal,2008.022,-563,41.1375661375661,2268,2268,40.7407407407407,41.3359788359788
EPI_ISL_164012|Human|H1N1|2008.003|Europe|seasonal,2008.003,-561.69,40.9611992945326,2268,2268,40.2116402116402,41.3359788359788
EPI_ISL_70164|Human|H1N1|2008.074|Asia|seasonal,2008.074,-572.09,41.1712901805372,2271,2271,40.6869220607662,41.4134742404227
EPI_ISL_356930|Human|H1N1|2007.51|Oceania|seasonal,2007.51,-521.39,41.0561370123692,2102,2103,40.7988587731812,41.1848679514632
EPI_ISL_28850|Human|H1N1|2008.066|Asia|seasonal,2008.066,-564.09,41.1272567151035,2271,2271,40.8190224570674,41.2813738441215
EPI_ISL_70172|Human|H1N1|2008.131|Asia|seasonal,2008.131,-564.59,41.1712901805372,2271,2271,40.9511228533686,41.2813738441215
EPI_ISL_208747|Human|H1N1|2007.748|Asia|,2007.748,-564.5,41.2153236459709,2271,2271,41.2153236459709,41.2153236459709
EPI_ISL_208689|Human|H1N1|2007.929|Asia|,2007.929,-563.8,41.3474240422721,2271,2271,41.4795244385733,41.2813738441215
EPI_ISL_208764|Human|H1N1|2007.923|Asia|,2007.923,-563.8,41.3474240422721,2271,2271,41.4795244385733,41.2813738441215
EPI_ISL_208688|Human|H1N1|2007.795|Asia|,2007.795,-559.7,41.2153236459709,2271,2271,41.2153236459709,41.2153236459709
EPI_ISL_25713|Human|H1N1|2007.997|Europe|seasonal,2007.997,-565.9,41.2593571114047,2271,2271,40.9511228533686,41.4134742404227
EPI_ISL_62957|Human|H1N1|2008.026|NorthAmerica|seasonal,2008.026,-563.39,41.3033905768384,2271,2271,41.2153236459709,41.3474240422721
EPI_ISL_164017|Human|H1N1|2008.027|Europe|seasonal,2008.027,-562.99,41.2698412698413,2268,2268,41.1375661375661,41.3359788359788
EPI_ISL_29776|Human|H1N1|2008.563|NorthAmerica|seasonal,2008.563,-567.7,41.2593571114047,2271,2271,41.0832232496698,41.3474240422721
EPI_ISL_30234|Human|H1N1|2008.486|NorthAmerica|seasonal,2008.486,-566.1,41.2153236459709,2271,2271,41.0832232496698,41.2813738441215
EPI_ISL_29672|Human|H1N1|2008.437|NorthAmerica|seasonal,2008.437,-566.1,41.2153236459709,2271,2271,41.0832232496698,41.2813738441215
EPI_ISL_29673|Human|H1N1|2008.434|NorthAmerica|seasonal,2008.434,-566.1,41.2153236459709,2271,2271,41.0832232496698,41.2813738441215
EPI_ISL_29777|Human|H1N1|2008.443|NorthAmerica|seasonal,2008.443,-566.1,41.2153236459709,2271,2271,41.0832232496698,41.2813738441215
EPI_ISL_62910|Human|H1N1|2008.499|NorthAmerica|seasonal,2008.499,-566.2,41.2593571114047,2271,2271,41.2153236459709,41.2813738441215
EPI_ISL_30790|Human|H1N1|2008.434|NorthAmerica|seasonal,2008.434,-566.1,41.2153236459709,2271,2271,41.0832232496698,41.2813738441215
EPI_ISL_78571|Human|H1N1|2007|SouthAmerica|seasonal,2007,-563.09,41.2593571114047,2271,2271,41.2153236459709,41.2813738441215
EPI_ISL_78570|Human|H1N1|2007|SouthAmerica|seasonal,2007,-560.79,41.1712901805372,2271,2271,41.0832232496698,41.2153236459709
EPI_ISL_78569|Human|H1N1|2007|SouthAmerica|seasonal,2007,-566.19,41.3474240422721,2271,2271,41.4795244385733,41.2813738441215
EPI_ISL_164009|Human|H1N1|2007.806|Europe|seasonal,2007.806,-560.4,41.005291005291,2268,2268,40.3439153439153,41.3359788359788
EPI_ISL_120441|Human|H1N1|2007.638|Asia|,2007.638,-563.29,41.1272567151035,2271,2271,40.8190224570674,41.2813738441215
EPI_ISL_120442|Human|H1N1|2007.827|Asia|,2007.827,-567.09,41.2593571114047,2271,2271,40.8190224570674,41.4795244385733
EPI_ISL_77969|Human|H1N1|2009.023|NorthAmerica|seasonal,2009.023,-560.89,41.3914575077059,2271,2271,41.6116248348745,41.2813738441215
EPI_ISL_77966|Human|H1N1|2009.163|NorthAmerica|seasonal,2009.163,-564.54,41.3033905768384,2271,2271,41.3474240422721,41.2813738441215
