EPI_ISL_1111|Human|H5N1|1997|Asia|,1997,-587.8,43.9753737906772,2274,2274,47.2295514511873,42.3482849604222
EPI_ISL_1193|Human|H5N1|1997|Asia|,1997,-595.8,43.9753737906772,2274,2274,47.3614775725594,42.2823218997361
EPI_ISL_1195|Human|H5N1|1997|Asia|,1997,-593.9,44.0633245382586,2274,2274,47.2295514511873,42.4802110817942
EPI_ISL_1189|Human|H5N1|1998|Asia|,1998,-598,44.0633245382586,2274,2274,47.3614775725594,42.4142480211082
EPI_ISL_1190|Human|H5N1|1997|Asia|,1997,-599.4,44.1952506596306,2274,2274,47.3614775725594,42.6121372031662
EPI_ISL_1112|Human|H5N1|1997|Asia|,1997,-592.9,44.0193491644679,2274,2274,47.0976253298153,42.4802110817942
EPI_ISL_964|Human|H5N1|1997|Asia|,1997,-599.1,43.8434476693052,2274,2274,46.9656992084433,42.2823218997361
EPI_ISL_963|Human|H5N1|1997|Asia|,1997,-586.3,43.9753737906772,2274,2274,47.2295514511873,42.3482849604222
EPI_ISL_965|Human|H5N1|1997|Asia|,1997,-589.8,43.9753737906772,2274,2274,46.9656992084433,42.4802110817942
EPI_ISL_954|Human|H5N1|1997|Asia|,1997,-588.5,43.9313984168865,2274,2274,46.8337730870712,42.4802110817942
EPI_ISL_268|Human|H5N1|2003|Asia|,2003,-593.8,42.9766622633201,2271,2271,45.442536327609,41.7437252311757
EPI_ISL_3842|Human|H5N1|2003|Asia|,2003,-593.8,42.9766622633201,2271,2271,45.442536327609,41.7437252311757
EPI_ISL_3837|Human|H5N1|2004|Asia|,2004,-584.1,42.7124614707177,2271,2271,44.9141347424042,41.6116248348745
EPI_ISL_3836|Human|H5N1|2004|Asia|,2004,-584.7,42.7124614707177,2271,2271,44.9141347424042,41.6116248348745
EPI_ISL_4158|Human|H5N1|2004|Asia|,2004,-591.4,43.1216931216931,2268,2268,45.5026455026455,41.9312169312169
EPI_ISL_4156|Human|H5N1|2004|Asia|,2004,-580.5,43.1503792949576,2241,2241,45.9170013386881,41.7670682730924
EPI_ISL_4155|Human|H5N1|2004|Asia|,2004,-593.2,43.2098765432099,2268,2268,46.031746031746,41.7989417989418
EPI_ISL_4138|Swine|H5N1|2003|Asia|,2003,-601.1,44.0334654337296,2271,2271,48.4808454425363,41.8097754293263
EPI_ISL_4046|Human|H5N1|2004|Asia|,2004,-586.1,42.8005284015852,2271,2271,45.0462351387054,41.6776750330251
EPI_ISL_4632|Feline|H5N1|2004|Asia|,2004,-568.7,42.7041499330656,2241,2241,44.8460508701473,41.6331994645248
EPI_ISL_4580|Swine|H5N1|2001|Asia|,2001,-595,43.2848965213562,2271,2271,45.8388375165125,42.0079260237781
EPI_ISL_4579|Swine|H5N1|2003|Asia|,2003,-591,43.2408630559225,2271,2271,45.7067371202114,42.0079260237781
EPI_ISL_5778|Human|H5N1|2006|Asia|,2006,-583.6,42.9766622633201,2271,2271,44.782034346103,42.0739762219287
EPI_ISL_5777|Human|H5N1|2006.597|Asia|,2006.597,-587,43.1968295904888,2271,2271,45.5746367239102,42.0079260237781
EPI_ISL_5776|Human|H5N1|2006.592|Asia|,2006.592,-582.4,42.8445618670189,2271,2271,44.9141347424042,41.8097754293263
EPI_ISL_5775|Human|H5N1|2006.408|Asia|,2006.408,-584.7,43.0206957287539,2271,2271,45.1783355350066,41.9418758256275
EPI_ISL_5774|Human|H5N1|2006.405|Asia|,2006.405,-589,43.1277533039648,2270,2271,45.3703703703704,42.0079260237781
EPI_ISL_5773|Human|H5N1|2006.51|Asia|,2006.51,-586.4,43.0206957287539,2271,2271,45.3104359313078,41.8758256274769
EPI_ISL_5772|Human|H5N1|2006.447|Asia|,2006.447,-584.7,43.0206957287539,2271,2271,45.1783355350066,41.9418758256275
EPI_ISL_5771|Human|H5N1|2006.447|Asia|,2006.447,-584.7,42.9766622633201,2271,2271,45.1783355350066,41.8758256274769
EPI_ISL_5770|Human|H5N1|2006.359|Asia|,2006.359,-590.1,42.9766622633201,2271,2271,45.3104359313078,41.8097754293263
EPI_ISL_5769|Human|H5N1|2006.386|Asia|,2006.386,-588.5,42.9326287978864,2271,2271,45.3104359313078,41.7437252311757
EPI_ISL_5768|Human|H5N1|2006.389|Asia|,2006.389,-582.2,43.0647291941876,2271,2271,45.3104359313078,41.9418758256275
EPI_ISL_5767|Human|H5N1|2006.389|Asia|,2006.389,-582.2,43.0206957287539,2271,2271,45.3104359313078,41.8758256274769
EPI_ISL_5766|Human|H5N1|2006.389|Asia|,2006.389,-581,43.0837004405286,2270,2271,45.3104359313078,41.969596827495
EPI_ISL_5765|Human|H5N1|2006.384|Asia|,2006.384,-588.5,42.9326287978864,2271,2271,45.3104359313078,41.7437252311757
EPI_ISL_5764|Human|H5N1|2006.378|Asia|,2006.378,-576.1,43.3039647577093,2270,2271,46.4285714285714,41.7437252311757
EPI_ISL_5763|Human|H5N1|2006.378|Asia|,2006.378,-578.9,43.32892998679,2271,2271,46.4993394980185,41.7437252311757
EPI_ISL_5762|Human|H5N1|2006.378|Asia|,2006.378,-570.7,43.152796125055,2271,2271,46.2351387054161,41.6116248348745
EPI_ISL_5761|Human|H5N1|2006.375|Asia|,2006.375,-570.7,43.152796125055,2271,2271,46.2351387054161,41.6116248348745
EPI_ISL_5760|Human|H5N1|2006.356|Asia|,2006.356,-585.1,42.9326287978864,2271,2271,45.0462351387054,41.8758256274769
EPI_ISL_5759|Human|H5N1|2006.315|Asia|,2006.315,-590.2,43.1968295904888,2271,2271,45.3104359313078,42.1400264200793
EPI_ISL_5758|Human|H5N1|2006.222|Asia|,2006.222,-589.6,43.152796125055,2271,2271,45.7067371202114,41.8758256274769
EPI_ISL_5757|Human|H5N1|2006.222|Asia|,2006.222,-589.6,43.152796125055,2271,2271,45.7067371202114,41.8758256274769
EPI_ISL_5756|Human|H5N1|2006.222|Asia|,2006.222,-589.6,43.152796125055,2271,2271,45.7067371202114,41.8758256274769
EPI_ISL_5755|Human|H5N1|2006.356|Asia|,2006.356,-588.4,42.8885953324527,2271,2271,45.1783355350066,41.7437252311757
EPI_ISL_5754|Human|H5N1|2006.353|Asia|,2006.353,-588.6,42.8445618670189,2271,2271,45.0462351387054,41.7437252311757
EPI_ISL_5753|Human|H5N1|2006.353|Asia|,2006.353,-588.5,42.9326287978864,2271,2271,45.3104359313078,41.7437252311757
EPI_ISL_5752|Human|H5N1|2006.351|Asia|,2006.351,-588.4,42.8885953324527,2271,2271,45.1783355350066,41.7437252311757
EPI_ISL_5751|Human|H5N1|2006.351|Asia|,2006.351,-586.5,42.9074889867841,2270,2271,45.2380952380952,41.7437252311757
EPI_ISL_5750|Human|H5N1|2006.137|Asia|,2006.137,-584,43.0206957287539,2271,2271,45.442536327609,41.8097754293263
EPI_ISL_5747|Human|H5N1|2006.11|Asia|,2006.11,-580.7,42.9766622633201,2271,2271,45.1783355350066,41.8758256274769
EPI_ISL_5746|Human|H5N1|2006.11|Asia|,2006.11,-580.7,42.9766622633201,2271,2271,45.1783355350066,41.8758256274769
EPI_ISL_5745|Feline|H5N1|2006.058|Asia|,2006.058,-588.2,43.0647291941876,2271,2271,45.3104359313078,41.9418758256275
EPI_ISL_5744|Human|H5N1|2006.079|Asia|,2006.079,-587.4,43.0206957287539,2271,2271,45.442536327609,41.8097754293263
EPI_ISL_5743|Human|H5N1|2006.036|Asia|,2006.036,-585.9,42.9326287978864,2271,2271,44.9141347424042,41.9418758256275
EPI_ISL_5742|Human|H5N1|2006.041|Asia|,2006.041,-585.2,42.9326287978864,2271,2271,45.0462351387054,41.8758256274769
EPI_ISL_5741|Human|H5N1|2006.038|Asia|,2006.038,-585.2,42.9326287978864,2271,2271,45.0462351387054,41.8758256274769
EPI_ISL_5739|Human|H5N1|2006.044|Asia|,2006.044,-585.2,42.9326287978864,2271,2271,45.0462351387054,41.8758256274769
EPI_ISL_5738|Human|H5N1|2005.953|Asia|,2005.953,-588.3,43.1087626596213,2271,2271,45.5746367239102,41.8758256274769
EPI_ISL_5735|Human|H5N1|2005.948|Asia|,2005.948,-584.4,43.0206957287539,2271,2271,45.3104359313078,41.8758256274769
EPI_ISL_5734|Human|H5N1|2005.852|Asia|,2005.852,-588.1,43.152796125055,2271,2271,45.7067371202114,41.8758256274769
EPI_ISL_5731|Human|H5N1|2005.742|Asia|,2005.742,-585.3,43.1087626596213,2271,2271,45.7067371202114,41.8097754293263
EPI_ISL_6493|Human|H5N1|2006.784|Asia|,2006.784,-585,43.0647291941876,2271,2271,45.3104359313078,41.9418758256275
EPI_ISL_6492|Human|H5N1|2006.729|Asia|,2006.729,-580.1,42.7564949361515,2271,2271,44.2536327608983,42.0079260237781
EPI_ISL_6491|Human|H5N1|2006.729|Asia|,2006.729,-580.1,42.7564949361515,2271,2271,44.2536327608983,42.0079260237781
EPI_ISL_6490|Human|H5N1|2006.723|Asia|,2006.723,-588.4,43.0206957287539,2271,2271,45.0462351387054,42.0079260237781
EPI_ISL_6489|Human|H5N1|2006.863|Asia|,2006.863,-588.4,43.1087626596213,2271,2271,45.1783355350066,42.0739762219287
EPI_ISL_6488|Human|H5N1|2006.858|Asia|,2006.858,-583.3,43.1087626596213,2271,2271,45.442536327609,41.9418758256275
EPI_ISL_6487|Human|H5N1|2006.858|Asia|,2006.858,-583.3,43.1087626596213,2271,2271,45.442536327609,41.9418758256275
EPI_ISL_6801|Human|H5N1|2007.03|Asia|,2007.03,-585.4,43.2098765432099,2268,2268,45.6349206349206,41.9973544973545
EPI_ISL_6799|Human|H5N1|2007.027|Asia|,2007.027,-581,43.1657848324515,2268,2268,45.6349206349206,41.9312169312169
EPI_ISL_6798|Human|H5N1|2007.016|Asia|,2007.016,-581,43.1657848324515,2268,2268,45.6349206349206,41.9312169312169
EPI_ISL_6797|Human|H5N1|2007.016|Asia|,2007.016,-581,43.1657848324515,2268,2268,45.6349206349206,41.9312169312169
EPI_ISL_6796|Human|H5N1|2007.014|Asia|,2007.014,-581,43.1657848324515,2268,2268,45.6349206349206,41.9312169312169
EPI_ISL_6795|Human|H5N1|2007.011|Asia|,2007.011,-584.9,43.1657848324515,2268,2268,45.5026455026455,41.9973544973545
EPI_ISL_6794|Human|H5N1|2007.014|Asia|,2007.014,-584.9,43.1657848324515,2268,2268,45.5026455026455,41.9973544973545
EPI_ISL_6793|Human|H5N1|2007.011|Asia|,2007.011,-554.6,42.962962962963,2160,2160,45,41.9444444444444
EPI_ISL_6792|Human|H5N1|2007.011|Asia|,2007.011,-583.8,43.2098765432099,2268,2268,45.5026455026455,42.0634920634921
EPI_ISL_9807|Feline|H5N1|2004|Asia|,2004,-576.1,42.6490066225166,2265,2265,44.7682119205298,41.5894039735099
EPI_ISL_10061|Human|H5N1|2005|Asia|,2005,-578.8,42.7814569536424,2265,2265,44.7682119205298,41.7880794701987
EPI_ISL_10059|Human|H5N1|2005|Asia|,2005,-581.8,42.8445618670189,2271,2271,45.3104359313078,41.6116248348745
EPI_ISL_10058|Human|H5N1|2005.852|Asia|,2005.852,-586.9,43.152796125055,2271,2271,45.442536327609,42.0079260237781
EPI_ISL_10049|Human|H5N1|2005|Asia|,2005,-583,42.7564949361515,2271,2271,44.782034346103,41.7437252311757
EPI_ISL_10391|Human|H5N1|2006|Asia|,2006,-581.1,43.0206957287539,2271,2271,45.8388375165125,41.6116248348745
EPI_ISL_10333|Feline|H5N1|2006|Europe|,2006,-597.5,42.9766622633201,2271,2271,45.442536327609,41.7437252311757
EPI_ISL_10305|Canine|H5N1|2004|Asia|,2004,-572.9,42.6149040606872,2241,2241,44.7121820615797,41.566265060241
EPI_ISL_9831|Human|H5N1|2005|Asia|,2005,-581,42.8885953324527,2271,2271,45.1783355350066,41.7437252311757
EPI_ISL_9829|Human|H5N1|2005|Asia|,2005,-583.6,42.9453262786596,2268,2268,45.3703703703704,41.7328042328042
EPI_ISL_9826|Human|H5N1|2004|Asia|,2004,-582.6,42.8445618670189,2271,2271,45.1783355350066,41.6776750330251
EPI_ISL_9825|Human|H5N1|2004|Asia|,2004,-522.1,42.467718794835,2091,2091,44.3328550932568,41.5351506456241
EPI_ISL_11263|Human|H5N1|2006|Asia|,2006,-579.8,43.2408630559225,2271,2271,46.3672391017173,41.6776750330251
EPI_ISL_12588|Human|H5N1|2006|Asia|,2006,-593.6,42.7939876215738,2262,2262,45.0928381962865,41.6445623342175
EPI_ISL_12587|Human|H5N1|2006|Asia|,2006,-593.6,42.8381962864721,2262,2262,45.0928381962865,41.710875331565
EPI_ISL_12585|Human|H5N1|2006|Asia|,2006,-592.6,42.8005284015852,2271,2271,45.1783355350066,41.6116248348745
EPI_ISL_12401|Human|H5N1|2003|Asia|,2003,-581.5,43.1968295904888,2271,2271,46.1030383091149,41.7437252311757
EPI_ISL_5729|Human|H5N1|2005|Asia|,2005,-578.3,43.3039647577093,2270,2271,46.1640211640212,41.8758256274769
EPI_ISL_13895|Human|H5N1|2006|Asia|,2006,-579.8,43.2408630559225,2271,2271,46.3672391017173,41.6776750330251
EPI_ISL_13503|Human|H5N1|2006|Asia|,2006,-595.5,42.7564949361515,2271,2271,45.0462351387054,41.6116248348745
EPI_ISL_13501|Human|H5N1|2006|Africa|,2006,-586.9,42.9340511440108,2229,2229,45.3566621803499,41.7227456258412
EPI_ISL_13500|Human|H5N1|2006|Africa|,2006,-595.9,42.7180168216025,2259,2259,44.7543160690571,41.6998671978752
EPI_ISL_13496|Human|H5N1|2006.51|Asia|,2006.51,-587.8,43.0647291941876,2271,2271,45.3104359313078,41.9418758256275
EPI_ISL_13498|Human|H5N1|2006.447|Asia|,2006.447,-584.7,42.9766622633201,2271,2271,45.1783355350066,41.8758256274769
EPI_ISL_13497|Human|H5N1|2006.414|Asia|,2006.414,-578.9,43.3480176211454,2270,2271,46.4993394980185,41.7713152676801
EPI_ISL_13489|Human|H5N1|2006.405|Asia|,2006.405,-590.3,43.2098765432099,2268,2268,45.5026455026455,42.0634920634921
EPI_ISL_13495|Human|H5N1|2006.373|Asia|,2006.373,-585.9,42.8885953324527,2271,2271,45.3104359313078,41.6776750330251
EPI_ISL_13494|Human|H5N1|2006.381|Asia|,2006.381,-591.1,42.9453262786596,2268,2268,45.2380952380952,41.7989417989418
EPI_ISL_13493|Human|H5N1|2006.353|Asia|,2006.353,-584.2,43.0776014109347,2268,2268,45.3703703703704,41.9312169312169
EPI_ISL_13490|Human|H5N1|2006.353|Asia|,2006.353,-588.9,42.9326287978864,2271,2271,45.3104359313078,41.7437252311757
EPI_ISL_13481|Human|H5N1|2006.351|Asia|,2006.351,-585.5,42.9266136162688,2262,2262,45.3580901856764,41.710875331565
EPI_ISL_13488|Human|H5N1|2006.351|Asia|,2006.351,-588.9,42.9453262786596,2268,2268,45.2380952380952,41.7989417989418
EPI_ISL_13487|Human|H5N1|2006.14|Asia|,2006.14,-586.3,43.1216931216931,2268,2268,45.6349206349206,41.8650793650794
EPI_ISL_13485|Human|H5N1|2006|Asia|,2006,-584.5,42.9326287978864,2271,2271,45.0462351387054,41.8758256274769
EPI_ISL_13484|Human|H5N1|2006.079|Asia|,2006.079,-587.4,43.1216931216931,2268,2268,45.5026455026455,41.9312169312169
EPI_ISL_13483|Human|H5N1|2006.09|Asia|,2006.09,-582.5,42.8005284015852,2271,2271,44.782034346103,41.8097754293263
EPI_ISL_13479|Human|H5N1|2005|Asia|,2005,-588.3,43.1087626596213,2271,2271,45.5746367239102,41.8758256274769
EPI_ISL_13478|Human|H5N1|2005|Asia|,2005,-584.4,43.0206957287539,2271,2271,45.3104359313078,41.8758256274769
EPI_ISL_13475|Human|H5N1|2005.86|Asia|,2005.86,-588,43.231247225921,2253,2253,46.0719041278296,41.8109187749667
EPI_ISL_13474|Human|H5N1|2005|Asia|,2005,-585.3,43.1087626596213,2271,2271,45.7067371202114,41.8097754293263
EPI_ISL_13472|Human|H5N1|2005|Asia|,2005,-585.2,42.9766622633201,2271,2271,45.3104359313078,41.8097754293263
EPI_ISL_16357|Human|H5N1|2007|Asia|,2007,-587.9,42.8445618670189,2271,2271,45.442536327609,41.5455746367239
EPI_ISL_16356|Human|H5N1|2007|Asia|,2007,-587.9,42.8445618670189,2271,2271,45.442536327609,41.5455746367239
EPI_ISL_16254|Feline|H5N1|2005|Asia|,2005,-581.2,43.0647291941876,2271,2271,45.442536327609,41.8758256274769
EPI_ISL_11485|Human|H5N1|2004|Asia|,2004,-584.1,42.7124614707177,2271,2271,44.9141347424042,41.6116248348745
EPI_ISL_24602|Human|H5N1|2008.35|Asia|,2008.35,-596.5,43.2848965213562,2271,2271,46.1030383091149,41.8758256274769
EPI_ISL_23815|Human|H5N1|2008.041|Asia|,2008.041,-585.7,43.4169969176574,2271,2271,46.3672391017173,41.9418758256275
EPI_ISL_24609|Human|H5N1|2005.94|Asia|,2005.94,-589.7,43.4169969176574,2271,2271,46.3672391017173,41.9418758256275
EPI_ISL_24608|Human|H5N1|2005.91|Asia|,2005.91,-581.4,42.8445618670189,2271,2271,45.3104359313078,41.6116248348745
EPI_ISL_24607|Human|H5N1|2005.945|Asia|,2005.945,-580,42.9766622633201,2271,2271,45.3104359313078,41.8097754293263
EPI_ISL_24606|Human|H5N1|2005.877|Asia|,2005.877,-581.8,42.8445618670189,2271,2271,45.3104359313078,41.6116248348745
EPI_ISL_24605|Human|H5N1|2006.044|Asia|,2006.044,-578.5,42.8005284015852,2271,2271,45.442536327609,41.4795244385733
EPI_ISL_24604|Human|H5N1|2006.027|Asia|,2006.027,-584.1,42.8885953324527,2271,2271,45.442536327609,41.6116248348745
EPI_ISL_24603|Human|H5N1|2005.852|Asia|,2005.852,-580.5,42.9326287978864,2271,2271,45.442536327609,41.6776750330251
EPI_ISL_24753|Human|H5N1|2008|Asia|,2008,-589.7,43.2408630559225,2271,2271,45.8388375165125,41.9418758256275
EPI_ISL_24752|Human|H5N1|2008|Asia|,2008,-589.1,43.0647291941876,2271,2271,45.442536327609,41.8758256274769
EPI_ISL_13243|Ferret|H5N1|2006.216|Europe|,2006.216,-580.8,42.837653478854,2199,2199,44.8840381991814,41.8144611186903
EPI_ISL_62768|Human|H5N1|2008.086|Asia|,2008.086,-604.2,42.8445618670189,2271,2271,45.442536327609,41.5455746367239
EPI_ISL_64676|Human|H5N1|2005.853|Asia|,2005.853,-587.2,43.1087626596213,2271,2271,45.5746367239102,41.8758256274769
EPI_ISL_64276|Human|H5N1|2006.606|Asia|,2006.606,-578.1,42.6243945398503,2271,2271,44.6499339498018,41.6116248348745
EPI_ISL_64227|Human|H5N1|2006|Asia|,2006,-582.4,42.9326287978864,2271,2271,45.5746367239102,41.6116248348745
EPI_ISL_65327|Swine|H5N1|2004|Asia|,2004,-593.6,42.8445618670189,2271,2271,45.9709379128137,41.2813738441215
EPI_ISL_65326|Swine|H5N1|2004|Asia|,2004,-592.8,43.1968295904888,2271,2271,45.9709379128137,41.8097754293263
EPI_ISL_65197|Feline|H5N1|2004|Asia|,2004,-580.7,42.7373068432671,2265,2265,44.7682119205298,41.7218543046358
EPI_ISL_65196|Feline|H5N1|2004|Asia|,2004,-580.7,42.7373068432671,2265,2265,44.7682119205298,41.7218543046358
EPI_ISL_64915|Canine|H5N1|2005|Asia|,2005,-578.4,43.0206957287539,2271,2271,45.9709379128137,41.5455746367239
EPI_ISL_64914|Canine|H5N1|2005|Asia|,2005,-578.4,42.9766622633201,2271,2271,45.8388375165125,41.5455746367239
EPI_ISL_67419|Swine|H5N1|2003|Asia|,2003,-592.5,43.2848965213562,2271,2271,45.9709379128137,41.9418758256275
EPI_ISL_68652|Human|H5N1|1997|Asia|,1997,-587.7,44.0633245382586,2274,2274,47.3614775725594,42.4142480211082
EPI_ISL_68082|Swine|H5N1|2001|Asia|,2001,-594.3,43.2408630559225,2271,2271,45.7067371202114,42.0079260237781
EPI_ISL_70397|Human|H5N1|2005.485|Asia|,2005.485,-583.2,43.0206957287539,2271,2271,45.5746367239102,41.7437252311757
EPI_ISL_76976|Swine|H5N1|2007|Asia|,2007,-579.4,43.4169969176574,2271,2271,46.2351387054161,42.0079260237781
EPI_ISL_76975|Swine|H5N1|2006|Asia|,2006,-580.5,43.4610303830911,2271,2271,46.3672391017173,42.0079260237781
EPI_ISL_76974|Swine|H5N1|2007|Asia|,2007,-579.4,43.4169969176574,2271,2271,46.2351387054161,42.0079260237781
EPI_ISL_76973|Swine|H5N1|2007|Asia|,2007,-585.4,43.152796125055,2271,2271,45.442536327609,42.0079260237781
EPI_ISL_76972|Swine|H5N1|2007|Asia|,2007,-579.4,43.4169969176574,2271,2271,46.2351387054161,42.0079260237781
EPI_ISL_76971|Swine|H5N1|2006|Asia|,2006,-590.3,43.1968295904888,2271,2271,45.5746367239102,42.0079260237781
EPI_ISL_76970|Swine|H5N1|2006|Asia|,2006,-590.3,43.1968295904888,2271,2271,45.5746367239102,42.0079260237781
EPI_ISL_76969|Swine|H5N1|2006|Asia|,2006,-579.4,43.4169969176574,2271,2271,46.2351387054161,42.0079260237781
EPI_ISL_76968|Swine|H5N1|2006|Asia|,2006,-590.3,43.1968295904888,2271,2271,45.5746367239102,42.0079260237781
EPI_ISL_76967|Swine|H5N1|2005|Asia|,2005,-591.5,42.9766622633201,2271,2271,45.0462351387054,41.9418758256275
EPI_ISL_76966|Swine|H5N1|2005|Asia|,2005,-591.5,42.9766622633201,2271,2271,45.0462351387054,41.9418758256275
EPI_ISL_76965|Swine|H5N1|2005|Asia|,2005,-591.5,42.9766622633201,2271,2271,45.0462351387054,41.9418758256275
EPI_ISL_76964|Swine|H5N1|2005|Asia|,2005,-591.5,42.9766622633201,2271,2271,45.0462351387054,41.9418758256275
EPI_ISL_76684|Human|H5N1|2008.141|Asia|,2008.141,-566.9,43.152796125055,2271,2271,45.9709379128137,41.7437252311757
EPI_ISL_76683|Human|H5N1|2008.119|Asia|,2008.119,-573.9,43.1968295904888,2271,2271,46.3672391017173,41.6116248348745
EPI_ISL_76682|Human|H5N1|2008.108|Asia|,2008.108,-584,43.1968295904888,2271,2271,46.2351387054161,41.6776750330251
EPI_ISL_76681|Human|H5N1|2008.045|Asia|,2008.045,-569.3,43.1968295904888,2271,2271,46.1030383091149,41.7437252311757
EPI_ISL_76680|Human|H5N1|2007.952|Asia|,2007.952,-593,43.5490973139586,2271,2271,47.2919418758256,41.6776750330251
EPI_ISL_76679|Human|H5N1|2007.566|Asia|,2007.566,-588.7,43.3729634522237,2271,2271,46.4993394980185,41.8097754293263
EPI_ISL_76678|Human|H5N1|2007.464|Asia|,2007.464,-586.9,43.2848965213562,2271,2271,46.3672391017173,41.7437252311757
EPI_ISL_76677|Human|H5N1|2007.437|Asia|,2007.437,-586.9,43.3729634522237,2271,2271,46.4993394980185,41.8097754293263
EPI_ISL_76676|Human|H5N1|2007|Asia|,2007,-583,43.2848965213562,2271,2271,46.3672391017173,41.7437252311757
EPI_ISL_76675|Human|H5N1|2007.379|Asia|,2007.379,-588.6,43.32892998679,2271,2271,46.6314398943197,41.6776750330251
EPI_ISL_76674|Human|H5N1|2005.823|Asia|,2005.823,-576,43.0206957287539,2271,2271,45.7067371202114,41.6776750330251
EPI_ISL_76673|Human|H5N1|2005.158|Asia|,2005.158,-581.6,42.9326287978864,2271,2271,45.7067371202114,41.5455746367239
EPI_ISL_76672|Human|H5N1|2004.592|Asia|,2004.592,-583.6,42.8005284015852,2271,2271,45.0462351387054,41.6776750330251
EPI_ISL_76671|Human|H5N1|2004.57|Asia|,2004.57,-581,42.9766622633201,2271,2271,45.5746367239102,41.6776750330251
EPI_ISL_76670|Human|H5N1|2004.042|Asia|,2004.042,-591.4,43.0206957287539,2271,2271,45.442536327609,41.8097754293263
EPI_ISL_76669|Human|H5N1|2004.053|Asia|,2004.053,-580.8,42.7124614707177,2271,2271,44.9141347424042,41.6116248348745
EPI_ISL_76668|Human|H5N1|2004.018|Asia|,2004.018,-590.3,43.152796125055,2271,2271,45.9709379128137,41.7437252311757
EPI_ISL_76667|Human|H5N1|2004.015|Asia|,2004.015,-585.2,43.0837004405286,2270,2271,45.8994708994709,41.6776750330251
EPI_ISL_76666|Human|H5N1|2003.999|Asia|,2003.999,-587.4,42.9326287978864,2271,2271,45.5746367239102,41.6116248348745
EPI_ISL_76665|Human|H5N1|2003.993|Asia|,2003.993,-584.6,42.9326287978864,2271,2271,45.442536327609,41.6776750330251
EPI_ISL_76664|Human|H5N1|2003.993|Asia|,2003.993,-593.2,43.152796125055,2271,2271,45.9709379128137,41.7437252311757
EPI_ISL_76663|Human|H5N1|2003.99|Asia|,2003.99,-593.2,43.152796125055,2271,2271,45.9709379128137,41.7437252311757
EPI_ISL_79685|Human|H5N1|2008.923|Asia|,2008.923,-572.3,43.0145438519171,2269,2271,45.8994708994709,41.5730337078652
EPI_ISL_79684|Human|H5N1|2007.921|Asia|,2007.921,-587.9,42.8445618670189,2271,2271,45.442536327609,41.5455746367239
EPI_ISL_79683|Human|H5N1|2007.896|Asia|,2007.896,-587.9,42.8445618670189,2271,2271,45.442536327609,41.5455746367239
EPI_ISL_79682|Human|H5N1|2007.132|Asia|,2007.132,-574.1,42.8885953324527,2271,2271,45.0462351387054,41.8097754293263
EPI_ISL_79681|Human|H5N1|2006.463|Asia|,2006.463,-593.3,42.8005284015852,2271,2271,45.1783355350066,41.6116248348745
EPI_ISL_79680|Human|H5N1|2006.247|Asia|,2006.247,-579.4,42.8885953324527,2271,2271,45.3104359313078,41.6776750330251
EPI_ISL_79679|Human|H5N1|2006.195|Asia|,2006.195,-582.4,42.989417989418,2268,2268,45.6349206349206,41.6666666666667
EPI_ISL_79678|Human|H5N1|2006.142|Asia|,2006.142,-582,43.0647291941876,2271,2271,45.9709379128137,41.6116248348745
EPI_ISL_79677|Human|H5N1|2006.071|Asia|,2006.071,-574.7,43.0647291941876,2271,2271,45.8388375165125,41.6776750330251
EPI_ISL_73306|Human|H5N1|2008.126|Asia|,2008.126,-585.1,42.8005284015852,2271,2271,45.1783355350066,41.6116248348745
EPI_ISL_73305|Human|H5N1|2008.115|Asia|,2008.115,-578.5,43.1968295904888,2271,2271,46.1030383091149,41.7437252311757
EPI_ISL_73303|Human|H5N1|2008.041|Asia|,2008.041,-579,42.9766622633201,2271,2271,46.2351387054161,41.3474240422721
EPI_ISL_73302|Human|H5N1|2007.205|Asia|,2007.205,-573.8,43.0837004405286,2270,2271,45.9709379128137,41.6391275611368
EPI_ISL_73320|Human|H5N1|2006.94|Asia|,2006.94,-582.6,42.9766622633201,2271,2271,45.5746367239102,41.6776750330251
EPI_ISL_73299|Human|H5N1|2006.419|Asia|,2006.419,-579.8,43.2408630559225,2271,2271,46.3672391017173,41.6776750330251
EPI_ISL_73298|Human|H5N1|2006.288|Asia|,2006.288,-583.8,42.8885953324527,2271,2271,45.5746367239102,41.5455746367239
EPI_ISL_73294|Human|H5N1|2006.11|Asia|,2006.11,-584.8,43.0647291941876,2271,2271,45.8388375165125,41.6776750330251
EPI_ISL_77975|Human|H5N1|2004|Asia|,2004,-581.2,42.668428005284,2271,2271,44.782034346103,41.6116248348745
EPI_ISL_77974|Human|H5N1|2004|Asia|,2004,-581.2,42.668428005284,2271,2271,44.782034346103,41.6116248348745
EPI_ISL_77973|Human|H5N1|2004|Asia|,2004,-581.2,42.668428005284,2271,2271,44.782034346103,41.6116248348745
EPI_ISL_77972|Human|H5N1|2004|Asia|,2004,-581.2,42.668428005284,2271,2271,44.782034346103,41.6116248348745
EPI_ISL_77971|Human|H5N1|2004|Asia|,2004,-591.6,42.8885953324527,2271,2271,45.1783355350066,41.7437252311757
EPI_ISL_10060|Human|H5N1|2005|Asia|,2005,-578.9,43.1087626596213,2271,2271,45.7067371202114,41.8097754293263
EPI_ISL_80494|Human|H5N1|2008.943|Asia|,2008.943,-589.6,42.5363276089828,2271,2271,44.6499339498018,41.4795244385733
EPI_ISL_80471|Human|H5N1|2005.219|Asia|,2005.219,-579.8,42.8445618670189,2271,2271,45.0462351387054,41.7437252311757
EPI_ISL_84853|Human|H5N1|2005.263|Asia|,2005.263,-581.5,42.7564949361515,2271,2271,44.9141347424042,41.6776750330251
EPI_ISL_90136|Human|H5N1|2005|Asia|,2005,-581.5,42.7564949361515,2271,2271,44.9141347424042,41.6776750330251
EPI_ISL_73304|Human|H5N1|2005.893|Asia|,2005.893,-578,43.0647291941876,2271,2271,45.8388375165125,41.6776750330251
EPI_ISL_110187|Human|H5N1|2004|Asia|,2004,-583,42.668428005284,2271,2271,44.782034346103,41.6116248348745
EPI_ISL_109928|Human|H5N1|2004|Asia|,2004,-587.9,43.0647291941876,2271,2271,45.8388375165125,41.6776750330251
EPI_ISL_120244|Human|H5N1|2008|Africa|,2008,-598.4,42.3601937472479,2271,2271,43.8573315719947,41.6116248348745
EPI_ISL_124114|Human|H5N1|2005|Asia|,2005,-585.3,43.1087626596213,2271,2271,45.7067371202114,41.8097754293263
EPI_ISL_121541|Human|H5N1|2005|Asia|,2005,-578.3,43.2848965213562,2271,2271,46.1030383091149,41.8758256274769
EPI_ISL_120232|Human|H5N1|2007.195|Africa|,2007.195,-594.6,42.7124614707177,2271,2271,44.782034346103,41.6776750330251
EPI_ISL_143547|Human|H5N1|2008.016|Asia|,2008.016,-573.9,43.1968295904888,2271,2271,46.3672391017173,41.6116248348745
EPI_ISL_143546|Human|H5N1|2008.016|Asia|,2008.016,-584,43.1968295904888,2271,2271,46.2351387054161,41.6776750330251
EPI_ISL_143545|Human|H5N1|2007.512|Asia|,2007.512,-577.1,42.9515418502203,2270,2271,45.8994708994709,41.4795244385733
EPI_ISL_143490|Human|H5N1|2008.265|Asia|,2008.265,-585.2,43.2848965213562,2271,2271,46.2351387054161,41.8097754293263
EPI_ISL_144531|Swine|H5N1|2008.915|Asia|,2008.915,-576.2,42.9766622633201,2271,2271,45.5746367239102,41.6776750330251
EPI_ISL_150052|Human|H5N1|2008.309|Asia|,2008.309,-594.8,43.32892998679,2271,2271,45.9709379128137,42.0079260237781
EPI_ISL_188694|Human|H5N1|2006.605|Asia|,2006.605,-578.1,42.668428005284,2271,2271,44.782034346103,41.6116248348745
EPI_ISL_343407|Human|H5N1|2008.123|Asia|,2008.123,-586.5,43.4169969176574,2271,2271,46.4993394980185,41.8758256274769
EPI_ISL_343406|Human|H5N1|2008.085|Asia|,2008.085,-584.1,42.9326287978864,2271,2271,45.0462351387054,41.8758256274769
EPI_ISL_343385|Human|H5N1|2008.951|Asia|,2008.951,-594.6,43.32892998679,2271,2271,46.2351387054161,41.8758256274769
EPI_ISL_343384|Human|H5N1|2008.309|Asia|,2008.309,-592.3,43.152796125055,2271,2271,45.442536327609,42.0079260237781
EPI_ISL_343383|Human|H5N1|2008.238|Asia|,2008.238,-589.7,43.2408630559225,2271,2271,45.8388375165125,41.9418758256275
EPI_ISL_343382|Human|H5N1|2008.23|Asia|,2008.23,-576.2,43.0206957287539,2271,2271,45.442536327609,41.8097754293263
EPI_ISL_76081|Human|H5N1|2010.414|Asia|,2010.414,-574.5,43.3480176211454,2270,2271,45.8994708994709,42.0739762219287
EPI_ISL_79687|Human|H5N1|2009.06|Asia|,2009.06,-578.9,43.152796125055,2271,2271,45.8388375165125,41.8097754293263
EPI_ISL_79686|Human|H5N1|2009.019|Asia|,2009.019,-572.3,42.8885953324527,2271,2271,45.442536327609,41.6116248348745
EPI_ISL_73308|Human|H5N1|2009.049|Asia|,2009.049,-579,43.215859030837,2270,2271,45.8388375165125,41.9035029742234
EPI_ISL_73309|Human|H5N1|2009.038|Asia|,2009.038,-578.8,43.2408630559225,2271,2271,46.1030383091149,41.8097754293263
EPI_ISL_73313|Human|H5N1|2009.025|Asia|,2009.025,-580.4,43.0647291941876,2271,2271,46.1030383091149,41.5455746367239
EPI_ISL_73312|Human|H5N1|2009.011|Asia|,2009.011,-589.5,42.7564949361515,2271,2271,45.1783355350066,41.5455746367239
EPI_ISL_89366|Human|H5N1|2011.184|Asia|,2011.184,-593.9,42.5803610744166,2271,2271,44.9141347424042,41.4134742404227
EPI_ISL_96896|Human|H5N1|2010.384|Asia|,2010.384,-574.5,43.3480176211454,2270,2271,45.8994708994709,42.0739762219287
EPI_ISL_98855|Human|H5N1|2011.764|Asia|,2011.764,-598.3,43.1087626596213,2271,2271,45.5746367239102,41.8758256274769
EPI_ISL_98854|Human|H5N1|2011.764|Asia|,2011.764,-593.6,43.1277533039648,2270,2271,45.6349206349206,41.8758256274769
EPI_ISL_98741|Human|H5N1|2010.293|Asia|,2010.293,-581.7,42.4403183023873,2262,2262,44.2970822281167,41.5119363395225
EPI_ISL_98740|Human|H5N1|2011.09|Asia|,2011.09,-569.9,42.5850340136054,2205,2205,44.2176870748299,41.7687074829932
EPI_ISL_100272|Human|H5N1|2011.989|Asia|,2011.989,-580.1,43.215859030837,2270,2271,45.5746367239102,42.0356906807667
EPI_ISL_110159|Human|H5N1|2012.025|Asia|,2012.025,-581.5,42.4042272126816,2271,2271,44.2536327608983,41.4795244385733
EPI_ISL_120290|Human|H5N1|2011.828|Africa|,2011.828,-588.3,43.2408630559225,2271,2271,46.2351387054161,41.7437252311757
EPI_ISL_120289|Human|H5N1|2011.97|Africa|,2011.97,-585.9,42.9326287978864,2271,2271,45.5746367239102,41.6116248348745
EPI_ISL_120288|Human|H5N1|2011.953|Africa|,2011.953,-587,42.9326287978864,2271,2271,45.442536327609,41.6776750330251
EPI_ISL_120286|Human|H5N1|2011.915|Africa|,2011.915,-585.6,42.9326287978864,2271,2271,45.442536327609,41.6776750330251
EPI_ISL_120285|Human|H5N1|2011.721|Africa|,2011.721,-589.3,43.0206957287539,2271,2271,45.5746367239102,41.7437252311757
EPI_ISL_120284|Human|H5N1|2011|Africa|,2011,-589.1,43.0206957287539,2271,2271,45.8388375165125,41.6116248348745
EPI_ISL_120283|Human|H5N1|2011|Africa|,2011,-589.5,42.9515418502203,2270,2271,45.8388375165125,41.5069398545935
EPI_ISL_120282|Human|H5N1|2011|Africa|,2011,-588.5,42.9766622633201,2271,2271,45.5746367239102,41.6776750330251
EPI_ISL_120281|Human|H5N1|2011|Africa|,2011,-594.8,42.7689594356261,2268,2268,44.4444444444444,41.9312169312169
EPI_ISL_120280|Human|H5N1|2011|Africa|,2011,-587.5,42.9515418502203,2270,2271,45.8994708994709,41.4795244385733
EPI_ISL_120279|Human|H5N1|2011|Africa|,2011,-587.5,43.0586161304539,2269,2271,45.8994708994709,41.6391275611368
EPI_ISL_120278|Human|H5N1|2011|Africa|,2011,-592.2,42.7564949361515,2271,2271,44.9141347424042,41.6776750330251
EPI_ISL_120277|Human|H5N1|2011|Africa|,2011,-588.6,43.0647291941876,2271,2271,45.8388375165125,41.6776750330251
EPI_ISL_120276|Human|H5N1|2011|Africa|,2011,-587.5,42.9766622633201,2271,2271,45.5746367239102,41.6776750330251
EPI_ISL_120275|Human|H5N1|2011|Africa|,2011,-588.6,43.0206957287539,2271,2271,45.7067371202114,41.6776750330251
EPI_ISL_120259|Human|H5N1|2009.362|Africa|,2009.362,-593.1,42.9766622633201,2271,2271,44.782034346103,42.0739762219287
EPI_ISL_120253|Human|H5N1|2009.375|Africa|,2009.375,-586.8,42.7501101806963,2269,2271,44.5767195767196,41.8374091209518
EPI_ISL_121190|Human|H5N1|2012.404|Asia|,2012.404,-581.6,43.152796125055,2271,2271,45.3104359313078,42.0739762219287
EPI_ISL_121547|Ferret|H5N1|2012|Asia|,2012,-577.4,43.1968295904888,2271,2271,45.9709379128137,41.8097754293263
EPI_ISL_121546|Ferret|H5N1|2012|Asia|,2012,-577.6,43.1087626596213,2271,2271,45.8388375165125,41.7437252311757
EPI_ISL_121545|Ferret|H5N1|2012|Asia|,2012,-577.4,43.1968295904888,2271,2271,45.9709379128137,41.8097754293263
EPI_ISL_121544|Ferret|H5N1|2012|Asia|,2012,-578.3,43.2408630559225,2271,2271,45.9709379128137,41.8758256274769
EPI_ISL_121543|Ferret|H5N1|2012|Asia|,2012,-577.4,43.1968295904888,2271,2271,45.9709379128137,41.8097754293263
EPI_ISL_121542|Ferret|H5N1|2012|Asia|,2012,-579.8,43.2848965213562,2271,2271,45.9709379128137,41.9418758256275
EPI_ISL_135216|Human|H5N1|2013.104|Asia|,2013.104,-570.8,43.6339522546419,2262,2262,46.9496021220159,41.9761273209549
EPI_ISL_139509|Human|H5N1|2012.492|Asia|,2012.492,-601.5,42.9326287978864,2271,2271,44.782034346103,42.0079260237781
EPI_ISL_139508|Human|H5N1|2012.161|Asia|,2012.161,-589.2,43.0647291941876,2271,2271,45.1783355350066,42.0079260237781
EPI_ISL_141267|Human|H5N1|2011.178|Asia|,2011.178,-593,42.7564949361515,2271,2271,45.1783355350066,41.5455746367239
EPI_ISL_143548|Human|H5N1|2009.115|Asia|,2009.115,-592.3,43.4610303830911,2271,2271,47.1598414795244,41.6116248348745
EPI_ISL_143544|Human|H5N1|2010.186|Asia|,2010.186,-588.3,43.1087626596213,2271,2271,45.5746367239102,41.8758256274769
EPI_ISL_143543|Human|H5N1|2009.088|Asia|,2009.088,-583.6,43.4610303830911,2271,2271,46.3672391017173,42.0079260237781
EPI_ISL_143542|Human|H5N1|2010.252|Asia|,2010.252,-579.5,43.1087626596213,2271,2271,46.1030383091149,41.6116248348745
EPI_ISL_143489|Human|H5N1|2009.192|Asia|,2009.192,-582.2,42.4922941435491,2271,2271,44.6499339498018,41.4134742404227
EPI_ISL_143488|Human|H5N1|2012.036|Asia|,2012.036,-573.2,42.1400264200793,2271,2271,43.32892998679,41.5455746367239
EPI_ISL_143494|Human|H5N1|2012.194|Africa|,2012.194,-590.9,42.9766622633201,2271,2271,45.5746367239102,41.6776750330251
EPI_ISL_144532|Swine|H5N1|2009|Asia|,2009,-585.9,42.5363276089828,2271,2271,44.5178335535007,41.5455746367239
EPI_ISL_150197|Human|H5N1|2009.156|Asia|,2009.156,-597.9,43.2848965213562,2271,2271,45.7067371202114,42.0739762219287
EPI_ISL_150014|Human|H5N1|2013.066|Asia|,2013.066,-593.2,43.6371642448261,2271,2271,47.0277410832232,41.9418758256275
EPI_ISL_151057|Human|H5N1|2011.266|Asia|,2011.266,-590.2,43.2408630559225,2271,2271,45.442536327609,42.1400264200793
EPI_ISL_150577|Human|H5N1|2011.09|Asia|,2011.09,-598.8,43.1968295904888,2271,2271,46.1030383091149,41.7437252311757
EPI_ISL_150573|Human|H5N1|2010.414|Asia|,2010.414,-595.2,43.152796125055,2271,2271,45.442536327609,42.0079260237781
EPI_ISL_150551|Human|H5N1|2010.707|Asia|,2010.707,-592,43.4610303830911,2271,2271,46.3672391017173,42.0079260237781
EPI_ISL_150550|Human|H5N1|2010.312|Asia|,2010.312,-582.5,43.1087626596213,2271,2271,45.7067371202114,41.8097754293263
EPI_ISL_150548|Human|H5N1|2010.888|Asia|,2010.888,-590.7,43.1968295904888,2271,2271,45.3104359313078,42.1400264200793
EPI_ISL_151134|Feline|H5N1|2013.052|Asia|,2013.052,-587.3,43.215859030837,2270,2271,45.5746367239102,42.0356906807667
EPI_ISL_162425|Human|H5N1|2013.159|Asia|,2013.159,-590.6,43.5050638485249,2271,2271,46.6314398943197,41.9418758256275
EPI_ISL_165438|Human|H5N1|2011.797|Asia|,2011.797,-583.3,43.1968295904888,2271,2271,45.7067371202114,41.9418758256275
EPI_ISL_166661|Human|H5N1|2012.396|Asia|,2012.396,-557.8,42.1594982078853,2232,2232,43.010752688172,41.7338709677419
EPI_ISL_166660|Human|H5N1|2012.24|Asia|,2012.24,-576.7,42.4042272126816,2271,2271,44.5178335535007,41.3474240422721
EPI_ISL_166640|Human|H5N1|2013.132|Asia|,2013.132,-594.8,43.6371642448261,2271,2271,46.7635402906209,42.0739762219287
EPI_ISL_166638|Human|H5N1|2013.099|Asia|,2013.099,-593.2,43.5490973139586,2271,2271,46.7635402906209,41.9418758256275
EPI_ISL_166637|Human|H5N1|2013.06|Asia|,2013.06,-590.2,43.6371642448261,2271,2271,47.1598414795244,41.8758256274769
EPI_ISL_166636|Human|H5N1|2013.022|Asia|,2013.022,-590.2,43.6371642448261,2271,2271,47.1598414795244,41.8758256274769
EPI_ISL_166659|Feline|H5N1|2013.195|Asia|,2013.195,-549.2,43.3333333333333,2100,2100,46.8571428571429,41.5714285714286
EPI_ISL_191956|Human|H5N1|2013.255|Asia|,2013.255,-592,43.7692646411273,2271,2271,47.1598414795244,42.0739762219287
EPI_ISL_195244|Human|H5N1|2012.145|Asia|,2012.145,-573.8,42.3161602818142,2271,2271,44.2536327608983,41.3474240422721
EPI_ISL_343391|Human|H5N1|2010.414|Asia|,2010.414,-603.1,43.32892998679,2271,2271,46.2351387054161,41.8758256274769
EPI_ISL_343397|Human|H5N1|2011.597|Asia|,2011.597,-598.3,43.1087626596213,2271,2271,45.5746367239102,41.8758256274769
EPI_ISL_343396|Human|H5N1|2011.266|Asia|,2011.266,-591.3,43.0206957287539,2271,2271,45.3104359313078,41.8758256274769
EPI_ISL_343395|Human|H5N1|2011.088|Asia|,2011.088,-594.6,43.32892998679,2271,2271,46.2351387054161,41.8758256274769
EPI_ISL_343394|Human|H5N1|2011.09|Asia|,2011.09,-598.7,43.1968295904888,2271,2271,45.9709379128137,41.8097754293263
EPI_ISL_343393|Human|H5N1|2010.888|Asia|,2010.888,-601.3,43.152796125055,2271,2271,45.7067371202114,41.8758256274769
EPI_ISL_343392|Human|H5N1|2010.512|Asia|,2010.512,-602.6,43.2408630559225,2271,2271,46.1030383091149,41.8097754293263
EPI_ISL_343390|Human|H5N1|2010.312|Asia|,2010.312,-578.3,42.9515418502203,2270,2271,45.1058201058201,41.8758256274769
EPI_ISL_343389|Human|H5N1|2009.408|Asia|,2009.408,-595.6,43.3729634522237,2271,2271,46.6314398943197,41.7437252311757
EPI_ISL_343388|Human|H5N1|2009.386|Asia|,2009.386,-594.1,43.1968295904888,2271,2271,45.7067371202114,41.9418758256275
EPI_ISL_343387|Human|H5N1|2009.156|Asia|,2009.156,-600.7,43.1087626596213,2271,2271,45.7067371202114,41.8097754293263
EPI_ISL_343386|Human|H5N1|2009.058|Asia|,2009.058,-602.2,43.1968295904888,2271,2271,46.1030383091149,41.7437252311757
EPI_ISL_343405|Human|H5N1|2009.071|Asia|,2009.071,-590.2,43.1087626596213,2271,2271,45.7067371202114,41.8097754293263
EPI_ISL_343411|Human|H5N1|2009.06|Asia|,2009.06,-586.8,43.4169969176574,2271,2271,46.1030383091149,42.0739762219287
EPI_ISL_343410|Human|H5N1|2011.17|Asia|,2011.17,-603.2,43.3729634522237,2271,2271,46.2351387054161,41.9418758256275
EPI_ISL_343408|Human|H5N1|2010.647|Asia|,2010.647,-588.3,43.1968295904888,2271,2271,45.442536327609,42.0739762219287
EPI_ISL_343400|Human|H5N1|2012.582|Asia|,2012.582,-606.2,43.1087626596213,2271,2271,45.1783355350066,42.0739762219287
EPI_ISL_343399|Human|H5N1|2012.142|Asia|,2012.142,-601,43.152796125055,2271,2271,45.442536327609,42.0079260237781
EPI_ISL_343398|Human|H5N1|2012.115|Asia|,2012.115,-601.8,43.1968295904888,2271,2271,45.5746367239102,42.0079260237781
EPI_ISL_378627|Meerkat|H5N1|2012.331|Asia|,2012.331,-583.8,43.1968295904888,2271,2271,45.5746367239102,42.0079260237781
EPI_ISL_891209|Human|H5N1|2011|Asia|,2011,-540.1,43.0848570089076,2133,2133,45.1476793248945,42.0534458509142
EPI_ISL_502207|Ferret|H5N1|2018.526|Asia|,2018.526,-576,41.4795244385733,2271,2271,41.7437252311757,41.3474240422721
EPI_ISL_8799552|Human|H5N1|2021.984|Europe|,2021.984,-551.4,43.4040590405904,2168,2169,45.7814661134163,42.2145328719723
EPI_ISL_144507|Human|H5N1|2013.46|Asia|,2013.46,-598.3,42.8445618670189,2271,2271,44.9141347424042,41.8097754293263
EPI_ISL_154130|Human|H5N1|2014.005|NorthAmerica|,2014.005,-578.7,43.1087626596213,2271,2271,45.1783355350066,42.0739762219287
EPI_ISL_150015|Human|H5N1|2013.603|Asia|,2013.603,-595.9,43.6811977102598,2271,2271,47.1598414795244,41.9418758256275
EPI_ISL_162667|Human|H5N1|2014.296|Asia|,2014.296,-592.6,43.0647291941876,2271,2271,45.8388375165125,41.6776750330251
EPI_ISL_162429|Human|H5N1|2013.805|Asia|,2013.805,-579.6,43.6208445642408,2226,2226,46.7654986522911,42.0485175202156
EPI_ISL_162428|Human|H5N1|2013.707|Asia|,2013.707,-593.9,43.5490973139586,2271,2271,46.7635402906209,41.9418758256275
EPI_ISL_162427|Human|H5N1|2013.699|Asia|,2013.699,-591.3,43.5050638485249,2271,2271,46.7635402906209,41.8758256274769
EPI_ISL_162424|Human|H5N1|2013.622|Asia|,2013.622,-593.4,43.7692646411273,2271,2271,47.0277410832232,42.1400264200793
EPI_ISL_162420|Human|H5N1|2013.515|Asia|,2013.515,-547.5,43.2807269249163,2091,2091,46.6284074605452,41.6068866571019
EPI_ISL_162419|Human|H5N1|2013.488|Asia|,2013.488,-588,43.5931307793923,2271,2271,46.8956406869221,41.9418758256275
EPI_ISL_167907|Human|H5N1|2014.428|Asia|,2014.428,-600.6,43.3862433862434,2268,2268,46.5608465608466,41.7989417989418
EPI_ISL_174852|Human|H5N1|2014.907|Africa|,2014.907,-584.3,43.1087626596213,2271,2271,45.8388375165125,41.7437252311757
EPI_ISL_174851|Human|H5N1|2014.901|Africa|,2014.901,-585.9,43.1087626596213,2271,2271,45.8388375165125,41.7437252311757
EPI_ISL_191955|Human|H5N1|2014.074|Asia|,2014.074,-587,43.9013650374284,2271,2271,47.4240422721268,42.1400264200793
EPI_ISL_191954|Human|H5N1|2014.047|Asia|,2014.047,-576.4,43.0647291941876,2271,2271,45.442536327609,41.8758256274769
EPI_ISL_195659|Human|H5N1|2015.038|Africa|,2015.038,-584.4,43.0586161304539,2269,2271,45.8388375165125,41.6666666666667
EPI_ISL_195245|Human|H5N1|2013.871|Asia|,2013.871,-591.5,43.7692646411273,2271,2271,47.2919418758256,42.0079260237781
EPI_ISL_221726|Feline|H5N1|2014.953|Asia|,2014.953,-576.7,43.2848965213562,2271,2271,45.8388375165125,42.0079260237781
EPI_ISL_221723|Feline|H5N1|2014.266|Asia|,2014.266,-584.3,43.1968295904888,2271,2271,45.5746367239102,42.0079260237781
EPI_ISL_221722|Feline|H5N1|2015.611|Asia|,2015.611,-587,43.6371642448261,2271,2271,47.0277410832232,41.9418758256275
EPI_ISL_226074|Swine|H5N1|2014.838|Asia|,2014.838,-588.3,43.152796125055,2271,2271,45.8388375165125,41.8097754293263
EPI_ISL_226073|Swine|H5N1|2014.784|Asia|,2014.784,-594,43.2848965213562,2271,2271,45.8388375165125,42.0079260237781
EPI_ISL_243348|Ferret|H5N1|2015.493|Asia|,2015.493,-591.6,43.9013650374284,2271,2271,47.9524438573316,41.8758256274769
EPI_ISL_243347|Ferret|H5N1|2015.512|Asia|,2015.512,-567.1,42.7564949361515,2271,2271,44.5178335535007,41.8758256274769
EPI_ISL_255387|Human|H5N1|2014.175|Asia|,2014.175,-576.4,43.6388508891929,2193,2193,46.922024623803,41.9972640218878
EPI_ISL_255386|Human|H5N1|2014.173|Asia|,2014.173,-579.1,43.6388508891929,2193,2193,46.5116279069767,42.202462380301
EPI_ISL_255593|Human|H5N1|2014.175|Asia|,2014.175,-599.9,43.4610303830911,2271,2271,46.4993394980185,41.9418758256275
EPI_ISL_262572|Human|H5N1|2014.863|Africa|,2014.863,-589.9,43.152796125055,2271,2271,45.7067371202114,41.8758256274769
EPI_ISL_343404|Human|H5N1|2015.227|Asia|,2015.227,-610.5,43.1968295904888,2271,2271,45.9709379128137,41.8097754293263
EPI_ISL_343403|Human|H5N1|2015.225|Asia|,2015.225,-594.2,42.8885953324527,2271,2271,45.1783355350066,41.7437252311757
EPI_ISL_343402|Human|H5N1|2013.86|Asia|,2013.86,-600,43.1087626596213,2271,2271,45.7067371202114,41.8097754293263
EPI_ISL_343401|Human|H5N1|2013.737|Asia|,2013.737,-596.5,43.1087626596213,2271,2271,45.7067371202114,41.8097754293263
EPI_ISL_379574|Human|H5N1|2015.055|Asia|,2015.055,-599.7,44.1655658300308,2271,2271,48.7450462351387,41.8758256274769
EPI_ISL_393329|Swine|H5N1|2015|Asia|,2015,-590,43.152796125055,2271,2271,45.0462351387054,42.2060766182299
EPI_ISL_244744|Feline|H5N1|2016.279|Asia|,2016.279,-589.9,43.5931307793923,2271,2271,47.4240422721268,41.6776750330251
EPI_ISL_376124|Ferret|H5N1|2017.43|Asia|,2017.43,-568.2,43.6997319034853,2238,2238,47.0509383378016,42.0241286863271
EPI_ISL_354656|Human|H5N1|2019.227|Asia|,2019.227,-613.3,43.6371642448261,2271,2271,47.9524438573316,41.4795244385733
EPI_ISL_354655|Human|H5N1|2019.227|Asia|,2019.227,-613.3,43.6371642448261,2271,2271,47.9524438573316,41.4795244385733
EPI_ISL_358020|Human|H5N1|2019.227|Asia|,2019.227,-613.3,43.6371642448261,2271,2271,47.9524438573316,41.4795244385733
EPI_ISL_877035|Human|H5N1|2020.79|Asia|,2020.79,-586.1,42.6243945398503,2271,2271,44.1215323645971,41.8758256274769
EPI_ISL_3547|Human|H7N7|2003|Europe|,2003,-607.6,44.2095992954645,2271,2271,48.7450462351387,41.9418758256275
EPI_ISL_29945|Equine|H7N7|1966|NorthAmerica|,1966,-525.4,38.441215323646,2271,2271,35.667107001321,39.8282694848085
EPI_ISL_89157|Equine|H7N7|1956.443|Europe|,1956.443,-528.7,38.441215323646,2271,2271,35.4029062087186,39.9603698811096
EPI_ISL_132868|Equine|H7N7|1956|Europe|,1956,-529.8,38.4852487890797,2271,2271,35.5350066050198,39.9603698811096
EPI_ISL_171318|Human|H7N7|2013.682|Europe|,2013.682,-597.6,43.7692646411273,2271,2271,47.6882430647292,41.8097754293263
EPI_ISL_5226|Human|H1N2|2003.31|NorthAmerica|seasonal,2003.31,-567.4,42.2721268163804,2271,2271,43.5931307793923,41.6116248348745
EPI_ISL_6423|Human|H1N2|2003|NorthAmerica|seasonal,2003,-568.9,42.2721268163804,2271,2271,43.5931307793923,41.6116248348745
EPI_ISL_8267|Human|H1N2|2003.266|NorthAmerica|seasonal,2003.266,-564.8,42.263483642794,2262,2262,43.5013262599469,41.6445623342175
EPI_ISL_8266|Human|H1N2|2003.079|NorthAmerica|seasonal,2003.079,-570,42.2721268163804,2271,2271,43.4610303830911,41.6776750330251
EPI_ISL_8263|Human|H1N2|2003.167|NorthAmerica|seasonal,2003.167,-561.5,42.0959929546455,2271,2271,43.1968295904888,41.5455746367239
EPI_ISL_8230|Human|H1N2|2003.041|NorthAmerica|seasonal,2003.041,-570.8,42.2280933509467,2271,2271,43.4610303830911,41.6116248348745
EPI_ISL_8229|Human|H1N2|2003.112|NorthAmerica|seasonal,2003.112,-572.9,42.3161602818142,2271,2271,43.7252311756935,41.6116248348745
EPI_ISL_8205|Human|H1N2|2003.107|NorthAmerica|seasonal,2003.107,-570,42.2721268163804,2271,2271,43.5931307793923,41.6116248348745
EPI_ISL_8702|Human|H1N2|2003.173|NorthAmerica|seasonal,2003.173,-569.3,42.2721268163804,2271,2271,43.5931307793923,41.6116248348745
EPI_ISL_8691|Human|H1N2|2003.033|NorthAmerica|seasonal,2003.033,-564.1,42.0959929546455,2271,2271,43.0647291941876,41.6116248348745
EPI_ISL_8653|Human|H1N2|2002.956|NorthAmerica|seasonal,2002.956,-570.8,42.184059885513,2271,2271,43.1968295904888,41.6776750330251
EPI_ISL_8607|Human|H1N2|2003.099|NorthAmerica|seasonal,2003.099,-566,42.263483642794,2262,2262,43.5013262599469,41.6445623342175
EPI_ISL_8997|Human|H1N2|2003.11|NorthAmerica|seasonal,2003.11,-570,42.2280933509467,2271,2271,43.32892998679,41.6776750330251
EPI_ISL_8996|Human|H1N2|2003.071|NorthAmerica|seasonal,2003.071,-570,42.2721268163804,2271,2271,43.5931307793923,41.6116248348745
EPI_ISL_8970|Human|H1N2|2003.088|NorthAmerica|seasonal,2003.088,-564.1,42.0519594892118,2271,2271,42.9326287978864,41.6116248348745
EPI_ISL_8960|Human|H1N2|2003.326|NorthAmerica|seasonal,2003.326,-567.4,42.2721268163804,2271,2271,43.5931307793923,41.6116248348745
EPI_ISL_9052|Human|H1N2|2003|NorthAmerica|seasonal,2003,-568.2,42.1400264200793,2271,2271,43.32892998679,41.5455746367239
EPI_ISL_9037|Human|H1N2|2003.077|NorthAmerica|seasonal,2003.077,-564.1,42.0959929546455,2271,2271,43.0647291941876,41.6116248348745
EPI_ISL_9881|Swine|H1N2|2003|NorthAmerica|,2003,-568.3,42.0959929546455,2271,2271,43.32892998679,41.4795244385733
EPI_ISL_9538|Swine|H1N2|2004|Asia|,2004,-559.1,40.6869220607662,2271,2271,40.4227212681638,40.8190224570674
EPI_ISL_13920|Swine|H1N2|2005|Asia|,2005,-574.2,42.5363276089828,2271,2271,44.1215323645971,41.7437252311757
EPI_ISL_15606|Human|H1N2|2003|Europe|seasonal,2003,-578.1,42.3161602818142,2271,2271,43.5931307793923,41.6776750330251
EPI_ISL_28433|Swine|H1N2|1980|Asia|,1980,-567.5,41.1712901805372,2271,2271,40.2906208718626,41.6116248348745
EPI_ISL_30055|Human|H1N2|2007.63|NorthAmerica|,2007.63,-596.8,42.3601937472479,2271,2271,43.5931307793923,41.7437252311757
EPI_ISL_29769|Swine|H1N2|2003.31|Asia|,2003.31,-565.4,41.1272567151035,2271,2271,41.2153236459709,41.0832232496698
EPI_ISL_88949|Swine|H1N2|1999.97|Asia|,1999.97,-565.7,41.4354909731396,2271,2271,42.0079260237781,41.1492734478203
EPI_ISL_88371|Swine|H1N2|2006.025|Asia|,2006.025,-577.7,42.5363276089828,2271,2271,44.5178335535007,41.5455746367239
EPI_ISL_88362|Swine|H1N2|2004.784|Asia|,2004.784,-553.5,40.8630559225011,2271,2271,40.554821664465,41.0171730515192
EPI_ISL_88357|Swine|H1N2|2004.21|Asia|,2004.21,-568.4,41.3033905768384,2271,2271,41.8758256274769,41.0171730515192
EPI_ISL_88356|Swine|H1N2|2004.145|Asia|,2004.145,-569.6,41.3914575077059,2271,2271,42.0079260237781,41.0832232496698
EPI_ISL_88354|Swine|H1N2|2003.953|Asia|,2003.953,-572,41.0832232496698,2271,2271,41.0832232496698,41.0832232496698
EPI_ISL_88352|Swine|H1N2|2003.789|Asia|,2003.789,-564.6,40.9951563188023,2271,2271,40.9511228533686,41.0171730515192
EPI_ISL_88350|Swine|H1N2|2003.616|Asia|,2003.616,-562.9,41.0832232496698,2271,2271,40.9511228533686,41.1492734478203
EPI_ISL_88349|Swine|H1N2|2003.521|Asia|,2003.521,-559.3,41.1272567151035,2271,2271,40.9511228533686,41.2153236459709
EPI_ISL_88343|Swine|H1N2|2002.688|Asia|,2002.688,-560,40.9951563188023,2271,2271,40.8190224570674,41.0832232496698
EPI_ISL_88342|Swine|H1N2|2002.614|Asia|,2002.614,-559.9,40.9070893879348,2271,2271,40.6869220607662,41.0171730515192
EPI_ISL_88338|Swine|H1N2|2002.055|Asia|,2002.055,-560.6,41.0832232496698,2271,2271,41.2153236459709,41.0171730515192
EPI_ISL_88330|Swine|H1N2|2001.389|Asia|,2001.389,-569.7,41.3914575077059,2271,2271,42.1400264200793,41.0171730515192
EPI_ISL_103792|Swine|H1N2|2007.915|Asia|,2007.915,-599,43.0647291941876,2271,2271,46.1030383091149,41.5455746367239
EPI_ISL_126261|Human|H1N2|2007.63|NorthAmerica|,2007.63,-596.8,42.3601937472479,2271,2271,43.5931307793923,41.7437252311757
EPI_ISL_96979|Swine|H1N2|2010.156|Asia|,2010.156,-569.5,42.3601937472479,2271,2271,44.6499339498018,41.2153236459709
EPI_ISL_96978|Swine|H1N2|2010.156|Asia|,2010.156,-571.1,42.3601937472479,2271,2271,44.6499339498018,41.2153236459709
EPI_ISL_96977|Swine|H1N2|2010.156|Asia|,2010.156,-570.2,42.4042272126816,2271,2271,44.782034346103,41.2153236459709
EPI_ISL_96976|Swine|H1N2|2010.156|Asia|,2010.156,-570.2,42.4042272126816,2271,2271,44.782034346103,41.2153236459709
EPI_ISL_96975|Swine|H1N2|2010.156|Asia|,2010.156,-570.2,42.4042272126816,2271,2271,44.782034346103,41.2153236459709
EPI_ISL_99810|Human|H1N2|2011.841|NorthAmerica|,2011.841,-585.1,41.8984547461369,2265,2265,42.3841059602649,41.6556291390729
EPI_ISL_119366|Swine|H1N2|2011.071|NorthAmerica|,2011.071,-579.4,41.8317921620432,2271,2271,42.4042272126816,41.5455746367239
EPI_ISL_126260|Human|H1N2|2011.841|NorthAmerica|,2011.841,-585.2,41.8758256274769,2271,2271,42.4042272126816,41.6116248348745
EPI_ISL_129684|Human|H1N2|2012.653|NorthAmerica|,2012.653,-579.9,41.9198590929106,2271,2271,43.1968295904888,41.2813738441215
EPI_ISL_181100|Swine|H1N2|2012.087|Asia|,2012.087,-578.1,41.699691765742,2271,2271,42.2721268163804,41.4134742404227
EPI_ISL_181099|Swine|H1N2|2012.087|Asia|,2012.087,-573.1,41.6556583003082,2271,2271,42.1400264200793,41.4134742404227
EPI_ISL_181098|Swine|H1N2|2012.087|Asia|,2012.087,-573.1,41.6556583003082,2271,2271,42.1400264200793,41.4134742404227
EPI_ISL_181097|Swine|H1N2|2012.087|Asia|,2012.087,-573.1,41.6556583003082,2271,2271,42.1400264200793,41.4134742404227
EPI_ISL_281918|Swine|H1N2|2013.277|NorthAmerica|,2013.277,-599.4,42.2280933509467,2271,2271,42.9326287978864,41.8758256274769
EPI_ISL_505233|Swine|H1N2|2011.992|Europe|,2011.992,-567.1,41.9198590929106,2271,2271,43.0647291941876,41.3474240422721
EPI_ISL_320690|Human|H1N2|2018.578|NorthAmerica|,2018.578,-583.5,42.4669603524229,2270,2271,44.1798941798942,41.6116248348745
EPI_ISL_320687|Human|H1N2|2018.578|NorthAmerica|,2018.578,-585.6,42.4922941435491,2271,2271,44.2536327608983,41.6116248348745
EPI_ISL_320686|Human|H1N2|2018.57|NorthAmerica|,2018.57,-583.9,42.511013215859,2270,2271,44.3121693121693,41.6116248348745
EPI_ISL_320688|Human|H1N2|2018.597|NorthAmerica|,2018.597,-585.3,42.4482606781154,2271,2271,44.1215323645971,41.6116248348745
EPI_ISL_320689|Human|H1N2|2018.578|NorthAmerica|,2018.578,-583,42.511013215859,2270,2271,44.3121693121693,41.6116248348745
EPI_ISL_329970|Human|H1N2|2018.633|NorthAmerica|,2018.633,-576.6,42.4403183023873,2262,2262,44.1644562334218,41.57824933687
EPI_ISL_329967|Human|H1N2|2018.603|NorthAmerica|,2018.603,-585.3,42.4482606781154,2271,2271,44.1215323645971,41.6116248348745
EPI_ISL_329969|Human|H1N2|2018.597|NorthAmerica|,2018.597,-585.6,42.4922941435491,2271,2271,44.2536327608983,41.6116248348745
EPI_ISL_329968|Human|H1N2|2018.595|NorthAmerica|,2018.595,-585.6,42.5363276089828,2271,2271,44.2536327608983,41.6776750330251
EPI_ISL_1897643|Human|H1N2|2021|NorthAmerica|,2021,-593.5,42.0959929546455,2271,2271,43.32892998679,41.4795244385733
EPI_ISL_4106156|Human|H1N2|2021.627|Europe|,2021.627,-590.1,43.2408630559225,2271,2271,46.1030383091149,41.8097754293263
EPI_ISL_7334895|Human|H1N2|2021.721|NorthAmerica|,2021.721,-578.2,41.523557904007,2271,2271,42.2721268163804,41.1492734478203
EPI_ISL_10877204|Human|H1N2|2021.986|NorthAmerica|,2021.986,-573.3,42.0704845814978,2270,2271,43.1968295904888,41.5069398545935
EPI_ISL_10864794|Human|H1N2|2021.986|NorthAmerica|,2021.986,-572.7,42.1145374449339,2270,2271,43.2539682539683,41.5455746367239
EPI_ISL_223342|Human|H1N2|2015.904|SouthAmerica|,2015.904,-580.4,41.7437252311757,2271,2271,42.4042272126816,41.4134742404227
EPI_ISL_700766|Swine|H1N2|2015.247|SouthAmerica|,2015.247,-575.9,41.8758256274769,2271,2271,43.1968295904888,41.2153236459709
EPI_ISL_700759|Swine|H1N2|2015.085|SouthAmerica|,2015.085,-557.5,42.0959929546455,2271,2271,43.4610303830911,41.4134742404227
EPI_ISL_221825|Human|H1N2|2016.24|NorthAmerica|,2016.24,-586.9,42.6243945398503,2271,2271,44.9141347424042,41.4795244385733
EPI_ISL_230639|Human|H1N2|2016.437|NorthAmerica|,2016.437,-598.1,42.4922941435491,2271,2271,43.9894319682959,41.7437252311757
EPI_ISL_230638|Human|H1N2|2016.265|NorthAmerica|,2016.265,-606,42.4482606781154,2271,2271,43.9894319682959,41.6776750330251
EPI_ISL_277244|Human|H1N2|2017.625|NorthAmerica|,2017.625,-586.5,42.5803610744166,2271,2271,44.782034346103,41.4795244385733
EPI_ISL_277243|Human|H1N2|2017.562|NorthAmerica|,2017.562,-581.6,42.3601937472479,2271,2271,44.2536327608983,41.4134742404227
EPI_ISL_330080|Human|H1N2|2017.797|NorthAmerica|,2017.797,-610.4,42.5868895732512,2273,2274,43.8573315719947,41.9525065963061
EPI_ISL_6781349|Swine|H1N2|2020.454|Europe|,2020.454,-548.1,40.9070893879348,2271,2271,41.0832232496698,40.8190224570674
EPI_ISL_6781340|Swine|H1N2|2020.454|Europe|,2020.454,-548.1,40.9070893879348,2271,2271,41.0832232496698,40.8190224570674
EPI_ISL_1767|Swine|H4N6|1999|NorthAmerica|,1999,-573.2,43.32892998679,2271,2271,46.8956406869221,41.5455746367239
EPI_ISL_163594|Seal|H4N6|2002.548|Europe|,2002.548,-600.6,44.4738000880669,2271,2271,49.8018494055482,41.8097754293263
EPI_ISL_163595|Seal|H4N6|2012.754|Europe|,2012.754,-600.6,44.4738000880669,2271,2271,49.8018494055482,41.8097754293263
EPI_ISL_213836|Swine|H4N6|2015.956|NorthAmerica|,2015.956,-591.3,43.3729634522237,2271,2271,46.1030383091149,42.0079260237781
EPI_ISL_4040|Swine|H3N3|2001|NorthAmerica|,2001,-579.7,43.6371642448261,2271,2271,46.6314398943197,42.1400264200793
EPI_ISL_4039|Swine|H3N3|2001|NorthAmerica|,2001,-587.6,43.6371642448261,2271,2271,46.6314398943197,42.1400264200793
EPI_ISL_12597|Human|H9N2|2000|Asia|,2000,-588.6,43.568281938326,2270,2271,46.957671957672,41.8758256274769
EPI_ISL_12580|Swine|H9N2|2005|Asia|,2005,-588.3,42.8445618670189,2271,2271,44.9141347424042,41.8097754293263
EPI_ISL_13020|Swine|H9N2|2005|Asia|,2005,-601.9,43.6675461741425,2274,2274,46.4379947229551,42.2823218997361
EPI_ISL_13023|Swine|H9N2|2005|Asia|,2005,-582,42.8005284015852,2271,2271,44.6499339498018,41.8758256274769
EPI_ISL_13022|Swine|H9N2|2005|Asia|,2005,-583.8,42.7124614707177,2271,2271,44.6499339498018,41.7437252311757
EPI_ISL_15584|Swine|H9N2|2004|Asia|,2004,-600.1,43.3729634522237,2271,2271,47.1598414795244,41.4795244385733
EPI_ISL_15583|Swine|H9N2|2004|Asia|,2004,-606.8,43.4610303830911,2271,2271,47.2919418758256,41.5455746367239
EPI_ISL_65625|Swine|H9N2|2004|Asia|,2004,-604.1,43.3729634522237,2271,2271,46.4993394980185,41.8097754293263
EPI_ISL_66541|Ferret|H9N2|2008|NorthAmerica|,2008,-564.6,42.0079260237781,2271,2271,43.0647291941876,41.4795244385733
EPI_ISL_67424|Swine|H9N2|2003|Asia|,2003,-587.8,43.7692646411273,2271,2271,47.9524438573316,41.6776750330251
EPI_ISL_81609|Swine|H9N2|2007.085|Asia|,2007.085,-606.8,43.4610303830911,2271,2271,47.1598414795244,41.6116248348745
EPI_ISL_81608|Swine|H9N2|2007.085|Asia|,2007.085,-608.5,43.5050638485249,2271,2271,47.1598414795244,41.6776750330251
EPI_ISL_81611|Swine|H9N2|2007.085|Asia|,2007.085,-606.2,43.7692646411273,2271,2271,47.556142668428,41.8758256274769
EPI_ISL_81610|Swine|H9N2|2007.085|Asia|,2007.085,-603.3,43.5931307793923,2271,2271,47.2919418758256,41.7437252311757
EPI_ISL_84440|Swine|H9N2|2008.833|Asia|,2008.833,-586.9,44.297666226332,2271,2271,49.8018494055482,41.5455746367239
EPI_ISL_84439|Swine|H9N2|2008.749|Asia|,2008.749,-590.9,44.0334654337296,2271,2271,49.1413474240423,41.4795244385733
EPI_ISL_243355|Swine|H9N2|1998|Asia|,1998,-597,43.4975588104749,2253,2253,47.4034620505992,41.5446071904128
EPI_ISL_235799|Human|H9N2|2004.467|Asia|,2004.467,-579,43.4036939313984,2274,2274,45.778364116095,42.2163588390501
EPI_ISL_235795|Swine|H9N2|2008.751|Asia|,2008.751,-599.3,44.1215323645971,2271,2271,48.8771466314399,41.7437252311757
EPI_ISL_235759|Ferret|H9N2|2008|NorthAmerica|,2008,-585.1,43.6675461741425,2274,2274,46.5699208443272,42.2163588390501
EPI_ISL_235751|Ferret|H9N2|2008|NorthAmerica|,2008,-585.1,43.6675461741425,2274,2274,46.5699208443272,42.2163588390501
EPI_ISL_379214|Swine|H9N2|1998|Asia|,1998,-604.4,43.5931307793923,2271,2271,47.556142668428,41.6116248348745
EPI_ISL_93624|Canine|H9N2|2011|Asia|,2011,-584.5,43.9013650374284,2271,2271,48.7450462351387,41.4795244385733
EPI_ISL_103210|Equine|H9N2|2011.208|Asia|,2011.208,-583.8,43.9453985028622,2271,2271,48.6129458388375,41.6116248348745
EPI_ISL_140388|Human|H9N2|2011.153|Asia|,2011.153,-570.3,42.3721340388007,2268,2271,42.989417989418,42.0634920634921
EPI_ISL_139173|Swine|H9N2|2009.781|Asia|,2009.781,-587.4,44.3857331571995,2271,2271,50.1981505944518,41.4795244385733
EPI_ISL_139172|Swine|H9N2|2009.499|Asia|,2009.499,-594.5,44.6499339498018,2271,2271,50.8586525759577,41.5455746367239
EPI_ISL_179451|Swine|H9N2|2010.079|Asia|,2010.079,-599.3,44.1215323645971,2271,2271,48.8771466314399,41.7437252311757
EPI_ISL_229212|Swine|H9N2|2012.721|Asia|,2012.721,-608.6,42.4482606781154,2271,2271,43.8573315719947,41.7437252311757
EPI_ISL_235736|Ferret|H9N2|2012|NorthAmerica|,2012,-607.5,43.7692646411273,2271,2271,47.8203434610304,41.7437252311757
EPI_ISL_330737|Human|H9N2|2018.003|Asia|,2018.003,-591.75,44.0334654337296,2271,2271,49.4055482166447,41.3474240422721
EPI_ISL_337277|Human|H9N2|2018.06|Asia|,2018.06,-595.8,44.6059004843681,2271,2271,50.4623513870542,41.6776750330251
EPI_ISL_337279|Human|H9N2|2017.904|Asia|,2017.904,-605,43.9894319682959,2271,2271,48.3487450462351,41.8097754293263
EPI_ISL_345234|Human|H9N2|2018.797|Asia|,2018.797,-592.1,44.0774988991634,2271,2271,49.1413474240423,41.5455746367239
EPI_ISL_345235|Human|H9N2|2018.775|Asia|,2018.775,-596,44.4297666226332,2271,2271,50.1981505944518,41.5455746367239
EPI_ISL_345236|Human|H9N2|2018.907|Asia|,2018.907,-605,44.2536327608983,2271,2271,49.2734478203435,41.7437252311757
EPI_ISL_3246989|Human|H9N2|2021.419|Asia|,2021.419,-598.5,43.7444933920705,2270,2271,47.7513227513228,41.7437252311757
EPI_ISL_2991499|Human|H9N2|2021.416|Asia|,2021.416,-599.2,43.7692646411273,2271,2271,47.8203434610304,41.7437252311757
EPI_ISL_3247000|Human|H9N2|2021.088|Asia|,2021.088,-612.9,44.0774988991634,2271,2271,48.4808454425363,41.8758256274769
EPI_ISL_3246991|Human|H9N2|2021.304|Asia|,2021.304,-582.6,43.7252311756935,2271,2271,48.0845442536328,41.5455746367239
EPI_ISL_3246998|Human|H9N2|2021.11|Asia|,2021.11,-597.05,43.3729634522237,2271,2271,47.1598414795244,41.4795244385733
EPI_ISL_3247002|Human|H9N2|2021.008|Asia|,2021.008,-610.6,43.9453985028622,2271,2271,48.0845442536328,41.8758256274769
EPI_ISL_3247004|Human|H9N2|2021.071|Asia|,2021.071,-602.3,43.5931307793923,2271,2271,47.6882430647292,41.5455746367239
EPI_ISL_3247005|Human|H9N2|2021.047|Asia|,2021.047,-613.5,43.9894319682959,2271,2271,48.6129458388375,41.6776750330251
EPI_ISL_3246990|Human|H9N2|2021.321|Asia|,2021.321,-590,43.7252311756935,2271,2271,48.0845442536328,41.5455746367239
EPI_ISL_153064|Human|H9N2|2013.989|Asia|,2013.989,-602.9,44.4738000880669,2271,2271,50.8586525759577,41.2813738441215
EPI_ISL_174274|Ferret|H9N2|2013.677|Asia|,2013.677,-596.9,44.5618670189344,2271,2271,50.5944517833554,41.5455746367239
EPI_ISL_203644|Human|H9N2|2015.668|Asia|,2015.668,-593.4,44.0334654337296,2271,2271,49.4055482166447,41.3474240422721
EPI_ISL_206451|Human|H9N2|2015.101|Asia|,2015.101,-588.1,44.0334654337296,2271,2271,49.0092470277411,41.5455746367239
EPI_ISL_234468|Human|H9N2|2015.912|Asia|,2015.912,-593.4,44.0334654337296,2271,2271,49.4055482166447,41.3474240422721
EPI_ISL_282910|Ferret|H9N2|2014.967|Asia|,2014.967,-598.6,44.5178335535007,2271,2271,50.4623513870542,41.5455746367239
EPI_ISL_282909|Ferret|H9N2|2014.967|Asia|,2014.967,-590,44.0334654337296,2271,2271,49.0092470277411,41.5455746367239
EPI_ISL_378687|Ferret|H9N2|2015.526|Asia|,2015.526,-586.2,44.5474613686534,2265,2271,50.7323568575233,41.4795244385733
EPI_ISL_378686|Ferret|H9N2|2015.471|Asia|,2015.471,-586.9,44.5474613686534,2265,2271,50.7323568575233,41.4795244385733
EPI_ISL_378685|Ferret|H9N2|2015.452|Asia|,2015.452,-587.8,44.326710816777,2265,2271,50.4660452729694,41.2813738441215
EPI_ISL_378684|Ferret|H9N2|2015.427|Asia|,2015.427,-582.3,44.3216968625718,2263,2271,50.4672897196262,41.2813738441215
EPI_ISL_378683|Ferret|H9N2|2015.375|Asia|,2015.375,-586.4,44.6113074204947,2264,2271,50.5333333333333,41.6776750330251
EPI_ISL_378682|Ferret|H9N2|2015.353|Asia|,2015.353,-586,44.4591611479029,2265,2271,50.5992010652463,41.4134742404227
EPI_ISL_381335|Swine|H9N2|2015.375|Asia|,2015.375,-597.8,44.1655658300308,2271,2271,49.8018494055482,41.3474240422721
EPI_ISL_379943|Ferret|H9N2|2014.967|Asia|,2014.967,-598.5,44.4297666226332,2271,2271,50.330250990753,41.4795244385733
EPI_ISL_253028|Human|H9N2|2016.454|Asia|,2016.454,-592.6,44.3416996917657,2271,2271,50.0660501981506,41.4795244385733
EPI_ISL_285482|Human|H9N2|2017.321|Asia|,2017.321,-590.8,43.8573315719947,2271,2271,49.0092470277411,41.2813738441215
EPI_ISL_285481|Human|H9N2|2016.945|Asia|,2016.945,-597.6,44.1655658300308,2271,2271,49.5376486129458,41.4795244385733
EPI_ISL_337281|Human|H9N2|2017.712|Asia|,2017.712,-586.1,44.0774988991634,2271,2271,48.7450462351387,41.7437252311757
EPI_ISL_353983|Human|H9N2|2019.216|Asia|,2019.216,-574.2,42.4922941435491,2271,2271,43.8573315719947,41.8097754293263
EPI_ISL_395069|Human|H9N2|2019.214|Asia|,2019.214,-603.4,44.1215323645971,2271,2271,49.1413474240423,41.6116248348745
EPI_ISL_407978|Human|H9N2|2019.844|Asia|,2019.844,-597.3,44.5618670189344,2271,2271,50.8586525759577,41.4134742404227
EPI_ISL_410990|Human|H9N2|2019.096|Asia|,2019.096,-595.85,43.5931307793923,2271,2271,47.2919418758256,41.7437252311757
EPI_ISL_447901|Human|H9N2|2020.232|Asia|,2020.232,-585.8,43.9894319682959,2271,2271,49.0092470277411,41.4795244385733
EPI_ISL_504875|Human|H9N2|2019.088|Asia|,2019.088,-577,43.0721558211598,2259,2259,44.6215139442231,42.2974767596282
EPI_ISL_503942|Swine|H9N2|2019.247|Asia|,2019.247,-592.4,44.1345728198318,2259,2259,49.535192563081,41.4342629482072
EPI_ISL_548683|Human|H9N2|2020.224|Asia|,2020.224,-585.8,43.9894319682959,2271,2271,49.0092470277411,41.4795244385733
EPI_ISL_548680|Human|H9N2|2020.342|Asia|,2020.342,-592.65,43.2408630559225,2271,2271,46.4993394980185,41.6116248348745
EPI_ISL_548682|Human|H9N2|2020.303|Asia|,2020.303,-607.2,44.1655658300308,2271,2271,48.7450462351387,41.8758256274769
EPI_ISL_696559|Human|H9N2|2019.162|Asia|,2019.162,-603.4,44.1215323645971,2271,2271,49.1413474240423,41.6116248348745
EPI_ISL_5873|Human|H7N3|2004.358|NorthAmerica|,2004.358,-587.4,43.3729634522237,2271,2271,45.9709379128137,42.0739762219287
EPI_ISL_128317|Human|H7N3|2012.519|NorthAmerica|,2012.519,-587.9,42.7564949361515,2271,2271,44.6499339498018,41.8097754293263
EPI_ISL_9542|Swine|H3N1|2004|NorthAmerica|,2004,-596.2,42.5803610744166,2271,2271,43.9894319682959,41.8758256274769
EPI_ISL_10547|Swine|H3N1|2006|Asia|,2006,-574.6,42.1145374449339,2270,2271,43.1968295904888,41.5730337078652
EPI_ISL_10546|Swine|H3N1|2006|Asia|,2006,-574.6,42.1145374449339,2270,2271,43.1968295904888,41.5730337078652
EPI_ISL_150871|Swine|H3N1|2007.814|NorthAmerica|,2007.814,-587.8,42.2721268163804,2271,2271,43.32892998679,41.7437252311757
EPI_ISL_90108|Canine|H3N1|2010.096|Asia|,2010.096,-574.3,41.8317921620432,2271,2271,42.5363276089828,41.4795244385733
EPI_ISL_142698|Swine|H3N1|2012.101|Asia|,2012.101,-594.9,42.5363276089828,2271,2271,44.3857331571995,41.6116248348745
EPI_ISL_167145|Canine|H3N1|2012.197|Asia|,2012.197,-573.5,41.8317921620432,2271,2271,42.4042272126816,41.5455746367239
EPI_ISL_181096|Swine|H3N1|2012.087|Asia|,2012.087,-573.1,41.6556583003082,2271,2271,42.1400264200793,41.4134742404227
EPI_ISL_303866|Swine|H3N1|2018.019|NorthAmerica|,2018.019,-576.8,41.9638925583443,2271,2271,43.5931307793923,41.1492734478203
EPI_ISL_4082025|Swine|H3N1|2021.115|NorthAmerica|,2021.115,-576.8,42.1400264200793,2271,2271,43.1968295904888,41.6116248348745
EPI_ISL_167983|Swine|H3N1|2014.707|NorthAmerica|,2014.707,-599.4,42.1400264200793,2271,2271,43.5931307793923,41.4134742404227
EPI_ISL_245576|Swine|H3N1|2016.822|NorthAmerica|,2016.822,-583.6,42.3601937472479,2271,2271,43.8573315719947,41.6116248348745
EPI_ISL_252810|Swine|H3N1|2016.907|NorthAmerica|,2016.907,-583.6,42.2026431718062,2270,2271,43.6507936507937,41.4795244385733
EPI_ISL_252696|Swine|H3N1|2016.91|NorthAmerica|,2016.91,-582.7,42.184059885513,2271,2271,43.7252311756935,41.4134742404227
EPI_ISL_501277|Swine|H3N1|2020.057|NorthAmerica|,2020.057,-586.2,42.4042272126816,2271,2271,44.2536327608983,41.4795244385733
EPI_ISL_503900|Swine|H3N1|2020.134|NorthAmerica|,2020.134,-594.8,43.0647291941876,2271,2271,46.1030383091149,41.5455746367239
EPI_ISL_707020|Swine|H3N1|2020.533|NorthAmerica|,2020.533,-578.6,41.9638925583443,2271,2271,42.668428005284,41.6116248348745
EPI_ISL_697745|Swine|H3N1|2020.77|NorthAmerica|,2020.77,-593.7,42.4482606781154,2271,2271,43.7252311756935,41.8097754293263
EPI_ISL_16424|Human|H7N2|2003|NorthAmerica|,2003,-599,43.6371642448261,2271,2271,47.4240422721268,41.7437252311757
EPI_ISL_85566|Swine|H7N2|2001|Asia|,2001,-607.3,43.8573315719947,2271,2271,47.8203434610304,41.8758256274769
EPI_ISL_253575|Human|H7N2|2016.964|NorthAmerica|,2016.964,-564.8,42.3601937472479,2271,2271,44.1215323645971,41.4795244385733
EPI_ISL_260817|Feline|H7N2|2016.929|NorthAmerica|,2016.929,-564.8,42.3601937472479,2271,2271,44.1215323645971,41.4795244385733
EPI_ISL_283470|Feline|H7N2|2016|NorthAmerica|,2016,-566.4,42.4482606781154,2271,2271,44.2536327608983,41.5455746367239
EPI_ISL_283469|Feline|H7N2|2016|NorthAmerica|,2016,-566.4,42.4482606781154,2271,2271,44.2536327608983,41.5455746367239
EPI_ISL_283468|Feline|H7N2|2016|NorthAmerica|,2016,-566.4,42.4482606781154,2271,2271,44.2536327608983,41.5455746367239
EPI_ISL_283467|Feline|H7N2|2016|NorthAmerica|,2016,-565.6,42.3601937472479,2271,2271,44.1215323645971,41.4795244385733
EPI_ISL_283466|Feline|H7N2|2016|NorthAmerica|,2016,-566.4,42.4482606781154,2271,2271,44.2536327608983,41.5455746367239
EPI_ISL_26266|Ferret|H10N4|1984.749|Europe|,1984.749,-617.8,44.283201407212,2274,2274,48.9445910290237,41.9525065963061
EPI_ISL_28757|Swine|H5N2|2008|Asia|,2008,-599.1,44.0774988991634,2271,2271,48.7450462351387,41.7437252311757
EPI_ISL_28756|Swine|H5N2|2008|Asia|,2008,-597.9,44.0334654337296,2271,2271,48.6129458388375,41.7437252311757
EPI_ISL_234382|Swine|H5N2|2014.792|NorthAmerica|,2014.792,-586.3,42.9326287978864,2271,2271,44.5178335535007,42.1400264200793
EPI_ISL_378722|Swine|H5N2|2015.745|NorthAmerica|,2015.745,-577.3,42.8824049513705,2262,2271,44.4592790387183,42.1017845340383
EPI_ISL_80217|Swine|H11N6|2001|Asia|,2001,-613,43.5490973139586,2271,2271,46.2351387054161,42.2060766182299
EPI_ISL_129071|Swine|H10N5|2008.328|Asia|,2008.328,-598.7,43.7692646411273,2271,2271,48.4808454425363,41.4134742404227
EPI_ISL_170528|Swine|H3N6|1985|Asia|,1985,-602.8,43.6371642448261,2271,2271,47.6882430647292,41.6116248348745
EPI_ISL_89164|Swine|H6N6|2010.044|Asia|,2010.044,-583.4,42.9326287978864,2271,2271,45.442536327609,41.6776750330251
EPI_ISL_139117|Swine|H6N6|2009|Asia|,2009,-587,43.4610303830911,2271,2271,47.0277410832232,41.6776750330251
EPI_ISL_127501|Swine|H4N8|2011.803|Asia|,2011.803,-577,42.9012345679012,2268,2271,44.9006622516556,41.9035029742234
EPI_ISL_138977|Human|H7N9|2013.225|Asia|,2013.225,-594.7,44.3416996917657,2271,2271,50.1981505944518,41.4134742404227
EPI_ISL_138739|Human|H7N9|2013.214|Asia|,2013.214,-596.6,44.297666226332,2271,2271,50.0660501981506,41.4134742404227
EPI_ISL_138738|Human|H7N9|2013.173|Asia|,2013.173,-594.2,44.297666226332,2271,2271,50.0660501981506,41.4134742404227
EPI_ISL_138737|Human|H7N9|2013.153|Asia|,2013.153,-591.6,44.297666226332,2271,2271,50.1981505944518,41.3474240422721
EPI_ISL_139904|Human|H7N9|2013.274|Asia|,2013.274,-592.4,44.3416996917657,2271,2271,50.1981505944518,41.4134742404227
EPI_ISL_139903|Human|H7N9|2013.274|Asia|,2013.274,-594.4,44.297666226332,2271,2271,50.0660501981506,41.4134742404227
EPI_ISL_139499|Human|H7N9|2013.249|Asia|,2013.249,-595.4,44.6059004843681,2271,2271,50.9907529722589,41.4134742404227
EPI_ISL_139498|Human|H7N9|2013.227|Asia|,2013.227,-593.2,44.3416996917657,2271,2271,50.0660501981506,41.4795244385733
EPI_ISL_139653|Human|H7N9|2013.252|Asia|,2013.252,-593.3,44.3857331571995,2271,2271,50.330250990753,41.4134742404227
EPI_ISL_139652|Human|H7N9|2013.225|Asia|,2013.225,-594.7,44.3416996917657,2271,2271,50.1981505944518,41.4134742404227
EPI_ISL_140356|Human|H7N9|2013.31|Asia|,2013.31,-594,44.4738000880669,2271,2271,50.4623513870542,41.4795244385733
EPI_ISL_139364|Human|H7N9|2013.252|Asia|,2013.252,-593.3,44.3857331571995,2271,2271,50.330250990753,41.4134742404227
EPI_ISL_139651|Human|H7N9|2013.227|Asia|,2013.227,-594.7,44.3416996917657,2271,2271,50.1981505944518,41.4134742404227
EPI_ISL_139650|Human|H7N9|2013.184|Asia|,2013.184,-594.4,44.3416996917657,2271,2271,50.1981505944518,41.4134742404227
EPI_ISL_139649|Human|H7N9|2013.156|Asia|,2013.156,-594.4,44.3416996917657,2271,2271,50.1981505944518,41.4134742404227
EPI_ISL_140924|Human|H7N9|2013.173|Asia|,2013.173,-595.8,44.297666226332,2271,2271,50.0660501981506,41.4134742404227
EPI_ISL_141191|Human|H7N9|2013.301|Asia|,2013.301,-594.4,44.3416996917657,2271,2271,50.1981505944518,41.4134742404227
EPI_ISL_141190|Human|H7N9|2013.282|Asia|,2013.282,-594.4,44.3857331571995,2271,2271,50.330250990753,41.4134742404227
EPI_ISL_141188|Human|H7N9|2013.269|Asia|,2013.269,-589.5,44.3416996917657,2271,2271,50.1981505944518,41.4134742404227
EPI_ISL_141187|Human|H7N9|2013.274|Asia|,2013.274,-597.4,44.4297666226332,2271,2271,50.330250990753,41.4795244385733
EPI_ISL_141186|Human|H7N9|2013.252|Asia|,2013.252,-584,44.1215323645971,2271,2271,49.5376486129458,41.4134742404227
EPI_ISL_141185|Human|H7N9|2013.271|Asia|,2013.271,-593,44.297666226332,2271,2271,50.0660501981506,41.4134742404227
EPI_ISL_141184|Human|H7N9|2013.266|Asia|,2013.266,-594.6,44.4297666226332,2271,2271,50.330250990753,41.4795244385733
EPI_ISL_141183|Human|H7N9|2013.312|Asia|,2013.312,-581.8,43.8573315719947,2271,2271,48.7450462351387,41.4134742404227
EPI_ISL_141182|Human|H7N9|2013.31|Asia|,2013.31,-592.5,44.2536327608983,2271,2271,50.0660501981506,41.3474240422721
EPI_ISL_141181|Human|H7N9|2013.31|Asia|,2013.31,-584.8,43.8573315719947,2271,2271,48.8771466314399,41.3474240422721
EPI_ISL_141180|Human|H7N9|2013.307|Asia|,2013.307,-594.7,44.3416996917657,2271,2271,50.0660501981506,41.4795244385733
EPI_ISL_141179|Human|H7N9|2013.301|Asia|,2013.301,-583.6,43.9013650374284,2271,2271,48.7450462351387,41.4795244385733
EPI_ISL_141178|Human|H7N9|2013.288|Asia|,2013.288,-582.4,43.9013650374284,2271,2271,48.8771466314399,41.4134742404227
EPI_ISL_141177|Human|H7N9|2013.271|Asia|,2013.271,-590.3,44.3271767810026,2274,2274,50.2638522427441,41.3588390501319
EPI_ISL_141176|Human|H7N9|2013.269|Asia|,2013.269,-595.4,44.3857331571995,2271,2271,50.1981505944518,41.4795244385733
EPI_ISL_141175|Human|H7N9|2013.252|Asia|,2013.252,-593.3,44.3857331571995,2271,2271,50.330250990753,41.4134742404227
EPI_ISL_141174|Human|H7N9|2013.266|Asia|,2013.266,-593.7,44.3857331571995,2271,2271,50.330250990753,41.4134742404227
EPI_ISL_141173|Human|H7N9|2013.263|Asia|,2013.263,-594.4,44.3416996917657,2271,2271,50.1981505944518,41.4134742404227
EPI_ISL_141172|Human|H7N9|2013.252|Asia|,2013.252,-595.9,44.297666226332,2271,2271,50.0660501981506,41.4134742404227
EPI_ISL_141171|Human|H7N9|2013.271|Asia|,2013.271,-594.4,44.3416996917657,2271,2271,50.1981505944518,41.4134742404227
EPI_ISL_141170|Human|H7N9|2013.271|Asia|,2013.271,-583.3,44.1215323645971,2271,2271,49.5376486129458,41.4134742404227
EPI_ISL_141169|Human|H7N9|2013.271|Asia|,2013.271,-595.9,44.297666226332,2271,2271,50.0660501981506,41.4134742404227
EPI_ISL_141168|Human|H7N9|2013.271|Asia|,2013.271,-589.6,44.297666226332,2271,2271,50.0660501981506,41.4134742404227
EPI_ISL_141167|Human|H7N9|2013.269|Asia|,2013.269,-590.3,44.3271767810026,2274,2274,50.2638522427441,41.3588390501319
EPI_ISL_141166|Human|H7N9|2013.271|Asia|,2013.271,-595.9,44.297666226332,2271,2271,50.0660501981506,41.4134742404227
EPI_ISL_141165|Human|H7N9|2013.277|Asia|,2013.277,-593.7,44.4297666226332,2271,2271,50.330250990753,41.4795244385733
EPI_ISL_141164|Human|H7N9|2013.258|Asia|,2013.258,-590.6,44.2536327608983,2271,2271,49.9339498018494,41.4134742404227
EPI_ISL_141163|Human|H7N9|2013.26|Asia|,2013.26,-589.6,44.297666226332,2271,2271,50.0660501981506,41.4134742404227
EPI_ISL_141162|Human|H7N9|2013.244|Asia|,2013.244,-594.4,44.3416996917657,2271,2271,50.1981505944518,41.4134742404227
EPI_ISL_141160|Human|H7N9|2013.208|Asia|,2013.208,-582.4,43.8573315719947,2271,2271,48.7450462351387,41.4134742404227
EPI_ISL_141159|Human|H7N9|2013.249|Asia|,2013.249,-594,44.3857331571995,2271,2271,50.0660501981506,41.5455746367239
EPI_ISL_141158|Human|H7N9|2013.241|Asia|,2013.241,-585,44.0774988991634,2271,2271,49.669749009247,41.2813738441215
EPI_ISL_141776|Human|H7N9|2013.296|Asia|,2013.296,-589.3,44.4738000880669,2271,2271,50.330250990753,41.5455746367239
EPI_ISL_141775|Human|H7N9|2013.291|Asia|,2013.291,-581.3,44.0334654337296,2271,2271,49.5376486129458,41.2813738441215
EPI_ISL_141601|Human|H7N9|2013.315|Asia|,2013.315,-594.4,44.3416996917657,2271,2271,50.1981505944518,41.4134742404227
EPI_ISL_141856|Human|H7N9|2013.173|Asia|,2013.173,-595.8,44.297666226332,2271,2271,50.0660501981506,41.4134742404227
EPI_ISL_141437|Human|H7N9|2013.173|Asia|,2013.173,-594.2,44.297666226332,2271,2271,50.0660501981506,41.4134742404227
EPI_ISL_142073|Human|H7N9|2013.329|Asia|,2013.329,-203.8,46.264744429882,763,2271,50,44.4007858546169
EPI_ISL_142188|Human|H7N9|2013.304|Asia|,2013.304,-589.4,44.5772465692784,2259,2259,50.597609561753,41.5670650730412
EPI_ISL_142187|Human|H7N9|2013.304|Asia|,2013.304,-588.5,44.5035460992908,2256,2256,50.531914893617,41.4893617021277
EPI_ISL_142305|Human|H7N9|2013.236|Asia|,2013.236,-585,44.0774988991634,2271,2271,49.669749009247,41.2813738441215
EPI_ISL_142231|Human|H7N9|2013.247|Asia|,2013.247,-593.3,44.3857331571995,2271,2271,50.330250990753,41.4134742404227
EPI_ISL_142859|Human|H7N9|2013.247|Asia|,2013.247,-593.3,44.3857331571995,2271,2271,50.330250990753,41.4134742404227
EPI_ISL_142858|Human|H7N9|2013.321|Asia|,2013.321,-583.6,43.9013650374284,2271,2271,48.7450462351387,41.4795244385733
EPI_ISL_143663|Human|H7N9|2013.296|Asia|,2013.296,-571.6,44.1655658300308,2271,2271,49.2734478203435,41.6116248348745
EPI_ISL_143658|Human|H7N9|2013.269|Asia|,2013.269,-594.4,44.3416996917657,2271,2271,50.1981505944518,41.4134742404227
EPI_ISL_143664|Human|H7N9|2013.312|Asia|,2013.312,-594.4,44.3416996917657,2271,2271,50.1981505944518,41.4134742404227
EPI_ISL_143556|Human|H7N9|2013.31|Asia|,2013.31,-584.8,43.8573315719947,2271,2271,48.8771466314399,41.3474240422721
EPI_ISL_146161|Human|H7N9|2013.299|Asia|,2013.299,-588,44.1655658300308,2271,2271,49.9339498018494,41.2813738441215
EPI_ISL_145654|Human|H7N9|2013.249|Asia|,2013.249,-588.4,44.2536327608983,2271,2271,50.0660501981506,41.3474240422721
EPI_ISL_145652|Human|H7N9|2013.244|Asia|,2013.244,-594.6,44.4297666226332,2271,2271,50.330250990753,41.4795244385733
EPI_ISL_145651|Human|H7N9|2013.244|Asia|,2013.244,-594.4,44.3416996917657,2271,2271,50.1981505944518,41.4134742404227
EPI_ISL_146437|Human|H7N9|2013.299|Asia|,2013.299,-585,44.0774988991634,2271,2271,49.669749009247,41.2813738441215
EPI_ISL_146436|Human|H7N9|2013.299|Asia|,2013.299,-575.4,44.4543429844098,2245,2271,50.2673796791444,41.5497661990648
EPI_ISL_148697|Human|H7N9|2013.323|Asia|,2013.323,-581.8,43.813298106561,2271,2271,48.6129458388375,41.4134742404227
EPI_ISL_148696|Human|H7N9|2013.219|Asia|,2013.219,-585.6,43.8573315719947,2271,2271,48.7450462351387,41.4134742404227
EPI_ISL_153078|Human|H7N9|2013.312|Asia|,2013.312,-594.4,44.3416996917657,2271,2271,50.1981505944518,41.4134742404227
EPI_ISL_153013|Human|H7N9|2013.28|Asia|,2013.28,-594.4,44.3416996917657,2271,2271,50.1981505944518,41.4134742404227
EPI_ISL_153012|Human|H7N9|2013.277|Asia|,2013.277,-594.4,44.3416996917657,2271,2271,50.1981505944518,41.4134742404227
EPI_ISL_153011|Human|H7N9|2013.274|Asia|,2013.274,-589.5,44.3416996917657,2271,2271,50.1981505944518,41.4134742404227
EPI_ISL_153010|Human|H7N9|2013.269|Asia|,2013.269,-593,44.297666226332,2271,2271,50.0660501981506,41.4134742404227
EPI_ISL_153009|Human|H7N9|2013.263|Asia|,2013.263,-594.4,44.3416996917657,2271,2271,50.1981505944518,41.4134742404227
EPI_ISL_153008|Human|H7N9|2013.263|Asia|,2013.263,-594.4,44.297666226332,2271,2271,50.1981505944518,41.3474240422721
EPI_ISL_153007|Human|H7N9|2013.263|Asia|,2013.263,-589.6,44.297666226332,2271,2271,50.0660501981506,41.4134742404227
EPI_ISL_153004|Human|H7N9|2013.263|Asia|,2013.263,-594.4,44.297666226332,2271,2271,50.0660501981506,41.4134742404227
EPI_ISL_153003|Human|H7N9|2013.258|Asia|,2013.258,-589.6,44.297666226332,2271,2271,50.0660501981506,41.4134742404227
EPI_ISL_155653|Human|H7N9|2013.329|Asia|,2013.329,-594.4,44.3416996917657,2271,2271,50.1981505944518,41.4134742404227
EPI_ISL_157292|Human|H7N9|2013.318|Asia|,2013.318,-594.4,44.3857331571995,2271,2271,50.330250990753,41.4134742404227
EPI_ISL_157290|Human|H7N9|2013.332|Asia|,2013.332,-599.6,44.4297666226332,2271,2271,50.1981505944518,41.5455746367239
EPI_ISL_157289|Human|H7N9|2013.323|Asia|,2013.323,-599.6,44.4297666226332,2271,2271,50.1981505944518,41.5455746367239
EPI_ISL_157288|Human|H7N9|2013.318|Asia|,2013.318,-594.7,44.3416996917657,2271,2271,50.0660501981506,41.4795244385733
EPI_ISL_157287|Human|H7N9|2013.247|Asia|,2013.247,-582.4,43.9013650374284,2271,2271,48.8771466314399,41.4134742404227
EPI_ISL_157286|Human|H7N9|2013.4|Asia|,2013.4,-594.4,44.3416996917657,2271,2271,50.1981505944518,41.4134742404227
EPI_ISL_157285|Human|H7N9|2013.323|Asia|,2013.323,-593.3,44.3857331571995,2271,2271,50.330250990753,41.4134742404227
EPI_ISL_157284|Human|H7N9|2013.307|Asia|,2013.307,-582.4,43.8573315719947,2271,2271,48.7450462351387,41.4134742404227
EPI_ISL_163709|Human|H7N9|2013.288|Asia|,2013.288,-582.9,43.8573315719947,2271,2271,48.8771466314399,41.3474240422721
EPI_ISL_163708|Human|H7N9|2013.31|Asia|,2013.31,-596.4,44.3416996917657,2271,2271,50.330250990753,41.3474240422721
EPI_ISL_163707|Human|H7N9|2013.288|Asia|,2013.288,-582.9,43.8573315719947,2271,2271,48.8771466314399,41.3474240422721
EPI_ISL_163705|Human|H7N9|2013.247|Asia|,2013.247,-595.1,44.3857331571995,2271,2271,50.1981505944518,41.4795244385733
EPI_ISL_163704|Human|H7N9|2013.266|Asia|,2013.266,-594.4,44.297666226332,2271,2271,50.0660501981506,41.4134742404227
EPI_ISL_163703|Human|H7N9|2013.222|Asia|,2013.222,-594.4,44.3416996917657,2271,2271,50.1981505944518,41.4134742404227
EPI_ISL_163702|Human|H7N9|2013.274|Asia|,2013.274,-592.4,44.3416996917657,2271,2271,50.1981505944518,41.4134742404227
EPI_ISL_163701|Human|H7N9|2013.26|Asia|,2013.26,-590.3,44.3857331571995,2271,2271,50.4623513870542,41.3474240422721
EPI_ISL_163700|Human|H7N9|2013.274|Asia|,2013.274,-597.2,44.3857331571995,2271,2271,50.330250990753,41.4134742404227
EPI_ISL_163699|Human|H7N9|2013.26|Asia|,2013.26,-589.6,44.297666226332,2271,2271,50.0660501981506,41.4134742404227
EPI_ISL_163698|Human|H7N9|2013.249|Asia|,2013.249,-594.4,44.5618670189344,2271,2271,50.8586525759577,41.4134742404227
EPI_ISL_163697|Human|H7N9|2013.277|Asia|,2013.277,-594.4,44.3416996917657,2271,2271,50.1981505944518,41.4134742404227
EPI_ISL_163696|Human|H7N9|2013.26|Asia|,2013.26,-590.55,44.3857331571995,2271,2271,50.1981505944518,41.4795244385733
EPI_ISL_163695|Human|H7N9|2013.28|Asia|,2013.28,-594.4,44.3416996917657,2271,2271,50.1981505944518,41.4134742404227
EPI_ISL_163694|Human|H7N9|2013.277|Asia|,2013.277,-596.4,44.3857331571995,2271,2271,50.1981505944518,41.4795244385733
EPI_ISL_163693|Human|H7N9|2013.252|Asia|,2013.252,-594.4,44.3416996917657,2271,2271,50.1981505944518,41.4134742404227
EPI_ISL_163692|Human|H7N9|2013.277|Asia|,2013.277,-595.7,44.3416996917657,2271,2271,50.1981505944518,41.4134742404227
EPI_ISL_166490|Human|H7N9|2013.291|Asia|,2013.291,-594.4,44.3416996917657,2271,2271,50.1981505944518,41.4134742404227
EPI_ISL_173625|Human|H7N9|2013.173|Asia|,2013.173,-594.2,44.297666226332,2271,2271,50.0660501981506,41.4134742404227
EPI_ISL_177875|Human|H7N9|2013.255|Asia|,2013.255,-595.9,44.2536327608983,2271,2271,49.9339498018494,41.4134742404227
EPI_ISL_220945|Human|H7N9|2013.315|Asia|,2013.315,-593.1,44.4297666226332,2271,2271,50.330250990753,41.4795244385733
EPI_ISL_252548|Human|H7N9|2013.156|Asia|,2013.156,-593.8,44.3416996917657,2271,2271,50.0660501981506,41.4795244385733
EPI_ISL_379594|Human|H7N9|2013.249|Asia|,2013.249,-595.8,44.2290748898678,2270,2271,49.9339498018494,41.3747521480502
EPI_ISL_325939|Human|H7N9|2018.025|Asia|,2018.025,-607.2,44.2536327608983,2271,2271,49.9339498018494,41.4134742404227
EPI_ISL_337278|Human|H7N9|2017.91|Asia|,2017.91,-593.3,43.7885462555066,2270,2271,48.2804232804233,41.5455746367239
EPI_ISL_372783|Human|H7N9|2018.315|Asia|,2018.315,-594.3,43.7692646411273,2271,2271,48.0845442536328,41.6116248348745
EPI_ISL_154134|Human|H7N9|2014.06|Asia|,2014.06,-594.7,44.1655658300308,2271,2271,49.5376486129458,41.4795244385733
EPI_ISL_154133|Human|H7N9|2014.06|Asia|,2014.06,-594.7,44.1655658300308,2271,2271,49.5376486129458,41.4795244385733
EPI_ISL_154132|Human|H7N9|2014.06|Asia|,2014.06,-594.7,44.1655658300308,2271,2271,49.5376486129458,41.4795244385733
EPI_ISL_154131|Human|H7N9|2014.052|Asia|,2014.052,-595.2,44.1215323645971,2271,2271,49.4055482166447,41.4795244385733
EPI_ISL_148728|Human|H7N9|2013.784|Asia|,2013.784,-601.5,44.1655658300308,2271,2271,49.669749009247,41.4134742404227
EPI_ISL_154553|Human|H7N9|2014.074|Asia|,2014.074,-590.6,44.0774988991634,2271,2271,49.2734478203435,41.4795244385733
EPI_ISL_153338|Human|H7N9|2014.016|Asia|,2014.016,-591.1,44.1655658300308,2271,2271,49.4055482166447,41.5455746367239
EPI_ISL_151417|Human|H7N9|2013.912|Asia|,2013.912,-597.6,44.297666226332,2271,2271,50.0660501981506,41.4134742404227
EPI_ISL_148744|Human|H7N9|2013.784|Asia|,2013.784,-571.5,44.3061318579991,2169,2169,50.3457814661134,41.2863070539419
EPI_ISL_148417|Human|H7N9|2013.605|Asia|,2013.605,-593.7,44.1655658300308,2271,2271,49.5376486129458,41.4795244385733
EPI_ISL_156304|Human|H7N9|2013.959|Asia|,2013.959,-594,44.2384105960265,2265,2265,49.4039735099338,41.6556291390729
EPI_ISL_154827|Human|H7N9|2013.6|Asia|,2013.6,-593.8,44.2095992954645,2271,2271,49.669749009247,41.4795244385733
EPI_ISL_159073|Human|H7N9|2013.915|Asia|,2013.915,-594.2,44.2095992954645,2271,2271,49.4055482166447,41.6116248348745
EPI_ISL_159072|Human|H7N9|2013.915|Asia|,2013.915,-590.2,44.1655658300308,2271,2271,49.4055482166447,41.5455746367239
EPI_ISL_159071|Human|H7N9|2013.915|Asia|,2013.915,-591.9,44.1655658300308,2271,2271,49.4055482166447,41.5455746367239
EPI_ISL_159070|Human|H7N9|2013.833|Asia|,2013.833,-590.6,44.1942604856512,2265,2265,49.4039735099338,41.5894039735099
EPI_ISL_160436|Human|H7N9|2014.31|Asia|,2014.31,-591.25,44.0774988991634,2271,2271,49.5376486129458,41.3474240422721
EPI_ISL_160435|Human|H7N9|2014.301|Asia|,2014.301,-588.8,44.3857331571995,2271,2271,50.330250990753,41.4134742404227
EPI_ISL_160290|Human|H7N9|2014.266|Asia|,2014.266,-593.9,44.1655658300308,2271,2271,49.5376486129458,41.4795244385733
EPI_ISL_159478|Human|H7N9|2014.28|Asia|,2014.28,-592.9,44.1655658300308,2271,2271,49.5376486129458,41.4795244385733
EPI_ISL_159477|Human|H7N9|2014.252|Asia|,2014.252,-596,44.1655658300308,2271,2271,49.5376486129458,41.4795244385733
EPI_ISL_157703|Human|H7N9|2014.205|Asia|,2014.205,-597,44.1655658300308,2271,2271,49.5376486129458,41.4795244385733
EPI_ISL_157702|Human|H7N9|2014.162|Asia|,2014.162,-594.1,44.1655658300308,2271,2271,49.5376486129458,41.4795244385733
EPI_ISL_156471|Human|H7N9|2014.115|Asia|,2014.115,-590.6,44.0774988991634,2271,2271,49.1413474240423,41.5455746367239
EPI_ISL_157487|Human|H7N9|2013.912|Asia|,2013.912,-597.6,44.297666226332,2271,2271,50.0660501981506,41.4134742404227
EPI_ISL_157771|Human|H7N9|2014.019|Asia|,2014.019,-601.4,44.4738000880669,2271,2271,50.5944517833554,41.4134742404227
EPI_ISL_157296|Human|H7N9|2014.071|Asia|,2014.071,-590.7,44.2095992954645,2271,2271,49.5376486129458,41.5455746367239
EPI_ISL_157295|Human|H7N9|2014.096|Asia|,2014.096,-593.3,44.2290748898678,2270,2271,49.4708994708995,41.6116248348745
EPI_ISL_157294|Human|H7N9|2014.09|Asia|,2014.09,-595.8,44.2536327608983,2271,2271,49.5376486129458,41.6116248348745
EPI_ISL_157293|Human|H7N9|2013.545|Asia|,2013.545,-572,44.1215323645971,2271,2271,49.2734478203435,41.5455746367239
EPI_ISL_161665|Human|H7N9|2014.134|Asia|,2014.134,-610.8,44.4738000880669,2271,2271,50.4623513870542,41.4795244385733
EPI_ISL_164007|Human|H7N9|2014.11|Asia|,2014.11,-608.6,44.3857331571995,2271,2271,50.0660501981506,41.5455746367239
EPI_ISL_164006|Human|H7N9|2014.107|Asia|,2014.107,-608.6,44.3857331571995,2271,2271,50.0660501981506,41.5455746367239
EPI_ISL_164005|Human|H7N9|2014.09|Asia|,2014.09,-611.7,44.4493392070485,2270,2271,50.1322751322751,41.6116248348745
EPI_ISL_164004|Human|H7N9|2014.077|Asia|,2014.077,-608.6,44.3857331571995,2271,2271,50.0660501981506,41.5455746367239
EPI_ISL_164003|Human|H7N9|2014.063|Asia|,2014.063,-611.7,44.4297666226332,2271,2271,50.0660501981506,41.6116248348745
EPI_ISL_164002|Human|H7N9|2014.06|Asia|,2014.06,-594.7,44.1655658300308,2271,2271,49.5376486129458,41.4795244385733
EPI_ISL_164001|Human|H7N9|2014.06|Asia|,2014.06,-607.2,44.4297666226332,2271,2271,50.1981505944518,41.5455746367239
EPI_ISL_164000|Human|H7N9|2014.06|Asia|,2014.06,-594.7,44.1655658300308,2271,2271,49.5376486129458,41.4795244385733
EPI_ISL_163999|Human|H7N9|2014.052|Asia|,2014.052,-595.2,44.1215323645971,2271,2271,49.4055482166447,41.4795244385733
EPI_ISL_163998|Human|H7N9|2014.047|Asia|,2014.047,-593.8,44.2536327608983,2271,2271,50.0660501981506,41.3474240422721
EPI_ISL_163997|Human|H7N9|2014.047|Asia|,2014.047,-608,44.3857331571995,2271,2271,50.1981505944518,41.4795244385733
EPI_ISL_163730|Human|H7N9|2014.055|Asia|,2014.055,-593.2,44.3121693121693,2268,2271,50,41.4795244385733
EPI_ISL_163728|Human|H7N9|2014.06|Asia|,2014.06,-600.7,44.3416996917657,2271,2271,50.0660501981506,41.4795244385733
EPI_ISL_163727|Human|H7N9|2014.052|Asia|,2014.052,-595.2,44.1215323645971,2271,2271,49.4055482166447,41.4795244385733
EPI_ISL_163726|Human|H7N9|2014.06|Asia|,2014.06,-594.7,44.1655658300308,2271,2271,49.5376486129458,41.4795244385733
EPI_ISL_163725|Human|H7N9|2014.06|Asia|,2014.06,-594.7,44.1655658300308,2271,2271,49.5376486129458,41.4795244385733
EPI_ISL_163724|Human|H7N9|2014.156|Asia|,2014.156,-605.4,44.3758270842523,2267,2271,49.933598937583,41.6116248348745
EPI_ISL_163722|Human|H7N9|2014.06|Asia|,2014.06,-594.7,44.1655658300308,2271,2271,49.5376486129458,41.4795244385733
EPI_ISL_163721|Human|H7N9|2014.058|Asia|,2014.058,-594.7,44.1655658300308,2271,2271,49.5376486129458,41.4795244385733
EPI_ISL_163720|Human|H7N9|2014.047|Asia|,2014.047,-595.2,44.1215323645971,2271,2271,49.4055482166447,41.4795244385733
EPI_ISL_163718|Human|H7N9|2014|Asia|,2014,-594.4,44.4297666226332,2271,2271,50.4623513870542,41.4134742404227
EPI_ISL_163717|Human|H7N9|2014.005|Asia|,2014.005,-595.7,44.2536327608983,2271,2271,49.669749009247,41.5455746367239
EPI_ISL_163716|Human|H7N9|2014.003|Asia|,2014.003,-593.1,44.0774988991634,2271,2271,49.4055482166447,41.4134742404227
EPI_ISL_163715|Human|H7N9|2014.022|Asia|,2014.022,-595.5,44.3857331571995,2271,2271,50.0660501981506,41.5455746367239
EPI_ISL_163714|Human|H7N9|2014.003|Asia|,2014.003,-594.4,44.4297666226332,2271,2271,50.4623513870542,41.4134742404227
EPI_ISL_163713|Human|H7N9|2013.803|Asia|,2013.803,-597,44.3854995579133,2262,2271,50.0667556742323,41.5730337078652
EPI_ISL_163712|Human|H7N9|2013.827|Asia|,2013.827,-593,44.3612334801762,2270,2271,50.1322751322751,41.4795244385733
EPI_ISL_163321|Human|H7N9|2014.156|Asia|,2014.156,-589.9,44.0730837789661,2244,2271,49.5251017639077,41.4067684140677
EPI_ISL_163320|Human|H7N9|2014.148|Asia|,2014.148,-599.9,44.2477876106195,2260,2271,49.7997329773031,41.4956982131039
EPI_ISL_162621|Human|H7N9|2014.296|Asia|,2014.296,-594.7,44.3416996917657,2271,2271,50.1981505944518,41.4134742404227
EPI_ISL_162620|Human|H7N9|2014.274|Asia|,2014.274,-585.1,44.2926399294844,2269,2271,50.1322751322751,41.3747521480502
EPI_ISL_162619|Human|H7N9|2014.222|Asia|,2014.222,-593.7,44.4297666226332,2271,2271,50.330250990753,41.4795244385733
EPI_ISL_162618|Human|H7N9|2014.186|Asia|,2014.186,-594.6,44.297666226332,2271,2271,50.0660501981506,41.4134742404227
EPI_ISL_162470|Human|H7N9|2014.005|Asia|,2014.005,-594.4,44.3857331571995,2271,2271,50.330250990753,41.4134742404227
EPI_ISL_166324|Human|H7N9|2013.986|Asia|,2013.986,-593.4,44.3857331571995,2271,2271,50.4623513870542,41.3474240422721
EPI_ISL_169131|Human|H7N9|2014.899|Asia|,2014.899,-609.5,44.5178335535007,2271,2271,50.4623513870542,41.5455746367239
EPI_ISL_169442|Human|H7N9|2014.981|Asia|,2014.981,-600.7,44.5618670189344,2271,2271,50.8586525759577,41.4134742404227
EPI_ISL_170152|Human|H7N9|2014.288|Asia|,2014.288,-591.9,44.1215323645971,2271,2271,49.8018494055482,41.2813738441215
EPI_ISL_170151|Human|H7N9|2014.296|Asia|,2014.296,-594.8,44.5178335535007,2271,2271,50.5944517833554,41.4795244385733
EPI_ISL_170080|Human|H7N9|2014.011|Asia|,2014.011,-592.3,44.3416996917657,2271,2271,50.1981505944518,41.4134742404227
EPI_ISL_170981|Human|H7N9|2015.06|Asia|,2015.06,-602.1,44.4738000880669,2271,2271,50.7265521796565,41.3474240422721
EPI_ISL_171342|Human|H7N9|2015.041|NorthAmerica|,2015.041,-603.7,44.3416996917657,2271,2271,50.1981505944518,41.4134742404227
EPI_ISL_170237|Human|H7N9|2014.888|Asia|,2014.888,-589.4,44.2536327608983,2271,2271,49.8018494055482,41.4795244385733
EPI_ISL_172822|Human|H7N9|2015.022|Asia|,2015.022,-590.8,44.3857331571995,2271,2271,50.1981505944518,41.4795244385733
EPI_ISL_172821|Human|H7N9|2014.986|Asia|,2014.986,-594.7,44.273127753304,2270,2271,49.9339498018494,41.4408460013219
EPI_ISL_172820|Human|H7N9|2015.019|Asia|,2015.019,-583.1,43.9894319682959,2271,2271,49.4055482166447,41.2813738441215
EPI_ISL_172819|Human|H7N9|2014.907|Asia|,2014.907,-584.7,44.0334654337296,2271,2271,49.5376486129458,41.2813738441215
EPI_ISL_172818|Human|H7N9|2014.981|Asia|,2014.981,-584.5,43.9453985028622,2271,2271,49.2734478203435,41.2813738441215
EPI_ISL_172817|Human|H7N9|2015.014|Asia|,2015.014,-584.1,43.8573315719947,2271,2271,48.4808454425363,41.5455746367239
EPI_ISL_172816|Human|H7N9|2015.03|Asia|,2015.03,-603,44.5618670189344,2271,2271,50.9907529722589,41.3474240422721
EPI_ISL_173033|Human|H7N9|2015.142|Asia|,2015.142,-603,44.5618670189344,2271,2271,50.9907529722589,41.3474240422721
EPI_ISL_172827|Human|H7N9|2014.877|Asia|,2014.877,-589.8,43.9453985028622,2271,2271,48.4808454425363,41.6776750330251
EPI_ISL_172826|Human|H7N9|2014.899|Asia|,2014.899,-583.1,43.9894319682959,2271,2271,49.4055482166447,41.2813738441215
EPI_ISL_172825|Human|H7N9|2014.885|Asia|,2014.885,-588.7,43.9453985028622,2271,2271,49.1413474240423,41.3474240422721
EPI_ISL_172824|Human|H7N9|2014.814|Asia|,2014.814,-590.3,43.9894319682959,2271,2271,49.1413474240423,41.4134742404227
EPI_ISL_172823|Human|H7N9|2014.904|Asia|,2014.904,-602.4,44.5618670189344,2271,2271,50.9907529722589,41.3474240422721
EPI_ISL_175597|Human|H7N9|2014.044|Asia|,2014.044,-594,44.1655658300308,2271,2271,49.669749009247,41.4134742404227
EPI_ISL_175596|Human|H7N9|2014.044|Asia|,2014.044,-594.4,44.3857331571995,2271,2271,50.330250990753,41.4134742404227
EPI_ISL_176436|Human|H7N9|2014.066|Asia|,2014.066,-592.9,44.2095992954645,2271,2271,49.4055482166447,41.6116248348745
EPI_ISL_176442|Human|H7N9|2014.208|Asia|,2014.208,-600,44.4738000880669,2271,2271,50.5944517833554,41.4134742404227
EPI_ISL_176441|Human|H7N9|2014.2|Asia|,2014.2,-596.2,44.1655658300308,2271,2271,49.4055482166447,41.5455746367239
EPI_ISL_176440|Human|H7N9|2014.192|Asia|,2014.192,-596.2,44.1215323645971,2271,2271,49.4055482166447,41.4795244385733
EPI_ISL_176439|Human|H7N9|2014.096|Asia|,2014.096,-589.8,44.1215323645971,2271,2271,49.1413474240423,41.6116248348745
EPI_ISL_176438|Human|H7N9|2014.123|Asia|,2014.123,-590.6,44.0774988991634,2271,2271,49.1413474240423,41.5455746367239
EPI_ISL_176437|Human|H7N9|2014.079|Asia|,2014.079,-593.3,44.2095992954645,2271,2271,49.4055482166447,41.6116248348745
EPI_ISL_175838|Human|H7N9|2014.066|Asia|,2014.066,-592.8,44.2095992954645,2271,2271,49.4055482166447,41.6116248348745
EPI_ISL_175837|Human|H7N9|2014.06|Asia|,2014.06,-590.6,44.0774988991634,2271,2271,49.1413474240423,41.5455746367239
EPI_ISL_175835|Human|H7N9|2014.06|Asia|,2014.06,-595,44.1655658300308,2271,2271,49.669749009247,41.4134742404227
EPI_ISL_175836|Human|H7N9|2014.058|Asia|,2014.058,-593.3,44.2095992954645,2271,2271,49.4055482166447,41.6116248348745
EPI_ISL_175834|Human|H7N9|2014.047|Asia|,2014.047,-592.8,44.2095992954645,2271,2271,49.4055482166447,41.6116248348745
EPI_ISL_175833|Human|H7N9|2014.036|Asia|,2014.036,-594.6,44.2536327608983,2271,2271,49.669749009247,41.5455746367239
EPI_ISL_175832|Human|H7N9|2014.052|Asia|,2014.052,-591.1,44.1215323645971,2271,2271,49.2734478203435,41.5455746367239
EPI_ISL_175831|Human|H7N9|2014.052|Asia|,2014.052,-594.5,44.2536327608983,2271,2271,49.5376486129458,41.6116248348745
EPI_ISL_175829|Human|H7N9|2014.027|Asia|,2014.027,-590.9,44.1655658300308,2271,2271,49.4055482166447,41.5455746367239
EPI_ISL_179906|Human|H7N9|2014.249|Asia|,2014.249,-593.9,44.297666226332,2271,2271,49.8018494055482,41.5455746367239
EPI_ISL_179907|Human|H7N9|2014.222|Asia|,2014.222,-597.2,44.2095992954645,2271,2271,49.669749009247,41.4795244385733
EPI_ISL_190692|Human|H7N9|2015.307|Asia|,2015.307,-588.4,44.2095992954645,2271,2271,49.8018494055482,41.4134742404227
EPI_ISL_190691|Human|H7N9|2015.312|Asia|,2015.312,-588.4,44.2095992954645,2271,2271,49.8018494055482,41.4134742404227
EPI_ISL_192400|Human|H7N9|2014.079|Asia|,2014.079,-591.6,44.1409691629956,2270,2271,49.6031746031746,41.4134742404227
EPI_ISL_192398|Human|H7N9|2014.082|Asia|,2014.082,-594.5,44.5618670189344,2271,2271,50.7265521796565,41.4795244385733
EPI_ISL_192397|Human|H7N9|2014.079|Asia|,2014.079,-592.4,44.1215323645971,2271,2271,49.5376486129458,41.4134742404227
EPI_ISL_192395|Human|H7N9|2014.079|Asia|,2014.079,-593.9,44.625550660793,2270,2271,50.9907529722589,41.4408460013219
EPI_ISL_192394|Human|H7N9|2014.077|Asia|,2014.077,-593.4,44.1655658300308,2271,2271,49.4055482166447,41.5455746367239
EPI_ISL_192393|Human|H7N9|2014.044|Asia|,2014.044,-589.9,44.1655658300308,2271,2271,49.5376486129458,41.4795244385733
EPI_ISL_192392|Human|H7N9|2014.153|Asia|,2014.153,-591.5,44.3171806167401,2270,2271,50.1322751322751,41.4134742404227
EPI_ISL_192391|Human|H7N9|2014.562|Asia|,2014.562,-586,43.9013650374284,2271,2271,49.1413474240423,41.2813738441215
EPI_ISL_192384|Human|H7N9|2014.17|Asia|,2014.17,-596.2,44.5618670189344,2271,2271,50.7265521796565,41.4795244385733
EPI_ISL_192383|Human|H7N9|2014.296|Asia|,2014.296,-593.5,44.1655658300308,2271,2271,49.4055482166447,41.5455746367239
EPI_ISL_192382|Human|H7N9|2014.296|Asia|,2014.296,-593.5,44.1655658300308,2271,2271,49.4055482166447,41.5455746367239
EPI_ISL_192381|Human|H7N9|2014.301|Asia|,2014.301,-611.1,44.5178335535007,2271,2271,50.1981505944518,41.6776750330251
EPI_ISL_192380|Human|H7N9|2014.619|Asia|,2014.619,-586.5,43.9013650374284,2271,2271,49.1413474240423,41.2813738441215
EPI_ISL_192377|Human|H7N9|2014.386|Asia|,2014.386,-601.2,44.4297666226332,2271,2271,50.1981505944518,41.5455746367239
EPI_ISL_192376|Human|H7N9|2014.112|Asia|,2014.112,-585.8,44.0774988991634,2271,2271,49.2734478203435,41.4795244385733
EPI_ISL_192375|Human|H7N9|2014.041|Asia|,2014.041,-591.9,44.1215323645971,2271,2271,49.5376486129458,41.4134742404227
EPI_ISL_192373|Human|H7N9|2014.077|Asia|,2014.077,-593.4,44.1655658300308,2271,2271,49.4055482166447,41.5455746367239
EPI_ISL_192372|Human|H7N9|2014.088|Asia|,2014.088,-591.9,44.1409691629956,2270,2271,49.5376486129458,41.4408460013219
EPI_ISL_192371|Human|H7N9|2014.096|Asia|,2014.096,-597.2,44.297666226332,2271,2271,49.8018494055482,41.5455746367239
EPI_ISL_192370|Human|H7N9|2014.101|Asia|,2014.101,-590.7,44.2095992954645,2271,2271,49.5376486129458,41.5455746367239
EPI_ISL_192369|Human|H7N9|2014.005|Asia|,2014.005,-590.7,44.2095992954645,2271,2271,49.5376486129458,41.5455746367239
EPI_ISL_192368|Human|H7N9|2014.11|Asia|,2014.11,-590,44.1655658300308,2271,2271,49.4055482166447,41.5455746367239
EPI_ISL_192367|Human|H7N9|2014.025|Asia|,2014.025,-596.8,44.297666226332,2271,2271,49.669749009247,41.6116248348745
EPI_ISL_192366|Human|H7N9|2014.14|Asia|,2014.14,-595.3,44.2095992954645,2271,2271,49.669749009247,41.4795244385733
EPI_ISL_192365|Human|H7N9|2014.14|Asia|,2014.14,-590.7,44.2095992954645,2271,2271,49.5376486129458,41.5455746367239
EPI_ISL_192364|Human|H7N9|2014.14|Asia|,2014.14,-590.6,44.2536327608983,2271,2271,50.330250990753,41.2153236459709
EPI_ISL_192363|Human|H7N9|2014.225|Asia|,2014.225,-590.6,44.0774988991634,2271,2271,49.1413474240423,41.5455746367239
EPI_ISL_192362|Human|H7N9|2014.271|Asia|,2014.271,-593.5,44.1655658300308,2271,2271,49.5376486129458,41.4795244385733
EPI_ISL_192361|Human|H7N9|2014.096|Asia|,2014.096,-601.6,44.2095992954645,2271,2271,49.5376486129458,41.5455746367239
EPI_ISL_192360|Human|H7N9|2014.038|Asia|,2014.038,-596.8,44.297666226332,2271,2271,49.669749009247,41.6116248348745
EPI_ISL_192359|Human|H7N9|2014.11|Asia|,2014.11,-596.2,44.297666226332,2271,2271,49.9339498018494,41.4795244385733
EPI_ISL_192358|Human|H7N9|2014.126|Asia|,2014.126,-585.5,44.1409691629956,2270,2271,49.3386243386243,41.5455746367239
EPI_ISL_192357|Human|H7N9|2014.134|Asia|,2014.134,-597.8,44.297666226332,2271,2271,49.9339498018494,41.4795244385733
EPI_ISL_192356|Human|H7N9|2014.148|Asia|,2014.148,-591.3,44.2095992954645,2271,2271,50.1981505944518,41.2153236459709
EPI_ISL_192355|Human|H7N9|2014.244|Asia|,2014.244,-596.5,44.2095992954645,2271,2271,49.669749009247,41.4795244385733
EPI_ISL_192354|Human|H7N9|2014.255|Asia|,2014.255,-593.9,44.1655658300308,2271,2271,49.5376486129458,41.4795244385733
EPI_ISL_192351|Human|H7N9|2014.09|Asia|,2014.09,-611.1,44.3857331571995,2271,2271,49.9339498018494,41.6116248348745
EPI_ISL_192350|Human|H7N9|2014.071|Asia|,2014.071,-597.5,44.297666226332,2271,2271,50.1981505944518,41.3474240422721
EPI_ISL_192349|Human|H7N9|2014.066|Asia|,2014.066,-611.7,44.4297666226332,2271,2271,50.0660501981506,41.6116248348745
EPI_ISL_192348|Human|H7N9|2014.09|Asia|,2014.09,-611.7,44.4493392070485,2270,2271,50.1322751322751,41.6116248348745
EPI_ISL_192347|Human|H7N9|2014.06|Asia|,2014.06,-603.9,44.4052863436123,2270,2271,50.1322751322751,41.5455746367239
EPI_ISL_192346|Human|H7N9|2014.036|Asia|,2014.036,-608.6,44.3857331571995,2271,2271,50.0660501981506,41.5455746367239
EPI_ISL_192345|Human|H7N9|2014.11|Asia|,2014.11,-591.8,44.297666226332,2271,2271,49.669749009247,41.6116248348745
EPI_ISL_192344|Human|H7N9|2014.104|Asia|,2014.104,-609.3,44.4738000880669,2271,2271,50.1981505944518,41.6116248348745
EPI_ISL_192343|Human|H7N9|2014.107|Asia|,2014.107,-608.6,44.3857331571995,2271,2271,50.0660501981506,41.5455746367239
EPI_ISL_192342|Human|H7N9|2014.063|Asia|,2014.063,-608.6,44.3857331571995,2271,2271,50.0660501981506,41.5455746367239
EPI_ISL_192341|Human|H7N9|2014.236|Asia|,2014.236,-589.4,44.5178335535007,2271,2271,50.9907529722589,41.2813738441215
EPI_ISL_192339|Human|H7N9|2014.91|Asia|,2014.91,-583.1,43.9894319682959,2271,2271,49.4055482166447,41.2813738441215
EPI_ISL_192338|Human|H7N9|2014.975|Asia|,2014.975,-590.6,44.297666226332,2271,2271,50.0660501981506,41.4134742404227
EPI_ISL_192337|Human|H7N9|2014.97|Asia|,2014.97,-585.9,43.8573315719947,2271,2271,48.4808454425363,41.5455746367239
EPI_ISL_192336|Human|H7N9|2014.918|Asia|,2014.918,-585.8,43.813298106561,2271,2271,48.6129458388375,41.4134742404227
EPI_ISL_192335|Human|H7N9|2015|Asia|,2015,-584.1,43.9453985028622,2271,2271,49.2734478203435,41.2813738441215
EPI_ISL_192334|Human|H7N9|2015.005|Asia|,2015.005,-596.7,44.3857331571995,2271,2271,50.1981505944518,41.4795244385733
EPI_ISL_192333|Human|H7N9|2015.008|Asia|,2015.008,-585.1,43.9841339797267,2269,2271,49.3386243386243,41.3086582947786
EPI_ISL_192332|Human|H7N9|2014.249|Asia|,2014.249,-612.3,44.4738000880669,2271,2271,50.1981505944518,41.6116248348745
EPI_ISL_192331|Human|H7N9|2014.381|Asia|,2014.381,-586.1,43.8573315719947,2271,2271,49.0092470277411,41.2813738441215
EPI_ISL_192330|Human|H7N9|2014.315|Asia|,2014.315,-599.6,44.4738000880669,2271,2271,50.1981505944518,41.6116248348745
EPI_ISL_192329|Human|H7N9|2014.315|Asia|,2014.315,-598.7,44.4297666226332,2271,2271,50.1981505944518,41.5455746367239
EPI_ISL_192328|Human|H7N9|2014.279|Asia|,2014.279,-612.3,44.4738000880669,2271,2271,50.1981505944518,41.6116248348745
EPI_ISL_192327|Human|H7N9|2014.249|Asia|,2014.249,-612.3,44.4738000880669,2271,2271,50.1981505944518,41.6116248348745
EPI_ISL_192326|Human|H7N9|2014.186|Asia|,2014.186,-594.2,44.3416996917657,2271,2271,49.9339498018494,41.5455746367239
EPI_ISL_192325|Human|H7N9|2014.134|Asia|,2014.134,-607.5,44.3416996917657,2271,2271,49.9339498018494,41.5455746367239
EPI_ISL_192324|Human|H7N9|2014.921|Asia|,2014.921,-587.5,43.9894319682959,2271,2271,49.4055482166447,41.2813738441215
EPI_ISL_192323|Human|H7N9|2014.992|Asia|,2014.992,-590.5,43.8573315719947,2271,2271,48.0845442536328,41.7437252311757
EPI_ISL_192322|Human|H7N9|2014.992|Asia|,2014.992,-603.7,44.3416996917657,2271,2271,50.1981505944518,41.4134742404227
EPI_ISL_192321|Human|H7N9|2015.016|Asia|,2015.016,-603.7,44.3416996917657,2271,2271,50.1981505944518,41.4134742404227
EPI_ISL_192318|Human|H7N9|2015.011|Asia|,2015.011,-587.7,43.9013650374284,2271,2271,48.0845442536328,41.8097754293263
EPI_ISL_192317|Human|H7N9|2014.981|Asia|,2014.981,-584.5,43.9453985028622,2271,2271,49.2734478203435,41.2813738441215
EPI_ISL_192316|Human|H7N9|2015.019|Asia|,2015.019,-583.1,43.9894319682959,2271,2271,49.4055482166447,41.2813738441215
EPI_ISL_192315|Human|H7N9|2015.03|Asia|,2015.03,-595.1,44.297666226332,2271,2271,49.9339498018494,41.4795244385733
EPI_ISL_192314|Human|H7N9|2015.038|Asia|,2015.038,-606.1,44.6059004843681,2271,2271,50.4623513870542,41.6776750330251
EPI_ISL_192313|Human|H7N9|2015.041|Asia|,2015.041,-598.3,44.4297666226332,2271,2271,50.1981505944518,41.5455746367239
EPI_ISL_192312|Human|H7N9|2015.041|Asia|,2015.041,-582.6,43.8573315719947,2271,2271,48.4808454425363,41.5455746367239
EPI_ISL_192311|Human|H7N9|2015.033|Asia|,2015.033,-582.8,43.7692646411273,2271,2271,48.3487450462351,41.4795244385733
EPI_ISL_192310|Human|H7N9|2015.008|Asia|,2015.008,-601.4,44.5178335535007,2271,2271,50.7265521796565,41.4134742404227
EPI_ISL_192309|Human|H7N9|2015.044|Asia|,2015.044,-587.8,43.9453985028622,2271,2271,48.4808454425363,41.6776750330251
EPI_ISL_192308|Human|H7N9|2015.03|Asia|,2015.03,-596.5,44.4297666226332,2271,2271,50.330250990753,41.4795244385733
EPI_ISL_192307|Human|H7N9|2015.027|Asia|,2015.027,-591.4,44.0334654337296,2271,2271,49.669749009247,41.2153236459709
EPI_ISL_192306|Human|H7N9|2015.044|Asia|,2015.044,-583.1,43.813298106561,2271,2271,49.1413474240423,41.1492734478203
EPI_ISL_192305|Human|H7N9|2015.049|Asia|,2015.049,-586.3,43.9453985028622,2271,2271,49.4055482166447,41.2153236459709
EPI_ISL_192304|Human|H7N9|2015.047|Asia|,2015.047,-595.7,44.4297666226332,2271,2271,50.1981505944518,41.5455746367239
EPI_ISL_192303|Human|H7N9|2015.058|Asia|,2015.058,-588.7,43.920704845815,2270,2271,49.2734478203435,41.2425644415069
EPI_ISL_192302|Human|H7N9|2015.011|Asia|,2015.011,-602,44.6059004843681,2271,2271,50.9907529722589,41.4134742404227
EPI_ISL_192301|Human|H7N9|2015.038|Asia|,2015.038,-591.6,43.9894319682959,2271,2271,49.1413474240423,41.4134742404227
EPI_ISL_192300|Human|H7N9|2015.033|Asia|,2015.033,-585.3,43.9453985028622,2271,2271,49.2734478203435,41.2813738441215
EPI_ISL_192299|Human|H7N9|2014.904|Asia|,2014.904,-609.4,44.4297666226332,2271,2271,50.330250990753,41.4795244385733
EPI_ISL_192298|Human|H7N9|2015.068|Asia|,2015.068,-607.5,44.4738000880669,2271,2271,50.1981505944518,41.6116248348745
EPI_ISL_192297|Human|H7N9|2015.06|Asia|,2015.06,-587.8,44.3857331571995,2271,2271,50.1981505944518,41.4795244385733
EPI_ISL_192296|Human|H7N9|2015.049|Asia|,2015.049,-610.6,44.6059004843681,2271,2271,50.7265521796565,41.5455746367239
EPI_ISL_192295|Human|H7N9|2014.981|Asia|,2014.981,-602.9,44.2095992954645,2271,2271,50.0660501981506,41.2813738441215
EPI_ISL_192294|Human|H7N9|2014.984|Asia|,2014.984,-599.2,44.0774988991634,2271,2271,49.669749009247,41.2813738441215
EPI_ISL_192293|Human|H7N9|2015.033|Asia|,2015.033,-592.5,44.3857331571995,2271,2271,50.1981505944518,41.4795244385733
EPI_ISL_192292|Human|H7N9|2014.989|Asia|,2014.989,-605.3,44.4297666226332,2271,2271,50.4623513870542,41.4134742404227
EPI_ISL_192291|Human|H7N9|2015.058|Asia|,2015.058,-586.8,43.9894319682959,2271,2271,49.4055482166447,41.2813738441215
EPI_ISL_192290|Human|H7N9|2015.06|Asia|,2015.06,-591.1,43.9894319682959,2271,2271,48.6129458388375,41.6776750330251
EPI_ISL_192289|Human|H7N9|2015.038|Asia|,2015.038,-595.7,44.4297666226332,2271,2271,50.1981505944518,41.5455746367239
EPI_ISL_192288|Human|H7N9|2015.06|Asia|,2015.06,-589.5,44.4297666226332,2271,2271,50.330250990753,41.4795244385733
EPI_ISL_192287|Human|H7N9|2015.11|Asia|,2015.11,-590.3,44.3857331571995,2271,2271,50.330250990753,41.4134742404227
EPI_ISL_192286|Human|H7N9|2015.11|Asia|,2015.11,-592.9,44.4297666226332,2271,2271,50.330250990753,41.4795244385733
EPI_ISL_192285|Human|H7N9|2015.074|Asia|,2015.074,-592.4,43.8766519823789,2270,2271,49.0740740740741,41.2813738441215
EPI_ISL_192284|Human|H7N9|2015.093|Asia|,2015.093,-594.2,43.9453985028622,2271,2271,48.6129458388375,41.6116248348745
EPI_ISL_192283|Human|H7N9|2015.082|Asia|,2015.082,-591.2,44.0774988991634,2271,2271,49.2734478203435,41.4795244385733
EPI_ISL_192282|Human|H7N9|2015.11|Asia|,2015.11,-587.1,43.8573315719947,2271,2271,49.0092470277411,41.2813738441215
EPI_ISL_192281|Human|H7N9|2015.025|Asia|,2015.025,-606.7,44.5618670189344,2271,2271,50.5944517833554,41.5455746367239
EPI_ISL_192280|Human|H7N9|2015.074|Asia|,2015.074,-615.1,44.3416996917657,2271,2271,49.669749009247,41.6776750330251
EPI_ISL_192279|Human|H7N9|2015.055|Asia|,2015.055,-586.6,43.9453985028622,2271,2271,49.2734478203435,41.2813738441215
EPI_ISL_192278|Human|H7N9|2014.997|Asia|,2014.997,-591.9,44.2536327608983,2271,2271,50.0660501981506,41.3474240422721
EPI_ISL_192277|Human|H7N9|2015.06|Asia|,2015.06,-589.5,44.4297666226332,2271,2271,50.330250990753,41.4795244385733
EPI_ISL_192276|Human|H7N9|2015.11|Asia|,2015.11,-586.2,43.8573315719947,2271,2271,49.1413474240423,41.2153236459709
EPI_ISL_192275|Human|H7N9|2015.099|Asia|,2015.099,-602.4,44.4738000880669,2271,2271,50.8586525759577,41.2813738441215
EPI_ISL_192274|Human|H7N9|2015.041|Asia|,2015.041,-590.6,44.1655658300308,2271,2271,49.9339498018494,41.2813738441215
EPI_ISL_192505|Human|H7N9|2015.151|Asia|,2015.151,-606.1,44.4738000880669,2271,2271,50.1981505944518,41.6116248348745
EPI_ISL_192504|Human|H7N9|2015.115|Asia|,2015.115,-602.4,44.2095992954645,2271,2271,49.4055482166447,41.6116248348745
EPI_ISL_192503|Human|H7N9|2015.167|Asia|,2015.167,-614.3,44.4297666226332,2271,2271,49.8018494055482,41.7437252311757
EPI_ISL_192502|Human|H7N9|2015.088|Asia|,2015.088,-606.5,44.6059004843681,2271,2271,50.7265521796565,41.5455746367239
EPI_ISL_192501|Human|H7N9|2015.2|Asia|,2015.2,-615.8,44.6939674152356,2271,2271,50.7265521796565,41.6776750330251
EPI_ISL_192499|Human|H7N9|2015.178|Asia|,2015.178,-594,43.9894319682959,2271,2271,49.2734478203435,41.3474240422721
EPI_ISL_192498|Human|H7N9|2015.093|Asia|,2015.093,-602.4,44.2095992954645,2271,2271,49.4055482166447,41.6116248348745
EPI_ISL_192497|Human|H7N9|2015.088|Asia|,2015.088,-590.6,43.8573315719947,2271,2271,49.0092470277411,41.2813738441215
EPI_ISL_192495|Human|H7N9|2015.153|Asia|,2015.153,-599.6,44.283201407212,2274,2274,50,41.4248021108179
EPI_ISL_192494|Human|H7N9|2015.173|Asia|,2015.173,-588.5,44.3857331571995,2271,2271,50.1981505944518,41.4795244385733
EPI_ISL_192493|Human|H7N9|2015.164|Asia|,2015.164,-594.7,43.9894319682959,2271,2271,49.4055482166447,41.2813738441215
EPI_ISL_192492|Human|H7N9|2015.266|Asia|,2015.266,-590.6,43.9894319682959,2271,2271,49.5376486129458,41.2153236459709
EPI_ISL_192488|Human|H7N9|2015.066|Asia|,2015.066,-584.1,43.9647577092511,2270,2271,49.4708994708995,41.2153236459709
EPI_ISL_192487|Human|H7N9|2015.058|Asia|,2015.058,-586.5,43.9153439153439,2268,2271,49.0716180371353,41.3474240422721
EPI_ISL_192484|Human|H7N9|2015.145|Asia|,2015.145,-588.5,43.9894319682959,2271,2271,49.4055482166447,41.2813738441215
EPI_ISL_192478|Human|H7N9|2015.304|Asia|,2015.304,-593,43.7692646411273,2271,2271,47.8203434610304,41.7437252311757
EPI_ISL_192472|Human|H7N9|2015.389|Asia|,2015.389,-602.8,44.0334654337296,2271,2271,48.8771466314399,41.6116248348745
EPI_ISL_192471|Human|H7N9|2015.389|Asia|,2015.389,-590.9,44.1215323645971,2271,2271,49.8018494055482,41.2813738441215
EPI_ISL_192469|Human|H7N9|2015.397|Asia|,2015.397,-588,44.1850220264317,2270,2271,49.9339498018494,41.3086582947786
EPI_ISL_192466|Human|H7N9|2013.912|Asia|,2013.912,-595.5,44.1655658300308,2271,2271,49.4055482166447,41.5455746367239
EPI_ISL_192465|Human|H7N9|2013.956|Asia|,2013.956,-590.2,44.1655658300308,2271,2271,49.4055482166447,41.5455746367239
EPI_ISL_192464|Human|H7N9|2014.019|Asia|,2014.019,-588.9,44.1850220264317,2270,2271,49.2063492063492,41.6776750330251
EPI_ISL_192463|Human|H7N9|2014.008|Asia|,2014.008,-594.7,44.1215323645971,2271,2271,49.4055482166447,41.4795244385733
EPI_ISL_192462|Human|H7N9|2014.019|Asia|,2014.019,-590.1,44.0774988991634,2271,2271,49.1413474240423,41.5455746367239
EPI_ISL_192461|Human|H7N9|2014.033|Asia|,2014.033,-590.3,44.1655658300308,2271,2271,49.2734478203435,41.6116248348745
EPI_ISL_192460|Human|H7N9|2014.033|Asia|,2014.033,-594.6,44.2536327608983,2271,2271,49.669749009247,41.5455746367239
EPI_ISL_192459|Human|H7N9|2014.033|Asia|,2014.033,-590.3,44.1655658300308,2271,2271,49.2734478203435,41.6116248348745
EPI_ISL_192458|Human|H7N9|2014.033|Asia|,2014.033,-590.3,44.1655658300308,2271,2271,49.2734478203435,41.6116248348745
EPI_ISL_192455|Human|H7N9|2014.005|Asia|,2014.005,-594.4,44.3857331571995,2271,2271,50.330250990753,41.4134742404227
EPI_ISL_192454|Human|H7N9|2014.036|Asia|,2014.036,-598.4,44.3857331571995,2271,2271,49.8018494055482,41.6776750330251
EPI_ISL_192451|Human|H7N9|2014.036|Asia|,2014.036,-591,44.2536327608983,2271,2271,50.0660501981506,41.3474240422721
EPI_ISL_192450|Human|H7N9|2014.038|Asia|,2014.038,-590.6,44.1215323645971,2271,2271,49.8018494055482,41.2813738441215
EPI_ISL_192449|Human|H7N9|2014.005|Asia|,2014.005,-594.4,44.4297666226332,2271,2271,50.4623513870542,41.4134742404227
EPI_ISL_192448|Human|H7N9|2014.022|Asia|,2014.022,-595.5,44.3857331571995,2271,2271,50.0660501981506,41.5455746367239
EPI_ISL_192447|Human|H7N9|2014.022|Asia|,2014.022,-593.1,44.0774988991634,2271,2271,49.4055482166447,41.4134742404227
EPI_ISL_192446|Human|H7N9|2014.027|Asia|,2014.027,-595.7,44.2536327608983,2271,2271,49.669749009247,41.5455746367239
EPI_ISL_192445|Human|H7N9|2014.019|Asia|,2014.019,-594.4,44.4297666226332,2271,2271,50.4623513870542,41.4134742404227
EPI_ISL_192444|Human|H7N9|2014.038|Asia|,2014.038,-609.9,44.3857331571995,2271,2271,50.1981505944518,41.4795244385733
EPI_ISL_192443|Human|H7N9|2014.06|Asia|,2014.06,-594.7,44.1655658300308,2271,2271,49.5376486129458,41.4795244385733
EPI_ISL_192442|Human|H7N9|2014.06|Asia|,2014.06,-594.7,44.1655658300308,2271,2271,49.5376486129458,41.4795244385733
EPI_ISL_192441|Human|H7N9|2014.052|Asia|,2014.052,-595.2,44.1215323645971,2271,2271,49.4055482166447,41.4795244385733
EPI_ISL_192440|Human|H7N9|2014.06|Asia|,2014.06,-600.7,44.3416996917657,2271,2271,50.0660501981506,41.4795244385733
EPI_ISL_192439|Human|H7N9|2014.049|Asia|,2014.049,-608.6,44.3857331571995,2271,2271,50.0660501981506,41.5455746367239
EPI_ISL_192438|Human|H7N9|2014.088|Asia|,2014.088,-611.7,44.4297666226332,2271,2271,50.0660501981506,41.6116248348745
EPI_ISL_192436|Human|H7N9|2014.071|Asia|,2014.071,-598.9,44.3857331571995,2271,2271,50.330250990753,41.4134742404227
EPI_ISL_192435|Human|H7N9|2014.041|Asia|,2014.041,-586.7,44.1215323645971,2271,2271,49.8018494055482,41.2813738441215
EPI_ISL_192432|Human|H7N9|2014.052|Asia|,2014.052,-598.5,44.3857331571995,2271,2271,50.330250990753,41.4134742404227
EPI_ISL_192431|Human|H7N9|2014.068|Asia|,2014.068,-608.6,44.3857331571995,2271,2271,50.0660501981506,41.5455746367239
EPI_ISL_192430|Human|H7N9|2014.096|Asia|,2014.096,-596.2,44.4493392070485,2270,2271,50.2645502645503,41.5455746367239
EPI_ISL_192429|Human|H7N9|2014.068|Asia|,2014.068,-585.4,44.3171806167401,2270,2271,50.3968253968254,41.2813738441215
EPI_ISL_192428|Human|H7N9|2014.071|Asia|,2014.071,-597.6,44.3416996917657,2271,2271,50.0660501981506,41.4795244385733
EPI_ISL_192427|Human|H7N9|2014.09|Asia|,2014.09,-598.7,44.2536327608983,2271,2271,50.330250990753,41.2153236459709
EPI_ISL_192426|Human|H7N9|2014.033|Asia|,2014.033,-586.7,44.1215323645971,2271,2271,49.8018494055482,41.2813738441215
EPI_ISL_192425|Human|H7N9|2014.016|Asia|,2014.016,-592.3,44.3416996917657,2271,2271,50.1981505944518,41.4134742404227
EPI_ISL_192424|Human|H7N9|2014.096|Asia|,2014.096,-595.3,44.297666226332,2271,2271,50.0660501981506,41.4134742404227
EPI_ISL_192423|Human|H7N9|2014.068|Asia|,2014.068,-595.1,44.3612334801762,2270,2271,50.0660501981506,41.5069398545935
EPI_ISL_192422|Human|H7N9|2014.082|Asia|,2014.082,-595.1,44.3416996917657,2271,2271,50.0660501981506,41.4795244385733
EPI_ISL_192421|Human|H7N9|2014.088|Asia|,2014.088,-595.2,44.1655658300308,2271,2271,50.1981505944518,41.1492734478203
EPI_ISL_192420|Human|H7N9|2014.096|Asia|,2014.096,-586.7,44.1215323645971,2271,2271,49.8018494055482,41.2813738441215
EPI_ISL_192419|Human|H7N9|2014.129|Asia|,2014.129,-610.1,44.4297666226332,2271,2271,50.0660501981506,41.6116248348745
EPI_ISL_192418|Human|H7N9|2014.126|Asia|,2014.126,-592.4,44.3416996917657,2271,2271,50.1981505944518,41.4134742404227
EPI_ISL_192417|Human|H7N9|2014.03|Asia|,2014.03,-590.9,44.2095992954645,2271,2271,49.4055482166447,41.6116248348745
EPI_ISL_192416|Human|H7N9|2014.022|Asia|,2014.022,-590.2,44.1655658300308,2271,2271,49.4055482166447,41.5455746367239
EPI_ISL_192415|Human|H7N9|2014.027|Asia|,2014.027,-591.2,44.0774988991634,2271,2271,49.4055482166447,41.4134742404227
EPI_ISL_192414|Human|H7N9|2014.019|Asia|,2014.019,-590.8,44.2095992954645,2271,2271,49.2734478203435,41.6776750330251
EPI_ISL_192413|Human|H7N9|2014.008|Asia|,2014.008,-594.7,44.1215323645971,2271,2271,49.4055482166447,41.4795244385733
EPI_ISL_192412|Human|H7N9|2014.099|Asia|,2014.099,-594.3,44.4297666226332,2271,2271,50.4623513870542,41.4134742404227
EPI_ISL_192411|Human|H7N9|2014.063|Asia|,2014.063,-589.7,44.3171806167401,2270,2271,50.0660501981506,41.4408460013219
EPI_ISL_192410|Human|H7N9|2014.101|Asia|,2014.101,-594.7,44.4297666226332,2271,2271,50.1981505944518,41.5455746367239
EPI_ISL_192409|Human|H7N9|2014.112|Asia|,2014.112,-611.2,44.4297666226332,2271,2271,50.1981505944518,41.5455746367239
EPI_ISL_192408|Human|H7N9|2014.101|Asia|,2014.101,-601.3,44.4738000880669,2271,2271,50.330250990753,41.5455746367239
EPI_ISL_192407|Human|H7N9|2014.118|Asia|,2014.118,-607.5,44.3416996917657,2271,2271,49.9339498018494,41.5455746367239
EPI_ISL_192406|Human|H7N9|2014.123|Asia|,2014.123,-607.5,44.3416996917657,2271,2271,49.9339498018494,41.5455746367239
EPI_ISL_192405|Human|H7N9|2014.101|Asia|,2014.101,-594.1,44.297666226332,2271,2271,50.0660501981506,41.4134742404227
EPI_ISL_192403|Human|H7N9|2014.079|Asia|,2014.079,-590.6,44.0774988991634,2271,2271,49.1413474240423,41.5455746367239
EPI_ISL_192402|Human|H7N9|2014.052|Asia|,2014.052,-594.5,44.2536327608983,2271,2271,49.5376486129458,41.6116248348745
EPI_ISL_192401|Human|H7N9|2014.077|Asia|,2014.077,-593.4,44.1655658300308,2271,2271,49.4055482166447,41.5455746367239
EPI_ISL_192913|Human|H7N9|2015|Asia|,2015,-591.6,43.9894319682959,2271,2271,49.1413474240423,41.4134742404227
EPI_ISL_192912|Human|H7N9|2015|Asia|,2015,-591.6,43.9894319682959,2271,2271,49.1413474240423,41.4134742404227
EPI_ISL_192911|Human|H7N9|2015|Asia|,2015,-598,44.5178335535007,2271,2271,50.8586525759577,41.3474240422721
EPI_ISL_192910|Human|H7N9|2015|Asia|,2015,-599.9,44.2536327608983,2271,2271,49.669749009247,41.5455746367239
EPI_ISL_192909|Human|H7N9|2014.915|Asia|,2014.915,-601.5,44.6059004843681,2271,2271,50.8586525759577,41.4795244385733
EPI_ISL_192908|Human|H7N9|2014|Asia|,2014,-594.6,44.2536327608983,2271,2271,49.669749009247,41.5455746367239
EPI_ISL_192907|Human|H7N9|2014|Asia|,2014,-591.1,44.1215323645971,2271,2271,49.4055482166447,41.4795244385733
EPI_ISL_192906|Human|H7N9|2014|Asia|,2014,-591.3,44.1215323645971,2271,2271,49.2734478203435,41.5455746367239
EPI_ISL_192905|Human|H7N9|2014|Asia|,2014,-593.3,44.2095992954645,2271,2271,49.4055482166447,41.6116248348745
EPI_ISL_192904|Human|H7N9|2014|Asia|,2014,-593.6,44.0774988991634,2271,2271,49.2734478203435,41.4795244385733
EPI_ISL_192903|Human|H7N9|2014|Asia|,2014,-592.9,44.2095992954645,2271,2271,49.4055482166447,41.6116248348745
EPI_ISL_192902|Human|H7N9|2014|Asia|,2014,-592.8,44.2095992954645,2271,2271,49.4055482166447,41.6116248348745
EPI_ISL_192901|Human|H7N9|2014|Asia|,2014,-594.5,44.2536327608983,2271,2271,49.5376486129458,41.6116248348745
EPI_ISL_192900|Human|H7N9|2014|Asia|,2014,-592.8,44.2095992954645,2271,2271,49.4055482166447,41.6116248348745
EPI_ISL_192899|Human|H7N9|2014|Asia|,2014,-591.1,44.1215323645971,2271,2271,49.2734478203435,41.5455746367239
EPI_ISL_192898|Human|H7N9|2013.915|Asia|,2013.915,-589.9,44.1655658300308,2271,2271,49.5376486129458,41.4795244385733
EPI_ISL_194320|Human|H7N9|2015.652|Asia|,2015.652,-594.9,44.4297666226332,2271,2271,50.4623513870542,41.4134742404227
EPI_ISL_198689|Human|H7N9|2014.079|Asia|,2014.079,-594.8,44.6059004843681,2271,2271,50.7265521796565,41.5455746367239
EPI_ISL_198688|Human|H7N9|2014.077|Asia|,2014.077,-593.4,44.1655658300308,2271,2271,49.4055482166447,41.5455746367239
EPI_ISL_198687|Human|H7N9|2014.077|Asia|,2014.077,-593.4,44.1655658300308,2271,2271,49.4055482166447,41.5455746367239
EPI_ISL_198686|Human|H7N9|2014.071|Asia|,2014.071,-589.9,44.1215323645971,2271,2271,49.4055482166447,41.4795244385733
EPI_ISL_198685|Human|H7N9|2014.049|Asia|,2014.049,-594.5,44.2536327608983,2271,2271,49.5376486129458,41.6116248348745
EPI_ISL_198684|Human|H7N9|2014.041|Asia|,2014.041,-589.4,44.2095992954645,2271,2271,49.5376486129458,41.5455746367239
EPI_ISL_198683|Human|H7N9|2014.038|Asia|,2014.038,-596.8,44.297666226332,2271,2271,49.669749009247,41.6116248348745
EPI_ISL_198682|Human|H7N9|2014.03|Asia|,2014.03,-594.6,44.2536327608983,2271,2271,49.669749009247,41.5455746367239
EPI_ISL_198681|Human|H7N9|2014.03|Asia|,2014.03,-590.3,44.1655658300308,2271,2271,49.2734478203435,41.6116248348745
EPI_ISL_198680|Human|H7N9|2014.03|Asia|,2014.03,-590.3,44.1655658300308,2271,2271,49.2734478203435,41.6116248348745
EPI_ISL_198679|Human|H7N9|2014.03|Asia|,2014.03,-590.3,44.1655658300308,2271,2271,49.2734478203435,41.6116248348745
EPI_ISL_198678|Human|H7N9|2014.027|Asia|,2014.027,-590.9,44.2095992954645,2271,2271,49.4055482166447,41.6116248348745
EPI_ISL_198677|Human|H7N9|2014.027|Asia|,2014.027,-590.2,44.1655658300308,2271,2271,49.4055482166447,41.5455746367239
EPI_ISL_198676|Human|H7N9|2014.025|Asia|,2014.025,-591.2,44.0528634361233,2270,2271,49.4055482166447,41.3747521480502
EPI_ISL_198675|Human|H7N9|2014.025|Asia|,2014.025,-596.8,44.297666226332,2271,2271,49.669749009247,41.6116248348745
EPI_ISL_198674|Human|H7N9|2014.016|Asia|,2014.016,-590.8,44.2095992954645,2271,2271,49.2734478203435,41.6776750330251
EPI_ISL_198673|Human|H7N9|2014.016|Asia|,2014.016,-590.1,44.0774988991634,2271,2271,49.1413474240423,41.5455746367239
EPI_ISL_198672|Human|H7N9|2014.005|Asia|,2014.005,-594.7,44.0969162995595,2270,2271,49.4055482166447,41.4408460013219
EPI_ISL_198750|Human|H7N9|2015.186|Asia|,2015.186,-595.4,44.3562610229277,2268,2268,50.2645502645503,41.4021164021164
EPI_ISL_198749|Human|H7N9|2015.173|Asia|,2015.173,-599.7,44.6649029982363,2268,2268,50.6613756613757,41.6666666666667
EPI_ISL_198748|Human|H7N9|2015.153|Asia|,2015.153,-587.2,43.9594356261023,2268,2268,49.2063492063492,41.3359788359788
EPI_ISL_198747|Human|H7N9|2015.153|Asia|,2015.153,-586.1,43.9735099337748,2265,2265,49.1390728476821,41.3907284768212
EPI_ISL_198746|Human|H7N9|2015.153|Asia|,2015.153,-586.3,44.0035273368607,2268,2268,49.3386243386243,41.3359788359788
EPI_ISL_198745|Human|H7N9|2015.11|Asia|,2015.11,-585.6,43.9594356261023,2268,2268,49.2063492063492,41.3359788359788
EPI_ISL_198744|Human|H7N9|2015.11|Asia|,2015.11,-587.1,43.8573315719947,2271,2271,49.0092470277411,41.2813738441215
EPI_ISL_198742|Human|H7N9|2015.104|Asia|,2015.104,-591.1,44.0917107583774,2268,2268,49.2063492063492,41.5343915343915
EPI_ISL_198741|Human|H7N9|2015.101|Asia|,2015.101,-589.1,44.0774988991634,2271,2271,49.669749009247,41.2813738441215
EPI_ISL_198740|Human|H7N9|2015.093|Asia|,2015.093,-580.9,44.0655447298494,2258,2268,49.3351063829787,41.4342629482072
EPI_ISL_198739|Human|H7N9|2015.09|Asia|,2015.09,-585.1,44.0334654337296,2271,2271,49.0092470277411,41.5455746367239
EPI_ISL_198738|Human|H7N9|2015.09|Asia|,2015.09,-594.2,43.9013650374284,2271,2271,48.4808454425363,41.6116248348745
EPI_ISL_198737|Human|H7N9|2015.079|Asia|,2015.079,-590.5,44.0334654337296,2271,2271,49.1413474240423,41.4795244385733
EPI_ISL_198736|Human|H7N9|2015.071|Asia|,2015.071,-592.9,43.813298106561,2271,2271,48.8771466314399,41.2813738441215
EPI_ISL_198735|Human|H7N9|2015.071|Asia|,2015.071,-588.5,44.0774988991634,2271,2271,49.5376486129458,41.3474240422721
EPI_ISL_198733|Human|H7N9|2015.068|Asia|,2015.068,-596.1,44.0774988991634,2271,2271,49.5376486129458,41.3474240422721
EPI_ISL_198732|Human|H7N9|2015.066|Asia|,2015.066,-603.3,44.6499339498018,2271,2271,51.2549537648613,41.3474240422721
EPI_ISL_198731|Human|H7N9|2015.058|Asia|,2015.058,-586.8,43.9894319682959,2271,2271,49.4055482166447,41.2813738441215
EPI_ISL_198730|Human|H7N9|2015.058|Asia|,2015.058,-591.1,43.9894319682959,2271,2271,48.6129458388375,41.6776750330251
EPI_ISL_198729|Human|H7N9|2015.055|Asia|,2015.055,-586.6,43.9453985028622,2271,2271,49.2734478203435,41.2813738441215
EPI_ISL_198728|Human|H7N9|2015.049|Asia|,2015.049,-601.7,44.5618670189344,2271,2271,50.8586525759577,41.4134742404227
EPI_ISL_198727|Human|H7N9|2015.041|Asia|,2015.041,-587.8,43.9453985028622,2271,2271,48.4808454425363,41.6776750330251
EPI_ISL_198726|Human|H7N9|2015.038|Asia|,2015.038,-585.3,43.9453985028622,2271,2271,49.2734478203435,41.2813738441215
EPI_ISL_198725|Human|H7N9|2015.027|Asia|,2015.027,-591.6,43.9894319682959,2271,2271,49.1413474240423,41.4134742404227
EPI_ISL_198724|Human|H7N9|2015.027|Asia|,2015.027,-603,44.5618670189344,2271,2271,50.9907529722589,41.3474240422721
EPI_ISL_198723|Human|H7N9|2015.014|Asia|,2015.014,-594,43.9153439153439,2268,2268,48.2804232804233,41.7328042328042
EPI_ISL_198722|Human|H7N9|2015.014|Asia|,2015.014,-602,44.6059004843681,2271,2271,50.9907529722589,41.4134742404227
EPI_ISL_198721|Human|H7N9|2015.005|Asia|,2015.005,-601.4,44.5178335535007,2271,2271,50.7265521796565,41.4134742404227
EPI_ISL_198718|Human|H7N9|2014.403|Asia|,2014.403,-542.2,44.2593426384512,2221,2271,50.0697350069735,41.4893617021277
EPI_ISL_198711|Human|H7N9|2014.184|Asia|,2014.184,-596.1,44.3562610229277,2268,2268,50.2645502645503,41.4021164021164
EPI_ISL_198710|Human|H7N9|2014.175|Asia|,2014.175,-591.5,44.2536327608983,2271,2271,50.0660501981506,41.3474240422721
EPI_ISL_198708|Human|H7N9|2014.142|Asia|,2014.142,-596.7,44.2536327608983,2271,2271,49.5376486129458,41.6116248348745
EPI_ISL_198706|Human|H7N9|2014.134|Asia|,2014.134,-593.2,44.297666226332,2271,2271,50.4623513870542,41.2153236459709
EPI_ISL_198705|Human|H7N9|2014.134|Asia|,2014.134,-590.7,44.2095992954645,2271,2271,49.5376486129458,41.5455746367239
EPI_ISL_198704|Human|H7N9|2014.134|Asia|,2014.134,-595.3,44.2095992954645,2271,2271,49.669749009247,41.4795244385733
EPI_ISL_198703|Human|H7N9|2014.132|Asia|,2014.132,-590.3,43.9894319682959,2271,2271,48.8771466314399,41.5455746367239
EPI_ISL_198702|Human|H7N9|2014.132|Asia|,2014.132,-584.2,44.0334654337296,2271,2271,49.0092470277411,41.5455746367239
EPI_ISL_198699|Human|H7N9|2014.112|Asia|,2014.112,-584.4,44.0035273368607,2268,2268,48.9417989417989,41.5343915343915
EPI_ISL_198698|Human|H7N9|2014.112|Asia|,2014.112,-589.2,44.2239858906526,2268,2268,49.4708994708995,41.6005291005291
EPI_ISL_198697|Human|H7N9|2014.11|Asia|,2014.11,-580.2,44.3391971132161,2217,2217,49.7970230040595,41.6102841677943
EPI_ISL_198696|Human|H7N9|2014.101|Asia|,2014.101,-587.1,44.0176600441501,2265,2265,49.0066225165563,41.523178807947
EPI_ISL_198695|Human|H7N9|2014.099|Asia|,2014.099,-592.2,44.5178335535007,2271,2271,50.7265521796565,41.4134742404227
EPI_ISL_198694|Human|H7N9|2014.088|Asia|,2014.088,-594,44.2680776014109,2268,2268,49.6031746031746,41.6005291005291
EPI_ISL_198693|Human|H7N9|2014.082|Asia|,2014.082,-590.7,44.2095992954645,2271,2271,49.5376486129458,41.5455746367239
EPI_ISL_198692|Human|H7N9|2014.082|Asia|,2014.082,-590.6,44.0774988991634,2271,2271,49.1413474240423,41.5455746367239
EPI_ISL_198691|Human|H7N9|2014.079|Asia|,2014.079,-591.8,44.1655658300308,2271,2271,49.669749009247,41.4134742404227
EPI_ISL_198690|Human|H7N9|2014.079|Asia|,2014.079,-594.5,44.5618670189344,2271,2271,50.7265521796565,41.4795244385733
EPI_ISL_212471|Human|H7N9|2016.115|Asia|,2016.115,-590.8,43.9894319682959,2271,2271,49.4055482166447,41.2813738441215
EPI_ISL_215534|Human|H7N9|2014.31|Asia|,2014.31,-591.25,44.0774988991634,2271,2271,49.5376486129458,41.3474240422721
EPI_ISL_215533|Human|H7N9|2014.31|Asia|,2014.31,-593.15,44.1215323645971,2271,2271,49.5376486129458,41.4134742404227
EPI_ISL_221674|Human|H7N9|2015|Asia|,2015,-591.1,44.0774988991634,2271,2271,49.669749009247,41.2813738441215
EPI_ISL_221672|Human|H7N9|2015|Asia|,2015,-601.2,44.4297666226332,2271,2271,49.9339498018494,41.6776750330251
EPI_ISL_221671|Human|H7N9|2015|Asia|,2015,-590.2,44.1655658300308,2271,2271,49.9339498018494,41.2813738441215
EPI_ISL_221667|Human|H7N9|2015|Asia|,2015,-590.7,44.3857331571995,2271,2271,50.330250990753,41.4134742404227
EPI_ISL_223670|Human|H7N9|2015.036|Asia|,2015.036,-596.3,44.4297666226332,2271,2271,50.330250990753,41.4795244385733
EPI_ISL_223680|Human|H7N9|2015.044|Asia|,2015.044,-603.3,44.297666226332,2271,2271,50.0660501981506,41.4134742404227
EPI_ISL_223673|Human|H7N9|2015.038|Asia|,2015.038,-605.2,44.3857331571995,2271,2271,50.330250990753,41.4134742404227
EPI_ISL_223672|Human|H7N9|2015.038|Asia|,2015.038,-596.3,44.4297666226332,2271,2271,50.330250990753,41.4795244385733
EPI_ISL_233629|Human|H7N9|2016.038|Asia|,2016.038,-608,44.2536327608983,2271,2271,49.2734478203435,41.7437252311757
EPI_ISL_233628|Human|H7N9|2016.033|Asia|,2016.033,-593.2,44.0334654337296,2271,2271,49.0092470277411,41.5455746367239
EPI_ISL_239333|Human|H7N9|2016.123|Asia|,2016.123,-579.5,44.0423654015887,2266,2271,49.136786188579,41.5069398545935
EPI_ISL_239332|Human|H7N9|2016.096|Asia|,2016.096,-587.4,44.351279788173,2266,2271,50.3978779840849,41.3359788359788
EPI_ISL_239331|Human|H7N9|2016.03|Asia|,2016.03,-590,43.8573315719947,2271,2271,48.6129458388375,41.4795244385733
EPI_ISL_239330|Human|H7N9|2015.89|Asia|,2015.89,-590.5,43.9013650374284,2271,2271,48.7450462351387,41.4795244385733
EPI_ISL_239329|Human|H7N9|2016.112|Asia|,2016.112,-588.9,43.8573315719947,2271,2271,48.6129458388375,41.4795244385733
EPI_ISL_248792|Human|H7N9|2014.323|Asia|,2014.323,-592.5,44.1215323645971,2271,2271,49.5376486129458,41.4134742404227
EPI_ISL_252549|Human|H7N9|2015.06|Asia|,2015.06,-585.1,43.9841339797267,2269,2271,49.3386243386243,41.3086582947786
EPI_ISL_256214|Human|H7N9|2016.068|Asia|,2016.068,-582.7,43.8906043228937,2267,2271,48.6737400530504,41.5069398545935
EPI_ISL_277448|Human|H7N9|2015.055|Asia|,2015.055,-586.8,43.9013650374284,2271,2271,49.1413474240423,41.2813738441215
EPI_ISL_277447|Human|H7N9|2015.888|Asia|,2015.888,-594.4,43.9453985028622,2271,2271,48.6129458388375,41.6116248348745
EPI_ISL_285559|Human|H7N9|2016.098|Asia|,2016.098,-583.6,43.7692646411273,2271,2271,48.4808454425363,41.4134742404227
EPI_ISL_285558|Human|H7N9|2016.03|Asia|,2016.03,-585,44.0955329500221,2261,2271,49.6662216288384,41.3359788359788
EPI_ISL_285557|Human|H7N9|2016.052|Asia|,2016.052,-587.8,44.5130013221684,2269,2271,50.5291005291005,41.5069398545935
EPI_ISL_285416|Human|H7N9|2016.148|Asia|,2016.148,-592.15,44.283201407212,2274,2274,50,41.4248021108179
EPI_ISL_285412|Human|H7N9|2016.068|Asia|,2016.068,-590.8,43.9894319682959,2271,2271,49.4055482166447,41.2813738441215
EPI_ISL_285226|Human|H7N9|2015.085|Asia|,2015.085,-582.8,43.6371642448261,2271,2271,48.7450462351387,41.0832232496698
EPI_ISL_285120|Human|H7N9|2016.03|Asia|,2016.03,-589.5,43.813298106561,2271,2271,48.6129458388375,41.4134742404227
EPI_ISL_285119|Human|H7N9|2015.973|Asia|,2015.973,-588.9,43.8573315719947,2271,2271,48.6129458388375,41.4795244385733
EPI_ISL_285118|Human|H7N9|2015.093|Asia|,2015.093,-585.1,44.0774988991634,2271,2271,49.1413474240423,41.5455746367239
EPI_ISL_284991|Human|H7N9|2015.477|Asia|,2015.477,-608.7,44.297666226332,2271,2271,49.5376486129458,41.6776750330251
EPI_ISL_284982|Human|H7N9|2016.161|Asia|,2016.161,-597.2,44.2536327608983,2271,2271,50.1981505944518,41.2813738441215
EPI_ISL_285113|Human|H7N9|2016.142|Asia|,2016.142,-589.5,43.920704845815,2270,2271,48.7450462351387,41.5069398545935
EPI_ISL_285110|Human|H7N9|2016.153|Asia|,2016.153,-587.7,43.9453985028622,2271,2271,48.6129458388375,41.6116248348745
EPI_ISL_285108|Human|H7N9|2016.038|Asia|,2016.038,-593.2,44.0334654337296,2271,2271,49.0092470277411,41.5455746367239
EPI_ISL_285184|Human|H7N9|2016.128|Asia|,2016.128,-613.2,44.3857331571995,2271,2271,50.1981505944518,41.4795244385733
EPI_ISL_285183|Human|H7N9|2016.09|Asia|,2016.09,-597.1,44.3416996917657,2271,2271,50.0660501981506,41.4795244385733
EPI_ISL_285182|Human|H7N9|2016.003|Asia|,2016.003,-599.1,44.3857331571995,2271,2271,50.0660501981506,41.5455746367239
EPI_ISL_285181|Human|H7N9|2016|Asia|,2016,-596.5,44.3416996917657,2271,2271,50.0660501981506,41.4795244385733
EPI_ISL_285256|Human|H7N9|2016.128|Asia|,2016.128,-588.2,43.9013650374284,2271,2271,49.1413474240423,41.2813738441215
EPI_ISL_364317|Human|H7N9|2015.025|Asia|,2015.025,-601.7,44.6059004843681,2271,2271,50.9907529722589,41.4134742404227
EPI_ISL_379593|Human|H7N9|2016.134|Asia|,2016.134,-592.15,44.297666226332,2271,2271,49.9339498018494,41.4795244385733
EPI_ISL_379592|Human|H7N9|2014.068|Asia|,2014.068,-590.6,44.0334654337296,2271,2271,48.7450462351387,41.6776750330251
EPI_ISL_379591|Human|H7N9|2014.307|Asia|,2014.307,-592.8,43.9013650374284,2271,2271,48.6129458388375,41.5455746367239
EPI_ISL_379590|Human|H7N9|2014.268|Asia|,2014.268,-594.8,44.5178335535007,2271,2271,50.5944517833554,41.4795244385733
EPI_ISL_379589|Human|H7N9|2014.205|Asia|,2014.205,-593.6,44.3857331571995,2271,2271,50.330250990753,41.4134742404227
EPI_ISL_379588|Human|H7N9|2015.342|Asia|,2015.342,-592.7,44.0774988991634,2271,2271,48.7450462351387,41.7437252311757
EPI_ISL_379587|Human|H7N9|2014.271|Asia|,2014.271,-584.7,43.813298106561,2271,2271,49.1413474240423,41.1492734478203
EPI_ISL_379586|Human|H7N9|2016.033|Asia|,2016.033,-594.95,44.3416996917657,2271,2271,50.0660501981506,41.4795244385733
EPI_ISL_399682|Human|H7N9|2014.134|Asia|,2014.134,-607.5,44.3416996917657,2271,2271,49.9339498018494,41.5455746367239
EPI_ISL_426185|Human|H7N9|2015.175|Asia|,2015.175,-588.6,44.4297666226332,2271,2271,50.330250990753,41.4795244385733
EPI_ISL_426184|Human|H7N9|2014.942|Asia|,2014.942,-591.9,44.297666226332,2271,2271,50.0660501981506,41.4134742404227
EPI_ISL_4071297|Rodent|H7N9|2015.953|Asia|,2015.953,-595.1,44.4738000880669,2271,2271,50.330250990753,41.5455746367239
EPI_ISL_217947|Human|H7N9|2016.298|Asia|,2016.298,-588.6,43.7692646411273,2271,2271,48.6129458388375,41.3474240422721
EPI_ISL_215688|Human|H7N9|2016.227|Asia|,2016.227,-598.64,44.2536327608983,2271,2271,50.0660501981506,41.3474240422721
EPI_ISL_239994|Human|H7N9|2016.964|Asia|,2016.964,-601.4,43.813298106561,2271,2271,48.4808454425363,41.4795244385733
EPI_ISL_240520|Human|H7N9|2016.989|Asia|,2016.989,-598.2,44.4297666226332,2271,2271,50.0660501981506,41.6116248348745
EPI_ISL_240829|Human|H7N9|2017.011|Asia|,2017.011,-597.7,44.3857331571995,2271,2271,50.0660501981506,41.5455746367239
EPI_ISL_242275|Human|H7N9|2017.022|Asia|,2017.022,-585.5,44.2095992954645,2271,2271,50.0660501981506,41.2813738441215
EPI_ISL_242867|Human|H7N9|2017|Asia|,2017,-590.4,43.9894319682959,2271,2271,49.1413474240423,41.4134742404227
EPI_ISL_242866|Human|H7N9|2016.765|Asia|,2016.765,-595.6,44.6059004843681,2271,2271,50.5944517833554,41.6116248348745
EPI_ISL_242865|Human|H7N9|2016.943|Asia|,2016.943,-594.6,44.2095992954645,2271,2271,49.9339498018494,41.3474240422721
EPI_ISL_242864|Human|H7N9|2016.945|Asia|,2016.945,-592,44.0088105726872,2270,2271,49.5376486129458,41.2425644415069
EPI_ISL_242863|Human|H7N9|2016.962|Asia|,2016.962,-592.1,44.0334654337296,2271,2271,49.669749009247,41.2153236459709
EPI_ISL_242862|Human|H7N9|2016.97|Asia|,2016.97,-596.1,44.1655658300308,2271,2271,49.8018494055482,41.3474240422721
EPI_ISL_242861|Human|H7N9|2016.981|Asia|,2016.981,-595.6,43.9647577092511,2270,2271,49.2734478203435,41.3086582947786
EPI_ISL_242860|Human|H7N9|2016.978|Asia|,2016.978,-594.6,44.1655658300308,2271,2271,49.9339498018494,41.2813738441215
EPI_ISL_242859|Human|H7N9|2016.975|Asia|,2016.975,-589,43.8325991189427,2270,2271,48.8771466314399,41.3086582947786
EPI_ISL_242858|Human|H7N9|2016.97|Asia|,2016.97,-588,43.9013650374284,2271,2271,49.1413474240423,41.2813738441215
EPI_ISL_242857|Human|H7N9|2016.97|Asia|,2016.97,-588.3,44.0528634361233,2270,2271,49.7354497354497,41.2153236459709
EPI_ISL_242856|Human|H7N9|2017.016|Asia|,2017.016,-592.4,43.8573315719947,2271,2271,49.0092470277411,41.2813738441215
EPI_ISL_242855|Human|H7N9|2017.008|Asia|,2017.008,-588.3,43.9647577092511,2270,2271,49.1413474240423,41.3747521480502
EPI_ISL_242854|Human|H7N9|2016.926|Asia|,2016.926,-598.2,44.0334654337296,2271,2271,49.5376486129458,41.2813738441215
EPI_ISL_242853|Human|H7N9|2016.997|Asia|,2016.997,-591.4,43.9453985028622,2271,2271,48.8771466314399,41.4795244385733
EPI_ISL_242852|Human|H7N9|2016.986|Asia|,2016.986,-599.4,44.3416996917657,2271,2271,50.4623513870542,41.2813738441215
EPI_ISL_242851|Human|H7N9|2017.011|Asia|,2017.011,-589.1,44.0774988991634,2271,2271,49.669749009247,41.2813738441215
EPI_ISL_242850|Human|H7N9|2016.989|Asia|,2016.989,-589.1,43.9894319682959,2271,2271,49.1413474240423,41.4134742404227
EPI_ISL_242849|Human|H7N9|2016.995|Asia|,2016.995,-604.5,44.1655658300308,2271,2271,49.9339498018494,41.2813738441215
EPI_ISL_242848|Human|H7N9|2017.003|Asia|,2017.003,-602.7,44.3416996917657,2271,2271,50.1981505944518,41.4134742404227
EPI_ISL_242847|Human|H7N9|2017.011|Asia|,2017.011,-603.5,44.3416996917657,2271,2271,50.330250990753,41.3474240422721
EPI_ISL_242888|Human|H7N9|2016.948|Asia|,2016.948,-594.7,44.2536327608983,2271,2271,49.9339498018494,41.4134742404227
EPI_ISL_242871|Human|H7N9|2016.937|Asia|,2016.937,-594,44.0334654337296,2271,2271,49.0092470277411,41.5455746367239
EPI_ISL_242870|Human|H7N9|2016.989|Asia|,2016.989,-589.4,44.3416996917657,2271,2271,50.0660501981506,41.4795244385733
EPI_ISL_242897|Human|H7N9|2016.964|Asia|,2016.964,-590.5,43.9894319682959,2271,2271,49.0092470277411,41.4795244385733
EPI_ISL_242896|Human|H7N9|2016.964|Asia|,2016.964,-591.4,43.8766519823789,2270,2271,48.7450462351387,41.4408460013219
EPI_ISL_242895|Human|H7N9|2016.948|Asia|,2016.948,-589.5,43.9894319682959,2271,2271,49.0092470277411,41.4795244385733
EPI_ISL_242890|Human|H7N9|2016.973|Asia|,2016.973,-595.1,44.2095992954645,2271,2271,49.9339498018494,41.3474240422721
EPI_ISL_242872|Human|H7N9|2016.885|Asia|,2016.885,-591.5,43.9347154830172,2267,2271,49.3368700265252,41.2425644415069
EPI_ISL_242843|Human|H7N9|2017.014|Asia|,2017.014,-592.7,44.1655658300308,2271,2271,49.9339498018494,41.2813738441215
EPI_ISL_242842|Human|H7N9|2017|Asia|,2017,-585.8,43.9453985028622,2271,2271,48.0845442536328,41.8758256274769
EPI_ISL_242901|Human|H7N9|2016.874|Asia|,2016.874,-594.5,44.0334654337296,2271,2271,49.4055482166447,41.3474240422721
EPI_ISL_242900|Human|H7N9|2016.97|Asia|,2016.97,-593.2,43.8573315719947,2271,2271,48.4808454425363,41.5455746367239
EPI_ISL_242899|Human|H7N9|2016.964|Asia|,2016.964,-589.6,43.8573315719947,2271,2271,49.1413474240423,41.2153236459709
EPI_ISL_242898|Human|H7N9|2016.964|Asia|,2016.964,-590.5,43.9894319682959,2271,2271,49.0092470277411,41.4795244385733
EPI_ISL_242894|Human|H7N9|2016.964|Asia|,2016.964,-598.5,43.9453985028622,2271,2271,48.6129458388375,41.6116248348745
EPI_ISL_242893|Human|H7N9|2016.954|Asia|,2016.954,-593,43.9894319682959,2271,2271,48.8771466314399,41.5455746367239
EPI_ISL_242892|Human|H7N9|2016.954|Asia|,2016.954,-593,43.9894319682959,2271,2271,48.8771466314399,41.5455746367239
EPI_ISL_242891|Human|H7N9|2016.97|Asia|,2016.97,-593.2,43.8573315719947,2271,2271,48.4808454425363,41.5455746367239
EPI_ISL_242889|Human|H7N9|2016.962|Asia|,2016.962,-589.5,43.920704845815,2270,2271,48.6772486772487,41.5455746367239
EPI_ISL_242887|Human|H7N9|2016.956|Asia|,2016.956,-599.9,44.2536327608983,2271,2271,50.1981505944518,41.2813738441215
EPI_ISL_242886|Human|H7N9|2016.964|Asia|,2016.964,-583.1,44.1850220264317,2270,2271,50,41.2813738441215
EPI_ISL_242885|Human|H7N9|2016.964|Asia|,2016.964,-585.1,44.0334654337296,2271,2271,49.4055482166447,41.3474240422721
EPI_ISL_242884|Human|H7N9|2016.956|Asia|,2016.956,-594,44.2536327608983,2271,2271,50.0660501981506,41.3474240422721
EPI_ISL_242883|Human|H7N9|2016.899|Asia|,2016.899,-595.4,44.5178335535007,2271,2271,50.7265521796565,41.4134742404227
EPI_ISL_242882|Human|H7N9|2016.918|Asia|,2016.918,-597.7,44.5618670189344,2271,2271,50.8586525759577,41.4134742404227
EPI_ISL_242881|Human|H7N9|2016.929|Asia|,2016.929,-596.8,44.2095992954645,2271,2271,49.9339498018494,41.3474240422721
EPI_ISL_242880|Human|H7N9|2016.94|Asia|,2016.94,-593.9,44.2536327608983,2271,2271,50.0660501981506,41.3474240422721
EPI_ISL_242879|Human|H7N9|2016.945|Asia|,2016.945,-594.1,44.1409691629956,2270,2271,49.6031746031746,41.4134742404227
EPI_ISL_242878|Human|H7N9|2016.948|Asia|,2016.948,-597.7,44.6059004843681,2271,2271,50.9907529722589,41.4134742404227
EPI_ISL_242877|Human|H7N9|2016.967|Asia|,2016.967,-594.7,44.1655658300308,2271,2271,48.7450462351387,41.8758256274769
EPI_ISL_242876|Human|H7N9|2016.956|Asia|,2016.956,-588.1,44.0528634361233,2270,2271,48.6772486772487,41.7437252311757
EPI_ISL_242875|Human|H7N9|2016.872|Asia|,2016.872,-593.7,44.0774988991634,2271,2271,49.5376486129458,41.3474240422721
EPI_ISL_242874|Human|H7N9|2016.937|Asia|,2016.937,-587.9,44.0774988991634,2271,2271,48.4808454425363,41.8758256274769
EPI_ISL_242873|Human|H7N9|2016.817|Asia|,2016.817,-593.7,44.0774988991634,2271,2271,49.5376486129458,41.3474240422721
EPI_ISL_242869|Human|H7N9|2016.888|Asia|,2016.888,-594.4,44.1215323645971,2271,2271,49.669749009247,41.3474240422721
EPI_ISL_242868|Human|H7N9|2016.986|Asia|,2016.986,-594.1,44.1850220264317,2270,2271,49.9339498018494,41.3086582947786
EPI_ISL_242846|Human|H7N9|2017.019|Asia|,2017.019,-594.1,44.2095992954645,2271,2271,50.0660501981506,41.2813738441215
EPI_ISL_242845|Human|H7N9|2017.027|Asia|,2017.027,-590.95,44.0088105726872,2270,2271,48.8095238095238,41.6116248348745
EPI_ISL_242844|Human|H7N9|2017.014|Asia|,2017.014,-603.4,44.3857331571995,2271,2271,50.330250990753,41.4134742404227
EPI_ISL_248314|Human|H7N9|2016.948|Asia|,2016.948,-597.7,44.6059004843681,2271,2271,50.9907529722589,41.4134742404227
EPI_ISL_248778|Human|H7N9|2017.09|Asia|,2017.09,-596.3,43.8573315719947,2271,2271,48.6129458388375,41.4795244385733
EPI_ISL_248313|Human|H7N9|2016.918|Asia|,2016.918,-597.7,44.5618670189344,2271,2271,50.8586525759577,41.4134742404227
EPI_ISL_249102|Human|H7N9|2017.036|Asia|,2017.036,-606.8,44.1655658300308,2271,2271,49.0092470277411,41.7437252311757
EPI_ISL_249621|Human|H7N9|2016.967|Asia|,2016.967,-600.9,44.6059004843681,2271,2271,50.7265521796565,41.5455746367239
EPI_ISL_249668|Human|H7N9|2016.986|Asia|,2016.986,-599.3,44.2095992954645,2271,2271,50.0660501981506,41.2813738441215
EPI_ISL_249652|Human|H7N9|2016.984|Asia|,2016.984,-599.3,44.5618670189344,2271,2271,50.7265521796565,41.4795244385733
EPI_ISL_249638|Human|H7N9|2016.964|Asia|,2016.964,-595.7,44.297666226332,2271,2271,50.1981505944518,41.3474240422721
EPI_ISL_249600|Human|H7N9|2016.956|Asia|,2016.956,-598.6,44.6059004843681,2271,2271,50.9907529722589,41.4134742404227
EPI_ISL_249309|Human|H7N9|2017.005|Asia|,2017.005,-597.4,44.5618670189344,2271,2271,50.5944517833554,41.5455746367239
EPI_ISL_249308|Human|H7N9|2017.03|Asia|,2017.03,-607.5,44.2290748898678,2270,2271,49.2063492063492,41.7437252311757
EPI_ISL_250425|Human|H7N9|2016.995|Asia|,2016.995,-605.5,44.0334654337296,2271,2271,49.4055482166447,41.3474240422721
EPI_ISL_250424|Human|H7N9|2016.997|Asia|,2016.997,-590.7,44.3857331571995,2271,2271,50.1981505944518,41.4795244385733
EPI_ISL_250317|Human|H7N9|2017.107|Asia|,2017.107,-603.4,44.2536327608983,2271,2271,50.0660501981506,41.3474240422721
EPI_ISL_250316|Human|H7N9|2017.101|Asia|,2017.101,-598.3,44.2536327608983,2271,2271,50.1981505944518,41.2813738441215
EPI_ISL_250315|Human|H7N9|2017.101|Asia|,2017.101,-589.5,44.3416996917657,2271,2271,50.4623513870542,41.2813738441215
EPI_ISL_250314|Human|H7N9|2017.052|Asia|,2017.052,-597.8,44.297666226332,2271,2271,49.8018494055482,41.5455746367239
EPI_ISL_250313|Human|H7N9|2017.041|Asia|,2017.041,-576.1,43.2408630559225,2271,2271,47.2919418758256,41.2153236459709
EPI_ISL_250312|Human|H7N9|2017.085|Asia|,2017.085,-584.6,43.5490973139586,2271,2271,47.9524438573316,41.3474240422721
EPI_ISL_250311|Human|H7N9|2017.008|Asia|,2017.008,-597.4,44.5618670189344,2271,2271,50.5944517833554,41.5455746367239
EPI_ISL_253626|Human|H7N9|2017.175|Asia|,2017.175,-602.3,44.297666226332,2271,2271,50.1981505944518,41.3474240422721
EPI_ISL_256109|Human|H7N9|2017.008|Asia|,2017.008,-597.4,44.5618670189344,2271,2271,50.5944517833554,41.5455746367239
EPI_ISL_256108|Human|H7N9|2017.008|Asia|,2017.008,-597.4,44.5618670189344,2271,2271,50.5944517833554,41.5455746367239
EPI_ISL_257022|Human|H7N9|2017.036|Asia|,2017.036,-606.8,44.1655658300308,2271,2271,49.0092470277411,41.7437252311757
EPI_ISL_258034|Human|H7N9|2017.09|Asia|,2017.09,-591.8,44.297666226332,2271,2271,49.1413474240423,41.8758256274769
EPI_ISL_258006|Human|H7N9|2017.09|Asia|,2017.09,-614.1,44.601145879242,2269,2271,50.330250990753,41.7328042328042
EPI_ISL_258005|Human|H7N9|2017.06|Asia|,2017.06,-587,44.0774988991634,2271,2271,48.8771466314399,41.6776750330251
EPI_ISL_258004|Human|H7N9|2017.077|Asia|,2017.077,-598.9,44.2095992954645,2271,2271,49.2734478203435,41.6776750330251
EPI_ISL_258002|Human|H7N9|2017.033|Asia|,2017.033,-587.6,43.920704845815,2270,2271,48.8771466314399,41.4408460013219
EPI_ISL_258001|Human|H7N9|2017.101|Asia|,2017.101,-598.4,44.2095992954645,2271,2271,49.2734478203435,41.6776750330251
EPI_ISL_258000|Human|H7N9|2017.085|Asia|,2017.085,-598,44.273127753304,2270,2271,49.3386243386243,41.7437252311757
EPI_ISL_257999|Human|H7N9|2017.09|Asia|,2017.09,-597.2,44.1215323645971,2271,2271,49.0092470277411,41.6776750330251
EPI_ISL_257998|Human|H7N9|2017.077|Asia|,2017.077,-592.1,44.0334654337296,2271,2271,49.669749009247,41.2153236459709
EPI_ISL_257997|Human|H7N9|2017.09|Asia|,2017.09,-590.5,43.9894319682959,2271,2271,49.5376486129458,41.2153236459709
EPI_ISL_257996|Human|H7N9|2017.09|Asia|,2017.09,-591.6,44.0774988991634,2271,2271,49.5376486129458,41.3474240422721
EPI_ISL_257995|Human|H7N9|2017.101|Asia|,2017.101,-588.7,43.9453985028622,2271,2271,49.4055482166447,41.2153236459709
EPI_ISL_257993|Human|H7N9|2017.099|Asia|,2017.099,-591.3,44.0334654337296,2271,2271,49.669749009247,41.2153236459709
EPI_ISL_257992|Human|H7N9|2017.09|Asia|,2017.09,-586.6,44.0088105726872,2270,2271,49.669749009247,41.1764705882353
EPI_ISL_257991|Human|H7N9|2017.082|Asia|,2017.082,-592.1,44.0334654337296,2271,2271,49.669749009247,41.2153236459709
EPI_ISL_258029|Human|H7N9|2017.096|Asia|,2017.096,-592.9,44.4493392070485,2270,2271,50.7265521796565,41.3086582947786
EPI_ISL_258028|Human|H7N9|2017.071|Asia|,2017.071,-597.3,44.5618670189344,2271,2271,50.7265521796565,41.4795244385733
EPI_ISL_258027|Human|H7N9|2017.052|Asia|,2017.052,-578.7,44.2630185348632,2266,2271,50.3968253968254,41.1920529801325
EPI_ISL_258026|Human|H7N9|2017.137|Asia|,2017.137,-594,44.4738000880669,2271,2271,50.5944517833554,41.4134742404227
EPI_ISL_258025|Human|H7N9|2017.033|Asia|,2017.033,-599.3,44.5618670189344,2271,2271,50.7265521796565,41.4795244385733
EPI_ISL_258024|Human|H7N9|2017.033|Asia|,2017.033,-599.3,44.5618670189344,2271,2271,50.7265521796565,41.4795244385733
EPI_ISL_258023|Human|H7N9|2017.014|Asia|,2017.014,-591.3,43.9894319682959,2271,2271,49.0092470277411,41.4795244385733
EPI_ISL_258022|Human|H7N9|2016.997|Asia|,2016.997,-598.5,43.9453985028622,2271,2271,48.6129458388375,41.6116248348745
EPI_ISL_258021|Human|H7N9|2017.082|Asia|,2017.082,-586.4,43.9647577092511,2270,2271,49.0740740740741,41.4134742404227
EPI_ISL_258020|Human|H7N9|2017.044|Asia|,2017.044,-585.1,43.813298106561,2271,2271,48.4808454425363,41.4795244385733
EPI_ISL_258019|Human|H7N9|2017.044|Asia|,2017.044,-583.3,43.8325991189427,2270,2271,48.5449735449735,41.4795244385733
EPI_ISL_258018|Human|H7N9|2017.033|Asia|,2017.033,-593,44.4493392070485,2270,2271,50.5291005291005,41.4134742404227
EPI_ISL_258017|Human|H7N9|2017.123|Asia|,2017.123,-596.4,44.4738000880669,2271,2271,50.5944517833554,41.4134742404227
EPI_ISL_258016|Human|H7N9|2017.121|Asia|,2017.121,-595.7,44.4933920704846,2270,2271,50.7265521796565,41.3747521480502
EPI_ISL_258015|Human|H7N9|2017.121|Asia|,2017.121,-596.7,44.5178335535007,2271,2271,50.7265521796565,41.4134742404227
EPI_ISL_258014|Human|H7N9|2017.121|Asia|,2017.121,-588.6,43.9013650374284,2271,2271,49.0092470277411,41.3474240422721
EPI_ISL_258013|Human|H7N9|2017.121|Asia|,2017.121,-588.4,43.8766519823789,2270,2271,48.9417989417989,41.3474240422721
EPI_ISL_258012|Human|H7N9|2017.033|Asia|,2017.033,-586.8,43.5931307793923,2271,2271,47.6882430647292,41.5455746367239
EPI_ISL_258011|Human|H7N9|2017.052|Asia|,2017.052,-589.3,43.9453985028622,2271,2271,48.8771466314399,41.4795244385733
EPI_ISL_257990|Human|H7N9|2017.137|Asia|,2017.137,-598.2,44.0774988991634,2271,2271,49.8018494055482,41.2153236459709
EPI_ISL_257989|Human|H7N9|2017.137|Asia|,2017.137,-598,44.0969162995595,2270,2271,49.8677248677249,41.2153236459709
EPI_ISL_257988|Human|H7N9|2017.137|Asia|,2017.137,-594,44.160423093874,2269,2271,50,41.2425644415069
EPI_ISL_258033|Human|H7N9|2017.126|Asia|,2017.126,-603.3,44.297666226332,2271,2271,50.1981505944518,41.3474240422721
EPI_ISL_257985|Human|H7N9|2017.06|Asia|,2017.06,-602.7,44.3416996917657,2271,2271,50.1981505944518,41.4134742404227
EPI_ISL_257984|Human|H7N9|2017.09|Asia|,2017.09,-603.3,44.297666226332,2271,2271,50.1981505944518,41.3474240422721
EPI_ISL_257983|Human|H7N9|2017.093|Asia|,2017.093,-603.6,44.3416996917657,2271,2271,50.330250990753,41.3474240422721
EPI_ISL_257982|Human|H7N9|2017.063|Asia|,2017.063,-583.9,43.813298106561,2271,2271,47.8203434610304,41.8097754293263
EPI_ISL_257981|Human|H7N9|2017.126|Asia|,2017.126,-603.3,44.297666226332,2271,2271,50.1981505944518,41.3474240422721
EPI_ISL_258036|Human|H7N9|2017.17|Asia|,2017.17,-589.4,43.7252311756935,2271,2271,47.8203434610304,41.6776750330251
EPI_ISL_258035|Human|H7N9|2017.17|Asia|,2017.17,-591,43.7252311756935,2271,2271,47.8203434610304,41.6776750330251
EPI_ISL_258032|Human|H7N9|2017.107|Asia|,2017.107,-603.4,44.2536327608983,2271,2271,50.0660501981506,41.3474240422721
EPI_ISL_258031|Human|H7N9|2017.14|Asia|,2017.14,-584.7,43.7692646411273,2271,2271,48.2166446499339,41.5455746367239
EPI_ISL_258030|Human|H7N9|2017.14|Asia|,2017.14,-584.7,43.7692646411273,2271,2271,48.2166446499339,41.5455746367239
EPI_ISL_258010|Human|H7N9|2017.071|Asia|,2017.071,-589.4,43.9894319682959,2271,2271,49.4055482166447,41.2813738441215
EPI_ISL_258009|Human|H7N9|2017.101|Asia|,2017.101,-591,43.7252311756935,2271,2271,47.556142668428,41.8097754293263
EPI_ISL_258008|Human|H7N9|2017.104|Asia|,2017.104,-586.4,43.7692646411273,2271,2271,48.2166446499339,41.5455746367239
EPI_ISL_258007|Human|H7N9|2017.055|Asia|,2017.055,-596.1,44.1850220264317,2270,2271,50,41.2813738441215
EPI_ISL_258003|Human|H7N9|2017.093|Asia|,2017.093,-588.4,43.8078448655795,2269,2271,48.5449735449735,41.4408460013219
EPI_ISL_257994|Human|H7N9|2017.036|Asia|,2017.036,-603.4,44.2536327608983,2271,2271,50.0660501981506,41.3474240422721
EPI_ISL_257987|Human|H7N9|2017.134|Asia|,2017.134,-598.3,44.5178335535007,2271,2271,50.7265521796565,41.4134742404227
EPI_ISL_257986|Human|H7N9|2017.134|Asia|,2017.134,-596.3,44.5618670189344,2271,2271,50.7265521796565,41.4795244385733
EPI_ISL_258409|Human|H7N9|2017.132|Asia|,2017.132,-589.3,43.8573315719947,2271,2271,48.4808454425363,41.5455746367239
EPI_ISL_259269|Human|H7N9|2017.011|Asia|,2017.011,-597.7,44.3857331571995,2271,2271,50.0660501981506,41.5455746367239
EPI_ISL_259757|Human|H7N9|2017.192|Asia|,2017.192,-598.4,44.273127753304,2270,2271,49.5376486129458,41.6391275611368
EPI_ISL_261072|Human|H7N9|2017.107|Asia|,2017.107,-599,44.2095992954645,2271,2271,50.0660501981506,41.2813738441215
EPI_ISL_263365|Human|H7N9|2017.008|Asia|,2017.008,-591.4,44.3758270842523,2267,2271,50.2652519893899,41.4408460013219
EPI_ISL_266936|Human|H7N9|2017.318|Asia|,2017.318,-586.8,43.813298106561,2271,2271,48.3487450462351,41.5455746367239
EPI_ISL_266935|Human|H7N9|2017.318|Asia|,2017.318,-586.8,43.813298106561,2271,2271,48.3487450462351,41.5455746367239
EPI_ISL_267764|Human|H7N9|2017.192|Asia|,2017.192,-600,44.2485676509476,2269,2271,49.5364238410596,41.6116248348745
EPI_ISL_267763|Human|H7N9|2017.189|Asia|,2017.189,-580.8,43.3920704845815,2270,2271,47.4240422721268,41.3747521480502
EPI_ISL_267762|Human|H7N9|2017.175|Asia|,2017.175,-579.8,43.2848965213562,2271,2271,47.556142668428,41.1492734478203
EPI_ISL_267761|Human|H7N9|2017.123|Asia|,2017.123,-597.1,44.0774988991634,2271,2271,48.6129458388375,41.8097754293263
EPI_ISL_267760|Human|H7N9|2017.107|Asia|,2017.107,-583.1,43.4610303830911,2271,2271,47.8203434610304,41.2813738441215
EPI_ISL_267759|Human|H7N9|2017.142|Asia|,2017.142,-589.6,43.8573315719947,2271,2271,48.4808454425363,41.5455746367239
EPI_ISL_267758|Human|H7N9|2017.06|Asia|,2017.06,-597.4,44.5618670189344,2271,2271,50.5944517833554,41.5455746367239
EPI_ISL_268509|Human|H7N9|2017.208|Asia|,2017.208,-592.9,43.813298106561,2271,2271,48.3487450462351,41.5455746367239
EPI_ISL_268508|Human|H7N9|2017.208|Asia|,2017.208,-593.2,44.1215323645971,2271,2271,49.0092470277411,41.6776750330251
EPI_ISL_268507|Human|H7N9|2017.203|Asia|,2017.203,-588.8,43.8573315719947,2271,2271,48.4808454425363,41.5455746367239
EPI_ISL_268506|Human|H7N9|2017.197|Asia|,2017.197,-591.7,43.9013650374284,2271,2271,48.6129458388375,41.5455746367239
EPI_ISL_268505|Human|H7N9|2017.192|Asia|,2017.192,-589.3,43.8573315719947,2271,2271,48.4808454425363,41.5455746367239
EPI_ISL_268504|Human|H7N9|2017.17|Asia|,2017.17,-589.3,43.813298106561,2271,2271,48.3487450462351,41.5455746367239
EPI_ISL_268503|Human|H7N9|2017.167|Asia|,2017.167,-586.8,43.813298106561,2271,2271,48.3487450462351,41.5455746367239
EPI_ISL_268502|Human|H7N9|2017.156|Asia|,2017.156,-588.1,43.7252311756935,2271,2271,48.0845442536328,41.5455746367239
EPI_ISL_268501|Human|H7N9|2017.156|Asia|,2017.156,-585.4,43.7830687830688,2268,2271,48.2804232804233,41.5343915343915
EPI_ISL_268500|Human|H7N9|2017.159|Asia|,2017.159,-584.1,43.7252311756935,2271,2271,48.0845442536328,41.5455746367239
EPI_ISL_268499|Human|H7N9|2017.132|Asia|,2017.132,-587.8,43.8712522045855,2268,2271,48.4126984126984,41.6005291005291
EPI_ISL_268498|Human|H7N9|2017.145|Asia|,2017.145,-589.3,43.813298106561,2271,2271,48.3487450462351,41.5455746367239
EPI_ISL_268526|Human|H7N9|2017.17|Asia|,2017.17,-589.3,43.813298106561,2271,2271,48.3487450462351,41.5455746367239
EPI_ISL_268525|Human|H7N9|2017.167|Asia|,2017.167,-596.6,44.1850220264317,2270,2271,49.5376486129458,41.5069398545935
EPI_ISL_268524|Human|H7N9|2017.156|Asia|,2017.156,-583.8,43.7885462555066,2270,2271,48.2804232804233,41.5455746367239
EPI_ISL_268523|Human|H7N9|2017.159|Asia|,2017.159,-584.1,43.7252311756935,2271,2271,48.0845442536328,41.5455746367239
EPI_ISL_268512|Human|H7N9|2017.142|Asia|,2017.142,-589.3,43.813298106561,2271,2271,48.3487450462351,41.5455746367239
EPI_ISL_269518|Human|H7N9|2017.34|Asia|,2017.34,-586.8,43.6811977102598,2271,2271,48.2166446499339,41.4134742404227
EPI_ISL_269517|Human|H7N9|2017.274|Asia|,2017.274,-591.4,43.9013650374284,2271,2271,48.6129458388375,41.5455746367239
EPI_ISL_269516|Human|H7N9|2017.362|Asia|,2017.362,-588,43.813298106561,2271,2271,48.3487450462351,41.5455746367239
EPI_ISL_269513|Human|H7N9|2017.159|Asia|,2017.159,-582.8,43.3480176211454,2270,2271,47.3544973544974,41.3474240422721
EPI_ISL_269512|Human|H7N9|2017.175|Asia|,2017.175,-585.5,43.9013650374284,2271,2271,48.6129458388375,41.5455746367239
EPI_ISL_269511|Human|H7N9|2017.112|Asia|,2017.112,-581.9,43.2789775231379,2269,2271,47.1598414795244,41.3359788359788
EPI_ISL_273350|Human|H7N9|2017.093|Asia|,2017.093,-601.8,44.0528634361233,2270,2271,48.7450462351387,41.7052214144085
EPI_ISL_276787|Human|H7N9|2017.367|Asia|,2017.367,-600.9,44.297666226332,2271,2271,50.1981505944518,41.3474240422721
EPI_ISL_276782|Human|H7N9|2017.367|Asia|,2017.367,-600.9,44.297666226332,2271,2271,50.1981505944518,41.3474240422721
EPI_ISL_276781|Human|H7N9|2017.367|Asia|,2017.367,-604.8,44.297666226332,2271,2271,50.1981505944518,41.3474240422721
EPI_ISL_280902|Human|H7N9|2017.005|Asia|,2017.005,-597.4,44.5618670189344,2271,2271,50.5944517833554,41.5455746367239
EPI_ISL_280901|Human|H7N9|2017.005|Asia|,2017.005,-597.4,44.5618670189344,2271,2271,50.5944517833554,41.5455746367239
EPI_ISL_280900|Human|H7N9|2017.09|Asia|,2017.09,-596.3,43.8573315719947,2271,2271,48.6129458388375,41.4795244385733
EPI_ISL_280894|Human|H7N9|2017.09|Asia|,2017.09,-596.3,43.8573315719947,2271,2271,48.6129458388375,41.4795244385733
EPI_ISL_282151|Human|H7N9|2017.101|Asia|,2017.101,-598.5,44.0774988991634,2271,2271,49.8018494055482,41.2153236459709
EPI_ISL_282150|Human|H7N9|2017.082|Asia|,2017.082,-596.5,44.2095992954645,2271,2271,50.0660501981506,41.2813738441215
EPI_ISL_282158|Human|H7N9|2017.093|Asia|,2017.093,-595.3,44.0774988991634,2271,2271,49.669749009247,41.2813738441215
EPI_ISL_282157|Human|H7N9|2017.068|Asia|,2017.068,-596.5,44.2095992954645,2271,2271,50.0660501981506,41.2813738441215
EPI_ISL_282156|Human|H7N9|2017.099|Asia|,2017.099,-590.4,44.2095992954645,2271,2271,50.0660501981506,41.2813738441215
EPI_ISL_282155|Human|H7N9|2017.099|Asia|,2017.099,-598.6,44.1655658300308,2271,2271,50.0660501981506,41.2153236459709
EPI_ISL_282154|Human|H7N9|2017.093|Asia|,2017.093,-596.5,44.2536327608983,2271,2271,50.1981505944518,41.2813738441215
EPI_ISL_282153|Human|H7N9|2017.093|Asia|,2017.093,-598.2,44.1215323645971,2271,2271,49.9339498018494,41.2153236459709
EPI_ISL_282152|Human|H7N9|2017.09|Asia|,2017.09,-592,44.2536327608983,2271,2271,50.1981505944518,41.2813738441215
EPI_ISL_282170|Human|H7N9|2017.063|Asia|,2017.063,-596.5,44.2095992954645,2271,2271,50.0660501981506,41.2813738441215
EPI_ISL_282169|Human|H7N9|2016.197|Asia|,2016.197,-584.2,43.9453985028622,2271,2271,48.7450462351387,41.5455746367239
EPI_ISL_285024|Human|H7N9|2017.219|Asia|,2017.219,-594.2,43.9894319682959,2271,2271,48.8771466314399,41.5455746367239
EPI_ISL_285023|Human|H7N9|2017.195|Asia|,2017.195,-596.5,44.1655658300308,2271,2271,49.8018494055482,41.3474240422721
EPI_ISL_285022|Human|H7N9|2017.427|Asia|,2017.427,-598.8,44.4297666226332,2271,2271,50.4623513870542,41.4134742404227
EPI_ISL_285021|Human|H7N9|2017.367|Asia|,2017.367,-587.7,44.2290748898678,2270,2271,49.7354497354497,41.4795244385733
EPI_ISL_285020|Human|H7N9|2017.419|Asia|,2017.419,-612.9,44.4297666226332,2271,2271,50.1981505944518,41.5455746367239
EPI_ISL_285019|Human|H7N9|2017.312|Asia|,2017.312,-587,43.8766519823789,2270,2271,48.0845442536328,41.7713152676801
EPI_ISL_285018|Human|H7N9|2017.17|Asia|,2017.17,-596.9,44.1215323645971,2271,2271,49.8018494055482,41.2813738441215
EPI_ISL_285017|Human|H7N9|2017.329|Asia|,2017.329,-582.8,43.7885462555066,2270,2271,47.8835978835979,41.7437252311757
EPI_ISL_284992|Human|H7N9|2016.437|Asia|,2016.437,-603.3,44.3857331571995,2271,2271,50.5944517833554,41.2813738441215
EPI_ISL_284990|Human|H7N9|2017.044|Asia|,2017.044,-591.6,43.6371642448261,2271,2271,48.2166446499339,41.3474240422721
EPI_ISL_284989|Human|H7N9|2017.025|Asia|,2017.025,-593.1,43.9013650374284,2271,2271,48.6129458388375,41.5455746367239
EPI_ISL_284988|Human|H7N9|2017.397|Asia|,2017.397,-588.7,44.3612334801762,2270,2271,50.5291005291005,41.2813738441215
EPI_ISL_284987|Human|H7N9|2017.411|Asia|,2017.411,-596.5,43.8573315719947,2271,2271,48.0845442536328,41.7437252311757
EPI_ISL_284986|Human|H7N9|2017.164|Asia|,2017.164,-599,44.0334654337296,2271,2271,49.1413474240423,41.4795244385733
EPI_ISL_284985|Human|H7N9|2017.159|Asia|,2017.159,-599,44.0334654337296,2271,2271,49.1413474240423,41.4795244385733
EPI_ISL_284984|Human|H7N9|2017.159|Asia|,2017.159,-591.9,44.3857331571995,2271,2271,50.5944517833554,41.2813738441215
EPI_ISL_284983|Human|H7N9|2016.175|Asia|,2016.175,-597.8,44.297666226332,2271,2271,50.1981505944518,41.3474240422721
EPI_ISL_284981|Human|H7N9|2016.23|Asia|,2016.23,-591.3,43.9894319682959,2271,2271,49.0092470277411,41.4795244385733
EPI_ISL_284979|Human|H7N9|2017.137|Asia|,2017.137,-586.8,43.5931307793923,2271,2271,47.6882430647292,41.5455746367239
EPI_ISL_284978|Human|H7N9|2017.036|Asia|,2017.036,-585.8,43.5874834728955,2269,2271,47.6882430647292,41.5343915343915
EPI_ISL_285016|Human|H7N9|2016.566|Asia|,2016.566,-587.4,43.813298106561,2271,2271,49.0092470277411,41.2153236459709
EPI_ISL_285015|Human|H7N9|2016.454|Asia|,2016.454,-596.2,44.3416996917657,2271,2271,50.0660501981506,41.4795244385733
EPI_ISL_285014|Human|H7N9|2016.399|Asia|,2016.399,-600.6,43.9013650374284,2271,2271,48.2166446499339,41.7437252311757
EPI_ISL_285013|Human|H7N9|2017.455|Asia|,2017.455,-593.7,44.4738000880669,2271,2271,50.7265521796565,41.3474240422721
EPI_ISL_285012|Human|H7N9|2017.353|Asia|,2017.353,-592.4,44.4738000880669,2271,2271,50.7265521796565,41.3474240422721
EPI_ISL_285011|Human|H7N9|2017.43|Asia|,2017.43,-599.6,43.8573315719947,2271,2271,48.2166446499339,41.6776750330251
EPI_ISL_285010|Human|H7N9|2017.43|Asia|,2017.43,-588.7,44.3416996917657,2271,2271,50.5944517833554,41.2153236459709
EPI_ISL_285009|Human|H7N9|2017.425|Asia|,2017.425,-595.1,44.4738000880669,2271,2271,50.9907529722589,41.2153236459709
EPI_ISL_285008|Human|H7N9|2017.403|Asia|,2017.403,-596.7,44.0334654337296,2271,2271,49.669749009247,41.2153236459709
EPI_ISL_285007|Human|H7N9|2017.403|Asia|,2017.403,-596.7,44.0334654337296,2271,2271,49.669749009247,41.2153236459709
EPI_ISL_285006|Human|H7N9|2017.375|Asia|,2017.375,-599.6,43.8573315719947,2271,2271,48.2166446499339,41.6776750330251
EPI_ISL_285005|Human|H7N9|2017.351|Asia|,2017.351,-599.6,43.8573315719947,2271,2271,48.2166446499339,41.6776750330251
EPI_ISL_285004|Human|H7N9|2017.34|Asia|,2017.34,-596.4,43.9894319682959,2271,2271,49.5376486129458,41.2153236459709
EPI_ISL_285003|Human|H7N9|2017.307|Asia|,2017.307,-590.5,43.920704845815,2270,2271,49.6031746031746,41.0832232496698
EPI_ISL_285002|Human|H7N9|2017.307|Asia|,2017.307,-597,43.9894319682959,2271,2271,49.669749009247,41.1492734478203
EPI_ISL_285001|Human|H7N9|2017.29|Asia|,2017.29,-590.7,44.3857331571995,2271,2271,50.5944517833554,41.2813738441215
EPI_ISL_285000|Human|H7N9|2017.296|Asia|,2017.296,-598.4,44.2095992954645,2271,2271,50.0660501981506,41.2813738441215
EPI_ISL_284999|Human|H7N9|2017.279|Asia|,2017.279,-590.2,44.3857331571995,2271,2271,50.5944517833554,41.2813738441215
EPI_ISL_284998|Human|H7N9|2017.282|Asia|,2017.282,-588.9,44.3612334801762,2270,2271,50.5944517833554,41.2425644415069
EPI_ISL_284997|Human|H7N9|2017.285|Asia|,2017.285,-590.7,44.4052863436123,2270,2271,50.5944517833554,41.3086582947786
EPI_ISL_284996|Human|H7N9|2017.26|Asia|,2017.26,-600.3,43.813298106561,2271,2271,48.0845442536328,41.6776750330251
EPI_ISL_284995|Human|H7N9|2017.258|Asia|,2017.258,-594.1,44.0088105726872,2270,2271,49.5376486129458,41.2425644415069
EPI_ISL_284994|Human|H7N9|2017.244|Asia|,2017.244,-588.7,43.5931307793923,2271,2271,47.556142668428,41.6116248348745
EPI_ISL_284993|Human|H7N9|2017.121|Asia|,2017.121,-592.2,43.9453985028622,2271,2271,49.2734478203435,41.2813738441215
EPI_ISL_285136|Human|H7N9|2017.049|Asia|,2017.049,-599.1,43.6371642448261,2271,2271,48.0845442536328,41.4134742404227
EPI_ISL_285135|Human|H7N9|2017.033|Asia|,2017.033,-600.6,43.813298106561,2271,2271,48.4808454425363,41.4795244385733
EPI_ISL_285134|Human|H7N9|2017.162|Asia|,2017.162,-583.4,43.8464931627702,2267,2271,48.6092715231788,41.468253968254
EPI_ISL_285133|Human|H7N9|2017.151|Asia|,2017.151,-589.3,44.2536327608983,2271,2271,49.9339498018494,41.4134742404227
EPI_ISL_285132|Human|H7N9|2017.107|Asia|,2017.107,-599.2,44.4738000880669,2271,2271,50.1981505944518,41.6116248348745
EPI_ISL_285131|Human|H7N9|2017.101|Asia|,2017.101,-587.3,43.7692646411273,2271,2271,48.3487450462351,41.4795244385733
EPI_ISL_285130|Human|H7N9|2016.995|Asia|,2016.995,-593.4,44.4738000880669,2271,2271,50.4623513870542,41.4795244385733
EPI_ISL_285129|Human|H7N9|2017.101|Asia|,2017.101,-595.8,43.9894319682959,2271,2271,48.6129458388375,41.6776750330251
EPI_ISL_285128|Human|H7N9|2017.06|Asia|,2017.06,-595.4,44.5814977973568,2270,2271,50.5291005291005,41.6116248348745
EPI_ISL_285127|Human|H7N9|2017.058|Asia|,2017.058,-597.5,44.2095992954645,2271,2271,49.8018494055482,41.4134742404227
EPI_ISL_285126|Human|H7N9|2017.03|Asia|,2017.03,-585.7,43.8573315719947,2271,2271,48.6129458388375,41.4795244385733
EPI_ISL_285125|Human|H7N9|2017.041|Asia|,2017.041,-596.8,44.5374449339207,2270,2271,50.9259259259259,41.3474240422721
EPI_ISL_285124|Human|H7N9|2017.014|Asia|,2017.014,-594.9,44.4297666226332,2271,2271,50.1981505944518,41.5455746367239
EPI_ISL_285123|Human|H7N9|2016.989|Asia|,2016.989,-597,44.1655658300308,2271,2271,48.8771466314399,41.8097754293263
EPI_ISL_285122|Human|H7N9|2016.995|Asia|,2016.995,-594.3,44.4933920704846,2270,2271,50.4623513870542,41.5069398545935
EPI_ISL_285121|Human|H7N9|2016.995|Asia|,2016.995,-584.5,44.3612334801762,2270,2271,50.1981505944518,41.4408460013219
EPI_ISL_285180|Human|H7N9|2016.199|Asia|,2016.199,-586.6,43.9453985028622,2271,2271,48.7450462351387,41.5455746367239
EPI_ISL_285115|Human|H7N9|2017.055|Asia|,2017.055,-607.9,44.273127753304,2270,2271,50.1981505944518,41.3086582947786
EPI_ISL_285114|Human|H7N9|2016.495|Asia|,2016.495,-588.2,44.1655658300308,2271,2271,49.669749009247,41.4134742404227
EPI_ISL_285112|Human|H7N9|2016.202|Asia|,2016.202,-586.6,43.9013650374284,2271,2271,48.7450462351387,41.4795244385733
EPI_ISL_285111|Human|H7N9|2017.356|Asia|,2017.356,-596.2,44.0334654337296,2271,2271,48.8771466314399,41.6116248348745
EPI_ISL_285109|Human|H7N9|2017.096|Asia|,2017.096,-603.6,44.3416996917657,2271,2271,50.330250990753,41.3474240422721
EPI_ISL_285107|Human|H7N9|2016.986|Asia|,2016.986,-589.5,44.2095992954645,2271,2271,49.669749009247,41.4795244385733
EPI_ISL_285140|Human|H7N9|2017.197|Asia|,2017.197,-596.2,44.2536327608983,2271,2271,50.0660501981506,41.3474240422721
EPI_ISL_285139|Human|H7N9|2017.192|Asia|,2017.192,-598.7,44.2095992954645,2271,2271,50.0660501981506,41.2813738441215
EPI_ISL_285138|Human|H7N9|2017.192|Asia|,2017.192,-598.7,44.2095992954645,2271,2271,50.0660501981506,41.2813738441215
EPI_ISL_285137|Human|H7N9|2017.175|Asia|,2017.175,-602.1,44.2095992954645,2271,2271,49.5376486129458,41.5455746367239
EPI_ISL_285189|Human|H7N9|2017.022|Asia|,2017.022,-590,43.9894319682959,2271,2271,49.5376486129458,41.2153236459709
EPI_ISL_285188|Human|H7N9|2017.041|Asia|,2017.041,-594.9,44.0774988991634,2271,2271,49.669749009247,41.2813738441215
EPI_ISL_285187|Human|H7N9|2017.038|Asia|,2017.038,-594.1,44.2095992954645,2271,2271,50.0660501981506,41.2813738441215
EPI_ISL_285186|Human|H7N9|2017.033|Asia|,2017.033,-601.4,44.3416996917657,2271,2271,50.5944517833554,41.2153236459709
EPI_ISL_285185|Human|H7N9|2017.033|Asia|,2017.033,-601.4,44.3416996917657,2271,2271,50.5944517833554,41.2153236459709
EPI_ISL_285179|Human|H7N9|2017.427|Asia|,2017.427,-597.54,43.8519171441164,2269,2271,48.6772486772487,41.4408460013219
EPI_ISL_285178|Human|H7N9|2017.425|Asia|,2017.425,-587,43.813298106561,2271,2271,48.3487450462351,41.5455746367239
EPI_ISL_285177|Human|H7N9|2017.353|Asia|,2017.353,-598.9,44.2095992954645,2271,2271,50.0660501981506,41.2813738441215
EPI_ISL_285176|Human|H7N9|2017.332|Asia|,2017.332,-597.3,44.0774988991634,2271,2271,49.8018494055482,41.2153236459709
EPI_ISL_285175|Human|H7N9|2017.274|Asia|,2017.274,-597.3,44.0774988991634,2271,2271,49.8018494055482,41.2153236459709
EPI_ISL_285174|Human|H7N9|2017.266|Asia|,2017.266,-594.8,44.1215323645971,2271,2271,49.9339498018494,41.2153236459709
EPI_ISL_285173|Human|H7N9|2017.208|Asia|,2017.208,-589.5,43.813298106561,2271,2271,48.4808454425363,41.4795244385733
EPI_ISL_285172|Human|H7N9|2017.186|Asia|,2017.186,-595.1,44.0334654337296,2271,2271,49.8018494055482,41.1492734478203
EPI_ISL_285171|Human|H7N9|2017.195|Asia|,2017.195,-589.9,43.9013650374284,2271,2271,48.7450462351387,41.4795244385733
EPI_ISL_285170|Human|H7N9|2017.178|Asia|,2017.178,-589.9,43.9013650374284,2271,2271,48.7450462351387,41.4795244385733
EPI_ISL_285169|Human|H7N9|2017.162|Asia|,2017.162,-595.4,44.4052863436123,2270,2271,50.4623513870542,41.3747521480502
EPI_ISL_285168|Human|H7N9|2016.571|Asia|,2016.571,-587.4,43.7692646411273,2271,2271,49.0092470277411,41.1492734478203
EPI_ISL_285167|Human|H7N9|2016.568|Asia|,2016.568,-587.4,43.813298106561,2271,2271,49.0092470277411,41.2153236459709
EPI_ISL_285166|Human|H7N9|2016.372|Asia|,2016.372,-597.6,44.297666226332,2271,2271,50.330250990753,41.2813738441215
EPI_ISL_285165|Human|H7N9|2017.4|Asia|,2017.4,-590.1,44.3416996917657,2271,2271,50.7265521796565,41.1492734478203
EPI_ISL_285164|Human|H7N9|2017.392|Asia|,2017.392,-587.1,44.4297666226332,2271,2271,50.5944517833554,41.3474240422721
EPI_ISL_285163|Human|H7N9|2017.367|Asia|,2017.367,-591.9,44.3416996917657,2271,2271,50.4623513870542,41.2813738441215
EPI_ISL_285162|Human|H7N9|2017.348|Asia|,2017.348,-601.5,43.8325991189427,2270,2271,49.2734478203435,41.1103767349637
EPI_ISL_285161|Human|H7N9|2017.345|Asia|,2017.345,-590.3,44.4297666226332,2271,2271,50.7265521796565,41.2813738441215
EPI_ISL_285160|Human|H7N9|2017.342|Asia|,2017.342,-589.7,44.3857331571995,2271,2271,50.5944517833554,41.2813738441215
EPI_ISL_285159|Human|H7N9|2017.337|Asia|,2017.337,-588.6,44.3416996917657,2271,2271,50.4623513870542,41.2813738441215
EPI_ISL_285158|Human|H7N9|2017.34|Asia|,2017.34,-590.7,44.4297666226332,2271,2271,50.5944517833554,41.3474240422721
EPI_ISL_285157|Human|H7N9|2017.323|Asia|,2017.323,-596.4,43.9894319682959,2271,2271,49.5376486129458,41.2153236459709
EPI_ISL_285156|Human|H7N9|2017.326|Asia|,2017.326,-589.7,44.3612334801762,2270,2271,50.5291005291005,41.2813738441215
EPI_ISL_285155|Human|H7N9|2017.323|Asia|,2017.323,-592.5,44.2095992954645,2271,2271,49.9339498018494,41.3474240422721
EPI_ISL_285154|Human|H7N9|2017.318|Asia|,2017.318,-596.4,43.9894319682959,2271,2271,49.5376486129458,41.2153236459709
EPI_ISL_285153|Human|H7N9|2017.304|Asia|,2017.304,-597,43.9894319682959,2271,2271,49.669749009247,41.1492734478203
EPI_ISL_285152|Human|H7N9|2017.279|Asia|,2017.279,-590,43.8573315719947,2271,2271,48.6129458388375,41.4795244385733
EPI_ISL_285151|Human|H7N9|2017.282|Asia|,2017.282,-596.9,44.1655658300308,2271,2271,49.9339498018494,41.2813738441215
EPI_ISL_285150|Human|H7N9|2017.285|Asia|,2017.285,-596.4,43.9894319682959,2271,2271,49.5376486129458,41.2153236459709
EPI_ISL_285149|Human|H7N9|2017.162|Asia|,2017.162,-596.9,44.1215323645971,2271,2271,49.8018494055482,41.2813738441215
EPI_ISL_285148|Human|H7N9|2017.142|Asia|,2017.142,-603.5,44.3416996917657,2271,2271,50.330250990753,41.3474240422721
EPI_ISL_285147|Human|H7N9|2017.186|Asia|,2017.186,-596.2,44.2536327608983,2271,2271,50.0660501981506,41.3474240422721
EPI_ISL_285146|Human|H7N9|2017.216|Asia|,2017.216,-598.5,44.297666226332,2271,2271,50.0660501981506,41.4134742404227
EPI_ISL_285145|Human|H7N9|2017.227|Asia|,2017.227,-598.5,44.297666226332,2271,2271,50.0660501981506,41.4134742404227
EPI_ISL_285144|Human|H7N9|2017.227|Asia|,2017.227,-598.5,44.297666226332,2271,2271,50.0660501981506,41.4134742404227
EPI_ISL_285143|Human|H7N9|2017.178|Asia|,2017.178,-596.9,44.1215323645971,2271,2271,49.8018494055482,41.2813738441215
EPI_ISL_285142|Human|H7N9|2017.016|Asia|,2017.016,-603.5,44.3416996917657,2271,2271,50.330250990753,41.3474240422721
EPI_ISL_285141|Human|H7N9|2017.025|Asia|,2017.025,-597.3,44.273127753304,2270,2271,50.2645502645503,41.2813738441215
EPI_ISL_285117|Human|H7N9|2017.301|Asia|,2017.301,-591.4,44.1215323645971,2271,2271,49.8018494055482,41.2813738441215
EPI_ISL_285116|Human|H7N9|2017.252|Asia|,2017.252,-597.1,44.1215323645971,2271,2271,49.8018494055482,41.2813738441215
EPI_ISL_285376|Human|H7N9|2016.992|Asia|,2016.992,-589.4,44.0334654337296,2271,2271,49.5376486129458,41.2813738441215
EPI_ISL_285230|Human|H7N9|2016.992|Asia|,2016.992,-598.2,44.0774988991634,2271,2271,49.669749009247,41.2813738441215
EPI_ISL_285229|Human|H7N9|2016.978|Asia|,2016.978,-589.9,44.0334654337296,2271,2271,49.5376486129458,41.2813738441215
EPI_ISL_285228|Human|H7N9|2016.954|Asia|,2016.954,-601.3,44.0528634361233,2270,2271,49.3386243386243,41.4134742404227
EPI_ISL_285227|Human|H7N9|2016.956|Asia|,2016.956,-602,44.3416996917657,2271,2271,50.330250990753,41.3474240422721
EPI_ISL_285225|Human|H7N9|2017.11|Asia|,2017.11,-598.8,44.3857331571995,2271,2271,50.330250990753,41.4134742404227
EPI_ISL_285224|Human|H7N9|2017.047|Asia|,2017.047,-599.2,44.3171806167401,2270,2271,50,41.4795244385733
EPI_ISL_285223|Human|H7N9|2017.26|Asia|,2017.26,-590.7,44.3857331571995,2271,2271,50.7265521796565,41.2153236459709
EPI_ISL_285222|Human|H7N9|2017.082|Asia|,2017.082,-581.6,43.9013650374284,2271,2271,48.0845442536328,41.8097754293263
EPI_ISL_285221|Human|H7N9|2017.219|Asia|,2017.219,-589.6,44.4297666226332,2271,2271,50.7265521796565,41.2813738441215
EPI_ISL_285220|Human|H7N9|2017.153|Asia|,2017.153,-603.1,44.5178335535007,2271,2271,50.7265521796565,41.4134742404227
EPI_ISL_285326|Human|H7N9|2017.011|Asia|,2017.011,-603.6,44.3416996917657,2271,2271,50.1981505944518,41.4134742404227
EPI_ISL_285325|Human|H7N9|2017.063|Asia|,2017.063,-604,44.297666226332,2271,2271,50.330250990753,41.2813738441215
EPI_ISL_285324|Human|H7N9|2017.093|Asia|,2017.093,-602.5,44.3857331571995,2271,2271,50.4623513870542,41.3474240422721
EPI_ISL_285323|Human|H7N9|2017.093|Asia|,2017.093,-604.2,44.3857331571995,2271,2271,50.330250990753,41.4134742404227
EPI_ISL_285322|Human|H7N9|2017.099|Asia|,2017.099,-591,44.0774988991634,2271,2271,49.8018494055482,41.2153236459709
EPI_ISL_285321|Human|H7N9|2017.099|Asia|,2017.099,-594.7,44.2536327608983,2271,2271,50.330250990753,41.2153236459709
EPI_ISL_285320|Human|H7N9|2017.099|Asia|,2017.099,-606.5,44.4297666226332,2271,2271,50.4623513870542,41.4134742404227
EPI_ISL_285319|Human|H7N9|2017.041|Asia|,2017.041,-603.4,44.297666226332,2271,2271,50.1981505944518,41.3474240422721
EPI_ISL_285318|Human|H7N9|2017.019|Asia|,2017.019,-603.1,44.3416996917657,2271,2271,50.330250990753,41.3474240422721
EPI_ISL_285317|Human|H7N9|2017.033|Asia|,2017.033,-594.6,44.1215323645971,2271,2271,49.669749009247,41.3474240422721
EPI_ISL_285316|Human|H7N9|2017.033|Asia|,2017.033,-597.1,44.1655658300308,2271,2271,49.8018494055482,41.3474240422721
EPI_ISL_285315|Human|H7N9|2017.047|Asia|,2017.047,-598.7,43.9453985028622,2271,2271,49.2734478203435,41.2813738441215
EPI_ISL_285314|Human|H7N9|2017.019|Asia|,2017.019,-600.1,44.4052863436123,2270,2271,50.7265521796565,41.2425644415069
EPI_ISL_285313|Human|H7N9|2017.011|Asia|,2017.011,-594.1,44.1215323645971,2271,2271,49.8018494055482,41.2813738441215
EPI_ISL_285312|Human|H7N9|2017.033|Asia|,2017.033,-603.5,44.3612334801762,2270,2271,50.3968253968254,41.3474240422721
EPI_ISL_285311|Human|H7N9|2017.019|Asia|,2017.019,-602.8,44.3416996917657,2271,2271,50.5944517833554,41.2153236459709
EPI_ISL_285310|Human|H7N9|2017.008|Asia|,2017.008,-597.7,44.2536327608983,2271,2271,49.9339498018494,41.4134742404227
EPI_ISL_285309|Human|H7N9|2016.18|Asia|,2016.18,-619,43.9453985028622,2271,2271,48.6129458388375,41.6116248348745
EPI_ISL_285308|Human|H7N9|2017.488|Asia|,2017.488,-609.3,44.0334654337296,2271,2271,49.1413474240423,41.4795244385733
EPI_ISL_285307|Human|H7N9|2017.479|Asia|,2017.479,-604.8,43.9453985028622,2271,2271,48.8771466314399,41.4795244385733
EPI_ISL_285306|Human|H7N9|2017.447|Asia|,2017.447,-602.7,43.9013650374284,2271,2271,48.8771466314399,41.4134742404227
EPI_ISL_285305|Human|H7N9|2017.101|Asia|,2017.101,-603.4,44.297666226332,2271,2271,50.1981505944518,41.3474240422721
EPI_ISL_285304|Human|H7N9|2016.445|Asia|,2016.445,-589.6,43.813298106561,2271,2271,48.6129458388375,41.4134742404227
EPI_ISL_285303|Human|H7N9|2017.466|Asia|,2017.466,-589.8,44.3416996917657,2271,2271,50.7265521796565,41.1492734478203
EPI_ISL_285302|Human|H7N9|2017.279|Asia|,2017.279,-596.5,43.9894319682959,2271,2271,49.669749009247,41.1492734478203
EPI_ISL_285301|Human|H7N9|2017.279|Asia|,2017.279,-596.5,43.9894319682959,2271,2271,49.669749009247,41.1492734478203
EPI_ISL_285300|Human|H7N9|2017.411|Asia|,2017.411,-590,43.9013650374284,2271,2271,48.8771466314399,41.4134742404227
EPI_ISL_285299|Human|H7N9|2017.458|Asia|,2017.458,-597.94,43.5490973139586,2271,2271,47.4240422721268,41.6116248348745
EPI_ISL_285298|Human|H7N9|2017.455|Asia|,2017.455,-598.34,43.5931307793923,2271,2271,47.4240422721268,41.6776750330251
EPI_ISL_285297|Human|H7N9|2017.386|Asia|,2017.386,-603.8,43.813298106561,2271,2271,49.2734478203435,41.0832232496698
EPI_ISL_285296|Human|H7N9|2017.392|Asia|,2017.392,-592,44.2095992954645,2271,2271,50.0660501981506,41.2813738441215
EPI_ISL_285295|Human|H7N9|2017.367|Asia|,2017.367,-590.7,43.813298106561,2271,2271,48.0845442536328,41.6776750330251
EPI_ISL_285294|Human|H7N9|2017.378|Asia|,2017.378,-597.2,44.0969162995595,2270,2271,49.0740740740741,41.6116248348745
EPI_ISL_285293|Human|H7N9|2017.345|Asia|,2017.345,-597.3,44.5178335535007,2271,2271,50.7265521796565,41.4134742404227
EPI_ISL_285292|Human|H7N9|2017.342|Asia|,2017.342,-596.2,44.4297666226332,2271,2271,50.4623513870542,41.4134742404227
EPI_ISL_285291|Human|H7N9|2017.337|Asia|,2017.337,-598.5,44.5374449339207,2270,2271,50.6613756613757,41.4795244385733
EPI_ISL_285290|Human|H7N9|2017.326|Asia|,2017.326,-597.2,44.4738000880669,2271,2271,50.5944517833554,41.4134742404227
EPI_ISL_285289|Human|H7N9|2017.304|Asia|,2017.304,-596.2,44.5178335535007,2271,2271,50.5944517833554,41.4795244385733
EPI_ISL_285288|Human|H7N9|2017.263|Asia|,2017.263,-598.9,44.2290748898678,2270,2271,50.0660501981506,41.3086582947786
EPI_ISL_285287|Human|H7N9|2017.296|Asia|,2017.296,-596.2,44.4738000880669,2271,2271,50.5944517833554,41.4134742404227
EPI_ISL_285286|Human|H7N9|2017.329|Asia|,2017.329,-594.1,44.4933920704846,2270,2271,50.6613756613757,41.4134742404227
EPI_ISL_285285|Human|H7N9|2017.326|Asia|,2017.326,-597.2,44.4933920704846,2270,2271,50.3968253968254,41.5455746367239
EPI_ISL_285284|Human|H7N9|2017.315|Asia|,2017.315,-596.3,44.5178335535007,2271,2271,50.7265521796565,41.4134742404227
EPI_ISL_285283|Human|H7N9|2017.301|Asia|,2017.301,-600.1,44.4297666226332,2271,2271,50.5944517833554,41.3474240422721
EPI_ISL_285282|Human|H7N9|2017.296|Asia|,2017.296,-598.6,44.4738000880669,2271,2271,50.4623513870542,41.4795244385733
EPI_ISL_285281|Human|H7N9|2017.279|Asia|,2017.279,-593.6,44.3416996917657,2271,2271,50.1981505944518,41.4134742404227
EPI_ISL_285280|Human|H7N9|2017.318|Asia|,2017.318,-589.8,43.8573315719947,2271,2271,47.9524438573316,41.8097754293263
EPI_ISL_285279|Human|H7N9|2017.263|Asia|,2017.263,-594.4,44.4738000880669,2271,2271,50.5944517833554,41.4134742404227
EPI_ISL_285278|Human|H7N9|2017.175|Asia|,2017.175,-596.9,44.4933920704846,2270,2271,50.7936507936508,41.3474240422721
EPI_ISL_285277|Human|H7N9|2017.112|Asia|,2017.112,-599.2,44.1655658300308,2271,2271,49.9339498018494,41.2813738441215
EPI_ISL_285276|Human|H7N9|2017.107|Asia|,2017.107,-593,44.4297666226332,2271,2271,50.4623513870542,41.4134742404227
EPI_ISL_285275|Human|H7N9|2017.101|Asia|,2017.101,-597,44.1655658300308,2271,2271,49.9339498018494,41.2813738441215
EPI_ISL_285274|Human|H7N9|2017.066|Asia|,2017.066,-599.3,44.2095992954645,2271,2271,49.9339498018494,41.3474240422721
EPI_ISL_285273|Human|H7N9|2017.09|Asia|,2017.09,-598.3,44.5178335535007,2271,2271,50.7265521796565,41.4134742404227
EPI_ISL_285272|Human|H7N9|2017.063|Asia|,2017.063,-591.6,43.5931307793923,2271,2271,47.556142668428,41.6116248348745
EPI_ISL_285271|Human|H7N9|2017.364|Asia|,2017.364,-584.5,43.8573315719947,2271,2271,49.1413474240423,41.2153236459709
EPI_ISL_285270|Human|H7N9|2017.364|Asia|,2017.364,-593,44.0334654337296,2271,2271,49.4055482166447,41.3474240422721
EPI_ISL_285269|Human|H7N9|2017.364|Asia|,2017.364,-584.1,43.8766519823789,2270,2271,49.2063492063492,41.2153236459709
EPI_ISL_285264|Human|H7N9|2017.016|Asia|,2017.016,-596.3,44.2095992954645,2271,2271,50.0660501981506,41.2813738441215
EPI_ISL_285263|Human|H7N9|2017.148|Asia|,2017.148,-595.1,44.0334654337296,2271,2271,49.5376486129458,41.2813738441215
EPI_ISL_285262|Human|H7N9|2017.427|Asia|,2017.427,-587.4,43.7692646411273,2271,2271,48.3487450462351,41.4795244385733
EPI_ISL_285261|Human|H7N9|2017.362|Asia|,2017.362,-587.1,43.8573315719947,2271,2271,48.0845442536328,41.7437252311757
EPI_ISL_285260|Human|H7N9|2017.34|Asia|,2017.34,-590.9,43.9453985028622,2271,2271,48.8771466314399,41.4795244385733
EPI_ISL_285259|Human|H7N9|2017.332|Asia|,2017.332,-587.1,43.8573315719947,2271,2271,48.0845442536328,41.7437252311757
EPI_ISL_285255|Human|H7N9|2016.448|Asia|,2016.448,-585.5,43.7692646411273,2271,2271,48.4808454425363,41.4134742404227
EPI_ISL_285254|Human|H7N9|2017.296|Asia|,2017.296,-589.7,44.4297666226332,2271,2271,50.7265521796565,41.2813738441215
EPI_ISL_285253|Human|H7N9|2017.071|Asia|,2017.071,-597.7,44.297666226332,2271,2271,49.4055482166447,41.7437252311757
EPI_ISL_285252|Human|H7N9|2017.071|Asia|,2017.071,-589.4,43.9894319682959,2271,2271,49.4055482166447,41.2813738441215
EPI_ISL_285251|Human|H7N9|2017.071|Asia|,2017.071,-597.7,44.297666226332,2271,2271,49.4055482166447,41.7437252311757
EPI_ISL_285250|Human|H7N9|2017.299|Asia|,2017.299,-590.6,43.9453985028622,2271,2271,49.669749009247,41.0832232496698
EPI_ISL_285249|Human|H7N9|2017.093|Asia|,2017.093,-599.7,44.1850220264317,2270,2271,49.7354497354497,41.4134742404227
EPI_ISL_285248|Human|H7N9|2017.088|Asia|,2017.088,-590.3,43.9013650374284,2271,2271,49.4055482166447,41.1492734478203
EPI_ISL_285247|Human|H7N9|2017.085|Asia|,2017.085,-581.4,43.5931307793923,2271,2271,48.4808454425363,41.1492734478203
EPI_ISL_285246|Human|H7N9|2017.071|Asia|,2017.071,-594.1,44.1655658300308,2271,2271,50.0660501981506,41.2153236459709
EPI_ISL_285245|Human|H7N9|2017.063|Asia|,2017.063,-599.4,44.4738000880669,2271,2271,50.330250990753,41.5455746367239
EPI_ISL_285244|Human|H7N9|2017.063|Asia|,2017.063,-598.6,44.3612334801762,2270,2271,50.3968253968254,41.3474240422721
EPI_ISL_285243|Human|H7N9|2017.06|Asia|,2017.06,-594.4,44.5374449339207,2270,2271,50.8586525759577,41.3747521480502
EPI_ISL_285242|Human|H7N9|2017.058|Asia|,2017.058,-583.8,43.7252311756935,2271,2271,48.7450462351387,41.2153236459709
EPI_ISL_285241|Human|H7N9|2017.052|Asia|,2017.052,-597.5,44.1409691629956,2270,2271,49.669749009247,41.3747521480502
EPI_ISL_285240|Human|H7N9|2017.049|Asia|,2017.049,-605.7,44.297666226332,2271,2271,50.330250990753,41.2813738441215
EPI_ISL_285239|Human|H7N9|2017.036|Asia|,2017.036,-593.4,43.7885462555066,2270,2271,48.4126984126984,41.4795244385733
EPI_ISL_285238|Human|H7N9|2017.025|Asia|,2017.025,-596.9,44.5178335535007,2271,2271,50.7265521796565,41.4134742404227
EPI_ISL_285237|Human|H7N9|2017.016|Asia|,2017.016,-597,44.1215323645971,2271,2271,49.9339498018494,41.2153236459709
EPI_ISL_285236|Human|H7N9|2017.025|Asia|,2017.025,-603.5,44.3416996917657,2271,2271,50.330250990753,41.3474240422721
EPI_ISL_285235|Human|H7N9|2017.025|Asia|,2017.025,-592.9,44.0774988991634,2271,2271,49.4055482166447,41.4134742404227
EPI_ISL_285234|Human|H7N9|2017.016|Asia|,2017.016,-592.2,44.1655658300308,2271,2271,49.9339498018494,41.2813738441215
EPI_ISL_285233|Human|H7N9|2017.011|Asia|,2017.011,-594,44.4297666226332,2271,2271,50.4623513870542,41.4134742404227
EPI_ISL_285232|Human|H7N9|2017.014|Asia|,2017.014,-595.5,44.2536327608983,2271,2271,50.0660501981506,41.3474240422721
EPI_ISL_285231|Human|H7N9|2017.005|Asia|,2017.005,-596.8,43.9013650374284,2271,2271,48.6129458388375,41.5455746367239
EPI_ISL_285219|Human|H7N9|2017.279|Asia|,2017.279,-591.8,43.7692646411273,2271,2271,48.4808454425363,41.4134742404227
EPI_ISL_285218|Human|H7N9|2017.17|Asia|,2017.17,-600.3,44.6059004843681,2271,2271,50.8586525759577,41.4795244385733
EPI_ISL_285217|Human|H7N9|2017.216|Asia|,2017.216,-600.3,44.6059004843681,2271,2271,50.8586525759577,41.4795244385733
EPI_ISL_285216|Human|H7N9|2017.192|Asia|,2017.192,-596.9,44.1655658300308,2271,2271,49.9339498018494,41.2813738441215
EPI_ISL_285215|Human|H7N9|2017.205|Asia|,2017.205,-596.9,44.1655658300308,2271,2271,49.9339498018494,41.2813738441215
EPI_ISL_285214|Human|H7N9|2017.11|Asia|,2017.11,-589.3,43.9894319682959,2271,2271,49.5376486129458,41.2153236459709
EPI_ISL_285213|Human|H7N9|2017.06|Asia|,2017.06,-604.5,44.297666226332,2271,2271,50.1981505944518,41.3474240422721
EPI_ISL_285211|Human|H7N9|2017.066|Asia|,2017.066,-601.5,43.9453985028622,2271,2271,48.3487450462351,41.7437252311757
EPI_ISL_285208|Human|H7N9|2017.082|Asia|,2017.082,-597.9,44.5178335535007,2271,2271,50.5944517833554,41.4795244385733
EPI_ISL_285205|Human|H7N9|2017.093|Asia|,2017.093,-601.8,44.0528634361233,2270,2271,48.7450462351387,41.7052214144085
EPI_ISL_285203|Human|H7N9|2017.099|Asia|,2017.099,-595.9,44.4493392070485,2270,2271,50.5944517833554,41.3747521480502
EPI_ISL_285199|Human|H7N9|2017.047|Asia|,2017.047,-607.1,44.380784486558,2269,2271,49.4055482166447,41.8650793650794
EPI_ISL_285197|Human|H7N9|2017.058|Asia|,2017.058,-587,44.1655658300308,2271,2271,48.8771466314399,41.8097754293263
EPI_ISL_285194|Human|H7N9|2017.047|Asia|,2017.047,-594.9,43.9013650374284,2271,2271,49.0092470277411,41.3474240422721
EPI_ISL_285191|Human|H7N9|2017.041|Asia|,2017.041,-601.8,44.4052863436123,2270,2271,50.3968253968254,41.4134742404227
EPI_ISL_285268|Human|H7N9|2017.126|Asia|,2017.126,-604.1,44.4297666226332,2271,2271,50.5944517833554,41.3474240422721
EPI_ISL_285267|Human|H7N9|2017.003|Asia|,2017.003,-596.1,44.2095992954645,2271,2271,49.8018494055482,41.4134742404227
EPI_ISL_285266|Human|H7N9|2017.063|Asia|,2017.063,-597.2,44.0334654337296,2271,2271,49.4055482166447,41.3474240422721
EPI_ISL_285265|Human|H7N9|2017.014|Asia|,2017.014,-596.3,44.2095992954645,2271,2271,50.0660501981506,41.2813738441215
EPI_ISL_285258|Human|H7N9|2017.34|Asia|,2017.34,-598.9,44.1655658300308,2271,2271,49.9339498018494,41.2813738441215
EPI_ISL_285257|Human|H7N9|2016.323|Asia|,2016.323,-578.6,43.5931307793923,2271,2271,48.0845442536328,41.3474240422721
EPI_ISL_285563|Human|H7N9|2017|Asia|,2017,-594.8,44.297666226332,2271,2271,50.1981505944518,41.3474240422721
EPI_ISL_285562|Human|H7N9|2017.022|Asia|,2017.022,-592.6,44.0774988991634,2271,2271,49.8018494055482,41.2153236459709
EPI_ISL_285561|Human|H7N9|2016.948|Asia|,2016.948,-600.1,44.2536327608983,2271,2271,49.2734478203435,41.7437252311757
EPI_ISL_285560|Human|H7N9|2017.014|Asia|,2017.014,-600,44.1655658300308,2271,2271,49.0092470277411,41.7437252311757
EPI_ISL_285555|Human|H7N9|2016.989|Asia|,2016.989,-597.2,44.5178335535007,2271,2271,50.5944517833554,41.4795244385733
EPI_ISL_285554|Human|H7N9|2016.984|Asia|,2016.984,-598.9,44.5618670189344,2271,2271,50.5944517833554,41.5455746367239
EPI_ISL_285553|Human|H7N9|2016.986|Asia|,2016.986,-599.3,44.2095992954645,2271,2271,50.0660501981506,41.2813738441215
EPI_ISL_285552|Human|H7N9|2016.984|Asia|,2016.984,-599.3,44.5618670189344,2271,2271,50.7265521796565,41.4795244385733
EPI_ISL_285551|Human|H7N9|2016.964|Asia|,2016.964,-595.7,44.297666226332,2271,2271,50.1981505944518,41.3474240422721
EPI_ISL_285550|Human|H7N9|2016.967|Asia|,2016.967,-600.9,44.6059004843681,2271,2271,50.7265521796565,41.5455746367239
EPI_ISL_285549|Human|H7N9|2016.956|Asia|,2016.956,-598.6,44.6059004843681,2271,2271,50.9907529722589,41.4134742404227
EPI_ISL_285548|Human|H7N9|2017.03|Asia|,2017.03,-604.9,44.1655658300308,2271,2271,49.8018494055482,41.3474240422721
EPI_ISL_285547|Human|H7N9|2017.016|Asia|,2017.016,-592.1,44.0334654337296,2271,2271,49.669749009247,41.2153236459709
EPI_ISL_285414|Human|H7N9|2016.175|Asia|,2016.175,-583.24,43.813298106561,2271,2271,48.6129458388375,41.4134742404227
EPI_ISL_285410|Human|H7N9|2017.027|Asia|,2017.027,-594.6,44.3416996917657,2271,2271,49.1413474240423,41.9418758256275
EPI_ISL_285407|Human|H7N9|2016.995|Asia|,2016.995,-591.7,43.9453985028622,2271,2271,48.2166446499339,41.8097754293263
EPI_ISL_285406|Human|H7N9|2017.011|Asia|,2017.011,-587,44.1655658300308,2271,2271,48.8771466314399,41.8097754293263
EPI_ISL_285405|Human|H7N9|2016.975|Asia|,2016.975,-594.9,44.2536327608983,2271,2271,50.0660501981506,41.3474240422721
EPI_ISL_285404|Human|H7N9|2016.989|Asia|,2016.989,-586.7,44.0088105726872,2270,2271,48.4126984126984,41.8097754293263
EPI_ISL_285403|Human|H7N9|2016.964|Asia|,2016.964,-594.6,44.1655658300308,2271,2271,49.8018494055482,41.3474240422721
EPI_ISL_285402|Human|H7N9|2017.036|Asia|,2017.036,-600.7,44.2536327608983,2271,2271,50.0660501981506,41.3474240422721
EPI_ISL_285398|Human|H7N9|2016.978|Asia|,2016.978,-587.9,43.9894319682959,2271,2271,48.3487450462351,41.8097754293263
EPI_ISL_285394|Human|H7N9|2017.022|Asia|,2017.022,-596.5,44.2095992954645,2271,2271,49.9339498018494,41.3474240422721
EPI_ISL_285390|Human|H7N9|2017.014|Asia|,2017.014,-593.9,44.1655658300308,2271,2271,49.8018494055482,41.3474240422721
EPI_ISL_285386|Human|H7N9|2017.014|Asia|,2017.014,-598.3,44.1655658300308,2271,2271,49.8018494055482,41.3474240422721
EPI_ISL_285384|Human|H7N9|2017.008|Asia|,2017.008,-594.4,44.0774988991634,2271,2271,49.669749009247,41.2813738441215
EPI_ISL_285383|Human|H7N9|2017.008|Asia|,2017.008,-600.5,44.2095992954645,2271,2271,50.1981505944518,41.2153236459709
EPI_ISL_285382|Human|H7N9|2017.005|Asia|,2017.005,-592.7,44.1655658300308,2271,2271,49.9339498018494,41.2813738441215
EPI_ISL_285379|Human|H7N9|2016.997|Asia|,2016.997,-592.1,44.0334654337296,2271,2271,49.669749009247,41.2153236459709
EPI_ISL_285378|Human|H7N9|2016.997|Asia|,2016.997,-593.9,43.9453985028622,2271,2271,49.4055482166447,41.2153236459709
EPI_ISL_285377|Human|H7N9|2016.995|Asia|,2016.995,-592.7,44.2095992954645,2271,2271,49.8018494055482,41.4134742404227
EPI_ISL_285591|Human|H7N9|2017.093|Asia|,2017.093,-595.3,44.0774988991634,2271,2271,49.669749009247,41.2813738441215
EPI_ISL_285590|Human|H7N9|2017.068|Asia|,2017.068,-596.5,44.2095992954645,2271,2271,50.0660501981506,41.2813738441215
EPI_ISL_285589|Human|H7N9|2017.099|Asia|,2017.099,-590.4,44.2095992954645,2271,2271,50.0660501981506,41.2813738441215
EPI_ISL_285588|Human|H7N9|2017.099|Asia|,2017.099,-598.6,44.1655658300308,2271,2271,50.0660501981506,41.2153236459709
EPI_ISL_285587|Human|H7N9|2017.093|Asia|,2017.093,-596.5,44.2536327608983,2271,2271,50.1981505944518,41.2813738441215
EPI_ISL_285586|Human|H7N9|2017.093|Asia|,2017.093,-598.2,44.1215323645971,2271,2271,49.9339498018494,41.2153236459709
EPI_ISL_285585|Human|H7N9|2017.09|Asia|,2017.09,-592,44.2536327608983,2271,2271,50.1981505944518,41.2813738441215
EPI_ISL_285584|Human|H7N9|2017.101|Asia|,2017.101,-598.5,44.0774988991634,2271,2271,49.8018494055482,41.2153236459709
EPI_ISL_285583|Human|H7N9|2017.082|Asia|,2017.082,-596.5,44.2095992954645,2271,2271,50.0660501981506,41.2813738441215
EPI_ISL_285574|Human|H7N9|2017.159|Asia|,2017.159,-596.2,44.0334654337296,2271,2271,48.8771466314399,41.6116248348745
EPI_ISL_285573|Human|H7N9|2017.216|Asia|,2017.216,-594,44.1409691629956,2270,2271,49.8677248677249,41.2813738441215
EPI_ISL_285572|Human|H7N9|2017.211|Asia|,2017.211,-589.8,43.7692646411273,2271,2271,48.3487450462351,41.4795244385733
EPI_ISL_285571|Human|H7N9|2017.203|Asia|,2017.203,-589.8,43.7692646411273,2271,2271,48.3487450462351,41.4795244385733
EPI_ISL_285570|Human|H7N9|2017.197|Asia|,2017.197,-589.3,44.1215323645971,2271,2271,49.2734478203435,41.5455746367239
EPI_ISL_285569|Human|H7N9|2017.093|Asia|,2017.093,-604.1,44.1215323645971,2271,2271,48.8771466314399,41.7437252311757
EPI_ISL_285568|Human|H7N9|2017.225|Asia|,2017.225,-586.9,44.0334654337296,2271,2271,48.3487450462351,41.8758256274769
EPI_ISL_285567|Human|H7N9|2017.222|Asia|,2017.222,-589.55,44.0334654337296,2271,2271,48.7450462351387,41.6776750330251
EPI_ISL_285566|Human|H7N9|2017.238|Asia|,2017.238,-589.8,43.7692646411273,2271,2271,48.3487450462351,41.4795244385733
EPI_ISL_285565|Human|H7N9|2017.197|Asia|,2017.197,-600.1,44.1215323645971,2271,2271,49.9339498018494,41.2153236459709
EPI_ISL_285564|Human|H7N9|2017.238|Asia|,2017.238,-596.1,44.4738000880669,2271,2271,50.5944517833554,41.4134742404227
EPI_ISL_285556|Human|H7N9|2017.449|Asia|,2017.449,-587.1,44.4297666226332,2271,2271,50.5944517833554,41.3474240422721
EPI_ISL_292347|Human|H7N9|2017.397|Asia|,2017.397,-586.8,43.6811977102598,2271,2271,48.2166446499339,41.4134742404227
EPI_ISL_294203|Human|H7N9|2017.164|Asia|,2017.164,-603.4,44.2536327608983,2271,2271,50.0660501981506,41.3474240422721
EPI_ISL_295549|Human|H7N9|2017.449|Asia|,2017.449,-587.1,44.4297666226332,2271,2271,50.5944517833554,41.3474240422721
EPI_ISL_314056|Human|H7N9|2017.581|Asia|,2017.581,-600.1,42.8445618670189,2271,2271,45.1783355350066,41.6776750330251
EPI_ISL_327778|Human|H7N9|2017.162|Asia|,2017.162,-578.4,43.2408630559225,2271,2271,47.556142668428,41.0832232496698
EPI_ISL_327792|Human|H7N9|2017|Asia|,2017,-591.4,44.3758270842523,2267,2271,50.2652519893899,41.4408460013219
EPI_ISL_333972|Human|H7N9|2016.989|Asia|,2016.989,-598,44.4052863436123,2270,2271,50,41.6116248348745
EPI_ISL_333971|Human|H7N9|2016.964|Asia|,2016.964,-601.4,43.813298106561,2271,2271,48.4808454425363,41.4795244385733
EPI_ISL_338377|Human|H7N9|2017.641|Asia|,2017.641,-597.3,44.1952506596306,2274,2274,49.868073878628,41.3588390501319
EPI_ISL_339477|Human|H7N9|2017.663|Asia|,2017.663,-602.7,43.9013650374284,2271,2271,48.8771466314399,41.4134742404227
EPI_ISL_338379|Human|H7N9|2017.628|Asia|,2017.628,-595.1,44.0334654337296,2271,2271,49.669749009247,41.2153236459709
EPI_ISL_338378|Human|H7N9|2017.625|Asia|,2017.625,-592.9,44.0334654337296,2271,2271,49.669749009247,41.2153236459709
EPI_ISL_378704|Human|H7N9|2017.118|Asia|,2017.118,-598.7,44.1215323645971,2271,2271,49.1413474240423,41.6116248348745
EPI_ISL_505060|Swine|H7N9|2017.597|Asia|,2017.597,-598.6,44.1655658300308,2271,2271,49.669749009247,41.4134742404227
EPI_ISL_505059|Swine|H7N9|2017.633|Asia|,2017.633,-601,44.2095992954645,2271,2271,49.669749009247,41.4795244385733
EPI_ISL_353999|Human|H7N9|2019.252|Asia|,2019.252,-594.65,43.8573315719947,2271,2271,48.2166446499339,41.6776750330251
EPI_ISL_353998|Human|H7N9|2019.252|Asia|,2019.252,-594.65,43.8573315719947,2271,2271,48.2166446499339,41.6776750330251
EPI_ISL_353997|Human|H7N9|2019.247|Asia|,2019.247,-594.65,43.8573315719947,2271,2271,48.2166446499339,41.6776750330251
EPI_ISL_353994|Human|H7N9|2019.255|Asia|,2019.255,-598.25,43.8573315719947,2271,2271,48.2166446499339,41.6776750330251
EPI_ISL_353993|Human|H7N9|2019.252|Asia|,2019.252,-594.65,43.8573315719947,2271,2271,48.2166446499339,41.6776750330251
EPI_ISL_353992|Human|H7N9|2019.252|Asia|,2019.252,-594.65,43.8573315719947,2271,2271,48.2166446499339,41.6776750330251
EPI_ISL_353991|Human|H7N9|2019.247|Asia|,2019.247,-593.65,43.9013650374284,2271,2271,48.2166446499339,41.7437252311757
EPI_ISL_353990|Human|H7N9|2019.255|Asia|,2019.255,-594.65,43.8766519823789,2270,2271,48.2804232804233,41.6776750330251
EPI_ISL_143275|Human|H6N1|2013.345|Asia|,2013.345,-580.97,42.8445618670189,2271,2271,44.6499339498018,41.9418758256275
EPI_ISL_291111|Human|H7N4|2018.014|Asia|,2018.014,-603.7,44.3416996917657,2271,2271,49.8018494055482,41.6116248348745
EPI_ISL_376123|Human|H7N4|2018.014|Asia|,2018.014,-603.7,44.3416996917657,2271,2271,49.8018494055482,41.6116248348745
EPI_ISL_304404|Human|H5N6|2017.981|Asia|,2017.981,-602.1,43.4610303830911,2271,2271,46.8956406869221,41.7437252311757
EPI_ISL_332402|Human|H5N6|2018.847|Asia|,2018.847,-592,43.813298106561,2271,2271,46.8956406869221,42.2721268163804
EPI_ISL_332400|Human|H5N6|2018.847|Asia|,2018.847,-592,43.813298106561,2271,2271,46.8956406869221,42.2721268163804
EPI_ISL_337275|Human|H5N6|2018.847|Asia|,2018.847,-592,43.813298106561,2271,2271,46.8956406869221,42.2721268163804
EPI_ISL_337274|Human|H5N6|2018.742|Asia|,2018.742,-592.8,43.5490973139586,2271,2271,46.3672391017173,42.1400264200793
EPI_ISL_337280|Human|H5N6|2017.877|Asia|,2017.877,-589.5,43.5490973139586,2271,2271,46.4993394980185,42.0739762219287
EPI_ISL_337276|Human|H5N6|2018.814|Asia|,2018.814,-589.9,43.2848965213562,2271,2271,45.8388375165125,42.0079260237781
EPI_ISL_337273|Human|H5N6|2018.619|Asia|,2018.619,-577.4,43.0396475770925,2270,2271,44.9141347424042,42.1017845340383
EPI_ISL_368368|Human|H5N6|2018.847|Asia|,2018.847,-594.1,43.8573315719947,2271,2271,47.0277410832232,42.2721268163804
EPI_ISL_502208|Ferret|H5N6|2018.447|Asia|,2018.447,-600.5,43.5490973139586,2271,2271,46.1030383091149,42.2721268163804
EPI_ISL_502206|Ferret|H5N6|2018.644|Asia|,2018.644,-599.9,43.6563876651982,2270,2271,46.5608465608466,42.2060766182299
EPI_ISL_502205|Ferret|H5N6|2018.427|Asia|,2018.427,-605.6,43.5050638485249,2271,2271,47.0277410832232,41.7437252311757
EPI_ISL_502204|Ferret|H5N6|2018.142|Asia|,2018.142,-590.6,43.9013650374284,2271,2271,47.1598414795244,42.2721268163804
EPI_ISL_502203|Ferret|H5N6|2018.068|Asia|,2018.068,-608.6,43.6811977102598,2271,2271,47.4240422721268,41.8097754293263
EPI_ISL_502202|Ferret|H5N6|2018.025|Asia|,2018.025,-594.8,43.6123348017621,2270,2271,46.5608465608466,42.1400264200793
EPI_ISL_502201|Ferret|H5N6|2018.005|Asia|,2018.005,-605.5,43.5490973139586,2271,2271,47.1598414795244,41.7437252311757
EPI_ISL_1081369|Human|H5N6|2021.003|Asia|,2021.003,-581.8,43.32892998679,2271,2271,46.1030383091149,41.9418758256275
EPI_ISL_3090099|Human|H5N6|2021.501|Asia|,2021.501,-566.6,42.6243945398503,2271,2271,43.7252311756935,42.0739762219287
EPI_ISL_3770740|Human|H5N6|2021.532|Asia|,2021.532,-567.1,42.7124614707177,2271,2271,44.5178335535007,41.8097754293263
EPI_ISL_3770721|Human|H5N6|2021.156|Asia|,2021.156,-584.6,42.668428005284,2271,2271,44.3857331571995,41.8097754293263
EPI_ISL_7983813|Human|H5N6|2021.973|Asia|,2021.973,-579.3,42.5803610744166,2271,2271,44.2536327608983,41.7437252311757
EPI_ISL_163493|Human|H5N6|2014.301|Asia|,2014.301,-575.6,43.0647291941876,2271,2271,45.7067371202114,41.7437252311757
EPI_ISL_176841|Feline|H5N6|2015.008|Asia|,2015.008,-582.2,43.7252311756935,2271,2271,47.4240422721268,41.8758256274769
EPI_ISL_176840|Feline|H5N6|2015.008|Asia|,2015.008,-579.8,43.6811977102598,2271,2271,47.2919418758256,41.8758256274769
EPI_ISL_178262|Human|H5N6|2015.096|Asia|,2015.096,-584.3,43.8573315719947,2271,2271,48.8771466314399,41.3474240422721
EPI_ISL_178261|Human|H5N6|2015.099|Asia|,2015.099,-584.3,43.8573315719947,2271,2271,48.8771466314399,41.3474240422721
EPI_ISL_177761|Feline|H5N6|2014.332|Asia|,2014.332,-575.6,43.0647291941876,2271,2271,45.7067371202114,41.7437252311757
EPI_ISL_175335|Human|H5N6|2014.942|Asia|,2014.942,-580.7,43.5050638485249,2271,2271,46.6314398943197,41.9418758256275
EPI_ISL_195294|Human|H5N6|2015.099|Asia|,2015.099,-594,44.0334654337296,2271,2271,49.1413474240423,41.4795244385733
EPI_ISL_196100|Swine|H5N6|2014.46|Asia|,2014.46,-587,43.6811977102598,2271,2271,47.0277410832232,42.0079260237781
EPI_ISL_196101|Swine|H5N6|2014.46|Asia|,2014.46,-579.2,43.5931307793923,2271,2271,46.7635402906209,42.0079260237781
EPI_ISL_200838|Human|H5N6|2015.521|Asia|,2015.521,-591,44.0334654337296,2271,2271,49.2734478203435,41.4134742404227
EPI_ISL_200837|Human|H5N6|2015.11|Asia|,2015.11,-584.3,43.8573315719947,2271,2271,48.8771466314399,41.3474240422721
EPI_ISL_205503|Human|H5N6|2015.992|Asia|,2015.992,-587.6,44.4738000880669,2271,2271,50.8586525759577,41.2813738441215
EPI_ISL_205313|Human|H5N6|2015.989|Asia|,2015.989,-587.6,44.4738000880669,2271,2271,50.8586525759577,41.2813738441215
EPI_ISL_206036|Human|H5N6|2016.016|Asia|,2016.016,-590.1,44.2536327608983,2271,2271,49.5376486129458,41.6116248348745
EPI_ISL_206569|Human|H5N6|2015.997|Asia|,2015.997,-581.4,43.6371642448261,2271,2271,46.8956406869221,42.0079260237781
EPI_ISL_206568|Human|H5N6|2015.989|Asia|,2015.989,-586.1,44.5178335535007,2271,2271,50.8586525759577,41.3474240422721
EPI_ISL_207051|Human|H5N6|2016.014|Asia|,2016.014,-585.1,44.2290748898678,2270,2271,49.4708994708995,41.6116248348745
EPI_ISL_207048|Human|H5N6|2016.038|Asia|,2016.038,-599.1,44.3416996917657,2271,2271,50.0660501981506,41.4795244385733
EPI_ISL_217025|Human|H5N6|2014.145|Asia|,2014.145,-576.3,43.5490973139586,2271,2271,46.4993394980185,42.0739762219287
EPI_ISL_219828|Human|H5N6|2014.959|Asia|,2014.959,-580.7,43.5050638485249,2271,2271,46.6314398943197,41.9418758256275
EPI_ISL_221721|Feline|H5N6|2015.033|Asia|,2015.033,-582.2,43.7252311756935,2271,2271,47.4240422721268,41.8758256274769
EPI_ISL_221720|Feline|H5N6|2015.033|Asia|,2015.033,-579.8,43.6811977102598,2271,2271,47.2919418758256,41.8758256274769
EPI_ISL_266596|Swine|H5N6|2015.23|Asia|,2015.23,-582.2,43.4169969176574,2271,2271,46.2351387054161,42.0079260237781
EPI_ISL_278205|Feline|H5N6|2016.03|Asia|,2016.03,-592.4,44.297666226332,2271,2271,49.8018494055482,41.5455746367239
EPI_ISL_278204|Feline|H5N6|2016.03|Asia|,2016.03,-595.1,44.4297666226332,2271,2271,50.4623513870542,41.4134742404227
EPI_ISL_240704|Human|H5N6|2016.896|Asia|,2016.896,-573.9,42.8885953324527,2271,2271,45.1783355350066,41.7437252311757
EPI_ISL_240703|Human|H5N6|2016.88|Asia|,2016.88,-597.37,43.4801762114537,2270,2271,46.4285714285714,42.0079260237781
EPI_ISL_256213|Human|H5N6|2016.287|Asia|,2016.287,-598.25,43.9453985028622,2271,2271,48.2166446499339,41.8097754293263
EPI_ISL_284651|Human|H5N6|2016.325|Asia|,2016.325,-590.44,44.1215323645971,2271,2271,49.669749009247,41.3474240422721
EPI_ISL_284650|Human|H5N6|2016.323|Asia|,2016.323,-590.44,44.1215323645971,2271,2271,49.669749009247,41.3474240422721
EPI_ISL_340796|Human|H5N6|2017.745|Asia|,2017.745,-592.8,43.5490973139586,2271,2271,46.3672391017173,42.1400264200793
EPI_ISL_718225|Human|H5N6|2020.899|Asia|,2020.899,-609.7,44.1215323645971,2271,2271,48.3487450462351,42.0079260237781
EPI_ISL_718266|Human|H5N6|2020.907|Asia|,2020.907,-609.7,44.1215323645971,2271,2271,48.3487450462351,42.0079260237781
EPI_ISL_1081370|Human|H5N6|2020.973|Asia|,2020.973,-580,42.9766622633201,2271,2271,45.1783355350066,41.8758256274769
EPI_ISL_2379892|Human|H10N3|2021.321|Asia|,2021.321,-608.5,43.9894319682959,2271,2271,48.4808454425363,41.7437252311757
EPI_ISL_2380100|Human|H10N3|2021.321|Asia|,2021.321,-608.5,43.9894319682959,2271,2271,48.4808454425363,41.7437252311757
EPI_ISL_4804850|Seal|H5N8|2021.619|Europe|,2021.619,-612,43.6811977102598,2271,2271,47.6882430647292,41.6776750330251
EPI_ISL_4805936|Seal|H5N8|2021.63|Europe|,2021.63,-608.7,43.7252311756935,2271,2271,47.6882430647292,41.7437252311757
EPI_ISL_4805852|Seal|H5N8|2021.627|Europe|,2021.627,-599.3,43.7252311756935,2271,2271,47.8203434610304,41.6776750330251
EPI_ISL_322984|Seal|H5N8|2016.904|Europe|,2016.904,-605.5,43.7252311756935,2271,2271,47.556142668428,41.8097754293263
EPI_ISL_1038924|Human|H5N8|2020.945|Europe|,2020.945,-614.17,43.8573315719947,2271,2271,48.0845442536328,41.7437252311757
EPI_ISL_2081528|Seal|H5N8|2020.934|Europe|,2020.934,-607.3,43.9013650374284,2271,2271,48.0845442536328,41.8097754293263
EPI_ISL_2081527|Canine|H5N8|2020.934|Europe|,2020.934,-609.3,43.8573315719947,2271,2271,48.0845442536328,41.7437252311757
EPI_ISL_152846|Human|H10N8|2013.923|Asia|,2013.923,-592,44.2095992954645,2271,2271,49.1413474240423,41.7437252311757
EPI_ISL_162062|Human|H10N8|2014.019|Asia|,2014.019,-592.7,44.2095992954645,2271,2271,49.2734478203435,41.6776750330251
EPI_ISL_162076|Human|H10N8|2013.929|Asia|,2013.929,-592,44.2095992954645,2271,2271,49.1413474240423,41.7437252311757
EPI_ISL_162075|Human|H10N8|2013.923|Asia|,2013.923,-592,44.2095992954645,2271,2271,49.1413474240423,41.7437252311757
EPI_ISL_166971|Seal|H10N7|2014.764|Europe|,2014.764,-591.3,44.1215323645971,2271,2271,49.4055482166447,41.4795244385733
EPI_ISL_167226|Seal|H10N7|2014.288|Europe|,2014.288,-591.8,44.1655658300308,2271,2271,49.4055482166447,41.5455746367239
EPI_ISL_170566|Seal|H10N7|2014.764|Europe|,2014.764,-591.3,44.1215323645971,2271,2271,49.4055482166447,41.4795244385733
